app_id,app_name,sentiment,review_original,review_tokenized,timestamp
253230,A Hat in Time,positive,오호홍 좋아용,오호 홍 좋아용,2021-01-15 22:54:32
253230,A Hat in Time,positive,모자른 애를 모자로 모자른애 잡는게임.,모 자른 애 를 모자 로 모 자른 애 잡는 게임 .,2021-01-15 17:00:32
253230,A Hat in Time,positive,너무너무너무너무좋아요,너무 너무 너무 너무 좋아요,2021-01-14 21:47:04
253230,A Hat in Time,positive,나를 동심으로 돌아가게 해준 게임 가끔 걸리는 버그 빼면 어릴적 했던 마리오 64 DS가 생각나는 게임,나를 동심 으로 돌아가게 해준 게임 가끔 걸리는 버그 빼면 어릴 적 했던 마리오 64 DS 가 생각나는 게임,2021-01-14 14:28:24
253230,A Hat in Time,positive,진짜 즐겁게 할 수 있는 게임,진짜 즐겁게 할 수 있는 게임,2021-01-14 12:40:05
253230,A Hat in Time,positive,힐링은 원하지만 너무 잔잔하기만한 힐링물은 실증날때 아니면 귀여운 딸 한명이 있으면 좋겠다 생각하실때 플레이 하시면 모든걸 최상위로 만족시켜줍니다. 게임플레이에는 어려운건 전혀없고 컨트롤도 다쉬운편이라 막히는 구간은 전혀없어서 따분할꺼라고 생각하실수도 있지만 그래도 난이도가 올라가수록 적당하게 오르는 난이도와 여러맵을 탐험하면서 순차적으로 얻을수 있는 여러 스킬들로 충분한 모험적 스릴을 얻을수 있습니다. 또 귀여운 모자걸로 다른 부족한 모든걸 만족시켜줍니다! 내딸 최고!,힐링 은 원하지만 너무 잔잔하 기만 한 힐링 물 은 실증 날때 아니면 귀여운 딸 한 명 이 있으면 좋겠다 생각 하실 때 플레이 하시면 모든 걸 최상 위로 만족 시켜 줍니다 . 게임 플레이 에는 어려운건 전혀 없고 컨트롤 도 다 쉬운 편이 라 막히는 구간 은 전혀 없어서 따분할꺼라고 생각 하실수도 있지만 그래도 난이도 가 올라가수록 적당하게 오르는 난이도 와 여러 맵 을 탐험 하면서 순차 적 으로 얻을수 있는 여러 스킬 들 로 충분한 모험 적 스릴 을 얻을수 있습니다 . 또 귀여운 모자 걸 로 다른 부족한 모든 걸 만족 시켜 줍니다 ! 내딸 최고 !,2021-01-13 22:04:05
253230,A Hat in Time,positive,귀여운 loli를 조종해서 시간조각을 모으자 ^^,귀여운 loli 를 조종 해서 시간 조각 을 모으자 ^^,2021-01-11 15:16:30
253230,A Hat in Time,positive,dlc 더 풀어주세요 ㅠ,dlc 더 풀어주세요 ㅠ,2021-01-09 23:00:37
253230,A Hat in Time,positive,햇키드 귀여워..,햇 키드 귀여워 ..,2021-01-09 00:05:51
253230,A Hat in Time,positive,스토리는 별거 없지만 기발한 상상력에 매력있는 캐릭터가 게임을 끝내고 난 후 큰 여운을 남겨준다,스토리 는 별거 없지만 기발한 상상력 에 매력 있는 캐릭터 가 게임 을 끝내고 난 후 큰 여운 을 남겨 준다,2021-01-08 19:36:14
253230,A Hat in Time,positive,히토미 꺼라,히토미 꺼라,2021-01-08 05:37:46
253230,A Hat in Time,positive,"내 인생게임이고,너무 재미있어서 2일차만에 엔딩","내 인생게임 이고 , 너무 재미있어서 2일 차만에 엔딩",2021-01-07 23:02:57
253230,A Hat in Time,positive,갓-겜,갓 - 겜,2021-01-07 18:41:11
253230,A Hat in Time,positive,갓겜이다..,갓 겜 이다 ..,2021-01-07 15:50:14
253230,A Hat in Time,positive,슈퍼마리오갤럭시 느낌나면서 재밌었음,슈퍼마리오 갤럭시 느낌나면서 재밌었음,2021-01-07 00:06:53
253230,A Hat in Time,positive,브금 개좋음,브금 개 좋음,2021-01-06 01:29:17
253230,A Hat in Time,positive,아직 안해본사람있으면 인생 절반 손해봤다고 말할수있음 진짜 그정도로 갓겜이고 플탐이 DLC빼면 (본인기준 시간균열까지만 올클 유물 다못모음) 20시간이내로 짧은게 너무나 아쉽지만 DLC와 창작마당에있는 모드까지 깔아서 하면 눈물 콧물 다 빼먹으면서 할수있음 진짜 할인할때 꼭 DLC까지 같이사셈 냐쿠자 메트로 진짜 재밌음 안하면 삽오바,아직 안 해본 사람 있으면 인생 절반 손 해봤다고 말 할수있음 진짜 그 정도 로 갓 겜 이고 플 탐이 DLC 빼면 ( 본인 기준 시간 균열 까지만 올 클 유물 다 못 모음 ) 20시간 이내로 짧은게 너무나 아쉽지만 DLC 와 창작 마당 에 있는 모드 까지 깔아서 하면 눈물 콧물 다 빼먹으면서 할수있음 진짜 할인 할 때 꼭 DLC 까지 같이 사셈 냐쿠자 메트로 진짜 재밌음 안 하면 삽오 바,2021-01-05 23:38:37
253230,A Hat in Time,positive,모자걸 기여어ㅓㅓ,모자 걸 기여 어 ㅓㅓ,2021-01-05 20:01:10
253230,A Hat in Time,positive,마리오 64 했던 사람들은 이겜 해보면 그때의 향수를 느낄수있다 대신 컴 안좋으면 컴부터 사라..,마리오 64 했던 사람 들 은 이 겜 해보면 그때 의 향수 를 느낄수있다 대신 컴 안좋으면 컴 부터 사라 ..,2021-01-05 01:55:38
253230,A Hat in Time,positive,개재밌음,개 재밌음,2021-01-04 04:43:18
253230,A Hat in Time,positive,본편만 했을때 플레이타임이 좀 짧은 감이있습니다 겜 자체는 정말 재미있는데 프레임드랍이랑 dlc안사면 스토리가 짧은게 조금 아쉬웟어요,본 편 만 했을 때 플레이 타임 이 좀 짧은 감이있습니다 겜 자체 는 정말 재미있는데 프레임 드랍 이랑 dlc 안사면 스토리 가 짧은게 조금 아쉬 웟 어 요,2021-01-03 19:46:24
253230,A Hat in Time,positive,순수하게 재미있게,순수하게 재미있게,2021-01-02 21:48:21
253230,A Hat in Time,positive,귀가없네요,귀가 없네요,2021-01-02 14:50:46
253230,A Hat in Time,positive,"통칭 ""모자걸"" 게임 자체는 초심자라도 즐길 정도의 난이도를 구비하고 있음. 실더딜 DLC는 본편보다 조금 더 어려운 난이도와 ""어 햇인 다크소울""인 데스위시가 포함됨. (보조모드, 평화와 안정으로 쉽게 올클리어 가능) 냐쿠자 DLC는 온라인 파티 기능 덕에 가격 뻥튀기가 된 감이 있는데, peck 서버에서 하는 것을 추천. 온라인 파티는 협동 개념이 아닌 경쟁 구도라는 걸 알아둘 것.","통칭 "" 모자 걸 "" 게임 자체 는 초심자 라도 즐길 정도 의 난이도 를 구비 하고 있음 . 실 더딜 DLC 는 본 편 보다 조금 더 어려운 난이도 와 "" 어 햇 인 다크 소울 "" 인 데스 위시 가 포함 됨 . ( 보조 모드 , 평화 와 안정 으로 쉽게 올 클리어 가능 ) 냐쿠자 DLC 는 온라인 파티 기능 덕 에 가격 뻥튀기 가 된 감 이 있는데 , peck 서버 에서 하는 것 을 추천 . 온라인 파티 는 협동 개념 이 아닌 경쟁 구도 라는 걸 알 아 둘 것 .",2021-01-02 03:38:11
253230,A Hat in Time,positive,예스잼,예스 잼,2021-01-01 22:43:14
253230,A Hat in Time,positive,친절한 슈퍼마리오 64 모자걸 귀여웡!,친절한 슈퍼마리오 64 모자 걸 귀여웡 !,2020-12-31 21:21:27
253230,A Hat in Time,positive,""" 진짜 모험 """,""" 진짜 모험 """,2020-12-31 19:56:29
253230,A Hat in Time,positive,잼민이 시절 게임을 향한 순수한 애정을 다시 느끼게 해주는 고마운 게임 진짜 재미있네요.. 긴 말이 필요없네요 하세요!,잼민 이 시절 게임 을 향 한 순수한 애정 을 다시 느끼게 해주는 고마운 게임 진짜 재미있네요 .. 긴 말 이 필요없네요 하세요 !,2020-12-30 22:28:23
253230,A Hat in Time,positive,"개인적으로 마리오 오딧세이, 슈마메2 보다 더 재밌게 플레이 했던 것 같습니다. 캐릭터 컨트롤 감은 캐쥬얼 하고, 컨트롤 기술 익히는것 또한 쉽습니다. 온라인을 지원하여 최대 30명 까지 같이 플레이가 된다는 것도 장점이고, 워크샵을 지원하여 다른 모드를 적용하여 플레이 가능합니다. 메인스토리만 다 깰 경우의 플탐은 생각보다 짧다고 느껴지며, 구매 의사가 있으실 경우 세일을 노리시는게 좋을 듯 합니다. 최근에 플레이 했던 게임들중 재밌게 플레이하여 추천 드리고 싶은 게임이며, 제 인생 게임이 되어버린 게임중 하나 입니다.","개인 적 으로 마리오 오딧세이 , 슈 마메 2 보다 더 재밌게 플레이 했던 것 같습니다 . 캐릭터 컨트롤 감은 캐 쥬얼 하고 , 컨트롤 기술 익히는것 또한 쉽습니다 . 온라인 을 지원 하여 최대 30 명 까지 같이 플레이 가 된다는 것 도 장점 이고 , 워크샵 을 지원 하여 다른 모드 를 적용 하여 플레이 가능합니다 . 메인 스토리 만 다 깰 경우 의 플 탐은 생각 보다 짧다고 느껴지며 , 구매 의사 가 있으실 경우 세 일 을 노리시는게 좋을 듯 합니다 . 최근 에 플레이 했던 게임 들 중 재밌게 플레이 하여 추천 드리고 싶은 게임 이며 , 제 인생 게임 이 되어 버린 게임 중 하나 입니다 .",2020-12-30 22:21:04
253230,A Hat in Time,positive,이게 게임이지 ㄹㅇㅋㅋ,이 게 게임 이지 ㄹㅇㅋㅋ,2020-12-30 21:47:14
253230,A Hat in Time,positive,presto!,presto !,2020-12-30 14:47:59
253230,A Hat in Time,positive,정말 오랜만에 즐긴 3D 플랫폼 게임 입니다 모자 걸 너무 커엽습니다,정말 오랜 만 에 즐긴 3 D 플랫폼 게임 입니다 모자 걸 너무 커엽습니 다,2020-12-29 22:27:34
253230,A Hat in Time,positive,모자걸 바지가 살색...이건 좀 꼴리네요 근하하하하! 팡파레~,모자 걸 바지 가 살색 ... 이건 좀 꼴리네요 근 하하 하하 ! 팡파레 ~,2020-12-29 02:14:43
253230,A Hat in Time,positive,"이런 종류의 게임 정말 좋아해서 진짜 재밌게 하고 있습니다. 주인공도 완전 귀여워요 ^^ 근데 조작은 살짝 불편한 점이 있네요. 벽면에 붙는 모션은 벽에 다가가면 무조건 붙어버리니까, 잘못 컨트롤 했다가는 벽에 붙었다 반대로 점프해서 기껏 힘들게 올라왔는데 쭈욱 떨어지는.. 그런 불상사가 자주 발생해버립니다. 아주 자주...","이런 종류 의 게임 정말 좋아해서 진짜 재밌게 하고 있습니다 . 주인공 도 완전 귀여워요 ^^ 근데 조작 은 살짝 불편한 점 이 있네요 . 벽면 에 붙는 모션 은 벽 에 다가가면 무조건 붙어 버리니까 , 잘못 컨트롤 했다가는 벽 에 붙었다 반대 로 점프 해서 기껏 힘들게 올라왔는데 쭈욱 떨어지는 .. 그런 불상 사가 자주 발생 해 버립니다 . 아주 자주 ...",2020-12-29 00:05:53
253230,A Hat in Time,positive,요새 스팀에서 할게임 없었는데 간만에 시간잡고 했어요 너무 재밌는듯 꼭 하세여,요새 스팀 에서 할 게임 없었는데 간만 에 시간 잡고 했어요 너무 재밌는듯 꼭 하세여,2020-12-28 19:12:50
253230,A Hat in Time,positive,"귀여움을 위해 본편을 실력 향상을 위해 데스위시를 힙한 스킨과 인싸짓을 위해 냐쿠자를 구매하시면 됩니다. 창작마당을 통해 개성있는 모자, 뱃지, 맵들까지 즐기실 수 있습니다. 본편 20시간, dlc 2개 20시간 걸렸습니다. 모드와 멀티는 아직도 즐길게 많네요.","귀 여 움 을 위해 본 편 을 실력 향상 을 위해 데스 위시 를 힙 한 스킨 과 인 싸 짓 을 위해 냐쿠자 를 구매 하시면 됩니다 . 창작 마당 을 통해 개성 있는 모자 , 뱃지 , 맵 들 까지 즐기실 수 있습니다 . 본 편 20시간 , dlc 2 개 20시간 걸렸습니다 . 모드 와 멀티 는 아직도 즐길게 많네요 .",2020-12-27 22:55:18
253230,A Hat in Time,positive,👍👍,👍👍,2020-12-27 18:28:50
253230,A Hat in Time,positive,갓겜,갓 겜,2020-12-27 16:30:11
253230,A Hat in Time,positive,리런,리런,2020-12-27 04:11:05
253230,A Hat in Time,positive,마리오 64 플레이했던 시절의 동심으로 돌아간다.. 갓겜이다 꼭해라,마리오 64 플레이 했던 시절 의 동심 으로 돌아간다 .. 갓 겜 이다 꼭 해라,2020-12-26 23:43:59
253230,A Hat in Time,positive,아 존나 재밌습니다,아 존나 재밌습니다,2020-12-26 20:16:17
253230,A Hat in Time,positive,재밌농,재밌 농,2020-12-26 13:49:29
253230,A Hat in Time,positive,"게임을 하는 이유를 잊고 있었던 우리들에게, 작은 행복을 가져다주는 작품.","게임 을 하는 이유 를 잊고 있었던 우리 들 에게 , 작은 행복 을 가져다주는 작품 .",2020-12-26 02:50:20
253230,A Hat in Time,positive,어려운것도 있지만 매우 재미가 있고 캐릭터자체가 매우 매우귀엽고 스토리도 나쁘지 않습니다. 마리오같은 느낌이있어서 할만합니다. 다만 처음하는 사람들에게는 다소 어려울수도 있습니다.,어려운것도 있지만 매우 재미 가 있고 캐릭터 자체 가 매우 매우 귀엽고 스토리 도 나쁘지 않습니다 . 마리오 같은 느낌이있어서 할만 합니다 . 다만 처음 하는 사람 들 에게는 다소 어려울수도 있습니다 .,2020-12-26 01:24:32
253230,A Hat in Time,positive,절대 후회 안함,절대 후회 안함,2020-12-24 23:57:50
253230,A Hat in Time,positive,잼잇음,잼 잇음,2020-12-24 16:09:05
253230,A Hat in Time,positive,개적화빼곤 다 좋았음,개 적 화 빼곤 다 좋았음,2020-12-24 15:55:49
253230,A Hat in Time,positive,프잉!,프잉 !,2020-12-23 00:45:36
253230,A Hat in Time,positive,개추 돈값하는 게임 like 슈퍼마리오 갤럭시,개추 돈값 하 는 게임 like 슈퍼마리오 갤럭시,2020-12-21 17:38:39
253230,A Hat in Time,positive,갓겜,갓 겜,2020-12-20 16:51:55
253230,A Hat in Time,positive,모자걸은 개추,모자 걸은 개추,2020-12-18 13:13:43
253230,A Hat in Time,positive,진짜 최고,진짜 최고,2020-12-15 22:19:12
253230,A Hat in Time,positive,즐거운 테마파크,즐거운 테마 파크,2020-12-14 02:25:43
253230,A Hat in Time,positive,아오 누가 쉽댔냐 ㅡㅡ 근데 멀미 죽을거 가탱,아오 누가 쉽 댔냐 ㅡㅡ 근데 멀미 죽을거 가 탱,2020-12-14 00:03:41
253230,A Hat in Time,positive,힐링게임 좋아용,힐링 게임 좋아용,2020-12-13 15:21:44
253230,A Hat in Time,positive,"게임 개발 펀딩의 좋은 예 ""갓겜""","게임 개발 펀딩 의 좋은 예 "" 갓 겜 """,2020-12-13 06:36:19
253230,A Hat in Time,positive,1챕의 완벽함을 다른챕이 못버티는느낌 그래도 충분히 너무너무 재밌다 브금도 짱짱짱ㅇ,1 챕의 완벽함을 다른 챕이 못 버티는 느낌 그래도 충분히 너무 너무 재밌다 브금 도 짱 짱짱 ㅇ,2020-12-12 13:41:59
253230,A Hat in Time,positive,"I would recommend this game for impressive art and soundtracks. However, you've lost some Basics. Movement is slippery, hard to land on small balloons or ropes because a third-person view blocks a player's sight. Also, the camera is shit so it keeps coming only close toward Hat Kid - so I can't","I would recommend this game for impressive art and soundtracks . However , you ' ve lost some Basics . Movement is slippery , hard to land on small balloons or ropes because a third - person view blocks a player ' s sight . Also , the camera is shit so it keeps coming only close toward Hat Kid - so I can ' t",2020-12-11 16:33:01
253230,A Hat in Time,positive,제발 최소사양에 그래픽카드좀 적어줘라 최소사양에 안 적혀있길래 그냥 샀다가 30프레임도 안나온다,제발 최소 사양 에 그래픽카드 좀 적어줘라 최소 사양 에 안 적혀있길래 그냥 샀다가 30 프레임 도 안 나온다,2020-12-10 17:13:35
253230,A Hat in Time,positive,모자걸이 너무 귀엽다. 레벨 밸런싱의 경우 꽤 잘 만든 편. 조작감이 조금 아쉽네요. 키마라서 더 그렇게 느껴진 걸지도.,모자 걸이 너무 귀엽다 . 레벨 밸런싱 의 경우 꽤 잘 만든 편 . 조 작 감 이 조금 아쉽네요 . 키마 라서 더 그렇게 느껴진 걸지도 .,2020-12-09 18:33:25
253230,A Hat in Time,positive,"마리오 3d 시리즈들을 하면서 자랐기에 많은 부분이 마리오 3d 시리즈들과 비슷한 'A Hat in Time'은 굉장히 친숙하게 다가왔다. 흔한 마리오 플랫포머 아류작인가 싶었지만 많은 부분들이 차별화 되어있고 현세대 작품인 오디세이와 비교해도 동등하거나 그 이상인 부분도 있는 수작이다. ㅡㅡㅡㅡㅡㅡㅡㅡㅡㅡㅡㅡㅡㅡㅡㅡㅡㅡㅡㅡㅡㅡㅡㅡㅡ 잘 짜여진 세계관 '어 햇 인 타임'의 가장 큰 매력을 고르자면 등장인물들의 아기자기한 캐릭터성과 미국 만화영화같은 컨셉트라 생각한다. 주인공의 행동, 디테일을 살린 문구들, 특징을 잘 잡은 등장","마리오 3 d 시리즈 들 을 하면서 자랐기에 많은 부분 이 마리오 3 d 시리즈 들 과 비슷한 ' A Hat in Time ' 은 굉장히 친숙하게 다가왔다 . 흔한 마리오 플랫포머 아 류작 인가 싶었지만 많은 부분 들 이 차별 화 되어있고 현 세대 작품 인 오디세이 와 비교 해도 동등 하 거나 그 이상인 부분 도 있는 수작 이다 . ㅡㅡㅡㅡㅡㅡㅡㅡㅡㅡㅡㅡㅡㅡㅡㅡㅡㅡㅡㅡㅡㅡㅡㅡㅡ 잘 짜여진 세계관 ' 어 햇 인 타임 ' 의 가장 큰 매력 을 고르자면 등장인물 들 의 아기자기한 캐릭터 성과 미국 만화영화 같은 컨셉트 라 생각 한다 . 주인공 의 행동 , 디테일 을 살린 문구 들 , 특징 을 잘 잡은 등장",2020-12-08 22:04:52
253230,A Hat in Time,positive,게갓갬,게갓 갬,2020-12-08 08:20:13
253230,A Hat in Time,positive,정말 재미있게 했어요 오랜만에 시간 가는 줄 모르고 게임했습니다 DLC 더 많이 나왔으면 좋겠네요.,정말 재미있게 했어요 오랜 만 에 시간 가는 줄 모르고 게임 했습니다 DLC 더 많이 나왔으면 좋겠네요 .,2020-12-07 19:59:04
253230,A Hat in Time,positive,압도적인 재미,압도 적 인 재미,2020-12-06 19:57:58
253230,A Hat in Time,positive,인생게임,인생게임,2020-12-05 04:49:36
253230,A Hat in Time,positive,일반판-모자걸은 날아 히히 데스 위시-모자걸은 못날아 히히,일반 판 - 모자 걸은 날 아 히 히 데스 위시 - 모자 걸은 못 날아 히 히,2020-12-04 15:15:35
253230,A Hat in Time,positive,3줄 요약 [spoiler] 1~2챕터는 ㅅㅌㅊ 3챕터는 공포겜 4챕터는 오픈월드겜,3 줄 요약 [ spoiler ] 1~2 챕 터 는 ㅅㅌㅊ 3 챕 터 는 공포 겜 4 챕 터 는 오픈월드 겜,2020-12-03 02:33:59
253230,A Hat in Time,positive,재밋네요,재밋네 요,2020-12-02 03:39:50
253230,A Hat in Time,positive,리런,리런,2020-12-01 21:25:11
253230,A Hat in Time,positive,갓겜 모자걸입니다. 왜 갓겜인지는 그냥 플레이하세요,갓 겜 모자 걸 입니다 . 왜 갓 겜 인 지는 그냥 플레이 하세요,2020-12-01 20:53:10
253230,A Hat in Time,positive,모자걸 귀여움만으로도 살 가치는 충분한데 게임마저 개재밌음.,모자 걸 귀 여 움 만으로도 살 가치 는 충분한데 게임 마저 개 재밌음 .,2020-12-01 16:13:49
253230,A Hat in Time,positive,우리 모자걸은 제육볶음 잘하나?,우리 모자 걸은 제육 볶음 잘하나 ?,2020-12-01 00:48:16
253230,A Hat in Time,positive,아기자기하고 재밌어요. 슈퍼마리오64랑 비슷하다고 들었는데 약간 젤다 느낌도 나고 암튼 그래요,아기자기하고 재밌어요 . 슈퍼마리오 64 랑 비슷하다고 들었는데 약간 젤다 느낌 도 나고 암튼 그래요,2020-12-01 00:36:24
253230,A Hat in Time,positive,친구에게 선물받아 플레이했습니다! 너무 재미있게 해서 친구에게도 개발자분들께도 감사합니다. 장단점 몇가지를 간단히 적어볼게요. 장점 1. 일단 그냥 재미있다. 웰메이드 플랫포머 게임. 2. 각 act의 컨셉이나 구성이 다양하고 각종 패러디나 드립리 난무하여 심심할 틈이 없다. 3. 모자걸(주인공)이 귀엽고 게임이 아기자기하다. 단점 1. 의외로 고사양을 요구한다. (플레이 하다보면 팬이 미친듯이 돌아감) 2. 그래픽이 좋냐고 물어본다면 보통이다. 3. 네비게이션이 잘못되어 길을 많이 헤맬 때가 있다. 아무튼 잘 만든 게임이니,친구 에게 선물 받아 플레이 했습니다 ! 너무 재미있게 해서 친구 에게도 개발자 분들 께 도 감사합니다 . 장단점 몇 가지 를 간단히 적어 볼게요 . 장점 1 . 일단 그냥 재미있다 . 웰 메이드 플랫포머 게임 . 2 . 각 act 의 컨셉 이나 구성 이 다양하고 각종 패러디 나 드립리 난무 하여 심심할 틈 이 없다 . 3 . 모자 걸 ( 주인공 ) 이 귀엽고 게임 이 아기자기하다 . 단점 1 . 의외로 고 사양 을 요구 한 다 . ( 플레이 하다 보면 팬 이 미친듯이 돌아감 ) 2 . 그래픽 이 좋냐고 물어본다면 보통 이다 . 3 . 네비게이션 이 잘 못 되어 길 을 많이 헤맬 때 가 있다 . 아무튼 잘 만든 게임 이니,2020-11-30 11:51:07
253230,A Hat in Time,positive,아기자기하고 퍼즐이 재밋었네요 ....데스위시는 정말 극악이더군요....ㅂㄷㅂㄷ,아기자기하고 퍼즐 이 재밋었네 요 .... 데스 위시 는 정말 극악 이 더군요 .... ㅂㄷㅂㄷ,2020-11-30 00:47:48
253230,A Hat in Time,positive,"개인적으로 정말 재미있게 플레이 한 게임 입니다. 평소 하던 게임이라고 fps만 하다가 이렇게 힐링 되는 게임을 해보니 정말 재밌게 느낄 수 밖에 없던 것 같습니다. 원하는 곳을 돌아다니며 해당 챕터에 떨어저 있는 모래시계를 얻으러 가는 형식으로 되어 있습니다. 가볍게 점프하며 탐험 하는 플레이 방식이 단조로울 수도 있지만 모자에 따라서 다른 능력을 사용 할수 있다는게 이 게임만의 특징인것 같습니다. 게임을 경쟁 하면서 하는게 아닌, 그냥 즐겁게 '플레이' 하고 싶으신 게이머 하면 추천 드립니다. 3줄 넘어가면 읽지 않는 당신을","개인 적 으로 정말 재미있게 플레이 한 게임 입니다 . 평소 하던 게임 이라고 fps 만 하다가 이렇게 힐링 되는 게임 을 해보니 정말 재밌게 느낄 수 밖에 없던 것 같습니다 . 원하는 곳 을 돌아다니며 해당 챕 터 에 떨어 저 있는 모래시계 를 얻으러 가는 형식 으로 되어 있습니다 . 가볍게 점프 하며 탐험 하는 플레이 방식 이 단조로울 수도 있지만 모자 에 따라서 다른 능력 을 사용 할수 있다는게 이 게임 만의 특징 인 것 같습니다 . 게임 을 경쟁 하면서 하는게 아닌 , 그냥 즐겁게 ' 플레이 ' 하고 싶으신 게이머 하면 추천 드립니다 . 3 줄 넘어가면 읽지 않는 당신 을",2020-11-29 22:10:00
253230,A Hat in Time,positive,데스위시 미친놈들아,데스 위시 미친 놈 들 아,2020-11-29 02:44:04
253230,A Hat in Time,positive,모자걸 커엽,모자 걸 커엽,2020-11-28 23:42:28
253230,A Hat in Time,positive,리모트 플레이로 멀티 하면 재미가 두 배!,리 모트 플레이 로 멀티 하면 재미 가 두 배 !,2020-11-28 18:30:06
253230,A Hat in Time,positive,"최고의 게임이 뭐냐고 물으면 주저없이 마리오 64라고 외칠 나에게 그를 떠올리게 하는 모자걸은 더없이 즐거운 게임. 좀 짧은 볼륨이나 챕터가 끊기는 구성, 카메라 등의 단점이 보이긴 했지만 역으로 이런 단점들이 너무나 아쉽게 보일 정도로 즐거웠다. 이게 인디게임이라고? 허미","최고 의 게임 이 뭐 냐 고 물으면 주저 없이 마리오 64 라고 외칠 나 에게 그 를 떠올리게 하는 모자 걸은 더없이 즐거운 게임 . 좀 짧은 볼륨 이나 챕 터 가 끊기는 구성 , 카메라 등 의 단점 이 보이긴 했지만 역 으로 이런 단점 들 이 너무나 아쉽게 보일 정도 로 즐거웠다 . 이 게 인디 게임 이라고 ? 허 미",2020-11-28 13:40:48
253230,A Hat in Time,positive,물범인가한테 꼬 추박고십다,물범 인가 한테 꼬 추 박고십다,2020-11-26 23:59:00
253230,A Hat in Time,positive,Peace and Tranquility,Peace and Tranquility,2020-11-26 21:15:41
253230,A Hat in Time,positive,ㅎㅎ,ㅎㅎ,2020-11-26 19:08:55
253230,A Hat in Time,positive,오랜만에 어린시절처럼 순수하게 즐겼던 게임,오랜 만 에 어린시절 처럼 순수하게 즐겼던 게임,2020-11-26 09:13:43
253230,A Hat in Time,positive,모든걸 다 갖춘 최고의 게임!,모든 걸 다 갖춘 최고 의 게임 !,2020-11-25 12:15:56
253230,A Hat in Time,positive,힐링겜,힐링 겜,2020-11-22 00:47:58
253230,A Hat in Time,positive,갓겜 3D 플랫포머의 정석,갓 겜 3 D 플랫포머 의 정석,2020-11-21 21:29:10
253230,A Hat in Time,positive,"플랫포머 게임은 잘 못하지만, 기본 난이도가 그렇게 어렵지는 않고 계속 실패시 난이도 조절이 들어와서 무난하게 할 수 있었다. 모자걸이 귀엽고 수집할 수 있는 의상과 모자들도 귀엽다. 살짝 선을 넘은 마지막 미션을 제외하면, 스테이지마다 컨셉과 캐릭터, 플레이 방식 등이 개성적이고 매력 있어서 질리지 않고 할 수 있었다.","플랫포머 게임 은 잘 못 하지만 , 기본 난이도 가 그렇게 어렵지는 않고 계속 실패 시 난이도 조절 이 들어와서 무난 하게 할 수 있었다 . 모자 걸이 귀엽고 수집 할 수 있는 의상 과 모자 들 도 귀엽다 . 살짝 선 을 넘은 마지막 미션 을 제외 하면 , 스테이지 마다 컨셉 과 캐릭터 , 플레이 방식 등 이 개성 적 이고 매력 있어서 질리 지 않고 할 수 있었다 .",2020-11-20 07:37:26
253230,A Hat in Time,positive,캐쥬얼하고 게임성도 높고 진짜 잘만든 게임.,캐 쥬얼 하고 게임 성도 높고 진짜 잘만 든 게임 .,2020-11-18 12:32:58
253230,A Hat in Time,positive,d,d,2020-11-16 03:52:25
253230,A Hat in Time,positive,아기자기 하지만 재밌는 게임,아기자기 하지만 재밌는 게임,2020-11-16 00:02:49
253230,A Hat in Time,positive,씰더딜 빼고 좋음,씰더딜 빼고 좋음,2020-11-14 23:44:50
253230,A Hat in Time,positive,최 고 다 모 자 걸 !!!,최 고 다 모 자 걸 !!!,2020-11-11 11:52:53
253230,A Hat in Time,positive,강짐어서 is Pecking cute,강 짐어서 is Pecking cute,2020-11-06 20:30:12
253230,A Hat in Time,positive,옛날 마리오 64 처음 하던 시절이 생각난다. 재미있어요! (본편만 플레이함),옛날 마리오 64 처음 하던 시절 이 생각난다 . 재미있어요 ! ( 본 편 만 플레이 함 ),2020-11-05 02:24:50
253230,A Hat in Time,positive,캐릭터가 너무 귀엽고 게임도 재밌어요. 조금 어려운 부분이나 서브콘 유령집은 갑자기 분위기가 바뀌어서 조금 무섭지만 좋아요,캐릭터 가 너무 귀엽고 게임 도 재밌어요 . 조금 어려운 부분 이나 서브 콘 유령 집은 갑자기 분위기 가 바뀌어서 조금 무섭지만 좋아요,2020-10-30 01:09:28
253230,A Hat in Time,positive,저 발랄한거좀 봐 ~ ㅋㅅㅋ,저 발랄한거 좀 봐 ~ ㅋㅅㅋ,2020-10-26 16:22:08
253230,A Hat in Time,positive,와 모자걸!!,와 모자 걸 !!,2020-10-25 00:15:45
253230,A Hat in Time,positive,세일할때 사셈,세 일 할 때 사셈,2020-10-18 10:06:31
253230,A Hat in Time,positive,"게임시작부터 쳅터2까지 귀여운 모자걸로 심장에 타격을 입지만 쳅터3에 계약잘못하고 진짜 '얼굴' 없는 천사에게 다른 의미로 심장 타격, 남의 집 무단침입하면 눈물콧물 쏙뺀다는 교훈. 정말 좋은 게임이었습니다.","게임 시작 부터 쳅터 2 까지 귀여운 모자 걸 로 심장 에 타격 을 입지 만 쳅터 3 에 계약 잘못 하고 진짜 ' 얼굴 ' 없는 천사 에게 다른 의미 로 심장 타격 , 남 의 집 무단 침입 하 면 눈물 콧물 쏙 뺀다는 교훈 . 정말 좋은 게임 이었습니다 .",2020-10-14 17:52:26
253230,A Hat in Time,positive,귀여우면서 사람들이 만든 모드가 다양함,귀여우면서 사람 들 이 만든 모드 가 다양함,2020-10-12 12:35:10
253230,A Hat in Time,positive,그래픽이 아기자기하고 조작이 간단해서 편안하게 할 수 있는 게임,그래픽 이 아기자기하고 조작 이 간단해서 편안하게 할 수 있는 게임,2020-10-10 03:08:27
253230,A Hat in Time,positive,시발 이거 갓겜,시발 이 거 갓 겜,2020-10-08 16:58:01
253230,A Hat in Time,positive,빨리태그에공포도달아!!!!!!!!!!!!!!!!!!!!,빨리 태그 에 공포 도달 아 !!!!!!!!!!!!!!!!!!!!,2020-10-08 11:08:59
253230,A Hat in Time,positive,무료 게임말고 처음으로 샀던 게임 (◞ ꈍ∇ꈍ)◞ 재밌고 귀엽다! 다만 컨트롤이 어렵다 나한테는 . . . 💧,무료 게임 말고 처음 으로 샀던 게임 ( ◞ ꈍ∇ꈍ ) ◞ 재밌고 귀엽다 ! 다만 컨트롤 이 어렵다 나 한테 는 . . . 💧,2020-10-07 21:36:21
253230,A Hat in Time,positive,재미있다,재미있다,2020-10-06 10:30:47
253230,A Hat in Time,positive,커여운 모자걸과 함께하는 신나는 점프,커 여운 모자 걸 과 함께 하는 신나는 점프,2020-10-04 23:54:18
253230,A Hat in Time,positive,"3D게임 즐기시는 분들중에서 캐주얼한 느낌의 게임을 원하신다면, 이 게임을 추천합니다! 이 게임은 솔직히 뇌를 쓰는 부분은 '여길 어떻게 어느걸 써야 갈 수 있지?'뿐입니다. 스토리는...그냥 간단합니다. 너무 머리 쓸 필요가 없습니다. 진짜로. 오직 컨트롤만이 이 게임의 장점을 부여잡을껍니다.","3 D 게임 즐기시는 분 들 중 에서 캐 주얼 한 느낌 의 게임 을 원하신다면 , 이 게임 을 추천 합니다 ! 이 게임 은 솔직히 뇌 를 쓰는 부분 은 ' 여길 어떻게 어느 걸 써야 갈 수 있지 ?' 뿐입니다 . 스토리 는 ... 그냥 간단합니다 . 너무 머리 쓸 필요 가 없습니다 . 진짜 로 . 오직 컨트롤 만이 이 게임 의 장점 을 부여잡을 껍니 다 .",2020-10-01 20:04:43
253230,A Hat in Time,positive,3D 멀미있으면 제발 사지마,3 D 멀미 있으면 제발 사지마,2020-09-30 16:55:09
253230,A Hat in Time,positive,10점... 10점이요,10 점 ... 10 점 이 요,2020-09-30 14:17:21
253230,A Hat in Time,positive,귀여움 참기 lv.999,귀 여 움 참기 lv . 999,2020-09-30 01:46:24
253230,A Hat in Time,positive,중년배관공을 귀여운 소녀로 바꾸고 쿠파라는 단편적이고 지루한 보스전을 다양한 보스전과 그에 맞는 캐릭터를 부여하고 개쩌는 BGM를 박아주면 이게임이 탄생합니다. 개인적으로는 플레이 타임시간이 짧은 게임이라 생각합니다. 이제 조오오오오올라 할만하고 재미있고 뽕에 차오르면 이게임은 이미 끝나있거든요. 가격값은 존나 합니다. 그리고 이글을 읽는 당신 어짜피 다른 글도 읽었을 것이고 아직게임을 사지 않았다면 지금 바로 구매하시는게 좋을실 겁니다. 다른 글읽어도 사라는 글 밖에 없거든,중년 배관 공 을 귀여운 소녀 로 바꾸고 쿠파 라는 단편 적 이고 지루한 보스 전 을 다양한 보스 전과 그 에 맞는 캐릭터 를 부여 하고 개쩌 는 BGM 를 박아주면 이 게임 이 탄생 합니다 . 개인 적 으로는 플레이 타 임시 간 이 짧은 게임 이라 생각 합니다 . 이제 조오오오오 올라 할 만하 고 재미있고 뽕 에 차오르면 이 게임 은 이미 끝나있거든요 . 가격 값 은 존나 합니다 . 그리고 이글 을 읽는 당신 어짜피 다른 글 도 읽었을 것 이고 아직 게임 을 사지 않았다면 지금 바로 구매 하시는게 좋을실 겁니다 . 다른 글 읽어도 사라 는 글 밖에 없거든,2020-09-29 00:59:56
253230,A Hat in Time,positive,*****,*****,2020-09-28 18:19:46
253230,A Hat in Time,positive,갓자걸 넘모 이쁘고,갓 자걸 넘 모 이쁘고,2020-09-27 14:08:02
253230,A Hat in Time,positive,커여움,커여 움,2020-09-26 00:47:25
253230,A Hat in Time,positive,귀여운 플랫포머 게임. 왜 안모자걸?,귀여운 플랫포머 게임 . 왜 안 모자 걸 ?,2020-09-24 16:34:00
253230,A Hat in Time,positive,초딩시절에 닌텐도DS로하던 슈퍼마리오64DS가 떠오르게 만드는 게임이었다 그어린 시절 당시에도 이상하게 64DS가 재미없었는데 이것도 같은 연장선상에서 재미가 없는건지 할만은 한데 자꾸 손에 안잡히는걸보면 취향차이인거같다,초딩 시절 에 닌텐도 DS 로 하던 슈퍼마리오 64 DS 가 떠오르게 만드는 게임 이었다 그 어린 시절 당시 에도 이상하게 64 DS 가 재미없었는데 이 것 도 같은 연 장선 상 에서 재미 가 없는 건지 할만은 한데 자꾸 손 에 안 잡히는걸 보면 취향 차이 인거 같다,2020-09-24 14:19:56
253230,A Hat in Time,positive,슈퍼마리오64 10%에 귀여움 9990%을 섞으면 연성되는 게임 배관공보다 귀여우니까 돈값 함 쉽다곤 안했음 ㅇㅅㅇ,슈퍼마리오 64 10% 에 귀 여 움 9990% 을 섞으면 연성 되는 게임 배관 공보 다 귀 여우 니까 돈값 함 쉽다곤 안 했음 ㅇㅅㅇ,2020-09-22 10:44:17
253230,A Hat in Time,positive,어릴때 마리오 하던 느낌이 들어서 좋네요,어릴 때 마리오 하던 느낌 이 들어서 좋네요,2020-09-21 18:37:27
253230,A Hat in Time,positive,141414141414,141414141414,2020-09-20 09:18:28
253230,A Hat in Time,positive,"슈퍼마리오 64하던 시절을 떠올리게 되는 게임, 게다가 재밌다!그리고 브금이랑 맵들 컨셉도 전부 겁나 맘에듬. 사운드트랙까지 구매할까 ㅋㅋ","슈퍼마리오 64 하던 시절 을 떠올리게 되는 게임 , 게다가 재밌다 ! 그리고 브금 이랑 맵 들 컨셉 도 전부 겁나 맘에듬 . 사운드트랙 까지 구매 할까 ㅋㅋ",2020-09-17 16:07:56
253230,A Hat in Time,positive,간만에 아기자기하게 즐길 수 있는 겜이었음,간만 에 아기자기하게 즐길 수 있는 겜 이었음,2020-09-16 20:04:36
253230,A Hat in Time,positive,PECK YEAH,PECK YEAH,2020-09-15 12:56:51
253230,A Hat in Time,positive,인생게임,인생게임,2020-09-13 19:39:09
253230,A Hat in Time,positive,갓자걸,갓 자걸,2020-09-12 23:48:21
253230,A Hat in Time,positive,재밌게했다.,재밌게 했다 .,2020-09-12 21:49:33
253230,A Hat in Time,positive,80%의 게임성과 920% 모자걸의 조화,80% 의 게임 성과 920% 모자 걸 의 조화,2020-09-12 02:15:05
253230,A Hat in Time,positive,갓갓갓갓갓,갓 갓 갓 갓 갓,2020-09-09 19:34:17
253230,A Hat in Time,positive,귀엽습니다 말이 더 필요한가요?,귀엽습니다 말 이 더 필요한가요 ?,2020-09-07 21:20:08
253230,A Hat in Time,positive,"어햇인타임, 돈스타브, 마다가스카의 펭귄을 보며 느낀 점은 바다코끼리라는 족속은 문제가 많다는 거다.","어햇 인타임 , 돈스 타 브 , 마다가스카 의 펭귄 을 보며 느낀 점 은 바다코끼리 라는 족속 은 문제 가 많다는 거 다 .",2020-09-06 23:01:42
253230,A Hat in Time,positive,이 주인공을 보고도 당신이 이게임을 하지 않는다면 당신은 인생의 절반을 손해봤습니다.,이 주인공 을 보고 도 당신 이 이 게임 을 하지 않는다면 당신 은 인생 의 절반 을 손 해봤습니다 .,2020-09-06 19:28:14
253230,A Hat in Time,positive,조금밖에 안해서 잘 모르겠지만 재밌습니다,조금 밖에 안해 서 잘 모르겠지만 재밌습니다,2020-09-06 18:28:22
253230,A Hat in Time,positive,Funny! game! yes!,Funny ! game ! yes !,2020-09-06 18:09:40
253230,A Hat in Time,positive,할만함,할만 함,2020-09-02 05:30:57
253230,A Hat in Time,positive,뭔 DLC 고난이도가 다크소울보다 빡세 내가 다크소울2 스콜라 해도 빡세진 않았는데 이건 좀 아니다,뭔 DLC 고 난이도 가 다크 소울 보다 빡세 내 가 다크 소울 2 스콜라 해도 빡세 진 않았는데 이건 좀 아니다,2020-09-02 01:48:01
253230,A Hat in Time,positive,"좋긴함,근데 dlc가 개어려옴","좋긴 함 , 근데 dlc 가 개어려 옴",2020-09-01 23:56:14
253230,A Hat in Time,positive,갓갓 갓갓갓,갓 갓 갓 갓 갓,2020-09-01 21:41:48
253230,A Hat in Time,positive,......,......,2020-09-01 00:05:32
253230,A Hat in Time,positive,아슈퍼마리오오딧세이아시는구나,아 슈퍼마리오 오딧세이 아시는구나,2020-08-31 19:08:24
253230,A Hat in Time,positive,모자걸 귀여워여,모자 걸 귀여워여,2020-08-31 10:54:18
253230,A Hat in Time,positive,"장점 : 그래픽이 이쁨 모자련이 귀여움 애매함 : (아직 엔딩안봄 10.9시간 플레이중) 솔직히 직선구조 게임이 아니라서 (챕터 깨는 게임) 연결이 애매모호함 스토리같은게 있긴한가요?의 수준임 퍼즐은 뇌지컬보단 피지컬이 우선되어서 푸는맛이 떨어짐 단점 : 병신같은 발적화 비오면 프레임 떡락함 그외 이펙트터질때 60→10프레임 개빡침 (GTX1080으로 4K해상도 플레이중, 상옵에서 옵션타협함) 컨트롤이 의외로 답답하다 특히 이단점프후 타고올라갈때 조건이 애매모호해서 못올라가서 떨어진적이 너무많음, 공중에서 날아서 공격하는부분도","장점 : 그래픽 이 이쁨 모 자련 이 귀 여 움 애매함 : ( 아직 엔딩 안 봄 10.9시간 플레이 중 ) 솔직히 직선 구조 게임 이 아니라서 ( 챕 터 깨는 게임 ) 연결 이 애매모호함 스토리 같은게 있긴 한 가요 ? 의 수준 임 퍼즐 은 뇌 지 컬 보단 피지 컬 이 우선 되어서 푸는 맛 이 떨어짐 단점 : 병신 같은 발 적 화 비오면 프레임 떡락함 그 외 이 펙트 터질 때 60 → 10 프레임 개 빡침 ( GTX 1080 으로 4 K 해상도 플레이 중 , 상옵 에서 옵션 타협 함 ) 컨트롤 이 의외로 답답하다 특히 이 단점 프후 타고 올라갈 때 조건 이 애매모호해서 못 올라가서 떨어진 적 이 너무 많음 , 공중 에서 날아서 공격 하는 부분 도",2020-08-31 04:01:43
253230,A Hat in Time,positive,왤캐 귀엽냐,왤 캐 귀엽냐,2020-08-30 17:44:31
253230,A Hat in Time,positive,쁘ㅔㅔ,쁘 ㅔㅔ,2020-08-30 12:21:40
253230,A Hat in Time,positive,"모자걸 넘모 커엽고 귀여운거 ㅎㅎ 당장구입하십쇼 단, 힐링만 하고싶다하면 실더딜은 사지마시오. 모자버전 다크소울임","모자 걸 넘 모 커엽 고 귀여운거 ㅎㅎ 당장 구입 하 십 쇼 단 , 힐링 만 하고싶다하면 실 더딜은 사지 마시오 . 모자 버전 다크 소울 임",2020-08-30 05:50:35
253230,A Hat in Time,positive,갓겜,갓 겜,2020-08-29 23:12:53
253230,A Hat in Time,positive,재밌음 하지만 한번 삽질하면 계속하게 됨,재밌음 하지만 한번 삽질 하면 계속 하게 됨,2020-08-29 01:23:35
253230,A Hat in Time,positive,귀엽고 경쾌함,귀엽고 경쾌함,2020-08-28 18:39:54
253230,A Hat in Time,positive,헤헤 재밌단,헤헤 재밌단,2020-08-27 14:56:15
253230,A Hat in Time,positive,재미있다. 빡치는 구간이 있다.,재미있다 . 빡치는 구간 이 있다 .,2020-08-22 21:03:33
253230,A Hat in Time,positive,모자걸 귀여워 :),모자 걸 귀여워 :),2020-08-20 10:13:20
253230,A Hat in Time,positive,마리오64 + 귀여움 = 모자겜,마리오 64 + 귀 여 움 = 모자 겜,2020-08-20 04:00:40
253230,A Hat in Time,positive,계약이고 나발이고 그냥 여기서 나갈래,계약 이고 나발 이고 그냥 여기 서 나갈래,2020-08-20 01:01:27
253230,A Hat in Time,positive,"본 게임을 진행하기 앞서, 어 햇 인 타임이 어떤 슈퍼마리오 게임과 흡사하다는 말을 많이 들었습니다. 개인적으로 슈퍼마리오 시리즈 자체를 그렇게 좋아하지 않기때문에 별 기대를 하지 않았지만, 플레이 하는동안 그런 인상과는 상당히 다르다고 느꼈습니다. 캐주얼하게 즐길 게임을 찾고있는 사람에게 안성맞춤일 것이라 생각합니다. 제가 3D 플랫포머는 많이 접해보지 못했기때문에 장르가 추구해야하는 방향성이나 특징은 알지 못하고있습니다. 그저 게임을 접한 입장에서 이런 입장이라는 정도의 글이라고 생각하고 봐주시면 될 것 같습니다. 또한","본 게임 을 진행 하기 앞서 , 어 햇 인 타임 이 어떤 슈퍼마리오 게임 과 흡사하다는 말 을 많이 들었습니다 . 개인 적 으로 슈퍼마리오 시리즈 자체 를 그렇게 좋아하지 않기 때문 에 별 기대 를 하지 않았지만 , 플레이 하는 동안 그런 인상 과는 상당히 다르다고 느꼈습니다 . 캐 주얼 하 게 즐길 게임 을 찾고있는 사람 에게 안성맞춤 일 것 이라 생각 합니다 . 제 가 3 D 플랫포머 는 많이 접 해보지 못 했기 때문 에 장르 가 추구 해야하는 방향성 이나 특징 은 알 지 못 하고있습니다 . 그저 게임 을 접 한 입장 에서 이런 입장 이라는 정도 의 글 이라고 생각 하고 봐주시면 될 것 같습니다 . 또한",2020-08-18 21:43:22
253230,A Hat in Time,positive,"마리오 64 + 귀여운 소녀, 무슨말이 더 필요하겠는가?","마리오 64 + 귀여운 소녀 , 무슨 말 이 더 필요하겠는가 ?",2020-08-18 00:39:07
253230,A Hat in Time,positive,Good,Good,2020-08-15 16:04:53
253230,A Hat in Time,positive,매우 제밌다,매우 제밌다,2020-08-13 19:59:05
253230,A Hat in Time,positive,모자,모자,2020-08-09 20:45:24
253230,A Hat in Time,positive,"[h1]장르[/h1] 3D 플랫포머 / 어드벤처 [h1]추천력[/h1] ★★★★☆ (4/5) 기대한 만큼의 재미 보장, 그러나 호불호가 있을지도. [h1]내가 느낀 재미[/h1] ★★★☆☆ (3/5) it's complicated... [h1]난이도[/h1] ★★★★★ (5/5) DLC를 포함해서, 노가다성이 강한 / 어려운 도전과제가 다수 있음 [h1]전반적 평가[/h1] 일단 추천은 하는게, 게임 자체는 워낙 완성도있게 잘 만들어졌다. 흙딧세이, 인디 3D플랫포머 계의 빛 등등 이 게임의 명성이 이미 자자한 만큼 나는 내","[ h 1 ] 장르 [/ h 1 ] 3 D 플랫포머 / 어드벤처 [ h 1 ] 추천 력 [/ h 1 ] ★★★★☆ ( 4/5 ) 기대한 만큼의 재미 보장 , 그러나 호불호 가 있을지도 . [ h 1 ] 내 가 느낀 재미 [/ h 1 ] ★★★☆☆ ( 3/5 ) it ' s complicated ... [ h 1 ] 난이도 [/ h 1 ] ★★★★★ ( 5/5 ) DLC 를 포함 해서 , 노가다 성 이 강한 / 어려운 도전 과제 가 다수 있음 [ h 1 ] 전반 적 평가 [/ h 1 ] 일단 추천 은 하는게 , 게임 자체 는 워낙 완성 도 있게 잘 만들어졌다 . 흙딧 세이 , 인디 3 D 플랫포머 계 의 빛 등등 이 게임 의 명성 이 이미 자자한 만큼 나 는 내",2020-08-08 00:01:23
253230,A Hat in Time,positive,귀여움.. 그런데 재미는 모르겠지만 귀여워서 추천,귀 여 움 .. 그런데 재미 는 모르겠지만 귀여워서 추천,2020-08-04 23:12:16
253230,A Hat in Time,positive,출시일이 좀 지나기도 했고 세일때 사는걸 추천합니다 (사운드 트랙 포함해서) 각 월드의 레벨 밸런스가 적당하고 익숙해지기 전까지는 좀 컨트롤이 힘들지만 컨트롤에 익숙해지면 스토리가 보통 끝나게 되는데 추가적인 데스위시를 통하여 컨트롤의 한계를 도전할수있어 약간 계획적이라고 느끼기도 합니다. 길을 도저히 찾지 못할경우 가이드도 확실히 되어있고(기본 모자 능력) 어렵지 않기때문에 충분히 엔딩을 볼수 있을것입니다. 오래 할 경우 멀미가 좀 있을수 있으니 조심해서 하시길 바람,출시일 이 좀 지나기도 했고 세 일 때 사 는걸 추천 합니다 ( 사운드 트랙 포함 해서 ) 각 월드 의 레벨 밸런스 가 적당하고 익숙해지기 전 까지는 좀 컨트롤 이 힘들지만 컨트롤 에 익숙해지면 스토리 가 보통 끝나게 되는데 추가 적 인 데스 위시 를 통 하여 컨트롤 의 한계 를 도전 할수있어 약간 계획 적 이라고 느끼 기도 합니다 . 길 을 도저히 찾지 못 할 경우 가이드 도 확실히 되어있고 ( 기본 모자 능력 ) 어렵지 않기 때문 에 충분히 엔딩 을 볼수 있을것 입니다 . 오래 할 경우 멀미 가 좀 있을수 있으니 조심해서 하시길 바람,2020-08-03 23:02:45
253230,A Hat in Time,positive,와! 모자걸 아시는구나! 정 말 귀 엽 습 니 다.,와 ! 모자 걸 아시는구나 ! 정 말 귀 엽 습 니 다 .,2020-08-02 02:20:28
253230,A Hat in Time,positive,DLC까지사서하세요 겁나꿀잼,DLC 까지 사서하세요 겁나 꿀잼,2020-08-01 13:38:36
253230,A Hat in Time,positive,무엇보다 모자걸이 귀엽다. 모자걸 하고싶은대로 다 해 1번과 4번키를 동시에 누르면 모자걸에 의해 심쿵사할 수 있음 주의할것* 메인스토리 밀면서 숨겨진 아이템 찾는 재미가 있음 너무 교묘하게 숨겨서 빡칠뿐이지 보스전할때는 내가 피지컬이 딸려서 그런지 워낙 어려운 난이도라고 생각함 다른 유저들은 아마 무난하게 클리어할 수 있을거라고 생각함,무엇 보다 모자 걸이 귀엽다 . 모자 걸 하고 싶은대로 다 해 1 번 과 4 번키 를 동시 에 누르면 모자 걸 에 의해 심쿵 사할 수 있음 주의 할것 * 메인 스토리 밀면 서 숨겨진 아이템 찾는 재미 가 있음 너무 교묘하게 숨겨서 빡칠 뿐 이지 보스 전 할 때 는 내 가 피지 컬 이 딸려서 그런지 워낙 어려운 난이도 라고 생각 함 다른 유저 들 은 아마 무난 하게 클리어 할 수 있을거라고 생각 함,2020-08-01 02:17:25
253230,A Hat in Time,positive,"슈퍼마리오 64 혹은 오딧세이를 재밌게 하셨던 분들이라면 재밌게 할 수 있을거라 생각합니다. 알찬 구성의 퍼즐, 적재적소에 사용하는 모자와 뱃지, 아기자기하고 매력적인 캐릭터들 특히 햇키드가 너무너무 사랑스럽습니다 단점으로는 부실한 DLC 정도가 되겠습니다. 추천점수 ★★★★☆ (4.5)","슈퍼마리오 64 혹은 오딧세이 를 재밌게 하셨던 분 들이라면 재밌게 할 수 있을거라 생각 합니다 . 알찬 구성 의 퍼즐 , 적재적소 에 사용 하는 모자 와 뱃지 , 아기자기하고 매력 적 인 캐릭터 들 특히 햇 키드 가 너무 너무 사랑스럽습니다 단점 으로는 부실한 DLC 정도 가 되겠습니다 . 추천 점수 ★★★★☆ ( 4.5 )",2020-07-30 10:47:00
253230,A Hat in Time,positive,스테이지를 오가며 모자와 뱃지를 바꿔 상황에 대응하는 요소가 재밌다. 캐릭터들도 귀엽고 이야기도 재밌게 풀어나간다. 하지만 반대로 이야기가 좀 건성으로 넘겨버리는 듯한 면도 있다. 자유 모드 스테이지의 경우 하는 도중에 튕겨나가는 현상이 발생하는데 이건 컴퓨터 사양 문제인지 프로그램의 문제인지는 잘 모르겠다.,스테이지 를 오가며 모자 와 뱃지 를 바꿔 상황 에 대응 하는 요소 가 재밌다 . 캐릭터 들 도 귀엽고 이야기 도 재밌게 풀어나 간다 . 하지만 반대 로 이야기 가 좀 건성 으로 넘겨 버리는 듯 한 면도 있다 . 자유 모드 스테이지 의 경우 하는 도중 에 튕겨 나가는 현상 이 발생 하는데 이건 컴퓨터 사양 문제 인지 프로그램 의 문제 인 지는 잘 모르겠다 .,2020-07-30 02:01:13
253230,A Hat in Time,positive,게임 로드 시 CPU온도 80도를 찍는 것과 모드 켜면 종종 튕기는 현상만 빼면 갓겜,게임 로드 시 CPU 온도 80 도를 찍는 것 과 모드 켜면 종종 튕기 는 현상 만 빼면 갓 겜,2020-07-27 18:08:05
253230,A Hat in Time,positive,"[h1]플랫포머게임을 불호하면 비추[/h1] 모자걸귀엽다는 겜입니다 정말 적당한 난이도로 남녀노소불문하여 재밌게 즐기실 수 있을겁니다 쉽다면 정말 쉽고 어렵게 도전하는것도 가능하기 때문이죠 협동모드나 멀티도 있어 연인과 하기도 좋습니다 개인적으론 진행이 느껴지던 2,3챕터가 제일 재밌었습니다 [spoiler]모자걸귀여운거맞아요[/spoiler]","[ h 1 ] 플랫포머 게임 을 불호 하면 비추 [/ h 1 ] 모자 걸 귀엽다는 겜 입니다 정말 적당한 난이도 로 남녀 노소 불문 하 여 재밌게 즐기실 수 있을 겁니다 쉽다면 정말 쉽고 어렵게 도전 하는것도 가능하기 때문 이 죠 협동 모드 나 멀티 도 있어 연인 과 하기도 좋습니다 개인 적 으론 진행 이 느껴지던 2 , 3 챕 터 가 제일 재밌었습니다 [ spoiler ] 모자 걸 귀여운거 맞아요 [/ spoiler ]",2020-07-26 22:21:19
253230,A Hat in Time,positive,하는 내내 미소가 떠나지 않는 게임,하는 내내 미소 가 떠나지 않는 게임,2020-07-25 18:47:53
253230,A Hat in Time,positive,"모험과 열정이 가져다주는 즐거움을 아주 훌륭하게 끌어올린 작품. 마리오 오디세이 같은 큰 맵에 즐거운 탐험요소, 퍼즐요소로 구성을 알차게 해놨다. 근데 하루 수명이 30분임. 3D 멀미 존내 심함","모험 과 열정 이 가져다주는 즐거움 을 아주 훌륭하게 끌어 올린 작품 . 마리오 오디세이 같은 큰 맵 에 즐거운 탐험 요소 , 퍼즐 요소 로 구성 을 알차게 해놨다 . 근데 하루 수명 이 30분 임 . 3 D 멀미 존내 심함",2020-07-24 23:18:17
253230,A Hat in Time,positive,PvP게임에서 지친 마음을 달래기도 좋고 스팀 입문 게임으로도 괜찮다고 생각함,PvP 게임 에서 지친 마음 을 달래기도 좋고 스팀 입문 게임 으로도 괜찮다고 생각 함,2020-07-21 19:52:30
253230,A Hat in Time,positive,모자걸!,모자 걸 !,2020-07-21 17:48:41
253230,A Hat in Time,positive,첨 볼땐 뭔 씹덕겜인가 싶다가 유튜버가 하는거 보고 샀는데 준내 재밌네.. 아.. 된다,첨 볼땐 뭔 씹덕 겜 인가 싶다가 유튜버 가 하는거 보고 샀는데 준내 재밌네 .. 아 .. 된다,2020-07-21 15:49:50
253230,A Hat in Time,positive,재미 50% 모자걸 150%,재미 50% 모자 걸 150%,2020-07-19 18:34:46
253230,A Hat in Time,positive,난 이 겜을 사놓고서 꽤나 묵혀두고 있었다가 이제 꺼내봤다. 이제껏 내가 뚜껑 안딴 재미드링크를 넣어두고 있었다는 걸 실감했다. 앞으로도 최소한 이 게임은 내 생 최고의 인디 게임 다섯 중 하나엔 들어갈 있을 것 같다.,난 이 겜 을 사놓고서 꽤 나 묵혀 두고 있었다가 이제 꺼내 봤다 . 이제껏 내 가 뚜껑 안 딴 재 미드 링크 를 넣어 두고 있었다는 걸 실감 했다 . 앞 으로도 최소한 이 게임 은 내 생 최고 의 인디 게임 다섯 중 하나 엔 들어갈 있을 것 같다 .,2020-07-17 23:53:02
253230,A Hat in Time,positive,재도전 하기 좋음,재도전 하기 좋음,2020-07-17 21:59:38
253230,A Hat in Time,positive,재 밌 다 ! 귀 엽 다 ! 최 고 다 !,재 밌 다 ! 귀 엽 다 ! 최 고 다 !,2020-07-17 00:02:44
253230,A Hat in Time,positive,마크나 해골박이 잼민이 한테 선물하면 응애 응애 하고 울어버릴정도의 하드코어한 스토리와 액션 재미는있지만 난이도때문에 멘탈이 바사삭~ 가격호불호있음 본인도 마찬가지 정가보단 50%~75%세일할때 사는게 좋을듯. :),마크 나 해골 박 이 잼민 이 한테 선물 하면 응애 응애 하고 울어 버릴 정도 의 하드코어 한 스토리 와 액션 재미 는 있지만 난이도 때문 에 멘탈 이 바사삭 ~ 가격 호불호 있음 본인 도 마찬가지 정가 보단 50% ~ 75% 세 일 할 때 사는게 좋을듯 . :),2020-07-16 09:14:12
253230,A Hat in Time,positive,커여워... 어려워...,커여 워 ... 어려워 ...,2020-07-15 12:18:52
253230,A Hat in Time,positive,"귀엽다, 어렵다.","귀엽다 , 어렵다 .",2020-07-15 08:09:36
253230,A Hat in Time,positive,하세요,하세요,2020-07-14 12:37:17
253230,A Hat in Time,positive,"재밌습니다.지금까지3번 100프로 다 완결할때 까지 3번정도 버그걸려서 다시시작한거 빼고는 좋고요. 너무 막힌다 십으시면 개발자모드 설정에서 찾으셔서 검색해서 합법적인 치트로 막히는 부분만 넘기세요. 이거 슈머마리오갤럭시 느낌이 나네요. 저한테 손가락안에 드는 명작겜입니다,","재밌습니다 . 지금 까지 3 번 100 프로 다 완결 할 때 까지 3 번 정도 버그 걸려서 다시 시작 한 거 빼고는 좋고요 . 너무 막힌다 십 으 시 면 개발자 모드 설정 에서 찾으셔서 검색 해서 합법 적 인 치트 로 막히는 부분 만 넘기세요 . 이 거 슈머 마리오 갤럭시 느낌 이 나네요 . 저 한테 손가락 안 에 드는 명작 겜 입니다 ,",2020-07-14 03:54:27
253230,A Hat in Time,positive,모자걸,모자 걸,2020-07-13 01:35:14
253230,A Hat in Time,positive,퍼즐보다 피지컬이 더 필요한 겜,퍼즐 보다 피지 컬 이 더 필요한 겜,2020-07-12 22:03:35
253230,A Hat in Time,positive,이거 애기들 하라고 만든 게임은 아닌 것 같아,이 거 애기 들 하라 고 만든 게임 은 아닌 것 같아,2020-07-12 19:08:49
253230,A Hat in Time,positive,인생 살면서 3D멀미 처음 해봤다,인생 살면서 3 D 멀미 처음 해봤다,2020-07-12 02:00:21
253230,A Hat in Time,positive,2 나오면 무조건 산다,2 나오면 무조건 산다,2020-07-11 16:53:02
253230,A Hat in Time,positive,귀여운 오디세이,귀여운 오디세이,2020-07-11 02:25:59
253230,A Hat in Time,positive,난 이제 마리오보단 모자걸이야,난 이제 마리오 보단 모자 걸이 야,2020-07-10 03:50:26
253230,A Hat in Time,positive,킹자걸은 인정이지,킹 자 걸은 인정 이지,2020-07-10 00:09:01
253230,A Hat in Time,positive,모자걸 찬양,모자 걸 찬양,2020-07-09 23:05:28
253230,A Hat in Time,positive,마리오 64 생각이 나네요 재미있고 캐릭터도 귀여움,마리오 64 생각 이 나네요 재미있고 캐릭터 도 귀 여 움,2020-07-09 22:06:45
253230,A Hat in Time,positive,다 잘 만들었는데 씰더딜 인내심 테스트 수준..아... 유물로 열리는 맵 레벨디자인 도대체 누가한거,다 잘 만들었는데 씰더딜 인내심 테스트 수준 .. 아 ... 유물 로 열리는 맵 레벨 디자인 도대체 누가 한 거,2020-07-09 22:03:13
253230,A Hat in Time,positive,10명 온라인 도전 과제 어떻게해..,10 명 온라인 도전 과제 어떻게 해 ..,2020-07-09 19:44:39
253230,A Hat in Time,positive,*3D 플랫폼 게임 - 흩어진 시계를 모으는 여주 플랫폼 게임. 디자인이 귀엽고 난이도가 적당해서 재밌음. - 최종보스가 왜 미움받는지 제대로 안 보여주고 어물쩡 넘어가는데 대체로 스토리가 얼렁뚱땅 넘기는 식이라 그냥 그런가보다 하고 넘기는 게 좋음. 갑자기 장르가 호러로 바뀌는 챕터3은 NPC가 질투에 미친 여왕이라 진부함. - 대신 플레이가 매우 재밌음. 이동시간이 길어서 지루했던 챕터4 빼고 나머지 챕터는 플레이방식이나 맵디자인 다 재밌었음. 수집요소도 재밌고 OST도 신남. - 추가 컨텐츠나 DLC는 고인물 플레이를 요구,* 3 D 플랫폼 게임 - 흩어진 시계 를 모으는 여주 플랫폼 게임 . 디자인 이 귀엽고 난이도 가 적당해서 재밌음 . - 최종 보스 가 왜 미움 받는지 제대로 안 보여주고 어물 쩡 넘어가는데 대체로 스토리 가 얼렁뚱땅 넘기는 식이 라 그냥 그 런가 보다 하고 넘기는 게 좋음 . 갑자기 장르 가 호러 로 바뀌는 챕 터 3 은 NPC 가 질투 에 미친 여왕 이라 진부함 . - 대신 플레이 가 매우 재밌음 . 이 동 시간 이 길어서 지루했던 챕 터 4 빼고 나머지 챕 터 는 플레이 방식 이나 맵 디자인 다 재밌었음 . 수집 요소 도 재밌고 OST 도 신남 . - 추가 컨텐츠 나 DLC 는 고 인물 플레이 를 요구,2020-07-09 15:04:42
253230,A Hat in Time,positive,이걸 아직도 안했어?,이 걸 아직도 안 했어 ?,2020-07-09 01:42:32
253230,A Hat in Time,positive,재밌습니다. 그러나 수집 요소가 열받게 만들었습니다. 특히 털실 가이드는 따로 있어야된다고 생각합니다 마지막은 뭡니까 32개 모으는거.. 나머지는 맘에 드네요,재밌습니다 . 그러나 수집 요소 가 열 받게 만들었습니다 . 특히 털실 가이드 는 따로 있어야 된다고 생각 합니다 마지막 은 뭡 니까 32 개 모으는거 .. 나머지 는 맘 에 드네 요,2020-07-08 23:47:15
253230,A Hat in Time,positive,오우 모우---자걸,오우 모 우 --- 자걸,2020-07-08 20:34:31
253230,A Hat in Time,positive,나는 슈퍼마리오64 같은 플랫포머 게임을 좋아한다→ 무조건 사서 플레이한다. 잘 모르겠다→ 한시간만 해보고 판단해보자.,나 는 슈퍼마리오 64 같은 플랫포머 게임 을 좋아한다 → 무조건 사서 플레이 한다 . 잘 모르겠다 → 한시 간만 해보고 판단 해보자 .,2020-07-08 00:59:45
253230,A Hat in Time,positive,모자걸 짱귀여움 > <,모자 걸 짱귀 여 움 > <,2020-07-07 01:16:42
253230,A Hat in Time,positive,흙딧세이 재밌다,흙딧 세이 재밌다,2020-07-06 19:32:30
253230,A Hat in Time,positive,햇키드가 귀엽고 플랫포머는 많이 안해본 제가 해도 많이 어려운건 아니였고 OST도 좋고 전체적으로 잘만든 게임이네요. 늦게나마 해보니 정말 좋은 게임입니다.,햇 키드 가 귀엽고 플랫포머 는 많이 안 해본 제 가 해도 많이 어려운건 아니였고 OST 도 좋고 전체 적 으로 잘만 든 게임 이네 요 . 늦게나마 해보니 정말 좋은 게임 입니다 .,2020-07-06 15:08:11
253230,A Hat in Time,positive,이 게임을 살지 고민하고 있다면 일단 사라. 사서 플레이하는 순간 그동안 고민했던 날들을 후회할 것이다. 완전 갓겜인데 왜 그동안 고민을 하며 안사고 있었는지. 내 인생작들 중 하나로 남을 것 같다.,이 게임 을 살 지 고민 하고 있다면 일단 사라 . 사서 플레이 하는 순간 그동안 고민 했던 날 들 을 후회 할 것 이다 . 완전 갓 겜 인데 왜 그동안 고민 을 하며 안 사고 있었는지 . 내 인생 작 들 중 하나로 남 을 것 같다 .,2020-07-06 00:16:40
253230,A Hat in Time,positive,으아아아아아 카메라!!!,으아아 아아 아 카메라 !!!,2020-07-05 23:42:09
253230,A Hat in Time,positive,깨물어버리고 싶다~,깨물어 버리고 싶다 ~,2020-07-05 23:06:08
253230,A Hat in Time,positive,게임 1시간하고 바로 DLC 구매완료 갓겜추,게임 1시간 하고 바로 DLC 구매 완료 갓 겜추,2020-07-05 22:26:09
253230,A Hat in Time,positive,이게임을 순수하게 힐링용도로 즐기면 참 재미있습니다 ㅎㅎ 하지만 도전과제를 알고나면 어느순간 순한맛을 즐기다가 고춧가루를 붓는듯한 느낌이 드는 게임입니다,이 게임 을 순수하게 힐링 용도 로 즐기면 참 재미있습니다 ㅎㅎ 하지만 도전 과제 를 알고나면 어느 순간 순 한 맛 을 즐기다가 고춧가루 를 붓는듯 한 느낌 이 드는 게임 입니다,2020-07-05 02:36:15
253230,A Hat in Time,positive,귀엽습니다!,귀엽습니다 !,2020-07-04 10:40:18
253230,A Hat in Time,positive,정가로 DLC까지샀는데 저세상꿀잼~ 여름세일보니까 눈물쥬륵,정가 로 DLC 까지 샀는데 저 세상 꿀잼 ~ 여름 세 일보 니까 눈물 쥬륵,2020-07-03 22:47:57
253230,A Hat in Time,positive,컴퓨터가 구려서 렉 심하긴 한데 그래도 재밌음,컴퓨터 가 구려 서 렉 심하긴 한데 그래도 재밌음,2020-07-03 19:58:38
253230,A Hat in Time,positive,짧게 느껴지는 플레이타임이 유일한 단점.,짧게 느껴지는 플레이 타임 이 유일한 단점 .,2020-07-03 13:53:14
253230,A Hat in Time,positive,갓겜,갓 겜,2020-07-02 23:58:14
253230,A Hat in Time,positive,너무 귀여워 정말 재밌음 무조건 사세요,너무 귀여워 정말 재밌음 무조건 사세요,2020-07-02 03:46:06
253230,A Hat in Time,positive,스트리머님 방송보고 사봤는데 진짜 재밌네요.. 냐쿠자는 꽤 정신없긴하지만 재밌어요! 모자걸도 넘 귀엽습니다..ಥ_ಥ,스트리머 님 방송 보고 사봤는데 진짜 재밌네요 .. 냐쿠자 는 꽤 정신 없긴하지만 재밌어요 ! 모자 걸도 넘 귀엽습니다 .. ಥ _ ಥ,2020-07-01 16:45:32
253230,A Hat in Time,positive,걍 해보셈 해봐야 알음(약간 오디세이비슷),걍 해보셈 해봐야 알음 ( 약간 오디세이 비슷 ),2020-07-01 16:22:52
253230,A Hat in Time,positive,아 졸라 귀엽다,아 졸라 귀엽다,2020-07-01 12:57:26
253230,A Hat in Time,positive,ㅋㅋㅋ 재밌습니다 ㅋㅋㅋㅋㅋ 스위치 마딧세이 저렴이 버전? 하지만 재미도 저렴하지는 않습니다 근데 데스위시는 ㅅ...ㅂ... 오류가 왤케 많은지 하다가 빡쳐서 접음,ㅋㅋㅋ 재밌습니다 ㅋㅋㅋㅋㅋ 스위치 마딧 세이 저렴 이 버전 ? 하지만 재미 도 저렴하지는 않습니다 근데 데스 위시 는 ㅅ ... ㅂ ... 오류 가 왤케 많은지 하다가 빡쳐서 접음,2020-07-01 01:08:26
253230,A Hat in Time,positive,d=(´▽｀),d =( ´▽｀ ),2020-06-30 16:24:27
253230,A Hat in Time,positive,귀여운 캐릭들이 나오는 명작 플랫포머 인디게임 추천,귀여운 캐릭 들 이 나오는 명작 플랫포머 인디 게임 추천,2020-06-30 12:53:34
253230,A Hat in Time,positive,레전드,레전드,2020-06-30 01:54:18
253230,A Hat in Time,positive,"꿈, 정렬, 희망, 배신, 상처, 사랑, 극복 그 모든것이 담긴 다이나믹한 스토리!","꿈 , 정렬 , 희망 , 배신 , 상처 , 사랑 , 극복 그 모든 것 이 담긴 다이나믹 한 스토리 !",2020-06-30 01:41:17
253230,A Hat in Time,positive,a hat in time은 귀여운 소녀가 주인공이라 서 좋고 귀여워요 바네사 여왕의 저택은 약갼 무서울수도 있지만 그래도 좋아오 각각 모드하고 여러 장식 모자 색깔 하고 여러 가지 도전의길 하고 캡슐로 뽑는 보상 하고 시간의균열과 여러가지 스토리정리를 도와주는 스토리북과여러가지 배지 상인한테 물건사는 구매시스템과 한국어 지원까지 해줘서 정말좋아요 도전과제도 따는제미가 있고 좋아요 이거보는사람께 강력추천함니다,a hat in time 은 귀여운 소녀 가 주인공 이라 서 좋고 귀여워요 바네사 여왕 의 저택 은 약갼 무서울수도 있지만 그래도 좋아오 각각 모드 하고 여러 장식 모자 색깔 하고 여러 가지 도전 의 길 하고 캡슐 로 뽑는 보상 하고 시간 의 균열 과 여러가지 스토리 정리 를 도와주는 스토리 북 과 여러가지 배지 상인 한테 물건 사는 구 매 시스템 과 한국어 지원 까지 해줘서 정말 좋아요 도전 과제 도 따는 제 미가 있고 좋아요 이 거 보는 사람 께 강력 추천 함니다,2020-06-29 21:02:06
253230,A Hat in Time,positive,플레이 약 5시간째 진짜 개꿀잼인데? 거의 FPS나 다른 장르 게임 하다가 10년만에 이런 장르 게임 하니까 너무 재밌음 ======================================================================== 11시간에 걸쳐서 본편 스토리까지 다 밀었음 재미? 두말하면 잔소리다.. 나중에 DLC를 깨겠노라,플레이 약 5시간 째 진짜 개꿀잼 인데 ? 거의 FPS 나 다른 장르 게임 하다가 10년 만에 이런 장르 게임 하니까 너무 재밌음 ======================================================================== 11시간 에 걸쳐서 본 편 스토리 까지 다 밀었음 재미 ? 두 말 하 면 잔소리 다 .. 나중 에 DLC 를 깨겠노라,2020-06-29 19:02:58
253230,A Hat in Time,positive,압도적 긍정적인 데에는 그만한 이유가 있다,압도 적 긍정 적 인 데 에는 그만한 이유 가 있다,2020-06-29 14:06:45
253230,A Hat in Time,positive,[h1]모자걸 너무 좋아 너무 귀여워[/h1] 어릴 적 슈퍼마리오 갤럭시를 플레이 했을 때의 그 감동을 새롭게 느끼는 기분이었습니다. 제 인생의 전환점이 된 게임이라고 해도 과언이 아닌 갓겜입니다. 단지 DLC 한 개가 정말 치명적인 구멍이긴 하지만..................,[ h 1 ] 모자 걸 너무 좋아 너무 귀여워 [/ h 1 ] 어릴 적 슈퍼마리오 갤럭시 를 플레이 했을 때 의 그 감동 을 새롭게 느끼는 기분 이었습니다 . 제 인생 의 전환 점 이 된 게임 이라고 해도 과언 이 아닌 갓 겜 입니다 . 단지 DLC 한 개 가 정말 치명 적 인 구멍 이긴 하지만 ..................,2020-06-28 19:57:09
253230,A Hat in Time,positive,개재밌네,개 재밌네,2020-06-28 04:11:17
253230,A Hat in Time,positive,잘한다 내 새끼!,잘 한다 내 새끼 !,2020-06-28 03:53:15
253230,A Hat in Time,positive,최고의 게임,최고 의 게임,2020-06-28 03:30:18
253230,A Hat in Time,positive,"일단, 귀엽고 재미있어요... 최근 대부분의 게임들이 그렇듯이 키보드보다는 패드로 하는게 훨씬 편해요^^","일단 , 귀엽고 재미있어요 ... 최근 대부분 의 게임 들 이 그렇듯이 키 보드 보다는 패드 로 하는게 훨씬 편해요 ^^",2020-06-27 14:40:40
253230,A Hat in Time,positive,되게 유치한데 그 유치함이 너무 좋은 게임 나 또한 유치함에 동화되어버려 어려진 거 같음 ㅎㅎ 쿰척,되게 유치한데 그 유치함이 너무 좋은 게임 나 또한 유치함에 동화 되어 버려 어려진 거 같음 ㅎㅎ 쿰척,2020-06-27 00:53:18
253230,A Hat in Time,positive,성우 연기가 무척 돋보이는 게임. 플레이 하다보면 가슴이 녹아내립니다,성우 연기 가 무척 돋보이는 게임 . 플레이 하다 보면 가슴 이 녹아내립니다,2020-06-26 18:44:32
253230,A Hat in Time,positive,>ㅁ< /,> ㅁ < /,2020-06-26 08:51:40
253230,A Hat in Time,positive,귀엽고 조아용 오홍홍~,귀엽고 조아용 오 홍홍 ~,2020-06-20 15:02:51
253230,A Hat in Time,positive,재미 ssat dda bro~~~~~~~~~~~,재미 ssat dda bro ~~~~~~~~~~~,2020-06-19 21:24:29
253230,A Hat in Time,positive,콧수염은 나쁘다,콧수염 은 나쁘다,2020-06-17 01:05:48
253230,A Hat in Time,positive,힐링겜,힐링 겜,2020-06-16 15:58:57
253230,A Hat in Time,positive,장점 : 재미있음 단점 : 별로없음,장점 : 재미있음 단점 : 별로 없음,2020-06-10 21:24:37
253230,A Hat in Time,positive,다 좋겠는데 가격이랑 최적화 좀..,다 좋겠는데 가격 이랑 최적화 좀 ..,2020-06-10 20:52:58
253230,A Hat in Time,positive,아직 모자걸을 안해봤다고? 당장사라 ㅈ간들이랑 부대끼면서 온라인게임에서 입에 욕 달고 살았어도 모자걸 할 때는 진짜 웃음밖에 안 나온다 하면 행복해지는 게임,아직 모자 걸 을 안 해봤다고 ? 당장 사라 ㅈ 간 들 이랑 부대끼면서 온라인게임 에서 입 에 욕 달 고 살았어도 모자 걸 할 때 는 진짜 웃음 밖에 안 나온다 하면 행복해지는 게임,2020-06-07 17:13:54
253230,A Hat in Time,positive,NO!!!!!!!!!,NO !!!!!!!!!,2020-06-07 16:25:02
253230,A Hat in Time,positive,모자걸 햛고싶다,모자 걸 햛 고 싶다,2020-06-06 23:48:11
253230,A Hat in Time,positive,이 아이의 귀여움을 즐기기 위해선 심의가 필요합니다,이 아이 의 귀 여 움 을 즐기기 위해 선 심의 가 필요합니다,2020-06-04 23:06:35
253230,A Hat in Time,positive,할만한 게임,할만 한 게임,2020-06-03 10:19:11
253230,A Hat in Time,positive,난 아직도 이 모자걸의 스토리를 진행할 수 없다. 3D 마리오류 게임을 겁나 못하기 때문이다.,난 아직도 이 모자 걸 의 스토리 를 진행 할 수 없다 . 3 D 마리 오류 게임 을 겁나 못 하기 때문 이다 .,2020-06-02 17:23:58
253230,A Hat in Time,positive,와! 모자걸!,와 ! 모자 걸 !,2020-06-02 01:00:29
253230,A Hat in Time,positive,정말 재밌는 게임,정말 재밌는 게임,2020-05-29 19:55:14
253230,A Hat in Time,positive,정말 끼여어요,정말 끼 여 어요,2020-05-29 17:40:42
253230,A Hat in Time,positive,This is very good.,This is very good .,2020-05-24 20:31:40
253230,A Hat in Time,positive,쉽고 재밌고 귀엽다,쉽고 재밌고 귀엽다,2020-05-23 22:33:44
253230,A Hat in Time,positive,모자걸이 귀엽다 모자걸이 귀엽다 모자걸이 귀엽다,모자 걸이 귀엽다 모자 걸이 귀엽다 모자 걸이 귀엽다,2020-05-23 21:27:00
253230,A Hat in Time,positive,게임컨이 굉장히 안좋은 나같은 경우에도 쉽게 엔딩을 볼수있는 게임 각자 테마가 너무 재밌고 자유플레이 모드도 있어서 엔딩 본다음에도 충분히 즐길거리가 많음,게임컨 이 굉장히 안좋은 나 같은 경우 에도 쉽게 엔딩 을 볼수있는 게임 각자 테마 가 너무 재밌고 자유 플레이 모드 도 있어서 엔딩 본 다음 에도 충분히 즐길 거리 가 많음,2020-05-20 23:12:09
253230,A Hat in Time,positive,"아기자기한 그래픽, 악명 높은 고난이도 게임에 비해 나름 할만한 수준의 난이도, 흥얼거리게 되는 오프닝 테마, 전형적인 권선징악 스토리지만 동화처럼 잘 풀어낸 점 등등... 돈값은 충분히 했다고 봅니다. 거기에 모자걸의 행동과 효과음은 게임 내내 어우 ㅈㄴ 귀여워 라는 말을 달고 살게끔 만들어 줍니다. 세일할 때 사면 그야말로 개꿀찬스이지 않을까 싶네요!","아기자기한 그래픽 , 악명 높은 고 난이도 게임 에 비해 나름 할만 한 수준 의 난이도 , 흥얼거리게 되는 오프닝 테마 , 전형 적 인 권선 징악 스토리 지만 동화 처럼 잘 풀어 낸 점 등등 ... 돈값 은 충분히 했다고 봅니다 . 거기 에 모자 걸 의 행동 과 효과음 은 게임 내내 어우 ㅈㄴ 귀여워 라는 말 을 달 고 살게끔 만들어 줍니다 . 세 일 할 때 사면 그야말로 개꿀 찬스 이지 않을까 싶네요 !",2020-05-20 14:25:21
253230,A Hat in Time,positive,[spoiler]최종보스와 주인공은 시간을 정지하는 능력으로 싸우고 마지막엔 스탠드 파워 전개로 생명력을 증폭된 상태로 이기는 내용 [/spoiler],[ spoiler ] 최종 보스 와 주인공 은 시간 을 정지 하는 능력 으로 싸우고 마지막 엔 스탠드 파워 전개 로 생명력 을 증폭 된 상태 로 이기는 내용 [/ spoiler ],2020-05-18 20:54:26
253230,A Hat in Time,positive,모자걸을 아세?,모자 걸 을 아세 ?,2020-05-14 01:14:30
253230,A Hat in Time,positive,돈이 아깝지 않은 그저 갓겜 가끔 버그가 보이지만 모드때문인 경우도 있어서 웃으면서 넘김 모드 몇개만 있어도 게임에 난이도가 바뀌지만 그래도 데스위시는 어렵당,돈 이 아깝지 않은 그저 갓 겜 가끔 버그 가 보이 지만 모드 때문 인 경우 도 있어서 웃으면서 넘김 모드 몇개 만 있어도 게임 에 난이도 가 바뀌지만 그래도 데스 위시 는 어렵당,2020-05-13 11:55:00
253230,A Hat in Time,positive,Peck! Neck!,Peck ! Neck !,2020-05-12 18:55:24
253230,A Hat in Time,positive,"퍼즐+피지컬 게임 캐릭터가 귀엽고, 스토리, 맵이 좋아서 재밌게 플레이 했다. 나는 젤다와 비슷한 느낌이라는 평을 들었던 것 같아서 해봤는데, 젤다 생각하고 하면 안될 듯 하다. 모자 걸만의 매력이 존재함. 여담으로 얼음 여왕(?) 너무 무서웠다","퍼즐 + 피지 컬 게임 캐릭터 가 귀엽고 , 스토리 , 맵 이 좋아서 재밌게 플레이 했다 . 나 는 젤다 와 비슷한 느낌 이라는 평 을 들었던 것 같아서 해봤는데 , 젤다 생각 하고 하면 안될 듯 하다 . 모자 걸 만의 매력 이 존재 함 . 여담 으로 얼음 여왕 (?) 너무 무서웠다",2020-05-12 07:08:54
253230,A Hat in Time,positive,"귀엽고 재밌었습니다. 슈마갤을 감명깊게 플레이했었던 입장에서 당시의 향수도 느낄 수 있었고 삽입된 음악도 그렇고, 모자걸이 엄청 귀여웠습니다. 무거운 스토리를 따라가기보다 가볍게 웃음지을 수 있는 아주 귀여운 게임입니다. 귀여워라는 말밖에 안나오네요.. Picture Perfect는 플레이하면서 너무 귀여워서 함박웃음","귀엽고 재밌었습니다 . 슈마갤 을 감명 깊게 플레이 했었던 입장 에서 당시 의 향수 도 느낄 수 있었고 삽입 된 음악 도 그렇고 , 모자 걸이 엄청 귀여웠습니다 . 무거운 스토리 를 따라가기보다 가볍게 웃음 지을 수 있는 아주 귀여운 게임 입니다 . 귀여워라는 말 밖에 안 나오네요 .. Picture Perfect 는 플레이 하면서 너무 귀여워서 함박 웃음",2020-05-12 03:58:13
253230,A Hat in Time,positive,ㅈ같은 전기줄좀 어캐 해봐,ㅈ 같은 전기 줄좀 어캐 해봐,2020-05-11 13:18:31
253230,A Hat in Time,positive,갓겜,갓 겜,2020-05-09 20:22:08
253230,A Hat in Time,positive,아 갓겜 힐링겜,아 갓 겜 힐링 겜,2020-05-08 17:36:23
253230,A Hat in Time,positive,모자걸 댄스가 킬포,모자 걸 댄스 가 킬포,2020-05-06 00:49:38
253230,A Hat in Time,positive,떵겜인척하는 개씹갓겜,떵겜 인척 하 는 개 씹 갓 겜,2020-05-03 04:58:11
253230,A Hat in Time,positive,"[h1] 훗 [/h1] 이 게임의 컨텐츠 비율은 모자소녀 50%, 스테이지 클리어 50%. 양놈들 씹덕게임 같은데 속을 까보니 알찼다. 스팀에서 슈퍼마리오 64하는 느낌. 각각 스테이지마다 컨셉이 개성있게 잡혀있어 게임이 지루하지 않을 뿐더러 난이도 조절도 잘 되어있어 쉽게쉽게 클리어할 수 있다. 길치인 게이머들도 숨겨진 아이템을 잘 찾을 수 있을정도의 비밀찾기, 도전과제도 노력하면 어렵지 않게 달성할 수 있으니 도전과제 100%를 노려보는 것도 나쁘지않다. 근데 게임이 바탕화면 잠깐 나갔다오면 뇌절오더니 튕기는 현상이 종종나타","[ h 1 ] 훗 [/ h 1 ] 이 게임 의 컨텐츠 비율 은 모자 소녀 50% , 스테이지 클리어 50% . 양 놈 들 씹덕 게임 같은데 속 을 까 보니 알찼다 . 스팀 에서 슈퍼마리오 64 하는 느낌 . 각각 스테이지 마다 컨셉 이 개성 있게 잡혀있어 게임 이 지루하지 않을 뿐더러 난이도 조절 도 잘 되어있어 쉽게 쉽게 클리어 할 수 있다 . 길치인 게이머 들 도 숨겨진 아이템 을 잘 찾을 수 있을 정도 의 비밀 찾기 , 도전 과제 도 노력 하면 어렵지 않게 달성 할 수 있으니 도전 과제 100% 를 노려보는 것 도 나쁘지 않다 . 근데 게임 이 바탕화면 잠깐 나갔다오면 뇌절 오더니 튕기 는 현상 이 종종 나타",2020-05-02 16:06:18
253230,A Hat in Time,positive,갓겜,갓 겜,2020-05-01 00:43:26
253230,A Hat in Time,positive,갓겜 안하면 2대가 사망함,갓 겜 안 하면 2 대가 사망 함,2020-04-28 20:31:08
253230,A Hat in Time,positive,모자걸 귀여움 모자걸 귀여움 배네사 무서움 dlc는 냐쿠자시티만 사는걸 추천 씰은 2단계에서 혈압 오르고 나머지도 그저그럼,모자 걸 귀 여 움 모자 걸 귀 여 움 배네사 무서움 dlc 는 냐쿠 자 시티 만 사 는걸 추천 씰 은 2 단계 에서 혈압 오르고 나머지 도 그저 그럼,2020-04-27 23:38:54
253230,A Hat in Time,positive,"본편은 아주 훌륭한데 DLC는 본편에 비해 나사가 조금씩 빠진느낌. 하지만 그럼에도 불구하고 DLC까지 정가로 살만한 가치가 있을정도로 이 게임은 갓겜이다. 수요 또한 나같이 손가락과 뇌가 동시에 안움직이는 사람과 진짜 도전을 즐기는 코어 게이머들을 위한 2가지를 모두 만족시킨다. 하지만, 전자라면 실더딜 DLC는 그냥 안사는게 낫지않나... 싶다 창작마당은 최근에 안들어가봤지만 퀄리티 높은게 제법 있다 그러나 역시 이 게임의 진국은 창작마당이나 DLC가 아닌 본편이다 게임 자체도 쉽고 익숙해지기도 좋은데, 그럼에도 불","본 편 은 아주 훌륭한데 DLC 는 본 편 에 비해 나사 가 조금씩 빠진 느낌 . 하지만 그럼에도 불구 하고 DLC 까지 정가 로 살 만 한 가치 가 있을 정도 로 이 게임 은 갓 겜 이다 . 수요 또한 나 같이 손가락 과 뇌 가 동시 에 안 움직이는 사람과 진짜 도전 을 즐기는 코어 게이머 들 을 위 한 2 가지 를 모두 만족 시킨다 . 하지만 , 전자 라면 실 더딜 DLC 는 그냥 안 사는게 낫 지 않나 ... 싶다 창작 마당 은 최근 에 안 들어가 봤지만 퀄리티 높은게 제법 있다 그러나 역시 이 게임 의 진국 은 창작 마당 이나 DLC 가 아닌 본 편이 다 게임 자체 도 쉽고 익숙해지 기도 좋은데 , 그럼에도 불",2020-04-27 13:51:53
253230,A Hat in Time,positive,dlc는 모르겠고 본편만큼은 진짜 힐링겜,dlc 는 모르겠고 본 편 만큼은 진짜 힐링 겜,2020-04-26 17:53:42
253230,A Hat in Time,positive,진짜 재밌습니다 무조건 사세요,진짜 재밌습니다 무조건 사세요,2020-04-25 12:51:55
253230,A Hat in Time,positive,더 하고싶어서 아쉬운 게임...,더 하고싶어서 아쉬운 게임 ...,2020-04-23 08:27:13
253230,A Hat in Time,positive,말이 필요 없습니다 갓겜입니다,말 이 필요 없습니다 갓 겜 입니다,2020-04-22 13:19:15
253230,A Hat in Time,positive,닌텐도에 슈퍼마리오가 있다면 인디계에는 모자걸이 있다!,닌텐도 에 슈퍼마리오 가 있다면 인디 계 에는 모자 걸이 있다 !,2020-04-21 23:37:38
253230,A Hat in Time,positive,우리딸 최고야!,우리 딸 최고 야 !,2020-04-20 22:35:53
253230,A Hat in Time,positive,슈퍼 마리오 오디세이와 동등하거나 그 이상이다.,슈퍼 마리오 오디세이 와 동등 하 거나 그 이상 이다 .,2020-04-19 23:26:51
253230,A Hat in Time,positive,DLC전까진 힐링겜,DLC 전 까진 힐링 겜,2020-04-18 22:56:06
253230,A Hat in Time,positive,3챕터(공포가 좀 있음)빼면 너무나도 재밌게 한 게임,3 챕 터 ( 공포 가 좀 있음 ) 빼면 너무나도 재밌게 한 게임,2020-04-18 02:44:23
253230,A Hat in Time,positive,"즐겁고 재미있다. 마리오랑은 연을 끊어서 이렇다 할 플랫포머 게임은 별로 해 볼 기회가 없었지만, 모자걸은 게임을 하면서 편안하고 재밌다는 느낌을 많이 받았다. 매 챕터마다 바뀌는 컨셉과 플레이스타일이 이 게임을 지루하지 않게 만들어줬으며, 내가 하는 행동과 지금 있는 장소, 무엇을 하고 있느냐에 따라 달라지는 BGM. 이 길은 어디로 이어질까? 저 길은 어디로 이어질까? 메인스토리를 진행하다가 나도 모르게 삼천포로 빠지지만, 가는 길의 끝과 과정에는 항상 뭔가의 보상이 있어서 기대하게 만들어준다. 귀여움을 떠나서 매력있는 수집","즐겁고 재미있다 . 마리오 랑은 연 을 끊어서 이렇다 할 플랫포머 게임 은 별로 해 볼 기회 가 없었지만 , 모자 걸은 게임 을 하면서 편안하고 재밌다는 느낌 을 많이 받았다 . 매 챕 터 마다 바뀌는 컨셉 과 플레이 스타일 이 이 게임 을 지루하지 않게 만 들어줬으며 , 내 가 하는 행동 과 지금 있는 장소 , 무엇 을 하고 있느냐에 따라 달라지는 BGM . 이 길은 어디 로 이어질까 ? 저 길은 어디 로 이어질까 ? 메인 스토리 를 진행 하다가 나도 모르게 삼천포 로 빠지지만 , 가는 길 의 끝 과 과정 에는 항상 뭔가 의 보상 이 있어서 기대하게 만 들어준다 . 귀 여 움 을 떠나서 매력 있는 수집",2020-04-17 01:24:04
253230,A Hat in Time,positive,말이 필요합니까? 그냥 갓겜,말 이 필요합니까 ? 그냥 갓 겜,2020-04-17 00:14:23
253230,A Hat in Time,positive,"“모자 쓴 소녀를 무시해서는 안되는 이유” 한창 닌텐도 DS가 인기있던 시절에도 마리오만큼은 딱히 좋아하지 않았었다. 그런데 웬걸? 이 게임 속의 꼬마 숙녀에게만큼은 정이 간다! 이야기는 주인공 ‘햇키드’의 ‘시간 조각’들이 우주로 날아가면서 시작된다. 이들을 되찾기 위해 우리의 꼬마 숙녀는 마피아 타운, 영화제작소, 서브콘 숲 등의 마을을 탐방하는데, 그 과정 하나하나가 새롭고 흥미진진하다. 일단 플레이어들에게 동기를 부여하는 방식이 신선하다. 초반에는 모자를 제작하고 배지를 모으기 위해 의무적으로 돌아다녀야 하는 느낌이","“ 모자 쓴 소녀 를 무시 해서는 안되는 이유 ” 한창 닌텐도 DS 가 인기 있던 시절 에도 마리오 만큼은 딱히 좋아하지 않았었다 . 그런데 웬걸 ? 이 게임 속 의 꼬마 숙녀 에게 만큼은 정이 간다 ! 이야기 는 주인공 ‘ 햇 키드 ’ 의 ‘ 시간 조각 ’ 들이 우주 로 날아가면서 시작 된다 . 이 들 을 되찾기 위해 우리 의 꼬마 숙녀 는 마피아 타운 , 영화제작 소 , 서브 콘 숲 등 의 마을 을 탐방 하는데 , 그 과정 하나 하나 가 새 롭고 흥미진진 하다 . 일단 플레이어 들 에게 동기 를 부여 하는 방식 이 신선하다 . 초반 에는 모자 를 제작 하고 배지 를 모으기 위해 의무 적 으로 돌아다녀야 하는 느낌 이",2020-04-15 10:34:30
253230,A Hat in Time,positive,dlc ㄱㄱ,dlc ㄱㄱ,2020-04-15 04:13:48
253230,A Hat in Time,positive,생각보다 개재밌음 애들 게임같은데 퀄리티가 좋음,생각 보다 개 재밌음 애 들 게임 같은데 퀄리티 가 좋음,2020-04-14 15:53:13
253230,A Hat in Time,positive,개꿀잼,개꿀잼,2020-04-13 09:31:22
253230,A Hat in Time,positive,플레이 시간이 짧음. 하지만 퀘스트가 긴게 있어서 함면 재밌음. 그리고 모자걸은 최고야,플레이 시간 이 짧음 . 하지만 퀘스트 가 긴게 있어서 함 면 재밌음 . 그리고 모자 걸은 최고 야,2020-04-11 10:38:31
253230,A Hat in Time,positive,완벽한 게임,완벽한 게임,2020-04-11 08:23:59
253230,A Hat in Time,positive,귀여워,귀여워,2020-04-11 00:16:57
253230,A Hat in Time,positive,재밌기도 하고 모자걸 귀여움 단점 3스테이지 저택 들어가는거 존ㄴ나무서움,재밌기도 하고 모자 걸 귀 여 움 단점 3 스테이지 저택 들어가는거 존 ㄴ 나 무서움,2020-04-09 00:10:58
253230,A Hat in Time,positive,귀여운 모자걸이 귀여운 모험을 함 잼씀 ㅅㄱ,귀여운 모자 걸이 귀여운 모험 을 함 잼 씀 ㅅㄱ,2020-04-07 13:16:07
253230,A Hat in Time,positive,정말 재밌어요 처음엔 어려워서 힘들었는데 익숙해지니 정말 재밌어요.. 모자걸 캐릭터도 귀여워요. 콘텐츠가 더 많으면 좋겠어요..ㅜㅜ..,정말 재밌어요 처음 엔 어려워서 힘들었는데 익숙해지니 정말 재밌어요 .. 모자 걸 캐릭터 도 귀여워요 . 콘텐츠 가 더 많으면 좋겠어요 .. ㅜㅜ ..,2020-04-05 23:53:01
253230,A Hat in Time,positive,커여워요 모자걸,커여 워 요 모자 걸,2020-04-03 19:51:47
253230,A Hat in Time,positive,모자걸,모자 걸,2020-03-25 20:50:59
253230,A Hat in Time,positive,모자걸 너~무 귀엽습니다,모자 걸 너 ~ 무 귀엽습니다,2020-03-24 23:39:18
253230,A Hat in Time,positive,"수 많은 게임을 해보고 너무 많은 게임을 해서 눈이 높아졌는지 기본안되는 게임들은 하품이 나온다. 스토리 중심이거나 플레이 중심이거나 둘 중하나만 잘할 것이지 하는 생각만 드는 요즘 게임들에 파묻혀 살다가 이 게임을 발견했다. 복돌으로 돌려도 문제 없는 게임이겠거니 하며 널려있는 파일디스크, 본디스크 어쩌구 저쩌구 돌려가며 다운받아 실행해보니 신세계였다. 이 게임은 복돌러가 정품을 구매하게끔 유도하는 게임일 만큼 수준높은 게이머에겐 좋은 게임이다.","수 많은 게임 을 해보고 너무 많은 게임 을 해서 눈 이 높아졌는지 기본 안되는 게임 들 은 하품 이 나온다 . 스토리 중심 이 거나 플레이 중심 이 거나 둘 중 하나 만 잘 할 것 이지 하는 생각 만 드는 요즘 게임 들 에 파묻혀 살다가 이 게임 을 발견 했다 . 복돌 으로 돌려도 문제 없는 게임 이겠거니 하며 널려 있는 파일 디스크 , 본 디스크 어쩌구 저쩌구 돌려가며 다운 받아 실행 해보니 신세계 였다 . 이 게임 은 복 돌러가 정품 을 구매 하게 끔 유도 하는 게임 일 만큼 수준 높은 게이머 에겐 좋은 게임 이다 .",2020-03-24 19:54:33
253230,A Hat in Time,positive,다 좋은데 키설정이 안 돼서 스페이스 바-방향 조절-컨틀롤 키-방향 조절-스페이스 바를 짧을 시간안에 해야된다는 혈압 솟구치는 컨트롤을 요구함. 게다가 일부 보스전때 시점이 지멋대로 변경돼써 내가 가려고 하는 곳과 완전 다른 곳으로 이동돼서 대놓고 맞으라는 식이 보임.,다 좋은데 키 설정 이 안 돼서 스페이스 바 - 방향 조절 - 컨틀롤 키 - 방향 조절 - 스페이스 바를 짧을 시간 안 에 해야 된다는 혈압 솟구치는 컨트롤 을 요 구함 . 게다가 일부 보스 전 때 시점 이 지 멋대로 변경 돼써 내 가 가려고 하는 곳 과 완전 다른 곳 으로 이동 돼서 대놓고 맞으라는 식이 보임 .,2020-03-24 19:13:57
253230,A Hat in Time,positive,wa! 모자걸 겜은 별로인데 모자걸이 먹여살리는 겜,wa ! 모자 걸 겜 은 별로 인데 모자 걸이 먹여 살리는 겜,2020-03-23 23:47:31
253230,A Hat in Time,positive,귀여운 게임을 원하신다면 추천드립니다. (실더딜 은 비추),귀여운 게임 을 원하신다면 추천 드립니다 . ( 실 더딜 은 비추 ),2020-03-19 21:56:53
253230,A Hat in Time,positive,개 꿀잼 진짜 힐링겜,개 꿀잼 진짜 힐링 겜,2020-03-19 17:31:24
253230,A Hat in Time,positive,스팀 플랫포머 게임 중에서 가히 원탑급 게임이라 할 수 있다. 빠져들 만한 요소가 상당히 많아서 천천히 즐길 수 있다.,스팀 플랫포머 게임 중 에서 가히 원 탑 급 게임 이라 할 수 있다 . 빠져들 만 한 요소 가 상당히 많아서 천천히 즐길 수 있다 .,2020-03-19 01:34:07
253230,A Hat in Time,positive,갓겜,갓 겜,2020-03-18 18:12:18
253230,A Hat in Time,positive,귀여워....,귀여워 ....,2020-03-18 00:14:21
253230,A Hat in Time,positive,엔딩보고나니까 너무아쉬움,엔딩 보고나니까 너무 아쉬움,2020-03-17 11:33:58
253230,A Hat in Time,positive,은근 재미있음 이게임이 뭐라고..ㅋㅋㅋ 하지만 세일할떄 사세요 세일 안할떄 사면 좀 손해임...,은근 재미있음 이 게임 이 뭐라고 .. ㅋㅋㅋ 하지만 세 일 할떄 사세요 세 일 안할떄 사면 좀 손해 임 ...,2020-03-16 19:05:08
253230,A Hat in Time,positive,별로 재밌네 유람선 그지같은거빼면,별로 재밌네 유람선 그지같은 거 빼면,2020-03-16 15:55:34
253230,A Hat in Time,positive,무언ㄱr 재미는 있는데 ㅎrㄷr보면 현ㅌr 와서 끄게 된ㄷr.,무언 ㄱ r 재미 는 있는데 ㅎ r ㄷ r 보면 현 ㅌ r 와서 끄게 된 ㄷ r .,2020-03-15 02:17:14
253230,A Hat in Time,positive,7/10 챕터 게임은 제 취향이 아니었지만 스토리도 좋고 캐릭터성도 뛰어났다. 중간에 챕터를 건너뛰고 다른 곳을 가서 모자를 얻어야 플레이가 가능한 부분에서는 개인적으로는 아쉬운 부분이다. 그 외에 숨겨진 이스터에그는 쏠쏠한 재미가 있다.,7/10 챕 터 게임 은 제 취향 이 아니었지만 스토리 도 좋고 캐릭터 성도 뛰어났다 . 중간 에 챕 터 를 건너 뛰고 다른 곳 을 가서 모자 를 얻어야 플레이 가 가능한 부분 에서는 개인 적 으로는 아쉬운 부분 이다 . 그 외 에 숨겨진 이스터에그 는 쏠쏠한 재미 가 있다 .,2020-03-14 09:04:02
253230,A Hat in Time,positive,[본편] 귀여운 모자소녀 + 잘 구성된 게임성 = 갓겜 장점. - 내가 결혼하면 저런 딸 낳고싶다는 생각이 마구 들게 만들 정도로 귀여운 주인공 - 다양한 세계관과 수집욕구 불러 일으키는 다양한 유물들과 의상들 - 한 컴퓨터로 2P까지 즐길 수 있는 협동 시스템 - 창작마당을 이용한 다양한 유저 모드 활성화 - 참신한 게임성 아쉬운 점. - 실뭉치 찾기 빡세서 마지막 모자를 엔딩이 끝난 시점까지도 못 만든 점 (이건 내 눈이 문제요) - 스토리 중간에 공포스토리 딱 하나 들어가는데 암것도 모르고 들어가서 지려버린점 (이건,[ 본 편 ] 귀여운 모자 소녀 + 잘 구성 된 게임 성 = 갓 겜 장점 . - 내 가 결혼 하면 저런 딸 낳고싶다는 생각 이 마구 들게 만들 정도 로 귀여운 주인공 - 다양한 세계관 과 수집 욕구 불러 일으키는 다양한 유물 들 과 의상 들 - 한 컴퓨터 로 2 P 까지 즐길 수 있는 협동 시스템 - 창작 마당 을 이용 한 다양한 유저 모드 활성화 - 참신한 게임 성 아쉬운 점 . - 실 뭉치 찾기 빡세 서 마지막 모자 를 엔딩 이 끝난 시점 까지도 못 만든 점 ( 이건 내 눈 이 문제 요 ) - 스토리 중간 에 공포 스토리 딱 하나 들어가는데 암 것 도 모르고 들어가서 지려 버린 점 ( 이건,2020-03-13 02:00:18
253230,A Hat in Time,positive,f,f,2020-03-10 14:10:35
253230,A Hat in Time,positive,마리오 64와 더불어서 3D 어드밴처 게임의 양대산맥이라고 개인적으로 생각합니다. 갓겜,마리오 64 와 더불어서 3 D 어드밴처 게임 의 양대 산맥 이라고 개인 적 으로 생각 합니다 . 갓 겜,2020-03-09 03:09:26
253230,A Hat in Time,positive,모자걸이 귀여운게임,모자 걸이 귀여운 게임,2020-03-09 02:53:39
253230,A Hat in Time,positive,"""이시대의 최고의 게임 A HAT IN TIME""",""" 이 시 대의 최고 의 게임 A HAT IN TIME """,2020-03-08 22:30:38
253230,A Hat in Time,positive,장점 귀여운 캐릭터 짜임새있는 맵 디자인 연출도 빵빵하고 즐겁게 해줌 그냥 퀄리티 있는 3d플랫포머 그 자체임 단점 주인공들 모델링이 일러스트를 못따라간다고 생각함 물론 행동 하나하나는 귀여움 스토리가 의미가 크게 없다....인데 이런 류의 겜을 스토리 기대하고 하는 건 아니잖음?? 슈퍼 마리오 오디세이 여주버전이고 이걸로 나름 유명해졌었던 걸로 알고 있음 게임도 딱 그 이름값을 함 순한맛 힐링게임 이라는 말이 많은데 어쩔 수 없이 진행하면 할 수록 3d 플랫폼 게임 특유의 좆같음이 빡치게 할 수는 있음 그니까 장르 자체,장점 귀여운 캐릭터 짜임새 있는 맵 디자인 연출 도 빵빵 하고 즐겁게 해줌 그냥 퀄리티 있는 3 d 플랫포머 그 자체 임 단점 주인공 들 모델링 이 일러스트 를 못 따라간다고 생각 함 물론 행동 하나 하나 는 귀 여 움 스토리 가 의미 가 크게 없다 .... 인데 이런 류 의 겜 을 스토리 기대하고 하는 건 아니잖음 ?? 슈퍼 마리오 오디세이 여 주 버전 이고 이 걸 로 나름 유명해졌었던 걸 로 알 고 있음 게임 도 딱 그 이름 값 을 함 순 한 맛 힐링 게임 이라는 말 이 많은데 어쩔 수 없이 진행 하면 할 수록 3 d 플랫폼 게임 특유 의 좆 같음 이 빡치게 할 수 는 있음 그니까 장르 자체,2020-03-05 19:11:27
253230,A Hat in Time,positive,솔플 킬링타임용으로 굳 혼자서 할거 없을때 하면 시간금방감,솔 플 킬링타임 용 으로 굳 혼자 서 할거 없을 때 하면 시간 금방 감,2020-03-03 23:09:20
253230,A Hat in Time,positive,재밌는 게임 가격이 아깝지 않습니다. 더욱 저는 할인때 구매해서 매우 만족하는 게임입니다. 귀여운 그래픽을 좋아하고 퍼즐 또는 추리게임을 좋아한다면 적극 추천드립니다. 가끔 심오한 내용이 나오긴 하지만 공포게임을 절대적으로 못하는 저도 할 정도니 그렇게 심각하진 않았던거 같습니다. 걍 재밌습니다 이제 전 이 게임을 클리어하러갈겁니다,재밌는 게임 가격 이 아깝지 않습니다 . 더욱 저 는 할인 때 구매 해서 매우 만족하는 게임 입니다 . 귀여운 그래픽 을 좋아하고 퍼즐 또는 추리 게임 을 좋아한다면 적극 추천 드립니다 . 가끔 심오한 내용 이 나오긴 하지만 공포 게임 을 절대 적 으로 못 하는 저 도 할 정도 니 그렇게 심각하진 않았던거 같습니다 . 걍 재밌습니다 이제 전 이 게임 을 클리어 하러 갈 겁니다,2020-03-03 18:07:10
253230,A Hat in Time,positive,라이브러리에 게임 하나 남길수 있다면 이거 남김,라이브러리 에 게임 하나 남길수 있다면 이 거 남김,2020-03-03 03:19:24
253230,A Hat in Time,positive,어 햇 인 타임! 귀여운 소녀가 자기 우주선의 연료를 되찾기위한 여정을 다룬 게임이다. 이 게임은 슈퍼마리오 오디세이의 짭으로 말이 많았던 비운의 작품인데 놀랍게도 이 게임은 슈퍼마리오보다 먼저 나온게임이었다. 그저 유명하지 않은 인디게임사에서 만들었다보니 유명한 슈퍼마리오의 짭이라는 소릴 듣는것 같다. 본론으로 돌아가 이 게임은 장점 폭 넓은 자유도와 끊임없이 자극하는 모험심이 최대의 장점이라고 본다. 첫번째 챕터인 마피아타운이 진짜 말도안되는 설계라 한순간에 이 게임에 빠져들고 그 챕터를 계속 하게된다. 거짓말 안하고 마피아,어 햇 인 타임 ! 귀여운 소녀 가 자기 우주선 의 연료 를 되찾기 위 한 여정 을 다룬 게임 이다 . 이 게임 은 슈퍼마리오 오디세이 의 짭으로 말 이 많았던 비운 의 작품 인데 놀랍게도 이 게임 은 슈퍼마리오 보다 먼저 나온 게임 이었다 . 그저 유명하지 않은 인디 게임 사 에서 만들었다 보니 유명한 슈퍼마리오 의 짭이라는 소릴 듣는것 같다 . 본론 으로 돌아가 이 게임 은 장점 폭 넓은 자유도 와 끊임없이 자극 하는 모험심 이 최대 의 장점 이라고 본다 . 첫 번째 챕 터 인 마피아 타운 이 진짜 말 도 안되는 설계 라 한순간 에 이 게임 에 빠져들고 그 챕 터 를 계속 하게 된다 . 거짓말 안 하고 마피아,2020-03-02 16:57:10
253230,A Hat in Time,positive,진짜 너무 재밌다. 게임 제작자의 장인정신이 느껴진다.,진짜 너무 재밌다 . 게임 제작자 의 장인정신 이 느껴진다 .,2020-02-29 13:12:29
253230,A Hat in Time,positive,그저 귀엽고 재밌다,그저 귀엽고 재밌다,2020-02-27 22:25:33
253230,A Hat in Time,positive,꿀잼,꿀잼,2020-02-27 13:58:06
253230,A Hat in Time,positive,그저 모자걸이 귀여울뿐 1414 베에에~,그저 모자 걸이 귀 여울 뿐 1414 베 에 에 ~,2020-02-27 09:25:05
253230,A Hat in Time,positive,커여워!,커여 워 !,2020-02-27 02:44:33
253230,A Hat in Time,positive,개.💩.겜! 흥해라!!~~,개 . 💩 . 겜 ! 흥 해라 !!~~,2020-02-26 09:57:08
253230,A Hat in Time,positive,"구매한지는 꽤 됐는데 3챕 엑트4가 겁나서 플레이 계속 미루다가 용기를 가지고 다시 시작해서 빠르게 엔딩봄 진짜 갓겜인데 개인적인 단점 먼저 말하자면 1. 갑작스럽게 가까워지는 카메라 워킹 방이나 맵을 이동했을 때, 또는 좁은 간격을 벽 점프를 이용해 이동할 때 시점 거리가 유지되지 않고 갑작스럽게 카메라가 캐릭터와 굉장히 가까워질때가 누누히 있는데 아마 플레이어의 실력을 시험하는 용도로 넣은게 아닐까 싶음. 기본적으로 자유 시점겜이니 이해는 하지만.. 어쨌든 시야가 좁아져서 쉬운 구간도 까다로워 지는데 이게 좀 짜증나고 불편했음","구 매 한지 는 꽤 됐는데 3 챕 엑트 4 가 겁나서 플레이 계속 미루다가 용기 를 가지 고 다시 시작 해서 빠르게 엔딩 봄 진짜 갓 겜 인데 개인 적 인 단점 먼저 말 하자면 1 . 갑작스럽게 가까워지는 카메라 워킹 방이 나 맵 을 이동 했을 때 , 또는 좁은 간격 을 벽 점프 를 이용 해 이동 할 때 시점 거리 가 유지 되지 않고 갑작스럽게 카메라 가 캐릭터 와 굉장히 가까워질 때 가 누누 히 있는데 아마 플레이어 의 실력 을 시험 하는 용도 로 넣은게 아닐까 싶음 . 기본 적 으로 자유 시점 겜 이니 이해 는 하지만 .. 어쨌든 시야 가 좁아져서 쉬운 구간 도 까다로워 지는데 이 게 좀 짜증나고 불편했음",2020-02-26 05:08:25
253230,A Hat in Time,positive,존잼,존잼,2020-02-24 15:05:55
253230,A Hat in Time,positive,.,.,2020-02-23 18:13:25
253230,A Hat in Time,positive,존나 재밌다,존나 재밌다,2020-02-22 16:42:43
253230,A Hat in Time,positive,게임이 그렇게 어렵지도 않고 힐링되고 귀엽고 그저 갓갓갓...,게임 이 그렇게 어렵지도 않고 힐링 되고 귀엽고 그저 갓 갓 갓 ...,2020-02-22 04:46:24
253230,A Hat in Time,positive,왜 갓겜 모자겜이라고 하는지 알 수 있었습니다. 브금도 좋구 게임도 어렵지 않아서 가볍게 즐길 수 있었습니다. 덩실~덩실~,왜 갓 겜 모자 겜 이라고 하는지 알 수 있었습니다 . 브금 도 좋구 게임 도 어렵지 않아서 가볍게 즐길 수 있었습니다 . 덩실 ~ 덩실 ~,2020-02-20 20:13:02
253230,A Hat in Time,positive,평화롭고 담백하다. 자극적이지 않은 건강한 게임을 원한다면 가볍게 즐기기 좋다. 하지만 가끔 빡친다,평화 롭고 담백하다 . 자극 적 이지 않은 건강한 게임 을 원한다면 가볍게 즐기기 좋다 . 하지만 가끔 빡친다,2020-02-19 15:36:31
253230,A Hat in Time,positive,더할나위 없는 완벽한 게임,더할 나위 없는 완벽한 게임,2020-02-18 19:30:48
253230,A Hat in Time,positive,햇걸 기여워,햇걸 기여 워,2020-02-18 15:53:22
253230,A Hat in Time,positive,꿀잼,꿀잼,2020-02-18 00:39:52
253230,A Hat in Time,positive,재밌다,재밌다,2020-02-17 20:33:36
253230,A Hat in Time,positive,걍 사라 마리오64 재밌어 했으면 닥치고 무조건 사라,걍 사라 마리오 64 재밌어 했으면 닥치고 무조건 사라,2020-02-17 18:27:10
253230,A Hat in Time,positive,도전의길 계속 우려먹네,도전 의 길 계속 우려 먹네,2020-02-16 12:40:45
253230,A Hat in Time,positive,"-게이머라면 반드시 해봐야 할 게임이라고 생각합니다. 1. 귀엽지만 유치하지 않고, 깊이가 있지만 지루하지 않은 캐릭터. 모자걸은 전형적인 말하지 않아서 케릭터에 본인을 투영하게 하는 케릭터로 보일 수 있지만 말만 안하다 뿐이지 가지고있는 성격이 확실 합니다. 당차고 긍정적이며 귀엽지요. 악역으로 등장하는 케릭터들도 상당히 입체적이어서 매력적입니다. 1막 보스 이외엔 단순한 소모성 악인은 등장하지 않습니다. 높은 봉우리 부분에서 어떤 케릭터도 등장하지 않아 아쉬웠지만 염소는 멋있었고, 고양이도 귀여웠습니다. 2. 굉장히","- 게이머 라면 반드시 해봐야 할 게임 이라고 생각 합니다 . 1 . 귀엽지만 유치하지 않고 , 깊이 가 있지만 지루하지 않은 캐릭터 . 모자 걸은 전형 적 인 말 하지 않아서 케릭 터 에 본인 을 투영 하게 하는 케릭 터 로 보일 수 있지만 말 만 안 하다 뿐 이지 가지고있는 성격 이 확실 합니다 . 당 차고 긍정 적 이며 귀엽지요 . 악역 으로 등장 하는 케릭 터 들 도 상당히 입체 적 이어서 매력 적 입니다 . 1 막 보스 이외 엔 단순한 소모 성 악인 은 등장 하지 않습니다 . 높은 봉우리 부분 에서 어떤 케릭 터 도 등장 하지 않아 아쉬웠지만 염소 는 멋있었고 , 고양이 도 귀여웠습니다 . 2 . 굉장히",2020-02-15 13:52:10
253230,A Hat in Time,positive,진짜 개꿀잼,진짜 개꿀잼,2020-02-13 12:30:41
253230,A Hat in Time,positive,멀미......,멀미 ......,2020-02-12 00:54:21
253230,A Hat in Time,positive,공포게임입니다,공포 게임 입니다,2020-02-11 14:45:17
253230,A Hat in Time,positive,슈퍼 마리오 갤럭시 3 잘 했습니다 이번에도 명작이네요,슈퍼 마리오 갤럭시 3 잘 했습니다 이번 에도 명작 이네 요,2020-02-10 12:41:20
253230,A Hat in Time,positive,모자소녀의 꿈과 희망이 가득한 세계에 오신 걸 환영해용:3 우주선에 필요한 흩어진 시간조각을 찾고 새로운 친구도 사귀고 모험을 즐겨보세용♥.♥,모자 소녀 의 꿈 과 희망이 가득한 세계 에 오신 걸 환영 해용 : 3 우주선 에 필요한 흩어진 시간 조각 을 찾고 새로운 친구 도 사귀고 모험 을 즐겨 보세용 ♥ . ♥,2020-02-09 20:54:50
253230,A Hat in Time,positive,갓겜,갓 겜,2020-02-09 04:58:51
253230,A Hat in Time,positive,존나재밌다 키자마자 엔딩봄,존나 재밌다 키 자마자 엔딩 봄,2020-02-09 02:52:42
253230,A Hat in Time,positive,"모자걸, 마리오 오디세이 느낌의 3D 플랫포머 게임. 마리오 처럼 여태 있었던 캐릭터가 아닌데 케릭터 자체에 대한 팬심이 어마어마하다. 그래서 게임 이름이 어 햇인타임 임에도.. 다들 모자걸이라 부른다. 그만큼 케릭터의 매력포인트가 여러곳에서 터지는데, 귀여운 9살 소녀의 다양한 특징을 잘 잡아놨다. 게임 자체도 충분히 재밌고, 스테이지 구성도 아주 좋다. 추천드림.","모자 걸 , 마리오 오디세이 느낌 의 3 D 플랫포머 게임 . 마리오 처럼 여태 있었던 캐릭터 가 아닌데 케릭 터 자체 에 대한 팬심 이 어마어마하다 . 그래서 게임 이름 이 어 햇 인타임 임 에도 .. 다 들 모자 걸이 라 부른다 . 그만큼 케릭 터 의 매력 포인트 가 여러 곳 에서 터지는데 , 귀여운 9 살 소녀 의 다양한 특징 을 잘 잡아놨다 . 게임 자체 도 충분히 재밌고 , 스테이지 구성 도 아주 좋다 . 추천 드림 .",2020-02-07 11:45:01
253230,A Hat in Time,positive,정의라는 이름으로 범죄자를 죽이는 범죄자 모자로 참교육 시키는 게임,정의 라는 이름 으로 범죄자 를 죽이는 범죄자 모자 로 참 교육 시키는 게임,2020-02-05 21:17:29
253230,A Hat in Time,positive,와!!! 모자걸!!!!,와 !!! 모자 걸 !!!!,2020-02-05 17:13:43
253230,A Hat in Time,positive,시간의 조각이란게 내 시간을 뜯어서 가져가는거임? 킹자걸이니 퍼준다,시간 의 조 각 이란 게 내 시간 을 뜯어서 가져가는거 임 ? 킹 자 걸이 니 퍼준다,2020-02-05 03:43:01
253230,A Hat in Time,positive,꿀잼,꿀잼,2020-02-04 14:54:37
253230,A Hat in Time,positive,힐링 그 자체,힐링 그 자체,2020-02-04 01:42:48
253230,A Hat in Time,positive,모자걸 너무 귀엽다 반드시 해보세용 ㅎㅎㅎ,모자 걸 너무 귀엽다 반드시 해보세용 ㅎㅎㅎ,2020-02-04 00:40:36
253230,A Hat in Time,positive,슈퍼마리오 64 시리즈를 벤치마킹한 3D 플랫포머. 아기자기한 디자인과 다채로운 컨셉 덕에 빨리 물리지 않는다. 스토리가 부족한 점은 아쉽다.,슈퍼마리오 64 시리즈 를 벤치마킹 한 3 D 플랫포머 . 아기자기한 디자인 과 다 채 로운 컨셉 덕 에 빨리 물리 지 않는다 . 스토리 가 부족한 점 은 아쉽다 .,2020-02-03 23:32:04
253230,A Hat in Time,positive,안사고 머해요다들,안 사고 머 해 요 다 들,2020-02-03 19:54:28
253230,A Hat in Time,positive,진짜 오랜만에 어릴적 어드벤처 게임할때 느낌을 느꼈네요. 진짜 잘만든 게임같습니다. 적극 추천,진짜 오랜 만 에 어릴 적 어드벤처 게임 할 때 느낌 을 느꼈네요 . 진짜 잘만 든 게임 같습니다 . 적극 추천,2020-02-03 15:56:06
253230,A Hat in Time,positive,모 자 걸,모 자 걸,2020-02-03 00:29:57
253230,A Hat in Time,positive,챕터 하나하나가 정말 재밌고 끝날때마다 아쉬움이 남을 정도로 몰입감이 좋다,챕 터 하나 하나 가 정말 재밌고 끝날 때 마다 아쉬움 이 남 을 정도 로 몰입 감 이 좋다,2020-02-02 21:14:47
253230,A Hat in Time,positive,스위치가 필요 없는 마리오 오디세이! 아니 그이상의 게임!! 귀엽고 깜찍한 모자걸 너무 좋아요!,스위치 가 필요 없는 마리오 오디세이 ! 아니 그 이상 의 게임 !! 귀엽고 깜찍한 모자 걸 너무 좋아요 !,2020-02-01 15:06:57
253230,A Hat in Time,positive,이거 볼때마다 딸 갖고 싶더라. 게임 불감증 걸린 나한테는 사막의 오아시스 같은 겜이였다. 3D 액션 플랫폼 겜인데 할게 매우 많고 다양하고 그래픽도 아기자기하고 개성있어서 절때 유치하지 않고 재밋음 읍읍,이 거 볼때 마다 딸 갖고 싶더라 . 게임 불감증 걸린 나 한테 는 사막 의 오아시스 같은 겜 이 였다 . 3 D 액션 플랫폼 겜 인데 할게 매우 많고 다양하고 그래픽 도 아기자기하고 개성 있어서 절때 유치하지 않고 재밋음 읍읍,2020-02-01 11:58:34
253230,A Hat in Time,positive,갓겜입니다. 무지막지하게 귀여운 모자걸과 함께하는 모래시계찾기 게임입니다. 인게임 OST가 정말 좋습니다. 아무튼 귀여운 모자걸과는 다르게 난이도는 귀엽지않습니다. 어느정도 익숙해질때가 되면 이건어때 하면서 더 어려운것을 요구합니다. 사실 본편은 그렇게 어려운 편은 아니지만 DLC의 난이도가 정말 화납니다. 특히 데스웅위시의 난이도는 쓰레기입니다. 유저들이 조금 더 어려운걸 요구해서 낸 DLC인데 정말 어렵습니다. 그건 니가 못한거 아니냐라고 하실분도 계실텐데 맞습니다. 그런데 저는 다크소울도 해보고 할로우나이트도 해봤지만 요 DL,갓 겜 입니다 . 무지막지 하게 귀여운 모자 걸 과 함께 하는 모래시계 찾기 게임 입니다 . 인 게임 OST 가 정말 좋습니다 . 아무튼 귀여운 모자 걸 과는 다르게 난이도 는 귀엽지 않습니다 . 어느 정도 익숙해질 때 가 되면 이건 어때 하면서 더 어려운것을 요구 합니다 . 사실 본 편 은 그렇게 어려운 편 은 아니지만 DLC 의 난이도 가 정말 화납니다 . 특히 데스 웅 위시 의 난이도 는 쓰레기 입니다 . 유저 들 이 조금 더 어려운 걸 요구 해서 낸 DLC 인데 정말 어렵습니다 . 그건 니 가 못 한거 아니냐라고 하실 분도 계실텐데 맞습니다 . 그런데 저 는 다크 소울 도 해보고 할로우 나이트 도 해봤지만 요 DL,2020-02-01 04:54:40
253230,A Hat in Time,positive,"어 햇 인타임, 증말 갓겜입니다.","어 햇 인타임 , 증말 갓 겜 입니다 .",2020-01-31 19:04:03
253230,A Hat in Time,positive,해봐라 두번 해봐라,해봐라 두 번 해봐라,2020-01-31 12:40:39
253230,A Hat in Time,positive,아... 엔딩보고 멍하게 있는 줄 알았는데 어느 샌가 DLC까지 사고 있네? 모자걸 너무 귀엽네,아 ... 엔딩 보고 멍하게 있는 줄 알았는데 어느 샌가 DLC 까지 사고 있네 ? 모자 걸 너무 귀엽네,2020-01-30 21:36:26
253230,A Hat in Time,positive,그저 갓껨. 패드 보유중이면 훨씬 재밌게 할 수 있습니다. 패드로 하는 손 맛이 일품.,그저 갓껨 . 패드 보유 중이 면 훨씬 재밌게 할 수 있습니다 . 패드 로 하는 손 맛 이 일품 .,2020-01-30 21:35:59
253230,A Hat in Time,positive,귀엽잖아?,귀엽잖아 ?,2020-01-30 13:50:44
253230,A Hat in Time,positive,처음에 몇시간 하다가 질려 버릴 것 같은데 챕터마다 배울수있는 스킬이 생기고 또 그 스킬 가지고 예전에 했던곳 가보고 여러모로 도전정신을 자극하는 요소가 정말 많다. 고인물들을 위한 데스위시 챕터도 있으니까 분량은 완전 제값한다,처음 에 몇 시간 하다가 질려 버릴 것 같은데 챕 터 마다 배울수있는 스킬 이 생기 고 또 그 스킬 가지 고 예전 에 했던 곳 가보고 여러 모로 도전 정신 을 자극 하는 요소 가 정말 많다 . 고 인물 들 을 위 한 데스 위시 챕 터 도 있으니까 분량 은 완전 제 값 한다,2020-01-29 23:49:35
253230,A Hat in Time,positive,모자걸은 귀엽지만 어느정도 난이도가 있는 게임...,모자 걸은 귀엽지만 어느 정도 난이도 가 있는 게임 ...,2020-01-29 18:34:29
253230,A Hat in Time,positive,귀여,귀여,2020-01-29 01:08:36
253230,A Hat in Time,positive,한마디 할게요 개꿀잼,한마디 할게요 개꿀잼,2020-01-28 18:26:03
253230,A Hat in Time,positive,"오랜만에 플레이하면서 ""재밌다"" 라는 플레이를 느끼게 되는 게임입니다. 정말 재미있네요 무엇보다 모자걸 참 귀여워 아직 스튜디오까지밖에 클리어를 못했지만 정말 재미있습니다.!","오랜 만 에 플레이 하면서 "" 재밌다 "" 라는 플레이 를 느끼게 되는 게임 입니다 . 정말 재미있네요 무엇 보다 모자 걸 참 귀여워 아직 스튜디오 까지 밖에 클리어 를 못 했지만 정말 재미있습니다 .!",2020-01-28 16:12:47
253230,A Hat in Time,positive,peck,peck,2020-01-27 23:22:34
253230,A Hat in Time,positive,역시 게임은 적어도 한시간 이상은 해봐야 아네요.,역시 게임 은 적어도 한 시간 이상은 해봐야 아 네 요 .,2020-01-27 21:44:55
253230,A Hat in Time,positive,커여워,커여 워,2020-01-27 21:12:01
253230,A Hat in Time,positive,미쳣다,미쳣다,2020-01-27 17:52:21
253230,A Hat in Time,positive,씹덕겜인줄 알았는데 힐링겜인줄 알았지만 혹독한 컨트롤게임 나같은 발컨에게는 정말 어려운 게임이였다... 하지만 모자걸이 정말 귀엽고 옷이나 모자 얻는 아기자기한 재미가 있습니다! DLC도 다 샀는데 유령아저씨가 보내주는곳은 어려워서 시도를 못하고 있어요 하지만 모자애기가 너무 귀엽고 스토리도 동화보는것처럼 재밌어서 추천합니다!,씹덕 겜 인 줄 알았는데 힐링 겜 인 줄 알았지만 혹독한 컨트롤 게임 나 같은 발컨 에게는 정말 어려운 게임 이 였다 ... 하지만 모자 걸이 정말 귀엽고 옷 이나 모자 얻는 아기자기한 재미 가 있습니다 ! DLC 도 다 샀는데 유령 아저씨 가 보내주는 곳 은 어려워서 시도 를 못 하고 있어요 하지만 모자 애기 가 너무 귀엽고 스토리 도 동화 보는것처럼 재밌어서 추천 합니다 !,2020-01-26 19:58:59
253230,A Hat in Time,positive,"개성있는 세계관과 캐릭터, 그에 맞는 브금과 쉽지만은 않은 퍼즐 난이도.. 그리고 아주 귀여운 모자걸과 함께 즐거운 시간 보냈습니다~","개성 있는 세계관 과 캐릭터 , 그 에 맞는 브금 과 쉽지만은 않은 퍼즐 난이도 .. 그리고 아주 귀여운 모자 걸 과 함께 즐거운 시간 보냈습니다 ~",2020-01-26 17:31:45
253230,A Hat in Time,positive,3D 플랫포밍이 재밌다,3 D 플랫포밍 이 재밌다,2020-01-26 14:26:54
253230,A Hat in Time,positive,이 게임을 하면서 개인적으로 힐링을 많이 받았고 다른 게임을 통해 받은 스트레스를 모자걸을 보면서 스트레스가 녹아버렸습니다. 제한시간도 따로 없어서 여유도 많이 생겼고 (데스위시 제외) 게임 내에서 사진 찍을 수 있고 필터도 다양하게 있어서 사진찍는데에도 꽤나 시간 쓴거같습니다. 오랜만에 힐링 받는 기분이라 추ㅊ..모자걸 최고야! ++2/2 추가 그 dlc를 사지 말았어야 했다.. 그 dlc는 고통을 주기 위한 힐링이라는 탈을 썼다. 하지만 모자걸은 귀여우니 안심하고 이용해주세요 ^^b,이 게임 을 하면서 개인 적 으로 힐링 을 많이 받았고 다른 게임 을 통해 받은 스트레스 를 모자 걸 을 보면서 스트레스 가 녹아 버렸습니다 . 제 한 시간 도 따로 없어서 여유도 많이 생겼고 ( 데스 위시 제외 ) 게임 내 에서 사진 찍 을 수 있고 필터 도 다양하게 있어서 사진 찍는데에도 꽤 나 시간 쓴거 같습니다 . 오랜 만 에 힐링 받는 기분 이라 추 ㅊ .. 모자 걸 최고 야 ! ++ 2/2 추가 그 dlc 를 사지 말았어야 했다 .. 그 dlc 는 고통 을 주기 위 한 힐링 이라는 탈 을 썼다 . 하지만 모자 걸은 귀 여우 니 안심 하고 이용 해주세요 ^^ b,2020-01-26 10:54:47
253230,A Hat in Time,positive,절대모자해,절대 모 자해,2020-01-26 00:01:42
253230,A Hat in Time,positive,gg,gg,2020-01-25 21:39:41
253230,A Hat in Time,positive,붸에에에,붸에에 에,2020-01-25 15:22:21
253230,A Hat in Time,positive,재밌음,재밌음,2020-01-25 12:58:15
253230,A Hat in Time,positive,꿀잼ㅎㅎ,꿀잼 ㅎㅎ,2020-01-25 11:27:34
253230,A Hat in Time,positive,모자걸 너무 귀엽네요 스토리도 귀엽고 다귀엽누,모자 걸 너무 귀엽네요 스토리 도 귀엽고 다 귀엽 누,2020-01-24 23:55:36
253230,A Hat in Time,positive,마리오 같은 게임!,마리오 같은 게임 !,2020-01-24 18:45:32
253230,A Hat in Time,positive,귀엽다,귀엽다,2020-01-24 15:28:39
253230,A Hat in Time,positive,"다른 기존의 퍼즐 방식으로 착각하면 안되는 게임. 상당히 많은 컨텐츠 요소를 섞어 넣었음에도 지루하지도 복잡하지도 않게 조율하였다. 다른 게임은 하기 싫은 다양한 컨텐츠를 넣어 망하거나 용량만 차지한다. 챕터마다 똑같은 퍼즐방식의 게임이 아닌 각각 챕터마다 특유의 방식성과 아이템,상호작용,스토리가 들어가 챕터하나하나가 지루하지 않고 기대가 된다. 또한 챕터마다 어울리며 여운이 남는 BGM의 위력,압도적 긍정적 평가가 이해갈만하다. 이런 형태의 게임을 잘 못하는 플레이어도 잠시 막히면 게임을 끄고 나중에 다시하면 쉽게 풀릴","다른 기존 의 퍼즐 방식 으로 착각 하면 안되는 게임 . 상당히 많은 컨텐츠 요소 를 섞어 넣었음에도 지루하지도 복잡하지도 않게 조율 하였다 . 다른 게임 은 하기 싫은 다양한 컨텐츠 를 넣어 망하거나 용량 만 차지 한 다 . 챕 터 마다 똑같은 퍼즐 방식 의 게임 이 아닌 각각 챕 터 마다 특유 의 방식 성과 아이템 , 상호작용 , 스토리 가 들어가 챕 터 하 나 하나 가 지루하지 않고 기대 가 된다 . 또한 챕 터 마다 어울리며 여운 이 남는 BGM 의 위력 , 압도 적 긍정 적 평가 가 이 해갈 만하 다 . 이런 형태 의 게임 을 잘 못 하는 플레이어 도 잠시 막히면 게임 을 끄고 나중 에 다시 하면 쉽게 풀릴",2020-01-24 11:49:46
253230,A Hat in Time,positive,모자걸 카와이,모자 걸 카와이,2020-01-23 23:07:40
253230,A Hat in Time,positive,귀여움. 마리오 같은거 하고싶음 사셈,귀 여 움 . 마리오 같은거 하고싶음 사셈,2020-01-23 20:38:52
253230,A Hat in Time,positive,귀엽고 재미있음. 40대지만 그럭저럭 도전하면 클리어할수 있는 난이도 정말 재미있게함. dlc를 더 내놓으시오....,귀엽고 재미있음 . 40 대지 만 그럭저럭 도전 하면 클리어 할수 있는 난이도 정말 재미있게 함 . dlc 를 더 내놓으시오 ....,2020-01-23 17:40:50
253230,A Hat in Time,positive,멀미,멀미,2020-01-23 13:02:19
253230,A Hat in Time,positive,이런류 게임을 안해봐갖고 진짜ㅋ 별 기대 안했는데 핵꿀잼입니다. 현생만 아니면 진짜 이것만 하고싶네요. 모자걸 너무 귀엽고 애들 다 귀여움ㅠ 보면서 힐링하고있음; 가끔 발컨 튀어나와서 못깨서 빡치려고할때마다 클리어해서 난이도도 그렇게 어렵지도 않음. 다만 내 손이 문제일뿐...아무튼 이거 해주세요 모자걸 해주세요 여러분..모자걸이랑 마피아가 너무 귀여워요 사랑스러워요..물범도 너무 귀여워ㅠ애들이랑 손 맞잡고 쎄쎄쎄하면서 지구 한바퀴 돌고싶어요.....너무 재밌어......시간 순삭겜...,이런 류 게임 을 안 해봐 갖고 진짜 ㅋ 별 기대 안 했는데 핵꿀잼 입니다 . 현생 만 아니면 진짜 이 것 만 하고싶네요 . 모자 걸 너무 귀엽고 애 들 다 귀 여 움 ㅠ 보면서 힐링 하고있음 ; 가끔 발컨 튀어나와서 못 깨서 빡치려고 할 때 마다 클리어 해서 난이도 도 그렇게 어렵지도 않음 . 다만 내 손 이 문 제일 뿐 ... 아무튼 이 거 해주세요 모자 걸 해주세요 여러분 .. 모자 걸이 랑 마피아 가 너무 귀여워요 사랑스러워요 .. 물범 도 너무 귀여워 ㅠ 애 들 이랑 손 맞 잡고 쎄 쎄 쎄하면서 지구 한 바퀴 돌고싶어요 ..... 너무 재밌어 ...... 시간 순삭 겜 ...,2020-01-23 00:19:55
253230,A Hat in Time,positive,JUST HAT KID,JUST HAT KID,2020-01-22 21:35:21
253230,A Hat in Time,positive,진짜 너무 재밌는 어드벤처 게임! 이 게임을 하고나서 어드벤처 게임 뿐만 아니라 스팀 게임을 왜 사람들이 사는지 알거같단 생각이 들었어요. 게임도 게임대로 정말 재밌었고 무엇보다 주인공이 너무 귀여워요 왜 사람들이 모자걸 세상 귀엽다고 하는지 알것같았습니다. 돈이 전혀 아깝지 않았구요. 개발하시는 분들이 얼마나 많은 생각을 하고 만들었는지 느낄 수 있었습니다.,진짜 너무 재밌는 어드벤처 게임 ! 이 게임 을 하고나서 어드벤처 게임 뿐 만 아니라 스팀 게임 을 왜 사람 들 이 사는지 알거 같단 생각 이 들었어요 . 게임 도 게임 대로 정말 재밌었고 무엇 보다 주인공 이 너무 귀여워요 왜 사람 들 이 모자 걸 세상 귀엽다고 하는지 알것 같았습니다 . 돈 이 전혀 아깝지 않았구요 . 개발 하시는 분 들 이 얼마나 많은 생각 을 하고 만들었는지 느낄 수 있었습니다 .,2020-01-22 15:08:53
253230,A Hat in Time,positive,커 여 워,커 여 워,2020-01-22 00:43:12
253230,A Hat in Time,positive,저는 컨트롤이 좋지 못해서 어렵지만 컨트롤이 괜찮으신 분들은 쉽게 깨실 수 있어요!! 그리고 무엇보다도 모자걸이 귀엽답니다ㅠㅠ 모자를 더 수집하고 싶어요!! 마리오나 소닉 좋아하시는 분들 좋아하실것 같아요ㅠㅠ그렇지만 최적화가 좀 안되어있는것 같아요 노트북으로 해서 그렇긴 하지만 렉이 좀 많이 걸리기도 하고 용량도 많고...렉이 안걸리게 하려면 게이밍 노트북을 사거나 아니면 피씨방이나 퀄리티가 좋은 집 컴퓨터로 하시는 것이 좋을것 같아요~~그럼 모두 모자나잇하시고 모자걸과 함께 즐겜하세요~~!!,저 는 컨트롤 이 좋지 못 해서 어렵지만 컨트롤 이 괜찮으신 분 들 은 쉽게 깨실 수 있어요 !! 그리고 무엇 보다도 모자 걸이 귀엽답니다 ㅠㅠ 모자 를 더 수집 하고 싶어요 !! 마리오 나 소닉 좋아하시는 분들 좋아하실것 같아요 ㅠㅠ 그렇지만 최적화 가 좀 안되어있는것 같아요 노트북 으로 해서 그렇긴 하지만 렉 이 좀 많이 걸리 기도 하고 용량 도 많고 ... 렉 이 안 걸리게 하려면 게이 밍 노트북 을 사거나 아니면 피 씨방 이나 퀄리티 가 좋은 집 컴퓨터 로 하시는 것 이 좋을것 같아요 ~~ 그럼 모두 모자 나잇 하시고 모자 걸 과 함께 즐겜 하세요 ~~!!,2020-01-21 01:41:05
253230,A Hat in Time,positive,사람이면 모자걸 하십시오,사람 이면 모자 걸 하십시오,2020-01-20 23:53:24
253230,A Hat in Time,positive,WA! 모자 갓겜!,WA ! 모자 갓 겜 !,2020-01-20 16:22:28
253230,A Hat in Time,positive,처음에는 솔직히 씹덕겜이라고 생각했습니다. -------------------------------------------------------------- 근데 기대하지 않고 시작했는데 이게임... 모자걸이 너무 커엽습니다... 맵마다 개성이 존재하지만 솔직히 말하면 유령맵이랑 스카이라인은 조금 부족한면이 존재했다고 느껴집니다. ------------------------------------------------------------- 이번에 DLC도 사봤습니다. 냐쿠쟈 지하철 솔직히 저는 그냥저냥 플레이 했습니다. 본편을 다 꺠,처음 에는 솔직히 씹덕 겜 이라고 생각 했습니다 . -------------------------------------------------------------- 근데 기대하지 않고 시작 했는데 이 게임 ... 모자 걸이 너무 커엽습니 다 ... 맵 마다 개성 이 존재 하 지만 솔직히 말 하면 유령 맵 이랑 스카이라인 은 조금 부족한면이 존재 했다고 느껴집니다 . ------------------------------------------------------------- 이번 에 DLC 도 사봤습니다 . 냐쿠쟈 지하철 솔직히 저 는 그냥 저 냥 플레이 했습니다 . 본 편 을 다 꺠,2020-01-20 15:11:47
253230,A Hat in Time,positive,"3D 플랫포머 형식의 게임으로 솔직히 마리오 오디세이와 비슷한 느낌이라고 많이 느껴졌습니다. 실제로도 그렇고 말이죠. 하지만 이 게임 특유의 분위기와 성격은 매우 독창적이며 창의적이라는 느낌을 받았습니다. 바로 장단점으로 넘어가 보자면 장점 1. 아기자기한 그래픽 주인공, 적, 수집요소 모두가 아기자기한 그래픽을 가지고 있다보니, 상당히 귀엽다는 느낌을 받았어요. 수집요소가 이러니 그것도 열심히 모으게 되더군요. 게다가 개인적으로 이런 캐릭터 디자인은 게임의 진입장벽 또한 낮춰줄 수 있다고 생각하고 있으니 말이죠. 게임을 별로 좋아","3 D 플랫포머 형식 의 게임 으로 솔직히 마리오 오디세이 와 비슷한 느낌 이라고 많이 느껴졌습니다 . 실제 로 도 그렇고 말 이 죠 . 하지만 이 게임 특유 의 분위기 와 성격 은 매우 독창 적 이며 창의 적 이라는 느낌 을 받았습니다 . 바로 장단점 으로 넘어가 보자면 장점 1 . 아기자기한 그래픽 주인공 , 적 , 수집 요소 모두 가 아기자기한 그래픽 을 가지 고 있다 보니 , 상당히 귀엽다는 느낌 을 받았어요 . 수집 요소 가 이러니 그것 도 열심히 모으게 되더군요 . 게다가 개인 적 으로 이런 캐릭터 디자인 은 게임 의 진입 장벽 또한 낮춰줄 수 있다고 생각 하고 있으니 말 이 죠 . 게임 을 별로 좋아",2020-01-20 10:20:42
253230,A Hat in Time,positive,처음에 이게 뭐야하고.. 사실 좀 충격먹어서 환불했다가 아냐 다시 해보자 하고 취소하고 했는데... 환불 안하길 너무 잘한거같은 작품... 저도 모르게 빠져들고 있었어여.. 겁나 재밋어..,처음 에 이 게 뭐 야하고 .. 사실 좀 충격 먹어서 환불 했다가 아냐 다시 해보자 하고 취소 하고 했는데 ... 환불 안 하길 너무 잘 한거 같은 작품 ... 저 도 모르게 빠져들고 있었어여 .. 겁나 재밋어 ..,2020-01-20 01:58:31
253230,A Hat in Time,positive,띵작,띵작,2020-01-20 00:22:51
253230,A Hat in Time,positive,3D 플랫폼 게임의 참맛을 오랜만에 다시 본 듯한 느낌...,3 D 플랫폼 게임 의 참 맛 을 오랜 만 에 다시 본 듯 한 느낌 ...,2020-01-18 01:46:15
253230,A Hat in Time,positive,브금도 좋고 난이도도 적당하고 그리고 무엇보다도 모자걸이 커여움,브금 도 좋고 난이도 도 적당하고 그리고 무엇 보다도 모자 걸이 커여 움,2020-01-18 01:02:00
253230,A Hat in Time,positive,와! 모자걸 아시는구나 정말 커엽습니다. 뿌잉 쀄에에에에,와 ! 모자 걸 아시는구나 정말 커엽습니 다 . 뿌잉 쀄에에에 에,2020-01-17 22:03:24
253230,A Hat in Time,positive,"진짜 너무너무너무 귀엽다 자유도도 높고 유물, 코인, 룩, 가챠시스템까지 완벽함","진짜 너무 너무 너무 귀엽다 자유도 도 높고 유물 , 코인 , 룩 , 가챠 시스템 까지 완벽함",2020-01-17 13:42:58
253230,A Hat in Time,positive,모자걸이 너모커엽다,모자 걸이 너 모 커엽 다,2020-01-17 11:24:34
253230,A Hat in Time,positive,장점: 귀여움 진짜 귀여움 개귀여움 아 진짠데 아,장점 : 귀 여 움 진짜 귀 여 움 개 귀여 움 아 진 짠데 아,2020-01-15 17:45:57
253230,A Hat in Time,positive,냐쿠자 풀셋 귀여움. 챕터마다 장르가 다른게 장점.,냐쿠자 풀셋 귀 여 움 . 챕 터 마다 장르 가 다른 게 장점 .,2020-01-14 23:17:00
253230,A Hat in Time,positive,ㄹㅇ 노래 게임 다 만족스럽다 해보면암 닥치고 사야함,ㄹㅇ 노래 게임 다 만족스럽다 해보면 암 닥치고 사야 함,2020-01-14 22:38:43
253230,A Hat in Time,positive,귀여운 모자걸이 있다는 것만으로 이미 갓-겜입니다.,귀여운 모자 걸이 있다는 것 만으로 이미 갓 - 겜 입니다 .,2020-01-14 18:00:12
253230,A Hat in Time,positive,모자걸이 귀여웠다 암튼 귀여웠다,모자 걸이 귀여웠다 암튼 귀여웠다,2020-01-13 21:23:06
253230,A Hat in Time,positive,같은 플래포머 게임 슈퍼마리오 오딧세이도 재밋게 했엇지만 마리오 뽕 빼고보면 이 게임이 더 재밋는거 같습니다 일단 주인공이든 적이든 둘다 아기자기 하고 귀엽습니다 딱하나 바네사 여왕의 저택 이건 진짜 공포게임에 면역이 없으면 트라우마가 생길수도 있을거 같지만 공포구간 패스법도 잇으니 찾아보면 될거 같습니다,같은 플 래 포머 게임 슈퍼마리오 오딧세이 도 재밋 게 했 엇 지만 마리오 뽕 빼고 보면 이 게임 이 더 재밋는거 같습니다 일단 주인공 이든 적 이든 둘다 아기자기 하고 귀엽습니다 딱 하나 바네사 여왕 의 저택 이건 진짜 공포 게임 에 면역 이 없으면 트라우마 가 생길수도 있을거 같지만 공포 구간 패스 법도 잇으니 찾아보면 될거 같습니다,2020-01-13 14:36:07
253230,A Hat in Time,positive,게임 플레이는 슈퍼마리오 오디세이와 유사합니다 모자를 바꿔쓰면 능력이 바뀌는..... 그 대신 이 게임은 커여운 모자소녀가 있죠,게임 플레이 는 슈퍼마리오 오디세이 와 유사합니다 모자 를 바꿔 쓰면 능력 이 바뀌는 ..... 그 대신 이 게임 은 커 여운 모자 소녀 가 있죠,2020-01-13 14:19:55
253230,A Hat in Time,positive,재밌긴 한데 패드 없으면 암이 생긴다 ㅅ1발 패드 꼭 사라,재밌긴 한데 패드 없으면 암 이 생긴다 ㅅ 1 발 패드 꼭 사라,2020-01-13 00:12:21
253230,A Hat in Time,positive,춤추는 원숭이,춤추는 원숭이,2020-01-11 23:30:15
253230,A Hat in Time,positive,ㄱ,ㄱ,2020-01-11 19:52:06
253230,A Hat in Time,positive,PC로 하는 마리오64 캐릭터가 귀여움,PC 로 하는 마리오 64 캐릭터 가 귀 여 움,2020-01-11 14:22:34
253230,A Hat in Time,positive,이게 게임이다,이 게 게임 이다,2020-01-11 01:17:36
253230,A Hat in Time,positive,못난 부분 없이 개성있게 잘 만든 게임,못 난 부분 없이 개성 있게 잘 만든 게임,2020-01-10 18:28:31
253230,A Hat in Time,positive,"당신이 스위치가 없는 찐따라면, 당신이 슈퍼마리오 오딧세이가 하고싶다면. 이 게임을 사지 마세요. 스위치 사서 오딧세이 하세요","당신 이 스위치 가 없는 찐 따라면 , 당신 이 슈퍼마리오 오딧세이 가 하고싶다면 . 이 게임 을 사지 마세요 . 스위치 사서 오딧세이 하세요",2020-01-10 18:10:56
253230,A Hat in Time,positive,재밌다,재밌다,2020-01-10 11:43:26
253230,A Hat in Time,positive,모자,모자,2020-01-10 08:22:29
253230,A Hat in Time,positive,재밌다,재밌다,2020-01-10 04:45:57
253230,A Hat in Time,positive,커여운 모자걸만으로 구입하는 이유 확실,커 여운 모자 걸 만으로 구입 하는 이유 확실,2020-01-10 01:23:29
253230,A Hat in Time,positive,크흑.. 귀여워..,크 흑 .. 귀여워 ..,2020-01-09 18:35:19
253230,A Hat in Time,positive,푸잉,푸잉,2020-01-09 00:06:12
253230,A Hat in Time,positive,쉬워요 귀여워요 그리고 유치하지 않아요... 사라 사랑...,쉬워요 귀여워요 그리고 유치하지 않아요 ... 사라 사랑 ...,2020-01-08 15:12:35
253230,A Hat in Time,positive,정말 재미있는 게임. 정가로 사도 추천한다.,정말 재미있는 게임 . 정가 로 사도 추천 한다 .,2020-01-08 14:55:26
253230,A Hat in Time,positive,굿국숙숙숙숛,굿국숙숙숙숛,2020-01-08 05:28:14
253230,A Hat in Time,positive,그래픽 아름답다 진짜,그래픽 아름답다 진짜,2020-01-08 04:11:53
253230,A Hat in Time,positive,이 게임 재미 없는건 아닌데 추천은 안함,이 게임 재미 없는건 아닌데 추천 은 안함,2020-01-07 16:55:24
253230,A Hat in Time,positive,"먼저 모자걸이 귀엽다(가장 중요) 그리고 모자 종류나 스킨, 스티커등 수집요소가 많고 마피아 타운에 붙어있는 모자걸의 지명수배전단같이 세세한 디테일도 나름 신경 쓴 면이 보인다. 또한 챕터들의 난이도는 하~중정도 되어(6챕터 빼고, 아직도 배를 깔끔하게와 보라색 시간균열의 악몽이 생생히 기억난다) 3D 플랫포머를 많이 접하지 않은 사람들도 조금 연습하면 될 난이도이다. 그와 동시에 3D 플랫포머를 많이 해본 숙련자들을 위한 데스위시가 있어 3D 플랫포머에 자신 있다거나, 정신적 고통을 즐기는 M이라던가, 새로운 컴퓨터를 장만하고 싶","먼저 모자 걸이 귀엽다 ( 가장 중요 ) 그리고 모자 종류 나 스킨 , 스티커 등 수집 요소 가 많고 마피아 타운 에 붙어있는 모자 걸 의 지명 수배 전단 같이 세세한 디테 일도 나름 신경 쓴 면 이 보인다 . 또한 챕 터 들 의 난이도 는 하 ~ 중정 도 되어 ( 6 챕 터 빼고 , 아직도 배 를 깔끔하게와 보라색 시간 균열 의 악몽 이 생생히 기억난다 ) 3 D 플랫포머 를 많이 접 하지 않은 사람 들 도 조금 연습 하면 될 난이도 이다 . 그 와 동시 에 3 D 플랫포머 를 많이 해본 숙련 자 들 을 위 한 데스 위시 가 있어 3 D 플랫포머 에 자신 있다거나 , 정신 적 고통 을 즐기는 M 이 라던가 , 새로운 컴퓨터 를 장만 하고 싶",2020-01-07 03:41:22
253230,A Hat in Time,positive,팀포 저리가라 하는 모자 모으는 게임,팀포 저리 가라 하는 모자 모으는 게임,2020-01-06 21:24:35
253230,A Hat in Time,positive,내가 귀찮아서 몇시간 안하고 라이브러리에서 썩어가는 명작품이지만 확실히 기여운 모자걸이 나와서 춤추는것을보면 마음이 힐링되는 겜,내 가 귀찮아서 몇 시간 안 하고 라이브러리 에서 썩어가는 명 작품 이지만 확실히 기 여운 모자 걸이 나와서 춤추는것을 보면 마음 이 힐링 되는 겜,2020-01-06 17:04:39
253230,A Hat in Time,positive,이제 집에 갈 수 있다!,이제 집 에 갈 수 있다 !,2020-01-06 14:52:42
253230,A Hat in Time,positive,It's an honor to play this game.,It ' s an honor to play this game .,2020-01-06 10:23:00
253230,A Hat in Time,positive,재밌었지만 캐릭터가 콧수염 남성이었으면 안했을것,재밌었지만 캐릭터 가 콧수염 남성 이었으면 안 했을것,2020-01-06 06:44:27
253230,A Hat in Time,positive,모자좋아,모자 좋아,2020-01-06 01:56:16
253230,A Hat in Time,positive,좋은,좋은,2020-01-05 21:00:20
253230,A Hat in Time,positive,용량때문에 중도포기했지만 잠시나마 모자걸을 즐길 수 있어서 좋았습니다 당신들이 최고야! 모자걸 제일 귀엽다,용량 때문 에 중도 포기 했지만 잠시 나마 모자 걸 을 즐길 수 있어서 좋았습니다 당신 들 이 최고 야 ! 모자 걸 제일 귀엽다,2020-01-05 18:12:01
253230,A Hat in Time,positive,내 플탐쯤되면 할짓이없어서 하루종일 창작마당을 뒤지고있는 당신을 보게될것이다,내 플 탐 쯤 되면 할 짓 이 없어서 하루 종일 창작 마당 을 뒤지고있는 당신 을 보게 될것이다,2020-01-05 17:03:35
253230,A Hat in Time,positive,존나재미짐,존나 재미 짐,2020-01-05 16:55:51
253230,A Hat in Time,positive,말이 필요있나.. 갓겜이다,말 이 필요 있나 .. 갓 겜 이다,2020-01-05 11:13:30
253230,A Hat in Time,positive,수집요소들도 꽤나 찾기 쉽고 컨트롤도 하기 어려운 편이 아니기에 누구나 재미있게 지킬 수 있는 게임. 맵에 있는 수집요소들 모으다 보면 시간가는 줄 모르게 만드는 매우 재미있는 게임,수집 요소 들 도 꽤 나 찾기 쉽고 컨트롤 도 하기 어려운 편이 아니기에 누구 나 재미있게 지킬 수 있는 게임 . 맵 에 있는 수집 요소 들 모으다 보면 시간 가는 줄 모르게 만드는 매우 재미있는 게임,2020-01-04 22:53:55
253230,A Hat in Time,positive,마리오는 뭔짓을 해도 결국 피치의 붉은 노예 신세인데 그에 비해 모자걸은 자기 자신을 위해 행동하고 이용하려 드는 놈들을 전부 족쳐버려서 호구같은 마리오보다 시원시원해서 마음에 들었다.,마리오 는 뭔 짓 을 해도 결국 피치 의 붉은 노예 신세 인데 그 에 비해 모자 걸은 자기 자신 을 위해 행동 하고 이용 하려 드는 놈 들 을 전부 족쳐 버려서 호구 같은 마리오 보다 시원시원해서 마음 에 들었다 .,2020-01-04 00:54:21
253230,A Hat in Time,positive,플탐이 생각보다는 짧은데 구성은 알참 마리오에서 모자꼬맹이로 컨셉 잘 잡음 Seal The Deal 1414,플 탐이 생각 보다는 짧은데 구성은 알참 마리오 에서 모자 꼬맹이 로 컨셉 잘 잡음 Seal The Deal 1414,2020-01-03 22:35:51
253230,A Hat in Time,positive,갓겜(그 이외의 설명은 필요없습니다),갓 겜 ( 그 이외 의 설명 은 필요없습니다 ),2020-01-03 20:31:31
253230,A Hat in Time,positive,재미있어요^^,재미있어요 ^^,2020-01-03 11:51:05
253230,A Hat in Time,positive,마리오확장팩느낌 그래도 재밌음. 모자걸 귀엽다,마리오 확장팩 느낌 그래도 재밌음 . 모자 걸 귀엽다,2020-01-03 05:43:54
253230,A Hat in Time,positive,귀여워서 샀음,귀여워서 샀음,2020-01-03 01:04:25
253230,A Hat in Time,positive,8.7/10 오랜만에 만난 플랫포머 수작. 첫 월드 '마피아 타운'을 제외하면 한 맵을 진득히 둘러본다는 느낌보다는 일직선으로 진행해서 클리어한다는 성격이 강한 작품. 여기저기 닌텐도- 특히 마리오의 향기가 짙게 베어 있다. 후반부로 갈수록 몇몇 직관적이지 않은 레벨 디자인과 시선 고정이 단점으로 꼽히긴 하지만 전체적으로 스피디하고 만족할만한 퀄리티를 보여준다. 우리의 귀여운 주인공 모자소녀를 보는 맛도 아주 좋다.,8.7 / 10 오랜 만 에 만난 플랫포머 수작 . 첫 월드 ' 마피아 타운 ' 을 제외 하면 한 맵 을 진득 히 둘러본다는 느낌 보다는 일직선 으로 진행 해서 클리어 한다는 성격 이 강한 작품 . 여기저기 닌텐도 - 특히 마리오 의 향기 가 짙게 베어 있다 . 후반 부로 갈수록 몇몇 직관 적 이지 않은 레벨 디자인 과 시선 고정 이 단점 으로 꼽히긴 하지만 전체 적 으로 스피디 하고 만족할만 한 퀄리티 를 보여준다 . 우리 의 귀여운 주인공 모자 소녀 를 보는 맛 도 아주 좋다 .,2020-01-02 23:02:07
253230,A Hat in Time,positive,갓겜 모자걸 이쁨,갓 겜 모자 걸 이쁨,2020-01-02 18:05:37
253230,A Hat in Time,positive,귀엽,귀엽,2020-01-02 17:42:29
253230,A Hat in Time,positive,이 게임 올해의 게임 상 탔나요? 이 게임 대통령상같은거 받았나요? 진짜 잘만든 인디 게임도 찾기 어려운 시대인데 존나 재밌네요 꼭 사서 하셈 불따하면 님 잠자다가 바지에 실례함 ㅅㄱ,이 게임 올해 의 게임 상 탔나요 ? 이 게임 대통령 상 같은거 받았나요 ? 진짜 잘만 든 인디 게임 도 찾기 어려운 시대 인데 존나 재밌네요 꼭 사서 하 셈 불 따하면 님 잠자다가 바지 에 실례 함 ㅅㄱ,2020-01-02 17:34:06
253230,A Hat in Time,positive,🎩 \(⩌⩊⩌)\ ₎ ₎ 🎩 ₍ ₍ /(⩌⩊⩌)/ 🎩 \(⩌⩊⩌)\ ₎ ₎ 🎩 ₍ ₍ /(⩌⩊⩌)/,🎩 \( ⩌⩊⩌ )\ ₎ ₎ 🎩 ₍ ₍ /( ⩌⩊⩌ )/ 🎩 \( ⩌⩊⩌ )\ ₎ ₎ 🎩 ₍ ₍ /( ⩌⩊⩌ )/,2020-01-02 13:34:01
253230,A Hat in Time,positive,슈퍼마리오 감성에 귀여운 모자걸,슈퍼마리오 감성 에 귀여운 모자 걸,2020-01-01 23:13:42
253230,A Hat in Time,positive,돈이 안 아까운 재밌는 3d 플랫포머 게임 모자걸이 매우 커여우니 꼭 플레이해 보자,돈 이 안 아까운 재밌는 3 d 플랫포머 게임 모자 걸이 매우 커 여우 니 꼭 플레이 해 보자,2020-01-01 22:46:54
253230,A Hat in Time,positive,붸에에~~~,붸에 에 ~~~,2020-01-01 19:50:58
253230,A Hat in Time,positive,"한줄평: 3D 플랫포머의 정석(dlc 더내주라) 마딧세이랑 동시대에 태어나서 비극인 수작 개인적으로 마딧세이랑 비벼도 꿀리지않음 할인을 조금이라도 한다면 사는것을 적극 추천 할인 안해도 제값이상은 함 1.다양한 수집요소 (플탐 뻥튀기라고 느낄가능성 O, 구석구석 ㅈㄴ숨겨놓음) ★★★★☆ 2. 끝내주는 맵 디자인, 구성 (플랫포머의 핵심이라고 생각함) ★★★★★ +길 찾기가 생각보다 어렵고 불친절함 3. 아기자기한 그래픽 (이 만큼 귀여운 주인공이 또 어딨을까, 옷도 많으니 룩딸도 가능하다) ★★★★★ 4. 적당한 난이도(기","한 줄평 : 3 D 플랫포머 의 정석 ( dlc 더내주라 ) 마딧세 이랑 동시 대 에 태어나서 비극 인 수작 개인 적 으로 마딧세 이랑 비벼도 꿀리지 않음 할인 을 조금 이라도 한다면 사는것을 적극 추천 할인 안해 도 제 값 이상은 함 1 . 다양한 수집 요소 ( 플 탐 뻥튀기 라고 느낄 가능성 O , 구석구석 ㅈㄴ 숨겨놓음 ) ★★★★☆ 2 . 끝내주는 맵 디자인 , 구성 ( 플랫포머 의 핵심 이라고 생각 함 ) ★★★★★ + 길 찾기 가 생각 보다 어렵고 불친절함 3 . 아기자기한 그래픽 ( 이 만큼 귀여운 주인공 이 또 어딨을까 , 옷 도 많으니 룩딸 도 가능하다 ) ★★★★★ 4 . 적당한 난이도 ( 기",2019-12-31 18:03:00
253230,A Hat in Time,positive,그냥 사세요,그냥 사세요,2019-12-31 17:16:26
253230,A Hat in Time,positive,재미있음,재미있음,2019-12-31 16:33:43
253230,A Hat in Time,positive,The one of the 21 century best games,The one of the 21 century best games,2019-12-31 15:54:32
253230,A Hat in Time,positive,귀여워,귀여워,2019-12-31 14:59:51
253230,A Hat in Time,positive,"[h1]10/10[/h1] 마리오64 , 마리오 오딧세이등의 어드밴쳐 느낌을 좋아한다면 당장 사시면 됩니다.","[ h 1 ] 10/10 [/ h 1 ] 마리오 64 , 마리오 오딧세이 등 의 어드밴쳐 느낌 을 좋아한다면 당장 사시 면 됩니다 .",2019-12-31 03:04:51
253230,A Hat in Time,positive,슈퍼마리오 64에서 주인공을 귀여운 꼬맹이로 바꾸고 블랙 유머를 한 방울 투하한 느낌이다. 아무리 봐도 애들용은 아닌데 아기자기한 느낌,슈퍼마리오 64 에서 주인공 을 귀여운 꼬맹이 로 바꾸고 블랙 유머 를 한 방울 투하 한 느낌 이다 . 아무리 봐도 애 들 용은 아닌데 아기자기한 느낌,2019-12-31 01:37:50
253230,A Hat in Time,positive,잼있음,잼있음,2019-12-30 14:24:18
253230,A Hat in Time,positive,개꼴잼,개꼴잼,2019-12-30 06:07:59
253230,A Hat in Time,positive,갓겜,갓 겜,2019-12-30 00:26:59
253230,A Hat in Time,positive,"마리오 오딧세이, 그리고 어 햇 인 타임","마리오 오딧세이 , 그리고 어 햇 인 타임",2019-12-29 23:53:22
253230,A Hat in Time,positive,조금 해봤는데 되게 재밌고 잘만든 게임인 것 같아요,조금 해봤는데 되게 재밌고 잘만 든 게임 인 것 같아요,2019-12-29 20:16:02
253230,A Hat in Time,positive,구구절절 설명해봐야 의미가없다 30프로 할인할때 샀지만 정가주고도 살만큼 정말 재밌다 맵 디자인은 귀엽고 개성넘치고 이곳저곳 다 돌아보게 만드는 매력을 가지고있고 나오는 캐릭터들 또한 모두 각자의 매력이있어 질리지 않는다 무엇보다 주인공이 최고다 말이 필요없다 딸바보가 이래서 되는가 싶기도하고 우리딸이 최고다 이번 할인을 통해 모든 DLC까지 구매했지만 돈걱정보다 플레이할 생각에 설렘만 가득하다 이렇게 재밌게한 게임은 정말 오랜만이라 꼭 다른사람들도 해봤으면 좋겠다,구 구 절절 설명 해봐야 의미 가 없다 30 프로 할인 할 때 샀지만 정가 주 고도 살 만큼 정말 재밌다 맵 디자인 은 귀엽고 개성 넘치고 이 곳 저 곳 다 돌아보게 만드는 매력 을 가지고있고 나오는 캐릭터 들 또한 모두 각자 의 매력 이 있어 질리 지 않는다 무엇 보다 주인공 이 최고다 말 이 필요없다 딸바보 가 이래서 되는가 싶 기도 하고 우리 딸 이 최고다 이번 할인 을 통해 모든 DLC 까지 구매 했지만 돈 걱정 보다 플레이 할 생각 에 설렘만 가득하다 이렇게 재밌게한 게임 은 정말 오랜 만이 라 꼭 다른사람 들 도 해봤으면 좋겠다,2019-12-29 16:25:33
253230,A Hat in Time,positive,쥰내귀엽네,쥰내귀엽 네,2019-12-28 23:14:49
253230,A Hat in Time,positive,마리오 64나 오딧세이를 재밌게 한 경험이 있다 >>> 대추천,마리오 64 나 오딧세이 를 재밌게 한 경험 이 있다 >>> 대 추천,2019-12-28 20:35:46
253230,A Hat in Time,positive,당신은 김나성이 아닙니다.,당신 은 김 나성 이 아닙니다 .,2019-12-28 14:07:05
253230,A Hat in Time,positive,모자걸,모자 걸,2019-12-28 13:49:30
253230,A Hat in Time,positive,춤 추는거 보려고 DLC까지 긁었다 Dancin,춤 추는거 보려고 DLC 까지 긁었다 Dancin,2019-12-28 12:04:45
253230,A Hat in Time,positive,중간중간 막힐때 빡쳐도 햇키드의 귀여움만 보면 진정되는 갓겜,중간 중간 막힐 때 빡쳐도 햇 키드 의 귀 여 움 만 보면 진정 되는 갓 겜,2019-12-28 09:20:39
253230,A Hat in Time,positive,ㅆㅆㅌㅊ,ㅆㅆㅌㅊ,2019-12-28 04:16:30
253230,A Hat in Time,positive,"재밌습니다. 슈퍼마리오 하는 느낌이 들기도하고 스토리도 사실 어린이용 만화에나 나올법한 우리는 모두 친구@ 급 스토리지만 엄청 재밋게 플레이 했습니다. 다만 저에겐 익숙하지 않은 조작감, 몇몇지점에선 다음진행 방향으로 시선이 고정되 시점이 자유롭지 못한것이 거슬렷네요. 주변에 무언가 숨겨놓은게 잇지않았을까 하는데 못둘러보는 답답함이란... 그리고 한챕터에서 두개의 스토리를 동시 진행이 가능했었는데 동시에 클리어를해도 마지막에 클리어한 챕터만 깨져 한 챕터를 다시 반복플레이를 한 기억이 있어 이 부분도 조금 아쉬웠습니다. 조작감이","재밌습니다 . 슈퍼마리오 하는 느낌 이 들 기도 하고 스토리 도 사실 어린이 용 만화 에나 나올 법 한 우리 는 모두 친구 @ 급 스토리 지만 엄청 재밋 게 플레이 했습니다 . 다만 저 에겐 익숙하지 않은 조작 감 , 몇몇 지점 에선 다음 진행 방향 으로 시선 이 고정 되 시점 이 자유롭지 못 한것이 거슬렷네 요 . 주변 에 무언가 숨겨놓 은 게 잇지 않았을까 하는데 못 둘러보는 답답함이란 ... 그리고 한 챕 터 에서 두 개 의 스토리 를 동시 진행 이 가능했었는데 동시 에 클리어 를 해도 마지막 에 클리어 한 챕 터 만 깨져 한 챕 터 를 다시 반복 플레이 를 한 기억 이 있어 이 부분 도 조금 아쉬웠습니다 . 조 작 감 이",2019-12-28 02:01:50
253230,A Hat in Time,positive,"귀엽고 챕터 하나하나가 개성이 있어서 즐거운 게임. 냐쿠자 메트로 DLC는 구매하는게 업계의 상식. 지하철 올라타서 맵 탐색 하는 것도 속도감 있어서 좋고, 스티커나 신규 의상도 정말 귀여움. 고양이와 사이버펑크를 적절히 믹스한 독특한 분위기도 높게 평가.","귀엽고 챕 터 하나 하나 가 개성 이 있어서 즐거운 게임 . 냐쿠자 메트로 DLC 는 구매 하는게 업계 의 상식 . 지하철 올라타서 맵 탐색 하는 것 도 속 도감 있어서 좋고 , 스티커 나 신규 의상 도 정말 귀 여 움 . 고양이 와 사이버펑크 를 적절히 믹스 한 독특한 분위기 도 높게 평가 .",2019-12-27 11:20:49
253230,A Hat in Time,positive,리트나면 빡치긴한데 개꿀잼 ㅎ 냐쿠자 코스튬 귀여우니 사는거 추천,리트 나면 빡치 긴한데 개꿀잼 ㅎ 냐쿠자 코스튬 귀 여우 니 사는거 추천,2019-12-26 12:50:45
253230,A Hat in Time,positive,너무 귀여엉,너무 귀여 엉,2019-12-25 22:07:29
253230,A Hat in Time,positive,평화와안정~~~~~~~,평화 와 안정 ~~~~~~~,2019-12-25 18:53:49
253230,A Hat in Time,positive,ㅇㅇ,ㅇㅇ,2019-12-25 16:04:56
253230,A Hat in Time,positive,옛 동심을 자극시키는 게임. 너무 동심만을 자극시키지도 않아서 좋았다.,옛 동심 을 자극시키는 게임 . 너무 동심 만을 자극시키지도 않아서 좋았다 .,2019-12-25 15:47:51
253230,A Hat in Time,positive,"캐릭터,그래픽 아기자기 하고 귀엽고 난이도도 쉬운편이라 힐링됨","캐릭터 , 그래픽 아기자기 하고 귀엽고 난이도 도 쉬운 편이 라 힐링 됨",2019-12-25 05:55:38
253230,A Hat in Time,positive,언럭키 마리오 64,언럭키 마리오 64,2019-12-25 00:17:34
253230,A Hat in Time,positive,ㅈ같은 최적화를 보면 인디겜 수듄 이라는 소리가 절로나온다 다만 하다보면 은근 제미있고 모자걸이 너무 커여워서 계속한다 지하철dlc는 구매해도 아깝지않지만 물개(?) dlc는 난이도가 확어려워진느낌이 강해서 게임이 쉽게 느껴지면 구매를 추천한다 마지막으로 2070S쓰는데 ㅈ적화땜에 프레임 드랍 오지게걸림 옵션타협따위는 존제하지않는느낌,ㅈ 같은 최적화 를 보면 인디 겜 수듄 이라는 소리 가 절로 나온다 다만 하다 보면 은근 제 미있고 모자 걸이 너무 커여 워 서 계속 한다 지하철 dlc 는 구매 해도 아깝지 않지만 물개 (?) dlc 는 난이도 가 확 어려워진 느낌 이 강해서 게임 이 쉽게 느껴지면 구매 를 추천 한다 마지막 으로 2070 S 쓰는데 ㅈ 적 화 땜 에 프레임 드랍 오지 게 걸림 옵션 타협 따위 는 존 제하 지 않는 느낌,2019-12-24 23:29:58
253230,A Hat in Time,positive,플탐은 좀 짧은데 재미씀,플 탐은 좀 짧은데 재미 씀,2019-12-24 23:15:32
253230,A Hat in Time,positive,슈퍼마리오64 느낌나서 재밌다.,슈퍼마리오 64 느낌나서 재밌다 .,2019-12-24 22:57:42
253230,A Hat in Time,positive,게임의 전체적인 느낌은 우주를 돌아다니는 슈퍼마리오 갤럭시같고 게임 플레이 방식은 슈퍼마리오 64같은 느낌입니다 어릴때 슈퍼마리오64DS를 즐길때의 추억이 막 떠올랐던 좋은 게임입니다 수염난 아저씨가 아니라 귀여운 소녀가 나온다는 점도 플러스 요인입니다 추천!,게임 의 전체 적 인 느낌 은 우주 를 돌아다니는 슈퍼마리오 갤럭시 같고 게임 플레이 방식 은 슈퍼마리오 64 같은 느낌 입니다 어릴 때 슈퍼마리오 64 DS 를 즐길 때 의 추억 이 막 떠올랐던 좋은 게임 입니다 수염 난 아저씨 가 아니라 귀여운 소녀 가 나온다는 점도 플러스 요인 입니다 추천 !,2019-12-24 18:36:46
253230,A Hat in Time,positive,모자걸.. 귀 엽 다 !!!,모자 걸 .. 귀 엽 다 !!!,2019-12-24 18:07:46
253230,A Hat in Time,positive,간만에 순수하게 게임을 즐긴다는 느낌을 준 게임 근데 미친 도둑고양이 캣새키들 내 모자 가지고 떨어지는건 에바아니냐?,간만 에 순수하게 게임 을 즐긴다는 느낌 을 준 게임 근데 미친 도둑고양이 캣 새 키 들 내 모자 가지 고 떨어지는건 에바 아니냐 ?,2019-12-24 16:28:04
253230,A Hat in Time,positive,좋음,좋음,2019-12-23 22:44:32
253230,A Hat in Time,positive,그저 갓,그저 갓,2019-12-23 19:57:25
253230,A Hat in Time,positive,모자걸은 최고예요!,모자 걸은 최고 예요 !,2019-12-23 15:54:59
253230,A Hat in Time,positive,슈퍼마리오 느낌나는 귀여운 모자걸이랑 함께하는 모험이야기!,슈퍼마리오 느낌나는 귀여운 모자 걸이 랑 함께 하는 모험 이야기 !,2019-12-22 21:20:16
253230,A Hat in Time,positive,"사라, 두번사라","사라 , 두 번 사라",2019-12-22 14:32:11
253230,A Hat in Time,positive,Best hat ever,Best hat ever,2019-12-22 08:59:36
253230,A Hat in Time,positive,이걸 왜 이제 하는 거야!!!! (모자걸 커엽),이 걸 왜 이제 하는 거야 !!!! ( 모자 걸 커엽 ),2019-12-22 04:43:15
253230,A Hat in Time,positive,커엽,커엽,2019-12-20 00:04:53
253230,A Hat in Time,positive,최고다 모자걸,최고다 모자 걸,2019-12-18 22:00:44
253230,A Hat in Time,positive,꿀잼,꿀잼,2019-12-17 22:27:42
253230,A Hat in Time,positive,주인공 헷 키드가 정말 귀엽다. 우리 딸 하고싶은거 다해!,주인공 헷 키드 가 정말 귀엽다 . 우리 딸 하고 싶은거 다해 !,2019-12-17 19:40:07
253230,A Hat in Time,positive,"매력적인 캐릭터들, 아기자기한 연출, 끝내주는 BGM, 손고자도 재밌게 할 수있는 난이도 와! 갓겜!","매력 적 인 캐릭터 들 , 아기자기한 연출 , 끝내주는 BGM , 손고 자도 재밌게 할 수 있는 난이도 와 ! 갓 겜 !",2019-12-17 15:49:16
253230,A Hat in Time,positive,개 재밌다. 수집요소 모으는게 빡세긴해도 귀찮으면 모드써서 넘기면됨,개 재밌다 . 수집 요소 모으는게 빡세 긴 해도 귀찮으면 모드 써서 넘기면 됨,2019-12-17 05:28:10
253230,A Hat in Time,positive,구매 이후로 다른게임 안하고 이것만 하는중.(2주차 올클리어 거의 다옴) 난이도는 전반적으로는 쉬운 편이나 실더딜이 본편에 비해 너무 하드코어함. (망할 데스위시랑 선장 극대노 미터기) 그래도 깨는 맛이 있음. 냐쿠자 메트로까지 꼭 사세요. 고양이 귀여우엉 브금 진짜 잘 뽑음. 딱 모자겜에 어울리는 스타일. 모자걸 춤 자꾸 생각남.,구매 이후 로 다른 게임 안 하고 이 것 만 하는 중 .( 2 주차 올 클리어 거의 다 옴 ) 난이도 는 전반 적 으로는 쉬운 편이 나 실 더딜이 본 편 에 비해 너무 하드코어 함 . ( 망할 데스 위시 랑 선장 극 대 노 미터 기 ) 그래도 깨는 맛 이 있음 . 냐쿠자 메트로 까지 꼭 사세요 . 고양이 귀 여 우엉 브금 진짜 잘 뽑음 . 딱 모자 겜 에 어울리는 스타일 . 모자 걸 춤 자꾸 생각남 .,2019-12-15 16:22:26
253230,A Hat in Time,positive,갓-겜 스팀에서 브금 처음으로 사본 게임,갓 - 겜 스팀 에서 브금 처음 으로 사본 게임,2019-12-15 13:37:36
253230,A Hat in Time,positive,다집어치우고ost가너무좋음.,다 집어치우고 ost 가 너무 좋음 .,2019-12-15 13:28:18
253230,A Hat in Time,positive,아기자기하고 너무 재미있네요 ㅎㅎㅎㅎㅎ,아기자기하고 너무 재미있네요 ㅎㅎㅎㅎㅎ,2019-12-15 12:33:12
253230,A Hat in Time,positive,푸잉,푸잉,2019-12-14 21:31:31
253230,A Hat in Time,positive,피날레 너무좋았다 ㄹㅇ,피날레 너무 좋았다 ㄹㅇ,2019-12-13 00:19:21
253230,A Hat in Time,positive,귀여워 죽겠군...,귀여워 죽겠군 ...,2019-12-12 16:00:30
253230,A Hat in Time,positive,귀엽고 아기자기함 재밋음 ㅋㅋㅋㅋㅋㅋㅋㅋㅋㅋㅋㅋㅋ,귀엽고 아기자기함 재밋음 ㅋㅋㅋㅋㅋㅋㅋㅋㅋㅋㅋㅋㅋ,2019-12-11 17:24:02
253230,A Hat in Time,positive,갓겜,갓 겜,2019-12-11 03:23:31
253230,A Hat in Time,positive,갇겜이죠 암,갇겜이 죠 암,2019-12-10 15:50:16
253230,A Hat in Time,positive,편-안,편 - 안,2019-12-10 12:59:32
253230,A Hat in Time,positive,갓 갓 갓 갓갓은 갓 갓 갓 갓갓이지,갓 갓 갓 갓 갓 은 갓 갓 갓 갓 갓 이지,2019-12-10 01:00:24
253230,A Hat in Time,positive,모자걸이 귀엽습니다,모자 걸이 귀엽습니다,2019-12-09 18:01:44
253230,A Hat in Time,positive,그저 커엽습니디,그저 커엽습니디,2019-12-09 16:09:56
253230,A Hat in Time,positive,모자걸이 진짜 너무 귀여움!! 본편에서 마지막 보스전이랑 마피아와의 달리기 대결은 못 깼지만 그래도 다른 부분들은 공략을 참고하면 깰 수는 있었음ㅎㅎ DLC도 구입해서 플레이해봤는데 모자걸이 귀여워서 아주 만족스러움!,모자 걸이 진짜 너무 귀 여 움 !! 본 편 에서 마지막 보스 전이 랑 마피아 와의 달리기 대결 은 못 깼지만 그래도 다른 부분 들 은 공략 을 참고 하면 깰 수 는 있었음 ㅎㅎ DLC 도 구입 해서 플레이 해봤는데 모자 걸이 귀여워서 아주 만족스러 움 !,2019-12-09 15:54:53
253230,A Hat in Time,positive,제발 DLC 더 내주세오,제발 DLC 더 내주세오,2019-12-08 21:52:09
253230,A Hat in Time,positive,마리오 느낌나는 게임. 재밌다.,마리오 느낌나는 게임 . 재밌다 .,2019-12-08 18:11:35
253230,A Hat in Time,positive,홀리 대앰,홀리 대앰,2019-12-08 14:26:18
253230,A Hat in Time,positive,1시간정도 하면 멀미나긴하는데 캐릭터가 귀엽고 난이도도 똥손도 깰수있게 만든듯 추가로 챕터1 이야기5 핵심아이템 뭐 있어야하는건지 알려주실분?,1시간 정도 하면 멀미 나긴하는데 캐릭터 가 귀엽고 난이도 도 똥손 도 깰수있게 만든듯 추가 로 챕 터 1 이야기 5 핵심 아이템 뭐 있어 야하는 건지 알려주실 분 ?,2019-12-08 11:06:34
253230,A Hat in Time,positive,갓겜. 설명하기 귀찮다 그냥 사서해라,갓 겜 . 설명 하기 귀찮다 그냥 사 서해 라,2019-12-07 23:49:21
253230,A Hat in Time,positive,꿀잼,꿀잼,2019-12-07 23:40:18
253230,A Hat in Time,positive,"[h1][b]인디맛 슈퍼마리오 오딧세이[/b][/h1] [h1][b]난이도[/b][/h1] ☐ 손만 있다면 깬다 ☐ 순한맛 ☑ 평범 (본편,냐쿠자 지하철 한정) ☐ 다소 어려움 ☑ 매운맛 (실더딜 한정) ☐ 다크소울급 [h1][b]그래픽[/b][/h1] ☐ 유사 현실 ☐ 사진 촬영감 ☑ 우수함 ☐ 보통 ☐ 어딘가 부족함 ☐ 매우 부족함 ☐ 기타 [h1][b]최적화[/b][/h1] ☐ 90년대 ☐ 수년된 PC로도 가능 ☐ 매우 쾌적하게 가능 ☑ 평범한 가정용 PC도 무리 없음 ☑ 약간 무리, 어느정도 사양 필요 ☐ 초고사양 PC","[ h 1 ][ b ] 인디 맛 슈퍼마리오 오딧세이 [/ b ][/ h 1 ] [ h 1 ][ b ] 난이도 [/ b ][/ h 1 ] ☐ 손 만 있다면 깬다 ☐ 순 한 맛 ☑ 평범 ( 본 편 , 냐쿠자 지하철 한정 ) ☐ 다소 어려움 ☑ 매운 맛 ( 실 더딜 한정 ) ☐ 다크 소울 급 [ h 1 ][ b ] 그래픽 [/ b ][/ h 1 ] ☐ 유사 현실 ☐ 사진 촬영 감 ☑ 우수함 ☐ 보통 ☐ 어딘가 부족함 ☐ 매우 부족함 ☐ 기타 [ h 1 ][ b ] 최적화 [/ b ][/ h 1 ] ☐ 90년 대 ☐ 수년 된 PC 로 도 가능 ☐ 매우 쾌적하게 가능 ☑ 평범한 가정 용 PC 도 무리 없음 ☑ 약간 무리 , 어느 정도 사양 필요 ☐ 초고 사양 PC",2019-12-07 20:46:38
253230,A Hat in Time,positive,갓겜,갓 겜,2019-12-07 16:12:27
253230,A Hat in Time,positive,"재밌지만 컨텐츠와 플탐이 적은 정말 아쉬웠던 게임 마리오64처럼 스타가 정말 많았다면 좋았을거같다,","재밌지만 컨텐츠 와 플 탐이 적은 정말 아쉬웠던 게임 마리오 64 처럼 스타 가 정말 많았다면 좋았을거 같다 ,",2019-12-07 09:17:31
253230,A Hat in Time,positive,꿀잼,꿀잼,2019-12-06 21:47:29
253230,A Hat in Time,positive,인생겜,인생 겜,2019-12-06 08:56:09
253230,A Hat in Time,positive,3D멀미 조심 왜 압도긍정이겠음? 이런 게임들이 많았으면 할 뿐임,3 D 멀미 조심 왜 압도 긍정 이겠음 ? 이런 게임 들 이 많았으면 할 뿐임,2019-12-06 03:23:41
253230,A Hat in Time,positive,마리오 64나 갤럭시를 재미있게 한 사람들은 미친듯이 재미있게 즐길수 있다,마리오 64 나 갤럭시 를 재미있게 한 사람 들 은 미친듯이 재미있게 즐길수 있다,2019-12-05 12:28:26
253230,A Hat in Time,positive,귀여워,귀여워,2019-12-05 08:46:28
253230,A Hat in Time,positive,솔직히 단점이 아예 없는건 아닌데 그딴거 눈에 안들어오고 모자걸의 매력만 눈에 들어온다.,솔직히 단점 이 아예 없는건 아닌데 그딴 거 눈 에 안 들어오고 모자 걸 의 매력 만 눈 에 들어온다 .,2019-12-05 01:09:32
253230,A Hat in Time,positive,재밌음b,재밌음 b,2019-12-04 22:54:35
253230,A Hat in Time,positive,커어움,커어 움,2019-12-03 22:58:00
253230,A Hat in Time,positive,동심이 가득하고 아주 순수한 게임입니다 꼭 해보세요,동심 이 가득하고 아주 순수한 게임 입니다 꼭 해보세요,2019-12-03 10:08:57
253230,A Hat in Time,positive,컨트롤도 생각보다 어렵지 않고 게임이 아기자기하니 힐링 됩니다. 클리어 하고난뒤로 창작마당으로 아쉬움을 달래고 있어요.. 재밌었어요!,컨트롤 도 생각 보다 어렵지 않고 게임 이 아기자기하니 힐링 됩니다 . 클리어 하고난 뒤 로 창작 마당 으로 아쉬움 을 달래고 있어요 .. 재밌었어요 !,2019-12-03 00:43:31
253230,A Hat in Time,positive,귀여워,귀여워,2019-12-02 21:41:39
253230,A Hat in Time,positive,갓갓갓갓갓,갓 갓 갓 갓 갓,2019-12-02 08:57:40
253230,A Hat in Time,positive,귀여움,귀 여 움,2019-12-01 23:11:26
253230,A Hat in Time,positive,날라간 제 데이터를 찾습니다,날라 간 제 데이터 를 찾습니다,2019-12-01 22:25:28
253230,A Hat in Time,positive,재밌읍니당.. 퍼즐 같이 풀어나가는 재미가 쏠쏠합니다. 게임이 조금씩 어려워지는데 내 손꾸락이 문제겠지요..,재밌 읍 니당 .. 퍼즐 같이 풀어 나가는 재미 가 쏠쏠합니다 . 게임 이 조금씩 어려워지는데 내 손꾸락 이 문제 겠지요 ..,2019-12-01 20:20:57
253230,A Hat in Time,positive,이런 종류 게임이 더있었으면 좋겠어요,이런 종류 게임 이 더있었으면 좋겠어요,2019-12-01 16:25:14
253230,A Hat in Time,positive,아기자기하고 귀여움. 난이도도 재미있게 즐기기 좋음. 보스전은 앵간한 RPG게임 패턴보다 더 나음.,아기자기하고 귀 여 움 . 난이도 도 재미있게 즐기기 좋음 . 보스 전 은 앵 간 한 RPG 게임 패턴 보다 더 나음 .,2019-12-01 13:43:48
253230,A Hat in Time,positive,easy,easy,2019-12-01 11:49:20
253230,A Hat in Time,positive,이거 산 사람중에 1번맵 숨겨진 시간조각까지 싹 모은 사람이 30퍼센트나됌. 험블번들로 풀렸던 게임인데도! 그만큼 몰입감있고 쩝니다,이 거 산 사람 중 에 1 번맵 숨겨진 시간 조각 까지 싹 모은 사람 이 30 퍼센트 나 됌 . 험블번들 로 풀렸던 게임 인데 도 ! 그만큼 몰입 감있고 쩝 니 다,2019-12-01 11:13:54
253230,A Hat in Time,positive,"너무 재미있었어요!! ^^ 귀여운게임ㅜㅜ (심쿵) 여주 ""햇 키드"" 너무 귀여워..매력있어요 ^^ 스토리는 우주선을 타고 집으로 돌아가던 중, 갑자기.. 어느 날.. 마피아와 통행료 때문에 시비가 붙다가 창문이 깨지는 바람에 우주선의 연료인 시간 조각들(40개)이 죄다 날아가버리고 만다 다시 집으로 돌아가기 위해 주인공은 행성 곳곳에 흩어진 시간의 조각들을 모으기 시작합니다!! 스토리 너무 마음에 들어요 ^^ 여러분님들도 꼭 해보세요!! ㄴ(° 0 °)ㄱ 갓겜!!","너무 재미있었어요 !! ^^ 귀여운 게임 ㅜㅜ ( 심쿵 ) 여주 "" 햇 키드 "" 너무 귀여워 .. 매력 있어요 ^^ 스토리 는 우주선 을 타고 집 으로 돌아가던 중 , 갑자기 .. 어느 날 .. 마피아 와 통행료 때문 에 시비 가 붙다가 창문 이 깨지는 바람 에 우주선 의 연료 인 시간 조각 들 ( 40 개 ) 이 죄다 날아가 버리고 만다 다시 집 으로 돌아가기 위해 주인공 은 행성 곳곳 에 흩어진 시간 의 조각 들 을 모으기 시작 합니다 !! 스토리 너무 마음 에 들어요 ^^ 여러분 님 들도 꼭 해보세요 !! ㄴ ( ° 0 ° ) ㄱ 갓 겜 !!",2019-11-30 23:23:54
253230,A Hat in Time,positive,갓-겜,갓 - 겜,2019-11-30 22:18:55
253230,A Hat in Time,positive,귀여운 게임,귀여운 게임,2019-11-30 17:59:53
253230,A Hat in Time,positive,냐쿠자 보스 개 꼴림,냐쿠자 보스 개 꼴림,2019-11-30 17:46:38
253230,A Hat in Time,positive,푸잉,푸잉,2019-11-30 13:29:36
253230,A Hat in Time,positive,귀여워요 재밋어요,귀여워요 재밋어 요,2019-11-30 02:06:00
253230,A Hat in Time,positive,AHAHAHAH FOOOOOOOOOOOOOOOOOOOOOL-----,AHAHAHAH FOOOOOOOOOOOOOOOOOOOOOL -----,2019-11-30 01:57:24
253230,A Hat in Time,positive,아 일단 해보라구요 ㅋㅋㅋ,아 일단 해보라구요 ㅋㅋㅋ,2019-11-29 23:38:04
253230,A Hat in Time,positive,"그래픽 덕후들 보고있나, 게임은 그래픽이 전부라고? 그 징크스를 깨 부순 게임이 이거다.","그래픽 덕후 들 보고있나 , 게임 은 그래픽 이 전부 라고 ? 그 징크스 를 깨 부순 게임 이 이 거 다 .",2019-11-29 23:13:27
253230,A Hat in Time,positive,"은하계를 떠도는 외톨이 우주 소녀, 모자걸은 고향으로 되돌아가기 위해 평생을 노력했다. 그러나 변덕스러운 신의 농간인지 아니면 운명의 장난인지 그녀가 집으로 가기 위해 그동안 모았던 모든 것들은 예상치 못한 단 한 번의 사고로 전부 사라졌다. 이제 그녀는 고향으로 돌아가기 위해 수단과 방법을 가리지 않을 것이다. 그것이 그녀의 고결한 영혼을 악마에게 파는 것일지라도 말이다. 마피아와 손을 잡고 살인귀들과 경쟁하며 어둠의 세계에 발을 들인 소녀의 여정은 어떻게 끝날 것인가. 은하철도 999 이후 최초의 우주 누아르, A HAT","은하계 를 떠 도 는 외톨이 우주 소녀 , 모자 걸은 고향 으로 되돌아가기 위해 평생 을 노력 했다 . 그러나 변덕 스러운 신의 농간 인지 아니면 운명 의 장난 인지 그녀 가 집 으로 가기 위해 그동안 모았던 모든 것 들 은 예 상치 못 한 단 한 번의 사고 로 전부 사라졌다 . 이제 그녀 는 고향 으로 돌아가기 위해 수단 과 방법 을 가리지 않을 것 이다 . 그것 이 그녀 의 고결한 영혼 을 악마 에게 파는 것 일지 라도 말 이다 . 마피아 와 손 을 잡고 살인 귀 들 과 경쟁 하며 어둠 의 세계 에 발 을 들인 소녀 의 여정 은 어떻게 끝날 것 인가 . 은하 철도 999 이후 최초 의 우주 누 아르 , A HAT",2019-11-29 12:21:08
253230,A Hat in Time,positive,컴퓨터 사양이 낮아서 버벅거린다...하지만 모자걸은 너무 귀여운 걸?,컴퓨터 사양 이 낮아서 버벅거 린다 ... 하지만 모자 걸은 너무 귀여운 걸 ?,2019-11-29 03:55:17
253230,A Hat in Time,positive,여러분은 귀여운 모자걸이 시간조각을 찾기 위해 신나는 모험을 하는 게임을 기대하셨습니까? 🎩 ☠️ X 100,여러분 은 귀여운 모자 걸이 시간 조각 을 찾기 위해 신나는 모험 을 하는 게임 을 기대하셨습니까 ? 🎩 ☠️ X 100,2019-11-29 02:04:02
253230,A Hat in Time,positive,정말 잼있는 겜,정말 잼있는 겜,2019-11-28 21:21:31
253230,A Hat in Time,positive,모자걸,모자 걸,2019-11-28 20:23:12
253230,A Hat in Time,positive,귀여운 모자걸 하나만으로도 가치가 충분하다,귀여운 모자 걸 하나 만으로도 가치 가 충분하다,2019-11-28 14:24:43
253230,A Hat in Time,positive,안사면 손해,안사면 손해,2019-11-28 10:51:41
253230,A Hat in Time,positive,개씹갓겜,개 씹 갓 겜,2019-11-28 00:52:07
253230,A Hat in Time,positive,"[h1]즐기는 내내 밝고 틈없이 재미있는 게임[/h1] 오랜만에 진짜 재미있게 게임을 한것 같습니다 엔딩이라는건 분명히 알고 있지만 이 게임이 끝나지 않았으면 하는 기분이 들 정도로 상당히 잘 만들어져 있고 게임 내내 분위기가 귀여움에 맞춰져있죠 음악이나 그래픽, 캐릭터, 스토리 등등이 어 햇 인 타임에 맞춰 만들어지고 게임 진행 방식도 특이했으니 이 게임은 갓겜이 맞습니다. 몇가지 단점이 있다면 다 좋지만 어려운 구간에서 세이브를 좀 짜게 주는지라 빡쳤던적은 있네요 [table] [tr] [th]평가[/th] [th]점수[/","[ h 1 ] 즐기는 내내 밝고 틈 없이 재미있는 게임 [/ h 1 ] 오랜 만 에 진짜 재미있게 게임 을 한 것 같습니다 엔딩 이라는 건 분명히 알 고 있지만 이 게임 이 끝나지 않았으면 하는 기분 이 들 정도 로 상당히 잘 만들어져 있고 게임 내내 분위기 가 귀 여 움 에 맞춰져있죠 음악 이나 그래픽 , 캐릭터 , 스토리 등등 이 어 햇 인 타임 에 맞춰 만들어지고 게임 진행 방식 도 특이했으니 이 게임 은 갓 겜 이 맞습니다 . 몇 가지 단점 이 있다면 다 좋지만 어려운 구간 에서 세이브 를 좀 짜게 주는지라 빡쳤던 적은 있네요 [ table ] [ tr ] [ th ] 평가 [/ th ] [ th ] 점수 [/",2019-11-28 00:50:26
253230,A Hat in Time,positive,옛날에 슈퍼마리오 64를 굉장히 재밌게 했었는데 비슷하면서도 훨씬 재밌네요. 이런 류의 게임이 찾기 쉽지 않은데 흥해서 시리즈 물로 나왔으면 좋겠네요,옛날 에 슈퍼마리오 64 를 굉장히 재밌게 했었는데 비슷하면서도 훨씬 재밌네요 . 이런 류 의 게임 이 찾기 쉽지 않은데 흥 해서 시리즈 물 로 나왔으면 좋겠네요,2019-11-27 23:06:33
253230,A Hat in Time,positive,귀여운 모자걸과 함께 떠나는 여행을 즐기세요! 게임이 로딩시에 조금씩 끊기는것 빼고는 괜찮은것같아요 다른사람들은 조작감이 구리다고하는데 막상 해보니까 딱히 불편하지는 않았네요 모자걸 귀여워,귀여운 모자 걸 과 함께 떠나는 여행 을 즐기세요 ! 게임 이 로딩 시 에 조금씩 끊기는것 빼고는 괜찮은 것 같아요 다른사람 들 은 조 작 감 이 구리다고하는데 막상 해보니까 딱히 불편하지는 않았네요 모자 걸 귀여워,2019-11-27 22:37:52
253230,A Hat in Time,positive,Smug Kid,Smug Kid,2019-11-27 22:23:00
253230,A Hat in Time,positive,wa 갓겜,wa 갓 겜,2019-11-27 14:09:38
253230,A Hat in Time,positive,야자걸이 커엽다,야자 걸이 커엽다,2019-11-27 13:53:48
253230,A Hat in Time,positive,스토리도 재미있었고 게임 플레이도 매우 만족한 게임!!!!,스토리 도 재미있었고 게임 플레이도 매우 만족한 게임 !!!!,2019-11-27 12:29:37
253230,A Hat in Time,positive,뿌잉,뿌잉,2019-11-27 11:21:31
253230,A Hat in Time,positive,dancin,dancin,2019-11-27 11:15:00
253230,A Hat in Time,positive,https://youtu.be/dbn-QDttWqU,https://youtu.be/dbn-QDttWqU,2019-11-27 10:22:00
253230,A Hat in Time,positive,모자겜 모자걸이 귀엽다,모자 겜 모자 걸이 귀엽다,2019-11-27 04:12:46
253230,A Hat in Time,positive,캐릭터 귀여워여... 그리구 잼있어여!,캐릭터 귀여워여 ... 그리구 잼있어여 !,2019-11-27 03:19:11
253230,A Hat in Time,positive,애랑 같이하기 좋은 게임..,애 랑 같이 하기 좋은 게임 ..,2019-11-27 00:01:48
253230,A Hat in Time,positive,장점 : 1. 모자걸 귀여움 2. 동글동글 아기자기한 그래픽 3. 깨알같은 디테일 4. 귀여운 일러스트 5. 적당한 수집요소 단점 : 1. 그래픽보고 했다간 큰코다치는 난이도 2. 어른도 쪼는 공포맵,장점 : 1 . 모자 걸 귀 여 움 2 . 동글동글 아기자기한 그래픽 3 . 깨알 같은 디테일 4 . 귀여운 일러스트 5 . 적당한 수집 요소 단점 : 1 . 그래픽 보고 했다간 큰코다치는 난이도 2 . 어른 도 쪼 는 공포 맵,2019-11-26 15:47:26
253230,A Hat in Time,positive,귀여운 캐릭과 디자인의 능력 해금형 3D 플랫폼 게임. 게임의 특이점은 능력이 모자로 해금된다는 거 정도? 그렇게까지 특이하지도 않다. 그래픽과 최적화는 조금 아쉬울 수도 있을듯. 난이도도 적당하고 수집요소도 적당히 도전욕구를 부추겨서 재밌게 했다. DLC의 데스 위시 제외. 그건 갑작스런 난이도 상승이 별로였음. 어려우면 걍 안 사면 되는데 쉬운 게임에 스토리 추가 없이 어려운 것만을 목표로 해봐라는 개인적으로 별로.,귀여운 캐릭 과 디자인 의 능력 해금 형 3 D 플랫폼 게임 . 게임 의 특이점 은 능력 이 모자 로 해금 된다는 거 정도 ? 그렇게 까지 특이하지도 않다 . 그래픽 과 최적화 는 조금 아쉬울 수도 있을듯 . 난이도 도 적당하고 수집 요소 도 적당히 도전 욕구 를 부추겨서 재밌게 했다 . DLC 의 데스 위시 제외 . 그건 갑작스런 난이도 상승 이 별로 였음 . 어려우면 걍 안 사면 되는데 쉬운 게임 에 스토리 추가 없이 어려운 것 만을 목표 로 해봐라는 개인 적 으로 별로 .,2019-11-26 01:51:57
253230,A Hat in Time,positive,메탈킴이 재미있다 한겜,메탈킴 이 재미있다 한 겜,2019-11-26 01:32:17
253230,A Hat in Time,positive,갓겜,갓 겜,2019-11-26 00:04:42
253230,A Hat in Time,positive,아기자기한 분위기 보고 바로 샀습니다. 캐릭터나 더빙 레벨디자인 스토리 등등 공들이지 않은 부분이 없고 디테일 또한 감탄스럽습니다.,아기자기한 분위기 보고 바로 샀습니다 . 캐릭터 나 더빙 레벨 디자인 스토리 등등 공 들 이지 않은 부분 이 없고 디테일 또한 감탄 스럽습니다 .,2019-11-25 21:25:22
253230,A Hat in Time,positive,귀여운 비주얼이지만 생각보다 피지컬이 필요한게임 숨겨진 요소 찾는것도 재미있으며 스토리도 볼만함!,귀여운 비주 얼 이지만 생각 보다 피지 컬 이 필요 한게임 숨겨진 요소 찾는것도 재미있으며 스토리 도 볼 만 함 !,2019-11-25 10:31:59
253230,A Hat in Time,positive,모자걸 커여워,모자 걸 커여 워,2019-11-25 01:11:54
253230,A Hat in Time,positive,매우 커여움,매우 커여 움,2019-11-24 22:55:10
253230,A Hat in Time,positive,모자걸! 모자걸!,모자 걸 ! 모자 걸 !,2019-11-24 17:32:35
253230,A Hat in Time,positive,그냥 빠져듬 냐쿠자 지하철 무조건 사야함,그냥 빠져듬 냐쿠자 지하철 무조건 사야 함,2019-11-24 13:32:10
253230,A Hat in Time,positive,푸잉!,푸잉 !,2019-11-23 10:45:42
253230,A Hat in Time,positive,짱 재밌음 추천함,짱 재밌음 추천 함,2019-11-22 00:32:52
253230,A Hat in Time,positive,마리오 64와 비슷하지만 그것과는 다른 조금 색다른 느낌의 게임 냥쿠자 DLC 꼭 지르고 의상 얻어서 광명찾자,마리오 64 와 비슷하지만 그것 과는 다른 조금 색다른 느낌 의 게임 냥쿠자 DLC 꼭 지르고 의상 얻어서 광명 찾자,2019-11-22 00:28:16
253230,A Hat in Time,positive,푸잉 베에에~ 야!,푸잉 베 에 에 ~ 야 !,2019-11-21 22:06:51
253230,A Hat in Time,positive,추천... 압도적 추천... 모자걸 너무 귀엽잖어 ㅠㅠ 제발 엄청 큰 인형 내주세요 제바류ㅠㅠ,추천 ... 압도 적 추천 ... 모자 걸 너무 귀엽잖어 ㅠㅠ 제발 엄청 큰 인형 내주세요 제바 류 ㅠㅠ,2019-11-21 02:54:33
253230,A Hat in Time,positive,귀엽다,귀엽다,2019-11-17 18:27:11
253230,A Hat in Time,positive,지인이 추천해줘서 세일때 샀지만 그 다음세일때 바로 DLC 다 사게되는 게임 난이도도 적당히 어렵고 컨트롤이 조금 똥인 느낌이 있지만 게임 자체는 정말 재미있음 노가다를 조금 하긴 했지만 지루할 틈 없었던 게임 +) DLC샀는데 왜캐어렵?,지인 이 추천 해줘서 세 일 때 샀지만 그 다음 세 일 때 바로 DLC 다 사게 되는 게임 난이도 도 적당히 어렵고 컨트롤 이 조금 똥 인 느낌 이 있지만 게임 자체 는 정말 재미있음 노가다 를 조금 하긴 했지만 지루할 틈 없었던 게임 +) DLC 샀는데 왜캐 어렵 ?,2019-11-17 15:55:29
253230,A Hat in Time,positive,god,god,2019-11-17 15:48:02
253230,A Hat in Time,positive,귀여운거 하나면 최고지,귀여운거 하나 면 최고 지,2019-11-17 00:40:33
253230,A Hat in Time,positive,good game. have fun !,good game . have fun !,2019-11-16 21:38:47
253230,A Hat in Time,positive,힐링쩌는 게임,힐링쩌 는 게임,2019-11-16 20:10:44
253230,A Hat in Time,positive,기승전 얼음모자 ...아 랙,기 승전 얼음 모자 ... 아 랙,2019-11-16 18:34:50
253230,A Hat in Time,positive,유투버들이 추천하길래 사놨고 하지는 못했었다. 그냥 마리오랑 비스무리한 여행을 하고 비스무리한 목표(왕자님을 찾아온다는지...)를 할 줄 알았다. 그러나 이번에는 정말로 갓겜이라는 소리밖에 안나온다. 진짜 재미있고 할만하다.,유투 버들 이 추천 하길래 사놨고 하지는 못 했었다 . 그냥 마리오 랑 비 스무 리 한 여행 을 하고 비 스무 리 한 목표 ( 왕자 님 을 찾아온다는지 ...) 를 할 줄 알았다 . 그러나 이번 에는 정말로 갓 겜 이라는 소리 밖에 안 나온다 . 진짜 재미있고 할 만하 다 .,2019-11-16 15:37:31
253230,A Hat in Time,positive,슈퍼마리오64 마렵다,슈퍼마리오 64 마렵다,2019-11-16 00:34:13
253230,A Hat in Time,positive,기여어,기여 어,2019-11-15 21:14:48
253230,A Hat in Time,positive,어린애들이 하는 게임인가? 하고 했는데 겁나 재밌습니다 1따봉 드립니다.,어린 애 들 이 하는 게임 인가 ? 하고 했는데 겁나 재밌습니다 1 따 봉 드립니다 .,2019-11-14 18:25:07
253230,A Hat in Time,positive,신이난단다,신 이난 단다,2019-11-14 18:12:53
253230,A Hat in Time,positive,모자걸 커여움 케헤ㅔㅎ켘헤ㅔㅎ케ㅔ헤 너무 기여워,모자 걸 커여 움 케헤 ㅔㅎ 켘헤 ㅔㅎ 케 ㅔ 헤 너무 기여 워,2019-11-13 20:20:05
253230,A Hat in Time,positive,모자걸이 짱짱 귀여움^^ 조작법 간단! 단 줄타기 감각은 조금 숙달이 필요 단점이면 구석진곳에 카메라 돌리면 캐릭터고 뭐고 안보이는 현상이 있음,모자 걸이 짱짱 귀 여 움 ^^ 조 작법 간단 ! 단 줄타기 감각 은 조금 숙달 이 필요 단점 이면 구 석 진곳 에 카메라 돌리면 캐릭터 고 뭐 고 안 보이는 현상 이 있음,2019-11-13 15:45:18
253230,A Hat in Time,positive,모자갓겜 DLC실더딜 꼮살것,모자 갓 겜 DLC 실 더딜 꼮살것,2019-11-13 13:06:48
253230,A Hat in Time,positive,갓겜 데스위시 하나로 몇백시간은 채울수있을듯,갓 겜 데스 위시 하나로 몇 백 시간 은 채울수있을듯,2019-11-13 02:30:48
253230,A Hat in Time,positive,귀여워,귀여워,2019-11-12 18:36:33
253230,A Hat in Time,positive,심플한 그래픽과 스토리. 무난한 자유도와 조작감. 다만 보기보단 권장사항이 높은편.,심플 한 그래픽 과 스토리 . 무난 한 자유도 와 조작 감 . 다만 보기 보단 권장 사항 이 높은 편 .,2019-11-12 12:27:25
253230,A Hat in Time,positive,플랫포머 게임(마리오 같은)을 좋아하신다면 이건 무조건 해봐야 합니다 정말 잘만들었어요.,플랫포머 게임 ( 마리오 같은 ) 을 좋아하신다면 이건 무조건 해봐야 합니다 정말 잘 만들었어요 .,2019-11-12 05:27:55
253230,A Hat in Time,positive,정말 귀여운 게임이네요! 닌텐도로 하던 슈퍼마리오 64가 떠오르는 게임입니다.,정말 귀여운 게임 이네 요 ! 닌텐도 로 하던 슈퍼마리오 64 가 떠오르는 게임 입니다 .,2019-11-12 00:47:51
253230,A Hat in Time,positive,귀여움 그 자체 데스위시 빼고;;,귀 여 움 그 자체 데스 위시 빼고 ;;,2019-11-11 22:54:06
253230,A Hat in Time,positive,모자걸,모자 걸,2019-11-11 16:56:06
253230,A Hat in Time,positive,진짜 쥰내재밌음,진짜 쥰내 재밌음,2019-11-11 15:08:50
253230,A Hat in Time,positive,귀엽습니다,귀엽습니다,2019-11-11 03:44:36
253230,A Hat in Time,positive,"본편&냐쿠자DLC : 매운듯하면서 안매운듯 맵지않게 즐길 수 있는 난이도와 아기자기하고 귀여운캐릭터, 악당들도 저마다 독특한 개성으로 미워할 수 없는 매력을가졌고 같은맵을 돌아다녀도 이야기별로 색다른맛에 반할수밖에 없는게임. 실더딜DLC : 엄마야 너무 매워요 물좀주세요","본 편 & 냐쿠자 DLC : 매운듯 하면서 안 매운듯 맵 지 않게 즐길 수 있는 난이도 와 아기자기하고 귀여운 캐릭터 , 악당 들 도 저 마다 독특한 개성 으로 미워할 수 없는 매력 을 가졌고 같은 맵 을 돌아다녀도 이야기 별로 색다른 맛 에 반할수밖에 없는 게임 . 실 더딜 DLC : 엄마 야 너무 매워요 물 좀주세요",2019-11-10 22:15:15
253230,A Hat in Time,positive,킹갓 모자걸이 나오는 킹갓갓겜 진짜로 너무 꿀잼이고 사서 하면 후회하지는 않을거임!!!!!!!!!!!!,킹갓 모자 걸이 나오는 킹 갓 갓 겜 진짜 로 너무 꿀잼 이고 사서 하면 후회 하지는 않을거 임 !!!!!!!!!!!!,2019-11-10 18:42:16
253230,A Hat in Time,positive,생각보다 난이도 있고 재밌음 나오는 캐릭터들이 넘모 귀여움,생각 보다 난이도 있고 재밌음 나오는 캐릭터 들 이 넘 모 귀 여 움,2019-11-10 10:56:35
253230,A Hat in Time,positive,말이 필요 없는 초갓갓겜. DLC 퀄리티도 좋고 브금도 좋아서 지를거면 얼티밋으로 지르는 걸 추천 난이도는 꽤 있으며 골 때리는 특정 구간이 있음 어쨋든 모자걸 만세!,말 이 필요 없는 초 갓 갓 겜 . DLC 퀄리티 도 좋고 브금 도 좋아서 지를거면 얼티밋 으로 지르는 걸 추천 난이도 는 꽤 있으며 골 때리는 특정 구간 이 있음 어쨋 든 모자 걸 만세 !,2019-11-08 00:13:37
253230,A Hat in Time,positive,겁나 귀여운 햇키드와 뽕차는 OST = 갓겜,겁나 귀여운 햇 키드 와 뽕 차는 OST = 갓 겜,2019-11-07 21:44:40
253230,A Hat in Time,positive,깔끔한 그래픽에 캐릭터들도 개성이 많고 어드벤쳐 게임이라 수집요소도 많아서 돈이 아깝지 않은 게임입니다,깔끔한 그래픽 에 캐릭터 들 도 개성 이 많고 어드벤쳐 게임 이라 수집 요소 도 많아서 돈 이 아깝지 않은 게임 입니다,2019-11-07 02:00:39
253230,A Hat in Time,positive,Masterpiece,Masterpiece,2019-11-07 01:05:33
253230,A Hat in Time,positive,잼있다,잼있다,2019-11-06 19:54:48
253230,A Hat in Time,positive,그동안 쓰레기겜만 하다가 힐링겜하니까 마음이 좋읍니다,그동안 쓰레기 겜 만 하다가 힐링 겜 하 니까 마음 이 좋 읍니 다,2019-11-04 23:17:56
253230,A Hat in Time,positive,king-game,king - game,2019-11-04 20:36:42
253230,A Hat in Time,positive,8시간하고 엔딩봄 그래서 dlc가 얼마라고?,8시간 하고 엔딩 봄 그래서 dlc 가 얼마 라고 ?,2019-11-04 15:01:26
253230,A Hat in Time,positive,처음엔 흥미로웠지만 플레이해갈수록 지루함이 느껴진다.,처음 엔 흥미로웠지만 플레이 해 갈수록 지루함 이 느껴진다 .,2019-11-03 22:44:01
253230,A Hat in Time,positive,마리오 64 재밌게 했으면 꼭사셈,마리오 64 재밌게 했으면 꼭 사셈,2019-11-03 21:36:18
253230,A Hat in Time,positive,갓겜,갓 겜,2019-11-03 20:48:25
253230,A Hat in Time,positive,슈퍼마리오 64 재밌게 했으면 추천,슈퍼마리오 64 재밌게 했으면 추천,2019-11-03 18:38:48
253230,A Hat in Time,positive,마리오 등 각종 플랫폼 게임을 처음하는 입장에서는 플랫폼 게임의 입문작으로서 최고인 듯 합니다. 귀여운 캐릭터는 물론이고 적절한 난이도의 퍼즐과 단순하지만 분위기는 확 살리는 그래픽 및 연출이 정말 최고입니다.,마리오 등 각종 플랫폼 게임 을 처음 하는 입장 에서는 플랫폼 게임 의 입문 작 으로서 최고 인 듯 합니다 . 귀여운 캐릭터 는 물론 이고 적절한 난이도 의 퍼즐 과 단순하지만 분위기 는 확 살리는 그래픽 및 연출 이 정말 최고 입니다 .,2019-11-03 17:29:25
253230,A Hat in Time,positive,스토리가 전부 재밌고 돈이 아깝지 않은 게임,스토리 가 전부 재밌고 돈 이 아깝지 않은 게임,2019-11-03 16:56:43
253230,A Hat in Time,positive,"3d 구성 카메라 특성상 화면 가끔 안보이는건 처음에 적응하면 되고 스토리, 게임자체가 재밌음","3 d 구성 카메라 특성 상 화면 가끔 안 보이는건 처음 에 적응하면 되고 스토리 , 게임 자체 가 재밌음",2019-11-03 15:35:58
253230,A Hat in Time,positive,자꾸 꺼지네... 아 그래도 재밌으니 일단 추천준다.,자꾸 꺼지네 ... 아 그래도 재밌으니 일단 추천 준다 .,2019-11-03 12:16:44
253230,A Hat in Time,positive,존나 귀엽습니다. 카메라 뱃지를 잘 사용하셔서 햇 키드의 귀여움을 간직하셔야 합니다.,존나 귀엽습니다 . 카메라 뱃지 를 잘 사용 하셔서 햇 키드 의 귀 여 움 을 간직 하셔야 합니다 .,2019-11-03 12:15:50
253230,A Hat in Time,positive,"17년 10월, 부대 싸지방에서 트레일러를 보고 꽂혀서 플레이했던 게임이다. 집에서 게임기를 사준적이 없었기 때문에, 처음 해본 3D 마리오 게임(3D 플랫포머)이었다. PC의 기준으로 조작감이 좋고, 난이도도 어렵지 않다. 난이도가 쉬워서 재미없을까 두려할 수도 있는데, 오히려 더 재미있다. 다양한 탐험 및 수집 요소. 곳곳에 있는 독특한 캐릭터들과 오브젝트들. 그리고 상호작용. 맵 곳곳에 둘러볼 거리가 가득해 느긋한 마음으로 탐험하며 수집하는 재미가 쏠쏠하다. 매우 쉽게 느껴질 수 있는 난이도는 극적으로","17년 10월 , 부대 싸 지방 에서 트레일러 를 보고 꽂혀서 플레이 했던 게임 이다 . 집 에서 게임기 를 사 준 적 이 없었기 때문 에 , 처음 해본 3 D 마리오 게임 ( 3 D 플랫포머 ) 이었다 . PC 의 기준 으로 조 작 감 이 좋고 , 난이도 도 어렵지 않다 . 난이도 가 쉬워서 재미없을까 두려 할 수도 있는데 , 오히려 더 재미있다 . 다양한 탐험 및 수집 요소 . 곳곳 에 있는 독특한 캐릭터 들 과 오브젝트 들 . 그리고 상호작용 . 맵 곳곳 에 둘러볼 거리 가 가득해 느긋한 마음 으로 탐험 하며 수집 하는 재미 가 쏠쏠하다 . 매우 쉽게 느껴질 수 있는 난이도 는 극적 으로",2019-11-03 04:53:47
253230,A Hat in Time,positive,"[h1]0.주의사항[/h1] [i]스포일러 처리가 된 문장은 이미 이 게임을 깬 적이 있거나, 유튜브나 여러 매체에서 이미 스포일러를 당한 부류,[/i] [i]또는 그외 등등으로 스토리를 이미 전부 알고 있는 사람에겐 문제가 없지만 이제 막 입문하는 늅늅이들에겐[/i] [i]스포일러가 될 수 있으니 이미 열어본 사람에겐 어쩔 수 없지만, 열어보지 않는것을 추천한다.[/i] [h1]1.사양[/h1] 직접적으로 말하자면 [b][u]낮은 사양으로 할 생각 하면 안된다.[/u][/b] 카메라를 돌릴때마다 렉먹는걸 포함하여 가만히 조작없이","[ h 1 ] 0 . 주의 사항 [/ h 1 ] [ i ] 스포일러 처리 가 된 문장 은 이미 이 게임 을 깬 적 이 있거나 , 유튜브 나 여러 매체 에서 이미 스포일러 를 당한 부류 ,[/ i ] [ i ] 또는 그 외 등등 으로 스토리 를 이미 전부 알 고 있는 사람 에겐 문제 가 없지만 이제 막 입문 하는 늅늅이들 에겐 [/ i ] [ i ] 스포일러 가 될 수 있으니 이미 열어 본 사람 에겐 어쩔 수 없지만 , 열 어보 지 않는것을 추천 한다 .[/ i ] [ h 1 ] 1 . 사양 [/ h 1 ] 직접 적 으로 말 하자면 [ b ][ u ] 낮은 사양 으로 할 생각 하면 안된다 .[/ u ][/ b ] 카메라 를 돌릴 때 마다 렉 먹는걸 포함 하여 가만히 조작 없이",2019-11-03 00:07:02
253230,A Hat in Time,positive,개적화+모델링 발퀄 하지만 모자걸이 귀여워서 추천,개 적 화 + 모델링 발퀄 하지만 모자 걸이 귀여워서 추천,2019-11-02 18:36:29
253230,A Hat in Time,positive,귀여워,귀여워,2019-11-02 16:22:43
253230,A Hat in Time,positive,재미,재미,2019-11-02 11:28:24
253230,A Hat in Time,positive,김도 방송에서 상당한 인상을 받아 일단 질렀다. 게임 자체는 슈퍼마리오 64 느낌이 물씬 나지만 그것과는 또 별개로 굉장히 즐길 컨텐츠가 많다. dlc 컨텐츠와 창작마당 컨텐츠까지 합하면 플레이 타임이 꽤 늘어나리라 생각한다. 캐릭터들 자체도 아기자기하고.. 맵 곳곳에 소소한 유머 요소가 섞여있어서 재미를 더해준다. 최고야!,김 도 방송 에서 상당한 인상 을 받아 일단 질렀다 . 게임 자체 는 슈퍼마리오 64 느낌 이 물씬 나 지만 그것 과는 또 별개 로 굉장히 즐길 컨텐츠 가 많다 . dlc 컨텐츠 와 창작 마당 컨텐츠 까지 합 하면 플레이 타임 이 꽤 늘어나리라 생각 한다 . 캐릭터 들 자체 도 아기자기하고 .. 맵 곳곳 에 소소한 유머 요소 가 섞여있어서 재미 를 더해준다 . 최고 야 !,2019-11-02 04:26:59
253230,A Hat in Time,positive,귀!여!운! 모자 소녀와 힐링 모험을 떠나세요~,귀 ! 여 ! 운 ! 모자 소녀 와 힐링 모험 을 떠나세요 ~,2019-11-01 23:11:55
253230,A Hat in Time,positive,사랑해요 모자걸,사랑 해요 모자 걸,2019-11-01 23:00:45
253230,A Hat in Time,positive,"마리오 오딧세이 게섯거라!!!!!!!!!!!! 3D 플랫포머 오픈월드 형식의 게임인 A HAT IN TIME입니다. "" Hat Kid ""란 소녀가 집으로 가기 위해 우주선을 운전하던 도중 마피아를 만나 우주선의 연료인 모래시계를 맵 곳곳에 흘려버려 모자걸이 다시 찾아내는 줄거리입니다. 가격에 비해 플레이타임이 너무 짧다는 생각이 없지않아 있습니다. 그러나 컨텐츠의 부재를 창작마당으로 해결이 가능합니다. 세일할 때 사는것을 적극 권장합니다. 10/10","마리오 오딧세이 게섯거 라 !!!!!!!!!!!! 3 D 플랫포머 오픈월드 형식 의 게임 인 A HAT IN TIME 입니다 . "" Hat Kid "" 란 소녀 가 집 으로 가기 위해 우주선 을 운전 하던 도중 마피아 를 만나 우주선 의 연료 인 모래시계 를 맵 곳곳 에 흘려 버려 모자 걸이 다시 찾아내는 줄거리 입니다 . 가격 에 비해 플레이 타임 이 너무 짧다는 생각 이 없지 않아 있습니다 . 그러나 컨텐츠 의 부재 를 창작 마당 으로 해결 이 가능합니다 . 세 일 할 때 사는것을 적극 권장 합니다 . 10/10",2019-11-01 20:04:11
253230,A Hat in Time,positive,모자걸이 귀엽읍니다,모자 걸이 귀엽 읍니 다,2019-11-01 19:06:43
253230,A Hat in Time,positive,그저 모자걸이 귀여울뿐,그저 모자 걸이 귀 여울 뿐,2019-11-01 11:45:43
253230,A Hat in Time,positive,긔여어,긔여어,2019-11-01 04:52:20
253230,A Hat in Time,positive,그저 모자겜,그저 모자 겜,2019-10-31 23:09:59
253230,A Hat in Time,positive,이런겜 찾고있었는데 ㄹㅇ 해보니 갓겜인듯 플랫포머 게임은 거의 해본적이 없었는데 이거는 진짜 재밌게함 굉장히 매력적인 요소들이 많고 몰입감도 ㅆㅅㅌㅊ임 꼭 해보셈 ㄹㅇ 무엇보다 모자걸이 짱짱임 하다보면 그 매력에 빠질수밖에 없다 근데 좀 아쉬운게 있긴함 일단 길찾기 안내가 불친절하고 길찾기 모자도 거의 도움이 안되는듯 글고 시점이 좀 어지러웠음 카메라가 ㅈㄴ 이상하게 돌아갈때도 있고(이건 그래도 설정 건드리면 어느정도 해결되는듯) 그래도 해볼만한 게임인듯 할인하면 츄라이츄라이,이런 겜 찾고있었는데 ㄹㅇ 해보니 갓 겜 인 듯 플랫포머 게임 은 거의 해 본적 이 없었는데 이 거 는 진짜 재밌게 함 굉장히 매력 적 인 요소 들 이 많고 몰입 감도 ㅆㅅㅌㅊ 임 꼭 해보셈 ㄹㅇ 무엇 보다 모자 걸이 짱짱 임 하다 보면 그 매력 에 빠질수밖에 없다 근데 좀 아쉬운게 있긴 함 일단 길찾기 안내 가 불친절하고 길찾기 모자 도 거의 도움 이 안되는듯 글 고 시점 이 좀 어지러웠음 카메라 가 ㅈㄴ 이상하게 돌아갈 때 도 있고 ( 이건 그래도 설정 건드리면 어느 정도 해결 되는듯 ) 그래도 해볼만 한 게임 인 듯 할인 하면 츄 라이츄 라이,2019-10-31 20:28:28
253230,A Hat in Time,positive,모자걸 정말 갓겜입니다 흑흑,모자 걸 정말 갓 겜 입니다 흑 흑,2019-10-31 04:40:42
253230,A Hat in Time,positive,감사합니다.. 감사합니다..!!,감사합니다 .. 감사합니다 ..!!,2019-10-31 00:17:51
253230,A Hat in Time,positive,그래픽도 괜찮고 스토리에 가성비도 어느정도 괜찮은 게임. 최적화가 좀 나쁘지만 상당히 잘 만든 게임임은 분명하다,그래픽 도 괜찮고 스토리 에 가성 비도 어느 정도 괜찮은 게임 . 최적화 가 좀 나쁘지만 상당히 잘 만든 게임 임 은 분명하다,2019-10-30 11:23:10
253230,A Hat in Time,positive,귀여운건 둘째치고 너무 재밌어요,귀여운건 둘째 치고 너무 재밌어요,2019-10-29 20:41:35
253230,A Hat in Time,positive,"장점 1. 귀엽다 2. 스토리 스테이지가 재미있다 단점 1. 수집요소 모으는 게 재미없다 총평 스토리 스테이지의 경우 퀄리티가 높고 독특한 플레이 방식도 제공하곤 해서 재미있는데, 분량확보를 위해서인지 수집/파밍/재탕 구간이 있어서 이부분이 지루하게 느껴진다. 분량이 짧더라도 스토리 스테이지만 쭉 이어서 진행할 수 있었다면 더 재밌었을 것 같다. 하지만 뛰어나게 재미있는 어드벤쳐가 아님에도 귀엽기 때문에 계속 하게 된다.","장점 1 . 귀엽다 2 . 스토리 스테이지 가 재미있다 단점 1 . 수집 요소 모으는 게 재미없다 총 평 스토리 스테이지 의 경우 퀄리티 가 높고 독특한 플레이 방식 도 제공 하 곤 해서 재미있는데 , 분량 확보 를 위 해서인지 수집 / 파밍 / 재탕 구간 이 있어서 이 부분 이 지루하게 느껴진다 . 분량 이 짧더라도 스토리 스테이지 만 쭉 이어서 진행 할 수 있었다면 더 재밌었을 것 같다 . 하지만 뛰어나게 재미있는 어드벤쳐 가 아님에도 귀 엽기 때문 에 계속 하게 된다 .",2019-10-29 16:14:56
253230,A Hat in Time,positive,적당히 재미있고 좋은데 대기업 게임이 아니라 그런지 생각보다 콘텐츠가 별로 없고 플레이타임이 짧았습니다 난이도는 생각보다 쉬워서 게임 잘 못 하시는 분들도 금방금방 깰 듯 하네요 DLC는 솔직히 사는 거 비추힙니다.... 두 개 다 샀는데 본편보다 재미없고 완성도 떨어지는 게 확 느껴집니다 살 거면 본편만 사는 걸 추천합니다,적당히 재미있고 좋은데 대기업 게임 이 아니라 그런지 생각 보다 콘텐츠 가 별로 없고 플레이 타임 이 짧았습니다 난이도 는 생각 보다 쉬워서 게임 잘 못 하시는 분 들 도 금방 금방 깰 듯 하네요 DLC 는 솔직히 사는 거 비추힙니 다 .... 두 개 다 샀는데 본 편 보다 재미없고 완성 도 떨어지는 게 확 느껴집니다 살 거 면 본 편 만 사는 걸 추천 합니다,2019-10-28 23:45:23
253230,A Hat in Time,positive,Cute as Heck,Cute as Heck,2019-10-28 12:20:20
253230,A Hat in Time,positive,넘모 귀여움,넘 모 귀 여 움,2019-10-28 02:21:46
253230,A Hat in Time,positive,모오자걸......,모 오자 걸 ......,2019-10-26 03:54:48
253230,A Hat in Time,positive,원근감 ㅅ1ㅂ,원 근 감 ㅅ 1 ㅂ,2019-10-25 18:22:00
253230,A Hat in Time,positive,딱 슈퍼마리오 같은 게임 월드 1을 넘어가본적이 없음.,딱 슈퍼마리오 같은 게임 월드 1 을 넘어가 본적 이 없음 .,2019-10-25 01:03:49
253230,A Hat in Time,positive,갓자걸 귀여워! 넘모 재밋서,갓 자걸 귀여워 ! 넘 모 재밋 서,2019-10-21 14:40:55
253230,A Hat in Time,positive,Good!!!,Good !!!,2019-10-19 21:13:38
253230,A Hat in Time,positive,8/10 수염난 아재 대신 귀여운 모자꼬마를 드리겠습니다 이 게임은 3D 플렛폼 게임의 유산을 그대로 재현한 게임이다. 슈퍼마리오 64 시리즈를 한번이라도 해본 사람이라면 이게임은 순수하게 게임을 즐기던 그시절을 떠올리게 할 것. 모든 움직임과 동작들은 매우 부드럽고 배경과 레벨 디자인은 창의적이다. 마법모자를 이용한 독특한 게임 플레이와 인상적인 캐릭터 디자인이 이 게임만의 아이덴티티도 확실히 챙겨주고 있다. 게다가 슈퍼마리오 시리즈에 전형적이고 착한 스토리텔링에서 벗어나 현대의 (약간 공격적인) 유머감각과 나름 예측하기 힘든,8/10 수염 난 아 재 대신 귀여운 모자 꼬마 를 드리겠습니다 이 게임 은 3 D 플렛폼 게임 의 유산 을 그대로 재현 한 게임 이다 . 슈퍼마리오 64 시리즈 를 한번 이라도 해본 사람 이 라면 이 게임 은 순수하게 게임 을 즐기던 그 시절 을 떠올리게 할 것 . 모든 움직임 과 동작 들 은 매우 부드럽고 배경 과 레벨 디자인 은 창의 적 이다 . 마법 모자 를 이용 한 독특한 게임 플레이 와 인상 적 인 캐릭터 디자인 이 이 게임 만의 아이덴티티 도 확실히 챙겨주고 있다 . 게다가 슈퍼마리오 시리즈 에 전형 적 이고 착한 스토리텔링 에서 벗어나 현대 의 ( 약간 공격 적 인 ) 유머 감각 과 나름 예측 하기 힘든,2019-10-18 23:37:12
253230,A Hat in Time,positive,귀여운 모자걸이 춤추는 것을 보고 있으면 마음이 따뜻해진다. 3만원줘도 전혀 돈이 안 아까웠던 게임,귀여운 모자 걸이 춤추는 것 을 보고 있으면 마음 이 따뜻해진다 . 3만원 줘도 전혀 돈 이 안 아까웠던 게임,2019-10-16 21:11:18
253230,A Hat in Time,positive,귀여워요,귀여워요,2019-10-15 12:22:53
253230,A Hat in Time,positive,갓겜,갓 겜,2019-10-15 10:43:38
253230,A Hat in Time,positive,정말정말정말 잘 만든 게임. 다만. 데스위시는. 좀 아니다.,정말 정말 정말 잘 만든 게임 . 다만 . 데스 위시 는 . 좀 아니다 .,2019-10-14 04:07:55
253230,A Hat in Time,positive,친구가 하는 걸 보고 같이하려고 구매함 그 시절 슈퍼마리오64를 했던 느낌으로 플레이했다 생각 이상으로 재밌었음 DLC도 할만함,친구 가 하는 걸 보고 같이하려고 구매 함 그 시절 슈퍼마리오 64 를 했던 느낌 으로 플레이 했다 생각 이상 으로 재밌었음 DLC 도 할만 함,2019-10-13 03:02:18
253230,A Hat in Time,positive,cute,cute,2019-10-12 22:17:26
253230,A Hat in Time,positive,재밋다,재밋다,2019-10-07 21:39:56
253230,A Hat in Time,positive,우리딸 하고싶은거다해,우리 딸 하고 싶은거다해,2019-10-07 17:19:22
253230,A Hat in Time,positive,갓겜,갓 겜,2019-10-06 21:13:20
253230,A Hat in Time,positive,스테이지는 쉽고 모자걸을 귀엽다.... 데스위시를 만나기 전까지는,스테이지 는 쉽고 모자 걸 을 귀엽다 .... 데스 위시 를 만나기 전 까지는,2019-10-05 14:19:51
253230,A Hat in Time,positive,데스 위시 다 깰때까지함,데스 위시 다 깰 때 까지 함,2019-10-05 00:57:00
253230,A Hat in Time,positive,어쩜 이리 귀여울수가,어쩜 이리 귀여울수가,2019-10-01 04:53:29
253230,A Hat in Time,positive,푸잉! 베에에 DLC 더 주세요 너무 재밌어,푸잉 ! 베 에 에 DLC 더 주세요 너무 재밌어,2019-10-01 01:59:30
253230,A Hat in Time,positive,모자걸이 귀엽고 게임이 재미있어요 슈퍼마리오64 같은 게임,모자 걸이 귀엽고 게임 이 재미있어요 슈퍼마리오 64 같은 게임,2019-09-30 17:35:03
253230,A Hat in Time,positive,이 게임에서 유일하게 부족한건 ip,이 게임 에서 유일하게 부족한건 ip,2019-09-29 15:53:51
253230,A Hat in Time,positive,커여움의 극치를 달리는 갓겜,커여 움 의 극치 를 달리는 갓 겜,2019-09-27 22:55:11
253230,A Hat in Time,positive,너무 쉬워서 도전하는 맛이 없다 나같은 어려운거 추구하는 사람은 조~금 싱거워할거다,너무 쉬워서 도전 하는 맛 이 없다 나 같은 어려운거 추구 하는 사람 은 조 ~ 금 싱거워 할거다,2019-09-27 18:36:23
253230,A Hat in Time,positive,스토리는 정말 재밌고 귀엽고 잘만듬 데스위시는 깨라고 있는건지 모르겠음,스토리 는 정말 재밌고 귀엽고 잘만 듬 데스 위시 는 깨 라고 있는 건지 모르겠음,2019-09-27 15:31:24
253230,A Hat in Time,positive,귀여운 모자걸로 힐링하고 데스위시로 고통받으면됨 사운드 트랙 꼭사자,귀여운 모자 걸 로 힐링 하고 데스 위시 로 고통 받으면 됨 사운드 트랙 꼭 사자,2019-09-26 23:32:17
253230,A Hat in Time,positive,모자걸.. 인생 갓겜으로 부를수 있을 정도로 너무 좋았따.. 아기자기하고 귀엽고.. 재미도있고 노래도좋고 스토리도 좋고 단점을 찾기 힘든 정도 무조건 강추!!,모자 걸 .. 인생 갓 겜 으로 부를수 있을 정도 로 너무 좋았 따 .. 아기자기하고 귀엽고 .. 재미 도 있고 노래 도 좋고 스토리 도 좋고 단점 을 찾기 힘든 정도 무조건 강추 !!,2019-09-26 19:32:29
253230,A Hat in Time,positive,데스 위시 너무 어렵다 허허헣... 그냥 내 컨트롤이 안좋은거였어... ㅠㅠ,데스 위시 너무 어렵다 허허헣 ... 그냥 내 컨트롤 이 안좋은 거 였어 ... ㅠㅠ,2019-09-25 01:22:36
253230,A Hat in Time,positive,할머니 때문에 잠 못잠,할머니 때문 에 잠 못잠,2019-09-23 21:22:03
253230,A Hat in Time,positive,"귀여운 모자걸이 집에 돌아가기 위해 온갖 모험을 하게 됩니다. 여러가지 물건들을 수집하기도 하고 때때로 나쁜 녀석들을 혼내주기도 하죠. 귀여운 모자걸 뿐만 아니라 아기자기한 개성있는 캐릭터들이 등장하며, 여러 장소를 탐험하는 재미, 게임 내내 재생되는 띵곡들, 다양한 수집요소 정말 값어치를 하는 게임이라고 생각합니다. [5점 만점 기준] 귀여움: 5 / 사운드 트랙: 4.5 / 재미: 4 상당히 순한 맛의 본편과 머리가 띵해지는 난이도의 실더딜 그리고 수집요소를 제외하면 사실상 스토리가 적은 냐쿠자 지하철등등 장점과","귀여운 모자 걸이 집 에 돌아가기 위해 온갖 모험 을 하게 됩니다 . 여러가지 물건 들 을 수집 하기도 하고 때때로 나쁜 녀석 들 을 혼내 주기도 하죠 . 귀여운 모자 걸 뿐 만 아니라 아기자기한 개성 있는 캐릭터 들 이 등장 하며 , 여러 장소 를 탐험 하는 재미 , 게임 내내 재생 되는 띵곡들 , 다양한 수집 요소 정말 값어치 를 하는 게임 이라고 생각 합니다 . [ 5 점 만점 기준 ] 귀 여 움 : 5 / 사운드 트랙 : 4.5 / 재미 : 4 상당히 순한 맛 의 본 편 과 머리 가 띵해지는 난이도 의 실 더딜 그리고 수집 요소 를 제외 하면 사실 상 스토리 가 적은 냐쿠자 지하철 등등 장점 과",2019-09-22 23:20:34
253230,A Hat in Time,positive,"재밌다 옛날 아이들이 보는 동화같은 스토리같다 그건 물론 본편까지의 이야기고, DLC는 좀...","재밌다 옛날 아이 들 이 보는 동화 같은 스토리 같다 그건 물론 본 편 까지의 이야기 고 , DLC 는 좀 ...",2019-09-22 00:03:19
253230,A Hat in Time,positive,"잘 만들어진 게임. 각 스테이지는 테마에 따라서 유머, 공포, 신비로움, 귀여움을 잘 버무려놓았다. 특히 공포 연출이 굉장했고, 음악도 굉장히 좋다. 그리고, 다른 것들을 다 제쳐두고, 그냥 햇 키드가 너무 귀엽다. 문제가 있다면, 스테이지를 진행하다 보면 떨어져서 체력을 잃을 만한 높이가 전혀 아닌데도 무조건 스테이지 재시작 판정을 받는 구간이 있다. (낙하 데미지 방지 배지도 착용한 상태인데도...) 왜인지는 모르겠지만 특정 지점까지 진행한 경우 되돌아갈 수 없도록 만들어 놓은 것 같다. 그런 부분은 가지 말라고","잘 만들어진 게임 . 각 스테이지 는 테마 에 따라서 유머 , 공포 , 신비 로움 , 귀 여 움 을 잘 버 무려놓았다 . 특히 공포 연출 이 굉장했고 , 음악 도 굉장히 좋다 . 그리고 , 다른 것 들 을 다 제 쳐 두고 , 그냥 햇 키드 가 너무 귀엽다 . 문제 가 있다면 , 스테이지 를 진행 하다 보면 떨어져서 체력 을 잃을 만 한 높이 가 전혀 아닌데도 무조건 스테이지 재 시작 판정 을 받는 구간 이 있다 . ( 낙하 데미지 방지 배지 도 착용 한 상태 인데 도 ...) 왜인 지는 모르겠지만 특정 지점 까지 진행 한 경우 되돌아갈 수 없도록 만들어 놓은 것 같다 . 그런 부분 은 가지 말 라고",2019-09-19 20:33:41
253230,A Hat in Time,positive,"손에 꼽는 갓겜 중 하나이며, 갓겜이라고 부르는 데에는 이유가 있다는 걸 보여준 게임. 플레이 하는 내내 지루한 적이 없이 즐거웠던 게임은 이 게임이 유일했음.","손 에 꼽는 갓 겜 중 하나 이며 , 갓 겜 이라고 부르는 데 에는 이유 가 있다는 걸 보여준 게임 . 플레이 하는 내내 지루한 적 이 없이 즐거웠던 게임 은 이 게임 이 유일했음 .",2019-09-19 19:05:53
253230,A Hat in Time,positive,진짜 오랜만에 즐겁게 게임했어요,진짜 오랜 만 에 즐겁게 게임 했어요,2019-09-18 20:02:16
253230,A Hat in Time,positive,컴퓨터로 하는 마리오64 dlc는 살짝 아쉬운것 같기도 함,컴퓨터 로 하는 마리오 64 dlc 는 살짝 아쉬운것 같기도 함,2019-09-16 12:27:31
253230,A Hat in Time,positive,모자걸,모자 걸,2019-09-14 19:05:31
253230,A Hat in Time,positive,"힐링겜이면서 스팀 내 보았던 플랫포머류 게임 중 가장 최고 단점은 모든 도전과제 다 깰려면 힐링겜이랑 거리가 멈 DLC들은 분량이 짧지만, 꾸미기용으론 충분함","힐링 겜 이 면서 스팀 내 보았던 플랫포머 류 게임 중 가장 최고 단점 은 모든 도전 과제 다 깰려면 힐링 겜 이랑 거리 가 멈 DLC 들은 분량 이 짧지만 , 꾸미 기용 으론 충분함",2019-09-14 00:27:04
253230,A Hat in Time,positive,갓겜인데 개비쌈,갓 겜 인데 개비 쌈,2019-09-12 22:48:50
253230,A Hat in Time,positive,맨날 사람조지고 문명 터트리는데 이겜 하니까 힐링함 이제 또 터트리러 가야지,맨날 사람 조지 고 문명 터 트리 는 데 이 겜 하니까 힐링 함 이제 또 터 트리 러 가야 지,2019-09-12 16:10:16
253230,A Hat in Time,positive,눈이 나쁘면 안경을 쓴댔으니 모자란 너에겐 모자를 씌워주마,눈 이 나쁘면 안경 을 쓴 댔으니 모자란 너 에겐 모자 를 씌워주마,2019-09-10 17:29:55
253230,A Hat in Time,positive,뭐야 내 22시간 돌려줘요 중간중간에 조금 어려운 부분도 있으나 나같은 컨트롤 ㅄ도 다 클리어 했으니 ㄱㅊ 커여운 캐릭터와 재밌는 스토리 갓겜이니 DLC까지 사는것을 추천,뭐 야 내 22시간 돌려줘요 중간 중간 에 조금 어려운 부분 도 있으나 나 같은 컨트롤 ㅄ 도 다 클리어 했으니 ㄱㅊ 커 여운 캐릭터 와 재밌는 스토리 갓 겜 이니 DLC 까지 사는것을 추천,2019-09-07 22:02:05
253230,A Hat in Time,positive,인생겜 하면 이보다 더 좋은 게임이 있을까 증말 갓겜 입니다 가끔 빡치기도 하는데 이만한 힐링 없다 이말이야~,인생 겜 하면 이보 다 더 좋은 게임 이 있을까 증말 갓 겜 입니다 가끔 빡치 기도 하는데 이만 한 힐링 없다 이 말 이야 ~,2019-09-06 22:04:31
253230,A Hat in Time,positive,이 귀여움은 진짜다..,이 귀 여 움 은 진짜 다 ..,2019-09-06 03:07:05
253230,A Hat in Time,positive,케릭터 겁나 귀엽고 Ost 좋고 게임마저 재밌음 돈값하는 게임 진짜 갓겜,케릭 터 겁나 귀엽고 Ost 좋고 게임 마저 재밌음 돈값 하 는 게임 진짜 갓 겜,2019-09-04 12:26:45
253230,A Hat in Time,positive,스티코가 안나와요,스티 코 가 안 나와요,2019-09-02 07:33:07
253230,A Hat in Time,positive,재미와 귀여움을 동시에! 올클리어가 목표가 아니더라도 매우 즐거운 게임이에요!,재미 와 귀 여 움 을 동시 에 ! 올 클리어 가 목표 가 아니더라도 매우 즐거운 게임 이에요 !,2019-09-02 01:12:52
253230,A Hat in Time,positive,"나는 이 게임이 무척 재밌다고 생각해요. 근데, 이건 너무 어렵잖아요... This game make me pretty happy. But, the death wishes are too hard to clear.","나 는 이 게임 이 무척 재밌다고 생각 해요 . 근데 , 이건 너무 어렵잖아요 ... This game make me pretty happy . But , the death wishes are too hard to clear .",2019-08-30 18:08:19
253230,A Hat in Time,positive,귀여운 햇키드에요 닌텐도위시절때 마리오갤럭시를 너무재밋게해 향수느낌났음 너무재밋었음 인생겜이라 해도될듯,귀여운 햇 키드 에요 닌텐도위 시절 때 마리오 갤럭시 를 너 무재 밋 게 해 향수 느낌 났음 너 무재 밋었 음 인생 겜 이라 해도 될듯,2019-08-29 17:01:02
253230,A Hat in Time,positive,재밌다!,재밌다 !,2019-08-29 16:29:14
253230,A Hat in Time,positive,[h1] 절 대 [b] 모 자 걸 [/b] 해 [/h1],[ h 1 ] 절 대 [ b ] 모 자 걸 [/ b ] 해 [/ h 1 ],2019-08-28 16:13:14
253230,A Hat in Time,positive,"귀여운데 약간 정신나감, 갓겜","귀여운데 약간 정신 나감 , 갓 겜",2019-08-23 23:06:08
253230,A Hat in Time,positive,매우 추천드립니다. 캐릭터도 매우 귀엽고 난이도도 패치로 인해 많이 어렵지 않아요. 유람선 스테이지 때문에 고통 받으신분들도 패치로 쉬워졌으니 다시 도전해보는건 어떨까요? (데스위시는 하지마세요 정신건강에 해롭습니다.) 워크샵모드도 있으니 올클리어 하신뒤 유저맵도 해보시는것도 추천드립니다.,매우 추천 드립니다 . 캐릭터 도 매우 귀엽고 난이도 도 패치 로 인해 많이 어렵지 않아요 . 유람선 스테이지 때문 에 고통 받으 신분 들 도 패치 로 쉬워졌으니 다시 도전 해보는건 어떨까 요 ? ( 데스 위시 는 하지 마세요 정신건강 에 해롭습니다 .) 워크샵 모드 도 있으니 올 클리어 하신 뒤 유저 맵 도 해보시는것도 추천 드립니다 .,2019-08-23 04:08:26
253230,A Hat in Time,positive,조작성도 좋고 아기자기한 재미가 끝내주는 게임. 마리오 오딧세이 비슷한 모습도 보이지만 이 게임만의 매력이 훨씬 크다는 걸 플레이해보면 알게된다.,조작성 도 좋고 아기자기한 재미 가 끝내주는 게임 . 마리오 오딧세이 비슷한 모습 도 보이 지만 이 게임 만의 매력 이 훨씬 크다는 걸 플레이 해보면 알 게 된다 .,2019-08-22 10:57:49
253230,A Hat in Time,positive,메롱,메롱,2019-08-20 22:41:43
253230,A Hat in Time,positive,Your contract has expired,Your contract has expired,2019-08-20 21:35:18
253230,A Hat in Time,positive,별 목적없이 여기저기 돌아다니기만 해도 즐거운 게임,별 목적 없이 여기저기 돌아다니기만 해도 즐거운 게임,2019-08-19 20:20:38
253230,A Hat in Time,positive,너무 귀엽고 재미는 평범함 모으고 간단한 난이도에 적당한 스토리 살만하다고 생각함,너무 귀엽고 재미 는 평범함 모으고 간단한 난이도 에 적당한 스토리 살 만 하다고 생각 함,2019-08-18 13:01:38
253230,A Hat in Time,positive,재미따,재미 따,2019-08-17 21:39:17
253230,A Hat in Time,positive,"귀여운 그래픽의 3D플랫포머 게임. 일단 할땐 재밌게 할 수 있고 ""이게 플랫포머 게임이지~""하고 감탄을 자아낼 수 있다. 너무 방대한 컨텐츠와 맵에 눌릴 수도 있다. 난 알파카(?) 스카이라인에서 뭘 해야될 지를 몰라서 접긴했는데, 여기까지 했더라도 10점중 9점은 줄 수 있다. 그냥 이 게임은 좋다. 귀엽다. 사야된다.","귀여운 그래픽 의 3 D 플랫포머 게임 . 일단 할 땐 재밌게 할 수 있고 "" 이 게 플랫포머 게임 이지 ~"" 하고 감탄 을 자아낼 수 있다 . 너무 방대한 컨텐츠 와 맵 에 눌릴 수도 있다 . 난 알파카 (?) 스카이라인 에서 뭘 해야 될 지를 몰라서 접긴 했는데 , 여기 까지 했더라도 10 점 중 9 점 은 줄 수 있다 . 그냥 이 게임 은 좋다 . 귀엽다 . 사야 된다 .",2019-08-17 10:28:54
253230,A Hat in Time,positive,더욱 더 많은 dlc가 필요하다,더욱 더 많은 dlc 가 필요하다,2019-08-12 19:18:53
253230,A Hat in Time,positive,WOW,WOW,2019-08-12 15:47:56
253230,A Hat in Time,positive,"야기자기한 그래픽으로 엥? 완전 애새끼들 게임 아닌가 할수있지만.. 내가 쫄보인지 소름이 오싹오싹 돋는 부분이 있었다. 연출도 맛깔난다. 스테이지별 컨셉디자인도 ㄹㅇ 맛깔난다. 조작면에서는 ""이 오브젝트에 걸린다고?"" 싶은 그런 부분도 얄쨜없이 걸리는 부분이 있다. 이건 적응하면 어느정도 커버된다. 추가로 아버지, 어머니들이 딸바보가 되는게 이해가 간다.","야기 자 기한 그래픽 으로 엥 ? 완전 애 새끼 들 게임 아닌가 할수있지만 .. 내 가 쫄보 인지 소름 이 오싹오싹 돋는 부분 이 있었다 . 연출 도 맛깔난다 . 스테이지 별 컨셉 디자인 도 ㄹㅇ 맛깔난다 . 조 작 면 에서는 "" 이 오브젝트 에 걸린다고 ?"" 싶은 그런 부분 도 얄쨜없 이 걸리는 부분 이 있다 . 이건 적응하면 어느 정도 커버 된다 . 추가 로 아버지 , 어머니 들 이 딸바보 가 되는게 이해 가 간다 .",2019-08-08 09:00:31
253230,A Hat in Time,positive,이제보니까 모자뇬 졸커엽누 ㅋㅋㅋㅋㅋㅋㅋㅋㅋ ㄹㅇ 거주자의 모자 씌어놓고 하면 ㅆㄱㄴ,이 제보 니까 모자 뇬 졸커엽누 ㅋㅋㅋㅋㅋㅋㅋㅋㅋ ㄹㅇ 거주 자의 모자 씌어놓 고 하면 ㅆㄱㄴ,2019-08-08 00:30:21
253230,A Hat in Time,positive,"귀엽고, 어렵지 않으며 힐링되는게임 구매했을때 후회하지않음! 좌우지간 귀여움 진짜 귀여움. 일단 귀엽다. 뭔가 지치고 찌들었을때 힐링으로 한,두 스테이지씩 하기도 좋고 멍하니 돌아다니기도 좋고 스샷찍으러 관광다니기도 좋으며 좌우지간 귀엽고 힐링됨 길치를 위해 친절히 길 알림기능 모자도 있으니 여러모로 마음편한 힐링을 해보는건 어떨까? 물론 너무 쉬운것에 만족못하는 당신을 위한 지옥불맛 난이도 컨텐츠도 있으니 걱정하지말자 구매강추. 살꺼면 디엘씨도 같이사세요 후회는 안합니다","귀엽고 , 어렵지 않으며 힐링 되는 게임 구매 했을 때 후회 하지 않음 ! 좌우 지 간 귀 여 움 진짜 귀 여 움 . 일단 귀엽다 . 뭔가 지치고 찌들었을 때 힐링 으로 한 , 두 스테이지 씩 하기도 좋고 멍하니 돌아다니 기도 좋고 스샷 찍으러 관광 다니 기도 좋으며 좌우 지 간 귀엽고 힐링 됨 길치를 위해 친절히 길 알림 기능 모자 도 있으니 여러 모로 마음 편한 힐링 을 해보는건 어떨까 ? 물론 너무 쉬운것에 만족 못 하는 당신 을 위 한 지옥불 맛 난이도 컨텐츠 도 있으니 걱정 하지말자 구 매강 추 . 살꺼면 디 엘 씨 도 같이 사세요 후회 는 안 합니다",2019-08-07 22:51:32
253230,A Hat in Time,positive,Q: 이 게임을 추천하나요? -개인적으론 그렇습니다. Q:이 게임은 트레일러처럼 [url=https://www.youtube.com/watch?v=HEAA5AJsJE8&t=223s]평화와 안정[/url]으로 가득한가요? -음.. 글쎄요............ PECK NECK!!!!,Q : 이 게임 을 추천 하나요 ? - 개인 적 으론 그렇습니다 . Q : 이 게임 은 트레일러 처럼 [ url =https://www.youtube.com/watch?v=HEAA5AJsJE8&t=223s ] 평화 와 안정 [/ url ] 으로 가득한가요 ? - 음 .. 글쎄요 ............ PECK NECK !!!!,2019-08-07 15:17:02
253230,A Hat in Time,positive,재밌는데 발적화 작살남 실더딜은 비추 냐쿠자는 ㅍㅌㅊ,재밌는데 발 적 화 작살 남 실 더딜은 비추 냐쿠자 는 ㅍㅌㅊ,2019-08-07 01:16:21
253230,A Hat in Time,positive,재밌음,재밌음,2019-08-06 16:19:06
253230,A Hat in Time,positive,제 경우에는 초반 및 중 후반까지 유저 레벨링이 잘되어있다고 느꼈습니다 ( 엔드 컨텐츠 : 데드위시 제외 /극악 난이도/) 점프가 제일 중요해요 점프로 시작해서 점프로 끝난다는 말이 이 게임 조작에 딱 맞는 말이라고 생각해요 스토리 극 초반의 경우에 스토리가 유아틱 해 보여서 혹시나? 했었습니다만 첫번째 쳅터를 완료했을 때 엄청나게 재미있고 또 아쉬웠던 게임이에요 이 게임은 주인공 캐릭터가 정말 정말 귀엽습니다 캐릭터 일러스트나 게임에서 나오는 디자인을 귀엽게 만들어놓기만 하는 기타 다른 게임처럼이 아닌 행동이나 목소리,제 경우 에는 초반 및 중 후반 까지 유저 레벨 링 이 잘 되어있다고 느꼈습니다 ( 엔드 컨텐츠 : 데드 위시 제외 / 극악 난이도 /) 점프 가 제일 중요해요 점프 로 시작 해서 점프 로 끝난다는 말 이 이 게임 조작 에 딱 맞는 말 이라고 생각 해요 스토리 극 초반 의 경우 에 스토리 가 유아 틱 해 보 여서 혹시 나 ? 했었습니다만 첫 번째 쳅터 를 완료 했을 때 엄청나게 재미있고 또 아쉬웠던 게임 이에요 이 게임 은 주인공 캐릭터 가 정말 정말 귀엽습니다 캐릭터 일러스트 나 게임 에서 나오는 디자인 을 귀엽게 만들어놓기만 하는 기타 다른 게임 처럼 이 아닌 행동 이나 목소리,2019-08-04 05:54:15
253230,A Hat in Time,positive,모자걸이 귀여운게임 수집요소로 룩덕질이 가능하니 정신차리고보니 하라는 스토리는 진행하지않고 코인만 찾아해매는 나를 발견할수 있었다.,모자 걸이 귀여운 게임 수집 요소 로 룩덕질 이 가능하니 정신차리고 보니 하라 는 스토리 는 진행 하지 않고 코인 만 찾아해 매는 나를 발견 할수 있었다 .,2019-08-02 00:13:05
253230,A Hat in Time,positive,길치는 갓던길을 다시간 후 의심하다가 다시간다,길치는 갓 던길 을 다시 간 후 의심 하다가 다시 간다,2019-07-31 02:05:23
253230,A Hat in Time,positive,[h1]장점 [/h1] + 간단한 액션성 + 아기자기한 캐릭터들 + 모자걸이 귀여움. + 한글화 [h1]단점 [/h1] - 인디 게임 특유의 아쉬움 - 짧은 플레이 타임 [h1]평점 [/h1] 7/10 게임성 7/10 스토리 6/10 영상미 6/10 [h1] 모자걸이 귀엽지 나도 좋아해 [/h1] 햇 인 타임은 Gears for Breakfast에서 제작한 3D 플랫폼 장르의 게임입니다. 3D 플랫폼 장르의 게임이 대부분 그렇듯 햇 인 타임도 모종의 사고로 인해서 모래시계처럼 생긴 시간 조각이라는 아이템이 여러 월드로,[ h 1 ] 장점 [/ h 1 ] + 간단한 액션 성 + 아기자기한 캐릭터 들 + 모자 걸이 귀 여 움 . + 한글화 [ h 1 ] 단점 [/ h 1 ] - 인디 게임 특유 의 아쉬움 - 짧은 플레이 타임 [ h 1 ] 평점 [/ h 1 ] 7/10 게임 성 7/10 스토리 6/10 영 상미 6/10 [ h 1 ] 모자 걸이 귀엽지 나도 좋아해 [/ h 1 ] 햇 인 타임 은 Gears for Breakfast 에서 제작 한 3 D 플랫폼 장르 의 게임 입니다 . 3 D 플랫폼 장르 의 게임 이 대부분 그렇듯 햇 인 타임 도 모종 의 사고 로 인해서 모래시계 처럼 생긴 시간 조각 이라는 아이템 이 여러 월드 로,2019-07-29 20:48:21
253230,A Hat in Time,positive,재밌다. 간단한 조작으로 손쉽게 엔딩을 볼수 있으며 어렵지않다. 바다사자 나오는dlc빼고. 나름 힐링하는 어드밴처 게임으로 아주 좋으며 dlc도 좋다. 푸잉!,재밌다 . 간단한 조작 으로 손쉽게 엔딩 을 볼수 있으며 어렵지 않다 . 바다사자 나오는 dlc 빼고 . 나름 힐링 하는 어드밴처 게임 으로 아주 좋으며 dlc 도 좋다 . 푸잉 !,2019-07-28 21:54:42
253230,A Hat in Time,positive,정말 재밌어요,정말 재밌어요,2019-07-28 00:16:07
253230,A Hat in Time,positive,어떻게 되먹은게임이길래 할때마다 멀미가나냐 모자걸이 기여워서 바준다,어떻게 되 먹은 게임 이길래 할 때 마다 멀미 가나 냐 모자 걸이 기여 워 서 바 준다,2019-07-27 23:08:07
253230,A Hat in Time,positive,3d 플랫포머중에 이만한 게임이 많지 않음.,3 d 플랫포머 중 에 이만 한 게임 이 많지 않음 .,2019-07-26 16:39:33
253230,A Hat in Time,positive,맥버전 한글 지원 안됨 근데 너무 재밌당 ㅎㅎ,맥 버전 한글 지원 안됨 근데 너무 재밌당 ㅎㅎ,2019-07-25 13:34:29
253230,A Hat in Time,positive,망겜,망겜,2019-07-24 23:57:49
253230,A Hat in Time,positive,마리오보단 모자지 9.3/10,마리오 보단 모자 지 9.3 / 10,2019-07-24 14:29:24
253230,A Hat in Time,positive,게임에 느낌은 전체적으로 마리오 갤럭시 같은 느낌이었다.메인메뉴도 여러가지 시스템에서도 그랬지만 재밌으면 되지않은가? 스토린 전체적으로 좋진않았다. 그냥 잃어버리고->되찾고->집에 돌아간다 이고 조작감도 점프하는 도중 다이빙을 하면 점프할때 보던 방향 그대로 간다던가 등 초반엔 별로인 게임이였지만 모자를얻고 능력을 사용하며 퍼즐을 깨다보니 이게임은 퍼즐로 하는 게임이라는 느낌이 들었다.보스는 패턴을 보고 피하고 때리는 형식인데 몇몇 패턴은 그저 피하는것이 아닌 활용하는것도 있어서 개인적으론 마음에 들었다.캐릭터들도 개성있고 특히,게임 에 느낌 은 전체 적 으로 마리오 갤럭시 같은 느낌이었다 . 메인 메뉴 도 여러가지 시스템 에서도 그랬지만 재밌으면 되지 않은가 ? 스토 린 전체 적 으로 좋진 않았다 . 그냥 잃어버리고 -> 되찾고 -> 집 에 돌아간다 이고 조작 감도 점프 하는 도중 다이빙 을 하면 점프 할 때 보던 방향 그대로 간다던가 등 초반 엔 별로 인 게임 이 였지만 모자 를 얻고 능력 을 사용 하며 퍼즐 을 깨다 보니 이 게임 은 퍼즐 로 하는 게임 이라는 느낌 이 들었다 . 보스 는 패턴 을 보고 피하 고 때리는 형식 인데 몇몇 패턴 은 그저 피 하는것이 아닌 활용 하는것도 있어서 개인 적 으론 마음 에 들었다 . 캐릭터 들 도 개성 있고 특히,2019-07-21 02:55:14
253230,A Hat in Time,positive,본편 난이도가 비교적 낮게 설정되어 있어서 누구나 쉽게 스토리를 즐길 수 있는 커여운 모자걸 게임!!,본 편 난이도 가 비교 적 낮게 설정 되어 있어서 누구 나 쉽게 스토리 를 즐길 수 있는 커 여운 모자 걸 게임 !!,2019-07-20 16:17:31
253230,A Hat in Time,positive,고양이...고양이이이ㅣㅣ!!!!!,고양이 ... 고양이 이이 ㅣㅣ !!!!!,2019-07-20 06:44:29
253230,A Hat in Time,positive,재밌어요. 추천. 흐뭇. 난이도 적절. 근데 난이도가 할만해서 공략 하나도 안보고 깨려고 시간 오래감. 털실 미리미리 모으라고 말좀 해주지... 시간정지 모자 만들기 전까진 털실 웬만하면 모아요 ... 1-5깨는데 쓰는 모자를 그냥 주는게 아니더라고 ㅠㅠ 엔딩보고나서 겨우 맞춤. 털실 찾으러 돌아다니다가 시간 균열 다 발견해서 모래시계 35개때 모자 만듬 ㄷㄷ,재밌어요 . 추천 . 흐뭇 . 난이도 적절 . 근데 난이도 가 할 만해 서 공략 하나 도 안보 고 깨려고 시간 오래 감 . 털실 미리 미리 모으라고 말좀 해주지 ... 시간 정지 모자 만들기 전 까진 털실 웬만하면 모아요 ... 1-5 깨는데 쓰는 모자 를 그냥 주는게 아니 더 라고 ㅠㅠ 엔딩 보고나서 겨우 맞춤 . 털실 찾으러 돌아다니다가 시간 균열 다 발견 해서 모래시계 35 개때 모자 만듬 ㄷㄷ,2019-07-19 04:58:24
253230,A Hat in Time,positive,"이 게임은 힐링겜입니다 고민하고 있다면 구매하세요 단, DLC는 고민하세요","이 게임 은 힐링 겜 입니다 고민 하고 있다면 구매 하세요 단 , DLC 는 고민 하세요",2019-07-18 21:53:31
253230,A Hat in Time,positive,"1972년 11월 21일, 모자걸은 오랜 지병이었던 데스위시로 쓰러졌다. 본편 - 푸잉 베에에 뿌야 와 모자걸 아시는구나 진짜 갓겜입니다 데스위시 - 퍼킹 스내쳐 총평점 9/10.","1972년 11월 21일 , 모자 걸은 오랜 지병 이었던 데스 위시 로 쓰러졌다 . 본 편 - 푸잉 베 에 에 뿌 야 와 모자 걸 아시는구나 진짜 갓 겜 입니다 데스 위시 - 퍼킹 스내쳐 총 평점 9/10 .",2019-07-18 05:30:38
253230,A Hat in Time,positive,눈이 나쁘면 안경을 쓴댔으니 모자란 너에겐 모자를 씌워주마,눈 이 나쁘면 안경 을 쓴 댔으니 모자란 너 에겐 모자 를 씌워주마,2019-07-17 11:55:11
253230,A Hat in Time,positive,"귀여운 모자걸, 아기자기한 그래픽, 우산으로 레이져빔을 발사하고 로봇청소기 위에서 춤까지 출 수 있습니다! 모든게 완벽하군요.","귀여운 모자 걸 , 아기자기한 그래픽 , 우산 으로 레이져 빔 을 발사 하고 로봇청소기 위 에서 춤 까지 출 수 있습니다 ! 모든 게 완벽하군요 .",2019-07-16 03:46:02
253230,A Hat in Time,positive,이 겜은 갓겜이 아닙니다.. 인생겜입니다. 만약에 할인할 때 트레일러 보고 취향일 것 같아 사시는데 울티메이트 에디션 안 사시면 저처럼 펑펑 울 겁니다 ㅠㅠ,이 겜 은 갓 겜 이 아닙니다 .. 인생 겜 입니다 . 만약 에 할인 할 때 트레일러 보고 취향 일 것 같아 사시는데 울 티 메이트 에디 션 안 사시 면 저 처럼 펑펑 울 겁니다 ㅠㅠ,2019-07-15 23:42:16
253230,A Hat in Time,positive,재밌어요 귀엽구,재밌어요 귀엽구,2019-07-15 19:59:45
253230,A Hat in Time,positive,그래픽 자체가 아기자기하고 마음에 들었음. 게다가 스토리도 흥미롭고 스테이지의 구조가 내가 가진 도구와 스킬을 적당히 사용해서 클리어할 수 있도록 적절하게 배치되어 있어 매우 좋았음 하지만 단점은 게임의 시스템에 관한 설명이 적어서 초반부분에는 플레이에 어려운 감이있음.,그래픽 자체 가 아기자기하고 마음 에 들었음 . 게다가 스토리 도 흥미 롭고 스테이지 의 구조 가 내 가 가진 도구 와 스킬 을 적당히 사용 해서 클리어 할 수 있도록 적절하게 배치 되어 있어 매우 좋았음 하지만 단점 은 게임 의 시스템 에 관 한 설명 이 적어서 초반 부분 에는 플레이 에 어려운 감이있음 .,2019-07-15 19:23:49
253230,A Hat in Time,positive,"3D 플렛포머 어드벤처의 권위자인 '슈퍼마리오64'의 후속작, '슈퍼마리오 오디세이'와 비교하자면, - 햇인타임이 훨씬 재밌었다. - 탐험의 재미를 올리는 방법에는 여러가지가 있다. *여행하는 기분이 들 수 있도록 맵을 넓고 알차게, 멋지게 구성하여야 하고, *목적이 불투명해지지 않기 위한 필수 수집 요소, 볼륨감과 재미를 높여줄 부가 수집요소가 있어야 하며, *눈을 사로잡는 개성적인 구조물들과 캐릭터들, *귀를 사로잡는 훌륭한 BGM과 효과음, *마음을 사로잡지만, 홀가분하게 털어낼 수 있는 에피소드를 가져야 한다. 그리고,","3 D 플렛포머 어드벤처 의 권위자 인 ' 슈퍼마리오 64 ' 의 후속작 , ' 슈퍼마리오 오디세이 ' 와 비교 하자면 , - 햇 인타임 이 훨씬 재밌었다 . - 탐험 의 재미 를 올리는 방법 에는 여러가지 가 있다 . * 여행 하는 기분 이 들 수 있도록 맵 을 넓고 알차게 , 멋지게 구성 하여야 하고 , * 목적 이 불투명해지지 않기 위 한 필수 수집 요소 , 볼륨 감 과 재미 를 높여줄 부가 수집 요소 가 있어야 하며 , * 눈 을 사로잡는 개성 적 인 구 조물 들 과 캐릭터 들 , * 귀 를 사로잡는 훌륭한 BGM 과 효과음 , * 마음 을 사로잡지만 , 홀가분하게 털어 낼 수 있는 에피소드 를 가져야 한다 . 그리고 ,",2019-07-14 23:59:41
253230,A Hat in Time,positive,모자걸 킹갓겜,모자 걸 킹 갓 겜,2019-07-13 19:35:35
253230,A Hat in Time,positive,개커엽,개커엽,2019-07-13 16:02:59
253230,A Hat in Time,positive,egg,egg,2019-07-13 13:19:50
253230,A Hat in Time,positive,귀여워,귀여워,2019-07-13 12:45:14
253230,A Hat in Time,positive,great,great,2019-07-13 11:47:19
253230,A Hat in Time,positive,[h1]모자로 여러능력을쓰는 한 소녀의모험[/h1] [★★★★★] Excellent [★★★★☆] Best [★★★☆☆] Good [★★☆☆☆] Soso [★☆☆☆☆] Bad 평가 : ★★★★★ 장점 -힐링가능한 게임 -귀여운 그래픽하고 귀여운 캐릭터 -긴 플레이 타임 단점 -3인칭게임을 안해본사람이나 적은경험이신분들은 조작감이 불편할수도있다. 게임을 추천하라고하면 이게임이 추천순위 TOP5에 들정도로 갓겜이라고 생각한다. 기본 스토리에서는 귀여운 그래픽하고 캐릭터들로 힐링을 주로다루었고 DLC인 Seal the Deal에,[ h 1 ] 모자 로 여러 능력 을 쓰는 한 소녀 의 모험 [/ h 1 ] [ ★★★★★ ] Excellent [ ★★★★☆ ] Best [ ★★★☆☆ ] Good [ ★★☆☆☆ ] Soso [ ★☆☆☆☆ ] Bad 평가 : ★★★★★ 장점 - 힐링 가능한 게임 - 귀여운 그래픽 하고 귀여운 캐릭터 - 긴 플레이 타임 단점 - 3 인칭 게임 을 안 해본 사람 이나 적은 경험 이신 분들 은 조 작 감 이 불편할수도 있다 . 게임 을 추천 하 라고 하면 이 게임 이 추천 순위 TOP 5 에 들 정도 로 갓 겜 이라고 생각 한다 . 기본 스토리 에서는 귀여운 그래픽 하고 캐릭터 들 로 힐링 을 주로 다루었고 DLC 인 Seal the Deal 에,2019-07-13 00:39:29
253230,A Hat in Time,positive,마리오급으로 밝고 동물의 숲 급으로 세세하고 별 것 아닌 것까지 신경쓴 게임같다. 어린시절 닌텐도를 처음 접하고 동물의 숲과 젤다의 전설 그리고 마리오 카트를 하며 느끼던 그 감정을 다시 느낄 수 있었다.,마리오 급 으로 밝고 동물 의 숲 급 으로 세세하고 별 것 아닌 것 까지 신경 쓴 게임 같다 . 어린시절 닌텐도 를 처음 접 하고 동물 의 숲 과 젤다 의 전설 그리고 마리오 카트 를 하며 느끼던 그 감정 을 다시 느낄 수 있었다 .,2019-07-11 16:32:24
253230,A Hat in Time,positive,모자걸 개추,모자 걸 개추,2019-07-10 23:49:06
253230,A Hat in Time,positive,그저 모자걸이 귀엽습니다. 랜선 딸내미 좋아 그런데 데스위시는 개빡치네요 안해,그저 모자 걸이 귀엽습니다 . 랜선 딸내미 좋아 그런데 데스 위시 는 개 빡치네요 안해,2019-07-10 12:48:44
253230,A Hat in Time,positive,최고의 컨트롤게임이고 수집요소를 모으는 재미가 출중했다. 그리고 모자걸이 매우 커엽다,최고 의 컨트롤 게임 이고 수집 요소 를 모으는 재미 가 출중했다 . 그리고 모자 걸이 매우 커엽다,2019-07-09 21:50:36
253230,A Hat in Time,positive,"살까말까 많은 고민을 했다 일단 사고 맘에 안들면 환불하기로 했다 환불하기로 한 내가 창피해졌다 모자걸의 카와이함으로도 구매 가치는 충분하다고 보며, 그뿐만 아니라 게임성 자체도 색다르다고 생각됨. 슈퍼마리오 오딧세이랑 비슷한 느낌이라고 보면 될듯","살 까말까 많은 고민 을 했다 일단 사고 맘 에 안 들 면 환불 하기로 했다 환불 하기로 한 내 가 창피해졌다 모자 걸 의 카와이 함 으로도 구매 가치 는 충분하다고 보며 , 그 뿐 만 아니라 게임 성 자체 도 색다르다고 생각 됨 . 슈퍼마리오 오딧세이 랑 비슷한 느낌 이라고 보면 될듯",2019-07-09 01:21:35
253230,A Hat in Time,positive,모자걸은 사랑받기 위해서 태어났음,모자 걸은 사랑받기 위해 서 태어났음,2019-07-08 22:44:03
253230,A Hat in Time,positive,컨트롤러 있으시면 사용하시는것을 추천드립니다. 키보드로 하니까 ... 영 어려워요 ... 그래도 귀여우니까 다시!,컨트롤러 있으시면 사용 하시는것을 추천 드립니다 . 키 보드 로 하니까 ... 영 어려워요 ... 그래도 귀 여우 니까 다시 !,2019-07-08 16:30:12
253230,A Hat in Time,positive,평가가 좋아서 샀는데 해보니 걍 그럭저럭 괜찮네요. 처음에는 시점 불편하고 전투도 노잼이고 그래픽도 낯설어서 싫었는데 익숙해지니까 재밌진 않아도 시간때우기로 그냥 그럭저럭 할만함. 근데 최근에 마리오 오딧세이를 재밌게 해서 하면서 자꾸 비교하게 됨.,평가 가 좋아서 샀는데 해보니 걍 그럭저럭 괜찮네요 . 처음 에는 시점 불편하고 전투 도 노잼 이고 그래픽 도 낯설어서 싫었는데 익숙해지니까 재밌진 않아도 시간 때우기로 그냥 그럭저럭 할만 함 . 근데 최근 에 마리오 오딧세이 를 재밌게 해서 하면서 자꾸 비교 하게 됨 .,2019-07-08 02:01:03
253230,A Hat in Time,positive,와 모자걸 퍼즐은 그럭저럭 할만한정도였지만 보스전이 엄청 재밌었네요 챕터별로 개성이 엄청 강해서 챕터 넘어갈때마다 완전 다른게임이 됩니다. dlc까지 다해도 플레이타임이 짧은게 단점이라면 단점,와 모자 걸 퍼즐 은 그럭저럭 할만 한 정도 였지만 보스 전이 엄청 재밌었네요 챕 터 별로 개성 이 엄청 강해서 챕 터 넘어갈 때 마다 완전 다른 게임 이 됩니다 . dlc 까지 다해 도 플레이 타임 이 짧은게 단점 이 라면 단점,2019-07-07 23:19:25
253230,A Hat in Time,positive,어릴적 마리오 하던 동심을 찾을 수 있었습니다. 다만 실더딜 DLC를 사서 플레이하는 순간 그런 동심 딱 증발하기 좋습니다. 샀던 게임 중 페이데이와 더불어 사운드트랙 DLC 구매를 후회하지 않는 게임입니다.,어릴 적 마리오 하던 동심 을 찾을 수 있었습니다 . 다만 실 더딜 DLC 를 사서 플레이 하는 순간 그런 동심 딱 증발 하기 좋습니다 . 샀던 게임 중 페이 데이 와 더불어 사운드트랙 DLC 구매 를 후회 하지 않는 게임 입니다 .,2019-07-07 21:59:22
253230,A Hat in Time,positive,제가 겜 멀미가 잇는지 몰랏네요;;ㅋㅋㅋ근데 귀엽긴함,제 가 겜 멀미 가 잇는지 몰랏네 요 ;; ㅋㅋㅋ 근데 귀엽긴 함,2019-07-07 20:37:30
253230,A Hat in Time,positive,개꿀잼,개꿀잼,2019-07-07 20:01:16
253230,A Hat in Time,positive,마리오 오디세이느낌나는 플랫폼게임이네요 개꿀잼임 좀 짧은 느낌도 없잖지만 그래도 게임하면서 즐길순있음,마리오 오디세이 느낌나는 플랫폼게임 이네 요 개꿀잼임 좀 짧은 느낌 도 없잖지만 그래도 게임 하면서 즐길 순 있음,2019-07-07 18:17:22
253230,A Hat in Time,positive,"정가로 구매해도 전혀 아깝지 않은 게임. 6년간의 개발과정을 거쳤지만 이 게임을 최근에야 알아낸 것이 후회스럽습니다. 귀엽다는 것은 모두가 인정할 수밖에 없는 부분이고 넉넉히 잡아 8~10시간의 플레이 시간 분량은 적절하면서도 조금 부족한 느낌이 들었습니다. 아마 너무 푹 빠져 있어서 그럴 거지만... 다만 중간중간에 버그가 보입니다. 예를 들어 보스가 바닥 밑에 들어가서 때릴 수 없다든지, 모자의 능력으로 길을 찾아야 하는데 엉뚱한 방향을 가리킨다는지... 그런데도 저는 이 게임을 강력히 추천할 수 있습니다. 데스위시에 관해 많","정가 로 구매 해도 전혀 아깝지 않은 게임 . 6년 간의 개발 과정 을 거쳤지만 이 게임 을 최근 에야 알아낸 것 이 후회 스럽습니다 . 귀엽다는 것 은 모두 가 인정 할 수 밖에 없는 부분 이고 넉넉히 잡아 8~10시간 의 플레이 시간 분량 은 적절하면서도 조금 부족한 느낌 이 들었습니다 . 아마 너무 푹 빠져 있어서 그럴 거지 만 ... 다만 중간 중간 에 버그 가 보입니다 . 예 를 들어 보스 가 바닥 밑 에 들어가서 때릴 수 없다든지 , 모자 의 능력 으로 길 을 찾아야 하는데 엉뚱한 방향 을 가리킨다는지 ... 그런데도 저 는 이 게임 을 강력히 추천 할 수 있습니다 . 데스 위시 에 관해 많",2019-07-07 17:16:11
253230,A Hat in Time,positive,갓겜 붸에에~,갓 겜 붸에 에 ~,2019-07-07 15:12:20
253230,A Hat in Time,positive,good,good,2019-07-07 12:41:23
253230,A Hat in Time,positive,주인공이 귀여움 뭐가더 필요한가,주인공 이 귀 여 움 뭐 가더 필요한가,2019-07-07 11:05:09
253230,A Hat in Time,positive,정가에 사도 그만한 가치가 있는 게임!,정가 에 사도 그만한 가치 가 있는 게임 !,2019-07-07 09:53:05
253230,A Hat in Time,positive,적당한 난이도의 좋은 게임,적당한 난이도 의 좋은 게임,2019-07-07 04:23:11
253230,A Hat in Time,positive,모자걸 너무 재밌다ㅋㅋ 살짝 아쉬운 게 있다면 내 손이 말썽이다 흑흑.. 나에게 선물해 준 사람에게 감사한 마음이 든당 ㅎㅎ,모자 걸 너무 재밌다 ㅋㅋ 살짝 아쉬운 게 있다면 내 손 이 말썽 이다 흑 흑 .. 나 에게 선물 해 준 사람 에게 감사한 마음 이 든당 ㅎㅎ,2019-07-07 02:29:01
253230,A Hat in Time,positive,3D 플랫포머류를 닌텐도 말고 컴퓨터로 즐겨보고 싶은 사람들에게 추천함. 만약 그렇지 않더라도 추천함.,3 D 플랫포머 류 를 닌텐도 말고 컴퓨터 로 즐겨 보고 싶은 사람 들 에게 추천 함 . 만약 그렇지 않더라도 추천 함 .,2019-07-06 18:57:53
253230,A Hat in Time,positive,카메라때문에 어지러운거 빼고는 좋은 게임~,카메라 때문 에 어지러운거 빼고는 좋은 게임 ~,2019-07-06 17:20:09
253230,A Hat in Time,positive,귀여워,귀여워,2019-07-06 17:13:57
253230,A Hat in Time,positive,앗! 모자걸! 신발보다 싸다!,앗 ! 모자 걸 ! 신발 보다 싸다 !,2019-07-06 15:17:31
253230,A Hat in Time,positive,모자걸 귀여워,모자 걸 귀여워,2019-07-06 14:20:10
253230,A Hat in Time,positive,갓겜,갓 겜,2019-07-06 13:49:14
253230,A Hat in Time,positive,모자걸 짱짱걸,모자 걸 짱짱걸,2019-07-06 10:46:22
253230,A Hat in Time,positive,왜 압긍인가 했는데 받을만 하네요 아주 다양성으로,왜 압긍 인가 했는데 받을만 하네요 아주 다양성 으로,2019-07-06 03:39:11
253230,A Hat in Time,positive,1회차 클리어 후기 일단 켠왕으로 1트를 클리어 했다 킬링타임으로 즐기기에 좋고 마지막 보스 난이도 괴랄하지만 하다보면 패턴이 보인다 마지막에 드래곤볼이 연상되는 애들의 자살러쉬는 신선한 충격이라기보다 조금은 웃기면서 한편으로는 많이 힘들었다 라는 생각도 들었다 1회차 끝나고 보니 정신없이 즐거운 시간들만 지나간 것 같다 앞으로도 더 하게 될 것 같다 그런의미로 카와이한 모자걸짱 사이쿄다제~!!!!!!!!!!!!!!!!!!!!!!!!!!!!!!!,1회 차 클리어 후기 일단 켠왕 으로 1 트 를 클리어 했다 킬링타임 으로 즐기기에 좋고 마지막 보스 난이도 괴랄하 지만 하다 보면 패턴 이 보인다 마지막 에 드래곤볼 이 연상 되는 애 들 의 자살 러쉬 는 신선한 충격 이라기 보다 조금 은 웃기면서 한편 으로는 많이 힘들었다 라는 생각 도 들었다 1회 차 끝나고 보니 정신없이 즐거운 시간 들 만 지나간 것 같다 앞 으로도 더 하게 될 것 같다 그런 의미 로 카와이 한 모자 걸 짱 사이쿄 다 제 ~!!!!!!!!!!!!!!!!!!!!!!!!!!!!!!!,2019-07-06 03:16:37
253230,A Hat in Time,positive,모자겜. 컨트롤이 필요함. 하지만 나같은 똥손도 가능,모자 겜 . 컨트롤 이 필요함 . 하지만 나 같은 똥손 도 가능,2019-07-05 23:41:26
253230,A Hat in Time,positive,시간을 찾는 게임인데 내가 시간이 없다.,시간 을 찾는 게임 인데 내 가 시간 이 없다 .,2019-07-05 21:48:45
253230,A Hat in Time,positive,귀여웡,귀여웡,2019-07-05 19:31:48
253230,A Hat in Time,positive,너무 귀여워요!,너무 귀여워요 !,2019-07-05 18:59:53
253230,A Hat in Time,positive,인절손,인절손,2019-07-05 18:45:50
253230,A Hat in Time,positive,마리오 64를 좋아했으면 쉽게 좋아할 수 있지 않을까? 캐릭터들 귀엽고 나같은 발컨도 스토리는 다 볼 수 있음 조와요,마리오 64 를 좋아했으면 쉽게 좋아할 수 있지 않을까 ? 캐릭터 들 귀엽고 나 같은 발컨 도 스토리 는 다 볼 수 있음 조 와 요,2019-07-05 18:13:24
253230,A Hat in Time,positive,일단 사보면,일단 사보면,2019-07-05 17:18:35
253230,A Hat in Time,positive,귀여워,귀여워,2019-07-05 16:16:09
253230,A Hat in Time,positive,모자걸이 정말 귀엽습니다,모자 걸이 정말 귀엽습니다,2019-07-05 15:56:05
253230,A Hat in Time,positive,"오랫만에 만난 좋은 게임. 3D 버전의 슈퍼 마리오인데 수염난 배관공 아재가 나오는 것이 아니라 귀여운 모자 아이가 등장한다, 이것 만으로도 살 가치가 있지 않을까. 강추","오랫 만 에 만난 좋은 게임 . 3 D 버전 의 슈퍼 마리오 인데 수염 난 배관 공 아 재 가 나오는 것 이 아니라 귀여운 모자 아이 가 등장 한다 , 이 것 만으로도 살 가치 가 있지 않을까 . 강추",2019-07-05 13:17:49
253230,A Hat in Time,positive,Pc판 마리오,Pc 판 마리오,2019-07-05 12:53:53
253230,A Hat in Time,positive,갓겜,갓 겜,2019-07-05 08:13:23
253230,A Hat in Time,positive,"저는 이 게임을 구매했고, 이젠 이 게임을 가장 좋아해요! 우선 너무 재밌어요. 그리고 귀엽습니다.","저 는 이 게임 을 구매 했고 , 이 젠 이 게임 을 가장 좋아해요 ! 우선 너무 재밌어요 . 그리고 귀엽습니다 .",2019-07-05 06:33:34
253230,A Hat in Time,positive,말이 필요한가..? 이 게임의 진가는 「온라인 파티」다.,말 이 필요한가 ..? 이 게임 의 진가 는 「 온라인 파티 」 다 .,2019-07-05 04:47:55
253230,A Hat in Time,positive,귀여운걸 귀여운맵 귀여운보이스 꿀잼,귀여운 걸 귀여운 맵 귀여운 보이스 꿀잼,2019-07-05 01:33:51
253230,A Hat in Time,positive,재밌음 힐링겜으로 매우 훌륭함,재밌음 힐링 겜 으로 매우 훌륭함,2019-07-04 23:43:56
253230,A Hat in Time,positive,꿀맛!,꿀맛 !,2019-07-04 23:17:54
253230,A Hat in Time,positive,최근 업데이트 된 도전의 길이 너무 재미있습니다. 주기적으로 새로운 도전의 길이 업데이트되어 너무 좋네요!,최근 업데이트 된 도전 의 길이 너무 재미있습니다 . 주 기적 으로 새로운 도전 의 길이 업데이트 되어 너무 좋네요 !,2019-07-04 20:43:27
253230,A Hat in Time,positive,모자걸 커여웡,모자 걸 커여웡,2019-07-04 19:55:32
253230,A Hat in Time,positive,마치 마리오 64를 생각나게하는 게임이다. 다 좋고 메이플도 렉걸리는 내컴으로 클리어 가능할 정도면 사양도 그리 높지 않아도 된다. 딱 하나 아쉬운점은 조금 짧다는거..?말고는 다 좋았던 겜이다,마치 마리오 64 를 생각나게하는 게임 이다 . 다 좋고 메이플 도 렉 걸리는 내 컴 으로 클리어 가능할 정도 면 사양 도 그리 높지 않아도 된다 . 딱 하나 아쉬운 점 은 조금 짧다는거 ..? 말고는 다 좋았던 겜 이다,2019-07-04 19:31:17
253230,A Hat in Time,positive,그냥 귀엽다,그냥 귀엽다,2019-07-04 17:44:30
253230,A Hat in Time,positive,귀엽다,귀엽다,2019-07-04 17:08:59
253230,A Hat in Time,positive,dancin,dancin,2019-07-04 16:47:05
253230,A Hat in Time,positive,커엽누,커엽누,2019-07-04 14:15:20
253230,A Hat in Time,positive,한 단어로 정의 하자면 졸귀,한 단어 로 정의 하자 면 졸귀,2019-07-04 12:26:32
253230,A Hat in Time,positive,너무 귀여워서 심장이 아파요..,너무 귀여워서 심장 이 아파요 ..,2019-07-04 01:03:34
253230,A Hat in Time,positive,.,.,2019-07-03 22:53:29
253230,A Hat in Time,positive,마리오같은 플랫폼류 게임싫어하는 줄 알았는데 이겜하고 생각이 바뀌게 됬음. 커여운 모자걸과 함께하는 모험. 등장인물 다 귀여운데 스내쳐랑 컨덕터 존귀,마리오 같은 플랫폼 류 게임 싫어하는 줄 알았는데 이 겜 하고 생각 이 바뀌게 됬음 . 커 여운 모자 걸 과 함께 하는 모험 . 등장인물 다 귀여운데 스내쳐 랑 컨덕터 존귀,2019-07-03 22:07:58
253230,A Hat in Time,positive,갓겜..,갓 겜 ..,2019-07-03 21:16:59
253230,A Hat in Time,positive,춤추는팁 키보드:감정표현2개를 동시에 누른다 패드:감정표현2개를 번갈아가며 누른다,춤추는 팁 키 보드 : 감정 표현 2 개 를 동시 에 누른다 패드 : 감정 표현 2 개 를 번갈아 가며 누른다,2019-07-03 20:49:15
253230,A Hat in Time,positive,절 대 모 자 해,절 대 모 자 해,2019-07-03 20:00:33
253230,A Hat in Time,positive,귀여움에 시작되고 귀여움에 끝난다.,귀 여 움 에 시작 되고 귀 여 움 에 끝난다 .,2019-07-03 18:16:50
253230,A Hat in Time,positive,메인 스토리 : 재미따 냐쿠자 메트로 : 어려워도 재밌다!! 북극 유람선 : 렉걸려 데스 위시 : 선넘네...;,메인 스토리 : 재미 따 냐쿠자 메트로 : 어려워도 재밌다 !! 북극 유람선 : 렉 걸려 데스 위시 : 선 넘네 ...;,2019-07-03 17:49:03
253230,A Hat in Time,positive,재밌어요,재밌어요,2019-07-03 17:25:47
253230,A Hat in Time,positive,모자 ㄱㅇㅇ,모자 ㄱㅇㅇ,2019-07-03 16:38:33
253230,A Hat in Time,positive,우리 딸 귀엽죠?,우리 딸 귀엽죠 ?,2019-07-03 15:16:39
253230,A Hat in Time,positive,구매한지 이틀만에 엔딩 볼 정도로 달렸는데 재밌었습니다. 정가로 사도 후회 안함,구매 한지 이틀 만에 엔딩 볼 정도 로 달렸는데 재밌었습니다 . 정가 로 사도 후회 안함,2019-07-03 14:18:27
253230,A Hat in Time,positive,유아용 게임 같네요. 이 게임 가지고 난이도 어렵다면서 저급한 욕설을 퍼붓는 사람들을 보면 정말 그 사람의 게임재능에 애도를 표하고싶습니다.,유아 용 게임 같네요 . 이 게임 가지 고 난이도 어렵다면서 저급한 욕설 을 퍼붓는 사람 들 을 보면 정말 그 사람 의 게임 재능 에 애도 를 표 하고싶습니다 .,2019-07-03 13:54:08
253230,A Hat in Time,positive,귀여운 모자 쓴 소녀와 함께하는 모험! 게임이 전체적으로 아기자기한 느낌이라 플레이하는 내내 새로운 느낌을 받았던 것 같아요.,귀여운 모자 쓴 소녀 와 함께 하는 모험 ! 게임 이 전체 적 으로 아기자기한 느낌 이라 플레이 하는 내내 새로운 느낌 을 받았던 것 같아요 .,2019-07-03 13:27:43
253230,A Hat in Time,positive,세상에 정말 귀엽다! 귀여운 모자누나와 함께 마피아를 뚜까패고 귀신을 참교육하며 싸가지없는 수염난 애기를 참교육해보세요! 이 모든 모험을 끝냈다고요? 걱정하지마세요! 당신을 위한 악몽 DLC가 있습니다!! 악몽도 다 깼다고요? 어...,세상 에 정말 귀엽다 ! 귀여운 모자 누나 와 함께 마피아 를 뚜 까 패 고 귀신 을 참 교육 하 며 싸가지 없는 수염 난 애기 를 참 교육 해보세요 ! 이 모든 모험 을 끝냈다고요 ? 걱정 하지 마세요 ! 당신 을 위 한 악몽 DLC 가 있습니다 !! 악몽 도 다 깼다고요 ? 어 ...,2019-07-03 13:03:19
253230,A Hat in Time,positive,와! 모자걸!,와 ! 모자 걸 !,2019-07-03 10:11:32
253230,A Hat in Time,positive,모자걸 귀여워어어ㅓ어어어,모자 걸 귀여워어어 ㅓ 어어 어,2019-07-03 01:47:45
253230,A Hat in Time,positive,3D 마리오가 생각나는데 철저히 다른 시스템과 다양한 맵구성을 화려하게 준비해놨다.,3 D 마리오 가 생각나는데 철저히 다른 시스템 과 다양한 맵 구성 을 화려하게 준비 해놨다 .,2019-07-03 01:42:11
253230,A Hat in Time,positive,그저 갓겜,그저 갓 겜,2019-07-03 00:22:19
253230,A Hat in Time,positive,게임은 가격에 비해 볼륨도 적당하고 전체적으로 할만한데 시점은 패드로 해도 개같음,게임 은 가격 에 비해 볼륨 도 적당하고 전체 적 으로 할 만한데 시점 은 패드 로 해도 개 같음,2019-07-03 00:12:04
253230,A Hat in Time,positive,모--우자걸,모 -- 우 자걸,2019-07-02 23:30:57
253230,A Hat in Time,positive,모자 찾는 맛과 토큰 찾으며 다 때러뿌셔며 재밌게 플레이 할 수 있었던 겜이었습니다. 또한 계약서에 아무생각없이 마구 서명하는 주인공이 참 재밌었습니다 ㅋㅋㅋ,모자 찾는 맛 과 토큰 찾으며 다 때러뿌셔 며 재밌게 플레이 할 수 있었던 겜 이었습니다 . 또한 계약서 에 아무 생각 없이 마구 서명 하는 주인공 이 참 재밌었습니다 ㅋㅋㅋ,2019-07-02 22:03:35
253230,A Hat in Time,positive,시발 갓겜이다,시발 갓 겜 이다,2019-07-02 21:45:52
253230,A Hat in Time,positive,카메라 시점 좆같고 버그 쥰내 많고 컨트롤 좆같지만 커여움 하나로 갓-겜,카메라 시점 좆 같고 버그 쥰내 많고 컨트롤 좆 같지만 커여 움 하나로 갓 - 겜,2019-07-02 19:47:23
253230,A Hat in Time,positive,세일할때까지 기다렸다가 샀는데 진작 사서 할걸그랬네요 ㅋㅋ,세 일 할 때 까지 기다렸다가 샀는데 진작 사서 할 걸 그랬네요 ㅋㅋ,2019-07-02 18:35:28
253230,A Hat in Time,positive,good,good,2019-07-02 16:51:32
253230,A Hat in Time,positive,겉보기에는 유치하고 재미없어 보일 수 있지만 얼마나 과소평가 되어있는지 게임이 증명하네요,겉보기 에는 유치하고 재미없어 보일 수 있지만 얼마나 과소 평가 되어있는지 게임 이 증명 하네요,2019-07-02 16:02:19
253230,A Hat in Time,positive,벌써 3회차 중입니다.....마성의 모자아가...사랑해...,벌써 3회 차 중 입니다 ..... 마 성의 모 자아 가 ... 사랑 해 ...,2019-07-02 13:24:07
253230,A Hat in Time,positive,이 게임은 알맞게 귀엽슴미다,이 게임 은 알맞게 귀엽슴미 다,2019-07-02 10:35:32
253230,A Hat in Time,positive,재밌어요 힐링하는느낌이 드는게 가장 좋네요 미끄러지는 고인물까진 안되더라도..,재밌어요 힐링 하는 느낌 이 드는게 가장 좋네요 미끄러지는 고 인물 까진 안되더라도 ..,2019-07-02 10:28:37
253230,A Hat in Time,positive,아 너무 귀엽다,아 너무 귀엽다,2019-07-01 23:18:16
253230,A Hat in Time,positive,브금도 좋고 게임도 귀엽다. 게임자체가 힐링하는 느낌이다. 3챕터였나 빼고 여긴 심장마비오겠다.,브금 도 좋고 게임 도 귀엽다 . 게임 자체 가 힐링 하는 느낌 이다 . 3 챕 터 였나 빼고 여긴 심장마비 오겠다 .,2019-07-01 22:13:15
253230,A Hat in Time,positive,귀여운 여행,귀여운 여행,2019-07-01 20:10:33
253230,A Hat in Time,positive,정말 재밌게 플레이했다 이 게임의 장점을 나열하자면 1.귀여운 모자 소녀 2.독특한 테마와 잘 어우러지는 음악 3.마니아를 위한 수집 요소(특히 서브콘 숲) 4.컨트롤이 뛰어나지 않아도 재밌게 즐길 수 있다(데스 위시 제외) 일단 본편과 온라인 멀티가 껴있는 냐쿠자 메트로는 사는걸 권장한다 씰더딜은 충분히 알아보고 사는걸 추천,정말 재밌게 플레이 했다 이 게임 의 장점 을 나열하자면 1 . 귀여운 모자 소녀 2 . 독특한 테마 와 잘 어우러지는 음악 3 . 마니아 를 위 한 수집 요소 ( 특히 서브 콘 숲 ) 4 . 컨트롤 이 뛰어나지 않아도 재밌게 즐길 수 있다 ( 데스 위시 제외 ) 일단 본 편 과 온라인 멀티 가 껴있는 냐쿠자 메트로 는 사 는걸 권장 한다 씰더딜 은 충분히 알아보고 사 는걸 추천,2019-07-01 19:22:17
253230,A Hat in Time,positive,모자걸 귀여워요 모자걸,모자 걸 귀여워요 모자 걸,2019-07-01 15:39:47
253230,A Hat in Time,positive,꿀잼 갓 겜,꿀잼 갓 겜,2019-07-01 10:03:43
253230,A Hat in Time,positive,정말 재미있는 3D 플랫포머. 1. 본편 난이도는 쉽다. 하지만 도전과제까지 달성하려면 어렵다. 2. 실더딜 DLC는 본편보다는 어렵지만 할 만하다. 3. 데스위시는 미친 듯한 난이도다. 제작자가 하다가 성질나라고 만든 것이 분명하다. 근데 다 필요없고 모자걸이 귀여우니 하는 게임.,정말 재미있는 3 D 플랫포머 . 1 . 본 편 난이도 는 쉽다 . 하지만 도전 과제 까지 달성 하려면 어렵다 . 2 . 실 더딜 DLC 는 본 편 보다는 어렵지만 할 만하 다 . 3 . 데스 위시 는 미친 듯 한 난이도 다 . 제작자 가 하다가 성질 나라 고 만든 것 이 분명하다 . 근데 다 필요없고 모자 걸이 귀 여우 니 하는 게임 .,2019-07-01 09:01:20
253230,A Hat in Time,positive,재밌습니다 정말로,재밌습니다 정말로,2019-07-01 06:02:53
253230,A Hat in Time,positive,마우스가 고장이 나 다른 겜을 할 수 없었을 때 패드를 잡아 여러 이야기를 돌아다니던 모험은 결코 잊지 않을 것이다. [b] 좋은 추억을 하나 만들어 주셔서 감사합니다. [/b],마우스 가 고장 이 나 다른 겜 을 할 수 없었을 때 패드 를 잡아 여러 이야기 를 돌아다니던 모험 은 결코 잊지 않을 것 이다 . [ b ] 좋은 추억 을 하나 만들어 주셔서 감사합니다 . [/ b ],2019-07-01 02:11:06
253230,A Hat in Time,positive,귀엽다 그걸로 충분,귀엽다 그 걸 로 충분,2019-07-01 00:58:55
253230,A Hat in Time,positive,커엽,커엽,2019-06-30 23:54:18
253230,A Hat in Time,positive,지금 할인중이때 사두면 나중에 할거없을때 잡고 하기정말좋습니다. 실 더 딜은 멘탈좋은분만 사시는거추천드려요... 하지만 모자걸의 춤을 위해 사야합니다? 실 더 딜은 악랄한난이도로 사람을 괴롭힙니다. 님도 한번ㄱ?,지금 할인 중이 때 사두 면 나중 에 할거 없을 때 잡고 하기 정말 좋습니다 . 실 더 딜 은 멘탈 좋은 분만 사시는거 추천 드려요 ... 하지만 모자 걸 의 춤 을 위해 사야 합니다 ? 실 더 딜 은 악랄한 난이도 로 사람 을 괴롭힙니다 . 님 도 한번 ㄱ ?,2019-06-30 23:01:03
253230,A Hat in Time,positive,대신 이 귀여운 모자를 드립니다,대신 이 귀여운 모자 를 드립니다,2019-06-30 21:49:38
253230,A Hat in Time,positive,갓-겜,갓 - 겜,2019-06-30 21:21:43
253230,A Hat in Time,positive,아기자기해서 눈에 즐겁습니다.,아기자기해서 눈 에 즐겁습니다 .,2019-06-30 21:04:09
253230,A Hat in Time,positive,귀엽고 재ㅑ밋음,귀엽고 재 ㅑ 밋음,2019-06-30 20:58:58
253230,A Hat in Time,positive,모자걸이 귀엽다,모자 걸이 귀엽다,2019-06-30 20:12:10
253230,A Hat in Time,positive,킹자걸 커엽,킹 자 걸 커엽,2019-06-30 19:52:46
253230,A Hat in Time,positive,귀여움,귀 여 움,2019-06-30 17:53:52
253230,A Hat in Time,positive,모자걸은 당신의 시간을 빼앗아갑니다.,모자 걸은 당신 의 시간 을 빼앗아 갑니다 .,2019-06-30 16:46:42
253230,A Hat in Time,positive,재미있는 모-자걸,재미있는 모 - 자걸,2019-06-30 16:22:43
253230,A Hat in Time,positive,DLC 언제나옴? 일해라 개발사!,DLC 언제 나옴 ? 일해 라 개발 사 !,2019-06-30 13:58:00
253230,A Hat in Time,positive,dd,dd,2019-06-30 12:18:42
253230,A Hat in Time,positive,마리오 64같은 3D 플랫포머가 취향이신 분들은 충분히 매우 즐겁게 플레이 할 수 있는 게임. 물론 이런 장르는 처음인 분들도 난이도가 낮아서 할만 함. 다만 3D 멀미가 심하다면 카메라 설정을 맞추는 걸 추천함.,마리오 64 같은 3 D 플랫포머 가 취향 이신 분 들 은 충분히 매우 즐겁게 플레이 할 수 있는 게임 . 물론 이런 장르 는 처음 인 분 들 도 난이도 가 낮아서 할만 함 . 다만 3 D 멀미 가 심하다면 카메라 설정 을 맞추는 걸 추천 함 .,2019-06-30 12:12:23
253230,A Hat in Time,positive,무슨 말이 필요할까요 갓겜입니다,무슨 말 이 필요할까 요 갓 겜 입니다,2019-06-30 10:58:43
253230,A Hat in Time,positive,.,.,2019-06-30 04:47:11
253230,A Hat in Time,positive,적당히 조절된 난이도로 설계된 귀여운 모자걸과의 즐거운 모험 그리고 그 즐거운 경험을 이어나가지 못하는 좆같은 난이도의 DLC 좆같은 난이도의 게임을 끈질기게 파훼해 나가는걸 즐기시는 분들께는 DLC 합본판을 추천합니다. 하지만 귀여운 모자걸과의 모험만을 즐기고싶다면 본편만 사세요,적당히 조절 된 난이도 로 설계 된 귀여운 모자 걸 과의 즐거운 모험 그리고 그 즐거운 경험 을 이 어나 가지 못 하는 좆 같은 난이도 의 DLC 좆 같은 난이도 의 게임 을 끈질기게 파훼해 나가는걸 즐기시는 분 들께는 DLC 합본 판 을 추천 합니다 . 하지만 귀여운 모자 걸 과의 모험 만을 즐기고싶다면 본 편 만 사세요,2019-06-30 01:58:58
253230,A Hat in Time,positive,처음 본 순간 알았습니다. 내가 찾던 게임이구나. 이 게임은 정말 재밌게 할 수 있겠구나 하드하지 않으면서도 그렇게 쉽지도 않은 매우 적당한 난이도였습니다.,처음 본 순간 알았습니다 . 내 가 찾던 게임 이구나 . 이 게임 은 정말 재밌게 할 수 있겠구나 하드 하지 않으면서도 그렇게 쉽지도 않은 매우 적당한 난이도 였습니다 .,2019-06-30 01:12:31
253230,A Hat in Time,positive,귀여워,귀여워,2019-06-30 00:56:31
253230,A Hat in Time,positive,보스전할떄 작동중지 떠서 화났음 ㅎㅎ,보스 전 할떄 작동 중지 떠서 화났음 ㅎㅎ,2019-06-30 00:40:44
253230,A Hat in Time,positive,갓겜.....,갓 겜 .....,2019-06-29 23:01:32
253230,A Hat in Time,positive,귀여워서 힐링됨 정말 좋아,귀여워서 힐링 됨 정말 좋아,2019-06-29 20:02:41
253230,A Hat in Time,positive,잘산듯,잘산듯,2019-06-29 19:48:52
253230,A Hat in Time,positive,i don't know,i don ' t know,2019-06-29 19:22:17
253230,A Hat in Time,positive,귀엽다,귀엽다,2019-06-29 19:20:55
253230,A Hat in Time,positive,갓게임. 딸과 같이하는데 너무나 신나하네요~ 근데 난이도는 상당히 있는듯....,갓 게임 . 딸 과 같이하는데 너무나 신나하네요 ~ 근데 난이도 는 상당히 있는듯 ....,2019-06-29 18:59:49
253230,A Hat in Time,positive,게임을 한지는 얼마 되지는 않지만 너무 귀엽고 재미있어요.,게임 을 한지 는 얼마 되지는 않지만 너무 귀엽고 재미있어요 .,2019-06-29 18:59:36
253230,A Hat in Time,positive,귀여움은 정의,귀 여 움 은 정의,2019-06-29 18:46:55
253230,A Hat in Time,positive,Hat in time? Happy time!,Hat in time ? Happy time !,2019-06-29 18:36:26
253230,A Hat in Time,positive,좋음,좋음,2019-06-29 18:00:02
253230,A Hat in Time,positive,갓겜 당장 구매,갓 겜 당장 구매,2019-06-29 17:50:04
253230,A Hat in Time,positive,1 4 1 4 갓겜이다,1 4 1 4 갓 겜 이다,2019-06-29 17:29:27
253230,A Hat in Time,positive,본편 : 남녀노소 하기에 좋은 게임이다. DLC : 남녀노소 못깬다.,본 편 : 남녀 노소 하기에 좋은 게임 이다 . DLC : 남녀 노소 못 깬다 .,2019-06-29 17:20:17
253230,A Hat in Time,positive,"귀여움, 귀엽다는게 중요함 가끔 카메라 배치나 맵 구조가 어려운것만 빼면 좋음","귀 여 움 , 귀엽다는게 중요함 가끔 카메라 배치 나 맵 구조 가 어려운것만 빼면 좋음",2019-06-29 16:57:24
253230,A Hat in Time,positive,갓-겜 세일할때 꼭 사십쇼,갓 - 겜 세 일 할 때 꼭 사십 쇼,2019-06-29 16:44:06
253230,A Hat in Time,positive,딸내미 귀여워,딸내미 귀여워,2019-06-29 16:11:45
253230,A Hat in Time,positive,재미남,재미 남,2019-06-29 15:04:32
253230,A Hat in Time,positive,붸에에,붸에 에,2019-06-29 14:44:07
253230,A Hat in Time,positive,갓 갓 갓 갓갓,갓 갓 갓 갓 갓,2019-06-29 13:59:47
253230,A Hat in Time,positive,굿굿,굿굿,2019-06-29 13:23:11
253230,A Hat in Time,positive,게임도 게임이지만 캐릭터 디자인 진짜 잘 뽑아냈다,게임 도 게임 이지만 캐릭터 디자인 진짜 잘 뽑아 냈다,2019-06-29 12:07:39
253230,A Hat in Time,positive,커여운 모우자걸과 즐거운 게임 = 갓겜,커 여운 모 우 자걸 과 즐거운 게임 = 갓 겜,2019-06-29 11:07:06
253230,A Hat in Time,positive,모자걸! 짱짱걸! 와! 푸잉!,모자 걸 ! 짱짱걸 ! 와 ! 푸잉 !,2019-06-29 10:24:45
253230,A Hat in Time,positive,커엽,커엽,2019-06-29 00:43:42
253230,A Hat in Time,positive,잼있습니다 강추합니다 슈퍼마리오 64시리즈를 좋아하신다면 더더욱 강추합니다.,잼있습니다 강 추합니다 슈퍼마리오 64시 리즈를 좋아하신다면 더 더욱 강 추합니다 .,2019-06-28 11:47:47
253230,A Hat in Time,positive,귀여워귀여워귀여워귀여워귀여워귀여워귀여워귀여워귀여워귀여워귀여워귀여워귀여워귀여워귀여워귀여워귀여워귀여워귀여워귀여워귀여워귀여워귀여워귀여워귀여워귀여워귀여워귀여워귀여워귀여워귀여워귀여워귀여워귀여워귀여워귀여워귀여워귀여워귀여워귀여워귀여워귀여워귀여워귀여워귀여워귀여워귀여워귀여워귀여워귀여워귀여워귀여워귀여워귀여워귀여워귀여워귀여워귀여워귀여워귀여워귀여워귀여워귀여워귀여워귀여워귀여워귀여워귀여워귀여워귀여워귀여워귀여워귀여워귀여워귀여워귀여워귀여워귀여워귀여워귀여워귀여워귀여워귀여워귀여워귀여워귀여워귀여워귀여워귀여워귀여워귀여워귀여워귀여워귀여워귀여워귀여워귀여워귀여워귀여워귀여워,귀여워 귀여워 귀여워 귀여워 귀여워 귀여워 귀여워 귀여워 귀여워 귀여워 귀여워 귀여워 귀여워 귀여워 귀여워 귀여워 귀여워 귀여워 귀여워 귀여워 귀여워 귀여워 귀여워 귀여워 귀여워 귀여워 귀여워 귀여워 귀여워 귀여워 귀여워 귀여워 귀여워 귀여워 귀여워 귀여워 귀여워 귀여워 귀여워 귀여워 귀여워 귀여워 귀여워 귀여워 귀여워 귀여워 귀여워 귀여워 귀여워 귀여워 귀여워 귀여워 귀여워 귀여워 귀여워 귀여워 귀여워 귀여워 귀여워 귀여워 귀여워 귀여워 귀여워 귀여워 귀여워 귀여워 귀여워 귀여워 귀여워 귀여워 귀여워 귀여워 귀여워 귀여워 귀여워 귀여워 귀여워 귀여워 귀여워 귀여워 귀여워 귀여워 귀여워 귀여워 귀여워 귀여워 귀여워 귀여워 귀여워 귀여워 귀여워 귀여워 귀여워 귀여워 귀여워 귀여워 귀여워 귀여워 귀여워 귀여워,2019-06-28 02:43:02
253230,A Hat in Time,positive,모자걸은 귀엽기 때문에 그냥 옳다,모자 걸은 귀 엽기 때문 에 그냥 옳다,2019-06-28 02:35:06
253230,A Hat in Time,positive,갓.. 겜..,갓 .. 겜 ..,2019-06-27 10:05:01
253230,A Hat in Time,positive,굳,굳,2019-06-26 23:47:59
253230,A Hat in Time,positive,귀여운 모자걸 신나는 브금 다양한 스토리와 연출 플레이 시간이 짧은게 한임. 비싸게 지른 가치가 있었음 ㄹㅇ루다가,귀여운 모자 걸 신나는 브금 다양한 스토리 와 연출 플레이 시간 이 짧은게 한 임 . 비싸게 지른 가치 가 있었음 ㄹㅇ 루다 가,2019-06-23 22:27:50
253230,A Hat in Time,positive,게임도 재밌지만 OST가 아주 훌륭합니다.,게임 도 재밌지만 OST 가 아주 훌륭합니다 .,2019-06-23 13:21:14
253230,A Hat in Time,positive,굿굿,굿굿,2019-06-21 02:00:39
253230,A Hat in Time,positive,아빠미소,아빠 미소,2019-06-20 18:59:51
253230,A Hat in Time,positive,귀여운 햇키드 매력적인 캐릭터 매우매우매우매우 재밌는 게임플레이 ㅈ같은 데스위시,귀여운 햇 키드 매력 적 인 캐릭터 매우 매우 매우 매우 재밌는 게임 플레이 ㅈ 같은 데스 위시,2019-06-17 12:25:28
253230,A Hat in Time,positive,아따 재밌다,아따 재밌다,2019-06-17 08:14:09
253230,A Hat in Time,positive,갓-겜,갓 - 겜,2019-06-15 20:24:45
253230,A Hat in Time,positive,너무 귀엽다,너무 귀엽다,2019-06-15 15:46:16
253230,A Hat in Time,positive,미확인 외계 생물 모-자걸이 떨어뜨린 우주선 연료를 회수하러 온 행성을 샅샅이 뒤지고 다니는 플랫포머 액션 게임. 귀여운 비주얼과 발랄한 분위기가 마음을 정화시켜준다. 핵쟁이와 패드립과 운빨에 지쳐서 온라인 게임에 질리면 한번 쯤 해보는 게 어떨까?,미 확인 외계 생물 모 - 자 걸이 떨어뜨린 우주선 연료 를 회수 하러 온 행성 을 샅샅이 뒤지고 다니는 플랫포머 액션 게임 . 귀여운 비주 얼 과 발랄한 분위기 가 마음 을 정화 시 켜준다 . 핵 쟁이 와 패 드립 과 운빨 에 지쳐서 온라인 게임 에 질리 면 한번 쯤 해보는 게 어떨까 ?,2019-06-14 19:18:21
253230,A Hat in Time,positive,흐뭇해지는 게임 어린애들에게 소개시켜줘도 좋은 게임 같네요,흐뭇해지는 게임 어린 애 들 에게 소개 시켜줘도 좋은 게임 같네요,2019-06-13 00:33:44
253230,A Hat in Time,positive,갓 모자겜 재밌는 것..,갓 모자 겜 재밌는 것 ..,2019-06-13 00:27:56
253230,A Hat in Time,positive,모-우자걸겜 재 밌 다 ! 진지하게 재밌다 개추,모 - 우 자걸겜 재 밌 다 ! 진지하게 재밌다 개추,2019-06-11 23:34:27
253230,A Hat in Time,positive,"어햇인타임은 김도를 보고 따라 샀고, 정말 재밌게 한 게임임. 원래 마리오쪽을 선호하는 편이 아니었는데, 아기자기한 그래픽과 오랜만에 순수함을 떠올리게 해주는 모자걸 때문에 더 재밌게 즐긴 듯 싶음. 기본 구성 자체도 부족함이 없고, 완성도가 높다고 생각됨. 게임사의 규모가 크질 않아서 거대한 볼륨을 기대하고 산다면 실망할 수 있는데, 그런 생각없이 한다면 10~20시간 정도는 넋 놓고 하고 있지 않을까 하는 작품.","어햇 인타임 은 김 도를 보고 따라 샀고 , 정말 재밌게 한 게임 임 . 원래 마리오 쪽 을 선호 하는 편이 아니었는데 , 아기자기한 그래픽 과 오랜 만 에 순수함을 떠올리게 해주는 모자 걸 때문 에 더 재밌게 즐긴 듯 싶음 . 기본 구성 자체 도 부족함 이 없고 , 완성 도 가 높다고 생각 됨 . 게임 사의 규모 가 크질 않아서 거대한 볼륨 을 기대하고 산다 면 실망할 수 있는데 , 그런 생각 없이 한다면 10~20시간 정도 는 넋 놓고 하고 있지 않을까 하는 작품 .",2019-06-11 17:45:13
253230,A Hat in Time,positive,"3만 2천원. 요즘 보통 게임 나오면 기본이 5만원을 훌쩍 넘기는 세상인 만큼, 분량과 퀄리티만 괜찮다면 사실 비싸다고 할 수 없는 가격입니다. 그리고 이 요망한 년은 분량과 퀄리티가 충만해서 절대 비싸지 않습니다. 액션을 바라고 사지는 마세요. 부담없는 퍼즐과 무겁지않고 귀여운 스토리를 즐기고자 하는 분들은 이거 안사고 뭐했습니까 빨리 사세요.","3만 2천원 . 요즘 보통 게임 나오면 기본 이 5만원 을 훌쩍 넘기는 세상 인 만큼 , 분량 과 퀄리티 만 괜찮다면 사실 비싸다고 할 수 없는 가격 입니다 . 그리고 이 요망 한 년 은 분량 과 퀄리티 가 충만 해서 절대 비싸지 않습니다 . 액션 을 바라고 사지 는 마세요 . 부담 없는 퍼즐 과 무겁지 않고 귀여운 스토리 를 즐기고자 하는 분 들 은 이 거 안 사고 뭐 했습니까 빨리 사세요 .",2019-06-10 01:41:06
253230,A Hat in Time,positive,당신이 마리오64를 재미있게 플레이한 경험이 있다면? 당신이 한 게임 안에서 장르를 초월하는 경험을 하고 싶다면? 당신이 쉽고 친절한 시스템을 갖춘 게임을 원한다면? 당신이 테마에 잘 들어맞는 좋은 배경음악을 갖춘 게임을 원한다면? 당신이 히오스보다 뛰어난 속도감과 타격감을 갖춘 게임을 원한다면? 정.말.갓.겜.입.니.다 당신이 여기에 약간의 덕력까지 가지고 있다면? 초 ㅡ 갓.겜.입.니.다,당신 이 마리오 64 를 재미있게 플레이 한 경험 이 있다면 ? 당신 이 한 게임 안 에서 장르 를 초월 하는 경험 을 하고 싶다면 ? 당신 이 쉽고 친절한 시스템 을 갖춘 게임 을 원한다면 ? 당신 이 테마 에 잘 들어맞는 좋은 배경음악 을 갖춘 게임 을 원한다면 ? 당신 이 히오스 보다 뛰어난 속 도감 과 타 격감 을 갖춘 게임 을 원한다면 ? 정 . 말 . 갓 . 겜 . 입 . 니 . 다 당신 이 여기 에 약간 의 덕 력 까지 가지 고 있다면 ? 초 ㅡ 갓 . 겜 . 입 . 니 . 다,2019-06-08 12:23:17
253230,A Hat in Time,positive,조금 해봤는데 재미있네요 추천합니다,조금 해봤는데 재미있네요 추천 합니다,2019-06-08 11:12:28
253230,A Hat in Time,positive,마리오 + 소닉을 3D게임으로 표현한 느낌 옛날 느낌나서 좋은것같다. 꾸준한 업데이트가 진행되는점이 맘에 든다,마리오 + 소닉 을 3 D 게임 으로 표현 한 느낌 옛날 느낌나서 좋은 것 같다 . 꾸준한 업데이트 가 진행 되는 점 이 맘 에 든다,2019-06-07 12:40:06
253230,A Hat in Time,positive,"아이 미친 재밌잖아 플랫포머를 플랫포머따위라 부르며 아 또 마리오같은 그건가 그 점프만 하고 노잼인거 라고 생각하던 저의 생각이 틀렸습니다 이겜은 갓겜입니다 스토리, 난이도, 게임구성 뭐 하나같이 꿀리는게 없습니다 후 내가 왜 이걸 이제야 했지 전체적으로 난이도가 친절한 느낌이고요 죽어도 패널티가 없다시피한게 거의 발컨에게 관대한 수준이고 보스전과 맵 구성도 게임센스 좀 있다 싶으신 분 기준으로 많이 어렵지 않고 가볍게 즐길만합니다 가격도 이만하면 비싸진 않다고 봅니다 마리오 오딧세이를 생각하면 더더욱 그렇습니다 그리고","아이 미친 재밌잖아 플랫포머 를 플랫포머 따위 라 부르며 아 또 마리오 같은 그 건가 그 점프 만 하고 노잼 인거 라고 생각 하던 저 의 생각 이 틀렸습니다 이 겜 은 갓 겜 입니다 스토리 , 난이도 , 게임 구성 뭐 하나같이 꿀리 는게 없습니다 후 내 가 왜 이 걸 이제야 했지 전체 적 으로 난이도 가 친절한 느낌이고요 죽어도 패널 티 가 없다시피 한 게 거의 발컨 에게 관대한 수준 이고 보스 전과 맵 구성 도 게임 센스 좀 있다 싶으신 분 기준 으로 많이 어렵지 않고 가볍게 즐길만 합니다 가격 도 이만 하면 비싸진 않다고 봅니다 마리오 오딧세이 를 생각 하면 더 더욱 그렇습니다 그리고",2019-06-05 02:30:18
253230,A Hat in Time,positive,비싸지만 귀여우니까 삽시다 아니면 세일할때까지 존버했다가 구매하세요 커여운 모자걸과 스스로의 컨트롤 실력도 확인하실 수 있습니다. ^^7 아 그리고 어느게임이건 빠지지않는 도박중독과 룩덕은 피해가실 수 없습니다 수고링 ~,비싸지만 귀 여우 니까 삽시다 아니면 세 일 할 때 까지 존버했다 가 구매 하세요 커 여운 모자 걸 과 스스로 의 컨트롤 실력 도 확인 하실 수 있습니다 . ^^ 7 아 그리고 어느 게임 이건 빠지지 않는 도박중독 과 룩덕 은 피해 가실 수 없습니다 수고 링 ~,2019-06-05 00:45:40
253230,A Hat in Time,positive,어썸,어썸,2019-06-04 02:51:58
253230,A Hat in Time,positive,왜 이런 갓 겜을 이제 알았을까.. 비싼돈 주고 했지만 후회되지 않는다.. 정말 귀여움으로 시작해서 귀여움으로 끝나는 게임 딸바보 아빠가 될수있다..ㅋㅋㅋ 모자걸 흥해라!!! DLC 또 내줘!!!ㅠ,왜 이런 갓 겜 을 이제 알았을까 .. 비싼 돈 주고 했지만 후회되지 않는다 .. 정말 귀 여 움 으로 시작 해서 귀 여 움 으로 끝나는 게임 딸바보 아빠 가 될수있다 .. ㅋㅋㅋ 모자 걸 흥 해라 !!! DLC 또 내줘 !!! ㅠ,2019-06-04 02:01:53
253230,A Hat in Time,positive,DLC의 DLC인 보조모드를 추가하는 냐쿠자 메트로가 아니었다면 DLC부분은 말아먹을수도 있었음. 근데 본판자체는 괜찮은편이고 1챕터에 좀 좋은점이 몰려있는거같긴 하지만 어느정도 점수를 긍정적으로 줄수밖에 없는 게임임 지금 바로 사서 해라 두번해라,DLC 의 DLC 인 보조 모드 를 추가 하는 냐쿠자 메트로 가 아니었다면 DLC 부분 은 말아먹을수도 있었음 . 근데 본 판 자체 는 괜찮은 편이 고 1 챕 터 에 좀 좋은 점 이 몰려있는거 같긴 하지만 어느 정도 점수 를 긍정 적 으로 줄수밖에 없는 게임 임 지금 바로 사서 해 라 두 번해라,2019-06-03 23:03:18
253230,A Hat in Time,positive,아동청소년의 성보호에 관한 법률 제11조(아동ㆍ청소년이용음란물의 제작ㆍ배포 등) ① 아동ㆍ청소년이용음란물을 제작ㆍ수입 또는 수출한 자는 무기징역 또는 5년 이상의 유기징역에 처한다. ② 영리를 목적으로 아동ㆍ청소년이용음란물을 판매ㆍ대여ㆍ배포ㆍ제공하거나 이를 목적으로 소지ㆍ운반하거나 공연히 전시 또는 상영한 자는 10년 이하의 징역에 처한다. ③ 아동ㆍ청소년이용음란물을 배포ㆍ제공하거나 공연히 전시 또는 상영한 자는 7년 이하의 징역 또는 5천만원 이하의 벌금에 처한다. ④ 아동ㆍ청소년이용음란물을 제작할 것이라는 정황을 알면서,아동 청소년 의 성 보호 에 관 한 법률 제 11조 ( 아동 ㆍ 청소년 이용 음란물 의 제작 ㆍ 배포 등 ) ① 아동 ㆍ 청소년 이용 음란물 을 제작 ㆍ 수입 또는 수출 한 자는 무기징역 또는 5년 이상 의 유기 징역 에 처 한다 . ② 영리 를 목적 으로 아동 ㆍ 청소년 이용 음란물 을 판매 ㆍ 대여 ㆍ 배포 ㆍ 제공 하 거나 이를 목적 으로 소지 ㆍ 운반 하 거나 공연히 전시 또는 상영 한 자는 10년 이하 의 징역 에 처 한다 . ③ 아동 ㆍ 청소년 이용 음란물 을 배포 ㆍ 제공 하 거나 공연히 전시 또는 상영 한 자는 7년 이하 의 징역 또는 5천만원 이하 의 벌금 에 처 한다 . ④ 아동 ㆍ 청소년 이용 음란물 을 제작 할 것 이라는 정황 을 알면서,2019-06-03 21:50:06
253230,A Hat in Time,positive,이 게임을 사려고 고민 하시는 건가요 x바ㄹ 그냥 사세요 . 재미 없으면 환불하면 되는거죠.,이 게임 을 사려 고 고민 하시는 건가 요 x 바 ㄹ 그냥 사세요 . 재미 없으면 환불 하면 되는거죠 .,2019-06-03 19:43:29
253230,A Hat in Time,positive,갓겜,갓 겜,2019-06-03 18:47:01
253230,A Hat in Time,positive,모자걸 을 보고나서 매일 매일이 행복해졌습니다,모자 걸 을 보고나서 매일 매일 이 행복해졌습니다,2019-06-02 18:37:38
253230,A Hat in Time,positive,"3D 플랫포머 장르는 사실 많은 게임이 실패했던 장르인데, 그 장르의 성공을 이 인디게임이 해냈습니다. 귀여운 거 좋아하시고 플랫포머 게임 좋아하신다면 추천해드립니다. 게임 한 번 시작하면 너무 집중하게 되는 나머지 클리어까지 금방 가버리므로 DLC도 함께 구매해두시는 것을 권장합니다.","3 D 플랫포머 장르 는 사실 많은 게임 이 실패했던 장르 인데 , 그 장르 의 성공 을 이 인디 게임 이 해냈습니다 . 귀여운 거 좋아하시고 플랫포머 게임 좋아하신다면 추천 해드립니다 . 게임 한 번 시작 하면 너무 집중 하게 되는 나머지 클리어 까지 금방 가버리므로 DLC 도 함께 구매 해 두시 는 것 을 권장 합니다 .",2019-06-02 13:11:40
253230,A Hat in Time,positive,카와이한 모자걸과 떠나는 신나는 여행,카와이 한 모자 걸 과 떠나는 신나는 여행,2019-06-01 22:56:32
253230,A Hat in Time,positive,너무 귀엽다ㅋㅋ,너무 귀엽다 ㅋㅋ,2019-05-31 22:26:46
253230,A Hat in Time,positive,하아 모자 안에 이것저것 넣어보고싶다,하아 모자 안 에 이 것 저 것 넣어 보고싶다,2019-05-31 06:56:33
253230,A Hat in Time,positive,모자게임. 우주선에서 떨어뜨린 모래를 회수하는 게임이다. 털뭉치로 모자를 업그레이드 할 수 있고 마피아들과 싸워 무쌍을 찍는 핵 앤 슬래시 요소도 함께있다. 회수해나가면서 강해지는 캐릭터와 마피아들과 싸우는 액션은 손맛이 짜릿하다. 보통 액션 위주로 게임을 하려면 이 게임을 하는 것을 보류하고 퍼즐과 캐쥬얼면에서는 상당히 신경을 많이 쓴게 보인다. 게임을 플레이 할 때마다 스테이지가 끝나가는게 아쉬울 정도이며 모든 숨겨진 요소를 모두 찾아야지만 클리어했다는 쾌감이 몰려온다. 디른 게임은 노가다 요소가 강하고 반복플레이가 지루했다,모자 게임 . 우주선 에서 떨어뜨린 모래 를 회수 하는 게임 이다 . 털 뭉치 로 모자 를 업그레이드 할 수 있고 마피아 들 과 싸워 무쌍 을 찍는 핵 앤 슬래시 요소 도 함께 있다 . 회수 해나가면서 강해지는 캐릭터 와 마피아 들 과 싸우는 액션 은 손맛 이 짜릿하다 . 보통 액션 위주 로 게임 을 하려면 이 게임 을 하는 것 을 보류 하고 퍼즐 과 캐 쥬얼 면 에서는 상당히 신경 을 많이 쓴게 보인다 . 게임 을 플레이 할 때 마다 스테이지 가 끝나가는게 아쉬울 정도 이며 모든 숨겨진 요소 를 모두 찾아야지만 클리어 했다는 쾌감 이 몰려온다 . 디른 게임 은 노가다 요소 가 강하고 반복 플레이 가 지루했다,2019-05-28 22:34:21
253230,A Hat in Time,positive,앗..아아.. 넘모 재밌고 귀엽다,앗 .. 아아 .. 넘 모 재밌고 귀엽다,2019-05-27 23:27:00
253230,A Hat in Time,positive,모자걸 = 갓-겜 귀엽기 때문에 공포도 용서해줌 고양이랑 비슷한 정도의 귀여움임,모자 걸 = 갓 - 겜 귀 엽기 때문 에 공포 도 용서 해줌 고양이 랑 비슷한 정도 의 귀 여 움임,2019-05-27 23:11:18
253230,A Hat in Time,positive,게임 재밌습니다. 귀엽고 아기자기하고 이것 저것 할께 많아서 좋아요. 다만 패드로 게임할때 화면이 조금 불편합니다. 지형으로 인해 카메라가 자동으로 줌이 너무 당겨져서 시야가 한눈에 안들어오구요. 높은 곳에서 아래로 내려갈때 아래쪽을 둘러보려는데 각도가 약간 불편합니다. 최근에 이것저것 많이 수정하는 패치가 이뤄져서 좋은데 이런 부분도 개선 좀 부탁드려요.,게임 재밌습니다 . 귀엽고 아기자기하고 이 것 저 것 할께 많아서 좋아요 . 다만 패드 로 게임 할 때 화면 이 조금 불편합니다 . 지형 으로 인해 카메라 가 자동 으로 줌 이 너무 당겨져서 시야 가 한눈 에 안 들어오구요 . 높은 곳 에서 아래 로 내려갈 때 아래쪽 을 둘러보려는데 각도 가 약간 불편합니다 . 최근 에 이 것 저 것 많이 수정 하는 패치 가 이뤄져서 좋은데 이런 부분 도 개선 좀 부탁드려요 .,2019-05-27 20:55:26
253230,A Hat in Time,positive,Hat girl 이 부릅니다 Dancin',Hat girl 이 부릅니다 Dancin ',2019-05-26 22:30:12
253230,A Hat in Time,positive,"귀여운 디자인과 그래픽으로 눈이 만족스럽고, 쉬우면서도 어렵지 않은 적당한 난이도. 그리고 스타트와 마무리가 여운에 남는 스토리까지 모두 만족하는 게임이었습니다. DLC를 구매할까 고민하시는 분들은 DLC를 사도 기대에 충족되는 만족감을 얻으실 수 있을겁니다. 단 실더딜 DLC는 스토리와는 달리 하드코어해진 난이도와 컨트롤을 요구하여 스토리에서의 무난한 난이도를 생각하고 구매하신다면 쓴 맛을 꽤나 볼 것이라고 생각합니다.","귀여운 디자인 과 그래픽 으로 눈 이 만족스럽고 , 쉬우면서도 어렵지 않은 적당한 난이도 . 그리고 스타트 와 마무리 가 여운 에 남는 스토리 까지 모두 만족하는 게임 이었습니다 . DLC 를 구매 할까 고민 하시는 분 들 은 DLC 를 사도 기대 에 충족 되는 만족감 을 얻으실 수 있을 겁니다 . 단 실 더딜 DLC 는 스토리 와는 달리 하드코어 해진 난이도 와 컨트롤 을 요구 하여 스토리 에서의 무난 한 난이도 를 생각 하고 구매 하신다면 쓴 맛 을 꽤 나 볼 것 이라고 생각 합니다 .",2019-05-26 20:45:45
253230,A Hat in Time,positive,똥손도 재밌게 할 수 있는 게임,똥손 도 재밌게 할 수 있는 게임,2019-05-26 19:32:53
253230,A Hat in Time,positive,갓겜,갓 겜,2019-05-26 02:57:51
253230,A Hat in Time,positive,개꿀잼 힐링게임 힐링만 하고싶으시면 실더딜 DLC는 걍 사지마셈 플탐 62시간 중 20~25정도가 본편이고 나머지가 DLC 데스위시라는 컨텐츠인데 아직도 반절밖에 못 깸 개 ㅈ같은 DLC 패드립나오는것도 모자라 샷건치고 자학까지 하게 됨,개꿀잼 힐링 게임 힐링 만 하고싶으시면 실 더딜 DLC 는 걍 사지마 셈 플 탐 62시간 중 20~25 정도 가 본 편이 고 나머지 가 DLC 데스 위시 라는 컨텐츠 인데 아직도 반절 밖에 못 깸 개 ㅈ 같은 DLC 패 드립 나오는것도 모자라 샷건 치고 자학 까지 하게 됨,2019-05-26 01:44:59
253230,A Hat in Time,positive,재밌습니다 모자걸 귀여워요,재밌습니다 모자 걸 귀여워요,2019-05-26 00:20:18
253230,A Hat in Time,positive,춤추는게 최종컨텐츠. 1414 눌러놓고 보고있으면 이것이 인생의 이유인가 싶다.,춤추는게 최종 컨텐츠 . 1414 눌러놓고 보고있으면 이 것 이 인생 의 이유 인가 싶다 .,2019-05-26 00:09:44
253230,A Hat in Time,positive,1분함,1분 함,2019-05-25 20:19:40
253230,A Hat in Time,positive,모자걸 갓겜,모자 걸 갓 겜,2019-05-25 19:12:43
253230,A Hat in Time,positive,재미가 있따,재미 가 있 따,2019-05-25 18:58:31
253230,A Hat in Time,positive,"갓겜이구요 재밌구요. 컴퓨터 사양이 좀 필요해서 가끔 렉 먹을 때 있는데 (적을 죽일 때 애니메이션 나오는데 그거 땜에 막 렉걸린다든가) 플레이에는 많이 지장 없어요. 게임 진짜 재밌고 귀엽습니다. (근데 챕터 3은 혼자서 공포겜 찍어요ㅎㅎㅎㅎㅎ) 기본적으로 게임내 돈인 Pon 을 따라가보면 스토리가 진행 될수 있게 잘 짜여져있어요. 그래서 넓은 맵에서 스스로 길을 찾아서 다니는 재미가 쏠쏠해요. ""이 맵 이정도면 다 깨지 않았을까?"" 하고 생각해도 맵을 더 뒤져보면 뭔가 더 숨겨져있어서 감탄하곤 합니다. 캐릭터들도 다 하나하나","갓 겜 이구 요 재밌구요 . 컴퓨터 사양 이 좀 필요해서 가끔 렉 먹을 때 있는데 ( 적 을 죽일 때 애니메이션 나오는데 그거 땜 에 막 렉 걸린다 든가 ) 플레이 에는 많이 지장 없어요 . 게임 진짜 재밌고 귀엽습니다 . ( 근데 챕 터 3 은 혼자 서 공포 겜 찍어요 ㅎㅎㅎㅎㅎ ) 기본 적 으로 게임 내 돈 인 Pon 을 따라가 보면 스토리 가 진행 될수 있게 잘 짜여져있어요 . 그래서 넓은 맵 에서 스스로 길 을 찾아서 다니는 재미 가 쏠쏠해요 . "" 이 맵 이 정도 면 다 깨지 않았을까 ?"" 하고 생각 해도 맵 을 더 뒤져 보면 뭔가 더 숨겨져있어서 감탄 하 곤 합니다 . 캐릭터 들 도 다 하나 하나",2019-05-25 04:27:40
253230,A Hat in Time,positive,확실히 재밌고 한판한판 깨가는게 아쉬움,확실히 재밌고 한판 한판 깨가는게 아쉬움,2019-05-24 19:46:52
253230,A Hat in Time,positive,귀엽기만 해보 충분한데 게임까지 재미있어?,귀엽기만 해보 충분한데 게임 까지 재미있어 ?,2019-05-24 14:30:10
253230,A Hat in Time,positive,귀여운 모자걸,귀여운 모자 걸,2019-05-22 03:59:06
253230,A Hat in Time,positive,재밌게 즐긴 3D 플랫포머 게임입니다. 무엇보다 모자걸이 귀엽습니다. 전체적으로 캐주얼하게... 는 아니고 어느 정도 순발력이 요구된다고 생각합니다. 단지 캐릭터들이 평균적으로 귀여울뿐. 특히 Seal the Deal는... 엄두도 나지 않을 정도로 어렵습니다. 충분히 제 값을 하는 게임이라고 생각합니다. 3D 플랫포머 좋아하고 귀여운거 좋아한다면 매우 만족하리라 생각합니다.,재밌게 즐긴 3 D 플랫포머 게임 입니다 . 무엇 보다 모자 걸이 귀엽습니다 . 전체 적 으로 캐 주얼 하 게 ... 는 아니고 어느 정도 순발력 이 요구 된다고 생각 합니다 . 단지 캐릭터 들 이 평균 적 으로 귀 여울 뿐 . 특히 Seal the Deal 는 ... 엄두 도 나지 않을 정도 로 어렵습니다 . 충분히 제 값 을 하는 게임 이라고 생각 합니다 . 3 D 플랫포머 좋아하고 귀여운거 좋아한다면 매우 만족하리라 생각 합니다 .,2019-05-21 03:28:32
253230,A Hat in Time,positive,안사고 뭐하냐,안 사고 뭐 하냐,2019-05-20 21:49:11
253230,A Hat in Time,positive,팀포 다음으로 죽을때도 데려갈 게임,팀포 다음 으로 죽 을 때 도 데려갈 게임,2019-05-20 01:44:45
253230,A Hat in Time,positive,귀여운 모자걸(햇키드)과 함께하는 데스위시 지금당장 사도록하세요 당신의 손과 멘탈 그리고 키보드는 책임지지 않습니다 오래전에 플레이해서 정확한 챕터는 기억이 안나지만 1~4 저택까지였었나는 재미있게 플레이했었지만 5챕터 오픈월드에서는 조금 지루했었음 모든업적까지 6~7개 정도만 남아있었던거같은데 콘텐츠가 추가되면서 업적도 추가되었으니 콘텐츠가 모두 나오면 그때 한번에 몰아서 달성해야지,귀여운 모자 걸 ( 햇 키드 ) 과 함께 하는 데스 위시 지금 당장 사 도록 하세요 당신 의 손 과 멘탈 그리고 키보 드는 책임지지 않습니다 오래전 에 플레이 해서 정확한 챕 터 는 기억 이 안나 지만 1~4 저택 까지 였었나는 재미있게 플레이 했었지만 5 챕 터 오픈월드 에서는 조금 지루했었음 모든 업적 까지 6~7 개 정도 만 남아있었던거 같은데 콘텐츠 가 추가 되면서 업적 도 추가 되었으니 콘텐츠 가 모두 나오면 그때 한번 에 몰아서 달성 해야지,2019-05-19 22:22:31
253230,A Hat in Time,positive,모자걸 커엽,모자 걸 커엽,2019-05-19 14:45:49
253230,A Hat in Time,positive,할인할때 구매했지만 정가로 사도 전혀 돈아깝다는 생각이 들지 않는다. dlc도 무난하고 잘만든 게임이다,할인 할 때 구매 했지만 정가 로 사도 전혀 돈 아깝다는 생각 이 들지 않는다 . dlc 도 무난 하고 잘만 든 게임 이다,2019-05-19 04:18:35
253230,A Hat in Time,positive,하앜 너무너무 귀엽자나..,하앜 너무 너무 귀엽 자 나 ..,2019-05-19 00:58:37
253230,A Hat in Time,positive,갓갓갓겜 시간정지모자 못얻어도 엔딩볼수있는 갓겜 DLC는 할인하면 사야지,갓 갓 갓 겜 시간 정지 모자 못 얻어도 엔딩 볼수있는 갓 겜 DLC 는 할인 하면 사야지,2019-05-18 23:55:47
253230,A Hat in Time,positive,수도꼭지 어떻게 잠그는건지 아시는분 댓글좀 부탁드려요 ㅠ.ㅠ,수도꼭지 어떻게 잠그는 건지 아시 는 분 댓글 좀 부탁드려요 ㅠ . ㅠ,2019-05-18 22:20:35
253230,A Hat in Time,positive,모자걸이 너무너무 귀엽다 다음엔 수염걸도 부탁해요 제작사,모자 걸이 너무 너무 귀엽다 다음 엔 수염 걸도 부탁 해요 제작사,2019-05-18 22:00:11
253230,A Hat in Time,positive,게임하는 동안 질리지 않고 끝까지 플레이 했습니다,게임 하는 동안 질리 지 않고 끝 까지 플레이 했습니다,2019-05-18 21:35:32
253230,A Hat in Time,positive,"귀여운 햇키드, 잘 만든 스토리와 게임","귀여운 햇 키드 , 잘 만든 스토리 와 게임",2019-05-18 21:26:51
253230,A Hat in Time,positive,재미있는게임,재미있는 게임,2019-05-18 12:55:04
253230,A Hat in Time,positive,.,.,2019-05-18 02:17:40
253230,A Hat in Time,positive,젠장... 너무 재밌다;;;,젠장 ... 너무 재밌다 ;;;,2019-05-17 00:56:22
253230,A Hat in Time,positive,"솔직히 게임이 별로여도 커여움으로 절반 먹고들어가는데 레벨디자인도 알차고 OST도 역대급 ☆★★★★ ---------------------------------------------------------- * 장점 - OST가 그냥 좋은 수준을 넘어 영리하고 컨셉에 딱 맞음 - 캐릭터가 귀여움. 생김새만이 아니라 행동 하나하나가 천진난만함 - 게임플레이가 다채로움. 특히 챕터2에서 두드러짐 - 마리오, 소닉 등 유명 게임을 떠오르게 하는 부분도 많음 - [DLC] 로비 공유 50인 멀티플레이라 혼자 하는 느낌이 덜함 *단점 -","솔직히 게임 이 별로 여 도 커여 움 으로 절반 먹고 들어가는데 레벨 디자인 도 알차고 OST 도 역대 급 ☆★★★★ ---------------------------------------------------------- * 장점 - OST 가 그냥 좋은 수준 을 넘어 영리하고 컨셉 에 딱 맞음 - 캐릭터 가 귀 여 움 . 생김새 만이 아니라 행동 하나 하나 가 천진난만함 - 게임 플레이 가 다 채 로움 . 특히 챕 터 2 에서 두드러짐 - 마리오 , 소닉 등 유명 게임 을 떠오르게 하는 부분 도 많음 - [ DLC ] 로비 공유 50 인 멀티플레이 라 혼자 하는 느낌 이 덜함 * 단점 -",2019-05-16 22:20:20
253230,A Hat in Time,positive,멀티도 되고 귀여운 모자 걸 플레이도 할수있어서 갓겜이에요 얼른 사서 하세요!!!!!!!!!!!!!!!!!!!!,멀티 도 되고 귀여운 모자 걸 플레이도 할수있어서 갓 겜 이에요 얼른 사서 하세요 !!!!!!!!!!!!!!!!!!!!,2019-05-16 06:52:15
253230,A Hat in Time,positive,귀여운 갓겜,귀여운 갓 겜,2019-05-15 23:59:30
253230,A Hat in Time,positive,정말 재밌습니다! 혼자 해도 충분히 재밌지만 게임은 같이 하면 더 즐거운 법이죠. 로컬 협동 기능도 있답니다!,정말 재밌습니다 ! 혼자 해도 충분히 재밌지만 게임 은 같이 하면 더 즐거운 법 이 죠 . 로컬 협동 기능 도 있답니다 !,2019-05-15 20:48:54
253230,A Hat in Time,positive,갓겜임 빨리 사라 푸잉,갓 겜임 빨리 사라 푸잉,2019-05-15 19:22:56
253230,A Hat in Time,positive,생각보다 어렵습니다 그치만 괜찮습니다. 귀엽거든요,생각 보다 어렵습니다 그치만 괜찮습니다 . 귀엽거든요,2019-05-15 14:44:02
253230,A Hat in Time,positive,rnasterpiece,rnasterpiece,2019-05-15 14:34:37
253230,A Hat in Time,positive,넘모 커엽다,넘 모 커엽다,2019-05-15 10:52:20
253230,A Hat in Time,positive,갓겜,갓 겜,2019-05-15 00:05:30
253230,A Hat in Time,positive,good,good,2019-05-14 17:29:40
253230,A Hat in Time,positive,절 대 인 형 팔 아,절 대 인 형 팔 아,2019-05-14 01:24:30
253230,A Hat in Time,positive,때껄룩 최고야,때껄룩 최고 야,2019-05-13 01:27:31
253230,A Hat in Time,positive,갓겜..!,갓 겜 ..!,2019-05-12 18:56:37
253230,A Hat in Time,positive,재밌다. 귀엽다. 독특하다.,재밌다 . 귀엽다 . 독특하다 .,2019-05-12 18:14:33
253230,A Hat in Time,positive,귀여운거 좋아하시나요? 그럼 그냥 해보세요 ㅋㅋ 이 조건만 맞아도 갓겜임,귀여운거 좋아하시나요 ? 그럼 그냥 해보세요 ㅋㅋ 이 조건 만 맞아도 갓 겜임,2019-05-12 17:02:29
253230,A Hat in Time,positive,게임은 좋아하는데 나이 먹으면서 많이는 안하게된 편임. 그냥 자동사냥있는 게 편해진 아재인데 오랜만에 어릴때 좋아하던 스타일의 겜을 사서 해봤네요. 저는 스토리는 다 깼고 맵마다 거의 먹어야 하는거 다 먹고 도전모드는 한 두개 정도는 빼고 다 한거 같습니다. 참 알찬 게임입니다. DLC없이 크게 맵이 5개 있고 첫 맵인 마피아 타운을 한 10분만 둘러보셔도 와 이정도로 까지 맵을 만들었네? 재작자가 엄청 노력을 많이 하셨네 라고 느끼실 겁니다. 그 후 맵들은 살짝 힘이 빠지긴 했지만 별로였던 맵은 전혀 없었습니다. 다만 한번씩 하,게임 은 좋아하는데 나이 먹으면서 많이는 안 하게 된 편임 . 그냥 자동사 냥 있는 게 편해진 아 재 인데 오랜 만 에 어릴 때 좋아하던 스타일 의 겜 을 사서 해봤네요 . 저 는 스토리 는 다 깼고 맵 마다 거의 먹어야 하는거 다 먹고 도전 모드 는 한 두 개 정도 는 빼고 다 한 거 같습니다 . 참 알찬 게임 입니다 . DLC 없이 크게 맵 이 5 개 있고 첫 맵 인 마피아 타운 을 한 10분 만 둘러보셔도 와 이 정도 로 까지 맵 을 만들었네 ? 재 작자 가 엄청 노력 을 많이 하셨네 라고 느끼실 겁니다 . 그 후 맵 들 은 살짝 힘 이 빠지긴 했지만 별로 였던 맵 은 전혀 없었습니다 . 다만 한번 씩 하,2019-05-12 05:15:15
253230,A Hat in Time,positive,"전체적인 게임 디자인이 너무 좋다, 햇키드가 귀여워서 게임진행이 불가능할정도... OWO Vewy guwd 9/10","전체 적 인 게임 디자인 이 너무 좋다 , 햇 키드 가 귀여워서 게임 진행 이 불가능할 정도 ... OWO Vewy guwd 9/10",2019-05-11 23:33:26
253230,A Hat in Time,positive,귀엽다 더이상의 말이 필요한가?,귀엽다 더 이상 의 말 이 필요한가 ?,2019-05-11 22:37:58
253230,A Hat in Time,positive,갓-겜 그 이외에 다른 말이 필요없다 1414심쿵사,갓 - 겜 그 이외 에 다른 말 이 필요없다 1414 심쿵사,2019-05-11 20:35:49
253230,A Hat in Time,positive,진짜 재미있음,진짜 재미있음,2019-05-11 19:18:19
253230,A Hat in Time,positive,모자가 최고야,모자 가 최고 야,2019-05-11 19:05:46
253230,A Hat in Time,positive,가볍게 즐기기 좋다,가볍게 즐기기 좋다,2019-05-11 18:27:57
253230,A Hat in Time,positive,good,good,2019-05-11 15:16:29
253230,A Hat in Time,positive,모자걸은 정말 최고야!,모자 걸은 정말 최고 야 !,2019-05-11 14:05:27
253230,A Hat in Time,positive,개꿀잼,개꿀잼,2019-05-11 12:07:02
253230,A Hat in Time,positive,재미있는데 가격이 비쌉니다 세일할 때 사세요,재미있는데 가격 이 비쌉니다 세 일 할 때 사세요,2019-05-10 23:54:35
253230,A Hat in Time,positive,귀여웡,귀여웡,2019-05-10 20:57:16
253230,A Hat in Time,positive,모자걸 귀여워,모자 걸 귀여워,2019-05-10 18:11:02
253230,A Hat in Time,positive,귀여워...,귀여워 ...,2019-05-10 11:03:35
253230,A Hat in Time,positive,1. 이 모자꼬마를 정면으로 마주한 후 우선 '1'을 누른다 2. 심장이 아프다 3. 그 다음 '4'를 누른다 4. 죽는다,1 . 이 모자 꼬마 를 정면 으로 마주 한 후 우선 ' 1 ' 을 누른다 2 . 심장 이 아프다 3 . 그 다음 ' 4 ' 를 누른다 4 . 죽는다,2019-05-10 10:38:42
253230,A Hat in Time,positive,SMUG HAT KID,SMUG HAT KID,2019-05-10 06:45:13
253230,A Hat in Time,positive,모자걸 커여웡,모자 걸 커여웡,2019-05-10 02:01:18
253230,A Hat in Time,positive,걍 귀여움 그리고 다른사람도 모르겠지만 데스위시도 난 몇몇개는 적절하던데..,걍 귀 여 움 그리고 다른사람 도 모르겠지만 데스 위시 도 난 몇몇 개 는 적절하던데 ..,2019-05-10 00:19:03
253230,A Hat in Time,positive,절대 모자걸 해,절대 모자 걸 해,2019-05-09 23:22:09
253230,A Hat in Time,positive,귀여워,귀여워,2019-05-09 16:36:03
253230,A Hat in Time,positive,정말 재미있는게임 캐릭터 보는맛도있고 챕터 하나씩 클리어하는 맛도 있음 아쉬운점이라고 한다면 털뭉치를 꼭 숨겨놓아야 햇다는 점 처음에는 찾는 맛이라는걸 느꼇는데 나중에는 스트레스로 작용되서 보여도 패스하게 됨,정말 재미있는 게임 캐릭터 보는 맛 도 있고 챕 터 하나 씩 클리어 하는 맛 도 있음 아쉬운 점 이라고 한다면 털 뭉치 를 꼭 숨겨놓아야 햇 다는 점 처음 에는 찾는 맛 이라 는걸 느꼇는데 나중 에는 스트레스 로 작용 되서 보여도 패스 하게 됨,2019-05-09 08:23:52
253230,A Hat in Time,positive,게임을 하는 동안 무진장 사진을 찍게 된다 너무 귀여워...,게임 을 하는 동안 무진장 사진 을 찍게 된다 너무 귀여워 ...,2019-05-09 03:26:20
253230,A Hat in Time,positive,엄청나게 귀여움 브금 매우 좋음 이 게임 할때 마다 생각나는건데 64 슈퍼마리오 와 슈퍼마리오 오디세이 가 생각난다 왠지 모르겠지만 갓겜이다 추가콘텐츠 사고싶어 ㅠㅠ,엄청나게 귀 여 움 브금 매우 좋음 이 게임 할 때 마다 생각나는건데 64 슈퍼마리오 와 슈퍼마리오 오디세이 가 생각난다 왠지 모르겠지만 갓 겜 이다 추가 콘텐츠 사고싶어 ㅠㅠ,2019-05-08 23:04:33
253230,A Hat in Time,positive,Good Game! Still trying to learn how to play!,Good Game ! Still trying to learn how to play !,2019-05-08 22:46:07
253230,A Hat in Time,positive,개귀여움,개 귀여 움,2019-05-08 20:59:22
253230,A Hat in Time,positive,세상 발랄해서 동심 솓는 게임 너무 재밋게 하고 있슴다,세상 발랄해서 동심 솓는 게임 너무 재밋 게 하고 있슴다,2019-05-08 19:44:23
253230,A Hat in Time,positive,모오오오자 겜임.,모 오오오 자 겜임 .,2019-05-08 09:46:00
253230,A Hat in Time,positive,'어 갓 인 타 임' OST하나만 봐도 작품이지만 여행을 다니는듯한 구성과 귀여운 캐릭터들 시간가는줄 모를정도로 순수한 재미와 힐링만을 느끼게 해주었고 나에게 있어서 재밌는 게임은 무엇인가에 대해서 알려준 게임이다,' 어 갓 인 타 임 ' OST 하나 만 봐도 작품 이지만 여행 을 다니는듯 한 구성 과 귀여운 캐릭터 들 시간 가는줄 모를 정도 로 순수한 재미 와 힐링 만을 느끼게 해주었고 나 에게 있어서 재밌는 게임 은 무엇 인가 에 대해 서 알려 준 게임 이다,2019-05-08 06:21:22
253230,A Hat in Time,positive,밤새서 겜한게 얼마만인지 모르겠다. 진짜 진짜 너무 재밌었고 DLC나 후속작좀 팍팍 쏟아져 나왔음 좋겠다!,밤새서 겜 한 게 얼마 만 인지 모르겠다 . 진짜 진짜 너무 재밌었고 DLC 나 후속작 좀 팍팍 쏟아져 나왔음 좋겠다 !,2019-05-08 02:22:31
253230,A Hat in Time,positive,.,.,2019-05-08 01:01:38
253230,A Hat in Time,positive,할인하길래 사서 해봤는데 이렇게 갓겜이! 모자걸 커여워!,할인 하길래 사서 해봤는데 이렇게 갓 겜 이 ! 모자 걸 커여 워 !,2019-05-07 23:34:29
253230,A Hat in Time,positive,나의 손가락 실력이.. ㅜ.ㅜ 게임 마음에 듬^^,나 의 손가락 실력 이 .. ㅜ . ㅜ 게임 마음 에 듬 ^^,2019-05-07 22:57:29
253230,A Hat in Time,positive,보기만 해도 힐링되는 모자소녀의 어드벤쳐 게임 아기자기한 그래픽에 브금도 좋고 넘 힐링된다 단 보스전의 경우 약간의 컨트롤이 필요함,보기 만 해도 힐링 되는 모자 소녀 의 어드벤쳐 게임 아기자기한 그래픽 에 브금 도 좋고 넘 힐링 된다 단 보스 전의 경우 약간 의 컨트롤 이 필요함,2019-05-07 21:24:15
253230,A Hat in Time,positive,"정말 하고 싶었던 게임, 마침 할인기간이라 구매 후 플레이 중 존나 귀여운 모자걸 적당한 난이도 다양한 수집요소 꽤 괜찮은 스토리 좋은 브금 패드로 해도 좋은 게임. 챕터가 아까울 정도로 재밌다 꼭해라","정말 하고 싶었던 게임 , 마침 할인 기간 이라 구매 후 플레이 중 존나 귀여운 모자 걸 적당한 난이도 다양한 수집 요소 꽤 괜찮은 스토리 좋은 브금 패드 로 해도 좋은 게임 . 챕 터 가 아까울 정도 로 재밌다 꼭 해라",2019-05-07 03:44:19
253230,A Hat in Time,positive,DLC에 DLC인거임! 우ㅡ주ㅡ초ㅡ갓ㅡ겜,DLC 에 DLC 인거 임 ! 우 ㅡ 주 ㅡ 초 ㅡ 갓 ㅡ 겜,2019-05-07 01:22:32
253230,A Hat in Time,positive,그래픽도 아기자기하고 캐릭터도 귀여워서 할만하네요. 슈퍼마리오를 하는 것처럼 가벼운 마음으로 즐기며 플레이 했습니다. 가끔은 이런 게임도 나쁘지 않네요.,그래픽 도 아기자기하고 캐릭터 도 귀여워서 할만 하네요 . 슈퍼마리오 를 하는 것 처럼 가벼운 마음 으로 즐기며 플레이 했습니다 . 가끔 은 이런 게임 도 나쁘지 않네요 .,2019-05-06 16:55:13
253230,A Hat in Time,positive,갓겜이다,갓 겜 이다,2019-05-06 16:05:14
253230,A Hat in Time,positive,분명 갓겜맞는거 같은데 내취향은 아닌거같음,분명 갓 겜 맞는거 같은데 내 취향 은 아닌거 같음,2019-05-06 11:01:02
253230,A Hat in Time,positive,할만하네,할 만하 네,2019-05-06 02:48:04
253230,A Hat in Time,positive,귀여움,귀 여 움,2019-05-06 01:46:03
253230,A Hat in Time,positive,이 게임의 장점이라면 챕터마다 새로운 느낌이 나는것은 물론 케릭터마다 개성있고 (대부분) 귀엽다는것이다 앤딩이 하나뿐인건 약간 실망이지만 할일이 없을때 마피아 타운을 돌아다니는것은 정말 재미있다 그리고 창작마당의 모드들도 한번씩 보기를 추천합니다,이 게임 의 장점 이 라면 챕 터 마다 새로운 느낌 이 나는것은 물론 케릭 터 마다 개성 있고 ( 대부분 ) 귀엽다는것이다 앤딩 이 하나 뿐인건 약간 실망 이지만 할 일이 없을 때 마피아 타운 을 돌아다니는것은 정말 재미있다 그리고 창작 마당 의 모드 들 도 한번 씩 보기 를 추천 합니다,2019-05-05 23:56:03
253230,A Hat in Time,positive,멀미가 심하신분들은 사지않으시는걸 추천드립니다,멀미 가 심하 신분 들 은 사지 않으시는걸 추천 드립니다,2019-05-05 15:50:00
253230,A Hat in Time,positive,하다보면 저절로 미소를 짓게되는 3D 플랫포머,하다 보면 저절로 미소 를 짓게 되는 3 D 플랫포머,2019-05-05 13:05:22
253230,A Hat in Time,positive,이 게임을 살지 말지 고민 중이시라고요? 사세요. 사라고요. 플랫포머 좋아하는 사람이라면 무조건 사세요. 권유가 아닙니다. 명령이에요.,이 게임 을 살 지 말 지 고민 중이 시라고요 ? 사세요 . 사라고요 . 플랫포머 좋아하는 사람 이 라면 무조건 사세요 . 권유 가 아닙니다 . 명령 이에요 .,2019-05-04 22:48:12
253230,A Hat in Time,positive,갓겜,갓 겜,2019-05-04 19:36:14
253230,A Hat in Time,positive,재미와 귀여움 모두를 잡은 총체적 갓겜 시점조절 같은 3D플랫포머의 태생적 불편함은 있지만 모자걸의 귀여움이 모든걸 상쇄한다,재미 와 귀 여 움 모두 를 잡은 총 체적 갓 겜 시점 조절 같은 3 D 플랫포머 의 태생 적 불편함은 있지만 모자 걸 의 귀 여 움 이 모든 걸 상쇄한다,2019-05-04 15:29:34
253230,A Hat in Time,positive,똥겜처럼 생겨서 기대 안했는데 갓겜이였네 맵하나 과금해야 열리는거 빼곤 다 마음에 들었음,똥겜 처럼 생겨서 기대 안 했는데 갓 겜 이 였네 맵 하나 과금 해야 열리는거 빼곤 다 마음 에 들었음,2019-05-04 13:21:31
253230,A Hat in Time,positive,수퍼마리오64와 비슷한 게임 캐릭터가 너무 커엽다,수퍼 마리오 64 와 비슷한 게임 캐릭터 가 너무 커엽다,2019-05-04 02:17:08
253230,A Hat in Time,positive,이게 게임이다.,이 게 게임 이다 .,2019-05-03 22:32:49
253230,A Hat in Time,positive,개추,개추,2019-05-03 20:45:13
253230,A Hat in Time,positive,정말 귀여움이 넘처흐르는 최고의 게임입니다.,정말 귀 여 움 이 넘 처 흐르는 최고 의 게임 입니다 .,2019-05-03 20:02:14
253230,A Hat in Time,positive,갓-겜,갓 - 겜,2019-05-03 18:44:15
253230,A Hat in Time,positive,개귀엽네 진짜 ㅋㅋ 푸잉 야! 붸에,개 귀엽네 진짜 ㅋㅋ 푸잉 야 ! 붸 에,2019-05-03 15:58:04
253230,A Hat in Time,positive,귀엽고 조작감이 나쁘지 않다. 음악이 정말 좋다.,귀엽고 조 작 감 이 나쁘지 않다 . 음악 이 정말 좋다 .,2019-05-03 10:43:04
253230,A Hat in Time,positive,개꿀잼,개꿀잼,2019-05-02 21:22:40
253230,A Hat in Time,positive,갓게임,갓 게임,2019-05-02 17:08:43
253230,A Hat in Time,positive,dlc가 안좋다 그러는데 dlc포함해도 가격대비는 충분히 하고도 남아요 모자걸 최고,dlc 가 안좋다 그러는데 dlc 포함 해도 가격 대비 는 충분히 하고도 남아 요 모자 걸 최고,2019-05-02 13:38:07
253230,A Hat in Time,positive,마피아 쉑기덜 때문에 떨어진 모래시계를 찾는 게임 매력적인 요소가 넘처 흘른다. 캐릭터? 매력적 맵 디자인? 매력적 아이템? 매력적 아주 매력적인 게임이다. DLC까지 사는걸 추천합니다.,마피아 쉑기덜 때문 에 떨어진 모래시계 를 찾는 게임 매력 적 인 요소 가 넘 처 흘른다 . 캐릭터 ? 매력 적 맵 디자인 ? 매력 적 아이템 ? 매력 적 아주 매력 적 인 게임 이다 . DLC 까지 사 는걸 추천 합니다 .,2019-05-02 13:14:52
253230,A Hat in Time,positive,장점은 위에 다 있어서 안씀. 순한맛이라고 무턱대고 받았다간 점점 불합리해지고 까다로워지는 게임에 배신감을 느끼게 됩니다. 자기가 보스전에서 몇번 이상 죽는다면 목표를 모래시계 25개로 타협하는게 정신건강에 좋습니다. 재도전에 관대한거지 게임 구성을 쉽게 한게 아니기 때문에 기본기가 안된다면 리트라이로 커버 안되는 어느 순간이 있습니다. 평소에는 60점짜리 점프를 해도 넘어가다가 갑자기 95점짜리 점프를 못하면 종아리를 맞는 그런 구간이요. 그런곳에서 막힌다면 한 구간에서 몇시간동안 뺑이치고 있는 자신을 볼 수 있습니다. 그래,장점 은 위 에 다 있어서 안 씀 . 순 한 맛 이라고 무턱 대고 받았다간 점점 불합리 해지고 까다로워지는 게임 에 배신 감 을 느끼게 됩니다 . 자기 가 보스 전 에서 몇번 이상 죽는다면 목표 를 모래시계 25 개 로 타협 하는게 정신건강 에 좋습니다 . 재도전에 관대한거지 게임 구성 을 쉽게 한 게 아니기 때문 에 기 본기 가 안된다면 리트 라이 로 커버 안되는 어느 순간 이 있습니다 . 평소 에는 60 점 짜리 점프 를 해도 넘어가다가 갑자기 95 점 짜리 점프 를 못 하면 종아리 를 맞는 그런 구간 이 요 . 그런 곳 에서 막힌다면 한 구간 에서 몇 시간 동안 뺑이 치고 있는 자신 을 볼 수 있습니다 . 그래,2019-05-02 01:53:43
253230,A Hat in Time,positive,주요 컨텐츠 : 춤추는 모자걸,주요 컨텐츠 : 춤추는 모자 걸,2019-05-02 00:20:40
253230,A Hat in Time,positive,뿌앵!,뿌앵 !,2019-05-01 01:51:30
253230,A Hat in Time,positive,모자걸이 귀여워서 삿읍니다. 게임도 재미있었읍니다. 그리고 가장 중요한 한가지 판사님 저는 로리콘이 아닙니다.,모자 걸이 귀여워서 삿읍니 다 . 게임 도 재미있었 읍니 다 . 그리고 가장 중요한 한가지 판사 님 저 는 로리콘 이 아닙니다 .,2019-04-30 21:41:32
253230,A Hat in Time,positive,2019 Hat Of The Year,2019 Hat Of The Year,2019-04-30 18:40:59
253230,A Hat in Time,positive,꼭! 꼭! 해보세요!,꼭 ! 꼭 ! 해보세요 !,2019-04-30 11:37:15
253230,A Hat in Time,positive,모자걸이 너무 커여워요!!!,모자 걸이 너무 커여 워 요 !!!,2019-04-30 08:40:11
253230,A Hat in Time,positive,이런 갓겜을 늦게하다니 나도 참 한심하구만,이런 갓 겜 을 늦게하다니 나도 참 한심하구만,2019-04-30 01:14:32
253230,A Hat in Time,positive,벽에 왜 자꾸 끼는거에요 이야기7에서 못깨고있어요 진짜 미칠거같아요 살려주세요,벽 에 왜 자꾸 끼는거에요 이야기 7 에서 못 깨고있어요 진짜 미칠거 같아요 살려주세요,2019-04-30 00:41:48
253230,A Hat in Time,positive,최고의게임이다,최고 의 게임 이다,2019-04-29 23:35:06
253230,A Hat in Time,positive,마피아는 모자걸 귀엽다고 생각한다. 그리고 갓겜이라고도 생각한다!,마피아 는 모자 걸 귀엽다고 생각 한다 . 그리고 갓 겜 이라고도 생각 한다 !,2019-04-29 20:51:13
253230,A Hat in Time,positive,한 모자 안에 시간,한 모자 안 에 시간,2019-04-29 12:15:28
253230,A Hat in Time,positive,모자걸 갓-겜 더이상 무슨 말이 필요한가,모자 걸 갓 - 겜 더 이상 무슨 말 이 필요한가,2019-04-28 23:45:06
253230,A Hat in Time,positive,갓겜,갓 겜,2019-04-28 23:25:36
253230,A Hat in Time,positive,^^b,^^ b,2019-04-28 22:32:18
253230,A Hat in Time,positive,아 진짜!! 적당히 재밋으란말야 나공부해야 한다고!!,아 진짜 !! 적당히 재밋으란말 야 나 공부 해야 한다고 !!,2019-04-28 22:07:53
253230,A Hat in Time,positive,진짜 너모너모 기여워! 메롱 할때마다 자꾸 웃음나와ㅋㅋㄱ 맨날 총겜만 하다 이겜하니 시간가는 줄모르고 하게됩니다 :) *으악 씨바 취소취소 챕터 3부터 미친 공포겜이잔아!!!!!,진짜 너 모 너 모 기여 워 ! 메롱 할 때 마다 자꾸 웃음 나와 ㅋㅋㄱ 맨날 총 겜 만 하다 이 겜 하 니 시간 가는 줄 모르고 하게 됩니다 :) * 으악 씨바 취소 취소 챕 터 3 부터 미친 공포 겜 이 잔 아 !!!!!,2019-04-28 22:00:25
253230,A Hat in Time,positive,모자를 쓴 키드가 있다면 필히 구매해야 합니다,모자 를 쓴 키드 가 있다면 필히 구매 해야 합니다,2019-04-28 20:20:12
253230,A Hat in Time,positive,마리오랑 비슷한데 캐릭터가 귀여워서 훨씬 재밌다. 다만 시점 전환이 힘들어서 점프할 때 원하는 위치에 착지하기 어려움. 그 외에 단점은 딱히 없는 듯. 플랫포머 장르 싫어하고 수집하는 것도 안 좋아하는데 모자 얻으려고 균열 열심히 깨는 중임. 평이 좋은데는 다 이유가 있으니 할인할 때 얼른 사라.,마리오 랑 비슷한데 캐릭터 가 귀여워서 훨씬 재밌다 . 다만 시점 전환 이 힘들어서 점프 할 때 원하는 위치 에 착지 하기 어려움 . 그 외 에 단점 은 딱히 없는 듯 . 플랫포머 장르 싫어하고 수집 하는 것 도 안 좋아하는데 모자 얻으려고 균열 열심히 깨는 중임 . 평이 좋은데는 다 이유 가 있으니 할인 할 때 얼른 사라 .,2019-04-28 16:18:27
253230,A Hat in Time,positive,귀여워,귀여워,2019-04-28 16:15:16
253230,A Hat in Time,positive,내가 해본 게임 중에서 유일하게 엔딩을 본 게임,내 가 해본 게임 중 에서 유일하게 엔딩 을 본 게임,2019-04-28 08:12:32
253230,A Hat in Time,positive,귀여움으로 모든게 만족스럽다 게임적으로는 챕터3의 저택이 인상적이었다 좀 더 길었으면했는데 너무 싱겁게 끝났다,귀 여 움 으로 모든 게 만족스럽다 게임 적 으로는 챕 터 3 의 저택 이 인상 적 이었다 좀 더 길었으면 했는데 너무 싱겁게 끝났다,2019-04-28 01:23:21
253230,A Hat in Time,positive,옛날 닌텐도 게임 하는 느낌이네,옛날 닌텐도 게임 하는 느낌 이네,2019-04-27 23:11:33
253230,A Hat in Time,positive,게임을 산 줄 알았는데 귀여운 딸이 생겼습니다,게임 을 산 줄 알았는데 귀여운 딸 이 생겼습니다,2019-04-27 22:27:40
253230,A Hat in Time,positive,귀.여.워.,귀 . 여 . 워 .,2019-04-27 18:45:02
253230,A Hat in Time,positive,갓..겜...,갓 .. 겜 ...,2019-04-27 13:35:02
253230,A Hat in Time,positive,앞으로 수염 더 열심히깎아야겠다 수염은 나빠,앞 으로 수염 더 열심히 깎아야겠다 수염 은 나빠,2019-04-27 10:29:50
253230,A Hat in Time,positive,님들 이거 꼭 플레이 해보세요 모자걸이 진짜 구ㅣ여움 모자걸을 볼때마다 입벌리고 어헣헣 하는 본인의 모습을 발견할 수 있습니다 게임 하면서 어떻게 하면 사진을 더 잘찍을까 고민하면서 잘 찍히면 뿌듯해 지는 아빠의 마음을 느낄수 있습니다!,님들 이 거 꼭 플레이 해보세요 모자 걸이 진짜 구 ㅣ 여 움 모자 걸 을 볼때 마다 입 벌리고 어헣헣 하는 본인 의 모습 을 발견 할 수 있습니다 게임 하면서 어떻게 하면 사진 을 더 잘 찍을까 고민 하면서 잘 찍히면 뿌듯해 지는 아빠 의 마음 을 느낄수 있습니다 !,2019-04-27 08:34:31
253230,A Hat in Time,positive,비켜라 ㅆ새기들아 킹갓황모자걸센세 나가신다,비켜라 ㅆ 새 기 들 아 킹 갓 황 모자 걸 센세 나가신다,2019-04-27 06:29:36
253230,A Hat in Time,positive,kawaii,kawaii,2019-04-27 00:30:14
253230,A Hat in Time,positive,더 이상 말이필요없는 갓겜,더 이상 말 이 필요없는 갓 겜,2019-04-26 21:43:30
253230,A Hat in Time,positive,모험이 아플정도로 모자스러운 유머쓴 여주인공의 눈,모험 이 아플 정도 로 모자 스러운 유머 쓴 여 주인공 의 눈,2019-04-26 16:52:08
253230,A Hat in Time,positive,귀여운 어드벤처는 무조건 성공합니다 그러니 구매하십시오,귀여운 어드벤처 는 무조건 성공합니다 그러니 구매 하십시오,2019-04-26 04:22:34
253230,A Hat in Time,positive,모자걸이 정말 귀엽다.,모자 걸이 정말 귀엽다 .,2019-04-24 18:47:58
253230,A Hat in Time,positive,처음 할때는 재미있었는데 2회차에는 재미가 떨어지네요. 그래도 10시간 내외로 즐기기엔 이만한 게임 별로 없죠. 캐릭터들이 구사하는 영어 수준을 보면 어린 아이들을 타겟으로 한 것 같기도 한데 아이들이 하기에는 다소 어려울듯? 물론 근성이 좀 있다면 다들 클리어 할 수 있을 정도로 레벨 디자인은 잘 되어 있습니다.,처음 할 때 는 재미있었는데 2회 차에는 재미 가 떨어지네요 . 그래도 10시간 내외 로 즐 기기 엔 이만 한 게임 별로 없죠 . 캐릭터 들 이 구사 하는 영어 수준 을 보면 어린 아이 들 을 타겟 으로 한 것 같기도 한데 아이 들 이 하기에는 다소 어려울듯 ? 물론 근성 이 좀 있다면 다 들 클리어 할 수 있을 정도 로 레벨 디자인 은 잘 되어 있습니다 .,2019-04-24 18:04:17
253230,A Hat in Time,positive,갓겜,갓 겜,2019-04-22 23:37:59
253230,A Hat in Time,positive,재밌어요 그래픽도 아기자기하고 배경음악도 괜찮고 난이도도 적당한데다가 계속 재도전이 가능해서 진행에 지장이 없습니다 근데 DLC를 왜 이렇게 어렵게 만들어서 사람을 짜증나게 하는지.. 본편부터 해보시고 DLC 살지 말지 정하시길,재밌어요 그래픽 도 아기자기하고 배경음악 도 괜찮고 난이도 도 적당한데다가 계속 재도 전이 가능해서 진행 에 지장 이 없습니다 근데 DLC 를 왜 이렇게 어렵게 만들어서 사람 을 짜증나게 하는지 .. 본 편 부터 해보시고 DLC 살 지 말 지 정 하시길,2019-04-22 08:26:33
253230,A Hat in Time,positive,"본편만 해봤기 때문에 본편기준 서술합니다. 게임 상당히 재밌습니다. 뭐랄까 이건 설명할 수가 없네요. 첫 챕터 들어가자마자 마리오 오디세이를 하고 싶은데 스위치가 없는 사람이 대리만족할만한 게임 감성이 올라오는데... 한 챕터 한 챕터 클리어하고, 털실 모으고, 토큰 모으고 하다보면 이 게임이 갓겜이다 라고 느껴집니다. 1챕터는 오픈월드를, 2챕터는 두개의 진영에서 진행하다가 하나의 이야기로 이어지는 어드벤쳐게임을, 3챕터는 유사 공포게임, 4챕터는 더 넓어지고 목표가 여러개인 오픈월드를. 각각의 테마마다 다른 재미를 살려서","본 편 만 해봤기 때문 에 본 편 기준 서술 합니다 . 게임 상당히 재밌습니다 . 뭐랄까 이건 설명 할 수가 없네요 . 첫 챕 터 들어가자마자 마리오 오디세이 를 하고 싶은데 스위치 가 없는 사람 이 대리 만족할만 한 게임 감성 이 올라오는데 ... 한 챕 터 한 챕 터 클리어 하고 , 털실 모으고 , 토큰 모으고 하다 보면 이 게임 이 갓 겜 이다 라고 느껴집니다 . 1 챕 터 는 오픈월드 를 , 2 챕 터 는 두 개 의 진영 에서 진행 하다가 하나 의 이야기 로 이어지는 어드벤쳐 게임 을 , 3 챕 터 는 유사 공포 게임 , 4 챕 터 는 더 넓어지고 목표 가 여러 개인 오픈월드 를 . 각각 의 테마 마다 다른 재미 를 살려서",2019-04-21 17:58:53
253230,A Hat in Time,positive,장점 1. 모자걸 겁나 귀여움 50% 2. OST 훌륭함 15% 3. 개성있는 캐릭터 10% 4. 특색있는 스테이지 구성 10% 5. 적당한 난이도 5% 6. 조작이 편함 5% 7. 풍부한 컨텐츠 5% 단점 1. DLC 후속작을 기대하겠습니다,장점 1 . 모자 걸 겁나 귀 여 움 50% 2 . OST 훌륭함 15% 3 . 개성 있는 캐릭터 10% 4 . 특색 있는 스테이지 구성 10% 5 . 적당한 난이도 5% 6 . 조작 이 편함 5% 7 . 풍부한 컨텐츠 5% 단점 1 . DLC 후속작 을 기대하겠습니다,2019-04-21 01:42:53
253230,A Hat in Time,positive,조오오오오온나 귀여운 모자걸이 나오는 슈퍼마리오 64 슈퍼마리오 64 같은 게임류를 싫어한다면 비추 나는 물론 강추,조오오오오 온 나 귀여운 모자 걸이 나오는 슈퍼마리오 64 슈퍼마리오 64 같은 게임 류 를 싫어한다면 비추 나 는 물론 강추,2019-04-20 01:08:39
253230,A Hat in Time,positive,귀엽고 쉽고 재밌다. 근데 DLC는 왜 그모양이죠,귀엽고 쉽고 재밌다 . 근데 DLC 는 왜 그 모양 이 죠,2019-04-16 13:57:44
253230,A Hat in Time,positive,페도쉐리덜 전용겜,페 도 쉐리 덜 전용 겜,2019-04-13 20:05:07
253230,A Hat in Time,positive,본편은 다 끝냈습니다. 일단 모든 스테이지 하나하나가 다 알차고 재밌었구요. 플레이어가 어려워하지 않게끔 신경을 많이 쓴 모습이 보였습니다. 근데 왜 DLC는 그런 면모가 없는거죠???,본 편 은 다 끝냈습니다 . 일단 모든 스테이지 하나 하나 가 다 알차고 재밌었구요 . 플레이어 가 어려워하지 않게끔 신경 을 많이 쓴 모습 이 보였습니다 . 근데 왜 DLC 는 그런 면모 가 없는거죠 ???,2019-04-13 10:18:11
253230,A Hat in Time,positive,모자걸은 너무나도 커엽고 내취향인데 게임이 내취향이 아니다 다만 모자걸 하나 때문에 추천줌 모자걸 사랑해♥♥♥♥♥♥♥♥♥♥,모자 걸은 너무나도 커엽 고 내 취향 인데 게임 이 내 취향 이 아니다 다만 모자 걸 하나 때문 에 추천 줌 모자 걸 사랑 해 ♥♥♥♥♥♥♥♥♥♥,2019-04-09 00:37:59
253230,A Hat in Time,positive,갓겜... what else?,갓 겜 ... what else ?,2019-04-06 23:53:15
253230,A Hat in Time,positive,햇 키드의 포니테일은 머리카락이 아니라 꼬리 비스무리한 무언가였다,햇 키드 의 포니테일 은 머리카락 이 아니라 꼬리 비 스무 리 한 무언가 였다,2019-04-06 04:46:43
253230,A Hat in Time,positive,모자,모자,2019-04-06 03:59:34
253230,A Hat in Time,positive,절대 디엘시 사지말자,절대 디 엘시 사지말자,2019-04-02 00:59:17
253230,A Hat in Time,positive,ㄹㅇ 갓겜,ㄹㅇ 갓 겜,2019-04-01 13:21:51
253230,A Hat in Time,positive,정말 재미있게 플레이했고 엔딩도 봤습니다. 단순하게 수집만하지 않고 보스전도 있습니다. 초기 설정된 카메라 시점이 플레이에 방해되니 변경해보면 조작하기 편해짐.,정말 재미있게 플레이 했고 엔딩 도 봤습니다 . 단순하게 수집 만하 지 않고 보스 전도 있습니다 . 초기 설정 된 카메라 시점 이 플레이 에 방해 되니 변경 해보면 조작 하기 편해 짐 .,2019-03-30 21:29:55
253230,A Hat in Time,positive,귀여운 갓겜,귀여운 갓 겜,2019-03-25 00:30:27
253230,A Hat in Time,positive,준수한 3d 액션게임. 그러나 겉만 다른 마리오 유사겜이다. 가격대비 볼륨은 작은 편이고 마리오의 영향을 크게 받은 것이 눈에 보이나 더 나은 점은 찾기 힘들다. 가혹할지는 모르겠으나 게이머에게 인디냐 대형회사냐 하는 것은 중요하지 않다. 그저 가격이 얼마고 그만큼 재밌느냐가 중요할 뿐이다. 그런 측면에서 마리오가 점프나 그래픽 볼륨 등등 비슷하면서도 모든 측면에서 낫다. 차별화된 점이라면 단 한가지 주인공이 귀엽다 그정도다. 점프나 시점의 편의 같은 기본적인 것을 좀 더 신경쓰면서 나름의 시스템상 충분한 개성을 추구했,준수 한 3 d 액션게임 . 그러나 겉 만 다른 마리오 유사 겜 이다 . 가격 대비 볼륨 은 작은 편이 고 마리오 의 영향 을 크게 받은 것 이 눈 에 보이 나 더 나은 점 은 찾기 힘들다 . 가혹할지는 모르겠으나 게이머 에게 인디 냐 대형 회사 냐 하는 것 은 중요하지 않다 . 그저 가격 이 얼마 고 그만큼 재밌느냐 가 중요할 뿐 이다 . 그런 측면 에서 마리오 가 점프 나 그래픽 볼륨 등등 비슷하면서도 모든 측면 에서 낫다 . 차별 화 된 점 이 라면 단 한가지 주인공 이 귀엽다 그 정도 다 . 점프 나 시점 의 편의 같은 기본 적 인 것 을 좀 더 신경 쓰면서 나름 의 시스템 상 충분한 개성 을 추구 했,2019-03-24 15:43:02
253230,A Hat in Time,positive,"캐릭터 귀엽고, 노래 좋고, 구성도 알찬 갓겜. 게임하면서 더 할 게 없어서 슬펐던 적은 이 게임이 처음이다...","캐릭터 귀엽고 , 노래 좋고 , 구성 도 알찬 갓 겜 . 게임 하면서 더 할 게 없어서 슬펐던 적은 이 게임 이 처음 이다 ...",2019-03-22 14:08:48
253230,A Hat in Time,positive,11/10,11/10,2019-03-22 13:46:31
253230,A Hat in Time,positive,슈퍼마리오 보지버전,슈퍼마리오 보지 버전,2019-03-22 12:54:36
253230,A Hat in Time,positive,어흑 ! 귀여워!!!,어흑 ! 귀여워 !!!,2019-03-20 17:00:45
253230,A Hat in Time,positive,갓겜 이것은 흔히 갓겜이라 부르는 이유가 있ㅇ (주의 : 마지막 피날래는 시간정지모자 없으면 힘들듯) 근데 dlc는 너어어어어어 진짜아아,갓 겜 이 것 은 흔히 갓 겜 이라 부르는 이유 가 있 ㅇ ( 주의 : 마지막 피 날래 는 시간 정지 모자 없으면 힘들듯 ) 근데 dlc 는 너 어어어어 어 진짜 아아,2019-03-17 09:28:02
253230,A Hat in Time,positive,데스위시.. 후 니들은 이런거 하지마라.....,데스 위시 .. 후 니 들 은 이런거 하지마라 .....,2019-03-16 16:17:41
253230,A Hat in Time,positive,장점 - 스토리가 은근히 재밌음. - 아기자기한 그래픽(너무 귀엽잖아~) - 보스전은 어려웠으나 몇번 죽고나면 클리어가 가능하도록 보스의 피통이나 패턴이 쉬워짐 또한 체력회복 아이템 드롭이 잘 됨. - 긴 플레이 타임 - 은근히 타격감이 있음. - 조작법이 간단함. 그리고 조작감도 나쁘지 않다.(타 게임에서의 미끄러짐 같은 것이 거의 없었음) 단점 - 3인칭 카메라 게임의 고질적인 문제인 캐릭터 등에 벽이 있을 경우 카메라가 원하지 않게 이동이 됨.(근데 자주 그러는게 아니라서 크게 짜증나거나 그러진 않았음) -,장점 - 스토리 가 은근 히 재밌음 . - 아기자기한 그래픽 ( 너무 귀엽잖아 ~) - 보스 전 은 어려웠으나 몇번 죽고나면 클리어 가 가능하도록 보스 의 피통 이나 패턴 이 쉬워 짐 또한 체력 회복 아이템 드롭 이 잘 됨 . - 긴 플레이 타임 - 은근 히 타 격감 이 있음 . - 조 작법 이 간단함 . 그리고 조작 감도 나쁘지 않다 .( 타 게임 에서의 미끄러짐 같은 것 이 거의 없었음 ) 단점 - 3 인칭 카메라 게임 의 고질 적 인 문제 인 캐릭터 등 에 벽 이 있을 경우 카메라 가 원하지 않게 이동 이 됨 .( 근데 자주 그러는게 아니라서 크게 짜증나거나 그러진 않았음 ) -,2019-03-14 02:10:52
253230,A Hat in Time,positive,슈퍼마리오 오딧세이 커여운 버전입니다^^ 푸잉!,슈퍼마리오 오딧세이 커 여운 버전 입니다 ^^ 푸잉 !,2019-03-14 01:55:28
253230,A Hat in Time,positive,살다살다 집단 자살 엔딩은 처음보네여 ㅋㅋㅋ,살다 살다 집단 자살 엔딩 은 처음 보네여 ㅋㅋㅋ,2019-03-11 19:05:53
253230,A Hat in Time,positive,제가하던 파일이 날라갔어요 복구해주세요 ㅠㅠ 알약으로 디스크 검사받았는데 그뒤로 91%완료된 파일이 삭제됬어요 ㅠㅠㅠㅠㅠㅠㅠㅠㅠㅠㅠㅠㅠㅠㅠㅠㅠㅠㅠㅠㅠㅠㅠㅠㅠㅠㅠㅠㅠㅠㅠㅠㅠㅠㅠㅠㅠㅠㅠㅠㅠㅠㅠㅠㅠㅠㅠㅠㅠㅠㅠㅠㅠㅠㅠㅠㅠㅠㅠㅠㅠㅠㅠㅠㅠㅠㅠ,제 가하던 파일 이 날라 갔어요 복구 해주세요 ㅠㅠ 알약 으로 디스크 검사 받았는데 그 뒤 로 91% 완료 된 파일 이 삭제 됬어요 ㅠㅠㅠㅠㅠㅠㅠㅠㅠㅠㅠㅠㅠㅠㅠㅠㅠㅠㅠㅠㅠㅠㅠㅠㅠㅠㅠㅠㅠㅠㅠㅠㅠㅠㅠㅠㅠㅠㅠㅠㅠㅠㅠㅠㅠㅠㅠㅠㅠㅠㅠㅠㅠㅠㅠㅠㅠㅠㅠㅠㅠㅠㅠㅠㅠㅠㅠ,2019-03-10 13:14:25
253230,A Hat in Time,positive,본 편만 즐긴다면 적정한 시간만큼 즐긴다 생각했는데.. DLC는 너무 어렵다. 아이템 종류가 많아 수집욕이 생기게 해주는 게임 재밌당,본 편 만 즐긴다면 적정한 시간 만큼 즐긴다 생각 했는데 .. DLC 는 너무 어렵다 . 아이템 종류 가 많아 수 집욕 이 생기 게 해주는 게임 재밌당,2019-03-10 04:20:02
253230,A Hat in Time,positive,"게임이 귀엽고 예쁜데다 재미까지 충분하다. 사지 않는다면 당신은 바보가 될지도 모른다. 총평 9 / 10 누가 하더라도 평균 이상의 즐거움을 느낄 수 있으리라 확신한다. 수많은 게임에 지친 당신들을 위한 게임이 여기에 있습니다. 유저들의 흥미를 자연스럽게 이끌어내고, 거기에 즐거움과 귀여움을 어떻게 끼얹을 수 있는지 정확하게 아는 게임.","게임 이 귀엽고 예쁜데다 재미 까지 충분하다 . 사지 않는다면 당신 은 바보 가 될지도 모른다 . 총 평 9 / 10 누가 하더라도 평균 이상 의 즐거움 을 느낄 수 있으리라 확신 한다 . 수많은 게임 에 지친 당신 들 을 위 한 게임 이 여기 에 있습니다 . 유저 들 의 흥미 를 자연 스럽게 이끌어내고 , 거기 에 즐거움 과 귀 여 움 을 어떻게 끼 얹을 수 있는지 정확하게 아는 게임 .",2019-03-09 19:01:00
253230,A Hat in Time,positive,기대없이 했다가 와...간만에 갓겜 했네요. 마리오 오딧세이보다 잼있습니다 무조건 사서 플레이 해보시길.,기대 없이 했다가 와 ... 간만 에 갓 겜 했네요 . 마리오 오딧세이 보다 잼있습니다 무조건 사서 플레이 해보시길 .,2019-03-09 13:02:32
253230,A Hat in Time,positive,갓겜,갓 겜,2019-03-06 21:32:38
253230,A Hat in Time,positive,모자걸이 귀엽다!,모자 걸이 귀엽다 !,2019-03-06 04:19:56
253230,A Hat in Time,positive,주인공 졸귀탱,주인공 졸귀 탱,2019-03-05 18:52:24
253230,A Hat in Time,positive,재미있는게임입니다. 평소 스트레스를 받거나 힘든게임을 많이 한사람들이라면 이 게임을 하여도 충분하겠군요 아기자기한 느낌이 있고 플레이 하다가 좋다싶으면 사진찍어도 즐겁고 게임을 천천히 즐기면서 플레이해도 재미있습니다. 맵에서 정해진 목표만 진행시키는것이 아니라 숨겨진요소들을 즐기거나 모을거리들도 있기때문에 괜찮습니다. 스토리는 나중에 천천히 봐도 상관이없어요,재미있는 게임 입니다 . 평소 스트레스 를 받거나 힘든 게임 을 많이 한 사람 들이라면 이 게임 을 하여도 충분하겠군요 아기자기한 느낌 이 있고 플레이 하다가 좋다싶으면 사진 찍어도 즐겁고 게임 을 천천히 즐기면서 플레이 해도 재미있습니다 . 맵 에서 정해진 목표 만 진행 시키는것이 아니라 숨겨진 요소 들 을 즐기거나 모을 거리 들 도 있기 때문 에 괜찮습니다 . 스토리 는 나중 에 천천히 봐도 상관 이 없어요,2019-03-03 20:27:31
253230,A Hat in Time,positive,굿,굿,2019-03-01 04:31:30
253230,A Hat in Time,positive,주의: 공포게임입니다,주의 : 공포 게임 입니다,2019-02-28 17:42:16
253230,A Hat in Time,positive,갓갓갓갓갓 제 값 주고 사도 아깝지 않을거 같은 게임 무조건 사세요,갓 갓 갓 갓 갓 제 값 주고 사도 아깝지 않을거 같은 게임 무조건 사세요,2019-02-28 04:21:54
253230,A Hat in Time,positive,갓겜,갓 겜,2019-02-26 18:05:23
253230,A Hat in Time,positive,닌텐도로 햇던 슈퍼마리오 64가 생각낫다 근데 이게 더 재밋네,닌텐도 로 햇던 슈퍼마리오 64 가 생각 낫다 근데 이 게 더 재밋 네,2019-02-26 18:00:02
253230,A Hat in Time,positive,마치 마리오 같습니다 기엽고ㅎㅎ,마치 마리오 같습니다 기엽 고 ㅎㅎ,2019-02-26 02:15:12
253230,A Hat in Time,positive,아기자기하고 재밌네요~ 가끔 팅겨버려서 현탐 오기도 했는데 그래도 엔딩 보면 뭔가 훈훈하고 감동적.. 모자걸 춤추는거 볼라고 DLC 삼 음머~,아기자기하고 재밌네요 ~ 가끔 팅겨 버려서 현 탐 오기 도 했는데 그래도 엔딩 보면 뭔가 훈훈하고 감동 적 .. 모자 걸 춤추는거 볼라 고 DLC 삼 음머 ~,2019-02-25 20:56:02
253230,A Hat in Time,positive,재밋음,재밋음,2019-02-25 20:51:44
253230,A Hat in Time,positive,마리오64 + 젤다 같은느낌,마리오 64 + 젤다 같은 느낌,2019-02-24 20:09:23
253230,A Hat in Time,positive,그냥 개꿀잼!! 챕터 하나 하나씩 깰 때마다 아쉬운 겜은 오랫만인 듯,그냥 개꿀잼 !! 챕 터 하나 하나 씩 깰 때 마다 아쉬운 겜 은 오랫 만인 듯,2019-02-23 02:40:09
253230,A Hat in Time,positive,최고야,최고 야,2019-02-23 01:23:11
253230,A Hat in Time,positive,3D 플랫포머 게임인 A hat in time이다 게임의 스토리는 귀여운 소녀가 땅으로 떨어진 엔진을 찾아서 여행을 하는 게임이로 마리오 64가 생각 날 정도로 매우 완성도가 높은 게임이며 스테이지 구성도 매우 좋다 매력적인 캐릭터들과 좋은 bgm으로 이 게임을 더 흥미진진하게 만든다 이 게임은 자기의 장점을 정확히 알고 있고 그 장점으로 성공한 게임이다 인디게임과 귀여운 모자걸에 관심이 있다면 이 게임을 추천한다.,3 D 플랫포머 게임 인 A hat in time 이다 게임 의 스토리 는 귀여운 소녀 가 땅 으로 떨어진 엔진 을 찾아서 여행 을 하는 게임 이로 마리오 64 가 생각 날 정도 로 매우 완성 도 가 높은 게임 이며 스테이지 구성 도 매우 좋다 매력 적 인 캐릭터 들 과 좋은 bgm 으로 이 게임 을 더 흥미진진 하게 만든다 이 게임 은 자기 의 장점 을 정확히 알 고 있고 그 장점 으로 성공한 게임 이다 인디 게임 과 귀여운 모자 걸 에 관심 이 있다면 이 게임 을 추천 한다 .,2019-02-22 12:22:12
253230,A Hat in Time,positive,채고다 모자걸!!!!,채고다 모자 걸 !!!!,2019-02-20 20:29:43
253230,A Hat in Time,positive,귀여움 재밌음,귀 여 움 재밌음,2019-02-19 19:21:31
253230,A Hat in Time,positive,할만하네요,할만 하네요,2019-02-19 14:24:38
253230,A Hat in Time,positive,베에에에,베 에 에 에,2019-02-19 09:21:56
253230,A Hat in Time,positive,모우자걸 귀엽습니다,모 우 자걸 귀엽습니다,2019-02-18 22:15:32
253230,A Hat in Time,positive,캐릭터도 귀여운데 이거 게임에 익숙해질수록 컨하는 재미가 커지는거같다. DLC는 아직 안해봤지만 난이도는 어렵지 않아서 이런 게임류 처음 접해보는 유저도 무난하게 플레이 할듯하다. 그리고 자꾸 1번을 누르게 된다. 붸에에에~,캐릭터 도 귀여운데 이 거 게임 에 익숙해질수록 컨하 는 재미 가 커지는거 같다 . DLC 는 아직 안 해봤지만 난이도 는 어렵지 않아서 이런 게임 류 처음 접 해보는 유저 도 무난 하게 플레이 할듯 하다 . 그리고 자꾸 1 번 을 누르게 된다 . 붸에에 에 ~,2019-02-18 00:37:36
253230,A Hat in Time,positive,갓 갓 갓 갓갓 빨아먹을게 너무 많다 이게임은 나의 그 자체이다 너무 만족스럽다 _(이것을_ _모두에게_ _전파하리니_ _아_ _맞다_ _아싸지)_,갓 갓 갓 갓 갓 빨 아 먹을게 너무 많다 이 게임 은 나 의 그 자체 이다 너무 만족스럽다 _( 이 것 을 _ _ 모두 에게 _ _ 전파 하리 니 _ _ 아 _ _ 맞다 _ _ 아싸 지 )_,2019-02-17 09:38:35
253230,A Hat in Time,positive,개 재밌다 근데 본겜은 플레이타임이 너무 적다 요소 꼼꼼히 찾으면 14시간정도 그럴경우 dlc를 사면 된다 다깨려면 플레이타임이 강제적으로 늘어남 혈압지수도 올라가니 주의,개 재밌다 근데 본 겜 은 플레이 타임 이 너무 적다 요소 꼼꼼히 찾으면 14시간 정도 그럴 경우 dlc 를 사면 된다 다 깨려면 플레이 타임 이 강제 적 으로 늘어남 혈압 지 수도 올라가니 주의,2019-02-17 02:45:42
253230,A Hat in Time,positive,"옛 말중에 '친구 따라 모자걸 산다' 라는 속담이 있지요. 맞습니다. 저도 친구 따라서 모자걸을 샀습니다. 이 게임을 하면서 동심에 빠져든 것 같았습니다. 오래 전 마리오 64를 하던 느낌도 있고, 거기서 더 나아가서 신선한 컨텐츠까지 만족스러웠습니다. 후반으로 갈 수록 지루한 감이 없지않아 있었습니다만, 이는 사람마다 다를 수도 있으니 더는 언급하지 않을게요. 안그래도 컴퓨터 바꾸고 그래픽 좋은 게임들만 하다가, 이런 그래픽의 게임을 했다는 점도 제게는 가산점이 있었다고 할 수 있겠네요. 물론 이 게임이 그래픽이 나쁘다는","옛 말 중 에 ' 친구 따라 모자 걸 산다 ' 라는 속담 이 있지요 . 맞습니다 . 저 도 친구 따라서 모자 걸 을 샀습니다 . 이 게임 을 하면서 동심 에 빠져든 것 같았습니다 . 오래 전 마리오 64 를 하던 느낌 도 있고 , 거기 서 더 나아가서 신선한 컨텐츠 까지 만족스러웠습니다 . 후반 으로 갈 수록 지루한 감 이 없지 않아 있었습니다만 , 이는 사람 마다 다를 수도 있으니 더 는 언급 하지 않을게요 . 안 그래도 컴퓨터 바꾸고 그래픽 좋은 게임 들 만 하다가 , 이런 그래픽 의 게임 을 했다는 점도 제 게 는 가산 점 이 있었다고 할 수 있겠네요 . 물론 이 게임 이 그래픽 이 나쁘다는",2019-02-16 23:49:20
253230,A Hat in Time,positive,갓겜이니까 궁금해하지말고 닥치고 사라 평가를 보면 갓겜이란게 딱 드러나지 않는가 그러니까 우리모두 귀엽고 요망한 모자걸 하자 ^^,갓 겜 이니까 궁금해하지말고 닥치고 사라 평가 를 보면 갓 겜 이란 게 딱 드러나지 않는가 그러니까 우리 모두 귀엽고 요망 한 모자 걸 하자 ^^,2019-02-16 21:52:15
253230,A Hat in Time,positive,너무 재밋었음 슈퍼마리오 64랑 갤럭시 합쳐놓은 느낌,너무 재밋었음 슈퍼마리오 64 랑 갤럭시 합쳐놓은 느낌,2019-02-16 20:21:37
253230,A Hat in Time,positive,진입장벽도 없고 캐릭터들도 개성있습니다 게임플레이는 참신해 지루하지 않고 버그도 없어 편하게 게임할수 있습니다,진입 장벽 도 없고 캐릭터 들 도 개성 있습니다 게임 플레이 는 참신해 지루하지 않고 버그 도 없어 편하게 게임 할수 있습니다,2019-02-16 17:15:05
253230,A Hat in Time,positive,bbbbbbbbbbbbbbbbbbbbbbbbbbbbbbbbb,bbbbbbbbbbbbbbbbbbbbbbbbbbbbbbbbb,2019-02-15 18:08:54
253230,A Hat in Time,positive,"정말 재밌게 한게임 중 하나, 그냥 게임이 재밌다","정말 재밌게 한게임 중 하나 , 그냥 게임 이 재밌다",2019-02-15 15:41:18
253230,A Hat in Time,positive,너무 재밌어요 그렇게 어렵지도 않고 어느정도 캐리턱도 귀엽고 배경도 너무 잘만든 게임같아요 갓겜,너무 재밌어요 그렇게 어렵지도 않고 어느 정도 캐리 턱 도 귀엽고 배경 도 너무 잘만 든 게임 같아요 갓 겜,2019-02-14 23:14:22
253230,A Hat in Time,positive,붸에에에,붸에에 에,2019-02-13 23:18:46
253230,A Hat in Time,positive,옛날 내가 어렸을대 닌텐도 Wii로 아주 즐겨했던 '마리오 갤럭시 어드벤처'가 생각난다. 우주를 떠돌아 댕기며 별을 모으고 여러 개성 있는 행성을 돌아 댕기며 탐험했던 추억이 떠오른다 보스를 잡을때는 얼마나 조마조마하면서 잡았는지도 생각난다. 어햇인타임은 그 마리오 게임이 생각나게 했다. 추억을 되살려주는 게임이다. 행성에 떨어져 잃어버린 모래시계를 찾아다니며 여러 친구를 사귀고 여러 장소를 다녀본다. 보스들을 잡을 때도 귀여운 그림에 그래픽이지만 보스다운 기술과 이펙트가 보여져서 내가 이 챕터의 대장이다 하는 면모들을 잘 보,옛날 내 가 어렸을대 닌텐도 Wii 로 아주 즐겨 했던 ' 마리오 갤럭시 어드벤처 ' 가 생각난다 . 우주 를 떠돌아 댕기 며 별 을 모으고 여러 개성 있는 행성 을 돌아 댕기 며 탐험 했던 추억 이 떠오른다 보스 를 잡 을 때 는 얼마나 조마조마하면서 잡았는지도 생각난다 . 어햇 인타임 은 그 마리오 게임 이 생각나게 했다 . 추억 을 되살려주는 게임 이다 . 행성 에 떨어져 잃어버린 모래시계 를 찾아다니며 여러 친구 를 사귀고 여러 장소 를 다녀 본다 . 보스 들 을 잡 을 때 도 귀여운 그림 에 그래픽 이지만 보스 다운 기술 과 이펙트 가 보여져서 내 가 이 챕 터 의 대장 이다 하는 면모 들 을 잘 보,2019-02-13 09:37:11
253230,A Hat in Time,positive,"모자걸이 잃어버린 시간 조각들을 찾아 행성을 여행하는 귀엽고 발랄한 여행기. 조작법은 굉장히 단순해 조금만 하다보면 금세 익힐 수 있다. 3인칭 플랫포머의 핵심이 되는 직관적인 맵 디자인과 자연스러운 카메라 무빙은 정말 좋다. 맵 디자인이나 레이아웃도 비슷하거나 중복되는 것 없이 매 스테이지 마다 특색있는 분위기를 자랑한다. 특히나 서브콘 숲에서 버려진 멘션으로 시간조각을 찾으러 가는 미션이 있는데, 연출력이 어마어마 하다. 꼭 한번 플레이 해보는 것을 추천한다. 총 두개의 추가 스테이지를 DLC로 즐길 수 있는데, 돈 생각 안하","모자 걸이 잃어버린 시간 조각 들 을 찾아 행성 을 여행 하는 귀엽고 발랄한 여행기 . 조 작법 은 굉장히 단순해 조금 만 하다 보면 금세 익힐 수 있다 . 3 인칭 플랫포머 의 핵심 이 되는 직관 적 인 맵 디자인 과 자연스러운 카메라 무빙 은 정말 좋다 . 맵 디자인 이나 레이아웃 도 비슷하거나 중복 되는 것 없이 매 스테이지 마다 특색 있는 분위기 를 자랑 한다 . 특히 나 서브 콘 숲 에서 버려진 멘션 으로 시간 조각 을 찾으러 가는 미션 이 있는데 , 연출 력 이 어마 어마 하다 . 꼭 한번 플레이 해보는 것 을 추천 한다 . 총 두 개 의 추가 스테이지 를 DLC 로 즐길 수 있는데 , 돈 생각 안하",2019-02-13 00:51:47
253230,A Hat in Time,positive,갓겜,갓 겜,2019-02-12 14:55:40
253230,A Hat in Time,positive,겁나 재밌음.,겁나 재밌음 .,2019-02-12 12:41:32
253230,A Hat in Time,positive,"뭔가 주어진 목표를 클리어 해야한다거나, 레벨업을 해야 한다거나, 장비 걱정을 해야 하는 게임들이 싫은 분들은 이 게임을 해보세요! 이 게임도 무언가 목표가 없지는 않은 게임이지만, 그 목표를 달성하기 위해 노력해도 되고, 싫으면 안해도 됩니다! 아! 이 컨트롤은 어려워! 라면 그 부분은 나중에 내킬 때 하세요! 이 게임은 복잡하지 않고, 재밌습니다. 그리고 무엇보다 귀엽고요! 귀여운 모자걸의 세계에 어서오세요! -------------------------------------------------","뭔가 주어진 목표 를 클리어 해야 한다거나 , 레벨 업 을 해야 한다거나 , 장비 걱정 을 해야 하는 게임 들 이 싫은 분 들 은 이 게임 을 해보세요 ! 이 게임 도 무언가 목표 가 없지는 않은 게임 이지만 , 그 목표 를 달성 하기 위해 노력 해도 되고 , 싫으면 안해 도 됩니다 ! 아 ! 이 컨트롤 은 어려워 ! 라면 그 부분 은 나중 에 내킬 때 하세요 ! 이 게임 은 복잡하지 않고 , 재밌습니다 . 그리고 무엇 보다 귀엽고요 ! 귀여운 모자 걸 의 세계 에 어서 오세요 ! -------------------------------------------------",2019-02-12 11:45:12
253230,A Hat in Time,positive,오ㅑ 안하냐,오 ㅑ 안 하냐,2019-02-12 11:32:58
253230,A Hat in Time,positive,정말 아기자기하고 인상깊은 게임이다. 처음엔 그래픽이 마음에 안들었지만 그건 하다보니까 괜찮아짐을 떠나서 좋아지게된다. 개인적으로 슈퍼마리오64 만큼 잘 만들었다고 생각한다. 짜증나는 구간도 5분안에 해결할 수 있어서 좋았다. 캐릭터 하나하나 개성이 ㄷㄷ 모든 캐릭터들이 다 귀엽다. 솔직히 지금 가지고 있는 게임중 1순위로 후속작이 기다려진다. (빨리나와라 ㅠㅠ),정말 아기자기하고 인상 깊은 게임 이다 . 처음 엔 그래픽 이 마음 에 안 들었지만 그건 하다 보 니까 괜찮아 짐 을 떠나서 좋아지게 된다 . 개인 적 으로 슈퍼마리오 64 만큼 잘 만들었다고 생각 한다 . 짜증나는 구간 도 5분 안에 해결 할 수 있어서 좋았다 . 캐릭터 하나 하나 개성 이 ㄷㄷ 모든 캐릭터 들 이 다 귀엽다 . 솔직히 지금 가지 고 있는 게임 중 1 순위 로 후속작 이 기다려진다 . ( 빨리 나와라 ㅠㅠ ),2019-02-12 01:30:12
253230,A Hat in Time,positive,"굳굳 친절함-사과나 굴뚝 주변에 보석 많이 박아놓기, 부숴놓은 얼음자국이 맵을 돌다가 와도 남아있는 점.. 음음 허브로 돌아가기 말고도 챕터 선택으로 돌아가기도 있었으면(로딩이 좀 김-도전과제때 왔다갔다하다보니)","굳 굳 친절함 - 사과 나 굴뚝 주변 에 보석 많이 박아놓기 , 부숴 놓은 얼음 자국 이 맵 을 돌다가 와도 남아있는 점 .. 음음 허브 로 돌아가기 말고도 챕 터 선택 으로 돌아가기도 있었으면 ( 로딩 이 좀 김 - 도전 과 제때 왔다 갔다하다 보니 )",2019-02-12 00:27:22
253230,A Hat in Time,positive,푸잉 푸잉 베에에-,푸잉 푸잉 베 에 에 -,2019-02-11 23:40:05
253230,A Hat in Time,positive,정말 명작입니다 갓겜!!!!!!!!!!!,정말 명작 입니다 갓 겜 !!!!!!!!!!!,2019-02-11 22:24:31
253230,A Hat in Time,positive,마리오를 능가하는 3d 플랫포머 게임,마리오 를 능가 하는 3 d 플랫포머 게임,2019-02-11 16:05:11
253230,A Hat in Time,positive,시발 존나 귀여움,시발 존나 귀 여 움,2019-02-11 14:55:57
253230,A Hat in Time,positive,싱글플레이: 게임초반에는 귀여운것들이 하도많아서 약간 꺼려지는데 하다보면 게임이 존나재밌어서 하나도 생각안난다. 멀티플레이: 우산좀 그만휘둘러 개또라이새끼야,싱글플레이 : 게임 초반 에는 귀여운것 들이 하도 많아서 약간 꺼려지는데 하다 보면 게임 이 존나 재밌어서 하나 도 생각 안 난다 . 멀티플레이 : 우산 좀 그만 휘둘러 개또 라이 새끼 야,2019-02-11 02:41:17
253230,A Hat in Time,positive,DLC Seal the Deal 사라 꼭 사라 개꿀잼임,DLC Seal the Deal 사라 꼭 사라 개꿀잼임,2019-02-10 23:49:14
253230,A Hat in Time,positive,갓겜,갓 겜,2019-02-10 19:09:53
253230,A Hat in Time,positive,게임이 딱 제 취향이네요. 처음부터 끝까지 아주 재미있게 플레이 했습니다. 살지말지 고민하는분들은 꼭 사셨으면 좋겠네요.,게임 이 딱 제 취향 이네 요 . 처음 부터 끝 까지 아주 재미있게 플레이 했습니다 . 살지말지 고민 하는 분 들 은 꼭 사셨으면 좋겠네요 .,2019-02-10 14:14:47
253230,A Hat in Time,positive,닌텐도를 처음으로 사서 플레이하는 기분 최고였다,닌텐도 를 처음 으로 사서 플레이 하는 기분 최고 였다,2019-02-09 22:49:22
253230,A Hat in Time,positive,이 갓갓겜을 사서 플레이해보세요! 할인할때사면 더 좋지만 제값주고사도 안아까울정도로 갓겜입니다 닌텐도 스위치 슈퍼마리오 오딧세이랑 굉장히 비슷한겜이라 오딧세이 좋아하셨거나 해보고싶었던분들이 해도 좋을것같아요 참고로 오딧세이보다 더 먼저 나온 겜임!!,이 갓 갓 겜 을 사서 플레이 해보세요 ! 할인 할 때 사면 더 좋지만 제 값 주 고사 도 안 아까울 정도 로 갓 겜 입니다 닌텐도 스위치 슈퍼마리오 오딧세이 랑 굉장히 비슷한 겜 이라 오딧세이 좋아하셨거나 해보고싶었던 분 들 이 해도 좋을것 같아요 참고 로 오딧세이 보다 더 먼저 나온 겜임 !!,2019-02-09 01:21:02
253230,A Hat in Time,positive,너무 재밌음. 엔딩에서 살짝 눈물날뻔 흑흐규ㅜ,너무 재밌음 . 엔딩 에서 살짝 눈물날 뻔 흑흐규 ㅜ,2019-02-08 23:08:23
253230,A Hat in Time,positive,"캐릭터 귀엽고, 음악 좋고, 게임도 좋고 다 좋은데 카메라때문에 눈아파서 조금씩 진행하는중. 엔딩봐야하는데...","캐릭터 귀엽고 , 음악 좋고 , 게임 도 좋고 다 좋은데 카메라 때문 에 눈 아 파서 조금씩 진행 하는 중 . 엔딩 봐야하는데 ...",2019-02-08 17:12:27
253230,A Hat in Time,positive,"이겜은 무조건 패드로 하세영 bb 킹갓 모자겜 캐릭터가 매우 커엽다. 모자걸 조아 슈퍼 마리오 갤럭시랑 비교하자면 탐험할수 있는 맵도 적고 마피아타운은 맵이너무 방대해서 좀 아쉬웠음. 금고에서 티켓모아오라는데 어디로 가라는지 화면이 안돌려져서 우럭다,,,","이 겜 은 무조건 패드 로 하세 영 bb 킹갓 모자 겜 캐릭터 가 매우 커엽다 . 모자 걸 조아 슈퍼 마리오 갤럭시 랑 비교 하자면 탐험 할수 있는 맵 도 적고 마피아 타운 은 맵 이 너무 방대해서 좀 아쉬웠음 . 금고 에서 티켓 모아오라는데 어디 로 가라는지 화면 이 안 돌려져서 우럭 다 ,,,",2019-02-08 15:37:10
253230,A Hat in Time,positive,귀여워..,귀여워 ..,2019-02-08 02:06:47
253230,A Hat in Time,positive,"슈퍼마리오 64 + 젤다의 전설 몽환의 모래시계 + 팀포트리스 (모자) 끔찍한 혼종이군요. 선물받아서 하는거지만 취향에 맞는게임은 아닙니다만, 게임성 좋고 브금도 좋아서 갓겜은 맞습니다! 다만 스토리는 쬐끔 실망함..","슈퍼마리오 64 + 젤다 의 전설 몽환 의 모래시계 + 팀 포트리스 ( 모자 ) 끔찍한 혼 종이 군 요 . 선물 받아서 하는거지만 취향 에 맞는 게임 은 아닙니다만 , 게임 성 좋고 브금 도 좋아서 갓 겜 은 맞습니다 ! 다만 스토리 는 쬐 끔 실망함 ..",2019-02-07 20:48:29
253230,A Hat in Time,positive,세일하고있는데도 살까말까 고민한 내가 멍청하고 미울정도로 게임이 재밌고 좋다. 마리오를 재밌게 한다면 꼭 추천하고 싶다. 엔딩을 본게 아쉬울 정도로 재밌다. 하루만에 다 깰정도로 몰입감이 엄청나다. (DLC 결국 다 샀다..),세 일 하고 있는데도 살 까말까 고민 한 내 가 멍청하고 미울 정도 로 게임 이 재밌고 좋다 . 마리오 를 재밌게 한다면 꼭 추천 하고 싶다 . 엔딩 을 본게 아쉬울 정도 로 재밌다 . 하루 만에 다 깰 정도 로 몰입 감 이 엄청나다 . ( DLC 결국 다 샀다 ..),2019-02-07 01:07:08
253230,A Hat in Time,positive,말이 필요없다 그냥 해보세요,말 이 필요없다 그냥 해보세요,2019-02-07 00:11:51
253230,A Hat in Time,positive,슈퍼 마리오 64의 완벽한 상위호환,슈퍼 마리오 64 의 완벽한 상위호환,2019-02-06 21:57:13
253230,A Hat in Time,positive,모자걸이 너무 귀여워요,모자 걸이 너무 귀여워요,2019-02-06 13:15:29
253230,A Hat in Time,positive,고전 3D 액션게임의 재미를 잘 계승한 동시에 미려한 그래픽과 귀염 터지는 캐릭터들이 매력 터지는 작품입니다. 과거 슈퍼마리오 64 류의 게임을 즐겼던 사람이라면 향수와 재미에 빠져 100% 후회 안 할듯. 물론 신규유저에게도 앞서 말한 장점들로 인해 충분히 재밌는 게임이 될 수 있습니다. 모자걸 카와잉!,고전 3 D 액션게임 의 재미 를 잘 계승 한 동시 에 미려 한 그래픽 과 귀염 터지는 캐릭터 들 이 매력 터지는 작품 입니다 . 과거 슈퍼마리오 64 류 의 게임 을 즐겼던 사람 이 라면 향수 와 재미 에 빠져 100% 후회 안 할듯 . 물론 신규 유저 에게도 앞서 말 한 장점 들 로 인해 충분히 재밌는 게임 이 될 수 있습니다 . 모자 걸 카와잉 !,2019-02-06 12:19:51
253230,A Hat in Time,positive,아씨 얼마전에 샀는데 할인하네,아씨 얼마 전 에 샀는데 할인 하네,2019-02-05 03:10:14
253230,A Hat in Time,positive,이게 갓겜이 아니면 뭐가 갓겜이란 말인가? 무시무시하게 재밌다,이 게 갓 겜 이 아니면 뭐 가 갓 겜 이란 말 인가 ? 무시무시하게 재밌다,2019-02-05 02:05:38
253230,A Hat in Time,positive,진짜.... 그저... 갓겜...,진짜 .... 그저 ... 갓 겜 ...,2019-01-28 22:39:58
253230,A Hat in Time,positive,챕터가 많지 않아서 짧게 끝날 줄 알았는데 하나하나 알차다,챕 터 가 많지 않아서 짧게 끝날 줄 알았는데 하나 하나 알차다,2019-01-28 02:29:41
253230,A Hat in Time,positive,그동안 즐거웠다.,그동안 즐거웠다 .,2019-01-27 19:37:24
253230,A Hat in Time,positive,귀여워 최고야,귀여워 최고 야,2019-01-27 16:46:36
253230,A Hat in Time,positive,핵꿀잼!,핵꿀잼 !,2019-01-27 12:04:24
253230,A Hat in Time,positive,챕터 1에서는 다소 지루한 감이 있어서 억지로 했는데 거기만 지나니까 조작에 익숙해져서 나름대로는 속도감 있게 즐겼네요. 사도 아깝지 않은 게임입니다.,챕 터 1 에서는 다소 지루한 감 이 있어서 억지로 했는데 거기 만 지나 니까 조작 에 익숙해져서 나름 대로는 속 도감 있게 즐겼네요 . 사도 아깝지 않은 게임 입니다 .,2019-01-25 23:35:45
253230,A Hat in Time,positive,친구한테 영업시킨 게임 친구도 완전 빠져서 같은 날 DLC까지 구매했습니다. 모.자.조.아,친구 한테 영업 시킨 게임 친구 도 완전 빠져서 같은 날 DLC 까지 구매 했습니다 . 모 . 자 . 조 . 아,2019-01-23 19:26:57
253230,A Hat in Time,positive,유사 마리오,유사 마리오,2019-01-23 16:04:00
253230,A Hat in Time,positive,슈퍼마리오64같음. 그래픽이 좀 더 발전하고 스토리도 재미있음. 인디게임인게 신기함 아쉬운 건 딱 하나. 조작감. 미세한 조작이 가끔 이상할 때가 있음,슈퍼마리오 64 같음 . 그래픽 이 좀 더 발전 하고 스토리 도 재미있음 . 인디 게임 인게 신기함 아쉬운 건 딱 하나 . 조작 감 . 미세한 조작 이 가끔 이상할 때 가 있음,2019-01-22 14:59:55
253230,A Hat in Time,positive,"귀여워, 재밌어, 훈훈해, 외않사요?","귀여워 , 재밌어 , 훈훈해 , 외 않 사 요 ?",2019-01-20 20:25:28
253230,A Hat in Time,positive,This is Good. Really.,This is Good . Really .,2019-01-20 15:33:43
253230,A Hat in Time,positive,"모자걸의 귀여움에 빠져버렸습니다! 밀리언 셀러를 달성한데는 이유가 있어요. 3D 플랫포머 게임의 장점을 끌어모았고, BGM에 신경을 많이 쓴게 느껴집니다. 아기자기한 그래픽으로 디테일하게 꾸민 월드를 돌아다니는 재미도 쏠쏠합니다. 인터랙션과 숨겨진 수집요소가 구석구석 있는걸 보고 놀랐습니다. 조작에 금방 익숙해지고, 전반적으로 쉽게 즐길 수 있는 난이도입니다. 각 포인트별로 어려운 구간이 있는데, 체크포인트가 존재하고 재도전이 쉽기때문에 공략없이 수 회 이내에 클리어 가능합니다. 길찾기에 대한 평가가 좋지 못한데, 보석을 먹으","모자 걸 의 귀 여 움 에 빠져 버렸습니다 ! 밀 리언 셀러 를 달성 한 데 는 이유 가 있어요 . 3 D 플랫포머 게임 의 장점 을 끌어 모았고 , BGM 에 신경 을 많이 쓴게 느껴집니다 . 아기자기한 그래픽 으로 디테 일하게 꾸민 월드 를 돌아다니는 재미 도 쏠쏠합니다 . 인터랙션 과 숨겨진 수집 요소 가 구석구석 있는걸 보고 놀랐습니다 . 조작 에 금방 익숙해지고 , 전반 적 으로 쉽게 즐길 수 있는 난이도 입니다 . 각 포인트 별로 어려운 구간 이 있는데 , 체크 포인트 가 존재 하고 재도 전이 쉽기 때문 에 공략 없이 수 회 이내 에 클리어 가능합니다 . 길찾기 에 대한 평가 가 좋지 못 한데 , 보석 을 먹으",2019-01-19 21:40:51
253230,A Hat in Time,positive,"[h1]잠시 동심으로 돌아가보는 게임[/h1] 이 게임은 그야말로 '게임'입니다. 이 게임을 하면서 이런부분은 아쉽고 저런부분은 좋다 라는 생각조차 들지 않을만큼 재미있게 즐겼습니다. 모든 맵들은 하나의 놀이터같이 저희를 마음껏 뛰놀게 해주며, 잠시 동심으로 돌아가게 해주는 것 같습니다. 항상 비슷한 류의 게임만 하시는 분이나, 게임불감증에 걸리신 분들께 매우 아주 적극적으로 추천합니다. 단, 엔딩크레딧을 보고난 후의 후유증은 책임지지 않습니다.","[ h 1 ] 잠시 동심 으로 돌아가 보는 게임 [/ h 1 ] 이 게임 은 그야말로 ' 게임 ' 입니다 . 이 게임 을 하면서 이런 부분 은 아쉽고 저런 부분 은 좋다 라는 생각 조차 들지 않을만큼 재미있게 즐겼습니다 . 모든 맵 들 은 하나 의 놀이터 같이 저희 를 마음껏 뛰놀게 해주며 , 잠시 동심 으로 돌아가게 해주는 것 같습니다 . 항상 비슷한 류 의 게임 만 하시는 분 이나 , 게임 불감증 에 걸리신 분 들 께 매우 아주 적극 적 으로 추천 합니다 . 단 , 엔딩크레딧 을 보고 난 후의 후유증 은 책임지지 않습니다 .",2019-01-19 11:29:13
253230,A Hat in Time,positive,유치뽕짝하고 재밌음 약간 언더테일 냄새도 남 할인할때 사세여,유치 뽕짝 하고 재밌음 약간 언 더테일 냄새 도 남 할인 할 때 사세여,2019-01-15 20:50:42
253230,A Hat in Time,positive,갓겜,갓 겜,2019-01-15 14:24:02
253230,A Hat in Time,positive,(8/10) 마리오에 어느정도 견줄만큼 훌륭한 3D 플랫포머 게임.,( 8/10 ) 마리오 에 어느 정도 견줄 만큼 훌륭한 3 D 플랫포머 게임 .,2019-01-11 14:33:06
253230,A Hat in Time,positive,귀여운 모자게임 꿀잼이에요 꼭 하세요 두번하세요!,귀여운 모자 게임 꿀잼 이에요 꼭 하세요 두 번하세요 !,2019-01-11 01:53:46
253230,A Hat in Time,positive,주인공 햇걸 넘오 귀여운거 겜성도 좋음 붸에~,주인공 햇걸 넘오 귀여운거 겜 성도 좋음 붸 에 ~,2019-01-10 06:08:32
253230,A Hat in Time,positive,"캐릭터, 브금, 게임성의 잘 어우러진 3박자 더 이상 말이 필요한지 싶을 정도로 잘 만든 게임입니다. 후속작이 나오길 바랄뿐입니다.","캐릭터 , 브금 , 게임 성의 잘 어우러진 3 박자 더 이상 말 이 필요한지 싶을 정도 로 잘 만든 게임 입니다 . 후속작 이 나오길 바랄 뿐입니다 .",2019-01-09 23:48:19
253230,A Hat in Time,positive,푸잉!,푸잉 !,2019-01-09 14:10:37
253230,A Hat in Time,positive,너무 재밌게 했음 닌텐도 없어서 슈퍼마리오 못했었는데 이걸로 대체한 느낌 넘 잼남 + 갓글화 갓글화는 무조건 추천이야~,너무 재밌게 했음 닌텐도 없어서 슈퍼마리오 못 했었는데 이 걸 로 대체 한 느낌 넘 잼남 + 갓 글 화 갓 글 화 는 무조건 추천 이야 ~,2019-01-09 10:21:26
253230,A Hat in Time,positive,닌텐도로 슈퍼마리오64 재밌게 했다면 재밌게 할 수 있음 캐릭터 보는 맛도 있음 창작마당도 있음 이건 뭐다? 갓겜이다,닌텐도 로 슈퍼마리오 64 재밌게 했다면 재밌게 할 수 있음 캐릭터 보는 맛 도 있음 창작 마당 도 있음 이건 뭐 다 ? 갓 겜 이다,2019-01-08 20:03:56
253230,A Hat in Time,positive,캐릭터가 너무 커여워서 좋음 조작감이나 시점은 불편함,캐릭터 가 너무 커여 워 서 좋음 조 작 감 이나 시점 은 불편함,2019-01-08 17:29:25
253230,A Hat in Time,positive,뿌----야,뿌 ---- 야,2019-01-06 23:59:02
253230,A Hat in Time,positive,스내쳐는 사랑입니다 어햇인타임 채고 잔망둥이 공식 츤데레 스내쳐 👍,스내쳐 는 사랑 입니다 어햇 인타임 채고 잔 망둥이 공식 츤데레 스내쳐 👍,2019-01-06 20:51:53
253230,A Hat in Time,positive,귀여움과 반대되는 난이도,귀 여 움 과 반대 되는 난이도,2019-01-04 23:36:40
253230,A Hat in Time,positive,우주갓겜,우주 갓 겜,2019-01-04 16:47:03
253230,A Hat in Time,positive,굳,굳,2019-01-03 20:32:07
253230,A Hat in Time,positive,이 게임을 추천합니다. 캐릭터도 아기자기하고 패드 2개로 2인 플레이 가능합니다. - 1화면 2인 플레이(1p에 맞추어져서 2p가 멀어지면 1p쪽으로 강제소환) - 화면 2분할 2인 플레이(좌우로 나누어서 알아서 플레이) - 대전 2인 플레이(안해봄...) * 장점 - 캐릭터가 아기자기함 - 한글! - 스토리가 쉬움 - 2인 플레이 가능 * 단점 - 무서운 챕터가 하나 있음 - 플랫포머 조작이 어려우면 넘어가기 힘든 구간이 있음,이 게임 을 추천 합니다 . 캐릭터 도 아기자기하고 패드 2 개 로 2 인 플레이 가능합니다 . - 1 화면 2 인 플레이 ( 1 p 에 맞추어져서 2 p 가 멀어지면 1 p 쪽 으로 강제 소환 ) - 화면 2분 할 2 인 플레이 ( 좌우 로 나누어서 알아서 플레이 ) - 대전 2 인 플레이 ( 안 해봄 ...) * 장점 - 캐릭터 가 아기자기함 - 한글 ! - 스토리 가 쉬움 - 2 인 플레이 가능 * 단점 - 무서운 챕 터 가 하나 있음 - 플랫포머 조작 이 어려우면 넘어가기 힘든 구간 이 있음,2019-01-03 15:34:07
253230,A Hat in Time,positive,주인공 커여움,주인공 커여 움,2019-01-02 15:29:20
253230,A Hat in Time,positive,"어렸을때 슈퍼마리오64(DS)를 재밌게 즐겨본 사람이라면 슈퍼마리오 오디세이와 함께 저절로 찾게되는 마성의 게임. 시도할때마다 쉬워지는 보스전 난이도와 정확히 코스튬 개수만큼 숨겨진 토큰들로 게임 실력이 자신없거나 코스튬 모으기 좋아하는 사람에게도 강추. 흥겨운 OST와 챕터별 개성넘치는 캐릭터들, 내비게이션같은 각종 편의요소들 덕에 누구나 동심을 가지고 쉽고 재밌게 모험을 할 수 있다. 정말 편안한 마음으로 여유롭게 플레이하더라도 충분히 재밌게 시간을 보낼 수 있지만 DLC는 어렵기로 소문이 자자하니 신중히... 귀여운 모자걸과","어렸을 때 슈퍼마리오 64 ( DS ) 를 재밌게 즐겨 본 사람 이 라면 슈퍼마리오 오디세이 와 함께 저절로 찾게 되는 마 성의 게임 . 시도 할 때 마다 쉬워지는 보스 전 난이도 와 정확히 코스튬 개수 만큼 숨겨진 토큰 들 로 게임 실력 이 자신 없거나 코스튬 모으기 좋아하는 사람 에게도 강추 . 흥겨운 OST 와 챕 터별 개성 넘치는 캐릭터 들 , 내비게이션 같은 각종 편의 요소 들 덕 에 누구 나 동심 을 가지 고 쉽고 재밌게 모험 을 할 수 있다 . 정말 편안한 마음 으로 여유롭게 플레이 하더라도 충분히 재밌게 시간 을 보낼 수 있지만 DLC 는 어렵기로 소문 이 자자하니 신중히 ... 귀여운 모자 걸 과",2019-01-02 11:40:25
253230,A Hat in Time,positive,스테이지마다 연출과 구성이 다양해서 기대이상이었습니다 마지막 모자는 노가다가 좀 필요하던데 그렇게까진 못하겠던데요,스테이지 마다 연출 과 구성 이 다양해서 기 대 이상 이었습니다 마지막 모자 는 노가다 가 좀 필요하던데 그렇게 까진 못 하겠던데요,2019-01-02 04:46:15
253230,A Hat in Time,positive,갓겜입니다,갓 겜 입니다,2019-01-01 14:59:13
253230,A Hat in Time,positive,아직 안샀다고요? 후회하지 않을 구매일꺼에요. 겁나 귀엽습니다.,아직 안 샀다고요 ? 후회 하지 않을 구 매일 꺼 에요 . 겁나 귀엽습니다 .,2019-01-01 00:25:56
253230,A Hat in Time,positive,슈퍼 마리오 같은 장르를 좋아하시는 분이라면 적극 추천합니다~!,슈퍼 마리오 같은 장르 를 좋아하시는 분이라면 적극 추천 합니다 ~!,2018-12-31 09:08:30
253230,A Hat in Time,positive,"[code] 모자 더 가져와, 아니지... 다 가져와!!! [/code]","[ code ] 모자 더 가져와 , 아니지 ... 다 가져와 !!! [/ code ]",2018-12-31 02:38:23
253230,A Hat in Time,positive,너무 재밌습니다. 할인받아서 구매한 게임이지만 원가를 내고 구매했어도 아깝지않았을 게임일꺼 같네요. 게임할때 스토리를 정말 많이 보는 편이라 남들 RPG게임하면 레벨링 하느라 바쁠때 저는 NPC의 대사 하나하나 다 읽어가며 플레이를 할 정도로 스토리를 중요하게 생각합니다. 그치만 그 동시에 빨리 진행하려 하기도 하고 퀘스트를 진행하면서 귀찮아하기도 했었습니다. 이 게임은 달랐습니다. 챕터 하나가 마무리되면 너무 아쉬워했습니다. 10시간 플레이하고 엔딩을 봤지만 정말 엔딩이 이렇게 아쉬웠던 게임은 처음입니다. 게임을 끝내고,너무 재밌습니다 . 할인 받아서 구매 한 게임 이지만 원가 를 내고 구매 했어도 아깝지 않았을 게임 일꺼 같네요 . 게임 할 때 스토리 를 정말 많이 보는 편이 라 남 들 RPG 게임 하면 레벨 링 하느라 바쁠 때 저 는 NPC 의 대사 하나 하나 다 읽어가며 플레이 를 할 정도 로 스토리 를 중요하게 생각 합니다 . 그치만 그 동시 에 빨리 진행 하려 하기도 하고 퀘스트 를 진행 하면서 귀찮아하 기도 했었습니다 . 이 게임 은 달랐습니다 . 챕 터 하나 가 마무리 되면 너무 아쉬워 했습니다 . 10시간 플레이 하고 엔딩 을 봤지만 정말 엔딩 이 이렇게 아쉬웠던 게임 은 처음 입니다 . 게임 을 끝내고,2018-12-31 02:16:33
253230,A Hat in Time,positive,마리오 64가 가져온 파급력에 감사해야 할 또 다른 이유,마리오 64 가 가져온 파급 력 에 감사해야 할 또 다른 이유,2018-12-31 00:50:01
253230,A Hat in Time,positive,2018.12.30 진짜 너무너무너무너무너무너무너무너무 재미있다 이걸왜이리 늦게샀는지 너무멍청했던거같다 본편엔딩봤으니 DLC엔딩보기~가자아아아아아아아아아아아아아 2018.1.3 DLC 너어어어어어어는 지이이이이이이진짜 너무한다 너무악랄하다!!!!!!!!!!!! 2019.4.28 모자걸 새로운dlc나왔다!!!!!!!!!!!!!!!!!!!!!!!!!!!!!!!!!!!!!!!!!!!!!!!!!!!!!!! 와 50인협동 와 새로운스킨 와 너무좋아!!!!!!!!,2018.12 . 30 진짜 너무 너무 너무 너무 너무 너무 너무 너무 재미있다 이 걸왜 이리 늦게 샀는지 너무 멍청했던거 같다 본 편 엔딩 봤으니 DLC 엔딩 보기 ~ 가자 아아 아아 아아 아아 아아 아아 아 2018.1 . 3 DLC 너 어어어어 어어 는 지 이이이이이이 진짜 너무한다 너무 악랄하다 !!!!!!!!!!!! 2019.4 . 28 모자 걸 새로운 dlc 나왔다 !!!!!!!!!!!!!!!!!!!!!!!!!!!!!!!!!!!!!!!!!!!!!!!!!!!!!!! 와 50 인 협동 와 새로운 스킨 와 너무 좋아 !!!!!!!!,2018-12-30 23:56:11
253230,A Hat in Time,positive,"잔버그가 꽤 있음. 특정 장소에 끼이면 재시작이나 스테이지 새로 시작해야 탈출 가능. 그리고 게임이 이유없이 간헐적으로 꺼지는 현상이 있는데 문제는 보스전 가는데 시간이 꽤 소요되는 경우가 있는데 그런 보스전에서 꺼지면 몇십분은 날려먹게 되는데 매우 빡침. 같은 보스 세번째 잡는 중인데 이젠 패턴도 다 외워서 맞지도 않음 ㅡㅡ, 위 두개 제외하면 정말 재밌고 잘 만든 게임이라 생각합니다. DLC는 구매해보고 싶었는데 평이 너무 안 좋아서 포기합니다. 19.08.26 DLC나와서 하고 있는데 여기서도 간헐적으로 멈춤..보스전에서","잔 버그 가 꽤 있음 . 특정 장소 에 끼이면 재 시작 이나 스테이지 새로 시작 해야 탈출 가능 . 그리고 게임 이 이유 없이 간 헐 적 으로 꺼지는 현상 이 있는데 문제 는 보스 전 가는데 시간 이 꽤 소요 되는 경우 가 있는데 그런 보스 전 에서 꺼지면 몇 십분 은 날려 먹게 되는데 매우 빡침 . 같은 보스 세번 째 잡는 중 인데 이 젠 패턴 도 다 외워서 맞지도 않음 ㅡㅡ , 위 두 개 제외 하면 정말 재밌고 잘 만든 게임 이라 생각 합니다 . DLC 는 구매 해보고 싶었는데 평이 너무 안 좋아서 포기 합니다 . 19.08 . 26 DLC 나와서 하고 있는데 여기서도 간 헐 적 으로 멈춤 .. 보스 전 에서",2018-12-30 20:32:38
253230,A Hat in Time,positive,하루에 2시간 이상 안하고 아껴서 하는 게임 옛날 PS2 슬라이 쿠퍼 하는 느낌도 있고 간만에 게임다운 게임 하는 기분,하루 에 2시간 이상 안 하고 아껴서 하는 게임 옛날 PS 2 슬 라이 쿠퍼 하는 느낌 도 있고 간만 에 게임 다운 게임 하는 기분,2018-12-30 19:24:33
253230,A Hat in Time,positive,모자걸 너무 귀엽습니다. 진짜 너무 귀 엽 습 니 다. 만든 제작자들에게 상을 줘야한다고 생각함.,모자 걸 너무 귀엽습니다 . 진짜 너무 귀 엽 습 니 다 . 만든 제작자 들 에게 상 을 줘 야한다고 생각 함 .,2018-12-30 18:33:15
253230,A Hat in Time,positive,갓겜 주절주절 설명할 필요가 없습니다. 그냥 사세요,갓 겜 주절주절 설명 할 필요 가 없습니다 . 그냥 사세요,2018-12-30 13:40:04
253230,A Hat in Time,positive,"각 챕터마다 개성있는 캐릭터와 컨셉이 질리지 않게 해준거같음 그 외에 꾸미기 요소, 음악 리믹스 등도 소소한 즐길거리. 전반적으로 만족스러웠지만 불편했던 점 한가지 : 앞뒤 방향으로 원근감을 잡기 어려워서 이쯤 뛰면 되겠지 하면 뒷목 잡는 일이 있음","각 챕 터 마다 개성 있는 캐릭터 와 컨셉 이 질리 지 않게 해준거 같음 그 외 에 꾸미기 요소 , 음악 리믹스 등 도 소소한 즐 길거리 . 전반 적 으로 만족스러웠지만 불편했던 점 한가지 : 앞뒤 방향 으로 원 근 감 을 잡기 어려워서 이쯤 뛰면 되겠지 하면 뒷 목 잡는 일이 있음",2018-12-30 01:41:43
253230,A Hat in Time,positive,스팀 3d 플랫포머 게임중 최고 진짜 사길 잘 했다는 생각이 든 게임은 오랜만이다,스팀 3 d 플랫포머 게임 중 최고 진짜 사길 잘 했다는 생각 이 든 게임 은 오랜 만이 다,2018-12-29 17:11:06
253230,A Hat in Time,positive,"진짜 재밌습니다. 이렇게 완성도 높은 게임은 오랜만인거 같습니다. 마리오64 시절 그시절로 돌아가는 느낌이여서 즐겁게 플레이 했던거 같습나다. 요즘은 완성도 높은 게임 찾아볼수 없었는데 한글화도 되어있고, 진짜 재밌습니다. 난이도도 그럭저럭 어려운 감도 있었습니다.","진짜 재밌습니다 . 이렇게 완성 도 높은 게임 은 오랜 만 인거 같습니다 . 마리오 64 시절 그 시절 로 돌아가는 느낌 이 여서 즐겁게 플레이 했던거 같 습 나다 . 요즘 은 완성 도 높은 게임 찾아볼수 없었는데 한글화 도 되어있고 , 진짜 재밌습니다 . 난이도 도 그럭저럭 어려운 감도 있었습니다 .",2018-12-29 16:42:07
253230,A Hat in Time,positive,"스팀 평가[b] '압도적으로 긍정적' [/b] 여태까지 해본 게임들 중에 가장 잘 만들었다고 생각하는 게임 중 하나. PS2 시절의 플랫포머 감성을 떠올리게 해준 멋진 게임. 그래픽,사운드,게임성 등 모든 부분에 칭찬을 할 수 밖에...","스팀 평가 [ b ] ' 압도 적 으로 긍정 적 ' [/ b ] 여태 까지 해본 게임 들 중 에 가장 잘 만들었다고 생각 하는 게임 중 하나 . PS 2 시절 의 플랫포머 감성 을 떠올리게 해준 멋진 게임 . 그래픽 , 사운드 , 게임 성 등 모든 부분 에 칭찬 을 할 수 밖에 ...",2018-12-29 09:11:04
253230,A Hat in Time,positive,초등학생 시절 슈퍼마리오 64를 플레이할 때의 동심을 이 나이 먹고 다시 체험할 수 있을 줄은 상상도 못했다. 좋은 게임이다.,초등학생 시절 슈퍼마리오 64 를 플레이 할 때 의 동심 을 이 나이 먹고 다시 체험 할 수 있을 줄 은 상상 도 못 했다 . 좋은 게임 이다 .,2018-12-29 02:26:54
253230,A Hat in Time,positive,눈이 나쁘면 안경을 쓴댔으니 모자란 너에겐 모자를 씌워주마,눈 이 나쁘면 안경 을 쓴 댔으니 모자란 너 에겐 모자 를 씌워주마,2018-12-27 15:49:58
253230,A Hat in Time,positive,gg,gg,2018-12-27 14:35:20
253230,A Hat in Time,positive,귀엽다,귀엽다,2018-12-27 13:33:40
253230,A Hat in Time,positive,꿀잼이다,꿀잼 이다,2018-12-27 01:47:59
253230,A Hat in Time,positive,갓ㅡ겜 모자걸과 함께 털난 소녀를 함께 조져보아요,갓 ㅡ 겜 모자 걸 과 함께 털 난 소녀 를 함께 조져 보아 요,2018-12-27 01:32:02
253230,A Hat in Time,positive,"모자걸이 귀여운건 전 국민이 아는 사실이니 넘어가고 챕터별로 다른 컨셉과 그에 따른 다양한 플레이방식이 흥미롭습니다. 난이도 자체는 처음 아무것도 모를 때 '뭐지?' 하다가 죽는 구간이 조금 있긴 한데 게임 자체가 재시도를 빠르고 편하게 제공해줘서 금방금방 넘어갈 수 있습니다. 라이트하게 게임을 즐기고 싶으신 분, 간만에 3D플랫포머 게임이 땡기시는분들에게 추천합니다.","모자 걸이 귀여운건 전 국민 이 아는 사실 이니 넘어가고 챕 터 별로 다른 컨셉 과 그 에 따른 다양한 플레이 방식 이 흥미롭습니다 . 난이도 자체 는 처음 아무 것 도 모를 때 ' 뭐 지 ?' 하다가 죽는 구간 이 조금 있긴 한데 게임 자체 가 재시 도를 빠르고 편하게 제공 해줘서 금방 금방 넘어갈 수 있습니다 . 라이트 하게 게임 을 즐기고 싶으신 분 , 간만 에 3 D 플랫포머 게임 이 땡기시는 분 들 에게 추천 합니다 .",2018-12-26 23:09:26
253230,A Hat in Time,positive,귀여움 폭팔게임 !! 하면서 아빠미소 나오는 게임 !! 재밌다.,귀 여 움 폭팔 게임 !! 하면서 아빠 미소 나오는 게임 !! 재밌다 .,2018-12-26 21:51:14
253230,A Hat in Time,positive,슈퍼마리오64 후속작느낌난다 귀여워서 더 좋다,슈퍼마리오 64 후속작 느낌 난다 귀여워서 더 좋다,2018-12-26 21:20:11
253230,A Hat in Time,positive,개추,개추,2018-12-26 20:11:33
253230,A Hat in Time,positive,모자걸 너무 귀엽고 재밌었따,모자 걸 너무 귀엽고 재밌었 따,2018-12-26 17:26:27
253230,A Hat in Time,positive,모자걸이 너무 귀여움 게임도 잘만듬 귀여움,모자 걸이 너무 귀 여 움 게임 도 잘만 듬 귀 여 움,2018-12-26 11:31:15
253230,A Hat in Time,positive,재미는 있는데 멀미나서 못하겠음,재미 는 있는데 멀미 나서 못 하겠음,2018-12-26 00:10:13
253230,A Hat in Time,positive,awesome,awesome,2018-12-25 20:28:25
253230,A Hat in Time,positive,갓겜... 모자걸.. 너무 귀엽다.. 뽀뽀하면 반응이라도 보여줘요 제발 ㅠㅠㅠㅠㅠㅠㅠㅠㅠㅠㅠ 우리 귀여운 모자걸이 뽀뽀하는데 반응이 없다니! 이럴수가! 모두의 마음은 얼어있는건가!!! 그리고 DLC 개새....ㅋㅋㅋㅋㅋㅋㅋㅋㅋㅋ 유람선 구조 누가 만들었나요.. 진짜..어우...어유... 데스위시.. 아... 그냥깨는건 상관없는데 보너스 조건 죽이고 싶다 진짜.. 이지모드 있어서 괜찮지만 제 자존심이 괜찮지않네요.. 맨날 아깝게 죽고.. 그렇게 다음엔 안죽어야지 하며 죽은횟수가 몇번???,갓 겜 ... 모자 걸 .. 너무 귀엽다 .. 뽀뽀 하면 반응 이라도 보여줘요 제발 ㅠㅠㅠㅠㅠㅠㅠㅠㅠㅠㅠ 우리 귀여운 모자 걸이 뽀뽀 하는데 반응 이 없다니 ! 이럴수가 ! 모두 의 마음 은 얼어있는 건가 !!! 그리고 DLC 개새 .... ㅋㅋㅋㅋㅋㅋㅋㅋㅋㅋ 유람선 구조 누가 만들었나요 .. 진짜 .. 어우 ... 어유 ... 데스 위시 .. 아 ... 그냥 깨는건 상관없는데 보너스 조건 죽 이고 싶다 진짜 .. 이 지 모드 있어서 괜찮지만 제 자존심 이 괜찮지 않네요 .. 맨날 아깝게 죽고 .. 그렇게 다음 엔 안 죽어야지 하며 죽은 횟수 가 몇번 ???,2018-12-25 18:32:51
253230,A Hat in Time,positive,강력추천합니다 두번하세요 친구랑 하세요 DLC도 하세요,강력 추천 합니다 두 번하세요 친구 랑 하세요 DLC 도 하세요,2018-12-25 16:55:52
253230,A Hat in Time,positive,슈퍼마리오 64 느낌 남. 졸라 재밌음. 브금 좋음.,슈퍼마리오 64 느낌 남 . 졸라 재밌음 . 브금 좋음 .,2018-12-25 15:40:07
253230,A Hat in Time,positive,정말 재밌고 편안하게 플레이했던게임. 지친 당신에게 추천,정말 재밌고 편안하게 플레이 했던 게임 . 지친 당신 에게 추천,2018-12-25 13:03:09
253230,A Hat in Time,positive,각 스테이지마다 컨셉 강한 마리오 64 느낌 단점은 스테이지 수가 생각보다 적은 듯,각 스테이지 마다 컨셉 강한 마리오 64 느낌 단점 은 스테이지 수가 생각 보다 적은 듯,2018-12-25 12:58:29
253230,A Hat in Time,positive,커여운 모자걸,커 여운 모자 걸,2018-12-24 16:22:28
253230,A Hat in Time,positive,줄타는거 판정좀 그지같긴한데 가볍게 할수있는 제미있는 게임이었습니다,줄 타는거 판정 좀 그지같 긴한데 가볍게 할수있는 제 미있는 게임 이었습니다,2018-12-23 22:29:14
253230,A Hat in Time,positive,너무 귀여워,너무 귀여워,2018-12-23 15:31:28
253230,A Hat in Time,positive,귀여움,귀 여 움,2018-12-23 02:18:26
253230,A Hat in Time,positive,옛날 마리오64하던 느낌이 들어서 재미있게 플레이했습니다. 맘마미아~,옛날 마리오 64 하던 느낌 이 들어서 재미있게 플레이 했습니다 . 맘마미아 ~,2018-12-23 01:43:18
253230,A Hat in Time,positive,갓-겜 보스전 할 때 갓겜임을 다시금 실감했다.,갓 - 겜 보스 전 할 때 갓 겜임 을 다시금 실감 했다 .,2018-12-22 16:11:12
253230,A Hat in Time,positive,마리오 64 하는기분,마리오 64 하는 기분,2018-12-22 12:43:41
253230,A Hat in Time,positive,CUTE AS HECK,CUTE AS HECK,2018-12-21 22:53:29
253230,A Hat in Time,positive,"귀엽고, 쉽고, 재밌다. 다만 패드 조작감은 영 별로였다. (Xbox One)","귀엽고 , 쉽고 , 재밌다 . 다만 패드 조작 감은 영 별로 였다 . ( Xbox One )",2018-12-21 21:52:51
253230,A Hat in Time,positive,갓겜,갓 겜,2018-12-19 13:18:10
253230,A Hat in Time,positive,한마디로 표현하자면 갓겜이에요 갓겜 오래전 마리오64를 처음 했을때의 그 순수했던 감성을 다시 느끼게 해줍니다 XD 귀여운거 좋아하시거나 힐링이 필요하신 분들은 꼭 해보세요 패드로 하니까 더욱 재밌습니다 :))))))),한마디 로 표현 하자면 갓 겜 이에요 갓 겜 오래전 마리오 64 를 처음 했을 때 의 그 순수했던 감성 을 다시 느끼게 해줍니다 XD 귀여운거 좋아하시거나 힐링 이 필요하신 분 들 은 꼭 해보세요 패드 로 하니까 더욱 재밌습니다 :))))))),2018-12-18 22:36:41
253230,A Hat in Time,positive,마리오를 한번도 안해본 나로써 이런 장르의 게임의 재미를 알려줌,마리오 를 한번 도 안 해본 나 로써 이런 장르 의 게임 의 재미 를 알려 줌,2018-12-17 00:29:52
253230,A Hat in Time,positive,재밌어요,재밌어요,2018-12-13 19:12:26
253230,A Hat in Time,positive,존나재밌습니다 시리즈로 2 3 4 5 쭉쭉 나왔으면 좋겠네요,존나 재밌습니다 시리즈 로 2 3 4 5 쭉쭉 나왔으면 좋겠네요,2018-12-11 02:44:23
253230,A Hat in Time,positive,"한동안 게임 불감증에 걸렸었는데, 정말 재미있게 플레이 하고 있습니다. 갓겜b 다만 패드 기준 위를 바라보는 방법이 조금 불편합니다.","한동안 게임 불감증 에 걸렸었는데 , 정말 재미있게 플레이 하고 있습니다 . 갓 겜 b 다만 패드 기준 위 를 바라보는 방법 이 조금 불편합니다 .",2018-12-10 16:29:55
253230,A Hat in Time,positive,모자가 주인공,모자 가 주인공,2018-12-05 01:12:16
253230,A Hat in Time,positive,"분량이 끝나가는 게 너무 아쉬워서 일부러 천천히 깼습니다. 제가 게임에 표하는 최고의 예우는 엔딩 크레딧까지 넘김없이 보는 것인데, 이 게임은 제 최고의 예우를 받을 자격이 있습니다. 가벼우면서도 알차고, 정교하고 영리합니다.","분량 이 끝나가는 게 너무 아쉬워서 일부러 천천히 깼습니다 . 제 가 게임 에 표 하는 최고 의 예 우는 엔딩 크레딧 까지 넘김 없이 보는 것 인데 , 이 게임 은 제 최고 의 예우 를 받을 자격 이 있습니다 . 가벼우면서도 알차고 , 정교하고 영리합니다 .",2018-12-05 00:42:50
253230,A Hat in Time,positive,"게임성으로도 완벽하지만, 캐릭터가 너무 귀여워서 더욱 좋았습니다. 게임 내내 웃으면서 했던 게임이었습니다 ㅋㅋㅋ","게임 성 으로도 완벽하지만 , 캐릭터 가 너무 귀여워서 더욱 좋았습니다 . 게임 내내 웃으면서 했던 게임 이었습니다 ㅋㅋㅋ",2018-12-05 00:04:41
253230,A Hat in Time,positive,"슈퍼 마리오 64가 연상되는 게임이었습니다. 아기자기하고 귀여운 그래픽과 맵에 걸맞는 BGM, 그리고 모험을 위한 방대한 맵과 퍼즐 요소. 전체적으로 균형이 잘 갖추어진 갓겜이라고 생각합니다. 전투 시스템도 있는데 귀여운 주인공 햇 걸이 킥 애스의 힛 걸로 바뀌어 적들을 터트립니다. 중반쯤에 게임 분위기가 확 바뀌는 맵이 있는데 주위 하시길..","슈퍼 마리오 64 가 연상 되는 게임 이었습니다 . 아기자기하고 귀여운 그래픽 과 맵 에 걸 맞는 BGM , 그리고 모험 을 위 한 방대한 맵 과 퍼즐 요소 . 전체 적 으로 균형 이 잘 갖추어진 갓 겜 이라고 생각 합니다 . 전투 시스템 도 있는데 귀여운 주인공 햇 걸이 킥 애스 의 힛 걸 로 바뀌어 적 들 을 터트립니 다 . 중반 쯤 에 게임 분위기 가 확 바뀌는 맵 이 있는데 주위 하시길 ..",2018-12-03 23:50:35
253230,A Hat in Time,positive,모자,모자,2018-12-02 21:24:44
253230,A Hat in Time,positive,졸라재밋슴,졸라 재 밋슴,2018-12-02 19:50:09
253230,A Hat in Time,positive,본편:내 취향에 딱 맞는 플랫포머 힐링게임 Seal the Deal:유저가 호평한 힐링부분을 전혀 살리지못한 극한의 하드코어난이도 Nyakuza Metro: 쉽고 귀여운 힐링겜으로 다시 돌아왔으나 아쉬운 멀티지원,본 편 : 내 취향 에 딱 맞는 플랫포머 힐링 게임 Seal the Deal : 유저 가 호평 한 힐링 부분 을 전혀 살리지못한 극한 의 하드코어 난이도 Nyakuza Metro : 쉽고 귀여운 힐링 겜 으로 다시 돌아왔으나 아쉬운 멀티 지원,2018-12-01 22:36:56
253230,A Hat in Time,positive,모자를 쓴 꼬마소녀의 매력에 빠져버렸다 하으읏 너무 귀엽고 재밌잔아~♡,모자 를 쓴 꼬마 소녀 의 매력 에 빠져 버렸다 하으읏 너무 귀엽고 재밌 잔 아 ~ ♡,2018-12-01 00:56:33
253230,A Hat in Time,positive,슈퍼마리오 오디세이 느낌 나는 갓 겜,슈퍼마리오 오디세이 느낌 나 는 갓 겜,2018-11-29 23:08:58
253230,A Hat in Time,positive,밤에 돌아다니지말고 여기서 돌아댕기셈,밤 에 돌아다니지말고 여기 서 돌아 댕기 셈,2018-11-28 21:34:37
253230,A Hat in Time,positive,모우자년,모 우 자년,2018-11-28 10:26:47
253230,A Hat in Time,positive,b,b,2018-11-28 00:01:55
253230,A Hat in Time,positive,알차고 귀엽다,알차고 귀엽다,2018-11-27 23:46:53
253230,A Hat in Time,positive,★★★★☆,★★★★☆,2018-11-27 17:38:44
253230,A Hat in Time,positive,"진짜 최고로 귀엽고 재밌다 지금 몇시간을 했는데 아직 챕터 1에서 할게 남았다,,,","진짜 최고 로 귀엽고 재밌다 지금 몇 시간 을 했는데 아직 챕 터 1 에서 할게 남았다 ,,,",2018-11-27 03:34:43
253230,A Hat in Time,positive,음.. 그냥 단순 귀여운 꼬마가 흑막인 내용? ㅋㅅㅋ [귀여움 하나면 다 아닌가요?],음 .. 그냥 단순 귀여운 꼬마 가 흑막 인 내용 ? ㅋㅅㅋ [ 귀 여 움 하나 면 다 아닌가요 ?],2018-11-27 01:20:58
253230,A Hat in Time,positive,재미있어요.,재미있어요 .,2018-11-27 00:45:36
253230,A Hat in Time,positive,재밌어요,재밌어요,2018-11-27 00:31:03
253230,A Hat in Time,positive,갓겜,갓 겜,2018-11-26 23:44:54
253230,A Hat in Time,positive,본편 분량만 놓고 보면 12시간 정도 됩니다 게임 자체도 재밌지만 배경이나 캐릭터들이 너무 귀여워서 힐링받는다는 기분이 들더군요 특히 챕터 1 초반 배경이 너무 산뜻해서 10분동안 그냥 산책만 해보기도 했습니다 게임 권태기라서 아무것도 하고 싶지 않았다가 이 게임 재밌다길래 흑우되는 셈 치고 사봤는데 너무 재밌었습니다,본 편 분량 만 놓고 보면 12시간 정도 됩니다 게임 자체 도 재밌지만 배경 이나 캐릭터 들 이 너무 귀여워서 힐링 받는다는 기분 이 들더군요 특히 챕 터 1 초반 배경 이 너무 산뜻해서 10분 동안 그냥 산책 만 해보기도 했습니다 게임 권태기 라서 아무 것 도 하고 싶지 않았다가 이 게임 재밌다길래 흑우 되는 셈 치고 사봤는데 너무 재밌었습니다,2018-11-26 23:43:26
253230,A Hat in Time,positive,커여운 모자걸이 나오는 수작 플랫포머 게임 게다가 모드지원 까지!!,커 여운 모자 걸이 나오는 수작 플랫포머 게임 게다가 모드 지원 까지 !!,2018-11-25 20:22:33
253230,A Hat in Time,positive,"하는 내내 스트레스 안 받고 행복했던 게임이 드물었는데 그 드물었던 게임 중 하나가 이 겜인듯 싶다. 정말 순수하게 재미있었고, 인디겜의 한계를 보여줬던 수작, 갓- 겜 무엇보다 햇키드가 정말 정말 정말 정말 정말! 귀여움.","하는 내내 스트레스 안 받고 행복했던 게임 이 드물었는데 그 드물었던 게임 중 하나 가 이 겜 인 듯 싶다 . 정말 순수하게 재미있었고 , 인디 겜 의 한계 를 보여줬던 수작 , 갓 - 겜 무엇 보다 햇 키드 가 정말 정말 정말 정말 정말 ! 귀 여 움 .",2018-11-25 19:05:30
253230,A Hat in Time,positive,모자걸이 너무 귀엽고 겜도 재밌다 슈퍼마리오3d랑 비슷한 게임성을 가짐 모자걸 너무 커여움 ㄹㅇ,모자 걸이 너무 귀엽고 겜 도 재밌다 슈퍼마리오 3 d 랑 비슷한 게임 성 을 가짐 모자 걸 너무 커여 움 ㄹㅇ,2018-11-25 18:41:18
253230,A Hat in Time,positive,그저 갓겜,그저 갓 겜,2018-11-25 18:38:46
253230,A Hat in Time,positive,갓겜 소문이 그냥 나온게 아님. 일부 시공의 균열하고 그 망할넘의 페스티벌 빼면 킹갓힐링겜.,갓 겜 소문 이 그냥 나온게 아님 . 일부 시공 의 균열 하고 그 망할 넘의 페스티벌 빼면 킹 갓 힐링 겜 .,2018-11-25 17:20:43
253230,A Hat in Time,positive,갓겜,갓 겜,2018-11-25 13:01:11
253230,A Hat in Time,positive,Seal The Deal DLC 데드위시 빼고 모든것이 좋은 갓겜 !!!,Seal The Deal DLC 데드 위시 빼고 모든 것 이 좋은 갓 겜 !!!,2018-11-25 13:01:02
253230,A Hat in Time,positive,좋아하는 친구에게 선물받은 '햇키드' 귀여운 모자걸의 기묘한 모험과 재미난 BGM 개성있는 캐릭터 아직 조작하는데 있어서 어려움을 느끼고는 있지만 익숙해지면 DLC도 구매해서 플레이할 예정,좋아하는 친구 에게 선물 받은 ' 햇 키드 ' 귀여운 모자 걸 의 기묘한 모험 과 재미 난 BGM 개성 있는 캐릭터 아직 조작 하는데 있어서 어려움 을 느끼고는 있지만 익숙해지면 DLC 도 구매 해서 플레이 할 예정,2018-11-25 12:29:37
253230,A Hat in Time,positive,커엽추,커엽추,2018-11-25 00:21:51
253230,A Hat in Time,positive,원래 이런형식의 게임은 좋아하지않아 거의 하지 않는데 이게임은 진짜 너무 재밌고 시간가는줄 모르고 했었다 난이도도 간단한 편이여서 나에게 정말 잘맞는 게임 인거 같다.,원래 이런 형식 의 게임 은 좋아하지 않아 거의 하지 않는데 이 게임 은 진짜 너무 재밌고 시간 가는줄 모르고 했었다 난이도 도 간단한 편이 여서 나 에게 정말 잘맞는 게임 인거 같다 .,2018-11-25 00:05:00
253230,A Hat in Time,positive,"이 겜은 걍 갓겜임니다 가격도 착하고요,이 겜은 모자를 주로 이용한 겜인것은 다들 알거예요,아리가 아는 이와 비슷한겜이있죠 바로 ""마리오 오디세이"" 뭐 저는 이겜을 까는건 아닌데 패키지 가격도 비싸고,주인공은 콧수염달린 아저씨죠,그러니 저는 그거 할빠앤 이 귀여운 소녀가 있는 ""어 헷인 타임""를 하겠어요 (이 리뷰쓰고 마리오 오디세이 바로 지름)ㅋㅋㅋ","이 겜 은 걍 갓 겜 임니다 가격 도 착하고요 , 이 겜 은 모자 를 주로 이용 한 겜 인 것 은 다 들 알거예요 , 아리 가 아는 이 와 비슷한 겜 이 있죠 바로 "" 마리오 오디세이 "" 뭐 저 는 이 겜 을 까는건 아닌데 패키지 가격 도 비싸고 , 주인공 은 콧수염 달린 아저씨 죠 , 그러니 저 는 그거 할빠앤 이 귀여운 소녀 가 있는 "" 어 헷 인 타임 "" 를 하겠어요 ( 이 리뷰 쓰고 마리오 오디세이 바로 지름 ) ㅋㅋㅋ",2018-11-24 21:38:26
253230,A Hat in Time,positive,아시발꿈,아시 발꿈,2018-11-24 21:05:09
253230,A Hat in Time,positive,힐링 그 자체,힐링 그 자체,2018-11-24 20:20:38
253230,A Hat in Time,positive,갓겜,갓 겜,2018-11-24 17:01:28
253230,A Hat in Time,positive,혹시 모자겜을 아십니까? 진짜 갓겜입니다,혹시 모자 겜 을 아십니까 ? 진짜 갓 겜 입니다,2018-11-24 14:19:17
253230,A Hat in Time,positive,JUST DO IT!,JUST DO IT !,2018-11-24 13:27:59
253230,A Hat in Time,positive,이거슨 말이 말요없는 갓ㅡ겜임이 틀림없다. 소닉같은 느낌에 조작감도 좋고 스토리나 캐릭터 디자인등 빠지는게 없다.,이거슨 말 이 말 요 없는 갓 ㅡ 겜임 이 틀림없다 . 소닉 같은 느낌 에 조작 감도 좋고 스토리 나 캐릭터 디자인 등 빠지는게 없다 .,2018-11-24 13:23:43
253230,A Hat in Time,positive,재미도 있고 무엇보다 모자걸이 귀엽다 귀여움은 진리다,재미 도 있고 무엇 보다 모자 걸이 귀엽다 귀 여 움 은 진리 다,2018-11-24 11:51:03
253230,A Hat in Time,positive,.,.,2018-11-24 03:40:44
253230,A Hat in Time,positive,푸잉,푸잉,2018-11-24 03:23:29
253230,A Hat in Time,positive,ㅇㅇㅇㅇ,ㅇㅇㅇㅇ,2018-11-24 03:09:45
253230,A Hat in Time,positive,갓겜,갓 겜,2018-11-24 02:16:06
253230,A Hat in Time,positive,"지금까지도 앞으로도 귀찮은 리뷰 안남길거같지만 이 게임은 꼭 남겨야겠다 위쳐식 답답한 조작에, RPG의 복잡한 스토리 귀찮은 퀘스트에, 다크소울식 고난이도 보스전에, 포탈의 불친절한 퍼즐에, 로그라이크의 개빡치는 리스타트에 지친 게이머들에게 진정한 안식 진정한 꿀잼을 선사해줄 단 하나의 게임. 도전과 모험도 좋지만, 게임은 일단 재밌어야 한다는 당연한 진리를 다시금 깨닫게 해준다. 그것도 도전과 모험을 통해서. 라이트하게 즐길수도 하드하게 파고들수도 있고 음악도 그래픽도 조작감도 타격감도 완벽하고 캐릭터들은 하나같이 개성적이며","지금 까지도 앞 으로도 귀찮은 리뷰 안 남길거 같지만 이 게임 은 꼭 남겨야겠다 위 쳐 식 답답한 조작 에 , RPG 의 복잡한 스토리 귀찮은 퀘스트 에 , 다크 소울 식 고 난이도 보스 전 에 , 포탈 의 불친절한 퍼즐 에 , 로그라이크 의 개 빡치는 리스 타트 에 지친 게이머 들 에게 진정한 안식 진정한 꿀잼 을 선사 해줄 단 하나 의 게임 . 도전 과 모험도 좋지만 , 게임 은 일단 재밌어야 한다는 당연한 진리 를 다시금 깨닫게 해준다 . 그것 도 도전 과 모험 을 통해 서 . 라이트 하게 즐길수도 하드 하게 파고들수도 있고 음악 도 그래픽 도 조작 감도 타 격감 도 완벽하고 캐릭터 들 은 하나같이 개성 적 이며",2018-11-24 01:42:06
253230,A Hat in Time,positive,싸돌아댕기기 좋아하면 추천,싸 돌아 댕 기기 좋아하면 추천,2018-11-24 00:22:33
253230,A Hat in Time,positive,"스토리, 게임성 모든게 완벽 합니다 좀더 어렵게 하는 데스위시 모드도 좋은 모드라 생각 합니다! (너무 어려워서 멘탈 챙기느라 힘든)","스토리 , 게임 성 모든 게 완벽 합니다 좀더 어렵게 하는 데스 위시 모드 도 좋은 모드 라 생각 합니다 ! ( 너무 어려워서 멘탈 챙기느라 힘든 )",2018-11-23 23:28:45
253230,A Hat in Time,positive,컨텐츠가 생각보다 적었지만. 그 만큼 그 컨텐츠가 재밌다. 여운이 남는게임.,컨텐츠 가 생각 보다 적었지만 . 그 만큼 그 컨텐츠 가 재밌다 . 여운 이 남는 게임 .,2018-11-23 19:37:51
253230,A Hat in Time,positive,갓겜 가성비 최고 ost최고 친구들한테 로리콘으로 오해받기최고,갓 겜 가성 비 최고 ost 최고 친구 들 한테 로리콘 으로 오해 받기 최고,2018-11-23 18:59:03
253230,A Hat in Time,positive,매우 갓겜입니다.,매우 갓 겜 입니다 .,2018-11-23 14:32:34
253230,A Hat in Time,positive,플레이타임이 3d게임 치고 짧은편이고 dlc는 평가가 좀 안좋은데 그래도 수작인 게임. 플랫포머 잘 못해서 피는 금방 금방 깎여서 맵은 모르겠는데 죽음자체엔 관대한 편이라 꽤 쉬운편. 시작은 귀여운 모자걸 보고 시작했는데 음악이랑 맵 디자인이 개인적으로 진짜 맘에들었음. 가격값 이상은 하는게임,플레이 타임 이 3 d 게임 치고 짧은 편이 고 dlc 는 평가 가 좀 안좋은데 그래도 수작 인 게임 . 플랫포머 잘 못 해서 피는 금방 금방 깎여서 맵 은 모르겠는데 죽음 자체 엔 관대한 편이 라 꽤 쉬운 편 . 시작 은 귀여운 모자 걸 보고 시작 했는데 음악 이랑 맵 디자인 이 개인 적 으로 진짜 맘 에 들었음 . 가격 값 이상은 하는 게임,2018-11-23 10:45:57
253230,A Hat in Time,positive,모자걸은 죽지 않아,모자 걸은 죽지 않아,2018-11-23 00:35:42
253230,A Hat in Time,positive,올해의 게임상을 받기에 전혀 꿀리지 않는 작품.,올해 의 게임상 을 받기에 전혀 꿀리지 않는 작품 .,2018-11-23 00:28:11
253230,A Hat in Time,positive,힐링겜,힐링 겜,2018-11-22 23:36:04
253230,A Hat in Time,positive,정 말 재 밌 읍 니 다,정 말 재 밌 읍 니 다,2018-11-22 22:21:43
253230,A Hat in Time,positive,와! 대규모 멀티플레이!!,와 ! 대규모 멀티플레이 !!,2018-11-22 21:05:39
253230,A Hat in Time,positive,재밌는데 보스전에서 버그가 걸렸다,재밌는데 보스 전 에서 버그 가 걸렸다,2018-11-22 21:01:16
253230,A Hat in Time,positive,플레이하는동안 즐거웠습니다. 잊지않을겁니다. 아 물론 본편을 말한겁니다.,플레이 하는 동안 즐거웠습니다 . 잊지 않을 겁니다 . 아 물론 본 편 을 말 한 겁니다 .,2018-11-22 20:56:12
253230,A Hat in Time,positive,전체적으로 재미있으나 불편한 시야로 인한 숨은 요소 찾기가 힘든 게임이였다,전체 적 으로 재미있으나 불편한 시야 로 인한 숨은 요소 찾기 가 힘든 게임 이 였다,2018-11-22 20:30:48
253230,A Hat in Time,positive,잼남,잼남,2018-11-22 20:22:48
253230,A Hat in Time,positive,DLC는 사지말고 모자걸만 사서 플레이 해보자,DLC 는 사지 말고 모자 걸 만 사서 플레이 해보자,2018-11-22 19:54:16
253230,A Hat in Time,positive,마리오 64를 하는느낌 그래도 쉬운편이라 꿀이다. 하하하하핫,마리오 64 를 하는 느낌 그래도 쉬운 편이 라 꿀 이다 . 하하 하하 핫,2018-11-22 19:03:41
253230,A Hat in Time,positive,베에에~~ 푸잉! 갓겜 모자걸 허쉴?,베 에 에 ~~ 푸잉 ! 갓 겜 모자 걸 허 쉴 ?,2018-11-22 17:15:57
253230,A Hat in Time,positive,재밌어보여서 구매했는데 생각보다도 재밌네요. 다음 작품도 기대됩니다!,재밌어 보 여서 구매 했는데 생각 보다도 재밌네요 . 다음 작품 도 기대 됩니다 !,2018-11-22 16:29:03
253230,A Hat in Time,positive,ㅎㅎㅎㅎ,ㅎㅎㅎㅎ,2018-11-22 16:18:09
253230,A Hat in Time,positive,아기자기하니 재미있음.,아기자기하니 재미있음 .,2018-11-22 16:08:54
253230,A Hat in Time,positive,너무 커엽자너 ㄹㅇ,너무 커엽자너 ㄹㅇ,2018-11-22 16:00:30
253230,A Hat in Time,positive,귀염귀염합니다. 그것만으로도 만족!,귀염 귀염 합니다 . 그것 만으로도 만족 !,2018-11-22 12:17:48
253230,A Hat in Time,positive,개인적으로 올해 가장 재밌게 플레이한 게임! 데스위시는 너무 어려워서 절반정도 하고 포기했지만... 정가에 구입해도 전혀 아깝지 않은 제품! 플스에서 스팀으로 넘어온후 예약구매는 절대 안하지만 차기작 나온다면 이 개발자게임은 꼭 하고싶네요! 강추!!,개인 적 으로 올해 가장 재밌게 플레이 한 게임 ! 데스 위시 는 너무 어려워서 절반 정도 하고 포기 했지만 ... 정가 에 구입 해도 전혀 아깝지 않은 제품 ! 플스 에서 스팀 으로 넘어온 후 예 약 구매 는 절대 안 하지만 차기작 나온다면 이 개발자 게임 은 꼭 하고싶네요 ! 강추 !!,2018-11-22 12:16:35
253230,A Hat in Time,positive,컨덕터는 사랑입니다.,컨덕터 는 사랑 입니다 .,2018-11-22 11:39:07
253230,A Hat in Time,positive,갓겜 그 자체임 다만 DLC 난이도가 헬인거같음,갓 겜 그 자체 임 다만 DLC 난이도 가 헬 인거 같음,2018-11-22 10:40:27
253230,A Hat in Time,positive,와! 모자걸 아시는구나! 혹시 모르는 분들을 위해 설명해 드리자면 진짜 겁나 귀.엽.습.니.다.,와 ! 모자 걸 아시는구나 ! 혹시 모르는 분 들 을 위해 설명 해 드리자면 진짜 겁나 귀 . 엽 . 습 . 니 . 다 .,2018-11-21 18:43:16
253230,A Hat in Time,positive,내 인디게임중 가장 편안하면서 재밌게한건 처음인거같다,내 인디 게임 중 가장 편안하면서 재밌게 한 건 처음 인거 같다,2018-11-18 14:23:33
253230,A Hat in Time,positive,이 게임은 인디게임이다. Gears for breakfast라는 공돌이 취향 이름의 듣보잡이 만든 인디게임이다. 그게 이 게임이 갓겜인 이유이다. OST도 잘 뽑혔고 각 스테이지마다 서로 다른 특색이 있다. 또한 캐주얼한 게임성으로 재미있게 플레이할 수 있다. 슈퍼 마리오 오디세이와 이 게이을 비교하는 사람들이 많은데 둘이 비교해 비등하면 이 게임의 실질적 압승이다. 거의 다윗과 진격의 거인의 싸움이니까. 1회차에 클리어를 목적으로 하면 갓겜이다. 즐기면서 하면 개갓겜이다. 2회차는 재미가 반감되고 지루해지지만 다시 찾아보는 게,이 게임 은 인디 게임 이다 . Gears for breakfast 라는 공 돌이 취향 이름 의 듣보잡 이 만든 인디 게임 이다 . 그게 이 게임 이 갓 겜 인 이유 이다 . OST 도 잘 뽑혔고 각 스테이지 마다 서로 다른 특색 이 있다 . 또한 캐 주얼 한 게임 성 으로 재미있게 플레이 할 수 있다 . 슈퍼 마리오 오디세이 와 이 게 이 을 비교 하는 사람 들 이 많은데 둘 이 비교 해 비등 하면 이 게임 의 실질 적 압승 이다 . 거의 다윗 과 진격 의 거인 의 싸움 이니까 . 1회 차에 클리어 를 목적 으로 하면 갓 겜 이다 . 즐기면서 하면 개 갓 겜 이다 . 2회 차는 재미 가 반감 되고 지루해지지만 다시 찾아보는 게,2018-11-15 17:25:25
253230,A Hat in Time,positive,a hat in time is great game beacuse this control is magic smooth moving like higis magic pants.,a hat in time is great game beacuse this control is magic smooth moving like higis magic pants .,2018-11-12 23:10:25
253230,A Hat in Time,positive,뿌잉,뿌잉,2018-11-11 17:48:54
253230,A Hat in Time,positive,"슈퍼마리오 64의 성공적 오마주격 게임입니다. 3D 플랫포머가 가져야 할 완벽한 모범 사례라고 할 수 있습니다. 부드러운 조작감, 아기자기하고 귀여운 캐릭터, 다양한 맵 기믹. 끝내주는 BGM. 3D 플랫포머에 관심이 있으면 무조건 사세요. 인디게임계의 슈퍼마리오 오딧세이라고 할 만 합니다.","슈퍼마리오 64 의 성공 적 오마 주격 게임 입니다 . 3 D 플랫포머 가 가져야 할 완벽한 모범 사례 라고 할 수 있습니다 . 부드러운 조작 감 , 아기자기하고 귀여운 캐릭터 , 다양한 맵 기믹 . 끝내주는 BGM . 3 D 플랫포머 에 관심 이 있으면 무조건 사세요 . 인디 게임 계 의 슈퍼마리오 오딧세이 라고 할 만 합니다 .",2018-11-11 01:25:17
253230,A Hat in Time,positive,"보석은 플레이어가 스테이지를 클리어하기 위한 아이템, 혹은 털실이나 그 외의 것들로 안내하는 듯 일렬로 늘어서 있고, 보스들 또한 플레이어가 죽으면 조금씩 난이도를 낮춰 깨기 쉽도록 배려한다. 다양한 스테이지 기믹 또한 대놓고 이걸 사용하면 이리이리 간다라고 설명해 주어서. 피지컬이나 시야가 자토이치급이 아니면 어지간하면 깰수 있다, 데스위시는 말 한적 없다. 그래서, 이 유모처럼 플레잉이어를 둥기둥기해주고 아기처럼 대하는 이 게임이 재미있냐고? 재미있냐고? 응애.","보석 은 플레이어 가 스테이지 를 클리어 하기 위 한 아이템 , 혹은 털실 이나 그 외 의 것 들 로 안내 하는 듯 일렬 로 늘어서 있고 , 보스 들 또한 플레이어 가 죽으면 조금씩 난이도 를 낮춰 깨기 쉽도록 배려 한다 . 다양한 스테이지 기믹 또한 대놓고 이 걸 사용 하면 이리 이리 간다 라고 설명 해 주어 서 . 피지 컬 이나 시야 가 자토이치 급 이 아니면 어지간하면 깰수 있다 , 데스 위시 는 말 한적 없다 . 그래서 , 이 유모 처럼 플레잉이어 를 둥기 둥기 해주고 아기 처럼 대하 는 이 게임 이 재미있냐고 ? 재미있냐고 ? 응애 .",2018-11-10 23:24:38
253230,A Hat in Time,positive,김도하는거보고 삿는데 ㄹㅇ 힐링된다...ㅠㅠㅠㅠㅠㅠㅠㅠ,김 도 하는거 보고 삿는데 ㄹㅇ 힐링 된다 ... ㅠㅠㅠㅠㅠㅠㅠㅠ,2018-11-08 19:47:04
253230,A Hat in Time,positive,모자걸은 귀엽다,모자 걸은 귀엽다,2018-11-04 20:58:13
253230,A Hat in Time,positive,닝겐적으로 너무 귀엽자너;;,닝겐 적 으로 너무 귀엽자 너 ;;,2018-11-04 18:32:57
253230,A Hat in Time,positive,빨리사라;;,빨리 사라 ;;,2018-11-03 20:24:58
253230,A Hat in Time,positive,"답 없이 난이도 올리기에 바쁜 인디 게임들 중에서 유난히 눈에 띄는 순한 맛 게임 게임의 난이도가 크게 어렵지 않고 재도전을 쉽게 해줘서 간만에 스트레스 받지 않고 즐긴 게임이었다. 또한,맵 마다 플레이 방식이나 분위기가 크게 변하는 것도 이 게임의 특징 중 하나이다. 사람 따라 다르겠지만 나에게 있어선 달라진 플레이 방식이나 연출을 통해 여러 행성을 탐험하는 즐거움을 느낄 수 있었다. 보스전 또한 지루하지 않은 정도로 도전의식을 자극하고 컨트롤이 좋지 못한 유저를 위한 배려도 있어서 좋았다. 스토리나 연출또한 요즘 게임들이 분위기","답 없이 난이도 올리기에 바쁜 인디 게임 들 중 에서 유난히 눈 에 띄는 순한 맛 게임 게임 의 난이도 가 크게 어렵지 않고 재도전을 쉽게 해줘서 간만 에 스트레스 받지 않고 즐긴 게임 이었다 . 또한 , 맵 마다 플레이 방식 이나 분위기 가 크게 변하는 것 도 이 게임 의 특징 중 하나 이다 . 사람 따라 다르겠지만 나 에게 있어선 달라진 플레이 방식 이나 연출 을 통해 여러 행성 을 탐험 하는 즐거움 을 느낄 수 있었다 . 보스 전 또한 지루하지 않은 정도 로 도전 의식 을 자극 하고 컨트롤 이 좋지 못 한 유저 를 위 한 배려 도 있어서 좋았다 . 스토리 나 연출 또한 요즘 게임 들 이 분위기",2018-11-01 18:10:21
253230,A Hat in Time,positive,"개꿀잼. 다만 저에게는 난이도가 좀 있어서(본편도), DLC는 나중에 모자걸이 그리울 때 해야겠어요 ㅋㅋ","개꿀잼 . 다만 저 에게는 난이도 가 좀 있어서 ( 본 편도 ), DLC 는 나중 에 모자 걸이 그리울 때 해야겠어요 ㅋㅋ",2018-11-01 12:17:30
253230,A Hat in Time,positive,DLC까지 살 정도는 아닌거 같다.,DLC 까지 살 정도 는 아닌거 같다 .,2018-10-31 22:32:18
253230,A Hat in Time,positive,본편은 발로해도 될 정도로 쉽고 재밌지만 DLC는 능력이 개 씹사기인 시간정지모자를 써야지 그나마 할 정도의 난이도를 보여준다.,본 편 은 발 로 해도 될 정도 로 쉽고 재밌지만 DLC 는 능력 이 개 씹 사기 인 시 간정 지 모자 를 써야지 그나마 할 정도 의 난이도 를 보여준다 .,2018-10-30 22:16:27
253230,A Hat in Time,positive,DLC X -> 귀여운 모자걸과 함께하는 힐링타임 DLC O -> 널 박살내주마,DLC X -> 귀여운 모자 걸 과 함께 하는 힐링 타임 DLC O -> 널 박살 내 주마,2018-10-30 00:27:42
253230,A Hat in Time,positive,그냥 재밌다 늦게 시작했지만 재밌다 라는 말이 나오게 된다,그냥 재밌다 늦게 시작 했지만 재밌다 라는 말 이 나오게 된다,2018-10-28 22:24:06
253230,A Hat in Time,positive,본편 쉽다. 귀엽다. 재밌다. DLC 어렵다. 귀엽다. 시발.,본 편 쉽다 . 귀엽다 . 재밌다 . DLC 어렵다 . 귀엽다 . 시발 .,2018-10-28 20:06:13
253230,A Hat in Time,positive,마피아 시티를 해보고 갓겜인걸알고 DLC를샀다,마피아 시티 를 해보고 갓 겜 인걸 알 고 DLC 를 샀다,2018-10-26 05:13:05
253230,A Hat in Time,positive,갓-겜 모자걸 허쉴?,갓 - 겜 모자 걸 허 쉴 ?,2018-10-24 23:13:08
253230,A Hat in Time,positive,괜찮은 최적화와 보기좋은 그래픽. 자유로운 게임 진행방식과 적당히 어려운 보스전. 개성넘치는 캐릭터들과 마냥 나쁘지만은 않은 적들 밝으면서도 가볍지만은 않은 스토리. 어드벤처류 게임은 초딩때 슈퍼 마리오64했던 이래로 처음인데 진짜 재밌다. 3만2천원에 사도 전혀 아깝지 않은 갓겜.,괜찮은 최적화 와 보기 좋은 그래픽 . 자유로운 게임 진행 방식 과 적당히 어려운 보스 전 . 개성 넘치는 캐릭터 들 과 마냥 나쁘지만은 않은 적 들 밝으면서도 가볍지만은 않은 스토리 . 어드벤처 류 게임 은 초딩 때 슈퍼 마리오 64 했던 이래로 처음 인데 진짜 재밌다 . 3만 2천원 에 사도 전혀 아깝지 않은 갓 겜 .,2018-10-24 22:45:02
253230,A Hat in Time,positive,요망한 꼬맹이가 모래시계를 찾아 다니는 슈퍼마리오 같은 게임임 그냥 할만함 무엇보다 캐릭터가 너무 귀여움 한글화가 X라고 표기되잇지만 한글화 되있음;;,요망 한 꼬맹이 가 모래시계 를 찾아 다니는 슈퍼마리오 같은 게임 임 그냥 할만 함 무엇 보다 캐릭터 가 너무 귀 여 움 한글화 가 X 라고 표기 되 잇지만 한글화 되있음 ;;,2018-10-22 03:50:08
253230,A Hat in Time,positive,크흑 커여워,크 흑 커여 워,2018-10-22 00:49:09
253230,A Hat in Time,positive,갓겜,갓 겜,2018-10-20 20:17:15
253230,A Hat in Time,positive,모자걸을 하신다면 여러분은 마리오 같다는 생각이 많이 들겁니다. 저도 그랬거든요. 이 게임은 이 게임만의 독특한(?) 점인 모자가 있습니다! 귀여워요! 그러니까 사세요. DLC는 일단 사세요. 좀 실망스러울 수 있는데 전 만족했씁니다. 아침 기어 믿겠습니다. 후속작 나오게 해주세요. 그리고 어워드 1등하게 해주세요,모자 걸 을 하신다면 여러분 은 마리오 같다는 생각 이 많이 들 겁니다 . 저 도 그랬거든요 . 이 게임 은 이 게임 만의 독특한 (?) 점 인 모자 가 있습니다 ! 귀여워요 ! 그러니까 사세요 . DLC 는 일단 사세요 . 좀 실망 스러울 수 있는데 전 만족했 씁니다 . 아침 기어 믿겠습니다 . 후속작 나오게 해주세요 . 그리고 어워드 1등 하게 해주세요,2018-10-20 16:15:28
253230,A Hat in Time,positive,마리오와 비슷하지만 마리오보다 거칠다. 이런저런 레벨디자인이 정돈되지 않은 탓에 길찾기가 상당히 어렵다. 길 못찾는 사람들이라면 진행하다가 아 여기가 아니네? 싶어서 헤매는 경우가 많이 생길 것. 그거 빼면 할만함 분위기도 귀엽고 발랄하고,마리오 와 비슷하지만 마리오 보다 거칠다 . 이런저런 레벨 디자인 이 정돈 되지 않은 탓 에 길찾기 가 상당히 어렵다 . 길 못 찾는 사람 들이라면 진행 하다가 아 여기 가 아니네 ? 싶어서 헤매는 경우 가 많이 생길 것 . 그거 빼면 할만 함 분위기 도 귀엽고 발랄하고,2018-10-20 13:15:50
253230,A Hat in Time,positive,가본적 없는 장소를 누비며 다양한 친구들을 만나 그들에게 도움을 얻거나 도움을 주면서 해쳐나가는 게임. 비록 아쉬운 점도 있긴 하지만 그 만한 가치를 가진 게임이라 생각한다.,가본 적 없는 장소 를 누비 며 다양한 친구 들 을 만나 그 들 에게 도움 을 얻거나 도움 을 주면서 해쳐 나가는 게임 . 비록 아쉬운 점도 있긴 하지만 그 만 한 가치 를 가진 게임 이라 생각 한다 .,2018-10-19 23:10:02
253230,A Hat in Time,positive,귀여움이 차오른다,귀 여 움 이 차오른다,2018-10-19 11:13:46
253230,A Hat in Time,positive,핵꿀잼~~~,핵꿀잼 ~~~,2018-10-18 22:20:58
253230,A Hat in Time,positive,3d 플랫포머의 교과서,3 d 플랫포머 의 교과서,2018-10-14 20:53:25
253230,A Hat in Time,positive,귀여운 마피아가 나오는 겜,귀여운 마피아 가 나오는 겜,2018-10-14 20:31:28
253230,A Hat in Time,positive,갓갓겜! 모자소녀 겁나 귀엽고 난이도 쉽습니다!DLC는 겁나 어려우니... 귀여운 춤만 보시면 됩니다!,갓 갓 겜 ! 모자 소녀 겁나 귀엽고 난이도 쉽습니다 ! DLC 는 겁나 어려우니 ... 귀여운 춤 만 보시 면 됩니다 !,2018-10-13 12:15:13
253230,A Hat in Time,positive,넘나 커여운 모자걸♥ 꼭 디엘씨까지 다 사셔서 모자걸과 때껄룩들을 함께 만나보세요!,넘나 커 여운 모자 걸 ♥ 꼭 디 엘 씨 까지 다 사셔서 모자 걸 과 때껄룩들 을 함께 만나 보세요 !,2018-10-13 00:27:03
253230,A Hat in Time,positive,모자걸 너...넘모.... 커여워!!,모자 걸 너 ... 넘 모 .... 커여 워 !!,2018-10-12 00:20:21
253230,A Hat in Time,positive,갓겜,갓 겜,2018-10-09 22:03:49
253230,A Hat in Time,positive,훠어어어어 훠어어 훠 워어 훠어어 훠어어어어어어어 빰 빰 빰,훠 어어어어 훠 어어 훠 워 어 훠 어어 훠 어 어어 어어 어어 빰 빰 빰,2018-10-09 08:49:00
253230,A Hat in Time,positive,슈퍼마리오64 극 상위호환,슈퍼마리오 64 극 상위호환,2018-10-08 21:58:56
253230,A Hat in Time,positive,"오랜만에 유튜브나 인터넷으로 먼저 조사하지않고 입소문만으로 듣고 산 게임. 스포일러 없이 게임하는것이 얼마나 중요한지 다시금 깨달았다. 아기자기한 그래픽과 유머러스한 스토리 덕에 질릴틈 없이 플레이하다 사자마자 엔딩까지 보고 난 후에 장터에서 돈을 털어서 미친듯이 배지를 만들었다. DLC는 스토리 추가같은게 아니라 안샀지만, 사지말라는 말이 더 많기에 살 계획도 없어졌다. 본편은 별 5개 갓겜이다.닌텐도로 슈퍼 마리오 64할때의 추억이 되살아나는것 같았다. 높이 평가하는 점:개성있는 캐릭터/시간 균열로 볼수있는 배경이야기/훌륭한","오랜 만 에 유튜브 나 인터넷 으로 먼저 조사 하지 않고 입 소문 만으로 듣고 산 게임 . 스포일러 없이 게임 하는것이 얼마나 중요한지 다시금 깨 달았다 . 아기자기한 그래픽 과 유머러스한 스토리 덕 에 질릴 틈 없이 플레이 하다 사 자마자 엔딩 까지 보고 난 후 에 장터 에서 돈 을 털어서 미친듯이 배지 를 만들었다 . DLC 는 스토리 추가 같은게 아니라 안 샀지만 , 사지말라는 말 이 더 많기에 살 계획 도 없어졌다 . 본 편 은 별 5 개 갓 겜 이다 . 닌텐도 로 슈퍼 마리오 64 할 때 의 추억 이 되 살아나는것 같았다 . 높이 평가 하는 점 : 개성 있는 캐릭터 / 시간 균열 로 볼수있는 배경 이야기 / 훌륭한",2018-10-06 00:45:06
253230,A Hat in Time,positive,"본편 갓겜 DLC 로 난이도만 높였어도 귀여우니 도전했을텐데, 타임어택 때문에 포기함 타임어택은 진짜 재도전할 멘탈이 안남음 귀여운 모자소녀가 아쉽지만 다음 DLC 가 나온다해도 쳐다도 안볼거같네요 본편만 즐기면 충분하다","본 편 갓 겜 DLC 로 난이도 만 높였어도 귀 여우 니 도전 했을텐데 , 타임 어택 때문 에 포기 함 타임 어택 은 진짜 재도전 할 멘탈 이 안남음 귀여운 모자 소녀 가 아쉽지만 다음 DLC 가 나온 다해 도 쳐다도 안 볼거 같네요 본 편 만 즐기면 충분하다",2018-10-03 19:04:39
253230,A Hat in Time,positive,모자 소녀의 귀여움은 차고 넘치고 중간 중간 모션이 너무나도 귀여웠다. 그거면 이 게임을 살 이유는 충분하다고 본다,모자 소녀 의 귀 여 움 은 차고 넘치고 중간 중간 모션 이 너무나도 귀여웠다 . 그거 면 이 게임 을 살 이유 는 충분하다고 본다,2018-10-02 22:26:27
253230,A Hat in Time,positive,64마리오와 비슷한 포맷의 게임인데 더 귀엽다. 브금이 중독성이 장난이 아니고 재도전에 무척이나 후한 게임이기 때문에 끈기가 없는 사람들도 재미있게 할 수 있음,64 마리오 와 비슷한 포맷 의 게임 인데 더 귀엽다 . 브금 이 중독 성 이 장난 이 아니고 재도전에 무척 이나 후 한 게임 이기 때문 에 끈기 가 없는 사람 들 도 재미있게 할 수 있음,2018-10-02 19:51:09
253230,A Hat in Time,positive,"카메라가 너무 어지럽다 특히 고정카메라가 많은데 엄청난 멀미를 불러온다 소규모 개발사인거를 감안하면 어쩔수없는 부분인듯 하지만 카메라 멀미만 극복하고 한다면 평가 그대로 압도적으로 재밌다 한가지 아쉬운거는 3,4챕터다 1,2가 너무 재밌어서 상대적으로 아쉬운듯 그리고 마지막 보스전은 드래곤볼이 된다,, 지구인들아 나에게 힘을줘 같은,, 여기선 자발적으로 주지만 좀 뜬금없다 어린이 만화틱하게 가려면 어쩔수없는 선택이였나,,","카메라 가 너무 어지럽다 특히 고정 카메라 가 많은데 엄청난 멀미 를 불러 온다 소규모 개발 사인 거 를 감안 하면 어쩔 수 없는 부분 인 듯 하지만 카메라 멀미 만 극복 하고 한다면 평가 그대로 압도 적 으로 재밌다 한가지 아쉬운거는 3 , 4 챕 터 다 1 , 2 가 너무 재밌어서 상대 적 으로 아쉬운듯 그리고 마지막 보스 전 은 드래곤볼 이 된다 ,, 지구인 들 아 나 에게 힘 을 줘 같은 ,, 여 기선 자발 적 으로 주지 만 좀 뜬금 없다 어린이 만화 틱 하게 가려면 어쩔 수 없는 선택 이 였나 ,,",2018-10-02 16:26:28
253230,A Hat in Time,positive,CUUUUUUUUUUUUUUUUUTE 사실 귀여워도 살 생각은 없었지만 이번 DLC에 춤추는 영상 보고 사기로 맘먹었다,CUUUUUUUUUUUUUUUUUTE 사실 귀여워도 살 생각 은 없었지만 이번 DLC 에 춤추는 영상 보고 사기 로 맘 먹었다,2018-10-02 15:09:05
253230,A Hat in Time,positive,가볍게 즐기기 좋은 게임,가볍게 즐기기 좋은 게임,2018-10-01 20:47:54
253230,A Hat in Time,positive,"ㄹㅇ루다가 정말 갓겜입니다. 비록전 50% 세일할때 구매했지만, 정가주고 사도 후회하지 않을만한 게임입니다. 장점 1. 주인공이 귀여움 2. 주인공 목소리가 귀여움 3. 주인공하는짓이 귀여움 4. 본편의 난이도가 높은 편이 아님(이건 장점일수도 단점일수도 있지만 필자는 적당한 난이도라 생각함) 5. 엔딩까지 10시간 정도 걸렸는데 엔딩후에도 도전과제와 모을수 있는 유물들이 있어 엔딩후에도 플레이가 가능함. 단점 1. 단점 찾기가 정말 어렵지만 굳이 말하자면 조작감이 살짝 이상한 부분이 있다. 어색하다고 해야하나.","ㄹㅇ 루다 가 정말 갓 겜 입니다 . 비록 전 50% 세 일 할 때 구매 했지만 , 정가 주고 사도 후회 하지 않을만한 게임 입니다 . 장점 1 . 주인공 이 귀 여 움 2 . 주인공 목소리 가 귀 여 움 3 . 주인공 하는 짓 이 귀 여 움 4 . 본 편의 난이도 가 높은 편이 아님 ( 이건 장점 일 수도 단점 일 수도 있지만 필자 는 적당한 난이도 라 생각 함 ) 5 . 엔딩 까지 10시간 정도 걸렸는데 엔딩 후 에도 도전 과제 와 모을수 있는 유물 들 이 있어 엔딩 후 에도 플레이 가 가능함 . 단점 1 . 단점 찾기 가 정말 어렵지만 굳이 말 하자면 조 작 감 이 살짝 이상한 부분 이 있다 . 어색하다고 해야하나 .",2018-10-01 19:10:12
253230,A Hat in Time,positive,어 햇 인타임.... 아 죄송합니다 실수로 오타가 났네요 갓 갓 갓갓갓은 ㄹㅇ 갓 작품 입니다 당장 사세요!,어 햇 인타임 .... 아 죄송합니다 실수 로 오타 가 났네요 갓 갓 갓 갓 갓 은 ㄹㅇ 갓 작품 입니다 당장 사세요 !,2018-10-01 18:56:42
253230,A Hat in Time,positive,귀여움 한개로 끝~!,귀 여 움 한개 로 끝 ~!,2018-09-30 23:11:45
253230,A Hat in Time,positive,"추신(일단 이 평가에는 dlc에 대한 내용은 뺏음, dlc에 대한 평가도 작성할 예정) 1.장점 (1).개성넘치고 정감가는 캐릭터들 (2).마찬가지로 개성넘치는 스테이지들 (3).밝고 명량한 분위기 (4).본편은 스트레스 안 받고 매우 가볍게 즐길수있음 (5).모드를 제작진들이 공식적으로 지원함 2.단점 (1).하드코어하고 깊은 게임플레이를 원한다면 실망할 확률이 높음 (2).분량이 긴 편은 아님, 내 경우엔 20시간 가량 플레이해서 본편,타임리프트 다 꺤듯 (3).꼬마 여자애가 주인공이고 코스튬도 바꿀수있고 엥? 이거 완전 씹","추신 ( 일단 이 평가 에는 dlc 에 대한 내용 은 뺏음 , dlc 에 대한 평가 도 작성 할 예정 ) 1 . 장점 ( 1 ). 개성 넘치고 정감 가는 캐릭터 들 ( 2 ). 마찬가지 로 개성 넘치는 스테이지 들 ( 3 ). 밝고 명량 한 분위기 ( 4 ). 본 편 은 스트레스 안 받고 매우 가볍게 즐길수있음 ( 5 ). 모드 를 제 작 진 들 이 공식 적 으로 지 원함 2 . 단점 ( 1 ). 하드코어 하고 깊은 게임 플레이 를 원한다면 실망할 확률 이 높음 ( 2 ). 분량 이 긴 편 은 아님 , 내 경우 엔 20시간 가량 플레이 해서 본 편 , 타임 리프트 다 꺤듯 ( 3 ). 꼬마 여자애 가 주인공 이고 코스튬 도 바꿀수있고 엥 ? 이 거 완전 씹",2018-09-30 18:55:02
253230,A Hat in Time,positive,처음 봤을 때는 딱 마리오 갤럭시 느낌이었는데 반복적인 플레이가 많았던 마리오에 비해서 다양한 레벨 디자인이 좋았음. 플레이 타임도 짧지도 길지도 않은 딱 적당한 수준 숨겨진 요소도 찾기 어렵지 않고 적당한 난이도로 되어 있어서 짜증날 일도 없음. 어떻게 보면 난이도가 쉬워서 시시한 느낌이 들기도 하는데 플레이가 반복적이지 않아 지루한 느낌은 들지 않았음. 그래픽이 좀 안 좋은게 아쉽긴 한데 크게 신경쓰일 정도는 아님. 평가가 좋은 이유가 잘 보이는 게임,처음 봤을 때 는 딱 마리오 갤럭시 느낌이었는데 반복 적 인 플레이 가 많았던 마리오 에 비 해서 다양한 레벨 디자인 이 좋았음 . 플레이 타임 도 짧지도 길지도 않은 딱 적당한 수준 숨겨진 요소 도 찾기 어렵지 않고 적당한 난이도 로 되어 있어서 짜증날 일도 없음 . 어떻게 보면 난이도 가 쉬워서 시시한 느낌 이 들 기도 하는데 플레이 가 반복 적 이지 않아 지루한 느낌 은 들지 않았음 . 그래픽 이 좀 안 좋 은 게 아쉽긴 한데 크게 신경 쓰일 정도 는 아님 . 평가 가 좋은 이유 가 잘 보이는 게임,2018-09-30 14:50:41
253230,A Hat in Time,positive,메우 재미있는 좋은 힐링 게임. 롤 하다가 입에서 정치질 나오는거 참고싶으면 하자,메우 재미있는 좋은 힐링 게임 . 롤 하다가 입 에서 정치 질 나오는거 참고싶으면 하자,2018-09-29 13:14:26
253230,A Hat in Time,positive,본편같은 경우엔 정말 아기자기하고 재미도 있고 어린이도할수 있는 정말 쉬운 난이도지만 만약 당신이 DLC를 구입하고 이 게임의 DLC를 플레이하게된다면 최악의 경우 게임의 삭제할수도 있으니 즐기고 싶다면 본편만 사고 DLC를 안사는 것을 추천한다,본 편 같은 경우 엔 정말 아기자기하고 재미 도 있고 어린이 도 할수 있는 정말 쉬운 난이도 지만 만약 당신 이 DLC 를 구입 하고 이 게임 의 DLC 를 플레이 하게 된다면 최악 의 경우 게임 의 삭제 할수도 있으니 즐기고 싶다면 본 편 만 사고 DLC 를 안 사는 것 을 추천 한다,2018-09-28 18:56:12
253230,A Hat in Time,positive,귀여움이 과하면 심장에 무리가 와요 하다가 잠시 심호흡하고 다시 함,귀 여 움 이 과 하면 심장 에 무리 가 와요 하다가 잠시 심호흡 하고 다시 함,2018-09-27 16:06:34
253230,A Hat in Time,positive,그래픽도 아기자기하고 이것저것 재밌는 요소가 많음 가끔 시점이 내가 원하는 범위까지 움직이지 않아서 답답하긴 했으나 그 외에는 불만없음,그래픽 도 아기자기하고 이 것 저 것 재밌는 요소 가 많음 가끔 시점 이 내 가 원하는 범위 까지 움직 이지 않아서 답답하긴 했으나 그 외 에는 불만 없음,2018-09-27 15:01:03
253230,A Hat in Time,positive,스팀평가 압도적으로 긍정적엔 이유가 있습니다,스팀 평가 압도 적 으로 긍정 적 엔 이유 가 있습니다,2018-09-27 01:40:26
253230,A Hat in Time,positive,하하 너무 재미있다,하하 너무 재미있다,2018-09-26 18:21:55
253230,A Hat in Time,positive,"귀여운 캐릭터에 아기자기한 스토리, 각 스테이지마다 아기자기하고 세심하게 꾸며놓았고, 플랫포머게임을 잘 못하는 유저들도 근성(오기)만 있으면 꺨 수 있도록 여러가지 세심한 배려가 존재한다. 예를 들어서 보스전에서 계속 죽게되면 어느 순간부터 패턴이 끝날 때 마다 생명 오브가 떨어지고 보스의 체력과 패턴이 조금씩 단순해 진다. 가격이 3만 2천원이라는 ""생각보다 비싼"" 게임에 속하지만 그만한 가치가 있다.","귀여운 캐릭터 에 아기자기한 스토리 , 각 스테이지 마다 아기자기하고 세심 하게 꾸며놓았고 , 플랫포머 게임 을 잘 못 하는 유저 들 도 근성 ( 오기 ) 만 있으면 꺨 수 있도록 여러가지 세심 한 배려 가 존재 한다 . 예 를 들어서 보스 전 에서 계속 죽게되 면 어느 순간 부터 패턴 이 끝날 때 마다 생명 오브 가 떨어지고 보스 의 체력 과 패턴 이 조금씩 단순해 진다 . 가격 이 3만 2천원 이라는 "" 생각 보다 비싼 "" 게임 에 속 하지만 그만한 가치 가 있다 .",2018-09-26 16:52:35
253230,A Hat in Time,positive,모자에도 박을 수 있다는걸 알려주는 게임,모자 에도 박 을 수 있다는걸 알려주는 게임,2018-09-26 04:05:22
253230,A Hat in Time,positive,"귀여워요,,,,,,,,,,,,,,, 잼잇어요,,,,,,,,,,,,,,,,,,,","귀여워요 ,,,,,,,,,,,,,,, 잼 잇어요 ,,,,,,,,,,,,,,,,,,,",2018-09-26 02:12:30
253230,A Hat in Time,positive,커엽다,커엽다,2018-09-25 14:48:56
253230,A Hat in Time,positive,"그야말로 귀여운 명작 표정과 행동 하나하나가 깜찍한 주인공을 데리고 플레이하게 됩니다 스샷 찍는것까지 기분좋고 힐링되는 작품은 난생 처음이네용 스토리 챕터도 참 유머 + 알차게 구성되어 있지만 (공포 스테이지도 있습니다) 아무 맵이나 산책하며 감정표현 -메롱, 뽀뽀쪽- 만으로도 충분히 즐길 수 있는 꿀잼겜","그야말로 귀여운 명작 표정 과 행동 하나 하나 가 깜찍한 주인공 을 데리 고 플레이 하게 됩니다 스샷 찍는것까지 기분 좋고 힐링 되는 작품 은 난생 처음 이네 용 스토리 챕 터 도 참 유머 + 알차게 구성 되어 있지만 ( 공포 스테이지 도 있습니다 ) 아무 맵 이나 산책 하며 감정 표현 - 메롱 , 뽀뽀쪽 - 만으로도 충분히 즐길 수 있는 꿀잼겜",2018-09-24 20:45:30
253230,A Hat in Time,positive,모자걸조아,모자 걸 조 아,2018-09-24 05:22:14
253230,A Hat in Time,positive,평이 좋아서 구입. 재밌는데 생각보다 어려움. 그리고 근성으로 하다가 인성 나올 거 같은 때가 종종 있으며 자기 전에 하고 잤더니 머릿속에서 계속 추락하는 이미지가 떠올라 괴로웠음. 다른 생각을 하려고 우리집 개 제리를 생각했는데 어느새 제리가 톰과 제리의 제리가 되더니 또 추락함. 다른 게임 생각하면 그 게임 캐릭터가 추락하고 있음ㅠㅠ 앞으론 자기 전에 안하려고 함.,평이 좋아서 구입 . 재밌는데 생각 보다 어려움 . 그리고 근성 으로 하다가 인성 나올 거 같은 때 가 종종 있으며 자기 전 에 하고 잤더니 머릿속 에서 계속 추락 하는 이미지 가 떠올라 괴로웠음 . 다른 생각 을 하려고 우리 집 개 제리 를 생각 했는데 어느새 제리 가 톰 과 제리 의 제리 가 되더니 또 추락 함 . 다른 게임 생각 하면 그 게임 캐릭터 가 추락 하고 있음 ㅠㅠ 앞 으론 자기 전 에 안 하려고 함 .,2018-09-23 16:47:09
253230,A Hat in Time,positive,Best game ever in my life,Best game ever in my life,2018-09-23 09:49:28
253230,A Hat in Time,positive,갓겜,갓 겜,2018-09-23 06:20:42
253230,A Hat in Time,positive,1 4 1 4 1 4 1 4 1 4 1 4 1 4,1 4 1 4 1 4 1 4 1 4 1 4 1 4,2018-09-23 02:53:39
253230,A Hat in Time,positive,모자걸 모자소녀 커여운 갓겜 햇키드 커엽 고민 하지마셈 그러니.... 사 그냥 사 그냥 사라 그냥 사셈 ㅇㅇ 생각없이 구매 해도 됨 ㅇㅇ 그러니 걍 사세요 그러니 지갑 열고 구매 ㄱㄱ,모자 걸 모자 소녀 커 여운 갓 겜 햇 키드 커엽 고민 하지마 셈 그러니 .... 사 그냥 사 그냥 사라 그냥 사셈 ㅇㅇ 생각 없이 구매 해도 됨 ㅇㅇ 그러니 걍 사세요 그러니 지갑 열고 구매 ㄱㄱ,2018-09-23 02:14:23
253230,A Hat in Time,positive,"아기자기한 캐릭터들과 학습을 유도하는 친절한 보석배치 가지각색의 퍼즐과 퍼즐을 깨고나오면 찬란한 빛을뿜는 보상, 그리고 재밌던 보스전과 다크소울을 방불케하는 미친듯한 데스위시!!!!@!@ 콜옵 빼고 전부 해본결과 단점은 저로서는 없었고 장점은 그외 전부이지만 데스위시를 한번씩 다깬 현재플탐이 46시간으로 들인 돈에 비해 즐거운 시간이 가득입니다. 이이상 뭘 더 말하겠습니까 이 게임은 갓갓갓갓갓 입니다 어서 돈을 안바치고 뭐하시는거죠? 귀여운 모자걸을 보러 가세요!","아기자기한 캐릭터 들 과 학습 을 유도 하는 친절한 보석 배치 가지각색 의 퍼즐 과 퍼즐 을 깨고 나오면 찬란한 빛을뿜는 보상 , 그리고 재밌던 보스 전과 다크 소울 을 방불 케 하 는 미친듯 한 데스 위시 !!!!@!@ 콜옵 빼고 전부 해본 결과 단점 은 저 로서 는 없었고 장점 은 그 외 전부 이지만 데스 위시 를 한번 씩 다 깬 현재 플 탐이 46시간 으로 들인 돈 에 비해 즐거운 시간 이 가득 입니다 . 이 이상 뭘 더 말 하겠습니까 이 게임 은 갓 갓 갓 갓 갓 입니다 어서 돈 을 안 바치고 뭐 하시는거죠 ? 귀여운 모자 걸 을 보러 가세 요 !",2018-09-23 00:18:42
253230,A Hat in Time,positive,"쉬우면서도 적당히 머리를 쓰는 퍼즐이고, 게임 전체 분위기가 즐겁습니다. DLC는 난이도부터 개발진 뇌뚜껑을 열어서 믹서기로 휘젓고 싶습니다.","쉬우면서도 적당히 머리 를 쓰는 퍼즐 이고 , 게임 전체 분위기 가 즐겁습니다 . DLC 는 난이도 부터 개발 진 뇌 뚜껑 을 열어서 믹서기 로 휘 젓고 싶습니다 .",2018-09-22 22:41:59
253230,A Hat in Time,positive,재미는 있는데 뭔가 하기 귀찮음 연준이가 좋아할법한 게임,재미 는 있는데 뭔가 하기 귀찮음 연 준 이 가 좋아할 법 한 게임,2018-09-22 05:51:58
253230,A Hat in Time,positive,전설은 아니고 레전드,전설 은 아니고 레전드,2018-09-21 22:42:28
253230,A Hat in Time,positive,귀엽다! 재밌다! 몰입력 있다! 갓겜의 삼박자를 갖춘 모자걸!,귀엽다 ! 재밌다 ! 몰입 력 있다 ! 갓 겜 의 삼박자 를 갖춘 모자 걸 !,2018-09-21 19:07:53
253230,A Hat in Time,positive,조금밖에 안했는데 재밌네요,조금 밖에 안 했는데 재밌네요,2018-09-20 16:41:07
253230,A Hat in Time,positive,"한줄요약:허세부리지 않고 게임 본연의 재미를 추구한 수작, 그리고 변태들을 위한 dlc 으레 요즘 나오는 허세잔뜩 부려서 게임성보다는 난해한그래픽과 스토리로 무장한 게임과는 다르게 직관적인 그래픽 매력있는캐릭터, 재미있는 게임성으로 무장한 게임이다 내가 해본 게임중에 이 게임과 가장가까운 게임은 마리오와 갱비스트다. 하지만 이 게임의 최대 단점은 dlc인데 많은 기대속에서 나온 dlc가 타임어택으로 무장한 상당한 난이도로 출시되면서 게임 본연의 재미를 모두 깍아먹었다. 취향만 맞는다면야 어려운난이도가 도전욕구를 불러이르킨다","한 줄 요약 : 허세 부리 지 않고 게임 본연 의 재미 를 추구 한 수작 , 그리고 변태 들 을 위 한 dlc 으레 요즘 나오는 허세 잔뜩 부려서 게임 성 보다는 난해한 그래픽 과 스토리 로 무장 한 게임 과는 다르게 직관 적 인 그래픽 매력 있는 캐릭터 , 재미있는 게임 성 으로 무장 한 게임 이다 내 가 해본 게임 중 에 이 게임 과 가장 가까운 게임 은 마리오 와 갱 비스트 다 . 하지만 이 게임 의 최대 단점 은 dlc 인데 많은 기 대속 에서 나온 dlc 가 타임 어택 으로 무장 한 상당한 난이도 로 출시 되면서 게임 본연 의 재미 를 모두 깍 아 먹었다 . 취향 만 맞는다면야 어려운 난이도 가 도전 욕구 를 불러 이르 킨 다",2018-09-20 00:03:28
253230,A Hat in Time,positive,"본편만 해봤는데 너무 재밌다.. 아기자기한 그래픽때문에 애들게임이라고 생각했는데 생각보다 난이도 조금 있고 게임 자체는 캐릭터가 귀여워진 마리오 하는 느낌이다. 엔딩크레딧 올라가는거 원래 스킵하는데 다보고 햇키드 자는모습까지 보고 넘겼다... 정가로 주고 사도 돈 안아까운 게임, 강력 추천함","본 편 만 해봤는데 너무 재밌다 .. 아기자기한 그래픽 때문 에 애 들 게임 이라고 생각 했는데 생각 보다 난이도 조금 있고 게임 자체 는 캐릭터 가 귀여워진 마리오 하는 느낌 이다 . 엔딩크레딧 올라가는거 원래 스킵 하는데 다 보고 햇 키드 자는 모습 까지 보고 넘겼다 ... 정가 로 주고 사도 돈 안 아까운 게임 , 강력 추천 함",2018-09-19 22:46:54
253230,A Hat in Time,positive,역시 갓겜 dlc도 갓겜,역시 갓 겜 dlc 도 갓 겜,2018-09-19 03:34:07
253230,A Hat in Time,positive,AWESOME!!!!,AWESOME !!!!,2018-09-18 19:28:52
253230,A Hat in Time,positive,갓겜 입니다 DLC가 나쁘지 본편은 착해요 다들 햇린이를 찬양합시다,갓 겜 입니다 DLC 가 나쁘지 본 편 은 착해요 다 들 햇린 이를 찬양 합시다,2018-09-18 15:06:06
253230,A Hat in Time,positive,충분히 살 가치가 있는 재밌는 갓겜 일단 캐릭터들이 상당히 매력적이다. 모자걸 커엽 특정 아이템을 찾기위해 점프하고 기어오르는 스테이지 형식의 구조인데 이게 꽤 재밌다 판정이 약간 애매해서 닿을 거 같은데 애매하게 닿지 않는 그런 구간들도 있었지만 4~5 시간 플레이하다보면 금방 익숙해짐 무엇보다 이 게임에서 가장 훌륭한 것은 '동기부여'라고 생각 보통 게임에 수집요소가 많으면 모으기 귀찮고 그냥 넘기는 경우가 많았는데 이 게임은 하나하나 다 모으게 됨 그냥 마을을 돌아다니면서 깡총깡총 뛰어다니고 아이템먹는 것만 해도 재밌다,충분히 살 가치 가 있는 재밌는 갓 겜 일단 캐릭터 들 이 상당히 매력 적 이다 . 모자 걸 커엽 특정 아이템 을 찾기 위해 점프 하고 기어오르는 스테이지 형식 의 구조 인데 이 게 꽤 재밌다 판정 이 약간 애매해서 닿을 거 같은데 애매하게 닿지 않는 그런 구간 들 도 있었지만 4~5 시간 플레이 하다 보면 금방 익숙해짐 무엇 보다 이 게임 에서 가장 훌륭한 것 은 ' 동기부여 ' 라고 생각 보통 게임 에 수집 요소 가 많으면 모으기 귀찮고 그냥 넘기는 경우 가 많았는데 이 게임 은 하나 하나 다 모으게 됨 그냥 마을 을 돌아다니면서 깡총깡총 뛰어다니고 아이템 먹는 것 만 해도 재밌다,2018-09-18 14:08:40
253230,A Hat in Time,positive,게임하는 내내 미소가 사라지지않는다 :D,게임 하는 내내 미소 가 사라지지 않는다 : D,2018-09-18 12:19:14
253230,A Hat in Time,positive,캐릭터들이 다들 매력 넘치고 사랑스러운데다 적절한 난이도 구성과 수집욕도 이 게임의 볼륨을 살려준다. 구매를 후회하지 않는 게임.,캐릭터 들 이 다 들 매력 넘치고 사랑스러운데다 적절한 난이도 구성 과 수 집욕 도 이 게임 의 볼륨 을 살려 준다 . 구매 를 후회 하지 않는 게임 .,2018-09-18 09:06:26
253230,A Hat in Time,positive,대부분 사람들이 dlc가 구리다고하지만 본편이 너무 쉬웟던 나에겐 오히려 dlc가 좀더 맘에들었다. 아쉬운건 볼륨이 너무 작다는것이다. 앞으로도 많은 dlc와 업데이트가 있었으면 좋겟다. 그리고 기본모자로 목적지를 볼때 조금 오류가 있는데 그냥 누가봐도 여길 가야하기 때문에 큰 문제는 없었다.,대부분 사람 들 이 dlc 가 구리다고 하지만 본 편이 너무 쉬웟던 나 에겐 오히려 dlc 가 좀더 맘 에 들었다 . 아쉬운건 볼륨 이 너무 작다는것이다 . 앞 으로도 많은 dlc 와 업데이트 가 있었으면 좋겟다 . 그리고 기 본 모자 로 목적지 를 볼때 조금 오류 가 있는데 그냥 누가 봐도 여길 가야 하기 때문 에 큰 문제 는 없었다 .,2018-09-18 01:25:21
253230,A Hat in Time,positive,꿀잼,꿀잼,2018-09-17 23:50:41
253230,A Hat in Time,positive,본편은 가볍게 즐길수있는 귀엽고 깜찍한 캐쥬얼 아케이드인데 DLC는 빠요엔들만 즐기게하려고 만든것인가...,본 편 은 가볍게 즐길수있는 귀엽고 깜찍한 캐 쥬얼 아케이드 인데 DLC 는 빠요엔들 만 즐기게 하려고 만든것인가 ...,2018-09-17 23:47:00
253230,A Hat in Time,positive,"우리가 잃은 게임의 즐거움을 모두 깔끔하게 모아놓았다. 감성과 단순함, 즐거움 개인적으로 복잡하고 재밌는 많은 소재의 게임들도 정말 좋아하지만 이런 게임이 있어줘야 한다고 생각한다.","우리 가 잃은 게임 의 즐거움 을 모두 깔끔하게 모아놓았다 . 감성 과 단순함 , 즐거움 개인 적 으로 복잡하고 재밌는 많은 소재 의 게임 들 도 정말 좋아하지만 이런 게임 이 있어줘야 한다고 생각 한다 .",2018-09-17 23:45:32
253230,A Hat in Time,positive,"아주 잘 만든 인디게임입니다. 제작진들이 하나하나 맵 디자인부터 캐릭터 디자인까지 고심을 많이 한 것이 느껴집니다. 주인공 소녀는 정말 귀여웠으며 악당들도 매력적이고 맵 테마에 맞게 분위기도 좋았으며 난이도 또한 어렵지 않았습니다. 훌륭한 OST에 탐색요소와 수집요소, 도전모드, 여러가지 아이템등 어느 하나 빠질것 없이 매우 재미있는 게임입니다.","아주 잘 만든 인디 게임 입니다 . 제 작 진 들 이 하나 하나 맵 디자인 부터 캐릭터 디자인 까지 고심 을 많이 한 것 이 느껴집니다 . 주인공 소녀 는 정말 귀여웠으며 악당 들 도 매력 적 이고 맵 테마 에 맞게 분위기 도 좋았으며 난이도 또한 어렵지 않았습니다 . 훌륭한 OST 에 탐색 요소 와 수집 요소 , 도전 모드 , 여러가지 아이템 등 어느 하나 빠질것 없이 매우 재미있는 게임 입니다 .",2018-09-17 18:28:53
253230,A Hat in Time,positive,나름 할만하다. 무엇을 더 바라는가? 장점 나름 화사한 그래픽? 오래 즐겨볼만한 그 애매모호한 감정 단점 추가바람 캐릭터도 보면 볼수록 적응되는지 점점 귀여워 보였고 전형적인 햎핑웬딩이지만 일상적인 개그도 존재하고 주인공이 말이 없습니다.,나름 할 만하 다 . 무엇 을 더 바라는가 ? 장점 나름 화사한 그래픽 ? 오래 즐겨 볼 만 한 그 애매모호한 감정 단점 추가 바람 캐릭터 도 보면 볼수록 적응 되는지 점점 귀여워 보였고 전형 적 인 햎핑웬딩 이지만 일상 적 인 개그 도 존재 하고 주인공 이 말 이 없습니다 .,2018-09-17 17:09:55
253230,A Hat in Time,positive,"싸랑합니다! 아, dlc는 하지마세요","싸랑 합니다 ! 아 , dlc 는 하지 마세요",2018-09-17 17:06:37
253230,A Hat in Time,positive,"더 말할것도 없네요. 정말 재밌습니다 :) "" 게임을 만드신 제작자분들께 감사를! ""","더 말 할것도 없네요 . 정말 재밌습니다 :) "" 게임 을 만드신 제작자 분들 께 감사 를 ! """,2018-09-17 02:51:17
253230,A Hat in Time,positive,"엔딩을 두번 봐도, 처음 느낀 그 전율감은 그대로다..","엔딩 을 두 번 봐도 , 처음 느낀 그 전율 감은 그대 로다 ..",2018-09-17 01:29:38
253230,A Hat in Time,positive,본편 : 슈퍼마리오 64 DLC : 다크소울 스팀 도전과제 마냥 가벼운 마음으로 플레이 하려 했는데 어느 순간부터는 닼소보다 더 많은 유다희를 영접하는 나를 보게 된다.,본 편 : 슈퍼마리오 64 DLC : 다크 소울 스팀 도전 과제 마냥 가벼운 마음 으로 플레이 하려 했는데 어느 순간 부터는 닼소 보다 더 많은 유 다희 를 영접 하는 나를 보게 된다 .,2018-09-16 23:45:44
253230,A Hat in Time,positive,본편을 재밌게 즐기신 분이시라면 DLC는 접하지 마세요. 본편과 DLC의 거리감이 상당해서 딱히 추천해드리고 싶지 않습니다. 약올리는 스내쳐새끼 모가지를 따버리고싶고 배는 거지같이 넓은데 통합 엘리베이터 하나 없단 말이야 씨바?,본 편 을 재밌게 즐기신 분이시라면 DLC 는 접 하지 마세요 . 본 편 과 DLC 의 거리 감 이 상당해서 딱히 추천 해드리고 싶지 않습니다 . 약 올리는 스내쳐 새끼 모가지 를 따 버리고싶고 배는 거지 같이 넓은데 통합 엘리베이터 하나 없단 말 이야 씨바 ?,2018-09-16 19:12:59
253230,A Hat in Time,positive,어릴때 정말 재밌게 했던 마리오 64랑 플레이 방식이 비슷해서 좋다. 갓겜의 향이 진하다.,어릴 때 정말 재밌게 했던 마리오 64 랑 플레이 방식 이 비슷해서 좋다 . 갓 겜 의 향 이 진하다 .,2018-09-16 19:07:45
253230,A Hat in Time,positive,일단 엔딩까지 본 시점에서 장점과 단점을 설명드리겠습니다. 장점: 갓한글화! 캐릭터가 귀여워....맵으로 내려올때마다 하는 그 포즈 계속 보고싶어 로컬이지만 코옵도 가능합니다 개그코드가 저랑 맞음ㅋㅋㅋㅋ 단점: 가끔식 시야가 불편할때가 있습니다. 챕터3.....부들부들...... 지금 생각나는건 이정도네요. 게임이 워낙 슈퍼마리오 오디세이 느낌이 많이 나다보니 재미는 평타쳐주는 게임입니다. 스토리도 뭐 그렇게 나쁘진 않고요. 또한,일단 엔딩 까지 본 시점 에서 장점 과 단점 을 설명 드리겠습니다 . 장점 : 갓 한글화 ! 캐릭터 가 귀여워 .... 맵 으로 내려올 때 마다 하는 그 포즈 계속 보고싶어 로컬 이지만 코옵 도 가능합니다 개그 코드 가 저 랑 맞음 ㅋㅋㅋㅋ 단점 : 가끔 식 시야 가 불편할 때 가 있습니다 . 챕 터 3 ..... 부들부들 ...... 지금 생각나는건 이 정도 네 요 . 게임 이 워낙 슈퍼마리오 오디세이 느낌 이 많이 나다 보니 재미 는 평타 쳐주는 게임 입니다 . 스토리 도 뭐 그렇게 나쁘진 않고요 . 또한,2018-09-16 16:33:48
253230,A Hat in Time,positive,본편 : 멘탈 힐링겜 DLC : 멘탈 킬링겜,본 편 : 멘탈 힐링 겜 DLC : 멘탈 킬링 겜,2018-09-16 14:30:43
253230,A Hat in Time,positive,본편은 최상급 인디게임,본 편 은 최상급 인디 게임,2018-09-16 14:07:02
253230,A Hat in Time,positive,떵-손이라 어려운 부분도 많았지만 2글자로 요약이 가능한 게임 와! 귀여운 모자걸! [h1][u][b]'갓겜!'[/b][/u][/h1],떵 - 손 이라 어려운 부분 도 많았지만 2 글자 로 요약 이 가능한 게임 와 ! 귀여운 모자 걸 ! [ h 1 ][ u ][ b ]' 갓 겜 !'[/ b ][/ u ][/ h 1 ],2018-09-16 10:08:09
253230,A Hat in Time,positive,개빡치고 개꿀잼,개 빡치고 개꿀잼,2018-09-16 09:54:58
253230,A Hat in Time,positive,챕터 시작시 마다 떨어지고 한바퀴 돌면서 씨익 웃는거 너무 귀여워서 질렀는데 다른것도 다 귀여움 귀여운거 좋아하면 진짜 개꿀잼 단점은 카메라 ㅅㅂ,챕 터 시 작시 마다 떨어지고 한 바퀴 돌면서 씨익 웃는거 너무 귀여워서 질렀는데 다른 것 도 다 귀 여 움 귀여운거 좋아하면 진짜 개꿀잼 단점 은 카메라 ㅅㅂ,2018-09-16 04:08:39
253230,A Hat in Time,positive,역대급 커여움... 주인공 >.<,역대 급 커여 움 ... 주인공 >.<,2018-09-16 01:16:53
253230,A Hat in Time,positive,이게 바로 게임이다,이 게 바로 게임 이다,2018-09-15 22:45:30
253230,A Hat in Time,positive,재밌다 이 한마디 이상으로 설명할게 뭐가 있는가,재밌다 이 한마디 이상 으로 설명 할게 뭐 가 있는가,2018-09-15 19:17:54
253230,A Hat in Time,positive,남녀노소 누구나 취향타지않고 즐길 수 있는 게임 콘솔로도 해보고 키마로도 해봤지만 둘다 조작하기 편하고 키 설정도 잘해놔서 게임패드가 없는사람들도 고민하지않고 사도 된다 게다가 2인 협동플레이기능도 지원한다 예전엔 한국어 지원 안한다 쓰여있었는데 이젠 바뀌였네 조작도 쉽고 한국어 지원하고 게다가 그냥 재밌다 언능사자,남녀 노소 누구 나 취향 타지 않고 즐길 수 있는 게임 콘솔 로 도 해보고 키 마로 도 해봤지만 둘다 조작 하기 편하고 키 설정 도 잘 해 놔서 게임패드 가 없는 사람 들 도 고민 하지 않고 사도 된다 게다가 2 인 협동 플레이 기능 도 지원 한 다 예전 엔 한국어 지원 안 한다 쓰여있었는데 이 젠 바뀌였네 조작 도 쉽고 한국어 지원 하고 게다가 그냥 재밌다 언 능사 자,2018-09-15 19:15:22
253230,A Hat in Time,positive,챕터 1 보스전에서 6번째 죽었습니다 애들용이줄 알았는데 아닌가붕가,챕 터 1 보스 전 에서 6 번째 죽었습니다 애 들 용이줄 알았는데 아닌가 붕 가,2018-09-15 18:57:46
253230,A Hat in Time,positive,커엽....메롱## :P,커엽 .... 메롱 ## : P,2018-09-15 17:55:28
253230,A Hat in Time,positive,"[h1] 크흑... 커여워... [/h1] 2.8시간밖에 안 해보았지만, 이미 갓겜임을 느끼기에는 충분했다. 여태까지 해 본 3D 플랫포머 중 가장 재미있게 한 것이 SM64인데, 그보다 더 재밌다고 느낄정도였다. 우선, 그래픽이 아기자기해서 보는 맛이 있다. 거기에 카메라 기능을 게임 안에 추가해서 원하는 필터 선택하고 사진까지 찍을 수 있다. 덕분에 약 3시간밖에 안했는데 스크린샷을 2번 찍었다. 두번째로, 타격감이 좋다(?). 적들을 우산으로 패는 맛이 일품이다. 특히 점프공격은 가히 프로토타입을 능가하는 수준의 타격감을","[ h 1 ] 크 흑 ... 커여 워 ... [/ h 1 ] 2.8시간 밖에 안 해보았지만 , 이미 갓 겜임 을 느끼 기 에는 충분했다 . 여태 까지 해 본 3 D 플랫포머 중 가장 재미있게 한 것 이 SM 64 인데 , 그 보다 더 재밌다고 느낄 정도 였다 . 우선 , 그래픽 이 아기자기해서 보는 맛 이 있다 . 거기 에 카메라 기능 을 게임 안 에 추가 해서 원하는 필터 선택 하고 사진 까지 찍 을 수 있다 . 덕분 에 약 3시간 밖에 안 했는데 스크린샷 을 2 번 찍었다 . 두번째 로 , 타 격감 이 좋다 (?). 적 들 을 우산 으로 패 는 맛 이 일품 이다 . 특히 점프 공격 은 가히 프로토타입 을 능가 하는 수준 의 타 격감 을",2018-09-15 15:04:44
253230,A Hat in Time,positive,귀엽습니다.그저귀엽습니다.그걸로된겁니다.,귀엽습니다 . 그저 귀엽습니다 . 그 걸 로 된 겁니다 .,2018-09-15 13:47:53
253230,A Hat in Time,positive,재밌다. 진짜 재밌다. 산것을 후회하지 않는다.,재밌다 . 진짜 재밌다 . 산것을 후회 하지 않는다 .,2018-09-14 10:46:45
253230,A Hat in Time,positive,왜 압도적으로 긍정적인지 플레이 해보면 알 수 있습니다 구매하면 절대 후회하지 않으실 겁니다,왜 압도 적 으로 긍정 적 인지 플레이 해보면 알 수 있습니다 구매 하면 절대 후회 하지 않으실 겁니다,2018-09-14 06:51:43
253230,A Hat in Time,positive,good game. must play.,good game . must play .,2018-09-14 02:01:56
253230,A Hat in Time,positive,Cute as Hack,Cute as Hack,2018-09-13 18:14:15
253230,A Hat in Time,positive,정말 재밌고 귀여운 3D 플렛포머 게임입니다 3D마리오같은 게임을 즐겨 하셨더라면 이 게임을 비슷하게 혹은 그 이상으로 재밌게 즐기실 수 있습니다,정말 재밌고 귀여운 3 D 플렛포머 게임 입니다 3 D 마리오 같은 게임 을 즐겨 하셨더라면 이 게임 을 비슷하게 혹은 그 이상 으로 재밌게 즐기실 수 있습니다,2018-09-13 11:07:26
253230,A Hat in Time,positive,어릴때 이웃 형 집에서 처음 했던 마리오 64가 생각도 나고 처음 샀던 콘솔게임인 슈퍼마리오선샤인이 생각나서 사봤는데 그때 그 느낌이 꽤 비슷하게 나는거 같아서 너무 좋았음. 요즘 게임치고 너무 하드하지도 않았고 뭔가 소프트하고 자유로운 느낌이었음.,어릴 때 이웃 형 집 에서 처음 했던 마리오 64 가 생각 도 나고 처음 샀던 콘솔 게임 인 슈퍼마리오 선샤인 이 생각나서 사봤는데 그때 그 느낌 이 꽤 비슷하게 나는거 같아서 너무 좋았음 . 요즘 게임 치고 너무 하드 하지도 않았고 뭔가 소프트 하고 자유로운 느낌이었음 .,2018-09-12 00:21:54
253230,A Hat in Time,positive,갓겜,갓 겜,2018-09-09 20:14:47
253230,A Hat in Time,positive,매운맛,매운 맛,2018-09-08 15:00:53
253230,A Hat in Time,positive,푸잉,푸잉,2018-09-02 23:30:48
253230,A Hat in Time,positive,지갑을 열어라 고민할 필요도없는 갓겜이다,지갑 을 열어라 고민 할 필요 도 없는 갓 겜 이다,2018-09-01 17:27:55
253230,A Hat in Time,positive,갓겜 ㄹㅇ,갓 겜 ㄹㅇ,2018-08-31 08:01:06
253230,A Hat in Time,positive,"갓갓갓ㄱ갓겜!!! 젤다의 전설 시리즈, 마리오 시리즈 좋아하시는 분은 꼭 해보시길 바랍니다. 햇키드 넘모 커여워~~~","갓 갓 갓 ㄱ 갓 겜 !!! 젤다 의 전설 시리즈 , 마리오 시리즈 좋아하시는 분 은 꼭 해보시길 바랍니다 . 햇 키드 넘 모 커여 워 ~~~",2018-08-31 00:04:35
253230,A Hat in Time,positive,스쿠터 타고 돈 먹는 재미가 있음 또로로로로롱 거리면서 다 먹기,스쿠터 타고 돈 먹는 재미 가 있음 또 로 로 로로롱 거리 면서 다 먹기,2018-08-28 21:01:24
253230,A Hat in Time,positive,"정말로 갓겜이다. 주변에 안한친구나 사람있으면 추천해보도록 하자 키보드로 하면 1번이 ""베~~~"" 하는 거니까 보스잡고나선 꼭 눌러주자","정말로 갓 겜 이다 . 주변 에 안 한 친구 나 사람 있으면 추천 해보도록 하자 키 보드 로 하면 1 번 이 "" 베 ~~~"" 하는 거 니까 보스 잡고 나선 꼭 눌러주자",2018-08-23 16:08:10
253230,A Hat in Time,positive,"처음 한 시간 했을 때 ""어우 이거 너무 귀여운 척하는데? 귀여운 척이 과도하니까 좀 부담스러운데"" 라는 생각이었는데 하다보니까 진짜 귀엽다 진짜 엄청나게 귀엽다 게임 하는 내내 귀엽다. 이 게임은 귀여운 주인공 하나만으로도 충분한 가치가 있다. 다른 부분이 부족하다는 말은 아님. 다른 부분들에서도 충분히 장점들이 넘쳐흐르는 좋은 게임이지만 그러지 않겠다. 존나 짱 귀여우니까. 스토리 전개, 각 스테이지의 특징성 뭐 하나 빠지는 것이... 아니 존나 귀여워서 다른 설명은 하기 싫다. 피와 내장을 봐야 만족하는 악마같","처음 한 시간 했을 때 "" 어우 이 거 너무 귀여운 척 하는데 ? 귀여운 척 이 과도 하니까 좀 부담스러운데 "" 라는 생각 이었는데 하다 보 니까 진짜 귀엽다 진짜 엄청나게 귀엽다 게임 하는 내내 귀엽다 . 이 게임 은 귀여운 주인공 하나 만으로도 충분한 가치 가 있다 . 다른 부분 이 부족하다는 말 은 아님 . 다른 부분 들 에서도 충분히 장점 들 이 넘쳐 흐르는 좋은 게임 이지만 그러지 않겠다 . 존나 짱 귀 여우 니까 . 스토리 전개 , 각 스테이지 의 특징 성 뭐 하나 빠지는 것 이 ... 아니 존나 귀여워서 다른 설명 은 하기 싫다 . 피 와 내장 을 봐야 만족하는 악마 같",2018-08-21 22:44:56
253230,A Hat in Time,positive,"꿀잼 평가합니다. 험블번들로 8월에 내주기 전부터 할인하면 사야겠다고 목록에 담아두었던 것을 기회가 되어 플레이를 하게 되었습니다. 사놓으면 해야하는데 새 게임에 대한 관성이 커서 안하고 있다가 주말, 자기전에 잠깐 해본다고 했다가 밤새 해버렸네요.. 온전한 한글패치(MOD제공)와 함께라면 더 재미있지만 참고하시고.. 다양한 모드는 아직 안해봤지만 도전모드 하며 지내고 있는 수준입니다.","꿀잼 평가 합니다 . 험블번들 로 8월 에 내주기 전 부터 할인 하면 사야겠다고 목록 에 담아 두었던 것 을 기회 가 되어 플레이 를 하게 되었습니다 . 사놓으면 해야하는데 새 게임 에 대한 관성 이 커서 안 하고 있다가 주말 , 자기전에 잠깐 해본다고 했다가 밤새 해 버렸네요 .. 온전 한 한글패치 ( MOD 제공 ) 와 함께라면 더 재미있지만 참고 하시고 .. 다양한 모드 는 아직 안 해봤지만 도전 모드 하며 지내고 있는 수준 입니다 .",2018-08-15 21:18:05
253230,A Hat in Time,positive,"가볍고 단순하지만 게임이 가져야할 요소들은 두루 가추고 있는 게임! 머리아픈 시스템이나 일정치 이상의 숙련된 테크닉이 없어도 게임을 하면서 크게 불편함을 느낄수 없다는 점 햇타임이 가지는 캐주얼 함은 너무나도 매력적이다. 다른 곳의 배불뚝이 배관공 아저씨보다는 귀여운 모자 소녀의 활극을 보는 것이 더 좋지 아니한가? 치열한 경쟁을 하며 살아가는 현대인들에게 귀여움으로 무장한 모자 소녀는 우리들의 메마른 감성에 한줄기 비가 되지 않을까? 붸에~~~~~ 부담없는 스토리라인, 자극 적인 요소는 적으면서도 흥미를 유발할 만한 액션성, 많이","가볍고 단순하지만 게임 이 가져 야할 요소 들 은 두루 가추 고 있는 게임 ! 머리 아픈 시스템 이나 일 정치 이상 의 숙련 된 테크닉 이 없어도 게임 을 하면서 크게 불편함을 느낄수 없다는 점 햇 타임 이 가지는 캐 주얼 함 은 너무나도 매력 적 이다 . 다른 곳 의 배불뚝이 배관 공 아저씨 보다는 귀여운 모자 소녀 의 활 극 을 보는 것 이 더 좋지 아니한 가 ? 치열한 경쟁 을 하며 살아가는 현대인 들 에게 귀 여 움 으로 무장 한 모자 소녀 는 우리 들 의 메 마른 감성 에 한 줄기 비 가 되지 않을까 ? 붸 에 ~~~~~ 부담 없는 스토리 라인 , 자극 적 인 요소 는 적으면서도 흥미 를 유발 할 만 한 액션 성 , 많이",2018-08-14 21:03:40
253230,A Hat in Time,positive,엔딩보고 아쉬운 게임은 처음이네요 추가 스테이지 DLC로 내달라아ㅏㅏㅏ,엔딩 보고 아쉬운 게임 은 처음 이네 요 추가 스테이지 DLC 로 내 달라 아 ㅏㅏㅏ,2018-08-14 12:25:16
253230,A Hat in Time,positive,"게임 완성도에 감동해서 눈물이 난 건 오랜만이네요.. 캐릭터, 그래픽, 사운드, 속도감, 조작감, 최적화, 뽑기 등등 너무 제 맘에 쏙 드는 게임이었어요!! 딸내미 딸내미 하면서 영업하고 다녔는데 왜 아무도 이 갓겜을 알아봐 주지 않는가ㅠㅠㅠ","게임 완성 도 에 감동 해서 눈물 이 난 건 오랜 만이 네 요 .. 캐릭터 , 그래픽 , 사운드 , 속 도감 , 조작 감 , 최적화 , 뽑기 등등 너무 제 맘 에 쏙 드는 게임 이었어요 !! 딸내미 딸내미 하면서 영업 하고 다녔는데 왜 아무 도 이 갓 겜 을 알아봐 주지 않는가 ㅠㅠㅠ",2018-08-12 19:33:23
253230,A Hat in Time,positive,게임다운 게임 뇌를 비워놓고 즐겁고 싶다면 현명한 선택,게임 다운 게임 뇌 를 비워놓고 즐겁고 싶다면 현명한 선택,2018-08-12 18:22:47
253230,A Hat in Time,positive,아 너무 귀엽다,아 너무 귀엽다,2018-08-10 18:22:59
253230,A Hat in Time,positive,갓겜 햇키드 너모 기여움,갓 겜 햇 키드 너 모 기여 움,2018-08-09 17:53:29
253230,A Hat in Time,positive,퍼즐+플랫포머 싫어하는데도 어느정도 플레이하게 만들어줌,퍼즐 + 플랫포머 싫어하는데도 어느 정도 플레이 하게 만들어 줌,2018-08-09 10:54:54
253230,A Hat in Time,positive,슈퍼 마리오 64 같은 플랫포머 게임과 아기자기하고 귀여운 캐릭터를 좋아하는 사람이면 좋아할 만한 게임 창작마당 지원으로 끝없는 컨텐츠를 가진것도 장점 본인이 실력이 안되면 모드에서 쉽게 할 수 있는 모드를 깔아서 하면 되니 진입장벽도 낮음 무엇보다 맵을 돌아다니는거 자체가 정말 재미있음 첨에 이겜할때 진짜 엄청 설레하면서 했습니다,슈퍼 마리오 64 같은 플랫포머 게임 과 아기자기하고 귀여운 캐릭터 를 좋아하는 사람 이면 좋아할 만 한 게임 창작 마당 지원 으로 끝없는 컨텐츠 를 가진것도 장점 본인 이 실력 이 안되면 모드 에서 쉽게 할 수 있는 모드 를 깔아서 하면 되니 진입 장벽 도 낮음 무엇 보다 맵 을 돌아다니는거 자체 가 정말 재미있음 첨 에 이 겜 할 때 진짜 엄청 설레하면서 했습니다,2018-08-08 18:19:59
253230,A Hat in Time,positive,9 / 10,9 / 10,2018-08-04 23:14:33
253230,A Hat in Time,positive,"귀여움의 끝을 보여주는(?) 퀄리티가 높고 자유도 역시 높은 갓겜 브금도, 모드도 다 좋아요 진짜 가격값합니다 할인할때 사세요 그리고 한국어도 지원되는 갓겜 (P.S. 저같이 마크만 켜도 그래픽카드가 95도까지 올라가는 사양 구식컴은 사지 마세요 ㅠㅠ 다 낮음으로 했는데도 끊기거나 잘 안됩니다! 컴 사양 보고사세요.. ㅠㅠ)","귀 여 움 의 끝 을 보여주는 (?) 퀄리티 가 높고 자유도 역시 높은 갓 겜 브금 도 , 모드 도 다 좋아요 진짜 가격 값 합니다 할인 할 때 사세요 그리고 한국어 도 지원 되는 갓 겜 ( P . S . 저 같이 마크 만 켜도 그래픽카드 가 95 도 까지 올라가는 사양 구식 컴 은 사지 마세요 ㅠㅠ 다 낮 음으로 했는데도 끊기거나 잘 안됩니다 ! 컴 사양 보고 사세요 .. ㅠㅠ )",2018-08-04 18:45:02
253230,A Hat in Time,positive,"갓겜... 난이도도 어렵지 않고, 게임하는 내내 즐거웠음.","갓 겜 ... 난이도 도 어렵지 않고 , 게임 하는 내내 즐거웠음 .",2018-08-04 09:54:27
253230,A Hat in Time,positive,갓겜 ㅅㄱ,갓 겜 ㅅㄱ,2018-08-04 02:46:39
253230,A Hat in Time,positive,커여워,커여 워,2018-08-03 17:41:42
253230,A Hat in Time,positive,모자겜 하세요,모자 겜 하세요,2018-08-03 14:02:59
253230,A Hat in Time,positive,장점:귀엽다. 단점:유치하다.,장점 : 귀엽다 . 단점 : 유치하다 .,2018-08-02 17:24:57
253230,A Hat in Time,positive,갓-겜,갓 - 겜,2018-08-02 14:40:58
253230,A Hat in Time,positive,재미있어요~ ㅎㅎ,재미있어요 ~ ㅎㅎ,2018-08-01 23:57:50
253230,A Hat in Time,positive,마딧세이 게섯거라~,마딧 세이 게섯거 라 ~,2018-08-01 23:45:14
253230,A Hat in Time,positive,아이디어 넘치는 챕터 구성과 깜찍하고 귀여운 주인공! 듣기 좋은 OST와 도전하기 딱 좋은 난이도 말이 필요없는 갓겜,아이디어 넘치는 챕 터 구성 과 깜찍하고 귀여운 주인공 ! 듣기 좋은 OST 와 도전 하기 딱 좋은 난이도 말 이 필요없는 갓 겜,2018-08-01 20:24:07
253230,A Hat in Time,positive,갓-겜,갓 - 겜,2018-08-01 19:09:39
253230,A Hat in Time,positive,빨리 사세요 킹갓겜,빨리 사세요 킹 갓 겜,2018-08-01 18:05:05
253230,A Hat in Time,positive,재밋다 모자걸 너무 귀엽다,재밋다 모자 걸 너무 귀엽다,2018-07-31 02:19:37
253230,A Hat in Time,positive,좋아요~,좋아요 ~,2018-07-30 22:15:54
253230,A Hat in Time,positive,모-우-자-걸,모 - 우 - 자 - 걸,2018-07-30 12:48:57
253230,A Hat in Time,positive,사운드트랙 사도 후회안함 ㄹㅇ루,사운드트랙 사도 후회 안함 ㄹㅇ 루,2018-07-30 08:33:53
253230,A Hat in Time,positive,모자를 바다드릴 꽈아요,모자 를 바다 드릴 꽈아 요,2018-07-29 23:44:30
253230,A Hat in Time,positive,동화 같은 게임 갓겜이다,동화 같은 게임 갓 겜 이다,2018-07-29 12:55:24
253230,A Hat in Time,positive,"이 게임을 만들게 된 동기가 플랫포머 게임에 대한 향수라고 했다. 때문에 이 게임을 해보면 마찬가지로 플랫포머 게임에 대한 향수를 느낄 수 있다. 개인적으로 삐뽀사루를 좋아했었는데 덕분에 옛날 생각도 많이 나고 게임도 재미있게 했다. 게임에 대한 평가는 그냥 압도적으로 긍정적 하나만 봐도 알 수 있고, 실제로도 인디 띵작 반열에 들었다. 커여운 그래픽, 훌륭한 음악, 적절한 조작감과 난이도, 몰입도 어느 하나 빠지는게 없다. 개인적으로 아쉬운 점은 후반부에 힘이 빠졌는지 컨텐츠가 확 줄어든다는 점이고, 카메라 워킹에서 인디 게임 티","이 게임 을 만들게 된 동기 가 플랫포머 게임 에 대한 향수 라고 했다 . 때문 에 이 게임 을 해보면 마찬가지 로 플랫포머 게임 에 대한 향수 를 느낄 수 있다 . 개인 적 으로 삐뽀사루 를 좋아했었는데 덕분 에 옛날 생각 도 많이 나고 게임 도 재미있게 했다 . 게임 에 대한 평가 는 그냥 압도 적 으로 긍정 적 하나 만 봐도 알 수 있고 , 실제 로 도 인디 띵작 반 열 에 들었다 . 커 여운 그래픽 , 훌륭한 음악 , 적절한 조 작 감 과 난이도 , 몰입도 어느 하나 빠지는게 없다 . 개인 적 으로 아쉬운 점 은 후반 부 에 힘 이 빠졌는지 컨텐츠 가 확 줄어든다는 점 이고 , 카메라 워킹 에서 인디 게임 티",2018-07-29 06:18:35
253230,A Hat in Time,positive,모우자걸,모 우 자걸,2018-07-29 06:05:46
253230,A Hat in Time,positive,갓겜.,갓 겜 .,2018-07-26 18:25:52
253230,A Hat in Time,positive,귀엽고 갓겜이니까 사셈,귀엽고 갓 겜 이니까 사셈,2018-07-26 15:22:13
253230,A Hat in Time,positive,"태어나서 해봤던 플랫포머 게임들이 난이도가 주옥같고 퍼즐이 주옥같아서 다 고인물만 하는 게임인줄로만 알았는데 이겜은 고이지 않아도 도전기회도 후하고 난이도가 그렇게까지 딥빡은 아닙니다. 단 일부 맵의 수집요소와 가끔 반투명해지지 않는 지형때문에 캐릭터가 안보여서 쳐맞거나 낙사하는 구조의 카메라 시점은 살짝빡침 이것저것 하면서 진행했는데도 생각보다 플탐이 짤막하지만 가격대비 그리고 플랫폼장르로선 다른 수집요소를 찾으러 다니는 활동덕에 1회차에서 모든걸 즐기시려는 분도, 같은 세이브파일로 2회차하면서 모든 수집요소를 모으시는 분들에게","태어나서 해봤던 플랫포머 게임 들 이 난이도 가 주옥 같고 퍼즐 이 주옥 같아서 다 고 인물 만 하는 게임 인 줄 로만 알았는데 이 겜 은 고이 지 않아도 도전 기회 도 후 하고 난이도 가 그렇게 까지 딥빡 은 아닙니다 . 단 일부 맵 의 수집 요소 와 가끔 반투명해지지 않는 지형 때문 에 캐릭터 가 안보 여서 쳐 맞거나 낙사 하는 구조 의 카메라 시점 은 살짝 빡침 이 것 저 것 하면서 진행 했는데도 생각 보다 플 탐이 짤막하지만 가격 대비 그리고 플랫폼 장르 로 선 다른 수집 요소 를 찾으러 다니는 활동 덕 에 1회 차에서 모든 걸 즐기시려는 분도 , 같은 세이브 파일 로 2회 차하면서 모든 수집 요소 를 모으시는 분 들 에게",2018-07-26 03:52:19
253230,A Hat in Time,positive,8월6일자 엔딩까지 다 봤습니다. 마리오64의 추억을 느낀 유저로썬 너무나 좋았습니다. 다만 약점이라면 게임이 너무 짧습니다. 40개까지 얼마나 해야하나 ㅜㅜ 이게임을 권하라고 하거나 권하게 되면 또다시 할겁니다. 이게임은 그러고도 남아요. ------------------------------------------------------------------------------------------------------------------------------- 이전 dlc는 아쉬웠으나 이번 dlc는 기대가 큽니다. 이번,8월 6일 자 엔딩 까지 다 봤습니다 . 마리오 64 의 추억 을 느낀 유저 로 썬 너무나 좋았습니다 . 다만 약점 이 라면 게임 이 너무 짧습니다 . 40 개 까지 얼마나 해야하나 ㅜㅜ 이 게임 을 권 하 라고 하 거나 권하게 되면 또다시 할 겁니다 . 이 게임 은 그러고도 남아 요 . ------------------------------------------------------------------------------------------------------------------------------- 이전 dlc 는 아쉬웠으나 이번 dlc 는 기대 가 큽니다 . 이번,2018-07-24 22:31:45
253230,A Hat in Time,positive,엄청나게 높은 자유도 마음대로 내가 가고싶은 데를 가고 구경하면서 게임을 하게 되어서 되게 재미있네요 :) 재미있게 게임 할깨요,엄청나게 높은 자유도 마음대로 내 가 가고싶은 데 를 가고 구경 하면서 게임 을 하게 되어서 되게 재미있네요 :) 재미있게 게임 할 깨 요,2018-07-24 21:10:51
253230,A Hat in Time,positive,햇타임 짱재밋서요 햇타임 갓겜이에요 햇키드 핵귀여워요 햇키드 박지마세요;;;,햇 타임 짱 재밋 서요 햇 타임 갓 겜 이에요 햇 키드 핵 귀여워요 햇 키드 박지마 세 요 ;;;,2018-07-22 22:27:20
253230,A Hat in Time,positive,아트는 조금 아쉽지만 나머진 훌륭하다 거리감 파악이 좀 안되는것이 단점이라면 단점,아트 는 조금 아쉽지만 나머진 훌륭하다 거리 감 파악 이 좀 안되는것이 단점 이 라면 단점,2018-07-22 20:13:27
253230,A Hat in Time,positive,험블번들 만세,험블번들 만세,2018-07-22 14:18:11
253230,A Hat in Time,positive,갓겜입니다 빨리 사세요,갓 겜 입니다 빨리 사세요,2018-07-22 02:37:19
253230,A Hat in Time,positive,"우리딸 모자찡은 귀엽꼬(ﾉ≧ڡ≦) 귀엽꼬\(꒪⌓꒪)/ 넘모귀엽읍니다 º·(˚ ˃̣̣̥⌓˂̣̣̥ )‧º 폭풍귀염 모자찡을 조종해서 모험을 할수있는 갓겜이 있다??뿌쑝빠쑝? 바로 여기! 단돈 3만2천원에 지금바로 만나보세요 (DLC 별도) 최강큐트 모자찡,공식한글화,가격혜자!! Boo-ya!!","우리 딸 모자 찡 은 귀엽꼬 ( ﾉ≧ڡ≦ ) 귀엽꼬 \( ꒪⌓꒪ )/ 넘 모 귀엽 읍니 다 º ·( ˚ ˃̣̣̥⌓˂̣̣̥ ) ‧º 폭풍 귀염 모자 찡 을 조종 해서 모험 을 할수있는 갓 겜 이 있다 ?? 뿌쑝빠쑝 ? 바로 여기 ! 단돈 3만 2천원 에 지금 바로 만나 보세요 ( DLC 별도 ) 최강 큐트 모자 찡 , 공식 한글화 , 가격 혜자 !! Boo - ya !!",2018-07-21 11:07:07
253230,A Hat in Time,positive,"모자걸 귀여운 갇껨, 패드있으면 꼭 패드로 해라","모자 걸 귀여운 갇껨 , 패드 있으면 꼭 패드 로 해 라",2018-07-19 13:13:48
253230,A Hat in Time,positive,마딧세이를 생각나게 하는 게임 디자인이지만 제작 시기를 생각하면 정말로 우연의 일치. 그만큼 상당히 잘 만들어진 3d 플랫포머 게임 각 스테이지별 연출과 음악이 상당히 잘어울린다 정말 맘에 드는는 건 나같은 손고자의 인내심을 아슬아슬하게 지켜주는 난이도가 가장큰 매력이다 사실 게임성이고 뭐고 귀욤 터지는 케릭터와 이를 받쳐주는 연출이 어썸하다,마딧세 이를 생각나게 하는 게임 디자인 이지만 제작 시기 를 생각 하면 정말로 우연 의 일치 . 그만큼 상당히 잘 만들어진 3 d 플랫포머 게임 각 스테이지 별 연출 과 음악 이 상당히 잘 어울린다 정말 맘 에 드는는 건 나 같은 손고 자 의 인내심 을 아슬아슬하게 지켜주는 난이도 가 가장 큰 매력 이다 사실 게임 성 이고 뭐 고 귀욤 터지는 케릭 터 와 이를 받쳐주는 연출 이 어썸하 다,2018-07-19 12:39:39
253230,A Hat in Time,positive,"그래요 이건 '갓-겜'입니다. 친절한 세이브포인트와 아슬아슬한 도전심 사이를 굉장히 조율을 잘해놨습니다. 플랫포머류 게임이 익숙하지 않은 사람들도 스토리만 따라간다면 재미있게 즐길 수 있고, 도전과제나 수집품을 좋아하는 유저들에게도 맵 곳곳에 즐길 거리가 많은 팔방미인 게임입니다. 게임 불감증이 심한 저한테도 어린시절로 돌아간 느낌이었습니다. 다음번에 act 6, 7이 무료 dlc로 나온다는데 기꺼이 기다릴 수 있을 것 같습니다.","그래요 이건 ' 갓 - 겜 ' 입니다 . 친절한 세이브 포인트 와 아슬아슬한 도전 심 사이 를 굉장히 조율 을 잘 해놨습니다 . 플랫포머 류 게임 이 익숙하지 않은 사람 들 도 스토리 만 따라간다면 재미있게 즐길 수 있고 , 도전 과제 나 수집 품 을 좋아하는 유저 들 에게도 맵 곳곳 에 즐길 거리 가 많은 팔방미인 게임 입니다 . 게임 불감증 이 심한 저 한 테 도 어린시절 로 돌아간 느낌이었습니다 . 다음 번 에 act 6 , 7 이 무료 dlc 로 나온다는데 기꺼이 기다릴 수 있을 것 같습니다 .",2018-07-18 21:51:16
253230,A Hat in Time,positive,모자 갓겜 당장사세요,모자 갓 겜 당장 사세요,2018-07-17 19:48:21
253230,A Hat in Time,positive,아기자기하고 재밌다. 꿀잼 보장,아기자기하고 재밌다 . 꿀잼 보장,2018-07-17 19:23:51
253230,A Hat in Time,positive,어째서 메타스코어 79점 밖에 안되는 것인가,어째서 메타 스코어 79 점 밖에 안되는 것 인가,2018-07-17 11:34:52
253230,A Hat in Time,positive,귀여운건 개추야!,귀여운건 개추 야 !,2018-07-16 16:35:18
253230,A Hat in Time,positive,갓겜,갓 겜,2018-07-16 01:07:44
253230,A Hat in Time,positive,그저 갓겜. 공식홈페이지에 월드추가랑 온라인 협동도 있던데 어서 나왔으면 좋겠네요. 기다리는 동안 음악이나 들어야지 A Hat in Time OST - 55 Your Contract Has Expired https://www.youtube.com/watch?v=IrzjCwHbwF0,그저 갓 겜 . 공식 홈페이지 에 월드 추가 랑 온라인 협동 도 있던데 어서 나왔으면 좋겠네요 . 기다리는 동안 음악 이나 들어야지 A Hat in Time OST - 55 Your Contract Has Expired https://www.youtube.com/watch?v=IrzjCwHbwF0,2018-07-15 15:50:50
253230,A Hat in Time,positive,"전체적으로 추천할만한 게임이지만 분명히 단점은 존재합니다. 첫째로 카메라 구도가 플레이어가 원하는 대로 움직이지 않는 특정 구간이 가끔씩 있어서 짜증날 수 있습니다. 제작자가 원하는 연출 혹은 의도된 동선으로 유도하기 위해 카메라 워크가 갑자기 고정되는데 이게 가끔 사람 답답하게 만듭니다. 둘째로 그래픽과 디자인입니다. 빈말로라도 좋은 그래픽이라고 하기 어렵고, 가끔씩 귀여운 햇키드에게서 시선을 떼고 주변을 둘러보면 이게 시발 어떻게 여기에 있지? 아니 시발 이게 왜 안 돼? 하는 맵 디자인과 오브젝트 배치가 있습니다. 대부분은 괜","전체 적 으로 추천 할만 한 게임 이지만 분명히 단점 은 존재 합니다 . 첫째 로 카메라 구도 가 플레이어 가 원하는 대로 움직 이지 않는 특정 구간 이 가끔 씩 있어서 짜증날 수 있습니다 . 제작자 가 원하는 연출 혹은 의도 된 동선 으로 유도 하기 위해 카메라 워 크가 갑자기 고정 되는데 이 게 가끔 사람 답답하게 만듭니 다 . 둘째 로 그래픽 과 디자인 입니다 . 빈 말로 라도 좋은 그래픽 이라고 하기 어렵고 , 가끔 씩 귀여운 햇 키드 에게서 시선 을 떼고 주변 을 둘러보면 이 게 시발 어떻게 여기 에 있지 ? 아니 시발 이 게 왜 안 돼 ? 하는 맵 디자인 과 오브젝트 배치 가 있습니다 . 대부분 은 괜",2018-07-14 15:59:01
253230,A Hat in Time,positive,게임 분위기가 왔다갔다 바뀌는 편인데 어색하지 않고 오히려 화려하고 구성이 좋다고 느껴집니다. 음악도 상황에 잘 맞고 좋고 캐릭터들도 다들 귀엽고 개성있네요. 카메라 방향이 제대로 안 따라오거나 일부 버그가 있는 편이긴 하지만 나머진 다 괜찮습니다. 약간 게임이 짧은 편이긴 한데 오히려 타이트해서 좋네요. 추천합니다.,게임 분위기 가 왔다 갔다 바뀌는 편 인데 어색하지 않고 오히려 화려하고 구성 이 좋다고 느껴집니다 . 음악 도 상황 에 잘 맞고 좋고 캐릭터 들 도 다 들 귀엽고 개성 있네요 . 카메라 방향 이 제대로 안 따라오거나 일부 버그 가 있는 편이긴 하지만 나머진 다 괜찮습니다 . 약간 게임 이 짧은 편이긴 한데 오히려 타이 트 해서 좋네요 . 추천 합니다 .,2018-07-14 12:32:40
253230,A Hat in Time,positive,"귀엽고 즐겁다. 추가 : 히든 커맨드 슬라이딩 중에 손이 땅에 닿는 순간, 앞으로 입력하면서 점프나 다시 슬라이딩 키를 누르면 이펙트가 생기면서 그냥 구를 때 보다 빠르고 조금 더 멀리 간다...(딱히 쓸모 없다.)","귀엽고 즐겁다 . 추가 : 히든 커맨드 슬라이딩 중 에 손 이 땅 에 닿는 순간 , 앞 으로 입력 하면서 점프 나 다시 슬라이딩 키 를 누르면 이펙트 가 생기면서 그냥 구를 때 보다 빠르고 조금 더 멀리 간다 ...( 딱히 쓸모 없다 .)",2018-07-13 21:41:16
253230,A Hat in Time,positive,갓-겜,갓 - 겜,2018-07-11 22:01:06
253230,A Hat in Time,positive,모자걸 너무 귀엽자너 ㅎ_ㅎ 이번 달 험블번들 지나기 전에 구입 ㄱ ㄱ,모자 걸 너무 귀엽자 너 ㅎ _ ㅎ 이번 달 험블번들 지나기 전 에 구입 ㄱ ㄱ,2018-07-11 21:07:04
253230,A Hat in Time,positive,!!!!!!!!!!!!!!,!!!!!!!!!!!!!!,2018-07-11 19:37:24
253230,A Hat in Time,positive,3d 마리오라이크 플랫폼게임. 그런데 워크샵이 열렸다(생략),3 d 마리오 라 이크 플랫폼게임 . 그런데 워크샵 이 열렸다 ( 생략 ),2018-07-11 12:32:51
253230,A Hat in Time,positive,햐 세시간만 해봤는데도 갓겜이네 ㅋㅋㅋ 3D 플랫폼 게임에 관심있으면 해보는것이 좋은 게임. 마침 험블 먼슬리로 파니까 츄라이 츄라이~,햐 세시 간만 해봤는데도 갓 겜 이네 ㅋㅋㅋ 3 D 플랫폼 게임 에 관심 있으면 해보는것이 좋은 게임 . 마침 험블 먼슬리 로 파 니까 츄 라이 츄 라이 ~,2018-07-11 07:01:06
253230,A Hat in Time,positive,미쳤다 이 겜 ㄹㅇ.....,미쳤다 이 겜 ㄹㅇ .....,2018-07-10 20:54:51
253230,A Hat in Time,positive,귀엽다귀여워귀여워귀엽다귀여워,귀엽다 귀여워 귀여워 귀엽다 귀여워,2018-07-10 20:14:28
253230,A Hat in Time,positive,난이도도 적당하고 이것저것 숨겨져있는게 많아서 수집욕구 많은 사람에게 추천 진짜 갓겜임 특히 마리오64 좋아하셨던 분이라면 바로사세요,난이도 도 적당하고 이 것 저 것 숨겨져있는게 많아서 수집 욕구 많은 사람 에게 추천 진짜 갓 겜임 특히 마리오 64 좋아하셨던 분이라면 바로 사세요,2018-07-10 02:04:52
253230,A Hat in Time,positive,진짜 갓겜입니다..,진짜 갓 겜 입니다 ..,2018-07-09 20:33:41
253230,A Hat in Time,positive,"갓겜 찾기도 쉽지 않은 와중에 찾은 보석과 도 같은겜입니다. 캐릭터도 마음에 들고 음악도 높은 퀄리티를 보입니다. 그냥 줄여서 ""갓겜"" 입니다.","갓 겜 찾기 도 쉽지 않은 와중 에 찾은 보석 과 도 같은 겜 입니다 . 캐릭터 도 마음 에 들고 음악 도 높은 퀄리티 를 보입니다 . 그냥 줄 여서 "" 갓 겜 "" 입니다 .",2018-07-09 19:45:30
253230,A Hat in Time,positive,"""모자의 시대가 오겠어요?"" ""아, 오지요. 100% 오지요. 그거는 반드시 올 수 밖에 없죠."" ""근데, 그런 시대가 오면 나는 없을 것 같아요.""",""" 모자 의 시대 가 오겠어요 ?"" "" 아 , 오지 요 . 100% 오지 요 . 그거 는 반드시 올 수 밖에 없죠 ."" "" 근데 , 그런 시대 가 오면 나 는 없을 것 같아요 .""",2018-07-08 18:19:26
253230,A Hat in Time,positive,마리오 오딧세이보다 재밌다 ㅠㅠ,마리오 오딧세이 보다 재밌다 ㅠㅠ,2018-07-08 15:38:59
253230,A Hat in Time,positive,이 게임은 귀엽고 또 귀엽고 또 귀엽습니다!,이 게임 은 귀엽고 또 귀엽고 또 귀엽습니다 !,2018-07-08 12:30:18
253230,A Hat in Time,positive,갓겜입니다 험블먼슬리에 12달러에 풀렸습니다 안지르고 뭐하세요?,갓 겜 입니다 험블먼슬리 에 12달러 에 풀렸습니다 안 지르고 뭐 하세요 ?,2018-07-08 08:49:08
253230,A Hat in Time,positive,최고의 힐링게임,최고 의 힐링 게임,2018-07-07 23:40:50
253230,A Hat in Time,positive,조카와 할려고 샀다가 저만 플레이중이네요..... 그리고 주인공이 무지 귀엽습니다..... 그외에 무슨말이 필요하겠습니까? :),조카 와 할려고 샀다가 저만 플레이 중이 네 요 ..... 그리고 주인공 이 무지 귀엽습니다 ..... 그 외 에 무슨 말 이 필요하겠습니까 ? :),2018-07-07 22:51:49
253230,A Hat in Time,positive,갓겜;;; 넘모귀엽자너,갓 겜 ;;; 넘 모 귀엽자 너,2018-07-07 21:00:45
253230,A Hat in Time,positive,갓겜 이상의 말이 필요 없다. 어어어어어 - 썸,갓 겜 이상 의 말 이 필요 없다 . 어어어어 어 - 썸,2018-07-07 10:50:51
253230,A Hat in Time,positive,두 글자로 요약해드리겠습니다. '[b]갓겜[/b]',두 글자 로 요약 해드리겠습니다 . '[ b ] 갓 겜 [/ b ]',2018-07-07 04:28:17
253230,A Hat in Time,positive,내가 길치 중에 길치라 길을 못찾고 조작감도 개인적으로 익숙하질 않아서 어렵게 느껴지긴 하지만 막상 하다보면 쉬운 것도 있었다. 특히 전투 부문에서는 치고 빠지기이기 때문에 피하는 것만 잘하면 쉽다. 그리고 주인공이 귀엽다(핵심).,내 가 길치 중 에 길치라 길 을 못 찾고 조작 감도 개인 적 으로 익숙하질 않아서 어렵게 느껴지긴 하지만 막상 하다 보면 쉬운 것 도 있었다 . 특히 전투 부문 에서는 치고 빠지기 이기 때문 에 피하 는 것 만 잘 하면 쉽다 . 그리고 주인공 이 귀엽다 ( 핵심 ).,2018-07-05 22:53:04
253230,A Hat in Time,positive,"명작.. 캐주얼하면서 난이도도 적당히 있고, 스토리도 간단하게나마 있으면서 설정도 탄탄합니다. 옛날 3D마리오 생각나게 하는 좋은 게임이었습니다.","명작 .. 캐주 얼하면서 난이도 도 적당히 있고 , 스토리 도 간단하게나마 있으면서 설정 도 탄탄합니다 . 옛날 3 D 마리오 생각나게 하는 좋은 게임 이었습니다 .",2018-07-05 19:58:00
253230,A Hat in Time,positive,이때까지 했었던 게임중에 최고라 말합니다 ㅠㅠ,이 때 까지 했었던 게임 중 에 최고 라 말 합니다 ㅠㅠ,2018-07-04 16:52:14
253230,A Hat in Time,positive,진짜 넘무넘무 귀엽고 재밌네요 ㅜㅜ 하나 아쉬운점은 챕터가 더 많았으면 좋겟어요,진짜 넘 무 넘 무 귀엽고 재밌네요 ㅜㅜ 하나 아쉬운 점 은 챕 터 가 더 많았으면 좋겟어요,2018-07-04 11:39:36
253230,A Hat in Time,positive,첨으로 리뷰 달아보네요 게임하는 내내 진텐으로 했습니다...ㅠㅠ,첨으로 리뷰 달 아 보네요 게임 하는 내내 진텐으로 했습니다 ... ㅠㅠ,2018-07-04 09:40:45
253230,A Hat in Time,positive,한번 해보면 중독성에서 헤어나지 못합니다. 너무 귀여워요.ㅜㅠ,한번 해보면 중독 성 에서 헤어 나지 못 합니다 . 너무 귀여워요 . ㅜㅠ,2018-07-03 12:52:51
253230,A Hat in Time,positive,재밌다! 귀여운거 좋아하면 진짜 대만족. 귀여움때문에 상당히 스트레스 받을 요소들이나 공포스러운 요소들도 그저 귀엽게만 보여서 참게된다.. 난이도는 점프도 상당히 길고 보석과 아이템으로 길을 다 알려주는 지라 굉장히 쉽다. 나는 이런 플랫포머 겜류가 옛날 어릴적 마리오 말고는 한 적이 없는데도 상당히 적응이 빨리되었다. 밑에 말하지만 죽으면 자신의 손이 문제일 것.. 수집요소도 이 전에 한 게임인 어썌신크리드에선 상당히 스트레스 받으면서 했는데 모자걸은 기분좋게 자발적으로 찾게 된다. 그냥 마피아 맵만 돌아다니면서 사진만 찍어도,재밌다 ! 귀여운거 좋아하면 진짜 대 만족 . 귀 여 움 때문 에 상당히 스트레스 받을 요소 들 이나 공포 스러운 요소 들 도 그저 귀엽게만 보 여서 참게 된다 .. 난이도 는 점프 도 상당히 길고 보석 과 아이템 으로 길 을 다 알려주는 지라 굉장히 쉽다 . 나 는 이런 플랫포머 겜류 가 옛날 어릴 적 마리오 말고는 한 적 이 없는데도 상당히 적응 이 빨리 되었다 . 밑 에 말 하 지만 죽으면 자신 의 손 이 문 제일 것 .. 수집 요소 도 이 전 에 한 게임 인 어썌 신 크리드 에선 상당히 스트레스 받으면서 했는데 모자 걸은 기분 좋게 자발 적 으로 찾게 된다 . 그냥 마피아 맵 만 돌아다니면서 사진 만 찍어도,2018-07-02 04:42:28
253230,A Hat in Time,positive,마치 슈퍼마리오 64를 하는 듯한 느낌이라 좋았습니다. 그리고 여윽시 귀여움은 정의다.,마치 슈퍼마리오 64 를 하는 듯 한 느낌 이라 좋았습니다 . 그리고 여윽시 귀 여 움 은 정의 다 .,2018-07-01 23:54:47
253230,A Hat in Time,positive,갓겜입니다 . 귀여우니까 갓겜입니다. 너무나도 커여운 모자걸의 커여움에 버틸수가 없습니다! 푸잉 베에에 푸잉 베에에,갓 겜 입니다 . 귀 여우 니까 갓 겜 입니다 . 너무나도 커 여운 모자 걸 의 커여 움 에 버틸수가 없습니다 ! 푸잉 베 에 에 푸잉 베 에 에,2018-07-01 00:27:45
253230,A Hat in Time,positive,"추억이 가득한 3D 플랫포머 게임입니다. 아기자기한 그래픽과 멋진 사운드트랙으로 구성되었습니다. 다양한 캐릭터들과 이야기를 진행하고, 세계의 유저들이 제작한 커스텀 맵을 탐험합니다. 모자와 배지의 조합으로 난관을 헤쳐나가요. 귀여운 모자소녀와 함께 모험을 떠나보세요.","추억 이 가득한 3 D 플랫포머 게임 입니다 . 아기자기한 그래픽 과 멋진 사운드트랙 으로 구성 되었습니다 . 다양한 캐릭터 들 과 이야기 를 진행 하고 , 세계 의 유저 들 이 제작 한 커 스텀 맵 을 탐험 합니다 . 모자 와 배지 의 조합 으로 난관 을 헤쳐나가요 . 귀여운 모자 소녀 와 함께 모험 을 떠나 보세요 .",2018-06-30 13:34:49
253230,A Hat in Time,positive,"진짜 잘 만들었음. 게임 하는 내내 재밌게 즐겼음. 그러나 솔직하게 적어보자면... 일단 게임이 잘 다듬어지지 않은 느낌이 듬. 벽이 카메라를 가린다던가... 위를 보려면 R스틱을 위로 기울이는 것이 아닌 Y를 눌러야 되던가... 특정 구간에선 시점이 고정되 버려서 약간 조작이 어색해진다든가... 거기다 나만 그런건진 모르겠는데 게임이 가끔 오류로 멈춰버리기도 했었음... 근데 게임 자체는 소소한 디테일과, 재밌는 게임플레이가 이런 단점을 죄다 커버쳐 줄 정도였고.. 플탐이 짧다고들 하지만 필자는 게임 내 사소한 디테일 하나","진짜 잘 만들었음 . 게임 하는 내내 재밌게 즐겼음 . 그러나 솔직하게 적어 보자면 ... 일단 게임 이 잘 다듬어지지 않은 느낌 이 듬 . 벽 이 카메라 를 가린다던가 ... 위 를 보려면 R 스틱 을 위로 기울이는 것 이 아닌 Y 를 눌러야 되던가 ... 특정 구간 에선 시점 이 고정 되 버려서 약간 조작 이 어색해진다 든가 ... 거기 다 나 만 그런 건진 모르겠는데 게임 이 가끔 오류로 멈춰 버리 기도 했었음 ... 근데 게임 자체 는 소소한 디테 일과 , 재밌는 게임 플레이 가 이런 단점 을 죄다 커버 쳐 줄 정도 였고 .. 플 탐이 짧다고 들 하지만 필자 는 게임 내 사소한 디테일 하나",2018-06-30 01:36:27
253230,A Hat in Time,positive,갓겜,갓 겜,2018-06-29 20:22:52
253230,A Hat in Time,positive,GOOD,GOOD,2018-06-28 04:31:10
253230,A Hat in Time,positive,"정확히는 모르겠지만 챕터3에서 유물이나 아이템 찾는 뱃지로 싹 다 뒤져봤는데 딱 하나가 안나오더라고요. 화살표 방향은 그 에피소드 4였나, 무슨 마녀의 집같은 곳으로 향해있는데 그곳에 다락방에 있는 아이템 이미 얻었는데 자꾸 그쪽으로 화살표가 뜨더라고요. 그것 빼고는 정말 오랜만에 재밌는 게임이였습니다. 젤다랑 마리오64를 엮은듯한 갓겜. 개발자의 바램대로 나중에 망가도 그려놓겠습니다.","정확히는 모르겠지만 챕 터 3 에서 유물 이나 아이템 찾는 뱃지 로 싹 다 뒤져 봤는데 딱 하나 가 안 나오더라고요 . 화살표 방향 은 그 에피소드 4 였나 , 무슨 마녀 의 집 같은 곳 으로 향 해있는데 그 곳 에 다락방 에 있는 아이템 이미 얻었는데 자꾸 그 쪽 으로 화살표 가 뜨더라고요 . 그것 빼고는 정말 오랜 만 에 재밌는 게임 이 였습니다 . 젤다 랑 마리오 64 를 엮은듯 한 갓 겜 . 개발자 의 바램 대로 나중 에 망 가도 그려놓겠습니다 .",2018-06-27 13:35:22
253230,A Hat in Time,positive,모자걸이랑 뽀뽀하고싶다,모자 걸이 랑 뽀뽀 하고싶다,2018-06-27 13:20:37
253230,A Hat in Time,positive,재미있지만 플탐이 너무 짧다.,재미있지만 플 탐이 너무 짧다 .,2018-06-26 22:35:14
253230,A Hat in Time,positive,"정말 귀엽구요. 배경음악이 듣기좋으며 전체적인 게임디자인이 깔끔하고, 조작이 쉽고 난이도도 적절해요. 흥미로운 이야기도 갖추고 있어서 재미있고요, 정말 귀엽습니다. 귀여워요.","정말 귀엽구요 . 배경음악 이 듣기 좋으며 전체 적 인 게임 디자인 이 깔끔하고 , 조작 이 쉽고 난이도 도 적절해요 . 흥미로운 이야기 도 갖추고 있어서 재미있고요 , 정말 귀엽습니다 . 귀여워요 .",2018-06-26 06:57:56
253230,A Hat in Time,positive,"종합점수 10/10 갓-겜 통칭 ‘모자겜’이라 불리는 A Hat in Time입니다. 주인공인 Hat Kid가 타고 다니는 시간 여행 우주선의 연료였던 시간 모래시계가 사고로 인해 뿔뿔이 흩어지게 되고, Hat Kid는 이 모래시계들을 모아 여러 행성들을 모험한다는 스토리입니다. 주인공 Hat Kid는 모험을 하면서 얻는 모자에 따라 모자별로 고유한 능력을 사용해서 게임을 진행합니다. 다양한 행성들로 가서 목표인 모래시계를 얻는다는 것과 3D 어드벤쳐 형식이라는 점에서 슈퍼마리오 64와 상당히 비슷합니다. 월드로 들어가면 각각 모","종합 점수 10/10 갓 - 겜 통칭 ‘ 모자 겜 ’ 이라 불리는 A Hat in Time 입니다 . 주인공 인 Hat Kid 가 타고 다니는 시간 여행 우주선 의 연료 였던 시간 모래시계 가 사고 로 인해 뿔뿔이 흩어지게 되고 , Hat Kid 는 이 모래시계 들 을 모아 여러 행성 들 을 모험 한다는 스토리 입니다 . 주인공 Hat Kid 는 모험 을 하면서 얻는 모자 에 따라 모자 별로 고유 한 능력 을 사용 해서 게임 을 진행 합니다 . 다양한 행성 들 로 가서 목표 인 모래시계 를 얻는다는 것 과 3 D 어드벤쳐 형식 이라는 점 에서 슈퍼마리오 64 와 상당히 비슷합니다 . 월드 로 들어가면 각각 모",2018-06-26 06:06:21
253230,A Hat in Time,positive,very good,very good,2018-06-26 02:04:14
253230,A Hat in Time,positive,"인생겜. 개인적으로 어크 오리진도 엄청 재밌었는데, 이게 더 재밌었음","인생 겜 . 개인 적 으로 어크 오리진 도 엄청 재밌었는데 , 이 게 더 재밌었음",2018-06-25 19:54:18
253230,A Hat in Time,positive,귀여워여,귀여워여,2018-06-24 22:39:37
253230,A Hat in Time,positive,"여러분 이거 진짜 너무 추천합니다 어 햇 인 타임 통칭 모자겜 주인공 햇 키드(hat kid)와 함께하는 요술모자 어드벤쳐 그래요 어린애 게임입니다 근데 이 게임이 무서운 게 뭔지 아세요? 어른들도 어린애로 만들어 버리는 게임입니다 디자인이 너무 귀엽습니다 악당이 협박하는 것도 어린아이 시점으로 풀어가는 이야기도 현대 들어서 시끄러워진 정치적 중립성? 비교육적 문제? 유해 요소? 그런 거 모릅니다 여기선 주인공 동료가 ""널 죽이고 으깨서 고깃덩어리로 만든 뒤 항아리에 담가 버리겠어!""라고 말하면 나중에 그 친구가 진짜 눈 달린 항아","여러분 이 거 진짜 너무 추천 합니다 어 햇 인 타임 통칭 모자 겜 주인공 햇 키드 ( hat kid ) 와 함께 하는 요술 모자 어드벤쳐 그래요 어린 애 게임 입니다 근데 이 게임 이 무서운 게 뭔 지 아세요 ? 어른 들 도 어린 애로 만들어 버리는 게임 입니다 디자인 이 너무 귀엽습니다 악당 이 협박 하는 것 도 어린아이 시점 으로 풀어가는 이야기 도 현대 들어서 시끄러워진 정치 적 중립성 ? 비교 육적 문제 ? 유해 요소 ? 그런 거 모릅니다 여 기선 주인공 동료 가 "" 널 죽 이고 으 깨서 고 깃 덩어리 로 만든 뒤 항아리 에 담가 버리겠어 !"" 라고 말 하면 나중 에 그 친구 가 진짜 눈 달린 항아",2018-06-24 20:43:26
253230,A Hat in Time,positive,화면을 빙글 빙글 돌리다보니 오랜만에 3D 멀미가 온다...,화면 을 빙글 빙글 돌리다 보니 오랜 만 에 3 D 멀미 가 온다 ...,2018-06-24 02:36:22
253230,A Hat in Time,positive,케릭터가 정말 귀엽습니다... 그리고 상점 페이지에는 한글화 미지원으로 나와있지만 인게임 옵션에는 한글이 있습니다.,케릭 터 가 정말 귀엽습니다 ... 그리고 상점 페이지 에는 한글화 미지 원 으로 나와있지만 인 게임 옵션 에는 한글 이 있습니다 .,2018-06-23 23:41:45
253230,A Hat in Time,positive,겡게임이 어렵지 않고 좋음 보스전도 생각 보다 재미 있음다만 시점 변화가 조금 않좋은 느낌 가격 만족하고 이런 류의 게임에 임문용으로 참 좋음아 그리고 캐릭터 정말 귀여움,겡게임 이 어렵지 않고 좋음 보스 전도 생각 보다 재미 있음 다만 시점 변화 가 조금 않 좋은 느낌 가격 만족하고 이런 류 의 게임 에 임문용 으로 참 좋 음 아 그리고 캐릭터 정말 귀 여 움,2018-06-23 22:07:15
253230,A Hat in Time,positive,모자 붐은 온다,모자 붐 은 온다,2018-06-23 16:06:16
253230,A Hat in Time,positive,슈퍼마리오 64를 하는 기분 잘만든 3D 플랫포머 게임,슈퍼마리오 64 를 하는 기분 잘만 든 3 D 플랫포머 게임,2018-06-23 14:14:03
253230,A Hat in Time,positive,카와이~~,카와이 ~~,2018-06-22 09:53:46
253230,A Hat in Time,positive,귀여운 소녀가 모자를 쓰고 돌아다니는 게임. 귀엽기만 하면 된 것 아닐까요??,귀여운 소녀 가 모자 를 쓰고 돌아다니는 게임 . 귀엽기만 하면 된 것 아닐까 요 ??,2018-06-21 21:52:12
253230,A Hat in Time,positive,너무 귀엽자너~!,너무 귀엽자 너 ~!,2018-06-21 10:24:26
253230,A Hat in Time,positive,"단점은 단 둘입니다. 하나는 그래픽-볼만한 수준인데 굳이 엄격하게 굴자면-, 다른 하나는 조금 짧은 분량 장점은..... 정말 신나게 늘어놓을 수 있지요. 우선 3D 플랫포머로서의 재미를 확실히 즐길 수 있습니다. 점프하고 뛰어다니면서 이곳저곳을 탐험하고 퍼즐들을 풀어가는 재미가 확실합니다. 여기에 탐험하는 '장소'를 흥미진진하게 만들 수 있는 여러 요소들을 매우 잘 만들었습니다. 각 맵과 챕터별로 다양한 테마와 할거리들이 주어지며 그 곳에 있는 캐릭터들은 각각의 매력적인 개성을 가지고 있습니다. 여기에 뒤에 깔리는 BGM은 정","단점 은 단 둘 입니다 . 하나 는 그래픽 - 볼 만 한 수준 인데 굳이 엄격하게 굴자 면 -, 다른 하나 는 조금 짧은 분량 장점 은 ..... 정말 신나게 늘어놓을 수 있지요 . 우선 3 D 플랫포머 로서 의 재미 를 확실히 즐길 수 있습니다 . 점프 하고 뛰어다니면서 이 곳 저 곳 을 탐험 하고 퍼즐 들 을 풀어가는 재미 가 확실합니다 . 여기 에 탐험 하는 ' 장소 ' 를 흥미진진 하게 만들 수 있는 여러 요소 들 을 매우 잘 만들었습니다 . 각 맵 과 챕 터 별로 다양한 테마 와 할 거리 들 이 주어지며 그 곳 에 있는 캐릭터 들 은 각각 의 매력 적 인 개성 을 가지 고 있습니다 . 여기 에 뒤 에 깔리는 BGM 은 정",2018-06-19 15:58:55
253230,A Hat in Time,positive,"귀여운 주인공과 함께 여러 곳을 탐험하는 3D 플랫포머 1번 키로 메롱하기, 4번 키로 손뽀뽀 날리기를 할 수 있습니다. 다양한 스테이지에서 각양각색 캐릭터들에게 메롱과 키스를 날려줍시다.","귀여운 주인공 과 함께 여러 곳 을 탐험 하는 3 D 플랫포머 1 번 키로 메롱 하기 , 4 번 키로 손 뽀뽀 날리 기를 할 수 있습니다 . 다양한 스테이지 에서 각양각색 캐릭터 들 에게 메롱 과 키스 를 날려 줍시다 .",2018-06-18 16:35:24
253230,A Hat in Time,positive,슈O마리오에 어드밴쳐요소 추가한듯한 느낌의 게임이네요. 그리고 캐릭터가 귀엽습니다. 캐릭터가 귀엽습니다. 캐릭터가 귀엽습니다. 아마 폰트가 있었다면 이부분 궁서체로 쓰였을겁니다. 스팀게임중 가장 만족한게임입니다. 그리고 상점페이지 사기네요 한글지원됩니다.,슈 O 마리오 에 어드밴쳐 요소 추가 한 듯 한 느낌 의 게임 이네 요 . 그리고 캐릭터 가 귀엽습니다 . 캐릭터 가 귀엽습니다 . 캐릭터 가 귀엽습니다 . 아마 폰트 가 있었다면 이 부분 궁서체 로 쓰였을 겁니다 . 스팀 게임 중 가장 만족 한게임 입니다 . 그리고 상점 페이지 사기네요 한글 지원 됩니다 .,2018-06-17 13:03:41
253230,A Hat in Time,positive,갓겜이 '갓겜'했을 뿐인 게임. 가짐어서 ^.<,갓 겜 이 ' 갓 겜 ' 했을 뿐인 게임 . 가짐어서 ^.<,2018-06-13 23:27:44
253230,A Hat in Time,positive,색다른 매력의 3D 플랫포머 게임 단순히 액션만을 강조한 것이 아니라 각양각색의 스테이지마다 신선한 느낌으로 플레이 할 수 있습니다. 서로 다른 능력의 모자를 활용하여 스테이지를 넘어가거나 적절하게 찾을 수 있는 수집요소 등 깨알같은 재미가 있습니다. 세심한 연출과 적당한 난이도의 레벨 디자인이 돋보입니다. 3D 플랫포머에 익숙치 않은 플레이어도 부담없이 게임 할 수 있습니다. 무엇보다 주인공이 너무 귀여워서 사실 그것만으로 이 게임의 존재가치는 충분합니다. 역대 최고로 사랑스러운 게임 주인공이 아닌가 싶습니다. 추천합니다!,색다른 매력 의 3 D 플랫포머 게임 단순히 액션 만을 강조 한 것 이 아니라 각양각색 의 스테이지 마다 신선한 느낌 으로 플레이 할 수 있습니다 . 서로 다른 능력 의 모자 를 활용 하여 스테이지 를 넘어가거나 적절하게 찾을 수 있는 수집 요소 등 깨알 같은 재미 가 있습니다 . 세심 한 연출 과 적당한 난이도 의 레벨 디자인 이 돋보입니다 . 3 D 플랫포머 에 익숙 치 않은 플레이어 도 부담 없이 게임 할 수 있습니다 . 무엇 보다 주인공 이 너무 귀여워서 사실 그것 만으로 이 게임 의 존재 가치 는 충분합니다 . 역대 최고 로 사랑스러운 게임 주인공 이 아닌가 싶습니다 . 추천 합니다 !,2018-06-06 22:53:04
253230,A Hat in Time,positive,3D 플랫포머를 빙자한 딸내미 사진찍어주기 게임입니다. 나중에 가면 스토리와 게임 클리어는 뒷전으로 미루고 경치 좋은곳 잡아서 Q를 연타하는 자신을 볼 수 있습니다.,3 D 플랫포머 를 빙자 한 딸내미 사진 찍어주기 게임 입니다 . 나중 에 가면 스토리 와 게임 클리어 는 뒷전 으로 미루고 경치 좋은 곳 잡아서 Q 를 연 타 하 는 자신 을 볼 수 있습니다 .,2018-06-06 01:51:38
253230,A Hat in Time,positive,모.자.걸,모 . 자 . 걸,2018-06-04 21:31:07
253230,A Hat in Time,positive,SWEET MOTHER OF MONKEY MILK GAME!!!,SWEET MOTHER OF MONKEY MILK GAME !!!,2018-06-03 02:38:09
253230,A Hat in Time,positive,전부터 찜은 해놨는데 한패가 없어서 기다리고 있었다.3월에 한글패치 나와서 해봤는데 잼씀. 라이프도 자주 나오는 편이고 보스전도 패턴만 외우면 쉽게 쉽게 진행 가능함. 근데 나처럼 3D공간능력이 부족한 사람이면 점프해서 발판밟는 부분에서 자주 떨어질 듯. 분명 발판 위에 착지할 것 같았는데 떨어짐 ^^ 화남.,전 부터 찜 은 해놨는데 한 패가 없어서 기다리고 있었다 . 3월 에 한글패치 나와서 해봤는데 잼 씀 . 라이프 도 자주 나오는 편이 고 보스 전도 패턴 만 외우면 쉽게 쉽게 진행 가능함 . 근데 나 처럼 3 D 공간 능력 이 부족한 사람 이면 점프 해서 발판 밟는 부분 에서 자주 떨어질 듯 . 분명 발판 위 에 착지 할 것 같았는데 떨어짐 ^^ 화남 .,2018-05-28 01:06:43
253230,A Hat in Time,positive,한 번쯤 해볼만한 명작 인디 플랫포머 게임,한 번 쯤 해볼만 한 명작 인디 플랫포머 게임,2018-05-27 17:16:45
253230,A Hat in Time,positive,갓겜! 귀여운 주인공과 재밌는 스토리 당장 사세요 묻지말고 사세여!,갓 겜 ! 귀여운 주인공 과 재밌는 스토리 당장 사세요 묻지말고 사세여 !,2018-05-27 04:31:24
253230,A Hat in Time,positive,"만약 이 게임을 두고 닌텐도에서 마리오의 정신적 후속작으로 만들었다고 해도 믿었을 듯. 게임의 분위기부터 레벨디자인, 볼륨까지 단 하나도 아쉬운 게 없을 정도의 깔끔한 갓겜. 스토리도 깔끔. 마리오 오딧세이 같은 경우는 좀 지루한 느낌도 있었는데, 이 게임은 단 한순간도 질리는 순간 없이 했다. 다만 문제가 있다면 시점 처리가 그리 깔끔하진 않아서 조금 멀미를 유발한다는 점... 그 외엔 어느하나 깔 게 없다. 무엇보다 주인공인 모자걸이 귀여우니까 꼭 해보길","만약 이 게임 을 두고 닌텐도 에서 마리오 의 정신 적 후속작 으로 만들었다고 해도 믿었을 듯 . 게임 의 분위기 부터 레벨 디자인 , 볼륨 까지 단 하나 도 아쉬운 게 없을 정도 의 깔끔한 갓 겜 . 스토리 도 깔 끔 . 마리오 오딧세이 같은 경우 는 좀 지루한 느낌 도 있었는데 , 이 게임 은 단 한순간 도 질리는 순간 없이 했다 . 다만 문제 가 있다면 시점 처리 가 그리 깔끔하진 않아서 조금 멀미 를 유발 한다는 점 ... 그 외 엔 어느 하나 깔 게 없다 . 무엇 보다 주인공 인 모자 걸이 귀 여우 니까 꼭 해보길",2018-05-26 21:02:27
253230,A Hat in Time,positive,ㅎ재밌음,ㅎ 재밌음,2018-05-26 10:49:05
253230,A Hat in Time,positive,슈퍼 갓겜 !!! 아기자기함을 넘어서 세련된 연출이 일품입니다.,슈퍼 갓 겜 !!! 아기자기함을 넘어서 세련된 연출 이 일품 입니다 .,2018-05-25 17:28:29
253230,A Hat in Time,positive,말이 필요없는 갓겜,말 이 필요없는 갓 겜,2018-05-25 12:11:43
253230,A Hat in Time,positive,[h1]귀여워[/h1],[ h 1 ] 귀여워 [/ h 1 ],2018-05-25 11:34:53
253230,A Hat in Time,positive,재미는 있는데 게임이 너무 쉬움,재미 는 있는데 게임 이 너무 쉬움,2018-05-22 11:10:20
253230,A Hat in Time,positive,엄청나게 귀여운 RPG게임. 배경도 아름답고 그래픽도 깔끔해서 정말 재미있게 플레이 했음 난이도가 꽤 있는편이지만 그렇다고 못해먹을 정도는 아니고 몇번 시도 하면 금방 깨는정도 HP회복아이템도 넉넉하게 준다 스토리도 이것저것 골라서 할수있어서 게임하다 질리는 요소를 잘 커버했다 그리고 이평가를 쓰면서 나는 글을 정말 못쓰는구나 생각하는중 사실 다른것보다 음악이 무진장 좋음.,엄청나게 귀여운 RPG 게임 . 배경 도 아름답고 그래픽 도 깔끔해서 정말 재미있게 플레이 했음 난이도 가 꽤 있는 편이 지만 그렇다고 못 해 먹을 정도 는 아니고 몇번 시도 하면 금방 깨는 정도 HP 회복 아이템 도 넉넉하게 준다 스토리 도 이 것 저 것 골 라서 할수있어서 게임 하다 질리는 요소 를 잘 커버 했다 그리고 이 평가 를 쓰면서 나 는 글 을 정말 못 쓰는구나 생각 하는 중 사실 다른 것 보다 음악 이 무진장 좋음 .,2018-05-22 02:57:44
253230,A Hat in Time,positive,넘나 귀여운것 진짜 재미있다.,넘나 귀여운것 진짜 재미있다 .,2018-05-20 19:34:16
253230,A Hat in Time,positive,씹띵작 레알 반박불가,씹띵작 레알 반박 불가,2018-05-19 17:43:37
253230,A Hat in Time,positive,사실 슈퍼마리오가 언럭키 햇걸인건 아닐까?,사실 슈퍼마리오 가 언럭키 햇 걸인건 아닐까 ?,2018-05-19 16:14:29
253230,A Hat in Time,positive,"3D 플랫포머, 방대한 탐험요소, 극강의 귀여움 3박자를 모두 갖춘 갓겜 그자체","3 D 플랫포머 , 방대한 탐험 요소 , 극 강의 귀 여 움 3 박자 를 모두 갖춘 갓 겜 그 자체",2018-05-17 12:49:39
253230,A Hat in Time,positive,갓-겜 모오자걸,갓 - 겜 모 오자 걸,2018-05-17 04:43:38
253230,A Hat in Time,positive,스카이라인에서 다 부숴버릴뻔했습니다 귀여우니까참는다,스카이라인 에서 다 부숴 버릴 뻔했습니다 귀 여우 니까 참는다,2018-05-16 22:03:54
253230,A Hat in Time,positive,사,사,2018-05-16 01:44:28
253230,A Hat in Time,positive,재미있긴 한데... 32000원은 너무 많소 4달라쯤 합시다.,재미있긴 한데 ... 32000원 은 너무 많소 4 달라 쯤 합시다 .,2018-05-15 20:54:36
253230,A Hat in Time,positive,"인생게임, 갓겜 플레이했던 기억 지우고 다시 플레이하고싶음","인생게임 , 갓 겜 플레이 했던 기억 지우고 다시 플레이 하고싶음",2018-05-15 01:02:31
253230,A Hat in Time,positive,놀랄 만큼 귀엽고 믿기 힘들 만큼 재미있습니다,놀랄 만큼 귀엽고 믿기 힘들 만큼 재미있습니다,2018-05-14 13:22:22
253230,A Hat in Time,positive,허미.. 갓겜.....,허 미 .. 갓 겜 .....,2018-05-13 23:24:56
253230,A Hat in Time,positive,이 게임을 플레이하고 암이 나았습니다. 하지만 슬프게도 3D멀미는 낫지 않더군요.,이 게임 을 플레이 하고 암 이 나았습니다 . 하지만 슬프게도 3 D 멀미 는 낫 지 않더군요 .,2018-05-10 02:27:02
253230,A Hat in Time,positive,불쌍한 마피아들을 우산으로 준내패고 레이저와 마법으로 날려버리세요 10/10,불쌍한 마피아 들 을 우산 으로 준 내 패 고 레이저 와 마법 으로 날려 버리세요 10/10,2018-05-09 14:14:04
253230,A Hat in Time,positive,"스팀 평가 압도적으로 긍정적에 그 까다로운 제로 펑츄에이션도 2017년 최고의 게임으로 평가하며 호평하였고 똥손인 사람마저 무난하게 플레이할 수 있는 쉬운 난이도라고 하여 주저없이 구매하고 해보았다. 인디게임이라 어쩔수 없이 약간 부족해보이는 그래픽과 조작성, 일부 시점의 불편함 정도를 제외하면 단점이 별로 없는 정말 잘 만든 게임이다. 조작성은, 3D 플랫폼 게임 경험이 처음이 아님에도 불구하고 도대체 낙점이 어딘지 감을 잡을수 없어서 개인적으로는 어려움을 겪었다. 수집요소가 여기저기 많아 챕터도 정말 충실하게 구현되어 있고 획","스팀 평가 압도 적 으로 긍정 적 에 그 까다로운 제로 펑츄 에 이 션 도 2017년 최고 의 게임 으로 평가 하며 호평 하였고 똥손 인 사람 마저 무난 하게 플레이 할 수 있는 쉬운 난이도 라고 하여 주저 없이 구매 하고 해보았다 . 인디 게임 이라 어쩔 수 없이 약간 부족해 보이는 그래픽 과 조작성 , 일부 시점 의 불편함 정도 를 제외 하면 단점 이 별로 없는 정말 잘 만든 게임 이다 . 조작성 은 , 3 D 플랫폼 게임 경험 이 처음 이 아님에도 불구 하고 도대체 낙점 이 어딘 지 감 을 잡을수 없어서 개인 적 으로는 어려움 을 겪었다 . 수집 요소 가 여기저기 많아 챕 터 도 정말 충실하게 구현 되어 있고 획",2018-05-07 21:03:04
253230,A Hat in Time,positive,오랜만에 재밌게 플레이한 게임입니다. 마치 마리오 시리즈가 약간 다른 방향으로 나아갔다면 이런 느낌이 아닐까 하는 생각이 들정도 였어요. 굉장히 직관적인데다가 npc들이 말로 설명까지 해주니 진행하다 막히는 부분이 거의 없더군요. 묘하게 이건 될것같은데 사실은 훼이크인 것도 있어 당황하긴 했지만 워낙 전체적으로 괜찮다보니 그것도 재미있게 넘어갔네요.,오랜 만 에 재밌게 플레이 한 게임 입니다 . 마치 마리오 시리즈 가 약간 다른 방향 으로 나아갔다면 이런 느낌 이 아닐까 하는 생각 이 들 정도 였어요 . 굉장히 직관 적 인데 다가 npc 들이 말로 설명 까지 해주니 진행 하다 막히는 부분 이 거의 없더군요 . 묘 하게 이건 될것 같은데 사실 은 훼이크 인 것 도 있어 당황 하긴 했지만 워낙 전체 적 으로 괜찮다 보니 그것 도 재미있게 넘어갔네요 .,2018-05-07 16:24:49
253230,A Hat in Time,positive,여기저기 싸돌아다니느라 시간가는줄 모르겠음.. 게임이 끝났을때 좀 많이 아쉬웠지만 창작마당이 그 점을 커버하는듯 합니다.,여기저기 싸 돌아다니느라 시간 가는줄 모르겠음 .. 게임 이 끝났을 때 좀 많이 아쉬웠지만 창작 마당 이 그 점 을 커버 하는듯 합니다 .,2018-05-06 23:42:55
253230,A Hat in Time,positive,?? 왜 아직도 안사심?,?? 왜 아직도 안 사심 ?,2018-05-01 15:42:32
253230,A Hat in Time,positive,캐릭터들도 하나같이 다 매력있고 귀여운데다가 인디게임 답지 않은 볼륨에 스팀 워크샵에 가보면 유저가 제작한 레벨들도 꽤 많아서 스토리를 끝내도 플레이 할 여지가 남아있는게 너무 좋네요 26일에 구매해서 3일만에 22시간 플레이 찍었는데 정말 재밌게 했네요ㅋㅋ 도전과제 올클하는데까지 20시간정도면 충분하니 한번 사서 해보세요,캐릭터 들 도 하나같이 다 매력 있고 귀여운데다가 인디 게임 답지 않은 볼륨 에 스팀 워크샵 에 가보면 유저 가 제작 한 레벨 들 도 꽤 많아서 스토리 를 끝내도 플레이 할 여지 가 남아있는게 너무 좋네요 26일 에 구매 해서 3일 만에 22시간 플레이 찍었는데 정말 재밌게 했네요 ㅋㅋ 도전 과제 올 클하는데까지 20시간 정도면 충분하니 한번 사서 해보세요,2018-04-30 19:45:03
253230,A Hat in Time,positive,3d플랫포머라 놋북에서는 확실히 버벅거림이 심했다 특히 맵이 넓어지는 챕터 3 4는.. 일단 난이도는 쉬운 편이라 크게 어려움은 없엇다만 지붕토벌하는게 어려워서 공간감각 꽤나 요구함 ㅠ 나무에서 몇 번 떨어지고 접을까 생각햇는데 고지가 얼마 안남아서 열심히 달렷음 ㅎㅅㅎ 재밋다 게임은 다만 스토리 순서대로 진행할 수 없어서 헤매기도 함 길찾기도 의외로 헷갈리구 조작감은 구린편이지만 다들 재밋게 할듯! 갓겜 인정!,3 d 플랫포머 라 놋북 에서는 확실히 버벅거림 이 심했다 특히 맵 이 넓어지는 챕 터 3 4 는 .. 일단 난이도 는 쉬운 편이 라 크게 어려움 은 없엇다 만 지붕 토벌 하는게 어려워서 공간 감각 꽤 나 요 구함 ㅠ 나무 에서 몇 번 떨어지고 접을까 생각 햇 는데 고지 가 얼마 안남아서 열심히 달렷음 ㅎㅅㅎ 재밋다 게임 은 다만 스토리 순서대로 진행 할 수 없어서 헤매기도 함 길찾기 도 의외로 헷갈리구 조작 감은 구린 편이 지만 다 들 재밋 게 할듯 ! 갓 겜 인정 !,2018-04-30 01:00:03
253230,A Hat in Time,positive,"""대작 3D 플랫포머 퍼즐 게임"" 그래픽이 유아틱해서 조금 꺼렸는데도 게임이 난이도도 적당하고 hat kid도 귀여워서 좋았습니다. 빨리 챕터 6,7이 나왔으면 좋겠다. 10/10",""" 대작 3 D 플랫포머 퍼즐 게임 "" 그래픽 이 유아 틱 해서 조금 꺼렸는데도 게임 이 난이도 도 적당하고 hat kid 도 귀여워서 좋았습니다 . 빨리 챕 터 6 , 7 이 나왔으면 좋겠다 . 10/10",2018-04-29 12:52:46
253230,A Hat in Time,positive,bbb,bbb,2018-04-29 12:36:49
253230,A Hat in Time,positive,Hat kid(주인공)가 너무 귀여워서 갓겜이다. 다음 패치가 넘모넘모 기다려진다.,Hat kid ( 주인공 ) 가 너무 귀여워서 갓 겜 이다 . 다음 패치 가 넘 모 넘 모 기다려진다 .,2018-04-29 01:56:32
253230,A Hat in Time,positive,정말 재미있어요 추천! 시간가는지 모르고 하네요,정말 재미있어요 추천 ! 시간 가는지 모르고 하네요,2018-04-28 16:24:23
253230,A Hat in Time,positive,3d플랫포머를 처음 접한 사람도 꽤 해본 사람도 즐겨볼수 있는 갓-겜,3 d 플랫포머 를 처음 접 한 사람 도 꽤 해본 사람 도 즐겨 볼수 있는 갓 - 겜,2018-04-28 09:22:55
253230,A Hat in Time,positive,이런 게임이 입소문 못 타서 알려지지 않는 게 너무 안타깝고,이런 게임 이 입 소문 못 타서 알려지지 않는 게 너무 안타깝고,2018-04-28 00:06:15
253230,A Hat in Time,positive,넘모 귀엽자너 ㅋㅋㅋ,넘 모 귀엽자 너 ㅋㅋㅋ,2018-04-27 20:25:39
253230,A Hat in Time,positive,내가 스팀하면서 도전과제 100% 클리어 하고 뱃지까지 제작한건 이 게임이 유일함,내 가 스팀 하면서 도전 과제 100% 클리어 하고 뱃지 까지 제 작 한 건 이 게임 이 유일함,2018-04-27 00:01:30
253230,A Hat in Time,positive,캐릭터도 아기자기하고 그래픽도 깔끔하고 완전 취향에 딱 맞는 게임이네요 게다가 한글 미지원으로 되어있길래 아무 생각없었는데 설정 만지다보니 한국어로 변경도 가능하네요ㅋㅋㅋㅋㅋㅋ,캐릭터 도 아기자기하고 그래픽 도 깔끔하고 완전 취향 에 딱 맞는 게임 이네 요 게다가 한글 미지 원 으로 되어있길래 아무 생각 없었는데 설정 만지다 보니 한국어 로 변경 도 가능하네요 ㅋㅋㅋㅋㅋㅋ,2018-04-26 22:02:12
253230,A Hat in Time,positive,최고의 디지털 사진사 게임 분명히 3만원 가치를 하니까 사는거 추천,최고 의 디지털 사진사 게임 분명히 3만원 가치 를 하니까 사는거 추천,2018-04-23 14:45:52
253230,A Hat in Time,positive,스토리와 내가 할것이 명확한 심플한 게임,스토리 와 내 가 할것이 명확한 심플 한 게임,2018-04-15 04:35:31
253230,A Hat in Time,positive,"스위치는 있지만 마리오를 안사서 비스무리한 겜 찾아보니 이겜이 있는거임 그래서 하는 중인데 너무 띵갓작인거임.스토리도 좀 뭔가 유치한것 같지만 뭔가 재미있음. 이겜이 빨리 유명세를 타서 유명해졌음 좋겠음 근데 유명세를 타면 ""그들""과 옄이거나아니면 망할놈의 소아성애자들이 야짤경재를 한다던가 아님 복돌이가 나온다던가. 뭐 쨋든 일단 게임은 재밌음","스위치 는 있지만 마리오 를 안 사서 비 스무 리 한 겜 찾아보니 이 겜 이 있는거 임 그래서 하는 중 인데 너무 띵 갓 작 인거 임 . 스토리 도 좀 뭔가 유치한것 같지만 뭔가 재미있음 . 이 겜 이 빨리 유명 세 를 타서 유명해졌음 좋겠음 근데 유명 세 를 타면 "" 그 들 "" 과 옄 이 거나 아니면 망할 놈 의 소아성애 자 들이 야 짤 경 재 를 한다던가 아님 복돌이 가 나온다던가 . 뭐 쨋 든 일단 게임 은 재밌음",2018-04-14 15:05:17
253230,A Hat in Time,positive,모자겜 개추!!,모자 겜 개추 !!,2018-04-06 23:08:52
253230,A Hat in Time,positive,"처음에는 친구의 플레이를 지켜보다가 친구가 나중에 한 번 해보라고 추천해줘서 시작했었는데 직접 플레이를 해보니 유물 모으기, 모험 등(특히 모자 수집+코디) 여러 가지 면에서 생각 외로 재밌게 즐기면서 할 컨텐츠가 많았다. 3D 조작 게임답게 보스전은 처음 나에겐 좀 어려웠지만 조금씩 적응해나가니 후반부 보스들은 그리 어렵지는 않았고 오히려 보스와 대결하는 손맛(?)을 느꼈다. 마지막 모래시계를 모을 때까지 구매 비용이 전혀 아깝지 않을 정도로 지루함 없이 재밌게 달려왔고 나 또한 다른 사람들에게도 한 번 해보라고 권유하고 싶","처음 에는 친구 의 플레이 를 지켜보다가 친구 가 나중 에 한 번 해보라고 추천 해줘서 시작 했었는데 직접 플레이 를 해보니 유물 모으기 , 모험 등 ( 특히 모자 수집 + 코디 ) 여러 가지 면 에서 생각 외로 재밌게 즐기면서 할 컨텐츠 가 많았다 . 3 D 조작 게임 답 게 보스 전 은 처음 나 에겐 좀 어려웠지만 조금씩 적응해 나가니 후반 부 보스 들 은 그리 어렵지는 않았고 오히려 보스 와 대결 하는 손맛 (?) 을 느꼈다 . 마지막 모래시계 를 모을 때 까지 구매 비용 이 전혀 아깝지 않을 정도 로 지루함 없이 재밌게 달려왔고 나 또한 다른 사람 들 에게도 한 번 해보라고 권유 하고 싶",2018-04-04 20:53:43
253230,A Hat in Time,positive,ㄴ넘나재밌잖어?,ㄴ 넘나 재밌잖어 ?,2018-03-31 11:43:32
253230,A Hat in Time,positive,"주위에서 하도 갓겜이라 그러길레 사서 해봤습니다. 허나 1탄 마피아타운에 처음 들어가고 몇 스테이지는 좀 평이한 구성입니다. 마치 애들용 슈퍼마리오64를 하는 느낌이랄까. 하지만 본격적으로 보스도 만나고 다음 스테이지로 넘어가면서 진짜 난이도가 올라가는게 눈에 보입니다. 처음엔 가볍게 시작했던 것이 마지막에 이르러선 손에 땀을 쥐며 깼네요. 설명을 길게 붙일것도 없네요, 이 게임은 정말 좋은 게임입니다. 갓겜이라 평하기엔 다른 경쟁작들이 바이오쇼크, 위쳐3 이런 어마어마한 애들이라, 그 한단계 아래인 준 갓겜으로 분류하겠습니다. 차","주위 에서 하도 갓 겜 이라 그러길 레 사서 해봤습니다 . 허나 1 탄 마피아 타운 에 처음 들어가고 몇 스테이지 는 좀 평이한 구성 입니다 . 마치 애 들용 슈퍼마리오 64 를 하는 느낌 이 랄 까 . 하지만 본격 적 으로 보스 도 만나고 다음 스테이지 로 넘어가면서 진짜 난이도 가 올라가는게 눈 에 보입니다 . 처음 엔 가볍게 시작 했던 것 이 마지막 에 이르러 선 손 에 땀 을 쥐 며 깼네요 . 설명 을 길게 붙일것도 없네요 , 이 게임 은 정말 좋은 게임 입니다 . 갓 겜 이라 평 하기엔 다른 경쟁 작 들 이 바이오쇼크 , 위 쳐 3 이런 어마어마한 애 들 이라 , 그 한 단계 아래 인 준 갓 겜 으로 분류 하겠습니다 . 차",2018-03-31 06:28:53
253230,A Hat in Time,positive,귀욤 ㅋㅋ,귀욤 ㅋㅋ,2018-03-29 01:05:25
253230,A Hat in Time,positive,귀엽다,귀엽다,2018-03-27 22:14:51
253230,A Hat in Time,positive,영어 교육 프로그램 버전 마리오,영어 교육 프로그램 버전 마리오,2018-03-27 14:15:47
253230,A Hat in Time,positive,갓겜임,갓 겜임,2018-03-25 19:00:39
253230,A Hat in Time,positive,뿌갸악~,뿌갸악 ~,2018-03-24 20:51:52
253230,A Hat in Time,positive,한국어 된다! 갓겜,한국어 된다 ! 갓 겜,2018-03-24 13:00:58
253230,A Hat in Time,positive,"귀여운 캐릭터와 분위기에 맞는 흥겨운 삽입곡(특히 Picture Perfect 나 The Big Parade 등등..)들이 동심의 세계로 이끌어 주네요. 이런 아기자기한 게임을 원했고 그리고 나왔지만, 어째서인지 묻혀버렸군요.. 다른 사람들에게는 추천을 하지만 ""배X 해라"" 같이 강요는 안해요. 한번쯤 혹은 그 이상 해보면 좋은 게임이에요. P.s Hat Kid 귀요미 >ᴥ< !","귀여운 캐릭터 와 분위기 에 맞는 흥겨운 삽입곡 ( 특히 Picture Perfect 나 The Big Parade 등등 ..) 들이 동심 의 세계 로 이끌어 주네 요 . 이런 아기자기한 게임 을 원했고 그리고 나왔지만 , 어째서 인지 묻혀 버렸군요 .. 다른 사람 들 에게는 추천 을 하지만 "" 배 X 해 라 "" 같이 강요 는 안해 요 . 한번 쯤 혹은 그 이상 해보면 좋은 게임 이에요 . P . s Hat Kid 귀요미 > ᴥ < !",2018-03-23 20:25:04
253230,A Hat in Time,positive,Shut up and take my money!,Shut up and take my money !,2018-03-23 01:52:04
253230,A Hat in Time,positive,모자걸은 정의다,모자 걸은 정의 다,2018-03-22 19:40:18
253230,A Hat in Time,positive,재밌음 . 유저 모드 사용하여 한글패치 가능,재밌음 . 유저 모드 사용 하여 한글패치 가능,2018-03-22 14:23:02
253230,A Hat in Time,positive,킹짱갓겜,킹 짱 갓 겜,2018-03-21 23:33:27
253230,A Hat in Time,positive,진짜 최고 너무 재밌음,진짜 최고 너무 재밌음,2018-03-21 18:10:41
253230,A Hat in Time,positive,아니 이런 멋진 게임을 이렇게 늦게 해보다니 저어는 정말 나쁜 사람이었습니다 흑흑,아니 이런 멋진 게임 을 이렇게 늦게 해보다니 저 어는 정말 나쁜 사람 이었습니다 흑 흑,2018-03-21 15:42:58
253230,A Hat in Time,positive,갓겜. 근데 이거 진엔딩 없나요? 25개로 클리어 헀는데 40개 모은거랑 다른점이 없음;,갓 겜 . 근데 이 거 진 엔딩 없나요 ? 25 개 로 클리어 헀는데 40 개 모은거랑 다른 점 이 없음 ;,2018-03-20 00:03:11
253230,A Hat in Time,positive,3d 플랫포머 게임중에 최고로 재밌게 했습니다. 주인공 모자소녀도 귀엽고맵도 흥미 가득합니다.맵 구성이나 난이도 역시 제작진의 많은 배려가 느껴지네요.스토리도 스토리 연출도 훌륭했던 충분한 명작이라 생각됩니다.,3 d 플랫포머 게임 중 에 최고 로 재밌게 했습니다 . 주인공 모자 소녀 도 귀엽고 맵 도 흥미 가득합니다 . 맵 구성 이나 난이도 역시 제작 진의 많은 배려 가 느껴지네요 . 스토리 도 스토리 연출 도 훌륭했던 충분한 명작 이라 생각 됩니다 .,2018-03-19 23:23:06
253230,A Hat in Time,positive,"제 값하는 갓겜, 허나 한글화 다음 패치때 해준다면서 안해주고이써요??","제 값 하는 갓 겜 , 허나 한글화 다음 패치 때 해준다면서 안 해주고이 써요 ??",2018-03-18 15:11:13
253230,A Hat in Time,positive,슈퍼마리오 션사인과 갤럭시 어드벤처 느낌이 드는 인디게임은 처음임. 안타까운 건 그 해 당시 발매된 '컵헤드'에 밀려 묻혀버린 게임이지만 이런 갓겜은 절대로 나오기 힘든 게임이다.,슈퍼마리오 션 사인 과 갤럭시 어드벤처 느낌 이 드는 인디 게임 은 처음 임 . 안타까운 건 그 해 당시 발매 된 ' 컵 헤드 ' 에 밀려 묻혀 버린 게임 이지만 이런 갓 겜 은 절대로 나오기 힘든 게임 이다 .,2018-03-17 20:20:31
253230,A Hat in Time,positive,캐릭터가 매우 귀엽습니다. >3< 물론 게임도 엄청 재밌습니다,캐릭터 가 매우 귀엽습니다 . > 3 < 물론 게임 도 엄청 재밌습니다,2018-03-17 12:35:38
253230,A Hat in Time,positive,모델링 너무 좋고 배경 너무 좋고 자유도 너무 좋고 스토리는...모르겠지만 암튼 꿀잼,모델링 너무 좋고 배경 너무 좋고 자유도 너무 좋고 스토리 는 ... 모르겠지만 암튼 꿀잼,2018-03-17 12:35:14
253230,A Hat in Time,positive,정말재미있습니다,정말 재미있습니다,2018-03-17 10:34:24
253230,A Hat in Time,positive,갓------겜 캐릭터가 귀엽고 모자마다 능력이 색다른게 이색적이다. 배경도 물론 좋고 3D를 할때 이런 재밌는 기분은 오랜만이다.,갓 ------ 겜 캐릭터 가 귀엽고 모자 마다 능력 이 색다른게 이색 적 이다 . 배경 도 물론 좋고 3 D 를 할 때 이런 재밌는 기분 은 오랜 만이 다 .,2018-03-17 08:39:44
253230,A Hat in Time,positive,2017년 최고의 플랫포머 게임입니다. 네? 아니라고요? 어쩌라고요.,2017년 최고 의 플랫포머 게임 입니다 . 네 ? 아니라고요 ? 어쩌라고 요 .,2018-03-17 04:17:11
253230,A Hat in Time,positive,즐거운 게임이란 바로 이런것.,즐거운 게임 이란 바로 이런것 .,2018-03-16 00:26:01
253230,A Hat in Time,positive,"젤다, 마리오 같은 느낌의 자유도와 컨트롤, 전투를 좋아하는 사람들이라면 개재밌게 할듯 첫 챕터는 이게 게임이냐! 싶은데 2챕부터 어려워짐(내 생각) 리뷰에는 다 쉽다더라 모자의 능력들로 퍼즐을 풀고 영어도 쉽다 그래도 한글있으면 좋을듯.... 모 자 붐 은 온 다","젤다 , 마리오 같은 느낌 의 자유도 와 컨트롤 , 전투 를 좋아하는 사람 들이라면 개 재밌게 할듯 첫 챕 터 는 이 게 게임 이냐 ! 싶은데 2 챕부터 어려워짐 ( 내 생각 ) 리뷰 에는 다 쉽다더라 모자 의 능력 들 로 퍼즐 을 풀 고 영어 도 쉽다 그래도 한글 있으면 좋을듯 .... 모 자 붐 은 온 다",2018-03-15 23:41:31
253230,A Hat in Time,positive,god game,god game,2018-03-15 16:09:20
253230,A Hat in Time,positive,모자 + 소녀 + 마피아 = 삼위일체,모자 + 소녀 + 마피아 = 삼위일체,2018-03-15 13:47:09
253230,A Hat in Time,positive,감성이 풍부해지게 만들어주는 인디 게임이군요. 게임에 제작사의 정성이 들어간 게 보이네요.,감성 이 풍부해지게 만들어주는 인디 게임 이군 요 . 게임 에 제작사 의 정성 이 들어간 게 보이네요 .,2018-03-15 04:56:42
253230,A Hat in Time,positive,이런 게임이 있으면 돈쓰는게 즐거워짐,이런 게임 이 있으면 돈 쓰는게 즐거워 짐,2018-03-15 02:59:00
253230,A Hat in Time,positive,"킹갓겜. 아기자기하고 구성이 알 찬 맵디자인과 개성만점 캐릭터들, 곳곳에 숨겨진 이스터에그들과 묘하게 향수를 불러일으키는 사운드트랙, 매력적인 성우진, 유저친화적인 세이브시스템과 보스전, 스토리 진행 도중에 보이는 맛깔나는 센스와 연출 등등 뭐 하나 흠잡을 곳이 없다. 개인적으로는 챕터2인 차장과 디제이그루브의 대결을 가장 재밌게 플레이했다. 하지만 챕터4는 컨트롤을 바탕으로 디자인된 맵이라서 그런건지 잘은 모르겠으나 다른 챕터에 비해 재미가 없어서 조금 아쉬움이 남는다. 그리고 창작마당에 실력자들이 손수 제작한 멋진 맵들과 애드온","킹 갓 겜 . 아기자기하고 구성 이 알 찬 맵 디자인 과 개성 만점 캐릭터 들 , 곳곳 에 숨겨진 이스터에그 들 과 묘 하게 향수 를 불러일으키는 사운드트랙 , 매력 적 인 성우진 , 유저 친 화 적 인 세이브 시스템 과 보스 전 , 스토리 진행 도중 에 보이는 맛깔나는 센스 와 연출 등등 뭐 하나 흠잡을 곳 이 없다 . 개인 적 으로는 챕 터 2 인 차장 과 디제이 그루 브 의 대결 을 가장 재밌게 플레이 했다 . 하지만 챕 터 4 는 컨트롤 을 바탕 으로 디자인 된 맵 이라서 그런 건 지 잘은 모르겠으나 다른 챕 터 에 비해 재미 가 없어서 조금 아쉬움 이 남는다 . 그리고 창작 마당 에 실력 자 들이 손수 제작 한 멋진 맵 들 과 애드온",2018-03-13 20:41:55
253230,A Hat in Time,positive,일단 귀엽습니다. 4-5장이 조금 급하게 갈무리한 면이 없잖아 있지만 무료 DLC로 챕터 2개가 추가될 예정이고 코옵도 지원될 예정이라고 하니 세일할 때 사두면 후회없을 게임입니다 그리고 구매를 고려하시는 분이라면 반드시 OST도 딸린 팩으로 구매하세요 OST가 장난아니게 좋습니다,일단 귀엽습니다 . 4-5 장이 조금 급하게 갈무리 한 면 이 없잖아 있지만 무료 DLC 로 챕 터 2 개 가 추가 될 예정 이고 코옵 도 지원 될 예정 이라고 하니 세 일 할 때 사두 면 후회 없을 게임 입니다 그리고 구매 를 고려 하시는 분이라면 반드시 OST 도 딸린 팩 으로 구매 하세요 OST 가 장난 아니게 좋습니다,2018-03-13 15:07:19
253230,A Hat in Time,positive,한글나옴 모자붐은 온다...,한글 나옴 모자 붐 은 온다 ...,2018-03-12 22:39:42
253230,A Hat in Time,positive,[h1] Hat Kid가 떠나는 여러 여정 [/h1] 처음 이겜을 보면서 가격대가 만만치 않은데라는 생각을 햇는데 큰맘먹고 겜 산다음에는 이 가격대는 충분히 되야되는거 같은 갓겜이다 햇 키드도 귀엽고 마피아들은 더 귀엽고 스토리도 할만한 갓겜임.,[ h 1 ] Hat Kid 가 떠나는 여러 여정 [/ h 1 ] 처음 이 겜 을 보면서 가격 대가 만 만치 않은데라는 생각 을 햇 는데 큰 맘 먹고 겜 산다 음 에는 이 가격 대 는 충분히 되야 되는거 같은 갓 겜 이다 햇 키드 도 귀엽고 마피아 들 은 더 귀엽고 스토리 도 할만 한 갓 겜임 .,2018-03-11 23:34:01
253230,A Hat in Time,positive,마피아 말한다. 이게임 재밌다.,마피아 말 한다 . 이 게임 재밌다 .,2018-03-09 07:02:48
253230,A Hat in Time,positive,갓겜. 적당한 플레이 난이도와 적당한 수집 난이도는 갓겜이라고 부르기에 충분하다. 몇 년 전부터 기다려 왔던 게임이 기대했던 대로 잘 나와서 정말 좋았다.,갓 겜 . 적당한 플레이 난이도 와 적당한 수집 난이도 는 갓 겜 이라고 부르기에 충분하다 . 몇 년 전 부터 기다려 왔던 게임 이 기대했던 대로 잘 나와서 정말 좋았다 .,2018-03-08 09:50:32
253230,A Hat in Time,positive,개꿀잼~,개꿀잼 ~,2018-03-05 18:54:05
253230,A Hat in Time,positive,"스팀에나온 3D플랫포머게임중 최고의게임. 스팀에서 몇몇 인디게임회사들이 3D플랫포머에 도전했지만 예산문제, 완성도 부족등의 게임등이 많았습니다. 킥스타터로 시작한 이게임은 인디게임이라는 퀄리티를 거의 느낄 수 없을만큼 AA급은 된다라는 느낌을 받았습니다. 요즘 2D플랫포머들은 게이머의 도전의식을 극한으로 몰아붙이는 어려운난이도가 유행인데, 이 모자소녀게임은 플랫포머난이도중 쉬운축에 속합니다. ( 하지만, 유저모드맵을 플레이하면 어떨까?) 챕터들은 플랫포머를 기초로하지만, 확연히 다른챕터를 한다고 생각될만큼 독립적이며, 비슷한","스팀 에나 온 3 D 플랫포머 게임 중 최고 의 게임 . 스팀 에서 몇몇 인디 게임 회사 들 이 3 D 플랫포머 에 도전 했지만 예산 문제 , 완성 도 부족 등 의 게임 등 이 많았습니다 . 킥스타터 로 시작 한 이 게임 은 인디 게임 이라는 퀄리티 를 거의 느낄 수 없을만큼 AA 급 은 된다라는 느낌 을 받았습니다 . 요즘 2 D 플랫포머 들 은 게이머 의 도전 의식 을 극한 으로 몰아 붙이는 어려운 난이도 가 유행 인데 , 이 모자 소녀 게임 은 플랫포머 난이도 중 쉬운 축 에 속 합니다 . ( 하지만 , 유저 모드 맵 을 플레이 하면 어떨까 ?) 챕 터 들 은 플랫포머 를 기 초로 하 지만 , 확 연히 다른 챕 터 를 한다고 생각 될만큼 독립 적 이며 , 비슷한",2018-03-05 14:29:40
253230,A Hat in Time,positive,"재밋어요, 보스전이 특히 재밋엇네요 근데 아쉬운점이 잇다면 아무래도 몇개 스테이지는 허무할정도로 쉬운정도랑 비한글화 이정도일거같네요! 한글화가 안되잇다고 게임하는데는 지장은없어요 해보니깐! 만약에 한글화가 된다면 저는..스토리보러 다시 처음부터 할겁니다 ㅎ 그정도로 재밌다는거죠\ 돈 절대 안아깝습니다 ------------------------------------------------------------------------------------------------- 3월 1일 기준으로 한글화 패치가 되었다고 합니다!!!!","재밋어 요 , 보스 전이 특히 재밋엇네 요 근데 아쉬운 점 이 잇다면 아무래도 몇개 스테이지 는 허무할 정도 로 쉬운 정도 랑 비 한글화 이 정도 일거 같네요 ! 한글화 가 안되 잇다고 게임 하는데는 지장 은 없어요 해보니깐 ! 만약 에 한글화 가 된다면 저 는 .. 스토리 보러 다시 처음 부터 할 겁니다 ㅎ 그 정도 로 재밌다는거죠 \ 돈 절대 안 아깝습니다 ------------------------------------------------------------------------------------------------- 3월 1일 기준 으로 한글화 패치 가 되었다고 합니다 !!!!",2018-02-26 11:22:39
253230,A Hat in Time,positive,GOOD,GOOD,2018-02-24 03:55:15
253230,A Hat in Time,positive,Great game,Great game,2018-02-23 17:42:46
253230,A Hat in Time,positive,:D,: D,2018-02-21 15:15:56
253230,A Hat in Time,positive,젤다 바람의택트 짭겜,젤다 바람 의 택트 짭 겜,2018-02-20 23:29:14
253230,A Hat in Time,positive,"마치 딸을 키우는 것처럼 마냥 아빠미소를 지으며 플레이했습니다. 귀여움, 사랑스러움, 게임성과 볼륨까지. 게임 안에서 살고 싶다는 생각까지 듭니다.","마치 딸 을 키우는 것 처럼 마냥 아빠 미소 를 지으며 플레이 했습니다 . 귀 여 움 , 사랑스러 움 , 게임 성과 볼륨 까지 . 게임 안 에서 살 고 싶다는 생각 까지 듭니 다 .",2018-02-19 23:43:20
253230,A Hat in Time,positive,일단 3만2천원 가격값하는 게임은 맞습니다 갓겜축에 속해요ㅎㅎ 평가들 말대로 어려운것없이 가볍게 즐기기엔 좋은 게임입니다 근데 그게 되려 단점같기도 하네요 스토리는 뭐랄까 앞에 설명이 부족한 느낌? 그래도 알아먹으면 장땡ㅋㅋ 그래픽도 선선한 편입니다 눈 안아프고 부드럽게 동작 움직이는것도 자연스러운게 젤 좋습니다,일단 3만 2천원 가격 값 하 는 게임 은 맞습니다 갓 겜축 에 속 해요 ㅎㅎ 평가 들 말 대로 어려운것 없이 가볍게 즐 기기 엔 좋은 게임 입니다 근데 그게 되려 단점 같기도 하네요 스토리 는 뭐랄까 앞 에 설명 이 부족한 느낌 ? 그래도 알 아 먹으면 장땡 ㅋㅋ 그래픽 도 선선 한 편입 니 다 눈 안 아프고 부드럽게 동작 움직이는것도 자연스러운게 젤 좋습니다,2018-02-19 21:56:53
253230,A Hat in Time,positive,a hat in time 32000원 사셈,a hat in time 32000원 사셈,2018-02-13 22:16:08
253230,A Hat in Time,positive,세인츠로우4 이후 그닥 재미있게 한 싱글플레이 게임이 없었는데 참 즐겁게 한 것 같다. 이런류 게임을 좋아하신다면 강추드립니다.,세인츠 로우 4 이후 그닥 재미있게 한 싱글플레이 게임 이 없었는데 참 즐겁게 한 것 같다 . 이런 류 게임 을 좋아하신다면 강추 드립니다 .,2018-02-09 15:39:03
253230,A Hat in Time,positive,Big 추천,Big 추천,2018-02-04 12:30:23
253230,A Hat in Time,positive,말이 필요한가?,말 이 필요한가 ?,2018-02-01 20:54:10
253230,A Hat in Time,positive,그냥 한마디만할께 이게임은 내인생에 두번째 갓겜or인생겜이다 진짜 비싸다? 그런거없어 해보면알아 돈이 절대로 안아깝다 난돈이더들어도 이게임사서 할거임 시간이 나면 계속 이게임접속해서 할듯,그냥 한마디 만 할께 이 게임 은 내 인생 에 두번째 갓 겜 or 인생 겜 이다 진짜 비싸다 ? 그런거 없어 해보 면알 아 돈 이 절대로 안 아깝다 난돈 이 더 들 어도 이 게임 사서 할거 임 시간 이 나면 계속 이 게임 접속 해서 할듯,2018-02-01 13:39:20
253230,A Hat in Time,positive,일단 요약하면 추천 [h1]장점[/h1] [list] [*]레벨 디자인 가장 눈에 띄는 것은 진행할 때마다 반복적인 것이 아닌 새로운 경험을 제공한다는 점이다. 그래서 절대 지루할 틈이 없다. 그리고 초보자를 고려해서인지 길을 헤매게 한다거나 괴롭히는 요소가 거의 없다. 보스전도 초보자를 고려해서인지 여러번 죽으면 패턴 요소 일부를 생략해주는 친절함도 가지고 있다. 그리고 마냥 쉬운 것은 아니고 100%수집 같은 것을 노리면 꽤 어려운 요소도 많이 있다. [*]UI 및 조작 굉장히 다양한 조작방법을 제공한다. 하지만 대부분이,일단 요약 하면 추천 [ h 1 ] 장점 [/ h 1 ] [ list ] [*] 레벨 디자인 가장 눈 에 띄는 것 은 진행 할 때 마다 반복 적 인 것 이 아닌 새로운 경험 을 제 공 한다는 점 이다 . 그래서 절대 지루할 틈 이 없다 . 그리고 초보자 를 고려 해서인지 길 을 헤매게 한다거나 괴롭히는 요소 가 거의 없다 . 보스 전도 초보자 를 고려 해서인지 여러 번 죽으면 패턴 요소 일부 를 생략 해주는 친절함도 가지 고 있다 . 그리고 마냥 쉬운 것 은 아니고 100% 수집 같은 것 을 노리 면 꽤 어려운 요소 도 많이 있다 . [*] UI 및 조작 굉장히 다양한 조 작 방법 을 제공 한 다 . 하지만 대부분 이,2018-01-31 23:26:40
253230,A Hat in Time,positive,"쌉갓겜이다, 사지 않으면 네놈의 모가지는 없다 마리오 64같은 게임으로 최종목적은 미션 일정수 클리어하고 막보스 깨는것. 테마는 다양하고 독창성이 제대로 박혀있다 그러니 다시 알린다, 사지 않으면 네놈의 모가지는 멀쩡하지 못할 것이다.","쌉 갓 겜 이다 , 사지 않으면 네 놈 의 모가지 는 없다 마리오 64 같은 게임 으로 최종 목적 은 미션 일 정수 클리어 하고 막 보스 깨는것 . 테마 는 다양하고 독창 성 이 제대로 박혀있다 그러니 다시 알린다 , 사지 않으면 네 놈 의 모가지 는 멀쩡하지 못 할 것 이다 .",2018-01-30 18:01:31
253230,A Hat in Time,positive,"10살 생일선물로 받은 게임기마냥 즐겨주세요! 아니 굳이 언급 안해도 그렇게 즐기고 있을 겁니다. 할인하지 않을 때 샀는데, 스팀에서 구매한 게임 중 가장 비쌌기에 눈물을 머금고 질렀으나 지금까지 산 게임 중 가장 가성비 좋은 게임이었습니다. 스포일러가 값어치를 떨어뜨리는 게임도 아니에요. #더블 점프에서 타이밍 맞춰서 뛰어야 더 높게 뜁니다. 필요한 구간이 있으니 모르면 고생해요","10 살 생일 선물 로 받은 게임기 마냥 즐겨주세요 ! 아니 굳이 언급 안해 도 그렇게 즐기고 있을 겁니다 . 할인 하지 않을 때 샀는데 , 스팀 에서 구매 한 게임 중 가장 비쌌기에 눈물 을 머 금고 질렀으나 지금 까지 산 게임 중 가장 가성 비 좋은 게임 이었습니다 . 스포일러 가 값어치 를 떨어뜨리는 게임 도 아니에요 . #더블 점프 에서 타이밍 맞춰서 뛰어야 더 높게 뜁니다 . 필요한 구간 이 있으니 모르면 고생 해요",2018-01-20 11:50:29
253230,A Hat in Time,positive,이게임은 마리오때문에 묻혔지만. 훨씬 좋은점이 몇가지 있습니다 1. 게임의 다양성 이겜 맵 구조. 디자인. 밸런스는 마리오와는 비교가 안됩니다. 엄청 복잡. 다양. 쉬움부터 어려움까지 다양해요. *영어를 한다면 이 게임에 담긴 유머를 진짜 잘 느낄거에요. 몰라도 좀만 천천히봐봐요 엄청나요 2. 컨 난이도 패드로 하면 힘들어요. 마우스와 키보드 패드 모두 다 사용해보세요. 결코 쉽지 않은 게임입니다. 다양하고 숨은 요소가 엄청 많고 찾는 재미도 있습니다 3. 총평 열정을 가지고 만든게임. 충분히 도전과 재미를 느낄 수,이 게임 은 마리오 때문 에 묻혔지만 . 훨씬 좋은 점 이 몇 가지 있습니다 1 . 게임 의 다양성 이 겜 맵 구조 . 디자인 . 밸런스 는 마리오 와는 비교 가 안됩니다 . 엄청 복잡 . 다양 . 쉬움 부터 어려움 까지 다양해요 . * 영어 를 한다면 이 게임 에 담긴 유머 를 진짜 잘 느낄거에요 . 몰라도 좀 만 천천히 봐 봐요 엄청나요 2 . 컨 난이도 패드 로 하면 힘들어요 . 마우스 와 키 보드 패드 모두 다 사용 해보세요 . 결코 쉽지 않은 게임 입니다 . 다양하고 숨은 요소 가 엄청 많고 찾는 재미 도 있습니다 3 . 총 평 열정 을 가지 고 만든 게임 . 충분히 도전 과 재미 를 느낄 수,2018-01-20 11:35:27
253230,A Hat in Time,positive,"총질, 칼질, 반복 노가다겜에 지쳐서 이것저것 뒤지다가 발견했다. 슈퍼마리오가 이래저래 떠오르지만 이것 나름대로 즐길만하다. 영어 자체도 그리 어려운편이 아니라 어느정도 영어 숙지하고 있는 사람들이라면 그냥저냥 이해하면서 플레이하기 쉬운편. 무엇보다 우리 대사한마디도 없는 모자걸이 귀엽다. 수집, 맵 탐방, 보스 패턴 공략, 퍼즐 등등 난이도가 조금 있다고 느껴지지만 슈퍼착한체크포인트 덕분에 무리없이 게임진행이 술술 되는편이다. 스트레스 안받는 게임, 적절한 힐링게임을 찾는다면 추천한다 그리고 모자걸이 귀엽다.","총 질 , 칼질 , 반복 노가다 겜 에 지쳐서 이 것 저 것 뒤지다가 발견 했다 . 슈퍼마리오 가 이래저래 떠오르지만 이 것 나름 대로 즐길 만하 다 . 영어 자체 도 그리 어려운 편이 아니라 어느 정도 영어 숙지 하고 있는 사람 들이라면 그냥 저 냥 이해 하면서 플레이 하기 쉬운 편 . 무엇 보다 우리 대 사 한마디 도 없는 모자 걸이 귀엽다 . 수집 , 맵 탐방 , 보스 패턴 공략 , 퍼즐 등등 난이도 가 조금 있다고 느껴지지만 슈퍼 착한 체크 포인트 덕분 에 무리 없이 게임 진행 이 술술 되는 편이 다 . 스트레스 안 받는 게임 , 적절한 힐링 게임 을 찾는다면 추천 한다 그리고 모자 걸이 귀엽다 .",2018-01-19 21:12:07
253230,A Hat in Time,positive,친구가 워낙 재밌게 하길래 반신반의 하는 생각으로 구입한 게임 어 햇 인 타임 입니다. 솔직히 처음엔 갓겜 갓겜 거리는게 이해가 가질 않더라구요. 3d 플랫포머 게임의 강점은 자유로운 시점의 전환입니다. 근데 이건 그게 안되요. 시점이 고정되는 구간은 그렇다 칩시다.그 구간에서 그 시점이 편하다는건 알고 있으니까요. 근데 자유시점에서 카메라를 어느위치에 두어도 캐릭터가 점프를 하면 카메라가 캐릭터 뒤로 돌아옵니다. 미끄러지는 듯한 애니메이션과 과거 플랫포머 게임이 그랬듯이 빡빡한 판정이 겹치며 짜증을 유발하는 요소이죠.덕분에,친구 가 워낙 재밌게 하길래 반신반의 하는 생각 으로 구입 한 게임 어 햇 인 타임 입니다 . 솔직히 처음 엔 갓 겜 갓 겜 거리 는 게 이해 가 가질 않더라구요 . 3 d 플랫포머 게임 의 강점 은 자유로운 시점 의 전환 입니다 . 근데 이건 그게 안되요 . 시점 이 고정 되는 구간 은 그렇다 칩시다 . 그 구간 에서 그 시점 이 편하다는건 알 고 있으니까 요 . 근데 자유 시점 에서 카메라 를 어느 위치 에 두 어도 캐릭터 가 점프 를 하면 카메라 가 캐릭터 뒤 로 돌아옵니다 . 미끄러지는 듯 한 애니메이션 과 과거 플랫포머 게임 이 그랬듯이 빡빡 한 판정 이 겹치 며 짜증 을 유발 하는 요소 이 죠 . 덕분 에,2018-01-19 16:22:03
253230,A Hat in Time,positive,귀여운 모자걸을 지켜보면서 행복한 마음으로 플레이하게 해준 갓-겜!,귀여운 모자 걸 을 지켜보면서 행복한 마음 으로 플레이 하게 해준 갓 - 겜 !,2018-01-16 02:29:41
253230,A Hat in Time,positive,"겜 초반 마피아타운과 사운드 트랙이 주는 분위기가 갠적으로 애버랜드같아서 또하게 되는 겜. 각 스테이지가 주는 특이한 분위기, 여행 온 느낌. (스카이라인 하는동안 유난히 외롬을 더 많이 느끼게됨,,) -------------------------------------------------------------- 냐쿠자 업뎃이후 바뀐 메뉴=모자걸이 가까이와서 반겨준다. 온라인기능이 확정판으로 나와서 방 이름을 'peck' 으로 잡고 아이들이 많이 모인 우주선에서 '캣 크라임!' 스팸질을 한다던지, 미션중 유저를 만나서 가이","겜 초반 마피아 타운 과 사운드 트랙 이 주는 분위기 가 갠 적 으로 애버 랜드 같아서 또 하게 되는 겜 . 각 스테이지 가 주는 특이한 분위기 , 여행 온 느낌 . ( 스카이라인 하는 동안 유난히 외롬 을 더 많이 느끼게 됨 ,,) -------------------------------------------------------------- 냐쿠자 업뎃 이후 바뀐 메뉴 = 모자 걸이 가까이 와 서 반겨 준다 . 온라인 기능 이 확정 판 으로 나와서 방 이름 을 ' peck ' 으로 잡고 아이 들 이 많이 모인 우주선 에서 ' 캣 크 라임 !' 스팸질 을 한다던지 , 미션 중 유저 를 만나서 가이",2018-01-14 20:25:17
253230,A Hat in Time,positive,"지난 몇 달간 스팀에서 게임을 구입해본 적이 없다. 번들로 구입하는 걸 제외하면 번들로 나오는 게임 소화도 힘들어서 스팀에서는 엄청난 파격적인 조건이 아닌 이상 게임 구매는 거의 자제하고 있었다. 그런데 이 게임은 보자마자 ""어맛 이건 사야돼!""라는 생각이 들었다. 특히 모자걸이 마피아랑 짝짝꿍을 하다가 갑자기 펀치가 훅 들어오는 영상보고 구매를 결심했고 이번 겨울 세일에 20프로 할인하길래 냅다 질러버렸다. 결과는 대만족이었다. 게임 자체가 아주 어려운 편은 아니지만 충분히 재미있게 할 수 있고 무엇보다 주인공이 너무너무너무너","지난 몇 달 간 스팀 에서 게임 을 구입 해본 적 이 없다 . 번 들 로 구입 하는 걸 제외 하면 번 들 로 나오는 게임 소화도 힘들어서 스팀 에서는 엄청난 파격 적 인 조건 이 아닌 이상 게임 구매 는 거의 자제 하고 있었다 . 그런데 이 게임 은 보자마자 "" 어맛 이건 사야 돼 !"" 라는 생각 이 들었다 . 특히 모자 걸이 마피아 랑 짝짝 꿍 을 하다가 갑자기 펀치 가 훅 들어오는 영상 보고 구매 를 결심 했고 이번 겨울 세 일 에 20 프로 할인 하길래 냅다 질러 버렸다 . 결과 는 대 만족 이었다 . 게임 자체 가 아주 어려운 편 은 아니지만 충분히 재미있게 할 수 있고 무엇 보다 주인공 이 너무 너무 너무 너",2018-01-14 07:03:14
253230,A Hat in Time,positive,마리오 오디세이 조무사. 할인 없이 사서 해도 돈값한다. 요즘 인디겜 진짜 잘뽑혀서 나오는듯,마리오 오디세이 조무사 . 할인 없이 사서 해도 돈값 한다 . 요즘 인디 겜 진짜 잘뽑혀서 나오는듯,2018-01-13 21:34:04
253230,A Hat in Time,positive,플랫포머 장르는 좋아하지 않은데 이 게임은 꽤 즐겼습니다. 단점이 있다면 보스전 난이도가 쉬워서 도전 욕구가 잘 안남,플랫포머 장르 는 좋아하지 않은데 이 게임 은 꽤 즐겼습니다 . 단점 이 있다면 보스 전 난이도 가 쉬워서 도전 욕구 가 잘 안남,2018-01-13 18:11:35
253230,A Hat in Time,positive,햇키드 짱 카와이이,햇 키드 짱 카와이이,2018-01-12 23:46:36
253230,A Hat in Time,positive,EEEEEEEEEEEEEEEEEEEEEEEEEEEEEEEEEEEEEEEEEEEEEEEEEEEEEEEEEEEEEEEEEEEEE 이것만큼 갓겜없음,EEEEEEEEEEEEEEEEEEEEEEEEEEEEEEEEEEEEEEEEEEEEEEEEEEEEEEEEEEEEEEEEEEEEE 이 것 만큼 갓 겜 없음,2018-01-11 19:50:50
253230,A Hat in Time,positive,"정말정말 즐거운 시간을 보냈습니다 리얼 갓겜 귀여운 캐릭터들, 즐거운 캐릭터들 모두 오래 생각이 날거 같네요 더 오래 즐기고 싶지만, 생각보다 금방 끝나버려서 너무 아쉽습니다 게임은 넘쳐나지만 한시간이상 할 게임이 없는 당신에게 추천합니다 정말 재밌습니다. 하는 내내 미소가 지어집니다 한번 해보세요 후회하지않아요","정말 정말 즐거운 시간 을 보냈습니다 리얼 갓 겜 귀여운 캐릭터 들 , 즐거운 캐릭터 들 모두 오래 생각 이 날거 같네요 더 오래 즐기고 싶지만 , 생각 보다 금방 끝나 버려서 너무 아쉽습니다 게임 은 넘쳐나지만 한 시간 이상 할 게임 이 없는 당신 에게 추천 합니다 정말 재밌습니다 . 하는 내내 미소 가 지어 집니다 한번 해보세요 후회 하지 않아요",2018-01-09 22:06:41
253230,A Hat in Time,positive,모자걸이 조온나 귀엽다. 근데 이런 귀여운 모자걸한테 죽빵갈기고 폭탄던지고 칼날날리고 쉬발 나쁜넘들 현실이였으면 니들 다 깜빵이여 제발 이 게임만은 '언더테일' 당하지 않았으면...,모자 걸이 조온나 귀엽다 . 근데 이런 귀여운 모자 걸 한테 죽빵 갈기 고 폭탄 던지고 칼날 날리고 쉬발 나쁜 넘 들 현실 이 였으면 니 들 다 깜빵 이여 제발 이 게임 만은 ' 언 더테일 ' 당하지 않았으면 ...,2018-01-09 02:55:56
253230,A Hat in Time,positive,"이 게임에 대한 사용자 평가 3,898개 중 98%가 긍정적입니다.","이 게임 에 대한 사용자 평가 3,898 개 중 98% 가 긍정 적 입니다 .",2018-01-07 18:16:38
253230,A Hat in Time,positive,갓겜,갓 겜,2018-01-07 01:33:09
253230,A Hat in Time,positive,상당히 신선합니다. 저는 돈이 아깝지 않다고 느꼈어요.,상당히 신선합니다 . 저 는 돈 이 아깝지 않다고 느꼈어요 .,2018-01-06 23:52:19
253230,A Hat in Time,positive,"퍼즐 + 플랫포머 + 액션 + 귀여움 = 대박 솔직히 말해서 리뷰를 쓰기가 힘들다. 감히 평가하기가 힘들 정도로 잘 만들었다고 생각이 든다. 몇번을 쓰고 지우는지 모르겠지만, 확실한것은 대단히 잘 만들었다는 것이다. 너무 어렵지 않은 스테이지, 귀여운 주인공, 깨알같은 개그 요소와 오브젝트들. 요 근래 구매한 게임중에 제일 만족도가 높고 재미있었다. 꼭 한번 해보기를. 배경음악도 매우 좋다.","퍼즐 + 플랫포머 + 액션 + 귀 여 움 = 대박 솔직히 말 해서 리뷰 를 쓰기 가 힘들다 . 감히 평가 하기가 힘들 정도 로 잘 만들었다고 생각 이 든다 . 몇번 을 쓰고 지우는지 모르겠지만 , 확실한것은 대단히 잘 만들었다는 것 이다 . 너무 어렵지 않은 스테이지 , 귀여운 주인공 , 깨알 같은 개그 요소 와 오브젝트 들 . 요 근래 구매 한 게임 중 에 제일 만족도 가 높고 재미있었다 . 꼭 한번 해보기를 . 배경음악 도 매우 좋다 .",2018-01-05 23:49:07
253230,A Hat in Time,positive,This game is great but DLC is sucks,This game is great but DLC is sucks,2018-01-04 15:23:16
253230,A Hat in Time,positive,👍,👍,2018-01-02 15:38:44
253230,A Hat in Time,positive,"켠왕하면 초보여도 약 10시간 정도면 다 깰 정도의 분량. 하지만 클리어 외에 모든 수집 요소들을 얻을려고 하면 플탐이 더 늘어난다. 또한 seal the deal DLC, nyakuza metro DLC 로 더 많은 수집 요소와 본편엔 없는 맵들을 플레이 하고 더 많은 수집품을 얻을 수 있다. 각 스테이지의 특징을 잘 살렸고 초보자를 위한 세심한 배려가 눈에 띈다. 이런 류의 게임이 처음이라도 매우 추천한다. 클리어 한지 꽤 오래 됬지만 아직도 깬곳을 계속 다니면서 힐링받고 있다. 특히 마피아 타운과 메트로(DLC)는 정말","켠왕 하면 초보 여 도 약 10시간 정도 면 다 깰 정도 의 분량 . 하지만 클리어 외 에 모든 수집 요소 들 을 얻을려고 하면 플 탐이 더 늘어난다 . 또한 seal the deal DLC , nyakuza metro DLC 로 더 많은 수집 요소 와 본 편 엔 없는 맵 들 을 플레이 하고 더 많은 수집 품 을 얻을 수 있다 . 각 스테이지 의 특징 을 잘 살렸고 초보자 를 위 한 세심 한 배려 가 눈 에 띈다 . 이런 류 의 게임 이 처음 이라도 매우 추천 한다 . 클리어 한지 꽤 오래 됬지만 아직도 깬 곳 을 계속 다니면서 힐링 받고 있다 . 특히 마피아 타운 과 메트로 ( DLC ) 는 정말",2018-01-01 23:06:49
253230,A Hat in Time,positive,스토리빵빵 귀여움빵빵,스토리 빵빵 귀 여 움 빵빵,2018-01-01 22:32:34
253230,A Hat in Time,positive,한글화기원,한글화 기원,2018-01-01 20:06:49
253230,A Hat in Time,positive,힐링 겜인데 구글에 이거 검색하면 분명 죽음의 미애니 로리콘들이 이 게임의 주인공을 뼛속까지 레이핑 할거같다,힐링 겜 인데 구글 에 이 거 검색 하면 분명 죽음 의 미애 니 로리콘 들 이 이 게임 의 주인공 을 뼛속 까지 레이 핑 할거 같다,2018-01-01 11:26:22
253230,A Hat in Time,positive,넘 재밋는거잖아 겜 원래 하다가 중간에 그만두는 거 좋아하는데 이건 웬일로 3일만에 엔딩까지 봣음 아쉬운 게 있다면 내가 조작을 너무 못해서 자꾸 한구간에서 계속 디져서 빡쳣던거랑 이게 가끔 카메라 고정되는 구간이 있는데 그게 불편햇음,넘 재밋 는거잖아 겜 원래 하다가 중간 에 그만두는 거 좋아하는데 이건 웬일 로 3일 만에 엔딩 까지 봣음 아쉬운 게 있다면 내 가 조작 을 너무 못 해서 자꾸 한 구간 에서 계속 디져서 빡쳣던거 랑 이 게 가끔 카메라 고정 되는 구간 이 있는데 그게 불편 햇음,2017-12-31 21:15:26
253230,A Hat in Time,positive,귀엽다.. 세 단어로 게임이 설명된다 사진찍고 노는게 제일재밌다. 좋은 의미로.,귀엽다 .. 세 단어 로 게임 이 설명 된다 사진 찍고 노는게 제일 재밌다 . 좋은 의미 로 .,2017-12-29 22:26:16
253230,A Hat in Time,positive,슈퍼마리오64가 생각나는 3D 플랫포머 게임 각 스테이지마다 개성과 특징을 잘 살렸다. 캐릭터도 귀엽고 마피아나 다른 적들도 너무 귀엽다. 간만에 찾은 재밌는 갓겜,슈퍼마리오 64 가 생각나는 3 D 플랫포머 게임 각 스테이지 마다 개성 과 특징 을 잘 살렸다 . 캐릭터 도 귀엽고 마피아 나 다른 적 들 도 너무 귀엽다 . 간만 에 찾은 재밌는 갓 겜,2017-12-29 00:30:19
253230,A Hat in Time,positive,모래시계 찾으러 우산으로 뭐든걸 줘패는 귀여운 아기의 모험,모래시계 찾으러 우산 으로 뭐 든 걸 줘 패 는 귀여운 아기 의 모험,2017-12-28 23:42:32
253230,A Hat in Time,positive,"갓겜. 이런 장르 좋다. 짧은게 아쉽고, 엔딩이 겜을 급마무리 한 느낌이 들었음. 후속작도 나오면 좋겠네여","갓 겜 . 이런 장르 좋다 . 짧은게 아쉽고 , 엔딩 이 겜 을 급 마무리 한 느낌 이 들었음 . 후속작 도 나오면 좋 겠네여",2017-12-26 02:14:55
253230,A Hat in Time,positive,이게 왜 79점이지;; 재밌음!,이 게 왜 79 점 이지 ;; 재밌음 !,2017-12-25 23:33:39
253230,A Hat in Time,positive,최고다!!!! 모자쨩!!!! 초딩때 했던 마리오64가 기억나는게임 마리오보다 귀여워요,최고다 !!!! 모자 쨩 !!!! 초딩 때 했던 마리오 64 가 기억나는 게임 마리오 보다 귀여워요,2017-12-25 16:50:55
253230,A Hat in Time,positive,"굉장히 재미있습니다. 키보드로 플레이 할 경우 점프 후 다이브가 좀 힘들어 아쉽긴 하지만, 그것을 제외하면 매우 좋습니다. It' really fun. If you play it with keyboard, jump-dive is a little hard but except it, this is really good game.","굉장히 재미있습니다 . 키 보드 로 플레이 할 경우 점프 후 다이브 가 좀 힘들어 아쉽긴 하지만 , 그것 을 제외 하면 매우 좋습니다 . It ' really fun . If you play it with keyboard , jump - dive is a little hard but except it , this is really good game .",2017-12-24 15:35:56
253230,A Hat in Time,positive,이 게임을 이제서야 해보다니 인생 절반 손해봤어잉~~~~~,이 게임 을 이제 서야 해보다니 인생 절반 손 해봤어 잉 ~~~~~,2017-12-24 02:53:24
253230,A Hat in Time,positive,간만에 게임 불감증 해소하게 해준 갓겜,간만 에 게임 불감증 해소 하게 해준 갓 겜,2017-12-22 22:03:19
253230,A Hat in Time,positive,이 게임은 평가에 추천을 박아도 모자랄 게임입니다 산다면 후회안하는 갓겜입니다.. 예전에 A HAT IN TIME 이 나왔을떈 캐릭터 떄문에 관심있게 보다가 정시 출시되어 구매하고 플레이를 했는데 역시... ost 는 ost 대로 대박이고 스토리와 캐릭터 그리고 그래픽 등 시스템 또한마음에 들었습니다 [h1] - 그래픽 - [/h1] 먼저 그래픽 부분은 카툰 랜더링을 사용한 텃인지 팀포와 같은 비슷한 카툰 그래픽을 제공합니다 보면서 어지럽거나 복잡하다라는 생각은 없었고 보기편하면서도 동화 보는듯하고 깔끔한그래픽의 느낌을 받,이 게임 은 평가 에 추천 을 박아 도 모자랄 게임 입니다 산다 면 후회 안하는 갓 겜 입니다 .. 예전 에 A HAT IN TIME 이 나왔을 떈 캐릭터 떄문 에 관심 있게 보다가 정시 출시 되어 구매 하고 플레이 를 했는데 역시 ... ost 는 ost 대로 대박 이고 스토리 와 캐릭터 그리고 그래픽 등 시스템 또한 마음 에 들었습니다 [ h 1 ] - 그래픽 - [/ h 1 ] 먼저 그래픽 부분 은 카툰 랜더링 을 사용 한 텃 인지 팀포 와 같은 비슷한 카툰 그래픽 을 제공 합니다 보면서 어지럽거나 복잡하다라는 생각 은 없었고 보기 편하면서도 동화 보는 듯 하고 깔끔한 그래픽 의 느낌 을 받,2017-12-16 16:37:31
253230,A Hat in Time,positive,갓겜,갓 겜,2017-12-13 00:58:41
253230,A Hat in Time,positive,"갓겜입니다 님들 포탈이 왜 갓겜이고 게이머들한테 꼭 한번 해봐야 되는 게임으로 꼽히는지 알죠? 이 게임만이 줄 수 있는 경험이 즐겁고 독특하고 평생 기억에 남을 것이기 때문이죠 어 햇 인 타임도 그렇습니다 기존 닌텐도 3D 플랫포머 및 어드벤처(젤다 바택이나 마리오 선샤인, 갤럭시 등)을 해봤다면 그때 그 감각의 정수 속에서 되살아나는 추억과 함께 화려하게 즐기는 훌륭한 기억 한보따리가 될 것이고 안 해봤다면, 처음으로 느끼는 박진감있고 활달한 3D 플랫포머의 짜릿함에 뽕을 거하게 맞아 환상적인 플레이 경험이 될 것입니다","갓 겜 입니다 님들 포탈 이 왜 갓 겜 이고 게이머 들 한테 꼭 한번 해봐야 되는 게임 으로 꼽히는지 알 죠 ? 이 게임 만이 줄 수 있는 경험 이 즐겁고 독특하고 평생 기억 에 남 을 것 이기 때문 이 죠 어 햇 인 타임 도 그렇습니다 기존 닌텐도 3 D 플랫포머 및 어드벤처 ( 젤다 바택 이나 마리오 선샤인 , 갤럭시 등 ) 을 해봤다면 그때 그 감각 의 정수 속 에서 되 살아나는 추억 과 함께 화려하게 즐기는 훌륭한 기억 한 보따리 가 될 것 이고 안 해봤다면 , 처음 으로 느끼는 박진 감있고 활달 한 3 D 플랫포머 의 짜릿함에 뽕 을 거 하게 맞아 환상 적 인 플레이 경험 이 될 것 입니다",2017-12-08 21:11:37
253230,A Hat in Time,positive,플랫포머/탐험/탐색 좋아하는 사람에게 추천 커스텀 키셋팅을 만들다가 만거같음. 셋팅불가능,플랫포머 / 탐험 / 탐색 좋아하는 사람 에게 추천 커 스텀 키셋팅 을 만들다가 만거 같음 . 셋팅 불가능,2017-12-07 09:49:32
253230,A Hat in Time,positive,마딧세이 조무사,마딧 세이 조무사,2017-11-27 22:42:06
253230,A Hat in Time,positive,즐겁다 못해 플레이 하는 동안 행복한 감정을 느꼈다. 게임을 하면서 끝나지 않기를 바란 적이 대체 몇 번이나 있었을까. 이 게임이 그렇다. 나는 안 한글로 했지만 요즘은 한글 패치도 있다고 한다. 요즘 아이들은 좋은 환경에서 게임을 하는구나. 끌끌(정식 한글화가 되었다고 한다. 야호.),즐겁다 못 해 플레이 하는 동안 행복한 감정 을 느꼈다 . 게임 을 하면서 끝나지 않기를 바란 적 이 대체 몇 번 이나 있었을까 . 이 게임 이 그렇다 . 나 는 안 한글 로 했지만 요즘 은 한글 패치 도 있다고 한다 . 요즘 아이 들 은 좋은 환경 에서 게임 을 하는구나 . 끌끌 ( 정식 한글화 가 되었다고 한다 . 야호 .),2017-11-26 07:46:27
253230,A Hat in Time,positive,잼덩,잼덩,2017-11-26 04:52:34
253230,A Hat in Time,positive,정말 즐겁게 게임을 즐겻습니다~ 스토리가 추가적으로 나오면 좋을것같습니다!,정말 즐겁게 게임 을 즐겻습니 다 ~ 스토리 가 추가 적 으로 나오면 좋을것 같습니다 !,2017-11-25 23:19:46
253230,A Hat in Time,positive,아케이드 게임 좋아하면 할만하다. 세계관도 귀엽고 음성도 잘 돼있다. 배경 음악도 괜찮고 배그 때문에 미뤄졌지만 도전과제 완료해야지,아케이드 게임 좋아하면 할 만하 다 . 세계관 도 귀엽고 음성 도 잘 돼있다 . 배경 음악 도 괜찮고 배그 때문 에 미뤄졌지만 도전 과제 완료 해야지,2017-11-25 00:43:38
253230,A Hat in Time,positive,재밌음,재밌음,2017-11-24 17:41:11
253230,A Hat in Time,positive,bgm 이 넘모 좋아요,bgm 이 넘 모 좋아요,2017-11-15 16:02:12
253230,A Hat in Time,positive,씹덕64,씹덕 64,2017-11-10 19:41:00
253230,A Hat in Time,positive,동화같은 세계 속 귀여운 소녀와 떠나는 좌충우돌 모험기. 스트레스 없이 가볍게 즐길수 있는 3D 플랫포머 게임입니다.,동화 같은 세계 속 귀여운 소녀 와 떠나는 좌충우돌 모험 기 . 스트레스 없이 가볍게 즐길수 있는 3 D 플랫포머 게임 입니다 .,2017-11-08 00:05:36
253230,A Hat in Time,positive,갓겜,갓 겜,2017-11-06 07:48:33
253230,A Hat in Time,positive,이 게임은 갓겜이라고 밖에 말할 수 없다. 고민하지말고 꼭 사시길! 영어지만 언어의 장벽따윈 없다!,이 게임 은 갓 겜 이라고 밖에 말 할 수 없다 . 고민 하지말고 꼭 사시길 ! 영어 지만 언어 의 장벽 따윈 없다 !,2017-11-06 00:52:13
253230,A Hat in Time,positive,아쉬운 것도 어설픈 것도 이것저것 있지만 그건 중요하지 않고 오히려 과한 욕심이다 이 게임은 다른 게임에는 잘 없는 특별한 것을 준다 제일 좋아하고 평생 잊지못할 게임 10점 만점의 9.5점,아쉬운 것 도 어설픈 것 도 이 것 저 것 있지만 그건 중요하지 않고 오히려 과 한 욕심 이다 이 게임 은 다른 게임 에는 잘 없는 특별한 것 을 준다 제일 좋아하고 평생 잊지못 할 게임 10 점 만점 의 9.5 점,2017-11-05 20:11:41
253230,A Hat in Time,positive,정말 재미있습니다. 예전에 슈퍼마리오 64할 때가 생각나네요.특히 챕터4는 개인적으로 너무나 마음에 들었어요. 아쉬운 점이 있다면 분량이네요. 챕터 양이 부족하고 숨겨진 요소도 많지는 않아서 상당히 아쉬워요.,정말 재미있습니다 . 예전 에 슈퍼마리오 64 할 때 가 생각나네요 . 특히 챕 터 4 는 개인 적 으로 너무나 마음 에 들었어요 . 아쉬운 점 이 있다면 분량 이네 요 . 챕 터 양 이 부족하고 숨겨진 요소 도 많지는 않아서 상당히 아쉬워요 .,2017-11-04 20:24:51
253230,A Hat in Time,positive,좀 비싼거 같은데 커여우니까 봐줌,좀 비싼거 같은데 커 여우 니까 봐 줌,2017-11-01 22:06:57
253230,A Hat in Time,positive,당신이 생각하는것 이상으로 재밌습니다!,당신 이 생각 하는것 이상 으로 재밌습니다 !,2017-10-31 13:58:05
253230,A Hat in Time,positive,요거요거 넘무 갓겜인 거에용~~~! 게임이 아기자기해서 울 아가들 선물로 딱인 게임이랍니당! *^^*,요 거 요 거 넘 무 갓 겜 인 거 에 용 ~~~! 게임 이 아기자기해서 울 아가 들 선물 로 딱인 게임 이 랍 니당 ! *^^*,2017-10-27 20:01:16
253230,A Hat in Time,positive,넘나 귀여운 모자소녀! 알찬 플랫포머! 오홍홍 조아요,넘나 귀여운 모자 소녀 ! 알찬 플랫포머 ! 오 홍홍 조아요,2017-10-23 00:58:31
253230,A Hat in Time,positive,good :),good :),2017-10-22 17:42:22
253230,A Hat in Time,positive,"난이도가 뭔가 애매하게 쉽고, 시야 문제, 생각보다 불편한 조작감 하지만 이것들을 모두 무마시킬 정도로 재미있습니다. 추천 합니다.","난이도 가 뭔가 애매하게 쉽고 , 시야 문제 , 생각 보다 불편한 조작 감 하지만 이 것 들 을 모두 무마 시킬 정도 로 재미있습니다 . 추천 합니다 .",2017-10-22 17:30:47
253230,A Hat in Time,positive,잼있고 귀엽고 하네요 ㅎㅎ,잼있고 귀엽고 하네요 ㅎㅎ,2017-10-20 23:35:18
253230,A Hat in Time,positive,"완전 제 취향입니다. 그래픽은 좋다곤 할수없지만 랜더링에 눈깔이 뒤집히는 수준이 아니면 꽤 나쁘지 않은수준이고 전체적으로 귀엽게 디자인 되있습니다. 그리고 각 맵을 넘어갈때마다 로딩화면으로 일러스트들이 나오는데 굉장히 맘에 들었어요. 컨셉도 잘 잡아주고 스크린샷 찍는 맛도 생기고 레벨디자인은 전체적으로 쉬운 느낌입니다. 저같은 퍼즐고자 손잭스도 꽤나 쉽게 찾을수 있게 설계되있고, 컨트롤에 자신있으면 간단한 벽타기나 꼼수로 통과되는 퍼즐도 몇몇 있고요. 그렇다고 마냥 지루하진 않고, 곳곳에 소소하게 즐길거리들을 넣어놔서 스피드런","완전 제 취향 입니다 . 그래픽 은 좋다곤 할수 없지만 랜더링 에 눈 깔이 뒤집히는 수준 이 아니면 꽤 나쁘지 않은 수준 이고 전체 적 으로 귀엽게 디자인 되있습니다 . 그리고 각 맵 을 넘어갈 때 마다 로딩 화면 으로 일러스트 들 이 나오는데 굉장히 맘 에 들었어요 . 컨셉 도 잘 잡아주고 스크린샷 찍는 맛 도 생기 고 레벨 디자인 은 전체 적 으로 쉬운 느낌 입니다 . 저 같은 퍼즐 고자 손 잭스 도 꽤 나 쉽게 찾을수 있게 설계 되있고 , 컨트롤 에 자신있으면 간단한 벽 타기나 꼼수 로 통과 되는 퍼즐 도 몇몇 있고요 . 그렇다고 마냥 지루하진 않고 , 곳곳 에 소소하게 즐길 거리 들 을 넣어 놔서 스피드 런",2017-10-20 00:21:21
253230,A Hat in Time,positive,개귀여움,개 귀여 움,2017-10-18 05:23:40
253230,A Hat in Time,positive,갓-겜 스쿠터 타는게 존잼이니 스쿠터 타는거부터 하자,갓 - 겜 스쿠터 타는게 존잼 이니 스쿠터 타는거부터 하자,2017-10-17 01:20:43
253230,A Hat in Time,positive,마리오 64가 생각나는 초갓겜입니다 영어든 뭐든 일단 삽시다 스토리 몰라도 주인공 귀여운맛에 할 수 있습니다 (사실 알고보면 스토리는 단순합니다) 질러라!,마리오 64 가 생각나는 초 갓 겜 입니다 영어 든 뭐 든 일단 삽시다 스토리 몰라도 주인공 귀여운 맛 에 할 수 있습니다 ( 사실 알 고 보면 스토리 는 단순합니다 ) 질러라 !,2017-10-16 04:39:16
253230,A Hat in Time,positive,갓ㅡ겜,갓 ㅡ 겜,2017-10-15 05:20:28
253230,A Hat in Time,positive,뿌-야-!,뿌 - 야 -!,2017-10-13 19:41:19
253230,A Hat in Time,positive,첫 동영상 30초 부근 뿌야 하나로 살 이유는 충분합니다.,첫 동영상 30초 부근 뿌 야 하나로 살 이유 는 충분합니다 .,2017-10-13 10:44:08
253230,A Hat in Time,positive,"중절모를 쓴 시간 속 소녀가 전해준 3D 플랫포머의 부활. 우주선을 몰고 우주를 순항하는 귀여운 소녀 모자 꼬마가 주인공으로 등장하는 게임이며, 모종의 사고로 인해 잃어버린 모래시계들을 다섯 구역을 돌아다니며 한 개씩 찾으러 다녀야 한다. 각 챕터의 액트마다 특정한 미션이 주어지며, 특정 액트를 제외하면 주어진 스테이지를 자유롭게 돌아다니는 것이 가능하다. 이는 3D로 나온 슈퍼마리오 시리즈와 유사한 방식이며, 전반적으로는 슈퍼마리오 64와 썬샤인을 적절히 섞은 느낌이다. 총 5개의 챕터가 준비되있으며, 각 챕터마다 개성이","중절모 를 쓴 시간 속 소녀 가 전 해준 3 D 플랫포머 의 부활 . 우주선 을 몰고 우주 를 순항 하는 귀여운 소녀 모자 꼬마 가 주인공 으로 등장 하는 게임 이며 , 모종 의 사고 로 인해 잃어버린 모래시계 들 을 다섯 구역 을 돌아다니며 한 개 씩 찾으러 다녀야 한다 . 각 챕 터 의 액트 마다 특정한 미션 이 주어지며 , 특정 액트 를 제외 하면 주어진 스테이지 를 자유롭게 돌아다니는 것 이 가능하다 . 이는 3 D 로 나온 슈퍼마리오 시리즈 와 유사한 방식 이며 , 전반 적 으로는 슈퍼마리오 64 와 썬 샤인 을 적절히 섞은 느낌 이다 . 총 5 개 의 챕 터 가 준비 되있으며 , 각 챕 터 마다 개성 이",2017-10-12 19:50:28
253230,A Hat in Time,positive,최근에 유저한글패치가 떴더라구요 그래서 다시 했는데 여전히 재밌고 음악도 좋고 캐릭터들도 귀엽고 역시나 갓게임이었습니다 한글번역 감사합니다 ----------------------------------------------------------------------------------------------------- 이 게임 완전 재밌게 플레이했네요 영알못인데 수월하게 플레이는 개뿔 조금 힘들었는데 일일이 번역기 돌리면서 하니깐 힘들어도 재밌음!! 배경 굳 캐릭터 완전 귀엽 브금 갓 게임도 하다보면 지루할,최근 에 유저 한글패치 가 떴더라구요 그래서 다시 했는데 여전히 재밌고 음악 도 좋고 캐릭터 들 도 귀엽고 역시 나 갓 게임 이었습니다 한글 번역 감사합니다 ----------------------------------------------------------------------------------------------------- 이 게임 완전 재밌게 플레이 했네요 영 알못인데 수월하게 플레이 는 개뿔 조금 힘들었는데 일일이 번역기 돌리면서 하 니깐 힘들어도 재밌음 !! 배경 굳 캐릭터 완전 귀엽 브금 갓 게임 도 하다 보면 지루할,2017-10-11 09:16:30
253230,A Hat in Time,positive,땀내나는 게임만 하다가 이걸 하니 힐링이 된다,땀내나는 게임 만 하다가 이 걸 하니 힐링 이 된다,2017-10-10 16:19:42
253230,A Hat in Time,positive,아니 시간가는줄도 모르고 했네 이런 갓겜은 무조건 해야합니다,아니 시간 가는줄도 모르고 했네 이런 갓 겜 은 무조건 해야 합니다,2017-10-09 21:24:55
253230,A Hat in Time,positive,갓 ㅡ 겜,갓 ㅡ 겜,2017-10-09 20:00:40
253230,A Hat in Time,positive,"별로 기대안하고 했었는데 개성있는 스토리, 액션에 게임하면서 내내 즐거웠습니다. 영어의 장벽이 조금 있지만 감안하고서 게임해도 재밌어요. 다들 꼭 사서 해보시길 바랍니다.","별로 기 대안 하고 했었는데 개성 있는 스토리 , 액션 에 게임 하면서 내내 즐거웠습니다 . 영어 의 장벽 이 조금 있지만 감안 하고서 게임 해도 재밌어요 . 다 들 꼭 사서 해보시길 바랍니다 .",2017-10-09 17:33:02
253230,A Hat in Time,positive,스팀 처음 사는거라 고심해서 샀는데 진짜 재밌다.노트북에서는 조금 화면이 어지러울 수 있다 렉 때문에되긴 된다.조작키를 알고 하면 재밌다 같은 맵에서 몇번 돌아다니면 몰랐던 기능을 알게 된다 ㅋㅋ영어라서 내가 이게임을 알고하는건지는 모르겠지만 ..마피아가 착한앤지 알았다 우산없었을때 ㅋㅋㅋ 점프 공격도 재밌고 종이 수집도 재밋다 .. 상점아저씨 너무 무섭다..맵의 책표시는 뭐고 해골 표시는 뭔지 모르겠다 재밌다 . 철회안할것 같다 .시간이 잘간다,스팀 처음 사는거라 고심 해서 샀는데 진짜 재밌다 . 노트북 에서는 조금 화면 이 어지러울 수 있다 렉 때문 에 되긴 된다 . 조 작 키 를 알 고 하면 재밌다 같은 맵 에서 몇번 돌아다니면 몰랐던 기능 을 알 게 된다 ㅋㅋ 영어 라서 내 가 이 게임 을 알고하는 건지는 모르겠지만 .. 마피아 가 착한 앤지 알았다 우산 없었을 때 ㅋㅋㅋ 점프 공격 도 재밌고 종이 수집 도 재밋다 .. 상점 아저씨 너무 무섭다 .. 맵 의 책 표시 는 뭐 고 해골 표시 는 뭔 지 모르겠다 재밌다 . 철회 안 할것 같다 . 시간 이 잘 간다,2017-10-09 16:04:36
253230,A Hat in Time,positive,초보자 꿀팁: 1번 4번키 그리고 스쿠터 탈때 컨트롤키 꼭 눌러보세요 숙련자 꿀팁: 표정 선택 모드 받으세요. 이겜 최종컨텐츠는 셀카입니다 https://steamcommunity.com/sharedfiles/filedetails/?id=1403071013 제 모드라 제 입으로 말하긴 좀 그렇지만 이것도 추천합니다 https://steamcommunity.com/sharedfiles/filedetails/?id=1378436517 모.자.조.아.🎩,초보자 꿀팁 : 1 번 4 번키 그리고 스쿠터 탈때 컨트롤키 꼭 눌러 보세요 숙련 자 꿀팁 : 표정 선택 모드 받으세요 . 이 겜 최종 컨텐츠 는 셀카 입니다 https://steamcommunity.com/sharedfiles/filedetails/?id=1403071013 제 모드 라 제 입 으로 말 하긴 좀 그렇지만 이 것 도 추천 합니다 https://steamcommunity.com/sharedfiles/filedetails/?id=1378436517 모 . 자 . 조 . 아 . 🎩,2017-10-09 05:55:03
253230,A Hat in Time,positive,아직 10시간도 안했는데 너무너무 재밌다 슈퍼마리오 64를 할때도 정말 재밌었고 항상 다시하고 싶었는데 64보다 더 재밌다 64가 재밌었던 이유가 3d 플랫포머에 더해서 스테이지마다 다양한 특색을 가졌기 때문이었는데 이겜은 더 개성있는 스테이지를 가지고 있다 가장 중요한 것은 주인공이 정말 귀엽다 지금까지의 진행도를 보면 플레이 타임은 그렇게 길지 않을 것 같은게 너무 아쉽다 삼만원이 아깝지 않은 정말 갓겜중의 갓겜이다 ------------------------------------------------------------,아직 10시간 도 안 했는데 너무 너무 재밌다 슈퍼마리오 64 를 할 때 도 정말 재밌었고 항상 다시 하고 싶었는데 64 보다 더 재밌다 64 가 재밌었던 이유 가 3 d 플랫포머 에 더해서 스테이지 마다 다양한 특색 을 가졌기 때문 이었는데 이 겜 은 더 개성 있는 스테이지 를 가지 고 있다 가장 중요한 것 은 주인공 이 정말 귀엽다 지금 까지의 진행 도를 보면 플레이 타임 은 그렇게 길지 않을 것 같은게 너무 아쉽다 삼만원 이 아깝지 않은 정말 갓 겜 중 의 갓 겜 이다 ------------------------------------------------------------,2017-10-09 00:42:17
253230,A Hat in Time,positive,"엄청 잠깐 해보았는데 정말 괜찮은 게임입니다. 이런 게임을 어떤 종류라고 말하는 지 잘 모르겠네요 퍼즐 방식에 아주 쉬운 캐주얼 게임입니다. 한글 미지원이여도 게임 시작하고 잘 만든 인트로 덕에 5분만에 무얼 해야 하는지 알게됩니다, 물론 영어 독해능력이 조금만 받쳐주면 스토리 진행도 괜찮은 게임인걸 금방 알 수 있습니다. 게임 시작부터 중간중간 영상 컷씬 구성 모두 굉장히 알차고 필드 ~ 보스전 모두 탄탄하게 만들어져 있습니다, 스토리 직진 진행 외에도 게임 하다보면 자연스레 얻게되는 아이템과 금고안에 숨겨진 아이템 찾기 같","엄청 잠깐 해보았는데 정말 괜찮은 게임 입니다 . 이런 게임 을 어떤 종류 라고 말 하는 지 잘 모르겠네요 퍼즐 방식 에 아주 쉬운 캐 주얼 게임 입니다 . 한글 미지 원 이여 도 게임 시작 하고 잘 만든 인트 로 덕 에 5분 만에 무얼 해야 하는지 알 게 됩니다 , 물론 영어 독해 능력 이 조금 만 받쳐주면 스토리 진행 도 괜찮은 게임 인걸 금방 알 수 있습니다 . 게임 시작 부터 중간 중간 영상 컷씬 구성 모두 굉장히 알차고 필드 ~ 보스 전 모두 탄탄하게 만들어져 있습니다 , 스토리 직진 진행 외 에도 게임 하다 보면 자연스레 얻게 되는 아이템 과 금 고안 에 숨겨진 아이템 찾기 같",2017-10-08 19:42:17
253230,A Hat in Time,positive,"이게 메타 79점인대 말이애요 메타 79점에는 디비전, 폴아웃4 DLC, 롤코타 3가 들어있으여 메타가 얼마나 겜알못인지 보여주는 좋은 예 라고 할 수 잇갯내요 아님 3D 플랫포머라곤 슈마갤이랑 마리오 64만 해서 눈만 높아질대로 높아져가지고 겜하는 내내 엄근진 하고있던가 돈값 하는 수-퍼두퍼 갓갬입니당 3D 플랫포머 조아하시는 분들이면 진자 꼭사시길","이 게 메타 79 점 인대 말 이애 요 메타 79 점 에는 디 비전 , 폴아웃 4 DLC , 롤 코타 3 가 들어있으여 메타 가 얼마나 겜알못 인지 보여주는 좋은 예 라고 할 수 잇갯내 요 아님 3 D 플랫포머 라곤 슈마갤 이랑 마리오 64만 해서 눈 만 높아질대로 높아져가지고 겜 하는 내내 엄근진 하고있던가 돈값 하는 수 - 퍼두퍼 갓 갬 입니당 3 D 플랫포머 조아하시는 분 들 이면 진자 꼭 사시길",2017-10-08 18:56:20
253230,A Hat in Time,positive,넘모 재밌어용,넘 모 재밌어용,2017-10-08 15:23:30
253230,A Hat in Time,positive,베타테스트 버전을 플레이하며 1년 반 동안 기다려 왔던 나에게는 모든 것이 환상적이었다. 소수의 개발진이 만들었다고는 믿기지 않을 정도의 퀄리티에 그 안에서 느낄 수 있는 과거 3D 플랫포머의 향수는 아직도 잘 먹히는 것 같다. 젤다의 전설 : 바람의 택트 같은 그래픽에 슈퍼마리오 64나 Banjo-Kazooie 시리즈 같은 게임 플레이. 이것이 만나 걸출한 작품 하나가 완성되었다. 또한 이러한 게임들이 스피드 런에 특화되어있다는 것을 인식했는지 스피드 런 이벤트를 개최하거나 게임 내에 타이머 기능이 내장되어있다. 많은 유저들,베타테스트 버전 을 플레이 하며 1년 반 동안 기다려 왔던 나 에게는 모든 것 이 환상 적 이었다 . 소수 의 개발 진 이 만들었다고는 믿기지 않을 정도 의 퀄리티 에 그 안 에서 느낄 수 있는 과거 3 D 플랫포머 의 향수 는 아직도 잘 먹히는 것 같다 . 젤다 의 전설 : 바람 의 택트 같은 그래픽 에 슈퍼마리오 64 나 Banjo - Kazooie 시리즈 같은 게임 플레이 . 이 것 이 만나 걸 출한 작품 하나 가 완성 되었다 . 또한 이러한 게임 들 이 스피드 런 에 특 화 되어있다는 것 을 인식 했는지 스피드 런 이벤트 를 개최 하 거나 게임 내 에 타이머 기능 이 내장 되어있다 . 많은 유저 들,2017-10-06 20:29:14
253230,A Hat in Time,positive,"어릴 적 슈퍼마리오 64 DS를 즐겨한 사람으로서 3D 플랫포머 장르를 더 해보고 싶었으나유행이 지났는지 개발이 되지 않았습니다. 하지만 이 제작사는 사람들의 염원을 실현시키고자 마리오 64같은 3D 플랫포머 장르를 부활시키고자 이 물건을 만들고 맙니다.그리고 해 본 결과는 단연 최고... 일단 3D 플랫포머에서 중요한 레벨 디자인과 컨트롤, 엉성하게 만들어졌다면 어느 루트를 타든 간에 불편함이 느껴지고 답답해지기가 쉬워지는데, 아주 신기하게도 이 게임은 그 요소를 찾아볼 수가 없었습니다. 줄 매달기, 더블 점프, 더블 점프 후","어릴 적 슈퍼마리오 64 DS 를 즐겨한 사람 으로서 3 D 플랫포머 장르 를 더 해보고 싶었으나 유행 이 지났는지 개발 이 되지 않았습니다 . 하지만 이 제작사 는 사람 들 의 염원 을 실현 시키고자 마리오 64 같은 3 D 플랫포머 장르 를 부활 시키고자 이 물건 을 만들고 맙니 다 . 그리고 해 본 결과 는 단연 최고 ... 일단 3 D 플랫포머 에서 중요한 레벨 디자인 과 컨트롤 , 엉 성하게 만들어졌다면 어느 루트 를 타든 간 에 불편함이 느껴지고 답답해 지기 가 쉬워지는데 , 아주 신기하게도 이 게임 은 그 요소 를 찾아볼 수가 없었습니다 . 줄 매 달기 , 더블 점프 , 더블 점프 후",2017-10-06 19:55:55
253230,A Hat in Time,positive,"E3에서 트레일러 보자마자 구매 결정하고, 발매되자마자 구매했습니다. 일단 캐릭터가 귀엽습니다. Hat kid... 우리말로 번역하면 모자 소녀인데, 조작감도 훌륭하고 딱 제 스타일이네요. 게임 분위기가 툰 링크가 나오는 [젤다의 전설 - 몽환의 모래시계]랑 비슷해서 정말 마음에 들어요. 헤헤","E 3 에서 트레일러 보자마자 구매 결정 하고 , 발매 되자마자 구매 했습니다 . 일단 캐릭터 가 귀엽습니다 . Hat kid ... 우리말 로 번역 하면 모자 소녀 인데 , 조작 감도 훌륭하고 딱 제 스타일 이네 요 . 게임 분위기 가 툰 링크 가 나오는 [ 젤다 의 전설 - 몽환 의 모래시계 ] 랑 비슷해서 정말 마음 에 들어요 . 헤헤",2017-10-06 14:48:46
253230,A Hat in Time,positive,⠀⠀⠀⠀⠀⠀⠀⠀⠀⠀⠀⠀⠀⠀⠀⠀⠀⠀⠀⠀⠀⠀⠀⠀⠀⠀⠀⠀⠀⠀⠀⠀⠀⠀⠀⠀⠀⠀⠀⠀⠀⠀⠀⠀⠀⠀⠀⠀⠀⠀⠀⠀⠀⠀⠀⠀⠀⠀⠀⠀ ⠀⠀⠀⠀⠀⠀⠀⠀⠀⠀⠀⠀⠀⠀⠀⠀⠀⠀⠀⠀⠀⠀⠀⠀⠀⠀⠀⠀⠀⠀⠀⠀⠀⠀⠀⠀⠀⠀⠀⠀⠀⠀⠀⠀⠀⠀⠀⠀⠀⠀⠀⠀⠀⠀⠀⠀⠀⠀⠀⠀ ⠀⠀⠀⠀⠀⠀⠀⠀⠀⠀⠀⠀⠀⠀⠀⠀⠀⠀⠀⠀⠀⠀⠀⠀⠀⠀⠀⠀⠀⠀⠀⠀⠀⠀⠀⠀⠀⠀⠀⠀⠀⠀⠀⠀⠀⠀⠀⠀⠀⠀⠀⠀⠀⠀⠀⠀⠀⠀⠀⠀ ⠀⠀⠀⠀⠀⠀⠀⠀⠀⠀⠀⠀⠀⠀⠀⠀⠀⠀⠀⠀⠀⠀⠀⠀⠀⠀⠀⠀⠀⠀⠀⠀⠀⣠⣤⣤⣤⣀⠀⠀⠀⠀⠀⠀⠀⠀⠀⠀⠀⠀⠀⠀⠀⠀⠀⠀⠀⠀⠀⠀ ⠀⠀⠀⠀⠀⠀⠀⠀⠀⠀⠀⠀⠀⠀⠀⠀⠀⠀⠀⠀⠀⠀⠀⠀⠀⠀⠀⠀⠀⠀⠀⢀⣾⣿⣿⣿⣿⣿⣿⣶⣄⠀⠀⠀⠀⠀⠀⠀⠀⠀⠀⠀⠀⠀⠀⠀,⠀⠀⠀⠀⠀⠀⠀⠀⠀⠀⠀⠀⠀⠀⠀⠀⠀⠀⠀⠀⠀⠀⠀⠀⠀⠀⠀⠀⠀⠀⠀⠀⠀⠀⠀⠀⠀⠀⠀⠀⠀⠀⠀⠀⠀⠀⠀⠀⠀⠀⠀⠀⠀⠀⠀⠀⠀⠀⠀⠀ ⠀⠀⠀⠀⠀⠀⠀⠀⠀⠀⠀⠀⠀⠀⠀⠀⠀⠀⠀⠀⠀⠀⠀⠀⠀⠀⠀⠀⠀⠀⠀⠀⠀⠀⠀⠀⠀⠀⠀⠀⠀⠀⠀⠀⠀⠀⠀⠀⠀⠀⠀⠀⠀⠀⠀⠀⠀⠀⠀⠀ ⠀⠀⠀⠀⠀⠀⠀⠀⠀⠀⠀⠀⠀⠀⠀⠀⠀⠀⠀⠀⠀⠀⠀⠀⠀⠀⠀⠀⠀⠀⠀⠀⠀⠀⠀⠀⠀⠀⠀⠀⠀⠀⠀⠀⠀⠀⠀⠀⠀⠀⠀⠀⠀⠀⠀⠀⠀⠀⠀⠀ ⠀⠀⠀⠀⠀⠀⠀⠀⠀⠀⠀⠀⠀⠀⠀⠀⠀⠀⠀⠀⠀⠀⠀⠀⠀⠀⠀⠀⠀⠀⠀⠀⠀⣠⣤⣤⣤⣀⠀⠀⠀⠀⠀⠀⠀⠀⠀⠀⠀⠀⠀⠀⠀⠀⠀⠀⠀⠀⠀⠀ ⠀⠀⠀⠀⠀⠀⠀⠀⠀⠀⠀⠀⠀⠀⠀⠀⠀⠀⠀⠀⠀⠀⠀⠀⠀⠀⠀⠀⠀⠀⠀⢀⣾⣿⣿⣿⣿⣿⣿⣶⣄⠀⠀⠀⠀⠀⠀⠀⠀⠀⠀⠀⠀⠀⠀⠀,2021-01-16 17:48:10
253230,A Hat in Time,positive,하는내내 함박웃음 지어짐 ㄹㅇ,하는내내 함박 웃음 지어 짐 ㄹㅇ,2021-01-17 23:34:52
253230,A Hat in Time,positive,그래픽 보고 우습게 보면 안되는겜,그래픽 보고 우습게 보면 안되는 겜,2021-01-17 22:33:53
253230,A Hat in Time,positive,플레이 하면서 미소가 지어지는 게임 힐링 되는 기분이었다,플레이 하면서 미소 가 지어지는 게임 힐링 되는 기분 이었다,2021-01-19 11:06:56
253230,A Hat in Time,positive,컴퓨터판 모드 적용되는 마딧세이 기본 스토리도 난이도 꽤 있고 dlc 스테이지는 이런 류 게임들중에 가장 어려운 난이도라고 해도 무방할정도로 욕나오는 난이도를 자랑함미다 가격대가 꽤 있으니 사고싶으신 분들은 무조건 세일할 때 사시는거 추천 모드갓겜이니 영어 꽤 하시는분들은 모드깔아서 하시는거 강추,컴퓨터 판 모드 적용 되는 마딧 세이 기본 스토리 도 난이도 꽤 있고 dlc 스테이지 는 이런 류 게임 들 중 에 가장 어려운 난이도 라고 해도 무방 할 정도 로 욕 나오는 난이도 를 자랑 함 미다 가격 대가 꽤 있으니 사고싶으신 분 들 은 무조건 세 일 할 때 사시는거 추천 모드 갓 겜 이니 영어 꽤 하시는 분 들 은 모드 깔아서 하시는거 강추,2021-01-20 18:23:45
253230,A Hat in Time,positive,갓겜,갓 겜,2021-01-20 09:28:13
253230,A Hat in Time,positive,내가 이 게임을 하고 3D 멀미 한다는 사실을 알았음 재미있고 간단하게 즐기기 좋은데 조금 오래 잡으면 너무 눈과 마리가 피로함,내 가 이 게임 을 하고 3 D 멀미 한다는 사실 을 알았음 재미있고 간단하게 즐기기 좋은데 조금 오래 잡으면 너무 눈 과 마리 가 피로함,2021-01-22 00:20:47
253230,A Hat in Time,positive,굿,굿,2021-01-21 23:43:57
253230,A Hat in Time,positive,"어릴적에 선샤인, 64를 재밌게 했는데 그 만큼의 재미를 뽑아내는 게임같다.","어릴 적 에 선샤인 , 64 를 재밌게 했는데 그 만큼의 재미 를 뽑아내는 게임 같다 .",2021-01-21 20:39:13
