app_id,app_name,sentiment,review_original,review_tokenized,timestamp
377160,Fallout 4,positive,수인모드를 깔고 해보세요 츄라이!!,수인 모드 를 깔고 해보세요 츄 라이 !!,2021-01-21 05:56:59
377160,Fallout 4,positive,"자잘한 버그와 망할 반복퀘가 힘들게 하지만 수많은 서브퀘스트, npc각자의 스토리가 모두 재밌고 가는곳마다 지역이나 인물에 대한 이야기가 있어서인지 오픈월드를 정말 탐험하는 듯한 재미와 몰입감이 너무 좋다 꿀꿀잼","자잘한 버그 와 망할 반복 퀘 가 힘들게 하지만 수많은 서브 퀘스트 , npc 각자 의 스토리 가 모두 재밌고 가는 곳 마다 지역 이나 인물 에 대한 이야기 가 있어서 인지 오픈월드 를 정말 탐험 하는 듯 한 재미 와 몰입 감 이 너무 좋다 꿀꿀 잼",2021-01-21 02:52:35
377160,Fallout 4,positive,부족한점은 많아도 파워아머가 멋지게나온다,부족한 점 은 많아도 파워 아 머 가 멋지게나 온다,2021-01-21 00:17:28
377160,Fallout 4,positive,갓겜임,갓 겜임,2021-01-20 21:56:08
377160,Fallout 4,positive,게임 파일보다 설치한 모드가 더 많은 게임,게임 파일 보다 설치 한 모드 가 더 많은 게임,2021-01-19 23:37:38
377160,Fallout 4,positive,폴아웃76으로 입문했다가 여기로 왔어요 ㅋㅋ,폴아웃 76 으로 입문 했다가 여기 로 왔어요 ㅋㅋ,2021-01-19 18:13:34
377160,Fallout 4,positive,"""War, War never changes.""",""" War , War never changes .""",2021-01-19 07:41:44
377160,Fallout 4,positive,"기존 폴아웃 시리즈와의 차이를 만들려 했는지 빌리징 시스템에 많이 신경 썼다는 게 보인다. DLC의 절반이 건축물 추가에다가, 파 하버를 제외한 나머지 2개도 결국은 컨텐츠 추가용 DLC에 불과했다는 점에서 알 수 있었다 이렇게 빌리징을 하다 보면 끝도 없이 파고들어 갈 수 있지만, 기존 폴아웃 유저들이 기대했던 선택의 자유와 롤플레잉의 면에서 보자면 실망스러운 작품이 아닐 수 없다. 그래도 재미는 있었다","기존 폴아웃 시리즈 와의 차이 를 만들려 했는지 빌리 징 시스템 에 많이 신경 썼다는 게 보인다 . DLC 의 절반 이 건축물 추가 에다가 , 파 하버 를 제외 한 나머지 2 개도 결국 은 컨텐츠 추 가용 DLC 에 불과했다는 점 에서 알 수 있었다 이렇게 빌리 징 을 하다 보면 끝 도 없이 파고들어 갈 수 있지만 , 기존 폴아웃 유저 들 이 기대했던 선택 의 자유 와 롤플레잉 의 면 에서 보자면 실망 스러운 작품 이 아닐 수 없다 . 그래도 재미 는 있었다",2021-01-19 07:39:02
377160,Fallout 4,positive,니들은 손이 없냐 발이 없냐 정착민 색휘들아,니 들 은 손 이 없냐 발 이 없냐 정착민 색휘 들 아,2021-01-19 00:48:48
377160,Fallout 4,positive,모드만 있으면 매번이 새로운 게임,모드 만 있으면 매번 이 새로운 게임,2021-01-18 23:39:00
377160,Fallout 4,positive,"레데리2,gta5나 위쳐3 같은 오픈월드랑은 친절하게 방향을 알려주진않습니다 대신 폴아웃4는 아포칼립스 세계관 자체를 굉장히 잘표현했습니다 방향성을 타사 게임에 비해 잘알려주지 않는것도 하나에 장점이 되는이유가 아포칼립스 느낌을 더 강하게 주는듯 싶습니다. 또한 타사 오픈월드보다 훨씬 차근하게 플레이하시길 방향을 가이드를 잘안해주다보니 스토리만 깨려한다면 지루할수있습니다.","레 데리 2 , gta 5 나 위 쳐 3 같은 오픈월드 랑은 친절하게 방향 을 알려주진 않습니다 대신 폴아웃 4 는 아포칼립스 세계관 자체 를 굉장히 잘 표현 했습니다 방향성 을 타사 게임 에 비해 잘알려주지 않는것도 하나 에 장점 이 되는 이유 가 아포칼립스 느낌 을 더 강하게 주는듯 싶습니다 . 또한 타사 오픈월드 보다 훨씬 차근하게 플레이 하시길 방향 을 가이드 를 잘 안 해주다 보니 스토리 만 깨려 한다면 지루할수있습니다 .",2021-01-18 22:10:46
377160,Fallout 4,positive,갓겜,갓 겜,2021-01-18 15:40:04
377160,Fallout 4,positive,팔라딘 댄스를 전우조삼아 즐거운 황무지 생활을 해보십시오 여려분!,팔라딘 댄스 를 전우 조삼 아 즐거운 황무지 생활 을 해보십시오 여 려 분 !,2021-01-18 15:12:36
377160,Fallout 4,positive,모드없이 엔딩보고 그뒤로 모드적용해가면서 해봅니다! 개꿀잼!,모드 없이 엔딩 보고 그 뒤 로 모드 적 용해가면서 해봅니다 ! 개꿀잼 !,2021-01-18 13:56:10
377160,Fallout 4,positive,이게 선녀였다,이 게 선녀 였다,2021-01-18 03:05:15
377160,Fallout 4,positive,아포칼립스 최고!!,아포칼립스 최고 !!,2021-01-17 22:32:56
377160,Fallout 4,positive,나나코 모드를 설치하려고 구매했습니다. 후회는 없습니다.,나나 코 모드 를 설치 하려고 구매 했습니다 . 후회 는 없습니다 .,2021-01-17 22:04:34
377160,Fallout 4,positive,"게임플레이, 편의성이라는 살을 취하고 매력있는 스토리라는 뼈를 버린 게임","게임 플레이 , 편의 성 이라는 살 을 취하 고 매력 있는 스토리 라는 뼈 를 버린 게임",2021-01-17 19:38:41
377160,Fallout 4,positive,"After Cyberpunk, I changed my mind","After Cyberpunk , I changed my mind",2021-01-17 17:54:11
377160,Fallout 4,positive,와!,와 !,2021-01-15 00:00:47
377160,Fallout 4,positive,"난 갓겜이라 생각함. 폴아웃 자체 분위기는 3, 뉴베라고 하는데 솔직히 뭐가 없어도 어지간히 없음. 필드가 너무 황량함. 그래서 차라리 4가 더 나음.","난 갓 겜 이라 생각 함 . 폴아웃 자체 분위기 는 3 , 뉴베 라고 하는데 솔직히 뭐 가 없어도 어지간히 없음 . 필드 가 너무 황량 함 . 그래서 차라리 4 가 더 나음 .",2021-01-14 22:34:34
377160,Fallout 4,positive,모드 없어도 재밌고 모드있으면 훨잼씀,모드 없어도 재밌고 모드 있으면 훨잼씀,2021-01-14 19:39:46
377160,Fallout 4,positive,의외로 재밌는데???,의외로 재밌는데 ???,2021-01-14 00:16:04
377160,Fallout 4,positive,폴아웃 시리즈를 이걸로 접해서 이전작은 모르나 그냥 재밌게 했음,폴아웃 시리즈 를 이 걸 로 접 해서 이 전작 은 모르나 그냥 재밌게 했음,2021-01-13 23:11:40
377160,Fallout 4,positive,재미는 있는데 멀미나서 오래는 못하겠음,재미 는 있는데 멀미 나서 오래 는 못 하겠음,2021-01-13 18:42:01
377160,Fallout 4,positive,왜 재밌냐 뭐냐,왜 재밌냐 뭐 냐,2021-01-13 11:18:37
377160,Fallout 4,positive,재밌긴 한데 인도자랑 뿌리고 기도해라 얻은 시점에서 겜 난이도가 급 하락함.,재밌긴 한데 인도 자랑 뿌리 고 기도 해라 얻은 시점 에서 겜 난이도 가 급 하락 함 .,2021-01-13 08:01:20
377160,Fallout 4,positive,무난하게 재밌다. 팩션별로 엔딩 다 보고 나니까 이제 손대기 귀찮아짐. 벌레 모델링이 엄청나다ㅋㅋㅋㅋㅋㅋㅋ,무난 하게 재밌다 . 팩션 별로 엔딩 다 보고 나 니까 이제 손대기 귀찮아 짐 . 벌레 모델링 이 엄청나다 ㅋㅋㅋㅋㅋㅋㅋ,2021-01-12 22:18:59
377160,Fallout 4,positive,코카콜라에 라듐을 첨가하면 누카콜라맛을 낼수있나요?,코카콜라 에 라듐 을 첨가 하면 누카 콜라 맛 을 낼수있나요 ?,2021-01-12 14:32:52
377160,Fallout 4,positive,그냥 갓,그냥 갓,2021-01-11 22:47:54
377160,Fallout 4,positive,FPS TPS 동물의 숲 심즈,FPS TPS 동물 의 숲 심즈,2021-01-11 16:20:33
377160,Fallout 4,positive,Good!,Good !,2021-01-10 23:34:42
377160,Fallout 4,positive,"오픈월드 게임을 처음 하는 게이머에게는 바로 스카이림과 이 게임, 폴아웃 4를 강력하게 추천합니다. 단점? 메인스토리와 팩션 일부가 약간 호불호가 갈릴 수 있으나 몇회차 플레이를 하건 재미를 보장합니다. 정가를 주고 사서 해도 전혀 아깝지 않은 게임 중 하나","오픈월드 게임 을 처음 하는 게이머 에게는 바로 스카이림 과 이 게임 , 폴아웃 4 를 강력하게 추천 합니다 . 단점 ? 메인 스토리 와 팩션 일부 가 약간 호불호 가 갈릴 수 있으나 몇 회차 플레이 를 하 건 재미 를 보장 합니다 . 정가 를 주고 사서 해도 전혀 아깝지 않은 게임 중 하나",2021-01-10 19:05:32
377160,Fallout 4,positive,컴퓨터가 안좋아서 제대로 못했어요,컴퓨터 가 안좋아서 제대로 못 했어요,2021-01-10 16:07:36
377160,Fallout 4,positive,"엄청난 몰입감과 세계관, 팩션간의 이념충돌과 그중 하나를 선택하는 자신. 그런데 버그 왜 이렇게 끔찍하냐? . . . . 아니 버그 왤캐 끔찍하냐고 아 ㅋㅋ","엄청난 몰입 감 과 세계관 , 팩션 간 의 이념 충돌 과 그중 하나 를 선택 하는 자신 . 그런데 버그 왜 이렇게 끔찍하냐 ? . . . . 아니 버그 왤 캐 끔찍하냐고 아 ㅋㅋ",2021-01-10 11:54:23
377160,Fallout 4,positive,재밌음,재밌음,2021-01-09 23:58:07
377160,Fallout 4,positive,개꿀잼,개꿀잼,2021-01-09 21:53:53
377160,Fallout 4,positive,"스토리, 커스터마이징, 건설, 등등 대부분의 면에서 재밌음. 근데 그놈의 Tlqkf 선택지가 4개 밖에 읎자너 1. 레일로드 엔딩 2. 인스티튜드 동맹 3. 미닛맨 4. 브라더후드 오브 더 스틸즈 그리고 대화도 예전같지가 않음. 옛날에는 대화 할수 있는게 5가지 이상이였는데 이제는... 무 조 건 4개 이하, 4개 그래서 폴아웃 특유의 대화를 좋아한다면 비추 ㅇㅇ","스토리 , 커스터 마이 징 , 건설 , 등등 대부분 의 면 에서 재밌음 . 근데 그 놈 의 Tlqkf 선택 지 가 4 개 밖에 읎자너 1 . 레일로드 엔딩 2 . 인 스티 튜드 동맹 3 . 미닛맨 4 . 브라더후드 오브 더 스틸 즈 그리고 대화 도 예전 같지가 않음 . 옛날 에는 대화 할수 있는게 5 가지 이상 이 였는데 이제 는 ... 무 조 건 4 개 이하 , 4 개 그래서 폴아웃 특유 의 대화 를 좋아한다면 비추 ㅇㅇ",2021-01-08 16:06:56
377160,Fallout 4,positive,폴아웃쉘터로 시작해서 궁금해서 해봤는데 진짜 재밌네;;,폴아웃 쉘터 로 시작 해서 궁금해서 해봤는데 진짜 재밌네 ;;,2021-01-08 12:37:13
377160,Fallout 4,positive,사펑출시전: 아 버그시발 모드발동 사펑출시후: 아 모드시발 버그발동,사 펑 출시전 : 아 버그 시발 모드 발동 사 펑 출시 후 : 아 모드 시발 버그 발동,2021-01-08 03:22:42
377160,Fallout 4,positive,갓겜,갓 겜,2021-01-07 20:24:29
377160,Fallout 4,positive,"뉴 베가스에서 받았던 재미와는 다르지만, 아무것도 없다싶이 한 황무지를 떠돌며 정착지를 꾸밀 수 있다는 것이 새로운 매력포인트로 다가와서 지금도 잘 즐기는 중. 패드로 하니까 편의성이 훨신 편해짐. 시스템 적으로도 비교적 최근 작품이라 스카이림으로 베데스다 게임을 입문한 유저도 금방 익숙해지는 느낌","뉴 베가스 에서 받았던 재미 와는 다르지만 , 아무 것 도 없다싶이 한 황무지 를 떠돌며 정착 지를 꾸밀 수 있다는 것 이 새로운 매력 포인트 로 다가와서 지금 도 잘 즐기는 중 . 패드 로 하니까 편의 성 이 훨신 편해 짐 . 시스템 적 으로도 비교 적 최근 작품 이라 스카이림 으로 베데스다 게임 을 입문 한 유저 도 금방 익숙해지는 느낌",2021-01-07 07:36:04
377160,Fallout 4,positive,꿀잼,꿀잼,2021-01-06 17:49:58
377160,Fallout 4,positive,재밌어요!,재밌어요 !,2021-01-06 10:49:01
377160,Fallout 4,positive,Dogmeat!,Dogmeat !,2021-01-05 23:41:13
377160,Fallout 4,positive,유일하게 2회차까지한 게임,유일하게 2회 차까지한 게임,2021-01-05 22:59:37
377160,Fallout 4,positive,난 괜찮음. 재밌음. 좋음. 추천함.,난 괜찮음 . 재밌음 . 좋음 . 추천 함 .,2021-01-05 20:14:47
377160,Fallout 4,positive,폴아웃4 모드 개꿀잼,폴아웃 4 모드 개꿀잼,2021-01-05 01:28:19
377160,Fallout 4,positive,B,B,2021-01-04 20:31:16
377160,Fallout 4,positive,와 스카이림 미래버전이네,와 스카이림 미래 버전 이네,2021-01-04 12:17:04
377160,Fallout 4,positive,good,good,2021-01-03 17:35:13
377160,Fallout 4,positive,벌레 징그러운거 빼면 인생겜!,벌레 징그러운거 빼면 인생 겜 !,2021-01-03 17:04:15
377160,Fallout 4,positive,"예전에 격하게 플레이했는데 후기 작성이 없어 뒤늦게 추가 포스트 아포칼립스 오픈월드 게임 원탑 - 폴아웃3 시작 > 베가스 원작요소 추가 > 폴아웃4 완성 - 배경 묘사, NPC 상호작용, 서브스토리 가 뛰어나 몰입감이 높음 - 진행상 크게 의미 없지만 하우징도 재미요소 중 하나 - 시간이 많고, 유유자적 플레이하고 싶은 사람에게 추천 - 2021년 기준으로도 그래픽이 괜찮은 편으로 플레이하기 무리없어 보임","예전 에 격하 게 플레이 했는데 후기 작성 이 없어 뒤늦게 추가 포스트 아포칼립스 오픈월드 게임 원 탑 - 폴아웃 3 시작 > 베가스 원작 요소 추가 > 폴아웃 4 완성 - 배경 묘사 , NPC 상호작용 , 서브스토리 가 뛰어나 몰입 감 이 높음 - 진행 상 크게 의미 없지만 하우 징 도 재미 요소 중 하나 - 시간 이 많고 , 유유 자 적 플레이 하고 싶은 사람 에게 추천 - 2021년 기준 으로도 그래픽 이 괜찮은 편 으로 플레이 하기 무리 없어 보임",2021-01-03 10:22:31
377160,Fallout 4,positive,폴아웃4 친구의추천으로 해봣습니다 제가 명백하게 거짓없이 파봅니다 [장점] 그래픽이 2015년겜치고 좋다 볼만하다 그리고 게임성 탁월하다. 재미도 있으며 중독성도 쩔고 연출및 스토리 자유도도 쩐다. [단점] 모드를 하지않으면 포스트아포칼립스라는 장르를 가볍게보지못할거다 맨날고갈되는 쳬력 탄약 하지만 그렇다고 모드를 깔라니 더럽게힘들며 그래서 결국 공식모드를 했따.두번째는 버그다 시발 버그가 적이 안죽는다 텟카이쓴거마냥 버그가 진행불가는 있으나 왠만해선 제접으로 끝난다 결론:모드는 깔기 시발이며 겜은 재밌다 다만 모드가 비중이커서,폴아웃 4 친구 의 추천 으로 해봣습니 다 제 가 명백하게 거짓 없이 파 봅니다 [ 장점 ] 그래픽 이 2015년 겜치고 좋다 볼 만하 다 그리고 게임 성 탁월하다 . 재미 도 있으며 중독 성도 쩔고 연출 및 스토리 자유도 도 쩐다 . [ 단점 ] 모드 를 하지 않으면 포스트 아포칼립스 라는 장르 를 가볍게 보지못 할거다 맨날 고갈 되는 쳬력 탄약 하지만 그렇다고 모드 를 깔라니 더럽게 힘들며 그래서 결국 공식 모드 를 했 따 . 두번째 는 버그 다 시발 버그 가 적 이 안 죽는다 텟 카이 쓴 거마 냥 버그 가 진행 불가 는 있으나 왠만해 선 제 접 으로 끝난다 결론 : 모드 는 깔기 시발 이며 겜 은 재밌다 다만 모드 가 비중 이 커서,2021-01-03 04:32:07
377160,Fallout 4,positive,한줄 요약: 스카이림의 포스트 아포칼립스 버젼 다만 게임은 정말 재밌다. 스카이림 못지 않게 탐험하는 재미가 쏠쏠하다.,한 줄 요약 : 스카이림 의 포스트 아포칼립스 버젼 다만 게임 은 정말 재밌다 . 스카이림 못 지 않게 탐험 하는 재미 가 쏠쏠하다 .,2021-01-03 02:21:03
377160,Fallout 4,positive,"재밌습니다. 핵전쟁 이후 재건이라는 빌리징 요소도 그렇고, 오픈월드라는 특성도 무척 잘 살아있습니다. 병맛 넘치는 이야기도 많습니다. 다만 신스라는 이번 작품의 컨셉트를 지나치게 의식해서인지 메인스토리 구성이 좀 엉성하다는 느낌을 지울 수 없고, npc가 제대로 상호작용을 하지 않거나 끼임 현상 탓에 치트 콘솔을 써야하는 상황이 종종 있다는 건 큰 문제라는 생각입니다. 팩션마다 반복 퀘스트로 분량은 늘린 점도 마이너스 요소였습니다. 그나마 레일로드 쪽이 매번 지붕에 설치해도 장소마다 개성이 살아 있어서 좋았지만, 미닛맨은 정말이지.","재밌습니다 . 핵전쟁 이후 재건 이라는 빌리 징 요소 도 그렇고 , 오픈월드 라는 특성 도 무척 잘 살아있습니다 . 병맛 넘치는 이야기 도 많습니다 . 다만 신스 라는 이번 작품 의 컨셉트 를 지나치게 의식 해서인지 메인 스토리 구성 이 좀 엉 성하다는 느낌 을 지울 수 없고 , npc 가 제대로 상호작용 을 하지 않거나 끼임 현상 탓 에 치트 콘솔 을 써야하는 상황 이 종종 있다는 건 큰 문제 라는 생각 입니다 . 팩션 마다 반복 퀘스트 로 분량 은 늘린 점도 마이너스 요소 였습니다 . 그나마 레일로드 쪽 이 매번 지붕 에 설치 해도 장소 마다 개성 이 살 아 있어서 좋았지만 , 미닛맨 은 정말 이지 .",2021-01-02 23:34:07
377160,Fallout 4,positive,"어떤 게임을 했건 간에 결국엔 폴아웃 4로 돌아오게 된다. 폴아웃 4가 대단히 잘 만든 게임이라고는 할 수 없지만, 재미있는 게임이라고는 자신있게 말할 수 있다.","어떤 게임 을 했건 간 에 결국 엔 폴아웃 4 로 돌아오게 된다 . 폴아웃 4 가 대단히 잘 만든 게임 이라고는 할 수 없지만 , 재미있는 게임 이라고는 자신있게 말 할 수 있다 .",2021-01-02 21:54:17
377160,Fallout 4,positive,전작도 재밌있게 했는데 기대이상이네요,전작 도 재밌있게 했는데 기 대 이상 이네 요,2021-01-02 21:13:24
377160,Fallout 4,positive,아 할거존나없네,아 할거 존나 없네,2021-01-02 20:17:43
377160,Fallout 4,positive,굿굿 옥션에서 사면 더 쌈,굿굿 옥션 에서 사면 더 쌈,2021-01-02 16:47:08
377160,Fallout 4,positive,다이아몬드 시티 들어갈때까지 해보셈 점점 재밌어지는중,다이아몬드 시티 들어갈 때 까지 해보셈 점점 재밌어지는 중,2021-01-02 14:15:41
377160,Fallout 4,positive,아무리 생각해도 레일로드 놈들 보면 볼수록 마음에 안든단 말이야,아무리 생각 해도 레일로드 놈 들 보면 볼수록 마음 에 안든단 말 이야,2021-01-02 13:23:06
377160,Fallout 4,positive,나나코월드,나나 코 월드,2021-01-02 11:59:12
377160,Fallout 4,positive,말이 필요합니까,말 이 필요합니까,2021-01-02 09:29:59
377160,Fallout 4,positive,베데스다 오픈월드는 다른 오픈월드랑 비교가 안됨 엄청 재미있음,베데스다 오픈월드 는 다른 오픈월드 랑 비교 가 안됨 엄청 재미있음,2021-01-01 16:58:58
377160,Fallout 4,positive,우왕ㅋ 굳ㅋ,우왕 ㅋ 굳 ㅋ,2021-01-01 15:36:30
377160,Fallout 4,positive,good,good,2020-12-31 07:50:39
377160,Fallout 4,positive,병신 같지만 멋진 그런겜,병신 같지만 멋진 그런 겜,2020-12-30 20:31:15
377160,Fallout 4,positive,이 게임만 할꺼고 이 게임을 깊게 파고 싶다면 안사는걸 추천함 버그와 얕은 깊이 때문에 실망할 것 허나 내가 모드를 사용할것이라면 추천함 온갖 버그와 얕은 부분을 모드가 커버쳐주고 모드가 새로운 길도 보여줄꺼임 결론은 모드게임이란 것 이 게임 자체는 10점중에 4점 주고 싶음 딱 1회차 때만 재밌는 게임,이 게임 만 할꺼고 이 게임 을 깊게 파고 싶다면 안 사는걸 추천 함 버그 와 얕은 깊이 때문 에 실망할 것 허나 내 가 모드 를 사용 할것이라면 추천 함 온갖 버그 와 얕은 부분 을 모드 가 커버 쳐주고 모드 가 새로운 길도 보여줄꺼 임 결론 은 모드 게임 이란 것 이 게임 자체 는 10 점 중 에 4 점 주고 싶음 딱 1회 차 때 만 재밌는 게임,2020-12-30 19:11:06
377160,Fallout 4,positive,굿,굿,2020-12-30 16:26:26
377160,Fallout 4,positive,장점: 시간 가는 줄 모른다. 단점: 시간 가는 줄 모른다.,장점 : 시간 가는 줄 모른다 . 단점 : 시간 가는 줄 모른다 .,2020-12-30 03:38:03
377160,Fallout 4,positive,"장비개조,루팅하는 아포칼립스 오픈월드rpg, 후반갈수록 불릿스펀지가 심하고 선택지가 별 의미 없지만 오픈월드를 돌아다니며 재료모으고 장비개조하는 재미가 있다.","장비 개조 , 루팅 하는 아포칼립스 오픈월드 rpg , 후반 갈수록 불릿 스펀지 가 심하고 선택 지 가 별 의미 없지만 오픈월드 를 돌아다니며 재료 모으고 장비 개조 하 는 재미 가 있다 .",2020-12-29 13:39:08
377160,Fallout 4,positive,버그 개꿀잼,버그 개꿀잼,2020-12-29 09:10:14
377160,Fallout 4,positive,션은 됐고 병뚜껑이나 더 줘봐라,션 은 됐고 병뚜껑 이나 더 줘 봐라,2020-12-29 08:17:43
377160,Fallout 4,positive,일단 해라,일단 해 라,2020-12-29 02:40:14
377160,Fallout 4,positive,이런 갓겜을 아직도 안하고있었다니,이런 갓 겜 을 아직도 안 하고있었다니,2020-12-28 19:23:07
377160,Fallout 4,positive,어떤 분기(팩션)로 가든 스토리(파 하버 제외)가 찝찝해지는 게임. 그래도 폴아웃 특유의 재미는 있습니다. 폴아웃 시리즈(클래식 포함)의 입문작으로 추천드립니다. :[,어떤 분기 ( 팩션 ) 로 가든 스토리 ( 파 하버 제외 ) 가 찝찝해지는 게임 . 그래도 폴아웃 특유 의 재미 는 있습니다 . 폴아웃 시리즈 ( 클래식 포함 ) 의 입문 작 으로 추천 드립니다 . :[,2020-12-28 19:19:36
377160,Fallout 4,positive,역시 폴아웃...,역시 폴아웃 ...,2020-12-28 12:37:12
377160,Fallout 4,positive,지금도 주민들은 레이더에 시달리고 있습니다. 여기 지도에 표시해 두겠습니다.,지금 도 주민 들 은 레이더 에 시달리고 있습니다 . 여기 지도 에 표시 해 두겠습니다 .,2020-12-28 12:31:48
377160,Fallout 4,positive,사이버펑크 2077 하다 해보니 선녀가 다름없다.,사이버펑크 2077 하다 해보니 선녀 가 다름없다 .,2020-12-27 23:51:48
377160,Fallout 4,positive,76과는 다르다 76과는,76 과는 다르다 76 과는,2020-12-27 20:11:39
377160,Fallout 4,positive,스토리와 선택의 다양성 측면에서는 뉴베가스가 더 재밌지만 액션 그래픽 탐험 요소는 4가 더 낫다. 어쨌든 둘다 훌륭하다.,스토리 와 선택 의 다양성 측면 에서는 뉴 베가스 가 더 재밌지만 액션 그래픽 탐험 요소 는 4 가 더 낫다 . 어쨌든 둘다 훌륭하다 .,2020-12-27 14:31:52
377160,Fallout 4,positive,갓-겜 베데스다겜만 2000시간한 저가 보장합니다,갓 - 겜 베데스다 겜 만 2000시간 한 저가 보장 합니다,2020-12-27 12:51:32
377160,Fallout 4,positive,이 게임은 몇년이지나도 여전히 재미있습니다 모드 까지깔면 그야말로 갓겜,이 게임 은 몇 년 이지나 도 여전히 재미있습니다 모드 까지 깔면 그야말로 갓 겜,2020-12-27 09:14:18
377160,Fallout 4,positive,선녀다,선녀 다,2020-12-27 03:17:56
377160,Fallout 4,positive,"폴아웃 시리즈를 이 작품으로 처음 접한 사람인 나에게 이 게임은 나름 괜찮은 작품이었다. 내 선택에 따라 달라지는 결말, 방대한 오픈월드와 그 안의 다채로운 사람들, 매력적인 포스트 아포칼립스 세계관은 이 게임을 대체 불가능한 것으로 만들어 주었다. 그럼에도 이 게임은 10점 만점에 7점 정도의 게임이다. 어딘가 엉성한 퀘스트라인과 납득가지 않는 결말, 넓지만 꽉차 있지는 않은 세계, 단순히 도구수준에 머무는 세계관의 활용은 내가 오픈월드 장르와 포스트 아포칼립스 장르를 그렇게나 좋아함에도 불구하고 이 게임에 정을 붙이는 데 어렵게","폴아웃 시리즈 를 이 작품 으로 처음 접 한 사람인 나 에게 이 게임 은 나름 괜찮은 작품 이었다 . 내 선택 에 따라 달라지는 결말 , 방대한 오픈월드 와 그 안 의 다 채 로운 사람 들 , 매력 적 인 포스트 아포칼립스 세계관 은 이 게임 을 대체 불가능한 것 으로 만들어 주었다 . 그럼에도 이 게임 은 10 점 만점 에 7 점 정도 의 게임 이다 . 어딘가 엉 성한 퀘스트라 인과 납득 가지 않는 결말 , 넓지만 꽉차 있지는 않은 세계 , 단순히 도구 수준 에 머무는 세계관 의 활용 은 내 가 오픈월드 장르 와 포스트 아포칼립스 장르 를 그렇게나 좋아함에도 불구 하고 이 게임 에 정 을 붙이는 데 어렵게",2020-12-26 20:26:13
377160,Fallout 4,positive,아주 재밌음,아주 재밌음,2020-12-26 14:04:10
377160,Fallout 4,positive,진짜재밌따. 폴아웃 전작들의 상위호환버젼 베데스다의 여타 다른 게임들처럼 방대한 오픈월드와 많은 NPC들 그리고 엄청난 수집욕구를 자극한다. 유저들이 만드는 모드들을 DLC로 돈받아쳐먹는건 좀 맘에안들지만 그만큼 DLC도 많이 재밌게플레이했다. 157시간돌려줘,진짜 재밌 따 . 폴아웃 전작 들 의 상위호환 버젼 베데스다 의 여타 다른 게임 들 처럼 방대한 오픈월드 와 많은 NPC 들 그리고 엄청난 수집 욕구 를 자극 한 다 . 유저 들 이 만드는 모드 들 을 DLC 로 돈 받아 쳐 먹는건 좀 맘 에 안 들 지만 그만큼 DLC 도 많이 재밌게 플레이 했다 . 157시간 돌려줘,2020-12-26 13:17:13
377160,Fallout 4,positive,다시보니 선녀같은 게임...,다시 보니 선녀 같은 게임 ...,2020-12-26 03:17:39
377160,Fallout 4,positive,예전에 하면서 참 황량하다고 생각했는데 사펑하고 돌아와보니 어쩐지 황량한 기분이 줄어있는 마술,예전 에 하면서 참 황량 하다고 생각 했는데 사펑 하고 돌아와 보니 어쩐지 황량 한 기분 이 줄어있는 마술,2020-12-26 03:05:00
377160,Fallout 4,positive,추천,추천,2020-12-26 00:52:36
377160,Fallout 4,positive,짱재밋어요!!!!!!!!!!!!!,짱 재밋 어 요 !!!!!!!!!!!!!,2020-12-25 22:24:50
377160,Fallout 4,positive,모드와 함께하는 갓ㅡ겜,모드 와 함께 하는 갓 ㅡ 겜,2020-12-25 18:06:53
377160,Fallout 4,positive,다시보니 선녀같다.,다시 보니 선녀 같다 .,2020-12-25 12:29:06
377160,Fallout 4,positive,좋다,좋다,2020-12-25 10:21:50
377160,Fallout 4,positive,폴아웃 의문의 1승,폴아웃 의문 의 1 승,2020-12-25 03:52:18
377160,Fallout 4,positive,ㄹㅇ 이것도 재밌게했는데 엔딩보고 찍쌈,ㄹㅇ 이 것 도 재밌게 했는데 엔딩 보고 찍쌈,2020-12-24 11:26:07
377160,Fallout 4,positive,꿀잼ㅋㅋㅋㅋㅋㅋㅋㅋㅋㅋㅋㅋㅋㅋㅋㅋ,꿀잼 ㅋㅋㅋㅋㅋㅋㅋㅋㅋㅋㅋㅋㅋㅋㅋㅋ,2020-12-24 11:22:43
377160,Fallout 4,positive,"그래픽, 최적화, 버그 등 상당한 단점이 많지만 이 게임을 1500시간 플레이 하면서도 질리지 않고 꾸준히 즐길 거리가 있는 컨텐츠로 가득 찬 게임입니다.","그래픽 , 최적화 , 버그 등 상당한 단점 이 많지만 이 게임 을 1500시간 플레이 하면서도 질리 지 않고 꾸준히 즐길 거리 가 있는 컨텐츠 로 가득 찬 게임 입니다 .",2020-12-24 05:01:05
377160,Fallout 4,positive,폴아웃 76 따위는 존재하지 않습니다 선생님 `ㅅ`,폴아웃 76 따위 는 존재 하지 않습니다 선생님 ` ㅅ `,2020-12-23 22:40:14
377160,Fallout 4,positive,cex,cex,2020-12-23 11:17:24
377160,Fallout 4,positive,ㅈ같이 만들어도 다른 겜이 더 ㅈ같게 나와서 재평가되는 겜 최소한 사펑보단 잘 만듬,ㅈ 같이 만들어도 다른 겜 이 더 ㅈ 같게 나와서 재 평가 되는 겜 최소한 사펑 보단 잘 만듬,2020-12-23 09:51:18
377160,Fallout 4,positive,"War, war never changes....","War , war never changes ....",2020-12-23 01:20:54
377160,Fallout 4,positive,"할때마다 버그떄문에 엿같은데 쓸데없이 재미만 있는게임, 이게 사랑인가?","할 때 마다 버그떄문 에 엿 같은데 쓸데없이 재미 만 있는 게임 , 이 게 사랑 인가 ?",2020-12-22 12:22:13
377160,Fallout 4,positive,폴아웃을 해왔던유저라면 진짜 비추지만 어차피 지금 리뷰보고 살사람들은 후발주자기때문에 추천 기본적인 재미는있는 게임 그러나 폴아웃시리즈가 가면갈수록 퇴화하고있어서 저는 노잼이었습니다,폴아웃 을 해왔던 유저 라면 진짜 비추지만 어차피 지금 리뷰 보고 살 사람 들 은 후 발주 자기 때문 에 추천 기본 적 인 재미 는 있는 게임 그러나 폴아웃 시리즈 가 가면 갈수록 퇴화 하고있어서 저 는 노잼 이었습니다,2020-12-21 21:27:11
377160,Fallout 4,positive,"거기 당신, 아직도 폴아웃4를 구매하지 않은 겁니까? 이런...찜 목록에 추가해두지요. 빠른 시일 구입하셔서 재밌게 플레이해주십시오!","거기 당신 , 아직도 폴아웃 4 를 구매 하지 않은 겁 니까 ? 이런 ... 찜 목록 에 추가 해 두지요 . 빠른 시일 구입 하셔서 재밌게 플레이 해주십시오 !",2020-12-21 20:19:37
377160,Fallout 4,positive,정착ㅈ..... 죽여ㅈㅗㅓ......,정착 ㅈ ..... 죽여 ㅈㅗㅓ ......,2020-12-21 16:49:20
377160,Fallout 4,positive,so good,so good,2020-12-21 10:20:47
377160,Fallout 4,positive,.,.,2020-12-20 23:18:08
377160,Fallout 4,positive,쇠냄새 풍기는 강철의 형제단에 합류하십쇼,쇠 냄새 풍기는 강철 의 형제 단 에 합류 하십 쇼,2020-12-20 22:59:23
377160,Fallout 4,positive,로딩만 좀ㅋㅋ,로딩 만 좀 ㅋㅋ,2020-12-20 18:56:31
377160,Fallout 4,positive,꽃이지고 나서야 봄인줄 알았읍니다...돌아서 보니 이만한 오픈월드 rpg없더군요..,꽃 이 지고 나서야 봄인줄 알았 읍니 다 ... 돌아서 보니 이만 한 오픈월드 rpg 없더군요 ..,2020-12-19 18:22:27
377160,Fallout 4,positive,사펑하고 나니까 토도키 하와도가 선녀로 보여요,사펑 하고 나 니까 토도 키 하와 도 가 선녀 로 보여요,2020-12-19 16:03:03
377160,Fallout 4,positive,구관이 명관 싸펑에게 얻어맞은 통수가 얼얼하다 앞으로는 토드 욕 조금 덜 해야겠다,구관 이 명관 싸펑 에게 얻어맞은 통 수가 얼얼하다 앞 으로는 토드 욕 조금 덜 해야겠다,2020-12-19 06:23:47
377160,Fallout 4,positive,재밌어요,재밌어요,2020-12-18 18:40:28
377160,Fallout 4,positive,"재미있고, 컨텐츠가 많아 가성비가 좋아요.","재미있고 , 컨텐츠 가 많아 가성 비 가 좋아요 .",2020-12-18 15:18:00
377160,Fallout 4,positive,다시보니 선녀같은 게임 오픈월드 세계를 제대로 녹여낸 재밌는 게임,다시 보니 선녀 같은 게임 오픈월드 세계 를 제대로 녹여 낸 재밌는 게임,2020-12-17 17:15:28
377160,Fallout 4,positive,꼽등이 개징그러워,꼽등이 개 징그러워,2020-12-17 06:07:50
377160,Fallout 4,positive,오픈월드의 교과서,오픈월드 의 교과서,2020-12-17 03:27:13
377160,Fallout 4,positive,갓 겜 차 냥 해,갓 겜 차 냥 해,2020-12-17 02:04:01
377160,Fallout 4,positive,문재인 개새끼,문재인 개새끼,2020-12-16 21:21:01
377160,Fallout 4,positive,사펑이 나오고 나서야 선녀인 걸 알았읍니다 ;ㅁ;,사펑 이 나오고 나서야 선녀 인 걸 알았 읍니 다 ; ㅁ ;,2020-12-16 10:52:33
377160,Fallout 4,positive,이러니 저러니 해도 재미가 있으니 딱히 할말이 없다,이러니 저러니 해도 재미 가 있으니 딱히 할말이 없다,2020-12-15 18:02:57
377160,Fallout 4,positive,사이버펑크 나오고 다시봤다!,사이버펑크 나오고 다시 봤다 !,2020-12-14 16:02:16
377160,Fallout 4,positive,f,f,2020-12-14 07:34:04
377160,Fallout 4,positive,재밌어여,재밌어여,2020-12-13 20:12:36
377160,Fallout 4,positive,'사이버버그 2077개' 하다가 빡쳐서 폴아웃을 다시 깔았습니다. 다시보니 천사군요,' 사이버 버그 2077 개 ' 하다가 빡쳐서 폴아웃 을 다시 깔았습니다 . 다시 보니 천사 군 요,2020-12-13 18:37:50
377160,Fallout 4,positive,똥오줌 똥오줌 해도 또 이만한 게임이 없음. 오픈월드 게임중 폴4만큼 돌아다니기 재밌는 게임을 해본 적 없다,똥 오줌 똥 오줌 해도 또 이만 한 게임 이 없음 . 오픈월드 게임 중 폴 4만 큼 돌아다니기 재밌는 게임 을 해본 적 없다,2020-12-13 16:45:32
377160,Fallout 4,positive,갓겜,갓 겜,2020-12-12 22:46:58
377160,Fallout 4,positive,뉴베보단 못한데 재밌긴 함 ㅇㅇ,뉴베 보단 못 한데 재밌긴 함 ㅇㅇ,2020-12-12 22:14:59
377160,Fallout 4,positive,vg,vg,2020-12-12 19:39:26
377160,Fallout 4,positive,good,good,2020-12-12 17:38:30
377160,Fallout 4,positive,어찌되었든 머리비우고 하기 좋음. 단 기존의 폴아웃을 좋아했다면 딱히 매력적인 작품은 아님. 외전 격으로 여기고 편하게 하면 재밌음,어찌 되었든 머리 비우고 하기 좋음 . 단 기존 의 폴아웃 을 좋아했다면 딱히 매력 적 인 작품 은 아님 . 외전 격 으로 여기 고 편하게 하면 재밌음,2020-12-12 13:06:47
377160,Fallout 4,positive,아 맞다 아들 찾아야 하지,아 맞다 아들 찾아야 하지,2020-12-12 08:31:29
377160,Fallout 4,positive,할만함,할만 함,2020-12-11 16:57:13
377160,Fallout 4,positive,아 ㅋㅋㅋ 사펑 사고 짜증내는넘들 봐라 내가 이래서 폴아웃을 하지,아 ㅋㅋㅋ 사펑 사고 짜증 내는 넘 들 봐라 내 가 이래서 폴아웃 을 하지,2020-12-10 23:38:01
377160,Fallout 4,positive,넘넘재밌음 그어떤겜보다 이게제일 재밌어요 건축 요소도 있는게 진짜 최고임,넘 넘 재밌음 그 어떤 겜 보다 이 게 제일 재밌어요 건축 요소 도 있는게 진짜 최고 임,2020-12-10 23:14:42
377160,Fallout 4,positive,모드는 게임을 완성시키지,모드 는 게임 을 완성 시키지,2020-12-10 22:17:37
377160,Fallout 4,positive,갓겜,갓 겜,2020-12-10 22:11:04
377160,Fallout 4,positive,DDONGOJUM4,DDONGOJUM 4,2020-12-10 22:09:36
377160,Fallout 4,positive,"추천과 비추천 중에 굳이 고르라면 추천이긴 합니다. 전체적으로 잘 만든 병맛 게임이라고 보시면 됩니다. 스토리 병맛, 버그도 병맛, 게임 시스템도 병맛, 정착지 주민 지능도 병맛 등등.... 근데 그맛에 또 하긴 하게 되는 그런 게임입니다. 오픈 월드 게임이라고 위쳐3 생각하시면 안되고 마음을 비우고 하시면 됩니다. 그냥저냥 할만해요.","추천 과 비 추천 중 에 굳이 고르라면 추천 이긴 합니다 . 전체 적 으로 잘 만든 병맛 게임 이라고 보시 면 됩니다 . 스토리 병맛 , 버그 도 병맛 , 게임 시스템 도 병맛 , 정착 지 주민 지능 도 병맛 등등 .... 근데 그 맛 에 또 하긴 하게 되는 그런 게임 입니다 . 오픈 월드 게임 이라고 위 쳐 3 생각 하시면 안되고 마음 을 비우고 하시면 됩니다 . 그냥 저 냥 할 만해 요 .",2020-12-10 16:57:59
377160,Fallout 4,positive,스카이림 처음할때처럼 재밌음,스카이림 처음 할 때 처럼 재밌음,2020-12-10 09:13:16
377160,Fallout 4,positive,건물 짓는거 재미있다 ㄹㅇ,건물 짓는거 재미있다 ㄹㅇ,2020-12-10 05:38:02
377160,Fallout 4,positive,"제작사의 명성에 들어맞는 게임이였습니다 취향대로 진행할 수록 바뀌고 변하게 할 수 있는 스토리도 매력적이며 확장팩까지 메인 스토리에 지장이 갈 수 있게 될 줄은 예상치 못했습니다 다양한 특징을 가진 무기들과 특성을 이용하여 풀어나가는 맵 퍼즐, NPC와의 대화 다양한 세력별 엔딩까지 오픈 월드로썬 이룰 건 다 이뤘죠 단점입니다 자유도 높은 오픈 월드 게임으로서 어쩔 수 없지만 지나치게 반복 되는 일부 퀘스트들은 살짝 아쉬울 수 밖에 없으며, 하지만 전투 자체를 즐기는 사람에겐 반복 퀘도 나쁘진 않죠 일부 퍼즐 퀘는 괜히 시간만 잡","제작사 의 명성 에 들어맞는 게임 이 였습니다 취향 대로 진행 할 수록 바뀌고 변하게 할 수 있는 스토리 도 매력 적 이며 확장팩 까지 메인 스토리 에 지장 이 갈 수 있게 될 줄 은 예 상치 못 했습니다 다양한 특징 을 가진 무기 들 과 특성 을 이용 하여 풀어 나가는 맵 퍼즐 , NPC 와의 대화 다양한 세력 별 엔딩 까지 오픈 월드 로 썬 이룰 건 다 이뤘죠 단점 입니다 자유도 높은 오픈 월드 게임 으로서 어쩔 수 없지만 지나치게 반복 되는 일부 퀘스트 들 은 살짝 아쉬울 수 밖에 없으며 , 하지만 전투 자체 를 즐기는 사람 에겐 반복 퀘 도 나쁘진 않죠 일부 퍼즐 퀘 는 괜히 시간 만 잡",2020-12-09 18:56:37
377160,Fallout 4,positive,볼트에서 깨어나자마자 남편 결혼 반지 빼서 상인한테 파는게 국룰인거 아시져?,볼트 에서 깨어나자마자 남편 결혼 반지 빼서 상인 한테 파는게 국룰 인거 아시져 ?,2020-12-09 16:19:27
377160,Fallout 4,positive,Another settlement needs your help. Here I'll mark it on your map,Another settlement needs your help . Here I ' ll mark it on your map,2020-12-09 15:35:09
377160,Fallout 4,positive,왜 벌레 만 사실적이야,왜 벌레 만 사실 적 이야,2020-12-09 03:43:08
377160,Fallout 4,positive,모드 없이 해도 재밌기는 하지만 모드가 없으면 나사가 빠진듯한 느낌은 감출수 없다.,모드 없이 해도 재밌기는 하지만 모드 가 없으면 나사 가 빠진듯 한 느낌 은 감출수 없다 .,2020-12-08 21:40:51
377160,Fallout 4,positive,죤나 재밋다,죤나 재밋다,2020-12-08 19:02:44
377160,Fallout 4,positive,강철 노조 형재단이 커먼웰스를 지키기위해 왔음니다!,강철 노조 형 재단 이 커먼웰스 를 지키기 위해 왔음 니 다 !,2020-12-05 23:05:54
377160,Fallout 4,positive,기본적으로 버그가 많지만 재밌네요,기본 적 으로 버그 가 많지만 재밌네요,2020-12-05 22:13:01
377160,Fallout 4,positive,오늘도 심심한 유저는 모드를 깔게 됩니다,오늘 도 심심한 유저 는 모드 를 깔게 됩니다,2020-12-05 19:46:36
377160,Fallout 4,positive,난 아직 다이아몬드 시티에서 노닥거리고있지만 벌써 흥분된다. 빨리 협박 퍽을 찍고싶다.,난 아직 다이아몬드 시티 에서 노닥 거리 고 있지만 벌써 흥분 된다 . 빨리 협박 퍽 을 찍고싶다 .,2020-12-05 11:56:15
377160,Fallout 4,positive,메인 퀘스트 이후 가비를 죽일 수 있는 모드와 함께하면 갓겜,메인 퀘스트 이후 가비 를 죽일 수 있는 모드 와 함께 하면 갓 겜,2020-12-05 04:06:24
377160,Fallout 4,positive,76보다 나음,76 보다 나음,2020-12-05 01:03:38
377160,Fallout 4,positive,"혹시 저처럼 플레이도중에 자주 튕기시나요? 그러면 혹시 저처럼 엔비디아 튜링 아키텍처 기반 그래픽 카드를 사용하고 계신가요? (지포스20시리즈 지포스 16시리즈) 그러면 튕기는것이 정상인셈입니다. 왜냐하면 우리 귀여운 토도키짱께서 폴아웃4에 적용시킨 Physx는 튜링 그래픽 카드 드라이버와 호환에 문제가 있기 때문에 입니다! 그런문제를 해결하기 위해 Weapon Debris(무기 파편)옵션을 끄시던지 아니면 튜링 아키텍처 이전 그래픽 카드를 추가로 장착한 후, Physx 전용으로 설정해주면 됩니다.","혹시 저 처럼 플레이도 중 에 자주 튕 기 시나 요 ? 그러면 혹시 저 처럼 엔비디아 튜링 아키텍처 기반 그래픽 카드 를 사용 하고 계신가요 ? ( 지포스 20시 리즈 지포스 16시 리즈 ) 그러면 튕 기는것이 정상인 셈 입니다 . 왜냐하면 우리 귀여운 토도 키 짱 께서 폴아웃 4 에 적용 시킨 Physx 는 튜링 그래픽 카드 드라이버 와 호환 에 문제 가 있기 때문 에 입니다 ! 그런 문제 를 해결 하기 위해 Weapon Debris ( 무기 파편 ) 옵션 을 끄시던지 아니면 튜링 아키텍처 이전 그래픽 카드 를 추가 로 장 착한 후 , Physx 전용 으로 설정 해주면 됩니다 .",2020-12-03 23:14:12
377160,Fallout 4,positive,버그도 낭낭하게 들었고 좋아요^^,버그 도 낭낭 하 게 들었고 좋아요 ^^,2020-12-03 21:19:01
377160,Fallout 4,positive,인생게임. 세계관 특징상 커다란 곤충이 나오는데 이것이 싫거나 무서워서 못하시는분들은 어쩔수없지만 모드를 사용하여 해당 벌레들을 작은 로봇으로 바꾸는게 가능합니다,인생게임 . 세계관 특징 상 커다란 곤충 이 나오는데 이 것 이 싫거나 무서워서 못 하시는 분 들 은 어쩔 수 없지만 모드 를 사용 하여 해당 벌레 들 을 작은 로봇 으로 바꾸는게 가능합니다,2020-12-03 08:29:58
377160,Fallout 4,positive,좋아요.,좋아요 .,2020-12-03 00:55:12
377160,Fallout 4,positive,재밌었던겜,재밌었던 겜,2020-12-03 00:14:11
377160,Fallout 4,positive,파브르토드 죽어,파브르 토드 죽어,2020-12-02 17:14:20
377160,Fallout 4,positive,내가 아무리 훌륭한 사람이라도 자식농사가 망하면 아무 의미 없다는 사실을 상기시켜주는 게임이었습니다.,내 가 아무리 훌륭한 사람 이라도 자식 농사 가 망하면 아무 의미 없다는 사실 을 상기 시켜주는 게임 이었습니다 .,2020-12-02 09:55:31
377160,Fallout 4,positive,모드로 완성되는 갓겜... 혐오스럽게 변태같이 공들인 라드로치는 토도키의 미친 절지류 사랑을 보여준다 스타필드에 무적권 우주 바퀴벌레 나온다 ㅅㅂ,모드 로 완성 되는 갓 겜 ... 혐오 스럽게 변태 같이 공 들 인 라드 로치 는 토도 키 의 미친 절 지류 사랑 을 보여준다 스타 필드 에 무적 권 우주 바퀴벌레 나온다 ㅅㅂ,2020-12-02 01:58:44
377160,Fallout 4,positive,사놓고 복돌이로 플레이하다가 모드 넣고 또회차 또 또 또 달린다,사놓고 복돌이 로 플레이 하다가 모드 넣고 또회차 또 또 또 달린다,2020-12-01 21:20:39
377160,Fallout 4,positive,"폴아웃 시리즈 뉴비로 4부터 시작해서 그런지 제일 재밌게 했습니다. 3은 무기 내구도 시스템과 무게 압박으로 중도 포기... 전투의 재미와 메인 스토리는 그저그렇지만 핵전쟁 이후의 세계를 탐험하고 인물들의 사연을 접하고, 숨겨진 이야기들을 찾아 읽는 것만으로도 즐거운 게임이였습니다.","폴아웃 시리즈 뉴비 로 4 부터 시작 해서 그런지 제일 재밌게 했습니다 . 3 은 무기 내 구도 시스템 과 무게 압박 으로 중도 포기 ... 전투 의 재미 와 메인 스토리 는 그저 그렇지만 핵전쟁 이후 의 세계 를 탐험 하고 인물 들 의 사연 을 접 하고 , 숨겨진 이야기 들 을 찾아 읽는 것 만으로도 즐거운 게임 이 였습니다 .",2020-12-01 19:54:26
377160,Fallout 4,positive,norm,norm,2020-12-01 06:59:48
377160,Fallout 4,positive,ㅗㅗ,ㅗㅗ,2020-12-01 02:50:49
377160,Fallout 4,positive,ㅇㅅㅇㅇㅅㅇ,ㅇㅅㅇㅇㅅㅇ,2020-11-30 20:16:22
377160,Fallout 4,positive,Good game.,Good game .,2020-11-30 17:50:44
377160,Fallout 4,positive,탐험하는맛 수집하는맛 NPC들과 대화하는맛 잔인한맛 모드로 다양한맛을 즐길수 있다 허나 모드는 많이복잡하므로 영상보고 공부하고 까는걸 추천 그외에는 노한글 많은 버그 등이 있지만 그걸 감안하고도 재밌는게임이다,탐험 하는 맛 수집 하는 맛 NPC 들과 대화 하는 맛 잔인한 맛 모드 로 다양한 맛 을 즐길수 있다 허나 모드 는 많이 복잡하므로 영상 보고 공부 하고 까는걸 추천 그 외 에는 노 한글 많은 버그 등 이 있지만 그걸 감안 하고도 재밌는 게임 이다,2020-11-30 17:48:10
377160,Fallout 4,positive,다시보니 선녀같다! (폴아웃76),다시 보니 선녀 같다 ! ( 폴아웃 76 ),2020-11-30 16:53:07
377160,Fallout 4,positive,"전 부터 이 게임을 하고 싶어 할인할때까지 기다렸다가 할인이 되어 하게됐는데, 제가 생각한것 보다 휠씬 재밌어서 좋았습니다. (영상으로 보는것보다 재밌는 요소가 정말 많습니다.) 한번 해보는걸 추천합니다!","전 부터 이 게임 을 하고 싶어 할인 할 때 까지 기다렸다가 할인 이 되어 하게 됐는데 , 제 가 생각 한 것 보다 휠씬 재밌어서 좋았습니다 . ( 영상 으로 보는것보다 재밌는 요소 가 정말 많습니다 .) 한번 해보는걸 추천 합니다 !",2020-11-30 16:24:04
377160,Fallout 4,positive,국밥 게임,국밥 게임,2020-11-30 13:48:28
377160,Fallout 4,positive,아들아 말대꾸하지 마라,아들 아 말대꾸 하지 마라,2020-11-30 13:21:50
377160,Fallout 4,positive,재밌음,재밌음,2020-11-30 00:44:16
377160,Fallout 4,positive,보이는거 다 쏴죽이면됨.,보이는거 다 쏴 죽이면 됨 .,2020-11-29 16:18:18
377160,Fallout 4,positive,버그가 겁나 많아도... npc가 5살 애마냥 잘 따라오지도 않더라도.... 재밌는 걸 어떡하냐고 아 ㅋㅋㅋㅋㅋㅋㅋㅋㅋㅋㅋㅋ,버그 가 겁나 많아도 ... npc 가 5 살 애마 냥 잘 따라오지도 않더라도 .... 재밌는 걸 어떡하냐고 아 ㅋㅋㅋㅋㅋㅋㅋㅋㅋㅋㅋㅋ,2020-11-29 15:05:04
377160,Fallout 4,positive,내 인생 게임제작소 베데스다,내 인생 게임제작 소 베데스다,2020-11-29 11:21:10
377160,Fallout 4,positive,버그 똥겜 모드 갓겜,버그 똥겜 모드 갓 겜,2020-11-29 02:29:25
377160,Fallout 4,positive,"개적화라서 모드나 설정 일일히 조정해줘야하지만, 자유도같은걸 봐선 스카이림에 비빌만 하다","개 적 화 라서 모드 나 설정 일일 히 조정 해줘야하지만 , 자유도 같은걸 봐 선 스카이림 에 비빌만 하다",2020-11-28 23:35:24
377160,Fallout 4,positive,이거 재밌네,이 거 재밌네,2020-11-28 17:08:26
377160,Fallout 4,positive,버그만 없으면 갓겜임,버그 만 없으면 갓 겜임,2020-11-28 15:15:11
377160,Fallout 4,positive,재밌게 했다 고민하지말고 삽시다,재밌게 했다 고민 하지말고 삽시다,2020-11-28 13:40:58
377160,Fallout 4,positive,토드형 세상이 왜이래,토드 형 세상 이 왜 이래,2020-11-28 13:04:12
377160,Fallout 4,positive,참 재밌는 게입입니다. 꼭 한번은 홀로 세상을 탐험 해 보는것도 .....,참 재밌는 게입 입니다 . 꼭 한번 은 홀로 세상 을 탐험 해 보는것도 .....,2020-11-27 22:43:03
377160,Fallout 4,positive,Imagine your life on post-apocalypse finding your boy with only having a desperate. Impressive story telling.,Imagine your life on post - apocalypse finding your boy with only having a desperate . Impressive story telling .,2020-11-27 22:33:39
377160,Fallout 4,positive,아 줬같이 돈아까워서 똥내가 존나게 나도 입 꾹다물고 플레이 해본 결과 환불버튼에 손이 7 ~ 8번정도 왔다 갔다 했는데 그냥 하세여 초반만 지나고 장비좀 맞추니까 꿀잼이엥 ㅕ,아 줬같이 돈 아까워서 똥내 가 존나 게 나도 입 꾹 다물고 플레이 해본 결과 환불 버튼 에 손 이 7 ~ 8 번 정도 왔다 갔다 했는데 그냥 하세여 초반 만 지나고 장비 좀 맞추니까 꿀잼 이 엥 ㅕ,2020-11-27 20:06:20
377160,Fallout 4,positive,게임은 징그럽고 벌레(버그)는 재미있어요,게임 은 징그럽고 벌레 ( 버그 ) 는 재미있어요,2020-11-27 12:58:38
377160,Fallout 4,positive,"전반부 부터 스토리를 다 깬 후반부까지 꾸준히 즐길 수 있는 빌리징 컨텐츠, 비교적 발전한 타격감과 이펙트는 전작의 아쉬웠던 부분을 확실히 보완함. 옵션의 종류는 모자라지만 그래도 템파밍의 재미를 준 전설템 역시 이전작들의 아쉬움을 보완해주는 장점. 완벽하진 않지만 새로운 파워아머 시스템은 굿굿. 렙업시마다 어떤 퍽을 찍을지 고민하게 했던 rpg겜의 성장요소와 퍽의 개성은 뉴베가스에 비해 완전 떡락했고. 무기 개조 시스템은 전반적으로 발전한 반면 무기종류 감소로 모드가 필수가 되어버림. 큰 발전없는 그래픽에 비해 시가지 렉도 자주","전반 부 부터 스토리 를 다 깬 후반 부 까지 꾸준히 즐길 수 있는 빌리 징 컨텐츠 , 비교 적 발전 한 타 격감 과 이펙트 는 전작 의 아쉬웠던 부분 을 확실히 보완 함 . 옵션 의 종류 는 모자라 지만 그래도 템 파밍 의 재미 를 준 전설 템 역시 이 전작 들 의 아쉬움 을 보완 해주는 장점 . 완벽하진 않지만 새로운 파워 아 머 시스템 은 굿굿 . 렙업 시마 다 어떤 퍽 을 찍을지 고민 하게 했던 rpg 겜 의 성장 요소 와 퍽 의 개성 은 뉴 베가스 에 비해 완전 떡락했 고 . 무기 개조 시스템 은 전반 적 으로 발전 한 반면 무기 종류 감소 로 모드 가 필수 가 되어 버림 . 큰 발전 없는 그래픽 에 비해 시가지 렉 도 자주",2020-11-27 02:28:02
377160,Fallout 4,positive,모드질해서 총 개조하고 놀러다니면 너무나도 꿀잼인 게임인..데.. 그놈의 역겨운 벌레,모드 질 해서 총 개조 하고 놀러 다니면 너무나도 꿀잼 인 게임 인 .. 데 .. 그 놈 의 역겨운 벌레,2020-11-27 00:45:34
377160,Fallout 4,positive,다음거 만들고는 있음?,다음 거 만들고는 있음 ?,2020-11-27 00:31:12
377160,Fallout 4,positive,정말 갓겜입니다,정말 갓 겜 입니다,2020-11-26 21:38:14
377160,Fallout 4,positive,벌레 모델링이 필요이상으로 좋지만 재밌다,벌레 모델링 이 필요 이상 으로 좋지만 재밌다,2020-11-26 20:38:21
377160,Fallout 4,positive,조나 재밌어,조 나 재밌어,2020-11-26 19:27:24
377160,Fallout 4,positive,재밌네,재밌네,2020-11-26 19:07:00
377160,Fallout 4,positive,그래도 사랑해 토도키..,그래도 사랑 해 토도 키 ..,2020-11-26 16:52:06
377160,Fallout 4,positive,잼잼,잼잼,2020-11-26 14:39:21
377160,Fallout 4,positive,모드.,모드 .,2020-11-26 14:31:02
377160,Fallout 4,positive,:),:),2020-11-26 12:53:57
377160,Fallout 4,positive,버그가 재미있고 하자가 친절해요,버그 가 재미있고 하자 가 친절해요,2020-11-26 11:37:24
377160,Fallout 4,positive,'모드 충돌날때빼곤 다 재밌는 게임',' 모드 충돌 날때 빼곤 다 재밌는 게임 ',2020-11-26 07:44:10
377160,Fallout 4,positive,"스카이림에 존재하는 퀘를 빠짐없이 깨고, 3대 신기 조합, 전설난이도 아니면 노잼이었던 플레이... 그리고 2020년 뒤에야 양대산맥인 갓겜을 찾았다.","스카이림 에 존재 하는 퀘 를 빠짐 없이 깨고 , 3 대 신기 조합 , 전설 난이도 아니면 노잼 이었던 플레이 ... 그리고 2020년 뒤 에야 양대 산맥 인 갓 겜 을 찾았다 .",2020-11-25 12:44:03
377160,Fallout 4,positive,구울 개무섭다 ㅋㅋㅋㅋ,구울 개 무섭다 ㅋㅋㅋㅋ,2020-11-25 00:42:16
377160,Fallout 4,positive,폴아웃 76이랑 비교하면 선녀같다,폴아웃 76 이랑 비교 하면 선녀 같다,2020-11-24 22:06:47
377160,Fallout 4,positive,탐험의 끝판왕,탐험 의 끝판 왕,2020-11-24 20:10:59
377160,Fallout 4,positive,진성 폴빠지만 사놓고 10시간? 조금 넘게 한거같은데 이상하게 손에 잡히질 않는다 그냥 취향 차이인듯 그래도 따봉,진성 폴 빠지만 사놓고 10시간 ? 조금 넘게 한 거 같은데 이상하게 손 에 잡히질 않는다 그냥 취향 차이인듯 그래도 따 봉,2020-11-24 15:11:49
377160,Fallout 4,positive,저기...베데스다야...이제 폴아웃 76말고 제대로 된 폴아웃을 내주지 않겠니??,저기 ... 베데스다 야 ... 이제 폴아웃 76 말고 제대로 된 폴아웃 을 내주지 않겠니 ??,2020-11-23 15:23:31
377160,Fallout 4,positive,사이버펑크 2077?? 진정한 오픈월드 총겜이 여깄다,사이버펑크 2077 ?? 진정한 오픈월드 총 겜 이 여깄다,2020-11-23 03:24:52
377160,Fallout 4,positive,졸라재밌네 뭐야이거~,졸라 재밌네 뭐 야 이 거 ~,2020-11-23 02:26:05
377160,Fallout 4,positive,게임이 좀 있긴 있는데 버그는 재밌어요~,게임 이 좀 있긴 있는데 버그 는 재밌어요 ~,2020-11-23 01:19:46
377160,Fallout 4,positive,"전체적으로 재밌게함. 다만, 다회차는 손이 안감","전체 적 으로 재밌게 함 . 다만 , 다 회 차는 손 이 안감",2020-11-22 23:20:50
377160,Fallout 4,positive,funny,funny,2020-11-22 13:54:51
377160,Fallout 4,positive,잼슴,잼슴,2020-11-22 11:02:33
377160,Fallout 4,positive,"하하... 그냥 싸게 팔길래... 받아봤는데... 음... 한글 깔고 해보니 어라 재미있네... 아하하... 재미있네요... 건물 짓는 재미로 하고 있음.. 자재 구하고, 늘리고, 사람 받아들이고, 조작법도 몰랐는데.. 식량 채취하게 하는법, 옷 갈아입히는 법 하나 하나 알아가는 재미가 쏠쏠하네요.. 단... 버그 생길시 컴퓨터 껐다 켜야된다는 단점.. 이게 좀 그렇긴 함... 아 그리고.. 처음 시작부터 무한 로딩이 뜨길래... 그래픽 설정 사양을 울트라에서 한 단계 낮추니깐.. 무한 로딩이 사라졌어요... 참고 하세요..","하하 ... 그냥 싸게 팔길래 ... 받아 봤는데 ... 음 ... 한글 깔고 해보니 어라 재미있네 ... 아하하 ... 재미있네요 ... 건물 짓는 재미 로 하고 있음 .. 자재 구 하고 , 늘리고 , 사람 받아들이고 , 조작 법도 몰랐는데 .. 식량 채취 하게 하는 법 , 옷 갈아입히는 법 하나 하나 알아가는 재미 가 쏠쏠하네요 .. 단 ... 버그 생길시 컴퓨터 껐다 켜야 된다는 단점 .. 이 게 좀 그렇긴 함 ... 아 그리고 .. 처음 시작 부터 무한 로딩 이 뜨길래 ... 그래픽 설정 사양 을 울트라 에서 한 단계 낮추니깐 .. 무한 로딩 이 사라졌어요 ... 참고 하세요 ..",2020-11-21 13:30:00
377160,Fallout 4,positive,정통 폴아웃은 아니지만 재밌음,정통 폴아웃 은 아니지만 재밌음,2020-11-20 15:46:53
377160,Fallout 4,positive,모드 사용해서 한번 해보세요. 진짜 신세계,모드 사용 해서 한번 해보세요 . 진짜 신세계,2020-11-20 05:08:39
377160,Fallout 4,positive,심즈 핵터진 버전 +총게임 기능있음,심즈 핵 터진 버전 + 총 게임 기능 있음,2020-11-20 01:20:45
377160,Fallout 4,positive,포스트 아폴칼립스 존잼,포스트 아폴칼립스 존잼,2020-11-19 21:26:51
377160,Fallout 4,positive,꿀잼,꿀잼,2020-11-19 20:32:53
377160,Fallout 4,positive,베데스다 특유의 모험하는 맛이 잘 살아있다. 클래식과 뉴베가스의 팬이라면 기대는 접어두자.,베데스다 특유 의 모험 하는 맛 이 잘 살아있다 . 클래식 과 뉴 베가스 의 팬 이 라면 기대는 접어 두자 .,2020-11-19 02:44:10
377160,Fallout 4,positive,대화중 표정이 매우 디테일 했습니다 이 부분에서 감동받았습니다 코버넌트 미션때 주민들이 구라티내는 표정을 잘만들었네요 할게 많아서 재밌네요,대화 중 표정 이 매우 디테일 했습니다 이 부분 에서 감동 받았습니다 코버넌트 미션 때 주민 들 이 구 라티 내는 표정 을 잘 만들었네요 할게 많아서 재밌네요,2020-11-18 20:31:05
377160,Fallout 4,positive,스팀키 친구 계정에 잘못 등록해버려서 두번 구매해버림.. 흑브라민ㅍㅌㅊ?,스팀 키 친구 계정 에 잘못 등록 해 버려서 두 번 구매 해 버림 .. 흑 브라민 ㅍㅌㅊ ?,2020-11-18 02:51:03
377160,Fallout 4,positive,워 내버 채인지스,워 내버 채 인 지스,2020-11-16 21:34:48
377160,Fallout 4,positive,베데스다식 아톰펑크는 정말 예술입니다. 물론 베데스다식 버그들도 예술입니다. 76사실바에 폴아웃4 두 번하세요,베데스다 식 아톰 펑크 는 정말 예술 입니다 . 물론 베데스다 식 버그 들 도 예술 입니다 . 76 사 실바 에 폴아웃 4 두 번하세요,2020-11-16 20:13:46
377160,Fallout 4,positive,아들 납치한 놈 찾아 족치는 게임판 테이큰이다. 솔직히 200년이나 지났으면 납치한 놈이든 주인공이든 둘 중 한 명이 이미 늙어뒤졌겠지ㅋㅋ 하고 때려 치울텐데 안때려친게 신기하다. 둘 다 200년 동안 안뒤진건 덤이고.,아들 납치 한 놈 찾아 족치는 게임 판 테이큰 이다 . 솔직히 200년 이나 지났으면 납치 한 놈 이든 주인공 이든 둘 중 한 명 이 이미 늙어 뒤졌겠지 ㅋㅋ 하고 때려 치울텐데 안 때려 친 게 신기하다 . 둘 다 200년 동안 안 뒤진건 덤 이고 .,2020-11-14 22:52:45
377160,Fallout 4,positive,모드가 살렸다,모드 가 살렸다,2020-11-14 17:46:49
377160,Fallout 4,positive,나나코씨 도그밋은 남편이 아니란말입니다;;,나나 코 씨 도그밋 은 남편 이 아니란 말 입니다 ;;,2020-11-14 16:32:13
377160,Fallout 4,positive,나쁘지 않은 게임,나쁘지 않은 게임,2020-11-12 19:59:00
377160,Fallout 4,positive,재밌긴 해...,재밌긴 해 ...,2020-11-12 16:56:18
377160,Fallout 4,positive,good,good,2020-11-12 16:38:58
377160,Fallout 4,positive,"전작들에 비해 슈터로서의 게임성이 좋아지고 빌리징 콘텐츠가 추가되어 꽤 즐겜할 수 있었다. 스토리와 버그는 좀 많이 아쉬웠지만. 여기 정착지에 도움, 저기 정착지에 도움 하는걸로 악명이 높다고는 하는데, 후반에 딱히 할 일이 없을땐 오히려 반가웠다..","전작 들 에 비해 슈터로서 의 게임 성 이 좋아지고 빌리 징 콘텐츠 가 추가 되어 꽤 즐겜 할 수 있었다 . 스토리 와 버그 는 좀 많이 아쉬웠지만 . 여기 정착 지에 도움 , 저기 정착 지에 도움 하 는걸 로 악명 이 높다고는 하는데 , 후반 에 딱히 할 일이 없을 땐 오히려 반가웠다 ..",2020-11-11 20:36:06
377160,Fallout 4,positive,노잼같으면서도 할만했던게임,노잼 같으면서도 할만 했던 게임,2020-11-11 16:38:20
377160,Fallout 4,positive,재밌네요,재밌네요,2020-11-11 08:09:11
377160,Fallout 4,positive,재미있는데 아음 뭐라지 음.. 재미는 있는데 ....,재미있는데 아음 뭐라지 음 .. 재미 는 있는데 ....,2020-11-10 22:42:14
377160,Fallout 4,positive,망할것도없는 명작,망할것도 없는 명작,2020-11-10 21:43:57
377160,Fallout 4,positive,재미있음,재미있음,2020-11-10 21:13:40
377160,Fallout 4,positive,자유도가 높아 선택지가 많다 버그때문에 퀘가 먹통일 때는 있어도 할게 너무많아서 본편 엔딩을 봐도 게임을 못그만두겠음!,자유도 가 높아 선택 지 가 많다 버그 때문 에 퀘 가 먹통 일 때 는 있어도 할게 너무 많아서 본 편 엔딩 을 봐도 게임 을 못 그만두겠음 !,2020-11-09 23:04:09
377160,Fallout 4,positive,버그스다답게 버그많아도 스카이림처럼 모드씌우면 갓흥겜,버그스 다 답 게 버그 많아도 스카이림 처럼 모드 씌우면 갓 흥겜,2020-11-09 22:56:48
377160,Fallout 4,positive,재밌누,재밌 누,2020-11-09 16:16:05
377160,Fallout 4,positive,어이.. 한마디만 하겠다 모드 깔줄 모른다고? 그러면 사지마라....!,어이 .. 한마디 만 하겠다 모드 깔줄 모른다고 ? 그러면 사지마라 ....!,2020-11-08 23:36:43
377160,Fallout 4,positive,"개인적으로 베데스다는 게임도 게임이지만, 모드빨이라는 인식이 있었습니다. 스카이림부터 모드가 무한한 콘텐츠를 제공하기 때문에 이 게임의 플레이 시간이 미치도록 뛴다고, 스카이림도 창작 마당으로 스팀 플레이 시간 2위이고 폴아웃도 같을 것이라고 말이죠. 근데 웬 걸? 얘는 창작 마당을 지원하지 않네요? 그렇기에 넥서스에서 모드 찾아 적용하는 것도 귀찮고 그냥 해야지 하는 마음으로 플레이하였습니다. 그리고, 제가 베데스다를 잘 몰랐고, 스카이림도 제대로 즐기지 못했다는 것도 깨달았습니다. 모드 없이 온전히 본 게임만으로(이걸 흔히","개인 적 으로 베데스다 는 게임 도 게임 이지만 , 모드 빨 이라는 인식 이 있었습니다 . 스카이림 부터 모드 가 무한 한 콘텐츠 를 제공 하기 때문 에 이 게임 의 플레이 시간 이 미치도록 뛴다고 , 스카이림 도 창작 마당 으로 스팀 플레이 시간 2 위 이고 폴아웃 도 같을 것 이라고 말 이 죠 . 근데 웬 걸 ? 얘 는 창작 마당 을 지원 하지 않네요 ? 그렇기에 넥서스 에서 모드 찾아 적용 하는 것 도 귀찮고 그냥 해야지 하는 마음 으로 플레이 하였습니다 . 그리고 , 제 가 베데스다 를 잘 몰랐고 , 스카이림 도 제대로 즐기지 못 했다는 것 도 깨 달았습니다 . 모드 없이 온전히 본 게임 만으로 ( 이 걸 흔히",2020-11-08 22:29:44
377160,Fallout 4,positive,이 제품은 도움이 되었다. 백수의 시간을 녹이는 데에 관하여,이 제품 은 도움 이 되었다 . 백수 의 시간 을 녹이는 데 에 관 하여,2020-11-08 17:56:44
377160,Fallout 4,positive,"첨에는 갈비쥐 게임이라고 생각했는데 76보고 오니까 선녀같은 게임 정가로는 선넘는 퀼이지만, 세일할 때 사면 나름 재미있게 할 수 있음","첨 에는 갈비 쥐 게임 이라고 생각 했는데 76 보고 오 니까 선녀 같은 게임 정가 로는 선 넘는 퀼 이지만 , 세 일 할 때 사면 나름 재미있게 할 수 있음",2020-11-08 14:20:12
377160,Fallout 4,positive,버그와 가비만 없으면 갓겜일텐데 말야 망할 가비새끼,버그 와 가비 만 없으면 갓 겜 일텐데 말 야 망할 가비 새끼,2020-11-08 09:53:45
377160,Fallout 4,positive,재미짐,재미 짐,2020-11-08 03:49:36
377160,Fallout 4,positive,지금 빢빢이 잡고 밖으로나오니 하늘에 브라더후드 비행기가 날아가고있어요.,지금 빢빢 이 잡고 밖 으로나 오니 하늘 에 브라더후드 비행기 가 날아가고있어요 .,2020-11-07 16:56:34
377160,Fallout 4,positive,"폴아웃 뉴 베가스는 플레이어에게 모하비 익스프레스의 '배달부' 라는 설정 외에 아무 것도 제시하지 않았다. 그 모하비 익스프레스마저 파우더 갱어에게 초토화당한 상황이 뉴베가스의 플레이가 시작된 시점인데, 이것은 단순한 세계관의 디테일일 뿐만 아니라 모하비라는 다소 과장된 아포칼립스 세계에서의 주인공 캐릭터가 어떤 인물이며, 어떤 사상을 가졌고, 어떻게 행동할 것인지에 대한 선택권을 플레이어에게 전적으로 맡기겠다는 옵시디언 개발팀의 의도였을 것이다. 멀지 않은 과거에 나온 스카이림 역시도 플레이어가 세상을 구할 수 있는 힘을 가진","폴아웃 뉴 베가스 는 플레이어 에게 모하비 익스 프레 스 의 ' 배달 부 ' 라는 설정 외 에 아무 것 도 제시 하지 않았다 . 그 모하비 익스 프레 스마 저 파우더 갱 어 에게 초토화 당 한 상황 이 뉴 베가스 의 플레이 가 시작 된 시점 인데 , 이 것 은 단순한 세계관 의 디테 일일 뿐 만 아니라 모하비 라는 다소 과장 된 아포칼립스 세계 에서의 주인공 캐릭터 가 어떤 인물 이며 , 어떤 사상 을 가졌고 , 어떻게 행동 할 것 인지 에 대한 선택 권 을 플레이어 에게 전적 으로 맡기겠다는 옵시디언 개발 팀 의 의도 였을 것 이다 . 멀지 않은 과거 에 나온 스카이림 역시 도 플레이어 가 세상 을 구 할 수 있는 힘 을 가진",2020-11-07 16:18:51
377160,Fallout 4,positive,1,1,2020-11-07 16:05:54
377160,Fallout 4,positive,탄약모으는거 뒤지게 귀찮네,탄약 모으는거 뒤지게 귀찮네,2020-11-06 19:08:36
377160,Fallout 4,positive,모드가 재밌네 ㅋㅋㅋㅋㅋ,모드 가 재밌네 ㅋㅋㅋㅋㅋ,2020-11-05 19:56:06
377160,Fallout 4,positive,베데스다 게임은 믿고 한다! 그 폴아웃 76빼고...,베데스다 게임 은 믿고 한다 ! 그 폴아웃 76 빼고 ...,2020-11-05 17:55:01
377160,Fallout 4,positive,방사능 ㅈ같은거만빼면 괜찮음,방사 능 ㅈ 같은거만 빼면 괜찮음,2020-11-04 21:05:02
377160,Fallout 4,positive,전체적인 스토리라인은 일방적으로 제시해주는데 도중에 갈림길도 많고 그 속의 내용물도 튼튼한 게임이였다. 오늘도 커먼웰스는 '평화'로운듯,전체 적 인 스토리 라인 은 일방 적 으로 제시 해주는데 도중 에 갈림길 도 많고 그 속 의 내용물 도 튼튼한 게임 이 였다 . 오늘 도 커먼웰스 는 ' 평화 ' 로 운듯,2020-11-04 17:37:18
377160,Fallout 4,positive,스토리는 개 좋음. 세계관도 재미있고 전쟁전의 막장 세계관 자료를 찾아보는맛도 꽤 있음... 그래픽 나온 시점대비 나쁘지않음. 아쉬운건 전작대비 대화문 선택시 내가 정확히 무슨말을 할지 알 수 없음... 도시짓기놀이는...솔찍히 그다지.... 하다보면 막판에는 주인공이 괴물이 되는건 어쩔수없는듯;;; 어느센가 원샷원킬의 괴물이 되어있는 자신을 볼 수 있음;; 스토리와 재미있는 세계관만으로도 해볼만한 가치는 있는듯.,스토리 는 개 좋음 . 세계관 도 재미있고 전쟁 전의 막장 세계관 자료 를 찾아보는 맛 도 꽤 있음 ... 그래픽 나온 시점 대비 나쁘지 않음 . 아쉬운건 전작 대비 대화 문 선택 시 내 가 정확히 무슨 말 을 할지 알 수 없음 ... 도시 짓기 놀이 는 ... 솔 찍히 그다지 .... 하다 보면 막판 에는 주인공 이 괴물 이 되는건 어쩔 수 없는듯 ;;; 어느 센가 원샷 원 킬 의 괴물 이 되어있는 자신 을 볼 수 있음 ;; 스토리 와 재미있는 세계관 만으로도 해볼만 한 가치 는 있는듯 .,2020-11-04 02:56:35
377160,Fallout 4,positive,"폴아웃 넘버링 시리즈중 현재로써는 제일 막내로 또한 가장 화려한 편이다. 물론 폴아웃 76도 있기는 해도 거의 외전of외전인 시간대라서 굳이 언급은 않겠다. 여하튼, 본론부터 시작하자면 폴아웃4는 전작의 장점을 좀 덜어내기는 했어도 새로운 유저의 유입이 훨씬 원활하게끔 하였다. 클래식 시리즈의 그림자를 어느 정도 벗어던진 FPS시리즈로 훨씬 가벼운 게임성에 제법 나도 인정할수 없었다. 조금 사작부터 사족이 길었다. 간략하게 장단점을 읊어보자면 우선 장점부터 시작하겠다. 폴아웃4의 장점은 굉장히 미려한 그래픽과 훨씬더 자연스러운 모","폴아웃 넘버링 시리즈 중 현재 로써 는 제일 막내 로 또한 가장 화려한 편이 다 . 물론 폴아웃 76 도 있기는 해도 거의 외전 of 외전 인 시간대 라서 굳이 언급 은 않겠다 . 여하튼 , 본론 부터 시작 하자면 폴아웃 4 는 전작 의 장점 을 좀 덜어 내기 는 했어도 새로운 유저 의 유입 이 훨씬 원활하게끔 하였다 . 클래식 시리즈 의 그림자 를 어느 정도 벗어던진 FPS 시리즈 로 훨씬 가벼운 게임 성 에 제법 나도 인정 할수 없었다 . 조금 사 작 부터 사족 이 길었다 . 간략하게 장단점 을 읊 어보 자 면 우선 장점 부터 시작 하겠다 . 폴아웃 4 의 장점 은 굉장히 미려 한 그래픽 과 훨씬 더 자연스러운 모",2020-11-03 20:12:48
377160,Fallout 4,positive,이 게임의 총 플레이 타임 90%는 모드질과 집짓기다,이 게임 의 총 플레이 타임 90% 는 모드 질 과 집짓기 다,2020-11-03 11:53:34
377160,Fallout 4,positive,버그 아웃 4. 그래도 대작인건 변함이 없는거같습니다. 정말 재밌게 즐겼습니다.,버그 아웃 4 . 그래도 대작 인 건 변함이 없는거 같습니다 . 정말 재밌게 즐겼습니다 .,2020-11-03 11:10:53
377160,Fallout 4,positive,버그는 쥰내 많긴하지만 세계관에 푹 빠져서 재미가 있네,버그 는 쥰내 많긴하지만 세계관 에 푹 빠져서 재미 가 있네,2020-11-03 08:55:19
377160,Fallout 4,positive,베리베리굿게임,베리 베리 굿 게임,2020-11-02 10:13:14
377160,Fallout 4,positive,한국어 좀 추가해라 개객갸!!!!!,한국어 좀 추가 해라 개객갸 !!!!!,2020-11-01 11:40:44
377160,Fallout 4,positive,"차곡차곡 잘 쌓아서 만들어온 프랜차이즈 대작, 엘더스크롤과 함께 베데스다를 지키는 양대산맥 게임 세계관이 절반은 먹는 게임. 비록 자잘한 버그 아직까지 있지만 다양한 모드로 어느 정도 상쇄가능. 설마 아직까지 안한사람이 있으면 그냥 하면 됨 폴아웃4 클리어하고 너무 재밌어도 폴아웃76은 절대 사면 안됨. 나처럼 에이 설마..하는 마음으로 사면 무조건 후회함","차곡차곡 잘 쌓아서 만들어 온 프랜차이즈 대작 , 엘더스크롤 과 함께 베데스다 를 지키는 양대 산맥 게임 세계관 이 절반 은 먹는 게임 . 비록 자잘한 버그 아직 까지 있지만 다양한 모드 로 어느 정도 상쇄 가능 . 설마 아직 까지 안 한 사람 이 있으면 그냥 하면 됨 폴아웃 4 클리어 하고 너무 재밌어도 폴아웃 76 은 절대 사면 안됨 . 나 처럼 에이 설마 .. 하는 마음 으로 사면 무조건 후회 함",2020-11-01 11:25:14
377160,Fallout 4,positive,우리는 이미 황무지의 생존자다...,우리 는 이미 황무지 의 생존자 다 ...,2020-10-31 15:05:35
377160,Fallout 4,positive,.,.,2020-10-31 09:38:08
377160,Fallout 4,positive,처음 5시간동안 무슨 이딴 개좆병신겜이 다있나 싶었는데 하다보니 너무재밌고,처음 5시간 동안 무슨 이딴 개좆 병신 겜 이 다 있나 싶었는데 하다 보니 너무 재밌고,2020-10-31 01:17:12
377160,Fallout 4,positive,"3회차로 다시 고티를 시작. 폴아웃은 3부터 뉴베가스, 4까지 다 2회차 이상 해본 결과 모두 재.밌.다 사실 호불호가 갈릴 수 있는 게임. 주 미션만 하면 플레이 타임이 짧을수도있다. 하지만 서브미션과 맵 이곳저곳 다니며 이벤트를 즐긴다면 100시간은 거뜬 넘기는 나 자신을 발견한다. 처음 입문이 어려워서 그렇지 좀만 진행하다보면 정말 갓겜이라는 생각만 하게됨.","3회 차로 다시 고 티 를 시작 . 폴아웃 은 3 부터 뉴 베가스 , 4 까지 다 2회 차 이상 해본 결과 모두 재 . 밌 . 다 사실 호불호 가 갈릴 수 있는 게임 . 주 미션 만 하면 플레이 타임 이 짧을수도 있다 . 하지만 서브 미션 과 맵 이 곳 저 곳 다니며 이벤트 를 즐긴다면 100시간 은 거 뜬 넘기는 나 자신 을 발견 한다 . 처음 입문 이 어려워서 그렇지 좀 만 진행 하다 보면 정말 갓 겜 이라는 생각 만 하게 됨 .",2020-10-31 00:38:55
377160,Fallout 4,positive,"게임 자체는 재밌지만, 스토리가 흠이 있다. 스토리 자체가 위선이며, 불쾌하다. 가볍고 그래픽 좋게 폴아웃 세계관을 즐기고 싶다면 추천합니다.","게임 자체 는 재밌지만 , 스토리 가 흠 이 있다 . 스토리 자체 가 위선 이며 , 불쾌하다 . 가볍고 그래픽 좋게 폴아웃 세계관 을 즐기고 싶다면 추천 합니다 .",2020-10-30 17:51:32
377160,Fallout 4,positive,늬들은 이런 폐지 줍지마라.,늬들 은 이런 폐지 줍지마라 .,2020-10-30 13:44:44
377160,Fallout 4,positive,우리 ‘프레스턴 가비’ 입좀 닫게하는 모드가 필요하다.,우리 ‘ 프레스턴 가비 ’ 입좀 닫게하는 모드 가 필요하다 .,2020-10-30 10:50:55
377160,Fallout 4,positive,"If you are a hardcore Fallout 1/NV fan you might not like this game. Otherwise, it's pretty enjoyable. Can be really stable if you select mods carefully.","If you are a hardcore Fallout 1 / NV fan you might not like this game . Otherwise , it ' s pretty enjoyable . Can be really stable if you select mods carefully .",2020-10-30 09:18:41
377160,Fallout 4,positive,음...네..ㅋㅋ,음 ... 네 .. ㅋㅋ,2020-10-30 07:40:38
377160,Fallout 4,positive,갓겜,갓 겜,2020-10-29 06:16:55
377160,Fallout 4,positive,스토리는 좀 아쉽지만 플레이 자체는 아주 존잼!,스토리 는 좀 아쉽지만 플레이 자체 는 아주 존잼 !,2020-10-29 04:11:45
377160,Fallout 4,positive,장점:재밌음 단점:개적화,장점 : 재밌음 단점 : 개 적 화,2020-10-28 21:46:14
377160,Fallout 4,positive,흐음...재밌다고해야돼나.... 망겜이라고해야돼나...,흐음 ... 재밌다 고해 야 돼나 .... 망겜 이라고 해야 돼나 ...,2020-10-28 19:42:51
377160,Fallout 4,positive,good !,good !,2020-10-28 19:08:25
377160,Fallout 4,positive,게임을 반만 만들었는데 재미는 있음,게임 을 반 만 만들었는데 재미 는 있음,2020-10-28 13:25:17
377160,Fallout 4,positive,전 4로 폴아웃을 처음인문했는데 걱정한 것 과달리 재미있고 그래픽도 볼만했고 재밋네용,전 4 로 폴아웃 을 처음 인문 했는데 걱정 한 것 과 달리 재미있고 그래픽 도 볼 만 했고 재밋네용,2020-10-27 22:16:07
377160,Fallout 4,positive,aaa,aaa,2020-10-27 15:03:47
377160,Fallout 4,positive,산 지 열흘도 채 안된 거 같은데 벌써 83시간을 플레이했다고 나와있다... 내 인생은 어디로 가고 있는 것일까? 아무리 지금이 코로나 시국이라 집에만 처박혀서 이렇게 게임을 하는 게 용서되기 비교적 쉬울 거라고 하는 지금... 아무리 그래도... 아무리 그래도 내가 눈뜨면 폴아웃4 켜고 시간 가는 줄 모르고 못 버틸 정도로 피곤해지면 잠에 드는 일상을 반복하는 게 맞는 걸까 싶다. 그만큼 병적으로 플레이하게 될 정도로 이 게임은 재미있다. 내가 생각했을 때는 이 시리즈는 이름을 고쳐야 한다. 폴아웃이 아니라 타임아웃 시리즈로,산 지 열흘 도 채 안된 거 같은데 벌써 83시간 을 플레이 했다고 나와있다 ... 내 인생 은 어디 로 가고 있는 것 일까 ? 아무리 지금 이 코로나 시국 이라 집 에만 처 박혀서 이렇게 게임 을 하는 게 용서 되기 비교 적 쉬울 거 라고 하는 지금 ... 아무리 그래도 ... 아무리 그래도 내 가 눈뜨면 폴아웃 4 켜고 시간 가는 줄 모르고 못 버틸 정도 로 피곤해지면 잠 에 드는 일상 을 반복 하는 게 맞는 걸까 싶다 . 그만큼 병적 으로 플레이 하게 될 정도 로 이 게임 은 재미있다 . 내 가 생각 했을 때 는 이 시리즈 는 이름 을 고쳐야 한다 . 폴아웃 이 아니라 타임 아웃 시리즈 로,2020-10-27 12:46:45
377160,Fallout 4,positive,잼ㅈ,잼 ㅈ,2020-10-27 12:44:06
377160,Fallout 4,positive,개재밌숨ㅋㅋ,개 재밌 숨 ㅋㅋ,2020-10-27 01:43:34
377160,Fallout 4,positive,대충 게임 이해완료 진지하게 오픈월드를 해볼 준비가 되엇음,대충 게임 이해 완료 진지하게 오픈월드 를 해볼 준비 가 되엇음,2020-10-26 22:06:46
377160,Fallout 4,positive,킹갓베데스다,킹 갓 베데스다,2020-10-26 21:53:44
377160,Fallout 4,positive,오프라인에서도 해서 총함 30시간정도 했는데 상당히 재밌습니다 무기 개조하고 모으는 재미도 있어요,오프라인 에서도 해서 총 함 30시간 정도 했는데 상당히 재밌습니다 무기 개조 하고 모으는 재미 도 있어요,2020-10-26 20:13:11
377160,Fallout 4,positive,갓겜,갓 겜,2020-10-26 11:20:53
377160,Fallout 4,positive,1300시간 플레이중,1300시간 플레이 중,2020-10-26 02:13:22
377160,Fallout 4,positive,항상 그렇듯이 마지막에는 모드만 남는 게임.,항상 그렇듯이 마지막 에는 모드 만 남는 게임 .,2020-10-26 01:01:39
377160,Fallout 4,positive,2회차 클리어에 근접했는데 대충 소감 장점 1. 전투가 이전작보다 재밌다 2. 분위기3에 근접하는 커먼웰스의 황폐한 도시 단점 1. 어떤 팩션을 손 들어줄까 정말 고민하게 만들 정도로 전부 나사빠짐. 의도된 디자인같음 2. 메인 스토리의 허술함(켈로그 찾는부분 어떤새끼가 디자인했냐) 한줄요약하자면 스토리 쌉노잼인데 전투및 탐험은 재밌어서 대체로 할만함,2회 차 클리어 에 근접했는데 대충 소감 장점 1 . 전투 가 이 전작 보다 재밌다 2 . 분위기 3 에 근접하는 커먼웰스 의 황폐 한 도시 단점 1 . 어떤 팩션 을 손 들어줄까 정말 고민 하게 만들 정도 로 전부 나사 빠짐 . 의도 된 디자인 같음 2 . 메인 스토리 의 허 술함 ( 켈로그 찾는 부분 어떤 새끼 가 디자인 했냐 ) 한 줄 요 약하자면 스토리 쌉 노잼 인데 전투 및 탐험 은 재밌어서 대체로 할만 함,2020-10-26 00:52:17
377160,Fallout 4,positive,폴폴폴,폴폴폴,2020-10-26 00:37:00
377160,Fallout 4,positive,86시간 했는디 안질림,86시간 했는디 안질림,2020-10-26 00:01:33
377160,Fallout 4,positive,충분히 재밌고 즐길거리가 많은데 뭔가 아쉬워... 이상하게 말야... 취향 차이 인가봐,충분히 재밌고 즐길 거리 가 많은데 뭔가 아쉬워 ... 이상하게 말 야 ... 취향 차이 인 가봐,2020-10-25 23:39:44
377160,Fallout 4,positive,스카이림의 모드질에 길들여졌으면서도 더 좋은그래픽을 원하던 나에게 폴아웃4 만큼 최고의 게임이 이외에는 없다고 봐도 무방합니다. 정말 모드 설치하고 지우는 시간이 게임 플레이 시간보다 더 긴것 같네여 ㅋㅋ 근데 또 그게 재밌단 말입니다.,스카이림 의 모드 질 에 길들여졌으면서도 더 좋은 그래픽 을 원하던 나 에게 폴아웃 4 만큼 최고 의 게임 이 이외 에는 없다고 봐도 무방 합니다 . 정말 모드 설치 하고 지우는 시간 이 게임 플레이 시간 보다 더 긴것 같네여 ㅋㅋ 근데 또 그게 재밌단 말 입니다 .,2020-10-25 21:35:34
377160,Fallout 4,positive,그나마 내 인생에서 몇 안되는 겜!!,그나마 내 인생 에서 몇 안되는 겜 !!,2020-10-25 16:50:32
377160,Fallout 4,positive,좆노잼,좆 노잼,2020-10-25 16:45:33
377160,Fallout 4,positive,Satisfying SaX game~,Satisfying SaX game ~,2020-10-25 01:54:03
377160,Fallout 4,positive,시즌패스가 더 비싸냐 고티보다 토도키상!!!!!!!!!!!!,시즌 패스 가 더 비싸냐 고 티보 다 토도 키 상 !!!!!!!!!!!!,2020-10-24 22:39:10
377160,Fallout 4,positive,굿,굿,2020-10-23 22:58:07
377160,Fallout 4,positive,요즘 생각나서 다시하고 있어요 이만한 게임없는듯,요즘 생각나서 다시 하고 있어요 이만 한 게임 없는듯,2020-10-23 16:09:03
377160,Fallout 4,positive,분위기만으로 돈값함,분위기 만으로 돈값함,2020-10-22 23:48:59
377160,Fallout 4,positive,RTX 그래픽카드 사용자 분들 중 계속 CTD 일어나시는 분들 런처 옵션에서 Weapon Debris 옵션 OFF로 하세요.. 이틀동안 온갖 모드 지웠다 깔았다 재설치 4번 하고 구글링하다 알았습니다..,RTX 그래픽카드 사용자 분들 중 계속 CTD 일어나시는 분들 런처 옵션 에서 Weapon Debris 옵션 OFF 로 하세요 .. 이틀 동안 온갖 모드 지웠다 깔았다 재 설치 4 번 하고 구글링 하다 알았습니다 ..,2020-10-22 23:26:30
377160,Fallout 4,positive,GOD GAME,GOD GAME,2020-10-22 23:00:06
377160,Fallout 4,positive,123,123,2020-10-22 19:22:16
377160,Fallout 4,positive,토드 씨발련아 벌레좀 잘만들지마,토드 씨발련 아 벌레 좀 잘 만들지마,2020-10-22 17:59:29
377160,Fallout 4,positive,포스트 아포칼립스를 좋아한다면 좋아할 수 밖에 없는 작품 하지만 토드 하워드는 싫은 그런작품,포스트 아포칼립스 를 좋아한다면 좋아할 수 밖에 없는 작품 하지만 토드 하워드 는 싫은 그런 작품,2020-10-21 04:26:04
377160,Fallout 4,positive,정신나간 세계관의 FALLOUT 4 취향을 조금 타긴 하지만 확실히 재미있습니다.,정신 나간 세계관 의 FALLOUT 4 취향 을 조금 타긴 하지만 확실히 재미있습니다 .,2020-10-21 01:57:52
377160,Fallout 4,positive,ㅋ,ㅋ,2020-10-20 16:36:12
377160,Fallout 4,positive,구매를 취소하고 인생을 살아주세요...,구매 를 취소 하고 인생 을 살아주세요 ...,2020-10-18 04:26:00
377160,Fallout 4,positive,뉴베가스 켜라,뉴 베가스 켜 라,2020-10-18 03:39:36
377160,Fallout 4,positive,폴아웃76을 해 봤더니 이 게임이 선녀로 보임.,폴아웃 76 을 해 봤더니 이 게임 이 선녀 로 보임 .,2020-10-17 14:41:19
377160,Fallout 4,positive,폴아웃4하면서 생각나는 것들.. 1. 라드로치 2. 레이더 3. 데스클로 4. 센트리봇 5. ㅆX 가비,폴아웃 4 하면서 생각나는 것 들 .. 1 . 라드 로치 2 . 레이더 3 . 데스 클로 4 . 센트 리봇 5 . ㅆ X 가비,2020-10-16 23:10:20
377160,Fallout 4,positive,오픈 월드 좋아한다면 꼭 해야할 작품중에 하나. 강추,오픈 월드 좋아한다면 꼭 해야 할 작품 중 에 하나 . 강추,2020-10-16 20:44:48
377160,Fallout 4,positive,졸잼,졸잼,2020-10-16 19:15:41
377160,Fallout 4,positive,잡템 챙기면 옆에서 꼽ㅈㄴ줌. 필요하다고 필요하다고 개새끼야,잡템 챙기면 옆 에서 꼽 ㅈㄴ 줌 . 필요하다고 필요하다고 개새끼 야,2020-10-16 17:00:54
377160,Fallout 4,positive,한번 해봐야할 게임.,한번 해봐 야할 게임 .,2020-10-16 14:14:24
377160,Fallout 4,positive,"1회차 하다가 즐릴 때 즈음에 모드를 깔아서 하면 신세계. 물론 모드는 한번 깔았으면 그 세이브 날리기 전까지 끌고 가야한다. 안그러면 세이브 터진다. 2회차 하기 전에 안쓰는 모드들 좀 지우고, 하면 그만. 빌리징도 취향 타겠지만, 모드랑 크리에이션 클럽이랑 같이 해보면 또 다른 느낌이고, 할맛 난다. 잘만든 모드 구동겜.","1회 차 하다가 즐릴 때 즈음 에 모드 를 깔아서 하면 신세계 . 물론 모드 는 한번 깔았으면 그 세이브 날리기 전 까지 끌 고 가야 한 다 . 안 그러면 세이브 터진다 . 2회 차 하기 전 에 안 쓰는 모드 들 좀 지우고 , 하면 그만 . 빌리 징 도 취향 타겠지만 , 모드 랑 크리에이션 클럽 이랑 같이 해보면 또 다른 느낌 이고 , 할 맛 난다 . 잘만 든 모드 구 동 겜 .",2020-10-15 03:20:24
377160,Fallout 4,positive,가볍게 할만한 오픈월드 게임입니다~,가볍게 할만 한 오픈월드 게임 입니다 ~,2020-10-14 17:19:25
377160,Fallout 4,positive,굿,굿,2020-10-14 15:58:04
377160,Fallout 4,positive,ㅇㅅㅇ b,ㅇㅅㅇ b,2020-10-14 14:48:21
377160,Fallout 4,positive,https://www.nexusmods.com/fallout4,https://www.nexusmods.com/fallout4,2020-10-14 14:06:19
377160,Fallout 4,positive,모드질 > 버그발생 > 콘솔 및 모드로 버그픽스 > 의 무한순환,모드 질 > 버그 발생 > 콘솔 및 모드 로 버그 픽스 > 의 무한 순환,2020-10-14 11:07:08
377160,Fallout 4,positive,파워아머 하나떄매 추천박는다 ..,파워 아 머 하나 떄매 추천 박는다 ..,2020-10-12 01:49:18
377160,Fallout 4,positive,그냥 최고임..,그냥 최고 임 ..,2020-10-10 15:39:40
377160,Fallout 4,positive,무게가 부족해,무게 가 부족해,2020-10-09 20:37:18
377160,Fallout 4,positive,"버그, 최적화 빼고 다 괜찮은 게임 베데스다한테 버그랑 최적화를 빼면 뭐가 남냐고? ㅋ ps. 가비쉑, 뉴카콜라때 보자","버그 , 최적화 빼고 다 괜찮은 게임 베데스다 한테 버그 랑 최적화 를 빼면 뭐 가 남냐고 ? ㅋ ps . 가비 쉑 , 뉴카 콜라 때 보자",2020-10-08 19:21:30
377160,Fallout 4,positive,빈정대기 있으면 일단 누르고 본다 ㅋㅋㅋ,빈정대기 있으면 일단 누르고 본다 ㅋㅋㅋ,2020-10-08 04:28:50
377160,Fallout 4,positive,베데스다 게임 특: 중독될때쯤에 세이브 터져서 현탐으로 강제 일상복귀시켜줌,베데스다 게임 특 : 중독 될 때 쯤 에 세이브 터져서 현 탐으로 강제 일상 복귀 시켜 줌,2020-10-08 02:03:08
377160,Fallout 4,positive,진짜 재밌음 하고싶은대로 하면됨,진짜 재밌음 하고 싶은대로 하면 됨,2020-10-07 20:38:20
377160,Fallout 4,positive,재밋다 근데 모드질좀 안하게 게임을 만들어줫음 좋겟다 제발...,재밋다 근데 모드 질좀 안 하게 게임 을 만들어 줫음 좋겟다 제발 ...,2020-10-05 20:22:09
377160,Fallout 4,positive,한번쯤 해볼만한 베네스타 게임. 두번은 권하기 어려움..,한번 쯤 해볼만 한 베 네스타 게임 . 두 번은 권하기 어려움 ..,2020-10-05 16:58:41
377160,Fallout 4,positive,사실이거 모드 때문에 합니다만.. 최근은 모드가 아니라 스토리보는 용으로 쓰네요 저는 하우징도 좋긴 좋더라구요,사실이거 모드 때문 에 합니다만 .. 최근 은 모드 가 아니라 스토리 보는 용 으로 쓰네요 저 는 하우 징 도 좋긴 좋더라구요,2020-10-05 09:12:58
377160,Fallout 4,positive,여기저기 더 탐험하고 싶었지만 시간이 없어서 엔딩만 보고 삭제한게 아쉽다..,여기저기 더 탐험 하고 싶었지만 시간 이 없어서 엔딩 만 보고 삭제 한 게 아쉽다 ..,2020-10-04 23:52:11
377160,Fallout 4,positive,재밋음,재밋음,2020-10-04 23:35:45
377160,Fallout 4,positive,한글 모드 넣으면 업적 안되는거 그냥 모드 무시하고 업적 달성되는 모드 넣고 업적달성하면됨 문제엄슴 게임은 전체적으로 전작에비해서는 별로라는 평이 많긴한데 할만함,한글 모드 넣으면 업적 안되는거 그냥 모드 무시 하고 업적 달성 되는 모드 넣고 업적 달성 하 면 됨 문제 엄슴 게임 은 전체 적 으로 전작 에 비 해서는 별로 라는 평이 많긴한데 할만 함,2020-10-04 20:52:47
377160,Fallout 4,positive,/////,/////,2020-10-04 17:30:13
377160,Fallout 4,positive,사실 모드가 본체임,사실 모드 가 본체 임,2020-10-03 21:23:40
377160,Fallout 4,positive,메인퀘나 dlc퀘들은 최대한 늦게 깨는게 좋은거 같아요 물론 이 게임이 메인퀘가 부실한반면 자잘한 서브퀘가 방대하고 재미있는 겜이긴해요 그렇지만 기본적으로 몰입하면서 즐기는건데 이미 메인퀘로 볼일 다보고 서브퀘 하려니까 영 집중이 안되네요 어차피 스토리 끝난겜 왜 붙잡고 있나 이런 생각이 듭니다 최대한 서브퀘나 탐험위주로 재미보시다가 마지막에 메인퀘위주로 진행하는게 가장 알차게 이겜을 하는 방법 같네요,메인 퀘 나 dlc 퀘 들 은 최대한 늦게 깨는게 좋은 거 같아요 물론 이 게임 이 메인 퀘 가 부실한 반면 자잘한 서브 퀘 가 방대하고 재미있는 겜 이긴 해 요 그렇지만 기본 적 으로 몰입 하면서 즐기는건데 이미 메인 퀘 로 볼일 다 보고 서브 퀘 하려니까 영 집중 이 안되네요 어차피 스토리 끝난 겜 왜 붙잡고 있나 이런 생각 이 듭니 다 최대한 서브 퀘 나 탐험 위주 로 재미 보시다가 마지막 에 메인 퀘 위주 로 진행 하는게 가장 알차게 이 겜 을 하는 방법 같네요,2020-10-03 21:04:11
377160,Fallout 4,positive,토도키가 만든 역대급 띵작,토도 키 가 만든 역대 급 띵작,2020-10-03 18:28:35
377160,Fallout 4,positive,폴4 재밋게 즐기는 꿀팁 폴76하다가 좀 싼다싶을때 켜주면 재밋음,폴 4 재밋 게 즐기는 꿀팁 폴 76 하다가 좀 싼다싶을 때 켜주면 재밋음,2020-10-03 17:57:45
377160,Fallout 4,positive,재미있음. 2편하고 3편 처음헸을때 감동보다 못하지만...,재미있음 . 2 편하고 3 편 처음 헸 을 때 감동 보다 못 하지만 ...,2020-10-03 17:52:02
377160,Fallout 4,positive,이전 게임보단 못하다곤 하지만 재밌다. 특히 탐험하는 재미는 더 좋다고 본다. 그런데 버그나고 튕기는 문제는 어떻게 안되냐?,이전 게임 보단 못 하다곤 하지만 재밌다 . 특히 탐험 하는 재미 는 더 좋다고 본다 . 그런데 버그 나고 튕기 는 문제 는 어떻게 안되냐 ?,2020-10-03 10:37:11
377160,Fallout 4,positive,토드 의 이상한 취향만 씹거나 거를수 있다면 충분히 추천할만한 겜 + 엄청난 모드량은 덤,토드 의 이상한 취향 만 씹거나 거 를 수 있다면 충분히 추천 할만 한 겜 + 엄청난 모드량 은 덤,2020-10-02 14:53:55
377160,Fallout 4,positive,"세기말 감성 하나만으로도 엄청난 몰입감을 선사한다. 다만, 눈뜨고 봐주기 힘든 마감은..","세기말 감성 하나 만으로도 엄청난 몰입 감 을 선사 한다 . 다만 , 눈뜨고 봐주기 힘든 마감 은 ..",2020-10-01 14:09:36
377160,Fallout 4,positive,버그는 많지만 모드질로 매번 새로운 경험을 할 수 있음,버그 는 많지만 모드 질 로 매번 새로운 경험 을 할 수 있음,2020-09-30 23:54:20
377160,Fallout 4,positive,너무재밌당,너무 재밌당,2020-09-29 10:02:05
377160,Fallout 4,positive,좋아요 재밌어요 신선해요,좋아요 재밌어요 신선해요,2020-09-28 12:22:14
377160,Fallout 4,positive,자잘한 버그빼면 재밌음,자잘한 버그 빼면 재밌음,2020-09-27 07:31:25
377160,Fallout 4,positive,ㅋㅋ,ㅋㅋ,2020-09-26 22:42:01
377160,Fallout 4,positive,스카이림 좋아하면 꼭 해보세요.,스카이림 좋아하면 꼭 해보세요 .,2020-09-26 16:57:41
377160,Fallout 4,positive,재밌다,재밌다,2020-09-26 15:37:19
377160,Fallout 4,positive,꿀잼,꿀잼,2020-09-26 10:38:46
377160,Fallout 4,positive,zx,zx,2020-09-26 05:25:52
377160,Fallout 4,positive,재미있는 겜이긴 한데 6년만에 나온 후속작 치고는 쪼큼..ㅎㅎ;; 3.5/5,재미있는 겜 이긴 한데 6년 만에 나온 후속작 치고는 쪼큼 .. ㅎㅎ ;; 3.5 / 5,2020-09-24 17:39:39
377160,Fallout 4,positive,'베데스다'가 명작에다 '버그'를 갈아넣은 버그스다가 버그한 게임 재미는 있지만 솔직히 폴아웃만의 흥미로운 세계관이랑 유저 모드 지원을 빼면 큰 메리트가 없는 게임이다. 그래도 76할빠엔 이게임이 훨씬낫다. 토드야 최적화좀 해라,' 베데스다 ' 가 명작 에다 ' 버그 ' 를 갈아 넣은 버그스 다가 버그 한 게임 재미 는 있지만 솔직히 폴아웃 만의 흥미로운 세계관 이랑 유저 모드 지원 을 빼면 큰 메리트 가 없는 게임 이다 . 그래도 76 할빠 엔 이 게임 이 훨씬 낫다 . 토드 야 최적화 좀 해 라,2020-09-24 00:52:05
377160,Fallout 4,positive,최고의 게임.,최고 의 게임 .,2020-09-24 00:07:37
377160,Fallout 4,positive,레일로드 팩션 말고 거너 팩션 주세요,레일로드 팩션 말고 거너 팩션 주세요,2020-09-23 20:32:33
377160,Fallout 4,positive,재밌는데 자잘한 버그가 많어요,재밌는데 자잘한 버그 가 많어요,2020-09-23 15:07:32
377160,Fallout 4,positive,그럭저럭 할만 함,그럭저럭 할만 함,2020-09-21 19:22:55
377160,Fallout 4,positive,폴 아 웃 4 재 밌 다!,폴 아 웃 4 재 밌 다 !,2020-09-20 15:45:38
377160,Fallout 4,positive,이겜 하면 나중에 핵전쟁 일어났을때 어떻게 해야할지 알 수 있음 음음,이 겜 하면 나중 에 핵전쟁 일어났을 때 어떻게 해야 할지 알 수 있음 음음,2020-09-20 09:44:23
377160,Fallout 4,positive,재밌음,재밌음,2020-09-20 09:36:09
377160,Fallout 4,positive,스카이림에 이은 제 2의 모드 재생기,스카이림 에 이 은 제 2 의 모드 재생 기,2020-09-19 21:47:09
377160,Fallout 4,positive,300시간 넘게했는데 차마 레일로드 이 개씨발 애미터진련들 엔딩은 못보겠다,300시간 넘게 했는데 차마 레일로드 이 개 씨발 애 미터 진련 들 엔딩 은 못 보겠다,2020-09-19 19:09:34
377160,Fallout 4,positive,good!~,good !~,2020-09-18 23:56:03
377160,Fallout 4,positive,정착지는 개나 줘버려 젠장할,정착 지는 개 나 줘 버려 젠장 할,2020-09-16 00:40:25
377160,Fallout 4,positive,폴아웃4의 대화 시스템 요약 ------------------물어보기------------------ ----빈정대기-------<--->-------거절하기---- ------------------수락하기------------------ 다만 파워 아머 하나만큼은 끝내줌,폴아웃 4 의 대화 시스템 요약 ------------------ 물어보기 ------------------ ---- 빈정대기 -------<--->------- 거절 하기 ---- ------------------ 수락 하기 ------------------ 다만 파워 아 머 하나 만큼은 끝내줌,2020-09-15 19:31:00
377160,Fallout 4,positive,토도키상 게임이 이상한데숭... 왜 해킹하다가 의자에서 멈추는건데...,토도 키 상 게임 이 이상한데 숭 ... 왜 해킹 하다가 의자 에서 멈추는건데 ...,2020-09-15 13:25:25
377160,Fallout 4,positive,천천히 파밍하면서 서브퀘도하고 엔딩 이것저것 하면 수십시간 녹아내림,천천히 파밍 하면서 서브 퀘 도하 고 엔딩 이 것 저 것 하면 수십 시간 녹아내림,2020-09-15 11:22:49
377160,Fallout 4,positive,베데스다겜 싫어하는데도 묘한 매력이 있단말이지,베데스다 겜 싫어하는데도 묘 한 매력 이 있 단말 이지,2020-09-14 17:25:05
377160,Fallout 4,positive,"다 좋은대 퀘스트좀 많이 추가해줬으면 좋겟음 그리고 단점이 브라더후드 루트말고는 다 재미없음 레일로드 루트,미닛맨 루트,인스티튜트 루트 다해봤는대 브라더후드가 짱임 브라더후드 좋은점:파워아머 준다 브라더후드 않좋은점:퀘스트 가 ㅈㄴ 많음 특히 티건 퀘스트 하지마셈 돈 900원 적자임 그리고 프리든웬 식량을 내가 공급해야댐","다 좋은대 퀘스트 좀 많이 추가 해줬으면 좋겟음 그리고 단점 이 브라더후드 루트 말고는 다 재미없음 레일로드 루트 , 미닛맨 루트 , 인스티튜트 루트 다해 봤는대 브라더후드 가 짱 임 브라더후드 좋은 점 : 파워 아 머 준다 브라더후드 않 좋은 점 : 퀘스트 가 ㅈㄴ 많음 특히 티건 퀘스트 하지마 셈 돈 900원 적자 임 그리고 프리 든 웬 식량 을 내 가 공급 해야 댐",2020-09-14 14:25:25
377160,Fallout 4,positive,모드갓겜,모드 갓 겜,2020-09-12 17:20:35
377160,Fallout 4,positive,76이 아닌 얘 dlc나 만들지,76 이 아닌 얘 dlc 나 만들지,2020-09-10 13:01:19
377160,Fallout 4,positive,이게 감성이 안 맞는 분들은 몰입 정말 안되실 겁니다. 포스트 아포칼립스 배경인데 트랜지스터가 발명되기 전에 아포칼립스가 발생해버려서 뭔 이상한 진공관으로 만든 시계를 차고 다니는데 그 시계의 디스플레이가 제가 태어날 즈음에 나왔던 윈도우 95 시작할 때 메세지 들이랑 닮아서 반가워야하는데 거부감이 느껴집니다. 초반에 조금 하고 못 견뎌서 접었네요. 그래도 게임 자체의 완성도는 높다고 보기 때문에 추천하겠습니다.,이 게 감성 이 안 맞는 분 들 은 몰입 정말 안되실 겁니다 . 포스트 아포칼립스 배경 인데 트랜지스터 가 발명 되기 전 에 아포칼립스 가 발생 해 버려서 뭔 이상한 진공관 으로 만든 시계 를 차고 다니는데 그 시계 의 디스플레이 가 제 가 태어날 즈음 에 나왔던 윈도우 95 시작 할 때 메세지 들이랑 닮아서 반가워야하는데 거부 감 이 느껴집니다 . 초반 에 조금 하고 못 견뎌서 접었네요 . 그래도 게임 자체 의 완성 도 는 높다고 보기 때문 에 추천 하겠습니다 .,2020-09-10 03:03:27
377160,Fallout 4,positive,모드 적용만 하다가 끝을 못보네요..,모드 적용 만 하다가 끝 을 못 보네요 ..,2020-09-10 00:25:03
377160,Fallout 4,positive,스팀판은 버그가 덜 하겠지란 생각은 어디서 튀어나온걸까,스팀 판 은 버그 가 덜 하겠지란 생각 은 어디서 튀어나온 걸까,2020-09-09 20:54:43
377160,Fallout 4,positive,할것없다면서 하는데 500시간...ㅋ,할것 없다면서 하는데 500시간 ... ㅋ,2020-09-08 17:53:07
377160,Fallout 4,positive,106시간 할동안 메인 엔딩만 보고 dlc는 하나도 안건듬,106시간 할 동안 메인 엔딩 만 보고 dlc 는 하나 도 안건 듬,2020-09-08 13:53:38
377160,Fallout 4,positive,ㅅㅌㅊ,ㅅㅌㅊ,2020-09-07 13:13:05
377160,Fallout 4,positive,NPC를 공격하지도 않았는데 순간적으로 적대적으로 바뀌는 버그 때문에 다깬 미션을 다시 깬적이 많습니다 그거외에도 다른 잔버그 들만 없으면 훌륭한 게임 입니다,NPC 를 공격 하지도 않았는데 순간 적 으로 적대 적 으로 바뀌는 버그 때문 에 다 깬 미션 을 다시 깬 적 이 많습니다 그거 외 에도 다른 잔 버그 들만 없으면 훌륭한 게임 입니다,2020-09-07 00:26:04
377160,Fallout 4,positive,꿀잼,꿀잼,2020-09-06 23:41:48
377160,Fallout 4,positive,good,good,2020-09-06 12:59:44
377160,Fallout 4,positive,버그 많다고 그래서 2시간동안 f5(빠른저장)눌러가며 플레이 했는데 저장 하나도 안되어있네? 왜 2시간 전 저장만 있는건데? 나 2시간동안 뭐한건데? 자동저장만 몇번을 봤는데? 아 개짜증나 안해 더러워서 안해 그래도 재밌으니까 한다 에휴,버그 많다고 그래서 2시간 동안 f 5 ( 빠른 저장 ) 눌러가며 플레이 했는데 저장 하나 도 안되어있네 ? 왜 2시간 전 저장 만 있는건데 ? 나 2시간 동안 뭐 한건데 ? 자동 저 장만 몇번 을 봤는데 ? 아 개 짜증나 안해 더러워서 안해 그래도 재밌으니까 한다 에 휴,2020-09-06 10:30:37
377160,Fallout 4,positive,"스카이림, 뉴베가스에 비하면 참 터무니없을 정도로 싱거운 끄나풀들이지만 한편으론 참 좋은 그래픽에 (버그, 버그는 바뀌지 않는다) 여러가지 즐길거리로 인해 시간가는 줄 몰랐읍니다. 76이 씨발, 4가 병신소리를 듣고 있긴 하지만 그래도 저는 다른 엔딩을 보려합니다","스카이림 , 뉴 베가스 에 비 하면 참 터 무니 없을 정도 로 싱거운 끄나풀 들 이지만 한편 으론 참 좋은 그래픽 에 ( 버그 , 버그 는 바뀌지 않는다 ) 여러가지 즐길 거리 로 인해 시간 가는 줄 몰랐 읍니 다 . 76 이 씨발 , 4 가 병신 소리 를 듣고 있긴 하지만 그래도 저 는 다른 엔딩 을 보려 합니다",2020-09-06 00:13:55
377160,Fallout 4,positive,버그 수정좀... 퀘스트가 안대는경우가 많음 하지만 재밋음,버그 수정 좀 ... 퀘스트 가 안대 는 경우 가 많음 하지만 재밋음,2020-09-05 07:39:03
377160,Fallout 4,positive,다 좋은데 굳이 파충류같은 몹을 존내 디테일하게 만들어놓냐,다 좋은데 굳이 파충류 같은 몹 을 존내 디테 일하게 만들어놓냐,2020-09-04 19:45:22
377160,Fallout 4,positive,누카콜라에 취한다,누카 콜라 에 취한 다,2020-09-04 05:19:37
377160,Fallout 4,positive,l,l,2020-09-03 01:44:11
377160,Fallout 4,positive,goodgoodgood,goodgoodgood,2020-09-02 23:43:32
377160,Fallout 4,positive,바닐라가 폴아웃 4 라면 모드는 전혀 다른 게임이다. 그렇게 질렸다면 모드를 깔아라. 다시 뉴비가 될 것이다.,바닐라 가 폴아웃 4 라면 모드 는 전혀 다른 게임 이다 . 그렇게 질렸다면 모드 를 깔아라 . 다시 뉴비 가 될 것 이다 .,2020-09-02 22:14:40
377160,Fallout 4,positive,모드쓰면 도전과제 안되는게 좀 에바야 ㅡㅡ,모드 쓰면 도전 과제 안되는게 좀 에바 야 ㅡㅡ,2020-09-02 18:00:15
377160,Fallout 4,positive,재미는 있는데... 재미는 있음. 근데 스킬이 폴아웃 뉴베가스처럼 다채롭지 않고 스킬 찍어도 별 느낌이 없음. 그래서 컨셉플레이가 좀 한정적이라 다회차는 하기가 좀 힘듦,재미 는 있는데 ... 재미 는 있음 . 근데 스킬 이 폴아웃 뉴 베가스 처럼 다채롭 지 않고 스킬 찍어도 별 느낌 이 없음 . 그래서 컨셉 플레이 가 좀 한정 적 이라 다 회 차는 하기가 좀 힘듦,2020-09-02 16:05:47
377160,Fallout 4,positive,이 게임 초반부에 보았던 바퀴벌레들은 앞으로 등장할 무수히 많은 버그들에 대한 복선이 아니었을까,이 게임 초반 부 에 보았던 바퀴벌레 들 은 앞 으로 등장 할 무수 히 많은 버그 들 에 대한 복선 이 아니었을까,2020-09-02 10:10:50
377160,Fallout 4,positive,명품을 설명하는 것은 쎅씨하지 않습니다,명품 을 설명 하는 것 은 쎅씨하 지 않습니다,2020-08-31 23:42:42
377160,Fallout 4,positive,굿...,굿 ...,2020-08-31 19:21:51
377160,Fallout 4,positive,멍멍아 나 지켜줄거지?,멍멍 아 나 지켜줄거지 ?,2020-08-31 18:22:52
377160,Fallout 4,positive,버그와 하우징을 좋아하신다면..,버그 와 하우 징 을 좋아하신다면 ..,2020-08-30 16:26:27
377160,Fallout 4,positive,재미없네요,재미없네요,2020-08-30 13:40:44
377160,Fallout 4,positive,"모드없으면 하기힘들고, 씌우면 한글이 깨지는곳이 생기고 좀짱나긴하는데 기본적인건 한글유지한채로 진행가능해서 그냥하는데 첨엔 재미없었는데 하다보니까 재밌음 . . 스토리도 재밌었던게, 캘로그 과거 회상장면에서 행복은 추억으로 남는다.. 행복은 사라지고나서야 뒤늦게 행복했단걸 깨닫는다. 였나? 암튼 이부분에서 오... 뭔가 공감되고 재밌었음","모드 없으면 하기 힘들고 , 씌우면 한글 이 깨지는 곳 이 생기 고 좀 짱 나긴하는데 기본 적 인 건 한글 유지 한 채 로 진행 가능해서 그냥 하는데 첨 엔 재미없었는데 하다 보 니까 재밌음 . . 스토리 도 재밌었던게 , 캘 로그 과거 회상 장면 에서 행복 은 추억 으로 남는다 .. 행복 은 사라지고 나서야 뒤늦게 행복했단 걸 깨닫는다 . 였나 ? 암튼 이 부분 에서 오 ... 뭔가 공감 되고 재밌었음",2020-08-30 11:47:58
377160,Fallout 4,positive,폴아웃 뉴베가스엔 못미치지만 정착지 노가다만 제외하면 나름대로 할만하긴 한 게임,폴아웃 뉴 베가스 엔 못 미치지만 정착 지 노가다 만 제외 하면 나름 대로 할만 하긴 한 게임,2020-08-29 23:20:54
377160,Fallout 4,positive,베데스다 게임답게 모드로 완성됨,베데스다 게임 답 게 모드 로 완성 됨,2020-08-29 21:53:52
377160,Fallout 4,positive,버그만 뺴면 꿀잼,버그 만 뺴 면 꿀잼,2020-08-29 03:37:23
377160,Fallout 4,positive,정말 좋지만 3D 멀미가 심하다면 재고해보시길,정말 좋지만 3 D 멀미 가 심하다면 재고 해보시길,2020-08-28 18:24:31
377160,Fallout 4,positive,모드갓겜!,모드 갓 겜 !,2020-08-28 16:38:29
377160,Fallout 4,positive,"많이는 못만났지만 다양한 인물들을 만나거나 같이 여정을 떠나는 것이 재밌고, 중후반정도 까지는 메인스토리가 정말 흥미진진하고, 다양한 등장인물과 함께 다양하고 흥미로운 서브퀘스트들도 좋았고, 의외로 총질이 생각보다 재밌었다. 근데 메인 스토리가 아쉬운게 중반까지는 정말 재미있다가 나중에 내가 여러 세력중 한 세력을 골라 이야기를 이끌어야 하는데 그 세력들이 죄다 파시스트 새끼들 같아서 이때부터 뭔가 허탈감 때문에 아직 즐길거리가 많음에도 별 이유없이 정이 떨어졌고, 이렇게 정떨어진 상태에서 개적화나 버그나 특히 재미없는 퀘스트를","많이는 못 만났지만 다양한 인물 들 을 만나거나 같이 여정 을 떠나는 것 이 재밌고 , 중후 반 정도 까지는 메인 스토리 가 정말 흥미진진 하고 , 다양한 등장인물 과 함께 다양하고 흥미로운 서브 퀘스트 들 도 좋았고 , 의외로 총 질 이 생각 보다 재밌었다 . 근데 메인 스토리 가 아쉬운게 중반 까지는 정말 재미있다가 나중 에 내 가 여러 세력 중 한 세력 을 골라 이야기 를 이끌어야 하는데 그 세력 들 이 죄다 파시스트 새끼 들 같아서 이 때 부터 뭔가 허탈 감 때문 에 아직 즐길 거리 가 많음에도 별 이유 없이 정이 떨어졌고 , 이렇게 정 떨어진 상태 에서 개 적 화나 버그 나 특히 재미없는 퀘스트 를",2020-08-28 05:14:13
377160,Fallout 4,positive,ㄹㅇ개꿀잼임 내맘대로 할수있음,ㄹㅇ 개꿀잼임 내 맘 대로 할수있음,2020-08-27 18:06:59
377160,Fallout 4,positive,헤헤 재밌단,헤헤 재밌단,2020-08-27 14:55:57
377160,Fallout 4,positive,굉장히 방대하고 좋은 게임. 굿.,굉장히 방대하고 좋은 게임 . 굿 .,2020-08-27 02:21:36
377160,Fallout 4,positive,THIS IS AMERICA,THIS IS AMERICA,2020-08-26 23:50:24
377160,Fallout 4,positive,8========D,8 ======== D,2020-08-26 21:17:48
377160,Fallout 4,positive,가비 이 ㅆ1발련아,가비 이 ㅆ 1 발련 아,2020-08-26 20:13:15
377160,Fallout 4,positive,모드 안해도 바닐라로도 충분히 재밌었어요. 이미 스토리를 스포당해서 그러려니 하고 자유 플레이만 했는데 얼마전에 엔딩보고 이입해서 감정이 엄청 흔들렸네요. 그리구 버그 때문에 좀 고통스럽긴 해요. 동료 버그가 특히 넘 힘들었는데 짜증나서 그냥 혼자 다니네요. 역시 황무지에선 혼자가 최고야. 황무지 뿐만 아니고 세상사 다 독고다이 각자도생 아니겠어요..? (엔딩보고 사람이 변함),모드 안해 도 바닐라 로 도 충분히 재밌었어요 . 이미 스토리 를 스포 당해서 그러려니 하고 자유 플레이 만 했는데 얼마 전 에 엔딩 보고 이입 해서 감정 이 엄청 흔들렸네요 . 그리구 버그 때문 에 좀 고통스럽긴 해 요 . 동료 버그 가 특히 넘 힘들었는데 짜증나서 그냥 혼자 다니네요 . 역시 황무지 에선 혼자 가 최고 야 . 황무지 뿐 만 아니고 세 상사 다 독고 다 이 각자 도생 아니겠어요 ..? ( 엔딩 보고 사람 이 변함 ),2020-08-26 04:39:51
377160,Fallout 4,positive,튕김 버그가 제일 장벽이긴 하지만... 볼륨도 엄청 크고 그래픽도 지금 봐도 훌륭하고 무엇보다 게임이 너무 재밌습니다. 뉴베가스보다 더 재밌게 하고 있어요.,튕김 버그 가 제일 장벽 이긴 하지만 ... 볼륨 도 엄청 크고 그래픽 도 지금 봐도 훌륭하고 무엇 보다 게임 이 너무 재밌습니다 . 뉴 베가스 보다 더 재밌게 하고 있어요 .,2020-08-26 02:02:11
377160,Fallout 4,positive,그래픽 말이 많은데 내 눈엔 선녀같기만 하다 난 게임 분위기랑 잘 어울려서 좋기만 하던데.. 그냥 내가 폴아웃4를 사랑해서 그런듯 운 좋아서 버그도 별로 안 걸림 제발 시리즈 계속 내 줬으면 함,그래픽 말 이 많은데 내 눈 엔 선녀 같기만 하다 난 게임 분위기 랑 잘 어울려서 좋기만 하던데 .. 그냥 내 가 폴아웃 4 를 사랑 해서 그런듯 운 좋아서 버그 도 별로 안 걸림 제발 시리즈 계속 내 줬으면 함,2020-08-25 20:05:11
377160,Fallout 4,positive,"폴아웃 기존작과는 다른 시스템을 많이 가지고 등장한 게임임. 내 생각에는 그냥 총든 스카이림같다 ㅋㅋ 일직선엔딩인 3과는 달리 4개의 엔딩이 생겼지만, 같은 4개의 엔딩을 보유하고 있는 뉴베가스와 달리 조선족,나치,좆병신,병신 중 하나를 선택해야 하기 때문에 짜증난다. 또 3과 뉴베가스의 좋았던 시스템을 퇴화시켜놓은 것도 상당히 많으며, 혼자 SF물을 찍으며 아톰펑크 분위기를 해치는 인스티튜트와 클래식부터 내려온 오래된 설정들을 씹창내기도 한다. 심지어 메인스토리도 우덜 신스도 인간이고 생명체랑께요를 시전하며 다른 지역의 황무지인들","폴아웃 기존 작 과는 다른 시스템 을 많이 가지 고 등장 한 게임 임 . 내 생각 에는 그냥 총 든 스카이림 같다 ㅋㅋ 일직선 엔딩 인 3 과는 달리 4 개 의 엔딩 이 생겼지만 , 같은 4 개 의 엔딩 을 보유 하고 있는 뉴 베가스 와 달리 조선족 , 나치 , 좆 병신 , 병신 중 하나 를 선택 해야 하기 때문 에 짜증난다 . 또 3 과 뉴 베가스 의 좋았던 시스템 을 퇴화 시켜놓은 것 도 상당히 많으며 , 혼자 SF 물 을 찍으며 아톰 펑크 분위기 를 해치는 인스티튜트 와 클래식 부터 내려온 오래된 설정 들 을 씹 창 내 기도 한다 . 심지어 메인 스토리 도 우 덜 신스 도 인간 이고 생명체 랑께요 를 시전 하며 다른 지역 의 황무지 인들",2020-08-23 16:05:26
377160,Fallout 4,positive,뉴베가스 하기 전에 4로 입문합시다. 뉴베좀 하다가 4 하려고하면 불편한점들이 한두개가 아니고 뉴베가 더 재미있는게 사실이라서 4로 입문해서 즐기고 뉴베로 넘어가는걸 추천드립니다,뉴 베가스 하기 전 에 4 로 입문 합시다 . 뉴베좀 하다가 4 하려고하면 불편한 점 들 이 한두 개 가 아니고 뉴 베가 더 재미있는게 사실 이라서 4 로 입문 해서 즐기고 뉴베 로 넘어가는걸 추천 드립니다,2020-08-23 15:13:20
377160,Fallout 4,positive,컁컁컁,컁컁컁,2020-08-23 14:25:38
377160,Fallout 4,positive,개꿀잼,개꿀잼,2020-08-23 11:02:28
377160,Fallout 4,positive,복돌로 1회차 하고 본판 사서 2회차 했읍니다 꿀잼이에요,복돌 로 1회 차 하고 본 판 사서 2회 차 했 읍니 다 꿀잼 이에요,2020-08-22 18:54:40
377160,Fallout 4,positive,모드 필수! 순정은... 그다지 추천하지 않습니다. 입맛대로 개조하며 즐기는게 참재미인 게임입니다,모드 필수 ! 순정 은 ... 그다지 추천 하지 않습니다 . 입맛 대로 개조 하며 즐기는게 참재 미인 게임 입니다,2020-08-22 13:37:16
377160,Fallout 4,positive,장점: 모드 갓겜 단점: 인터페이스가 복잡함 녹색으로 누리끼리...,장점 : 모드 갓 겜 단점 : 인터페이스 가 복잡함 녹색 으로 누리 끼리 ...,2020-08-21 15:21:13
377160,Fallout 4,positive,1,1,2020-08-21 14:44:49
377160,Fallout 4,positive,존버는 승리한다!!,존버 는 승리 한다 !!,2020-08-21 11:33:19
377160,Fallout 4,positive,잠깐 해봤는데 재밌네요.,잠깐 해봤는데 재밌네요 .,2020-08-20 22:28:33
377160,Fallout 4,positive,좆같은 버그가 많지만 그래도 재밌는 게임,좆 같은 버그 가 많지만 그래도 재밌는 게임,2020-08-20 08:35:42
377160,Fallout 4,positive,모드가 본체,모드 가 본체,2020-08-20 00:07:31
377160,Fallout 4,positive,76 하고 오니 갓겜,76 하고 오니 갓 겜,2020-08-19 19:22:56
377160,Fallout 4,positive,"아들찾는게 목적인데 아들찾는걸 경외시해야 할게많고 재밌는게임 아들, 좀만 기다려! 엄마가 정착지 한 다섯개만 더 연결하고 파 하버도 들렸다가 찾으러 갈게!","아들 찾는게 목적 인데 아들 찾는걸 경 외 시해 야 할게 많고 재밌는 게임 아들 , 좀 만 기다려 ! 엄마 가 정착 지 한 다섯 개 만 더 연결하고 파 하버 도 들렸다가 찾으러 갈게 !",2020-08-19 11:31:59
377160,Fallout 4,positive,재밌음,재밌음,2020-08-18 23:57:58
377160,Fallout 4,positive,"비록 전작들만큼 인상 깊진 않지만,그래도 폴아웃은 폴아웃. 물론 똥오줌76은 제외...","비록 전작 들 만큼 인상 깊진 않지만 , 그래도 폴아웃 은 폴아웃 . 물론 똥 오줌 76 은 제외 ...",2020-08-18 17:28:24
377160,Fallout 4,positive,재밌음 근데 오류 좀 있네요 튕김,재밌음 근데 오류 좀 있네요 튕김,2020-08-16 22:29:35
377160,Fallout 4,positive,바퀴랑 모기 삭제해라 게임하면서 소름돋기 싫으니까,바퀴 랑 모기 삭제 해라 게임 하면서 소름 돋기 싫으니까,2020-08-16 03:29:13
377160,Fallout 4,positive,버그가 많지만 재밌고 세일때 사는걸 추천,버그 가 많지만 재밌고 세 일 때 사 는걸 추천,2020-08-15 13:50:05
377160,Fallout 4,positive,"메인스토리 좋고, 총싸움도 재밌고, 빌리징은 점점 변해가는 정착지를 보고 있으면 뿌듯함. 스카이림에 익숙한 사람이라면 문제없이 즐길 수 있습니다.","메인 스토리 좋고 , 총 싸움 도 재밌고 , 빌리 징 은 점점 변해가는 정착 지를 보고 있으면 뿌듯함 . 스카이림 에 익숙한 사람 이 라면 문제 없이 즐길 수 있습니다 .",2020-08-14 18:13:12
377160,Fallout 4,positive,앙기무딱 딲 기무똑딲띠 뽕뿌루뿡빵삥뽕 빵 삐리삘리 뽕빵ㅇ삥 삐삐삐리삐오 ㅃ ㅣ삥빵 뽕이잉빵,앙 기 무 딱 딲 기무똑딲띠 뽕뿌루뿡빵삥뽕 빵 삐리삘리 뽕빵 ㅇ 삥 삐삐 삐리삐오 ㅃ ㅣ 삥빵 뽕이잉빵,2020-08-14 14:12:36
377160,Fallout 4,positive,"[h1] 베데스다 게임은 묵혀놓고 해야 제 맛 [/h1] 유저들이 버그픽스를 내놓고 개발사가 인정하는 유일한 게임. 개발사들이 제작한 모델링보다 유저들이 모딩이 더 수려한 게임. 제작사도 그동안의 노하우가 쌓인것인지, 이걸 이용하는 것인지 중대한 버그는 픽스를 내놓지만 자잘한 버그는 유저들이 잡고있고 심지어 유저들이 만든 언오피셜 버그패치를 공식적으로 인정하고 모딩샵에 필수 카테고리로 등록해주는 어이없는 광경이 펼쳐진다. 보통 게임을 내놓기 전에 QA부서가 큰 스토리 라인 및 서브퀘스트 등 플레이를 진행 해보고 버그를 개발부서","[ h 1 ] 베데스다 게임 은 묵혀놓고 해야 제 맛 [/ h 1 ] 유저 들 이 버그 픽스 를 내놓고 개발 사가 인정 하는 유일한 게임 . 개발 사들이 제작 한 모델링 보다 유저 들 이 모딩 이 더 수려 한 게임 . 제작사 도 그동안 의 노하우 가 쌓인것인지 , 이 걸 이용 하는 것 인지 중대한 버그 는 픽스 를 내놓지만 자잘한 버그 는 유저 들 이 잡고있고 심지어 유저 들 이 만든 언 오피 셜 버그 패치 를 공식 적 으로 인정 하고 모 딩 샵 에 필수 카테고리 로 등록 해주는 어이없는 광경 이 펼쳐진다 . 보통 게임 을 내놓기 전 에 QA 부서 가 큰 스토리 라인 및 서브 퀘스트 등 플레이 를 진행 해보고 버그 를 개발 부서",2020-08-14 11:58:37
377160,Fallout 4,positive,역따봉은 아닌거같아서 걍 따봉 줌,역 따 봉 은 아닌거 같아서 걍 따 봉 줌,2020-08-14 11:51:25
377160,Fallout 4,positive,"여러가지 문제점은 있지만 즐기기에 부족함이 없는게임 간만에 '이 뒤에 어떻게될까?' 라는 생각이 들며 플레이를 멈출 수 없었던 게임입니다. 스토리도 몰입이 잘 되고 핵심 주제도 괜찮았다고 생각합니다. 다만 플레이하면서 자꾸만 부각되는 단점들이 있는데 몇가지 짚어보자면 1. 선형적이라고 느껴지는 스토리 자신이 원하는 팩션을 선택하는 분기가 나뉘긴 하지만, 그 분기 내에선 플레이어가 뭘 선택해도 상관없다고 느껴집니다. 스포일러 방지를 위해 디테일을 빼놓고 얘기해보자면, 스토리중에 자기도 데려가달라는 npc를 버리겠다고 선택했더니","여러가지 문제점 은 있지만 즐기기에 부족함 이 없는 게임 간만 에 ' 이 뒤 에 어떻게 될까 ?' 라는 생각 이 들며 플레이 를 멈출 수 없었던 게임 입니다 . 스토리 도 몰입 이 잘 되고 핵심 주제 도 괜찮았다고 생각 합니다 . 다만 플레이 하면서 자꾸만 부각 되는 단점 들 이 있는데 몇 가지 짚어 보자면 1 . 선형 적 이라고 느껴지는 스토리 자신 이 원하는 팩션 을 선택 하는 분기 가 나뉘긴 하지만 , 그 분기 내 에선 플레이어 가 뭘 선택 해도 상관없다고 느껴집니다 . 스포일러 방지 를 위해 디테일 을 빼놓고 얘기 해보자면 , 스토리 중 에 자기 도 데려가 달라 는 npc 를 버리겠다고 선택 했더니",2020-08-14 11:12:39
377160,Fallout 4,positive,스토리 졸라 병신 같지만 그럼에도 계속하는 악마의 게임,스토리 졸라 병신 같지만 그럼에도 계속 하는 악마 의 게임,2020-08-13 19:58:27
377160,Fallout 4,positive,할 가치있는 게임,할 가치 있는 게임,2020-08-13 19:10:03
377160,Fallout 4,positive,"멍청하긴, 커먼웰스는 나나코의 것이다.","멍청하긴 , 커먼웰스 는 나나 코 의 것 이다 .",2020-08-13 05:40:06
377160,Fallout 4,positive,재밌긴 한데 2회차는 안할듯,재밌긴 한데 2회 차는 안 할듯,2020-08-12 00:50:29
377160,Fallout 4,positive,긋긋긋,긋 긋 긋,2020-08-11 11:26:27
377160,Fallout 4,positive,재밌지만 뭔가 부족하다 뉴베가스같이 쭉쭉 빨이들이고 매력적인 스토리/팩션이 없다 하지만 주인공의 서사는 탄탄해진듯 하다 그리고 하우징 너무 재밌다 메인퀘 깨다 노잼이여서 하우징만 하고있다 결론: 폴아웃 4 하고 뉴베가스 해라... 띵작을 맛보면 ㅠ 다른게 졸작처럼 느껴진다,재밌지만 뭔가 부족하다 뉴 베가스 같이 쭉쭉 빨 이 들이고 매력 적 인 스토리 / 팩션 이 없다 하지만 주인공 의 서사 는 탄탄해진듯 하다 그리고 하우 징 너무 재밌다 메인 퀘 깨다 노잼 이 여서 하우 징 만 하고있다 결론 : 폴아웃 4 하고 뉴 베가스 해 라 ... 띵작 을 맛보면 ㅠ 다른 게 졸작 처럼 느껴진다,2020-08-11 01:53:44
377160,Fallout 4,positive,굿!,굿 !,2020-08-10 23:13:59
377160,Fallout 4,positive,추천 요소 : 200년 어치 소풍. 거대한 바퀴벌레. 댕댕이와 콜라. 비추천 요소 : 멀티플레이 마렵다.,추천 요소 : 200년 어치 소풍 . 거대한 바퀴벌레 . 댕댕 이 와 콜라 . 비 추천 요소 : 멀티플레이 마렵다 .,2020-08-10 20:31:29
377160,Fallout 4,positive,이렇게 몰입해본 게임이 없다,이렇게 몰입 해본 게임 이 없다,2020-08-10 17:16:47
377160,Fallout 4,positive,미닛맨이든 브라더후드든 레일로드든 인스티튜트든 전부 날 부려먹기만한다. 또 쟤네들이 주는 퀘는 왤케 거지같은지 똑같은것만 존나준다,미닛맨 이든 브라더후드 든 레일로드 든 인스티튜트 든 전부 날 부려 먹기 만 한 다 . 또 쟤 네 들이 주는 퀘 는 왤케 거지같은지 똑같은 것 만 존나 준다,2020-08-09 23:14:43
377160,Fallout 4,positive,엔딩이 아쉽긴 하지만 명작,엔딩 이 아쉽긴 하지만 명작,2020-08-09 06:30:20
377160,Fallout 4,positive,한국어화 해줘요,한국어 화 해줘요,2020-08-08 16:30:12
377160,Fallout 4,positive,내가 했던 파더와 마더들만 합쳐도 족히 10명은 된다.,내 가 했던 파더와 마더 들 만 합쳐도 족 히 10 명 은 된다 .,2020-08-08 00:20:37
377160,Fallout 4,positive,"병신같은 메모리누수 땜에 엔딩도 못 보고 어쩔 수 없이 접었는데, 그래도 100시간은 재밌게 했으니까 추천준다.","병신 같은 메모리 누수 땜 에 엔딩 도 못 보고 어쩔 수 없이 접었는데 , 그래도 100시간 은 재밌게 했으니까 추천 준다 .",2020-08-07 16:49:32
377160,Fallout 4,positive,음. 맛있다.,음 . 맛있다 .,2020-08-06 16:18:28
377160,Fallout 4,positive,정착지는 씨1발 니가 쳐 구해 다리 없는 새끼야,정착 지는 씨 1 발 니 가 쳐 구해 다리 없는 새끼 야,2020-08-06 04:34:35
377160,Fallout 4,positive,남들은 팩션스토리 개판이라고 까는데 난 게임자체는 되게 몰입해서 했다 일단 재밌다,남 들 은 팩션 스토리 개판 이라고 까는데 난 게임 자체 는 되게 몰입 해서 했다 일단 재밌다,2020-08-05 22:10:13
377160,Fallout 4,positive,.,.,2020-08-05 14:08:24
377160,Fallout 4,positive,GOOD,GOOD,2020-08-05 13:25:12
377160,Fallout 4,positive,재밌긴한데 왜 갑자기 구매하라고하는거지??,재밌긴한데 왜 갑자기 구매 하 라고 하는거지 ??,2020-08-05 11:55:58
377160,Fallout 4,positive,최고의 게임,최고 의 게임,2020-08-05 11:20:24
377160,Fallout 4,positive,재미있습닠다~,재미있 습닠 다 ~,2020-08-05 11:16:21
377160,Fallout 4,positive,asdf,asdf,2020-08-05 10:49:37
377160,Fallout 4,positive,76보단 나음. 빌리징은 자유도가 높아서 그런지 하다가 지침.,76 보단 나음 . 빌리 징 은 자유도 가 높아서 그런지 하다가 지침 .,2020-08-05 10:47:11
377160,Fallout 4,positive,꿀잼,꿀잼,2020-08-05 10:38:10
377160,Fallout 4,positive,너무좋았다능 근데 조금 지루함!,너무 좋았다 능 근데 조금 지루함 !,2020-08-05 10:30:33
377160,Fallout 4,positive,.,.,2020-08-05 10:30:24
377160,Fallout 4,positive,1,1,2020-08-05 10:21:32
377160,Fallout 4,positive,gg,gg,2020-08-05 10:18:57
377160,Fallout 4,positive,할만함,할만 함,2020-08-05 10:15:45
377160,Fallout 4,positive,인생게임,인생게임,2020-08-05 10:05:22
377160,Fallout 4,positive,똥오줌이라지만 끊을 수 없는 마성의 매력,똥 오줌 이라지만 끊을 수 없는 마 성의 매력,2020-08-05 09:59:43
377160,Fallout 4,positive,굿,굿,2020-08-05 09:34:26
377160,Fallout 4,positive,두번쨰마을에서 막힘 총쏴서 ㅋㅋㅋ,두 번쨰 마을 에서 막힘 총 쏴서 ㅋㅋㅋ,2020-08-05 01:42:22
377160,Fallout 4,positive,아직 초보인데 아쉬운점도 있지만 재밌어요,아직 초보 인데 아쉬운 점도 있지만 재밌어요,2020-08-05 01:23:42
377160,Fallout 4,positive,포스트아포칼립스를 좋아해서 좋다,포스트 아포칼립스 를 좋아해서 좋다,2020-08-03 23:02:41
377160,Fallout 4,positive,재밌는데 하기 싫음,재밌는데 하기 싫음,2020-08-03 00:49:05
377160,Fallout 4,positive,클래식을 들으며 게임을 할 수 있다니. 곡 좀 늘려줘.,클래식 을 들으며 게임 을 할 수 있다니 . 곡 좀 늘려줘 .,2020-08-03 00:47:27
377160,Fallout 4,positive,죳꿀잼,죳꿀잼,2020-08-02 23:16:07
377160,Fallout 4,positive,갓~겜~,갓 ~ 겜 ~,2020-08-02 15:19:39
377160,Fallout 4,positive,엔딩보니깐 생각보다 할거없네,엔딩 보 니깐 생각 보다 할거 없네,2020-08-02 14:48:13
377160,Fallout 4,positive,자유롭고 광범위한 게임의 세계관에 푹빠져버려~,자유 롭고 광범위한 게임 의 세계관 에 푹 빠져 버려 ~,2020-08-02 14:21:16
377160,Fallout 4,positive,아주좋아!!!!,아주 좋아 !!!!,2020-08-01 11:31:59
377160,Fallout 4,positive,하면 할 수록 열받는 게임 뉴베가스 하세요,하면 할 수록 열 받는 게임 뉴 베가스 하세요,2020-08-01 02:53:05
377160,Fallout 4,positive,조아용홓ㅇ,조아용 홓 ㅇ,2020-07-30 11:33:42
377160,Fallout 4,positive,모드모드모드모드모드모드모드모드,모드 모드 모드 모드 모드 모드 모드 모드,2020-07-30 10:50:27
377160,Fallout 4,positive,모드! 모드! 모드!,모드 ! 모드 ! 모드 !,2020-07-30 09:35:37
377160,Fallout 4,positive,gg,gg,2020-07-29 19:47:04
377160,Fallout 4,positive,버그가 진짜 뭐같았지만 감당하고 할 수 있을 만큼 재밌습니다.......,버그 가 진짜 뭐 같았지만 감당 하고 할 수 있을 만큼 재밌습니다 .......,2020-07-29 01:16:54
377160,Fallout 4,positive,ㅇㅇ,ㅇㅇ,2020-07-28 18:46:23
377160,Fallout 4,positive,버그ㅈ망겜 로딩ㅈ망겜 최적화ㅈ망겜 저 3개 다 유저가 뜯어고쳐야 하는게 말이나 되는 소리냐고,버그 ㅈ 망겜 로딩 ㅈ 망겜 최적화 ㅈ 망겜 저 3 개 다 유저 가 뜯어 고쳐야 하는게 말 이나 되는 소리 냐 고,2020-07-28 17:59:18
377160,Fallout 4,positive,지리노,지리노,2020-07-27 21:44:10
377160,Fallout 4,positive,유저 스스로가 버그 잡고 최적화하고 여러가지를 새로 만드는 게임이라 따로 모드 설치 할 생각이 없다면 비추천,유저 스스로 가 버그 잡고 최적화 하고 여러가지 를 새로 만드는 게임 이라 따로 모드 설치 할 생각 이 없다면 비 추천,2020-07-27 17:46:31
377160,Fallout 4,positive,멀미로 사망할뻔,멀미 로 사망 할 뻔,2020-07-27 12:29:17
377160,Fallout 4,positive,"베데스다식 오픈월드라서 자유도 높은게임을 좋아한다면 구매해도 돈이 아깝지 않게 플레이할수 있다 하지만 베데스다의 게임이 대체로 그렇듯 그래픽은 좋지 않다 하지만 아무리 그래픽이 안좋더라도 레이더들에게 시달리며 끔찍한 삶을 사는 거주민보다는 나을겁니다. 여느때처럼, 당신을 위한 또다른 임무를 가지고 왔습니다. 우리의 도움이 필요한 정착지가 있어요. 여기 지도에 표시해 주겠습니다.","베데스다 식 오픈월드 라서 자유도 높은 게임 을 좋아한다면 구매 해도 돈 이 아깝지 않게 플레이 할수 있다 하지만 베데스다 의 게임 이 대체로 그렇듯 그래픽 은 좋지 않다 하지만 아무리 그래픽 이 안좋더라도 레이더 들 에게 시달리며 끔찍한 삶 을 사는 거 주민 보다는 나을 겁니다 . 여느 때 처럼 , 당신 을 위 한 또다른 임무 를 가지 고 왔습니다 . 우리 의 도움 이 필요한 정착 지 가 있어요 . 여기 지도 에 표시 해 주겠습니다 .",2020-07-26 16:47:26
377160,Fallout 4,positive,이제 여기에 뉴베가스 같은 시스템과 스토리를 끼얹으면 슈퍼-갓겜이 되겠죠?,이제 여기 에 뉴 베가스 같은 시스템 과 스토리 를 끼 얹으면 슈퍼 - 갓 겜 이 되겠죠 ?,2020-07-26 15:18:50
377160,Fallout 4,positive,갓겜,갓 겜,2020-07-25 23:32:46
377160,Fallout 4,positive,엔딩보고도 가끔식 생각나서 처음부터 다시 할때가 있음,엔딩 보고 도 가끔 식 생각나서 처음 부터 다시 할 때 가 있음,2020-07-25 23:08:36
377160,Fallout 4,positive,너무재밌어여,너무 재밌어여,2020-07-25 22:06:20
377160,Fallout 4,positive,하다보면 재밌는데 암튼재밌음,하다 보면 재밌는데 암튼 재밌음,2020-07-25 10:10:28
377160,Fallout 4,positive,jae mit sum,jae mit sum,2020-07-24 12:19:09
377160,Fallout 4,positive,그냥 모드질하고 놀기좋음,그냥 모드 질 하고 놀기 좋음,2020-07-24 04:09:02
377160,Fallout 4,positive,게임을 삭제하고 남는 건 라디오에서 흘러나오던 노래들이더라 지금도 곡들 듣고있다,게임 을 삭제 하고 남는 건 라디오 에서 흘러나오던 노래 들이더라 지금 도 곡 들 듣고있다,2020-07-23 16:35:50
377160,Fallout 4,positive,"폴아웃 3이 그러했듯, 4 또한 바닐라 자체로써는 그렇게 좋은 게임은 아니다. 오히려 폴아웃 3보다 퇴보한 부분도 있을 정도. 하우징 시스템은 솔직히 다른 게임에서 구현하려고 만들던 걸 그대로 가져온 듯 혼자 동떨어진 게임성을 보여주고 있으며 팩션들은 베데스다 게임들 통 틀어도 이렇게 공감하기 어려운 조직들은 없었다. 하지만 FPS로써의 완성도가 올라갔다는 점, 시나리오가 그렇게 좆망을 했어도 여행하는 재미가 있었다는 점을 들어 긍정적으로 평가한다.","폴아웃 3 이 그러했듯 , 4 또한 바닐라 자체 로써 는 그렇게 좋은 게임 은 아니다 . 오히려 폴아웃 3 보다 퇴보한 부분 도 있을 정도 . 하우 징 시스템 은 솔직히 다른 게임 에서 구현 하려고 만들던 걸 그대로 가져온 듯 혼자 동떨어진 게임 성 을 보여주고 있으며 팩션 들 은 베데스다 게임 들 통 틀어도 이렇게 공감 하기 어려운 조직 들 은 없었다 . 하지만 FPS 로써 의 완성 도 가 올라갔다는 점 , 시나리오 가 그렇게 좆망 을 했어도 여행 하는 재미 가 있었다는 점 을 들어 긍정 적 으로 평가 한다 .",2020-07-23 15:13:13
377160,Fallout 4,positive,"넘치는 버그, 한심한 타격감, 김새는 스토리 그러나 매력적인 NPC와 팩션은 흥미로우며 포스트아포칼립스 세계관 뽕에 제대로 취할 수 있는 오픈월드 겜.","넘치는 버그 , 한심한 타 격감 , 김 새는 스토리 그러나 매력 적 인 NPC 와 팩션 은 흥미로우며 포스트 아포칼립스 세계관 뽕 에 제대로 취할 수 있는 오픈월드 겜 .",2020-07-23 13:39:06
377160,Fallout 4,positive,사실 이게임은 플렛폼이고 모드툴로 게임이 완성 되는게 맞는듯.,사실 이 게임 은 플렛폼 이고 모드툴 로 게임 이 완성 되는게 맞는듯 .,2020-07-23 13:07:40
377160,Fallout 4,positive,베데스다 믿고했음. 스카이림보다 초반 몰입도는 떨어지는 느낌인데 후반부로 갈수록 폴아웃에 매력을 알게됨..,베데스다 믿고 했음 . 스카이림 보다 초반 몰입도 는 떨어지는 느낌 인데 후반 부로 갈수록 폴아웃 에 매력 을 알 게 됨 ..,2020-07-23 00:03:29
377160,Fallout 4,positive,모험하는 재미가 풍부합니다... 인생RPG중 하나,모험 하는 재미 가 풍부합니다 ... 인생 RPG 중 하나,2020-07-22 22:08:11
377160,Fallout 4,positive,벌레 공포증 있는데 겁나 큰 모기 나오는거 보고 바로 삭제함 ㅠㅠㅠㅠㅠㅠㅠㅠㅠㅠㅠㅠㅠㅠㅠㅠㅠㅠㅠㅠㅠㅠㅠㅠㅠㅠㅠㅠㅠㅠㅠ,벌레 공포증 있는데 겁나 큰 모기 나오는거 보고 바로 삭제 함 ㅠㅠㅠㅠㅠㅠㅠㅠㅠㅠㅠㅠㅠㅠㅠㅠㅠㅠㅠㅠㅠㅠㅠㅠㅠㅠㅠㅠㅠㅠㅠ,2020-07-21 17:06:18
377160,Fallout 4,positive,이거랑 76보니 엘더6도 이따위로 만들것 같아서 두려움,이 거 랑 76 보니 엘더 6 도 이따위 로 만 들것 같아서 두려움,2020-07-21 00:01:10
377160,Fallout 4,positive,여윽시 폴아웃은 폴아웃,여윽시 폴아웃 은 폴아웃,2020-07-20 23:23:44
377160,Fallout 4,positive,"진짜 스토리 개연성, 버그는 존나게 아쉽습니다. 허나 게임 자체의 자유도, 다양한 스토리, 거기다 모드를 이용한 게임 내 문제점 개선 및 성능향상 이 정도면 당신이 플레이를 하지 않을 이유가 없습니다. 저도 미루고 미루다가 2020년이 되서 입문했는데 진짜 갓오브갓겜인듯합니다. 30시간유저이긴 하지만 아마도 500시간은 넘게 플레이하지 않을까 생각해봅니다. 너무 재미있네요.","진짜 스토리 개연 성 , 버그 는 존나 게 아쉽습니다 . 허나 게임 자체 의 자유도 , 다양한 스토리 , 거기 다 모드 를 이용 한 게임 내 문제점 개선 및 성능 향상 이 정도 면 당신 이 플레이 를 하지 않을 이유 가 없습니다 . 저 도 미루고 미루다가 2020년 이 되서 입문 했는데 진짜 갓 오브 갓 겜 인 듯 합니다 . 30시간 유저이긴 하지만 아마도 500시간 은 넘게 플레이 하지 않을까 생각 해봅니다 . 너무 재미있네요 .",2020-07-20 10:30:14
377160,Fallout 4,positive,"늦은 오후, 핵전쟁 뒤 폐허가 된 보스턴 도심을 돌아다니다 문득 생각이 나서 다이아몬드 라디오를 켜면, 이젠 자신감에 찬 트래비스의 느끼한 목소리와 함께 오래된 재즈 음악이 귓속에 흘러들어온다. 중세 기사들의 갑옷처럼 노을빛을 머금은 T-60 파워아머는 움직일 때마다 부드러운 증기소리를 내뿜었다. 한 손엔 가우스 소총, 다른 한 손엔 간간이 딱딱거리는 핍-보이. 닉은 내가 음악을 즐기고 있다는 것을 알아챘는지 그의 애총 '에디의 평화'를 잠시 허리춤에 차고 담뱃불을 붙였다. 보스턴 강은 음악에 앚춰 도도하게, 또 유유하게 흐르","늦은 오후 , 핵전쟁 뒤 폐허 가 된 보스턴 도심 을 돌아다니다 문득 생각 이 나서 다이아몬드 라디오 를 켜면 , 이 젠 자신감 에 찬 트래비스 의 느끼한 목소리 와 함께 오래된 재즈 음악 이 귓속 에 흘러 들어온다 . 중세 기사 들 의 갑옷 처럼 노을 빛 을 머 금은 T - 60 파워 아 머는 움직일 때 마다 부드러운 증기 소리 를 내뿜었다 . 한 손 엔 가우스 소총 , 다른 한 손 엔 간간이 딱 딱 거리 는 핍 - 보이 . 닉 은 내 가 음악 을 즐기고 있다는 것 을 알아챘는지 그 의 애총 ' 에디 의 평화 ' 를 잠시 허리춤 에 차고 담뱃불 을 붙였다 . 보스턴 강 은 음악 에 앚춰 도도하게 , 또 유유 하게 흐르",2020-07-19 22:21:07
377160,Fallout 4,positive,진정한 오픈월드~ 모드질은 필수지만 순정도 나름 즐김 ㅎㅎ,진정한 오픈월드 ~ 모드 질 은 필수 지만 순정 도 나름 즐김 ㅎㅎ,2020-07-19 00:15:29
377160,Fallout 4,positive,너도 노예가 되어라.,너 도 노예 가 되어라 .,2020-07-18 21:35:08
377160,Fallout 4,positive,"개인적으로 오픈월드3대갓겜이 게임배경 과거(스카이림)-현재(gta5)-미래(폴아웃4)라고 생각하는데,위쳐3도 해봤지만 좀 미흡하고,이3개가 오픈월드 갓겜들인데,시간이 지날수록 최고는 폴아웃4라고 생각이됨,특히나 1회차는 그냥 끝장임,그래픽,스토리좋고 황폐한 황무지를 동료데리고 탐험,모험하는 재미는 최고임,시간이 지나도 한번씩 들어가보게되는 게임임,시점도 1~3인칭 자유롭게 변경가능하고 게임자체에서 치트키를 제공하기때문에 스트레스받기싫은 사람들은 좀더 편하고 여유롭게 플레이할수잇음,","개인 적 으로 오픈월드 3 대 갓 겜 이 게임 배경 과거 ( 스카이림 )- 현재 ( gta 5 )- 미래 ( 폴아웃 4 ) 라고 생각 하는데 , 위 쳐 3 도 해봤지만 좀 미흡하고 , 이 3 개 가 오픈월드 갓 겜 들 인데 , 시간 이 지날수록 최고 는 폴아웃 4 라고 생각 이 됨 , 특히 나 1회 차는 그냥 끝장 임 , 그래픽 , 스토리 좋고 황폐 한 황무지 를 동료 데리 고 탐험 , 모험 하는 재미 는 최고 임 , 시간 이 지나도 한번 씩 들어가 보게 되는 게임 임 , 시점 도 1~3 인칭 자유롭게 변경 가능하고 게임 자체 에서 치트키 를 제공 하기 때문 에 스트레스 받기 싫은 사람 들 은 좀더 편하고 여유롭게 플레이 할수 잇음 ,",2020-07-18 18:39:56
377160,Fallout 4,positive,스카이림으로 입문하고 폴아웃으로 현생포기,스카이림 으로 입문 하고 폴아웃 으로 현생 포기,2020-07-18 08:36:08
377160,Fallout 4,positive,별로 한 것도 없는데 천시간 넘었네요 ㄷㄷㄷ,별로 한 것 도 없는데 천 시간 넘었네요 ㄷㄷㄷ,2020-07-17 23:27:54
377160,Fallout 4,positive,진짜 폴3 폴NV 다 해봤지만 이게 최고임 캐쥬얼하고 좋음 다만 아쉬운점은 유니크 시스템이 바뀌니깐 유니크수집재미가 없음,진짜 폴 3 폴 NV 다 해봤지만 이 게 최고 임 캐 쥬얼 하고 좋음 다만 아쉬운 점 은 유니크 시스템 이 바뀌니깐 유니크 수집 재미 가 없음,2020-07-17 00:02:31
377160,Fallout 4,positive,다 좋은데 로딩 조오오오온나 길다,다 좋은데 로딩 조오오오 온 나 길다,2020-07-16 04:09:29
377160,Fallout 4,positive,게임 모드를 돈 주고 구매해야하는 게임이 있다???? 이거만 빼면 그냥저냥 할만한겜임 전작인 뉴베가스가 초갓겜이라던데 안해봐서 몰름. 아직까진 재밌네여 ㅎ; 아 그리고 같은 베데스다 게임이라고 이걸로 야스하려는 애들은 걍 스카이림 사셈 이겜은 땍띠컬~ ㅇㅈㄹ하는 밀스퍼거들이 모딩하는 겜이지 야겜이 아닙니다 ㅇㅋ?,게임 모드 를 돈 주고 구매 해야하는 게임 이 있다 ???? 이 거만 빼면 그냥 저 냥 할만 한 겜임 전작 인 뉴 베가스 가 초 갓 겜 이라 던데 안 해봐서 몰름 . 아직 까진 재밌네여 ㅎ ; 아 그리고 같은 베데스다 게임 이라고 이 걸 로 야스 하려는 애 들 은 걍 스카이림 사셈 이 겜 은 땍띠컬 ~ ㅇㅈㄹ 하는 밀스퍼거들 이 모 딩 하 는 겜 이지 야겜 이 아닙니다 ㅇㅋ ?,2020-07-15 08:10:30
377160,Fallout 4,positive,나름 한다고 열심히 했는데 아직도 도전과제 절반임 시발,나름 한다고 열심히 했는데 아직도 도전 과제 절반 임 시발,2020-07-15 01:59:39
377160,Fallout 4,positive,스카이림 모드질 하다가 질리면 폴아웃4 모드질을 해보세요.,스카이림 모드 질 하다가 질리 면 폴아웃 4 모드 질 을 해보세요 .,2020-07-13 13:30:31
377160,Fallout 4,positive,뉴베가스를 재미있게 했어서 4를 사서 해보았고 어느정도 만족했다.물론 불만인 점도 많았지만 그래도 폴아웃 재밌네 할 수 있음,뉴 베가스 를 재미있게 했어서 4 를 사서 해보았고 어느 정도 만족했다 . 물론 불만 인 점도 많았지만 그래도 폴아웃 재밌네 할 수 있음,2020-07-13 10:54:52
377160,Fallout 4,positive,황무지연애과몰입시뮬레이션으로 시작했지만 우주갓겜시리즈 입덕작품되어준 소중한게임 시리즈 최애작품은 역시 3편이지만 3편보다 따뜻한 색감이나 비교적 희망차고 덜 외로운 분위기는 엔딩을 본지 n년째지만 여전히 동네 친구들만나러가듯이 가끔가다 꼭 한번씩 게임을 켜보게만듬 보이스액팅이나 주인공의 백그라운드덕분에 몰입이 쉬웠던것은 덤 뉴베가스랑 같은 동료 개인퀘스트나 상호작용이 활발해진점도 캐릭터들을 더 입체적으로 만들어줘서 좋았음 전작들을 플레이해봣으면 알겟지만 뉴베가스/3편에비해 개성있는 Perk들의 유무-선택방법이나 팩션별 엔딩 진행방식,황무지 연애 과 몰입 시뮬레이션 으로 시작 했지만 우주 갓 겜 시리즈 입덕 작품 되어준 소중한 게임 시리즈 최애 작품 은 역시 3 편이 지만 3 편 보다 따뜻한 색감 이나 비교 적 희망 차고 덜 외로운 분위기 는 엔딩 을 본지 n 년 째 지만 여전히 동네 친구 들 만나러가듯이 가끔가다 꼭 한번 씩 게임 을 켜 보게만 듬 보이스 액팅 이나 주인공 의 백 그 라운드 덕분 에 몰입 이 쉬웠던것은 덤 뉴 베가스 랑 같은 동료 개인 퀘스트 나 상호작용 이 활발해진 점도 캐릭터 들 을 더 입체 적 으로 만들어줘서 좋았음 전작 들 을 플레이 해 봣으 면 알겟지만 뉴 베가스 / 3 편 에 비해 개성 있는 Perk 들의 유무 - 선택 방법 이나 팩션 별 엔딩 진행 방식,2020-07-13 09:02:37
377160,Fallout 4,positive,세일때 만원대로 구매해서 41시간해서 본편 스토리 클리어 동료들 개성은 좋은거 같은데 스토리가 별로인거 같음 인스티튜트라고 아무튼 과학기술 오지는곳 적대하자니 파더라는 NPC 때문에 뭔가 찝찝하고 브라더후드라고 떡대를 적대하자니 그냥 파워아머입은 떡대 상대하기 싫어서 안하고싶은 하찮은 느낌 스토리가 엉망은 아닌데 평작이라 하기에는 뭔가 아쉬움 그래도 그런대로 자유도나 파워아머입고 대가리 깨부수는거 재미는 있었음,세 일 때 만원 대로 구매 해서 41시간 해서 본 편 스토리 클리어 동료 들 개성 은 좋은 거 같은데 스토리 가 별로 인거 같음 인스티튜트 라고 아무튼 과학기술 오지 는 곳 적대 하자니 파더라는 NPC 때문 에 뭔가 찝찝하고 브라더후드 라고 떡대 를 적대 하자니 그냥 파워 아 머 입은 떡대 상대 하기 싫어서 안 하고싶은 하찮은 느낌 스토리 가 엉망 은 아닌데 평작 이라 하기에는 뭔가 아쉬움 그래도 그런대로 자유도 나 파워 아 머 입고 대가리 깨부수는거 재미 는 있었음,2020-07-12 23:14:51
377160,Fallout 4,positive,재밌음,재밌음,2020-07-12 18:30:27
377160,Fallout 4,positive,버그 많은 거 외에는 할만함,버그 많은 거 외 에는 할만 함,2020-07-12 15:09:30
377160,Fallout 4,positive,5점 만점 기준. 메인 퀘스트: 2점 서브 퀘스트: 3점 오토매트론: 3점 파-하버: 5점 누카-월드: 2점,5 점 만점 기준 . 메인 퀘스트 : 2 점 서브 퀘스트 : 3 점 오토 매 트론 : 3 점 파 - 하버 : 5 점 누카 - 월드 : 2 점,2020-07-12 13:11:36
377160,Fallout 4,positive,추천,추천,2020-07-12 09:48:05
377160,Fallout 4,positive,이 엔진으로 뉴베가스 리마스터나 해주면 좋겠음.,이 엔진 으로 뉴 베가스 리 마스터 나 해주면 좋겠음 .,2020-07-11 16:40:10
377160,Fallout 4,positive,이 게임 버그 때문에 욕하면서도 게임성이 워낙 좋아서 계속하게 된다 결론적으로 세일할 때 사라,이 게임 버그 때문 에 욕 하면서도 게임 성 이 워낙 좋아서 계속 하게 된다 결론 적 으로 세 일 할 때 사라,2020-07-11 02:54:31
377160,Fallout 4,positive,good,good,2020-07-10 21:24:15
377160,Fallout 4,positive,다양한 세력 다양한 대화 특징있는 동료 각지역 건물마다 솔솔한 스토리와 정보 재미,다양한 세력 다양한 대화 특징 있는 동료 각 지역 건물 마다 솔솔 한 스토리 와 정보 재미,2020-07-10 18:12:58
377160,Fallout 4,positive,모션이랑 마을 꾸미는거 빼고는 괜찮은 게임같아요,모션 이랑 마을 꾸미는거 빼고는 괜찮은 게임 같아요,2020-07-10 13:44:26
377160,Fallout 4,positive,"뉴베가스 플레이해보신 분들은 실망이 좀 클겁니다. 줄어든 대화 선택지, 줄어든 자유도 등등이 눈에 밟히고... 프레스턴 가비 악명높은 반복퀘나 스토리 설계부터 잘못된 레일로드 등등... 위키에서 찾아보려면 이런 내용들은 얼마든지 쉽게 찾을 수 있습니다. 그냥 단점이 명확하고 그래픽 말고는 퇴보가 심하다라는 느낌은 있지만 그렇다고 아예 못해먹을 게임은 아니니 추천 먹입니다. 폴4 뉴베가스 모드 나오기만 기다리고 있는 중이죠...","뉴 베가스 플레이 해보신 분 들 은 실망 이 좀 클 겁니다 . 줄어든 대화 선택 지 , 줄어든 자유도 등등 이 눈 에 밟히고 ... 프레스턴 가비 악명 높은 반복 퀘 나 스토리 설계 부터 잘 못 된 레일로드 등등 ... 위키 에서 찾아보려면 이런 내용 들 은 얼마 든지 쉽게 찾을 수 있습니다 . 그냥 단점 이 명확하고 그래픽 말고는 퇴보 가 심하다라는 느낌 은 있지만 그렇다고 아예 못 해 먹을 게임 은 아니니 추천 먹입니다 . 폴 4 뉴 베가스 모드 나오기만 기다리고 있는 중이 죠 ...",2020-07-10 12:45:50
377160,Fallout 4,positive,역시 이 바닥 최고중 하나..,역시 이 바닥 최고 중 하나 ..,2020-07-09 21:18:07
377160,Fallout 4,positive,바닐라로 시작해 모드로 하는 중입니다. 세상에 이런 게임을 왜 아직 못했던 걸까요. 사랑해요 베데스다,바닐라 로 시작 해 모드 로 하는 중 입니다 . 세상 에 이런 게임 을 왜 아직 못 했던 걸까 요 . 사랑 해요 베데스다,2020-07-09 11:19:05
377160,Fallout 4,positive,버그때매 시발 존나 껐다 켰네,버그 때매 시발 존나 껐다 켰네,2020-07-09 01:41:12
377160,Fallout 4,positive,5년이 지나도 재밌는 게임,5년 이 지나도 재밌는 게임,2020-07-08 23:23:23
377160,Fallout 4,positive,버그가 많았어도 그 단점을 뛰어넘게 재미있음.,버그 가 많았어도 그 단점 을 뛰어넘게 재미있음 .,2020-07-08 18:11:20
377160,Fallout 4,positive,재밌음,재밌음,2020-07-08 16:00:33
377160,Fallout 4,positive,"AI,건설 시스템이 그렇지 나머진 괜찮","AI , 건설 시스템 이 그렇지 나머진 괜찮",2020-07-08 10:52:44
377160,Fallout 4,positive,"폴아웃 시리즈 중 얘만 해봄, 재밌었음","폴아웃 시리즈 중 얘 만 해봄 , 재밌었음",2020-07-07 21:53:37
377160,Fallout 4,positive,넘모 재밌어서 이것저것 하다보니 4일동안 계속 이것만했음,넘 모 재밌어서 이 것 저 것 하다 보니 4일 동안 계속 이 것 만 했음,2020-07-07 04:34:57
377160,Fallout 4,positive,"바닐라 플레이를 지향해도 게임이 도중에 튕기거나 버그 투성이지지만, 방대한 스토리와 게임구조가 단점을 씹어먹는다. 파 하버 DLC도 해보자.","바닐라 플레이 를 지향 해도 게임 이 도중 에 튕기거 나 버그 투성이 지지 만 , 방대한 스토리 와 게임 구조 가 단점 을 씹어 먹는다 . 파 하버 DLC 도 해보자 .",2020-07-06 18:28:59
377160,Fallout 4,positive,그래도 오픈월드에선 폴아웃 스카이림따라갈게없다,그래도 오픈월드 에선 폴아웃 스카이림 따라갈게 없다,2020-07-06 10:13:09
377160,Fallout 4,positive,만능 스팀팩,만능 스팀 팩,2020-07-06 01:42:44
377160,Fallout 4,positive,베데스다 특유의 똥맛은 항상 날 자극한달까,베데스다 특유 의 똥맛 은 항상 날 자극 한 달까,2020-07-05 19:23:16
377160,Fallout 4,positive,거대한 세계관과 큰 자유도를 지닌 게임입니다. 가장 인상적인 점은 등장하는 여러 단체와 주인공의 관계도 자유롭게 정할 수 있다는 것입니다. 이를 통해 다양한 게이머들의 취향을 만족시켜줍니다. 하지만 단점도 존재합니다. 게임 시작 후 얼마동안은 여러가지 무기에 적응하기 어렵습니다. 잠입 플레이를 좋아하는 분들도 처음엔 잠입이 어렵습니다. 게임을 꽤 플레이해 적응하고 능력치가 오르면 해결되는 문제라 큰 단점은 아니지만 처음엔 불편함을 느낄 수 있으니 참고하시기 바랍니다.,거대한 세계관 과 큰 자유도 를 지닌 게임 입니다 . 가장 인상 적 인 점 은 등장 하는 여러 단체 와 주인공 의 관계도 자유롭게 정 할 수 있다는 것 입니다 . 이를 통해 다양한 게이머 들 의 취향 을 만족 시켜 줍니다 . 하지만 단점 도 존재 합니다 . 게임 시작 후 얼마 동안 은 여러가지 무기 에 적응하기 어렵습니다 . 잠입 플레이 를 좋아하는 분 들 도 처음 엔 잠입 이 어렵습니다 . 게임 을 꽤 플레이 해 적응하고 능력 치가 오르면 해결 되는 문제 라 큰 단점 은 아니지만 처음 엔 불편함을 느낄 수 있으니 참고 하시기 바랍니다 .,2020-07-05 18:38:28
377160,Fallout 4,positive,가비야 니가 해라,가비 야 니 가 해 라,2020-07-05 04:36:38
377160,Fallout 4,positive,많은 버그와 조금은 불편한 UI 하지만 그럼에도 신나는 커먼웰스 생활 가비가 자꾸 장군님 거리면서 일을 시키지만 그런 얘가 싫지많은 않은 느낌?,많은 버그 와 조금 은 불편한 UI 하지만 그럼에도 신나는 커먼웰스 생활 가비 가 자꾸 장군 님 거리 면서 일 을 시키지만 그런 얘 가 싫지 많은 않은 느낌 ?,2020-07-04 17:35:01
377160,Fallout 4,positive,자원은 치트로 추가하고 난이도를 높이는 편이 정신건강에 이롭다 길가다가 재떨이나 세제같은거 줍다보면 내가 브라더후드 센티넬인지 환경미화원인지 헷갈린다,자원 은 치트 로 추가 하고 난이도 를 높이는 편이 정신건강 에 이롭다 길가 다가 재떨이 나 세제 같은거 줍다 보면 내 가 브라더후드 센티넬 인지 환경미화원 인지 헷갈린다,2020-07-04 15:44:51
377160,Fallout 4,positive,good,good,2020-07-04 13:50:48
377160,Fallout 4,positive,아직도 재밌게하고있습니다,아직도 재밌게하고있습니다,2020-07-04 13:32:37
377160,Fallout 4,positive,동료 길막 개패고 싶음,동료 길막 개패 고 싶음,2020-07-04 02:43:35
377160,Fallout 4,positive,이 게임은 다양한 접근방식으로 클리어를 할 수가 있습니다! 특히 암살은 무엇이든 가능케 하죠. 암살하기 전에 주변을 꼭 둘러보세요! / ???:목격자가 없도록 주의하란건가요? / 맞습니다! 이 새ㄲ...목표를 처리하고 나서 몇명을 더 처리해야 암살이 끝날지 미리 파악하는 거죠! 행복한 황무지 생활을 즐기십시요!,이 게임 은 다양한 접근 방식 으로 클리어 를 할 수가 있습니다 ! 특히 암살 은 무엇 이든 가능 케 하죠 . 암살 하기 전 에 주변 을 꼭 둘러보세요 ! / ???: 목격자 가 없도록 주의 하란 건가 요 ? / 맞습니다 ! 이 새 ㄲ ... 목표 를 처리 하고 나서 몇 명 을 더 처리 해야 암살 이 끝날지 미리 파악 하는 거 죠 ! 행복한 황무지 생활 을 즐기십시요 !,2020-07-03 20:11:28
377160,Fallout 4,positive,풀프라이스로 사도 돈이 안아까움,풀 프라 이스 로 사도 돈 이 안아까 움,2020-07-03 13:41:54
377160,Fallout 4,positive,꿀잼~,꿀잼 ~,2020-07-02 23:17:09
377160,Fallout 4,positive,응 잼있다 한번 사봐 할만해,응 잼있다 한번 사봐 할 만해,2020-07-01 22:36:22
377160,Fallout 4,positive,한글 공식 지원하기 그렇게 귀찮았을까,한글 공식 지원 하기 그렇게 귀찮았을까,2020-07-01 20:40:24
377160,Fallout 4,positive,재밌어요~,재밌어요 ~,2020-07-01 17:38:18
377160,Fallout 4,positive,재밌는 똥겜,재밌는 똥겜,2020-06-30 23:37:42
377160,Fallout 4,positive,60프레임 넘으면 게임속도 오지게 빨라지는 버그때문에 고생했네. 드디어 게임을 할수있어!,60 프레임 넘으면 게임 속도 오지 게 빨라지는 버그 때문 에 고생 했네 . 드디어 게임 을 할수있어 !,2020-06-30 22:59:25
377160,Fallout 4,positive,총질만 하지 말고 말로 하자니까,총 질 만 하지 말고 말로 하자 니까,2020-06-30 16:09:57
377160,Fallout 4,positive,대(대가리)깨(꺠져도)럭(럭키 올인),대 ( 대가리 ) 깨 ( 꺠져 도 ) 럭 ( 럭키 올인 ),2020-06-29 23:13:50
377160,Fallout 4,positive,사라.,사라 .,2020-06-29 17:24:32
377160,Fallout 4,positive,파워아머 모으는게 잼있음,파워 아 머 모으는게 잼있음,2020-06-29 15:16:00
377160,Fallout 4,positive,뉴 베가스와 폴76 사이에 있는 겜 딱 느낌도 그 중간쯤임 명작 느낌 반과 창의적인 쓰레기 반 뭐 맘에 안드는 점 거르고도 명작 반열에 들만하니까 꼭 해보셈,뉴 베가스 와 폴 76 사이 에 있는 겜 딱 느낌 도 그 중간 쯤 임 명작 느낌 반 과 창의 적 인 쓰레기 반 뭐 맘 에 안 드는 점 거르고 도 명작 반 열 에 들 만하 니까 꼭 해보셈,2020-06-29 14:36:16
377160,Fallout 4,positive,모드를 깔고 관리할줄 아는 사람만,모드 를 깔고 관리 할줄 아는 사람 만,2020-06-29 11:05:41
377160,Fallout 4,positive,"좋은 점+ : 포스트 아포칼립스 판타지+ 적당히 넓은 맵+ 다양한 빌드+ 할 거리가 많다(서브퀘라던가, 빌리징이라던가...)+ 나쁜 점- : 무기 개조가 다양하지 못함- 대화 선택지가 적음(데우스 엑스 휴먼 레볼루션도 6개던데... 굳이 십자모양으로 해야했나?)- 카르마의 부재- 자잘한 버그(베데스다 갟쉨기들아)- 업적 존나많음- 이러저러 해서 대충 10점 만점에 7점 정도는 되는듯","좋은 점 + : 포스트 아포칼립스 판타지 + 적당히 넓은 맵 + 다양한 빌드 + 할 거리 가 많다 ( 서브 퀘 라던가 , 빌리 징 이 라던가 ...)+ 나쁜 점 - : 무기 개조 가 다양하지 못 함 - 대화 선택 지 가 적음 ( 데 우스 엑스 휴먼 레볼루션 도 6 개던데 ... 굳이 십 자모 양 으로 해야 했나 ?)- 카르마 의 부재 - 자잘한 버그 ( 베데스다 갟쉨기들 아 )- 업적 존나 많음 - 이러 저러 해서 대충 10 점 만점 에 7 점 정도 는 되는듯",2020-06-28 20:57:14
377160,Fallout 4,positive,베데스다 게임에 너무 익숙해 져서 그런지 이게 위쳐3보다 재밌다,베데스다 게임 에 너무 익숙해 져서 그런지 이 게 위 쳐 3 보다 재밌다,2020-06-28 18:20:48
377160,Fallout 4,positive,이 게임은 너무너무 재밌다 단 당신이 모드 설치 및 에러 대처를 할 줄 알아야 한다,이 게임 은 너무 너무 재밌다 단 당신 이 모드 설치 및 에러 대처 를 할 줄 알아야 한다,2020-06-28 12:30:24
377160,Fallout 4,positive,"황폐한 황무지를 탐험하며 체험하는 이야기들이 매력적입니다. 여러 인간 군상들을 겪고, 하나의 게임 방식이 아닌 내가 하고 싶은대로 할 수 있다는 재미도 있죠. 거기에 좋은 모드들도 곁들이면 말 할 것도 없습니다. 전작들에 비해 아쉬운 것이 좀 있다지만, 폴아웃 시리즈에 입문한다면 이 게임으로 하는 것을 추천드려요.","황폐 한 황무지 를 탐험 하며 체험 하는 이야기 들 이 매력 적 입니다 . 여러 인간 군상 들 을 겪고 , 하나 의 게임 방식 이 아닌 내 가 하고 싶은대로 할 수 있다는 재미 도 있죠 . 거기 에 좋은 모드 들 도 곁들이면 말 할 것 도 없습니다 . 전작 들 에 비해 아쉬운 것 이 좀 있다지만 , 폴아웃 시리즈 에 입문 한다면 이 게임 으로 하는 것 을 추천 드려요 .",2020-06-28 08:48:31
377160,Fallout 4,positive,팩션들이 하나같이 다 극단적이고 비정상적임 그나마 비교적 정상적인게 미닛맨인데 무슨 좆뺑이만 시키고 재미도 없음.. 스토리는 형편 없는데 총 개조하는거랑 전투는 재밋음,팩션 들 이 하나같이 다 극단 적 이고 비정상 적임 그나마 비교 적 정상 적 인게 미닛맨 인데 무슨 좆뺑이 만 시키고 재미 도 없음 .. 스토리 는 형편 없는데 총 개조 하는거랑 전투 는 재밋음,2020-06-28 02:08:41
377160,Fallout 4,positive,모드질이 재밌어서 합니다 원래 게임하면 남자라서 남캐만 하는데 노라 볼트복 보고나서 몸체 좋아지는 모드좀 끼니 폴아웃4 가 할만하다고 느낀건 처음이네요 모드가 살리는 게임 폴아웃4입니다,모드 질 이 재밌어서 합니다 원래 게임 하면 남자 라서 남캐 만 하는데 노라 볼트 복 보고나서 몸체 좋아지는 모드 좀 끼니 폴아웃 4 가 할만 하다고 느낀건 처음 이네 요 모드 가 살리는 게임 폴아웃 4 입니다,2020-06-27 22:47:57
377160,Fallout 4,positive,나나코 없으면 재미도 없는 게임,나나 코 없으면 재미 도 없는 게임,2020-06-27 20:39:15
377160,Fallout 4,positive,그냥 하셈,그냥 하 셈,2020-06-27 18:28:08
377160,Fallout 4,positive,Kwak : 오?! 여름 세일이네? 폴아웃 4가 DLC 다 포함해서 20700원이라고?! 씨바! 당장 질러야지! Gabe : 오 세형! 오랜만이야! 오랜만에 그거 좀 해봐! Kwak : 뭐요? Gabe : 그 왜 있잖아... '검고 큰 녀석'의 울음소리... Kwak : 음머어어어~ 이거요? Gabe : 푸핳핳하핳하 ~ 그래 그거! 씨바 그거! 파하하하핳 ~ 씨바...,Kwak : 오 ?! 여름 세 일이 네 ? 폴아웃 4 가 DLC 다 포함 해서 20700원 이라고 ?! 씨바 ! 당장 질러야지 ! Gabe : 오 세 형 ! 오랜 만이 야 ! 오랜 만 에 그거 좀 해봐 ! Kwak : 뭐 요 ? Gabe : 그 왜 있잖아 ... ' 검고 큰 녀석 ' 의 울음소리 ... Kwak : 음머 어어 어 ~ 이 거 요 ? Gabe : 푸 핳 핳 하 핳 하 ~ 그래 그거 ! 씨바 그거 ! 파하하하 핳 ~ 씨바 ...,2020-06-27 17:02:10
377160,Fallout 4,positive,재미있음. 소소한 버그 빼면 ㅎ,재미있음 . 소소한 버그 빼면 ㅎ,2020-06-27 10:40:37
377160,Fallout 4,positive,벌레갓겜;;,벌레 갓 겜 ;;,2020-06-27 00:18:23
377160,Fallout 4,positive,이겜 재미씀,이 겜 재미 씀,2020-06-26 22:15:14
377160,Fallout 4,positive,폴아웃 76 하다가 다시 돌아왔습니다.,폴아웃 76 하다가 다시 돌아왔습니다 .,2020-06-25 23:19:30
377160,Fallout 4,positive,재밌읍니다,재밌 읍니 다,2020-06-25 19:37:54
377160,Fallout 4,positive,예...뭐...,예 ... 뭐 ...,2020-06-25 17:54:18
377160,Fallout 4,positive,76 보다 훨신 재미있어,76 보다 훨신 재미있어,2020-06-25 16:37:03
377160,Fallout 4,positive,할게 많네요,할게 많네요,2020-06-23 22:39:06
377160,Fallout 4,positive,제미는 있내 ㅋㅋㅋ,제 미는 있내 ㅋㅋㅋ,2020-06-23 12:14:08
377160,Fallout 4,positive,great game. perfect action awesome story,great game . perfect action awesome story,2020-06-22 21:11:35
377160,Fallout 4,positive,"게임성, 스토리 몰입도, 난이도를 직접 설정할 수 있고 수많은 모드를 통해 플레이 할 수 있는만큼 재밌고 개성넘치는 게임이라 할 수 있다. 포스트 아포칼립스라는 심오한 장르임에도 이 작품에 대해서는 큰 어려움을 겪지 않고 플레이가 가능하다. 그러나, 이 작품 시리즈들이 그렇듯 버그 자체들로 이루어져 있으며 퀘스트들 상당수에도 버그가 간간히 존재하며, 제작진들조차 이 버그를 수정하려 하지 않는다. 게임이 재밌으므로 추천은 하지만, 안타까운 게임이기도 하다.","게임 성 , 스토리 몰입도 , 난이도 를 직접 설정 할 수 있고 수많은 모드 를 통해 플레이 할 수 있는만큼 재밌고 개성 넘치는 게임 이라 할 수 있다 . 포스트 아포칼립스 라는 심오한 장르 임 에도 이 작품 에 대해 서는 큰 어려움 을 겪지 않고 플레이 가 가능하다 . 그러나 , 이 작품 시리즈 들 이 그렇듯 버그 자체 들 로 이루어져 있으며 퀘스트 들 상당수 에도 버그 가 간간히 존재 하며 , 제 작 진 들 조차 이 버그 를 수정 하려 하지 않는다 . 게임 이 재밌으므로 추천 은 하지만 , 안타까운 게임 이기도 하다 .",2020-06-21 22:31:10
377160,Fallout 4,positive,재밌긴 재밌다. 베데스다 특유의 버그도 있지만... 음... 근데 폴아웃은 뭐라고 딱히 설명하긴 힘든데 그냥 재밌다. 하다보면 빠져드는 게임? 아포칼립스 컨셉 좋아하면 이겜 안할수없지 ㅋㅋㄹㅋㅋ,재밌긴 재밌다 . 베데스다 특유 의 버그 도 있지만 ... 음 ... 근데 폴아웃 은 뭐라고 딱히 설명 하긴 힘든데 그냥 재밌다 . 하다 보면 빠져드는 게임 ? 아포칼립스 컨셉 좋아하면 이 겜 안 할수 없지 ㅋㅋㄹㅋㅋ,2020-06-21 18:19:24
377160,Fallout 4,positive,ㅋㅋ버그존나많네ㅗㅗㅗ,ㅋㅋ 버그 존나 많네 ㅗㅗㅗ,2020-06-21 15:16:05
377160,Fallout 4,positive,"피곤한 몸을 이끌고 집에와서 별 기대없이 세일할 때 산 이 게임을 켜서 설렁설렁 하다가, 좀 재밌네? 하고 시계를 봤더니 새벽4시네...","피곤한 몸 을 이끌고 집 에 와서 별 기대 없이 세 일 할 때 산 이 게임 을 켜서 설렁설렁 하다가 , 좀 재밌네 ? 하고 시계 를 봤더니 새벽 4시 네 ...",2020-06-21 14:34:52
377160,Fallout 4,positive,망겜,망겜,2020-06-19 16:34:52
377160,Fallout 4,positive,이러니 저러니 해도 폴아웃은 폴아웃 스토리가 좀 별로네 이런 시스템은 구리네 시부렁 시부렁 하다보니 700시간 찍음,이러니 저러니 해도 폴아웃 은 폴아웃 스토리 가 좀 별로 네 이런 시스템 은 구리 네 시부렁 시부렁 하다 보니 700시간 찍음,2020-06-18 00:25:14
377160,Fallout 4,positive,너무좋아,너무 좋아,2020-06-17 23:40:31
377160,Fallout 4,positive,dd,dd,2020-06-17 09:34:17
377160,Fallout 4,positive,시야각이 좁아 몇시간 이상 플레이하면 머리가 아프지만 그래도 스토리가 재밌고 자유로워서 좋다,시야 각 이 좁아 몇 시간 이상 플레이 하면 머리 가 아프지만 그래도 스토리 가 재밌고 자유로워서 좋다,2020-06-17 09:06:49
377160,Fallout 4,positive,스카이림 재밌게 해서 기대없이 해봤는데 재밌네요 DLC도 해보려고 샀음,스카이림 재밌게 해서 기대 없이 해봤는데 재밌네요 DLC 도 해보려고 샀음,2020-06-17 03:56:44
377160,Fallout 4,positive,스토리는 뉴베에 비해 노잼이지만 전투나 무기개조 같은 요소들이 재미있다,스토리 는 뉴베 에 비해 노잼 이지만 전투 나 무기 개조 같은 요소 들 이 재미있다,2020-06-17 00:53:43
377160,Fallout 4,positive,잼있는데 한글화좀....,잼있는데 한글화 좀 ....,2020-06-17 00:18:24
377160,Fallout 4,positive,스카이림과는 다른 방향으로 재밌습니다. 모드질하고 놀기에도 좋습니다.,스카이림 과는 다른 방향 으로 재밌습니다 . 모드 질 하고 놀기에도 좋습니다 .,2020-06-16 15:06:18
377160,Fallout 4,positive,토도기 하워드 이새끼....악랄한 새끼...,토도 기 하워드 이 새끼 .... 악랄한 새끼 ...,2020-06-16 00:30:00
377160,Fallout 4,positive,퀘스트 꼬이는 게 너무 개같다. 다른건 다 좋아 오픈월드겜이니까 내 맘대로 돌아다니면서 걍 되는대로 하고있는데 루팅하다가 퀘스트템 한 개 먹었다가 한 팩션 퀘스트가 꼬였다. 아니 이렇게 못하게 되면 너무 찝찝하잖아요.... 내가 실수로 팩션 NPC 쏴죽여서 못하는거면 몰라도 이건 좀;,퀘스트 꼬이는 게 너무 개 같다 . 다른건 다 좋아 오픈월드 겜 이니까 내 맘대로 돌아다니면서 걍 되는대로 하고있는데 루팅 하다가 퀘스트 템 한 개 먹었다가 한 팩션 퀘스트 가 꼬였다 . 아니 이렇게 못 하게 되면 너무 찝찝하잖아요 .... 내 가 실수 로 팩션 NPC 쏴 죽 여서 못 하는거면 몰라도 이건 좀 ;,2020-06-15 11:22:41
377160,Fallout 4,positive,예아,예아,2020-06-14 18:36:38
377160,Fallout 4,positive,파이퍼 예뿌당,파이퍼 예 뿌 당,2020-06-13 23:14:05
377160,Fallout 4,positive,카메라 무빙이 씨발좆같음,카메라 무빙 이 씨발 좆 같음,2020-06-13 21:59:58
377160,Fallout 4,positive,뉴베랑 비교하면 스토리나 시스템이나 좀 엉성해진 느낌이 있지만 게임적인 재미는 역대급이다. 스토리도 사람에 따라선 3나 뉴베보다 낫다고 생각하는사람 있을듯? 그렇게 썩은건 아니라서,뉴베 랑 비교 하면 스토리 나 시스템 이나 좀 엉 성해진 느낌 이 있지만 게임 적 인 재미 는 역대 급 이다 . 스토리 도 사람 에 따라 선 3 나 뉴베 보다 낫다 고 생각 하는 사람 있을듯 ? 그렇게 썩은건 아니라서,2020-06-13 14:44:33
377160,Fallout 4,positive,잼씀,잼 씀,2020-06-13 06:25:01
377160,Fallout 4,positive,gg,gg,2020-06-13 02:06:07
377160,Fallout 4,positive,재밌어요. 모드도 많아서 컨셉 플레이도 좋아요.,재밌어요 . 모드 도 많아서 컨셉 플레이도 좋아요 .,2020-06-11 23:22:24
377160,Fallout 4,positive,엔딩 좀 좆같음 성취감 존나 없음 토드 씨@발롬,엔딩 좀 좆 같음 성취 감 존나 없음 토드 씨 @ 발롬,2020-06-11 19:57:26
377160,Fallout 4,positive,내가 5회차를해도 레일로드 루트는 도저히 못하겠다 데스데모나 ㅅㅂ년,내 가 5회 차를해도 레일로드 루트 는 도저히 못 하겠다 데스 데모 나 ㅅㅂ 년,2020-06-10 13:33:05
377160,Fallout 4,positive,휴 모드 다깔았다,휴 모드 다 깔았다,2020-06-10 12:26:41
377160,Fallout 4,positive,폐지줍고 돌아다니는 거 좋아하고 총질하는 거 좋아하면 꿀잼,폐지 줍고 돌아다니는 거 좋아하고 총 질 하 는 거 좋아하면 꿀잼,2020-06-10 04:17:31
377160,Fallout 4,positive,f5 를 누르는 습관을 가지자,f 5 를 누르는 습관 을 가지 자,2020-06-09 11:49:12
377160,Fallout 4,positive,God bless the modders,God bless the modders,2020-06-07 18:39:42
377160,Fallout 4,positive,버그...버그는절대 바뀌지않는다 ...,버그 ... 버그 는 절대 바뀌지 않는다 ...,2020-06-06 23:18:32
377160,Fallout 4,positive,걍 해라,걍 해 라,2020-06-06 18:42:16
377160,Fallout 4,positive,서술할 필요가 없는 것 같습니다. 그냥 추천드립니다. 주의 : 소소한 버그가 있음. 하우징 건드리면 스트레스 받을 수 있음. 납득 안 가는 상황 가끔 생김.,서술 할 필요 가 없는 것 같습니다 . 그냥 추천 드립니다 . 주의 : 소소한 버그 가 있음 . 하우 징 건드리면 스트레스 받을 수 있음 . 납득 안 가는 상황 가끔 생김 .,2020-06-06 01:45:07
377160,Fallout 4,positive,이 겜 트래쉬겜이야 야옹,이 겜 트래쉬겜 이야 야옹,2020-06-05 23:39:46
377160,Fallout 4,positive,Very Good.,Very Good .,2020-06-05 20:15:41
377160,Fallout 4,positive,"핵전쟁으로 멸망한 세상. 볼트에서 들어가서 나올땐 온몸에 전율이 돌았다. 내가 처음으로 폴아웃을 입문한 작품이 폴아웃 4 였다. 맵을 돌아다니며 숨겨진장소를찾고 숨겨진이야기를 찾고 메인퀘스트와 서브퀘스트를하면서 폴아웃 세계관에 점점 빠지게 된다. 웃긴이야기가 있는가 하면 슬픈이야기도 있고, 공포요소가 있는 퀘스트도 있다. 정말 폴아웃4를 처음접했을땐 2주동안 미친듯이 폴아웃4만 했던 기억이 난다. 이만큼 세계관을 잘표현한 작품이 있을까? 다른 게임도 많이 해보았지만 정말. 이 게임은 꼭 해보라고 하고싶다.","핵전쟁 으로 멸망한 세상 . 볼트 에서 들어가서 나올 땐 온몸 에 전율 이 돌았다 . 내 가 처음 으로 폴아웃 을 입문 한 작품 이 폴아웃 4 였다 . 맵 을 돌아다니며 숨겨진 장소 를 찾고 숨겨진 이야기 를 찾고 메인 퀘스트 와 서브 퀘스트 를 하면서 폴아웃 세계관 에 점점 빠지게 된다 . 웃긴 이야기 가 있는가 하면 슬픈 이야기 도 있고 , 공포 요소 가 있는 퀘스트 도 있다 . 정말 폴아웃 4 를 처음 접 했을 땐 2 주 동안 미친듯이 폴아웃 4만 했던 기억 이 난다 . 이 만큼 세계관 을 잘 표현 한 작품 이 있을까 ? 다른 게임 도 많이 해보았지만 정말 . 이 게임 은 꼭 해보라고 하고싶다 .",2020-06-05 18:47:05
377160,Fallout 4,positive,이게임은 문제점밖에 없음. 1.버그 2.프레스턴 가비 3.욕하면서 게속 하게됨,이 게임 은 문제점 밖에 없음 . 1 . 버그 2 . 프레스턴 가비 3 . 욕 하면서 게속 하게 됨,2020-06-05 14:17:47
377160,Fallout 4,positive,졸잼~~,졸잼 ~~,2020-06-05 00:38:38
377160,Fallout 4,positive,"전작 스카이림도 재밌게 플레이했고 이 게임은 더 재미있게 플레이했습니다. 스카이림보다 개선되었다고 여기는 점은 무기 업그레이드가 단순히 깡데미지만 올리는 게 아니라 다양한 개조를 통해 가시적으로, 차별화된 업그레이드를 할 수 있다는 점, 전설 시스템을 통한 파밍의 재미, 동료마다 가진 개성과 상호작용입니다. 폴아웃 시리즈를 이 게임으로 처음 입문했는데 독특한 세계관이 마음에 들었습니다. 전체적으로 저의 인생작이라고 생각합니다.","전작 스카이림 도 재밌게 플레이 했고 이 게임 은 더 재미있게 플레이 했습니다 . 스카이림 보다 개선 되었다고 여기는 점 은 무기 업그레이드 가 단순히 깡 데미 지만 올리는 게 아니라 다양한 개조 를 통해 가시 적 으로 , 차별 화 된 업그레이드 를 할 수 있다는 점 , 전설 시스템 을 통한 파밍 의 재미 , 동료 마다 가진 개성 과 상호작용 입니다 . 폴아웃 시리즈 를 이 게임 으로 처음 입문 했는데 독특한 세계관 이 마음 에 들었습니다 . 전체 적 으로 저 의 인생 작 이라고 생각 합니다 .",2020-06-04 23:31:04
377160,Fallout 4,positive,갓겜,갓 겜,2020-06-03 22:53:28
377160,Fallout 4,positive,아니 내 동료 왜 지붕에 껴서 놀고 있는건데,아니 내 동료 왜 지붕 에 껴서 놀고 있는건데,2020-06-03 21:06:31
377160,Fallout 4,positive,인생겜중 하나,인생 겜 중 하나,2020-06-03 20:24:19
377160,Fallout 4,positive,야 재미있기만 하구만,야 재미있기만 하구만,2020-06-03 00:25:15
377160,Fallout 4,positive,오랜시간 준수한 품질의 경험을 할만한 게임,오랜 시간 준수 한 품질 의 경험 을 할만 한 게임,2020-06-02 19:04:52
377160,Fallout 4,positive,가비의 섹시한 빨간드레스에 별5개,가비 의 섹시한 빨간 드레스 에 별 5 개,2020-06-02 12:52:21
377160,Fallout 4,positive,다 좋은데 빌리징이 지나치게 허술하다 거점을 하나만 선택해서 탑뷰로 건설 구획 짓고 정착민 관리를 하게 해줘야지 이건 뭔 방식인지 모르겠음 ㅋㅋ,다 좋은데 빌리 징 이 지나치게 허 술 하 다 거점 을 하나 만 선택 해서 탑뷰 로 건설 구획 짓고 정착민 관리 를 하게 해줘야지 이건 뭔 방식 인지 모르겠음 ㅋㅋ,2020-06-02 09:10:03
377160,Fallout 4,positive,잼있음 ㅋㅋ,잼있음 ㅋㅋ,2020-06-01 19:45:15
377160,Fallout 4,positive,아주아주 좋아 개재밋어,아주아주 좋아 개재 밋 어,2020-06-01 00:36:39
377160,Fallout 4,positive,BEST GAME !!!!!,BEST GAME !!!!!,2020-05-31 22:05:42
377160,Fallout 4,positive,리뷰를 쓰는 이때가 가을이라 생각나서 왔습니다 역시 게임을 완성하는 건 유저가 아닌가 싶습니다 ~볼트 따봉,리뷰 를 쓰는 이 때 가 가을 이라 생각나서 왔습니다 역시 게임 을 완성 하는 건 유저 가 아닌가 싶습니다 ~ 볼트 따 봉,2020-05-31 21:03:15
377160,Fallout 4,positive,재밌으면 장땡이지 뭐 ㅎㅎ 아 가비는 개새끼임,재밌으면 장땡 이지 뭐 ㅎㅎ 아 가비 는 개새끼 임,2020-05-30 11:56:44
377160,Fallout 4,positive,1회차 끗,1회 차 끗,2020-05-29 17:08:50
377160,Fallout 4,positive,최고의 모드는 바닐라다,최고 의 모드 는 바닐라 다,2020-05-27 18:14:25
377160,Fallout 4,positive,Anime race 만든 모드 제작자분 감사합니다 진짜로 감사합니다,Anime race 만든 모드 제작자 분 감사합니다 진짜 로 감사합니다,2020-05-25 00:50:35
377160,Fallout 4,positive,좃같은 신스새끼덜,좃같 은 신스 새끼 덜,2020-05-24 04:44:47
377160,Fallout 4,positive,주인공이 몰입을 방해 하긴 하지만 그래도 믿고 하는 베다스다식 오픈 월드,주인공 이 몰입 을 방해 하긴 하지만 그래도 믿고 하는 베 다스 다식 오픈 월드,2020-05-23 12:27:25
377160,Fallout 4,positive,재밌는데 그게 JOT같지 않다는 것은 아니다.,재밌는데 그게 JOT 같지 않다는 것 은 아니다 .,2020-05-23 01:15:28
377160,Fallout 4,positive,예전 폴아웃시리즈에 익숙하다면 조금 다른느낌에 거부감이들수도있지만 폴아웃의 향수를 나름 잘 담아낸 수작이므로 세일떄 30000원으로 고티버전을 사는것을 추천한다.,예전 폴아웃 시리즈 에 익숙하다면 조금 다른 느낌 에 거부 감 이 들수도 있지만 폴아웃 의 향수 를 나름 잘 담아 낸 수작 이 므 로 세 일 떄 30000원 으로 고 티 버전 을 사는것을 추천 한다 .,2020-05-22 20:06:06
377160,Fallout 4,positive,재밌어요 구울이 무서워요,재밌어요 구울 이 무서워요,2020-05-22 10:44:59
377160,Fallout 4,positive,뉴베가스어쩌구할꺼면 걍 가서 뉴베가스하셈 이거 재밌음 재밌게함,뉴 베가스 어 쩌구 할꺼면 걍 가서 뉴 베가스 하 셈 이 거 재밌음 재밌게 함,2020-05-22 00:53:15
377160,Fallout 4,positive,wow,wow,2020-05-20 22:22:43
377160,Fallout 4,positive,버그는 베데스다의 숙명같은 거니까 넘어간다 쳐도 게임이 참 재밌다. 엘더스크롤5만해서 몰랐지만 타격감이 그지같던 베데스다도 총게임으로 가니 괜찮은 거 같다. 그 상점에 물건 팔 때 종류별로 안 나뉘어서 파는 건 좀 그렇지만 말이다.,버그 는 베데스다 의 숙명 같은 거 니까 넘어간다 쳐도 게임 이 참 재밌다 . 엘더스크롤 5만 해서 몰랐지만 타 격감 이 그지같던 베데스다 도 총 게임 으로 가니 괜찮은 거 같다 . 그 상점 에 물건 팔 때 종류 별로 안 나뉘어서 파는 건 좀 그렇지만 말 이다 .,2020-05-20 13:23:09
377160,Fallout 4,positive,갓-겜 그이상 말이필요합니까? 그나저나 제발 부탁인데 시발 창작마당을 쳐만들어놓던가 했으면하네요 모드 다운하는데 사이트까지 찾아가야되는 미친짓좀 그만했으면합니다.,갓 - 겜 그 이상 말 이 필요합니까 ? 그나저나 제발 부탁 인데 시발 창작 마당 을 쳐 만들어놓던가 했으면하네요 모드 다운 하는데 사이트 까지 찾아가야 되는 미친 짓 좀 그만했으면 합니다 .,2020-05-20 13:20:38
377160,Fallout 4,positive,"1월에 시작해서 3월 말까지 200시간 플레이, 1. 바닐라로도 충분히 즐길 수 있고 고티도 수상한 작품이지만 어느새 모드랑 싸우는 나를 발견한다. 2. 메인 팩션간에 연결성이 별로 없다. 3. 스카이림 SE 대비해서 캐릭터모델링은 개인적으로 훨씬 괜찮은 것 같지만 그래도 찰흙덩어리다. 4. 모션 왜 이따구냐 5. 가장 맘에 안드는 것 중 하나. 총기 디자인들을 개떡같이 해서 플레이어를 비롯한 모든 이가 오른손잡이지만 장전손잡이는 왼쪽에 있다 (장전손잡이 = 탄피배출구) 6. 가비 @발 나가 뒤져 7. 스카이림을 하다","1월 에 시작 해서 3월 말 까지 200시간 플레이 , 1 . 바닐라 로 도 충분히 즐길 수 있고 고 티 도 수상한 작품 이지만 어느새 모드 랑 싸우는 나를 발견 한다 . 2 . 메인 팩션 간 에 연결 성 이 별로 없다 . 3 . 스카이림 SE 대비 해서 캐릭터 모델링 은 개인 적 으로 훨씬 괜찮은 것 같지만 그래도 찰흙 덩어리 다 . 4 . 모션 왜 이따 구 냐 5 . 가장 맘 에 안 드는 것 중 하나 . 총기 디자인 들 을 개떡같이 해서 플레이어 를 비롯 한 모든 이 가 오른손잡이 지만 장전 손잡이 는 왼쪽 에 있다 ( 장전 손잡이 = 탄피 배 출구 ) 6 . 가비 @ 발 나가 뒤져 7 . 스카이림 을 하다",2020-05-20 12:45:42
377160,Fallout 4,positive,진짜 레전드 갓겜 너무 사실적이라 플레이하다 담배피러 나갔는데 핵전쟁 터진 아포칼립스 조선인줄; 로딩 정말 긴 것만 빼면 최고다 베데스다는 쓰시마한테 로딩 한수 배워야됨..어떻게 스카이림부터 그놈의 로딩은 나아질 기미가 안보일까 로딩 시발 로딩 로딩 로딩;;;;;;,진짜 레전드 갓 겜 너무 사실 적 이라 플레이 하다 담배 피러 나갔는데 핵전쟁 터진 아포칼립스 조선인 줄 ; 로딩 정말 긴 것 만 빼면 최고다 베데스다 는 쓰시마 한테 로딩 한수 배워야 됨 .. 어떻게 스카이림 부터 그 놈 의 로딩 은 나아질 기미 가 안 보일까 로딩 시발 로딩 로딩 로딩 ;;;;;;,2020-05-20 04:24:47
377160,Fallout 4,positive,갓겜...,갓 겜 ...,2020-05-19 11:17:50
377160,Fallout 4,positive,추천,추천,2020-05-19 08:57:44
377160,Fallout 4,positive,개쩜,개쩜,2020-05-19 02:18:18
377160,Fallout 4,positive,말이 필요 없음,말 이 필요 없음,2020-05-18 11:14:42
377160,Fallout 4,positive,자유도가 조금 아쉽지만 잘 만든 rpg,자유도 가 조금 아쉽지만 잘 만든 rpg,2020-05-17 20:54:32
377160,Fallout 4,positive,이걸 이제서야 하게 될 줄 이야. 완전 갓겜. 물론 모드 몇개는 필수. 최적화 모드만 몇개 설치했는데 쾌적하게 잘 돌아갑니다. 진짜 퀘스트가 끝없이 펼쳐지고 온 사방에 모험이 가득합니다.,이 걸 이제 서야 하게 될 줄 이야 . 완전 갓 겜 . 물론 모드 몇개 는 필수 . 최적화 모드 만 몇개 설치 했는데 쾌적하게 잘 돌아갑니다 . 진짜 퀘스트 가 끝없이 펼쳐지고 온 사방 에 모험 이 가득합니다 .,2020-05-17 19:28:34
377160,Fallout 4,positive,폴아웃76 살 돈으로 이거 산게 인생의 자랑,폴아웃 76 살 돈 으로 이 거 산 게 인생 의 자랑,2020-05-17 19:21:12
377160,Fallout 4,positive,※주의※ 모드 패치 시 스팀 도전과제 달성이 불가함. -해결방법- 모딩해도 도전과제가 달성되는 모드를 다운받을 것.,※ 주의 ※ 모드 패치 시 스팀 도전 과제 달성 이 불가함 . - 해결 방법 - 모딩해 도 도전 과제 가 달성 되는 모드 를 다운 받을 것 .,2020-05-17 18:13:13
377160,Fallout 4,positive,메인퀘가 짧은게 아쉬웠지만 충분히 즐길 거리가 많아 만족!! 갓겜의 필수조건은 모드!! 2회차도 곧 .......,메인 퀘 가 짧은게 아쉬웠지만 충분히 즐길 거리 가 많아 만족 !! 갓 겜 의 필수 조건 은 모드 !! 2회 차도 곧 .......,2020-05-17 05:06:08
377160,Fallout 4,positive,폴아웃 시리즈는 항상 재밌죠!,폴아웃 시리즈 는 항상 재밌죠 !,2020-05-16 01:59:25
377160,Fallout 4,positive,게임 시작하기 전에 나무위키 폴아웃4 들어가서 추천 모드 미리 깔고 하세요 안 그러면 명작이라는 소문만 듣고 망작을 하시는 겝니다 ㅎㅎ,게임 시작 하기 전 에 나무 위키 폴아웃 4 들어가서 추천 모드 미리 깔고 하세요 안 그러면 명작 이라는 소문 만 듣고 망작 을 하시는 겝니 다 ㅎㅎ,2020-05-15 14:06:42
377160,Fallout 4,positive,존잼,존잼,2020-05-14 17:40:38
377160,Fallout 4,positive,즐 겁 다 !,즐 겁 다 !,2020-05-13 22:41:48
377160,Fallout 4,positive,개고기와 방랑자,개고기 와 방랑자,2020-05-12 16:53:25
377160,Fallout 4,positive,베네스다에서 제작한 마지막 게임입니다 폴아웃76? 뭔소리야? 그런게 존재하나?,베 네스 다 에서 제작 한 마지막 게임 입니다 폴아웃 76 ? 뭔 소리 야 ? 그런게 존재 하나 ?,2020-05-11 13:58:20
377160,Fallout 4,positive,너무재밋사,너 무재 밋사,2020-05-10 21:56:25
377160,Fallout 4,positive,스카이림과 함께 모드질의 끝을 보여주는 게임. 전 이게 폴아웃 입문작 입니다만 배경이 다른만큼 스카이림과는 다른 맛이 있어서 즐겁게 하고 있습니다.,스카이림 과 함께 모드 질의 끝 을 보여주는 게임 . 전 이 게 폴아웃 입문 작 입니다만 배경 이 다른 만큼 스카이림 과는 다른 맛 이 있어서 즐겁게 하고 있습니다 .,2020-05-10 18:26:55
377160,Fallout 4,positive,바닐라 자체도 잘만들었지만 실상은 모드가 만들어가는 게임. 모드질을 어떻게 하느냐에 따라서 완전 다른게임을 즐길수도있음. 76같은거보다 이거사는게 낫다.,바닐라 자체 도 잘 만들었지만 실상 은 모드 가 만들어가는 게임 . 모드 질 을 어떻게 하느냐에 따라서 완전 다른 게임 을 즐길수도 있음 . 76 같은거보다 이 거사 는 게 낫다 .,2020-05-10 14:15:43
377160,Fallout 4,positive,님들 정말 잘만든 게임임 근데 한 가지 아쉬운건 dlc모드의 총알을 커먼웰스에서 구할수가 없음,님들 정말 잘만 든 게임 임 근데 한 가지 아쉬운건 dlc 모드 의 총알 을 커먼웰스 에서 구 할수가 없음,2020-05-10 12:02:42
377160,Fallout 4,positive,버그많은 스토리게임 하지만 넥서스 모드를 깔면 총기 시뮬레이터,버그 많은 스토리 게임 하지만 넥서스 모드 를 깔면 총기 시뮬레이터,2020-05-10 02:07:24
377160,Fallout 4,positive,폴아웃 76보다 더 재미있다 ㅂㅅ 베데스다,폴아웃 76 보다 더 재미있다 ㅂㅅ 베데스다,2020-05-09 17:13:43
377160,Fallout 4,positive,인생게임,인생게임,2020-05-08 07:03:19
377160,Fallout 4,positive,"자세히 들여다 보면 여러 곳에 결점들이 가득하지만 멀리서 보았을 땐 하나의 수작. 형편없고 진부하며 개연성도 없는 메인 스토리의 설득력 그 스토리를 전부 뒤짚어 반대로 진행하는 누카 월드, 컨텐츠 추가 패치로 제공해야 할 수준의 내용물을 가진 워크샵 DLC와 오토매트론을 빼면 유일하게 호평할만한 DLC는 파 하버 뿐이다. 게임 브리오 엔진을 노인학대 한 크리에이션 엔진을 정말 징하게 우려먹는 만큼 스카이림 코드의잔재도 남아있고 이래저래 어보미네이션 마냥 덕지덕지 붙어있다.","자세히 들여다 보면 여러 곳 에 결점 들 이 가득하지만 멀리 서 보았을 땐 하나 의 수작 . 형편 없고 진부하며 개연 성도 없는 메인 스토리 의 설득 력 그 스토리 를 전부 뒤 짚어 반대 로 진행 하는 누카 월드 , 컨텐츠 추가 패치 로 제공 해야 할 수준 의 내용물 을 가진 워크샵 DLC 와 오토 매 트론 을 빼면 유일하게 호평 할만 한 DLC 는 파 하버 뿐 이다 . 게임 브리 오 엔진 을 노인학 대 한 크리에이션 엔진 을 정말 징 하게 우려 먹는 만큼 스카이림 코드 의 잔재 도 남아있고 이래저래 어보 미 네이션 마냥 덕지덕지 붙어있다 .",2020-05-07 16:01:14
377160,Fallout 4,positive,뭐하고 계십니까? 사셨으면 넥서스 가셔야지.,뭐 하고 계십니까 ? 사셨으면 넥서스 가셔야지 .,2020-05-07 15:17:14
377160,Fallout 4,positive,존잼,존잼,2020-05-07 04:26:25
377160,Fallout 4,positive,대탈출팩 2.0,대 탈출 팩 2.0,2020-05-07 03:16:26
377160,Fallout 4,positive,God game,God game,2020-05-04 21:36:21
377160,Fallout 4,positive,진짜 재밌음,진짜 재밌음,2020-05-04 21:19:06
377160,Fallout 4,positive,참 재밌고 다좋은데 게임 하기전 준비만 무슨 10시간 이상 해야하는 게임.. ini파일 수정하랴.. 모드깔아서 렉 줄이고.. 모드 하나 더 깔아서 버그 고치고.. 다좋은데 게임 전에 저런 모드깔고 하는게 너무 번거로움. 그 번거로움만 잘 해결하면 재밌는 게임. 내 컴이 개구린건지 최적화가 개적화인건진 모르겠지만 렉 개심함 위에 보이는 버그랑 게임 하기전 패치하는거랑 ini파일 수정하는거 빼면 재밌음 개인적으로 뉴베가스랑 동급이라고 생각함 폴아웃 3보단 재밌고,참 재밌고 다 좋은데 게임 하기전 준비 만 무슨 10시간 이상 해야하는 게임 .. ini 파일 수정 하 랴 .. 모드 깔아서 렉 줄 이고 .. 모드 하나 더 깔아서 버그 고치 고 .. 다 좋은데 게임 전 에 저런 모드 깔고 하는게 너무 번거로 움 . 그 번거로 움 만 잘 해결 하면 재밌는 게임 . 내 컴 이 개구 린 건지 최적화 가 개 적 화인 건진 모르겠지만 렉 개심 함 위 에 보이는 버그 랑 게임 하기전 패치 하는거랑 ini 파일 수정 하는거 빼면 재밌음 개인 적 으로 뉴 베가스 랑 동 급 이라고 생각 함 폴아웃 3 보단 재밌고,2020-05-04 11:27:08
377160,Fallout 4,positive,무한 로딩이나 버그는 가끔 나오지만... 팀 왈도님의 은총으로 뉴클리어잼 허니잼 폴아웃 세계를 열심히 뒤집고 다니는 중 개인적으로 뉴베보다 가볍고 화려한 폴4가 더 좋다!,무한 로딩 이나 버그 는 가끔 나오지만 ... 팀 왈도 님 의 은총 으로 뉴클리어 잼 허니 잼 폴아웃 세계 를 열심히 뒤집고 다니는 중 개인 적 으로 뉴베 보다 가볍고 화려한 폴 4 가 더 좋다 !,2020-05-02 02:09:45
377160,Fallout 4,positive,인생겜^^,인생 겜 ^^,2020-05-02 00:51:42
377160,Fallout 4,positive,갓ㅡ겜,갓 ㅡ 겜,2020-05-01 19:08:45
377160,Fallout 4,positive,모드질만 90% 차지하고 정작 하는건 10%밖에 안되는 갓겜,모드 질 만 90% 차지 하고 정작 하는건 10% 밖에 안되는 갓 겜,2020-05-01 04:17:22
377160,Fallout 4,positive,무조건 앞에 보이는 고물 잡동사니부터 챙기세요 아들 찾는것 보다 훨씬 중요한 겁니다,무조건 앞 에 보이는 고물 잡 동 사 니 부터 챙기세요 아들 찾는것 보다 훨씬 중요한 겁니다,2020-05-01 00:38:19
377160,Fallout 4,positive,개꿀잼,개꿀잼,2020-04-30 22:11:32
377160,Fallout 4,positive,스토리는 아주 흥미롭습니다. 퀘스트가 너무 많아 처음하는 사람들에겐 혼란을 줄 수 있습니다. 하지만 내 선택에 따라 스토리가 여러 엔딩인건 좋았습니다. 한번쯤 해볼만한 게임인것같습니다.,스토리 는 아주 흥미롭습니다 . 퀘스트 가 너무 많아 처음 하는 사람 들 에겐 혼란 을 줄 수 있습니다 . 하지만 내 선택 에 따라 스토리 가 여러 엔딩 인 건 좋았습니다 . 한번 쯤 해볼만 한 게임 인 것 같습니다 .,2020-04-25 00:38:03
377160,Fallout 4,positive,CBBE ㅎ힛,CBBE ㅎ 힛,2020-04-24 00:41:46
377160,Fallout 4,positive,모드로 완성되는 븅신게임 베데스다는 좋겠다 미완성으로 내도 유저들이 완성시켜주니까 아 ㅋㅋ 그래도 재미는 있음 총 쏘는 재미나 정착지 키우는 재미 같은거,모드 로 완성 되는 븅 신 게임 베데스다 는 좋겠다 미완성 으로 내도 유저 들 이 완성 시켜주니까 아 ㅋㅋ 그래도 재미 는 있음 총 쏘는 재미나 정착 지 키우는 재미 같은거,2020-04-24 00:24:20
377160,Fallout 4,positive,폴아웃76 하다가 이 게임 하면 갑자기 갓겜으로 느껴짐...,폴아웃 76 하다가 이 게임 하면 갑자기 갓 겜 으로 느껴짐 ...,2020-04-22 22:27:33
377160,Fallout 4,positive,높은 자유도 넓은 공간 극혐 벌레들,높은 자유도 넓은 공간 극혐 벌레 들,2020-04-20 18:07:19
377160,Fallout 4,positive,킹갓겜,킹 갓 겜,2020-04-20 07:20:21
377160,Fallout 4,positive,5년전에 구매했던 게임인데 이제서야 평가글 작성 하게 되었네요. 5년전 당시 보기드문 고퀄리티의 게임으로 게임을 진행하는 동안 계속해서 감탄을 했던 기억이 납니다. 마치 또다른 인생을 사는 기분을 들게 했던 게임입니다.,5년 전에 구매 했던 게임 인데 이제 서야 평가 글 작성 하게 되었네요 . 5년 전 당시 보기 드문 고 퀄리티 의 게임 으로 게임 을 진행 하는 동안 계속 해서 감탄 을 했던 기억 이 납니다 . 마치 또다른 인생 을 사는 기분 을 들게 했던 게임 입니다 .,2020-04-19 16:21:35
377160,Fallout 4,positive,재밌다는 폴아웃 뉴베가스도 해봤지만.. 폴아웃4에 비하면 정말 재미없어서 못해먹겠더라... 폴아웃시리즈는 폴아웃4가 최고임!,재밌다는 폴아웃 뉴 베가스 도 해봤지만 .. 폴아웃 4 에 비 하면 정말 재미없어서 못 해 먹겠더라 ... 폴아웃 시리즈 는 폴아웃 4 가 최고 임 !,2020-04-19 10:53:22
377160,Fallout 4,positive,형들 한글번역 어떻게 하는지 도와줘 왈도쿤 으로 했는데 게임이 안켜져 p.s 한글패치 잘못해서 일어패치됨 살려주세요 형님들,형 들 한글 번역 어떻게 하는지 도와줘 왈도 쿤 으로 했는데 게임 이 안 켜져 p . s 한글패치 잘못 해서 일어 패치 됨 살려주세요 형님 들,2020-04-19 10:04:10
377160,Fallout 4,positive,76좆까~,76 좆 까 ~,2020-04-19 04:16:52
377160,Fallout 4,positive,"Nukyrim [noo-Kai-rim] 핵카이림 종합적으로 스카이림에 핵탄두 맞은 버전인데, 스카이림보다 아쉬운 부분이 많다. 만약 이 게임이 재미있다면 스카이림도 해 볼 것.","Nukyrim [ noo - Kai - rim ] 핵 카이 림 종합 적 으로 스카이림 에 핵탄두 맞은 버전 인데 , 스카이림 보다 아쉬운 부분 이 많다 . 만약 이 게임 이 재미있다면 스카이림 도 해 볼 것 .",2020-04-18 17:08:32
377160,Fallout 4,positive,EZ Game,EZ Game,2020-04-18 01:36:32
377160,Fallout 4,positive,전작이 아가리 털기 재밌는 게임이였다면 이번작은 총 싸지르기 재밌는 게임이다.,전작 이 아가리 털기 재밌는 게임 이 였다면 이 번작 은 총 싸지르기 재밌는 게임 이다 .,2020-04-15 20:57:14
377160,Fallout 4,positive,"여러모로 퇴화한 부분이 많다는 평을 들은 겜이지만, 그래도 전투부분에 있어선 매우 찰져져서 생각보다 지루하지 않았음","여러 모로 퇴화 한 부분 이 많다는 평 을 들은 겜 이지만 , 그래도 전투 부분 에 있어선 매우 찰져져서 생각 보다 지루하지 않았음",2020-04-15 16:16:30
377160,Fallout 4,positive,나는 이 게임을 하고싶다. 하지만 3D멀미로 인해 게임을 끄게 되었다. 체내 DNA구조를 바꿔 다시 평가하러 오도록 하겠다.,나 는 이 게임 을 하고싶다 . 하지만 3 D 멀미 로 인해 게임 을 끄게 되었다 . 체내 DNA 구조 를 바꿔 다시 평가 하러 오 도록 하겠다 .,2020-04-15 07:50:16
377160,Fallout 4,positive,베데가 항상 그렇듯 유저가 완성시킨 게임,베데가 항상 그렇듯 유저 가 완성 시킨 게임,2020-04-15 04:01:04
377160,Fallout 4,positive,폴아웃76도 스팀 올라왔는데 세일좀... 환불했는데 준나 후회하고 2달째 기다리는데 ㅋㅋ,폴아웃 76 도 스팀 올라왔는데 세 일 좀 ... 환불 했는데 준 나 후회 하고 2 달 째 기다리는데 ㅋㅋ,2020-04-14 20:45:37
377160,Fallout 4,positive,마음의 고향 시뮬레이션,마음 의 고향 시뮬레이션,2020-04-14 18:27:49
377160,Fallout 4,positive,폴아웃4를 한마디로 표현하자면 쓰레기이긴 한데 쓰레기통에 버리기 아까운 쓰레기 정도?,폴아웃 4 를 한마디 로 표현 하자면 쓰레기 이긴 한데 쓰레기통 에 버리기 아까운 쓰레기 정도 ?,2020-04-13 09:33:29
377160,Fallout 4,positive,그래도 포스트 아포칼립스 하면 Fallout 시리즈니까...,그래도 포스트 아포칼립스 하면 Fallout 시리즈 니까 ...,2020-04-12 21:43:43
377160,Fallout 4,positive,모드와 함깨라면 두렵지 않아,모드 와 함 깨라면 두렵지 않아,2020-04-12 15:44:41
377160,Fallout 4,positive,진짜 핵전쟁 이후 세상에서 사는 기분이 드네요.,진짜 핵전쟁 이후 세상 에서 사는 기분 이 드네 요 .,2020-04-11 09:51:17
377160,Fallout 4,positive,토드 하워드 사랑해요,토드 하워드 사랑 해요,2020-04-11 06:45:34
377160,Fallout 4,positive,핵폭탄 맞아보신분?,핵폭탄 맞아 보신 분 ?,2020-04-10 05:55:25
377160,Fallout 4,positive,전작들보다 액션성과 타격감이 훨씬 좋아졌다고 느낍니다. 이제 진짜 fps 게임을 하는 느낌이 나요 하지만 내러티브는 그냥 저냥 전작과 같거나 조금 더 못한 정도여서 스토리의 측면에서 다소 진부한 느낌을 받았지만 폴아웃 시리즈를 이걸로 처음 접하시는 분들은 꽤 즐기실 수 있을 것이라 생각합니다. 정말 오픈월드를 돌아다니며 fps 게임을 하는 느낌이 나는 몇 안되는 작품 중 하나라고 평가합니다,전작 들 보다 액션 성과 타 격감 이 훨씬 좋아졌다고 느낍니다 . 이제 진짜 fps 게임 을 하는 느낌 이 나요 하지만 내러티브 는 그냥 저 냥 전작 과 같거나 조금 더 못 한 정도 여서 스토리 의 측면 에서 다소 진부한 느낌 을 받았지만 폴아웃 시리즈 를 이 걸 로 처음 접 하시는 분 들 은 꽤 즐기실 수 있을 것 이라 생각 합니다 . 정말 오픈월드 를 돌아다니며 fps 게임 을 하는 느낌 이 나 는 몇 안되는 작품 중 하나 라고 평가 합니다,2020-04-10 03:31:23
377160,Fallout 4,positive,긋긋긋 굿,긋 긋 긋 굿,2020-04-08 16:52:08
377160,Fallout 4,positive,현실적인 판타지,현실 적 인 판타지,2020-04-08 02:52:17
377160,Fallout 4,positive,진짜 띵작 포스트아포칼립스 느끼고싶으면 기릿,진짜 띵작 포스트 아포칼립스 느끼고싶으면 기릿,2020-04-06 21:21:04
377160,Fallout 4,positive,뉴베 200시간한 사람으로서 이겜은 뉴베랑 폴3 즐긴사람이면 재밌게 뇌비우고 할수 있다. 그래도 염병할 라드로치랑 모기새끼는 좀 그래,뉴베 200시간 한 사람 으로서 이 겜 은 뉴베 랑 폴 3 즐긴 사람 이 면 재밌게 뇌 비우고 할수 있다 . 그래도 염병할 라드 로치 랑 모 기 새끼 는 좀 그래,2020-04-06 11:07:33
377160,Fallout 4,positive,별로안해봐서모르겠는데 아직할만함,별 로안 해봐서 모르겠는데 아직 할만 함,2020-04-04 19:48:47
377160,Fallout 4,positive,너... 신스지....,너 ... 신스 지 ....,2020-04-01 19:17:26
377160,Fallout 4,positive,"잊을만하면 잡고, 잊을만하면 또 잡기 좋음","잊을 만하 면 잡고 , 잊을 만하 면 또 잡기 좋음",2020-04-01 00:09:59
377160,Fallout 4,positive,다 좋은데 한글화 좀 정식으로 해줘라 하다못해 팀 왈도를 영입하든가,다 좋은데 한글화 좀 정식 으로 해줘라 하다못해 팀 왈도 를 영 입 하든 가,2020-03-31 22:12:38
377160,Fallout 4,positive,1,1,2020-03-31 19:58:46
377160,Fallout 4,positive,"9 / 10 포스트 아포칼립스도 싫고, 총질게임도 안 좋아한다. RPG라면 칼질하고 마법을 날려야지 하고 생각했었다. 그래도 하도 폴아웃, 폴아웃 하길래 한번 해봤다. 조오온나 재밌었다.","9 / 10 포스트 아포칼립스 도 싫고 , 총 질 게임 도 안 좋아한다 . RPG 라면 칼질 하고 마법 을 날려야지 하고 생각 했었다 . 그래도 하도 폴아웃 , 폴아웃 하길래 한번 해봤다 . 조 오온 나 재밌었다 .",2020-03-31 16:38:25
377160,Fallout 4,positive,'재미있기는 해요 하지만 재미만 있어요' 하지만 파하버 만큼은 바지에 오줌 지림 ㄷㄷ,' 재미있기는 해 요 하지만 재미 만 있어요 ' 하지만 파 하버 만큼은 바지 에 오줌 지림 ㄷㄷ,2020-03-31 15:53:17
377160,Fallout 4,positive,병신게임 버그도 안고치고 한글화도 안하고 최적화는 개쓰레기에 스토리도 빙신같음 근데 자꾸 하게 만드네 아ㅋㅋ,병신 게임 버그 도 안고 치고 한글화 도 안 하고 최적화 는 개 쓰레기 에 스토리 도 빙신 같음 근데 자꾸 하게 만드 네 아 ㅋㅋ,2020-03-30 18:47:08
377160,Fallout 4,positive,재밌는 똥겜,재밌는 똥겜,2020-03-30 12:02:58
377160,Fallout 4,positive,"그냥 해도 무난하게 재미있는 게임이지만, 모드를 깔기시작하면 100시간? 1000시간? 은 가볍게 뛰어넘을 수 있을것입니다!","그냥 해도 무난 하게 재미있는 게임 이지만 , 모드 를 깔기 시작 하 면 100시간 ? 1000시간 ? 은 가볍게 뛰어넘을 수 있을것 입니다 !",2020-03-28 23:58:12
377160,Fallout 4,positive,fps와 rpg가 같이 들어있으면서 다양한 스토리를 즐길 수 있는게 너무 좋음.,fps 와 rpg 가 같이 들어있으면서 다양한 스토리 를 즐길 수 있는게 너무 좋음 .,2020-03-28 16:33:19
377160,Fallout 4,positive,확실히 재미는 있습니다. 지금도 간간히 생각나면 시간가는줄 모르고 플레이하네요.,확실히 재미 는 있습니다 . 지금 도 간간히 생각나면 시간 가는줄 모르고 플레이 하네요 .,2020-03-28 01:33:27
377160,Fallout 4,positive,"개인적으로 포스트 아포칼립스 분위기를 매우 좋아하는지라, 게임 자체는 매우 만족입니다. 덤으로 하우징(빌리징) 요소도 꽤 만족스러웠고요... 수익모델이 좀 모자랐는지 모드 가격정책으로 장난질하는건 맘에 안들지만 역시 그래도 게임 자체는 수작이니 따봉 드립니다.","개인 적 으로 포스트 아포칼립스 분위기 를 매우 좋아하는지라 , 게임 자체 는 매우 만족 입니다 . 덤 으로 하우 징 ( 빌리 징 ) 요소 도 꽤 만족스러웠고요 ... 수익모델 이 좀 모자랐는지 모드 가격 정책 으로 장난 질하는건 맘 에 안 들 지만 역시 그래도 게임 자체 는 수작 이니 따 봉 드립니다 .",2020-03-26 01:00:10
377160,Fallout 4,positive,100시간 넘게 날 즐겁게 해 준 게임.,100시간 넘게 날 즐겁게 해 준 게임 .,2020-03-25 03:45:31
377160,Fallout 4,positive,": ★★★☆ : 폴아웃 시리즈는 처음이었는데, 초반엔 나름 재밌음. : 선택 장애 있는 사람들은 하기 힘든 게임... : 서브퀘 남는거도 찜찜해서 다 하다보니 결국 지겨워서 마지막엔 스토리만 달리게 됐다. : 베데스다 게임하고는 잘 안맞는듯... : 그래도 스카이림에 비해서는 모드 깔기 편해서 좋았다.",": ★★★☆ : 폴아웃 시리즈 는 처음 이었는데 , 초반 엔 나름 재밌음 . : 선택 장애 있는 사람 들 은 하기 힘든 게임 ... : 서브 퀘 남는거도 찜찜해서 다 하다 보니 결국 지겨워서 마지막 엔 스토리 만 달리 게 됐다 . : 베데스다 게임 하고는 잘 안 맞는듯 ... : 그래도 스카이림 에 비 해서는 모드 깔기 편해서 좋았다 .",2020-03-24 21:33:23
377160,Fallout 4,positive,재미없어요...,재미없어요 ...,2020-03-24 20:23:46
377160,Fallout 4,positive,"폴아웃 4. 베데스다 게임 스튜디오의 작품. 엘더스크롤 시리즈와 폴아웃 3을 만든 회사의 게임. 사기꾼 ""토드 하워드""가 직접 만든 게임. 핵전쟁이 일어났답니다. 그래서 당신은 볼트에 피신했답니다. 그런데 볼트에서 나를 30년 묵은 꽁치마냥 냉동인간으로 만들어버리는 군요! 놀랍게도 어떤 놈이 당신의 아들을 납치해갔어요. 당신은 분노합니다. 당신은 복수하고 싶어합니다. 하지만 내 아들을 납치한 친구가 나를 다시 냉동인간으로 만드는군요? 어느덧 시간은 2077년이 되었습니다. 어떤 평행세계에서는 세계가 망하지 않고 싸이버-펑크 천지가","폴아웃 4 . 베데스다 게임 스튜디오 의 작품 . 엘더스크롤 시리즈 와 폴아웃 3 을 만든 회사 의 게임 . 사기꾼 "" 토드 하워드 "" 가 직접 만든 게임 . 핵전쟁 이 일어났답니다 . 그래서 당신 은 볼트 에 피신 했답니다 . 그런데 볼트 에서 나를 30년 묵은 꽁치 마냥 냉동인간 으로 만들어 버리는 군요 ! 놀랍게도 어떤 놈 이 당신 의 아들 을 납치 해 갔어요 . 당신 은 분노합니다 . 당신 은 복수 하고 싶어 합니다 . 하지만 내 아들 을 납치 한 친구 가 나를 다시 냉동인간 으로 만드는군요 ? 어느덧 시간 은 2077년 이 되었습니다 . 어떤 평행 세계 에서는 세계 가 망하지 않고 싸이버 - 펑크 천지 가",2020-03-24 02:01:12
377160,Fallout 4,positive,확실히 재미는 있습니다.,확실히 재미 는 있습니다 .,2020-03-23 22:15:41
377160,Fallout 4,positive,꿀잼,꿀잼,2020-03-21 20:47:00
377160,Fallout 4,positive,76보다 좋다,76 보다 좋다,2020-03-20 20:30:27
377160,Fallout 4,positive,유튜브로 먼저 보면 개노잼인 것 같음 게임성은 모드 깔면 갓겜됨 8/10,유튜브 로 먼저 보면 개 노잼 인 것 같음 게임 성은 모드 깔면 갓 겜 됨 8/10,2020-03-19 21:36:54
377160,Fallout 4,positive,"스토리게임으로는 분명 뉴베가스에 밀리지만, 액션성, 특히 FPS로 크게 발전했다. 계속되는 모드는 게임을 하고 또 하게 만든다. 돈 쓴값을 충분히 한다. 나는 갓겜이라고 생각한다.","스토리 게임 으로는 분명 뉴 베가스 에 밀리 지만 , 액션 성 , 특히 FPS 로 크게 발전 했다 . 계속 되는 모드 는 게임 을 하고 또 하게 만든다 . 돈 쓴 값 을 충분히 한다 . 나 는 갓 겜 이라고 생각 한다 .",2020-03-19 21:34:01
377160,Fallout 4,positive,버그만 없으면 정말 갓겜인데 버그가 좀 많아서 문제 ㅋㅋㅋㅋㅋㅋㅋ,버그 만 없으면 정말 갓 겜 인데 버그 가 좀 많아서 문제 ㅋㅋㅋㅋㅋㅋㅋ,2020-03-19 17:15:03
377160,Fallout 4,positive,.,.,2020-03-19 06:28:40
377160,Fallout 4,positive,재미있는데 노잼인듯한 그런게임입니다,재미있는데 노잼 인 듯 한 그런 게임 입니다,2020-03-18 22:19:46
377160,Fallout 4,positive,명성에 비해 그렇게 재밌다고 보긴 어렵다고 생각이 들음. 전형적인 한국식 주입식교육에 맞춰져서 너무 자유로우면 뭘 해야되지 싶은 그런 느낌.,명성 에 비해 그렇게 재밌다고 보긴 어렵다고 생각 이 들음 . 전형 적 인 한국 식 주입 식 교육 에 맞춰져서 너무 자유로우면 뭘 해야되 지 싶은 그런 느낌 .,2020-03-18 14:22:15
377160,Fallout 4,positive,오늘도 구한다 정착지,오늘 도 구한 다 정착 지,2020-03-18 12:51:09
377160,Fallout 4,positive,"모드가 있다면 갓겜이요, 없다면,.","모드 가 있다면 갓 겜 이 요 , 없다면 ,.",2020-03-18 11:09:21
377160,Fallout 4,positive,이게임에 장점은 타게임들은 스토리혹은 임무수행중 다른곳을 탐험하는것이 불가능하지만 폴아웃4는 퀘스트 진행중에도 딴데서 놀면서 돌아다닐수있는 오픈월드를 잘살린것같습니다 물론 베데스다 게임답게 단점도 당연히 있겠죠.. 34인치모니터쓰는중인데 전체화면이안됩니다.. 버그가 너무심합니다. 하지만 전 버그도 유머러스하게 넘어갈수있습니다(?) 하지만 다른 유저분들은 사시기 전에 꼭 감안하세요 ㅎㅎ,이 게임 에 장점 은 타 게임 들 은 스토리 혹은 임무 수행 중 다른 곳 을 탐험 하는것이 불가능하지만 폴아웃 4 는 퀘스트 진행중 에도 딴데서 놀면서 돌아다닐수있는 오픈월드 를 잘 살린것 같습니다 물론 베데스다 게임 답 게 단점 도 당연히 있겠죠 .. 34 인치 모니터 쓰는 중 인데 전체 화면 이 안됩니다 .. 버그 가 너 무심합니다 . 하지만 전 버그 도 유머러스하게 넘어갈수있습니다 (?) 하지만 다른 유저 분들 은 사 시기 전 에 꼭 감안 하세요 ㅎㅎ,2020-03-16 21:42:09
377160,Fallout 4,positive,모드가 최고야,모드 가 최고 야,2020-03-16 19:10:09
377160,Fallout 4,positive,게임에서 여러가지 미래를 볼수있는데 내 미래는 안보이는듯,게임 에서 여러가지 미래 를 볼수있는데 내 미래 는 안 보이는듯,2020-03-16 12:19:14
377160,Fallout 4,positive,명불허전이네요,명불허전 이네 요,2020-03-16 00:31:16
377160,Fallout 4,positive,묘하게 끌린다,묘 하게 끌린다,2020-03-15 11:50:09
377160,Fallout 4,positive,꿀잼,꿀잼,2020-03-15 01:23:20
377160,Fallout 4,positive,갓겜이다 말이 필요가 없다.,갓 겜 이다 말 이 필요 가 없다 .,2020-03-15 01:21:25
377160,Fallout 4,positive,전작보다 스토리가 부족하지만 그래도 오픈월드게임으로서는 재미있네요.,전작 보다 스토리 가 부족하지만 그래도 오픈월드 게임 으로서는 재미있네요 .,2020-03-14 06:37:13
377160,Fallout 4,positive,"폴아웃: 뉴 베가스를 보고 '탄탄한 스토리, 세세한 설정, 멋진 NPC'가 아닌 '나쁜 그래픽, 수많은 버그'를 보고 배운 베데스다의 폴아웃 정식 후속작, 폴아웃 4입니다. 넥서스모드에서 1분이면 받을 수 있는 버그 픽스를 무려 5년 이상 현재진행형으로 방치하고 있는 베데스다를 보며 플레이어들은 미국 보스턴에 핵이 떨어진 것인지 베데스다 본사에 핵이 떨어진 것인지 헷갈릴 수 있습니다. 수많은 무기와 캐릭터, 맵 추가에다 그래픽 개선, 해상도 지원에 애니메이션까지 수정하는 모드들을 보며 게이머들과 모더들이 이 슈퍼 뮤턴트 대가리들을","폴아웃 : 뉴 베가스 를 보고 ' 탄탄한 스토리 , 세세한 설정 , 멋진 NPC ' 가 아닌 ' 나쁜 그래픽 , 수많은 버그 ' 를 보고 배운 베데스다 의 폴아웃 정식 후속작 , 폴아웃 4 입니다 . 넥서스 모드 에서 1분 이면 받을 수 있는 버그 픽스 를 무려 5년 이상 현재 진행형 으로 방치 하고 있는 베데스다 를 보며 플레이어 들 은 미국 보스턴 에 핵 이 떨어진 것 인지 베데스다 본사 에 핵 이 떨어진 것 인지 헷갈릴 수 있습니다 . 수많은 무기 와 캐릭터 , 맵 추가 에다 그래픽 개선 , 해상도 지원 에 애니메이션 까지 수정 하는 모드 들 을 보며 게이머 들 과 모 더 들 이 이 슈퍼 뮤턴트 대가리 들 을",2020-03-13 22:47:46
377160,Fallout 4,positive,내가 게임을 하는건지 보수공사를 하는건지 모르겠는 게임,내 가 게임 을 하는 건지 보수 공사 를 하는 건지 모르겠는 게임,2020-03-13 18:36:55
377160,Fallout 4,positive,말도 많고 탈도 많은 폴아웃4지만 그래도 세일때 사면 후회는 안함 솔직히 뉴베나 폴3처럼 탐험하는 맛이나 내 선택에 따라 게임이 변하는 그런 맛은 조금 덜해도 역시 폴아웃 시리즈 라는 말이 나오는 자유도와 정신나간 무기 및 세력들 그리고 세력간 대립이 재미있습니다 진짜 베데스타는 한글화만 해주지 ...,말 도 많고 탈 도 많은 폴아웃 4 지만 그래도 세 일 때 사면 후회 는 안함 솔직히 뉴베 나 폴 3 처럼 탐험 하는 맛 이나 내 선택 에 따라 게임 이 변하는 그런 맛 은 조금 덜해도 역시 폴아웃 시리즈 라는 말 이 나오는 자유도 와 정신 나간 무기 및 세력 들 그리고 세력 간 대립 이 재미있습니다 진짜 베데 스타 는 한글화 만 해주지 ...,2020-03-13 16:34:01
377160,Fallout 4,positive,자잘한 버그 제외하면 진짜 갓겜..,자잘한 버그 제외 하면 진짜 갓 겜 ..,2020-03-12 05:31:01
377160,Fallout 4,positive,조금 재밌네,조금 재밌네,2020-03-11 22:48:26
377160,Fallout 4,positive,재미땅!,재미 땅 !,2020-03-11 19:50:53
377160,Fallout 4,positive,"말이 필요하랴.. 시원 시원한 액션을 좋아하는 사람들에게는 최악의 게임이지만, 모험과 생존, 베데스다류 오픈월드를 좋아하는 사람들이라면 모드 깔지 않고 100시간, 모드 깔고 500시간도 껌이다. 업데이트 하면 모드 삽돼서 다시 깔기 x나 귀찮기 때문에 복돌로 한 시간이 1000시간은 넘을걸로 예상하지만, 컴을 바꾸게 되면서 전에 깔아놨던 파일이 날라가서 다시 정품 플레이중이다. 옛날 처럼 업데이트를 자주 해서 모드를 망치지 않으니, 맘 놓고 정품으로 모드 깔아놓고 플레이 하기 바랍니다.","말 이 필요하랴 .. 시원 시원한 액션 을 좋아하는 사람 들 에게는 최악 의 게임 이지만 , 모험 과 생존 , 베데스다 류 오픈월드 를 좋아하는 사람 들이라면 모드 깔지 않고 100시간 , 모드 깔고 500시간 도 껌 이다 . 업데이트 하면 모드 삽 돼서 다시 깔기 x 나 귀찮기 때문 에 복돌 로 한 시간 이 1000시간 은 넘을걸 로 예상 하지만 , 컴 을 바꾸게 되면서 전 에 깔아놨던 파일 이 날라가서 다시 정품 플레이 중 이다 . 옛날 처럼 업데이트 를 자주 해서 모드 를 망치 지 않으니 , 맘 놓고 정품 으로 모드 깔아놓고 플레이 하기 바랍니다 .",2020-03-11 18:08:12
377160,Fallout 4,positive,10점만점에 5점,10 점 만점 에 5 점,2020-03-10 22:29:13
377160,Fallout 4,positive,폴아웃 시리즈 돌잡이로 4를 처음 했는데 생각보다 재밌었음. 동료 한명만 고르기 힘들어서 여러명 데리고 다니는 모드랑 애들 와꾸 깔쌈하게 바꿔주는 모드 등 사용함. 스토리는....음 개인적으로 겜 성향이 예스맨인데 아 여기구먼! 싶은 팩션이 없어서 조금 아쉬웠다. 뉴베가 그렇게 재밌다길래 그래픽 감안하고 한번 해보려고 함... 암튼 결론은 맥크레디가 귀여움.,폴아웃 시리즈 돌잡이 로 4 를 처음 했는데 생각 보다 재밌었음 . 동료 한 명 만 고르기 힘들어서 여러 명 데리 고 다니는 모드 랑 애 들 와 꾸 깔 쌈하게 바꿔주는 모드 등 사용 함 . 스토리 는 .... 음 개인 적 으로 겜 성향 이 예스맨 인데 아 여기구먼 ! 싶은 팩션 이 없어서 조금 아쉬웠다 . 뉴 베가 그렇게 재밌다길래 그래픽 감안 하고 한번 해보려고 함 ... 암튼 결론 은 맥 크 레디 가 귀 여 움 .,2020-03-10 17:35:52
377160,Fallout 4,positive,재밌음 ㅇㅇ 아드 빅토리암,재밌음 ㅇㅇ 아드 빅토 리암,2020-03-09 19:53:54
377160,Fallout 4,positive,아직 몇 시간 밖에 못했지만 못해 본게 많이 있네요 ㅎㅎ,아직 몇 시간 밖에 못 했지만 못 해 본게 많이 있네요 ㅎㅎ,2020-03-09 16:58:07
377160,Fallout 4,positive,시간도둑,시간 도둑,2020-03-08 23:11:00
377160,Fallout 4,positive,tprtm,tprtm,2020-03-08 22:36:45
377160,Fallout 4,positive,"""이 게임은 절대 변하지 않아"" 같은 회사에 게임인 스카이림과 함께 RPG 장르형 게임계에 레전드한 작품이다. 인류가 멸망하고 난 뒤에 수백년이 지난 후에 미래 그 세상은 매우 참흑하고 무법천지 이면서 법이라는 것은 사람의 오줌보다도 중요치 않은 세상 그러한 세상을 아주 맞깔나게 표현한 게임이 바로 이 게임이다. 자신만의 길을 개척하면서 새로운 제 2의 삶을 사는 내용 비록 너무 허접스러운 모션과 몇몇 특유의 짜증나는 NPC (mintman fuck) 그리고 정말 짜증나는 반전(이 게임을 한 사람이면 이게 뭔 말인지 알거나 안 한",""" 이 게임 은 절대 변하지 않아 "" 같은 회사 에 게임 인 스카이림 과 함께 RPG 장르 형 게임 계 에 레전드 한 작품 이다 . 인류 가 멸망하고 난 뒤 에 수 백년 이 지난 후 에 미래 그 세상 은 매우 참 흑하 고 무법천지 이면 서 법 이라는 것 은 사람 의 오줌 보다도 중요 치 않은 세상 그러한 세상 을 아주 맞 깔나게 표현 한 게임 이 바로 이 게임 이다 . 자신 만의 길 을 개척 하면서 새로운 제 2 의 삶 을 사는 내용 비록 너무 허접스러운 모션 과 몇몇 특유 의 짜증나는 NPC ( mintman fuck ) 그리고 정말 짜증나는 반전 ( 이 게임 을 한 사람 이면 이 게 뭔 말 인지 알거나 안 한",2020-03-08 08:35:15
377160,Fallout 4,positive,개굳 ㄹㅇ 굳,개 굳 ㄹㅇ 굳,2020-03-08 00:45:03
377160,Fallout 4,positive,게임을 잘 몰라서 구매를 망설이고 있다면 당장 구매하라. 설령 플레이한 후 구매를 후회하더라도 걱정 하지마라. 당신은 충분히 게임을 즐겼음에 틀림없기 때문이다. RPG를 좋아하는 게이머라면 분명 좋아할 작품이다. 자잘한 버그와 어색한 모션이 아쉽기는 하지만 그럼에도 당신은 플레이 하게 될 것이다. 게임을 모두 클리어 했다면 모드를 적용해서 다시 클리어하라. 모드를 적용해서 클리어 했다면 잠시 다른 게임을 했다가 돌아와서 새로운 모드를 적용하라. 게임을 계속해서 플레이 하고 또 플레이하라. ‘폴아웃5‘가 나올 때 까지. ★★★★★,게임 을 잘 몰라서 구매 를 망설이고 있다면 당장 구매 하라 . 설령 플레이 한 후 구매 를 후회 하더라도 걱정 하지마라 . 당신 은 충분히 게임 을 즐겼 음 에 틀림없기 때문 이다 . RPG 를 좋아하는 게이머 라면 분명 좋아할 작품 이다 . 자잘한 버그 와 어색한 모션 이 아쉽 기는 하지만 그럼에도 당신 은 플레이 하게 될 것 이다 . 게임 을 모두 클리어 했다면 모드 를 적용 해서 다시 클리어 하 라 . 모드 를 적용 해서 클리어 했다면 잠시 다른 게임 을 했다가 돌아와서 새로운 모드 를 적용 하 라 . 게임 을 계속 해서 플레이 하고 또 플레이 하라 . ‘ 폴아웃 5 ‘ 가 나올 때 까지 . ★★★★★,2020-03-07 23:32:45
377160,Fallout 4,positive,D,D,2020-03-07 21:17:34
377160,Fallout 4,positive,여전히 넘 어렵지만 재밌써용,여전히 넘 어렵지만 재밌 써용,2020-03-07 20:47:31
377160,Fallout 4,positive,rktrpta,rktrpta,2020-03-07 15:13:16
377160,Fallout 4,positive,7일간 꾸준히 플레이하여 엔딩을 보았습니다 보아하니 엔딩이 더 있는거같던데 ( 총 4가지 기본이고 히든엔딩도 있따던데) 스포라서 자세히 설명은 안하겠습니다 오픈월드형 생존액션게임인데 전 베데스다 게임을 스카이림과 폴아웃 이 2가지밖에 안해봤습니다 개인적으로 베데스다 게임 입문작으로 폴아웃 4를 추천합니다 상당히 재밌게했네요 나머지 엔딩을 보고 싶기도 하고 중간마다 놓친 서브퀘스트들도 있어 나중에 시간날떄 더 할수있을지 모르겠지만 ( 다른 게임도 하고싶고.. 일도 있고 바쁘다..) 장점으로선 각 인물들과의 대화시 다양한 4가지의 선택,7일 간 꾸준히 플레이 하여 엔딩 을 보았습니다 보아 하니 엔딩 이 더 있는거 같던데 ( 총 4 가지 기본 이고 히든 엔딩 도 있 따던데 ) 스포 라서 자세히 설명 은 안 하겠습니다 오픈월드 형 생존 액션게임 인데 전 베데스다 게임 을 스카이림 과 폴아웃 이 2 가지 밖에 안 해봤습니다 개인 적 으로 베데스다 게임 입문 작 으로 폴아웃 4 를 추천 합니다 상당히 재밌게 했네요 나머지 엔딩 을 보고 싶기도 하고 중간 마다 놓친 서브 퀘스트 들 도 있어 나중 에 시간 날떄 더 할수있을지 모르겠지만 ( 다른 게임 도 하고싶고 .. 일도 있고 바쁘다 ..) 장점 으로선 각 인물 들 과의 대화 시 다양한 4 가지 의 선택,2020-03-07 11:26:10
377160,Fallout 4,positive,1회차는 레일로드지 ㅋㅋ,1회 차는 레일로드 지 ㅋㅋ,2020-03-06 22:22:45
377160,Fallout 4,positive,할만함,할만 함,2020-03-06 03:00:11
377160,Fallout 4,positive,나는 게임하면서 탐험하고 여기저기 돌아다니는 것을 좋아하기 때문에 스카이림을 재밌게 했고 이 겜도 유사 스카이림이어서 재밌긴하다. 근데 그게 다다 메인 스토리와 대화 시스템은 뉴 베가스보다 못하다. 메인 스토리는 거의 일직선 진행의 뉴베가스와 비교하긴 그렇다 쳐도 올드 폴아웃 특유의 스탯에 따라 달라지는 대화 선택지가 마음에 들었는데 이상하게 바꿔놨다. 서브 스토리는 스카이림보다 못하다. 스카이림은 어딜 가든 장소에 관련된 작은 이야기들이 있고 흥미로워서 여러군데를 돌아다니고 싶었는데 이 겜은 그런건 별로 없고 어딜 가든 구울아니,나 는 게임 하면서 탐험 하고 여기저기 돌아다니는 것 을 좋아하기 때문 에 스카이림 을 재밌게 했고 이 겜 도 유사 스카이림 이어서 재밌긴하다 . 근데 그게 다다 메인 스토리 와 대화 시스템 은 뉴 베가스 보다 못 하다 . 메인 스토리 는 거의 일직선 진행 의 뉴 베가스 와 비교 하긴 그렇다 쳐도 올드 폴아웃 특유 의 스탯 에 따라 달라지는 대화 선택 지 가 마음 에 들었는데 이상하게 바꿔놨다 . 서브 스토리 는 스카이림 보다 못 하다 . 스카이림 은 어딜 가든 장소 에 관련 된 작은 이야기 들 이 있고 흥미로워서 여러 군데 를 돌아다니고 싶었는데 이 겜 은 그런건 별로 없고 어딜 가든 구울 아니,2020-03-06 00:18:56
377160,Fallout 4,positive,정말 재밌게 플레이 했다. 나온지 오래된 게임이라 할인율이 상당히 좋기 때문에 할인할때 사는 것 추천. 그리고 사려면 모든 DLC를 같이 사야한다. 버그 패치 모드를 깔려면 모든 DLC가 있어야하기 때문.,정말 재밌게 플레이 했다 . 나온지 오래된 게임 이라 할인 율 이 상당히 좋기 때문 에 할인 할 때 사는 것 추천 . 그리고 사려 면 모든 DLC 를 같이 사야 한다 . 버그 패치 모드 를 깔려면 모든 DLC 가 있어 야하기 때문 .,2020-03-05 21:56:21
377160,Fallout 4,positive,역시 폴아웃이네요 잼있엇습니다 언제 2회차 할지는 모르겠어요 ㅋㅋ,역시 폴아웃 이네 요 잼있엇습니 다 언제 2회 차 할지는 모르겠어요 ㅋㅋ,2020-03-05 20:20:28
377160,Fallout 4,positive,"폴3,뉴베가스보다 훨~~~~~씬 재밌음","폴 3 , 뉴 베가스 보다 훨 ~~~~~ 씬 재밌음",2020-03-05 06:40:38
377160,Fallout 4,positive,재밌는데 완성도가 떨어지는 부분이 많네요. 그래도 꽤나 수작입니다.,재밌는데 완성 도 가 떨어지는 부분 이 많네요 . 그래도 꽤 나 수작 입니다 .,2020-03-04 17:04:58
377160,Fallout 4,positive,좋음.,좋음 .,2020-03-02 21:31:59
377160,Fallout 4,positive,"다른 사람들 말로는 버그 투성이라는데, 저는 한번도 버그를 겪은적이 없어요. 있는데 모르는건지... 폴아웃 특유의 누리끼리한 하늘과 분위기가 많이 약해져서 아쉽긴 해요. 그래도 게임은 재밌고 잘 만들었어요. 초반에는 총알도 돈도 없어서 쉽지 않은데, 중후반 가면 파워아머 입고 유니크 총 들고 다니면 난이도가 많이 쉬워져요. 전작인 3나 뉴베가스에서는 무기 종류가 많아서 그걸 모으는 재미가 있었는데 여기선 무기 종류가 줄어들고 총기 커스터마이징이 생겼어요. 마음이 아파요.","다른 사람 들 말 로는 버그 투성이 라는 데 , 저 는 한번 도 버그 를 겪은 적 이 없어요 . 있는데 모르는 건지 ... 폴아웃 특유 의 누리 끼리 한 하늘 과 분위기 가 많이 약해져서 아쉽긴 해 요 . 그래도 게임 은 재밌고 잘 만들었어요 . 초반 에는 총알 도 돈 도 없어서 쉽지 않은데 , 중후 반 가면 파워 아 머 입고 유니크 총 들고 다니면 난이도 가 많이 쉬워져요 . 전작 인 3 나 뉴 베가스 에서는 무기 종류 가 많아서 그걸 모으는 재미 가 있었는데 여 기선 무기 종류 가 줄어들고 총기 커스터 마이 징 이 생겼어요 . 마음 이 아파요 .",2020-03-02 11:59:48
377160,Fallout 4,positive,버그망겜이지만 모드질도 하면서 이것저것 하다보면 이만큼 재밌는 게임도 없다,버그 망겜 이지만 모드 질도 하면서 이 것 저 것 하다 보면 이 만큼 재밌는 게임 도 없다,2020-03-02 01:54:35
377160,Fallout 4,positive,버그도 많고 단점도 꽤 보이지만 싱글플레이 RPG 좋아하고 FPS 좋아하고 방치되서 맘대로 가는거 좋아한다면 최고의 게임입니다.,버그 도 많고 단점 도 꽤 보이 지만 싱글플레이 RPG 좋아하고 FPS 좋아하고 방치 되서 맘대로 가는거 좋아한다면 최고 의 게임 입니다 .,2020-02-29 18:50:52
377160,Fallout 4,positive,요거만한 게임없다,요 거만 한 게임 없다,2020-02-29 10:53:59
377160,Fallout 4,positive,우와! 역시 베데스다!!! 그리고 역시 베데스다.....어휴,우와 ! 역시 베데스다 !!! 그리고 역시 베데스다 ..... 어휴,2020-02-28 16:39:10
377160,Fallout 4,positive,재밌긴한데 너무 대충만든것 같음 ㄹㅇ버그 많고 한글패치야 하면되는거긴 한데 끝까지 안해주는건;;,재밌긴한데 너무 대충 만든것 같음 ㄹㅇ 버그 많고 한글패치 야 하면 되는거긴 한데 끝 까지 안 해주는건 ;;,2020-02-28 13:00:07
377160,Fallout 4,positive,한글 정발은 대체 언제해주는것?,한글 정발 은 대체 언제 해주는것 ?,2020-02-28 01:59:06
377160,Fallout 4,positive,재 밌 다!,재 밌 다 !,2020-02-27 09:10:28
377160,Fallout 4,positive,아쉽지만 그럭저럭 할만해 폴5는 더 신경써서 만들어줘,아쉽지만 그럭저럭 할 만해 폴 5 는 더 신경 써서 만들어줘,2020-02-27 02:03:04
377160,Fallout 4,positive,똥오줌이라고 욕해도....,똥 오줌 이라고 욕 해도 ....,2020-02-26 22:35:03
377160,Fallout 4,positive,real god game bbb,real god game bbb,2020-02-25 19:03:06
377160,Fallout 4,positive,선택지가 줄어들긴 했지만 확실히 탐험하는 재미가 있음,선택 지 가 줄어들긴 했지만 확실히 탐험 하는 재미 가 있음,2020-02-25 18:31:18
377160,Fallout 4,positive,낙진4,낙진 4,2020-02-25 16:34:54
377160,Fallout 4,positive,솔직히 스토리는 조금 뭐 하지만 (특히 누카월드) 오픈월드의 재미만큼은 보장,솔직히 스토리 는 조금 뭐 하지만 ( 특히 누카 월드 ) 오픈월드 의 재미 만큼은 보장,2020-02-24 21:42:02
377160,Fallout 4,positive,왜 지루해하고 있는거야? 소난다.. 장군님 반복퀘 넣을께...,왜 지루해하고 있는거야 ? 소 난다 .. 장군 님 반복 퀘 넣을께 ...,2020-02-24 19:23:54
377160,Fallout 4,positive,모드를 안깔면 재밌습니다. 근데 모드를 깔아도 재밌습니다. 모드를 깔아놓고 다 지운후에 다시해도 재밌습니다.,모드 를 안 깔면 재밌습니다 . 근데 모드 를 깔아도 재밌습니다 . 모드 를 깔아놓고 다 지운 후 에 다시 해도 재밌습니다 .,2020-02-24 07:46:54
377160,Fallout 4,positive,엔딩이 조금 허무하긴 하지만 참 재미있게 했습니다.,엔딩 이 조금 허무하긴 하지만 참 재미있게 했습니다 .,2020-02-24 02:01:09
377160,Fallout 4,positive,재밌-다,재밌 - 다,2020-02-24 00:42:18
377160,Fallout 4,positive,망겜입니다,망겜 입니다,2020-02-23 19:13:01
377160,Fallout 4,positive,갓겜,갓 겜,2020-02-23 09:59:28
377160,Fallout 4,positive,76보다 꾸르잼임,76 보다 꾸르잼임,2020-02-22 22:11:01
377160,Fallout 4,positive,제값주고사면 흑흑우인거 아시죠?,제 값 주 고사 면 흑 흑우 인거 아시 죠 ?,2020-02-22 14:15:28
377160,Fallout 4,positive,그저 빛아웃..,그저 빛 아웃 ..,2020-02-22 11:10:10
377160,Fallout 4,positive,재미는 있는데 개잘튕김,재미 는 있는데 개잘튕김,2020-02-22 08:25:54
377160,Fallout 4,positive,"좋은 인생게임... 스팀에서 게임 실행전에 다중모니터 사용자를 위한 모니터 선택 설정메뉴가 생겼으면 좋겠네요. ex)폴아웃 런쳐에서 1번 모니터, 2번 모니터, 3번 모니터중에서 원하는 모니터를 선택후 게임플레이 가능케하기 혹은 다중 모니터 사용자를 위한 화면 분할 시스템이 있으면 좋겠네요 ex) 1번 모니터에선 기존의 폴아웃 화면. 2번 모니터에선 지도나 핍보이 화면, 3번 모니터에선 엑티브 비쥬얼신 전용화면(케릭터모습에 대한 카메라 위치 선택..등등)","좋은 인생게임 ... 스팀 에서 게임 실행 전 에 다중모니터 사용자 를 위 한 모니터 선택 설정 메뉴 가 생겼으면 좋겠네요 . ex ) 폴아웃 런쳐 에서 1 번 모니터 , 2 번 모니터 , 3 번 모니터 중 에서 원하는 모니터 를 선택 후 게임 플레이 가능 케 하기 혹은 다중 모니터 사용자 를 위 한 화면 분할 시스템 이 있으면 좋겠네요 ex ) 1 번 모니터 에선 기존 의 폴아웃 화면 . 2 번 모니터 에선 지도 나 핍 보이 화면 , 3 번 모니터 에선 엑티브 비쥬 얼신 전 용화면 ( 케릭 터 모습 에 대한 카메라 위치 선택 .. 등등 )",2020-02-21 23:51:04
377160,Fallout 4,positive,베데스다 입문작으로는 좋았고 꾸준히 했었지만 뉴베가스와 스카이림을 만난 이후 평가가 떡락해버린 작품 그래도 재밌어요,베데스다 입문 작 으로는 좋았고 꾸준히 했었지만 뉴 베가스 와 스카이림 을 만난 이후 평가 가 떡락 해 버린 작품 그래도 재밌어요,2020-02-18 18:35:53
377160,Fallout 4,positive,뉴베가스 리마스터 내놔라,뉴 베가스 리 마스터 내놔라,2020-02-18 16:19:05
377160,Fallout 4,positive,"약 스포 주의 평소 유튜브나 지인들에게 소식만 듣다가 최근에 구매해 플레이해봤습니다. 100시간 정도 플레이 해본 결과 생존과 시뮬레이션 장르를 즐겨하는 제게 이만큼 좋은 게임이 없을 수 없었습니다. 게임의 기본적인 내용은 미중전쟁이 핵전쟁으로 번지며 멸망해 200년 후 세력이 찢겨버린 미국을 배경으로 하고 있습니다. 주인공은 200년간 볼트라는 지하시설에서 냉동되있다가 깨어나는데, 이후 멸망한 세계 밖으로 나와 멸망한 세계를 재건(?) 하는 내용이 주가 되는 것 같습니다. 게임이 버그가 좀 많긴 하지만 공은 들인 작품인","약 스포 주의 평소 유튜브 나 지인 들 에게 소식 만 듣다가 최근 에 구매 해 플레이 해봤습니다 . 100시간 정도 플레이 해본 결과 생존 과 시뮬레이션 장르 를 즐겨하는 제 게 이 만큼 좋은 게임 이 없을 수 없었습니다 . 게임 의 기본 적 인 내용 은 미 중전 쟁이 핵전쟁 으로 번지 며 멸망해 200년 후 세력 이 찢겨 버린 미국 을 배경 으로 하고 있습니다 . 주인공 은 200년 간 볼트 라는 지하 시설 에서 냉동 되있다가 깨어나는데 , 이후 멸망한 세계 밖 으로 나와 멸망한 세계 를 재건 (?) 하는 내용 이 주가 되는 것 같습니다 . 게임 이 버그 가 좀 많긴 하지만 공 은 들인 작품 인",2020-02-18 07:09:37
377160,Fallout 4,positive,누카월드빼고 잼있었다,누카 월드 빼고 잼있었다,2020-02-18 03:29:16
377160,Fallout 4,positive,멀미남 ㅅㅂ ㅠㅠ,멀미 남 ㅅㅂ ㅠㅠ,2020-02-18 02:27:27
377160,Fallout 4,positive,!!!!,!!!!,2020-02-17 23:44:41
377160,Fallout 4,positive,"베데스다는 대중의식을 잘 통제하는것 같다.... 나는 알았어야 했다. 세뇌 당하기 전에, 베데스다의 음모론은 진실 이였다는 것을... 이성적으로 현명하게 판단하면 이 게임은 정말로 허접하다. 엉성한 모션에 엉성한 스토리, 연출들, 그리고 엔딩 까지 이어주는 모든 사건들, 너무 흐지부지 하게 게임이 흘러가는 경향이 강하다. 그렇지만 조금의 의지를 가지고 게임을 파해쳐 보면 나도 모르게 게임에 빠져 있다. 사실 이게임은 플레이가 재미있다기 보다는 알아간다는 그 행위에 재미가 있는 게임이다. 몰입만 가능하면 정말로 오래할 수 있는 게임이","베데스다 는 대중 의식 을 잘 통제 하는것 같다 .... 나 는 알았어야 했다 . 세뇌 당하기 전 에 , 베데스다 의 음모론 은 진실 이였다는 것 을 ... 이 성적 으로 현명하게 판단 하면 이 게임 은 정말로 허 접하다 . 엉 성한 모션 에 엉 성한 스토리 , 연출 들 , 그리고 엔딩 까지 이어주는 모든 사건 들 , 너무 흐지부지 하게 게임 이 흘러가는 경향 이 강하다 . 그렇지만 조금 의 의지 를 가지 고 게임 을 파 해쳐 보면 나도 모르게 게임 에 빠져 있다 . 사실 이 게임 은 플레이 가 재미있다기 보다는 알 아 간다 는 그 행위 에 재미 가 있는 게임 이다 . 몰입 만 가능하면 정말로 오래 할 수 있는 게임 이",2020-02-17 09:46:32
377160,Fallout 4,positive,이건 마치 까면 깔수록 눈물이 나오는 양파같은 게임이다.,이건 마치 까면 깔수록 눈물 이 나오는 양파 같은 게임 이다 .,2020-02-16 19:57:45
377160,Fallout 4,positive,"장점은 일단 기본적인 재미는 있다. 매력적인 동료들, 전투와 탐험의 재미 하나만큼은 맛나게 잘 살렸다. 그리고 폐품을 모아 무기와 방어구를 개조하는 시스템도 좋았다. 또 전작에서의 거적데기 같았던 파워아머가 탑승형으로 바뀌면서 개멋있어졌다. 단점은 기본이 안되어있다. 60프레임 이상 올라가면 게임이 지랄나는데다가 그래픽이 아주 나쁜 수준은 아니지만 같은 년도에 나온 AAA 게임들에게는 밀리면서 최적화는 개같이 해놨다. 그리고 폴아웃 시리즈의 아이덴티티 중 하나라고 할 수 있는 대화 시스템은 1보 전진 2보 후퇴를 해버렸다. 평","장점 은 일단 기본 적 인 재미 는 있다 . 매력 적 인 동료 들 , 전투 와 탐험 의 재미 하나 만큼은 맛 나게 잘 살렸다 . 그리고 폐품 을 모아 무기 와 방어 구를 개조 하는 시스템 도 좋았다 . 또 전작 에서의 거 적데기 같았던 파워 아 머 가 탑승 형 으로 바뀌면서 개멋 있어졌다 . 단점 은 기본 이 안되어있다 . 60 프레임 이상 올라가면 게임 이 지랄 나 는데다가 그래픽 이 아주 나쁜 수준 은 아니지만 같은 년도 에 나온 AAA 게임 들 에게는 밀리면서 최적화 는 개 같이 해놨다 . 그리고 폴아웃 시리즈 의 아이덴티티 중 하나 라고 할 수 있는 대화 시스템 은 1 보 전진 2 보 후퇴 를 해 버렸다 . 평",2020-02-16 15:32:12
377160,Fallout 4,positive,베데스다 게임답게 모드로 시작해서 모드로 끝나는 게임.,베데스다 게임 답 게 모드 로 시작 해서 모드 로 끝나는 게임 .,2020-02-16 05:34:54
377160,Fallout 4,positive,사실 게임 본편에서 뽑을 건 옛날에 다 뽑았어. 모드 때문에 하는거지,사실 게임 본 편 에서 뽑을 건 옛날 에 다 뽑았어 . 모드 때문 에 하는거지,2020-02-16 01:09:16
377160,Fallout 4,positive,그냥... 순정으로헀고... 재밌는데 스카이림이 더 개취,그냥 ... 순정 으로 헀 고 ... 재밌는데 스카이림 이 더 개취,2020-02-15 21:24:31
377160,Fallout 4,positive,버그때문에 퀘스트깨다 키보드가 날아갈 뻔했지만... 그래도 재밌는걸,버그 때문 에 퀘스트 깨다 키 보드 가 날아갈 뻔했지만 ... 그래도 재밌는걸,2020-02-15 20:36:50
377160,Fallout 4,positive,재밌습니다. 가끔 엉뚱한 버그들하고 조잡한시스템대문에 짜증나는대 그런거는 모드만 잘깔면 커버됩니다,재밌습니다 . 가끔 엉뚱한 버그 들 하고 조잡한 시스템 대문 에 짜증나는대 그런 거 는 모드 만 잘 깔면 커버 됩니다,2020-02-15 15:43:25
377160,Fallout 4,positive,나중엔 어느샌가 길에서주은걸로 집을짓고 온갖잡동사니를 수집하고다니게 되더라,나중 엔 어느샌가 길 에서 주은 걸 로 집 을 짓고 온갖 잡 동 사 니 를 수집 하고다니게 되더라,2020-02-15 04:36:33
377160,Fallout 4,positive,D,D,2020-02-15 02:54:16
377160,Fallout 4,positive,진짜 할게너무많다,진짜 할게 너무 많다,2020-02-14 17:37:07
377160,Fallout 4,positive,재밌음,재밌음,2020-02-13 15:15:23
377160,Fallout 4,positive,정상적인 집단이 하나도 없어 그중에 심부름시키는 놈이 제일 악질임,정상 적 인 집단 이 하나 도 없어 그 중 에 심부름 시키는 놈 이 제일 악질 임,2020-02-12 23:24:17
377160,Fallout 4,positive,인천 폴붕이라 그런지 제목에 '폴'붙은 게임은 다재밌었따 폴붕폴붕~,인천 폴붕 이라 그런지 제목 에 ' 폴 ' 붙은 게임 은 다 재밌었 따 폴붕폴붕 ~,2020-02-12 23:07:10
377160,Fallout 4,positive,"정말 재미있어서 오랜시간 게임했습니다. 오픈월드의 장점을 잘 살려냈습니다. 무엇보다 가장 큰 장점은 모드를 이요한 확장성입니다. 어쌔신 크리드 오디세이 같은 오픈월드도 상당한 수작이긴 하나, 모드를 지원하지 않는 관계로 다회차 플레이에 제한이 있지만, 베데스다 게임들은 모드의 확장성을 이용하여 다회차 플레이와 다양한 컨셉 플레이를 통해서 오픈월드를 탐험하는 재미를 느낄 수 있게 해줍니다. 탐험만 하고싶고 빌리징은 귀찮으시면 sim settlement or sim settlement three in one 을 설치하시면 됩니다.","정말 재미있어서 오랜 시간 게임 했습니다 . 오픈월드 의 장점 을 잘 살려 냈습니다 . 무엇 보다 가장 큰 장점 은 모드 를 이요한 확장 성 입니다 . 어쌔신 크리드 오디세이 같은 오픈월드 도 상당한 수작 이긴 하나 , 모드 를 지원 하지 않는 관계 로 다 회차 플레이 에 제한 이 있지만 , 베데스다 게임 들 은 모드 의 확장 성 을 이용 하여 다 회차 플레이 와 다양한 컨셉 플레이 를 통해 서 오픈월드 를 탐험 하는 재미 를 느낄 수 있게 해줍니다 . 탐험 만 하고싶고 빌리 징 은 귀찮으시면 sim settlement or sim settlement three in one 을 설치 하시면 됩니다 .",2020-02-12 22:48:07
377160,Fallout 4,positive,잼,잼,2020-02-12 22:31:01
377160,Fallout 4,positive,"재밌다. 하지만 스토리가 뭔가 부족한 느낌이 들며, 다른 캐릭과의 상호작용이 부족해 캐릭과 상호작용하는 이유가 없어지고 한글화가 안되어 있는 좆데스다의 인성을 느꼈지만 무기의 개조, 파워아머의 다양성등 재밌는 요소가 많이 있었다 그래도 정가 주고 사지 말고 세일할떄 사라 정가주기에는 아까운 게임 ㅈ데스다 씹새끼들","재밌다 . 하지만 스토리 가 뭔가 부족한 느낌 이 들며 , 다른 캐릭 과의 상호작용 이 부족해 캐릭 과 상호작용 하는 이유 가 없어지고 한글화 가 안되어 있는 좆 데스 다 의 인성 을 느꼈지만 무기 의 개조 , 파워 아 머 의 다양성 등 재밌는 요소 가 많이 있었다 그래도 정가 주고 사지 말고 세 일 할떄 사라 정가 주기 에는 아까운 게임 ㅈ 데스 다 씹 새끼 들",2020-02-11 16:03:48
377160,Fallout 4,positive,재밌는겜인데 몇몇버그좀고쳐주면... 더재밌는게임 예를들어서 맵불러오는대멈춘다든가..,재밌는 겜 인데 몇몇 버그 좀 고쳐주면 ... 더 재밌는 게임 예 를 들어서 맵 불러오는대 멈춘다 든가 ..,2020-02-11 15:50:00
377160,Fallout 4,positive,폴아웃 76을 하고 나서 폴아웃 4가 갓겜인걸 알게 되었다.,폴아웃 76 을 하고 나서 폴아웃 4 가 갓 겜 인걸 알 게 되었다 .,2020-02-11 13:59:13
377160,Fallout 4,positive,솔직히 베데스다 게임은 단점이 꽤 많지만 장점들이 단점들을 다 덮어주는편이다. 게임할때 몰입감을 중요하게 생각한다면 100% 잘 맞을거라고 생각함.,솔직히 베데스다 게임 은 단점 이 꽤 많지만 장점 들 이 단점 들 을 다 덮어주는 편이 다 . 게임 할 때 몰입 감 을 중요하게 생각 한다면 100% 잘 맞을거라고 생각 함 .,2020-02-11 05:38:30
377160,Fallout 4,positive,ENB 적용 하는순간 다른게임을 하는 느낌을 받게 될 겁니다.,ENB 적용 하는 순간 다른 게임 을 하는 느낌 을 받게 될 겁니다 .,2020-02-10 20:35:41
377160,Fallout 4,positive,망할 로드로치가 너무 징그러워서 캐릭터 커스터마이징만 열심히 하고 그 뒤를 못하는 중,망할 로드 로 치가 너무 징그러워서 캐릭터 커스터 마이 징 만 열심히 하고 그 뒤 를 못 하는 중,2020-02-10 20:29:34
377160,Fallout 4,positive,재미는 있는데 말이야...,재미 는 있는데 말 이야 ...,2020-02-09 21:00:11
377160,Fallout 4,positive,장점 - 모드 단점 - 모드,장점 - 모드 단점 - 모드,2020-02-09 06:25:21
377160,Fallout 4,positive,갓겜,갓 겜,2020-02-09 04:54:38
377160,Fallout 4,positive,잠깐 재밌게 함,잠깐 재밌게 함,2020-02-08 20:42:13
377160,Fallout 4,positive,모드 꼭 필요함,모드 꼭 필요함,2020-02-08 19:58:40
377160,Fallout 4,positive,ss,ss,2020-02-07 16:55:43
377160,Fallout 4,positive,정착지. 정착지. 정착지.,정착 지 . 정착 지 . 정착 지 .,2020-02-07 10:51:20
377160,Fallout 4,positive,"여러 단점도 있지만, 그래도 꽤 잘 만든 게임인건 인정해야겠지..","여러 단점 도 있지만 , 그래도 꽤 잘 만든 게임 인 건 인정 해야겠지 ..",2020-02-06 22:34:50
377160,Fallout 4,positive,그냥 갓겜 인생겜찾앗다..,그냥 갓 겜 인생 겜 찾앗다 ..,2020-02-06 21:50:44
377160,Fallout 4,positive,버그나 아웃시켜,버그 나 아웃 시켜,2020-02-06 05:25:10
377160,Fallout 4,positive,모드없으면 병1신겜,모드 없으면 병 1 신 겜,2020-02-05 21:46:28
377160,Fallout 4,positive,"재밌는데, 출시 된지 한참이나 지났지만 잡히지 않은 버그들이 존재. 게임 진행하는데 간간히 스트레스 줄 정도의 버그도 존재한다.","재밌는데 , 출시 된지 한참 이나 지났지만 잡히지 않은 버그 들 이 존재 . 게임 진행 하는데 간간히 스트레스 줄 정도 의 버그 도 존재 한다 .",2020-02-05 15:32:30
377160,Fallout 4,positive,바로 앞에서 조준하는데 왜 확률이 65%야,바로 앞 에서 조준 하는데 왜 확률 이 65% 야,2020-02-04 22:53:47
377160,Fallout 4,positive,폴아웃은 왜 폴아웃인가. 이 게임은 폴아웃 시리즈에 대한 가장 근본적인 의문을 제기한다. 폴아웃 시리즈를 구성하는 가장 기본적인것은 무엇인가. 토드 하워드는 모든 장점을 교묘하게 숨긴채 단점만을 부각되게 하여 시리즈를 말아억었다는 오명을 쓰게 만들었다. 물론 그렇다고 4지선다 시스템과 76이 용서되는건 아니다. 그냥 늒베를 하도록 하자.,폴아웃 은 왜 폴아웃 인가 . 이 게임 은 폴아웃 시리즈 에 대한 가장 근본 적 인 의문 을 제 기한 다 . 폴아웃 시리즈 를 구성 하는 가장 기본 적 인 것 은 무엇 인가 . 토드 하워드 는 모든 장점 을 교묘하게 숨긴 채 단점 만을 부각 되게 하여 시리즈 를 말 아 억 었 다는 오명 을 쓰게 만들었다 . 물론 그렇다고 4 지선 다 시스템 과 76 이 용서 되는건 아니다 . 그냥 늒베 를 하도록 하자 .,2020-02-04 22:15:41
377160,Fallout 4,positive,포스트 아포칼립스에 디젤펑크라니 아무리 똥겜이라도 퍼먹어야지 별수있나요 다이아몬드시티 라디오 아직도 듣는다구,포스트 아포칼립스 에 디젤 펑크 라니 아무리 똥겜 이라도 퍼 먹어야지 별수 있나요 다이아몬드 시티 라디오 아직도 듣는다구,2020-02-04 20:33:33
377160,Fallout 4,positive,폴아웃4가 폴아웃3이나 뉴베가스에비해서 똥겜이라고 하던데 3과 뉴베가 갓겜이라서그렇지 중상급이상은 하는거같네요 가끔 버그가나서 퀘스트진행이 안된다거나하는게 좀 있었지만 로드하거나 재부팅하니 해결되더라구요 DLC는 파하버 오토매트론만 구매했는데 다른DLC는 똥이라해서 안사고 존버중입니다 1회차는 기본으로하고 2회차는 모드와 약간의콘솔로 놀면서플레이하고있는데 안쓰는거랑은 또다른재미가있네요 다회차 할만한게 팩션별로 엔딩이달라서 해볼만하네요 하지만 엔딩장면에 자막이 왜 안나오죠 수정좀 하.. 점수를 주자면 10점만점에 7점정도 주고싶네요,폴아웃 4 가 폴아웃 3 이나 뉴 베가스 에 비 해서 똥겜 이라고 하던데 3 과 뉴 베가 갓 겜 이라서 그렇지 중상 급 이상은 하는거 같네요 가끔 버그 가나 서 퀘스트 진행 이 안된다거나 하는게 좀 있었지만 로드 하 거나 재부팅 하니 해결 되더라구요 DLC 는 파 하버 오토 매 트론 만 구매 했는데 다른 DLC 는 똥 이라 해서 안 사고 존버 중 입니다 1회 차는 기본 으로 하고 2회 차는 모드 와 약간 의 콘솔 로 놀면서 플레이 하고 있는데 안 쓰는거랑은 또다른 재미 가 있네요 다 회차 할만 한 게 팩션 별로 엔딩 이 달라 서 해볼만 하네요 하지만 엔딩 장면 에 자막 이 왜 안 나오죠 수정 좀 하 .. 점수 를 주자 면 10 점 만점 에 7 점 정도 주고싶네요,2020-02-04 19:53:18
377160,Fallout 4,positive,오픈월드만의 장점을 잘 살린 게임이라고 생각합니다. 그리고 다양한 모드들을 통해 오리지널에서 볼 수 없는 게임성도 있습니다.,오픈월드 만의 장점 을 잘 살린 게임 이라고 생각 합니다 . 그리고 다양한 모드 들 을 통해 오 리지 널 에서 볼 수 없는 게임 성도 있습니다 .,2020-02-04 15:36:08
377160,Fallout 4,positive,모드 없어도 토드가 만든 게임 치고는 할 만함 근데 세이브 쌓이면 버그일어남 좆드 수듄,모드 없어도 토드 가 만든 게임 치고는 할 만 함 근데 세이브 쌓이면 버그 일어남 좆드 수듄,2020-02-03 15:59:40
377160,Fallout 4,positive,오픈월드 게임의 끝판왕,오픈월드 게임 의 끝판 왕,2020-02-03 15:29:24
377160,Fallout 4,positive,진영논리 오졌다,진영 논리 오졌다,2020-02-03 14:23:40
377160,Fallout 4,positive,"고등학교 시절 폴아웃1 부터 2, 택틱스, 그리고 최초의 3D 인 폴아웃3...뉴베가스까지 (DLC 뺴고...) 다 플레이 해봤는데 바닐라 상태에서 가장할만한게 폴아웃4 같네요. 근데 스토리는 폴아웃 3이 더 좋은거 같아용... 아직 얼마 플레이 안해봐서 자세하게는 모르겠지만 아들을구하는것 보다 세게를 구하는게 좀더 와닿는다고 해야하나...ㅡㅡㅋ 언젠가는 엔딩을 볼수 있으려나.....폴아웃3도 겨우 엔딩봤었는데...ㄷㄷㄷ;;;","고등학교 시절 폴아웃 1 부터 2 , 택틱스 , 그리고 최초 의 3 D 인 폴아웃 3 ... 뉴 베가스 까지 ( DLC 뺴 고 ...) 다 플레이 해봤는데 바닐라 상태 에서 가장 할만 한 게 폴아웃 4 같네요 . 근데 스토리 는 폴아웃 3 이 더 좋은 거 같아용 ... 아직 얼마 플레이 안 해봐서 자세하게는 모르겠지만 아들 을 구 하는것 보다 세게를 구 하는게 좀더 와 닿는다고 해야하나 ... ㅡㅡㅋ 언젠가 는 엔딩 을 볼수 있으려나 ..... 폴아웃 3 도 겨우 엔딩 봤었는데 ... ㄷㄷㄷ ;;;",2020-02-03 00:49:35
377160,Fallout 4,positive,야 ㅋㅋ 솔직히 76하다 이거 하면 천사 아니냐,야 ㅋㅋ 솔직히 76 하다 이 거 하면 천사 아니냐,2020-02-02 20:41:49
377160,Fallout 4,positive,ㅈ 같은 버그,ㅈ 같은 버그,2020-02-02 20:08:09
377160,Fallout 4,positive,해도 해도 이만한 게임이 없어서 일년에 한번씩은 함 어떤이들은 3탄보다 못하다 뭐 뉴베가스보다 못하다 그러는데 난 이게임과 견줄게임은 스카이림 밖에 없다고 봄,해도 해도 이만 한 게임 이 없어서 일 년 에 한번 씩 은 함 어떤 이 들 은 3 탄보다 못 하다 뭐 뉴 베가스 보다 못 하다 그러는데 난 이 게임 과 견줄게임 은 스카이림 밖에 없다고 봄,2020-02-02 16:08:46
377160,Fallout 4,positive,갓,갓,2020-02-02 15:09:18
377160,Fallout 4,positive,그냥 미친듯이 재밌음,그냥 미친듯이 재밌음,2020-02-02 00:11:13
377160,Fallout 4,positive,게임은 재밋는데 버그가 너무많네요,게임 은 재밋는데 버그 가 너무 많네요,2020-02-01 16:13:45
377160,Fallout 4,positive,꿀잼,꿀잼,2020-02-01 04:18:29
377160,Fallout 4,positive,잠깐 해봤는데 할만하네요,잠깐 해봤는데 할만 하네요,2020-01-31 22:24:37
377160,Fallout 4,positive,유저가 제작하는 모드 덕분에 할맛나는 게임,유저 가 제작 하는 모드 덕분 에 할 맛나 는 게임,2020-01-31 19:40:56
377160,Fallout 4,positive,"대부분의 사람들이 폴아웃3편이나 폴아웃:뉴베가스를 1,2위로 손에 꼽지만, 개인적으로는 폴아웃4가 더 맘에 듬. 특히 포스트 아포칼립스 세계관을 체험하는 느낌은 정말 폴아웃4만한게 없는것 같음. 아기자기하고 그럴싸한 디테일이 온갖 버그와 도시 중심부의 미친듯한 로딩시간의 빡침을 상쇄해줌. 콘솔 명령어에 모드까지 함께하면 혼자 놀기의 끝판왕이라고 봄.","대부분 의 사람 들 이 폴아웃 3 편이 나 폴아웃 : 뉴 베가스 를 1 , 2 위로 손 에 꼽 지만 , 개인 적 으로는 폴아웃 4 가 더 맘 에 듬 . 특히 포스트 아포칼립스 세계관 을 체험 하는 느낌 은 정말 폴아웃 4만 한게 없는것 같음 . 아기자기하고 그럴 싸한 디테 일이 온갖 버그 와 도시 중심부 의 미친듯 한 로딩 시간 의 빡침을 상쇄 해줌 . 콘솔 명령어 에 모드 까지 함께 하면 혼자 놀기의 끝판 왕 이라고 봄 .",2020-01-31 14:47:13
377160,Fallout 4,positive,??,??,2020-01-31 14:30:10
377160,Fallout 4,positive,너무 메인퀘에만 얽메이지 않으면 꽤나 큰 볼륨의 게임. 즐길거리는 상당하다.,너무 메인 퀘 에만 얽 메이지 않으면 꽤 나 큰 볼륨 의 게임 . 즐길 거리 는 상당하다 .,2020-01-31 00:38:03
377160,Fallout 4,positive,"토도키 개새끼야 폴아웃3,4 너무 재밌다 근데 왜 76은? 파일노리 에디숀이나 맛봐라","토도 키 개새끼 야 폴아웃 3 , 4 너무 재밌다 근데 왜 76 은 ? 파일 노리 에디숀 이나 맛봐라",2020-01-30 06:18:40
377160,Fallout 4,positive,good,good,2020-01-29 20:33:38
377160,Fallout 4,positive,재미있어오,재미있어오,2020-01-29 19:09:46
377160,Fallout 4,positive,이전 작인 뉴베가스보다 못한 점도 있지만 그래도 클라쓰를 지키는 선에서 아쉬운 수준인거고 전체적으로는 분명 향상되었음.,이전 작 인 뉴 베가스 보다 못 한 점도 있지만 그래도 클라 쓰를 지키는 선 에서 아쉬운 수준 인거 고 전체 적 으로는 분명 향상 되었음 .,2020-01-29 16:10:17
377160,Fallout 4,positive,게임 구동에 흠이 있지만 게임 구성은 괜찮다. 세일떄 본편만 사도 충분함,게임 구동 에 흠 이 있지만 게임 구성은 괜찮다 . 세 일 떄 본 편 만 사도 충분함,2020-01-29 02:13:09
377160,Fallout 4,positive,"그..뭐랄까..? 분명히 괜찮은 게임이다. 근데 칭찬을 하기는 좀 애매하다. 재미는 있고 장점이 많은데 잘 만든 게임이라 생각하다가도 '이거 뭐 이따구로 만들어 놨어!?' '이게 게임이냐?'싶은 거시기한 부분이 좀 많다. 폴아웃4를 해보면 안다. 이걸 추천을 눌러야 할지 말아야 할지도 참 긴가민가 하고. 아니 게임이 잘 만든 것 같은데 잘못 만들었다. 버그도 많고 온갖 에러가 넘친다. 스카이림도 폴아웃도 유저 모드에 의한 재미창조에 가깝지 원본은 참 공허하다. 분명 베데스다의 스타일이 인정받고 매니아들도 많지만, 베데스다는 자기네","그 .. 뭐랄까 ..? 분명히 괜찮은 게임 이다 . 근데 칭찬 을 하기는 좀 애매하다 . 재미 는 있고 장점 이 많은데 잘 만든 게임 이라 생각 하다가도 ' 이 거 뭐 이따 구로 만들어 놨어 !?' ' 이 게 게임 이냐 ?' 싶은 거 시기한 부분 이 좀 많다 . 폴아웃 4 를 해보면 안다 . 이 걸 추천 을 눌러야 할지 말아야 할지도 참 긴가 민가 하고 . 아니 게임 이 잘 만든 것 같은데 잘못 만들었다 . 버그 도 많고 온갖 에러 가 넘친다 . 스카이림 도 폴아웃 도 유저 모드 에 의한 재미 창조 에 가깝지 원본 은 참 공허하다 . 분명 베데스다 의 스타일 이 인정받고 매니아 들 도 많지만 , 베데스다 는 자기 네",2020-01-29 00:35:51
377160,Fallout 4,positive,"yes, this is my best 3 game in my life. would you like to join the Church of the Children of Atom?","yes , this is my best 3 game in my life . would you like to join the Church of the Children of Atom ?",2020-01-28 20:16:56
377160,Fallout 4,positive,모드질하면 나름 준수한 게임,모드 질하면 나름 준수 한 게임,2020-01-28 16:31:31
377160,Fallout 4,positive,토드야 개새끼야 씹새끼야 소새끼야 폴아웃67 같은 좆지랄병 하지말고 엘스6이나 만들거라 Tod ya ge se ggiya shit se ggiya so se ggiya Fallout67 ga tune jot ji ral byung ha ji mal go ES6 na man dul a ra,토드 야 개새끼 야 씹새끼야 소 새끼 야 폴아웃 67 같은 좆 지랄병 하지말고 엘스 6 이나 만들거라 Tod ya ge se ggiya shit se ggiya so se ggiya Fallout 67 ga tune jot ji ral byung ha ji mal go ES 6 na man dul a ra,2020-01-28 07:34:53
377160,Fallout 4,positive,누카월드 시바 뭔대요;;한국어 정발좀,누카 월드 시바 뭔 대요 ;; 한국어 정발 좀,2020-01-28 04:08:13
377160,Fallout 4,positive,어쩌다 보니 이렇게 많이 해버렸네,어쩌다 보니 이렇게 많이 해 버렸네,2020-01-27 23:54:27
377160,Fallout 4,positive,ㅊㅊ갠춘은겜가틈ㅎ,ㅊㅊ 갠 춘은 겜 가 틈 ㅎ,2020-01-27 17:14:26
377160,Fallout 4,positive,조만간 2회차 간다,조만간 2회 차 간다,2020-01-27 14:10:45
377160,Fallout 4,positive,아시다시피 재미있음.,아시다시피 재미있음 .,2020-01-27 06:30:45
377160,Fallout 4,positive,힘세고 강한 아침! 만일 나에게 물어본다면 나는 가을출타!,힘 세고 강한 아침 ! 만일 나 에게 물어본다면 나 는 가을 출타 !,2020-01-27 02:49:32
377160,Fallout 4,positive,"모드 필수적인거(Load Accelerator, 한글패치) 좀 해주고 '~'눌러서 player.modav carryweight 99999 입력해서 소지무게 쭉 늘려준담에 플레이 시작하면 그냥 즐겁게 할수있다. 굳이 다른모드 크게 필요는 없다. 다만 베데스다가 개 뭣같으므로 세일 빡세게 할때 사자 ㅇㅇ","모드 필수 적 인거 ( Load Accelerator , 한글패치 ) 좀 해주고 '~' 눌러서 player . modav carryweight 99999 입력 해서 소지 무게 쭉 늘려 준담 에 플레이 시작 하면 그냥 즐겁게 할수있다 . 굳이 다른 모드 크게 필요 는 없다 . 다만 베데스다 가 개 뭣 같으므로 세 일 빡세 게 할 때 사자 ㅇㅇ",2020-01-27 00:01:09
377160,Fallout 4,positive,"인터스텔라 이후에 나와서, 상대적인 시간의 흐름에 따른 감동적인(?) 이야기가 처음에는 많은 비평을 받았지만 그래도 흑화전의 베드애스다의 게임이여서 명작이라고 불릴만 합니다","인터스텔라 이후 에 나와서 , 상대 적 인 시간 의 흐름 에 따른 감동 적 인 (?) 이야기 가 처음 에는 많은 비평 을 받았지만 그래도 흑화 전의 베드 애스 다 의 게임 이 여서 명작 이라고 불릴만 합니다",2020-01-26 22:12:22
377160,Fallout 4,positive,재미있음,재미있음,2020-01-26 19:38:18
377160,Fallout 4,positive,이 게임도 핵을 쳐맞고 방사능 변이가 온 것이 확실하다 상하좌우 감도가 다르며 줌 감도를 따로 설정하는 방법도 없어 유저가 따로 ini파일을 열어 설정해주거나 모드를 다운받아서 설정해야한다. 또한 프레임에 따라서 게임의 속도가 변한다. 어느때와 같이 144hz 모니터로 인해서 프레임 제한과 수직동기를 끄고 게임을 했는데 이동속도가 너무나도 빨라 원래 게임이 이런건가 싶어서 검색해보니 프레임에 따라서 게임속도가 변한단다.. 수직동기화나 에프터버너등을 이용하여 60프레임으로 고정해야 원래의 속도로 게임을 할 수 있다. 하지만 60프레,이 게임 도 핵 을 쳐 맞고 방사 능 변 이 가 온 것 이 확실하다 상하좌우 감도가 다르며 줌 감도를 따로 설정 하는 방법 도 없어 유저 가 따로 ini 파일 을 열어 설정 해주거나 모드 를 다운 받아서 설정 해야 한다 . 또한 프레임 에 따라서 게임 의 속도 가 변한다 . 어느 때 와 같이 144 hz 모니터 로 인해서 프레임 제한 과 수직 동기 를 끄고 게임 을 했는데 이동속도 가 너무나도 빨라 원래 게임 이 이런 건가 싶어서 검색 해보니 프레임 에 따라서 게임 속도 가 변한단다 .. 수직 동기화 나 에프 터 버너 등 을 이용 하여 60 프레임 으로 고정 해야 원래 의 속도 로 게임 을 할 수 있다 . 하지만 60 프레,2020-01-26 17:28:16
377160,Fallout 4,positive,"1500시간이란 짧은 모험을 진행한 볼트 거주자 내 인생을 함께 동거동락한 도그밋 이젠 친숙한 레이더 친구들과 거너무리 늘 적응이 안되는 구울(자식)들 가빗맨과 깡통 공돌이, 레일데모나, 아들의 세력조합 말도 많고 탈도 많은 게임이지만, 그 누구보다도 행복한 시간을 안겨준 애증의 게임 War naver changes","1500시간 이란 짧은 모험 을 진행 한 볼트 거주 자 내 인생 을 함께 동거 동락 한 도그밋 이 젠 친숙한 레이더 친구 들 과 거너 무리 늘 적응 이 안되는 구울 ( 자식 ) 들 가 빗맨 과 깡통 공 돌이 , 레일 데모 나 , 아들 의 세력 조합 말 도 많고 탈 도 많은 게임 이지만 , 그 누구 보다도 행복한 시간 을 안겨 준 애증 의 게임 War naver changes",2020-01-26 14:51:34
377160,Fallout 4,positive,대도시 최적화좀 해라 좀,대도시 최적화 좀 해 라 좀,2020-01-26 10:59:32
377160,Fallout 4,positive,최적화 빼고는 할만함,최적화 빼고는 할만 함,2020-01-26 04:28:21
377160,Fallout 4,positive,Goooooooooooooooood~~~~~~~~~~!!!!!!!!!!!!!!,Goooooooooooooooood ~~~~~~~~~~!!!!!!!!!!!!!!,2020-01-25 23:06:55
377160,Fallout 4,positive,개꿀잼 미친세상,개꿀잼 미친 세상,2020-01-25 19:08:21
377160,Fallout 4,positive,아 ㅋㅋ 엔딩 봤는데 또하고싶네 ㅋㅋ,아 ㅋㅋ 엔딩 봤는데 또 하고싶네 ㅋㅋ,2020-01-25 15:33:21
377160,Fallout 4,positive,매우매우매우매우 재밌습니다.,매우 매우 매우 매우 재밌습니다 .,2020-01-24 16:52:05
377160,Fallout 4,positive,"- 성장, 제작, 수집, 건축, 토착지 연계를 통한 발전 설계 등 다양한 플레이 요소! - 좀비, 사이보그, 돌연변이 등 상상할 수 있는 디스토피아의 모든 모습들! - 반려동물부터 이성-동성 연인에 이르기까지 선택적인 동료모드! - 이런 요소들을 모아, 모아, 모아! 하지만 아직 할 것들이 더 많습니다.","- 성장 , 제작 , 수집 , 건축 , 토착 지 연 계 를 통한 발전 설계 등 다양한 플레이 요소 ! - 좀비 , 사이보그 , 돌연변이 등 상상 할 수 있는 디스토피아 의 모든 모습 들 ! - 반려동물 부터 이성 - 동성 연인 에 이르기까지 선택 적 인 동료 모드 ! - 이런 요소 들 을 모아 , 모아 , 모아 ! 하지만 아직 할 것 들 이 더 많습니다 .",2020-01-24 16:29:56
377160,Fallout 4,positive,개인적으로 식인종퍽이 마음에 드는군요,개인 적 으로 식인종 퍽 이 마음 에 드는군요,2020-01-24 16:02:18
377160,Fallout 4,positive,"세계관 그래픽 . 스토리 다 좋은데,..!! 탈것좀..ㅠ 본격 마라톤 게임이네요..힝","세계관 그래픽 . 스토리 다 좋은데 ,..!! 탈것 좀 .. ㅠ 본격 마라톤 게임 이네 요 .. 힝",2020-01-24 14:48:14
377160,Fallout 4,positive,DLC만빼면 할만하지 ㄷㄷㄷㄷㄷㄷㄷ,DLC 만 빼 면 할 만하 지 ㄷㄷㄷㄷㄷㄷㄷ,2020-01-23 13:56:09
377160,Fallout 4,positive,d,d,2020-01-23 12:46:46
377160,Fallout 4,positive,"세이브 - 로드 반복해서 전설파밍할 경우에, 너무 많은 시행횟수를 하면 아이템 드랍 테이블이 3~5개로 고정되는 버그가 있습니다. 제발 고쳐주세요.","세이브 - 로드 반복 해서 전설 파밍 할 경우 에 , 너무 많은 시행 횟수 를 하면 아이템 드랍 테이블 이 3~5 개 로 고정 되는 버그 가 있습니다 . 제발 고쳐주세요 .",2020-01-22 17:54:27
377160,Fallout 4,positive,한국어 패치없으니 모드가서 한국어패치 깔고 하셔유,한국어 패치 없으니 모드 가서 한국어 패치 깔고 하셔 유,2020-01-22 17:49:56
377160,Fallout 4,positive,아....폴아웃76보다 재미있군 여러분! 모두 76말고 4를 사세요!!!!!,아 .... 폴아웃 76 보다 재미있군 여러분 ! 모두 76 말고 4 를 사세요 !!!!!,2020-01-22 14:44:57
377160,Fallout 4,positive,모드질 갓겜,모드 질 갓 겜,2020-01-22 00:31:03
377160,Fallout 4,positive,폴아웃 시리즈 대표작 여러 면에서 전작들에 비해 부족하지만 재밌음,폴아웃 시리즈 대표 작 여러 면 에서 전작 들 에 비해 부족하지만 재밌음,2020-01-22 00:26:18
377160,Fallout 4,positive,못만들었는데 잘만들었다,못 만들었는데 잘 만들었다,2020-01-22 00:18:37
377160,Fallout 4,positive,그래 이거야 내가 이 게임을 산 이유는 신스 놈들을 죄다 없애버리기 위해서였지 파더 션 이 새기 넌 내 아들이 아니다 뒤져라,그래 이거야 내 가 이 게임 을 산 이유 는 신스 놈 들 을 죄다 없애 버리기 위 해서였지 파더 션 이 새기 넌 내 아들 이 아니다 뒤져라,2020-01-21 19:00:48
377160,Fallout 4,positive,갓겜 4회차 플레이중,갓 겜 4회 차 플레이 중,2020-01-21 14:46:46
377160,Fallout 4,positive,게임을 산건 엄청 오래전인데 최근에서야 처음으로 플레이를 해봄 폴아웃이 반은 베네스다가 반은 유저가 만든다는 소리를 들었었는데 그게 참말 일줄은 몰랏음;;,게임 을 산건 엄청 오래전 인데 최근 에서야 처음 으로 플레이 를 해봄 폴아웃 이 반 은 베 네스 다가 반 은 유저 가 만든다는 소리 를 들었었는데 그게 참말 일줄은 몰랏음 ;;,2020-01-21 10:28:25
377160,Fallout 4,positive,버그가 ㅈ같긴한데 그래도 재밌다. 어떻게 된 게 베데스다겜은 하나같이 미완성겜 출시하면 유저들이 모드로 완성시키는 느낌이냐;;,버그 가 ㅈ 같긴한데 그래도 재밌다 . 어떻게 된 게 베데스다 겜 은 하나같이 미완성 겜 출시 하면 유저 들 이 모드 로 완성 시키는 느낌 이냐 ;;,2020-01-20 19:35:15
377160,Fallout 4,positive,super god game,super god game,2020-01-20 13:27:57
377160,Fallout 4,positive,당신의 인생을 바꿔줄 게임!!! 원자 만세!!,당신 의 인생 을 바꿔줄 게임 !!! 원자 만세 !!,2020-01-20 08:39:03
377160,Fallout 4,positive,한번도 안해보셨으면 추천드려요...많이 해보셨으면 모드까세요....첨에 할땐 시간가는줄 모르고 할 정도는 되요. 그치만 플레이타임 자체가 그리 길진 않지만 서브퀘스트깨고 이것저것하고하면 플레이타임은 말도 안되게 길어집니다.,한번 도 안 해보셨으면 추천 드려요 ... 많이 해보셨으면 모드 까세요 .... 첨 에 할 땐 시간 가는줄 모르고 할 정도 는 되요 . 그치만 플레이 타임 자체 가 그리 길진 않지만 서브 퀘스트 깨고 이 것 저 것 하고 하면 플레이 타임 은 말 도 안되게 길어집니다 .,2020-01-19 22:43:12
377160,Fallout 4,positive,모드 깔고 나니 새로운 게임이 되네 ㅋㅋ,모드 깔고 나니 새로운 게임 이 되네 ㅋㅋ,2020-01-19 22:31:08
377160,Fallout 4,positive,기억에 남는거라곤 War Never Changes 밖에 없음,기억 에 남는거라곤 War Never Changes 밖에 없음,2020-01-19 20:02:37
377160,Fallout 4,positive,마음에 여유가 있어야 즐길 수 있는 게임이라고 생각합니다.,마음 에 여유 가 있어야 즐길 수 있는 게임 이라고 생각 합니다 .,2020-01-19 19:52:52
377160,Fallout 4,positive,시8 청7 재미10,시 8 청 7 재미 10,2020-01-19 01:04:42
377160,Fallout 4,positive,걍 재밌다. 스토리는 조금 억지인 부분도 있는거 같지만 좋은 게임이다.,걍 재밌다 . 스토리 는 조금 억지 인 부분 도 있는거 같지만 좋은 게임 이다 .,2020-01-18 02:13:07
377160,Fallout 4,positive,재밌숨,재밌 숨,2020-01-17 22:57:41
377160,Fallout 4,positive,"모드가 선택이 아닌 필수. 모드를 깔면 좀 더 현실적으로 되거나, 편해지거나, 재미있어지기 때문에 조금 귀찮더라도 깔아주는게 오래 플레이 하는데 도움이 된다. 황무지를 모험한다는 느낌을 주는데 성공한 작품. 개인적으로 탐험하면서 루팅하고 그 자원들로 마을을 요새로 꾸미는게 정말 마음에 들었다.","모드 가 선택 이 아닌 필수 . 모드 를 깔면 좀 더 현실 적 으로 되거나 , 편해지거나 , 재미있어지기 때문 에 조금 귀찮더라도 깔아주는게 오래 플레이 하는데 도움 이 된다 . 황무지 를 모험 한다는 느낌 을 주는데 성공한 작품 . 개인 적 으로 탐험 하면서 루팅 하고 그 자원 들 로 마을 을 요새 로 꾸미는게 정말 마음 에 들었다 .",2020-01-17 17:48:32
377160,Fallout 4,positive,일해라 베데스다,일해 라 베데스다,2020-01-16 15:25:24
377160,Fallout 4,positive,명작,명작,2020-01-16 15:05:46
377160,Fallout 4,positive,.....,.....,2020-01-16 10:40:26
377160,Fallout 4,positive,잠깐 플레이해도 재미있다는걸 느낀다,잠깐 플레이 해도 재미있다는걸 느낀다,2020-01-16 09:19:24
377160,Fallout 4,positive,얼마안해보긴 했는데 재밌어요,얼 마안 해보긴 했는데 재밌어요,2020-01-16 06:46:37
377160,Fallout 4,positive,사람을 죽여보세요,사람 을 죽 여보세요,2020-01-16 03:51:07
377160,Fallout 4,positive,뭔지모르겟는데 몬가 일어나고잇음 몬가가 일어날 조짐임;;,뭔 지 모르겟는데 몬 가 일어나고 잇음 몬가 가 일어날 조짐 임 ;;,2020-01-15 22:57:59
377160,Fallout 4,positive,이걸 왜안함?,이 걸 왜 안함 ?,2020-01-15 14:35:33
377160,Fallout 4,positive,지리는 자유도,지리는 자유도,2020-01-14 22:24:36
377160,Fallout 4,positive,좋아용,좋아용,2020-01-14 21:31:09
377160,Fallout 4,positive,충분히 재밌지만 다음 베데스다의 작품은 기대한만큼 나오지 않을 것임을 예견할 수 있는 게임 그리고 결국 76로 증명해냄,충분히 재밌지만 다음 베데스다 의 작품 은 기대한만큼 나오지 않을 것임 을 예견 할 수 있는 게임 그리고 결국 76 로 증명 해냄,2020-01-14 19:55:21
377160,Fallout 4,positive,게임은 재밌는데 저장 안했을 때 튕기면 멘탈 나가서 일주일은 못하는 겜,게임 은 재밌는데 저장 안 했을 때 튕기 면 멘탈 나가서 일주일 은 못 하는 겜,2020-01-14 15:49:06
377160,Fallout 4,positive,모드를 다룰줄 안다면 최고의 게임!,모드 를 다룰줄 안다면 최고 의 게임 !,2020-01-14 01:46:24
377160,Fallout 4,positive,탐험하는재미는있음 근데잡동사니 보면 정신없음 그리고 초반 난이도가 너무 어려움 하지만 폴아웃이니까 해볼만함,탐험 하는 재미 는 있음 근데 잡 동사 니 보면 정신 없음 그리고 초반 난이도 가 너무 어려움 하지만 폴아웃 이니까 해볼만 함,2020-01-12 19:20:45
377160,Fallout 4,positive,일단 사,일단 사,2020-01-12 16:34:29
377160,Fallout 4,positive,그 아 아 앗,그 아 아 앗,2020-01-12 14:18:36
377160,Fallout 4,positive,재밌음!,재밌음 !,2020-01-12 03:15:34
377160,Fallout 4,positive,ㅇㅇ,ㅇㅇ,2020-01-11 22:34:12
377160,Fallout 4,positive,모드질과 학살이 주목적이면 재밌음.,모드 질 과 학살 이 주 목적 이 면 재밌음 .,2020-01-11 03:46:16
377160,Fallout 4,positive,"확실히 스토리 라인이나 팩션 설정이 엉성합니다만 뉴베가스 만의 재미가 있을거고 3만의 재미가 있는데 4만의 재미를 확장팩으로 잘 살린것 같아 재밌습니다. 하우징에 힘을 실은것과 오토메트론, 파 하버의 하드캐리가 있어서 참 다행인 게임입니다.","확실히 스토리 라인 이나 팩션 설정 이 엉 성합니다만 뉴 베가스 만의 재미 가 있을거고 3만 의 재미 가 있는데 4만 의 재미 를 확장팩 으로 잘 살린것 같아 재밌습니다 . 하우 징 에 힘 을 실 은 것 과 오토 메 트론 , 파 하버 의 하드캐리 가 있어서 참 다행 인 게임 입니다 .",2020-01-10 19:17:24
377160,Fallout 4,positive,.,.,2020-01-09 23:37:23
377160,Fallout 4,positive,"그래픽, 타격감만 올라간 폴아웃 시리즈. 그래도 폴아웃의 시리즈 넘버를 걸고 토드 하워드가 자신의 실험적 요소는 후속작으로 넘겨 전체적인 게임은 짜임새있게 재밌게 할 수 있다","그래픽 , 타 격감 만 올라간 폴아웃 시리즈 . 그래도 폴아웃 의 시리즈 넘버 를 걸고 토드 하워드 가 자신 의 실험 적 요소 는 후속작 으로 넘겨 전체 적 인 게임 은 짜임새 있게 재밌게 할 수 있다",2020-01-09 22:35:43
377160,Fallout 4,positive,"초반부터 벌크업 바퀴벌레,파리보고 모기한테 피빨리고나니 겜하기싫어졌음","초반 부터 벌 크 업 바퀴벌레 , 파리 보고 모기 한테 피 빨리 고나니 겜 하기 싫어졌음",2020-01-09 21:26:51
377160,Fallout 4,positive,존나재밌음 생존좋아하면 필수,존나 재밌음 생존 좋아하면 필수,2020-01-09 17:12:08
377160,Fallout 4,positive,정신없이함,정신없이 함,2020-01-09 00:56:43
377160,Fallout 4,positive,물을 좀 마셔,물 을 좀 마셔,2020-01-08 22:01:32
377160,Fallout 4,positive,아무리 똥겜이라 까여도 쿨타임 돌면 한번씩 하게 되는 마성의 게임,아무리 똥겜 이라 까여도 쿨타임 돌면 한번 씩 하게 되는 마 성의 게임,2020-01-08 01:23:18
377160,Fallout 4,positive,무난한 게임이다. 괜찮다. 재미있다.,무난 한 게임 이다 . 괜찮다 . 재미있다 .,2020-01-07 17:15:05
377160,Fallout 4,positive,빈정대기,빈정대기,2020-01-06 11:53:27
377160,Fallout 4,positive,엉성하긴 하지만...이번편 까지는 할만했음. 다음편에도 엔진 그대로 쓴다면 너무 실망,엉 성하긴 하지만 ... 이번 편 까지는 할만 했음 . 다음 편 에도 엔진 그대로 쓴다면 너무 실망,2020-01-05 18:52:56
377160,Fallout 4,positive,제대로 하면 되게 재밌을것 같지만 저는 치트를 써서 완전한 재미를 느끼지 못하고 조금 하다 질렸네요... 그래도 같이 이겜 산 친구는 되게 만족하면서 잘 플레이하고 있습니다,제대로 하면 되게 재밌을것 같지만 저 는 치트 를 써서 완전한 재미 를 느끼지 못 하고 조금 하다 질렸네요 ... 그래도 같이 이 겜 산 친구 는 되게 만족하면서 잘 플레이 하고 있습니다,2020-01-05 18:32:12
377160,Fallout 4,positive,땃,땃,2020-01-04 21:25:56
377160,Fallout 4,positive,Best RPG ever.,Best RPG ever .,2020-01-04 20:57:09
377160,Fallout 4,positive,재밌네,재밌네,2020-01-04 19:14:37
377160,Fallout 4,positive,"폴아웃 3만큼 깊지는 않지만 폴아웃:뉴베가스만큼 다채롭지는 않지만 방향성의 제시를 따라가는 게임보다는, 핵전쟁 이후의 세상에 던져진 한 사람으로의 체험을 해보고 싶다면 그 누구에게도 추천할 수 있는 게임. DLC는 있어도 없어도 그만이라는 느낌이 강하여 말 그대로 ""다운 가능한"" 컨텐츠이며, ""다운 해야만 하는"" 컨텐츠는 아니라는 생각이 든다.","폴아웃 3만 큼 깊지는 않지만 폴아웃 : 뉴 베가스 만큼 다채롭 지는 않지만 방향성 의 제시 를 따라가는 게임 보다는 , 핵전쟁 이후 의 세상 에 던져진 한 사람 으로의 체험 을 해보고 싶다면 그 누구 에게도 추천 할 수 있는 게임 . DLC 는 있어도 없어도 그 만이 라는 느낌 이 강하여 말 그대로 "" 다운 가능한 "" 컨텐츠 이며 , "" 다운 해야만 하는 "" 컨텐츠 는 아니라는 생각 이 든다 .",2020-01-04 16:57:58
377160,Fallout 4,positive,god game,god game,2020-01-04 15:46:17
377160,Fallout 4,positive,겜 하느라 쓸 시간이 없음,겜 하느라 쓸 시간 이 없음,2020-01-04 01:56:09
377160,Fallout 4,positive,한국에 지원좀 제발 부탁드립니다,한국 에 지원 좀 제발 부탁드립니다,2020-01-03 18:46:41
377160,Fallout 4,positive,전쟁이 변하지 않아서 폴아웃처럼 산다면 시발 아주 개같겠지,전쟁 이 변하지 않아서 폴아웃 처럼 산다 면 시발 아주 개 같겠지,2020-01-03 10:06:01
377160,Fallout 4,positive,하.. 다시하기를 3번째...,하 .. 다시 하기를 3 번째 ...,2020-01-03 03:36:01
377160,Fallout 4,positive,시간가는줄몰르고계속하게되는게임,시간 가는줄 몰르고 계속 하 게 되는 게임,2020-01-03 02:58:22
377160,Fallout 4,positive,정말 잼남,정말 잼남,2020-01-02 22:19:14
377160,Fallout 4,positive,df,df,2020-01-02 19:39:17
377160,Fallout 4,positive,갓겜,갓 겜,2020-01-02 15:02:38
377160,Fallout 4,positive,폴아웃4 영상으로만 보고 세일하길래 샀는데 1만원 치고는 너무 재밌는것 같다 모드도 함께 사용해서 플레이하면 더욱 재밌어진다.,폴아웃 4 영상 으로만 보고 세 일하길래 샀는데 1만원 치고는 너무 재밌는것 같다 모드 도 함께 사용 해서 플레이 하면 더욱 재밌어진다 .,2020-01-02 11:17:15
377160,Fallout 4,positive,"내 인생게임 스카이림 다음 2등순위 게임, 도시간 연결이 생각보다 재미있다 카더라 하지만 빌리징 중 전기 와이어 버그, 탐조등 안전모 위치버그, 개못소총(개못소총 맞으면 앞에 장애물로 인식되어 전진 못하는 버그) 등등 게임에 방해되는 요소땜에 4번 리스타트를 했고 질려서 그만둠...","내 인생게임 스카이림 다음 2등 순위 게임 , 도시 간 연결 이 생각 보다 재미있다 카더라 하지만 빌리 징 중 전기 와이어 버그 , 탐조등 안전모 위치 버그 , 개못 소총 ( 개못 소총 맞으면 앞 에 장애물 로 인식 되어 전진 못 하는 버그 ) 등등 게임 에 방해 되는 요 소 땜 에 4 번 리스 타트 를 했고 질려서 그만둠 ...",2020-01-02 02:40:00
377160,Fallout 4,positive,굳,굳,2020-01-02 01:19:33
377160,Fallout 4,positive,딴건 모르겠고 베데스다가 아이언맨을 좋아하는 건 확실하다.,딴건 모르겠고 베데스다 가 아이언맨 을 좋아하는 건 확실하다 .,2020-01-02 00:21:27
377160,Fallout 4,positive,산지 3일 플레이시간 35시간 설명끝,산지 3일 플레이 시간 35시간 설명 끝,2020-01-01 20:44:52
377160,Fallout 4,positive,76으로 돈 날리느니 세일할때 이걸사라,76 으로 돈 날리느니 세 일 할 때 이 걸사 라,2020-01-01 17:20:30
377160,Fallout 4,positive,베데스레기,베 데스 레기,2020-01-01 15:59:23
377160,Fallout 4,positive,ddldlldldldlfnjsdafhsdkarbjkweanbfiuoasds,ddldlldldldlfnjsdafhsdkarbjkweanbfiuoasds,2020-01-01 10:51:00
377160,Fallout 4,positive,베데스다는 게임을 완성하지 않는다. 플레이어들이 게임을 완성할 기회를 준다. (모드만 50개 깔았습니다. 이제야 좀 할만하군요),베데스다 는 게임 을 완성 하지 않는다 . 플레이어 들 이 게임 을 완성 할 기회 를 준다 . ( 모드 만 50 개 깔았습니다 . 이제야 좀 할 만하군요 ),2019-12-31 23:23:02
377160,Fallout 4,positive,"사실 이전부터 호불호가 갈리는 리뷰들 때문에 구매할까 말까 고민하다 할인할때 사서 플레이 해보았습니다. 리뷰 작성하는 지금 현재 인스티튜트, 레일로드, 브라더후드 오브 스틸 이렇게 3루트 엔딩 보고 DLC까지 전부 클리어한 상태입니다. (참고로 플레이타임이 120시간이 넘어가지만 처음부터 어느정도 모딩을 하고 시작한지라 도전과제 달성률이 0%입니다...) 결론부터 말하자면 돈값은 하는 게임입니다. 이 게임이 매력적이게 만들 만한 수많은 장점들이 존재합니다만, 그에 반해 플레이하면서 개쌍욕이 튀어나오게 만드는 단점들도 많이 있는 전","사실 이전 부터 호불호 가 갈리는 리뷰 들 때문 에 구매 할까 말까 고민 하다 할인 할 때 사서 플레이 해보았습니다 . 리뷰 작성 하는 지금 현재 인스티튜트 , 레일로드 , 브라더후드 오브 스틸 이렇게 3 루트 엔딩 보고 DLC 까지 전부 클리어 한 상태 입니다 . ( 참고 로 플레이 타임 이 120시간 이 넘어가지만 처음 부터 어느 정도 모딩 을 하고 시 작 한지 라 도전 과제 달성 률 이 0% 입니다 ...) 결론 부터 말 하자면 돈값 은 하는 게임 입니다 . 이 게임 이 매력 적 이 게 만들 만 한 수많은 장점 들 이 존재 합니다만 , 그 에 반해 플레이 하면서 개 쌍욕 이 튀어나오게 만드는 단점 들 도 많이 있는 전",2019-12-29 18:47:50
377160,Fallout 4,positive,76을 이렇게만들었어야지,76 을 이렇게 만들었어야지,2019-12-29 06:49:04
377160,Fallout 4,positive,이게임 재밌다고 폴아웃 76살 미친놈은 없지?,이 게임 재밌다고 폴아웃 76 살 미친 놈 은 없지 ?,2019-12-28 21:33:19
377160,Fallout 4,positive,폴아웃 다이아몬드 시티 라디오만 한 1000시간 들은듯. 게임성도 나름 괜찮고 적당한 볼륨의 즐기기 좋은 아포칼립스 게임.,폴아웃 다이아몬드 시티 라디오 만 한 1000시간 들은 듯 . 게임 성도 나름 괜찮고 적당한 볼륨 의 즐기기 좋은 아포칼립스 게임 .,2019-12-28 17:51:13
377160,Fallout 4,positive,띵작,띵작,2019-12-28 12:15:49
377160,Fallout 4,positive,한창 빠져있을땐 폴아웃 생각밖에 안들다가 어느순간 질리게 됩니다. 그럼 한 반년정도 묵혀두고 2회차 들어가십쇼. 마치 술자리 부대찌개처럼 끝나지 않는 게임.,한창 빠져있을 땐 폴아웃 생각 밖에 안 들다가 어느 순간 질리 게 됩니다 . 그럼 한 반년 정도 묵혀 두고 2회 차 들어가십 쇼 . 마치 술자리 부대찌개 처럼 끝나지 않는 게임 .,2019-12-28 01:46:00
377160,Fallout 4,positive,다시보니 선녀같다,다시 보니 선녀 같다,2019-12-28 00:21:46
377160,Fallout 4,positive,고티 받을만 했음,고 티 받을만 했음,2019-12-27 17:20:27
377160,Fallout 4,positive,존잼,존잼,2019-12-26 23:05:41
377160,Fallout 4,positive,재미는 있네요,재미 는 있네요,2019-12-26 20:21:58
377160,Fallout 4,positive,아직 3회차까지밖에 안 해서 잘 모르겠네요 ㅎㅎ,아직 3회 차까지밖에 안 해서 잘 모르겠네요 ㅎㅎ,2019-12-26 18:48:21
377160,Fallout 4,positive,지금 몇시야?,지금 몇 시야 ?,2019-12-26 03:38:20
377160,Fallout 4,positive,사,사,2019-12-25 13:24:45
377160,Fallout 4,positive,말이필요없는 갓----겜,말 이 필요없는 갓 ---- 겜,2019-12-25 13:03:52
377160,Fallout 4,positive,갓-겜,갓 - 겜,2019-12-25 11:35:19
377160,Fallout 4,positive,"뉴 베가스와 비교하자면야 당연히 단점이 많이 보이겠지만 ... 그래픽과 모션, 타격감 때문에 뉴 베가스로도 못 돌아감 확실히 장점도 많은 게임. 한창 할 땐 진짜 재밌게 했는데 ㅠㅠ 빨리 5 나와주라..","뉴 베가스 와 비교 하자면야 당연히 단점 이 많이 보이겠지만 ... 그래픽 과 모션 , 타 격감 때문 에 뉴 베가스 로 도 못 돌아감 확실히 장점 도 많은 게임 . 한창 할 땐 진짜 재밌게 했는데 ㅠㅠ 빨리 5 나와주라 ..",2019-12-25 01:11:02
377160,Fallout 4,positive,"Gta 시리즈,레데리 시리즈 다음으로 갓겜","Gta 시리즈 , 레 데리 시리즈 다음 으로 갓 겜",2019-12-25 00:49:10
377160,Fallout 4,positive,레벨99까지 올려 봤습니다 레벨 40대까지는 총알이 저렴하고 연사가능한 저격소총 아마 308탄?을 썻던걸로..50구경은 너무 총알이 비싸고 연사가 안됨 70까지는 가우스건 썻던거 같아요 간간히 미사일런처 쓰고 99이후까지는 미사일런처 씁니다 가우스건이 제일 좋은줄 알았는데 적들레벨도 덩달아 올라버려서 미사일정도는 날려야 죽더라구요,레벨 99 까지 올려 봤습니다 레벨 40 대까지는 총알 이 저렴하고 연사 가능한 저격 소총 아마 308 탄 ? 을 썻던걸 로 .. 50 구경 은 너무 총알 이 비싸고 연사 가 안됨 70 까지는 가우스 건 썻던거 같아요 간간히 미 사일런 처 쓰고 99 이후 까지는 미 사일런 처 씁니다 가우스 건 이 제일 좋 은줄 알았는데 적 들 레벨 도 덩달아 올라 버려서 미사일 정도 는 날려야 죽더라구요,2019-12-25 00:23:56
377160,Fallout 4,positive,한글패치 씹ㅅ끼들아,한글패치 씹 ㅅ 끼 들 아,2019-12-24 02:07:38
377160,Fallout 4,positive,장점 재밌다 단점 좆같다,장점 재밌다 단점 좆 같다,2019-12-23 22:31:01
377160,Fallout 4,positive,재밌어요.,재밌어요 .,2019-12-23 21:51:10
377160,Fallout 4,positive,재미있다.,재미있다 .,2019-12-23 10:45:39
377160,Fallout 4,positive,꿀잼,꿀잼,2019-12-23 02:03:28
377160,Fallout 4,positive,고사양 컴 생기자 마자 가장 먼저 했던 게임. 처음부터 끝까지 진짜 재밌게 해서 오리지날만 샀던 게 아쉬웠던 게임... dlc를 추가로 사려니 넘 비싸고 세일기간 오니까 6개월만에 다시하기 그래서 dlc는 포기했던 기억이 있네여...(글고 dlc 따로 사면 개창렬...) 사실 분들은 처음부터 완전판으로 사세용... 집짓는게 취향이라 기지 짓는거에 시간 20시간은 쓴듯ㅋㅋㅋㅋ,고 사양 컴 생기 자 마자 가장 먼저 했던 게임 . 처음 부터 끝 까지 진짜 재밌게 해서 오리 지날만 샀던 게 아쉬웠던 게임 ... dlc 를 추가 로 사려 니 넘 비싸고 세 일 기간 오 니까 6 개월 만에 다시 하기 그래서 dlc 는 포기 했던 기억 이 있네여 ...( 글 고 dlc 따로 사면 개창 렬 ...) 사실 분 들 은 처음 부터 완전 판 으로 사 세용 ... 집 짓는게 취향 이라 기지 짓는거에 시간 20시간 은 쓴듯 ㅋㅋㅋㅋ,2019-12-22 21:57:49
377160,Fallout 4,positive,본편 스토리만 아니면 괜찮은 게임,본 편 스토리 만 아니면 괜찮은 게임,2019-12-21 20:52:42
377160,Fallout 4,positive,재밌음,재밌음,2019-12-21 19:20:30
377160,Fallout 4,positive,걍 해보세요. 호불호가 있는 게임이라 망설이신다면 창고78 을 먼저 해보세요.,걍 해보세요 . 호불호 가 있는 게임 이라 망설이 신다면 창고 78 을 먼저 해보세요 .,2019-12-21 04:45:41
377160,Fallout 4,positive,잼,잼,2019-12-20 17:43:02
377160,Fallout 4,positive,스카이림에 비해 뭐랄까요. 모드적 자유도가 덜하달까...어딘가 아쉬운 작품. 그리고 개인마다 다르겠지만 생각보다 깜놀요소가 있음. 바퀴벌레가...베데스다야 벌레에 너무 집착하는게 아니냐.,스카이림 에 비해 뭐랄까 요 . 모드 적 자유도 가 덜하 달까 ... 어딘가 아쉬운 작품 . 그리고 개인 마다 다르겠지만 생각 보다 깜놀 요소 가 있음 . 바퀴벌레 가 ... 베데스다 야 벌레 에 너무 집착 하는게 아니냐 .,2019-12-20 17:12:07
377160,Fallout 4,positive,망과 갓의 그 사이,망 과 갓 의 그 사이,2019-12-20 13:37:09
377160,Fallout 4,positive,버그가 많다. 모드 쓰고 싶지만 도전과제를 포기할 수가 없다. 그래도 재밌다.,버그 가 많다 . 모드 쓰고 싶지만 도전 과제 를 포기 할 수가 없다 . 그래도 재밌다 .,2019-12-20 12:32:51
377160,Fallout 4,positive,자유도가 높아서 게임하는데에 있어서 제 성향대로 진행할 수가 있어서 너무 재밌습니다~! 한글판은 어차피 인터넷 치면 패치하는법 다 나와서 게임하는데에 별 문제 없습니다,자유도 가 높아서 게임 하는데에 있어서 제 성향 대로 진행 할 수가 있어서 너무 재밌습니다 ~! 한글 판 은 어차피 인터넷 치면 패치 하는 법 다 나와서 게임 하는데에 별 문제 없습니다,2019-12-19 03:10:50
377160,Fallout 4,positive,폴아웃 4 입니다. 무슨 말이 필요합니까,폴아웃 4 입니다 . 무슨 말 이 필요합니까,2019-12-18 23:01:16
377160,Fallout 4,positive,2%모잘라서 명작이 되지 못한 게임 그 2%로는 바로 회사가 베다스다라는 것이다.,2% 모 잘라서 명작 이 되지 못 한 게임 그 2% 로는 바로 회사 가 베 다스 다라 는 것 이다 .,2019-12-17 18:47:49
377160,Fallout 4,positive,돌고돌아 결국 이 게임으로 돌아오게 된다. ㅈ데스다라지만 그래도 게임은 잘 만들었다.,돌고 돌아 결국 이 게임 으로 돌아오게 된다 . ㅈ 데스 다라 지만 그래도 게임 은 잘 만들었다 .,2019-12-17 18:03:21
377160,Fallout 4,positive,개인적으로 폴아웃시리즈는 전부 추천합니다,개인 적 으로 폴아웃 시리즈 는 전부 추천 합니다,2019-12-17 12:43:08
377160,Fallout 4,positive,전작 뉴베가스에 비해서 rpg로서의 정체성이 옅어진건 사실이지만 요즘 유행하는 오픈월드 액션 게임이라고 생각하면 상당히 괜찮은 게임. rpg의 관점에서는 그다지 추천하기 힘든데 기존 SPECIAL 시스템이 붕괴되서 전투를 제외하면 SPECIAL 수치가 게임 진행에 영향을 별로 주지않음,전작 뉴 베가스 에 비 해서 rpg 로서 의 정체 성 이 옅어진건 사실 이지만 요즘 유행 하는 오픈월드 액션 게임 이라고 생각 하면 상당히 괜찮은 게임 . rpg 의 관점 에서는 그다지 추천 하기 힘든데 기존 SPECIAL 시스템 이 붕괴 되서 전투 를 제외 하면 SPECIAL 수치 가 게임 진행 에 영향 을 별로 주지 않음,2019-12-17 11:52:47
377160,Fallout 4,positive,It is Fallout,It is Fallout,2019-12-17 00:21:41
377160,Fallout 4,positive,76보다 10000000000000000000000000000000000000000000000배 나음,76 보다 10000000000000000000000000000000000000000000000 배 나음,2019-12-16 21:06:06
377160,Fallout 4,positive,할만함.,할만 함 .,2019-12-16 05:13:19
377160,Fallout 4,positive,토도키 하와도 상의 마지막 역작.,토도 키 하와 도 상의 마지막 역작 .,2019-12-14 09:01:21
377160,Fallout 4,positive,모드 갓 겜,모드 갓 겜,2019-12-13 20:37:29
377160,Fallout 4,positive,깡패 시뮬레이터.,깡패 시뮬레이터 .,2019-12-13 12:30:41
377160,Fallout 4,positive,개꿀잼,개꿀잼,2019-12-12 23:54:29
377160,Fallout 4,positive,초반에 좀 적응하기 힘들지만 그 장벽만 넘으면 정말 우주 초 갓겜입니다.,초반 에 좀 적응하기 힘들지만 그 장벽 만 넘으면 정말 우주 초 갓 겜 입니다 .,2019-12-12 23:21:51
377160,Fallout 4,positive,탐험하는거 좋아한다면 강추! 개같은 버그 개 씹 개존나 튕기네 엿같은 베데스다,탐험 하는거 좋아한다면 강추 ! 개 같은 버그 개 씹 개 존나 튕기 네 엿같 은 베데스다,2019-12-12 19:45:24
377160,Fallout 4,positive,우왕 재미있어!,우왕 재미있어 !,2019-12-12 19:41:41
377160,Fallout 4,positive,good,good,2019-12-12 18:14:34
377160,Fallout 4,positive,스토리에서 아쉬움이 많았지만 그래도 재미있게 한것은 사실이라 따봉드림. 다음작은 여러 단점들이 개선되서 더좋은 작품으로 나왔으면 좋겠음,스토리 에서 아쉬움 이 많았지만 그래도 재미있게 한 것 은 사실 이라 따 봉 드림 . 다음 작은 여러 단점 들 이 개선 되서 더 좋은 작품 으로 나왔으면 좋겠음,2019-12-12 12:18:42
377160,Fallout 4,positive,재밌습니다. 파밍하고 집에 구조물 설치하고 발전 시키는 잼,재밌습니다 . 파밍 하고 집 에 구 조물 설치 하고 발전 시키는 잼,2019-12-12 07:45:27
377160,Fallout 4,positive,베데스다스럽다. 재밌네,베데스다 스럽다 . 재밌네,2019-12-11 19:37:06
377160,Fallout 4,positive,갓겜ㅎㅎ;,갓 겜 ㅎㅎ ;,2019-12-11 18:14:32
377160,Fallout 4,positive,재밌다,재밌다,2019-12-11 14:47:31
377160,Fallout 4,positive,모드겜이지만 모드게임이여서 갓겜이 되버린 게임.. 갓모더들이 있어 베데스다는 영원하리,모드 겜 이지만 모드 게임 이 여서 갓 겜 이 되 버린 게임 .. 갓 모 더 들 이 있어 베데스다 는 영원하리,2019-12-10 21:03:02
377160,Fallout 4,positive,처음엔 뭔가 싶었다가 스카이림 때와 마찬가지로 익숙해지면 이것만한 게임이 없습니다. 취직해야되는데 .....,처음 엔 뭔가 싶었다가 스카이림 때 와 마찬가지 로 익숙해지면 이 것 만 한 게임 이 없습니다 . 취직 해야 되는데 .....,2019-12-10 01:06:38
377160,Fallout 4,positive,폴아웃4 특유의 빌리징과 폐허를 재건시키는맛이있음,폴아웃 4 특유 의 빌리 징 과 폐허 를 재건 시키는 맛 이 있음,2019-12-09 22:45:40
377160,Fallout 4,positive,히힠,히 힠,2019-12-09 22:14:57
377160,Fallout 4,positive,wow,wow,2019-12-09 10:37:48
377160,Fallout 4,positive,재밌음,재밌음,2019-12-08 18:21:19
377160,Fallout 4,positive,역시 베데스다식 오픈월드가 재밌는거같음 나에게는..,역시 베데스다 식 오픈월드 가 재밌는거 같음 나 에게는 ..,2019-12-08 16:26:03
377160,Fallout 4,positive,게임은 재밌는데 기존 폴아웃의 스토리를 진행하며 마주치는 이런저런 인간과 집단을 보는 맛은 영 별로임 동료는 그나마 나은데 매력있는 npc들이 거의 없음. 팩션은 진짜 최악인데 나는 팩션 선택할때 되니까 한참 고민하다가 다 병신같아서 걍 겜 끄고 다시 안키는중. 폴아웃76 나올때 폴4처럼 만들거면 차라리 npc 안넣는게 욕 덜먹는거 지들도 알고있구나 생각했을정도 그래도 멸망한 세계에서 혼자 여행을 떠나는 느낌은 꽤 좋음. 싱글 탐험 FPS+RPG 로서는 훌륭함 고전 RPG의 느낌을 원한다면 거르고 그게 답답하다면 괜찮은 게임이라,게임 은 재밌는데 기존 폴아웃 의 스토리 를 진행 하며 마주치는 이런저런 인간 과 집단 을 보는 맛 은 영 별로 임 동료 는 그나마 나은데 매력 있는 npc 들이 거의 없음 . 팩션 은 진짜 최악 인데 나 는 팩션 선택 할 때 되니까 한참 고민 하다가 다 병신 같아서 걍 겜 끄고 다시 안키 는 중 . 폴아웃 76 나올 때 폴 4 처럼 만들거면 차라리 npc 안 넣는게 욕 덜 먹는거 지 들도 알고있구나 생각 했을 정도 그래도 멸망한 세계 에서 혼자 여행 을 떠나는 느낌 은 꽤 좋음 . 싱글 탐험 FPS + RPG 로서 는 훌륭함 고전 RPG 의 느낌 을 원한다면 거르 고 그게 답답하다면 괜찮은 게임 이라,2019-12-08 15:21:12
377160,Fallout 4,positive,똥컴 갈고 드뎌 해보는데 재밌네여,똥컴 갈고 드뎌 해보는데 재밌네여,2019-12-07 21:52:14
377160,Fallout 4,positive,이게임을 하시면 함과동시에 몇분안가 나가사키 눈뽕을 보게되실겁니다.,이 게임 을 하시면 함 과 동시 에 몇 분안 가 나가사키 눈뽕 을 보게되 실 겁니다 .,2019-12-07 19:18:05
377160,Fallout 4,positive,각박한 일상을 살다가 가끔씩 폴아웃을 키고 미쳐보는것도 괜찮을지도...?,각박한 일상 을 살다가 가끔 씩 폴아웃 을 키 고 미쳐 보는것도 괜찮을지도 ...?,2019-12-06 17:23:13
377160,Fallout 4,positive,뉴베가스가 더 재밌음. 할만은 한데.,뉴 베가스 가 더 재밌음 . 할만은 한데 .,2019-12-06 14:20:16
377160,Fallout 4,positive,재미있음,재미있음,2019-12-06 05:41:18
377160,Fallout 4,positive,갓겜 똥오줌4,갓 겜 똥 오줌 4,2019-12-06 05:17:58
377160,Fallout 4,positive,버그도 있다 그러나 재미도 있다.,버그 도 있다 그러나 재미 도 있다 .,2019-12-06 00:28:15
377160,Fallout 4,positive,꿀잼!,꿀잼 !,2019-12-05 22:53:27
377160,Fallout 4,positive,재밌다,재밌다,2019-12-05 22:01:17
377160,Fallout 4,positive,장점 : 1. 폴아웃 3을 재밌게 즐겼으면 폴아웃 4도 재미있다. 2. 드디어 커스터마이징 하고 싶은 욕구가 생길 정도로 전편에 비해서 발전했다. 3. 전편에 비해 파워 아머의 무게감 및 시각화가 훨씬 발전했다. 단점 : 1. 좋다는 사람들도 있지만 개인적으로 빌리징 시스템은 귀찮기만 하다. 2. 얄팍하게 플레이 시간을 늘리려 무한 반복 퀘스트를 주는데 재미도 없고 짜증만 난다. 3. 발전한 듯 하지만 여전히 엉성한 캐릭터 움직임과 발전이 전혀 없는 NPC들.,장점 : 1 . 폴아웃 3 을 재밌게 즐겼으면 폴아웃 4 도 재미있다 . 2 . 드디어 커스터 마이 징 하고 싶은 욕구 가 생길 정도 로 전편 에 비 해서 발전 했다 . 3 . 전편 에 비해 파워 아 머 의 무게 감 및 시각 화가 훨씬 발전 했다 . 단점 : 1 . 좋다는 사람 들 도 있지만 개인 적 으로 빌리 징 시스템 은 귀찮기만 하다 . 2 . 얄팍하게 플레이 시간 을 늘리려 무한 반복 퀘스트 를 주는데 재미 도 없고 짜증 만 난다 . 3 . 발전 한 듯 하지만 여전히 엉 성한 캐릭터 움직임 과 발전 이 전혀 없는 NPC 들 .,2019-12-05 19:37:11
377160,Fallout 4,positive,CBBE,CBBE,2019-12-05 04:10:23
377160,Fallout 4,positive,오픈월드 싫어하는데 개재밌다,오픈월드 싫어하는데 개 재밌다,2019-12-04 19:53:51
377160,Fallout 4,positive,버그개망겜,버그 개 망겜,2019-12-04 09:46:58
377160,Fallout 4,positive,[h1]폴아웃 76이라는 거대한 명작을 위한 첫걸음.[/h1] 본인은 폴아웃76 느낌내기 위해서 모든 NPC 제거 치트 쓰고 플레이함.,[ h 1 ] 폴아웃 76 이라는 거대한 명작 을 위 한 첫걸음 .[/ h 1 ] 본인 은 폴아웃 76 느낌 내기 위해 서 모든 NPC 제거 치트 쓰고 플레이 함 .,2019-12-04 01:00:58
377160,Fallout 4,positive,폴아웃 시리즈 폴아웃4를 처음 입문 해봤지만 재미있게 함 뉴베가스도 이번에 구입함 평가가 버그 및 한글 때문에 안좋은 평도 있지만 전 추천,폴아웃 시리즈 폴아웃 4 를 처음 입문 해봤지만 재미있게 함 뉴 베가스 도 이번 에 구입 함 평가 가 버그 및 한글 때문 에 안좋은 평 도 있지만 전 추천,2019-12-04 00:33:15
377160,Fallout 4,positive,5,5,2019-12-03 17:41:17
377160,Fallout 4,positive,영원히 질리지 않는 완벽한 포스트 아포칼립스 장난감,영원히 질리 지 않는 완벽한 포스트 아포칼립스 장난감,2019-12-03 16:03:35
377160,Fallout 4,positive,입문작으로 4로 해도 충분히좋고 모드라는것 알게되면 기본 100시간은 기본으로 플레이하는겜 다음작품도 기대하게되는겜~^^ 폴아웃76이요? 사악한놈들 저리꺼져라,입문 작 으로 4 로 해도 충분히 좋고 모드 라는 것 알 게 되면 기본 100시간 은 기본 으로 플레이 하는 겜 다음 작품 도 기대하게 되는 겜 ~^^ 폴아웃 76 이요 ? 사악한 놈 들 저리꺼져라,2019-12-03 05:58:15
377160,Fallout 4,positive,하는것도 보는것도 재밌었던 게임 신작 제대로 나오면 좋겟다리....,하는것도 보는것도 재밌었던 게임 신작 제대로 나오면 좋겟다리 ....,2019-12-03 03:33:23
377160,Fallout 4,positive,재미있음 넥서스모드 사이트를 검색하고 모드들 다운 받는법 배우고 하면 더 재미있음,재미있음 넥서스 모드 사이트 를 검색 하고 모드 들 다운 받는 법 배우고 하면 더 재미있음,2019-12-02 12:37:32
377160,Fallout 4,positive,하드디스크 1tb만 있으면 가아아아앗겜,하드디스크 1 tb 만 있으면 가아아아앗 겜,2019-12-02 08:29:42
377160,Fallout 4,positive,모드질하고있음 이껨이 DIY게임이라 느껴지기도 합니다만 확장성도 좋고 놀것도 많고 셀프서비스란게 유일한 약점,모드 질하고있음 이껨 이 DIY 게임 이라 느껴지 기도 합니다만 확장 성도 좋고 놀것도 많고 셀프서비스 란 게 유일한 약점,2019-12-02 01:07:33
377160,Fallout 4,positive,생각보단 잘 즐겼음 제작사 대부분의 게임이 버그가 많은편인데 역시 폴아웃4도 심하긴함 후반부 스토리가 선택으로 여러 엔딩을 볼수있는게 장단점,생각 보단 잘 즐겼음 제작사 대부분 의 게임 이 버그 가 많은 편 인데 역시 폴아웃 4 도 심하긴 함 후반 부 스토리 가 선택 으로 여러 엔딩 을 볼수있는게 장단점,2019-12-02 00:43:25
377160,Fallout 4,positive,바닐라로 해도 시간가는 줄 모르고 했네요 엔딩 보기 전입니다 바닐라 만으로도 거의 모든 컨텐츠(빌리징+모든퀘+모든 dlc)정도 하시면 충분히 200시간 플레이할수 있고 볼륨이 엄청 크다는 데서 추천할 만한듯,바닐라 로 해도 시간 가는 줄 모르고 했네요 엔딩 보기 전입 니 다 바닐라 만으로도 거의 모든 컨텐츠 ( 빌리 징 + 모든 퀘 + 모든 dlc ) 정도 하시면 충분히 200시간 플레이 할수 있고 볼륨 이 엄청 크다는 데 서 추천 할 만 한 듯,2019-12-01 22:45:15
377160,Fallout 4,positive,자 이제 시작해볼까,자 이제 시작 해볼까,2019-12-01 21:55:38
377160,Fallout 4,positive,당근빳따죠,당 근 빳 따죠,2019-12-01 21:33:13
377160,Fallout 4,positive,4개 새력중 하나 고르는게 제일 골치아픈거빼면 하루종일 재밌게 즐김,4 개 새 력 중 하나 고르는게 제일 골치 아픈거 빼면 하루 종일 재밌게 즐김,2019-12-01 20:14:50
377160,Fallout 4,positive,출시만 해주고 모더들이 완성시켜주는 게임,출시 만 해주고 모 더 들 이 완성 시켜주는 게임,2019-12-01 18:43:52
377160,Fallout 4,positive,굿,굿,2019-12-01 18:06:03
377160,Fallout 4,positive,파이퍼를 섭외하세요!,파이퍼를 섭외 하세요 !,2019-12-01 12:47:50
377160,Fallout 4,positive,"메인 퀘스트의 목표, 목표에 따른 캐릭터의 성향이 너무 진해서 개연성으로 보자면 선택지가 상당히 제한되는 점, 나사가 하나 빠진 것 같은 빌리징, 심심하면 터져나오는 퀘꼬임 버그, 본편의 행적을 선택하면 10분컷 나는 DLC 아쉬운 점은 많긴한데 베데스다 게임은 원래 그러려니 하면서 모드로 채워나가는거라고 생각하니 그렇게까지 나쁜건 아닌것 같습니다 선택지의 스토리 개연성적인 강제사항이야, 플레이어가 선성향으로 플레이하면서 여기저기 도움좀 받고 다니면, 생각보다 딜레마가 크게 느껴져서 한가지 루트로 직행한다는 느낌이 없지만 나","메인 퀘스트 의 목표 , 목표 에 따른 캐릭터 의 성향 이 너무 진해서 개연 성 으로 보자면 선택 지 가 상당히 제한 되는 점 , 나사 가 하나 빠진 것 같은 빌리 징 , 심심하면 터져 나오는 퀘 꼬임 버그 , 본 편의 행적 을 선택 하면 10분 컷 나 는 DLC 아쉬운 점 은 많긴한데 베데스다 게임 은 원래 그러려니 하면서 모드 로 채워 나가는거라고 생각 하니 그렇게 까지 나쁜건 아닌것 같습니다 선택 지 의 스토리 개연 성적 인 강제 사항 이야 , 플레이어 가 선 성향 으로 플레이 하면서 여기저기 도움 좀 받고 다니면 , 생각 보다 딜레마 가 크게 느껴져서 한가지 루트 로 직행 한다는 느낌 이 없지만 나",2019-12-01 11:28:48
377160,Fallout 4,positive,역시 베데스다....모드의 끝판왕,역시 베데스다 .... 모드 의 끝판 왕,2019-12-01 10:10:28
377160,Fallout 4,positive,"욕하면서 하는 게임, 모드를 통해서 완성되지만 게임 재미 자체는 이미 완성되어 있는 게임이다.","욕 하면서 하는 게임 , 모드 를 통해 서 완성 되지만 게임 재미 자체 는 이미 완성 되어 있는 게임 이다 .",2019-12-01 09:50:41
377160,Fallout 4,positive,good ㅎㅎㅎㅎㅎㅎㅎㅎㅎㅎㅎㅎ,good ㅎㅎㅎㅎㅎㅎㅎㅎㅎㅎㅎㅎ,2019-11-30 23:37:34
377160,Fallout 4,positive,게임 분위기 때문에 정신병 걸릴거 같아요;;,게임 분위기 때문 에 정신병 걸릴거 같아요 ;;,2019-11-30 21:26:34
377160,Fallout 4,positive,못난 아들,못 난 아들,2019-11-30 20:42:38
377160,Fallout 4,positive,최고의 작품. - 점수 ★★★★☆ - 한글 패치 지원. - 엘더스크롤 스카이림 이후 베데스다사 수작. - 지금은 호평이 일색이지만 당시만 해도 호불호가 확연했다. 호평은 역시 재밌다는 점이다. 폴아웃 시리즈 특유 재미를 그대로 계승했으며 오히려 더욱 확장한 면도 있다. 하우징 시스템 / 동료 친분 퀘스트 등 여러 방면으로 확장된 면이 많은 게임이다. FPS 오픈월드 게임을 좋아한다면 당연히 강력 추천한다. 다만 혹평도 만만치 않게 있다. 대표적인 비판은 각 팩션 엔딩이 크게 차이가 없다는 것이다. 결론은 결국 한 쪽을 선택하,최고 의 작품 . - 점수 ★★★★☆ - 한글 패치 지원 . - 엘더스크롤 스카이림 이후 베데스다 사 수작 . - 지금 은 호평 이 일색 이지만 당시 만 해도 호불호 가 확연 했다 . 호평 은 역시 재밌다는 점 이다 . 폴아웃 시리즈 특유 재미 를 그대로 계승 했으며 오히려 더욱 확장 한 면도 있다 . 하우 징 시스템 / 동료 친분 퀘스트 등 여러 방면 으로 확장 된 면 이 많은 게임 이다 . FPS 오픈월드 게임 을 좋아한다면 당연히 강력 추천 한다 . 다만 혹평 도 만 만치 않게 있다 . 대표 적 인 비판 은 각 팩션 엔딩 이 크게 차이 가 없다는 것 이다 . 결론 은 결국 한 쪽 을 선택 하,2019-11-30 19:22:07
377160,Fallout 4,positive,자유도 높고 컨텐츠가 매우 풍부한 갓겜 - 모드에 조금 더 자유를 달라 베데스다! -,자유도 높고 컨텐츠 가 매우 풍부한 갓 겜 - 모드 에 조금 더 자유 를 달라 베데스다 ! -,2019-11-30 18:40:27
377160,Fallout 4,positive,니가 뭘 원하는 지 몰라서 다 넣어봤어 장르의 게임 입니다.,니 가 뭘 원하는 지 몰라서 다 넣어 봤어 장르 의 게임 입니다 .,2019-11-30 17:51:58
377160,Fallout 4,positive,솔직히 말하자면 왜 하우징이랑 가비 퀘스트 만든진 모르겠지만 어쨌든 장군님 여기 장군님의 도움이 필요한 정착지가 있습니다. 여기 지도에 표시해두겠습니다.,솔직히 말 하자면 왜 하우 징 이랑 가비 퀘스트 만든진 모르겠지만 어쨌든 장군 님 여기 장군 님 의 도움 이 필요한 정착 지 가 있습니다 . 여기 지도 에 표시 해 두겠습니다 .,2019-11-30 11:56:55
377160,Fallout 4,positive,재미가 있다.,재미 가 있다 .,2019-11-30 09:14:28
377160,Fallout 4,positive,핵폭발이후 살아나가는 황무지 생활 개꿀잼입니다,핵폭발 이후 살아나가는 황무지 생활 개꿀잼 입니다,2019-11-29 15:44:23
377160,Fallout 4,positive,말이 필요한가? 굳이 ? 대체 왜 말이 필요하지 ?,말 이 필요한가 ? 굳이 ? 대체 왜 말 이 필요하지 ?,2019-11-29 10:09:12
377160,Fallout 4,positive,벌레 시이발 진짜;;,벌레 시 이발 진짜 ;;,2019-11-29 07:58:46
377160,Fallout 4,positive,가장 완성도가 덜떨어지는 희대의 졸작이자 가장 완성도가 높아진 띵작이기도하다 96시간 이후 추가 내용을 개재합니다 폴아웃4는 전작보다 못하지만 여전히 재미있는게임입니다 탐험하는맛은 일품에 적을 대화로 구워 삶을수도 위협을 할수도 선한행동을 할수도있고 악한 행동으로 일을 해결할수도있죠 탐험요소는 정말 탄탄하고 흥미롭게 만들었다고 장담할수있습니다 하지만 이 게임은 오로지 바닐라로만 게임할것이 아니라면 선행해야하는게 베데스다 게임에대한 '지식' 입니다 i7 6700 1070 16gb라는 사양으로도 극심한 프레임드랍에 시달렸으며 수많,가장 완성 도 가 덜 떨어지는 희 대의 졸작 이자 가장 완성 도 가 높아진 띵작 이기도 하다 96시간 이후 추가 내용 을 개재 합니다 폴아웃 4 는 전작 보다 못 하지만 여전히 재미있는 게임 입니다 탐험 하는 맛 은 일품 에 적 을 대화 로 구워 삶을수도 위협 을 할수도 선한 행동 을 할수도 있고 악한 행동 으로 일 을 해결 할수도 있죠 탐험 요소 는 정말 탄탄하고 흥미롭게 만들었다고 장담 할수있습니다 하지만 이 게임 은 오로지 바닐라 로만 게임 할것이 아니라면 선행 해야하는게 베데스다 게임 에 대한 ' 지식 ' 입니다 i 7 6700 1070 16 gb 라는 사양 으로도 극심한 프레임 드랍 에 시달렸으며 수많,2019-11-29 04:54:51
377160,Fallout 4,positive,버그가 많긴 하지만 그래도 좋아하는 게임,버그 가 많긴 하지만 그래도 좋아하는 게임,2019-11-28 23:27:43
377160,Fallout 4,positive,가을출타,가을 출타,2019-11-28 21:45:32
377160,Fallout 4,positive,여캐보다 남캐가 더 꾸미기 좋은 게임. 보통 이런 게임 있으면 여캐를 하는데 베데스다 게임에서는 여캐에 손이 안감. 절.대.남.캐.해.,여캐 보다 남캐 가 더 꾸미기 좋은 게임 . 보통 이런 게임 있으면 여캐 를 하는데 베데스다 게임 에서는 여캐 에 손 이 안감 . 절 . 대 . 남 . 캐 . 해 .,2019-11-28 17:46:16
377160,Fallout 4,positive,"포스트 아포칼립스 세계관에 시간 가는 줄 모르고 푹 빠져보고 싶다면 추천! 폴아웃 3와 뉴 베가스 특유의 조잡함이 완화되고 그래픽도 좋아져 더 현실적인 느낌을 준다. 또 터렛이 작동하고 물과 음식을 스스로 구할 수 있는 기지를 만들어 황무지 안에서 아늑한 휴식을 취하고, 바깥에서 얻은 재료로(필요한 재료를 태그할 수 있어서 너무 편했다) 무기와 방어구를 커스터마이즈 해서 사용하는 재미가 쏠쏠하다. 개인적으로 3와 뉴베가스 때의 무기와 방어구 내구도 시스템이 없어져 쓸때마다 닳아 못쓸것이라는 걱정을 안해도 된다는 게 너무 마음에 든","포스트 아포칼립스 세계관 에 시간 가는 줄 모르고 푹 빠져 보고 싶다면 추천 ! 폴아웃 3 와 뉴 베가스 특유 의 조잡함이 완화 되고 그래픽 도 좋아져 더 현실 적 인 느낌 을 준다 . 또 터렛 이 작동 하고 물 과 음식 을 스스로 구 할 수 있는 기지 를 만들어 황무지 안 에서 아늑한 휴식 을 취하 고 , 바깥 에서 얻은 재료 로 ( 필요한 재료 를 태그 할 수 있어서 너무 편했다 ) 무기 와 방어 구를 커스터 마 이즈 해서 사용 하는 재미 가 쏠쏠하다 . 개인 적 으로 3 와 뉴 베가스 때 의 무기 와 방어 구 내 구도 시스템 이 없어져 쓸 때 마다 닳아 못 쓸것이라는 걱정 을 안해 도 된다는 게 너무 마음 에 든",2019-11-28 16:27:47
377160,Fallout 4,positive,내 인생 최고의 게임,내 인생 최고 의 게임,2019-11-28 11:16:13
377160,Fallout 4,positive,재밌긴 한데 얼굴이 대체적으로 삭음,재밌긴 한데 얼굴 이 대 체적 으로 삭음,2019-11-28 09:56:48
377160,Fallout 4,positive,따봉,따 봉,2019-11-28 00:03:54
377160,Fallout 4,positive,bethesda,bethesda,2019-11-28 00:01:44
377160,Fallout 4,positive,역시 베데스다,역시 베데스다,2019-11-28 00:01:29
377160,Fallout 4,positive,추억의게임,추억 의 게임,2019-11-27 23:46:03
377160,Fallout 4,positive,"버그, 오류, 스토리 진행 중 튕김, 켜자마자 팅김, 메인 / 서브 스토리 진행불가 (서브는 캐봇만) 만 제외하면 다 좋은게임","버그 , 오류 , 스토리 진행 중 튕김 , 켜자마자 팅김 , 메인 / 서브 스토리 진행 불가 ( 서브 는 캐봇 만 ) 만 제외 하면 다 좋은 게임",2019-11-27 23:37:10
377160,Fallout 4,positive,good,good,2019-11-27 23:33:43
377160,Fallout 4,positive,Make America Great Again,Make America Great Again,2019-11-27 21:31:13
377160,Fallout 4,positive,이겜은 모드가 본컨텐츠입니다.,이 겜 은 모드 가 본 컨텐츠 입니다 .,2019-11-27 21:17:14
377160,Fallout 4,positive,플탐 300 넘고 3회차 플레이 하면서 모드 제대로 사용하는 방법 배워서 신세계를 맛보는 중. 그 전까지는 모드를 잘 몰라서 아무거나 막 받았다가 모드 충돌 일어나고 모드 돌아가는 원리 같은거도 몰라서 겜 아얘 실행 안되고 오류나고 그랬는데 모드 공부좀 하고서 모드 100개 넘게 돌리면서 아주 가끔 튕기는거 빼면 문제없이 하는중. 바닐라 좋아하는 사람은 바닐라 대로 즐기면 되지만 모드를 쓰고 안쓰고에 따라 게임의 수준이 엄청나게 차이남. 다른 게임 하는 느낌임.,플 탐 300 넘고 3회 차 플레이 하면서 모드 제대로 사용 하는 방법 배워서 신세계 를 맛보는 중 . 그 전 까지는 모드 를 잘 몰라서 아무 거나 막 받았다가 모드 충돌 일어나고 모드 돌아가는 원리 같은거도 몰라서 겜 아 얘 실행 안되고 오류 나고 그랬는데 모드 공부 좀 하고서 모드 100 개 넘게 돌리면서 아주 가끔 튕 기는거 빼면 문제 없이 하는 중 . 바닐라 좋아하는 사람 은 바닐라 대로 즐기면 되지만 모드 를 쓰고 안 쓰고에 따라 게임 의 수준 이 엄청나게 차이남 . 다른 게임 하는 느낌 임 .,2019-11-27 20:49:13
377160,Fallout 4,positive,good,good,2019-11-27 16:00:48
377160,Fallout 4,positive,메인 중반부까지는 재미있으나 마음에 드는 팩션이 없어서 후반부는 흥미가 떨어진다 서브퀘와 DLC는 전부 재미있다,메인 중반 부 까지는 재미있으나 마음 에 드는 팩션 이 없어서 후반 부는 흥미 가 떨어진다 서브 퀘 와 DLC 는 전부 재미있다,2019-11-27 15:01:08
377160,Fallout 4,positive,똥오줌4 똥오줌4 하지만 솔직히 재밌음 ㅇㅇ,똥 오줌 4 똥 오줌 4 하지만 솔직히 재밌음 ㅇㅇ,2019-11-27 14:28:19
377160,Fallout 4,positive,3와 베가스의 스토리를 탈피해서 새로운 폴아웃으로 태어난 시작점,3 와 베가스 의 스토리 를 탈피 해서 새로운 폴아웃 으로 태어난 시작 점,2019-11-27 12:54:04
377160,Fallout 4,positive,한 캐릭당 70+ 시간 이상을 뽑아먹을 수 있는 게임. 근데 조작감은 마우스를 묶어놓은듯한 느낌임. 그걸 제외 하더라도 재밌는 게임인것은 맞다.,한 캐릭 당 70 + 시간 이상 을 뽑아 먹을 수 있는 게임 . 근데 조작 감은 마우스 를 묶어놓은 듯 한 느낌 임 . 그걸 제외 하더라도 재밌는 게임 인 것 은 맞다 .,2019-11-27 12:03:35
377160,Fallout 4,positive,우선장점은 방대한 볼륨과 인간군상들을 만나볼수있다는점이고요 단점은 베데스다 단점들이 고쳐지지 않았다는거내요,우선 장점 은 방대한 볼륨 과 인간 군상 들 을 만나 볼수있다는 점 이 고요 단점 은 베데스다 단점 들 이 고쳐지지 않았다는거내요,2019-11-27 10:16:43
377160,Fallout 4,positive,베데스다 게임답게 모드없이는 원할한 플레이가 불가능하지만 자유도 높은 오픈월드게임 좋아하면 괜찬은선택,베데스다 게임 답 게 모드 없이는 원할한 플레이 가 불가능하지만 자유도 높은 오픈월드 게임 좋아하면 괜찬 은 선택,2019-11-27 09:42:48
377160,Fallout 4,positive,"The greatest game in my life is the fallout series. Developers have changed a lot, from interplay . New World Computing to Bethesda, but the concept is still there. I am disappointed that Fallout 4 has weakened storytelling compared to the former series.","The greatest game in my life is the fallout series . Developers have changed a lot , from interplay . New World Computing to Bethesda , but the concept is still there . I am disappointed that Fallout 4 has weakened storytelling compared to the former series .",2019-11-27 03:56:01
377160,Fallout 4,positive,기념) 1시간만 더하면 100시간 :D 이만 적고 게임을 하러 갑니다 :-),기념 ) 1시간 만 더하면 100시간 : D 이만 적고 게임 을 하러 갑니다 :-),2019-11-26 23:23:22
377160,Fallout 4,positive,매력적인 세계관 엉성한 내러티브 화끈해진 총싸움,매력 적 인 세계관 엉 성한 내러티브 화끈해진 총 싸움,2019-11-26 20:50:28
377160,Fallout 4,positive,aedq,aedq,2019-11-26 17:05:40
377160,Fallout 4,positive,두말 할 필요 있나? 폴아웃이다.,두 말 할 필요 있나 ? 폴아웃 이다 .,2019-11-26 15:28:35
377160,Fallout 4,positive,으아아 폴아웃4 굉장해요욧욧욧욧!!!!!!,으아아 폴아웃 4 굉장해요 욧욧욧욧 !!!!!!,2019-11-25 23:42:51
377160,Fallout 4,positive,그래 게임을 못만들면 모딩이라도 활성화해라,그래 게임 을 못 만들면 모딩 이라도 활성화 해라,2019-11-25 20:22:19
377160,Fallout 4,positive,유저모드 판이 사라져가는 이시대에 모드떡칠 게임계의 희망,유저 모드 판이 사라져가는 이 시대 에 모드 떡칠 게임 계 의 희망,2019-11-25 19:04:20
377160,Fallout 4,positive,MODS MAKE BETHESDA GREAT AGAIN,MODS MAKE BETHESDA GREAT AGAIN,2019-11-25 18:24:43
377160,Fallout 4,positive,그냥 집짓고 유랑하고 퀘스트 하다보면 은근 재미있음.,그냥 집 짓고 유랑 하고 퀘스트 하다 보면 은근 재미있음 .,2019-11-25 16:00:46
377160,Fallout 4,positive,다른 게임들에서 못 느끼는 자유를 느낄수 있다,다른 게임 들 에서 못 느끼는 자유 를 느낄수 있다,2019-11-24 12:22:06
377160,Fallout 4,positive,잘만든 명작게임이다. 시스템 스토리 그래픽 10점 만점에 9점 주고싶다. 1점 빼는 이유는 한글화 한글화가 있으면 좋을텐데 진행하는데 영어라 몰입이 떨어졌다.,잘만 든 명작 게임 이다 . 시스템 스토리 그래픽 10 점 만점 에 9 점 주고싶다 . 1 점 빼는 이유 는 한글화 한글화 가 있으면 좋을텐데 진행 하는데 영어 라 몰입 이 떨어졌다 .,2019-11-23 23:54:21
377160,Fallout 4,positive,여러분이 할게 없고 심심하다면 이 게임 하나면 30일은 재밌게 플레이 할수있을 정도의 여러 빌드와 여러 NPC들의 이야기 등을 체험할수있음.,여러분 이 할게 없고 심심하다면 이 게임 하나 면 30일 은 재밌게 플레이 할수있을 정도 의 여러 빌드 와 여러 NPC 들의 이야기 등 을 체험 할수있음 .,2019-11-23 22:02:14
377160,Fallout 4,positive,폴아웃5에는 뭔가 바뀌겠죠...?,폴아웃 5 에는 뭔가 바뀌겠죠 ...?,2019-11-23 19:00:06
377160,Fallout 4,positive,명작 게임 폴아웃76이 스토리모드로 나왔다면 얼마나 좋았을까,명작 게임 폴아웃 76 이 스토리 모드 로 나왔다면 얼마나 좋았을까,2019-11-23 15:56:14
377160,Fallout 4,positive,아무리 욕을 해도 베데스다 게임 말고는 할 게 없다,아무리 욕 을 해도 베데스다 게임 말고는 할 게 없다,2019-11-23 10:31:59
377160,Fallout 4,positive,재밌어요,재밌어요,2019-11-23 09:53:03
377160,Fallout 4,positive,"모드질로 계속 하게 되는 게임인데, 그놈의 바퀴벌레좀 아 진짜","모드 질 로 계속 하게 되는 게임 인데 , 그 놈 의 바퀴벌레 좀 아 진짜",2019-11-22 21:24:31
377160,Fallout 4,positive,"폴아웃3는 윈10과 호환이 안되 자꾸 멈춰서 싫었는데, 폴아웃4는 윈10과 호환이 되어 한글패치만 잘하면 재미있게 할 수 있습니다. 구성찬 스토리와 메인퀘스트, 알찬 서브퀘스트 등 오랫동안 플레이 할 수 있어서 너무 좋습니다.","폴아웃 3 는 윈 10 과 호환 이 안되 자꾸 멈춰서 싫었는데 , 폴아웃 4 는 윈 10 과 호환 이 되어 한글패치 만 잘 하면 재미있게 할 수 있습니다 . 구 성찬 스토리 와 메인 퀘스트 , 알찬 서브 퀘스트 등 오랫동안 플레이 할 수 있어서 너무 좋습니다 .",2019-11-22 19:31:52
377160,Fallout 4,positive,너무너무너무너무너무너무너무너무너무 재미있어요 폴아웃4,너무 너무 너무 너무 너무 너무 너무 너무 너무 재미있어요 폴아웃 4,2019-11-22 17:06:29
377160,Fallout 4,positive,good,good,2019-11-22 15:53:34
377160,Fallout 4,positive,재미있다 하지만하글패치안되있다,재미있다 하지 만하 글 패치 안되있다,2019-11-22 10:45:15
377160,Fallout 4,positive,쉬뿔....버그,쉬뿔 .... 버그,2019-11-22 05:28:49
377160,Fallout 4,positive,퀴리쨩 때문에 봐준다...,퀴리 쨩 때문 에 봐 준다 ...,2019-11-21 23:57:53
377160,Fallout 4,positive,"꾸준히 하지는 않지만, 틈틈히 즐기고 있습니다. 엔딩을 보기보다는 자꾸 옆길로 새고 있네요. 스토리보다 다른게 재밌는 게임","꾸준히 하지는 않지만 , 틈틈히 즐기고 있습니다 . 엔딩 을 보기 보다는 자꾸 옆길 로 새고 있네요 . 스토리 보다 다른 게 재밌는 게임",2019-11-21 22:13:35
377160,Fallout 4,positive,맵보고 되게 좁다고 느꼈는데 그에비해 할건 많네요. 사기모드만 안깔고하면 생각보다 할만합니다. 이쁘니 모드들 깔고하면 재미가 n배 !,맵 보고 되게 좁다고 느꼈는데 그 에 비해 할건 많네요 . 사 기 모드 만 안 깔고하면 생각 보다 할만 합니다 . 이쁘니 모드 들 깔고하면 재미 가 n 배 !,2019-11-21 21:52:37
377160,Fallout 4,positive,Gae GGool,Gae GGool,2019-11-21 20:17:05
377160,Fallout 4,positive,가비 야발,가비 야 발,2019-11-21 16:55:01
377160,Fallout 4,positive,쓰레기같은 업데이트 작작해...,쓰레기 같은 업데이트 작작해 ...,2019-11-21 16:33:16
377160,Fallout 4,positive,"음, fallout3를 했던 경험에 비추어 보면 조금 실망스럽다. 재밌긴 하다. 메인퀘스트위주로만 클리어했고, 또 하고 싶은 생각은 안든다.","음 , fallout 3 를 했던 경험 에 비추어 보면 조금 실망 스럽다 . 재밌긴 하다 . 메인 퀘스트 위주 로만 클리어 했고 , 또 하고 싶은 생각 은 안든다 .",2019-11-21 08:57:15
377160,Fallout 4,positive,젬있어,젬있어,2019-11-19 13:57:07
377160,Fallout 4,positive,도전과제 100% 달성하고 글을 쓴다.. 어느덧 플레이 타임 300시간이 넘어버렸고... 모드 깔면 수명이 더 늘어나겠지만 도전과제 때문에 안깔고 플레이함... 바닐라만 해도 충분히 재밌고 스토리도 나름 몰입감있다... 뉴베랑 폴3를 안했던 사람이라 부정적인 느낌은 들지 않았다. 그래도 메트로 같은 세기말 슈팅 RPG를 꽤 해본 입장에서 폴아웃4는 정말 잘 만들어진 게임이다. 애초에 본인은 필라스 같은 다중선택지에 익숙한 유저다 보니 오히려 더 재밌게 느꼈을지도 모르겠다. 지인의 경우 결정장애가 있어서 이런겜 도저히 못하겠다더라,도전 과제 100% 달성 하고 글 을 쓴다 .. 어느덧 플레이 타임 300시간 이 넘어 버렸고 ... 모드 깔면 수명 이 더 늘어나겠지만 도전 과제 때문 에 안 깔고 플레이 함 ... 바닐라 만 해도 충분히 재밌고 스토리 도 나름 몰입 감있다 ... 뉴베 랑 폴 3 를 안 했던 사람 이라 부정 적 인 느낌 은 들지 않았다 . 그래도 메트로 같은 세기말 슈팅 RPG 를 꽤 해본 입장 에서 폴아웃 4 는 정말 잘 만들어진 게임 이다 . 애초 에 본인 은 필 라스 같은 다중 선택 지에 익숙한 유저 다 보니 오히려 더 재밌게 느꼈을지도 모르겠다 . 지인 의 경우 결정 장애 가 있어서 이런 겜 도저히 못 하겠다더라,2019-11-18 21:28:47
377160,Fallout 4,positive,업적깨긴 해야하는데 모드 없으면 토도키겜이 아니잖아?,업적 깨긴 해야하는데 모드 없으면 토도 키겜 이 아니잖아 ?,2019-11-18 19:39:53
377160,Fallout 4,positive,이건(정식한글패치 해주셈) 오픈월드의 혁명이며(정식한글패치 해주셈) 나의행동 하나하나가(정식한글패치 해주셈) (정식한글패치 해주셈)중요하게 되는(정식한글패치 해주셈) 디테일이 있으며 (정식한글패치 해주셈)그로인한 버그는 있지만(정식한글패치 해주셈) 그런것은 신경안쓸일정도로(정식한글패치 해주셈) 재미있다.(정식한글패치 해주셈),이건 ( 정식 한글패치 해주셈 ) 오픈월드 의 혁명 이며 ( 정식 한글패치 해주셈 ) 나 의 행동 하나 하나 가 ( 정식 한글패치 해주셈 ) ( 정식 한글패치 해주셈 ) 중요하게 되는 ( 정식 한글패치 해주셈 ) 디테 일이 있으며 ( 정식 한글패치 해주셈 ) 그로 인 한 버그 는 있지만 ( 정식 한글패치 해주셈 ) 그런 것 은 신경안 쓸 일정 도로 ( 정식 한글패치 해주셈 ) 재미있다 .( 정식 한글패치 해주셈 ),2019-11-18 19:37:27
377160,Fallout 4,positive,폴아웃 재밋엉,폴아웃 재밋엉,2019-11-18 18:54:37
377160,Fallout 4,positive,존ㄴㄴ잼... 내용 다 알고 해도 존잼 진짜루 유튜브같은데 올라온 것 이상으로 따로 할수있는거 많고 재밌음.,존 ㄴㄴ 잼 ... 내용 다 알 고 해도 존잼 진짜루 유튜브 같은데 올라온 것 이상 으로 따로 할수있는거 많고 재밌음 .,2019-11-18 13:04:30
377160,Fallout 4,positive,U must play this this is best game in my life,U must play this this is best game in my life,2019-11-17 21:57:19
377160,Fallout 4,positive,베데스다 신작이 나왔지만 여전히 최고다 가을출타 4,베데스다 신작 이 나왔지만 여전히 최고다 가을 출타 4,2019-11-17 15:33:33
377160,Fallout 4,positive,개꿀잼,개꿀잼,2019-11-17 02:46:49
377160,Fallout 4,positive,장점 모험 굳 전작보단 타격감 ㄱㅊ 그래픽 똥은아님 모드좋음 단점 버그 많음 최적화 씹창임 정착지 잣같음 총평 세일때 사자 모드빨겜..,장점 모험 굳 전작 보단 타 격감 ㄱㅊ 그래픽 똥 은 아님 모드 좋음 단점 버그 많음 최적화 씹 창임 정착 지 잣 같음 총 평 세 일 때 사자 모드 빨겜 ..,2019-11-16 13:46:39
377160,Fallout 4,positive,끝.,끝 .,2019-11-16 03:50:38
377160,Fallout 4,positive,오픈월드 게임을 꺼리게된 이유가 한번플레이하고 방 밖을 나오면 한 계절이 지났다는걸 알게 되었기 때문이다.,오픈월드 게임 을 꺼리게 된 이유 가 한번 플레이 하고 방 밖 을 나오면 한 계절 이 지났다는걸 알 게 되었기 때문 이다 .,2019-11-14 21:10:18
377160,Fallout 4,positive,많이 플레이하진 않았지만 굳이 평가를 해보자면 좀 재미있네요,많이 플레이 하진 않았지만 굳이 평가 를 해보자면 좀 재미있네요,2019-11-14 21:06:22
377160,Fallout 4,positive,많은거 안바라고 돌아다니고 발견하고 이런거에 흥미있으면 재밌는 겜,많은거 안 바라고 돌아다니고 발견 하고 이런 거 에 흥미 있으면 재밌는 겜,2019-11-14 13:33:49
377160,Fallout 4,positive,전작보다 대화문이나 카르마 시스템 같은 수많은 시스템이 사라지고 퇴화되었지만 어째서인지 결국에는 돌아오게 되는 베데스다류의 웰메이드 오픈월드 RPG입니다 엔딩은 어느쪽으로 가도 찝찝하니 기대하지 마시고 게임 자체의 핵전쟁 후 폐허세계를 탐험한다는 데에 비중을 두고 플레이하면 찬사가 나올겁니다 물론 베데스다류 게임답게 섹렙에 수많은 종류의 포주모드가 있으니 원하시는 분은 골라잡으셔도 됩니다,전작 보다 대화 문 이나 카르마 시스템 같은 수많은 시스템 이 사라지고 퇴화 되었지만 어째서 인지 결국 에는 돌아오게 되는 베데스다 류 의 웰 메이드 오픈월드 RPG 입니다 엔딩 은 어느 쪽 으로 가도 찝찝하니 기대하지 마시고 게임 자체 의 핵전쟁 후 폐허 세계 를 탐험 한다는 데 에 비중 을 두고 플레이 하면 찬사 가 나올 겁니다 물론 베데스다 류 게임 답 게 섹렙 에 수많은 종류 의 포주 모드 가 있으니 원하시는 분 은 골라 잡으셔도 됩니다,2019-11-13 20:30:11
377160,Fallout 4,positive,개꿀잼 나나코 모드도 꿀잼,개꿀잼 나나 코 모드 도 꿀잼,2019-11-13 18:50:41
377160,Fallout 4,positive,good,good,2019-11-13 12:37:15
377160,Fallout 4,positive,똥오줌에 모더들 다시 몰리기 시작해서 할만함,똥 오줌 에 모 더 들 다시 몰리기 시작 해서 할만 함,2019-11-12 17:30:07
377160,Fallout 4,positive,폴아웃76에비하면 정말 갓겜이라고 불릴게임입니다. 굿굿~ 모드적용해서 하고있는데 정말 재밌네요.ㅋㅋ,폴아웃 76 에 비하면 정말 갓 겜 이라고 불릴 게임 입니다 . 굿굿 ~ 모드 적 용해서 하고있는데 정말 재밌네요 . ㅋㅋ,2019-11-12 16:49:36
377160,Fallout 4,positive,모드 깔고 즐기다 보면... 어느세 500시간 돌파....,모드 깔고 즐기다 보면 ... 어느 세 500시간 돌파 ....,2019-11-12 14:34:24
377160,Fallout 4,positive,망작망작 소리하지만 오픈월드 좋아하는 사람은 결국 하게될 게임,망 작 망작 소리 하 지만 오픈월드 좋아하는 사람 은 결국 하게 될 게임,2019-11-12 00:09:08
377160,Fallout 4,positive,:),:),2019-11-11 21:54:25
377160,Fallout 4,positive,재밌음 모드깔면 더 재밌음 버그는 어쩔수 없음 ..,재밌음 모드 깔면 더 재밌음 버그 는 어쩔 수 없음 ..,2019-11-11 21:47:21
377160,Fallout 4,positive,이 세상은 꿈도 희망도 없어.. 인스티튜드 충성충성,이 세상 은 꿈 도 희망 도 없어 .. 인 스티 튜드 충성 충성,2019-11-11 17:54:54
377160,Fallout 4,positive,굿,굿,2019-11-11 09:37:24
377160,Fallout 4,positive,처음은 그냥 다음은 모드 스카이림 처럼,처음 은 그냥 다음 은 모드 스카이림 처럼,2019-11-10 17:23:44
377160,Fallout 4,positive,그냥 뭐... 느긋하게 돌아다니면서 시간죽이기 좋은게임,그냥 뭐 ... 느긋하게 돌아다니면서 시간 죽이기 좋은 게임,2019-11-10 15:53:02
377160,Fallout 4,positive,잼,잼,2019-11-10 14:09:58
377160,Fallout 4,positive,.,.,2019-11-10 10:53:48
377160,Fallout 4,positive,살때 dlc도 함께 사시길,살때 dlc 도 함께 사시길,2019-11-10 01:54:13
377160,Fallout 4,positive,"좋은 게임, 나쁜 폴아웃. 앞으로의 폴아웃 프랜차이즈에 악영향을 끼칠 가능성이 다분해서 좋은 점수를 주고싶진 않지만 막상 다른 게임들과 비교하면 정말정말 괜찮은 게임이라..","좋은 게임 , 나쁜 폴아웃 . 앞 으로의 폴아웃 프랜차이즈 에 악 영향 을 끼칠 가능성 이 다분해서 좋은 점수 를 주고싶진 않지만 막상 다른 게임 들 과 비교 하면 정말 정말 괜찮은 게임 이라 ..",2019-11-09 20:15:15
377160,Fallout 4,positive,빌리징이라는 시스템과 매력이 부족한 팩션들로 인해 3와 뉴베가스를 해본 유저들이라면 4에 꽤나 실망을 할지도 모릅니다. 철 지난 가족드립으로 무장한 제국주의자 새끼들 1분만에 찾아가겠다는게 아니라 1분만에 새로운 퀘스트를 주려는 하명상복 집단 별 ㅈ같은 논리로 무장해서는 똥만 싸대는 지하철 히키코모리 로봇박이 새끼들 3에서 줬던 호감은 어디다 버려두고 다짜고짜 시비부터 쳐 걸어오는 강철형제 엔딩보려면 팩션하나 골라야하는데 고르고 싶은 곳이 없어서 엔딩을 못보고 있습니다. 이런 팩션과 정착지를 직접 짓는다는 빌리징 시스템이 큰 호,빌리 징 이라는 시스템 과 매력 이 부족한 팩션 들 로 인해 3 와 뉴 베가스 를 해본 유저 들이라면 4 에 꽤 나 실망 을 할지도 모릅니다 . 철 지난 가족 드립 으로 무장 한 제국주의 자 새끼 들 1분 만에 찾아가겠다는게 아니라 1분 만에 새로운 퀘스트 를 주려는 하명 상복 집단 별 ㅈ 같은 논리 로 무장 해서는 똥 만 싸 대는 지하철 히키코모리 로봇 박 이 새끼 들 3 에서 줬던 호감 은 어디 다 버려 두고 다짜고짜 시비 부터 쳐 걸어오는 강철 형제 엔딩 보려면 팩션 하나 골라야하는데 고르고 싶은 곳 이 없어서 엔딩 을 못 보고 있습니다 . 이런 팩션 과 정착 지를 직접 짓는다는 빌리 징 시스템 이 큰 호,2019-11-09 20:07:21
377160,Fallout 4,positive,REAL GAME IT IS,REAL GAME IT IS,2019-11-09 17:18:42
377160,Fallout 4,positive,"많은 이들이 폴아웃 4를 욕하지만, 그래도 이 게임이 나름 할 만하다는 것만은 확실하다. 이 게임 때문에 실제로는 만나본 적도 없는 미닛맨이라는 단체에 대해 극도의 혐오감을 갖게 되었고, 길을 걷다가 프레스턴이란 이름이 들리면 발작을 하는 몸이 되었지만, 그래도 나는 모드질 없이 100시간 넘게 했다. 물론 이중에 금고따고 소매치기하고 해킹하는데만 30시간은 썼겠지만........","많은 이 들 이 폴아웃 4 를 욕 하지만 , 그래도 이 게임 이 나름 할 만 하다는 것 만은 확실하다 . 이 게임 때문 에 실제 로는 만 나본 적도 없는 미닛맨 이라는 단체 에 대해 극도 의 혐오 감 을 갖게 되었고 , 길 을 걷다가 프레스턴 이란 이름 이 들리면 발작 을 하는 몸 이 되었지만 , 그래도 나 는 모드 질 없이 100시간 넘게 했다 . 물론 이중 에 금고 따고 소매치기 하고 해킹 하는데만 30시간 은 썼겠지만 ........",2019-11-09 16:10:49
377160,Fallout 4,positive,좋은데 버그 오지게 많음,좋은데 버그 오지 게 많음,2019-11-09 12:39:04
377160,Fallout 4,positive,스토리가 베데스다에서 만드거치곤 평이하지만 그래도 띠링띠리링작,스토리 가 베데스다 에서 만 드 거치곤 평이하지만 그래도 띠링띠리링작,2019-11-09 00:07:00
377160,Fallout 4,positive,그냥 단순 버그겜,그냥 단순 버그 겜,2019-11-08 22:13:17
377160,Fallout 4,positive,적절하고 재미있습니다.,적절하고 재미있습니다 .,2019-11-08 17:08:33
377160,Fallout 4,positive,한글화 안허나 다 좋은디 글로벌 하지를 않여 글로벌 잉?,한글화 안 허나 다 좋은 디 글로벌 하지를 않여 글로벌 잉 ?,2019-11-07 22:25:22
377160,Fallout 4,positive,3의 여운이 커서 별 기대안했는데 팩션별 캐릭터가 너무 매력적이다. 근데 스토리는 솔직히 좀 아쉽네. 그리고 수많은 버그가 좀 짜증남.,3 의 여운 이 커서 별 기 대안 했는데 팩션 별 캐릭터 가 너무 매력 적 이다 . 근데 스토리 는 솔직히 좀 아쉽네 . 그리고 수많은 버그 가 좀 짜증남 .,2019-11-07 21:18:44
377160,Fallout 4,positive,조금 플레이 해본 결과 그럭저럭 재미있어요,조금 플레이 해본 결과 그럭저럭 재미있어요,2019-11-07 21:17:11
377160,Fallout 4,positive,500시간이 이똥겜에 갈려들어갔어 시발 존나 재밋네,500시간 이 이 똥겜 에 갈려 들어갔어 시발 존나 재밋 네,2019-11-07 20:05:23
377160,Fallout 4,positive,이래저래 말이 많았지만 정말 오랬동안 즐겼음.,이래저래 말 이 많았지만 정말 오 랬 동안 즐겼음 .,2019-11-07 19:15:36
377160,Fallout 4,positive,rny,rny,2019-11-07 18:42:51
377160,Fallout 4,positive,"배경음악과 분위기, 오픈월드의 자유로움만으로도 최고의 게임이라 할 수 있음","배경음악 과 분위기 , 오픈월드 의 자유 로움 만으로도 최고 의 게임 이라 할 수 있음",2019-11-07 15:57:11
377160,Fallout 4,positive,메인스토리만 했는데도 방대해서 한참걸렸네요 재밌습니다,메인 스토리 만 했는데도 방대해서 한참 걸렸네요 재밌습니다,2019-11-07 00:51:49
377160,Fallout 4,positive,"나름대로 '폴아웃 시리즈' 라는 타이틀 명맥을 이어갈 정도는 되는 게임 그러나 기존 폴아웃3, 뉴베가스를 즐겼던 사람에게는 단순히 그래픽만 좋은 똥겜 기존 폴아웃3, 뉴베가스의 느낌을 살리면서 더 나은 그래픽을 원한다면 아우터월드를 하는게 낫다.","나름 대로 ' 폴아웃 시리즈 ' 라는 타이틀 명맥 을 이어 갈 정도 는 되는 게임 그러나 기존 폴아웃 3 , 뉴 베가스 를 즐겼던 사람 에게는 단순히 그래픽 만 좋은 똥겜 기존 폴아웃 3 , 뉴 베가스 의 느낌 을 살리면서 더 나은 그래픽 을 원한다면 아우 터 월드 를 하는게 낫다 .",2019-11-06 23:06:23
377160,Fallout 4,positive,"모드 깔고 1일 13시간 플레이 했는데, 퀘스트 도중 모드 꼬여서 팅기길 1시간. 다음에 할 생각으로 삭제","모드 깔고 1일 13시간 플레이 했는데 , 퀘스트 도중 모드 꼬여서 팅기길 1시간 . 다음 에 할 생각 으로 삭제",2019-11-06 22:50:52
377160,Fallout 4,positive,많은 부분 엉성한 오픈 월드지만 반대로 생각하면 엉성하나마 이만큼 넓은 모험의 장을 제대로 구현한 몇 안 되는 게임입니다. 두고두고 소소하게 즐길 거리가 많은 게임.,많은 부분 엉 성한 오픈 월드 지만 반대 로 생각 하면 엉 성하 나마 이 만큼 넓은 모험 의 장 을 제대로 구현 한 몇 안 되는 게임 입니다 . 두고두고 소소하게 즐길 거리 가 많은 게임 .,2019-11-06 20:36:51
377160,Fallout 4,positive,스카이림보다 4년?정도 후에 나와서 그런가 모드를 적용하더라도 훨씬 안정적이네 그리고 이건 스카이림은 좀 오래되서 그런지 바닐라로하면 좀 거부감드는데 폴아웃4는 바닐라로 쭉 밀어도 괜찮을거같다 그렇다고 모드가 필요없는건 아니지만ㅎ 베데스게임들을 하다보면 참 뭔가 완벽한 미완성작인거같아 정말 완벽한 뼈대를 만들어놓고 유저들이 살을 붙여주는 그런 느낌?,스카이림 보다 4년 ? 정도 후 에 나와서 그 런가 모드 를 적용 하더라도 훨씬 안정 적 이네 그리고 이건 스카이림 은 좀 오래되서 그런지 바닐라 로 하면 좀 거부 감 드는데 폴아웃 4 는 바닐라 로 쭉 밀어도 괜찮을거 같다 그렇다고 모드 가 필요없는건 아니지만 ㅎ 베 데스 게임 들 을 하다 보면 참 뭔가 완벽한 미완성 작 인거 같아 정말 완벽한 뼈대 를 만들어놓고 유저 들 이 살 을 붙여주는 그런 느낌 ?,2019-11-06 19:59:13
377160,Fallout 4,positive,베데스다가 남긴 최후의 유산...,베데스다 가 남긴 최후 의 유산 ...,2019-11-06 19:39:36
377160,Fallout 4,positive,꿀잼,꿀잼,2019-11-05 19:59:03
377160,Fallout 4,positive,느긋하게 즐길만한 게임이다,느긋하게 즐길만 한 게임 이다,2019-11-05 14:32:03
377160,Fallout 4,positive,"▷전작에 비해 상당히 발전된 그래픽, 이쁘고 잘생겨진 주인공과 NPC들 ▷고질적인 베데스다의 문제(버그, 모션 등)는 여전함 ▷선택지의 다양성 감소 ▷퍽 시스템이 편리해짐 총평 ★★★★☆","▷ 전작 에 비해 상당히 발전 된 그래픽 , 이쁘고 잘생겨진 주인공 과 NPC 들 ▷ 고질 적 인 베데스다 의 문제 ( 버그 , 모션 등 ) 는 여전함 ▷ 선택 지 의 다양성 감소 ▷ 퍽 시스템 이 편리해 짐 총 평 ★★★★☆",2019-11-05 01:55:51
377160,Fallout 4,positive,이건 그냥 총쏘는 게임ㅋㅋㅋ 근데 재미있네,이건 그냥 총 쏘는 게임 ㅋㅋㅋ 근데 재미있네,2019-11-04 23:03:42
377160,Fallout 4,positive,fallout 4,fallout 4,2019-11-04 21:50:56
377160,Fallout 4,positive,처음에 바닐라로 했을땐 병신똥겜이었는데 필수모드 싹 다 깔고 난이도 최고로 높여놓으니까 갓-겜이 되어버림 ㄷㄷ;,처음 에 바닐라 로 했을 땐 병신 똥겜 이었는데 필수 모드 싹 다 깔고 난이도 최고 로 높여놓으니까 갓 - 겜 이 되어 버림 ㄷㄷ ;,2019-11-04 20:49:14
377160,Fallout 4,positive,yeet,yeet,2019-11-04 17:23:00
377160,Fallout 4,positive,슈파 건틀릿 끼고 죽빵 날려서 머리 터칠때의 쾌감이란,슈파 건틀릿 끼 고 죽빵 날려서 머리 터 칠 때 의 쾌감 이란,2019-11-04 04:37:48
377160,Fallout 4,positive,"어음 물장사겜? 람보겜? 모드겜? 어몰라 근대재밌어! ? 아포갈립스분위기 , 유사겜 보더랜드 , 멀티엔딩입니다 모드 잘모르시면 친구부르거나 안사시는걸추천 바닐라는좀 아 순수 스토리는 좋습니다","어음 물 장 사 겜 ? 람보 겜 ? 모드 겜 ? 어몰 라 근대 재밌어 ! ? 아포 갈립 스 분위기 , 유사 겜 보더 랜드 , 멀티 엔딩 입니다 모드 잘 모르시면 친구 부르거나 안 사시는걸 추천 바닐라 는 좀 아 순수 스토리 는 좋습니다",2019-11-03 21:38:43
377160,Fallout 4,positive,재밌긴한데 뉴베가스보다 밋밋함.,재밌긴한데 뉴 베가스 보다 밋밋함 .,2019-11-03 21:00:15
377160,Fallout 4,positive,그냥재밌다,그냥 재밌다,2019-11-03 19:50:44
377160,Fallout 4,positive,그래픽카드 rtx2070s로 바꾸고나서부터 게임 실행이 안되길래 존나 찾다가 이유를 알아냈다..... rtx 및 튜링 아키텍쳐를 이용한 그래픽카드 이용자들은 weapon debris라는 옵션을 꼭 꺼야한다 안끄면 무조건 튕기거나 실행이 안됨,그래픽카드 rtx 2070 s 로 바꾸고 나서부터 게임 실행 이 안되길래 존나 찾다가 이유 를 알아냈다 ..... rtx 및 튜링 아키텍쳐 를 이용 한 그래픽카드 이용자 들 은 weapon debris 라는 옵션 을 꼭 꺼 야한다 안 끄면 무조건 튕기거 나 실행 이 안됨,2019-11-03 19:05:20
377160,Fallout 4,positive,재밌음,재밌음,2019-11-03 11:37:30
377160,Fallout 4,positive,재미 있음. 근데 신작 왜 안나옴? 뭐.. 폴아웃76? 아니 그 딴 모드 말고... 폴아웃5 말하는 거임. 안 내줄거면 폴아웃4 그래픽으로 뉴베가스나 해줬음 좋겠어. 리메이크? 기대도 안해. 개삽질 좀 그만하고.,재미 있음 . 근데 신작 왜 안 나옴 ? 뭐 .. 폴아웃 76 ? 아니 그 딴 모드 말고 ... 폴아웃 5 말 하는 거임 . 안 내줄거면 폴아웃 4 그래픽 으로 뉴 베가스 나 해줬음 좋겠어 . 리메이크 ? 기대도 안해 . 개 삽질 좀 그만하고 .,2019-11-03 11:17:32
377160,Fallout 4,positive,인생겜,인생 겜,2019-11-03 10:27:24
377160,Fallout 4,positive,게임 최적화가 잘안되고 여캐가 다른게임에 비해 못생긴게 단점이지만 스카이림 해본 유저라면 두말없이 해야할 게임입니다,게임 최적화 가 잘 안되고 여캐 가 다른 게임 에 비해 못 생긴게 단점 이지만 스카이림 해본 유저 라면 두 말 없이 해야 할 게임 입니다,2019-11-03 07:48:37
377160,Fallout 4,positive,재밌쪄,재밌 쪄,2019-11-03 03:45:11
377160,Fallout 4,positive,남들이 다 욕해도 왜케 꿀잼이지,남 들 이 다 욕 해도 왜케 꿀잼 이지,2019-11-03 01:50:34
377160,Fallout 4,positive,씹덕모드 대단해애애애애앳 플탐 절반 손해봤어어어어어엇,씹덕 모드 대단해 애애애애앳 플 탐 절반 손 해봤어 어어어어 엇,2019-11-02 23:35:34
377160,Fallout 4,positive,플레이하다보면 소름돋으면서 짜릿한 게임,플레이 하다 보면 소름 돋으면서 짜릿한 게임,2019-11-02 22:16:51
377160,Fallout 4,positive,쓰래기 게임이지만 쓰래기 모으는맛으로 한다,쓰래 기 게임 이지만 쓰래 기 모으는 맛 으로 한다,2019-11-02 22:16:45
377160,Fallout 4,positive,nice,nice,2019-11-02 17:15:13
377160,Fallout 4,positive,은근 괜찮은 게임. 다양한 모드들도 있기때문에 더 재밌게 플레이 할 수 있음.,은근 괜찮은 게임 . 다양한 모드 들 도 있기 때문 에 더 재밌게 플레이 할 수 있음 .,2019-11-02 10:39:44
377160,Fallout 4,positive,퀄리티 갑,퀄리티 갑,2019-11-02 08:03:01
377160,Fallout 4,positive,몇회차를해도 갓-겜,몇 회차 를 해도 갓 - 겜,2019-11-02 00:31:25
377160,Fallout 4,positive,모드가 많아서 재밌다,모드 가 많아서 재밌다,2019-11-02 00:21:47
377160,Fallout 4,positive,말이필요해?,말 이 필요해 ?,2019-11-02 00:17:20
377160,Fallout 4,positive,일해라 정착민들아 먹여주고 재워주고 보살펴주고 있으니 얼마나 좋니. 엥 이거 완전 국방의 의무 아니냐?,일해 라 정착민 들 아 먹여주고 재워주고 보살펴주고 있으니 얼마나 좋니 . 엥 이 거 완전 국방 의 의무 아니냐 ?,2019-11-01 21:15:05
377160,Fallout 4,positive,개꿀,개꿀,2019-11-01 15:15:44
377160,Fallout 4,positive,Good Game,Good Game,2019-11-01 11:42:01
377160,Fallout 4,positive,120시간 만에 나도 이제 모드질 한다!,120시간 만에 나도 이제 모드 질 한다 !,2019-10-31 23:38:00
377160,Fallout 4,positive,3보다 게임성은 발전했지만 뉴베가스보다는 더 퇴보했다...,3 보다 게임 성은 발전 했지만 뉴 베가스 보다는 더 퇴보했다 ...,2019-10-31 22:00:09
377160,Fallout 4,positive,뉴베가스에 폭동진압 샷건이 있다면 이 게임에는 폭발 샷건이 있습니다.,뉴 베가스 에 폭동 진압 샷건 이 있다면 이 게임 에는 폭발 샷건 이 있습니다 .,2019-10-31 19:51:35
377160,Fallout 4,positive,재밌다 팬으로 남고 싶으면 76은 건드리지 말자,재밌다 팬 으로 남고 싶으면 76 은 건드리지 말 자,2019-10-31 19:35:12
377160,Fallout 4,positive,good,good,2019-10-31 18:25:12
377160,Fallout 4,positive,"다른사람들이 평가절하하는 경우는 대부분 폴아웃 이전시리즈를 즐기던사람들이 대부분일겁니다. 보통 폴아웃 시리즈를 처음하신다거나, 자신만의 정착지를 개발하거나 만드는것을 좋아하시는분들이 하면 더더욱 재미있는 게임입니다. 제 게임시간 5천시간 이상이 이를 증명합니다 ㅎ","다른사람 들 이 평가절하 하는 경우 는 대부분 폴아웃 이 전 시리즈 를 즐기던 사람 들 이 대부분 일 겁니다 . 보통 폴아웃 시리즈 를 처음 하신다거나 , 자신 만의 정착 지를 개발 하 거나 만드는것을 좋아하시는 분 들 이 하면 더 더욱 재미있는 게임 입니다 . 제 게임 시간 5천시간 이상 이 이를 증명 합니다 ㅎ",2019-10-31 17:59:31
377160,Fallout 4,positive,미친 존나게 재밋는 게임,미친 존나 게 재밋는 게임,2019-10-31 14:20:47
377160,Fallout 4,positive,전반적으로 전작에 비해서 많은 개선이 이뤄졌지만 베데스다 특유의 걷는모션과 타격감은 여전합니다. 그리고 추가 컨텐츠 볼륨이 뉴베가스에 비해서는 많이 아쉽네요. 그래도 눈은 즐거우니 그냥 넘어가도록 하겠습니다 :3,전반 적 으로 전작 에 비 해서 많은 개선 이 이뤄졌지만 베데스다 특유 의 걷는 모션 과 타 격감 은 여전합니다 . 그리고 추가 컨텐츠 볼륨 이 뉴 베가스 에 비 해서는 많이 아쉽네요 . 그래도 눈 은 즐거우니 그냥 넘어가도록 하겠습니다 : 3,2019-10-31 09:57:10
377160,Fallout 4,positive,솔직히 더 하고싶지만 인생망할까봐 여기까지만 합니다..,솔직히 더 하고싶지만 인생 망할까봐 여기 까지만 합니다 ..,2019-10-31 04:20:56
377160,Fallout 4,positive,원래 있어야 할 것들을 모드로 추가해야되는 갓겜 재미는 보장함,원래 있어야 할 것 들 을 모드 로 추가 해야 되는 갓 겜 재미 는 보장 함,2019-10-30 21:52:33
377160,Fallout 4,positive,NPC새퀴들 길막 오지는 게임 버그 때문에 가끔 게임 진행이 안되는게임 버그 고칠려고 구글에 찾아야되는게임 막상 버그는 간단히 고칠수 있는 게임 그냥 폴아웃 네임드 믿고 하면 재미있는 게임 개인적으로는 재미있는 게임 그래서 76을 샀더니 애라이 씹,NPC 새 퀴 들 길막 오지 는 게임 버그 때문 에 가끔 게임 진행 이 안되는 게임 버그 고칠려고 구글 에 찾아야 되는 게임 막상 버그 는 간단히 고칠수 있는 게임 그냥 폴아웃 네임드 믿고 하면 재미있는 게임 개인 적 으로는 재미있는 게임 그래서 76 을 샀더니 애 라이 씹,2019-10-29 21:13:07
377160,Fallout 4,positive,포스트 아포칼립스 tps '폴아웃4' 장점보다는 단점이 더 많이보이는것 같은 게임 장점) -육중한 파워아머 (3편과 뉴베의 깡통슈트에 비하면 크게 발전했다. 정말 아머를 입는다는 느낌) -무기 개조 (플레이어 입맛대로 개조가능) -만렙이 안 보여 레벨에 따라 원하는대로 찍을수 있는 퍽 -빌리징 단점) -벌레 -매력없는 팩션과 스토리 -빌리징 (건축 제한 때문에 모드를 쓰지않고는 넓은부지를 활용하지못함) -전작에 비해 줄어든 무기 종류들 -줄어든 선택지 갯수들 단점이 많다고는 하지만 파워아머 하나 때문에라도 폴아웃4는 할 가,포스트 아포칼립스 tps ' 폴아웃 4 ' 장점 보다는 단점 이 더 많이 보이는것 같은 게임 장점 ) - 육중 한 파워 아 머 ( 3 편 과 뉴베 의 깡통 슈트 에 비 하면 크게 발전 했다 . 정말 아 머 를 입는다는 느낌 ) - 무기 개조 ( 플레이어 입맛 대로 개조 가능 ) - 만렙 이 안 보여 레벨 에 따라 원하는대로 찍을수 있는 퍽 - 빌리 징 단점 ) - 벌레 - 매력 없는 팩션 과 스토리 - 빌리 징 ( 건축 제한 때문 에 모드 를 쓰지 않고는 넓은 부지 를 활용 하지못 함 ) - 전작 에 비해 줄어든 무기 종류 들 - 줄어든 선택 지 갯수 들 단점 이 많다고는 하지만 파워 아 머 하나 때문 에라도 폴아웃 4 는 할 가,2019-10-28 22:28:40
377160,Fallout 4,positive,할라면 많이 뭘 준비해야하는 게임 그럴만한 가치는 있지만... 후..,할라면 많이 뭘 준비 해야하는 게임 그럴만 한 가치 는 있지만 ... 후 ..,2019-10-27 18:15:25
377160,Fallout 4,positive,사람들이 뉴베가스에 비해 퇴보했다는 말엔 동의하지만 폴아웃 시리즈를 처음 접하는 사람에겐 4를 제일 추천함,사람 들 이 뉴 베가스 에 비해 퇴보했다는 말 엔 동의 하 지만 폴아웃 시리즈 를 처음 접 하는 사람 에겐 4 를 제일 추천 함,2019-10-27 02:15:33
377160,Fallout 4,positive,전체적으로 여기저기 구멍난 시스템들을 갓모드가 커버해주는 갓게임.,전체 적 으로 여기저기 구멍 난 시스템 들 을 갓 모드 가 커버 해주는 갓 게임 .,2019-10-26 23:56:15
377160,Fallout 4,positive,장점 : 베데스다 단점 : 베데스다,장점 : 베데스다 단점 : 베데스다,2019-10-26 23:14:47
377160,Fallout 4,positive,별로 할거 없는거 같음,별로 할거 없는거 같음,2019-10-25 22:53:38
377160,Fallout 4,positive,죽여 챙겨 돌아와,죽여 챙겨 돌아와,2019-10-25 12:50:41
377160,Fallout 4,positive,갓겜,갓 겜,2019-10-24 18:40:12
377160,Fallout 4,positive,베데스다 이 벌레 성애자들 왜 쓸데없는거에 기술을 쓰는거야 초반에 나오는 바퀴벌레보고 기겁해서 바로껐네 만약 이 게임을 플레이하고 싶은데 벌레에 공포심이나 혐오감이 있으신분들은 저처럼 되기전에 벌레 리텍 모드깔고 하세요,베데스다 이 벌레 성애자 들 왜 쓸데없는거에 기술 을 쓰는거야 초반 에 나오는 바퀴벌레 보고 기겁 해서 바로 껐네 만약 이 게임 을 플레이 하고 싶은데 벌레 에 공 포심 이나 혐오 감 이 있으 신분 들 은 저 처럼 되 기전 에 벌레 리텍 모드 깔고 하세요,2019-10-24 13:56:14
377160,Fallout 4,positive,사세요 시발 그냥 닥치고 사세요,사세요 시발 그냥 닥치고 사세요,2019-10-24 03:36:32
377160,Fallout 4,positive,정식한글패치좀 해줘라 ㅅ발 그리고 모드도 좀 알아서 적용좀 미리시켜놓지 ㅅ발 일일이 적용해야되네 ㅅ발 어떻게 하는지 모르는데,정식 한글패치 좀 해줘라 ㅅ 발 그리고 모드 도 좀 알아서 적용 좀 미리 시켜놓지 ㅅ 발 일일이 적용 해야되 네 ㅅ 발 어떻게 하는지 모르는데,2019-10-23 14:31:28
377160,Fallout 4,positive,스카이림을 재밌게 했다면 이것도 재밌음,스카이림 을 재밌게 했다면 이 것 도 재밌음,2019-10-19 20:25:31
377160,Fallout 4,positive,"스토리가 다소 아쉽지만, 명작입니다.","스토리 가 다소 아쉽지만 , 명작 입니다 .",2019-10-15 01:06:33
377160,Fallout 4,positive,"스카이림처럼 자기만의 이야기를 그려나갈 수 있다. 거대한 악으로부터 시민들을 해방시키는 영웅이 될 수도 있고, 뛰어난 과학기술을 이용해 인류를 구원하는 구도자가 될 수도 있는 등, 정말 다양하게 게임 진행이 가능하다. 정말 재밌다. 하지만 베데스다 게임답게 불친절하고 버그가 좀 있다. 이것들을 감안하고 할 만하다. 추천.","스카이림 처럼 자기 만의 이야기 를 그려 나갈 수 있다 . 거대한 악 으로부터 시민 들 을 해방 시키는 영웅 이 될 수도 있고 , 뛰어난 과학기술 을 이용 해 인류 를 구원 하는 구도 자 가 될 수도 있는 등 , 정말 다양하게 게임 진행 이 가능하다 . 정말 재밌다 . 하지만 베데스다 게임 답 게 불친절하고 버그 가 좀 있다 . 이 것 들 을 감안 하고 할 만하 다 . 추천 .",2019-10-14 22:38:16
377160,Fallout 4,positive,미워도 다시한번 했다가 100시간 더함,미워도 다시 한번 했다가 100시간 더함,2019-10-12 18:29:26
377160,Fallout 4,positive,정착지 꾸미는 맛으로 100시간했슴,정착 지 꾸미는 맛 으로 100시간 했슴,2019-10-11 00:01:20
377160,Fallout 4,positive,아이 재밌어,아이 재밌어,2019-10-09 03:34:28
377160,Fallout 4,positive,굿겜!,굿겜 !,2019-10-05 23:58:46
377160,Fallout 4,positive,"<폴아웃 76은 트레일러만 보고 거른 유저> 이래저래 말이 많은 게임이다. 기존 엔진 재탕에 자잘한 버그, 부실한 DLC 등 단점이 크게 다가 올 수 있으나 이를 선택지로 인한 다양한 이벤트 및 엔딩, 새롭게 도입한 정착지 시스템과 눈에 띄는 무기 커스텀, 개성적인 사이드퀘 등 기존 폴아웃 특유의 게임성에 추가 발전했기에 내가 보유한 스팀 라이브러리 중 몬헌 다음으로 플레이 타임이 많은 게임이다 (대략 300시간) 폴아웃76은 이 폴아웃4에서 단지 멀티만 될 뿐 발전이 1도 없어서 망한 겁니다. 오픈월드 좋아하시는 분들이라면 폴아","< 폴아웃 76 은 트레일러 만 보고 거른 유저 > 이래저래 말 이 많은 게임 이다 . 기존 엔진 재탕 에 자잘한 버그 , 부실한 DLC 등 단점 이 크게 다가 올 수 있으나 이를 선택 지로 인한 다양한 이벤트 및 엔딩 , 새롭게 도입 한 정착 지 시스템 과 눈 에 띄는 무기 커 스텀 , 개성 적 인 사이드 퀘 등 기존 폴아웃 특유 의 게임 성 에 추가 발전 했기에 내 가 보유 한 스팀 라이브러리 중 몬헌 다음 으로 플레이 타임 이 많은 게임 이다 ( 대략 300시간 ) 폴아웃 76 은 이 폴아웃 4 에서 단지 멀티 만 될 뿐 발전 이 1 도 없어서 망한 겁니다 . 오픈월드 좋아하시는 분 들이라면 폴 아",2019-10-04 23:34:28
377160,Fallout 4,positive,한글 패치좀 해줘요....,한글 패치 좀 해줘요 ....,2019-10-04 22:41:41
377160,Fallout 4,positive,이 게임을 하고나서 콜라병 뚜껑 모으는 중,이 게임 을 하고나서 콜라 병 뚜껑 모으는 중,2019-10-02 20:41:09
377160,Fallout 4,positive,한국어 지원좀 그리고 로딩 속도가 너무 길어...,한국어 지원 좀 그리고 로딩 속도 가 너무 길어 ...,2019-09-30 22:42:47
377160,Fallout 4,positive,와이프 아이스크림되고 지상으로 올라와서 집 파괴된것만 보고 끄자,와이프 아이스크림 되고 지상 으로 올라와서 집 파괴 된것만 보고 끄자,2019-09-30 17:17:11
377160,Fallout 4,positive,몇회차를 해도 레일로드는 맘에 안들어,몇 회차 를 해도 레일로드 는 맘 에 안 들어,2019-09-30 09:50:37
377160,Fallout 4,positive,"음,이 게임은 정말구리다곤할수있습니다만,그것보다도 레이더가더구리죠. 자,당신 지도에 표시해드리겠습니다.","음 , 이 게임 은 정말 구리다곤 할수있습니다만 , 그것 보다도 레이더 가더 구리 죠 . 자 , 당신 지도 에 표시 해드리겠습니다 .",2019-09-28 02:56:18
377160,Fallout 4,positive,미닛맨새끼들만 안만나면 재밋네,미 닛맨 새끼 들 만 안 만나면 재밋 네,2019-09-26 21:42:08
377160,Fallout 4,positive,무난한 폴아웃 무기 커스텀이 되서 좋았다,무난 한 폴아웃 무기 커 스텀 이 되서 좋았다,2019-09-26 16:36:04
377160,Fallout 4,positive,재미는 있는대 버그가 좀있고 하다가 질린다,재미 는 있는대 버그 가 좀있고 하다가 질린다,2019-09-24 13:40:55
377160,Fallout 4,positive,스카이림은 내 인생 1008시간을 잡아 먹었다. 폴아웃4는 .. 딱히 컨텐츠랑 퀘를 다하고 나면 뭘 해야할지 몰라서 다시 켜기가 망설여 지긴 한다.. 그래도 악평 때문에 망설였었는데 나름 재밌게 플레이 하고있다.,스카이림 은 내 인생 1008시간 을 잡아 먹었다 . 폴아웃 4 는 .. 딱히 컨텐츠 랑 퀘 를 다 하고 나면 뭘 해야 할지 몰라서 다시 켜기가 망설여 지긴 한다 .. 그래도 악평 때문 에 망설였었는데 나름 재밌게 플레이 하고있다 .,2019-09-22 19:58:07
377160,Fallout 4,positive,폴라포,폴라 포,2019-09-20 10:02:32
377160,Fallout 4,positive,"말로만 듣던 폴아웃4를 해봤습니다. 시리즈로는 폴아웃 쉘터를 했기때문에 대략적인 컨셉자체는 알았지만 하면 할 수록 재미가 있고, 아직도 하시는 분이 많구나라고 느꼈습니다. 지역은 크지는 않은데 퀘스트량이 많아서 상당히 많은 시간을 즐기고 있습니다. DLC에 모드플레이까지하면 당분간 다른 게임을 안해도 될 정도입니다.","말로 만 듣던 폴아웃 4 를 해봤습니다 . 시리즈 로는 폴아웃 쉘터 를 했기 때문 에 대략 적 인 컨셉 자체 는 알았지만 하면 할 수록 재미 가 있고 , 아직도 하시는 분 이 많구나라고 느꼈습니다 . 지역 은 크지는 않은데 퀘스트 량 이 많아서 상당히 많은 시간 을 즐기고 있습니다 . DLC 에 모드 플레이 까지 하면 당분간 다른 게임 을 안해 도 될 정도 입니다 .",2019-09-19 10:21:50
377160,Fallout 4,positive,이때 토도키 연예인병 걸린걸 알아챘어야했다. 76을 그렇게 조져놓을줄 누가 알았겠어,이 때 토도 키 연예인병 걸린 걸 알아챘어야 했다 . 76 을 그렇게 조져놓을줄 누가 알았겠어,2019-09-18 21:58:20
377160,Fallout 4,positive,아들찾고 아들죽이는 게임,아들 찾고 아들 죽이는 게임,2019-09-17 08:27:36
377160,Fallout 4,positive,재밌음 버그 많음,재밌음 버그 많음,2019-09-16 16:14:30
377160,Fallout 4,positive,오래 즐기긴 힘드네요,오래 즐기긴 힘드네요,2019-09-16 00:46:32
377160,Fallout 4,positive,자유롭고 여러선택지가 있는 갓겜,자유 롭고 여러 선택 지 가 있는 갓 겜,2019-09-15 13:42:33
377160,Fallout 4,positive,버그와 토드하워드만 없으면 좋은게임,버그 와 토드 하워드 만 없으면 좋은 게임,2019-09-14 20:48:00
377160,Fallout 4,positive,파워아머 하나만 보고 사도 된다 ㄹㅇ 개멋지누,파워 아 머 하나 만 보고 사도 된다 ㄹㅇ 개멋 지누,2019-09-12 03:19:38
377160,Fallout 4,positive,미닛맨 빌리징 유저였음 애미디진 빌리징DLC 상술로접음 ㅗㅗㅗ 다만 빌리징유저아니면 재밌게할둣,미닛맨 빌리 징 유저 였음 애 미디 진 빌리 징 DLC 상술 로 접음 ㅗㅗㅗ 다만 빌리 징 유저 아니면 재밌게 할 둣,2019-09-11 20:58:48
377160,Fallout 4,positive,어느날 친구의 추천으로 폴아웃을 사게되었고 두달이라는 시간동안 직장에서 퇴근할때마다 켜놓고 엠생이살듯이 했던겜 이게임은 악마인가,어느 날 친구 의 추천 으로 폴아웃 을 사게 되었고 두 달이 라는 시간 동안 직장 에서 퇴근 할 때 마다 켜놓고 엠생 이 살듯이 했던 겜 이 게임 은 악마 인가,2019-09-10 22:00:56
377160,Fallout 4,positive,"솔직히 재미있었다. 내가 내 마을을 만들고 자유도 있게 게임을 진행하는 것은 매우 좋은 점 근데 안좋은 점도 있다. 스토리가 그런데, 뭔 개 잡것같은 전개가 게임 자체를 망친 느낌이다. 커먼웰스 미닛맨은 가비의 미친것 같은 반복퀘스트에 이어 너무 뜬구름 잡는 듯 한 세력 형성이 그렇다. 브라더후드 오브 스틸은 명백한 목표성을 가지고 있으나 배타성이 강하고 인스티튜트는 가진 것도 많은 주제에 뒤에서 주작질이나 하고 있다. 레일로드는 그냥 답이 없다. 바닐라로 250시간 정도, 모드로 약 50시간 정도 진행한 것 같다. 나름","솔직히 재미있었다 . 내 가 내 마을 을 만들고 자유도 있게 게임 을 진행 하는 것 은 매우 좋은 점 근데 안좋은 점도 있다 . 스토리 가 그런데 , 뭔 개 잡것 같은 전개 가 게임 자체 를 망친 느낌 이다 . 커먼웰스 미닛맨 은 가비 의 미친것 같은 반복 퀘스트 에 이어 너무 뜬구름 잡는 듯 한 세력 형성 이 그렇다 . 브라더후드 오브 스틸 은 명백한 목표 성 을 가지 고 있으나 배타 성 이 강하고 인스티튜트 는 가진 것 도 많은 주제 에 뒤 에서 주 작 질 이나 하고 있다 . 레일로드 는 그냥 답 이 없다 . 바닐라 로 250시간 정도 , 모드 로 약 50시간 정도 진행 한 것 같다 . 나름",2019-09-08 17:10:10
377160,Fallout 4,positive,갓겜,갓 겜,2019-09-07 05:15:41
377160,Fallout 4,positive,대화문만 기존작으로 바꿔놔주면 갓겜 가능인데,대화 문 만 기존 작 으로 바꿔 놔주면 갓 겜 가능 인데,2019-09-04 20:32:01
377160,Fallout 4,positive,힘만 있다면 무엇이든!! (말빨에는 한계가 있슴;;;),힘 만 있다면 무엇 이든 !! ( 말빨 에는 한계 가 있슴 ;;;),2019-09-02 08:31:14
377160,Fallout 4,positive,그냥 그럭저럭 할 만함.,그냥 그럭저럭 할 만 함 .,2019-09-01 18:56:18
377160,Fallout 4,positive,"당신의 신스감별기로 도시에 숨은 신스를 찾아보세요! 38구경도, 45구경도, 44구경도 당신을 위해 한 몸 희생하여 신스의 숨은 속내를 들춰낼 겁니다! 어서 당신의 총과함께 커먼웰스를 정화시키고 싶군요! 폴아웃4가 당신을 환영합니다!","당신 의 신스 감별 기 로 도시 에 숨은 신스 를 찾아보세요 ! 38 구경 도 , 45 구경 도 , 44 구경 도 당신 을 위해 한 몸 희생 하여 신스 의 숨은 속 내 를 들춰 낼 겁니다 ! 어서 당신 의 총 과 함께 커먼웰스 를 정화 시키고 싶군요 ! 폴아웃 4 가 당신 을 환영 합니다 !",2019-08-30 19:54:59
377160,Fallout 4,positive,드디어 친구가 생겼어요,드디어 친구 가 생겼어요,2019-08-30 19:05:17
377160,Fallout 4,positive,개재밌다,개 재밌다,2019-08-29 08:27:54
377160,Fallout 4,positive,갓겜,갓 겜,2019-08-26 22:13:03
377160,Fallout 4,positive,레이더는 니가 알아서좀 처리해 미친 가비세기야,레이더 는 니 가 알아서 좀 처리 해 미친 가비 세기 야,2019-08-24 06:16:02
377160,Fallout 4,positive,"캐릭 스탯과 이름 정하기를 끝내면 팅기고 윈도우도 맛감 도저히 플레이가 안됩니다 ㅠ ->전체화면에서 윈도우창으로 수정하고 옵션을 다 끄니 조금 덜 튕깁니다 ->윈도우창으로 하고 중옵이상으로 올리시면 확실히 덜 팅기지만 100%팅기는 지역,건물,장소 같은게 있으니 그런곳이 퀘스트에 걸리면 그냥 포기하시면 됩니다.","캐릭 스탯 과 이름 정 하기를 끝내면 팅기고 윈도우 도 맛감 도저히 플레이 가 안됩니다 ㅠ -> 전체 화면 에서 윈도우 창 으로 수정 하고 옵션 을 다 끄니 조금 덜 튕깁니 다 -> 윈도우 창 으로 하고 중옵 이상 으로 올리시면 확실히 덜 팅기지만 100% 팅기는 지역 , 건물 , 장소 같은게 있으니 그런 곳 이 퀘스트 에 걸리면 그냥 포기 하시면 됩니다 .",2019-08-23 18:28:10
377160,Fallout 4,positive,여러가지 아쉽지만 그럼에도 불구하고 꼭 해봐야할 게임. 모드질 하는것도 좋은데 일단 한패만 깔고 잡숴봐. 베데스다가 버그 덩어리만 싸댄다고 욕 먹어도 맨날 고티 많이 받는 이유가 있다.,여러가지 아쉽지만 그럼에도 불구 하고 꼭 해봐 야할 게임 . 모드 질 하는것도 좋은데 일단 한 패 만 깔고 잡숴 봐 . 베데스다 가 버그 덩어리 만 싸 댄다고 욕 먹어도 맨날 고 티 많이 받는 이유 가 있다 .,2019-08-23 12:06:31
377160,Fallout 4,positive,황폐하고 광활한 세계를 그저 돌아다니는 것만으로도 즐겁다. 전편보다 못한 스토리텔링과 시스템 때문에 욕은 많이 먹지만 모험의 즐거움만을 놓고 보면 역대최고의 작품이 아닐까 싶다. 문제라면 도저히 끝이 보이지 않는 서브퀘와 자잘한 요소들. 추가 모드를 사용하지 않고 바닐라 스토리만 즐겼는데도 이 플레이 타임이다. 게다가 마지막엔 질려서 모든 맵마커를 다 찍지도 못했는데 도대체 뭘 하느라 이 시간을 잡아 먹었는지 스스로도 의문이 간다.,황폐 하고 광활한 세계 를 그저 돌아다니는 것 만으로도 즐겁다 . 전편 보다 못 한 스토리텔링 과 시스템 때문 에 욕 은 많이 먹지만 모험 의 즐거움 만을 놓고 보면 역대 최고 의 작품 이 아닐까 싶다 . 문제 라면 도저히 끝 이 보이지 않는 서브 퀘 와 자잘한 요소 들 . 추가 모드 를 사용 하지 않고 바닐라 스토리 만 즐겼는데도 이 플레이 타임 이다 . 게다가 마지막 엔 질려서 모든 맵마 커를 다 찍지도 못 했는데 도대체 뭘 하느라 이 시간 을 잡아 먹었는지 스스로 도 의문 이 간다 .,2019-08-22 17:25:39
377160,Fallout 4,positive,재미 있네여,재미 있네여,2019-08-22 00:32:03
377160,Fallout 4,positive,★★☆☆☆,★★☆☆☆,2019-08-20 22:11:48
377160,Fallout 4,positive,자유로와 보이지만 자유롭지 않은 오픈월드 RPG게임. 특히 스토리의 일방통행은 좀 실망했다 특히 누카월드 DLC 스토리는 자유라 곤 찾아볼수 없다. 시리즈 특유의 정신나간 감성도 약해졌다. 하지만 스토리면을 벗어난다면 오픈월드를 가장 잘구현한 게임중 하나이면서 특히 시리즈 최고 수준의 액션성을 자랑한다.(세월이 세월인데 당연한건가 흠....) 다채로운 빌리징은 사실 제대로 즐기기는 여러모로 힘들다. 마니아들에게는 버림받았지만 라이트 유저에게는 상당히 재미있는 게임이다. 폴아우76이 나오기 전까지 이겜을 그리 뛰어나게 생각하지,자유로 와 보이 지만 자유롭지 않은 오픈월드 RPG 게임 . 특히 스토리 의 일방 통행 은 좀 실망했다 특히 누카 월드 DLC 스토리 는 자유 라 곤 찾아볼수 없다 . 시리즈 특유 의 정신 나간 감성 도 약해졌다 . 하지만 스토리 면 을 벗어난다면 오픈월드 를 가장 잘 구현 한 게임 중 하나 이 면서 특히 시리즈 최고 수준 의 액션 성 을 자랑 한다 .( 세월 이 세월 인데 당연한 건가 흠 ....) 다 채 로운 빌리 징 은 사실 제대로 즐기 기는 여러 모로 힘들다 . 마니아 들 에게는 버림 받았지만 라이트 유저 에게는 상당히 재미있는 게임 이다 . 폴 아우 76 이 나오기 전 까지 이 겜 을 그리 뛰어나게 생각 하지,2019-08-20 10:45:44
377160,Fallout 4,positive,내가 추천하는 좋은 게임,내 가 추천 하는 좋은 게임,2019-08-18 18:37:58
377160,Fallout 4,positive,폴아웃 세계관 좋아하는 유저라면 거의 구입하지 않을까 하는 게임 안해보신 분에게는 추천합니다.,폴아웃 세계관 좋아하는 유저 라면 거의 구입 하지 않을까 하는 게임 안 해보신 분 에게는 추천 합니다 .,2019-08-18 16:31:33
377160,Fallout 4,positive,엔딩을 보긴 했지만 뭔가 꾸역꾸역 본느낌임. 게임이 노잼인건 아닌데 재밌는것도 아님. 뭔가 짓는것도 있고 개조도 있고 하지만 딱히 흥미롭진 않음. 그래도 나름 재밌게 플레이 했다는 느낌을 받은건 파이퍼 호감도작이랑 개인적으로 첨단기술이나 아포칼립스 배경이 좋아서 그랬던것 같음. 세일할 때 사서 플레이하는거 추천,엔딩 을 보긴 했지만 뭔가 꾸역꾸역 본 느낌 임 . 게임 이 노잼 인 건 아닌데 재밌는것도 아님 . 뭔가 짓는것도 있고 개조 도 있고 하지만 딱히 흥미롭진 않음 . 그래도 나름 재밌게 플레이 했다는 느낌 을 받은건 파이퍼 호감 도작 이랑 개인 적 으로 첨단 기술 이나 아포칼립스 배경 이 좋아서 그랬던것 같음 . 세 일 할 때 사서 플레이 하는거 추천,2019-08-17 18:51:23
377160,Fallout 4,positive,이 게임을 플레이하면 밤에 잠을 못잡니다!,이 게임 을 플레이 하면 밤 에 잠 을 못잡니다 !,2019-08-17 00:15:21
377160,Fallout 4,positive,프레스턴 가비 ㅗ,프레스턴 가비 ㅗ,2019-08-16 13:01:07
377160,Fallout 4,positive,난 항상 남들보다 뒤늦게 게임을 플레이 해본다. 수많은 사람들이 이게임에 대해서 평가가 전작보다 좋지 않았음을 느꼈지만 개인적으로는 무척이나 재미있었다고 생각한다. 전작보다 나아진 그래픽과 전투 타격감 등등 전작에서 일부 개선되거나 바뀐점도 상당히 인상적이다. 스토리상의 게이머가 마지막에 선택을 강요받는데 어떤걸 선택하냐에 따라 엔딩이 달라진다. 개인적으로 스토린 나쁘진 않았다. 거기에 정착지를 건설하고 경영하는 요소도 도입되어 정착지를 외부로 부터 방어하고 번영하는 요소도 나름 인상적이었다. 난 이게임을,난 항상 남 들 보다 뒤늦게 게임 을 플레이 해본다 . 수많은 사람 들 이 이 게임 에 대해 서 평가 가 전작 보다 좋지 않았 음 을 느꼈지만 개인 적 으로는 무척 이나 재미있었다고 생각 한다 . 전작 보다 나아진 그래픽 과 전투 타 격감 등등 전작 에서 일부 개선 되거나 바뀐 점도 상당히 인상 적 이다 . 스토리 상의 게이머 가 마지막 에 선택 을 강요 받는데 어떤 걸 선택 하냐에 따라 엔딩 이 달라진다 . 개인 적 으로 스토 린 나쁘진 않았다 . 거기 에 정착 지를 건설 하고 경영 하는 요소 도 도입 되어 정착 지를 외부 로 부터 방어 하고 번영하는 요소 도 나름 인상 적 이었다 . 난 이 게임 을,2019-08-15 18:58:09
377160,Fallout 4,positive,버그빼면 시체인 게임의 탈을 쓴 엔진 제작사 베데스다의 차세대 게임엔진인 폴아웃4 처음 하시는 분들은 바닐라로 해보세요 라고 한다지만 바닐라로 하면 도무지 정감이 안가는데다가 불편하고 버그 투성이며 실질적인 재미는 모드에서 나온다고 생각함. 근데 아무리 모드 떡칠을 해놔도 모래사장에 지은 초호화 고층 빌딩이다보니 언제 무너질지 모름,버그 빼면 시체 인 게임 의 탈 을 쓴 엔진 제작사 베데스다 의 차세대 게임엔진 인 폴아웃 4 처음 하시는 분 들 은 바닐라 로 해보세요 라고 한 다지 만 바닐라 로 하면 도무지 정감 이 안 가는데다가 불편하고 버그 투성이 며 실질 적 인 재미 는 모드 에서 나온다고 생각 함 . 근데 아무리 모드 떡칠 을 해 놔도 모래사장 에 지은 초 호화 고층 빌딩 이다 보니 언제 무너질지 모름,2019-08-14 23:13:00
377160,Fallout 4,positive,"솔직히 3나 라스베가스보다 4가 더 잘만들고 재밌다고 느낌, 물론 베가스다식 RPG는 넘어가고","솔직히 3 나 라스베가스 보다 4 가 더 잘만 들 고 재밌다고 느낌 , 물론 베가스 다식 RPG 는 넘어가고",2019-08-13 03:43:43
377160,Fallout 4,positive,뒤늦은 평가,뒤늦은 평가,2019-08-12 23:25:40
377160,Fallout 4,positive,"150시간 정도 하니까 왠만한 퀘스트는 다 깨네요. 일단 버그가 존시나 많고요. 지금 걸린 버그중 해결 못한 버그가 두 개 있는데, 하나는 전선 잘못 건드려서 계속 오지게 타닥타닥거리고, 하나는 은신시 야간 밝기를 조절해주는 퍽인데 이게 제대로 적용이 안되고 앉은 상태로 핍보이나 밧즈를 사용하면 적용되서 일어나도 안풀립니다 ㅋㅋㅋㅋㅋㅋ 일어나서 다시 핍보이나 밧즈를 쓰면 풀리고요. 아주 더럽게 귀찮아짐. 뭔가 중요해보이는 지역은 털지 마세요. 십중팔구 퀘스트중 버그걸려서 암걸립니다. 팬덤위키에도 나와있지만 홈 스윗 홈 퀘스트때 절때","150시간 정도 하니까 왠만한 퀘스트 는 다 깨네요 . 일단 버그 가 존시나 많고요 . 지금 걸린 버그 중 해결 못 한 버그 가 두 개 있는데 , 하나 는 전선 잘못 건드려서 계속 오지 게 타닥타닥 거리 고 , 하나 는 은신 시 야간 밝기 를 조절 해주는 퍽 인데 이 게 제대로 적용 이 안되고 앉은 상태 로 핍 보이 나 밧 즈 를 사용 하면 적용 되서 일어나도 안 풀립니다 ㅋㅋㅋㅋㅋㅋ 일어나서 다시 핍 보이 나 밧 즈 를 쓰면 풀리고요 . 아주 더럽게 귀찮아 짐 . 뭔가 중요해 보이는 지역 은 털지 마세요 . 십중팔구 퀘스트 중 버그 걸려서 암 걸립니다 . 팬덤 위키 에도 나와있지만 홈 스윗 홈 퀘스트 때 절때",2019-08-12 19:41:16
377160,Fallout 4,positive,"잘 만든 게임이지만 아쉬움도 있는 게임 느린 로딩시간, 유니크 무기의 부재, 뭔가 복사 붙여넣기 해놓은 듯한 대사 그럼에도 재미를 느낄 수 있는 요소는 많기에 여러번 엔딩을 볼 가치가 있는 게임","잘 만든 게임 이지만 아쉬움 도 있는 게임 느린 로딩 시간 , 유니크 무기 의 부재 , 뭔가 복사 붙여넣기 해놓은 듯 한 대사 그럼에도 재미 를 느낄 수 있는 요소 는 많기에 여러 번 엔딩 을 볼 가치 가 있는 게임",2019-08-11 15:50:45
377160,Fallout 4,positive,뉴베가스하고 이거 하니까 첨엔 아들 찾으러 가는 내용이라 식상해서 별로라 생각했는데 계속 하다보니 숨겨진 스토리랑 향상된 전투 시스템이 광장히 맘에 드네요.,뉴 베가스 하고 이 거 하니까 첨 엔 아들 찾으러 가는 내용 이라 식상해서 별로 라 생각 했는데 계속 하다 보니 숨겨진 스토리 랑 향상 된 전투 시스템 이 광장 히 맘 에 드네 요 .,2019-08-11 12:34:30
377160,Fallout 4,positive,엔딩까지 아직 못 봤지만 정말 몰입도가 장난 아닙니다. 사소한 버그 및 로딩(맵 갈때 SSD인데 2분씩 걸리는 구간 있음) 빼고는 정말 장난 아닌 갓겜이네요. 처음에 오픈월드 익숙해지면 바로 빠져듭니다... 강추,엔딩 까지 아직 못 봤지만 정말 몰입도 가 장난 아닙니다 . 사소한 버그 및 로딩 ( 맵 갈 때 SSD 인데 2분 씩 걸리는 구간 있음 ) 빼고는 정말 장난 아닌 갓 겜 이네 요 . 처음 에 오픈월드 익숙해지면 바로 빠져듭니 다 ... 강추,2019-08-10 00:21:51
377160,Fallout 4,positive,"망겜이라고 하는 사람들이 있긴 한데, 개인적으로 폴아웃 시리즈 입문작으론 괜찮다고 본다. 토도키상을 욕하는 건 엔딩 보고 뉴베도 해본 다음에 해도 늦지 않음.","망겜 이라고 하는 사람 들 이 있긴 한데 , 개인 적 으로 폴아웃 시리즈 입문 작 으론 괜찮다고 본다 . 토도 키 상 을 욕 하는 건 엔딩 보고 뉴 베도 해본 다음 에 해도 늦지 않음 .",2019-08-09 20:00:07
377160,Fallout 4,positive,"폴아웃 4는 2077년 10월 23일 미국을 비롯한 전쟁중인 국가들이 핵찜질을 맞은 뒤 200년이 지난 시점을 다루는 게임입니다. 당신은 전쟁 전 사람으로써 전쟁 후의 세계를 탐험하게 됩니다. 핵전쟁 이후 과연 인류는 어떤 모습으로 살게 될지 그 탁월한 상상력이 엿보이는 게임입니다. 야구장을 마을로 개조한 커먼웰스 최고의 마을, 대충 자른 파이프와 나무조각을 엮은 수제 총, 무자비한 무법자들인 레이더와 바이러스로 변이한 초인 돌연변이들, 개장 준비는 끝냈지만 담당관이 200년이나 지각하는 바람에 나사가 하나씩 빠진 로봇들이 대기하","폴아웃 4 는 2077년 10월 23일 미국 을 비롯 한 전쟁 중 인 국가 들 이 핵 찜질 을 맞은 뒤 200년 이 지난 시점 을 다루는 게임 입니다 . 당신 은 전쟁 전 사람 으로써 전쟁 후의 세계 를 탐험 하게 됩니다 . 핵전쟁 이후 과연 인류 는 어떤 모습 으로 살 게 될지 그 탁월한 상상력 이 엿 보이 는 게임 입니다 . 야구장 을 마을 로 개조 한 커먼웰스 최고 의 마을 , 대충 자른 파이프 와 나무 조각 을 엮 은 수제 총 , 무자비한 무법자 들 인 레이더 와 바이러스 로 변 이 한 초인 돌연변이 들 , 개장 준비 는 끝냈지만 담당 관 이 200년 이나 지각 하는 바람 에 나사 가 하나 씩 빠진 로봇 들 이 대기 하",2019-08-08 13:55:30
377160,Fallout 4,positive,폴아웃3:분위기 시부랄 폴아웃 뉴베가스:개 잼있음 해보셈 폴아웃4:폴아웃 시리즈를 라이트하게 즐기고 싶으면해보셈,폴아웃 3 : 분위기 시부랄 폴아웃 뉴 베가스 : 개 잼있음 해보셈 폴아웃 4 : 폴아웃 시리즈 를 라이트 하게 즐기고 싶으면 해보셈,2019-08-06 13:44:17
377160,Fallout 4,positive,최소한 폴아웃 76 보단 위대한 게임이다.,최소한 폴아웃 76 보단 위대한 게임 이다 .,2019-08-06 12:25:12
377160,Fallout 4,positive,"높은 자유도, 넓은 맵, 많은 할거리, 다양한 선택지. 최신작은 왜 그렇게 만든거니.","높은 자유도 , 넓은 맵 , 많은 할거리 , 다양한 선택 지 . 최신 작은 왜 그렇게 만든거니 .",2019-08-06 11:03:04
377160,Fallout 4,positive,"전체적으로 나쁘지 않았지만 몇가지 단점이 있다면: 1. 지나치게 큰 볼륨(긴 플레이타임은 보장되지만 개인적으로 그다지 즐겁지 않은 서브퀘스트들이 부담스러울 정도로 많았어요) 2. 모드 없이는 최적의 플레이가 거의 불가능한데, 모드를 설치하면 도전 과제를 달성할 수 없음. 3. 전작 폴아웃:뉴베가스에서 돋보였던 싱글 플레이어 RPG만의 특징과 장점이 비교적 무색해진 느낌(이 부분은 많이 아쉽다). 4. 프랜차이즈 최초로 도입된 하우징 시스템은 기대에 못 미침.","전체 적 으로 나쁘지 않았지만 몇 가지 단점 이 있다면 : 1 . 지나치게 큰 볼륨 ( 긴 플레이 타임 은 보장 되지만 개인 적 으로 그다지 즐겁지 않은 서브 퀘스트 들 이 부담스러울 정도 로 많았어요 ) 2 . 모드 없이는 최적 의 플레이 가 거의 불가능한데 , 모드 를 설치 하면 도전 과제 를 달성 할 수 없음 . 3 . 전작 폴아웃 : 뉴 베가스 에서 돋보였던 싱글 플레이어 RPG 만의 특징 과 장점 이 비교 적 무색 해진 느낌 ( 이 부분 은 많이 아쉽다 ). 4 . 프랜차이즈 최초 로 도입 된 하우 징 시스템 은 기대 에 못 미침 .",2019-08-05 20:12:11
377160,Fallout 4,positive,여러군데 돌아다니면서 하다보니 스토리 깨는데 65시간이나 걸렸네요;; 제가 심각한 길치라서 그런것도 있겠지만 정말 이것저것 탐험할게 많습니다. 정말 시간가는줄 모르고 플레이 했네요. 돈이 아깝지 않습니다.,여러 군데 돌아다니면서 하다 보니 스토리 깨는데 65시간 이나 걸렸네요 ;; 제 가 심각한 길치라서 그런 것 도 있겠지만 정말 이 것 저 것 탐험 할게 많습니다 . 정말 시간 가는줄 모르고 플레이 했네요 . 돈 이 아깝지 않습니다 .,2019-08-05 10:13:26
377160,Fallout 4,positive,컨텐츠가 부족해...,컨텐츠 가 부족해 ...,2019-08-04 23:35:14
377160,Fallout 4,positive,"DLC 조지게 많아서 모드까는데 제약 오지더라. 그래도 재밌게 했다. 추천 할 만 하다. 근데 최적화를 왜 이렇게 벙슨처럼 해놨는지 텍스처,퍼포먼스,광원,무브,버그픽스,안개제거 등의 품질및 시스템개선 모드랑 기반 모드들 다 깔고 나니 그냥 암 안걸리고 편하게 하려고 깐 모드가 벌써 13개더라??? 사실 더 깔려고 했는데 모드 충돌이 잦아서 몇개는 안 깔았다. 그 중 몇개는 또 까는 방법이 졸라게 어렵다. 컴퓨터활용능력 수준의 이해도가 필요한 기반 모드도 있다. 그리고 시야(FOV)가 얼마나 또 벙슨인지 1인칭은 너어어어무","DLC 조지 게 많아서 모드 까는데 제약 오지더라 . 그래도 재밌게 했다 . 추천 할 만 하다 . 근데 최적화 를 왜 이렇게 벙슨 처럼 해놨는지 텍스처 , 퍼포먼스 , 광원 , 무브 , 버그 픽스 , 안개 제거 등 의 품질 및 시스템 개선 모드 랑 기반 모드 들 다 깔고 나니 그냥 암 안 걸리고 편하게 하려고 깐 모드 가 벌써 13 개더라 ??? 사실 더 깔려고 했는데 모드 충돌 이 잦아서 몇개 는 안 깔았다 . 그 중 몇개 는 또 까는 방법 이 졸라 게 어렵다 . 컴퓨터 활용 능력 수준 의 이해도 가 필요한 기반 모드 도 있다 . 그리고 시야 ( FOV ) 가 얼마나 또 벙슨 인지 1 인칭 은 너 어어 어 무",2019-08-04 21:02:04
377160,Fallout 4,positive,게임의 재미는 모르겠고 조금만 해도 왠진 몰라도 어지러움 이게임은 모드 깔아서 하는 재미가 대부분,게임 의 재미 는 모르겠고 조금 만 해도 왠 진 몰라도 어지러움 이 게임 은 모드 깔아서 하는 재미 가 대부분,2019-08-03 23:41:35
377160,Fallout 4,positive,다댱한 모드. 설명 끄읏. EOD.,다댱 한 모드 . 설명 끄읏 . EOD .,2019-08-03 21:51:05
377160,Fallout 4,positive,이거dlc가실행이안되는데 어떻게해야될지모르겟네요,이 거 dlc 가 실행 이 안되는데 어떻게 해야 될지 모르겟네요,2019-08-02 15:31:51
377160,Fallout 4,positive,모드와 함께 할때 이 게임은 완성된다,모드 와 함께 할 때 이 게임 은 완성 된다,2019-07-31 23:23:12
377160,Fallout 4,positive,바닐라 버전도 나름 할만함,바닐라 버전 도 나름 할만 함,2019-07-31 22:57:07
377160,Fallout 4,positive,아직 별로 안해봤는데 정말 재밌네요. 아싸라 외로웠는데 NPC 있어서 외롭지 않아요. 고마워요 베네스다. 이게임을 키는 순간 저는 아싸에서 인싸가 되는 기분을 느낄 수 있어요.,아직 별로 안 해봤는데 정말 재밌네요 . 아싸 라 외로웠는데 NPC 있어서 외롭지 않아요 . 고마워요 베 네스 다 . 이 게임 을 키 는 순간 저 는 아싸 에서 인 싸가 되는 기분 을 느낄 수 있어요 .,2019-07-31 20:45:06
377160,Fallout 4,positive,"[h1]인정할 수 밖에 없는 오픈월드의 정점[/h1] 모르는 사람이 없는 그 유명한 폴아웃 시리즈. 일단 DLC 포함, 맵이 무식할 정도로 커서 탐험하는 맛이 있다. 그리고 레이지 2 에서 지적받았던 오픈월드 구성 요소들이 폴아웃 4 에서는 세밀하다. 그리고 엄청 많은 서브 퀘스트들까지 매우 긴 플레이 타임을 보장한다. 무기도 개조가 얼마 없다는게 아쉽지만은 그렇다고 무기 종류가 그리 적은 것도 아니다. ~ 눌러서 콘솔창을 열면 치트가 가능하니 자세한건 검색해서 써보시고. 그래픽도 나쁘지 않았고, 오픈월드 구성 요소도","[ h 1 ] 인정 할 수 밖에 없는 오픈월드 의 정점 [/ h 1 ] 모르는 사람 이 없는 그 유명한 폴아웃 시리즈 . 일단 DLC 포함 , 맵 이 무식할 정도 로 커서 탐험 하는 맛 이 있다 . 그리고 레이지 2 에서 지적 받았던 오픈월드 구성 요소 들 이 폴아웃 4 에서는 세밀 하다 . 그리고 엄청 많은 서브 퀘스트 들 까지 매우 긴 플레이 타임 을 보장 한다 . 무기 도 개조 가 얼마 없다는게 아쉽지만은 그렇다고 무기 종류 가 그리 적은 것 도 아니다 . ~ 눌러서 콘솔 창 을 열면 치트 가 가능하니 자세한건 검색 해서 써 보시 고 . 그래픽 도 나쁘지 않았고 , 오픈월드 구성 요소 도",2019-07-31 09:43:37
377160,Fallout 4,positive,잼따,잼 따,2019-07-31 08:55:24
377160,Fallout 4,positive,갓겜 인정합니다 하워드 개갞끼 ^^7,갓 겜 인정 합니다 하워드 개갞끼 ^^ 7,2019-07-31 05:22:54
377160,Fallout 4,positive,싀발 벌레가 존나커,싀발 벌레 가 존나 커,2019-07-30 22:21:40
377160,Fallout 4,positive,폴아웃 시리즈 최신작 게임의 분위기나 오픈월드가 잘 맞는다면 계속해서 플레이하.................ㄹ수 있었으나 버그가 많다-모드를 깐다-버그가 있다-콘솔을 친다-모드를깐다..무한반복 거의 대부분의 버그는 콘솔명령어로 해결가능하지만 시리즈 대대로 내려오는 버그는 언제 고치려나 물론 재미있다. 괜히 고티받는 게임 아니라고.,폴아웃 시리즈 최신 작 게임 의 분위기 나 오픈월드 가 잘 맞는다면 계속 해서 플레이 하 ................. ㄹ 수 있었으나 버그 가 많다 - 모드 를 깐다 - 버그 가 있다 - 콘솔 을 친다 - 모드 를 깐다 .. 무한 반복 거의 대부분 의 버그 는 콘솔 명령어 로 해결 가능하지만 시리즈 대대로 내려오는 버그 는 언제 고치려나 물론 재미있다 . 괜히 고 티 받는 게임 아니라고 .,2019-07-28 04:51:56
377160,Fallout 4,positive,근접 무기 개조 가 적은게 아쉽고 하누징도 아쉬우긴 했지만 취향엔 잘 맞아서 재밋게 하고 있습니다 그래도 원거리 무기는 개조가 많아서 다행인데 저는 미닛맨 퀘스트 하면서 정착지가 늘고 신호탄 쏘면 와주는 미닛맨이 좋았습니다 아 그리고 메인 퀘스트도 재미 있었네요 레일뭐시기라는 세력이 생각보다 매력이 없어서 아쉽긴 했네요 일단 전 재밋게 계속 플레이 할거구요 취향만 잘 탄다면 DLC포함 1000 시간은 가뿐히 뛰어 넘을 매력이 있는 겜입니다 ^^,근접 무기 개조 가 적은게 아쉽고 하 누징 도 아쉬우긴 했지만 취향 엔 잘 맞아서 재밋 게 하고 있습니다 그래도 원거리 무기 는 개조 가 많아서 다행 인데 저 는 미닛맨 퀘스트 하면서 정착 지 가 늘 고 신호탄 쏘면 와주는 미닛맨 이 좋았습니다 아 그리고 메인 퀘스트 도 재미 있었네요 레일 뭐시기 라는 세력 이 생각 보다 매력 이 없어서 아쉽긴 했네요 일단 전 재밋 게 계속 플레이 할거구요 취향 만 잘 탄다면 DLC 포함 1000 시간 은 가뿐히 뛰어 넘을 매력 이 있는 겜 입니다 ^^,2019-07-27 22:11:37
377160,Fallout 4,positive,로딩만 아니면 진짜좋겠는대 ㅠ,로딩 만 아니면 진짜 좋겠는대 ㅠ,2019-07-27 08:37:48
377160,Fallout 4,positive,고만좀 팅겨라ㅡㅡ,고만 좀 팅겨라 ㅡㅡ,2019-07-26 15:36:06
377160,Fallout 4,positive,구울 존나 냄새나게 생김,구울 존나 냄새 나게 생김,2019-07-25 23:26:44
377160,Fallout 4,positive,gtx2060쓰는데 피직스 옵션만 키면 튕겨버림. 왤까? 게임은 존나게 재밌다. 근데 폴아웃3나 뉴베가스처럼 2회차할만한 스토리는 아닌듯. 여운이 없음.,gtx 2060 쓰는데 피직스 옵션 만 키 면 튕겨버림 . 왤까 ? 게임 은 존나 게 재밌다 . 근데 폴아웃 3 나 뉴 베가스 처럼 2회 차할만한 스토리 는 아닌듯 . 여운 이 없음 .,2019-07-25 22:52:27
377160,Fallout 4,positive,아포칼립스를 좋아한다면 꼭 해봐야하는 게임일정도로 세계관이랑 개성등이 굉장히매력있다.,아포칼립스 를 좋아한다면 꼭 해봐 야하는 게임 일정 도로 세계관 이랑 개성 등 이 굉장히 매력 있다 .,2019-07-25 22:41:31
377160,Fallout 4,positive,이작품은 있었는데요 없었습니다도르 를 받았습니다,이 작품 은 있었는데요 없었습니다 도르 를 받았습니다,2019-07-25 14:37:07
377160,Fallout 4,positive,그럭저럭 재미는 있습니다 할인할때 사면 더 좋을것,그럭저럭 재미 는 있습니다 할인 할 때 사면 더 좋을것,2019-07-25 08:39:34
377160,Fallout 4,positive,바닐라가 양상추라면 모드는 햄버거다.,바닐라 가 양상추 라면 모드 는 햄버거 다 .,2019-07-23 21:55:52
377160,Fallout 4,positive,폴아웃 69(+7) 따위에 비하면 4는 그야말로 갓갓 갓갓갓 바닐라로 엔딩 한번 보고 모드떡칠하면 더 재밌읍니다,폴아웃 69 (+ 7 ) 따위 에 비 하면 4 는 그야말로 갓 갓 갓 갓 갓 바닐라 로 엔딩 한번 보고 모드 떡 칠하면 더 재밌 읍니 다,2019-07-22 15:13:48
377160,Fallout 4,positive,스토리가 전부인 겜에서 퀘스트가 너무 적다 그래도 플레이어 캐릭터 더빙 생긴거 때문에 추천 준다,스토리 가 전부 인 겜 에서 퀘스트 가 너무 적다 그래도 플레이어 캐릭터 더빙 생긴거 때문 에 추천 준다,2019-07-21 03:48:10
377160,Fallout 4,positive,이것도 평가를 안했었구나... 재밌어.. 살 가치는 있어. 별개로... 폴아웃76 은 워나 평이 안좋아 사지도 않았으니.. 걍 빨리 폴아웃 5나 개발해라.. 물론 그전에 엘더6 출시하고..,이 것 도 평가 를 안 했었구나 ... 재밌어 .. 살 가치 는 있어 . 별개 로 ... 폴아웃 76 은 워 나 평이 안좋아 사지 도 않았으니 .. 걍 빨리 폴아웃 5 나 개발 해라 .. 물론 그 전 에 엘더 6 출시 하고 ..,2019-07-17 21:26:11
377160,Fallout 4,positive,"전작보다 발전한 점도 많이 보이지만 퇴보한 점도 눈에 띈다. 전투가 더 박진감 있어졌고 그래픽도 많이 향상되었다. 하지만 후반부에 들어서면서부터 게임이 많이 루즈해진다는 느낌을 받았다. 게임 메인 스토리를 끝내고 폴아웃 3나 뉴베가스처럼 내가 무엇을 했는지 되돌아보고 평가해보고 아 다음엔 이렇게 해볼까 하는 느낌이 든 것이 아니라 허탈감만이 남는다. 전작의 다채로웠던 대화 선택지도 4개로 압축되어 재미가 덜해졌고, 옛날에 기를 쓰고 퀘스트를 클리어하고 공략 찾아보고 해서 찾은 전설 아이템들도 이제는 그냥 별딱지 붙은 몹만 잡으면 일","전작 보다 발전 한 점도 많이 보이 지만 퇴보한 점도 눈 에 띈다 . 전투 가 더 박진 감 있어졌고 그래픽 도 많이 향상 되었다 . 하지만 후반 부 에 들어서면서부터 게임 이 많이 루즈 해진다는 느낌 을 받았다 . 게임 메인 스토리 를 끝내고 폴아웃 3 나 뉴 베가스 처럼 내 가 무엇 을 했는지 되돌아보고 평가 해보고 아 다음 엔 이렇게 해볼까 하는 느낌 이 든 것 이 아니라 허탈 감 만이 남는다 . 전작 의 다채로웠던 대화 선택 지도 4 개 로 압축 되어 재미 가 덜해졌고 , 옛날 에 기를 쓰고 퀘스트 를 클리어 하고 공략 찾아보고 해서 찾은 전설 아이템 들 도 이제 는 그냥 별 딱지 붙은 몹 만 잡으면 일",2019-07-15 15:26:41
377160,Fallout 4,positive,메인스토리는 뒷전이고 폐지줍는맛에 합니다 인생은 개판인데 인벤토리 차는거보면 흐믓ㅎ,메인 스토리 는 뒷전 이고 폐지 줍는 맛 에 합니다 인생 은 개판 인데 인벤 토리 차는거 보면 흐믓 ㅎ,2019-07-14 21:54:56
377160,Fallout 4,positive,모션이 쫌....,모션 이 쫌 ....,2019-07-14 21:03:14
377160,Fallout 4,positive,작작 좀 싸워라 이자식들아,작작 좀 싸워라 이 자식 들 아,2019-07-12 00:52:35
377160,Fallout 4,positive,"메인퀘, 서브퀘 밀며 전투하고 커먼웰스 구경하는 재미도 있지만 역시 모드 설치, 빌리징에 시간 제일 많이 쓰게됨 '폴아웃시리즈 답지 않게' 캐주얼해진 시스템이 골수팬들에게 까이는 것도 많이 봤지만, 이런 오픈월드 RPG가 생소한 게이머 입장에서 말하자면, 심플해진 시스템이 오히려 방대한 분기점 앞에서 무엇을 선택해야할지 고민해야하는 수고를 덜어주는, 일종의 가이드라인 역할을 해줬다고 생각하기 때문에 이건 취향 문제지 옳고 그름의 문제는 아닌 것 같음","메인 퀘 , 서브 퀘 밀 며 전투 하고 커먼웰스 구경 하는 재미 도 있지만 역시 모드 설치 , 빌리 징 에 시간 제일 많이 쓰게 됨 ' 폴아웃 시리즈 답지 않게 ' 캐 주얼 해진 시스템 이 골수팬 들 에게 까이는 것 도 많이 봤지만 , 이런 오픈월드 RPG 가 생소한 게이머 입장 에서 말 하자면 , 심플 해진 시스템 이 오히려 방대한 분기점 앞 에서 무엇 을 선택 해야 할지 고민 해야하는 수고 를 덜어주는 , 일종 의 가이드라인 역할 을 해줬다고 생각 하기 때문 에 이건 취향 문제 지 옳고 그름 의 문제 는 아닌 것 같음",2019-07-11 19:29:56
377160,Fallout 4,positive,방사능에 찌든 더러운 세상에서 참교육해주면서 사는거 너무 재밌자너,방사 능 에 찌든 더러운 세상 에서 참 교육 해주면서 사는거 너무 재밌자 너,2019-07-11 17:17:26
377160,Fallout 4,positive,갓~~겜,갓 ~~ 겜,2019-07-11 10:36:01
377160,Fallout 4,positive,재미있습니다 넓은 오픈월드 ..,재미있습니다 넓은 오픈월드 ..,2019-07-08 01:34:18
377160,Fallout 4,positive,살면서 꼭 한번쯤은 해봐야하는 게임,살면서 꼭 한번 쯤 은 해봐 야하는 게임,2019-07-07 22:07:41
377160,Fallout 4,positive,거의 인생 게임 수준,거의 인생 게임 수준,2019-07-07 20:14:34
377160,Fallout 4,positive,good game,good game,2019-07-07 19:38:40
377160,Fallout 4,positive,꿀잼,꿀잼,2019-07-07 16:51:46
377160,Fallout 4,positive,지금 재밋게 하고 있어욧~!! 폴아웃3는 아직 안해봤는데 스카이림이랑 비슷하게 재밌음~!!,지금 재밋 게 하고 있어 욧 ~!! 폴아웃 3 는 아직 안 해봤는데 스카이림 이랑 비슷하게 재밌음 ~!!,2019-07-07 14:14:26
377160,Fallout 4,positive,자유도 높고 3트째인데 재밌음.,자유도 높고 3 트째 인데 재밌음 .,2019-07-07 13:29:55
377160,Fallout 4,positive,가을출타4,가을 출타 4,2019-07-07 02:25:11
377160,Fallout 4,positive,모드갓겜,모드 갓 겜,2019-07-07 02:04:19
377160,Fallout 4,positive,여러가지로 매우 아쉬운 게임 왜냐하면 너무 재미있어서... 디테일에 좀더 신경썻으면 갓갓이었을 텐데,여러가지 로 매우 아쉬운 게임 왜냐하면 너무 재미있어서 ... 디테일 에 좀더 신 경 썻으 면 갓 갓 이었을 텐데,2019-07-07 01:40:18
377160,Fallout 4,positive,잼있어여 추천,잼있어여 추천,2019-07-07 00:04:03
377160,Fallout 4,positive,갈비를 즈려밣고 가오...,갈비 를 즈려밣 고 가오 ...,2019-07-06 20:18:19
377160,Fallout 4,positive,버그가 넘치지만 오픈월드는 이정도야지,버그 가 넘치지만 오픈월드 는 이정 도야지,2019-07-06 11:40:24
377160,Fallout 4,positive,별로재미있네요 1따봉~,별로 재미있네요 1 따 봉 ~,2019-07-06 10:40:09
377160,Fallout 4,positive,게임 하나 사서 일 년은 해먹을 수 있을 것 같은 게임.,게임 하나 사서 일 년 은 해먹 을 수 있을 것 같은 게임 .,2019-07-06 03:19:30
377160,Fallout 4,positive,전쟁은 변하지 않는당게... 근데 게임성은 잘 변하는군 안 죽는 NPC가 생겨서 욕을 오지게 먹은 폴아웃 4 솔직히 까놓고 말하면 난 엘더스크롤 충이라 익숙한 시스템 정착지 건설하는 시스템은 ^오^ 개좋앙 나중에 엘더스크롤 6에도 마을 건설 시스템 생기겠지>? 히히힣,전쟁 은 변하지 않는 당 게 ... 근데 게임 성은 잘 변하는군 안 죽는 NPC 가 생겨서 욕 을 오지 게 먹은 폴아웃 4 솔직히 까놓고 말 하면 난 엘더스크롤 충 이라 익숙한 시스템 정착 지 건설 하는 시스템 은 ^ 오 ^ 개 좋 앙 나중 에 엘더스크롤 6 에도 마을 건설 시스템 생기겠지 >? 히 히 힣,2019-07-06 02:30:43
377160,Fallout 4,positive,~토드만족,~ 토드 만족,2019-07-06 00:04:46
377160,Fallout 4,positive,재미있게 했씀둥,재미있게 했씀둥,2019-07-05 23:52:32
377160,Fallout 4,positive,슈퍼 갓겜,슈퍼 갓 겜,2019-07-05 23:32:14
377160,Fallout 4,positive,굿게임굿게임,굿 게임 굿 게임,2019-07-05 20:02:14
377160,Fallout 4,positive,몇년째 하는것일까... 부족한 시간을 쪼개서 하는만큼 몇년째 이 게임에서 벗어나지 못하는 만큼 다른 게임을 플레이 하는 것을 막는 원흉이다.,몇 년 째 하는것 일까 ... 부족한 시간 을 쪼개서 하는만큼 몇 년 째 이 게임 에서 벗어나지 못 하는 만큼 다른 게임 을 플레이 하는 것 을 막는 원흉 이다 .,2019-07-05 19:04:07
377160,Fallout 4,positive,재밌네요,재밌네요,2019-07-05 16:39:43
377160,Fallout 4,positive,재밌음,재밌음,2019-07-05 16:07:42
377160,Fallout 4,positive,ㅇ포스트아포칼립스 명작ㅇ,ㅇ 포스트 아포칼립스 명작 ㅇ,2019-07-05 16:01:51
377160,Fallout 4,positive,지금하는중. 좋은게임.,지금 하는 중 . 좋은 게임 .,2019-07-05 12:39:12
377160,Fallout 4,positive,rrrrrrr,rrrrrrr,2019-07-05 11:51:02
377160,Fallout 4,positive,스토리고 뭐고 본격적 슈팅 RPG는 이거 밖에 없다...,스토리 고 뭐 고 본격 적 슈팅 RPG 는 이 거 밖에 없다 ...,2019-07-05 09:50:39
377160,Fallout 4,positive,갓겜 시간가는줄 모르고 한다,갓 겜 시간 가는줄 모르고 한다,2019-07-05 01:32:45
377160,Fallout 4,positive,갓겜,갓 겜,2019-07-05 00:12:05
377160,Fallout 4,positive,최소 플탐 50시간은 잡아먹는 게임.,최소 플 탐 50시간 은 잡아먹는 게임 .,2019-07-05 00:05:50
377160,Fallout 4,positive,최고다,최고다,2019-07-05 00:02:43
377160,Fallout 4,positive,말이필요없지 폴아웃,말 이 필요없지 폴아웃,2019-07-04 23:06:30
377160,Fallout 4,positive,오픈월드,오픈월드,2019-07-04 22:46:23
377160,Fallout 4,positive,431시간째.,431시간 째 .,2019-07-04 22:43:44
377160,Fallout 4,positive,누카콜라는 맛없어,누카 콜라 는 맛없어,2019-07-04 20:46:03
377160,Fallout 4,positive,개인적으로 시리즈들중 가장 재밌게 한 게임,개인 적 으로 시리즈 들 중 가장 재밌게 한 게임,2019-07-04 19:30:10
377160,Fallout 4,positive,꿀잼,꿀잼,2019-07-04 19:27:22
377160,Fallout 4,positive,버그가 좀 많이있고 스토리가 좀 그렀지만 게임자체는 핵전쟁이후의 세상을 잘표현한 게임이다,버그 가 좀 많이 있고 스토리 가 좀 그렀지만 게임 자체 는 핵전쟁 이 후의 세상 을 잘 표현 한 게임 이다,2019-07-04 15:58:13
377160,Fallout 4,positive,폴아웃 시리즈를 접해보지 않은 상태에서 했기 때문에 충분히 즐길만했습니다 하지만 버그가 너무 많았던거 같네요,폴아웃 시리즈 를 접 해보지 않은 상태 에서 했기 때문 에 충분히 즐길만 했습니다 하지만 버그 가 너무 많았던거 같네요,2019-07-04 15:04:25
377160,Fallout 4,positive,"Dlc없으면 더 이상의 컨텐츠가 없는 게임 dlc를 살려하지만 누카월드,파하버,로봇 빼고는 다 좆같은 dlc 그래서 퀘스트를 하자니 bos 퀘스트 별로 없음 그래서 미닛맨을 하자니 다 인질극이나 지도에 찍어주는거 뿐 게임이 하면할수록 메이플스토리가 되가는 느낌임. ㅇㅇ","Dlc 없으면 더 이상 의 컨텐츠 가 없는 게임 dlc 를 살려하지만 누카 월드 , 파 하버 , 로봇 빼고는 다 좆 같은 dlc 그래서 퀘스트 를 하자 니 bos 퀘스트 별로 없음 그래서 미닛맨 을 하자 니 다 인질 극 이나 지도 에 찍어주는거 뿐 게임 이 하면 할수록 메이플스토리 가 되가는 느낌 임 . ㅇㅇ",2019-07-04 10:47:00
377160,Fallout 4,positive,오랜만에 꽤 몰입하면서 한 게임 버그가 많아 중간중간 세이브를 하면서 하는 큰 노고가 뒤따르지만 그만큼 재밌고 모드도 많아 매일 색다르다. 아직 dlc를 플레이 하지 않아서 dlc부분은 평가하기 어려움,오랜 만 에 꽤 몰입 하면서 한 게임 버그 가 많아 중간 중간 세이브 를 하면서 하는 큰 노고 가 뒤따르지만 그만큼 재밌고 모드 도 많아 매일 색다르다 . 아직 dlc 를 플레이 하지 않아서 dlc 부분 은 평가 하기 어려움,2019-07-04 09:24:14
377160,Fallout 4,positive,폴아웃3나 뉴베가스만 해봤는데 처음에는 적응 안됐음 대화가 워킹데드를 생각나게함 재밌지만 뉴베가스를 더 재미나게 한거같음.,폴아웃 3 나 뉴 베가스 만 해봤는데 처음 에는 적응 안 됐음 대화 가 워킹데드 를 생각나게 함 재밌지만 뉴 베가스 를 더 재미나 게 한 거 같음 .,2019-07-04 03:09:44
377160,Fallout 4,positive,"현재 3번째 플레이인데 엔딩은 아직 못봤습니다. 사이드 퀘스트 가 많아서, 정착지 꾸미는게 재미있어서 일지도 모르겠지만, 어느걸 선택 못하는 선택 장애와 게임을 끝내기 싫은 마음으로 엔딩은 아직 안봤네요. 같은 회사의 스카이림도 못봤어요. 그만큼 매력적입니다. 처음 부터 시작 하는 일이 있더라도 끝내기는 싫네요.","현재 3 번째 플레이 인데 엔딩 은 아직 못 봤습니다 . 사이드 퀘스트 가 많아서 , 정착 지 꾸미는게 재미있어서 일지 도 모르겠지만 , 어느 걸 선택 못 하는 선택 장애 와 게임 을 끝내기 싫은 마음 으로 엔딩 은 아직 안 봤네요 . 같은 회사 의 스카이림 도 못 봤어요 . 그만큼 매력 적 입니다 . 처음 부터 시작 하는 일이 있더라도 끝내기 는 싫네요 .",2019-07-04 00:59:27
377160,Fallout 4,positive,폴아웃 시리즈 중에선 애매한 게임성이지만 파워 아머에 한표,폴아웃 시리즈 중 에선 애매한 게임 성 이지만 파워 아 머 에 한 표,2019-07-03 22:12:24
377160,Fallout 4,positive,good,good,2019-07-03 20:24:49
377160,Fallout 4,positive,Greeeaaaaaaaat,Greeeaaaaaaaat,2019-07-03 19:10:11
377160,Fallout 4,positive,얼마안했지만 재밌네요. 추천드립니다,얼 마안 했지만 재밌네요 . 추천 드립니다,2019-07-03 18:11:57
377160,Fallout 4,positive,마이얼럭...! 와...!,마이 얼럭 ...! 와 ...!,2019-07-03 15:08:18
377160,Fallout 4,positive,받으세요 두번 받으세요 갸꿀잼,받으세요 두 번 받으세요 갸꿀잼,2019-07-03 12:28:19
377160,Fallout 4,positive,폴아웃 시리즈에서 전투가 재미있어져서 이제 스토리 전투 둘다 재미있는 완벽한 게임,폴아웃 시리즈 에서 전투 가 재미있어져서 이제 스토리 전투 둘다 재미있는 완벽한 게임,2019-07-03 10:47:59
377160,Fallout 4,positive,버그 투성이 낙진4 ! 하지만 버그가 곧 컨텐츠자 매력인 게임! 모드와 함께 더욱 재밌게 즐기세요 :D,버그 투성이 낙진 4 ! 하지만 버그 가 곧 컨텐츠 자 매력 인 게임 ! 모드 와 함께 더욱 재밌게 즐기세요 : D,2019-07-03 03:51:31
377160,Fallout 4,positive,노모드 바닐라로 겜하다가 모드 발견하니까 신세계자너 전체적인 스토리는 괜찮은 편이나 레일로드쪽은 좀 에바쎄바지 않나 생각된다 개인적으로 메인엔딩은 인스티튜드쪽이 아닐까?,노 모드 바닐라 로 겜 하다가 모드 발견 하 니까 신세계 자 너 전체 적 인 스토리 는 괜찮은 편이 나 레일로드 쪽 은 좀 에바 쎄 바지 않나 생각 된다 개인 적 으로 메인 엔딩 은 인스티튜드쪽 이 아닐까 ?,2019-07-03 00:41:45
377160,Fallout 4,positive,플레이 시간보다 모드 번역하고 찾아다닌 시간이 더 많아졌다. 출시 직후 풀프라이스로 구매하며 이 겜은 몇년간은 할인 안하겠지 한지가 벌써 4년이 다되간다. 매년 똥값에 팔리는걸 보면 슬프기도 하고 그 때 마다 토도키 하와도가 마치 큰 그림을 그린듯 약올리는 얼굴이 떠올라 큰 분노를 느끼며 다시는 흑우가 되지 않겠단 의지를 다져가며 오늘도 살아간다.,플레이 시간 보다 모드 번역 하고 찾아다닌 시간 이 더 많아졌다 . 출시 직후 풀 프라 이스 로 구매 하며 이 겜 은 몇 년 간 은 할인 안 하겠지 한지 가 벌써 4년 이 다 되 간다 . 매년 똥값 에 팔리는걸 보면 슬프 기도 하고 그 때 마다 토도 키 하와 도 가 마치 큰 그림 을 그린듯 약 올리는 얼굴 이 떠올라 큰 분노 를 느끼며 다시는 흑우 가 되지 않겠단 의지 를 다져가며 오늘 도 살아간다 .,2019-07-03 00:39:44
377160,Fallout 4,positive,꿀잼,꿀잼,2019-07-02 23:58:45
377160,Fallout 4,positive,진짜 베데스다 최후의 명작 제발 엘더6라도 잘나와야함,진짜 베데스다 최후 의 명작 제발 엘더 6 라도 잘나와 야함,2019-07-02 16:49:26
377160,Fallout 4,positive,재밌다,재밌다,2019-07-02 01:27:03
377160,Fallout 4,positive,"maybe... if you wanna give new things to your friends. you give this game, said Fallout 3 New Mode.","maybe ... if you wanna give new things to your friends . you give this game , said Fallout 3 New Mode .",2019-07-01 23:28:19
377160,Fallout 4,positive,"뉴베가스를 즐기고 난 후 이겜을 접하니 그래픽'만' 나아진, 아니 오히려 다른부분은 더 실망이 큰 작품. 하지만, 폴아웃 세계관이라던지 포스트 아포칼립스와 오픈월드가 취향에 맞는 사람들은 한번쯤 해볼만한 게임. 난 꽤 괜찮게 플레이 했다. 현재는 모드를 몇가지 적용후 가볍게 하는중. 전작인 뉴베가스가 너무 갓 ㅡ 겜이라 기대치에 매우 못미쳐 실망한 사람들이 많지만, 적당히 기대를 버리고 산보나가는 느낌으로 플레이하면 괜찮은 게임. 가볼까, 도그밋?","뉴 베가스 를 즐기고 난 후 이 겜 을 접 하니 그래픽 ' 만 ' 나아진 , 아니 오히려 다른 부분 은 더 실망 이 큰 작품 . 하지만 , 폴아웃 세계관 이라 던지 포스트 아포칼립스 와 오픈월드 가 취향 에 맞는 사람 들 은 한번 쯤 해볼만 한 게임 . 난 꽤 괜찮게 플레이 했다 . 현재 는 모드 를 몇 가지 적용 후 가볍게 하는 중 . 전작 인 뉴 베가스 가 너무 갓 ㅡ 겜 이라 기 대치 에 매우 못 미쳐 실망한 사람 들 이 많지만 , 적당히 기대 를 버리고 산보 나가는 느낌 으로 플레이 하면 괜찮은 게임 . 가볼까 , 도그밋 ?",2019-07-01 22:04:50
377160,Fallout 4,positive,스트롱 너 이자식....,스트롱 너 이 자식 ....,2019-07-01 19:27:08
377160,Fallout 4,positive,그래도 명작... 읍읍작..보다는..,그래도 명작 ... 읍읍작 .. 보다는 ..,2019-07-01 19:23:21
377160,Fallout 4,positive,초회차 메인 스토리 클리어에 40시간 걸렸습니당 게임을 찬찬히 하는 편이라 여기저기 구경하고 엔피씨들이랑 대화하다보니 플탐이 엄청 늘었네용 폴아웃 시리즈를 폴아웃4로 처음 접했는데 폴3이나 뉴베가스도 해봐야겠다 하는 생각이 들었습니다 저처럼 폴아웃을 처음 해보시는 분들한테는 4가 입문하기 좋은 것 같아요! 게임 하면서 모딩을 많이 하는 편이 아니라 바닐라로만 플레이 했는데 나와있는 모드가 워낙 많아서 모딩을 좋아하시는 분들은 더 다양하게 즐기실 수 있을 것 같아요! 개인적으로는 황폐해진 맵 돌아다니면서 클래식 라디오 틀어놓고,초회차 메인 스토리 클리어 에 40시간 걸렸 습 니당 게임 을 찬찬히 하는 편이 라 여기저기 구경 하고 엔피씨 들 이랑 대화 하다 보니 플 탐이 엄청 늘었 네 용 폴아웃 시리즈 를 폴아웃 4 로 처음 접 했는데 폴 3 이나 뉴 베가스 도 해봐야겠다 하는 생각 이 들었습니다 저 처럼 폴아웃 을 처음 해보시는 분 들 한테 는 4 가 입문 하기 좋은 것 같아요 ! 게임 하면서 모딩 을 많이 하는 편이 아니라 바닐라 로만 플레이 했는데 나와있는 모드 가 워낙 많아서 모딩 을 좋아하시는 분 들 은 더 다양하게 즐기실 수 있을 것 같아요 ! 개인 적 으로는 황폐 해진 맵 돌아다니면서 클래식 라디오 틀어놓고,2019-07-01 19:03:53
377160,Fallout 4,positive,★★★★★ (5/5) - 폴아웃 시리즈의 정점. 하나씩 나사빠진 점을 모든점에서 개선하였다. 차기작이 나오기 전까진 폴아웃 최고의 작품이 될것이다.,★★★★★ ( 5/5 ) - 폴아웃 시리즈 의 정점 . 하나 씩 나사 빠진 점 을 모든 점 에서 개선 하였다 . 차기작 이 나오기 전 까진 폴아웃 최고 의 작품 이 될것이다 .,2019-07-01 18:05:31
377160,Fallout 4,positive,우리는 당신을 죽일것있니다 토도키하와도상,우리 는 당신 을 죽일것있니다 토도 키 하 와도 상,2019-07-01 16:57:11
377160,Fallout 4,positive,"토도키 하워드상,,,,수타필드는 어떻게된데스웅,,,,","토도 키 하워드 상 ,,,, 수 타 필드 는 어떻게 된 데스 웅 ,,,,",2019-07-01 16:06:47
377160,Fallout 4,positive,havent played alot but recommend yes? yes!,havent played alot but recommend yes ? yes !,2019-07-01 14:59:11
377160,Fallout 4,positive,언제해도 질리지 않는 게임. 뉴베가스에 비하면 손색이 있음에도 여전히 명작임은 틀림없습니다. ▲ 위 내용을 복사해서 올리고 인증샷 보내주시면 됩니다. ▲,언제 해도 질리 지 않는 게임 . 뉴 베가스 에 비 하면 손색 이 있음에도 여전히 명작 임 은 틀림없습니다 . ▲ 위 내용 을 복사 해서 올리고 인증샷 보내주시면 됩니다 . ▲,2019-07-01 14:05:21
377160,Fallout 4,positive,똥 토드야 벌레좀 치우라고 제발 제발 제발,똥 토드 야 벌레 좀 치우라고 제발 제발 제발,2019-07-01 13:37:32
377160,Fallout 4,positive,"개인적으로 오픈 월드 게임을 좋아해서 정말 재밌게했습니다람쥐. 그러나 오픈 월드 게임의 특성상, 그리고 베데스다의 허접한 마감처리로 인해 잊을만 할때 마다 발생하는 버그들에 익숙치 못하다면 건드리지 않는 것을 권해드립니다람쥐. 정가 육만원 주고 살 게임은 아니라고 생각하고, 출시된지 오래된 만큼 반값 할인 꽤 자주하는 게임이니 할인할때 구매하면 무조건 돈값은 하는 게임입니다람쥐.","개인 적 으로 오픈 월드 게임 을 좋아해서 정말 재밌게 했습니다 람쥐 . 그러나 오픈 월드 게임 의 특성 상 , 그리고 베데스다 의 허 접 한 마감 처리 로 인해 잊을만 할 때 마다 발생 하는 버그 들 에 익숙 치 못 하다면 건드리지 않는 것 을 권 해드립니 다람쥐 . 정가 육만원 주고 살 게임 은 아니라고 생각 하고 , 출시 된지 오래된 만큼 반값 할인 꽤 자주 하는 게임 이니 할인 할 때 구매 하면 무조건 돈값 은 하는 게임 입니 다람쥐 .",2019-07-01 12:32:26
377160,Fallout 4,positive,똥도 이런 똥이 없는데 잊을만 하면 그 구수한 똥내가 그리워 다시 찾게 된다.,똥 도 이런 똥 이 없는데 잊을만 하면 그 구수한 똥내 가 그리워 다시 찾게 된다 .,2019-07-01 11:02:37
377160,Fallout 4,positive,그냥저냥....,그냥 저 냥 ....,2019-07-01 06:24:13
377160,Fallout 4,positive,GG,GG,2019-07-01 00:06:41
377160,Fallout 4,positive,하우징 시스템 거지같은데 계속 하게 되네 ㅜㅜㅜㅜㅜㅜㅜ,하우 징 시스템 거지같은데 계속 하게 되네 ㅜㅜㅜㅜㅜㅜㅜ,2019-06-30 23:21:00
377160,Fallout 4,positive,War never changes.,War never changes .,2019-06-30 21:57:44
377160,Fallout 4,positive,갓똥겜,갓 똥겜,2019-06-30 19:30:00
377160,Fallout 4,positive,gg,gg,2019-06-30 19:06:50
377160,Fallout 4,positive,이게임 만한게 없지,이 게임 만 한 게 없지,2019-06-30 15:36:56
377160,Fallout 4,positive,갓띵작 인정합니다.,갓띵작 인정 합니다 .,2019-06-30 15:18:27
377160,Fallout 4,positive,세일해서 오리지날 사봤는데 역시나 만족입니다.~~^^ 이맛에 베데스다 제품 애용하는것 같아요~* 울 아들램도 정말 좋아해요. 하라는 공부는 안 하고 이것만 하니 ㅠㅠ 화딱지도 나지만 울 남편하고 아들램이 붙어서 같이 하는것 보면 피식 웃고 넘어갑니다. 제품이 너무 맘에 들어서 조만간 3와 79도 구매할 예정이에용~^^..... 항상 컨텐츠 낭낭하게 들어있는 울 베데스다 제품 홧팅!,세 일해 서 오리 지날 사봤는데 역시 나 만족 입니다 .~~^^ 이 맛 에 베데스다 제품 애용 하는것 같아요 ~* 울 아들 램 도 정말 좋아해요 . 하라 는 공부 는 안 하고 이 것 만 하니 ㅠㅠ 화 딱 지도 나 지만 울 남편 하고 아들 램 이 붙어서 같이 하는것 보면 피식 웃고 넘어갑니다 . 제품 이 너무 맘 에 들어서 조만간 3 와 79 도 구매 할 예정 이 에 용 ~^^..... 항상 컨텐츠 낭낭 하 게 들어있는 울 베데스다 제품 홧팅 !,2019-06-30 13:29:13
377160,Fallout 4,positive,최고의 게임!,최고 의 게임 !,2019-06-30 10:14:43
377160,Fallout 4,positive,모드 깔면 더 재밌다.,모드 깔면 더 재밌다 .,2019-06-30 09:33:05
377160,Fallout 4,positive,"800시간쯤 하니까 이제 게임 좀 했구나 싶은 생각이 드네요. 하지만 지금도 게임을 켜면 새로 알게되는 부분들이 있어서 신기해요. 난이도도 바꿔보고 정착지도 신경쓴다면 1000시간은 채울 수 있을 거 같습니다. 그리고 모드를 깐다면 할거리가 더 많아지겠죠. (지금까진 바닐라였어요) 게임 하나를 오래 잡고 하고 싶다면 폴아웃4 괜찮은 선택일 거 같습니다. 특히 할인중일 때는요. 뉴베가스가 더 재밌다는 평가가 많지만, 폴아웃 시리즈를 아예 처음 접하는 사람에게는 폴아웃4도 충분히 재밌다는 걸 알려드리고 싶어요. 제가 그랬으니까요. 여기","800시간 쯤 하니까 이제 게임 좀 했구나 싶은 생각 이 드네 요 . 하지만 지금 도 게임 을 켜면 새로 알 게 되는 부분 들 이 있어서 신기해요 . 난이도 도 바꿔 보고 정착 지도 신경 쓴다면 1000시간 은 채울 수 있을 거 같습니다 . 그리고 모드 를 깐다면 할 거리 가 더 많아지겠죠 . ( 지금 까진 바닐라 였어요 ) 게임 하나 를 오래 잡고 하고 싶다면 폴아웃 4 괜찮은 선택 일 거 같습니다 . 특히 할인 중 일 때 는 요 . 뉴 베가스 가 더 재밌다는 평가 가 많지만 , 폴아웃 시리즈 를 아예 처음 접 하는 사람 에게는 폴아웃 4 도 충분히 재밌다는 걸 알려 드리고 싶어요 . 제 가 그랬으니까 요 . 여기",2019-06-30 09:24:04
377160,Fallout 4,positive,토드 하워드 개#끼 ㅗㅗ,토드 하워드 개 # 끼 ㅗㅗ,2019-06-30 04:03:08
377160,Fallout 4,positive,잼따,잼 따,2019-06-30 03:26:21
377160,Fallout 4,positive,"오랜기간동안 씹고 뜯고 맛보니 참맛이 느껴지기 시작함 아무래도 모드로 완성되는 게임이다보니 나중에 다시 게임을 다시 킬 확률이 늘어나는거같음 모드 찾는 것의 즐거움, 그리고 모드 충돌 날 때 고치려는 그 고생들 다 생각하면 보람찬거가틈","오랜 기간 동안 씹고 뜯고 맛보니 참 맛 이 느껴지기 시작 함 아무래도 모드 로 완성 되는 게임 이다 보니 나중 에 다시 게임 을 다시 킬 확률 이 늘어나는거 같음 모드 찾는 것 의 즐거움 , 그리고 모드 충돌 날 때 고치려는 그 고생 들 다 생각 하면 보람 찬거가 틈",2019-06-30 01:54:44
377160,Fallout 4,positive,아직 할 것이 남았다,아직 할 것 이 남았다,2019-06-30 00:32:48
377160,Fallout 4,positive,1. 바닐라겜을 한다 2. 심각한 버그에 감탄을 한다 3. 언오피셜 버그패치를 한다 4. 모드질을 한다,1 . 바닐라 겜 을 한다 2 . 심각한 버그 에 감탄 을 한다 3 . 언 오피 셜 버그 패치 를 한다 4 . 모드 질 을 한다,2019-06-29 23:25:25
377160,Fallout 4,positive,업데이트만 없으면 정말 좋은 게임,업데이트 만 없으면 정말 좋은 게임,2019-06-29 22:33:31
377160,Fallout 4,positive,good,good,2019-06-29 21:20:46
377160,Fallout 4,positive,베데스다 게임이 다 그렇지만 넥서스에서 모드 한번 설치하면 오따끄 게임이 됨 ㅡㅡ 헤헤 십덕질 해야지,베데스다 게임 이 다 그렇지만 넥서스 에서 모드 한번 설치 하면 오 따 끄 게임 이 됨 ㅡㅡ 헤헤 십 덕질 해야지,2019-06-29 19:57:11
377160,Fallout 4,positive,이제껏 했지만... 엔딩은 최근에 하나 봤네요 ㅋㅋㅋ 모드질 하다 터진게 몇번인지,이제껏 했지만 ... 엔딩 은 최근 에 하나 봤네요 ㅋㅋㅋ 모드 질 하다 터진게 몇번 인지,2019-06-29 19:41:05
377160,Fallout 4,positive,개인적으로는 몇가지 답답한 부분을 제외하고는 완성도도 높고 재미도 있다고 생각합니다.,개인 적 으로는 몇 가지 답답한 부분 을 제외 하고는 완성 도도 높고 재미 도 있다고 생각 합니다 .,2019-06-29 18:39:00
377160,Fallout 4,positive,프레스턴 가비가 소머빌 언락 퀘스트를 안주고 생츄어리 힐스 - 애버내시 농장 뺑뺑이 퀘만 줘서 불만이지만 빌리징으로 각각의 정착지를 잉여롭게 마음대로 꾸밀 수 있어 좋음 아 프레스턴 가비야 제발 소머빌 퀘좀 달라고. 이미 열어둔 정착지 말고.,프레스턴 가비 가 소 머 빌 언락 퀘스트 를 안주 고 생츄어리 힐스 - 애버 내시 농장 뺑뺑 이 퀘 만 줘서 불만 이지만 빌리 징 으로 각각 의 정착 지를 잉여롭 게 마음대로 꾸밀 수 있어 좋음 아 프레스턴 가비 야 제발 소 머 빌 퀘좀 달라 고 . 이미 열어 둔 정착 지 말고 .,2019-06-29 14:28:52
377160,Fallout 4,positive,개인적으론 재밌다. 오픈월드여서 맵이 넒고 탐엄하는 기분이 들긴하는데 처음 가는 지역일경우 직접 걸어서 가야하는게 불편한점,개인 적 으론 재밌다 . 오픈월드 여서 맵 이 넒 고 탐엄하 는 기분 이 들긴 하는데 처음 가는 지역 일 경우 직접 걸어서 가야 하는게 불편한 점,2019-06-29 14:08:30
377160,Fallout 4,positive,"일신한 게임 시스템. 허나 그 대가로 폴아웃 시리즈의 정체성이 위태로워졌다. 이제 자체적으로 충분히 게임이라 불리울 모습이지만, 안타까운 최적화와 삭제된 스피치체크,성향은 아쉬움을 더욱 부추긴다. 불난곳에 기름 붙는 아쉬운 스토리는 덤.","일신 한 게임 시스템 . 허나 그 대가 로 폴아웃 시리즈 의 정체 성 이 위태 로 워 졌다 . 이제 자체 적 으로 충분히 게임 이라 불리울 모습 이지만 , 안타까운 최적화 와 삭제 된 스 피치 체크 , 성향 은 아쉬움 을 더욱 부추긴다 . 불 난 곳 에 기름 붙는 아쉬운 스토리 는 덤 .",2019-06-28 21:22:23
377160,Fallout 4,positive,모드로 완성되는 베데스다 게임 ㅋㅋㅋㅋㅋㅋㅋ 그러하듯 바닐라와 모드의 차이는 완전 다른 게임이라 원본이 말도 안되게 후져도 유저들이 살려내는 그 게임. 이 게임할거면 모드좀 다룰 준비 하셔야 재미가 붙습니다. 그냥하기에는 똥오줌임,모드 로 완성 되는 베데스다 게임 ㅋㅋㅋㅋㅋㅋㅋ 그러하듯 바닐라 와 모드 의 차이는 완전 다른 게임 이라 원본 이 말 도 안되게 후 져도 유저 들 이 살려내는 그 게임 . 이 게임 할거면 모드 좀 다룰 준비 하셔야 재미 가 붙습니다 . 그냥 하기에는 똥 오줌 임,2019-06-26 17:30:21
377160,Fallout 4,positive,갠적으로 뉴베가스보다 4가 더 재밌다 그래픽 때문인가? 다만 그지같은 버그는 너무나도 화가나는 부분... 동료들이 길막 오지게 하고 버그땜시 어디 걸려서 컴퓨터 작동을 못하던가 파워아머를 못탄다던지... 그리고 도그밋이 지능이 오지게 딸리는지 맨날 어디 이상한 곳에 있거나 벽에 끼어있다... 강아지 키우는 입장에서 동료로 개가 있어서 좋아했지만 점점 개 혐오 생길려고 한다,갠 적 으로 뉴 베가스 보다 4 가 더 재밌다 그래픽 때문 인가 ? 다만 그지같은 버그 는 너무나도 화가 나 는 부분 ... 동료 들 이 길막 오지 게 하고 버그 땜시 어디 걸려서 컴퓨터 작동 을 못 하던가 파워 아 머 를 못 탄다던지 ... 그리고 도그밋 이 지능 이 오지 게 딸리는지 맨날 어디 이상한 곳 에 있거나 벽 에 끼어있다 ... 강아지 키우는 입장 에서 동료 로 개 가 있어서 좋아했지만 점점 개 혐오 생길려고 한다,2019-06-23 13:26:46
377160,Fallout 4,positive,일본의 세기말은 북두신권이라면 미국의 세기말은 폴아웃! 방구석 켄시로가 되어보세요!,일본 의 세기말 은 북두신권 이 라면 미국 의 세기말 은 폴아웃 ! 방 구석 켄시로 가 되어 보세요 !,2019-06-18 18:08:16
377160,Fallout 4,positive,비공식패치 로도 잡을수 없는 버그가 많다. 베데스다 게임은 버그만 아니면 시간가는줄 모르고 게임하다가 밤샌다. 폴아웃4 도 모드 깔고 맵 이곳저곳 탐험하며 그 지역만의 퀘스트를 깨다보면 재미있긴 한데.. 그 숫자가 많고 반복적이고 퀘스트 내용이 엇비슷하다보니 조금 질리긴 함.,비공식 패치 로 도 잡을수 없는 버그 가 많다 . 베데스다 게임 은 버그 만 아니면 시간 가는줄 모르고 게임 하다가 밤샌다 . 폴아웃 4 도 모드 깔고 맵 이 곳 저 곳 탐험 하며 그 지역 만의 퀘스트 를 깨다 보면 재미있긴 한데 .. 그 숫자 가 많고 반복 적 이고 퀘스트 내용 이 엇 비슷하다 보니 조금 질리긴 함 .,2019-06-18 12:19:32
377160,Fallout 4,positive,정신차려보니 3회차중. 그러니까 차기작좀 제대로 내라 토도키 하와와상,정신차려 보니 3회 차중 . 그러니까 차기작 좀 제대로 내 라 토도 키 하와 와 상,2019-06-17 04:23:35
377160,Fallout 4,positive,정말 개똥같은 게임인데 모드하면 나름 재밋음 정말루 뉴베가스만큼은 아니지만 일단 ' 게임 ' 임 dlc는 파하버 정도 추천함,정말 개똥 같은 게임 인데 모드 하면 나름 재밋음 정말루 뉴 베가스 만큼은 아니지만 일단 ' 게임 ' 임 dlc 는 파 하버 정도 추천 함,2019-06-15 20:47:57
377160,Fallout 4,positive,226시간 플레이... 엔딩은 한 번도 본 적이 없습니다. 미안 아들. 난 정착민들이 더 소중해. 중간에 날려먹은 게 몇차례 되는데도 진짜 애증어린 게임입니다. 지금 또 모드매니저가 말썽이라 잠깐 쉬는 중인데 이번 여름방학 때 끝을 본다.,226시간 플레이 ... 엔딩 은 한 번 도 본 적 이 없습니다 . 미안 아들 . 난 정착민 들 이 더 소중해 . 중간 에 날려 먹은 게 몇 차례 되는데도 진짜 애 증어 린 게임 입니다 . 지금 또 모드 매니저 가 말썽 이라 잠깐 쉬는 중 인데 이번 여름방학 때 끝 을 본다 .,2019-06-15 15:05:40
377160,Fallout 4,positive,Weapon debris는 키면 CTD납니다. 이것떔에 생고생했어요. 모드로 완성도를 높여야 하는 게임... 재밌긴 하다.,Weapon debris 는 키 면 CTD 납니다 . 이것떔 에 생 고생 했어요 . 모드 로 완성 도를 높여야 하는 게임 ... 재밌긴 하다 .,2019-06-13 20:05:19
377160,Fallout 4,positive,이거 DLC 다 샀는데 귀찮아서 안하고 있다,이 거 DLC 다 샀는데 귀찮아서 안 하고 있다,2019-06-13 13:08:00
377160,Fallout 4,positive,"폴아웃3와 뉴베가스를 재밌게 즐기지 못한 입장에서 접한 4편은 정말 난이도가 쉬웠고 빠져들기 좋은 게임인 듯함. 전작과의 차이점 같은 경우, 무기나 방어구의 내구도가 사라져서 파워아머를 제외한 무기/방어구는 수리 안 해도 되고, 파워아머 또한 원세트가 아닌 파츠별로 장착할 수 있어서 레이더/BOS/t-60 같은 해괴한 조합도 가능해짐. 물론 전작을 파고든 골수 유저라면 4편에 대해 불만이 많다고 느낄 수 있는데, 나같은 경우는 재밌게 했고 사놓고 방치했지만 dlc까지 사볼까? 란 생각이 들 정도로 빠져들게 됐음. 유일한 불만이라","폴아웃 3 와 뉴 베가스 를 재밌게 즐기지 못 한 입장 에서 접 한 4 편 은 정말 난이도 가 쉬웠고 빠져들기 좋은 게임 인 듯함 . 전작 과의 차이점 같은 경우 , 무기 나 방어 구의 내 구도 가 사라져서 파워 아 머 를 제외 한 무기 / 방어 구 는 수리 안 해도 되고 , 파워 아 머 또한 원 세트 가 아닌 파츠 별로 장 착할 수 있어서 레이더 / BOS / t - 60 같은 해괴 한 조합 도 가능해 짐 . 물론 전작 을 파고든 골수 유저 라면 4 편 에 대해 불만 이 많다고 느낄 수 있는데 , 나 같은 경우 는 재밌게 했고 사놓고 방치 했지만 dlc 까지 사볼까 ? 란 생각 이 들 정도 로 빠져들게 됐음 . 유일한 불만 이라",2019-06-11 17:41:45
377160,Fallout 4,positive,"개인적으로 겜 자체는 매우 만족스럽다 단지 게임이 그지같다 이상한 버그 모드 없이는 안되는 것들도 있는데 모드 깔면 도전과제(이마저도 모드로 해결가능하지만)가 달성도 안되고 여러가지 짜증 나는 부분은 있지만, 캐릭터 빈정대기 대사가 너무 재밌다 난 이것때문에 한다해도 과언이 아닐듯 진짜 빵빵 터질때 많다. 그리고 언제나 모드겜은 옳다! :)","개인 적 으로 겜 자체 는 매우 만족스럽다 단지 게임 이 그지같다 이상한 버그 모드 없이는 안되는 것 들 도 있는데 모드 깔면 도전 과제 ( 이 마저도 모드 로 해결 가능하지만 ) 가 달성 도 안되고 여러가지 짜증 나 는 부분 은 있지만 , 캐릭터 빈정대기 대사 가 너무 재밌다 난 이 것 때문 에 한다해 도 과언 이 아닐듯 진짜 빵빵 터질 때 많다 . 그리고 언제나 모드 겜 은 옳다 ! :)",2019-06-11 14:09:40
377160,Fallout 4,positive,핵전쟁 이후 그 자체,핵전쟁 이후 그 자체,2019-06-11 12:46:36
377160,Fallout 4,positive,왜 트레이딩 카드가 없어???,왜 트레이딩 카드 가 없어 ???,2019-06-11 08:18:16
377160,Fallout 4,positive,미션한개당 거의 1시간급인데 미션하는시간은 20분이고 40분이 미션지 이동시간임 ㅇㅅㅇ,미션 한개 당 거의 1시간 급인데 미션 하는 시간 은 20분 이고 40분 이 미션 지 이동 시간 임 ㅇㅅㅇ,2019-06-10 18:39:14
377160,Fallout 4,positive,토드 하워드 개1새1끼야,토드 하워드 개 1 새 1 끼 야,2019-06-10 08:11:06
377160,Fallout 4,positive,베데스다:그래서 재미없었어?ㅎㅎ,베데스다 : 그래서 재미없었어 ? ㅎㅎ,2019-06-10 01:10:45
377160,Fallout 4,positive,"폴아웃3 => 폴아웃 뉴베가스 => 폴아웃 4순서로 폴아웃을 진행했다. 폴아웃 뉴베가스는 업적다깨놓을 정도로 재밌게했는데, 사실 지금와서 생각해보니 괜히한거같다; 피웅신... 시간아깝누 뭐어쨋든 폴아웃 4를 다들 똥오줌4라고 부르던데 난 모르겠다. 재밌던데; 특히 빌리징하고 전작들에서 쓸모없었던 (효율이 개쓰레기) 잡동사니 모아서 제작하는 부분이 훨씬 의미있게 바뀌었다는점이 젤 큰것같다. 총도 뭐 소음기달수있는거에서 은신뽕오졌고... 근데 나는 스토리그런거 다 떠나고 베데스다 특유의 ㅄ같은 물리엔진 신물나서 이제 안하려고한다. 걷","폴아웃 3 => 폴아웃 뉴 베가스 => 폴아웃 4 순서 로 폴아웃 을 진행 했다 . 폴아웃 뉴 베가스 는 업 적 다 깨놓을 정도 로 재밌게 했는데 , 사실 지금 와 서 생각 해보니 괜히 한 거 같다 ; 피웅신 ... 시간 아깝 누 뭐어쨋 든 폴아웃 4 를 다 들 똥 오줌 4 라고 부르던데 난 모르겠다 . 재밌던데 ; 특히 빌리 징 하고 전작 들 에서 쓸모없었던 ( 효율 이 개 쓰레기 ) 잡 동사 니 모아서 제작 하는 부분 이 훨씬 의미 있게 바뀌었다는 점 이 젤 큰것 같다 . 총 도 뭐 소음기 달수있는거에서 은신 뽕 오졌고 ... 근데 나 는 스토리 그런거 다 떠나고 베데스다 특유 의 ㅄ 같은 물리엔진 신물 나서 이제 안 하려고한 다 . 걷",2019-06-09 23:53:15
377160,Fallout 4,positive,"볼륨이 커서 오래 즐길 수 있습니다. 다만, 스토리는 재미없습니다. 1회는 그냥 해보고, 2회차는 모드로 즐기는 게임.","볼륨 이 커서 오래 즐길 수 있습니다 . 다만 , 스토리 는 재미없습니다 . 1회 는 그냥 해보고 , 2회 차는 모드 로 즐기는 게임 .",2019-06-09 20:26:34
377160,Fallout 4,positive,굳,굳,2019-06-08 08:57:21
377160,Fallout 4,positive,뭐야 팀왈도 한국어 패치 어디같어;;; 오래만에할려니까 kor 검색해도 한패는 무슨 전혀 관련없는거만 뜨는데;; 한패내놔;;,뭐 야 팀 왈도 한국어 패치 어디 같어 ;;; 오래 만에 할려니까 kor 검색 해도 한 패 는 무슨 전혀 관련 없는거만 뜨는데 ;; 한 패 내놔 ;;,2019-06-07 14:55:48
377160,Fallout 4,positive,"폴아웃 시리즈를 처음 접했는데, 괜찮게 즐겼네요. 그래도, 메인 스토리 몰입도가 약간 아쉽긴 했습니다.","폴아웃 시리즈 를 처음 접 했는데 , 괜찮게 즐겼네요 . 그래도 , 메인 스토리 몰입도 가 약간 아쉽긴 했습니다 .",2019-06-06 22:45:08
377160,Fallout 4,positive,어린이 교육에 유익한 게임이에요,어린이 교육 에 유익한 게임 이에요,2019-06-05 21:51:53
377160,Fallout 4,positive,"공식 한글화 안 된 것을 제외하면 결점이 없음,","공식 한글화 안 된 것 을 제외 하면 결점 이 없음 ,",2019-06-03 16:09:39
377160,Fallout 4,positive,"병신같은 게임엔진, 좆같은 잡동사니, 귀찮은 빌리징, 입에 착 달라붙는 대사, 빠져드는 스토리, 모친무 포탑새끼들","병신 같은 게임엔진 , 좆 같은 잡 동사 니 , 귀찮은 빌리 징 , 입 에 착 달라붙는 대사 , 빠져드는 스토리 , 모친 무 포탑 새끼 들",2019-06-02 14:05:12
377160,Fallout 4,positive,아 너무 재밌다,아 너무 재밌다,2019-06-01 00:51:57
377160,Fallout 4,positive,KOR 한패 어디감? 그거 없스면 갬못하든대....,KOR 한 패 어디 감 ? 그거 없스 면 갬못 하든대 ....,2019-05-31 18:38:45
377160,Fallout 4,positive,모드존나깔면 할만함ㅋㅋ,모드 존나 깔면 할만 함 ㅋㅋ,2019-05-31 13:46:06
377160,Fallout 4,positive,우주 갓겜,우주 갓 겜,2019-05-31 02:54:26
377160,Fallout 4,positive,노답 물리엔진은 여전하지만 재미는 어느정도 보장,노답 물리엔진 은 여전하지만 재미 는 어느 정도 보장,2019-05-30 22:59:06
377160,Fallout 4,positive,이게임 하다보면 메인미션을 자꾸 까먹게 됩니다.,이 게임 하다 보면 메인 미션 을 자꾸 까먹게 됩니다 .,2019-05-30 20:54:05
377160,Fallout 4,positive,토도키 하와와... 당신은 버그를 만들어내는거시와요....,토도 키 하와 와 ... 당신 은 버그 를 만들어내는거시와 요 ....,2019-05-28 17:00:25
377160,Fallout 4,positive,이거 개똥겜임. 나만 사면 억울하니까 추천함,이 거 개똥겜임 . 나 만 사면 억울하니까 추천 함,2019-05-27 14:59:41
377160,Fallout 4,positive,기존에 있던 다른 시리즈와는 좀 달라서 당황 할 수 있습니다. 분위기가 너무 밝거든요... 하지만 폴아웃4는 기존작들이 퀘스트를 깨고 탐험만 하면 더이상 즐길게 없다는걸 알고 정착지라는 컨텐츠를 만들었죠 이 컨텐츠가 진짜 무궁무진 합니다. 모드질까지 하면서 하면 진짜 인생을 다써도 안끝날 것 같네요. 그리고 메인스토리가 좀 많이 부실하긴 한데 서브 퀘스트라던지 퀘스트로 안뜨지만 서로 연동(?) 되는 설정들이 있습니다. 그런 것들을 일일이 하나씩 살피면서 다니는 것도 하나의 재미죠.,기존 에 있던 다른 시리즈 와는 좀 달라 서 당황 할 수 있습니다 . 분위기 가 너무 밝거든요 ... 하지만 폴아웃 4 는 기존 작 들 이 퀘스트 를 깨고 탐험 만 하면 더 이상 즐길게 없다는걸 알 고 정착 지라 는 컨텐츠 를 만들었죠 이 컨텐츠 가 진짜 무궁무진 합니다 . 모드 질 까지 하면서 하면 진짜 인생 을 다 써도 안 끝날 것 같네요 . 그리고 메인 스토리 가 좀 많이 부실하긴 한데 서브 퀘스트라 던지 퀘스트 로 안 뜨지만 서로 연동 (?) 되는 설정 들 이 있습니다 . 그런 것 들 을 일일이 하나 씩 살피면서 다니는 것 도 하나 의 재미 죠 .,2019-05-27 05:37:31
377160,Fallout 4,positive,싸구려 커피를 마신다 미지근해 적잖이 속이 쓰려온다 눅눅한 비닐장판에 발바닥이 쩍 달라붙었다 떨어진다 이제는 아무렇지 안어 바퀴벌레 한 마리쯤 슥 지나가도 무거운 매일 아침엔 다만 그저 약간의 기침이 멈출 생각을 않는다 축축한 이불을 갠다 삐걱대는 문을 열고 밖에 나가 본다 아직 덜 갠 하늘이 너무 가까워 숨 쉬기가 쉽질 않다 수만번 본 것만 같다 어지러워 쓰러질 정도로 익숙하기만 하다 남은 것도 없이 텅빈 나를 잠근다 싸구려 커피를 마신다 미지근해 적잖이 속이 쓰려온다 눅눅한 비닐장판에 발바닥이 쩍하고 달라붙었다 떨어진다 뭐 한,싸구려 커피 를 마신다 미지근해 적잖이 속이 쓰려 온다 눅눅한 비닐 장판 에 발바닥 이 쩍 달라붙었다 떨어진다 이제 는 아무렇지 안어 바퀴벌레 한 마리 쯤 슥 지나가도 무거운 매일 아침 엔 다만 그저 약간 의 기침 이 멈출 생각 을 않는다 축축한 이불 을 갠다 삐걱 대 는 문 을 열고 밖에 나가 본다 아직 덜 갠 하늘 이 너무 가까워 숨 쉬기 가 쉽질 않다 수만 번 본 것 만 같다 어지러워 쓰러질 정도 로 익숙하기만 하다 남은 것 도 없이 텅빈 나를 잠근다 싸구려 커피 를 마신다 미지근해 적잖이 속이 쓰려 온다 눅눅한 비닐 장판 에 발바닥 이 쩍 하고 달라붙었다 떨어진다 뭐 한,2019-05-24 23:05:42
377160,Fallout 4,positive,재미는있는데 애미뒤진 버그땜에 몰입 불가능,재미 는 있는데 애 미 뒤진 버그 땜 에 몰입 불가능,2019-05-23 20:02:45
377160,Fallout 4,positive,베데스다의 오픈월드는 항상 깊고 새로운 이야기들로 채워져 있습니다. 매번 이런 게임을 선물해주어서 항상 감사할 따름입니다.,베데스다 의 오픈월드 는 항상 깊고 새로운 이야기 들 로 채워져 있습니다 . 매번 이런 게임 을 선물 해주어서 항상 감사할 따름 입니다 .,2019-05-20 16:31:51
377160,Fallout 4,positive,donken,donken,2019-05-18 23:44:54
377160,Fallout 4,positive,"처음 할땐 3, 뉴베가스보다 한참 못하다고 생각했는데 좀 하다보면 4 하다가 다시 뉴베가스로 역행을 못하게됨 뉴베가스가 그래픽도 구리고 4보다 컨텐츠도 적고 가만 보면 할것도 적고 불편하고, 윈10에서 돌아가기도 어렵고, 한글화 메모리누수 오지고(한글화 하신분 문제가 아니라 프로그램 때문임), 최적화도 개 똥임. 뉴베가스가 더 좋았다는건 솔직히 추억미화. 3랑 뉴베가스도 물론 갓겜이긴 했는데 2019년인데 언제까지 3랑 뉴베가스 후빨만 할거임? 물론 폴4도 최적화가 좋진 않지만 윈10에서 잘 돌아가고 4기가밖에 메모리 패치가 안되는","처음 할 땐 3 , 뉴 베가스 보다 한참 못 하다고 생각 했는데 좀 하다 보면 4 하다가 다시 뉴 베가스 로 역행 을 못 하게 됨 뉴 베가스 가 그래픽 도 구리 고 4 보다 컨텐츠 도 적고 가만 보면 할것도 적고 불편하고 , 윈 10 에서 돌아가기도 어렵고 , 한글화 메모리 누수 오지 고 ( 한글화 하 신분 문제 가 아니라 프로그램 때문 임 ), 최적화 도 개 똥임 . 뉴 베가스 가 더 좋았다는건 솔직히 추억 미화 . 3 랑 뉴 베가스 도 물론 갓 겜 이긴 했는데 2019년 인데 언제 까지 3 랑 뉴 베가스 후빨 만 할거 임 ? 물론 폴 4 도 최적화 가 좋진 않지만 윈 10 에서 잘 돌아가고 4 기가밖에 메모리 패치 가 안되는",2019-05-18 10:12:21
377160,Fallout 4,positive,이 게임 특) 미션 1시간 하우징 10시간,이 게임 특 ) 미션 1시간 하우 징 10시간,2019-05-18 01:58:30
377160,Fallout 4,positive,정착지 건설이 메인 컨텐츠,정착 지 건설 이 메인 컨텐츠,2019-05-10 23:28:28
377160,Fallout 4,positive,맙소사 당신이 누군지 모르겠지만 타이밍 한번 기가 막히는군요!,맙소사 당신 이 누군지 모르겠지만 타이밍 한번 기 가 막히는군요 !,2019-05-10 10:06:30
377160,Fallout 4,positive,핵폭발? NoNo 방사능 돌연변이와 슈퍼뮤턴트? 그들은 약과입니다. 그럼 어떤걸 조심해야하죠? 그건 바로... 원자교단... 원자님의 축복을! 우리 모든 폴아웃 유저들에게 돌립니다!!!!,핵폭발 ? NoNo 방사 능 돌연변이 와 슈퍼 뮤턴트 ? 그 들 은 약과 입니다 . 그럼 어떤 걸 조심해야하죠 ? 그건 바로 ... 원자 교단 ... 원자 님 의 축복 을 ! 우리 모든 폴아웃 유저 들 에게 돌립니다 !!!!,2019-05-09 16:42:46
377160,Fallout 4,positive,버그. 버그. 버그. 짜증. 짜증. 짜증. 실망. 실망. 실망. 이 제품을 무료로 받았다면 이 확인란을 선택해주세요. (?) ..... 꽁자로 줘도 않한다.. 현금 35.000 원 돌려줘!!!!!!!,버그 . 버그 . 버그 . 짜증 . 짜증 . 짜증 . 실망 . 실망 . 실망 . 이 제품 을 무료 로 받았다면 이 확인 란 을 선택 해주세요 . (?) ..... 꽁 자로 줘도 않 한다 .. 현금 35.000 원 돌려줘 !!!!!!!,2019-05-08 19:51:17
377160,Fallout 4,positive,다 버렸지만 다행히 재미는 챙긴 게임,다 버렸지만 다행히 재미 는 챙긴 게임,2019-05-07 18:57:04
377160,Fallout 4,positive,.,.,2019-05-07 18:04:31
377160,Fallout 4,positive,모드질 4,모드 질 4,2019-05-07 10:20:10
377160,Fallout 4,positive,게임 자체도 재밌지만 모드로 다양하게 바꿔서 플레이하는 재미가 특히나 끌려요. 확실히 버그가 좀 여기저기 꾸물거리지만 모드로 내 입맛에 맞는 게임으로 만들어간다는 재미가 쏠쏠해요. 폴아웃76 말고 폴아웃5 같은 게 빨리 나오면 좋겠네요.,게임 자체 도 재밌지만 모드 로 다양하게 바꿔서 플레이 하는 재미 가 특히 나 끌려요 . 확실히 버그 가 좀 여기저기 꾸물거리지만 모드 로 내 입맛 에 맞는 게임 으로 만들어 간다 는 재미 가 쏠쏠해요 . 폴아웃 76 말고 폴아웃 5 같은 게 빨리 나오면 좋겠네요 .,2019-05-06 17:31:19
377160,Fallout 4,positive,개인적으로 뉴베가스를 싫어해서 76이라도 살려했더니 친구가 조언을 해줬습니다 폴아웃 76은 가비가 반복 퀘스트를 내는것보다 재미 없다고 그래서 안사고 뉴베가스를 하고있네요 고맙습니다.,개인 적 으로 뉴 베가스 를 싫어해서 76 이라도 살려 했더니 친구 가 조언 을 해줬습니다 폴아웃 76 은 가비 가 반복 퀘스트 를 내는것보다 재미 없다고 그래서 안 사고 뉴 베가스 를 하고있네요 고맙습니다 .,2019-05-05 00:25:45
377160,Fallout 4,positive,말이 필요없는 갓겜 안했으면 무조건 해야댐,말 이 필요없는 갓 겜 안 했으면 무조건 해야 댐,2019-05-04 01:39:51
377160,Fallout 4,positive,난 이게 개 똥겜인줄 알았는데 폴아웃 76 보고나니 개똥이 아니라 선녀 똥겜이었던거임,난 이 게 개 똥겜 인 줄 알았는데 폴아웃 76 보고나니 개똥이 아니라 선녀 똥겜 이었던거 임,2019-04-28 00:10:16
377160,Fallout 4,positive,갓겜 개꿀잼,갓 겜 개꿀잼,2019-04-27 22:24:02
377160,Fallout 4,positive,버그 망겜,버그 망겜,2019-04-26 02:13:23
377160,Fallout 4,positive,버그만 해결하면 좋을것같은데..아무튼 스토리는 좋은것같아욥:) 프레스턴 개ㅅ...,버그 만 해결 하면 좋을것 같은데 .. 아무튼 스토리 는 좋은 것 같아 욥 :) 프레스턴 개 ㅅ ...,2019-04-20 15:57:36
377160,Fallout 4,positive,재미없었음....그래서 전에 그거 팔고 데메크5샀음 베데스다 미아넹...,재미없었음 .... 그래서 전 에 그거 팔고 데메 크 5 샀음 베데스다 미아 넹 ...,2019-04-19 23:04:12
377160,Fallout 4,positive,재밌었는데 결말 개뜬끔없음 메인스토리 중반까지는 아들내미볼때마다 마음아팠는데 후반갈수록 어쩔수없이 구한다는 느낌이 강했음 좀 웃긴게 실제로는 깨어난지 얼마 안된 주인공한테는 아내를 잃은게 최근일일턴데 아내를 잃어서 슬프긴 무슨 동료들한테 온갖 추파는 다 던지는 선택지가 떠서 웃겼음 그거말고는 그냥 폴아웃이 폴아웃했음 할만함,재밌었는데 결말 개 뜬 끔 없음 메인 스토리 중반 까지는 아들내미 볼때 마다 마음 아팠는데 후반 갈수록 어쩔 수없이 구 한다는 느낌 이 강했음 좀 웃긴게 실제 로는 깨어난지 얼마 안된 주인공 한테 는 아내 를 잃은게 최근 일 일 턴데 아내 를 잃어서 슬프긴 무슨 동료 들 한테 온갖 추파 는 다 던지는 선택 지 가 떠서 웃겼음 그거 말고는 그냥 폴아웃 이 폴아웃 했음 할만 함,2019-04-19 18:11:24
377160,Fallout 4,positive,진심 후회없는 220시간이었따 4개 루트 엔딩 모두 클리어,진심 후회 없는 220시간 이었따 4 개 루트 엔딩 모두 클리어,2019-04-19 01:52:03
377160,Fallout 4,positive,난 맨날 집만 꾸미다 망함,난 맨날 집 만 꾸미다 망함,2019-04-18 20:33:18
377160,Fallout 4,positive,ㄹㅇ 내가 이 게임을 벌써 500시간 했다는게 믿기질 않는다 분명 2달 전에 가을출타 접고 보더랜드 한다고 갔는데 어느순간 무의식적으로 다시 돌아와버림 토드야 그딴 7쓰레기겜6좀 그만 뽑고 이제 5편 내놓을 때가 되지 않았니????? 섹도시발년,ㄹㅇ 내 가 이 게임 을 벌써 500시간 했다는게 믿기질 않는다 분명 2 달 전 에 가을 출타 접고 보더 랜드 한다고 갔는데 어느 순간 무의식 적 으로 다시 돌아와 버림 토드 야 그딴 7 쓰레기 겜 6 좀 그만 뽑고 이제 5 편 내놓을 때 가 되지 않았니 ????? 섹 도 시발 년,2019-04-15 05:47:34
377160,Fallout 4,positive,자유도가 높아서 시간가는 줄 모르고 계속함 내기준으론 갓겜,자유도 가 높아서 시간 가는 줄 모르고 계속 함 내 기준 으론 갓 겜,2019-04-13 19:44:44
377160,Fallout 4,positive,"와 진짜 찌발 ....... 황무지 새마을 운동 이장질 하기가 이렇게 힘들줄은.................... 사람 자라고 만든 침대에 왠 머리 둘달린 젖소새끼가 와서 쳐자고 있고 사람은 거기 못들어가서 침대 만들어 줘도 잠잘때 없다고 징징거리고 이놈에 마을은 잠깐 읍내로 마실좀 나갔다 싶으면 온갖 잡놈들이 다 쳐들어와서 시체들이 굴러댕기네 무슨 전멸일기,대추나무 사람 걸렸네도 아니고.............. 이상은 높은데 만들어 놓고 보면 무슨 구룡성채 마굴이 되어있네","와 진짜 찌발 ....... 황무지 새마을 운동 이장 질 하기가 이렇게 힘들줄은 .................... 사람 자라고 만든 침대 에 왠 머리 둘 달린 젖소 새끼 가 와서 쳐 자고 있고 사람 은 거기 못 들어가서 침대 만들어 줘도 잠잘 때 없다고 징징거리고 이 놈 에 마을 은 잠깐 읍내 로 마실 좀 나갔다 싶으면 온갖 잡놈 들 이 다 쳐 들어와서 시체 들 이 굴러 댕기 네 무슨 전멸 일기 , 대추나무 사람 걸렸 네 도 아니고 .............. 이상은 높은데 만들어 놓고 보면 무슨 구룡성채 마굴 이 되어있네",2019-04-12 23:09:30
377160,Fallout 4,positive,별로 재미없음,별로 재미없음,2019-04-11 20:54:24
377160,Fallout 4,positive,"메인퀘스트에 대해 설명하자면 주요 등장 세력은 커먼웰스의 황무인들을 우선으로 지키기 위해 자발적으로 창설된 민병대인 미닛맨, 모든 일의 근원이나 다름없는 과학자 집단 인스티튜트, 인스티튜트에 반발해 신스 해방에만 주력하고 있는 지하조직 레일로드, 마지막으로 해방을 위해 찾아왔다고 주장하고 있는 외부에서 온 군벌 집단 브라더후드 오브 스틸 이렇게 넷이다. 이 중 민병대를 제외한 나머지 세력은 각자의 장단점이 너무나도 명백한데다 죄다 어째 하나같이 나사빠진 행동들을 벌이고 있다. 민병대는 지휘를 할 장군의 사망하면서 벌어졌던 각종 막장","메인 퀘스트 에 대해 설명 하자면 주요 등장 세력 은 커먼웰스 의 황무 인들 을 우선 으로 지키기 위해 자발 적 으로 창설 된 민병대 인 미닛맨 , 모든 일 의 근원 이나 다름없는 과학자 집단 인스티튜트 , 인스티튜트 에 반발 해 신스 해방 에만 주력 하고 있는 지하 조직 레일로드 , 마지막 으로 해방 을 위해 찾아왔다고 주장 하고 있는 외부 에서 온 군벌 집단 브라더후드 오브 스틸 이렇게 넷 이다 . 이 중 민병대 를 제외 한 나머지 세력 은 각자 의 장단점 이 너무나도 명백한데다 죄다 어째 하나같이 나사 빠진 행동 들 을 벌이 고 있다 . 민병대 는 지휘 를 할 장군 의 사망 하면서 벌어졌던 각종 막장",2019-04-11 05:28:55
377160,Fallout 4,positive,엠병할 플탐 왜 초기화 되는데?,엠병할 플 탐 왜 초기 화 되는데 ?,2019-04-09 07:19:20
377160,Fallout 4,positive,개꿀잼입니다. 무엇보다 MOD가 있어서 너무 좋은 게임입니다.,개꿀잼 입니다 . 무엇 보다 MOD 가 있어서 너무 좋은 게임 입니다 .,2019-04-08 23:21:30
377160,Fallout 4,positive,스트롱가지고 베히모스랑 술래잡기하는 갓-겜(베히모스 면상대고 고배율로 보면 ㅋㅋㅋ),스트롱가지 고 베히모스 랑 술래잡기 하는 갓 - 겜 ( 베히모스 면상 대고 고 배율 로 보면 ㅋㅋㅋ ),2019-04-08 19:52:02
377160,Fallout 4,positive,후레자식 줘 패는 게임입니다 다들 효도합시다,후레 자식 줘 패 는 게임 입니다 다 들 효도 합시다,2019-04-07 21:26:50
377160,Fallout 4,positive,이제 이게임 이후로 더이상의 폴아웃은 기대하지않는게 더 좋은 선택일수도 있다. 전작의 뛰어난 완성도적인 면모가 많이 사라진게 아쉽다. 전작은 진짜 몰입이 잘된거 같은데 폴아웃 4는 그것의 반정도만 몰입되는거 같다. 폴아웃 76은 도대체 누구대가리에서 나온건지 궁금하다. 진짜 개 똥멍청이인가.,이제 이 게임 이후 로 더 이상 의 폴아웃 은 기대하지 않는게 더 좋은 선택 일 수도 있다 . 전작 의 뛰어난 완성 도적 인 면모 가 많이 사라진게 아쉽다 . 전작 은 진짜 몰입 이 잘 된거 같은데 폴아웃 4 는 그것 의 반 정도 만 몰입 되는거 같다 . 폴아웃 76 은 도대체 누구 대가리 에서 나온 건지 궁금하다 . 진짜 개 똥 멍청이 인가 .,2019-04-07 21:08:08
377160,Fallout 4,positive,"폴아웃 시리즈의 교과서 퀘스트 진행이 친절한 게임이라 육성, 스토리 진행을 부담없이 즐길수 있었다. 즐길거리가 끝도없이 나오고 주연 NPC들도 상당히 매력있음. 폴아웃 시리즈에 관심있었지만 한번도 안해봤다면 폴아웃4를 먼저 해보자.","폴아웃 시리즈 의 교과서 퀘스트 진행 이 친절한 게임 이라 육성 , 스토리 진행 을 부담 없이 즐길수 있었다 . 즐길 거리 가 끝 도 없이 나오고 주연 NPC 들도 상당히 매력 있음 . 폴아웃 시리즈 에 관심 있었지만 한번 도 안 해봤다면 폴아웃 4 를 먼저 해보자 .",2019-04-06 23:12:12
377160,Fallout 4,positive,재미없는데 상대성 갓겜이라 추천,재미없는데 상대성 갓 겜 이라 추천,2019-04-06 20:23:08
377160,Fallout 4,positive,재미있게 잘했다 진짜,재미있게 잘 했다 진짜,2019-04-06 18:48:20
377160,Fallout 4,positive,"PS4 영문판에 이어서 PC 한글 패치로 2회차를 즐긴 소감은.... 팩션 엔딩이 어느 것 하나 뺄 것 없이 모두 최악이라 엔딩을 거부하기로 했다는 정도? 내게 있어 폴아웃은 그냥 힘들고 지친 날이면 백렙 넘어간 주인공과 최애 도그밋과 함께 웨이스트 랜드를 산책하며 고단함을 덜어내는 일과랄까... 텅빈 도시의 이장이 되어 빡센 마을 관리와 소소한 몹들을 정리하며 주민들에게 평화와 안정을 선물할 때마다 뿌듯함이 온 몸을 감싼다. 그래, 이런 게 사는 재미지... 오늘도 이 황폐한 세계의 평화를 지켜냈구나, 하는 작은 기쁨이 이 게임","PS 4 영 문 판 에 이어서 PC 한글 패치 로 2회 차를 즐긴 소감 은 .... 팩션 엔딩 이 어느 것 하나 뺄 것 없이 모두 최악 이라 엔딩 을 거부 하기로 했다는 정도 ? 내게 있어 폴아웃 은 그냥 힘들고 지친 날이면 백렙 넘어간 주인공 과 최애 도그밋 과 함께 웨 이스트 랜드 를 산책 하며 고 단 함 을 덜어내는 일과 랄 까 ... 텅빈 도시 의 이장 이 되어 빡센 마을 관리 와 소소한 몹 들 을 정리 하며 주민 들 에게 평화 와 안정 을 선물 할 때 마다 뿌듯함이 온 몸 을 감싼다 . 그래 , 이런 게 사는 재미 지 ... 오늘 도 이 황폐 한 세계 의 평화 를 지켜 냈구나 , 하는 작은 기쁨 이 이 게임",2019-04-05 06:43:05
377160,Fallout 4,positive,라드로치를 견디지 못해서 초반에 접었습니다.,라드 로치 를 견디지 못 해서 초반 에 접었습니다 .,2019-04-05 04:16:18
377160,Fallout 4,positive,똥오줌 똥오줌 해도 이만한거 없음 근데 뉴베가 더 잼슴,똥 오줌 똥 오줌 해도 이만 한 거 없음 근데 뉴 베가 더 잼슴,2019-04-05 00:12:21
377160,Fallout 4,positive,"좋은 게임성, 병신같은 스토리 전반적으로 게임성이 전작에 비해 몇배는 좋아졌음 총기의 타격감이나 움직임, 조작감 등등 많이 좋아짐 장비 아이템도 전작에 비해 상당히 다양해졌으며 전설 시스템으로 수집의 재미까지 있음 뉴베가스에서 진화한 제작시스템도 초반에는 나름 흥미로우나 결국 쎈거만 껴넣게 되서 특성화 부분에선 조금 아쉬움 동료 시스템은 3편과 뉴베에서 더 진화 했으며 동료마다 나름의 이야기가 있어 친목도를 올려 아는 재미가 좋음 그래픽도 봐줄만한 그래픽이며 지나치게 어두워서 보기 힘들었던 전작과 달리 많이 밝아진톤임 주","좋은 게임 성 , 병신 같은 스토리 전반 적 으로 게임 성 이 전작 에 비해 몇 배 는 좋아졌음 총기 의 타 격감 이나 움직임 , 조작 감 등등 많이 좋아짐 장비 아이템 도 전작 에 비해 상당히 다양해졌으며 전설 시스템 으로 수집 의 재미 까지 있음 뉴 베가스 에서 진화 한 제 작 시스템 도 초반 에는 나름 흥미로우나 결국 쎈거만 껴 넣게 되서 특성 화 부분 에선 조금 아쉬움 동료 시스템 은 3 편 과 뉴베 에서 더 진화 했으며 동료 마다 나름 의 이야기 가 있어 친목 도를 올려 아는 재미 가 좋음 그래픽 도 봐줄만 한 그래픽 이며 지나치게 어두워서 보기 힘들었던 전작 과 달리 많이 밝아진 톤임 주",2019-03-30 15:15:16
377160,Fallout 4,positive,그래픽은 좋습니다. 근데 갓겜까지는 아니고 그냥 평작 정도입니다. 바닐라로 플레이 하면서 버그때문에 콘솔 좀 만지면서 했습니다. 전작이랑 비교했을 때 스토리나 대화 선택지 면에서 떨어지는 편입니다.,그래픽 은 좋습니다 . 근데 갓 겜 까지는 아니고 그냥 평작 정도 입니다 . 바닐라 로 플레이 하면서 버그 때문 에 콘솔 좀 만지면서 했습니다 . 전작 이랑 비교 했을 때 스토리 나 대화 선택 지 면 에서 떨어지는 편입 니 다 .,2019-03-27 17:20:02
377160,Fallout 4,positive,이게임은 버그가 많다 하지만 모드로 커버가능,이 게임 은 버그 가 많다 하지만 모드 로 커버 가능,2019-03-27 08:53:43
377160,Fallout 4,positive,별로 좋아하진 않은 게임이라 묵혀두고 있었지만 한번 해보았는데 할것도 굉장히 많아서 재밌고 솔직히 약간 부족한 것들은 치트로 채워가는것도 굉장히 재밌다 게임에 영향을 주지 않을 정도로 치트를 사용하는것이 그렇게 재밌을 수가 없다 별로 재밌을것 같지 않았지만 정작 해보니깐 사람들이 갓겜 갓겜 거리는 이유가 뭔지 알것 같은데 갓겜이다 5점중에 4.4주겠다,별로 좋아하진 않은 게임 이라 묵혀 두고 있었지만 한번 해보았는데 할것도 굉장히 많아서 재밌고 솔직히 약간 부족한 것 들 은 치트 로 채워가는것도 굉장히 재밌다 게임 에 영향 을 주지 않을 정도 로 치트 를 사용 하는것이 그렇게 재밌을 수가 없다 별로 재밌을것 같지 않았지만 정작 해보니깐 사람 들 이 갓 겜 갓 겜 거리 는 이유 가 뭔 지 알것 같은데 갓 겜 이다 5 점 중 에 4.4 주겠다,2019-03-22 23:02:53
377160,Fallout 4,positive,폴아웃 유일한 장점인 다양한 모드 모드가 아니었으면 이 게임은 마피아 3처럼 버그겜이라서 욕만 먹고 평가 복잡적이 될 게임이다. 그래도 모드덕분에 게임은 매우 재미있게 했다. 근데 업데이트좀 하지마라 유로 모드 추가한다고 따른 모드 호환 안되버리는게 장난하나........,폴아웃 유일한 장점 인 다양한 모드 모드 가 아니었으면 이 게임 은 마피아 3 처럼 버그 겜 이라서 욕 만 먹고 평가 복잡 적 이 될 게임 이다 . 그래도 모드 덕분 에 게임 은 매우 재미있게 했다 . 근데 업데이트 좀 하지마라 유로 모드 추가 한다고 따른 모드 호환 안되 버리는게 장난 하나 ........,2019-03-21 22:03:58
377160,Fallout 4,positive,말많고 탈많았던 작품이었지만 전반적으로 재미있었음.,말 많고 탈 많았던 작품 이었지만 전반 적 으로 재미있었음 .,2019-03-21 09:31:52
377160,Fallout 4,positive,라드로치 개ㅐ싴히ㅠㅠ,라드 로치 개 ㅐ 싴히 ㅠㅠ,2019-03-19 23:47:35
377160,Fallout 4,positive,폴아웃4 부터 플레이하게 되었는데 갓ㅡ겜이네요 ^^ 3이랑 베가스도 해봐야겠어용 ㅎㅎ,폴아웃 4 부터 플레이 하게 되었는데 갓 ㅡ 겜 이네 요 ^^ 3 이랑 베가스 도 해봐야겠어용 ㅎㅎ,2019-03-18 20:36:01
377160,Fallout 4,positive,이정도 되는 게임이 몇이나 될까?? 모드도 활성화 잘 되어 있고 참 괜찮은데 제작사가 디스하네 ㅎㅎㅎ,이정 도 되는 게임 이 몇 이나 될까 ?? 모드 도 활성화 잘 되어 있고 참 괜찮은데 제작사 가 디스 하네 ㅎㅎㅎ,2019-03-17 22:17:58
377160,Fallout 4,positive,버그가 진짜 어마어마한거랑 촌스러운 모션만 좀 어떻게했으면 더 좋았을텐데.. 폴아웃을 이걸로 입문해서 스카이림의 현대버전 같음 역시 모드빨이 커서 금방 질리진 않는듯,버그 가 진짜 어마어마한거랑 촌스러운 모션 만 좀 어떻게 했으면 더 좋았을텐데 .. 폴아웃 을 이 걸 로 입문 해서 스카이림 의 현대 버전 같음 역시 모드 빨 이 커서 금방 질리진 않는듯,2019-03-16 17:00:38
377160,Fallout 4,positive,고든 램지식 리뷰를 하겠습니다 스토리깨다가 늙어 뒤지겠다 씨X아 재미는있어 근데 시간 진짜 많은사람만 하길,고든 램지 식 리뷰 를 하겠습니다 스토리 깨다가 늙어 뒤지겠다 씨 X 아 재미 는 있어 근데 시간 진짜 많은 사람 만 하길,2019-03-15 20:32:10
377160,Fallout 4,positive,"4를 먼저 하고 3,뉴베가스를 하고 보니 4는 진짜 별로였음. 그리고 76 나온걸 보니 4도 나쁘지는 않았다고 생각했음.","4 를 먼저 하고 3 , 뉴 베가스 를 하고 보니 4 는 진짜 별로 였음 . 그리고 76 나온 걸 보니 4 도 나쁘지는 않았다고 생각 했음 .",2019-03-14 21:23:07
377160,Fallout 4,positive,76을 보고 다시보니 정말 갓겜이었다,76 을 보고 다시 보니 정말 갓 겜 이었다,2019-03-13 12:02:10
377160,Fallout 4,positive,-------이런분들께 추천. 물약 써가면서 싸우는거 좋아하시는분 숨어서 킬따는거 좋아하시는분 자기만의 아지트 건설을 좋아하시는분 아이템 제작 및 개조를 좋아하시는분 숨겨진 스토리 찾는거 좋아하시는분 느긋하신분 시간이 중국인 머릿수 만큼 넘쳐나시는분 깔끔한 배경보다 황폐하고 빈티지한 배경을 좋아하시는분 개척을 사랑하시는분 --------이런분들께는 비추천 스토리 는 관심없다 뭐든 쏴죽이고 싶다. 오래 걷는건 싫다 복잡한 시스템 싫다 말 많은 NPC가 싫다. 이겜 플레이 시간이 900시간이 넘습니다.,------- 이런 분 들 께 추천 . 물약 써가면서 싸우는거 좋아하시는 분 숨어서 킬 따는거 좋아하시는 분 자기 만의 아지트 건설 을 좋아하시는 분 아이템 제작 및 개조 를 좋아하시는 분 숨겨진 스토리 찾는거 좋아하시는 분 느긋하 신분 시간 이 중국인 머릿수 만큼 넘쳐나시는 분 깔끔한 배경 보다 황폐 하고 빈티 지 한 배경 을 좋아하시는 분 개척 을 사랑 하시는 분 -------- 이런 분 들께는 비 추천 스토리 는 관심 없다 뭐 든 쏴 죽 이고 싶다 . 오래 걷는건 싫다 복잡한 시스템 싫다 말 많은 NPC 가 싫다 . 이 겜 플레이 시간 이 900시간 이 넘습니다 .,2019-03-13 02:26:59
377160,Fallout 4,positive,"갓겜. 존나 갓겜. 겉만 번지르르하고 알맹이는 없는 그런 오픈월드 게임이 아니다 넓은 맵을 탐험하는 맛이 아주 기가 맥힌다. 서브퀘도 정말 재밌는것들이 많다. 정말 자잘한 부분도 세밀하게 디자인되어있고 NPC나 몬스터들도 개성 넘치는 디자인을 가지고있다. 아트북을 사고싶을 지경이다 단점은 심각한 개적화와 버그, 그리고 뭔가 좀 애매한 스토리.","갓 겜 . 존나 갓 겜 . 겉 만 번지르르하고 알맹이 는 없는 그런 오픈월드 게임 이 아니다 넓은 맵 을 탐험 하는 맛 이 아주 기 가 맥힌다 . 서브 퀘 도 정말 재밌는것 들이 많다 . 정말 자잘한 부분 도 세밀 하게 디자인 되어있고 NPC 나 몬스터 들 도 개성 넘치는 디자인 을 가지고있다 . 아트 북 을 사고싶을 지경 이다 단점 은 심각한 개 적 화 와 버그 , 그리고 뭔가 좀 애매한 스토리 .",2019-03-10 19:19:37
377160,Fallout 4,positive,갓겜ㅇㅈ합네다 후속작인 76은 거릅시다.,갓 겜 ㅇㅈ 합 네 다 후속작 인 76 은 거릅시 다 .,2019-03-10 15:23:39
377160,Fallout 4,positive,폴아웃3과 뉴베가스라는 술에 취한 사람들은 폴아웃4가 알코올도수가 낮다고 불평하지만 이거부터 마시면 존나 맛.있.습.니.다.,폴아웃 3 과 뉴 베가스 라는 술 에 취한 사람 들 은 폴아웃 4 가 알코올 도수 가 낮다고 불평 하지만 이 거 부터 마시면 존나 맛 . 있 . 습 . 니 . 다 .,2019-03-09 18:30:49
377160,Fallout 4,positive,솔직히 똥겜 소리 들어도 시간하나는 오지게 잘감;,솔직히 똥겜 소리 들어도 시간 하나 는 오지 게 잘 감 ;,2019-03-09 16:56:05
377160,Fallout 4,positive,어? 뭐지? 평가가... 높아졌잖아? 에이...설마... '그 녀석'때문에 재평가 받는건 아니겠지....,어 ? 뭐 지 ? 평가 가 ... 높아졌잖아 ? 에이 ... 설마 ... ' 그 녀석 ' 때문 에 재 평가 받는건 아니겠지 ....,2019-03-08 23:19:56
377160,Fallout 4,positive,4번을 리세해도 계속 처음보는 미션이 생기는건 기분탓일까... 자유도 높은 플레이와 모드들은 이 게임이 '할게 없네?' 란 생각을 들게하진 않는것같다. 앞으로는 이대로 쭉 클리어 하고싶지만 컴퓨터사면 또 리세할듯...,4 번 을 리세 해도 계속 처음 보는 미션 이 생기는건 기분 탓 일까 ... 자유도 높은 플레이 와 모드 들 은 이 게임 이 ' 할게 없네 ?' 란 생각 을 들게 하진 않는것 같다 . 앞 으로는 이대로 쭉 클리어 하고싶지만 컴퓨터 사면 또 리세 할듯 ...,2019-03-05 00:41:42
377160,Fallout 4,positive,재밌음 한글판이있었더라면,재밌음 한글 판이 있었더라면,2019-03-04 21:38:40
377160,Fallout 4,positive,토드에게 한 때는 그나마 따뜻한 마음이 있었다는 증거,토드 에게 한 때 는 그나마 따뜻한 마음 이 있었다는 증거,2019-03-03 02:01:14
377160,Fallout 4,positive,메인퀘보다 서브퀘에 더 공을들이는 베데스다다운게임 스카이림때보다는 편해진 ui도 좋다 dlc는 사지마라 사지마 두번말했다 절대사지마,메인 퀘 보다 서브 퀘 에 더 공 을 들이는 베데스다 다운 게임 스카이림 때 보다는 편해진 ui 도 좋다 dlc 는 사지마라 사지마 두 번말 했다 절대 사지마,2019-03-02 14:15:13
377160,Fallout 4,positive,함무봐라 즥인다카이,함무 봐라 즥 인 다 카이,2019-03-02 11:05:42
377160,Fallout 4,positive,폴아웃.. 한때 아포칼립스 알피지의 최고봉에 있었습니다.,폴아웃 .. 한때 아포칼립스 알 피지 의 최고봉 에 있었습니다 .,2019-03-02 01:12:10
377160,Fallout 4,positive,"인도와 파키스탄이 친하게 지내질 바라고, 남한과 북한도 친하게 지내길 바란다. 핵 방사능은 너무 무서우니까..","인도 와 파키스탄 이 친하게 지내질 바라고 , 남한 과 북한 도 친하게 지내길 바란다 . 핵 방사 능 은 너무 무서우니까 ..",2019-03-01 10:20:44
377160,Fallout 4,positive,컨셉잡고 해야 재밌는 겜,컨셉 잡고 해야 재밌는 겜,2019-02-28 22:49:57
377160,Fallout 4,positive,베데스다 진짜 개같지만 또 베데스다식 오픈월드만한게 없어..,베데스다 진짜 개 같지만 또 베데스다 식 오픈월드 만 한 게 없어 ..,2019-02-27 21:31:53
377160,Fallout 4,positive,폴아웃 시리즈는... 말이 필요없습니다. 지금은 가격도 저렴할테니 구매하세요. 베데스다 게임들의 전통인 버그라던가 덜 만든듯한 느낌은 어쩔 수 없는 단점이지만 모딩이 다 커버해줍니다. ㅋㅋ 진정 폴아웃의 묘미는 모딩이죠 ㅋㅋ 고화질로 즐기고 싶으면 4K immersion Overhaul 모드를 다른 방식의 게임을 즐기고 싶다면 관련 모드를... 제대로 즐기려면 300시간 이상은 각오하세요 ㅋ,폴아웃 시리즈 는 ... 말 이 필요없습니다 . 지금 은 가격 도 저렴할테니 구매 하세요 . 베데스다 게임 들 의 전통 인 버그 라던가 덜 만든듯 한 느낌 은 어쩔 수 없는 단점 이지만 모딩 이 다 커버 해줍니다 . ㅋㅋ 진정 폴아웃 의 묘미 는 모 딩 이 죠 ㅋㅋ 고화질 로 즐기고 싶으면 4 K immersion Overhaul 모드 를 다른 방식 의 게임 을 즐기고 싶다면 관련 모드 를 ... 제대로 즐기려면 300시간 이상은 각오 하세요 ㅋ,2019-02-27 02:30:44
377160,Fallout 4,positive,똥이섞인 갓겜,똥 이 섞인 갓 겜,2019-02-26 16:36:16
377160,Fallout 4,positive,재미는 있다. 한가지 단점은... 게임 진행이 약간 답답하다,재미 는 있다 . 한가지 단점 은 ... 게임 진행 이 약간 답답하다,2019-02-25 18:24:48
377160,Fallout 4,positive,금고실 좀 들어가자 시발새끼ㄷ 들어가졌네요 갓겜입니다,금고 실 좀 들어가자 시발 새끼 ㄷ 들어가졌네요 갓 겜 입니다,2019-02-25 14:45:56
377160,Fallout 4,positive,"폴아웃4로 입문을 해서 폴아웃4만 즐겼지만 충분히 매력에 빠져버렸다, 하지만 지금의 고급눈으로는, 그래픽 후진 폴아웃 전작들에 손이 안간다","폴아웃 4 로 입문 을 해서 폴아웃 4만 즐겼지만 충분히 매력 에 빠져 버렸다 , 하지만 지금 의 고급 눈 으로는 , 그래픽 후진 폴아웃 전작 들 에 손 이 안 간다",2019-02-23 20:37:25
377160,Fallout 4,positive,장점:파이퍼 단점:프레스턴 가비,장점 : 파이퍼 단점 : 프레스턴 가비,2019-02-23 01:08:04
377160,Fallout 4,positive,ASNYH IMIOYM,ASNYH IMIOYM,2019-02-22 21:12:02
377160,Fallout 4,positive,갓겜,갓 겜,2019-02-22 02:50:03
377160,Fallout 4,positive,[h1] 플레이 타임 215시간 시점에서 작성[/h1] [i]DLC 다 사고 스킨 까지 현질한 블랙말랑카우[/i] [b]할 것도 이해할 것도 얻을 것도 잡을 것도 갈 곳도 먹을 것도 많은 갓겜[/b] 게임할 때 꼼꼼한 편이 사람이 하면 너무나도 할게 많은 게임 장소 한 곳 한 곳마다 스토리가 있고 내 선택에 따라 볼 수 없는 광경이 많기 때문에 대 회차 플레이가 정말 기대되는 게임 [이곳에서만 나오는 무기] [이곳에서만 얻을 수 있는 아이템]이 굉장히 많기 때문에 파밍 하는 맛이 있는 게임 스킬 트리가 넓어서 컨샙 잡고 플레이하면,[ h 1 ] 플레이 타임 215시간 시점 에서 작성 [/ h 1 ] [ i ] DLC 다 사고 스킨 까지 현질 한 블랙 말 랑 카우 [/ i ] [ b ] 할 것 도 이해 할 것 도 얻을 것 도 잡 을 것 도 갈 곳도 먹을 것 도 많은 갓 겜 [/ b ] 게임 할 때 꼼꼼한 편이 사람 이 하면 너무나도 할게 많은 게임 장소 한 곳 한 곳 마다 스토리 가 있고 내 선택 에 따라 볼 수 없는 광경 이 많기 때문 에 대 회차 플레이 가 정말 기대 되는 게임 [ 이 곳 에서만 나오는 무기 ] [ 이 곳 에서만 얻을 수 있는 아이템 ] 이 굉장히 많기 때문 에 파밍 하는 맛 이 있는 게임 스킬 트리 가 넓어서 컨샙 잡고 플레이 하면,2019-02-22 01:02:17
377160,Fallout 4,positive,전반적인 게임도 매우재밌지만 정착지를 키우는 하우징시스템도 매우 재밌다 ㅋ간간히 레이더들의 습격을 막는것도 쏠쏠한 재미요소이다,전반 적 인 게임 도 매우 재밌지만 정착 지를 키우는 하우 징 시스템 도 매우 재밌다 ㅋ 간간히 레이더 들 의 습격 을 막는것도 쏠쏠한 재미 요소 이다,2019-02-21 22:17:41
377160,Fallout 4,positive,아직 20%도 채 못해본것같다,아직 20% 도 채 못 해본것 같다,2019-02-20 21:42:14
377160,Fallout 4,positive,게임이 처음이 다 재미있지 뒤로 갈수록 너무 길어서 저는 개인적으로 파밍하고 지루하고 처음만 재미있다고 근데 스토리만 볼만합니다..... 중간인데 뭘주지???? 따봉 드림 스토리 볼만해서 드림니다...,게임 이 처음 이 다 재미있지 뒤 로 갈수록 너무 길어서 저 는 개인 적 으로 파밍 하고 지루하고 처음 만 재미있다고 근데 스토리 만 볼 만 합니다 ..... 중간 인데 뭘 주지 ???? 따 봉 드림 스토리 볼 만해 서 드림니다 ...,2019-02-17 15:27:07
377160,Fallout 4,positive,폴아웃을 이것으로 입문을 하였으나 큰 자유도와 자신이 원하는세력을 고를수있는 것에서 재미를 볼수있는 게임 적당히 자신히 즐길만큼만 즐겨도 되고 모드나 회차로 다양한엔딩과 재미를 즐길수있는 게임,폴아웃 을 이 것 으로 입문 을 하였으나 큰 자유도 와 자신 이 원하는 세력 을 고를수있는 것 에서 재미 를 볼수있는 게임 적당히 자신히 즐길만큼만 즐겨도 되고 모드 나 회 차로 다양한 엔딩 과 재미 를 즐길수있는 게임,2019-02-15 20:31:26
377160,Fallout 4,positive,폴아웃3 하다가 왔는데 정말 그래픽도 좋아지고 늘어난게 많아서 더 재밌어요!!,폴아웃 3 하다가 왔는데 정말 그래픽 도 좋아지고 늘어난게 많아서 더 재밌어요 !!,2019-02-14 23:57:51
377160,Fallout 4,positive,???:아들이납치당하셨다니 정말유감이군요.... 하지만 이상황속에서도 고통받고있는정착지가있습니다 여기지도에표시해드리겠습니다,???: 아들 이 납치 당하셨다니 정말 유감 이군 요 .... 하지만 이 상황 속 에서도 고통 받고있는 정착 지 가있습니다 여기 지도 에 표시 해드리겠습니다,2019-02-13 21:12:44
377160,Fallout 4,positive,게임시작전에 모드설치로 10시간동안 씨름하다 포기하고 플레이하는데 모드까는시간보다 메인퀘스트 플레이타임이 더짧은거같네요.,게임 시 작전 에 모드 설치 로 10시간 동안 씨름 하다 포기 하고 플레이 하는데 모드 까는 시간 보다 메인 퀘스트 플레이 타임 이 더 짧은거 같네요 .,2019-02-13 00:18:10
377160,Fallout 4,positive,비록 엔딩까지는 가지 않았지만 그래도 정말 재미있게 한 게임이다. 오픈월드게임을 좋아하는데 폴아웃 뉴베가스도 해봤지만 그래도 솔직히 난 이게 더 마음에 든다. 치트키 키고 하면 더 재미있지만 모드 까는것도 재미있으니 추천한다. 그리고 모드나 치트키 키고 게임해도 도전과제 달성하게 해주는 모드도 있으니 한번 해보길....,비록 엔딩 까지는 가지 않았지만 그래도 정말 재미있게 한 게임 이다 . 오픈월드 게임 을 좋아하는데 폴아웃 뉴 베가스 도 해봤지만 그래도 솔직히 난 이 게 더 마음 에 든다 . 치트키 키 고 하면 더 재미있지만 모드 까는것도 재미있으니 추천 한다 . 그리고 모드 나 치트키 키 고 게임 해도 도전 과제 달성 하게 해주는 모드 도 있으니 한번 해보길 ....,2019-02-12 00:19:08
377160,Fallout 4,positive,"약 7년 간의 공백과 (DLC까지 포함하면)부담스러운 가격을 고려하지 않는다면, 이 작품은 폴아웃3만큼 재밌다. 다만 폴아웃 뉴베가스를 기대하고 있다면: 베데스다는 옵시디언이 아니다.","약 7년 간의 공백 과 ( DLC 까지 포함 하면 ) 부담스러운 가격 을 고려 하지 않는다면 , 이 작품 은 폴아웃 3만 큼 재밌다 . 다만 폴아웃 뉴 베가스 를 기대하고 있다면 : 베데스다 는 옵시디언 이 아니다 .",2019-02-11 22:50:56
377160,Fallout 4,positive,아메리카 스토커,아메리카 스토커,2019-02-11 18:02:13
377160,Fallout 4,positive,옛날부터 명작이라고 하여 한번 해봤는데 요즘은 다른 게임 손도 못대고 폴아웃만 하고 있다. 76은 망했다는게 함정,옛날 부터 명작 이라고 하여 한번 해봤는데 요즘 은 다른 게임 손 도 못 대고 폴아웃 만 하고 있다 . 76 은 망했다는게 함정,2019-02-11 12:00:22
377160,Fallout 4,positive,난이도 하향좀 제발,난이도 하향 좀 제발,2019-02-11 06:23:28
377160,Fallout 4,positive,도그밋이 귀여워서 추천하겠읍니다,도그밋 이 귀여워서 추천 하겠 읍니 다,2019-02-11 02:51:49
377160,Fallout 4,positive,스토리의 깊이는 전작보다 떨어지지만 그래도 역시 시리즈의 최신작이라 그런지 재미는 있다 자유도가 높은 게임인데다가 바닐라가 질리면 무궁무진한 모드가 기다리고 있으니..시리즈의 팬이 아니더라도 구매할만한 작품 최신작인 폴아웃69인지 74인지 그거는..나중을 기약하자 다렉에서 2만원에 고티 에디션 사서 재미있게 하고 있는중,스토리 의 깊이 는 전작 보다 떨어지지만 그래도 역시 시리즈 의 최신 작 이라 그런지 재미 는 있다 자유도 가 높은 게임 인데 다가 바닐라 가 질리 면 무궁무진 한 모드 가 기다리고 있으니 .. 시리즈 의 팬 이 아니더라도 구매 할만 한 작품 최신 작 인 폴아웃 69 인지 74 인지 그거 는 .. 나중 을 기약 하자 다 렉 에서 2만원 에 고 티 에디 션 사서 재미있게 하고 있는 중,2019-02-10 15:27:22
377160,Fallout 4,positive,꾸러미로 할인 가격에 구매함. 잡템을 재료로 활용하는건 좋은 아이디어인데 하다보면 DLC 지역이 그나마 이색적이지 환경이나 건물 구조 재료 아이템들이 어딜가나 진부한건 있음. 그래도 베데스다 겜 첨하는 사람은 몰입감 있게 할수있음.,꾸러미 로 할인 가격 에 구매 함 . 잡템 을 재료 로 활용 하는건 좋은 아이디어 인데 하다 보면 DLC 지역 이 그나마 이색 적 이지 환경 이나 건물 구조 재료 아이템 들 이 어딜 가나 진부한건 있음 . 그래도 베데스다 겜 첨 하는 사람 은 몰입 감 있게 할수있음 .,2019-02-10 14:33:24
377160,Fallout 4,positive,괜찮게 할만함. 76보다 100배는 나음.,괜찮게 할만 함 . 76 보다 100 배는 나음 .,2019-02-10 14:11:11
377160,Fallout 4,positive,"나사가 좀 빠진 부분들이 있지만 개인적으로는 추천함. 스토리 4/10 - 형편없는 메인퀘. 나사빠진 팩션퀘. 강요되는 가비의 인성질. 강요되는 누카월드 레이더 인성질. 재미있던 파 하버 DLC. 오토매트론은 애매함. 짧은데 로봇 만들수가 있어서. 바리에이션이 적은게 흠.... 상호작용 4/10 - 폴아웃 시리즈의 대표적인 스피치 클리어를 흉하게 만듬. 다양한 선택지를 4지선다로 만들게 해, 선택을 줄여버리는 실책을 저지름. 3에선 불안하더니 기어코 4에서 대놓고 망침. 76에선 다시 돌아갔다면서? 먹거나 담배를 핀다든가, 약을","나사 가 좀 빠진 부분 들 이 있지만 개인 적 으로는 추천 함 . 스토리 4/10 - 형편 없는 메인 퀘 . 나사 빠진 팩션 퀘 . 강요 되는 가비 의 인성 질 . 강요 되는 누카 월드 레이더 인성 질 . 재미있던 파 하버 DLC . 오토 매 트론 은 애매함 . 짧은데 로봇 만들수가 있어서 . 바리 에 이 션 이 적은게 흠 .... 상호작용 4/10 - 폴아웃 시리즈 의 대표 적 인 스 피치 클리어 를 흉하게 만듬 . 다양한 선택 지를 4 지 선다로 만들게 해 , 선택 을 줄여 버리는 실책 을 저지름 . 3 에선 불안하더니 기어 코 4 에서 대놓고 망침 . 76 에선 다시 돌아갔다면서 ? 먹거나 담배 를 핀다 든가 , 약 을",2019-02-10 04:31:46
377160,Fallout 4,positive,전체적인 한줄평 : 눈을 부릅뜨고 찾아보면 흠집이 있지만 씹고 뜯고 맛보고 즐기기에는 전혀 손색이 없다. 이하 개인적인 감상평을 좋았던 점과 불쾌했던 점으로 구분하여 서술함. 개인적 의견이므로 참고로만 사용하길 권장. 직접적인 스토리의 유출은 없지만 필연적으로 문맥상의 스포일러가 존재할수도 있음. 좋았던 점 : 1. 전작에 비해 일취월장한 그래픽 : 뉴-베가스나 폴아웃3가 작품성에서는 갓-겜소리를 듣지만 사실 발매 당시에 실시간으로 즐기지 않던 유저들이 이제와서 입문하기에는 눈이 아리다못해 녹아내려가는 그래픽이 가잔 큰 벽일,전체 적 인 한 줄평 : 눈 을 부릅뜨고 찾아보면 흠집 이 있지만 씹고 뜯고 맛보고 즐 기기 에는 전혀 손색 이 없다 . 이하 개인 적 인 감상 평 을 좋았던 점 과 불쾌했던 점 으로 구분 하여 서술 함 . 개인 적 의견 이 므 로 참고 로만 사용 하길 권장 . 직접 적 인 스토리 의 유출 은 없지만 필연 적 으로 문맥 상의 스포일러 가 존재 할수도 있음 . 좋았던 점 : 1 . 전작 에 비해 일 취월 장 한 그래픽 : 뉴 - 베가스 나 폴아웃 3 가 작품 성 에서는 갓 - 겜 소리 를 듣지만 사실 발매 당시 에 실시간 으로 즐기지 않던 유저 들 이 이제 와 서 입문 하기에는 눈 이 아리다못해 녹아내려가는 그래픽 이 가잔 큰 벽일,2019-02-09 22:18:41
377160,Fallout 4,positive,"폴아웃 시리즈는 처음 접하는데, 스카이림과는 또 다른 매력이 있네요.. PS. HDD에 설치하면 정신건강에 해롭습니다. SSD는 필수입니다...","폴아웃 시리즈 는 처음 접 하는데 , 스카이림 과는 또 다른 매력 이 있네요 .. PS . HDD 에 설치 하면 정신건강 에 해롭습니다 . SSD 는 필수 입니다 ...",2019-02-09 21:49:26
377160,Fallout 4,positive,radio so good to me~!,radio so good to me ~!,2019-02-09 02:03:25
377160,Fallout 4,positive,ㅡㅡ. 1회차는 금방 끝냈는데 모드 설정하고 적용시키고 확인하는데 100시간정도 쓰는거같다. 언제 2회차를 시작할 수 있을까... 아.... 아........ 모드 욕심이 너무 과한거같다. 평가는 내릴필요가 있냐? 고티수상. 이 한마디면 끝난거지.,ㅡㅡ . 1회 차는 금방 끝냈는데 모드 설정 하고 적용 시키고 확인 하는데 100시간 정도 쓰는거 같다 . 언제 2회 차를 시작 할 수 있을까 ... 아 .... 아 ........ 모드 욕심 이 너무 과 한 거 같다 . 평가 는 내릴 필요 가 있냐 ? 고 티 수상 . 이 한마디 면 끝난거지 .,2019-02-09 00:23:04
377160,Fallout 4,positive,진짜 게임계의 레전드 안사고 안하면 후회할게임 가까운 미래에 일어날수도 있는 핵전쟁에대해 현실적으로 보여주는 게임 피규어만 좀더 싸면 좋을려만......,진짜 게임 계 의 레전드 안 사고 안 하면 후회 할 게임 가까운 미래 에 일어날수도 있는 핵전쟁 에 대해 현실 적 으로 보여주는 게임 피 규어 만 좀더 싸면 좋을 려 만 ......,2019-02-08 20:40:11
377160,Fallout 4,positive,아직도 미닛맨 루트가는 흑우 없재?? 하지만 아직 위험에 처한 정착민들이 있습니다. 지도에 표시해드리겠습니다.,아직도 미닛맨 루트 가는 흑우 없재 ?? 하지만 아직 위험 에 처 한 정착민 들 이 있습니다 . 지도 에 표시 해드리겠습니다 .,2019-02-08 15:45:05
377160,Fallout 4,positive,가비야..나 그래도 재너럴인데... ㅇ..ㅡ.ㄺㄹ,가비 야 .. 나 그래도 재너럴 인데 ... ㅇ .. ㅡ . ㄺㄹ,2019-02-08 14:20:09
377160,Fallout 4,positive,"볼트를 탈출해 바로 누카월드로 달려가 누카월드를 주름잡는 오버보스가 된 후 통수를 치려했는데, 빌어먹을 레이더놈들 정이들어서 방아쇠가 안당겨져 가비야 미안","볼트 를 탈출 해 바로 누카 월드 로 달려가 누카 월드 를 주름 잡는 오버 보스 가 된 후 통수 를 치려 했는데 , 빌어먹을 레이더 놈 들 정이 들어서 방아쇠 가 안 당겨져 가비 야 미안",2019-02-08 12:57:57
377160,Fallout 4,positive,싱글 스토리 게임중에 제일 오래해본 게임.... 사면 오래오래 두고 할수있고 플레이타임이 긴게 장점,싱글 스토리 게임 중 에 제일 오래 해본 게임 .... 사면 오래오래 두고 할수있고 플레이 타임 이 긴게 장점,2019-02-07 20:05:51
377160,Fallout 4,positive,솔직히 모드 떡칠한 시간이 플레이시간 보다 3배는 깁니다. 아 근데 희한하게 겜에 손이 안가요... 영어로 해서 그런가; 그리고 한국어 패치 정식으로 좀 해주십쇼 영어로 하는데 제가 영미권 원어민도 아니고 대화에서 미묘한 차이의 선택지를 어떻게 합니까. 이런 것 빼고는 게임성 괜찮습니다.. 전투가 살짝 답답하기도 한데 하다보면 익숙해질꺼에요. ㅎㅎ,솔직히 모드 떡 칠한 시간 이 플레이 시간 보다 3 배는 깁니다 . 아 근데 희한하게 겜 에 손 이 안가요 ... 영어 로 해서 그 런가 ; 그리고 한국어 패치 정식 으로 좀 해주십 쇼 영어 로 하는데 제 가 영미권 원어민 도 아니고 대화 에서 미묘한 차이 의 선택 지를 어떻게 합 니까 . 이런 것 빼고는 게임 성 괜찮습니다 .. 전투 가 살짝 답답하기도 한데 하다 보면 익숙해질꺼에요 . ㅎㅎ,2019-02-06 17:41:36
377160,Fallout 4,positive,너무재미있는데 3D 멀미때문에 너무빡친다 오래하고싶은데 멀미나서 오래하지도못하고 ㅠㅠㅠㅠㅠㅠㅠㅠ,너무 재미있는데 3 D 멀미 때문 에 너무 빡친다 오래 하고싶은데 멀미 나서 오래 하지도 못 하고 ㅠㅠㅠㅠㅠㅠㅠㅠ,2019-02-04 02:40:45
377160,Fallout 4,positive,잠깐하다 관두고 지금 다시하려는데 모드 구경하고 깔고하는 시간이 더 걸린다 ㅠㅠ,잠깐 하다 관 두고 지금 다시 하려는데 모드 구경 하고 깔고하는 시간 이 더 걸린다 ㅠㅠ,2019-02-02 16:17:10
377160,Fallout 4,positive,3편이나 뉴베가스 보다는 밝은 분위기에 블랙유머가 많이 줄어들었음. 이전 편에 나왔던 인물들이 나와 반갑기는 하지만 군데군데 3편과의 변경된 설정이 불편하게 느껴짐. 3편과 뉴베가스에 비해서 게임 자체 퀄리티는 떨어지는 감이 있음. 그래도 다른 사람에게 추천할 수 있는 게임이고 재미는 있음.,3 편이 나 뉴 베가스 보다는 밝은 분위기 에 블랙유머 가 많이 줄어들었음 . 이전 편 에 나왔던 인물 들 이 나와 반갑 기는 하지만 군데군데 3 편 과의 변경 된 설정 이 불편하게 느껴짐 . 3 편 과 뉴 베가스 에 비 해서 게임 자체 퀄리티 는 떨어지는 감 이 있음 . 그래도 다른 사람 에게 추천 할 수 있는 게임 이고 재미 는 있음 .,2019-02-02 02:08:00
377160,Fallout 4,positive,동네찐따 시뮬레이션,동네 찐 따 시뮬레이션,2019-02-01 23:30:51
377160,Fallout 4,positive,그 수많은 버그에도 참 재밌게 하고 있는 게임. 근데 게임 하는 시간보다 모드 까는 시간이 더 많은 것 같다...,그 수많은 버그 에도 참 재밌게 하고 있는 게임 . 근데 게임 하는 시간 보다 모드 까는 시간 이 더 많은 것 같다 ...,2019-02-01 19:36:18
377160,Fallout 4,positive,처음에 이걸 돈 주고 사고 후회했고 나름 괜찮다고 스스로 위안할 때가 있었습니다. 그러다 폴아웃 76이 나왔고 이건 양반이었다는 걸 알았을때 암이 나았습니다.,처음 에 이 걸 돈 주고 사고 후회 했고 나름 괜찮다고 스스로 위안 할 때 가 있었습니다 . 그러다 폴아웃 76 이 나왔고 이건 양반 이었다는 걸 알았을 때 암 이 나았습니다 .,2019-01-30 22:28:58
377160,Fallout 4,positive,훌륭한 포스트 아포칼립스 게임이나 그 깊이가 폴아웃 3에 비해서 부족할 떄가 가끔씩 느껴지는 게임.,훌륭한 포스트 아포칼립스 게임 이나 그 깊이 가 폴아웃 3 에 비 해서 부족할 떄 가 가끔 씩 느껴지는 게임 .,2019-01-30 02:08:13
377160,Fallout 4,positive,"폴아웃이라는 게임을 옛날부터 알고는 있었지만, 내가 이 장르와 맞을까 하는 고민에 기다리다가 2018년에 구매해서 플레이했다. 처음에는 발적화와 버그에 비명을지르며 불이 꺼졌다가, 스토리 첫장부터 불이 붙더니, 내 중간고사 학점도 태워버렸다. 폴아웃: 뉴베가스도 그렇고 이 4도 그렇고, 폴아웃 시리즈는 게이머가 폴아웃이라는 브렌드와 장르를 선호하게 만드는 게임 시리즈라고 얘기하고싶다. 어 물론 76빼고","폴아웃 이라는 게임 을 옛날 부터 알고는 있었지만 , 내 가 이 장르 와 맞을까 하는 고민 에 기다리다가 2018년 에 구매 해서 플레이 했다 . 처음 에는 발 적 화 와 버그 에 비명 을 지르며 불 이 꺼졌다가 , 스토리 첫 장 부터 불 이 붙더니 , 내 중간고사 학점 도 태워 버렸다 . 폴아웃 : 뉴 베가스 도 그렇고 이 4 도 그렇고 , 폴아웃 시리즈 는 게이머 가 폴아웃 이라는 브렌드 와 장르 를 선호 하게 만드는 게임 시리즈 라고 얘기 하고싶다 . 어 물론 76 빼고",2019-01-28 22:20:22
377160,Fallout 4,positive,미닛맨 : 전쟁후에 살아남으려는 시민들의 민병대(??? : 지도에 표시해드리겠습니다) 인스티튜트 : 다수를 위해 소수를 희생하는 것이 이기적이고 극단적으로 변질되면 어떻게 X되는지 보여주는 사례 브라더후드 : 미국 군대의 살아남은 후손들이 만든 집단 / 나치 (사상은 싫지만 개인적으로 이 루트가 가장 재미있었음) 레일로드 : 신스(인조인간) 인권 신경쓰느라 진짜 사람 인권은 별 신경도 안쓰는 모순적인 놈들 + 토드 하워드 개X끼야,미닛맨 : 전쟁 후 에 살아남으려는 시민 들 의 민병대 (??? : 지도 에 표시 해드리겠습니다 ) 인스티튜트 : 다수 를 위해 소수 를 희생 하는 것 이 이 기적 이고 극단 적 으로 변질 되면 어떻게 X 되는지 보여주는 사례 브라더후드 : 미국 군대 의 살아남은 후손 들 이 만든 집단 / 나치 ( 사상 은 싫지만 개인 적 으로 이 루트 가 가장 재미있었음 ) 레일로드 : 신스 ( 인조인간 ) 인권 신경 쓰느라 진짜 사람 인권 은 별 신경 도 안 쓰는 모순 적 인 놈 들 + 토드 하워드 개 X 끼 야,2019-01-28 14:42:38
377160,Fallout 4,positive,재밌다. 그런데 모더들이 다 해줄거라고 안일하게 만든 부분이 많이 보인다.,재밌다 . 그런데 모 더 들 이 다 해줄거라고 안일하게 만든 부분 이 많이 보인다 .,2019-01-27 03:58:28
377160,Fallout 4,positive,타카하시와 술친구덕분에 오늘도 황무지는 즐겁다!,타카 하시와 술친구 덕분 에 오늘 도 황무지 는 즐겁다 !,2019-01-26 20:44:58
377160,Fallout 4,positive,'모드가 게임을 만든다',' 모드 가 게임 을 만든다 ',2019-01-25 21:56:57
377160,Fallout 4,positive,"방사능 시뮬레이터, 폴아웃 시리즈의 최신작입니다. RPG 가 더 많은 장르를 흡수하고 통합하길 바란다는 제작자의 바람대로 무언가 독보적인 게임이 되었죠. 스팀 평가나 메타크리틱 점수와 무관하게 추천하고 싶은 게임입니다. 이 게임에는 독특한 매력이 있고, 여러분은 게임을 플레이하며 각자의 매력을 발견하게 될 겁니다. 이런 분들께 추천합니다. 1. 인간과 유사-인간, 비참한 몰골의 동물들을 총으로 쏘는 걸 좋아한다. 2. 친구는 없을지언정 동료를 갖고 싶다. 3. 동료와 함께 쓰레기를 줍고 싶다. 4. 주워온 쓰레기를 쌓","방사 능 시뮬레이터 , 폴아웃 시리즈 의 최신 작 입니다 . RPG 가 더 많은 장르 를 흡수 하고 통합 하길 바란다는 제작자 의 바람 대로 무언가 독보 적 인 게임 이 되었죠 . 스팀 평가 나 메타크리틱 점수 와 무관 하게 추천 하고 싶은 게임 입니다 . 이 게임 에는 독특한 매력 이 있고 , 여러분 은 게임 을 플레이 하며 각자 의 매력 을 발견 하게 될 겁니다 . 이런 분 들 께 추천 합니다 . 1 . 인간 과 유사 - 인간 , 비참한 몰골 의 동물 들 을 총 으로 쏘는 걸 좋아한다 . 2 . 친구 는 없을지언정 동료 를 갖고 싶다 . 3 . 동료 와 함께 쓰레기 를 줍고 싶다 . 4 . 주워 온 쓰레기 를 쌓",2019-01-25 21:38:45
377160,Fallout 4,positive,명작과 망작의 한끝차이는 폴아웃4와 폴아웃76을 보면 알수있다... 아 그많은 게임쇼에서 만났던 게임이 이거였나 싶기도 하고,명작 과 망작 의 한 끝 차이는 폴아웃 4 와 폴아웃 76 을 보면 알수있다 ... 아 그 많은 게임쇼 에서 만났던 게임 이 이거였나 싶기도 하고,2019-01-24 18:05:18
377160,Fallout 4,positive,말이 필요없는 갓겜입니다.,말 이 필요없는 갓 겜 입니다 .,2019-01-24 07:24:17
377160,Fallout 4,positive,오랜만에 시간가는줄모르고 몰입하여 플레이한 게임,오랜 만 에 시간 가는줄 모르고 몰입 하여 플레이 한 게임,2019-01-23 11:02:33
377160,Fallout 4,positive,처음에 이게임을 들었을때 뭘 고민하나 이건 폴아웃이다 라는 설명과 함께 소개를 받았습니다. 폴아웃3가 상당히 ㅡ..ㅡ 괴로웠던 저로써는 잘 이해가 안되었어요. 버그도 많고 한글패치 하나하는데 현기증나고 지나치게 높은 자유도로 뭘해야할지도 모르겠더라구요. 근데 4는 확실히 더 친절하고 캐쥬얼합니다. 루트도 분명하고 부분부분 재미난 요소도 많습니다. 폴3 하다가 접고 폴4로 넘어왔는데 정말 재밌네요. 폴3가 너무 옛날게임이라서 그런지.. 여튼 폴아웃4는 명작입니다. 모두에게 추천합니다.,처음 에 이 게임 을 들었을 때 뭘 고민 하나 이건 폴아웃 이다 라는 설명 과 함께 소개 를 받았습니다 . 폴아웃 3 가 상당히 ㅡ .. ㅡ 괴로웠던 저 로써 는 잘 이해 가 안되었어요 . 버그 도 많고 한글패치 하나 하는데 현기증 나고 지나치게 높은 자유도 로 뭘 해야 할지도 모르겠더라구요 . 근데 4 는 확실히 더 친절하고 캐 쥬얼 합니다 . 루트 도 분명하고 부분 부분 재미 난 요소 도 많습니다 . 폴 3 하다가 접고 폴 4 로 넘어왔는데 정말 재밌네요 . 폴 3 가 너무 옛날 게임 이라서 그런지 .. 여 튼 폴아웃 4 는 명작 입니다 . 모두 에게 추천 합니다 .,2019-01-22 00:24:30
377160,Fallout 4,positive,여러모로 발전은 했지만 폴아웃스러운 것들이 사라진 게 아쉽다 오늘도 뉴베 1승,여러 모로 발전 은 했지만 폴아웃 스러운 것 들 이 사라진 게 아쉽다 오늘 도 뉴베 1 승,2019-01-21 12:41:22
377160,Fallout 4,positive,"""지난 2주동안 66.6 시간 / 기록상 505.7 시간."" 제가 지금까지 한 게임 중 플레이 타임이 가장 깁니다. 끝판 깨고 2년후 DLC 받아서 또 하고 있거든요. 이 게임 때문에 생활 패턴이 무너졌습니다. 밥 먹으면서도, 일하면서도, 길을 걸으면서도... 이 겜에 대한 생각이 끊이지 않습니다. 제 인생 최고의 게임입니다. NPC 한 명 한 명이 살아있는 듯 주절거립니다. 자막만 뜨는게 아니고 모든 NPC들이 입으로 떠들어됩니다. 각자 케릭터 특징도 있어서 데리고 다닐 때 그 NPC의 특징을 알아야 합니다. 물론 겜에 큰 영향을",""" 지난 2 주 동안 66.6 시간 / 기록 상 505.7 시간 ."" 제 가 지금 까지 한 게임 중 플레이 타임 이 가장 깁니다 . 끝판 깨고 2년 후 DLC 받아서 또 하고 있거든요 . 이 게임 때문 에 생활 패턴 이 무너졌습니다 . 밥 먹으면서도 , 일 하면서도 , 길 을 걸으면서도 ... 이 겜 에 대한 생각 이 끊이지 않습니다 . 제 인생 최고 의 게임 입니다 . NPC 한 명 한 명 이 살아있는 듯 주절거립니다 . 자막 만 뜨는게 아니고 모든 NPC 들이 입 으로 떠들어 됩니다 . 각자 케릭 터 특징 도 있어서 데리 고 다닐 때 그 NPC 의 특징 을 알아야 합니다 . 물론 겜 에 큰 영향 을",2019-01-20 22:30:55
377160,Fallout 4,positive,토드 하워드의 생전 마지막작품 스토리에는 평가가 많이 갈리지만 게임내의 여러요소와 즐길거리를 보면 굉장히 재밌는게임이 맞다 이작품이후로 갑자기 실종된 토드 하워드의 자리를 대체하기위해 우연인지 그와닮은 토도키 하와도상이 그자리를 꿰차게되었다 그리고나온 작품이...,토드 하워드 의 생전 마지막 작품 스토리 에는 평가 가 많이 갈리 지만 게임 내의 여러 요소 와 즐길 거리 를 보면 굉장히 재밌는 게임 이 맞다 이 작품 이후 로 갑자기 실종 된 토드 하워드 의 자리 를 대체 하기 위해 우연 인지 그 와 닮은 토도 키 하와 도 상이 그 자리 를 꿰 차게 되었다 그리고 나온 작품 이 ...,2019-01-15 20:24:41
377160,Fallout 4,positive,폴아웃 덕에 포스트 아포칼립스 게임에 빠져버렸당 최고얌,폴아웃 덕 에 포스트 아포칼립스 게임 에 빠져 버렸당 최고 얌,2019-01-15 16:47:17
377160,Fallout 4,positive,재미는 있습니다 단점은 자잘한 버그 스카이림이나 전편 뉴베가스에 비해 많이 준것 처럼 보이지만 여전히 많습니다 곤충을 너무 사실적으로 표현해서 혐오스럽다는점 최적화가 잘안되어서 고사양겜이라는 점만빼면 괜찮습니다 권장사양으로 돌리는걸 추천드립니다,재미 는 있습니다 단점 은 자잘한 버그 스카이림 이나 전편 뉴 베가스 에 비해 많이 준것 처럼 보이 지만 여전히 많습니다 곤충 을 너무 사실 적 으로 표현 해서 혐오 스럽다는 점 최적화 가 잘 안되어서 고 사양 겜 이라는 점 만 빼면 괜찮습니다 권장 사양 으로 돌리는걸 추천 드립니다,2019-01-14 22:11:59
377160,Fallout 4,positive,졸잼ㅋㅋㅋㅋ,졸잼 ㅋㅋㅋㅋ,2019-01-14 13:44:16
377160,Fallout 4,positive,BEST GAME YOU CAN PLAY,BEST GAME YOU CAN PLAY,2019-01-12 23:38:48
377160,Fallout 4,positive,"391시간 뉴비임. 1. 게임난이도 레벨에따라 드랍하는템이나 적들의 템드랍률이 달라짐. 그리고 탄수급이 존x 더러움. 행운, 매력이 어느정도 치중이 되어야 내가 무언갈 안전하게 얻고가는구나 하는데 병뚜껑을 버는수단보다 살아가는생존수단이 좀더 중요한걸로보임. 처음에 모르면 스카이림마냥 근거리무기로 여차저차 살다가 무기 찾고 쓰면됨. 그리고 무기를 만들고싶다면 아들래미보다 강력테이프, 원더글루 를 찾는게 더어려울꺼임. 2. 스토리/인게임 비중이 약간 엉망진창임. 주관적으로 느끼기엔 퍽을 올리는재미가 스토리보다 재밌음. 스토리","391시간 뉴비 임 . 1 . 게임 난이도 레벨 에 따라 드랍 하는 템 이나 적 들 의 템드랍률 이 달라짐 . 그리고 탄수 급 이 존 x 더러 움 . 행운 , 매력 이 어느 정도 치중 이 되어야 내 가 무언 갈 안전하게 얻고가는구나 하는데 병뚜껑 을 버 는 수단 보다 살아가는 생존 수단 이 좀더 중요한 걸 로 보임 . 처음 에 모르면 스카이림 마냥 근거리 무기 로 여 차 저 차 살다가 무기 찾고 쓰면 됨 . 그리고 무기 를 만들고싶다면 아들 래미 보다 강력 테이프 , 원더 글루 를 찾는게 더 어려울꺼 임 . 2 . 스토리 / 인 게임 비중 이 약간 엉망 진창 임 . 주관 적 으로 느끼 기 엔 퍽 을 올리는 재미 가 스토리 보다 재밌음 . 스토리",2019-01-12 21:58:00
377160,Fallout 4,positive,"업데이트 좀 안했으면, 맨날 모드 다시 까는게 너무 귀찮다.","업데이트 좀 안 했으면 , 맨날 모드 다시 까는게 너무 귀찮다 .",2019-01-11 19:07:59
377160,Fallout 4,positive,환경 미화원 OR 철거하는 게임 사람이 못살게 된 집을 철거하여 재료를 모은 후 자신만의 마을을 건설해보세요!!,환경 미화원 OR 철거 하는 게임 사람 이 못 살게 된 집 을 철거 하여 재료 를 모은 후 자신 만의 마을 을 건설 해보세요 !!,2019-01-10 14:49:34
377160,Fallout 4,positive,스토리가 산으로 가버려서 그 스토리를 되찾아오는게 주된 내용인 띵작 게임입니다 베데스다의 뛰어나신 모션과 엔진 응용 능력 수준에 고티까지 받아버린 게임이어요 그래도 스토리텔링과 황폐화된 세계관의 분위기를 잘 살렸기 때문에 고티 인정합니다 DLC도 하나같이 알짜베기여서 가급적이면 고티를 구입해서 걸지게 즐기는걸 추천드려요,스토리 가 산 으로 가버려서 그 스토리 를 되찾아오는게 주된 내용 인 띵작 게임 입니다 베데스다 의 뛰어나신 모션 과 엔진 응용 능력 수준 에 고 티 까지 받아 버린 게임 이 어요 그래도 스토리텔링 과 황폐 화 된 세계관 의 분위기 를 잘 살렸기 때문 에 고 티 인정 합니다 DLC 도 하나같이 알짜 베기여서 가급적 이면 고 티 를 구입 해서 걸지게 즐기는걸 추천 드려요,2019-01-10 07:48:44
377160,Fallout 4,positive,이게임을 처음으로 시작하고 파하버를 안하고 나머지 본편 + 나머지 DLC만 깬게 84시간... 정말 플레이 타임이 이렇게 긴 게임을 해본적이없었지만 하면서 지루함을 느끼지 못했다.. 파하버를 안간이유는 스포를 당한이유도 있지만 플레이를 할수로 내캐릭이 데스클로도 구울마냥 잡아버리는 너무 씹OP가 되어 급현타가 와서 하지않았다. 다음에는 OP가 되기전에 DLC를 다해봐야 겠다.,이 게임 을 처음 으로 시작 하고 파 하버 를 안 하고 나머지 본 편 + 나머지 DLC 만 깬게 84시간 ... 정말 플레이 타임 이 이렇게 긴 게임 을 해 본적 이 없었지만 하면서 지루함 을 느끼지 못 했다 .. 파 하버 를 안 간 이유 는 스포 를 당 한 이유 도 있지만 플레이 를 할수로 내 캐릭 이 데스 클로도 구울 마냥 잡아 버리는 너무 씹 OP 가 되어 급 현 타가 와서 하지 않았다 . 다음 에는 OP 가 되 기전 에 DLC 를 다해 봐야 겠다 .,2019-01-09 08:51:26
377160,Fallout 4,positive,"좋은점 : POWER-FCKIN'-ARMOR , 폭발하는 미니건에 폭발하는 레이더 나쁜점 : 폴아웃","좋은 점 : POWER - FCKIN '- ARMOR , 폭발 하는 미니건 에 폭발 하는 레이더 나쁜 점 : 폴아웃",2019-01-08 03:20:03
377160,Fallout 4,positive,DLC가 비싸다는걸빼면 할만함,DLC 가 비싸다는걸 빼면 할만 함,2019-01-08 03:05:57
377160,Fallout 4,positive,모드가 매우 많다,모드 가 매우 많다,2019-01-07 23:02:47
377160,Fallout 4,positive,This game is ok!!!,This game is ok !!!,2019-01-07 21:04:41
377160,Fallout 4,positive,이거 너무재밌어 바퀴벌레 싫어하시는분들은 꼭 하세요,이 거 너무 재밌어 바퀴벌레 싫어하시는 분 들 은 꼭 하세요,2019-01-07 00:55:36
377160,Fallout 4,positive,재미있어요 분위기 좋아요 버그 싫어요 무한로딩 싫어요,재미있어요 분위기 좋아요 버그 싫어요 무한 로딩 싫어요,2019-01-06 22:19:00
377160,Fallout 4,positive,"평가가 그리 좋진않네 난 내 나름 재미있게 하고있는데.. 이게임의 가장 큰 문제가 있다면 난 무기군이 턱없이 적다는걸 선택한다 많은 사람들이 폴아웃4을 하면서 느낀건데 진짜 무기군이 엄청 적다 내가 이 게임하면서 가장 인상깊었던건 빳다로 사람 대가리 깨부수면서 신스감별하는게 아니라 죽이면 나오는 파이프무기 금고따서 얻는 파이프 무기 길가다 얻는 파이프무기뿐이다 본편의 인도자,누카월드의 문제해결사와 난사포가 현대무기와 상당히 흡사해서 쏘는맛이 있는데 이거뿐이다 아니면 죄다 전투소총이나 샷건만 가지고 주구장창 놀아야해서 그렇더","평가 가 그리 좋진 않네 난 내 나름 재미있게 하고있는데 .. 이 게임 의 가장 큰 문제 가 있다면 난 무기 군 이 턱 없이 적다는걸 선택 한다 많은 사람 들 이 폴아웃 4 을 하면서 느낀건데 진짜 무기 군 이 엄청 적다 내 가 이 게임 하면서 가장 인상 깊었던건 빳다 로 사람 대가리 깨부수면서 신스 감별 하는게 아니라 죽이면 나오는 파이프 무기 금고 따서 얻는 파이프 무기 길가 다 얻는 파이프 무기 뿐 이다 본 편의 인도 자 , 누카 월드 의 문제해결 사와 난사 포 가 현 대 무기 와 상당히 흡사해서 쏘는 맛 이 있는데 이 거 뿐 이다 아니면 죄다 전투소총 이나 샷건 만 가지 고 주 구 장창 놀아 야해서 그렇 더",2019-01-06 01:49:51
377160,Fallout 4,positive,76이 망하면서 재조명받게 된 시리즈 4. 베데스다 특유의 엔진을 뒤엎지 않는 이상 이후 차기작은 없을 듯 합니다.,76 이 망하면서 재 조명 받게 된 시리즈 4 . 베데스다 특유 의 엔진 을 뒤엎 지 않는 이상 이후 차기작 은 없을 듯 합니다 .,2019-01-05 18:16:14
377160,Fallout 4,positive,뉴베가스 리마스터나 만들어라.,뉴 베가스 리 마스터 나 만들어라 .,2019-01-05 09:18:39
377160,Fallout 4,positive,빠루 근접무기 추가 모드 받으세요~ 모든것이 하이패스~,빠루 근접무기 추가 모드 받으세요 ~ 모든 것 이 하이패스 ~,2019-01-04 17:51:22
377160,Fallout 4,positive,이미 베네스다 게임을 한지도 벌써 6년 되가는데 평가는 이제서 해보게 되네요. 대체로 저는 베네스다 게임을 좋아하고 또 모드에도 엄청 흥미를 가지고 있어서 모드질 하는데도 시간 가는줄 모르고 하는 거 같습니다. ㅎㅎ 그냥 게임하는 것 보다는 역시 모드가 있어야 더 재미있는 게임이 되는 거 같고 또 병맛짓도 할 수 있으니.. 암튼 대체로 폴아웃4는 기존에 스카이림 그래픽에서 많이 벗어난 거 같은 느낌은 아니지만 스토리는 뭐... 그럭저럭 한 거 같습니다. 모드에 관심있고 방대한 오픈월드에 관심이 있으시다면 전 이 게임 추천하겠습니다.,이미 베 네스 다 게임 을 한지 도 벌써 6년 되가는데 평가 는 이제 서 해보게 되네요 . 대체로 저 는 베 네스 다 게임 을 좋아하고 또 모드 에도 엄청 흥미 를 가지 고 있어서 모드 질 하는데도 시간 가는줄 모르고 하는 거 같습니다 . ㅎㅎ 그냥 게임 하는 것 보다는 역시 모드 가 있어야 더 재미있는 게임 이 되는 거 같고 또 병맛 짓도 할 수 있으니 .. 암튼 대체로 폴아웃 4 는 기존 에 스카이림 그래픽 에서 많이 벗어난 거 같은 느낌 은 아니지만 스토리 는 뭐 ... 그럭저럭 한 거 같습니다 . 모드 에 관심 있고 방대한 오픈월드 에 관심 이 있으시다면 전 이 게임 추천 하겠습니다 .,2019-01-04 11:35:47
377160,Fallout 4,positive,dlc가 가격에 비해 가성비가 낮지만 그래도 76보단 갓겜이죠,dlc 가 가격 에 비해 가성 비 가 낮 지만 그래도 76 보단 갓 겜 이 죠,2019-01-03 21:48:22
377160,Fallout 4,positive,이 게임을 통해 미래에 일어날 일들을 아주 살짝 알았다 랄까?,이 게임 을 통해 미래 에 일어날 일 들 을 아주 살짝 알았다 랄 까 ?,2019-01-02 16:47:47
377160,Fallout 4,positive,이런저런 욕을 먹었어도 종종 생각나서 플레이하면 존나 재미있다.,이런저런 욕 을 먹었어도 종종 생각나서 플레이 하면 존나 재미있다 .,2019-01-02 00:29:17
377160,Fallout 4,positive,"폴아웃76을 하고나니, 이게 얼마나 갓겜인지 다시한번 느낍니다....","폴아웃 76 을 하고나니 , 이 게 얼마나 갓 겜 인지 다시 한번 느낍니다 ....",2019-01-01 01:16:36
377160,Fallout 4,positive,"토도키 하와도상의 유작 폴아웃76을 보고 다시보니 선녀같다 세일때 고티에디션사서 달릴만 함 ssd에 깔고 로딩 줄여주는 모드 깔아서 플레이하는걸 추천, 안그럼 건물에서 필드 나갈때 느려터져서 내 속도 터짐.","토도 키 하와 도 상의 유작 폴아웃 76 을 보고 다시 보니 선녀 같다 세 일 때 고티에 디션 사서 달릴만 함 ssd 에 깔고 로딩 줄여주는 모드 깔아서 플레이 하 는걸 추천 , 안 그럼 건물 에서 필드 나갈 때 느려 터져서 내 속도 터짐 .",2019-01-01 00:45:38
377160,Fallout 4,positive,"War, war never changes. 우연히 알게된 폴아웃 쉘터스에서 폴아웃 세계관에 흥미를 갖고 폴아웃3를 구매. 폴아웃3는 지금 윈도우와 호환이 안 되는 모양. 자꾸 멈춰서 그만두고 폴아웃 4를 구매. 그 후로 밤낮없이 즐김. 메인메뉴에서 나오는 배경음이 기억에 남음.","War , war never changes . 우연히 알 게 된 폴아웃 쉘터스 에서 폴아웃 세계관 에 흥미 를 갖고 폴아웃 3 를 구매 . 폴아웃 3 는 지금 윈도우 와 호환 이 안 되는 모양 . 자꾸 멈춰서 그만두고 폴아웃 4 를 구매 . 그 후 로 밤낮없이 즐김 . 메인 메뉴 에서 나오는 배경음 이 기억 에 남음 .",2018-12-31 19:21:01
377160,Fallout 4,positive,존1나 재밌다.,존 1 나 재밌다 .,2018-12-31 13:50:33
377160,Fallout 4,positive,우왕!! 버그존나많음 벽뚫리는 데도 있고 빠른이동 안될때로 있고 퀘스트 진행부분 선택지가 스킵되어버릴 때도 있음,우왕 !! 버그 존나 많음 벽 뚫리는 데도 있고 빠른 이동 안될 때 로 있고 퀘스트 진행 부분 선택 지 가 스킵 되어 버릴 때 도 있음,2018-12-28 20:50:55
377160,Fallout 4,positive,"낙진 4. 방사능에 모든 것이 파괴된 처참한 모습의 땅, 그리고 이와 대비되는 라디오의 아름다운 소리에 눈이 촉촉해 지는 것은 왜 일까? 배우자의 복수와 아들의 행방을 알아내기 위한 아름다운 여정을 떠나자. 보기만 해도 토 나오는 역겨운 구울과 바퀴벌레를 무찌르며 한 걸음 한 걸음 다가갈수록 밝혀지는 숨겨진 이야기와 호기심을 자극하는 인물들 그리고 반전까지. 정신나간 커먼웰스의 운명을 결정하는 것은 바로 당신!","낙진 4 . 방사 능 에 모든 것 이 파괴 된 처참한 모습 의 땅 , 그리고 이 와 대비 되는 라디오 의 아름다운 소리 에 눈 이 촉촉해 지는 것 은 왜 일까 ? 배우자 의 복수 와 아들 의 행방 을 알아내기 위 한 아름다운 여정 을 떠나자 . 보기 만 해도 토 나오는 역겨운 구울 과 바퀴벌레 를 무 찌르며 한 걸음 한 걸음 다가 갈수록 밝혀지는 숨겨진 이야기 와 호기심 을 자극 하는 인물 들 그리고 반전 까지 . 정신 나간 커먼웰스 의 운명 을 결정 하는 것 은 바로 당신 !",2018-12-27 06:42:36
377160,Fallout 4,positive,"아직 20시간 밖에 안한 씹뉴비임. 폴아웃 시리즈 전무한 입장에서 어느정도 몰입한 느낌만 적어봄. 1. 적당히 자유롭다. 단, 모드를 깔면 모든게 가능해진다. 2. 버그가 존나 많다; 최신 패치를 깔고 모드를 단 하나도 깔지 않은 시점에서 npc들이 만세하고 돌아다닌다... 이전 세이브를 켜니 고쳐짐. 3. 텍스트가 많다. 게임에 몰입한 순간에는 진짜 대화하는 느낌이지만 약간 이질감이 드는건 대답들이 기계적임... 4. 하우징 시스템... 스토리 진행하고 싶은데 하우징 시스템이 꿀잼이라 계속 하우징만 하고있음... 5.","아직 20시간 밖에 안 한 씹 뉴비 임 . 폴아웃 시리즈 전무한 입장 에서 어느 정도 몰입 한 느낌 만 적어 봄 . 1 . 적당히 자유롭다 . 단 , 모드 를 깔면 모든 게 가능해진다 . 2 . 버그 가 존나 많다 ; 최신 패치 를 깔고 모드 를 단 하나 도 깔지 않은 시점 에서 npc 들이 만세 하고 돌아다닌다 ... 이전 세이브 를 켜니 고쳐 짐 . 3 . 텍스트 가 많다 . 게임 에 몰입 한 순간 에는 진짜 대화 하는 느낌 이지만 약간 이 질감 이 드는건 대답 들 이 기계 적임 ... 4 . 하우 징 시스템 ... 스토리 진행 하고 싶은데 하우 징 시스템 이 꿀잼 이라 계속 하우 징 만 하고있음 ... 5 .",2018-12-26 17:27:33
377160,Fallout 4,positive,갓겜,갓 겜,2018-12-26 17:21:22
377160,Fallout 4,positive,겜하다 보면 너무 어지러움...ㅠ 설정을 바꾸라는데 너무 복잡해서 못하겠음... 하다가 어지러워서 때려침...,겜 하다 보면 너무 어지러움 ... ㅠ 설정 을 바꾸라는데 너무 복잡해서 못 하겠음 ... 하다가 어지러워서 때려 침 ...,2018-12-26 13:27:50
377160,Fallout 4,positive,뇌세포 하나 하나 방사능에 물들여 한다면 아무 생각 없이 수 년 간 즐길 수 있다. 깊이 생각하면 역따봉 직행.,뇌 세포 하나 하나 방사 능 에 물들여 한다면 아무 생각 없이 수 년 간 즐길 수 있다 . 깊이 생각 하면 역 따 봉 직행 .,2018-12-25 23:03:46
377160,Fallout 4,positive,dz,dz,2018-12-25 14:19:16
377160,Fallout 4,positive,하 또 f4se 재설치해야하네,하 또 f 4 se 재 설치해 야하네,2018-12-24 19:26:46
377160,Fallout 4,positive,"전작보다 못하다는 평가를 받는 말많은 겜이지만 재미하나는 확실히 있습니다 개인적으로 포스트 아포칼립스장르나 디젤펑크, 파밍게임을 좋아해서 그런지 저한테 잘 맞았습니다 참고로 저는 폴아웃시리즈는 처음 접하는데 저처럼 폴아웃시리즈가 처음이거나 위에 말했던 장르를 좋아하신다면 추천해드립니다","전작 보다 못 하다는 평가 를 받는 말 많은 겜 이지만 재미 하나 는 확실히 있습니다 개인 적 으로 포스트 아포칼립스 장르 나 디젤 펑크 , 파밍 게임 을 좋아해서 그런지 저 한테 잘 맞았습니다 참고 로 저 는 폴아웃 시리즈 는 처음 접 하는데 저 처럼 폴아웃 시리즈 가 처음 이 거나 위 에 말 했던 장르 를 좋아하신다면 추천 해드립니다",2018-12-23 21:12:03
377160,Fallout 4,positive,폴아웃 그리워서 신년되고 76 샀지만 정작 그리웠던건 4였구나.. 다시 시작한다.. 정착지 꾸미러 간다..,폴아웃 그리워서 신년 되고 76 샀지만 정작 그리웠던건 4 였구나 .. 다시 시작 한 다 .. 정착 지 꾸미러 간다 ..,2018-12-23 04:34:32
377160,Fallout 4,positive,76이 이 게임의 아들이라면 개 패륜아,76 이 이 게임 의 아들 이 라면 개 패륜 아,2018-12-22 20:33:52
377160,Fallout 4,positive,fallout,fallout,2018-12-22 17:47:16
377160,Fallout 4,positive,커마 연습하기 딱좋은 게임이군,커마 연습 하기 딱좋은 게임 이군,2018-12-22 14:00:52
377160,Fallout 4,positive,껄껄,껄껄,2018-12-22 00:40:11
377160,Fallout 4,positive,최고의 RPG 중 하나의 게임. 타격감 호불호 있음,최고 의 RPG 중 하나 의 게임 . 타 격감 호불호 있음,2018-12-21 22:44:02
377160,Fallout 4,positive,다이렉트게임즈에서사면 오지게쌈 오홍홍조와용,다이렉트 게임 즈 에 서 사면 오지 게 쌈 오 홍 홍조 와 용,2018-12-21 20:36:30
377160,Fallout 4,positive,good,good,2018-12-21 14:07:47
377160,Fallout 4,positive,굳굳,굳 굳,2018-12-20 18:47:21
377160,Fallout 4,positive,시리즈물이다보니 전작들과 비교를 안할 수 가 없다. 확실히 시대가 지난만큼 그래픽은 발전했지만 여전히 난무하는 버그는 어쩔 수 없는 게임이다. 여러면에서 전작들의 하위호환이라고 밖에 부를 수 밖에 없는 게임이다. 선택지가 4개만 생기고 간략화되면서 적어진 게임플레이의 다양성 너무나도 단순한 퀘스트라인과 지루하기 짝이 없는 반복 퀘스트 전혀 흥미롭지않은 메인 퀘스트라인과 각각의 팩션의 스토리 이전에도 DLC들의 퀄리티가 별로긴 했지만 여전히 별로인 DLC 등등 여러가지 심각한 단점을 안고있는 게임이지만 그럼에도 새롭게 개선된,시리즈 물이 다 보니 전작 들 과 비교 를 안 할 수 가 없다 . 확실히 시대 가 지난 만큼 그래픽 은 발전 했지만 여전히 난무 하는 버그 는 어쩔 수 없는 게임 이다 . 여러 면 에서 전작 들 의 하위호환 이라고 밖에 부를 수 밖에 없는 게임 이다 . 선택 지 가 4 개 만 생기 고 간략 화 되면서 적어진 게임 플레이 의 다양성 너무나도 단순한 퀘스트라 인과 지루하기 짝 이 없는 반복 퀘스트 전혀 흥미롭지 않은 메인 퀘스트라 인과 각각 의 팩션 의 스토리 이전 에도 DLC 들의 퀄리티 가 별로 긴 했지만 여전히 별로 인 DLC 등등 여러가지 심각한 단점 을 안고있는 게임 이지만 그럼에도 새롭게 개선 된,2018-12-17 06:19:51
377160,Fallout 4,positive,재미있는 병신게임,재미있는 병신 게임,2018-12-17 03:41:34
377160,Fallout 4,positive,솔찌 재밌다 가을출타 4,솔찌 재밌다 가을 출타 4,2018-12-16 00:16:20
377160,Fallout 4,positive,"현재 총 225시간 하고 쓰는 폴아웃 종합 평가 일단 폴아웃이라는 게임자체가 엄청난 자유도를 자랑한다는건 알고있었다. 유튜브같은 다른매체에서 폴아웃4를 하며 재밌게 노는 사람들을 보면 ""나도 언젠간 저렇게 해야지!"" 하며 동영상만 보다가 2018년 드디어 4년만에 게임+시즌패스를 구매해서 진행해보았다. *필자는 폴아웃시리즈를 폴아웃 4로 처음 입문 했다는점을 말하는 바입니다* 장점: -기본적으로 게임의 근본인 재미라는 요소하나는 잘잡았다. 필자는 폴아웃4 시작후 100시간동안 매일 학교갔다와서 시간남을때마다 달렸다. -DLC","현재 총 225시간 하고 쓰는 폴아웃 종합 평가 일단 폴아웃 이라는 게임 자체 가 엄청난 자유도 를 자랑 한다는 건 알고있었다 . 유튜브 같은 다른 매체 에서 폴아웃 4 를 하며 재밌게 노 는 사람 들 을 보면 "" 나도 언 젠 간 저렇게 해야지 !"" 하며 동영상 만 보다가 2018년 드디어 4년 만에 게임 + 시즌 패스 를 구매 해서 진행 해보았다 . * 필자 는 폴아웃 시리즈 를 폴아웃 4 로 처음 입문 했다는 점 을 말 하는 바 입니다 * 장점 : - 기본 적 으로 게임 의 근본 인 재미 라는 요 소 하나 는 잘 잡았다 . 필자 는 폴아웃 4 시작 후 100시간 동안 매일 학교 갔다 와서 시간 남 을 때 마다 달렸다 . - DLC",2018-12-15 14:28:50
377160,Fallout 4,positive,분위기 깡패.,분위기 깡패 .,2018-12-14 23:15:10
377160,Fallout 4,positive,포스트 아포칼립스 게임의 정석 각종 버그와 병맛 타격감도 게임의 몰입도를 방해할수 없다. 제발 그래픽엔진좀 더욱 개발했으면 하는 바람,포스트 아포칼립스 게임 의 정석 각종 버그 와 병맛 타 격감 도 게임 의 몰입도 를 방해 할수 없다 . 제발 그래픽 엔진 좀 더욱 개발 했으면 하는 바람,2018-12-13 14:09:38
377160,Fallout 4,positive,친창에 이게임 시작 안한사람은 조금 있는데 30시간 이하로 한 사람은 없더라 세일하는거보고 평가보는 당신은 왜안사고있나? 이거볼시간에 거점지하나 더 뚫으러간다 ㅋㅋ ㄹㅇ 거손실나기전에 빨리 사서 깔도록,친창 에 이 게임 시작 안 한 사람 은 조금 있는데 30시간 이하 로 한 사람 은 없더라 세 일 하는거 보고 평가 보는 당신 은 왜안 사고 있나 ? 이 거볼 시간 에 거점 지 하나 더 뚫으러 간다 ㅋㅋ ㄹㅇ 거 손실 나 기전 에 빨리 사서 깔도록,2018-12-13 05:35:52
377160,Fallout 4,positive,말도 많고 탈도 많은 게임 + 쩌는 버그들 그래도 역시 포스트 아포칼립스를 제대로 느낄만한 게임 당연히 모드질로 인해 몇백시간은 하게 되는 게임,말 도 많고 탈 도 많은 게임 + 쩌 는 버그 들 그래도 역시 포스트 아포칼립스 를 제대로 느낄만 한 게임 당연히 모드 질 로 인해 몇 백 시간 은 하게 되는 게임,2018-12-11 01:05:59
377160,Fallout 4,positive,이 씨벌새끼들아! 버그 좀 고쳐라!,이 씨 벌새 끼 들 아 ! 버그 좀 고쳐라 !,2018-12-10 23:31:16
377160,Fallout 4,positive,무슨 재료를 모아야될지 모르겠다구요?? 눈에 보이는거 다 주우세요,무슨 재료 를 모 아야 될지 모르겠다구요 ?? 눈 에 보이는거 다 주 우세 요,2018-12-10 21:45:47
377160,Fallout 4,positive,전설적인 개발자 토드 하워드의 살아있을 적 마지막 작품이다 발적화와 사소한 버그가 있긴 하지만 갓겜인 것은 틀림없다,전설 적 인 개발자 토드 하워드 의 살아있을 적 마지막 작품 이다 발 적 화 와 사소한 버그 가 있긴 하지만 갓 겜 인 것 은 틀림없다,2018-12-10 15:08:06
377160,Fallout 4,positive,베데스다가 게임 50% 만들고 모더분들이 부족한 50%를 채워주는 게임. 그래서 완벽하다.,베데스다 가 게임 50% 만들고 모 더 분들 이 부족한 50% 를 채워주는 게임 . 그래서 완벽하다 .,2018-12-08 22:07:13
377160,Fallout 4,positive,여자친구는 파이퍼가 있어요,여자친구 는 파이퍼가 있어요,2018-12-06 16:39:11
377160,Fallout 4,positive,오늘 500메가 설치되던데 업데이트 내용도 없고 무슨 패치인지 정보도 없고..,오늘 500 메 가 설치 되던데 업데이트 내용 도 없고 무슨 패치 인지 정보 도 없고 ..,2018-12-06 08:26:05
377160,Fallout 4,positive,"폴아웃 4. 딱 한마디로 하자면 매우 재밌습니다. 자신만의 마을에서 부터 도시, 군사 요새까지 만들수 있는 빌리징 시스템, 포스트 아포칼립스의 느낌을 팍팍 살린 커먼웰스, 각자 특징이 잘 살아 있는 세력들, 튜닝하고 수리하고 타고 다니는 재미가 쏠쏠한 파워아머, 배경설정이 짜여 있어서 몰입하기 쉬운 주인공, 특징 성향과 스토리가 명확한 동료들(너무 귀여운 도그밋은 덤), 상당히 준수한 그래픽까지 상당히 재미있는 게임인건 사실입니다. 그러나 그다지 똑똑하지 않은 동료들, 플레이어가 개입하지 않으면 말그대로 아무것도 안하는 정착민들,","폴아웃 4 . 딱 한마디 로 하자 면 매우 재밌습니다 . 자신 만의 마을 에서 부터 도시 , 군사 요새 까지 만들수 있는 빌리 징 시스템 , 포스트 아포칼립스 의 느낌 을 팍팍 살린 커먼웰스 , 각자 특징 이 잘 살 아 있는 세력 들 , 튜닝 하고 수리 하고 타고 다니는 재미 가 쏠쏠한 파워 아 머 , 배경 설정 이 짜여 있어서 몰입 하기 쉬운 주인공 , 특징 성향 과 스토리 가 명확한 동료 들 ( 너무 귀여운 도그밋 은 덤 ), 상당히 준수 한 그래픽 까지 상당히 재미있는 게임 인 건 사실 입니다 . 그러나 그다지 똑똑하지 않은 동료 들 , 플레이어 가 개입 하지 않으면 말 그대로 아무 것 도 안 하는 정착민 들 ,",2018-12-05 02:14:54
377160,Fallout 4,positive,재미 ㅈㄴ 있음 꼭하셈 dlc는 병신이니 꼭하지마셈,재미 ㅈㄴ 있음 꼭 하 셈 dlc 는 병신 이니 꼭 하지마 셈,2018-12-02 22:13:27
377160,Fallout 4,positive,굉장히 평가를 박하게주려했지만 폴아웃 76을 하고 다시 생각해보니 이 게임은 정말 완성도가 높은 게임이고 정성이 들여서 만든 게임이 맞음. 이 게임에 안좋은 평가를 한 사람들은 76을 하고 돌아와서 바닥을 치면서 후회하며 좋은 평가를 줬어야한다는것을 알아야함.,굉장히 평가 를 박하게주려 했지만 폴아웃 76 을 하고 다시 생각 해보니 이 게임 은 정말 완성 도 가 높은 게임 이고 정성 이 들여서 만든 게임 이 맞음 . 이 게임 에 안좋은 평가 를 한 사람 들 은 76 을 하고 돌아와서 바닥 을 치면 서 후회 하며 좋은 평가 를 줬어야 한다는 것 을 알아야 함 .,2018-11-30 00:38:59
377160,Fallout 4,positive,폴아웃 78인지 77인지 예구하고 열받아서 폴아웃4를 다시 시작했다 그런의미로 집념의 리뷰를 쓰려고 한다 나의 폴아웃 역사는 중1로 거슬러 올라간다 그때 쌍용(맞다 자동차회사 쌍용 그땐 imf 직전이라 문어발식 사업확장이 도를 넘었음) 에서 영문판을 예구했다 우리가 알고있는 예구가 아니라 샵에 돈주면 그놈이 물건띄로 용팔이 한테 감.. 1주일 예상했는데 한달 걸려서 겨우 얻은 게임이라 아직도 소장중이다 폴아웃1을 처음했을떄 미트도그 만나고 나는 개를 키우는 환상을 가지게 된거 같다.. 물론 나의 개 달창(내이름 해창),폴아웃 78 인지 77 인지 예 구 하고 열 받아서 폴아웃 4 를 다시 시작 했다 그런 의미 로 집념 의 리뷰 를 쓰려고 한다 나 의 폴아웃 역사 는 중 1 로 거슬러 올라간다 그때 쌍용 ( 맞다 자동차 회사 쌍용 그땐 imf 직전 이라 문어 발 식 사업 확장 이 도를 넘었음 ) 에서 영 문 판 을 예 구 했다 우리 가 알고있는 예 구가 아니라 샵 에 돈 주면 그 놈 이 물건 띄로 용팔이 한테 감 .. 1 주일 예상 했는데 한 달 걸려서 겨우 얻은 게임 이라 아직도 소장 중 이다 폴아웃 1 을 처음 했을 떄 미트 도 그 만나고 나 는 개 를 키우는 환상 을 가지 게 된거 같다 .. 물론 나 의 개 달창 ( 내 이름 해창 ),2018-11-29 18:46:49
377160,Fallout 4,positive,똥오줌4 라고 하지만 dlc 없이 60시간 넘게 할 수 있는 게임. 타격감이 탈베데스다!,똥 오줌 4 라고 하지만 dlc 없이 60시간 넘게 할 수 있는 게임 . 타 격감 이 탈 베데스다 !,2018-11-29 11:14:38
377160,Fallout 4,positive,난 재미있었어,난 재미있었어,2018-11-27 22:12:38
377160,Fallout 4,positive,"폴아웃 76를 하고나서 이 게임을 하고난다면, 얼마나 잘 만든 게임인지 알게 될 겁니다","폴아웃 76 를 하고나서 이 게임 을 하고 난다면 , 얼마나 잘 만든 게임 인지 알 게 될 겁니다",2018-11-27 21:41:03
377160,Fallout 4,positive,재밌어용,재밌어용,2018-11-27 20:09:31
377160,Fallout 4,positive,한마디면 충분함 존X재밌다,한마디 면 충분함 존 X 재밌다,2018-11-27 18:41:29
377160,Fallout 4,positive,"베데스다 게임은 출시 후 2년 뒤는 봐야한다는 것을 증명하는 작품. 발전하지 못 하는 엔진, 끝 없이 튀어나오는 버그, 부실한 DLC, 빈약한 메인스토리....등등. 언제나 지적되는 베데스다 RPG 만의 단점들을 그대로 계승한 게임이지만. 수 많은 서브 퀘스트, 세밀한 세계관과 이동제약이 거의 없는 오픈 월드 까지. 베데스다 특유의 잘만든 오픈 월드 RPG의 특징이 고스란히 녹아져 있는 작품이기도 하다. 거기에 폴아웃 시리즈만의 정신나간 설정과 블랙유머, 핵전쟁 이후 박살난 세계관 까지... 베데스다만이 가진 이런 장점들","베데스다 게임 은 출시 후 2년 뒤 는 봐 야한다는 것 을 증명 하는 작품 . 발전 하지 못 하는 엔진 , 끝 없이 튀어나오는 버그 , 부실한 DLC , 빈약한 메인 스토리 .... 등등 . 언제나 지적 되는 베데스다 RPG 만의 단점 들 을 그대로 계승 한 게임 이지만 . 수 많은 서브 퀘스트 , 세밀 한 세계관 과 이 동 제약 이 거의 없는 오픈 월드 까지 . 베데스다 특유 의 잘만 든 오픈 월드 RPG 의 특징 이 고스 란 히 녹아져 있는 작품 이기도 하다 . 거기 에 폴아웃 시리즈 만의 정신 나간 설정 과 블랙유머 , 핵전쟁 이후 박살 난 세계관 까지 ... 베데스다 만이 가진 이런 장점 들",2018-11-27 14:17:53
377160,Fallout 4,positive,너 땜에 뉴베가스까지 샀으니깐 책임져,너 땜 에 뉴 베가스 까지 샀으니깐 책임져,2018-11-27 11:22:16
377160,Fallout 4,positive,폴아웃76이 확장팩이지??,폴아웃 76 이 확장팩 이지 ??,2018-11-27 06:37:13
377160,Fallout 4,positive,스카이림 다음으로 갓겜 랙만 없어지면 대박이다,스카이림 다음 으로 갓 겜 랙 만 없어지면 대박 이다,2018-11-26 23:50:50
377160,Fallout 4,positive,그냥 졸잼! 꿀잼,그냥 졸잼 ! 꿀잼,2018-11-26 23:18:37
377160,Fallout 4,positive,분위기 있는 게임을 좋아하는 저에게 이 게임은 수십시간 동안의 그칠 줄 모르는 즐거움을 주었습니다.,분위기 있는 게임 을 좋아하는 저 에게 이 게임 은 수십 시간 동안 의 그칠 줄 모르는 즐거움 을 주었습니다 .,2018-11-26 21:42:29
377160,Fallout 4,positive,완벽하게 만족하진 않았지만 그럭저럭. 다음 작에선 캐릭터 움직임이나 개선했으면 좋겠다.,완벽하게 만족하진 않았지만 그럭저럭 . 다음 작 에선 캐릭터 움직임 이나 개선 했으면 좋겠다 .,2018-11-26 21:10:40
377160,Fallout 4,positive,"일단 재밌다 근데 3, 베가스가 더 재밌는게 함정","일단 재밌다 근데 3 , 베가스 가 더 재밌는게 함정",2018-11-26 21:05:26
377160,Fallout 4,positive,스카이림 처럼 모드설치 안하고 해도 할만한 게임,스카이림 처럼 모드 설치 안 하고 해도 할만 한 게임,2018-11-26 20:55:31
377160,Fallout 4,positive,명작중에 하나 필히 해보세요,명작 중 에 하나 필히 해보세요,2018-11-26 20:42:42
377160,Fallout 4,positive,"1) 스카이림을 잼게 했다면 이것도 나름 즐길 수 있음. 총든 스카이림 2) 모드는 선택이 아니라 필수 3) 동료시스템은 재미있게 잘 되어있음. 대부분 동료가 몹잡는데 도움은 안되는데, 말이 많아서 가는 길이 지루하지는 않음 4) 빌리징이 취향이라면 시간이 녹아내림. 아니라면 미닛맨과 손절해야... 5) 어떻게 하든 찜찜함이 남는 엔딩인데, 적어도 생각할 거리를 주려 노력한 것은 보임 6) 뉴베가스보다 좋은 폴아웃은 아닐 수 있지만 모험 RPG로는 상당히 잼는 게임 7) 모션은 여전히 개구림, 고칠 생각이 없는듯... 그","1 ) 스카이림 을 잼 게 했다면 이 것 도 나름 즐길 수 있음 . 총 든 스카이림 2 ) 모드 는 선택 이 아니라 필수 3 ) 동료 시스템 은 재미있게 잘 되어있음 . 대부분 동료 가 몹 잡는데 도움 은 안되는데 , 말 이 많아서 가는 길이 지루하지는 않음 4 ) 빌리 징 이 취향 이 라면 시간 이 녹아내림 . 아니라면 미닛맨 과 손절 해야 ... 5 ) 어떻게 하든 찜찜함이 남는 엔딩 인데 , 적어도 생각 할 거리 를 주려 노력 한 것 은 보임 6 ) 뉴 베가스 보다 좋은 폴아웃 은 아닐 수 있지만 모험 RPG 로는 상당히 잼는 게임 7 ) 모션 은 여전히 개 구림 , 고칠 생각 이 없는듯 ... 그",2018-11-26 02:20:22
377160,Fallout 4,positive,"각 팩션의 매력이 좀 덜한느낌... 결국 하나를 선택해야 하는데, 그 과정에 무한 반복퀘로 채워지는 부분은 아쉽다. 그래도 기나긴 플탐을 보장해주는 웰메이드 게임.","각 팩션 의 매력 이 좀 덜한 느낌 ... 결국 하나 를 선택 해야 하는데 , 그 과정 에 무한 반복 퀘 로 채워지는 부분 은 아쉽다 . 그래도 기나긴 플 탐을 보장 해주는 웰 메이드 게임 .",2018-11-26 01:04:47
377160,Fallout 4,positive,쓰레기를 게임으로 바꾸는 유저들의 힘,쓰레기 를 게임 으로 바꾸는 유저 들 의 힘,2018-11-25 21:48:57
377160,Fallout 4,positive,부족한 점도 분명 있지만 재밌다 정말,부족한 점도 분명 있지만 재밌다 정말,2018-11-25 21:19:43
377160,Fallout 4,positive,금방 질려서 오래 할 게임은 아닌거 같다.,금방 질려서 오래 할 게임 은 아닌거 같다 .,2018-11-25 20:09:51
377160,Fallout 4,positive,"스카이림부터 나아지지않은 고질적인 버그, 거지같은 모션 스카이림에서 조금 괜찮아진 그래픽 그냥 총든 스카이림 하지만 모드하나로 모두가 하나가 되는 전설적인 갓겜","스카이림 부터 나아지지 않은 고질 적 인 버그 , 거지같은 모션 스카이림 에서 조금 괜찮아진 그래픽 그냥 총 든 스카이림 하지만 모드 하나로 모두 가 하나 가 되는 전설 적 인 갓 겜",2018-11-25 18:31:15
377160,Fallout 4,positive,꿀잼,꿀잼,2018-11-25 18:26:23
377160,Fallout 4,positive,재밌음,재밌음,2018-11-25 18:18:17
377160,Fallout 4,positive,War never changes.,War never changes .,2018-11-25 17:52:51
377160,Fallout 4,positive,불편한 하우징이나 버그 같은걸 제외하면 꽤나 재밌습니다 특히 전작에 비해 모션이 개선된게 마음에 듬,불편한 하우 징 이나 버그 같은걸 제외 하면 꽤 나 재밌습니다 특히 전작 에 비해 모션 이 개선 된게 마음 에 듬,2018-11-25 16:24:33
377160,Fallout 4,positive,Very GOOD,Very GOOD,2018-11-25 16:02:15
377160,Fallout 4,positive,내가 폴아웃3하고폴아웃4 하고 이제 폴아웃76까지했는데 이게임은 뭘찾기만함 3편은 아빠 4편은 아들 76은 사람을찾아야함 76은 스토리도 없어.... 폴아웃4 사세요 이게 더 나아요 이거사세여 저는 폴아웃5가 나와도살거임,내 가 폴아웃 3 하고 폴아웃 4 하고 이제 폴아웃 76 까지 했는데 이 게임 은 뭘 찾기 만 함 3 편 은 아빠 4 편 은 아들 76 은 사람 을 찾아 야함 76 은 스토리 도 없어 .... 폴아웃 4 사세요 이 게 더 나아요 이 거사 세 여 저 는 폴아웃 5 가 나 와도 살거 임,2018-11-25 15:39:56
377160,Fallout 4,positive,사탄도 거르는 가비,사탄 도 거르 는 가비,2018-11-25 02:06:31
377160,Fallout 4,positive,3이나 베가스가 더 낫다는 분들 솔직히 지금 4하다가 그거 못합니다. 그냥 4 사세요 여러분.,3 이나 베가스 가 더 낫다 는 분들 솔직히 지금 4 하다가 그거 못 합니다 . 그냥 4 사세요 여러분 .,2018-11-25 01:07:17
377160,Fallout 4,positive,모드깔면 꿀잼,모드 깔면 꿀잼,2018-11-24 20:46:38
377160,Fallout 4,positive,Das ist ein sehr gutes Spiel ! Mamby... XD,Das ist ein sehr gutes Spiel ! Mamby ... XD,2018-11-24 17:04:00
377160,Fallout 4,positive,언제나 즐거운 커먼웰스 방사능 드링킹,언제나 즐거운 커먼웰스 방사 능 드링킹,2018-11-24 16:28:50
377160,Fallout 4,positive,매우 재미있음! 액션도 리얼타임or턴제 선택하며 진행할 수 있고 마을 건설하는 것도 생각보다 재미있음,매우 재미있음 ! 액션 도 리얼타임 or 턴제 선택 하며 진행 할 수 있고 마을 건설 하는 것 도 생각 보다 재미있음,2018-11-24 12:01:13
377160,Fallout 4,positive,역시 모드질이 갑이죠!!,역시 모드 질 이 갑이죠 !!,2018-11-24 02:44:54
377160,Fallout 4,positive,절대 모드 깔아 쓰십쇼,절대 모드 깔아 쓰십 쇼,2018-11-24 00:43:56
377160,Fallout 4,positive,폴아웃76을 보니존나 쩌는 게임임 ㄹㅇ 일단 NPC도 존나 많아 글고 스토리도 있어 스토리 별로고 뭐고 76보니 이게 최고야 기계 로봇 아무튼 76보다 좋음,폴아웃 76 을 보니 존나 쩌 는 게임 임 ㄹㅇ 일단 NPC 도 존나 많아 글 고 스토리 도 있어 스토리 별로 고 뭐 고 76 보니 이 게 최고 야 기계 로봇 아무튼 76 보다 좋음,2018-11-23 23:46:02
377160,Fallout 4,positive,꿀잼,꿀잼,2018-11-23 23:33:24
377160,Fallout 4,positive,버그가 문제지만 모드질때문에 멈출수 없는게임^^,버그 가 문제 지만 모드 질 때문 에 멈출수 없는 게임 ^^,2018-11-23 20:34:01
377160,Fallout 4,positive,good,good,2018-11-23 19:29:18
377160,Fallout 4,positive,음...재밌는데?,음 ... 재밌는데 ?,2018-11-23 19:09:48
377160,Fallout 4,positive,잘만든 게임이긴한데 스카이림보다 손이 안가는 군요.,잘만 든 게임 이긴한데 스카이림 보다 손 이 안 가는 군요 .,2018-11-23 18:49:34
377160,Fallout 4,positive,진짜 재밌는데 하필 제작사가 흠.. 재밌긴 진짜 재밌음 한글화 만든 사람을 상주자,진짜 재밌는데 하필 제작사 가 흠 .. 재밌긴 진짜 재밌음 한글화 만든 사람 을 상주 자,2018-11-23 18:22:18
377160,Fallout 4,positive,하우징에만 시간을 쓰는게 대부분이다 여행하는 재미도 있지만 아무튼 하우징에 시간을 쓴다....,하우 징 에만 시간 을 쓰는게 대부분 이다 여행 하는 재미 도 있지만 아무튼 하우 징 에 시간 을 쓴다 ....,2018-11-23 18:14:23
377160,Fallout 4,positive,재미있습니다.,재미있습니다 .,2018-11-23 16:02:08
377160,Fallout 4,positive,처음 내용은 아버지가 아들을 찾기위해서 고군분투 하는 스토리 이지만 후반부로 갈수록 다른사람들 과 의사소통 을 하면서 즐기는 게임인데... 결말은 다들 아시다시피 별 감흥이 없지만 게임성 하나는 대단합니다.,처음 내용 은 아버지 가 아들 을 찾기 위해 서 고군 분투 하는 스토리 이지만 후반 부로 갈수록 다른사람 들 과 의사소통 을 하면서 즐기는 게임 인데 ... 결말 은 다 들 아시다시피 별 감흥 이 없지만 게임 성 하나 는 대단합니다 .,2018-11-23 15:36:54
377160,Fallout 4,positive,멀티가 안 되서 다행인 게임,멀티 가 안 되서 다행 인 게임,2018-11-23 12:38:51
377160,Fallout 4,positive,모두를 위한 모드게임,모두 를 위 한 모드 게임,2018-11-23 12:03:59
377160,Fallout 4,positive,할인할때 구매하세오,할인 할 때 구매 하세오,2018-11-23 11:23:22
377160,Fallout 4,positive,76이 망하고 다시 4로....,76 이 망하고 다시 4 로 ....,2018-11-23 09:15:20
377160,Fallout 4,positive,스토리가 별로다 뭐다 게임성이 별로다 베데스다 이름값에 비해 많이 떨어지는건 사실이지만 오래 붙잡고 황무지 돌아다니며 탐험하는 재미도 엄청나다는것도 사실...,스토리 가 별로 다 뭐 다 게임 성 이 별로 다 베데스다 이름 값 에 비해 많이 떨어지는건 사실 이지만 오래 붙잡고 황무지 돌아다니며 탐험 하는 재미 도 엄청나다는것도 사실 ...,2018-11-23 03:10:25
377160,Fallout 4,positive,버티버드를 타고 보스턴을 비행하며 보는 세기말적 풍경이 보기가 좋습니다 ㅋㅋ,버티 버드 를 타고 보스턴 을 비행 하며 보는 세기말 적 풍경 이 보기 가 좋습니다 ㅋㅋ,2018-11-22 22:39:03
377160,Fallout 4,positive,재미있지만 이야기의 재미가 조금 떨어지네요..,재미있지만 이야기 의 재미 가 조금 떨어지네요 ..,2018-11-22 22:37:14
377160,Fallout 4,positive,폴아웃4는 정말 좋은 게임인데 기나긴 로딩시간이랑 버그때문에 2% 아쉬움.,폴아웃 4 는 정말 좋은 게임 인데 기나긴 로딩 시간 이랑 버그 때문 에 2% 아쉬움 .,2018-11-22 22:30:58
377160,Fallout 4,positive,정가주고 사지말고 세일할떄 주고 사면 할만함,정가 주고 사지 말고 세 일 할떄 주고 사면 할만 함,2018-11-22 21:57:20
377160,Fallout 4,positive,고놈의 파이프총 그만좀 나와라!,고 놈 의 파이프 총 그만 좀 나와라 !,2018-11-22 21:05:20
377160,Fallout 4,positive,"재밌었음 전작보다 스토리성이 퇴보했다, 모션은 여전히 쓰레기다 하지만 그 밋밋한 타격감이 많이 개선되서 쏘는 맛이있다는게 정말 좋음 게임을 스토리랑 세계관 딸로 플레이 할수는 없는거니까 스토리도 그렇게 나쁘지 않음, 적절히 몰입하기 좋은 스토리고 몇몇 겜 스토리에 비하면 폴아웃4 스토리면 충분히 ㅅㅌㅊ라고 봄 특히 세기말에 하다못해 잡상인npc들과 떠들수있다는게 정말좋고 신파요소+알고보니내가니애비+인스티튜트는 사실 착한놈이어따 식상하긴해도 재미없진않음 단점은 버그, 나온지 꽤 됐는데 아직도 무한로딩이 존재하고 난 하우징 같은거 하","재밌었음 전작 보다 스토리 성 이 퇴보했다 , 모션 은 여전히 쓰레기 다 하지만 그 밋밋한 타 격감 이 많이 개선 되서 쏘는 맛 이 있다는게 정말 좋음 게임 을 스토리 랑 세계관 딸 로 플레이 할수는 없는거니까 스토리 도 그렇게 나쁘지 않음 , 적절히 몰입 하기 좋은 스토리 고 몇몇 겜 스토리 에 비 하면 폴아웃 4 스토리 면 충분히 ㅅㅌㅊ 라고 봄 특히 세기말 에 하다못해 잡상인 npc 들과 떠들수있다는게 정말 좋고 신파 요소 + 알 고 보니내가니 애비 + 인스티튜트 는 사실 착한 놈 이 어따 식상하긴 해도 재미없진 않음 단점 은 버그 , 나온지 꽤 됐는데 아직도 무한 로딩 이 존재 하고 난 하우 징 같은거 하",2018-11-22 20:52:40
377160,Fallout 4,positive,Quite good,Quite good,2018-11-22 20:50:16
377160,Fallout 4,positive,"장점: 1. 커먼웰스를 자유롭게 돌아다니며 탐험을 하고 파밍을 하는 오픈월드의 맛을 제대로 느낄 수 있다. 이 게임을 추천하는 가장 큰 이유. 2. 시리즈 최초로 주인공이 음성으로 말을 하는데 대화 선택지 중 '빈정대기'를 선택하면 재밌는 대사가 상당히 많이 나온다. 주인공 뿐만 아니라 동료를 데리고 다닐 경우 동료와의 상호작용도 다채롭다. 3. 적들 대부분의 움직임이 현란해졌으며 특히 야생 구울들은 플레이어를 향해 도약까지 한다. 또한, VATS는 더 이상 시간을 멈추지 않고 무기의 개조에 따라 소모 AP도 늘어나게 되는 등 전작","장점 : 1 . 커먼웰스 를 자유롭게 돌아다니며 탐험 을 하고 파밍 을 하는 오픈월드 의 맛 을 제대로 느낄 수 있다 . 이 게임 을 추천 하는 가장 큰 이유 . 2 . 시리즈 최초 로 주인공 이 음성 으로 말 을 하는데 대화 선택 지 중 ' 빈정대기 ' 를 선택 하면 재밌는 대사 가 상당히 많이 나온다 . 주인공 뿐 만 아니라 동료 를 데리 고 다닐 경우 동료 와의 상호작용 도 다채롭다 . 3 . 적 들 대부분 의 움직임 이 현란해졌으며 특히 야생 구울 들 은 플레이어 를 향 해 도약 까지 한다 . 또한 , VATS 는 더 이상 시간 을 멈추지 않고 무기 의 개조 에 따라 소모 AP 도 늘어나게 되는 등 전작",2018-11-22 20:50:14
377160,Fallout 4,positive,수많은 모드들을 즐기신 후 항상 감사하십시오. 누드패치를 하셨다면 방문을 닫고 하시길 추천드립니다.,수많은 모드 들 을 즐기신 후 항상 감사하십시오 . 누드 패치 를 하셨다면 방문 을 닫고 하시길 추천 드립니다 .,2018-11-22 19:53:30
377160,Fallout 4,positive,재밌습니다.,재밌습니다 .,2018-11-22 19:23:17
377160,Fallout 4,positive,할것이 어마어마 하게 많아서 시간이 금방 지나가는 게임,할것이 어마 어마 하게 많아서 시간 이 금방 지나가는 게임,2018-11-22 17:45:46
377160,Fallout 4,positive,말많고 탈많아도 진국이다,말 많고 탈 많아도 진국 이다,2018-11-22 16:10:26
377160,Fallout 4,positive,재미있어요 무기개조하는 맛이 쏠쏠하네요 ㅎㅎ,재미있어요 무기 개조 하 는 맛 이 쏠쏠하네요 ㅎㅎ,2018-11-22 15:29:06
377160,Fallout 4,positive,밤새가면서 게임해본게 정말 오랜만이다,밤새가면서 게임 해본게 정말 오랜 만이 다,2018-11-22 14:42:22
377160,Fallout 4,positive,인생게임,인생게임,2018-11-22 13:24:00
377160,Fallout 4,positive,"스토리의 반전, 그래픽, 다양한 사이드 퀘스트, 그리고 라디오! 충분히 추천할만한 게임이다. 시민참여형 정부도 아니고, 유저참여형 게임을 만들겠다는 건지 덜 만든 게임을 유저가 모드로 완성시키는 베데스타의 모습은 전통으로 자리잡은 것 같다.","스토리 의 반전 , 그래픽 , 다양한 사이드 퀘스트 , 그리고 라디오 ! 충분히 추천 할만 한 게임 이다 . 시민 참여 형 정부 도 아니고 , 유저 참여 형 게임 을 만들겠다는 건지 덜 만든 게임 을 유저 가 모드 로 완성 시키는 베데 스타 의 모습 은 전통 으로 자리 잡은 것 같다 .",2018-11-22 13:16:31
377160,Fallout 4,positive,베데스다라고 하면 기대치가 높은듯. 게임은 재미있음. 개인적으로 마을 건설같은건 귀찮았음. 마을주민 만족도도 괜히 신경쓰이고. 시즌패스 제 가격주고 사기엔 너무 비쌈,베데스다 라고 하면 기 대 치가 높은듯 . 게임 은 재미있음 . 개인 적 으로 마을 건설 같은건 귀찮았음 . 마을 주민 만족도 도 괜히 신경 쓰이고 . 시즌 패스 제 가격 주고 사기 엔 너무 비쌈,2018-11-22 12:59:30
377160,Fallout 4,positive,본격아들찾는게임,본격 아들 찾는 게임,2018-11-22 12:12:05
377160,Fallout 4,positive,똥오줌 발싸,똥 오줌 발 싸,2018-11-22 11:23:16
377160,Fallout 4,positive,그저 인생게임,그저 인생게임,2018-11-22 10:49:34
377160,Fallout 4,positive,나 혼자? 뭐라도 줘야하는 거 아니야? 물론 있지 미니건 미니건! 그리고 파워아머 파워아머! 아주 완벽해! 이 갓게임을 당신에게 추천합니다. 그리고 여기에 당신의 도움이 필요한 정착지가 있습니다.,나 혼자 ? 뭐라도 줘 야하는 거 아니야 ? 물론 있지 미니건 미니건 ! 그리고 파워 아 머 파워 아 머 ! 아주 완벽해 ! 이 갓 게임 을 당신 에게 추천 합니다 . 그리고 여기 에 당신 의 도움 이 필요한 정착 지 가 있습니다 .,2018-11-22 10:40:15
377160,Fallout 4,positive,재밌습니다. 76은 ...,재밌습니다 . 76 은 ...,2018-11-22 10:37:58
377160,Fallout 4,positive,폴아웃 4는 폴아웃 4다!!,폴아웃 4 는 폴아웃 4 다 !!,2018-11-22 10:25:59
377160,Fallout 4,positive,핵전쟁 이후 지구를 잘 표현한 게임입니다. 게임내에 선택에 대한 자유도가 높고 무기 개조 방어구 개조 하우징 시스템등이 재미있습니다.,핵전쟁 이후 지구 를 잘 표현 한 게임 입니다 . 게임 내 에 선택 에 대한 자유도 가 높고 무기 개조 방어 구 개조 하우 징 시스템 등 이 재미있습니다 .,2018-11-22 09:23:12
377160,Fallout 4,positive,핵전쟁 후의 세계를 탐험할수 있는 게임,핵전쟁 후의 세계 를 탐험 할수 있는 게임,2018-11-22 09:13:15
377160,Fallout 4,positive,폴아웃은 언제나 재미있다... 그래서 폴아웃 76도 사버리는 만행도 저질렀고.... ............,폴아웃 은 언제나 재미있다 ... 그래서 폴아웃 76 도 사 버리는 만행 도 저질렀고 .... ............,2018-11-22 07:39:27
377160,Fallout 4,positive,기대보다는 좀..,기대 보다는 좀 ..,2018-11-21 22:58:38
377160,Fallout 4,positive,다시보니 선녀같다,다시 보니 선녀 같다,2018-11-20 17:32:21
377160,Fallout 4,positive,뭐냐 이 갓겜은,뭐 냐 이 갓 겜 은,2018-11-20 05:58:11
377160,Fallout 4,positive,이황무지에서 믿을만한건 도그밋너뿐이야 사랑해...223334 이제막 정착지 만들고 집지은사람이지만 전반적으로 만족하면서 플레이하고있음 버그떄문에꺼지거나 로딩시간 엄청긴거빼면 괜찮은듯... 저장된거불러오면꺼지길래 부캐만들어서다시진행중인데 이제꺼지는버그는안생김... +램엄청잡아먹어서 겜할때 다른 프로그램못킴,이 황무지 에서 믿을만한 건 도 그 밋 너뿐이야 사랑 해 ... 223334 이 제 막 정착 지 만들고 집지은 사람 이지만 전반 적 으로 만족하면서 플레이 하고있음 버그 떄문 에 꺼지거나 로딩 시간 엄청 긴거 빼면 괜찮은 듯 ... 저장 된거 불러오면꺼지길래 부캐 만 들어서다시 진행중 인데 이제 꺼 지는 버그 는 안 생김 ... + 램 엄청 잡아먹어서 겜 할 때 다른 프로그램 못킴,2018-11-19 23:42:49
377160,Fallout 4,positive,취향 탐,취향 탐,2018-11-19 23:22:15
377160,Fallout 4,positive,Tomb raider 다음으로 잼있긴 했음 선택지가 많아서 특별하기도 했고 추천함,Tomb raider 다음 으로 잼있긴 했음 선택 지 가 많아서 특별하기도 했고 추천 함,2018-11-18 12:17:27
377160,Fallout 4,positive,재밌지만 버그나 불편함이 많음 로딩화면은 왤케 쳐많은지 우리 애가 머리는 좋은데 공부를 못하는 그런 느낌이 있음 열심히 하면 더 잘할수있을텐데 싶은데 안함 아마 영원히 안될듯,재밌지만 버그 나 불편함이 많음 로딩 화면 은 왤케 쳐 많은지 우리 애가 머리 는 좋은데 공부 를 못 하는 그런 느낌 이 있음 열심히 하면 더 잘 할수있을텐데 싶은데 안함 아마 영원히 안될듯,2018-11-17 22:20:28
377160,Fallout 4,positive,수작임인 틀림없다. 하지만 띵작은 아닌듯,수작 임인 틀림없다 . 하지만 띵작 은 아닌듯,2018-11-16 22:06:40
377160,Fallout 4,positive,DLC가 좀 비싸서 불만이 있지만 게임자체는 재미있네,DLC 가 좀 비싸서 불만 이 있지만 게임 자체 는 재미있네,2018-11-16 02:26:17
377160,Fallout 4,positive,갓겜,갓 겜,2018-11-15 23:37:39
377160,Fallout 4,positive,토드하워드 씨발새끼야,토드 하워드 씨발 새끼 야,2018-11-14 20:34:41
377160,Fallout 4,positive,이건 넘모 재밌자너;;,이건 넘 모 재밌자 너 ;;,2018-11-12 23:31:07
377160,Fallout 4,positive,"재미는 확실한데 싱크홀이 너무 많다 장점 역시 대기업게임 뭘해도 곶통인 메인스토리 단점 버그 그버 ""버그"" 뻐끄 bug bugs Bug 구석이 빈 스토리 스토리는 구멍이 뚫리긴 했지만 흥미로웠고 20세기 미국 감성좀 살린 디자인 느낌이라던지 세세한 부분은 맘에 들었지만 나머지는 태클걸 부분이 많았습니다. 모드는 그냥 하기싫어서 DLC세일이나 기다리고 있는데 바닐라 대부분 돈상태에서 약80시간 먹었습니다. 인터페이스는 평타 조작감은 좀 적응이 필요했습니다.","재미 는 확실한데 싱크홀 이 너무 많다 장점 역시 대기업 게임 뭘 해도 곶 통인 메인 스토리 단점 버그 그버 "" 버그 "" 뻐끄 bug bugs Bug 구석 이 빈 스토리 스토리 는 구멍 이 뚫리긴 했지만 흥미로웠고 20 세기 미국 감성 좀 살린 디자인 느낌 이라 던지 세세한 부분 은 맘 에 들었지만 나머지 는 태클 걸 부분 이 많았습니다 . 모드 는 그냥 하기 싫어서 DLC 세 일 이나 기다리고 있는데 바닐라 대부분 돈 상태 에서 약 80시간 먹었습니다 . 인터페이스 는 평타 조작 감은 좀 적응 이 필요했습니다 .",2018-11-09 22:27:00
377160,Fallout 4,positive,이런 미친... 모드 없이 731시간을 플레이 했다.,이런 미친 ... 모드 없이 731시간 을 플레이 했다 .,2018-11-09 21:22:23
377160,Fallout 4,positive,더해봐야지 알듯,더 해봐야지 알듯,2018-11-07 21:45:58
377160,Fallout 4,positive,갓-갓,갓 - 갓,2018-11-05 21:57:12
377160,Fallout 4,positive,"1회차 레일로드엔딩보고 2회차 아들래미엔딩보고 3회차 생존모드로 해보고 4회차는 인성쓰레기, 현실적 루팅모드로 해보고 있는데 너무 재밌다. 4회차가 되서야 모드 이것저것 해보는데 순정이랑은 또 다른 재미가 있어서 게임을 오래하게 되는 듯 하다. 4회차를 하는데도 이전 회차에서 발견못한 것들이 조금씩 존재해서 이런게 있었어? 하게 된다. 아마 공략 안보고서야 도전과제 100퍼센트는 못할 듯. 폴아웃3랑 뉴베가스를 안해보고 폴아웃4부터 해보고 있어서 그런지 더 재밌게 하고 있다. 스카이림이랑은 다른 느낌으로 매력적인 갓겜.","1회 차 레일로드 엔딩 보고 2회 차 아들 래미 엔딩 보고 3회 차 생존 모드 로 해보고 4회 차는 인성 쓰레기 , 현실 적 루팅 모드 로 해보고 있는데 너무 재밌다 . 4회 차가 되 서야 모드 이 것 저 것 해보는데 순정 이랑은 또 다른 재미 가 있어서 게임 을 오래 하게 되는 듯 하다 . 4회 차를 하는데도 이전 회차 에서 발견 못 한 것 들 이 조금씩 존재 해서 이런게 있었어 ? 하게 된다 . 아마 공략 안보 고서 야 도전 과제 100 퍼센트 는 못 할 듯 . 폴아웃 3 랑 뉴 베가스 를 안 해보고 폴아웃 4 부터 해보고 있어서 그런지 더 재밌게 하고 있다 . 스카이림 이랑은 다른 느낌 으로 매력 적 인 갓 겜 .",2018-11-05 19:16:15
377160,Fallout 4,positive,1080TI 그래픽 카드로 바닐라 플레이 하다가 블루스크린 뜨는거 보고 깜짝놀랐다. 여러분 이 게임은 최적화&버그Fix 모드가 선택이 아닌 필수입니다. 버그 ㅈ망겜인데 재미는 있네 쉬벌,1080 TI 그래픽 카드 로 바닐라 플레이 하다가 블루 스크린 뜨는거 보고 깜짝 놀랐다 . 여러분 이 게임 은 최적화 & 버그 Fix 모드 가 선택 이 아닌 필수 입니다 . 버그 ㅈ 망겜 인데 재미 는 있네 쉬벌,2018-11-05 17:43:24
377160,Fallout 4,positive,인류의 번영을 위하여 인스티튜드에 가입합시다. 이것만 기억하세요,인류 의 번영 을 위 하여 인스티튜드 에 가입 합시다 . 이 것 만 기억 하세요,2018-11-05 10:28:36
377160,Fallout 4,positive,ㄸ인데 맛있는 ㄸ 베데씨댕은 제발 다음에 만들때는 감도좀 개선시키자. 무슨 비누밞고 미끄러지는 느낌이야,ㄸ 인데 맛있는 ㄸ 베데 씨댕 은 제발 다음 에 만들 때 는 감도 좀 개선 시키자 . 무슨 비누밞 고 미끄러지는 느낌 이야,2018-11-04 09:38:35
377160,Fallout 4,positive,"자주 발생하는 버그와 렉, 긴 로딩시간, 뚝뚝 끊기는 프레임. 부족한 튜토리얼과 게임 설명, 너무 과하게 많고 의미없는 스킬들. 대화 선택에 있어 아쉬운 진행 그리고 짜증나는 몇 개의 퀘스트들. 그 외에도 아쉬운 부분이 너무 많은 게임이고 '덜 만들었나' 하는 느낌이 드는 게임. 하지만 그 모든 단점들을 감안하고도 매력적인 세계관과 엄청난 몰입감. 너무 재미있는 게임입니다. 진짜 가격 값은 하는 게임. 10점 만점에 8점","자주 발생 하는 버그 와 렉 , 긴 로딩 시간 , 뚝뚝 끊기는 프레임 . 부족한 튜토리얼 과 게임 설명 , 너무 과 하게 많고 의미 없는 스킬 들 . 대화 선택 에 있어 아쉬운 진행 그리고 짜증나는 몇 개 의 퀘스트 들 . 그 외 에도 아쉬운 부분 이 너무 많은 게임 이고 ' 덜 만들었나 ' 하는 느낌 이 드는 게임 . 하지만 그 모든 단점 들 을 감안 하고도 매력 적 인 세계관 과 엄청난 몰입 감 . 너무 재미있는 게임 입니다 . 진짜 가격 값 은 하는 게임 . 10 점 만점 에 8 점",2018-11-01 16:00:27
377160,Fallout 4,positive,가을 출타다. 한글이 필요하다. 그 외에 더 무엇이 필요할까?,가을 출타 다 . 한글 이 필요하다 . 그 외 에 더 무엇 이 필요할까 ?,2018-10-31 22:15:40
377160,Fallout 4,positive,"다 좋은 데, 76을 만들 시간에 5나 만들어라!","다 좋은 데 , 76 을 만들 시간 에 5 나 만들어라 !",2018-10-30 15:48:35
377160,Fallout 4,positive,꿀잼 근데 DLC가 비싸,꿀잼 근데 DLC 가 비싸,2018-10-30 15:15:02
377160,Fallout 4,positive,"[그래픽 평]: 내 컴이 GTX750ti인데도 잘 돌아간다. 문제는 ㅅㅂ 개 ㅈ같은 로딩. [스토리 평]: 냉동시몬스침대에서 개꿀잠하다가 눈앞에서 마누라를 잃고 아들이 납치 당하니 모든것이 눈깔 뒤집혀져서 캘로그를 아침먹는 시리얼처럼 와구와구 씹어주고 부랄더후두와 미닛맨 퀘스트하며 인스티튜드로 들어가보니 오매 시부랄 하는 전개가 왔다. 내 아들이 ""아빠""라니.. [연애물 평]: 군부심 댄스가 스스로 깡통이라는 걸 깨닫고 조낸 혼란스러워 나한테 앵기니 커엽.","[ 그래픽 평 ]: 내 컴 이 GTX 750 ti 인데도 잘 돌아간다 . 문제 는 ㅅㅂ 개 ㅈ 같은 로딩 . [ 스토리 평 ]: 냉동 시몬 스침 대에서 개 꿀잠 하 다가 눈앞 에서 마누라 를 잃고 아들 이 납치 당하니 모든 것 이 눈 깔 뒤집혀져서 캘 로그 를 아침 먹는 시리얼 처럼 와구 와구 씹어주고 부랄 더후 두 와 미닛맨 퀘스트 하며 인스티튜드 로 들어가 보니 오매 시부랄 하는 전개 가 왔다 . 내 아들 이 "" 아빠 "" 라니 .. [ 연 애물 평 ]: 군 부심 댄스 가 스스로 깡통 이라는 걸 깨닫고 조 낸 혼란 스러워 나 한테 앵 기니 커엽 .",2018-10-28 14:29:05
377160,Fallout 4,positive,재미있음,재미있음,2018-10-25 00:07:25
377160,Fallout 4,positive,"재밌다, 50시간은 순식간에 지나갈것같은 볼륨,괜찮은 최적화 다양한 몬스터 등등 고티에디션으로 구매했는데 진짜 잘산거같다. 역시 베데스다 폴아웃76가 기대된다.","재밌다 , 50시간 은 순식간 에 지나갈것 같은 볼륨 , 괜찮은 최적화 다양한 몬스터 등등 고티에 디션 으로 구매 했는데 진짜 잘산거 같다 . 역시 베데스다 폴아웃 76 가 기대 된다 .",2018-10-24 22:44:30
377160,Fallout 4,positive,발렌타인 멋져,발렌타인 멋져,2018-10-23 21:49:34
377160,Fallout 4,positive,"170시간 플레이함 - 장점 재밌음 - 단점 모드 시이이이이바아알, 기본 안한글화 기본 5점 시작 재밌음 +10 모드적용의 거지같음 -5 베데스다 한글내놔 -1 [b]총점 10점 중 9점[/b] 도그밋♥ 폴아웃4에 멀티를 더해서 폴아웃76이라고 하기엔 폴아웃4에서 빼먹은게 쥬우우우우운나 많아 벳에스다 띱때들아ㅜㅜ 출시 6일만에 할인이라니 배신당한 기분 폴76과 비교하면 폴4는 신의 게임임","170시간 플레이 함 - 장점 재밌음 - 단점 모드 시 이이이 이바 아 알 , 기본 안 한글화 기본 5 점 시작 재밌음 + 10 모드 적 용의 거지같음 - 5 베데스다 한글 내놔 - 1 [ b ] 총 점 10 점 중 9 점 [/ b ] 도그밋 ♥ 폴아웃 4 에 멀티 를 더해서 폴아웃 76 이라고 하기엔 폴아웃 4 에서 빼먹 은 게 쥬 우우 우우 운 나 많아 벳에스 다 띱때들 아 ㅜㅜ 출시 6일 만에 할인 이라니 배신 당 한 기분 폴 76 과 비교 하면 폴 4 는 신의 게임 임",2018-10-23 00:01:54
377160,Fallout 4,positive,DLC까지 다 구매해 플레이한 후기입니다. 개개인마다 호불호는 갈리겠지만 개인적으로 저는 인생에서 한번쯤은 해봐야하는 게임이라고 생각합니다 장점 - 포스트 아포칼립스 세계를 이렇게 멋지게 비주얼로 구현해냈다는거에 박수 X 1000 (물론 폴아웃3도 비주얼 좋지만 폴3은 하다보면 괜히 마음이 삭막해짐) - 전작에 비해 훨씬 나아진 전투 타격감 - 스토리를 많이 까기는 하나 저는 개인적으로 엄청 몰입하면서 플레이할 수 있을 정도로 스토리 탄탄했다고 생각 - 동료들이 하나같이 매력적임 - 곳곳에 디테일하게 배치된 요소들이 세계관을 더,DLC 까지 다 구매 해 플레이 한 후기 입니다 . 개개인 마다 호불호 는 갈리겠지만 개인 적 으로 저 는 인생 에서 한번 쯤 은 해봐 야하는 게임 이라고 생각 합니다 장점 - 포스트 아포칼립스 세계 를 이렇게 멋지게 비주 얼 로 구현 해냈다는거에 박수 X 1000 ( 물론 폴아웃 3 도 비주 얼 좋지만 폴 3 은 하다 보면 괜히 마음 이 삭막해 짐 ) - 전작 에 비해 훨씬 나아진 전투 타 격감 - 스토리 를 많이 까 기는 하나 저 는 개인 적 으로 엄청 몰입 하면서 플레이 할 수 있을 정도 로 스토리 탄탄했다고 생각 - 동료 들 이 하나같이 매력 적임 - 곳곳 에 디테 일하게 배치 된 요소 들 이 세계관 을 더,2018-10-22 16:32:41
377160,Fallout 4,positive,재밋긴 재밋는데 버그하고 가끔씩 무한로딩걸리는게 아쉽,재밋긴 재밋는데 버그 하고 가끔 씩 무한 로딩 걸리는게 아쉽,2018-10-21 22:10:55
377160,Fallout 4,positive,개인취향 호불호 대부분 인정하지만 폴아웃4 왜 복합적인지 이해하기 쉽지않다. 이정도 게임이라면 당연 모든평가 기준 대체로 긍정적이상 이어야할듯싶지만 뭐.. 내 개인적인 생각인거니 ^^; 기존 400시간이상했었던 폴아웃4를 이번할인으로 스팀버전으로 다시 진행중이다. 역시나 모드를 통해 이것저것 해보는 재미가 쏠솔하다 ㅎㅎ 폴아웃을 해보지않은사람이라면 이번 고티에디션 할인구매를 통해 꼭 경험해보시길 강추:),개인 취향 호불호 대부분 인정 하 지만 폴아웃 4 왜 복합 적 인지 이해 하기 쉽지 않다 . 이정 도 게임 이 라면 당 연 모든 평가 기준 대체로 긍정 적 이상 이어 야할듯 싶지만 뭐 .. 내 개인 적 인 생각 인거 니 ^^; 기존 400시간 이상했었던 폴아웃 4 를 이번 할인 으로 스팀 버전 으로 다시 진행중 이다 . 역시 나 모드 를 통해 이 것 저 것 해보는 재미 가 쏠솔 하 다 ㅎㅎ 폴아웃 을 해보지 않은 사람 이 라면 이번 고티에 디션 할인 구매 를 통해 꼭 경험 해보시길 강추 :),2018-10-21 08:48:24
377160,Fallout 4,positive,"44시간 플레이하고 작성합니다 폴아웃4는 폴아웃 시리즈중에서는 꽤나 많이 발전된 게임입니다. 제가 3를 하다가 컴퓨터를 바꾸고 10으로 넘어오게 되면서 못하게 되서 울면서 4를 친구에게 추천받고 사서 하고 있는데, 정말이지 즐거워요. 물론 대화 시스템이 매우 아쉽긴 합니다 스토리보단 그 외에 것에도 볼 게 참 많은 게임입니다. 폐허가 되어버린 세상에서 그 폐허 속에서 살아가는 사람들은 정말이지 미쳐돌아가고 있어요. 당신도 미치실 자신이 있다면 꼭 해보세요","44시간 플레이 하고 작성 합니다 폴아웃 4 는 폴아웃 시리즈 중 에서는 꽤 나 많이 발전 된 게임 입니다 . 제 가 3 를 하다가 컴퓨터 를 바꾸고 10 으로 넘어오게 되면서 못 하게 되서 울면 서 4 를 친구 에게 추천 받고 사서 하고 있는데 , 정말 이지 즐거워요 . 물론 대화 시스템 이 매우 아쉽긴 합니다 스토리 보단 그 외 에 것 에도 볼 게 참 많은 게임 입니다 . 폐허 가 되어 버린 세상 에서 그 폐허 속 에서 살아가는 사람 들 은 정말 이지 미쳐 돌아가고 있어요 . 당신 도 미치실 자신 이 있다면 꼭 해보세요",2018-10-20 16:09:39
377160,Fallout 4,positive,아오 폴아웃4VR에 dlc가 미포함이라 울며겨자먹기로 세일기간에 삽니다,아오 폴아웃 4 VR 에 dlc 가 미 포함 이라 울며 겨자 먹기 로 세 일 기간 에 삽니다,2018-10-20 03:52:02
377160,Fallout 4,positive,.,.,2018-10-19 20:33:18
377160,Fallout 4,positive,모드칠 이랑 빌리징 만 으로도 100시간이 넘어가는 모드 갓겜....,모드 칠 이랑 빌리 징 만 으로도 100시간 이 넘어가는 모드 갓 겜 ....,2018-10-19 18:39:54
377160,Fallout 4,positive,갓겜,갓 겜,2018-10-19 14:50:56
377160,Fallout 4,positive,지루해질때쯤 모드를 깔아서하니까 뭐부터 해야될지모르겠음 ㅎㅎ,지루해질 때 쯤 모드 를 깔아 서하 니까 뭐 부터 해야 될지 모르겠음 ㅎㅎ,2018-10-18 05:07:11
377160,Fallout 4,positive,역시 잼있음,역시 잼있음,2018-10-15 00:00:58
377160,Fallout 4,positive,★★★★☆,★★★★☆,2018-10-14 00:23:35
377160,Fallout 4,positive,오버시어의 수호자란 무기 써보니까 너무 강려크해서 현타가 오네요 진득하게 하실려면 이 무기는 봉인하는거 추천,오버 시 어의 수호 자란 무기 써 보 니까 너무 강려 크 해서 현 타가 오네요 진득 하 게 하실려면 이 무기 는 봉인 하는거 추천,2018-10-12 20:33:36
377160,Fallout 4,positive,3인칭 + 커스터마이징 + 선택의 다양성 + 오픈월드 뭘 망설여? 최고의 작품. 단점은 베데스다. ★★★★★ (5/5),3 인칭 + 커스터 마이 징 + 선택 의 다양성 + 오픈월드 뭘 망설여 ? 최고 의 작품 . 단점 은 베데스다 . ★★★★★ ( 5/5 ),2018-10-12 11:39:41
377160,Fallout 4,positive,가비 말하는 꼬라지보니 미닛맨이 왜 망한지 알겠음.,가비 말 하는 꼬 라지 보니 미닛맨 이 왜 망한지 알겠음 .,2018-10-12 01:45:01
377160,Fallout 4,positive,ㅇㅅㅇ)b,ㅇㅅㅇ ) b,2018-10-12 00:39:40
377160,Fallout 4,positive,와~ 넘모 재밋당,와 ~ 넘 모 재밋당,2018-10-09 23:48:40
377160,Fallout 4,positive,이제 DLC 누카 콜라 시작이다... 뭐. 나름 재미남.. 할만함.... 개인적으로는 위쳐3보다는 재미면에서는 좀 딸린다고 생각함.. 할인할때 사서 하면.. 돈 아깝지 않게 할수있음... 추천함.,이제 DLC 누카 콜라 시작 이다 ... 뭐 . 나름 재미 남 .. 할만 함 .... 개인 적 으로는 위 쳐 3 보다는 재미 면 에서는 좀 딸린다고 생각 함 .. 할인 할 때 사서 하면 .. 돈 아깝지 않게 할수있음 ... 추천 함 .,2018-10-09 22:20:10
377160,Fallout 4,positive,폴아웃 시리즈 중 가장 재미나게 즐겼습니다. 200시간정도 하니 더이상 할게 없지만... 후회 없는 즐거움이였습니다.,폴아웃 시리즈 중 가장 재미나 게 즐겼습니다 . 200시간 정도 하니 더 이상 할게 없지만 ... 후회 없는 즐거움 이 였습니다 .,2018-10-09 22:19:42
377160,Fallout 4,positive,재미있워용,재미있워 용,2018-10-09 15:35:36
377160,Fallout 4,positive,발리징 하느라 공이 하나 더 붙었다... 모드갓겜...,발리 징 하느라 공이 하나 더 붙었다 ... 모드 갓 겜 ...,2018-10-09 12:23:48
377160,Fallout 4,positive,가을출타4,가을 출타 4,2018-10-09 00:58:04
377160,Fallout 4,positive,혼자서 플레이하기에는 딱 좋은 게임. 하지만 현타에 주의했으면 싶네요.,혼자 서 플레이 하기에는 딱 좋은 게임 . 하지만 현 타 에 주의 했으면 싶네요 .,2018-10-07 03:44:46
377160,Fallout 4,positive,논란이 많은 시리즈라서 그런지 기대안하고 해봤는데 생각보다는 나쁘지 않은게임 무난한 게임 인거같다 베데스다 특유의 버그도 같이 계승되어 뭔가를 하기전에는 반드시 저장을 추천한다,논란 이 많은 시리즈 라서 그런지 기 대안 하고 해봤는데 생각 보다는 나쁘지 않은 게임 무난 한 게임 인거 같다 베데스다 특유 의 버그 도 같이 계승 되어 뭔가 를 하기전에는 반드시 저장 을 추천 한다,2018-10-06 20:58:04
377160,Fallout 4,positive,모드 꾸ㄹ잼,모드 꾸 ㄹ 잼,2018-10-06 19:44:06
377160,Fallout 4,positive,게임시간보다 모드까느라 노가다 뛴 시간이 더많은듯,게임 시간 보다 모드 까느라 노가다 뛴 시간 이 더 많은듯,2018-10-06 17:11:27
377160,Fallout 4,positive,"확실히 오래된 게임플레이를 갖고있지만 (ex 로딩 많음, 버그 많음 , 최적화..) 하지만 부정할수없는건 매력적인 세계랑 풍부한 컨텐츠 그리고 발전한 전투 플레이. 돈값은 하는 게임입니다 . 시간이 있다면야 .. 150시간은 할수있습니다 . 추천 합니다 .","확실히 오래된 게임 플레이 를 갖고있지만 ( ex 로딩 많음 , 버그 많음 , 최적화 ..) 하지만 부정 할수 없는건 매력 적 인 세계 랑 풍부한 컨텐츠 그리고 발전 한 전투 플레이 . 돈값 은 하는 게임 입니다 . 시간 이 있다면야 .. 150시간 은 할수있습니다 . 추천 합니다 .",2018-10-05 19:08:18
377160,Fallout 4,positive,하는거라곤 핵전쟁 이후의 정신나간 세상에서 정신나간 친구들을 쏘는것 뿐인데 재밌다,하는거라곤 핵전쟁 이후 의 정신 나간 세상 에서 정신 나간 친구 들 을 쏘는것 뿐 인데 재밌다,2018-10-04 09:44:24
377160,Fallout 4,positive,재밌기는 한데 손길은 잘 안감,재밌기는 한데 손길 은 잘 안감,2018-09-30 19:04:08
377160,Fallout 4,positive,폴아웃 시리즈는 4로 처음 접했지만 전 시리즈를 모른다고 해서 게임하는데 전혀지장없고 오히려 세계관에 흥미를 가지게 될 요소가 많습니다. 하지만.. 안한글.. 성의없는 DLC.. 베네스다의 어이없는 행보.. 등등을 비춰봤을때 세일할때 구매하시는걸 추천합니다.. 참고로 시즌패스와 이어에디션은 비추이며 본편만 플레이 후 재미있으시면 DLC는 선택적으로 구매하시는걸 추천드립니다... 파하버랑 건물짓는 DLC는 할만한데 나머지는 정말 별로였음..,폴아웃 시리즈 는 4 로 처음 접 했지만 전 시리즈 를 모른다고 해서 게임 하는데 전혀 지장 없고 오히려 세계관 에 흥미 를 가지 게 될 요소 가 많습니다 . 하지만 .. 안 한글 .. 성의 없는 DLC .. 베 네스 다 의 어이없는 행보 .. 등등 을 비춰 봤을 때 세 일 할 때 구매 하시는걸 추천 합니다 .. 참고 로 시즌 패스 와 이어 에디 션 은 비추이며 본 편 만 플레이 후 재미있으시면 DLC 는 선택 적 으로 구매 하시는걸 추천 드립니다 ... 파 하버 랑 건물 짓는 DLC 는 할 만한데 나머지 는 정말 별로 였음 ..,2018-09-30 16:52:27
377160,Fallout 4,positive,분위기는 미춌음,분위기 는 미춌음,2018-09-28 01:53:13
377160,Fallout 4,positive,버그가 시발^^,버그 가 시발 ^^,2018-09-26 19:25:32
377160,Fallout 4,positive,버그졷망겜,버그 졷망겜,2018-09-25 15:35:30
377160,Fallout 4,positive,베데스다는 게임을 40퍼센트정도만 만듭니다 나머지는 여러분이 직접(모드로) 채워넣으세요 ^^ 어쨌든 사서 할만 한 게임입니다.,베데스다 는 게임 을 40 퍼센트 정도 만 만듭니 다 나머지 는 여러분 이 직접 ( 모드 로 ) 채워 넣으세요 ^^ 어쨌든 사서 할만 한 게임 입니다 .,2018-09-24 23:19:17
377160,Fallout 4,positive,"'폴아웃 시리즈 최대 호불호'. 폴아웃4는 제가 좋아하는 요소들의 집합체입니다, 넓은 오픈월드, 캐주얼한 난이도, 특유의 세기말 분위기까지, 빨리 질리는 스타일이라 한 게임을 오래 하지 않는 제가 가장 많이 플레이한 게임입니다. 그럼에도 불구하고 전작들보다 낮은 평가를 받는 등의 호불호가 어느정도 갈리고 있는 게임이기도 합니다. 하지만 전체적으로 오픈월드를 탐험하는 재미를 잘 살렸고 폴아웃 특유의 느낌 또한 고스란히 느낄 수 있는 수작이라고 생각합니다. 4/5","' 폴아웃 시리즈 최대 호불호 '. 폴아웃 4 는 제 가 좋아하는 요소 들 의 집합 체 입니다 , 넓은 오픈월드 , 캐 주얼 한 난이도 , 특유 의 세기말 분위기 까지 , 빨리 질리는 스타일 이라 한 게임 을 오래 하지 않는 제 가 가장 많이 플레이 한 게임 입니다 . 그럼에도 불구 하고 전작 들 보다 낮은 평가 를 받는 등 의 호불호 가 어느 정도 갈리 고 있는 게임 이기도 합니다 . 하지만 전체 적 으로 오픈월드 를 탐험 하는 재미 를 잘 살렸고 폴아웃 특유 의 느낌 또한 고스 란 히 느낄 수 있는 수작 이라고 생각 합니다 . 4/5",2018-09-24 12:20:04
377160,Fallout 4,positive,"폴아웃3 하고 바로 4를 해서 그런건지 폴아웃4가 나쁘다는 생각은 못했습니다. 비판하시는 분들 상당수가 뉴베가스와 비교하시던데, 제가 이 게임을 재밌게 한 건 뉴베가스를 안 해봐서 그런 걸지도 모르겠네요. 기회가 되면 뉴베가스도 꼭 해봐야겠어요. 여튼 전 큰 불만없이 즐겼습니다.","폴아웃 3 하고 바로 4 를 해서 그런 건 지 폴아웃 4 가 나쁘다는 생각 은 못 했습니다 . 비판 하시는 분들 상당수 가 뉴 베가스 와 비교 하시던데 , 제 가 이 게임 을 재밌게 한 건 뉴 베가스 를 안 해봐서 그런 걸지도 모르겠네요 . 기회 가 되면 뉴 베가스 도 꼭 해봐야겠어요 . 여 튼 전 큰 불만 없이 즐겼습니다 .",2018-09-22 17:50:03
377160,Fallout 4,positive,War Never Change..,War Never Change ..,2018-09-19 22:12:00
377160,Fallout 4,positive,애미뒤진 빌리징만 빼면 다 좋음 애미뒤진 빌리징 넣을 시간에 퀘스트나 더 만들면 좋았을텐대,애 미 뒤진 빌리 징 만 빼면 다 좋음 애 미 뒤진 빌리 징 넣을 시간 에 퀘스트 나 더 만들면 좋았을텐대,2018-09-19 06:21:06
377160,Fallout 4,positive,스토리는 말이 많지만 오픈월드 액션으론 아무도 못이김,스토리 는 말 이 많지만 오픈월드 액션 으론 아무 도 못 이김,2018-09-18 15:44:34
377160,Fallout 4,positive,몇몇 부분에선 분명히 옛날과 다르고 대충 만든 느낌이 나기는 하는데 그럼에도 불구하고 재밌음. 하지만 베데스다 넷을 그만 좀 강요하면 좋겠다. ㅅㅂ,몇몇 부분 에선 분명히 옛날 과 다르고 대충 만든 느낌 이 나기 는 하는데 그럼에도 불구 하고 재밌음 . 하지만 베데스다 넷 을 그만 좀 강요 하면 좋겠다 . ㅅㅂ,2018-09-16 18:24:37
377160,Fallout 4,positive,"이번작으로 폴아웃 시리즈를 접해서 다른 시리즈와의 언급은 하지 않겠수다. 우선 게임은 재밌음. 장점은 오픈월드에 꽉꽉 들어찬 구조물과 구조물 나름의 스토리, 매력있는 캐릭터들의 등장. 개인적으론 닉 발렌타인 아조씨가 취적 전쟁 전 모습을 보여줌으로써 전쟁 후 황폐화된 지역을 더 눈여겨보게 했다. (예를 들면 전쟁 전과 후의 주인공의 집 이라던지.) 파월아머 개깐지 이젠 단점 스토리가 너무 이상함. 그래 처음에 자기 가족중 하나가 갑자기 납치되는건 그렇다고 쳐 근데 처음보는 사람이 ""님 존나 쩌시니까 우리 보스/개 높은 자리좀","이 번작 으로 폴아웃 시리즈 를 접 해서 다른 시리즈 와의 언급 은 하지 않겠수다 . 우선 게임 은 재밌음 . 장점 은 오픈월드 에 꽉꽉 들어 찬 구 조물 과 구 조물 나름 의 스토리 , 매력 있는 캐릭터 들 의 등장 . 개인 적 으론 닉 발렌타인 아조 씨 가 취적 전쟁 전 모습 을 보여줌으로써 전쟁 후 황폐 화 된 지역 을 더 눈 여겨 보게 했다 . ( 예 를 들면 전쟁 전과 후의 주인공 의 집 이라던지 .) 파월 아 머 개 깐지 이 젠 단점 스토리 가 너무 이상함 . 그래 처음 에 자기 가족 중 하나 가 갑자기 납치 되는건 그렇다고 쳐 근데 처음 보는 사람 이 "" 님 존나 쩌시 니까 우리 보스 / 개 높은 자리 좀",2018-09-13 22:56:19
377160,Fallout 4,positive,★★☆☆☆,★★☆☆☆,2018-09-13 14:06:51
377160,Fallout 4,positive,Good,Good,2018-09-09 21:33:42
377160,Fallout 4,positive,버그스다에서 만들었기에 버그가 가끔 보이는 건건 넘어가고 나처럼 스토리 상관없이 자유도만 있으면 빨아대는 사람들은 좋아할듯 물론 나는 본격적으로 즐기려고 할때 이유는 모르겠으나 용량부족으로 게임을 못하고 있지만 :( 그리고 이거 살까말까 고민하는 분들에게 말하자면 당신이 플레이를 시작하고 인스튜드의 내부로 들가게 되면 애타게 찾던 션이 있을텐데 사실 걔는 신스다~~~~~~~ 잃어버린 션은 사실 인스튜드의 수장이 된 할배다~~~~~~~~~~,버그스 다 에서 만들었기에 버그 가 가끔 보이는 건건 넘어가고 나 처럼 스토리 상관없이 자유도 만 있으면 빨 아대 는 사람 들 은 좋아할듯 물론 나 는 본격 적 으로 즐기려고 할 때 이유 는 모르겠으나 용량 부족 으로 게임 을 못 하고 있지만 :( 그리고 이 거 살 까말까 고민 하는 분 들 에게 말 하자면 당신 이 플레이 를 시작 하고 인스튜드 의 내부 로 들가게 되면 애 타게 찾던 션 이 있을텐데 사실 걔 는 신스 다 ~~~~~~~ 잃어버린 션 은 사실 인스튜드 의 수장 이 된 할배 다 ~~~~~~~~~~,2018-09-09 20:37:48
377160,Fallout 4,positive,언제 58 시간 했어 ? 이런게임 없다,언제 58 시간 했어 ? 이런 게임 없다,2018-09-08 10:17:01
377160,Fallout 4,positive,"이상한 버그가 내 앞길을 막아서서 토도키 하워드를 찾을 수 밖에 없는 상황에서도, 생존난이도에 적이 줫나게 쌔도, 팩션 4개의 추구하는바가 전혀 이해를 못하겠어도, 지나다가 발견한 건물과 던전에서, 무엇이있을까 두근거리는 모험과 전설몹의 시체를 뒤질때 어떤 옵션의 아이템이 떨어질까라는 파밍요소와 내가 찍은 퍽스킬과 무기 업그레이드가 생존 전설 데스클로를 한방에 보낼때 폴아웃 4는 완성되었습니다. 진짜 이만한 갓게임 없음 그리고 근접 힘 빌드해라 두번해라","이상한 버그 가 내 앞길 을 막아 서서 토도 키 하워드 를 찾을 수 밖에 없는 상황 에서도 , 생존 난이도 에 적 이 줫나 게 쌔 도 , 팩션 4 개 의 추구 하 는바 가 전혀 이해 를 못 하겠어도 , 지나다가 발견 한 건물 과 던전 에서 , 무엇 이 있을까 두근거리는 모험 과 전설 몹 의 시체 를 뒤질 때 어떤 옵션 의 아이템 이 떨어질 까라는 파밍 요소 와 내 가 찍은 퍽 스킬 과 무기 업그레이드 가 생존 전설 데스 클 로 를 한 방 에 보낼 때 폴아웃 4 는 완성 되었습니다 . 진짜 이만 한 갓 게임 없음 그리고 근접 힘 빌드해 라 두 번해라",2018-09-08 02:51:25
377160,Fallout 4,positive,50퍼 할인할떄 사서 그런지 타격감이 좋고 재밋긴함,50 퍼 할인 할떄 사서 그런지 타 격감 이 좋고 재밋긴함,2018-09-05 11:09:50
377160,Fallout 4,positive,정상적인 폴아웃 플레이 방식 1. 지역을 탐험하며 퀘스트를 받는다. 2. 퀘스트를 해결하고 엔피씨에게 보상을 받는다. 입 털어서 보상을 많이 받으면 금상첨화 3. 엔피씨를 죽이고 파밍을 한다. 경치와 보상을 최대로!,정상 적 인 폴아웃 플레이 방식 1 . 지역 을 탐험 하며 퀘스트 를 받는다 . 2 . 퀘스트 를 해결 하고 엔피씨 에게 보상 을 받는다 . 입 털어서 보상 을 많이 받으면 금상첨화 3 . 엔피씨 를 죽 이고 파밍 을 한다 . 경치 와 보상 을 최대로 !,2018-09-03 22:19:44
377160,Fallout 4,positive,스토리가 연결되는 개연성이 부족하고 동기부여가 후반부에 급격하게 떨어지기에 몰입감이 떨어진다. 하지만 폴아웃이라는 세계관을 즐기기엔 좋은 게임.,스토리 가 연결 되는 개연 성 이 부족하고 동기부여 가 후반 부 에 급격하게 떨어지기에 몰입 감 이 떨어진다 . 하지만 폴아웃 이라는 세계관 을 즐 기기 엔 좋은 게임 .,2018-08-31 13:05:55
377160,Fallout 4,positive,빈정대기를 눌러 어서!,빈정대기를 눌러 어서 !,2018-08-30 22:12:10
377160,Fallout 4,positive,대화시스템보다 더 아쉬운게 아트워크가 전반적으로 너무 밝고 색감이 화려함 분위기3의 칙칙한 핵배경을 원했는데 물론 잘만든 장소도 있지만 그래도 존나 갓겜이고 존나 재밌음은 부정할 수 없다 플스로 하고 피씨로 넘어왔는데 확실히 베데스다겜만큼은 온더피시가 맞는듯,대화 시스템 보다 더 아쉬운게 아트워크 가 전반 적 으로 너무 밝고 색감 이 화려함 분위기 3 의 칙칙한 핵 배경 을 원했는데 물론 잘만 든 장소 도 있지만 그래도 존나 갓 겜 이고 존나 재밌 음 은 부정 할 수 없다 플스 로 하고 피씨 로 넘어왔는데 확실히 베데스다 겜 만큼은 온 더피 시가 맞는듯,2018-08-30 13:03:26
377160,Fallout 4,positive,만들다 만 게임이다 버그도 다 안잡고.. 각종 분노게이지가 차는 게임요소는 유저들이 죄다 고쳐만들고 있다 스토리도 얄팍하기 그지없고.. F3 NV 에 비하면 시나리오 볼륨은 60%정도 게임 중요 요소 절반이 정착지 건설 관리인데 워낙에 지원이 부실해 모드로 메꿔야만 했다 라이트 유저를 배려한건지 선택지도 얄팍하기 짝이없어서 수박 껍질만 맛보는 수준 그래픽과 모션은 그래도 개선한 점이 눈에 띄지만 뭔가 부족함을 지울수가 없다 DLC는 참담한 수준으로 파하버 정도만 완성도를 보장했다 C.C 클럽은 왜 추가,만들다 만 게임 이다 버그 도 다 안 잡고 .. 각종 분노 게이지 가 차는 게임 요소 는 유저 들 이 죄다 고쳐 만들고 있다 스토리 도 얄팍하기 그 지 없고 .. F 3 NV 에 비 하면 시나리오 볼륨 은 60% 정도 게임 중요 요소 절반 이 정착 지 건설 관리 인데 워낙 에 지원이 부실해 모드 로 메 꿔야만 했다 라이트 유저 를 배려 한 건지 선택 지도 얄팍하기 짝 이 없어서 수박 껍질 만 맛보는 수준 그래픽 과 모션 은 그래도 개선 한 점 이 눈 에 띄지만 뭔가 부족함 을 지울수가 없다 DLC 는 참담한 수준 으로 파 하버 정도 만 완성 도를 보장 했다 C . C 클럽 은 왜 추가,2018-08-28 14:21:07
377160,Fallout 4,positive,good game,good game,2018-08-28 00:48:36
377160,Fallout 4,positive,현재 재평가가 시급한 작품 전작보다 퇴보한 부분도 있지만 충분히 발전한 부분도 있다 최소한 76처럼 npc를 없애는등 여러가지 개짓거리를 하지 않았다는 이유만으로 충분히 할 가치가 있다 그리고 엉덩이도 전작들보다 발전했다,현재 재 평가 가 시급한 작품 전작 보다 퇴보한 부분 도 있지만 충분히 발전 한 부분 도 있다 최소한 76 처럼 npc 를 없애는 등 여러가지 개 짓거리 를 하지 않았다는 이유 만으로 충분히 할 가치 가 있다 그리고 엉덩이 도 전작 들 보다 발전 했다,2018-08-27 20:08:23
377160,Fallout 4,positive,개꿀잼,개꿀잼,2018-08-25 22:55:47
377160,Fallout 4,positive,"스토리, 배경, 인물, 갈등관계와 선택지 등 몰입요소와 집중도가 아주 좋은 fallout4 하지만 흐름이 끊기고 맥이 빠지는 각종 버그들이 플레이어를 가끔은 지치게 만든다 베데스다 게임의 매력이랄까, 이또한 매력적이라고 생각들게 만드는것이 내가 미친것인지 게임이 미친게임인지 암울하고 우중충한 배경, 포스트아포칼립스를 느끼고싶다면, 자유도와 방향성의 균형을 느끼고싶다면 꼭 사서 해보자","스토리 , 배경 , 인물 , 갈등 관계 와 선택 지 등 몰입 요소 와 집중 도 가 아주 좋은 fallout 4 하지만 흐름 이 끊기고 맥 이 빠지는 각종 버그 들 이 플레이어 를 가끔 은 지치게 만든다 베데스다 게임 의 매력 이 랄 까 , 이또 한 매력 적 이라고 생각 들 게 만드는것이 내 가 미친것인지 게임 이 미친 게임 인지 암울하고 우중충한 배경 , 포스트 아포칼립스 를 느끼고싶다면 , 자유도 와 방향성 의 균형 을 느끼고싶다면 꼭 사서 해보자",2018-08-25 21:34:49
377160,Fallout 4,positive,재미 만큼은 확실함 개인 적으론 위쳐보다 재미면에선 더 쳐주고 싶음 최근 몇년 폴아웃4 보다 재밌게 한 게임은 없었음 엄척~,재미 만큼은 확실함 개인 적 으론 위 쳐보다 재미 면 에선 더 쳐주고 싶음 최근 몇 년 폴아웃 4 보다 재밌게 한 게임 은 없었음 엄척 ~,2018-08-25 15:40:08
377160,Fallout 4,positive,"오랜만에 플레이하는데 재미지다 물론 100퍼 오리지날로 하면 못한다 모드질로 하면 언제든 할수있다 모드질하는데 시간을 엄청 잡아먹지만.... 므흣하게 할수도 있고 녹빛나무풀들이 자라게 할수도 있고, 아직도 안가본곳도 있어서 다시 플레이하러 간다 팀왈도분들의 패치가 겜속모드에서 할수있어서 아주 좋아졌다","오랜 만 에 플레이 하는데 재미 지다 물론 100 퍼 오 리지 날로 하면 못 한다 모드 질 로 하면 언제 든 할수있다 모드 질하는데 시간 을 엄청 잡아먹지만 .... 므흣하 게 할수도 있고 녹빛 나무 풀 들 이 자라게 할수도 있고 , 아직도 안 가본 곳도 있어서 다시 플레이 하러 간다 팀 왈도 분들 의 패치 가 겜 속 모드 에서 할수있어서 아주 좋아졌다",2018-08-24 19:46:42
377160,Fallout 4,positive,생각보다 즐길 컨텐츠는 많았고 분위기 및 게임 자체는 재미있음 조그마한 버그들이 많이 있음,생각 보다 즐길 컨텐츠 는 많았고 분위기 및 게임 자체 는 재미있음 조그마한 버그 들 이 많이 있음,2018-08-24 11:12:41
377160,Fallout 4,positive,폴아웃 프렌차이즈 중에서 가장 박한 평가를 받지만 전작과 비교해서 발전한 점에 대해서는 긍정적으로 보려고 합니다.,폴아웃 프렌 차 이즈 중 에서 가장 박한 평가 를 받지만 전작 과 비교 해서 발전 한 점 에 대해 서는 긍정 적 으로 보려고 합니다 .,2018-08-23 14:12:36
377160,Fallout 4,positive,주인공이 인스티튜트의 국장이자 전 브라더후드의 기사였으며 미닛맨의 장군이고 원자교단의 광전사이며 두 개의 레이더 갱단을 이끄는 아들을 잃은 아버지...?로 되어버림 이상해 걍 브라더후드 성기사 할 걸,주인공 이 인스티튜트 의 국장 이자 전 브라더후드 의 기사 였으며 미닛맨 의 장군 이고 원자 교단 의 광전사 이며 두 개 의 레이더 갱단 을 이끄는 아들 을 잃은 아버지 ...? 로 되어 버림 이상해 걍 브라더후드 성기사 할 걸,2018-08-20 23:32:29
377160,Fallout 4,positive,게임은 너무 좋지만 아악 멀미 하고 싶어도 못 하는 게임,게임 은 너무 좋지만 아악 멀미 하고 싶어도 못 하는 게임,2018-08-20 02:29:23
377160,Fallout 4,positive,"war, war never changes. 말해 무엇합니끄아!!!!!","war , war never changes . 말 해 무엇 합 니 끄아 !!!!!",2018-08-19 12:44:08
377160,Fallout 4,positive,""" 아빠? "" . "" 지옥에서 보자꾸나 아들아 "" .",""" 아빠 ? "" . "" 지옥 에서 보자꾸나 아들 아 "" .",2018-08-18 23:49:37
377160,Fallout 4,positive,토도키 하와도 씹새끼야,토도 키 하와 도 씹새끼야,2018-08-18 17:22:14
377160,Fallout 4,positive,딴건 모르겠고 버그가 너무 많습니다...,딴건 모르겠고 버그 가 너무 많습니다 ...,2018-08-17 05:11:38
377160,Fallout 4,positive,162시간했는데 아직 엔딩 안봄,162시간 했는데 아직 엔딩 안 봄,2018-08-15 15:52:17
377160,Fallout 4,positive,아들이 누구였더라?,아들 이 누구 였더라 ?,2018-08-15 13:26:20
377160,Fallout 4,positive,똥겜 망겜이라고 욕하는 사람도 많은데 판매량도 꾸준하고 게임 자체도 나무랄데 없는 편.. 갓겜 제조사 베데스다의 게임답게 모드질은 물론이고 자유도 컨텐츠 나무랄데 없지만 조금씩 나사빠진 경우도 많고 재탕하다보면 DLC까지 클리어 하기엔 지루한 감이 없잖아 있다. 스카이림 같은 베데스다의 대표작들에 이끌린다면 폴아웃은 필연적인 게임이 될 것.. 세계관 자체도 핵전쟁으로 멸망한 아포칼립스? 느낌이라 매우 매력적. 이런 장르의 게임이 흔치도 않고 이런 정도의 게임성을 갖춘게 그다지 없음.,똥겜 망겜 이라고 욕 하는 사람 도 많은데 판매량 도 꾸준하고 게임 자체 도 나무랄데 없는 편 .. 갓 겜 제 조사 베데스다 의 게임 답 게 모드 질 은 물론 이고 자유도 컨텐츠 나무랄데 없지만 조금씩 나사 빠진 경우 도 많고 재탕하다 보면 DLC 까지 클리어 하기엔 지루한 감 이 없잖아 있다 . 스카이림 같은 베데스다 의 대표 작 들 에 이끌 린다 면 폴아웃 은 필연 적 인 게임 이 될 것 .. 세계관 자체 도 핵전쟁 으로 멸망한 아포칼립스 ? 느낌 이라 매우 매력 적 . 이런 장르 의 게임 이 흔 치도 않고 이런 정도 의 게임 성 을 갖춘게 그다지 없음 .,2018-08-14 00:21:33
377160,Fallout 4,positive,good,good,2018-08-13 20:42:36
377160,Fallout 4,positive,아쉬움이 있어도 그것을 채워주는 모드가 있네 허허;;;,아쉬움 이 있어도 그것 을 채워주는 모드 가 있네 허허 ;;;,2018-08-09 15:06:22
377160,Fallout 4,positive,고물상4 똥오줌4,고물상 4 똥 오줌 4,2018-08-09 14:06:43
377160,Fallout 4,positive,"대화 선택지가 4개로 제한 된 것이 너무 아쉽다. 지능이 낮으면 캐릭터가 말도 제대로 못하던가, 기상천외한 말빨로 최종보스도 해치우던 그 시절이 그립다. 그렇다고 재미 없는 건 아니지만.","대화 선택 지 가 4 개 로 제한 된 것 이 너무 아쉽다 . 지능 이 낮으면 캐릭터 가 말 도 제대로 못 하던가 , 기상 천 외한 말빨 로 최종 보스 도 해치우던 그 시절 이 그립다 . 그렇다고 재미 없는 건 아니지만 .",2018-08-09 11:33:06
377160,Fallout 4,positive,92,92,2018-08-08 13:59:36
377160,Fallout 4,positive,-세기말 적인 분위기를 좋아한다 -rpg게임+오픈월드 게임을 좋아한다 -베데스다 게임을 좋아한다 -빌리징을 좋아한다 -모드질 하는거 좋아한다 그럼 추천하고 싶은 게임 근데 취향에 별로 안맞는 다면 비추하고 싶은 게임 취향이 많이 탈수있는 게임이기 떄문에 취향만 잘맞는다면 몇백시간 하면서 뽕뽑고 단물까지 쪽쪽빨아 먹을수있는데 안맞는다면 돈날리거나 조금하다가 라이브러리 장식용 게임이 될수있기 때문에 생각해보고 살것!,- 세기말 적 인 분위기 를 좋아한다 - rpg 게임 + 오픈월드 게임 을 좋아한다 - 베데스다 게임 을 좋아한다 - 빌리 징 을 좋아한다 - 모드 질 하는거 좋아한다 그럼 추천 하고 싶은 게임 근데 취향 에 별로 안 맞는 다면 비추하고 싶은 게임 취향 이 많이 탈수 있는 게임 이기 떄문 에 취향 만 잘맞는다면 몇 백 시간 하면서 뽕 뽑고 단물 까지 쪽쪽 빨 아 먹을수있는데 안 맞는다면 돈 날리거나 조금 하다가 라이브러리 장식 용 게임 이 될수있기 때문 에 생각 해보고 살것 !,2018-08-08 09:18:38
377160,Fallout 4,positive,갓 ㅡ 겜,갓 ㅡ 겜,2018-08-08 02:02:21
377160,Fallout 4,positive,비교적 적은 퀘스트와 수준 낮아진 대화 시스템이 아쉽긴 하지만 역시 베데스다식 오픈월드 게임은 어디 가지 않으며 슈벌 개재밌습니다. 스카이림을 재밌게 했다면 무.조.건 폴아웃4도 좋아할 것입니다.,비교 적 적은 퀘스트 와 수준 낮아진 대화 시스템 이 아쉽긴 하지만 역시 베데스다 식 오픈월드 게임 은 어디 가지 않으며 슈벌 개 재밌습니다 . 스카이림 을 재밌게 했다면 무 . 조 . 건 폴아웃 4 도 좋아할 것 입니다 .,2018-08-07 12:26:22
377160,Fallout 4,positive,이런저런 문제가 있긴 하나 재밌는건 사실이잖아 솔직히.,이런저런 문제 가 있긴 하나 재밌는건 사실이잖아 솔직히 .,2018-08-06 20:19:17
377160,Fallout 4,positive,사람들은 부정적이라 하지만 나는 나름대로 재미있게 한것같다. 왜냐고? 꼬우면 다 죽여버렸거든 ㅎㅎ,사람 들 은 부정 적 이라 하지만 나 는 나름 대로 재미있게 한 것 같다 . 왜 냐 고 ? 꼬우 면 다 죽여 버렸거든 ㅎㅎ,2018-08-06 07:29:56
377160,Fallout 4,positive,"버그 픽스와 모드 충돌로 거의 일주일 동안 시간을 낭비했지만 아름다운 커스터마이징과 모드친화적인 내용물은 참 마음에 드는데... 물리엔진이 왜 이따위냐. 그리고 왜 3편이나 뉴베가스에 비해서 무기가 줄어든겨. 그리고 왜 갓난쟁이 엄마 슴가가 첫 2차성징을 맞이한 계집애마냥 평평하냐... 그리고 왜 가슴을 크게 하려면 뚱보아줌마가 되게 설정해 놓은거냐고. 하지만 그것만 빼면 멋들어진 파워아머, 강력해진 적들, 별에별 의미가 없거나 의미가 넘치는 구조물들과 건물들! 그리고 ㅅㅂ 완전 불편한 빌리징! 무기를 커스터마이징 해볼 수 있다는","버그 픽스 와 모드 충돌 로 거의 일주일 동안 시간 을 낭비했지만 아름다운 커스터 마이 징 과 모드 친 화 적 인 내용물 은 참 마음 에 드는데 ... 물리엔진 이 왜 이 따위 냐 . 그리고 왜 3 편이 나 뉴 베가스 에 비 해서 무기 가 줄어든 겨 . 그리고 왜 갓 난쟁이 엄마 슴가 가 첫 2 차 성 징 을 맞이 한 계집애 마냥 평평하냐 ... 그리고 왜 가슴 을 크게 하려면 뚱 보아 줌마 가 되게 설정 해 놓은 거 냐 고 . 하지만 그것 만 빼면 멋 들어진 파워 아 머 , 강력해진 적 들 , 별 에 별 의미 가 없거나 의미 가 넘치는 구 조물 들 과 건물 들 ! 그리고 ㅅㅂ 완전 불편한 빌리 징 ! 무기 를 커스터 마이 징 해볼 수 있다는",2018-08-06 01:31:38
377160,Fallout 4,positive,이 게임 하면서 플레이타임의 반절은 도둑질 하는데 쓴거 같다.,이 게임 하면서 플레이 타임 의 반절 은 도둑질 하는데 쓴거 같다 .,2018-08-06 00:54:19
377160,Fallout 4,positive,60프레임 모니터 사용할떄는 몰랐는데 144모니터 사용하니까 게임 속도가 2배 빨라졌네요 ^^ 버그가 까도까도 나오는 양파 같은 게임,60 프레임 모니터 사용할떄 는 몰랐는데 144 모니터 사용 하 니까 게임 속도 가 2 배 빨라졌네요 ^^ 버그 가 까도 까도 나오는 양파 같은 게임,2018-08-05 01:26:02
377160,Fallout 4,positive,살면서 이렇게 안질리고 오래한게임은 처음이다 나는 뉴베가스보다 이게더 맞는듯,살면서 이렇게 안질리고 오래 한게임 은 처음 이다 나 는 뉴 베가스 보다 이 게더 맞는듯,2018-08-03 20:30:19
377160,Fallout 4,positive,재밍ㅆ군요,재밍 ㅆ 군요,2018-08-01 21:52:07
377160,Fallout 4,positive,내생에 베스트 5위 안에 드는 작품,내생 에 베스트 5 위 안 에 드는 작품,2018-08-01 16:38:56
377160,Fallout 4,positive,아씨 라드로치 너무 징그럽자너,아씨 라드 로치 너무 징그럽자 너,2018-07-30 01:04:34
377160,Fallout 4,positive,전쟁...전쟁은 결코 변하지 않는다,전쟁 ... 전쟁 은 결코 변하지 않는다,2018-07-28 12:39:38
377160,Fallout 4,positive,스카이림 평가 후 또 평가하네 폴4 뉴베보다 배경은 매우 흥미롭고 눈 호강을 한다. 나 같은 폴뉴 부터 접했던 사람이라면 수리 개념을 잘 모른다. 그래서 무기 내구도 따르면 맨날 수리하고 다니고했는데..그점을 잘 보강해서 무기 내구도를 없앴다. 매우 좋다. 그런데 말입니다. 역시 베데스다 게임은 까는게 좋은데 말입니다. 하 서브 퀘스트 중 대부분이 버그야! 정확하게 대표적으로 안돼는 퀘스트 말할게 스포 될수도 있다. 캐봇 저택에 나중에 누나 찾으러 가라하는데 씹 누나가 없어;;;다 공감할거다. 조금만 더 성이를 보이면 나쁘지 않을,스카이림 평가 후 또 평가 하네 폴 4 뉴베 보다 배경 은 매우 흥미 롭고 눈 호강 을 한다 . 나 같은 폴뉴 부터 접 했던 사람 이 라면 수리 개념 을 잘 모른다 . 그래서 무기 내 구도 따르면 맨날 수리 하고 다니고 했는데 .. 그 점 을 잘 보강 해서 무기 내 구도 를 없앴다 . 매우 좋다 . 그런데 말 입니다 . 역시 베데스다 게임 은 까는게 좋은데 말 입니다 . 하 서브 퀘스트 중 대부분 이 버그 야 ! 정확하게 대표 적 으로 안 돼는 퀘스트 말 할게 스포 될수도 있다 . 캐봇 저택 에 나중 에 누나 찾으러 가라 하는데 씹 누나 가 없어 ;;; 다 공감 할거다 . 조금 만 더 성 이를 보이 면 나쁘지 않을,2018-07-28 04:15:21
377160,Fallout 4,positive,정말 재밌게 했지만 대화 시스템이 바뀐건 정말 맘에 안듬,정말 재밌게 했지만 대화 시스템 이 바뀐건 정말 맘 에 안듬,2018-07-26 20:35:18
377160,Fallout 4,positive,폴아웃4 아십니까? 진짜 갓-겜입니다,폴아웃 4 아십니까 ? 진짜 갓 - 겜 입니다,2018-07-25 13:52:50
377160,Fallout 4,positive,"*전작인 뉴베가스 덕에 줄거리에서 욕을 많이 먹긴 하지만 3보단 나음. 그리고 사이드 퀘스트들 질이 떨어지는 것도 아님. *빌리징 요소에서 꿀잼인 공장이나 콘크리트 같은 게 너무 늦게 나오긴 했지만 어쨌든 없는 것보다야 훨씬 나음. 콘솔로 작업대 소환해서 보스턴 한가운데 펜트하우스 만들고 노는 게 꿀잼임. *버그는 필수니 마주치면 인사해줄 것. *크리에이션 클럽으로 말 많긴 한데, 진짜 승자는 하나도 안 사고 무료로 풀 때 집어먹는 사람임. 상도덕 없는 상놈들 덕에 게임 자체의 점수가 떨어지긴 했지만 게임의 질은 평균 이상이니 속지","* 전작 인 뉴 베가스 덕 에 줄거리 에서 욕 을 많이 먹긴 하지만 3 보단 나음 . 그리고 사이드 퀘스트 들 질 이 떨어지는 것 도 아님 . * 빌리 징 요소 에서 꿀잼 인 공장 이나 콘크리트 같은 게 너무 늦게 나오긴 했지만 어쨌든 없는 것 보다야 훨씬 나음 . 콘솔 로 작업대 소환 해서 보스턴 한가운데 펜트하우스 만들고 노 는 게 꿀잼임 . * 버그 는 필수 니 마주치면 인사 해줄 것 . * 크리에이션 클럽 으로 말 많긴 한데 , 진짜 승자 는 하나 도 안 사고 무료 로 풀 때 집어 먹는 사람 임 . 상 도덕 없는 상놈 들 덕 에 게임 자체 의 점수 가 떨어지긴 했지만 게임 의 질 은 평균 이상 이니 속지",2018-07-24 17:27:10
377160,Fallout 4,positive,2019 - 01 - 12 수정 미닛맨/브라더후드 오브 스틸 엔딩을 본 유저로써 평가를 남깁니다 장점 -재미있음 이유는 모르겠지만 계속하게됨 -폴아웃 입문작으로 추천 -모드 단점 -몇몇 스토리 텔링 방식은 엿같음 -반복퀘 -만들다 만듯한 퀄리티 -형편없는 모드를 유료로 파는 크레이디션 5/10 이상하죠? 5점인데 추천한다니 근데 엿같으면서도 계속하게 됩니다,2019 - 01 - 12 수정 미닛맨 / 브라더후드 오브 스틸 엔딩 을 본 유저 로써 평가 를 남깁니다 장점 - 재미있음 이유 는 모르겠지만 계속 하게 됨 - 폴아웃 입문 작 으로 추천 - 모드 단점 - 몇몇 스토리 텔링 방식 은 엿같음 - 반복 퀘 - 만들다 만 듯 한 퀄리티 - 형편 없는 모드 를 유료 로 파는 크 레이디 션 5/10 이상하죠 ? 5 점 인데 추천 한 다니 근데 엿 같으면서도 계속 하게 됩니다,2018-07-23 11:23:50
377160,Fallout 4,positive,"똥오줌똥오줌거리는데 진짜초회차할땐 너무재밌었음 무기개조,빌리징,팩션 모든게 초회차때'만' 완벽했음 물론 다회차플할땐 스카이림보다 질리는감이 없잖아있음 하지만 이걸 생각해도 갓겜임","똥 오줌 똥 오줌 거리 는 데 진짜 초회차 할 땐 너무 재밌었음 무기 개조 , 빌리 징 , 팩션 모든 게 초회차때 ' 만 ' 완벽했음 물론 다 회차 플 할 땐 스카이림 보다 질리는 감 이 없잖아있음 하지만 이 걸 생각 해도 갓 겜임",2018-07-23 11:03:17
377160,Fallout 4,positive,신스 도둑질이나 하는 지하철도 좀도둑들과 황무지에서 깡통조각 걸치고 폼잡는 군벌 양아지들에게 공돌이의 무서움을 보여주자! 방사능과 정신나간 구울들로 가득한 지상은 버리고 지하에서 깔끔하고 고상한 삶을 향유하자! 인스티튜트 화이팅!,신스 도둑질 이나 하는 지하철도 좀도둑 들 과 황무지 에서 깡통 조각 걸 치고 폼 잡는 군벌 양 아지 들 에게 공 돌이 의 무서움 을 보여주자 ! 방사 능 과 정신 나간 구울 들 로 가득한 지상 은 버리고 지하 에서 깔끔하고 고상한 삶 을 향유 하자 ! 인스티튜트 화이팅 !,2018-07-22 21:17:00
377160,Fallout 4,positive,베데스다 게임들은 플레이 시간을 10으로 치자면 모드까는데 8 플레이가 2임 다른건 안깔더라도 CBBE 바디랑 원자의 아름다움 물리학 적용된건 깔고 해라,베데스다 게임 들 은 플레이 시간 을 10 으로 치자 면 모드 까는데 8 플레이 가 2 임 다른건 안 깔더라도 CBBE 바디 랑 원자 의 아름다 움 물리학 적용 된건 깔고 해 라,2018-07-21 23:51:47
377160,Fallout 4,positive,으으음... 좀더 해보고 평가해볼게요,으으 음 ... 좀더 해보고 평가 해볼게요,2018-07-21 13:58:40
377160,Fallout 4,positive,폴아웃76같은 개똥겜 말고 제대로된 폴아웃5나 만들어주세요 토도 하와도상,폴아웃 76 같은 개똥겜 말고 제대로 된 폴아웃 5 나 만들어주세요 토도 하와 도상,2018-07-18 05:00:01
377160,Fallout 4,positive,버그가 있긴하지만 재미만큼은 최상,버그 가 있긴하지만 재미 만큼은 최상,2018-07-17 15:03:29
377160,Fallout 4,positive,시간 가는줄 모르고 하고있습니다 감사합니다,시간 가는줄 모르고 하고있습니다 감사합니다,2018-07-15 18:21:41
377160,Fallout 4,positive,난 니네들중 아무도 도와주고 싶지 않아 시발들아,난 니 네 들 중 아무 도 도와주고 싶지 않아 시발 들 아,2018-07-14 00:00:34
377160,Fallout 4,positive,이게임 좀 한거 같은데 아직도 곱등이보면 소름돋아서 게임끔 ㅋ,이 게임 좀 한 거 같은데 아직도 곱등이 보면 소름 돋아서 게임 끔 ㅋ,2018-07-12 13:53:16
377160,Fallout 4,positive,play time 600hours,play time 600 hours,2018-07-11 13:03:22
377160,Fallout 4,positive,파워아머가 너무 간지난다,파워 아 머 가 너무 간지난다,2018-07-09 08:55:39
377160,Fallout 4,positive,스카이림보다 재밌고 폴아웃3보다 재밌음,스카이림 보다 재밌고 폴아웃 3 보다 재밌음,2018-07-08 11:48:43
377160,Fallout 4,positive,적들이 불쌍해지는 게임 (데스클로는 빼고),적 들 이 불쌍해지는 게임 ( 데스 클 로는 빼고 ),2018-07-08 03:26:20
377160,Fallout 4,positive,엘더스크롤과 함께 베데스다를 대표하는 작품이라는데 난 모르겠다.,엘더스크롤 과 함께 베데스다 를 대표 하는 작품 이라는 데 난 모르겠다 .,2018-07-08 00:32:04
377160,Fallout 4,positive,dlc 같은 경우는 그냥 호구를 위한 dlc 라는게 함정. 솔직히 말해서 게임을 하다보면 이 게임을 추천한다는 소리 안하고 싶으나 게임성 만큼은 인정 할수 밖에 없게됨. 여기서 또 함정! 콘솔 쓰지 맙시다... 저는 이미 콘솔이라는 마약에 손을 대어 끊을수가 없게 되었습니다. 콘솔 쓰는 순간 이 레이더들이 제트를 왜 하는지 이해가 갑니다.,dlc 같은 경우 는 그냥 호구 를 위 한 dlc 라는 게 함정 . 솔직히 말 해서 게임 을 하다 보면 이 게임 을 추천 한다는 소리 안 하고 싶으나 게임 성 만큼은 인정 할수 밖에 없게 됨 . 여기 서 또 함정 ! 콘솔 쓰지 맙시 다 ... 저 는 이미 콘솔 이라는 마약 에 손 을 대어 끊을수가 없게 되었습니다 . 콘솔 쓰는 순간 이 레이더 들 이 제트 를 왜 하는지 이해 가 갑니다 .,2018-07-07 18:47:29
377160,Fallout 4,positive,버그랑 스토리 뺴고는 다 좋다,버그 랑 스토리 뺴고 는 다 좋다,2018-07-07 13:39:29
377160,Fallout 4,positive,"게임속에서 핵전쟁컨셉잡은것 마음에들었다. 근데 베데스다 게임은 타격감이 일단은 병진이고, 최적화가 별로안되어있다.","게임 속 에서 핵전쟁 컨셉 잡은것 마음 에 들었다 . 근데 베데스다 게임 은 타 격감 이 일단 은 병진 이고 , 최적화 가 별로 안되어있다 .",2018-07-07 01:17:26
377160,Fallout 4,positive,언제 200시간 했지?,언제 200시간 했지 ?,2018-07-06 12:10:31
377160,Fallout 4,positive,모드깔면 꿀잼이다,모드 깔면 꿀잼 이다,2018-07-05 20:14:08
377160,Fallout 4,positive,이게임도 최소한의 재미는 보장하는데 최고의 재미를 못주는 존나게 아쉬운 게임이지 진짜 상상을 뛰어넘는 재미란 존재하지 않았다. 그래도 평타는 치니까...,이 게임 도 최소한 의 재미 는 보장 하는데 최고 의 재미 를 못 주는 존나 게 아쉬운 게임 이지 진짜 상상 을 뛰어넘는 재미 란 존재 하지 않았다 . 그래도 평타 는 치 니까 ...,2018-07-04 07:43:06
377160,Fallout 4,positive,솔직하게 고백하자면 나는 복돌로 이 게임 엔딩을 한번 봤음. 2회차땐 못보고 3회차인 지금은 게임 자체에 흥미가 없어지긴 했는데 남들이 욕하는 만큼 못 할 겜은 아니라는 것. 그리고 베데스다가 나름대로 자신들의 게임 엔진을 개선하려는 의도는 보이나 그래도 144시대에 60프레임 고정으로 게임을 해야 한다는게 좀 짜증나긴 함.,솔직하게 고백 하자면 나 는 복돌 로 이 게임 엔딩 을 한번 봤음 . 2회 차땐 못 보고 3회 차인 지금 은 게임 자체 에 흥미 가 없어지긴 했는데 남 들 이 욕 하는 만큼 못 할 겜 은 아니라는 것 . 그리고 베데스다 가 나름 대로 자신 들 의 게임 엔진 을 개선 하려는 의도 는 보이 나 그래도 144시 대에 60 프레임 고정 으로 게임 을 해야 한다는 게 좀 짜증나긴 함 .,2018-07-03 22:57:13
377160,Fallout 4,positive,"현 시점에서 폴아웃 시리즈의 최신작이자 폴아웃 4란 타이틀 보단 떵 4로 더 유명한 게임입니다. 시리즈 전통의 조준 시스템인 V.A.T.S. 를 사용하지 않는게 더 재미있을 정도로 전투, 그 자체의 재미를 확실히 보장하는것도 모자라 전설 몹이 떨구는 전설 템의 추가로 루팅 또한 넘나 즐겁습니다만 스토리를 진행 할수록 왜 찾아야 하는건지, 그리고 왜 도와야 하는건지 모를 산으로 가버린 아들 찾아 3만리와 주요 세력들의 어처구니 없는 사상및 반목도 모자라 본편과의 개연성이 단 1g도 없는 뉴카월드DLC의 레이더","현 시점 에서 폴아웃 시리즈 의 최신 작 이자 폴아웃 4 란 타이틀 보단 떵 4 로 더 유명한 게임 입니다 . 시리즈 전통 의 조준 시스템 인 V . A . T . S . 를 사용 하지 않는게 더 재미있을 정도 로 전투 , 그 자체 의 재미 를 확실히 보장 하는것도 모자라 전설 몹 이 떨구는 전설 템 의 추가 로 루팅 또한 넘나 즐겁습니다만 스토리 를 진행 할수록 왜 찾아야 하는 건지 , 그리고 왜 도 와야 하는 건지 모를 산 으로 가버린 아들 찾아 3만 리와 주요 세력 들 의 어처구니 없는 사상 및 반 목도 모자라 본 편 과의 개연 성 이 단 1 g 도 없는 뉴카 월드 DLC 의 레이더",2018-07-03 19:07:16
377160,Fallout 4,positive,폴아웃! 폴아웃!폴아웃!폴아웃!폴아웃!폴아웃!폴아웃!폴아웃!,폴아웃 ! 폴아웃 ! 폴아웃 ! 폴아웃 ! 폴아웃 ! 폴아웃 ! 폴아웃 ! 폴아웃 !,2018-07-03 14:52:04
377160,Fallout 4,positive,폴아웃 입문하려고 살기회보다가 여름세일로 싸게사서 하는데 너무 재밌어서 요즘은 집에서 주구장창 이거만함,폴아웃 입문 하려고 살기 회보 다가 여름 세 일로 싸게 사서 하는데 너무 재밌어서 요즘 은 집 에서 주 구 장창 이 거만함,2018-07-02 21:09:27
377160,Fallout 4,positive,뭔가 스토리상 구멍이 많고 엔진은 또 우려먹고 대화문도 요약되어있으며 크리에이션 클럽으로 쓸데없는 업데이트를 반복하지만 이런 점도 다 감안하고 할수 있을만큼 수작이다. 특히 전작들보다 훨씬 진일보하고 좀더 사람다워진 커스터마이징 시스템과 웹만한 슈팅게임보다 더욱 우수한 타격감이 일품이며 파워아머를 입고 미니건으로 적들을 쓸어버릴땐 모 주지사가 된듯한 기분을 느낄수있다. 근데 아무리 그래도 이 엔진을 엘더6가서 또 쓴다는건 좀...,뭔가 스토리 상 구멍 이 많고 엔진 은 또 우려 먹고 대화 문도 요약 되어있으며 크리에이션 클럽 으로 쓸데없는 업데이트 를 반복 하지만 이런 점도 다 감안 하고 할수 있을만큼 수작 이다 . 특히 전작 들 보다 훨씬 진 일보 하고 좀더 사 람다 워진 커스터 마이 징 시스템 과 웹 만 한 슈팅게임 보다 더욱 우수한 타 격감 이 일품 이며 파워 아 머 를 입고 미니건 으로 적 들 을 쓸어 버릴 땐 모 주지 사가 된듯 한 기분 을 느낄수있다 . 근데 아무리 그래도 이 엔진 을 엘더 6 가서 또 쓴다는건 좀 ...,2018-07-01 19:49:02
377160,Fallout 4,positive,이 게임이 갓겜이 되려면 처음에 납치당하는게 아들이 아니라 여자친구였으면 초 갓겜 이었을텐데....,이 게임 이 갓 겜 이 되려면 처음 에 납치 당하는게 아들 이 아니라 여자친구 였으면 초 갓 겜 이었을텐데 ....,2018-06-30 19:07:59
377160,Fallout 4,positive,개 지랄맞은 스토리만 빼면 그래도 폴아웃이라는 타이틀에 걸맞을 게임성을 보여줌. 폴아웃에 걸맞게 버그도 상당히 많음. 토도키 하와도상...,개 지랄 맞은 스토리 만 빼면 그래도 폴아웃 이라는 타이틀 에 걸 맞을 게임 성 을 보여줌 . 폴아웃 에 걸 맞게 버그 도 상당히 많음 . 토도 키 하와 도상 ...,2018-06-30 17:52:52
377160,Fallout 4,positive,good,good,2018-06-29 23:58:25
377160,Fallout 4,positive,폴아웃76이 멀티플레이라는게 슬플따름 ㅠㅠ 베데스다 다시 스토리겜에 집중해줘 제발 ㅠㅠ,폴아웃 76 이 멀티플레이 라는 게 슬플 따름 ㅠㅠ 베데스다 다시 스토리 겜 에 집중 해줘 제발 ㅠㅠ,2018-06-29 23:42:25
377160,Fallout 4,positive,폴아웃 시리즈를 재밌게 플레이한 나로써는 정말 재밌는 게임 초반에는 애들이 강해서 맨날 도망다녔지만(아주어려움으로 해서 애들이 쌘듯) 지금은 쌘애들 찾아댕기면서 도장깨기중 심심할때는 다이아몬드 시티에서 시민들이랑 '스와터'를 하는데 져본적이 없다 (아마 104승 0패?) 가끔 크리에이션 클럽 때문에 업데이트 하는데 모드를 사용안하는 나로써는 정말 쓸모없는 업데이트이다. (업데이트날마다 게임버전을 다운시키고 한글패치를 다시해야하는 귀찮은점이있다) 마지막으로 두더지쥐 질병 이 개같은거 영원히 치료안되서 짜증난다 (치료할려면 모드를,폴아웃 시리즈 를 재밌게 플레이 한 나로 써는 정말 재밌는 게임 초반 에는 애 들 이 강해서 맨날 도망 다녔지만 ( 아주 어려움 으로 해서 애 들 이 쌘듯 ) 지금 은 쌘애들 찾아 댕기 면서 도장 깨기 중 심심할 때 는 다이아몬드 시티 에서 시민 들 이랑 ' 스와터 ' 를 하는데 져 본적 이 없다 ( 아마 104 승 0 패 ?) 가끔 크리에이션 클럽 때문 에 업데이트 하는데 모드 를 사용 안 하는 나로 써는 정말 쓸모없는 업데이트 이다 . ( 업데이트 날 마다 게임 버전 을 다운 시키고 한글패치 를 다시 해야하는 귀찮은 점 이 있다 ) 마지막 으로 두더지쥐 질병 이 개 같은거 영원히 치료 안되서 짜증난다 ( 치료 할려면 모드 를,2018-06-29 16:32:17
377160,Fallout 4,positive,가갓,가 갓,2018-06-29 14:19:49
377160,Fallout 4,positive,절대로 개별 제품 구매 하지마시고 할인할때 시즌 패스 구매하시길 고티를 사던가... 나름 할인할때 사기 시작한건데 시즌 패스 할인할때 진작 사둘걸 하고 후회됨...이제와선 개별적으로 하나씩 사고잇음 ㅋㅋ..,절대로 개별 제품 구매 하지 마시고 할인 할 때 시즌 패스 구매 하시길 고 티 를 사던가 ... 나름 할인 할 때 사기 시 작 한 건데 시즌 패스 할인 할 때 진작 사 둘걸 하고 후회됨 ... 이제 와 선 개별 적 으로 하나 씩 사고 잇음 ㅋㅋ ..,2018-06-28 10:08:59
377160,Fallout 4,positive,"3회차 플레이 유저 입니다. 폴아웃....???이라기보단 폴아웃 외전?? 인 느낌이 나는 액션 알피지 게임이라는 생각이 들었습니다. 좆같은 대화 시스템 고맙다 베데스다 개객기들아 그래도 뭐 폴아웃이라는 이름값 정도는 하는 게임이었습니다... 장점 그나마 다양해진 무기류 전설 시스템 추가 간단해진 퍽 시스템 던전, 볼거리가 많음. 인상적인 동료. 더 나은 NPC AI, NPC 또는 동료의 장비를 마음대로 커스텀 마이징 퍽 시스템 변경. 단점 좆같은 대화 시스템 ( 폴아웃 3 , 뉴 베가스 대화 시스템이 어때서??? 오히려 게임","3회 차 플레이 유저 입니다 . 폴아웃 ....??? 이라기보단 폴아웃 외전 ?? 인 느낌 이 나 는 액션 알피 지 게임 이라는 생각 이 들었습니다 . 좆 같은 대화 시스템 고맙다 베데스다 개객기 들 아 그래도 뭐 폴아웃 이라는 이름 값 정도 는 하는 게임 이었습니다 ... 장점 그나마 다양해진 무기 류 전설 시스템 추가 간단해진 퍽 시스템 던전 , 볼거리 가 많음 . 인상 적 인 동료 . 더 나은 NPC AI , NPC 또는 동료 의 장비 를 마음대로 커 스텀 마이 징 퍽 시스템 변경 . 단점 좆 같은 대화 시스템 ( 폴아웃 3 , 뉴 베가스 대화 시스템 이 어때서 ??? 오히려 게임",2018-06-26 19:56:37
377160,Fallout 4,positive,왜 평가가 안좋은지 모르겠다 모드 돈받고 파는건 양심을 폴아웃3에 놓고 온것 같긴 하다만 모드가 필요 없을 정도로 기본도 재미있다 전투 시스템도 나쁘지 않고 전작들에 비해서 스토리가 부족하긴 하지만 스토리가 좋고 오픈월드도 잘 이용한것 같다,왜 평가 가 안좋은지 모르겠다 모드 돈 받고 파는건 양심 을 폴아웃 3 에 놓고 온것 같긴 하다만 모드 가 필요 없을 정도 로 기본 도 재미있다 전투 시스템 도 나쁘지 않고 전작 들 에 비 해서 스토리 가 부족하긴 하지만 스토리 가 좋고 오픈월드 도 잘 이용 한 것 같다,2018-06-26 15:53:32
377160,Fallout 4,positive,버부분은 대그입니다.,버부분 은 대 그 입니다 .,2018-06-23 23:29:14
377160,Fallout 4,positive,뒤질 나이를 훨씬넘은 틀딱할배와 세기말 심즈를 체험하는 갓-겜,뒤질 나이 를 훨씬 넘은 틀 딱 할배 와 세기말 심즈 를 체험 하는 갓 - 겜,2018-06-23 19:43:53
377160,Fallout 4,positive,"이게 왜 평가가 안좋은지 잘 모르겠다. 굳이 모드가 필요 없을 정도의 완성도, 전작에 비하면 분위기가 많이 밝아진 감은 있지만 여전히 폴아웃의 세기말 분위기는 넘사벽이다. 인물 텍스쳐도 스카이림에 비해서 매우 개선되었고, 붕쯔붕쯔거리던 모션도 많이 자연스러워졌다.솔직히 버그픽스, 언오피셜 패치도 필요없다. 괜히 언오피셜 깔아서 한패만 깨진다. 나도 가끔 버그 걸려보긴 했는데, 회차 돌 때 한번 걸릴까 말까한 정도였다. 괜히 모드 막 깔아서 버그 좆망겜거리진 말자. 그래도 혹시 메인퀘에도 가끔 버그걸리면 답 없으니 세이브는 잘 하자.","이 게 왜 평가 가 안좋은지 잘 모르겠다 . 굳이 모드 가 필요 없을 정도 의 완성 도 , 전작 에 비 하면 분위기 가 많이 밝아진 감은 있지만 여전히 폴아웃 의 세기말 분위기 는 넘사벽 이다 . 인물 텍스쳐 도 스카이림 에 비 해서 매우 개선 되었고 , 붕쯔붕쯔 거리 던 모션 도 많이 자연스러워졌다 . 솔직히 버그 픽스 , 언 오피 셜 패치 도 필요없다 . 괜히 언 오피 셜 깔아서 한 패 만 깨진다 . 나도 가끔 버그 걸려 보긴 했는데 , 회차 돌 때 한번 걸릴까 말 까한 정도 였다 . 괜히 모드 막 깔아서 버그 좆망 겜 거리 진 말 자 . 그래도 혹시 메인 퀘 에도 가끔 버그 걸리면 답 없으니 세이브 는 잘 하자 .",2018-06-23 13:28:15
377160,Fallout 4,positive,아니 폴아웃도 그렇고 다잉라이트도 그렇고 사고 난후에 할인을 해주냐 ....ㅠㅠ개빡치네,아니 폴아웃 도 그렇고 다 잉 라이트 도 그렇고 사고 난후 에 할인 을 해주냐 .... ㅠㅠ 개 빡치네,2018-06-22 19:41:37
377160,Fallout 4,positive,실망스러운 점도 많지만 충분히 재밌는 게임,실망 스러운 점도 많지만 충분히 재밌는 게임,2018-06-22 12:08:11
377160,Fallout 4,positive,떵겜이지만 취향저격이다,떵겜 이지만 취향 저격 이다,2018-06-22 09:26:35
377160,Fallout 4,positive,이 게임 자체는 좋으나 유일하게 DLC 누카콜라 월드는 쓰레기이다 그것을 제외하여서 구매하라.,이 게임 자체 는 좋으나 유일하게 DLC 누카 콜라 월드 는 쓰레기 이다 그것 을 제외 하 여서 구매 하라 .,2018-06-22 01:47:25
377160,Fallout 4,positive,광활한 오픈필드 그레잇,광활한 오픈 필드 그레잇,2018-06-21 18:37:19
377160,Fallout 4,positive,꺼무위키 나라 가보면 뭔가 말이 많더군요 문제점이 어쩌고 저쩌고 모드를 돈받고 팔겠다고 한건 정말 병신같았지만어디가서 이런게임 찾기 정말 힘들다는것도 사실입니다쓰다보니 길어졌는데요 결론은.....아 몰랑 잼있어여러분 세일할때 사서 하세유 추신: 왜인진 모르겠지만 어떤 컴퓨터로는 전체화면이 켜지지 않는 증상이 있습니다게임폴더 내 파일을 건드려 봐도 안되고 런쳐써도 아무런 변화가 없습니다. 원인은 정말 모르겠습니다 그러니 사고 다운받으시고 꼭 실행 시켜 보세요,꺼 무 위키 나라 가보면 뭔가 말 이 많더군요 문제점 이 어쩌 고 저쩌 고 모드 를 돈 받고 팔겠다고 한 건 정말 병신 같았지만 어디가 서 이런 게임 찾기 정말 힘들다는것도 사실 입니다 쓰다 보니 길어졌는데요 결론 은 ..... 아 몰랑 잼있어 여러분 세 일 할 때 사서 하세 유 추신 : 왜인 진 모르겠지만 어떤 컴퓨터 로는 전체 화면 이 켜지지 않는 증상 이 있습니다 게임 폴더 내 파일 을 건드려 봐도 안되고 런쳐써 도 아무런 변화 가 없습니다 . 원인 은 정말 모르겠습니다 그러니 사고 다운 받으시고 꼭 실행 시켜 보세요,2018-06-21 03:58:12
377160,Fallout 4,positive,넥서스로 의한 넥서스를 위해 탄생된 게임이라고 해도 될정도로 넥서스로 하는 모드만 재미를 주었을뿐 그 이상 이하도 얻어내지 못했다. 또한 이게임은 버그로 잦은 불러오기와 저장을 필수시 해야한다는 점이 너무 불편했다하지만 대화를 선택하고 총을 쏘고 미션의 선택으로 스토리의 방향이 나의 선택으로 이뤄진다는점은 참신하고 재밌었다만 그걸로 인하여받는 영향또한 있었다. 그것은 바로 내가 데리고 다니는 동료(조연)들이였다 솔직히 강아지 빼고는 옳고 그름에 충실한 동료들이였기에 같이 데리고 다니면올바른 플레이밖에 못했다 그렇다고 혼자다니자니 너,넥서스 로 의한 넥서스 를 위해 탄생 된 게임 이라고 해도 될 정도 로 넥서스 로 하는 모드 만 재미 를 주었을 뿐 그 이상 이하 도 얻어내지 못 했다 . 또한 이 게임 은 버그 로 잦은 불러 오기 와 저장 을 필수 시 해야 한다는 점 이 너무 불편했다하지만 대화 를 선택 하고 총 을 쏘고 미션 의 선택 으로 스토리 의 방향 이 나 의 선택 으로 이뤄진다는 점 은 참신하고 재밌었다만 그 걸 로 인하여 받는 영향 또한 있었다 . 그것 은 바로 내 가 데리 고 다니는 동료 ( 조연 ) 들이였다 솔직히 강아지 빼고는 옳고 그름 에 충실한 동료 들이였기에 같이 데리 고 다니면 올바른 플레이 밖에 못 했다 그렇다고 혼자 다니 자니 너,2018-06-21 02:54:44
377160,Fallout 4,positive,게임은 아직도 유저들이 많을 정도로 재미있습니다 . 그러나 . 버그를 유저들이 고치는 이상한 회사의 게임.... 모딩으로 버그고쳐주는 모더들 없었으면 반도 안팔렸을것으로 추정되는 게임. 게임 구매하실분들은.. 꼭 버그 픽스 해주는 모드들 설치해줴요 . 괜히 무한으로 땅으로 내려간다던가 하늘로 날라간다던가 등등으로 충격먹지 말고요 . - 아 차 스카이림도 유저들이 버그 고쳐주었지요 .. -,게임 은 아직도 유저 들 이 많을 정도 로 재미있습니다 . 그러나 . 버그 를 유저 들 이 고치는 이상한 회사 의 게임 .... 모딩 으로 버그 고쳐주는 모 더 들 없었으면 반도 안 팔렸을것으로 추정 되는 게임 . 게임 구매 하실 분 들 은 .. 꼭 버그 픽스 해주는 모드 들 설치 해 줴 요 . 괜히 무한 으로 땅 으로 내려간다던가 하늘 로 날라 간다던가 등등 으로 충격 먹지 말고요 . - 아 차 스카이림 도 유저 들 이 버그 고쳐주었지요 .. -,2018-06-19 12:59:45
377160,Fallout 4,positive,모드를 깔아야 완성되는 이상한 게임,모드 를 깔아야 완성 되는 이상한 게임,2018-06-19 10:33:41
377160,Fallout 4,positive,폴아웃 이전 시리즈들은 안해보고 이거로 입문했는데 되게 재밌게 했따 전투가 좀 노잼인거만 빼면 컨셉플레이를 하든 모딩질을 하든 재밌게 할수 있어서 좋다,폴아웃 이전 시리즈 들 은 안 해보고 이 거 로 입문 했는데 되게 재밌게 했 따 전투 가 좀 노잼 인 거만 빼면 컨셉 플레이 를 하든 모딩질 을 하든 재밌게 할수 있어서 좋다,2018-06-19 10:26:24
377160,Fallout 4,positive,개꿀잼,개꿀잼,2018-06-18 11:06:30
377160,Fallout 4,positive,으아아아 벌래다 미친 벌래벌래,으아아 아 벌 래 다 미친 벌 래 벌 래,2018-06-18 04:43:25
377160,Fallout 4,positive,"버그야 어쨌뜬간에 재미는 확실히 보장한다. 단, 치트는 되도록 남발하지 말것 난이도 급락으로 너무 질린다.","버그 야 어쨌뜬간 에 재미 는 확실히 보장 한다 . 단 , 치트 는 되도록 남발 하지 말것 난이도 급락 으로 너무 질린다 .",2018-06-17 14:36:10
377160,Fallout 4,positive,모드하다끝나는겜. 재밌음,모드 하다 끝나는 겜 . 재밌음,2018-06-17 00:37:37
377160,Fallout 4,positive,바퀴벌래 넘 귀엽고,바퀴 벌 래 넘 귀엽고,2018-06-16 01:41:49
377160,Fallout 4,positive,제 캐릭터는 광부 안전모를 쓰고 멋쟁이 선글라스를 착용한 한손에 거대한 파워피스트를 끼고 있는 빨간 드레스를 입은 남자입니다. 이상하다고 생각하지 마세요 이 세계에서는 그나마 정상이거든요.,제 캐릭터 는 광부 안전모 를 쓰고 멋쟁이 선글라스 를 착용 한 한 손 에 거대한 파워 피스 트 를 끼 고 있는 빨간 드레스 를 입은 남자 입니다 . 이상하다고 생각 하지 마세요 이 세계 에서는 그나마 정상 이 거든요 .,2018-06-15 23:56:59
377160,Fallout 4,positive,이런 꿀잼,이런 꿀잼,2018-06-15 00:51:25
377160,Fallout 4,positive,핡 재미있다,핡 재미있다,2018-06-15 00:48:23
377160,Fallout 4,positive,"Because I know, war... war never changes.","Because I know , war ... war never changes .",2018-06-14 23:52:29
377160,Fallout 4,positive,갸꿀잼 엘더스크롤6 나온다 갓갓베데다스 ㅠㅠㅠㅠㅠ,갸꿀잼 엘더스크롤 6 나온다 갓 갓 베데 다스 ㅠㅠㅠㅠㅠ,2018-06-11 23:55:07
377160,Fallout 4,positive,분위기 76 크리이에션클럽 팔이만 하지 마라 토도키야,분위기 76 크리 이 에 션 클럽 팔이만 하지 마라 토도 키 야,2018-06-11 13:02:34
377160,Fallout 4,positive,버그로 겜 말아먹음,버그 로 겜 말아먹음,2018-06-11 09:25:23
377160,Fallout 4,positive,치명적인 버그가 많다. 그런데 대부분 모드로 해결가능하다. 유저들도 해결해내는 버그들을 도대체 개발팀은 검수조차 안한건가. 근데 재밌다. 버그도 재밌다.,치명 적 인 버그 가 많다 . 그런데 대부분 모드 로 해결 가능하다 . 유저 들 도 해결 해내는 버그 들 을 도대체 개발 팀 은 검수 조차 안 한 건가 . 근데 재밌다 . 버그 도 재밌다 .,2018-06-08 10:01:16
377160,Fallout 4,positive,아직 많이 해보지는 않았지만 모드질이 제일 재밌음,아직 많이 해보지는 않았지만 모드 질 이 제일 재밌음,2018-06-08 04:11:05
377160,Fallout 4,positive,"베데스다식 오픈월드는 언제나 재미있네요. 전투는 확실히 재미있는 부분이고 모션도 전작에 비해 크게 개선되어 탐험하는 재미가 있습니다. 메인스토리 부분은 아쉬움이 남으나 , 게임 본연의 재미는 확실하니 세일가로 입문하시는걸 추천드립니다. ??? : As usual, I've got something else for you.","베데스다 식 오픈월드 는 언제나 재미있네요 . 전투 는 확실히 재미있는 부분 이고 모션 도 전작 에 비해 크게 개선 되어 탐험 하는 재미 가 있습니다 . 메인 스토리 부분 은 아쉬움 이 남으나 , 게임 본연 의 재미 는 확실하니 세 일 가로 입문 하시는걸 추천 드립니다 . ??? : As usual , I ' ve got something else for you .",2018-06-07 17:47:24
377160,Fallout 4,positive,1200시간 하고말해준다. 일단 재밋다. 빌리징하면 시간가는줄모른다 빌리징하면 문명따위는 타임머신도 아니다. 전작에비해 각각 팩션의 흐름이 단조롭다 뭔가 내가선택지를 바꿔도 결국 마지막엔 하나로 길이통한다 뉴베가스나 폴아웃3은 안그랫는데 그리고 버그가 존나많다 ㅋㅋㅋㅋ 그리고 dlc맵이 너무 빈약하다 특히 누카월드. 누카월드 주변은 진짜 아무것도없는 황무지 그자체다. 그 모든건 모드로 채워나가야한다. 그래서 폴아웃4가 욕먹고있는것도있지. 내용은부실하고 모드에모든걸 맡겨버리는 베데스다의 자세가 유져들한텐 맘에안들지,1200시간 하고말 해준다 . 일단 재밋다 . 빌리 징 하 면 시간 가는줄 모른다 빌리 징 하 면 문명 따위 는 타임머신 도 아니다 . 전작 에 비해 각각 팩션 의 흐름 이 단조롭다 뭔가 내 가선 택지 를 바꿔도 결국 마지막 엔 하나로 길이 통한 다 뉴 베가스 나 폴아웃 3 은 안 그 랫 는데 그리고 버그 가 존나 많다 ㅋㅋㅋㅋ 그리고 dlc 맵 이 너무 빈약하다 특히 누카 월드 . 누카 월드 주변 은 진짜 아무 것 도 없는 황무지 그 자체 다 . 그 모든 건 모드 로 채워나가 야한다 . 그래서 폴아웃 4 가 욕먹고있는것도 있지 . 내용 은 부실하고 모드 에 모든 걸 맡겨 버리는 베데스다 의 자세 가 유 져 들 한텐 맘 에 안 들 지,2018-06-07 12:19:44
377160,Fallout 4,positive,9천원주고 사서 합니다 당근 갓ㅡ겜^^,9천원 주고 사서 합니다 당근 갓 ㅡ 겜 ^^,2018-06-06 17:46:40
377160,Fallout 4,positive,너무 꿀잼 이거5회차인데도..dlc들도 돈아깝지않다,너무 꿀잼 이 거 5회 차인데도 .. dlc 들도 돈 아깝지 않다,2018-06-05 17:23:01
377160,Fallout 4,positive,한글판이 없어서 한글패치 받아서 깔면 맨날 다른패치때문에 초기화 됨 한글패치 받기 귀찮아서 접음 근데 200시간넘게했네....,한글 판이 없어서 한글패치 받아서 깔면 맨날 다른 패치 때문 에 초기 화 됨 한글패치 받기 귀찮아서 접음 근데 200시간 넘게했네 ....,2018-06-04 01:47:43
377160,Fallout 4,positive,재미는 있는데 만듦새가 진짜 말도 안 되게 쓰레기 같은 부분이 종종 보임,재미 는 있는데 만듦 새 가 진짜 말 도 안 되게 쓰레기 같은 부분 이 종종 보임,2018-06-01 15:58:20
377160,Fallout 4,positive,"스토리 면에서는 전작들에 비해 2% 부족한 감이 있으나 비약적인 시스템 개편, 그리고 광대해진 오픈월드 때문에 탐험하는 재미가 있는 등 즐길만 한 게임. . . . . 하지만 이러한 재미와 행복은 모두가 즐길 가치가 있습니다. 게임을 즐기시기 전에 거너들로부터 공격받고 있는 정착지를 도와주시기를 바랍니다. 여기, 지도상에 표시해 드리겠습니다.","스토리 면 에서는 전작 들 에 비해 2% 부족한 감 이 있으나 비약 적 인 시스템 개편 , 그리고 광대해진 오픈월드 때문 에 탐험 하는 재미 가 있는 등 즐길만 한 게임 . . . . . 하지만 이러한 재미 와 행복 은 모두 가 즐길 가치 가 있습니다 . 게임 을 즐기시기 전 에 거너 들 로부터 공격 받고 있는 정착 지를 도와주시 기를 바랍니다 . 여기 , 지도 상 에 표시 해 드리겠습니다 .",2018-05-31 17:18:47
377160,Fallout 4,positive,딴 건 모르겠고 사세요,딴 건 모르겠고 사세요,2018-05-31 00:48:01
377160,Fallout 4,positive,재밌음,재밌음,2018-05-30 13:06:29
377160,Fallout 4,positive,"이 게임을 플레이하고 인생이 망했습니다. 빨아재끼던 회사가 이거보다 더 곰보겜 만들고 몰락한 뒤, 신뢰와 믿음의 절대존버를 탄 지금 저의 신뢰와 믿음은 빛나는 바다꼴이 나버렸습니다. 생김새는 베히모스인데 외형은 발광구울, 빨아제끼는 회사마저 굿네이버 당했으니 전 이제 잃을게 없어져버렸습니다. 포스트 아포칼립스에 인생을 첨가하면 어느정도가 되는지 보여드리겠습니다. 제 미닛맨은 원자교 신도만 받습니다.","이 게임 을 플레이 하고 인생 이 망했습니다 . 빨 아 재 끼던 회사 가 이 거 보다 더 곰보 겜 만들고 몰락한 뒤 , 신뢰 와 믿음 의 절대존버 를 탄 지금 저 의 신뢰 와 믿음 은 빛나는 바다 꼴 이 나 버렸습니다 . 생김새 는 베히모스 인데 외형 은 발광 구울 , 빨 아 제 끼 는 회사 마저 굿 네이버 당했으니 전 이제 잃을게 없어져 버렸습니다 . 포스트 아포칼립스 에 인생 을 첨가 하면 어느 정도 가 되는지 보여 드리겠습니다 . 제 미닛맨 은 원자 교 신도 만 받습니다 .",2018-05-29 17:56:23
377160,Fallout 4,positive,모드들 까는데만 14시간 걸리는 좆같은 게임 그런데 이 점이 베데스다 게임의 최대 장점이자 단점. 베데스다 게임은 모드로 완성되는데다 모드가 많다는것은 그만큼 유저의 입맛대로 커스텀이 가능하다는 게 되지만 그만큼 존나 오래걸리고 성격 급한 사람은 중간에 포기하는 경우가 많음. 게다가 모드 깔았다고 다가 아니라 수백개에 달하는 모드들 서로 호환되는지도 봐줘야 하고 혹여나 튕기는 날엔 그날 게임 다한거임. 난 모드 200개 까는데 14시간 걸리지만 석유들은 400개는 기본이고 500개도 깔은 사람 카페에서 본 적 있다. 스카이림에 비하,모드 들 까는데만 14시간 걸리는 좆 같은 게임 그런데 이 점 이 베데스다 게임 의 최대 장점 이자 단점 . 베데스다 게임 은 모드 로 완성 되는데다 모드 가 많다는것은 그만큼 유저 의 입맛 대로 커 스텀 이 가능하다는 게 되지만 그만큼 존나 오래 걸리고 성격 급한 사람 은 중간 에 포기 하는 경우 가 많음 . 게다가 모드 깔았다고 다가 아니라 수백 개 에 달 하는 모드 들 서로 호환 되는지도 봐줘야 하고 혹 여 나 튕기 는 날 엔 그날 게임 다한 거임 . 난 모드 200 개 까는데 14시간 걸리지만 석유 들 은 400 개는 기본 이고 500 개도 깔은 사람 카페 에서 본 적 있다 . 스카이림 에 비하,2018-05-24 20:34:30
377160,Fallout 4,positive,별로 안하긴 했는데 나름 잘했어요. 다만 버그들이 좀 많고 스카이림에서 바뀐거라곤 시대배경이랑 무기들 그 이외에는 별차이를 못느겼습니다. 스카이림이랑 이거랑 나름 재미지게 했네요. 그리고 21:9지원안되신다는 분들을 몇분 보았는데 제가 21:9로 플레이중입니다. 공식 설정창에는 없지만 런처한번 실행하면 내문서에 수동으로 해상도 지정하는거 그거 설정해보세요. 그럼 설정한 해상도로 잘 됩니다. 지금은 크리에이션 클럽때문에 많이 욕을 먹고있긴한데 시간때우거나 걍 아무생각없이 할때는 할만합니다. 그리고 이건 엔진이지 게임이 아닙니다. 게,별로 안 하긴 했는데 나름 잘 했어요 . 다만 버그 들 이 좀 많고 스카이림 에서 바뀐거라곤 시 대 배경 이랑 무기 들 그 이외 에는 별 차이 를 못느 겼습니다 . 스카이림 이랑 이 거 랑 나름 재미 지게 했네요 . 그리고 21:9 지원 안되 신다는 분 들 을 몇 분 보았는데 제 가 21:9 로 플레이 중 입니다 . 공식 설정 창 에는 없지만 런처 한번 실행 하면 내 문서 에 수동 으로 해상도 지정 하는거 그거 설정 해보세요 . 그럼 설정 한 해상도 로 잘 됩니다 . 지금 은 크리에이션 클럽 때문 에 많이 욕 을 먹고 있긴한데 시간 때우거나 걍 아무 생각 없이 할 때 는 할만 합니다 . 그리고 이건 엔진 이지 게임 이 아닙니다 . 게,2018-05-23 14:35:17
377160,Fallout 4,positive,폴아웃4 할땐 시간개념이 문명할때랑 비슷해진다,폴아웃 4 할 땐 시간 개념 이 문명 할 때 랑 비슷해진다,2018-05-23 14:18:44
377160,Fallout 4,positive,모드 갓겜,모드 갓 겜,2018-05-23 01:33:34
377160,Fallout 4,positive,오랜만에 꼴려서 시즌패스 사서 다시 했는데 스토리는 안보고 빌리징만 하고있네요 ㅋㅋ 아직까지 닉 발렌타인도 안 구해줬는데 이번 세이브 파일 플탐이 벌써 44시간 지났네요...,오랜 만 에 꼴려서 시즌 패스 사서 다시 했는데 스토리 는 안보 고 빌리 징 만 하고있네요 ㅋㅋ 아직 까지 닉 발렌타인 도 안 구 해줬는데 이번 세이브 파일 플 탐이 벌써 44시간 지났네요 ...,2018-05-23 00:23:52
377160,Fallout 4,positive,"씨벌것,,, 존내 재미있다 심지어 엔딩이나 진행같은거 다봣는데도 불가해도 재미있다 이런빌어먹을,,, dlc 너무한것과 뭐버그,,그 지랄맞은 로딩만뺀다면 참좋을꺼같구먼","씨 벌것 ,,, 존내 재미있다 심지어 엔딩 이나 진행 같은거 다봣는데 도 불가해도 재미있다 이런 빌어먹을 ,,, dlc 너무한것과 뭐 버그 ,, 그 지랄 맞은 로딩 만 뺀다면 참 좋을꺼 같구먼",2018-05-22 22:22:29
377160,Fallout 4,positive,?,?,2018-05-22 12:53:57
377160,Fallout 4,positive,게임이재밌긴 하네요,게임 이 재밌긴 하네요,2018-05-21 04:43:46
377160,Fallout 4,positive,베데스다가 너무 우려먹고 DLC는 제대로된게 거의 없다... 그래픽에 비해 심각한 최적화 정말 명작이다.... 전작에 비해 스토리도 별로고... 그냥 이건 안함..,베데스다 가 너무 우려 먹고 DLC 는 제대로 된게 거의 없다 ... 그래픽 에 비해 심각한 최적화 정말 명작 이다 .... 전작 에 비해 스토리 도 별로 고 ... 그냥 이건 안함 ..,2018-05-20 16:48:56
377160,Fallout 4,positive,스트롱 X스모드 👍👍,스트롱 X 스 모드 👍👍,2018-05-20 14:05:42
377160,Fallout 4,positive,인생겜이지 뽀라웃 맨 요 맨 존나 하루 해적질 해서 하루 먹고 사는 소말리아 해적들도 하는 수퍼 갓겜 소말리아 해적한태 붙잡히면 유노왓 뽈아웃씨리즈 이즈 더 베스트 게임 에벌 아이브 플레이드 이거 1마디면 요~ 맨 유아 나이스 가이 맨~웟 더 뻑 아유 두잉 히얼 맨~ 렛츠 고 투 유얼 홈 아일 가이드 포 유~맨,인생 겜 이지 뽀라웃 맨 요 맨 존나 하루 해적 질 해서 하루 먹고 사는 소말리아 해적 들 도 하는 수퍼 갓 겜 소말리아 해적 한 태 붙잡히면 유노 왓 뽈 아웃 씨 리즈 이즈 더 베스트 게임 에 벌 아이브 플 레이드 이 거 1 마디 면 요 ~ 맨 유아 나이스 가이 맨 ~ 웟 더 뻑 아유 두잉 히 얼 맨 ~ 렛츠 고 투 유얼 홈 아 일 가이드 포 유 ~ 맨,2018-05-18 19:06:06
377160,Fallout 4,positive,21:9 해상도도 지원 안하지 인터페이스는 콘솔용 그대로 적용해서 불편하기 짝이없고 다 참으면서 할래도 심심하면 팅겨대네!!!!! 이따구로 할거면 pc버전은 왜 만들었냐? 근데 재미는 있다.,21:9 해상도 도 지원 안 하지 인터페이스 는 콘솔 용 그대로 적용 해서 불편하기 짝 이 없고 다 참으면서 할래도 심심하면 팅겨 대네 !!!!! 이따 구로 할거면 pc 버전 은 왜 만들었냐 ? 근데 재미 는 있다 .,2018-05-18 14:40:56
377160,Fallout 4,positive,"미국과 중국이 사이좋게 핵폭탄으로 우애를 다지고, 그로 인하여 살기 좋은 아름다운 미국을 배경으로 하는 게임 폴아웃 4 입니다. 이 게임의 배경은 보스턴입니다. 보스턴은 과연 어떤 지역일까요? 이곳은 미국 혁명기 시절에 혁명의 중심지와도 같은 지역이었습니다. 보스턴에서 있었던 대표적인 사건들로는 먼저 보스턴 대학살 사건 (실제로는 5명 사망, 6명 부상.)이 있습니다. 학살 사건이 왜 일어났는지 알기 위해서는 우선 당시 영국의 상황을 알아야 합니다. 당시 영국은 아메리카 대륙에서 프랑스-인디언 동맹을 킹갓엠페러 제국 국","미국 과 중국 이 사이좋게 핵폭탄 으로 우애 를 다지 고 , 그로 인하여 살기 좋은 아름다운 미국 을 배경 으로 하는 게임 폴아웃 4 입니다 . 이 게임 의 배경 은 보스턴 입니다 . 보스턴 은 과연 어떤 지역 일까 요 ? 이 곳 은 미국 혁명 기 시절 에 혁명 의 중심지 와도 같은 지역 이었습니다 . 보스턴 에서 있었던 대표 적 인 사건 들 로는 먼저 보스턴 대 학살 사건 ( 실제 로는 5 명 사망 , 6 명 부상 .) 이 있습니다 . 학살 사건 이 왜 일어났는지 알기 위 해서는 우선 당시 영국 의 상황 을 알아야 합니다 . 당시 영국 은 아메리카 대륙 에서 프랑스 - 인디언 동맹 을 킹갓엠페러 제국 국",2018-05-13 09:06:06
377160,Fallout 4,positive,온갖 모드와 오류 속에 허우적 대다가 세이브가 개판이 되고 결국 안 하게 되었네 근데도 재밌음,온갖 모드 와 오류 속 에 허 우적 대 다가 세이브 가 개판 이 되고 결국 안 하게 되었네 근 데 도 재밌음,2018-05-12 22:53:21
377160,Fallout 4,positive,스카이림으로부터의 발전도 있고..배울 점도 있는.. 2% 부족한 명작.,스카이림 으로부터의 발전 도 있고 .. 배울 점도 있는 .. 2% 부족한 명작 .,2018-05-11 23:47:44
377160,Fallout 4,positive,"명작 폴아웃 시리즈의 최신작. 게임 자체의 외적인 요소는 월등히 발전했다. 게임브리오 엔진의 성능을 극한까지 뽑아내 표현한 물리적, 미술적 요소들은 이 엔진이 10년도 더된 낡은 엔진인지 알 수 없게 만든다. 다만 내용물이 전작들에 비해 많이 부실해진 점이 너무나 아쉽다. 전체적인 스토리텔링이나 퀘스트 구성에 빈틈이 너무도 많으며, 리뉴얼된 대화 시스템과 빌리징 컨텐츠는 실패에 가깝다고 단언할 수 있다. 그럼에도 개별 캐릭터에 입체적인 개성을 부여한 점과, 게임 스토리의 핵심 제재인 '신스'에 대해 플레이어로 하여금 스스로에게 철학","명작 폴아웃 시리즈 의 최신 작 . 게임 자체 의 외적인 요소 는 월등히 발전 했다 . 게임브리오 엔진 의 성능 을 극한 까지 뽑아내 표현 한 물리 적 , 미술 적 요소 들 은 이 엔진 이 10년 도 더 된 낡은 엔진 인지 알 수 없게 만든다 . 다만 내용물 이 전작 들 에 비해 많이 부실해진 점 이 너무나 아쉽다 . 전체 적 인 스토리텔링 이나 퀘스트 구성 에 빈틈 이 너무도 많으며 , 리뉴얼 된 대화 시스템 과 빌리 징 컨텐츠 는 실패 에 가깝다고 단언 할 수 있다 . 그럼에도 개별 캐릭터 에 입체 적 인 개성 을 부여 한 점 과 , 게임 스토리 의 핵심 제재 인 ' 신스 ' 에 대해 플레이어 로 하여금 스스로 에게 철학",2018-05-11 13:01:37
377160,Fallout 4,positive,갓겜,갓 겜,2018-05-11 00:58:37
377160,Fallout 4,positive,재밌어 ㅋ,재밌어 ㅋ,2018-05-10 22:54:31
377160,Fallout 4,positive,떡볶이 먹고싶다,떡볶이 먹고싶다,2018-05-10 20:20:05
377160,Fallout 4,positive,버그만빼면 꿀잼,버그 만 빼면 꿀잼,2018-05-09 21:57:40
377160,Fallout 4,positive,150시간 지루함이 없었던 게임,150시간 지루함 이 없었던 게임,2018-05-08 06:54:53
377160,Fallout 4,positive,폴아웃 시리즈 처음 해보는데 개꿀잼인데 평가 안좋은 이유가 뭐지? 폴아웃4만 해봐서 그런건가 어쨋든 꿀잼 시간 가는줄 모르고 하게되네.,폴아웃 시리즈 처음 해보는데 개꿀잼 인데 평가 안좋은 이유 가 뭐 지 ? 폴아웃 4만 해봐서 그런 건가 어쨋 든 꿀잼 시간 가는줄 모르고 하게되 네 .,2018-05-07 06:30:00
377160,Fallout 4,positive,이 게임은 그래픽이 좋은듯하면서 점토 같은 그래픽이며 최적화 또한 안 좋다 도시 지역에서 프레임 저하가 생긴다 가장 큰 문제는 버그 또한 많고 모드 없이 즐기고 싶은 플레이어는 스트레스를 쌓게 만들 수 있다. 그렇지만 이 게임은 재밌다 인정한다.,이 게임 은 그래픽 이 좋은 듯 하면서 점토 같은 그래픽 이며 최적화 또한 안 좋다 도시 지역 에서 프레임 저하 가 생긴다 가장 큰 문제 는 버그 또한 많고 모드 없이 즐기고 싶은 플레이어 는 스트레스 를 쌓게 만들 수 있다 . 그렇지만 이 게임 은 재밌다 인정 한다 .,2018-05-05 18:52:28
377160,Fallout 4,positive,잼나요,잼나요,2018-05-05 07:32:50
377160,Fallout 4,positive,"바닐라로 2번정도깬 입장에선 정말 할만한 게임.. 군대군대 재미난 요소들이 가득한 게임. 다만 렉도많고 버그도 많고 최적화는 호구에다가 버벅거리는건 일상 렉싱턴에서 사람을 죽였는데 차량이 하늘로 날라다니는 신박한 현상도 볼수있다,, 여러모로 좀 별로다.. 스카이림이 더재미있음; 그리고 DLC 사지마세요 창열 그자체임 할인으로 50% 이상 할인하면 살만한 게임입니다 정가구매 ㄴㄴ해 ;","바닐라 로 2 번 정도 깬 입장 에선 정말 할만 한 게임 .. 군대 군대 재미 난 요소 들 이 가득한 게임 . 다만 렉 도 많고 버그 도 많고 최적화 는 호구 에다가 버벅 거리 는 건 일상 렉싱턴 에서 사람 을 죽였는데 차량 이 하늘 로 날라 다니는 신 박 한 현상 도 볼수있다 ,, 여러 모로 좀 별로 다 .. 스카이림 이 더 재미있음 ; 그리고 DLC 사지 마세요 창열 그 자체 임 할인 으로 50% 이상 할인 하면 살 만 한 게임 입니다 정가 구매 ㄴㄴ 해 ;",2018-05-03 22:08:54
377160,Fallout 4,positive,프레스턴 가비 씨.발 좆.같은 엠흑 니그로 새끼,프레스턴 가비 씨 . 발 좆 . 같은 엠흑 니그로 새끼,2018-05-01 13:46:31
377160,Fallout 4,positive,주인공은 냉동된게아니고 이게임을 한게분명하다 타임머신 그자체,주인공 은 냉동 된게 아니고 이 게임 을 한 게 분명하다 타임머신 그 자체,2018-04-29 20:33:24
377160,Fallout 4,positive,"DLC도 파 하버 빼고는 전부 없느니만 못 하고, 팩션별 퀘스트랑 메인퀘도 딱히 좋다곤 못 하겠음. 본편보단 모드로 살려야하는 게임. 베다스다 식 오픈월드와 여러 랜덤 인카운터 덕에 비추는 안 하고, 특별히 추천으로 해줌. 베다스다 오픈월드 (폴아웃, 스카이림)를 처음 하시는 분이라면 모드질로 부족한 컨텐츠를 보강해주세요.","DLC 도 파 하버 빼고는 전부 없느니만 못 하고 , 팩션 별 퀘스트 랑 메인 퀘 도 딱히 좋다곤 못 하겠음 . 본 편 보단 모드 로 살려 야하는 게임 . 베 다스 다 식 오픈월드 와 여러 랜덤 인 카운터 덕 에 비추는 안 하고 , 특별히 추천 으로 해줌 . 베 다스 다 오픈월드 ( 폴아웃 , 스카이림 ) 를 처음 하시는 분이라면 모드 질 로 부족한 컨텐츠 를 보강 해주세요 .",2018-04-29 16:43:37
377160,Fallout 4,positive,"모드 안깔고 4팩션 엔딩 전부 봤습니다 전작과 다르게 대화할때 엥글이 요리저리 바뀌는게 인상적이더군요. 전체적으로 보면 전작보단 좀 못할지도모르겠지만 폴아웃답게 무난하게 재미있습니다, 추천하는 난이도는 어려움 난이도로 폴아웃 특유의 어려움을 느끼기 딱 적절한 난이도라 생각합니다. 다들 모드 없으면 시체라 하는데 저는 재밌게 했습니다 허나 확실히 dlc는 너무 비싼감이 있네요.","모드 안 깔고 4 팩션 엔딩 전부 봤습니다 전작 과 다르게 대화 할 때 엥 글 이 요리 저리 바뀌는게 인상 적이더군요 . 전체 적 으로 보면 전작 보단 좀 못 할지도 모르겠지만 폴아웃 답 게 무난 하게 재미있습니다 , 추천 하는 난이도 는 어려움 난이도 로 폴아웃 특유 의 어려움 을 느끼기 딱 적절한 난이도 라 생각 합니다 . 다 들 모드 없으면 시체 라 하는데 저 는 재밌게 했습니다 허나 확실히 dlc 는 너무 비싼 감 이 있네요 .",2018-04-28 15:48:33
377160,Fallout 4,positive,이게임은 아빠보다는 엄마로 플레이해야 감정이입이 잘될수있습니다. 여캐를 고르십시오,이 게임 은 아빠 보다는 엄마 로 플레이 해야 감정이입 이 잘 될수있습니다 . 여캐 를 고르십시오,2018-04-25 17:37:29
377160,Fallout 4,positive,팩션들이 좀 엉성한 것 빼고는 잘만든겜 클리어 이후도 모드 때문에 간간히 하게 된다,팩션 들 이 좀 엉 성한 것 빼고는 잘만 든 겜 클리어 이후 도 모드 때문 에 간간히 하게 된다,2018-04-25 16:38:06
377160,Fallout 4,positive,게임이 전반적으로 잘만들었으나 문제점도 많다. 당연히. 그런데도 욕을 하면서 계속하게 되는 마성의 게임. 게임 플레이 그자체에서 오는 재미가 상당함.,게임 이 전반 적 으로 잘 만들었으나 문제점 도 많다 . 당연히 . 그런데도 욕 을 하면서 계속 하게 되는 마 성의 게임 . 게임 플레이 그 자체 에서 오는 재미 가 상당함 .,2018-04-25 02:03:45
377160,Fallout 4,positive,"여전히 구린그래픽, 그지같은 모션등 베데스다 특유의 단점이 존재하지만... 다른 총질하는 오픈월드 게임(먼곳울음5라던가..)하다보면 결국 생각나는게 이 게임이고 주섬주섬 다시인스톨해야할 모드를 찾고 있는 당신을 발견하게 될 것입니다.","여전히 구린 그래픽 , 그지같은 모션 등 베데스다 특유 의 단점 이 존재 하 지만 ... 다른 총 질 하 는 오픈월드 게임 ( 먼 곳 울음 5 라던가 ..) 하다 보면 결국 생각나는게 이 게임 이고 주섬주섬 다시 인스톨 해야 할 모드 를 찾고 있는 당신 을 발견 하게 될 것 입니다 .",2018-04-24 20:21:41
377160,Fallout 4,positive,"조작감이나 시점, 그래픽수준, 개적화, 좀 부족한 메인스토리 등등 문제점은 많지만 이런류의 게임을 처음 해본다먼 충분히 재미있을 것이다.","조 작 감 이나 시점 , 그래픽 수준 , 개 적 화 , 좀 부족한 메인 스토리 등등 문제점 은 많지만 이런 류 의 게임 을 처음 해본다 먼 충분히 재미있을 것 이다 .",2018-04-23 23:34:53
377160,Fallout 4,positive,핵맞고 망한 세상에서 아들찾기,핵 맞고 망한 세상 에서 아들 찾기,2018-04-22 20:01:00
377160,Fallout 4,positive,직선형구조 이다 기존 폴아웃3 스카이림의 자유도를 좋아하는 사람은 별로 좋아할꺼 같지가 않다 베데스다 게임이 다 그렇듯 모든것이 모드로 커버된다,직선형 구조 이다 기존 폴아웃 3 스카이림 의 자유도 를 좋아하는 사람 은 별로 좋아할꺼 같지가 않다 베데스다 게임 이 다 그렇듯 모든 것 이 모드 로 커버 된다,2018-04-22 13:24:32
377160,Fallout 4,positive,"rpg요소가 너프되어 많이 까이지만, 이정도면 수작이상은 된다고 생각한다. 개인적으로는 갓겜반열에 올리고싶다.","rpg 요소 가 너프 되어 많이 까이지만 , 이 정도 면 수작 이상은 된다고 생각 한다 . 개인 적 으로는 갓 겜 반 열 에 올리고싶다 .",2018-04-16 23:02:19
377160,Fallout 4,positive,"넥서스 모드 방법 헤매는 중이었는데, 모드가 스카이림처럼 통합되서 정말 좋은것 같아요게임성은 사람마다 다르겠지만 컨셉에 맞게(근접, 원딜, 도둑, 정착지 등)으로 꾸민다면충분히 오래 롱런 할 게임이라 봅니다","넥서스 모드 방법 헤매는 중 이었는데 , 모드 가 스카이림 처럼 통합 되서 정말 좋은 것 같아 요게 임성은 사람 마다 다르겠지만 컨셉 에 맞게 ( 근접 , 원딜 , 도둑 , 정착 지 등 ) 으로 꾸민다면 충분히 오래 롱런 할 게임 이라 봅니다",2018-04-15 13:18:10
377160,Fallout 4,positive,계인적으론갓겜.,계 인적 으론 갓 겜 .,2018-04-13 23:10:29
377160,Fallout 4,positive,이 게임의 3할은 본편이고 1할은 DLC고 6할 +알파가 넥서스 모드임 게임을 한 40프로정도 만들어서 출시하고 모더들이 나머지를 만들어서 완성하는 느낌,이 게임 의 3 할은 본 편이 고 1 할은 DLC 고 6 할 + 알파 가 넥서스 모드 임 게임 을 한 40 프로 정도 만들어서 출시 하고 모 더 들 이 나머지 를 만들어서 완성 하는 느낌,2018-04-12 19:04:15
377160,Fallout 4,positive,한글패치는 일단 팀 왈도의 최종버전을 패치하고 모드는 카페 부활했으니까 거기서 받아서 하면 됩니다.굳이 가성비 최악인 크리에이션에서 안 사도 되요. 물론 거의 이전 자료 백업한게 대부분이지만 그래도 나름 할만함.그리고 베데스다가 워낙 유저한테 해주는게 없긴 하지만 그렇다고 복돌받는다는 헛소리로 자기합리화 하지 마시고요 싫으면 그냥 하지를 마세요. 일단 추천은 하지만 솔직히 이제와서 dlc까지 정가주고 다 사기에는 아까움.,한글패치 는 일단 팀 왈도 의 최종 버전 을 패치 하고 모드 는 카페 부활 했으니까 거기 서 받아서 하면 됩니다 . 굳이 가성 비 최악 인 크리에이션 에서 안 사도 되요 . 물론 거의 이전 자료 백업 한 게 대부분 이지만 그래도 나름 할만 함 . 그리고 베데스다 가 워낙 유저 한테 해주는게 없긴 하지만 그렇다고 복돌 받는다는 헛소리 로 자기 합리화 하지 마시고요 싫으면 그냥 하지를 마세요 . 일단 추천 은 하지만 솔직히 이제 와 서 dlc 까지 정가 주고 다 사기 에는 아까 움 .,2018-04-10 21:18:44
377160,Fallout 4,positive,플레이하면서 모아온 물자면 다이아몬드 시티보다 더 큰 마을 하나 만들수 있을것 같은데 버그가 좀 많고 좀 불친절한 부분도 있지만 그래도 재미있습니다 그러니까 당장 모드 까세요,플레이 하면서 모아 온 물자 면 다이아몬드 시티 보다 더 큰 마을 하나 만들수 있을것 같은데 버그 가 좀 많고 좀 불친절한 부분 도 있지만 그래도 재미있습니다 그러니까 당장 모드 까세요,2018-04-08 22:19:22
377160,Fallout 4,positive,"처음은 BOS, 2번째는 인스티튜트 쪽으로 클리어하고 추가 DLC까지 클리어했네요. 폴아웃3는 안했는지라 잘 모르겠지만 베데스다 게임 답게 엘더스크롤5 급으로 스토리도 빵빵하고요. 단점은 이 게임에 추가 컨텐츠인 건물 건설기능있는데 엄청나게 불편합니다. 땅이 조금만 울퉁불퉁해도 벽들끼리 연결도 안되고 목재, 콘크리트 벽들끼리 연결도 안되서 답답한 경우가 많이 생길겁니다. 그리고 또 하나의 단점은 이 게임에 나오는 모든세력 하나하나마다 어두운 부분이 존재하는데 스토리를 진행하면서 그걸 해결할 방법이 없어서 찝찝하죠... 해결안된거 같","처음 은 BOS , 2 번 째 는 인스티튜트 쪽 으로 클리어 하고 추가 DLC 까지 클리어 했네요 . 폴아웃 3 는 안 했는지라 잘 모르겠지만 베데스다 게임 답 게 엘더스크롤 5 급 으로 스토리 도 빵빵 하고요 . 단점 은 이 게임 에 추가 컨텐츠 인 건물 건설 기능 있는데 엄청나게 불편합니다 . 땅 이 조금 만 울퉁불퉁해도 벽 들 끼리 연결 도 안되고 목재 , 콘크리트 벽 들 끼리 연결 도 안되서 답답한 경우 가 많이 생길 겁니다 . 그리고 또 하나 의 단점 은 이 게임 에 나오는 모든 세력 하나 하나 마다 어 두운 부분 이 존재 하는데 스토리 를 진행 하면서 그걸 해결 할 방법 이 없어서 찝찝하죠 ... 해결 안된거 같",2018-04-08 15:36:38
377160,Fallout 4,positive,스토리만눈감으면 신세계가 펼쳐지는 매직게임,스토리 만 눈감으면 신세계 가 펼쳐지는 매직 게임,2018-04-07 17:51:41
377160,Fallout 4,positive,"솔직히 메인스토리, DLC는 3와 뉴베가스에 비해서 진짜 별로고, 버그도 상당히 많고, 최적화도 거지라서 맵로딩이나 렉도 많습니다. 하지만 맵디자인 분위기가 진짜 좋기 떄문에 핵전쟁 이후라는 배경과 그분위기때문에 나름 재미있게 즐긴것 같습니다. 개인적으로 폴4는 모드랑 빌리징이랑 파워아머 빼면 족망겜 맞는 것 같습니다. 파워아머 탈 때마다 쌀 것 같애요. 그리고 귀찮으시더라도 만약 최적화모드 잘 설치하시면 꽤 할만한 겜 입니다.","솔직히 메인 스토리 , DLC 는 3 와 뉴 베가스 에 비 해서 진짜 별로 고 , 버그 도 상당히 많고 , 최적화 도 거지 라서 맵 로딩 이나 렉 도 많습니다 . 하지만 맵 디자인 분위기 가 진짜 좋기 떄문 에 핵전쟁 이후 라는 배경 과 그 분위기 때문 에 나름 재미있게 즐긴것 같습니다 . 개인 적 으로 폴 4 는 모드 랑 빌리 징 이랑 파워 아 머 빼면 족망겜 맞는 것 같습니다 . 파워 아 머 탈 때 마다 쌀 것 같 애 요 . 그리고 귀찮으시더라도 만약 최적화 모드 잘 설치 하시면 꽤 할만 한 겜 입니다 .",2018-04-07 02:55:17
377160,Fallout 4,positive,모드 깔면서 하면 개꿀잼입니다.대신 세일 할때 구입하셔야 해요무조건,모드 깔면서 하면 개꿀잼 입니다 . 대신 세 일 할 때 구입 하셔야 해 요 무조건,2018-04-06 19:12:26
377160,Fallout 4,positive,할만함,할만 함,2018-04-05 00:09:37
377160,Fallout 4,positive,이게 고티를 받았다는게 신기하네,이 게 고 티 를 받았다는게 신기하네,2018-04-02 03:05:55
377160,Fallout 4,positive,재미있다. 개인적으론 폴아웃시리즈 중에서도 탑이라고 본다. 전작보다 많은 발전을 했음. 아쉬운 점은 전작보다 떨어지는 스토리상 자유도에 막장짓을 하기는 힘들고 누카월드DLC는 정말 이해가 안가는 이야기 전개. 그리고 심시티짓이 생각보다 너무 버그투성이에 실망이라는 것. 그래도 역대급으로 재밌게 했다. 개인적으로는 유비식 오픈월드보다 베데스다식이 백배 좋다. 다른 DLC는 다 패스해도 되는데 파 하버는 사자.,재미있다 . 개인 적 으론 폴아웃 시리즈 중 에서도 탑 이라고 본다 . 전작 보다 많은 발전 을 했음 . 아쉬운 점 은 전작 보다 떨어지는 스토리 상 자유도 에 막장 짓 을 하기는 힘들고 누카 월드 DLC 는 정말 이해 가 안 가는 이야기 전개 . 그리고 심시티 짓 이 생각 보다 너무 버그 투성이 에 실망 이라는 것 . 그래도 역대 급 으로 재밌게 했다 . 개인 적 으로는 유비 식 오픈월드 보다 베데스다 식이 백배 좋다 . 다른 DLC 는 다 패스 해도 되는데 파 하버 는 사자 .,2018-04-01 04:07:28
377160,Fallout 4,positive,첫느낌은 별로인데 계속하게되는 이상한 매력이 있습니다.,첫 느낌 은 별로 인데 계속 하게 되는 이상한 매력 이 있습니다 .,2018-03-31 21:48:16
377160,Fallout 4,positive,best of best,best of best,2018-03-27 23:50:48
377160,Fallout 4,positive,본편을 파워아머변태들 엔딩으로 가고 누카월드에서 노예들 도와주니 폭탄 목걸이를 빼겠다던 인간들이 며칠 후에 속옷만 입는 변태들이 되어버렸습니다. 그들을 보면 왠지 기분이 나빠져서 이번엔 섬으로 갔더니 광신도들과 사기꾼들 틈바구니의 한줄기 호구를 만났습니다. 그래서 교주를 끔살하고 씐thㅡ로 바꿔줬더니 할게읎네 놘 좌유의 모미 아노ㅑ 다음회차 하러갑니다 ㅅㅅ 이번에는 아들내미의 오른팔이 되어볼까나,본 편 을 파워 아 머 변태 들 엔딩 으로 가고 누카 월드 에서 노예 들 도와주니 폭탄 목걸이 를 빼겠다던 인간 들 이 며칠 후 에 속옷 만 입는 변태 들 이 되어 버렸습니다 . 그 들 을 보면 왠지 기분 이 나빠져서 이번 엔 섬 으로 갔더니 광신도 들 과 사기꾼 들 틈 바구니 의 한 줄기 호구 를 만났습니다 . 그래서 교주 를 끔 살 하고 씐 th ㅡ 로 바꿔 줬더니 할게읎 네 놘 좌 유의 모 미 아노 ㅑ 다음 회차 하러 갑니다 ㅅㅅ 이번 에는 아들내미 의 오른 팔이 되어 볼까 나,2018-03-26 13:42:08
377160,Fallout 4,positive,오픈월드의 레전드 게임. 자유도 높은게임 원한다면 주저없이 추천.,오픈월드 의 레전드 게임 . 자유도 높은 게임 원한다면 주저 없이 추천 .,2018-03-23 22:16:31
377160,Fallout 4,positive,재밌음,재밌음,2018-03-21 10:17:42
377160,Fallout 4,positive,폴아웃4 하면서 가비가 참좋은 인물인데.... 한계상으로 인해서 표현이 이렇게 된게 너무 아쉽게 표현된거같습니다.,폴아웃 4 하면서 가비 가 참 좋은 인물 인데 .... 한계 상 으로 인해서 표현 이 이렇게 된게 너무 아쉽게 표현 된거 같습니다 .,2018-03-21 09:19:32
377160,Fallout 4,positive,닉 발렌타인 않만나고 서브퀘랑 맵모으기만 하면서 다니는데 벌써 다깨면 한번더 하고 싶어진다,닉 발렌타인 않 만나고 서브 퀘 랑 맵 모으기만 하면서 다니는데 벌써 다 깨면 한번 더 하고 싶어진다,2018-03-19 09:01:20
377160,Fallout 4,positive,처음 이게임을 살까 말까 고민했었다 왜냐하면 개인적으로 폴아웃 3인터페이스가 맘에 안들었다 레이더 보기가 힘들었고 체력바 밑에있어서 좀 거슬렷다 근데 4에선 레이더가 중앙 밑에있고 체력바와 ap 크기도 적당하고 깔끔해서 매우좋다 엘더와 폴아 3 뉴베는 주인공이 말을안해서 npc 혼자만 말하는거같고 플레이어는 선택메세지로 전달만 하는거였는데 4에선 드디어 주인공이 말을하고 소통을한다는 느낌이 들어서 매우 좋다 평이 왜않좋은건지 모르겠다.. 모드러 들이 버그가 많다고 낮춰놓은건지..,처음 이 게임 을 살까 말까 고민 했었다 왜냐하면 개인 적 으로 폴아웃 3 인터페이스 가 맘 에 안 들었다 레이더 보기 가 힘들었고 체력 바 밑 에 있어서 좀 거슬렷다 근데 4 에선 레이더 가 중앙 밑 에 있고 체력 바 와 ap 크기 도 적당하고 깔끔해서 매우 좋다 엘더 와 폴 아 3 뉴 베는 주인공 이 말 을 안해 서 npc 혼자 만 말 하는거 같고 플레이어 는 선택 메세지 로 전달 만 하는거였는데 4 에선 드디어 주인공 이 말을하고 소통 을 한다는 느낌 이 들어서 매우 좋다 평이 왜 않 좋은 건지 모르겠다 .. 모 드러 들이 버그 가 많다고 낮춰놓은 건지 ..,2018-03-18 18:34:29
377160,Fallout 4,positive,"주위에서 전부 동겜동겜 거리길래 얼마나 쓰레기 게임인가 싶어서 세일할때 샀는데 재밌더라, 앞으로 게임은 주위에서 하는 판단 듣지말고 해보고 판단하도록 하자.","주위 에서 전부 동 겜 동 겜 거리 길 래 얼마나 쓰레기 게임 인가 싶어서 세 일 할 때 샀는데 재밌더라 , 앞 으로 게임 은 주위 에서 하는 판단 듣지말고 해보고 판단 하도록 하자 .",2018-03-17 02:32:25
377160,Fallout 4,positive,"기대한 마음만큼, 아쉬운 마음이 컸던 명작중에 명작 돈이 아깝지 않은 게임중 하나입니다 사람의 욕심은 끝이 없다고, 게임은 이렇게도 완벽한데 정작 저는 만족하지 못하고 더 많은 것을 바라게 되네요. 어쨋든 강력 추천하는 게임입니다.","기대한 마음 만큼 , 아쉬운 마음 이 컸던 명작 중 에 명작 돈 이 아깝지 않은 게임 중 하나 입니다 사람 의 욕심 은 끝 이 없다고 , 게임 은 이렇게도 완벽한데 정작 저 는 만족하지 못 하고 더 많은 것 을 바라게 되네요 . 어쨋 든 강력 추천 하는 게임 입니다 .",2018-03-17 00:11:57
377160,Fallout 4,positive,메인 세력들 스토리가 세세하지않아서 아쉬운거 빼면 재미짐,메인 세력 들 스토리 가 세세하지 않아서 아쉬운거 빼면 재미 짐,2018-03-16 00:05:03
377160,Fallout 4,positive,다좋은데 대체 얘네들은 왜 한글화를 안해주는거냐,다 좋은데 대체 얘 네 들은 왜 한글화 를 안 해주는거냐,2018-03-10 00:39:29
377160,Fallout 4,positive,다좋은데 총기디자인들인 약간 대중 한것같에 복장도 글록이나 m16이나 이런거나 방탄복그런복장이 있으면좋은데 그것만있으면 괜찮은데,다 좋은데 총 기 디자인 들 인 약간 대중 한 것 같에 복장 도 글록 이나 m 16 이나 이런거나 방탄복 그런 복장 이 있으면 좋은데 그것 만 있으면 괜찮은데,2018-03-09 23:52:05
377160,Fallout 4,positive,"이전 작에 비해 많은 혹평이 있지만 폴아웃을 처음하는 유저라면 재미있게 할 수 있을 겁니다. 단, 처음 적응하는 데 시간이 필요할 거에요. 저도 몇 시간 해보고 ""왜 이렇게 게임이 안 땡기지""했는데 조금 시간을 더 투자하면 익숙해 지면서 재밌어집니다. 저는 오히려 폴아웃: 뉴베가스를 해보려는 데 4에 비해 그래픽과 인터페이스가 떨어지다 보니 영 적응을 못 하고 포기했네요. 아무튼, 사람에 따라 재밌어지는 데 시간이 걸린다는 걸 염두에 두세요.","이전 작 에 비해 많은 혹평 이 있지만 폴아웃 을 처음 하는 유저 라면 재미있게 할 수 있을 겁니다 . 단 , 처음 적응하는 데 시간 이 필요할 거 에요 . 저 도 몇 시간 해보고 "" 왜 이렇게 게임 이 안 땡기지 "" 했는데 조금 시간 을 더 투자 하면 익숙해 지면 서 재밌어 집니다 . 저 는 오히려 폴아웃 : 뉴 베가스 를 해보려는 데 4 에 비해 그래픽 과 인터페이스 가 떨어지다 보니 영 적응 을 못 하고 포기 했네요 . 아무튼 , 사람 에 따라 재밌어지는 데 시간 이 걸린다는 걸 염두 에 두세요 .",2018-03-06 18:11:56
377160,Fallout 4,positive,스카이림을 재밌게하고구입했지만 심한 멀미로 포기.. 나중에 다시 도전해봤지만 역시 멀미로 포기.. 결국 플레이타임 5시간되버려서 환불도 불가,스카이림 을 재밌게하고 구입 했지만 심한 멀미 로 포기 .. 나중 에 다시 도전 해봤지만 역시 멀미 로 포기 .. 결국 플레이 타임 5시간 되버려서 환불 도 불가,2018-03-05 13:50:40
377160,Fallout 4,positive,너무 광대하고 할게 너무 많아서 좀 엄두가 안난다,너무 광대하고 할게 너무 많아서 좀 엄두 가 안 난다,2018-03-04 08:42:35
377160,Fallout 4,positive,토도키상의 똥경단...맛을 잊지못해..,토도 키 상의 똥 경단 ... 맛 을 잊지못해 ..,2018-03-03 18:01:59
377160,Fallout 4,positive,조작감:중 사운드:중 스토리:상 퀄리티:중 볼륨:최상 몰입도:상,조작 감 : 중 사운드 : 중 스토리 : 상 퀄리티 : 중 볼륨 : 최상 몰입도 : 상,2018-03-03 01:45:38
377160,Fallout 4,positive,한국어 지원 좀 해줘!,한국어 지원 좀 해줘 !,2018-03-01 07:51:36
377160,Fallout 4,positive,꿀잼,꿀잼,2018-02-28 20:39:03
377160,Fallout 4,positive,"단순한 대화 선택, 팩션 선택의 강제성 등 전작들에 비해 선형적으로 변해버린 아쉬운 4편이지만, 탐험의 재미는 역대급으로 살아있습니다. 다음 작품에선 보다 다양한 선택을 할 수 있게 만들어주길...","단순한 대화 선택 , 팩션 선택 의 강제 성 등 전작 들 에 비해 선형 적 으로 변해 버린 아쉬운 4 편이 지만 , 탐험 의 재미 는 역대 급 으로 살아있습니다 . 다음 작품 에선 보다 다양한 선택 을 할 수 있게 만들어주길 ...",2018-02-28 16:53:15
377160,Fallout 4,positive,폴아웃3에 비해서 달라진 점은 그래픽이 많이 달라졌다. 게임방식은 3탄이랑 거의 동일 하다는거 그리고 서브 미션중에 섬에 가서 하는게 있는데 그게 dlc로 따로 나와버렸다. 그리고 심씨티가 추가 되었다. 목적은 마을 방어 꽤 괜찮아졌긴 하지만 방식이 전편이랑 거의 흡사하달까?! 베데스타는 왜 멀티플레이어를 안만드냐는 것이다. 배틀그라운드랑 카운터스트라이크 같은 멀티 플레이가 있으면 더 재밌을텐데 게다가 씸씨티 같은 요소를 가미한 전략적 pvp-fps 시스템으로 하면 충분히 재미있겠는데 말이다.,폴아웃 3 에 비 해서 달라진 점 은 그래픽 이 많이 달라졌다 . 게임방 식 은 3 탄이랑 거의 동일 하다는거 그리고 서브 미션 중 에 섬 에 가서 하는게 있는데 그게 dlc 로 따로 나와 버렸다 . 그리고 심씨 티 가 추가 되었다 . 목적 은 마을 방어 꽤 괜찮아졌긴 하지만 방식 이 전편 이랑 거의 흡사하 달까 ?! 베데 스타 는 왜 멀티플레이어 를 안 만드냐는 것 이다 . 배틀 그 라운드 랑 카운터스트라이크 같은 멀티 플레이 가 있으면 더 재밌을텐데 게다가 씸 씨티 같은 요소 를 가미 한 전략 적 pvp - fps 시스템 으로 하면 충분히 재미있겠는데 말 이다 .,2018-02-28 11:09:53
377160,Fallout 4,positive,비꼬기,비꼬기,2018-02-28 01:48:59
377160,Fallout 4,positive,"재밌다. 욕은 많이 먹었지만 그래도 폴아웃의 명성을 이어가는 훌륭한 게임이다. 4는 그래픽이나 모션, 인물 디자인 등이 확실히 개선되어 바닐라로 해도 별 불만을 못 느꼈다. 한두가지 아쉬움이나 불편함은 있지만 플레이의 불편함이 한편으로는 게임의 재미인 점도 있으니 뭐... 평가 적는 시점(2018년 2월)에서 발매된 지 2년이 넘었는데도 버그를 다 못잡았다. 아마도 게임 엔진상 한계가 아닐까 싶다. 대화자막이 제대로 안뜨는 경우가 종종 있고 (대화 참여자가 3명 이상일 때 발생하는 것 같다.), 퀘스트 조건을 만족했는데도 스크립","재밌다 . 욕 은 많이 먹었지만 그래도 폴아웃 의 명성 을 이 어가 는 훌륭한 게임 이다 . 4 는 그래픽 이나 모션 , 인물 디자인 등 이 확실히 개선 되어 바닐라 로 해도 별 불만 을 못 느꼈다 . 한두 가지 아쉬움 이나 불편함은 있지만 플레이 의 불편함이 한편 으로는 게임 의 재미 인 점도 있으니 뭐 ... 평가 적는 시점 ( 2018년 2월 ) 에서 발매 된 지 2년 이 넘었는데도 버그 를 다 못잡았다 . 아마도 게임 엔진 상 한계 가 아닐까 싶다 . 대화 자막 이 제대로 안 뜨는 경우 가 종종 있고 ( 대화 참여자 가 3 명 이상일 때 발생 하는 것 같다 .), 퀘스트 조건 을 만족했는데도 스 크립",2018-02-27 10:21:18
377160,Fallout 4,positive,한글패치!!!!! 다 괜찮은데 한글 패치!!!!!,한글패치 !!!!! 다 괜찮은데 한글 패치 !!!!!,2018-02-26 01:25:59
377160,Fallout 4,positive,똥오줌,똥 오줌,2018-02-25 22:49:03
377160,Fallout 4,positive,"폴아웃3, 뉴베가스가 너무 과거 게임이라 별로라 생각하시는분들에게 추천드립니다. 포스트 아포칼립스 장르와 오픈월드가 결합된 재미로 탐험의 재미를 제대로 느끼게 합니다. 단 메인스토리의 무게감이 떨어지고, DLC는 돈값을 못하고, 몹들이 종류가 너무 한정적이라 후반부는 생각보다 재미를 못느꼈습니다. 전 모드를 사용안했지만, 후반부는 모드로 보완을 하면 될꺼 같습니다.","폴아웃 3 , 뉴 베가스 가 너무 과거 게임 이라 별로 라 생각 하시는 분 들 에게 추천 드립니다 . 포스트 아포칼립스 장르 와 오픈월드 가 결합 된 재미 로 탐험 의 재미 를 제대로 느끼게 합니다 . 단 메인 스토리 의 무게 감 이 떨어지고 , DLC 는 돈값 을 못 하고 , 몹 들 이 종류 가 너무 한정 적 이라 후반 부는 생각 보다 재미 를 못 느꼈습니다 . 전 모드 를 사용 안 했지만 , 후반 부는 모드 로 보완 을 하면 될꺼 같습니다 .",2018-02-25 02:00:05
377160,Fallout 4,positive,폴아웃 시리즈를 처음 해봤는데 위쳐나 스카이림 같은 게임을 좋아해서 그런지 정말 재밌게 플레이하고 있습니다. 전작이 얼마나 재밌었는지는 모르겠지만 위쳐 같은 게임을 좋아하시는 분들은 재밌게 플레이하실 수 있을 거 같네요. 스카이림에서 모드 다운로드하는 것보다 폴아웃에서 모드 받는 게 휠씬 더 편하고 간편하니 첨 하시는 분들도 어렵지 않게 모드 적용하시면서 플레이 할 수 있을거 같아요,폴아웃 시리즈 를 처음 해봤는데 위 쳐나 스카이림 같은 게임 을 좋아해서 그런지 정말 재밌게 플레이 하고 있습니다 . 전작 이 얼마나 재밌었는지는 모르겠지만 위 쳐 같은 게임 을 좋아하시는 분 들 은 재밌게 플레이 하실 수 있을 거 같네요 . 스카이림 에서 모드 다운로드 하는 것 보다 폴아웃 에서 모드 받는 게 휠씬 더 편하고 간편하니 첨 하시는 분 들 도 어렵지 않게 모드 적용 하시면서 플레이 할 수 있을거 같아요,2018-02-25 01:59:02
377160,Fallout 4,positive,시간삭제,시간 삭제,2018-02-25 01:41:26
377160,Fallout 4,positive,아무리 창렬이라고 해도 재밌는 건 부정할 수 없다,아무리 창렬 이라고 해도 재밌는 건 부정 할 수 없다,2018-02-24 22:47:58
377160,Fallout 4,positive,그래픽도 병신 스토리도 병신 그럼에도 불구하고 재 밌 다!,그래픽 도 병신 스토리 도 병신 그럼에도 불구 하고 재 밌 다 !,2018-02-24 12:39:44
377160,Fallout 4,positive,4시간 정도 플레이했는대 내가 뭘 하고있는지 모르겠다..,4시간 정도 플레이 했는대 내 가 뭘 하고있는지 모르겠다 ..,2018-02-23 11:49:20
377160,Fallout 4,positive,정말 재밌습니다. 세일할때 여유가 되면 무조건 사서 하시는걸 추천,정말 재밌습니다 . 세 일 할 때 여유 가 되면 무조건 사서 하시는걸 추천,2018-02-22 21:37:53
377160,Fallout 4,positive,시간 빠르게가는게임 개꼬르잼,시간 빠르게 가는 게임 개꼬르잼,2018-02-21 22:21:58
377160,Fallout 4,positive,폴아웃3는 안해보고 유튜브로만 보고 4는 사서 해봣는데 재미있네요.,폴아웃 3 는 안 해보고 유튜브 로만 보고 4 는 사서 해봣는데 재미있네요 .,2018-02-21 21:19:32
377160,Fallout 4,positive,잼있졍! 크후푸후어허헝! 잼있졍!잼있졍! 하다가 갑자기 빡쳐서 메모장 만져서 포브값 변경하고 마우스 가속 끄고 수직동기화 끄고 갓레이 변경하고 모드받아서 최적화 패치하고 그래픽설정 초기화 안되게 이니파일들 읽기 전용으로 바꾸고..... 이색히들이.....하아 폴아웃 같네 진짜. 모든 유저들이 이겜 구입할때 마다 돈이 10원짜리로 변경되서 베데스다 본사에 드래곤볼 처럼 흩어진 다음 찾을려면 금속 탐지기로 하나하나 주워서 모으게 해야함. 생각할수록 베데스다 같고 폴아웃같네 진짜. 근데 왜 삿냐고?,잼있졍 ! 크후푸후어허헝 ! 잼있졍 ! 잼있졍 ! 하다가 갑자기 빡쳐서 메모장 만져서 포브값 변경 하고 마우스 가속 끄고 수직 동기화 끄고 갓 레이 변경 하고 모드 받아서 최적화 패치 하고 그래픽 설정 초기 화 안되게 이니 파일 들 읽기 전용 으로 바꾸고 ..... 이색 히 들이 ..... 하아 폴아웃 같네 진짜 . 모든 유저 들 이 이 겜 구입 할 때 마다 돈 이 10원 짜리로 변경 되서 베데스다 본사 에 드래곤볼 처럼 흩어진 다음 찾을려면 금속 탐지기 로 하나 하나 주워서 모으게 해야 함 . 생각 할수록 베데스다 같고 폴아웃 같네 진짜 . 근데 왜 삿냐 고 ?,2018-02-21 17:19:45
377160,Fallout 4,positive,느그 부모님이 세상을 쥐락펴락한다 션아,느그 부모님 이 세상 을 쥐락펴락한다 션 아,2018-02-20 15:46:27
377160,Fallout 4,positive,졸잼,졸잼,2018-02-20 01:27:56
377160,Fallout 4,positive,"우선 긴 시간을 플레이 한 뒤에 쓰는 글이라 시기상으로는 의미가 없을 수도 있지만... 분명 기존의 스카이림이나 폴아웃3, 뉴 베가스 보다도 발전한 것은 틀림이 없고 특유의 빌리징 시스템, 모딩에 유화적인 베데스다의 태도 (이것도 최근에는 빛이 바랬다 생각은 들지만...)도 게임을 지속적으로 플레이 하게 끔 하는 컨텐츠 요소이지만, 반복적인 퀘스트, 밋밋한 스토리라인 등은 또 반복플레이를 발목잡는 요소로서 기능하는 것 같습니다.요약하자면 그냥 폴아웃 4와 DLC들로만 플레이하기에는 그냥 큰 판만 깔아놨다 뿐이지 실제로는 끊임없는","우선 긴 시간 을 플레이 한 뒤 에 쓰는 글 이라 시기 상 으로는 의미 가 없을 수도 있지만 ... 분명 기존 의 스카이림 이나 폴아웃 3 , 뉴 베가스 보다도 발전 한 것 은 틀림 이 없고 특유 의 빌리 징 시스템 , 모딩 에 유화 적 인 베데스다 의 태도 ( 이 것 도 최근 에는 빛 이 바랬다 생각 은 들지만 ...) 도 게임 을 지속 적 으로 플레이 하게 끔 하는 컨텐츠 요소 이지만 , 반복 적 인 퀘스트 , 밋밋한 스토리 라인 등 은 또 반복 플레이 를 발목 잡는 요소 로서 기능 하는 것 같습니다 . 요약 하자면 그냥 폴아웃 4 와 DLC 들 로만 플레이 하기에는 그냥 큰 판 만 깔아놨다 뿐 이지 실제 로는 끊임없는",2018-02-20 00:17:22
377160,Fallout 4,positive,아.....시작한지 얼마 안되서 다른 문명들 견제하는게 잘 안되네요. ㅜㅠㅠ 재미는 있는데 어떻게 하는지 잘 모르겠음 ㅠㅠ 좀 더해봐야 알 것 같네요,아 ..... 시작 한지 얼마 안되서 다른 문명 들 견제 하는게 잘 안되네요 . ㅜㅠㅠ 재미 는 있는데 어떻게 하는지 잘 모르겠음 ㅠㅠ 좀 더 해봐야 알 것 같네요,2018-02-19 15:09:22
377160,Fallout 4,positive,아무리 욕을 먹어도 스카이림 같은 베데스다식 오픈월드의 재미가 어디 간 건 아니기 때문에 충분히 즐길 만 합니다. 그치만 정가 값 한다고는 못하겠네요 할인할때나 사십쇼 +모드 유료화는 대체 왜 진행했는지 모를 수준. 버그픽스나 더 해라 이놈들아!,아무리 욕 을 먹어도 스카이림 같은 베데스다 식 오픈월드 의 재미 가 어디 간 건 아니기 때문 에 충분히 즐길 만 합니다 . 그치만 정가 값 한다고는 못 하겠네요 할인 할 때 나 사십 쇼 + 모드 유료 화 는 대체 왜 진행 했는지 모를 수준 . 버그 픽스 나 더 해 라 이 놈 들 아 !,2018-02-18 22:29:01
377160,Fallout 4,positive,"게임자체는 재미있다. 스카이림에 근미래+핵전쟁을 끼얹은 느낌이지만, 스카이림을 재밌게 했었던만큼 마찬가지로 재밌게 즐길 수 있었다. 개적화와 온갖 버그로 모드질이 절실하지만 그로 인해 따라오는 온갖 충돌... 물론 그걸 감수하고도 플레이를 했다는건 충분히 재미는 있다는 증거다. 하지만 다음에도 이런식으로 만들면 찾아내서 죽여버릴것이다...","게임 자체 는 재미있다 . 스카이림 에 근 미래 + 핵전쟁 을 끼 얹은 느낌 이지만 , 스카이림 을 재밌게 했었던만큼 마찬가지 로 재밌게 즐길 수 있었다 . 개 적 화 와 온갖 버그 로 모드 질 이 절실 하 지만 그로 인해 따라오는 온갖 충돌 ... 물론 그걸 감수 하고도 플레이 를 했다는건 충분히 재미 는 있다는 증거 다 . 하지만 다음 에도 이런 식 으로 만들면 찾아내서 죽여 버릴것이다 ...",2018-02-18 18:43:25
377160,Fallout 4,positive,"핵전쟁으로 미국은 황폐화가 되었고, 아내 혹은 남편을 잃고 아들을 납치당한 당신이 할수있는건무엇이 있을까요? 고철이나 줍고 다니기? 아들을 구하러 고생길을 떠나기? 틀렸습니다 당신이 할수있는건 오직 원자님을 찬양하는것뿐입니다 기사 리스같은 불친절한 종자를 원자님의 곁으로 보내버리거나 자기 어머니나 아버지를 굴려먹는 자식농사의 실패작을 그들의 인조인간과 함께 불구덩이에 넣어버리세요! 어차피 미래는 누카월드에서 레이더의 우두머리가 되거나 머나먼 섬에서 원자교단에 들어가는것이니깐요.","핵전쟁 으로 미국 은 황폐 화가 되었고 , 아내 혹은 남편 을 잃고 아들 을 납치 당 한 당신 이 할수있는건 무엇 이 있을까요 ? 고철 이나 줍고 다니기 ? 아들 을 구 하러 고생 길 을 떠나기 ? 틀렸습니다 당신 이 할수있는건 오직 원자 님 을 찬양 하는것 뿐입니다 기사 리스 같은 불친절한 종자 를 원자 님 의 곁 으로 보 내버리거나 자기 어머니 나 아버지 를 굴려 먹는 자식 농사 의 실패 작 을 그 들 의 인조인간 과 함께 불구덩이 에 넣어 버리세요 ! 어차피 미래 는 누카 월드 에서 레이더 의 우두머리 가 되거나 머나먼 섬 에서 원자 교단 에 들어가는것이니깐 요 .",2018-02-18 11:08:14
377160,Fallout 4,positive,76이 나오고서야 알았읍니다 폴아웃4는 갓겜이란 사실을..토도키상..죄송합니다..그냥 싱글폴아웃 계속 만들어주십시오..저희가 잘못했습니다..,76 이 나오고 서야 알았 읍니 다 폴아웃 4 는 갓 겜 이란 사실 을 .. 토도 키 상 .. 죄송합니다 .. 그냥 싱글 폴아웃 계속 만들어주십시오 .. 저희 가 잘 못 했습니다 ..,2018-02-17 18:28:08
377160,Fallout 4,positive,폴아웃 시리즈 첨하는데 게임 이 할만하긴한데 총알은 어디서 구하는거? 시체에서 나오는것만 써서 총알이 너무 없어,폴아웃 시리즈 첨 하는데 게임 이 할만 하긴한데 총알 은 어디서 구 하는거 ? 시체 에서 나오는것만 써서 총알 이 너무 없어,2018-02-16 01:06:48
377160,Fallout 4,positive,아들찾아 삼만리,아들 찾아 삼만리,2018-02-16 00:39:41
377160,Fallout 4,positive,게임은 재미있는데 사놓고 30시간을 못하고 있음.. 내가 fps 울렁증이 있는 줄 몰랐지..몰랐어 갠적으로 할인 기간에 사서 하시면 좋을 거 같음 다만 스카이림처럼 가벼운 마음으로 하기엔 스토리가 뭔가 현실적이라 기분이 이상해짐 구울 죽일 때마다 이 구울도 핵 터지기 전엔 사람이었겠지? 이런 생각에 자괴감 쩔게 듬,게임 은 재미있는데 사놓고 30시간 을 못 하고 있음 .. 내 가 fps 울렁증 이 있는 줄 몰랐지 .. 몰랐어 갠 적 으로 할인 기간 에 사서 하시면 좋을 거 같음 다만 스카이림 처럼 가벼운 마음 으로 하기엔 스토리 가 뭔가 현실 적 이라 기분 이 이상해 짐 구울 죽일 때 마다 이 구울 도 핵 터지기 전 엔 사람 이었겠지 ? 이런 생각 에 자괴 감 쩔게 듬,2018-02-14 17:45:20
377160,Fallout 4,positive,얼마나 가격이 창렬이건 dlc가 뭐가어찌됬건 이만한 컨텐츠량과 이만한 볼륨가지고있는 사실적인 게임은 나오기 매우 힘듦. 그것만으로도 충분히 살가치가 있음,얼마나 가격 이 창렬 이건 dlc 가 뭐 가 어찌 됬건 이만 한 컨텐츠 량 과 이만 한 볼륨 가지고있는 사실 적 인 게임 은 나오기 매우 힘듦 . 그것 만으로도 충분히 살가치가 있음,2018-02-14 13:01:32
377160,Fallout 4,positive,zz,zz,2018-02-13 19:09:01
377160,Fallout 4,positive,전작과 마찬가지로 재밌고 시간 가는 줄 모른다,전작 과 마찬가지 로 재밌고 시간 가는 줄 모른다,2018-02-12 23:21:07
377160,Fallout 4,positive,"많은 버그, 어긋난 난이도 디자인, 누구나 몰입하기는 어려운 스토리, 창렬한 DLC. 그래도 베이스가 워낙 명작이여서인지 기본은 한다. 나쁘진 않은데 뭔가 아쉽다.","많은 버그 , 어긋난 난이도 디자인 , 누구 나 몰입 하기는 어려운 스토리 , 창렬 한 DLC . 그래도 베이스 가 워낙 명작 이 여서 인지 기본 은 한다 . 나쁘진 않은데 뭔가 아쉽다 .",2018-02-12 18:55:13
377160,Fallout 4,positive,"[좋았던점] 1. 오픈월드 자유롭게 돌아다니며 게임을 즐길수 있다. 마치 핵전쟁 이후의 세계를 간접적으로 체험하는듯한 느낌? 2. 다양한 볼거리, 스토리 여러 사람들과의 대화, 단말기의 기록들, 다양한 퀘스트 등 할거리가 많다. 동료들의 굵직한 이야기 등 3. 다채로운 게임 플레이 다양한 아이템, 개조 등 [안 좋았던점] 1. 늘 쓰는 무기만 쓰게되는 경향 2. 전략성이 떨어지는 전투(돌격성의 전투, 마구잡이 죽이기) 3. 누카월드 스토리... 4. 파워아머 의존... [결론] 보통 난이도로 엔딩 2번 봤는데 (브라더, 미닛","[ 좋았던 점 ] 1 . 오픈월드 자유롭게 돌아다니며 게임 을 즐길수 있다 . 마치 핵전쟁 이후 의 세계 를 간접 적 으로 체험 하는듯 한 느낌 ? 2 . 다양한 볼거리 , 스토리 여러 사람 들 과의 대화 , 단말기 의 기록 들 , 다양한 퀘스트 등 할 거리 가 많다 . 동료 들 의 굵직한 이야기 등 3 . 다 채 로운 게임 플레이 다양한 아이템 , 개조 등 [ 안 좋았던 점 ] 1 . 늘 쓰는 무기 만 쓰게 되는 경향 2 . 전략 성 이 떨어지는 전투 ( 돌격 성의 전투 , 마구잡이 죽이기 ) 3 . 누카 월드 스토리 ... 4 . 파워 아 머 의존 ... [ 결론 ] 보통 난이도 로 엔딩 2 번 봤는데 ( 브라더 , 미닛",2018-02-11 19:24:41
377160,Fallout 4,positive,음 잼있었음\,음 잼있었음 \,2018-02-11 16:19:24
377160,Fallout 4,positive,"다들 어쩌니 저쩌니 해도, 역시 재미는 있습니다.","다 들 어쩌 니 저쩌 니 해도 , 역시 재미 는 있습니다 .",2018-02-11 15:57:32
377160,Fallout 4,positive,평가 보고 걱정했는데 오늘 일어나서 이게임만 했다. 갓-겜,평가 보고 걱정 했는데 오늘 일어나서 이 게임 만 했다 . 갓 - 겜,2018-02-11 15:49:51
377160,Fallout 4,positive,브라더후드 가즈아ㅏ아아,브라더후드 가즈 아 ㅏ 아아,2018-02-09 13:35:55
377160,Fallout 4,positive,이 게임 버그 많음 근데 난 이 게임 겁나 사랑해 진짜 재미있어 하면 알아,이 게임 버그 많음 근데 난 이 게임 겁나 사랑 해 진짜 재미있어 하면 알 아,2018-02-09 08:27:20
377160,Fallout 4,positive,걍 꿀잼,걍 꿀잼,2018-02-08 21:29:04
377160,Fallout 4,positive,"스카이림과는 분위기가 다른, 그냥 뭔가 어느새 빠져드는 게임","스카이림 과는 분위기 가 다른 , 그냥 뭔가 어느새 빠져드는 게임",2018-02-07 23:58:38
377160,Fallout 4,positive,good,good,2018-02-06 19:47:10
377160,Fallout 4,positive,씀,씀,2018-02-05 23:35:59
377160,Fallout 4,positive,정말재미있는게임,정말 재미있는 게임,2018-02-05 23:15:59
377160,Fallout 4,positive,내가 잘 몰라서 그런거겠지만 처음에 어떻게 해야할지 모르겟다. 하지만 무료로 잠시 풀어서 플레이 할수있게해서 추천,내 가 잘 몰라서 그런거겠지만 처음 에 어떻게 해야 할지 모르겟다 . 하지만 무료 로 잠시 풀어서 플레이 할수있게 해서 추천,2018-02-05 21:44:37
377160,Fallout 4,positive,갓겜.,갓 겜 .,2018-02-05 20:38:48
377160,Fallout 4,positive,충고한다 모기한테 나대지마라,충고 한다 모기 한테 나대지마라,2018-02-05 18:22:34
377160,Fallout 4,positive,내가 길치라 그런가 퀘스트나 건물 탐험할 때 길 찾는게 영... 볼트 75에서 길찾는데 1시간 걸림ㅡㅡ,내 가 길치라 그 런가 퀘스트 나 건물 탐험 할 때 길 찾는게 영 ... 볼트 75 에서 길 찾는데 1시간 걸림 ㅡㅡ,2018-02-04 21:40:40
377160,Fallout 4,positive,ANG?,ANG ?,2018-02-04 15:14:14
377160,Fallout 4,positive,"지금 즐겨도 꿀잼입니다.저같이 자유도 높은 서구RPG를 잘 접하지 않은 사람은 처음부터 뭘 해야하는지 정리가 잘 되지 않아 곤혹을 치를 수도 있겠지만, 조금만 몰입해서 해보면 색다른 세상이 펼쳐집니다.","지금 즐겨도 꿀잼 입니다 . 저 같이 자유도 높은 서구 RPG 를 잘 접 하지 않은 사람 은 처음 부터 뭘 해야하는지 정리 가 잘 되지 않아 곤혹 을 치를 수도 있겠지만 , 조금 만 몰입 해서 해보면 색다른 세상 이 펼쳐집니다 .",2018-02-04 09:42:15
377160,Fallout 4,positive,스토리 좆구리긴 존나 흥미진진하고 뭘 하느냐에 따라 저격전도 할 수 있고 착검돌격도 할 수 있다 입맛대로 장비 개조하는것이랑 정착지 만드는것도 꿀잼인데 이 갓겜을 거르는것은 대체...?,스토리 좆 구리긴 존나 흥미진진 하고 뭘 하느냐에 따라 저격 전도 할 수 있고 착검 돌격 도 할 수 있다 입맛 대로 장비 개조 하는것이랑 정착 지 만드는것도 꿀잼 인데 이 갓 겜 을 거르는것 은 대체 ...?,2018-02-04 09:41:25
377160,Fallout 4,positive,"1. 내가 초기에 샀는데 초기에 샀을 땐 그냥저냥 재밌다가 DLC 한두개 나오기 시작했을 때 최악을 찍었었어. 지금은 추천이야. 2. 베데스다 싱글콘솔게임 중에서는 유일하게 재밌어. 추천은 하지만, 되도록이면 섹아웃이라던가 여러가지 모드를 깔라고 추천해줄게. 3. 퀘스트에 대해서 말들이 많은데 확실히 스카이림 퀘스트들 보다는 좀 많이... 재미가 떨어질거야. 스카이림 만큼의 서브퀘스트는 바라지 않도록. 4. 사실 이거 다 뒷북이긴 한데 지금은 사도 돼. 스카이림만큼의 재미는 없어.","1 . 내 가 초기 에 샀는데 초기 에 샀을 땐 그냥 저 냥 재밌다가 DLC 한두 개 나오기 시작 했을 때 최악 을 찍었었어 . 지금 은 추천 이야 . 2 . 베데스다 싱글 콘솔 게임 중 에서는 유일하게 재밌어 . 추천 은 하지만 , 되도록 이면 섹 아웃 이 라던가 여러가지 모드 를 깔라고 추천 해줄게 . 3 . 퀘스트 에 대해 서 말 들 이 많은데 확실히 스카이림 퀘스트 들 보다는 좀 많이 ... 재미 가 떨어질거야 . 스카이림 만큼의 서브 퀘스트 는 바라지 않도록 . 4 . 사실 이 거 다 뒷북 이긴 한데 지금 은 사도 돼 . 스카이림 만큼의 재미 는 없어 .",2018-02-03 20:27:52
377160,Fallout 4,positive,나니니시마스까?,나니 니 시 마스 까 ?,2018-02-03 18:32:08
377160,Fallout 4,positive,everyone is pretty much fked up..,everyone is pretty much fked up ..,2018-02-03 17:44:49
377160,Fallout 4,positive,"창렬DLC만 빼면 갓겜인 것 같은데 곤충의 크기와 세세한 디자인 때문에 징그러워서 도저히 게임을 못 하겠다 게임에 집중하기 위해 헤드폰을 사용해서 게임을 하는데 근처에서 사사삭 소리나 위잉- 하는 소리만 들리면 바로 일시정지를 하게된다 바퀴벌레는 참을 수 있지만 대형 모기는 너무 징그럽다 상대적으로 작은 몸통과 날개, 길쭉한 다리랑 털. 으.....","창렬 DLC 만 빼면 갓 겜 인 것 같은데 곤충 의 크기 와 세세한 디자인 때문 에 징그러워서 도저히 게임 을 못 하겠다 게임 에 집중 하기 위해 헤드폰 을 사용 해서 게임 을 하는데 근처 에서 사사 삭 소리 나 위잉 - 하는 소리 만 들리면 바로 일 시 정지 를 하게 된다 바퀴벌레 는 참을 수 있지만 대형 모기 는 너무 징그럽다 상대 적 으로 작은 몸통 과 날개 , 길쭉한 다리 랑 털 . 으 .....",2018-02-03 07:16:52
377160,Fallout 4,positive,정말 재미있게 했어요. 굳 추천합니다.,정말 재미있게 했어요 . 굳 추천 합니다 .,2018-02-03 01:32:21
377160,Fallout 4,positive,파워아머! 파워아머? 미니건! 미니건!? 이제야말이 통하는군!,파워 아 머 ! 파워 아 머 ? 미니건 ! 미니건 !? 이제야 말 이 통 하는군 !,2018-02-02 19:34:19
377160,Fallout 4,positive,멀티플레이만 추가되면 더 재미있을거 같다,멀티플레이 만 추가 되면 더 재미있을거 같다,2018-02-02 16:54:42
377160,Fallout 4,positive,솔직히 재밌음 d-^^,솔직히 재밌음 d -^^,2018-02-02 15:49:21
377160,Fallout 4,positive,'기모띠한게임!!' 블리자드~~,' 기 모 띠 한게임 !!' 블리자드 ~~,2018-02-02 15:26:12
377160,Fallout 4,positive,"정말 정말 몰입하면서 할 수 있었던 게임 ""인생게임""","정말 정말 몰입 하면서 할 수 있었던 게임 "" 인생게임 """,2018-02-02 11:12:16
377160,Fallout 4,positive,납치된 아들을 찾으러 가야겠네요. 물론 그전에 정착지에 집 짓고 농사도 하고 공격해오는 레이더도 격퇴하고 다시 정착지를 좀 더 멋지게 리모델링하고 상점도 만들고 메카니스트의 악랄한 계획을 좌절시키고 정착지에 돌아와서 공장도 만들고 투기장도 만들고 즐거운 테마파크 여행도 하다오고 이제 다시 내가 만든 정착지를 점령하고... 아들? 이미 백발의 늙은이가 되어 있을지 않을까요?,납치 된 아들 을 찾으러 가야겠네요 . 물론 그 전 에 정착 지에 집 짓고 농사 도 하고 공격 해오는 레이더 도 격퇴 하고 다시 정착 지를 좀 더 멋지게 리 모델링 하고 상점 도 만들고 메카 니스 트 의 악랄한 계획 을 좌절 시키고 정착 지에 돌아와서 공장 도 만들고 투기 장도 만들고 즐거운 테마 파크 여행 도 하다오고 이제 다시 내 가 만든 정착 지를 점령 하고 ... 아들 ? 이미 백발 의 늙은이 가 되어 있을지 않을까요 ?,2018-02-02 10:32:54
377160,Fallout 4,positive,스토리가 좀 짧은 편이라는 것 빼고는 완벽합니다.,스토리 가 좀 짧은 편이 라는 것 빼고는 완벽합니다 .,2018-02-01 21:18:28
377160,Fallout 4,positive,dlc파는 건 빼고 일단 갓겜이다. 어떤 좋은 모드들은 게임을 더 재미있게 해주지....,dlc 파는 건 빼고 일단 갓 겜 이다 . 어떤 좋은 모드 들 은 게임 을 더 재미있게 해주지 ....,2018-01-31 19:41:47
377160,Fallout 4,positive,재밌어서 300시간 했고 모드질 하면서 300시간 했고 욕하려고 300시간 했어요,재밌어서 300시간 했고 모드 질 하면서 300시간 했고 욕 하려고 300시간 했어요,2018-01-26 11:35:20
377160,Fallout 4,positive,다이아몬드 시티 가기 전인데도 불구하고 할게 진짜 많아서 플레이타임 24시간 지나서야 메인 진행한 1인. 저 처럼 모험하는 방랑자라면 스토리는 신경쓰지 않는다면 정말 좋아하는 게임. 결론 : 게임 자체는 좋은데 나머지가 붕괴된 게임.,다이아몬드 시티 가기 전인 데 도 불구 하고 할게 진짜 많아서 플레이 타임 24시간 지나서야 메인 진행 한 1 인 . 저 처럼 모험 하는 방랑자 라면 스토리 는 신경 쓰지 않는다면 정말 좋아하는 게임 . 결론 : 게임 자체 는 좋은데 나머지 가 붕괴 된 게임 .,2018-01-25 21:12:19
377160,Fallout 4,positive,진짜 재미있는 게임입니다. 스토리가 병신같지 않았으면 dlc도 샀을텐데요.,진짜 재미있는 게임 입니다 . 스토리 가 병신 같지 않았으면 dlc 도 샀을텐데요 .,2018-01-25 17:02:03
377160,Fallout 4,positive,바퀴 벌레 극ㅡ혐 초반 개싫음,바퀴 벌레 극 ㅡ 혐 초반 개 싫음,2018-01-25 15:33:11
377160,Fallout 4,positive,일단 추천하지만 이게임은 문제점이 상당히 많습니다. 모드를 안쓰신다면 서바이벌 모드는 켜지않는걸 추천합니다. 서바이벌 모드에선 콘솔이 되지않아 버그걸려도 대처가 불가합니다. 서바이벌에서만 생기는 프리징버그도 있구요. 게임 자체가 최적화가 엉망이라서 60 프레임 뽑는게 거의 불가능 enb 를 쓰면 더 떨어집니다. 게임에 모션이 너무나 단조롭기 때문에 ( 문열기 줍기 같은 상호작용없음) 중반이후에는 질립니다. DLC는 파하버외에는 살 가치가 없고 게임 진행 불가 버그가 너무나 많기 때문에 최소한 비공식패치는 해,일단 추천 하 지만 이 게임 은 문제점 이 상당히 많습니다 . 모드 를 안 쓰신다면 서바이벌 모드 는 켜지 않는걸 추천 합니다 . 서바이벌 모드 에선 콘솔 이 되지 않아 버그 걸려도 대처 가 불가합니다 . 서바이벌 에서만 생기는 프리징 버그 도 있구요 . 게임 자체 가 최적화 가 엉망 이라서 60 프레임 뽑는게 거의 불가능 enb 를 쓰면 더 떨어집니다 . 게임 에 모션 이 너무나 단조롭기 때문 에 ( 문 열기 줍기 같은 상호작용 없음 ) 중반 이후 에는 질립니다 . DLC 는 파 하버 외 에는 살 가치 가 없고 게임 진행 불가 버그 가 너무나 많기 때문 에 최소한 비공식 패치 는 해,2018-01-23 09:38:34
377160,Fallout 4,positive,시간이 없어 몇 시간 못했지만 그럭저럭 할 만 하더군요,시간 이 없어 몇 시간 못 했지만 그럭저럭 할 만 하더군요,2018-01-23 08:54:52
377160,Fallout 4,positive,뉴베가스켜라,뉴 베가스 켜 라,2018-01-22 14:54:35
377160,Fallout 4,positive,wooah,wooah,2018-01-21 19:14:05
377160,Fallout 4,positive,재밌어요,재밌어요,2018-01-20 21:51:33
377160,Fallout 4,positive,not bad,not bad,2018-01-20 09:40:44
377160,Fallout 4,positive,폴아웃3에 굉장히 감명받고 재밌게 한 사람으로 폴아웃4를 기대했지만 폴아웃3에비해 상당히 실망을 느낌. 그래도 어느정도 재밌음,폴아웃 3 에 굉장히 감명 받고 재밌게 한 사람 으로 폴아웃 4 를 기대했지만 폴아웃 3 에 비해 상당히 실망 을 느낌 . 그래도 어느 정도 재밌음,2018-01-19 20:01:54
377160,Fallout 4,positive,퀄리티 높지만 스토리가 개병신 그래도 재밌다,퀄리티 높지만 스토리 가 개 병신 그래도 재밌다,2018-01-19 19:17:54
377160,Fallout 4,positive,모드+ 버그 +어색한 모션+ 좆때는 스토리=폴아웃,모드 + 버그 + 어색한 모션 + 좆때 는 스토리 = 폴아웃,2018-01-19 04:23:34
377160,Fallout 4,positive,세이브 날아가니 하기 시러지더라..,세이브 날아가니 하기 시러지더라 ..,2018-01-18 16:18:51
377160,Fallout 4,positive,이거 했으면 틀딱임 인생 헌납한,이 거 했으면 틀 딱임 인생 헌납 한,2018-01-18 01:39:54
377160,Fallout 4,positive,회사는 병신이지만 게임은 갓겜 유저들이 갓겜의 반열에 올려둔 게임,회사 는 병신 이지만 게임 은 갓 겜 유저 들 이 갓 겜 의 반 열 에 올려 둔 게임,2018-01-17 23:29:40
377160,Fallout 4,positive,사랑으로 한다 파월 아머,사랑 으로 한다 파월 아 머,2018-01-16 22:26:05
377160,Fallout 4,positive,내가 베데스다 게임을 싫어하는 이유가 플레이어를 너무 내버려둔다는 느낌이 들어서 였는데 이건 그나마 어느정도 잡아주는 느낌이 들어서 좋았다. 근데 아직은 미미한 수준임 그래도 사람들이 왜 폴아웃을 하는지 알게해준 것 만으로 만족함,내 가 베데스다 게임 을 싫어하는 이유 가 플레이어 를 너무 내버려 둔다는 느낌 이 들어서 였는데 이건 그나마 어느 정도 잡아주는 느낌 이 들어서 좋았다 . 근데 아직 은 미미한 수준 임 그래도 사람 들 이 왜 폴아웃 을 하는지 알 게 해준 것 만으로 만족함,2018-01-16 15:40:40
377160,Fallout 4,positive,폴아웃임 네임드빨은 되는 작임 본편은 DLC는 파하버 뉴카월드 빼고는 모드로 추가 가능한 워크샵 그딴것들 뿐 솔직히 실함이 큰 작품이지만 그래도 네임드 빨은 되는 작품,폴아웃 임 네임드 빨 은 되는 작 임 본 편 은 DLC 는 파 하버 뉴카 월드 빼고는 모드 로 추가 가능한 워크샵 그딴 것 들 뿐 솔직히 실함이 큰 작품 이지만 그래도 네임드 빨 은 되는 작품,2018-01-15 18:04:10
377160,Fallout 4,positive,재미있어~ 추천!,재미있어 ~ 추천 !,2018-01-14 20:21:41
377160,Fallout 4,positive,끝이 보이지 않는 서브 퀘스트에 지쳐서 메인 퀘스트를 했더니 한순간에 엔딩을 보았다....,끝 이 보이지 않는 서브 퀘스트 에 지쳐서 메인 퀘스트 를 했더니 한순간 에 엔딩 을 보았다 ....,2018-01-14 02:28:37
377160,Fallout 4,positive,전투는 전작들보다 재밌어졌는데 퀘스트부분에선 그다지..,전투 는 전작 들 보다 재밌어졌는데 퀘스트 부분 에선 그다지 ..,2018-01-13 23:30:30
377160,Fallout 4,positive,인스티튜트 > 브라더후드,인스티튜트 > 브라더후드,2018-01-12 15:38:55
377160,Fallout 4,positive,방사능맛뉴카콜라!방사능먹고 존나 커진 바퀴벌레 ! 남의 파워 슈트 까지 훔처가는 마을 주민! 그리고 단백질 도둑의 모드 까지 ! 정말 갓게임 폴아웃 뽀! 하세요 !,방사 능맛뉴카 콜라 ! 방사 능 먹고 존나 커진 바퀴벌레 ! 남 의 파워 슈트 까지 훔처가 는 마을 주민 ! 그리고 단백질 도둑 의 모드 까지 ! 정말 갓 게임 폴아웃 뽀 ! 하세요 !,2018-01-11 18:33:56
377160,Fallout 4,positive,decorum,decorum,2018-01-11 17:59:47
377160,Fallout 4,positive,이제 슬슬 스토리를 깨러가야겠군요,이제 슬슬 스토리 를 깨러가야겠군요,2018-01-10 23:09:36
377160,Fallout 4,positive,어디든지 맘대로 돌아다닐수있고 총을 개조할수도있고 사람들을 막 죽일수잇고 모드를 적용하여 겜을 더 재밋게 할수있다 킹갓겜,어디 든지 맘대로 돌아다닐수있고 총 을 개조 할수도 있고 사람 들 을 막 죽일수 잇고 모드 를 적용 하여 겜 을 더 재밋 게 할수있다 킹 갓 겜,2018-01-10 22:08:12
377160,Fallout 4,positive,"혹자는 성우를 쓴게 독이 아니냐 했지만, 덕분에 스토리 추가 모드를 좀 덜 쓰게 되었지만, 그래도 충분히 재밌게 즐길 수 있습니다. 광대한 스토리 맵 npc들이 가득하고 팩션사이에서 자신의 철학을 시험해보는 시간도 갖고요. 근데 전 가족이 있는 인스티튜트로만 플레이 하게 되네요. 아무리 쓰레기라도 가족은 가족이라 그 인간 내가 사람 만든다 요런 느낌으로 플레이 하게 됩니다. 정 색다른 플레이가 해보고 싶으시면 로바즈를 보고 따라하셔도 되고요.","혹 자 는 성우 를 쓴게 독 이 아니냐 했지만 , 덕분 에 스토리 추가 모드 를 좀 덜 쓰게 되었지만 , 그래도 충분히 재밌게 즐길 수 있습니다 . 광대한 스토리 맵 npc 들이 가득하고 팩션 사이 에서 자신 의 철학 을 시험 해보는 시간 도 갖고요 . 근데 전 가족 이 있는 인스티튜트 로만 플레이 하게 되네요 . 아무리 쓰레기 라도 가족 은 가족 이라 그 인간 내 가 사람 만든다 요런 느낌 으로 플레이 하게 됩니다 . 정 색다른 플레이 가 해보고 싶으시면 로바 즈 를 보고 따라하셔도 되고요 .",2018-01-10 17:20:15
377160,Fallout 4,positive,생존모드 + 호라이즌 모드로 두번 세번 우려먹는중. 게임내에 모드 설치하는건 극히 비추천(너무 느리고 보기도 힘들고 게임 최소화 시키면 다운이 멈춤) 크롬으로 넥서스 풀아웃4 모드게시판에서 자동번역돌리면서 다운받으면 넥서스 매니저로 관리하기가 더쉽고 각종 세부설정도 할수있는건 덤.,생존 모드 + 호 라 이 즌 모드 로 두 번 세번 우려 먹는 중 . 게임 내 에 모드 설치 하는건 극히 비 추천 ( 너무 느리고 보기 도 힘들고 게임 최소 화 시키면 다운 이 멈춤 ) 크롬 으로 넥서스 풀 아웃 4 모드 게시판 에서 자동 번역 돌리면서 다운 받으면 넥서스 매니저 로 관리 하기가 더 쉽고 각종 세부 설정 도 할수있는건 덤 .,2018-01-10 13:20:39
377160,Fallout 4,positive,Good Game Bad RPG,Good Game Bad RPG,2018-01-10 09:10:11
377160,Fallout 4,positive,엘더스크롤6나 만들라구요,엘더스크롤 6 나 만들라구요,2018-01-09 08:35:16
377160,Fallout 4,positive,역시 폴아웃은 폴아웃이다. 그런데 초회차에 비해 반복플레이가 질리는 감이 있다. 뉴베가스는 몇번을 해도 질리지 않았는데...,역시 폴아웃 은 폴아웃 이다 . 그런데 초회차 에 비해 반복 플레이 가 질리는 감 이 있다 . 뉴 베가스 는 몇번 을 해도 질리 지 않았는데 ...,2018-01-04 21:49:39
377160,Fallout 4,positive,이거 ㅈㄴ튕기는데 사양도 맞는데 왜이리 자주 팅김? 심지어 불러오기도 ㅈㄴ 안되고 ㅆㅂ,이 거 ㅈㄴ 튕 기는데 사양 도 맞는데 왜 이리 자주 팅김 ? 심지어 불러오 기도 ㅈㄴ 안되고 ㅆㅂ,2018-01-04 21:43:18
377160,Fallout 4,positive,"역시 베데스다다. 가을출타4, 챰으로 유명한 껨이그든요 엘더스크롤 씌리즈를 해보셨으면 아시게찌마는 베데스다가 껨 증말 잘만든다 이르케 자유도가 높은 껨은 잘 읎그든요 제가 플레이하믄서도 멧뻔 느끼긴 했지만 위대한 자동차 도둑 씌리즈는 자유도 가지고는 맹함도 못 내민다 할 수 이쓰요 그른데 이 껨이 안타까운 그는 온 세상이 방사능 천지자나요 가장 큰 도시인 다이아몬드 시티가 야구장으로 만든 도신데 돔구장이 읎어서 npc들이 방사능을 다 쳐마꼬 있그든요 갤국 모드로다가 돔구장으로 만드르야 합니다","역시 베데스다 다 . 가을 출타 4 , 챰 으로 유명한 껨이그든 요 엘더스크롤 씌리즈 를 해보셨으면 아시 게 찌 마는 베데스다 가 껨 증말 잘 만든다 이르케 자유도 가 높은 껨 은 잘 읎그든 요 제 가 플레이 하믄서도 멧뻔 느끼긴 했지만 위대한 자동차 도둑 씌리즈 는 자유도 가지고는 맹함 도 못 내민다 할 수 이 쓰요 그른데 이 껨 이 안타까운 그 는 온 세상 이 방사 능 천지 자 나 요 가장 큰 도시 인 다이아몬드 시티 가 야구장 으로 만든 도신 데 돔구장 이 읎어 서 npc 들이 방사 능 을 다 쳐마꼬 있 그 든 요 갤 국 모드 로 다가 돔구장 으로 만드르 야 합니다",2018-01-04 18:50:21
377160,Fallout 4,positive,전작비해 다소 스토리 면만 보면 3가 나을수도있지만 나름 잘 짜여진 연계 다소 즐길수 있는 어마어마한 퀘스트는 여전한 합니다 그리고 많이 발전한 조작감 이번 전작비해 어려운 스토리 진행이나 조작가이드를 간단하게 가이드 해주는 것같아 적응하기 어렵지 않았습니다 이번 기대해도좋습니다 물론 잦은 버그 있지만 그래도 이겜 즐기기에는 별 이점 안되는것같습니다 일따은 프레임 부드럽고 아무트 닥치고해보세요,전작 비해 다소 스토리 면 만 보면 3 가 나을수도 있지만 나름 잘 짜여진 연 계 다소 즐길수 있는 어마어마한 퀘스트 는 여전한 합니다 그리고 많이 발전 한 조작 감 이번 전작 비해 어려운 스토리 진행 이나 조 작 가이드 를 간단하게 가이드 해주는 것 같아 적응하기 어렵지 않았습니다 이번 기대해도 좋습니다 물론 잦은 버그 있지만 그래도 이 겜 즐 기기 에는 별 이점 안되는것 같습니다 일 따은 프레임 부드럽고 아 무트 닥치고 해보세요,2018-01-04 13:40:39
377160,Fallout 4,positive,최적화도 쓰레기고 뭐만하면 튕기지만 계속해서 하게되는 마성의 겜,최적화 도 쓰레기 고 뭐 만하 면 튕기 지만 계속 해서 하게 되는 마 성의 겜,2018-01-04 00:16:01
377160,Fallout 4,positive,전작에 비해 아쉬운 점도 눈에 많이 띄지만(특히 대화 시스템) 전체적으로는 폴아웃3등 전 세대 오픈월드에 비해 아주 발전함. 수많은 비추천의 상당수는 베데스다의 DLC지랄과 크리에이션 클럽 지랄의 2연타가 터지는 바람에 생긴 것. 게임 자체 평가는 최소 매우 긍정적은 받아야 한다고 봄. 엘더스크롤이나 폴아웃 시리즈 등 베데스다표 오픈월드를 좋아한다면 극극추천.,전작 에 비해 아쉬운 점도 눈 에 많이 띄지만 ( 특히 대화 시스템 ) 전체 적 으로는 폴아웃 3등 전 세대 오픈월드 에 비해 아주 발전 함 . 수많은 비 추천 의 상당수 는 베데스다 의 DLC 지랄 과 크리에이션 클럽 지랄 의 2 연 타가 터지는 바람 에 생긴 것 . 게임 자체 평가 는 최소 매우 긍정 적 은 받아야 한다고 봄 . 엘더스크롤 이나 폴아웃 시리즈 등 베데스다 표 오픈월드 를 좋아한다면 극 극 추천 .,2018-01-02 19:27:59
377160,Fallout 4,positive,평가가 저조해서 조마조마 했는데 미이이이이친 갓~~~~~~~~~겜;; 솔직히 폴아웃3 시리즈 보다 재밌었다,평가 가 저조해서 조마조마 했는데 미 이이이 이친 갓 ~~~~~~~~~ 겜 ;; 솔직히 폴아웃 3 시리즈 보다 재밌었다,2018-01-02 18:26:44
377160,Fallout 4,positive,y,y,2018-01-02 17:47:26
377160,Fallout 4,positive,친구가 선물해줘서 해본게임인데 재미있자나??? 스카이림보다 더 재미있게한 게임(스토리가 재미있엉) 아들??? 일단 세상부터 구하장~ 재미있자나~~ (솔직히 주인공이 이렇게 먼치킨이라면 아들내미도 이런세상에서 혼자 잘 살아남았을거임),친구 가 선물 해줘서 해본 게임 인데 재미있자나 ??? 스카이림 보다 더 재미있게한 게임 ( 스토리 가 재미있 엉 ) 아들 ??? 일단 세상 부터 구 하장 ~ 재미있자나 ~~ ( 솔직히 주인공 이 이렇게 먼치킨 이 라면 아들내미 도 이런 세상 에서 혼자 잘 살아남았을거 임 ),2017-12-31 21:49:55
377160,Fallout 4,positive,모드를 넣으면 갓겜인데 약간의 오류 그리고 약간의 튕김때문에 불만이고 DLC를 구입했는데 로봇조립 빼면 나머진 쓸모없음 고기고장을 만들려고 난리를 치지만 쉽게되진 않는다.. 그래서 로봇이 개꿀임;,모드 를 넣으면 갓 겜 인데 약간 의 오류 그리고 약간 의 튕김때문 에 불만 이고 DLC 를 구입 했는데 로봇 조립 빼면 나머진 쓸모없음 고 기 고장 을 만들려고 난리 를 치 지만 쉽게 되진 않는다 .. 그래서 로봇 이 개꿀임 ;,2017-12-31 17:02:56
377160,Fallout 4,positive,뉴베가스나 스카이림정도의 명작을 기대하고 한다면 제한된 대화시스템과 낮아진 자유도 때문에 실망할 수 밖에 없는 게임. 그래도 베데스다 이름값이 부끄럽지 않을 정도로 나름 재미있는 수작.,뉴 베가스 나 스카이림 정도 의 명작 을 기대하고 한다면 제한 된 대화 시스템 과 낮아진 자유도 때문 에 실망할 수 밖에 없는 게임 . 그래도 베데스다 이름 값 이 부끄럽지 않을 정도 로 나름 재미있는 수작 .,2017-12-31 01:22:09
377160,Fallout 4,positive,주인공을 보고 방사능은 의외로 사람한테 미치는 영향은 없는가 생각이 든다. 한 50시간 하면 엔딩본다. 갓 ㅡㅡㅡㅡㅡㅡㅡ 겜,주인공 을 보고 방사 능 은 의외로 사람 한테 미치는 영향 은 없는가 생각 이 든다 . 한 50시간 하면 엔딩 본다 . 갓 ㅡㅡㅡㅡㅡㅡㅡ 겜,2017-12-30 20:42:02
377160,Fallout 4,positive,때가되었습니다 ..미닛맨 장군님... 잠에서 깨어나세요...물론 남들이 정착지를 확보하는동안 당신이 잠만 잤다는 뜻은 절대 아니에요. 당신이라면 충분히 쉴 자격이 있습니다. 모든 미닛맨의 노력이 수포로 돌아갈 수 있었던 순간에 당신... 음... 레이더를 물리칠 시간이 다시 왔다고 말해두죠.,때 가 되었습니다 .. 미닛맨 장군 님 ... 잠 에서 깨어나세요 ... 물론 남 들 이 정착 지를 확보 하는 동안 당신 이 잠 만 잤다는 뜻 은 절대 아니에요 . 당신 이 라면 충분히 쉴 자격 이 있습니다 . 모든 미닛맨 의 노력 이 수포 로 돌아갈 수 있었던 순간 에 당신 ... 음 ... 레이더 를 물리 칠 시간 이 다시 왔다고 말 해 두죠 .,2017-12-27 21:10:24
377160,Fallout 4,positive,70시간이나 했네 ; 나름 할만 했는데 총기가 별로 안멋지고 선택장애가 있는 사람이라 더 힘들었음 뭐만 하면 옆에서 누구누구가 싫어합니다. 누구누구가 좋아합니다 이딴소릴 해대니 대화가 가장 힘들어,70시간 이나 했네 ; 나름 할만 했는데 총기 가 별로 안 멋지고 선택 장애 가 있는 사람 이라 더 힘들었음 뭐 만 하면 옆 에서 누구 누구 가 싫어합니다 . 누구 누구 가 좋아합니다 이딴 소 릴 해대 니 대화 가 가장 힘들어,2017-12-26 16:29:36
377160,Fallout 4,positive,별로 재밌진 않은데 계속 하고 싶어짐,별로 재밌진 않은데 계속 하고 싶어 짐,2017-12-26 00:26:25
377160,Fallout 4,positive,내게 폴4는 포스트 아포칼립스의 탈을 쓴 힐링겜이었다 40-50년대 올드팝과 재즈가 흘러나오는 라디오를 들으면서 햇빛이 내려쬐는 황무지를 거닐으면 파워아머의 묵직한 발걸음이 어우러지고 그 뒤를 쫄래쫄래 따라오는 도그밋과 함꼐 오후의 산책을 방해하는 레이더들과 구울들 머리에 총알을 박아 넣어준다 날씨 좋은 날엔 버티버드 타고 커먼웰스 드라이브도 해주고 방사능 폭풍이 몰아치는 날엔 정착지 침대에 누워 얌전히 라디오를 들으며 시간을 떼우고 브라민 잡아서 모닥불 피워 동료랑 같이 바베큐도 하고 건물 안의 레이더들을 소탕한 뒤 옥상에 올라,내게 폴 4 는 포스트 아포칼립스 의 탈 을 쓴 힐링 겜 이었다 40-50년 대 올드팝 과 재즈 가 흘러나오는 라디오 를 들으면서 햇빛 이 내려 쬐는 황무지 를 거닐으면 파워 아 머 의 묵직한 발걸음 이 어우러지고 그 뒤 를 쫄래쫄래 따라오는 도그밋 과 함꼐 오후 의 산책 을 방해 하는 레이더 들 과 구울 들 머리 에 총알 을 박아 넣어 준다 날씨 좋은 날 엔 버티 버드 타고 커먼웰스 드라이브 도 해주고 방사 능 폭풍 이 몰아치는 날 엔 정착 지 침대 에 누워 얌전히 라디오 를 들으며 시간 을 떼우고 브라민 잡아서 모닥불 피워 동료 랑 같이 바베큐 도 하고 건물 안 의 레이더 들 을 소탕 한 뒤 옥상 에 올라,2017-12-25 18:14:15
377160,Fallout 4,positive,Bethesda (70%) + User (30%) = Fallout4,Bethesda ( 70% ) + User ( 30% ) = Fallout 4,2017-12-25 13:11:46
377160,Fallout 4,positive,꿀죔,꿀죔,2017-12-24 22:59:52
377160,Fallout 4,positive,그래서 엔진은 언제 바꾸죠? 엿같은 모션좀 제발!,그래서 엔진 은 언제 바꾸죠 ? 엿같 은 모션 좀 제발 !,2017-12-24 16:28:59
377160,Fallout 4,positive,good game!,good game !,2017-12-24 16:16:26
377160,Fallout 4,positive,[7 / 10] * 장점 ⓐ 높은 자유도 - NPC들이 짜증나게하면 죽이는 쓰레기 컨셉도 가능할 정도 ⓑ 방대한 컨텐츠 - 100시간 넘게 했는데 메인엔딩만 보고 서브퀘 한참남음 맵 반도 못 열었음 ⓒ 퀘스트 - 어마어마한 양 - 유저 선택에 따라서 퀘스트 결과가 달라짐 ⓓ 키워드 대화 시스템 - 선택에 따라서 NPC 반응이 달라짐 (동료한테 구박받을 수도 있음) ⓕ 빌리징 - 폴시티4라 불릴정도로 빌리징을 재밌게 만들었음. (빌리징하느라 퀘스트 진행을 못 했을 정도) ⓖ 모드 - 무한한,[ 7 / 10 ] * 장점 ⓐ 높은 자유도 - NPC 들이 짜증나게하면 죽이는 쓰레기 컨셉 도 가능할 정도 ⓑ 방대한 컨텐츠 - 100시간 넘게 했는데 메인 엔딩 만 보고 서브 퀘 한참 남음 맵 반도 못 열었음 ⓒ 퀘스트 - 어마어마한 양 - 유저 선택 에 따라서 퀘스트 결과 가 달라짐 ⓓ 키 워드 대화 시스템 - 선택 에 따라서 NPC 반응 이 달라짐 ( 동료 한테 구박 받을 수도 있음 ) ⓕ 빌리 징 - 폴 시티 4 라 불릴 정도 로 빌리 징 을 재밌게 만들었음 . ( 빌리 징 하느라 퀘스트 진행 을 못 했을 정도 ) ⓖ 모드 - 무한 한,2017-12-24 12:42:48
377160,Fallout 4,positive,"이것이 미래세계다 희망편-인조인가,원자력 발전로봇,무한동력 차량 이것이 미래세계다-절망편-ㅈ같은도마뱀,다구리 하는적들,ㅈ같은 로봇","이 것 이 미래세 계 다 희망 편 - 인조 인가 , 원자력 발전 로봇 , 무한 동력 차량 이 것 이 미래세 계 다 - 절망 편 - ㅈ 같은 도마뱀 , 다 구리 하는 적 들 , ㅈ 같은 로봇",2017-12-22 15:20:21
377160,Fallout 4,positive,광활한 오픈월드 좋아하구요 근데 건물마다 너무적이 많아서 시간좀 걸리고 다잡고 다른건물가도 또 있어서 질리는 감도 있네요,광활한 오픈월드 좋아하구요 근데 건물 마다 너 무적 이 많아서 시간 좀 걸리고 다잡고 다른 건물 가도 또 있어서 질리는 감도 있네요,2017-12-22 00:25:25
377160,Fallout 4,positive,"복합적이라는 평가, 저렴한 가격에 비해 충분히 훌륭한 게임","복합 적 이라는 평가 , 저렴한 가격 에 비해 충분히 훌륭한 게임",2017-12-21 02:03:35
377160,Fallout 4,positive,개인적으로 마을의 구조물 만드는것이 너무 재미있었다,개인 적 으로 마을 의 구 조물 만드는것이 너무 재미있었다,2017-12-21 01:25:30
377160,Fallout 4,positive,몰살 루트 왜 못하게 해놨어ㅓㅓㅓ,몰살 루트 왜 못 하게 해놨어 ㅓㅓㅓ,2017-12-19 19:05:46
377160,Fallout 4,positive,토드 씨발년ㅋㅋㅋㅋㅋㅋㅋㅋㅋㅋㅋㅋㅋㅋㅋㅋ,토드 씨발 년 ㅋㅋㅋㅋㅋㅋㅋㅋㅋㅋㅋㅋㅋㅋㅋㅋ,2017-12-17 01:02:38
377160,Fallout 4,positive,역시 폴아웃. 참 재미있습니다.,역시 폴아웃 . 참 재미있습니다 .,2017-12-15 20:28:23
377160,Fallout 4,positive,스카이림에 이은 룩딸4 게임,스카이림 에 이 은 룩딸 4 게임,2017-12-15 02:15:54
377160,Fallout 4,positive,"폴아웃은 모드지! 라고 다들 그러던데, 저는 그 모드질을 못하는지라. 흔히 말하는 바닐라로 엔딩까지 봤다. 부정적 평가가 많아서 정말 안 좋은 게임인가? 라고 첫인상을 느끼며 시작했지만, 포스트 아포칼립스 세계관을 여행하는 재미와 어떤 양산형 RPG의 퀘스트와는 다른 서브 퀘스트. 마을에 정착민을 관리하면서 (특히 더 캐슬) 번영하는 모습에 뿌듯함을 느끼는 본인에 놀랐고 주인공의 행동에 모순점(션을 찾다가 이상한 짓거리를 하는등)의 단점이 보였지만, 알게 뭐람 내가 조종하는 캐릭터인데 내 맘대로지. 아무튼 시궁창스러운","폴아웃 은 모드 지 ! 라고 다 들 그러던데 , 저 는 그 모드 질 을 못 하는지라 . 흔히 말 하는 바닐라 로 엔딩 까지 봤다 . 부정 적 평가 가 많아서 정말 안 좋은 게임 인가 ? 라고 첫인상 을 느끼며 시작 했지만 , 포스트 아포칼립스 세계관 을 여행 하는 재미 와 어떤 양산 형 RPG 의 퀘스트 와는 다른 서브 퀘스트 . 마을 에 정착민 을 관리 하면서 ( 특히 더 캐슬 ) 번영하는 모습 에 뿌듯함을 느끼는 본인 에 놀랐고 주인공 의 행동 에 모순 점 ( 션 을 찾다가 이상한 짓거리 를 하는 등 ) 의 단점 이 보였지만 , 알 게 뭐람 내 가 조종 하는 캐릭터 인데 내 맘대로 지 . 아무튼 시궁창 스러운",2017-12-14 11:07:59
377160,Fallout 4,positive,갓겜,갓 겜,2017-12-13 21:34:37
377160,Fallout 4,positive,Bethesda PLEASE FIX RUNTIME ERROR R6025!!! IT HAPPEN ON MY LAPTOP SINCE 1.10.40 UPDATE!!!!!,Bethesda PLEASE FIX RUNTIME ERROR R 6025 !!! IT HAPPEN ON MY LAPTOP SINCE 1.10 . 40 UPDATE !!!!!,2017-12-12 23:36:21
377160,Fallout 4,positive,"매우 재밌지만.. 버그가 너무 많다. 폴아웃4 나온지도 꽤 됐는데 후속관리가 안되는 느낌. 생존난이도 + 심시티가 가장 인상적이고 재밌었으며 난이도를 올림으로써 모든 잡템까지 쓸모있는 템으로 만드는 기적을 보여줬다. 분해해서 침대만들고 발전기 만들고 ㅋㅋ 엘더스크롤6, 폴아웃5가 언제 나올진 모르겠지만.. 후속작들에도 생존난이도와 진보된 심시티 기능이 추가된다면 정말 재미있을것 같다. 엘더스크롤 모더들이 왜 그렇게 허기모드,피로도 모드 등을 만들었는지 이해가 된다.","매우 재밌지만 .. 버그 가 너무 많다 . 폴아웃 4 나온지도 꽤 됐는데 후속 관리 가 안되는 느낌 . 생존 난이도 + 심시티 가 가장 인상 적 이고 재밌었으며 난이도 를 올림으로써 모든 잡템 까지 쓸모 있는 템 으로 만드는 기적 을 보여줬다 . 분해 해서 침대 만들고 발전기 만들고 ㅋㅋ 엘더스크롤 6 , 폴아웃 5 가 언제 나올진 모르겠지만 .. 후속작 들 에도 생존 난이도 와 진보 된 심시티 기능 이 추가 된다면 정말 재미있을것 같다 . 엘더스크롤 모 더 들 이 왜 그렇게 허기 모드 , 피로 도 모드 등 을 만들었는지 이해 가 된다 .",2017-12-12 21:50:11
377160,Fallout 4,positive,"항상 바뀌지 않는 것이 있다. 첫번째는 항상 꾸준한 베데스다의 버그이고, 두번째는 토도키 하와드의 개POOP같은 철학덕에 고생만 하게 된다는 것 그리고 마지막으로는 war... war never changes","항상 바뀌지 않는 것 이 있다 . 첫 번째 는 항상 꾸준한 베데스다 의 버그 이고 , 두번째 는 토도 키 하와드 의 개 POOP 같은 철학 덕 에 고생 만 하게 된다는 것 그리고 마지막 으로는 war ... war never changes",2017-12-12 18:02:07
377160,Fallout 4,positive,바닐라로도 꽤나 재밌게 플레이 할 수 있다. 근데 모드 깔면 더 재밌지롱. DLC 병신.,바닐라 로 도 꽤 나 재밌게 플레이 할 수 있다 . 근데 모드 깔면 더 재밌지 롱 . DLC 병신 .,2017-12-11 10:53:31
377160,Fallout 4,positive,토렌트로 하십시오.,토 렌트 로 하십시오 .,2017-12-10 22:08:28
377160,Fallout 4,positive,전에는 ㅈㄴ 갓겜인것 처럼 설레발 치면서 리뷰 썼는데 이상하게 폴아웃은 정감이 없네요,전 에는 ㅈㄴ 갓 겜 인 것 처럼 설레 발 치면 서 리뷰 썼는데 이상하게 폴아웃 은 정감 이 없네요,2017-12-08 18:13:55
377160,Fallout 4,positive,노잼,노잼,2017-12-06 20:42:03
377160,Fallout 4,positive,"출시당시 모두에게 까였던 폴아웃4이지만 개인적으로 (뉴)폴아웃 시리즈의 팬이기 때문에 기대 했었고 실제로 플레이한 결과, 기대이상의 게임이었습니다. +엄청나게 발전한 애니메이션 +구린 텍스쳐들을 씹어먹는 동적광원 +VATS를 필요없게 만드는 조작감 +키워드 대화 시스템(호불호 갈리긴 합니다.) +여러명이서도 자유롭게 대화할수 있음 +전작의 스탯배분이 삭제되고 퍽으로 들어감 +수많은 퍽들이 간단하고 일목요연하게 정리됨 +동료 시스템(많은 상호작용) -강요하지 않는다지만 할수 밖에 없는,외면하기 힘든 빌리징 시스템 -뭔가 중반까","출시 당시 모두 에게 까였던 폴아웃 4 이지만 개인 적 으로 ( 뉴 ) 폴아웃 시리즈 의 팬 이기 때문 에 기대 했었고 실제 로 플레이 한 결과 , 기 대 이상 의 게임 이었습니다 . + 엄청나게 발전 한 애니메이션 + 구린 텍스쳐 들 을 씹어 먹는 동 적 광원 + VATS 를 필요없게 만드는 조작 감 + 키 워드 대화 시스템 ( 호불호 갈리긴 합니다 .) + 여러 명 이서 도 자유롭게 대화 할수 있음 + 전작 의 스탯배분 이 삭제 되고 퍽 으로 들어감 + 수많은 퍽 들 이 간단하고 일목요연하게 정리 됨 + 동료 시스템 ( 많은 상호작용 ) - 강요 하지 않는다지만 할수 밖에 없는 , 외면 하기 힘든 빌리 징 시스템 - 뭔가 중반 까",2017-12-05 16:32:23
377160,Fallout 4,positive,2016년 1월에 사서 20분하고 봉인했던걸 이제야 엔딩봤습니다 하루 한두시간씩 쉬엄쉬엄해야지~ 하던게 어느순간 스토리에 몰입해서 자제력을 잃고 5일동안 37시간 플레이 끝에 메인스토리 엔딩에 도달했습니다 폴아웃시리즈는 어릴때 폴아웃3 약간 해본거말고는 처음이었는데 처음엔 적응하는데 꽤 고생했어요 2일차까지는 아이템개념이랑 전투시스템에 적응을 못해서 그저 그렇다가 슬슬 여러가지 퍽을 배우면서 플레이가 재밌어지더군요 어느정도 개념이 잡힌후에는 2회차가 더 재밌을것같은 게임이었습니다 추천합니다,2016년 1월 에 사서 20분 하고 봉인 했던걸 이제야 엔딩 봤습니다 하루 한두 시간 씩 쉬엄쉬엄 해야지 ~ 하던게 어느 순간 스토리 에 몰입 해서 자제력 을 잃고 5일 동안 37시간 플레이 끝 에 메인 스토리 엔딩 에 도달 했습니다 폴아웃 시리즈 는 어릴 때 폴아웃 3 약간 해본거말고는 처음 이었는데 처음 엔 적응하는데 꽤 고생 했어요 2일 차까지는 아이템 개념 이랑 전투 시스템 에 적응 을 못 해서 그저 그렇다가 슬슬 여러가지 퍽 을 배우면서 플레이 가 재밌어지더군요 어느 정도 개념 이 잡힌 후 에는 2회 차가 더 재밌을것 같은 게임 이었습니다 추천 합니다,2017-12-05 12:44:12
377160,Fallout 4,positive,할인할때 샀는데 자잘한 버그만 아니면 매우 할만함,할인 할 때 샀는데 자잘한 버그 만 아니면 매우 할만 함,2017-12-04 16:16:10
377160,Fallout 4,positive,100시간을 넘게 했지만 아직도 엔딩을 못보고 있을만큼 방대한 볼륨... 폴아웃 시리즈를 처음 접했는데 너무 재밌게 했습니다 사시면 후회는 절대 안합니다. 판타지보다 아포칼립스 좋아하신다면 강추,100시간 을 넘게 했지만 아직도 엔딩 을 못 보고 있을만큼 방대한 볼륨 ... 폴아웃 시리즈 를 처음 접 했는데 너무 재밌게 했습니다 사시 면 후회 는 절대 안 합니다 . 판타지 보다 아포칼립스 좋아하신다면 강추,2017-12-04 00:52:58
377160,Fallout 4,positive,"한글패치 잘 되는지 확인만 해봐야지 하고 설치했는데 6시간 순삭당함. 유튜브로 4회차 플레이 분량 정도는 너끈히 봤는데도, 직접 하니까 또 다르게 빨려들어감. 여러분들은 이 게임을 조심하십시오.","한글패치 잘 되는지 확인 만 해봐야지 하고 설치 했는데 6시간 순삭 당함 . 유튜브 로 4회 차 플레이 분량 정도 는 너 끈히 봤는데도 , 직접 하니까 또 다르게 빨려 들어감 . 여러분 들 은 이 게임 을 조심하십시오 .",2017-12-03 21:17:48
377160,Fallout 4,positive,크리에이션 클럽은 단언컨대 좆1찐따들이 사교모임하는 클럽이라고 장담할 수 있다 어떤 끔찍한 새끼 뇌에서 나온 부산물이냐?,크리에이션 클럽 은 단언컨대 좆 1 찐 따 들이 사교 모임 하 는 클럽 이라고 장담 할 수 있다 어떤 끔찍한 새끼 뇌 에서 나온 부산물 이냐 ?,2017-12-02 16:16:25
377160,Fallout 4,positive,세일 할때 사면 아깝지 않을 게임이랄까?,세 일 할 때 사면 아깝지 않을 게임 이 랄 까 ?,2017-12-01 23:48:44
377160,Fallout 4,positive,처음하는사람들은 지구력만땅하도록하자,처음 하는 사람 들 은 지구력 만 땅 하 도록 하자,2017-11-30 22:55:38
377160,Fallout 4,positive,GG,GG,2017-11-30 22:36:08
377160,Fallout 4,positive,세일 되게 자주해서 고티에디션 반값에 샀는데 솔직히 그정도 돈값은 충분히 하는듯,세 일 되게 자주 해서 고티에 디션 반값 에 샀는데 솔직히 그 정도 돈값 은 충분히 하는듯,2017-11-30 18:45:57
377160,Fallout 4,positive,- 재미있는 게임을 만들어 주셔서 감사합니다! - 저도 꼭 베데스다와 같은 게임을 만들고 싶네요!,- 재미있는 게임 을 만들어 주셔서 감사합니다 ! - 저 도 꼭 베데스다 와 같은 게임 을 만들고 싶네요 !,2017-11-30 11:50:58
377160,Fallout 4,positive,한글패치가 모드로 넘어가서 한패를 하면 업적달성이 안됨 뭐 나같이 신경안쓰는 사람은 사소한 문제고 게임은 스카이림 마냥 정신 놓고 할만함 다만 스토리가 너무 엉성하고 뭔가 출시 직전에 급하게 빼먹은 게 많은 느낌,한글패치 가 모드 로 넘어가서 한 패 를 하면 업적 달성 이 안됨 뭐 나 같이 신경안 쓰는 사람 은 사소한 문제 고 게임 은 스카이림 마냥 정신 놓고 할만 함 다만 스토리 가 너무 엉 성하고 뭔가 출시 직전 에 급하게 빼먹은 게 많은 느낌,2017-11-30 02:07:42
377160,Fallout 4,positive,적어도 프리징 걸리고 쥰내게 잘 팅기는 똥오줌 늒베가스 보단 나음 ㄹㅇ임,적어도 프리징 걸리고 쥰내 게 잘 팅기는 똥 오줌 늒 베가스 보단 나음 ㄹㅇ 임,2017-11-29 10:56:29
377160,Fallout 4,positive,이세계는 돌아도 돌아도 끝이 없네,이 세계 는 돌아도 돌아도 끝 이 없네,2017-11-28 23:46:29
377160,Fallout 4,positive,핵이 터진뒤의 세상이 이렇게 짜릿한줄 몰랐다,핵 이 터진 뒤 의 세상 이 이렇게 짜릿한줄 몰랐다,2017-11-28 23:36:43
377160,Fallout 4,positive,파하버까지만하기?,파 하버 까지만 하기 ?,2017-11-28 23:30:41
377160,Fallout 4,positive,폴아웃4은 정말 혜자게임이다. 이 게음을 하면서 느끼는거지만 정말 핵전쟁은 일어나면 안될 것 같다. 그리고 난 정말 글을 못쓰는 것 같다. 이벤트 때문에 쓰는 거지만 정말 거지같이 못쓴다. 그러나 게임은 재미있다.,폴아웃 4 은 정말 혜자 게임 이다 . 이 게음 을 하면서 느끼는거지만 정말 핵전쟁 은 일어나면 안될 것 같다 . 그리고 난 정말 글 을 못 쓰는 것 같다 . 이벤트 때문 에 쓰는 거지 만 정말 거지 같이 못 쓴다 . 그러나 게임 은 재미있다 .,2017-11-28 22:16:23
377160,Fallout 4,positive,스토리가 좀...ㅠㅠ 그래도 재밌게 했다,스토리 가 좀 ... ㅠㅠ 그래도 재밌게 했다,2017-11-28 19:03:21
377160,Fallout 4,positive,바닐라 겨우 다 깼는데 겜이 너무 짧다... 디엘시나 하러 가야지.,바닐라 겨우 다 깼는데 겜 이 너무 짧다 ... 디 엘 시나 하러 가야 지 .,2017-11-28 15:39:36
377160,Fallout 4,positive,아포칼립스 장르로 갓겜. 그것뿐.,아포칼립스 장르 로 갓 겜 . 그것 뿐 .,2017-11-28 15:32:40
377160,Fallout 4,positive,집짓기 할만함,집짓기 할만 함,2017-11-28 10:16:46
377160,Fallout 4,positive,솔직히 샐리언트 그린땜시 산거다,솔직히 샐리 언 트 그린 땜시 산거다,2017-11-28 09:52:32
377160,Fallout 4,positive,개인적으로 정말 재미있게 오래 하고 있습니다~ 정착지에서 건설하는 재미도 상당하고욤 취향적으로 잘 맞네요 ㅎㅎ 딱히 할거 없을때 돌아다니면서 파밍하고 건물짓고 하니까 시간도 잘가네요 ㅋ,개인 적 으로 정말 재미있게 오래 하고 있습니다 ~ 정착 지에서 건설 하는 재미 도 상당하 고욤 취향 적 으로 잘 맞네요 ㅎㅎ 딱히 할거 없을 때 돌아다니면서 파밍 하고 건물 짓고 하니까 시간 도 잘가네요 ㅋ,2017-11-28 00:49:14
377160,Fallout 4,positive,재미없지만 하게 된다,재미없지만 하게 된다,2017-11-28 00:32:50
377160,Fallout 4,positive,"거대한 파리 면상을 눈 앞에 갖다 대거나, 거대한 바퀴벌레가 도약하는 모습을 슬로우모션으로 감상하는 것에 거부감이 없는 분들께 추천합니다.","거대한 파리 면상 을 눈 앞 에 갖다 대거 나 , 거대한 바퀴벌레 가 도약 하는 모습 을 슬로우모션 으로 감상 하는 것 에 거부 감 이 없는 분 들 께 추천 합니다 .",2017-11-27 20:15:04
377160,Fallout 4,positive,"킬링타임, 스토리, 실험정신 어느쪽으로든 추천할만한 게임","킬링타임 , 스토리 , 실험 정신 어느 쪽 으로 든 추천 할만 한 게임",2017-11-27 20:13:42
377160,Fallout 4,positive,아 한글화 절실,아 한글화 절실,2017-11-27 18:16:35
377160,Fallout 4,positive,스카이림 하다가 빡쳐서 넘어 왔습니다. 개연성은 도그밋한테 줘버렸지만 게임은 재미있습니다.,스카이림 하다가 빡쳐서 넘어 왔습니다 . 개연 성은 도그밋 한테 줘 버렸지만 게임 은 재미있습니다 .,2017-11-27 17:50:28
377160,Fallout 4,positive,Omg,Omg,2017-11-27 12:04:44
377160,Fallout 4,positive,좀비가 무서운 게임,좀비 가 무서운 게임,2017-11-26 23:34:09
377160,Fallout 4,positive,이게 게임이다,이 게 게임 이다,2017-11-26 21:35:59
377160,Fallout 4,positive,한글패치만 있다면 제대로 해봤을텐데..,한글패치 만 있다면 제대로 해봤을텐데 ..,2017-11-26 21:07:22
377160,Fallout 4,positive,분위기가 많이 밝아 지고 dlc가 3랑 뉴베가스보다 창렬이긴하지만 재미있었다,분위기 가 많이 밝아 지고 dlc 가 3 랑 뉴 베가스 보다 창렬 이긴하지만 재미있었다,2017-11-26 19:25:13
377160,Fallout 4,positive,내가 다 아픈 게임,내 가 다 아픈 게임,2017-11-26 18:13:48
377160,Fallout 4,positive,i like it,i like it,2017-11-26 15:09:39
377160,Fallout 4,positive,일단해보세요 그리고 미워하시면 됩니다...,일단 해보세요 그리고 미워하시면 됩니다 ...,2017-11-26 14:42:32
377160,Fallout 4,positive,비교적 조잡한 모션이나 각종 버그들이 다소 존재합니다. 모드지원이 되는 게임이라 이를 잘 활용하면 자기 입맛에 맞는 맞춤형 오픈월드 슈팅RPG게임이 만들어집니다. 스토리는 전체적으로 무난하지만 이후 기타퀘스트 대부분이 너무 비슷한 반복미션같아서 하다보면 금새 지루해지는 것 같았습니다. 정가로 사긴 아깝고 할인때 사시는걸 추천합니다.,비교 적 조잡한 모션 이나 각종 버그 들 이 다소 존재 합니다 . 모드 지원이 되는 게임 이라 이를 잘 활용 하면 자기 입맛 에 맞는 맞춤 형 오픈월드 슈팅 RPG 게임 이 만들어집니다 . 스토리 는 전체 적 으로 무난 하 지만 이후 기타 퀘스트 대부분 이 너무 비슷한 반복 미션 같아서 하다 보면 금새 지루해지는 것 같았습니다 . 정가 로 사긴 아깝고 할인 때 사시는걸 추천 합니다 .,2017-11-26 14:02:48
377160,Fallout 4,positive,폴아웃 76 덕분에 게임성으로 쌉망하고 크리에이션 클럽으로 베데스다가 돈미새가 된거 같은데 엘더6랑 새로 나오는 뭐시기가 76대로 나오면 아마 마지막 게임이 되지 않을까...,폴아웃 76 덕분 에 게임 성 으로 쌉 망하고 크리에이션 클럽 으로 베데스다 가 돈 미 새 가 된거 같은데 엘더 6 랑 새로 나오는 뭐시기 가 76 대로 나오면 아마 마지막 게임 이 되지 않을까 ...,2017-11-26 12:39:12
377160,Fallout 4,positive,바닐라 유저라서 크리에이션 클럽을 잘 모르겠지만 가격 값 하는 게임이라고 생각함 그리고 버그는 발매한지 몇년이 됬는데 아직까지 존재한다는게 놀라움 재밌게 하는 중이고 나는 베데스다 게임 특유의 분위기가 무섭다 ...,바닐라 유저 라서 크리에이션 클럽 을 잘 모르겠지만 가격 값 하는 게임 이라고 생각 함 그리고 버그 는 발매 한지 몇 년 이 됬는데 아직 까지 존재 한다는 게 놀라 움 재밌게 하는 중이 고 나 는 베데스다 게임 특유 의 분위기 가 무섭다 ...,2017-11-26 12:30:22
377160,Fallout 4,positive,재미있습니다,재미있습니다,2017-11-26 08:50:10
377160,Fallout 4,positive,"엌 ㅋㅋㅋㅋㅋㅋㅋ 이게 고티 2위 엌ㅋㅋㅋㅋㅋ 토도끼상, 추해지기 전에 은퇴해야... 게임은 사실 엄청 재밌게 했다. 재밌었다는 건 인정한다. 근데 고티 2위는 오바 아닌가? 존나 미국적인 게임이라고 미국 놈들이 빨아주는가 보다.","엌 ㅋㅋㅋㅋㅋㅋㅋ 이 게 고 티 2 위 엌 ㅋㅋㅋㅋㅋ 토도 끼 상 , 추해지기 전 에 은퇴 해야 ... 게임 은 사실 엄청 재밌게 했다 . 재밌었다는 건 인정 한다 . 근데 고 티 2 위 는 오 바 아닌가 ? 존나 미국 적 인 게임 이라고 미국 놈 들 이 빨아주는가 보다 .",2017-11-26 07:31:41
377160,Fallout 4,positive,"3보다는 전체적으로 그래픽도 좋아졌고, 스토리도 좋은데, 중간부터 뭔가 지루해짐. 특히 건물 건설하는거 귀찮음 그거 빼면은 잼슴","3 보다는 전체 적 으로 그래픽 도 좋아졌고 , 스토리 도 좋은데 , 중간 부터 뭔가 지루해 짐 . 특히 건물 건설 하는거 귀찮음 그거 빼면은 잼슴",2017-11-26 01:49:50
377160,Fallout 4,positive,"똥싸다 만 것 같은 스토리에, 그나마도 짧은 메인퀘스트였지만 그래도 폴아웃은 폴아웃이었다.","똥 싸다 만 것 같은 스토리 에 , 그 나마 도 짧은 메인 퀘스트 였지만 그래도 폴아웃 은 폴아웃 이었다 .",2017-11-25 22:47:09
377160,Fallout 4,positive,최적화가 좀더 잡혔더라면 매우 완벽한 게임,최적화 가 좀더 잡혔더라면 매우 완벽한 게임,2017-11-25 21:32:53
377160,Fallout 4,positive,"DLC로 욕먹고 스토리로 욕먹고 팩션으로 욕먹고 베데스다 고질적인 버그, 암담한 시스템은 개선되지도 않았지만 그래도 나의 최애 게임인걸 어떡해..... ㅠㅠ","DLC 로 욕먹고 스토리 로 욕먹고 팩션 으로 욕먹고 베데스다 고질 적 인 버그 , 암담한 시스템 은 개선 되지도 않았지만 그래도 나 의 최애 게임 인걸 어떡해 ..... ㅠㅠ",2017-11-25 20:22:34
377160,Fallout 4,positive,전설=생존자 오크=파워아머,전설 = 생존자 오크 = 파워 아 머,2017-11-25 15:22:52
377160,Fallout 4,positive,개인적으로 갓겜이라 생각함,개인 적 으로 갓 겜 이라 생각 함,2017-11-25 14:03:46
377160,Fallout 4,positive,세일해서 샀읍니다 넘모 재밌읍니다,세 일해 서 샀 읍니 다 넘 모 재밌 읍니 다,2017-11-25 11:15:07
377160,Fallout 4,positive,왠지 모를 로딩렉 그리고 자잘한 버그를 감수할 수있다면 추천할만함,왠지 모를 로딩 렉 그리고 자잘한 버그 를 감수 할 수 있다면 추천 할만 함,2017-11-25 08:10:32
377160,Fallout 4,positive,u know,u know,2017-11-25 06:20:03
377160,Fallout 4,positive,명작 그 자체 입니다. 시간이 지나도 계속 재평가 될 작품,명작 그 자체 입니다 . 시간 이 지나도 계속 재 평가 될 작품,2017-11-25 03:57:30
377160,Fallout 4,positive,명작입니다,명작 입니다,2017-11-25 03:47:09
377160,Fallout 4,positive,말이 필요없다,말 이 필요없다,2017-11-25 03:04:11
377160,Fallout 4,positive,너무재밌어,너무 재밌어,2017-11-25 00:49:16
377160,Fallout 4,positive,폴아웃뉴베가스 보다 안좋타,폴아웃 뉴 베가스 보다 안좋 타,2017-11-25 00:39:05
377160,Fallout 4,positive,병x같은게 생겼지만 재미는 있다,병 x 같은게 생겼지만 재미 는 있다,2017-11-24 23:56:18
377160,Fallout 4,positive,not bad,not bad,2017-11-24 23:21:54
377160,Fallout 4,positive,재미나게 하고 있습니다,재미나 게 하고 있습니다,2017-11-24 23:00:46
377160,Fallout 4,positive,war war never change bethesda never change game engine never change,war war never change bethesda never change game engine never change,2017-11-24 21:55:43
377160,Fallout 4,positive,많이 아쉽지만 여전히 재밌다,많이 아쉽지만 여전히 재밌다,2017-11-24 21:26:27
377160,Fallout 4,positive,파워아머입고 파워죽빵때리는 게임,파워 아 머 입고 파워 죽빵 때리는 게임,2017-11-24 21:02:20
377160,Fallout 4,positive,목소리 나오는 Fallout4! 버그 쩔지만 최고!,목소리 나오는 Fallout 4 ! 버그 쩔 지만 최고 !,2017-11-24 20:35:36
377160,Fallout 4,positive,총알은 어디에서나 평등하지,총알 은 어디 에서나 평등하지,2017-11-24 20:06:47
377160,Fallout 4,positive,폴아웃5는 이거보다 더 좋겠지??? 대화 선택지의 자유도가 줄어들었다는 느낌은 있지만.폴아웃 뉴베가스와 폴아웃3가 섞여서 적절한 게임이 나왔다. 초 대박까진 아니지만 내가 기대했던 그 느낌을 잘 전해준다. 홀로 핵전쟁 이후의 폐허를 거닐면서 잡것들을 쓸어버리고 불쌍한 사람들 도와줘 가면서 영웅이 되는 그 느낌이 너무 좋다.,폴아웃 5 는 이 거 보다 더 좋겠지 ??? 대화 선택 지 의 자유도 가 줄어들었다는 느낌 은 있지만 . 폴아웃 뉴 베가스 와 폴아웃 3 가 섞여서 적절한 게임 이 나왔다 . 초 대박 까진 아니지만 내 가 기대했던 그 느낌 을 잘 전 해준다 . 홀로 핵전쟁 이후 의 폐허 를 거닐면서 잡것 들 을 쓸어 버리고 불쌍한 사람 들 도와줘 가면 서 영웅 이 되는 그 느낌 이 너무 좋다 .,2017-11-24 19:46:04
377160,Fallout 4,positive,역시배다스다,역시 배 다스 다,2017-11-24 19:12:10
377160,Fallout 4,positive,최적화네 신경좀 쓴듯... 잔버그들은 있는디 예전보다 프레임드랍이 거의 없어졌네 게임설치 10분 모드설치6시간 캐릭만들기 1분 끝 게임을 시작하지,최적화 네 신경 좀 쓴듯 ... 잔 버그 들 은 있는디 예전 보다 프레임 드랍 이 거의 없어졌네 게임 설치 10분 모드 설치 6시간 캐릭 만들기 1분 끝 게임 을 시작 하지,2017-11-24 18:08:07
377160,Fallout 4,positive,괜찮긴한데 dlc가 창렬이야,괜찮 긴한데 dlc 가 창렬 이야,2017-11-24 17:59:41
377160,Fallout 4,positive,마지막 스토리라인 옵션이 맘에 안들어...,마지막 스토리 라인 옵션 이 맘 에 안 들어 ...,2017-11-24 17:25:04
377160,Fallout 4,positive,"개꿀잼. 명불허전. 다만 전작들이 잘 만들어졌고, 베데스다이기 때문에 아무래도 기대치가 높은 것 때문일까 좀 아쉬운 부분은 있지만 만족","개꿀잼 . 명불허전 . 다만 전작 들 이 잘 만들어졌고 , 베데스다 이기 때문 에 아무래도 기 대 치가 높은 것 때문 일까 좀 아쉬운 부분 은 있지만 만족",2017-11-24 15:33:11
377160,Fallout 4,positive,"명불허전 fallout4입니다. 네, 그 명성 만큼이나 악평도 대단한 게임닙니다. 모드 유료화든 옆그레이드든는 팩트는, 당신이 일단 fallout의 팬이라면 fallout4를 사고도 fallout5는 살 거라는 것이죠. 물론 fallout6는 생각해 봐야 겠지만.","명불허전 fallout 4 입니다 . 네 , 그 명성 만큼이나 악평 도 대단한 게임 닙니 다 . 모드 유료 화 든 옆 그레이드 든 는 팩트 는 , 당신 이 일단 fallout 의 팬 이 라면 fallout 4 를 사고 도 fallout 5 는 살 거 라는 것 이 죠 . 물론 fallout 6 는 생각 해 봐야 겠지만 .",2017-11-24 10:20:49
377160,Fallout 4,positive,크리에이션 클럽에 더많은 콘텐츠가 있었으면...,크리에이션 클럽 에 더 많은 콘텐츠 가 있었으면 ...,2017-11-24 08:40:42
377160,Fallout 4,positive,재있는 게임입니다,재있는 게임 입니다,2017-11-24 07:43:46
377160,Fallout 4,positive,버그가많지만 꿀잼,버그 가 많지만 꿀잼,2017-11-24 04:57:35
377160,Fallout 4,positive,전작보다는 못하지만 그래도 옛정을 생각해서라도 플레이하다보면 어느새 시간이 삭제되는 갓게임,전작 보다는 못 하지만 그래도 옛 정 을 생각 해서라도 플레이 하다 보면 어느새 시간 이 삭제 되는 갓 게임,2017-11-24 02:17:56
377160,Fallout 4,positive,그래도 폴아웃의 명성에 먹칠하진 않았다 DLC만 빼면 괜찮은듯,그래도 폴아웃 의 명성 에 먹 칠하진 않았다 DLC 만 빼면 괜찮은 듯,2017-11-24 01:18:19
377160,Fallout 4,positive,goodgame,goodgame,2017-11-24 00:53:27
377160,Fallout 4,positive,모션만 어케해줘 진짜 모드말고,모션 만 어케 해줘 진짜 모드 말고,2017-11-24 00:08:57
377160,Fallout 4,positive,한패하려면 구버전으로 해야하지만 역시나 띵작,한 패 하려면 구 버전 으로 해야하지만 역시 나 띵작,2017-11-23 23:32:56
377160,Fallout 4,positive,계륵,계륵,2017-11-23 22:53:17
377160,Fallout 4,positive,폴아웃3,폴아웃 3,2017-11-23 22:32:49
377160,Fallout 4,positive,자유로운 여행,자유로운 여행,2017-11-23 21:57:12
377160,Fallout 4,positive,팩션간의 가치 대립을 주요 컨텐츠로 내새우려 했던 것 같으나 실상은 미묘. 게임플레이 면에서는 RPG와 FPS의 상당히 괜찮은 조화를 보여준다.,팩션 간 의 가치 대립 을 주요 컨텐츠 로 내 새 우려 했던 것 같으나 실상 은 미묘 . 게임 플레이 면 에서는 RPG 와 FPS 의 상당히 괜찮은 조화 를 보여준다 .,2017-11-23 21:26:43
377160,Fallout 4,positive,"재밌는 게임, DLC나 크리에이션 클럽 등 맘에 안드는 부분도 있지만 그래도 재밌는 게임이네요.","재밌는 게임 , DLC 나 크리에이션 클럽 등 맘 에 안 드는 부분 도 있지만 그래도 재밌는 게임 이네 요 .",2017-11-23 21:22:10
377160,Fallout 4,positive,폴아웃 3에 비해 안좋았다고 하지만 나한테는 좋았다고.,폴아웃 3 에 비해 안좋았다고 하지만 나 한테 는 좋았다고 .,2017-11-23 21:13:22
377160,Fallout 4,positive,플레이가 완벽하진 않아도 넘길 수 있지만 문제는 크리에이ㅅ....,플레이 가 완벽하진 않아도 넘길 수 있지만 문제 는 크리 에이 ㅅ ....,2017-11-23 20:51:54
377160,Fallout 4,positive,뉴베가스급을 기대했으나 실상은 모드 유료화 그래도 아포칼립스 게임을 좋아한다면 여전히 최고의 게임,뉴 베가스 급 을 기대했으나 실상 은 모드 유료 화 그래도 아포칼립스 게임 을 좋아한다면 여전히 최고 의 게임,2017-11-23 20:20:15
377160,Fallout 4,positive,약간 애매 합니다. 가장 어려운 모드만 하지 마세요 걷다가 지쳐 게임을 끄는 자신을 볼 수 있거든요,약간 애매 합니다 . 가장 어려운 모드 만 하지 마세요 걷다가 지쳐 게임 을 끄는 자신 을 볼 수 있거든요,2017-11-23 19:25:18
377160,Fallout 4,positive,마지막 전개와 스토리가 살짝 아쉬움 하지만 시스템이나 무기 크래프팅 및 하우징 시스템은 정말 잘 만들었음,마지막 전개 와 스토리 가 살짝 아쉬움 하지만 시스템 이나 무기 크 래프팅 및 하우 징 시스템 은 정말 잘 만들었음,2017-11-23 19:18:19
377160,Fallout 4,positive,나는... 아들을 선택했다.,나 는 ... 아들 을 선택 했다 .,2017-11-23 19:07:01
377160,Fallout 4,positive,이 게임때문에 지갑을 엽니다 ㅎ,이 게임 때문 에 지갑 을 엽니 다 ㅎ,2017-11-23 18:37:08
377160,Fallout 4,positive,"우리가 이겜 할 때 주의 할 점, 1.프레스턴 가비 2.정착지 퀘스트 3.보스턴 도심지 4.갓레이... ... ..","우리 가 이 겜 할 때 주의 할 점 , 1 . 프레스턴 가비 2 . 정착 지 퀘스트 3 . 보스턴 도심지 4 . 갓 레이 ... ... ..",2017-11-23 18:32:11
377160,Fallout 4,positive,인육공장을 운영하는 무시무시한 게임,인육 공장 을 운영 하는 무시무시한 게임,2017-11-23 18:12:56
377160,Fallout 4,positive,처음에는 몰입되는 스토리 진행. 점점 지루해짐.,처음 에는 몰입 되는 스토리 진행 . 점점 지루해 짐 .,2017-11-23 18:12:14
377160,Fallout 4,positive,어디서부터 길을 새버렸는지 모르겠다...,어디서 부터 길 을 새 버렸는지 모르겠다 ...,2017-11-23 17:04:52
377160,Fallout 4,positive,대화방식은 마음에 안들지만 그래도 폴아웃은 폴아웃이다.,대화방 식 은 마음 에 안 들 지만 그래도 폴아웃 은 폴아웃 이다 .,2017-11-23 16:59:16
377160,Fallout 4,positive,New Vegas를 넘어서지는 못했지만 나름 할만한 RPG. 근데 DLC를 꼭 그런 식으로 냈어야 했냐... 베데스다...,New Vegas 를 넘어서지는 못 했지만 나름 할만 한 RPG . 근데 DLC 를 꼭 그런 식 으로 냈어야 했냐 ... 베데스다 ...,2017-11-23 15:15:57
377160,Fallout 4,positive,시간 때우기 좋다,시간 때우기 좋다,2017-11-23 14:19:00
377160,Fallout 4,positive,가끔 생각남 그래서 아주 가끔함,가끔 생각남 그래서 아주 가끔 함,2017-11-23 14:06:42
377160,Fallout 4,positive,분명 폴아웃을 하고 있는게 맞는데 왠지 스카이림을 하고 있는 느낌. 이 게임이 '폴아웃'이 아니었다면... 음..,분명 폴아웃 을 하고 있는게 맞는데 왠지 스카이림 을 하고 있는 느낌 . 이 게임 이 ' 폴아웃 ' 이 아니었다면 ... 음 ..,2017-11-23 14:04:22
377160,Fallout 4,positive,많은 사람이 별로다라고 하는 게임인데 그래도 재밌는 게임입니다,많은 사람 이 별로 다라 고 하는 게임 인데 그래도 재밌는 게임 입니다,2017-11-23 14:03:33
377160,Fallout 4,positive,똥갓겜 갓오줌4,똥 갓 겜 갓 오줌 4,2017-11-23 13:32:31
377160,Fallout 4,positive,명맥을 유지하자.,명맥 을 유지 하자 .,2017-11-23 12:43:42
377160,Fallout 4,positive,Perfect.Unity.,Perfect . Unity .,2017-11-23 12:34:14
377160,Fallout 4,positive,!,!,2017-11-23 09:48:14
377160,Fallout 4,positive,넥슨,넥슨,2017-11-23 09:29:30
377160,Fallout 4,positive,음..대작이 될수도 있었지만....여러가지로 아쉬은 게임...재미는 있음,음 .. 대작 이 될수도 있었지만 .... 여러가지 로 아쉬은 게임 ... 재미 는 있음,2017-11-23 08:45:39
377160,Fallout 4,positive,샷건...존나게 큰 샷건이 필요하다...,샷건 ... 존나 게 큰 샷건 이 필요하다 ...,2017-11-23 08:40:31
377160,Fallout 4,positive,제발... 쓰레기같은 DLC로 업적 남겨놓지마 사야 하자나 ㅠㅠㅠ,제발 ... 쓰레기 같은 DLC 로 업적 남겨놓지마 사야 하자 나 ㅠㅠㅠ,2017-11-23 08:07:48
377160,Fallout 4,positive,역시 파밍이 최고시다.,역시 파밍 이 최고 시 다 .,2017-11-23 06:48:30
377160,Fallout 4,positive,재미있음,재미있음,2017-11-23 05:15:59
377160,Fallout 4,positive,WOoooooo,WOoooooo,2017-11-23 03:45:36
377160,Fallout 4,positive,"+ 뛰어난 비쥬얼. 배경과 더불어 전작까지 외형의 디테일이 아쉽던 소품과 아이템들의 형상이 완벽하다. + 이제는 고유의 장르로 완성 된 수준의 VATS 전투 시스템 + 맵이 그다지 넓게 느껴지지 않지만, 탐험하며 장소를 발견하는 재미는 여전하다. - 옵시디언의 뉴베가스 장점을 수용하려고 애썼지만, 역부족. 팩션과 분기가 어설프다. - DLC의 볼륨은 아쉽고 아쉽다. 3편이나 뉴베가스에 비교할 수 조차 없다. - 크리에이션 클럽","+ 뛰어난 비쥬 얼 . 배경 과 더불어 전작 까지 외형 의 디테 일이 아쉽던 소품 과 아이템 들 의 형상 이 완벽하다 . + 이제 는 고유 의 장르 로 완성 된 수준 의 VATS 전투 시스템 + 맵 이 그다지 넓게 느껴지지 않지만 , 탐험 하며 장소 를 발견 하는 재미 는 여전하다 . - 옵시디언 의 뉴 베가스 장점 을 수용 하려고 애썼지만 , 역 부족 . 팩션 과 분기 가 어설프다 . - DLC 의 볼륨 은 아쉽고 아쉽다 . 3 편이 나 뉴 베가스 에 비교 할 수 조차 없다 . - 크리에이션 클럽",2017-11-23 03:40:40
377160,Fallout 4,positive,GOTY,GOTY,2017-11-23 03:38:41
377160,Fallout 4,positive,적당히 할만하지만 단점도 큰 게임.. 아무리 시리즈가 지나도 변할생각이 없는 핵멍청한 인터페이스와 좆구린 디자인들.. 하지만 컨텐츠의 양과 모험을 한다는 재미는 나쁘지 않음.,적당히 할 만하 지만 단점 도 큰 게임 .. 아무리 시리즈 가 지나도 변할 생각 이 없는 핵 멍청한 인터페이스 와 좆 구린 디자인 들 .. 하지만 컨텐츠 의 양 과 모험 을 한다는 재미 는 나쁘지 않음 .,2017-11-22 14:23:39
377160,Fallout 4,positive,한글 패치 잘됨 거듭된 패치로 똥컴인 i5 2500 램8 gtx760 로 중상옵으로 60프래임 으로 잘돌아감 개병신 새끼들이 오타쿠 모드안된다고 징징거리면서 평점테러하는데 씨발 어떤 미친개발자가 모드충돌에 안전성 검등안된 모드를 그냥 보고만있냐 씨발 병신새끼들아 그냥 게임을 즐겨라 이상한 모드 설치해서 자캐딸 치지말구 그냥 한글패치해서 게임이나해라,한글 패치 잘 됨 거듭 된 패치 로 똥컴 인 i 5 2500 램 8 gtx 760 로 중상 옵 으로 60 프래 임 으로 잘 돌아감 개 병신 새끼 들 이 오타쿠 모드 안된다고 징징거리면서 평점 테러 하는데 씨발 어떤 미친 개발자 가 모드 충돌 에 안전성 검등 안된 모드 를 그냥 보고 만 있냐 씨발 병신 새끼 들 아 그냥 게임 을 즐겨라 이상한 모드 설치 해서 자캐 딸 치지말구 그냥 한글패치 해서 게임 이나 해 라,2017-11-22 09:19:48
377160,Fallout 4,positive,총을 든 스카이림. 갓-겜. 건물건설 하는건 좀 허술한 감이 있음.,총 을 든 스카이림 . 갓 - 겜 . 건물 건설 하는건 좀 허 술 한 감 이 있음 .,2017-11-17 19:56:53
377160,Fallout 4,positive,갓겜,갓 겜,2017-11-15 01:05:05
377160,Fallout 4,positive,이제 좀 질리네요.,이제 좀 질리네요 .,2017-11-15 00:42:44
377160,Fallout 4,positive,개적화.모드유료화.낮은 그래픽.엄청난 버그.튕김현상... 허나 재미만으로 다 용서가 되는 게임...,개 적 화 . 모드 유료 화 . 낮은 그래픽 . 엄청난 버그 . 튕 김현 상 ... 허나 재미 만으로 다 용서 가 되는 게임 ...,2017-11-12 20:31:31
377160,Fallout 4,positive,good,good,2017-11-12 20:29:16
377160,Fallout 4,positive,"1. 요즘 세상으로 보면, 골동품 레벨의 엔진으로 여기까지 구현한 것은 칭찬할 만 함 2. 하지만, 모더 들을 믿고 버그 수정도 잘 안 하고 출시하는 만행은 여전함 3. 그런데, 최근엔 클럽을 억지로 추가하면서 베데스다를 지지한 유저와 모더 모두에게 통수를 날리고 있음 4. 엘더스크롤 6와 폴아웃 5의 미래가 어둡게 느껴짐","1 . 요즘 세상 으로 보면 , 골동품 레벨 의 엔진 으로 여기 까지 구현 한 것 은 칭찬 할 만 함 2 . 하지만 , 모 더 들을 믿고 버그 수정 도 잘 안 하고 출시 하는 만행 은 여전함 3 . 그런데 , 최근 엔 클럽 을 억지로 추가 하면서 베데스다 를 지지 한 유저 와 모 더 모두 에게 통수 를 날리고 있음 4 . 엘더스크롤 6 와 폴아웃 5 의 미래 가 어둡게 느껴짐",2017-11-12 17:30:42
377160,Fallout 4,positive,"Needless to say, It’s Fallout !","Needless to say , It ’ s Fallout !",2017-11-12 09:56:46
377160,Fallout 4,positive,게임은 정말 재밌게 하고 있는데.. 제발 정신 차립시다 베데스다.,게임 은 정말 재밌게 하고 있는데 .. 제발 정신 차립시다 베데스다 .,2017-11-11 13:23:55
377160,Fallout 4,positive,ㅋ난 이겜 맘에 들었어... ㅋㅋ 솔까 위쳐3보단 재미있다..,ㅋ 난 이 겜 맘 에 들었어 ... ㅋㅋ 솔 까 위 쳐 3 보단 재미있다 ..,2017-11-11 01:06:08
377160,Fallout 4,positive,ok,ok,2017-11-09 10:35:51
377160,Fallout 4,positive,게임자체는 똥겜인데 모드를 깔면 할만해집니다.,게임 자체 는 똥겜 인데 모드 를 깔면 할 만해 집니다 .,2017-11-04 12:01:03
377160,Fallout 4,positive,"4에 대한 평가가 박하지만, 메인스토리라인은 울컥하게만듦 파하버 스토리도 좋았음","4 에 대한 평가 가 박하 지만 , 메인 스토리 라인 은 울컥 하게 만듦 파 하버 스토리 도 좋았음",2017-11-03 17:48:59
377160,Fallout 4,positive,갓아웃 4,갓 아웃 4,2017-11-02 21:16:56
377160,Fallout 4,positive,흐음...나만 약간 무서운거임??벌레가 갑툭튀하고 가다가 사람만나서 오오오우왕 반가워!하고 갔는데 엔피씨가 아니라 적이고 나같은 쫄보는 3시간하고 무서워서 못건들듯,흐음 ... 나 만 약간 무서운거 임 ?? 벌레 가 갑툭튀 하고 가다가 사람 만나서 오오오 우왕 반가워 ! 하고 갔는데 엔피씨 가 아니라 적 이고 나 같은 쫄보 는 3시간 하고 무서워서 못 건들 듯,2017-10-28 21:16:27
377160,Fallout 4,positive,수많은 폴아웃팬들이 혹평했지만 망겜 소리는 안들었습니다. 그만큼 입문작으로는 재밌네요.옛날 게임에도 재미만 느낀다면 입문작으로 하신다음 천천히 역행하는 방식으로 플레이 하면 좋을거같아요,수많은 폴아웃 팬 들 이 혹평 했지만 망겜 소리 는 안 들었습니다 . 그만큼 입문 작 으로는 재밌네요 . 옛날 게임 에도 재미 만 느낀다면 입문 작 으로 하신다음 천천히 역행 하는 방식 으로 플레이 하면 좋을거 같아요,2017-10-28 00:23:17
377160,Fallout 4,positive,게임 자체는 재밌고 좋으나 모드유료화 하나가 모든걸 망쳤다 그러나 일단 게임자체는 재밌으니 추천을하고간다,게임 자체 는 재밌고 좋으나 모드 유료 화 하나 가 모든 걸 망쳤다 그러나 일단 게임 자체 는 재밌으니 추천 을 하고 간다,2017-10-27 22:49:56
377160,Fallout 4,positive,개인적으로는 굳굳~,개인 적 으로는 굳 굳 ~,2017-10-26 23:47:09
377160,Fallout 4,positive,모드관련해서 평가가 나쁘게 나온거 같은데 저로썬 아마 모드 부분 평가를 빼더라도 상당히 괜찮다고 느꼈음 모드에 얽힌 일만 아니었어도 이런 겜은 긍정적으로 평가되어야 할텐데 아쉽..,모드 관련 해서 평가 가 나쁘게 나온거 같은데 저 로 썬 아마 모드 부분 평가 를 빼더라도 상당히 괜찮다고 느꼈음 모드 에 얽힌 일만 아니었어도 이런 겜 은 긍정 적 으로 평가 되어야 할텐데 아쉽 ..,2017-10-23 23:31:28
377160,Fallout 4,positive,명작이 왜 명작인지 알게 된 게임. 정말이지 완성도 높고 시간이 생기면 다시 해보고 싶다.,명작 이 왜 명작 인지 알 게 된 게임 . 정말 이지 완성 도 높고 시간 이 생기 면 다시 해보고 싶다 .,2017-10-23 18:35:30
377160,Fallout 4,positive,재미있으면서도 동시에 지겹다고 해야 되나.,재미있으면서도 동시 에 지겹다고 해야 되나 .,2017-10-23 13:02:15
377160,Fallout 4,positive,재미있게 하구있습니다 ㅋㅋ,재미있게 하구있습니다 ㅋㅋ,2017-10-22 23:23:00
377160,Fallout 4,positive,폴아웃76를 보고난 뒤로는 천사로 보인다... 사실 그게 아니더라도 게임 자체는 나쁘지 않았습니다. 한참동안 비추천으로 박혀있는 제 평가를 보고 폴아웃의 팬으로써 다시 손가락을 올려주지 않으면 안될 것 같았습니다. 쓰인 돈에 비해서 많은 시간을 폴아웃과 보냈으며 방대한 세계관은 아직 여기가 폴아웃이라는걸 상기시켜주었습니다. 다시 손가락의 방향을 올려줄때인가 봅니다.,폴아웃 76 를 보고 난 뒤 로는 천사 로 보인다 ... 사실 그게 아니더라도 게임 자체 는 나쁘지 않았습니다 . 한참 동안 비 추천 으로 박혀있는 제 평가 를 보고 폴아웃 의 팬 으로써 다시 손가락 을 올려주지 않으면 안될 것 같았습니다 . 쓰인 돈 에 비 해서 많은 시간 을 폴아웃 과 보냈으며 방대한 세계관 은 아직 여기 가 폴아웃 이라 는걸 상기 시켜주었습니다 . 다시 손가락 의 방향 을 올려줄 때 인가 봅니다 .,2017-10-21 19:25:50
377160,Fallout 4,positive,잔버그가 많지만 전작에 비해 분위기상으로 많은 진전을 보임.다만 컨텐츠적으로는 마을꾸미기밖에 더 생긴게 없다는게 아쉬움,잔 버그 가 많지만 전작 에 비해 분위기 상 으로 많은 진전 을 보임 . 다만 컨텐츠 적 으로는 마을 꾸 미기 밖에 더 생긴게 없다는게 아쉬움,2017-10-21 13:39:53
377160,Fallout 4,positive,인생겜이라고 해도 될정도의 게임 퀄리티를 지녔습니다 베데스다의 만행으로 평가가 저모양이 되었는데 책임은 물론 베데스다에 있겠죠 지금도 재밌게 하고있는데왜 모딩된 세이브파일은 스팀 도전과제가 안깨지는거죠 이게 엄청난 모순이고 도전과제 깨려면 평범한 얼굴로 평범한 무기로 평범한 게임을 해야되는데 시간도 두배로 드는거가 되네요 전작에도 그래왔듯이 모드를 살리면서 플레이하는게 이게임의 맛인데 물론 도전과제 안깨도 됩니다 괜찮아요 근데 왠지 찝찝한 느낌은 저말고 많은 사람이 느끼는것 같습니다 한줄평 게임- 인생겜 운영- 쿠소게,인생 겜 이라고 해도 될 정도 의 게임 퀄리티 를 지녔습니다 베데스다 의 만행 으로 평가 가 저 모양 이 되었는데 책임 은 물론 베데스다 에 있겠죠 지금 도 재밌게 하고있는데 왜 모딩된 세이브 파일 은 스팀 도전 과제 가 안 깨지는거죠 이 게 엄청난 모순 이고 도전 과제 깨려면 평범한 얼굴 로 평범한 무기 로 평범한 게임 을 해야 되는데 시간 도 두 배 로 드는거가 되네요 전작 에도 그래 왔듯이 모드 를 살리면서 플레이 하는게 이 게임 의 맛 인데 물론 도전 과제 안 깨도 됩니다 괜찮아요 근데 왠지 찝찝한 느낌 은 저 말고 많은 사람 이 느끼는것 같습니다 한 줄평 게임 - 인생 겜 운영 - 쿠소 게,2017-10-20 21:20:59
377160,Fallout 4,positive,사이버 펑크하고 다시 보니깐 선녀가 따로없습니다. 그니까 또도키 하와도 엘더6좀 내주세요.,사이버 펑크 하고 다시 보 니깐 선녀 가 따로 없습니다 . 그니까 또 도키 하와 도 엘더 6 좀 내주세요 .,2017-10-19 21:53:19
377160,Fallout 4,positive,개꿀잼,개꿀잼,2017-10-19 18:17:13
377160,Fallout 4,positive,재밌음 근데 막상 스토리 다 깨고 나면 할게 없음...,재밌음 근데 막상 스토리 다 깨고 나면 할게 없음 ...,2017-10-18 16:01:14
377160,Fallout 4,positive,시이벌 버그 2077을 보고 이 게임을 다시보니 선녀같다...,시 이 벌 버그 2077 을 보고 이 게임 을 다시 보니 선녀 같다 ...,2017-10-17 20:57:05
377160,Fallout 4,positive,"포스트아포칼립스 배경은 정말 최고다. 자유로운 게임성 과 전편 보다 좋아진 그래픽은 눈을 즐겁게 한다. 다만, 돈독이 올랐는지 모드가 유료이며, 모션 그리고 자잘한 버그는 참 안타깝다. 모드를 즐기지 않고, 오로지 배경만 본다면 추천 !","포스트 아포칼립스 배경 은 정말 최고다 . 자유로운 게임 성 과 전편 보다 좋아진 그래픽 은 눈 을 즐겁게 한다 . 다만 , 돈독 이 올랐는지 모드 가 유료 이며 , 모션 그리고 자잘한 버그 는 참 안타깝다 . 모드 를 즐기지 않고 , 오로지 배경 만 본다면 추천 !",2017-10-17 03:20:45
377160,Fallout 4,positive,ㅠ폴아웃은 너무 명불허전 꿀잼임 ㅠㅠ 시간가는줄 모르겠네 특히 빌리징 꿀꿀\,ㅠ 폴아웃 은 너무 명불허전 꿀잼임 ㅠㅠ 시간 가는줄 모르겠네 특히 빌리 징 꿀꿀 \,2017-10-16 20:55:28
377160,Fallout 4,positive,주인공은 비록 아들을 잃어버렸지만 나는 멧돌 손잡이를 잃어버렸다.,주인공 은 비록 아들 을 잃어버렸지만 나 는 멧돌 손잡이 를 잃어버렸다 .,2017-10-15 23:29:36
377160,Fallout 4,positive,kia~~~~ 이것이바로 뱂댒슶닶 의 돈줄인가연 ~~~~~?,kia ~~~~ 이 것 이바 로 뱂댒슶닶 의 돈 줄인 가연 ~~~~~?,2017-10-12 10:59:59
377160,Fallout 4,positive,재미있는똥겜,재미있는 똥겜,2017-10-11 16:42:16
377160,Fallout 4,positive,"잔버그가 많아서 좀 아쉽긴한데, 자유도는 인정합니다.","잔 버그 가 많아서 좀 아쉽 긴한데 , 자유도 는 인정 합니다 .",2017-10-11 12:59:27
377160,Fallout 4,positive,이래저래 말 많은 개임이지만 결과 적으로 재미있습니다 한국 판매방식은 쓰레기지만 풀아웃이라는 이름값에는 미진하지만 뛰어난 게임임은 확실합니다 하지만 모드 유로화는 역시 욕먹을 짓이죠,이래저래 말 많은 개임 이지만 결과 적 으로 재미있습니다 한국 판매 방식 은 쓰레기 지만 풀 아웃 이라는 이름 값 에는 미진하지만 뛰어난 게임 임 은 확실합니다 하지만 모드 유로화 는 역시 욕먹을 짓이죠,2017-10-10 21:59:35
377160,Fallout 4,positive,"세기말 고물수집,마을건설 시뮬레이터 포스트아포칼립스 배경 , 심시티류 게임을 좋아하는 유저라면 추천합니다. 크리에이션 클럽에 대해서는 게임사에 실망이지만 모드를 안쓰고 플레이한 이유도있고 게임자체로 봤을때 재미있게 플레이해서 추천합니다.","세기말 고물 수집 , 마을 건설 시뮬레이터 포스트 아포칼립스 배경 , 심시티 류 게임 을 좋아하는 유저 라면 추천 합니다 . 크리에이션 클럽 에 대해 서는 게임 사 에 실망 이지만 모드 를 안 쓰고 플레이 한 이유 도 있고 게임 자체 로 봤을 때 재미있게 플레이 해서 추천 합니다 .",2017-10-09 21:03:33
377160,Fallout 4,positive,재밌음,재밌음,2017-10-09 12:53:29
377160,Fallout 4,positive,폴아웃 시리즈가 처음이다 하면 살만하다고 봄 하지만 폴2/폴3/뉴베가스를 해왔던 유저라면 실망할수 있음,폴아웃 시리즈 가 처음 이다 하면 살 만 하다고 봄 하지만 폴 2 / 폴 3 / 뉴 베가스 를 해왔던 유저 라면 실망할수 있음,2017-10-07 13:15:35
377160,Fallout 4,positive,재밌는대 아쉬운 부분도 꽤있는게임.,재밌는대 아쉬운 부분 도 꽤 있는 게임 .,2017-10-07 05:46:34
377160,Fallout 4,positive,NO,NO,2017-10-06 16:21:03
377160,Fallout 4,positive,체력은 좋아졌으나 지능은 퇴보함,체력 은 좋아졌으나 지능 은 퇴보함,2017-10-06 01:12:33
377160,Fallout 4,positive,...............,...............,2017-10-04 17:33:37
377160,Fallout 4,positive,솔직히 갓겜임 ㅇㅈ? ㅇ ㅇㅈ. 마! 파워아머 입고 레이더 소탕 해봤나!,솔직히 갓 겜임 ㅇㅈ ? ㅇ ㅇㅈ . 마 ! 파워 아 머 입고 레이더 소탕 해봤나 !,2017-10-04 15:21:54
377160,Fallout 4,positive,아주 0같은 버그 때문에 40시간하다 처음부터 하는 짓거리 하니까 95시간 되가고 잡다한 버그로 다시 불러와서 하고 이런게임은 답이 없고 때려쳐야합니다. 그치만 재밌어서 때려치지도 못하니...,아주 0 같은 버그 때문 에 40시간 하다 처음 부터 하는 짓거리 하니까 95시간 되가고 잡다한 버그 로 다시 불러와 서 하고 이런 게임 은 답 이 없고 때려 쳐 야합니다 . 그치만 재밌어서 때려치지도 못 하니 ...,2017-10-03 22:14:32
377160,Fallout 4,positive,갓겜,갓 겜,2017-10-01 18:54:05
377160,Fallout 4,positive,good game to play you can play your own world's adventure and story,good game to play you can play your own world ' s adventure and story,2017-09-30 22:33:36
377160,Fallout 4,positive,"처음 해본 폴아웃이어서 이전 시리즈와 비교는 못하겠지만, 좋은의미로든 나쁜의미로든 전형적인 베데스다 게임이었다. 갓겜이라는 느낌까지는 들지 않았지만, 그래도 돈이 아깝지 않을만한 재미나 파고들기 요소는 충분히 있다. 사볼만한 가치가 있다.","처음 해본 폴아웃 이어서 이전 시리즈 와 비교 는 못 하겠지만 , 좋은 의미 로 든 나쁜의 미로 든 전형 적 인 베데스다 게임 이었다 . 갓 겜 이라는 느낌 까지는 들지 않았지만 , 그래도 돈 이 아깝지 않을만한 재미나 파고들기 요소 는 충분히 있다 . 사 볼 만 한 가치 가 있다 .",2017-09-30 19:47:22
377160,Fallout 4,positive,God-Game Fallout4 갓-겜 폴아웃4,God - Game Fallout 4 갓 - 겜 폴아웃 4,2017-09-29 22:24:12
377160,Fallout 4,positive,미워도 다시하게 되는 게임,미워도 다시 하게 되는 게임,2017-09-29 14:04:34
377160,Fallout 4,positive,정말재밌어요,정말 재밌어요,2017-09-28 21:50:10
377160,Fallout 4,positive,버그를 사면 게임을 준다는 폴아웃4 정작 플레이할때는 버그가 그렇게 많지는 않았다. 모드질의 재미를 톡톡히 느낄수 있는 게임,버그 를 사면 게임 을 준다는 폴아웃 4 정작 플레이 할 때 는 버그 가 그렇게 많지는 않았다 . 모드 질의 재미 를 톡톡히 느낄수 있는 게임,2017-09-25 14:26:31
377160,Fallout 4,positive,스카이림에 대한 기대가 너무 커서 그런지 아쉽지만 재미는 있습니다 스카이림보다 덜할뿐..,스카이림 에 대한 기대 가 너무 커서 그런지 아쉽지만 재미 는 있습니다 스카이림 보다 덜할 뿐 ..,2017-09-24 07:06:14
377160,Fallout 4,positive,업. 데. 이. 트. 좀. 쳐. 하. 지. 마,업 . 데 . 이 . 트 . 좀 . 쳐 . 하 . 지 . 마,2017-09-23 20:14:44
377160,Fallout 4,positive,ㅅIㅂr 중간에 한 번 죽으면 다시해야하는거 足같다...,ㅅ I ㅂ r 중간 에 한 번 죽으면 다시 해야하는거 足 같다 ...,2017-09-20 23:22:56
377160,Fallout 4,positive,"다음 폴아웃 시리즈는 제발 줫같은 하우징 시스템 좀 쳐 넣지마라. 필드 돌아다닐 때마다 텅텅 비어있는 하우징 구역에 멍청한 거주민 새끼들 볼때마다 현자타임이 밀려온다구ㅡㅡ 허나 베데스다식 오픈월드 게임답게 던전 탐험하는 맛은 끝내주었고 전작보다 훨씬 나아진 총격전,근접전투로 나에게 빅-재미를 선사 해주었기 때문에 이 게임을 적극 추천한다.","다음 폴아웃 시리즈 는 제발 줫같 은 하우 징 시스템 좀 쳐 넣지마라 . 필드 돌아다닐 때 마다 텅텅 비어있는 하우 징 구역 에 멍청한 거 주민 새끼 들 볼때 마다 현자 타임 이 밀려온다구 ㅡㅡ 허나 베데스다 식 오픈월드 게임 답 게 던전 탐험 하는 맛 은 끝내주었고 전작 보다 훨씬 나아진 총 격전 , 근접 전투 로 나 에게 빅 - 재미 를 선사 해주었기 때문 에 이 게임 을 적극 추천 한다 .",2017-09-18 23:49:31
377160,Fallout 4,positive,"조금밖에 못했지만 평가 작성합니다. 이 게임 하면서 약 75%의 시간을 폐지줍는데 쓴거 같습니다. 스타2를 하시는분은 알겠지만, 협동전이라는 미니게임이 딸린 '채팅 프로그램'이라고들 하죠(+아케이드). 이 게임은 슈팅이라는 '총'게임이 딸린 폐지줍는 시뮬레이터 입니다(줍다보면 시간 잘 가요! 정말이에요!). 폐지줍고, 정착지 꾸미고, 폐지줍고, 정착지 꾸미고... '미닛맨'이라는 자체 노예가 되어서 사람들의 수발을 들어주고, 병뚜껑(캡)을 받는 게임이라고도 할 수 있겠네요. 폐지줍는게 싫으신 분들은 걱정하지마세요. 바닐라도","조금 밖에 못 했지만 평가 작성 합니다 . 이 게임 하면서 약 75% 의 시간 을 폐지 줍는데 쓴거 같습니다 . 스타 2 를 하시는 분 은 알겠지만 , 협동 전이 라는 미니게임 이 딸린 ' 채팅 프로그램 ' 이 라고 들 하죠 (+ 아케이드 ). 이 게임 은 슈팅 이라는 ' 총 ' 게임 이 딸린 폐지 줍는 시뮬레이터 입니다 ( 줍다 보면 시간 잘 가요 ! 정말 이에요 !). 폐지 줍고 , 정착 지 꾸미고 , 폐지 줍고 , 정착 지 꾸미고 ... ' 미닛맨 ' 이라는 자체 노예 가 되어서 사람 들 의 수발 을 들어주고 , 병뚜껑 ( 캡 ) 을 받는 게임 이라고도 할 수 있겠네요 . 폐지 줍는게 싫으신 분 들 은 걱정 하지 마세요 . 바닐라 도",2017-09-18 18:48:04
377160,Fallout 4,positive,[ 8 / 10 ] 그래도 이것만큼 오래한게 없다. 누카월드는 욕설을 참기 힘들정도지만.,[ 8 / 10 ] 그래도 이 것 만큼 오래 한 게 없다 . 누카 월드 는 욕설 을 참기 힘들 정도 지만 .,2017-09-16 01:49:08
377160,Fallout 4,positive,몇 시간 했을 뿐인데 뇌가 방사능에 피폭됨 ㅅㄱ,몇 시간 했을 뿐 인데 뇌 가 방사 능 에 피폭 됨 ㅅㄱ,2017-09-16 01:01:07
377160,Fallout 4,positive,그냥저냥 못 만든 게임을 크리에이션 클럽이 똥겜으로 만들어놨습니다. 하지만 저는 몰랐습니다... 이 게임이 갓 게임이었을 줄이야.....ㅠㅠ,그냥 저 냥 못 만든 게임 을 크리에이션 클럽 이 똥겜 으로 만들어놨습니다 . 하지만 저 는 몰랐습니다 ... 이 게임 이 갓 게임 이었을 줄 이야 ..... ㅠㅠ,2017-09-15 20:56:49
377160,Fallout 4,positive,단점 1. 다른 미션 재미있게 하고있는데 갑자기 뜨는 거점방어미션 2. 신경써서 거주지 만들어 주었는데 잠은 안자고 한군데에 모여 멍하니 있는 거주민들 3. dlc를 샀는데 기존 파워아머에서 색깔만 바뀐 파워아머 장점 파워아머를 탑승할 수 있다.,단점 1 . 다른 미션 재미있게 하고있는데 갑자기 뜨는 거점 방어 미션 2 . 신경 써서 거주지 만들어 주었는데 잠 은 안자고 한 군데 에 모여 멍하니 있는 거 주민 들 3 . dlc 를 샀는데 기존 파워 아 머 에서 색깔 만 바뀐 파워 아 머 장점 파워 아 머 를 탑승 할 수 있다 .,2017-09-15 17:50:05
377160,Fallout 4,positive,핵전쟁이후에 일어나는 일들에 관한 게임인데 실제 핵전쟁이 일어나면 요런일이 생길지 의문이 생기는 게임이다,핵전쟁 이후 에 일어나는 일 들 에 관 한 게임 인데 실제 핵전쟁 이 일어나면 요런 일이 생길지 의문 이 생기는 게임 이다,2017-09-12 01:14:48
377160,Fallout 4,positive,이 게임에선 무슨짓이든 할수 있습니다,이 게임 에선 무슨 짓 이든 할수 있습니다,2017-09-09 09:23:17
377160,Fallout 4,positive,DLC 가격 씹창에 무수히 많은 버그만 고치면 갓겜,DLC 가격 씹 창 에 무수 히 많은 버그 만 고치 면 갓 겜,2017-09-09 00:21:17
377160,Fallout 4,positive,모드 유료화 실화냐,모드 유료 화 실화 냐,2017-09-08 11:45:42
377160,Fallout 4,positive,더이상 이시리즈를 구매하고 싶지 않음.,더 이상 이 시리즈 를 구매 하고 싶지 않음 .,2017-09-03 04:41:28
377160,Fallout 4,positive,망겜인데 갓겜,망겜 인데 갓 겜,2017-09-03 01:46:46
377160,Fallout 4,positive,플레이한지 얼마 안됬지만 상당히 재밌네요. 폴아웃을 처음 해보게 됐는데 특유의 분위기가 마음에 듭니다.,플레이 한지 얼마 안됬지만 상당히 재밌네요 . 폴아웃 을 처음 해보게 됐는데 특유 의 분위기 가 마음 에 듭니 다 .,2017-09-02 20:32:08
377160,Fallout 4,positive,재밌음,재밌음,2017-09-02 02:32:58
377160,Fallout 4,positive,옵치 단편애니 일어나요 보고나니 급땡겨서 다시 하는 중.... 메이코패스 모드로 나왔으면 좋겠다. 화염방사기 대신에 스프레이로 얼리고 뚝배기에 고드름 한방씩.... 동결 수류탄은 궁극기려나? 다굴에 불리하면 얼방하면되고... 길막히면 빙벽으로 넘어가거나 집중포화당하면 빙벽으로 바리케이트 치고....,옵치 단편 애니 일어나요 보고나니 급 땡겨서 다시 하는 중 .... 메이코 패스 모드 로 나왔으면 좋겠다 . 화염방사기 대신 에 스프레이 로 얼리고 뚝배기 에 고드름 한 방 씩 .... 동결 수류탄 은 궁극 기려나 ? 다 굴 에 불리하면 얼방 하 면 되고 ... 길 막히면 빙벽 으로 넘어가거나 집중 포화 당하면 빙벽 으로 바리 케이트 치고 ....,2017-08-31 10:51:53
377160,Fallout 4,positive,모드와 싸우며 욕하면서 하는 게임을 즐겨봅시다. 오늘도 모드 꼬임으로 재설치,모드 와 싸우며 욕 하면서 하는 게임 을 즐겨 봅시다 . 오늘 도 모드 꼬임 으로 재 설치,2017-08-30 16:51:30
377160,Fallout 4,positive,76할바엔 이쪽이 더 나아요,76 할 바 엔 이 쪽 이 더 나아요,2017-08-30 15:50:56
377160,Fallout 4,positive,재미있지만 넘 비싸..본체빼고 ..,재미있지만 넘 비싸 .. 본체 빼고 ..,2017-08-29 19:23:35
377160,Fallout 4,positive,솔직히 재밋음그니깐 그냥 정신없이 하다보면 시간이 막 그냥막 그럼사셈 꼭 사셈,솔직히 재밋음그 니깐 그냥 정신없이 하다 보면 시간 이 막 그냥 막 그럼사 셈 꼭 사셈,2017-08-28 19:52:32
377160,Fallout 4,positive,이벤트가 조금더많았으면좋은데 일단재밌음,이벤트 가 조금 더 많았으면 좋은데 일단 재밌음,2017-08-26 21:18:11
377160,Fallout 4,positive,무기들을 내 입맛대로 요리할수있는 킹갓 게임 완죤 맛집 ^^b,무기 들 을 내 입맛 대로 요리 할수있는 킹갓 게임 완죤 맛집 ^^ b,2017-08-26 15:11:39
377160,Fallout 4,positive,어쩌니 저쩌니 해도...그래도 초-갓겜. 그래도 폴아웃.,어쩌 니 저쩌 니 해도 ... 그래도 초 - 갓 겜 . 그래도 폴아웃 .,2017-08-26 08:00:12
377160,Fallout 4,positive,초 갓 갬,초 갓 갬,2017-08-25 02:35:22
377160,Fallout 4,positive,괜찮은 수작입니다. 하지만 스카이림이랑 폴아웃3때부터 내려오는 커스터마이즈 룩딸질을 막았다는건 조금 슬프네요. 주인공은 어쨌든 애아빠 애엄마입니다.,괜찮은 수작 입니다 . 하지만 스카이림 이랑 폴아웃 3 때 부터 내려오는 커스터 마 이즈 룩딸 질 을 막았다는건 조금 슬프네요 . 주인공 은 어쨌든 애 아빠 애 엄마 입니다 .,2017-08-24 09:56:21
377160,Fallout 4,positive,"지금 현제 저는 오리지널 바닐라 폴아웃4만 플레이한 관점으로 얘기합니다. 폴아웃4를 하면서 느낀점은 방대한 황무지의 스케일, 추억의 전작의 괴물들, 전작의 NPC들, 파워아머등 외적인 요소로서는 정말로 완벽한 게임입니다. 무조건 외적인 요소만 충분한다고해서 좋은 게임은 아닙니다. 이유는 플레이하면서 계속 반복되는 전형적인 지루한(?) RPG의 형식()의 게임 플레이, 조금 불친절한 설명, 그리고 스토리적인 문제점등이 있습니다. 하지만, 이런 단점은 플레이하면서 할수록 위에 서술했던 장점이 단점을 씹어먹습니다.. 진짜입니다. 진짜로","지금 현 제 저 는 오 리지 널 바닐라 폴아웃 4만 플레이 한 관점 으로 얘기 합니다 . 폴아웃 4 를 하면서 느낀 점 은 방대한 황무지 의 스케일 , 추억 의 전작 의 괴물 들 , 전작 의 NPC 들 , 파워 아 머등 외적인 요 소 로서 는 정말로 완벽한 게임 입니다 . 무조건 외적인 요소 만 충분한다고 해서 좋은 게임 은 아닙니다 . 이유 는 플레이 하면서 계속 반복 되는 전형 적 인 지루한 (?) RPG 의 형식 () 의 게임 플레이 , 조금 불친절한 설명 , 그리고 스토리 적 인 문 제 점등 이 있습니다 . 하지만 , 이런 단점 은 플레이 하면서 할수록 위 에 서술 했던 장점 이 단점 을 씹어 먹습니다 .. 진 짜입니다 . 진짜 로",2017-08-23 19:14:21
377160,Fallout 4,positive,인스티튜트를 보고 바지를 5번 갈아입었다,인스티튜트 를 보고 바지 를 5 번 갈아입었다,2017-08-23 18:56:02
377160,Fallout 4,positive,1회차 플레이 : 재밌네 2회차 플레이 : 슬슬 버그가 눈에 띈다 3회차 플레이 : 버그 때문에 모드를 적용하지만 모드도 은근히 튕김 결론 : 1회차 할때만큼은 재밌음,1회 차 플레이 : 재밌네 2회 차 플레이 : 슬슬 버그 가 눈 에 띈다 3회 차 플레이 : 버그 때문 에 모드 를 적용 하 지만 모드 도 은근 히 튕김 결론 : 1회 차 할 때 만큼은 재밌음,2017-08-22 23:44:03
377160,Fallout 4,positive,폴아웃 76이 나오고 나서야 갓겜인걸 깨달았습니다.,폴아웃 76 이 나오고 나서야 갓 겜 인걸 깨 달았습니다 .,2017-08-20 15:22:41
377160,Fallout 4,positive,느긋하게 하는지라 스토리 반도못함 그래도 잼잇다,느긋하게 하는지라 스토리 반도 못 함 그래도 잼 잇다,2017-08-20 07:50:09
377160,Fallout 4,positive,일단 본편은 재밌긴 한데 DLC가 너무 창렬임,일단 본 편 은 재밌긴 한데 DLC 가 너무 창렬임,2017-08-19 20:43:05
377160,Fallout 4,positive,섹스보다 좋다,섹스 보다 좋다,2017-08-18 16:28:59
377160,Fallout 4,positive,진짜 너무 재밌다 한마디면 충분 개적화만 빼면;;,진짜 너무 재밌다 한마디 면 충분 개 적 화만 빼면 ;;,2017-08-18 01:07:47
377160,Fallout 4,positive,생좀모드 물론 재미있죠. 극한의 난이도로 플레이 할 수 있으니깐. 방어력1930 넘어가도 파리떼는 여전히 두려운 존재 사이코제트는 필수. 뮤턴트자폭병 역시 무서운 존재 수류탄.지뢰 100% 데미지 다 먹음 한방. 침대에 자야지만 저장이 되지만 잠만 자면 병에 걸림. 그래 다 좋다 이거야. 근데 빠른 이동까지 가져갔어야만 속이 후련했냐!!! 그래도 꾸역꾸역 참어가며 엔딩음 봄 ㅋ,생좀 모드 물론 재미있죠 . 극한 의 난이도 로 플레이 할 수 있으니깐 . 방어 력 1930 넘어가도 파리 떼는 여전히 두려운 존재 사이 코제트 는 필수 . 뮤턴트 자폭 병 역시 무서운 존재 수류탄 . 지뢰 100% 데미지 다 먹음 한 방 . 침대 에 자야지만 저장 이 되지만 잠 만 자면 병 에 걸림 . 그래 다 좋다 이거야 . 근데 빠른 이동 까지 가져갔어야만 속이 후련했냐 !!! 그래도 꾸역꾸역 참어가며 엔딩 음 봄 ㅋ,2017-08-16 18:03:54
377160,Fallout 4,positive,컴이안좋아서 못하지만 게임성과 중독성하나는 충분하다 유저모드 또한 빼고하면 섭섭할만큼 많고 재미있다 추천한다.,컴 이 안좋아서 못 하지만 게임 성과 중독 성 하나 는 충분하다 유저 모드 또한 빼고하면 섭섭할만큼 많고 재미있다 추천 한다 .,2017-08-15 05:25:22
377160,Fallout 4,positive,버그천국 강제 텍스쳐 옵션 과 화면 문제 창렬클럽으로 인해 도전과제 불가 추가 게임 도중 튕김을 아직도 해결 못해서 조금밖에 못함,버그 천국 강제 텍스쳐 옵션 과 화면 문제 창렬클럽 으로 인해 도전 과제 불가 추가 게임 도중 튕김 을 아직도 해결 못 해서 조금 밖에 못 함,2017-08-14 22:12:32
377160,Fallout 4,positive,핵전쟁 이후의 멸망한 세계를 탐험한 경험은 좋았지만 뭔가 2%가 부족했다. 그래도 나한테는 신선한 경험이었다. 2% 부족한 부분은 모드로 떼워도 괜찮았다.,핵전쟁 이후 의 멸망한 세계 를 탐험 한 경험 은 좋았지만 뭔가 2% 가 부족했다 . 그래도 나 한테 는 신선한 경험 이었다 . 2% 부족한 부분 은 모드 로 떼워 도 괜찮았다 .,2017-08-14 18:13:52
377160,Fallout 4,positive,여러모로 부족한모습이 많은 폴아웃4 심지어 DLC조차 폴아웃3에 비해 매우 질이떨어지는것 같습니다. 그리고 아직 떡모드가 완벽하지않은듯하니 조금더 기다리면 좋겠습니다,여러 모로 부족한 모습 이 많은 폴아웃 4 심지어 DLC 조차 폴아웃 3 에 비해 매우 질 이 떨어지는것 같습니다 . 그리고 아직 떡 모드 가 완벽하지 않은듯 하니 조금 더 기다리면 좋겠습니다,2017-08-14 00:28:10
377160,Fallout 4,positive,무한로딩버그만 없으면 괜찮게 할 수 있는게임 할때마다 1번씩은 무한로딩된다,무한 로딩 버그 만 없으면 괜찮게 할 수 있는 게임 할 때 마다 1 번 씩 은 무한 로딩 된다,2017-08-11 18:48:45
377160,Fallout 4,positive,갓 겜...,갓 겜 ...,2017-08-11 15:30:16
377160,Fallout 4,positive,갓갓,갓 갓,2017-08-09 14:25:31
377160,Fallout 4,positive,쯔아아 이제야 1회차끝냈네,쯔아 아 이제야 1회 차끝냈네,2017-08-09 12:08:01
377160,Fallout 4,positive,[h1] 가을출타4 [/h1] 버그수정이 출타함 그런데 스토리는 안출타함 주민들인성 출타함 악당들인성도 출타함 나는..?,[ h 1 ] 가을 출타 4 [/ h 1 ] 버그 수 정이 출타 함 그런데 스토리 는 안 출타 함 주민 들 인성 출타 함 악당 들 인 성도 출타 함 나 는 ..?,2017-08-08 19:12:40
377160,Fallout 4,positive,:D,: D,2017-08-08 08:22:23
377160,Fallout 4,positive,게임은 전체적으로 재미있지만 후반으로 갈수록 지루해짐,게임 은 전체 적 으로 재미있지만 후반 으로 갈수록 지루해 짐,2017-08-07 18:36:34
377160,Fallout 4,positive,주말 무료로 플레이 해봤다.. 폴3을 처음 할때의 그 두근거림은 덜했으나 전작을 안해본 사람들에게는 확실히 추철할만한 롤플레잉 게임이라고 생각함.,주말 무료 로 플레이 해봤다 .. 폴 3 을 처음 할 때 의 그 두근거림은 덜했으나 전작 을 안 해본 사람 들 에게는 확실히 추철 할만 한 롤플레잉 게임 이라고 생각 함 .,2017-08-06 21:42:36
377160,Fallout 4,positive,운빨 스탯에 기대는 대신 건강한 스탯에 투자하면 즐겁게 플레이할 수 있단 걸 가르쳐준 게임 LUCK 10으로 시작하지 맙시다,운빨 스탯 에 기대는 대신 건강한 스탯 에 투자 하면 즐겁게 플레이 할 수 있단 걸 가르쳐 준 게임 LUCK 10 으로 시작 하지 맙시 다,2017-08-06 18:37:36
377160,Fallout 4,positive,뉴클리어 아포칼립스의 선두주자,뉴클리어 아포칼립스 의 선두 주자,2017-08-06 09:27:10
377160,Fallout 4,positive,하도 평가가 안좋아서 폴아웃 팬임에도 불구하고 뒤늦게 50프로 할인까지 기다렸다가 구매했다. 확실히 '폴아웃' 4 로는 부족한 게임이 분명하다. 폴아웃으로서 기대받는 수치를 전혀 만족시키지 못했다. 하지만 번외로 게임 그 자체로는 꽤나 훌륭하다. 말은 많았지만 그래픽은 확실히 진보했고 파워아머 시스템과 같은 발전이 분명히 있었다. 또 스토리 역시 폴아웃이라는 멍에를 던지고 보면 그렇게 나쁘지도 않다. 기대치가 한참 낮아진 상태에서 게임을 시작해서인지 의외로 꽤나 만족하며 플레이할 수 있었고 몰입감이 깨지지 않은,하도 평가 가 안좋아서 폴아웃 팬임 에도 불구 하고 뒤늦게 50 프로 할인 까지 기다렸다가 구매 했다 . 확실히 ' 폴아웃 ' 4 로는 부족한 게임 이 분명하다 . 폴아웃 으로서 기대 받는 수치 를 전혀 만족 시키지 못 했다 . 하지만 번 외로 게임 그 자체 로는 꽤 나 훌륭하다 . 말 은 많았지만 그래픽 은 확실히 진보 했고 파워 아 머 시스템 과 같은 발전 이 분명히 있었다 . 또 스토리 역시 폴아웃 이라는 멍에 를 던지고 보면 그렇게 나쁘지도 않다 . 기 대 치가 한참 낮아진 상태 에서 게임 을 시작 해서인지 의외로 꽤 나 만족하며 플레이 할 수 있었고 몰입 감 이 깨지지 않은,2017-08-04 00:05:12
377160,Fallout 4,positive,넘모 재밌고,넘 모 재밌고,2017-07-31 22:49:05
377160,Fallout 4,positive,폐지주워서 정착민들 집짓고 포탑만든다 ㅋㅋ,폐지 주워서 정착민 들 집 짓고 포탑 만든다 ㅋㅋ,2017-07-31 16:28:06
377160,Fallout 4,positive,폴아웃4 리뷰 폴아웃4의 장점들 오픈월드 - 방사능후 폐허가된 컨셉 흔치 않은 컨셉으로 오픈월드 게임을 즐길수있다. 그래픽 - 상당히 준수하다. 특히 울트라팩깔면 그래픽이 엄청 좋아진다. 사운드 - 무기의 효과음을 잘살렸다.나쁘지 않다. 모드 - 자신이 원하는대로 게임을 셋팅하며 즐길수있다. 전투 - 총기디테일이나 총기 운용방식이 많이 바뀌었으며 타격감이 생겼다. 파워아머 - 폴아웃의 로망 최고 최애 말이 필요한가 간지 그자체다. 시스템 하우징 시스템 - 이것 또한 물건이다. VATS 시스템 - 폴아웃 시리즈의 전,폴아웃 4 리뷰 폴아웃 4 의 장점 들 오픈월드 - 방사 능후 폐허 가 된 컨셉 흔 치 않은 컨셉 으로 오픈월드 게임 을 즐길수있다 . 그래픽 - 상당히 준수 하다 . 특히 울트라 팩 깔면 그래픽 이 엄청 좋아진다 . 사운드 - 무기 의 효과음 을 잘 살렸다 . 나쁘지 않다 . 모드 - 자신 이 원하는대로 게임 을 셋팅하 며 즐길수있다 . 전투 - 총 기 디테 일 이나 총기 운용 방식 이 많이 바뀌었으며 타 격감 이 생겼다 . 파워 아 머 - 폴아웃 의 로망 최고 최애 말 이 필요한가 간지 그 자체 다 . 시스템 하우 징 시스템 - 이 것 또한 물건 이다 . VATS 시스템 - 폴아웃 시리즈 의 전,2017-07-30 02:40:03
377160,Fallout 4,positive,재밌긴한데 조금 루즈함,재밌긴한데 조금 루즈 함,2017-07-27 21:27:04
377160,Fallout 4,positive,고오오오오급진 사람만한 바퀴벌레를 보고싶다면 망설이지 말고 지르십시오!,고 오오오오 급 진 사람 만 한 바퀴벌레 를 보고싶다면 망설이지 말고 지르십시오 !,2017-07-26 20:28:17
377160,Fallout 4,positive,전작을 하지 않았던 상태에서 플레이해봤는데 꽤 재밌습니다. 세계관을 공들여 구성한 느낌입니다. 게임 초보자로서 very easy 난이도로 스토리를 무난히 따라갈 수 있었습니다. 더 어려운 난이도도 시도해보고 싶습니다.,전작 을 하지 않았던 상태 에서 플레이 해봤는데 꽤 재밌습니다 . 세계관 을 공 들 여 구성 한 느낌 입니다 . 게임 초보자 로서 very easy 난이도 로 스토리 를 무난 히 따라갈 수 있었습니다 . 더 어려운 난이도 도 시도 해보고 싶습니다 .,2017-07-24 12:58:13
377160,Fallout 4,positive,음 뉴베가스랑 폴아웃 3를 너무 재밌게 해서 어쩔 수 없이 한 게임.. 재미 없지는 않아요. 스토리가 너무 뜬금없음,음 뉴 베가스 랑 폴아웃 3 를 너무 재밌게 해서 어쩔 수 없이 한 게임 .. 재미 없지는 않아요 . 스토리 가 너무 뜬금 없음,2017-07-23 01:03:35
377160,Fallout 4,positive,76사고보니 좆나갓겜이네,76 사고 보니 좆 나 갓 겜 이네,2017-07-22 21:52:36
377160,Fallout 4,positive,예전부터 폴아웃시리즈를 좋아했던사람으로 이겜은 역시 갓겜입니다 컴퓨터를 이게임하려고 바꿧는데 그럴가치가 있는것같습니다 만약 이겜을 살지 고민중이라면 바로 지르세요!,예전 부터 폴아웃 시리즈 를 좋아했던 사람 으로 이 겜 은 역시 갓 겜 입니다 컴퓨터 를 이 게임 하 려고 바꿧는데 그럴가치가 있는것 같습니다 만약 이 겜 을 살 지 고민 중이 라면 바로 지르세요 !,2017-07-22 02:50:30
377160,Fallout 4,positive,처음 사서 해 본 폴아웃 시리즈. 버그가 좀 있지만 갓겜입니다.,처음 사서 해 본 폴아웃 시리즈 . 버그 가 좀 있지만 갓 겜 입니다 .,2017-07-21 23:17:23
377160,Fallout 4,positive,동부를 정화하러 왔다. 여긴 엔클레이브 따위는 없지.,동부 를 정화 하러 왔다 . 여긴 엔 클레 이브 따위 는 없지 .,2017-07-20 22:49:24
377160,Fallout 4,positive,2번하고 3번하고 4번 합시다!!!!,2 번하고 3 번하고 4 번 합시다 !!!!,2017-07-19 22:38:28
377160,Fallout 4,positive,"폴3과 뉴베가스를 정말 재밌게 했기 때문에 폴4도 무척이나 기대했다. 낮은 사양 어떻게든 굴려가며 정말 즐겁게 게임했지만, 시간이 지날수록 아쉬운 점이 너무 많이 눈에 들어온다. 여러 팩션 알아보는 것과 내 거점을 직접 꾸미는 것은 재밌는 일이었다.전투도 무척이나 재미있었고, 완전히 새로 바뀐 파워아머를 이리저리 찾으러 다니는 것도 재미있었다. 하지만 팩션별 메인 스토리 라인을 따라가도 어차피 다른 팩션퀘도 한번에 다 해볼 수 있다는 점이 어이없었고, 스토리 자체의 부실함도 아쉬웠다. 가장 짜증나는건 팩션 퀘스트가 의미없는 반복 퀘","폴 3 과 뉴 베가스 를 정말 재밌게 했기 때문 에 폴 4 도 무척 이나 기대했다 . 낮은 사양 어떻 게 든 굴려 가며 정말 즐겁게 게임 했지만 , 시간 이 지날수록 아쉬운 점 이 너무 많이 눈 에 들어온다 . 여러 팩션 알아보는 것 과 내 거점 을 직접 꾸미는 것 은 재밌는 일 이었다 . 전투 도 무척 이나 재미있었고 , 완전히 새로 바뀐 파워 아 머 를 이리저리 찾으러 다니는 것 도 재미있었다 . 하지만 팩션 별 메인 스토리 라인 을 따라가도 어차피 다른 팩션 퀘 도 한번 에 다 해볼 수 있다는 점 이 어이없었고 , 스토리 자체 의 부실함도 아쉬웠다 . 가장 짜증나는건 팩션 퀘스트 가 의미 없는 반복 퀘",2017-07-18 03:31:11
377160,Fallout 4,positive,재밌는데 해킹떄문에 빡침,재밌는데 해킹떄문 에 빡침,2017-07-16 19:09:00
377160,Fallout 4,positive,전작인 뉴베가스가 훨씬 재밌습니다만 그래도 나름4만의 특징도 있을 뿐 더러 재미도 있습니다하지만 진짜 재미를 느끼기 위해서 모드러들의 모드가 풀리기 전까지 기다리세요!!,전작 인 뉴 베가스 가 훨씬 재밌습니다만 그래도 나름 4만 의 특징 도 있을 뿐 더러 재미 도 있습니다 하지만 진짜 재미 를 느끼기 위해 서 모 드러 들의 모드 가 풀리기 전 까지 기다리세요 !!,2017-07-15 23:09:43
377160,Fallout 4,positive,가을출타 장재밌다,가을 출타 장 재밌다,2017-07-15 20:54:11
377160,Fallout 4,positive,왜 본판은 반값되고 dlc는 배로 뻥튀기 되었냐 ㅅㅄㅂ,왜 본 판 은 반값 되고 dlc 는 배 로 뻥튀기 되었냐 ㅅㅄㅂ,2017-07-15 16:22:15
377160,Fallout 4,positive,"모기, 파리, 바퀴벌레... 써글","모기 , 파리 , 바퀴벌레 ... 써 글",2017-07-15 02:24:28
377160,Fallout 4,positive,올 여름 휴가는 커먼웰스다!,올 여름 휴가 는 커먼웰스 다 !,2017-07-10 23:04:33
377160,Fallout 4,positive,"There's another settlement that needs our help. Here, I'll mark it on your map.","There ' s another settlement that needs our help . Here , I ' ll mark it on your map .",2017-07-10 14:42:56
377160,Fallout 4,positive,갓겜,갓 겜,2017-07-10 11:18:46
377160,Fallout 4,positive,전설의 창렬 시즌패스,전설 의 창렬 시즌 패스,2017-07-09 14:16:37
377160,Fallout 4,positive,나의 양심을 찌르는게임은 처음봤다,나 의 양심 을 찌르는 게임 은 처음 봤다,2017-07-08 22:38:33
377160,Fallout 4,positive,버그스다 버그스다 그러기는 하지만 재밌는건 인정해야겠다.,버그스 다 버그스 다 그러 기는 하지만 재밌는건 인정 해야겠다 .,2017-07-08 20:55:40
377160,Fallout 4,positive,700시간이요 플레이시간 얼마나잼있는지 아시겟죠?,700시간 이요 플레이 시간 얼마나 잼있는지 아시겟죠 ?,2017-07-07 22:05:30
377160,Fallout 4,positive,만약 핵전쟁이 안일어나도 프리스턴 가비는 언제나 지도에 표시해줄껍니다.,만약 핵전쟁 이 안 일어나도 프리 스턴 가비 는 언제나 지도 에 표시 해줄 껍니 다 .,2017-07-07 08:33:25
377160,Fallout 4,positive,재미있게 하다가 어느순간부터 욕하고 있는 자신을 발견. 그런주제에 100시간 채움 게임하면서 짜증냈던 기억밖에 없는데도 100시간 채운게 용함... 그런데 가끔 다시 해볼까 싶은 생각이 불현듯 생김... 그런게임인 듯... 모드질하면 갓겜이 된다고 하더라...,재미있게 하다가 어느 순간 부터 욕 하고 있는 자신 을 발견 . 그런 주제 에 100시간 채움 게임 하면서 짜증 냈던 기억 밖에 없는데도 100시간 채운 게 용함 ... 그런데 가끔 다시 해볼까 싶은 생각 이 불현듯 생김 ... 그런 게임 인 듯 ... 모드 질하면 갓 겜 이 된다고 하더라 ...,2017-07-06 09:55:37
377160,Fallout 4,positive,서바이벌 난이도를 제외한 모든 난이도 : 1회차 한정 갓겜 서바이벌 난이도: 갓겜 DLC : 파하버만 좋음 누카월드는 하다 때려침,서바이벌 난이도 를 제외 한 모든 난이도 : 1회 차 한정 갓 겜 서바이벌 난이도 : 갓 겜 DLC : 파 하버 만 좋음 누카 월드 는 하다 때려 침,2017-07-05 15:56:17
377160,Fallout 4,positive,I LUV IT!!,I LUV IT !!,2017-07-05 12:02:24
377160,Fallout 4,positive,폴아웃 시리즈는 이것을 처음 접했지만 바닐라 자체도 훌륭하게 즐겼다 그러나 모드를 적용시키니 게임내의 밸런스 와 불편한 사항들을 찾아서 설치해야 되는 귀찮음이 있긴 했지만 모드를 적용시키니 또 다시 나의 덕력이 폭발했다. 스카이림 만큼의 덕력은 아니지만....,폴아웃 시리즈 는 이 것 을 처음 접 했지만 바닐라 자체 도 훌륭하게 즐겼다 그러나 모드 를 적용 시키니 게임 내의 밸런스 와 불편한 사항 들 을 찾아서 설치 해야 되는 귀찮음 이 있긴 했지만 모드 를 적용 시키니 또 다시 나 의 덕 력 이 폭발 했다 . 스카이림 만큼의 덕 력 은 아니지만 ....,2017-07-05 03:40:36
377160,Fallout 4,positive,컨셉 잡아서 하나씩 하다보면 금방 시간가고 모드받아서 하면 또 금방 시간 갑니다,컨셉 잡아서 하나 씩 하다 보면 금방 시간 가고 모드 받아서 하면 또 금방 시간 갑니다,2017-07-05 00:21:29
377160,Fallout 4,positive,황무지 여행하는게임. 아들? 그런게있었나?,황무지 여행 하는 게임 . 아들 ? 그런게 있었나 ?,2017-07-04 17:58:05
377160,Fallout 4,positive,시발 존나재밌어,시발 존나 재밌어,2017-07-04 10:32:40
377160,Fallout 4,positive,"스토리가 어떻니... 지문이 어떻니... (어차피 정해진 스크립트인거 똑같아 병신아. 너그 너드 친구들하고 주사위 돌리면서 실갱이 하는게 아니야. 알아? 사기라고.) 나는 식견있는 오래된 RPG유저로서 이런 배설물은 인정 못하니.... 이딴 씹소리 하는 좆애자들은 무시해라. 열등감에 쩔어서 '게임은 문학이라구욧!'라며 게임으로 문화자본 획득하고 싶어 안달복달 하는 씹애자들이나 '너 쌍팔년도에 XXX해봤어? 나 게임 오래했어!' 라는 식의, 너드인게 인생의 유일한 자랑인 좆장애인들 앓는 소리 들을 필요 없다.","스토리 가 어떻니 ... 지문 이 어떻니 ... ( 어차피 정해진 스크립트 인거 똑같아 병신 아 . 너 그 너드 친구 들 하고 주사위 돌리면서 실갱 이 하는게 아니야 . 알 아 ? 사기 라고 .) 나 는 식견 있는 오래된 RPG 유저 로서 이런 배설물 은 인정 못 하니 .... 이딴 씹 소리 하는 좆 애자 들 은 무시 해라 . 열등감 에 쩔어서 ' 게임 은 문학 이라 구 욧 !' 라며 게임 으로 문화 자본 획득 하고 싶어 안달 복달 하는 씹 애자 들 이나 ' 너 쌍 팔 년도 에 XXX 해봤어 ? 나 게임 오래 했어 !' 라는 식 의 , 너드 인게 인생 의 유일한 자랑 인 좆 장애 인들 앓는 소리 들을 필요 없다 .",2017-07-03 23:42:20
377160,Fallout 4,positive,잼잼,잼잼,2017-07-03 15:54:42
377160,Fallout 4,positive,GJ,GJ,2017-07-03 15:39:18
377160,Fallout 4,positive,앞으로 200시간은 더할수있따아아앆 아아앆!!,앞 으로 200시간 은 더할수있 따아아 앆 아아 앆 !!,2017-07-03 13:28:35
377160,Fallout 4,positive,하면 할수록 괜찮음,하면 할수록 괜찮음,2017-07-02 23:34:08
377160,Fallout 4,positive,"장점 -옵션별 큰 그래픽차이 없음 -꾸밀수 있는 시스템, 다앙한 개조 시스템 -오픈월드 특유의 자유로움 -치트키 사용가능(신이 되거나 자원을 초과하는 건물설치가능) 단점 -게임을 방해하는 버그들 -옵션별 최적화가 덜됨 -엔딩이 되었어도 와닿는게 별류 없음 -초반 조작 도움말이 한차례밖에 없었음 그래도 전체적으로 만족함","장점 - 옵션 별 큰 그래픽 차이 없음 - 꾸밀수 있는 시스템 , 다 앙한 개조 시스템 - 오픈월드 특유 의 자유 로움 - 치트키 사용 가능 ( 신 이 되거나 자원 을 초과 하는 건물 설치 가능 ) 단점 - 게임 을 방해 하는 버그 들 - 옵션 별 최적화 가 덜 됨 - 엔딩 이 되었어도 와 닿는게 별 류 없음 - 초반 조작 도움말 이 한 차례 밖에 없었음 그래도 전체 적 으로 만족함",2017-07-02 13:13:49
377160,Fallout 4,positive,god,god,2017-07-01 10:21:09
377160,Fallout 4,positive,good,good,2017-06-30 19:55:41
377160,Fallout 4,positive,폴아웃 특유의 그 세상이 좆망한 느낌을 느끼는게 기분 좋아서 안한다 하다가도 다시 켰던 게임. 제발 근데 좆같은 모션좀 어떻게 자연스럽게 만들어줬으면 좋겠다.,폴아웃 특유 의 그 세상 이 좆망 한 느낌 을 느끼는게 기분 좋아서 안 한다 하다가도 다시 켰던 게임 . 제발 근데 좆 같은 모션 좀 어떻게 자연 스럽게 만 들어줬으면 좋겠다 .,2017-06-30 16:27:25
377160,Fallout 4,positive,이거 맵 마다 자동이동할때 로딩이 길던데.?,이 거 맵 마다 자동 이동 할 때 로딩 이 길던데 .?,2017-06-30 10:31:24
377160,Fallout 4,positive,솔직히 말해서 이런 종류의 rpg 게임은 처음 해봤지만 정말 놀라울 정도로 재밌다. 아직 스토리를 전부다 깬건 아니지만 마치 내가 정말로 포스트아포칼립스 세계에서 살아가는 듯한 감각을 느끼해 줬다.,솔직히 말 해서 이런 종류 의 rpg 게임 은 처음 해봤지만 정말 놀라울 정도 로 재밌다 . 아직 스토리 를 전부 다 깬건 아니지만 마치 내 가 정말로 포스트 아포칼립스 세계 에서 살아가는 듯 한 감각 을 느끼해 줬다 .,2017-06-30 00:36:43
377160,Fallout 4,positive,나름 감동적인 스토리를 만들고자 한 거 같은데... 양심적으로 스토리를 따라가자면 엔딩이 한정되어 있다는게 조금 아쉽다.그래도 캐릭터의 목소리나 동료 시스템 같은 경우는 전작보다 훨씬 좋아졌다는게 맘에 든다.,나름 감동 적 인 스토리 를 만들고자 한 거 같은데 ... 양심 적 으로 스토리 를 따라가자면 엔딩 이 한정 되어 있다는게 조금 아쉽다 . 그래도 캐릭터 의 목소리 나 동료 시스템 같은 경우 는 전작 보다 훨씬 좋아졌다는게 맘 에 든다 .,2017-06-29 20:07:04
377160,Fallout 4,positive,이건 그냥 할만함. 갓겜,이건 그냥 할만 함 . 갓 겜,2017-06-29 17:09:05
377160,Fallout 4,positive,dssdf,dssdf,2017-06-28 20:08:26
377160,Fallout 4,positive,갓겜,갓 겜,2017-06-28 18:43:56
377160,Fallout 4,positive,게임자체는 재미있는데 DLC가 좀 마이 창렬 그래도 한번 해볼만한 가치는 있음,게임 자체 는 재미있는데 DLC 가 좀 마이 창렬 그래도 한번 해볼만 한 가치 는 있음,2017-06-28 17:10:29
377160,Fallout 4,positive,"베데스다의 구린 그래픽이나 버그 등은 용서할 수 없지만, 폴아웃 시리즈이므로 눈감고 진행할 수 밖에 없네요.","베데스다 의 구린 그래픽 이나 버그 등 은 용서 할 수 없지만 , 폴아웃 시리즈 이므로 눈감고 진행 할 수 밖에 없네요 .",2017-06-28 16:07:36
377160,Fallout 4,positive,"플레이 시간이 좀 많아 보입니다만 저중에 150+시간은 정착지 건설입니다. 이것저것 꾸미기 좋아해서 저 요소는 맘에 들더군요. (물론 게임자체에서 시스템이 좀 구려서,, 칼각맞추기 힘들고 해서 현자타임올때도 많았습니다) 마지막으로..... 스토리적으로 모든 팩션을 아우를수있는 그런 사람이 되길 원했습니다만 그것은 이루어질수없는 꿈이더군요. 정말 안타까웠습니다.","플레이 시간 이 좀 많아 보입니다만 저 중 에 150 + 시간 은 정착 지 건설 입니다 . 이 것 저 것 꾸미기 좋아해서 저 요소 는 맘 에 들더군요 . ( 물론 게임 자체 에서 시스템 이 좀 구려 서 ,, 칼각 맞추기 힘들고 해서 현자 타임 올 때 도 많았습니다 ) 마지막 으로 ..... 스토리 적 으로 모든 팩션 을 아우를수있는 그런 사람 이 되길 원했습니다만 그것 은 이루어질수 없는 꿈이더군요 . 정말 안타까웠습니다 .",2017-06-28 14:33:19
377160,Fallout 4,positive,폴아웃 5 언제 나오죠 ????,폴아웃 5 언제 나오죠 ????,2017-06-27 00:21:53
377160,Fallout 4,positive,"스카이림을 재밌게 플레이한 후 이 게임을 사게 되었다. 전체적인 방식은 비슷한거같다. 이 게임은 그래픽과 더불어 모든것을 너무 잘만들었다. 물론 단점도 분명 존재 하겠지만 , 충분히 단점을 넘어서는 장점이 있는 게임이라고 생각한다","스카이림 을 재밌게 플레이 한 후 이 게임 을 사게 되었다 . 전체 적 인 방식 은 비슷한거 같다 . 이 게임 은 그래픽 과 더불어 모든 것 을 너무 잘 만들었다 . 물론 단점 도 분명 존재 하겠지만 , 충분히 단점 을 넘어서는 장점 이 있는 게임 이라고 생각 한다",2017-06-26 15:08:03
377160,Fallout 4,positive,폴아웃 시리즈를 4로 접해서 다행이다. 빌리징에 취향저격 당했다. 이전 시리즈 먼저 접했으면 좋은 평가를 할 수 없었을지도.,폴아웃 시리즈 를 4 로 접 해서 다행 이다 . 빌리 징 에 취향 저격 당했다 . 이전 시리즈 먼저 접 했으면 좋은 평가 를 할 수 없었을지도 .,2017-06-26 06:25:35
377160,Fallout 4,positive,개굿,개굿,2017-06-26 02:51:02
377160,Fallout 4,positive,진정한 갓겜,진정한 갓 겜,2017-06-25 15:51:59
377160,Fallout 4,positive,"폴아웃을 처음안게 중3이고 고3때까지 게임만알다가 처음으로 대학교2학년에 해봤는데 지금까지 나온것중에 그래픽도 제일깔끔하고 스토리도 너무 유치하지도않고 아버지가(or어머니)아들을 찾는다는 내용은 영화에서나 볼법한내용같다.전작 1,2,3는 재미는 있엇지만 배경이나 그래픽등이 너무 어두웠기 때문에 분위기가 무거웠지만 이번작은 베데스다에서 일부로 의도한것인지 전체적인 분위기가 매끄럽고 밝은듯 하다. 점수는 10점 만점에 9.3을 준다.","폴아웃 을 처음 안게 중 3 이고 고 3 때 까지 게임 만 알다 가 처음 으로 대학교 2 학년 에 해봤는데 지금 까지 나온것 중 에 그래픽 도 제일 깔끔하고 스토리 도 너무 유치하지도 않고 아버지 가 ( or 어머니 ) 아들 을 찾는다는 내용 은 영화 에서나 볼법 한 내용 같다 . 전작 1 , 2 , 3 는 재미 는 있 엇 지만 배경 이나 그래픽 등 이 너무 어두웠기 때문 에 분위기 가 무거웠지만 이 번작 은 베데스다 에서 일부 로 의도 한 것 인지 전체 적 인 분위기 가 매끄럽고 밝은듯 하다 . 점수 는 10 점 만점 에 9.3 을 준다 .",2017-06-25 12:18:13
377160,Fallout 4,positive,이 플레이 시간을 보라!,이 플레이 시간 을 보라 !,2017-06-25 11:43:03
377160,Fallout 4,positive,"베를린의 핫플레이스 알렉산더플라츠에 위치한 자툰에서 9유로 주고 샀읍니다. 우에스카 18등급이니 꼬옥 여권 챙겨가시고,,,사랑하는 횐님들 알뜰쇼핑 하시길 바랍니다,,,^^7","베를린 의 핫 플 레이스 알렉산더 플 라츠 에 위치 한 자툰 에서 9유로 주고 샀 읍니 다 . 우에스카 18등 급이니 꼬옥 여권 챙겨가시고 ,,, 사랑 하는 횐님들 알뜰 쇼핑 하시길 바랍니다 ,,,^^ 7",2017-06-24 19:33:45
377160,Fallout 4,positive,갓겜,갓 겜,2017-06-24 15:09:15
377160,Fallout 4,positive,다시보니 선녀같다,다시 보니 선녀 같다,2017-06-24 12:04:43
377160,Fallout 4,positive,dlc만 빼면 괜찮은게임입니다 솔직히 말해 워크샵 dlc들이 폴아웃4의 평가를 더 망치고있다고 생각중입니다,dlc 만 빼면 괜찮은 게임 입니다 솔직히 말 해 워크샵 dlc 들이 폴아웃 4 의 평가 를 더 망치 고 있다고 생각 중 입니다,2017-06-24 05:46:14
377160,Fallout 4,positive,재밌음,재밌음,2017-06-23 22:30:02
377160,Fallout 4,positive,"단점 고질적인 개적화, 후달리는 텍스쳐, 각종 버그, 창렬인 시즌패스 장점 이 모든 단점을 모드로 커버할 수 있음. 개적화, 텍스쳐, 버그, 컨텐츠, 퀘스트, 지역 전부 모드로 픽스하고 추가해서 즐깁시다. 근데 찍싼듯한 스토리는 어쩔 수 없음.","단점 고질 적 인 개 적 화 , 후 달리는 텍스쳐 , 각종 버그 , 창렬 인 시즌 패스 장점 이 모든 단점 을 모드 로 커버 할 수 있음 . 개 적 화 , 텍스쳐 , 버그 , 컨텐츠 , 퀘스트 , 지역 전부 모드 로 픽스 하고 추가 해서 즐깁시다 . 근데 찍 싼듯 한 스토리 는 어쩔 수 없음 .",2017-06-23 13:13:55
377160,Fallout 4,positive,갓겜 이겜을 위해서 귀한 수면시간을 3시간씩 매일줄여가며 플레이했다 근데 오픈월드게임은 스토리가 다 허접인지 스토리가 와닿는게 없다 스토리 때문에 -8점 쓸때없는 집짓기 꾸미기때문에 -5점 그래서 이겜은 87점이다,갓 겜 이 겜 을 위해 서 귀한 수면시간 을 3시간 씩 매일 줄여가며 플레이 했다 근데 오픈월드 게임 은 스토리 가 다 허 접 인지 스토리 가 와 닿는게 없다 스토리 때문 에 - 8 점 쓸 때 없는 집짓기 꾸미기 때문 에 - 5 점 그래서 이 겜 은 87 점 이다,2017-06-22 19:59:04
377160,Fallout 4,positive,역시 갓겜 폴아웃은 꿀잼이다. 게임사기전에는 이런 스타일의 게임은 별로 일듯했지만 게임을 하면서 느낀점은 정반대로 넘잼있었다. 기대를 안하고 해서 더잼있는 것 갔다. 역시 이게임도 서브 미션들이 많이있다. 게임스토리도 어느정도 좋고 말할때의 선택지들도 마음에 든다 위처3를 한이후 이게임을 해서그런지 위화감이 전혀들지 않는다. 믿고보는 폴아웃이다.,역시 갓 겜 폴아웃 은 꿀잼 이다 . 게임 사 기전 에는 이런 스타일 의 게임 은 별로 일듯 했지만 게임 을 하면서 느낀 점 은 정반대 로 넘 잼있었다 . 기대 를 안 하고 해서 더 잼있는 것 갔다 . 역시 이 게임 도 서브 미션 들 이 많이 있다 . 게임 스토리 도 어느 정도 좋고 말 할 때 의 선택 지 들도 마음 에 든다 위처 3 를 한 이후 이 게임 을 해서 그런지 위화 감 이 전혀 들 지 않는다 . 믿고 보는 폴아웃 이다 .,2017-06-18 22:23:59
377160,Fallout 4,positive,굿,굿,2017-06-18 00:15:02
377160,Fallout 4,positive,"한줄평: 전작 시리즈들보다는 쉬운 난이도. 다만 시리즈를 거듭해도 적들보다도 두려운 가방 운반용량 비슷한 실시간 fps방식의 전작인 3,뉴베와 비교를 하자면 난이도는 낮아져 4가 처음인 유저들도 어렵지 않게 접근할 수 있지만 반대로 거의 반토막이난 퍽 시스템과 아예 사라져버린 스킬,카르마 시스템은 지금까지 폴아웃을 즐겨온 유저들에겐 무척 아쉬운점으로 다가오네요. SPECIAL 스탯이 시작부터 35(+5)였던 시스템또한 7(+21)이 되어 전작보다 낮은 능력치로 시작하는게 다소 특이했으며 뉴베에서 스팀팩이고 뭐고 '기승전->선셋사파","한 줄평 : 전작 시리즈 들 보다는 쉬운 난이도 . 다만 시리즈 를 거듭 해도 적 들 보다도 두려운 가방 운반 용량 비슷한 실시간 fps 방식 의 전작 인 3 , 뉴베 와 비교 를 하자 면 난이도 는 낮아져 4 가 처음 인 유저 들 도 어렵지 않게 접근 할 수 있지만 반대 로 거의 반토막 이 난 퍽 시스템 과 아예 사라져 버린 스킬 , 카르마 시스템 은 지금 까지 폴아웃 을 즐겨 온 유저 들 에겐 무척 아쉬운 점 으로 다가오네요 . SPECIAL 스탯 이 시작 부터 35 (+ 5 ) 였던 시스템 또한 7 (+ 21 ) 이 되어 전작 보다 낮은 능력 치 로 시작 하는게 다소 특이했으며 뉴베 에서 스팀 팩 이고 뭐 고 ' 기 승전 -> 선셋 사 파",2017-06-17 15:46:58
377160,Fallout 4,positive,평가:★★★★☆ 뉴베가 훨재밌다 그래도 할만하니 추천,평가 : ★★★★☆ 뉴 베가 훨 재밌다 그래도 할만 하니 추천,2017-06-17 04:32:59
377160,Fallout 4,positive,그 폴아웃4 실행하면 메인화면은 뜨는데 마우스가 안보이고 먹통이네요 ㅡㅡ 키보드는 잘 되는데 마우스가 안보여서 플레이 자체를 하지못하고 ㅠㅠ 누가 좀 도와주세요 ㅠㅠ,그 폴아웃 4 실행 하면 메인 화면 은 뜨는데 마우스 가 안보 이고 먹통 이네 요 ㅡㅡ 키보 드는 잘 되는데 마우스 가 안보 여서 플레이 자체 를 하지못하고 ㅠㅠ 누가 좀 도와주세요 ㅠㅠ,2017-06-15 18:34:17
377160,Fallout 4,positive,폴아웃 4 익스트림 씹꿀 가이드 DLC 구입은 G2A에서 하면 된다,폴아웃 4 익스트림 씹 꿀 가이드 DLC 구입 은 G 2 A 에서 하면 된다,2017-06-14 22:34:35
377160,Fallout 4,positive,갓겜,갓 겜,2017-06-13 23:20:02
377160,Fallout 4,positive,"쫄쫄이 10mm피스톨로 시작해서 파워아머 펫맨,레이져게틀링으로 끝나는 게임","쫄쫄 이 10 mm 피스톨 로 시작 해서 파워 아 머 펫맨 , 레이져 게 틀링 으로 끝나는 게임",2017-06-11 23:41:24
377160,Fallout 4,positive,"재밌게 하고 있습니다. 다만, 한번 잡고 나면 생각보다 너무 오래 플레이하게되는 바람에시간을 빼앗기는 것이 안타깝긴 하네요 ㅎㅎ","재밌게 하고 있습니다 . 다만 , 한번 잡고 나면 생각 보다 너무 오래 플레이 하게 되는 바람 에 시간 을 빼앗기는 것 이 안타깝긴 하네요 ㅎㅎ",2017-06-11 23:29:17
377160,Fallout 4,positive,아주 재미있습니다.,아주 재미있습니다 .,2017-06-11 21:20:23
377160,Fallout 4,positive,무료 플레이로 했는데 중독될까봐 구매하지 않았습니다. 뭔데 이렇게 재밌는지... 분명 베데스다게임답게 스토리는 별볼 일 없겠지만 아마 정신차리면 100시간은 하고 있을 것 같네요. 반값할인에 여름할인 받고 시즌패스까지 4만원대로 내려가면 살겁니다. 핳하,무료 플레이 로 했는데 중독 될까봐 구매 하지 않았습니다 . 뭔 데 이렇게 재밌는지 ... 분명 베데스다 게 임답게 스토리 는 별 볼 일 없겠지만 아마 정신차리면 100시간 은 하고 있을 것 같네요 . 반값 할인 에 여름 할인 받고 시즌 패스 까지 4만원 대로 내려가면 살 겁니다 . 핳 하,2017-06-09 19:17:57
377160,Fallout 4,positive,Awesome !,Awesome !,2017-06-09 00:55:58
377160,Fallout 4,positive,낙진 4는 재미있었습니다. 클래식 인터페이스를 사용하면서 현대적인 느낌으로 연주할 수 있도록 설계된 것이 인상적이었습니다. 이것은 기억을 현대적인 방식으로 재구성. 그리고 이 이야기에는 사람들을 끌어들일 수있는 힘이 있었습니다. 그러나 주말 한정 시간 동안 주요 이야기 부분만 맑아졌기 때문에 게임의 전체 내용은 그리워하다. 그러나 나는 나머지를 즐기기 위해 돈을 지불하고 싶지 않습니다.,낙진 4 는 재미있었습니다 . 클래식 인터페이스 를 사용 하면서 현대 적 인 느낌 으로 연주 할 수 있도록 설계 된 것 이 인상 적 이었습니다 . 이 것 은 기억 을 현대 적 인 방식 으로 재 구성 . 그리고 이 이야기 에는 사람 들 을 끌어 들일 수 있는 힘 이 있었습니다 . 그러나 주말 한정 시간 동안 주요 이야기 부분 만 맑아졌기 때문 에 게임 의 전체 내용 은 그리워하다 . 그러나 나 는 나머지 를 즐기기 위해 돈 을 지불 하고 싶지 않습니다 .,2017-06-07 18:46:10
377160,Fallout 4,positive,초반 신스를 본 소감: X발 개무섭네 중반: 아 x발 좀 디져라 후반: 걸어다니는 퓨전 셀,초반 신스 를 본 소감 : X 발 개 무섭네 중반 : 아 x 발 좀 디져라 후반 : 걸어 다니는 퓨전 셀,2017-06-07 13:30:14
377160,Fallout 4,positive,넓은 맵을 돌아다닐떼 정신적으로 피곤하다,넓은 맵 을 돌아다닐 떼 정신 적 으로 피곤하다,2017-06-04 01:27:09
377160,Fallout 4,positive,Great game. Love it. Only problem is it crashes sometimes.,Great game . Love it . Only problem is it crashes sometimes .,2017-06-03 12:26:00
377160,Fallout 4,positive,전작들에 비해서 스토리가 미흡하다고 느껴지는점이 아쉽기는 하지만 그래도 충분히 즐겁게 플레이를 했습니다.,전작 들 에 비 해서 스토리 가 미흡하다고 느껴지는 점 이 아쉽 기는 하지만 그래도 충분히 즐겁게 플레이 를 했습니다 .,2017-06-02 04:56:41
377160,Fallout 4,positive,베데스다 게임으로썬 합격. 폴아웃으로썬 불합격. 하지만 우리에겐 수많은 모드가 남아있사옵니다.,베데스다 게임 으로 썬 합격 . 폴아웃 으로 썬 불합격 . 하지만 우리 에겐 수많은 모드 가 남아있사옵니다 .,2017-06-01 20:55:09
377160,Fallout 4,positive,스토리가 아쉬웠지만 폴아웃은 모드 맛이기에 GG,스토리 가 아쉬웠지만 폴아웃 은 모드 맛 이기 에 GG,2017-06-01 00:12:50
377160,Fallout 4,positive,"간단히 말해서 총든스카이림 이라 보면 되요.하지만 좀더 어려워요. 여러모로 전투자원이 모자라기때문이죠. 무기는 근접 , 권총, 소총, 자동화기 같은식으로 분류되는거 같아요. 그에따라 퍽도 제각각 존제하고, 그 해당 업글제작퍽도 제각각 존제하고, 총알종류도 다달라요.그래서 찍지않은 퍽으로 그무기를 쓴다면 딜이 안나올것이고. 총알타입이 맞지않는다면 사용도못할것이에요., 내가 주력이 아닌 무기의 총알만 들고 있는 사태가 벌어진다면 참 암울해요요. 해당무기류 제작퍽도찍어야해요 그럼 공격만하면되느냐? 아니에요, 방어구나 방어력퍽 방사능","간단히 말 해서 총 든 스카이림 이라 보면 되요 . 하지만 좀더 어려워요 . 여러 모로 전 투자 원 이 모자라기 때문 이 죠 . 무기 는 근접 , 권총 , 소총 , 자동화기 같은 식 으로 분류 되는거 같아요 . 그 에 따라 퍽 도 제각각 존 제하 고 , 그 해당 업글 제 작 퍽 도 제각각 존 제하 고 , 총알 종류 도 다달라요 . 그래서 찍지 않은 퍽 으로 그 무기 를 쓴다면 딜 이 안 나올것이고 . 총알 타입 이 맞지 않는다면 사용 도 못 할것이에요 ., 내 가 주력 이 아닌 무기 의 총알 만 들고 있는 사태 가 벌어진다면 참 암울해 요요 . 해당 무기 류 제 작 퍽 도 찍어 야해요 그럼 공격 만하 면 되느냐 ? 아니에요 , 방어 구나 방어 력 퍽 방사 능",2017-05-31 02:26:09
377160,Fallout 4,positive,일단 아쉬웠던점은 한국어지원이 없었던것 다행이 다른 사람들이 만들 한글패치를 받아 잘플레이 할수있었지만 없었다면 이 좋은 게임을 못할뻔했다 좋았던점은 스토리와 그래픽 타격감이다 FPS나RPG를 좋아한다면 추천함,일단 아쉬웠던 점 은 한국어 지원이 없었던것 다행 이 다른 사람 들 이 만들 한글패치 를 받아 잘 플레이 할수있었지만 없었다면 이 좋은 게임 을 못 할 뻔했다 좋았던 점 은 스토리 와 그래픽 타 격감 이다 FPS 나 RPG 를 좋아한다면 추천 함,2017-05-30 20:28:46
377160,Fallout 4,positive,나에게 돈이 있다면 나는 이것을 곧바로 지를것이다,나 에게 돈 이 있다면 나 는 이 것 을 곧바로 지를것이다,2017-05-30 01:22:17
377160,Fallout 4,positive,체험판 해보고 결국 샀습니다 ..ㅋㅋ,체험판 해보고 결국 샀습니다 .. ㅋㅋ,2017-05-29 23:36:40
377160,Fallout 4,positive,괜찮다 더싸지면 사야지 데헿,괜찮다 더 싸지면 사야지 데 헿,2017-05-29 20:55:08
377160,Fallout 4,positive,"폴아웃4. 현 시점에서 시리즈 최신작이자 세계관 상 가장 최근을 다루고 있다. 일단...기존 3편, 뉴베가스의 시시콜콜한 엔진 우려먹기가 아니라 마치 고해상도 스카이림 같은, 많이 발전된 엔진을 써서 그런지 기존의 약간 이상했던 FPS가 이제야 좀 제대로 다듬어진 느낌이고 잡템같은 기존 시리즈에선 그냥 장식용으로만 쓰던 것들도 빌리징을 위해 결코 무시할 수 없는 아이템으로 만든건 칭찬할만 한 점이다. 앞서 말한 이 모든 장점을 다 '씹어먹다 못해 갈아버리는' 폭풍간지 파워아머는 덤. ...헌데 웬지 모르게 어색한","폴아웃 4 . 현 시점 에서 시리즈 최신 작 이자 세계관 상 가장 최근 을 다루고 있다 . 일단 ... 기존 3 편 , 뉴 베가스 의 시시콜콜한 엔진 우려 먹기 가 아니라 마치 고 해상도 스카이림 같은 , 많이 발전 된 엔진 을 써서 그런지 기존 의 약간 이상했던 FPS 가 이제야 좀 제대로 다듬어진 느낌 이고 잡템 같은 기존 시리즈 에선 그냥 장식 용 으로만 쓰던 것 들 도 빌리 징 을 위해 결코 무시 할 수 없는 아이템 으로 만든건 칭찬 할만 한 점 이다 . 앞서 말 한 이 모든 장점 을 다 ' 씹어 먹다 못 해 갈아 버리는 ' 폭풍 간지 파워 아 머는 덤 . ... 헌데 웬 지 모르게 어색한",2017-05-29 20:49:42
377160,Fallout 4,positive,"숨막히는 인트로, 활개치는 멀미, 그리고 짜증나는 프레임 드롭!","숨막히는 인트 로 , 활개 치는 멀미 , 그리고 짜증나는 프레임 드롭 !",2017-05-29 19:31:44
377160,Fallout 4,positive,멀티가 정말 시급한 게임 진짜 재밌는데 멀티만 있으면 갓겜임,멀티 가 정말 시급한 게임 진짜 재밌는데 멀티 만 있으면 갓 겜임,2017-05-29 19:04:23
377160,Fallout 4,positive,좋음,좋음,2017-05-29 18:40:02
377160,Fallout 4,positive,그냥 갓겜이다 똥오줌4라고 하면 뒤진다 진짜로,그냥 갓 겜 이다 똥 오줌 4 라고 하면 뒤진다 진짜 로,2017-05-29 18:18:30
377160,Fallout 4,positive,재미 있었습니다 주말 무료라서 5시간 해봤는데요 집꾸미고 퀘스트 몇개 해봤는데 시간가는줄 모르고 했네요 주말에 약속이 없었으면 하루종일 해봤을텐데,재미 있었습니다 주말 무료 라서 5시간 해봤는데요 집 꾸미고 퀘스트 몇개 해봤는데 시간 가는줄 모르고 했네요 주말 에 약속 이 없었으면 하루 종일 해봤을텐데,2017-05-29 17:58:13
377160,Fallout 4,positive,내가 생각한 총의 힘이 많이 약해진것 같지만 재밌다 좋다,내 가 생각 한 총 의 힘 이 많이 약해진것 같지만 재밌다 좋다,2017-05-29 15:53:25
377160,Fallout 4,positive,아주 재미납니다지금 즉시 구매하세여 후회 안합니다,아주 재미 납니다 지금 즉시 구매 하세여 후회 안 합니다,2017-05-29 15:10:33
377160,Fallout 4,positive,아 이제 볼트나갔는데 재미없다,아 이제 볼트 나갔는데 재미없다,2017-05-29 12:54:13
377160,Fallout 4,positive,nice,nice,2017-05-29 11:46:17
377160,Fallout 4,positive,가을출타4,가을 출타 4,2017-05-29 10:28:28
377160,Fallout 4,positive,엄청난 자유도와 맵크기... 그냥 짱짱임,엄청난 자유도 와 맵 크기 ... 그냥 짱짱 임,2017-05-29 09:39:11
377160,Fallout 4,positive,Goty 받을 자격이 된다고 생각합니다,Goty 받을 자격 이 된다고 생각 합니다,2017-05-28 20:27:27
377160,Fallout 4,positive,"If 3 did not come out, 4 would have been a legend","If 3 did not come out , 4 would have been a legend",2017-05-28 18:45:48
377160,Fallout 4,positive,살아남기가 힘들어서 오히려 재미있네요,살아남 기 가 힘들어서 오히려 재미있네요,2017-05-28 18:13:33
377160,Fallout 4,positive,"마영전이여. 전 황무지에서 애아빠 죽이고 갓나아기 납치한 범인 찾으러 갑니다. 핵전쟁 이후 200년 후지만, 주인공이 애엄마라서 어쩌겠습니까. 희망이라는 썩은 냄새보다, 땅에 발이 닿은 이상, 흙먼지라도 나는게, 더 깊은것이라고 알고 있습니다. 폴아웃4 전쟁은 결코 끝나지 않는다.","마영전 이여 . 전 황무지 에서 애 아빠 죽 이고 갓 나 아기 납치 한 범인 찾으러 갑니다 . 핵전쟁 이후 200년 후지 만 , 주인공 이 애 엄마 라서 어쩌겠습 니까 . 희망이 라는 썩은 냄새 보다 , 땅 에 발 이 닿은 이상 , 흙 먼지 라도 나는게 , 더 깊은것이라고 알 고 있습니다 . 폴아웃 4 전쟁 은 결코 끝나지 않는다 .",2017-05-28 18:00:46
377160,Fallout 4,positive,재미있네요. 아직 몇시간 안해서 정확한 평가는 어렵겠지만 초반부분은 확실히 몰입감이 장난아니네요. 사놓고 안하는 게임이 많았는데 이번에 가을출타4는 끝판까지 다 깰듯합니다ㅋㅋㅋ,재미있네요 . 아직 몇 시간 안해 서 정확한 평가 는 어렵겠지만 초반 부분 은 확실히 몰입 감 이 장난 아니네요 . 사놓고 안 하는 게임 이 많았는데 이번 에 가을 출타 4 는 끝판 까지 다 깰듯 합니다 ㅋㅋㅋ,2017-05-28 16:10:34
377160,Fallout 4,positive,"전쟁...전쟁은 변하지 않는다. 응 씨발 ^^ 베데스다는 절대로 안 변했어 폴아웃 1편에서부터 뉴베가스까지 꾸준히 한 폴아웃 팬으로써 4는 정말 정말 정말 유저에게 불친절하다.시발 대관절 폴아웃 3와 뉴베가스 한 올드 유저들에겐 인터페이스가 생소하다는 점에서 넌 벌써 까였다. 그래도 팬으로써 장점은 설명하겠다.올드유저로써 폴아웃 4에 느끼는 장점과 단점은 다음과 같다. 장점 1.늘어난 컨텐츠, 뉴베가스의 시스템 답습 -이건 진짜 좋았다.전작에는 모드를 써서 달리기를 하게끔 하던가 아니면 무기 개조까지 만들었는데 이","전쟁 ... 전쟁 은 변하지 않는다 . 응 씨발 ^^ 베데스다 는 절대로 안 변했어 폴아웃 1 편 에서부터 뉴 베가스 까지 꾸준히 한 폴아웃 팬 으로써 4 는 정말 정말 정말 유저 에게 불친절하다 . 시발 대관절 폴아웃 3 와 뉴 베가스 한 올드 유저 들 에겐 인터페이스 가 생소하다는 점 에서 넌 벌써 까였다 . 그래도 팬 으로써 장점 은 설명 하겠다 . 올 드 유저 로써 폴아웃 4 에 느끼는 장점 과 단점 은 다음 과 같다 . 장점 1 . 늘어난 컨텐츠 , 뉴 베가스 의 시스템 답습 - 이건 진짜 좋았다 . 전작 에는 모드 를 써서 달리기 를 하게 끔 하던가 아니면 무기 개조 까지 만들었는데 이",2017-05-28 15:07:46
377160,Fallout 4,positive,꿀잼 그자체,꿀잼 그 자체,2017-05-28 14:54:36
377160,Fallout 4,positive,폴아웃 시리즈는 처음인데 정말 재밌네요. 이게 '대체로 긍정적'이라는 평이 이해가 안될정도로,폴아웃 시리즈 는 처음 인데 정말 재밌네요 . 이 게 ' 대체로 긍정 적 ' 이라는 평이 이해 가 안될 정도 로,2017-05-28 14:22:37
377160,Fallout 4,positive,이게임 한뒤로 바퀴벌레는 무조건 손으로잡고 심지어 구워먹음,이 게임 한 뒤 로 바퀴벌레 는 무조건 손 으로 잡고 심지어 구워 먹음,2017-05-28 00:14:13
377160,Fallout 4,positive,기존 3보다 덜할뿐 재미는 그대로다,기존 3 보다 덜할 뿐 재미 는 그대 로다,2017-05-27 23:56:49
377160,Fallout 4,positive,This game is fun. but some bugs...,This game is fun . but some bugs ...,2017-05-27 23:07:15
377160,Fallout 4,positive,재밌긴 재밌다.,재밌긴 재밌다 .,2017-05-27 22:40:50
377160,Fallout 4,positive,희대의 스캇오줌방사능 게임. 베데스다사 게임의 모든 고질적인 문제가 이 게임에 전부 담겨있다. 이거 물고 빨고 하는 놈들은 전부 뇌가 방사능에 절어서 모드로 포주질이나 하는 제정신 못차리는 놈들 뿐이다. 그래도 핵으로 조져버린 방사능 쩐내나는 세상을 탐험하는 맛은 난다. 버그때문에 계속 기분 잡치는 것만 빼면. 최근에 사이버 펑크 2077하다가 졷같아서 똥오줌4 다시 깔아서 해봤는데 살다살다 이 졷같은 게임이 더 났다고 생각하는 날이 오게 될 줄은 몰랐다. 역시 유저가 만드는 게임 답다.,희 대의 스캇 오줌 방사 능 게임 . 베데스다 사 게임 의 모든 고질 적 인 문제 가 이 게임 에 전부 담겨있다 . 이 거 물 고 빨 고 하는 놈 들 은 전부 뇌 가 방사 능 에 절 어 서 모드 로 포주 질 이나 하는 제 정신 못 차리는 놈 들 뿐 이다 . 그래도 핵 으로 조져 버린 방사 능 쩐내나 는 세상 을 탐험 하는 맛 은 난다 . 버그 때문 에 계속 기분 잡치는 것 만 빼면 . 최근 에 사이버 펑크 2077 하다가 졷같아 서 똥 오줌 4 다시 깔아서 해봤는데 살다 살다 이 졷같 은 게임 이 더 났다고 생각 하는 날 이 오게 될 줄 은 몰랐다 . 역시 유저 가 만드는 게임 답 다 .,2017-05-27 22:08:50
377160,Fallout 4,positive,무료로 풀어주시면 좋았을것을,무료 로 풀어주시면 좋았을것을,2017-05-27 17:49:01
377160,Fallout 4,positive,ㅍㅌㅊ,ㅍㅌㅊ,2017-05-27 13:41:16
377160,Fallout 4,positive,"게임플레이는 만족 특히 무기 개조, 파워아머등 빌리징은 개인적으로 마음에 드는편 스토리는 메인 버리고 잡퀘나 모험하는게 속 편하다","게임 플레이 는 만족 특히 무기 개조 , 파워 아 머등 빌리 징 은 개인 적 으로 마음 에 드는 편 스토리 는 메인 버리고 잡퀘 나 모험 하는게 속 편하다",2017-05-27 13:29:25
377160,Fallout 4,positive,"좋았던 점: 핵전쟁 이후 초토화 된 지역의 배경을 잘 살렸다, 분위기가 아주 어둡지만은 않다. 특정 DLC가 있으면 로봇도 만들어 부하로 둘수 있다 패드로 게임을 하기 매우 편하다 재미있다. 싫었던 점: 케릭 모션이 구리다, DLC가 창렬이다. 누카월드/파 하버 등은 그래도 기차타고 배타고 다른 지역으로 갈수라도 있지 나머지는 원래 게임에 포함되어있는 부분을 따로 떼어낸것 같다. 그래도 재미있어서 용서된다.","좋았던 점 : 핵전쟁 이후 초토화 된 지역 의 배경 을 잘 살렸다 , 분위기 가 아주 어둡지만은 않다 . 특정 DLC 가 있으면 로봇 도 만들어 부하 로 둘수 있다 패드 로 게임 을 하기 매우 편하다 재미있다 . 싫었던 점 : 케릭 모션 이 구리 다 , DLC 가 창렬 이다 . 누카 월드 / 파 하버 등 은 그래도 기차 타고 배타 고 다른 지역 으로 갈수 라도 있지 나머지 는 원래 게임 에 포함 되어있는 부분 을 따로 떼어 낸것 같다 . 그래도 재미있어서 용서 된다 .",2017-05-27 03:00:16
377160,Fallout 4,positive,1. 포스트 아포칼립스에 환장하는 사람 2. 쇠냄새 나는 게임을 좋아하는 사람 3. 만들고 짓고 관리하는 걸 좋아하는 사람 이 세개 중에 하나라도 꽂히는 사람은 사도 됩니다. 어설픈 대화/스토리가 죽어도 싫은 사람이나 괴상한 버그에 시달리는 건 싫은 분은 다시금 재고하시거나 스킵하세요. 여튼 저 셋 중에 하나라도 해당되면 금방 100시간 넘기도록 즐길 수 있는 갓겜입니다. DLC는...좀 더 싸지면 생각해보세요.,1 . 포스트 아포칼립스 에 환장하는 사람 2 . 쇠 냄새 나 는 게임 을 좋아하는 사람 3 . 만들고 짓고 관리 하는 걸 좋아하는 사람 이 세 개 중 에 하나 라도 꽂히는 사람 은 사도 됩니다 . 어설픈 대화 / 스토리 가 죽어도 싫은 사람 이나 괴상한 버그 에 시달리는 건 싫은 분 은 다시금 재고 하시거나 스킵 하세요 . 여 튼 저 셋 중 에 하나 라도 해당 되면 금방 100시간 넘기도록 즐길 수 있는 갓 겜 입니다 . DLC 는 ... 좀 더 싸지면 생각 해보세요 .,2017-05-27 01:21:23
377160,Fallout 4,positive,스카이림 폴아웃3 뉴베가스에 이어지는 베데스다 특유의 버그 폴아웃 시리즈의 황무지 모험을 즐기기 좋음 획기적인 개조 시스템이긴 하지만 파츠가 좀더 다양했으면 함 조금 부족한 실탄무기디자인 좋은 총 발사음과 타격감 특히 레이져무기는 폴아웃3에 비해 차원이 다른 타격감 개창렬 DLC,스카이림 폴아웃 3 뉴 베가스 에 이어지는 베데스다 특유 의 버그 폴아웃 시리즈 의 황무지 모험 을 즐기기 좋음 획기 적 인 개조 시스템 이긴 하지만 파츠 가 좀더 다양했으면 함 조금 부족한 실탄 무기 디자인 좋은 총 발사 음 과 타 격감 특히 레이져 무기 는 폴아웃 3 에 비해 차원 이 다른 타 격감 개창 렬 DLC,2017-05-27 00:42:32
377160,Fallout 4,positive,이거 10점 만점에 10점준 사람중 한명이 문재인이라는 썰이 있음 아마도 중국한테 박살난 미국보고 베트남처럼 희열을 느껴서 인듯 ㄹㅇ;,이 거 10 점 만점 에 10 점준 사람 중 한 명 이 문재인 이라는 썰이 있음 아마도 중국 한테 박살 난 미국 보고 베트남 처럼 희 열 을 느껴서 인듯 ㄹㅇ ;,2017-05-27 00:22:43
377160,Fallout 4,positive,모드를 박기시작했더니 갓겜에서 초갓겜이되었다.,모드 를 박기 시작 했더니 갓 겜 에서 초 갓 겜 이 되었다 .,2017-05-26 23:34:08
377160,Fallout 4,positive,이야 이건 갓겜임. 이거보다 스토리 재밌는 게임은 해본적이 없음!,이야 이건 갓 겜임 . 이 거 보다 스토리 재밌는 게임 은 해 본적 이 없음 !,2017-05-26 17:44:27
377160,Fallout 4,positive,잇츠 토도키 하와도상 게임,잇츠 토도 키 하와 도상 게임,2017-05-26 15:34:34
377160,Fallout 4,positive,"까는 사람 진짜 많은대, 저는 120퍼센트 만족합니다. 아마 정신놓고 그냥 까는사람 제외해면 대부분의 이 게임에 대한 불만은 기대치에 미치지 못했다는 부분이 많은거같은대 그건 개인차라고 생각하구요, 그만큼 많은 기대를 받았다는 뜻일겁니다. 장점 : 단점을 뺀 모두다 단점 : 1. 개인적으로는 가장 큰 부분인대 1인칭은 말할게 없고 3인칭에서도 케릭터 움직임에서 멀미가 좀 납니다. 이건 진짜 개인적이군요.. 2. 스토리가 전체 플롯의 3분의 2 까진 꽉꽉채워서 가다가 종장 단계에 가면 갑자기 급! 마무리 짓는 느","까는 사람 진짜 많은대 , 저 는 120 퍼센트 만족합니다 . 아마 정신 놓고 그냥 까는 사람 제외 해면 대부분 의 이 게임 에 대한 불만 은 기 대치 에 미치지 못 했다는 부분 이 많은거 같은대 그건 개인 차라 고 생각 하구요 , 그만큼 많은 기대 를 받았다는 뜻일 겁니다 . 장점 : 단점 을 뺀 모두 다 단점 : 1 . 개인 적 으로는 가장 큰 부분 인대 1 인칭 은 말 할게 없고 3 인칭 에서도 케릭 터 움직임 에서 멀미 가 좀 납니다 . 이건 진짜 개인 적이군요 .. 2 . 스토리 가 전체 플롯 의 3분 의 2 까진 꽉꽉 채워서 가다가 종장 단계 에 가면 갑자기 급 ! 마무리 짓는 느",2017-05-26 12:06:05
377160,Fallout 4,positive,무료라서 깔아볼랬는데 안되네..ㅠㅠ,무료 라서 깔아 볼랬 는데 안되네 .. ㅠㅠ,2017-05-26 09:56:39
377160,Fallout 4,positive,굿,굿,2017-05-25 16:54:21
377160,Fallout 4,positive,"폴아웃 3 와 베가스가 ""죽여, 챙겨, 돌아와"" 라는 명언(?)으로 요약될 수 있는 전투 위주의 스토리 게임이었다면, 4는 전투 뿐만 아니라제작/건설/운영 요소를 매우 부각시킨 게임입니다. 덕분에 전작에선 하등 쓸모없던 고물 잡템들이 4에선 눈에 불을 켜고 쓸어담아야 하는 귀중한 존재들이 되었습니다. 이번 작에선 여러 정착지를 개척하고 꾸미고 운영할 수 있으며 누카 월드 DLC가 있다면 정착민 마을 대신 레이더 전초 기지를 건설해서 약탈 군주로 군림할 수도 있습니다. 거기다 오토매트론 DLC가 있으면 자신만의 기괴한 로봇군단을","폴아웃 3 와 베가스 가 "" 죽여 , 챙겨 , 돌아와 "" 라는 명언 (?) 으로 요약 될 수 있는 전투 위주 의 스토리 게임 이었다면 , 4 는 전투 뿐 만 아니라 제작 / 건설 / 운영 요소 를 매우 부각시킨 게임 입니다 . 덕분 에 전작 에선 하등 쓸모없던 고물 잡템 들 이 4 에선 눈 에 불 을 켜고 쓸어담 아야 하는 귀중한 존재 들 이 되었습니다 . 이번 작 에선 여러 정착 지를 개척 하고 꾸미고 운영 할 수 있으며 누카 월드 DLC 가 있다면 정착민 마을 대신 레이더 전초 기지 를 건설 해서 약탈 군주 로 군림 할 수도 있습니다 . 거기 다 오토 매 트론 DLC 가 있으면 자신 만의 기괴한 로봇 군단 을",2017-05-25 06:14:13
377160,Fallout 4,positive,첫 플레이는 그 어떤 게임보다 몰입도가 있었다. 나보다 강한 것들은 너무 많았고 나는 그 세계에서 너무 약했다. 헌데 플레이타임이 누적되자 딱히 컨텐츠라 부를만한게 없었다. 시나리오들이 전체적으로 느슨하다 해야하나... 퀘스트를 끝내도 해도 되고 안해도 그만이라는 느낌이 자꾸 들고 엔딩까지 볼때도 그런느낌이 막연하게 든다. 물론 충격적인 반전이 있어서 꽤 놀라긴했지만 (외모때문에 더!) 2회차 플레이가 너무 힘들다. 왜냐면 완전한 결말을 제외하고는 1회차랑 다르게 하기가 어려워서..,첫 플레이 는 그 어떤 게임 보다 몰입도 가 있었다 . 나 보다 강한 것 들 은 너무 많았고 나 는 그 세계 에서 너무 약했다 . 헌데 플레이 타임 이 누적 되자 딱히 컨텐츠 라 부를만 한 게 없었다 . 시나리오 들 이 전체 적 으로 느슨하다 해야하나 ... 퀘스트 를 끝내도 해도 되고 안해 도 그 만이 라는 느낌 이 자꾸 들고 엔딩 까지 볼때 도 그런 느낌 이 막연하게 든다 . 물론 충격 적 인 반전 이 있어서 꽤 놀라긴 했지만 ( 외모 때문 에 더 !) 2회 차 플레이 가 너무 힘들다 . 왜냐면 완전한 결말 을 제외 하고는 1회 차랑 다르게 하기가 어려워서 ..,2017-05-24 11:58:13
377160,Fallout 4,positive,개인적으로 폴아웃 시리즈를 좋아해서 그런지 만족스럽다. 다만 전작의 폴아웃들과 비교해 그래픽 조금 좋아진 것 빼고 딱히 바뀐 것이 없어 매우 아쉽다...,개인 적 으로 폴아웃 시리즈 를 좋아해서 그런지 만족스럽다 . 다만 전작 의 폴아웃 들 과 비교 해 그래픽 조금 좋아진 것 빼고 딱히 바뀐 것 이 없어 매우 아쉽다 ...,2017-05-22 02:20:12
377160,Fallout 4,positive,솔직히 이게 잼있냐??? 어 잼있어 시공아 미안해 잠깐 폴아웃하다갈께,솔직히 이 게 잼있냐 ??? 어 잼있어 시공 아 미안해 잠깐 폴아웃 하다 갈께,2017-05-21 16:35:09
377160,Fallout 4,positive,썩어도 준치. 베데스다 오픈 월드류가 가지는 장점이 있기 때문에 더 정교하고 매력적인 게임이 나와도 다시 찾게되는 깊이가 있다. 완성도나 여러 면에서 아쉬운 작품. 나쁘게 보면 IP 자체가 흐지부지될 수 있을 정도의 저조함. 베데스다 오픈 월드라 하는거지.... 꼭 폴아웃이라 하는 건 아닌... 뉴베가스 때를 추억해보면... 참.... 기묘한 상황이 되어 버렸다. 팀 왈도 감사합니다.,썩어도 준치 . 베데스다 오픈 월드 류 가 가지는 장점 이 있기 때문 에 더 정교하고 매력 적 인 게임 이 나 와도 다시 찾게 되는 깊이 가 있다 . 완성 도나 여러 면 에서 아쉬운 작품 . 나쁘게 보면 IP 자체 가 흐지부지 될 수 있을 정도 의 저조함 . 베데스다 오픈 월드 라 하는거지 .... 꼭 폴아웃 이라 하는 건 아닌 ... 뉴 베가스 때 를 추억 해보면 ... 참 .... 기묘한 상황 이 되어 버렸다 . 팀 왈도 감사합니다 .,2017-05-21 16:19:06
377160,Fallout 4,positive,각 팩션 퀘스트를 진행하면 할수록 개연성이라고는 없고 쓰레기같은 점이 보여서 팩션선택을 하기가 싫어지고 싹다 죽여버리고 싶다 전투가 재미있고 (모드질로) 이것저것 할게 많은 것은 좋지만 팩션설정은 가루가 되도록 까여도 할말이 없을듯 4팩션 모두 이렇다 할 매력이 떨어져서인지 메인퀘 진행보다는 돌아다니면서 폐지줍고 무기랑 방어구 업그레이드 하고 서브퀘 하는게 더 재밌었음 빌리징은 여러 모드를 깔아야지만 제대로 즐길 수 있다. 2회차가 되서야 해봤는데 시간 때우기 딱이고 정착지에 주민들 돌아다니면서 상호작용 하는거보면 좀 뿌듯하기,각 팩션 퀘스트 를 진행 하면 할수록 개연 성 이라고는 없고 쓰레기 같은 점 이 보 여서 팩션 선택 을 하기가 싫어지고 싹 다 죽여 버리고 싶다 전투 가 재미있고 ( 모드 질 로 ) 이 것 저 것 할게 많은 것 은 좋지만 팩션 설정 은 가루 가 되도록 까여도 할말이 없을듯 4 팩션 모두 이렇다 할 매력 이 떨어져서 인지 메인 퀘 진행 보다는 돌아다니면서 폐지 줍고 무기 랑 방어 구 업그레이드 하고 서브 퀘 하는게 더 재밌었음 빌리 징 은 여러 모드 를 깔아야지만 제대로 즐길 수 있다 . 2회 차가 되 서야 해봤는데 시간 때우기 딱이고 정착 지에 주민 들 돌아다니면서 상호작용 하는거 보면 좀 뿌듯하기,2017-05-21 09:13:03
377160,Fallout 4,positive,스카이림 후속작이 아닙니다,스카이림 후속작 이 아닙니다,2017-05-20 20:44:58
377160,Fallout 4,positive,토도키 하와도상의 최신작끄,토도 키 하와 도 상의 최신 작 끄,2017-05-20 15:15:45
377160,Fallout 4,positive,게임 할때는 재밌다 엔딩은 문제가 있다,게임 할 때 는 재밌다 엔딩 은 문제 가 있다,2017-05-19 11:35:33
377160,Fallout 4,positive,솔직히 스토리안하고 마을꾸미는 재미로했다. 스토리는 폴아웃3보다 재미없고 선택지도 적다. 하지만 빌드 시스템은 취향저격이었다. 내 생각이지만 빌드 시스템이 없었다면 망했을것이다. 결론은 추천♡,솔직히 스토리 안 하고 마을 꾸미는 재미 로 했다 . 스토리 는 폴아웃 3 보다 재미없고 선택 지도 적다 . 하지만 빌드 시스템 은 취향 저격 이었다 . 내 생각 이지만 빌드 시스템 이 없었다면 망했을것이다 . 결론 은 추천 ♡,2017-05-13 21:05:47
377160,Fallout 4,positive,"[h1]높아진 게임성, 어중간한 스토리[/h1] 여태까지 나온 폴아웃 시리즈 중 최고의 그래픽과 게임성을 보여주는 작품입니다. 시작 30분 후 보여지는 연출은 정말로 본인이 핵전쟁 후 세상에 홀로 남겨진 듯한 느낌을 주었고, 곧이어 살아남기 위해 허접한 총을 들고 레이더를 상대할 때는 이것이 정말 폴아웃이라는 생각이 단번에 들었죠. 하지만 게임을 다 깨고 나니, 재밌기는 하지만 동시에 그닥 만족스럽지 않았습니다. 스토리는 스포일러이므로 생략합니다만, 여러모로 실망을 감추지 못했습니다. 세일즈 포인트였던 방대한 대사집과 유기적인","[ h 1 ] 높아진 게임 성 , 어중간한 스토리 [/ h 1 ] 여태 까지 나온 폴아웃 시리즈 중 최고 의 그래픽 과 게임 성 을 보여주는 작품 입니다 . 시작 30분 후 보여지는 연출 은 정말로 본인 이 핵전쟁 후 세상 에 홀로 남겨진 듯 한 느낌 을 주었고 , 곧이어 살아남기 위해 허 접 한 총 을 들고 레이더 를 상대 할 때 는 이 것 이 정말 폴아웃 이라는 생각 이 단번 에 들었죠 . 하지만 게임 을 다 깨고 나니 , 재밌기는 하지만 동시 에 그닥 만족 스럽지 않았습니다 . 스토리 는 스포일러 이므로 생략 합니다만 , 여러 모로 실망 을 감추지 못 했습니다 . 세 일 즈 포인트 였던 방대한 대 사 집 과 유기 적 인",2017-05-04 21:01:52
377160,Fallout 4,positive,폴아웃 믿고 천국가세요.,폴아웃 믿고 천국 가세 요 .,2017-05-04 11:35:21
377160,Fallout 4,positive,스카이림에 폴아웃 스킨 씌운 느낌서브퀘는 개노잼,스카이림 에 폴아웃 스킨 씌운 느낌 서브 퀘 는 개 노잼,2017-04-28 22:00:07
377160,Fallout 4,positive,그래픽 상향말고는...DLC 볼만 한 것 정도..,그래픽 상향 말고는 ... DLC 볼 만 한 것 정도 ..,2017-04-25 20:17:17
377160,Fallout 4,positive,이정도면 충분히 재밌다,이 정도 면 충분히 재밌다,2017-04-24 17:46:18
377160,Fallout 4,positive,"47인치 TV에 연결해서 게임하는데, 다른 거 다 떠나서 게임 중 방사능 지역으로 박사 찾아가는 미션... 속된 말로 지렸다. 여러 단점들이 있지만 그래도 반드시 해봐야 하는 게임임.","47 인치 TV 에 연결해서 게임 하는데 , 다른 거 다 떠나서 게임 중 방사 능 지역 으로 박사 찾아가는 미션 ... 속 된 말로 지렸다 . 여러 단점 들 이 있지만 그래도 반드시 해봐야 하는 게임 임 .",2017-04-17 14:21:05
377160,Fallout 4,positive,"스토리와 DLC정책과 다이얼로그, 팀킬의 귀재 동료, 유니크 하지않은 유니크를 제외하면 썩괜찮은 게임 P.S 절대로 동료에게 폭발물이나 폭발레전더리아이템을 들려준다음 앞에서 얼쩡거리지마세요","스토리 와 DLC 정책 과 다이얼로그 , 팀킬 의 귀 재 동료 , 유니크 하지 않은 유니크 를 제외 하면 썩 괜찮은 게임 P . S 절대로 동료 에게 폭발물 이나 폭발 레전더 리 아이템 을 들려준다음 앞 에서 얼쩡거리지 마세요",2017-04-15 17:02:28
377160,Fallout 4,positive,스토리 병신인거빼면 재미있음,스토리 병신 인거 빼면 재미있음,2017-04-12 21:01:58
377160,Fallout 4,positive,ㅇ,ㅇ,2017-04-11 21:08:16
377160,Fallout 4,positive,"나는 원래 대한민국의 핵개발에 대하여 그리 부정적인 편은 아니었다. 그런데 이 게임을 하고, 집 청소를 하다 발견한 바퀴벌레 알집과 그 안에 있는 도그밋의 발바닥처럼 맨들맨들한 검은색 물체들을 보고, 난 내 머리를 함마로 찍고싶은 충동에 휩싸였다. 숲을 걷다가 전설적인 라드로치가 뒤에서 덮쳐오는 것을 보고난 뒤로부터는, 뒤에서 발소리만나도 소름이 끼쳐 시발","나 는 원래 대한민국 의 핵 개발 에 대하 여 그리 부정 적 인 편 은 아니었다 . 그런데 이 게임 을 하고 , 집 청소 를 하다 발견 한 바퀴벌레 알집 과 그 안 에 있는 도그밋 의 발바닥 처럼 맨 들 맨 들 한 검은색 물체 들 을 보고 , 난 내 머리 를 함 마로 찍고싶은 충동 에 휩싸였다 . 숲 을 걷다가 전설 적 인 라드 로 치가 뒤 에서 덮 쳐오는 것 을 보고 난 뒤 로부터 는 , 뒤 에서 발 소리 만나도 소름 이 끼쳐 시발",2017-04-06 18:57:06
377160,Fallout 4,positive,잼다 근데 이거하고 뉴베하니까 똥겜같다,잼다 근데 이 거 하고 뉴 베하니까 똥겜 같다,2017-04-06 02:07:58
377160,Fallout 4,positive,재밌고 오래 할수 있는 게임.여러모로 개선점도 많지만 묘한곳은 옛날 그대로인 게임 엘더5 폴아웃 3를 재밌게 했다면 재밌게 하고 욕하는 게임.///,재밌고 오래 할수 있는 게임 . 여러 모로 개선 점도 많지만 묘 한 곳 은 옛날 그대로 인 게임 엘더 5 폴아웃 3 를 재밌게 했다면 재밌게 하고 욕 하는 게임 .///,2017-04-02 13:28:20
377160,Fallout 4,positive,폴아웃 4 이 게임은 전작에 있었던 최적화 문제와 버그 문제를 둘 다 해결한 갓겜입니다. dlc 또한 본편급의 퀄리티를 보여주며 dlc를 플레이하며 후회한적이 없네요. 세일할때 사지시 마시고 제 가격에 사시는 것이 게임 개발자들에게 도움이 될듯합니다. 무조건 시즌패스와 본편 둘다 구매하시기 바랍니다.,폴아웃 4 이 게임 은 전작 에 있었던 최적화 문제 와 버그 문제 를 둘 다 해결 한 갓 겜 입니다 . dlc 또한 본 편 급 의 퀄리티 를 보여주며 dlc 를 플레이 하며 후회 한적 이 없네요 . 세 일 할 때 사 지시 마시고 제 가격 에 사시 는 것 이 게임 개발자 들 에게 도움 이 될듯 합니다 . 무조건 시즌 패스 와 본 편 둘다 구매 하시기 바랍니다 .,2017-04-01 22:18:22
377160,Fallout 4,positive,베데스다는 게임을 50프로만 만들어서 내놓죠. 베데스다 게임은 모드로 떡칠떡칠,베데스다 는 게임 을 50 프로 만 만들어서 내놓죠 . 베데스다 게임 은 모드 로 떡 칠 떡칠,2017-03-30 05:28:11
377160,Fallout 4,positive,시즌패스 가격이 비싸긴 하지만 게임은 훌륭합니다.,시즌 패스 가격 이 비싸긴 하지만 게임 은 훌륭합니다 .,2017-03-29 03:54:27
377160,Fallout 4,positive,매우 재밌음.,매우 재밌음 .,2017-03-28 17:15:22
377160,Fallout 4,positive,건축 그런게 재밌는사람은 괜찮음,건축 그런게 재밌는 사람 은 괜찮음,2017-03-27 07:38:52
377160,Fallout 4,positive,"장점 : 폴아웃시리즈를 처음접한다면 꽤 재미있음 치트키를 써도 할일이많다. VATS 의 짜릿함이 느껴짐 , 엔딩을 4가지를 다보고나도 할일이 많음 퀘스트를 알차게 할수 있음 일단 재미있음 할인할때 사면 됨 단점 : 재료모은다고 귀찮아서 치트키 쓰게됨 그래픽은 좀 떨어짐","장점 : 폴아웃 시리즈 를 처음 접 한다면 꽤 재미있음 치트키 를 써도 할 일이 많다 . VATS 의 짜릿함이 느껴짐 , 엔딩 을 4 가지 를 다 보고나도 할 일이 많음 퀘스트 를 알차게 할수 있음 일단 재미있음 할인 할 때 사면 됨 단점 : 재료 모은다고 귀찮아서 치트키 쓰게 됨 그래픽 은 좀 떨어짐",2017-03-26 00:09:08
377160,Fallout 4,positive,오랫만에 2회차 할려고 한패정상적으로 하고 실행했는데 왜 바로 튕기냐.. 한패 안할떄는 제대로 실행되는데; 아오 한패는 시바 왜 공식모드에서 내려간거야;,오랫 만 에 2회 차 할려고 한 패 정상 적 으로 하고 실행 했는데 왜 바로 튕기 냐 .. 한 패 안할떄 는 제대로 실행 되는데 ; 아오 한 패 는 시바 왜 공식 모드 에서 내려간거야 ;,2017-03-24 19:44:39
377160,Fallout 4,positive,"폴아웃2부터 3,뉴베가스,4까지 접해봤음 워낙에 오픈월드 형식게임을 좋아하고 액션,SF,판타지느낌의 게임도 좋아하는편 거기에 고어함까지..! 약간 호불호가 갈리는거 같지만 내인생 게임중에 엘더시리즈랑 맞먹는 명작임에 틀림없음","폴아웃 2 부터 3 , 뉴 베가스 , 4 까지 접 해봤음 워낙 에 오픈월드 형식 게임 을 좋아하고 액션 , SF , 판타지 느낌 의 게임 도 좋아하는 편 거기 에 고어 함 까지 ..! 약간 호불호 가 갈리는거 같지만 내 인생 게임 중 에 엘더 시리즈 랑 맞먹는 명작 임 에 틀림없음",2017-03-23 00:04:50
377160,Fallout 4,positive,"폴아웃 이전 시리즈를 플레이하지 않은, 본편만 플레이한 후기입니다~ 장점 사용자에게 다양한 경험을 선사하는 모험 스샷을 연타하게 되는 황폐화된 보스턴의 풍경 몰입도가 높은, 선택지가 있는 스토리와 폴아웃식 개그 포인트 개성 있는 동료 + 도그밋 단점 베데스다식 노가다(후반부로 갈수록 게임이 매우 귀찮아짐. 다만 스카이림보다는 던전이 매우 다양해져서 숙제하는 느낌이 덜난다) 컨셉 플레이 불가(어떤 선택지를 선택해도 동일한 결과인 경우가 많다) 뭘 선택해도 의아함이 남는 스토리 진행, 찝찝한 후반부 진행 2015년 게임이라기에는 떨어지","폴아웃 이전 시리즈 를 플레이 하지 않은 , 본 편 만 플레이 한 후기 입니다 ~ 장점 사용자 에게 다양한 경험 을 선사 하는 모험 스샷 을 연 타 하 게 되는 황폐 화 된 보스턴 의 풍경 몰입도 가 높은 , 선택 지 가 있는 스토리 와 폴아웃 식 개그 포인트 개성 있는 동료 + 도그밋 단점 베데스다 식 노가다 ( 후반 부로 갈수록 게임 이 매우 귀찮아 짐 . 다만 스카이림 보다는 던전 이 매우 다양해져서 숙제 하는 느낌 이 덜 난다 ) 컨셉 플레이 불가 ( 어떤 선택 지를 선택 해도 동일한 결과 인 경우 가 많다 ) 뭘 선택 해도 의아 함 이 남는 스토리 진행 , 찝찝한 후반 부 진행 2015년 게임 이라기 에는 떨어지",2017-03-22 16:06:41
377160,Fallout 4,positive,"어쩌다 파이퍼와연인,분명 엔딩을미닛맨은 스포당해서레일로드로갔으나미닛맨으로 이어진다, 어쩌면 2개 왔다갔다해서일지도,파워슈트도 모아서 8개의 격납고가 생기고건축이 재밌다,모드를 깔아보니 양학하던 내가 봇들한테 싹싹털렸다.댐지가 3백넘는걸 쥐어주는것이 아니었다,여러 재미가 돋보이는데버그도 돋보인다 ㅎ,세이브를 자주 해줘야치트키를 간절히 찾지 않고도 플레이가 가능하다이렇게 말하는이유는 재밌기 때문이다, ㅎ 지금에서야 쓰는이유도재밌기 때문,.","어쩌다 파이퍼와 연인 , 분명 엔딩 을미 닛맨 은 스포 당해 서 레일로드 로 갔으 나미 닛맨 으로 이어진다 , 어쩌면 2 개 왔다 갔 다해 서 일지 도 , 파워 슈트 도 모아서 8 개 의 격납고 가 생기 고 건축 이 재밌다 , 모드 를 깔 아보 니 양 학 하던 내 가 봇 들 한테 싹싹 털렸다 . 댐지가 3 백 넘는걸 쥐어주는것이 아니었다 , 여러 재미 가 돋보이는데 버그 도 돋보인다 ㅎ , 세이브 를 자주 해줘야 치트키 를 간절히 찾지 않고도 플레이 가 가능하다 이렇게 말 하는 이유 는 재밌기 때문 이다 , ㅎ 지금 에서야 쓰는 이유 도 재밌기 때문 ,.",2017-03-21 18:28:51
377160,Fallout 4,positive,"폴아웃4 발매 직후에 나돌았던 무성한 혹평들은 내가 폴아웃4를 사는 것에 망설이게 만들었다. 그러나 그것은 내 실수에 불과했다. 나는 이 훌륭한 게임을 몇달 늦게 즐기게 된 것에 매우 후회하고 있다. 폴아웃4는 전작들을 충실히 계승함과 동시에, 뛰어넘은 대작이다. 폐허가 된 도시의 쓸쓸함, 그러나 구석구석을 채우고 있는 악의 가득한 생기. 빛의 바다라는 이름을 가진 방사능의 웅덩이, 그곳이 보여주는 허무한 세계. 우리는 포스트 아포칼립스의 세계를 떠돌면서 모두 같은 목적에 귀결한다. 나의 성을 축조하라! 강력한 무기로 적을 분쇄","폴아웃 4 발매 직후 에 나돌았던 무성 한 혹평 들 은 내 가 폴아웃 4 를 사는 것 에 망설이게 만들었다 . 그러나 그것 은 내 실수 에 불과했다 . 나 는 이 훌륭한 게임 을 몇 달 늦게 즐기게 된 것 에 매우 후회 하고 있다 . 폴아웃 4 는 전작 들 을 충실히 계승 함 과 동시 에 , 뛰어넘은 대작 이다 . 폐허 가 된 도시 의 쓸쓸함 , 그러나 구석구석 을 채우고 있는 악의 가득한 생기 . 빛 의 바다 라는 이름 을 가진 방사 능 의 웅덩이 , 그 곳 이 보여주는 허무한 세계 . 우리 는 포스트 아포칼립스 의 세계 를 떠돌면서 모두 같은 목적 에 귀결 한다 . 나 의 성 을 축 조 하라 ! 강력한 무기 로 적 을 분쇄",2017-03-20 08:33:28
377160,Fallout 4,positive,다 좋은데말이야... 시즌패스만 없었음 좋겠군?,다 좋은데 말 이야 ... 시즌 패스 만 없었음 좋겠군 ?,2017-03-18 18:37:34
377160,Fallout 4,positive,재미남,재미 남,2017-03-18 06:30:17
377160,Fallout 4,positive,추천,추천,2017-03-17 19:05:52
377160,Fallout 4,positive,★★★★★ 최고의 게임,★★★★★ 최고 의 게임,2017-03-17 05:02:33
377160,Fallout 4,positive,재미도 없고 금방 질리는 겜이네요,재미 도 없고 금방 질리는 겜 이네 요,2017-03-14 04:32:16
377160,Fallout 4,positive,"디젤펑크, 스팀펑크, 아톰펑크같은 펑크 들어가는 장르를 진짜 좋아해서 재밌게 했음. 1950년대 풍 삽화를 진짜 좋아하기도 하고 전작들을 사놓고 안해보고 영상으로만 봤지만, 대화 시스템은 주인공이 말 한다는 것 빼고는 퇴보한 듯. 뭐 전체적으론 다 좋은데, 레일로드 개새끼들만 좀 없애지 그랬냐? 진짜 하는 내내 띠꺼워서","디젤 펑크 , 스팀펑크 , 아톰 펑크 같은 펑크 들어가는 장르 를 진짜 좋아해서 재밌게 했음 . 1950년 대 풍 삽화 를 진짜 좋아하기도 하고 전작 들 을 사놓고 안 해보고 영상 으로만 봤지만 , 대화 시스템 은 주인공 이 말 한다는 것 빼고는 퇴보한 듯 . 뭐 전체 적 으론 다 좋은데 , 레일로드 개새끼 들 만 좀 없애지 그랬냐 ? 진짜 하는 내내 띠 꺼 워 서",2017-03-13 19:40:49
377160,Fallout 4,positive,진심 이렇게 재미있는 솔플게임은 오랜만인거같다 갓겜,진심 이렇게 재미있는 솔 플 게임 은 오랜 만 인거 같다 갓 겜,2017-03-07 19:50:18
377160,Fallout 4,positive,"""나니니 시마스까?""",""" 나니 니 시 마스 까 ?""",2017-03-03 21:56:08
377160,Fallout 4,positive,일단 dlc는 하나도 안깼고 본편만 깼는데 좀 아쉬운점 ..본편 볼륨이 너무 작은것같다. 메인퀘 깨는데 30시간밖에 안걸리고 4개의 팩션중하나의 팩션만 골라서 플레이 가능한점이 굉장히 마음에 안든다... 차라리 스카이림 때처럼 하나만 메인퀘로 두고 나머리를 굵직굵직한 서브퀘로 구성했으면 플레이 시간도 늘고 더 재미있었을 텐데 그나마 세일할 때 반값으로 사서 다행이지 이거 제값 65000원주고 샀으면 좀 아쉬웠을뻔했다. 살사람은 생각해보고 사길 그래도 플레이 할 동안 재미있게 했으니 일단 추천은 함,일단 dlc 는 하나 도 안 깼고 본 편 만 깼는데 좀 아쉬운 점 .. 본 편 볼륨 이 너무 작은것 같다 . 메인 퀘 깨는데 30시간 밖에 안 걸리고 4 개 의 팩션 중 하나 의 팩션 만 골 라서 플레이 가능한 점 이 굉장히 마음 에 안든다 ... 차라리 스카이림 때 처럼 하나 만 메인 퀘 로 두고 나 머리 를 굵 직 굵직한 서브 퀘 로 구성 했으면 플레이 시간 도 늘 고 더 재미있었을 텐데 그나마 세 일 할 때 반값 으로 사서 다행 이지 이 거 제 값 65000원 주고 샀으면 좀 아쉬웠을 뻔했다 . 살 사람 은 생각 해보고 사길 그래도 플레이 할 동안 재미있게 했으니 일단 추천 은 함,2017-03-02 23:07:26
377160,Fallout 4,positive,다른 사람들은 똥오줌 4 이러는데 던파나 롤하다가 온 나는 상대적 갓-겜이라고 느낌 토도키 하와도상... 감사합니다 ㅠㅠ,다른 사람 들 은 똥 오줌 4 이러는데 던파 나 롤 하다가 온 나 는 상대 적 갓 - 겜 이라고 느낌 토도 키 하와 도상 ... 감사합니다 ㅠㅠ,2017-03-02 02:25:45
377160,Fallout 4,positive,이미 훌륭하지만 내가 완성해나가는 게임.i,이미 훌륭하지만 내 가 완성 해 나가는 게임 . i,2017-03-02 00:48:52
377160,Fallout 4,positive,정말재밌습니다,정말 재밌습니다,2017-03-01 11:39:47
377160,Fallout 4,positive,누가 똥오줌이라고 그랫나,누가 똥 오줌 이라고 그랫 나,2017-02-28 00:13:06
377160,Fallout 4,positive,꺄르륵 즁말 재밌네여 끼에엑,꺄르륵 즁말 재밌네여 끼 에 엑,2017-02-27 17:30:06
377160,Fallout 4,positive,확실히 꿀잼은 보장~ 전작보다 FPS답게 변한것 같으며 빌리징 및 무기/방어구 개조 컨텐츠는 아주 훌륭함 다만 게임진행을 불가능하게 만들어버리는 버그는 여전함 DLC는 Far Harbor를 제외하면 나머지는 글쎄...,확실히 꿀잼 은 보장 ~ 전작 보다 FPS 답 게 변한것 같으며 빌리 징 및 무기 / 방어 구 개조 컨텐츠 는 아주 훌륭함 다만 게임 진행 을 불가능하게 만들어 버리는 버그 는 여전함 DLC 는 Far Harbor 를 제외 하면 나머지 는 글쎄 ...,2017-02-27 16:56:11
377160,Fallout 4,positive,"폴아웃 시리즈 중 제가 유일하게 해본 폴아웃4의 후기입니다. 다른 폴아웃 시리즈 팬 유저들에겐 해당사항이 없을 수도 있겠지만, 이 후기는 다른 폴아웃을 해본 적이 없는 입장에서 쓰인 글임을 이해해주시기 바랍니다. 폴아웃4... 게임에 등장하는 돌연변이 괴물 인간인 슈퍼뮤턴트들을 죽이다보면 ‘슈퍼뮤턴트의 명령서’라는 아이템을 드랍합니다. 여기에 써있는 명령은 아래와 같습니다. 죽여 챙겨 돌아와 이 게임이 딱 그렇습니다. 게임 전개 방식이 단순합니다. 예를 들면 초반 퀘스트 중에 어느 할아버지가 벽을 칠해야하는데 칠할 페인트가","폴아웃 시리즈 중 제 가 유일하게 해본 폴아웃 4 의 후기 입니다 . 다른 폴아웃 시리즈 팬 유저 들 에겐 해당 사항 이 없을 수도 있겠지만 , 이 후기 는 다른 폴아웃 을 해본 적 이 없는 입장 에서 쓰인 글임 을 이해 해주시기 바랍니다 . 폴아웃 4 ... 게임 에 등장 하는 돌연변이 괴물 인간 인 슈퍼 뮤턴트 들 을 죽 이다 보면 ‘ 슈퍼 뮤턴트 의 명령 서 ’ 라는 아이템 을 드랍합니 다 . 여기 에 써있는 명령 은 아래 와 같습니다 . 죽여 챙겨 돌아와 이 게임 이 딱 그렇습니다 . 게임 전개 방식 이 단순합니다 . 예 를 들면 초반 퀘스트 중 에 어느 할아버지 가 벽 을 칠해야하는데 칠할 페인트 가",2017-02-25 13:16:36
377160,Fallout 4,positive,꿀잼,꿀잼,2017-02-24 17:16:05
377160,Fallout 4,positive,버그는 버그를 낳는다 토끼처럼 번식하지,버그 는 버그 를 낳는다 토끼 처럼 번식 하지,2017-02-24 10:17:09
377160,Fallout 4,positive,"+ 본편과 모든 DLC를 다 가지고 있다면 충분히 할만한 게임. + 베데스다 게임 치고 준수한 타격감 +- 호불호가 갈리는 마을 짓기. 개인적으로 난 여기에 푹 빠짐. - 다만 일부 DLC는 바닐라에 있어야 할 것을 빼서 넣은 것도 있으니 본편만 있으면 다소 심심함. - 자유도가 높은 오픈월드 게임임에도 특정 선택지를 강요하는 부분이 많음. (예: 순수하게 주민들을 돕는 민병대 루트에서의 인스티튜트 학살 강요, 그리고 본편 대부분의 선한 선택지 강요와, 누카 월드(확장팩급 DLC)의 악한 선택지 강요 등. 그나마 자유로운 거라면","+ 본 편 과 모든 DLC 를 다 가지 고 있다면 충분히 할만 한 게임 . + 베데스다 게임 치고 준수 한 타 격감 +- 호불호 가 갈리는 마을 짓기 . 개인 적 으로 난 여기 에 푹 빠짐 . - 다만 일부 DLC 는 바닐라 에 있어야 할 것 을 빼서 넣은 것 도 있으니 본 편 만 있으면 다소 심심함 . - 자유도 가 높은 오픈월드 게임 임 에도 특정 선택 지를 강요 하는 부분 이 많음 . ( 예 : 순수하게 주민 들 을 돕는 민병대 루트 에서의 인스티튜트 학살 강요 , 그리고 본 편 대부분 의 선한 선택 지 강요 와 , 누카 월드 ( 확장팩 급 DLC ) 의 악한 선택 지 강요 등 . 그나마 자유로운 거 라면",2017-02-23 08:40:10
377160,Fallout 4,positive,날 결정장애로 만들어준 게임,날 결정 장애 로 만들어 준 게임,2017-02-23 03:27:57
377160,Fallout 4,positive,전투 시간보다 고물 줍는 시간이 훨씬 많음,전투 시간 보다 고물 줍는 시간 이 훨씬 많음,2017-02-22 23:30:20
377160,Fallout 4,positive,하응..!,하 응 ..!,2017-02-22 21:17:09
377160,Fallout 4,positive,주인공이 아들을 찾아떠나던 중 세기말 집단끼리 박터지게 싸우는 세력전에 휘말리게 된다는 스토리,주인공 이 아들 을 찾아 떠나던 중 세기말 집단 끼리 박 터지게 싸우는 세력 전 에 휘 말리 게 된다는 스토리,2017-02-21 15:21:11
377160,Fallout 4,positive,토드 하워드 씹새끼^^,토드 하워드 씹 새끼 ^^,2017-02-21 05:07:53
377160,Fallout 4,positive,그어느 폴아웃 시리즈보다도 자유도가 높고 그래픽도 좋습니다 .하지만 자신이 AMD 그래픽카드를 사용하고 있다면 처음 실행할때 많이 애를 먹을것입니다. 베데스다 게임들이 그랫듯이 모드도 정말 다양해서 모드로 먹고사는 게임인거에는 변함이없습니다. DLC 가격에 비해 구성이 빈약합니다.,그 어느 폴아웃 시리즈 보다도 자유도 가 높고 그래픽 도 좋습니다 . 하지만 자신 이 AMD 그래픽카드 를 사용 하고 있다면 처음 실행 할 때 많이 애 를 먹을것 입니다 . 베데스다 게임 들 이 그랫듯 이 모드 도 정말 다양해서 모드 로 먹고사는 게임 인거 에는 변함이 없습니다 . DLC 가격 에 비해 구성 이 빈약합니다 .,2017-02-20 21:30:39
377160,Fallout 4,positive,"재밌긴함. 사고 지금 한달이 약간 안되었는데 무척이나 흡족하게 즐겼음 다만 스토리가 별루고... 대화선택지가 있으나마나함, 스토리 분기도아예 없다고 봐야하고 게임성이 문제가 있는건 아닌데 왜 스토리가 이따구인지? 토드하워드가 직접 스토리라인을 쓴게아닌가 의심이 듬","재밌긴 함 . 사고 지금 한 달이 약간 안되었는데 무척 이나 흡족하게 즐겼음 다만 스토리 가 별 루고 ... 대화 선택 지 가 있으나 마나 함 , 스토리 분기도 아예 없다고 봐야하고 게임 성 이 문제 가 있는건 아닌데 왜 스토리 가 이따 구인 지 ? 토드 하워드 가 직접 스토리 라인 을 쓴게 아닌가 의심 이 듬",2017-02-18 11:39:12
377160,Fallout 4,positive,다음 사람에게 추천 - 타격감 있는 FPS를 좋아하는 분 - 손고자지만 FPS를 좋아하는 분 - 세기말 분위기를 좋아하는 분 - TESV 스카이림을 재밌게 하셨던 분 - 심즈나 마인크래프트 같은 소소한 꾸미기를 좋아하는 분 다음 사람에게 비추천 - FO:NV를 정말로 좋아하셨던 분 - 돈 주고 산 게임인데도 안 고쳐주는 자잘한 버그에 기분이 나쁘신 분 - 자유도 높은 게임에서 반쯤 강제하는 부분을 싫어하시는 분,다음 사람 에게 추천 - 타 격감 있는 FPS 를 좋아하는 분 - 손고 자 지만 FPS 를 좋아하는 분 - 세기말 분위기 를 좋아하는 분 - TESV 스카이림 을 재밌게 하셨던 분 - 심즈 나 마인크래프트 같은 소소한 꾸미 기를 좋아하는 분 다음 사람 에게 비 추천 - FO : NV 를 정말로 좋아하셨던 분 - 돈 주고 산 게임 인데 도 안 고쳐주는 자잘한 버그 에 기분 이 나쁘신 분 - 자유도 높은 게임 에서 반 쯤 강제 하는 부분 을 싫어하시는 분,2017-02-17 23:57:32
377160,Fallout 4,positive,"무조건 추천 !! 게임 상에서 즐길수 있는 컨텐츠가 너무 많다 !! 메인 퀘스트 진행하면서.. 서브 퀘스트 받은 것들만 플레이 하고 엔딩봤는데.. 총기 개조, 방어구 개조, 하우징, 아지트 무역, 찾지 못한 서브퀘스트, 모드 등.. 아직 제대로 시작도 안해본 컨텐츠들도 여러가지 있음. DLC 묶음으로 세일하면.. 그 때 다시 설치하기를 기다리며...!","무조건 추천 !! 게임 상 에서 즐길수 있는 컨텐츠 가 너무 많다 !! 메인 퀘스트 진행 하면서 .. 서브 퀘스트 받은 것 들 만 플레이 하고 엔딩 봤는데 .. 총기 개조 , 방어 구 개조 , 하우 징 , 아지트 무역 , 찾지 못 한 서브 퀘스트 , 모드 등 .. 아직 제대로 시작 도 안 해본 컨텐츠 들 도 여러가지 있음 . DLC 묶음 으로 세 일 하 면 .. 그 때 다시 설치 하기를 기다리며 ...!",2017-02-15 11:17:42
377160,Fallout 4,positive,꽤 재미있음 추천,꽤 재미있음 추천,2017-02-13 21:05:51
377160,Fallout 4,positive,인생게임 입니다 .,인생게임 입니다 .,2017-02-10 23:28:04
377160,Fallout 4,positive,아직도 1회차 하는중.,아직도 1회 차 하는 중 .,2017-02-10 18:15:13
377160,Fallout 4,positive,"여러 매체에서 참 많이 까고 뜯고 씹고 있긴 하지만... 이는 전작 뉴베가스가 워낙 명작이었기에 이에 비교 당하면서 많이 까이게 되는것 같네요. 전체적인 평가는 딱 고티 2~3위를 할 수 있는 수작입니다. 폴아웃의 유니크한 세계관을 역시 잘 살렸으며 스토리 텔링(빈약하긴하지만), 방대한 세계 탐험을 제공합니다. 사실 폴아웃은 이 탐험이라는 요소 하나만으로도 충분히 플레이할 가치가 있습니다. 그만큼 탐험 요소에 큰 무게를 두는 게임이기도 합니다. 오픈 월드를 마음껏 여항하고 싶은 유저라면 반드시 추천합니다. 또한 게임상에 존재하는","여러 매체 에서 참 많이 까고 뜯고 씹고 있긴 하지만 ... 이는 전작 뉴 베가스 가 워낙 명작 이었기에 이 에 비교 당하면서 많이 까이게 되는것 같네요 . 전체 적 인 평가 는 딱 고 티 2~3 위 를 할 수 있는 수작 입니다 . 폴아웃 의 유니크 한 세계관 을 역시 잘 살렸으며 스토리 텔링 ( 빈약하긴하지만 ), 방대한 세계 탐험 을 제공 합니다 . 사실 폴아웃 은 이 탐험 이라는 요소 하나 만으로도 충분히 플레이 할 가치 가 있습니다 . 그만큼 탐험 요소 에 큰 무게 를 두는 게임 이기도 합니다 . 오픈 월드 를 마음껏 여항 하고 싶은 유저 라면 반드시 추천 합니다 . 또한 게임상 에 존재 하는",2017-02-09 23:54:35
377160,Fallout 4,positive,난 왜 이런게임을 하면 앤딩을 못보는가..... 지도에있는 서브퀘 마커를 다 지우고다니다 지쳣다..,난 왜 이런 게임 을 하면 앤딩 을 못 보는가 ..... 지도 에 있는 서브 퀘 마커 를 다 지우고다니다 지쳣다 ..,2017-02-09 00:45:00
377160,Fallout 4,positive,재밌다 푹 빠지게 된 게임 싱글겜도 이렇게 빠지게 될 수 있구나를 느끼게 해준 갓겜,재밌다 푹 빠지게 된 게임 싱글 겜 도 이렇게 빠지게 될 수 있구나를 느끼게 해준 갓 겜,2017-02-07 18:27:06
377160,Fallout 4,positive,이 게임을 하고 나면 깨닫게 된다... 뉴베가스 하러 가자! DLC를 구입을 안 해도 후회 하지 않을 게임이다. 결론:뉴베가스 하러 가자!,이 게임 을 하고 나면 깨닫게 된다 ... 뉴 베가스 하러 가자 ! DLC 를 구입 을 안 해도 후회 하지 않을 게임 이다 . 결론 : 뉴 베가스 하러 가자 !,2017-02-05 21:48:49
377160,Fallout 4,positive,수능이후에 플레이했는데 어느덧 200시간을 거의 달리고 있네요 FPS부터 하우징까지 왠만한 요소를 거의다 포함하고 있는 게임입니다만 버그가 조금 흠이죠 베가스보단 못하지만 그래도 갓겜입니다.,수능 이후 에 플레이 했는데 어느덧 200시간 을 거의 달리 고 있네요 FPS 부터 하우 징 까지 왠만한 요소 를 거의 다 포함 하고 있는 게임 입니다만 버그 가 조금 흠 이 죠 베가스 보단 못 하지만 그래도 갓 겜 입니다 .,2017-02-05 17:36:24
377160,Fallout 4,positive,good!!!!!!!!!!,good !!!!!!!!!!,2017-02-05 02:35:09
377160,Fallout 4,positive,아 알루미늄 아 접착제 아 기름 아 아 아 시발 쓰레기가 모자라,아 알루미늄 아 접착제 아 기름 아 아 아 시발 쓰레기 가 모자라,2017-02-04 23:15:28
377160,Fallout 4,positive,생존 fps 일줄알고 샀는데 실은 집 짓기 게임이었다;; 마을 건설하는거 개재밌네......,생존 fps 일줄 알 고 샀는데 실 은 집 짓기 게임 이었다 ;; 마을 건설 하는거 개 재밌네 ......,2017-02-03 23:06:25
377160,Fallout 4,positive,엔딩 극혐,엔딩 극혐,2017-02-03 17:25:51
377160,Fallout 4,positive,폴아웃 역시 자유도 짱 ~ 재미있네요,폴아웃 역시 자유도 짱 ~ 재미있네요,2017-01-31 01:15:53
377160,Fallout 4,positive,킹갓 고물상시뮬레이터,킹갓 고물상 시뮬레이터,2017-01-30 11:46:57
377160,Fallout 4,positive,분명 얼마 안한거같은데..,분명 얼마 안 한거 같은데 ..,2017-01-29 21:47:02
377160,Fallout 4,positive,Shut up and Take my Money,Shut up and Take my Money,2017-01-28 02:42:14
377160,Fallout 4,positive,재미지다 호호호 ^.^,재미 지다 호호 호 ^.^,2017-01-28 02:26:46
377160,Fallout 4,positive,길고 기다린 폴아웃4 컴퓨터 바꾸고 바로 시작한게임 전편에 비해 그래픽이랑 모션등 좋아 진것 같지만 최적화도 별로고 스토리도 별로고 아쉬운 작품 허나 폴아웃이라는 이름으로 먹고 들어가는 듯,길고 기다린 폴아웃 4 컴퓨터 바꾸고 바로 시작 한게임 전편 에 비해 그래픽 이랑 모션 등 좋아 진것 같지만 최적화 도 별로 고 스토리 도 별로 고 아쉬운 작품 허나 폴아웃 이라는 이름 으로 먹고 들어가는 듯,2017-01-28 01:23:47
377160,Fallout 4,positive,75 그 쫄쫄이 말구 다른거 없나?,75 그 쫄쫄 이 말구 다른거 없나 ?,2017-01-26 23:11:08
377160,Fallout 4,positive,메인스토리 뒤통수 역대급이였지만 스토리 말구 그외 서브미션등등 할것들 많아서 재밌게하고있음 폴아웃5 나오면 그떄가 수능생이라해도 살거임,메인 스토리 뒤통수 역대 급 이 였지만 스토리 말구 그 외 서브 미션 등등 할것 들 많아서 재밌게하고있음 폴아웃 5 나오면 그떄 가 수능 생 이라 해도 살거 임,2017-01-26 23:09:12
377160,Fallout 4,positive,게임 재미있네요 심즈 하는줄...,게임 재미있네요 심즈 하는줄 ...,2017-01-26 02:35:08
377160,Fallout 4,positive,생각보다 맵이 너무 작네요.. 몇회차씩 하는걸 안좋아해서 딱히 컨텐츠라고 할만한것두없고 서브퀘도 적은편인거같아요 무엇보다 엔딩아쉬움이 너무 크다는.. 아들을 찾아야겠다는 동기부여가 뭔가 게임하면서 확 오질 않네요 메인퀘랑 서브퀘의 괴리감도 너무 커요.. ㅠ ㅠ 좋았던점은 역시 동료입니다 .. 동료들 다 너무귀엽고 맘에쏙들어요 ㅠ ㅠ,생각 보다 맵 이 너무 작네요 .. 몇 회차 씩 하 는걸 안 좋아해서 딱히 컨텐츠 라고 할만 한 것 두 없고 서브 퀘 도 적은 편 인거 같아요 무엇 보다 엔딩 아쉬움 이 너무 크다는 .. 아들 을 찾아야겠다는 동기부여 가 뭔가 게임 하면서 확 오질 않네요 메인 퀘 랑 서브 퀘 의 괴리감 도 너무 커요 .. ㅠ ㅠ 좋았던 점 은 역시 동료 입니다 .. 동료 들 다 너무 귀엽고 맘 에 쏙 들어요 ㅠ ㅠ,2017-01-25 01:47:20
377160,Fallout 4,positive,"전작 시리즈가 폴아웃4의 기대치를 너무 높여버려서 그렇지 재미없지는 않음. 정신 나간 서브 스토리와 새롭게 추가된 생존, 개조, 하우징 시스템 덕분에 100시간은 기본으로 함 다만 메인 스토리가 반전도 굴곡도 없는 일직선이라 아쉬움","전작 시리즈 가 폴아웃 4 의 기 대치 를 너무 높여 버려서 그렇지 재미없지는 않음 . 정신 나간 서브 스토리 와 새롭게 추가 된 생존 , 개조 , 하우 징 시스템 덕분 에 100시간 은 기본 으로 함 다만 메인 스토리 가 반전 도 굴곡 도 없는 일직선 이라 아쉬움",2017-01-21 10:21:37
377160,Fallout 4,positive,폴아웃3 이후 7년만에 나오는 작품 (뉴 베가스 제외 넘버링 작품을) 전작 폴아웃3 에서는 할 수 없었던 것이 폴아웃4에 있다 슈트를 개조하고 무기 커스텀 그리고 집도 만들수 있는 정도 그래픽도 업이 되어 더욱 더 재미가 생기고 가다보면 개랑도 만나서 사냥하기도 한다 +보기 좋은 그래픽 +새로운 시스템인 커스텀 지원 +농사 가능 +브라더후드 오브 스틸 슈트 +내구도 제한X -버그 -모션,폴아웃 3 이후 7년 만에 나오는 작품 ( 뉴 베가스 제외 넘버링 작품 을 ) 전작 폴아웃 3 에서는 할 수 없었던 것 이 폴아웃 4 에 있다 슈트 를 개조 하고 무기 커 스텀 그리고 집도 만들수 있는 정도 그래픽 도 업 이 되어 더욱 더 재미 가 생기 고 가다 보면 개 랑 도 만나서 사냥 하기도 한다 + 보기 좋은 그래픽 + 새로운 시스템 인 커 스텀 지원 + 농사 가능 + 브라더후드 오브 스틸 슈트 + 내 구도 제한 X - 버그 - 모션,2017-01-20 17:55:05
377160,Fallout 4,positive,완전 재밌어요,완전 재밌어요,2017-01-20 16:32:45
377160,Fallout 4,positive,처음 50시간은 시간가는줄모르고 했다 그다음50시간은 모드와 다시깨보며 못햇던서브퀘스트와 맵구석구석의 던전 들을 깨는맛으로 즐긴거같다.,처음 50시간 은 시간 가는줄 모르고 했다 그다음 50시간 은 모드 와 다시 깨 보며 못햇던 서브 퀘스트 와 맵 구석구석 의 던전 들을 깨는 맛 으로 즐긴거 같다 .,2017-01-19 22:16:44
377160,Fallout 4,positive,스토리 부분은 아쉬운 감이 있지만 세계관 설정이나 게임성은 그간 시리즈들이 이어졌던 만큼 탄탄하고 재미있었습니다.,스토리 부분 은 아쉬운 감 이 있지만 세계관 설정 이나 게임 성은 그간 시리즈 들 이 이어졌던 만큼 탄탄하고 재미있었습니다 .,2017-01-19 09:46:25
377160,Fallout 4,positive,위쳐3 할려다가 g2a에서 17000원 팔길래 한번 해봤는데 너무 재밌음 아직 3시간밖에 못하고 한시간을 내케릭 커스텀 하는데 소비했지만 역시 베데스다 다 ~ 울트라 옵션으로 하는데도 케릭터 모션이나 그래픽이 조금 부족한거같아요 2015년에 나온게임치곤.... ㅇ제일 아쉬운건 베데스다는 절대 한글화를 안해줘서 유저패치를 쓰면 도전과제를 깰수없다는 거,위 쳐 3 할려다가 g 2 a 에서 17000원 팔길래 한번 해봤는데 너무 재밌음 아직 3시간 밖에 못 하고 한 시간 을 내 케릭 커 스텀 하는데 소비 했지만 역시 베데스다 다 ~ 울트라 옵션 으로 하는데도 케릭 터 모션 이나 그래픽 이 조금 부족한거 같아요 2015년 에 나온게 임치곤 .... ㅇ 제일 아쉬운건 베데스다 는 절대 한글화 를 안 해줘서 유저 패치 를 쓰면 도전 과제 를 깰수 없다는 거,2017-01-18 23:40:06
377160,Fallout 4,positive,원활하게 돌리려면 사양 타협을 해야 했지만 그래도 전작이랑은 상대가 안될만큼 많이 게임 시스템이나 그래픽도 좋고 DLC 까지 살만큼 재밌는 게임.,원활하게 돌리려면 사양 타협 을 해야 했지만 그래도 전작 이랑은 상대 가 안될만큼 많이 게임 시스템 이나 그래픽 도 좋고 DLC 까지 살 만큼 재밌는 게임 .,2017-01-18 04:04:32
377160,Fallout 4,positive,"[h1]War Never Changes[/h1] 인물간의 대사들이 다들 누군가를 위해서 말하는것 처럼 보이지만 결국 자기 자신 또는 자신들의 세력을 위한다는것이 쓸쓸하네요. 이미 핵으로 망한 암울한 세계에서 지들끼리 또 싸우고 있으니.. [b]평가[/b] [list] [*]엔진 (그래픽, 성능 등) 그래픽은 나쁘지 않은편이지만 의문의 프레임 드랍이 문제고 심각하다 할만한 버그는 못본것 같다. 가끔 NPC나 동료들이 갈길 못찾고 헤맬때가 있는데 그럴때 좀 답답하고 베데스다 전통의 콘솔 명령어로 자잘한 버그는 무난하게 넘길 수 있다","[ h 1 ] War Never Changes [/ h 1 ] 인물 간 의 대사 들 이 다 들 누군가 를 위해 서 말 하는것 처럼 보이 지만 결국 자기 자신 또는 자신 들 의 세력 을 위 한다는 것 이 쓸쓸하네요 . 이미 핵 으로 망한 암울한 세계 에서 지 들 끼리 또 싸우고 있으니 .. [ b ] 평가 [/ b ] [ list ] [*] 엔진 ( 그래픽 , 성능 등 ) 그래픽 은 나쁘지 않은 편이 지만 의문 의 프레임 드랍 이 문제 고 심각하다 할만 한 버그 는 못 본것 같다 . 가끔 NPC 나 동료 들 이 갈길 못 찾고 헤맬 때 가 있는데 그럴 때 좀 답답하고 베데스다 전통 의 콘솔 명령어 로 자잘한 버그 는 무난 하게 넘길 수 있다",2017-01-18 03:05:55
377160,Fallout 4,positive,god game,god game,2017-01-18 00:00:47
377160,Fallout 4,positive,갓베데스다 갓겜,갓 베데스다 갓 겜,2017-01-17 20:37:46
377160,Fallout 4,positive,완벽하진 않은게임. 개발사와 시리즈의 팬으로써 이미 충분한 게임. 시리즈가 계속되길.,완벽하진 않은 게임 . 개발 사와 시리즈 의 팬 으로써 이미 충분한 게임 . 시리즈 가 계속 되길 .,2017-01-16 15:55:37
377160,Fallout 4,positive,이건 진짜 심각함..재미있긴한데 지이인짜 무한로딩에다 버그에다 버그아웃이란 말이 나올정도로 진짜,이건 진짜 심각함 .. 재미있긴한데 지 이인 짜 무한 로딩 에다 버그 에다 버그 아웃 이란 말 이 나올 정도 로 진짜,2017-01-15 10:58:37
377160,Fallout 4,positive,기술적으론 진보 그 외엔 모두 퇴보,기술 적 으론 진보 그 외 엔 모두 퇴보,2017-01-14 19:59:41
377160,Fallout 4,positive,파워아머 개간지,파워 아 머 개간 지,2017-01-14 09:23:40
377160,Fallout 4,positive,그래픽이 어떻고 전작들에 비해 뭐가 어떻고 말이 많지만 그래도 포스트 아포칼립스 게임 중 이 만큼 그 현장을 생동감있게 전달해 주는 게임이 있나 싶다. 총기류의 기믹이 나름 디테일 한 것도 개인적으로 마음에 든다.,그래픽 이 어떻고 전작 들 에 비해 뭐 가 어떻고 말 이 많지만 그래도 포스트 아포칼립스 게임 중 이 만큼 그 현장 을 생동감 있게 전달 해 주는 게임 이 있나 싶다 . 총 기류 의 기믹 이 나름 디테일 한 것 도 개인 적 으로 마음 에 든다 .,2017-01-13 07:06:22
377160,Fallout 4,positive,"남자의 게임! 핵 전쟁 이후 살아남기 시뮬레이타! 핵-재밌음! [b]*이 게임의 특징[/b][list] [*]베네스다의 맛깔나는 방대한 모험성 [*]그리고 베네스다만의 특별한 엔진 재탕 [/list] [b]*이런 분들에게 추천합니다[/b][list] [*]현실적인 판타지격인 포스트 아포칼립스 좋아하시는 분 [*]총기 개조 , 빌리징 등 잡템 루팅해서 제조에 관심있는 분 [*]RPG성이 가미된 자유도높은 총기게임을 원하시는분 [/list] [b]*이런 분들에게 비추천합니다[/b][list] [*]절지동물이나 곤충류를 극혐하는 분","남자 의 게임 ! 핵 전쟁 이후 살아남기 시 뮬 레이 타 ! 핵 - 재밌음 ! [ b ]* 이 게임 의 특징 [/ b ][ list ] [*] 베 네스 다 의 맛깔나는 방대한 모험 성 [*] 그리고 베 네스 다만 의 특별한 엔진 재탕 [/ list ] [ b ]* 이런 분 들 에게 추천 합니다 [/ b ][ list ] [*] 현실 적 인 판타지 격인 포스트 아포칼립스 좋아하시는 분 [*] 총기 개조 , 빌리 징 등 잡템 루팅 해서 제조 에 관심 있는 분 [*] RPG 성 이 가미 된 자유도 높은 총 기 게임 을 원하시는 분 [/ list ] [ b ]* 이런 분 들 에게 비추 천합니다 [/ b ][ list ] [*] 절지동물 이나 곤충류 를 극 혐 하 는 분",2017-01-12 16:03:01
377160,Fallout 4,positive,"개인적으로는 살짝 지루한감이 없지 않아 있다. 그렇게 생각했는데 어느샌가 3시간이나 해버렸다. 진짜 시간가는줄 모르는 게임이다. 나만 그런건진 잘 모르겠지만 초반부터 난이도가 조금 있다. 뭐, 이런 류의 게임을 주로하는사람이라면 충분히 살 가치는 있어보인다. 단, 가격을 생각해서 세일을 기다리자.","개인 적 으로는 살짝 지루한 감 이 없지 않아 있다 . 그렇게 생각 했는데 어느샌가 3시간 이나 해 버렸다 . 진짜 시간 가는줄 모르는 게임 이다 . 나 만 그런 건진 잘 모르겠지만 초반 부터 난이도 가 조금 있다 . 뭐 , 이런 류 의 게임 을 주로 하는 사람 이 라면 충분히 살 가치 는 있어 보인다 . 단 , 가격 을 생각 해서 세 일 을 기다리자 .",2017-01-11 06:12:29
377160,Fallout 4,positive,여러 엔피시들과 살아가는 이야기(??),여러 엔피시 들 과 살아가는 이야기 (??),2017-01-09 20:55:37
377160,Fallout 4,positive,이반 시리즈 스토리가 좀 그런게 흠이지만 너무 재밌습니다... 젠장 망할 베스다 버그로 게임을 떡칠해놨으면서 이런 재밌는 게임을 또내니 지갑이 탈탈 터릴수뿐이 없잖아..,이반 시리즈 스토리 가 좀 그런게 흠 이지만 너무 재밌습니다 ... 젠장 망할 베스 다 버그 로 게임 을 떡 칠해놨으면서 이런 재밌는 게임 을 또 내니 지갑 이 탈탈 터릴수뿐 이 없잖아 ..,2017-01-09 06:06:59
377160,Fallout 4,positive,아무도 몰랐지 이게 온라인으로 나오게될줄은,아무 도 몰랐지 이 게 온라인 으로 나오게 될줄은,2017-01-08 22:41:54
377160,Fallout 4,positive,재미있습니다 허나 1060이상이여아 할만 할겁니다 물론저는 1080이죠,재미있습니다 허나 1060 이상 이여 아 할만 할 겁니다 물론 저 는 1080 이 죠,2017-01-08 02:37:48
377160,Fallout 4,positive,재밌었다,재밌었다,2017-01-05 20:22:05
377160,Fallout 4,positive,폴아웃3 고티는 멈추는현상때문에 포기하고 폴아웃 뉴베가스 부터 조금씩 꾸준히 하는 유저인데 폴아웃4부터는 무기 내구도도 사라지고 훨씬 편해진거같습니다. 산지 2일정도 밖에안되서 플레이는 조금 해봤지만 정말 재밋습니다. 꾸준히 플레이해서 미션들을 다 깨보고 싶어지는 게임.,폴아웃 3 고 티 는 멈추는 현상 때문 에 포기 하고 폴아웃 뉴 베가스 부터 조금씩 꾸준히 하는 유저 인데 폴아웃 4 부터는 무기 내 구도 도 사라지고 훨씬 편해진거 같습니다 . 산지 2일 정도 밖 에 안되서 플레이 는 조금 해봤지만 정말 재밋습니 다 . 꾸준히 플레이 해서 미션 들 을 다 깨 보고 싶어지는 게임 .,2017-01-05 01:13:16
377160,Fallout 4,positive,이 게임 떄문에 친구랑 영화보러 거절하고 이것만 헀다..,이 게임 떄문 에 친구 랑 영화 보러 거절 하고 이 것 만 헀다 ..,2017-01-04 15:33:58
377160,Fallout 4,positive,개드립이 넘쳐나는 유일한 생존자의 황무지 제패기,개드립 이 넘쳐나는 유일한 생존자 의 황무지 제 패기,2017-01-04 15:22:58
377160,Fallout 4,positive,아직은 13시간정도만 했지만 정말재밌다 장점을 뽑자면 처음하는 분들도 하시기 좋다 나도 폴아웃4로 입문했다 그리고 싱글인데도 할게 은근히 많다 서브퀘스트도 있어서 괜찮았다 그래픽도 나쁜나낌도 없었다 모드도 잘되있어서 스토리 한번 다 깨고 모드로도 즐기면서 하면 괜찮을거 같다 단점은 개적화 내컴은 준수한 사양이다 그런데 가끔가다 난 프레임이 멀쩡하게 뽑히는데 동료NPC만 뛰는 모션이 뚝뚝 끈겨 보인다 그리고 사소한 버그들이 존재한다 폴아웃4로 첨 인문한다면 해주고픈 말은 저장을 자주하자,아직 은 13시간 정도만 했지만 정말 재밌다 장점 을 뽑자면 처음 하는 분 들 도 하시기 좋다 나도 폴아웃 4 로 입문 했다 그리고 싱글 인데 도 할게 은근 히 많다 서브 퀘스트 도 있어서 괜찮았다 그래픽 도 나쁜나 낌 도 없었다 모드 도 잘 되있어서 스토리 한번 다 깨고 모드 로 도 즐기면서 하면 괜찮을거 같다 단점 은 개 적 화 내 컴 은 준수 한 사양 이다 그런데 가끔가다 난 프레임 이 멀쩡하게 뽑히는데 동료 NPC 만 뛰는 모션 이 뚝뚝 끈겨 보인다 그리고 사소한 버그 들 이 존재 한다 폴아웃 4 로 첨 인문 한다면 해주 고픈 말 은 저장 을 자주 하자,2017-01-03 02:33:12
377160,Fallout 4,positive,한국인의 후기에요....ㅎㅎ 이 게임 한국인도 많이 하고 있을텐데 후기가 없어서 안타깝네요. 제 개인적인 후기는 당연히 긍정적입니다. 스토리성도 탄탄하고 내용에 밀리지 않는 타격감도 있고 망겜이라고 하시는 분도 있던데.... 이게 망겜이면 ㅋㅋㅋ 눈이 높으신분 같네여 ...ㅋㅋㅋ 게임이 공들여서 만들었다고 생각드는 부분은 제작사의 꼼꼼함 같습니다. ㅋㅋㅋㅋ 당연하겠지만 상당히 꼼꼼하게 만들었네여. 안타까운거는 한글 지원이 안됬다는것? 그 부분은 구글에 검색하면 팀 왈도라고 나옵니다참고하시면 좋습니다.,한국인 의 후기 에요 .... ㅎㅎ 이 게임 한국인 도 많이 하고 있을텐데 후기 가 없어서 안타깝네요 . 제 개인 적 인 후기 는 당연히 긍정 적 입니다 . 스토리 성도 탄탄하고 내용 에 밀리 지 않는 타 격감 도 있고 망겜 이라고 하시는 분도 있던데 .... 이 게 망겜 이 면 ㅋㅋㅋ 눈 이 높으 신분 같네여 ... ㅋㅋㅋ 게임 이 공 들 여서 만들었다고 생각 드는 부분 은 제작사 의 꼼꼼함 같습니다 . ㅋㅋㅋㅋ 당연하겠지만 상당히 꼼꼼하게 만들었 네 여 . 안타까운거는 한글 지원이 안됬다는것 ? 그 부분 은 구글 에 검색 하면 팀 왈도 라고 나옵니다 참고하시면 좋습니다 .,2017-01-02 21:36:40
377160,Fallout 4,positive,폴아웃 입문자에게 4는 정말 좋은 게임이라 생각합니다. 실제로 저는 뉴베가스를 가장 좋아하고 가장 재미있게했지만 4도 정말 만만찮은 게임성을 지니고 있습니다 장난삼아 똥아웃 4라고 부르는(진심일지도..)사람도 있지만 폴아웃 답게 탐험하는 재미와 미친듯한 자유도는 여전합니다. 전작들에 비해 비약적으로 발전한 그래픽과 모션 타격감 등등 덕에 폴아웃을 입문하려는 사람도 정말 재밌게 플레이할거라 생각합니다. 이제 개인적인 평가를 쓰자면 위에 언급했듯이 탐험하는 재미와 자유도는 폴아웃 시리즈 답게 정말 훌륭합니다. 하지만 저는 게임 자,폴아웃 입문 자 에게 4 는 정말 좋은 게임 이라 생각 합니다 . 실제 로 저 는 뉴 베가스 를 가장 좋아하고 가장 재미있게 했지만 4 도 정말 만만찮 은 게임 성 을 지니 고 있습니다 장난 삼아 똥 아웃 4 라고 부르는 ( 진심 일지 도 ..) 사람 도 있지만 폴아웃 답 게 탐험 하는 재미 와 미친듯 한 자유도 는 여전합니다 . 전작 들 에 비해 비약 적 으로 발전 한 그래픽 과 모션 타 격감 등등 덕 에 폴아웃 을 입문 하려는 사람 도 정말 재밌게 플레이 할거라 생각 합니다 . 이제 개인 적 인 평가 를 쓰자면 위 에 언급 했듯이 탐험 하는 재미 와 자유도 는 폴아웃 시리즈 답 게 정말 훌륭합니다 . 하지만 저 는 게임 자,2017-01-02 16:31:36
377160,Fallout 4,positive,그래도 할만해,그래도 할 만해,2017-01-02 10:50:23
377160,Fallout 4,positive,"우리의 도움이 필요한 정착지가 있어요. 여기, 지도에 표시해두겠습니다.","우리 의 도움 이 필요한 정착 지 가 있어요 . 여기 , 지도 에 표시 해 두겠습니다 .",2017-01-02 10:08:12
377160,Fallout 4,positive,장점: 높은 자유도/ 포스트 아포칼립스/ 정신나간 황무지/ 다양한 커스터마이징/ 모드/ 생각 이상으로 볼 만한 그래픽/ 전작들에 비해 박진감 넘치는 전투 단점: 돈값 못하는 DLC/ 많이 좋아졌지만 베데스다 특유의 버그/ 약간 엉성한 스토리/끝없이 정착지 노가다를 시키는 악랄한 노예주인 프레스턴 가비 총평: 전쟁... 전쟁은 변하지 않는다... 베데스다...베데스다도 변하지 않는다. 여전히 꿀잼게임. 하지만 DLC는 비싼 감이 있다. 워크샵 DLC는 이걸 굳이 DLC로 냈어야했나...하는 생각도 든다. 바닐라로 충분히 즐겼다면,장점 : 높은 자유도 / 포스트 아포칼립스 / 정신 나간 황무지 / 다양한 커스터 마이 징 / 모드 / 생각 이상 으로 볼 만 한 그래픽 / 전작 들 에 비해 박진 감 넘치는 전투 단점 : 돈값 못 하는 DLC / 많이 좋아졌지만 베데스다 특유 의 버그 / 약간 엉 성한 스토리 / 끝없이 정착 지 노가다 를 시키는 악랄한 노예주 인 프레스턴 가비 총 평 : 전쟁 ... 전쟁 은 변하지 않는다 ... 베데스다 ... 베데스다 도 변하지 않는다 . 여전히 꿀잼 게임 . 하지만 DLC 는 비싼 감 이 있다 . 워크샵 DLC 는 이 걸 굳이 DLC 로 냈어야 했나 ... 하는 생각 도 든다 . 바닐라 로 충분히 즐겼다면,2017-01-01 21:41:24
377160,Fallout 4,positive,만약 나에게 아포칼립스 상황이 닥쳐 와도 재밌게 헤쳐 나갈 수 있다는 착각이 들 정도의 포스트 아포칼립스 뽀르노 겜,만약 나 에게 아포칼립스 상황 이 닥쳐 와도 재밌게 헤쳐 나갈 수 있다는 착각 이 들 정도 의 포스트 아포칼립스 뽀르노 겜,2016-12-31 23:37:39
377160,Fallout 4,positive,이번 세일할때 구매 이번에 처음 시작했는데 아직 조금밖에 안했지만 정확히 뭐하는 게임인지 모름 개인적으로 뭔가 많은 게임을 별로 안좋아하는데 퍽이니 레벨이니 힘이니 뭐니 뭘 올려야 되니 하는거 하지만 이상한 아이템들도 많고 볼거리도 충분하다고 생각함 잘 모르겠지만 추천 재밌으니까,이번 세 일 할 때 구매 이번 에 처음 시작 했는데 아직 조금 밖에 안 했지만 정확히 뭐 하는 게임 인지 모름 개인 적 으로 뭔가 많은 게임 을 별로 안 좋아하는데 퍽 이니 레벨 이니 힘 이니 뭐 니 뭘 올려야 되니 하는거 하지만 이상한 아이템 들 도 많고 볼거리 도 충분하다고 생각 함 잘 모르겠지만 추천 재밌으니까,2016-12-31 21:23:31
377160,Fallout 4,positive,재밌다,재밌다,2016-12-31 20:49:57
377160,Fallout 4,positive,최고 그냥 최고 인생의 선택지는 단 4개! 당신은 어떤인생을 택하시겠습니까...?,최고 그냥 최고 인생 의 선택 지는 단 4 개 ! 당신 은 어떤 인생 을 택 하시겠습니까 ...?,2016-12-31 11:04:12
377160,Fallout 4,positive,말이필요한가?,말 이 필요한가 ?,2016-12-31 10:01:46
377160,Fallout 4,positive,"똥오줌이라 까이지만 뉴베가스 이상, 스카이림급으로 재미있게 함. 따지고보면 rpg로써 보면 대단하진 않은데, 샌드박스 어드벤쳐+슈터로써의 재미가 탁월하다.","똥 오줌 이라 까이지만 뉴 베가스 이상 , 스카이림 급 으로 재미있게 함 . 따지고 보면 rpg 로써 보면 대단하진 않은데 , 샌드박스 어드벤쳐 + 슈터로써 의 재미 가 탁월하다 .",2016-12-30 12:59:19
377160,Fallout 4,positive,갓겜,갓 겜,2016-12-30 11:09:31
377160,Fallout 4,positive,어딘가 2% 부족하기는 하지만 즐겁게 포스트 아포칼립스를 즐길 수 있다. 무엇보다 파워아머가 멋지다! 개인적으로 빌리징도 재밌었는데 콘솔 커맨드로 tlc 치고 해야 건물이 예쁘게 올라간다.,어딘가 2% 부족하기는 하지만 즐겁게 포스트 아포칼립스 를 즐길 수 있다 . 무엇 보다 파워 아 머 가 멋지다 ! 개인 적 으로 빌리 징 도 재밌었는데 콘솔 커맨드 로 tlc 치고 해야 건물 이 예쁘게 올라간다 .,2016-12-29 19:09:48
377160,Fallout 4,positive,폴아웃 시리즈는 전부 재밌습니다 4도 진심 제 인생겜이에요 다른시리즈에 비해 평가가 낮은데 저는 퍽도 다양해지고 즐길거리도 더 많아서 재미있게 하고있습니다.,폴아웃 시리즈 는 전부 재밌습니다 4 도 진심 제 인생 겜 이에요 다른 시리즈 에 비해 평가 가 낮은데 저 는 퍽 도 다양해지고 즐길 거리 도 더 많아서 재미있게 하고있습니다 .,2016-12-29 14:59:41
377160,Fallout 4,positive,중국과 미국의 대전쟁으로 일어난 수발의 핵폭발이 모든 것을 바꾼 세계. 폴아웃의 세계관은 플에이어에게 상당히 흥미롭게 다가온다. 다만 엔진의 한계가 명확하여 정착지 관련 모드는 썩 믿을 것이 되지 못한다...,중국 과 미국 의 대 전쟁 으로 일어난 수발 의 핵폭발 이 모든 것 을 바꾼 세계 . 폴아웃 의 세계관 은 플 에이 어 에게 상당히 흥미롭게 다가온다 . 다만 엔진 의 한계 가 명확하여 정착 지 관련 모드 는 썩 믿을 것 이 되지 못 한다 ...,2016-12-29 08:59:40
377160,Fallout 4,positive,아주 조흔 게임이네,아주 조 흔 게임 이네,2016-12-27 18:25:10
377160,Fallout 4,positive,좀 비싸지만 괜찮아요~,좀 비싸지만 괜찮아요 ~,2016-12-27 12:09:23
377160,Fallout 4,positive,재밌네요... 솔직히 기대했던거 보다 많이 재밌습니다,재밌네요 ... 솔직히 기대했던거 보다 많이 재밌습니다,2016-12-27 08:03:11
377160,Fallout 4,positive,시간좀 그만잡아먹어라,시간 좀 그만 잡아먹어라,2016-12-26 10:41:15
377160,Fallout 4,positive,"핵전쟁을 다룬 단연 최고의 게임이다. 베데스다가 스카이림에서 보여줬던 면들을 이어받은 점은 역시 칭찬해주고 싶고 특히나 처음 시작할때 그 트레일러 영상은 정말 뭐랄까. 참 많은 생각을 들게 하며, BGM역시 환상적이다. 중간중간 불안한 버그들도 눈에 보이긴 하나 역시 RPG의 대명사 라고 생각한다. 노라 귀여워!","핵전쟁 을 다룬 단연 최고 의 게임 이다 . 베데스다 가 스카이림 에서 보여줬던 면 들 을 이어 받은 점 은 역시 칭찬 해주고 싶고 특히 나 처음 시작 할 때 그 트레일러 영상 은 정말 뭐랄까 . 참 많은 생각 을 들게 하며 , BGM 역시 환상 적 이다 . 중간 중간 불안한 버그 들 도 눈 에 보이긴 하나 역시 RPG 의 대명사 라고 생각 한다 . 노라 귀여워 !",2016-12-25 23:55:45
377160,Fallout 4,positive,한때는 무한로딩으로 힘들었지만 그래도 멈출 수 없었던 게임.,한 때 는 무한 로딩 으로 힘들었지만 그래도 멈출 수 없었던 게임 .,2016-12-25 19:51:23
377160,Fallout 4,positive,로딩 개김 근데 재밌어..,로딩 개김 근데 재밌어 ..,2016-12-25 17:31:25
377160,Fallout 4,positive,이딴걸 500시간 넘게한 병신이 있다???? 뿌슝빠슝~,이딴 걸 500시간 넘게한 병신 이 있다 ???? 뿌슝빠슝 ~,2016-12-24 20:05:11
377160,Fallout 4,positive,"이건 폴아웃이에요. 전쟁이 언제나 변하지 않듯, 폴아웃도 전혀 변하지 않았죠. 클래식 마냥 쿼터뷰 방식도 아니고 어떤 선택이건 자유로웠던 10여년전 아재게이머들에겐 영원히 변해버렸을지는 모르겠지만 그래서 그저 그런 베네스다식 망겜일지도 모르겠지만 이 게임은 폴아웃입니다. 그러니 하지 않을 이유가 없잖아요?","이건 폴아웃 이에요 . 전쟁 이 언제나 변하지 않듯 , 폴아웃 도 전혀 변하지 않았죠 . 클래식 마냥 쿼터 뷰 방식 도 아니고 어떤 선택 이건 자유로웠던 10 여 년전 아 재 게이머 들 에겐 영원히 변해 버렸을지는 모르겠지만 그래서 그저 그런 베 네스 다식 망겜 일지 도 모르겠지만 이 게임 은 폴아웃 입니다 . 그러니 하지 않을 이유 가 없잖아요 ?",2016-12-24 12:19:00
377160,Fallout 4,positive,"폴아웃4가 욕을 먹는 이유는 단 하나뿐이다. 그동안의 폴아웃 시리즈를 겪어본 유저들의 기대에 미치지 못했기 때문.. 하지만 폴아웃을 몰랐던 유저라면, 이 게임을 두고 왜 욕을 하는지 이해하지 못할것이다. 그만큼 갓겜이다.. 이런 겜이 왜 욕을 먹는지 모를정도로.. 개인적인 생각으론 위쳐가 없었다면, 폴아웃4가 고티를 휩쓸었을 것이다. 바닐라로 즐겨도 좋고, 모드를 적용하면 또 새로운 게임이란게 베데스다 게임의 장점!! 더 늦기 전에 해보는걸 추천!!","폴아웃 4 가 욕 을 먹는 이유 는 단 하나 뿐 이다 . 그동안 의 폴아웃 시리즈 를 겪어 본 유저 들 의 기대 에 미치지 못 했기 때문 .. 하지만 폴아웃 을 몰랐던 유저 라면 , 이 게임 을 두고 왜 욕 을 하는지 이해 하지 못 할것이다 . 그만큼 갓 겜 이다 .. 이런 겜 이 왜 욕 을 먹는지 모를 정도 로 .. 개인 적 인 생각 으론 위 쳐가 없었다면 , 폴아웃 4 가 고 티 를 휩쓸었을 것 이다 . 바닐라 로 즐겨도 좋고 , 모드 를 적용 하면 또 새로운 게임 이란 게 베데스다 게임 의 장점 !! 더 늦기 전 에 해보는걸 추천 !!",2016-12-23 21:28:09
377160,Fallout 4,positive,몰입감은 끝내줍니다,몰입 감은 끝내줍니다,2016-12-23 07:35:37
377160,Fallout 4,positive,산게 엊그제 같은데 벌써 100시간을 돌파하다니 너참 중독성이 강하네?,산 게 엊그제 같은데 벌써 100시간 을 돌파 하다니 너 참 중독 성 이 강하네 ?,2016-12-22 14:13:20
377160,Fallout 4,positive,"높은 스킬트리 자유도,스토리 자유도,무기선택 자유도. 권총플레이가 되는점이 가장 좋았음. 빌리징 시스템은 참신했음 나름 꾸미는 맛도 있었지만 나중 갈수록 귀찮아졌음.","높은 스킬트리 자유도 , 스토리 자유도 , 무기 선택 자유도 . 권총 플레이 가 되는 점 이 가장 좋았음 . 빌리 징 시스템 은 참신했음 나름 꾸미는 맛 도 있었지만 나중 갈수록 귀찮아졌음 .",2016-12-22 00:42:07
377160,Fallout 4,positive,폴아웃4 난 졸라 재밌게 했다. 근데 160시간정도하고 할거없어서 접음. 얼마전에 시즌패스 세일해서 구입했는데 좀 있으면 다시 해보려고한다. 참고로 시즌패스 가격이 핵맞은 가격인데 반드시 세일할때 사길 바란다. 제발 DLC 일일이 하나씩 구매하는 머가리에 핵맞은 댕청이는 없겠지 시즌패스 하나 사면 DLC 다 들어온다.,폴아웃 4 난 졸라 재밌게 했다 . 근데 160시간 정도하고 할거 없어서 접음 . 얼마 전 에 시즌 패스 세 일해 서 구입 했는데 좀 있으면 다시 해보려고한 다 . 참고 로 시즌 패스 가격 이 핵 맞은 가격 인데 반드시 세 일 할 때 사길 바란다 . 제발 DLC 일일이 하나 씩 구매 하는 머 가리에 핵 맞은 댕청 이 는 없겠지 시즌 패스 하나 사면 DLC 다 들어온다 .,2016-12-21 01:19:30
377160,Fallout 4,positive,"이 게임은 특유의 냉전시대 음악이 나오는 라디오가 일품입니다. 음악만 들어도 지루하지 않습니다.전투도 Vault-Tec Assisted Targeting System 이 있어 굉장히 전략적으로 전투할 수 있으며 슬로우모션, 킬캠이 멋집니다. 뉴베가스보다 아쉬운 점도 있으나 역시 잼있습니다. 한글패치 만드신분들 감사합니다.","이 게임 은 특유 의 냉전시대 음악 이 나오는 라디오 가 일품 입니다 . 음악 만 들어도 지루하지 않습니다 . 전투 도 Vault - Tec Assisted Targeting System 이 있어 굉장히 전략 적 으로 전투 할 수 있으며 슬로우모션 , 킬캠 이 멋집니다 . 뉴 베가스 보다 아쉬운 점도 있으나 역시 잼있습니다 . 한글패치 만드신 분 들 감사합니다 .",2016-12-18 01:47:33
377160,Fallout 4,positive,오픈월드 게임중에 모드 안쓰고해도 재밌는 갓겜 폴아웃3를 안해봐서 3가 얼마나 재밌는지 모르겠지만 폴아웃4 부터 시작한나는 상당히 재미있게 했엇다 학교끝나고 폴아웃4 키는게 일상일정도로 오픈월드를 좋아하는 유저로써는 최고의 게임이 아닌가 싶다 스토리도 맘에들고 엔딩도 선택할수있어서 좋앗고 내 선택에따라 스토리도 달라지니 이런 갓겜이 또.. 아쉬운 잔버그들이 있지만 눈감아 줄만할정도 10/9.5,오픈월드 게임 중 에 모드 안 쓰 고해 도 재밌는 갓 겜 폴아웃 3 를 안 해봐서 3 가 얼마나 재밌는지 모르겠지만 폴아웃 4 부터 시 작 한나 는 상당히 재미있게 했엇다 학교 끝나고 폴아웃 4 키 는 게 일상 일정 도로 오픈월드 를 좋아하는 유저 로써 는 최고 의 게임 이 아닌가 싶다 스토리 도 맘 에 들고 엔딩 도 선택 할수있어서 좋앗고 내 선택 에 따라 스토리 도 달라지니 이런 갓 겜 이 또 .. 아쉬운 잔 버그 들 이 있지만 눈감아 줄 만 할 정도 10/9 . 5,2016-12-18 01:04:36
377160,Fallout 4,positive,GOD GAME,GOD GAME,2016-12-17 02:00:13
377160,Fallout 4,positive,"이 게임은 제 폴아웃 시리즈에서 첫만남이었습니다 그래서였을까요. 모든것이 마음에 들었습니다. (사실 아무리 찾아봐도 게임이 와닿지않아서 복돌로 했다가 뿅가버렸습니다.) {현재 오리지널게임+시즌패스 구매} 좋았던점- 게이머가 게임속 세계관, 스토리에 자신만의 스타일로 깊게 파고들어 즐기기 쉽다. 수많은 무기와 그리고 무기 하나하나에 해당하는 기본 2가지이상, 최대 약 7가지에 다다르는 무기옵션(마개조)들. 낙진속의 심즈. 빌리징 시스템과 지역방어, 지역찾기가 마음에 들었습니다. 파워아머라는게 이렇게 간지 칙칙폭폭 이었","이 게임 은 제 폴아웃 시리즈 에서 첫 만남 이었습니다 그래서 였을까요 . 모든 것 이 마음 에 들었습니다 . ( 사실 아무리 찾아봐도 게임 이 와 닿지 않아서 복돌 로 했다가 뿅 가버렸습니다 .) { 현재 오 리지 널 게임 + 시즌 패스 구매 } 좋았던 점 - 게이머 가 게임 속 세계관 , 스토리 에 자신 만의 스타일 로 깊게 파고들어 즐기기 쉽다 . 수많은 무기 와 그리고 무기 하나 하나 에 해당 하는 기본 2 가지 이상 , 최대 약 7 가지 에 다다르는 무기 옵션 ( 마개 조 ) 들 . 낙진 속 의 심즈 . 빌리 징 시스템 과 지역 방어 , 지역 찾기 가 마음 에 들었습니다 . 파워 아 머 라는 게 이렇게 간지 칙칙폭폭 이었",2016-12-13 05:38:40
377160,Fallout 4,positive,이쁘고 강한 엄마가 자기애를 구하기 위하여... 이미멸망한 인류를 폭망시키는 풀아웃 4입니다.. 우리 애엄마(혹은 아빠)는 마을을 구축하고 정착하며 유대관계를 형성하길 바라는 게임이지만.. 우린 결국 모드깔고 마을이라는 이름의 전투병기들이 가득한 궁극 요세에 정신나간 애엄마(혹은 아빠)가 대륙을 평정하는걸 보고 있겠지..... 세상살기 힘든부모님이 바람이 된다는 이야기..,이쁘고 강한 엄마 가 자기애 를 구 하기 위 하여 ... 이미 멸망한 인류 를 폭망 시키는 풀 아웃 4 입니다 .. 우리 애 엄마 ( 혹은 아빠 ) 는 마을 을 구축 하고 정착 하며 유대 관계 를 형성 하길 바라는 게임 이지만 .. 우린 결국 모드 깔고 마을 이라는 이름 의 전투 병기 들 이 가득한 궁극 요 세 에 정신 나간 애 엄마 ( 혹은 아빠 ) 가 대륙 을 평정하는걸 보고 있겠지 ..... 세상 살기 힘든 부모님 이 바람 이 된다는 이야기 ..,2016-12-12 20:40:56
377160,Fallout 4,positive,프레스턴 길막ㅡㅡ,프레스턴 길막 ㅡㅡ,2016-12-11 12:50:08
377160,Fallout 4,positive,그만 좀 튕겨 철벽겜아,그만 좀 튕겨 철벽겜 아,2016-12-10 17:46:19
377160,Fallout 4,positive,Fallout은 진리입니다. 빨리 DLC들이 빵빵 나와주었으면 해요,Fallout 은 진리 입니다 . 빨리 DLC 들이 빵빵 나와주었으면 해 요,2016-12-10 10:07:28
377160,Fallout 4,positive,존나 사랑하던 폴아웃을 4지선다 답정너 게임으로 만들어놨다. 존나 망겜이 된걸 알지만 그래도 시즌패스 까지 샀다. 대화 선택지를 늘리는게 그렇게 귀찮았냐. 무슨 상하좌우 성애자가 만든것도 아니고. 그나마 선택지도 결국엔 네 아니오 뿐인데다가 슈발 대화 하기 귀찮으면 그냥 아래키만 누르면됨.,존나 사랑 하던 폴아웃 을 4 지선 다 답정너 게임 으로 만들어놨다 . 존나 망겜 이 된 걸 알 지만 그래도 시즌 패스 까지 샀다 . 대화 선택 지를 늘리는게 그렇게 귀찮았냐 . 무슨 상하좌우 성애자 가 만든것도 아니고 . 그나마 선택 지도 결국 엔 네 아니오 뿐인데다가 슈발 대화 하기 귀찮으면 그냥 아래 키 만 누르면 됨 .,2016-12-10 01:53:43
377160,Fallout 4,positive,"50% 이상 세일할때 산다는 가정하에 추천합니다. 정말 rpg 덕후라거나 폴아웃 시리즈는 무조건 산다는 사람 아니면 할인할 때 사세요. 뒤로 갈 수록 똑같은 패턴의 전투,점령 미션에 급속도로 지루해지기 시작합니다. 어떤 미션을 받던 '아 이제 또 어느 건물이나 벙커에 들어가서 싹쓸이 전투를 하겠구나' 싶어집니다.스카이림도 그런 점은 마찬가지지만 적어도 경치 구경 하는 맛이라도 있죠. 이 게임의 배경은 방사능 떡진 황폐한 세상입니다. 개인적으로는 최신 게임 치고는 좀 조악한 그래픽이지만 나름 B급 필을 잘 살린 점은 좋았습니다만 그","50% 이상 세 일 할 때 산다 는 가정 하 에 추천 합니다 . 정말 rpg 덕후 라거 나 폴아웃 시리즈 는 무조건 산다 는 사람 아니면 할인 할 때 사세요 . 뒤 로 갈 수록 똑같은 패턴 의 전투 , 점령 미션 에 급속도 로 지루해지기 시작 합니다 . 어떤 미션 을 받던 ' 아 이제 또 어느 건물 이나 벙커 에 들어가서 싹 쓸이 전투 를 하겠구나 ' 싶어 집니다 . 스카이림 도 그런 점 은 마찬가지 지만 적어도 경치 구경 하는 맛 이라도 있죠 . 이 게임 의 배경 은 방사 능 떡진 황폐 한 세상 입니다 . 개인 적 으로는 최신 게임 치고는 좀 조악한 그래픽 이지만 나름 B 급 필 을 잘 살린 점 은 좋았습니다만 그",2016-12-08 23:08:01
377160,Fallout 4,positive,내 인생이 뒤틀리기 시작한 게임입니다. 망할 베데스다.....,내 인생 이 뒤틀리기 시작 한 게임 입니다 . 망할 베데스다 .....,2016-12-08 00:34:32
377160,Fallout 4,positive,전체적으로 놀이동산이라는 배경을 무지하게 잘 살린 디엘시라고 말할수있겠습니다 다만 커먼웰스로 침공하기 전까지만 말이죠 게이지의 퀘스트에 얼떨결에 예스맨이 된뒤로 직접공들여 지은 정착지를 하나 초토화시키고 가비한테 가보니 정치를 대국적으로 하셔야지 말입니다! 하며 꼴도 보기 싫다고 꺼지랍니다 이럴려고 미닛맨의 장군이 되었나 자괴감 들고 괴로워서 다시 롤백한뒤에 시건방진 레이더들에게 참교육을 시켜주며 정의구현을 해주었답니다 퀘스트? 그거 먹는건가염 결론: 정의구현 퀘스트가 있어서 따봉드립니다,전체 적 으로 놀이동산 이라는 배경 을 무지하게 잘 살린 디 엘시 라고 말 할수있겠습니다 다만 커먼웰스 로 침공 하기 전 까지만 말 이 죠 게이지 의 퀘스트 에 얼떨결 에 예스맨 이 된 뒤 로 직접 공 들 여 지은 정착 지를 하나 초토화 시키고 가비 한테 가보니 정치 를 대 국적 으로 하셔야지 말 입니다 ! 하며 꼴도 보기 싫다고 꺼지랍니다 이럴려고 미닛맨 의 장군 이 되었나 자괴 감 들고 괴로워서 다시 롤백 한 뒤 에 시건방진 레이더 들 에게 참 교육 을 시켜주며 정의 구현 을 해주었답니다 퀘스트 ? 그거 먹는건 가염 결론 : 정의 구현 퀘스트 가 있어서 따 봉 드립니다,2016-12-06 17:18:22
377160,Fallout 4,positive,굿굿굿,굿굿굿,2016-12-05 04:09:39
377160,Fallout 4,positive,갓 - 겜,갓 - 겜,2016-12-04 12:56:02
377160,Fallout 4,positive,"심오한 스토리, 깊이있는 세계관, 파도파도 끝이없는 모험요소들 !","심오한 스토리 , 깊이 있는 세계관 , 파도 파도 끝 이 없는 모험 요소 들 !",2016-12-03 11:09:39
377160,Fallout 4,positive,"욕도 이래저래 많이 먹고 실제로도 문제점이 많은 게임이지만 역시 폴아웃은 폴아웃이다 분하게도 재밌음을 인정하지 않을 수가 없다 전투나 빌리징 스토리등 사실 재미없는 것이 하나도 없다 많은사람들이 창렬로 뽑는 DLC도 시즌패스를 g2a에서 2만원이면 구입할 수 있다 DLC들이 아무리 창렬이래도 전부 합쳐 2만원 값은 한다고 생각한다 이번에는 참고 넘어가지만 그래도 다음 폴아웃에서는 문제점들이 해결됐으면 좋겠다 낡은엔진, 구린최적화, 수많은버그, 창렬DLC, 퇴화된 대화시스템 등등","욕 도 이래저래 많이 먹고 실제 로 도 문제점 이 많은 게임 이지만 역시 폴아웃 은 폴아웃 이다 분하게도 재밌 음 을 인정 하지 않을 수가 없다 전투 나 빌리 징 스토리 등 사실 재미없는 것 이 하나 도 없다 많은 사람 들 이 창렬 로 뽑는 DLC 도 시즌 패스 를 g 2 a 에서 2만원 이면 구입 할 수 있다 DLC 들이 아무리 창렬 이래도 전부 합쳐 2만원 값 은 한다고 생각 한다 이번 에는 참고 넘어가지만 그래도 다음 폴아웃 에서는 문제점 들 이 해결 됐으면 좋겠다 낡은 엔진 , 구린 최적화 , 수많은 버그 , 창렬 DLC , 퇴화 된 대화 시스템 등등",2016-12-03 06:01:39
377160,Fallout 4,positive,싸펑2077 VS 폴아웃4 간단비교 AI 2020년도에 나온거라고 생각이 안드는 싸펑2077의 AI는 15년도에 나온 폴아웃4하고 비교하면 정말로 비참하다 시민AI 전투 AI 15년도에 나온 폴아웃4보다 정말로 안좋다고 할수가 있다 뭔말인지 모르겠다면 싸펑 2077 사놓고 2시간 찍먹후 환불하면 뭔말인지 암 전투 싸펑2077은 초반 전투가 총알스폰지로 이루어져있고 폴아웃4는 난이도만 안올린다면 그런일은 없다 싸펑2077은 후반부까지 전투에 변화를 주는 적이 없다면 폴아웃4는 그런구성이라도 가지고 있다 그래픽 사실 이게 애,싸펑 2077 VS 폴아웃 4 간단 비교 AI 2020년 도에 나온거라고 생각 이 안 드는 싸펑 2077 의 AI 는 15년 도에 나온 폴아웃 4 하고 비교 하면 정말로 비참하다 시민 AI 전투 AI 15년 도에 나온 폴아웃 4 보다 정말로 안좋다고 할수가 있다 뭔 말 인지 모르겠다면 싸펑 2077 사놓고 2시간 찍 먹 후 환불 하면 뭔 말 인지 암 전투 싸펑 2077 은 초반 전투 가 총알 스폰지 로 이루어져있고 폴아웃 4 는 난이도 만 안 올린다면 그런 일 은 없다 싸펑 2077 은 후반 부 까지 전투 에 변화 를 주는 적 이 없다면 폴아웃 4 는 그런 구성 이라도 가지 고 있다 그래픽 사실 이 게 애,2016-12-02 22:32:52
377160,Fallout 4,positive,"아무리 욕을 먹고있다지만, 여전히 재미있는 오픈월드 게임 스카이림이라는 거대한 산때문에 그걸 못넘은 것 때문에 아쉬울 뿐...단 DLC는 좀 맞아야됨. 스카이림 DLC에서 좀 보고 배우면 안되었나... 본편에서 자세하게 설명되지 않은 조직들로 스토리 짜도 이거보단 나았을듯.","아무리 욕 을 먹고있다지만 , 여전히 재미있는 오픈월드 게임 스카이림 이라는 거대한 산 때문 에 그걸 못 넘은 것 때문 에 아쉬울 뿐 ... 단 DLC 는 좀 맞아야 됨 . 스카이림 DLC 에서 좀 보고 배우면 안되었나 ... 본 편 에서 자세하게 설명 되지 않은 조직 들 로 스토리 짜도 이 거 보단 나았을듯 .",2016-12-01 10:27:35
377160,Fallout 4,positive,시간가는줄 모르고 하는 게임,시간 가는줄 모르고 하는 게임,2016-11-30 23:37:00
377160,Fallout 4,positive,정말 보통아닌 게임입니다. 정말 이 정도로 현실고증에 충실한 게임도 없고 이 정도로 몰입이 잘 되는 게임도 없으며 이 정도로 사람들의 심정을 표현한 게임도 없을 정도죠. ....없다기보단 적은 거지만 아무튼 강추드립니다!,정말 보통 아닌 게임 입니다 . 정말 이 정도 로 현실 고증 에 충실한 게임 도 없고 이 정도 로 몰입 이 잘 되는 게임 도 없으며 이 정도 로 사람 들 의 심정 을 표현 한 게임 도 없을 정도 죠 . .... 없 다기 보단 적은 거지 만 아무튼 강추 드립니다 !,2016-11-30 21:19:43
377160,Fallout 4,positive,Free life~!!,Free life ~!!,2016-11-30 20:50:46
377160,Fallout 4,positive,재미있다,재미있다,2016-11-30 17:10:41
377160,Fallout 4,positive,please stand by,please stand by,2016-11-29 22:33:18
377160,Fallout 4,positive,"좋은 게임성, 좋은 소재, 막장 스토리","좋은 게임 성 , 좋은 소재 , 막장 스토리",2016-11-29 21:50:54
377160,Fallout 4,positive,DLC가 본게임보다 비싸,DLC 가 본 게임 보다 비싸,2016-11-29 21:36:54
377160,Fallout 4,positive,처음사는 스팀게임이였는데 정말재밌는거같다,처음 사는 스팀 게임 이 였는데 정말 재밌는거 같다,2016-11-29 20:55:00
377160,Fallout 4,positive,몰입력 ★★★★☆ 그래픽★★★★☆ 인터페이스★★★☆☆ 스토리★★★★☆,몰입 력 ★★★★☆ 그래픽 ★★★★☆ 인터페이스 ★★★☆☆ 스토리 ★★★★☆,2016-11-29 18:59:17
377160,Fallout 4,positive,다들 이전 시리즈보단 별로다 이런 이야기도 있지만 전투면에서 많은 발전이 있었고 게임자체도 나쁘지 않았습니다 예구할때 시즌패스까지 했지만 돈아깝다는 생각은 없어요,다 들 이전 시리즈 보단 별로 다 이런 이야기 도 있지만 전투 면 에서 많은 발전 이 있었고 게임 자체 도 나쁘지 않았습니다 예 구 할 때 시즌 패스 까지 했지만 돈 아깝다는 생각 은 없어요,2016-11-29 18:20:45
377160,Fallout 4,positive,적지 않은 사람이 이 게임에 혹평을 남기는데 나는 나쁘지 않다! 건축 미션 그리고 레벨업!!!,적지 않은 사람 이 이 게임 에 혹평 을 남기는데 나 는 나쁘지 않다 ! 건축 미션 그리고 레벨 업 !!!,2016-11-29 14:23:27
377160,Fallout 4,positive,겹눈벌레 무서워..,겹눈 벌레 무서워 ..,2016-11-29 14:08:27
377160,Fallout 4,positive,한시간하고 쓰리디 멀미때문에 환불했습니다...재미는 있었습니다,한 시간 하고 쓰리디 멀미 때문 에 환불 했습니다 ... 재미 는 있었습니다,2016-11-29 12:45:56
377160,Fallout 4,positive,긴플레이타임,긴 플레이 타임,2016-11-29 03:31:29
377160,Fallout 4,positive,아쉬운 스토리... 하지만 최고!,아쉬운 스토리 ... 하지만 최고 !,2016-11-28 22:24:16
377160,Fallout 4,positive,세기말에 즐기는 탐험과 아들을 찾아나서는 가족애!,세기말 에 즐기는 탐험 과 아들 을 찾아 나서는 가족 애 !,2016-11-28 22:12:37
377160,Fallout 4,positive,-1950년대 사람들이 상상했던 2000년대- 솔직히 50년대 감성과 당시 만연했던 핵만능주의랑 매카시즘같은 각종 사회풍자는 폴아웃4가 제일 잘 담아냈다고 생각한다. 오히려 폴아웃3나 뉴베가스(게임성은 뉴베가스가 최고 ) 가 분위기면에서 더 떨어지는듯. 그러므로 추천,- 1950년 대 사람 들 이 상상 했던 2000년 대 - 솔직히 50년 대 감성 과 당시 만연했던 핵 만능 주의 랑 매카시즘 같은 각종 사회 풍자 는 폴아웃 4 가 제일 잘 담아 냈다고 생각 한다 . 오히려 폴아웃 3 나 뉴 베가스 ( 게임 성은 뉴 베가스 가 최고 ) 가 분위 기면 에서 더 떨어지는듯 . 그러므로 추천,2016-11-28 22:05:25
377160,Fallout 4,positive,일단이게임 주인공의 적응력은 대단하다고본다 쨋든 재미있다,일단 이 게임 주인공 의 적응력 은 대단하다고 본다 쨋 든 재미있다,2016-11-28 21:51:18
377160,Fallout 4,positive,한글이 안되는점이 아쉽네요,한글 이 안되는 점 이 아쉽네요,2016-11-28 21:11:37
377160,Fallout 4,positive,항상 다시 깔게 만드는 fallout!!,항상 다시 깔게 만드는 fallout !!,2016-11-28 19:38:06
377160,Fallout 4,positive,가을출타=필수게임,가을 출타 = 필수 게임,2016-11-28 19:36:12
377160,Fallout 4,positive,폴아웃의 재미는 여전하지만 전작과는 다른 대화 시스템 칼질당해버린 찰진욕 그럼에도 불구하고 폴아웃4라는게임은 충분히 재밌다하지만 단점이라면 단점 DLC가 많이 아쉽다 정작 스토리 위주로간 DLC는 2편밖에 없으며 그래놓고선 DLC통합팩에 원가 60000원이라는 엄청난 가격을 이룬다 그러니 왠만히 돈이 많지 않다면 본편만 사기를 추천한다 돈이 많지 안음에도 DLC를 사고싶다면 누카월드를 추천한다 파하버보다 재밌게 하였다. 꼭구매해보길 추천한다. 물론 세일날 결론:잉야잉야하는 모드는 언제쯤 제대로 나오나요?,폴아웃 의 재미 는 여전하지만 전작 과는 다른 대화 시스템 칼질 당해 버린 찰진 욕 그럼에도 불구 하고 폴아웃 4 라는 게임 은 충분히 재밌다하지만 단점 이 라면 단점 DLC 가 많이 아쉽다 정작 스토리 위주 로간 DLC 는 2 편 밖에 없으며 그래놓고선 DLC 통합 팩 에 원가 60000원 이라는 엄청난 가격 을 이룬다 그러니 왠만히 돈 이 많지 않다면 본 편 만 사기 를 추천 한다 돈 이 많지 안음에도 DLC 를 사고싶다면 누카 월드 를 추천 한다 파 하버 보다 재밌게 하였다 . 꼭 구매 해보길 추천 한다 . 물론 세 일 날 결론 : 잉야잉 야하는 모드 는 언제 쯤 제대로 나오나요 ?,2016-11-28 18:50:28
377160,Fallout 4,positive,넘 재미있음.,넘 재미있음 .,2016-11-28 17:33:15
377160,Fallout 4,positive,남들이 머라하던 재 기준에서는 최고의 게임입니다,남 들 이 머 라 하던 재 기준 에서는 최고 의 게임 입니다,2016-11-28 17:29:33
377160,Fallout 4,positive,Time Killer,Time Killer,2016-11-28 11:27:46
377160,Fallout 4,positive,내가 가장 오랫동안 한 게임. 아직도 하고 있는 게임. 앞으로도 할 것 같은 게임.,내 가 가장 오랫동안 한 게임 . 아직도 하고 있는 게임 . 앞 으로도 할 것 같은 게임 .,2016-11-28 11:21:46
377160,Fallout 4,positive,베데스다 특유의 유니크 무기시스템으로 더럽혀지지만 않았다면 탄종 시스템도 살았을텐데.. 하지만 완벽.,베데스다 특유 의 유니크 무기 시스템 으로 더럽혀지지만 않았다면 탄 종 시스템 도 살았을텐데 .. 하지만 완벽 .,2016-11-27 23:53:05
377160,Fallout 4,positive,재미있어 보이지만 인텔 그래픽카드라 못돌림....,재미있어 보이 지만 인텔 그래픽카드 라 못 돌림 ....,2016-11-27 21:50:43
377160,Fallout 4,positive,모드랑 같이 하는 게임,모드 랑 같이 하는 게임,2016-11-27 21:26:17
377160,Fallout 4,positive,정말 재밌게 했던 게임,정말 재밌게 했던 게임,2016-11-27 17:24:44
377160,Fallout 4,positive,재미있어요!!,재미있어요 !!,2016-11-27 17:21:04
377160,Fallout 4,positive,거의 반영구적으로 즐길수 있는 게임이 아닐까 깰 수 있는 퀘스트의 가지수가 너무 많아서 하고싶을때까지 즐기시면 됩니다.폴아웃 하세요 두번하세요,거의 반영구 적 으로 즐길수 있는 게임 이 아닐까 깰 수 있는 퀘스트 의 가지 수가 너무 많아서 하고싶을 때 까지 즐기시면 됩니다 . 폴아웃 하세요 두 번하세요,2016-11-27 17:18:08
377160,Fallout 4,positive,good,good,2016-11-27 16:32:14
377160,Fallout 4,positive,"게임을 시작하기 전부터 어떤 모드를 찾아봐야 하는지 걱정하게 되는 베데스다의 게임, 폴아웃입니다. 베데스다류 알피지 답게 게임 자체는 정말 재미 있습니다. 그러나 이녀석들은 도대체 시리즈를 몇번이고 반복해도 계속해서 고쳐지질 않는 버그들과 스카이림보다 퇴화된 시점, 조작감은 어쩔 수가 없군요.","게임 을 시작 하기 전 부터 어떤 모드 를 찾아봐야 하는지 걱정 하게 되는 베데스다 의 게임 , 폴아웃 입니다 . 베데스다 류 알피 지 답 게 게임 자체 는 정말 재미 있습니다 . 그러나 이 녀석 들 은 도대체 시리즈 를 몇번 이고 반복 해도 계속 해서 고쳐지질 않는 버그 들 과 스카이림 보다 퇴화 된 시점 , 조작 감은 어쩔 수가 없군요 .",2016-11-27 14:35:25
377160,Fallout 4,positive,시리즈의 3편을 플레이했던 경험에 비하여 박한 평가가 본편에 많은지라 구매할때 잠깐 고민을 하게 만들었는데 퇴근 후에 시간만 있다면 틈틈히 플레이하게되고 그렇지 않을때 자꾸만 생각나게 되는 묘한 게임입니다. RPG요소를 대폭 축소시키고 폴아웃 특유의 카르마 시스템을 삭제하거나 대화를 통한 플레이방식의 애매한 축소방향은 기존 시리즈 플레이때의 느낌에서 동떨어짐을 느끼게는 하나 총을쏘고 피하고 투척물을 던지는 등의 플레이 메카닉이 개인적으로 상당히 잘 만들어졌다고 느껴지기 때문에 즐겁게 플레이하고 있습니다.또한 모든 NPC가 그런것은,시리즈 의 3 편 을 플레이 했던 경험 에 비 하여 박한 평가 가 본 편 에 많은지라 구매 할 때 잠깐 고민 을 하게 만들었는데 퇴근 후 에 시간 만 있다면 틈틈히 플레이 하게되 고 그렇지 않을 때 자꾸만 생각나게 되는 묘 한 게임 입니다 . RPG 요소 를 대폭 축소 시키고 폴아웃 특유 의 카르마 시스템 을 삭제 하 거나 대화 를 통한 플레이 방식 의 애매한 축소 방향 은 기존 시리즈 플레이 때 의 느낌 에서 동떨어짐을 느끼게는 하나 총 을 쏘고 피하 고 투척 물 을 던지는 등 의 플레이 메카 닉 이 개인 적 으로 상당히 잘 만들어졌다고 느껴지기 때문 에 즐겁게 플레이 하고 있습니다 . 또한 모든 NPC 가 그런 것 은,2016-11-27 14:23:30
377160,Fallout 4,positive,뉴베가스보다는 떨어지는데 못해먹을건 아님 ㄹㅇ 갓겜 늒베가스 하세요,뉴 베가스 보다는 떨어지는데 못 해 먹을건 아님 ㄹㅇ 갓 겜 늒 베가스 하세요,2016-11-27 14:22:52
377160,Fallout 4,positive,기대했고 재미있었지만 실망도 큰작품,기대했고 재미있었지만 실망 도 큰 작품,2016-11-27 13:53:23
377160,Fallout 4,positive,god game,god game,2016-11-27 13:51:58
377160,Fallout 4,positive,성가신 버그에도 불구하고 플레이 하게되는 작품,성가신 버그 에도 불구 하고 플레이 하게 되는 작품,2016-11-27 12:58:18
377160,Fallout 4,positive,"아무리 빠심으로라도 스토리는 도저히 쉴드를 못 치겠습니다. 그정도로 스토리 부분에 있어서는 병신쓰레기입니다. DLC도 진짜 너무나도 충격적인데, 3나 뉴베가스에서 볼 수 있었던 재밌고 탄탄한 스토리 DLC가 4에선 파 하버말고는 없고, 그 외 나머지 DLC들 구성도 진짜 절망적입니다. 스토리랑 DLC가 정말 같은 시리즈가 맞나싶을정도로 마음에 안 들지만, 지금와서 3나 베가스를 하기엔 두 게임 모두 너무 오래된것들이라 4를 하게되네요...","아무리 빠심 으로라도 스토리 는 도저히 쉴드 를 못 치겠습니다 . 그 정도 로 스토리 부분 에 있어서는 병신 쓰레기 입니다 . DLC 도 진짜 너무나도 충격 적 인데 , 3 나 뉴 베가스 에서 볼 수 있었던 재밌고 탄탄한 스토리 DLC 가 4 에선 파 하버 말고는 없고 , 그 외 나머지 DLC 들 구성 도 진짜 절망 적 입니다 . 스토리 랑 DLC 가 정말 같은 시리즈 가 맞나싶을 정도 로 마음 에 안 들지만 , 지금 와 서 3 나 베가스 를 하기엔 두 게임 모두 너무 오래된것 들이라 4 를 하게 되네요 ...",2016-11-27 12:16:47
377160,Fallout 4,positive,적당히 싱글만 즐기기 좋음 다만 최적화가 좀 안좋음 그래픽이 좋은수준이 아니지만 고사양을 요구함.,적당히 싱글 만 즐기기 좋음 다만 최적화 가 좀 안좋음 그래픽 이 좋은 수준 이 아니지만 고 사양 을 요 구함 .,2016-11-27 12:15:11
377160,Fallout 4,positive,1시간만 해야지 했는데 정말 날이 밝아오고 시간이 잘간다.,1시간 만 해야지 했는데 정말 날 이 밝아오고 시간 이 잘 간다 .,2016-11-27 12:12:06
377160,Fallout 4,positive,갓갓갓4,갓 갓 갓 4,2016-11-27 11:46:25
377160,Fallout 4,positive,갓갓갓,갓 갓 갓,2016-11-27 11:25:59
377160,Fallout 4,positive,뉴베가스보다는 이야기 전개가 아쉽습니다. 뉴베가스에 느꼈던 선과 악의 모호함이라든지 선택전의 고민이라든지 하는것이 없네요. 그런데 재미있습니다. 모험하는 맛이 나요. 특히 음악이 너무 좋습니다. ㅅ,뉴 베가스 보다는 이야기 전개 가 아쉽습니다 . 뉴 베가스 에 느꼈던 선 과 악의 모호함이라든지 선택 전의 고민 이라든지 하는것이 없네요 . 그런데 재미있습니다 . 모험 하는 맛 이 나요 . 특히 음악 이 너무 좋습니다 . ㅅ,2016-11-27 11:03:57
377160,Fallout 4,positive,asdadasdasdsadsadasdasdasdasdsadasd,asdadasdasdsadsadasdasdasdasdsadasd,2016-11-27 10:19:08
377160,Fallout 4,positive,"아포칼립스의 한 종류의 게임, 핵전쟁 이후의 모습을 아주 잘보여주고있고 현실과는 많이 멀지만 왠지 핵전쟁으로 저런 모습이 보일거 같다는 느낌","아포칼립스 의 한 종류 의 게임 , 핵전쟁 이후 의 모습 을 아주 잘 보여주고있고 현실 과는 많이 멀지만 왠지 핵전쟁 으로 저런 모습 이 보일거 같다는 느낌",2016-11-27 07:55:34
377160,Fallout 4,positive,오랜만에 할때 즐겁게 할수있는 게임,오랜 만 에 할 때 즐겁게 할수있는 게임,2016-11-27 05:15:19
377160,Fallout 4,positive,스카이림에 비해서 베데스다 치곤 버그가 없는건아니지만 잘만들었다.그래픽도 최고로좋다.. 근데 왜 옥상에서 아래만보면 버벅대는지 모르겠다. 많이 힘들었던건 퀘스트 깨러 마을에 가서 구울만나고 싸우다보면 갑자기 로켓이 날아와서 뒤지는게 한두번이아니다 어이가없이 뒤져서 싸우기직전에 세이브 하는 나는 게임하기 30분전으로 돌아가 다시 시작 해야만했다..,스카이림 에 비 해서 베데스다 치곤 버그 가 없는건 아니지만 잘 만들었다 . 그래픽 도 최고 로 좋다 .. 근데 왜 옥상 에서 아래 만 보면 버벅대는지 모르겠다 . 많이 힘들었던건 퀘스트 깨러 마을 에 가서 구울 만나고 싸우다 보면 갑자기 로켓 이 날아와서 뒤지는게 한두 번 이 아니다 어이 가 없이 뒤져서 싸우기 직전 에 세이브 하는 나 는 게임 하기 30분 전으로 돌아가 다시 시작 해야만 했다 ..,2016-11-27 04:24:59
377160,Fallout 4,positive,nice game,nice game,2016-11-27 02:39:09
377160,Fallout 4,positive,^0^,^ 0 ^,2016-11-27 00:43:49
377160,Fallout 4,positive,470시간 이상 잡은 게임 대체로 훌륭함,470시간 이상 잡은 게임 대체로 훌륭함,2016-11-27 00:11:23
377160,Fallout 4,positive,스토리를 다꺴다 싶으면 넥서스(모드 구동기)를 이용하여 모드를 적용시켜서 해보세요색다른(?) 차원을 맞보게 됩니다,스토리 를 다꺴다 싶으면 넥서스 ( 모드 구 동기 ) 를 이용 하여 모드 를 적용 시켜서 해보세요 색다른 (?) 차원 을 맞 보게 됩니다,2016-11-26 23:41:00
377160,Fallout 4,positive,이게임은 대반전..,이 게임 은 대 반전 ..,2016-11-26 23:18:36
377160,Fallout 4,positive,Good game.,Good game .,2016-11-26 22:35:50
377160,Fallout 4,positive,확실히 전작에 비해 욕먹는 부분이 없잖아 있기도하고 DLC 때문에 욕을 무쟈게 먹고 있기는 하지만 그래도 이름값 하는 게임. 현제 쫌 부족하기는 하나 그래도 왠만한 모드는 다 나와있는 상황이라 스카 이림 모드질 재밋게 하셧던 분들이면 재밋게 하실 수 있을겁니다. 컨텐츠 및 플레이 시간은 괜춘한 편 이지만 제 값 주고 사기에는 쫌 아까운 느낌? 참고로 DLC는 스토리 늘려주는 파하버 오토마트론 뉴 카 (플레이 시간에 비해 다 비싸 다는게 함정ㅎㄷㄷ)빼고는 다 쓸대 없습니다. 걍 모드 받아서 하는게 더 깔끔해요ㅋㅋ.,확실히 전작 에 비해 욕먹는 부분 이 없잖아 있 기도 하고 DLC 때문 에 욕 을 무쟈 게 먹고 있기는 하지만 그래도 이름 값 하는 게임 . 현 제 쫌 부족하기는 하나 그래도 왠만한 모드 는 다 나와있는 상황 이라 스카 이 림 모드 질 재밋 게 하셧던 분 들 이면 재밋 게 하실 수 있을 겁니다 . 컨텐츠 및 플레이 시간 은 괜춘 한 편 이지만 제 값 주고 사기 에는 쫌 아까운 느낌 ? 참고 로 DLC 는 스토리 늘려주는 파 하버 오 토마 트론 뉴 카 ( 플레이 시간 에 비해 다 비싸 다는게 함정 ㅎㄷㄷ ) 빼고는 다 쓸대 없습니다 . 걍 모드 받아서 하는게 더 깔끔해요 ㅋㅋ .,2016-11-26 21:10:43
377160,Fallout 4,positive,21세기에 만들 수 있는 걸작이있다면 바로 폴아웃4다. 그러니 모두 인스티튜트에 가입하여 엔딩을 보도록 하자. 그러나 나는 아닌 신스.,21 세기 에 만들 수 있는 걸작 이 있다면 바로 폴아웃 4 다 . 그러니 모두 인스티튜트 에 가입 하여 엔딩 을 보도록 하자 . 그러나 나 는 아닌 신스 .,2016-11-26 20:04:51
377160,Fallout 4,positive,우스꽝스러운 얼굴을 한 볼트친구를 보고 선입견을 가지지 마십시오. 여러분은 골수유저들 사이에도 낄수있는 자격이 있습니다. 특히 이 갓겜 폴아웃4는 스카이림처럼 오픈월드에 중얼중얼. 세일중이면 걍 사서 하세요 당장! 모드들도 꿀잼많아서 ㄹㅇ 창조경제게임.,우스꽝스러운 얼굴 을 한 볼트 친구 를 보고 선입견 을 가지 지 마십시오 . 여러분 은 골수 유저 들 사이 에도 낄수있는 자격 이 있습니다 . 특히 이 갓 겜 폴아웃 4 는 스카이림 처럼 오픈월드 에 중얼중얼 . 세 일 중이 면 걍 사서 하세요 당장 ! 모드 들 도 꿀잼 많아서 ㄹㅇ 창조경제 게임 .,2016-11-26 19:21:59
377160,Fallout 4,positive,이 게임을 할때는 무조건 로딩할때 감사 팀왈도를 외친다 번역해준 팀왈도 사랑합니다,이 게임 을 할 때 는 무조건 로딩 할 때 감사 팀 왈도 를 외친다 번역 해준 팀 왈도 사랑 합니다,2016-11-26 15:22:29
377160,Fallout 4,positive,very well,very well,2016-11-26 13:22:02
377160,Fallout 4,positive,또 다시 같은 엔진을 우려 먹는다면 다음 폴아웃은 사지 않을 것이다. 물론 이번 폴아웃4는 추천.,또 다시 같은 엔진 을 우려 먹는다면 다음 폴아웃 은 사지 않을 것 이다 . 물론 이번 폴아웃 4 는 추천 .,2016-11-26 13:05:20
377160,Fallout 4,positive,전작에 좀 못미치는감이 있지만 그래도 폴아웃이다,전작 에 좀 못 미치는 감 이 있지만 그래도 폴아웃 이다,2016-11-26 12:53:17
377160,Fallout 4,positive,"베데스다가 폴아웃 시리즈 과거작들의 단점을 오래된 엔진과 최적화, 치명적인 버그들 빼고 거의 완벽하다시피 보완한 4편을 출시 했다. 사망선고 직전의 게임브리오 기반 엔진을 가지고 단순히 휠체어에 앉히고 생명유지장치만 단 것이 아니라 휠체어에 로켓 부스터를 달아놨다. 게임상의 모든 살아움직이는것들의 모션이 전작들에 비해 비약적으로 발전하였고 타격감과 전투에 있어서도 다트놀이 하던 기분 이었던 전작들과는 비교불가다. 또한 이번작에선 주인공의 목소리를 녹음함으로써 npc와의 대화에서 몰입도를 더욱 높였다. 그러나 엔진을 울궈","베데스다 가 폴아웃 시리즈 과거 작 들 의 단점 을 오래된 엔진 과 최적화 , 치명 적 인 버그 들 빼고 거의 완벽하다시피 보완 한 4 편 을 출시 했다 . 사망 선고 직전 의 게임브리오 기반 엔진 을 가지 고 단순히 휠체어 에 앉히고 생명 유지 장치 만 단 것 이 아니라 휠체어 에 로켓 부스터 를 달아놨다 . 게임상 의 모든 살 아 움직이는것 들의 모션 이 전작 들 에 비해 비약 적 으로 발전 하였고 타 격감 과 전투 에 있어서도 다트 놀이 하던 기분 이었던 전작 들 과는 비교 불가 다 . 또한 이 번작 에선 주인공 의 목소리 를 녹음 함 으로써 npc 와의 대화 에서 몰입도 를 더욱 높였다 . 그러나 엔진 을 울궈",2016-11-26 11:34:46
377160,Fallout 4,positive,한국어 패치가 필요하지만 꿀잼 갓겜,한국어 패치 가 필요하지만 꿀잼 갓 겜,2016-11-26 11:30:45
377160,Fallout 4,positive,"여러 팩션의 동료들을 모집하고 플레이스타일에 따라 달라지는 경험은 분명 매력적이지만, 중간에 느낄 수 있는 차이점의 부재 면이나 대화에서는 조금 안타까운 부분이 있습니다. 그렇지만 탐험할 수 있는 지역들에서의 여러가지 서브퀘스트들이나 터미널의 기록에서 엿볼 수 있는 스토리는 폴아웃 4를 100시간이 넘도록 플레이할 수 있게 하는 원동력이 되었습니다.","여러 팩션 의 동료 들 을 모집 하고 플레이 스타일 에 따라 달라지는 경험 은 분명 매력 적 이지만 , 중간 에 느낄 수 있는 차이점 의 부재 면 이나 대화 에서는 조금 안타까운 부분 이 있습니다 . 그렇지만 탐험 할 수 있는 지역 들 에서의 여러가지 서브 퀘스트 들 이나 터미널 의 기록 에서 엿볼 수 있는 스토리 는 폴아웃 4 를 100시간 이 넘도록 플레이 할 수 있게 하는 원동력 이 되었습니다 .",2016-11-26 10:58:59
377160,Fallout 4,positive,최고의 fallout 씨리즈. 매니아로써 아쉬운 부분도 있지만 .. 훌륭하게 잘 크고 있습니다(?) 앞으로도 계속 성장해주면 좋겠네요..,최고 의 fallout 씨 리즈 . 매니아 로써 아쉬운 부분 도 있지만 .. 훌륭하게 잘 크고 있습니다 (?) 앞 으로도 계속 성장 해주면 좋겠네요 ..,2016-11-26 09:43:00
377160,Fallout 4,positive,"War, War never changes. 전쟁, 그것은 절대 변하지 않는다.","War , War never changes . 전쟁 , 그것 은 절대 변하지 않는다 .",2016-11-26 05:12:06
377160,Fallout 4,positive,완전 대박 돈아까운 게임,완전 대박 돈 아까운 게임,2016-11-26 02:54:36
377160,Fallout 4,positive,그냥 사면 되는 게임이네요,그냥 사면 되는 게임 이네 요,2016-11-26 02:28:12
377160,Fallout 4,positive,oh yeeeeeeeeeeeeeaaaaaaaaaaaah,oh yeeeeeeeeeeeeeaaaaaaaaaaaah,2016-11-26 00:07:02
377160,Fallout 4,positive,"폴아웃3 조금 해보다가 흥미를 잃었는데, 이건 꾸준히 하게 된다.","폴아웃 3 조금 해보다가 흥미 를 잃었는데 , 이건 꾸준히 하게 된다 .",2016-11-25 23:10:33
377160,Fallout 4,positive,모드질을 할 수 있습니다. 무슨 말이 더 필요한지?,모드 질 을 할 수 있습니다 . 무슨 말 이 더 필요한지 ?,2016-11-25 22:16:57
377160,Fallout 4,positive,장점 전투 및 향상된 인공지능 단점 스토리,장점 전투 및 향상 된 인공 지능 단점 스토리,2016-11-25 22:14:00
377160,Fallout 4,positive,기대만큼 재미있었던 게임!,기대 만큼 재미있었던 게임 !,2016-11-25 21:48:04
377160,Fallout 4,positive,언제해도 갓4 괜히 폴아웃이 아님,언제 해도 갓 4 괜히 폴아웃 이 아님,2016-11-25 19:59:50
377160,Fallout 4,positive,best,best,2016-11-25 19:53:36
377160,Fallout 4,positive,뒤늦게 폴아웃 3를 접하고 재밌게 했었는데 그래픽이 좋아진 폴아웃 시리즈를 할 수 있단것 만으로도 개인적으로는 만족스럽고 재밌게 했습니다.,뒤늦게 폴아웃 3 를 접 하고 재밌게 했었는데 그래픽 이 좋아진 폴아웃 시리즈 를 할 수 있 단것 만으로도 개인 적 으로는 만족스럽고 재밌게 했습니다 .,2016-11-25 18:14:57
377160,Fallout 4,positive,"포스트아포칼립스 세계관 게임 중에서 가장 잘 표현했다고 생각되는 게임 아톰펑크, 레트로퓨쳐리즘, 포스트 아포칼립스 이 세가지 요소를 적절하게 버무려 만든 퓨전 요리 같다. 거기다가 오픈월드 rpg... 베데스다식 rpg를 좋아하시는 분이라면 강력추천 합니다.","포스트 아포칼립스 세계관 게임 중 에서 가장 잘 표현 했다고 생각 되는 게임 아톰 펑크 , 레트로 퓨쳐 리즘 , 포스트 아포칼립스 이 세 가지 요소 를 적절하게 버 무려 만든 퓨전 요리 같다 . 거기 다가 오픈월드 rpg ... 베데스다 식 rpg 를 좋아하시는 분이라면 강력 추천 합니다 .",2016-11-25 17:54:03
377160,Fallout 4,positive,뉴베가스를 너무 재밋게해서 기대했는데 아직 초반부긴 하지만 기대했던거만큼 재미있지는 않음 좀더 플레이 하고 다시 후기를 남기겠음,뉴 베가스 를 너무 재밋게해 서 기대했는데 아직 초반 부긴 하지만 기대했던거만큼 재미있지는 않음 좀더 플레이 하고 다시 후기 를 남기겠음,2016-11-25 17:53:38
377160,Fallout 4,positive,난 건축이 좋다,난 건축 이 좋다,2016-11-25 15:59:33
377160,Fallout 4,positive,아직 초반밖에 못해봤지만 재밌습니다 세일때 사면 충분히 돈값하고 남는 게임이에요 강추!,아직 초반 밖에 못 해봤지만 재밌습니다 세 일 때 사면 충분히 돈값 하고 남는 게임 이에요 강추 !,2016-11-25 11:26:21
377160,Fallout 4,positive,참 말많고 탈많은 베데스다 게임은 해보면 참 재밌는데 당최 고칠생각을 안하는 물리엔진과 최적화만 잘만 해주면 정말 갓갓겜 될 게임 자유도도 높고 메인 퀘 뿐만아니라 서브 퀘스트도 개성이 넘치는지라 정말 재밌는데 정말 버그 하나로 망친게임,참 말 많고 탈 많은 베데스다 게임 은 해보면 참 재밌는데 당 최 고 칠 생각 을 안 하는 물리엔진 과 최적화 만 잘만 해주면 정말 갓 갓 겜 될 게임 자유도 도 높고 메인 퀘 뿐 만 아니라 서브 퀘스트 도 개성 이 넘치는지라 정말 재밌는데 정말 버그 하나로 망친 게임,2016-11-25 10:48:16
377160,Fallout 4,positive,"Much funny, many buuuuuuuuuuuuuuuuuuuugs.","Much funny , many buuuuuuuuuuuuuuuuuuuugs .",2016-11-25 05:03:25
377160,Fallout 4,positive,한 번 잡으면 그냥 시간 가는 줄 모르게 즐기는 게임. 플레이 하고나면 핵전쟁 후의 미래에서도 잘 살아남을 수 있을 것 같다.,한 번 잡으면 그냥 시간 가는 줄 모르게 즐기는 게임 . 플레이 하고나면 핵전쟁 후의 미래 에서도 잘 살아남을 수 있을 것 같다 .,2016-11-25 02:48:47
377160,Fallout 4,positive,Best game i ever played,Best game i ever played,2016-11-25 02:25:33
377160,Fallout 4,positive,절대 후회하지않을게임 일단 사고 놔둬도 좋을 게임,절대 후회 하지 않을 게임 일단 사고 놔둬도 좋을 게임,2016-11-25 02:08:59
377160,Fallout 4,positive,안해봤다면. 해보시면됩니다. 왜 풀아옷인지.,안 해봤다면 . 해보시면 됩니다 . 왜 풀 아 옷 인지 .,2016-11-25 02:03:41
377160,Fallout 4,positive,말이필요한가요 그냥 굳,말 이 필요한가요 그냥 굳,2016-11-25 01:14:35
377160,Fallout 4,positive,"이게임은 나에게 있어서 언제나 최고다 전작만 못하다는 사람이 있지만 글쎄... 형만한 아우가 없다지만 폴아웃4는 해당되지 않는 것 같다 뛰어난 그래픽과 전투, 다양한 커스터마이징... 무슨 말이 더 필요한가? 그리고 한국어 패치에 힘써주신 여러분 감사합니다","이 게임 은 나 에게 있어서 언제나 최고다 전작 만 못 하다는 사람 이 있지만 글쎄 ... 형 만 한 아우 가 없다지만 폴아웃 4 는 해당 되지 않는 것 같다 뛰어난 그래픽 과 전투 , 다양한 커스터 마이 징 ... 무슨 말 이 더 필요한가 ? 그리고 한국어 패치 에 힘써주신 여러분 감사합니다",2016-11-25 00:23:57
377160,Fallout 4,positive,말이 필요없는 게임 그냥해보세요 dlc 기다려집니다.,말 이 필요없는 게임 그냥 해보세요 dlc 기 다려집니다 .,2016-11-24 23:49:27
377160,Fallout 4,positive,최고 입니다,최고 입니다,2016-11-24 23:22:12
377160,Fallout 4,positive,세일합니다 무조건 지르세여,세 일 합니다 무조건 지르세여,2016-11-24 23:16:44
377160,Fallout 4,positive,긍정적인 평가를 하나 더해주마,긍정 적 인 평가 를 하나 더 해주마,2016-11-24 23:16:15
377160,Fallout 4,positive,포스트-아포칼립스와 엘더스크롤 시스템의 절묘한 만남 더불어 치명적인 로딩시간으로 무아지경에 빠질 수 있습니다.,포스트 - 아포칼립스 와 엘더스크롤 시스템 의 절묘한 만남 더불어 치명 적 인 로딩 시간 으로 무아 지경 에 빠질 수 있습니다 .,2016-11-24 23:01:36
377160,Fallout 4,positive,플레이 타임이 386 시간인데.....아직 다 못즐긴 게임....,플레이 타임 이 386 시간 인데 ..... 아직 다 못 즐긴 게임 ....,2016-11-24 23:00:54
377160,Fallout 4,positive,푹 빠지게 만드는 매력이 잇음,푹 빠지게 만드는 매력 이 잇음,2016-11-24 23:00:02
377160,Fallout 4,positive,프레임좀,프레임 좀,2016-11-24 22:41:37
377160,Fallout 4,positive,온갖 종류의 캐릭으로 처음부터 다시 시작해도 질리지 않는 게임중에 하나임에 틀림이 없다..,온갖 종류 의 캐릭 으로 처음 부터 다시 시작 해도 질리 지 않는 게임 중 에 하나 임 에 틀림 이 없다 ..,2016-11-24 22:30:48
377160,Fallout 4,positive,이 만한 핵전쟁 이후의 게임은 폴아웃 : 뉴 베가스 일뿐!! 제발 버그 좀.. 이제 모드가 모든 걸 평정한다.,이 만 한 핵전쟁 이후 의 게임 은 폴아웃 : 뉴 베가스 일 뿐 !! 제발 버그 좀 .. 이제 모드 가 모든 걸 평정한다 .,2016-11-24 21:56:00
377160,Fallout 4,positive,"졸잼 꿀잼 핵잼 but, 후반갈수록 살짝 패턴이 루틴해짐 build에 중점을 둔 거 같지만 시스템상 불편함이 많고 이쁘게 심시티 하기가 어려움","졸잼 꿀잼 핵잼 but , 후반 갈수록 살짝 패턴 이 루틴 해 짐 build 에 중점 을 둔 거 같지만 시스템 상 불편함이 많고 이쁘게 심시티 하기가 어려움",2016-11-24 21:24:27
377160,Fallout 4,positive,무슨 말이 필요하겠나.. 최고아니냐.. ㅎㅎ,무슨 말 이 필요하겠나 .. 최고 아니냐 .. ㅎㅎ,2016-11-24 21:06:14
377160,Fallout 4,positive,모드가 최고다. 모드설치해서 하다가 보면 어느새패치가 나와 있어서빡치면서 다시 설치하거나 기존의 세이브 데이터파일을 날려 먹는 일을 겪다보면 의례 이러한 게임이구나 하면서 계속 하게된다.스토리는 뻔하나 모드때문에 다시 하게 되는 플레이,모드 가 최고다 . 모드 설치 해서 하다가 보면 어느 새 패치 가 나와 있어서 빡치면서 다시 설치하거나 기존 의 세이브 데이터 파일 을 날려 먹는 일 을 겪다 보면 의례 이러한 게임 이구나 하면서 계속 하게 된다 . 스토리 는 뻔하나 모드 때문 에 다시 하게 되는 플레이,2016-11-24 20:54:04
377160,Fallout 4,positive,꿀잼,꿀잼,2016-11-24 20:49:32
377160,Fallout 4,positive,"컨셉은 이상합니다. "" 냉동인간의 포스트 아포칼립스 아들찾기 그리고 인조인간도 인간인가'"" 주관적으로 스토리는 좋았습니다. 정확히는 초반까지는요 켈로그를 만날땐 완전히 몰입되고, 아들을 만날땐 충격적이었습니다. 그 중간에 레일로드가 코서칩을 해석하는 대가로 목숨걸고얻은(스토리상으로) 그 칩을 내놓으라고 하는데, 사기당하는거같았지만설득할수가 없어 그냥 줬습니다. 뭐 그래도 여기까진 내게 필요없는거기도 하고, 얘네가 인스티튜트랑 싸우기도 하고, 내","컨셉 은 이상합니다 . "" 냉동인간 의 포스트 아포칼립스 아들 찾기 그리고 인조인간 도 인간 인가 '"" 주관 적 으로 스토리 는 좋았습니다 . 정확히는 초반 까지는 요 켈로그 를 만날 땐 완전히 몰입 되고 , 아들 을 만날 땐 충격 적 이었습니다 . 그 중간 에 레일로드 가 코 서 칩 을 해석 하는 대가 로 목숨 걸고 얻은 ( 스토리 상 으로 ) 그 칩 을 내놓으라고 하는데 , 사기 당하는거 같았지만 설득 할수가 없어 그냥 줬습니다 . 뭐 그래도 여기 까진 내게 필요없는거 기도 하고 , 얘 네 가 인스티튜트 랑 싸우기도 하고 , 내",2016-11-24 20:36:06
377160,Fallout 4,positive,말로 표현 못할 갓겜,말로 표현 못 할 갓 겜,2016-11-24 20:23:47
377160,Fallout 4,positive,모드를 안즐기는 인간이라 재밌음 그냥 곧 400시간 찍겠네,모드 를 안 즐기는 인간 이라 재밌음 그냥 곧 400시간 찍겠네,2016-11-24 20:15:01
377160,Fallout 4,positive,재미있음,재미있음,2016-11-24 19:58:26
377160,Fallout 4,positive,잘만들긴했는데 베데스다 점점 마음에 안듬,잘 만들긴 했는데 베데스다 점점 마음 에 안듬,2016-11-24 19:56:08
377160,Fallout 4,positive,스토리는 뉴베가스에 비해서 빈약하고 선택지에 따른 스토리 분기도 없어서 선택지는 그냥 버튼 연타지만 총기 액션은 재밌음,스토리 는 뉴 베가스 에 비 해서 빈약하고 선택 지에 따른 스토리 분기도 없어서 선택 지는 그냥 버튼 연 타지 만 총기 액션 은 재밌음,2016-11-24 19:54:24
377160,Fallout 4,positive,단순히 총든 스카이림은 아니예요. 폴아웃76이 망겜이라 더 좋은 평가가 나올지도 모르겠네요.,단순히 총 든 스카이림 은 아니예요 . 폴아웃 76 이 망겜 이라 더 좋은 평가 가 나올지도 모르겠네요 .,2016-11-24 19:39:42
377160,Fallout 4,positive,와 폴아웃이 스카이림 엔진으로 돌아오다니 하면서 플레이 하게 됐습니다. 아쉽게도 폴아웃 뉴베가스 느낌보다 3 느낌이 더 있는 부분은 매우 아쉬운 부분입니다. 뉴베가스 시스템이 훨씬 좋았는데 왜! 어째서! 사실 그래픽도 동시대 나온 게임에 비해 좋은 편은 아니지만 전작에 비하면 확실히 좋아졌으니까... 어쨌든 플레이는 환상적입니다. 황폐화된 미국으로 여행 한번 떠나보죠.,와 폴아웃 이 스카이림 엔진 으로 돌아오다니 하면서 플레이 하게 됐습니다 . 아쉽게도 폴아웃 뉴 베가스 느낌 보다 3 느낌 이 더 있는 부분 은 매우 아쉬운 부분 입니다 . 뉴 베가스 시스템 이 훨씬 좋았는데 왜 ! 어째서 ! 사실 그래픽 도 동시 대 나온 게임 에 비해 좋은 편 은 아니지만 전작 에 비 하면 확실히 좋아졌으니까 ... 어쨌든 플레이 는 환상 적 입니다 . 황폐 화 된 미국 으로 여행 한번 떠나 보죠 .,2016-11-24 19:32:46
377160,Fallout 4,positive,"무기,방어구 커스텀마이징은 최고인 게임인것같습니다.","무기 , 방어 구 커 스텀 마이 징 은 최고 인 게임 인 것 같습니다 .",2016-11-24 19:26:47
377160,Fallout 4,positive,이곳 저곳 돌아다니다보면 자유도니 뭐니 해서 이전 폴아웃 시리즈에 비해 부족하다고 말한다. 또 게임 엔진으로 그래픽이 미흡하다는 평가 또한 있다. 나는 이렇게 평가하고 싶다. 적어도 이 게임은 재미있다고. 빌리징은 한 번 하면 밤을 샐 정도로 몰입감이 높다. 여러 모드를 설치하는 재미는 베데스다 게임의 매력이다. 또 다양한 서브 퀘스트들과 멀티 엔딩(팩션)은 이 게임을 여러번 잡을 수 있게 만들어주는 요소이다. 물론 맨 위에서 말했듯 단점도 많은 게임이다. 적어도 나는 2016년에 와서 폴아웃4만큼 재미있게 플레이한 게임이 없었,이 곳 저 곳 돌아다니다 보면 자유도 니 뭐 니 해서 이전 폴아웃 시리즈 에 비해 부족하다고 말 한다 . 또 게임 엔진 으로 그래픽 이 미흡하다는 평가 또한 있다 . 나 는 이렇게 평가 하고 싶다 . 적어도 이 게임 은 재미있다고 . 빌리 징 은 한 번 하면 밤 을 샐 정도 로 몰입 감 이 높다 . 여러 모드 를 설치 하는 재미 는 베데스다 게임 의 매력 이다 . 또 다양한 서브 퀘스트 들 과 멀티 엔딩 ( 팩션 ) 은 이 게임 을 여러 번 잡 을 수 있게 만들어주는 요소 이다 . 물론 맨 위 에서 말 했듯 단점 도 많은 게임 이다 . 적어도 나 는 2016년 에 와서 폴아웃 4만 큼 재미있게 플레이 한 게임 이 없었,2016-11-24 19:21:35
377160,Fallout 4,positive,무한한 가능성을 기대합니다,무한 한 가능성 을 기대합니다,2016-11-24 18:59:56
377160,Fallout 4,positive,방사는에 노출돼는 재미가있습니다 여러분.. 같이 방사능 물한잔 하면서 이야기하는것도 좋은 자리가 돼겠군요! 여유라도 돼시면 콜라캔 좀주고 방사능 지우시죠!?,방사 는에 노출 돼는 재미 가 있습니다 여러분 .. 같이 방사 능 물 한잔 하면서 이야기 하는것도 좋은 자리 가 돼겠군요 ! 여유 라도 돼시면 콜라 캔 좀주고 방사 능 지우시죠 !?,2016-11-24 18:51:13
377160,Fallout 4,positive,다 좋은데 워크샾 DLC는 사지 말아야 합니다.,다 좋은데 워크샾 DLC 는 사지 말아야 합니다 .,2016-11-24 18:39:29
377160,Fallout 4,positive,폴아웃5 기대합니다,폴아웃 5 기대합니다,2016-11-24 18:23:56
377160,Fallout 4,positive,★★★★★,★★★★★,2016-11-24 18:13:16
377160,Fallout 4,positive,The best game!,The best game !,2016-11-24 17:06:38
377160,Fallout 4,positive,내가 이걸 왜샀을까...악마의 게임! 추천드립니다.,내 가 이 걸 왜 샀을까 ... 악마 의 게임 ! 추천 드립니다 .,2016-11-24 16:41:56
377160,Fallout 4,positive,최고의 게임,최고 의 게임,2016-11-24 16:41:42
377160,Fallout 4,positive,위쳐3를 하고 다른 게임들은 손에 잘 잡히지도 않고 별로 큰 재미도 못느끼겠네요. 베데스다만의 게임의 잠금이 풀린? 고유의 느낌이 많이 납니다. 엄청난 자유도. 그거 말고는 큰 흥미가 없네요.,위 쳐 3 를 하고 다른 게임 들 은 손 에 잘 잡히지도 않고 별로 큰 재미 도 못 느끼겠네요 . 베데스다 만의 게임 의 잠금이 풀린 ? 고유 의 느낌 이 많이 납니다 . 엄청난 자유도 . 그거 말고는 큰 흥미 가 없네요 .,2016-11-24 16:37:34
377160,Fallout 4,positive,폴아웃만의 재미는 여전하고 새로운 세계와 케릭터들과의 관계에서 특별한 경험을 남겨주었습니다. 다만 개인적으로 상당히 실망스러운 작품이기도 한데요. 초반에는 꽤 몰입감 있게 흥미로운 스토리를 이끌어나가다 후반으로 갈 수록 비 상식적인 선택을 강요함으로써 몰입을 방해하며 엔딩후에는 자괴감과 씁쓸함만 남게 되었습니다. 더불어 발매 일년이 지나도록 여전히 치명적인 버그가 산재해 있기에 서바이벌모드 플레이는 난이도를 떠나 여러가지로 괴로운 경험이었습니다.,폴아웃 만의 재미 는 여전하고 새로운 세계 와 케릭 터 들 과의 관계 에서 특별한 경험 을 남겨주었습니다 . 다만 개인 적 으로 상당히 실망 스러운 작품 이기도 한데요 . 초반 에는 꽤 몰입 감 있게 흥미로운 스토리 를 이끌어 나가다 후반 으로 갈 수록 비 상식 적 인 선택 을 강요 함 으로써 몰입 을 방해 하며 엔딩 후 에는 자괴 감 과 씁쓸함만 남게 되었습니다 . 더불어 발매 일 년 이 지나도록 여전히 치명 적 인 버그 가 산재 해 있기에 서바이벌 모드 플레이 는 난이도 를 떠나 여러가지 로 괴로운 경험 이었습니다 .,2016-11-24 16:36:03
377160,Fallout 4,positive,세기말에도 죽지않은 부성애와 모성애,세기말 에도 죽지 않은 부 성 애 와 모성애,2016-11-24 16:18:07
377160,Fallout 4,positive,믿고하는 폴아웃4,믿고하는 폴아웃 4,2016-11-24 15:53:39
377160,Fallout 4,positive,뉴베가스보단 좀 덜하지만 정착지 꾸미기와 파워아머 개조 등 소소한 재미가 있다. 그래픽이 좋아진것도 좋음.,뉴 베가스 보단 좀 덜하지만 정착 지 꾸미 기와 파워 아 머 개조 등 소소한 재미 가 있다 . 그래픽 이 좋아진것도 좋음 .,2016-11-24 15:11:43
377160,Fallout 4,positive,"War, war never changes","War , war never changes",2016-11-24 13:39:30
377160,Fallout 4,positive,폴아웃3때부터 하던 유저로써 이번 시리즈는 꽤나 충격적이였습니다. 역시 폴아웃이라는 느낌을 받았어요. 마을유지하는것도 신선하고 싸움형식도 깔끔해진거같아요. 전작보다 으스스한 느낌은 없지만 전 오히려 좋더군요. 폴아웃시리즈를 좋아하시는 분이면 무조건 추천드립니다.,폴아웃 3 때 부터 하던 유저 로써 이번 시리즈 는 꽤 나 충격 적이였습니다 . 역시 폴아웃 이라는 느낌 을 받았어요 . 마을 유지 하는것도 신선하고 싸움 형식 도 깔끔해진거 같아요 . 전작 보다 으스스한 느낌 은 없지만 전 오히려 좋더군요 . 폴아웃 시리즈 를 좋아하시는 분이면 무조건 추천 드립니다 .,2016-11-24 13:33:18
377160,Fallout 4,positive,저희 버그에 게임이 조금있더군요,저희 버그 에 게임 이 조금 있더군요,2016-11-24 13:20:42
377160,Fallout 4,positive,다들 노잼노잼거리는대 무슨게임이건 200시간을 넘게하면 재미없는게 정상이다,다 들 노잼 노잼 거리 는 대 무슨 게임 이건 200시간 을 넘게하면 재미없는게 정상 이다,2016-11-24 12:57:37
377160,Fallout 4,positive,dlc 가 좀 아쉽지만 그래도 재미있다.,dlc 가 좀 아쉽지만 그래도 재미있다 .,2016-11-24 12:43:10
377160,Fallout 4,positive,본편을 재미있게 했는데 dlc가 이상하다는 말이 있어서 시즌패스 사기 망설여지네 ):,본 편 을 재미있게 했는데 dlc 가 이상하다는 말 이 있어서 시즌 패스 사기 망설여지네 ):,2016-11-24 12:36:41
377160,Fallout 4,positive,goooooooood coooooooalllllllllerrrrrrrrrrr,goooooooood coooooooalllllllllerrrrrrrrrrr,2016-11-24 12:11:26
377160,Fallout 4,positive,"이름하나만으로 설레는 게임이 아닐 수 없다. 거대하고 깊이있는 세계관과 그에 걸맞는 훌륭한 스토리. 매번 발전하는 시스템까지. '폴아웃'이라는 이름을 붙은 게임은 항상 게이머인 나를 설레게 한다. 전작에 비해 발전된 부분은 루팅과 수류탄 표시, 심지어 정착지를 지어 관리, 방어 할 수도 있다. 하지만 좀 더 거대한 것을 기대했던 것과는 달리 엔딩이 조금 기대에 못미치지 않았나 싶다. 조금, 아주 조금 말이다. 이 게임을 정말 절망적으로 즐기고 싶다면 생존모드를 시작해 보는 것이 좋다.","이름하나만으로 설레는 게임 이 아닐 수 없다 . 거대하고 깊이 있는 세계관 과 그 에 걸 맞는 훌륭한 스토리 . 매번 발전 하는 시스템 까지 . ' 폴아웃 ' 이라는 이름 을 붙은 게임 은 항상 게이머 인 나를 설레게 한다 . 전작 에 비해 발전 된 부분 은 루팅 과 수류탄 표시 , 심지어 정착 지를 지어 관리 , 방어 할 수도 있다 . 하지만 좀 더 거대한 것 을 기대했던 것 과는 달리 엔딩 이 조금 기대 에 못 미치지 않았나 싶다 . 조금 , 아주 조금 말 이다 . 이 게임 을 정말 절망 적 으로 즐기고 싶다면 생존 모드 를 시작 해 보는 것 이 좋다 .",2016-11-24 11:01:47
377160,Fallout 4,positive,굿,굿,2016-11-24 10:29:35
377160,Fallout 4,positive,띵작,띵작,2016-11-24 09:25:07
377160,Fallout 4,positive,나에게는 근래 최고의 RPG 게임,나 에게는 근래 최고 의 RPG 게임,2016-11-24 08:36:23
377160,Fallout 4,positive,굳,굳,2016-11-24 06:38:03
377160,Fallout 4,positive,본편은 강한 중독성으로 폴아웃 팬들에게는 괜찮은 작품 하지만 시즌패스 구성도 그렇지만 정책도 최악!,본 편 은 강한 중독 성 으로 폴아웃 팬 들 에게는 괜찮은 작품 하지만 시즌 패스 구성 도 그렇지만 정책 도 최악 !,2016-11-24 06:19:03
377160,Fallout 4,positive,"정말 기대하고 그 기대만큼은 충족한 게임이지만, 단 한가지 아쉬운 점은 부가적인 서브 퀘스트를 많이 넣은 탓에 게임 자체, 게임의 메인 스토리를 즐기기 어렵다는 점이다. 처음에는 정착지 시스템이 재미있었지만 늘어나는 정착지 탓에 지치고 리얼한 생활의 느낌을 주고 싶었다고 예상되는 정착지 습격 방어하기 퀘스트는 메인 퀘스트에 집중해야되는 집중력을 방해한다. 또한, 모든 물품이 중요해졌음에도 전작과 동일한 무게 시스템을 채택한 까닭에 FPS"" 아포칼립스""게임이 되어버렸다 . 간략하게 정리하자면 너무 리얼하게 재현하려는 아포칼립스 스토리","정말 기대하고 그 기대 만큼은 충족 한 게임 이지만 , 단 한가지 아쉬운 점 은 부가 적 인 서브 퀘스트 를 많이 넣은 탓 에 게임 자체 , 게임 의 메인 스토리 를 즐기기 어렵다는 점 이다 . 처음 에는 정착 지 시스템 이 재미있었지만 늘어나는 정착 지 탓 에 지치고 리얼 한 생활 의 느낌 을 주고 싶었다고 예상 되는 정착 지 습격 방어 하기 퀘스트 는 메인 퀘스트 에 집중 해야 되는 집중 력 을 방해 한다 . 또한 , 모든 물품 이 중요해졌음에도 전작 과 동일한 무게 시스템 을 채택 한 까닭 에 FPS "" 아포칼립스 "" 게임 이 되어 버렸다 . 간략하게 정리 하자면 너무 리얼 하게 재현 하려는 아포칼립스 스토리",2016-11-24 06:02:17
377160,Fallout 4,positive,심즈가 된 폴아웃이라고 욕 많이 얻어 쳐먹지만 빌드 요소 때문에 게임 볼륨이 좀 엉성해진것도 사실이지만 그렇다고 아예 못하겠네 띕뿔뤨 게임 이라고 욕하기에는 재밌다는 것만 알아두자구 친구들.,심즈 가 된 폴아웃 이라고 욕 많이 얻어 쳐 먹지만 빌드 요소 때문 에 게임 볼륨 이 좀 엉 성해진것도 사실 이지만 그렇다고 아예 못 하겠네 띕뿔뤨 게임 이라고 욕 하기에는 재밌다는 것 만 알 아 두 자구 친구 들 .,2016-11-24 05:40:29
377160,Fallout 4,positive,gulzam!hackzam!,gulzam ! hackzam !,2016-11-24 05:10:30
377160,Fallout 4,positive,"사 뉴베가스 방식의 팩션과 선택지 방식이였다면 더 좋았겠지만 그래도 사, 일단 사고 볼만한 게임이다 이번 세일할때 시즌패스까지 사 쉿 스팀어워드용 수정","사 뉴 베가스 방식 의 팩션 과 선택 지 방식 이 였다면 더 좋았겠지만 그래도 사 , 일단 사고 볼 만 한 게임 이다 이번 세 일 할 때 시즌 패스 까지 사 쉿 스팀 어워드 용 수정",2016-11-24 04:23:48
377160,Fallout 4,positive,3일동안 36시간 플레이 이것만하고 꺼야지 이것만하고 꺼야지를 반복하다가 결국에는 해가 뜨고나서야 컴퓨터를 끄게만드는 그런게임입니다,3일 동안 36시간 플레이 이 것 만 하고 꺼야지 이 것 만 하고 꺼야지를 반복 하다가 결국 에는 해 가 뜨고 나서야 컴퓨터 를 끄게만 드는 그런 게임 입니다,2016-11-24 04:14:35
377160,Fallout 4,positive,재밌다 ~~,재밌다 ~~,2016-11-24 03:46:45
377160,Fallout 4,positive,웰컴투 트럼프 월드,웰컴 투 트럼프 월드,2016-11-24 00:47:00
377160,Fallout 4,positive,ma! ham he bara! dee zin da!,ma ! ham he bara ! dee zin da !,2016-11-21 16:30:47
377160,Fallout 4,positive,god game,god game,2016-11-21 00:40:17
377160,Fallout 4,positive,누카 추,누카 추,2016-11-17 01:27:53
377160,Fallout 4,positive,good,good,2016-11-17 01:15:37
377160,Fallout 4,positive,너무 재미있네요.,너무 재미있네요 .,2016-11-14 22:55:53
377160,Fallout 4,positive,폴아웃 세계로 오세요~!ㅎㅎㅎ,폴아웃 세계 로 오세요 ~! ㅎㅎㅎ,2016-11-11 16:06:13
377160,Fallout 4,positive,아주 좋고 폴아웃4 성능도 괜찮아요 근데 버그 가 넘많아서 모드아닌 이상은 해야될거같네요 특히나 인간 하고싸우면 시체들이 버그가 나긴한데그걸 제거를 해줫으면도 하고...,아주 좋고 폴아웃 4 성능 도 괜찮아요 근데 버그 가 넘 많아서 모드 아닌 이상은 해야 될거 같네요 특히 나 인간 하고 싸우면 시체 들 이 버그 가 나긴한데 그걸 제거 를 해줫으면 도 하고 ...,2016-11-11 01:03:51
377160,Fallout 4,positive,전작에 비해 대화 선택방식이 달라진것이 좀 아쉽네요. 그래도 재미는 있네요.,전작 에 비해 대화 선택 방식 이 달라진것이 좀 아쉽네요 . 그래도 재미 는 있네요 .,2016-11-06 23:45:27
377160,Fallout 4,positive,재밌음.,재밌음 .,2016-11-05 18:00:49
377160,Fallout 4,positive,개인적으로는 뉴베가스보다 컨테츠가 많아져서 좋은거같다 . 재미도 꿀잼이고 버그도 적으며. 특히 브라더후드 등장하는것 개간지 ㄷㄷ,개인 적 으로는 뉴 베가스 보다 컨테츠 가 많아져서 좋은 거 같다 . 재미 도 꿀잼 이고 버그 도 적으며 . 특히 브라더후드 등장 하는것 개간 지 ㄷㄷ,2016-11-01 02:44:03
377160,Fallout 4,positive,"포스트 아포칼립스 오픈월드 게임 폴아웃 입니다. 게임 자체는 이래저래 부족한 부분이 많이 보이지만 , 게임 제작사가 베데스다네요. 베데스다가 50% 를 만들고, 나머지는 유저들의 모드가 50% 를 만드는 게임입니다. 어지간한 부족한 부분은 유저 모드로 커버가 가능합니다.","포스트 아포칼립스 오픈월드 게임 폴아웃 입니다 . 게임 자체 는 이래저래 부족한 부분 이 많이 보이 지만 , 게임 제작사 가 베데스다 네 요 . 베데스다 가 50% 를 만들고 , 나머지 는 유저 들 의 모드 가 50% 를 만드는 게임 입니다 . 어지간한 부족한 부분 은 유저 모드 로 커버 가 가능합니다 .",2016-10-31 11:52:46
377160,Fallout 4,positive,존1나 재밌다 입터는 자칭 게임 평론가들을 믿지마라 존1나 재밌으니까 사라,존 1 나 재밌다 입터 는 자칭 게임 평론가 들 을 믿지마라 존 1 나 재밌으니까 사라,2016-10-31 09:05:36
377160,Fallout 4,positive,재미있지만 버그는 여전하다,재미있지만 버그 는 여전하다,2016-10-30 12:04:21
377160,Fallout 4,positive,"NVIDIA Geforce 750ti 로도 울트라 그래픽이 돌아갑니다. (저는 울트라로도 게임플레이에 큰 지장은 없었습니다.) 정말 갓겜 인정합니다. 하다보면 시간 가는 줄도 모릅니다. 좀 잔인하긴 하지만 그 만큼 할 거리가 많고 재미있습니다. 참고로 전체화면으로 했고, 프레임은 확인 못했습니다.","NVIDIA Geforce 750 ti 로 도 울트라 그래픽 이 돌아갑니다 . ( 저 는 울트라 로 도 게임 플레이 에 큰 지장 은 없었습니다 .) 정말 갓 겜 인정 합니다 . 하다 보면 시간 가는 줄 도 모릅니다 . 좀 잔인하긴 하지만 그 만큼 할 거리 가 많고 재미있습니다 . 참고 로 전체 화면 으로 했고 , 프레임 은 확인 못 했습니다 .",2016-10-26 22:43:30
377160,Fallout 4,positive,시즌패스가 거지같은거 빼곤 괜찮았던 게임,시즌 패스 가 거지 같은거 빼곤 괜찮았던 게임,2016-10-26 01:31:46
377160,Fallout 4,positive,아이템 및 오브젝트 오류로 인해서 게임이 자주팅기는거 빼고는 엄청 재미있다,아이템 및 오브젝트 오류로 인해서 게임 이 자주 팅기는거 빼고는 엄청 재미있다,2016-10-25 11:28:25
377160,Fallout 4,positive,"+ 구 id 개발진의 참가로 전작에 비해 압도적으로 개선된 슈터성. 준수한 fps수준. + 그래도 여전한 모험의 재미, 나름 몇십시간 할 내용은 분명히 갖고 있음 + 구울 귀여워 데스클로 귀여워 (+ 유저들이 게임을 발전시키고 완성시키는, 모드들의 존재) - 발전이 하나도 없는 불편하다 못해 짜증나는 기본 UI - 전작보다 퇴보한 선택지와 대화문 구조. 이것과 카르마등의 삭제 등 다방면의 자유도는 팍 줄어든 점. - 가격은 2배로 올려놓고 정작 볼륨측면에선 파하버와 누카월드 정도만 건질뿐인 시즌패스 60$?? 게임 자체는 할만","+ 구 id 개발 진의 참가 로 전작 에 비해 압도 적 으로 개선 된 슈터성 . 준수 한 fps 수준 . + 그래도 여전한 모험 의 재미 , 나름 몇십 시간 할 내용 은 분명히 갖고 있음 + 구울 귀여워 데스 클로 귀여워 (+ 유저 들 이 게임 을 발전 시키고 완성 시키는 , 모드 들 의 존재 ) - 발전 이 하나 도 없는 불편하다 못 해 짜증나는 기본 UI - 전작 보다 퇴보한 선택 지 와 대화 문 구조 . 이 것 과 카르 마등 의 삭제 등 다방면 의 자유도 는 팍 줄어든 점 . - 가격 은 2 배 로 올려놓고 정작 볼륨 측면 에선 파 하버 와 누카 월드 정도 만 건질 뿐인 시즌 패스 60 $?? 게임 자체 는 할만",2016-10-23 21:32:01
377160,Fallout 4,positive,이전 세대의 폴아웃에 비해 게임 플레이 측면에서 장족의 발전을 했다. 오픈월드! 폴아웃 세계관! 호!를 외치면서 끔찍한 게임 플레이 순간을 넘겨야했던 전작들과 달리 그냥 게임으로 봐도 그럭저럭 괜찮은 정도까지 올라왔다. 그 점은 확실하다. 메인 스토리는 썩 좋다고 하긴 어렵지만 폴아웃3의 재미도 감동도 없는 스토리보단 특색있는 팩션들이 있단 점 정도만 커버쳐줄만 하다.,이전 세대 의 폴아웃 에 비해 게임 플레이 측면 에서 장족 의 발전 을 했다 . 오픈월드 ! 폴아웃 세계관 ! 호 ! 를 외치면서 끔찍한 게임 플레이 순간 을 넘겨 야했던 전작 들 과 달리 그냥 게임 으로 봐도 그럭저럭 괜찮은 정도 까지 올라왔다 . 그 점 은 확실하다 . 메인 스토리 는 썩 좋다고 하긴 어렵지만 폴아웃 3 의 재미 도 감동 도 없는 스토리 보단 특색 있는 팩션 들 이 있단 점 정도 만 커버 쳐줄만 하다 .,2016-10-22 23:58:40
377160,Fallout 4,positive,직접 재료 구하는 심즈,직접 재료 구 하는 심즈,2016-10-22 19:41:31
377160,Fallout 4,positive,하고 가을출타4를. 가을출타4를 내가 재미있게 지금 하고 있다 정말. 모른다 나는 사람들이 욕하는 왜 이유를. 좋다 제일 가을출타 시리즈 중에서. 든다 동료 마음에 시스템 호감도 올리기. 파이퍼 귀엽다 정말. 넓은 돌아다닌다 세상. 인간 강하다. 인간 우유찾는다. 간다. 가을 출타.,하고 가을 출타 4 를 . 가을 출타 4 를 내 가 재미있게 지금 하고 있다 정말 . 모른다 나 는 사람 들 이 욕 하는 왜 이유 를 . 좋다 제일 가을 출타 시리즈 중 에서 . 든다 동료 마음 에 시스템 호감 도 올 리기 . 파이퍼 귀엽다 정말 . 넓은 돌아다닌다 세상 . 인간 강하다 . 인간 우유 찾는다 . 간다 . 가을 출타 .,2016-10-20 11:49:43
377160,Fallout 4,positive,이상한 대화 시스템하고 스토리 라인만 빼면 갓흥 FPS게임. VATS를 쓸 필요도 없음.,이상한 대화 시스템 하고 스토리 라인 만 빼면 갓 흥 FPS 게임 . VATS 를 쓸 필요 도 없음 .,2016-10-19 16:43:16
377160,Fallout 4,positive,정신을 차려보니 300시간이 사라져 있었습니다.,정신 을 차려 보니 300시간 이 사라져 있었습니다 .,2016-10-19 09:24:38
377160,Fallout 4,positive,일단 폴아웃4하면서 느낀건 타격감은 어느정도 나아지고 재미도 늘어남. 근데 이놈의 빌리징시스템과 거주지가 하는내내 노가다 뛰는 느낌을줌 스토리도 3이나 뉴베가스보다 떨어진다.,일단 폴아웃 4 하면서 느낀건 타 격감 은 어느 정도 나아지고 재미 도 늘어남 . 근데 이 놈 의 빌리 징 시스템 과 거주지 가 하는내내 노가다 뛰는 느낌 을 줌 스토리 도 3 이나 뉴 베가스 보다 떨어진다 .,2016-10-18 23:30:44
377160,Fallout 4,positive,총퀄리티만신경썼다면갓게임일텐데,총 퀄리티 만 신경 썼다면 갓 게임 일텐데,2016-10-13 21:33:39
377160,Fallout 4,positive,기대를 저버리지 않는 게임성과 재미 기대를 저버리지 않는 버그,기대 를 저 버리지 않는 게임 성과 재미 기대 를 저 버리지 않는 버그,2016-10-11 19:42:11
377160,Fallout 4,positive,갓겜,갓 겜,2016-10-10 18:35:00
377160,Fallout 4,positive,플레이 타임을 보시면 아시겠지만 재미는있습니다 하지만 전작이 너무뛰어나다 보니 비교가 안될수가없지요 음 결론은 할만하지만 지금은 사시지마시고 어차피 지금까지 안사신분이라면 할인 햇을때 사시길 추천합니다 사실 가격은 너무비싸지요 비슷한시기에 나온 위쳐3랑 비교를해도 너무비싸지요 어차피 지금까지 버티셧으니 앞으로 크리스마스나 아니면 여름할인기간까지만 버티세요 ^^,플레이 타임 을 보시 면 아시겠지만 재미 는 있습니다 하지만 전작 이 너무 뛰어나다 보니 비교 가 안될수가 없지요 음 결론 은 할 만하 지만 지금 은 사시 지 마시고 어차피 지금 까지 안사 신분 이 라면 할인 햇 을 때 사시길 추천 합니다 사실 가격 은 너무 비싸지요 비슷한시기에 나온 위 쳐 3 랑 비교 를 해도 너무 비싸지요 어차피 지금 까지 버티셧으 니 앞 으로 크리스마스 나 아니면 여름 할인 기간 까지만 버티세요 ^^,2016-10-10 01:43:35
377160,Fallout 4,positive,베데스다 게임답게 방대한 맵 돌아다니는 맛은 살아있음. 노답이던 전투부분도 총질이 환생수준으로 좋아짐. 노답 개적화. 1080달았는데 옵션 나름 타협해도 40프레임대가 나오는 장소가 있음. 대화 시스템 퇴화. 걍 엑박패드 기준 A만 눌러도 게임진행 무리없음. 3탄하고 비교시 전체적으로 퇴화했는데 총질부분이 기똥차서 전투하는맛+탐험하는 맛으로 재밌게는 플레이 가능,베데스다 게임 답 게 방대한 맵 돌아다니는 맛 은 살아있음 . 노답 이던 전투 부분 도 총 질 이 환생 수준 으로 좋아짐 . 노답 개 적 화 . 1080 달았는데 옵션 나름 타협 해도 40 프레임 대가 나오는 장소 가 있음 . 대화 시스템 퇴화 . 걍 엑박 패드 기준 A 만 눌러도 게임 진행 무리 없음 . 3 탄하 고 비교 시 전체 적 으로 퇴화 했는데 총 질부 분 이 기 똥 차서 전투 하는 맛 + 탐험 하는 맛 으로 재밌게는 플레이 가능,2016-10-09 22:56:51
377160,Fallout 4,positive,나쁘게 이야기 하자면 어짜피 핵전쟁으로 모든게 날라갔으니 맘대로 해보세요. 좋에 이야기 하자면 선(착함)을 찾으세요. 중요한건 당신이 하고선 자랑스러워야 해야됩니다. 자랑스러워 하세요!,나쁘게 이야기 하자 면 어짜피 핵전쟁 으로 모든 게 날라 갔으니 맘대로 해보세요 . 좋에 이야기 하자 면 선 ( 착함 ) 을 찾으세요 . 중요한건 당신 이 하고 선 자랑스러워야 해야 됩니다 . 자랑스러워 하세요 !,2016-10-09 00:59:42
377160,Fallout 4,positive,스토리가 다 말아먹는 게임,스토리 가 다 말아먹는 게임,2016-10-08 16:57:55
377160,Fallout 4,positive,정신나간 DLC 가격 여기서 사지마세요 G2에서 사시면 3~4만원에 구입 가능함,정신 나간 DLC 가격 여기 서 사지 마세요 G 2 에서 사시 면 3~4만원 에 구입 가능함,2016-10-08 10:16:13
377160,Fallout 4,positive,이 게임에 대한 개인적인 견해 1. 정착지를 안전하게 꾸미고 거주민들에게 좋은걸 줘봤자 모드가 아닌 이상 대부분 주인공이 무능한 놈들을 위해 직접 나서야한다 2. 베데스다가 대충하는 게임관리 밑 버그 안잡는 게임패치 3. 운 나쁘면 프레스턴 가비의 무한 퀘스트 함정에 빠짐 4. 폴아웃에 원래 있던 능력치를 전부 없애고 돈 아낄려고한건지 겨우 대화문을 화살표 4개짜리로 넣음 5. 너무 뜬끔없는 세계관 설정 교체 밑 세력 스토리 (#특히 x-01 파워아머와 제트 그리고 레일로드 루트로 하게되는것들) 그래도 잡템을 산더미처럼,이 게임 에 대한 개인 적 인 견해 1 . 정착 지를 안전하게 꾸미고 거 주민 들 에게 좋은걸 줘 봤자 모드 가 아닌 이상 대부분 주인공 이 무능한 놈 들 을 위해 직접 나서야 한다 2 . 베데스다 가 대충 하는 게임 관리 밑 버그 안 잡는 게임 패치 3 . 운 나쁘면 프레스턴 가비 의 무한 퀘스트 함정 에 빠짐 4 . 폴아웃 에 원래 있던 능력 치를 전부 없애고 돈 아낄려고 한 건 지 겨우 대화 문 을 화살표 4 개 짜 리 로 넣음 5 . 너무 뜬 끔 없는 세계관 설정 교체 밑 세력 스토리 (#특히 x - 01 파워 아 머 와 제트 그리고 레일로드 루트 로 하게 되는것 들 ) 그래도 잡템 을 산더미 처럼,2016-10-07 22:54:17
377160,Fallout 4,positive,팻맨 한방이면 너도나도 한방,팻맨 한 방이 면 너 도나 도 한 방,2016-10-04 11:31:48
377160,Fallout 4,positive,+ 폴아웃 시리즈만의 배경과 분위기 + 옳은 길이 어느것인지 알면서도 고민을 하게 만드는 스토리 + 발전된 시스템 - 베데스다 작품다운 버그 - 베데스다 작품다운 비한글화 - 곰곰히 생각해보면 너무 떨어지는 스토리의 완성도 - 발전되었으나 세밀함이 떨어지는 시스템 평가 : 80점 : 불친절하며 완성도가 떨어져서 잘만들어놓은 세계관이 아깝게 느껴진다.,+ 폴아웃 시리즈 만의 배경 과 분위기 + 옳은 길이 어느 것 인지 알면서도 고민 을 하게 만드는 스토리 + 발전 된 시스템 - 베데스다 작품 다운 버그 - 베데스다 작품 다운 비 한글화 - 곰곰히 생각 해보면 너무 떨어지는 스토리 의 완성 도 - 발전 되었으나 세밀 함 이 떨어지는 시스템 평가 : 80 점 : 불친절하며 완성 도 가 떨어져서 잘 만들어놓은 세계관 이 아깝게 느껴진다 .,2016-10-02 21:23:54
377160,Fallout 4,positive,핫산들이 누카월드 번역하기를 기다리면서 평가합니다.,핫산 들 이 누카 월드 번역 하기를 기다리면서 평가 합니다 .,2016-09-29 14:54:10
377160,Fallout 4,positive,It's very exciting and funny.,It ' s very exciting and funny .,2016-09-28 23:46:54
377160,Fallout 4,positive,epic!!,epic !!,2016-09-26 09:43:07
377160,Fallout 4,positive,다좋은데 인터페이스 나 자막 둘중하나라도 한글 공식 지원됬으면 좋겠습니다,다 좋은데 인터페이스 나 자막 둘 중 하나 라도 한글 공식 지원 됬으면 좋겠습니다,2016-09-25 11:10:28
377160,Fallout 4,positive,"폴아웃 시리즈를 처음 했습니다 물론 돈을 내고 게임하는 것 자체를 처음 해보는 데 돈을 벌고 여유가 생기니 대략 13년전 고등학생때 모로윈드라는 게임의 대단하다, 또는 정말 끝내준다고 절로 감탄한 그래픽이 생각나 베데스다의 게임을 구매 했습니다. 일단은 역시 재미있었습니다. 자유도가 많은 게임은 별로 좋아하지 않았었는데 하다보니 저도 몰랐던 특별한 매력이 정말 좋았습니다. 스토리를 따라가지 않아도 되고 중간중간 있는 서브퀘도 좋았고 특히 좋았던건 게임의 npc이긴 하지만 누군가를 도와준다는 점이 마음에 들었습니다. 다만","폴아웃 시리즈 를 처음 했습니다 물론 돈 을 내고 게임 하는 것 자체 를 처음 해보는 데 돈 을 벌고 여유 가 생기니 대략 13년 전 고등학생 때 모로 윈드 라는 게임 의 대단하다 , 또는 정말 끝내준다고 절로 감탄 한 그래픽 이 생각나 베데스다 의 게임 을 구매 했습니다 . 일단 은 역시 재미있었습니다 . 자유도 가 많은 게임 은 별로 좋아하지 않았었는데 하다 보니 저 도 몰랐던 특별한 매력 이 정말 좋았습니다 . 스토리 를 따라가지 않아도 되고 중간 중간 있는 서브 퀘 도 좋았고 특히 좋았던건 게임 의 npc 이긴 하지만 누군가 를 도와준다는 점 이 마음 에 들었습니다 . 다만",2016-09-25 01:56:15
377160,Fallout 4,positive,각종 오류와 버그빼곤 완벽한 게임,각종 오류 와 버그 빼곤 완벽한 게임,2016-09-24 21:16:55
377160,Fallout 4,positive,심심할때마다 혹은 할게임이 없을때마다 연어마냥 돌아오는게임 광활한 맵에 수많은 퀘스트 그리고 육성 하루에 2~3시간씩 해도 플레이하는데 오래걸리는 장점이 맘에 든다.,심심할 때 마다 혹은 할 게임 이 없을 때 마다 연어 마냥 돌아오는 게임 광활한 맵 에 수많은 퀘스트 그리고 육성 하루 에 2~3시간 씩 해도 플레이 하는데 오래 걸리는 장점 이 맘 에 든다 .,2016-09-19 13:25:09
377160,Fallout 4,positive,'Fallout 4'도 잘 만들었다고 생각을 합니다. 정식 넘버링으로 신작이 빨리 나왔으면 좋겠습니다.,' Fallout 4 ' 도 잘 만들었다고 생각 을 합니다 . 정식 넘버링 으로 신작 이 빨리 나왔으면 좋겠습니다 .,2016-09-18 02:11:24
377160,Fallout 4,positive,무슨 믿고 구매하는 베데스다 지껄이는데 베데스다 이름 믿고 구매하기엔 지금 개발사가 너무 변했구요 한국 시장 진출도 안해서 중문판 껍데기로 발매해주는 베데스다 인성에 무릎을 탁 치고 갑니다 게임 자체는 재미있으나 개발사의 ㅈ같은 DLC와 고객응대가 화나게 만듭니다,무슨 믿고 구매 하는 베데스다 지껄이는데 베데스다 이름 믿고 구매 하기엔 지금 개발 사가 너무 변했구요 한국 시장 진출 도 안해 서 중문 판 껍데기 로 발매 해주는 베데스다 인성 에 무릎 을 탁 치고 갑니다 게임 자체 는 재미있으나 개발 사의 ㅈ 같은 DLC 와 고객 응대 가 화나게 만듭니 다,2016-09-17 19:26:53
377160,Fallout 4,positive,난 솔직히 왜 이런 명작 게임을 욕하는지 모르겠다. 전작인 3를 안해본 플레이어의 입장이긴 하지만 처음 폴아웃을 접하는 플레이어로써 명작이라 생각한다. 개적화가 걸리적 거리긴 하지만... 칙쇼!,난 솔직히 왜 이런 명작 게임 을 욕 하는지 모르겠다 . 전작 인 3 를 안 해본 플레이어 의 입장 이긴 하지만 처음 폴아웃 을 접 하는 플레이어 로써 명작 이라 생각 한다 . 개 적 화가 걸리 적 거리 긴 하지만 ... 칙쇼 !,2016-09-17 14:00:31
377160,Fallout 4,positive,the best game ever,the best game ever,2016-09-16 20:41:11
377160,Fallout 4,positive,컨탠츠 존나 부족함 폴아웃76같은 갈비지 껨 만들지 말고 싱글 껨 DLC나 더만들어라,컨탠츠 존나 부족함 폴아웃 76 같은 갈비 지 껨 만들지 말고 싱글 껨 DLC 나 더 만들어라,2016-09-16 11:13:24
377160,Fallout 4,positive,"엄청 재밌습니다. 그래픽 시스템등등. 아마도 베데스다류의 RPG에서 정점에 올라선 게임같군요. 하지만 단점도 명확합니다. 대화 시스템과 이에 따르는 스토리 진행방식이 무척 심각합니다. 일직선 구조로 되어있어서 다른 선택지를 보려면 시이브파일 로드를 해야하는게 말이 됩니까? 위쳐3는 아예 스토리가 진행되는 선택지 아닌 선택지로 나눠서 플레이어가 모든 정보를 대화로 알 수있게 만들어놨습니다. 차라리 폴아웃3,뉴베가스 방식이였더라면 지금 들어먹는 욕의 반정도는 없었을겁니다. 그리고 또한가지. 빌리징. 모든것이 정해져있어서 재료만","엄청 재밌습니다 . 그래픽 시스템 등등 . 아마도 베데스다 류 의 RPG 에서 정점 에 올라선 게임 같군요 . 하지만 단점 도 명확합니다 . 대화 시스템 과 이 에 따르는 스토리 진행 방식 이 무척 심각합니다 . 일직선 구조 로 되어있어서 다른 선택 지를 보려면 시 이브 파일 로드 를 해야하는게 말 이 됩니까 ? 위 쳐 3 는 아예 스토리 가 진행 되는 선택 지 아닌 선택 지로 나눠서 플레이어 가 모든 정보 를 대화 로 알 수 있게 만들어놨습니다 . 차라리 폴아웃 3 , 뉴 베가스 방식 이 였더라면 지금 들어 먹는 욕 의 반 정도 는 없었을 겁니다 . 그리고 또한 가지 . 빌리 징 . 모든 것 이 정해져있어서 재료 만",2016-09-13 23:49:42
377160,Fallout 4,positive,정착지 건설하느라 아직도 안가본 지역이 있고 건설도 아직 만족 못하겠다. 스토리 빼고 컨텐츠분량은 갓겜 맞음. 근데 그 모든 상위호환이 스카이림이다.,정착 지 건설 하느라 아직도 안 가본 지역 이 있고 건설 도 아직 만족 못 하겠다 . 스토리 빼고 컨텐츠 분량 은 갓 겜 맞음 . 근데 그 모든 상위호환 이 스카이림 이다 .,2016-09-12 20:44:46
377160,Fallout 4,positive,폴아웃4를 하고 암이 나았습니다.,폴아웃 4 를 하고 암 이 나았습니다 .,2016-09-11 19:02:00
377160,Fallout 4,positive,모드를 재대로 깔면 갓게임 못 하면 망게임,모드 를 재 대로 깔면 갓 게임 못 하면 망 게임,2016-09-10 13:49:17
377160,Fallout 4,positive,션 이 누굽니까?,션 이 누굽 니까 ?,2016-09-07 21:39:26
377160,Fallout 4,positive,개꿀잼이연~,개꿀잼 이연 ~,2016-09-07 16:40:49
377160,Fallout 4,positive,세상에 너무 재미있어요!!!!!,세상 에 너무 재미있어요 !!!!!,2016-09-06 23:35:40
377160,Fallout 4,positive,퇴화된 것 같기도 한데 나름 다양한 플레이를 할 수 있도록 유도하는 게 있어서 괜찮은 게임인듯 아마도,퇴화 된 것 같기도 한데 나름 다양한 플레이 를 할 수 있도록 유도 하는 게 있어서 괜찮은 게임 인 듯 아마도,2016-09-05 19:25:26
377160,Fallout 4,positive,재미는 있는데 엔진 재탕은 쉴드를 못치겠다. 어차피 베데스다 주력은 엘더시리즈니까 엘더스크롤 신작을 기대해봄. 폴아웃4 단점 많은 게임이지만 그럼에도 불구하고 재밌다.,재미 는 있는데 엔진 재탕 은 쉴드 를 못 치겠다 . 어차피 베데스다 주력 은 엘더 시리즈 니까 엘더스크롤 신작 을 기대 해봄 . 폴아웃 4 단점 많은 게임 이지만 그럼에도 불구 하고 재밌다 .,2016-09-03 16:30:00
377160,Fallout 4,positive,thank you so much,thank you so much,2016-09-03 10:16:43
377160,Fallout 4,positive,이건 폴아웃. 평가가 더 필요는 없는 거 같지만. 사실 2보다 못하고 뉴베가스 보다도 못하다. dlc 가격은 당최 무슨 생각인지 모르겠다만 세일할때 사서 뽕뽑을만 한 게임. 이것저것 요소들은 잡다하게 넣은건 좋았지만 폴아웃 보다는 다른 게임 이름 달고 나왔어야 할정도로 느낌이 미묘하게 다름. 씨바 솔직히 이게 폴아웃4가 아니라 다른 네이밍 달고 나왔어야 맞을 정도로 폴아웃 보다는 다른 느낌임. 재밌는건 인정. .. ㅠㅠ 더럽다 폴아웃. 까도 까지만 솔직히 내가 폴아웃 빠돌이라 그냥 계속 할듯,이건 폴아웃 . 평가 가 더 필요 는 없는 거 같지만 . 사실 2 보다 못 하고 뉴 베가스 보다도 못 하다 . dlc 가격 은 당 최 무슨 생각 인지 모르겠다만 세 일 할 때 사서 뽕 뽑을만 한 게임 . 이 것 저 것 요소 들 은 잡다하게 넣은건 좋았지만 폴아웃 보다는 다른 게임 이름 달 고 나왔어야 할 정도 로 느낌 이 미묘하게 다름 . 씨바 솔직히 이 게 폴아웃 4 가 아니라 다른 네 이 밍 달 고 나왔어야 맞을 정도 로 폴아웃 보다는 다른 느낌 임 . 재밌는건 인정 . .. ㅠㅠ 더럽다 폴아웃 . 까도 까지만 솔직히 내 가 폴아웃 빠돌이 라 그냥 계속 할듯,2016-09-02 12:28:25
377160,Fallout 4,positive,믿고 구매하는 베데스다게임,믿고 구매 하는 베데스다 게임,2016-09-01 13:39:36
377160,Fallout 4,positive,오블리비언 시절부터 베데스다게임은 나올때마다 엄청난 기대를 하고 플레이를 하고있지만 오픈월드 기반의 모드게임... 컴 사양만 따라준다면 진짜 영화같은 그래픽부터 저사양이라도 다양하고 깊은 스토리 텔링 ㅋㅋ,오블리비언 시절 부터 베데스다 게임 은 나올 때 마다 엄청난 기대 를 하고 플레이 를 하고있지만 오픈월드 기반 의 모드 게임 ... 컴 사양 만 따라 준다면 진짜 영화 같은 그래픽 부터 저 사양 이라도 다양하고 깊은 스토리 텔링 ㅋㅋ,2016-09-01 13:23:52
377160,Fallout 4,positive,rn굿,rn 굿,2016-08-25 19:52:10
377160,Fallout 4,positive,"이 문서에서는 왈도 본문을 작성되었습니다. 새로운 낙진 4는 새로운 베이거스 경기를 하려고 합니다. 이러한 최적화 좋다. 때때로 몰입 형 게임이 자주 발생 방해 할 수 틀을 하락 그리고 가격이 너무 비싸 계절 통행이라고 생각합니다 어쨌든, 난 여전히 나쁜 타격을 느끼지 않고 재미를 우편 묵시록 넓은지도와 도움을 높은 자유와 황무지를 탐험하고자하는 사람들은 당신이 낙진 4 살. ------------------------------------------ 이 문서에서는 왈도체를 사용하지 않았습니다. 뉴베가스 이후로 새로 접해보는","이 문서 에서는 왈도 본문 을 작성 되었습니다 . 새로운 낙진 4 는 새로운 베이거스 경기 를 하려고 합니다 . 이러한 최적화 좋다 . 때때로 몰입 형 게임 이 자주 발생 방해 할 수 틀 을 하락 그리고 가격 이 너무 비싸 계절 통행 이라고 생각 합니다 어쨌든 , 난 여전히 나쁜 타격 을 느끼지 않고 재미 를 우편 묵시록 넓은 지도 와 도움 을 높은 자유 와 황무지 를 탐험 하고 자하 는 사람 들 은 당신 이 낙진 4 살 . ------------------------------------------ 이 문서 에서는 왈도체 를 사용 하지 않았습니다 . 뉴 베가스 이후 로 새로 접 해보는",2016-08-24 17:45:50
377160,Fallout 4,positive,DLC가 모든 걸 하드 캐리하였고 모드가 뒷 받침을 해주었네요. 근데 DLC값이 만만하지가 않아요.,DLC 가 모든 걸 하드 캐리 하였고 모드 가 뒷 받침 을 해주었네요 . 근데 DLC 값 이 만만하지가 않아요 .,2016-08-23 22:36:39
377160,Fallout 4,positive,한글화만 해줘도 좋은디 매번 업데이트하면 왈도분들 한패 기다리고 게임에 들어갈려고하면 이미 난 다른게임중이고..,한글화 만 해줘도 좋은 디 매번 업데이트 하면 왈도 분들 한 패 기다리고 게임 에 들어갈려고 하면 이미 난 다른 게임 중 이고 ..,2016-08-23 12:33:27
377160,Fallout 4,positive,폴아웃은 다 재미있어요,폴아웃 은 다 재미있어요,2016-08-19 17:45:13
377160,Fallout 4,positive,"훌륭한 게임. 하지만... 폴아웃 4, 완성도를 높혀 돌아왔지만 아직 아쉬운 느낌이 강한, 그런 게임이다. *그래픽 전작에 비해서는 확실히 좋아졌지만, 미묘하기 짝이 없다. 특정 시간대에만 집중적으로 끊기는 렉, 이는 오래된 엔진을 고집합으로써 벌어지는 현상인듯 하다. 전작과 비교하면 확실히 좋아졌지만.. 어차피 모드로 극복할 생각이라면 이것은 큰 단점이 되지는 않는다. 장점도 못 될 뿐.. +여러 상황에서 상호작용하고, 실시간으로 이루어지는 대화 스카이림을 통해 단편적으로는 구성됬지만, 여전히 여러 대화가 겹치면 꼬이는 현상을 보","훌륭한 게임 . 하지만 ... 폴아웃 4 , 완성 도를 높혀 돌아왔지만 아직 아쉬운 느낌 이 강한 , 그런 게임 이다 . * 그래픽 전작 에 비 해서는 확실히 좋아졌지만 , 미묘하기 짝 이 없다 . 특정 시간대 에만 집중 적 으로 끊기는 렉 , 이는 오래된 엔진 을 고 집합 으로써 벌어지는 현상 인 듯 하다 . 전작 과 비교 하면 확실히 좋아졌지만 .. 어차피 모드 로 극복 할 생각 이 라면 이 것 은 큰 단점 이 되지는 않는다 . 장점 도 못 될 뿐 .. + 여러 상황 에서 상호작용 하고 , 실시간 으로 이루어지는 대화 스카이림 을 통해 단편 적 으로는 구성 됬지만 , 여전히 여러 대화 가 겹 치면 꼬이는 현상 을 보",2016-08-16 14:22:44
377160,Fallout 4,positive,4지선택 대화문은 정말 답이 없는 수준입니다. 내용도 매우 함축적이게 돼어있고 막상 눌러보면 생각했던거랑 뉘양스도 다를떄가 종종있으니 당황스럽네요.,4 지 선택 대화 문 은 정말 답 이 없는 수준 입니다 . 내용 도 매우 함축 적 이 게 돼어있고 막상 눌러 보면 생각 했던거랑 뉘양스 도 다를떄 가 종종 있으니 당황 스럽네요 .,2016-08-14 03:25:29
377160,Fallout 4,positive,"출시된지 오래지났는데 고쳐지지 않은 각종 버그들, 떨어지는 그래픽, 엉성한 포즈등이 단점이다. 하지만 그걸 커버할 만큼 재미가 있다. 엔딩을 본후 여러장소 탐험하는건 덤.","출시 된지 오래 지났는데 고쳐지지 않은 각종 버그 들 , 떨어지는 그래픽 , 엉 성한 포즈 등 이 단점 이다 . 하지만 그걸 커버 할 만큼 재미 가 있다 . 엔딩 을 본 후 여러 장소 탐험 하는건 덤 .",2016-08-12 19:50:12
377160,Fallout 4,positive,이 게임은 뉴베가스에 비하면 스토리텔링적인 면에서 명백히 퇴보한 게임입니다. 하지만 지랄맞게도 체험형 게임으로써는 뛰어나기 때문에 재미는 좋습니다. 긍데 ㅅㅂ 스토리가 너무 엉성해요.,이 게임 은 뉴 베가스 에 비 하면 스토리텔링 적 인 면 에서 명백히 퇴보한 게임 입니다 . 하지만 지랄 맞게도 체험 형 게임 으로써는 뛰어나기 때문 에 재미 는 좋습니다 . 긍데 ㅅㅂ 스토리 가 너무 엉 성해 요 .,2016-08-11 15:00:44
377160,Fallout 4,positive,개재밌음. 퇴화한거라곤 대화 선택지 밖에 없다고하는데 개인적으로는 한번 선택하는게 굉장히 중요하게 느껴져서 이 쪽이 더 맘에 듬. 한가지 아쉬운 점이라면 Q키 누를 때 가아끔 튕기는데 40시간 정도 하면서 3번 튕긴듯. 분위기는 낮에는 눈부실 정도로 밝아서 좋았고 밤에는 쫌 어둡지만 보일건 다 보여서 좋음. 그리고 하우징 시스템이랑 미닛맨 거주지 지키는게 좀 거슬리긴한데 이건 그냥 생츄어리 빼고 다 생까고했음.,개 재밌음 . 퇴화 한 거 라곤 대화 선택 지 밖에 없다고하는데 개인 적 으로는 한번 선택 하는게 굉장히 중요하게 느껴져서 이 쪽 이 더 맘 에 듬 . 한가지 아쉬운 점 이 라면 Q 키 누를 때 가아 끔 튕 기는데 40시간 정도 하면서 3 번 튕긴듯 . 분위기 는 낮 에는 눈부실 정도 로 밝아서 좋았고 밤 에는 쫌 어둡지만 보일건 다 보 여서 좋음 . 그리고 하우 징 시스템 이랑 미닛맨 거주지 지키는게 좀 거슬리 긴한데 이건 그냥 생츄어리 빼고 다 생 까고 했음 .,2016-08-10 16:59:01
377160,Fallout 4,positive,폴아웃은 실망시킨적이 없다 근데 뭔가 3 이후로 뭔가 아쉬운 기분은 뭘까 막 소름돋고 그런게 왜 덜 할까,폴아웃 은 실망 시킨 적 이 없다 근데 뭔가 3 이후 로 뭔가 아쉬운 기분 은 뭘 까 막 소름 돋고 그런게 왜 덜 할까,2016-08-08 13:58:25
377160,Fallout 4,positive,진심을 말하자면 폴아웃3이랑 뉴베가스 하는게 났다 전작들과는 다른 가벼운 느낌 그리고 빌리징에 치중한 DLC는 전작에 비해 큰 실망을 준다 하지만 그래도 '폴아웃'이라는 것을 보여주었기에 만족한다,진심 을 말 하자면 폴아웃 3 이랑 뉴 베가스 하는게 났다 전작 들 과는 다른 가벼운 느낌 그리고 빌리 징 에 치중 한 DLC 는 전작 에 비해 큰 실망 을 준다 하지만 그래도 ' 폴아웃 ' 이라는 것 을 보여주었기에 만족한다,2016-08-08 00:13:15
377160,Fallout 4,positive,전투는 병신이라도 좋아 멋진캐릭터 -> 위쳐 뉴베가스 다좋은데 샷감이 너무 구렸어 -> 폴아웃4 좋은게임 나쁜RPG 그리고 개 병신같은 DLC간 상호 호환성. 스토커 후속작이 나왓다면 이런 모습이었겠지. 물론 스토커리시즈는 4방향 대화는 아님 ㅎ,전투 는 병신 이라도 좋아 멋진 캐릭터 -> 위 쳐 뉴 베가스 다 좋은데 샷감 이 너무 구렸어 -> 폴아웃 4 좋은 게임 나쁜 RPG 그리고 개 병신 같은 DLC 간 상호 호환성 . 스토커 후속작 이 나왓다 면 이런 모습 이었겠지 . 물론 스토커 리 시 즈 는 4 방향 대화 는 아님 ㅎ,2016-08-05 18:51:38
377160,Fallout 4,positive,"전작에서 살아있었던 종말후 세계의 불쾌한 분위기가 이번작에 오면서 액션FPS에 많이 희석되어 옅어짐. FPS로는 성공했지만, 폴아웃으로서는 실패한듯. 8/10","전작 에서 살아있었던 종말 후 세계 의 불쾌한 분위기 가 이 번작 에 오면서 액션 FPS 에 많이 희 석 되어 옅어 짐 . FPS 로는 성공했지만 , 폴아웃 으로서는 실패한듯 . 8/10",2016-08-03 00:49:58
377160,Fallout 4,positive,뉴베가스 보다는 조금 아쉽지만 시간가는 줄 모르고 즐길 만 합디다.,뉴 베가스 보다는 조금 아쉽지만 시간 가는 줄 모르고 즐길 만 합 디다 .,2016-08-02 18:19:32
377160,Fallout 4,positive,"Just can't believe they blocked the achievement when using a mod. That's just not right guys, not right. However, can't complain more stronger since they have a wonderful world even with Vanilla itself. (Having fun adventuring the god forsaken world after total anhilation.) I'm a big fan of BETH","Just can ' t believe they blocked the achievement when using a mod . That ' s just not right guys , not right . However , can ' t complain more stronger since they have a wonderful world even with Vanilla itself . ( Having fun adventuring the god forsaken world after total anhilation .) I ' m a big fan of BETH",2016-07-31 23:59:34
377160,Fallout 4,positive,"War... War never changes.. 전쟁... 전쟁은 변하지 않는다. by 가을 출타 시리즈 온세상이 핵전쟁으로 쑥대밭으로 되었다해도 먹을것(식량), 탄약 , 생존의 목적으로 멸망하는 와중에도 계속 전쟁하는 헬 월드 fallout4 입니다. 시리즈의 고찰적 문제는 항상 좋은 평가를 받아왔고 해왔지만 약간 아쉬운 평이 들어가있을수 있습니다. 일단 한문장으로 요약하자면 good RPG,good 파트너 스토리,bad fps,약간은 생뚱맞은 main 스토리, 라 평할수 있겠군요 폴아웃을 처음 하는분들에게는 생소하지만 음","War ... War never changes .. 전쟁 ... 전쟁 은 변하지 않는다 . by 가을 출타 시리즈 온 세 상이 핵전쟁 으로 쑥대밭 으로 되었 다해 도 먹을것 ( 식량 ), 탄약 , 생존 의 목적 으로 멸망하는 와중 에도 계속 전쟁 하는 헬 월드 fallout 4 입니다 . 시리즈 의 고찰 적 문제 는 항상 좋은 평가 를 받아 왔고 해왔지만 약간 아쉬운 평이 들어가있을수 있습니다 . 일단 한 문장 으로 요약 하자면 good RPG , good 파트너 스토리 , bad fps , 약간 은 생뚱맞 은 main 스토리 , 라 평 할수 있겠군요 폴아웃 을 처음 하는 분 들 에게는 생소하지만 음",2016-07-31 11:56:36
377160,Fallout 4,positive,"크리에이션 클럽 모드는 유저들 중에 자신의 모드를 팔고 싶은 사람 지원해서 모드를 제작하는거다. 모드 제작자가 무료로 풀고 싶으면 넥서스 모드에 올렸겠지. 이건 선택의 문제지 누구도 사라고 팔라고 강요하지 않았다. 그리고 업데이트 때마다 안되는 거는 니가 F4SE가 필요한 모드를 설치해서 그런거겠지.당연히 게임 버전이 업데이트 되면 게임내에서 지원 안되는 스크립트 익스텐드도 업데이트 해야지 그걸 가지고 기존 모드 안되게 했다고 말하는거는 뭔 헛소리? 게임 업데이트 되면 모드도 게임에 따라 업데이트 되야지, 그걸 가지고 모드를 막아","크리에이션 클럽 모드 는 유저 들 중 에 자신 의 모드 를 팔고 싶은 사람 지원 해서 모드 를 제작 하는거다 . 모드 제작자 가 무료 로 풀 고 싶으면 넥서스 모드 에 올렸겠지 . 이건 선택 의 문제 지 누구 도 사라 고 팔 라고 강요 하지 않았다 . 그리고 업데이트 때 마다 안되는 거 는 니 가 F 4 SE 가 필요한 모드 를 설치 해서 그런거겠지 . 당연히 게임 버전 이 업데이트 되면 게임 내 에서 지원 안되는 스크립트 익스텐드 도 업데이트 해야지 그걸 가지 고 기존 모드 안되게 했다고 말 하는거는 뭔 헛소리 ? 게임 업데이트 되면 모드 도 게임 에 따라 업데이트 되야지 , 그걸 가지 고 모드 를 막아",2016-07-30 19:17:13
377160,Fallout 4,positive,여러모로 아쉬운 점이 있기는 하지만 사펑하다가 다시 해보니까 선녀네,여러 모로 아쉬운 점 이 있기는 하지만 사 펑 하 다가 다시 해보니까 선녀 네,2016-07-29 20:56:51
377160,Fallout 4,positive,워크샵덕분에 암이 재발했습니다.,워크샵 덕분 에 암 이 재발 했습니다 .,2016-07-27 21:58:49
377160,Fallout 4,positive,게임자체만 보면 그렇게 나쁘다고 할수없는데 기대치가 높아서 실망한사람이 많을거 같다 그렇다고 정가주고 사는건 ㄴㄴ,게임 자체 만 보면 그렇게 나쁘다고 할수 없는데 기 대 치가 높아서 실망한 사람 이 많을거 같다 그렇다고 정가 주고 사는건 ㄴㄴ,2016-07-23 21:53:30
377160,Fallout 4,positive,기존보다 발전없다 엔진 재탕이다 해도 역시 폴아웃 다양한 퀘스트와 탐험지 그리고 모드들 역시 폴아웃이다,기존 보다 발전 없다 엔진 재탕 이다 해도 역시 폴아웃 다양한 퀘스트 와 탐험 지 그리고 모드 들 역시 폴아웃 이다,2016-07-21 19:08:11
377160,Fallout 4,positive,"베데스다의 돌아온 주력프랜차이즈 폴아웃3부터 써온 게임브리오엔진을 개조하여 최신게임에도 꿀리지 않는 그래픽을 가지게 되었다. 이번작에서도 미쳐돌아가던 폴아웃세계관의 실상, 핵전쟁 이후의 사회재건상등을 잘 나타내 주었다. 하지만 마치 스토리작가가 없는 듯한 개연성없는 퀘스트라인과 설정충돌이 실망스러웠다. 앞으로의 발전할 폴아웃이 더욱 기대되게 해주는 게임","베데스다 의 돌아온 주력 프랜차이즈 폴아웃 3 부터 써 온 게임브리오 엔진 을 개조 하여 최신 게임 에도 꿀리지 않는 그래픽 을 가지 게 되었다 . 이 번작 에서도 미쳐 돌아가던 폴아웃 세계관 의 실상 , 핵전쟁 이후 의 사회 재건 상등 을 잘 나타내 주었다 . 하지만 마치 스토리 작가 가 없는 듯 한 개연 성 없는 퀘스트라 인과 설정 충돌 이 실망 스러웠다 . 앞 으로의 발전 할 폴아웃 이 더욱 기대 되게 해주는 게임",2016-07-18 16:16:34
377160,Fallout 4,positive,오버워치 하다가 멘탈 터지면 와서 심신 회복하기 딱!,오버 워치 하다가 멘탈 터지면 와서 심신 회복하기 딱 !,2016-07-10 20:05:17
377160,Fallout 4,positive,사세요,사세요,2016-07-09 22:42:36
377160,Fallout 4,positive,"세계의 모든 모드 제작자여러분, 사랑합니다ㅠㅠ 모드덕분에 할맛이 더더욱 살아나요ㅠㅠ","세계 의 모든 모드 제작자 여러분 , 사랑 합니다 ㅠㅠ 모드 덕분 에 할 맛 이 더 더욱 살아나요 ㅠㅠ",2016-07-07 21:51:57
377160,Fallout 4,positive,뉴베 처럼 NCR VS 시저군단 이렇게 대결구도가 명확하게 만들었으면 좋았을텐데 대결구도가 너무 애매하게 만들어놓은거 같고 DLC도 무슨 시발 쓰잘때기 없는것만 내놓고 하지만 부족한 부분은 모드로 때우면 되니 상관 없긴 한데 겜좀 똑바로 만들어 시발련들아 ㅇㅂ주고간다 시발,뉴베 처럼 NCR VS 시저 군단 이렇게 대결 구도 가 명확하게 만들었으면 좋았을텐데 대결 구도 가 너무 애매하게 만들어놓은 거 같고 DLC 도 무슨 시발 쓰잘 때기 없는것만 내놓고 하지만 부족한 부분 은 모드 로 때우면 되니 상관 없긴 한데 겜좀 똑바로 만들어 시발 련 들 아 ㅇㅂ 주고 간다 시발,2016-07-07 18:45:38
377160,Fallout 4,positive,러스트 하는줄 하우징 꿀잼.. 퀘스트는 언제 깨지,러스트 하는줄 하우 징 꿀잼 .. 퀘스트 는 언제 깨지,2016-07-07 08:30:53
377160,Fallout 4,positive,다들 재미없다고 하시는데 적당히 모드 사용하면서 하니 정말재미있네요 벌써 산지 하루만에 16시간 달렸네요 ㅎ,다 들 재미없다고 하시는데 적당히 모드 사용 하면서 하니 정말 재미있네요 벌써 산지 하루 만에 16시간 달렸네요 ㅎ,2016-07-04 21:11:25
377160,Fallout 4,positive,굴잼,굴잼,2016-07-04 17:51:56
377160,Fallout 4,positive,"오픈월드, 자유도, 액션, 건설, 조합 등등 게임의 모든 것을 갖춘 끝판왕. 하지만 스토리의 깊이나 주인공이 게임을 진행하면서 미치는 영향에 대한 부분은 뉴베가스에 비해 한참 퇴보함. 뉴베가스에서 느꼈던 몰입감과 플레이어의 선택으로 인해 세상이 달라지는 느낌을 전혀 찾을 수 없음. 액션이 발전하고 조합이 편리해졌지만 총쏘는 맛과 현실성은 오히려 떨어짐. 그럼에도 오픈월드에 자유도 높은, 액션도 있는, 유일한 게임임. DLC음와 업데이트를 통해 계속 발전하고 있으므로 더욱 기대가 됨.","오픈월드 , 자유도 , 액션 , 건설 , 조합 등등 게임 의 모든 것 을 갖춘 끝판 왕 . 하지만 스토리 의 깊이 나 주인공 이 게임 을 진행 하면서 미치는 영향 에 대한 부분 은 뉴 베가스 에 비해 한참 퇴보함 . 뉴 베가스 에서 느꼈던 몰입 감 과 플레이어 의 선택 으로 인해 세상 이 달라지는 느낌 을 전혀 찾을 수 없음 . 액션 이 발전 하고 조합 이 편리해졌지만 총 쏘는 맛 과 현실 성은 오히려 떨어짐 . 그럼에도 오픈월드 에 자유도 높은 , 액션 도 있는 , 유일한 게임 임 . DLC 음 와 업데이트 를 통해 계속 발전 하고 있으므로 더욱 기대 가 됨 .",2016-07-04 13:56:51
377160,Fallout 4,positive,Good,Good,2016-07-03 00:04:28
377160,Fallout 4,positive,그냥 무난한 베네스다 RPG 지금까지 나온 베네스다 게임 좋아했으면 재밌고 싫어했으면 노잼일듯,그냥 무난 한 베 네스 다 RPG 지금 까지 나온 베 네스 다 게임 좋아했으면 재밌고 싫어했으면 노잼 일듯,2016-07-02 01:52:41
377160,Fallout 4,positive,폴4 더 위쳐3 스카이림 인생 에디션 꼭해보세요 _(시간이녹아요),폴 4 더 위 쳐 3 스카이림 인생 에디 션 꼭 해보세요 _( 시간 이 녹아요 ),2016-07-01 17:01:16
377160,Fallout 4,positive,"1,2,3 , 뉴베에 비하면 확실히 떨어지는 감도 있으나 그래도 폴아웃은 폴아웃이다!","1 , 2 , 3 , 뉴베 에 비 하면 확실히 떨어지는 감도 있으나 그래도 폴아웃 은 폴아웃 이다 !",2016-07-01 11:32:28
377160,Fallout 4,positive,일단은 추천,일단 은 추천,2016-06-29 19:37:47
377160,Fallout 4,positive,"온라인 게임에 빠져살다가, 스팀에 늦게 입문하면서 오픈월드 형 장르로는 처음으로 접해봄 폴아웃4. 정말 재미있게 시간가는 줄 모르고 즐겼다. 폴아웃3 와 베가스도 꼭 해야겠다","온라인 게임 에 빠져 살다가 , 스팀 에 늦게 입문 하면서 오픈월드 형 장르 로는 처음 으로 접 해봄 폴아웃 4 . 정말 재미있게 시간 가는 줄 모르고 즐겼다 . 폴아웃 3 와 베가스 도 꼭 해야겠다",2016-06-26 02:36:42
377160,Fallout 4,positive,언제나 이 타이틀을 위해 지갑을 열준비가 된 나는 이게임이 아무리 많은 버그가 있더라고 하더라도 난 이게임을 추천한다.,언제나 이 타이틀 을 위해 지갑 을 열 준비 가 된 나 는 이 게임 이 아무리 많은 버그 가 있더라고 하더라도 난 이 게임 을 추천 한다 .,2016-06-26 00:03:51
377160,Fallout 4,positive,오늘도 폐지를 줏으러 가볼까!,오늘 도 폐지 를 줏으러 가볼까 !,2016-06-25 21:17:24
377160,Fallout 4,positive,아 정말 12만원 주고 샀는데 세일해버리네 아이고 좋아라 씨발,아 정말 12만원 주고 샀는데 세 일해 버리네 아이고 좋아라 씨발,2016-06-24 17:54:27
377160,Fallout 4,positive,"그래픽은 별로였지만 그래도 발전된 편이었고스토리도 맘에 안들었지만 재밌다 일단 게임이 재밌다. 전투는 엄청나게 발전했고 잡동사니가 유용해진점, 취향을 타지만 취향만 맞으면 상당한 재미를 안겨주는 건설모드, 그리고 특유의 포스트아포칼립스 세계 내에서 탐험을 한다는 즐거움이 상당하다.","그래픽 은 별로 였지만 그래도 발전 된 편이었고 스토리 도 맘 에 안 들었지만 재밌다 일단 게임 이 재밌다 . 전투 는 엄청나게 발전 했고 잡 동 사 니 가 유용해진 점 , 취향 을 타지 만 취향 만 맞으면 상당한 재미 를 안겨주는 건설 모드 , 그리고 특유 의 포스트 아포칼립스 세계 내 에서 탐험 을 한다는 즐거움 이 상당하다 .",2016-06-24 06:04:03
377160,Fallout 4,positive,재미있게 잘하다가 멀미증상때문에 눈물을 머금고 그만 해야했던 비운의 게임.. 나도 요새에 작물도 심고 집도 깔쌈하게 짓고 남들 다하는것처럼 하고 싶었다.,재미있게 잘 하다가 멀미 증상 때문 에 눈물 을 머 금고 그만 해야 했던 비운 의 게임 .. 나도 요새 에 작물 도 심고 집도 깔 쌈하게 짓고 남 들 다 하는것처럼 하고 싶었다 .,2016-06-23 20:05:15
377160,Fallout 4,positive,정말 재밌다. 하지만 최적화가 정말 최악이기 떄문에 프레임에 신경쓰는 사람은 추천 히지않습니다.,정말 재밌다 . 하지만 최적화 가 정말 최악 이기 떄문 에 프레임 에 신경 쓰는 사람 은 추천 히 지 않습니다 .,2016-06-21 21:19:37
377160,Fallout 4,positive,게임 자체는 개인적으로 진짜 재밌게 함 DLC로 롤러코스터 타이쿤 모래성 쌓기 놀이 같은 것만 계속 내지 말았으면,게임 자체 는 개인 적 으로 진짜 재밌게 함 DLC 로 롤러코스터 타이 쿤 모래성 쌓기 놀이 같은 것 만 계속 내지 말았으면,2016-06-21 19:55:26
377160,Fallout 4,positive,"This is horrible, but totally awesome","This is horrible , but totally awesome",2016-06-21 10:54:02
377160,Fallout 4,positive,(게임 히는중) 아 뭐야 재미 없네 스카이림이랑 똑같잖아 . . . . . 그렇게 100시간이 흘렀다,( 게임 히 는 중 ) 아 뭐 야 재미 없네 스카이림 이랑 똑같잖아 . . . . . 그렇게 100시간 이 흘렀다,2016-06-19 11:38:23
377160,Fallout 4,positive,"베데스다에서 출시된 새로운 게임이다. 역시 자자한 명성에 걸맞게 정말 즐거운 플레이를 할 수가 있었다. 버그가 종종 발생한다는 점을 제외하면, 다른 유저들이 말하는 전작에서부터 이어져 개선되지 않은 고질적인 단점, 진부함.. 등은 나는 전작들을 플레이 해보진 않았기 때문에 그런 것 들은 느낄 수는 없었다. 멀티플레이어 기반 게임을 즐겨하던 나에게 있어서는 Fallout 4라는 게임은 충분히 신선한 충격으로 다가왔다. 싱글플레이어 RPG게임이라는 장르에 걸맞게 작 중의 '커먼웰스'라고 하는 드넓은 무대에서 내가 원하는대로 캐릭터를 육","베데스다 에서 출시 된 새로운 게임 이다 . 역시 자자한 명성 에 걸 맞게 정말 즐거운 플레이 를 할 수가 있었다 . 버그 가 종종 발생 한다는 점 을 제외 하면 , 다른 유저 들 이 말 하는 전작 에서부터 이어져 개선 되지 않은 고질 적 인 단점 , 진부함 .. 등 은 나 는 전작 들 을 플레이 해보진 않았기 때문 에 그런 것 들은 느낄 수 는 없었다 . 멀티플레이어 기반 게임 을 즐겨하던 나 에게 있어서는 Fallout 4 라는 게임 은 충분히 신선한 충격 으로 다가왔다 . 싱글플레이어 RPG 게임 이라는 장르 에 걸 맞게 작 중 의 ' 커먼웰스 ' 라고 하는 드넓은 무대 에서 내 가 원하는대로 캐릭터 를 육",2016-06-19 06:20:18
377160,Fallout 4,positive,재미있게 플레이 했다. 그리고 특유의 버그도 한몫을 했다. 솔직히 생존모드를 하게 된다면 모드(버그패치)를 설치하냐 마냐라는 큰 딜레마 앞에 다시는 플레이하고픈 욕구가 생기지 않을지도 모른다. 지금까지 재미있게 플레이해서 추천은 한다만. 모든걸 청산하고 정리한 지금 이후로는 다시는 하고싶지 않은 게임이다.,재미있게 플레이 했다 . 그리고 특유 의 버그 도 한몫 을 했다 . 솔직히 생존 모드 를 하게 된다면 모드 ( 버그 패치 ) 를 설치 하냐 마냐라는 큰 딜레마 앞 에 다시는 플레이 하고픈 욕구 가 생기지 않을지도 모른다 . 지금 까지 재미있게 플레이 해서 추천 은 한 다만 . 모든 걸 청산 하고 정리 한 지금 이후 로는 다시는 하고싶지 않은 게임 이다 .,2016-06-19 00:56:45
377160,Fallout 4,positive,갓겜,갓 겜,2016-06-18 13:54:19
377160,Fallout 4,positive,"???: Here, I'll mark it on your map. (여기, 지도에 표시해 주겠습니다.)","???: Here , I ' ll mark it on your map . ( 여기 , 지도 에 표시 해 주겠습니다 .)",2016-06-18 06:04:10
377160,Fallout 4,positive,"변함없는 재미, 변함없는 버그...그래도 하게 된다.","변함 없는 재미 , 변함 없는 버그 ... 그래도 하게 된다 .",2016-06-16 01:01:15
377160,Fallout 4,positive,스토리 창렬이 있긴 하지만 시스템적으로 많이 발전한 모습이 좋습니다 렉도 조오온나 많이 생기고 암튼 DLC는 몇년 안에 묶음으로 2~3만원에 팔 확률이 존나 크니깐 미리 안사도 댑니다,스토리 창렬 이 있긴 하지만 시스템 적 으로 많이 발전 한 모습 이 좋습니다 렉 도 조 오온 나 많이 생기 고 암튼 DLC 는 몇 년 안 에 묶음 으로 2~3만원 에 팔 확률 이 존나 크니깐 미리 안 사도 댑니다,2016-06-15 12:35:06
377160,Fallout 4,positive,초반에 여러가지 미션하면서 업하고 파밍하고 스토리라인따라가면서 즐기다가 후반에 가면 단조로운 컨탠츠로 스토리 보고 끝냄 여튼 잼나는 게임인듯,초반 에 여러가지 미션 하면서 업 하고 파밍 하고 스토리 라인 따라가면서 즐기다가 후반 에 가면 단조로운 컨탠츠 로 스토리 보고 끝냄 여 튼 잼나는 게임 인 듯,2016-06-15 11:19:35
377160,Fallout 4,positive,"장점 : 훌륭한 전투 몰입도 캐릭터들의 연기 전작과 달리 발전된 AI와 강력해진 적들 넓은 지역을 돌아다니는 탐험 빌리징 시스템 단점 : 생각보다 부족한 무기류 근접무기의 밸런스 조정 실패 (너무약함) 일직선으로 진행되는 스토리 진행 따져보면 너무 단조로운 대화패턴(동의, 거부, 대답하지않음 거의 이 3개정도. ) 다수의 팩션은 존재하지만 정작 어떤식으로 가든 비슷비슷한 엔딩 총평 : 10점만점중에 7.5점 개인적으론 추가되던 DLC가 무기팩일거라고 기대했는데, 정작 파하버로 인해 풀린 무기는 4~5개 정도. 그리","장점 : 훌륭한 전투 몰입도 캐릭터 들 의 연기 전작 과 달리 발전 된 AI 와 강력해진 적 들 넓은 지역 을 돌아다니는 탐험 빌리 징 시스템 단점 : 생각 보다 부족한 무기 류 근접무기 의 밸런스 조정 실패 ( 너무 약함 ) 일직선 으로 진행 되는 스토리 진행 따져 보면 너무 단조로운 대화 패턴 ( 동의 , 거부 , 대답 하지 않음 거의 이 3 개정 도 . ) 다수 의 팩션 은 존재 하 지만 정작 어떤 식 으로 가든 비슷 비슷한 엔딩 총 평 : 10 점 만점 중 에 7.5 점 개인 적 으론 추가 되던 DLC 가 무기 팩 일거라고 기대했는데 , 정작 파 하버 로 인해 풀린 무기 는 4~5 개 정도 . 그리",2016-06-15 00:19:26
377160,Fallout 4,positive,솔직히 존나 대충만들엇는데 해준다 시발 재밋긴한데 시발 빡침 왤케 대충만든거야,솔직히 존나 대 충만 들 엇 는데 해준다 시발 재밋 긴한데 시발 빡침 왤케 대충 만든거야,2016-06-14 15:24:33
377160,Fallout 4,positive,sp0000000000000000000000000000000000000000000000000000000000000000000000000000000000000000000000000000000000000000000ke,sp 0000000000000000000000000000000000000000000000000000000000000000000000000000000000000000000000000000000000000000000 ke,2016-06-14 06:26:06
377160,Fallout 4,positive,"2015 최고의 게임 전작에 비해 못하다는 평가가 있지만 본인은 작보다 훌륭한 게임이라고 생각한다. 비록 자유도 면에서는 제한적인부분이 생겼지만, 발전한 그래픽과 하우징 시스템 그리고 영화적 연출을 차용하여 더욱 몰입할수 있는 환경을 제시했다. 차기작이 더욱 기대된다.","2015 최고 의 게임 전작 에 비해 못 하다는 평가 가 있지만 본인 은 작 보다 훌륭한 게임 이라고 생각 한다 . 비록 자유도 면 에서는 제한 적 인 부분 이 생겼지만 , 발전 한 그래픽 과 하우 징 시스템 그리고 영화 적 연출 을 차용 하여 더욱 몰입 할수 있는 환경 을 제시 했다 . 차기작 이 더욱 기대 된다 .",2016-06-11 12:20:41
377160,Fallout 4,positive,갓겜,갓 겜,2016-06-10 08:21:22
377160,Fallout 4,positive,느긋하게 시간 길게잡고 하기 딱 좋은 게임. 하지만 성질 급한 김치남들한테는 어렵겠지...,느긋하게 시간 길게 잡고 하기 딱 좋은 게임 . 하지만 성질 급한 김치 남 들 한테 는 어렵겠지 ...,2016-06-08 22:27:55
377160,Fallout 4,positive,2주 반정도 플레이 한것 같은데... 컨텐츠가 부족하네요... by 토끼겅듀,2 주 반정 도 플레이 한 것 같은데 ... 컨텐츠 가 부족하네요 ... by 토끼 겅듀,2016-06-06 22:27:06
377160,Fallout 4,positive,좋습니다 폴아웃만의 매력이 돋보입니다,좋습니다 폴아웃 만의 매력 이 돋보입니다,2016-06-05 23:55:26
377160,Fallout 4,positive,재밌네요 걍 엘더스크롤 미래판이라 보면 될듯,재밌네요 걍 엘더스크롤 미래 판이 라 보면 될듯,2016-06-05 23:16:47
377160,Fallout 4,positive,낙진 혹은 가을 떨어지다 4 역시 기대를 져버리지 않았습니다 fallout 1 때부터 지금까지 허를 찌르면서도 너무나도 당당하여 닥치고 플레이하게 만드는 버그들이 많습니다 버그는 아니지만 해킹한 어썰트론이 나도 모르게 날 따라다니다가 빠른 이동으로 굿네이버 갔는데 우연히 같이 도착해서 주민들이랑 맞다이 뜨는 거 보고 개당황 NPC 들은 둠처럼 지들끼리 쏘다 맞춰서 싸우기도 합니다. 어이 없는 촌극들을 다양하게 볼 수 있는 낙진4 꿀잼!,낙진 혹은 가을 떨어지다 4 역시 기대 를 져 버리지 않았습니다 fallout 1 때 부터 지금 까지 허를 찌르면서도 너무나도 당당하여 닥치고 플레이 하게 만드는 버그 들 이 많습니다 버그 는 아니지만 해킹 한 어썰트론 이 나도 모르게 날 따라다니다가 빠른 이동 으로 굿 네이버 갔는데 우연히 같이 도착 해서 주민 들 이랑 맞다이 뜨는 거 보고 개 당황 NPC 들은 둠처럼 지 들 끼리 쏘다 맞춰서 싸우기도 합니다 . 어이 없는 촌극 들 을 다양하게 볼 수 있는 낙진 4 꿀잼 !,2016-06-02 13:46:54
377160,Fallout 4,positive,RPG의 가치가 줄어들었지만 충분히 제 값을 하는 게임.,RPG 의 가치 가 줄어들었지만 충분히 제 값 을 하는 게임 .,2016-06-01 17:50:38
377160,Fallout 4,positive,한글패치도 없고 버그들도 쏠쏠하고 화면 해상도 설정도 제한이 많아서 맘에 안들지만 이거빼면 할만함,한글패치 도 없고 버그 들 도 쏠쏠하고 화면 해상도 설정 도 제한 이 많아서 맘 에 안 들 지만 이 거 빼면 할만 함,2016-06-01 16:02:52
377160,Fallout 4,positive,Thumps up(엄지 척),Thumps up ( 엄지 척 ),2016-05-28 22:50:13
377160,Fallout 4,positive,"The production quality of Fallout 4 is comparable to that of GTA V, The Witcher 3 and Metal Gear Solid V: The Phantom Pain. This game is definitely one of the most atmospheric games I've played. Especially, the nuke-blasted ruins look very realistic. The story is of course very compelling. I give my","The production quality of Fallout 4 is comparable to that of GTA V , The Witcher 3 and Metal Gear Solid V : The Phantom Pain . This game is definitely one of the most atmospheric games I ' ve played . Especially , the nuke - blasted ruins look very realistic . The story is of course very compelling . I give my",2016-05-23 11:54:50
377160,Fallout 4,positive,선택지 선택이 3이나 NV와는 완전 딴판... 그래도 폴아웃은 재밌슴다,선택 지 선택 이 3 이나 NV 와는 완전 딴판 ... 그래도 폴아웃 은 재밌슴다,2016-05-22 13:47:30
377160,Fallout 4,positive,폴아웃4는 분명 재미있는 게임이다. 그런데 아직 모드가 적어서 조금만 기다렸다가 하는게 더더욱 재밌는 게임이 될 것같다.,폴아웃 4 는 분명 재미있는 게임 이다 . 그런데 아직 모드 가 적어서 조금 만 기다렸다가 하는게 더 더욱 재밌는 게임 이 될 것 같다 .,2016-05-22 09:35:56
377160,Fallout 4,positive,사보시면 후회는 안하실거에요저는 재밌게 했거든요,사보시면 후회 는 안 하실거에요 저 는 재밌게 했거든요,2016-05-22 06:11:00
377160,Fallout 4,positive,하드게이머 아니면 후반에 좀 지치는 면이 있는데 재밌음,하드 게이머 아니면 후반 에 좀 지치는 면 이 있는데 재밌음,2016-05-21 14:59:48
377160,Fallout 4,positive,best beautiful ass game ever.,best beautiful ass game ever .,2016-05-21 08:32:24
377160,Fallout 4,positive,베이다스 게임을 오랬동안 했었던 사람으로서 평가는 이번작은 재미있다. 파괴된 세상에서 힘겹게 희망을 부풀리며 오픈월드에 탐험하는게 좋다. 이 회사의 고유한 단점이 있는데 그건 게임 출시 후 초반에 미친 버그들이 있었는데. 시간이 지나고 개선되서 단점이 더이상 안되지만 여튼 과거에 그런 아쉬운점 빼고 흠 잡을게 없음,베이 다스 게임 을 오 랬 동안 했었던 사람 으로서 평가 는 이 번작 은 재미있다 . 파괴 된 세상 에서 힘겹게 희망 을 부풀리며 오픈월드 에 탐험 하는게 좋다 . 이 회사 의 고유 한 단점 이 있는데 그건 게임 출시 후 초반 에 미친 버그 들 이 있었는데 . 시간 이 지나고 개선 되서 단점 이 더 이상 안되지만 여 튼 과거 에 그런 아쉬운 점 빼고 흠 잡을게 없음,2016-05-20 19:10:20
377160,Fallout 4,positive,음 좀더 부족하지만 재미있습니다,음 좀더 부족하지만 재미있습니다,2016-05-18 17:54:10
377160,Fallout 4,positive,갓겜이 나간다 길을비켜라,갓 겜 이 나간다 길 을 비켜라,2016-05-18 07:47:09
377160,Fallout 4,positive,딱.. 한 시간만 더..,딱 .. 한 시간 만 더 ..,2016-05-15 19:12:54
377160,Fallout 4,positive,"폴아웃3도 해봤고 비교도 많이 되지만, 폴아웃4는 최고다.","폴아웃 3 도 해봤고 비교 도 많이 되지만 , 폴아웃 4 는 최고다 .",2016-05-14 16:23:00
377160,Fallout 4,positive,꽤 할만한 게임,꽤 할만 한 게임,2016-05-13 21:00:35
377160,Fallout 4,positive,"형편없다는 말 취소. 1.5 패치 이후 서바이벌 난이도 켜면 완전 딴판의 멋진 게임이 된다. 물론 서바이벌 한정. 진지하게 패드 끄고 키보드+마우스를 쓰게 만든다. 폴아웃 4의 서바이벌 모드가 뉴베가스의 소여 모드보다 더 합리적이고 훌륭하다. 생존 수치가 명확하게 숫자로 나오지 않는 것도 그렇고, 침대에서만 저장할 수 있는 것도 그렇고. 빠른 이동 봉인하는 것도 그렇고. 퍼셉션을 아주 현실적으로 너프한 게 압권. 아드레날린 덕분에 생존 지표들에 시달리면서도 끊임없이 공격적으로 탐험을 해야 하고, 아주 일찍부터 빌리징에 손대야 한","형편 없다는 말 취소 . 1.5 패치 이후 서바이벌 난이도 켜면 완전 딴판 의 멋진 게임 이 된다 . 물론 서바이벌 한정 . 진지하게 패드 끄고 키 보드 + 마우스 를 쓰게 만든다 . 폴아웃 4 의 서바이벌 모드 가 뉴 베가스 의 소 여 모드 보다 더 합리 적 이고 훌륭하다 . 생존 수치 가 명확하게 숫자 로 나오지 않는 것 도 그렇고 , 침대 에서만 저장 할 수 있는 것 도 그렇고 . 빠른 이동 봉인 하는 것 도 그렇고 . 퍼셉션 을 아주 현실 적 으로 너프 한 게 압권 . 아드레날린 덕분 에 생존 지표 들 에 시달리면서도 끊임없이 공격 적 으로 탐험 을 해야 하고 , 아주 일찍 부터 빌리 징 에 손대야 한",2016-05-08 01:10:39
377160,Fallout 4,positive,서바이벌 난이도가 해금된 순간부터 진짜 즐거워지기 시작햇습니다초보분들은 난이도 낮게하시다가 좀 익숙해졋다 싶으시면 서바이벌 난이도를 한번 해보시면 진짜 즐거움을 느낄수 있습니다.,서바이벌 난이도 가 해금 된 순간 부터 진짜 즐거워지기 시 작 햇습니 다 초보 분들 은 난이도 낮게하시다가 좀 익숙해 졋 다 싶으시면 서바이벌 난이도 를 한번 해보시면 진짜 즐거움 을 느낄수 있습니다 .,2016-05-06 00:41:03
377160,Fallout 4,positive,"크리에이션 클럽 쉴드를 치자면, 쉴드로 베데스다를 쳐야 합니다. 하지만 게임 자체는 괜찮습니다. 매우 재밌습니다.","크리에이션 클럽 쉴드 를 치자 면 , 쉴드 로 베데스다 를 쳐야 합니다 . 하지만 게임 자체 는 괜찮습니다 . 매우 재밌습니다 .",2016-05-03 18:54:47
377160,Fallout 4,positive,질려서 오래 못할게임,질려서 오래 못 할 게임,2016-05-03 18:07:16
377160,Fallout 4,positive,제미 있음,제 미 있음,2016-05-02 10:24:15
377160,Fallout 4,positive,여캐가 이쁘다,여캐 가 이쁘다,2016-04-25 20:38:41
377160,Fallout 4,positive,다 좋은데 총기가 맘에 안든다. 내가 뉴베가스에 익숙해져서 그런가?,다 좋은데 총기 가 맘 에 안든다 . 내 가 뉴 베가스 에 익숙해져서 그 런가 ?,2016-04-24 08:57:28
377160,Fallout 4,positive,드디어 엔딩 1개 봤다 . 그냥 재밌다 그리고 난 게임에 통수만첬다. 조직에 가입하고 다음 미션 들어가면 내가 가입한 조직을 없에라고해서 조직에 가임된동료들을 죽였다. 그때 내기분 먼지알아? 더러웠다 그리고 내가 이게임 추천주는이유를 알려주지 +도그믹 이랑 다니면 산책하는 기분 +파이퍼 랑 같이다니면 친구랑 놀러가는 기분 +등등 동료와 같이 다닐수있는게 좋다 + 파워아머 를 입을때 멋있다 [spoiler]아무죄없는 사람들 죽이기 꿀잼[spoiler],드디어 엔딩 1 개 봤다 . 그냥 재밌다 그리고 난 게임 에 통 수만 첬 다 . 조직 에 가입 하고 다음 미션 들어가면 내 가 가입 한 조직 을 없에 라고 해서 조직 에 가 임 된 동료 들 을 죽였다 . 그때 내 기분 먼지 알 아 ? 더러웠다 그리고 내 가 이 게임 추천 주는 이유 를 알려주지 + 도그믹 이랑 다니면 산책 하는 기분 + 파이퍼 랑 같이 다니면 친구 랑 놀러 가는 기분 + 등등 동료 와 같이 다닐수있는게 좋다 + 파워 아 머 를 입 을 때 멋있다 [ spoiler ] 아무 죄 없는 사람 들 죽이기 꿀잼 [ spoiler ],2016-04-24 01:37:25
377160,Fallout 4,positive,"실망했다고 하는 사람들이 많지만 난 폴아웃3나 폴아웃 뉴베가스보다 훨씬 더 재미있게 했음. 설정부터 시작해서 동료들 스토리도 마음에 들었고, DLC로 더 나왔으면 좋겠다고 생각함.","실망했다고 하는 사람 들 이 많지만 난 폴아웃 3 나 폴아웃 뉴 베가스 보다 훨씬 더 재미있게 했음 . 설정 부터 시작 해서 동료 들 스토리 도 마음 에 들었고 , DLC 로 더 나왔으면 좋겠다고 생각 함 .",2016-04-20 14:31:49
377160,Fallout 4,positive,"재미는 있으나.. 전작처럼 4회차 5회차 까지 갈까 싶어요. 스토리의 흐름자체가 일맥상통하기때문에 내가 어떤 선택을 하던 결국 같은 결말 , 요즘은 그냥 정착지꾸미기나하면서 놀고있네요.","재미 는 있으나 .. 전작 처럼 4회 차 5회 차 까지 갈까 싶어요 . 스토리 의 흐름 자체 가 일맥상통 하기 때문 에 내 가 어떤 선택 을 하던 결국 같은 결말 , 요즘 은 그냥 정착 지 꾸미기 나하면서 놀고있네요 .",2016-04-20 09:51:06
377160,Fallout 4,positive,8.5+. 준수한 게임,8.5 +. 준수 한 게임,2016-04-19 23:09:17
377160,Fallout 4,positive,"확실히 3보다는 못하긴 하지만, 그래도 잼나요.","확실히 3 보다는 못 하긴 하지만 , 그래도 잼나요 .",2016-04-19 14:14:02
377160,Fallout 4,positive,"베데스다의 단점과 장점이 크게 들어난 게임입니다. 일단 메인 스토리를 보자면 베데스다가 만든 전작인 폴아웃 3 보다 매우 발전된 플롯을 가지고 있습니다만 옵시디언이 만든 폴아웃 : 뉴 베가스 보단 떨어진다고 볼수 있겠지요. 두번째로 레벨 디자인 적인 측면에선 폴아웃 시리즈가 아닌 베데스다 후속작이란 느낌이 강하게 나옵니다. 던전 역할을 하는 지역들을 예로 들자면 리젠 시스템, 단순화된 일방향 루트, 무한 파밍 등등 이것이 사람에 따라서 단점도 장점도 될 수 있는 요소입니다. 베데스다 게임 팬이라면 좋아할 수도 있겠으나 폴아웃","베데스다 의 단점 과 장점 이 크게 들어난 게임 입니다 . 일단 메인 스토리 를 보자면 베데스다 가 만든 전작 인 폴아웃 3 보다 매우 발전 된 플롯 을 가지 고 있습니다만 옵시디언 이 만든 폴아웃 : 뉴 베가스 보단 떨어진다고 볼수 있겠지요 . 두번째 로 레벨 디자인 적 인 측면 에선 폴아웃 시리즈 가 아닌 베데스다 후속작 이란 느낌 이 강하게 나옵니다 . 던전 역할 을 하는 지역 들 을 예 로 들자면 리젠 시스템 , 단순화 된 일 방향 루트 , 무한 파밍 등등 이 것 이 사람 에 따라서 단점 도 장점 도 될 수 있는 요소 입니다 . 베데스다 게임 팬 이 라면 좋아할 수도 있겠으나 폴아웃",2016-04-18 15:23:31
377160,Fallout 4,positive,갓-겜,갓 - 겜,2016-04-17 20:47:29
377160,Fallout 4,positive,good..,good ..,2016-04-17 02:25:30
377160,Fallout 4,positive,비록 사놓고 다크소울3에 밀려서 못하고 있지만 대충 해봐도 정말 할거 많아보임. 스카이림 fps 판이라고 보면 될 듯.,비록 사놓고 다크 소울 3 에 밀려서 못 하고 있지만 대충 해봐도 정말 할거 많아 보임 . 스카이림 fps 판이 라고 보면 될 듯 .,2016-04-13 13:24:56
377160,Fallout 4,positive,"의문스러운 스토리, 베데스다 특유의 깊이없는 다이알로그. 그럼에도 불구하고 이 게임에는 무엇인가 있습니다. 종말 이후의 새로운 세계인 보스턴을 걸어다니며 총격전을 하고 잘 디자인된 레트로 퓨쳐 스타일의 사물들과 배경들이 가득한 곳을 이것저곳 뒤지다보면 시간이 흘러도 다시 둘러보고싶어지는 그런 매력이 있습니다. 베데스다 특유의 깊이감없고 두루뭉술하며 단순한 퀘스트 묘사는 분명 폴아웃 프렌챠이즈로서 후퇴지만 폴아웃이라는 게임의 플레이가 확실히 한단계 업그레이드 되었다는 느낌은 고무적입니다.","의문 스러운 스토리 , 베데스다 특유 의 깊이 없는 다 이 알 로그 . 그럼에도 불구 하고 이 게임 에는 무엇 인가 있습니다 . 종말 이후 의 새로운 세계 인 보스턴 을 걸어다니며 총 격전 을 하고 잘 디자인 된 레트로 퓨쳐 스타일 의 사물 들 과 배경 들 이 가득한 곳 을 이 것 저 곳 뒤지다 보면 시간 이 흘러도 다시 둘러보고싶어지는 그런 매력 이 있습니다 . 베데스다 특유 의 깊이 감 없고 두루 뭉술 하 며 단순한 퀘스트 묘사 는 분명 폴아웃 프렌챠 이 즈 로서 후퇴 지만 폴아웃 이라는 게임 의 플레이 가 확실히 한 단계 업그레이드 되었다는 느낌 은 고 무적 입니다 .",2016-04-13 00:55:40
377160,Fallout 4,positive,누카월드 가장 좆같은점 거대 바퀴벌레 죽이면 나오는 미니 바퀴벌레 씹 ㅋㅋ 육성으로 소리질름,누카 월드 가장 좆 같은 점 거대 바퀴벌레 죽이면 나오는 미니 바퀴벌레 씹 ㅋㅋ 육성 으로 소리 질름,2016-04-11 22:12:28
377160,Fallout 4,positive,1시간동안이겜을한거 같은데 2틀이지났네요 와우,1시간 동안이겜을한거 같은데 2 틀 이지 났네요 와우,2016-04-11 18:56:10
377160,Fallout 4,positive,씹갓겜 핵꿀잼 ㅇㅈ? ㅇㅇㅈ~,씹 갓 겜 핵꿀잼 ㅇㅈ ? ㅇㅇㅈ ~,2016-04-10 23:51:56
377160,Fallout 4,positive,good,good,2016-04-10 06:40:00
377160,Fallout 4,positive,왠지 그냥 FPS가 된 느낌이야,왠지 그냥 FPS 가 된 느낌 이야,2016-04-06 12:54:53
377160,Fallout 4,positive,하면 할수록 더 몰입되는 게임,하면 할수록 더 몰입 되는 게임,2016-04-05 23:10:13
377160,Fallout 4,positive,흠..얼마 안한거 같은데...,흠 .. 얼마 안 한거 같은데 ...,2016-04-05 20:40:22
377160,Fallout 4,positive,not bed,not bed,2016-04-05 19:03:23
377160,Fallout 4,positive,재밋다. 재밋긴 한데 전처럼 뭔가 스토리의 쫀득쫀득한 맛이 없다... -베다스다 가입해서 워크샵 하세요.아주 좋음 -200시간 3회차 도중 적는글 확실히 게임을 하면서 느낀건데 스토리할떄 선역보단 악역이 더 재미있던것 같네요 지문들도 뭔가 더 많고 조용히 내리까는 말만 중얼거리는게 아니라 비웃거나 화내고 짜증도내고 뭔가 더 입체적인 느낌. 그동안 양심찔려서 못하고있었는데 정말 정성들여만든게 아주 꾸르잼 또 하면서 느낀거지만 정말 건설시스템 아주...아주...불편합니다. 뭔가 좀 허름한 판자촌 좀 만들어볼라면 아주 하...,재밋다 . 재밋긴 한데 전 처럼 뭔가 스토리 의 쫀득쫀득 한 맛 이 없다 ... - 베 다스 다 가입 해서 워크샵 하세요 . 아주 좋음 - 200시간 3회 차 도중 적는 글 확실히 게임 을 하면서 느낀건데 스토리 할떄 선역 보단 악역 이 더 재미있던것 같네요 지문 들 도 뭔가 더 많고 조용히 내 리까 는 말 만 중얼거리는게 아니라 비웃거나 화 내고 짜증 도 내고 뭔가 더 입체 적 인 느낌 . 그동안 양심 찔려서 못 하고있었는데 정말 정성 들 여 만든게 아주 꾸르잼 또 하면서 느낀거지만 정말 건설 시스템 아주 ... 아주 ... 불편합니다 . 뭔가 좀 허름 한 판자촌 좀 만들어 볼라 면 아주 하 ...,2016-04-04 22:50:30
377160,Fallout 4,positive,폴아웃시리즈를 하시던분은 호불호가 있지만 스카이림으로 베데스다 알피지를 알게된 저는 재밌었습니다.,폴아웃 시리즈 를 하시던 분 은 호불호 가 있지만 스카이림 으로 베데스다 알피 지를 알 게 된 저 는 재밌었습니다 .,2016-04-04 18:36:10
377160,Fallout 4,positive,베데스다 특유의 유저가 게임을 완성하는 게임,베데스다 특유 의 유저 가 게임 을 완성 하는 게임,2016-04-04 05:59:21
377160,Fallout 4,positive,그래픽이 좀 아쉬움,그래픽 이 좀 아쉬움,2016-04-03 20:20:19
377160,Fallout 4,positive,핍보이가 왜이리 불편하게 느껴질까,핍 보이 가 왜 이리 불편하게 느껴질까,2016-04-03 12:40:02
377160,Fallout 4,positive,정말 최고의 게임!!,정말 최고 의 게임 !!,2016-04-02 21:20:14
377160,Fallout 4,positive,이 게임을 플레이 한 후 집에있는 선풍기를 뜯어 나사를 얻고 어머니께 등짝을 맞았습니다. 10/10,이 게임 을 플레이 한 후 집 에 있는 선풍기 를 뜯어 나사 를 얻고 어머니 께 등짝 을 맞았습니다 . 10/10,2016-04-02 19:16:33
377160,Fallout 4,positive,굳!,굳 !,2016-03-30 20:29:33
377160,Fallout 4,positive,"출시후 후반에 개발진에서 뻘짓이 있긴 했지만,인생에 기억남는 게임이다.","출시 후 후반 에 개발 진 에서 뻘짓 이 있긴 했지만 , 인생 에 기억남는 게임 이다 .",2016-03-29 23:42:08
377160,Fallout 4,positive,재미없어도 재미있는게임 진짜 알피지입니다 탐험하세요,재미없어도 재미있는 게임 진짜 알피 지 입니다 탐험 하세요,2016-03-29 05:30:46
377160,Fallout 4,positive,갓겜 말이 필요한가?,갓 겜 말 이 필요한가 ?,2016-03-27 20:22:40
377160,Fallout 4,positive,폴아웃4 꿀잼임 그냥 하셈요,폴아웃 4 꿀잼임 그냥 하 셈 요,2016-03-27 16:08:07
377160,Fallout 4,positive,상당히 재미있는 오픈월드 세계.,상당히 재미있는 오픈월드 세계 .,2016-03-27 09:19:50
377160,Fallout 4,positive,콘솔로 먼저 즐겨보고 PC를 나중에 해봄. 콘솔로 한 200시간쯤 했을거임. 그정도로 바닐라 완성도가 높음. 그렇지만 FPS폴아웃 전작들을 해봤다면 실망스러운 부분도 있을것임. 그렇다고 쓰레기 게임은 아님. 잘만든 게임.,콘솔 로 먼저 즐겨 보고 PC 를 나중 에 해봄 . 콘솔 로 한 200시간 쯤 했을거 임 . 그 정도 로 바닐라 완성 도 가 높음 . 그렇지만 FPS 폴아웃 전작 들 을 해봤다면 실망 스러운 부분 도 있을것 임 . 그렇다고 쓰레기 게임 은 아님 . 잘만 든 게임 .,2016-03-27 00:07:18
377160,Fallout 4,positive,아 갓겜인데 dlc 너무 비싸다 ;;,아 갓 겜 인데 dlc 너무 비싸다 ;;,2016-03-25 19:18:02
377160,Fallout 4,positive,옷 깔맞춤과 생존 가능성 사이에서 갈등해야 하는 점만 빼면 좋은 게임입니다.,옷 깔 맞춤 과 생존 가능성 사이 에서 갈등 해야 하는 점 만 빼면 좋은 게임 입니다 .,2016-03-24 09:16:02
377160,Fallout 4,positive,좋은게임이지만 폴아웃시리즈느낌은아닌듯,좋은 게임 이지만 폴아웃 시리즈 느낌 은 아닌듯,2016-03-24 00:24:25
377160,Fallout 4,positive,앙 폴덕띠,앙 폴덕띠,2016-03-23 17:30:50
377160,Fallout 4,positive,This is fun to play its fun ti roam around because your a wanderer a lone wanderer,This is fun to play its fun ti roam around because your a wanderer a lone wanderer,2016-03-23 01:42:42
377160,Fallout 4,positive,역시 이만한 게임이 없음 분위기와 분위기,역시 이만 한 게임 이 없음 분위기 와 분위기,2016-03-22 20:34:50
377160,Fallout 4,positive,"I heard of another settlement that needs our help Here, I'll mark it on your map 장군님, 또 다른 정착지가 우리의 도움을 요청했습니다 맵에 찍어드리도록 하겠습니다.","I heard of another settlement that needs our help Here , I ' ll mark it on your map 장군 님 , 또 다른 정착 지 가 우리 의 도움 을 요청 했습니다 맵 에 찍어 드리도록 하겠습니다 .",2016-03-22 11:14:34
377160,Fallout 4,positive,"핵전쟁 이후의 처참함과 망가진 사회, 그리고 은근히 해보면 괜찮은 그래픽이 합쳐져 마치 세계 2차대전 이후에 3차대전이 일어났다면 어떻게 되었을까 하는 물음에 대해 좋은 예시가 되어주는 게임입니다. 게임플레이 중 전투만큼은 정말 재미있고 빌리징도 재미있습니다. 다만, 다회차 플레이어의 경우에는 빌리징은 그저 귀찮을뿐일 수도 있겠군요. 하지만 아무리 다시 하더라도 여전히 영화 28주후처럼 무서운 속도로 달려드는 구울들과 나타났다 하면 일단 튀어야하는 데스클로, 올때 등딱지로 얼굴 가리고 다가오는 마이얼럭들의 위협은 전투를 매우 진지","핵전쟁 이후 의 처참함과 망가진 사회 , 그리고 은근 히 해보면 괜찮은 그래픽 이 합쳐져 마치 세계 2 차 대전 이후 에 3 차 대전 이 일어났다면 어떻게 되었을까 하는 물음 에 대해 좋은 예시 가 되어주는 게임 입니다 . 게임 플레이 중 전투 만큼은 정말 재미있고 빌리 징 도 재미있습니다 . 다만 , 다 회차 플레이어 의 경우 에는 빌리 징 은 그저 귀찮을 뿐일 수도 있겠군요 . 하지만 아무리 다시 하더라도 여전히 영화 28 주 후 처럼 무서운 속도 로 달려드는 구울 들 과 나타났다 하면 일단 튀어 야하는 데스 클로 , 올 때 등 딱지 로 얼굴 가리고 다가오는 마이 얼럭 들 의 위협 은 전투 를 매우 진지",2016-03-22 00:13:45
377160,Fallout 4,positive,명불허전,명불허전,2016-03-18 12:40:58
377160,Fallout 4,positive,너무 제밌습니다 ^_^,너무 제밌습니 다 ^_^,2016-03-18 05:40:08
377160,Fallout 4,positive,당신은 시작하는 순간 감동에 벅찰겁니다. 미래를 생각하겠죠 이 찬란한 아침에서 곧 바뀔 세기말에서 나의 행동으로 무엇을 할까? 선한자? 방랑자? 악인? 당신이 원하는 모든 것이 될수있습니다 단지 당신은 세기말 심시티가 더 재밌어 좆도 스토리 따윈 ㅈ까라고 하겠지만요,당신 은 시작 하는 순간 감동 에 벅찰 겁니다 . 미래 를 생각 하겠죠 이 찬란한 아침 에서 곧 바뀔 세기말 에서 나 의 행동 으로 무엇 을 할까 ? 선한자 ? 방랑자 ? 악인 ? 당신 이 원하는 모든 것 이 될수있습니다 단지 당신 은 세기말 심시티 가 더 재밌어 좆 도 스토리 따윈 ㅈ 까라고 하겠지만 요,2016-03-17 20:14:17
377160,Fallout 4,positive,"한동안 폴아웃의 감성에서 빠져나올수없었다, 다이아몬드시티 라디오를 켜두고 레벨을 올리던.. 행복했던 나날들 ps. 라디오에서 나오는 노래들이 올드하긴 한대 듣다보면 헤어나올수없다","한동안 폴아웃 의 감성 에서 빠져나올수 없었다 , 다이아몬드 시티 라디오 를 켜 두고 레벨 을 올리던 .. 행복했던 나날 들 ps . 라디오 에서 나오는 노래 들 이 올 드하 긴 한 대 듣다 보면 헤어 나올수 없다",2016-03-13 21:46:24
377160,Fallout 4,positive,"최소 평가를 쓰려면 100시간 이상은 해야한다고 생각해서 100시간은 넘겼다 우선 전작이랑 비교하자면 좀더 밝은 분위기임 커스터마이징 좋구요 무기 커스터마이징 좋구요 모션,타격감,배우의 연기력 모두 전작에 비교해서 다 좋아졋음 그런데 시발 베데스다 이 시발 젓같은 새끼들은 유저보고 게임을 처 만들라는 건가 좀 완성된 게임을 처 내놓으라고 시발것들아 지들 대충 게임 것 껍질만 구축시켜놓고 나머지는 유저가 버그 고치고 그래픽 고치고 이것저것 모드를 통해 고치고있네 버는 돈 반은 회식비로 처쓰나봄? 시발것들","최소 평가 를 쓰려면 100시간 이상은 해야 한다고 생각 해서 100시간 은 넘겼다 우선 전작 이랑 비교 하자면 좀더 밝은 분위기 임 커스터 마이 징 좋구요 무기 커스터 마이 징 좋구요 모션 , 타 격감 , 배우 의 연기력 모두 전작 에 비교 해서 다 좋아졋음 그런데 시발 베데스다 이 시발 젓 같은 새끼 들 은 유저 보고 게임 을 처 만들라는 건가 좀 완성 된 게임 을 처 내놓으라고 시발 것 들 아 지 들 대충 게임 것 껍질 만 구축 시켜놓고 나머지 는 유저 가 버그 고치 고 그래픽 고치 고 이 것 저 것 모드 를 통해 고치 고 있네 버 는 돈 반 은 회식비 로 처 쓰나 봄 ? 시발 것 들",2016-03-12 16:29:35
377160,Fallout 4,positive,"마치 MSG를 뿌려놓은 똥 같은 게임. 베데스다 특유의 단점이 끔찍할정도로 많이 드러나지만, 동시에 바보처럼 계속 플레이하게 만든다.","마치 MSG 를 뿌려놓은 똥 같은 게임 . 베데스다 특유 의 단점 이 끔찍할 정도 로 많이 드러나지만 , 동시 에 바보 처럼 계속 플레이 하게 만든다 .",2016-03-12 12:18:32
377160,Fallout 4,positive,이것은 갓겜이다. 꼭 하도록,이 것 은 갓 겜 이다 . 꼭 하도록,2016-03-11 23:57:17
377160,Fallout 4,positive,"세기의 빅엿, 폐기물인 76의 충격에서 헤어나오지 못하시는 분들에겐 4가 준수한 선택지죠. 폴아웃 시리즈 입문을 4로 해서 전작의 명성은 체감이 잘 되지 않지만 개인적으로는 정감이 많이 갔습니다. 하지만 방대한 스토리라인이나 세계관을 제외하고 정착지 관리 콘텐츠는 다소 부실하거나 정신병 걸리는 수준의 반복입니다, 모드를 동원하시면 다소 보완될 수 있으니 참고하세요. 그리고 제일 조심할 건, Preston Garvey입니다, 스포일러가 아니라, 진짜 직접 해보세요. :)","세기 의 빅엿 , 폐기물 인 76 의 충격 에서 헤어 나오지 못 하시는 분 들 에겐 4 가 준수 한 선택 지죠 . 폴아웃 시리즈 입문 을 4 로 해서 전작 의 명성 은 체감 이 잘 되지 않지만 개인 적 으로는 정감 이 많이 갔습니다 . 하지만 방대한 스토리 라인 이나 세계관 을 제외 하고 정착 지 관리 콘텐츠 는 다소 부실하거나 정신병 걸리는 수준 의 반복 입니다 , 모드 를 동원 하시면 다소 보완 될 수 있으니 참고 하세요 . 그리고 제일 조심할 건 , Preston Garvey 입니다 , 스포일러 가 아니라 , 진짜 직접 해보세요 . :)",2016-03-11 13:12:29
377160,Fallout 4,positive,"RPG 매니아 게이머들에게 한번 쯤 플레이를 권하고 싶은 명작 베데스다 표 RPG 특유의 볼륨과 구석구석 디테일이 살아 숨쉬는 명작 이런소리는 다른 리뷰에서도 많이 있을테니 왜 이것이 헬조선에서 살아가는 게이머에게 경험이 필요한 게임인지 살펴봅시다. 게임을 하다보면 핵전쟁으로 다 망했음에도 불구하고 잘나가는 두 집단이 나옵니다. 문제는 이 잘나가는 새끼들이 한결같이 골때린다는 점인데, 한쪽은 군국주의에 찌든 깡패새끼들이자 전체주의에 푹 빠진 꼰대이며 꼴통들입니다. 마치 헬조선의 대기업처럼 문어발식으로 미","RPG 매니아 게이머 들 에게 한번 쯤 플레이 를 권하고 싶은 명작 베데스다 표 RPG 특유 의 볼륨 과 구석구석 디테 일이 살 아 숨쉬는 명작 이런 소리 는 다른 리뷰 에서도 많이 있을테니 왜 이 것 이 헬조선 에서 살아가는 게이머 에게 경험 이 필요한 게임 인지 살펴봅시다 . 게임 을 하다 보면 핵전쟁 으로 다 망했음에도 불구 하고 잘나가는 두 집단 이 나옵니다 . 문제 는 이 잘나가는 새끼 들 이 한결같이 골 때린다는 점 인데 , 한쪽 은 군국 주의 에 찌든 깡패 새끼 들 이자 전체주의 에 푹 빠진 꼰대 이며 꼴통 들입니다 . 마치 헬조선 의 대기업 처럼 문어 발 식 으로 미",2016-03-10 17:01:41
377160,Fallout 4,positive,솔직히 버그가 많아서 재밌었음,솔직히 버그 가 많아서 재밌었음,2016-03-09 18:59:57
377160,Fallout 4,positive,아주 재밌있습니다.,아주 재밌있습니다 .,2016-03-09 18:09:38
377160,Fallout 4,positive,잼씀 근데 폴아웃이아니라 엘더스크롤총버전임,잼 씀 근데 폴아웃 이 아니라 엘더스크롤 총 버전 임,2016-03-08 19:52:59
377160,Fallout 4,positive,best of best,best of best,2016-03-08 00:57:58
377160,Fallout 4,positive,"폴아웃보다 많이 발전된 타격감, 그래픽이 너무 감동적이다 ㅠㅠㅠㅠㅠㅠ 하지만 스카이림처럼 엄마없는 버그가 아직도 심한듯 ㅠㅠㅠ","폴아웃 보다 많이 발전 된 타 격감 , 그래픽 이 너무 감동 적 이다 ㅠㅠㅠㅠㅠㅠ 하지만 스카이림 처럼 엄마 없는 버그 가 아직도 심한듯 ㅠㅠㅠ",2016-03-07 21:36:11
377160,Fallout 4,positive,많은 논란이 있지만 이 게임은 여전히 추천할만한 세계관과 게임성을 안겨주고 있다. 여러가지 버그는 게임의 방해요소이지만 베데스다의 꾸준한 관심과 패치를 기대한다.,많은 논란 이 있지만 이 게임 은 여전히 추천 할만 한 세계관 과 게임 성 을 안겨주고 있다 . 여러가지 버그 는 게임 의 방해 요소 이지만 베데스다 의 꾸준한 관심 과 패치 를 기대한다 .,2016-03-06 23:08:48
377160,Fallout 4,positive,폴아웃 3의 긴장감을 살리지는 못한거같다,폴아웃 3 의 긴장감 을 살리지는 못 한거 같다,2016-03-06 17:27:53
377160,Fallout 4,positive,"게임 불감증에 걸려있던 나에게 몇 년만의 엔딩을 보게해 준 게임. 팀 왈도의 한글화 영향이 컸지만, 같은 회사의 엘더스크롤: 스카이림도 한글화로 플레이했지만 결국 엔딩을 못 보고 접었던 것에 비하면 몰입도는 한층 업그레이드 되었던 것 같다. 메인 스토리와 몇 몇 사이드 퀘스트를 진행하며 60시간여만에 엔딩을 봤는데, 2회차 플레이 시 내가 익숙해진 것을 빼면 다시 원점부터 시작해야되는 부분이 아쉬웠다. 일방향 진행이 아닌 만큼 한 번 엔딩을 보고 2회차 이상 플레이 시에는 특전이나 편의성이 증가된다면 더욱 좋지 않았을까 싶다.","게임 불감증 에 걸려있던 나 에게 몇 년 만의 엔딩 을 보게해 준 게임 . 팀 왈도 의 한글화 영향 이 컸지만 , 같은 회사 의 엘더스크롤 : 스카이림 도 한글화 로 플레이 했지만 결국 엔딩 을 못 보고 접었던 것 에 비 하면 몰입도 는 한층 업그레이드 되었던 것 같다 . 메인 스토리 와 몇 몇 사이드 퀘스트 를 진행 하며 60시간 여만에 엔딩 을 봤는데 , 2회 차 플레이 시 내 가 익숙해진 것 을 빼면 다시 원점 부터 시작 해야 되는 부분 이 아쉬웠다 . 일 방향 진행 이 아닌 만큼 한 번 엔딩 을 보고 2회 차 이상 플레이 시 에는 특전 이나 편의 성 이 증가 된다면 더욱 좋지 않았을까 싶다 .",2016-03-05 22:55:14
377160,Fallout 4,positive,very fun and exciting,very fun and exciting,2016-03-04 21:52:40
377160,Fallout 4,positive,플레이 타임이 아쉽다,플레이 타임 이 아쉽다,2016-02-28 03:09:50
377160,Fallout 4,positive,집짓기 개꿀잼 총쏘기 개꿀잼 벌레잡기 개꿀잼 해킹 개꿀잼 언락 개꿀잼,집짓기 개꿀잼 총 쏘기 개꿀잼 벌레 잡기 개꿀잼 해킹 개꿀잼 언락 개꿀잼,2016-02-27 16:31:55
377160,Fallout 4,positive,마누라 결혼반지를 다른 여자한테 줄수있음.,마누라 결혼반지 를 다른 여자 한테 줄수있음 .,2016-02-27 11:22:47
377160,Fallout 4,positive,아군은 누구고 적군은 누구?,아군 은 누구 고 적군 은 누구 ?,2016-02-26 19:01:29
377160,Fallout 4,positive,말그대로 폴아웃3 후속작 재밌긴 한데 예전처럼만 재밌음 진보가 없엉,말 그대로 폴아웃 3 후속작 재밌긴 한데 예전 처럼만 재밌음 진보 가 없 엉,2016-02-26 15:49:53
377160,Fallout 4,positive,[h1]사랑하는 아들아[/h1] 정착지 짓고 정착민 구하고 잡동사니 줍고 무기 팔고 레이더랑 싸우고 지하세계 음모를 밝히고 놀이동산 불도 밝히고 배타고 바다건너 머나먼 섬에 항구 들렀다가 금방 가도록 하마,[ h 1 ] 사랑 하는 아들 아 [/ h 1 ] 정착 지 짓고 정착민 구 하고 잡 동사 니 줍고 무기 팔고 레이더 랑 싸우고 지하세계 음모 를 밝히고 놀이동산 불도 밝히고 배타 고 바다 건너 머나먼 섬 에 항구 들렀다가 금방 가도록 하마,2016-02-25 18:47:45
377160,Fallout 4,positive,"일단 어설플수도 있지만 개인적으로 말하자면 +장점:타격감 향상 개성있는 총기,파워아머 커스텀마이징,하우징시스템 덕분에 전작에 쓸모없는 잡동서니가 쓸모가있게해줌(본격 폴시티) 흥미롭고 다양한 모험거리 레전더리 적이 나와서 도전감이 늘어짐 레벨제한 없음 모션이 스카이림보다 나아짐(점프모션 제외) 매력적이고 방대하고 디테일한 세계관 개성있고 이야기가 흥미로운 동료 모델링이 디테일함 정지시간이아닌 슬로우모션으로","일단 어설플수도 있지만 개인 적 으로 말 하자면 + 장점 : 타 격감 향상 개성 있는 총기 , 파워 아 머 커 스텀 마이 징 , 하우 징 시스템 덕분 에 전작 에 쓸모없는 잡 동 서 니 가 쓸모 가 있게 해줌 ( 본격 폴 시티 ) 흥미 롭고 다양한 모험 거리 레전더 리 적 이 나와서 도전 감 이 늘어짐 레벨 제한 없음 모션 이 스카이림 보다 나아짐 ( 점프 모션 제외 ) 매력 적 이고 방대하고 디테일 한 세계관 개성 있고 이야기 가 흥미로운 동료 모델링 이 디테 일 함 정지 시간 이 아닌 슬로우모션 으로",2016-02-21 17:56:11
377160,Fallout 4,positive,재미있네요,재미있네요,2016-02-20 17:09:32
377160,Fallout 4,positive,재밌다!!!!!!!!!!!!!!,재밌다 !!!!!!!!!!!!!!,2016-02-19 15:34:44
377160,Fallout 4,positive,낙진삶...,낙진 삶 ...,2016-02-19 12:03:16
377160,Fallout 4,positive,일단 반드시 알아둬야 하는건 이 게임은 폴아웃의 이름을 가진 폴아웃의 특성을 별로 찾아보기 힘든 베데스다의 rpg 오픈월드 게임이라는것이다. 폴아웃만의 특색이었던 퀘스트의 해결방식과 엔딩 후 주인공이 만들어낸 세상의 모습을 읊어주는 뉴베가스의 엔딩 나레이션은 여기서는 찾아볼 수 없을 것이다 (다만 빨리 겜 하고 싶다면 좋겠지만..) 사실 게임은 재밋다. 재료 모으고 무기 강화하고 방탄조직으로 내가 좋아하는 옷 입고다니면서 룩 안망칠수도 있고 여러가지로 재밌는 부분이 많다. 흥미진진하진 않지만 점점 빠져들게 되는 스토리에선 나한텐 꽤,일단 반드시 알 아 둬야 하는건 이 게임 은 폴아웃 의 이름 을 가진 폴아웃 의 특성 을 별로 찾아보기 힘든 베데스다 의 rpg 오픈월드 게임 이라는 것 이다 . 폴아웃 만의 특색 이었던 퀘스트 의 해결 방식 과 엔딩 후 주인공 이 만들어 낸 세상 의 모습 을 읊어주 는 뉴 베가스 의 엔딩 나레이션 은 여기 서는 찾아볼 수 없을 것 이다 ( 다만 빨리 겜 하고 싶다면 좋겠지만 ..) 사실 게임 은 재밋다 . 재료 모으고 무기 강화하고 방탄 조직 으로 내 가 좋아하는 옷 입고다니면서 룩 안 망칠수도 있고 여러가지 로 재밌는 부분 이 많다 . 흥미진진 하진 않지만 점점 빠져들게 되는 스토리 에선 나 한텐 꽤,2016-02-18 23:48:19
377160,Fallout 4,positive,정말 명작이다 추천,정말 명작 이다 추천,2016-02-18 21:56:39
377160,Fallout 4,positive,집 다만들었다!!!!!!,집 다만 들었다 !!!!!!,2016-02-18 20:57:55
377160,Fallout 4,positive,폴아웃 시리즈는 이게 처음인데 베데스다 게임 답게 좋은 게임. 기술적으로 좀 미흡한게 보이긴 한다. 최적화가 참,폴아웃 시리즈 는 이 게 처음 인데 베데스다 게임 답 게 좋은 게임 . 기술 적 으로 좀 미흡한게 보이긴 한다 . 최적화 가 참,2016-02-18 12:11:12
377160,Fallout 4,positive,커먼웰스는 나낙고의 것이다!,커먼웰스 는 나낙 고의 것 이다 !,2016-02-18 01:47:00
377160,Fallout 4,positive,결코 게임금액이 아깝지 않은 게임입니다! 추천 쾅!,결코 게임 금액 이 아깝지 않은 게임 입니다 ! 추천 쾅 !,2016-02-17 22:59:34
377160,Fallout 4,positive,오랜 기다림,오랜 기다림,2016-02-17 05:52:28
377160,Fallout 4,positive,폴아웃광팬이라 나오자마자 샀는데 초기에 세일해서 5만원정도 거금을 주고 구매함 지금 17000원 세상에 이런 통수가 ㅠㅠㅠ 근데 개재밌습니다 꼭 사세요.,폴아웃 광팬 이라 나오자마자 샀는데 초기 에 세 일해 서 5만원 정도 거금 을 주고 구매 함 지금 17000원 세상 에 이런 통 수가 ㅠㅠㅠ 근데 개 재밌습니다 꼭 사세요 .,2016-02-16 03:37:28
377160,Fallout 4,positive,내 시간 돌려줘내가 뭐하는데 여기에 50시간이나 때려 부웠는지 모르겠다,내 시간 돌려줘내가 뭐 하는데 여기 에 50시간 이나 때려 부웠는 지 모르겠다,2016-02-15 19:33:55
377160,Fallout 4,positive,전작에 비해 내용물이 부실한건 확실하지만. 그래도 폴아웃만의 재미가 있음,전작 에 비해 내용물 이 부실한건 확실하지만 . 그래도 폴아웃 만의 재미 가 있음,2016-02-15 17:18:30
377160,Fallout 4,positive,스토리 결말이 약간 미묘하다. 그렇지만 오픈월드의 묘미를 잘살려냈기에 모든것이 만족된다.,스토리 결말 이 약간 미묘하다 . 그렇지만 오픈월드 의 묘미 를 잘살려 냈기에 모든 것 이 만족 된다 .,2016-02-14 13:21:54
377160,Fallout 4,positive,GOD,GOD,2016-02-13 17:51:05
377160,Fallout 4,positive,'벌써 엔딩이네... 너무 짧다' 라고 생각 했을때가 80시간 때쯤 이였고 빌리징으로 마을을 짓고 나머지 할거 다하니 120시간 플레이 하고있었다... 플레이 시간도 길고 재밌게 했는데 뭔가가 빠진 듯한 느낌 엔딩후에도 할게 많았으면 좋겠다.,' 벌써 엔딩 이네 ... 너무 짧다 ' 라고 생각 했을 때 가 80시간 때 쯤 이였고 빌리 징 으로 마을 을 짓고 나머지 할거 다 하니 120시간 플레이 하고있었다 ... 플레이 시간 도 길고 재밌게 했는데 뭔가 가 빠진 듯 한 느낌 엔딩 후 에도 할게 많았으면 좋겠다 .,2016-02-13 14:38:18
377160,Fallout 4,positive,장점 1.향상된 그래픽 전작대비 확실하게 좋아진 그래픽. 그러면서도 과한 느낌을 주지 않아 폴아웃이 가진 특유의 분위기를 해치지 않았다. 다만 별 차이 없는 옵션 텍스쳐에 대한 논란도 존재한다. 2.새로운 커뮤니케이션 오직 1:1로만 대화가 진행되었던 폴3이나 뉴베가스와는 달리 여럿이 하는 대화 이벤트가 존재한다. 이에 색다른 경험을 느낄 수 있다. 3.높은 퀄리티의 맵 특히 시가지의 퀄리티가 꽤 높다. 덕분에 일반 필드맵을 돌아다니면서도 던전을 돌아다니는 기분을 만끽할 수 있다. 전작과 비슷하게 널빤지로 막아놓은 곳이 군데군,장점 1 . 향상 된 그래픽 전작 대비 확실하게 좋아진 그래픽 . 그러면서도 과 한 느낌 을 주지 않아 폴아웃 이 가진 특유 의 분위기 를 해치 지 않았다 . 다만 별 차이 없는 옵션 텍스쳐 에 대한 논란 도 존재 한다 . 2 . 새로운 커뮤니케이션 오직 1:1 로만 대화 가 진행 되었던 폴 3 이나 뉴 베가스 와는 달리 여럿 이 하는 대화 이벤트 가 존재 한다 . 이 에 색다른 경험 을 느낄 수 있다 . 3 . 높은 퀄리티 의 맵 특히 시가지 의 퀄리티 가 꽤 높다 . 덕분 에 일반 필드 맵 을 돌아다니면서도 던전 을 돌아다니는 기분 을 만끽 할 수 있다 . 전작 과 비슷하게 널빤지 로 막아놓은 곳 이 군데 군,2016-02-13 12:35:11
377160,Fallout 4,positive,낙진4 핵전쟁후 고물상 주인,낙진 4 핵전쟁 후 고물상 주인,2016-02-13 03:45:43
377160,Fallout 4,positive,"그래픽에 대해서는 솔직히 불만이 없다. 파워 아머 디테일이나 전투 부분도 굉장히 발전해서 반복적이지만 전투가 재밌다.타격감 이펙트 3인칭 1인칭 슈팅감각이 둘다 잘 잡혀있는편 베데스다 고질적인 모션도 이정도면 매우 양호 무기 개조 방어구 강화는 처음에야 우와 스럽지만 정작 나중에는 쓰는무기에 쓰는 부품만 쓰게되서 깊이가 없는편, 정작치 개발같은 경우에는 이래저래 할게 많긴한데 ...굉장히 귀찮다. 가장 중요한 미션인데 이게 굉장히 깊이가 얕다. 다양한 팩션 종족들과 뉴베가스에서 볼 수 있던 개성넘치던 미션과 캐릭터들은 찾아볼","그래픽 에 대해 서는 솔직히 불만 이 없다 . 파워 아 머 디테 일 이나 전투 부분 도 굉장히 발전 해서 반복 적 이지만 전투 가 재밌다 . 타 격감 이펙트 3 인칭 1 인칭 슈팅 감각 이 둘다 잘 잡혀있는 편 베데스다 고질 적 인 모션 도 이 정도 면 매우 양호 무기 개조 방어 구 강화 는 처음 에야 우와 스럽지만 정작 나중 에는 쓰는 무기 에 쓰는 부품 만 쓰게 되서 깊이 가 없는 편 , 정작 치 개발 같은 경우 에는 이래저래 할게 많긴한데 ... 굉장히 귀찮다 . 가장 중요한 미션 인데 이 게 굉장히 깊이 가 얕다 . 다양한 팩션 종족 들 과 뉴 베가스 에서 볼 수 있던 개성 넘치던 미션 과 캐릭터 들 은 찾아볼",2016-02-13 03:15:59
377160,Fallout 4,positive,인스티튜트로 갑시다,인스티튜트 로 갑시다,2016-02-12 13:40:07
377160,Fallout 4,positive,"스카이림에 비해 발전이 없다고 여러모로 까이는 폴아웃4이지만 직접 플레이 해보시면 여전히 재미가 있습니다.개인적인 기대로는 뉴베가스 같은 많은 선택지와 갈등, 이야기 구성을 바랬지만 이루어지지 못했네요.","스카이림 에 비해 발전 이 없다고 여러 모로 까이는 폴아웃 4 이지만 직접 플레이 해보시면 여전히 재미 가 있습니다 . 개인 적 인 기대 로는 뉴 베가스 같은 많은 선택 지 와 갈등 , 이야기 구성 을 바랬 지만 이루어지지 못 했네요 .",2016-02-12 05:33:37
377160,Fallout 4,positive,꾀나 재미있고 즐거웠지만 게임자체적으로 좀 3D울렁증을 심하게 유발하여 플레이하기가 여려웠습니다. 그레픽설정이나 다른설정을 만져봐도 그렇고요 3D울렁증에 민감하신분은 약간 참고해보시길 바랍니다,꾀 나 재미있고 즐거웠지만 게임 자체 적 으로 좀 3 D 울렁증 을 심하게 유발 하여 플레이 하기가 여려 웠습 니 다 . 그 레픽 설정 이나 다른 설정 을 만져 봐도 그렇고요 3 D 울렁증 에 민감하 신분 은 약간 참고 해보시길 바랍니다,2016-02-11 19:03:07
377160,Fallout 4,positive,말이 필요없는..,말 이 필요없는 ..,2016-02-11 18:23:34
377160,Fallout 4,positive,갓갓갓 4,갓 갓 갓 4,2016-02-11 03:44:35
377160,Fallout 4,positive,전작을 안해본 저로서는 큰충격과 재미 wood위키에서 전작내용 조금 공부하고 하고 보니 매우재미있었네요. 그런데 공식한글화좀 해주지.... 아무튼 파이퍼 짱짱,전작 을 안 해본 저 로서 는 큰 충격 과 재미 wood 위키 에서 전작 내용 조금 공부 하고 하고 보니 매우 재미있었네요 . 그런데 공식 한글화 좀 해주지 .... 아무튼 파이퍼 짱짱,2016-02-10 21:33:36
377160,Fallout 4,positive,여러 똥겜을 맛본 후 다시 보니 선녀같다,여러 똥겜 을 맛본 후 다시 보니 선녀 같다,2016-02-10 16:22:00
377160,Fallout 4,positive,괜찮은 작품입니다. 괜찮은..,괜찮은 작품 입니다 . 괜찮은 ..,2016-02-10 15:47:29
377160,Fallout 4,positive,날 가져요 베데스다,날 가져요 베데스다,2016-02-10 13:13:41
377160,Fallout 4,positive,"이봐, 타카하시.. -나니니 시마스까?","이 봐 , 타카 하시 .. - 나니 니 시 마스 까 ?",2016-02-10 01:57:56
377160,Fallout 4,positive,만족스러운 게임 근데 도심만 들어가면 죽을정도로 렉걸리는데 너무 심함 컴퓨터 리부팅하면 렉이 줄어드는데 이거 문제있는거 아닌가,만족스러운 게임 근데 도심 만 들어가면 죽 을 정도 로 렉 걸리는데 너무 심함 컴퓨터 리부팅 하면 렉 이 줄어드는데 이 거 문제 있는거 아닌가,2016-02-09 23:20:46
377160,Fallout 4,positive,베데스다 녀석들은 사람모션은 신경을 안쓰고 벌레와 괴물 모션에 장잉정신을 썻네요. 초대형 라드로치 날라올때 징그럽습니다;;;,베데스다 녀석 들 은 사람 모션 은 신경 을 안 쓰고 벌레 와 괴물 모션 에 장잉정신 을 썻네 요 . 초대형 라드 로치 날라 올 때 징그럽습니다 ;;;,2016-02-09 21:58:48
377160,Fallout 4,positive,파볼 구석이 좀 있고 시스템이 괜찮은 느낌입니다. 왜 폴아웃 시리즈를 사람들이 하는지 알 수 있었습니다. 방사능과 관련된 내용들과 독특한 구형 컴퓨터 화면 시스템이 아날로그적인 느낌을 줍니다. 인터페이스도 좀 옛날 감성이 묻어 있네요. 세련되진 않았는데 나쁘게 보이진 않네요. 그런데 그래픽카드를 무지막지하게 씁니다... 980ti도 조금 힘들어 하는게 느껴지네요.. 온도가 쿨링팬이 돌아가는 60도에 육박하며 로드가 100% 가까이 유지되는 게임입니다. 최적화가 안좋긴 한가봅니다. 사양을 조금 탈지도 모르겠습니다. SLI를 하거나,파볼 구석 이 좀 있고 시스템 이 괜찮은 느낌 입니다 . 왜 폴아웃 시리즈 를 사람 들 이 하는지 알 수 있었습니다 . 방사 능 과 관련 된 내용 들 과 독특한 구형 컴퓨터 화면 시스템 이 아날로그 적 인 느낌 을 줍니다 . 인터페이스 도 좀 옛날 감성 이 묻어 있네요 . 세련되진 않았는데 나쁘게 보이진 않네요 . 그런데 그래픽카드 를 무지막지 하게 씁니다 ... 980 ti 도 조금 힘들어 하는게 느껴지네요 .. 온도 가 쿨링팬 이 돌아가는 60 도 에 육박 하며 로드 가 100% 가까이 유지 되는 게임 입니다 . 최적화 가 안좋긴 한 가봅니다 . 사양 을 조금 탈지 도 모르겠습니다 . SLI 를 하 거나,2016-02-09 12:52:10
377160,Fallout 4,positive,Best game ever,Best game ever,2016-02-08 21:40:13
377160,Fallout 4,positive,8/10,8/10,2016-02-08 20:21:39
377160,Fallout 4,positive,결혼도 안한 나에게 결혼과 아이를 던져준다 현실과 비슷하게 행복도 잠시.. 아들의 찾기위한 여정 떨어져나가4를 즐기세요,결혼 도 안 한 나 에게 결혼 과 아이 를 던져 준다 현실 과 비슷하게 행복 도 잠시 .. 아들 의 찾기 위 한 여정 떨어져나가 4 를 즐기세요,2016-02-08 13:38:45
377160,Fallout 4,positive,알았지 아들아? 아빠는 그렇고 그런사람 이였단다. 너도 이 아빠 이해하징?,알았지 아들 아 ? 아빠 는 그렇고 그런 사람 이였단다 . 너 도 이 아빠 이해 하 징 ?,2016-02-07 23:41:25
377160,Fallout 4,positive,아직 초반이지만 몰입감 있고 재밌네요 추천,아직 초반 이지만 몰입 감 있고 재밌네요 추천,2016-02-07 10:29:36
377160,Fallout 4,positive,스팀게임 30개 가량 구매 해서 플레이한 게임중 단연 최고의 게임,스팀 게임 30 개 가량 구매 해서 플레이 한 게임 중 단연 최고 의 게임,2016-02-07 01:19:05
377160,Fallout 4,positive,몰입감이 없달까 1시간도 안되서 껐다가 한참 후에나 키게 되는 게임,몰입 감 이 없 달까 1시간 도 안되서 껐다가 한참 후 에나 키 게 되는 게임,2016-02-06 22:13:23
377160,Fallout 4,positive,퀘스트를 좀 더 만들어서 냈었다면 어땠을까 하는 마음. 하지만 재미는 있다,퀘스트 를 좀 더 만들어서 냈었다면 어땠을까 하는 마음 . 하지만 재미 는 있다,2016-02-06 15:00:11
377160,Fallout 4,positive,거의 300시간을 플레이 하며 행복했습니다. 만드신 분들께 감사함. 게임은 이래야지...! :),거의 300시간 을 플레이 하며 행복했습니다 . 만드신 분 들 께 감사함 . 게임 은 이래야지 ...! :),2016-02-06 14:09:24
377160,Fallout 4,positive,패치 계속해서 좋아졌음,패치 계속 해서 좋아졌음,2016-02-06 11:28:39
377160,Fallout 4,positive,잼따,잼 따,2016-02-06 05:15:34
377160,Fallout 4,positive,잘 만든게임 밑의 여러 평가들처럼 만약 폴아웃 3나 뉴베가스가 없엇더라면 10점만점에 9점짜리 게임 그러나 폴아웃 3 와 뉴베가스의 좋은 시스템을 없애버렸다는 단점때문에10점 만점에 7.5점을 주고싶다 더군다나 2015년은 위쳐의 대항마처럼 나왔지만 결국은 위쳐에게 고티의 자리를 내주고마라따 폴아웃 팬으로서 상당히 아쉬운 부분 이다,잘 만든 게임 밑 의 여러 평가 들 처럼 만약 폴아웃 3 나 뉴 베가스 가 없 엇 더라면 10 점 만점 에 9 점 짜리 게임 그러나 폴아웃 3 와 뉴 베가스 의 좋은 시스템 을 없애 버렸다는 단점 때문 에 10 점 만점 에 7.5 점 을 주고싶다 더군다나 2015년 은 위 쳐의 대항 마 처럼 나왔지만 결국 은 위 쳐에게 고 티 의 자리 를 내주고마 라따 폴아웃 팬 으로서 상당히 아쉬운 부분 이다,2016-02-03 19:07:05
377160,Fallout 4,positive,AWESOME!,AWESOME !,2016-02-03 10:47:39
377160,Fallout 4,positive,가구돌리기 아 조금만 더 돌리면되겠는데 아 너무많이 돌렸다 아 이번엔 너무조금돌렸다 유스핀미 그리고 공중에 떠있는 침대를보겟찌,가구 돌리기 아 조금 만 더 돌리면되 겠는데 아 너무 많이 돌렸다 아 이번 엔 너무 조금 돌렸다 유스 핀 미 그리고 공중 에 떠있는 침대 를 보겟 찌,2016-02-03 06:57:44
377160,Fallout 4,positive,매우 재미있다 너희들도해라,매우 재미있다 너희 들 도해 라,2016-02-02 22:11:46
377160,Fallout 4,positive,아직 DLC도 나오지않았는데 벌써 200시간을 돌파해버렸다.. 아직도 맵에는 내가 가보지못한 황무지가 있고 나는 미닛맨으로써 황무지를 개척해야할 의무가있다. 아무리 해보 질리지가 않는다..폴아웃...배틀필드4는 산지 2년이 지났는데 이제야300시간인데 폴4는 산지 3개월지났는데 이정도라니...,아직 DLC 도 나오지 않았는데 벌써 200시간 을 돌파 해 버렸다 .. 아직도 맵 에는 내 가 가보지못한 황무지 가 있고 나 는 미닛맨 으로써 황무지 를 개척 해야 할 의무 가 있다 . 아무리 해보 질리지가 않는다 .. 폴아웃 ... 배틀필드 4 는 산지 2년 이 지났는데 이제야 300시간 인데 폴 4 는 산지 3 개 월지 났는데 이 정도 라니 ...,2016-02-01 09:34:59
377160,Fallout 4,positive,"광활한 세계를 탐험하는 재미 자체는 변하지 않았다, 하지만 발전이 없는 대화시스템 등 게임 자체의 단점과 모드 유료화라는 병크로 인해 2015년 당시 위쳐 3에게 개 떡발리고 고티 콩라인이 되어버린 게임이다. 정신 차리고 엘더스크롤 6는 잘 뽑아내길 바라는 마음으로 추천 주겠다.","광활한 세계 를 탐험 하는 재미 자체 는 변하지 않았다 , 하지만 발전 이 없는 대화 시스템 등 게임 자체 의 단점 과 모드 유료 화 라는 병크 로 인해 2015년 당시 위 쳐 3 에게 개 떡 발리 고 고 티 콩 라인 이 되어 버린 게임 이다 . 정신 차리고 엘더스크롤 6 는 잘 뽑아내길 바라는 마음 으로 추천 주겠다 .",2016-01-31 01:05:30
377160,Fallout 4,positive,뭔가 후회되는대...할만하다...,뭔가 후회되는대 ... 할 만하 다 ...,2016-01-30 23:27:48
377160,Fallout 4,positive,재미있다. 빌리징이. 이 게임은 제목을 바꿔야한다. 방사능낙진대륙 이야기~너와 함께 자라는 마을~ 다른것도 재미있는데 빌리징이 참 재미있다...,재미있다 . 빌리 징 이 . 이 게임 은 제목 을 바꿔 야한다 . 방사 능 낙진 대륙 이야기 ~ 너 와 함께 자라는 마을 ~ 다른 것 도 재미있는데 빌리 징 이 참 재미있다 ...,2016-01-30 01:30:20
377160,Fallout 4,positive,와 이 개새끼들 순 날강도아니냐 트레일러는 FPS인거 마냥 ㅆㅅㅌㅊ로 홍보 해뒀으면서 실상은 스카이림이야 베데스다 아니랄까봐 ㅅㅂㄻ,와 이 개새끼 들 순 날 강도 아니냐 트레일러 는 FPS 인거 마냥 ㅆㅅㅌㅊ 로 홍보 해 뒀으면서 실상 은 스카이림 이야 베데스다 아니 랄 까 봐 ㅅㅂㄻ,2016-01-29 14:27:48
377160,Fallout 4,positive,good,good,2016-01-28 14:10:40
377160,Fallout 4,positive,낙진4,낙진 4,2016-01-27 22:24:08
377160,Fallout 4,positive,"모험, 총질, 깽판, 속임수, 닥돌, 잠입, 연애(!) 게다가 신혼을 차릴 수도 있다! 중후반에 늘어지는 감이 있고 메인퀘 스토리 흡입력이 떨어진다는 게 흠. 그래픽은 보다보면 나름 괜찮아 보인다. 적어도 폴아웃이라는 이름값은 한다.","모험 , 총 질 , 깽판 , 속임수 , 닥돌 , 잠입 , 연애 (!) 게다가 신혼 을 차릴 수도 있다 ! 중후 반 에 늘어지는 감 이 있고 메인 퀘 스토리 흡입 력 이 떨어진다는 게 흠 . 그래픽 은 보다 보면 나름 괜찮아 보인다 . 적어도 폴아웃 이라는 이름 값 은 한다 .",2016-01-27 05:47:15
377160,Fallout 4,positive,"폴아웃4 이지만 스카이림의 향기가 난다 그래픽이 좋아졌지만, 어색한 동작, 여러 버그들과 만들다만 하우징 시스템 등이 많은 유저에게 시망감을 주었지만, 폴아웃 그러니까 핵이 떨어지고 200여년 후의 모습을 잘 그려냈다. 방사능으로 인해 변한 괴물들, 황무지의 모습과 삶 등 또한 베데스다 rpg를 좋아하는 분이라면 구매를 추천하고 싶다.","폴아웃 4 이지만 스카이림 의 향기 가 난다 그래픽 이 좋아졌지만 , 어색한 동작 , 여러 버그 들 과 만들다만 하우 징 시스템 등 이 많은 유저 에게 시망 감 을 주었지만 , 폴아웃 그러니까 핵 이 떨어지고 200 여 년 후의 모습 을 잘 그려 냈다 . 방사 능 으로 인해 변한 괴물 들 , 황무지 의 모습 과 삶 등 또한 베데스다 rpg 를 좋아하는 분이라면 구매 를 추천 하고 싶다 .",2016-01-27 01:38:15
377160,Fallout 4,positive,8.2/10 GOOD + 시간을 잊고 하게되는 하우징 + 굉장한 발전을 이뤄낸 액션 + 여전히 남자의 로망을 자극하는 파워아머 + 매력적인 세계관 - 넘버링 총평 폴아웃4는 여전히 재밌다. 하우징 기능은 메인 퀘스트도 잊고 하게 되며 액션은 둠 개발진들의 도움으로 많은 발전을 이뤄냈다. 하지만 이 게임은 폴아웃의 정식 넘버링이다. 3.5가 아니라,8.2 / 10 GOOD + 시간 을 잊고 하게 되는 하우 징 + 굉장한 발전 을 이뤄 낸 액션 + 여전히 남자 의 로망 을 자극 하는 파워 아 머 + 매력 적 인 세계관 - 넘버링 총 평 폴아웃 4 는 여전히 재밌다 . 하우 징 기능 은 메인 퀘스트 도 잊고 하게 되며 액션 은 둠 개발 진 들 의 도움 으로 많은 발전 을 이뤄 냈다 . 하지만 이 게임 은 폴아웃 의 정식 넘버링 이다 . 3.5 가 아니라,2016-01-26 21:01:12
377160,Fallout 4,positive,왠지 금방 질렸습니다... 만 재밌음,왠지 금방 질렸습니다 ... 만 재밌음,2016-01-26 10:43:47
377160,Fallout 4,positive,DLC가 기대되는 게임 현재 게임 평점은 7+1/10,DLC 가 기대 되는 게임 현재 게임 평점 은 7 + 1/10,2016-01-26 09:33:05
377160,Fallout 4,positive,피폭시뮬레이터 [b]버그시뮬레이터[/b] 최적화의 좋은 예시,피폭 시뮬레이터 [ b ] 버그 시뮬레이터 [/ b ] 최적화 의 좋은 예시,2016-01-25 15:15:13
377160,Fallout 4,positive,빌리징하는것에 맛들리면 계속 짓는 자신을 보게될것임.,빌리 징 하는것에 맛 들리면 계속 짓는 자신 을 보게 될것 임 .,2016-01-23 23:51:30
377160,Fallout 4,positive,good,good,2016-01-23 21:45:29
377160,Fallout 4,positive,나름 재밌게 하긴했는데 빨리 DLC좀 내줬으면 좋겠네요.,나름 재밌게 하긴 했는데 빨리 DLC 좀 내줬으면 좋겠네요 .,2016-01-23 17:31:41
377160,Fallout 4,positive,"남들은 쓰레기라고하나 나는 뉴베가스에 비해 그래픽도 좋고 모션도 좋아졌고 전투도 재밌었음. 근데 대화시스템이 구려지다못해 심지어 위쳐보다 구리고 스토리도 그닥 썩; 팩션 별 매력 자체는 괜찮았는데 팩션 복장이나 분기별행동이 다른 팩션에는 영향이 전혀없고 기껏해야 동료호감도나 변하는 정도인것도 실망. 인스티튜트 복장입고 브라더후드오브스틸 기사단원이 되는것도 가능하다. 근데 전투는 진짜재밌어졌음. BGM도 좋고 뉴베가스 모션, 그래픽때문에 못하던사람들은 해볼만함.","남 들 은 쓰레기 라고 하나 나 는 뉴 베가스 에 비해 그래픽 도 좋고 모션 도 좋아졌고 전투 도 재밌었음 . 근데 대화 시스템 이 구려지다못해 심지어 위 쳐보다 구리 고 스토리 도 그닥 썩 ; 팩션 별 매력 자체 는 괜찮았는데 팩션 복장 이나 분기 별 행동 이 다른 팩션 에는 영향 이 전혀 없고 기껏 해야 동료 호감 도나 변하는 정도 인 것 도 실망 . 인스티튜트 복장 입고 브라더후드 오브 스틸 기사단 원 이 되는것도 가능하다 . 근데 전투 는 진짜 재밌어졌음 . BGM 도 좋고 뉴 베가스 모션 , 그래픽 때문 에 못 하던 사람 들 은 해볼만 함 .",2016-01-23 16:45:42
377160,Fallout 4,positive,좋습니다 ! 기본적으로 할 것 도 많고 이런저런 컨텐츠가 많네요.. 그런데 퀘스트 라인에 대한 친절한 설명이 없어 그런 것 싫어 하시는 분께는 비추입니다.,좋습니다 ! 기본 적 으로 할 것 도 많고 이런저런 컨텐츠 가 많네요 .. 그런데 퀘스트 라인 에 대한 친절한 설명 이 없어 그런 것 싫어 하시는 분께는 비추 입니다 .,2016-01-23 13:32:28
377160,Fallout 4,positive,"폴아웃의 시리즈 팬인 만큼 재밌게한면도 있는 반면 혼도좀 나야할것 같다. 폴아웃3로부터 몇년이 지난 시간동안 크게 발전한것이 없다는 것 자유도 부분은 플레이어의 행동 유동성은 높혔지만 선택지가 적은점 (한정된 대화 설정, 한정된 엔딩 등) 게임부분은 스카이림 뉴클리어아포칼립스 모드라고 비꼴정도로 엔진의 발전이 크게없다는 점 한줄로 전작들의 단점을 적극적으로 피드백하지 않았다는 점이 오히려 장점들이 퇴색되게 보인다. 이러한 단점들은 팬으로써 실망스럽지만 장점들도 보인다. 빌리징 시스템 전작의 미묘한 탄착지점 수정 더","폴아웃 의 시리즈 팬 인 만큼 재밌게 한 면도 있는 반면 혼도 좀 나야 할것 같다 . 폴아웃 3 로부터 몇 년 이 지난 시간 동안 크게 발전 한 것 이 없다는 것 자유도 부분 은 플레이어 의 행동 유동성 은 높혔 지만 선택 지 가 적은 점 ( 한정 된 대화 설정 , 한정 된 엔딩 등 ) 게임 부분 은 스카이림 뉴클리어 아포칼립스 모드 라고 비꼴 정도 로 엔진 의 발전 이 크게 없다는 점 한 줄 로 전작 들 의 단점 을 적극 적 으로 피드백 하지 않았다는 점 이 오히려 장점 들 이 퇴색 되게 보인다 . 이러한 단점 들 은 팬 으로써 실망 스럽지 만 장점 들 도 보인다 . 빌리 징 시스템 전작 의 미묘한 탄 착 지점 수정 더",2016-01-23 13:00:20
377160,Fallout 4,positive,아 리뷰 쓸려했는대... 글갯수 초과했서 다시 짤막하게 쓸련다.. 쳇 이 게임 사셔도 후회안합니다 돈이 아깝지 않습니다 연출 밑 밀도도 아주 좋습니다 고민하지마시고 꼭 해보세요 ^^;,아 리뷰 쓸려 했는대 ... 글 갯수 초과 했서 다시 짤막하게 쓸련 다 .. 쳇 이 게임 사셔도 후회 안 합니다 돈 이 아깝지 않습니다 연출 밑 밀도 도 아주 좋습니다 고민 하지 마시고 꼭 해보세요 ^^;,2016-01-22 04:19:26
377160,Fallout 4,positive,"바닐라 (오리지널) 그래픽에 눈이 안간다면 그래픽 비쥬얼 모드를 깔아 보시길 바람. 게임 발란스를 해치지 않는 선에서 사용 한다면 완전히 눈이 호강하는 그래픽으로 즐길 수가 있다. 탐험하는 즐거움과 레어템 줍는 재미 !! 본 퀘스트는 뒷전, 모험가가 되버린다. 은신하라! 저격하라! 진짜 꿀잼","바닐라 ( 오 리지 널 ) 그래픽 에 눈 이 안 간다면 그래픽 비쥬 얼 모드 를 깔아 보시길 바람 . 게임 발란스 를 해치 지 않는 선 에서 사용 한다면 완전히 눈 이 호강 하는 그래픽 으로 즐길 수가 있다 . 탐험 하는 즐거움 과 레어템 줍는 재미 !! 본 퀘스트 는 뒷전 , 모험가 가 되 버린다 . 은신 하 라 ! 저격 하라 ! 진짜 꿀잼",2016-01-22 00:46:49
377160,Fallout 4,positive,재밌는데 버그가 젼나 많음,재밌는데 버그 가 젼나 많음,2016-01-21 20:42:02
377160,Fallout 4,positive,기대에 못미친다는 사람도 많지만 폴아웃이 항상 평작 이상은 꼭 하는거같습니다,기대 에 못 미친다는 사람 도 많지만 폴아웃 이 항상 평작 이상은 꼭 하는거 같습니다,2016-01-21 20:37:36
377160,Fallout 4,positive,이것만하면 멀미가 나지만 재밌다.,이 것 만하 면 멀미 가 나 지만 재밌다 .,2016-01-21 14:05:49
377160,Fallout 4,positive,한마디로 재밌다 꼭 해보길 추천한다,한마디 로 재밌다 꼭 해보길 추천 한다,2016-01-20 22:24:22
377160,Fallout 4,positive,"더럽게 많은 버그라던가, 지!랄맞은 스토리라던가 단점은 확실히 많은데플레이타임 100시간정도는 확실히 보장할만큼 재밌는게임. 고로 DLC를 시급히..!","더럽게 많은 버그 라던가 , 지 ! 랄 맞은 스토리 라던가 단점 은 확실히 많은데 플레이 타임 100시간 정도는 확실히 보장 할만큼 재밌는 게임 . 고로 DLC 를 시급히 ..!",2016-01-19 23:40:27
377160,Fallout 4,positive,DLC 언제주니,DLC 언 제주 니,2016-01-18 16:44:33
377160,Fallout 4,positive,모드가 있어서 햄볶해요!!ㅠㅠ,모드 가 있어서 햄볶 해요 !! ㅠㅠ,2016-01-17 20:04:17
377160,Fallout 4,positive,게임은 아주 좋았습니다. 근데 베데스다 가 약간 사양 뻥튀기가 있는거 같에요ㅎㅎ 최소 사양으로 돌려도 중옵은 돌아가요 그리고 3편 보다 캐릭터 커스터마이징 이 너무 잘되있어서 이쁜 캐릭터를 만들수 있게됬네요^^,게임 은 아주 좋았습니다 . 근데 베데스다 가 약간 사양 뻥튀기 가 있는거 같에요 ㅎㅎ 최소 사양 으로 돌려도 중옵 은 돌아가요 그리고 3 편 보다 캐릭터 커스터 마이 징 이 너무 잘 되있어서 이쁜 캐릭터 를 만들수 있게 됬네요 ^^,2016-01-17 19:08:01
377160,Fallout 4,positive,좋아요 아주 좋아요~,좋아요 아주 좋아요 ~,2016-01-17 11:48:35
377160,Fallout 4,positive,"폴아웃 시리즈들 중에서 파워아머가 가장 돋보이는 타이틀이었던것 같다. 이것저것 게임내 요소를 다 즐겨보았는데, 정작 머릿속에 각인되는 이미지는 파워아머 뿐이니 말이다.","폴아웃 시리즈 들 중 에서 파워 아 머 가 가장 돋보이는 타이틀 이었던것 같다 . 이 것 저 것 게임 내 요소 를 다 즐겨 보았는데 , 정작 머릿속 에 각인 되는 이미지 는 파워 아 머 뿐이니 말 이다 .",2016-01-16 13:24:15
377160,Fallout 4,positive,방사능 관리가 조금 짜증나지만 정말 최고의 게임!!!,방사 능 관리 가 조금 짜증나지만 정말 최고 의 게임 !!!,2016-01-15 21:55:05
377160,Fallout 4,positive,다깨고나면 할게없다는게 큰문제다,다 깨고나면 할게 없다는게 큰 문제 다,2016-01-15 20:58:02
377160,Fallout 4,positive,팡팡 울었습니다,팡팡 울었습니다,2016-01-15 18:17:44
377160,Fallout 4,positive,사이드 퀘스트가 꽤 적네요. 전작보다 손에 안잡힘. 그래도 폴아웃은 재미있습니다. 폴아웃이니까요,사이드 퀘스트 가 꽤 적네요 . 전작 보다 손 에 안 잡힘 . 그래도 폴아웃 은 재미있습니다 . 폴아웃 이니까 요,2016-01-15 15:34:43
377160,Fallout 4,positive,역시 폴아웃 고민하지말고 지르세요,역시 폴아웃 고민 하지말고 지르세요,2016-01-15 07:24:36
377160,Fallout 4,positive,재미 있네요..,재미 있네요 ..,2016-01-14 17:37:54
377160,Fallout 4,positive,"'The answer has already been defined, You simply press a button.' Poor scenario Not improvement, but still a Possibility. 6 out of 10 불완전한 스토리, 넘버링에 걸맞지 않은 변화, 하지만 아직 가능성이 있다. 10점 만점에 6점 가을출타4의 첫인상은 아주 좋았습니다. 가상의 세계관이지만, 실제 보스턴과 흡사하게 만든 조형물들을 보면서 감탄을 했었죠. 하지만 멀티엔딩을 무색하게 만드는 메인 시나리오 진행은, 이전 작품들과 비","' The answer has already been defined , You simply press a button .' Poor scenario Not improvement , but still a Possibility . 6 out of 10 불완전한 스토리 , 넘버링 에 걸 맞지 않은 변화 , 하지만 아직 가능성 이 있다 . 10 점 만점 에 6 점 가을 출타 4 의 첫인상 은 아주 좋았습니다 . 가상 의 세계관 이지만 , 실제 보스턴 과 흡사하게 만든 조형 물들을 보면서 감탄 을 했었죠 . 하지만 멀티 엔딩 을 무색 하게 만드는 메인 시나리오 진행 은 , 이전 작품 들 과 비",2016-01-13 23:13:06
377160,Fallout 4,positive,예 폴아웃 4 모션... 모션은 변하지 않았다. 근데 AI는 변하지 물론 동료 길찾기 AI는 빼고 핵맞아서 GPS 작동이 잘안되나 봐요 아쉬운점은 아직 구체적 모드툴이 없어서 재밋는 모드가 아직 많이 없다는 것 그리고 2회차 한다고 캐릭터 얼굴 만들다 집어친것 정도 그냥 1회차 캐릭터로 엔딩 다처보고 놀고먹다가 2회차 시작 하려고하면 그냥 귀차니즘 적들이 죽을때 드디어 풍선처럼 날아가지 않는다는것과 하우징은 좋아요 정확힌 빌리징이죠 ㅅ; 다만 총기 커마는 좀 마음에 안드는데 커마라면서 간단한 색놀이조차 못한다는것과,예 폴아웃 4 모션 ... 모션 은 변하지 않았다 . 근데 AI 는 변하지 물론 동료 길찾기 AI 는 빼고 핵 맞아서 GPS 작동 이 잘 안되나 봐요 아쉬운 점 은 아직 구체 적 모드툴 이 없어서 재밋는 모드 가 아직 많이 없다는 것 그리고 2회 차 한다고 캐릭터 얼굴 만들다 집어 친것 정도 그냥 1회 차 캐릭터 로 엔딩 다처 보고 놀고 먹다가 2회 차 시작 하려고하면 그냥 귀차니즘 적 들 이 죽 을 때 드디어 풍선 처럼 날아가지 않는다는것과 하우 징 은 좋아요 정확 힌 빌리 징 이 죠 ㅅ ; 다만 총기 커마 는 좀 마음 에 안 드는데 커마 라면 서 간단한 색 놀이 조차 못 한다는 것 과,2016-01-13 20:21:18
377160,Fallout 4,positive,War...War never Changes... 전쟁은 변하지 않는다. 전 세계가 핵으로 초토화되고 나서도 말이다. 당신은 유일한 생존자가되어 커먼웰스를 누비게되며 전쟁이 끝난뒤에도 여전히 싸우고있는 전쟁의 향방을 결정하기위해 관여하며 커먼웰스를 미래의 결정을 하는데에 큰 기여를 할것이다 . 스토리 끝난뒤에는 모드질이라도 함해보는것이??,War ... War never Changes ... 전쟁 은 변하지 않는다 . 전 세계 가 핵 으로 초토화 되고 나서도 말 이다 . 당신 은 유일한 생존자 가 되어 커먼웰스 를 누비 게 되며 전쟁 이 끝난 뒤 에도 여전히 싸우고있는 전쟁 의 향방 을 결정 하기 위해 관여 하며 커먼웰스 를 미래 의 결정 을 하는데에 큰 기여 를 할것이다 . 스토리 끝난 뒤 에는 모드 질 이라도 함 해보는것이 ??,2016-01-13 13:19:52
377160,Fallout 4,positive,내 아들내미 어딧누 ㅠㅠ,내 아들내미 어딧누 ㅠㅠ,2016-01-13 02:17:58
377160,Fallout 4,positive,본격 폐지줍는 게임. 3시간만 해보고 사람들이 왜 고물상 시뮬레이터라하는지 이해가 갔다.,본격 폐지 줍는 게임 . 3시간 만 해보고 사람 들 이 왜 고물상 시뮬레이터 라 하는지 이해 가 갔다 .,2016-01-13 01:20:54
377160,Fallout 4,positive,"다른건 몰라도 개인적으로 난 폴아웃 시리즈를 굉장히 좋아하기때문에 그냥.. 이런 단순하고 선택의 연속인 이 게임이 매우 마음에 든다. 그냥 존나재밌다. 남들이 그래픽이나 텍스쳐가 어쩌고, 최적화가 어쩌고 이러는거 별로 신경안씀.. 버그는 몰라도 시발 빨리 DLC 내주세요 군대가기전에","다른건 몰라도 개인 적 으로 난 폴아웃 시리즈 를 굉장히 좋아하기 때문 에 그냥 .. 이런 단순하고 선택 의 연속 인 이 게임 이 매우 마음 에 든다 . 그냥 존나 재밌다 . 남 들 이 그래픽 이나 텍스쳐 가 어쩌 고 , 최적화 가 어쩌 고 이러는거 별로 신경안 씀 .. 버그 는 몰라도 시발 빨리 DLC 내주세요 군대 가 기전 에",2016-01-13 01:06:39
377160,Fallout 4,positive,스카이림 + FPS + 인벤토리 정리 시뮬레이션 = 폴아웃4 고질적인 베데스다식의 이상한 모션과 버그가 있고 생각보다 탐험 요소보단 걍 이리저리 다니면서 움직이는 모든 적들 쏴죽이는 형식에서 살짝 아쉬움. 그래도 충분히 재밌고 긴 플레이 타임 보장됨.,스카이림 + FPS + 인벤 토리 정리 시뮬레이션 = 폴아웃 4 고질 적 인 베데스다 식 의 이상한 모션 과 버그 가 있고 생각 보다 탐험 요소 보단 걍 이리저리 다니면서 움직이는 모든 적 들 쏴 죽이는 형식 에서 살짝 아쉬움 . 그래도 충분히 재밌고 긴 플레이 타임 보장 됨 .,2016-01-12 17:10:13
377160,Fallout 4,positive,Very good,Very good,2016-01-12 09:24:19
377160,Fallout 4,positive,탕탕탕탕탕,탕탕 탕탕 탕,2016-01-11 22:33:03
377160,Fallout 4,positive,도심 지역과 그 외 자잘한 곳의 최적화가 덜 되서 나름 하이엔드 pc를 가지고도 프레임 하락이 있어요. 그것 외엔 참 재밌네요!,도심 지역 과 그 외 자잘한 곳 의 최적화 가 덜 되서 나름 하이엔드 pc 를 가지고도 프레임 하락 이 있어요 . 그것 외 엔 참 재밌네요 !,2016-01-11 21:11:39
377160,Fallout 4,positive,핵융합 코어 아낀다고 파워 아머 방전 상태로 돌아다녔는데 막상 그러다 보니 그대로 엔딩까지 갔다 억울해서 레이저 개틀링으로 브라더후드 조지고 게임 지웠다 9/10 재밌었다,핵융합 코어 아낀다고 파워 아 머 방전 상태 로 돌아다녔는데 막상 그러다 보니 그대로 엔딩 까지 갔다 억울해서 레이저 개틀링 으로 브라더후드 조지 고 게임 지웠다 9/10 재밌었다,2016-01-11 19:55:01
377160,Fallout 4,positive,폴아웃 갓,폴아웃 갓,2016-01-11 15:18:13
377160,Fallout 4,positive,폴아웃에서 느끼는 심즈의 향기..,폴아웃 에서 느끼는 심즈 의 향기 ..,2016-01-11 00:52:54
377160,Fallout 4,positive,스토리가 재밋기도 하면서도 2%가 부족함. 게임엔진은 스카이림에서 약간 더 수정을 가하고 기능 몇몇개를 추가한 것 뿐임. 아쉬운 점들이 좀 잇지만 그래도 재밋게 플레이 햇으니 추천 줌.,스토리 가 재밋기 도 하면서도 2% 가 부족함 . 게임엔진 은 스카이림 에서 약간 더 수정 을 가하고 기능 몇몇 개 를 추가 한 것 뿐임 . 아쉬운 점 들 이 좀 잇지만 그래도 재밋 게 플레이 햇으 니 추천 줌 .,2016-01-10 19:18:03
377160,Fallout 4,positive,good,good,2016-01-10 17:28:26
377160,Fallout 4,positive,정말 내 자신을 주인공에 대입시킬수 밖에 없는 게임,정말 내 자신 을 주인공 에 대입 시킬수 밖에 없는 게임,2016-01-09 20:52:20
377160,Fallout 4,positive,총 진짜 찰지다,총 진짜 찰지다,2016-01-09 20:49:58
377160,Fallout 4,positive,"스카이림에 포스트 아포칼립스 맵을 MOD로 설치하고 볼트텍 시나리오 팩을 다운 받은 후 총 MOD를 설치하면 짜잔.. 폴아웃 4입니다. IGN이 ""폴아웃 3가 오블리비언이라면 폴아웃 4는 스카이림이라고 할만하다"" 라고 호평을 했죠. 네 맞습니다. 스카이림입니다. IGN도 호평하고 다른 분들도 많이 호평을 하시니까 저는 혹평을 하고 싶습니다. 거지같은 키보드/마우스 조작 게임 핵심 컨텐츠처럼 보이지만 더럽게 조잡한 하우징 계륵같은 V.A.T.S 그저 갯수 늘리기에 연연해보이는 퍽들 거지같은 연출(몇몇 폭발씬 제외) 있으나마나한 대","스카이림 에 포스트 아포칼립스 맵 을 MOD 로 설치 하고 볼트 텍 시나리오 팩 을 다운 받은 후 총 MOD 를 설치 하면 짜잔 .. 폴아웃 4 입니다 . IGN 이 "" 폴아웃 3 가 오블리비언 이 라면 폴아웃 4 는 스카이림 이라고 할 만하 다 "" 라고 호평 을 했죠 . 네 맞습니다 . 스카이림 입니다 . IGN 도 호평 하고 다른 분 들 도 많이 호평 을 하시니까 저 는 혹평 을 하고 싶습니다 . 거지같은 키 보드 / 마우스 조작 게임 핵심 컨텐츠 처럼 보이 지만 더럽게 조잡한 하우 징 계륵 같은 V . A . T . S 그저 갯수 늘리기에 연연해 보이는 퍽 들 거지같은 연출 ( 몇몇 폭 발씬 제외 ) 있으나 마나 한 대",2016-01-09 04:09:24
377160,Fallout 4,positive,재미쪄여 굿굿굿 ㅎㅎㅎ,재미 쪄여 굿굿굿 ㅎㅎㅎ,2016-01-08 23:36:51
377160,Fallout 4,positive,가을출타 4 재밌긴 재밌다.,가을 출타 4 재밌긴 재밌다 .,2016-01-08 21:22:01
377160,Fallout 4,positive,최밌어욤,최밌어욤,2016-01-08 11:49:04
377160,Fallout 4,positive,"레벨 97에서 팩션 분기 쯤에 저장하고 4개 팩션마다 엔딩을 보았는데, 솔직히 어디도 마음에 드는곳이 없기는 했던거 같네요. 인스티튜드, 레일로드, 브라더후드오브스틸, 미닛맨 각각 추구하는게 다르다 보니 결과도 다르지만, 문제는 4개의 팩션다 추구하는 것들이 완벽하지 않고 결함이 있는 느낌... 스카이림의 모션을 그대로 베껴온 느낌도 나며 시즌패스로 출시날 부터 해봤는데, 총쏘는 스카이림이라는 느낌이 많이 들었습니다. ㅜㅜ 버그도 없는편도 아니며, 설마했지만 역시나 뼈대만 주고 유저들이 살을 붙히라는 느낌은 없다고 할수 없겠네요","레벨 97 에서 팩션 분기 쯤 에 저장 하고 4 개 팩션 마다 엔딩 을 보았는데 , 솔직히 어디 도 마음 에 드는 곳 이 없기는 했던거 같네요 . 인 스티 튜드 , 레일로드 , 브라더후드 오브 스틸 , 미닛맨 각각 추구 하는게 다르다 보니 결과 도 다르지만 , 문제 는 4 개 의 팩션 다 추구 하는 것 들 이 완벽하지 않고 결함 이 있는 느낌 ... 스카이림 의 모션 을 그대로 베 껴 온 느낌 도 나며 시즌 패스 로 출시 날 부터 해봤는데 , 총 쏘는 스카이림 이라는 느낌 이 많이 들었습니다 . ㅜㅜ 버그 도 없는 편도 아니며 , 설마 했지만 역시 나 뼈대 만 주고 유저 들 이 살 을 붙히라는 느낌 은 없다고 할수 없겠네요",2016-01-08 08:52:36
377160,Fallout 4,positive,"DLC가 하나도 안 나온 2016년 1월 시점에서 평가하자면 게임 자체는 분명히 재미 있지만 베데스다 게임으로서는 평타 수준... 엔딩 볼 때까지는 정신없이 빠져들어서 했는데, 적당히 할거 다 하고 메인 퀘스트 엔딩 보니까 더 하고 싶은 생각이 없어지는군요 한 캐릭터를 오래 키울수록 유리해진다고는 하는데, 정작 스카이림처럼 다양한 팩션의 스토리를 자기가 원하는 때 골라서 진행하거나 문어발 진행하거나...할 수가 없어서 한 캐릭터를 붙잡고 오랫동안 플레이하기 위한 동기 부여가 적습니다. 캐릭터도 자유도 높게 플레이할 수 있다기보단","DLC 가 하나 도 안 나온 2016년 1월 시점 에서 평가 하자면 게임 자체 는 분명히 재미 있지만 베데스다 게임 으로서는 평타 수준 ... 엔딩 볼 때 까지는 정신없이 빠져들어서 했는데 , 적당히 할거 다 하고 메인 퀘스트 엔딩 보 니까 더 하고 싶은 생각 이 없어지는군요 한 캐릭터 를 오래 키울수록 유리해진다고는 하는데 , 정작 스카이림 처럼 다양한 팩션 의 스토리 를 자기 가 원하는 때 골 라서 진행 하 거나 문어 발 진행 하 거나 ... 할 수가 없어서 한 캐릭터 를 붙잡고 오랫동안 플레이 하기 위 한 동기 부여 가 적습니다 . 캐릭터 도 자유도 높게 플레이 할 수 있 다기 보단",2016-01-07 19:54:04
377160,Fallout 4,positive,"If you want to play fps-skyrim fusion game, i have to recommend this.","If you want to play fps - skyrim fusion game , i have to recommend this .",2016-01-07 14:43:04
377160,Fallout 4,positive,굿 모닝 볼트 텍 콜링,굿 모닝 볼트 텍 콜링,2016-01-07 10:46:51
377160,Fallout 4,positive,그냥 해보면 안다.,그냥 해보면 안다 .,2016-01-06 23:16:29
377160,Fallout 4,positive,장점 여캐가 여자같아짐(바닐라로 여캐 성형해도 평균이상 나옴) 훨신 생동감 있는 전투 발전한 AI 개성있는 동료들 빌리징 단점 발로 쓴듯한 스토리 텔링 퍼킹 개적화 미친듯이 단조로운 반복퀘스트 넘쳐 흐르는 버그들 실로 답답한 동료 AI 뭔가 엉성한 레벨링 은근 자주 깨지는 텍스쳐 수십보 퇴보한 대화 시스템 총평: 반성해라 베데스다,장점 여캐 가 여자 같아 짐 ( 바닐라 로 여캐 성형 해도 평균 이상 나옴 ) 훨신 생동감 있는 전투 발전 한 AI 개성 있는 동료 들 빌리 징 단점 발 로 쓴듯 한 스토리 텔링 퍼킹 개 적 화 미친듯이 단조로운 반복 퀘스트 넘쳐 흐르는 버그 들 실로 답답한 동료 AI 뭔가 엉 성한 레벨 링 은근 자주 깨지는 텍스쳐 수십 보 퇴보한 대화 시스템 총 평 : 반성 해라 베데스다,2016-01-06 22:21:18
377160,Fallout 4,positive,이득,이득,2016-01-06 16:28:59
377160,Fallout 4,positive,이 게임에 개는 무적,이 게임 에 개는 무적,2016-01-06 03:55:36
377160,Fallout 4,positive,[h1][b] War. War never changes [/b][/h1] + 좋은 그레픽 + 발전한 샷감 + 다양한 할거리 + 총기 커스텀 + 파워슈트 + 생존지 재작 = 분위기 = 단순한 선택지 - 많은 버그 - 팅김 - 모션불만 - 가끔 나오는 개떡 택스쳐 좋은 게임이지만 일부는 발전이 안됬고 버그또한 많습니다. 게임은 정말 제미있고 신나지만 고질적인 문제를 고쳐지 않는 모습을 보고 실망한 게임입니다. 추천 8/10,[ h 1 ][ b ] War . War never changes [/ b ][/ h 1 ] + 좋은 그레픽 + 발전 한 샷감 + 다양한 할거리 + 총기 커 스텀 + 파워 슈트 + 생존 지 재작 = 분위기 = 단순한 선택 지 - 많은 버그 - 팅김 - 모션 불만 - 가끔 나오는 개떡 택스쳐 좋은 게임 이지만 일부 는 발전 이 안됬고 버그 또한 많습니다 . 게임 은 정말 제 미있고 신나지만 고질 적 인 문제 를 고쳐지 않는 모습 을 보고 실망한 게임 입니다 . 추천 8/10,2016-01-06 01:28:55
377160,Fallout 4,positive,한글 패치를 해준 고갤럼들과 핫산들에게 경의를 표한다,한글 패치 를 해준 고 갤 럼 들 과 핫산 들 에게 경의 를 표 한다,2016-01-06 00:04:51
377160,Fallout 4,positive,"매우 재미있습니다. 소소한 버그나 모션이 어색한거만 빼면,전작만큼 타임머신은 아니더라도, 성우 연기도 좋았고,엔딩 도 뭐 그럭저럭 나쁘지 않았습니다.이제 모드가 더 나오길기다려야죠,","매우 재미있습니다 . 소소한 버그 나 모션 이 어색한거만 빼면 , 전작 만큼 타임머신 은 아니더라도 , 성우 연기 도 좋았고 , 엔딩 도 뭐 그럭저럭 나쁘지 않았습니다 . 이제 모드 가 더 나오길 기다려야죠 ,",2016-01-05 13:17:34
377160,Fallout 4,positive,"썩어도 준치라고 재밌다. 그런데 버그 픽스 업데이트는 언제 할거니? 또 모더들이 해결하라고 냅둘거니? 자막버그 때문에 한글패치 검수 버전 나와도 볼 수가 없어 더 놀라운건, 검수버전 나올때까지 이 엿같은 버그 고칠 픽스 업데이트 하나 없었다는거. 엿 먹어라 베데스다. 하지만 재밌었다.","썩어도 준치 라고 재밌다 . 그런데 버그 픽스 업데이트 는 언제 할거니 ? 또 모 더 들 이 해결 하 라고 냅 둘거니 ? 자막 버그 때문 에 한글패치 검수 버전 나 와도 볼 수가 없어 더 놀라운건 , 검수 버전 나올 때 까지 이 엿같 은 버그 고칠 픽스 업데이트 하나 없었다는거 . 엿 먹어라 베데스다 . 하지만 재밌었다 .",2016-01-05 01:29:37
377160,Fallout 4,positive,내가 시발 이거에다가 300시간을 내다 꼴았어 말이 더 필요하냐?,내 가 시발 이 거 에다가 300시간 을 내다 꼴았어 말 이 더 필요하냐 ?,2016-01-04 20:38:52
377160,Fallout 4,positive,재미는 있으나 모션이 매우매우매우 구짐...,재미 는 있으나 모션 이 매우 매우 매우 구 짐 ...,2016-01-03 21:08:40
377160,Fallout 4,positive,"프레임 드랍을 비롯한 개적화와 버그등 여러가지 짚고 넘어갈게 있다만, 일단은 폴아웃이니까...","프레임 드랍 을 비롯 한 개 적 화 와 버그 등 여러가지 짚고 넘어갈게 있다만 , 일단 은 폴아웃 이니까 ...",2016-01-03 17:23:55
377160,Fallout 4,positive,폴아웃시리즈를 폴아웃4로 입문해본 사람으로써 써봅니다. 장점을써보자면 전투: 나쁘지않습니다 스토리:매우좋습니다. 그래픽: 호불호지만 저는 이정도면 괜찮다고생각했습니다. 단점: 역시나 장점보다 단점이 많아보이는 그래픽 불친절한 인터페이스 인벤토리 정리 :무게제한이 있어서 너무빡칩니다. -------------------------------------------------- 이정도로 장단점을 꼽고싶습니다. 그래서 다른사람들에게 이게임을 추천하고싶으냐?고 묻는다면 저는 적극 추천드리고싶습니다. 일단 단점들에 비,폴아웃 시리즈 를 폴아웃 4 로 입문 해본 사람 으로써 써 봅니다 . 장점 을 써 보자면 전투 : 나쁘지 않습니다 스토리 : 매우 좋습니다 . 그래픽 : 호불호 지만 저 는 이 정도 면 괜찮다고 생각 했습니다 . 단점 : 역시 나 장점 보다 단점 이 많아 보이는 그래픽 불친절한 인터페이스 인벤 토리 정리 : 무게 제한 이 있어서 너무 빡칩니다 . -------------------------------------------------- 이 정도 로 장단점 을 꼽 고 싶습니다 . 그래서 다른사람 들 에게 이 게임 을 추천 하고싶으냐 ? 고 묻는다면 저 는 적극 추천 드리고싶습니다 . 일단 단점 들 에 비,2016-01-03 17:12:52
377160,Fallout 4,positive,ㅇ,ㅇ,2016-01-03 15:23:15
377160,Fallout 4,positive,"조금 해봤는데 재밌네요,","조금 해봤는데 재밌네요 ,",2016-01-03 13:24:04
377160,Fallout 4,positive,"생존난이도로 하면 초반은 정말 생존을 위한 투쟁기가 됩니다. 하지만 렙업을 하고 무기를 습득하고 파워아머를 탑승하는 순간, 적들이 생존하기 바쁜 게임이 됩니다. 파워아머 짱짱맨","생존 난이도 로 하면 초반 은 정말 생존 을 위 한 투쟁 기 가 됩니다 . 하지만 렙업 을 하고 무기 를 습득 하고 파워 아 머 를 탑승 하는 순간 , 적 들 이 생존 하기 바쁜 게임 이 됩니다 . 파워 아 머 짱짱맨",2016-01-03 08:58:27
377160,Fallout 4,positive,아빠찾다 아들찾다,아빠 찾다 아들 찾다,2016-01-03 03:28:45
377160,Fallout 4,positive,사실 토드 하워드는 폴란드에 납치 되어서 신스로 대체 당한게 분명해,사실 토드 하워드 는 폴란드 에 납치 되어서 신스 로 대체 당한 게 분명해,2016-01-03 01:23:26
377160,Fallout 4,positive,베데스다는 어떻게하면 이리 게임을 잘만들까 싶다,베데스다 는 어떻 게 하 면 이리 게임 을 잘 만들까 싶다,2016-01-02 20:47:30
377160,Fallout 4,positive,"베데스다 소프트웨어가 제작한 엘더스크롤 6 의 습작 고물상 4 입니다. 시리즈의 전작들과 같이 세계적 핵전쟁으로 인해 변하지 않는 것들인 전쟁, 전작의 라디오 음악과 옵션별 텍스쳐 퀄리티를 제외한 많은 것들이 변하고 바뀌어버린(그걸 반영했는지 핵폭발의 피해를 받은 야외는 그래픽과 광원이 좋은데 핵의 여파가 닿지 않은 실내나 지하는 그래픽이 매우 후집니다.) 포스트 아포칼립스 세상을 배경으로 지하 방공호인 볼트 111에 기어들어간 일가족의 이야기를 다뤘으며 전쟁 전에 프로토스 유저이기라도 했는지 항상 대화에 불평 및 비야냥거리기 옵","베데스다 소프트웨어 가 제작 한 엘더스크롤 6 의 습작 고물상 4 입니다 . 시리즈 의 전작 들 과 같이 세계 적 핵전쟁 으로 인해 변하지 않는 것 들 인 전쟁 , 전작 의 라디오 음악 과 옵션 별 텍스쳐 퀄리티 를 제외 한 많은 것 들 이 변하고 바뀌어 버린 ( 그걸 반영 했는지 핵폭발 의 피해 를 받은 야외 는 그래픽 과 광원 이 좋은데 핵 의 여파 가 닿지 않은 실내 나 지하 는 그래픽 이 매우 후 집니다 .) 포스트 아포칼립스 세상 을 배경 으로 지하 방공호 인 볼트 111 에 기어 들어간 일 가족 의 이야기 를 다뤘으며 전쟁 전 에 프로토스 유저 이기 라도 했는지 항상 대화 에 불평 및 비야 냥 거리 기 옵",2016-01-02 18:57:12
377160,Fallout 4,positive,선물을 해주신 모 유저님에게 정말 큰 감사를 먼저 드립니다. 폴아웃3와 뉴베가스를 해보고 약간 부족한 느낌이 들었는데 4와서 나아진 부분이 있어서 좋았습니다만 애매하네요 벲뎂슶닶식 버그는 아직도 보이고 스토리도 마음에 들지만 너무 빠르게 진행되는것이 아닌지 생각도 들더군요 가끔 텍스쳐 불러오는게 느려서 묽은 찰흙마냥 건물이 보이는것도 답답했습니다. 사양 맞고 최상옵인데도요! 게임 자체야 새로운 경험을 하고싶으신 분에게는 추천을 드리지만 너무 큰 기대를 품으면 실망하실 수 있습니다,선물 을 해주신 모 유저 님 에게 정말 큰 감사 를 먼저 드립니다 . 폴아웃 3 와 뉴 베가스 를 해보고 약간 부족한 느낌 이 들었는데 4 와서 나아진 부분 이 있어서 좋았습니다만 애매하네요 벲뎂슶닶식 버그 는 아직도 보이 고 스토리 도 마음 에 들지만 너무 빠르게 진행 되는것이 아닌지 생각 도 들더군요 가끔 텍스쳐 불러오는게 느려서 묽은 찰흙 마냥 건물 이 보이는것도 답답했습니다 . 사양 맞고 최상 옵 인데 도 요 ! 게임 자체 야 새로운 경험 을 하고싶으신 분 에게는 추천 을 드리지만 너무 큰 기대 를 품으면 실망하실 수 있습니다,2016-01-02 17:38:52
377160,Fallout 4,positive,^^,^^,2016-01-01 15:14:50
377160,Fallout 4,positive,그럭저럭 할만하네요..,그럭저럭 할만 하네요 ..,2016-01-01 10:27:30
377160,Fallout 4,positive,폴아웃 4 는 저의 베데스다 게임 입문작입니다.전 폴아웃 3가 어느정도의 재미인지 못느껴봤지만 개인적으로 폴아웃 4가 굉장히 재밌네요 윈도우 7인지라 폴아웃 3는 하기 힘든 부분이고 또한 폴아웃 3 가 잔인하고 무서워 보인다면 폴아웃 4 해보셔도 매우 나쁘지 않습니다. 최근에는 한글패치도 나온 시점이라 네이버나 디시인사이드 사이트에서 한글패치를 찾아보시면 쉽게 다운로드 가능합니다. 정말 저도 게임 불감증이 있어서 도박으로 구매하였지만 후회하지 않을 선택입니다.,폴아웃 4 는 저 의 베데스다 게임 입문 작 입니다 . 전 폴아웃 3 가 어느 정도 의 재미 인지 못 느껴 봤지만 개인 적 으로 폴아웃 4 가 굉장히 재밌네요 윈도우 7 인지 라 폴아웃 3 는 하기 힘든 부분 이고 또한 폴아웃 3 가 잔인하고 무서워 보인다면 폴아웃 4 해보셔도 매우 나쁘지 않습니다 . 최근 에는 한글패치 도 나온 시점 이라 네이버 나 디시인사이드 사이트 에서 한글패치 를 찾아보시면 쉽게 다운로드 가능합니다 . 정말 저 도 게임 불감증 이 있어서 도박 으로 구매 하였지만 후회 하지 않을 선택 입니다 .,2015-12-31 23:16:36
377160,Fallout 4,positive,"그래픽을 비롯한 여러가지가 발전된 폴아웃 2, 폴아웃 뉴베가스를 원했는데 결과물은 폴아웃 뉴베가스의 장점과 폴아웃 3의 단점을 섞어놓은 결과물이 나왔습니다. 그래도 재미있으니 추천합니다. 명작은 못되어도 수작은 충분히 됩니다. 좋게 말하면 믿고 사는 베데스다 게임, 나쁘게 말하면 전작들과 비교해서 (엘더스크롤 시리즈 포함) 크게 변한 건 없음. 하지만 여기서 진짜 까야할 건 4가지입니다. 1. 빌어먹을 무한반복 + 시간제한 + 강제부여 미닛맨 반복퀘스트. 이거 때문에 미닛맨 팩션 진행할 생각 없는데도 냅두기 찝찝해서 시간제","그래픽 을 비롯 한 여러가지 가 발전 된 폴아웃 2 , 폴아웃 뉴 베가스 를 원했는데 결과물 은 폴아웃 뉴 베가스 의 장점 과 폴아웃 3 의 단점 을 섞어놓은 결과물 이 나왔습니다 . 그래도 재미있으니 추천 합니다 . 명작 은 못 되어도 수작 은 충분히 됩니다 . 좋게 말 하면 믿고 사는 베데스다 게임 , 나쁘게 말 하면 전작 들 과 비교 해서 ( 엘더스크롤 시리즈 포함 ) 크게 변한 건 없음 . 하지만 여기 서 진짜 까 야할 건 4 가지 입니다 . 1 . 빌어먹을 무한 반복 + 시간제 한 + 강제 부여 미닛맨 반복 퀘스트 . 이 거 때문 에 미닛맨 팩션 진행 할 생각 없는데도 냅 두기 찝찝해서 시간제",2015-12-31 11:25:44
377160,Fallout 4,positive,스팀은 빡치게 하는데 일가견이 있습니다 엊그제 까지 65000원이던 놈이 세일을 하네요 일부러 더 싸서 시디로 구매 했는데 말이죠 뭐 어차피 베데스다는 시디로 구입하자라는 마인드라 돈 좀 더 내도 상관은 없다만 그래도 그렇지 게이브 이 개갞끼 출시한지 한달 된 게임을 잘도 세일하는 구나 게임은 일단 그래픽에서 장족의 발전이네요 기존에 딱딱하던 텍스쳐가 사라졌고 캐릭터 꾸미기도 재미있습니다 일단 거기까지만 했어요 기대 되네요 가을출타 모두 재밌게 하세요,스팀 은 빡치게 하는데 일가견 이 있습니다 엊그제 까지 65000원 이던 놈 이 세 일 을 하네요 일부러 더 싸서 시디 로 구매 했는데 말 이 죠 뭐 어차피 베데스다 는 시디 로 구입 하자라는 마인드 라 돈 좀 더 내도 상관 은 없다만 그래도 그렇지 게 이브 이 개갞끼 출시 한지 한 달 된 게임 을 잘도 세 일 하 는 구나 게임 은 일단 그래픽 에서 장족 의 발전 이네 요 기존 에 딱딱하던 텍스쳐 가 사라졌고 캐릭터 꾸미 기도 재미있습니다 일단 거기 까지만 했어요 기대 되네요 가을 출타 모두 재밌게 하세요,2015-12-31 04:57:59
377160,Fallout 4,positive,찾으라는 아들은 안찾고 쓰레기통 뒤적거리며 심시티나 하고 앉아 있는 못된 부모가 되버렸습니다.황무지의 평화? 알게 뭡니까!흥,찾으라는 아들 은 안 찾고 쓰레기통 뒤 적 거리 며 심시티 나 하고 앉아 있는 못 된 부모 가 되 버렸습니다 . 황무지 의 평화 ? 알 게 뭡 니까 ! 흥,2015-12-31 02:38:13
377160,Fallout 4,positive,"버그... 절대없는 공식 한글화... 크리에이션클럽... ...어쨌거나 저쨌거나, 나의 인생게임중 하나임에는 틀림없다. 핵전쟁 이후를 살아 남는, 영화 한 편을 찍는다. 혼자 살아 남는 잔혹한 느와르, 함께하는 동료가 있고, 여러 마을을 구하는 대서사시, 어느 장르가 될 것인가는, 오로지 내 마음. 출시때 바로 시작했고, 가끔 설치하여 다시 하고, 지금도 하고 있다. 작은 화면 멍하니보며, 자동사냥+손가락 운동같지 않고, 언제해도 재밌는, 그야말로 게임다운 게임! ...이라고 생각한다, 나는. *모드방식으로 한글패치","버그 ... 절대 없는 공식 한글화 ... 크리에이션 클럽 ... ... 어쨌거 나 저 쨌거나 , 나 의 인생게임 중 하나 임 에는 틀림없다 . 핵전쟁 이후 를 살 아 남는 , 영화 한 편 을 찍는다 . 혼자 살 아 남는 잔혹한 느와르 , 함께 하는 동료 가 있고 , 여러 마을 을 구 하는 대 서사시 , 어느 장르 가 될 것 인가 는 , 오로지 내 마음 . 출시 때 바로 시작 했고 , 가끔 설치 하여 다시 하고 , 지금 도 하고 있다 . 작은 화면 멍하니 보며 , 자동사 냥 + 손가락 운동 같지 않고 , 언제 해도 재밌는 , 그야말로 게임 다운 게임 ! ... 이라고 생각 한다 , 나 는 . * 모드 방식 으로 한글패치",2015-12-30 21:16:20
377160,Fallout 4,positive,토도키 하와도,토도 키 하와 도,2015-12-30 18:01:04
377160,Fallout 4,positive,훌륭한작품,훌륭한 작품,2015-12-29 22:03:15
377160,Fallout 4,positive,.,.,2015-12-29 21:50:45
377160,Fallout 4,positive,그래픽은 수준급이며 스토리는 매우 몰입감이 있다. 기대를 저버리지 않은 작품이다. 전작보다 FPS요소가 굉장히 업그레이드 되었다. ( 이부분은 오히려 FPS를 즐기지 않는 유저에게는 반갑지 않은 소식) SHUT UP AND TAKE MY MONEY. 스팀 라이브러리에 비록 한줄이 새겨지지만 그 존재감은 매우 인상적이다.,그래픽 은 수준 급 이며 스토리 는 매우 몰입 감 이 있다 . 기대 를 저 버리지 않은 작품 이다 . 전작 보다 FPS 요소 가 굉장히 업그레이드 되었다 . ( 이 부분 은 오히려 FPS 를 즐기지 않는 유저 에게는 반갑지 않은 소식 ) SHUT UP AND TAKE MY MONEY . 스팀 라이브러리 에 비록 한 줄 이 새겨지지만 그 존재 감은 매우 인상 적 이다 .,2015-12-29 21:03:56
377160,Fallout 4,positive,"재밌게 플레이하고 있습니다. 덕분에 시즌패스, 3, 뉴베가스까지 구매했네요. 다만 반복적인 퀘스트는 끝이 있긴한건지 궁금합니다. 170시간 이상해서그런건지 퀘스트가 많이 없어져선지 아니면 제가 못찾는건지...그래도 근례 가장 재밌게 했고 아깝지 않았던 게임이었습니다.","재밌게 플레이 하고 있습니다 . 덕분 에 시즌 패스 , 3 , 뉴 베가스 까지 구매 했네요 . 다만 반복 적 인 퀘스트 는 끝 이 있긴한 건지 궁금합니다 . 170시간 이상해서 그런 건 지 퀘스트 가 많이 없어져 선지 아니면 제 가 못 찾는 건지 ... 그래도 근례 가장 재밌게 했고 아깝지 않았던 게임 이었습니다 .",2015-12-29 18:56:24
377160,Fallout 4,positive,hey you assholes how about respecting Korean players too for god's sake,hey you assholes how about respecting Korean players too for god ' s sake,2015-12-29 18:01:43
377160,Fallout 4,positive,"다른 리뷰들은 너무 긴거 같아서 귀찮아 할 사람들을 위해 적당히 적어본다 우선 컨텐츠. 퀘스트나 돌아다니는것 말고도 가지고 놀게 생겼다! 집짓고 터렛짓고 벽세우고, 하다못해 벽에 전구 다는것도 재미다. 마을 꾸미다가 하루 보낸다. 그리고 게임 내 구조물. 베데스다 폴아웃3~뉴베가스 시리즈의 팬이라면 알겠지만 쓸모없는 아이템들이 정말 지천에 깔렸었다. 도대체 잡템을 왜 아무데나 막 뿌려 놓은건지 알쏭달쏭했다.하지만 폴아웃4는 다르다! 그릇, 바구니, 빈병, 하다못해 바퀴벌레 시체도 루팅해서 쓸 수 있다. 진짜 루팅의 재미 하나는","다른 리뷰 들 은 너무 긴거 같아서 귀찮아 할 사람 들 을 위해 적당히 적어 본다 우선 컨텐츠 . 퀘스트 나 돌아다니는것 말고도 가지 고 놀게 생겼다 ! 집 짓고 터렛 짓고 벽 세우고 , 하다못해 벽 에 전구 다는것도 재미 다 . 마을 꾸미다가 하루 보낸다 . 그리고 게임 내 구 조물 . 베데스다 폴아웃 3 ~ 뉴 베가스 시리즈 의 팬 이 라면 알겠지만 쓸모없는 아이템 들 이 정말 지천 에 깔렸었다 . 도대체 잡템 을 왜 아무 데 나 막 뿌려 놓은 건지 알쏭달쏭했다 . 하지만 폴아웃 4 는 다르다 ! 그릇 , 바구니 , 빈병 , 하다못해 바퀴벌레 시체 도 루팅 해서 쓸 수 있다 . 진짜 루팅 의 재미 하나 는",2015-12-29 02:00:55
377160,Fallout 4,positive,폴아웃을 처음 알게 된 사람을 위한 간단한 진행 설명 1. 물건 또는 사람을 찾아야 한다. 2. 필요한 것을 찾기 위해 정보를 아는 사람을 찾는다. 3. 가면 항상 위기에 빠져있거나 구하러 가야 한다. 4. 구해주면 정보를 주면서 좀 더 같이 일할 생각 없냐면서 퀘스트를 준다. 5. 같이 일 더하거나 걍 얻은 정보로 이동한다. 6. 이하 반복 7. 엔딩 재미는 있다만 이 정해진 루트를 벗어날 수는 없다.... 내 평가 1. 버그 좀 빨리... 2. 이제 여러분은 모든 스킬을 찍을 수 있습니다. 다만 lv275정도는 찍어야 합니다,폴아웃 을 처음 알 게 된 사람 을 위 한 간단한 진행 설명 1 . 물건 또는 사람 을 찾아야 한다 . 2 . 필요한 것 을 찾기 위해 정보 를 아는 사람 을 찾는다 . 3 . 가면 항상 위기 에 빠져있거나 구 하러 가야 한다 . 4 . 구 해주면 정보 를 주면서 좀 더 같이 일 할 생각 없냐면서 퀘스트 를 준다 . 5 . 같이 일 더하거나 걍 얻은 정보 로 이동 한 다 . 6 . 이하 반복 7 . 엔딩 재미 는 있다만 이 정해진 루트 를 벗어날 수 는 없다 .... 내 평가 1 . 버그 좀 빨리 ... 2 . 이제 여러분 은 모든 스킬 을 찍 을 수 있습니다 . 다만 lv 275 정도 는 찍어야 합니다,2015-12-29 01:47:41
377160,Fallout 4,positive,재밌긴 한데 뭔가 아쉬워....,재밌긴 한데 뭔가 아쉬워 ....,2015-12-29 01:18:44
377160,Fallout 4,positive,죽여 챙겨 돌아와,죽여 챙겨 돌아와,2015-12-28 19:07:27
377160,Fallout 4,positive,타격감 좋다. 캐릭터 재미있다. 빌리징 시스템 나쁘지 않다. 재미있다. 근데 DLC 왜 이렇게 창렬이냐... ㅜㅜ 폴아웃 특유의 재미와 중독성 때문에 일단 추천합니다.,타 격감 좋다 . 캐릭터 재미있다 . 빌리 징 시스템 나쁘지 않다 . 재미있다 . 근데 DLC 왜 이렇게 창렬 이냐 ... ㅜㅜ 폴아웃 특유 의 재미 와 중독 성 때문 에 일단 추천 합니다 .,2015-12-28 11:20:54
377160,Fallout 4,positive,갓 - 겜,갓 - 겜,2015-12-28 01:33:08
377160,Fallout 4,positive,아직 초반이지만 플레이해본결과 할것이많고 타격감도좋습니다 하지만 단점은 역시 개적화입니다. 외부보다 내부에 프레임이더떨어집니다. 그걸제외하면 좋은거같아요,아직 초반 이지만 플레이 해본 결과 할것이 많고 타 격감 도 좋습니다 하지만 단점 은 역시 개 적 화 입니다 . 외부 보다 내부 에 프레임 이 더 떨어집니다 . 그걸 제외 하 면 좋은 거 같아요,2015-12-28 00:03:06
377160,Fallout 4,positive,"you made my day !!! hope you guys will be doing great on the DLC, too XD","you made my day !!! hope you guys will be doing great on the DLC , too XD",2015-12-27 23:55:49
377160,Fallout 4,positive,폴아웃4 구매하고 90시간이 지난뒤..엔딩 4개를 보았습니다 .이제부터 업적깨러 가겠습니다. 정말재미있음!,폴아웃 4 구매 하고 90시간 이 지난 뒤 .. 엔딩 4 개 를 보았습니다 . 이제 부터 업적 깨러 가겠습니다 . 정말 재미있음 !,2015-12-27 23:13:51
377160,Fallout 4,positive,폴아웃 뉴베가스를 삿던때가 폴아웃4가 나오기 몇개월전이엿습니다 그래서 다른분들처럼 오래 하고 엔딩까지 본시점이 아니라서 좀 머라 할말이 없지만뉴 베가스에서 많은 발전이 있었는걸 볼수있었고 아마 이번 작품으로 인해 폴아웃 시리즈를 다 해보지 않을까싶습니다 폴아웃은 데이즈 러스트 등등 그런게임처럼 포스트 아포칼립스입니다 그래서 저랑 코드가 좀 맞은듯합니다 포스트아포칼립스 특성을 좋아하신다면 폴아웃시리즈를 추천해드립니다,폴아웃 뉴 베가스 를 삿던때 가 폴아웃 4 가 나오기 몇개 월 전이 엿 습 니 다 그래서 다른 분들 처럼 오래 하고 엔딩 까지 본 시점 이 아니라서 좀 머 라 할말이 없지만 뉴 베가스 에서 많은 발전 이 있었는걸 볼수있었고 아마 이번 작품 으로 인해 폴아웃 시리즈 를 다 해보지 않을까 싶습니다 폴아웃 은 데이즈 러스트 등등 그런 게임 처럼 포스트 아포칼립스 입니다 그래서 저 랑 코드 가 좀 맞은듯 합니다 포스트 아포칼립스 특성 을 좋아하신다면 폴아웃 시리즈 를 추천 해드립니다,2015-12-27 20:29:29
377160,Fallout 4,positive,"너무나 재밌기에 더 아쉬운게임 파워아머는 멋있어졌고, 하우징은 재밌으며 동료는 개성있다. 근데 장점이 저게 전부임 그 다채롭던 대화 선택지는 말할것도 없이 퇴화했고, 퍽과 스페셜 시스템 또한 실망스럽다. 필수퍽을 찍기위해 원하지 않는 스페셜 수치를 찍어야되며, 무조건 팩션선택해야 함에도 불구하고 그 팩션에서 내가 할 수 있는건 거의 없다. 그냥 스토리대로 따라가야됨 그리고 개인적으로 언암드 신경 안쓴티 정말 오지게도 난다. 파워아머 입으면 언암드 무기는 낄수도 없는데다 유니크 언암드 무기는 없는거나 마찬가지.. 그나마 맹렬한","너무나 재밌기에 더 아쉬운 게임 파워 아 머는 멋있어졌고 , 하우 징 은 재밌으며 동료 는 개성 있다 . 근데 장점 이 저 게 전 부임 그 다채롭던 대화 선택 지는 말 할것도 없이 퇴화 했고 , 퍽 과 스페셜 시스템 또한 실망 스럽다 . 필수 퍽 을 찍기 위해 원하지 않는 스페셜 수치 를 찍어야되 며 , 무조건 팩션 선택 해야 함 에도 불구 하고 그 팩션 에서 내 가 할 수 있는건 거의 없다 . 그냥 스토리 대로 따라가야 됨 그리고 개인 적 으로 언 암드 신경 안 쓴 티 정말 오지게도 난다 . 파워 아 머 입으면 언 암드 무기 는 낄수도 없는데다 유니크 언 암드 무기 는 없는거나 마찬가지 .. 그나마 맹렬한",2015-12-27 19:37:50
377160,Fallout 4,positive,좋아요,좋아요,2015-12-27 16:43:00
377160,Fallout 4,positive,뉴베보단 아쉬워도 재미만은 끝내주는,뉴베 보단 아쉬워도 재미 만은 끝내주는,2015-12-27 16:18:14
377160,Fallout 4,positive,갓갓갓4,갓 갓 갓 4,2015-12-27 15:49:17
377160,Fallout 4,positive,+무기를 개조하자! +스카이림보다 재미있어진 전투 -아쉬운 최적화 -사고나니까 세일함니다--;,+ 무기 를 개조 하자 ! + 스카이림 보다 재미있어진 전투 - 아쉬운 최적화 - 사고나니까 세 일 함니다 --;,2015-12-27 05:42:15
377160,Fallout 4,positive,버그가 있다 하지만 재미있다 엄청많은 미션 걍 이건 사야됨,버그 가 있다 하지만 재미있다 엄청 많은 미션 걍 이건 사야 됨,2015-12-27 02:56:46
377160,Fallout 4,positive,"좋은 점 1. 오픈월드 RPG라 능력껏 안죽을 재주가 있다면 마음껏 돌아다닐 수 있다 2. 취향에 맞게 무기개조를 하고 전투를 할 수 있다.(파워아머+근접 개돌 vs 은신 저격) 3. 정착지를 굴리면서 노는것도 나름 재밌음 나쁜점 1. 인터페이스가 콘솔에 맞춰져 있어 불편한 점이 있음(대표적으로 파워어택/수류탄) 2. 야간 어머니급으로 자잘한 퀘 던져주는 미닛맨들(반복퀘, 특히 마을 방어 후반가면 엄청 귀찮음) 3. 음성추가 탓인지 전작들보다 후퇴한 선택지들. 이번 작에서는 죽이느냐 살리느냐, 템을 주냐 안주냐 정도만 결정함","좋은 점 1 . 오픈월드 RPG 라 능력 껏 안 죽을 재주 가 있다면 마음껏 돌아다닐 수 있다 2 . 취향 에 맞게 무기 개조 를 하고 전투 를 할 수 있다 .( 파워 아 머 + 근접 개돌 vs 은신 저격 ) 3 . 정착 지를 굴리 면서 노는것도 나름 재밌음 나쁜 점 1 . 인터페이스 가 콘솔 에 맞춰져 있어 불편한 점 이 있음 ( 대표 적 으로 파워 어택 / 수류탄 ) 2 . 야간 어머니 급 으로 자잘한 퀘 던져주는 미닛맨들 ( 반복 퀘 , 특히 마을 방어 후반 가면 엄청 귀찮음 ) 3 . 음성 추가 탓 인지 전작 들 보다 후퇴 한 선택 지 들 . 이번 작 에서는 죽이느냐 살리느냐 , 템 을 주냐 안주 냐 정도 만 결정 함",2015-12-26 22:01:36
377160,Fallout 4,positive,이걸하려는데 그래픽때문에 눈이 부셔서 실명할뻔했어요 잘만든듯,이 걸 하려는데 그래픽 때문 에 눈 이 부셔서 실명 할 뻔했어요 잘 만든듯,2015-12-25 16:51:10
377160,Fallout 4,positive,그래서 제 하루는요?,그래서 제 하루 는 요 ?,2015-12-25 08:24:30
377160,Fallout 4,positive,그냥 간단하게 집만드는데 20시간날라가는 신비한게임,그냥 간단하게 집 만드는데 20시간 날라가는 신비 한게임,2015-12-25 06:54:18
377160,Fallout 4,positive,늦바람이 무섭다고... 요즘 열심히 하고있습니다. 모드덕분에 참 좋네요.,늦바람 이 무섭다고 ... 요즘 열심히 하고있습니다 . 모드 덕분 에 참 좋네요 .,2015-12-24 09:59:42
377160,Fallout 4,positive,"최선은 없었다. 최악이냐, 차악일뿐. 되도록 피를 보지 않고. 정의롭게 살고자 했다. 모두는 아니라도 대다수가 행복할 길이 있다 혼자 착각하고 마당발로 살았기에 대가는 처참했다. 좆같다. 이 찝찝함이 제작진이 노린거면 정말 잘 만들었다고 할 수 있겠다.","최선 은 없었다 . 최악 이냐 , 차악일 뿐 . 되도록 피 를 보지 않고 . 정의롭 게 살고자 했다 . 모두 는 아니라도 대다수 가 행복할 길이 있다 혼자 착각 하고 마당 발 로 살았기에 대가 는 처참했다 . 좆 같다 . 이 찝찝함이 제 작 진 이 노린거면 정말 잘 만들었다고 할 수 있겠다 .",2015-12-24 07:41:53
377160,Fallout 4,positive,다회차 하기 좋은 게임 근데 이상하게 팩션 선택할 정도까지 진행하면 질리게 된다.,다 회차 하기 좋은 게임 근데 이상하게 팩션 선택 할 정도 까지 진행 하면 질리 게 된다 .,2015-12-24 05:48:18
377160,Fallout 4,positive,"그래픽,버그,모션 등등 말은 많지만 재밌기는 확실히 졸잼 꼭 사야할 게임","그래픽 , 버그 , 모션 등등 말 은 많지만 재밌기는 확실히 졸잼 꼭 사야 할 게임",2015-12-23 22:52:29
377160,Fallout 4,positive,말이 필요없음 굿!!,말 이 필요없음 굿 !!,2015-12-23 22:07:24
377160,Fallout 4,positive,베데스다의 폴아웃 시리즈를 한다는 느낌보단 폴아웃의 이름만 딴 새로운 작품을 플레이 하는것 같았다 폴아웃4에거 가장 핵심 요소라고도 할 수 있는 개조시스템은 마음에 든다.뉴베가스의 일정 부품만 있는것이 아니라 유저의 입맛대로 개조를 할 수있어서 개선된 양상을 보여준다. 근데 회차마다 건넛 퍽을 반 강제적으로 찍어야 상대적으로 원활한 플레이를 할 수 있다는 점이 약간 아쉽다. 전작 동료들은 내가 소매치기를 하던 누굴죽이던 아무런 영향을 미치질 않아서 동료 퀘스트만 끝내면 그냥 짐도 싣고 퍽도 주며 싸움도 대신 해주는 이동식 터렛,베데스다 의 폴아웃 시리즈 를 한다는 느낌 보단 폴아웃 의 이름 만 딴 새로운 작품 을 플레이 하는것 같았다 폴아웃 4 에 거 가장 핵심 요 소라 고도 할 수 있는 개조 시스템 은 마음 에 든다 . 뉴 베가스 의 일정 부품 만 있는것이 아니라 유저 의 입맛 대로 개조 를 할 수 있어서 개선 된 양상 을 보여준다 . 근데 회 차마 다 건넛 퍽 을 반 강제 적 으로 찍어야 상대 적 으로 원활한 플레이 를 할 수 있다는 점 이 약간 아쉽다 . 전작 동료 들 은 내 가 소매치기 를 하던 누굴죽 이던 아무런 영향 을 미치질 않아서 동료 퀘스트 만 끝내면 그냥 짐 도 싣고 퍽 도 주며 싸움 도 대신 해주는 이동식 터렛,2015-12-23 20:49:08
377160,Fallout 4,positive,후 캐릭터 다만들었다,후 캐릭터 다만 들었다,2015-12-23 15:12:13
377160,Fallout 4,positive,내 플탐을 봐,내 플 탐을 봐,2015-12-23 12:34:17
377160,Fallout 4,positive,만족 만족.,만족 만족 .,2015-12-23 12:11:39
377160,Fallout 4,positive,베네스다는 엔진 재탕과 발전폭이 적은 그래픽 등 너무나 지금 상황에 안주하는 모습을 보인다. 하지만 게임을 해보면 역시 정통 rpg중엔 아직까지 최강자라 부를만하다. 퇴보한 부분들이 신경쓰이긴 하지만 진보한 다른 부분들은 정말 괜찮다고 생각한다. 다음작은 제발 매일 지적받는 것들좀 고쳐 나왔음 한다 . 개인적인 점수는 10점 만점에 8.5점,베 네스 다는 엔진 재탕 과 발전 폭 이 적은 그래픽 등 너무나 지금 상황 에 안주 하는 모습 을 보인다 . 하지만 게임 을 해보면 역시 정통 rpg 중 엔 아직 까지 최강 자라 부를 만하 다 . 퇴보한 부분 들 이 신경 쓰이긴 하지만 진보 한 다른 부분 들 은 정말 괜찮다고 생각 한다 . 다음 작은 제발 매일 지적 받는 것 들 좀 고쳐 나왔음 한다 . 개인 적 인 점수 는 10 점 만점 에 8.5 점,2015-12-22 12:30:22
377160,Fallout 4,positive,"한글 패치 검수본이 나온 이후 3일만에 40시간 가량을 찍어버린 악마의 작품.... 확실히 스카이림 이후 발전은 없지만 그래도 퇴보하지도 않았다. 베데스다니까... 라는 느낌으로 넘어가긴해도, 이런점은 좀... 바뀌었으면 싶다. 아무튼 내 가준으로 A급에 속하는 게임.","한글 패치 검수 본이 나온 이후 3일 만에 40시간 가량 을 찍어 버린 악마 의 작품 .... 확실히 스카이림 이후 발전 은 없지만 그래도 퇴보하지도 않았다 . 베데스다 니까 ... 라는 느낌 으로 넘어가긴 해도 , 이런 점 은 좀 ... 바뀌었으면 싶다 . 아무튼 내 가준으로 A 급 에 속 하는 게임 .",2015-12-22 03:30:22
377160,Fallout 4,positive,totally awesome,totally awesome,2015-12-21 22:44:42
377160,Fallout 4,positive,뭘 평가를 읽고앉았냐? 빨리사라 이 게임에 투자한 65000원은 정말 1원의 손해조차 없다.,뭘 평가 를 읽고 앉았냐 ? 빨리 사라 이 게임 에 투자 한 65000원 은 정말 1원 의 손해 조차 없다 .,2015-12-21 21:32:50
377160,Fallout 4,positive,"기대만큼은 아닌?,....","기대 만큼은 아닌 ?,....",2015-12-21 19:49:51
377160,Fallout 4,positive,"베데스다는 더이상 RPG에 집중할 생각이 없는 것 같다. 폴아웃 4에서 내가 폴아웃 3와 폴아웃 뉴베가스에서 느꼈던 RPG 적 장점은 더 찾아볼 수가 없다. 14만줄이라는 대사량이 무색할 정도로 대화는 무미건조하고 팩션 스토리는 뉴베가스에 비하면 단순하다. 이제 역할극으로서의 재미는 끝났다. 우리가 핵전쟁으로 파괴된 세상이라 느끼던 곳은 액션 섞인 사격의 광대한 체험장이 되었다. 그 속에는 내가 기대하던 멸망한 세상의 체험이라는 몰입감 있는 롤 플레이는 없다. 우리는 보여주기식으로 만들어진 커먼 웰스에서 W만 누를 수 있을 뿐,","베데스다 는 더 이상 RPG 에 집중 할 생각 이 없는 것 같다 . 폴아웃 4 에서 내 가 폴아웃 3 와 폴아웃 뉴 베가스 에서 느꼈던 RPG 적 장점 은 더 찾아볼 수가 없다 . 14만 줄이라는 대 사량 이 무색 할 정도 로 대화 는 무미건조하고 팩션 스토리 는 뉴 베가스 에 비 하면 단순하다 . 이제 역할극 으로서의 재미 는 끝났다 . 우리 가 핵전쟁 으로 파괴 된 세상 이라 느끼던 곳 은 액션 섞인 사격 의 광대한 체험 장이 되었다 . 그 속 에는 내 가 기대하던 멸망한 세상 의 체험 이라는 몰입 감 있는 롤 플레이 는 없다 . 우리 는 보여주기 식 으로 만들어진 커먼 웰스 에서 W 만 누를 수 있을 뿐 ,",2015-12-21 16:58:25
377160,Fallout 4,positive,너무 너무 잼있어서 정품 구입했어요. 여러분 꼭 정품 사세요. 돈값 500% 합니다. 스카이림에서 풀아웃4로 이사왔네요. 풀아웃3은 진짜 그래픽이 별루라 시작한지 10문만에 껏는데 풀아웃4는 만족하고 있어요. 더 좋은 그래픽이면 좋겠지만 이정도면 충분하다고 생각됩니다.,너무 너무 잼있어서 정품 구입 했어요 . 여러분 꼭 정품 사세요 . 돈값 500% 합니다 . 스카이림 에서 풀 아웃 4 로 이사 왔네요 . 풀 아웃 3 은 진짜 그래픽 이 별루 라 시작 한지 10 문 만에 껏 는데 풀 아웃 4 는 만족하고 있어요 . 더 좋은 그래픽 이면 좋겠지만 이 정도 면 충분하다고 생각 됩니다 .,2015-12-21 02:45:17
377160,Fallout 4,positive,"봐줄만한 그래픽으로 발전한 핵전쟁 스카이림. 특유의 뚜렷한 라인이 없는 메인스토리는 장점이자 단점이다. 사이드 퀘스트를 하는건지 메인퀘스트를 하는건지 헛갈릴 정도로 모든 퀘스트가 어정쩡하게 엮여있다. 다 기억하고 플레이하면 되는건 맞지만 그러기엔 할 것들이 너무 많다. 특히 세력같은경우 BOS, 미닛맨 등등 모든 세력에 들어갈 수 있지만 막상 플레이 해 보면 뭔가 추구하는 방향이 다들 또렷해서 모든걸 다 하기엔 다소 혼란이 오는건 사실이다. (그러면서 본인은 모든 단체에 가입한건 안비밀) 하지만 높은 자유도를 원하는 사람이라면","봐줄만 한 그래픽 으로 발전 한 핵전쟁 스카이림 . 특유 의 뚜렷한 라인 이 없는 메인 스토리 는 장점 이자 단점 이다 . 사이드 퀘스트 를 하는 건지 메인 퀘스트 를 하는 건지 헛 갈릴 정도 로 모든 퀘스트 가 어정쩡하게 엮 여 있다 . 다 기억 하고 플레이 하면 되는건 맞지만 그러 기 엔 할 것 들 이 너무 많다 . 특히 세력 같은 경우 BOS , 미닛맨 등등 모든 세력 에 들어갈 수 있지만 막상 플레이 해 보면 뭔가 추구 하는 방향 이 다 들 또렷해서 모든 걸 다 하기엔 다소 혼란 이 오는건 사실 이다 . ( 그러면서 본인 은 모든 단체 에 가입 한 건 안 비밀 ) 하지만 높은 자유도 를 원하는 사람 이 라면",2015-12-20 00:18:39
377160,Fallout 4,positive,76을 하고 나니.. 이겜은 그나마 좋은 게임임을 새삼느겼다,76 을 하고 나니 .. 이 겜 은 그나마 좋은 게임 임 을 새 삼느 겼다,2015-12-19 14:19:23
377160,Fallout 4,positive,이정도면 괜찮은 게임 아님?,이 정도 면 괜찮은 게임 아님 ?,2015-12-19 13:14:30
377160,Fallout 4,positive,"말이 필요없는 갓겜입니다. 이미 전쟁 전 낳은 아들은 잊고 민초들 밥이랑 잠자리 걱정에 폐지를 줍는 당신을 볼수 있을 겁니다. 노후를 위해 폐지를 많이 주우세요. 생존을 위해서라면 깡통 한개를 주워 철덩어리 하나로 만드는 능력과 폐허가 된 헬미국에서 이미 쓸모가 없게 된 돈다발을 주워 침낭을 만드는 법을 익혀야 합니다. (ps. 테이토 3개, 뮤트프루트 3개, 물 1병, 옥수수 3개를 기억하세요.)","말 이 필요없는 갓 겜 입니다 . 이미 전쟁 전 낳은 아들 은 잊고 민초 들 밥 이랑 잠자리 걱정 에 폐지 를 줍는 당신 을 볼수 있을 겁니다 . 노후 를 위해 폐지 를 많이 주 우세 요 . 생존 을 위 해서라면 깡통 한개 를 주워 철 덩어리 하나로 만드는 능력 과 폐허 가 된 헬미국 에서 이미 쓸모 가 없게 된 돈 다발 을 주워 침낭 을 만드는 법 을 익혀야 합니다 . ( ps . 테 이토 3 개 , 뮤트 프 루트 3 개 , 물 1 병 , 옥수수 3 개 를 기억 하세요 .)",2015-12-19 01:54:15
377160,Fallout 4,positive,"얼마나 새로운 것을 기대했는지는 모르겠다, 폴아웃의 공식 후속작이라는 사실만으로도 충분한 가치가 있다.","얼마나 새로운 것 을 기대했는지는 모르겠다 , 폴아웃 의 공식 후속작 이라는 사실 만으로도 충분한 가치 가 있다 .",2015-12-18 19:27:08
377160,Fallout 4,positive,짱짱,짱짱,2015-12-18 12:24:10
377160,Fallout 4,positive,데프프픗! 또옹닌겐! 어서 이게임은 사는 데스우~~ 세레브한 와타시에게 딱 어울리는 게임인 데스. 하지만 갓3보단 좀 못한 데스웅~ 갓3가 너무 독보적이라 그런데스. 또옹닌겐은 이걸로 만족하는 데스우~~~,데프프픗 ! 또옹닌겐 ! 어서 이 게임 은 사는 데스 우 ~~ 세레브 한 와타시 에게 딱 어울리는 게임 인 데스 . 하지만 갓 3 보단 좀 못 한 데스 웅 ~ 갓 3 가 너무 독보 적 이라 그런 데스 . 또옹닌겐 은 이 걸 로 만족하는 데스 우 ~~~,2015-12-18 00:39:40
377160,Fallout 4,positive,할만함,할만 함,2015-12-17 22:12:44
377160,Fallout 4,positive,베데스다는 닥치고 추천 높은 자유도와 핵전쟁 이후의 분위기를 잘 살려낸 게임 일단 난 자유도 성애자니까 추천한다.,베데스다 는 닥치고 추천 높은 자유도 와 핵전쟁 이후 의 분위기 를 잘 살려 낸 게임 일단 난 자유도 성애자 니까 추천 한다 .,2015-12-17 16:41:36
377160,Fallout 4,positive,"베데스다라는 게임 제작사의 특성이 좋은 의미로든 나쁜 의미로든 다시 한 번 드러난 게임이라고 할 수 있습니다. 방대한 세계와 그 안의 거의 모든 것들과 상호작용할 수 있는 점, 스카이림에서 시험해본 집짓기 기능을 개선/확장시킨 정착지 건설, 무난하지만 여러가지 생각할 거리를 던져주는 메인 스토리 등등이 장점입니다. 하지만 여전히 어색한 캐릭터들의 동작, 깊이가 없는 사이드 퀘스트들, 셀 수도 없이 많은 버그들(게임 안에서 한영 키를 누르자 게임이 최소화되는 모습에 기겁...) 등등은 단점으로 꼽힙니다. 하지만 이러한 특성들이 충돌함","베데스다 라는 게임 제작사 의 특성 이 좋은 의미 로 든 나쁜 의미 로 든 다시 한 번 드러난 게임 이라고 할 수 있습니다 . 방대한 세계 와 그 안 의 거의 모든 것 들 과 상호작용 할 수 있는 점 , 스카이림 에서 시험 해본 집짓기 기능 을 개선 / 확장 시킨 정착 지 건설 , 무난 하 지만 여러가지 생각 할 거리 를 던져주는 메인 스토리 등등 이 장점 입니다 . 하지만 여전히 어색한 캐릭터 들 의 동작 , 깊이 가 없는 사이드 퀘스트 들 , 셀 수도 없이 많은 버그 들 ( 게임 안 에서 한영 키 를 누르자 게임 이 최소 화 되는 모습 에 기겁 ...) 등등 은 단점 으로 꼽힙니다 . 하지만 이러한 특성 들 이 충돌 함",2015-12-17 01:29:55
377160,Fallout 4,positive,좋와던 점은 99.9% 단점 동료 때문에 은신 들키는것 추천하는 이유 첨음 접해보는데도 재미다는 생각 만 듬 얼마 하진않았지만 꼭 해봐라 갓게임인 이유가 있음,좋와 던 점 은 99.9% 단점 동료 때문 에 은신 들키는것 추천 하는 이유 첨 음 접 해보는데도 재미 다는 생각 만 듬 얼마 하진 않았지만 꼭 해봐라 갓 게임 인 이유 가 있음,2015-12-17 00:40:15
377160,Fallout 4,positive,"버그가 조금 있기는 하지만, 멋진 게임인것은 분명하다. 추후에 나올 DLC 와 다양한 모드들이 나를 벌써부터 설레게 만든다.","버그 가 조금 있기는 하지만 , 멋진 게임 인 것 은 분명하다 . 추후 에 나올 DLC 와 다양한 모드 들 이 나를 벌써 부터 설레게 만든다 .",2015-12-16 18:55:38
377160,Fallout 4,positive,재미가 있읍니다 고티는 음모입니다,재미 가 있 읍니 다 고 티 는 음모 입니다,2015-12-14 22:16:56
377160,Fallout 4,positive,총든 스카이림 기존 폴아웃을 좋아한다면 이번작을 정-말 재미있게 즐기지는 못할 것이다. 하지만 나처럼 스카이림에 반해 베데스다게임을 좋아하게된 케이스라면 당신은 타임머신을 구매한 것이다. 축하한다.,총 든 스카이림 기존 폴아웃 을 좋아한다면 이 번작 을 정 - 말 재미있게 즐기지는 못 할 것 이다 . 하지만 나 처럼 스카이림 에 반해 베데스다 게임 을 좋아하게 된 케이스 라면 당신 은 타임머신 을 구매 한 것 이다 . 축하 한다 .,2015-12-14 17:34:38
377160,Fallout 4,positive,"<약한 스포주의> 1. 뉴베가스처럼 특정세력을 선택해야할 때가 오는데 그 시점이 약간 알기 힘들다는 것. '이 퀘스트를 이런식으로 해결하면 바로 BOS 깡통새끼들과 적대관계가 되겠지?' 싶은 퀘스트인데도 본거지에가면 무슨 일 있었냐는 듯이 기사님! 하고 반겨준다 철도덕후들이랑도 마찬가지. 2. 스토리의 비중이 좀 잘못 잡혀있지 않나 생각한다 아들 찾아가는 과정이 너무 뜬끔없는 일들의 연속이라.. 좀더 개연성있게 만들어 주고, 역으로 '파더' 만나고 나서부터는 너무 잡다한 일들 많이 시키는 느낌이다.","< 약한 스포 주의 > 1 . 뉴 베가스 처럼 특정 세력 을 선택 해야 할 때 가 오는데 그 시점 이 약간 알기 힘들다는 것 . ' 이 퀘스트 를 이런 식 으로 해결 하면 바로 BOS 깡통 새끼 들 과 적대 관계 가 되겠지 ?' 싶은 퀘스트 인데 도 본 거지 에 가면 무슨 일 있었냐는 듯이 기사 님 ! 하고 반겨 준다 철도 덕후 들 이랑 도 마찬가지 . 2 . 스토리 의 비중 이 좀 잘못 잡혀있지 않나 생각 한다 아들 찾아가는 과정 이 너무 뜬 끔 없는 일 들 의 연속 이라 .. 좀더 개연 성 있게 만들어 주고 , 역 으로 ' 파더 ' 만나고 나서부터는 너무 잡다한 일 들 많이 시키는 느낌 이다 .",2015-12-14 14:18:06
377160,Fallout 4,positive,"스카이림으로 유명한 오픈월드 명가 베데스다가 만든 핵폭발로 대충 멸망한 세계를 배경으로 한 폴아웃 4입니다. 핵전쟁으로부터 200년 냉동되있던 사이 빼앗긴 당신의 아이를 찾아서 실낱같은 희망을 가지고 다이아몬드 시티로 향합니다. 전작인 스카이림에 비해 모션은 장족의 발전을 이루어냈습니다. 또한 FPS로서의 타격감, 긴장감도 걸출합니다. 하지만 RPG면에서는 많이 포기한 듯이 보입니다. 이야기는 도처에 널려있지만, 이야기를 바꿀 가능성은 거의 없습니다. 폐허가 된 세상이기 때문에 전쟁 전에 끝나버린 이야기를 읽는 것은 독특한 매","스카이림 으로 유명한 오픈월드 명가 베데스다 가 만든 핵폭발 로 대충 멸망한 세계 를 배경 으로 한 폴아웃 4 입니다 . 핵전쟁 으로부터 200년 냉동 되있던 사이 빼앗긴 당신 의 아이 를 찾아서 실낱 같은 희망 을 가지 고 다이아몬드 시티 로 향합 니 다 . 전작 인 스카이림 에 비해 모션 은 장족 의 발전 을 이루어 냈습니다 . 또한 FPS 로서 의 타 격감 , 긴장감 도 걸 출 합니다 . 하지만 RPG 면 에서는 많이 포기 한 듯이 보입니다 . 이야기 는 도처 에 널려 있지만 , 이야기 를 바꿀 가능성 은 거의 없습니다 . 폐허 가 된 세상 이기 때문 에 전쟁 전 에 끝나 버린 이야기 를 읽는 것 은 독특한 매",2015-12-14 02:45:22
377160,Fallout 4,positive,존나 재밌는데 존나 성의없음,존나 재밌는데 존나 성의 없음,2015-12-14 00:13:20
377160,Fallout 4,positive,GOOOOOOOOOOOOOOOOD,GOOOOOOOOOOOOOOOOD,2015-12-13 20:35:50
377160,Fallout 4,positive,정말로 인생작게임 입니다. 적극 추천합니다.,정말로 인생 작 게임 입니다 . 적극 추천 합니다 .,2015-12-13 12:31:05
377160,Fallout 4,positive,"1. 폴아웃 뉴베가스보다 폴아웃3를 재밌게 즐겼다면 ?! => 망설이지 말고 구매하세요 !! 2. 단점 < 장점 3. amd도 크림슨깔면 할만합니다. 4. 키보드, 마우스보다는 패드 추천 5. 100시간 넘어갔는데, 언제까지 할지 모르겠네요. 6. 폐지 주워서 마을을 재건하는 게임입니다. 저처럼 강박적으로 아이템 줍는 데 집착하는 분들한테 강력추천합니다.","1 . 폴아웃 뉴 베가스 보다 폴아웃 3 를 재밌게 즐겼다면 ?! => 망설이지 말고 구매 하세요 !! 2 . 단점 < 장점 3 . amd 도 크림슨 깔면 할만 합니다 . 4 . 키 보드 , 마우스 보다는 패드 추천 5 . 100시간 넘어갔는데 , 언제 까지 할지 모르겠네요 . 6 . 폐지 주워서 마을 을 재건 하는 게임 입니다 . 저 처럼 강박 적 으로 아이템 줍는 데 집착 하는 분 들 한테 강력 추천 합니다 .",2015-12-13 01:15:30
377160,Fallout 4,positive,"발매 다음날부터 2주동안 250시간 하고 적는다. 지금 심정이 딱 이렇다. [h1] ""야 이 베데스다놈의 새끼들아! 니들 거기 꼼짝 말고 있어! 내 지금 파워아머를 끌고 가서 네놈들 머리통을 V.A.T.S로 다 날려버리겠어!""[/h1] 이 미친놈들 풀아웃 3에서 메인메뉴에서부터 보여준 무거운 웅장함은 어디 갔냐. 풀아웃 3는 게임 시작하자마자 묵진한 음악 나오면서 핵전쟁 후의 분위기를 물씬 내더만 이건 뭐 그래픽이 좋아져서 그런가 겜이 그냥 너무 가벼워졌어. 물론 풀아웃 3가 ""핵전쟁이 남긴 끔찍한 잔재""들을 생생히 전하는데 집","발매 다음 날 부터 2 주 동안 250시간 하고 적는다 . 지금 심정 이 딱 이렇다 . [ h 1 ] "" 야 이 베데스다 놈 의 새끼 들 아 ! 니 들 거기 꼼짝 말고 있어 ! 내 지금 파워 아 머 를 끌 고 가서 네 놈 들 머리 통 을 V . A . T . S 로 다 날려 버리겠어 !""[/ h 1 ] 이 미친 놈 들 풀 아웃 3 에서 메인 메뉴 에서부터 보여준 무거운 웅장 함 은 어디 갔냐 . 풀 아웃 3 는 게임 시작 하 자마자 묵진한 음악 나오면서 핵전쟁 후의 분위기 를 물씬 내더만 이건 뭐 그래픽 이 좋아져서 그 런가 겜 이 그냥 너무 가벼워졌어 . 물론 풀 아웃 3 가 "" 핵전쟁 이 남긴 끔찍한 잔재 "" 들을 생생히 전 하는데 집",2015-12-13 00:24:40
377160,Fallout 4,positive,"전 폴아웃4로 폴아웃 시리즈를 처음 접한 유저입니다. 이것저것 하다가 73시간만에 엔딩 본 김에 몇 자 적어봅니다. 전작들은 해본 적 없고 순수하게 이 게임만 놓고 평가를 하자면 개인적으론 매우 만족입니다. 보통 엔딩보면 뒤도 안돌아보는데 이 게임은 다시 하고 싶어져요. 여태 플레이해왔던 게임은 세계의 평화를 지킨다, 뭐 대단한 악당을 물리친다 하는 식의 스토리를 따라간다면 사실 이 게임도 플레이하는 당신의 사상에 따라 그렇게 느껴질 수 있겠지만 진정한 재미는 못봐줄 것 같은 동네에서 사람들을 모으고, 점점 살만한 동네로 변화시","전 폴아웃 4 로 폴아웃 시리즈 를 처음 접 한 유저 입니다 . 이 것 저 것 하다가 73시간 만에 엔딩 본 김 에 몇 자 적어 봅니다 . 전작 들 은 해본 적 없고 순수하게 이 게임 만 놓고 평가 를 하자 면 개인 적 으론 매우 만족 입니다 . 보통 엔딩 보면 뒤 도 안 돌아보는데 이 게임 은 다시 하고 싶어져요 . 여태 플레이 해왔던 게임 은 세계 의 평화 를 지킨다 , 뭐 대단한 악당 을 물리 친다 하는 식 의 스토리 를 따라간다면 사실 이 게임 도 플레이 하는 당신 의 사상 에 따라 그렇게 느껴질 수 있겠지만 진정한 재미 는 못 봐줄 것 같은 동네 에서 사람 들 을 모으고 , 점점 살 만 한 동네 로 변화 시",2015-12-12 14:44:41
377160,Fallout 4,positive,아니 제발 뉴베가스적인 요소를 집어넣으라고 무슨 똥고집이야 도데체 ㅡㅡ,아니 제발 뉴 베가스 적 인 요소 를 집어넣으라고 무슨 똥 고집 이야 도데 체 ㅡㅡ,2015-12-12 02:25:29
377160,Fallout 4,positive,진짜 시간가는 줄 모르고 플레이했네요 다만 메인스토리 분량이 적은것과 다소 사소한 버글들만 빼면 정말 마음에 드는 게임이네요!,진짜 시간 가는 줄 모르고 플레이 했네요 다만 메인 스토리 분량 이 적은것과 다소 사소한 버글들 만 빼면 정말 마음 에 드는 게임 이네 요 !,2015-12-11 22:04:23
377160,Fallout 4,positive,나는 좋다 도그밋 나는 좋아 바이퍼 나는 좋아 코스워드 나는 좋다 한글패치 나는 싫다 어중이 떠중이들 산다... 폴아웃 즐긴다...폴아웃,나 는 좋다 도그밋 나 는 좋아 바이퍼 나 는 좋아 코스 워드 나 는 좋다 한글패치 나 는 싫다 어중 이 떠 중이 들 산다 ... 폴아웃 즐긴다 ... 폴아웃,2015-12-11 20:05:31
377160,Fallout 4,positive,뭐 자잘한 버그가 눈에 거슬립니다만은 그래도 충분히 재미있게 플레이 해볼만한 게임인건만은 확실하다는 생각이네요 개인적으로는 올해 최고의 게임이네요,뭐 자잘한 버그 가 눈 에 거슬립니다만은 그래도 충분히 재미있게 플레이 해볼만 한 게임 인 건만 은 확실하다는 생각 이네 요 개인 적 으로는 올해 최고 의 게임 이네 요,2015-12-11 07:17:07
377160,Fallout 4,positive,명불버그,명불 버그,2015-12-11 01:32:37
377160,Fallout 4,positive,션?션?? 션!!!!!!!!!!!!!!!!!,션 ? 션 ?? 션 !!!!!!!!!!!!!!!!!,2015-12-10 21:46:25
377160,Fallout 4,positive,갓겜,갓 겜,2015-12-10 17:11:41
377160,Fallout 4,positive,"베데스다류 게임 스토리 답다. 시스템도 스카이림이랑 별로 달라진 거 없고, 생존자들 모아둔 마을 몇개 있고 거기서 자원 뽑아다가 파는 점에서 캡이 너무 수월히 모인다. ? 퀘스트가 복잡한게 아니라 꼭 던전만 가네 베데스다 UI가 그대로 적용 되어있다. 내 컴퓨터로 울트라 돌리는 최적화에 심각하지 않은 버그 스토리의 유동성이 존재하지 않는다 그냥 말놓고 애기해서 딱! 기존 황무지 스타일에 필요있으나 마나한 건설 컨텐츠 18+게임 답지 않은 잔인성 1인칭과 3인칭의 자유로움 폴아웃 기술의 진보성이 보이지 않는다. 근데... 내 시간","베데스다 류 게임 스토리 답 다 . 시스템 도 스카이림 이랑 별로 달라진 거 없고 , 생존자 들 모아 둔 마을 몇개 있고 거기 서 자원 뽑아다가 파는 점 에서 캡 이 너무 수월히 모인다 . ? 퀘스트 가 복잡한게 아니라 꼭 던전 만 가네 베데스다 UI 가 그대로 적용 되어있다 . 내 컴퓨터 로 울트라 돌리는 최적화 에 심각하지 않은 버그 스토리 의 유동성 이 존재 하지 않는다 그냥 말놓고 애기 해서 딱 ! 기존 황무지 스타일 에 필요 있으나 마나 한 건설 컨텐츠 18 + 게임 답지 않은 잔인성 1 인칭 과 3 인칭 의 자유 로움 폴아웃 기술 의 진보 성 이 보이지 않는다 . 근데 ... 내 시간",2015-12-09 23:50:42
377160,Fallout 4,positive,베데스다식 재미를 전작들에서 느꼈다면 충분히 재밌을 것임. 하지만 성의없이 만들었다는 느낌이 강하게 드는 게임이다. 평작과 수작 사이에 위치하는 듯하다. 올해 최다고티는 위쳐3 확정이고 메기솔한테 이긴다면 기적일 것이다. 3위만 해도 감지덕지. 베데스다가 반성 좀 했으면 좋겠다.,베데스다 식 재미 를 전작 들 에서 느꼈다면 충분히 재밌을 것임 . 하지만 성의 없이 만들었다는 느낌 이 강하게 드는 게임 이다 . 평작 과 수작 사이 에 위치 하는 듯 하다 . 올해 최 다 고 티 는 위 쳐 3 확정 이고 메기 솔 한테 이긴다면 기적 일 것 이다 . 3 위만 해도 감지덕지 . 베데스다 가 반성 좀 했으면 좋겠다 .,2015-12-09 17:47:54
377160,Fallout 4,positive,"추락 나가다 4//Fallout4 총점 140/100 Like a Russia! 특징 : 일단 컴뱃존을 가서 레이더들에게 3년간 둘러싸여서 유린당한 소녀를 구해주자 그러면, 구수한 영국억양의 온갖욕을 다먹을 수 있다. 그리고 욕을 매일 먹으면서 데리고 다니면 나중에는 침대에서 욕과 함께 따먹을수 있다. 요약 : Cait가 예뻤고, Cait가 이뻤고 Cait가 귀여웠으며 Cait는 조임이 좋았다.","추락 나가다 4 // Fallout 4 총 점 140/100 Like a Russia ! 특징 : 일단 컴뱃존 을 가서 레이더 들 에게 3년 간 둘러싸여서 유린 당 한 소녀 를 구 해주자 그러면 , 구수한 영국 억양 의 온갖 욕 을 다 먹을 수 있다 . 그리고 욕 을 매일 먹으면서 데리 고 다니면 나중 에는 침대 에서 욕 과 함께 따먹을수 있다 . 요약 : Cait 가 예뻤고 , Cait 가 이뻤고 Cait 가 귀여웠으며 Cait 는 조임이 좋았다 .",2015-12-09 14:18:43
377160,Fallout 4,positive,"스카이림, 뉴베가스, 거기서 발전한 거 하나도 없이 똑같은 내용에, 총싸움 갖다붙임...ㅋㅋ 시스템도 스카이림이랑 별로 달라진 거 없고, 마을 몇 개 있고, 메인스토리 줄기 몇 개 있고, 나머지는 1퀘스트 1던전 개단순한 방식. 성의없는 UI 그대로. i7 gtx970 980 고사양 아니면 상옵 못 돌리는 발적화에. 버그 투성이에, 개쓰레기 게임. 그래서 시작하면 200~300시간 밖에 못 함ㅋ 이런 게임을 왜 돈주고 사서 하는지 이해가 안 간다 나처럼 지리면서 할 사람이 아닌 이상ㅋ 그냥 딱 스카이림 정도 재밌고 뉴베가스","스카이림 , 뉴 베가스 , 거기 서 발전 한 거 하나 도 없이 똑같은 내용 에 , 총 싸움 갖다 붙임 ... ㅋㅋ 시스템 도 스카이림 이랑 별로 달라진 거 없고 , 마을 몇 개 있고 , 메인 스토리 줄기 몇 개 있고 , 나머지 는 1 퀘스트 1 던전 개 단순한 방식 . 성의 없는 UI 그대로 . i 7 gtx 970 980 고 사양 아니면 상옵 못 돌리는 발 적 화 에 . 버그 투성이 에 , 개 쓰레기 게임 . 그래서 시작 하면 200~300시간 밖에 못 함 ㅋ 이런 게임 을 왜 돈 주고 사서 하는지 이해 가 안 간다 나 처럼 지리면서 할 사람 이 아닌 이상 ㅋ 그냥 딱 스카이림 정도 재밌고 뉴 베가스",2015-12-09 00:52:53
377160,Fallout 4,positive,핵폭탄잼,핵폭탄 잼,2015-12-08 21:07:32
377160,Fallout 4,positive,<스포주의> 오 세상에. 핵전쟁이라니 믿을 수 없는 일이 벌어졌어요. 하지만 다행히 볼트텍 보험을 들어놔서 다행이에요. 우리 가족은 살아 남았어요! 정신을 차려보니 하느님 맙소사! 내 아내를 죽이고 아들을 납치해 갔어요! 으아아아아! 망할 볼트텍을 나오니 거대 바퀴가 반겨주네요. 아들은 어디에 있을까요. 하느님 부디 굽어 살피소서. 정보를 얻기 위해 길을 다니다 보니 여기 저기서 도움!을 외치네요. 어디 한번 도와줘 봅시다. 역시 호이를 배풀면 둘리가 되는거에요. 감내놔라 배내놔라 아주 호구취급을 하네요. 하지만 아들을 찾아,< 스포 주의 > 오 세상 에 . 핵전쟁 이라니 믿을 수 없는 일이 벌어졌어요 . 하지만 다행히 볼트 텍 보험 을 들어 놔서 다행 이에요 . 우리 가족 은 살 아 남았어요 ! 정신 을 차려 보니 하느님 맙소사 ! 내 아내 를 죽 이고 아들 을 납치 해 갔어요 ! 으아아 아아 ! 망할 볼트텍 을 나오니 거대 바퀴 가 반겨주네요 . 아들 은 어디 에 있을까요 . 하느님 부디 굽어 살피소서 . 정보 를 얻기 위해 길 을 다니다 보니 여기 저기 서 도움 ! 을 외치네요 . 어디 한번 도와줘 봅시다 . 역시 호 이를 배풀 면 둘리 가 되는거에요 . 감 내놔라 배내 놔라 아주 호구 취급 을 하네요 . 하지만 아들 을 찾아,2015-12-08 15:59:20
377160,Fallout 4,positive,존나 재밌다. 컴이 꾸져서 프레임 개좆인거만 빼면!,존나 재밌다 . 컴 이 꾸져서 프레임 개좆 인 거만 빼면 !,2015-12-08 09:59:50
377160,Fallout 4,positive,good,good,2015-12-08 01:46:46
377160,Fallout 4,positive,"일단 기본적으로 계속 켜고 하게 됩니다, 그러니깐 걍 재밌음","일단 기본 적 으로 계속 켜고 하게 됩니다 , 그러니깐 걍 재밌음",2015-12-08 00:48:30
377160,Fallout 4,positive,존잼,존잼,2015-12-07 19:34:39
377160,Fallout 4,positive,더 나은 인생 더 나은 생활 더 나은 시간,더 나은 인생 더 나은 생활 더 나은 시간,2015-12-07 13:03:28
377160,Fallout 4,positive,내 1학년 2학기 기말고사를 망친게임,내 1 학년 2 학기 기말고사 를 망친 게임,2015-12-06 23:17:02
377160,Fallout 4,positive,나니시마스까?,나니 시 마스 까 ?,2015-12-06 17:30:16
377160,Fallout 4,positive,와우 이거 하고 있으면 하루가 다 가네요..;;,와우 이 거 하고 있으면 하루 가 다 가네요 ..;;,2015-12-06 16:38:22
377160,Fallout 4,positive,기대보다 못했지만 충분히 재미있는게임.,기대 보다 못 했지만 충분히 재미있는 게임 .,2015-12-06 10:41:35
377160,Fallout 4,positive,굳,굳,2015-12-06 08:41:35
377160,Fallout 4,positive,이번 폴아웃4도 역시 폴아웃3를 엄청 좋아했던 사람으로서 현재 플레이중이지만 폴아웃3의 느낌을 받을수 있어서 좋기는 합니다 전체적인 게임의 평가는 '좋다'라고 할수는 있습니다 그렇기에 표시는 긍정적으로 써놓긴 하겠지만 너무하네요 단순히 폴아웃이라는 유명세 하나로 만든것처럼 거의 똑같은 스토리에 메인퀘 말고 주변을 돌아다녀봤더니 맵은 깨져있지를 않나 나와 대화 하고 있는 대상을 보았을때 주변 윤곽이 모자이크 처리 되어서 나타나지를 않나 언젠가는 고쳐질 문제긴 하지만 그것이 공식적인 패치일지 아니면 유저들이 만들 패치일지도 모를만큼 전,이번 폴아웃 4 도 역시 폴아웃 3 를 엄청 좋아했던 사람 으로서 현재 플레이 중 이지만 폴아웃 3 의 느낌 을 받을수 있어서 좋 기는 합니다 전체 적 인 게임 의 평가 는 ' 좋다 ' 라고 할수는 있습니다 그렇기에 표시 는 긍정 적 으로 써놓긴 하겠지만 너무하네요 단순히 폴아웃 이라는 유명 세 하나로 만든것처럼 거의 똑같은 스토리 에 메인 퀘 말고 주변 을 돌아다녀 봤더니 맵 은 깨져있지를 않나 나와 대화 하고 있는 대상 을 보았을 때 주변 윤곽 이 모자이크 처리 되어서 나타나지를 않나 언젠가 는 고쳐질 문제 긴 하지만 그것 이 공식 적 인 패치 일지 아니면 유저 들 이 만들 패치 일지 도 모를만큼 전,2015-12-06 03:26:17
377160,Fallout 4,positive,노동찬가,노동찬 가,2015-12-05 23:50:47
377160,Fallout 4,positive,Fallout better than witcher,Fallout better than witcher,2015-12-05 11:09:16
377160,Fallout 4,positive,"이전 시리즈의 단점의 보완하고, 몇 가지 새로운 기능을 넣었지만, 프랜차이즈만의 전매특허-선택지-를 너프 먹이고, 엔진 특유의 버그를 잡지 못해 정말 2% 부족해져버린 게임","이전 시리즈 의 단점 의 보완 하고 , 몇 가지 새로운 기능 을 넣었지만 , 프랜차이즈 만의 전 매 특허 - 선택 지 - 를 너프 먹이 고 , 엔진 특유 의 버그 를 잡지 못 해 정말 2% 부족해져 버린 게임",2015-12-04 22:00:10
377160,Fallout 4,positive,"재미있기는 한데 익숙해지기 전까지는 굉장히 어렵다. 스카이림과의 유사점을 많이들 언급할 수밖에 없는데, 스카이림은 칼질이 기본인데 비해서 이 게임은 총질이 기본이다보니 FPS의 소양이 상당히 필요하다. 스카이림에서는 갑옷 좀 챙겨입고 닥돌해서 으랴으랴 썰 수 있는 상황인데 여기서는 어어어 하다가 벌집이 되어 죽는 수가 종종 생긴다. 특히 초반 데스클로와 붙을 때가 처참하다. 많은 이들이 스토리에 대한 부분을 지적하곤 하는데, 개연성은 만족스러운 수준이라고 보기에 좀 애매하지만 분위기는 잘 살리고 있다고 본다. 핵전쟁 뒤의 황폐한","재미있기는 한데 익숙해지기 전 까지는 굉장히 어렵다 . 스카이림 과의 유사 점 을 많이 들 언급 할 수 밖에 없는데 , 스카이림 은 칼질 이 기본 인데 비 해서 이 게임 은 총 질 이 기본 이다 보니 FPS 의 소양 이 상당히 필요하다 . 스카이림 에서는 갑옷 좀 챙겨 입고 닥돌해 서 으랴으랴 썰 수 있는 상황 인데 여기 서는 어어 어 하다가 벌집 이 되어 죽는 수가 종종 생긴다 . 특히 초반 데스 클 로 와 붙을 때 가 처참하다 . 많은 이 들 이 스토리 에 대한 부분 을 지 적하곤 하는데 , 개연 성은 만족스러운 수준 이라고 보기 에 좀 애매하지만 분위기 는 잘 살리고 있다고 본다 . 핵전쟁 뒤 의 황폐 한",2015-12-04 02:33:13
377160,Fallout 4,positive,옆집 캡콤 터졌답니다 빨리 총알 장전하시죠,옆집 캡콤 터졌답니다 빨리 총알 장전 하시죠,2015-12-03 22:18:17
377160,Fallout 4,positive,갓겜,갓 겜,2015-12-02 23:56:59
377160,Fallout 4,positive,스카이림 + 총 = 갓게임 스카이림/뉴베가스보다 타격감이 향상되었고 뉴베가스보다 지문 선택의 묘미가 줄어들었습니다. 뭐 이래저래 악평은 많지만 베데스다게임의 대체작은 베데스다밖에 없기 때문에 어쩔 수 없이 해야 할 수 밖에 없겠네요,스카이림 + 총 = 갓 게임 스카이림 / 뉴 베가스 보다 타 격감 이 향상 되었고 뉴 베가스 보다 지문 선택 의 묘미 가 줄어들었습니다 . 뭐 이래저래 악평 은 많지만 베데스다 게임 의 대체 작은 베데스다 밖에 없기 때문 에 어쩔 수 없이 해야 할 수 밖에 없겠네요,2015-12-02 22:37:44
377160,Fallout 4,positive,재미가 없다고는 할 수 없지만 기대치에 못미치는 부분이 많다고 해야겠다. 특히 그래픽 최적화 때문인지 수집가능한 아이템을 한정하기 위해서인지 모르겠으나 물리현상의 표현이 상당히 제한되어 있다. 퀘스트상의 것들을 제외하면 깨거나 부술 수 있는 것들은 거의 없고 슈팅으로 적이 사망할 때 시신이 훼손되는 부위도 몇가지 형태가 정해져 있다. 대포로 포격을 하거나 심지어는 핵폭발이 일어나는데도 건물이나 장애물들은 조금도 변하지 않으며(불만 붙는 정도) 그 사이에 나무 판자하나로만 가로막혀 있어도 데미지를 전혀 입지 않는다. 또 한 가,재미 가 없다고는 할 수 없지만 기 대치 에 못 미치는 부분 이 많다고 해야겠다 . 특히 그래픽 최적화 때문 인지 수집 가능한 아이템 을 한정 하기 위 해서인지 모르겠으나 물리 현 상의 표현 이 상당히 제한 되어 있다 . 퀘스트 상의 것 들 을 제외 하면 깨거나 부술 수 있는 것 들 은 거의 없고 슈팅 으로 적 이 사망 할 때 시신 이 훼손 되는 부위 도 몇 가지 형태 가 정해져 있다 . 대포 로 포격 을 하 거나 심지어 는 핵폭발 이 일어나는데도 건물 이나 장애물 들 은 조금 도 변하지 않으며 ( 불만 붙는 정도 ) 그 사이 에 나무 판자 하나로 만 가로막혀 있어도 데미지 를 전혀 입지 않는다 . 또 한 가,2015-12-02 19:26:24
377160,Fallout 4,positive,"말할 것 없이 유명한 폴아웃 4! 하지만 저에게 뒤통수를 엄청나게 날린 게임이었습니다. 도대체 왜 몇몇 모션이 스카이림과 똑같은지 모르겠고, 그래픽 수준과 최적화가 매우 떨어진다고 생각합니다. 심지어는 첫 10시간을 할면서 발견한 버그가 10개가 넘었습니다! 정착지 관리는 불편하고, 힘들고, 짜증나기 까지 하죠. 하지만 스토리, 게임 안에서 풀어나가는 다양한 경험과 이야기는 한 장 한 장 넘기는 한 권의 소설같기도 합니다. 시대에 뒤떨어진 느낌이 매우 강하네요, 겉으로는 발전한 것 처럼 보이지만, 막상 까보변 별 다를","말 할 것 없이 유명한 폴아웃 4 ! 하지만 저 에게 뒤통수 를 엄청나게 날린 게임 이었습니다 . 도대체 왜 몇몇 모션 이 스카이림 과 똑같은지 모르겠고 , 그래픽 수준 과 최적화 가 매우 떨어진다고 생각 합니다 . 심지어 는 첫 10시간 을 할면서 발견 한 버그 가 10 개 가 넘었습니다 ! 정착 지 관리 는 불편하고 , 힘들고 , 짜증나기 까지 하죠 . 하지만 스토리 , 게임 안 에서 풀어 나가는 다양한 경험 과 이야기 는 한 장 한 장 넘기는 한 권 의 소설 같기도 합니다 . 시대 에 뒤 떨어진 느낌 이 매우 강하네요 , 겉 으로는 발전 한 것 처럼 보이 지만 , 막상 까 보변 별 다를",2015-12-02 15:30:51
377160,Fallout 4,positive,good game,good game,2015-12-02 12:00:55
377160,Fallout 4,positive,매우 즐거움. 그러나 매우 불안정함. 지속적인 보완패치와 모더들의 사랑과 정성이 담긴 모드 절실. 파이퍼랑 뀨뀨꺆꺄하고싶다 ㅎㅎ,매우 즐거움 . 그러나 매우 불안정함 . 지속 적 인 보완 패치 와 모 더 들 의 사랑 과 정성 이 담긴 모드 절실 . 파이퍼랑 뀨뀨꺆꺄 하고싶다 ㅎㅎ,2015-12-02 08:30:33
377160,Fallout 4,positive,그냥 해. 수단 가리지 말고 해. 정신차리면 넌 슈퍼 뮤턴트 처럼 자라나라 머리머리를 외칠꺼야,그냥 해 . 수단 가리지 말고 해 . 정신차리면 넌 슈퍼 뮤턴트 처럼 자라 나라 머리 머리 를 외칠꺼야,2015-12-01 23:15:49
377160,Fallout 4,positive,"Hey, but anyway it's fallout...","Hey , but anyway it ' s fallout ...",2015-12-01 22:43:46
377160,Fallout 4,positive,재미는 있는데 하면 할수록 단점이 보이네염.... 오블리비언 -> 스카이림 그정도까지의 감동은 못주지만 그래도 할만은 한듯 그래도 그냥 뼈대만 좀 제대로 만들고 마무리나 세세한것? 뭐라 해야할지 모르겠는데 이런것들은 개판이라고 보는게 맞는듯 이게 초반에는 좀 못느껴도 하다보면 좀 개판인게 슬슬 보여요.. 하우징이네 모드개조나 개인적으로는 좀 어설프다고 해야하나? 베데스다 게임들이 모드빨이라고는 하지만... 이건 솔직히 폴아웃 이름이랑 소재빨로 밀어붙인것같네요. 그래도 정말 장점이라 할 수가 있는게 폴3이랑 뉴베에,재미 는 있는데 하면 할수록 단점 이 보이 네 염 .... 오블리비언 -> 스카이림 그 정도 까지의 감동 은 못 주지만 그래도 할만은 한 듯 그래도 그냥 뼈대 만 좀 제대로 만들고 마무리 나 세세한 것 ? 뭐라 해야 할지 모르겠는데 이런 것 들 은 개판 이라고 보는게 맞는듯 이 게 초반 에는 좀 못 느껴도 하다 보면 좀 개판 인게 슬슬 보여요 .. 하우 징 이네 모드 개조 나 개인 적 으로는 좀 어설프다고 해야하나 ? 베데스다 게임 들 이 모드 빨 이라고는 하지만 ... 이건 솔직히 폴아웃 이름 이랑 소재 빨 로 밀어 붙인것 같네요 . 그래도 정말 장점 이라 할 수가 있는게 폴 3 이랑 뉴베 에,2015-12-01 17:15:10
377160,Fallout 4,positive,베데스다의 폴아웃 프랜차이즈 신작 폴아웃4이다 여전히 베데스다 특유의 독특한 테이스트가 잘 녹아잇고 이전 작품들보다 많이녹아잇다 광활하고 다채로운 필드 다양한 경험과 상호작용 그 사이에 숨어잇는 조그맣고 섬세한 사이드 퀘스트들 발전한 하우징 컨텐츠 색다르지만 가벼운 총기개조 시스템 전작보다 육중해지고 컨셉대로의 인간전차같은 느낌으로 돌아온 파워아머 좀 더 발전한 은신시스템 게임 스토리전체를 관통하는 주제어 Welcome Home. 당신이 베데스다 RPG를 좋아한다면 폴아웃4는 스카이림보다 좋은선택이될수잇다 스카이림과 맵크기는 얼추,베데스다 의 폴아웃 프랜차이즈 신작 폴아웃 4 이다 여전히 베데스다 특유 의 독특한 테 이스트 가 잘 녹아 잇고 이전 작품 들 보다 많이 녹 아 잇다 광활하고 다 채 로운 필드 다양한 경험 과 상호작용 그 사이 에 숨어 잇는 조그맣고 섬세한 사이드 퀘스트 들 발전 한 하우 징 컨텐츠 색다르지만 가벼운 총기 개조 시스템 전작 보다 육중 해지고 컨셉 대로의 인간 전차 같은 느낌 으로 돌아온 파워 아 머 좀 더 발전 한 은신 시스템 게임 스토리 전체 를 관통 하는 주제 어 Welcome Home . 당신 이 베데스다 RPG 를 좋아한다면 폴아웃 4 는 스카이림 보다 좋은 선택 이 될수 잇다 스카이림 과 맵 크기 는 얼추,2015-12-01 14:44:22
377160,Fallout 4,positive,"아~~ 폴아웃 4 평가 작성은 나오자마자 플레이하 썻을땐 온갓 욕이 다나와서 쒸펄 쒸펄 하면서 뉴베때는 말2야~~ 하고 썻었는데 지금 폴아웃76이 나오고 다시 재평가되는 폴아웃4.. 이제는 모드로 ""떡""칠해서 즐길수가있어서 매우 좋은겜","아 ~~ 폴아웃 4 평가 작성 은 나오자마자 플레이 하 썻을땐 온갓 욕 이 다나 와 서 쒸펄 쒸펄 하면서 뉴베때 는 말 2 야 ~~ 하고 썻었는데 지금 폴아웃 76 이 나오고 다시 재 평가 되는 폴아웃 4 .. 이제 는 모드 로 "" 떡 "" 칠해서 즐길수가있어서 매우 좋은 겜",2015-11-30 23:16:55
377160,Fallout 4,positive,뭐랄까 자주 팅기는데 처음에 윈도우로 나가지시는 분들 그래픽 드라이버 업그레이드(?) 하세요. 저는 하다가 계속 팅기네요. 주인공이 말하는건 좋아진 점이네요. 그런데 좀 게임이 폴아웃같지 않아진 것 같네요.,뭐랄까 자주 팅기는데 처음 에 윈도우 로 나가지시는 분들 그래픽 드라이버 업그레이드 (?) 하세요 . 저 는 하다가 계속 팅기네요 . 주인공 이 말 하는건 좋아진 점 이네 요 . 그런데 좀 게임 이 폴아웃 같지 않아진 것 같네요 .,2015-11-30 20:19:16
377160,Fallout 4,positive,니모를 찾아서 -커먼웰스편.,니모 를 찾아서 - 커먼웰스 편 .,2015-11-30 17:43:30
377160,Fallout 4,positive,"This is very wonderful game of me. However, this game is very similiar with Skyrim. I love each two games.","This is very wonderful game of me . However , this game is very similiar with Skyrim . I love each two games .",2015-11-30 17:01:01
377160,Fallout 4,positive,"기다려왔던 후속작, 폴아웃4 아쉬운 점(그래픽, 모션, 대화 선택지, 버그 등)이 꽤 있지만 역시 폴아웃 답게 재미는 보장해준다. 가장 마음에 들었던건 하우징 모드! 이건 예상외였다. 패치로 좀 더 발전시켜 준다면 좋겠다. DLC 역시 기대된다. 빨리 나와랏! 8.5/10","기다려 왔던 후속작 , 폴아웃 4 아쉬운 점 ( 그래픽 , 모션 , 대화 선택 지 , 버그 등 ) 이 꽤 있지만 역시 폴아웃 답 게 재미 는 보장 해준다 . 가장 마음 에 들었던건 하우 징 모드 ! 이건 예상외 였다 . 패치 로 좀 더 발전 시켜 준다면 좋겠다 . DLC 역시 기대 된다 . 빨리 나와랏 ! 8.5 / 10",2015-11-30 04:11:39
377160,Fallout 4,positive,재미짐,재미 짐,2015-11-30 00:56:43
377160,Fallout 4,positive,폴아웃3를 했던 사람이나 보더랜드를 좋아하거나 정말로 스카이림에 열광했거나 혹은 폴아웃을 한번도 접하지 않았던 사람들에게는 필수구매 게임이다 하지만 배데스다는 낡은 건물을 리모델링 할 필요가 있다,폴아웃 3 를 했던 사람 이나 보더 랜드 를 좋아하거나 정말로 스카이림 에 열광했거나 혹은 폴아웃 을 한번 도 접 하지 않았던 사람 들 에게는 필수 구매 게임 이다 하지만 배 데스 다는 낡은 건물 을 리 모델링 할 필요 가 있다,2015-11-29 11:52:13
377160,Fallout 4,positive,"폴아웃 시리즈의 명맥을 잇는 엄청나게 많은 버그들 하지만 그로인해 뜻하지 않은 길을 걷게 될지도... 일반 무기 내구도가 사라져서 전쟁터에서 무기줏어서 붙이고 고장난 무길 버리고 새 무기를 줏어 쓰는 현장감은 떨어졌으나, 단순해진 만큼 다른 부분이 강화되어 충분히 즐겁다. 하우징 커스텀은 아직 많이 부족하지만 물자가 턱없이 부족한 핵전쟁 이후라는 시대적 배경을 감안할때 나쁘지 않다. 단지, 테이블이나 오브젝트 위에 작은 물건들을 쌓으면 멀리 떠났다가 돌아왔을떄 쌓아놓은 오브젝트중 일부가 바닥으로 잠겨들어가는 현상이 아쉽다. 하지만","폴아웃 시리즈 의 명맥 을 잇는 엄청나게 많은 버그 들 하지만 그로 인해 뜻 하지 않은 길 을 걷게 될지도 ... 일반 무기 내 구도 가 사라져서 전쟁 터 에서 무기 줏 어 서 붙이 고 고장 난 무길 버리고 새 무기 를 줏어 쓰는 현장 감은 떨어졌으나 , 단순해진 만큼 다른 부분 이 강화 되어 충분히 즐겁다 . 하우 징 커 스텀 은 아직 많이 부족하지만 물자 가 턱 없이 부족한 핵전쟁 이후 라는 시대 적 배경 을 감안 할 때 나쁘지 않다 . 단지 , 테이블 이나 오브젝트 위 에 작은 물건 들 을 쌓으면 멀리 떠났다가 돌아왔을 떄 쌓아놓은 오브젝트 중 일부 가 바닥 으로 잠겨 들어가는 현상 이 아쉽다 . 하지만",2015-11-29 03:27:38
377160,Fallout 4,positive,스카이림 미래버전같은 아쉬운점도 많고 혁신적이지 않은 그저그런 베네스다게임이지만 그저그런 베네스다점이란건 재미는 보장한다는 뜻. 물론 다음 작품도 이런식으로 나오면 비난 받을 것 같지만 다음에 나올 엘더시리즈는 혁신적이라고 기대하며,스카이림 미래 버전 같은 아쉬운 점도 많고 혁신 적 이지 않은 그 저 그런 베 네스 다 게임 이지만 그 저 그런 베 네스 다점 이란 건 재미 는 보장 한다는 뜻 . 물론 다음 작품 도 이런 식 으로 나오면 비난 받을 것 같지만 다음 에 나올 엘더 시리즈 는 혁신 적 이라고 기대하며,2015-11-28 22:49:06
377160,Fallout 4,positive,뉴베가스가 더재밋음,뉴 베가스 가 더재밋음,2015-11-28 22:48:05
377160,Fallout 4,positive,황무지탐험하느라 시간가는줄 모름ㅋ,황무지 탐험 하느라 시간 가는줄 모름 ㅋ,2015-11-28 21:37:37
377160,Fallout 4,positive,한패가 나온다면 게임을 좀 더 몰입하면서 즐길 수 있을 것이다. 한패가 나올 그날을 기다리며....,한 패가 나온다면 게임 을 좀 더 몰입 하면서 즐길 수 있을 것 이다 . 한 패가 나올 그날 을 기다리며 ....,2015-11-28 21:19:05
377160,Fallout 4,positive,우리는 한다. 게임을. 매우 좋은 평가.,우리 는 한다 . 게임 을 . 매우 좋은 평가 .,2015-11-28 17:46:43
377160,Fallout 4,positive,모더..모더를 기다려야한다..,모 더 .. 모 더 를 기다려 야한다 ..,2015-11-28 16:47:48
377160,Fallout 4,positive,꼭 하십셔 두번 하십셔 개꿀잼!,꼭 하십셔 두 번 하십셔 개꿀잼 !,2015-11-28 15:24:55
377160,Fallout 4,positive,아직 초반이긴 하지만 재미가 있음,아직 초반 이긴 하지만 재미 가 있음,2015-11-28 10:00:20
377160,Fallout 4,positive,역시 전작과 마찬가지로 꿀잼 그런데..제발 총격전 이나 몇몇건물에서의 프레임드랍좀 고쳐줘~~ 게임을 못하것다.,역시 전작 과 마찬가지 로 꿀잼 그런데 .. 제발 총 격전 이나 몇몇 건물 에서의 프레임 드랍 좀 고쳐줘 ~~ 게임 을 못 하 것 다 .,2015-11-28 07:44:12
377160,Fallout 4,positive,아 별로 많이 안했는데 벌써 질림 ㅡㅡ,아 별로 많이 안 했는데 벌써 질림 ㅡㅡ,2015-11-27 08:39:01
377160,Fallout 4,positive,몇시간 하지도 않은거 같은데 즐길 컨텐츠가 많이 부족하네요. DLC를 기다려 봅니다.,몇 시간 하지도 않은거 같은데 즐길 컨텐츠 가 많이 부족하네요 . DLC 를 기다려 봅니다 .,2015-11-27 06:17:57
377160,Fallout 4,positive,2주가 날아갔습니다. 밥먹고 컴키고 폴아웃 응가하고 컴키고 폴아웃 일어나서 컴키고 폴아웃 컴키고 밥먹고 폴아웃. 프레스턴가비 미션 무한지옥에 일주일넘게 빠져있다가 이건 아니다 싶어서 메인퀘스트를 진행했더니 단 이틀만에 핵을 터트렸습니다. 그래도 메인퀘스트보다 사이드 퀘스트가 많은 게임이니 이제 절반이나 했을까 싶네요. 아직 안가본데도 많고.. 모을것도 많고.. 그리고 아직 안사신분들은 좀 참았다 한글패치 나오면 사시는게 좋을 것 같습니다. 저 같은 경우엔 터미널 볼때마다 눈앞이 아찔해지더군요 ㄸㅗㅇ이 금칙어일줄이야. 하지만 응,2 주가 날아갔습니다 . 밥 먹고 컴키 고 폴아웃 응 가하고 컴키 고 폴아웃 일어나서 컴키 고 폴아웃 컴키 고 밥 먹고 폴아웃 . 프레스턴 가비 미션 무한 지옥 에 일주일 넘게 빠져있다가 이건 아니다 싶어서 메인 퀘스트 를 진행 했더니 단 이틀 만에 핵 을 터트렸습니 다 . 그래도 메인 퀘스트 보다 사이드 퀘스트 가 많은 게임 이니 이제 절반 이나 했을까 싶네요 . 아직 안 가본데도 많고 .. 모을것도 많고 .. 그리고 아직 안 사신 분들 은 좀 참았다 한글패치 나오면 사시는게 좋을 것 같습니다 . 저 같은 경우 엔 터미널 볼때 마다 눈앞 이 아찔해지더군요 ㄸㅗㅇ 이 금칙어 일줄이야 . 하지만 응,2015-11-27 04:53:24
377160,Fallout 4,positive,베데스다 : 유저분들이 곧 우리의 힘입니다. 유저 : 아 X바. 게임을 하기 위해서 모드패치를 감행한다. 그래도 해봐야할 게임 중 하나.,베데스다 : 유저 분들 이 곧 우리 의 힘 입니다 . 유저 : 아 X 바 . 게임 을 하기 위해 서 모드 패치 를 감행 한다 . 그래도 해봐 야할 게임 중 하나 .,2015-11-27 04:25:45
377160,Fallout 4,positive,RPG에 FPS요소가 가미된게 아니라 FPS에 RPG요소가 부가적으로 첨가된 느낌... 서브미션들도 의미 없이 반복적인게 많고 메인미션도 선택의 중요성을 쳐냇으면 연출등이나 흡입력이 더 좋아져야하는데 그것도 아니고 참 여러모로 실망이긴 한데 그래도 베데스다 게임답게 재밌긴 무척 재밌습니다. 하지만 다음작으로 예상되는 엘더스크롤이 여기서 또 스킨만 바꾼 게임이 될까봐 걱정스럽네요..,RPG 에 FPS 요소 가 가미 된게 아니라 FPS 에 RPG 요소 가 부가 적 으로 첨가 된 느낌 ... 서브 미션 들 도 의미 없이 반복 적 인게 많고 메인 미션 도 선택 의 중요성 을 쳐냇으 면 연출 등 이나 흡입 력 이 더 좋아져야하는데 그것 도 아니고 참 여러 모로 실망 이긴 한데 그래도 베데스다 게임 답 게 재밌긴 무척 재밌습니다 . 하지만 다음 작 으로 예상 되는 엘더스크롤 이 여기 서 또 스킨 만 바꾼 게임 이 될까봐 걱정스럽네요 ..,2015-11-26 21:47:48
377160,Fallout 4,positive,FPS 심시티가 하고 싶어? 그럼 넌 폴아웃 4야!,FPS 심시티 가 하고 싶어 ? 그럼 넌 폴아웃 4 야 !,2015-11-26 20:03:38
377160,Fallout 4,positive,간다~~~~~ 시간이 간다~~~~,간다 ~~~~~ 시간 이 간다 ~~~~,2015-11-26 18:27:00
377160,Fallout 4,positive,내 플레이타임이 증명하고 있다. 이것은 좋은게임,내 플레이 타임 이 증명 하고 있다 . 이 것 은 좋은 게임,2015-11-26 13:50:55
377160,Fallout 4,positive,"장점 : 스카이림에 폴아웃이라는 스킨을 더했다. 당시 고티도 받고 수많은 평단에서 극찬을 받을 만큼 뛰어난 게임이었던 스카이림의 즐거움을 하나도 빼놓지 않고 반영했다고 생각한다. 흔히들 폴아웃 시리즈를 처음 접한다면 재미 없어할 지도 모른다고 하는데, 사실 난 폴아웃 시리즈를 해본 적은 없고 스카이림에서 처음 베데스다 게임을 접했는데 충분히 재밌게 하고 있다. 단점 : 스카이림에 폴아웃이라는 스킨을 더했다. 하지만 스카이림이 나온지 근 4 년. 그 동안 별로 발전한 것은 없어보인다. 동료의 수를 줄이고 개개인의 스토리를 추가하기","장점 : 스카이림 에 폴아웃 이라는 스킨 을 더했다 . 당시 고 티 도 받고 수많은 평단 에서 극찬 을 받을 만큼 뛰어난 게임 이었던 스카이림 의 즐거움 을 하나 도 빼놓지 않고 반영 했다고 생각 한다 . 흔히 들 폴아웃 시리즈 를 처음 접 한 다 면 재미 없어 할 지도 모른다고 하는데 , 사실 난 폴아웃 시리즈 를 해본 적은 없고 스카이림 에서 처음 베데스다 게임 을 접 했는데 충분히 재밌게 하고 있다 . 단점 : 스카이림 에 폴아웃 이라는 스킨 을 더했다 . 하지만 스카이림 이 나온지 근 4 년 . 그 동안 별로 발전 한 것 은 없어 보인다 . 동료 의 수 를 줄 이고 개개인 의 스토리 를 추가 하기",2015-11-26 10:56:59
377160,Fallout 4,positive,기본적으로 액션은 전작에 비해 매우 발전함 새로운 개조 시스템도 마음에 들음 그러나 대화의 선택지가 너무 적고 장비의 종류가 적은 것이 옥의 티,기본 적 으로 액션 은 전작 에 비해 매우 발전 함 새로운 개조 시스템 도 마음 에 들음 그러나 대화 의 선택 지 가 너무 적고 장비 의 종류 가 적은 것 이 옥 의 티,2015-11-26 07:45:06
377160,Fallout 4,positive,전쟁은 정말로 변하지 않았다!,전쟁 은 정말로 변하지 않았다 !,2015-11-25 23:19:09
377160,Fallout 4,positive,재밌음 한글화만.. 제발..,재밌음 한글화 만 .. 제발 ..,2015-11-25 18:36:03
377160,Fallout 4,positive,여태까지 다양하고 많은 게임들을 해왔지만 폴아웃4 처럼 한번에 빠져서 꾸준히 즐긴 게임은 별로 없었다. 이건 진짜 인생 게임이라고 할 수 있다. 59.99 달러가 아깝지 않은 게임이다. 구매를 추천한다.,여태 까지 다양하고 많은 게임 들 을 해왔지만 폴아웃 4 처럼 한번 에 빠져서 꾸준히 즐긴 게임 은 별로 없었다 . 이건 진짜 인생 게임 이라고 할 수 있다 . 59.99 달러 가 아깝지 않은 게임 이다 . 구매 를 추천 한다 .,2015-11-25 16:48:25
377160,Fallout 4,positive,시작하자마자 한 2~3개의 버그를 경험했다 대화하다가 갑자기 터닝 문밖에 나오자마자 갑자기 어딘가로 떨어지더니 사망 방사능탓인가,시작 하 자마자 한 2~3 개 의 버그 를 경험 했다 대화 하다가 갑자기 터닝 문밖 에 나오자마자 갑자기 어딘가 로 떨어지더니 사망 방사 능탓 인가,2015-11-25 14:52:51
377160,Fallout 4,positive,역시야,역시 야,2015-11-25 10:32:14
377160,Fallout 4,positive,OVERWHELMING! Waiting for Multiplayer :),OVERWHELMING ! Waiting for Multiplayer :),2015-11-25 03:45:30
377160,Fallout 4,positive,스카이림 모드중에 가장 재미있네요 ^^,스카이림 모드 중 에 가장 재미있네요 ^^,2015-11-25 00:49:26
377160,Fallout 4,positive,포스트 아포칼립스 장르로써 RPG+FPS를 합진것 같은 게임입니다. 스카이림처럼 호불호가 많이 갈릴듯 하고... 위쳐3에 비해서 그래픽이 크게 좋진 않습니다. 970 HoF 쓰는데 스카이림보다 쪼금 좋은 정도밖에 느껴지지 않더군요 게다가 아직 초기 버전이라 그런지 버그도 가끔 보이고.. 전 퀘스트 버그 걸려서 빡치는줄 알았습니다. 8/10점 정도구요. 서바이벌 모드로 하면 초반에만 어렵고 제작 퍽 찍으면 무기나 갑옷의 마개조가 가능해져서 난이도가 급감됩니다. 개인적으로 총기류에 애착이가서 권총+샷건+스나총 들고 다니다가 권총,포스트 아포칼립스 장르 로써 RPG + FPS 를 합진것 같은 게임 입니다 . 스카이림 처럼 호불호 가 많이 갈릴듯 하고 ... 위 쳐 3 에 비 해서 그래픽 이 크게 좋진 않습니다 . 970 HoF 쓰는데 스카이림 보다 쪼금 좋은 정도 밖에 느껴지지 않더군요 게다가 아직 초기 버전 이라 그런지 버그 도 가끔 보이 고 .. 전 퀘스트 버그 걸려서 빡치는줄 알았습니다 . 8/10 점 정도 구 요 . 서바이벌 모드 로 하면 초반 에만 어렵고 제작 퍽 찍으면 무기 나 갑옷 의 마개 조가 가능해져서 난이도 가 급감 됩니다 . 개인 적 으로 총 기류 에 애착 이 가서 권총 + 샷건 + 스나총 들고 다니다가 권총,2015-11-24 22:06:39
377160,Fallout 4,positive,버그... 버그는 결코 변하지않는다. 근데 재밌으니까 뭐,버그 ... 버그 는 결코 변하지 않는다 . 근데 재밌으니까 뭐,2015-11-24 21:08:26
377160,Fallout 4,positive,조금밖에 안해봤지만 재미있군요.,조금 밖에 안 해봤지만 재미있군요 .,2015-11-24 09:24:17
377160,Fallout 4,positive,화제의 게임 폴아웃4는 꽤나(?!) 발전된 모션과 만족스러운 건플레이 그리고 총기 및 하우징 제작이 게임을 흥미롭게 만듭니다. 하지만 전작과 비교해서 게임플레이에 대한 큰 변화는 없습니다. 오히려 대화 부분은 알피지 게임이 맞나 할 정도로 부실하구요. 최적화도 안좋구요. 그래도 폴아웃은 폴아웃입니다. 재미있습니다. 엄청난 큰 기대를 하지 않는다면 여러분에게 훌륭한 게임이 될거라 생각합니다. ps . 그리고 개인적으론 스토리가 매우 마음에 들었습니다. 시스템 적인 부분은 전작보다 떨어졌을 지 모르나 스토리 진행,화제 의 게임 폴아웃 4 는 꽤 나 (?!) 발전 된 모션 과 만족스러운 건플레이 그리고 총기 및 하우 징 제작 이 게임 을 흥미롭게 만듭니 다 . 하지만 전작 과 비교 해서 게임 플레이 에 대한 큰 변화 는 없습니다 . 오히려 대화 부분 은 알피 지 게임 이 맞나 할 정도 로 부실하구요 . 최적화 도 안좋구요 . 그래도 폴아웃 은 폴아웃 입니다 . 재미있습니다 . 엄청난 큰 기대 를 하지 않는다면 여러분 에게 훌륭한 게임 이 될거라 생각 합니다 . ps . 그리고 개인 적 으론 스토리 가 매우 마음 에 들었습니다 . 시스템 적 인 부분 은 전작 보다 떨어졌을 지 모르나 스토리 진행,2015-11-24 02:30:05
377160,Fallout 4,positive,"폴아웃3, 뉴베가스를 즐겼던 유저라면 재미있게 할수 있을듯 다만 베네스다 고질적인 버그 발생이 단점","폴아웃 3 , 뉴 베가스 를 즐겼던 유저 라면 재미있게 할수 있을듯 다만 베 네스 다 고질 적 인 버그 발생 이 단점",2015-11-24 00:59:18
377160,Fallout 4,positive,자잘한 버그들 조금만 손보면 진짜 최고의 게임 너무 재밌다..,자잘한 버그 들 조금 만 손보 면 진짜 최고 의 게임 너무 재밌다 ..,2015-11-23 13:57:28
377160,Fallout 4,positive,굳,굳,2015-11-22 23:54:51
377160,Fallout 4,positive,폴아웃3가 나오고 얼마 지나지않아 뉴베가스가 나왔듯이 폴아웃4가 나오고 옵시디언에서 새로 폴아웃 하나 더 내줬으면 좋겟다,폴아웃 3 가 나오고 얼마 지나지 않아 뉴 베가스 가 나왔듯이 폴아웃 4 가 나오고 옵시디언 에서 새로 폴아웃 하나 더 내줬으면 좋겟다,2015-11-22 23:49:34
377160,Fallout 4,positive,"9.5/10 장점 : 전투, 정착지 건설, 맵 탐험 단점 : 로딩, 버그, 그래픽 게임 할 시간이 없다면 추천하지 않습니다. 하루에 한두시간 하는정도로 제대로 플레이 하기 힘듬","9.5 / 10 장점 : 전투 , 정착 지 건설 , 맵 탐험 단점 : 로딩 , 버그 , 그래픽 게임 할 시간 이 없다면 추천 하지 않습니다 . 하루 에 한두 시간 하는 정도 로 제대로 플레이 하기 힘듬",2015-11-22 23:33:23
377160,Fallout 4,positive,god game,god game,2015-11-22 19:04:13
377160,Fallout 4,positive,"스카이림의 미래판으로 보임.좀더 보태자면 스카이림의 단점들을 그대로 다가지고 미래로옴 물론 스토리나 그래픽은 좋아졌지만 아직까지 꽤나 많은 버그가 존재 생각보다 맵이 작은것이 안타까운 대신 좁은공간에 좀 많이 밀집되어있다고 보면 됨 , 한가지 더 안타까운점은 지도 면적의 삼분의 일인 바다의 컨텐츠는 아무것도 존재하지않음","스카이림 의 미래 판 으로 보임 . 좀더 보태 자 면 스카이림 의 단점 들 을 그대로 다가 지고 미래 로옴 물론 스토리 나 그래픽 은 좋아졌지만 아직 까지 꽤 나 많은 버그 가 존재 생각 보다 맵 이 작은것이 안타까운 대신 좁은 공간 에 좀 많이 밀집 되어있다고 보면 됨 , 한가지 더 안타까운 점 은 지도 면적 의 삼분 의 일인 바다 의 컨텐츠 는 아무 것 도 존재 하지 않음",2015-11-22 16:30:58
377160,Fallout 4,positive,다 좋은데 3인칭 모드에서 앉은 상태로 장전 시도하다가 움직이면 갑자기 장전모션 초기화되면서 또 장전함 ㅁㅊ 1인칭 모드에서는 멀쩡한데 왜이러는겨 ㅋㅋ 똥버그 ㅜㅜ 그리고 대화하다가 등 돌리는거 너무 거슬려....,다 좋은데 3 인칭 모드 에서 앉은 상태 로 장전 시도 하다가 움직이면 갑자기 장전 모션 초기 화 되면서 또 장전 함 ㅁㅊ 1 인칭 모드 에서는 멀쩡한데 왜 이러는 겨 ㅋㅋ 똥 버그 ㅜㅜ 그리고 대화 하다가 등 돌리는거 너무 거슬려 ....,2015-11-22 15:36:02
377160,Fallout 4,positive,고통 고통 네버 체인지스,고통 고통 네버 체인 지스,2015-11-22 14:08:38
377160,Fallout 4,positive,핡핡,핡핡,2015-11-22 12:12:51
377160,Fallout 4,positive,스카이림 판 폴아웃 같다는 느낌을 많이 받았음. 뉴베가스에 적용되었던 대화시스템 같은 것들이 사라져서 많이 아쉬웠지만 전작들에 비해서 촘촘해진 지역들과 npc들로 인해서 광활한 황무지를 여행하는 것이 아니라 대도시를 여행한다는 느낌을 받아서 좋았음. 모드... 모드는 절대 사라지지 않을 것임,스카이림 판 폴아웃 같다는 느낌 을 많이 받았음 . 뉴 베가스 에 적용 되었던 대화 시스템 같은 것 들 이 사라져서 많이 아쉬웠지만 전작 들 에 비 해서 촘촘 해진 지역 들 과 npc 들로 인해서 광활한 황무지 를 여행 하는 것 이 아니라 대도시 를 여행 한다는 느낌 을 받아서 좋았음 . 모드 ... 모드 는 절대 사라지지 않을 것임,2015-11-22 08:48:27
377160,Fallout 4,positive,재밌음.,재밌음 .,2015-11-22 03:57:53
377160,Fallout 4,positive,"폴아웃 시리즈를 무척이나 좋아하는 사람으로써 전작의 느낌을 얼마나 살렸는지에 대해 조심스럽고 한편으론 흥분하며 플레이를 해보았다. 그래픽 항상은 정말 마음에 들었다. 전체적인 배경과 캐릭터들 전작의 느낌을 그대로 살렸고, 스토리도 역시 기존 세계관을 망치지 않으며 자연스럽게 스며든것 같다. 폴아웃 하면 떠오르는것이 22세기 발달된 기술 문화와 상반된 20세기 디자인과 음악인데 이것 또한 너무 과하지 않고 심심하지 않게 잘 스며든것같다, 오브젝트를 지우고 나만의 집을 만드는것은 꾀 흥미로웠다. 크게크게 때로는 작고 아담하게","폴아웃 시리즈 를 무척 이나 좋아하는 사람 으로써 전작 의 느낌 을 얼마나 살렸는지에 대해 조심스럽고 한편 으론 흥분하며 플레이 를 해보았다 . 그래픽 항상 은 정말 마음 에 들었다 . 전체 적 인 배경 과 캐릭터 들 전작 의 느낌 을 그대로 살렸고 , 스토리 도 역시 기존 세계관 을 망치 지 않으며 자연 스럽게 스며든것 같다 . 폴아웃 하면 떠오르는것이 22 세기 발달 된 기술 문화 와 상반 된 20 세기 디자인 과 음악 인데 이 것 또한 너무 과 하지 않고 심심하지 않게 잘 스며든것 같다 , 오브젝트 를 지우고 나 만의 집 을 만드는것은 꾀 흥미로웠다 . 크게 크게 때로는 작고 아담하게",2015-11-22 01:47:41
377160,Fallout 4,positive,"이제 겨우 12시간을 했다. 하지만, 멋진 게임이라는 확신이 든다. 전작인 스카이림도 사서 해보았지만, 스카이림은 왠지 스토리에 몰입이 어려웠다. 판타지라서라기 보다는 스토리의 시작, 그리고 이어지는 과정 모두가 좀 뜬금 없다는 느낌이 들었다. 하지만 이번 폴아웃에서는 처음부터 크게 몰입하게 해준다. 폐허에서 나타나는 괴물과 악당...이라고 쓰면 상당히 유치하지만, 초반 전투는 충분히 긴장감 있고 훌륭하다. 서부극 스타일로 싸울수도 있고, ""압도적인 힘으로"" 파워슈트를 뽐낼수도 있다. 인게임 다이얼로그는 비록 짧은 영어로 보","이제 겨우 12시간 을 했다 . 하지만 , 멋진 게임 이라는 확신 이 든다 . 전작 인 스카이림 도 사서 해보았지만 , 스카이림 은 왠지 스토리 에 몰입 이 어려웠다 . 판타지 라서 라기 보다는 스토리 의 시작 , 그리고 이어지는 과정 모두 가 좀 뜬금 없다는 느낌 이 들었다 . 하지만 이번 폴아웃 에서는 처음 부터 크게 몰입 하게 해준다 . 폐허 에서 나타나는 괴물 과 악당 ... 이라고 쓰면 상당히 유치하지만 , 초반 전투 는 충분히 긴장감 있고 훌륭하다 . 서부 극 스타일 로 싸울수도 있고 , "" 압도 적 인 힘 으로 "" 파워 슈트 를 뽐낼수도 있다 . 인 게임 다이얼로그 는 비록 짧은 영어 로 보",2015-11-22 00:58:08
377160,Fallout 4,positive,카르마 시스템은 없어지고 팩션시스템도 없어지고 엔진은 스카이림이랑 똑같은 엔진을 쓰고 최적화는 개 똥이고 버그는 흘러넘치고 한마디로 개 좆같다 하지만 재밋다,카르마 시스템 은 없어지고 팩션 시스템 도 없어지고 엔진 은 스카이림 이랑 똑같은 엔진 을 쓰고 최적화 는 개 똥 이고 버그 는 흘러 넘치고 한마디 로 개 좆 같다 하지만 재밋다,2015-11-21 20:51:26
377160,Fallout 4,positive,just good game,just good game,2015-11-21 20:16:05
377160,Fallout 4,positive,"...................총평............. 대화 시스템을 제외하고는, 이전작(스카이림, 폴아웃)보다 딱히 나쁘지 않습니다. 그리고 우리는, 폴아웃3과 스카이림이 최다 고티 수상작이었던 것을 알고 있죠. 장점 - 풍경. 가히 ""폴아웃3""에서 Vault 101을 처음으로 벗어났을 때의 그 느낌 - 왠만한 FPS에 비견되게 좋아진 타격감과 게임성 - 무기 및 건축 커스터마이징. 무기는 호평일색이지만 건축은 퓌양에 따라 귀찮을지도 - 스카이림이나 전작들에 비해 만랩 찍고도 밸런스가 괜찮은 편 - '뱀파이","................... 총 평 ............. 대화 시스템 을 제외 하고는 , 이 전작 ( 스카이림 , 폴아웃 ) 보다 딱히 나쁘지 않습니다 . 그리고 우리 는 , 폴아웃 3 과 스카이림 이 최 다 고 티 수상작 이었던 것 을 알 고 있죠 . 장점 - 풍경 . 가히 "" 폴아웃 3 "" 에서 Vault 101 을 처음 으로 벗어났을 때 의 그 느낌 - 왠만한 FPS 에 비견 되게 좋아진 타 격감 과 게임 성 - 무기 및 건축 커스터 마이 징 . 무기 는 호평 일색 이지만 건축 은 퓌양 에 따라 귀찮을지도 - 스카이림 이나 전작 들 에 비해 만 랩 찍고도 밸런스 가 괜찮은 편 - ' 뱀 파이",2015-11-21 18:47:31
377160,Fallout 4,positive,"두 말할 필요가 있는가? 폴아웃 3보다 훨씬 진보되었고, 모션도 전투도 상향되었다. 아쉬운 점은 DLC에서 바라도록 하자.","두 말 할 필요 가 있는가 ? 폴아웃 3 보다 훨씬 진보 되었고 , 모션 도 전투 도 상향 되었다 . 아쉬운 점 은 DLC 에서 바라도록 하자 .",2015-11-21 17:07:13
377160,Fallout 4,positive,폴아웃4 기대 한 만큼 실망도 있기 마련입니다. 우선 언어적으로 유저들이 게임에 몰입을 못하고있습니다. 또한 발전한건 보이는데 눈에뛰게 발전한건 아닌거 같습니다. 게임에 최적화 부분을 조금더 신경을 써야하지않나 란 생각이 듭니다. sli지원도 되질않아서 FPS 60 고정이 되질않고 심할경우 FPS 29 까지 하락합니다. Skyrim 에 사용된 Creation Engine 을 개량해서 그런지 그래픽 부분 이 아쉽습니다. 또한 모션 도 상당히 아쉽고 스토리 부분도 상당히 문제점이 많아보입니다. 유저들이 즐길 컨텐츠를 추가적으로 늘려주,폴아웃 4 기대 한 만큼 실망 도 있기 마련 입니다 . 우선 언어 적 으로 유저 들 이 게임 에 몰입 을 못 하고있습니다 . 또한 발전 한 건 보이는데 눈 에 뛰게 발전 한 건 아닌거 같습니다 . 게임 에 최적화 부분 을 조금 더 신경 을 써야하지 않나 란 생각 이 듭니 다 . sli 지원 도 되질 않아서 FPS 60 고정 이 되질 않고 심할 경우 FPS 29 까지 하락 합니다 . Skyrim 에 사용 된 Creation Engine 을 개량 해서 그런지 그래픽 부분 이 아쉽습니다 . 또한 모션 도 상당히 아쉽고 스토리 부분 도 상당히 문제점 이 많아 보입니다 . 유저 들 이 즐길 컨텐츠 를 추가 적 으로 늘려주,2015-11-21 17:02:27
377160,Fallout 4,positive,내가 원하던 폴아웃.,내 가 원하던 폴아웃 .,2015-11-21 15:59:26
377160,Fallout 4,positive,카르마시스탬 돌리도,카르마 시스 탬 돌리도,2015-11-21 11:33:25
377160,Fallout 4,positive,느낌 좋고 재미는 있는데 문제는 심각한 버그 ...최근 게임에서 이렇게 많은버그를 체감한 적은 없을듯하다 그래도 재미는 있으니 빠른조치가 됐으면 좋겠다,느낌 좋고 재미 는 있는데 문제 는 심각한 버그 ... 최근 게임 에서 이렇게 많은 버그 를 체감 한 적은 없을듯 하다 그래도 재미 는 있으니 빠른 조 치가 됐으면 좋겠다,2015-11-21 10:40:46
377160,Fallout 4,positive,이 게임은 폴아웃 시리즈의 최신작인 폴아웃4다. 더 무슨 말이 필요한가?,이 게임 은 폴아웃 시리즈 의 최신 작 인 폴아웃 4 다 . 더 무슨 말 이 필요한가 ?,2015-11-21 03:18:53
377160,Fallout 4,positive,처음 게임을 실행할 땐 나아진 것이 없는 모션과 장족의 발전이라고까진 할 수 없는 그래픽을 보고서 실망했지만 1시간 플레이 뒤 폴아웃은 그래픽 보고 하는 게임이 아니라는 사실을 다시 한번 상기해 냈다.,처음 게임 을 실행 할 땐 나아진 것 이 없는 모션 과 장족 의 발전 이라고 까진 할 수 없는 그래픽 을 보고서 실망했지만 1시간 플레이 뒤 폴아웃 은 그래픽 보고 하는 게임 이 아니라는 사실 을 다시 한번 상기 해 냈다 .,2015-11-21 01:30:54
377160,Fallout 4,positive,폴시티 개꿀잼 싸우는거보다 하우징이 더 잼 씀,폴 시티 개꿀잼 싸우는거보다 하우 징 이 더 잼 씀,2015-11-20 23:02:19
377160,Fallout 4,positive,"엄청난 게임 진짜 폴아웃 4는 오래 기다린 만큼 실망도 좀 컸지만그래도 여전히 폴아웃은 폴아웃이다. 대단한 게임, 재미있는 게임임에는 틀림없다.","엄청난 게임 진짜 폴아웃 4 는 오래 기다린 만큼 실망 도 좀 컸지만 그래도 여전히 폴아웃 은 폴아웃 이다 . 대단한 게임 , 재미있는 게임 임 에는 틀림없다 .",2015-11-20 22:37:53
377160,Fallout 4,positive,Good,Good,2015-11-20 21:31:48
377160,Fallout 4,positive,"이번작은 더욱 더 재미있네요. 마을을 꾸밀수도있고 자신만의 집을 만들수도있으며 여캐로 플레이할수있다는 점 역시 좋습니다. 방대한 맵과 수많은 스토리, 필드이벤트, 내가 만들어가는 폴아웃4의 진행 역시 마음에 쏙듭니다. 추천추천","이 번작 은 더욱 더 재미있네요 . 마을 을 꾸밀수도 있고 자신 만의 집 을 만들수도 있으며 여캐 로 플레이 할수있다는 점 역시 좋습니다 . 방대한 맵 과 수많은 스토리 , 필드 이벤트 , 내 가 만들어가는 폴아웃 4 의 진행 역시 마음 에 쏙듭니 다 . 추천 추천",2015-11-20 21:11:02
377160,Fallout 4,positive,this game is timemachine.,this game is timemachine .,2015-11-20 18:54:36
377160,Fallout 4,positive,사람들은 별로 이게임이 마음에 들지 안나보다 하지만 나한테는 최고의 게임이였다. 게임에서 나오는 동료가 좋았고 도심지에서 있으면 끝임없이 나오는 몬스터들에게 끔살당해도 재미있었다. 사람들이 뭐라고해도 나한테는 최고의 게임이였다. 고맙습니다.,사람 들 은 별로 이 게임 이 마음 에 들지 안나 보다 하지만 나 한테 는 최고 의 게임 이 였다 . 게임 에서 나오는 동료 가 좋았고 도심지 에서 있으면 끝임 없이 나오는 몬스터 들 에게 끔 살 당해도 재미있었다 . 사람 들 이 뭐라고 해도 나 한테 는 최고 의 게임 이 였다 . 고맙습니다 .,2015-11-20 18:50:48
377160,Fallout 4,positive,핡,핡,2015-11-20 18:37:42
377160,Fallout 4,positive,그냥 사서 시작하세요. 올해의 고티는 폴아웃 4의 것일듯 합니다.,그냥 사서 시작 하세요 . 올해 의 고 티 는 폴아웃 4 의 것 일듯 합니다 .,2015-11-20 16:30:13
377160,Fallout 4,positive,GJ,GJ,2015-11-20 13:40:17
377160,Fallout 4,positive,확실히 게임은 재미있습니다. 여러 탐험요소는 역시 베데스다라고 칭송할 만 하며 생동감을 더해줄 모션이 게임플레이에 손맛을 더했습니다. 또한 배경디자인은 얼마나 꿀이던지 핍보이로 라디오 듣고있으면 분위기가 살더군요. 빌리징은... 부실공사여도 잘만 지어지는 건물이 걸리긴 하지만 기본적으로 재미있습니다. 이 외에도 여태껏 베데스다가 먼지만큼도 신경쓰지 않았던 캐릭터 커스터마이징을 바닐라임에도 예쁘고 잘생기게 꾸밀 수 있습니다 ㅠㅠ 이제 부정적인 점은 최적화가 안좋습니다. 스카이림에 쓴 엔진을 개량한 엔진이라는데 여튼 사양대비 뽑,확실히 게임 은 재미있습니다 . 여러 탐험 요소 는 역시 베데스다 라고 칭송 할 만 하며 생동감 을 더해줄 모션 이 게임 플레이 에 손맛 을 더했습니다 . 또한 배경 디자인 은 얼마나 꿀이던지 핍 보이 로 라디오 듣고있으면 분위기 가 살더군요 . 빌리 징 은 ... 부실 공사 여 도 잘만 지어지는 건물 이 걸리긴 하지만 기본 적 으로 재미있습니다 . 이 외 에도 여태껏 베데스다 가 먼지 만큼도 신경 쓰지 않았던 캐릭터 커스터 마이 징 을 바닐라 임 에도 예쁘고 잘생기게 꾸밀 수 있습니다 ㅠㅠ 이제 부정 적 인 점 은 최적화 가 안좋습니다 . 스카이림 에 쓴 엔진 을 개량 한 엔진 이라는 데 여 튼 사양 대비 뽑,2015-11-20 06:48:16
377160,Fallout 4,positive,재미있는 황무지 고철 및 폐품 수집 시뮬레이터,재미있는 황무지 고철 및 폐품 수집 시뮬레이터,2015-11-20 00:50:08
377160,Fallout 4,positive,파워아머가 훌륭한 꼐임입니다 만약 육중하고 딴딴한 파워아머를 입고 사랑하는 이를 잃은 분노에 빠져 전직 미합중국 육군에서 근무했던 사람으로써 보스턴에서 방사능에 찌든 쌍놈새끼들을 쳐죽이며 보스턴을 조금 더 살기 나은곳으로 만드는데 협조하고싶으시다면 구매하세영 다만 베데스다 게임들이 그렇듯이 버그는 꽤 있습니다만 제가 여태 플레이하면서 겪은 버그들중에서 심각한건 없었고 차후 패치로 나아질겁니다,파워 아 머 가 훌륭한 꼐임입니 다 만약 육중 하고 딴딴한 파워 아 머 를 입고 사랑 하는 이를 잃은 분노 에 빠져 전직 미합중국 육군 에서 근무 했던 사람 으로써 보스턴 에서 방사 능 에 찌든 쌍놈 새끼 들 을 쳐 죽 이며 보스턴 을 조금 더 살기 나은 곳 으로 만드는데 협조 하고싶으시다면 구매 하 세영 다만 베데스다 게임 들 이 그렇듯이 버그 는 꽤 있습니다만 제 가 여태 플레이 하면서 겪은 버그 들 중 에서 심각한건 없었고 차후 패치 로 나아질 겁니다,2015-11-19 23:28:46
377160,Fallout 4,positive,Skyrim with guns -10/10-,Skyrim with guns - 10/10 -,2015-11-19 21:43:15
377160,Fallout 4,positive,Good,Good,2015-11-19 19:22:02
377160,Fallout 4,positive,"<장점> 게임은 전체적으로 정말 재미있다. 메인스토리는 사실 조금 진부하다. 하지만 브라더후드, 신스, 미닛맨, 프리덤 레일로드 총 4개의 팩션의 이야기는 흥미롭고 세계 곳곳에 재미있는 퀘스트들이 넘쳐난다. 레전더리 몬스터들을 처리하여 좋은 유니크 아이템들을 발견할때는 희열마저 느낀다. 레벨링하며 퍽을 찍는 재미도 나름 쏠쏠하다. 하우징은 튜토리얼도 없고 복잡하지만 잘 짜여져 있어 한번 손대면 시간가는 줄 모른다. 전투의 재미도 빼놓을 수 없다. V.A.T.S 시스템은 물론이고, 레이져 무기나 실탄 무기의 타격감도 좋은 편이다","< 장점 > 게임 은 전체 적 으로 정말 재미있다 . 메인 스토리 는 사실 조금 진부하다 . 하지만 브라더후드 , 신스 , 미닛맨 , 프리덤 레일로드 총 4 개 의 팩션 의 이야기 는 흥미 롭고 세계 곳곳 에 재미있는 퀘스트 들 이 넘쳐 난다 . 레전더 리 몬스터 들 을 처리 하여 좋은 유니크 아이템 들 을 발견 할 때 는 희 열 마저 느낀다 . 레벨 링 하 며 퍽 을 찍는 재미 도 나름 쏠쏠하다 . 하우 징 은 튜토리얼 도 없고 복잡하지만 잘 짜여져 있어 한번 손대면 시간 가는 줄 모른다 . 전투 의 재미 도 빼놓을 수 없다 . V . A . T . S 시스템 은 물론 이고 , 레이져 무기 나 실탄 무기 의 타 격감 도 좋은 편이 다",2015-11-19 16:25:23
377160,Fallout 4,positive,명작은 아니지만 망작은 아님 충분히 돈 값하고 특히 포스트 아포칼립스 팬이라면 핵뽕맞고 즐길 수 있음 하지만 롤플레이 따위 쌈싸먹은 스토리와 대화시스템은 오만번 까여도 할 말 없음 스토리만큼은 뉴베가스에서 백보 퇴보함 액션을 얻고 롤플레이를 내 줌,명작 은 아니지만 망 작은 아님 충분히 돈 값 하고 특히 포스트 아포칼립스 팬 이 라면 핵뽕 맞고 즐길 수 있음 하지만 롤플레이 따위 쌈 싸 먹은 스토리 와 대화 시스템 은 오만 번 까여도 할 말 없음 스토리 만큼은 뉴 베가스 에서 백 보 퇴보함 액션 을 얻고 롤플레이 를 내 줌,2015-11-19 15:55:19
377160,Fallout 4,positive,God,God,2015-11-19 15:36:35
377160,Fallout 4,positive,좋아요,좋아요,2015-11-19 14:17:04
377160,Fallout 4,positive,졸잼인데 제발 아이템 분류좀 만들어 놓지 씨발 템제작하는데 보기 존나 빡친다 모드 언제 나오나,졸잼 인데 제발 아이템 분류 좀 만들어 놓지 씨발 템 제작 하는데 보기 존나 빡친다 모드 언제 나오나,2015-11-19 12:19:09
377160,Fallout 4,positive,분명히 여러 단점이 존재하고 아쉬운 점도 많은 게임이지만 그걸 감안하더라도 베데스다식 RPG의 진화형이며(콘솔 친화적이지만) 이는 다른 게임들로는 대체 불가능한 재미를 준다고 생각합니다. 이번에 추가된 하우징기능은 이래저래 하기에 불편한 감은 있지만 기존시리즈의 재미를 넘어서는 새로운 재미를 부여하고 있으며 상당한 몰입감을 제공합니다. 다만 일반적인 RPG들과는 성향이 좀 틀리기 때문에 그런걸 기대하시는 분들은 조심해서 구매하셔야 할 것입니다.,분명히 여러 단점 이 존재 하고 아쉬운 점도 많은 게임 이지만 그걸 감안 하더라도 베데스다 식 RPG 의 진화 형 이며 ( 콘솔 친 화 적 이지만 ) 이는 다른 게임 들 로는 대체 불가능한 재미 를 준다고 생각 합니다 . 이번 에 추가 된 하우 징 기능 은 이래저래 하기에 불편한 감은 있지만 기존 시리즈 의 재미 를 넘어서는 새로운 재미 를 부여 하고 있으며 상당한 몰입 감 을 제공 합니다 . 다만 일반 적 인 RPG 들과는 성향 이 좀 틀리기 때문 에 그런 걸 기대하시는 분 들 은 조심해서 구매 하셔야 할 것 입니다 .,2015-11-19 07:33:36
377160,Fallout 4,positive,Very good. 9/10,Very good . 9/10,2015-11-19 06:02:25
377160,Fallout 4,positive,Bug.....Bug never changes...,Bug ..... Bug never changes ...,2015-11-19 02:48:04
377160,Fallout 4,positive,굿,굿,2015-11-18 13:31:14
377160,Fallout 4,positive,함 할만하다.,함 할 만하 다 .,2015-11-18 13:05:50
377160,Fallout 4,positive,"https://www.youtube.com/watch?v=XRuJ2aG2G2s [h1][b]War Never Changes ![/b][/h1] 많은 게이머들의 기대를 받으며 출시한 2015년 하반기 신작 폴아웃 4를 접하면서 개인적으로는 두려움 반, 기대감 반이었다. 15여년전 폴아웃 1만 했던게 전부였기에 지금의 스타일로 장르가 바뀐 이후의 폴아웃은 처음이기 때문이다. (스팀에서 폴아웃 시리즈를 전부 구입해두긴 했지만 손이 안갔던게 사실) 때문에 폴아웃 시스템에 익숙한 전작을 했던 유저들과는 달리 내게는 모든게 새로움이었다","https://www.youtube.com/watch?v=XRuJ2aG2G2s [ h 1 ][ b ] War Never Changes ![/ b ][/ h 1 ] 많은 게이머 들 의 기대 를 받으며 출시 한 2015년 하반기 신작 폴아웃 4 를 접 하면서 개인 적 으로는 두려움 반 , 기 대감 반 이었다 . 15 여 년전 폴아웃 1만 했던게 전부 였기에 지금 의 스타일 로 장르 가 바뀐 이후 의 폴아웃 은 처음 이기 때문 이다 . ( 스팀 에서 폴아웃 시리즈 를 전부 구입 해 두긴 했지만 손 이 안 갔던게 사실 ) 때문 에 폴아웃 시스템 에 익숙한 전작 을 했던 유저 들 과는 달리 내게는 모든 게 새 로움 이었다",2015-11-18 02:53:30
377160,Fallout 4,positive,뉴 베가스 하다 오니까 팩션과 카르마가 그립다. 다만 충분히 재미는 있다,뉴 베가스 하다 오 니까 팩션 과 카르마 가 그립다 . 다만 충분히 재미 는 있다,2015-11-18 01:02:30
377160,Fallout 4,positive,바퀴벌레 극혐;,바퀴벌레 극혐 ;,2015-11-18 00:32:12
377160,Fallout 4,positive,먼말 할 필요가 있나 굳 .,먼말 할 필요 가 있나 굳 .,2015-11-17 23:09:04
377160,Fallout 4,positive,아 개꿀잼,아 개꿀잼,2015-11-17 22:13:28
377160,Fallout 4,positive,"이런 저런 기대에 못미쳐서 실망하신분들이 있겠지만 게임 자체는 여전히 재미있습니다. 우리동네 만들어나가는 맛, 템 루팅하는 재미, 구울 자빠트리는 맛, 캐릭 꾸미는 재미도 좋습니다. 전 추추추!!","이런 저런 기대 에 못 미쳐서 실망하 신분 들 이 있겠지만 게임 자체 는 여전히 재미있습니다 . 우리동네 만들어 나가는 맛 , 템 루팅 하는 재미 , 구울 자빠트리 는 맛 , 캐릭 꾸미는 재미 도 좋습니다 . 전 추추추 !!",2015-11-17 11:38:58
377160,Fallout 4,positive,베데스다스러운 찰진 버그가 제 마음을 흔드네요 엔피시가 파워아머랑 융합하는 괴현상을 목격한 뒤로 항상 코어는 빼고 다닙니다,베데스다 스러운 찰진 버그 가 제 마음 을 흔 드 네 요 엔피시 가 파워 아 머 랑 융합 하는 괴현상 을 목격 한 뒤 로 항상 코어 는 빼고 다닙니다,2015-11-17 10:03:43
377160,Fallout 4,positive,Die Leute die das Spiel nicht spielen können tun mir leid :^),Die Leute die das Spiel nicht spielen k ö nnen tun mir leid :^),2015-11-17 02:40:48
377160,Fallout 4,positive,엉엉.......... 아들아!!! 엄마가 미안해!!!!,엉엉 .......... 아들 아 !!! 엄마 가 미안해 !!!!,2015-11-17 02:28:39
377160,Fallout 4,positive,4가지 선택지 모두 골라도 게임플레이에 전혀 지장이 없는 희한한 게임,4 가지 선택 지 모두 골 라도 게임 플레이 에 전혀 지장 이 없는 희한한 게임,2015-11-16 22:39:51
377160,Fallout 4,positive,"베데스다의 신작 FALLOUT 4 솔직히 만점게임은 아니지만 베데스다게임 이란걸 감안하면 추천은 하겠습니다. 중간중간 눈살찌푸릴 버그들이 많긴 많아요 솔직히 사양도 뻥튀기고 그래도 게임성과 전시리즈,전작품에 비해 많이 발전된점이 많고 무엇보다 몰입도가 높으니 괜찮은 게임입니다. (개인적으로 집짓는게 제일 재미있었습니다.)","베데스다 의 신작 FALLOUT 4 솔직히 만점 게임 은 아니지만 베데스다 게임 이란 걸 감안 하면 추천 은 하겠습니다 . 중간 중간 눈살 찌푸릴 버그 들 이 많긴 많아요 솔직히 사양 도 뻥튀기 고 그래도 게임 성과 전 시리즈 , 전 작품 에 비해 많이 발전 된 점 이 많고 무엇 보다 몰입도 가 높으니 괜찮은 게임 입니다 . ( 개인 적 으로 집 짓는게 제일 재미있었습니다 .)",2015-11-16 21:24:37
377160,Fallout 4,positive,FPS성애자들을 위한 스카이림인 거시다...,FPS 성애자 들 을 위 한 스카이림 인 거시 다 ...,2015-11-16 18:40:05
377160,Fallout 4,positive,개꿀잼,개꿀잼,2015-11-16 15:36:43
377160,Fallout 4,positive,"장점 - 반복적이다 라는 소리를 들었던 베데스다 전작들의 레벨 디자인과는 달리 다양성을 넓힌 레벨 디자인 - 이게 베데스다 겜이 맞나? 싶을 정도로 향상된 타격감 - 3편에서 욕을 들어먹었던 스토리를 개선 - 대화시 주변이 멈추는 것이 아니라 유동적인 대화 효과를 추가함. 이에 따라 주변 인물이 대화도중 끼어들 수도 있음 - 다양해진 무기 선택권. 특히 실탄병기와 에너지병기의 차이점을 줄였다 - 디젤펑크, 아톰펑크를 잘 살린 도시 분위기 단점 - 새로운 폴아웃을 만든답시고 클래식 요소를 대거 삭제. 블랙아일(옵시디언)식 폴아웃을","장점 - 반복 적 이다 라는 소리 를 들었던 베데스다 전작 들 의 레벨 디자인 과는 달리 다양성 을 넓힌 레벨 디자인 - 이 게 베데스다 겜 이 맞나 ? 싶을 정도 로 향상 된 타 격감 - 3 편 에서 욕 을 들어 먹었던 스토리 를 개선 - 대화 시 주변 이 멈추는 것 이 아니라 유동 적 인 대화 효과 를 추가 함 . 이 에 따라 주변 인물 이 대화 도중 끼어들 수도 있음 - 다양해진 무기 선택 권 . 특히 실탄 병기 와 에너지 병기 의 차이점 을 줄였다 - 디젤 펑크 , 아톰 펑크 를 잘 살린 도시 분위기 단점 - 새로운 폴아웃 을 만든답시고 클래식 요소 를 대거 삭제 . 블랙 아 일 ( 옵시디언 ) 식 폴아웃 을",2015-11-16 14:02:00
377160,Fallout 4,positive,폴아웃4는 달라졌습니다. 기존의 너무나 정형적인 RPG의 느낌을 냈던 전투가 이제는 제법 FPS액션그러운 맛을 냅니다. 총기타격감과 총격음 또한 신나는 전투를 즐길수 있게 하며 자경단을 꾸려 마을을 꾸미는 심시티적인 요소도 추가되었습니다. 스카이림처럼 쓸데없이 맵이 넓은데 죄다 산인것과 다르게 적당한 크기의 맵에 다양한 장소를 제공하여 구석구석 모험해보는 맛도 있습니다. 무엇보다 오픈월드를 지향하는 게임인 만큼 NPC들의 오픈월드 활동도 굉장히 많이 늘어났습니다. 단순히 플레이어에 의해 이벤트가 일어나고 세계가 바뀌는게 아니라요,폴아웃 4 는 달라졌습니다 . 기존 의 너무나 정형 적 인 RPG 의 느낌 을 냈던 전투 가 이제 는 제법 FPS 액션 그러운 맛 을 냅니다 . 총 기 타 격감 과 총 격음 또한 신나는 전투 를 즐길수 있게 하며 자경단 을 꾸려 마을 을 꾸미는 심시티 적 인 요소 도 추가 되었습니다 . 스카이림 처럼 쓸데없이 맵 이 넓은데 죄다 산인것과 다르게 적당한 크기 의 맵 에 다양한 장소 를 제공 하여 구석구석 모험 해보는 맛 도 있습니다 . 무엇 보다 오픈월드 를 지향 하는 게임 인 만큼 NPC 들의 오픈월드 활동 도 굉장히 많이 늘어났습니다 . 단순히 플레이어 에 의해 이벤트 가 일어나고 세계 가 바뀌는게 아니라 요,2015-11-16 11:44:16
377160,Fallout 4,positive,휴일이 많았으면 좋겠다,휴일 이 많았으면 좋겠다,2015-11-16 10:12:05
377160,Fallout 4,positive,근접무기가 더 많앗으면...,근접무기 가 더 많앗으면 ...,2015-11-16 07:52:56
377160,Fallout 4,positive,"문제점 - 수많은 버그들... 다이얼로그 버그, 트리거 오류, 골격문제, 모션버그 등등 베데스다 시리즈의 고질적 버그들 - 참신했으나 결국 심화된 대화를 제한하는 4다이얼 대화시스템 - 무기 개조가 다양한것은 좋으나 이에따른 오리지날 무기 종류가 적음 - 베데스다의 트레이드마크인 등신같은 모션과 애니메이션 - 카르마 시스템의 삭제 - 너무 단순한 동료 호감도 시스템 - 선형적이고 뻔하고 흔하디 흔한 메인스토리 전개 - 핵세기말급 개적화, 프레임드랍 - 2015년도 하반기 게임답지 않은 낮은 텍스쳐화질 장점 - 폴아웃4의 존재 그","문제점 - 수많은 버그 들 ... 다이얼로그 버그 , 트리 거 오류 , 골격 문제 , 모션 버그 등등 베데스다 시리즈 의 고질 적 버그 들 - 참신했으나 결국 심화 된 대화 를 제한 하는 4 다이얼 대화 시스템 - 무기 개조 가 다양한것은 좋으나 이 에 따른 오리 지날 무기 종류 가 적음 - 베데스다 의 트레이드마크 인 등신 같은 모션 과 애니메이션 - 카르마 시스템 의 삭제 - 너무 단순한 동료 호감 도 시스템 - 선형 적 이고 뻔하고 흔 하디 흔한 메인 스토리 전개 - 핵 세기말 급 개 적 화 , 프레임 드랍 - 2015년 도 하반기 게임 답지 않은 낮은 텍스쳐 화질 장점 - 폴아웃 4 의 존재 그",2015-11-16 05:53:54
377160,Fallout 4,positive,생탁급 게임,생탁 급 게임,2015-11-16 04:25:36
377160,Fallout 4,positive,perfect!!,perfect !!,2015-11-15 23:56:23
377160,Fallout 4,positive,내인생의 72시간이 순식간에 사라졌다. 평가 1.버그? 아직까진 한번도 못겪어봤다 이미 메인 엔딩도보고 별거 다있었지만 특별히 게임에 지장을 주는 버그는 없었다 2. 프레임드랍 역시 특별히 없었다 그래픽카드는 760 인대도 중옵으로 프레임이 60고정 나오는걸보면 난 상당히 만족스러웠다. 유일하게 이상하게 프레임드랍이 나오던곳은 인스티튜트의 파덜의 방이었다 3.폴아웃의 고질적이었던 짜증나던것중 하나인 타격감은 아주많이 증가했다고 본다 나는 매우 만족스러웠다. 4.무기 개조시스템 자체가 상당히 유동성이 있어보여 방어구 파워아머 등등 모,내 인생 의 72시간 이 순식간 에 사라졌다 . 평가 1 . 버그 ? 아직 까진 한번 도 못 겪어 봤다 이미 메인 엔딩 도 보고 별거 다 있었지만 특별히 게임 에 지장 을 주는 버그 는 없었다 2 . 프레임 드랍 역시 특별히 없었다 그래픽카드 는 760 인대 도 중옵 으로 프레임 이 60 고정 나오는걸 보면 난 상당히 만족스러웠다 . 유일하게 이상하게 프레임 드랍 이 나오던 곳 은 인스티튜트 의 파덜 의 방 이었다 3 . 폴아웃 의 고질 적 이었던 짜증나던것 중 하나 인 타 격감 은 아주 많이 증가 했다고 본다 나 는 매우 만족스러웠다 . 4 . 무기 개조 시스템 자체 가 상당히 유동성 이 있어 보여 방어 구 파워 아 머 등등 모,2015-11-15 23:41:29
377160,Fallout 4,positive,"처음 몇시간은 재미있으나.. 하면 할수록 지루한 느낌이였으나, 10간정도 진행하니 흥미와 재미가 느껴집니다. 좀 하다가 지루하다고 포기하면 ... 지금은 정말 나름 잘 만든것 같습니다. 1회차 어서끝내고, 2회차 부터 못해본 퀘스틀 진행해봐야겟네요. 영어도 그렇게 어려운것 같지 않네요. 퀘스트도 다 표시해주니..","처음 몇 시간 은 재미있으나 .. 하면 할수록 지루한 느낌이였으나 , 10 간정 도 진행 하니 흥미 와 재미 가 느껴집니다 . 좀 하다가 지루하다고 포기 하면 ... 지금 은 정말 나름 잘 만든것 같습니다 . 1회 차 어서 끝내고 , 2회 차 부터 못 해본 퀘스틀 진행 해봐야겟네요 . 영어 도 그렇게 어려운것 같지 않네요 . 퀘스트 도 다 표시 해주니 ..",2015-11-15 23:38:12
377160,Fallout 4,positive,내 마음속의 2015 고티,내 마음속 의 2015 고 티,2015-11-15 20:26:29
377160,Fallout 4,positive,발전한 점 : 1인칭에서 게임이 엄청나게 즐거워 졌다 눈에 띄는 점 : 자연스런 모션을 자랑하는 다른 게임에 비해 약간 부족해 보일 수 있는 캐릭터 움직임 재밌는 점 : 핵무기를 발전된 그래픽으로 투하해 볼 수 있다,발전 한 점 : 1 인칭 에서 게임 이 엄청나게 즐거워 졌다 눈 에 띄는 점 : 자연스런 모션 을 자랑 하는 다른 게임 에 비해 약간 부족해 보일 수 있는 캐릭터 움직임 재밌는 점 : 핵무기 를 발전 된 그래픽 으로 투하 해 볼 수 있다,2015-11-15 20:10:07
377160,Fallout 4,positive,"The best fallout series by far. I've played fallout series from 1 to 4 even new vegas. this 4th installement is by far the best. No question asked. there are many speculations and dissapointement on the game. however, it's afterall, all about personal preferences and taste on the game. Many people","The best fallout series by far . I ' ve played fallout series from 1 to 4 even new vegas . this 4 th installement is by far the best . No question asked . there are many speculations and dissapointement on the game . however , it ' s afterall , all about personal preferences and taste on the game . Many people",2015-11-15 17:53:32
377160,Fallout 4,positive,"[b]총평[/b] +평소 그대로의 베레스다 게임을 좋아한다면 -폴아웃 뉴베가스에 반했다면 [b]게임플레이[/b] +시가지, 건물 내부의 레벨 디자인이 발전. 탐험할 맛이 매우 늘어남 +레전더리 몬스터와 레전더리 아이템, 아이템 개조로 인한 아이템 파밍의 재미가 상승 +적들과의 밸런스가 상당히 괜찮아짐 +퍽과 스탯의 개편으로 인한 직관성, 레벨 제한이 없어짐 +하우징을 통한 자신만의 마을을 건설 -아이템이 대부분 개조 방식이라 고유 아이템 종류가 매우 적어짐 -서바이벌 요소가 통째로 없어짐 게임 플레이쪽에 모든 힘을 쏳았다는","[ b ] 총 평 [/ b ] + 평소 그대로 의 베레스 다 게임 을 좋아한다면 - 폴아웃 뉴 베가스 에 반했다면 [ b ] 게임 플레이 [/ b ] + 시가지 , 건물 내부 의 레벨 디자인 이 발전 . 탐험 할 맛 이 매우 늘어남 + 레전더 리 몬스터 와 레전더 리 아이템 , 아이템 개조 로 인한 아이템 파밍 의 재미 가 상승 + 적 들 과의 밸런스 가 상당히 괜찮아 짐 + 퍽 과 스탯 의 개편 으로 인한 직관 성 , 레벨 제한 이 없어짐 + 하우 징 을 통한 자신 만의 마을 을 건설 - 아이템 이 대부분 개조 방식 이라 고유 아이템 종류 가 매우 적어짐 - 서바이벌 요소 가 통째 로 없어짐 게임 플레이 쪽 에 모든 힘 을 쏳았다 는",2015-11-15 14:51:21
377160,Fallout 4,positive,갓-겜,갓 - 겜,2015-11-15 14:46:36
377160,Fallout 4,positive,GOOOOOOOOOOOOOOOOOOOOOOOOOOOOOOOOOOOOOOOOOOOOOOOOOOOOOOOOOOOOOOOOOOOOD!!!!,GOOOOOOOOOOOOOOOOOOOOOOOOOOOOOOOOOOOOOOOOOOOOOOOOOOOOOOOOOOOOOOOOOOOOD !!!!,2015-11-15 11:25:38
377160,Fallout 4,positive,정말 시간 가는줄 모르갰군요 :) 가끔 버그 빼고는 재미 있습니다,정말 시간 가는줄 모르 갰군요 :) 가끔 버그 빼고는 재미 있습니다,2015-11-15 07:07:03
377160,Fallout 4,positive,"많은 코어 게이머들이 설레발 치며, 스토리가 엉망이고 애니메이션의 질이 엉망이라고 외쳐도 여전히 이 게임은 잘 만든 수작입니다. 기대 이상도, 기대 이하도 아닌 딱 기대한 만큼의 게임이 나왔는데 무엇을 더 바라겠습니까? 웰메이드 프랜차이즈가 끝장나는 걸 여러 번 목격해야만 했던 이 시대의 비운한 게이머들에게, 이 게임은 방사능 폭풍속에서 만난 피난처와도 같은 존재입니다. 마음을(혹은 지갑을) 열고 이 게임을 받아들이세요. 그리고 이 게임을 라이브러리에 등록한 당신은, 축하합니다. 당신은 유부남/유부녀가 되었습니다.","많은 코어 게이머 들 이 설레 발 치 며 , 스토리 가 엉망 이고 애니메이션 의 질 이 엉망 이라고 외쳐도 여전히 이 게임 은 잘 만든 수작 입니다 . 기대 이상 도 , 기대 이하 도 아닌 딱 기대한 만큼의 게임 이 나왔는데 무엇 을 더 바라겠습니까 ? 웰 메이드 프랜차이즈 가 끝장 나 는 걸 여러 번 목격 해야만 했던 이 시대 의 비운 한 게이머 들 에게 , 이 게임 은 방사 능 폭풍 속 에서 만난 피난처 와도 같은 존재 입니다 . 마음 을 ( 혹은 지갑 을 ) 열고 이 게임 을 받아들이세요 . 그리고 이 게임 을 라이브러리 에 등록 한 당신 은 , 축하 합니다 . 당신 은 유부 남 / 유부녀 가 되었습니다 .",2015-11-15 02:16:50
377160,Fallout 4,positive,"스토리, rpg적 요소가 참 아쉬워졌을 따름 그럼에도 재미하나는 보장한다.","스토리 , rpg 적 요소 가 참 아쉬워졌을 따름 그럼에도 재미 하나 는 보장 한다 .",2015-11-15 01:12:05
377160,Fallout 4,positive,가을 버그 출타 4! 그래도 재미는 있으니까 한번 봐준다.....,가을 버그 출타 4 ! 그래도 재미 는 있으니까 한번 봐 준다 .....,2015-11-15 00:07:18
377160,Fallout 4,positive,GOOD,GOOD,2015-11-14 23:40:14
377160,Fallout 4,positive,재밌네요.할만해요. 그래픽도 좋아요.,재밌네요 . 할 만해 요 . 그래픽 도 좋아요 .,2015-11-14 21:30:33
377160,Fallout 4,positive,"분명 예스잼이긴 하지만 아쉬움이 좀 남는 부분이 여러 군데 보입니다. 게임은 재미있는데 마감을 약간 성급하게 끝냈단 느낌입니다. 좀만 더 신경쓰면 더 완벽한 게임이 됐을텐데. 주로 UI 쪽에서 이런 문제가 많습니다. 당장 생각나는 것만 쭉 읊어보겠습니다. 빌리징도, 동료 시스템, 인벤토리도 좀 더 유저가 보기 편하게 만들 수 있었을텐데 당장은 좀 불편합니다. 빌리징 관리의 경우 인구 할당 같은 건 그냥 리스트로 보여주는 UI가 따로 있었으면 좋았을텐데, 당장으로선 누가 어디에 배정되어있고 어떤 시설이 비어있는지 하나하나 직접","분명 예스 잼이긴 하지만 아쉬움 이 좀 남는 부분 이 여러 군데 보입니다 . 게임 은 재미있는데 마감 을 약간 성급하게 끝냈단 느낌 입니다 . 좀 만 더 신경 쓰면 더 완벽한 게임 이 됐을텐데 . 주로 UI 쪽 에서 이런 문제 가 많습니다 . 당장 생각나는 것 만 쭉 읊 어 보겠습니다 . 빌리 징 도 , 동료 시스템 , 인벤 토리 도 좀 더 유저 가 보기 편하게 만들 수 있었을텐데 당장 은 좀 불편합니다 . 빌리 징 관리 의 경우 인구 할당 같은 건 그냥 리스트 로 보여주는 UI 가 따로 있었으면 좋았을텐데 , 당장 으로선 누가 어디 에 배정 되어있고 어떤 시설 이 비어있는지 하나 하나 직접",2015-11-14 20:25:54
377160,Fallout 4,positive,스카이림 이후로 진짜 최고의 게임이 나온듯 하네요. 근데 모드는 나왔나요?,스카이림 이후 로 진짜 최고 의 게임 이 나온듯 하네요 . 근데 모드 는 나왔나요 ?,2015-11-14 19:08:07
377160,Fallout 4,positive,좀더 폴아웃 같았으면 하는게임 처음시작하고 순간 엘더스크롤 하는줄알았음 하지만 겜자체는재밌음 해보는거 추천,좀더 폴아웃 같았으면 하는 게임 처음 시작 하고 순간 엘더스크롤 하는줄 알았음 하지만 겜 자체 는 재밌음 해보는거 추천,2015-11-14 19:00:34
377160,Fallout 4,positive,스토리가 병맛이지만 정착지 경영 및 건축이 재밌었고 그래픽도 병맛이지만 정착지 경영 및 건축이 재밌었고 모션들도 병맛이지만 정착지 경영 및 건축이 재미있었다.,스토리 가 병맛 이지만 정착 지 경영 및 건축 이 재밌었고 그래픽 도 병맛 이지만 정착 지 경영 및 건축 이 재밌었고 모션 들 도 병맛 이지만 정착 지 경영 및 건축 이 재미있었다 .,2015-11-14 15:55:36
377160,Fallout 4,positive,존 잼,존 잼,2015-11-14 15:55:21
377160,Fallout 4,positive,명불허전 더이상 설명이 필요없는 게임 폴아웃이다 이거 하나면 충분할듯.,명불허전 더 이상 설명 이 필요없는 게임 폴아웃 이다 이 거 하나 면 충분할듯 .,2015-11-14 15:15:19
377160,Fallout 4,positive,잉,잉,2015-11-14 14:34:37
377160,Fallout 4,positive,Please NewVegas's Hardcore Mod!!,Please NewVegas ' s Hardcore Mod !!,2015-11-14 14:10:17
377160,Fallout 4,positive,재밌다 해라,재밌다 해 라,2015-11-14 05:29:56
377160,Fallout 4,positive,짱좋음,짱 좋음,2015-11-13 22:18:09
377160,Fallout 4,positive,구매한지 2일째 해상도 문제로 실행이 안된다 사양이 부족 한것도 아닌데 말이다... 처음 fhd해상도로 실행이 되어서 wqhd해상도로 실행하니 응답없음 그래서 다시 fhd로 실행하니 다시 먹통...하...,구매 한지 2일 째 해상도 문제 로 실행 이 안된다 사양 이 부족 한 것 도 아닌데 말 이다 ... 처음 fhd 해상도 로 실행 이 되어서 wqhd 해상도 로 실행 하니 응답 없음 그래서 다시 fhd 로 실행 하니 다시 먹통 ... 하 ...,2015-11-13 21:06:17
377160,Fallout 4,positive,하우징이 할게많고 앞으로 모드가 더더욱기대되는게임,하우 징 이 할게 많고 앞 으로 모드 가 더 더욱 기대 되는 게임,2015-11-13 20:03:37
377160,Fallout 4,positive,확실히 전작들에 비하면 발전한 점이 많이 보이긴합니다. 특히 하우징과 파워아머는 특색도 잘살아있고 게임에도 잘녹아들어있죠. 하지만 버그가 간간히 보이고 가끔 진행이 불가능한 버그도 다소있습니다. 그래픽은 크게 기대를 하지않아 실망하진 않았지만 권장사양에 비해선 떨어져 보입니다. 가장 불만인점은 대화시스템의 변경인데 일단 무조건 선택지가 4개뿐이며 일단하나를 선택하면 대부분 뒤에 다른내용을 선택하지도 못하고 그냥 넘어가버리는등 대화시스템은 전작에 비해 퇴보한거 같습니다. 대화 시스템을 제외한 대부분은 차후 패치를 통해 괜찮아질수있는,확실히 전작 들 에 비 하면 발전 한 점 이 많이 보이긴 합니다 . 특히 하우 징 과 파워 아 머는 특색 도 잘살아있고 게임 에도 잘 녹아 들어있죠 . 하지만 버그 가 간간히 보이 고 가끔 진행 이 불가능한 버그 도 다소 있습니다 . 그래픽 은 크게 기대 를 하지 않아 실망하진 않았지만 권장 사양 에 비 해 선 떨어져 보입니다 . 가장 불만 인 점 은 대화 시스템 의 변경 인데 일단 무조건 선택 지 가 4 개 뿐 이며 일단 하나 를 선택 하면 대부분 뒤 에 다른 내용 을 선택 하지도 못 하고 그냥 넘어가 버리는 등 대화 시스템 은 전작 에 비해 퇴보한거 같습니다 . 대화 시스템 을 제외 한 대부분 은 차후 패치 를 통해 괜찮아 질수있는,2015-11-13 20:02:01
377160,Fallout 4,positive,"very good game, but not perfect game. good work!","very good game , but not perfect game . good work !",2015-11-13 19:25:02
377160,Fallout 4,positive,"폴아웃 3, NV의 열화판이긴 하지만 모험하는 재미는 있음. 그 놈의 DLC 장난질 때문에 화나긴 하지만 모험이 재밌긴해 진짜...","폴아웃 3 , NV 의 열 화판 이긴 하지만 모험 하는 재미 는 있음 . 그 놈 의 DLC 장난 질 때문 에 화나긴 하지만 모험 이 재밌긴해 진짜 ...",2015-11-13 17:36:43
377160,Fallout 4,positive,의외로 4기가에서도 60프레임이 돌아갑니다. 적어도 램에 대한 걱정이 없네요.,의외로 4 기가에서도 60 프레임 이 돌아갑니다 . 적어도 램 에 대한 걱정 이 없네요 .,2015-11-13 15:01:46
377160,Fallout 4,positive,good,good,2015-11-13 13:53:17
377160,Fallout 4,positive,good game,good game,2015-11-13 13:47:12
377160,Fallout 4,positive,"요즘 게임이 그러하듯 전체적으로 볼륨감은 전작에 비해서 많이 적어졌습니다 대신 볼륨감을 희생한 만큼 다른 컨텐츠 (전투 ,하우징) 의 밀도는 늘어났죠 개인 취향에 따라 갈릴거 같습니다 오블리비언과 스카이림을 생각하면 가장 편하게 비교 가능 할겁니다","요즘 게임 이 그러하듯 전체 적 으로 볼륨 감은 전작 에 비 해서 많이 적어졌습니다 대신 볼륨 감 을 희생 한 만큼 다른 컨텐츠 ( 전투 , 하우 징 ) 의 밀도 는 늘어났죠 개인 취향 에 따라 갈릴거 같습니다 오블리비언 과 스카이림 을 생각 하면 가장 편하게 비교 가능 할 겁니다",2015-11-13 11:08:16
377160,Fallout 4,positive,"폴아웃 시리즈를 처음 하는 사람도, 오래전부터 했던 사람도 나름 만족할 만한 게임이라 생각함 스토리는 나쁘지 않고, 걱정했던 그래픽도 뭐... 만족함 다만 시도때도 없이 나타나는 수많은 퀘스트의 압박이나 어설픈 모션은 죽어도 못보겠다 하면 조금 생각해 보기를","폴아웃 시리즈 를 처음 하는 사람 도 , 오래전 부터 했던 사람 도 나름 만족할 만 한 게임 이라 생각 함 스토리 는 나쁘지 않고 , 걱정 했던 그래픽 도 뭐 ... 만족함 다만 시도 때 도 없이 나타나는 수많은 퀘스트 의 압박 이나 어설픈 모션 은 죽어도 못 보겠다 하면 조금 생각 해 보기 를",2015-11-13 09:44:52
377160,Fallout 4,positive,Ooo,Ooo,2015-11-13 07:49:32
377160,Fallout 4,positive,아... 정신 차려보니 플레이 시간이 20시간....,아 ... 정신 차려 보니 플레이 시간 이 20시간 ....,2015-11-13 05:21:51
377160,Fallout 4,positive,잠을 잘수가 없어..........,잠 을 잘수가 없어 ..........,2015-11-13 03:45:49
377160,Fallout 4,positive,"폴아웃 3를 뒤늦게 구매해서 플레이를 해보려고 했지만, 나온 시기가 오래되다 보니, 게임 그래픽도 그렇고 여러가지로 반감이 들었었는데 이번 계기로 폴아웃4 구매하여 플레이를 해보았습니다. 앞서 이야기 하자면, 완벽한 게임은 아닙니다. 약간은 실망스러운 그래픽, 모션, AI 그리고 버ㅜ그 및 로딩...아쉬운 부분이 적지않아 있는건 부정 할 수 없는 사실입니다. 그러나 무서운 것이, 이러한 단점이 있는데도 불구하고 이 게임이 몹시나 재미가 있다는 겁니다. 이상하다는건 저도 알지만, 이상하게시리 재미가 있습니다..;; 폴","폴아웃 3 를 뒤늦게 구매 해서 플레이 를 해보려고 했지만 , 나온 시기 가 오래되다 보니 , 게임 그래픽 도 그렇고 여러가지 로 반감 이 들었었는데 이번 계기 로 폴아웃 4 구매 하여 플레이 를 해보았습니다 . 앞서 이야기 하자 면 , 완벽한 게임 은 아닙니다 . 약간 은 실망 스러운 그래픽 , 모션 , AI 그리고 버 ㅜ 그 및 로딩 ... 아쉬운 부분 이 적지 않아 있는건 부정 할 수 없는 사실 입니다 . 그러나 무서운 것 이 , 이러한 단점 이 있는데도 불구 하고 이 게임 이 몹시 나 재미 가 있다는 겁니다 . 이상하다는건 저 도 알 지만 , 이상하게시리 재미 가 있습니다 ..;; 폴",2015-11-13 03:00:28
377160,Fallout 4,positive,게임 출시전 나는 폴아웃4보다는 위쳐3 높게 점쳤지. 그만큼 위쳐3는 잘만들었어. 근데 루까성들은 무조건 폴아웃4라고 장담했지. 이렇게 댓글적은 나는 루까성들의 집중 견제를 받았지. 하지만 지금은 태도가 달라졌지. 역시나 설레발 치는건 루까성이 최고다 의견을 내놓아도 무조건 폴4가 최고라는 점은 말도안된다. 많은 사람들이 칭찬하고 잘만들었다면 그만한 이유가 있다. 그것이 위쳐3다. 루까성들은 설레발좀 그만쳤으면 좋겠다. 안타깝다. 그 설레발. 선비집단들만 모아놔서 그런가보다.,게임 출시 전 나 는 폴아웃 4 보다는 위 쳐 3 높게 점 쳤지 . 그만큼 위 쳐 3 는 잘 만들었어 . 근데 루까성들 은 무조건 폴아웃 4 라고 장담 했지 . 이렇게 댓글 적 은 나 는 루까성들 의 집중 견제 를 받았지 . 하지만 지금 은 태도 가 달라졌지 . 역시 나 설레 발 치는건 루까성 이 최고다 의견 을 내놓아도 무조건 폴 4 가 최고 라는 점 은 말 도 안된다 . 많은 사람 들 이 칭찬 하고 잘 만들었다면 그만한 이유 가 있다 . 그것 이 위 쳐 3 다 . 루까성들 은 설레 발좀 그만 쳤으면 좋겠다 . 안타깝다 . 그 설레 발 . 선비 집단 들 만 모아 놔서 그 런가 보다 .,2015-11-13 01:24:27
377160,Fallout 4,positive,It's what I want the battle in fallout. I feel in this game classic fallout's tatics and fps shooter game. But dialogue is so simplify.,It ' s what I want the battle in fallout . I feel in this game classic fallout ' s tatics and fps shooter game . But dialogue is so simplify .,2015-11-12 22:41:21
377160,Fallout 4,positive,게임 자체의 재미는 정말 타임머신급으로 재밌다. 근데 그 재미를 망할 놈들의 버그가 잡아 먹고있습니다. 게임에서 버그는 정말 많고 가장 심각한건 뭔놈의 게임이 10시간 넘게 잘되다가 갑자기 2분마다 팅기니까 점점 돈이 아깝단 생각이 들기 시작하네요 정말 버그패치가 정말정말 시급해요. 유저들 기만하는 것도 아니고 설마 또 유저가 버그패치만들도록 할셈은 아니겠지;;,게임 자체 의 재미 는 정말 타임머신 급 으로 재밌다 . 근데 그 재미 를 망할 놈 들 의 버그 가 잡아 먹고있습니다 . 게임 에서 버그 는 정말 많고 가장 심각한건 뭔 놈 의 게임 이 10시간 넘게 잘 되다가 갑자기 2분 마다 팅기니까 점점 돈 이 아깝단 생각 이 들기 시작 하네요 정말 버그 패치 가 정말 정말 시급해요 . 유저 들 기만 하는 것 도 아니고 설마 또 유저 가 버그 패치 만들도록 할 셈 은 아니겠지 ;;,2015-11-12 22:35:02
377160,Fallout 4,positive,몇년 만에 우리에게 돌아온 낙진! 네번째 작품이 나왔습니다. 일단 게임을 시작하면 무척추 동물만양 머리가 360도 돌아가는 할아버지 대신! 평화로운~ 한 가정집에서 시작이 되며! 낙진3에서 할 수 없었던 얼굴 성형시스템! (난 의사가 아니라 못만짐...) 그리고 새롭게 바뀐 인터페이스! 또한 없어서 안될 우리 로봇찡까지!! 전작 낙진 세번째 작품보다 더욱더 아주 더욱더 화려해진 그래픽과 부드러워진 엔진! 보너스로 언어까지 부드럽게 나옵니다. 낙진 세번째 작품에선 둔기를 휘둘를때 이게 휘두르는 건지 그냥 팔만 가저다 대는건지 알지도,몇 년 만에 우리 에게 돌아온 낙진 ! 네 번째 작품 이 나왔습니다 . 일단 게임 을 시작 하면 무 척추 동물 만양 머리 가 360 도 돌아가는 할아버지 대신 ! 평화로운 ~ 한 가정 집 에서 시작 이 되며 ! 낙진 3 에서 할 수 없었던 얼굴 성형 시스템 ! ( 난 의사 가 아니라 못 만짐 ...) 그리고 새롭게 바뀐 인터페이스 ! 또한 없어서 안될 우리 로봇 찡 까지 !! 전작 낙진 세번 째 작품 보다 더욱더 아주 더욱더 화려해진 그래픽 과 부드러워진 엔진 ! 보너스 로 언어 까지 부드럽게 나옵니다 . 낙진 세번 째 작품 에선 둔기 를 휘둘를 때 이 게 휘두르는 건지 그냥 팔만 가 저 다 대는 건지 알지도,2015-11-12 22:17:21
377160,Fallout 4,positive,1) 어. 2) 아니. 3) 그게뭐야? 4) 돈을 줘,1 ) 어 . 2 ) 아니 . 3 ) 그게 뭐 야 ? 4 ) 돈 을 줘,2015-11-12 21:18:02
377160,Fallout 4,positive,볼륨도 크고 즐길거리도 많은 게임이지만 너무 유명해서 그런가 기대에 못 미쳐하는 사람들이 있네요. 본인이 베데스다식 rpg에 취향이 맞다면 정말 재미있게 할 수 있는 게임인건 확실합니다. 개인적으로는 상당히 맘에 드네요 ^^,볼륨 도 크고 즐길 거리 도 많은 게임 이지만 너무 유명해서 그 런가 기대 에 못 미쳐하는 사람 들 이 있네요 . 본인 이 베데스다 식 rpg 에 취향 이 맞다면 정말 재미있게 할 수 있는 게임 인 건 확실합니다 . 개인 적 으로는 상당히 맘 에 드네 요 ^^,2015-11-12 20:30:02
377160,Fallout 4,positive,"폴아웃2 부터 시작하여, 폴아웃 전시리즈를 보유하고 플레이한 입장에서 이번 폴아웃 4는 뭔가 10% 부족한 느낌입니다. 그래픽을 상옵가까이 놓으면 3이나 뉴베가스보다 좋은 그래픽이긴 하지만 아직 최적화가 덜되어서 CPU 사용률도 많이 떨어지고 프레임이 안나옵니다. 적정 프레임 유지하기위해 옵션 타협을 하면 이건 스카이림이나 뉴베가스를 보는 느낌입니다. 하우스 꾸미는거는 처음에만 재미있지 하루만에 질리는 시스템입니다. 보조퀘스트는 짧은편이고 계속 같은게 반복됩니다. 그래도 이 게임을 추천하는 이유는 단지 폴아웃이라는 이유때문","폴아웃 2 부터 시작 하여 , 폴아웃 전 시리즈 를 보유 하고 플레이 한 입장 에서 이번 폴아웃 4 는 뭔가 10% 부족한 느낌 입니다 . 그래픽 을 상옵 가까이 놓으면 3 이나 뉴 베가스 보다 좋은 그래픽 이긴 하지만 아직 최적화 가 덜 되어서 CPU 사용 률 도 많이 떨어지고 프레임 이 안나옵니다 . 적정 프레임 유지 하기 위해 옵션 타협 을 하면 이건 스카이림 이나 뉴 베가스 를 보는 느낌 입니다 . 하우스 꾸미는거는 처음 에만 재미있지 하루 만에 질리는 시스템 입니다 . 보조 퀘스트 는 짧은 편이 고 계속 같은게 반복 됩니다 . 그래도 이 게임 을 추천 하는 이유 는 단지 폴아웃 이라는 이유 때문",2015-11-12 18:44:01
377160,Fallout 4,positive,"정말 베데스다스러운 게임입니다. 베데스다 특유의 버그들, 어색한 모션, 게다가 어딘가 어중간한 그래픽들까지.. 까려면 깔거리가 많죠. 하지만 베데스다식 오픈월드가 재미있는 이유는 헤일로, 콜옵 등과는 다른 이유입니다. 마치 한편의 영화같은 짜임새로 대변되는 이들게임과 달리 세계를 가득채우고 있는 수많은 모험과 이야기들로 대변되죠. 다시말하면 베데스다의 선물보따리라는겁니다. 모험에 굶주린 사람들에게 변해버린 보스턴은 더할나위없는 탐험의 장이 되리라 생각합니다.","정말 베데스다 스러운 게임 입니다 . 베데스다 특유 의 버그 들 , 어색한 모션 , 게다가 어딘가 어중간한 그래픽 들 까지 .. 까려면 깔 거리 가 많죠 . 하지만 베데스다 식 오픈월드 가 재미있는 이유 는 헤일로 , 콜옵 등 과는 다른 이유 입니다 . 마치 한편 의 영화 같은 짜임새 로 대변 되는 이 들 게임 과 달리 세계 를 가득 채우고 있는 수많은 모험 과 이야기 들 로 대변 되죠 . 다시말하면 베데스다 의 선물 보따리 라는 겁니다 . 모험 에 굶주린 사람 들 에게 변해 버린 보스턴 은 더할 나위 없는 탐험 의 장이 되리라 생각 합니다 .",2015-11-12 17:51:09
377160,Fallout 4,positive,"You just buy it, download it, play it, and just see watch. ...where is my 7Hs?","You just buy it , download it , play it , and just see watch . ... where is my 7 Hs ?",2015-11-12 17:16:54
377160,Fallout 4,positive,한글좀 해주쇼,한글 좀 해주 쇼,2015-11-12 17:15:35
377160,Fallout 4,positive,망겜 망겜하는데 기존 베데스다게임 수준에 못 미치는 수준이지 그렇게까지 망겜은 아닙니다. 버그하고 프레임드랍이 있긴 한데 그건 이때까지 고티받아온 베데스다 게임들도 그랫던거고 전 추천주겟습니다.,망겜 망겜 하는데 기존 베데스다 게임 수준 에 못 미치는 수준 이지 그렇게 까지 망겜 은 아닙니다 . 버그 하고 프레임 드랍 이 있긴 한데 그건 이 때 까지 고 티 받아 온 베데스다 게임 들 도 그 랫 던거고 전 추천 주겟습니다 .,2015-11-12 16:59:39
377160,Fallout 4,positive,베데스다의 성격이 엄청 들어간 작품. 메인스토리보단 모험을 거의 중시한 느낌. 스토리를 보는것보다 게임에서 새 삶을 사는 생각으로 하면 재밌다. 나쁜 거 같지만 모험쪽으로 신경을 엄청 써서 그것만으로 충분한 작품. 그래도 폴아웃의 정체성이 사라져버려서 아쉽다.,베데스다 의 성격 이 엄청 들어간 작품 . 메인 스토리 보단 모험 을 거의 중시 한 느낌 . 스토리 를 보는것보다 게임 에서 새 삶 을 사는 생각 으로 하면 재밌다 . 나쁜 거 같지만 모험 쪽 으로 신경 을 엄청 써서 그것 만으로 충분한 작품 . 그래도 폴아웃 의 정체 성 이 사라져 버려서 아쉽다 .,2015-11-12 15:13:06
377160,Fallout 4,positive,나쁘진 않지만 정착민과 더 깊은 대화를 하고 싶어요. 아니면 맥시스(EA 시러!!!)가 폴아웃 심즈판을 만들어준다던지,나쁘진 않지만 정착민 과 더 깊은 대화 를 하고 싶어요 . 아니면 맥시스 ( EA 시러 !!!) 가 폴아웃 심즈 판 을 만 들어준다던지,2015-11-12 14:09:25
377160,Fallout 4,positive,"2.5시간밖에 플레이하지않았음에도 불구하고 버그가 간간히 보입니다. 그렇게 치명적인 버그들은 아니라서 상관없지만 스카이림때 있었던 버그들이 그대로 보인다는 점이 문제입니다 폴아웃4 개발할때 스카이림 엔진을 완전히 갖다 쓴거죠.. 바깥에선 프레임드랍이없으나 이상하게 건물내에서 프레임드랍이존재합니다 타격감은 전작에 비해 최고고 전작의 깡통 파워아머와달리 파워아머를 제대로 구현해낸건 정말 좋으나 뻔한 엔딩과 이상한 프레임드랍, 스카이림 엔진을 거의 그대로 꼬라박은점 등 차라리 뉴베가스가 나은거같기도합니다 개선되길바라며 추천합니다","2.5시간 밖에 플레이 하지 않았음에도 불구 하고 버그 가 간간히 보입니다 . 그렇게 치명 적 인 버그 들 은 아니라서 상관없지만 스카이림 때 있었던 버그 들 이 그대로 보인다는 점 이 문제 입니다 폴아웃 4 개발 할 때 스카이림 엔진 을 완전히 갖다 쓴거죠 .. 바깥 에선 프레임 드랍 이 없으나 이상하게 건물 내 에서 프레임 드랍 이 존재 합니다 타 격감 은 전작 에 비해 최고 고 전작 의 깡통 파워 아 머 와 달리 파워 아 머 를 제대로 구현 해낸건 정말 좋으나 뻔한 엔딩 과 이상한 프레임 드랍 , 스카이림 엔진 을 거의 그대로 꼬 라박 은 점 등 차라리 뉴 베가스 가 나은거 같기 도합 니 다 개선 되길 바라며 추천 합니다",2015-11-12 14:03:16
377160,Fallout 4,positive,아직까진...잘 돌아 갑니다...얼마 하지 않아서 그런가... 재미도 있구요. 그런데.... 오래 화면을 보니.... 멀미가 오네요 ㅋ,아직 까진 ... 잘 돌아 갑니다 ... 얼마 하지 않아서 그 런가 ... 재미 도 있구요 . 그런데 .... 오래 화면 을 보니 .... 멀미 가 오네요 ㅋ,2015-11-12 14:02:03
377160,Fallout 4,positive,다들 뭘 해야 할줄 아시잖아요? 총알과 총 약품 들고 모험나갈 준비 하세요,다 들 뭘 해야 할줄 아시잖아요 ? 총알 과 총 약품 들고 모험 나갈 준비 하세요,2015-11-12 13:05:54
377160,Fallout 4,positive,구울을 주깁시다 구울은 나으 원수,구울 을 주 깁시다 구울 은 나으 원수,2015-11-12 12:31:30
377160,Fallout 4,positive,전작을 해 보았다면 이번작도 재밌게 하실 수 있씁니다.,전작 을 해 보았다면 이번 작도 재밌게 하실 수 있 씁니다 .,2015-11-12 10:29:27
377160,Fallout 4,positive,여러 말 않겠습니다. 핍보이 앱 써 보고 바지적삼 다 적셨습니다.,여러 말 않겠습니다 . 핍 보이 앱 써 보고 바지 적삼 다 적셨습니다 .,2015-11-12 08:51:18
377160,Fallout 4,positive,하우징 만들 시간에 퀘스트랑 스토리텔링에 좀 더 신경 썼으면,하우 징 만들 시간 에 퀘스트 랑 스토리텔링 에 좀 더 신경 썼으면,2015-11-12 03:46:39
377160,Fallout 4,positive,고티는 물건너 갔지만 여전히 재밌는 베데스다식 오픈월드 게임 하지만 다른게임들의 발전을 여전히 못따라가고 있다 아니 안따라가는 건가 이번기회에 차기작은 더 개선됐으면 바란다,고 티 는 물건 너 갔지만 여전히 재밌는 베데스다 식 오픈월드 게임 하지만 다른 게임 들 의 발전 을 여전히 못 따라가고 있다 아니 안 따라가는 건가 이번 기회 에 차기작 은 더 개선 됐으면 바란다,2015-11-12 01:30:51
377160,Fallout 4,positive,아포칼립스..놀라운 세계관!,아포칼립스 .. 놀라운 세계관 !,2015-11-11 22:55:47
377160,Fallout 4,positive,THE FALLOUT HAS RETURNED,THE FALLOUT HAS RETURNED,2015-11-11 22:45:07
377160,Fallout 4,positive,"*주관적 평가입니다.(아직 플레이중인지라 몇몇 사항들은 추후 갱신될 수 있습니다 <그래픽> 위쳐3과 같은 그래픽은 솔직히 아니지만, 전체적으로 깔끔한 면이 괜찮다고 느껴집니다. 개인적으로는 스카이림보다 훨 나아졌다는 느낌입니다. 물론 전반적으로 색감이 화사해져서 그렇게 느껴지는 듯도 싶습니다. 최적화에 대해서는 최저사양의 컴퓨터로 돌려보지를 않았는지라 뭐라 평하기 어렵네요. <모션> 무얼 기대하시나요?? 베데스다는 영원한 베데스다입니다(ㅋㅋㅋㅋㅋ) 그래도 확실히 이전작들보다는 발전한 면이 분명 있어 보입니다. 특히 같이 다니","* 주관 적 평가 입니다 .( 아직 플레이 중 인지 라 몇몇 사항 들 은 추후 갱신 될 수 있습니다 < 그래픽 > 위 쳐 3 과 같은 그래픽 은 솔직히 아니지만 , 전체 적 으로 깔끔한 면 이 괜찮다고 느껴집니다 . 개인 적 으로는 스카이림 보다 훨 나아졌다는 느낌 입니다 . 물론 전반 적 으로 색감 이 화사해져서 그렇게 느껴지는 듯 도 싶습니다 . 최적화 에 대해 서는 최저 사양 의 컴퓨터 로 돌려 보지 를 않았는지라 뭐라 평 하기 어렵네요 . < 모션 > 무얼 기대하시나요 ?? 베데스다 는 영원한 베데스다 입니다 ( ㅋㅋㅋㅋㅋ ) 그래도 확실히 이 전작 들 보다는 발전 한 면 이 분명 있어 보입니다 . 특히 같이 다니",2015-11-11 22:10:47
377160,Fallout 4,positive,Shut up and buy this game,Shut up and buy this game,2015-11-11 22:03:14
377160,Fallout 4,positive,환상적입니다. 구매하셔도 후회안하실겁니다. 고티1위까지는 몰라도 대작인건 맞네요!,환상 적 입니다 . 구매 하셔도 후회 안하실 겁니다 . 고 티 1 위 까지는 몰라도 대작 인 건 맞네요 !,2015-11-11 21:27:03
377160,Fallout 4,positive,굿,굿,2015-11-11 21:26:39
377160,Fallout 4,positive,우리는 이 게임을 기다렸다! .....물론 모드도 말이야. 존나게 받아서 하고 싶기에... 무기 개조는 물론 되긴 하지만 뉴 베가스 시절이 더 맘에 드는 듯.,우리 는 이 게임 을 기다렸다 ! ..... 물론 모드 도 말 이야 . 존나 게 받아서 하고 싶기에 ... 무기 개조 는 물론 되긴 하지만 뉴 베가스 시절 이 더 맘 에 드는 듯 .,2015-11-11 21:02:05
377160,Fallout 4,positive,굉장히 재밌음,굉장히 재밌음,2015-11-11 20:49:05
377160,Fallout 4,positive,GOTY,GOTY,2015-11-11 20:33:29
377160,Fallout 4,positive,하악,하악,2015-11-11 20:27:22
377160,Fallout 4,positive,"사양에 대해서만 적어보자면 2.4ghz Cpu, 2gb 램, Gt730 vram 1gb 1440x900 하옵돌리면 cpu, 그래픽은 괜찮으나 램 용량이 많이 부족합니다. 프레임은 정지 상태에서 30 초반대로 고정적으로 나오는데, 움직이자 마자 95%인 램 사용량이 치솟으면서 화면이 멈춥니다. (1280x800에서도 프레임은 비슷한 수준이니 역시 램빨...) 최소 4gb는 있어야 원활히 돌릴 수 있겠습니다. 바닐라로도 로딩이 상당히 긴데, 모드출타 4를 하실 분들은 SSD가 필수라고 봅니다..","사양 에 대해 서 만 적어 보자면 2.4 ghz Cpu , 2 gb 램 , Gt 730 vram 1 gb 1440 x 900 하옵 돌리면 cpu , 그래픽 은 괜찮으나 램 용량 이 많이 부족합니다 . 프레임 은 정지 상태 에서 30 초반 대로 고정 적 으로 나오는데 , 움직이자 마자 95% 인 램 사 용량 이 치솟으면서 화면 이 멈춥니다 . ( 1280 x 800 에서도 프레임 은 비슷한 수준 이니 역시 램빨 ...) 최소 4 gb 는 있어야 원활히 돌릴 수 있겠습니다 . 바닐라 로 도 로딩 이 상당히 긴데 , 모드 출타 4 를 하실 분 들 은 SSD 가 필수 라고 봅니다 ..",2015-11-11 20:15:17
377160,Fallout 4,positive,낙진출타4 2015년 신작 매우 신선함!! 힘차고 강한 경기 놀이와 매우 글쎄 써진 이야기!! GOTY 2015 상장 보다 많게 100개 하게되어 예상함! 적절함!,낙진 출타 4 2015년 신작 매우 신선함 !! 힘차고 강한 경기 놀이 와 매우 글쎄 써진 이야기 !! GOTY 2015 상장 보다 많게 100 개 하게 되어 예상 함 ! 적절함 !,2015-11-11 18:42:38
377160,Fallout 4,positive,76하고 사펑 나오고 보니까 선녀같다 이만하면 잘 뽑았다,76 하고 사펑 나오고 보 니까 선녀 같다 이만 하면 잘 뽑았다,2015-11-11 16:30:09
377160,Fallout 4,positive,갓-겜,갓 - 겜,2015-11-11 16:18:25
377160,Fallout 4,positive,"폴아웃4 그냥 하세요. 계속하세요. 아주 그냥 끝내줍니다. 리뷰 유출당시 게임 플레이 페이스가 길고 대화도 흥미가 안일어나고 처음 5~10시간동안 몰랫에게서 살아남으려고 사투를 벌였다는데... 역시 예상대로 이 사람은 게임 할줄도 모르는 뉴비인거 같습니다. 몰랫 난이도 높여봐도 마빡만때리면 2~3방이면 뻗습니다. 그리고 막상 해보니 진행속도(페이스)도 저 리뷰처럼 막 느리다는 느낌은 안듭니다. 그냥 저사람은 조작이 미숙해서 제대로 못다니는거 같습니다. 아직 초반부라 중,후반때는 어떻게 될지 모르겠지만 첫 플레이 소감으로는 만족입","폴아웃 4 그냥 하세요 . 계속 하세요 . 아주 그냥 끝내줍니다 . 리뷰 유출 당시 게임 플레이 페이스 가 길고 대화 도 흥미 가 안 일어나고 처음 5~10시간 동안 몰랫 에게서 살아남으려고 사투 를 벌였다는데 ... 역시 예상 대로 이 사람 은 게임 할줄도 모르는 뉴비 인거 같습니다 . 몰랫 난이도 높여 봐도 마빡 만 때리면 2~3 방이 면 뻗습니다 . 그리고 막상 해보니 진행 속도 ( 페이스 ) 도 저 리뷰 처럼 막 느리다는 느낌 은 안듭니 다 . 그냥 저 사람 은 조작 이 미숙 해서 제대로 못 다니는거 같습니다 . 아직 초반 부라 중 , 후반 때 는 어떻게 될지 모르겠지만 첫 플레이 소감 으로는 만족 입",2015-11-11 14:16:16
377160,Fallout 4,positive,갓겜.,갓 겜 .,2015-11-11 13:52:08
377160,Fallout 4,positive,bethesda..... besthesda never change...,bethesda ..... besthesda never change ...,2015-11-11 13:22:05
377160,Fallout 4,positive,발전없는 모션과 그래픽 그리고 최적화 그래도 기존작과 크게 달라지지 않은점이 오히려 게임을 망치지 않은 느낌 게임은 여전히 잘나왔고 전투는 여전히 재밌다. 아직 나오지 않았지만 지금도 열심히 번역하고 계신 갓왈도.. 팀왈도에게 감사드립니다. 아래 moodbug님 리뷰 잘봤습니다. :),발전 없는 모션 과 그래픽 그리고 최적화 그래도 기존 작 과 크게 달라지지 않은 점 이 오히려 게임 을 망치 지 않은 느낌 게임 은 여전히 잘나왔고 전투 는 여전히 재밌다 . 아직 나오지 않았지만 지금 도 열심히 번역 하고 계신 갓 왈도 .. 팀 왈도 에게 감사 드립니다 . 아래 moodbug 님 리뷰 잘 봤습니다 . :),2015-11-11 12:55:05
377160,Fallout 4,positive,장점 -베데스다 단점 -베데스다 p.s팀왈도 화이팅!,장점 - 베데스다 단점 - 베데스다 p . s 팀 왈도 화이팅 !,2015-11-11 11:08:58
377160,Fallout 4,positive,스토리 몰라도 미친듯이 재미 있습니다. 그냥 사세요 !,스토리 몰라도 미친듯이 재미 있습니다 . 그냥 사세요 !,2015-11-11 10:58:02
377160,Fallout 4,positive,와. 재밌다. 정말 대단해. 농담같냐. 진심이다.,와 . 재밌다 . 정말 대단해 . 농담 같냐 . 진심 이다 .,2015-11-11 10:15:07
377160,Fallout 4,positive,ㅈ,ㅈ,2015-11-11 09:21:37
377160,Fallout 4,positive,Bethesda studio make another GOTY.,Bethesda studio make another GOTY .,2015-11-11 09:05:38
377160,Fallout 4,positive,개인적으로 만족스러움 맵도 꽤 넓고 '전작에 비하면' 그래픽도 좋아졌고 탐험하는 맛도 있음. 그래도 대화 시스템이나 메인 퀘스트는 별로 맘에 안 듦... 오히려 퇴보한 느낌,개인 적 으로 만족스러 움 맵 도 꽤 넓고 ' 전작 에 비 하면 ' 그래픽 도 좋아졌고 탐험 하는 맛 도 있음 . 그래도 대화 시스템 이나 메인 퀘스트 는 별로 맘 에 안 듦 ... 오히려 퇴보한 느낌,2015-11-11 08:42:33
377160,Fallout 4,positive,일단은 완전 꿀잼... 시간 가는 줄 모르고 이전 폴아웃 처럼 빈집들 뒤지고 댕김. 아직 초반 플레이라 완전 비교는 불가하지만.. 대사량이 전보다 줄어든거 같아서 플레이하기 편함 ㅎㅎ 영어 어휘력이 딸리고 귓구녕으론 잘 안 못 알아먹는게 많아서 영자막 꼭 읽어야하는데 자막이 제대로 안나오는 경우가 종종있음...,일단 은 완전 꿀잼 ... 시간 가는 줄 모르고 이전 폴아웃 처럼 빈집 들 뒤지고 댕김 . 아직 초반 플레이 라 완전 비교 는 불가하지만 .. 대 사량 이 전보 다 줄어든거 같아서 플레이 하기 편함 ㅎㅎ 영어 어휘 력 이 딸리고 귓구녕 으론 잘 안 못 알 아 먹는게 많아서 영 자막 꼭 읽어야하는데 자막 이 제대로 안 나오는 경우 가 종종 있음 ...,2015-11-11 06:22:43
377160,Fallout 4,positive,The game is made for pc and pc only for many reasons Reason 1: Annoying character voice This should be removed and replaced by text with no speech from your character a mod will fix this Reason 2: Base buiding is rather linear Mods will adds loads to this and make the game very creative Reas,The game is made for pc and pc only for many reasons Reason 1 : Annoying character voice This should be removed and replaced by text with no speech from your character a mod will fix this Reason 2 : Base buiding is rather linear Mods will adds loads to this and make the game very creative Reas,2015-11-11 06:09:19
377160,Fallout 4,positive,이 게임을 하고나서 의사도 포기했던 불치병이 완치되었습니다 게임하는내내 울기만함,이 게임 을 하고나서 의사 도 포기 했던 불치 병 이 완치 되었습니다 게임 하는내내 울 기만 함,2015-11-11 05:06:45
377160,Fallout 4,positive,토드 하워드 1승,토드 하워드 1 승,2015-11-11 02:55:49
377160,Fallout 4,positive,"가을....출타...4...,,필요..,,.,호글,,,핫산,,일해라,,!","가을 .... 출타 ... 4 ...,, 필요 ..,,., 호글 ,,, 핫산 ,, 일해 라 ,,!",2015-11-11 02:44:21
377160,Fallout 4,positive,장점:폴아웃 3 보다 좋다. 단점:뉴 베가스 보다 별로다 결론:폴아웃 76 보단 양반.,장점 : 폴아웃 3 보다 좋다 . 단점 : 뉴 베가스 보다 별로 다 결론 : 폴아웃 76 보단 양반 .,2015-11-11 02:28:52
377160,Fallout 4,positive,1. 새로운 슈퍼뮤턴트 적이 나오는데 수어사이더라고 빨간 삑삑 거리는 놈이 있습니다. 근접으로 잡으면 좋은 아이템과 도전과제를 주니 꼭 근접으로 잡으세요. 2. 데스클로나 베히모스는 연출만 화려해졌지 굉장히 약하니 그냥 싸우셔도 무방합니다 3. BOS가 타고다니는 버티버드는 굉장히 강해서 레이더 기지도 단독으로 쓸어버립니다,1 . 새로운 슈퍼 뮤턴트 적 이 나오는데 수어 사이더 라고 빨간 삑삑 거리 는 놈 이 있습니다 . 근접 으로 잡으면 좋은 아이템 과 도전 과제 를 주니 꼭 근접 으로 잡으세요 . 2 . 데스 클 로나 베히모스 는 연출 만 화려해졌지 굉장히 약하니 그냥 싸우셔도 무방 합니다 3 . BOS 가 타고 다니는 버티 버드 는 굉장히 강해서 레이더 기지 도 단독 으로 쓸어 버립니다,2015-11-11 02:06:17
377160,Fallout 4,positive,"개인적 평으로 오픈월드 게임이나 포스트 아포칼립스 좋아하시는 분들은 맘에 드실거라 장담합니다. 시리즈마다 새로운 스토리로 이야기를 진행하는 관계로, 공부 할 필요없이 이번작부터 즐기셔도 무방합니다. 다만 베데스다는 여러모로 바뀌어야 할 필요가 있어보입니다. 전작에 비해서 여러가지로 개선된점이나 추가된점이 많은데도 불구하고 별로 새로워보이지 않네요.","개인 적 평 으로 오픈월드 게임 이나 포스트 아포칼립스 좋아하시는 분 들 은 맘 에 드실거라 장담 합니다 . 시리즈 마다 새로운 스토리 로 이야기 를 진행 하는 관계 로 , 공부 할 필요없이 이 번작 부터 즐기셔도 무방 합니다 . 다만 베데스다 는 여러 모로 바뀌어야 할 필요 가 있어 보입니다 . 전작 에 비 해서 여러가지 로 개선 된 점 이나 추가 된 점 이 많은데도 불구 하고 별로 새로워 보이지 않네요 .",2015-11-11 02:00:47
377160,Fallout 4,positive,폴아웃 시리즈를 좋아한다면 그냥 재미있게 할 수 있고 최근에 나온 게임을 접하면서 이번에 처음 접하는 입문자라면 이리저리 아쉬운 부분이 보이는 게임이 될 수도 있다. 전작에 비해 상향된 ai 모션 편의성 탐험등 폴아웃 시리즈를 좋아한다면 꼭 추천한다,폴아웃 시리즈 를 좋아한다면 그냥 재미있게 할 수 있고 최근 에 나온 게임 을 접 하면서 이번 에 처음 접 하는 입문 자라면 이리저리 아쉬운 부분 이 보이는 게임 이 될 수도 있다 . 전작 에 비해 상향 된 ai 모션 편의 성 탐험 등 폴아웃 시리즈 를 좋아한다면 꼭 추천 한다,2015-11-11 01:46:01
377160,Fallout 4,positive,[h1][i]전쟁은 결코 변하지 않듯 베데스다도 변하지 않았다.[/i][/h1] [h1]장점[/h1] +던전 완성도 +좋아진 타격감 +무기 커스터마이징 +뛰어난 성우 연기력 +자연스러운 스탠딩 모션 +하우징 및 심시티 시스템 [h1]단점[/h1] -한정적인 대화 선택지 -굴곡이 없는 스토리 전개 -잊을만하면 튀어나오는 버그들 [h1]주의점[/h1] -뻥사양입니다. 최저사양보다 한참 낮은 스펙의 컴퓨터에서도 돌아갑니다. -장시간 이용시 메모리 누수가 있습니다. (재실행으로 해결) -CTD 증상이 가끔 터지니 CTD방지용,[ h 1 ][ i ] 전쟁 은 결코 변하지 않듯 베데스다 도 변하지 않았다 .[/ i ][/ h 1 ] [ h 1 ] 장점 [/ h 1 ] + 던전 완성 도 + 좋아진 타 격감 + 무기 커스터 마이 징 + 뛰어난 성우 연기력 + 자연스러운 스탠딩 모션 + 하우 징 및 심시티 시스템 [ h 1 ] 단점 [/ h 1 ] - 한정 적 인 대화 선택 지 - 굴곡 이 없는 스토리 전개 - 잊을 만하 면 튀어나오는 버그 들 [ h 1 ] 주의 점 [/ h 1 ] - 뻥 사양 입니다 . 최저 사양 보다 한참 낮은 스펙 의 컴퓨터 에서도 돌아갑니다 . - 장시간 이용 시 메모리 누수 가 있습니다 . ( 재 실행 으로 해결 ) - CTD 증상 이 가끔 터지니 CTD 방지 용,2015-11-11 01:42:05
377160,Fallout 4,positive,팀왈도 화이팅!!,팀 왈도 화이팅 !!,2015-11-11 01:36:35
377160,Fallout 4,positive,답은 폴아웃4다,답 은 폴아웃 4 다,2015-11-11 01:07:30
377160,Fallout 4,positive,갓- 겜 폴아웃 4! 뭐하세요? 안사시고?,갓 - 겜 폴아웃 4 ! 뭐 하세요 ? 안 사시고 ?,2015-11-11 00:49:44
377160,Fallout 4,positive,나쁘진 않음,나쁘진 않음,2015-11-11 00:20:32
377160,Fallout 4,positive,아.. 이게임 타임머신입니다 여러분 여러분을 미래로 보내드립니다. 한번켜면 끌수가 없네요,아 .. 이 게임 타임머신 입니다 여러분 여러분 을 미래 로 보내 드립니다 . 한번 켜면 끌수가 없네요,2015-11-11 00:20:28
377160,Fallout 4,positive,토드 하워드 1승 추가,토드 하워드 1 승 추가,2015-11-11 00:06:23
377160,Fallout 4,positive,"평가의 기준은 주관적 입니다.. 분위기 배경 매우 좋습니다. 다만 안한글이라 영어 못하는 분들은 고통받습니다. 무기 개조 , 샌드박스 , 최적화 , 무기 모델링 , ost 다 좋습니다. 문제는 모션이.. i5 4570 + GTX660 + RAM 8G 로 중옵 1080p 로 프레임 40~60 나옵니다~.[특정한곳에는 20~60]","평가 의 기준 은 주관 적 입니다 .. 분위기 배경 매우 좋습니다 . 다만 안 한글 이라 영어 못 하는 분 들 은 고통 받습니다 . 무기 개조 , 샌드박스 , 최적화 , 무기 모델링 , ost 다 좋습니다 . 문제 는 모션 이 .. i 5 4570 + GTX 660 + RAM 8 G 로 중옵 1080 p 로 프레임 40~60 나옵니다 ~.[ 특정한 곳 에는 20~60 ]",2015-11-11 00:05:46
377160,Fallout 4,positive,"전쟁, 전쟁은 결코 변하지 않는다.","전쟁 , 전쟁 은 결코 변하지 않는다 .",2015-11-11 00:04:30
377160,Fallout 4,positive,더 이상 미룰 수 없다 너의 수능 나의 폴아웃4,더 이상 미룰 수 없다 너 의 수능 나 의 폴아웃 4,2015-11-11 00:00:19
377160,Fallout 4,positive,게임해야지~ 하고 샀는데 필수모드 깔으라고 해서 5시간동안 깔았습니다.,게임 해야지 ~ 하고 샀는데 필수 모드 깔으라고 해서 5시간 동안 깔았습니다 .,2021-01-21 20:42:10
377160,Fallout 4,positive,파밍 좋아하면 해라 근데 겜이 허술해서 손 볼것도 많다,파밍 좋아하면 해 라 근데 겜 이 허 술 해서 손 볼것도 많다,2021-01-22 15:39:31
377160,Fallout 4,positive,사펑 2077과 폴76을 보고 나니까 이 게임은 전작들 때문에 게이머들의 너무 커진 기대감에 못 미쳤을 뿐 갓겜의 반열에 충분히 드는 게임이라고 생각한다 근데 누카월드 레이드안가도 진행되게는 해줘야 했을거 아니야 씨발,사펑 2077 과 폴 76 을 보고 나 니까 이 게임 은 전작 들 때문 에 게이머 들 의 너무 커진 기 대감 에 못 미쳤을 뿐 갓 겜 의 반 열 에 충분히 드는 게임 이라고 생각 한다 근데 누카 월드 레이드 안 가도 진행 되게는 해줘야 했을거 아니야 씨발,2021-01-22 14:29:32
377160,Fallout 4,positive,이거지...,이거지 ...,2021-01-23 18:49:13
