app_id,app_name,sentiment,review_original,review_tokenized,timestamp
883710,Resident Evil 2,positive,아 타이런트 꺼지라고 ㅋㅋㅋ,아 타 이런 트 꺼지라고 ㅋㅋㅋ,2021-01-17 23:28:26
883710,Resident Evil 2,positive,"장점 1. (내 기준)재밌다 2. (내 기준)무섭다 3. 탄약이나 각종 아이템 수급이 원활한 편 4. 너무나도 뛰어난 분량, 다회차 플레이 가능 5. (내 기준)그래픽이 훌륭 단점 1. 갑툭튀 2. 나 좋다고 따라오는애 존재 (귀찮음;;) 3. 보통난이도에서 좀비들이 엄~청 잘 버팀. 일반 권총으로 쏘면 두세번 계속 쓰러져도 일어남;; 샷건이나 특정무기로는 뚝배기 한방 컷. 4. 다회차 플레이시 암호나 각종 비밀장소 매번 까먹음(잘 적어두거나 공략 보면서 하면 OK) 5. 인벤토리가 쪼꼼 부족함 (물론 추가 가능한데 찾아댕기기","장점 1 . ( 내 기준 ) 재밌다 2 . ( 내 기준 ) 무섭다 3 . 탄약 이나 각종 아이템 수급 이 원활한 편 4 . 너무나도 뛰어난 분량 , 다 회차 플레이 가능 5 . ( 내 기준 ) 그래픽 이 훌륭 단점 1 . 갑툭튀 2 . 나 좋다고 따라오는 애 존재 ( 귀찮음 ;;) 3 . 보통 난이도 에서 좀비 들 이 엄 ~ 청 잘 버팀 . 일반 권총 으로 쏘면 두 세번 계속 쓰러져도 일어남 ;; 샷건 이나 특정 무기 로는 뚝배기 한 방 컷 . 4 . 다 회차 플레이 시 암호 나 각종 비밀 장소 매번 까먹음 ( 잘 적어 두 거나 공략 보면서 하면 OK ) 5 . 인벤 토리 가 쪼꼼 부족함 ( 물론 추가 가능한데 찾아 댕 기기",2021-01-17 17:27:05
883710,Resident Evil 2,positive,^^ㅣ 발 왤케 어렵고 무섭냐,^^ ㅣ 발 왤케 어렵고 무섭냐,2021-01-16 22:32:31
883710,Resident Evil 2,positive,초..총알.. 내 총알 돌려줘...세이브파일을 불러와도 총알이 없잖아...,초 .. 총알 .. 내 총알 돌려줘 ... 세이브 파일 을 불러와도 총알 이 없잖아 ...,2021-01-16 20:46:48
883710,Resident Evil 2,positive,"쏴도쏴도 죽지 않는 좀비, 소스라치게 소름끼치는 리커, 예상치 못한 곳에서 튀어나오는 깜놀... 죽으면 개짜증나지만 그래도 계속하게되는 몰입도.","쏴도 쏴도 죽지 않는 좀비 , 소스 라 치 게 소름끼치는 리 커 , 예 상치 못 한 곳 에서 튀어나오는 깜놀 ... 죽으면 개 짜증나지만 그래도 계속 하게 되는 몰입도 .",2021-01-16 18:53:46
883710,Resident Evil 2,positive,처음에는 무섭고 힘들고 심지어 길도모르고 화도 나는데 알고나니까 재밌는 부분이 많음 아이템 찾는 재미 등등 메모해석 하는 재미도 있고 심지어 도망치는 재미도 숨는 재미까지 더하니까 더욱 재밌습니다. 이렇다보니 살짝 아쉬움 점도 있는데 이겜은 스토리 진행형 게임이다보니 자유도 많이 낮으편 인데 만약 이게 GTA보다는 아니더라도 자유도 살짝 있는 거라면 더욱 재미가 있지 않을까 하는 마음도 살짝 있습니다. 물론 게임이 재미가 없다는게 아니고 그냥 개인적 생각입니다. 그래도 게임은 진짜 재밌습니다. 크래픽부터가 진짜 좋음 무엇보다 스토리,처음 에는 무섭고 힘들고 심지어 길도 모르고 화도 나는데 알고나니까 재밌는 부분 이 많음 아이템 찾는 재미 등등 메모 해석 하는 재미 도 있고 심지어 도망치는 재미 도 숨는 재미 까지 더하니까 더욱 재밌습니다 . 이렇다 보니 살짝 아쉬움 점도 있는데 이 겜 은 스토리 진행형 게임 이다 보니 자유도 많이 낮으 편 인데 만약 이 게 GTA 보다는 아니더라도 자유도 살짝 있는 거 라면 더욱 재미 가 있지 않을까 하는 마음 도 살짝 있습니다 . 물론 게임 이 재미 가 없다는게 아니고 그냥 개인 적 생각 입니다 . 그래도 게임 은 진짜 재밌습니다 . 크래픽 부터가 진짜 좋음 무엇 보다 스토리,2021-01-16 18:14:29
883710,Resident Evil 2,positive,말해서 뭐해 잼있다,말 해서 뭐 해 잼있다,2021-01-16 14:22:16
883710,Resident Evil 2,positive,바이오하자드2 오리지날을 해보진 못했으나 리마스터가 나와 기존 오리지날 보다 좋은 그래픽으로 재밌게 했습니다.아직 신입 경찰이었던 시절의 레온과 크리스의 여동생인 클레어 2개의 에피소드가 있습니다. 레온과 클레어는 스토리 설정상 각자 따로 행동 하지만 생화학테러로 마비가 된 도시를 탈출하는 스토리 입니다. 레온과 에이다가 처음 만나는 곳이고 바이오하자드6의 쉐리 버킨의 과거도 나오니 바이오하자드 팬분들은 꼭 한번 해보시길 추천합니다. 젊었을때라 그런지 클레어 많이 예쁘고 에이다 누나는 언제나 존예여신이네요^^,바이오하자드 2 오리 지날을 해보진 못 했으나 리 마스터 가 나와 기존 오리 지날 보다 좋은 그래픽 으로 재밌게 했습니다 . 아직 신입 경찰 이었던 시절 의 레온 과 크리스 의 여동생 인 클레어 2 개 의 에피소드 가 있습니다 . 레온 과 클레어 는 스토리 설정 상 각자 따로 행동 하지만 생화학테러 로 마비 가 된 도시 를 탈출 하는 스토리 입니다 . 레온 과 에이 다가 처음 만나는 곳 이고 바이오하자드 6 의 쉐리 버킨 의 과거 도 나오니 바이오하자드 팬 분들 은 꼭 한번 해보시길 추천 합니다 . 젊었을 때 라 그런지 클레어 많이 예쁘고 에이 다 누나 는 언제나 존예 여신 이네 요 ^^,2021-01-14 16:36:16
883710,Resident Evil 2,positive,진짜 줠라 무섭네,진짜 줠 라 무섭네,2021-01-13 15:46:26
883710,Resident Evil 2,positive,good,good,2021-01-13 08:42:13
883710,Resident Evil 2,positive,깜짝깜짝 놀랍니다 ㅈ같습니다 근데 총이있잖아요,깜짝깜짝 놀랍니다 ㅈ 같습니다 근데 총 이 있잖아요,2021-01-13 01:27:02
883710,Resident Evil 2,positive,ㅋㅋㅋㅋㅋㅋㅋㅋㅋㅋㅋㅋㅋㅋㅋㅋㅋㅋㅋㅋㅋㅋㅋㅋㅋㅋㅋㅋㅋㅋㅋㅋㅋㅋㅋㅋㅋㅋㅋㅋㅋㅋㅋㅋㅋㅋㅋㅋㅋㅋㅋㅋㅋㅋㅋㅋㅋㅋㅋㅋㅋㅋㅋㅋㅋㅋㅋㅋㅋㅋㅋㅋㅋㅋㅋㅋㅋㅋㅋㅋㅋㅋㅋㅋㅋㅋㅋㅋㅋㅋㅋㅋㅋㅋㅋㅋㅋㅋㅋㅋㅋㅋㅋㅋㅋㅋㅋㅋㅋㅋㅋㅋㅋㅋㅋㅋㅋㅋㅋㅋㅋㅋㅋㅋㅋㅋㅋㅋㅋㅋㅋㅋㅋㅋㅋㅋㅋㅋㅋㅋㅋㅋㅋㅋㅋㅋㅋㅋㅋㅋㅋㅋㅋ재밋음,ㅋㅋㅋㅋㅋㅋㅋㅋㅋㅋㅋㅋㅋㅋㅋㅋㅋㅋㅋㅋㅋㅋㅋㅋㅋㅋㅋㅋㅋㅋㅋㅋㅋㅋㅋㅋㅋㅋㅋㅋㅋㅋㅋㅋㅋㅋㅋㅋㅋㅋㅋㅋㅋㅋㅋㅋㅋㅋㅋㅋㅋㅋㅋㅋㅋㅋㅋㅋㅋㅋㅋㅋㅋㅋㅋㅋㅋㅋㅋㅋㅋㅋㅋㅋㅋㅋㅋㅋㅋㅋㅋㅋㅋㅋㅋㅋㅋㅋㅋㅋㅋㅋㅋㅋㅋㅋㅋㅋㅋㅋㅋㅋㅋㅋㅋㅋㅋㅋㅋㅋㅋㅋㅋㅋㅋㅋㅋㅋㅋㅋㅋㅋㅋㅋㅋㅋㅋㅋㅋㅋㅋㅋㅋㅋㅋㅋㅋㅋㅋㅋㅋㅋㅋ 재밋음,2021-01-11 22:08:11
883710,Resident Evil 2,positive,"좀비게임이지만 총알 부족 등으로 피하게 되는 게임 그리고 중간에 나오는 타이런트를 피해서 열심히 도망쳐야한다. 게임에 나오는 클레어 레드필드라는 캐릭터와 에이다 윙이 예쁘다. 게임 중간마다 풀어야하는 퍼즐은 게임의 재미를 더해준다. Although it is a zombie game, it is a game that is avoided due to lack of bullets, etc. And you have to run hard to avoid the Tyrant in the middle. The character Clai","좀비 게임 이지만 총알 부족 등 으로 피하 게 되는 게임 그리고 중간 에 나오는 타 이런 트 를 피해 서 열심히 도망쳐 야한다 . 게임 에 나오는 클레어 레드 필드 라는 캐릭터 와 에이 다 윙 이 예쁘다 . 게임 중간 마다 풀어 야하는 퍼즐 은 게임 의 재미 를 더해준다 . Although it is a zombie game , it is a game that is avoided due to lack of bullets , etc . And you have to run hard to avoid the Tyrant in the middle . The character Clai",2021-01-09 22:05:13
883710,Resident Evil 2,positive,누가 알았겠어 이렇게 재미있을줄 근데 엔딩까지 봤는데 10시간밖에 안되네? 짧은 분량같진 않았습니다만 되게 재미있게했습니다.,누가 알았겠어 이렇게 재미있을줄 근데 엔딩 까지 봤는데 10시간 밖에 안되네 ? 짧은 분량 같진 않았습니다만 되게 재미있게 했습니다 .,2021-01-09 21:18:12
883710,Resident Evil 2,positive,컷신만 나오면 다죽어가던 사람이 갑자기 멀쩡해지고 없던 총알도 생기는 갓겜. 이런 경찰서면 탈옥하다가도 짜증이 나서 유치장에 제 발로 다시 들어갈지도 모릅니다.,컷신 만 나오면 다 죽어가던 사람 이 갑자기 멀쩡해지고 없던 총알 도 생기는 갓 겜 . 이런 경찰서 면 탈옥 하다가도 짜증 이 나서 유치장 에 제 발 로 다시 들어갈지도 모릅니다 .,2021-01-08 19:20:48
883710,Resident Evil 2,positive,어디로 가야해,어디 로 가야해,2021-01-07 22:05:37
883710,Resident Evil 2,positive,"아다 웡 방댕이 때문에 집중이 안된다 이거야~ 분명 바이러스로 초토화 된 곳에서 임무 수행한단 사람이 총알 9발, 좃만한 해킹장치 하나와 보호장구 하나 없이 개쎆쓰한 원피스만 입고 투입한게 레전드인 년이라고 생각했지만, 그것은 미인계를 위한 수법이였단걸 깨닫고 부랄이 더 단단해진다, 만난지 최소 4시간 밖에 안됐지만 키스를 갈기고 단단하네~를 시전하면 씹강력 슈퍼캅스가 내 편으로~ ㅎㅎ 바이오하자드 7처럼 초반엔 존나 무섭지만 파밍 좀 하면 둠게이 마냥 총을 잡을 때 마다 힘이 솟구친다. 여타 리뷰에서 말하듯이 좀비슈팅액션을","아다 웡 방댕 이 때문 에 집중 이 안된다 이거야 ~ 분명 바이러스 로 초토화 된 곳 에서 임무 수행 한단 사람 이 총알 9 발 , 좃만 한 해킹 장치 하나 와 보호 장구 하나 없이 개쎆쓰 한 원피스 만 입고 투입 한 게 레전드 인 년 이라고 생각 했지만 , 그것 은 미인계 를 위 한 수법 이 였단 걸 깨닫고 부랄 이 더 단단해진다 , 만난 지 최소 4시간 밖에 안 됐지만 키스 를 갈기 고 단단하네 ~ 를 시전 하면 씹 강력 슈퍼캅스 가 내 편 으로 ~ ㅎㅎ 바이오하자드 7 처럼 초반 엔 존나 무섭지만 파밍 좀 하면 둠 게이 마냥 총 을 잡 을 때 마다 힘 이 솟구친다 . 여타 리뷰 에서 말하듯이 좀비 슈팅 액션 을",2021-01-07 03:45:13
883710,Resident Evil 2,positive,고급 레스토랑 다녀온것 같은 게임. 엔딩 크레딧 올라가는 것 보고 있으면 저녁밥이 맛있고 직원은 친절했지만 음식 양이 부족해서 메로나랑 라면 사들고 집에 오고 있는 느낌.,고급 레스토랑 다녀온것 같은 게임 . 엔딩 크레딧 올라가는 것 보고 있으면 저녁밥 이 맛있고 직원 은 친절했지만 음식 양 이 부족해서 메로나 랑 라면 사 들 고 집 에 오고 있는 느낌 .,2021-01-07 00:45:49
883710,Resident Evil 2,positive,원작은 못해보고 리메이크로 시작했는데 너무 쫄린다.,원작 은 못 해보고 리메이크 로 시작 했는데 너무 쫄 린다 .,2021-01-06 19:45:11
883710,Resident Evil 2,positive,;,;,2021-01-06 13:44:13
883710,Resident Evil 2,positive,리메이크는 진짜 이런식으로 해야한다는 표본이 될만한 작품.,리메이크 는 진짜 이런 식 으로 해야 한다는 표본 이 될만 한 작품 .,2021-01-06 07:09:37
883710,Resident Evil 2,positive,"적당한 공포스러운 분의기, 존내 쌘 타이런트, 언제 만날까하는 클레어, 개빡치는 강아지들 등등 재밌는 요소들이 많습니다. 아직 5시간밖에 안한 늅늅이지만 2,3 해서 3.~ 주고 샀는데 만족합니다","적당한 공포 스러운 분 의기 , 존내 쌘 타 이런 트 , 언제 만날까 하는 클레어 , 개 빡치는 강아지 들 등등 재밌는 요소 들 이 많습니다 . 아직 5시간 밖에 안 한 늅늅 이지만 2 , 3 해서 3 .~ 주고 샀는데 만족합니다",2021-01-06 01:40:18
883710,Resident Evil 2,positive,재밌다 긴장감있다 추천한다,재밌다 긴장감 있다 추천 한다,2021-01-05 14:19:01
883710,Resident Evil 2,positive,마치 영화같은 스토리와 몰입감이 쩝니다 역시 바하2의 명성은 굿,마치 영화 같은 스토리 와 몰입 감 이 쩝 니 다 역시 바하 2 의 명성 은 굿,2021-01-05 12:48:46
883710,Resident Evil 2,positive,설명이 필요없는 갓겜 원래 필자는 탈출 어드벤처 게임은 1회차 엔딩 보고 나면 그냥 바로 접어버리는데 이 게임은 4회차 5회차 해도 재밌었고 하드모드까지 도전한 유일한 게임임.,설명 이 필요없는 갓 겜 원래 필자 는 탈출 어드벤처 게임 은 1회 차 엔딩 보고 나면 그냥 바로 접어 버리는데 이 게임 은 4회 차 5회 차 해도 재밌었고 하드 모드 까지 도전 한 유일한 게임 임 .,2021-01-04 22:53:39
883710,Resident Evil 2,positive,고전 시리즈를 추억하는 이에게는 큰 선물이 될듯합니다,고전 시리즈 를 추억 하는 이 에게는 큰 선물 이 될듯 합니다,2021-01-03 04:44:16
883710,Resident Evil 2,positive,RE2가 명작...빨리깨고 모드질 ㄱㄱ,RE 2 가 명작 ... 빨리 깨고 모드 질 ㄱㄱ,2021-01-03 04:21:05
883710,Resident Evil 2,positive,재밌어용! 근데 무서워여 ㅎ...,재밌어용 ! 근데 무서워여 ㅎ ...,2021-01-02 20:50:47
883710,Resident Evil 2,positive,스토리 연출 분위기 다찢음 ㄹㅇ,스토리 연출 분위기 다 찢음 ㄹㅇ,2021-01-02 09:46:17
883710,Resident Evil 2,positive,"재미있어서 하기보다는 오기로 하게되는 게임 바하 RE 3 보다 그저그런 느낌 이건 퍼즐 위주인듯 하고 바하3은 전투위주인것 같은데 개인적으로 전투가 재미있는 바하3이 내스타일~ 일반 S등급 : 3시간 30분 이내 완료 - 무한권총 하드코어 S등급 : 2시간 30분 이내 완료 - 무한소총 하드코어 S+등급 : 2시간 30분 이내 완료 + 3번만 저장, 무한무기x(칼제외) - 무한런쳐, 머신건 (하드코어는 시간이내 완료는 커녕 그냥 클리어하는것도 힘들다...;;;) 하드코어 모드 = 극강의 스트레스 1. 안그래도 잘안죽는 좀비들이","재미있어서 하기보다는 오기 로 하게 되는 게임 바하 RE 3 보다 그 저 그런 느낌 이건 퍼즐 위주 인 듯 하고 바하 3 은 전투 위주 인 것 같은데 개인 적 으로 전투 가 재미있는 바하 3 이 내 스타일 ~ 일반 S 등급 : 3시간 30분 이내 완료 - 무한 권총 하드코어 S 등급 : 2시간 30분 이내 완료 - 무한 소총 하드코어 S + 등급 : 2시간 30분 이내 완료 + 3 번만 저장 , 무한 무기 x ( 칼 제외 ) - 무한 런쳐 , 머신건 ( 하드코어 는 시간 이내 완료 는 커녕 그냥 클리어 하는것도 힘들다 ...;;;) 하드코어 모드 = 극 강의 스트레스 1 . 안 그래도 잘 안 죽는 좀비 들 이",2021-01-01 22:25:09
883710,Resident Evil 2,positive,타일런트 덕분에 지존 공포게임 등극,타일 런트 덕분 에 지존 공포 게임 등 극,2020-12-31 04:43:00
883710,Resident Evil 2,positive,다회차가 생각나는 정도는 아니지만 충분히 재밌게 즐겼습니다. 공포라는 분위기를 정말 잘 표현했다고 봅니다. 물론 중후반부에는 인간은 적응의 동물이다보니 분위기를 통해 공포를 표현하는 것이 아닌 혐오를 통해 공포를 표현해서 아쉽지만 스릴러물 좋아하시는 분도 충분히 즐겁게 즐기실 수 있습니다. 다회차를 거의 강요한다는 점은 저처럼 다회차 플레이를 싫어하는 유저에게는 좀 짜증나는 요소긴 합니다.,다 회 차가 생각나는 정도 는 아니지만 충분히 재밌게 즐겼습니다 . 공포 라는 분위기 를 정말 잘 표현 했다고 봅니다 . 물론 중후 반 부 에는 인간 은 적응 의 동물 이다 보니 분위기 를 통해 공포 를 표현 하는 것 이 아닌 혐오 를 통해 공포 를 표현 해서 아쉽지만 스릴러물 좋아하시는 분도 충분히 즐겁게 즐기실 수 있습니다 . 다 회차 를 거의 강요 한다는 점 은 저 처럼 다 회차 플레이 를 싫어하는 유저 에게는 좀 짜증나는 요소 긴 합니다 .,2020-12-31 03:55:00
883710,Resident Evil 2,positive,한편의 영화네요. 진심으로 추천합니다.,한편 의 영화 네 요 . 진심 으로 추천 합니다 .,2020-12-31 00:28:15
883710,Resident Evil 2,positive,처음하면 개 무서움.. 쫄보들은 재밋다는 말만 듣고사면 바로 환불각이므로 전설의 고향 정주행 가능한 용자들만 구입할 것.,처음 하면 개 무서움 .. 쫄보 들 은 재밋다 는 말 만 듣고 사면 바로 환불 각 이 므 로 전설 의 고향 정 주행 가능한 용자 들만 구입 할 것 .,2020-12-30 01:17:31
883710,Resident Evil 2,positive,재밌어요,재밌어요,2020-12-30 00:43:38
883710,Resident Evil 2,positive,갓겜,갓 겜,2020-12-29 22:50:50
883710,Resident Evil 2,positive,추천,추천,2020-12-28 17:40:48
883710,Resident Evil 2,positive,re엔진 얼굴 묘사가 볼때마다 진국임 제2이야기까지 안가도 충분히 재밌게 즐기기 가능,re 엔진 얼굴 묘사 가 볼때 마다 진국 임 제 2 이야기 까지 안 가도 충분히 재밌게 즐기기 가능,2020-12-28 16:49:58
883710,Resident Evil 2,positive,타일런트 자비점,타일 런트 자비 점,2020-12-28 15:20:04
883710,Resident Evil 2,positive,★★★★★,★★★★★,2020-12-28 10:26:13
883710,Resident Evil 2,positive,오랜만에 진득히 붙잡고 몇시간만에 다 깬 게임. 레온과 클레어의 첫 데뷔이고 바하 시리즈에 계속 나오니까 입문작으로 좋은거 같다. 다만 2회차가 그닥 손이 가진 않았다.,오랜 만 에 진득 히 붙잡고 몇 시간 만에 다 깬 게임 . 레온 과 클레어 의 첫 데뷔 이고 바하 시리즈 에 계속 나오니까 입문 작 으로 좋은 거 같다 . 다만 2회 차가 그닥 손 이 가진 않았다 .,2020-12-28 00:25:29
883710,Resident Evil 2,positive,"레온으로 첫 플레이시 플레이타임이 10시간정도 되고, 엔딩은 뭔가 찝찝하지만 2회차 클레어로 플레이시 7시간정도 하면 진엔딩을 볼 수 있다. 3인칭으로 이렇게 공포 요소를 잘 살릴 수 있다는 것이 신기하고 스토리 몰입도도 좋고 갓겜이다.","레온 으로 첫 플레이 시 플레이 타임 이 10시간 정도 되고 , 엔딩 은 뭔가 찝찝하지만 2회 차 클레어 로 플레이 시 7시간 정도 하면 진 엔딩 을 볼 수 있다 . 3 인칭 으로 이렇게 공포 요소 를 잘 살릴 수 있다는 것 이 신기하고 스토리 몰입도 도 좋고 갓 겜 이다 .",2020-12-27 22:34:25
883710,Resident Evil 2,positive,MR.X gon' give it to ya,MR . X gon ' give it to ya,2020-12-27 12:59:44
883710,Resident Evil 2,positive,다이나믹함 ㅎㅎ;;,다이나믹 함 ㅎㅎ ;;,2020-12-27 01:42:50
883710,Resident Evil 2,positive,"너무 무서워서 겁이남...그래픽이 뛰어나며 흥미진진하고 상당히 재밌음, 단지 죽여도 다시 일어나는 애들때문에 화가남 쫄아서 못하고 있는데 지금까지 플레이하며 느껴본 바에 의하면 보유중인 게임중 별4개 (완결 본 후 바뀔 수 있음)","너무 무서워서 겁 이남 ... 그래픽 이 뛰어나며 흥미진진 하고 상당히 재밌음 , 단지 죽여도 다시 일어나는 애 들 때문 에 화가 남 쫄아 서 못 하고 있는데 지금 까지 플레이 하며 느껴 본 바 에 의하면 보유 중 인 게임 중 별 4 개 ( 완결 본 후 바뀔 수 있음 )",2020-12-26 23:31:48
883710,Resident Evil 2,positive,갓겜.... 초회차는 진짜 개무섭게했음,갓 겜 .... 초회 차는 진짜 개 무섭게 했음,2020-12-26 22:28:18
883710,Resident Evil 2,positive,옛날게임 리메이크라 그런지 기존 내용을 그대로 가져왔기에 엄청난 맵 재활용을 보여줌 그래도 옛날 고전 명작을 새로운 그래픽으로 한다는점에 있어서는 최고였고 마구 총쏘면서 다 죽이고 다니는게 아니라 진짜 아이템 알뜰살뜰 모아서 살아남는 게임이기에 좀 답답할 수 있지만 탄약 관리를 꾸준하게 해야하고 아이템도 관리하면서 계속해서 움직이고 답을 찾아야 하기 때문에 긴장감이 높아서 좋았음,옛날 게임 리메이크 라 그런지 기존 내용 을 그대로 가져왔기에 엄청난 맵 재활용 을 보여줌 그래도 옛날 고전 명작 을 새로운 그래픽 으로 한다는 점 에 있어서는 최고 였고 마구 총 쏘면서 다 죽 이고 다니는게 아니라 진짜 아이템 알뜰살뜰 모아서 살아남는 게임 이기 에 좀 답답할 수 있지만 탄약 관리 를 꾸준하게 해야하고 아이템 도 관리 하면서 계속 해서 움직 이고 답 을 찾아야 하기 때문 에 긴장감 이 높아서 좋았음,2020-12-26 02:35:18
883710,Resident Evil 2,positive,잼 있네 ㅎㅎ,잼 있네 ㅎㅎ,2020-12-25 18:01:12
883710,Resident Evil 2,positive,갓겜,갓 겜,2020-12-25 13:27:46
883710,Resident Evil 2,positive,"매우 멋진 그래픽과 캐릭터 디자인, 최적화를 자랑합니다. 버그를 경험하지 못했으며 처음 할 때는 무서워서 진행이 힘들었습니다. 다만 컨텐츠 양이 살짝 아쉽습니다.","매우 멋진 그래픽 과 캐릭터 디자인 , 최적화 를 자랑 합니다 . 버그 를 경험 하지 못 했으며 처음 할 때 는 무서워서 진행 이 힘들었습니다 . 다만 컨텐츠 양 이 살짝 아쉽습니다 .",2020-12-24 05:09:35
883710,Resident Evil 2,positive,낮에하면 갓겜,낮 에 하면 갓 겜,2020-12-23 13:52:29
883710,Resident Evil 2,positive,고전의 느낌을 잘 살렸음,고전 의 느낌 을 잘 살렸음,2020-12-23 00:35:01
883710,Resident Evil 2,positive,재밌음 추천추천,재밌음 추천 추천,2020-12-22 20:30:04
883710,Resident Evil 2,positive,바이오하자드 2는 다시해봐도 명작 진짜 돈이 아깝지 않은 게임,바이오하자드 2 는 다시 해봐도 명작 진짜 돈 이 아깝지 않은 게임,2020-12-21 09:54:27
883710,Resident Evil 2,positive,액션은 조금 놔주고 호러를 더한 멋진 시도,액션 은 조금 놔주고 호러 를 더한 멋진 시도,2020-12-19 22:41:34
883710,Resident Evil 2,positive,진짜 존나 무서웠다. 사실 클레어도 깨야하는데 너무 무서워서 못했어 ㅋㅋㅋ흑흑 ㅠㅠ,진짜 존나 무서웠다 . 사실 클레어 도 깨야하는데 너무 무서워서 못 했어 ㅋㅋㅋ 흑 흑 ㅠㅠ,2020-12-19 12:36:25
883710,Resident Evil 2,positive,개새끼들 존1나 싫어 싯팔,개새끼 들 존 1 나 싫어 싯팔,2020-12-18 03:26:14
883710,Resident Evil 2,positive,아 tlqkf 존나 무섭네,아 tlqkf 존나 무섭네,2020-12-16 05:37:48
883710,Resident Evil 2,positive,"예전부터 아주 유명한 게임이지만, 그동안 해볼 기회가 없었는데, 요즘 정말 재미있게 즐기고 있습니다. 불꺼놓고 하면 무서울 정도로 실감나서 즐겁습니다.","예전 부터 아주 유명한 게임 이지만 , 그동안 해볼 기회 가 없었는데 , 요즘 정말 재미있게 즐기고 있습니다 . 불꺼놓고 하면 무서울 정도 로 실감 나서 즐겁습니다 .",2020-12-15 20:54:17
883710,Resident Evil 2,positive,여태 해본 호러게임중 단연 최고. 공포감을 잃은 뒤에도 할가치가 있는 명작.,여태 해본 호러 게임 중 단연 최고 . 공포 감 을 잃은 뒤 에도 할가치가 있는 명작 .,2020-12-15 07:08:51
883710,Resident Evil 2,positive,재밌음,재밌음,2020-12-13 20:19:35
883710,Resident Evil 2,positive,저는 사실 무서운걸 싫어합니다. 그리고 이 게임도 엄청 무섭습니다. 하지만 군가와 이니셜D 노래를 틀어가며 겨우겨우 참고 하고싶을 정도로 재미있네요... 씨x 그냥 사,저 는 사실 무서운 걸 싫어합니다 . 그리고 이 게임 도 엄청 무섭습니다 . 하지만 군가 와 이니셜 D 노래 를 틀어가며 겨우 겨우 참고 하고싶을 정도 로 재미있네요 ... 씨 x 그냥 사,2020-12-13 20:18:41
883710,Resident Evil 2,positive,굿,굿,2020-12-13 09:53:39
883710,Resident Evil 2,positive,very good,very good,2020-12-12 12:39:18
883710,Resident Evil 2,positive,무서움,무서움,2020-12-11 21:34:41
883710,Resident Evil 2,positive,무서워서 아직도 레온파트 못깻어요 ㅠㅠ 저도 fbi 장면 보고싶습니다....,무서워서 아직도 레온 파트 못깻어 요 ㅠㅠ 저 도 fbi 장면 보고싶습니다 ....,2020-12-10 18:22:25
883710,Resident Evil 2,positive,좋은 그래픽 remake의 훌륭한 사례,좋은 그래픽 remake 의 훌륭한 사례,2020-12-10 14:28:53
883710,Resident Evil 2,positive,존나무섭네 머머리,존나 무섭네 머 머리,2020-12-08 14:23:48
883710,Resident Evil 2,positive,재미떠요,재미 떠요,2020-12-07 16:53:09
883710,Resident Evil 2,positive,z,z,2020-12-07 14:23:34
883710,Resident Evil 2,positive,제한된 탄약과 자원들은 철저한 설계와 전략을 필요로 한다 이 과정의 재미가 톡톡하나 연습을 못하게 된다는 단점 또한 있다 그리고 구급약을 다 쓰면? 계속 죽어야 하는 것일까? 반격수단이 부족한 점 또한 아쉽지만 이 정도면 매우 수작이다 근데 7은 진짜 구데기 같아,제한 된 탄약 과 자원 들 은 철저한 설계 와 전략 을 필요 로 한다 이 과정 의 재미 가 톡톡하나 연습 을 못 하게 된다는 단점 또한 있다 그리고 구급 약 을 다 쓰면 ? 계속 죽어야 하는 것 일까 ? 반격 수단 이 부족한 점 또한 아쉽지만 이 정도 면 매우 수작 이다 근데 7 은 진짜 구 데기 같아,2020-12-07 14:10:36
883710,Resident Evil 2,positive,만들기는 잘 만들었는데... 길찾기가 너무 어려워요. 경찰서에서 뭐 하나 찾을때마다 30분씩 헤매니까 할 엄두가 안나요,만들기 는 잘 만들었는데 ... 길찾기 가 너무 어려워요 . 경찰서 에서 뭐 하나 찾을 때 마다 30분 씩 헤매니까 할 엄두 가 안나 요,2020-12-05 22:41:25
883710,Resident Evil 2,positive,무서워서 잠 못잠 ㅠ,무서워서 잠 못잠 ㅠ,2020-12-05 14:50:58
883710,Resident Evil 2,positive,sleep sleep sleep,sleep sleep sleep,2020-12-04 16:18:48
883710,Resident Evil 2,positive,잼있네요 강추 합니다,잼있네요 강추 합니다,2020-12-04 15:26:37
883710,Resident Evil 2,positive,렉이 너무 심하고 게임이 너무 어렸다,렉 이 너무 심하고 게임 이 너무 어렸다,2020-12-04 09:52:45
883710,Resident Evil 2,positive,친구가 데모하면서 윽엑거릴때는 놀리면서봤는데 막상 사놓고 해보니까 무서워서 여태까지 1시간도안함...,친구 가 데모 하면서 윽엑거릴때 는 놀리면서 봤는데 막상 사놓고 해보니까 무서워서 여태 까지 1시간 도안함 ...,2020-12-04 09:30:18
883710,Resident Evil 2,positive,fun game,fun game,2020-12-03 00:02:24
883710,Resident Evil 2,positive,재미있게 잘 했습니다.,재미있게 잘 했습니다 .,2020-12-02 21:02:17
883710,Resident Evil 2,positive,공산당 안할께요 그만 따라와요 두한형,공산당 안 할께요 그만 따라와요 두 한형,2020-12-02 12:00:38
883710,Resident Evil 2,positive,재밌음,재밌음,2020-12-02 00:17:10
883710,Resident Evil 2,positive,학창시절의 추억이 고퀄리티로 컴백!,학창시절 의 추억 이 고 퀄리티 로 컴백 !,2020-12-01 17:56:36
883710,Resident Evil 2,positive,모든 문제를 제쳐두고 나는 감염된 개새끼가 겁나 싫어 시발,모든 문제 를 제 쳐 두고 나 는 감염 된 개새끼 가 겁나 싫어 시발,2020-12-01 13:29:54
883710,Resident Evil 2,positive,단서모아서 방탈출하는 게임인지 몰랐는데 너무 재밌다;;,단서 모아서 방 탈출 하 는 게임 인지 몰랐는데 너무 재밌다 ;;,2020-11-30 21:41:05
883710,Resident Evil 2,positive,존나 재밌네요 ㅋㅋ 지금 경찰서 나가기 직전까지 왔는데 아직 아쉬운고 없고 길찾는거도 재밌음,존나 재밌네요 ㅋㅋ 지금 경찰서 나가기 직전 까지 왔는데 아직 아쉬운고 없고 길 찾는거도 재밌음,2020-11-30 17:34:24
883710,Resident Evil 2,positive,그냥 사.,그냥 사 .,2020-11-30 07:03:05
883710,Resident Evil 2,positive,초반에는 두한이형 발소리만 들어도 엄청 쫄림 ;; ㅋㅋ,초반 에는 두 한 이형 발 소리 만 들어도 엄청 쫄림 ;; ㅋㅋ,2020-11-30 02:48:07
883710,Resident Evil 2,positive,아 ㅋㅋ 타이런트 너무 무섭고,아 ㅋㅋ 타 이런 트 너무 무섭고,2020-11-30 00:06:30
883710,Resident Evil 2,positive,굿,굿,2020-11-29 21:48:27
883710,Resident Evil 2,positive,누패가 살린 게임,누 패가 살린 게임,2020-11-29 20:05:50
883710,Resident Evil 2,positive,재밌음,재밌음,2020-11-29 16:55:27
883710,Resident Evil 2,positive,1년 기다려 할인할때 사서 하니... 그저 빛,1년 기다려 할인 할 때 사서 하니 ... 그저 빛,2020-11-28 23:59:00
883710,Resident Evil 2,positive,레트로에대한 향수가 가득하단점에서 추천함 하나만예를들어보자면 요즘게임에서의 여캐라는 단어의 정의는 컷신에서 겨털휘날리고 찢빻은얼굴로 여자둘이서 부둥켜앉고 이걸 성적요소라고 우기고 여캐라고 주장하는시대인데 솔직히말해 이게임의 게임성은 사실0에가까움 스토리의 정교한개연성및 점프하고 엎드리기 사물상호작용등 무기의 입맛대로의 다양한개조와 스킬 그에걸맞는 다양한 패턴을 가진 적들이 단한개도 나오지않음 이런데도 700만장이상이 팔린거보면 사람들이 멍청한건지 아니면 더이상 겨털&찢빻은 더이상 사앙하겠다고 주장하는건지 알수가없었지만 라스트오브,레트로 에 대한 향수 가 가득하 단점 에서 추천 함 하나 만 예 를 들 어보 자 면 요즘 게임 에서의 여캐 라는 단어 의 정의 는 컷신 에서 겨털 휘날리고 찢 빻 은 얼굴 로 여자 둘이서 부둥켜 앉고 이 걸 성적 요소 라고 우기 고 여캐 라고 주장 하는 시대 인데 솔직히말해 이 게임 의 게임 성은 사실 0 에가 까 움 스토리 의 정교 한개 연성 및 점프 하고 엎드리기 사물 상호작용 등 무기 의 입맛 대로의 다양한 개조 와 스킬 그 에 걸 맞는 다양한 패턴 을 가진 적 들 이 단 한개 도 나오지 않음 이런데도 700만 장이상이 팔린거 보면 사람 들 이 멍청한 건지 아니면 더 이상 겨털 & 찢빻 은 더 이상 사 앙하겠다고 주장 하는 건지 알수가 없었지만 라스트 오브,2020-11-28 21:25:39
883710,Resident Evil 2,positive,클레어가 넘 이뻐서 샀음 ㅋㅋ,클레어 가 넘 이뻐서 샀음 ㅋㅋ,2020-11-28 15:40:34
883710,Resident Evil 2,positive,너무 재밋어요,너무 재밋어 요,2020-11-28 05:08:31
883710,Resident Evil 2,positive,컨트롤이 불편한 느낌이 살짝 있긴 하지만 플레이 할 때 쫄깃쫄깃한 긴장감이 좋습니다. 무서운 건 없고 깜짝 놀래키는 게 조금 있습니다. 할인 때 사면 가성비 굿!,컨트롤 이 불편한 느낌 이 살짝 있긴 하지만 플레이 할 때 쫄깃쫄깃 한 긴장감 이 좋습니다 . 무서운 건 없고 깜짝 놀래 키 는 게 조금 있습니다 . 할인 때 사면 가성 비 굿 !,2020-11-27 18:11:18
883710,Resident Evil 2,positive,굿굿,굿굿,2020-11-27 00:48:38
883710,Resident Evil 2,positive,굿,굿,2020-11-26 20:24:24
883710,Resident Evil 2,positive,과거의 바이오하자드를 위한 리메이크. 만약 어렵다하면 지원난이도로 해서 다른 분들의 공략을 보시면서 차근차근 해보세요.,과거 의 바이오하자드 를 위 한 리메이크 . 만약 어렵다하면 지 원 난이도 로 해서 다른 분 들 의 공략 을 보시면서 차근차근 해보세요 .,2020-11-26 15:28:32
883710,Resident Evil 2,positive,굿,굿,2020-11-26 14:17:30
883710,Resident Evil 2,positive,레온이 마지막에 [spoiler] 클레어를 만날때 에이다를 안만난척하고 다시 클레어에게 추파를 던져서 [/spoiler] 좀 거슬렸습니다. 하지만 정말 재미있게 플레이 했습니다. 게임 중에 레온과 클레어 좀더 겹치는 장면이 있었으면 마지막 엔딩에 개연성이 더 있었을거 같습니다.,레온 이 마지막 에 [ spoiler ] 클레어 를 만날 때 에이 다를 안 만난 척 하고 다시 클레어 에게 추파 를 던져서 [/ spoiler ] 좀 거슬렸습니다 . 하지만 정말 재미있게 플레이 했습니다 . 게임 중 에 레온 과 클레어 좀더 겹 치는 장면 이 있었으면 마지막 엔딩 에 개연 성 이 더 있었을거 같습니다 .,2020-11-26 04:01:20
883710,Resident Evil 2,positive,ㄹㅇ 개꿀잼게임.. 레지던트이블 고인물이 하면 그저 타임어택용 게임인데... 아무것도 모르는 청정수가 하면 그저 쫓아오는 타일런트는 공포의 대상입니다. 솔직히 가는 길목마다 좀비들 일일이 다 처리하고 다녔는데 타일런트는 잡지를 못하니 하는 동안 긴장의 끈을 놓을 수 없었습니다. 그리고 적절한 퍼즐요소와 조금씩 넓혀가는 구역이 게임의 재미를 좀더 증가시킵니다. 엔딩을 다 본후 비슷한 게임을 하고 싶으나 이만한 게임이 없는거 같습니다. 강추합니다!,ㄹㅇ 개꿀잼 게임 .. 레지던트이블 고 인물 이 하면 그저 타임 어 택용 게임 인데 ... 아무 것 도 모르는 청정 수가 하면 그저 쫓아오는 타 일 런 트는 공포 의 대상 입니다 . 솔직히 가는 길목 마다 좀비 들 일일이 다 처리 하고 다녔는데 타 일 런 트는 잡지 를 못 하니 하는 동안 긴장 의 끈 을 놓을 수 없었습니다 . 그리고 적절한 퍼즐 요소 와 조금씩 넓혀가는 구역 이 게임 의 재미 를 좀더 증가 시킵니다 . 엔딩 을 다 본 후 비슷한 게임 을 하고 싶으나 이만 한 게임 이 없는거 같습니다 . 강 추합니다 !,2020-11-25 10:50:56
883710,Resident Evil 2,positive,클레어로 했던거 레온으로 또 해야돼... 그래도 재밌당,클레어 로 했던거 레온 으로 또 해야 돼 ... 그래도 재밌당,2020-11-25 09:15:47
883710,Resident Evil 2,positive,사라 무조건 꼭,사라 무조건 꼭,2020-11-22 03:47:21
883710,Resident Evil 2,positive,1회차 끝냈습니다 랭크작 하러가요 ㅋㅋ 발컨인데 존잼입니다!! 패드 키보드 둘다 재밌어요!,1회 차 끝냈습니다 랭크작 하러가요 ㅋㅋ 발컨 인데 존잼 입니다 !! 패드 키 보드 둘다 재밌어요 !,2020-11-20 10:41:38
883710,Resident Evil 2,positive,"기존 바이오하자드 2의 짜임새를 대체로 성실하게 재현했고 무엇보다 그래픽이 출중 레온, 클레어를 A파트, B파트 모두 해야하므로 꽤 긴 시간 플레이 가능 다양한 무기를 활용해 제법 자유로운 진행 가능 단 패드로는 조준이 원활하지 않아서 가급적 키보드+마우스 권장 난이도는 일반 난이도가 초회차때 굉장히 어려워서 좌절할 수도 가급적 지원 난이도부터 하는걸 권장 DLC 도 꽤 어려운 난이도로 플레이 시간 연장에 도움 바이오하자드 팬이라면 꼭 놓치지 말고 플레이","기존 바이오하자드 2 의 짜임새 를 대체로 성실하게 재현 했고 무엇 보다 그래픽 이 출중 레온 , 클레어 를 A 파트 , B 파트 모두 해야하므로 꽤 긴 시간 플레이 가능 다양한 무기 를 활용 해 제법 자유로운 진행 가능 단 패드 로는 조준 이 원활하지 않아서 가급적 키 보드 + 마우스 권장 난이도 는 일반 난이도 가 초회차때 굉장히 어려워서 좌절 할 수도 가급적 지원 난이도 부터 하 는걸 권장 DLC 도 꽤 어려운 난이도 로 플레이 시간 연장 에 도움 바이오하자드 팬 이 라면 꼭 놓치지 말고 플레이",2020-11-19 00:30:51
883710,Resident Evil 2,positive,무서운만큼 확실한 재미가 있는 공포게임. 1회차에서는 몰려드는 좀비와 풀어야 할 퍼즐 덕분에 공포감과 긴장감이 배가 되지만 반복이나 다름없는 2회차에서는 익숙해진 나머지 다소 아쉬운 느낌이 든다.,무서운만큼 확실한 재미 가 있는 공포 게임 . 1회 차에서는 몰려드는 좀비 와 풀어야 할 퍼즐 덕분 에 공포 감 과 긴장감 이 배 가 되지만 반복 이나 다름없는 2회 차에서는 익숙해진 나머지 다소 아쉬운 느낌 이 든다 .,2020-11-18 19:09:04
883710,Resident Evil 2,positive,굿,굿,2020-11-15 04:05:47
883710,Resident Evil 2,positive,재미는 있고 잘 만들었는데 똑같은데를 왔다리 갔다리에 그놈의 퍼즐 퍼즐 퍼즐 퍼즐 퍼즐,재미 는 있고 잘 만들었는데 똑같은데 를 왔다리 갔 다리 에 그 놈 의 퍼즐 퍼즐 퍼즐 퍼즐 퍼즐,2020-11-12 23:09:02
883710,Resident Evil 2,positive,흠흠,흠 흠,2020-11-12 00:34:44
883710,Resident Evil 2,positive,바이오하자드 시리즈를 한번도 안해보고 리메이크로 처음 플레이 해보는데 재미는 있는데 나한테는 너무 어렵다... 심지어 공략집을 봐도 뭐가 뭔지 잘 모르겠다... 뭔가 스토리나 플레이를 적응하기가 힘들어서 도중 포기한 게임... 하지만 언젠가 다시 하지 않을까??? 재미있음..! 어려움...!,바이오하자드 시리즈 를 한번 도 안 해보고 리메이크 로 처음 플레이 해보는데 재미 는 있는데 나 한테 는 너무 어렵다 ... 심지어 공략 집 을 봐도 뭐 가 뭔 지 잘 모르겠다 ... 뭔가 스토리 나 플레이 를 적응하기가 힘들어서 도중 포기 한 게임 ... 하지만 언젠가 다시 하지 않을까 ??? 재미있음 ..! 어려움 ...!,2020-11-11 18:28:59
883710,Resident Evil 2,positive,무섭긴한데 진짜로 인생에서 지금한걸 후회하는 작품 개씹명작 꼭 사셈 무서워도 공략보면서하면됨 ㅇㅇ,무섭 긴한데 진짜 로 인생 에서 지금 한 걸 후회 하는 작품 개 씹 명작 꼭 사셈 무서워도 공략 보면 서하면 됨 ㅇㅇ,2020-11-10 23:23:45
883710,Resident Evil 2,positive,삭제된부분이 있긴하지만 리메이크의 모범을 만들어보임,삭제 된 부분 이 있긴하지만 리메이크 의 모범 을 만들어 보임,2020-11-07 21:04:34
883710,Resident Evil 2,positive,꿀잼,꿀잼,2020-11-07 20:18:26
883710,Resident Evil 2,positive,83,83,2020-11-07 15:47:48
883710,Resident Evil 2,positive,캐릭터들도 멋있고 너무 재밌어요,캐릭터 들 도 멋있고 너무 재밌어요,2020-11-07 02:25:27
883710,Resident Evil 2,positive,"제한된 탄환에 강한 적들, 하지만 계속 도전하다보면 극복 가능한 좋은 밸런스를 가진 게임입니다. 리메이크작이지만 원작 이름에 먹칠하지 않고 훌륭하게 진화한 점을 칭찬하고 싶네요.","제한 된 탄환 에 강한 적 들 , 하지만 계속 도전 하다 보면 극복 가능한 좋은 밸런스 를 가진 게임 입니다 . 리메이크 작 이지만 원작 이름 에 먹 칠하지 않고 훌륭하게 진화 한 점 을 칭찬 하고 싶네요 .",2020-11-06 14:58:10
883710,Resident Evil 2,positive,두한이가 다했다,두 한 이 가 다 했다,2020-11-06 03:20:39
883710,Resident Evil 2,positive,타이런트 ㅈㄴ 빡치긴 한데 긴장감 유지에는 좋은거 같다,타 이런 트 ㅈㄴ 빡치긴 한데 긴장감 유지 에는 좋은 거 같다,2020-11-05 21:09:42
883710,Resident Evil 2,positive,너무나도 만족스럽고 돈값20배이상하는게임 괜히명작이아니다..,너무나도 만족스럽고 돈값 20 배 이상하는 게임 괜히 명작 이 아니다 ..,2020-11-05 17:51:26
883710,Resident Evil 2,positive,ㅈㄴ 재밌노,ㅈㄴ 재밌노,2020-11-03 23:38:44
883710,Resident Evil 2,positive,공포게임 진짜 못하는 사람입니다. 하도 사람들이 입이 닳도록 명작이라고 해서 속는샘치고 한번 해봤는데 처음 2시간 정도 지나니까 완전 빠져드네요. 스토리 개연성은 좀 억지스러운 곳이 있지만 정말 몰입이 잘되고 퍼즐 요소도 적당하고 뭔가 자원도 딱 적당량 주는 것 같네요. 깜짝 놀래키는 포인트는 흠...너무 놀라서 짜증날때가 좀 있었지만 원래 그런 게임이니까 ㅎㅎ,공포 게임 진짜 못 하는 사람 입니다 . 하도 사람 들 이 입 이 닳도록 명작 이라고 해서 속 는 샘 치고 한번 해봤는데 처음 2시간 정도 지나 니까 완전 빠져 드 네 요 . 스토리 개연 성은 좀 억지스러운 곳 이 있지만 정말 몰입 이 잘 되고 퍼즐 요소 도 적당하고 뭔가 자원 도 딱 적당 량 주는 것 같네요 . 깜짝 놀래 키 는 포인트 는 흠 ... 너무 놀라서 짜증날 때 가 좀 있었지만 원래 그런 게임 이니까 ㅎㅎ,2020-11-03 16:02:23
883710,Resident Evil 2,positive,꾸르잼,꾸르잼,2020-11-03 15:51:48
883710,Resident Evil 2,positive,진짜 재밌다,진짜 재밌다,2020-11-01 21:45:32
883710,Resident Evil 2,positive,이 집 처신잘하네 ㅋㅋ,이 집 처신 잘 하네 ㅋㅋ,2020-11-01 01:35:18
883710,Resident Evil 2,positive,"나 김두한이야, 왜 왔는지 알겠나?","나 김두한 이야 , 왜 왔는지 알겠나 ?",2020-10-31 17:13:50
883710,Resident Evil 2,positive,개재밌음,개 재밌음,2020-10-31 16:29:08
883710,Resident Evil 2,positive,갓겜,갓 겜,2020-10-31 03:02:20
883710,Resident Evil 2,positive,좀비 줫같아요,좀비 줫같아 요,2020-10-31 00:59:25
883710,Resident Evil 2,positive,세간의 평가는 다소 과대포장된 점이 있지만 할만함. 초반에 비해 후반부가 대충만든 감이 있음. 플탐이 짧지않지만 두주인공의 반복플레이에 기인함,세간 의 평가 는 다소 과대 포장 된 점 이 있지만 할만 함 . 초반 에 비해 후반 부가 대 충만 든 감 이 있음 . 플 탐이 짧지 않지만 두 주인공 의 반복 플레이 에 기인 함,2020-10-26 23:46:52
883710,Resident Evil 2,positive,레전드!,레전드 !,2020-10-26 22:21:25
883710,Resident Evil 2,positive,재밌고 긴장감 넘치는 공포 게임. 육성으로 소리지르면서 겜 가능하다. 사실 무서움에 스트레스 받을 거 생각나서 1회차 엔딩 보고 2회차 하는 걸 계속 미루다 지금 하고 있는 중...,재밌고 긴장감 넘치는 공포 게임 . 육성 으로 소리 지르면서 겜 가능하다 . 사실 무서움 에 스트레스 받을 거 생각나서 1회 차 엔딩 보고 2회 차 하는 걸 계속 미루다 지금 하고 있는 중 ...,2020-10-24 21:48:13
883710,Resident Evil 2,positive,"1998년 캡콤에서 발매된 플스용 호러 액션 어드벤처 게임 원작을 2019년에 리메이크해서 나온 작품입니다. 거두절미하고 리메이크란 이런것이다의 정석을 보여주는 게임이라고 생각합니다. 원작의 내용을 충실하게 재현함은 물론, 그래픽도 매우 좋습니다. 레온과 클레어로 각각 플레이하게 되는데 게임분량도 넉넉하고 특유의 공포와 긴장감이 게임전반에 흐릅니다. 본편의 내용과 연계된 '유령모드'라는 추가 컨텐츠가 있는데 타임 어택 및 서바이벌같은 다양한 내용을 더 즐길 수 있습니다. 게임의 스토리, 분량, 추가 컨텐츠 등등, 리메","1998년 캡콤 에서 발매 된 플스 용 호러 액션 어드벤처 게임 원작 을 2019년 에 리메이크 해서 나온 작품 입니다 . 거두 절미 하고 리메이크 란 이런것이다의 정석 을 보여주는 게임 이라고 생각 합니다 . 원작 의 내용 을 충실하게 재현 함 은 물론 , 그래픽 도 매우 좋습니다 . 레온 과 클레어 로 각각 플레이 하게 되는데 게임 분량 도 넉넉하고 특유 의 공포 와 긴장감 이 게임 전반 에 흐릅니다 . 본 편의 내용 과 연 계 된 ' 유령 모드 ' 라는 추가 컨텐츠 가 있는데 타임 어택 및 서바이벌 같은 다양한 내용 을 더 즐길 수 있습니다 . 게임 의 스토리 , 분량 , 추가 컨텐츠 등등 , 리메",2020-10-24 11:53:34
883710,Resident Evil 2,positive,리메이크된 그래픽 너무 쩐다. 당시엔 얼마나 폭발적 반응이었을지 예상이 안간다. 스토리도 할만하다.,리메이크 된 그래픽 너무 쩐다 . 당시 엔 얼마나 폭발 적 반응 이었을지 예상 이 안 간다 . 스토리 도 할 만하 다 .,2020-10-23 02:22:17
883710,Resident Evil 2,positive,추천할만한 게임. 복돌 ㅈㅈ,추천 할만 한 게임 . 복돌 ㅈㅈ,2020-10-17 17:03:22
883710,Resident Evil 2,positive,깜놀 싫어하는 사람은 비추천 하지만 퍼즐 스릴 좋아하는 사람은 강력히 추천 하는 호러 스릴러물 엔딩 한번 보믄 안하는 다른 게임에 비해서 다회차 플레이를 강요해서 더 잼있음 일단 4개의 루트 서브 스토리 각종 모드를 통해서 더욱 잼있음 깜놀도 1회차~2회차 엔딩 보았다믄 익숙함,깜놀 싫어하는 사람 은 비 추천 하지만 퍼즐 스릴 좋아하는 사람 은 강력히 추천 하는 호러 스릴러물 엔딩 한번 보 믄 안 하는 다른 게임 에 비 해서 다 회차 플레이 를 강요 해서 더 잼있음 일단 4 개 의 루트 서브 스토리 각종 모드 를 통해 서 더욱 잼있음 깜놀 도 1회 차 ~ 2회 차 엔딩 보았다 믄 익숙함,2020-10-17 14:26:49
883710,Resident Evil 2,positive,공포게임 처음해보는데 무셔움 B루트는 시작도 못하겠음 덜덜쓰,공포 게임 처음 해보는데 무셔 움 B 루트 는 시작 도 못 하겠음 덜덜 쓰,2020-10-16 20:17:15
883710,Resident Evil 2,positive,다들 한 3트씩해보세요.,다 들 한 3 트 씩 해보세요 .,2020-10-13 22:02:01
883710,Resident Evil 2,positive,공표요소가 상당함. 플레이 타임 생각보다 길고 본좌는 세일 때 구매하였지만 부족한 탄약 가지고 쫒기는 짜릿함을 원한다면 제값도 아깝지 않다.,공표 요소 가 상당함 . 플레이 타임 생각 보다 길고 본 좌 는 세 일 때 구매 하였지만 부족한 탄약 가지 고 쫒기는 짜릿함을 원한다면 제 값 도 아깝지 않다 .,2020-10-13 14:25:30
883710,Resident Evil 2,positive,"[도전과제 100%] 아주 잘만든 바하2 리메이크작. 게임내에서 총알이 상당히 부족한데 그래서 무한무기 DLC를 6천원씩에 파는구나 싶다. 하지만 하드코어 S+ 를 완료하면 무료로 해금가능하니 참고하시길. 네, 참고 하세요.","[ 도전 과제 100% ] 아주 잘만 든 바하 2 리메이크 작 . 게임 내 에서 총알 이 상당히 부족한데 그래서 무한 무기 DLC 를 6천원 씩에 파는구나 싶다 . 하지만 하드코어 S + 를 완료 하면 무료 로 해금 가능하니 참고 하시길 . 네 , 참고 하세요 .",2020-10-13 02:54:07
883710,Resident Evil 2,positive,[h1]앞으로도 게임계에서 리메이크 표준의 되어야 할 역사적인 작품~!![/h1] 내 게임 인생에서 최고의 리메이크 1위로 선정!! 기존의 장점(스토리텔링-플레이스타일-보너스-특전 등)을 모두 포함하고 거기에 더 얹어 그래픽과 사운드까지 시네마틱하니 이보다 더 완벽한 리메이크가 있을 수 있을까?! 개인적으로 이미 원작을 넘어섰다고 본다 이 작품을 한마디로 표현하기 위해... 밀라형을 모십니다~ https://steamcommunity.com/sharedfiles/filedetails/?id=2254875584 완따봉~!!,[ h 1 ] 앞 으로도 게임 계 에서 리메이크 표준 의 되어야 할 역사 적 인 작품 ~!![/ h 1 ] 내 게임 인생 에서 최고 의 리메이크 1 위로 선정 !! 기존 의 장점 ( 스토리텔링 - 플레이 스타일 - 보너스 - 특전 등 ) 을 모두 포함 하고 거기 에 더 얹어 그래픽 과 사운드 까지 시네마 틱 하니 이보 다 더 완벽한 리메이크 가 있을 수 있을까 ?! 개인 적 으로 이미 원작 을 넘어섰다고 본다 이 작품 을 한마디 로 표현 하기 위해 ... 밀 라 형 을 모십니다 ~ https://steamcommunity.com/sharedfiles/filedetails/?id=2254875584 완따봉 ~!!,2020-10-12 01:04:35
883710,Resident Evil 2,positive,김두한,김두한,2020-10-11 18:00:49
883710,Resident Evil 2,positive,무섭..,무섭 ..,2020-10-11 11:03:15
883710,Resident Evil 2,positive,엔딩을 다 봐도 모드가 있어서 재미 있습니다,엔딩 을 다 봐도 모드 가 있어서 재미 있습니다,2020-10-11 02:29:09
883710,Resident Evil 2,positive,"리메이크 되어서 돌아온 바이오하자드2, 충분히 잘 뽑았다고 생각한다. 두 주인공들의 활약과 두 주인공들의 시점으로 하나의 엔딩까지 도달하는 치밀한 스토리 라인. 잘 죽지 않는 좀비들, 괴물들, 죽음의 술래잡기 추격전, 공포스러운 분위기로 플레이어를 압박할 것이다.","리메이크 되어서 돌아온 바이오하자드 2 , 충분히 잘 뽑았다고 생각 한다 . 두 주인공 들 의 활약 과 두 주인공 들 의 시점 으로 하나 의 엔딩 까지 도달 하는 치밀한 스토리 라인 . 잘 죽지 않는 좀비 들 , 괴물 들 , 죽음 의 술래잡기 추 격전 , 공포 스러운 분위기 로 플레이어 를 압박 할 것 이다 .",2020-10-11 01:10:03
883710,Resident Evil 2,positive,진짜 개잘만든게임임 긴장감 넘사벽,진짜 개 잘만 든 게임 임 긴장감 넘사벽,2020-10-10 05:34:37
883710,Resident Evil 2,positive,good,good,2020-10-08 20:33:20
883710,Resident Evil 2,positive,굳,굳,2020-10-06 12:48:40
883710,Resident Evil 2,positive,재미짐,재미 짐,2020-10-05 18:43:52
883710,Resident Evil 2,positive,갓겜,갓 겜,2020-10-04 23:19:24
883710,Resident Evil 2,positive,마지막 타일런트 짜증남,마지막 타일 런트 짜증남,2020-10-04 20:18:25
883710,Resident Evil 2,positive,그래픽도 좋고 재미있습니다. 현대적인 감각으로 원작을 그대로 따라가지 않고 작은 변화를 준 점 칭찬합니다.,그래픽 도 좋고 재미있습니다 . 현대 적 인 감각 으로 원작 을 그대로 따라가지 않고 작은 변화 를 준 점 칭찬 합니다 .,2020-10-02 23:54:50
883710,Resident Evil 2,positive,sadfsadfadfadfadf,sadfsadfadfadfadf,2020-10-02 17:27:14
883710,Resident Evil 2,positive,😀,😀,2020-10-02 00:19:53
883710,Resident Evil 2,positive,너무 무서워요 쌰앙,너무 무서워요 쌰앙,2020-10-01 13:23:02
883710,Resident Evil 2,positive,갓겜,갓 겜,2020-09-29 18:54:04
883710,Resident Evil 2,positive,게임 불감증이 이 게임으로 치료되었습니다.,게임 불감증 이 이 게임 으로 치료 되었습니다 .,2020-09-29 01:15:34
883710,Resident Evil 2,positive,인생처음으로 도전과제 모두 달성한 게임이네요 첨나왔을때 유투버들 영상으로만 보고 사지는 않았는데 세일할때 사서 틈틈히 재밌게 했습니다 이런 종류의 게임을 처음해보기도 하고 멀미 날까봐 안했었는데 다행이 멀미는 안나네요 다크소울3도 첨에 호기롭게 시작했다가 2시간만에 멀미때문에 지지 치고 5시간은 누워있었던거 같네요 세일할때를 노려서 구매하시면 재밌게 하실수 있을겁니다,인생 처음 으로 도전 과제 모두 달성 한 게임 이네 요 첨 나왔을 때 유투 버들 영상 으로만 보고 사지 는 않았는데 세 일 할 때 사서 틈틈히 재밌게 했습니다 이런 종류 의 게임 을 처음 해보기도 하고 멀미 날까봐 안 했었는데 다행 이 멀미 는 안나 네 요 다크 소울 3 도 첨 에 호기롭 게 시작 했다가 2시간 만에 멀미 때문 에 지지 치고 5시간 은 누워있었던거 같네요 세 일 할 때 를 노려서 구매 하시면 재밌게 하실수 있을 겁니다,2020-09-27 14:05:19
883710,Resident Evil 2,positive,아웃브레이크 후의 분위기를 훌륭하게 표현함 딥 다크 판타지로 희망따윈 없는 라쿤시티를 보여주었음 프롤로그의 클리셰적이지만 예사롭지 않은 주유소의 좀비와 첫 조우에선 다시 일어나는 좀비를 보며 놀라움을 느꼈고 경찰서에서는어둠이 주는 불확실함과 정보의 차단이 들리는 소리에 더 민감하게 반응하게 해주어서 점프스케어의 효과를 강화시켜줌 하지만 무서운건 딱 타이런트를 만날때까지 뿐이였고 그 뒤부턴 뭐 무섭지도 않고 퍼즐도 비슷비슷함 적들도 다 비슷비슷해서 같은 곳을 계속 돌면서 맵이 다 외워질때면 그냥 마인크래프트 좀비급 수준 주유,아웃브레이크 후의 분위기 를 훌륭하게 표현 함 딥 다크 판타지 로 희망 따윈 없는 라쿤시티 를 보여주었음 프롤로그 의 클리셰 적 이지만 예사롭지 않은 주유소 의 좀비 와 첫 조우 에선 다시 일어나는 좀비 를 보며 놀라 움 을 느꼈고 경찰서 에서는 어둠 이 주는 불확실함과 정보 의 차단 이 들리는 소리 에 더 민감하게 반응 하게 해주어서 점프 스케 어의 효과 를 강화 시켜 줌 하지만 무서운건 딱 타 이런 트 를 만날 때 까지 뿐이였고 그 뒤 부턴 뭐 무섭지도 않고 퍼즐 도 비슷 비슷함 적 들 도 다 비슷 비슷해서 같은 곳 을 계속 돌면서 맵 이 다 외워질 때 면 그냥 마인크래프트 좀비 급 수준 주유,2020-09-26 23:50:45
883710,Resident Evil 2,positive,리메이크의 정석을 보여준다. 최고의 게임. 여러가지 흐믓한 모드도 추천,리메이크 의 정석 을 보여준다 . 최고 의 게임 . 여러가지 흐믓 한 모드 도 추천,2020-09-26 16:19:30
883710,Resident Evil 2,positive,진짜 존나게 무서움 이게 공포 입문작인데 욕만 20번 한듯,진짜 존나 게 무서움 이 게 공포 입문 작 인데 욕 만 20 번 한 듯,2020-09-23 14:47:18
883710,Resident Evil 2,positive,몰입갑,몰입 갑,2020-09-22 16:07:30
883710,Resident Evil 2,positive,개존잼임 망설일 시간에 구매해서 하셈,개존잼임 망설일 시간 에 구매 해서 하 셈,2020-09-22 12:09:37
883710,Resident Evil 2,positive,"세일 때 라쿤 에디션 사서 정말 알차게 즐겼던 거 같다. 1, 2회차 때는 일반 난이도에서도 5 ~ 6 시간씩 dog고생 하면서 깰 정도로 dog어려웠는데 무한 무기를 향한 나의 뜨거운 열정과 도전 욕구가 나를 인도했고 10회차 동안 dog고수님들의 영상을 수십 번씩 돌려 보고, 모든 퍼즐을 외우면서 모든 루트 일반, 하코 S+ 달성에 성공해 무한 무기 시리즈를 모두 얻었다. ^^ 너넨 뒤졌다.","세 일 때 라쿤 에디 션 사서 정말 알차게 즐겼던 거 같다 . 1 , 2회 차 때 는 일반 난이도 에서도 5 ~ 6 시간 씩 dog 고생 하면서 깰 정도 로 dog 어려웠는데 무한 무기 를 향 한 나 의 뜨거운 열정 과 도전 욕구 가 나를 인도 했고 10회 차 동안 dog 고수 님 들의 영상 을 수십 번 씩 돌려 보고 , 모든 퍼즐 을 외우면서 모든 루트 일반 , 하 코 S + 달성 에 성공해 무한 무기 시리즈 를 모두 얻었다 . ^^ 너넨 뒤졌다 .",2020-09-21 23:18:52
883710,Resident Evil 2,positive,존나 무서워서 바주카 들고 다녔습니다.,존나 무서워서 바주카 들고 다녔습니다 .,2020-09-21 12:00:04
883710,Resident Evil 2,positive,김두한이 온다,김두한 이 온다,2020-09-20 22:26:14
883710,Resident Evil 2,positive,너무 제미있다 하나도 안무서움 굿굿,너무 제 미있다 하나 도 안 무서움 굿굿,2020-09-20 22:18:37
883710,Resident Evil 2,positive,시리즈 원작팬들을 위한 갓겜.,시리즈 원 작 팬 들 을 위 한 갓 겜 .,2020-09-20 18:29:16
883710,Resident Evil 2,positive,말이 필요없는 명작^,말 이 필요없는 명작 ^,2020-09-20 13:48:36
883710,Resident Evil 2,positive,무서워서 못하겠다,무서워서 못 하겠다,2020-09-20 05:55:51
883710,Resident Evil 2,positive,일반으로 처음 해보았는데 생각보다 어렵진않아요 다른 게임 어려움난이도 보다는 쉽습니다 스토리4개라고 알고시작했는데 하나엔딩내는것도 뻉뻉이가 장난아니니깐 파밍하고 조합해서 해결하고이런거 싫어하면 재미없을 순 있겠다 생각이들어요 아 물론 저는 팡인이라 제외입니다(노가다가 장난아닌데 이걸 또 해야된다니//즐거워) 그래도 캐릭터둘이 주인공이라 스토리도 다르기도하고 아직 모드사용도 안해봐서 기대됩니다 다음에 시간날떄 천천히 공들여서 꺠고 나중에 시간줄이는것도 시도 해보려고해요 적어도 20시간플레이 보장에 어느정도 반복성이 있지만 그떄,일반 으로 처음 해보았는데 생각 보다 어렵진 않아요 다른 게임 어려움 난이도 보다는 쉽습니다 스토리 4 개 라고 알 고 시작 했는데 하나 엔딩 내는것도 뻉뻉이 가 장난 아니니깐 파밍 하고 조합 해서 해결 하고 이런거 싫어하면 재미없을 순 있겠다 생각 이 들어요 아 물론 저 는 팡 인 이라 제외 입니다 ( 노가다 가 장난 아닌데 이 걸 또 해야 된다니 // 즐거워 ) 그래도 캐릭터 둘 이 주인공 이라 스토리 도 다르 기도 하고 아직 모드 사용 도 안 해봐서 기대 됩니다 다음 에 시간 날떄 천천히 공 들 여서 꺠 고 나중 에 시간 줄이는것도 시도 해보려 고해 요 적어도 20시간 플레이 보장 에 어느 정도 반복 성 이 있지만 그떄,2020-09-20 00:37:04
883710,Resident Evil 2,positive,찐 명작 존잼 레온 잘생김,찐 명작 존잼 레온 잘생김,2020-09-19 19:04:03
883710,Resident Evil 2,positive,진짜강추 사자말자 레온 엔딩봄 진짜 재밌으니까 그냥사자,진짜 강추 사자말자 레온 엔딩 봄 진짜 재밌으니까 그냥 사자,2020-09-19 02:29:33
883710,Resident Evil 2,positive,"이 게임을 사려는 사람에게 말하자면 공포게임에 자신이 있거나 술래잡기가 그립다면 해보는것도 나쁘지 않은 선택이라 말하고싶다. 스토리: 스토리는 A파트 B파트로 나뉘는데 스포는 나쁜거니 간략히 설명하자면 타일런트를 피해 G박사를 잡고 탈출하는 스토리다. 플레이 타임: A파트 B파트를 깼을떄 6시간정도 걸렸고(레온 파트만) 추가모드는 짧지만 재미가 있어 또 하게된다. 장점: A파트 쉬운 난이도를 플레이 함에도 불구하고 탄약관리, 타일런트의 추격, 보스의 패턴, 많은 잠몹들, 길치는 저리가요 맵 구조 라서 그런지 쉬운 난이도와 어","이 게임 을 사려 는 사람 에게 말 하자면 공포 게임 에 자신 이 있거나 술래잡기 가 그립다면 해보는것도 나쁘지 않은 선택 이라 말 하고싶다 . 스토리 : 스토리 는 A 파트 B 파트 로 나뉘는데 스포 는 나쁜거니 간략히 설명 하자면 타 일 런트 를 피해 G 박사 를 잡고 탈출 하는 스토리 다 . 플레이 타임 : A 파트 B 파트 를 깼을떄 6시간 정도 걸렸고 ( 레온 파트 만 ) 추가 모드 는 짧지만 재미 가 있어 또 하게 된다 . 장점 : A 파트 쉬운 난이도 를 플레이 함 에도 불구 하고 탄약 관리 , 타 일 런트 의 추격 , 보스 의 패턴 , 많은 잠몹 들 , 길치는 저리가요 맵 구조 라서 그런지 쉬운 난이도 와 어",2020-09-19 02:20:28
883710,Resident Evil 2,positive,"오랜만에 해볼까해서 봤더니 333시간 플레이했던 기록이 웃겨서 리뷰씁니다. 오래전 바하4를 재밌게해서 5,6도 플레이했지만 실망이 컸고 게임보다는 무비판이나 스트리머 플레이영상으로만 간간히 접해왔는데 2,3편도 플레이해보고 싶었던 욕구를 완벽하게 만족시켜준 게임이었네요. 매운 요리도 맛있게 맵다면 즐거운 식사가 될테고 무서운 게임도 재밌게 무섭다면 즐거운 플레이가 된다고 생각합니다. 플레이 시간이 쌓여도 여전히 타일런트가 나오면 긴장하고 리퍼의 울음소리에 깜짝깜짝 놀라는걸보면 연출과 사운드도 정말 잘 만들어졌다고 생각합니다.","오랜 만 에 해볼까 해서 봤더니 333시간 플레이 했던 기록 이 웃겨서 리뷰 씁니다 . 오래전 바하 4 를 재밌게 해서 5 , 6 도 플레이 했지만 실망 이 컸고 게임 보다는 무 비판 이나 스트리머 플레이 영상 으로만 간간히 접 해왔는데 2 , 3 편도 플레이 해보고 싶었던 욕구 를 완벽하게 만족 시켜 준 게임 이었네요 . 매운 요리 도 맛있게 맵다면 즐거운 식사 가 될테고 무서운 게임 도 재밌게 무섭다면 즐거운 플레이 가 된다고 생각 합니다 . 플레이 시간 이 쌓여도 여전히 타 일 런트 가 나오면 긴장 하고 리퍼 의 울음소리 에 깜짝깜짝 놀라는걸 보면 연출 과 사운드 도 정말 잘 만들어졌다고 생각 합니다 .",2020-09-19 01:45:21
883710,Resident Evil 2,positive,"초반 잠깐 했는데 몰입도가 엄청나다. 오밀조밀 디테일한 그래픽은 일본놈들 특유의 물고늘어지는 단세포근성때문에 굉장히 밀도높은 느낌의 그래픽을 보여준다. 6편의 연출은 전형적인 헐리우드영화 90년대 연출을 보여주어서 진짜 견디기힘들정도였는데 이번편은 그 전형적인 연출들을 훌륭한 그래픽과 음향효과, 배우들의 연기력, 분위기로 아주 제대로 만들어냈다. 난이도는 아주 쉬운걸로 했는데 처음 총질하는 순간 느꼈다. 느릿느릿 좀비가 뭐가 무섭겠나 했는데 조여오는 압박감이 엄청나다 대가리를 쏴도 한방에 뒤지지도 않는다. 총알은 바로 나가리다 조","초반 잠깐 했는데 몰입도 가 엄청나다 . 오밀조밀 디테일 한 그래픽 은 일 본 놈 들 특유 의 물 고 늘어지는 단세포 근 성 때문 에 굉장히 밀도 높은 느낌 의 그래픽 을 보여준다 . 6 편의 연출 은 전형 적 인 헐리우드영화 90년 대 연출 을 보여주어서 진짜 견디기 힘들 정도 였는데 이번 편 은 그 전형 적 인 연출 들 을 훌륭한 그래픽 과 음향효과 , 배우 들 의 연기력 , 분위기 로 아주 제대로 만들어 냈다 . 난이도 는 아주 쉬운 걸 로 했는데 처음 총 질 하 는 순간 느꼈다 . 느릿느릿 좀비 가 뭐 가 무섭겠나 했는데 조여오는 압박 감 이 엄청나다 대가리 를 쏴도 한 방 에 뒤지지도 않는다 . 총알 은 바로 나가리다 조",2020-09-19 01:29:10
883710,Resident Evil 2,positive,"오랜만에 바이오하자드를 리메이크작으로 접했는데 역시 명작갓겜..! 인정합니다!!! 그래픽도 리얼해지고, 더 기괴해져서 정말 심쫄리면서 재밌었어요!","오랜 만 에 바이오하자드 를 리메이크 작 으로 접 했는데 역시 명작 갓 겜 ..! 인정 합니다 !!! 그래픽 도 리얼 해지고 , 더 기괴해져서 정말 심쫄리면 서 재밌었어요 !",2020-09-16 03:59:39
883710,Resident Evil 2,positive,확실히 재밋다.,확실히 재밋다 .,2020-09-13 16:20:55
883710,Resident Evil 2,positive,에이다 꼴린다,에이 다 꼴린다,2020-09-13 15:34:25
883710,Resident Evil 2,positive,이보다 더 리메이크를 잘한 게임이 있을까? 게임을 하다 보면 총알이 부족하다는 느낌을 받지만 오히려 긴장감을 높여 저는 불만사항에 해당되지 않았습니다. 무엇보다 원작과 다르게 문을 열때 로딩화면이 안뜨는게 너무 마음에 들더군요. 변역이 오역이 많은거 빼고는 전체적으로 상당히 잘만들어져 누구에게나 추천해드릴수 있을거 같네요.,이보 다 더 리메이크 를 잘한 게임 이 있을까 ? 게임 을 하다 보면 총알 이 부족하다는 느낌 을 받지만 오히려 긴장감 을 높여 저 는 불만 사항 에 해당 되지 않았습니다 . 무엇 보다 원작 과 다르게 문 을 열 때 로딩 화면 이 안 뜨는게 너무 마음 에 들더군요 . 변역 이 오역 이 많은거 빼고는 전체 적 으로 상당히 잘 만들어져 누구 에게나 추천 해드릴수 있을거 같네요 .,2020-09-09 17:21:29
883710,Resident Evil 2,positive,꼭 헤드폰이나 이어폰 착용하세요 !@!#$ 꼭 밤에 하세요 !@#!,꼭 헤드폰 이나 이어폰 착용 하세요 !@!#$ 꼭 밤 에 하세요 !@#!,2020-09-09 07:20:10
883710,Resident Evil 2,positive,경찰서를 구석구석 탐험하는게임,경찰서 를 구석구석 탐험 하는 게임,2020-09-07 17:00:43
883710,Resident Evil 2,positive,굿,굿,2020-09-06 16:15:10
883710,Resident Evil 2,positive,중절모 아조씨 나올 떄 마다 내 심장도 같이 튀어나옴,중절모 아조 씨 나올 떄 마다 내 심장 도 같이 튀어나옴,2020-09-06 01:30:52
883710,Resident Evil 2,positive,말이 필요없다. 갓겜,말 이 필요없다 . 갓 겜,2020-09-02 23:27:02
883710,Resident Evil 2,positive,공략 없이 하세요 그래야 장르가 바뀔 때 재밌어 집니다,공략 없이 하세요 그 래야 장르 가 바뀔 때 재밌어 집니다,2020-08-31 00:22:19
883710,Resident Evil 2,positive,조오오오오오온나 무서움 정신별걸릴거같음 ㅎㅎ,조오오오오오 온 나 무서움 정신 별 걸릴거 같음 ㅎㅎ,2020-08-30 20:09:21
883710,Resident Evil 2,positive,GOOD,GOOD,2020-08-25 18:05:41
883710,Resident Evil 2,positive,진정한 리메이크의 정석 10/10,진정한 리메이크 의 정석 10/10,2020-08-24 10:38:02
883710,Resident Evil 2,positive,혼자하면 진짜 놀랄때 진짜 많음,혼자 하면 진짜 놀랄 때 진짜 많음,2020-08-23 16:43:27
883710,Resident Evil 2,positive,굿,굿,2020-08-22 10:18:19
883710,Resident Evil 2,positive,개무서움 ㅠ,개 무서움 ㅠ,2020-08-17 23:29:06
883710,Resident Evil 2,positive,그냥 설명이 필요없는 갓겜,그냥 설명 이 필요없는 갓 겜,2020-08-17 19:25:04
883710,Resident Evil 2,positive,띵작 하프라이프류 좋아하면 추천,띵작 하프라이프 류 좋아하면 추천,2020-08-17 14:25:31
883710,Resident Evil 2,positive,총알이 너무 부족하다..,총알 이 너무 부족하다 ..,2020-08-17 13:59:11
883710,Resident Evil 2,positive,HOLY SH.......,HOLY SH .......,2020-08-17 10:16:54
883710,Resident Evil 2,positive,갓겜,갓 겜,2020-08-15 20:03:44
883710,Resident Evil 2,positive,갓겜 갓겜 그자체. 근데 바하 특성상 15시간하면 재미가 없어지더라,갓 겜 갓 겜 그 자체 . 근데 바하 특성 상 15시간 하면 재미 가 없어지더라,2020-08-13 23:27:05
883710,Resident Evil 2,positive,꿀잼,꿀잼,2020-08-10 23:06:09
883710,Resident Evil 2,positive,추천 요소 : 점심밥 내기로 술래잡기. 잡힘.,추천 요소 : 점심밥 내기 로 술래잡기 . 잡힘 .,2020-08-10 20:12:02
883710,Resident Evil 2,positive,"무서워.... 난이도 쉬운걸로 했는데도, 무서워서 지릴뻔했습니다. 서관 파밍 다 안했는데 스토리 진행해버려서 타일런트랑 추격전하면서 파밍해서 ㄹㅇ 지릴뻔했습니다. 쨋든 스토리 엔딩은 다 봐서 만족","무서워 .... 난이도 쉬운 걸 로 했는데도 , 무서워서 지릴 뻔했습니다 . 서관 파밍 다 안 했는데 스토리 진행 해 버려서 타 일 런트 랑 추격 전하 면서 파밍 해서 ㄹㅇ 지릴 뻔했습니다 . 쨋 든 스토리 엔딩 은 다 봐서 만족",2020-08-10 13:22:01
883710,Resident Evil 2,positive,개인적으로 바하 시리즈 중에서 가장 좋아하는 시리즈 좀비겜 아버지 답게 잘만듬 좀비겜 한정된 공간애서 한정된 템 그리고 각종 퍼즐 미로 같은 경찰서 그리고 끈짏긴 추적자 김..ㄷ 아니 아니 타일런트 고전 명작 바하 2 잘 리메이크한 작품 바하 2 리멬 아쉬운건 A파트에서 죽인 새끼를 B파트 에서 다시 죽여야하는 일이 있다. ( 그래도 겜은 ㅈㄴ 잘만듬) 45.600원이 아깝지 않다 허나 세일하면 반값으로 살수 있음,개인 적 으로 바하 시리즈 중 에서 가장 좋아하는 시리즈 좀비 겜 아버지 답 게 잘만 듬 좀비 겜 한정 된 공간 애 서 한정 된 템 그리고 각종 퍼즐 미로 같은 경찰서 그리고 끈짏긴 추적자 김 .. ㄷ 아니 아니 타일 런트 고전 명작 바하 2 잘 리메이크 한 작품 바하 2 리멬 아쉬운건 A 파트 에서 죽인 새끼 를 B 파트 에서 다시 죽여 야하는 일이 있다 . ( 그래도 겜 은 ㅈㄴ 잘만 듬 ) 45.600원 이 아깝지 않다 허나 세 일 하 면 반값 으로 살수 있음,2020-08-08 10:13:55
883710,Resident Evil 2,positive,생존한다는 느낌이 강합니다 돌질하지마십쇼 당신은 육편이 될겄입니다.,생존 한다는 느낌 이 강합니다 돌질하지 마십 쇼 당신 은 육 편이 될겄입니 다 .,2020-08-08 06:01:18
883710,Resident Evil 2,positive,빡빡이 존나강함;,빡빡이 존나 강함 ;,2020-08-07 20:50:56
883710,Resident Evil 2,positive,계속 해도 안 질림,계속 해도 안 질림,2020-08-01 17:33:09
883710,Resident Evil 2,positive,"옛생각을 현실의 그래픽으로 느끼게 해준 작품입니다. 그때도 무서웠지만... 지금은 진행하질 못하겠네요... 공포 좋아하는데, 나이 먹으니 겁이 많아진 걸까요? ^^;","옛 생각 을 현실 의 그래픽 으로 느끼게 해준 작품 입니다 . 그때 도 무서웠지만 ... 지금 은 진행 하질 못 하겠네요 ... 공포 좋아하는데 , 나이 먹으니 겁 이 많아진 걸까 요 ? ^^;",2020-07-31 13:54:33
883710,Resident Evil 2,positive,레온 경찰서 후문에서 재회한 클레어가 미소지어줬을 때 표정보면 벌써 손주 이름까지 생각함ㅋ 짱깨눈나만 안만났어도 크리스의 posting은 성공했을텐데... No way fa;g,레온 경찰서 후문 에서 재회 한 클레어 가 미소 지어 줬을 때 표정 보면 벌써 손주 이름 까지 생각 함 ㅋ 짱깨 눈 나 만 안 만났어도 크리스 의 posting 은 성공했을텐데 ... No way fa ; g,2020-07-28 00:59:31
883710,Resident Evil 2,positive,쿵쿵이 개무섭네 ㅅㅂ,쿵쿵 이 개 무섭네 ㅅㅂ,2020-07-25 22:51:50
883710,Resident Evil 2,positive,처음에는 무서운데 후반가면 안무서운게 흠,처음 에는 무서운데 후반 가면 안 무서운게 흠,2020-07-25 19:34:57
883710,Resident Evil 2,positive,디자이너들은 클래식함을 느끼게 해주는 모던한 감성 이라는 모순된 요구를 종종 듣는다고 한다. 이 게임은 그런 요구를 완벽하게 이해했다고 볼 수 있다.,디자이너 들 은 클래식 함 을 느끼게 해주는 모던 한 감성 이라는 모순 된 요구 를 종종 듣는다고 한다 . 이 게임 은 그런 요구 를 완벽하게 이해 했다고 볼 수 있다 .,2020-07-23 15:26:17
883710,Resident Evil 2,positive,굿굿굿굿구수,굿굿굿굿 구수,2020-07-23 01:23:49
883710,Resident Evil 2,positive,퍼즐게임이라서 머리를 좀 써야하지만 재밌다 망할 그 xxxx녀석만 없으면 정말 좋을거같다,퍼즐게임 이라서 머리 를 좀 써야하지만 재밌다 망할 그 xxxx 녀석 만 없으면 정말 좋을거 같다,2020-07-19 21:25:17
883710,Resident Evil 2,positive,추억돋는게임 각진 틀레어 레온 ㅎ ㅎㅎ,추억 돋는 게임 각 진 틀레어 레온 ㅎ ㅎㅎ,2020-07-18 15:43:37
883710,Resident Evil 2,positive,미쳤다. 웃음밖에 안나온다.,미쳤다 . 웃음 밖에 안 나온다 .,2020-07-16 11:19:35
883710,Resident Evil 2,positive,캡콤,캡콤,2020-07-13 10:23:52
883710,Resident Evil 2,positive,"다 필요없고, 클레어가 너무 예쁨.","다 필요없고 , 클레어 가 너무 예쁨 .",2020-07-12 20:53:33
883710,Resident Evil 2,positive,^^ㅣ발 타일런트,^^ ㅣ 발 타일 런트,2020-07-11 22:35:42
883710,Resident Evil 2,positive,1시간만 해볼까 하고 키면 다음날 아침이다,1시간 만 해볼까 하고 키 면 다음 날 아침 이다,2020-07-09 01:32:02
883710,Resident Evil 2,positive,정성훈이 하길래 나도 해봄 적어도 비추누를 게임은 아닌것같다. 퇴근하고 4일 했는데 분량이 너무 조금인거 아닌가,정성훈 이 하길래 나도 해봄 적어도 비추 누를 게임 은 아닌것 같다 . 퇴근 하고 4일 했는데 분량 이 너무 조금 인거 아닌가,2020-07-08 18:49:04
883710,Resident Evil 2,positive,"[h1] 리메이크의 부활 [/h1] 바이오 하자드 최초의 리메이크 작품이며 리얼 엔진을 사용한 만큼 그래픽과 비주얼이 아주 뛰어나다는 게 특징이다 또한 3인칭 TPS 방식을 채택하였고, 레온과 클레어 시점으로 각 각 플레이가 가능하다 플레이 타임으로는 각자 하기 나름에 따라 시간이 달라지겠지만 결론적으로 S+ 등급을 받기 위해서는 2~3시간 이내 클리어 조건이다 레온과 클레어의 A-B 루트가 존재하는데 별개의 퍼즐 요소나 보스가 다른 점을 빼면 거의 비슷한 플롯이다 이게 바하2의 최대 단점이기도 한 것이, 레온으로 진행한 뒤","[ h 1 ] 리메이크 의 부활 [/ h 1 ] 바이오 하자드 최초 의 리메이크 작품 이며 리얼 엔진 을 사용 한 만큼 그래픽 과 비주 얼 이 아주 뛰어나다는 게 특징 이다 또한 3 인칭 TPS 방식 을 채택 하였고 , 레온 과 클레어 시점 으로 각 각 플레이 가 가능하다 플레이 타임 으로는 각자 하기 나름 에 따라 시간 이 달라지겠지만 결론 적 으로 S + 등급 을 받기 위 해서는 2~3시간 이내 클리어 조건 이다 레온 과 클레어 의 A - B 루트 가 존재 하는데 별개 의 퍼즐 요소 나 보스 가 다른 점 을 빼면 거의 비슷한 플롯 이다 이 게 바하 2 의 최대 단점 이기도 한 것 이 , 레온 으로 진행 한 뒤",2020-07-08 17:21:46
883710,Resident Evil 2,positive,타이런트 그만 쫓아와,타 이런 트 그만 쫓아와,2020-07-08 14:39:38
883710,Resident Evil 2,positive,혼자 게임하는걸 좋아했지만 지금은 아니다...,혼자 게임 하 는걸 좋아했지만 지금 은 아니다 ...,2020-07-08 06:54:51
883710,Resident Evil 2,positive,최고입니다. 겁나 무섭네요ㄷㄷ..,최고 입니다 . 겁나 무섭네요 ㄷㄷ ..,2020-07-05 23:52:18
883710,Resident Evil 2,positive,전반적으로 재미있는데 몰입감있습니다.,전반 적 으로 재미있는데 몰입 감있습니다 .,2020-07-05 11:32:42
883710,Resident Evil 2,positive,명작이다. 개재밌어 ㅎ,명작 이다 . 개 재밌어 ㅎ,2020-07-05 00:31:19
883710,Resident Evil 2,positive,너무 무서운데 진짜 재밌다,너무 무서운데 진짜 재밌다,2020-07-04 21:00:10
883710,Resident Evil 2,positive,너같은 FBI가 어딨어,너 같은 FBI 가 어딨어,2020-07-04 17:52:30
883710,Resident Evil 2,positive,시바ㅏㄹ 총알 ㅈㄴ부족하네,시바 ㅏㄹ 총알 ㅈㄴ 부족하네,2020-07-04 16:15:01
883710,Resident Evil 2,positive,재밋어요 해보세요 어려운거 좋아하시는 분들 해보고 싫어하시는분들은 강력 비추천입니다,재밋어 요 해보세요 어려운거 좋아하시는 분들 해보고 싫어하시는 분 들 은 강력 비 추천 입니다,2020-07-04 00:49:34
883710,Resident Evil 2,positive,재미있음,재미있음,2020-07-03 13:41:20
883710,Resident Evil 2,positive,이거 칼만 있으면 깸,이 거 칼 만 있으면 깸,2020-07-01 00:46:05
883710,Resident Evil 2,positive,왜 타이런트 안죽냐고 진짜 개무섭네,왜 타 이런 트 안 죽냐고 진짜 개 무섭네,2020-06-30 22:49:54
883710,Resident Evil 2,positive,좀비새끼들 다 돌대가리새끼들만 모아놨나 대가리에 6발을 직빵으로 박아도 안뒤져요 ㄹㅇ 공포 그자체,좀비 새끼 들 다 돌대가리 새끼 들 만 모아놨나 대가리 에 6 발 을 직빵 으로 박아 도 안 뒤져요 ㄹㅇ 공포 그 자체,2020-06-30 18:09:52
883710,Resident Evil 2,positive,1회차 재밌게 완료 했습니다.,1회 차 재밌게 완료 했습니다 .,2020-06-30 15:50:15
883710,Resident Evil 2,positive,여깄었구만 김레온이. 나 타이런트야~,여깄었구 만 김 레온 이 . 나 타 이런 트 야 ~,2020-06-29 18:24:02
883710,Resident Evil 2,positive,POG,POG,2020-06-29 16:36:58
883710,Resident Evil 2,positive,정말 무섭다.. 쿵쿵쿵.. 소리가 들리면 나도모르게 일단 뛴다.....,정말 무섭다 .. 쿵쿵 쿵 .. 소리 가 들리면 나도 모르게 일단 뛴다 .....,2020-06-29 02:23:28
883710,Resident Evil 2,positive,공략없이 깬사람 댓좀 달아주세요,공략 없이 깬 사람 댓 좀 달아주세요,2020-06-28 19:45:36
883710,Resident Evil 2,positive,무섭기보단 징그러워요... 갑툭튀 조금 있고(릭커나올때) 난이도는 중상(어려우면 지원모드하시면 할만해요) 아는동생 추천으로 했는데 재밌었어요 ~,무섭 기 보단 징그러워요 ... 갑툭튀 조금 있고 ( 릭커나올때 ) 난이도 는 중상 ( 어려우면 지 원 모드 하시면 할 만해 요 ) 아는 동생 추천 으로 했는데 재밌었어요 ~,2020-06-28 11:03:47
883710,Resident Evil 2,positive,두한이형님과 설레이는 데이트♥,두 한 이 형님 과 설레이는 데이트 ♥,2020-06-27 15:19:41
883710,Resident Evil 2,positive,존1나 재미있어요,존 1 나 재미있어요,2020-06-27 02:18:38
883710,Resident Evil 2,positive,재미남,재미 남,2020-06-26 19:19:14
883710,Resident Evil 2,positive,개꿀잼,개꿀잼,2020-06-24 20:50:52
883710,Resident Evil 2,positive,처음엔 무서워서 치트쓰고 한번깨고 치트안쓰고 레온으로 한번깨고 클레어도 궁금해서 또 한번깨고 어느새 3번깨버림 재밌음,처음 엔 무서워서 치트 쓰고 한번 깨고 치트 안 쓰고 레온 으로 한번 깨고 클레어 도 궁금해서 또 한번 깨고 어느새 3 번깨 버림 재밌음,2020-06-23 17:08:51
883710,Resident Evil 2,positive,두한이 형님... 제발 저리 가...,두 한 이 형님 ... 제발 저리 가 ...,2020-06-23 16:13:20
883710,Resident Evil 2,positive,몇번을클해도 타이런트는 적응못하겠음,몇번 을 클 해도 타 이런 트는 적응 못 하겠음,2020-06-22 10:27:25
883710,Resident Evil 2,positive,무적권 해야됨 진짜로 ㄹㅇ ㅋㅋ,무적 권 해야 됨 진짜 로 ㄹㅇ ㅋㅋ,2020-06-21 18:48:49
883710,Resident Evil 2,positive,"무서움. 하지만 공포를 느끼는 만큼 즐거움 또한 얻을 수 있는 게임. 타이런트가 처음 등장하는 순간부터 심리적 압박감의 강도가 강해짐. 이 게임의 공포 요소로는 어두침침하고 음산한 분위기, 심리적 압박감, 릭커와 좀비들에 의한 갑툭튀가 있다. 좀비의 몸이 잘리는 것이 굉장히 그로데스크하게 묘사되어있다. 잔인한 것을 싫어하는 사람들에게는 비추. 하지만 이 잔인함을 즐기는 유저들에겐 강추를 줄만한 게임이다.","무서움 . 하지만 공포 를 느끼는 만큼 즐거움 또한 얻을 수 있는 게임 . 타 이런 트 가 처음 등장 하는 순간 부터 심리 적 압박 감 의 강도 가 강해 짐 . 이 게임 의 공포 요소 로는 어두침침하고 음산한 분위기 , 심리 적 압박 감 , 릭커 와 좀비 들 에 의한 갑툭튀 가 있다 . 좀비 의 몸 이 잘리는 것 이 굉장히 그로 데스크 하 게 묘사 되어있다 . 잔인한 것 을 싫어하는 사람 들 에게는 비추 . 하지만 이 잔인함 을 즐기는 유저 들 에겐 강추 를 줄 만 한 게임 이다 .",2020-06-21 18:03:10
883710,Resident Evil 2,positive,역시 예전이나 지금이나 잼나는구나,역시 예전 이나 지금 이나 잼나는구나,2020-06-21 11:31:50
883710,Resident Evil 2,positive,RE3 하다가 RE2 다시 생각나게되네요.. 강추입니다.,RE 3 하다가 RE 2 다시 생각나게 되네요 .. 강추 입니다 .,2020-06-21 07:25:07
883710,Resident Evil 2,positive,만약 1인칭이었다면 심장 터져 죽었을것,만약 1 인칭 이었다면 심장 터져 죽었을것,2020-06-21 00:43:19
883710,Resident Evil 2,positive,g발럼,g 발럼,2020-06-20 23:26:40
883710,Resident Evil 2,positive,고전 호러게임에서 공포심을 주던 방식을 현대에 맞게 재구성했다. 하지만 부족한 자원으로 답답함을 느끼는 부분은 어쩔수가 없어 호불호가 갈릴듯.,고전 호러 게임 에서 공 포심 을 주던 방식 을 현대 에 맞게 재구 성했다 . 하지만 부족한 자원 으로 답답함을 느끼는 부분 은 어쩔 수가 없어 호불호 가 갈릴듯 .,2020-06-20 22:47:24
883710,Resident Evil 2,positive,진짜 한번 해봐,진짜 한번 해봐,2020-06-20 22:38:55
883710,Resident Evil 2,positive,내가 알던 바이오하자드가 맞나 진짜 세계관 최강자의 등장이다 가슴이 웅장해진다,내 가 알던 바이오하자드 가 맞나 진짜 세계관 최강 자의 등장 이다 가슴 이 웅장 해진다,2020-06-20 03:55:38
883710,Resident Evil 2,positive,이겜잼있어 this it is game only paly fun game good nice game,이 겜 잼있어 this it is game only paly fun game good nice game,2020-06-17 20:04:35
883710,Resident Evil 2,positive,"난 원작은 해보지 않았지만, 비슷한 게임인 레포데와 비교하자면 공포가 신선하다. 공략을 보지 않고 플레이한다면, 어디서 나올지 모르는 좀비, 보통 난이도인데도 부족한 탄환, 끝없이 쫒아오는 두한이형, 퍼즐을 해결하기 위해서 몇번이고 심장 쫄깃한 건물 내부를 왕복해야 하는 경험이 단순히 좀비 학살 게임이었던 레포데와는 궤를 달리한다.","난 원작 은 해보지 않았지만 , 비슷한 게임 인 레포데 와 비교 하자면 공포 가 신선하다 . 공략 을 보지 않고 플레이 한다면 , 어디서 나올지 모르는 좀비 , 보통 난이도 인데 도 부족한 탄환 , 끝없이 쫒아오는 두 한 이형 , 퍼즐 을 해결 하기 위해 서 몇번 이고 심장 쫄깃 한 건물 내부 를 왕복 해야 하는 경험 이 단순히 좀비 학살 게임 이었던 레포데 와는 궤 를 달리 한 다 .",2020-06-16 21:01:09
883710,Resident Evil 2,positive,준내재밋네,준내재밋 네,2020-06-15 18:22:43
883710,Resident Evil 2,positive,z,z,2020-06-15 07:52:16
883710,Resident Evil 2,positive,할만함,할만 함,2020-06-15 00:16:46
883710,Resident Evil 2,positive,가슴이 웅장해진다,가슴 이 웅장 해진다,2020-06-13 13:43:40
883710,Resident Evil 2,positive,바이오하자드 정말 재미있어요 ~,바이오하자드 정말 재미있어요 ~,2020-06-13 13:37:07
883710,Resident Evil 2,positive,솔직히 저같은 똥손한테 하드코어는 진짜 그림의 떡인거 같습니다. 게임은 얼마든지 추천하나 저와 같으신 부류의 게이머 분들은 일반 난이도에 만족하시는게 정신건강에 좋을 거 같습니다. 진짜 무슨 대갈통을 다이아몬드로 만들었는지 개딴딴함.. ㄷㄷ. 그러다가 어느새 보면 한입 뜯기고 있음,솔직히 저 같은 똥손 한테 하드코어 는 진짜 그림 의 떡 인거 같습니다 . 게임 은 얼마 든지 추천 하나 저 와 같으신 부류 의 게이머 분 들 은 일반 난이도 에 만족하시는게 정신건강 에 좋을 거 같습니다 . 진짜 무슨 대갈 통 을 다이아몬드 로 만들었는지 개 딴딴함 .. ㄷㄷ . 그러다가 어느새 보면 한 입 뜯기고 있음,2020-06-12 21:48:46
883710,Resident Evil 2,positive,바이오하자드3을 dlc 로 했어야지...,바이오하자드 3 을 dlc 로 했어야지 ...,2020-06-12 11:13:17
883710,Resident Evil 2,positive,개꿀잼,개꿀잼,2020-06-10 17:04:17
883710,Resident Evil 2,positive,총알 때문에 좀그렇기 한데 재밌습니다. 그리고 PC버전도 발소리 않내고 이동할 수 있는 키를 만들어 주셨음 합니다,총알 때문 에 좀 그렇기 한데 재밌습니다 . 그리고 PC 버전 도 발 소리 않내고 이동 할 수 있는 키 를 만들어 주셨음 합니다,2020-06-09 22:01:23
883710,Resident Evil 2,positive,아직 숙련되지않았고 오리지널 생각하고 덤볐다가 피본게임.. 난이도가 있어서 긴장감을 늦출수는 없는데 무한무기 얻은 시점에서 학살겜 되어버림;;;,아직 숙련 되지 않았고 오 리지 널 생각 하고 덤볐다가 피 본 게임 .. 난이도 가 있어서 긴장감 을 늦출수는 없는데 무한 무기 얻은 시점 에서 학살 겜 되어 버림 ;;;,2020-06-09 09:04:37
883710,Resident Evil 2,positive,"무슨 말이 필요한가 전설의 귀환, 진짜 잼있었습니다, 하지만 원작은 각 A파트와 B파트 보스부터 루트까지 완전히 달라지는 반면 RE2는 A파트와 B파트가 그렇게 크게 구별되지는 않아 아쉬웠음, 좀만 더 다듬어 졌으면 진짜 명작반열에 올라가는건데 아쉬움","무슨 말 이 필요한가 전설 의 귀환 , 진짜 잼있었습니다 , 하지만 원작 은 각 A 파트 와 B 파트 보스 부터 루트 까지 완전히 달라지는 반면 RE 2 는 A 파트 와 B 파트 가 그렇게 크게 구별 되지는 않아 아쉬웠음 , 좀 만 더 다듬어 졌으면 진짜 명작 반 열 에 올라가는건데 아쉬움",2020-06-08 03:04:18
883710,Resident Evil 2,positive,역시 칭찬받는이유가 있음,역시 칭찬 받는 이유 가 있음,2020-06-07 21:08:41
883710,Resident Evil 2,positive,역대 최고의 리메이크 성공작이라고봄..,역대 최고 의 리메이크 성 공작 이라고 봄 ..,2020-06-06 15:30:21
883710,Resident Evil 2,positive,아놔 무서워서 못하겠다 진짜로 내가 공포게임 개 허벌나게 못한다는 걸 알게됐어요 나 처럼 공포에 질색인 분은 비추 그 외는 추천해야되나 ㅅㅂ 해봤어야지 추천을 하던말던 하지 무서워서 레온 뛰다가 강종했는데,아 놔 무서워서 못 하겠다 진짜 로 내 가 공포 게임 개 허 벌나게 못 한다는 걸 알 게 됐어요 나 처럼 공포 에 질색 인 분 은 비추 그 외는 추천 해야되 나 ㅅㅂ 해봤어야지 추천 을 하던말던 하지 무서워서 레온 뛰다가 강종 했는데,2020-06-06 07:45:06
883710,Resident Evil 2,positive,데모도 벌벌 떨면서 하다가 삭제해버리고 객기로 본편사서 해봤는데요 하다보면 어느정도 적응도 되고 별로 무섭지도 않습니다 무서운 브금나오면 좀 떨리긴 해요 정가로 샀는데도 아깝지가 않습니다 레온 잘생겼고 클레어 예뻐요 에이다 눈나 좋아요 길치라서 1분마다 m 누르고 길보면서 다니긴 했지만 맵에 뜨는 빨간 부분 잘 찾아다니다 보면 언젠가는 진행할 수 있습니다 아직 레온파트밖에 안해봤지만 너무 재밌습니다 좀비 좋아하시면 정말 재밌게 플레이하실 수 있어요 그리고 저는 총알 아까워서 좀비한테 세대 맞고 약먹는 것을 즐겨했습니다 총알 정말 안,데모 도 벌벌 떨면서 하다가 삭제 해 버리고 객기 로 본 편사 서 해봤는데요 하다 보면 어느 정도 적응도 되고 별로 무섭지도 않습니다 무서운 브금 나오면 좀 떨리긴 해 요 정가 로 샀는데도 아깝지가 않습니다 레온 잘생겼고 클레어 예뻐요 에이 다 눈 나 좋아요 길치라서 1분 마다 m 누르고 길 보면서 다니긴 했지만 맵 에 뜨는 빨간 부분 잘 찾아다니다 보면 언젠가 는 진행 할 수 있습니다 아직 레온 파트 밖에 안 해봤지만 너무 재밌습니다 좀비 좋아하시면 정말 재밌게 플레이 하실 수 있어요 그리고 저 는 총알 아까워서 좀비 한테 세대 맞고 약 먹는 것 을 즐겨 했습니다 총알 정말 안,2020-06-04 16:12:23
883710,Resident Evil 2,positive,.,.,2020-06-04 08:56:57
883710,Resident Evil 2,positive,[b]※이 리뷰는 리뷰어의 주관적인 관점에서 작성되었습니다. [/b] [i] 간단 도표 요약 [/i] [table] [tr] [td][/td] [th][b]평 점[/b][/th] [th][b]한줄 평가[/b][/th] [/tr] [tr] [th][h1]그래픽[/h1][/th] [td][b]★★★★★(5/5점)[/b][/td] [th]'RE엔진의 훌륭한 그래픽과 공포스러운 연출이 돋보였다.'[/th] [/tr],[ b ] ※ 이 리뷰 는 리뷰 어의 주관 적 인 관점 에서 작성 되었습니다 . [/ b ] [ i ] 간단 도표 요약 [/ i ] [ table ] [ tr ] [ td ][/ td ] [ th ][ b ] 평 점 [/ b ][/ th ] [ th ][ b ] 한 줄 평가 [/ b ][/ th ] [/ tr ] [ tr ] [ th ][ h 1 ] 그래픽 [/ h 1 ][/ th ] [ td ][ b ] ★★★★★ ( 5/5 점 )[/ b ][/ td ] [ th ]' RE 엔진 의 훌륭한 그래픽 과 공포 스러운 연출 이 돋보였다 .'[/ th ] [/ tr ],2020-06-03 21:34:32
883710,Resident Evil 2,positive,원작에 충실하게 재미는 확실하게,원작 에 충실하게 재미 는 확실하게,2020-06-03 13:33:46
883710,Resident Evil 2,positive,"우리 두한이 아저씨가 처음봤을 때, 인상도 험악하고 말수가 적어서 행동적인 사람일 수 있다. 겉모습만으로 사람을 평가할 수 없기 마련인데, B 시나리오로 접하는 2회차부터는 두한이 아저씨가 실은 마음씨가 순박하고 정이 많은 사람이란 걸 게이머 친구들은 이해가 될 것이다. 스스로 표현하는 게 서툴다 뿐, 누구보다 나이 어린 김레온과 박클레어한테 진심으로 관심을 갖고 술래잡기 놀이를 하고 싶어한다. 비록, 잠깐 만나고 헤어질 사람이지만, 남은 시간 신나게 보내보자!","우리 두 한 이 아저씨 가 처음 봤을 때 , 인상 도 험악하고 말수 가 적어서 행동 적 인 사람 일 수 있다 . 겉모습 만으로 사람 을 평가 할 수 없기 마련 인데 , B 시나리오 로 접 하는 2회 차부터는 두 한 이 아저씨 가 실 은 마음씨 가 순박하고 정이 많은 사람 이란 걸 게이머 친구 들 은 이해 가 될 것 이다 . 스스로 표현 하는 게 서툴다 뿐 , 누구 보다 나이 어린 김 레온 과 박 클레어 한테 진심 으로 관심 을 갖고 술래잡기 놀이 를 하고 싶어 한다 . 비록 , 잠깐 만나고 헤어질 사람 이지만 , 남은 시간 신나게 보내 보자 !",2020-06-02 23:28:01
883710,Resident Evil 2,positive,고전명작 바하2 리메이크 답다,고전 명작 바하 2 리메이크 답 다,2020-06-01 22:24:50
883710,Resident Evil 2,positive,재밌습니다 캐릭터들도 다 예쁘고 잘생겨서 재밌어요,재밌습니다 캐릭터 들 도 다 예쁘고 잘생겨서 재밌어요,2020-05-31 11:49:10
883710,Resident Evil 2,positive,겁쟁이가 하기에는 너무 힘이 드는 게임이나 재미있네요,겁쟁이 가 하기에는 너무 힘 이 드는 게임 이나 재미있네요,2020-05-30 16:13:44
883710,Resident Evil 2,positive,총알 다 떨어지면 급격하게 하기싫어짐,총알 다 떨어지면 급격하게 하기 싫어짐,2020-05-28 06:31:45
883710,Resident Evil 2,positive,방금 레온 편 끝냈는데 퍼즐이며 스토리며 쏘는 맛이며 메타 91점이 납득이 가는 퀄리티였다 특히 같은 시점인 3인칭 숄더뷰 게임중 명작인 데드스페이스 느낌이 간간히 나면서 그 긴장감을 다시금 체험 할 수 있게 해준 갓겜이였다,방금 레온 편 끝냈는데 퍼즐 이며 스토리 며 쏘는 맛 이며 메타 91 점 이 납득 이 가는 퀄리티 였다 특히 같은 시점 인 3 인칭 숄 더뷰 게임 중 명작 인 데드 스페이스 느낌 이 간간히 나면서 그 긴장감 을 다시금 체험 할 수 있게 해준 갓 겜 이 였다,2020-05-27 10:56:50
883710,Resident Evil 2,positive,처음할땐 엄청놀랐지만 2회차때는 하드코어모드함,처음 할 땐 엄청 놀랐지만 2회 차때는 하드코어 모드 함,2020-05-26 23:43:32
883710,Resident Evil 2,positive,타일런트시발무서워서 겜하겠나...,타 일 런 트시 발 무서워서 겜 하겠나 ...,2020-05-25 15:58:08
883710,Resident Evil 2,positive,모드가 너무좋다~,모드 가 너무 좋다 ~,2020-05-25 04:17:41
883710,Resident Evil 2,positive,플레이타임은 짧으나 확실히 명작이다.,플레이 타임 은 짧으나 확실히 명작 이다 .,2020-05-24 15:02:15
883710,Resident Evil 2,positive,thrilling,thrilling,2020-05-20 10:53:14
883710,Resident Evil 2,positive,너무 재밌습니다,너무 재밌습니다,2020-05-19 13:59:40
883710,Resident Evil 2,positive,너무 재밌다 아쉬운점은 분량이 좀더 길고 맵이 컸으면 좋았을것 같다 그리고 바하4처럼 무기를 업글하는 재미가 있었으면 좋았을거 같다 나는 바하4로 입문했고 재밌게했어서 그부분이 그래서 아쉬웠다,너무 재밌다 아쉬운 점 은 분량 이 좀더 길고 맵 이 컸으면 좋았을것 같다 그리고 바하 4 처럼 무기 를 업글 하 는 재미 가 있었으면 좋았을거 같다 나 는 바하 4 로 입문 했고 재밌게 했어서 그 부분 이 그래서 아쉬웠다,2020-05-19 01:12:31
883710,Resident Evil 2,positive,두환이형 스릴에 심장이 쫄~깃,두 환 이형 스릴 에 심장 이 쫄 ~ 깃,2020-05-18 20:39:34
883710,Resident Evil 2,positive,그저 재밌는게임,그저 재밌는 게임,2020-05-17 17:39:12
883710,Resident Evil 2,positive,깊이가 있는 명작 리메이크,깊이 가 있는 명작 리메이크,2020-05-16 17:23:04
883710,Resident Evil 2,positive,예전 오리지날때도 재미나게 했지만 리마스터는 그때의 향수를 선명하게 해준것 같아서 더 좋았습니다 플레이하는동안 너무 즐거웠습니다,예전 오리 지날 때 도 재미나 게 했지만 리 마스터 는 그때 의 향수 를 선명하게 해준것 같아서 더 좋았습니다 플레이 하는 동안 너무 즐거웠습니다,2020-05-16 05:42:14
883710,Resident Evil 2,positive,good!,good !,2020-05-16 02:52:40
883710,Resident Evil 2,positive,총알 2발남았는데 두한이형님이 계속 질척거리신다. 형 나 죽어....,총알 2 발 남았는데 두 한 이 형님 이 계속 질척 거리 신다 . 형 나 죽어 ....,2020-05-15 21:41:30
883710,Resident Evil 2,positive,재밋음그냥,재밋음그 냥,2020-05-15 15:30:37
883710,Resident Evil 2,positive,좋은 그래픽으로 우리의 글카를 혹사시키지만 그만큼 선명한 화질과 그래픽으로 이시대 최고의 공포게임을 경험할수 있음. 추적자라는 요소로 적당한 긴장감이 생김.볼륨도 짱짱해서 아무리 못해도 20시간은 즐길수 있음. 여기에 학살모드를 즐기려면 무조건 다회차는 필수임.,좋은 그래픽 으로 우리 의 글 카를 혹사 시키지만 그만큼 선명한 화질 과 그래픽 으로 이 시대 최고 의 공포 게임 을 경험 할수 있음 . 추적자 라는 요소 로 적당한 긴장감 이 생김 . 볼륨 도 짱짱해서 아무리 못 해도 20시간 은 즐길수 있음 . 여기 에 학살 모드 를 즐기려면 무조건 다 회 차는 필수 임 .,2020-05-14 20:43:10
883710,Resident Evil 2,positive,갓겜임 ㄹㅇ,갓 겜임 ㄹㅇ,2020-05-14 14:55:22
883710,Resident Evil 2,positive,"재밌는 공포겜이었음. 전작 7편에선 조작감이 좀 이상했는데 이번작은 그러지도 않아서 좋음. 그래도 액션보단 공포쪽에 초점이 맞춰져 있어서 적에게 대항할 수 있는 수단이 제한되있는지라 압박감이 심한편임. 그런점은 취향이 갈릴듯 함. 단점으론 원작에서 파트끼리 연결이 되는 걸 보고 기대했는데 리메에선 그런 요소가 없어졌다는 점이 아쉬웠음. a,b파트가 같은 장소를 공유하는 곳이 많고 차이점이 좀 있긴 한데 그게 스토리 연계가 되느냐는 아닌거 같음.","재밌는 공포 겜 이었음 . 전작 7 편 에선 조 작 감 이 좀 이상했는데 이 번작 은 그러지도 않아서 좋음 . 그래도 액션 보단 공포 쪽 에 초점 이 맞춰져 있어서 적 에게 대항 할 수 있는 수단 이 제한 되있는지라 압박 감 이 심 한편 임 . 그런 점 은 취향 이 갈릴듯 함 . 단점 으론 원작 에서 파트 끼리 연결 이 되는 걸 보고 기대했는데 리메 에선 그런 요소 가 없어졌다는 점 이 아쉬웠음 . a , b 파트 가 같은 장소 를 공유 하는 곳 이 많고 차이점 이 좀 있긴 한데 그게 스토리 연 계 가 되느냐는 아닌거 같음 .",2020-05-12 22:18:17
883710,Resident Evil 2,positive,Very Good!,Very Good !,2020-05-12 01:02:48
883710,Resident Evil 2,positive,꿀잼 허니잼,꿀잼 허니 잼,2020-05-11 00:23:37
883710,Resident Evil 2,positive,누드 패치 때문에 샀다,누드 패치 때문 에 샀다,2020-05-10 21:42:27
883710,Resident Evil 2,positive,잘만든 리메이크입니다 재밌어요,잘만 든 리메이크 입니다 재밌어요,2020-05-10 18:08:10
883710,Resident Evil 2,positive,우에우 썬썡뉨 줘 쭴뷔,우 에 우 썬썡뉨 줘 쭴뷔,2020-05-08 12:17:01
883710,Resident Evil 2,positive,모드하세요 두번하세요,모드 하세요 두 번하세요,2020-05-08 01:25:30
883710,Resident Evil 2,positive,재미있어요,재미있어요,2020-05-07 22:40:16
883710,Resident Evil 2,positive,타일런트 개새끼가 제일 무서움 지옥 끝까지 쫓아오는 새끼,타일 런트 개새끼 가 제일 무서움 지옥 끝 까지 쫓아오는 새끼,2020-05-06 18:37:03
883710,Resident Evil 2,positive,캠콤의 시대적 역작 바이오 하자드의 리메이크 작품 명불허전이다,캠콤 의 시대 적 역작 바이오 하자드 의 리메이크 작품 명불허전 이다,2020-05-06 14:12:12
883710,Resident Evil 2,positive,조작은 불편하고 연출은 무섭다 공포는 조작의 불편함에서 온다는 이상한 철학만 좀 빼라 씹쌔끼들아 제발좀 게임은 수작,조작 은 불편하고 연출 은 무섭다 공포 는 조작 의 불편함에서 온다는 이상한 철학 만 좀 빼 라 씹쌔끼들 아 제발 좀 게임 은 수작,2020-05-06 14:00:30
883710,Resident Evil 2,positive,그져 갓겜!,그 져 갓 겜 !,2020-05-06 01:36:25
883710,Resident Evil 2,positive,재밌긴한데 존나뜬금없이 키스씬좀넣지마라 어우진짜,재밌긴한데 존나 뜬금없이 키스 씬좀 넣지마라 어우 진짜,2020-05-05 20:11:45
883710,Resident Evil 2,positive,타일런트가 안주거 ㅠ,타 일 런트 가 안주 거 ㅠ,2020-05-05 08:26:53
883710,Resident Evil 2,positive,무셔라,무셔라,2020-05-05 00:46:00
883710,Resident Evil 2,positive,名作,名作,2020-05-04 11:26:21
883710,Resident Evil 2,positive,타이런트 극혐인거 말곤 꿀잼,타 이런 트 극혐 인거 말곤 꿀잼,2020-05-03 20:37:17
883710,Resident Evil 2,positive,이번 리메이크 되면서 게임 그래픽이 많이 좋아져 게임성은 좋지만 너무 많은 퍼즐과 똑같은곳을 많이 돌아다닌다는 점이 뭔가 좀 아쉬웠습니다 아이템을 찾으며 퍼즐을 풀면서 긴장감있는 게임을 원하는 사람들에게는 추천하며 많은퍼즐과 물건 찾는점이 부담되며 어렵다고 생각 되는 사람들에게는 비추천합니다,이번 리메이크 되면서 게임 그래픽 이 많이 좋아져 게임 성은 좋지만 너무 많은 퍼즐 과 똑같은 곳 을 많이 돌아다닌다는 점 이 뭔가 좀 아쉬웠습니다 아이템 을 찾으며 퍼즐 을 풀면서 긴장감 있는 게임 을 원하는 사람 들 에게는 추천 하며 많은 퍼즐 과 물건 찾는 점 이 부담 되며 어렵다고 생각 되는 사람 들 에게는 비추 천합니다,2020-05-03 16:37:25
883710,Resident Evil 2,positive,딱 한마디 하자면 재밌음. 이걸로 끝.,딱 한마디 하자 면 재밌음 . 이 걸 로 끝 .,2020-05-03 12:54:44
883710,Resident Evil 2,positive,쫄보라서 이 게임을 위해 술을 먹고 했는데도 지려버리고 환불,쫄보 라서 이 게임 을 위해 술 을 먹고 했는데도 지려 버리고 환불,2020-05-03 00:46:16
883710,Resident Evil 2,positive,에이다 보는 맛에 한다,에이 다 보는 맛 에 한다,2020-05-02 22:59:30
883710,Resident Evil 2,positive,1050에서도 원활하게 잘 돌아갑니다 게임 최고 재밌어요,1050 에서도 원활하게 잘 돌아갑니다 게임 최고 재밌어요,2020-05-02 22:10:51
883710,Resident Evil 2,positive,성공적인 리메이크 뒤늦게 플레이 해봤지만 올해 가장 재밌게 한 게임중 하나가 아닐까 싶습니다. 일반난이도 하면서는 정말 긴장하면서 조심 조심 플레이 했는데 다회차 플레이 하고 하드코어까지 플레이 하면서 참 재미를 느꼈습니다. 좌측에 뜨는 미션을 따라가면 자연스럽게 진행이 됩니다. 막혀있는곳은 키 아이템을 얻으면서 들어갈수 있고 잠겨있는것은 여러장소에 힌트로 남아있습니다. 적절한 좀비와 각종 몬스터 들의 배치도 맘에 들었고 아이템이 부족할때 쯤 재료들로 보충할수도 있고 그걸 극복하다보면 후반부에는 낭비만 안하면 일반난이도는,성공 적 인 리메이크 뒤늦게 플레이 해봤지만 올해 가장 재밌게 한 게임 중 하나 가 아닐까 싶습니다 . 일반 난이도 하면 서는 정말 긴장 하면서 조심 조심 플레이 했는데 다 회차 플레이 하고 하드코어 까지 플레이 하면서 참 재미 를 느꼈습니다 . 좌측 에 뜨는 미션 을 따라가면 자연 스럽게 진행 이 됩니다 . 막혀있는 곳 은 키 아이템 을 얻으면서 들어갈수 있고 잠겨있는것은 여러 장소 에 힌트 로 남아있습니다 . 적절한 좀비 와 각종 몬스터 들의 배치도 맘 에 들었고 아이템 이 부족할 때 쯤 재료 들 로 보충 할수도 있고 그걸 극복 하다 보면 후반 부 에는 낭비 만 안 하면 일 반 난이도 는,2020-05-02 13:42:44
883710,Resident Evil 2,positive,한번하면 안하는데 다회차도 잼있어요,한번 하면 안 하는데 다 회 차도 잼있어요,2020-05-01 22:16:02
883710,Resident Evil 2,positive,분명 느리게쫒아오는데 ㅈㄴ무섭다,분명 느리게 쫒아오는데 ㅈㄴ 무섭다,2020-05-01 03:08:08
883710,Resident Evil 2,positive,재미는 있으나 하다가 멀미가 나서 게임을 계속하기가 힘듬,재미 는 있으나 하다가 멀미 가 나서 게임 을 계속 하기가 힘듬,2020-05-01 02:40:26
883710,Resident Evil 2,positive,총알을 알뜰하게 사용하고 좀비물 좋아하면 개강추 2회차요소도있고 다양한 캐릭터로하는 모드도있어 꿀잼,총알 을 알뜰하게 사용 하고 좀비 물 좋아하면 개강 추 2회 차요소도있고 다양한 캐릭터 로 하는 모드 도 있어 꿀잼,2020-04-30 21:37:41
883710,Resident Evil 2,positive,절대 혼자하지마세요.. 심쿵사합니다,절대 혼자 하지 마세요 .. 심쿵 사합니다,2020-04-30 05:46:09
883710,Resident Evil 2,positive,무서워,무서워,2020-04-30 02:42:51
883710,Resident Evil 2,positive,흠............................ 굿뜨,흠 ............................ 굿 뜨,2020-04-30 02:38:15
883710,Resident Evil 2,positive,존나 무서웠다.. 꾹 참고 경찰서 탈출하고 오늘은 이만,존나 무서웠다 .. 꾹 참고 경찰서 탈출 하고 오늘 은 이만,2020-04-30 01:36:14
883710,Resident Evil 2,positive,처음 겁나 무섭네 아 못하겠따.3일후 월리엄을 칼로 꺠고있음ㅋㅋㅋ,처음 겁나 무섭네 아 못 하겠 따 . 3일 후 월리엄 을 칼 로 꺠 고 있음 ㅋㅋㅋ,2020-04-29 20:54:38
883710,Resident Evil 2,positive,타일런트이런 나쁜 놈이 숨었있는데 뒤에서 나오네,타 일 런트 이런 나쁜 놈 이 숨었있는데 뒤 에서 나오네,2020-04-29 18:11:41
883710,Resident Evil 2,positive,very good,very good,2020-04-29 10:06:39
883710,Resident Evil 2,positive,개무서운데 나도 모르게 계속 할 정도의 게임성,개 무서운데 나도 모르게 계속 할 정도 의 게임 성,2020-04-27 18:53:36
883710,Resident Evil 2,positive,좀비게임이 무서우면 얼마나 무섭다고 + 레벨2는 별로 안무서웠으니 이것도 그리 무섭진 않겠지하고 플레이했다가 너무 무서워서 며칠간 못 하다가 겨우 깼는데 재밌어요. 일단 난이도는 조금 있는 편이에요. 게임을 잘 못해서 지원모드로 해도 어려웠어요. 그나마 다행인게 세이브가 무한대인거. 하드코어모드는 얄짤없이 세이브가 제한되어있어서 전 지원모드부터 하고 보통 하드코어 이 순서로 플레이 하려고요. 저처럼 쫄보이시면서 게임 잘 못하시는 분들은 지원 모드 부터 해보시는게 어떨까 싶어요. 장점은 일단 사서 해보시면 아실텐데 정말 강추일 정도,좀비 게임 이 무서우면 얼마나 무섭다고 + 레벨 2 는 별로 안 무서웠으니 이 것 도 그리 무섭진 않겠지하고 플레이 했다가 너무 무서워서 며칠 간 못 하다가 겨우 깼는데 재밌어요 . 일단 난이도 는 조금 있는 편이 에요 . 게임 을 잘 못 해서 지 원 모드 로 해도 어려웠어요 . 그나마 다행 인게 세이브 가 무한대 인거 . 하드코어 모드 는 얄짤없 이 세이브 가 제한 되어있어서 전 지 원 모드 부터 하고 보통 하드코어 이 순서 로 플레이 하려고요 . 저 처럼 쫄보 이 시 면서 게임 잘 못 하시는 분 들 은 지원 모드 부터 해보시는게 어떨까 싶어요 . 장점 은 일단 사서 해보시면 아실텐데 정말 강추일 정도,2020-04-26 18:11:06
883710,Resident Evil 2,positive,갓콥의 시작...,갓콥 의 시작 ...,2020-04-26 16:11:58
883710,Resident Evil 2,positive,Good game!,Good game !,2020-04-26 12:27:52
883710,Resident Evil 2,positive,할인가로 사서하면 할만합니다~,할인 가로 사서 하면 할만 합니다 ~,2020-04-26 02:05:25
883710,Resident Evil 2,positive,"김두한 하나로도 벅참,,","김두한 하나로 도 벅참 ,,",2020-04-24 23:04:06
883710,Resident Evil 2,positive,생존바하분들 한템 실망작이지만 액션바하인인 저에겐 잘나온게임,생존 바하 분들 한 템 실망 작 이지만 액션 바하 인 인 저 에겐 잘나온 게임,2020-04-24 14:33:08
883710,Resident Evil 2,positive,회차를 거듭할수록 재밌어짐 게다가 무섭지 않으니 호러게임을 못해도 추천,회차 를 거듭 할수록 재밌어 짐 게다가 무섭지 않으니 호러 게임 을 못 해도 추천,2020-04-23 21:34:00
883710,Resident Evil 2,positive,갓콤으로 거듭난 게임,갓 콤 으로 거듭 난 게임,2020-04-23 20:48:10
883710,Resident Evil 2,positive,RE:2 보다 같은 명작은 없다. '이 참극에 삼켜지지말라!' 진짜 두한이 나올때 소름이 쫙!~ RE:3 는 조금 공포감이 떨어져서 아쉽고 가격이 너무 양아치다.. RE:2 제작자들이 3탄을 만들었어야하는데 아쉽다.,RE : 2 보다 같은 명작 은 없다 . ' 이 참극 에 삼켜지지말라 !' 진짜 두 한 이 나올 때 소름 이 쫙 !~ RE : 3 는 조금 공포 감 이 떨어져서 아쉽고 가격 이 너무 양 아치 다 .. RE : 2 제작자 들 이 3 탄을 만들었어야하는데 아쉽다 .,2020-04-23 19:10:07
883710,Resident Evil 2,positive,213ferefdegfrgrewar,213 ferefdegfrgrewar,2020-04-22 07:08:19
883710,Resident Evil 2,positive,"공포, 호러 장르를 좋아하신다면 꼭 해보세요. 뒤지게 재밌습니다.","공포 , 호러 장르 를 좋아하신다면 꼭 해보세요 . 뒤지게 재밌습니다 .",2020-04-21 23:08:54
883710,Resident Evil 2,positive,ㅈㄴ 재밌네,ㅈㄴ 재밌네,2020-04-21 13:15:19
883710,Resident Evil 2,positive,최고의 호러서바이벌 태어나서 처음으로 심장이 쫄깃해진게임,최고 의 호러 서바이벌 태어나서 처음 으로 심장 이 쫄깃 해진 게임,2020-04-20 22:38:49
883710,Resident Evil 2,positive,무섭습니다,무섭습니다,2020-04-20 21:29:38
883710,Resident Evil 2,positive,재밌다 무섭다 근데 재밌다 님들 헤드샷 하지말고 다리 두개 쏴서 칼질 해요,재밌다 무섭다 근데 재밌다 님들 헤드샷 하지말고 다리 두 개 쏴서 칼질 해 요,2020-04-20 15:57:40
883710,Resident Evil 2,positive,"바하 시리즈는 옛날이나 지금이나 2편이 명작임 공포감도 적절하게 느껴지고 스토리도 A, B로 나눳서 길고, 바하3는 공포게임이라기 보다는 4처럼 액션에 비중이 높음 플레이시간도 너무 짧고 총알 아끼지 않고 난사해도 엔딩 볼수 있는데 바하2는 B링크 총알 없으면 엔딩 못봄 ㅎ","바하 시리즈 는 옛날 이나 지금 이나 2 편이 명작 임 공포 감도 적절하게 느껴지고 스토리 도 A , B 로 나눳 서 길고 , 바하 3 는 공포 게임 이라기 보다는 4 처럼 액션 에 비중 이 높음 플레이 시간 도 너무 짧고 총알 아끼지 않고 난사 해도 엔딩 볼수 있는데 바하 2 는 B 링크 총알 없으면 엔딩 못 봄 ㅎ",2020-04-20 10:09:18
883710,Resident Evil 2,positive,잼납니다..저같은 쫄보는 무기DLC 구입해서 하시길..ㅎㅎ,잼 납니다 .. 저 같은 쫄보 는 무기 DLC 구입 해서 하시길 .. ㅎㅎ,2020-04-19 17:54:15
883710,Resident Evil 2,positive,"어렸을때 무서워하면서도 손을 뗄 수 없었던, 그 바이오하자드2가 돌아왔다. 섬세한 그래픽과 뛰어난 연출, 그리고 여전히 오싹한 공포감까지. 왜 이 작품이 고티 2위를 가져갈 수 밖에 없었는지 여실히 보여주고 있다. 게이머라면 취향을 거르고서라도 한번 해볼만한 작품.","어렸을 때 무서워하면서도 손 을 뗄 수 없었던 , 그 바이오하자드 2 가 돌아왔다 . 섬세한 그래픽 과 뛰어난 연출 , 그리고 여전히 오싹한 공포 감 까지 . 왜 이 작품 이 고 티 2 위 를 가져갈 수 밖에 없었는지 여실히 보여주고 있다 . 게이머 라면 취향 을 거르고서 라도 한번 해볼만 한 작품 .",2020-04-19 16:55:30
883710,Resident Evil 2,positive,바로 이거지,바로 이거지,2020-04-19 15:49:50
883710,Resident Evil 2,positive,진짜 개재밌음 꼭해보셈 좀 무서워도 감동적이고 성취감 장난아님,진짜 개 재밌음 꼭 해보셈 좀 무서워도 감동 적 이고 성취 감 장난 아님,2020-04-18 22:01:19
883710,Resident Evil 2,positive,에이다 누나 나 죽어,에이 다 누나 나 죽어,2020-04-18 14:14:39
883710,Resident Evil 2,positive,한전된 용량 내에서 시스템을 살리되 많은 재미를 넣음,한전 된 용량 내 에서 시스템 을 살리되 많은 재미 를 넣음,2020-04-18 11:20:42
883710,Resident Evil 2,positive,처음 살땐 좀비들을 총으로 쏘는 맛을 기대했지만 실상 총알 부족으로 좀비들을 피하고 다녀야 하는 퍼즐 게임.,처음 살땐 좀비 들 을 총 으로 쏘는 맛 을 기대했지만 실상 총알 부족 으로 좀비 들 을 피하 고 다녀야 하는 퍼즐 게임 .,2020-04-18 03:57:08
883710,Resident Evil 2,positive,타일런트 보고 반할 뻔함,타일 런트 보고 반할 뻔함,2020-04-17 19:59:27
883710,Resident Evil 2,positive,바이오하자드 리메이크 2 역대급의 반란입니다 왠만한 바이오하자드 호불호 갈리는거지만 저는 이게임을 평점 10점에 10점드리고 싶습니다 왠만한바이오하자드 1 2 3 4 5 6 7 다해봣지만 저는 여기에 평점으 쏟고 싶습니다 + 좀비게임 Fps 소리와 잔인 공포스러움은 자신의 공포를 테스트를 해주는 포인트입니다,바이오하자드 리메이크 2 역대 급 의 반란 입니다 왠만한 바이오하자드 호불호 갈리는거지만 저 는 이 게임 을 평점 10 점 에 10 점 드리고 싶습니다 왠만한 바이오하자드 1 2 3 4 5 6 7 다해봣 지만 저 는 여기 에 평점 으 쏟고 싶습니다 + 좀비 게임 Fps 소리 와 잔인 공포 스러 움 은 자신 의 공포 를 테스트 를 해주는 포인트 입니다,2020-04-17 12:36:43
883710,Resident Evil 2,positive,갓겜 꼭하세요 그렇게무섭지도않고 저공포겜개못하는데 공포겜못하는분들도 할만해요 재미있음,갓 겜 꼭 하세요 그렇게 무섭지도 않고 저 공포 겜 개 못 하는데 공포 겜 못 하는 분 들 도 할 만해 요 재미있음,2020-04-16 20:23:20
883710,Resident Evil 2,positive,"와,,,,초 갓-겜..","와 ,,,, 초 갓 - 겜 ..",2020-04-16 12:45:39
883710,Resident Evil 2,positive,"장르에 공포만 들어가도 바로 기피하는 편인데 이 게임은 그나마 엔딩까지 볼 수 있었던 게임. 안 무섭다는 게 아니라, 무섭긴 해도 지원 난이도로 하면 총알이 꽤 남아서 그나마 덜 무섭게 했던 거 같다. 핵심은 나이프. 좀비가 총으로 몇 번 머리를 맞고 땅에 넘어지면 완전히 죽을 때까지 나이프로 계속 긁으면 생각보다 총알이 많이 남는다. 지원 난이도 해 두고 이 방법으로 좀비 다 죽이고도 총알이 꽤 남았으니 무섭다면 나이프를 소중하게 대하는 게 좋을 것. 게임 내내 퍼즐이 꽤 나오는 편인데 다른 건 몰라도 중후반부에 어떤 구간에서","장르 에 공포 만 들어가도 바로 기피 하는 편 인데 이 게임 은 그나마 엔딩 까지 볼 수 있었던 게임 . 안 무섭다는 게 아니라 , 무섭긴 해도 지원 난이도 로 하면 총알 이 꽤 남아 서 그나마 덜 무섭게 했던 거 같다 . 핵심 은 나이프 . 좀비 가 총 으로 몇 번 머리 를 맞고 땅 에 넘어지면 완전히 죽 을 때 까지 나이프 로 계속 긁으면 생각 보다 총알 이 많이 남는다 . 지원 난이도 해 두고 이 방법 으로 좀비 다 죽이고도 총알 이 꽤 남았으니 무섭다면 나이프 를 소중하게 대하 는 게 좋을 것 . 게임 내내 퍼즐 이 꽤 나오는 편 인데 다른 건 몰라도 중후 반 부 에 어떤 구간 에서",2020-04-16 07:05:54
883710,Resident Evil 2,positive,사운드가 아주 좋고 재밌네요 잘 만든 작품이에요 세일할때 사서하세요,사운드 가 아주 좋고 재밌네요 잘 만든 작품 이에요 세 일 할 때 사서 하세요,2020-04-15 23:40:50
883710,Resident Evil 2,positive,/,/,2020-04-15 19:04:21
883710,Resident Evil 2,positive,잼남,잼남,2020-04-15 07:34:02
883710,Resident Evil 2,positive,ㅈ나무섭다 헉헉 본편은 무서워도 깰만한데 DLC는 난이도 개창렬 C발 원트에 절때못깸 그냥 유튜버가하는거보셈,ㅈ 나무 섭다 헉헉 본 편 은 무서워도 깰 만한데 DLC 는 난이도 개창 렬 C 발 원트 에 절때 못 깸 그냥 유 튜버 가하는거 보셈,2020-04-15 04:31:10
883710,Resident Evil 2,positive,타일런트가 굉장했다,타 일 런트 가 굉장했다,2020-04-15 01:30:56
883710,Resident Evil 2,positive,원작팬과 신규팬 모두 끌어모든 명작,원 작 팬 과 신규 팬 모두 끌어 모든 명작,2020-04-14 23:30:44
883710,Resident Evil 2,positive,길치전 살살 익는다,길치전 살살 익는다,2020-04-14 19:39:57
883710,Resident Evil 2,positive,"레지던트 이블2의 공포감과 액션감을 적절히 잘 살린 리메이크 작품. RE 엔진 덕분에 인물 그래픽이 정말 사실적이고, 폭발이나 비내리는 효과 그래픽도 정말 좋았다. 타일런트가 계속 뒷꽁무니를 쫒아다니는 압박감, 도무지 몇발을 쏴도 다가오는 좀비들, n회차 요소 등등. 최고의 리메이크 작이라고 평하고 싶다. 클레어, 리온 순서를 다르게 하면 플레이 타임도 넉넉한 편이고, 추가 모드 타임어택으로 파고들만한 요소도 집어 넣었다. 딱히 아쉬웠던 점이 떠오르지 않는 갓콤의 RE2. 적극 추천.","레지던트 이블 2 의 공포 감 과 액션 감 을 적절히 잘 살린 리메이크 작품 . RE 엔진 덕분 에 인물 그래픽 이 정말 사실 적 이고 , 폭발 이나 비 내리는 효과 그래픽 도 정말 좋았다 . 타 일 런트 가 계속 뒷 꽁무니 를 쫒아 다니는 압박 감 , 도무지 몇 발 을 쏴도 다가오는 좀비 들 , n 회차 요소 등등 . 최고 의 리메이크 작 이라고 평 하고 싶다 . 클레어 , 리온 순서 를 다르게 하면 플레이 타임 도 넉넉한 편이 고 , 추가 모드 타임 어택 으로 파고들만 한 요소 도 집어 넣었다 . 딱히 아쉬웠던 점 이 떠오르지 않는 갓 콤 의 RE 2 . 적극 추천 .",2020-04-14 17:39:38
883710,Resident Evil 2,positive,아니 개 쫄본데 ㅈㄴ 무서워서 못하겠어요 이런 ㅠㅠㅠㅠ 영안실 개무서워요 18181818,아니 개 쫄본데 ㅈㄴ 무서워서 못 하겠어요 이런 ㅠㅠㅠㅠ 영안 실 개 무서워요 18181818,2020-04-14 14:23:14
883710,Resident Evil 2,positive,공포감도 개쩔고 추천은 하는데 적응성 난이도 때문인지 크리티컬 때문인지 잡좀비가 지나치게 질겨서 때로는 싸우지 않고 그냥 넘어가야 한다는 걸 직관적으로 알려줬으면 한다 보통 난이도인데도 빤스런이 그렇게 필요한 줄은 몰라서 넘 고생했다,공포 감도 개 쩔고 추천 은 하는데 적응 성 난이도 때문 인지 크리티컬 때문 인지 잡 좀비 가 지나치게 질겨 서 때로는 싸우지 않고 그냥 넘어가야 한다는 걸 직관 적 으로 알려 줬으면 한다 보통 난이도 인데 도 빤스런 이 그렇게 필요한 줄 은 몰라서 넘 고생 했다,2020-04-14 11:57:32
883710,Resident Evil 2,positive,"'압도적으로 긍정적' 평가가 달린 게임들에는 다 이유가 있는듯 스토리 진행 안하고 그저 맵만 돌아다녀도 개꿀잼 분위기 자체가 겁나 어둡고, 시야가 제한된데다가 갑툭튀가 많아서 진짜 불 다꺼놓고 이불 덮어쓴 채로 패드 쪼물락 거리고 있으면 진짜 개재밌습니다 키마로도 플레이 무리 없으나 진동 연출이 많아서 패드로 하는게 더 재밌어요 개인적으로 탐색 완료한 구역 파랗게 표시해줘서 쓸데없이 시간 낭비 안하게 만들어놓은거 정말 칭찬하고 싶네요 근본 없는 퍼즐들이 좀 마이너스 요소이긴 한데 구글에 검색하면 모든 해답 다 나와있으니 시간 낭","' 압도 적 으로 긍정 적 ' 평가 가 달린 게임 들 에는 다 이유 가 있는듯 스토리 진행 안 하고 그저 맵 만 돌아다녀도 개꿀잼 분위기 자체 가 겁나 어둡고 , 시야 가 제한 된데다가 갑툭튀 가 많아서 진짜 불 다 꺼놓고 이불 덮어 쓴 채 로 패드 쪼물락 거리 고 있으면 진짜 개 재밌습니다 키 마로 도 플레이 무리 없으나 진동 연출 이 많아서 패드 로 하는게 더 재밌어요 개인 적 으로 탐색 완료 한 구역 파랗게 표시 해줘서 쓸데없이 시간 낭비 안 하게 만들어놓은 거 정말 칭찬 하고 싶네요 근본 없는 퍼즐 들 이 좀 마이너스 요소 이긴 한데 구글 에 검색 하면 모든 해답 다 나와있으니 시간 낭",2020-04-14 02:49:02
883710,Resident Evil 2,positive,재밌다,재밌다,2020-04-14 02:05:51
883710,Resident Evil 2,positive,만약 본인이 공포게임을 한번도 안해봤다면 입문작으로 이 작품을 추천하겠다. 게임이 너무 무섭지도 않고 그랬다고 쉽지도 않으며 딱 공포게임이 가져야 할 요소들만 가지고 있어서 좋다.,만약 본인 이 공포 게임 을 한번 도 안 해봤다면 입문 작 으로 이 작품 을 추천 하겠다 . 게임 이 너무 무섭지도 않고 그랬다고 쉽지도 않으며 딱 공포 게임 이 가져야 할 요소 들 만 가지 고 있어서 좋다 .,2020-04-14 00:30:31
883710,Resident Evil 2,positive,스토리 게임 진짜 오랜만에 해보는데 재밌다 아 맞다 ㅋㅋ 클레어 파트 하는데 섬광 탄환이라길래;;; 진짜 섬광탄인 줄 알고 박스에 다 넣어둔 채로 산성탄만 준내 썼는데 알고보니 소이탄이더라 ㅋㅋ 십;;;;;;;;,스토리 게임 진짜 오랜 만 에 해보는데 재밌다 아 맞다 ㅋㅋ 클레어 파트 하는데 섬광 탄환 이라길래 ;;; 진짜 섬광탄 인 줄 알 고 박스 에 다 넣어 둔 채 로 산성 탄만 준내 썼는데 알 고 보니 소이탄 이 더 라 ㅋㅋ 십 ;;;;;;;;,2020-04-13 21:34:48
883710,Resident Evil 2,positive,"레지던트 이블7을 너무 재밌게 즐기고, 이후 2 리메이크도 결국 사버렸다. 역시 너무 재미있게 했다. 워낙에 똥손이라 클리어 하는데, 애를 먹었지만... 결국 세일 때 무한탄약DLC를 구입 후 가지고 놀았다. 지금은 다시 무한탄약 없이 다시 즐기고 있다. 내가 원래 이 시리즈의 팬은 아니기 때문에 과거 팬들이 이 게임을 다시 구매해야 하는 이유의 당위성에 대해 설파할 자신은 없다. 다만 원작의 팬이고 아니고를 떠나서 서바이벌 호러 게임 자체로 볼 때도 재밌는 게임 이라고 생각한다. 좀비들 사이를 날라다니며 무쌍을 찍는 게임은","레지던트 이블 7 을 너무 재밌게 즐기고 , 이후 2 리메이크 도 결국 사 버렸다 . 역시 너무 재미있게 했다 . 워낙 에 똥손 이라 클리어 하는데 , 애 를 먹었지만 ... 결국 세 일 때 무한 탄약 DLC 를 구입 후 가지 고 놀았다 . 지금 은 다시 무한 탄약 없이 다시 즐기고 있다 . 내 가 원래 이 시리즈 의 팬 은 아니기 때문 에 과거 팬 들 이 이 게임 을 다시 구매 해야 하는 이유 의 당 위성 에 대해 설파 할 자신 은 없다 . 다만 원작 의 팬 이고 아니고를 떠나서 서바이벌 호러 게임 자체 로 볼 때 도 재밌는 게임 이라고 생각 한다 . 좀비 들 사이 를 날라다니며 무쌍 을 찍는 게임 은",2020-04-13 20:07:10
883710,Resident Evil 2,positive,저한테 끝내주게 멋진 생각이 있거든요 - 클레어 주인공은 아는데 나는 몰라서 그냥 총알 쏟아부었음;;,저 한테 끝내주게 멋진 생각 이 있거든요 - 클레어 주인공 은 아는데 나 는 몰라서 그냥 총알 쏟아 부었음 ;;,2020-04-13 13:20:15
883710,Resident Evil 2,positive,고이면 고일수록 다른거 보다 내가 괴물이 됨,고이 면 고 일수록 다른거 보다 내 가 괴물 이 됨,2020-04-13 11:07:26
883710,Resident Evil 2,positive,굳,굳,2020-04-12 21:08:25
883710,Resident Evil 2,positive,"재밌다. 그래픽도 좋고, 내장도 풍부하게 나와서 미각이 살아남","재밌다 . 그래픽 도 좋고 , 내장 도 풍부하게 나와서 미각 이 살아남",2020-04-12 19:14:51
883710,Resident Evil 2,positive,혼자 하면 졸라 무서움;;,혼자 하면 졸라 무서움 ;;,2020-04-12 18:37:30
883710,Resident Evil 2,positive,쫄깃한 맛이 재밌네요,쫄깃 한 맛 이 재밌네요,2020-04-12 16:05:20
883710,Resident Evil 2,positive,개추,개추,2020-04-12 15:54:22
883710,Resident Evil 2,positive,"일단 공포게임이라고 해서 샀는데 별로 안무서워서 아쉬웠는데, 타일런트를 보고 도망치다가 앞길이 막혔고 뒤를 보니 타일런트가 있을때, 그때만큼은 정말 무서웠다. 하지만 나머지 상황들은 그냥 그저 그랬고 공포게임이라고 해서 기대하면서 샀는데 내가 봤을땐 퍼즐 푸는 재미로 했는거 같다. 진짜 공포를 느끼고 싶으면 바이오하자드7을 하는걸 추천할꺼 같다. 엔진도 똑같아서 그래픽도 같고 공포감은 이번작보단 더 무서움","일단 공포 게임 이라고 해서 샀는데 별로 안 무서워서 아쉬웠는데 , 타 일 런트 를 보고 도망치다가 앞길 이 막혔고 뒤 를 보니 타 일 런트 가 있을 때 , 그때 만큼은 정말 무서웠다 . 하지만 나머지 상황 들 은 그냥 그저 그랬고 공포 게임 이라고 해서 기대하면서 샀는데 내 가 봤을 땐 퍼즐 푸는 재미 로 했는거 같다 . 진짜 공포 를 느끼고 싶으면 바이오하자드 7 을 하 는걸 추천 할꺼 같다 . 엔진 도 똑같아서 그래픽 도 같고 공포 감은 이 번작 보단 더 무서움",2020-04-12 13:17:34
883710,Resident Evil 2,positive,플레이타임도 적절하고 재밌는듯 좀 뒤늦게 시작한 감은 있지만 바하3 리메이크도 해봤는데 바하2는 적절히 여러가지 요소를 잘 섞은건 기본이고 플탐도 적당하고 바하3는 바하2때 적절히 여러가지 요소를 가지고온 동시에 스토리가 반토막; 김두한형님은 역시나 동네바보형!,플레이 타임 도 적절하고 재밌는듯 좀 뒤늦게 시작 한 감은 있지만 바하 3 리메이크 도 해봤는데 바하 2 는 적절히 여러가지 요소 를 잘 섞은건 기본 이고 플 탐도 적당하고 바하 3 는 바하 2 때 적절히 여러가지 요소 를 가지 고온 동시 에 스토리 가 반토막 ; 김두한 형님 은 역시 나 동 네 바보 형 !,2020-04-12 01:56:18
883710,Resident Evil 2,positive,이보다 더 좋은 리메이크를 볼 수 있을까?,이보 다 더 좋은 리메이크 를 볼 수 있을까 ?,2020-04-11 23:31:42
883710,Resident Evil 2,positive,b,b,2020-04-11 21:25:21
883710,Resident Evil 2,positive,갓겜,갓 겜,2020-04-11 19:51:59
883710,Resident Evil 2,positive,시간순삭겜 바하3보다좋다 65000원이 아깝지않다!,시간 순삭 겜 바하 3 보다 좋다 65000원 이 아깝지 않다 !,2020-04-11 16:07:57
883710,Resident Evil 2,positive,클레어가 멋있고 레온이 예쁘네요 (★★★★★) 좀비게임 중에 최고의 간판이 된 레지던트 이블 2 리메이크 본점 아주 맛있어요 종업원 중에 타이런스라고 명찰 달린 서빙분 오해했었는데 알고보니 상냥하고 배려심이 넘치시더라구요 일하시는 모든 분들이 매력이 넘치지 않나 생각이 듭니다 다음에는 리메이크 3 본점에 가 봐야겠어요~,클레어 가 멋있고 레온 이 예쁘네요 ( ★★★★★ ) 좀비 게임 중 에 최고 의 간판 이 된 레지던트 이블 2 리메이크 본점 아주 맛있어요 종업원 중 에 타 이런 스 라고 명찰 달린 서빙 분 오해 했었는데 알 고 보니 상냥하고 배려 심 이 넘치시더라구요 일 하시는 모든 분 들 이 매력 이 넘치지 않나 생각 이 듭니 다 다음 에는 리메이크 3 본점 에 가 봐야겠어요 ~,2020-04-11 14:13:37
883710,Resident Evil 2,positive,캐릭터들 얼굴이 현실적인 모습으로 바꼈는데 잘 바뀐듯,캐릭터 들 얼굴 이 현실 적 인 모습 으로 바 꼈는데 잘 바뀐듯,2020-04-11 08:50:09
883710,Resident Evil 2,positive,재미있음,재미있음,2020-04-11 05:18:18
883710,Resident Evil 2,positive,존나 무서워서 못하겠어요,존나 무서워서 못 하겠어요,2020-04-10 22:53:25
883710,Resident Evil 2,positive,바이오하자드 RE2 엔딩 보았습니다 클레어하고 레온 다 해서 9시간 정도 걸렸네요 탄창 정해진게 싫어서 세이브를 통해 무한 탄창을 얻고 깼습니다 정말 굳잡 게임이 일단 바하7이랑 비슷하면서도 달라요 공보는 경찰서까지입니다 그 후로는 진짜 ㅈ도 안 무서워요 무한 탄창 버리고 왔는데도 안 무섭습니다 무서운 게임 싫어도 이건 해봐야 앎 여캐 2명 매우 만족,바이오하자드 RE 2 엔딩 보았습니다 클레어 하고 레온 다 해서 9시간 정도 걸렸네요 탄창 정해진 게 싫어서 세이브 를 통해 무한 탄창 을 얻고 깼습니다 정말 굳 잡 게임 이 일단 바하 7 이랑 비슷하면서도 달라 요 공보 는 경찰서 까지 입니다 그 후 로는 진짜 ㅈ 도 안 무서워요 무한 탄창 버리고 왔는데도 안 무섭습니다 무서운 게임 싫어도 이건 해봐야 앎 여캐 2 명 매우 만족,2020-04-10 22:14:21
883710,Resident Evil 2,positive,great!,great !,2020-04-10 09:43:59
883710,Resident Evil 2,positive,갓겜 갓콤,갓 겜 갓 콤,2020-04-10 09:33:31
883710,Resident Evil 2,positive,재미있네~ ㅋㅋ,재미있네 ~ ㅋㅋ,2020-04-10 00:32:04
883710,Resident Evil 2,positive,일단 추천할만한 게임입니다. 안해봤을때는 몰랐지만 해보고난 뒤에는 재밌더군요.,일단 추천 할만 한 게임 입니다 . 안 해봤을 때 는 몰랐지만 해보고난 뒤 에는 재밌더군요 .,2020-04-09 19:20:50
883710,Resident Evil 2,positive,퍼즐 좀 앵간히하고 지금 당장 뭘 해야하는지 명확히 표시해주면 좋겠습니다. 공략을 찾아봐야 하는 것 자체가 비정상입니다.,퍼즐 좀 앵 간히하고 지금 당장 뭘 해야하는지 명확히 표시 해주면 좋겠습니다 . 공략 을 찾아봐야 하는 것 자체 가 비정상 입니다 .,2020-04-09 15:25:44
883710,Resident Evil 2,positive,바하 리멬3에 비하면 가격대비 천사.,바하 리멬 3 에 비 하면 가격 대비 천사 .,2020-04-09 11:22:27
883710,Resident Evil 2,positive,좀비와 퍼즐 꿀잼,좀비 와 퍼즐 꿀잼,2020-04-09 10:26:47
883710,Resident Evil 2,positive,타일런트 쫓아오는거 엿같은데 역시 바하임 꿀잼,타일 런트 쫓아오는거 엿 같은데 역시 바 하임 꿀잼,2020-04-09 00:23:06
883710,Resident Evil 2,positive,공략영상 보면서 해도 쫄림.,공략 영상 보면서 해도 쫄림 .,2020-04-08 23:36:29
883710,Resident Evil 2,positive,nice,nice,2020-04-08 18:30:46
883710,Resident Evil 2,positive,44시간에 다른 플레이어 추천 타이밍은 무엇?,44시간 에 다른 플레이어 추천 타이밍 은 무엇 ?,2020-04-07 21:39:09
883710,Resident Evil 2,positive,여주인공으로 다깨는데 9시간 걸렷는데 플탐도 뭐 적당하고 감정이입 해가 재밋게햇음ㅋㅋㅋㅋㅋ난중에 3세일하면 또 사야겟다 이제 남주인공으로 깨야징,여 주인공 으로 다 깨는데 9시간 걸렷는데 플 탐도 뭐 적당하고 감정이입 해 가 재밋게햇음 ㅋㅋㅋㅋㅋ 난중 에 3 세 일 하 면 또 사야겟다 이제 남 주인공 으로 깨야 징,2020-04-07 21:22:47
883710,Resident Evil 2,positive,일상이 무료하다면 얼른 사서 멋지게 끝낸 후 자신이 살아있음을 느껴라,일상 이 무료 하다면 얼른 사서 멋지게 끝낸 후 자신 이 살아있 음 을 느껴라,2020-04-06 23:42:52
883710,Resident Evil 2,positive,2를 할인할때 사고 3를 정가주고 샀다 반대로 샀어야 했는데...,2 를 할인 할 때 사고 3 를 정가 주고 샀다 반대 로 샀어야 했는데 ...,2020-04-06 00:06:17
883710,Resident Evil 2,positive,띵작,띵작,2020-04-05 20:56:24
883710,Resident Evil 2,positive,"초반에 약간의 깝툭튀와 으스스한 분위기가 심장 쫄리게 만들지만, 플레이 할 수록 깝툭튀 요소가 확 줄어들고 대충 예상도 가능함. 무엇보다 아웃라스트 보다는 덜 무서워서 쫄보도 재밌게 플레이 가능.","초반 에 약간 의 깝툭 튀와 으스스한 분위기 가 심장 쫄리 게 만들지만 , 플레이 할 수록 깝툭 튀 요소 가 확 줄어들고 대충 예상 도 가능함 . 무엇 보다 아웃 라스트 보다는 덜 무서워서 쫄보 도 재밌게 플레이 가능 .",2020-04-05 19:37:44
883710,Resident Evil 2,positive,바이오하자드 3보다 재밋음,바이오하자드 3 보다 재밋음,2020-04-05 17:17:41
883710,Resident Evil 2,positive,다시보니 선녀 같다!,다시 보니 선녀 같다 !,2020-04-05 02:39:00
883710,Resident Evil 2,positive,재미있다. 어렵다. 잔인하다. 무섭다. 레지던트 이블 시리즈를 해보지 않은 사람이라면 추천한다. 정가주고 사기에는 다소 부담스러운 가격이지만 제값은 하는 게임이라고 생각한다.,재미있다 . 어렵다 . 잔인하다 . 무섭다 . 레지던트 이블 시리즈 를 해보지 않은 사람 이 라면 추천 한다 . 정가 주고 사기 에는 다소 부담스러운 가격 이지만 제 값 은 하는 게임 이라고 생각 한다 .,2020-04-05 02:13:43
883710,Resident Evil 2,positive,두한이 형님 작작하십쇼,두 한 이 형님 작작하십 쇼,2020-04-05 01:00:11
883710,Resident Evil 2,positive,와 진짜 재밌어요!!!!,와 진짜 재밌어요 !!!!,2020-04-04 22:26:46
883710,Resident Evil 2,positive,갓겜이었고 레온파트클리어했다 처음에 모든 좀비를 죽이자는 마음가짐으로 임했지만 곧 이게임은 그동안 해왔던 그런 게임들이 아니라는걸 깨닫고 최소한의 총알소모로 게임을 클리어하게 됐다 이게 같은 장소나 그주변을 파헤치면서 새로 문을 개방하거나 무기를 강화하거나 못가던 곳을 두고 나중에 아이템을 얻고 돌아와서 열거나하는데 쾌감이 좋았다 그리고 본인은 강박증같은게 있어서 맵을 샅샅이 꼼꼼히 뒤져야 마음이 편해지는데 이게임은 뭔가 챙겨야할게 있으면 빨간색으로 지도에 표시가 되어있어서 비교적 마음편하게 게임을 진행할수있었다 다깨고 느낀점은 아,갓 겜 이었고 레온 파트 클리어 했다 처음 에 모든 좀비 를 죽이자는 마음가짐 으로 임 했지만 곧 이 게임 은 그동안 해왔던 그런 게임 들 이 아니라 는걸 깨닫고 최소한 의 총알 소모 로 게임 을 클리어 하게 됐다 이 게 같은 장소 나 그 주변 을 파헤치면서 새로 문 을 개방 하 거나 무기 를 강화하거나 못 가던 곳 을 두고 나중 에 아이템 을 얻고 돌아와서 열거 나 하는데 쾌감 이 좋았다 그리고 본인 은 강박증 같은게 있어서 맵 을 샅샅이 꼼꼼히 뒤져야 마음 이 편해지는데 이 게임 은 뭔가 챙겨 야할게 있으면 빨간색 으로 지도 에 표시 가 되어있어서 비교 적 마음 편하게 게임 을 진행 할수있었다 다 깨고 느낀 점 은 아,2020-04-04 15:59:00
883710,Resident Evil 2,positive,"개인적으로 너무 재미있게 플레이한 명작이다. A루트는 클레어로, B루트는 레온으로 플레이했고, 그 후 A루트를 레온으로 한 번 더 클리어했다. A루트와 B루트가 각각 상호작용을 하며 조금씩 세계가 이어져있는 부분들을 찾는 것이 즐거웠다. 또한 '얘로는 못 갔는데 얘로는 갈 수 있네?'의 진행 방식이 장점인 듯 하다. 종종 A루트에서 열어놓거나 무언가 해놓은 것, 또는 퍼즐의 세세한 부분이 조금씩 달라서 아쉽기도 했으나 둘 다 같은 분량의 퍼즐을 다르게 만들어놓는건 맵의 크기상 불가능하기때문에 어쩔 수 없는 게임적 허용으로 하고 스토","개인 적 으로 너무 재미있게 플레이 한 명작 이다 . A 루트 는 클레어 로 , B 루트 는 레온 으로 플레이 했고 , 그 후 A 루트 를 레온 으로 한 번 더 클리어 했다 . A 루트 와 B 루트 가 각각 상호작용 을 하며 조금씩 세계 가 이어져있는 부분 들 을 찾는 것 이 즐거웠다 . 또한 ' 얘 로는 못 갔는데 얘 로는 갈 수 있네 ?' 의 진행 방식 이 장점 인 듯 하다 . 종종 A 루트 에서 열어놓거나 무언가 해놓은 것 , 또는 퍼즐 의 세세한 부분 이 조금씩 달라 서 아쉽 기도 했으나 둘 다 같은 분량 의 퍼즐 을 다르게 만들어놓는건 맵 의 크기 상 불가능하기 때문 에 어쩔 수 없는 게임 적 허용 으로 하고 스토",2020-04-04 15:27:01
883710,Resident Evil 2,positive,"처음으로 레지던트 이블이란 게임을 해봤다. 게임 잘 샀다는 생각이 들고, 다음 리마스터가 기다려질 만큼 재밌게 했다.","처음 으로 레지던트 이블 이란 게임 을 해봤다 . 게임 잘 샀다는 생각 이 들고 , 다음 리 마스터 가 기다려질 만큼 재밌게 했다 .",2020-04-04 15:00:32
883710,Resident Evil 2,positive,"게임 자체는 인기 호러게임 리메이크작으로써 완성도는 높음. 하지만 게임 볼륨이 작고 공략보지 않고는 클리어가 불가능한점이 유일한 단점. 한마디로 바이오하저드 팬이 아니면 진입장벽은 높은편 ( 게임난이도, 장르적인 특성 )","게임 자체 는 인기 호러 게임 리메이크 작 으로써 완성 도 는 높음 . 하지만 게임 볼륨 이 작고 공략 보지 않고는 클리어 가 불가능한 점 이 유일한 단점 . 한마디 로 바이오 하 저 드 팬 이 아니면 진입 장벽 은 높은 편 ( 게임 난이도 , 장르 적 인 특성 )",2020-04-04 14:21:57
883710,Resident Evil 2,positive,어릴때 삼촌이 가져왔던 플스1으로 바이오하자드 2를 해보고 바하 시리즈에 입문한 사람으로써 리메이크 진짜 너무 감격스러움.... 물론 추억팔이일 수도 있지만 많은 사람들이 좋아하던 시리즈의 리메이크인지라 그것만으로도 살 가치는 충분하다고 생각됩니다 *바하3 리메이크는 반값이상 세일할때 사세요,어릴 때 삼촌 이 가져왔던 플스 1 으로 바이오하자드 2 를 해보고 바하 시리즈 에 입문 한 사람 으로써 리메이크 진짜 너무 감격 스러 움 .... 물론 추억 팔이일 수도 있지만 많은 사람 들 이 좋아하던 시리즈 의 리메이크 인지 라 그것 만으로도 살 가치 는 충분하다고 생각 됩니다 * 바하 3 리메이크 는 반값 이상 세 일 할 때 사세요,2020-04-04 03:25:05
883710,Resident Evil 2,positive,강력 추천,강력 추천,2020-04-03 22:49:30
883710,Resident Evil 2,positive,김두한 시발,김두한 시발,2020-04-03 16:13:18
883710,Resident Evil 2,positive,"유튜브에서 보던 것처럼 두한이 형님이 잘 따라오지는 않는다. 하지만 그 존재만으로도 긴장을 유발하며 제한된 무기의 사용이 항상 플레이어로 하여금 긴장하도록 한다 속도감 있고 액션이 많은 것을 좋아하는 사람에게는 비추, 이 게임은 그런 방식으로 긴박함을 일으키지 않기 때문이다. 전작을 즐겨본적 없었기 때문에 사람들이 왜 열광하는지 이해하지 못했고 처음 플레이 두시간만에 무언가 답답함을 느끼고 접게 되었다. 하지만 라이브러리에서 은은하게 빛나는 레온의 얼굴은 항상 나에게 플레이를 해달라고 말하는 듯 했고 다시 플레이를 하면서 이","유튜브 에서 보던 것 처럼 두 한 이 형님 이 잘 따라오지는 않는다 . 하지만 그 존재 만으로도 긴장 을 유발 하며 제한 된 무기 의 사용 이 항상 플레이어 로 하여금 긴장 하도록 한다 속 도감 있고 액션 이 많은 것 을 좋아하는 사람 에게는 비추 , 이 게임 은 그런 방식 으로 긴박함을 일으키지 않기 때문 이다 . 전작 을 즐겨 본적 없었기 때문 에 사람 들 이 왜 열광하는지 이해 하지 못 했고 처음 플레이 두 시간 만에 무언가 답답함을 느끼고 접게 되었다 . 하지만 라이브러리 에서 은은하게 빛나는 레온 의 얼굴 은 항상 나 에게 플레이 를 해달라고 말 하는 듯 했고 다시 플레이 를 하면서 이",2020-04-03 14:48:47
883710,Resident Evil 2,positive,타일런트 개객끼 ㅠㅠ,타일 런트 개객끼 ㅠㅠ,2020-04-03 02:12:02
883710,Resident Evil 2,positive,빠른 템포의 게임만 해서 이런 류의 게임은 처음이라 초반에는 답답하고 힘들었지만 나중에 익숙해지고 어느정도 노하우가 생긴 이후에는 4회차 모두 진행할 정도로 재밌게 했음,빠른 템포 의 게임 만 해서 이런 류 의 게임 은 처음 이라 초반 에는 답답하고 힘들었지만 나중 에 익숙해지고 어느 정도 노하우 가 생긴 이후 에는 4회 차 모두 진행 할 정도 로 재밌게 했음,2020-04-03 01:34:38
883710,Resident Evil 2,positive,Best Of the Best!!!!,Best Of the Best !!!!,2020-04-03 00:08:23
883710,Resident Evil 2,positive,바이오하자드2 리메이크는 2019년 대작중 하나,바이오하자드 2 리메이크 는 2019년 대작 중 하나,2020-04-02 19:59:40
883710,Resident Evil 2,positive,갓겜이긴 한데 한번씩 놀람 ㅋㅋㅋ,갓 겜 이긴 한데 한번 씩 놀람 ㅋㅋㅋ,2020-04-02 15:45:04
883710,Resident Evil 2,positive,바이오하자드 리메이크 3 발매때문에 2편부터 즐기는 유저입니다. 3시간 플레이 하였지만 쫄보라서 한번 진행하고 세이브 하면서 플레이 하고 있어요 하지만 정말 실감나는 그래픽에 사운드까지 정말 잼나네요 강추 합니다.,바이오하자드 리메이크 3 발매 때문 에 2 편 부터 즐기는 유저 입니다 . 3시간 플레이 하였지만 쫄보 라서 한번 진행 하고 세이브 하면서 플레이 하고 있어요 하지만 정말 실감 나 는 그래픽 에 사운드 까지 정말 잼나네요 강추 합니다 .,2020-04-02 15:35:59
883710,Resident Evil 2,positive,good,good,2020-04-02 15:02:31
883710,Resident Evil 2,positive,공략보고 하면 할만함 그런데 아직까진 안보고 공략하긴 힘든거 같음 어려운 만큼 성취감 지린 게임 ㅇㅅㅇ,공략 보고 하면 할만 함 그런데 아직 까진 안보 고 공략 하긴 힘든거 같음 어려운 만큼 성취 감 지린 게임 ㅇㅅㅇ,2020-04-01 21:40:15
883710,Resident Evil 2,positive,리메이크 성공작의 대표격이 될 작품,리메이크 성 공작 의 대표격 이 될 작품,2020-04-01 01:30:14
883710,Resident Evil 2,positive,총알의 압박에서 스트레스 받지 않는다면 해볼만한 게임.,총알 의 압박 에서 스트레스 받지 않는다면 해볼만 한 게임 .,2020-03-31 16:28:32
883710,Resident Evil 2,positive,이 게임을 하고 심장이 좋아졌습니다.,이 게임 을 하고 심장 이 좋아졌습니다 .,2020-03-31 13:17:27
883710,Resident Evil 2,positive,무한바주카 검나 잼밋슴 ㅎㅎ,무한 바주카 검 나 잼밋슴 ㅎㅎ,2020-03-31 08:04:02
883710,Resident Evil 2,positive,"출시하자마자 할까 말까 고민만 계속하다가... 데모 버전을 찾게 돼서 데모 버전을 해보니 .. '이건 꼭 사야겠다!'라는 생각이 바로 들어서 바로 구매하려고 했는데 약간 비싸다 생각돼서 머뭇거리고 있었는데 50% 할인을 하니 이건 어쩔 수 없다는 생각이 들어 구매했습니다. 지금 게임을 51분째하고 평가를 내립니다. 그래픽도 좋은 것 같고., 스토리도 괜찮은 것 같고, 좀비 시스템도 제가 했던 게임들과는 느낌이 너무 달라서 .. 신선한 느낌을 받았습니다. 그전에 즐겨 했던 좀비 게임들은.. 프로토타입 1,2 /레포데 1,2 /카스","출시하자마자 할까 말까 고민 만 계속 하다가 ... 데모 버전 을 찾게 돼서 데모 버전 을 해보니 .. ' 이건 꼭 사야겠다 !' 라는 생각 이 바로 들어서 바로 구매 하려고 했는데 약간 비싸다 생각 돼서 머뭇거리고 있었는데 50% 할인 을 하니 이건 어쩔 수 없다는 생각 이 들어 구매 했습니다 . 지금 게임 을 51분 째하고 평가 를 내립니다 . 그래픽 도 좋은 것 같고 ., 스토리 도 괜찮은 것 같고 , 좀비 시스템 도 제 가 했던 게임 들 과는 느낌 이 너무 달라 서 .. 신선한 느낌 을 받았습니다 . 그 전 에 즐겨 했던 좀비 게임 들 은 .. 프로토타입 1 , 2 / 레포데 1 , 2 / 카스",2020-03-30 19:27:31
883710,Resident Evil 2,positive,강추,강추,2020-03-30 14:41:06
883710,Resident Evil 2,positive,오리지널 바이오하자드2의 분위기보다 더 업된 분위기로 플레이어를 압도하며 타일런트 등장 이후의 추격전은 플레이어로 하여금 긴장감을 더 극대화 시킵니다. 역시 바이오하자드! 라고 할만한 게임입니다.,오 리지 널 바이오하자드 2 의 분위기 보다 더 업 된 분위기 로 플레이어 를 압도 하며 타일 런트 등장 이후 의 추 격전 은 플레이어 로 하여금 긴장감 을 더 극 대화 시킵니다 . 역시 바이오하자드 ! 라고 할만 한 게임 입니다 .,2020-03-30 12:42:47
883710,Resident Evil 2,positive,이거 진짜 재밌음,이 거 진짜 재밌음,2020-03-29 18:51:22
883710,Resident Evil 2,positive,굿굿굿 최강 굿굿굿 이집 리메이크 잘하네,굿굿굿 최강 굿굿굿 이집 리메이크 잘 하네,2020-03-29 15:19:33
883710,Resident Evil 2,positive,그래픽 좋고 재밌있는데... 너무너무 무서워요...,그래픽 좋고 재밌있는데 ... 너무 너무 무서워요 ...,2020-03-29 11:47:45
883710,Resident Evil 2,positive,갓작인데 무제한 무기 먹기 참 힘드네 슈밤,갓 작 인데 무제한 무기 먹기 참 힘드네 슈밤,2020-03-29 05:21:47
883710,Resident Evil 2,positive,"뛰는게 아니라 경보 수준인 이동속도와 헤드를 몇번을 박아도 죽질 않는 좀비들, 날 스토킹하는 머머리로 스트레스 받다가 무한탄창 무기로 무쌍 찍으며 행복을 느낄 수 있는 게임","뛰는게 아니라 경보 수준 인 이동속도 와 헤드 를 몇번 을 박아 도 죽질 않는 좀비 들 , 날 스토킹 하는 머 머리 로 스트레스 받다가 무한 탄창 무기 로 무쌍 찍으며 행복 을 느낄 수 있는 게임",2020-03-29 02:27:34
883710,Resident Evil 2,positive,원작의 공포겜으로서의 회귀가 정말 충실합니다. 체술같은 것도 없기에 생각없이 총탄을 남발하면 생필품이 부족현상 때문에 허덕이는 점도 같구요 4~6까지는 아이템 계승이 나름 되었었는데 리메는 아이템 계승이 없어서 더욱 쫄리는군요 20년도 더된 게임을 이런 좋은 그래픽으로 할 수 있어서 즐겁습니다.,원작 의 공포 겜 으로서의 회귀 가 정말 충실합니다 . 체술 같은 것 도 없기에 생각 없이 총탄 을 남발 하면 생필품 이 부족 현상 때문 에 허덕이는 점도 같구요 4~6 까지는 아이템 계승 이 나름 되었었는데 리 메는 아이템 계승 이 없어서 더욱 쫄리는군 요 20년 도 더 된 게임 을 이런 좋은 그래픽 으로 할 수 있어서 즐겁습니다 .,2020-03-28 23:22:00
883710,Resident Evil 2,positive,갓겜,갓 겜,2020-03-28 10:58:18
883710,Resident Evil 2,positive,갓갓겜,갓 갓 겜,2020-03-27 02:09:54
883710,Resident Evil 2,positive,사자마자 바로 고여버리게 만드는 마성의 갓겜...,사 자마자 바로 고여 버리게 만드는 마 성의 갓 겜 ...,2020-03-26 18:47:52
883710,Resident Evil 2,positive,갓겜 Awesome Game,갓 겜 Awesome Game,2020-03-26 08:49:39
883710,Resident Evil 2,positive,재밌고 곧 3도 나오는데 기대중,재밌고 곧 3 도 나오는데 기 대중,2020-03-25 23:36:46
883710,Resident Evil 2,positive,바이오하자드이다 더 필요한가? 현대적인 감각도 매우 잘살린 매우 잘만든 게임이다 RE:3나오기전에 한번 플레이 해보는것도 참 좋다 RE:3를 플레이 하고 난뒤에 하는것도 나쁘지는 않지만 RE:3가 추가적인 시스템이 들어갔기 때문에 뭔가 불편함이 있을수도 있다 다른말이 필요가 없다 오리지날 바이오하자드2의 느낌을 현대적으로 매우 잘살려낸 매우 잘만든 리메이크다,바이오하자드 이다 더 필요한가 ? 현대 적 인 감각 도 매우 잘 살린 매우 잘만 든 게임 이다 RE : 3 나오기전에 한번 플레이 해보는것도 참 좋다 RE : 3 를 플레이 하고 난뒤 에 하는것도 나쁘지는 않지만 RE : 3 가 추가 적 인 시스템 이 들어갔기 때문 에 뭔가 불편함이 있을수도 있다 다른 말 이 필요 가 없다 오리 지날 바이오하자드 2 의 느낌 을 현대 적 으로 매우 잘살려 낸 매우 잘만 든 리메이크 다,2020-03-25 23:30:52
883710,Resident Evil 2,positive,아주 무섭긴 해도 스릴 있고 재밌는 거 같아요.,아주 무섭긴 해도 스릴 있고 재밌는 거 같아요 .,2020-03-25 21:40:49
883710,Resident Evil 2,positive,두 말할 것도 없는 마스터피스,두 말 할 것 도 없는 마스터피스,2020-03-25 19:05:44
883710,Resident Evil 2,positive,갓겜 그자체,갓 겜 그 자체,2020-03-24 17:36:05
883710,Resident Evil 2,positive,My Score 95/100 꼭 해보셔야할 타이틀입니다.,My Score 95/100 꼭 해보셔 야할 타이틀 입니다 .,2020-03-24 15:44:33
883710,Resident Evil 2,positive,타이런트 ^^ㅣ발년아,타 이런 트 ^^ ㅣ 발년 아,2020-03-23 21:21:44
883710,Resident Evil 2,positive,"구매 고민하는 분들을 위한 후기 1. 별도의 패드가 없어도 게임지장하는데 전혀 문제가 없습니다. 이 부분이 사실 콘솔게임이 pc화 되었을때 많은 걸림돌이 되는데, 개인적으로는 기존에 사용했던 엑박원 패드보다 키보드 마우스플레이가 에임 맞추기가 더 쉬워서 키보드 마우스 플레이가 더 게임진행에 수월했으며, 기본적으로 키조작이 엄청 복잡하지않고 심플해서 좋습니다. 일부 타게임의 경우, 패드가 없이 키보드 마우스 플레이로 거의 게임이 불가능할정도의 조작감이 느껴지는데 이게임은 키보드 마우스로 플레이가 가능하며, 개인취향에 따라 키보","구매 고민 하는 분 들 을 위 한 후기 1 . 별도 의 패드 가 없어도 게임 지 장하는데 전혀 문제 가 없습니다 . 이 부분 이 사실 콘솔 게임 이 pc 화 되었을 때 많은 걸림 돌이 되는데 , 개인 적 으로는 기존 에 사용 했던 엑박 원 패드 보다 키 보드 마우스 플레이 가 에 임 맞추기가 더 쉬워서 키 보드 마우스 플레이 가 더 게임 진행 에 수월했으며 , 기본 적 으로 키 조작 이 엄청 복잡하지 않고 심플 해서 좋습니다 . 일부 타 게임 의 경우 , 패드 가 없이 키 보드 마우스 플레이 로 거의 게임 이 불가능할 정도 의 조 작 감 이 느껴지는데 이 게임 은 키 보드 마우스 로 플레이 가 가능하며 , 개인 취향 에 따라 키보",2020-03-23 19:00:31
883710,Resident Evil 2,positive,넘 어렵고 무서운대 잼써욤,넘 어렵고 무서운대 잼써욤,2020-03-22 07:30:34
883710,Resident Evil 2,positive,그냥 따봉임,그냥 따 봉임,2020-03-22 01:50:48
883710,Resident Evil 2,positive,애들 뛰는 게 80세 노인 산보하는 것보다 느려터졌지만 재미는 있음,애 들 뛰는 게 80 세 노인 산보 하는 것 보다 느려 터졌지만 재미 는 있음,2020-03-21 21:17:36
883710,Resident Evil 2,positive,굿,굿,2020-03-21 16:54:45
883710,Resident Evil 2,positive,재미써여,재미 써여,2020-03-21 04:38:46
883710,Resident Evil 2,positive,한국 노가리 잘하는분들만 runplay korea all run 이유 아주 제미있습니다 mods 할수있서 재미 있습니다 바이오하자드3 리메이크 mods 기대 된다.,한국 노가리 잘 하는 분 들 만 runplay korea all run 이유 아주 제 미있습니다 mods 할수있서 재미 있습니다 바이오하자드 3 리메이크 mods 기대 된다 .,2020-03-21 01:05:52
883710,Resident Evil 2,positive,명작임 공포게임 안하는 사람도 해볼만함 갑툭튀 있긴한데 심하지는 않고,명작 임 공포 게임 안 하는 사람 도 해볼만 함 갑툭튀 있긴한데 심하지는 않고,2020-03-20 23:02:20
883710,Resident Evil 2,positive,"재밌습니다! 일단 레온이 잘생겼고, 그리고 레온이 잘생겼습니다. 컨트롤이 안 좋은 편이라서 지원모드로 할지 일반으로 할지 고민하다가 딴에 게이머라는 자존심에 일반으로 했는데 무난하게 할 수 있었습니다. 에임 필요한 대전 게임류 해보신 분들이면 컨트롤이 특출나지 않아도 일반 정도는 하실 수 있을 것 같아요. 제 발목을 잡는 것은 어두껌껌해서 그 길이 이 길 같고 저 길이 요 길 같아서 미니맵이 있음에도 엄청나게 헤매게 되는 저의 길치속성 뿐이었습니다. 에이다로 퍼즐 풀 때 진짜 좁은 맵인데도 길 헤맴때문에 엄청 쳐맞고 ...아ㅏㅏ","재밌습니다 ! 일단 레온 이 잘생겼고 , 그리고 레온 이 잘생겼습니다 . 컨트롤 이 안 좋은 편이 라서 지 원 모드 로 할지 일반 으로 할지 고민 하다가 딴에 게이머 라는 자존심 에 일반 으로 했는데 무난 하게 할 수 있었습니다 . 에 임 필요한 대전 게임 류 해보신 분 들 이면 컨트롤 이 특출나지 않아도 일반 정도 는 하실 수 있을 것 같아요 . 제 발목 을 잡는 것 은 어 두 껌껌해서 그 길이 이 길 같고 저 길이 요 길 같아서 미니맵 이 있음에도 엄청나게 헤매게 되는 저 의 길치 속성 뿐이었습니다 . 에이 다 로 퍼즐 풀 때 진짜 좁은 맵인데도 길 헤맴 때문 에 엄청 쳐 맞고 ... 아 ㅏㅏ",2020-03-20 22:57:00
883710,Resident Evil 2,positive,장점 옛날 감성 느끼면서 할수 있음. 바하 1 2 3 4 때 느꼈던 그 느낌을 느낄수 있다. 단점 빠른템포의 게임을 오랬동안 해온 유저라면 오리지날의 특유의 감성의 느릿느릿 해서 답답함.,장점 옛날 감성 느끼면서 할수 있음 . 바하 1 2 3 4 때 느꼈던 그 느낌 을 느낄수 있다 . 단점 빠른 템포 의 게임 을 오 랬 동안 해온 유저 라면 오리 지날의 특유 의 감성 의 느릿느릿 해서 답답함 .,2020-03-20 00:45:18
883710,Resident Evil 2,positive,처음에는 맵도 모르고 그렇지만 점차 익숙해지면 재밌어요 바하3도 기대작 중 하나입니다!!,처음 에는 맵 도 모르고 그렇지만 점차 익숙해지면 재밌어요 바하 3 도 기 대작 중 하나 입니다 !!,2020-03-19 00:07:18
883710,Resident Evil 2,positive,나만 당할 순 없지,나 만 당할 순 없지,2020-03-17 03:57:31
883710,Resident Evil 2,positive,mr 베리 scare,mr 베리 scare,2020-03-17 03:35:24
883710,Resident Evil 2,positive,캡콤 게임 중 게인적으로 가장 좋아하는 게임 바하3리 기대 하고 있으니까 더욱 재있었다 나도 공포물은 싫었지만 이 게임을 한후 좀더 많은걸 찾아 보게 됬다,캡콤 게임 중 게인 적 으로 가장 좋아하는 게임 바하 3 리 기대 하고 있으니까 더욱 재있었다 나도 공포물 은 싫었지만 이 게임 을 한 후 좀더 많은걸 찾아 보게 됬다,2020-03-16 23:39:53
883710,Resident Evil 2,positive,"엄청 재밌음. 4시스템으로 2하는 느낌. 변경점이 꽤 많은데도 아, 여기이랬지, 저기는 저렇게 나왔네, 하면서 예전에 플레이한 원작 추억이 돋음. 꽤 무섭다길레 쫄았는데 요즘 호러게임처럼 손도 못댈 수준은 아니고, 액션성 적절하고 바하 특유의 간단한 퍼즐성도 살아있음. 명작. 바로 3 예약했다.","엄청 재밌음 . 4시 스템으로 2 하는 느낌 . 변경 점 이 꽤 많은데도 아 , 여기 이랬지 , 저기 는 저렇게 나왔네 , 하면서 예전 에 플레이 한 원작 추억 이 돋음 . 꽤 무섭다길 레 쫄았는데 요즘 호러 게임 처럼 손 도 못 댈 수준 은 아니고 , 액션 성 적절하고 바하 특유 의 간단한 퍼즐 성도 살아있음 . 명작 . 바로 3 예약 했다 .",2020-03-16 13:39:06
883710,Resident Evil 2,positive,최고,최고,2020-03-16 11:21:35
883710,Resident Evil 2,positive,띵띵띵 땡땡땡 띵띵땡땡 띵작놀이,띵띵띵 땡땡 땡 띵띵 땡땡 띵작놀 이,2020-03-16 09:01:56
883710,Resident Evil 2,positive,진짜 쌉 갓겜. 다회차 하드코어로 기록 달성하는거 은근 꿀잼,진짜 쌉 갓 겜 . 다 회차 하드코어 로 기록 달성 하는거 은근 꿀잼,2020-03-15 21:59:48
883710,Resident Evil 2,positive,재밌어요!!^^,재밌어요 !!^^,2020-03-15 19:12:36
883710,Resident Evil 2,positive,바하2 원작을 너무 좋아했어서 리메이크도 예구했다 샀었음 (구매후 바로 클리어하긴 했는데 평가는 잊고 살다가 지금 남김) 정말 하는 내내 개쫄았고 재밌었습니다 근데 타이런트가 경찰서 내에서는 쭉 쫓아오기 때문에 이런 요소 싫으시면 좀 구매 고려해보셔야 할듯,바하 2 원작 을 너무 좋아했어서 리메이크 도 예 구 했다 샀었음 ( 구매 후 바로 클리어 하긴 했는데 평가 는 잊고 살다가 지금 남김 ) 정말 하는 내내 개쫄았 고 재밌었습니다 근데 타 이런 트 가 경찰서 내 에서는 쭉 쫓아오기 때문 에 이런 요소 싫으시면 좀 구매 고려 해보셔야 할듯,2020-03-15 13:49:49
883710,Resident Evil 2,positive,굿,굿,2020-03-15 12:28:43
883710,Resident Evil 2,positive,걍 최고,걍 최고,2020-03-13 12:49:32
883710,Resident Evil 2,positive,존나 무서워서 접을수도 있음.,존나 무서워서 접을수도 있음 .,2020-03-13 01:18:42
883710,Resident Evil 2,positive,타형과 술래잡기의 긴장감이란.,타 형 과 술래잡기 의 긴장감 이란 .,2020-03-12 20:41:07
883710,Resident Evil 2,positive,공포겜은 잘 안하는데 정말 재밌게 했습니다 자꾸 따라오는 거구아저씨가 더럽게 귀찮게해서 2회차는 딱히 할마음이 안드네요 거구아저씨랑 또 술래잡기 할 생각에 소름이 올라 옵니다 그래도 정말 재밌게 했습니다,공포 겜 은 잘 안 하는데 정말 재밌게 했습니다 자꾸 따라오는 거구 아저씨 가 더럽게 귀찮게 해서 2회 차는 딱히 할 마음 이 안드네 요 거구 아저씨 랑 또 술래잡기 할 생각 에 소름 이 올라 옵니다 그래도 정말 재밌게 했습니다,2020-03-12 12:47:54
883710,Resident Evil 2,positive,"[h1] 완벽한 호러, 완벽한 리메이크 [/h1] 드디어! 다시 돌아왔습니다 예전에 그 '캡콤'이 돌아왔습니다. 손에는 권총 한자루로 라쿤시를 돌아다니며 공포에 떨며 생존에 목을 맸던 그 게임이 돌아왔습니다. 당신이 호러 서바이벌의 팬이라면 안하고서 못 베길 게임입니다. 전작의 감수성을 유지하면서 추억의 그 느낌을 새롭게 전달해 줍니다. 좀비들을 '좀비'라는 이름에 걸맞게 끈질기게 당신들을 쫒아올것이며 총알만으론 해결 할 수 없을 것입니다. 1998년도에 무슨 일이 일어났는지 궁금하시구요? 여기. 준비하세요. 새로운 라쿤시티의","[ h 1 ] 완벽한 호러 , 완벽한 리메이크 [/ h 1 ] 드디어 ! 다시 돌아왔습니다 예전 에 그 ' 캡콤 ' 이 돌아왔습니다 . 손 에는 권총 한 자루 로 라쿤 시를 돌아다니며 공포 에 떨며 생존 에 목 을 맸던 그 게임 이 돌아왔습니다 . 당신 이 호러 서바이벌 의 팬 이 라면 안 하고서 못 베길 게임 입니다 . 전작 의 감수성 을 유지 하면서 추억 의 그 느낌 을 새롭게 전달 해 줍니다 . 좀비 들 을 ' 좀비 ' 라는 이름 에 걸 맞게 끈질기게 당신 들 을 쫒아 올것이며 총알 만으론 해결 할 수 없을 것 입니다 . 1998년 도에 무슨 일이 일어났는지 궁금하시구요 ? 여기 . 준비 하세요 . 새로운 라쿤시티 의",2020-03-12 08:37:39
883710,Resident Evil 2,positive,개재밌음 정가로 사도 돈값함,개 재밌음 정가 로 사도 돈값함,2020-03-12 01:13:20
883710,Resident Evil 2,positive,3도 나오는데 1년만에 생각나서 다시 설치,3 도 나오는데 1년 만에 생각나서 다시 설치,2020-03-12 00:01:09
883710,Resident Evil 2,positive,무서운게임 못하는사람인데 너무 무서움....,무서운 게임 못 하는 사람 인데 너무 무서움 ....,2020-03-11 18:50:27
883710,Resident Evil 2,positive,총알은 장식이고 달려야한다 템플런임,총알 은 장식 이고 달려 야한다 템플런 임,2020-03-11 17:16:22
883710,Resident Evil 2,positive,멋진 게임입니다. 몰입도도 높고...,멋진 게임 입니다 . 몰입도 도 높고 ...,2020-03-11 12:32:23
883710,Resident Evil 2,positive,잘 만든 공포게임입니다. 갑툭튀에 크게 의존하지 않고 전투를 적당히 제한함으로써 분위기로 공포스러움을 잘 표현했습니다. 비판을 많이 받았던 빙빙 도는 맵 디자인도 저는 오히려 다크 소울 1이 생각나서 좋았던 것 같습니다.,잘 만든 공포 게임 입니다 . 갑툭튀 에 크게 의존 하지 않고 전투 를 적당히 제 한 함 으로써 분위기 로 공포 스러 움 을 잘 표현 했습니다 . 비판 을 많이 받았던 빙빙 도 는 맵 디자인 도 저 는 오히려 다크 소울 1 이 생각나서 좋았던 것 같습니다 .,2020-03-11 08:07:19
883710,Resident Evil 2,positive,오리지날 2탄을 해본게 거의 20년전인데 그때도 정신없이 했는데 지금도 정신없이 빠져들게 만듬.,오리 지날 2 탄을 해본게 거의 20년 전인데 그때 도 정신없이 했는데 지금 도 정신없이 빠져들게 만듬 .,2020-03-10 22:48:40
883710,Resident Evil 2,positive,좀비를 죽이는것보단 안죽이고 따돌리는게 중요하다,좀비 를 죽이는것보단 안 죽이고 따돌리는게 중요하다,2020-03-10 00:38:49
883710,Resident Evil 2,positive,에이다 웡... 레온이 미칠만 하다 ㅗㅜㅑ,에이 다 웡 ... 레온 이 미칠만 하다 ㅗㅜㅑ,2020-03-09 23:48:13
883710,Resident Evil 2,positive,졸잼 이 두글자 이외에 다른말은 필요없다..,졸잼 이 두 글자 이외 에 다른 말 은 필요없다 ..,2020-03-09 22:02:02
883710,Resident Evil 2,positive,이 게임은 장시간 화면 앞에 앉아있는 플레이어가 전신운동을 하도록 도와줍니다. (움찔움찔한거 아님... 아무튼 아님),이 게임 은 장시간 화면 앞 에 앉아있는 플레이어 가 전 신 운동 을 하도록 도와줍니다 . ( 움찔움찔 한 거 아님 ... 아무튼 아님 ),2020-03-08 23:34:11
883710,Resident Evil 2,positive,캡콤에서 내놓은 수작이라고 봄. 공포게임을 잘 살림. 무엇보다...남주는 잘생겼고 여주는 예쁨..ㅋ,캡콤 에서 내놓은 수작 이라고 봄 . 공포 게임 을 잘 살림 . 무엇 보다 ... 남주는 잘생겼고 여주 는 예쁨 .. ㅋ,2020-03-08 15:46:02
883710,Resident Evil 2,positive,와 진짜 재밌네요.,와 진짜 재밌네요 .,2020-03-08 06:30:47
883710,Resident Evil 2,positive,진짜 개띵작 오랜만에 재밌게 게임 했다. 한달 후에 3 리메이크가 나오는데 예구 고민중,진짜 개띵작 오랜 만 에 재밌게 게임 했다 . 한 달 후 에 3 리메이크 가 나오는데 예 구 고민 중,2020-03-07 20:26:38
883710,Resident Evil 2,positive,"공포게임이란 무엇인지, 좀비하면 어떤 것이 먼저 떠오르는지, 그것들을 다시 한번 일깨워주게 하는 좋은 게임이다.","공포 게임 이란 무엇 인지 , 좀비 하면 어떤 것 이 먼저 떠오르는지 , 그것 들 을 다시 한번 일 깨워주게 하는 좋은 게임 이다 .",2020-03-07 20:17:14
883710,Resident Evil 2,positive,김두한 사랑해,김두한 사랑 해,2020-03-07 18:59:17
883710,Resident Evil 2,positive,명작중의 명작이다. 다회차해도 잼있고 타임어택 생각도 안했었는데 하다보니 욕심이 생길 정도의 재미!!! 사라 꼭 사라 두번 사라 세번 사라 나는 XBOX ONE X CD를 제일 먼저 샀다가 PS4 CD로도 샀다가 PS4콜렉터즈에디션을 또 사고 스팀으로도 삼 딴사람한테는 세번 사라고 해놓고 나는 네번 샀네 돈이 안아깝다 꼭 사서 해보길 강추!!,명작 중 의 명작 이다 . 다 회차 해도 잼있고 타임 어택 생각 도 안 했었는데 하다 보니 욕심 이 생길 정도 의 재미 !!! 사라 꼭 사라 두 번 사라 세번 사라 나 는 XBOX ONE X CD 를 제일 먼저 샀다가 PS 4 CD 로 도 샀다가 PS 4 콜렉터 즈 에디 션 을 또 사고 스팀 으로도 삼 딴사람 한테 는 세번 사라 고 해놓고 나 는 네 번 샀네 돈 이 안 아깝다 꼭 사서 해보길 강추 !!,2020-03-07 13:30:46
883710,Resident Evil 2,positive,최고!,최고 !,2020-03-07 03:25:49
883710,Resident Evil 2,positive,인생게임입니다,인생게임 입니다,2020-03-06 20:51:37
883710,Resident Evil 2,positive,우리 캡콤이 정말 대단해요!,우리 캡콤 이 정말 대단해요 !,2020-03-06 18:31:32
883710,Resident Evil 2,positive,좀비게임 명작의 리메이크 훌룡한 액션과 게임진행,좀비 게임 명작 의 리메이크 훌룡 한 액션 과 게임 진행,2020-03-06 06:13:37
883710,Resident Evil 2,positive,너무좋고,너무 좋고,2020-03-05 06:43:07
883710,Resident Evil 2,positive,재밌지만 공포게임은 취향탄다는 걸 알게된 게임,재밌지만 공포 게임 은 취향 탄다는 걸 알 게 된 게임,2020-03-05 04:46:52
883710,Resident Evil 2,positive,"개인적으로는 어려운 게임 / 공략에 의존하다가 점점 익숙해지는 것 추천 재미가 없는 것은 아니고 꽤 공포스러운 분위기가 갠춘함 다만 일반좀비한테 다굴빵 당해서 물릴 때, 타일런트의 급등장으로 죽빵 맞을 때는 존나 빡침 ㅅㅂ","개인 적 으로는 어려운 게임 / 공략 에 의존 하다가 점점 익숙해지는 것 추천 재미 가 없는 것 은 아니고 꽤 공포 스러운 분위기 가 갠 춘 함 다만 일 반 좀비 한테 다 굴빵 당해서 물릴 때 , 타 일 런트 의 급등 장 으로 죽빵 맞을 때 는 존나 빡침 ㅅㅂ",2020-03-04 23:09:26
883710,Resident Evil 2,positive,"정말 재미있고 좋은데 두한이형이 나오는 순간부터 게임이 너무 무서워진다, 이어폰으로 두한이형 발자국 소리를 들으며 도망 다니는데 어느 순간부터 발자국 소리보다 내 심장소리가 더 크더라. 여담으로 레온으로 a엔딩 보는데 마지막에 코트벗은 두한이형이랑 싸울때 보스전이 없을거라 생각하고 그전 보스에서 전부써서 권총 120발로만 싸울때는 정말 울뻔했다. 너희는 꼭 보스랑 싸울때도 총알은 아껴라 ㅠㅠ","정말 재미있고 좋은데 두 한 이형 이 나오는 순간 부터 게임 이 너무 무서워진다 , 이어폰 으로 두 한 이형 발자국 소리 를 들으며 도망 다니는데 어느 순간 부터 발자국 소리 보다 내 심장소리 가 더 크더라 . 여담 으로 레온 으로 a 엔딩 보는데 마지막 에 코트 벗은 두 한 이형 이랑 싸울 때 보스 전이 없을거라 생각 하고 그 전 보스 에서 전부 써서 권총 120 발 로만 싸울 때 는 정말 울 뻔했다 . 너희 는 꼭 보스 랑 싸울 때 도 총알 은 아껴라 ㅠㅠ",2020-03-04 23:00:00
883710,Resident Evil 2,positive,그냥 추천합니다. 그냥 사세요. 이유가 없습니다. 하면 됩니다.,그냥 추천 합니다 . 그냥 사세요 . 이유 가 없습니다 . 하면 됩니다 .,2020-03-04 22:48:15
883710,Resident Evil 2,positive,재미있음,재미있음,2020-03-03 09:54:36
883710,Resident Evil 2,positive,말이 필요없음!! Good!!,말 이 필요없음 !! Good !!,2020-03-03 01:04:16
883710,Resident Evil 2,positive,2020. 2월 말... 존나 현실 반영 게임이다. 여러모로.... 김레온 존잘 ㅎㅎ,2020 . 2월 말 ... 존나 현실 반영 게임 이다 . 여러 모로 .... 김 레온 존잘 ㅎㅎ,2020-03-02 16:08:50
883710,Resident Evil 2,positive,리메이크를 이렇게 해야한다고 알려주는 교과서 게임,리메이크 를 이렇게 해야 한다고 알려주는 교과서 게임,2020-03-01 21:56:13
883710,Resident Evil 2,positive,legend has come back,legend has come back,2020-03-01 07:58:03
883710,Resident Evil 2,positive,좋은 작품임,좋은 작품 임,2020-03-01 03:03:10
883710,Resident Evil 2,positive,갓겜 그러나 일본특유의 일방통행 진행이 있음..,갓 겜 그러나 일본 특 유의 일방 통행 진행 이 있음 ..,2020-02-29 17:35:41
883710,Resident Evil 2,positive,아주좋와요,아주 좋와 요,2020-02-29 15:48:54
883710,Resident Evil 2,positive,내가 천하의 길치다! 나는 우리 집도 지도 보고 못 찿아 온다! 이러면 하지 마세요 스트레스 무지 받습니다. 그것만 빼면 정말 좋은 게임입니다.!,내 가 천하 의 길치다 ! 나 는 우리 집도 지도 보고 못 찿 아 온다 ! 이러면 하지 마세요 스트레스 무지 받습니다 . 그것 만 빼면 정말 좋은 게임 입니다 .!,2020-02-29 14:51:53
883710,Resident Evil 2,positive,넘흐 어려워 ㅋㅋ,넘흐 어려워 ㅋㅋ,2020-02-27 15:33:30
883710,Resident Evil 2,positive,필자는 가오잡으려고 구입을했는데 시x 좀비들 머리쏴도 안죽고 무서워서 못하겠어요 근데 재밋어 ..,필자 는 가오 잡으려고 구입 을 했는데 시 x 좀비 들 머리 쏴도 안 죽고 무서워서 못 하겠어요 근데 재밋어 ..,2020-02-26 18:10:24
883710,Resident Evil 2,positive,갓ㅡ겜,갓 ㅡ 겜,2020-02-26 14:56:34
883710,Resident Evil 2,positive,고인물게임.. 아무리 고이고싶지않은데 고이게되는 그 게임! 월리엄과 타이런트 세계의 어서오세요 아무리 권총 쏴죽여도 슈퍼타이런트 죽지않앗던게 바주카포 하드코어기준 두방 일반기준 한방 이라니 통쾌하네요 ㅋㅋㅋㅋㅋㅋㅋㅋ중간에 포효같은거지르면서 충전하려는거 저지할려면 심장을 정확히 빗나감없이 맞춰야한다는게 정말힘든거같습니다,고 인물 게임 .. 아무리 고이 고 싶지 않은데 고이 게 되는 그 게임 ! 월리엄 과 타 이런 트 세계 의 어서 오세요 아무리 권총 쏴 죽여도 슈퍼 타 이런 트 죽지 않앗던게 바주카포 하드코어 기준 두 방 일반 기준 한 방 이라니 통쾌하네요 ㅋㅋㅋㅋㅋㅋㅋㅋ 중간 에 포효 같은거 지르면서 충전 하려는거 저지 할려면 심장 을 정확히 빗나감 없이 맞춰야 한다는 게 정말 힘든거 같습니다,2020-02-25 07:50:10
883710,Resident Evil 2,positive,길막지마 제발 ^^ㅣ발,길 막지마 제발 ^^ ㅣ 발,2020-02-24 21:44:57
883710,Resident Evil 2,positive,잼,잼,2020-02-24 12:53:31
883710,Resident Evil 2,positive,일단 재미는 있습니다. 하지만 좀 스트레스 받고 짜증납니다.. 뭔가 울펜슈타인처럼 시원한 액션게임이 취향이신 분은 재미 없을거에요 근데 그런 저도 2챕터까진 깸 그니까 재미 붙이거나 본인이 시간적 여유가 많은 학생이나 백수면 쌉가능,일단 재미 는 있습니다 . 하지만 좀 스트레스 받고 짜증납니다 .. 뭔가 울펜슈타인 처럼 시원한 액션게임 이 취향 이신 분 은 재미 없을거에요 근데 그런 저 도 2 챕 터 까진 깸 그니까 재미 붙이거나 본인 이 시간 적 여유 가 많은 학생 이나 백수 면 쌉 가능,2020-02-23 21:43:53
883710,Resident Evil 2,positive,재밌는 게임이긴 함. 에이다 이쁨 클레어가 이쁨 누구랑 사귈지 너무 고민되는 되는 게임. 아 어쨌든 내가 누구하나 고르면 한명이 상처받는 현실이 가슴아픈게임 왜 우리나라는 일부 다처제가 아닌지... 나는 두명다 공평하게 사랑해줄수있는데...,재밌는 게임 이긴 함 . 에이 다 이쁨 클레어 가 이쁨 누구 랑 사귈지 너무 고민 되는 되는 게임 . 아 어쨌든 내 가 누구 하나 고르면 한 명 이 상처 받는 현실 이 가슴 아픈 게임 왜 우리나라 는 일부 다 처제 가 아닌지 ... 나 는 두 명 다 공평하게 사랑 해줄수있는데 ...,2020-02-23 20:49:13
883710,Resident Evil 2,positive,재미있습니다!!,재미있습니다 !!,2020-02-23 19:58:21
883710,Resident Evil 2,positive,사뿐히좀 걸어 타이런트 이 개새ㄲ야,사뿐히 좀 걸어 타 이런 트 이 개새 ㄲ 야,2020-02-23 16:09:27
883710,Resident Evil 2,positive,게임이 재미있음. 단 모니터가 블랙을 제대로 표현을 한다면 공포적인 요소가 있습니다. FPS용 IPS나 TN패널을 밝기 조절에 신경을 써여 제대로 된 맛을 느낄수 있습니다.,게임 이 재미있음 . 단 모니터 가 블랙 을 제대로 표현 을 한다면 공포 적 인 요소 가 있습니다 . FPS 용 IPS 나 TN 패널 을 밝기 조절 에 신경 을 써여 제대로 된 맛 을 느낄수 있습니다 .,2020-02-23 09:38:04
883710,Resident Evil 2,positive,갓겜입니다. 아직 7이랑 2리메이크밖에 안해봤지만 다른버전도 재밌게 플레이해보겠습니다!!,갓 겜 입니다 . 아직 7 이랑 2 리메이크 밖에 안 해봤지만 다른 버전 도 재밌게 플레이 해보겠습니다 !!,2020-02-23 09:02:17
883710,Resident Evil 2,positive,"바하 첫입문 게임, 3편도 기대중!","바하 첫 입문 게임 , 3 편도 기 대중 !",2020-02-23 00:56:34
883710,Resident Evil 2,positive,구매전 좀비 게임이니까 머리 터뜨리면서 하면 간단하겠지! 좀비 학살이다! 구매후 타두한이:여기 있었구만 김레온이 상하이 러:야이 파랭이 색기야!,구매 전 좀비 게임 이니까 머리 터뜨리면서 하면 간단하겠지 ! 좀비 학살 이다 ! 구매 후 타 두 한 이 : 여기 있었구만 김 레온 이 상하이 러 : 야 이 파랭 이 색기 야 !,2020-02-22 23:27:28
883710,Resident Evil 2,positive,플스로도 하고 스팀으로도 하고 최고!!!,플스 로 도 하고 스팀 으로도 하고 최고 !!!,2020-02-22 09:02:51
883710,Resident Evil 2,positive,지금 당장 구매해서 플레이 하세요,지금 당장 구매 해서 플레이 하세요,2020-02-22 00:48:46
883710,Resident Evil 2,positive,게임 전개가 매우 훌륭합니다,게임 전개 가 매우 훌륭합니다,2020-02-21 23:34:50
883710,Resident Evil 2,positive,보스전인데 총알이 없어서 엔딩을 못보고 있습니다.,보스 전 인데 총알 이 없어서 엔딩 을 못 보고 있습니다 .,2020-02-21 23:21:40
883710,Resident Evil 2,positive,"한탄창을 넣어도 안뒤지는 좀비와 죽이고싶은 할짝이, 그리고 할짝이와 최고의 콤비인 김두한이 당신을 원합니다","한 탄창 을 넣어도 안 뒤지는 좀비 와 죽이고싶은 할 짝 이 , 그리고 할 짝 이 와 최고 의 콤비 인 김두한 이 당신 을 원합니다",2020-02-21 19:11:38
883710,Resident Evil 2,positive,김두한대장...!!!,김두한 대장 ...!!!,2020-02-21 16:00:06
883710,Resident Evil 2,positive,리메이크는 이렇게 해야지,리메이크 는 이렇게 해야지,2020-02-21 13:46:06
883710,Resident Evil 2,positive,"레지던트 이블을 첨 접할때가 4,6여서 상당히 재미없을꺼라 생각했는데, 처음에 공포게임이라고 하기에는 총이 있고, 좀비에게 물려봐야 감염도 안돼 큰 위협은 없을꺼라 생각했고, 퍼즐을 풀기위해서는 왔던곳을 다시 가야하는 일반적인 좀비게임이라고 생각했습니다. 머리에 총맞고 쓰러진 그 좀비가 다시 일어나서 이빨을 과시하기 전까지는 몰랐습니다. 이게 일반적인 게임이라고 생각하고 총알을 낭비하면 다른 친구에게 총알을 줄 수가 없어요. 어느순간 좀비는 많아지고 내가 가지고 있는 총알에수는 계속 줄고 심리적 압박감이 상당히 좋았습니다. 스토리면","레지던트 이블 을 첨 접 할 때 가 4 , 6 여서 상당히 재미없을꺼라 생각 했는데 , 처음 에 공포 게임 이라고 하기에는 총 이 있고 , 좀비 에게 물려 봐야 감염 도 안 돼 큰 위협 은 없을꺼라 생각 했고 , 퍼즐 을 풀기 위해 서는 왔던 곳 을 다시 가야 하는 일반 적 인 좀비 게임 이라고 생각 했습니다 . 머리 에 총 맞고 쓰러진 그 좀비 가 다시 일어나서 이빨 을 과시 하기 전 까지는 몰랐습니다 . 이 게 일반 적 인 게임 이라고 생각 하고 총알 을 낭비하면 다른 친구 에게 총알 을 줄 수가 없어요 . 어느 순간 좀비 는 많아지고 내 가 가지 고 있는 총알 에 수 는 계속 줄 고 심리 적 압박 감 이 상당히 좋았습니다 . 스토리 면",2020-02-21 04:27:00
883710,Resident Evil 2,positive,개무서움,개 무서움,2020-02-20 23:46:53
883710,Resident Evil 2,positive,"장점 : 재미, 풍부한 반복 플레이 요소, 적당한 긴장감. 적절한 좀비 묘사. 좋은 그래픽과 캐릭터 모션. 단점 : 레온과 클레어와 셰리 사이에 우정이 쌓여가는 스토리가 부족하다. 서로 외모만 보고 호감 급상승 했다고 밖에는 해석이 안됨.","장점 : 재미 , 풍부한 반복 플레이 요소 , 적당한 긴장감 . 적절한 좀비 묘사 . 좋은 그래픽 과 캐릭터 모션 . 단점 : 레온 과 클레어 와 셰리 사이 에 우정 이 쌓여가는 스토리 가 부족하다 . 서로 외모 만 보고 호감 급상승 했다고 밖에는 해석 이 안됨 .",2020-02-20 20:20:55
883710,Resident Evil 2,positive,"와.....개재밌다....게임시스템적인 부분도 좋고, 두 주인공 시점에서 각각 게임이 진행되어가는걸 보면 플레이어가 게임에 몰입할 수 있도록 여러모로 신경쓴 티가 나서 매우 만족!","와 ..... 개 재밌다 .... 게임 시스템 적 인 부분 도 좋고 , 두 주인공 시점 에서 각각 게임 이 진행 되어가는걸 보면 플레이어 가 게임 에 몰입 할 수 있도록 여러 모로 신경 쓴 티 가 나서 매우 만족 !",2020-02-20 19:57:17
883710,Resident Evil 2,positive,헤드폰 쓰고 해보세요 긴장감이 최고입니다 알고도 무서운 ㅋㅋ,헤드폰 쓰고 해보세요 긴장감 이 최고 입니다 알고도 무서운 ㅋㅋ,2020-02-20 01:18:29
883710,Resident Evil 2,positive,빡빡이 씹 타일런트 년아 그만쫒아와 ^^ㅣ발,빡빡이 씹 타일 런트 년 아 그만 쫒아와 ^^ ㅣ 발,2020-02-19 22:58:06
883710,Resident Evil 2,positive,"토마스 기차 모드, 누드 모드 애용중","토마스 기차 모드 , 누드 모드 애용 중",2020-02-19 22:55:36
883710,Resident Evil 2,positive,진짜 원작을 했던 안했던간에 꼭 플레이 해봐야함,진짜 원작 을 했던 안 했던 간 에 꼭 플레이 해봐 야함,2020-02-19 19:47:59
883710,Resident Evil 2,positive,"아주 훌륭함. 근데 나는 쫄보라서 처음 매우 어렵게 시작. 진짜 무서웠다.. 애초에 이런 장르를 그다지 안해서 그런지.. 그러나, 캐릭터의 매력은 엄청나다. 그리고 이 게임 덕분에 바이오하자드 시리즈에 더욱 관심을 가짐. 고수들은 뭐 2시간컷 , 3시간컷 하는데 나는 쫄보라 7-8시간 걸렸다. (한루트당) 짧은 스토리 , 플레이가 흠이지만 처음 즐기기에는 최고.","아주 훌륭함 . 근데 나 는 쫄보 라서 처음 매우 어렵게 시작 . 진짜 무서웠다 .. 애초 에 이런 장르 를 그다지 안해 서 그런지 .. 그러나 , 캐릭터 의 매력 은 엄청나다 . 그리고 이 게임 덕분 에 바이오하자드 시리즈 에 더욱 관심 을 가짐 . 고수 들 은 뭐 2시간 컷 , 3시간 컷 하는데 나 는 쫄보 라 7-8시간 걸렸다 . ( 한 루트 당 ) 짧은 스토리 , 플레이 가 흠 이지만 처음 즐 기기 에는 최고 .",2020-02-19 17:26:52
883710,Resident Evil 2,positive,어휴 시발 무서워서 도저히 못해먹겠다,어휴 시발 무서워서 도저히 못 해 먹겠다,2020-02-18 21:26:32
883710,Resident Evil 2,positive,무서워,무서워,2020-02-18 20:41:26
883710,Resident Evil 2,positive,원작보다 무서워진 연출. 강해진 좀비들. 리메이크의 교과서라고 해도 무방한 작품이다.,원작 보다 무서워진 연출 . 강해진 좀비 들 . 리메이크 의 교과서 라고 해도 무방 한 작품 이다 .,2020-02-18 20:41:23
883710,Resident Evil 2,positive,재밌읍니다.,재밌 읍니 다 .,2020-02-18 20:36:17
883710,Resident Evil 2,positive,재미따............,재미 따 ............,2020-02-18 15:37:21
883710,Resident Evil 2,positive,정말 예전 추억을 다시 제대로 현재에 맞게 리메이크 되서 정말 재밌게 하고 있슴미다 그래픽 너무 좋아요 ~,정말 예전 추억 을 다시 제대로 현재 에 맞게 리메이크 되서 정말 재밌게 하고 있슴미 다 그래픽 너무 좋아요 ~,2020-02-18 15:27:46
883710,Resident Evil 2,positive,"존잼. 처음 할 때부터 약 2개월 동안은 무서워서 제대로 하지도 못하고 문도 못 열고 그랬는데, 스피드런 영상들 보고 난 이후로 뭐가 어디에 있고 어디서 나오는지를 알고 나니까 그냥 킬링타임용으로 심심할 때 하는 수준의 게임이 되어버림. 정말 제대로 무섭게 하고 싶다면 공략이나 그런 거 없이 하고, 재미있게 하고 싶다면 스피드런 영상 보면서 따라하면 될 듯.","존잼 . 처음 할 때 부터 약 2 개월 동안 은 무서워서 제대로 하지도 못 하고 문도 못 열고 그랬는데 , 스피드 런 영상 들 보고 난 이후 로 뭐 가 어디 에 있고 어디서 나오는지를 알 고 나 니까 그냥 킬링타임 용 으로 심심할 때 하는 수준 의 게임 이 되어 버림 . 정말 제대로 무섭게 하고 싶다면 공략 이나 그런 거 없이 하고 , 재미있게 하고 싶다면 스피드 런 영상 보면서 따라하면 될 듯 .",2020-02-18 14:29:42
883710,Resident Evil 2,positive,졸잼,졸잼,2020-02-18 10:10:10
883710,Resident Evil 2,positive,레온/클레어 스토리 좋았고 DLC는 좀 별루임... (스토리 그닥 없이 닥돌 AND 맵재활용...) 근데 시장 딸은 모델링 이쁘더라 ㅋㅋㅋ Re:3 기대 하겠음!!,레온 / 클레어 스토리 좋았고 DLC 는 좀 별루임 ... ( 스토리 그닥 없이 닥돌 AND 맵 재활용 ...) 근데 시장 딸 은 모델링 이쁘더라 ㅋㅋㅋ Re : 3 기대 하겠음 !!,2020-02-18 05:43:22
883710,Resident Evil 2,positive,"심장이 쫄깃해지는 액션 호러 구걸 게임. 게임을 진행하다 보면 ""총알 한개만 아니 백개만 주세요 제발ㅠㅠㅠㅠ"" 을 외치는 자신을 볼 수 있습니다. 심장마비가 올 것 같아요, 진심으로.","심장 이 쫄깃해 지는 액션 호러 구걸 게임 . 게임 을 진행 하다 보면 "" 총알 한개 만 아니 백 개 만 주세요 제발 ㅠㅠㅠㅠ "" 을 외치는 자신 을 볼 수 있습니다 . 심장마비 가 올 것 같아요 , 진심 으로 .",2020-02-18 01:52:10
883710,Resident Evil 2,positive,이만원대에 해보는 꿀잼 게임. 물론 세일해서 그정도지만 역시 명작은 명작입니다.,이만 원대 에 해보는 꿀잼 게임 . 물론 세 일해 서 그 정도 지만 역시 명작 은 명작 입니다 .,2020-02-18 01:14:09
883710,Resident Evil 2,positive,좀비를 쏴죽이는게 아니라 쏴서 경직시키고 도망다니는 게임이라는걸 깨달았을 때는 이미 너무 늦어있었다.. 거의 다왔는데 총알없어서 처음부터 리트함 ^^ㅣ발,좀비 를 쏴 죽이는게 아니라 쏴서 경직 시키고 도망 다니는 게임 이라 는걸 깨 달았을 때 는 이미 너무 늦어있었다 .. 거의 다 왔는데 총알 없어서 처음 부터 리트 함 ^^ ㅣ 발,2020-02-17 23:40:14
883710,Resident Evil 2,positive,스토리는 아쉽지만 한번쯤은 해볼만 한듯,스토리 는 아쉽지만 한번 쯤 은 해볼만 한 듯,2020-02-17 19:58:32
883710,Resident Evil 2,positive,어릴적 초등학교에서 바자회 할때 친구가 가져온 바하2 시디를 값싸게 구매하고 귀찮아서 안했는데 커가면서 레지던트이블 영화를 접하고 좀비뽕에 취하게 되고 나중에야 바하 게임을 4부터 접하며 바하에 대해 충분히 재미를 느낀 시절이 있음 어른이 된 현재 바하2 리메이크 트레일러를 본 순간 이거다 ! 라는 마음이 들어 그냥 사서 해봤는데..... 어릴적에 친구한테 바하2를 사놓고 안한것이 후회? 까진 아니지만 나같이 안했던 사람도 바하2가 왜 명작인지 충분히 느끼게 해준 작품 . 최근에 레데리2 이후로 정가지불하고 사고,어릴 적 초등학교 에서 바자회 할 때 친구 가 가져온 바하 2 시디 를 값싸게 구매 하고 귀찮아서 안 했는데 커가면서 레지던트이블 영화 를 접 하고 좀비 뽕 에 취하 게 되고 나중 에야 바하 게임 을 4 부터 접 하며 바하 에 대해 충분히 재미 를 느낀 시절 이 있음 어른 이 된 현재 바하 2 리메이크 트레일러 를 본 순간 이 거 다 ! 라는 마음 이 들어 그냥 사서 해봤는데 ..... 어릴 적 에 친구 한테 바하 2 를 사놓고 안 한것이 후회 ? 까진 아니지만 나 같이 안 했던 사람 도 바하 2 가 왜 명작 인지 충분히 느끼게 해준 작품 . 최근 에 레 데리 2 이후 로 정가 지불 하고 사고,2020-02-17 19:50:06
883710,Resident Evil 2,positive,짧지만 재밌었다 ㅎㅎ,짧지만 재밌었다 ㅎㅎ,2020-02-17 19:33:11
883710,Resident Evil 2,positive,와 시발 존나무서워서 돈아까워서 하려고하는데 무서워서 못하고있어요,와 시발 존나 무서워서 돈 아까워서 하려고하는데 무서워서 못 하고있어요,2020-02-17 09:44:58
883710,Resident Evil 2,positive,김두한 형님의 압박감이 장난아니다. 형님의 엄청난 압박감에 그만 나는 적시고 말았다.,김두한 형님 의 압박 감 이 장난 아니다 . 형님 의 엄청난 압박 감 에 그만 나 는 적시고 말았다 .,2020-02-17 03:41:08
883710,Resident Evil 2,positive,개갓겜임 ㅇㅇ,개 갓 겜임 ㅇㅇ,2020-02-16 22:53:14
883710,Resident Evil 2,positive,타일런트 촌나무서워요호호,타일 런트 촌 나 무서워요 호호,2020-02-16 22:51:26
883710,Resident Evil 2,positive,호러 액션. 그 본질로의 회귀 - [9/10],호러 액션 . 그 본질 로 의 회귀 - [ 9/10 ],2020-02-16 19:38:21
883710,Resident Evil 2,positive,머리에 총알 5발을맞췄다고 안심하지마세요 다시 맞춰야되니까요,머리 에 총알 5 발 을 맞췄다고 안심 하지 마세요 다시 맞춰야 되니까 요,2020-02-16 13:45:29
883710,Resident Evil 2,positive,시ㅡㅡ발 경찰서 빼고 다 쉬웟는데 타형님 실제로 만나니까 죽탱이 한대 맞고 울부짖음 진짜 4시간 동안 삥삥 돌다가 간신히 깨서 기분좋네 진짜 경찰서 뒤지게 어려움 근데 재밋어요 다들 이거 사서 한번씩 해봅시다 할인 기간인데 경찰서 진짜 맵 존나커서 어디가 어딘지 모르니 조심s,시 ㅡㅡ 발 경찰서 빼고 다 쉬웟는데 타 형님 실제 로 만나니까 죽탱 이 한 대 맞고 울부짖음 진짜 4시간 동안 삥삥 돌다가 간신히 깨서 기분 좋네 진짜 경찰서 뒤지게 어려움 근데 재밋어 요 다 들 이 거 사서 한번 씩 해봅시다 할인 기간 인데 경찰서 진짜 맵 존나 커서 어디가 어딘 지 모르니 조심 s,2020-02-16 10:38:38
883710,Resident Evil 2,positive,기껏해야 리마스터일 뿐인데 왜 이리 인기가 많나 해서.... 할인가에 이제 사서 해봅니다. 무난한 그래픽과 최적화 그리고 진부한 스토리에도 흡입력있게 만드는 연출. 당연히 2회차도 플레이 하게 만드는 매력... 아마 노멀 4회차 채워야 할거 같네요.. 게다가 요새 게임들은 오픈월드형 게임들이 많은데.. 옛날 비오픈형 어드벤처의 매력을 정말 오랜만에 재현하게 해주었습니다. 이점은 정말 중요한 포인트라고 생각합니다. 역시 평점 높은건 이유가 잇더군요...,기껏 해야 리 마스터 일 뿐 인데 왜 이리 인기 가 많나 해서 .... 할인가에 이제 사서 해봅니다 . 무난 한 그래픽 과 최적화 그리고 진부한 스토리 에도 흡입 력 있게 만드는 연출 . 당연히 2회 차도 플레이 하게 만드는 매력 ... 아마 노멀 4회 차 채워야 할거 같네요 .. 게다가 요새 게임 들 은 오픈월드 형 게임 들 이 많은데 .. 옛날 비 오픈 형 어드벤처 의 매력 을 정말 오랜 만 에 재현 하게 해주었습니다 . 이점 은 정말 중요한 포인트 라고 생각 합니다 . 역시 평점 높은건 이유 가 잇더군요 ...,2020-02-16 09:46:57
883710,Resident Evil 2,positive,초반 몰입도가 상당히 뛰어나고 초 갓겜입니다.,초반 몰입도 가 상당히 뛰어나고 초 갓 겜 입니다 .,2020-02-16 02:06:03
883710,Resident Evil 2,positive,오리지널 2편의 화려한 복귀작인거 같습니다. 하지만 초심자에게는 적응기간이 필요하겠네요... 총알의 압박은 둘째 치고서라도.. 타일런트의 무서움 때문데 여전히 봉인중인 게임.,오 리지 널 2 편의 화려한 복귀 작 인거 같습니다 . 하지만 초심자 에게는 적응 기간 이 필요하겠네요 ... 총알 의 압박 은 둘째 치 고서 라도 .. 타 일 런트 의 무서움 때문 데 여전히 봉인 중 인 게임 .,2020-02-16 01:09:39
883710,Resident Evil 2,positive,게임을 잘 만들긴 했지만 너무 징그럽다 전작을 한 번도 안 해본 사람의 입장으로서 불편한 점도 많음 15세용 모자이크 처리되는 버전이라도 만들어주지...,게임 을 잘 만들긴 했지만 너무 징그럽다 전작 을 한 번 도 안 해본 사람 의 입장 으로서 불편한 점도 많음 15 세용 모자이크 처리 되는 버전 이라도 만들어주지 ...,2020-02-16 00:25:00
883710,Resident Evil 2,positive,여태한 좀비게임중 최고입니다 명작 ㅎㅎ,여태 한 좀비 게임 중 최고 입니다 명작 ㅎㅎ,2020-02-15 23:04:02
883710,Resident Evil 2,positive,그냥 갓겜,그냥 갓 겜,2020-02-15 21:21:48
883710,Resident Evil 2,positive,공포게임 자체를 싫어하는데 이건 진짜 물건이다... 처음에는 탄약도 적고 좀비는 안 뒤져서 뭐야 이게 했는데 그 쫄리는 맛에 어느샌가 집중하게 됨. 무서운데도 계속하게 만드는 매력이 있는 갓겜.,공포 게임 자체 를 싫어하는데 이건 진짜 물건 이다 ... 처음 에는 탄약 도 적고 좀비 는 안 뒤져서 뭐 야 이 게 했는데 그 쫄리 는 맛 에 어느샌가 집중 하게 됨 . 무서운데도 계속 하게 만드는 매력 이 있는 갓 겜 .,2020-02-15 20:48:28
883710,Resident Evil 2,positive,그저..갓겜,그저 .. 갓 겜,2020-02-15 19:22:24
883710,Resident Evil 2,positive,"중학교때 바이오해저드2를 플스로 즐겼었는데.. 어느덧 나는 가장이 되었고, 레온과 클레어는 나이를 먹지않고 그래픽만 좋아졌구나.. 2D배경이었던 원작과 달리, 전체3D 게임이 되면서 스토리라인을 제외하고는 완전 다른게임으로 재탄생 됐는데, 문을 닫아도 따라오는 적들은 때때로 정말 숨 쉴 틈을 주지않아서 긴장의 끈을 놓을 수 없게 만들어놨다. 아름다운 그래픽, 멋진 연출 등 다 좋은데, 딱 한가지 아쉬운 점은... 원작에 비해 두 주인공이 게임속에서 서로 도우거나 자주 마주치지 않는다는 점.. 상당히 아쉽다. 100% 따로","중학교 때 바이오해저드 2 를 플스 로 즐겼었는데 .. 어느덧 나 는 가장이 되었고 , 레온 과 클레어 는 나이 를 먹지 않고 그래픽 만 좋아졌구나 .. 2 D 배경 이었던 원작 과 달리 , 전체 3 D 게임 이 되면서 스토리 라인 을 제외 하고는 완전 다른 게임 으로 재탄생 됐는데 , 문 을 닫아도 따라오는 적 들 은 때때로 정말 숨 쉴 틈 을 주지 않아서 긴장 의 끈 을 놓을 수 없게 만들어놨다 . 아름다운 그래픽 , 멋진 연출 등 다 좋은데 , 딱 한가지 아쉬운 점 은 ... 원작 에 비해 두 주인공 이 게임 속 에서 서로 도우 거나 자주 마주치지 않는다는 점 .. 상당히 아쉽다 . 100% 따로",2020-02-15 13:09:17
883710,Resident Evil 2,positive,정말 재미있게 플레이 했습니다. 강추,정말 재미있게 플레이 했습니다 . 강추,2020-02-15 00:03:23
883710,Resident Evil 2,positive,very exciting,very exciting,2020-02-14 20:35:46
883710,Resident Evil 2,positive,ff,ff,2020-02-13 21:24:53
883710,Resident Evil 2,positive,완전 이쁜 릭커,완전 이쁜 릭커,2020-02-13 18:47:42
883710,Resident Evil 2,positive,리메이크의 정석!,리메이크 의 정석 !,2020-02-13 09:53:20
883710,Resident Evil 2,positive,7보다 플레이타임도 늘어났고 겜도 잼있고 굿굿 갓콤,7 보다 플레이 타임 도 늘어났고 겜 도 잼있고 굿굿 갓 콤,2020-02-13 01:42:10
883710,Resident Evil 2,positive,그래픽 좋고 사양높지 않다. 바하 경험자들의 기대치를 충족시켜준다. 발걸음 소리와 총소리가 큰 차이없다.,그래픽 좋고 사양 높지 않다 . 바하 경험 자 들 의 기 대치 를 충족 시 켜준다 . 발걸음 소리 와 총 소리 가 큰 차이 없다 .,2020-02-12 11:15:24
883710,Resident Evil 2,positive,환불사유: 김두한,환불 사유 : 김두한,2020-02-12 11:05:56
883710,Resident Evil 2,positive,공포게임의 원로격 바하 시리즈의 부활. 시리즈를 접해보지 못한 신세대들에게 엄청난 임펙트를 준다..,공포 게임 의 원로 격 바하 시리즈 의 부활 . 시리즈 를 접 해보지 못 한 신세대 들 에게 엄청난 임펙트 를 준다 ..,2020-02-12 09:15:10
883710,Resident Evil 2,positive,바이오하자드 / 레지던트 이블 2 리메이크 솔직히 싸게 산 게임이다 그래픽 카드 쿠폰을 중고나라에서 싸게 사서 그리 큰 기대를 하지 않았다 하지만 이 게임은 완벽(?)한 게임이다 * 최적화 = 정말 잘 돼있다 서브컴 i5 3570 + gtx 1060 으로 돌려도 중옵에서 60프레임은 거뜬히 방어한다 (일부 구간에서는 프레임이 현저히 떨어지지만 메인 컴에서도 프레임이 떨어지는 것을 확인했다) * 그래픽 = 정말 좋다 중옵 이상에 TAA만 켜 놓아도 무슨 매끈해지는 그래픽과 그 이상으로 올리면 더욱 진가를 발휘하는 그래픽을,바이오하자드 / 레지던트 이블 2 리메이크 솔직히 싸게 산 게임 이다 그래픽 카드 쿠폰 을 중고나라 에서 싸게 사서 그리 큰 기대 를 하지 않았다 하지만 이 게임 은 완벽 (?) 한 게임 이다 * 최적화 = 정말 잘 돼있다 서브 컴 i 5 3570 + gtx 1060 으로 돌려도 중옵 에서 60 프레임 은 거뜬히 방어 한다 ( 일부 구간 에서는 프레임 이 현저 히 떨어지지만 메인 컴 에서도 프레임 이 떨어지는 것 을 확인 했다 ) * 그래픽 = 정말 좋다 중옵 이상 에 TAA 만 켜 놓아도 무슨 매끈해지는 그래픽 과 그 이상 으로 올리면 더욱 진가 를 발휘 하는 그래픽 을,2020-02-12 07:35:21
883710,Resident Evil 2,positive,난이도 ㅅㅂ...,난이도 ㅅㅂ ...,2020-02-11 22:48:35
883710,Resident Evil 2,positive,짱이야,짱 이야,2020-02-11 17:34:29
883710,Resident Evil 2,positive,리메이크라더니 진짜로 리메이크라서 게임진행은 원작이랑 똑같이 좆같음 이 특유의 맛이 그리웠는데 막상 해보니까 좆같네,리메이크 라 더니 진짜 로 리메이크 라서 게임 진행 은 원작 이랑 똑같이 좆 같음 이 특유 의 맛 이 그리웠는데 막상 해보니까 좆 같네,2020-02-11 04:23:29
883710,Resident Evil 2,positive,Welcome To 2019 Raccoon City! [2019년 라쿤시티에 오신걸 환영합니다!] Special Weapon [스페셜 무기] -LE 5 Submachine Gun[LE 5 기관단총] -ATM-4 Rocket Launcher[ATM-4 로켓런쳐] -MiniGun[미니건] -Samurai Edge(infinite Ammo)[사무라이엣지(무한탄약)] DLC Special Weapon [DLC 스페셜 무기] -*Broom Hc Pistol(infinite Ammo)[브롬 Hc 권총(무한탄약)] *This Pis,Welcome To 2019 Raccoon City ! [ 2019년 라쿤시티 에 오 신 걸 환영 합니다 !] Special Weapon [ 스페셜 무기 ] - LE 5 Submachine Gun [ LE 5 기관단총 ] - ATM - 4 Rocket Launcher [ ATM - 4 로켓 런쳐 ] - MiniGun [ 미니건 ] - Samurai Edge ( infinite Ammo )[ 사무라이 엣지 ( 무한 탄약 )] DLC Special Weapon [ DLC 스페셜 무기 ] -* Broom Hc Pistol ( infinite Ammo )[ 브롬 Hc 권총 ( 무한 탄약 )] * This Pis,2020-02-10 22:51:43
883710,Resident Evil 2,positive,꿀잼!,꿀잼 !,2020-02-10 21:28:39
883710,Resident Evil 2,positive,"this game sia aboput zombie, i am upset becasue they di not say this to me whne oi go to buy game for el. i camtro salserppp at night im scare of big slo embnA. SLOW MANS ORRSORRY WAS TYPO. BIG MAN SCARY BUT GAME IS FOFGOGOOD EITHER WYAN ID@JSO. 10/10 gamw","this game sia aboput zombie , i am upset becasue they di not say this to me whne oi go to buy game for el . i camtro salserppp at night im scare of big slo embnA . SLOW MANS ORRSORRY WAS TYPO . BIG MAN SCARY BUT GAME IS FOFGOGOOD EITHER WYAN ID@JSO. 10/10 gamw",2020-02-10 04:41:40
883710,Resident Evil 2,positive,"오리지널 레지던트이블2를 즐겨 왔던 유저로서 리메이크 플레이 한 결과. 스토리가 짧게 느껴져서 아쉽기는 하지만, 리메이크 버전으로 해보니, 그래픽이나 퀄리티 묘사, 일관성 등등 옛 추억의 게임으로 돌아간 느낌도 들어서 잼있게 지금도 즐기고 있습니다.","오 리지 널 레지던트이블 2 를 즐겨 왔던 유저 로서 리메이크 플레이 한 결과 . 스토리 가 짧게 느껴져서 아쉽 기는 하지만 , 리메이크 버전 으로 해보니 , 그래픽 이나 퀄리티 묘사 , 일 관성 등등 옛 추억 의 게임 으로 돌아간 느낌 도 들어서 잼있게 지금 도 즐기고 있습니다 .",2020-02-09 20:24:17
883710,Resident Evil 2,positive,바이오하자드 시리즈의 새로운 시작을 알리는 작품 클래식 작품들은 친구집에서 하는 것만 구경하다 직접 해보니 조준이 좀 어렵긴 한데 거기서 오는 불편함과 공포심이 새로운 유저의 마음을 사로잡습니다잉~,바이오하자드 시리즈 의 새로운 시작 을 알리는 작품 클래식 작품 들 은 친구 집 에서 하는 것 만 구경 하다 직접 해보니 조준 이 좀 어렵긴 한데 거기 서 오는 불편함과 공 포심 이 새로운 유저 의 마음 을 사로잡습니다 잉 ~,2020-02-09 11:18:28
883710,Resident Evil 2,positive,원래 가격도 안아깝지만 세일할때사면 더 꿀맛,원래 가격 도 안 아깝지만 세 일 할 때 사면 더 꿀맛,2020-02-09 00:52:23
883710,Resident Evil 2,positive,어릴적 추억의 바이오하자드.. 상당히 무섭게 플레이 했던 기억이 있다. 15년만에 새로 플레이 하는거같은데 인내심이 조금 필요하다. 재미를 보려면 말이지.. 약간의 머리도 쓸줄 알아야하고 동선같은것도 기억해두면 좋다. 인벤토리 압박은 좀 있어서 불편하다는 느낌도 받았으나 그런 압박감 또한 이게임의 재미라고생각.. 타일런트 쫓아올때 상당히 무섭네요.. 나중에는 그렇게 무섭진 않지만 ㅋㅋ 릭커인가? 그녀석도 상당히 거슬리면서 무서웠는데 죽일수 있는 총 얻고 죽이니까 통쾌하네요.. 그래픽은 상당히 훌룡한편이고 좀비나 몹들 디자인이 무시무,어릴 적 추억 의 바이오하자드 .. 상당히 무섭게 플레이 했던 기억 이 있다 . 15년 만에 새로 플레이 하는거 같은데 인내심 이 조금 필요하다 . 재미 를 보려면 말 이지 .. 약간 의 머리 도 쓸줄 알아야하고 동선 같은것도 기억 해 두면 좋다 . 인벤 토리 압박 은 좀 있어서 불편하다는 느낌 도 받았으나 그런 압박 감 또한 이 게임 의 재미 라고 생각 .. 타일 런트 쫓아올 때 상당히 무섭네요 .. 나중 에는 그렇게 무섭진 않지만 ㅋㅋ 릭커 인가 ? 그 녀석 도 상당히 거슬리면서 무서웠는데 죽일수 있는 총 얻고 죽 이니까 통쾌하네요 .. 그래픽 은 상당히 훌룡한편 이고 좀비 나 몹 들 디자인 이 무시 무,2020-02-08 22:21:38
883710,Resident Evil 2,positive,"감히 나의 인생 게임중 하나라고 말하고 싶다. 경찰서에서 느낀 그 공포와, 결말에 다다르면서 느끼는 긴박함을 후속 RE3에서는 결코 느낄수 없었다. 후속작을 해보며, 갓겜이라 새삼 느끼게 된 게임. 매력적인 캐릭터 디자인은 덤이다. DLC로 외전이나, 용병모드 같은 것 좀 추가해주면 좋겠는데, 기대하면 안되겠지?..","감히 나 의 인생 게임 중 하나 라고 말 하고 싶다 . 경찰서 에서 느낀 그 공포 와 , 결말 에 다다르면서 느끼는 긴박함을 후속 RE 3 에서는 결코 느낄수 없었다 . 후속작 을 해보며 , 갓 겜 이라 새삼 느끼게 된 게임 . 매력 적 인 캐릭터 디자인 은 덤 이다 . DLC 로 외전 이나 , 용병 모드 같은 것 좀 추가 해주면 좋겠는데 , 기대하면 안되겠지 ?..",2020-02-08 09:56:15
883710,Resident Evil 2,positive,재밋다 ... 꿀잼 ... 고민하고 있다면 걍 사서 해라.. 존잼... 기본의상으로 깨고 나서 모드깔고 의상모드 입혀서 하면 더 꿀잼...,재밋다 ... 꿀잼 ... 고민 하고 있다면 걍 사서 해 라 .. 존잼 ... 기 본 의상 으로 깨고 나서 모드 깔고 의상 모드 입혀서 하면 더 꿀잼 ...,2020-02-08 03:55:41
883710,Resident Evil 2,positive,????:이봐 김레온이...,????: 이 봐 김 레온 이 ...,2020-02-07 18:02:48
883710,Resident Evil 2,positive,갓겜,갓 겜,2020-02-07 06:29:13
883710,Resident Evil 2,positive,jkl,jkl,2020-02-06 23:51:17
883710,Resident Evil 2,positive,현실적인 그래픽과 환상적인 공포감,현실 적 인 그래픽 과 환상 적 인 공포 감,2020-02-06 21:26:23
883710,Resident Evil 2,positive,인생겜!!!,인생 겜 !!!,2020-02-06 18:24:33
883710,Resident Evil 2,positive,이 게임으로 인해 캡콤이 갓콤으로 거듭낫다고 봅니다 4월에 출시되는 바하3 RE도 기대해봅니다!,이 게임 으로 인해 캡콤 이 갓 콤 으로 거듭 낫다 고 봅니다 4월 에 출시 되는 바하 3 RE 도 기대 해봅니다 !,2020-02-06 12:39:05
883710,Resident Evil 2,positive,오랜만에 갓겜해봄...,오랜 만 에 갓 겜 해봄 ...,2020-02-06 01:02:13
883710,Resident Evil 2,positive,개꿀잼,개꿀잼,2020-02-05 15:26:06
883710,Resident Evil 2,positive,2019년 가장 재밌게 한 게임입니다. 진짜 몇번 클리어 했는지 모르겠습니다. 이제 게임을 외우고 하는 수준이에요! 최고~,2019년 가장 재밌게 한 게임 입니다 . 진짜 몇번 클리어 했는지 모르겠습니다 . 이제 게임 을 외우고 하는 수준 이에요 ! 최고 ~,2020-02-05 00:36:27
883710,Resident Evil 2,positive,난 너무 재밌게 했음 바하 짱짱 ㅋㅋ,난 너무 재밌게 했음 바하 짱짱 ㅋㅋ,2020-02-04 18:28:09
883710,Resident Evil 2,positive,간만에 재밌게 했습니다.,간만 에 재밌게 했습니다 .,2020-02-04 09:50:58
883710,Resident Evil 2,positive,여럽지만 갓겜,여럽 지만 갓 겜,2020-02-03 22:49:49
883710,Resident Evil 2,positive,그래픽도 좋고 최적화도 좋고 게임성도 좋고 죽은좀비들이 다시 일어서는것도 좋아요 근데 지도 보는게 조금 힘들어요 어디로가야 어디가 나오는지 모르겠어요 엄청 많이 해서 길을 외우기 전까지는 계속 헤매게 될거같네요,그래픽 도 좋고 최적화 도 좋고 게임 성도 좋고 죽은 좀비 들 이 다시 일어서는것도 좋아요 근데 지도 보는게 조금 힘들어요 어디 로 가야 어디가 나오는지 모르겠어요 엄청 많이 해서 길 을 외우기 전 까지는 계속 헤매게 될거 같네요,2020-02-03 14:06:35
883710,Resident Evil 2,positive,좋아요,좋아요,2020-02-03 13:27:34
883710,Resident Evil 2,positive,나라면 총알챙기고 철창 넘어서 탈출한다,나라 면 총알 챙기고 철창 넘어서 탈출 한다,2020-02-03 09:24:55
883710,Resident Evil 2,positive,아... 진짜 존나 무서워서 피로가 쌓임 그래서 게임 진행 천천히 하고 있는데 진행할 때 마다 1번씩 꼭 놀라게 만듬 근데 게임은 존나 잘 만들었음 그래서 자꾸 키게 됨,아 ... 진짜 존나 무서워서 피로 가 쌓임 그래서 게임 진행 천천히 하고 있는데 진행 할 때 마다 1 번 씩 꼭 놀라게 만듬 근데 게임 은 존나 잘 만들었음 그래서 자꾸 키 게 됨,2020-02-03 04:53:26
883710,Resident Evil 2,positive,20여년전에 했던 게임을 새로 하는 맛이란. @@b,20 여 년전 에 했던 게임 을 새로 하는 맛 이란 . @@b,2020-02-03 00:36:29
883710,Resident Evil 2,positive,심리적압박감 개오짐. 공포 분위기 때문에 수명 며칠 단축된것같음. 가격이 전혀 비싸지않은 최고의 갓겜,심리 적 압박 감 개오 짐 . 공포 분위기 때문 에 수명 며칠 단축 된것 같음 . 가격 이 전혀 비싸지 않은 최고 의 갓 겜,2020-02-02 22:25:13
883710,Resident Evil 2,positive,충 없으면 호러겜 있으면 액션겜,충 없으면 호러 겜 있으면 액션 겜,2020-02-02 22:02:03
883710,Resident Evil 2,positive,오랜만에 게임다운 게임을 하는 느낌 이 게임은 고민하지 말고 사십시오 갓겜 중에 갓겜입니다. 3도 기대하고 있습니다 스토리를 다 깨도 추가모드가 매우 재미있으며 G바이러스가 확산되어 좀비가 몰려오는데 탄약은 떨어지며 인벤토리가 부족할때 오는 압박감 등이 매우 흥미로웠습니다 이 게임을 구매하고자 고민하신다면 그냥 지르십시오,오랜 만 에 게임 다운 게임 을 하는 느낌 이 게임 은 고민 하지 말고 사십 시오 갓 겜 중 에 갓 겜 입니다 . 3 도 기대하고 있습니다 스토리 를 다 깨도 추가 모드 가 매우 재미있으며 G 바이러스 가 확산 되어 좀비 가 몰려오는데 탄약 은 떨어지며 인벤 토리 가 부족할 때 오는 압박 감 등 이 매우 흥미로웠습니다 이 게임 을 구매 하고자 고민 하신다면 그냥 지르십시오,2020-02-02 17:01:01
883710,Resident Evil 2,positive,칼빵 추천,칼빵 추천,2020-02-02 16:32:41
883710,Resident Evil 2,positive,회복아이템이 많이 나온다는건 곧 너가 다칠일이 생길거라는 뜻이니 주의하자,회복 아이템 이 많이 나온다는건 곧 너 가 다칠 일이 생길거라는 뜻 이니 주의 하자,2020-02-02 15:39:19
883710,Resident Evil 2,positive,세키로와 함께 2019 최고의 게임!,세 키로 와 함께 2019 최고 의 게임 !,2020-02-02 04:16:28
883710,Resident Evil 2,positive,레지던트 처음 접해본게 이게임 리메이크3가 나오긴 했지만 2에 비해 약간 부족한듯하다,레지던트 처음 접 해본게 이 게임 리메이크 3 가 나오긴 했지만 2 에 비해 약간 부족한듯 하다,2020-02-01 23:31:44
883710,Resident Evil 2,positive,"사양대비 고퀄리티 그래픽과 분위기, 생생한 사운드, 공포연출의 삼박자가 잘 갖춰진 좀비게임. 초반 경찰서에서 [strike]경찰서 개 잣같은거[/strike] 괜히 샀다며 후회했지만 익숙해지면서 매우 재밌어 졌습니다. 스토리- 적당. 1회차 후 2회차는 다른 캐릭터로 (같은 시간대)다른 루트로 플레이 캐릭간 상호작용은 딱히 없음 액션- 시원한 좀비액션을 추구한다면 실망할 수 있습니다. 주인공은(레온) 경찰 시험을 어떻게 합격했는지 의문이 들정도로 뛰는게 느리고, 무빙이","사양 대비 고 퀄리티 그래픽 과 분위기 , 생생한 사운드 , 공포 연출 의 삼박자 가 잘 갖춰진 좀비 게임 . 초반 경찰서 에서 [ strike ] 경찰서 개 잣 같은거 [/ strike ] 괜히 샀다며 후회 했지만 익숙해지면서 매우 재밌어 졌습니다 . 스토리 - 적당 . 1회 차 후 2회 차는 다른 캐릭터 로 ( 같은 시간대 ) 다른 루트 로 플레이 캐릭 간 상호작용 은 딱히 없음 액션 - 시원한 좀비 액션 을 추구 한 다 면 실망할 수 있습니다 . 주인공 은 ( 레온 ) 경찰 시험 을 어떻게 합격 했는지 의문 이 들 정도 로 뛰는게 느리고 , 무빙 이",2020-02-01 21:12:22
883710,Resident Evil 2,positive,작년 최고의 게임,작년 최고 의 게임,2020-02-01 21:04:28
883710,Resident Evil 2,positive,잼잼잼~,잼잼잼 ~,2020-02-01 17:36:34
883710,Resident Evil 2,positive,앵간 무서운 게임 그냥 해봐요,앵 간 무서운 게임 그냥 해봐요,2020-02-01 15:54:44
883710,Resident Evil 2,positive,"긴장감 좋고, 간만에 머리쓰게 만드는 게임","긴장감 좋고 , 간만 에 머리 쓰게 만드는 게임",2020-02-01 05:40:40
883710,Resident Evil 2,positive,이 게임을 하세요.,이 게임 을 하세요 .,2020-02-01 00:35:01
883710,Resident Evil 2,positive,리메이크 2만 해보았지만 다른 버젼도 해보고싶을만큼 재미있다,리메이크 2만 해보았지만 다른 버젼 도 해보고싶을만큼 재미있다,2020-01-31 20:03:41
883710,Resident Evil 2,positive,dasdfSDf wrefwg4,dasdfSDf wrefwg 4,2020-01-31 17:11:43
883710,Resident Evil 2,positive,Return of the King of Zombie Games!!,Return of the King of Zombie Games !!,2020-01-31 07:05:18
883710,Resident Evil 2,positive,저길 어떻게가지 -> 뭐야 여기였네 반복,저 길 어떻게 가지 -> 뭐 야 여기였네 반복,2020-01-31 00:35:41
883710,Resident Evil 2,positive,"장점: A, B 루트만 조금 더 다듬었으면 명작 단점: 안사요","장점 : A , B 루트 만 조금 더 다듬었으면 명작 단점 : 안 사요",2020-01-31 00:31:08
883710,Resident Evil 2,positive,띵작,띵작,2020-01-30 21:50:11
883710,Resident Evil 2,positive,공포게임 정말 못합니다. 특히나 깜놀구간 많은 게임은 경악을 지르며 게임을 꺼버립니다. 근데 레지던트 이블 2는 정말 재밌게 했습니다. 정말 너무너무 재밌게했습니다. 제가 1회차가 끝났는데도 불구하고 타임어택을 노리는 게임은 처음입니다. 물론 무서워서 더 못했습니다. ㅎ 정말 잘만든 게임이고 그래픽은 말할것도없습니다. 에이다도 이쁘고 클레어도 이쁘고 셰리도 너무 이쁩니다. 시장 딸마저 이쁩니다.,공포 게임 정말 못 합니다 . 특히 나 깜놀 구간 많은 게임 은 경악 을 지르며 게임 을 꺼 버립니다 . 근데 레지던트 이블 2 는 정말 재밌게 했습니다 . 정말 너무 너무 재밌게 했습니다 . 제 가 1회 차가 끝났는데도 불구 하고 타임 어택 을 노리는 게임 은 처음 입니다 . 물론 무서워서 더 못 했습니다 . ㅎ 정말 잘만 든 게임 이고 그래픽 은 말 할것도 없습니다 . 에이 다도 이쁘고 클레어 도 이쁘고 셰리 도 너무 이쁩니다 . 시장 딸 마저 이쁩니다 .,2020-01-30 21:44:02
883710,Resident Evil 2,positive,좀비게임을 빙자한 퍼즐게임,좀비 게임 을 빙자 한 퍼즐게임,2020-01-30 20:57:04
883710,Resident Evil 2,positive,총알좀 더줘봐 시바 죽일꺼야,총알 좀 더줘 봐 시바 죽일꺼야,2020-01-30 19:53:10
883710,Resident Evil 2,positive,DLC 사면 장르 바뀝니다.,DLC 사면 장르 바뀝니다 .,2020-01-30 16:22:21
883710,Resident Evil 2,positive,RE3 하기 전에 무조건 RE2 필수 플레이 추천,RE 3 하기 전 에 무조건 RE 2 필수 플레이 추천,2020-01-30 12:56:09
883710,Resident Evil 2,positive,ggggggggggggggggggggggoooooooooooooooooooooooooodddddddddddddddd,ggggggggggggggggggggggoooooooooooooooooooooooooodddddddddddddddd,2020-01-30 10:03:45
883710,Resident Evil 2,positive,장점 재밌다 무섭다 단점 총알 씨1발 좀 ㅋㅋ,장점 재밌다 무섭다 단점 총알 씨 1 발 좀 ㅋㅋ,2020-01-30 03:48:21
883710,Resident Evil 2,positive,총알을 딱 필요한 만큼보다 조금 적게 주니까 관리하기가 꽤나 힘듭니다. 그리고 타일런트 발자국 소리 너무 무서워 ㅋㅋ,총알 을 딱 필요한 만큼 보다 조금 적게 주 니까 관리 하기가 꽤 나 힘듭니다 . 그리고 타일 런트 발자국 소리 너무 무서워 ㅋㅋ,2020-01-30 02:29:59
883710,Resident Evil 2,positive,다시해도 갓겜 진짜 명작은 명작이다.. 3 기대중,다시 해도 갓 겜 진짜 명작 은 명작 이다 .. 3 기 대중,2020-01-30 01:04:17
883710,Resident Evil 2,positive,진짜 존나무섭다 4시간짼데 방금 경찰서 나왔다,진짜 존나 무섭다 4시간 짼데 방금 경찰서 나왔다,2020-01-29 21:45:25
883710,Resident Evil 2,positive,어릴때도 공략집을 인쇄해가면서 재미있게 했던 게임 나이를 먹고 게임에 대한 열정이 많이 식은 지금 다시해도 재밋네요 ㅋㅋ 리메이크해서 요즘시대에 걸맞는 명작으로 다시 태어난거 같네요 강추합니다 ~,어릴 때 도 공략 집 을 인쇄 해가면서 재미있게 했던 게임 나이 를 먹고 게임 에 대한 열정 이 많이 식은 지금 다시 해도 재밋네 요 ㅋㅋ 리메이크 해서 요즘 시대 에 걸 맞는 명작 으로 다시 태어난거 같네요 강 추합니다 ~,2020-01-29 11:16:27
883710,Resident Evil 2,positive,하드코어 s+를 받는순간 좀비새끼들은 ㅈ된다,하드코어 s + 를 받는 순간 좀비 새끼 들 은 ㅈ 된다,2020-01-29 11:05:32
883710,Resident Evil 2,positive,"게임을 시작할떄는 좁밥 게임이라면서 실행했지만, 1시간후 거울을 보니 좁밥은 나였다.","게임 을 시 작 할떄 는 좁 밥 게임 이라 면서 실행 했지만 , 1시간 후 거울 을 보니 좁 밥 은 나였다 .",2020-01-29 09:34:17
883710,Resident Evil 2,positive,타일런트 존나무서워요 진짜,타일 런트 존나 무서워요 진짜,2020-01-29 03:01:33
883710,Resident Evil 2,positive,총알이 모자른게 정말 공포...,총알 이 모 자른게 정말 공포 ...,2020-01-29 00:21:52
883710,Resident Evil 2,positive,다른사람 게임 다깨는거 보고 샀는데 후회 안한다 살 가치 있음 공포는 거의 없음,다른사람 게임 다 깨는거 보고 샀는데 후회 안 한다 살 가치 있음 공포 는 거의 없음,2020-01-28 22:36:35
883710,Resident Evil 2,positive,재미있음,재미있음,2020-01-28 19:47:21
883710,Resident Evil 2,positive,정말 잘 된 리메이크작~ ㅊㅊ,정말 잘 된 리메이크 작 ~ ㅊㅊ,2020-01-28 19:32:40
883710,Resident Evil 2,positive,이제 레온a 하나 깼다 어우 .....,이제 레온 a 하나 깼다 어우 .....,2020-01-28 12:15:30
883710,Resident Evil 2,positive,에이다 못보는거 좀아쉽다 으아아앙,에이 다 못 보는거 좀 아쉽다 으아아 앙,2020-01-28 11:56:01
883710,Resident Evil 2,positive,탄약... 탄약... 탄약...!!!,탄약 ... 탄약 ... 탄약 ...!!!,2020-01-28 02:42:07
883710,Resident Evil 2,positive,무서워서 다음에할게요 ㅠ,무서워서 다음 에 할게요 ㅠ,2020-01-27 21:34:27
883710,Resident Evil 2,positive,아직 플레이 중이지만 총알좀 주세요 제발 총알좀 제발,아직 플레이 중이 지만 총알 좀 주세요 제발 총알 좀 제발,2020-01-27 19:13:07
883710,Resident Evil 2,positive,"좀비게임이 아니다! 퍼즐 풀고 문열기 게임!!!! 좀비들은 심심풀이 총알받이에 불과하네요^^ 근데 갑툭튀 오지긴 함; 좀비 나올 때마다 소리 질러서 아빠한테 처 맞았음 시발 게임... 그리고 캐릭터 와꾸들이 제 미래보다 오똑하네요 염병,,~!!!","좀비 게임 이 아니다 ! 퍼즐 풀 고 문 열기 게임 !!!! 좀비 들 은 심심 풀이 총 알받이 에 불과하네요 ^^ 근데 갑툭튀 오지긴 함 ; 좀비 나올 때 마다 소리 질러서 아빠 한테 처 맞았음 시발 게임 ... 그리고 캐릭터 와 꾸 들이 제 미래 보다 오 똑 하네요 염병 ,,~!!!",2020-01-27 18:42:44
883710,Resident Evil 2,positive,개꿀잼,개꿀잼,2020-01-27 13:50:35
883710,Resident Evil 2,positive,갓겜... 다시 하려니깐 손이 안따라줘서 dlc 무기 도움을 받음.,갓 겜 ... 다시 하려니깐 손 이 안 따라줘서 dlc 무기 도움 을 받음 .,2020-01-27 06:40:34
883710,Resident Evil 2,positive,매우 딴딴한 좀비와 부족한 탄약으로 무서웠던 게임 평범한 좀비게임을 생각하고 머리만 맞췄다가 수없이 죽음. 전투든 퍼즐이든 매우 재미있었다. 다만 개연성이 떨어지는 스토리와 사실상 두 번 반복하는 수준인 2회차는 살짝 아쉽다.,매우 딴딴한 좀비 와 부족한 탄약 으로 무서웠던 게임 평범한 좀비 게임 을 생각 하고 머리 만 맞췄다가 수없이 죽음 . 전투 든 퍼즐 이든 매우 재미있었다 . 다만 개연 성 이 떨어지는 스토리 와 사실 상 두 번 반복 하는 수준 인 2회 차는 살짝 아쉽다 .,2020-01-27 04:17:33
883710,Resident Evil 2,positive,"긴장감,공포감은 여전히 뛰어나네요 너무 재밌게 잘했습니다 곧 발매예정인 RE:3도 구매확정 요맨너~","긴장감 , 공포 감은 여전히 뛰어나네요 너무 재밌게 잘 했습니다 곧 발매 예정 인 RE : 3 도 구매 확정 요 맨 너 ~",2020-01-27 02:48:44
883710,Resident Evil 2,positive,그래픽 정말 좋음. 게임성도 굳굳,그래픽 정말 좋음 . 게임 성도 굳 굳,2020-01-27 01:34:28
883710,Resident Evil 2,positive,잠긴 문 풀어 이동하는게 꿀맛~ 중간 중간 심심하지 않으라고 좀비들 나와줘서 반갑다고 총으로 인사해주면 엎드려 절함,잠긴 문 풀어 이동 하는게 꿀맛 ~ 중간 중간 심심하지 않으라고 좀비 들 나와줘서 반갑다고 총 으로 인사 해주면 엎드려 절함,2020-01-26 21:49:20
883710,Resident Evil 2,positive,게임 하고싶은데 너무 무서워서 못하겠음 ㅠㅠ,게임 하고싶은데 너무 무서워서 못 하겠음 ㅠㅠ,2020-01-26 21:28:13
883710,Resident Evil 2,positive,[h1] 클레어는 내 스타일 [/h1],[ h 1 ] 클레어 는 내 스타일 [/ h 1 ],2020-01-26 20:55:26
883710,Resident Evil 2,positive,그냥 좋아,그냥 좋아,2020-01-26 19:46:33
883710,Resident Evil 2,positive,내 취향은 아니었나 보다,내 취향 은 아니었나 보다,2020-01-26 17:26:54
883710,Resident Evil 2,positive,스토리가 재미있고 좀비가 무슨 길막을 지리게함,스토리 가 재미있고 좀비 가 무슨 길막 을 지리 게 함,2020-01-26 16:13:09
883710,Resident Evil 2,positive,너무너무 재밋습니다.,너무 너무 재밋습니 다 .,2020-01-26 14:46:00
883710,Resident Evil 2,positive,재밌당,재밌당,2020-01-26 02:15:29
883710,Resident Evil 2,positive,"갑툭튀 조금 나오는데 그렇게 안 무섭고, 분위기 잘 조성했는데 무서워서 못하고 그러진 않는다. 정말 적당히 무서워서 쫄보라도 액션과 퍼즐에 충분히 집중할 수 있다. 근데 타일런트 이 미친놈은 진짜 적응이 안 되네","갑툭튀 조금 나오는데 그렇게 안 무섭고 , 분위기 잘 조성 했는데 무서워서 못 하고 그러진 않는다 . 정말 적당히 무서워서 쫄보 라도 액션 과 퍼즐 에 충분히 집중 할 수 있다 . 근데 타일 런트 이 미친 놈 은 진짜 적응 이 안 되네",2020-01-26 01:09:07
883710,Resident Evil 2,positive,"쫄보지만 데모판만 해보고 가능할거 같아서 구매함. [strike] 허나, 분위기(고어), 떨리는 에임과 모자른 탁약 때문에 모든 보상 언락 DLC까지 구매를 해도 쫄보인지라 더이상 진행을 못하겠어서 경찰서에서 마빈 만난걸로 엔딩삼음. 암튼 엔딩봄. [/strike] 무서워서 끄면 생각나서 또 키게 되는 갓겜.","쫄보 지만 데모 판 만 해보고 가능할거 같아서 구매 함 . [ strike ] 허나 , 분위기 ( 고어 ), 떨리는 에 임 과 모 자른 탁약 때문 에 모든 보상 언락 DLC 까지 구매 를 해도 쫄보 인지 라 더 이상 진행 을 못 하겠어서 경찰서 에서 마빈 만난 걸 로 엔딩 삼음 . 암튼 엔딩 봄 . [/ strike ] 무서워서 끄면 생각나서 또 키 게 되는 갓 겜 .",2020-01-25 15:35:44
883710,Resident Evil 2,positive,재미있어요 단지 레온하고 클레어로 할때 조금 반복되는 감이 있네요,재미있어요 단지 레온 하고 클레어 로 할 때 조금 반복 되는 감 이 있네요,2020-01-25 12:08:54
883710,Resident Evil 2,positive,좀비 무섭지만 재미있게 만족합니다!! 물론 강추입니다,좀비 무섭지만 재미있게 만족합니다 !! 물론 강추 입니다,2020-01-24 23:58:17
883710,Resident Evil 2,positive,긋긋긋,긋 긋 긋,2020-01-24 20:20:18
883710,Resident Evil 2,positive,캐.... 캐서린.. 퍄퍄....,캐 .... 캐서린 .. 퍄퍄 ....,2020-01-24 17:26:29
883710,Resident Evil 2,positive,"단언컨대 내가 해본 3D 겜중 최고로 어렵다( 전세계 0.2퍼만 달성한 S+ 스피드런 포함), 하드코어의 패널티와 S+을 위한 저장3번이하의 모든 압박감이 더해져 공포겜하면서 제일 무서웠다. 이전에 제일 빡센놈을 고르자면 위쳐3 죽행 레벨스케일링의 보스 ""진"" 이었고 바하2 S+을 달성하여 피지컬이 더 상승하였다. 이제 뭔 겜을해도 이겨낼 자신있다.(2D는 빼고 ㅋ)","단언컨대 내 가 해본 3 D 겜 중 최고 로 어렵다 ( 전세계 0.2 퍼 만 달성 한 S + 스피드 런 포함 ), 하드코어 의 패널 티 와 S + 을 위 한 저장 3 번 이 하의 모든 압박 감 이 더해져 공포 겜 하면서 제일 무서웠다 . 이전 에 제일 빡센놈 을 고르자면 위 쳐 3 죽행 레벨 스케일링 의 보스 "" 진 "" 이었고 바하 2 S + 을 달성 하여 피지 컬 이 더 상승 하였다 . 이제 뭔 겜 을해 도 이겨 낼 자신있다 .( 2 D 는 빼고 ㅋ )",2020-01-24 11:47:25
883710,Resident Evil 2,positive,초반에 너무 무서워서 환불했음. 나중에 평이 너무 좋길래 (고티 1위 후보) 다시 시도해서 ... 엄청 빠져들었음.. 2018 최다 고티인 갓오브워보다 더 재밌게 했습니다..,초반 에 너무 무서워서 환불 했음 . 나중 에 평이 너무 좋길래 ( 고 티 1 위 후보 ) 다시 시도 해서 ... 엄청 빠져들었음 .. 2018 최 다 고 티 인 갓 오브 워 보다 더 재밌게 했습니다 ..,2020-01-23 19:44:41
883710,Resident Evil 2,positive,GOOD,GOOD,2020-01-23 15:02:53
883710,Resident Evil 2,positive,캡콤... 그는 신이야!,캡콤 ... 그 는 신 이야 !,2020-01-23 13:06:53
883710,Resident Evil 2,positive,2019년 최고의 게임이자 역대 최고의 리메이크 중 하나 ps4 판도 재밌게 하고 있네요... 스팀판만 200시간 가까이 했으니 ps판까지 하면.....300 시간 될라나..... 근데 RE3는 하지 마세요. 3시간으로 클리어후 손이 안가요. 하지만 RE2는 명작입니다.,2019년 최고 의 게임 이자 역대 최고 의 리메이크 중 하나 ps 4 판도 재밌게 하고 있네요 ... 스팀 판 만 200시간 가까이 했으니 ps 판 까지 하면 ..... 300 시간 될 라나 ..... 근데 RE 3 는 하지 마세요 . 3시간 으로 클리어 후 손 이 안가요 . 하지만 RE 2 는 명작 입니다 .,2020-01-22 21:51:03
883710,Resident Evil 2,positive,좀비가 나오면 그냥 추천,좀비 가 나오면 그냥 추천,2020-01-22 15:26:39
883710,Resident Evil 2,positive,어릴때 즐기던 바하시리즈를 다시 접하게 된계기가 된 게임,어릴 때 즐기던 바하 시리즈 를 다시 접 하게 된 계기 가 된 게임,2020-01-22 02:06:36
883710,Resident Evil 2,positive,모드 갓겜,모드 갓 겜,2020-01-21 22:46:07
883710,Resident Evil 2,positive,"좀비들을 터뜨리고 썰기보다는, 피해다니면서 퍼즐을 풀어 새로운 길을 찾는 게 주된 게임입니다. 원작을 해보진 않았지만 정말 재밌게 했네요. 다만 스토리 진행은 조금 개연성이 떨어져서 아쉬웠습니다. 뭔가 있어야 할 내용이 몇가지 빠진 느낌? 다른 주인공 파트도 게임 진행이 거의 비슷해서 사실상 2회차를 하는 느낌이 들어 조금 지루했습니다. 그래도 세일할 때 사서 해볼만한 수작이라고 생각합니다.","좀비 들 을 터뜨리고 썰기보다는 , 피해 다니면서 퍼즐 을 풀어 새로운 길 을 찾는 게 주된 게임 입니다 . 원작 을 해보진 않았지만 정말 재밌게 했네요 . 다만 스토리 진행 은 조금 개연 성 이 떨어져서 아쉬웠습니다 . 뭔가 있어야 할 내용 이 몇 가지 빠진 느낌 ? 다른 주인공 파트 도 게임 진행 이 거의 비슷해서 사실 상 2회 차를 하는 느낌 이 들어 조금 지루했습니다 . 그래도 세 일 할 때 사서 해볼만 한 수작 이라고 생각 합니다 .",2020-01-21 16:02:44
883710,Resident Evil 2,positive,정가 주고 사면 흑우됩니다. 할인할 때 사세요.,정가 주고 사면 흑우 됩니다 . 할인 할 때 사세요 .,2020-01-21 01:26:00
883710,Resident Evil 2,positive,"레지던트 이블 영화는 모두 봤지만, 엔딩을 본 레지던트 이블 게임은 이번 게임이 처음입니다. 레지던트 이블2를 완전히 새롭게 리메이크한 게임입니다. Revelations2를 몇시간 하다가 멀미때문에 포기했었는데 RE2는 멀미가 거의 없었습니다. 그래픽이 상당히 뛰어났으며, 특히 비에 젖은 클레어는 압권입니다. 빨간 드레스를 입은 에이다는 정말이지 매력적입니다. 액션은 툼레이더 같이 화려하거나 매끄럽지는 않습니다. FPS게임 같은 총격전도 기대할 수 없습니다. 하지만 분위기에서 오는 쫄깃한 긴장감과 퍼즐을 풀어나가는 과정은 일품입니다","레지던트 이블 영화 는 모두 봤지만 , 엔딩 을 본 레지던트 이블 게임 은 이번 게임 이 처음 입니다 . 레지던트 이블 2 를 완전히 새롭게 리메이크 한 게임 입니다 . Revelations 2 를 몇 시간 하다가 멀미 때문 에 포기 했었는데 RE 2 는 멀미 가 거의 없었습니다 . 그래픽 이 상당히 뛰어났으며 , 특히 비 에 젖은 클레어 는 압 권 입니다 . 빨간 드레스 를 입은 에이 다는 정말 이지 매력 적 입니다 . 액션 은 툼레이더 같이 화려하거나 매끄럽지는 않습니다 . FPS 게임 같은 총격 전도 기대할 수 없습니다 . 하지만 분위기 에서 오는 쫄깃 한 긴장감 과 퍼즐 을 풀어 나가는 과정 은 일품 입니다",2020-01-21 00:07:39
883710,Resident Evil 2,positive,밤에 하기 딱 좋은 게임!!,밤 에 하기 딱 좋은 게임 !!,2020-01-20 20:49:24
883710,Resident Evil 2,positive,원작에서는 뺑뺑이 엄청 돌리더만 리메이크에서는 최소화 했내요 그리고 공포 분위기에 압도당함... 원작에서 봤던 공간인데? 뭔가 처음해보는 느낌 퍼즐이 원작과 비교해 없는듯 암튼 수작입니다.,원작 에서는 뺑뺑 이 엄청 돌 리더 만 리메이크 에서는 최소 화 했내요 그리고 공포 분위기 에 압도 당함 ... 원작 에서 봤던 공간 인데 ? 뭔가 처음 해보는 느낌 퍼즐 이 원작 과 비교 해 없는듯 암튼 수작 입니다 .,2020-01-19 22:18:47
883710,Resident Evil 2,positive,원작을 정말 멋지게 리메이크. 원작을 몰라도 재밌고 원작을 알면 더 재밌음. 다만 시스템을 개선했다고는 하지만 원작이 워낙 고전이라 조금 답답한 시스템적인 제한은 아쉬움. 그래도 좀비 아포칼립스물로서는 좀비의 공포를 제대로 느끼게 해줌. 본편을 깨고 나면 미니게임도 무료추가. 굿!,원작 을 정말 멋지게 리메이크 . 원작 을 몰라도 재밌고 원작 을 알 면 더 재밌음 . 다만 시스템 을 개선 했다고는 하지만 원작 이 워낙 고전 이라 조금 답답한 시스템 적 인 제한 은 아쉬움 . 그래도 좀비 아포칼립스 물 로서 는 좀비 의 공포 를 제대로 느끼게 해줌 . 본 편 을 깨고 나면 미니게임 도 무료 추가 . 굿 !,2020-01-19 20:41:58
883710,Resident Evil 2,positive,호러를 좋아 하시거나 fps를 좋아 하시면 꼭 해보세요. 스토리 있는 게임을 좋아 하시는 분에게도 좋습니다.,호러 를 좋아 하시거나 fps 를 좋아 하시면 꼭 해보세요 . 스토리 있는 게임 을 좋아 하시는 분 에게도 좋습니다 .,2020-01-19 17:28:15
883710,Resident Evil 2,positive,캣잼씀 꼭해보세요 진자 해봐야죠 명게임이에요,캣잼씀 꼭 해보세요 진자 해봐야죠 명 게임 이에요,2020-01-19 10:34:14
883710,Resident Evil 2,positive,"저번 할인기간에 구매해 이제야 리뷰를 쓰네요 5점 만점에 4.5점입니다. 일단은 레포데, 데이즈 곤 같은 아메리칸식 액션이 아닌 좀비로부터의 생존을 목표로 한 느낌이 강하게 드네요 퍼즐 요소도 적지 않게 가미되어 머리도 적당히 써야하는 게임입니다. 무엇보다 탄약, 그리고 인벤토리의 한정으로 진짜 서바이벌 상황을 방붙케 하네요. 특히 주인공을 따라다니는 타일런트가 압박감을 주었습니다. 그리고 하드코어에서는 생존에 직결되는 것들도 때로는 버려야 함으로 극한의 느낌이 연출되는 느낌이랄까요. 여타의 게임처럼 머리를 쏴도 한방에","저번 할인 기간 에 구매 해 이제야 리뷰 를 쓰네요 5 점 만점 에 4.5 점 입니다 . 일단 은 레포데 , 데이즈 곤 같은 아메리칸 식 액션 이 아닌 좀비 로부터 의 생존 을 목표 로 한 느낌 이 강하게 드네 요 퍼즐 요소 도 적지 않게 가미 되어 머리 도 적당히 써야하는 게임 입니다 . 무엇 보다 탄약 , 그리고 인벤 토리 의 한정 으로 진짜 서바이벌 상황 을 방붙케 하네요 . 특히 주인공 을 따라다니는 타 일 런트 가 압박 감 을 주었습니다 . 그리고 하드코어 에서는 생존 에 직결 되는 것 들 도 때로는 버려야 함 으로 극한 의 느낌 이 연출 되는 느낌 이 랄 까요 . 여타 의 게임 처럼 머리 를 쏴도 한 방 에",2020-01-18 23:21:11
883710,Resident Evil 2,positive,very good,very good,2020-01-18 16:40:38
883710,Resident Evil 2,positive,타일런트한테서 도망칠 때 너무 심장 쫄깃함 ㅋㅋ,타 일 런트 한테 서 도망칠 때 너무 심장 쫄깃함 ㅋㅋ,2020-01-18 01:49:47
883710,Resident Evil 2,positive,잼난다. 초반에 무서워서 하기 싫다가 나중에 액션겜이 되면서 재밌어짐,잼 난다 . 초반 에 무서워서 하기 싫다가 나중 에 액션 겜 이 되면서 재밌어 짐,2020-01-17 22:15:00
883710,Resident Evil 2,positive,2회차까지 했는데 시간이 짧네요. 그거빼곤 거의 완벽,2회 차까지 했는데 시간 이 짧네요 . 그거 빼곤 거의 완벽,2020-01-17 19:55:29
883710,Resident Evil 2,positive,BEST REMAKE,BEST REMAKE,2020-01-17 13:47:38
883710,Resident Evil 2,positive,살만함,살 만 함,2020-01-17 11:06:05
883710,Resident Evil 2,positive,리메이크3도 이렇게만 만들어다오 내지갑은 열려있다....,리메이크 3 도 이렇게만 만들어다오 내 지갑 은 열려있다 ....,2020-01-16 16:03:29
883710,Resident Evil 2,positive,좀비 사냥물 강추,좀비 사냥 물 강추,2020-01-16 15:59:53
883710,Resident Evil 2,positive,"음산하고 쫄리는 분위기, 끔찍하게 생긴 좀비들, 적절한 난이도의 퍼즐, 답답하기 그지 없는 인벤토리 크기, 무자비없는 두한이 성님, 그리고 넘모 이쁜 클레어까지.. 이 RE2덕분에 바이오하자드 시리즈에 매료되었습니다...","음산하고 쫄리 는 분위기 , 끔찍하게 생긴 좀비 들 , 적절한 난이도 의 퍼즐 , 답답하기 그 지 없는 인벤 토리 크기 , 무자비 없는 두 한 이 성 님 , 그리고 넘 모 이쁜 클레어 까지 .. 이 RE 2 덕분 에 바이오하자드 시리즈 에 매료 되었습니다 ...",2020-01-15 23:30:41
883710,Resident Evil 2,positive,"쫄릴 때 쫄리고 쉴 때 푹 쉬는 느낌을 받아서 정말 재밌게 했다. 1때는 탄이 너무 쫄려서 힘들었는데 탄 배분도 적당해서 좋았다. 사운드도 정말 좋았다. 특히 김두한발소리..ㄷㄷ 후반부는 바하 5 6 느낌이 강하게 들었고, 마무리가 조금 아쉽다는 느낌도 들었지만 전체적으로 너무 좋은 게임이었다. 감사합니다 캡콤..","쫄릴 때 쫄리 고 쉴 때 푹 쉬는 느낌 을 받아서 정말 재밌게 했다 . 1 때 는 탄이 너무 쫄려 서 힘들었는데 탄 배분 도 적당해서 좋았다 . 사운드 도 정말 좋았다 . 특히 김두한 발 소리 .. ㄷㄷ 후반 부는 바하 5 6 느낌 이 강하게 들었고 , 마무리 가 조금 아쉽다는 느낌 도 들었지만 전체 적 으로 너무 좋은 게임 이었다 . 감사합니다 캡콤 ..",2020-01-15 22:14:15
883710,Resident Evil 2,positive,시리즈를 처음 접하는데 깜짝깜짝 놀래고 좀비소리에 공포를 느끼며 즐겼습니다.,시리즈 를 처음 접 하는데 깜짝깜짝 놀래고 좀비 소리 에 공포 를 느끼며 즐겼습니다 .,2020-01-15 11:16:00
883710,Resident Evil 2,positive,재밌어요 고어한거 싫어하시는분 비추,재밌어요 고어 한 거 싫어하시는 분 비추,2020-01-14 21:29:26
883710,Resident Evil 2,positive,당신은 이 게임을 꼭 사야합니다 ! 라쿤시티가 위험에 빠졌으니까요 !! you !! MUST BUY this game !!! FOR THE RACOON CITY !!,당신 은 이 게임 을 꼭 사야 합니다 ! 라쿤시티 가 위험 에 빠졌으니까 요 !! you !! MUST BUY this game !!! FOR THE RACOON CITY !!,2020-01-14 21:03:27
883710,Resident Evil 2,positive,짱이다,짱 이다,2020-01-14 02:01:59
883710,Resident Evil 2,positive,타임어택 기록세우는 사람입니다 무조건 사세요 ㅋㅋ,타임 어택 기록 세우는 사람 입니다 무조건 사세요 ㅋㅋ,2020-01-14 00:42:20
883710,Resident Evil 2,positive,"3시간 밖에 플레이 하지 않았지만, 모드 적용의 자유성 (여캐 꾸미는 , 벗기는 재미??), 적절한 난이도, 적절한 좀비 재생... 아주 좋은 화면 등등 여러가지 갓겜의 요소를 지니고 있다.","3시간 밖에 플레이 하지 않았지만 , 모드 적용 의 자유 성 ( 여캐 꾸미는 , 벗기는 재미 ??), 적절한 난이도 , 적절한 좀비 재생 ... 아주 좋은 화면 등등 여러가지 갓 겜 의 요소 를 지니 고 있다 .",2020-01-13 01:59:55
883710,Resident Evil 2,positive,재밌습니다,재밌습니다,2020-01-12 03:13:54
883710,Resident Evil 2,positive,"레지던트이블 4, 5 이후로 최고의 작품","레지던트이블 4 , 5 이후 로 최고 의 작품",2020-01-12 01:28:39
883710,Resident Evil 2,positive,갓띵작. 리메이크는 이래야 된다는걸 보여줬다.,갓띵작 . 리메이크 는 이 래야 된다는걸 보여줬다 .,2020-01-11 21:29:04
883710,Resident Evil 2,positive,"ps로 해봤는데, 정말 제대로 리메이크해서 만든 것 같습니다. 심장이 쫄깃한 게 재미 있네요.","ps 로 해봤는데 , 정말 제대로 리메이크 해서 만든 것 같습니다 . 심장 이 쫄깃 한 게 재미 있네요 .",2020-01-11 20:55:36
883710,Resident Evil 2,positive,good,good,2020-01-11 16:40:33
883710,Resident Evil 2,positive,"Got scared, then I realised that I got old. The original game was really fun, and perhaps this remake is a but overstimulating (yes, I played RE 4 & 5 too) for me - nevertheless, this game is fun and it brings me of old memories.","Got scared , then I realised that I got old . The original game was really fun , and perhaps this remake is a but overstimulating ( yes , I played RE 4 & 5 too ) for me - nevertheless , this game is fun and it brings me of old memories .",2020-01-11 10:26:55
883710,Resident Evil 2,positive,"전설적인 공포게임, 이 이상 설명이 필요한가?","전설 적 인 공포 게임 , 이 이상 설명 이 필요한가 ?",2020-01-10 23:41:55
883710,Resident Evil 2,positive,"퍼즐과 액션, 공포 요소를 적절히 섞은 성공한 리메이크작","퍼즐 과 액션 , 공포 요소 를 적절히 섞은 성공한 리메이크 작",2020-01-09 22:38:19
883710,Resident Evil 2,positive,"바이오하자드7이 게임을 완성시켰고, 바이오하자드2는 이를 바탕으로 세련되게 업그레이드 되었다. UI,UX 너무 깔끔해서 좋다. 지도 또한 이전 시리즈들은 보기 불편했는데 요건 너무너무 편하다. 모든 아이템 먹으면 해당 지도의 색이 변하는것도 너무 좋다. 꼭해보자","바이오하자드 7 이 게임 을 완성 시켰고 , 바이오하자드 2 는 이를 바탕 으로 세련되게 업그레이드 되었다 . UI , UX 너무 깔끔해서 좋다 . 지도 또한 이전 시리즈 들 은 보기 불편했는데 요건 너무 너무 편하다 . 모든 아이템 먹으면 해당 지도 의 색 이 변하는것도 너무 좋다 . 꼭 해보자",2020-01-09 12:30:20
883710,Resident Evil 2,positive,"""반복되고 지루한 인생에 자극이 필요한가? 그럼 사서 해라."" ""사는게 긴장과 설레임, 스릴 그런게 없다면 죽은 인생이지."" 심장이 쫄깃해지고 온몸이 부들거린다 그 어떤 공포영화도 범접할 수 없는 공포감을 준다. 고로 몰입감이 죽여준다는 얘기지. 제대로 즐기려면 스피커를 좋은거 쓰거나, 헤드셋을 착용하기를 추천한다. 가만히 서서 부스럭 거리는 소리만 들어도 무섭고.. 발소리가 날 쫓아오면 심장이 벌렁거린다. 예상 못한 순간에 괴물이 덮치면 온몸이 후덜거리면서 마우스가 날아가 버린다. ""긴장감, 압박감, 스릴, 조마조마, 부들",""" 반복 되고 지루한 인생 에 자극 이 필요한가 ? 그럼 사서 해 라 ."" "" 사는게 긴장 과 설레임 , 스릴 그런게 없다면 죽은 인생 이지 ."" 심장 이 쫄깃 해지고 온몸 이 부들 거 린다 그 어떤 공포영화 도 범접 할 수 없는 공포 감 을 준다 . 고로 몰입 감 이 죽여준다는 얘기 지 . 제대로 즐기려면 스피커 를 좋은 거 쓰거나 , 헤드셋 을 착용 하기를 추천 한다 . 가만히 서서 부스럭 거리 는 소리 만 들어도 무섭고 .. 발 소리 가 날 쫓아오면 심장 이 벌렁 거 린다 . 예상 못 한 순간 에 괴물 이 덮치면 온몸 이 후덜 거리 면서 마우스 가 날아가 버린다 . "" 긴장감 , 압박 감 , 스릴 , 조마조마 , 부들",2020-01-09 05:22:01
883710,Resident Evil 2,positive,스토리는 원작에 비해 많이 짤렸지만 너무 잘만든 바하2 리메이크,스토리 는 원작 에 비해 많이 짤렸 지만 너무 잘만 든 바하 2 리메이크,2020-01-08 14:35:12
883710,Resident Evil 2,positive,dtd,dtd,2020-01-08 00:20:32
883710,Resident Evil 2,positive,내가 공포초보고 이게 2번째 공포 게임인데 진짜 퀄리티 좋고 스토리도 재미있더라 메모 읽는 재미도 쏠쏠하고 암튼 추천추천,내 가 공포 초보 고 이 게 2 번째 공포 게임 인데 진짜 퀄리티 좋고 스토리 도 재미있더라 메모 읽는 재미 도 쏠쏠하고 암튼 추천 추천,2020-01-07 23:52:05
883710,Resident Evil 2,positive,전혀 새로운 느낌의 바이오하자드2 친절한 한글화와 도른자의 난이도. 두부모드의 두부질감은 올리고 좀비들은 순발력이 좋아졌다,전혀 새로운 느낌 의 바이오하자드 2 친절한 한글화 와 도른 자의 난이도 . 두부 모드 의 두부 질감 은 올리고 좀비 들 은 순발력 이 좋아졌다,2020-01-07 23:04:35
883710,Resident Evil 2,positive,컨텐츠가 계속나오네,컨텐츠 가 계속 나오네,2020-01-07 21:39:17
883710,Resident Evil 2,positive,바이오하자드 시리즈 팬들에게는 최고의 선물.,바이오하자드 시리즈 팬 들 에게는 최고 의 선물 .,2020-01-07 05:52:04
883710,Resident Evil 2,positive,갓겜입니다. 몇회차를 해도 분위기의 공포감을 느끼면서 게임을 하실 수 있습니다.,갓 겜 입니다 . 몇 회차 를 해도 분위기 의 공포 감 을 느끼면서 게임 을 하실 수 있습니다 .,2020-01-07 00:24:08
883710,Resident Evil 2,positive,꿀잼 가격값합니다.,꿀잼 가격 값 합니다 .,2020-01-06 17:24:38
883710,Resident Evil 2,positive,후 ㅋㅋ 힘들어서 못해먹겠네 ㅋㅋ....,후 ㅋㅋ 힘들어서 못 해 먹겠네 ㅋㅋ ....,2020-01-06 14:34:21
883710,Resident Evil 2,positive,호불호가 갈릴거 같은 게임이네요 넓고 한정된 공간 여기저기를 왔다갔다 퍼즐과 출구를 찾아야 하는 게임 그렇다고 호쾌하게 총 빵빵 마구 쓸수 있는 그런 것도 아님 레벨레이션스 처럼 액션 비중이 높은 게임이 아니라 그거 생각하고 구입하시는분들은 실망할수도 있음 나도 그부분은 약간 실망 시간 여유 넉넉히 잡고 천천히 즐기시는분들 퍼즐 풀이 좋아하시는분들 이런분들 취향에 맞는 게임이라고 생각하시면 됩니다 리메이크는 잘된 상태라 바이오하자드 시리즈 좋아하시는분들에겐 그래도 추천해드리고 싶네요,호불호 가 갈릴거 같은 게임 이네 요 넓고 한정 된 공간 여기저기 를 왔다 갔다 퍼즐 과 출구 를 찾아야 하는 게임 그렇다고 호쾌 하게 총 빵빵 마구 쓸수 있는 그런 것 도 아님 레벨 레이 션스 처럼 액션 비중 이 높은 게임 이 아니라 그거 생각 하고 구입 하시는 분 들 은 실망할수도 있음 나도 그 부분 은 약간 실망 시간 여유 넉넉히 잡고 천천히 즐기시는 분 들 퍼즐 풀이 좋아하시는 분 들 이런 분 들 취향 에 맞는 게임 이라고 생각 하시면 됩니다 리메이크 는 잘 된 상태 라 바이오하자드 시리즈 좋아하시는 분 들 에겐 그래도 추천 해드리고 싶네요,2020-01-06 09:43:53
883710,Resident Evil 2,positive,분명 큰 건물을 돌아다니는데 돌아다니면 돌아다닐수록 공간이 작아진다는 압박감을 주는 공포게임,분명 큰 건물 을 돌아다니는데 돌아다니면 돌아다닐수록 공간 이 작아진다는 압박 감 을 주는 공포 게임,2020-01-05 22:14:37
883710,Resident Evil 2,positive,형님이 너무 무섭긴 했지만... 그래도 확실히 재미는 있다. 갓콤이라 불릴만 했다.,형님 이 너무 무섭긴 했지만 ... 그래도 확실히 재미 는 있다 . 갓 콤 이라 불릴만 했다 .,2020-01-05 19:28:28
883710,Resident Evil 2,positive,아이돌 김레온이 사생팬 좀비들과 사딸라를 외치는 타이두한의 추격을 뿌리치고 썸녀인 클레어를 만나러가는 스토리. 갓겜,아이돌 김 레온 이 사생팬 좀비 들 과 사 딸라 를 외치는 타이 두 한 의 추격 을 뿌리 치고 썸녀 인 클레어 를 만나러가는 스토리 . 갓 겜,2020-01-05 15:14:14
883710,Resident Evil 2,positive,"- 장점 리메이크 하면서 온갖 '게임적 허용' 들이 최소 한도만 남기고 리얼하게 바뀌었다. 본편 클리어 하고 ""아 잼섯다 딴 겜 해야지"" 하면서 삭제 할 단순한 게임이 아닌, 파고 들 요소가 꽤 많다. (본편에서 레온으로 1회차 엔딩을 본 플레이어 기준으로 A 루트에서 레온이 타이런트랑 술래잡기 할 동안 클레어는 뭐했는지 직접 플레이 해본다던지, 본편에선 죽은걸로 나오거나 스토리가 밝혀지지 않은 인물들로 what if 를 진행해보는 '유령 생존자' 모드라던지.) 눈이 즐거운 그래픽과 효과들, 그리고 편안한 조작감과 조작키. 캡","- 장점 리메이크 하면서 온갖 ' 게임 적 허용 ' 들이 최소 한도 만 남기고 리얼 하게 바뀌었다 . 본 편 클리어 하고 "" 아 잼 섯다 딴 겜 해야지 "" 하면서 삭제 할 단순한 게임 이 아닌 , 파고 들 요소 가 꽤 많다 . ( 본 편 에서 레온 으로 1회 차 엔딩 을 본 플레이어 기준 으로 A 루트 에서 레온 이 타 이런 트 랑 술래잡기 할 동안 클레어 는 뭐 했는지 직접 플레이 해본다던지 , 본 편 에선 죽은 걸 로 나오거나 스토리 가 밝혀지지 않은 인물 들 로 what if 를 진행 해보는 ' 유령 생존자 ' 모드 라 던지 .) 눈 이 즐거운 그래픽 과 효과 들 , 그리고 편안한 조 작 감 과 조작 키 . 캡",2020-01-05 13:50:56
883710,Resident Evil 2,positive,압박감 개 지리고 개꿀잼 임 스토리도 탄탄함 맵도 아주 잘 만든게임 단점 인벤토리가 너무 작음 의외로 미로 같은 맵으로 인해 길을 해매는 경우가 있음 10점 만점에 8점,압박 감 개 지리 고 개꿀잼 임 스토리 도 탄탄함 맵 도 아주 잘 만든 게임 단점 인벤 토리 가 너무 작음 의외로 미로 같은 맵 으로 인해 길 을 해 매는 경우 가 있음 10 점 만점 에 8 점,2020-01-05 11:35:42
883710,Resident Evil 2,positive,very good,very good,2020-01-05 11:15:42
883710,Resident Evil 2,positive,제 기준 플스버전도 하고 피씨버전도 사서 할 정도면 잘 만든 게임은 분명한듯 합니다. re3 도 이정도만 만들어진다면 연타석 홈런 되겟네요 일해라 캡콤 화이팅!,제 기준 플스 버전 도 하고 피씨 버전 도 사서 할 정도 면 잘 만든 게임 은 분명한듯 합니다 . re 3 도 이 정도 만 만들어진다면 연 타석 홈런 되겟네요 일해 라 캡콤 화이팅 !,2020-01-05 10:12:31
883710,Resident Evil 2,positive,클레어든 레온이든 두번째 이야기해봤자 아무 상호작용도 없다보니 흥미가 안생김 했던거 또할라니까 홧병생김 차라리 볼륨을 줄이고 스토리 위주로 끌었으면 어땟을까 합니다 레온 1회차했고 못먹은 아이템도많고 못가본 구역도 있지만 두번건들고싶진않음 세일할때 사세요 옛날게임은 확실히 옛날게임이에요...,클레어 든 레온 이든 두번째 이야기 해봤자 아무 상호작용 도 없다 보니 흥미 가 안 생김 했던거 또 할라니까 홧병생김 차라리 볼륨 을 줄 이고 스토리 위주 로 끌었으면 어땟을까 합니다 레온 1회 차했고 못 먹은 아이템 도 많고 못 가본 구역 도 있지만 두 번건 들 고 싶진 않음 세 일 할 때 사세요 옛날 게임 은 확실히 옛날 게임 이에요 ...,2020-01-05 07:34:54
883710,Resident Evil 2,positive,꼭해라 네번해라 근데 DLC 없으면 모드 안될줄 알았는데 잘되네.. 아 DLC 없으면 안되는 모드도 있네,꼭 해라 네 번해라 근데 DLC 없으면 모드 안될줄 알았는데 잘 되네 .. 아 DLC 없으면 안되는 모드 도 있네,2020-01-04 22:39:40
883710,Resident Evil 2,positive,처음에는 길을 몰라 조금은 헤메고 짜증날 떄도 있지만 엔딩 한 번 보고 나면 익숙해져서 웬만한 것들에는 전혀 놀라지 않게 되고 모든 금고와 퍼즐을 외운 당신이 되있을 겁니다. 제가 PC방에서 하드에 담아가서 할 정도로 굉장히 재미있는 게임입니다 완전 추천(PC방에서 게임할 때 세이브 파일 날라간 것 까지 합치면 위에 뜨는 플레이 시간 +7시간임),처음 에는 길 을 몰라 조금 은 헤메 고 짜증날 떄 도 있지만 엔딩 한 번 보고 나면 익숙해져서 웬만한 것 들 에는 전혀 놀라지 않게 되고 모든 금고 와 퍼즐 을 외운 당신 이 되있을 겁니다 . 제 가 PC 방 에서 하드 에 담아가서 할 정도 로 굉장히 재미있는 게임 입니다 완전 추천 ( PC 방 에서 게임 할 때 세이브 파일 날라 간 것 까지 합치 면 위 에 뜨는 플레이 시간 + 7시간 임 ),2020-01-04 21:02:24
883710,Resident Evil 2,positive,"1998년 클래식 작품 바하2의 리메이크. 난이도는 의외로 상당히 어려움. 좀비들의 내구도가 상당히 높고, 주인공들의 달리기 속도 역시 굉장히 느려서 어버버하다가 어깨를 뜯기는 주인공을 볼수 있다. 총알도 굉장히 짜게 줘서 최대한 아끼고 효율적으로 사용해야만 좀 재데로 된 진행을 할수 있다. 그리고 98년 당시 특유의 유치하고 촌스럽던 디자인이나 연출 등의 여러 부분들이 전부 굉장히 세련된 디자인들로 재해석되었는데 개인적으로 엄청 맘에 듬. 주인공들의 복장 또한 전부 바뀌었는데, 레온은 이제야 좀 그럴듯한 경찰 장비를 착용하고","1998년 클래식 작품 바하 2 의 리메이크 . 난이도 는 의외로 상당히 어려움 . 좀비 들 의 내 구도 가 상당히 높고 , 주인공 들 의 달리기 속도 역시 굉장히 느려서 어버버 하다가 어깨 를 뜯기는 주인공 을 볼수 있다 . 총알 도 굉장히 짜게 줘서 최대한 아끼고 효율 적 으로 사용 해야만 좀 재데로 된 진행 을 할수 있다 . 그리고 98년 당시 특유 의 유치하고 촌스럽던 디자인 이나 연출 등 의 여러 부분 들 이 전부 굉장히 세련된 디자인 들 로 재 해석 되었는데 개인 적 으로 엄청 맘 에 듬 . 주인공 들 의 복장 또한 전부 바뀌었는데 , 레온 은 이제야 좀 그럴듯한 경찰 장비 를 착용 하고",2020-01-04 04:48:33
883710,Resident Evil 2,positive,개 무섭네 어캐 깨냐......,개 무섭네 어캐 깨냐 ......,2020-01-04 01:35:32
883710,Resident Evil 2,positive,"아기자기한 맵구성에 반했고요. 클레어와 에이다웡의 미모가 눈을 즐겁게 만들어줍니다. 그리고 게임성은 물론 뛰어나구요. 근데 가장 마음에 들었던 건 긴장감 넘치는 분위기였어요. 좀비보다 더한 모자 쓴 아저씨가 계속 쫓아오는 것, 한 번 쏘면 죽지 않는 좀비, 그 외 전체적인 공포적인 요소들이 많이 있었는데 갑툭튀 싫어하시거나 무서운 거 싫어하시는 분들은 좀 많이 무서워하실수도 있는데요. 그치만 그 점이 이 게임을 명작 반열에 올렸다고 생각해요. 공포 분위기로 인해 재미는 배가 되었던 것 같습니다. 이제껏 해왔던 좀비게임들 중에서 가장","아기자기한 맵 구성 에 반했고요 . 클레어 와 에이 다 웡 의 미모 가 눈 을 즐겁게 만 들어줍니다 . 그리고 게임 성은 물론 뛰어나구요 . 근데 가장 마음 에 들었던 건 긴장감 넘치는 분위기 였어요 . 좀비 보다 더한 모자 쓴 아저씨 가 계속 쫓아오는 것 , 한 번 쏘면 죽지 않는 좀비 , 그 외 전체 적 인 공포 적 인 요소 들 이 많이 있었는데 갑툭튀 싫어하시거나 무서운 거 싫어하시는 분 들 은 좀 많이 무서워하실수도 있는데요 . 그치만 그 점 이 이 게임 을 명작 반 열 에 올렸다고 생각 해요 . 공포 분위기 로 인해 재미 는 배 가 되었던 것 같습니다 . 이제껏 해왔던 좀비 게임 들 중 에서 가장",2020-01-04 00:39:52
883710,Resident Evil 2,positive,rornfwoa,rornfwoa,2020-01-03 23:02:00
883710,Resident Evil 2,positive,재미있어여,재미있어여,2020-01-03 21:49:06
883710,Resident Evil 2,positive,자본주의 무한로켓런처로 신나게 모험중,자본주의 무한 로켓 런처 로 신나게 모험 중,2020-01-03 21:39:19
883710,Resident Evil 2,positive,개꿀잼,개꿀잼,2020-01-03 20:08:40
883710,Resident Evil 2,positive,g,g,2020-01-03 15:43:47
883710,Resident Evil 2,positive,최고의 리메이크,최고 의 리메이크,2020-01-03 11:51:46
883710,Resident Evil 2,positive,바하 시리즈는 실망시킨적이 별로 없지만 이번작 역시 그렇다. 이번에도 매우 만족시켜주고있다.,바하 시리즈 는 실망 시킨 적 이 별로 없지만 이 번작 역시 그렇다 . 이번 에도 매우 만족 시켜주고있다 .,2020-01-03 04:39:17
883710,Resident Evil 2,positive,그래픽도 좋고 잼남 !!,그래픽 도 좋고 잼남 !!,2020-01-02 22:46:55
883710,Resident Evil 2,positive,안 무서웠는데 퍼즐이 재미있었어요,안 무서웠는데 퍼즐 이 재미있었어요,2020-01-02 22:07:50
883710,Resident Evil 2,positive,타노스형이 쫒아와서 진행을 못하노;;;,타 노스 형 이 쫒아와 서 진행 을 못 하노 ;;;,2020-01-02 21:36:07
883710,Resident Evil 2,positive,b,b,2020-01-02 17:07:12
883710,Resident Evil 2,positive,6000원 쿠폰받고 13000원 주고 플레이 잠깐 해봤습니다. 뛰어난 그래픽과 연출덕에 무서워도 하게되는 게임이네요. 이걸 13000원에 플레이 하고 있다니,6000원 쿠폰 받고 13000원 주고 플레이 잠깐 해봤습니다 . 뛰어난 그래픽 과 연출 덕 에 무서워도 하게 되는 게임 이네 요 . 이 걸 13000원 에 플레이 하고 있다니,2020-01-02 13:24:52
883710,Resident Evil 2,positive,"지금 A루트 둘다 깼는데 솔직히 지금 리뷰 달아도 될 정도로 너무 재미있습니다. 지금 할인 중일때 무조건 사세요 6만원도 안아깝다고 생각이 드는데 거의 2만원 정도면 그냥 혜자입니다. 아 혹시 무서운게 싫다 이러시는 분은 괜찮습니다. 저는 공포 요소를 정말 싫어하는데요 그 유명한 아웃라스트, 사일런트. 화이트데이 등등 대표적인 공포겜은 해본적도 없고요 공포영화도 단 한편도 본적 없을 정도의 쫄보에다가 공포요소가 딱 질색인 게이머 입니다. 물론 이 게임은 저같은 쫄보가 하기에는 안무섭다?? 이건 절대 아닙니다. 정말 무서워요 첫구","지금 A 루트 둘다 깼는데 솔직히 지금 리뷰 달아도 될 정도 로 너무 재미있습니다 . 지금 할인 중 일 때 무조건 사세요 6만원 도 안 아깝다고 생각 이 드는데 거의 2만원 정도 면 그냥 혜자 입니다 . 아 혹시 무서운게 싫다 이 러시 는 분 은 괜찮습니다 . 저 는 공포 요소 를 정말 싫어하는데요 그 유명한 아웃 라스트 , 사일런트 . 화이트데이 등등 대표 적 인 공포 겜 은 해본 적도 없고요 공포영화 도 단 한편 도 본적 없을 정도 의 쫄보 에다가 공포 요소 가 딱 질색 인 게이머 입니다 . 물론 이 게임 은 저 같은 쫄보 가 하기에는 안 무섭다 ?? 이건 절대 아닙니다 . 정말 무서워요 첫 구",2020-01-02 12:16:06
883710,Resident Evil 2,positive,좀비가 횡이동및 고개를 'ㄱ'자로 꺾고 다녀서 헤드샷 실수가 잦아요.. 총알도 없는데..,좀비 가 횡 이동 및 고개 를 ' ㄱ ' 자로 꺾고 다녀서 헤드샷 실수 가 잦아요 .. 총알 도 없는데 ..,2020-01-02 11:55:34
883710,Resident Evil 2,positive,김두한이,김두한 이,2020-01-02 09:05:30
883710,Resident Evil 2,positive,잼씀,잼 씀,2020-01-02 03:13:30
883710,Resident Evil 2,positive,처음으로 게임 사서 해봤는데 이미 영상들을 많이 봐서 공략들을 알고 해도 재미있네요,처음 으로 게임 사서 해봤는데 이미 영상 들 을 많이 봐서 공략 들 을 알 고 해도 재미있네요,2020-01-02 01:58:57
883710,Resident Evil 2,positive,어릴적 가장 재미있게 했던 게임... 다시 해봐도 역시나 최고...,어릴 적 가장 재미있게 했던 게임 ... 다시 해봐도 역시 나 최고 ...,2020-01-01 23:40:00
883710,Resident Evil 2,positive,chlrh,chlrh,2020-01-01 22:50:25
883710,Resident Evil 2,positive,빨리 RE:3 주세요 흑흑,빨리 RE : 3 주세요 흑 흑,2020-01-01 16:21:26
883710,Resident Evil 2,positive,공포게임이라고 해서 샀는데 겨울이벤트 할인쿠폰 6000원짜리 받고 DLC하나 공짜로 얻으니 좀비들이 창문으로 다시 기여나가던데요,공포 게임 이라고 해서 샀는데 겨울 이벤트 할인 쿠폰 6000원 짜리 받고 DLC 하나 공짜 로 얻으니 좀비 들 이 창문 으로 다시 기여 나가던데요,2020-01-01 07:36:08
883710,Resident Evil 2,positive,엔딩을 a루트든 b루트든 한번보면 질리긴하는ㄴ데요 애정으로 a루트 b루트 다 하고나면 더 질려여,엔딩 을 a 루트 든 b 루트 든 한번 보면 질리긴 하는 ㄴ 데요 애정 으로 a 루트 b 루트 다 하고나면 더 질려여,2020-01-01 04:15:45
883710,Resident Evil 2,positive,이건 그냥 개땡작임,이건 그냥 개땡작임,2020-01-01 03:56:04
883710,Resident Evil 2,positive,good,good,2020-01-01 03:16:54
883710,Resident Evil 2,positive,넘 잼있어요,넘 잼있어요,2020-01-01 02:49:57
883710,Resident Evil 2,positive,김두한은 강하다 이상해꽃이 되는게 인상적이였다,김두한 은 강하다 이상해꽃 이 되는게 인상 적이였다,2020-01-01 01:20:29
883710,Resident Evil 2,positive,방송에서도 몇번 봐서 안무서울줄 알았는데 내 착각이였다.,방송 에서도 몇번 봐서 안 무서울줄 알았는데 내 착각 이 였다 .,2019-12-31 23:48:32
883710,Resident Evil 2,positive,조금밖에 안해본 사람이라 평가하긴 뭐 하지만 레전설겜입니다,조금 밖에 안 해본 사람 이라 평가 하긴 뭐 하지만 레 전설 겜 입니다,2019-12-31 21:42:16
883710,Resident Evil 2,positive,"지도를 봐도 헤메는 진성길치는 퍼즐을 풀기 위해서 길 헤메는 시간이 플레이 시간의 절반쯤.. 플레이타임이 길진 않지만, 다회차와 도전과제까지 신경써서 플레이 한다면 충분하다고 생각합니다. 재밌네요!","지도 를 봐도 헤메 는 진성 길치는 퍼즐 을 풀기 위해 서 길 헤메 는 시간 이 플레이 시간 의 절반 쯤 .. 플레이 타임 이 길진 않지만 , 다 회차 와 도전 과제 까지 신경 써서 플레이 한다면 충분하다고 생각 합니다 . 재밌네요 !",2019-12-31 21:04:51
883710,Resident Evil 2,positive,생각보다는 안무서움,생각 보다는 안 무서움,2019-12-31 20:47:09
883710,Resident Evil 2,positive,암 타일런t 타일런트 10새끼 ;,암 타일 런 t 타일 런트 10 새끼 ;,2019-12-31 19:50:49
883710,Resident Evil 2,positive,★★★★★,★★★★★,2019-12-31 18:42:45
883710,Resident Evil 2,positive,재밌어요,재밌어요,2019-12-31 16:35:56
883710,Resident Evil 2,positive,ㅈㄴ 재밌는데 빨간색 하트킨가 그거 어서 구함?,ㅈㄴ 재밌는데 빨간색 하트킨 가 그거 어서 구함 ?,2019-12-31 12:47:36
883710,Resident Evil 2,positive,뒤늦게 샀는데..추천을 안할수가 없네,뒤늦게 샀는데 .. 추천 을 안 할수가 없네,2019-12-31 01:21:09
883710,Resident Evil 2,positive,기본기 갖춘 공포게임 갓겜 그 자체,기 본기 갖춘 공포 게임 갓 겜 그 자체,2019-12-30 17:52:21
883710,Resident Evil 2,positive,컨텐츠가 너무 적음..,컨텐츠 가 너무 적음 ..,2019-12-30 16:34:11
883710,Resident Evil 2,positive,총알 애끼라 알긋나?,총알 애끼 라 알 긋나 ?,2019-12-30 13:22:03
883710,Resident Evil 2,positive,올해 최고의 게임,올해 최고 의 게임,2019-12-30 12:34:04
883710,Resident Evil 2,positive,이건뭐 말해 뭐해 무조건 즐기세요 압도적으로 재밋으며 압도적으로 공포스럽습니다!,이건 뭐 말 해 뭐 해 무조건 즐기세요 압도 적 으로 재밋으 며 압도 적 으로 공포 스럽습니다 !,2019-12-30 11:08:20
883710,Resident Evil 2,positive,디럭스 에디션으로 살걸....,디럭스 에디 션 으로 살걸 ....,2019-12-30 07:20:04
883710,Resident Evil 2,positive,에이다 너무 이쁜것,에이 다 너무 이쁜것,2019-12-30 04:36:45
883710,Resident Evil 2,positive,1. 그래픽 현실감 넘치는 피 그리고 여러가지 종류가 있는 괴물 상당히 현실적임. 때론 피튀는게 정말 매쓰꺼울 정도로 휼룡한 그래픽을 나타남. 최근 나온 트리플 A급 게임 중에서도 제 기준에서는 top3안에 든다고 생각함 2. 플레이타임 캐릭터 하나의 플레이타임은 길어봐야 8~9시간 정도 요즘 나오는 게임 중에서는 짧은 편에 속하나 클래어와 레온으로 나뉘어져 있음 스토리는 차이가 거의 없으나 이동하는 루트 총기가 달라짐 3. 게임성 스토리는 뭐 말할것도 없이 휼룡하고 무엇보다도 게임 몰입감이 엄청낫음 좀비 하나 잡는데도 머리가 반,1 . 그래픽 현 실감 넘치는 피 그리고 여러가지 종류 가 있는 괴물 상당히 현실 적임 . 때론 피 튀는게 정말 매 쓰꺼울 정도 로 휼룡 한 그래픽 을 나타남 . 최근 나온 트리플 A 급 게임 중 에서도 제 기준 에서는 top 3 안 에 든다고 생각 함 2 . 플레이 타임 캐릭터 하나 의 플레이 타임 은 길어 봐야 8~9시간 정도 요즘 나오는 게임 중 에서는 짧은 편 에 속 하나 클래어 와 레온 으로 나뉘어져 있음 스토리 는 차이 가 거의 없으나 이동 하는 루트 총기 가 달라짐 3 . 게임 성 스토리 는 뭐 말 할것도 없이 휼룡 하고 무엇 보다도 게임 몰입 감 이 엄청 낫음 좀비 하나 잡는데도 머리 가 반,2019-12-30 03:12:51
883710,Resident Evil 2,positive,무서워서 바지 두번 갈아입었습니다. 물론 하루에요. 그런데 재미있으니까 구매하세요,무서워서 바지 두 번 갈아입었습니다 . 물론 하루 에요 . 그런데 재미있으니까 구매 하세요,2019-12-30 01:22:00
883710,Resident Evil 2,positive,"와, 긴장감넘치고, 너무 재밌습니다.. 약간 무섭지만 할만합니다!! 강추!!","와 , 긴장감 넘치고 , 너무 재밌습니다 .. 약간 무섭지만 할만 합니다 !! 강추 !!",2019-12-29 23:22:15
883710,Resident Evil 2,positive,처음하는 공포게임이라 ㅈㄴ 무섭게 했습니다. 그리고 타일런트 십,처음 하는 공포 게임 이라 ㅈㄴ 무섭게 했습니다 . 그리고 타일 런트 십,2019-12-29 21:46:36
883710,Resident Evil 2,positive,클레어 누나 쥬지가 이상해,클레어 누나 쥬지 가 이상해,2019-12-29 17:36:04
883710,Resident Evil 2,positive,4~6편까지 액션 블록버스터의 모습을 띄다가 7편부터 다시 공포물로 회귀하여 2편을 아주 멋지게 리메이크한 최고의 작품. 2019 TGA 수상을 못한게 아쉽지만 그래도 GJA 수상했다는게 어딥니까. 3편 리메이크도 기대됩니다 두근두근,4~6 편 까지 액션 블록버스터 의 모습 을 띄다가 7 편 부터 다시 공포물 로 회귀 하여 2 편 을 아주 멋지게 리메이크 한 최고 의 작품 . 2019 TGA 수상 을 못 한게 아쉽지만 그래도 GJA 수상했다는게 어딥 니까 . 3 편 리메이크 도 기대 됩니다 두근두근,2019-12-29 15:42:46
883710,Resident Evil 2,positive,데드스페이스나 이블위딘 같은 시리즈 좋아하시는 분들은 정말 좋아하실거 같아요,데드 스페이스 나 이블위딘 같은 시리즈 좋아하시는 분 들 은 정말 좋아하실거 같아요,2019-12-29 14:37:34
883710,Resident Evil 2,positive,시리즈 중 최고의 리메이크 입니다 리메이크3도 기대됨 예약구매 가즈아 ~,시리즈 중 최고 의 리메이크 입니다 리메이크 3 도 기대 됨 예약 구매 가즈 아 ~,2019-12-29 00:49:23
883710,Resident Evil 2,positive,아 너무 재밌자넝 어렵긴 디따 어렵당,아 너무 재밌자 넝 어렵긴 디 따 어렵당,2019-12-29 00:31:38
883710,Resident Evil 2,positive,준수한 편. 살짝 피곤함. 좀비를 한번 정리하는데 탄약 소모가 심하고 죽여놔봤자 시간지나면 리젠 되기 때문에 그냥 지나치면서 게임해야함. 그래서 피곤해짐. 한번 정리하고 평화롭게 진행하고 싶은데 정리를 해도 의미가 없으니 계속 피곤함의 연속임. 타이런트는 덤. 처음에는 정말 스릴있었는데 시간지나면 그냥 귀찮은 존재가 됨. 게임 진행도 의미없이 더뎌지게 만드는 원흉. 때문에 중간쯤 플레이하다 지루해서 접었음. 이후에 레온편은 클리어했지만 클레어는 손대기 싫어짐. 그래도 하게 되겠지,준수 한 편 . 살짝 피곤함 . 좀비 를 한번 정리 하는데 탄약 소모 가 심하고 죽여 놔 봤자 시간 지나면 리젠 되기 때문 에 그냥 지나치면서 게임 해야 함 . 그래서 피곤해 짐 . 한번 정리 하고 평화롭게 진행 하고 싶은데 정리 를 해도 의미 가 없으니 계속 피곤함의 연속 임 . 타 이런 트는 덤 . 처음 에는 정말 스릴 있었는데 시간 지나면 그냥 귀찮은 존재 가 됨 . 게임 진행 도 의미 없이 더뎌지게 만드는 원흉 . 때문 에 중간 쯤 플레이 하다 지루해서 접었음 . 이후 에 레온 편 은 클리어 했지만 클레어 는 손대기 싫어짐 . 그래도 하게 되겠지,2019-12-28 19:39:44
883710,Resident Evil 2,positive,갓--------겜,갓 -------- 겜,2019-12-28 15:32:49
883710,Resident Evil 2,positive,내가 알던 좀비가 아니야 ㅠㅠ,내 가 알던 좀비 가 아니야 ㅠㅠ,2019-12-27 22:22:08
883710,Resident Evil 2,positive,명작이라는데 난모르겠다,명작 이라는 데 난 모르겠다,2019-12-27 21:15:33
883710,Resident Evil 2,positive,여기있었구만 두한이,여기있었구만 두 한 이,2019-12-27 20:55:04
883710,Resident Evil 2,positive,"콘솔판과 스팀판을 구매했지만 제게는 충분히 만족감을주는 재미네요 몇번 스토리모드를 클리어하면 그 이후부터는 학살용으로 즐기게되는데 옵션으로 더 많은 좀비의 등장횟수와 모든 무한무기를 사용할 수 있는 특전을 주었으면 더 좋았을것같아요 취향에따른거지만 콘솔판으로는 디럭스로 구매했는데 복장dlc는 오리지널 복장, 오리지널 사운드만 사용하게됩니다 게임 몰입하다보면 제게는 별로 신경도 안 쓰이는 디엘씨들이긴 합니다","콘솔 판 과 스팀 판 을 구매 했지만 제 게 는 충분히 만족감 을 주는 재미 네 요 몇번 스토리 모드 를 클리어 하면 그 이후 부터는 학살 용 으로 즐기게 되는데 옵션 으로 더 많은 좀비 의 등장 횟수 와 모든 무한 무기 를 사용 할 수 있는 특전 을 주었으면 더 좋았을것 같아요 취향 에 따른 거지 만 콘솔 판 으로는 디럭스 로 구매 했는데 복장 dlc 는 오 리지 널 복장 , 오 리지 널 사운드 만 사용 하게 됩니다 게임 몰입 하다 보면 제 게 는 별로 신경 도 안 쓰이는 디 엘 씨 들이긴 합니다",2019-12-27 15:01:26
883710,Resident Evil 2,positive,"한정된 자원과 인벤, 느린달리기 속도, 점프불가능, 섬뜩한 경찰서 분위기, 압도적인 좀비 물량, 타일런트 이것들이 모두 적절히 섞여서 플레이어에게 엄청난 공포를 선사하는게임 구작을 해본적도 없고 바이오 하자드 시리즈는 이번에 처음접했지만 정말 재밌게 즐겼다. 정말 무섭지만 계속 하고싶은게임 다만 재핑시스템이 없다는건 좀 아쉬울 따름이다.","한정 된 자원 과 인벤 , 느린 달리기 속도 , 점프 불가능 , 섬뜩한 경찰서 분위기 , 압도 적 인 좀비 물량 , 타일 런트 이 것 들 이 모두 적절히 섞여서 플레이어 에게 엄청난 공포 를 선사 하는 게임 구 작 을 해본 적도 없고 바이오 하자드 시리즈 는 이번 에 처음 접 했지만 정말 재밌게 즐겼다 . 정말 무섭지만 계속 하고싶은 게임 다만 재핑 시스템 이 없다는건 좀 아쉬울 따름 이다 .",2019-12-27 13:48:29
883710,Resident Evil 2,positive,솔직히 좀비들 죽지도 않고 가면 살아나고 다시 가면 또 살아나서 짜증이 나는데 그래도 재밌음... 존잼... ㅠ ㅠ,솔직히 좀비 들 죽지 도 않고 가면 살아나고 다시 가면 또 살아나서 짜증 이 나는데 그래도 재밌음 ... 존잼 ... ㅠ ㅠ,2019-12-27 02:52:59
883710,Resident Evil 2,positive,무서워...,무서워 ...,2019-12-26 23:51:59
883710,Resident Evil 2,positive,옛 것이 좋은 것이여.,옛 것 이 좋은 것 이여 .,2019-12-26 23:40:23
883710,Resident Evil 2,positive,공포게임중 제일 재밌습니다!!,공포 게임 중 제일 재밌습니다 !!,2019-12-26 22:17:00
883710,Resident Evil 2,positive,공포게임은 젬병이라 많이 걱정했는데 엄청 재미있었습니다.,공포 게임 은 젬병 이라 많이 걱정 했는데 엄청 재미있었습니다 .,2019-12-26 21:05:01
883710,Resident Evil 2,positive,너무재밌어요 그래픽도좋고 해보시는거강추!,너무 재밌어요 그래픽 도 좋고 해보시는 거강 추 !,2019-12-26 20:47:42
883710,Resident Evil 2,positive,개꿀잼인데 두한이형님 너무 골치아퍼,개꿀잼 인데 두 한 이 형님 너무 골치 아퍼,2019-12-26 19:17:41
883710,Resident Evil 2,positive,8/10 아 재밌었따 오리지널 안해봤는데 넘 잘만든것 같구여 좀비 맷집이 대단한 게 특징이에요 머리 터뜨리려면 피스톨 10발 넘게 먹여야함 그래서 탄약 생각하면 그냥 다리 쏘고 지나가야 되는 그런 겜임 물론 열쇠 아이템 들고 맵 왔다갔다 하다보면 아까 못죽인 좀비들한테 돌아가서 걔들 시종일관 피해다녀야 하고요 총 탄약 허브 들고다니면서 열쇠 아이템까지 줏을려면 인벤토리 공간 계속 신경써야 하고요 나중에 타이런트 출현하기 시작하면 인제 맵 돌아다니는 동선도 신경써야 함 퍼즐 어드벤쳐 좋아하면 참 재밌게 플레이할 수 있으실 거 같네여,8/10 아 재밌었 따 오 리지 널 안 해봤는데 넘 잘 만든것 같구여 좀비 맷집 이 대단한 게 특징 이에요 머리 터뜨리려면 피스톨 10 발 넘게 먹여 야함 그래서 탄약 생각 하면 그냥 다리 쏘고 지나가야 되는 그런 겜임 물론 열쇠 아이템 들고 맵 왔다 갔다 하다 보면 아까 못 죽인 좀비 들 한테 돌아가서 걔 들 시종일관 피해 다녀야 하고요 총 탄약 허브 들고다니면서 열쇠 아이템 까지 줏을려 면 인벤 토리 공간 계속 신경 써야 하고요 나중 에 타 이런 트 출현 하기 시작 하면 인제 맵 돌아다니는 동선 도 신경 써야 함 퍼즐 어드벤쳐 좋아하면 참 재밌게 플레이 할 수 있으실 거 같네여,2019-12-26 18:36:34
883710,Resident Evil 2,positive,아 증말 띵작이라고 할 수가 있습니다! 제 6박7일 휴가를 순삭시켜버렸습니다.,아 증말 띵작 이라고 할 수가 있습니다 ! 제 6 박 7일 휴가 를 순삭 시켜 버렸습니다 .,2019-12-26 04:33:53
883710,Resident Evil 2,positive,좀비한테 쫒길때 말곤 너무 재밌엉 ㅠㅠ,좀비 한테 쫒길 때 말곤 너무 재밌 엉 ㅠㅠ,2019-12-26 01:09:31
883710,Resident Evil 2,positive,진짜 재밌음.. 그리고 무섭다,진짜 재밌음 .. 그리고 무섭다,2019-12-25 22:45:13
883710,Resident Evil 2,positive,괜찮은듯 미로푸는 재미도있고 ㅇㅇ. 근데 이런류 첨하면 보통모드도 좀 까다로울듯 템파밍 여유있게 못했다가 마지막보스전에서 힘듬ㅋㅋ,괜찮은 듯 미로 푸는 재미 도 있고 ㅇㅇ . 근데 이런 류 첨 하면 보통 모드 도 좀 까다로울듯 템 파밍 여유 있게 못 했다가 마지막 보스 전 에서 힘듬 ㅋㅋ,2019-12-25 22:21:28
883710,Resident Evil 2,positive,세일할때 사서 재밋게 즐기고 있네요 추천!,세 일 할 때 사서 재밋 게 즐기고 있네요 추천 !,2019-12-25 22:08:10
883710,Resident Evil 2,positive,스토리성b 이쁜 캐릭터b 적당한 긴장감과 난이도b 훌륭한 그래픽b 모딩 꿀잼b,스토리 성 b 이쁜 캐릭터 b 적당한 긴장감 과 난이도 b 훌륭한 그래픽 b 모딩 꿀잼 b,2019-12-25 19:34:23
883710,Resident Evil 2,positive,말이 필요없다,말 이 필요없다,2019-12-25 17:19:59
883710,Resident Evil 2,positive,명작 입니다,명작 입니다,2019-12-25 15:32:23
883710,Resident Evil 2,positive,3 리메이크 나오기전에 해야됨,3 리메이크 나오기전에 해야 됨,2019-12-25 14:59:34
883710,Resident Evil 2,positive,아 개재밌는데 3D 울렁증 때매 오래는 못하겠어 ㅜㅜ,아 개 재밌는데 3 D 울렁증 때매 오래 는 못 하겠어 ㅜㅜ,2019-12-25 14:17:36
883710,Resident Evil 2,positive,명작이다. 구작 리메이크라서 그런지 스토리 스케일이 크지는 않지만...세일때 사면 적당한 듯하다.,명작 이다 . 구 작 리메이크 라서 그런지 스토리 스케일 이 크지는 않지만 ... 세 일 때 사면 적당한 듯 하다 .,2019-12-25 14:06:30
883710,Resident Evil 2,positive,타이런트 ㅠㅠ 마지막 보스전 겁나 어렵네,타 이런 트 ㅠㅠ 마지막 보스 전 겁나 어렵네,2019-12-25 13:02:31
883710,Resident Evil 2,positive,바이오 하자드2 RE 다소 겜이 짧아서 아쉬움. 재미있음.,바이오 하자드 2 RE 다소 겜 이 짧아서 아쉬움 . 재미있음 .,2019-12-25 11:14:12
883710,Resident Evil 2,positive,이런류게임 처음인데 나름재밌게한거같다,이런 류 게임 처음 인데 나름 재밌게 한 거 같다,2019-12-25 10:00:58
883710,Resident Evil 2,positive,쫒기는 상황에서의 압박의 쫄깃함.,쫒기는 상황 에서의 압박 의 쫄깃함 .,2019-12-25 00:51:07
883710,Resident Evil 2,positive,"RX590 그래픽카드 사면서 딥러닝, 플루이드 모션에 실망하면서 후회 했지만 ㄹㅇ 그래픽카드 쿠폰으로 이 게임으로 게임용으로는 후회는 안했다. 갓겜 ㅇㅈ 물론 반복 플레이 빼고","RX 590 그래픽카드 사면 서 딥 러닝 , 플루 이드 모션 에 실망하면서 후회 했지만 ㄹㅇ 그래픽카드 쿠폰 으로 이 게임 으로 게임 용 으로는 후회 는 안 했다 . 갓 겜 ㅇㅈ 물론 반복 플레이 빼고",2019-12-24 21:35:58
883710,Resident Evil 2,positive,Best remaster Best fun,Best remaster Best fun,2019-12-24 16:42:10
883710,Resident Evil 2,positive,과거 20년도 더된 고등학교 시절 즐겼던 바이오 하자드 1 2 3 그 느낌으로 구매해서 하긴 했는데... 과거 느낌은 주었는데 큰 흐름은 비슷해서 대충 예상하면서 하다보니 그시절 긴장감은 느껴지지 않았네요 그래도 재미는 있습니다.,과거 20년 도 더 된 고등학교 시절 즐겼던 바이오 하자드 1 2 3 그 느낌 으로 구매 해서 하긴 했는데 ... 과거 느낌 은 주었는데 큰 흐름 은 비슷해서 대충 예상 하면서 하다 보니 그 시절 긴장감 은 느껴지지 않았네요 그래도 재미 는 있습니다 .,2019-12-24 14:14:09
883710,Resident Evil 2,positive,정말 재밌지만 무한 매그넘과 무한 샷건이 없는게 흠이다,정말 재밌지만 무한 매그넘 과 무한 샷건 이 없는게 흠 이다,2019-12-24 10:24:12
883710,Resident Evil 2,positive,"비위가 약하신 분들,또는 공포게임 잘 못하시는분들 비추","비위 가 약하신 분들 , 또는 공포 게임 잘 못 하시는 분 들 비추",2019-12-24 08:44:08
883710,Resident Evil 2,positive,다른 말 필요 없고 갓겜!,다른 말 필요 없고 갓 겜 !,2019-12-23 20:29:33
883710,Resident Evil 2,positive,아 진심 개꿀잼,아 진심 개꿀잼,2019-12-23 20:06:36
883710,Resident Evil 2,positive,갓겜,갓 겜,2019-12-23 14:23:54
883710,Resident Evil 2,positive,레온하고 클레어 두 편다 엔딩을 봤는데 재밌습니다. 레지던트이블 3 도 기대되네요 ㅎㅎ,레온 하고 클레어 두 편다 엔딩 을 봤는데 재밌습니다 . 레지던트이블 3 도 기대 되네요 ㅎㅎ,2019-12-23 09:31:33
883710,Resident Evil 2,positive,잼슴 근데 초반에 개무섭,잼슴 근데 초반 에 개 무섭,2019-12-23 01:58:09
883710,Resident Evil 2,positive,갓 게임 입니다. 언능 플레이하세요.,갓 게임 입니다 . 언능 플레이 하세요 .,2019-12-22 23:26:56
883710,Resident Evil 2,positive,농담안하고 진짜 개좆꿀잼,농담 안 하고 진짜 개좆꿀잼,2019-12-22 23:05:43
883710,Resident Evil 2,positive,은근 중독성 있는 게임,은근 중독 성 있는 게임,2019-12-22 16:00:54
883710,Resident Evil 2,positive,도전과제 다 깼으면 주간과제 깨자 ㄹㅇ 갓겜 인생겜,도전 과제 다 깼으면 주간 과제 깨자 ㄹㅇ 갓 겜 인생 겜,2019-12-22 06:53:50
883710,Resident Evil 2,positive,"이 게임은 단점은 공포 장르가 마이너하다는 특성 상 무서운 것을 싫어하시는 분은 이 게임을 피하시는게 좋습니다. 게임의 구성 자체가 A루트, B루트의 차이점이 거의 없다시피 하여 초반의 루트만 바뀌고 나머진 전부 같으니 모든 시나리오를 클리어할 시 한 게임을 4번 클리어한 거 같은 이상한 기분이 들 수 있는 것을 제외하고 정말 정말 잘 만든 게임입니다. 2019년 12월 22일 기준 19000원 정도의 가격이면 정말 거저준다고 생각합니다. 무슨 생각하십니까? 지.르.세.요!!","이 게임 은 단점 은 공포 장르 가 마이너 하다는 특성 상 무서운 것 을 싫어하시는 분 은 이 게임 을 피 하시는게 좋습니다 . 게임 의 구성 자체 가 A 루트 , B 루트 의 차이점 이 거의 없다시피 하여 초반 의 루트 만 바뀌고 나머진 전부 같으니 모든 시나리오 를 클리어 할 시 한 게임 을 4 번 클리어 한 거 같은 이상한 기분 이 들 수 있는 것 을 제외 하고 정말 정말 잘 만든 게임 입니다 . 2019년 12월 22일 기준 19000원 정도 의 가격 이면 정말 거저 준다고 생각 합니다 . 무슨 생각 하십니까 ? 지 . 르 . 세 . 요 !!",2019-12-22 00:56:45
883710,Resident Evil 2,positive,이제 곧 바하3 나옵니다,이제 곧 바하 3 나옵니다,2019-12-21 16:39:54
883710,Resident Evil 2,positive,진짜 이거 재밌어요 퍼즐은 가이드에서 보면 됍니다,진짜 이 거 재밌어요 퍼즐 은 가이드 에서 보면 됍니다,2019-12-21 12:54:39
883710,Resident Evil 2,positive,너무 재밌어.....,너무 재밌어 .....,2019-12-21 01:25:06
883710,Resident Evil 2,positive,리버전이라 기대하고 하셔도 좋을꺼같아요,리버 전이 라 기대하고 하셔도 좋을꺼 같아요,2019-12-20 22:29:01
883710,Resident Evil 2,positive,타일런트 형님!!!!!!,타일 런트 형님 !!!!!!,2019-12-20 19:13:58
883710,Resident Evil 2,positive,재밌긴 한데 쫄보들은 하지말자 ㄹㅇ 너무 무섭다...,재밌긴 한데 쫄보 들 은 하지말자 ㄹㅇ 너무 무섭다 ...,2019-12-20 19:02:08
883710,Resident Evil 2,positive,깜놀!,깜놀 !,2019-12-20 17:56:59
883710,Resident Evil 2,positive,"분위기, 그래픽, 좀비를 죽일 때의 타격감 등이 훌륭합니다. 특히 이번작은 엔진 업데이트로 인해서 그래픽 보는 눈이 즐겁습니다.","분위기 , 그래픽 , 좀비 를 죽일 때 의 타 격감 등 이 훌륭합니다 . 특히 이 번작 은 엔진 업데이트 로 인해서 그래픽 보는 눈 이 즐겁습니다 .",2019-12-20 17:16:52
883710,Resident Evil 2,positive,잼써,잼 써,2019-12-20 12:38:18
883710,Resident Evil 2,positive,한 3만원이하면 살만합니다,한 3만원 이하면 살 만 합니다,2019-12-20 06:08:00
883710,Resident Evil 2,positive,좀비를 죽이고 싶은데 못죽이는 갓겜,좀비 를 죽 이고 싶은데 못 죽이는 갓 겜,2019-12-20 01:27:19
883710,Resident Evil 2,positive,이게임 갓게임입니다~,이 게임 갓 게임 입니다 ~,2019-12-18 22:59:49
883710,Resident Evil 2,positive,전설의 전설적인 귀환,전설 의 전설 적 인 귀환,2019-12-18 22:46:59
883710,Resident Evil 2,positive,공포겜 처음하는사람한테는 타이런트가 너무 압박감들수도 있긴한데 나름 심장쫄깃하고 재밌음,공포 겜 처음 하는 사람 한테 는 타 이런 트 가 너무 압박 감 들 수도 있긴한데 나름 심장쫄깃 하고 재밌음,2019-12-18 22:42:16
883710,Resident Evil 2,positive,"우리 캡콤이 달라졌어요. 7도 꽤 괜찮았는데 이 리메이크는 과거의 바이오하자드인 서바이벌 호러로 훌륭히 돌아왔습니다. 더욱 강해진 적들과 부족한 탄약, 당연하게도 다 쏘고 다니다보면 금방 동나는 탄약으로 호러장르를 훌륭하게 만들어놨습니다. 물론 어느 작품이든지 단점은 있죠. 더 빨라지고 더 민첩해진 적들의 움직임, 묘하게 넓은 좀비의 잡기 판정에 다양해진 패턴과는 다르게 오히려 레온, 클레어와 헝크의 움직임은 더 느려졌습니다. 이로인해 회피가 어렵습니다. 그리고 원작보다 아쉬운 모습도 보여주는게 원작의 재핑 시스템이 사라지고 마치","우리 캡콤 이 달라졌어요 . 7 도 꽤 괜찮았는데 이 리메이크 는 과거 의 바이오하자드 인 서바이벌 호러 로 훌륭히 돌아왔습니다 . 더욱 강해진 적 들 과 부족한 탄약 , 당연하게도 다 쏘고 다니다 보면 금방 동 나 는 탄약 으로 호러 장르 를 훌륭하게 만들어놨습니다 . 물론 어느 작품 이든지 단점 은 있죠 . 더 빨라지고 더 민첩해진 적 들 의 움직임 , 묘 하게 넓은 좀비 의 잡기 판정 에 다양해진 패턴 과는 다르게 오히려 레온 , 클레어 와 헝크 의 움직임 은 더 느려졌습니다 . 이로인해 회피 가 어렵습니다 . 그리고 원작 보다 아쉬운 모습 도 보여주는게 원작 의 재핑 시스템 이 사라지고 마치",2019-12-18 18:44:14
883710,Resident Evil 2,positive,스토리 작품성 모두 좋았다.. 하지만 레포데 같은 좀비 게임을 좋아하는 사람이라면... 굉장히 답답하고 힘들지도 좀비를 학살하고 싶거나 조금 여유롭게 플레이 하고싶은 분들에게는 비추하고싶다,스토리 작품 성 모두 좋았다 .. 하지만 레포데 같은 좀비 게임 을 좋아하는 사람 이 라면 ... 굉장히 답답하고 힘들지도 좀비 를 학살 하고 싶거나 조금 여유롭게 플레이 하고싶은 분 들 에게는 비추하고 싶다,2019-12-18 15:03:00
883710,Resident Evil 2,positive,굿,굿,2019-12-17 21:04:04
883710,Resident Evil 2,positive,짱,짱,2019-12-17 15:23:02
883710,Resident Evil 2,positive,재밌어요 근데 DLC 종나 어렵네요 짜증나게,재밌어요 근데 DLC 종 나 어렵네요 짜증나게,2019-12-17 13:00:10
883710,Resident Evil 2,positive,재밌는 액션게임이었습니다 솔직히 무섭지는 않습니다 게임진행방식은 이벤트가 일어나고 한 구역의 맵에서 목표를 달성하기위해 열쇠를 찾거나 퍼즐을 푸는 방식입니다 액션게임이니 그 과정에 적들이 나타나구요 어릴때 게임하던 시절이 생각나는 그런 불친절함이 있습니다 이게 은근히 도전의식을 불러 일으킵니다 처음 하시는분들은 노말난이도로 하시길 권장드립니다 공략없이는 1회차때 하드코어로는 좀 스트레스 받겠더라구요 정말 액션과 도전에 모든걸 때려박은 게임입니다 도전욕구가 생기는 액션게임은 참 오랜만입니다 그리고 클레어는 참 이쁘네요,재밌는 액션게임 이었습니다 솔직히 무섭지는 않습니다 게임 진행 방식 은 이벤트 가 일어나고 한 구역 의 맵 에서 목표 를 달성 하기 위해 열쇠 를 찾거나 퍼즐 을 푸는 방식 입니다 액션게임 이니 그 과정 에 적 들 이 나타나구요 어릴 때 게임 하던 시절 이 생각나는 그런 불친절함이 있습니다 이 게 은근 히 도전 의식 을 불러 일으킵니다 처음 하시는 분 들 은 노말 난이도 로 하시길 권장 드립니다 공략 없이는 1회 차때 하드코어 로는 좀 스트레스 받겠더라구요 정말 액션 과 도전 에 모든 걸 때려 박은 게임 입니다 도전 욕구 가 생기는 액션게임 은 참 오랜만 입니다 그리고 클레어 는 참 이쁘네요,2019-12-17 09:55:28
883710,Resident Evil 2,positive,공포액션 본가의 명불허전 작품성,공포 액션 본가 의 명불허전 작품 성,2019-12-17 09:22:49
883710,Resident Evil 2,positive,기본적으로 갓띵작이 원작에다 이블위딘급으로 그래픽 향상된 아주아주 훌륭한 리메이크 작품입니다. 거기다 여러 복장들과 모드들로 더욱 풍성해집니다. 기대하며 기다린 RE3의 작은 불륨 축소와 똥겜모드로 실망하여 할인을 기다렸는데 아직도 더 기다려야 겠음 한 1만원 되면 사야지,기본 적 으로 갓띵작 이 원작 에다 이 블위딘 급 으로 그래픽 향상 된 아주아주 훌륭한 리메이크 작품 입니다 . 거기 다 여러 복장 들 과 모드 들 로 더욱 풍 성해 집니다 . 기대하며 기다린 RE 3 의 작은 불륨 축소 와 똥겜 모드 로 실망하여 할인 을 기다렸는데 아직도 더 기다려야 겠음 한 1만원 되면 사야지,2019-12-17 00:52:37
883710,Resident Evil 2,positive,레지던트 이블 7은 할때 좀 억지로 숙제하듯이 깼는데 이건 7보다 더 재밌네요,레지던트 이블 7 은 할 때 좀 억지로 숙제 하 듯이 깼는데 이건 7 보다 더 재밌네요,2019-12-16 21:36:40
883710,Resident Evil 2,positive,추억의 귀환 리메이크의 본보기,추억 의 귀환 리메이크 의 본보기,2019-12-16 16:56:56
883710,Resident Evil 2,positive,잼있다 하지만 생각보다 게임이 짧다 그래서 아쉽다,잼있다 하지만 생각 보다 게임 이 짧다 그래서 아쉽다,2019-12-16 06:54:58
883710,Resident Evil 2,positive,Legend 2,Legend 2,2019-12-16 02:16:18
883710,Resident Evil 2,positive,유트브 공략보며 천천히 하는중인데 정말 재밌네요 헤드폰끼고 하면 재미가 배가 되네요,유트브 공략 보며 천천히 하는 중 인데 정말 재밌네요 헤드폰 끼 고 하면 재미 가 배 가 되네요,2019-12-15 22:26:15
883710,Resident Evil 2,positive,"구작 2편에 존재하던 A/B 루트간의 재핑 시스템의 부재(+A/B루트간의 시나리오 면에서 차별화 부족)가 좀 거슬리긴하는데, 그 부분을 빼면 서바이벌 호러라는 이 시리즈의 기본틀을 충실하게 지킨 명작이라고 생각합니다. DLC는 대부분 스킨이고, 사무라이 엣지같은 무기 DLC는 있어도 그만, 없어도 그만이니 구입하실분은 본편만 사도 게임하는데 전혀 문제 없을겁니다. (1회차라면 모를까, 그 1회차도 중간중간 얻는 파츠로 기본권총을 업그레이드하거나, 대체권총을 얻으면 이거만 주구장창 쓰니 사무라이 엣지는 거의 안쓰게되더군요.)","구 작 2 편 에 존재 하던 A / B 루트 간 의 재핑 시스템 의 부재 (+ A / B 루트 간 의 시나리오 면 에서 차별 화 부족 ) 가 좀 거슬리긴 하는데 , 그 부분 을 빼면 서바이벌 호러 라는 이 시리즈 의 기 본 틀 을 충실하게 지킨 명작 이라고 생각 합니다 . DLC 는 대부분 스킨 이고 , 사무라이 엣지 같은 무기 DLC 는 있어도 그만 , 없어도 그 만이 니 구입 하실 분 은 본 편 만 사도 게임 하는데 전혀 문제 없을 겁니다 . ( 1회 차라면 모를까 , 그 1회 차도 중간 중간 얻는 파츠 로 기 본 권총 을 업그레이드 하 거나 , 대체 권총 을 얻으면 이 거만 주 구 장창 쓰니 사무라이 엣지 는 거의 안 쓰게 되더군요 .)",2019-12-15 15:27:19
883710,Resident Evil 2,positive,쫄깃하면서 재밌네요,쫄깃 하면서 재밌네요,2019-12-15 14:34:46
883710,Resident Evil 2,positive,굳!,굳 !,2019-12-15 05:56:35
883710,Resident Evil 2,positive,갓겜. 갓갓겜. 갓갓갓겜,갓 겜 . 갓 갓 겜 . 갓 갓 갓 겜,2019-12-15 04:16:55
883710,Resident Evil 2,positive,very good,very good,2019-12-15 03:12:56
883710,Resident Evil 2,positive,BEST ZOMBIE GAME EVER,BEST ZOMBIE GAME EVER,2019-12-15 01:16:14
883710,Resident Evil 2,positive,이야 이게 진짜 좀비지! 근데 좀 죽어줘... 흥늼힇ㄴ음희흐그흐ㅡㅎ,이야 이 게 진짜 좀비 지 ! 근데 좀 죽어줘 ... 흥늼힇 ㄴ 음희흐그흐 ㅡㅎ,2019-12-14 23:41:56
883710,Resident Evil 2,positive,재밋음. 이번 년도 고티 노려볼만함.,재밋음 . 이번 년도 고 티 노려볼만 함 .,2019-12-14 21:33:56
883710,Resident Evil 2,positive,다들 재미있게 플레이 했다고 하지만 개인적으로는 글쎄..... 이런 게임에 익숙해져서 그런걸까 길찾기 게임 그 이상 그 이하도 아니었던 듯 가끔씩 튀어나온 좀비는 길 찾는게 귀찮을 뿐이고 타이런트? 왠 거인이 등장해서 쫓아오는데 퍼즐 풀겠다고 같은 장소 여러군데 돌아다니다 보면 따돌리는 루트도 나름 나와서 긴장감을 느낀다거나 뭐... 그러진 않았다 내가 불감증인건가? 총알이 생각보다 부족한게 긴장 요소로 나온다기 보다 총알 없어서 죽으면 게임 플레이 시간이 길어진다는 정도? 아무래도 내가 이런 게임이 익숙해져서 그런,다 들 재미있게 플레이 했다고 하지만 개인 적 으로는 글쎄 ..... 이런 게임 에 익숙해져서 그런 걸까 길찾기 게임 그 이상 그 이하 도 아니었던 듯 가끔 씩 튀어나온 좀비 는 길 찾는게 귀찮을 뿐 이고 타 이런 트 ? 왠 거인 이 등장 해서 쫓아오는데 퍼즐 풀겠다고 같은 장소 여러 군데 돌아다니다 보면 따돌리는 루트 도 나름 나와서 긴장감 을 느낀다거나 뭐 ... 그러진 않았다 내 가 불감증 인 건가 ? 총알 이 생각 보다 부족한게 긴장 요소 로 나온다기 보다 총알 없어서 죽으면 게임 플레이 시간 이 길어진다는 정도 ? 아무래도 내 가 이런 게임 이 익숙해져서 그런,2019-12-14 15:43:17
883710,Resident Evil 2,positive,적절한 공포와 액션이 만들어내는 캡콤의 자신감,적절한 공포 와 액션 이 만들어내는 캡콤 의 자신감,2019-12-14 10:31:15
883710,Resident Evil 2,positive,좀비호러겜을 거금주고 산건 처음인데 진짜 몰입도가 상당합니다. 제가 패드를 쓰고 플레이를 하다보니 나쁜친구들이 공격하거나 지형이 무너지면 진동이 오질라게 오고 갑툭튀가 진짜 허벌라서 허벌라는 게임입니다(개쫄보) 처음에는 진짜 좀비들이 혐오스럽고 고어~한데 점점 하다보면 익숙해져서 톼일뤈쓰 와 숨박꼭질입니다. 겁먹지 말고 삽시다!,좀비 호러 겜 을 거금 주고 산건 처음 인데 진짜 몰입도 가 상당합니다 . 제 가 패드 를 쓰고 플레이 를 하다 보니 나쁜 친구 들 이 공격 하 거나 지형 이 무너지면 진동 이 오 질라 게 오고 갑툭튀 가 진짜 허 벌 라서 허 벌 라는 게임 입니다 ( 개 쫄보 ) 처음 에는 진짜 좀비 들 이 혐오 스럽고 고어 ~ 한데 점점 하다 보면 익숙해져서 톼일뤈쓰 와 숨박꼭질 입니다 . 겁 먹지 말고 삽시다 !,2019-12-14 02:07:21
883710,Resident Evil 2,positive,ㄹㅇ 스릴이 있고 몰입감도 있고 분위기가 공포스러움,ㄹㅇ 스릴 이 있고 몰입 감도 있고 분위기 가 공포 스러 움,2019-12-14 00:04:03
883710,Resident Evil 2,positive,스토리빼고 다 완벽,스토리 빼고 다 완벽,2019-12-13 22:35:51
883710,Resident Evil 2,positive,진짜 재밌었음 근데 볼륨이 너무 적음 레온 파트는 7~8시간이면 끝나고 클레어 파트는 레온 파트 재탕임 다른건 보스전 딱 하나 추천은 하지만 60000원 주고 사라고는 못하겠고 세일 할 때 사셈,진짜 재밌었음 근데 볼륨 이 너무 적음 레온 파트 는 7~8시간 이면 끝나고 클레어 파트 는 레온 파트 재탕 임 다른건 보스 전 딱 하나 추천 은 하지만 60000원 주고 사 라고는 못 하겠고 세 일 할 때 사셈,2019-12-13 17:05:25
883710,Resident Evil 2,positive,"발매 시즌에 PS4로 씹고 뜯고 맛보고 징그럽게도 붙잡았는데, 이번에 스팀판으로 진득히 즐기고 남긴다. 우선 아쉬운 점부터 해부하자면 재핑 시스템 삭제, A 시나리오와 B 사이드간의 크지 않은 차이점, 스토리의 미묘한 변화, 생략된 연출, 레온과 클레어의 납득하기 힘든 연애 기류와 애매한 접점, 게임 난이도를 적의 맷집과 물자 부족으로 떼운 점을 들 수 있겠다. 까고 보면 단점이 많아 보이지만 매우 재밌다. 바이오하자드 RE:2는 예전 감성을 그대로 유지하되 신규 유저와 기존 클래식 유저 모두를 사로잡기 위한 여러 새로운 기믹","발매 시즌 에 PS 4 로 씹고 뜯고 맛보고 징그럽게도 붙잡았는데 , 이번 에 스팀 판 으로 진득 히 즐기고 남긴다 . 우선 아쉬운 점 부터 해부 하자면 재핑 시스템 삭제 , A 시나리오 와 B 사이드 간 의 크지 않은 차이점 , 스토리 의 미묘한 변화 , 생략 된 연출 , 레온 과 클레어 의 납득 하기 힘든 연애 기류 와 애매한 접점 , 게임 난이도 를 적의 맷집 과 물자 부족 으로 떼운 점 을 들 수 있겠다 . 까고 보면 단점 이 많아 보이 지만 매우 재밌다 . 바이오하자드 RE : 2 는 예전 감성 을 그대로 유지 하 되 신규 유저 와 기존 클래식 유저 모두 를 사로잡기 위 한 여러 새로운 기믹",2019-12-13 11:18:59
883710,Resident Evil 2,positive,몰입된다.,몰입 된다 .,2019-12-13 01:36:03
883710,Resident Evil 2,positive,정말 후회없이 할수있는 좀비게임입니다. 강추,정말 후회 없이 할수있는 좀비 게임 입니다 . 강추,2019-12-11 18:37:34
883710,Resident Evil 2,positive,원작보다 콘텐츠와 스토리도 딸리지만 리메이크를 떠나서 게임 하나로 봤을때 진짜 이거만큼 완성도 높은 게임 없는거 같아요 진짜 재밌게 했고 내년 4월에 나오는 3리메도 기대가 됩니다,원작 보다 콘텐츠 와 스토리 도 딸리지만 리메이크 를 떠나서 게임 하나로 봤을 때 진짜 이 거 만큼 완성 도 높은 게임 없는거 같아요 진짜 재밌게 했고 내년 4월 에 나오는 3 리 메도 기대 가 됩니다,2019-12-11 17:41:41
883710,Resident Evil 2,positive,좀비 무셔,좀비 무셔,2019-12-11 14:00:18
883710,Resident Evil 2,positive,개꿀잼 꼭하세요,개꿀잼 꼭 하세요,2019-12-11 00:34:00
883710,Resident Evil 2,positive,"1인칭 모드를 다운받고 하시는걸 적극 추천합니다. 바이오하자드7편을 하는 느낌을 되살려주네요. 바이오하자드5,6편은 그냥 좀비 학살이고 스릴,공포감이 없었는데 이번거는 좀비의 무개감과 공포감이 제대로 전달이 되네요. 추천합니다","1 인칭 모드 를 다운 받고 하시는걸 적극 추천 합니다 . 바이오하자드 7 편 을 하는 느낌 을 되살려주네요 . 바이오하자드 5 , 6 편 은 그냥 좀비 학살 이고 스릴 , 공포 감 이 없었는데 이번 거 는 좀비 의 무 개 감 과 공포 감 이 제대로 전달 이 되네요 . 추천 합니다",2019-12-10 10:04:19
883710,Resident Evil 2,positive,진짜 나같은 쫄보도 즐겁게 플레이한 게임,진짜 나 같은 쫄보 도 즐겁게 플레이 한 게임,2019-12-10 01:31:18
883710,Resident Evil 2,positive,넥서스모드 깔고하면 신세계가..!,넥서스 모드 깔고하면 신세계 가 ..!,2019-12-10 00:01:31
883710,Resident Evil 2,positive,심장이 너무 아파,심장 이 너무 아파,2019-12-09 23:56:56
883710,Resident Evil 2,positive,good,good,2019-12-09 19:26:15
883710,Resident Evil 2,positive,총알이 부족해!,총알 이 부족해 !,2019-12-09 17:40:19
883710,Resident Evil 2,positive,왼만해서는 내가 게임 추천 안하는데 이건 추천 한다 ㄹㅇ,왼 만해 서는 내 가 게임 추천 안 하는데 이건 추천 한다 ㄹㅇ,2019-12-09 11:39:14
883710,Resident Evil 2,positive,좀비가 무서운게 아니라 총알이 없다는게 더 무섭다,좀비 가 무서운게 아니라 총알 이 없다는게 더 무섭다,2019-12-09 11:15:23
883710,Resident Evil 2,positive,최고!!!!!!!!!!!!!!!!!!!!!!!!,최고 !!!!!!!!!!!!!!!!!!!!!!!!,2019-12-08 21:57:44
883710,Resident Evil 2,positive,2019 최고의 게임 고티. 처음 해보는 바이오 하자드. 20년 전 중1 때 친구 구재홍한테 복사? ㅋ 받았지만 3D 가속 기능 없는 PC라서 못해서 너무 아쉬웠는데 오늘 처음하니 너무 재미있음. 오리지날은 시작하자마자 키 조작 몰랐는데 팔 떨어지는 것 보고 충격 먹음. 20년 전에 이정도 게임성이라면 엄청남. 에일리언 아이솔레이션보다도 잼있음. 7보다도 잼있음.,2019 최고 의 게임 고 티 . 처음 해보는 바이오 하자드 . 20년 전 중 1 때 친구 구재 홍 한테 복사 ? ㅋ 받았지만 3 D 가속 기능 없는 PC 라서 못 해서 너무 아쉬웠는데 오늘 처음 하니 너무 재미있음 . 오리 지날은 시작 하 자마자 키 조작 몰랐는데 팔 떨어지는 것 보고 충격 먹음 . 20년 전 에 이정 도 게임 성 이 라면 엄청남 . 에일리언 아이 솔 레이 션 보다도 잼있음 . 7 보다도 잼있음 .,2019-12-08 21:37:38
883710,Resident Evil 2,positive,.,.,2019-12-08 16:12:22
883710,Resident Evil 2,positive,타이런트의 모자는 역린이다.,타 이런 트 의 모자 는 역린 이다 .,2019-12-08 12:28:11
883710,Resident Evil 2,positive,재밌지만 무서워서 못하는 갓겜 끝까지 끝내고 싶은 갓겜,재밌지만 무서워서 못 하는 갓 겜 끝 까지 끝내고 싶은 갓 겜,2019-12-08 10:37:46
883710,Resident Evil 2,positive,재밌어요,재밌어요,2019-12-07 22:09:19
883710,Resident Evil 2,positive,다 좋은데 업데이트 너무 안해주는거 아니야??? ...,다 좋은데 업데이트 너무 안 해주는거 아니야 ??? ...,2019-12-07 19:32:41
883710,Resident Evil 2,positive,바이오하자드류 처음하는데 정말 재밋다. 다른것도 찾아볼예정,바이오하자드 류 처음 하는데 정말 재밋다 . 다른 것 도 찾아볼 예정,2019-12-07 15:56:46
883710,Resident Evil 2,positive,w존내 무서움,w 존내 무서움,2019-12-06 22:00:09
883710,Resident Evil 2,positive,ㅊㅊ,ㅊㅊ,2019-12-06 18:05:18
883710,Resident Evil 2,positive,긴장감과 그래픽 표현을 잘 한 것 같아요,긴장감 과 그래픽 표현 을 잘 한 것 같아요,2019-12-06 16:24:02
883710,Resident Evil 2,positive,굿게임,굿 게임,2019-12-06 15:25:11
883710,Resident Evil 2,positive,공포게임 잘 안해서 많이 무서울까봐 걱정했는데 다행히 하나도 안무섭고 그냥 재밌음 다만 아쉬운 점은 총알이 부족하다는 점... 총알은 아껴야되는데 내 앞에 좀비는 있고 지나가야하고... 심지어 좀비는 잘 죽지도 않음 원래 다회차 플레이 안하는데 레온으로 처음 플레이해서 엔딩보자마자 바로 클레어로 플레이할 정도로 재밌었다 레온이랑 클레어 둘다 스토리가 달라서 두번째 플레이하는데도 지루하지 않았음.,공포 게임 잘 안해 서 많이 무서울까봐 걱정 했는데 다행히 하나 도 안 무섭고 그냥 재밌음 다만 아쉬운 점 은 총알 이 부족하다는 점 ... 총알 은 아껴야 되는데 내 앞 에 좀비 는 있고 지나가야하고 ... 심지어 좀비 는 잘 죽지 도 않음 원래 다 회차 플레이 안 하는데 레온 으로 처음 플레이 해서 엔딩 보자마자 바로 클레어 로 플레이 할 정도 로 재밌었다 레온 이랑 클레어 둘다 스토리 가 달라 서 두번째 플레이 하는데도 지루하지 않았음 .,2019-12-06 11:58:29
883710,Resident Evil 2,positive,완전 꿀잼,완전 꿀잼,2019-12-06 00:59:08
883710,Resident Evil 2,positive,갓겜,갓 겜,2019-12-05 23:27:09
883710,Resident Evil 2,positive,M,M,2019-12-05 22:11:52
883710,Resident Evil 2,positive,갓겜 무적권 하세요,갓 겜 무적 권 하세요,2019-12-05 22:02:20
883710,Resident Evil 2,positive,전반적으로 긴장감있고 재미있습니다. 다만 탄약 좀 넉넉히 줬으면 좋겠다. 일부러 긴장감을 위해 탄약을 잘 안주는데 좀비가 너무 안죽어요. 나중에는 무섭기보다는 짜증이 납니다. 플레이어를 짜증나게 하는 적들 때문에 스트레스 받았지만 재미는 확실이 보장합니다.,전반 적 으로 긴장감 있고 재미있습니다 . 다만 탄약 좀 넉넉히 줬으면 좋겠다 . 일부러 긴장감 을 위해 탄약 을 잘 안주는데 좀비 가 너무 안 죽어요 . 나중 에는 무섭 기 보다는 짜증 이 납니다 . 플레이어 를 짜증나게 하는 적 들 때문 에 스트레스 받았지만 재미 는 확실 이 보장 합니다 .,2019-12-05 19:31:34
883710,Resident Evil 2,positive,갓ㅡ겜,갓 ㅡ 겜,2019-12-04 23:39:24
883710,Resident Evil 2,positive,"바이오하자드 2RE게임을 10시간 플레이 한 후 장점과 단점 장점 이펙트있는 그래픽 몰입감 있는 연출력 DIC를 이용한 커스텀 옷모드(https://www.nexusmods.com/residentevil22019/mods/158-여기서 바꿀수 있습니다.) 완벽화 최적화 깔끔한 번역(역전재판보다 번역이 좋음) 적당한 난이도 단점 짧은 플타임 반복적인 스토리 인터페이스,인벤토리(특히 인벤토리가 많이 없어서 힘들었습니다.) 그래도 게임은 할만은 합니다. 정가에 사도 좋지만 그래도 50~60프로 세일했을떄 추천합니다. *17.","바이오하자드 2 RE 게임 을 10시간 플레이 한 후 장점 과 단점 장점 이 펙트 있는 그래픽 몰입 감 있는 연출 력 DIC 를 이용 한 커 스텀 옷 모드 (https://www.nexusmods.com/residentevil22019/mods/158- 여기 서 바꿀수 있습니다 .) 완벽 화 최적화 깔끔한 번역 ( 역전재판 보다 번역 이 좋음 ) 적당한 난이도 단점 짧은 플 타임 반복 적 인 스토리 인터페이스 , 인벤 토리 ( 특히 인벤 토리 가 많이 없어서 힘들었습니다 .) 그래도 게임 은 할만은 합니다 . 정가 에 사도 좋지만 그래도 50~60 프로 세 일 했을 떄 추천 합니다 . * 17 .",2019-12-04 15:05:43
883710,Resident Evil 2,positive,김두한이 나온대서 해봤습니다. 네 사실입니다. 근데 'eoajfl' 에요...ㅠ,김두한 이 나온 대서 해봤습니다 . 네 사실 입니다 . 근데 ' eoajfl ' 에요 ... ㅠ,2019-12-04 03:57:31
883710,Resident Evil 2,positive,2019 최고의 호러 게임. 일등공신은 당연 타이런트!,2019 최고 의 호러 게임 . 일등 공신 은 당 연 타 이런 트 !,2019-12-04 03:32:07
883710,Resident Evil 2,positive,추천합니다.,추천 합니다 .,2019-12-04 00:34:49
883710,Resident Evil 2,positive,어릴때 바이오하자드2를 해본 사람이라면 그때 추억을 떠올리게 한다. 퍼즐을 좋아하는 사람이라면 적극 추천한다. 나처럼 게임을 못하는 사람이라면 정말 어렵다. 그래도 천천히 하나하나 풀어가면서 죽어가면서 즐기고 싶은 사람에게는 추천한다. 정말 재미있다. 그리고 무섭다. ㅠ.ㅠ,어릴 때 바이오하자드 2 를 해본 사람 이 라면 그때 추억 을 떠올리게 한다 . 퍼즐 을 좋아하는 사람 이 라면 적극 추천 한다 . 나 처럼 게임 을 못 하는 사람 이 라면 정말 어렵다 . 그래도 천천히 하나 하나 풀어가면서 죽어가면서 즐기고 싶은 사람 에게는 추천 한다 . 정말 재미있다 . 그리고 무섭다 . ㅠ . ㅠ,2019-12-04 00:26:57
883710,Resident Evil 2,positive,2019 TOP GEATEST GAME,2019 TOP GEATEST GAME,2019-12-03 22:17:44
883710,Resident Evil 2,positive,예전 플레이 했던 추억에 빠져 열심히 달렸습니다. 과거의 겜을 안해 보셨더라도 충분히 재밌게 즐기실수 있을 겁니다.,예전 플레이 했던 추억 에 빠져 열심히 달렸습니다 . 과거 의 겜 을 안해 보셨더라도 충분히 재밌게 즐기실수 있을 겁니다 .,2019-12-03 21:43:05
883710,Resident Evil 2,positive,완-벽,완 - 벽,2019-12-03 21:26:04
883710,Resident Evil 2,positive,압도적으로 좋습니다!!!!,압도 적 으로 좋습니다 !!!!,2019-12-03 21:18:30
883710,Resident Evil 2,positive,아 진짜 겁나무섭내,아 진짜 겁나 무섭내,2019-12-03 20:54:36
883710,Resident Evil 2,positive,진짜 오랜만에 돌아온 고전 리메이크 환골탈태라는 말이 아깝지 않을정도로 정말 잘 만들었는데 아쉬운점은 DLC 를 좀더 추가해서라도 이 틀로 시나리오를 만들어줬으면 하는 아쉬움이 남는다. 특히 3라던가 3라던가 3! DLC로 내줘도 된다고!,진짜 오랜 만 에 돌아온 고전 리메이크 환골탈태 라는 말 이 아깝지 않을 정도 로 정말 잘 만들었는데 아쉬운 점 은 DLC 를 좀더 추가 해서라도 이 틀 로 시나리오 를 만 들어줬으면 하는 아쉬움 이 남는다 . 특히 3 라던가 3 라던가 3 ! DLC 로 내줘도 된다고 !,2019-12-03 20:39:11
883710,Resident Evil 2,positive,부랄이 떨리도록 무섭다,부랄 이 떨리도록 무섭다,2019-12-03 19:54:12
883710,Resident Evil 2,positive,감사합니다 덕분에 수전증이 생겼어요,감사합니다 덕분 에 수 전 증 이 생겼어요,2019-12-03 16:31:26
883710,Resident Evil 2,positive,와...개무서워,와 ... 개 무서워,2019-12-03 15:04:08
883710,Resident Evil 2,positive,음 리메이크 잘했음,음 리메이크 잘 했음,2019-12-03 14:27:07
883710,Resident Evil 2,positive,분명 재미있고 잘 만든 리메이크지만 아쉬운 요소도 있긴 있습니다. 근데 그 잘 만든 점이 아쉬운 요소를 덮어요. 그래서 3 리메이크도 오매불망 기다립니다. 빠..빨리 주세요. 현기증 난단 말이에요.,분명 재미있고 잘 만든 리메이크 지만 아쉬운 요소 도 있긴 있습니다 . 근데 그 잘 만든 점 이 아쉬운 요소 를 덮어요 . 그래서 3 리메이크 도 오매불망 기다립니다 . 빠 .. 빨리 주세요 . 현기증 난단 말 이에요 .,2019-12-03 13:35:19
883710,Resident Evil 2,positive,재밌다 인벤 압박이좀 그렇지만 다른건 만족,재밌다 인벤 압박 이 좀 그렇지만 다른건 만족,2019-12-03 12:16:59
883710,Resident Evil 2,positive,혁신적인 리메이크.. 과거의 명성따윈 기억도 나지 않을많큼 높은 완성도의 게임 이라는 생각을 해봅니다.,혁신 적 인 리메이크 .. 과거 의 명성 따윈 기억 도 나지 않을 많 큼 높은 완성 도의 게임 이라는 생각 을 해봅니다 .,2019-12-03 11:05:01
883710,Resident Evil 2,positive,이 작품으로 바이오하자드 입문했는데 너무 재밌네요!,이 작품 으로 바이오하자드 입문 했는데 너무 재밌네요 !,2019-12-03 05:46:32
883710,Resident Evil 2,positive,2019년 제일 재미있게한 게임,2019년 제일 재미있게한 게임,2019-12-03 02:29:01
883710,Resident Evil 2,positive,21년전의 추억이 떠오른다,21년 전의 추억 이 떠오른다,2019-12-03 01:56:00
883710,Resident Evil 2,positive,클레어 너무이쁘다 하악,클레어 너무 이쁘다 하악,2019-12-03 00:18:21
883710,Resident Evil 2,positive,"중박은 친다 옛향수를 세련되게 표현했다 재미는 보장 팬이라면 필수 다만... 자의든 타의든 1,2 스토리 끝낸이후 현자타임이 급격하게 몰려온다","중 박은 친다 옛 향수 를 세련되게 표현 했다 재미 는 보장 팬 이 라면 필수 다만 ... 자의 든 타의 든 1 , 2 스토리 끝낸 이후 현자 타임 이 급격하게 몰려온다",2019-12-02 23:50:08
883710,Resident Evil 2,positive,스토리랑 볼륨이 흠이 있었지만 게임성이랑 철저한 레벨 디자인 덕분에 내가 해본 올해의 게임중 이게 탑인것 같다.,스토리 랑 볼륨 이 흠 이 있었지만 게임 성 이랑 철저한 레벨 디자인 덕분 에 내 가 해본 올해 의 게임 중 이 게 탑인것 같다 .,2019-12-02 22:17:45
883710,Resident Evil 2,positive,god,god,2019-12-02 19:41:34
883710,Resident Evil 2,positive,4생각하고 입문했다가 단단한 머리에 깜짝 놀랐습니다~,4 생각 하고 입문 했다가 단단한 머리 에 깜짝 놀랐습니다 ~,2019-12-02 18:02:32
883710,Resident Evil 2,positive,갓겜,갓 겜,2019-12-02 17:07:39
883710,Resident Evil 2,positive,캡콤떡상,캡콤 떡 상,2019-12-02 15:33:55
883710,Resident Evil 2,positive,바이오 시리즈는 언제나 옳다?,바이오 시리즈 는 언제나 옳다 ?,2019-12-02 13:22:57
883710,Resident Evil 2,positive,바하2 리메이크를 해본후 바하3을 기대하게 되었다.,바하 2 리메이크 를 해본 후 바하 3 을 기대하게 되었다 .,2019-12-02 11:31:33
883710,Resident Evil 2,positive,.,.,2019-12-02 10:53:54
883710,Resident Evil 2,positive,"흥미 진진한 게임, 좀비 맷집이 좋아서 총에 안죽고 일어나는게 좀 짜증나고 좀비를 눕힌거랑 죽인거랑 구분이 어려운것 외에는 전체적으로 훌륭함.","흥미 진진 한 게임 , 좀비 맷집 이 좋아서 총 에 안 죽고 일어나는게 좀 짜증나고 좀비 를 눕힌거 랑 죽인거랑 구분 이 어려운것 외 에는 전체 적 으로 훌륭함 .",2019-12-02 09:19:55
883710,Resident Evil 2,positive,압도적 초반과 그 기억이 흐릿한 후반,압도 적 초반 과 그 기억 이 흐릿 한 후반,2019-12-02 02:06:46
883710,Resident Evil 2,positive,모든게 업그레이드 되서 돌아온 바하2 왜 이리 무서운지 그리고 몰입감에 전투도 조작도 다 만족스러웠습니다.,모든 게 업그레이드 되서 돌아온 바하 2 왜 이리 무서운지 그리고 몰입 감 에 전투 도 조작 도 다 만족스러웠습니다 .,2019-12-02 01:48:51
883710,Resident Evil 2,positive,"장점 : 갓겜 그 자체 캡콤이 캡콤한 게임 단점 : 나의 지X맞은 피지컬로 자체 하드 모드 , 피지컬 면에서 공포를 느낀다.","장점 : 갓 겜 그 자체 캡콤 이 캡콤 한 게임 단점 : 나 의 지 X 맞은 피지 컬 로 자체 하드 모드 , 피지 컬 면 에서 공포 를 느낀다 .",2019-12-02 00:48:07
883710,Resident Evil 2,positive,최고로 잼있게 했다.,최고 로 잼있게 했다 .,2019-12-02 00:34:47
883710,Resident Evil 2,positive,말이필요한가? 2019고티후보,말 이 필요한가 ? 2019 고 티 후보,2019-12-01 23:16:34
883710,Resident Evil 2,positive,"캐릭터가 느리고 좀비를 죽이는게 어려워서 최근 바이오하자드5, 6 부터 시작한 사람은 적응하기 어려움","캐릭터 가 느리고 좀비 를 죽이는게 어려워서 최근 바이오하자드 5 , 6 부터 시작 한 사람 은 적응하기 어려움",2019-12-01 23:13:00
883710,Resident Evil 2,positive,"원작초월 리메이크. ""리메이크란 이런것이다."" 라는것을 보여준 게임. 2019년 초에 발매했음에도 불구하고 2020년 초에 발매한 블X자드의 워크래프트3 깐포지드에게 ""리메이크란 이런것이다."" 라며 유저들에게 교훈을 준 게임이다. 장점 : 수려한 그래픽, 긴장감을 고조시키는 사운드, 너무 어렵지 않은 퍼즐요소, 완벽한 한글화, 바하 4~6까지 공포요소를 완화시키고 액션게임이 되어 바하매니아들의 원성 을 샀었지만 과감히 액션성을 줄이고 고립요소를 늘림으로써 플레이어들에게 긴장감을","원작 초월 리메이크 . "" 리메이크 란 이런 것 이다 ."" 라는 것 을 보여준 게임 . 2019년 초 에 발매 했음에도 불구 하고 2020년 초 에 발매 한 블 X 자드 의 워크래프트 3 깐 포 지드 에게 "" 리메이크 란 이런 것 이다 ."" 라며 유저 들 에게 교훈 을 준 게임 이다 . 장점 : 수려 한 그래픽 , 긴장감 을 고조 시키는 사운드 , 너무 어렵지 않은 퍼즐 요소 , 완벽한 한글화 , 바하 4~6 까지 공포 요소 를 완화 시키고 액션게임 이 되어 바하 매니아 들 의 원성 을 샀었지만 과 감히 액션 성 을 줄 이고 고립 요소 를 늘림으로써 플레이어 들 에게 긴장감 을",2019-12-01 22:41:05
883710,Resident Evil 2,positive,ㅇㅇ,ㅇㅇ,2019-12-01 22:26:12
883710,Resident Evil 2,positive,"두한이 형 나오구 너무 무서워서 못하고 있었다가 지웠는데 저같은 쫄보들 계시면 생각해보구 사세요오,.. 그거빼면 정말로 잘만든 게임입니다..","두 한 이 형 나오구 너무 무서워서 못 하고 있었다가 지웠는데 저 같은 쫄보 들 계시 면 생각 해보구 사세요 오 ,.. 그거 빼면 정말로 잘만 든 게임 입니다 ..",2019-12-01 22:16:40
883710,Resident Evil 2,positive,갓겜,갓 겜,2019-12-01 21:47:43
883710,Resident Evil 2,positive,good,good,2019-12-01 19:49:18
883710,Resident Evil 2,positive,갓겜,갓 겜,2019-12-01 18:47:54
883710,Resident Evil 2,positive,재미는있은데 무서워서 힘들어,재미 는 있은데 무서워서 힘들어,2019-12-01 17:24:18
883710,Resident Evil 2,positive,올해 최고의 게임중 하나,올해 최고 의 게임 중 하나,2019-12-01 11:55:30
883710,Resident Evil 2,positive,캡콤 이자식들이 내 머리꼭대기에서 갖고 놀고있는데 그게 너무 기분좋아,캡콤 이 자식 들 이 내 머리 꼭대기 에서 갖고 놀고있는데 그게 너무 기분 좋아,2019-12-01 10:21:39
883710,Resident Evil 2,positive,고전명작의 적절한 탁월한 리메이크의 예시,고전 명작 의 적절한 탁월한 리메이크 의 예시,2019-12-01 10:20:24
883710,Resident Evil 2,positive,훌륭한 원작의 리메이크이자 다음 바이오하자드 시리즈의 시작을 바하 7과 함꼐 알리는 산뜻한 신호탄 이걸 보니 빌리지가 더욱 기대가 됨,훌륭한 원작 의 리메이크 이자 다음 바이오하자드 시리즈 의 시작 을 바하 7 과 함꼐 알리는 산뜻한 신호탄 이 걸 보니 빌리지가 더욱 기대 가 됨,2019-12-01 09:17:07
883710,Resident Evil 2,positive,처음 해보는거라 헤메고 다니기는 하는데 ... 몰입도도 좋고 재밌네요,처음 해보는거라 헤메 고 다니 기는 하는데 ... 몰입도 도 좋고 재밌네요,2019-12-01 06:11:11
883710,Resident Evil 2,positive,20년전의 추억이 생각나네요. 요즘 게임불감증에 걸렸는데 오랜만에 다회차 플레이했습니다. 산지는 10개월이나 지났지만 지금도 가끔합니다.,20년 전의 추억 이 생각나네요 . 요즘 게임 불감증 에 걸렸는데 오랜 만 에 다 회차 플레이 했습니다 . 산지 는 10 개월 이나 지났지만 지금 도 가끔 합니다 .,2019-12-01 04:16:19
883710,Resident Evil 2,positive,리메이크 잘 된 게임,리메이크 잘 된 게임,2019-12-01 01:14:35
883710,Resident Evil 2,positive,이게 게임이다,이 게 게임 이다,2019-11-30 23:38:52
883710,Resident Evil 2,positive,"플레이 타임이 짧은게 많이 아쉽긴 한데, 재미있어요!","플레이 타임 이 짧은게 많이 아쉽긴 한데 , 재미있어요 !",2019-11-30 22:49:58
883710,Resident Evil 2,positive,헝크가 제일 재미있더라,헝크 가 제일 재미있더라,2019-11-30 21:15:41
883710,Resident Evil 2,positive,진짜 바하가 돌아왔다.,진짜 바하 가 돌아왔다 .,2019-11-30 20:26:10
883710,Resident Evil 2,positive,2019년 최고의 게임.,2019년 최고 의 게임 .,2019-11-30 20:22:41
883710,Resident Evil 2,positive,황금기의 향수를 놓치지 않으면서 탄탄하게 쌓아올린 시리즈의 금자탑,황금기 의 향수 를 놓치지 않으면서 탄탄하게 쌓아 올린 시리즈 의 금 자 탑,2019-11-30 18:11:53
883710,Resident Evil 2,positive,넘모 무서워요,넘 모 무서워요,2019-11-30 17:59:57
883710,Resident Evil 2,positive,정말 최고의 게임,정말 최고 의 게임,2019-11-30 17:13:51
883710,Resident Evil 2,positive,꿀잼,꿀잼,2019-11-30 16:15:41
883710,Resident Evil 2,positive,"예전 플레이스테이션으로 2를 했을때의 추억으로 구입하였습니다. 초반을 진행하는데, 물론 개인적으로 기억하는 느낌의 차이일 수 있지만 분위기(?)랄까 미묘하게 과거와 느낌이 다르다고 생각됩니다. 그런데 이 미묘하게 다른 느낌도 상당히 맘에 드네요.","예전 플레이스테이션 으로 2 를 했을 때 의 추억 으로 구입 하였습니다 . 초반 을 진행 하는데 , 물론 개인 적 으로 기억 하는 느낌 의 차이 일 수 있지만 분위기 (?) 랄 까 미묘하게 과거 와 느낌 이 다르다고 생각 됩니다 . 그런데 이 미묘하게 다른 느낌 도 상당히 맘 에 드네 요 .",2019-11-30 14:24:34
883710,Resident Evil 2,positive,초반부터 흡입력 있는듯,초반 부터 흡입 력 있는듯,2019-11-30 13:44:41
883710,Resident Evil 2,positive,와...진짜 대박 리메이크 너무 놀라운 게임 재현과 높은 완성도로 감동했다.,와 ... 진짜 대박 리메이크 너무 놀라운 게임 재현 과 높은 완성 도로 감동 했다 .,2019-11-30 13:43:26
883710,Resident Evil 2,positive,가면 갈수록 어려워짐 근데 재밌음,가면 갈수록 어려워짐 근데 재밌음,2019-11-30 10:30:39
883710,Resident Evil 2,positive,재미나 그래픽은 확실히 좋은데 길 찾는게 어려워서 포기했어요 ㅋㅋㅋㅋㅋ,재미나 그래픽 은 확실히 좋은데 길 찾는게 어려워서 포기 했어요 ㅋㅋㅋㅋㅋ,2019-11-30 09:05:15
883710,Resident Evil 2,positive,ps2 시절에는 소리가 무서워서 찔끔 했는데 리마스터 버젼은 대낮에 해야 그나마 덜합니다. 오밤중 또는 비오는 날에 해보세요. 오금 저립니다.,ps 2 시절 에는 소리 가 무서워서 찔끔 했는데 리 마스터 버젼 은 대낮 에 해야 그나마 덜합니다 . 오밤중 또는 비오는 날 에 해보세요 . 오금 저립니다 .,2019-11-30 07:38:52
883710,Resident Evil 2,positive,리메이크 정말 재밌게 잘 만들었습니다 한번 씩 해보시죠!,리메이크 정말 재밌게 잘 만들었습니다 한번 씩 해보시죠 !,2019-11-30 03:41:15
883710,Resident Evil 2,positive,리메이크의 혁신을 보여준거 같은 게임인거 같아요 강추입니다.,리메이크 의 혁신 을 보여준거 같은 게임 인거 같아요 강추 입니다 .,2019-11-30 01:08:35
883710,Resident Evil 2,positive,3도 빨리 리메판을 주세요....ㅠ,3 도 빨리 리메판 을 주세요 .... ㅠ,2019-11-30 00:27:37
883710,Resident Evil 2,positive,ㅊㅊ,ㅊㅊ,2019-11-29 23:50:56
883710,Resident Evil 2,positive,꼭 하세요 무조건 하드모드로,꼭 하세요 무조건 하드 모드 로,2019-11-29 23:49:06
883710,Resident Evil 2,positive,"쫄보라 공략 보면서 플레이 중이지만, 그래도 손에 땀이 나네요.","쫄보 라 공략 보면서 플레이 중이 지만 , 그래도 손 에 땀 이 나네요 .",2019-11-29 23:25:42
883710,Resident Evil 2,positive,리버스가 리메이크의 정석이라면 2RE는 리메이크의 정점,리 버스 가 리메이크 의 정석 이 라면 2 RE 는 리메이크 의 정점,2019-11-29 22:31:11
883710,Resident Evil 2,positive,오리지널의 향수를 다시 느낄수 있는 게임 재핑 시스템이 없는 게 아쉽네요,오 리지 널 의 향수 를 다시 느낄수 있는 게임 재핑 시스템 이 없는 게 아쉽네요,2019-11-29 22:30:00
883710,Resident Evil 2,positive,바이오하자드 첫입문작이 4인데 구작 2를 안해보고 플레이하니 신선하다고해야하나 일단 4부터 시작한 저는 헤드샷만 뜨면 근접공격버릇때문에 삽질(?)도 많이해서 죽고 고생꽤나 했었죠;; 정말 잘샀다고 생각합니다 :),바이오하자드 첫 입문 작 이 4 인데 구 작 2 를 안 해보고 플레이 하니 신선하다고 해야하나 일단 4 부터 시작 한 저 는 헤드샷 만 뜨면 근접 공격 버릇 때문 에 삽질 (?) 도 많이 해 서 죽고 고생 꽤 나 했었죠 ;; 정말 잘 샀다고 생각 합니다 :),2019-11-29 21:17:16
883710,Resident Evil 2,positive,처음 할때는 장난아니게 무서웠는데 하다보면 익숙해진다. 리메이크를 정말 잘하긴 했지만 A-B루트를 제대로 안만든게 아쉽다.,처음 할 때 는 장난 아니게 무서웠는데 하다 보면 익숙해진다 . 리메이크 를 정말 잘 하긴 했지만 A - B 루트 를 제대로 안 만든게 아쉽다 .,2019-11-29 19:47:21
883710,Resident Evil 2,positive,3 리메이크도 기대 합니다,3 리메이크 도 기대 합니다,2019-11-29 18:29:53
883710,Resident Evil 2,positive,not bad~,not bad ~,2019-11-29 17:38:17
883710,Resident Evil 2,positive,씨1발소리,씨 1 발 소리,2019-11-29 17:37:43
883710,Resident Evil 2,positive,빨리 바하3 re 만들어주세요 현기증 난단 말이에요,빨리 바하 3 re 만들어주세요 현기증 난단 말 이에요,2019-11-29 16:17:14
883710,Resident Evil 2,positive,클레어는 모드질로 해서 야겜 되고 레온때는 샷건때문에 액션게임 되고,클레어 는 모드 질 로 해서 야겜 되고 레온 때 는 샷건 때문 에 액션게임 되고,2019-11-29 11:13:43
883710,Resident Evil 2,positive,고전 재해석의 표본이 아닐까요.,고전 재 해석 의 표본 이 아닐까 요 .,2019-11-29 10:00:41
883710,Resident Evil 2,positive,3 리메이크도 기대됩니다.,3 리메이크 도 기대 됩니다 .,2019-11-29 06:40:46
883710,Resident Evil 2,positive,좁고 어둡고 쫓아오고 더 이상 무얼바랄까?,좁고 어둡고 쫓아오고 더 이상 무얼 바랄까 ?,2019-11-29 05:21:54
883710,Resident Evil 2,positive,"콘솔로 즐기다가 스팀할인이 있어서 구매하였는데 모든 난이도 S부터 두부씨까지 할 것 다했음에도, 여전히 즐겁다 ㅋㅋㅋ.. 지금 하드코어 하다가 주차장 키 얻는데서 타일런트씨한테 왠일로 붙잡혀가지고 유치장 좀비한테 날아가서 죽었슴 ㅋㅋㅋㅋ 한시간 소멸 엌ㅋㅋ","콘솔 로 즐기다가 스팀 할인 이 있어서 구매 하였는데 모든 난이도 S 부터 두부 씨 까지 할 것 다 했음에도 , 여전히 즐겁다 ㅋㅋㅋ .. 지금 하드코어 하다가 주차장 키 얻는데서 타 일 런트 씨 한테 왠 일로 붙잡혀가지고 유치장 좀비 한테 날아가서 죽었슴 ㅋㅋㅋㅋ 한 시간 소멸 엌 ㅋㅋ",2019-11-29 04:46:39
883710,Resident Evil 2,positive,"https://steamcommunity.com/sharedfiles/filedetails/?id=1923020696 새벽에 이어폰 끼고 컴퓨터 하는데... 그래픽과 사운드 때문에 더욱 무섭네요 ㅠ.ㅠ ------------ 9600k + 2060 / FHD 3기가 텍스쳐, 그림자 높음외 최상옵 초반까진 안정적인 고정 60 제공.","https://steamcommunity.com/sharedfiles/filedetails/?id=1923020696 새벽 에 이어폰 끼 고 컴퓨터 하는데 ... 그래픽 과 사운드 때문 에 더욱 무섭네요 ㅠ . ㅠ ------------ 9600 k + 2060 / FHD 3 기 가 텍스쳐 , 그림자 높음 외 최상 옵 초반 까진 안정 적 인 고정 60 제공 .",2019-11-29 04:04:52
883710,Resident Evil 2,positive,이것이 리메이크다,이 것 이 리메이크 다,2019-11-29 02:54:49
883710,Resident Evil 2,positive,왠만해서는 좀비 게임 하면서 놀라 본적이 없는데 이거는 시작부터 개무섭네,왠만해서는 좀비 게임 하면서 놀라 본적 이 없는데 이 거 는 시작 부터 개 무섭네,2019-11-29 02:41:44
883710,Resident Evil 2,positive,그래픽적인면은 매우 좋았고 사운드도 괜찮았고 조작감도 편했다. 게임의 스토리도 두명의 캐릭터를 사용할수 있던것이 재밌는 설정이었다. 특히 공포심과 스릴감을 느낄수 있는 진정한 공포게임이었다. 전반적으로 스토리도 좋고 액션감도 훌륭하고 재미도 있는 좋은 게임있었다. 단점이라면 두명의 캐릭터의 스토리가 비슷하다는것과 게임 시간이 조금은 짧지 않았나 한다.,그래픽 적인면은 매우 좋았고 사운드 도 괜찮았고 조작 감도 편했다 . 게임 의 스토리 도 두 명의 캐릭터 를 사용 할수 있던것이 재밌는 설정 이었다 . 특히 공 포심 과 스릴 감 을 느낄수 있는 진정한 공포 게임 이었다 . 전반 적 으로 스토리 도 좋고 액션 감도 훌륭하고 재미 도 있는 좋은 게임 있었다 . 단점 이 라면 두 명의 캐릭터 의 스토리 가 비슷하다는것과 게임 시간 이 조금 은 짧지 않았나 한다 .,2019-11-29 01:26:00
883710,Resident Evil 2,positive,확실히 재밌긴 재밌음 내가 처음 플레이 하기전 상상한 레지던트 이블 게임은 좀비 학살하고 다니는건데 막상 플레이하니까 그딴거 없고 도망가기 존나 바쁨 확실히 갓겜임 돈주고산거 후회안함,확실히 재밌긴 재밌음 내 가 처음 플레이 하기전 상상 한 레지던트 이블 게임 은 좀비 학살 하고 다니는건데 막상 플레이 하 니까 그딴 거 없고 도망가기 존나 바쁨 확실히 갓 겜임 돈 주 고산 거 후회 안함,2019-11-29 01:07:34
883710,Resident Evil 2,positive,꿀잼,꿀잼,2019-11-29 00:58:40
883710,Resident Evil 2,positive,개 꿀잼,개 꿀잼,2019-11-29 00:09:15
883710,Resident Evil 2,positive,리메이크의 표본이라고 해도 될정도로 굉장히 잘만들었음. 공포게임을 너무 무서워하지만 않는다면 꼭 해보시길 추천!,리메이크 의 표본 이라고 해도 될 정도 로 굉장히 잘 만들었음 . 공포 게임 을 너무 무서워하지만 않는다면 꼭 해보시길 추천 !,2019-11-28 23:22:04
883710,Resident Evil 2,positive,2019년 최고의 게임.다잉라이트와는 다른 간 쫄리는 극도의 긴장감과 공포를 느낄 수 있다,2019년 최고 의 게임 . 다 잉 라이트 와는 다른 간 쫄리 는 극도 의 긴장감 과 공포 를 느낄 수 있다,2019-11-28 23:07:39
883710,Resident Evil 2,positive,바하시리즈는 처음접해보는데 너무너무 재밌었음 4번째 생존자인가 깨기는 힘들지만 피통 낮춰서 엔딩맛보기라도 해서 좋았음,바하 시리즈 는 처음 접 해보는데 너무 너무 재밌었음 4 번째 생존자 인가 깨기는 힘들지만 피통 낮춰서 엔딩 맛보기 라도 해서 좋았음,2019-11-28 22:52:01
883710,Resident Evil 2,positive,재밌다,재밌다,2019-11-28 22:00:29
883710,Resident Evil 2,positive,ㅗㅜㅑ,ㅗㅜㅑ,2019-11-28 20:29:16
883710,Resident Evil 2,positive,개추,개추,2019-11-28 19:53:05
883710,Resident Evil 2,positive,명작의 재탄생!,명작 의 재탄생 !,2019-11-28 19:17:53
883710,Resident Evil 2,positive,김두환이 밖에서 돌아다녀서 무서워서 진행을 못하고 있습니다.. 지금 2층 헬기 폭파되서 부서진곳 지나서 계단 밑 보관소에 갇혀있어요... 몇 번 탈출을 시도 했지만 천장 기어다니는 놈과 김두환을 따돌릴 수가 없네요.. 밖에선 아직도 발소리가 들립니다.,김 두 환 이 밖 에서 돌아다녀서 무서워서 진행 을 못 하고 있습니다 .. 지금 2 층 헬기 폭파 되서 부서진 곳 지나서 계단 밑 보관 소 에 갇혀있어요 ... 몇 번 탈출 을 시도 했지만 천장 기어 다니는 놈 과 김 두 환 을 따돌릴 수가 없네요 .. 밖 에선 아직도 발 소리 가 들립니다 .,2019-11-28 17:50:18
883710,Resident Evil 2,positive,good,good,2019-11-28 17:42:23
883710,Resident Evil 2,positive,오래간만에 탄수 세어가며 긴장감 넘치는 플레이를 즐길 기회.,오래간만 에 탄수 세 어가 며 긴장감 넘치는 플레이 를 즐길 기회 .,2019-11-28 17:11:31
883710,Resident Evil 2,positive,굳,굳,2019-11-28 16:50:35
883710,Resident Evil 2,positive,엄지척!,엄지 척 !,2019-11-28 16:37:05
883710,Resident Evil 2,positive,이정도 코스튬이라면 다회차가 가능할듯,이정 도 코스 튬 이 라면 다 회 차가 가능할듯,2019-11-28 15:13:28
883710,Resident Evil 2,positive,첫 단계 : 언제 어디서 무엇이 튀어나올지 모르는 긴장감 ? 단계 : 언제 어디서 무엇을 써야할지 생각하는 치밀함 하루 빨리 후속작이 나오길 기다리게 하는 게임 바하가 돌아왔다!,첫 단계 : 언제 어디서 무엇 이 튀어나올지 모르는 긴장감 ? 단계 : 언제 어디서 무엇 을 써야 할지 생각 하는 치밀함 하루 빨리 후속작 이 나오길 기다리게 하는 게임 바하 가 돌아왔다 !,2019-11-28 13:50:26
883710,Resident Evil 2,positive,.,.,2019-11-28 13:42:03
883710,Resident Evil 2,positive,잼슴 2월클리어했는데 지금도 틈틈히 하고싶어서 잠깐씩 켜서 하고있는,잼슴 2월 클리어했는데 지금 도 틈틈히 하고싶어서 잠깐 씩 켜서 하고있는,2019-11-28 13:40:05
883710,Resident Evil 2,positive,"과거의 향수를 세력된게 자극하는 게임. 분위기는 사실적인 그래픽으로 더욱 무서워졌고, 더욱 사실적으로 다가온다. 게임을 리메이크 할 때, 과거의 장점을 무시하고 다시 만드는 경향이 많은데, RE2 절대 그러지 않았다. 오히려 장점을 더욱 부가시켰다. 이전 2를 재미있게 한 유저라면 꼭 해봐야 한다. 꼭!!!","과거 의 향수 를 세력 된게 자극 하는 게임 . 분위기 는 사실 적 인 그래픽 으로 더욱 무서워졌고 , 더욱 사실 적 으로 다가온다 . 게임 을 리메이크 할 때 , 과거 의 장점 을 무시 하고 다시 만드는 경향 이 많은데 , RE 2 절대 그러지 않았다 . 오히려 장점 을 더욱 부가 시켰다 . 이전 2 를 재미있게 한 유저 라면 꼭 해봐야 한다 . 꼭 !!!",2019-11-28 11:35:24
883710,Resident Evil 2,positive,무서운데 재밌다,무서운데 재밌다,2019-11-28 10:44:32
883710,Resident Evil 2,positive,아무리 생각해도 구 바하2를 플레이해보면 알겠지만 빼먹은 부분이 많다. 그렇지만 향수를 자극할 게임으로는 충분..,아무리 생각 해도 구 바하 2 를 플레이 해보면 알겠지만 빼먹은 부분 이 많다 . 그렇지만 향수 를 자극 할 게임 으로는 충분 ..,2019-11-28 09:27:04
883710,Resident Evil 2,positive,웰메이드 리메이크.,웰 메이드 리메이크 .,2019-11-28 09:25:01
883710,Resident Evil 2,positive,Good!,Good !,2019-11-28 08:53:14
883710,Resident Evil 2,positive,그냥 최고임,그냥 최고 임,2019-11-28 06:32:04
883710,Resident Evil 2,positive,평소 안해보고 영상으로만 봐왔던 바하시리즈인데 리메이크 된 이번작은 세일해서 해봤는데 몰입도 굿굿,평소 안 해보고 영상 으로만 봐 왔던 바하 시리즈 인데 리메이크 된 이 번작 은 세 일해 서 해봤는데 몰입도 굿굿,2019-11-28 04:24:51
883710,Resident Evil 2,positive,나의 2019 GOTY,나 의 2019 GOTY,2019-11-28 02:38:29
883710,Resident Evil 2,positive,겁쟁이도 깰만합니다,겁쟁이 도 깰만 합니다,2019-11-28 02:38:14
883710,Resident Evil 2,positive,원작을 안해봐서 재핑시스템이고 뭔지 모르지만 무서워요,원작 을 안 해봐서 재핑 시스템 이고 뭔 지 모르지만 무서워요,2019-11-28 02:29:05
883710,Resident Evil 2,positive,!!,!!,2019-11-28 02:27:25
883710,Resident Evil 2,positive,리메이크의 본보기,리메이크 의 본보기,2019-11-28 00:47:26
883710,Resident Evil 2,positive,말이 필요없다!,말 이 필요없다 !,2019-11-28 00:37:42
883710,Resident Evil 2,positive,결코 좀비의 민첩성이 공포심을 유발하는 것과 정비례 하는 것이 아님을 보여준다. 무엇보다 원작의 감각을 유지하면서 동시에 완전히 뒤집어 새롭게 탈바꿈한 리메이크의 정석. 추억보정을 좋은 의미로 되새김한 아름다운 작품.,결코 좀비 의 민첩성 이 공 포심 을 유발 하는 것 과 정비례 하는 것 이 아님을 보여준다 . 무엇 보다 원작 의 감각 을 유지 하면서 동시 에 완전히 뒤집어 새롭게 탈바꿈 한 리메이크 의 정석 . 추억 보정 을 좋은 의미 로 되새김한 아름다운 작품 .,2019-11-28 00:11:09
883710,Resident Evil 2,positive,"했던건데, 또 무섭다. 했던건데, 또 재밌다.","했던건데 , 또 무섭다 . 했던건데 , 또 재밌다 .",2019-11-27 23:58:36
883710,Resident Evil 2,positive,최고의 리메이크,최고 의 리메이크,2019-11-27 23:50:46
883710,Resident Evil 2,positive,처음할 때 엄청 놀랐다. 그래픽에 놀라고 망할 좀비때문에 놀라고 김두한때문에 놀랐다 그리고 총알이 없어서 놀랐다.. 망할 게임 재밌네 ㅋㅋㅋㅋ,처음 할 때 엄청 놀랐다 . 그래픽 에 놀라고 망할 좀비 때문 에 놀라고 김두한 때문 에 놀랐다 그리고 총알 이 없어서 놀랐다 .. 망할 게임 재밌네 ㅋㅋㅋㅋ,2019-11-27 23:47:45
883710,Resident Evil 2,positive,완벽한 리메이크란 이런것이다를 보여주는 작품,완벽한 리메이크 란 이런것이다를 보여주는 작품,2019-11-27 23:28:54
883710,Resident Evil 2,positive,예전의 제한된 시야로 즐기는 바이오하자드와 시리즈를 거듭할수록 바뀌는 게임 시스템에서 이번 작으로 이 시리즈의 새로운 미래를 보여줍니다. 다른 시리즈도 이 엔진으로 즐겨봤으면 합니다. 강추!,예전 의 제한 된 시야 로 즐기는 바이오하자드 와 시리즈 를 거듭 할수록 바뀌는 게임 시스템 에서 이번 작 으로 이 시리즈 의 새로운 미래 를 보여줍니다 . 다른 시리즈 도 이 엔진 으로 즐겨 봤으면 합니다 . 강추 !,2019-11-27 23:21:37
883710,Resident Evil 2,positive,이건 갓겜 인정임,이건 갓 겜 인정 임,2019-11-27 22:00:29
883710,Resident Evil 2,positive,리메이크는 이렇게 하는것 9.0/10,리메이크 는 이렇게 하는것 9.0 / 10,2019-11-27 21:51:37
883710,Resident Evil 2,positive,너무 무서우면서 재밌는 게임,너무 무서우면서 재밌는 게임,2019-11-27 21:51:07
883710,Resident Evil 2,positive,잘만든 리메이크에 표본,잘만 든 리메이크 에 표본,2019-11-27 21:44:35
883710,Resident Evil 2,positive,재밌어요~~,재밌어요 ~~,2019-11-27 21:39:09
883710,Resident Evil 2,positive,2019 올해의 게임,2019 올해 의 게임,2019-11-27 21:31:23
883710,Resident Evil 2,positive,재미있게했습니다 추억을 업그레이드 한거같아서 기분이 좋았습니다 난이도도 마음에 들고 영어로 하던거 한글이라 더 좋았구요 이런 시대가 올꺼라고는...크흡..,재미있게 했습니다 추억 을 업그레이드 한 거 같아서 기분 이 좋았습니다 난이도 도 마음 에 들고 영어 로 하던거 한글 이라 더 좋았구요 이런 시대 가 올꺼라고는 ... 크 흡 ..,2019-11-27 21:28:31
883710,Resident Evil 2,positive,"2019년 최고의 게임 (feat. 골든 조이스틱 어워드) 뛰어난 그래픽. 매력적인 주인공들. 공포 요소가 있지만 캐주얼한 공포랄까 크게 무섭지 않음. 1회차 분량은 살짝 짧지만 다회차 요소가 많고 오히려 여러번 해야 이 게임의 ""참-재미""를 느낄 수 있다. 진엔딩을 보기 위해선 2회차가 필수인데 (레온, 클레어 파트를 둘 다 클리어해야 함) 스토리가 매끄럽게 연결되지 않아서 좀 아쉽고 (평행 세계???) 진엔딩, 특히 마지막 씬에서의 대화는 좀 황당무계하지만, 어차피 바이오 하자드 하면서 라오어 같은 탄탄한 스토리를 원하는 게","2019년 최고 의 게임 ( feat . 골든 조이스틱 어워드 ) 뛰어난 그래픽 . 매력 적 인 주인공 들 . 공포 요소 가 있지만 캐 주얼 한 공포 랄 까 크게 무섭지 않음 . 1회 차 분량 은 살짝 짧지만 다 회차 요소 가 많고 오히려 여러 번 해야 이 게임 의 "" 참 - 재미 "" 를 느낄 수 있다 . 진 엔딩 을 보기 위해 선 2회 차가 필수 인데 ( 레온 , 클레어 파트 를 둘 다 클리어 해야 함 ) 스토리 가 매끄럽게 연결 되지 않아서 좀 아쉽고 ( 평행 세계 ???) 진 엔딩 , 특히 마지막 씬 에서의 대화 는 좀 황당 무 계 하지만 , 어차피 바이오 하자드 하면서 라오어 같은 탄탄한 스토리 를 원하는 게",2019-11-27 21:23:33
883710,Resident Evil 2,positive,아 레온새끼 한숨쉬는게 더 무서워 시발,아 레온 새끼 한숨 쉬는게 더 무서워 시발,2019-11-27 21:23:18
883710,Resident Evil 2,positive,그때느꼈던 공포를 현대에 맞게 잘 섞었다,그때 느꼈던 공포 를 현대 에 맞게 잘 섞었다,2019-11-27 21:06:49
883710,Resident Evil 2,positive,리메이크의 기본을 보여주는 멋진 게임,리메이크 의 기본 을 보여주는 멋진 게임,2019-11-27 20:55:48
883710,Resident Evil 2,positive,다소 불편하지만 빡빡한 플레이를 지향하는 유저에게 추천,다소 불편하지만 빡빡 한 플레이 를 지향 하는 유저 에게 추천,2019-11-27 20:52:39
883710,Resident Evil 2,positive,"조금밖에 플레이 해보지 않았지만 재미있네요. I've only played this game a little, but it's interesting.","조금 밖에 플레이 해보지 않았지만 재미있네요 . I ' ve only played this game a little , but it ' s interesting .",2019-11-27 20:39:23
883710,Resident Evil 2,positive,알고해도 할만하다,알 고해 도 할 만하 다,2019-11-27 20:15:16
883710,Resident Evil 2,positive,사놓고 아직까지 무서워서 몬함,사놓고 아직 까지 무서워서 몬함,2019-11-27 20:13:23
883710,Resident Evil 2,positive,리메이크로서 충분한 가치를 한다고 생각합니다.,리메이크 로서 충분한 가치 를 한다고 생각 합니다 .,2019-11-27 19:52:14
883710,Resident Evil 2,positive,추억의 성공적 환생!,추억 의 성공 적 환생 !,2019-11-27 19:41:19
883710,Resident Evil 2,positive,비슷하게 만들면서도 엄청 다르게 만들수 있는 게임이 바로 이거다 재미도 있고 모든것이 다 좋았따,비슷하게 만들면서도 엄청 다르게 만들수 있는 게임 이 바로 이 거 다 재미 도 있고 모든 것 이 다 좋았 따,2019-11-27 19:25:02
883710,Resident Evil 2,positive,돈이 최고야,돈 이 최고 야,2019-11-27 19:22:57
883710,Resident Evil 2,positive,기다리고 기다렸던 레전드 레지던트이블2 리메이크. 근데 그때 그 시절 느꼈던 감정을 다시 느끼긴 좀 아쉽다는 생각이든다. 새로운 이벤트들이 생기는반면 그당시 기억에 남던 수많은 이벤트씬들이 삭제되었다. 그대로 따라갈순 없다해도 레지던트이블 1 리마스터와는 사뭇 다른느낌이든다. 레온A 클레어B = 클레어A 레온B를 모두 플레이해보았지만 오리지날편과는 달리 복붙한느낌만 컸다. 물론 재미는 보장했지만 삭제되는부분들이 더 아쉽게 느껴진작품. 하지만 여러 추가모드들도 그대로 존재했고 캡콤이 정성을 쏟아부은티는 확실히난다. 평점 : 8점,기다리고 기다렸던 레전드 레지던트이블 2 리메이크 . 근데 그때 그 시절 느꼈던 감정 을 다시 느끼긴 좀 아쉽다는 생각 이든 다 . 새로운 이벤트 들 이 생기는 반면 그 당시 기억 에 남던 수많은 이벤트 씬 들 이 삭제 되었다 . 그대로 따라갈 순 없다 해도 레지던트이블 1 리 마스터 와는 사뭇 다른 느낌 이든 다 . 레온 A 클레어 B = 클레어 A 레온 B 를 모두 플레이 해보았지만 오리 지날 편 과는 달리 복 붙 한 느낌 만 컸다 . 물론 재미 는 보장 했지만 삭제 되는 부분 들 이 더 아쉽게 느껴진 작품 . 하지만 여러 추가 모드 들 도 그대로 존재 했고 캡콤 이 정성 을 쏟아 부은 티 는 확실히 난다 . 평점 : 8 점,2019-11-27 19:13:13
883710,Resident Evil 2,positive,너무 잘만든 리메이크작! 바람직한 리메이크의 표본,너무 잘만 든 리메이크 작 ! 바람직한 리메이크 의 표본,2019-11-27 19:13:12
883710,Resident Evil 2,positive,최고의 리메이크,최고 의 리메이크,2019-11-27 18:43:29
883710,Resident Evil 2,positive,무섭지만 재미있습니다,무섭지만 재미있습니다,2019-11-27 18:09:23
883710,Resident Evil 2,positive,"예전의 향수를 그대로 느끼게 해주면서도, 최신의 그래픽으로 압도적인 공포 분위기를 느낄 수 있다. 캐릭터와 루트를 고르는 것에 따라 많진 않지만 엔딩도 달라지며, 난이도를 올려서 랭크에 도전할 수도 있다. 단순히 무섭기만 한 것이 아니고, 불편한 조작을 공포 장르와 적절히 잘 묶어서 오히려 액션이 크게 불쾌하지 않다.","예전 의 향수 를 그대로 느끼게 해주면서도 , 최신 의 그래픽 으로 압도 적 인 공포 분위기 를 느낄 수 있다 . 캐릭터 와 루트 를 고르는 것 에 따라 많진 않지만 엔딩 도 달라지며 , 난이도 를 올려서 랭크 에 도전 할 수도 있다 . 단순히 무섭기만 한 것 이 아니고 , 불편한 조작 을 공포 장르 와 적절히 잘 묶어서 오히려 액션 이 크게 불쾌하지 않다 .",2019-11-27 18:09:15
883710,Resident Evil 2,positive,빨리 바하3도 리메이크 해줬으면...,빨리 바하 3 도 리메이크 해줬으면 ...,2019-11-27 18:06:44
883710,Resident Evil 2,positive,리메이크의 진수를 보여주었다.,리메이크 의 진수 를 보여주었다 .,2019-11-27 17:16:48
883710,Resident Evil 2,positive,"좋은 리메이크, 좋은 게임성 그리고 좋은 모드 지원","좋은 리메이크 , 좋은 게임 성 그리고 좋은 모드 지원",2019-11-27 17:01:55
883710,Resident Evil 2,positive,아 적당히해라 ㅋㅋ,아 적당히 해 라 ㅋㅋ,2019-11-27 16:57:11
883710,Resident Evil 2,positive,진짜 존잼,진짜 존잼,2019-11-27 16:32:42
883710,Resident Evil 2,positive,갓겜,갓 겜,2019-11-27 15:48:32
883710,Resident Evil 2,positive,20세기 말에 있었던 추억의 게임이 21세기에는 나비가 되어 돌아온 게임,20 세기 말 에 있었던 추억 의 게임 이 21 세기 에는 나비 가 되어 돌아온 게임,2019-11-27 15:39:32
883710,Resident Evil 2,positive,한판했는데 길 잃어서 개오래걸림,한판 했는데 길 잃어서 개오래 걸림,2019-11-27 15:23:17
883710,Resident Evil 2,positive,재핑시스템이 없어서 좀 아쉽긴한대 재미있습니다,재핑 시스템 이 없어서 좀 아쉽긴 한 대 재미있습니다,2019-11-27 15:13:24
883710,Resident Evil 2,positive,초갓ㅡ겜,초갓 ㅡ 겜,2019-11-27 15:12:12
883710,Resident Evil 2,positive,정신 차렸구나 캡콤!!,정신 차렸구나 캡콤 !!,2019-11-27 14:40:25
883710,Resident Evil 2,positive,재핑시스템이 없는것만 빼면 완벽한 게임. 특히 최적화가 굉장히 뛰어남!,재핑 시스템 이 없는것만 빼면 완벽한 게임 . 특히 최적화 가 굉장히 뛰어남 !,2019-11-27 14:25:20
883710,Resident Evil 2,positive,공포인 척 하는 퍼즐게임,공포 인 척 하는 퍼즐게임,2019-11-27 14:09:45
883710,Resident Evil 2,positive,올해 가장 재미있었던 게임,올해 가장 재미있었던 게임,2019-11-27 13:43:05
883710,Resident Evil 2,positive,기본 원작을 해보진 않았지만 하는내내 되게 재밌게 숨졸이면서 했다. 다만 레온과 클레어가 플레이 했을때 동일한 구간을 플레이 하는것이 일부구간 있는것이 아쉬웠다,기본 원작 을 해보진 않았지만 하는내내 되게 재밌게 숨 졸이면서 했다 . 다만 레온 과 클레어 가 플레이 했을 때 동일한 구간 을 플레이 하는것이 일부 구간 있는것이 아쉬웠다,2019-11-27 13:37:07
883710,Resident Evil 2,positive,완벽한 리메이크,완벽한 리메이크,2019-11-27 13:29:12
883710,Resident Evil 2,positive,good,good,2019-11-27 13:29:00
883710,Resident Evil 2,positive,gd,gd,2019-11-27 12:20:11
883710,Resident Evil 2,positive,"말했잖아, 레온. 네가 공포를 느끼는건 좀비때문이 아니라 총알 부족에서 오는 거라고.","말 했잖아 , 레온 . 네 가 공포 를 느끼는건 좀비 때문 이 아니라 총알 부족 에서 오는 거 라고 .",2019-11-27 12:10:20
883710,Resident Evil 2,positive,VR 해줄수는 없을까?,VR 해줄수는 없을까 ?,2019-11-27 11:54:33
883710,Resident Evil 2,positive,good,good,2019-11-27 11:43:45
883710,Resident Evil 2,positive,여러 디테일이 상당할 뿐만 아니라 자칫 지루하거나 머리 아플 수 있는 퍼즐도 적당히 플레이 하다보면 자연스레 풀 수 있는 것들이 대부분이고 퍼즐을 풀기 위해 지나왔던 곳들을 다시 되돌아가는 일이 종종 있더라도 그게 딱히 문제된다고 생각되지 않을 정도로 잘 설계된 게임의 분위기나 플레이 방식이 공포게임을 좋아하지 않는 저에게도 너무나 매력적으로 다가온 게임입니다.,여러 디테 일이 상당할 뿐 만 아니라 자칫 지루하거나 머리 아플 수 있는 퍼즐 도 적당히 플레이 하다 보면 자연스레 풀 수 있는 것 들 이 대부분 이고 퍼즐 을 풀기 위해 지나 왔던 곳 들 을 다시 되돌아가는 일이 종종 있더라도 그게 딱히 문제 된다고 생각 되지 않을 정도 로 잘 설계 된 게임 의 분위기 나 플레이 방식 이 공포 게임 을 좋아하지 않는 저 에게도 너무나 매력 적 으로 다가온 게임 입니다 .,2019-11-27 11:42:43
883710,Resident Evil 2,positive,GOOD,GOOD,2019-11-27 11:35:15
883710,Resident Evil 2,positive,게임할 때 보통 맵을 이리저리 연구하고 퍼즐푸는 요소를 힘들어하는데 이게임은 그거마저 재밌다.,게임 할 때 보통 맵 을 이리저리 연구 하고 퍼즐 푸는 요소 를 힘들어하는데 이 게임 은 그거 마저 재밌다 .,2019-11-27 10:30:09
883710,Resident Evil 2,positive,심장 아플때 1.에이다 섹시한 모습보고 2.클레어 귀여운 모습보고 3.코너 돌았는데 타일런트 나올때 4.모드 설치했을때(?),심장 아플 때 1 . 에이 다 섹시한 모습 보고 2 . 클레어 귀여운 모습 보고 3 . 코너 돌았는데 타일 런트 나올 때 4 . 모드 설치 했을 때 (?),2019-11-27 10:27:17
883710,Resident Evil 2,positive,말 그대로 명작의 재탄생,말 그대로 명작 의 재탄생,2019-11-27 10:05:24
883710,Resident Evil 2,positive,The monsters have overtaken the city,The monsters have overtaken the city,2019-11-27 09:36:44
883710,Resident Evil 2,positive,배경이나 스토리는 예전 추억을 되살리고 달라진 컨트롤은 되살려진 추억을 망치지 않는다. 최고!,배경 이나 스토리 는 예전 추억 을 되살리고 달라진 컨트롤 은 되살려진 추억 을 망치 지 않는다 . 최고 !,2019-11-27 09:35:08
883710,Resident Evil 2,positive,꿀잼,꿀잼,2019-11-27 09:27:02
883710,Resident Evil 2,positive,2를 해본 유저로서 행복하고 가슴 따뜻한 선물이다.,2 를 해본 유저 로서 행복하고 가슴 따뜻한 선물 이다 .,2019-11-27 09:26:45
883710,Resident Evil 2,positive,"유명한 고전 게임을 요즘 추세에 맞춰서 잘 리메이크 한 게임입니다. 상당히 난이도가 있는 게임이지만 한글화도 잘 되어있고, 도전할만한 요소들도 많습니다.","유명한 고전 게임 을 요즘 추세 에 맞춰서 잘 리메이크 한 게임 입니다 . 상당히 난이도 가 있는 게임 이지만 한글화 도 잘 되어있고 , 도전 할만 한 요소 들 도 많습니다 .",2019-11-27 09:01:21
883710,Resident Evil 2,positive,그렇게 재밌게 했던 게임이 이렇게 다시 잘 나왔으니 더 바랄게 있겠나요.,그렇게 재밌게 했던 게임 이 이렇게 다시 잘 나왔으니 더 바랄게 있겠나요 .,2019-11-27 07:57:30
883710,Resident Evil 2,positive,레지던트 이블 2 명작을 잘 리메이트한 작품입니다. 레지던트 이블 3 리메이크 기대가 됩니다.,레지던트 이블 2 명작 을 잘 리 메이트 한 작품 입니다 . 레지던트 이블 3 리메이크 기대 가 됩니다 .,2019-11-27 07:22:21
883710,Resident Evil 2,positive,고전 명작의 성공적인 현대적 재해석으로 부활한 작품입니다. 사실 그게 저도 뭔지는 모르겠지만 일단 재미는 있다는 말입니다. 저기 좀비 친구들도 두 팔 벌려 기뻐하는군요! 그렇다고 다가오지는 말고!,고전 명작 의 성공 적 인 현대 적 재 해석 으로 부활 한 작품 입니다 . 사실 그게 저 도 뭔 지는 모르겠지만 일단 재미 는 있다는 말 입니다 . 저기 좀비 친구 들 도 두 팔 벌려 기뻐하는군요 ! 그렇다고 다가오지는 말고 !,2019-11-27 06:49:21
883710,Resident Evil 2,positive,리메이크 3버젼을 기다리게 하는 작품,리메이크 3 버젼 을 기다리게 하는 작품,2019-11-27 05:50:25
883710,Resident Evil 2,positive,재미있네요.,재미있네요 .,2019-11-27 05:19:33
883710,Resident Evil 2,positive,공산당 닷시는 안하겠소 김두한 오야붕,공산당 닷 시 는 안 하겠소 김두한 오야 붕,2019-11-27 04:51:53
883710,Resident Evil 2,positive,아쉬운 점도 있지만 진짜 좀비가 어떤건지 어떤 공포를 가져오는 지 잘 보여준 게임.,아쉬운 점도 있지만 진짜 좀비 가 어떤 건 지 어떤 공포 를 가져오는 지 잘 보여준 게임 .,2019-11-27 04:31:34
883710,Resident Evil 2,positive,다 좋은데 재핑 시스템이 없는 게 아쉬움,다 좋은데 재핑 시스템 이 없는 게 아쉬움,2019-11-27 04:24:57
883710,Resident Evil 2,positive,꿀잼,꿀잼,2019-11-27 03:30:17
883710,Resident Evil 2,positive,Good,Good,2019-11-27 03:29:17
883710,Resident Evil 2,positive,현 시대의 가장 뛰어난 좀비 게임,현 시대 의 가장 뛰어난 좀비 게임,2019-11-27 03:20:45
883710,Resident Evil 2,positive,Good Zombie game,Good Zombie game,2019-11-27 03:20:38
883710,Resident Evil 2,positive,"최적화, 게임성, 그래픽, 스토리 모두 흠잡을데가 없는 명작","최적화 , 게임 성 , 그래픽 , 스토리 모두 흠잡을데가 없는 명작",2019-11-26 14:33:53
883710,Resident Evil 2,positive,경찰관이 세로로 반갈죽 당하고 나오는 순대 3인분에 기절해버렸습니다.,경찰관 이 세로 로 반 갈 죽 당하고 나오는 순대 3 인분 에 기절 해 버렸습니다 .,2019-11-26 03:28:14
883710,Resident Evil 2,positive,7에 이어서 훌륭한 호러를 장착한 서바이벌 게임입니다. 전작이나 후속작은 알 필요 없고 훌륭한 작품이었지만 애매하게 원작의 방향을 따라가면서 서사적인 장면들을 배제하는 바람에 어색한 관계가 더러 존재하고 2회차 역시 이런 부분을 해소하거나 새롭게 구성하지 못한 점은 아쉽게 느껴집니다.,7 에 이어서 훌륭한 호러 를 장 착한 서바이벌 게임 입니다 . 전작 이나 후속작 은 알 필요 없고 훌륭한 작품 이었지만 애매하게 원작 의 방향 을 따라가면서 서 사적 인 장면 들 을 배제 하는 바람 에 어색한 관계 가 더러 존재 하고 2회 차 역시 이런 부분 을 해소 하 거나 새롭게 구성 하지 못 한 점 은 아쉽게 느껴집니다 .,2019-11-24 20:05:02
883710,Resident Evil 2,positive,그냥 닥치고해,그냥 닥치고 해,2019-11-24 18:47:15
883710,Resident Evil 2,positive,b,b,2019-11-24 18:31:34
883710,Resident Evil 2,positive,awesome!!!!!!,awesome !!!!!!,2019-11-24 12:43:07
883710,Resident Evil 2,positive,진짜 몰입감 짱이에요 호러게임 무서우 신 분들 유트브 보면서 하세요 재미납니다,진짜 몰입 감 짱 이에요 호러 게임 무서우 신 분들 유트브 보면서 하세요 재미 납니다,2019-11-22 18:08:48
883710,Resident Evil 2,positive,"개 무서워,레알 존나 무서워...","개 무서워 , 레알 존나 무서워 ...",2019-11-21 21:23:03
883710,Resident Evil 2,positive,강추 또 강추 이런 게임은 그냥 하세요,강추 또 강추 이런 게임 은 그냥 하세요,2019-11-20 15:38:52
883710,Resident Evil 2,positive,플스로 이미 많이 즐겼지만 또 하고 싶어져서 스팀으로 구매함.,플스 로 이미 많이 즐겼지만 또 하고 싶어져서 스팀 으로 구매 함 .,2019-11-19 05:50:00
883710,Resident Evil 2,positive,사운드 좋은 헤드셋 끼고 하면 심장 쫄깃함 아니면 이어폰이나~ 공포게임 분위기 정 싫은데 하고 싶다 하면 난이도 지원에 소리만 낮춰도 그냥 슈팅게임 되기는 함,사운드 좋은 헤드셋 끼 고 하면 심장 쫄깃함 아니면 이어폰 이나 ~ 공포 게임 분위기 정 싫은데 하고 싶다 하면 난이도 지원 에 소리 만 낮춰도 그냥 슈팅게임 되 기는 함,2019-11-19 04:00:58
883710,Resident Evil 2,positive,볼륨이 조금 짧은 거 빼고는 뭐 깔게 없다.,볼륨 이 조금 짧은 거 빼고는 뭐 깔게 없다 .,2019-11-18 07:52:09
883710,Resident Evil 2,positive,갓ㅡㅡ겜,갓 ㅡㅡ 겜,2019-11-17 13:39:53
883710,Resident Evil 2,positive,훌륭한 리메이크,훌륭한 리메이크,2019-11-17 01:03:58
883710,Resident Evil 2,positive,처음 할때 적응하기 어려웠는데 해볼수록 재미가 늘어가네요.,처음 할 때 적응하기 어려웠는데 해볼수록 재미 가 늘어가네요 .,2019-11-16 17:50:07
883710,Resident Evil 2,positive,재미있는 게임은. 👻👻👻,재미있는 게임 은 . 👻👻👻,2019-11-16 17:45:24
883710,Resident Evil 2,positive,"스토리도 괜찮고, 게임도 확실히 공포게임같아서 진짜 좋았음. 근데 클레어 무기는 진짜 개사기인데 레온 무기가 너무 안 좋음. 그리고 동선도 더 많아서 처음 하시는 분들은 클레어를 먼저 하시고, 그 다음에 레온으로 플레이 하시는 걸 추천드림.","스토리 도 괜찮고 , 게임 도 확실히 공포 게임 같아서 진짜 좋았음 . 근데 클레어 무기 는 진짜 개 사기 인데 레온 무기 가 너무 안 좋음 . 그리고 동선 도 더 많아서 처음 하시는 분 들 은 클레어 를 먼저 하시고 , 그 다음 에 레온 으로 플레이 하시는 걸 추천 드림 .",2019-11-16 17:15:08
883710,Resident Evil 2,positive,장점은 레온의 의상과 클레어에 매력에 빠지게 돼어서 좋았던거 같네요 단점은 퍼즐이 조금 복잡하고 길찾는게 첫화차 하는분들한테는 조금 고생이 되실거예요,장점 은 레온 의 의상 과 클레어 에 매력 에 빠지게 돼어서 좋았던거 같네요 단점 은 퍼즐 이 조금 복잡하고 길 찾는게 첫 화차 하는 분 들 한테 는 조금 고생 이 되실거예요,2019-11-16 15:47:28
883710,Resident Evil 2,positive,주인공 캐릭터가 너무 느려터진거 빼곤 할만한게임,주인공 캐릭터 가 너무 느려 터진거 빼곤 할만 한게임,2019-11-15 23:10:38
883710,Resident Evil 2,positive,레온이 귀여움,레온 이 귀 여 움,2019-11-15 22:13:40
883710,Resident Evil 2,positive,확실히 원작이 명작이기도 한 만큼 리메이크도 원작 느낌을 잘 살려서 완성도 있게 마무리 잘 된거 같음. 다만 이상하게 2번 하기는 싫어짐...,확실히 원작 이 명작 이기도 한 만큼 리메이크 도 원작 느낌 을 잘 살려서 완성 도 있게 마무리 잘 된거 같음 . 다만 이상하게 2 번 하기는 싫어짐 ...,2019-11-15 06:59:25
883710,Resident Evil 2,positive,"명불허전의 바이오하자드2 , 바이오하자드3 , 베로니카만 리메이크해주면 완벽.....","명불허전 의 바이오하자드 2 , 바이오하자드 3 , 베로니카 만 리메이크 해주면 완벽 .....",2019-11-14 01:41:02
883710,Resident Evil 2,positive,"이 게임은 공포 게임이 아니다. 인벤토리와 창고, 동선을 관리하는 게임이다.","이 게임 은 공포 게임 이 아니다 . 인벤 토리 와 창고 , 동선 을 관리 하는 게임 이다 .",2019-11-13 04:14:43
883710,Resident Evil 2,positive,내가 했던 좀비게임중 원탑이다,내 가 했던 좀비 게임 중 원 탑 이다,2019-11-11 20:15:28
883710,Resident Evil 2,positive,리커는 칼로 썰어먹어야 제맛,리 커는 칼 로 썰어 먹어야 제 맛,2019-11-11 12:23:50
883710,Resident Evil 2,positive,재밌어요!,재밌어요 !,2019-11-10 23:08:40
883710,Resident Evil 2,positive,얼릉사라 친구들! 그래야 나머지 시리즈도 리메이크 해주지!!!,얼릉사 라 친구 들 ! 그 래야 나머지 시리즈 도 리메이크 해주지 !!!,2019-11-10 22:30:27
883710,Resident Evil 2,positive,재밌음,재밌음,2019-11-10 13:43:42
883710,Resident Evil 2,positive,"GOD GAME, GODCOM!","GOD GAME , GODCOM !",2019-11-08 00:10:04
883710,Resident Evil 2,positive,성공적인 리마스터링,성공 적 인 리 마스터링,2019-11-07 14:51:46
883710,Resident Evil 2,positive,아직도 저녁에 와이프옆에 없으면 무서워서 혼자못함;;,아직도 저녁 에 와이프 옆 에 없으면 무서워서 혼자 못 함 ;;,2019-11-07 00:25:14
883710,Resident Evil 2,positive,별로 안했지만 스피드런하기 좋은 게임,별로 안 했지만 스피드 런 하기 좋은 게임,2019-11-06 10:53:42
883710,Resident Evil 2,positive,good enough to,good enough to,2019-11-06 03:24:16
883710,Resident Evil 2,positive,재밌는데 존심지키겠다고 일반모드 하다가 지금 좀 지원모드로 바꾸고 싶어졌음 ㅠㅠ,재밌는데 존심 지키겠다고 일반 모드 하다가 지금 좀 지 원 모드 로 바꾸고 싶어졌음 ㅠㅠ,2019-11-05 20:48:33
883710,Resident Evil 2,positive,그냥 쵝오다...,그냥 쵝오 다 ...,2019-11-05 16:49:39
883710,Resident Evil 2,positive,10번이상 클리어한게임 매우 추천드립니다.,10 번 이상 클리어 한게임 매우 추천 드립니다 .,2019-11-05 16:22:07
883710,Resident Evil 2,positive,최적화도 잘돼있고 게임성이 훌륭하네요,최적화 도 잘 돼있고 게임 성 이 훌륭하네요,2019-11-05 13:43:19
883710,Resident Evil 2,positive,"바하 모든 시리즈를 다 해봤는데 하드코어 난이도가 그냥 게임이 아니무니다. 5,6,레벨레이션 들은 한번 다운시키면 죽는것을 보여주는데 권총으로 헤드만 5발씩 3번 다운시켜야 죽네요. 하드코어모드 클리어하려는데 클레어 플레이시 초반에 문 열자마자 바로 달려드는 좀비때문에 허브미션이 힘드네요. 달리기가 느리기도 하지만 정확하게 맵을 다 알고 있지 않다면 천천히 하나씩 해보시는걸 추천합니다. 재미는 있어요, 다만 좀비게임 초짜들에게는 비추천해야할정도로 어렵다는게 문제지만요.","바하 모든 시리즈 를 다 해봤는데 하드코어 난이도 가 그냥 게임 이 아니 무니 다 . 5 , 6 , 레벨 레이 션 들은 한번 다운 시키면 죽는것을 보여주는데 권총 으로 헤드 만 5 발 씩 3 번 다운 시켜야 죽네요 . 하드코어 모드 클리어 하려는데 클레어 플레이 시 초반 에 문 열 자마자 바로 달려드는 좀비 때문 에 허브 미션 이 힘드네요 . 달리기 가 느리 기도 하지만 정확하게 맵 을 다 알 고 있지 않다면 천천히 하나 씩 해보시는걸 추천 합니다 . 재미 는 있어요 , 다만 좀비 게임 초 짜들에게는 비추 천해 야할 정도 로 어렵다는게 문 제지 만 요 .",2019-11-04 13:49:51
883710,Resident Evil 2,positive,스토리 연출 정말 끝판왕 클레어로 우선 클리어 했는데 1주일만에 다 깨버리고 레지던트이블7 질러버렸음 어마무시하게 잘만든 게임 장시간 게임하다보면 등골이 오싹해짐... 공포게임을 즐겨하지 않아서 고민많이 하다 할로윈을 기다리다 구매했는데 적절한 공포와 퍼즐 액션등이 가미된 최고의 게임임. 어렷을때 파판7같은 명작게임 클리어했을때 그 느낌을 느끼고 싶다면 ㄲㄲㄲ,스토리 연출 정말 끝판 왕 클레어 로 우선 클리어 했는데 1 주일 만에 다 깨 버리고 레지던트이블 7 질러 버렸음 어마 무시 하 게 잘만 든 게임 장시간 게임 하다 보면 등골 이 오싹해 짐 ... 공포 게임 을 즐겨하지 않아서 고민 많이 하다 할로윈 을 기다리다 구매 했는데 적절한 공포 와 퍼즐 액션 등 이 가미 된 최고 의 게임 임 . 어렷을때 파판 7 같은 명작 게임 클리어 했을 때 그 느낌 을 느끼고 싶다면 ㄲㄲㄲ,2019-11-04 10:03:47
883710,Resident Evil 2,positive,진짜같은 좀비들 때문에 몰입도가 높음. 탄약없을떈 도망치면서 해야하는데 어느정도 진행이 됨 하지만 탄약이 남으면 다 죽이고 가고 싶어짐 퍼즐요소 때문에 갔던 장소 또가는 경우가 많은데 죽였던 좀비나 진행에따라 릭커 같은놈들이 스폰되있음. 그로인해 거의 항시 긴장상태로 진행 하게 됨. 잘만든듯.. 망할 타이런트 때문에 쫄리고 가야할 장소를 못 가서 플레이 타임이 길어짐 할로윈 이벤트로 반값에 사서 했는데 며칠 재밌게 했다.,진짜 같은 좀비 들 때문 에 몰입도 가 높음 . 탄약 없을 떈 도망치면서 해야하는데 어느 정도 진행 이 됨 하지만 탄약 이 남으면 다 죽 이고 가고 싶어 짐 퍼즐 요소 때문 에 갔던 장소 또 가는 경우 가 많은데 죽였던 좀비 나 진행 에 따라 릭커 같은 놈 들 이 스폰 되있음 . 그로 인해 거의 항시 긴장 상태 로 진행 하게 됨 . 잘 만든듯 .. 망할 타 이런 트 때문 에 쫄리 고 가야 할 장소 를 못 가서 플레이 타임 이 길어짐 할로윈 이벤트 로 반값 에 사서 했는데 며칠 재밌게 했다 .,2019-11-04 07:55:33
883710,Resident Evil 2,positive,씨ㅡ발 대가리 딱대라,씨 ㅡ 발 대가리 딱 대라,2019-11-04 01:11:19
883710,Resident Evil 2,positive,RNE,RNE,2019-11-03 23:02:24
883710,Resident Evil 2,positive,꿀잼,꿀잼,2019-11-03 16:07:04
883710,Resident Evil 2,positive,현실적인.. 최적화 굳.. 공포...,현실 적 인 .. 최적화 굳 .. 공포 ...,2019-11-03 00:09:03
883710,Resident Evil 2,positive,호러게임 잘안하는데 정말 잘만든게임입니다. 스토리며 분위기며 공포요소 잘살렸고 마지막 보스전이 살짝 아쉽지만 그것빼고는 정말 재밌게했습니다!,호러 게임 잘안하는데 정말 잘만 든 게임 입니다 . 스토리 며 분위기 며 공포 요소 잘 살렸고 마지막 보스 전이 살짝 아쉽지만 그것 빼고는 정말 재밌게 했습니다 !,2019-11-02 21:33:41
883710,Resident Evil 2,positive,진짜 초반엔 심장 쫄깃하게 무서움 ㅋㅋ.. 갓겜,진짜 초반 엔 심장 쫄깃하 게 무서움 ㅋㅋ .. 갓 겜,2019-11-02 20:47:04
883710,Resident Evil 2,positive,타일런트 개새끼 똥개새끼 개새끼 좀비새끼 개새끼 아주그냥 전부다 개새끼,타일 런트 개새끼 똥개 새끼 개새끼 좀비 새끼 개새끼 아주 그냥 전부 다 개새끼,2019-11-02 12:58:41
883710,Resident Evil 2,positive,단점 : 결국 시나리오의 큰 틀이 변할 수 없으니 바이오하자드 2의 결말을 아는 사람으로선 두근거림이 덜하다. 장점 : ↑ 라고 생각해서 방심하면 한방 먹는다.,단점 : 결국 시나리오 의 큰 틀 이 변할 수 없으니 바이오하자드 2 의 결말 을 아는 사람 으로선 두근거림이 덜하다 . 장점 : ↑ 라고 생각 해서 방심하면 한 방 먹는다 .,2019-11-02 02:30:07
883710,Resident Evil 2,positive,재밌음 진엔딩봤는데 셰리 사패임? 엔딩왜이래,재밌음 진 엔딩 봤는데 셰리 사 패임 ? 엔딩 왜 이래,2019-11-01 17:36:49
883710,Resident Evil 2,positive,d,d,2019-10-31 19:35:41
883710,Resident Evil 2,positive,ㄱㄱ,ㄱㄱ,2019-10-29 22:19:42
883710,Resident Evil 2,positive,심장에 안좋음,심장 에 안좋음,2019-10-29 20:02:30
883710,Resident Evil 2,positive,굿잼,굿잼,2019-10-29 16:40:44
883710,Resident Evil 2,positive,갓겜,갓 겜,2019-10-29 11:37:37
883710,Resident Evil 2,positive,처음할땐 너무 무서워서 아 왜삿지 진짜 후회많이했고 하다보니 점점 공포감도 익숙해지고 공략보면서 꾸준히 하다 일반 하드코어 모두 s+클리어 할줄은 몰랐는데 정말재밌고 클레어 레온이 루트가 비슷하긴한데 정말 재밌고 지루하지 않게했네요 이런 식으로 리메이크 쭉해주시면 앞으로도 계속할거같네요 캡콤,처음 할 땐 너무 무서워서 아 왜삿 지 진짜 후회 많이 했고 하다 보니 점점 공포 감도 익숙해지고 공략 보면서 꾸준히 하다 일반 하드코어 모두 s + 클리어 할줄은 몰랐는데 정말 재밌고 클레어 레온 이 루트 가 비슷하긴한데 정말 재밌고 지루하지 않게 했네요 이런 식 으로 리메이크 쭉 해주시면 앞 으로도 계속 할거 같네요 캡콤,2019-10-26 10:19:06
883710,Resident Evil 2,positive,총알이 적고 계산하는게 귀찮다? 일단 6000원짜리 DLC를 구입하세요. 그리고 MP5와 AT4를 장비하세요. 그리고 좀비들을 죽이세요. 그럼 이제 액션겜. 당신도 6000원(부과세 미포함)만 있으면 더이상 쫄지 않아도 됩니다.,총알 이 적고 계산 하는게 귀찮다 ? 일단 6000원 짜리 DLC 를 구입 하세요 . 그리고 MP 5 와 AT 4 를 장비 하세요 . 그리고 좀비 들 을 죽이세요 . 그럼 이제 액션 겜 . 당신 도 6000원 ( 부 과세 미 포함 ) 만 있으면 더 이상 쫄 지 않아도 됩니다 .,2019-10-25 09:00:58
883710,Resident Evil 2,positive,플스4로도 즐겼다.. 하지만 모드를 포기 할 수 없었다. 지겨운 스킨에서 벗어나서. 누드.섹시한 클레어. 아이다. 등 다양한 스킨을 사용하여 즐겼다. 잼있다.. 퀄리티도 뛰어나다. 당연 꿀잼,플스 4 로 도 즐겼다 .. 하지만 모드 를 포기 할 수 없었다 . 지겨운 스킨 에서 벗어나서 . 누드 . 섹시한 클레어 . 아이 다 . 등 다양한 스킨 을 사용 하여 즐겼다 . 잼있다 .. 퀄리티 도 뛰어나다 . 당 연 꿀잼,2019-10-25 05:59:42
883710,Resident Evil 2,positive,밀폐된 공간에서 진행되는 초반부는 정말 좋았으나 하수구가 너무 싫었다.,밀폐 된 공간 에서 진행 되는 초반 부는 정말 좋았으나 하수 구가 너무 싫었다 .,2019-10-23 18:25:35
883710,Resident Evil 2,positive,타이런트 나오고 나서 못하겠음. 무섭다기 보다는 본인의 무력함에 대한 짜증?ㅋㅋ,타 이런 트 나오고 나서 못 하겠음 . 무섭다기 보다는 본인 의 무력함에 대한 짜증 ? ㅋㅋ,2019-10-23 11:42:48
883710,Resident Evil 2,positive,리메이크1 3 도 출시하리라 믿는다 이상한 프로젝트 레지스턴스 이딴거 만들지말고 제발 리메이크2는 ㅆㅅㅌㅊ니까 추천박고감,리메이크 1 3 도 출시하리라 믿는다 이상한 프로젝트 레지스턴스 이딴 거 만들지말고 제발 리메이크 2 는 ㅆㅅㅌㅊ 니까 추천 박고 감,2019-10-21 13:42:50
883710,Resident Evil 2,positive,갓 - 겜,갓 - 겜,2019-10-17 02:55:19
883710,Resident Evil 2,positive,솔직히 좀비 소리보다 쿵쾅소리가 더 무서워요 ;;,솔직히 좀비 소리 보다 쿵쾅 소리 가 더 무서워요 ;;,2019-10-16 21:00:45
883710,Resident Evil 2,positive,머머리 형님 나오니 무서워서 못하겠다,머 머리 형님 나오니 무서워서 못 하겠다,2019-10-10 15:10:42
883710,Resident Evil 2,positive,최고에요,최고 에요,2019-10-09 01:56:08
883710,Resident Evil 2,positive,저는 공포게임 좋아하는 편이데 그래픽도좋고 스토리도 나쁘지않은 몰입감이었어요 추천합니다.,저 는 공포 게임 좋아하는 편이 데 그래픽 도 좋고 스토리 도 나쁘지 않은 몰입 감이었어요 추천 합니다 .,2019-10-08 21:52:39
883710,Resident Evil 2,positive,음 쩃든 타일런트 개무서움 게임 가서 확인 해보시게 !>@,음 쩃 든 타일 런트 개 무서움 게임 가서 확인 해보시게 !>@,2019-10-05 00:43:28
883710,Resident Evil 2,positive,락커룸 시체 ㅅㅂ,락커룸 시체 ㅅㅂ,2019-10-04 06:25:25
883710,Resident Evil 2,positive,리메이크에 새 지평을 열어준 레지던트이블2 리메 !! 정말 그래픽 공포성 재미 스토리가 좀 아쉽긴 했지만 그래도 공포라는 요소를 잘표현했으며 옛추억을 다시 생각하게끔은 해주는 요소를 적절히 믹스한 리메이크로서는 최고! 인듯 싶다 . 정말 잘만든 리메이크가 이거다 !! 라고 보여주는 최고의 작품 절대로 레지던트이블2에 추억이 있는 사람이라면은 절대로 후회하지 않을 제품인것만큼은 후회하지않는다 . 거기다라 DLC는 공짜란 말이다 ..무엇이 더 말이 필요한가 필구 구매각인 작품이다,리메이크 에 새 지평 을 열어 준 레지던트이블 2 리메 !! 정말 그래픽 공포 성 재미 스토리 가 좀 아쉽긴 했지만 그래도 공포 라는 요소 를 잘 표현 했으며 옛 추억 을 다시 생각 하게 끔은 해주는 요소 를 적절히 믹스 한 리메이크 로서 는 최고 ! 인듯 싶다 . 정말 잘만 든 리메이크 가 이 거 다 !! 라고 보여주는 최고 의 작품 절대로 레지던트이블 2 에 추억 이 있는 사람 이라면은 절대로 후회 하지 않을 제품 인 것 만큼은 후회 하지 않는다 . 거기 다라 DLC 는 공짜 란 말 이다 .. 무엇 이 더 말 이 필요한가 필구 구매 각인 작품 이다,2019-09-26 18:39:10
883710,Resident Evil 2,positive,너무 무서운대 .. 엔딩 봐야하는데 .. 좀비가 너무 싫다 ..,너무 무서운대 .. 엔딩 봐야하는데 .. 좀비 가 너무 싫다 ..,2019-09-22 22:00:47
883710,Resident Evil 2,positive,잼있어요~,잼있어요 ~,2019-09-16 18:35:57
883710,Resident Evil 2,positive,클레어는 무기개사기다,클레어 는 무기 개 사기 다,2019-09-15 22:16:54
883710,Resident Evil 2,positive,총을 맞으면 좀 죽으라고,총 을 맞으면 좀 죽으라고,2019-09-14 21:22:44
883710,Resident Evil 2,positive,"재밌고 막 무섭다 까진 않아서 깰 수는 있는데, 탄약 부족 때문에 무서운 상황이 몇몇 존재하더라. 그래서 다 깨진 못했는데 재밌었다.","재밌고 막 무섭다 까진 않아서 깰 수 는 있는데 , 탄약 부족 때문 에 무서운 상황 이 몇몇 존재 하더라 . 그래서 다 깨진 못 했는데 재밌었다 .",2019-09-13 19:39:08
883710,Resident Evil 2,positive,"장점이 너무 많다. 리메이크의 표본이자 교과서가 될 작품이다. 에이다 누님은 졸124라 예쁘고, 레온이도 잘 생겼고 클레어도 예뻤음.. 두한이도 존재감이 대단해서 뭐라 표현을 못하겠다. 게임하면서 6할 정도는 두한이 때문에 놀란듯.. 게임이 이 정도였으면 정가를 주고도 남았을텐데, 할인할 때 사서 하는거라 그런지 제값하는 걸 넘어서는 기분이다.","장점 이 너무 많다 . 리메이크 의 표본 이자 교과서 가 될 작품 이다 . 에이 다 누님 은 졸 124 라 예쁘고 , 레온 이 도 잘 생겼고 클레어 도 예뻤음 .. 두 한 이도 존재 감 이 대단해서 뭐라 표현 을 못 하겠다 . 게임 하면서 6 할 정도 는 두 한 이 때문 에 놀란듯 .. 게임 이 이 정도 였으면 정가 를 주 고도 남았을텐데 , 할인 할 때 사서 하는거라 그런지 제 값 하 는 걸 넘어서는 기분 이다 .",2019-09-13 03:34:59
883710,Resident Evil 2,positive,무서운데 재밌어서 계속하고 싶은 게임,무서운데 재밌어서 계속 하고 싶은 게임,2019-09-11 23:54:47
883710,Resident Evil 2,positive,플레이 타임이 모든걸 설명합니다,플레이 타임 이 모든 걸 설명 합니다,2019-09-11 16:40:39
883710,Resident Evil 2,positive,갓겜,갓 겜,2019-09-09 22:17:01
883710,Resident Evil 2,positive,.,.,2019-08-31 15:24:43
883710,Resident Evil 2,positive,김두한 떄문에 깜놀 많이함;; 개꿀잼이었음,김두한 떄문 에 깜놀 많이 함 ;; 개꿀 잼이었음,2019-08-26 09:39:17
883710,Resident Evil 2,positive,원작의 재핑시스템 삭제를 왜 했는지 이해가안됨~~ 그거 말고는 리메이크는 이렇게 하는거다~~ 라는걸 잘보여준 작품~~^^,원작 의 재핑 시스템 삭제 를 왜 했는지 이해 가 안됨 ~~ 그거 말고는 리메이크 는 이렇게 하는거다 ~~ 라 는걸 잘 보여준 작품 ~~^^,2019-08-19 19:41:46
883710,Resident Evil 2,positive,"1회차 한정 심장마비로 쓰러질지도 모르는 최적화 갓겜 맵 재탕이 너무 심하고, 1 2회차로 나눠지지만 이전 캐릭터와의 연결점을 대부분 삭제해버려서 아쉽다.","1회 차 한정 심장마비 로 쓰러질지도 모르는 최적화 갓 겜 맵 재탕 이 너무 심하고 , 1 2회 차로 나눠지지만 이전 캐릭터 와의 연 결점 을 대부분 삭제 해 버려서 아쉽다 .",2019-08-19 14:35:25
883710,Resident Evil 2,positive,존나 무섭네 +) 레온편 다깸 2019 11월 30일,존나 무섭네 +) 레온 편 다 깸 2019 11월 30일,2019-08-18 16:40:01
883710,Resident Evil 2,positive,바이오하자드 시리즈를 매우 좋아하지만. 이번건 그래픽면에서는 최고였다고 할수있고. 기존에 있던 작품을 리메이크 한거라서 그런지.. 캐릭터는 좀 뭔가 만들다말은 엉성한 느낌이든다. 거기다가 호러 액션.어드벤쳐이면. 무기 종류가 많아야 하는데. 좀 많이 없는거 같다. 바하에 문제가 무기 종류가 별로인게 문제.. 그리고 플레이할 캐릭터가 더 많았으면 좋은데 dlc 에 추가 캐릭 말고 본편에 많았으면 좋았을듯 싶다. 다음편 바이오하자드 3편 리메이크 작이 나오면 이번꺼보다 매우 좋기를 기대해 본다. 게임 자체는 공포게임답게 무섭고 재밌었다,바이오하자드 시리즈 를 매우 좋아하지만 . 이번 건 그래픽 면 에서는 최고 였다고 할수있고 . 기존 에 있던 작품 을 리메이크 한 거 라서 그런지 .. 캐릭터 는 좀 뭔가 만들다말은 엉 성한 느낌 이든 다 . 거기 다가 호러 액션 . 어드벤쳐 이 면 . 무기 종류 가 많아야 하는데 . 좀 많이 없는거 같다 . 바하 에 문제 가 무기 종류 가 별로 인게 문제 .. 그리고 플레이 할 캐릭터 가 더 많았으면 좋은데 dlc 에 추가 캐릭 말고 본 편 에 많았으면 좋았을듯 싶다 . 다음 편 바이오하자드 3 편 리메이크 작 이 나오면 이번 꺼 보다 매우 좋 기를 기대해 본다 . 게임 자체 는 공포 게 임답게 무섭고 재밌었다,2019-08-18 00:23:01
883710,Resident Evil 2,positive,그저 갓-겜,그저 갓 - 겜,2019-08-16 15:24:50
883710,Resident Evil 2,positive,리메이크는 이렇게하는것.,리메이크 는 이렇게 하는것 .,2019-08-16 06:02:29
883710,Resident Evil 2,positive,"[플탐 60시간, 도전과제 완료] [h1] 성공적인 리메이크 : 레지던트 이블 2 RE [/h1] 레지던트 이블/바이오하자드.. 굉장히 유명한 시리즈이지만 저처럼 좀비 게임 팬이 아닌 많은 분들은 눈팅만 했을텐데요. 츄라이 츄라이! 왜냐구요? 저도 이게 제 처음 바하 시리즈거든요. 데모로 한 번 해봤다가 그래픽이 딱 제 취향이라 정가 구매했습니다. 장점 - 1. 눈 호강을 할 수 있습니다. 그래픽도 너무 좋고 모델링이 너무 잘 되어서 게임하는 맛이 납니다. 물론 좀비도 외형이 같이 업그레이드 되었다는 단점이 있긴 하지만요. 2","[ 플 탐 60시간 , 도전 과제 완료 ] [ h 1 ] 성공 적 인 리메이크 : 레지던트 이블 2 RE [/ h 1 ] 레지던트 이블 / 바이오하자드 .. 굉장히 유명한 시리즈 이지만 저 처럼 좀비 게임 팬 이 아닌 많은 분 들 은 눈팅 만 했을텐데요 . 츄 라이 츄 라이 ! 왜냐구요 ? 저 도 이 게 제 처음 바하 시리즈 거든요 . 데모 로 한 번 해봤다가 그래픽 이 딱 제 취향 이라 정가 구매 했습니다 . 장점 - 1 . 눈 호강 을 할 수 있습니다 . 그래픽 도 너무 좋고 모델링 이 너무 잘 되어서 게임 하는 맛 이 납니다 . 물론 좀비 도 외형 이 같이 업그레이드 되었다는 단점 이 있긴 하지 만요 . 2",2019-08-13 12:17:17
883710,Resident Evil 2,positive,"데저트 이글, 충성충성 ^^7","데저트 이글 , 충성 충성 ^^ 7",2019-08-13 10:46:16
883710,Resident Evil 2,positive,은근 무서움 흑백으로 하면 더무서움,은근 무서움 흑백 으로 하면 더 무서움,2019-08-10 07:03:16
883710,Resident Evil 2,positive,재미있당 다른버전 또하고싶당. 난이도 올려서 해볼깡 재미있당..,재미있당 다른 버전 또 하고싶당 . 난이도 올려서 해볼 깡 재미있당 ..,2019-08-08 19:44:08
883710,Resident Evil 2,positive,저는 이게임하면 생각 낫습니다 이게임은 1998년떄 만든게임 에도 그래픽이 좋았고 재밌가있는데 이번 바하2는 엄청 잘만들었습니다 저가 기존에 4월딸에 바하 3리메이크 출시하고 한번 바하 2하고 바하 3 평가을 해봤습니다 저는 진짜 개인적을로 바하 2 는 명작이다 이거는 진짜 갓겜이다 기존에 바하2 리메이크 하기전에 안무서운데 이번 바하2 리메이크는 더욱더 무섭고 어려워졌습니다 초보분들은 이걸 처음할떄는 허브을 많쓸거니다 이걸 많이 한분들은 좀비가 아주 싫은지 이게임이 보여줄겁니다 바하2 한번 해보세요 재밌없다고 하지마세요,저 는 이 게임 하 면 생각 낫습니다 이 게임 은 1998년 떄 만든 게임 에도 그래픽 이 좋았고 재밌가있는데 이번 바하 2 는 엄청 잘 만들었습니다 저가 기존 에 4월 딸에 바하 3 리메이크 출시 하고 한번 바하 2 하고 바하 3 평 가을 해봤습니다 저 는 진짜 개인 적을로 바하 2 는 명작 이다 이 거 는 진짜 갓 겜 이다 기존 에 바하 2 리메이크 하기전에 안 무서운데 이번 바하 2 리메이크 는 더욱더 무섭고 어려워졌습니다 초보 분들 은 이 걸 처음할떄 는 허브 을 많 쓸거니다 이 걸 많이 한 분 들 은 좀비 가 아주 싫은지 이 게임 이 보여줄 겁니다 바하 2 한번 해보세요 재밌 없다고 하지 마세요,2019-08-07 18:17:47
883710,Resident Evil 2,positive,"경찰서에 들어가며 공포가 시작되고, 샷건을 얻으며 공포는 끝난다","경찰서 에 들어가며 공포 가 시작 되고 , 샷건 을 얻으며 공포 는 끝난다",2019-08-07 12:29:25
883710,Resident Evil 2,positive,10/10 진짜 이걸로 설명끝. 상상 이상의 재미ㅜㅜ 타일런스는 무서웠지만 ㄹㅇ 꿀잼~ 길찾는거 꼭 지도 참고하는 걸 추천!! 다 외우지 않는이상 헷갈리기 좀 쉽더라구염 지원모드하면 너무 쉽다 그래서 처음부터 일반했는데 일반해도 괜찮.....총알은 처음시작부터는 아껴아껴서 계~~~속 모으는거 진짜 중요해여 안그럼 나중에 후회ㅜㅜ////,10/10 진짜 이 걸 로 설명 끝 . 상상 이상 의 재미 ㅜㅜ 타 일 런스 는 무서웠지만 ㄹㅇ 꿀잼 ~ 길 찾는거 꼭 지도 참고 하는 걸 추천 !! 다 외우지 않는 이상 헷갈리기 좀 쉽더라 구 염 지 원 모드 하 면 너무 쉽다 그래서 처음 부터 일반 했는데 일반 해도 괜찮 ..... 총알 은 처음 시작 부터는 아껴 아껴서 계 ~~~ 속 모으는거 진짜 중요해여 안 그럼 나중 에 후회 ㅜㅜ ////,2019-08-04 17:47:42
883710,Resident Evil 2,positive,"오리지널을 안해봐서 모르겠지만 4를 해봤을때 비교하면 정말 재밌습니다 4가 인생겜 중 하나인데 역시 그만큼 재밌네요 그런데 플스? 랑 비교하면 컴이 컨은 쉬운데 좀비들이 나를 보고 안보고 차이, 리퍼가 칼빵에 경직을 받고 안받고 차이가 아쉽긴 하네요","오 리지 널 을 안 해봐서 모르겠지만 4 를 해봤을 때 비교 하면 정말 재밌습니다 4 가 인생 겜 중 하나 인데 역시 그만큼 재밌네요 그런데 플스 ? 랑 비교 하면 컴 이 컨 은 쉬운데 좀비 들 이 나를 보고 안보 고 차이 , 리퍼 가 칼빵 에 경직 을 받고 안 받고 차이 가 아쉽긴 하네요",2019-08-04 10:46:20
883710,Resident Evil 2,positive,"어릴적 친구네 집에 놀러갔을 때 친구의 아버지가 바이오하자드를 하고있었다. 경찰서에 다친 사람이 있고, 복도를 지나면 뇌머리 괴물이 튀어나오며, 버스를 지나는 장면들이 기억난다. 그리고 지금 레지던트이블2 리메이크를 하고있자니 그 때 그 기억들이 겹쳐지며 향수를 불러일으킨다. 원작을 잘 살리며 더 높은 수준으로 끌러올린 이 게임은 칭찬해줄 만하다. 평범한 플레이어라면 레온과 클레어를 합쳐 15시간 전후로 게임이 끝난다. 추가로 탈출미션 등이 있지만 스토리를 중심으로 플레이하는 사람이라면 길지만은 않은 플레이타임을 감안하고 구매하자","어릴 적 친구 네 집 에 놀러 갔을 때 친구 의 아버지 가 바이오하자드 를 하고있었다 . 경찰서 에 다친 사람 이 있고 , 복도 를 지나면 뇌 머리 괴물 이 튀어나오며 , 버스 를 지나는 장면 들 이 기억난다 . 그리고 지금 레지던트이블 2 리메이크 를 하고 있자니 그 때 그 기억 들 이 겹 쳐지며 향수 를 불러일으킨다 . 원작 을 잘 살리며 더 높은 수준 으로 끌러 올린 이 게임 은 칭찬 해줄 만하 다 . 평범한 플레이어 라면 레온 과 클레어 를 합쳐 15시간 전후 로 게임 이 끝난다 . 추가 로 탈출 미션 등 이 있지만 스토리 를 중심 으로 플레이 하는 사람 이 라면 길지만은 않은 플레이 타임 을 감안 하고 구매 하자",2019-07-31 22:02:29
883710,Resident Evil 2,positive,인생 최초로 엔딩 본 공포겜 진짜 역대급 명작이다,인생 최초 로 엔딩 본 공포 겜 진짜 역대 급 명작 이다,2019-07-30 07:27:14
883710,Resident Evil 2,positive,정가주고 사도 전혀 아깝지 않은 갓겜. 복장이랑 클래식 배경음악을 DLC로 내놓은건 좀 그렇지만 심여를 기울여서 게임과 잘 어울리게 만들었으니 노고를 알아줘야 한다고 생각함. 바이오하자드3 리메이크는 바이오하자드2 리메이크 생각하면 실패작이 맞는거 같음.,정가 주고 사도 전혀 아깝지 않은 갓 겜 . 복장 이랑 클래식 배경음악 을 DLC 로 내놓은 건 좀 그렇지만 심 여 를 기울여서 게임 과 잘 어울리게 만들었으니 노고 를 알아줘야 한다고 생각 함 . 바이오하자드 3 리메이크 는 바이오하자드 2 리메이크 생각 하면 실패 작 이 맞는거 같음 .,2019-07-30 01:10:10
883710,Resident Evil 2,positive,언제부턴가 이 게임만 이상하게 엑스박스 패드인식을 안하는데 왜 그럴까요 ㅠ,언제 부턴 가 이 게임 만 이상하게 엑스박스 패드 인식 을 안 하는데 왜 그럴까 요 ㅠ,2019-07-29 17:54:14
883710,Resident Evil 2,positive,매우 재밌게 했습니다. 기대작이었는데 역시나 만족했습니다. 미스터 X가 참 귀여운 게임입니다.,매우 재밌게 했습니다 . 기 대작 이었는데 역시 나 만족했습니다 . 미스터 X 가 참 귀여운 게임 입니다 .,2019-07-28 19:11:59
883710,Resident Evil 2,positive,"The RE/BH 2 is so awesome and game play or system to play is very comfortable. 9.0 About the story game doesn’t to much to say is look like a copy/paste. 7.0 The acción/event is so work in the game and the mode standard/hardcore impressive, like intensive and evasive... CAPCOM make a nice job in th","The RE / BH 2 is so awesome and game play or system to play is very comfortable . 9.0 About the story game doesn ’ t to much to say is look like a copy / paste . 7.0 The acci ó n / event is so work in the game and the mode standard / hardcore impressive , like intensive and evasive ... CAPCOM make a nice job in th",2019-07-25 23:38:13
883710,Resident Evil 2,positive,캡콤 요즘 왜이리 열일하는지. 제가 플레이해본 캡콘게임중에 제일 잘만든거 같네요.,캡콤 요즘 왜 이리 열 일하는지 . 제 가 플레이 해본 캡콘 게임 중 에 제일 잘 만든거 같네요 .,2019-07-22 21:17:23
883710,Resident Evil 2,positive,여기 불매충있나요 혹시?,여기 불매 충 있나요 혹시 ?,2019-07-22 12:30:25
883710,Resident Evil 2,positive,"엄청난 그래픽, 연출 + 명작 그대로의 스토리 갓겜인건 확실하다. 다만 재핑 시스템이 너무 아쉽다 원작에선 있었다고 들은듯 한데... EX) 레온이 무슨 템 안먹고 가면, 클레어 플레이시 남는다던가 있었다면 게임 몰입에 훨씬 도움이 되었을거 같다. 그리고 클레어, 레온 스토리가 크~게 다르지 않은 것도 아쉽다... 다회차 지향이었다면 플탐도 더 늘어나고, 원가가 안아까운 명작이였을텐데 5만원 제 값주고 사라고는 추천 못하겠다. 그럼에도 불구하고 초회차 한정 게임 몰입도와 공포감은 해본 게임들 중 손가락에 꼽을 정도이다. 초회차","엄청난 그래픽 , 연출 + 명작 그대로 의 스토리 갓 겜 인 건 확실하다 . 다만 재핑 시스템 이 너무 아쉽다 원작 에선 있었다고 들은 듯 한데 ... EX ) 레온 이 무슨 템 안 먹고 가면 , 클레어 플레이 시 남는다던가 있었다면 게임 몰입 에 훨씬 도움 이 되었을거 같다 . 그리고 클레어 , 레온 스토리 가 크 ~ 게 다르지 않은 것 도 아쉽다 ... 다 회차 지향 이었다면 플 탐도 더 늘어나고 , 원가 가 안 아까운 명작 이 였을텐데 5만원 제 값 주고 사 라고는 추천 못 하겠다 . 그럼에도 불구 하고 초회차 한정 게임 몰입도 와 공포 감은 해본 게임 들 중 손가락 에 꼽 을 정도 이다 . 초회차",2019-07-21 03:53:38
883710,Resident Evil 2,positive,준내 재밌습니다,준내 재밌습니다,2019-07-18 05:03:36
883710,Resident Evil 2,positive,고민 하지말고 사라 가격이 아깝지 않타 정말 잼잇다,고민 하지말고 사라 가격 이 아깝지 않 타 정말 잼 잇다,2019-07-17 23:22:18
883710,Resident Evil 2,positive,정의가 나를 이끈다,정의 가 나를 이끈다,2019-07-17 13:28:26
883710,Resident Evil 2,positive,6부터 시작해서 4 5만 해봤던 저로서는 초창기 바이오하자드가 어떤 게임인지 잘 몰랐는데 이런 게임이었네요...... 처음 했을 때는 엄청 무서웠습니다. 그래서 더 재미있었구요. 온리 싱글 게임이라 도전과제 깨는 맛도 쏠쏠했구요. 정가 주고 샀지만 후회 없는 게임이었습니다. 클레어도 이뻐용.,6 부터 시작 해서 4 5만 해봤던 저 로서 는 초창 기 바이오하자드 가 어떤 게임 인지 잘 몰랐는데 이런 게임 이었네요 ...... 처음 했을 때 는 엄청 무서웠습니다 . 그래서 더 재미있었구요 . 온리 싱글 게임 이라 도전 과제 깨는 맛 도 쏠쏠했구요 . 정가 주고 샀지만 후회 없는 게임 이었습니다 . 클레어 도 이뻐용 .,2019-07-16 06:03:10
883710,Resident Evil 2,positive,"처음으로 접한 레지던트이블(바하) 시리즈였는데 , 예상외로 굉장히 재밌어서 놀랐다 스토리가 굉장히 중구난방으로 튀고 매우 뻔한 전개로 진행되지만 이 겜은 스토리보단 '생존'에 더 중점을 맞춘다. 맵 구석구석을 돌아다니며 퍼즐을 풀고 총알을 구해야하며 동시에 느릿느릿하면서도 떼로 몰려드는 좀비들을 피해다니는게 아ZU 개꿀띠하다. 덤으로 빅쇼아저씨 만한 타이런트 라는 녀석과 더불어 팔에 기생수 키우는 아저씨 , 생긴것만으로도 공포감 오질나게 조성하는 리커까지 미니보스면 미니보스, 후반부 보스까지 좀비 개체수도 알차다. 특히 나","처음 으로 접 한 레지던트이블 ( 바하 ) 시리즈 였는데 , 예상외 로 굉장히 재밌어서 놀랐다 스토리 가 굉장히 중구 난방 으로 튀고 매우 뻔한 전개 로 진행 되지만 이 겜 은 스토리 보단 ' 생존 ' 에 더 중점 을 맞춘다 . 맵 구석구석 을 돌아다니며 퍼즐 을 풀 고 총알 을 구해 야하며 동시 에 느릿느릿 하면서도 떼 로 몰려드는 좀비 들 을 피해 다니는게 아 ZU 개꿀띠 하 다 . 덤 으로 빅쇼 아저씨 만 한 타 이런 트 라는 녀석 과 더불어 팔 에 기생수 키우는 아저씨 , 생긴것만으로도 공포 감 오질나게 조성하 는 리 커까지 미니 보스 면 미니 보스 , 후반 부 보스 까지 좀비 개체 수도 알차다 . 특히 나",2019-07-12 15:56:28
883710,Resident Evil 2,positive,이게 리메이크다 라는걸 확실하게 보여준 게임. 허나 레온과 클레어가 각각 다른 시간선으로 플레이 되었으면 더 좋았을 것 같다.,이 게 리메이크 다 라 는걸 확실하게 보여준 게임 . 허나 레온 과 클레어 가 각각 다른 시 간선 으로 플레이 되었으면 더 좋았을 것 같다 .,2019-07-12 13:04:25
883710,Resident Evil 2,positive,"하고 싶어서 샀는데, 나에게는 너무 어렵다. 만일, 현실이었다면, 나는 좀비 한 마리도 못 죽이고 죽었을 것이다. p.s. 90시간 이상 게임 후에 나는 어려워서 못한 게 아니라 무서워서 못한 것이란 걸 깨달았다. 하지만, 여전히 무섭다.","하고 싶어서 샀는데 , 나 에게는 너무 어렵다 . 만일 , 현실 이었다면 , 나 는 좀비 한 마리 도 못 죽 이고 죽었을 것 이다 . p . s . 90시간 이상 게임 후 에 나 는 어려워서 못 한 게 아니라 무서워서 못 한 것 이란 걸 깨 달았다 . 하지만 , 여전히 무섭다 .",2019-07-09 21:03:04
883710,Resident Evil 2,positive,개꿀,개꿀,2019-07-08 23:03:32
883710,Resident Evil 2,positive,리퍼보다 타일런트의 발자국이 더 무섭다,리퍼 보다 타 일 런트 의 발자국 이 더 무섭다,2019-07-08 20:50:02
883710,Resident Evil 2,positive,타노스 형님 제발 자비 좀...하...,타 노스 형님 제발 자비 좀 ... 하 ...,2019-07-07 12:45:23
883710,Resident Evil 2,positive,명작의 리메이크다 더 이상 설명이 필요한가?,명작 의 리메이크 다 더 이상 설명 이 필요한가 ?,2019-07-07 12:09:07
883710,Resident Evil 2,positive,개념을 되찾은 캡콤의 바람직한 작품!,개념 을 되찾은 캡콤 의 바람직한 작품 !,2019-07-06 21:55:40
883710,Resident Evil 2,positive,"정말 캡콤에서 오랜만에 만들어낸 명작입니다, 플레이 하는 동안 엄청난 공포가 기다리고 있습니다.","정말 캡콤 에서 오랜 만 에 만들어 낸 명작 입니다 , 플레이 하는 동안 엄청난 공포 가 기다리고 있습니다 .",2019-07-06 20:41:51
883710,Resident Evil 2,positive,정말 재밌게 플레이한 게임,정말 재밌게 플레이 한 게임,2019-07-06 12:55:29
883710,Resident Evil 2,positive,"고전의 화려한 귀환이라는 표현이 아깝지 않다. 중딩때 학교 끝나자 마자 플스가 있는 친구집에 출퇴근하다 싶이하며 플레이 했던 기억을 가진 제게는 최근 플레이 했던 어느 게임보다도 재미있었습니다. 액션게임의 장점을 고루 갖춘 대중적인 게이이라고 생각하지만, 간간히 타일런트를 피해다니는 구간이 긴장보다는 짜증을 유발한다는 점, 생각보다 활동구간이 좁다는 것이 단점이라고 생각합니다.","고전 의 화려한 귀환 이라는 표현 이 아깝지 않다 . 중딩 때 학교 끝나자 마자 플스 가 있는 친구 집 에 출퇴근 하다 싶이하며 플레이 했던 기억 을 가진 제 게 는 최근 플레이 했던 어느 게임 보다도 재미있었습니다 . 액션게임 의 장점 을 고루 갖춘 대중 적 인 게이 이라고 생각 하지만 , 간간히 타 일 런트 를 피해 다니는 구간 이 긴장 보다는 짜증 을 유발 한다는 점 , 생각 보다 활동 구간 이 좁다는 것 이 단점 이라고 생각 합니다 .",2019-07-06 08:36:28
883710,Resident Evil 2,positive,올해 한 게임중 가장 재밌고 바닥까지 긁어서 해본 게임,올해 한 게임 중 가장 재밌고 바닥 까지 긁어서 해본 게임,2019-07-06 01:06:24
883710,Resident Evil 2,positive,굿,굿,2019-07-05 22:56:01
883710,Resident Evil 2,positive,길치는 눈물만 흘리면 되네요.....ㄴr는...☆ ㅇi런 ㄴrlㄱr 좋ㄷr.......★ 길을 못찾는ㄷr는건.. 좋은거ㅇF..☆★ 게임을 오ㄹrl 할 수 있는 ㄴrlㄱr 좋ㄷr......☆★,길치는 눈물 만 흘리면 되네요 ..... ㄴ r 는 ... ☆ ㅇ i 런 ㄴ rl ㄱ r 좋 ㄷ r ....... ★ 길 을 못 찾는 ㄷ r 는건 .. 좋은 거 ㅇ F .. ☆★ 게임 을 오 ㄹ rl 할 수 있는 ㄴ rl ㄱ r 좋 ㄷ r ...... ☆★,2019-07-05 21:24:39
883710,Resident Evil 2,positive,말이 필요한가? 바지에 오줌 쌌다,말 이 필요한가 ? 바지 에 오줌 쌌다,2019-07-04 23:31:57
883710,Resident Evil 2,positive,여기 있었구만 김래온이,여기 있었구만 김 래 온 이,2019-07-04 18:34:22
883710,Resident Evil 2,positive,장점 1. 1998년의 원작을 현세대에 맞는 수준의 그래픽과 사운드로 제대로 리메이크하였다. 2. 원작의 내용을 잘 적용하여 원작과 리메이크간의 괴리감이 적어 원작팬들도 재밌게 할 수가 있다. 3. 최근의 액션게임과 진행방식이 좀 다른 감이 있지만 원작팬이 아니라도 충분히 재밌게 즐길수 있다고 본다. 4. 바이오하자드 시리즈에서 점점 줄어들고 있는 공포적인 면을 어느정도 되살려냈다. 5. 바이오하자드7에서 있었던 불편한 인터페이스나 컷신의 스킵불가 같은 단점이 상당히 개선되었다. 단점 1. 원작의 캐릭터간의 상호간에 영향을 주고,장점 1 . 1998년 의 원작 을 현 세대 에 맞는 수준 의 그래픽 과 사운드 로 제대로 리메이크 하였다 . 2 . 원작 의 내용 을 잘 적용 하여 원작 과 리메이크 간 의 괴리감 이 적어 원 작 팬 들 도 재밌게 할 수가 있다 . 3 . 최근 의 액션게임 과 진행 방식 이 좀 다른 감 이 있지만 원 작 팬 이 아니라도 충분히 재밌게 즐길수 있다고 본다 . 4 . 바이오하자드 시리즈 에서 점점 줄어들고 있는 공포 적 인 면 을 어느 정도 되살려 냈다 . 5 . 바이오하자드 7 에서 있었던 불편한 인터페이스 나 컷 신의 스킵 불가 같은 단점 이 상당히 개선 되었다 . 단점 1 . 원작 의 캐릭터 간 의 상호 간 에 영향 을 주고,2019-07-04 09:34:37
883710,Resident Evil 2,positive,이봐 레온이 내가 누군지 알겠나,이 봐 레온 이 내 가 누군지 알겠나,2019-07-04 02:06:42
883710,Resident Evil 2,positive,바하2는 처음 접해보는건데 역시 명작이라 불리는데에는 이유가있었군. 적당한 공포분위기와 액션성 나름 준수한 이야기. 레온과 클레어의 두 분기점으로 진행되는 이야기도 매우 흥미롭다.,바하 2 는 처음 접 해보는건데 역시 명작 이라 불리는데에는 이유 가 있었군 . 적당한 공포 분위기 와 액션 성 나름 준수 한 이야기 . 레온 과 클레어 의 두 분기점 으로 진행 되는 이야기 도 매우 흥미롭다 .,2019-07-03 23:25:58
883710,Resident Evil 2,positive,레온 존나 잘생겼어 ㅠㅠ 실제로 이런 경찰이 존재할까?,레온 존나 잘생겼어 ㅠㅠ 실제 로 이런 경찰 이 존재 할까 ?,2019-07-03 14:43:13
883710,Resident Evil 2,positive,최고의 리메이크! 적당한 플레이타임과 적당한 난이도! 바하시리즈 안해보신분이라면 입문작으로 최고인듯합니다!,최고 의 리메이크 ! 적당한 플레이 타임 과 적당한 난이도 ! 바하 시리즈 안 해보신 분이라면 입문 작 으로 최고 인 듯 합니다 !,2019-07-03 00:34:51
883710,Resident Evil 2,positive,제대로된 리메이크란 이런것이다.,제대로 된 리메이크 란 이런 것 이다 .,2019-07-02 22:45:58
883710,Resident Evil 2,positive,최고다 말이 필요없다. 일단 해봐 해보고 이야기해,최고다 말 이 필요없다 . 일단 해봐 해보고 이야기 해,2019-07-02 21:48:51
883710,Resident Evil 2,positive,레지던트 이블 시리즈 팬으로써 가장 잘 만들었다 생각되는 게임,레지던트 이블 시리즈 팬 으로써 가장 잘 만들었다 생각 되는 게임,2019-07-02 11:05:52
883710,Resident Evil 2,positive,진짜 갓겜,진짜 갓 겜,2019-07-02 03:17:27
883710,Resident Evil 2,positive,"""리메이크""라는 단어의 교과서적인 정의. 게임큐브용 바하4로 처음 바하시리즈를 접했지만 지금 내게 최고의 바하는 바하2 리메이크다.",""" 리메이크 "" 라는 단어 의 교과서 적 인 정의 . 게임큐브 용 바하 4 로 처음 바하 시리즈 를 접 했지만 지금 내게 최고 의 바하 는 바하 2 리메이크 다 .",2019-07-02 00:20:57
883710,Resident Evil 2,positive,"여기있었구만 김레온이, 나 두한이야. 왜 왔는지 알겠나?","여기있었구만 김 레온 이 , 나 두 한 이 야 . 왜 왔는지 알겠나 ?",2019-07-01 17:37:36
883710,Resident Evil 2,positive,갓겜..,갓 겜 ..,2019-07-01 07:06:39
883710,Resident Evil 2,positive,게임 괜찮고 최적화도 좋고.,게임 괜찮고 최적화 도 좋고 .,2019-07-01 02:40:01
883710,Resident Evil 2,positive,어 왜 안죽어,어 왜 안 죽어,2019-06-30 16:09:41
883710,Resident Evil 2,positive,God game,God game,2019-06-30 14:20:50
883710,Resident Evil 2,positive,리메이크 작품 입니다. 퀄리티는 압도적으로 좋습니다 . 스토리 또한 괜찮습니다. 처음에는 엄청 무서웠는데 하지만 후반부로 진행 할 수록 오히려 무서운거는 많이 없어졌고 약간의 자신감(?) 이 생깁니다 ㅋㅋㅋㅋㅋㅋ 한번쯤은 꼭 해보면 좋은 게임이에요 .,리메이크 작품 입니다 . 퀄리티 는 압도 적 으로 좋습니다 . 스토리 또한 괜찮습니다 . 처음 에는 엄청 무서웠는데 하지만 후반 부로 진행 할 수록 오히려 무서운거는 많이 없어졌고 약간 의 자신감 (?) 이 생깁니다 ㅋㅋㅋㅋㅋㅋ 한번 쯤 은 꼭 해보면 좋은 게임 이에요 .,2019-06-30 10:38:03
883710,Resident Evil 2,positive,아주 좋소,아주 좋소,2019-06-30 10:22:16
883710,Resident Evil 2,positive,Thank You CAPCOM,Thank You CAPCOM,2019-06-30 01:15:46
883710,Resident Evil 2,positive,장점 과거의 향수를 느끼면서 재미있게 했던 게임 그래픽도 좋고 모드도 있어서 좋아요 단점 무함 무기 사용이 어려워서 끝내 트레이너 켜고 했습니다 그러니 재미가 반감되네용 올해 GOTY로 인정합니다~~,장점 과거 의 향수 를 느끼면서 재미있게 했던 게임 그래픽 도 좋고 모드 도 있어서 좋아요 단점 무함 무기 사용 이 어려워서 끝내 트레이너 켜고 했습니다 그러니 재미 가 반감 되 네 용 올해 GOTY 로 인정 합니다 ~~,2019-06-29 20:19:14
883710,Resident Evil 2,positive,ㅋㅋㅋㅋㅋㅋㅋㅋㅋㅋㅋㅋ,ㅋㅋㅋㅋㅋㅋㅋㅋㅋㅋㅋㅋ,2019-06-29 19:22:26
883710,Resident Evil 2,positive,2의 재핑 시스템이 없어진건 아쉽지만 역시나 명작...,2 의 재핑 시스템 이 없어진건 아쉽지만 역시 나 명작 ...,2019-06-29 18:22:18
883710,Resident Evil 2,positive,사랑한다 캡콤!!!,사랑 한다 캡콤 !!!,2019-06-29 18:08:45
883710,Resident Evil 2,positive,전작의 1인칭을 벗어나고 다시 3인칭으로 돌아온 바이오하자드 RE2 예전 3인칭 액션게임이라 생각하고 했다가 리커에 한번싸고 두한이 형 때문에 두번 싸버렸고 클레어에게 3번쌌다,전작 의 1 인칭 을 벗어나고 다시 3 인칭 으로 돌아온 바이오하자드 RE 2 예전 3 인칭 액션게임 이라 생각 하고 했다가 리 커에 한번 싸고 두 한 이 형 때문 에 두 번 싸 버렸고 클레어 에게 3 번 쌌다,2019-06-29 15:14:37
883710,Resident Evil 2,positive,진짜 타이런트만 없었으면 좋겠는데.,진짜 타 이런 트 만 없었으면 좋겠는데 .,2019-06-29 14:40:57
883710,Resident Evil 2,positive,"Capcom is on fire with Resident Evil games thesedays. Enjoyed many recent installments such as Revelations 1 and 2, RE7. RE:2 is visually stunning and the control is tight, gameplay is solid. But at the same time, they increased the enemies' health, range of attack, reaction time significantly,","Capcom is on fire with Resident Evil games thesedays . Enjoyed many recent installments such as Revelations 1 and 2 , RE 7 . RE : 2 is visually stunning and the control is tight , gameplay is solid . But at the same time , they increased the enemies ' health , range of attack , reaction time significantly ,",2019-06-29 12:43:07
883710,Resident Evil 2,positive,"잘만들었음, 여러분 s+은 레온만하세요 갓갓 로켓","잘 만들었음 , 여러분 s + 은 레온 만 하세요 갓 갓 로켓",2019-06-29 11:54:18
883710,Resident Evil 2,positive,재밌음,재밌음,2019-06-29 11:01:32
883710,Resident Evil 2,positive,※주의※ 이건 술래잡기 게임입니다.,※ 주의 ※ 이건 술래잡기 게임 입니다 .,2019-06-29 04:45:26
883710,Resident Evil 2,positive,"레온-클레어, 클레어-레온 B루트 후반부 부분, 이전 오리지날 바이오하자드2에 비해 똑같은 패턴의 플레이 방식이 조금 아쉽다 마지막까지 신경써줬으면 더 좋았을텐데 그래도 재미는 있었다","레온 - 클레어 , 클레어 - 레온 B 루트 후반 부 부분 , 이전 오리 지날 바이오하자드 2 에 비해 똑같은 패턴 의 플레이 방식 이 조금 아쉽다 마지막 까지 신경 써줬으면 더 좋았을텐데 그래도 재미 는 있었다",2019-06-29 01:31:36
883710,Resident Evil 2,positive,않이 쉬움으로하는데 왜케어렵누,않이 쉬움 으로 하는데 왜 케어 렵누,2019-06-28 01:25:25
883710,Resident Evil 2,positive,내가 옛날에 바이오하자드2 오리지널을 깻을때 너무재미있어서 다회차를 많이돌았던 추억을 떠올리며 이게임을 샀다. 리메이크이긴해도 오리지널을해봤으니 가뿐하겠지 하는 마음으로 어려움을 선택했다. 하지만 잘못된 선택이였다. 노세이브 클리어를했던 오리지널과는 달리 시점이 바뀐건 둘째치고 퍼즐이 원작을따르면서도 많이개편되고 바뀌고 추가되었다. 결국 나는 어려움에 굴복하고 보통난이도로 클리어했다. 일단 원작을해보고 바이오하자드시리즈팬이면 사서 하는걸 적극추천한다. 하지만 여전히 아쉬운점이 몇개있다. 1. 사라진 거미 원작 오리지널판에선,내 가 옛날 에 바이오하자드 2 오 리지 널 을 깻을때 너무 재미있어서 다 회차 를 많이 돌았던 추억 을 떠올리며 이 게임 을 샀다 . 리메이크 이긴 해도 오 리지 널 을 해봤으니 가뿐하겠지 하는 마음 으로 어려움 을 선택 했다 . 하지만 잘 못 된 선택 이 였다 . 노 세이브 클리어 를 했던 오 리지 널 과는 달리 시점 이 바뀐건 둘째 치고 퍼즐 이 원작 을 따르면서도 많이 개편 되고 바뀌고 추가 되었다 . 결국 나 는 어려움 에 굴복 하고 보통 난이도 로 클리어 했다 . 일단 원작 을 해보고 바이오하자드 시리즈 팬 이 면 사서 하 는걸 적극 추천 한 다 . 하지만 여전히 아쉬운 점 이 몇개 있다 . 1 . 사라진 거미 원작 오 리지 널판 에선,2019-06-28 00:27:44
883710,Resident Evil 2,positive,말이 필요한가? 사세요 이렇게 잘 리메이크한 게임은 진짜 보기드물정도 돈콤이 갓콤이 되었습니다,말 이 필요한가 ? 사세요 이렇게 잘 리메이크 한 게임 은 진짜 보기 드물 정도 돈콤 이 갓 콤 이 되었습니다,2019-06-27 23:40:40
883710,Resident Evil 2,positive,무서워서 못하것다.. 환불,무서워서 못 하 것 다 .. 환불,2019-06-27 23:14:42
883710,Resident Evil 2,positive,"내 생에 처음으로 만난 바이오 하자드 2. 그것이 요즘 기술력으로 재탄생되었다. 그 시절 이야기와는 세세한 차이가 생겼기에 설정을 중시한다면 반감이 될 수 있으나, 게임성으로, 공포요소로, 그리고 그래픽이나 연출적으로도 매우 흡족하다. 바이오하자드를 모르는 게이머도 충분히 즐겁게 게임할 수 있다. 아니, 오히려 바이오하자드를 모르는 게이머들이 더욱 이 게임을 즐겁게 할 것이라 생각한다.","내 생 에 처음 으로 만난 바이오 하자드 2 . 그것 이 요즘 기술 력 으로 재탄생 되었다 . 그 시절 이야기 와는 세세한 차이 가 생겼기에 설정 을 중시 한다면 반감 이 될 수 있으나 , 게임 성 으로 , 공포 요소 로 , 그리고 그래픽 이나 연출 적 으로도 매우 흡족하다 . 바이오하자드 를 모르는 게이머 도 충분히 즐겁게 게임 할 수 있다 . 아니 , 오히려 바이오하자드 를 모르는 게이머 들 이 더욱 이 게임 을 즐겁게 할 것 이라 생각 한다 .",2019-06-27 10:23:52
883710,Resident Evil 2,positive,그냥 존나 재밌어. 그냥 생각말고 해,그냥 존나 재밌어 . 그냥 생각 말고 해,2019-06-27 08:56:28
883710,Resident Evil 2,positive,★★★★☆,★★★★☆,2019-06-27 08:48:31
883710,Resident Evil 2,positive,"스포 없음 간단하게 요약하고 개인적인 견해 씀 장점 : 생존서바이벌이 뭔지 제대로 알려줌, 플스1 시절 게임의 성공적인 리메이크, 적당히 어두컴컴함, 적절한 난이도의 퍼즐, 좀비가 왜 좀비인지 알려줌, 잘생긴 레온, 예쁜 클레어, 더 예쁜 에이다 단점 : 리메이크 했는데도 라쿤시티에 좀비들이 들 끓고 있는걸 제대로 안보여줌. 무슨 이야기 냐면 라쿤시티가 거의 인구수 10만 정도의 도시인데 도시 밖을 좀 더 돌아다녀도 좋겠다고 생각했음. 궤멸된 도시인데 그 참담함을 옛날에는 용량부족이나 개발시간 부족으로 어쩔 수 없다고 해","스포 없음 간단하게 요약 하고 개인 적 인 견해 씀 장점 : 생존 서바이벌 이 뭔 지 제대로 알려 줌 , 플스 1 시절 게임 의 성공 적 인 리메이크 , 적당히 어두컴컴함 , 적절한 난이도 의 퍼즐 , 좀비 가 왜 좀비 인지 알려 줌 , 잘생긴 레온 , 예쁜 클레어 , 더 예쁜 에이 다 단점 : 리메이크 했는데도 라쿤시티 에 좀비 들 이 들 끓고 있는걸 제대로 안 보여줌 . 무슨 이야기 냐 면 라쿤시티 가 거의 인구 수 10만 정도 의 도시 인데 도시 밖 을 좀 더 돌아다녀도 좋겠다고 생각 했음 . 궤멸된 도시 인데 그 참담함을 옛날 에는 용량 부족 이나 개발 시간 부족 으로 어쩔 수 없다고 해",2019-06-23 23:06:57
883710,Resident Evil 2,positive,한번깨고 한번 더 깨라 s+ 무기얻고싶으면,한번 깨고 한번 더 깨 라 s + 무기 얻고싶으면,2019-06-18 20:48:56
883710,Resident Evil 2,positive,쫒아오는 타이런트보다 생각지도 못하게 튀어나오는 좀비들이 더무섭다,쫒아오는 타 이런 트 보다 생각 지도 못 하게 튀어나오는 좀비 들 이 더 무섭다,2019-06-17 18:53:15
883710,Resident Evil 2,positive,탄약부족하다고 하는데 실제로는 부족하지는 않습니다. 막 쏘고만 안다니면 됨..,탄약 부족하다고 하는데 실제 로는 부족하지는 않습니다 . 막 쏘고만 안다니면 됨 ..,2019-06-15 17:49:10
883710,Resident Evil 2,positive,게임이 진짜 재미네요 그리고 진정한 공포게임,게임 이 진짜 재미 네 요 그리고 진정한 공포 게임,2019-06-13 17:38:40
883710,Resident Evil 2,positive,나같은 길치들은 비추합니다. 그길이 그길같고 아까 그길이 그길. 이길이 이길.. 요길이 요길이. 어? 제자리네.. 아씨... 어? 아~ 거기였던가? 방금 왔는데 거기가 거기 맞나? 게임은 참 좋아하는 게임인데.. ---------------- 2019.12.01 아/.나는 왜이렇게 이 게임에 손이 안갈까... ---------------- 2020. 01. 14 다 깼다... 다 깨고 나니 재미진다... 길 찾기가 힘들어서 그렇지 한번깨고 2회차 깨고 나니 길이 눈에 들어온다 ..,나 같은 길치 들은 비추 합니다 . 그 길이 그 길 같고 아까 그 길이 그 길 . 이 길이 이길 .. 요 길이 요 길이 . 어 ? 제자리 네 .. 아씨 ... 어 ? 아 ~ 거기 였던가 ? 방금 왔는데 거기 가 거기 맞나 ? 게임 은 참 좋아하는 게임 인데 .. ---------------- 2019.12 . 01 아 /. 나 는 왜 이렇게 이 게임 에 손 이 안 갈까 ... ---------------- 2020 . 01 . 14 다 깼다 ... 다 깨고 나니 재미 진다 ... 길 찾기 가 힘들어서 그렇지 한번 깨고 2회 차 깨고 나니 길이 눈 에 들어온다 ..,2019-06-04 21:55:01
883710,Resident Evil 2,positive,최고였다. ps1 시절도 생각나고 게임자체의 완성도도 뛰어나서 정말 너무나도 오랜만에 몰입한 게임,최고 였다 . ps 1 시절 도 생각나고 게임 자체 의 완성 도도 뛰어나서 정말 너무나도 오랜 만 에 몰입 한 게임,2019-06-04 21:08:37
883710,Resident Evil 2,positive,그래픽ㅈ된다,그래픽 ㅈ 된다,2019-05-31 14:01:41
883710,Resident Evil 2,positive,very good story game and on the top of the horror game.,very good story game and on the top of the horror game .,2019-05-31 04:20:41
883710,Resident Evil 2,positive,굿,굿,2019-05-30 01:45:31
883710,Resident Evil 2,positive,l,l,2019-05-26 11:46:08
883710,Resident Evil 2,positive,여기 있었구만 김레온이 에엑다! 길게 이야기할거 뭐 있소 빨리 죽이고 갑시다 1972년 11월 21일 김레온은 오랜 지병이였던 타일런트에 의해 쓰러졌다,여기 있었구만 김 레온 이 에 엑 다 ! 길게 이야기 할거 뭐 있소 빨리 죽 이고 갑시다 1972년 11월 21일 김 레온 은 오랜 지병 이 였던 타 일 런트 에 의해 쓰러졌다,2019-05-25 23:05:19
883710,Resident Evil 2,positive,왜색의 맛은 사라지니 재밌나 일본게임 성향과는 안맞다고 생각해서 불호라 생각했는데 이 게임은 서양인이 만든 느낌이 강하게 든다 아무튼 그래서 서양게임 취향인 나에게도 이 게임은 잘맞았다 전투가 현실적이라서 몰두해서 했다 다만 짧은 볼륨과 협소한 공간은 답답,왜색 의 맛 은 사라지니 재밌나 일본 게임 성향 과는 안 맞다고 생각 해서 불호 라 생각 했는데 이 게임 은 서양인 이 만든 느낌 이 강하게 든다 아무튼 그래서 서양 게임 취향 인 나 에게도 이 게임 은 잘맞았다 전투 가 현실 적 이라서 몰두해서 했다 다만 짧은 볼륨 과 협소 한 공간 은 답답,2019-05-25 13:23:24
883710,Resident Evil 2,positive,그냥 한번 해보셈 공포를 느끼게될거임 그전보다도,그냥 한번 해보셈 공포 를 느끼게 될거 임 그 전 보다도,2019-05-23 19:45:14
883710,Resident Evil 2,positive,good game,good game,2019-05-23 13:40:25
883710,Resident Evil 2,positive,이건 갓겜인게 분명합니다,이건 갓 겜 인게 분명합니다,2019-05-23 10:52:26
883710,Resident Evil 2,positive,"고어한 장면이 간간이 나오고 처음엔 무서울 수는 있지만 익숙해지면 이보다 더 재밌는 생존 게임이 없어요! 최적화도 괜찮고요, 한 번쯤은 해 보시는 걸 추천드려요!","고어 한 장면 이 간간이 나오고 처음 엔 무서울 수 는 있지만 익숙해지면 이보 다 더 재밌는 생존 게임 이 없어요 ! 최적화 도 괜찮고요 , 한 번 쯤 은 해 보시 는 걸 추천 드려요 !",2019-05-22 19:05:18
883710,Resident Evil 2,positive,그냥 말이 필요없습니다 당장 사세요 레지던트이블이 레지던트이블했습니다,그냥 말 이 필요없습니다 당장 사세요 레지던트이블 이 레지던트이블 했습니다,2019-05-20 18:06:10
883710,Resident Evil 2,positive,아니 머리 부서졋으면 그만 일어나라고,아니 머리 부서졋으 면 그만 일어나라고,2019-05-20 15:24:44
883710,Resident Evil 2,positive,이벤트나 동영상부근에서 검은 화면으로 되더니 그때부터 진행불가,이벤트 나 동영상 부근 에서 검은 화면 으로 되더니 그때 부터 진행 불가,2019-05-19 19:54:14
883710,Resident Evil 2,positive,여기 있었구만 레온이... 반 엄브렐라 할꺼야 안할꺼야!,여기 있었구만 레온 이 ... 반 엄브렐라 할꺼야 안 할꺼야 !,2019-05-18 18:30:29
883710,Resident Evil 2,positive,클레어 누님 욕이 참 찰집니다 핥,클레어 누님 욕 이 참 찰집니다 핥,2019-05-18 05:33:07
883710,Resident Evil 2,positive,무서움도 적응되면 할만하다. 현재 노멀 하드코어 포함 10회이상 엔딩본듯. 1회차 2회차 하다보면 mod 설정해서 케릭터 커스텀 및 여러모드 로 가능합니다. 바이오 하자드 7 같은 1인칭 게임보단 무서움은 덜합니다. 꼭 해보세요. 후회안합니다.,무서움 도 적응 되면 할 만하 다 . 현재 노멀 하드코어 포함 10회 이상 엔딩 본듯 . 1회 차 2회 차 하다 보면 mod 설정 해서 케릭 터 커 스텀 및 여러 모드 로 가능합니다 . 바이오 하자드 7 같은 1 인칭 게임 보단 무서움 은 덜합니다 . 꼭 해보세요 . 후회 안 합니다 .,2019-05-15 22:39:12
883710,Resident Evil 2,positive,엄브렐라 씨123발년들.,엄브렐라 씨 123 발년 들 .,2019-05-13 20:02:46
883710,Resident Evil 2,positive,이틀 만에 앤딩을 봄... 스토리가 짧은게 아쉽네요. 참고로 유투브 보지말고 하세요. 내용을 알고 하면 재미가 반감됩니다.,이틀 만에 앤딩 을 봄 ... 스토리 가 짧은게 아쉽네요 . 참고 로 유투브 보지 말고 하세요 . 내용 을 알 고 하면 재미 가 반감 됩니다 .,2019-05-10 15:14:21
883710,Resident Evil 2,positive,믿고 해보는 레지던트 이블...,믿고 해보는 레지던트 이블 ...,2019-05-09 16:43:44
883710,Resident Evil 2,positive,리메이크란 이런거다 라는 걸 제대로 보여주는 작품. 다만 재핑 시스템을 뺀 부분은 아쉬웠음. 추가적인 DLC 를 보완한다면 좋을듯?,리메이크 란 이런 거 다 라는 걸 제대로 보여주는 작품 . 다만 재핑 시스템 을 뺀 부분 은 아쉬웠음 . 추가 적 인 DLC 를 보완 한다면 좋을듯 ?,2019-05-09 13:19:08
883710,Resident Evil 2,positive,호우!,호우 !,2019-05-08 01:30:39
883710,Resident Evil 2,positive,원작도 명작이지만 이번 리메이크는 원작의 장점을 해치지않고 잘끌어올렸음. 리메이크는 이렇게 해라 보여주는 교과서적인 작품이라고 생각합니다. 클레어랑 에이다가 정말 이쁘게 뽑혀서 가산점 팍팍 드리고 싶음. 3도 필구예정!,원작 도 명작 이지만 이번 리메이크 는 원작 의 장점 을 해치 지 않고 잘 끌어 올렸음 . 리메이크 는 이렇게 해 라 보여주는 교과서 적 인 작품 이라고 생각 합니다 . 클레어 랑 에이 다가 정말 이쁘게 뽑혀서 가산 점 팍팍 드리고 싶음 . 3 도 필구 예정 !,2019-05-07 13:48:50
883710,Resident Evil 2,positive,겁 나 - 무 서 운 - 게 임 이 다 ~ ★ 구 식 - 시 스 템 까 지 - 그 대 로 - 구 현 해 서 - 싫 은 것 - 빼 고 ~ ★,겁 나 - 무 서 운 - 게 임 이 다 ~ ★ 구 식 - 시 스 템 까 지 - 그 대 로 - 구 현 해 서 - 싫 은 것 - 빼 고 ~ ★,2019-05-07 11:11:46
883710,Resident Evil 2,positive,빠져버렸어....,빠져 버렸어 ....,2019-05-07 01:32:25
883710,Resident Evil 2,positive,지렷으니까 지렷고 지렷으니까 지렷다,지렷으 니까 지렷 고 지렷으 니까 지렷다,2019-05-06 18:44:59
883710,Resident Evil 2,positive,￣￣￣￣￣￣￣￣￣￣￣￣￣￣￣￣￣'― ｜ ｀、 ＼ ＼ ＼ _____ ＼ ¸­―­―­―｜ ­―­￣￣;; ;;￣￣;;｀、 ＼ ｜ / ;; ;; ;; ＼ ＼ ｜ / ;; ;; ;; ＼ ＼ ｜ / ; ;; ;; ＼ ＼ ｀ / ; ;; ｀ ＼ / ¸,￣￣￣￣￣￣￣￣￣￣￣￣￣￣￣￣￣ ' ― ｜ ｀、 ＼ ＼ ＼ _____ ＼ ¸­―­―­―｜ ­―­￣￣ ;; ;; ￣￣ ;; ｀、 ＼ ｜ / ;; ;; ;; ＼ ＼ ｜ / ;; ;; ;; ＼ ＼ ｜ / ; ;; ;; ＼ ＼ ｀ / ; ;; ｀ ＼ / ¸,2019-05-06 10:36:37
883710,Resident Evil 2,positive,그래픽메모리 원래 3.93GB 인데 왜 게임에서는 0.13GB로나와요? 렉걸려서 게임못하겠어요...,그래픽 메모리 원래 3.93 GB 인데 왜 게임 에서는 0.13 GB 로나 와 요 ? 렉 걸려서 게임 못 하겠어요 ...,2019-05-06 09:59:35
883710,Resident Evil 2,positive,갓겜,갓 겜,2019-05-06 02:10:19
883710,Resident Evil 2,positive,초반에 총알 쓰면 잡몹한테 뚜드러 맞는 게임,초반 에 총알 쓰면 잡몹 한테 뚜 드러 맞는 게임,2019-05-05 16:02:14
883710,Resident Evil 2,positive,갓겜,갓 겜,2019-05-04 16:51:37
883710,Resident Evil 2,positive,1시간이면 무서운거 다사라짐,1시간 이면 무서운거 다 사라짐,2019-05-04 04:31:31
883710,Resident Evil 2,positive,바하 시리즈 입문작입니다. 개인적으로 게임불감증에 시달리고있었는데 오랫만에 꽤나 즐겁게 플레이 하였습니다. 플레이타임은 조금 짧은 것 같습니다. 주인공인 레온 스토리 완료이후 클레어 스토리는 조금만 하다가 중단하였습니다. 직장인이라 시간내서 게임하기 힘드네요;;;;; 아무쪼록 강추입니다.,바하 시리즈 입문 작 입니다 . 개인 적 으로 게임 불감증 에 시달리고있었는데 오랫 만 에 꽤 나 즐겁게 플레이 하였습니다 . 플레이 타임 은 조금 짧은 것 같습니다 . 주인공 인 레온 스토리 완료 이후 클레어 스토리 는 조금 만 하다가 중단 하였습니다 . 직장인 이라 시간 내서 게임 하기 힘드네요 ;;;;; 아무쪼록 강추 입니다 .,2019-05-03 22:35:45
883710,Resident Evil 2,positive,와 1시간 후딱지나가 굉장해,와 1시간 후딱 지나가 굉장해,2019-05-03 02:40:32
883710,Resident Evil 2,positive,재미슴,재미 슴,2019-04-30 09:45:18
883710,Resident Evil 2,positive,good~,good ~,2019-04-29 08:16:16
883710,Resident Evil 2,positive,간만에 재밌었다 진짜루 총쏘는맛 좀비잡는맛 캐릭 키우는맛 스토리 볼맛 다있다,간만 에 재밌었다 진짜루 총 쏘는 맛 좀비 잡는 맛 캐릭 키우는 맛 스토리 볼맛 다 있다,2019-04-28 11:36:10
883710,Resident Evil 2,positive,저는 공포게임을 너무 싫어하며 깜짝 놀라는것도 매우 싫어합니다. 하지만 RE2 리메이크의 경우 저에게 큰 재미를 느끼게하고 즐거움을 주었습니다. 지금도 정말 재밌게 하고 있으며 앞으로 한동안 푹 빠져서 할듯 합니다. 공포스럽고 소름끼치지만 갑툭튀 요소가 비교적적고 사운드와 분위기가 소름끼치도록 압도한 시스템이 정말 마음에 딉니다. 그리고 여주 클레어 너무 매력적이라 이게임 입문했습니다.,저 는 공포 게임 을 너무 싫어하며 깜짝 놀라는것도 매우 싫어합니다 . 하지만 RE 2 리메이크 의 경우 저 에게 큰 재미 를 느끼 게 하고 즐거움 을 주었습니다 . 지금 도 정말 재밌게 하고 있으며 앞 으로 한동안 푹 빠져서 할듯 합니다 . 공포 스럽고 소름끼치지만 갑툭튀 요소 가 비교 적적 고 사운드 와 분위기 가 소름끼치도록 압도 한 시스템 이 정말 마음 에 딉니 다 . 그리고 여주 클레어 너무 매력 적 이라 이 게임 입문 했습니다 .,2019-04-28 06:42:14
883710,Resident Evil 2,positive,설명은 생략한다.,설명 은 생략 한다 .,2019-04-27 15:34:43
883710,Resident Evil 2,positive,야 이거 얼마만에리멕이냐? 나는 이걸 4살떼헸는데? 물론 다른 아이들은 이게임이 무서워서 싫다고는 하자만 12살인 나도이게임 좋은 것을보면 진자데박이다 그리고 제한된 자원 폐쇠된공간 시아는 제한되고 그리고 메타스코어 점수가.... 하여튼! 바하시리즈 만만세!!!!!!!!!!!!!!!!!!!! 사기를 잘헸다 그리고 오리지널과 다르게 김두한도!!!!!!!!!!!! 활약이 데박 켑콤 사랑헤요!!!!!!!!!!!!!!!!!!!!!!!!!!!!!!!!!!!!!!!!!!!!!!!!!!!!!!!!!!!!!!!!!!!!!!!!!~~~~~~~~~~,야 이 거 얼마 만 에리 멕 이냐 ? 나 는 이 걸 4 살떼헸는데 ? 물론 다른 아이 들 은 이 게임 이 무서워서 싫다고는 하자 만 12 살인 나도 이 게임 좋은 것 을 보면 진자 데박 이다 그리고 제한 된 자원 폐쇠 된 공간 시아 는 제한 되고 그리고 메타 스코어 점수 가 .... 하여튼 ! 바하 시리즈 만 만세 !!!!!!!!!!!!!!!!!!!! 사기 를 잘헸다 그리고 오 리지 널 과 다르게 김두한 도 !!!!!!!!!!!! 활약 이 데박 켑콤 사랑헤 요 !!!!!!!!!!!!!!!!!!!!!!!!!!!!!!!!!!!!!!!!!!!!!!!!!!!!!!!!!!!!!!!!!!!!!!!!!~~~~~~~~~~,2019-04-27 08:59:44
883710,Resident Evil 2,positive,이봐 김레온이 내가 왜 왔는지 알겠나? 너를 단죄하러 왔다.,이 봐 김 레온 이 내 가 왜 왔는지 알겠나 ? 너 를 단죄 하러 왔다 .,2019-04-26 16:35:25
883710,Resident Evil 2,positive,원작을 충실히 따르면서도 살릴건 살려버리고(예로 로버트나 에이다) 축소시킬건 시켰습니다. (예로 리온과 클레어의 컷신이나 재핑) 그러나 축소시킨 부분에서 개연성이 많이 떨어지기 때문에 약간의 아쉬움이 묻어납니다. 원래 B루트에서도 처음부분은 라쿤시티를 돌아다니는데.. 이것도 축소시켜버려서 그냥 경찰서 진입부터 시작하니 말이죠. 그리고 A와 B루트의 차이가 거의 없고 무기도 원작에 비해서 축소시킨건.. 계속 아쉬운 부분입니다. 단점들을 많이 나열했지만 이것은 어쨌든 바하2 입니다.. 많은 단점들을 상쇄시킬정도의 쓰기도 힘들 매우,원작 을 충실히 따르면서도 살릴건 살려 버리고 ( 예 로 로버트 나 에이 다 ) 축소 시킬건 시켰습니다 . ( 예 로 리온 과 클레어 의 컷 신 이나 재핑 ) 그러나 축소 시킨 부분 에서 개연 성 이 많이 떨어지기 때문 에 약간 의 아쉬움 이 묻어 납니다 . 원래 B 루트 에서도 처음 부분 은 라쿤시티 를 돌아다니는데 .. 이 것 도 축소 시켜 버려서 그냥 경찰서 진입 부터 시작 하니 말 이 죠 . 그리고 A 와 B 루트 의 차이 가 거의 없고 무기 도 원작 에 비 해서 축소 시킨건 .. 계속 아쉬운 부분 입니다 . 단점 들 을 많이 나열했지만 이 것 은 어쨌든 바하 2 입니다 .. 많은 단점 들 을 상쇄 시킬 정도 의 쓰기 도 힘들 매우,2019-04-23 22:49:16
883710,Resident Evil 2,positive,갓글화에 기존 시리즈의 공포를 잘살린 갓겜 ㅇㅈ,갓 글 화 에 기존 시리즈 의 공포 를 잘 살린 갓 겜 ㅇㅈ,2019-04-23 00:17:46
883710,Resident Evil 2,positive,DXD is the best mod ever,DXD is the best mod ever,2019-04-21 15:03:46
883710,Resident Evil 2,positive,여기있었구만 김레온이,여기있었구만 김 레온 이,2019-04-21 00:37:21
883710,Resident Evil 2,positive,여기있었구만 레온이,여기있었구만 레온 이,2019-04-21 00:00:23
883710,Resident Evil 2,positive,"(엑박패드 플레이) 1회차 이제 레온만.. 그것도 어려움 난이도 아닌 일반모드로 플레이했는데 생각보다 어려워서 힘들었지만 느긋하게 인내심을 갖고 깨고나니 성취감이 드는 게임, 1070TI QHD 75FPS 풀옵으로 일부컷씬제외 끊김없이 부드러운 플레이가 가능했고 세심한 그래픽에 정말 최적화가 잘 되어있단 느낌을 받았고, 1회차 마치고 나서 보니 컨텐츠도 풍부한 수작게임이란 느낌을 받았다. 어려웠지만 레온 클리어 하고 생긴 클레어 새로운 시나리오가 아주 기대된다.!","( 엑박 패드 플레이 ) 1회 차 이제 레온 만 .. 그것 도 어려움 난이도 아닌 일 반 모드 로 플레이 했는데 생각 보다 어려워서 힘들었지만 느긋하게 인내심 을 갖고 깨고나니 성취 감 이 드는 게임 , 1070 TI QHD 75 FPS 풀옵 으로 일부 컷씬 제외 끊김 없이 부드러운 플레이 가 가능했고 세심 한 그래픽 에 정말 최적화 가 잘 되어있단 느낌 을 받았고 , 1회 차 마치 고 나서 보니 컨텐츠 도 풍부한 수 작 게임 이란 느낌 을 받았다 . 어려웠지만 레온 클리어 하고 생긴 클레어 새로운 시나리오 가 아주 기대 된다 .!",2019-04-20 21:14:36
883710,Resident Evil 2,positive,그시절에 높았던 그래픽이 고화질로 변화되고 으어으어 소리만 내던 좀비들은 캬아아아아악 거리고 리커도 키애애야애 거리고 좀비땜에 놀라서 총한번 잘못 쐈다가 시발 전두환이새끼 뜨면 멘탈나가서 뛰다가 리커한테 들켜서 다쳐서 시점 시뻘게 져서 약먹으려는 순간 타일런트의 손에 뜯기는 킴레온의 마음을 아주 잘표현한 게임 총알 좀 많아져서 와 총알 많네 신나게 쏴재끼다가 한발 남아서 욕하는 내모습을 보았다.,그 시절 에 높았던 그래픽 이 고화질 로 변화 되고 으어으어 소리 만 내던 좀비 들 은 캬 아아 아아 악 거리 고 리 커도 키애애 야 애 거리 고 좀비 땜 에 놀라서 총 한번 잘못 쐈다가 시발 전두환 이 새끼 뜨면 멘탈 나가서 뛰다가 리커 한테 들켜서 다쳐서 시점 시뻘 게 져서 약 먹으려는 순간 타 일 런트 의 손 에 뜯기는 킴레온 의 마음 을 아주 잘 표현 한 게임 총알 좀 많아져서 와 총알 많네 신나게 쏴 재 끼다가 한발 남아 서 욕 하는 내 모습 을 보았다 .,2019-04-19 12:35:44
883710,Resident Evil 2,positive,실제 플레이타임은 짧은데 게임이 아쉽지도않고 재밌게 플레이 했네요,실제 플레이 타임 은 짧은데 게임 이 아쉽지도 않고 재밌게 플레이 했네요,2019-04-18 20:02:30
883710,Resident Evil 2,positive,이 게임을 추천합니다.,이 게임 을 추천 합니다 .,2019-04-18 19:06:34
883710,Resident Evil 2,positive,god game,god game,2019-04-18 09:40:08
883710,Resident Evil 2,positive,남자든 여자든 혼자 밤에 불꺼놓고 헤드셋끼고 하면 무서움... 사운드가 장난아님.. 그래픽도... 무서움... 존나...,남자 든 여자 든 혼자 밤 에 불꺼놓고 헤드셋 끼 고 하면 무서움 ... 사운드 가 장난 아님 .. 그래픽 도 ... 무서움 ... 존나 ...,2019-04-18 01:11:44
883710,Resident Evil 2,positive,"146시간 뉴비가 느낀점 적어봄 1. RE엔진이 좋아서 그래픽을 최저로 해도 볼만함. 최적화도 나름 잘 되어 있음 2. 컨텐츠 부족, 유로 DLC 소식도 없고 그나마 모드질 때문에 생명 연장 하는 중인데 이것도 슬슬 지겨워짐 3. 바하 시리즈를 처음 접하는 사람들도 쉽고 재밌게 즐길 수 있음. 다만 원작을 해 본 사람들은 실망감이 좀 있음 4. 최적화가 좋다고 했지만 답도 없는 데누보 때문에 프레임을 제대로 못뽑음. 데누보만 없으면 지금 보다 10~20프레임 오름 5. 한글화가 정말 잘 되어 있음. 어색한 번역이 있긴 하지만 이정","146시간 뉴비 가 느낀 점 적어 봄 1 . RE 엔진 이 좋아서 그래픽 을 최저 로 해도 볼 만 함 . 최적화 도 나름 잘 되어 있음 2 . 컨텐츠 부족 , 유로 DLC 소식 도 없고 그나마 모드 질 때문 에 생명 연장 하는 중 인데 이 것 도 슬슬 지겨워 짐 3 . 바하 시리즈 를 처음 접 하는 사람 들 도 쉽고 재밌게 즐길 수 있음 . 다만 원작 을 해 본 사람 들 은 실망 감 이 좀 있음 4 . 최적화 가 좋다고 했지만 답 도 없는 데누보 때문 에 프레임 을 제대로 못 뽑음 . 데누보 만 없으면 지금 보다 10~20 프레임 오름 5 . 한글화 가 정말 잘 되어 있음 . 어색한 번역 이 있긴 하지만 이정",2019-04-17 20:17:17
883710,Resident Evil 2,positive,80 90년초 올드팬들을 위한 작품 그러나 구식게임답습 어릴때 바하시리즈 안해본 사람들은 답답해서 못함,80 90년 초 올 드팬 들 을 위 한 작품 그러나 구식 게임 답습 어릴 때 바하 시리즈 안 해본 사람 들 은 답답해서 못 함,2019-04-17 11:36:21
883710,Resident Evil 2,positive,"훌륭한 리메이크의 표본. 과거의 게임을 현대적인 방식으로 재해석해서 완전히 뜯어서 고친게임. 과거 바이오 하자드2를 좋아하는 사람들도, 이번에 처음으로 접해보는 사람들도 다 만족할 수 있는 작품입니다. 특히 맵디자인이 유기적으로 연결되어서 훌륭하며 , 좀비를 무조건 쏴죽이는 액션이 아닌 부족한 인벤과 탄약을 잘 이용해 살아남아야 하는 서바이벌 호러의 재미를 훌륭히 만들어냈습니다. 맵을 이곳저곳 돌아다니게 되어있지만 맵 UI가 잘 되어 있어서 내가 놓친 아이템등을 파악하기 쉽고 퍼즐도 조금만 생각하면 충분히 풀 수 있도록","훌륭한 리메이크 의 표본 . 과거 의 게임 을 현대 적 인 방식 으로 재해 석 해 서 완전히 뜯어서 고친 게임 . 과거 바이오 하자드 2 를 좋아하는 사람 들 도 , 이번 에 처음 으로 접 해보는 사람 들 도 다 만족할 수 있는 작품 입니다 . 특히 맵 디자인 이 유기 적 으로 연결 되어서 훌륭하며 , 좀비 를 무조건 쏴 죽이는 액션 이 아닌 부족한 인벤 과 탄약 을 잘 이용 해 살아남아야 하는 서바이벌 호러 의 재미 를 훌륭히 만들어 냈습니다 . 맵 을 이 곳 저 곳 돌아다니게 되어있지만 맵 UI 가 잘 되어 있어서 내 가 놓친 아이템 등 을 파악 하기 쉽고 퍼즐 도 조금 만 생각 하면 충분히 풀 수 있도록",2019-04-15 23:51:28
883710,Resident Evil 2,positive,재미는 확실히 있는데 퀘스트 템인지 아닌지 구분이 안가서 함부러 템 하나 버렸다간 퀘스트 꼬여서 처음부터 다시 해야 할 수도 있음 아 시1발 빨간보석 버려가지고 다시 하기 현자 탐 와서 삭제함 ㅋㅋ 근데 잼슴 ㅋㅋㅋㅋ,재미 는 확실히 있는데 퀘스트 템 인지 아닌지 구분 이 안 가서 함 부러 템 하나 버렸다간 퀘스트 꼬여서 처음 부터 다시 해야 할 수도 있음 아 시 1 발 빨간 보석 버려가지고 다시 하기 현자 탐 와서 삭제 함 ㅋㅋ 근데 잼슴 ㅋㅋㅋㅋ,2019-04-15 12:49:06
883710,Resident Evil 2,positive,"사실 나는 이 게임에 대해 추억보정이라 할만한게 없다. 있다면 갖고 싶었으나 가지지 못했던 꼬맹이의 이루지 못한 로망정도였을까? 그래서 남들만큼 감상에 젖지는 못하지만, 대신 신세계를 뒤늦게 맛본 아재로써 충실히 즐겨야겠다. PS. 에이다는 영화에 등장했던 것 보다 더 매력적인 캐릭터였다.","사실 나 는 이 게임 에 대해 추억 보정 이라 할만 한 게 없다 . 있다면 갖고 싶었으나 가지 지 못 했던 꼬맹이 의 이루지 못 한 로 망정 도 였을까 ? 그래서 남 들 만큼 감상 에 젖 지는 못 하지만 , 대신 신세계 를 뒤늦게 맛본 아 재 로써 충실히 즐겨야겠다 . PS . 에이 다는 영화 에 등장 했던 것 보다 더 매력 적 인 캐릭터 였다 .",2019-04-15 03:51:33
883710,Resident Evil 2,positive,"몰아쓰는 게임평가 엔딩본건 꽤 됐다. 바하시리즈 팬이기때문에 풀프라이스 쾌척하고 구매 바하는 4부터 느낀거지만 시리즈가 비슷하다는 느낌이 많이 없다. 4, 5, 6, 7이 전부 느낌을 떠나서 장르까지 다르다는 느낌을 준다 이번작은 '공포' 를 강요했다는 느낌이 있다. 근데 바하 종특인지 플레이 20분만 지나도 공포가 사라진다. 나중엔 좀비가 귀찮은 존재가 되어버림. 난이도가 어렵다고들 하는데.. 1회차 보통모드로 노데스 클리어후 2회차 하드코어로 돌려도 어렵다는 느낌은 없었다 사실상 길찾기 게임이지 좀비생존 공포게임은 아니라는것.","몰아 쓰는 게임 평가 엔딩 본건 꽤 됐다 . 바하 시리즈 팬 이 기 때문 에 풀 프라 이스 쾌척 하고 구매 바하 는 4 부터 느낀거지만 시리즈 가 비슷하다는 느낌 이 많이 없다 . 4 , 5 , 6 , 7 이 전부 느낌 을 떠나서 장르 까지 다르다는 느낌 을 준다 이 번작 은 ' 공포 ' 를 강요 했다는 느낌 이 있다 . 근데 바하 종특 인지 플레이 20분 만 지나도 공포 가 사라진다 . 나중 엔 좀비 가 귀찮은 존재 가 되어 버림 . 난이도 가 어렵다고 들 하는데 .. 1회 차 보통 모드 로 노 데스 클리어 후 2회 차 하드코어 로 돌려도 어렵다는 느낌 은 없었다 사실 상 길찾기 게임 이지 좀비 생존 공포 게임 은 아니라는 것 .",2019-04-14 16:55:11
883710,Resident Evil 2,positive,리메이크해서 더 무섭,리메이크 해서 더 무섭,2019-04-14 13:29:35
883710,Resident Evil 2,positive,꿀잼!,꿀잼 !,2019-04-13 17:58:12
883710,Resident Evil 2,positive,근래 했던 게임중 정말 재밌게했네요 첫번째 레온으로하고 두번째 클레어로 진행중인데 두번플레이하면서 뭔가 레온으로 했을때랑 시점이 살짝다르면서 레온이 남기고간 쪽지도 보고 회상하게되고 보통 스토리게임 한번하고 삭제하는데 또해도 재미남! 근데 게임하다보면 파쿠르가 되었으면 하는거 나만그럼?,근래 했던 게임 중 정말 재밌게 했네요 첫 번째 레온 으로 하고 두번째 클레어 로 진행중 인데 두 번 플레이 하면서 뭔가 레온 으로 했을 때 랑 시점 이 살짝 다르면서 레온 이 남기 고간 쪽지 도 보고 회상 하게되 고 보통 스토리 게임 한번 하고 삭제 하는데 또 해도 재미 남 ! 근데 게임 하다 보면 파쿠르 가 되었으면 하는거 나 만 그럼 ?,2019-04-09 22:57:02
883710,Resident Evil 2,positive,콘솔로 하면 재밌겠노,콘솔 로 하면 재밌겠노,2019-04-08 23:48:08
883710,Resident Evil 2,positive,재밌다. 근데 조금 짧은거 같다 아쉽다 ㅠ,재밌다 . 근데 조금 짧은거 같다 아쉽다 ㅠ,2019-04-07 18:32:11
883710,Resident Evil 2,positive,다소 짧은 플탐 외에 그 아무것도 깔 것이 없는 개띵작,다소 짧은 플 탐 외 에 그 아무 것 도 깔 것 이 없는 개띵작,2019-04-06 23:34:25
883710,Resident Evil 2,positive,"재미있고 즐겁습니다. 조금 오래된 하드웨어 성능으론 버벅이긴 하지만, 옵션을 잘 타협한다면 큰 문제는 없습니다. 게임 자체는 2 때 구현을 못했던 요소를 살려내고 설정과 스토리를 다소 변형 시킨 ""생존"" 을 통한 게임 플레이로 계획을 잡아가며 무한 아이템들을 차례차례 꺼내는 재미가 각별하더군요. 공포에 대해서는 내성 스탯이 너무 높은 관계로 무서워서 라는 점은 깜짝 놀라는 몇몇 요소 정도만 겨우 느낄 수 있었으나 신출내기 경찰관과 그 나이에 비하면 제법 재주가 있는 여성 한명의 생존을 다루며 빈약한 무기와 부족한 탄약을 가지","재미있고 즐겁습니다 . 조금 오래된 하드웨어 성능 으론 버벅이긴 하지만 , 옵션 을 잘 타협 한다면 큰 문제 는 없습니다 . 게임 자체 는 2 때 구현 을 못 했던 요소 를 살려내고 설정 과 스토리 를 다소 변형 시킨 "" 생존 "" 을 통한 게임 플레이 로 계획 을 잡아가며 무한 아이템 들 을 차례차례 꺼내는 재미 가 각별 하더군요 . 공포 에 대해 서는 내 성 스탯 이 너무 높은 관계 로 무서워서 라는 점 은 깜짝 놀라는 몇몇 요소 정도 만 겨우 느낄 수 있었으나 신출내기 경찰관 과 그 나이 에 비 하면 제법 재주 가 있는 여성 한 명의 생존 을 다루며 빈약한 무기 와 부족한 탄약 을 가지",2019-04-06 06:23:15
883710,Resident Evil 2,positive,"7부터 입문해서 공포 게임은 잘못하지만 도전해봄 공포감은 7보다 덜하지만, 총알이 부족할수록 오는 심리적 압박감이 긴장감을 더해줌 무서운 분위기는 못 참겠는데 깜놀구간은 참을 수 있는사람이면 추천","7 부터 입문 해서 공포 게임 은 잘못 하지만 도전 해봄 공포 감은 7 보다 덜하지만 , 총알 이 부족할수록 오는 심리 적 압박 감 이 긴장감 을 더 해줌 무서운 분위기 는 못 참겠는데 깜놀 구간 은 참을 수 있는 사람 이 면 추천",2019-04-05 04:10:42
883710,Resident Evil 2,positive,개인적으로 꿀잼,개인 적 으로 꿀잼,2019-04-02 11:19:17
883710,Resident Evil 2,positive,장점 -극한의 공포감(특히 미스터 X) -유려한 그래픽 -나쁘지않은 스토리 단점 -어려운 회피 -타임 어택 강요 -너무나도 심한 뺑뺑이 -너무나도 강한 적들 -제약된 대응법 9/10,장점 - 극한 의 공포 감 ( 특히 미스터 X ) - 유려 한 그래픽 - 나쁘지 않은 스토리 단점 - 어려운 회피 - 타임 어택 강요 - 너무나도 심한 뺑뺑 이 - 너무나도 강한 적 들 - 제약 된 대응 법 9/10,2019-03-31 19:40:03
883710,Resident Evil 2,positive,처음에 받았던 스트레스들은 바주카포를 해금함과 동시에 풀렸다. 역시 좀비는 터트려야 제맛!! Ps. 트레일러 이제봤는데 트레일러가 본게임보다 무섭게 만들었음. Ps2. 돌아다니다보면 이쁜 좀비가 몇몇 보인다. 특히 유치장의 좀비누나 사랑합니다.,처음 에 받았던 스트레스 들 은 바주카포 를 해금 함 과 동시 에 풀렸다 . 역시 좀비 는 터트려 야 제 맛 !! Ps . 트레일러 이제 봤는데 트레일러 가 본 게임 보다 무섭게 만들었음 . Ps 2 . 돌아다니다 보면 이쁜 좀비 가 몇몇 보인다 . 특히 유치장 의 좀비 누나 사랑 합니다 .,2019-03-31 15:16:40
883710,Resident Evil 2,positive,스토리 개연성만 제외하면 최고의 리메이크,스토리 개연 성 만 제외 하면 최고 의 리메이크,2019-03-31 12:14:04
883710,Resident Evil 2,positive,"[h1]정신차린 캡콤의 명작 리메이크[/h1] 타일런트 미친 새끼. 레온은 경찰 주제에 존나 잘생겼고, 클레어는 존나 이쁘다 진심.. [strike]누드 패치 있는거 알지?[/strike]","[ h 1 ] 정신차린 캡콤 의 명작 리메이크 [/ h 1 ] 타일 런트 미친 새끼 . 레온 은 경찰 주제 에 존나 잘생겼고 , 클레어 는 존나 이쁘다 진심 .. [ strike ] 누드 패치 있는거 알 지 ?[/ strike ]",2019-03-31 04:51:39
883710,Resident Evil 2,positive,"옛날 오리지널 바이오하자드2의 감성을 살리면서 엄청나게 발전한 그래픽, 편의성. 단, 스토리는 살짝 아쉬운 감이 있지만, 플레이 자체가 재미있기 때문에, 이정돈 얼마든지 가볍게 넘어가도 될 것 같네요. 갓겜으로 돌아왔습니다! 많이많이 플레이하셔서 갓콤이 다른 시리즈들도 모두 리메이크 할 수 있게 힘을 실어줍시다!!!! 다른 시리즈들도 너무너무 기대되는 것...!","옛날 오 리지 널 바이오하자드 2 의 감성 을 살리면서 엄청나게 발전 한 그래픽 , 편의 성 . 단 , 스토리 는 살짝 아쉬운 감 이 있지만 , 플레이 자체 가 재미있기 때문 에 , 이 정돈 얼마 든지 가볍게 넘어가도 될 것 같네요 . 갓 겜 으로 돌아왔습니다 ! 많이 많이 플레이 하셔서 갓 콤 이 다른 시리즈 들 도 모두 리메이크 할 수 있게 힘 을 실어 줍시다 !!!! 다른 시리즈 들 도 너무 너무 기대 되는 것 ...!",2019-03-28 07:12:49
883710,Resident Evil 2,positive,갓-겜-갓 퍼즐 생존 액션 스릴러 모든게 담겨있다.,갓 - 겜 - 갓 퍼즐 생존 액션 스릴러 모든 게 담겨있다 .,2019-03-27 18:27:31
883710,Resident Evil 2,positive,어릴적 바이오하자드2를 플레이했던 막연한 기억으로 시작한 게임. 추억과 재미를 동시에 주는 소중한 게임입니다.,어릴 적 바이오하자드 2 를 플레이 했던 막연한 기억 으로 시작 한 게임 . 추억 과 재미 를 동시 에 주는 소중한 게임 입니다 .,2019-03-26 04:20:42
883710,Resident Evil 2,positive,정말 잘만든 게임이에요 최적화도 좋고 그래픽 좋고 뛰는게 조금 느린거 말곤 딱히 단점 찾기가 힘들정도 굳이 두가지 정도를 지적하자면 스토리 개연성이 없어서 레온 따로 클레어 따로 스토리가 연결이 안됨 좀비들 잡기 판정이 지나치게 좋아서 하드코어 모드로 할때는 좀 많이 빡칠거에요. 그래도 숙달 되면 할만해요 보통 일반인 기준으로 해도 어느정도 숙달되면 하드코어는 쉽게 A이상 받을 수 있어요. 캡콤 요번 출시작들은 전부 재밋네요 강추~!,정말 잘만 든 게임 이에요 최적화 도 좋고 그래픽 좋고 뛰는게 조금 느린거 말곤 딱히 단점 찾기 가 힘들 정도 굳이 두 가지 정도 를 지적 하자면 스토리 개연 성 이 없어서 레온 따로 클레어 따로 스토리 가 연결 이 안됨 좀비 들 잡기 판정 이 지나치게 좋아서 하드코어 모드 로 할 때 는 좀 많이 빡칠거에요 . 그래도 숙달 되면 할 만해 요 보통 일반인 기준 으로 해도 어느 정도 숙달 되면 하드코어 는 쉽게 A 이상 받을 수 있어요 . 캡콤 요 번 출 시작 들 은 전부 재밋네 요 강추 ~!,2019-03-26 01:58:12
883710,Resident Evil 2,positive,???:여기 있었구만 김레온이,???: 여기 있었구만 김 레온 이,2019-03-25 20:00:26
883710,Resident Evil 2,positive,약2달간 재미있었습니다 결국 하드코어 s+은 실패하고 일단 접습니다만 정말 잘만든게임입니다,약 2 달 간 재미있었습니다 결국 하드코어 s + 은 실패하고 일단 접습니다만 정말 잘만 든 게임 입니다,2019-03-25 06:46:06
883710,Resident Evil 2,positive,"1회차 11시간 걸려서 영혼까지 털린 후에 2회차 도저히 엄두가 안남 ㅠㅠ... 혼자하기에는 좀 무섭고 어디로 가야할지, 뭘 해야할지도 잘 모르겠어서 옆에 친구 안끼면 플레이가 힘들었던 게임이였음. 같은 곳 또 돌아다니기 싫어하는 나같은 사람은 1회차 클리어하고 다시하기 힘들어서 6만원 돈값은 못할 거 같음","1회 차 11시간 걸려서 영혼 까지 털린 후 에 2회 차 도저히 엄두 가 안남 ㅠㅠ ... 혼자 하기에는 좀 무섭고 어디 로 가야 할지 , 뭘 해야 할지도 잘 모르겠어서 옆 에 친구 안 끼면 플레이 가 힘들었던 게임 이 였음 . 같은 곳 또 돌아다니기 싫어하는 나 같은 사람 은 1회 차 클리어 하고 다시 하기 힘들어서 6만원 돈값 은 못 할 거 같음",2019-03-25 06:34:01
883710,Resident Evil 2,positive,이상한 모드 같은 패치때문에 게임 본연의 작품성이 파훼되는것 같아 마음이 안좋습니다. 문제의 심각성을 제대로 인지하기 위해 모드메니져를 통한 몇몇 패치를 깔아봤는데 너무 좋았습니다. 허언증약먹을 시간됐다.,이상한 모드 같은 패치 때문 에 게임 본연 의 작품 성 이 파훼 되는것 같아 마음 이 안좋습니다 . 문제 의 심각 성 을 제대로 인지 하기 위해 모드 메니져를 통한 몇몇 패치 를 깔아 봤는데 너무 좋았습니다 . 허언증 약 먹을 시간 됐다 .,2019-03-25 06:08:59
883710,Resident Evil 2,positive,"무서운 게임이나 그외 컨텐츠 - 그닥 좋아하지 않으며, 쉽게 즐기지도 못하는 편 난이도도 일반 기준으로 초중반쯤이 어렵다. 그 후 익숙해지고 난 뒤에는 보스전도 그렇고 그렇게 어렵지 않지만 그래도 재밌다. 쫄깃쫄깃 무서워서 그만해야지 하고 껐다가 다음날 다시 오늘은 좀 오래 해봐야지 하고 켜게 된다. 하루 1~2시간씩 꾸준히해서 결국 레온A 일반 엔딩 봤습니다. 정말로 겁이 너무너무 많거나 쫄보가 아니라면 결국 재미있게 할만하다고 봅니다. 타일런트만 잘 극복하시길..","무서운 게임 이나 그 외 컨텐츠 - 그닥 좋아하지 않으며 , 쉽게 즐기지도 못 하는 편 난이도 도 일반 기준 으로 초 중반 쯤 이 어렵다 . 그 후 익숙해지고 난 뒤 에는 보스 전도 그렇고 그렇게 어렵지 않지만 그래도 재밌다 . 쫄깃쫄깃 무서워서 그만해야지 하고 껐다가 다음 날 다시 오늘 은 좀 오래 해봐야지 하고 켜게 된다 . 하루 1~2시간 씩 꾸준히 해서 결국 레온 A 일반 엔딩 봤습니다 . 정말로 겁 이 너무 너무 많거나 쫄보 가 아니라면 결국 재미있게 할만 하다고 봅니다 . 타 일 런트 만 잘 극복 하시길 ..",2019-03-23 22:12:26
883710,Resident Evil 2,positive,재밌음 사실 레지던트이블 시리즈를 첨해보는건데도 하는데는지장없음 사용이높으면 더좋을것같음. 간만에 퍼즐의 늪에 빠져서 조금 행보켓다 글고 총알매우부족... 나같은 난사쟁이한테는 고난과역경의 겜,재밌음 사실 레지던트이블 시리즈 를 첨 해보는건데 도 하는데는 지장 없음 사용 이 높으면 더 좋을것 같음 . 간만 에 퍼즐 의 늪 에 빠져서 조금 행 보켓다 글 고 총알 매우 부족 ... 나 같은 난사 쟁이 한테 는 고난 과 역경 의 겜,2019-03-23 05:06:29
883710,Resident Evil 2,positive,98년도 고전게임을 최근의 게임스타일로 재탄생 시킨 역대급 리메이크작. 원작의 팬이라면 무조건 해봐야함.,98년 도 고전 게임 을 최근 의 게임 스타일 로 재탄생 시킨 역대 급 리메이크 작 . 원작 의 팬 이 라면 무조건 해봐 야함 .,2019-03-22 20:06:00
883710,Resident Evil 2,positive,바이오하자드2 클레어 리메이크 엔딩까지했습니다 너무재미있내요 이제 공략 레온하고있어요 사신 헝크 제4의생존자 헬기지점까지 기록꺴어요 기록이 00:12:53분,바이오하자드 2 클레어 리메이크 엔딩 까지 했습니다 너무 재미있내요 이제 공략 레온 하고있어요 사신 헝크 제 4 의 생존자 헬기 지점 까지 기록 꺴 어 요 기록 이 00:12 : 53분,2019-03-20 16:55:44
883710,Resident Evil 2,positive,짧으면서 강렬하고 중독성이 있다. 다만 캐릭터 조작이 구시대와 동일하기 때문에 요즘 게임의 자유로운 움직임에 익숙한 유저들에게는 불편함으로 다가 올 수 있다. 좀비의 방어력 설정이 조금 비합리적인게 흠...크리가 터지면 권총탄 한방으로도 죽지만 안터지면 십수발을 헤드샷으로 꽂아넣어도 안죽는다. 언제 죽을까 긴장된다며 좋아하는 유저도 있다.,짧으면서 강렬하고 중독 성 이 있다 . 다만 캐릭터 조작 이 구시대 와 동일하기 때문 에 요즘 게임 의 자유로운 움직임 에 익숙한 유저 들 에게는 불편함으로 다가 올 수 있다 . 좀비 의 방어 력 설정 이 조금 비합리적 인게 흠 ... 크리 가 터지면 권 총탄 한 방 으로도 죽지 만 안 터지면 십 수발 을 헤드샷 으로 꽂아 넣어도 안 죽는다 . 언제 죽을까 긴장 된다며 좋아하는 유저 도 있다 .,2019-03-19 02:17:30
883710,Resident Evil 2,positive,"하프라이프2의 레이븐홈같은 음산한 분위기만 있는 게 아닌, 둠3같은 눈알잭스 임프들의 깜짝파티도 아닌, 공포가 어디에서 나오는지를 확실히 알려주는 게임입니다. 발자국 소리 잘못내도 죽을 수 있다는 진짜 무서움을 느끼게 해줍니다. 심장이 약한 분은 빠른 이승하직 외의 용도로는 사용해서는 안됩니다. 적당한 긴장을 즐긴다면 할인 안해도 구매가치 충분합니다. 공포 거의 안 타서 자신있게 불끄고 즐겼는데 문열려다 김두한 나오는 거 보고 숨넘어갈뻔","하프라이프 2 의 레이븐홈 같은 음산한 분위기 만 있는 게 아닌 , 둠 3 같은 눈알 잭스 임프들 의 깜짝 파티 도 아닌 , 공포 가 어디 에서 나오는지를 확실히 알려주는 게임 입니다 . 발자국 소리 잘 못 내도 죽 을 수 있다는 진짜 무서움 을 느끼게 해줍니다 . 심장 이 약한 분 은 빠른 이승 하직 외 의 용도 로는 사용 해서는 안됩니다 . 적당한 긴장 을 즐긴다면 할인 안해 도 구매 가치 충분합니다 . 공포 거의 안 타서 자신있게 불 끄고 즐겼는데 문 열 려 다 김두한 나오는 거 보고 숨 넘어갈 뻔",2019-03-18 00:35:46
883710,Resident Evil 2,positive,타노스 새끼 존나무섭네,타 노스 새끼 존나 무섭네,2019-03-17 17:13:42
883710,Resident Evil 2,positive,"[h1]갓콤[/h1] 바하와 데메크가 나오면서 게임 불감증이 사라졌습니다. 정가에 게임을 구매하는걸 꺼려하던 저를 두 번이나 예약구매하게 만든 캡콤은 돈이 아깝지 않은 게임을 두 개나 출시했네요. RE 엔진은 소스엔진에 버금갈 정도로 갓 엔진이라 느끼며 마치 라오어를 보는듯한 엄청난 그래픽 타협을 보여주면서 힘 줄데는 확실히 주고 뺄데는 티 안나게 빼주면서 그래픽으로 최고의 몰입도를 선사, 최적화까지 잡았습니다. 데빌 메이 크라이는 메인 스토리 플레이 타임이 짧은편인 반면 바이오하자드는 전혀 아닙니다. 레온과 클레어 파트를 나","[ h 1 ] 갓 콤 [/ h 1 ] 바하 와 데메 크가 나오면서 게임 불감증 이 사라졌습니다 . 정가 에 게임 을 구매 하 는걸 꺼려하던 저 를 두 번 이나 예 약 구매 하 게 만든 캡콤 은 돈 이 아깝지 않은 게임 을 두 개 나 출시 했네요 . RE 엔진 은 소스엔진 에 버금 갈 정도 로 갓 엔진 이라 느끼며 마치 라오어 를 보는듯 한 엄청난 그래픽 타협 을 보여주면서 힘 줄데는 확실히 주고 뺄데는 티 안나 게 빼주면서 그래픽 으로 최고 의 몰입도 를 선사 , 최적화 까지 잡았습니다 . 데빌 메이 크라이 는 메인 스토리 플레이 타임 이 짧은 편 인 반면 바이오하자드 는 전혀 아닙니다 . 레온 과 클레어 파트 를 나",2019-03-17 15:28:38
883710,Resident Evil 2,positive,원작인 바이오하자드2 를 하기 위해 PS1와 원작 PS게임 CD를 사서 실기로 플레이 했었을 정도로 원작에 애착을 갖고 있는 시리즈 팬으로써 이번 리메이크 작은 메타 평균 90점 점수가 충분히 납득이 가는 명작입니다. PS4으로 먼저 플레이하고 PC판까지 구매해서 플레이 했는데 정말 오랜만에 옛날 바이오하자드 시리즈 초기작들을 최신 시스템으로 하는 느낌이 들었네요. 서바이벌 호러적인 요소들 때문에 요즘 액션 게임과는 다른 자세로 접근하신다면 충분히 재밌게 즐기실 수 있을 만한 작품입니다.,원작 인 바이오하자드 2 를 하기 위해 PS 1 와 원작 PS 게임 CD 를 사서 실기 로 플레이 했었을 정도 로 원작 에 애착 을 갖고 있는 시리즈 팬 으로써 이번 리메이크 작은 메타 평균 90 점 점수 가 충분히 납득 이 가는 명작 입니다 . PS 4 으로 먼저 플레이 하고 PC 판 까지 구매 해서 플레이 했는데 정말 오랜 만 에 옛날 바이오하자드 시리즈 초기 작 들 을 최신 시스템 으로 하는 느낌 이 들었네요 . 서바이벌 호러 적 인 요소 들 때문 에 요즘 액션 게임 과는 다른 자세 로 접근 하신다면 충분히 재밌게 즐기실 수 있을 만 한 작품 입니다 .,2019-03-16 21:07:11
883710,Resident Evil 2,positive,"바이오하자드 팬으로써 너무나 만족스러운 작품을 만들어주셨네요. 다음 작품부터는 기존 작품들의 주인공들이 이미 초인이 되서 이런 분위기 내기 힘들겠지만, 앞으로는 바하7같이 새로운 주인공을 스토리에 개입해서 바하2분위기를 내주셨으면 좋겠어요. 아 그리고 게임분량 생각보다 길어서... 휴가마치기 전에 못 깨둔게 한이 차네요ㅜㅜㅜ","바이오하자드 팬 으로써 너무나 만족스러운 작품 을 만들어주셨네요 . 다음 작품 부터는 기존 작품 들 의 주인공 들 이 이미 초인 이 되서 이런 분위기 내기 힘들겠지만 , 앞 으로는 바하 7 같이 새로운 주인공 을 스토리 에 개입 해서 바하 2분 위기를 내주셨으면 좋겠어요 . 아 그리고 게임 분량 생각 보다 길어서 ... 휴가 마치기 전 에 못 깨 둔게 한 이 차네요 ㅜㅜㅜ",2019-03-16 19:59:20
883710,Resident Evil 2,positive,타이런트 미친새끼가 주차장 벽뚫고 나올때 쎄 바 아 씨이발 아..잠깐만..아 제발..아..,타 이런 트 미친 새끼 가 주차장 벽 뚫고 나올 때 쎄 바 아 씨 이발 아 .. 잠깐 만 .. 아 제발 .. 아 ..,2019-03-16 01:15:00
883710,Resident Evil 2,positive,"역시 ""게임은 이렇게 만드는거다"" 라고 제대로 보여주는 게임회사 캡콤 아주 칭찬해요~","역시 "" 게임 은 이렇게 만드는거다 "" 라고 제대로 보여주는 게임 회사 캡콤 아주 칭찬 해요 ~",2019-03-15 10:48:31
883710,Resident Evil 2,positive,티어별 행동 [몹] 뉴비 : 원거리 무기로 무조건 보이는적을 모두사살 (탄약이 부족할때가 매우많음) 초보 : 보조무기를 사용하기 시작함 중수 : 좀비를 무조건 죽이기 보단 다리를 쏴서 스턴을 준다음 빠져나가기 시작함 고수 : 권총으로 스턴을 주고 칼로 썰음 고인물 : 죽이는것도 귀찮음 그냥 1대맞고 지나가거나 요령껏 잘피해감 [보스] 뉴비 : 진행을 어떻게 하던간에 일단 저건 잡아야하므로 있는총알을 짜내어 쏨 초보 : 약점을 요령있게 쏘기시작 중수 : 상대의 공격패턴을 알기때문에 효율적으로 싸움 고수 : 칼과 투척무기만 있어도 G,티어 별 행동 [ 몹 ] 뉴비 : 원거리 무기 로 무조건 보이는 적 을 모두 사살 ( 탄약 이 부족할 때 가 매우 많음 ) 초보 : 보조 무기 를 사용 하기 시작 함 중수 : 좀비 를 무조건 죽이기 보단 다리 를 쏴서 스턴 을 준다음 빠져나가기 시작 함 고수 : 권총 으로 스턴 을 주고 칼 로 썰음 고 인물 : 죽이는것도 귀찮음 그냥 1 대 맞고 지나가거나 요령 껏 잘피 해감 [ 보스 ] 뉴비 : 진행 을 어떻게 하던 간 에 일단 저건 잡아야하므로 있는 총알 을 짜내어 쏨 초보 : 약점 을 요령 있게 쏘기 시작 중수 : 상대 의 공격 패턴 을 알기 때문 에 효율 적 으로 싸움 고수 : 칼 과 투척무기 만 있어도 G,2019-03-15 02:24:58
883710,Resident Evil 2,positive,얻어놓고 묵히게 되는 갓겜,얻어놓고 묵히게 되는 갓 겜,2019-03-14 17:34:13
883710,Resident Evil 2,positive,"나도 모르게 반복적으로 계속 하게 되네요.. 아이템 파밍하는 재미, 타격감, 긴장감 등등 딱 제 스타일이네요.","나도 모르게 반복 적 으로 계속 하게 되네요 .. 아이템 파밍 하는 재미 , 타 격감 , 긴장감 등등 딱 제 스타일 이네 요 .",2019-03-13 20:00:47
883710,Resident Evil 2,positive,왜 이렇게 재미있는 게임들은 다 어려운거야?,왜 이렇게 재미있는 게임 들 은 다 어려운거야 ?,2019-03-12 21:55:23
883710,Resident Evil 2,positive,이런 귀하신 게임을 PC로 출시해준 캡콤에게 감사의 말씀을,이런 귀하신 게임 을 PC 로 출시 해준 캡콤 에게 감사 의 말씀 을,2019-03-12 03:58:53
883710,Resident Evil 2,positive,추천하지 않을 수 없는 작품. 적절한 공포감과 액션의 조화 게임이 진행되는 동안 적절한 긴장감 변화 특유의 정체성의 느껴지는 TPS 굿굿,추천 하지 않을 수 없는 작품 . 적절한 공포 감 과 액션 의 조화 게임 이 진행 되는 동안 적절한 긴장감 변화 특유 의 정체 성의 느껴지는 TPS 굿굿,2019-03-10 20:59:24
883710,Resident Evil 2,positive,무섭고 재밌고 계속 하게 된다.,무섭고 재밌고 계속 하게 된다 .,2019-03-10 01:40:44
883710,Resident Evil 2,positive,그냥 갓-겜 바로 사세요 후회 안합니다,그냥 갓 - 겜 바로 사세요 후회 안 합니다,2019-03-09 12:15:28
883710,Resident Evil 2,positive,"* 1시간 플레이 - 게임 불감증인데.. 재미있네. - 게임하면서 놀라 욕나오기는 처음이다. - 수수께기도 적당하고, 아직은 재미있네.","* 1시간 플레이 - 게임 불감증 인데 .. 재미있네 . - 게임 하면서 놀라 욕 나오기는 처음 이다 . - 수수 께 기도 적당하고 , 아직 은 재미있네 .",2019-03-08 22:56:06
883710,Resident Evil 2,positive,우리 캡콤이 달라졌어요,우리 캡콤 이 달라졌어요,2019-03-08 03:13:25
883710,Resident Evil 2,positive,게임에 익숙해지면 모든 좀비들을 내 다리 내놔 로 만들고 전설의 고향 체험이 가능합니다.,게임 에 익숙해지면 모든 좀비 들 을 내 다리 내놔 로 만들고 전설 의 고향 체험 이 가능합니다 .,2019-03-07 14:55:44
883710,Resident Evil 2,positive,무섭고 재밌음. 아쉬운게 있다면 전력질주가 없어서 조금 답답함.,무섭고 재밌음 . 아쉬운게 있다면 전력 질주 가 없어서 조금 답답함 .,2019-03-06 15:36:17
883710,Resident Evil 2,positive,"80년대생 저같은 겜저씨들은 추억보정까지 받아서 더욱 재미있게 플레이 하셨을겁니다. 예약구매로 발매일부터 플레이 했는데..몇번이나 클리어하고 또 했는지 모르겠네요. 아이러니하게 이런 바하2플레이를 막는것은 또다른 추억의 게임 데빌메이크라이죠..역시 예구를 했기에 월요일 휴가까지 냈습니다..ㅎㅎ이제 남은건 바하3,4를 RE엔진으로 다시금 리메이크 해주시길...구매를 망설이시는 분들께는 강추합니다. 구매할까?말까 고민되면 그냥 구입하세요. 나는 무서운거 못하겠다 하시는 분이나 바하시리즈를 안해보셧는데 궁금증때문에 고민되시면 우선 몇일뒤","80년 대생 저 같은 겜 저 씨 들 은 추억 보정 까지 받아서 더욱 재미있게 플레이 하셨을 겁니다 . 예 약 구매 로 발매 일 부터 플레이 했는데 .. 몇번 이나 클리어 하고 또 했는지 모르겠네요 . 아이러니 하게 이런 바하 2 플레이 를 막는것은 또다른 추억 의 게임 데빌 메이크 라이 죠 .. 역시 예 구 를 했기에 월요일 휴가 까지 냈습니다 .. ㅎㅎ 이제 남은건 바하 3 , 4 를 RE 엔진 으로 다시금 리메이크 해주시길 ... 구매 를 망설이시는 분 들께는 강 추합니다 . 구매 할까 ? 말까 고민 되면 그냥 구입 하세요 . 나 는 무서운거 못 하겠다 하시는 분 이나 바하 시리즈 를 안 해보 셧 는데 궁금증 때문 에 고민 되시면 우선 몇 일 뒤",2019-03-06 05:58:07
883710,Resident Evil 2,positive,엄청 좋다. 하드코어는 손이 잘 안간다 실수한번하면 황천길이라,엄청 좋다 . 하드코어 는 손 이 잘 안 간다 실수 한 번하면 황천 길이 라,2019-03-05 15:11:34
883710,Resident Evil 2,positive,말이 필요한가,말 이 필요한가,2019-03-04 03:45:12
883710,Resident Evil 2,positive,"어렸을적 인생겜이었던 바하2 중학교 시절했던 작품을 20년 후에 새로워진 모습으로 30대 중반이 되서 다시하게 되다니 감회가 새롭네요. 20년전 센세이션을 일으켰던 작품답게 리메이크 작인 본작도 정말 잘 만들었습니다. 그래픽도 준수하고, 원작에 큰 변화를 주지 않은 스토리와 연출, 사운드 다만 아쉬운건 플레이 시간이 짧다. 그리고 재핑시스템이 어설픈 정도? 그외에는 정말 공포게임 매니아라면 충분히 추천할만한 작품 같습니다.","어렸을 적 인생 겜 이었던 바하 2 중학교 시절 했던 작품 을 20년 후 에 새로워진 모습 으로 30 대 중반 이 되서 다시 하게 되다니 감회 가 새롭네요 . 20년 전 센세이션 을 일으켰던 작품 답 게 리메이크 작 인 본 작도 정말 잘 만들었습니다 . 그래픽 도 준수 하고 , 원작 에 큰 변화 를 주지 않은 스토리 와 연출 , 사운드 다만 아쉬운건 플레이 시간 이 짧다 . 그리고 재핑 시스템 이 어설픈 정도 ? 그 외 에는 정말 공포 게임 매니아 라면 충분히 추천 할만 한 작품 같습니다 .",2019-03-03 21:48:26
883710,Resident Evil 2,positive,최고의 바하였다고 생각. 이제 좀비들 때려잡게 무한 모드 만들어줘...,최고 의 바 하였다고 생각 . 이제 좀비 들 때려 잡게 무한 모드 만들어줘 ...,2019-03-02 17:25:16
883710,Resident Evil 2,positive,"레온, 클레어 A루트 B 루트 둘다 하드코어 S, S+ 찍고 플레이 약 55시간 이상 해본 소감으로써, 솔직히 개연성 부족한거 빼고는 다 마음에 드는 작품 입니다 솔직히 6만원 주고 사도 안아까움","레온 , 클레어 A 루트 B 루트 둘다 하드코어 S , S + 찍고 플레이 약 55시간 이상 해본 소감 으로써 , 솔직히 개연 성 부족한거 빼고는 다 마음 에 드는 작품 입니다 솔직히 6만원 주고 사도 안아까 움",2019-03-02 13:03:06
883710,Resident Evil 2,positive,쫄려서 아ㅏㅏㅏ주 옛날에 사놓고 못하고 있다.. 빌리지는 꼭 해야 하는데 어떡하지,쫄려 서 아 ㅏㅏㅏ 주 옛날 에 사놓고 못 하고 있다 .. 빌리지는 꼭 해야 하는데 어떡하지,2019-03-02 09:48:03
883710,Resident Evil 2,positive,올드팬이라면 DLC로 파는 오리지널 사운드트랙 모드 꼭 사용하길 추천함.,올 드팬 이 라면 DLC 로 파는 오 리지 널 사운드트랙 모드 꼭 사용 하길 추천 함 .,2019-03-02 02:29:51
883710,Resident Evil 2,positive,싱글 온리겜치곤 플탐이 짧지만 재밌음 ㅆㅅㅌㅊ,싱글 온리 겜 치곤 플 탐이 짧지만 재밌음 ㅆㅅㅌㅊ,2019-03-01 22:20:53
883710,Resident Evil 2,positive,정말 재미있게 했네요. 모든 리메이크 작품들이 이 정도만 나와줬으면 불만이 없겠습니다.,정말 재미있게 했네요 . 모든 리메이크 작품 들 이 이 정도 만 나와 줬으면 불만 이 없겠습니다 .,2019-03-01 13:49:00
883710,Resident Evil 2,positive,리벨2와 그 이전작들과는 비교도 안되는 깔끔하고 화려한 그래픽 그럼에도 프레임이 잘나오는거 보니 최적화도 좋으며 무엇보다 호러와 액션 두마리 토끼를 다 잡은 명작 플레이와 스토리가 이제까지한 바이오하자드 시리즈중 제일 재밌었다,리벨 2 와 그 이 전작 들 과는 비교 도 안되는 깔끔하고 화려한 그래픽 그럼에도 프레임 이 잘나오는거 보니 최적화 도 좋으며 무엇 보다 호러 와 액션 두 마리 토끼 를 다 잡은 명작 플레이 와 스토리 가 이제 까지 한 바이오하자드 시리즈 중 제일 재밌었다,2019-03-01 01:58:31
883710,Resident Evil 2,positive,추가 DLC좀 제발 찍어내듯 내주세요.. 할 게 없어요 ㅜㅜ,추가 DLC 좀 제발 찍어내듯 내주세요 .. 할 게 없어요 ㅜㅜ,2019-03-01 00:02:38
883710,Resident Evil 2,positive,타일런트 좀 치워라 마,타일 런트 좀 치워라 마,2019-02-28 16:09:15
883710,Resident Evil 2,positive,바이오하자드 씨리즈 중 호러와 액션 둘다 잡은 오랜만의 수작이다... 바하2리메이크 재밌게 한 분들은 레벨레이션2가 하위호환정도되는 게임이니 해보시길 바람,바이오하자드 씨 리즈 중 호러 와 액션 둘다 잡은 오랜 만 의 수작 이다 ... 바하 2 리메이크 재밌게 한 분 들 은 레벨 레이 션 2 가 하위호환 정도 되는 게임 이니 해보시길 바람,2019-02-28 13:13:56
883710,Resident Evil 2,positive,처음엔 무서웠지만 하면 할수록 재미있다~! 무한나이프 꼭 얻어라!! 개인적으로 이겜의 진정한 묘미는 무한나이프로 좀비 회뜨는 재미가 일품이다!!! 다회차 하는 이유도 무한나이프를 얻기 위해서이닷!!! ㅋㅋㅋㅋㅋㅋㅋㅋㅋㅋ,처음 엔 무서웠지만 하면 할수록 재미있다 ~! 무한 나이프 꼭 얻어라 !! 개인 적 으로 이 겜 의 진정한 묘미 는 무한 나이프 로 좀비 회 뜨는 재미 가 일품 이다 !!! 다 회차 하는 이유 도 무한 나이프 를 얻기 위 해서이닷 !!! ㅋㅋㅋㅋㅋㅋㅋㅋㅋㅋ,2019-02-28 10:21:10
883710,Resident Evil 2,positive,"쥔공들은 다리가 병신인지 제대로 뛰지를 않고, 뒤에서 좀비가 오지만 천천히 올라가는 셔터 앞에서 절대로 무릎을 굽히지 않는 개쌍남자(여자)들이다. 그렇지만 게임은 재밌었다.","쥔 공 들 은 다리 가 병신 인지 제대로 뛰지를 않고 , 뒤 에서 좀비 가 오지 만 천천히 올라가는 셔터 앞 에서 절대로 무릎 을 굽히지 않는 개쌍 남자 ( 여자 ) 들이다 . 그렇지만 게임 은 재밌었다 .",2019-02-28 02:02:32
883710,Resident Evil 2,positive,오랜만에 재밌게 플레이한 스팀게임. 정가주고 샀는데 그렇게 아깝다는 생각이 안듦. 추천함,오랜 만 에 재밌게 플레이 한 스팀 게임 . 정가 주고 샀는데 그렇게 아깝다는 생각 이 안 듦 . 추천 함,2019-02-27 21:17:27
883710,Resident Evil 2,positive,다리를 노렸어야지,다리 를 노렸어야지,2019-02-24 20:29:47
883710,Resident Evil 2,positive,게임은재미잇고 다좋은데 먼가가조금부족다는 느낌이있음,게임 은 재미 잇고 다 좋은데 먼가가 조금 부족 다는 느낌이있음,2019-02-24 00:14:55
883710,Resident Evil 2,positive,타노스 개무섭누,타 노스 개 무섭 누,2019-02-24 00:10:27
883710,Resident Evil 2,positive,"2019 1/4분기 작년 중반부터 매체에서 이빨까던 서양권 대작 게임들이 줄줄이 통수를 치고 있는 와중에 갑자기 나타나 갓겜이 되었다. 블리자드도 액티비전이라는 악마에 빙의되고, EA는 여전히 모든걸 먹어치우는데다가 갑자기 에픽 게임즈인가 하는게 생겨나 수수료를 덜 때게 해준다면서 한국에 지역락을 걸고 PC 지역락 걸린 게임을 플스로 10만원에 팔질 않나. 북미쪽에서 게임이 엄청난 수익사업이라는 뇌의 거품이 빠질때까지 몇몇 회사들 (락스타게임즈같은) 대형 회사를 제외하면 서로 먹고 먹히는 더러운 양상이 계속 될 것 같다. 그 와중에","2019 1/4분 기 작년 중반 부터 매체 에서 이빨 까던 서양 권 대작 게임 들 이 줄줄이 통수 를 치고 있는 와중 에 갑자기 나타나 갓 겜 이 되었다 . 블리자드 도 액티비전 이라는 악마 에 빙의 되고 , EA 는 여전히 모든 걸 먹어 치우는데다가 갑자기 에픽 게임 즈 인 가 하는게 생겨나 수수료 를 덜 때 게 해준다면서 한국 에 지역락 을 걸고 PC 지역 락 걸린 게임 을 플스 로 10만원 에 팔질 않나 . 북미 쪽 에서 게임 이 엄청난 수익 사업 이라는 뇌 의 거품 이 빠질 때 까지 몇몇 회사 들 ( 락스타 게임 즈 같 은 ) 대형 회사 를 제외 하면 서로 먹고 먹히는 더러운 양상 이 계속 될 것 같다 . 그 와중 에",2019-02-23 19:33:17
883710,Resident Evil 2,positive,좋은 게임. 다양한 총과.무기 있으면 더 잼있지 안을까? 다른주인공으로도 하고싶음. 잘만들었음.,좋은 게임 . 다양한 총 과 . 무기 있으면 더 잼있지 안을까 ? 다른 주인공 으로도 하고싶음 . 잘 만들었음 .,2019-02-23 18:07:27
883710,Resident Evil 2,positive,갓겜 ^^ 내인생 최고의 게임,갓 겜 ^^ 내 인생 최고 의 게임,2019-02-23 17:07:14
883710,Resident Evil 2,positive,유튜브 방송 한번 보고 플레이하는데도 길 겁나 헷갈리는 갓겜. 타노스형 팬티만 입고 돌아다니게 하는 모드깔고하면 호모나섹상에,유튜브 방송 한번 보고 플레이 하는데도 길 겁나 헷갈리는 갓 겜 . 타 노스 형 팬티 만 입고 돌아다니게 하는 모드 깔고하면 호모 나 섹 상 에,2019-02-23 17:04:19
883710,Resident Evil 2,positive,어이 김레온이,어이 김 레온 이,2019-02-23 14:11:12
883710,Resident Evil 2,positive,dlc로 아웃브레이크 내주세요,dlc 로 아웃브레이크 내주세요,2019-02-23 13:41:51
883710,Resident Evil 2,positive,장점 : 좀비와 주인공들의 싸움을 재밌게 풀어냄 3인칭 슈팅 게임을 좋아하면 재밌게 즐길수있음 단점 : 세이브 파일 지우기 어려움,장점 : 좀비 와 주인공 들 의 싸움 을 재밌게 풀어 냄 3 인칭 슈팅 게임 을 좋아하면 재밌게 즐길수있음 단점 : 세이브 파일 지우기 어려움,2019-02-23 03:32:01
883710,Resident Evil 2,positive,겁나 무섭고 겁나 재밌고 겁나짜릿하다. 하면할수록 어려운 게임이 이것이 아닐까한다. 하면할수록 도전하고 싶은 게임이 이것이 아닐까한다.,겁나 무섭고 겁나 재밌고 겁나 짜릿하다 . 하면 할수록 어려운 게임 이 이 것 이 아닐까 한다 . 하면 할수록 도전 하고 싶은 게임 이 이 것 이 아닐까 한다 .,2019-02-22 23:57:35
883710,Resident Evil 2,positive,좋았던점: 그저 갓겜 무섭지만 계속 할 수밖에 없는 게임 싫었던점: a b 개연성 똥망,좋았던 점 : 그저 갓 겜 무섭지만 계속 할 수 밖에 없는 게임 싫었던 점 : a b 개연 성 똥망,2019-02-22 22:26:13
883710,Resident Evil 2,positive,공식 성인모드를 내달라.... 어찌하여 좀비가 무는데 팔다리 자상이 없고 옷이 멀쩡한가.....,공식 성인 모드 를 내달 라 .... 어찌하여 좀비 가 무는데 팔다리 자상 이 없고 옷 이 멀쩡한가 .....,2019-02-22 20:17:11
883710,Resident Evil 2,positive,전체적으로 좋지만 a파트와 b파트 서로 연결이 잘 안되는 것이 좀 아쉬웠다. 겹치는 보스전은 진짜 별로였다. 하지만 이 작품을 리메이크 해준 것 만으로도 좋았음.,전체 적 으로 좋지만 a 파트 와 b 파트 서로 연결 이 잘 안되는 것 이 좀 아쉬웠다 . 겹 치는 보스 전 은 진짜 별로 였다 . 하지만 이 작품 을 리메이크 해준 것 만으로도 좋았음 .,2019-02-22 12:25:23
883710,Resident Evil 2,positive,"★★★★★ / ★★★★★ 추천 매수가 - 정가로 사도 괜찮습니다. 영화병이 걸린 캡-콤이 20주년 기념으로 낸 과거 게임의 리메이크작이라고 합니다. 초반 좀비에게 잡혔을떄 어쨰선지 Y라던가 SPACE가 나와서 QTE를 해야할 것 같은 충동이 있었는데 전혀 없어서 굉장히 놀랐습니다. 몸은 어쨰선지 4,5,6에 적응해서 움찔움찔했는데.. 좋은 그래픽, 연출이나 모션들에 '이래서 프랜차이즈구나!' 하고 감탄하면서 했습니다. 메인 시나리오의 진행도 아주 흥미진진했내요. 1주차때 하는 법을 몰라 경찰서에서 총알이 거덜난채 헤맨건 다시","★★★★★ / ★★★★★ 추천 매수 가 - 정가 로 사도 괜찮습니다 . 영 화병 이 걸린 캡 - 콤 이 20 주년 기념 으로 낸 과거 게임 의 리메이크 작 이라고 합니다 . 초반 좀비 에게 잡혔을 떄 어쨰선 지 Y 라던가 SPACE 가 나와서 QTE 를 해야 할 것 같은 충 동이 있었는데 전혀 없어서 굉장히 놀랐습니다 . 몸 은 어쨰선 지 4 , 5 , 6 에 적응해서 움찔움찔 했는데 .. 좋은 그래픽 , 연출 이나 모션 들 에 ' 이래서 프랜차이즈 구나 !' 하고 감탄 하면서 했습니다 . 메인 시나리오 의 진행 도 아주 흥미진진 했내요 . 1 주차 때 하는 법 을 몰라 경찰서 에서 총알 이 거덜 난 채 헤맨건 다시",2019-02-22 02:34:06
883710,Resident Evil 2,positive,"공포게임으로의 회귀라는 말이 잘 어울리는 작품이네요. 그래픽 발전과 더불어 출시된 4는 괜찮은 방향성 전환이었는데, 5와 6을 거치며 게임의 방향은 궤도를 바꿔 거의 괴물이 등장하는 액션게임이 된 느낌이었죠. 하지만 바이오하자드 특유의 세계관과 느릿하면서도 압박감을 주던 좀비, 연구소에서 탈출한 생물병기들이 매력적이었던 유저로서는 '공포' 라는 장르가 점점 퇴색되어가는 느낌에 안타깝기 그지없었습니다. 그런와중에 등장한 바이오하자드7은 더이상 이 게임에 '공포'를 느낄 수 없어 흥미가 식어가던 저에게 새로운 불씨를 당겨준 작품이었","공포 게임 으로의 회귀 라는 말 이 잘 어울리는 작품 이네 요 . 그래픽 발전 과 더불어 출시 된 4 는 괜찮은 방향성 전환 이었는데 , 5 와 6 을 거치 며 게임 의 방향 은 궤도 를 바꿔 거의 괴물 이 등장 하는 액션게임 이 된 느낌이었죠 . 하지만 바이오하자드 특유 의 세계관 과 느릿하면서도 압박 감 을 주던 좀비 , 연구소 에서 탈출 한 생물 병기 들 이 매력 적 이었던 유저 로서 는 ' 공포 ' 라는 장르 가 점점 퇴색 되어가는 느낌 에 안타깝기 그 지 없었습니다 . 그런 와중 에 등장 한 바이오하자드 7 은 더 이상 이 게임 에 ' 공포 ' 를 느낄 수 없어 흥미 가 식어가던 저 에게 새로운 불씨 를 당겨 준 작품 이었",2019-02-21 22:02:02
883710,Resident Evil 2,positive,타일런트가 무서웠다,타 일 런트 가 무서웠다,2019-02-21 18:04:48
883710,Resident Evil 2,positive,"재밌습니다. 단, 바하 특유의 퍼즐은 호불호 갈립니다. 평가를 요약하자면 딱 요렇겠습니다. 오래간만에 리메이크로 접하니 반갑더군요. 특유의 과거 향수도 잘 살려 놓았고... 공포 게임이 나중에는 학살 게임으로 변모해 버리거나, 일부러 인터페이스를 불편하게 해서 제약을 많이 두거나 하는 편인데 바하2 리메이크는 이 선을 잘 지켜서 납득 될 만한 완성도로 나왔습니다. 바하 하면 T바이러스나 타일런트보다 G바이러스 버킨 박사가 아주 강렬하게 각인 되었는데.. 그래픽 발전된 걸로 보니 반갑고 여전(?) 하시더군요. 다들 얼굴도 실사화","재밌습니다 . 단 , 바하 특유 의 퍼즐 은 호불호 갈립니다 . 평가 를 요약 하자면 딱 요 렇 겠습니다 . 오래간만 에 리메이크 로 접 하니 반갑더군요 . 특유 의 과거 향수 도 잘 살려 놓았고 ... 공포 게임 이 나중 에는 학살 게임 으로 변모 해 버리거나 , 일부러 인터페이스 를 불편하게 해서 제약 을 많이 두 거나 하는 편 인데 바하 2 리메이크 는 이 선 을 잘 지켜서 납득 될 만 한 완성 도로 나왔습니다 . 바하 하면 T 바이러스 나 타 일 런트 보다 G 바이러스 버킨 박사 가 아주 강렬하게 각인 되었는데 .. 그래픽 발전 된 걸 로 보니 반갑고 여전 (?) 하시더군요 . 다 들 얼굴 도 실사 화",2019-02-21 13:28:40
883710,Resident Evil 2,positive,조온나 무서움 ㅅㅂ 망알롬들...,조온나 무서움 ㅅㅂ 망알롬들 ...,2019-02-21 08:06:53
883710,Resident Evil 2,positive,기대를 많이 하고 기다리던 작품 실망스럽지 않은 모습에 즐겁게 게임을 하게있내요. 실력이 안되서 하드모드는 고생 좀 하게되내요.,기대 를 많이 하고 기다리던 작품 실망 스럽지 않은 모습 에 즐겁게 게임 을 하게있내요 . 실력 이 안되서 하드 모드 는 고생 좀 하게되 내 요 .,2019-02-20 22:07:17
883710,Resident Evil 2,positive,"무서운거 못하는 겁쟁이의 입장에서, 이 게임은 플레이어가 엄청난 스릴과 긴장감을 가지고 플레이하게끔 만듭니다. 개인적으로 다시 돌아가는 길에 아무런 적이 없기를 바라기 때문에, 좀비가 넘어지면 전투 단검으로 좀비를 과일처럼 썰어버린 게 매우 인상이 깊네요. 그리고 아이비 좀비 너무 싫어요. 다른 애들은 물리고 도망가면 되는데 걔네는 잡히면 보조무기가 없으면 즉사이니 원 ;; 무서운 것들 못하시는 분들께도 한 번쯤 추천해드리고 싶은 작품입니다. 그리고 겁 많으신 분들은 과X샐러드, 푸XTV라던가 여러 공략 유튜버들 영상 참고하면서","무서운거 못 하는 겁쟁이 의 입장 에서 , 이 게임 은 플레이어 가 엄청난 스릴 과 긴장감 을 가지 고 플레이 하게 끔 만듭니 다 . 개인 적 으로 다시 돌아가는 길 에 아무런 적 이 없기를 바라기 때문 에 , 좀비 가 넘어지면 전투 단검 으로 좀비 를 과일 처럼 썰어 버린 게 매우 인상 이 깊네요 . 그리고 아이비 좀비 너무 싫어요 . 다른 애 들 은 물리 고 도망가면 되는데 걔네 는 잡히면 보조 무기 가 없으면 즉사 이니 원 ;; 무서운 것 들 못 하시는 분 들께도 한 번 쯤 추천 해드리고 싶은 작품 입니다 . 그리고 겁 많으신 분 들 은 과 X 샐러드 , 푸 XTV 라던가 여러 공략 유튜 버들 영상 참고 하면서",2019-02-20 16:48:57
883710,Resident Evil 2,positive,클레어가 너무 이쁘다 무엇이 더 필요한가,클레어 가 너무 이쁘다 무엇 이 더 필요한가,2019-02-20 15:44:38
883710,Resident Evil 2,positive,베리굳!!!!!!!!!!!!!!!!!강추강추!! 개존잼!,베리 굳 !!!!!!!!!!!!!!!!! 강 추강 추 !! 개존잼 !,2019-02-20 12:47:44
883710,Resident Evil 2,positive,레온은 참 젊게 생김새를 잘 표현했는데 클레어가 아줌마가 됐어......................................,레온 은 참 젊게 생김새 를 잘 표현 했는데 클레어 가 아줌마 가 됐어 ......................................,2019-02-20 09:34:27
883710,Resident Evil 2,positive,레온으로 첫플레이만하고 그만둠. 재미는있으나 답답하고 스트레스쌓이는부분도있어서 취향은아닌듯,레온 으로 첫 플레이 만 하고 그만둠 . 재미 는 있으나 답답하고 스트레스 쌓이는 부분 도 있어서 취향 은 아닌듯,2019-02-20 02:00:12
883710,Resident Evil 2,positive,재미있어 요,재미있어 요,2019-02-20 01:48:24
883710,Resident Evil 2,positive,만들어줘서 고마워요. 올드팬에게 최고의 선물이 되었습니다.,만들어줘서 고마워요 . 올드팬 에게 최고 의 선물 이 되었습니다 .,2019-02-20 00:57:11
883710,Resident Evil 2,positive,god god,god god,2019-02-20 00:28:05
883710,Resident Evil 2,positive,훌륭한 리메이크의 표본,훌륭한 리메이크 의 표본,2019-02-20 00:19:05
883710,Resident Evil 2,positive,재미있게 했다 다만 클레어 스토리중에 서장 추격중에 자꾸 버그 걸리는데 이겄만 어찌 고쳐주면 좋을듯 합니다,재미있게 했다 다만 클레어 스토리 중 에 서장 추격 중 에 자꾸 버그 걸리는데 이겄 만 어찌 고쳐주면 좋을듯 합니다,2019-02-19 20:45:18
883710,Resident Evil 2,positive,돈콤에서 갓콤으로 변신..^^ 게임은 요로코롬 만들어야함 알겠냐 konami ㅅㅂ,돈콤 에서 갓 콤 으로 변신 ..^^ 게임 은 요 로코 롬 만들어 야함 알겠냐 konami ㅅㅂ,2019-02-19 20:13:12
883710,Resident Evil 2,positive,"2019.02.19 조금 해봤는데 재미는 있다. 근데 상당히 쫄린다. 2019.02.20 재미를 점점 느끼니까 아무리 무서워도 참게된다. 정신차려보니까 밤은 샜고 플탐 4시간이 넘어간다 방에 불 다 끄고 스탠드하나만 키고 이어폰 꽂고 했는데, 사람들이 타이런트를 왜 무서워하는지 알 것같다. 졷같은 대머리 새끼 2019.02.21 레온파트 밤새서 완료. 클레어 파트 시작 그리고 중간에 쓰다 말았다만 결론은 씹갓겜 ㅇㅈㅇㅈ","2019.02 . 19 조금 해봤는데 재미 는 있다 . 근데 상당히 쫄 린다 . 2019.02 . 20 재미 를 점점 느끼니까 아무리 무서워도 참게 된다 . 정신차려 보 니까 밤 은 샜고 플 탐 4시간 이 넘어간다 방 에 불 다 끄고 스탠드 하나 만 키 고 이어폰 꽂고 했는데 , 사람 들 이 타 이런 트 를 왜 무서워하는지 알 것 같다 . 졷같 은 대머리 새끼 2019.02 . 21 레온 파트 밤새서 완료 . 클레어 파트 시작 그리고 중간 에 쓰다 말았다만 결론 은 씹 갓 겜 ㅇㅈㅇㅈ",2019-02-19 19:03:59
883710,Resident Evil 2,positive,총 0발에 체력바 상태 최악상태에 타일런트 쿵쿵 소리들리고 겨우겨우 좀비 피해서 탈출해서 듣는 이 소리에 감동 왜 돌아온 거지? 사신을 만나보고 싶었거든,총 0 발 에 체력 바 상태 최악 상태 에 타일 런트 쿵쿵 소 리들리 고 겨우 겨우 좀비 피해 서 탈출 해서 듣는 이 소리 에 감동 왜 돌아온 거지 ? 사신 을 만나 보고 싶었거든,2019-02-19 14:48:32
883710,Resident Evil 2,positive,소름 끼치게 재밌다! 뱅뱅 돌면서 퍼즐 풀어도 꿀잼 유일한 단점은 너무 짧아!!!,소름 끼치게 재밌다 ! 뱅뱅 돌면서 퍼즐 풀어도 꿀잼 유일한 단점 은 너무 짧아 !!!,2019-02-19 11:50:06
883710,Resident Evil 2,positive,그냥 해라 이게임 니가 얼마나 쫄보인지 알려줄거다 이게임을 레포데나 킬링플로어 같은거 생각하고 하면 한탄창을 다 비워도 뒤지지않는 진짜 좀비가 니눈앞에서 여태것 듣도보도못한 괴성을 지르며 니한테 달려들거다,그냥 해 라 이 게임 니 가 얼마나 쫄보 인지 알려줄거다 이 게임 을 레포데 나 킬링플로어 같은거 생각 하고 하면 한 탄창 을 다 비워도 뒤지지 않는 진짜 좀비 가 니 눈앞 에서 여태 것 듣도 보도못한 괴성 을 지르며 니 한테 달려들거다,2019-02-19 11:22:59
883710,Resident Evil 2,positive,이렇게 잘 만들었으면 3편도 리메이크 해주셔야 합니다. 내 지갑을 가져가!,이렇게 잘 만들었으면 3 편도 리메이크 해주셔야 합니다 . 내 지갑 을 가져가 !,2019-02-19 10:37:15
883710,Resident Evil 2,positive,역시 명불허전! ㅎㅎ 너무 재밌게 하고 있습니다. 진짜 인생작! 앞으로도 기대되네요.,역시 명불허전 ! ㅎㅎ 너무 재밌게 하고 있습니다 . 진짜 인생 작 ! 앞 으로도 기대 되네요 .,2019-02-19 09:11:07
883710,Resident Evil 2,positive,"전체적으로는 진짜 맘에 듭니다 오랜만에 게임할맛도 납니다. 단점으로는 A,B 스토리의 연결고리의 부실함이 느껴집니다. (스포라서 자세한 설명은 패스합니다.) 결론, 타이런트 개X끼....","전체 적 으로는 진짜 맘 에 듭니 다 오랜 만 에 게임 할 맛 도 납니다 . 단점 으로는 A , B 스토리 의 연결고리 의 부실함이 느껴집니다 . ( 스포 라서 자세한 설명 은 패스 합니다 .) 결론 , 타 이런 트 개 X 끼 ....",2019-02-19 03:16:07
883710,Resident Evil 2,positive,두 번째 게임 클레어로 하는데 계속 튕기는데 뭐가 문제죠?,두 번째 게임 클레어 로 하는데 계속 튕 기는데 뭐 가 문제 죠 ?,2019-02-19 01:55:23
883710,Resident Evil 2,positive,리메이크 전 바이오하자드 2를 안해보고 해봤는데 재밌게했어요 좀비가 진짜 좀비예여 지금까지 봤던 좀비랑 차원이 달라요 죽여도 죽여도 일어나는 쫌비...공포감 장난아니예요,리메이크 전 바이오하자드 2 를 안 해보고 해봤는데 재밌게 했어요 좀비 가 진짜 좀비 예여 지금 까지 봤던 좀비 랑 차원 이 달라 요 죽여도 죽여도 일어나는 쫌비 ... 공포 감 장난 아니예요,2019-02-19 00:38:01
883710,Resident Evil 2,positive,와~~ 공포게임 처음해보는데 정말 재밌네요.,와 ~~ 공포 게임 처음 해보는데 정말 재밌네요 .,2019-02-18 22:53:14
883710,Resident Evil 2,positive,정말 잘 만든 수작임에는 분명한데. 가격대비 플레이 타임이 좀 아쉽다 너무 기대하고 플레이해서 그런가? 뺑뻉이랑 맵 재탕부분에서도 좀 아쉽. 하지만 이런 부분을 감안하고서라도 한번쯤은 플레이 해볼만한 좋은 게임.,정말 잘 만든 수 작 임 에는 분명한데 . 가격 대비 플레이 타임 이 좀 아쉽다 너무 기대하고 플레이 해서 그 런가 ? 뺑뻉 이랑 맵 재탕 부분 에서도 좀 아쉽 . 하지만 이런 부분 을 감안 하 고서 라도 한번 쯤 은 플레이 해볼만 한 좋은 게임 .,2019-02-18 22:13:16
883710,Resident Evil 2,positive,타이런트 미친놈,타 이런 트 미친 놈,2019-02-18 20:27:15
883710,Resident Evil 2,positive,생애최고의 좀비게임,생애 최고 의 좀비 게임,2019-02-18 19:43:10
883710,Resident Evil 2,positive,개인적으로 무한권총으로 1시간 29분 컷 내봤는데 재밌네요,개인 적 으로 무한 권총 으로 1시간 29분 컷 내 봤는데 재밌네요,2019-02-18 17:58:10
883710,Resident Evil 2,positive,리메이크작이 아니였으면 고티까지도 노려볼수있는 대작 바하시리즈상 가면 갈수록 무서움보다는 액션감이 더큰데 이번작은 처음부터 끝까지 공포요소가 남아있습니다(좀 떨어지긴하지만) 길치라면 길찾기가 매우어렵고 죽지않는 무적의 타일런트 일명 타노스가 온맵을 돌아다니면서 어려분들의 죽어있던 공포심을 일으켜줍니다 지금 당장 지갑에서 6만원을꺼내 지르세요 타노스는 언제나 당신들을 기다립니다,리메이크 작 이 아니였으면 고 티 까지도 노려볼수있는 대작 바하 시리즈 상 가면 갈수록 무서움 보다는 액션 감 이 더 큰데 이 번작 은 처음 부터 끝 까지 공포 요소 가 남아있습니다 ( 좀 떨어지긴 하지만 ) 길치라면 길찾기 가 매우 어렵고 죽지 않는 무적 의 타일 런트 일명 타 노스 가 온 맵 을 돌아다니면서 어려 분 들 의 죽어있던 공 포심 을 일으켜 줍니다 지금 당장 지갑 에서 6만원 을꺼내 지르세요 타 노스 는 언제나 당신 들 을 기다립니다,2019-02-18 15:35:29
883710,Resident Evil 2,positive,나 김두한이다,나 김두한 이다,2019-02-18 13:35:59
883710,Resident Evil 2,positive,"[h1]개껌(엄브렐라 콥스)에서 갓콤(바이오하자드2 RE)으로[/h1] 1998년 발매된 바이오하자드2의 리메이크작인 바이오하자드2 리메이크 입니다. 엄브렐라 콥스로 땅으로 처박힌 시리즈를 7로 부활의 조짐을 알렸고 RE:2로 완전히 부활시켰습니다. 개인적으로 바이오하자드 시리즈중에서 가장 잘 만든 게임이라고 생각합니다. [h1]장점[/h1] [h1]1. 그래픽, 고어효과[/h1] 그래픽은 전작인 7편보다 더 좋아졌으며 고어표현또한 더욱 리얼해졌습니다. 특히 경찰아저씨의 몸뚱아리가 반쪽으로 분리되어 장기자랑을 하거나 빨간마스크","[ h 1 ] 개껌 ( 엄브렐라 콥스 ) 에서 갓 콤 ( 바이오하자드 2 RE ) 으로 [/ h 1 ] 1998년 발매 된 바이오하자드 2 의 리메이크 작 인 바이오하자드 2 리메이크 입니다 . 엄브렐라 콥스 로 땅 으로 처 박힌 시리즈 를 7 로 부활 의 조짐 을 알렸고 RE : 2 로 완전히 부활 시켰습니다 . 개인 적 으로 바이오하자드 시리즈 중 에서 가장 잘 만든 게임 이라고 생각 합니다 . [ h 1 ] 장점 [/ h 1 ] [ h 1 ] 1 . 그래픽 , 고어 효과 [/ h 1 ] 그래픽 은 전작 인 7 편 보다 더 좋아졌으며 고어 표현 또한 더욱 리얼 해졌습니다 . 특히 경찰 아저씨 의 몸뚱아리 가 반쪽 으로 분리 되어 장기 자랑 을 하 거나 빨간 마스크",2019-02-17 23:50:50
883710,Resident Evil 2,positive,타이런트 개새끼,타 이런 트 개새끼,2019-02-17 22:50:09
883710,Resident Evil 2,positive,perfect game,perfect game,2019-02-17 18:35:49
883710,Resident Evil 2,positive,타일런트 개객끼야아아아아 !!! 개빡치는 타일런트 때문에 강제로 멘탈이 강화됩니다 .. 게임자체는 갓겜 .. 바하1편도 리메이크 해주면 좋겠네요,타일 런트 개객 끼야아아아아 !!! 개 빡치는 타일 런트 때문 에 강제 로 멘탈 이 강화 됩니다 .. 게임 자체 는 갓 겜 .. 바하 1 편도 리메이크 해주면 좋겠네요,2019-02-17 17:58:35
883710,Resident Evil 2,positive,퍼음시작하면 더럽게 안죽는 좀비들과 부족한 총알을 들고 레포데 초하드모드를 하는 느낌을 받다가 타이란트의 등장부터 아웃라스트를 플레이하는 자신을 볼 수 있다.,퍼음 시작 하 면 더럽게 안 죽는 좀비 들 과 부족한 총알 을 들고 레포데 초 하드 모드 를 하는 느낌 을 받다가 타 이란 트 의 등장 부터 아웃 라스트 를 플레이 하는 자신 을 볼 수 있다 .,2019-02-17 17:16:42
883710,Resident Evil 2,positive,더 표현 할 칭찬이 있나요? 입아프게 주저리 거리지 않겠습니다. 당신은 이 게임을 삽니다. 옆에 간식을 둡니다. 엑박 컨트롤러를 컴터에 꽃습니다. 플레이합니다. 끝.,더 표현 할 칭찬 이 있나요 ? 입 아프게 주 저리 거리 지 않겠습니다 . 당신 은 이 게임 을 삽니다 . 옆 에 간식 을 둡니다 . 엑박 컨트롤러 를 컴터 에 꽃습니 다 . 플레이 합니다 . 끝 .,2019-02-17 16:13:03
883710,Resident Evil 2,positive,자 이제 3리메이크를 내놓으렴,자 이제 3 리메이크 를 내놓으렴,2019-02-17 15:53:04
883710,Resident Evil 2,positive,쿵 쿵 쿵 쿵 쿵 쿵 쿵 쿵,쿵 쿵 쿵 쿵 쿵 쿵 쿵 쿵,2019-02-17 01:30:27
883710,Resident Evil 2,positive,오 시발 재밋어 ㅋㅋ 개인적으로 클레어보다 레온이 재밌음 샷건 손맛 ㅆㅅㅌㅊ,오 시발 재밋어 ㅋㅋ 개인 적 으로 클레어 보다 레온 이 재밌음 샷건 손맛 ㅆㅅㅌㅊ,2019-02-16 23:46:36
883710,Resident Evil 2,positive,good,good,2019-02-16 23:15:00
883710,Resident Evil 2,positive,이 게임 하면 시간가는 줄모름 ㅎㅎㅎㅎㅎ,이 게임 하면 시간 가는 줄 모름 ㅎㅎㅎㅎㅎ,2019-02-16 22:31:27
883710,Resident Evil 2,positive,무서워서못한당,무서워서 못 한당,2019-02-16 21:45:52
883710,Resident Evil 2,positive,말이 필요업다~ 나이스!,말 이 필요 업다 ~ 나이스 !,2019-02-16 19:40:50
883710,Resident Evil 2,positive,에이다는 사랑입니다!,에이 다는 사랑 입니다 !,2019-02-16 19:28:37
883710,Resident Evil 2,positive,"간단히 소개하자면 '위험 지역을 탐색하며 흉측하게 생긴 괴물들과 사투를 벌이는 서바이벌 호러 게임' 되겠습니다. 바이오하자드 시리즈를 아시는 분을 위해 설명드리자면 '원작의 시나리오와 공포감을 재현하되, 21년 전에는 기술적 한계 때문에 표현 못 한 것들을 구현한 리메이크 타이틀'이라고 할 수 있고요. 이 작품은 흉측하고 위협적인 적을 내세워 공포감을 강조했습니다. 얼굴 살점이 뜯겨나간 좀비라든지, 온몸의 가죽을 완전히 도려낸 듯한 몰골을 지닌 생체 병기라든지, 물컹하고 축축한 질감이 느껴질 만큼 썩어 문드러진 피부를 지닌 괴물","간단히 소개 하자면 ' 위험 지역 을 탐색 하며 흉측하게 생긴 괴물 들 과 사투 를 벌이는 서바이벌 호러 게임 ' 되겠습니다 . 바이오하자드 시리즈 를 아시 는 분 을 위해 설명 드리자면 ' 원작 의 시나리오 와 공포 감 을 재현 하 되 , 21년 전 에는 기술 적 한계 때문 에 표현 못 한 것 들 을 구현 한 리메이크 타이틀 ' 이라고 할 수 있고요 . 이 작품 은 흉측하고 위협 적 인 적 을 내세워 공포 감 을 강조 했습니다 . 얼굴 살점 이 뜯겨 나간 좀비 라든지 , 온몸 의 가죽 을 완전히 도려낸 듯 한 몰골 을 지닌 생체 병기 라든지 , 물컹하고 축축한 질감 이 느껴질 만큼 썩어 문 드러진 피부 를 지닌 괴물",2019-02-16 16:48:18
883710,Resident Evil 2,positive,쿵쾅이 스토킹 개무섭네,쿵쾅 이 스토킹 개 무섭네,2019-02-16 16:29:21
883710,Resident Evil 2,positive,캡콤이 열일하네요. 공포게임을 좋아하는 저로서는 이보다 기쁠 수 없는 일이죠. 덕분에 바하2를 제 생에 처음으로 해봤습니다. 재밌어요. 아주 재밌습니다. 근데 한 가지 단점이 저한테 엄청 거슬리더라고요. A파트와 B파트의 스토리 연계성 입니다. 그냥 다른 평행세계라고 봐야됩니다. 레온이랑 클레어가 동시에 진행되는 데 시간선이 엉망입니다. A파트와 B파트가 이어지지 않아요. 뭐 어느 정도 수준이면 게임의 재미를 위해서 어쩔 수 없겠구나 싶은데 이건 너무 개연성이 떨어져서 프롬뇌로 뇌내망상을 해야 될 수준입니다. 너무 아쉽,캡콤 이 열 일하네요 . 공포 게임 을 좋아하는 저 로서 는 이보 다 기쁠 수 없는 일이 죠 . 덕분 에 바하 2 를 제 생 에 처음 으로 해봤습니다 . 재밌어요 . 아주 재밌습니다 . 근데 한 가지 단점 이 저 한테 엄청 거슬리더라고요 . A 파트 와 B 파트 의 스토리 연 계 성 입니다 . 그냥 다른 평행 세계 라고 봐야 됩니다 . 레온 이랑 클레어 가 동시 에 진행 되는 데 시 간선 이 엉망 입니다 . A 파트 와 B 파트 가 이어지지 않아요 . 뭐 어느 정도 수준 이면 게임 의 재미 를 위해 서 어쩔 수 없겠구나 싶은데 이건 너무 개연 성 이 떨어져서 프롬 뇌 로 뇌 내 망상 을 해야 될 수준 입니다 . 너무 아쉽,2019-02-16 15:35:36
883710,Resident Evil 2,positive,압도적으로 긍정적,압도 적 으로 긍정 적,2019-02-16 13:10:42
883710,Resident Evil 2,positive,변이체들은 산더미 같은데 회피는 리버마냥 굼떠서 자꾸 뜯어먹히고 이러다 아주 맛집 다되겠어. 와! 신선한 고기! 와! 도망도 못 가!,변이체 들 은 산더미 같은데 회피 는 리버 마냥 굼떠 서 자꾸 뜯어 먹히고 이러다 아주 맛집 다 되겠어 . 와 ! 신선한 고기 ! 와 ! 도망 도 못 가 !,2019-02-16 12:46:09
883710,Resident Evil 2,positive,아 너무 재밌다,아 너무 재밌다,2019-02-16 11:37:17
883710,Resident Evil 2,positive,레지던트이블7부터 이 엔진을 좋아했는데 게임성도 좋다. 캡콤 !! 이제 믿고산다,레지던트이블 7 부터 이 엔진 을 좋아했는데 게임 성도 좋다 . 캡콤 !! 이제 믿고 산다,2019-02-16 11:22:00
883710,Resident Evil 2,positive,이제 필요한건 유령모드의 코옵과 3 리메이크다,이제 필요한건 유령 모드 의 코옵 과 3 리메이크 다,2019-02-16 11:19:16
883710,Resident Evil 2,positive,천천히 즐기는 편을 선호하는 거라 레온 처음하는데도 시간이 오래걸렸지만 입문작으로 이렇게 완벽한 게임이 있을까 싶을정도로 재밌고 잘 만들었다. 왜 바이오하자드 시리즈가 인기를 얻을 수 있었는지 알게 된 작품. 앞으로 캡콤에서 만들 리메이크 작들이 기대된다. 공포+퍼즐의 적절한 조합이 인상적이었음.,천천히 즐기는 편 을 선호 하는 거 라 레온 처음 하는데도 시간 이 오래 걸렸지만 입문 작 으로 이렇게 완벽한 게임 이 있을까 싶을 정도 로 재밌고 잘 만들었다 . 왜 바이오하자드 시리즈 가 인기 를 얻을 수 있었는지 알 게 된 작품 . 앞 으로 캡콤 에서 만들 리메이크 작 들 이 기대 된다 . 공포 + 퍼즐 의 적절한 조합 이 인상 적이었음 .,2019-02-16 10:36:36
883710,Resident Evil 2,positive,갓겜이쥬,갓 겜 이 쥬,2019-02-16 08:47:27
883710,Resident Evil 2,positive,"난이도, 스토리, 퍼즐, 공포심자극 등등 모든 부분이 완벽하다. 바이오하자드1,2의 유저들과 5,6의 유저들의 서로 다른 니즈를 적절한 수준에서 모두 만족시키고 있다 생각한다. 정말 수작이다!!","난이도 , 스토리 , 퍼즐 , 공 포심 자극 등등 모든 부분 이 완벽하다 . 바이오하자드 1 , 2 의 유저 들 과 5 , 6 의 유저 들 의 서로 다른 니 즈 를 적절한 수준 에서 모두 만족 시키고 있다 생각 한다 . 정말 수작 이다 !!",2019-02-16 07:16:47
883710,Resident Evil 2,positive,98년도 바하 리메이크 작품으로 나와서 기존 작품을 충실히 리메이크 하였지만 개인적으로 그 이상의 장점은 못 느낀다고 생각합니다 물론 이게임을 하면서 많은 장점들을 엿볼수가 있었습니다 맵에서 키 아이템이 유효성이 더 이상 남아있지 않을시 체크 표시가 되어 이 키 아이템을 버려야 하는지 아닌지 알기도 편한 인터페이스와 7에서의 엔진을 사용한거 같은 그래픽으로 인하여 좀 더 몰입감 있는 게임을 연출한거 같습니다 그리고 98년도에 원작 게임에 있던 등장 인물들에게 좀 더 스토리에 세부화 혹은 변화점을 줘서 뭔가 새로운 게임을 하는것 같,98년 도 바하 리메이크 작품 으로 나와서 기존 작품 을 충실히 리메이크 하였지만 개인 적 으로 그 이상 의 장점 은 못 느낀다고 생각 합니다 물론 이 게임 을 하면서 많은 장점 들 을 엿볼수가 있었습니다 맵 에서 키 아이템 이 유효 성 이 더 이상 남아있지 않을시 체크 표시 가 되어 이 키 아이템 을 버려야 하는지 아닌지 알 기도 편한 인터페이스 와 7 에서의 엔진 을 사용 한 거 같은 그래픽 으로 인하여 좀 더 몰입 감 있는 게임 을 연출 한 거 같습니다 그리고 98년 도에 원작 게임 에 있던 등장 인물 들 에게 좀 더 스토리 에 세부 화 혹은 변화 점 을 줘서 뭔가 새로운 게임 을 하는것 같,2019-02-16 06:42:19
883710,Resident Evil 2,positive,이건 말이 필요 없다 !!!! 추천 추천 추천,이건 말 이 필요 없다 !!!! 추천 추천 추천,2019-02-16 03:13:09
883710,Resident Evil 2,positive,"지극히 주관적인 평가 원작의 느낌을 최대한 살리는 데는 성공했지만 게임의 볼륨이 부족해 아쉬웠던 리메이크 작품이라고 생각 레온과 클레어가 각각 A,B 파트로 나뉘어 있으나 차이점이 별로 없다 결국 같은 이야기를 반복해서 조금 다른 방법으로 플레이할 뿐이라는 한계가 명확하다 두부모드나 4번째 생존자 모드가 존재하나 메인스토리의 부족한 개연성을 해소해준다기보다는 단순 오락성 소모컨텐츠에 지나지 않는다","지극히 주관 적 인 평가 원작 의 느낌 을 최대한 살리는 데 는 성공했지만 게임 의 볼륨 이 부족해 아쉬웠던 리메이크 작품 이라고 생각 레온 과 클레어 가 각각 A , B 파트 로 나뉘어 있으나 차이점 이 별로 없다 결국 같은 이야기 를 반복 해서 조금 다른 방법 으로 플레이 할 뿐 이라는 한계 가 명확하다 두부 모드 나 4 번째 생존자 모드 가 존재 하나 메인 스토리 의 부족한 개연 성 을 해소 해준 다기 보다는 단순 오락 성 소 모 컨텐츠 에 지나지 않는다",2019-02-16 01:48:07
883710,Resident Evil 2,positive,재밌음,재밌음,2019-02-15 23:48:46
883710,Resident Evil 2,positive,클레어 모드가 이쁜게 너무 많아서 김레온이 손이 안감...,클레어 모드 가 이쁜게 너무 많아서 김 레온 이 손 이 안감 ...,2019-02-15 22:58:08
883710,Resident Evil 2,positive,시발 개꿀잼,시발 개꿀잼,2019-02-15 20:00:43
883710,Resident Evil 2,positive,재미있다~ 멋지다 김레온ㅋㅋ,재미있다 ~ 멋지다 김 레온 ㅋㅋ,2019-02-15 19:40:48
883710,Resident Evil 2,positive,갓 서바이벌 호러 게임!!,갓 서바이벌 호러 게임 !!,2019-02-15 14:35:54
883710,Resident Evil 2,positive,가급적이면 패드로 해야 맛을 느낄수 있는 게임입니다. 간만에 정말 재미있게 플레이 했네요. 시나리오 면에서 몇몇 단점들이 있긴하지만 연출과 그외의 장점들로 충분히 제값하는 게임입니다.,가급적 이면 패드 로 해야 맛 을 느낄수 있는 게임 입니다 . 간만 에 정말 재미있게 플레이 했네요 . 시나리오 면 에서 몇몇 단점 들 이 있긴하지만 연출 과 그 외 의 장점 들 로 충분히 제 값 하 는 게임 입니다 .,2019-02-15 14:13:08
883710,Resident Evil 2,positive,바이오하자드의 원점! 라쿤시티로 다시 돌아온 바이오하자드 2 리메이크..! 게임 플레이 방식중 맘에드는점을 하나 꼽자면 총 쏘는 타격감입니다..! 개인적으로 느끼기에 총 쏘는 타격감이 묵직해서 좋았어요! 게임플레이 자체도 매우 재밌으니 세일할때 사셔서 즐겨보시는건 어떠신가요~?,바이오하자드 의 원점 ! 라쿤시티 로 다시 돌아온 바이오하자드 2 리메이크 ..! 게임 플레이 방식 중 맘 에드 는 점 을 하나 꼽자 면 총 쏘는 타 격감 입니다 ..! 개인 적 으로 느끼기에 총 쏘는 타 격감 이 묵직해서 좋았어요 ! 게임 플레이 자체 도 매우 재밌으니 세 일 할 때 사셔서 즐겨 보시는건 어떠신 가요 ~?,2019-02-15 14:05:27
883710,Resident Evil 2,positive,good~~~,good ~~~,2019-02-15 13:10:09
883710,Resident Evil 2,positive,다 좋지만 게임 볼륨이 너무 작다,다 좋지만 게임 볼륨 이 너무 작다,2019-02-15 11:44:18
883710,Resident Evil 2,positive,과거 98년도에 일병휴가 나오면서 쫄따구 한테 게임 재밌는거 추천해줘라 하니 레지던트이들2가 그렇게 인기라고.... 집에가면서 구입하고 해봤는데 어후... 사운드가 으스스한게 딱 내 타입!!!! 하지만 전혀 새로웠던 카메라 앵글플레이에 감도 잘 안잡히고 퍼즐 구성이 어려워 그냥 중간에 GG치고 그 뒤로는 레지 시리즈는 손도 안댔었는데 리메이크 나온다는 소식에 약간 솔깃해서 리뷰도 보고 플레이 영상도 보니 재밌을것 같아서 구입. 제대로 된 선택이였다. 다른 게임안하고 이것만 한다.ㅋ 중독성 대박~!!!! 반복플레이지만 전혀 지루하지가,과거 98년 도에 일병 휴가 나오면서 쫄따구 한테 게임 재밌는거 추천 해줘라 하니 레지던트 이 들 2 가 그렇게 인기 라고 .... 집 에가 면서 구입 하고 해봤는데 어후 ... 사운드 가 으스스한게 딱 내 타입 !!!! 하지만 전혀 새로웠던 카메라 앵글 플레이 에 감도 잘 안 잡히고 퍼즐 구성 이 어려워 그냥 중간 에 GG 치고 그 뒤 로는 레 지 시리즈 는 손 도 안 댔었는데 리메이크 나온다는 소식 에 약간 솔깃해서 리뷰 도 보고 플레이 영상 도 보니 재밌을것 같아서 구입 . 제대로 된 선택 이 였다 . 다른 게임 안 하고 이 것 만 한다 . ㅋ 중독 성 대박 ~!!!! 반복 플레이 지만 전혀 지루하지가,2019-02-15 10:16:11
883710,Resident Evil 2,positive,이거 아직도 안산 흑우없제? 그져 갓....갓겜이다!!!!!!!!,이 거 아직도 안산 흑우 없 제 ? 그 져 갓 .... 갓 겜 이다 !!!!!!!!,2019-02-15 00:26:33
883710,Resident Evil 2,positive,갓.겜,갓 . 겜,2019-02-14 22:55:29
883710,Resident Evil 2,positive,쿵; 쿵; 쿵; 쿵; 쿵; 자다가 타이런트 나옴 ㅅㄱ,쿵 ; 쿵 ; 쿵 ; 쿵 ; 쿵 ; 자다가 타 이런 트 나옴 ㅅㄱ,2019-02-14 20:35:22
883710,Resident Evil 2,positive,타이런트 진짜 미친새끼인가,타 이런 트 진짜 미친 새끼 인가,2019-02-14 19:09:44
883710,Resident Evil 2,positive,"밤에 못 하는 게임. 게임하다가 나도 모르게 비명을 몇번 질렀더니 아랫층에서 올라왔다. 훌륭한 그래픽, 더 훌륭한 사운드디자인, capcom이 전세계에 던지는 묵직한 한 방이다.","밤 에 못 하는 게임 . 게임 하다가 나도 모르게 비명 을 몇번 질렀더니 아랫 층 에서 올라왔다 . 훌륭한 그래픽 , 더 훌륭한 사운드 디자인 , capcom 이 전세계 에 던지는 묵직한 한 방이 다 .",2019-02-14 18:42:15
883710,Resident Evil 2,positive,리메이크의 교과서적인 게임. 많은 게임들은 리메이크라고 하면 진짜 그래픽 좋아진 것 빼고 다 똑같거나 너무 게임이 변질되어있는 경우가 대다수인데 이 게임은 원작의 느낌과 특징을 게임성을 보다 더 좋게 만들었으며 그래픽도 매우 훌륭하게 발전되었다. 이것이 진짜 좀비다. 기본적으로 좀비게임을 상상해보자. 보통 강력한 특수좀비가 아니라면 총 1~2발에 날라가고 보통 물량에 밀어붙이는 것에 반하여 이 게임은 좀비가 불사조마냥 드럽게 안죽는다. 오히려 좀비를 죽인다 보다는 좀비를 피해간다 가 이 게임에서 도움이 될 것이다. 또한 좀비들,리메이크 의 교과서 적 인 게임 . 많은 게임 들 은 리메이크 라고 하면 진짜 그래픽 좋아진 것 빼고 다 똑같거나 너무 게임 이 변질 되어있는 경우 가 대다수 인데 이 게임 은 원작 의 느낌 과 특징 을 게임 성 을 보다 더 좋게 만들었으며 그래픽 도 매우 훌륭하게 발전 되었다 . 이 것 이 진짜 좀비 다 . 기본 적 으로 좀비 게임 을 상상 해보자 . 보통 강력한 특수 좀비 가 아니라면 총 1~2 발 에 날라가고 보통 물량 에 밀어 붙이는 것 에 반하여 이 게임 은 좀비 가 불사조 마냥 드럽게 안 죽는다 . 오히려 좀비 를 죽인다 보다는 좀비 를 피해 간다 가 이 게임 에서 도움 이 될 것 이다 . 또한 좀비 들,2019-02-14 18:21:43
883710,Resident Evil 2,positive,할거면 오리지널 사운드 트랙 dlc를 구매하고 옵션에서 사운드를 변경 한 뒤 게임하자 브금이 오리지널이 훨씬 분위기 살림,할거면 오 리지 널 사운드 트랙 dlc 를 구매 하고 옵션 에서 사운드 를 변경 한 뒤 게임 하자 브금 이 오 리지 널 이 훨씬 분위기 살림,2019-02-14 17:55:33
883710,Resident Evil 2,positive,and i also 타.일.시.러,and i also 타 . 일 . 시 . 러,2019-02-14 17:01:58
883710,Resident Evil 2,positive,영화를 보는듯한 실사적인 그래픽과 배우들의 연기력이 아주 맘에듭니다. 총쏘는맛도 괜찮고 부족한 탄약과 무력감에서 오는 공포감도 쫄깃하네요. 맵을 돌아다니며 길을찾고 퍼즐을 풀어나가는맛이 너무나도 좋습니다. 갓겜입니다.. 바이오하자드 시리즈를 안 해본 유저라도 재미있게 즐길수 있을것같아요..,영화 를 보는듯 한 실사 적 인 그래픽 과 배우 들 의 연기력 이 아주 맘에듭니 다 . 총 쏘는 맛 도 괜찮고 부족한 탄약 과 무력감 에서 오는 공포 감도 쫄깃 하네요 . 맵 을 돌아다니며 길 을 찾고 퍼즐 을 풀어 나가는 맛 이 너무나도 좋습니다 . 갓 겜 입니다 .. 바이오하자드 시리즈 를 안 해본 유저 라도 재미있게 즐길수 있을것 같아요 ..,2019-02-14 12:43:46
883710,Resident Evil 2,positive,무서운 사람들은 유튜브나 트위치에서 한번 쭉 훑고 하는걸 추천 이 게임은 스포나 이런게 문제가 아님 어차피 익숙해져서 다회차 하게 되면 저절로 외워짐 중요한건 뭘 어쩌든 타이런트는 계속 쫓아온다는 거다,무서운 사람 들 은 유튜브 나 트위치 에서 한번 쭉 훑고 하 는걸 추천 이 게임 은 스포 나 이런게 문제 가 아님 어차피 익숙해져서 다 회차 하게 되면 저절로 외워 짐 중요한건 뭘 어쩌 든 타 이런 트는 계속 쫓아온다는 거 다,2019-02-13 19:15:10
883710,Resident Evil 2,positive,너무 무서워서 진행을 못해먹겠습니다. 현재 4시간 플레이 지하주차장에서 본청으로 가는 길 뚫었는데 무슨 데드풀에 나오는 콜로서스 같은 ㄴ이 나와서 총알 다 먹음 진행 불가능 ----------------------------------------------------------------------------------------------------- 플탐 10시간 레온 스토리 모드 클리어 완료했습니다 8시간 30분 31저장에 c나오더군요 레지던트 이블 이게 첨해보는 건데 너무 재밌게 했습니다,너무 무서워서 진행 을 못 해 먹겠습니다 . 현재 4시간 플레이 지하 주차장 에서 본 청 으로 가는 길 뚫었는데 무슨 데드풀 에 나오는 콜로서스 같은 ㄴ 이 나와서 총알 다 먹음 진행 불가능 ----------------------------------------------------------------------------------------------------- 플 탐 10시간 레온 스토리 모드 클리어 완료 했습니다 8시간 30분 31 저장 에 c 나오더군요 레지던트 이블 이 게 첨 해보는 건데 너무 재밌게 했습니다,2019-02-13 15:58:40
883710,Resident Evil 2,positive,제가 가지고 있는 공포게임중 가장 재미있습니다. 제가 무서운거 싫어하고 겁도 많은데 레지던트 이블 2 리메이크는 중간 중간 갑툭튀 몇개만 빼면 그럭저럭 할만합니다.[strike](얼마나 겁이많냐면 폴아웃4에 나오는 바퀴벌레랑 모기가 징그럽고 무서워서 접음)[/strike] 물론 아직 엔딩을 보진 못했지만 제가 태어나서 이렇게 까지 공포게임을 사고싶었고 또 이렇게 플레이를 오래한 게임은 처음입니다. 정말 여유가 된다면 다들 한번쯤 플레이 해보시라고 추천드리고싶네요. 정말 재미있습니다.,제 가 가지 고 있는 공포 게임 중 가장 재미있습니다 . 제 가 무서운거 싫어하고 겁 도 많은데 레지던트 이블 2 리메이크 는 중간 중간 갑툭튀 몇개 만 빼면 그럭저럭 할만 합니다 .[ strike ]( 얼마나 겁 이 많냐면 폴아웃 4 에 나오는 바퀴벌레 랑 모기 가 징그럽고 무서워서 접음 )[/ strike ] 물론 아직 엔딩 을 보진 못 했지만 제 가 태어나서 이렇게 까지 공포 게임 을 사고싶었고 또 이렇게 플레이 를 오래 한 게임 은 처음 입니다 . 정말 여유 가 된다면 다 들 한번 쯤 플레이 해보시라고 추천 드리고싶네요 . 정말 재미있습니다 .,2019-02-13 15:38:01
883710,Resident Evil 2,positive,짱,짱,2019-02-13 07:49:57
883710,Resident Evil 2,positive,늘 그렇듯 초반에는 개쫄아서 한시간 하고 말다가 점점 익숙해지니까 김또깡 따위 가볍게 무시하면서 즐겁게 플레이 가능했음 ㅋㅋㅋㅋㅋㅋㅋㅋㅋㅋㅋㅋㅋ 은 개뿔 쫓아오는거 넘나 스트레스 ㅠㅠㅠㅠㅠㅠㅠㅠㅠㅠㅠ 김또깡 + 릭커 돌아버렼ㅋㅋㅋㅋㅋㅋㅋㅋㅋㅋㅋㅋㅋㅋㅋㅋ 이제 겨우 레온 A 깼는데 나머지 언제다깸 OTL,늘 그렇듯 초반 에는 개쫄아 서 한 시간 하고 말다가 점점 익숙해지니까 김또깡 따위 가볍게 무시 하면서 즐겁게 플레이 가능했음 ㅋㅋㅋㅋㅋㅋㅋㅋㅋㅋㅋㅋㅋ 은 개뿔 쫓아오는거 넘나 스트레스 ㅠㅠㅠㅠㅠㅠㅠㅠㅠㅠㅠ 김또깡 + 릭커 돌 아버 렼 ㅋㅋㅋㅋㅋㅋㅋㅋㅋㅋㅋㅋㅋㅋㅋㅋ 이제 겨우 레온 A 깼는데 나머지 언제 다 깸 OTL,2019-02-13 00:27:22
883710,Resident Evil 2,positive,너무 무서워서 환불 쫄보는 못하는걸로 ㅋㅋㅋㅋ,너무 무서워서 환불 쫄보 는 못 하는 걸 로 ㅋㅋㅋㅋ,2019-02-12 20:46:45
883710,Resident Evil 2,positive,"원작의 느낌과 더해 공포감과 몰입도를 극대화시킨 훌륭한 호러게임입니다. 좋아진 그래픽과 사운드 뿐만아니라, 난이도가 어려워 공포감이 더 있습니다. 부족한 탄알로 인해 모든 적을 처리하고 안전하게 플레이할만큼 여유롭지 않으며, 죽지않는 타이런트의 계속된 추격으로 압박감을 느끼기도합니다. 1회차 클리어 후는 어느정도 편해지지만, 레온,클리어 모두 2번씩 클리어해야 모든 엔딩과 스토리를 확인한다는 점에서 게임을 충분히 즐길 수 있습니다.","원작 의 느낌 과 더해 공포 감 과 몰입도 를 극 대화 시킨 훌륭한 호러 게임 입니다 . 좋아진 그래픽 과 사운드 뿐 만 아니라 , 난이도 가 어려워 공포 감 이 더 있습니다 . 부족한 탄알 로 인해 모든 적 을 처리 하고 안전하게 플레이 할만큼 여유롭지 않으며 , 죽지 않는 타 이런 트 의 계속 된 추격 으로 압박 감 을 느끼기 도합 니 다 . 1회 차 클리어 후 는 어느 정도 편해지지만 , 레온 , 클리어 모두 2 번 씩 클리어 해야 모든 엔딩 과 스토리 를 확인 한다는 점 에서 게임 을 충분히 즐길 수 있습니다 .",2019-02-12 17:29:07
883710,Resident Evil 2,positive,6이라고 생각하고 머가리를 마구마구 조졌다냥. 그런데 에구머니냥! 머리가 안터진다 이말이냥.. 꿍엥 ㅠㅠ 총알은 나올 생각을 안하고 뒤진놈은 계속 살아난다고 ㅆ이이ㅣㅣ발 다크소울3도 깬 우리 고양이가 화를 내잖아요,6 이라고 생각 하고 머 가리를 마구마구 조졌다냥 . 그런데 에구머니 냥 ! 머리 가 안 터진다 이 말 이 냥 .. 꿍 엥 ㅠㅠ 총알 은 나올 생각 을 안 하고 뒤진 놈 은 계속 살아난다고 ㅆ 이이 ㅣㅣ 발 다크 소울 3 도 깬 우리 고양이 가 화 를 내잖아요,2019-02-12 15:45:36
883710,Resident Evil 2,positive,갸꿀잼,갸꿀잼,2019-02-12 12:46:21
883710,Resident Evil 2,positive,"툼레이더. 억지로 깼습니다. 갓오워4는 심지어 3시간도 안하고 타이틀 CD는 창고행입니다. 퍼즐요소때문에 그랬습니다. 개인 성향적으로 퍼즐요소를 굉장히 싫어합니다. 아니, '퍼즐게임'은 좋아하지만, 어드벤쳐 게임에서, 특히 3D 게임에서 퍼즐요소를 넣어두는것을 굉장히 싫어합니다. 맵을 한바퀴 둘러보면서, 만일 풀리지 않는다면 없던 3D 멀미까지 생깁니다. 그런 시각에서 왜 바하2리메를 추천을 박았냐. 게임은 3D지만 퍼즐은 일차원적인 구조입니다. 툼레이더나 갓오워3처럼 퍼즐 요소가 '숨겨진 위치' 혹은 '특정 오브젝트'를","툼레이더 . 억지로 깼습니다 . 갓 오 워 4 는 심지어 3시간 도 안 하고 타이틀 CD 는 창고 행 입니다 . 퍼즐 요 소 때문 에 그랬습니다 . 개인 성향 적 으로 퍼즐 요소 를 굉장히 싫어합니다 . 아니 , ' 퍼즐게임 ' 은 좋아하지만 , 어드벤쳐 게임 에서 , 특히 3 D 게임 에서 퍼즐 요소 를 넣어 두는것을 굉장히 싫어합니다 . 맵 을 한 바퀴 둘러보면서 , 만일 풀리지 않는다면 없던 3 D 멀미 까지 생깁니다 . 그런 시각 에서 왜 바하 2 리메 를 추천 을 박았냐 . 게임 은 3 D 지만 퍼즐 은 일 차원 적 인 구조 입니다 . 툼레이더 나 갓 오 워 3 처럼 퍼즐 요소 가 ' 숨겨진 위치 ' 혹은 ' 특정 오브젝트 ' 를",2019-02-12 02:26:15
883710,Resident Evil 2,positive,않이 플레이는 하게 해줘야지;; 무서워서 못하겠어,않이 플레이 는 하게 해줘야지 ;; 무서워서 못 하겠어,2019-02-12 01:43:29
883710,Resident Evil 2,positive,걍사 레지던트 이블인데 뭐 더할게있냐?,걍 사 레지던트 이블 인데 뭐 더할게 있냐 ?,2019-02-12 01:19:10
883710,Resident Evil 2,positive,길찾는게 은근 짜증나는거 빼곤 괜찮았음 무한총알 총 먹는 순간부터 4~6처럼 악숀 게임으로 변모함,길 찾는게 은근 짜증나는거 빼곤 괜찮았음 무한 총알 총 먹는 순간 부터 4~6 처럼 악숀 게임 으로 변 모함,2019-02-12 01:07:31
883710,Resident Evil 2,positive,잘만듬,잘만 듬,2019-02-12 00:30:49
883710,Resident Evil 2,positive,"동영상에 ""날 믿어요"" 나오잖어 걍 사셈","동영상 에 "" 날 믿어요 "" 나오잖어 걍 사셈",2019-02-11 19:22:44
883710,Resident Evil 2,positive,아직도 이거 안해본 흑우 음째?,아직도 이 거 안 해본 흑우 음 째 ?,2019-02-11 15:20:12
883710,Resident Evil 2,positive,"노멀 레온A/클레어B 각 클리어 하드코어 클레어A 클리어 클레어B 게임중 오리지날을 현세대에 제.대.로 리메이크한 수작이며, 내구력이 강하된 일반좀비와 정말 부족한 탄약, 하드코어 기준으로 한방 맞으면 빈사상태로 변하는 체력까지 공포로의 회기가 잘 이루어졌습니다 7년된 i5 3570 / ddr3 16g 램 / gtx1060 3g 인 제 똥컴으로도 옵션타협하면 60프레임은 나오는 적절한 최적화또한 좋습니다 만약 오지지널을 즐기신 올드게이머라면 꼭 해봐야하는 타이틀이며, 그렇지 않더라도 공포게임을 좋아한다면 꼭 즐겨보세요 한글화까지","노멀 레온 A / 클레어 B 각 클리어 하드코어 클레어 A 클리어 클레어 B 게임 중 오리 지날을 현 세대 에 제 . 대 . 로 리메이크 한 수작 이며 , 내 구력 이 강하 된 일 반 좀비 와 정말 부족한 탄약 , 하드코어 기준 으로 한 방 맞으면 빈사 상태 로 변하는 체력 까지 공 포로 의 회기 가 잘 이루어졌습니다 7년 된 i 5 3570 / ddr 3 16 g 램 / gtx 1060 3 g 인 제 똥컴 으로도 옵션 타협 하 면 60 프레임 은 나오는 적절한 최적화 또한 좋습니다 만약 오지지 널 을 즐기신 올 드 게이머 라면 꼭 해봐 야하는 타이틀 이며 , 그렇지 않더라도 공포 게임 을 좋아한다면 꼭 즐겨 보세요 한글화 까지",2019-02-11 15:03:45
883710,Resident Evil 2,positive,"진짜 무섭고 제밋게 플레이 했습니다. 사람마다 다르지만 총 플레이 시간은 레온,클레어 합산 12~14시간 정도입니다. 헝크,두부,곤약모드 합치면 더 길겠네요. 장군님만 없으면 되는데!","진짜 무섭고 제밋 게 플레이 했습니다 . 사람 마다 다르지만 총 플레이 시간 은 레온 , 클레어 합산 12~14시간 정도 입니다 . 헝크 , 두부 , 곤약 모드 합치 면 더 길겠네요 . 장군 님 만 없으면 되는데 !",2019-02-11 10:47:30
883710,Resident Evil 2,positive,방송으로만 봐오던 과거작을 리메이크 함다해서 바로 급구매했습니다 과거 명성에 맞게 공포감이 조성하고 타일런트옹 때문에 많이 애먹은게임입니다. 그래도 재밌게 했네요 빨리 무료 dlc도 나오면 좋겠어요,방송 으로만 봐오던 과거 작 을 리메이크 함 다해 서 바로 급 구매 했습니다 과거 명성 에 맞게 공포 감 이 조성 하고 타 일 런트 옹 때문 에 많이 애 먹은 게임 입니다 . 그래도 재밌게 했네요 빨리 무료 dlc 도 나오면 좋겠어요,2019-02-11 05:19:40
883710,Resident Evil 2,positive,모자형이 너무 무서워요.,모자 형 이 너무 무서워요 .,2019-02-11 01:44:28
883710,Resident Evil 2,positive,하다가 너무 무서워서 넷플릭스로 만화틀어놓고 깻습니다. 아이 무셔,하다가 너무 무서워서 넷플릭스 로 만화 틀어놓고 깻습니 다 . 아이 무셔,2019-02-11 00:04:08
883710,Resident Evil 2,positive,갓갓좀비게임,갓 갓 좀비 게임,2019-02-10 23:14:56
883710,Resident Evil 2,positive,두한이형과 술래잡기,두 한 이형 과 술래잡기,2019-02-10 22:45:33
883710,Resident Evil 2,positive,가장 재미있게 한 바하 시리즈물,가장 재미있게 한 바하 시리즈 물,2019-02-10 20:38:02
883710,Resident Evil 2,positive,좋습니다. 어렸을 때 동생이 PC판으로 사서 동생은 세이브를 1번부터 위에서 할 때 저는 가장 아래에 저장을 하고 게임을 플레이 하곤 했습니다. 당시 규제로 인해 초록색 피와 죽는장면이 편집되어서 플레이 하다 며칠 뒤에 인터넷에 패치가 나와서 다운받은 다음 무삭제판으로 게임을 했었죠. RE2 가 나오는날 아침 일찍 국전에 가서 동생에게 줄 선물로 PS4용 타이틀을 사다 건네주었고 저 또한 집에 와서 스팀으로 구매 후 아직까지 즐기고 있습니다. 재미있습니다. 구작을 해보신 분들에겐 미흡하나마 부족한 부분도 있겠지만 저는 아,좋습니다 . 어렸을 때 동생 이 PC 판 으로 사서 동생 은 세이브 를 1 번 부터 위 에서 할 때 저 는 가장 아래 에 저장 을 하고 게임 을 플레이 하곤 했습니다 . 당시 규제 로 인해 초록색 피 와 죽는 장면 이 편집 되어서 플레이 하다 며칠 뒤 에 인터넷 에 패치 가 나와서 다운 받은 다음 무 삭제 판 으로 게임 을 했었죠 . RE 2 가 나오는 날 아침 일찍 국전 에 가서 동생 에게 줄 선물 로 PS 4 용 타이틀 을 사다 건네주었고 저 또한 집 에 와서 스팀 으로 구매 후 아직 까지 즐기고 있습니다 . 재미있습니다 . 구 작 을 해보신 분 들 에겐 미흡하나마 부족한 부분 도 있겠지만 저 는 아,2019-02-10 20:35:47
883710,Resident Evil 2,positive,난이도가 조금 어렵긴 한데 너무 재밋네 ㅇㅇ 얼릉 구입해 제발 재밌으,난이도 가 조금 어렵긴 한데 너무 재밋 네 ㅇㅇ 얼릉 구입 해 제발 재밌으,2019-02-10 18:56:49
883710,Resident Evil 2,positive,"내 인생의 공포겜 1위는 소마(SOMA)이고, 2는 아웃라스트 였는데 레지던트이블2 리메이크는 3위 됬을정도로 정말 재밌었음.","내 인생 의 공포 겜 1 위 는 소마 ( SOMA ) 이고 , 2 는 아웃 라스트 였는데 레지던트이블 2 리메이크 는 3 위 됬을 정도 로 정말 재밌었음 .",2019-02-10 17:29:27
883710,Resident Evil 2,positive,오랜만에 나온 명작 공포게임,오랜 만 에 나온 명작 공포 게임,2019-02-10 08:21:57
883710,Resident Evil 2,positive,쫄아서 동요 틀고 한 내 인생이 레전드다ㅋㅋㅋ,쫄아 서 동요 틀 고 한 내 인생 이 레전드 다 ㅋㅋㅋ,2019-02-10 05:36:46
883710,Resident Evil 2,positive,모범적인 리메이크,모범 적 인 리메이크,2019-02-10 02:40:16
883710,Resident Evil 2,positive,초반 무섭고 쫄린거만 좀 참으면 정말 재밌음. 지도 파란색으로 만들면서 파밍하는게 존잼임. 난이도 어렵다고 말이 많은데 맵 동선만 외우면 그리 어렵지도 않은겜임.,초반 무섭고 쫄린거 만 좀 참으면 정말 재밌음 . 지도 파란색 으로 만들면서 파밍 하는게 존잼임 . 난이도 어렵다고 말 이 많은데 맵 동선 만 외우면 그리 어렵지도 않은 겜임 .,2019-02-10 02:25:30
883710,Resident Evil 2,positive,패드로 조준하기가 너무힘들어서 2배 무서워짐 키마로 하시는거 추천..,패드 로 조준 하기가 너무 힘들어서 2 배 무서워 짐 키 마로 하시는거 추천 ..,2019-02-10 00:09:07
883710,Resident Evil 2,positive,"90년대 고전게임의 추억을 현대식으로 매끄럽게 표현함. 바이오하자드가 아닌 레지던트이블 제목부터 한국어 더빙 부재나 쉐리의 노인네 달리기 모션등이 아쉽지만 장점이 더욱 많기에 주관적인 평점을 준다면 90/100점, (바이오하자드4는 95/100점)","90년 대 고전 게임 의 추억 을 현대 식 으로 매끄럽게 표현 함 . 바이오하자드 가 아닌 레지던트이블 제목 부터 한국어 더빙 부재 나 쉐리 의 노인 네 달리기 모션 등 이 아쉽지만 장점 이 더욱 많기에 주관 적 인 평점 을 준다면 90/100 점 , ( 바이오하자드 4 는 95/100 점 )",2019-02-09 22:46:34
883710,Resident Evil 2,positive,"레프트 포 데드 처럼 좀비 학살게임이 아닌 제한된 탄약과 장비로 플레이하는 서바이벌 호러 퍼즐게임 짜임새 있고 깔끔한 맵구성으로 맵 곳곳이 탐색하는 맛이 일품이다. 보통 본인은 게임 하면서 스토리 위주로 탐색요소는 잘 안건드리고 지나치는 편인데, 이 게임은 맵 샅샅이 파란색으로 만들 정도로 간결하고 깔끔했다 난이도도 처음엔 압박감도 있고 어렵게 느껴지지만 초반에 플레이 요령만 잘 깨우치면 어렵지 않고 깜짝 놀래키는 점프스케어 부분도 거의 없다. 그러나 초반부터 중반까지 쫗아오는 타일런트의 압박감에 지루하지 않고 완급조절이 좋았","레프트 포 데드 처럼 좀비 학살 게임 이 아닌 제한 된 탄약 과 장비 로 플레이 하는 서바이벌 호러 퍼즐게임 짜임새 있고 깔끔한 맵 구성 으로 맵 곳곳이 탐색 하는 맛 이 일품 이다 . 보통 본인 은 게임 하면서 스토리 위주 로 탐색 요소 는 잘 안 건드리고 지나치는 편 인데 , 이 게임 은 맵 샅샅이 파란색 으로 만들 정도 로 간결하고 깔끔했다 난이도 도 처음 엔 압박 감도 있고 어렵게 느껴지지만 초반 에 플레이 요령 만 잘 깨우치면 어렵지 않고 깜짝 놀래 키 는 점프 스케 어 부분 도 거의 없다 . 그러나 초반 부터 중반 까지 쫗아오 는 타 일 런트 의 압박 감 에 지루하지 않고 완 급 조절 이 좋았",2019-02-09 22:23:49
883710,Resident Evil 2,positive,초등학교 때 오리지널 플레이하던 내가 33살이 되어 이 게임을 플레이하고있다 옛 향수를 느끼기에 좋은 게임,초등학교 때 오 리지 널 플레이 하던 내 가 33 살이 되어 이 게임 을 플레이 하고있다 옛 향수 를 느끼기에 좋은 게임,2019-02-09 22:07:35
883710,Resident Evil 2,positive,함 해보세요,함 해보세요,2019-02-09 21:39:02
883710,Resident Evil 2,positive,진짜 오랜만에 놀래면서 재밌게 플레이했던 게임이네요 이게바로 리메이크다 라는걸 보여주는 갓겜입니다.,진짜 오랜 만 에 놀래면서 재밌게 플레이 했던 게임 이네 요 이 게 바로 리메이크 다 라 는걸 보여주는 갓 겜 입니다 .,2019-02-09 19:23:33
883710,Resident Evil 2,positive,확실히 레전드 게임,확실히 레전드 게임,2019-02-09 18:56:08
883710,Resident Evil 2,positive,"어이 김레온이, 여기있었구만, 나 타이런트야 왜 왔는지 알겠나?","어이 김 레온 이 , 여기있었구만 , 나 타 이런 트 야 왜 왔는지 알겠나 ?",2019-02-09 17:58:24
883710,Resident Evil 2,positive,"애매한 분량과 A B 크게 구분 되지 않는 스토리 전개가 너무 아쉽지만 강화된 그래픽, 압박감 느껴지는 공포로 전통 바하시리즈의 복귀를 선언한 작품이라 할수있다.","애매한 분량 과 A B 크게 구분 되지 않는 스토리 전개 가 너무 아쉽지만 강화 된 그래픽 , 압박 감 느껴지는 공포 로 전통 바하 시리즈 의 복귀 를 선언 한 작품 이라 할수있다 .",2019-02-09 16:18:20
883710,Resident Evil 2,positive,갓겜이니 안심하고 즐기세요 b,갓 겜 이니 안심 하고 즐기세요 b,2019-02-09 15:23:11
883710,Resident Evil 2,positive,존나 재밌다,존나 재밌다,2019-02-09 11:26:04
883710,Resident Evil 2,positive,어둡고 길치라서 종종 짜증나지만 게임 재미는 인정.....,어둡고 길치라서 종종 짜증나지만 게임 재미 는 인정 .....,2019-02-09 02:52:36
883710,Resident Evil 2,positive,잘 만들었는대 그 놈의 탄약때문에 중간에 하다가 포기함,잘 만들었는대 그 놈 의 탄약 때문 에 중간 에 하다가 포기 함,2019-02-09 01:32:55
883710,Resident Evil 2,positive,개꿀잼,개꿀잼,2019-02-09 00:52:12
883710,Resident Evil 2,positive,바이오하자드4 이후로 완전히 죽었다고 생각한 캡콤이었는데 그 생각을 한번에 날려버린 최고의 게임 3 그리고 코드베로니카도 기대하고있겠음,바이오하자드 4 이후 로 완전히 죽었다고 생각 한 캡콤 이었는데 그 생각 을 한번 에 날려 버린 최고 의 게임 3 그리고 코드 베로니카 도 기대하고있겠음,2019-02-08 22:59:02
883710,Resident Evil 2,positive,노세이브는 정신 건강에 매우 해롭습니다.,노 세이브 는 정신 건강 에 매우 해롭습니다 .,2019-02-08 22:11:07
883710,Resident Evil 2,positive,"[h1]잘 만든 리메이크작이 뭔지 보여줌[/h1] 중간중간 깜놀하는 장면과 돌비 지원하는 헤드폰 속으로 들리는 타일런트의 무시무시한 발자국 소리 등 이러한 공포스러움 때문에 하루 한 시간씩 플레이 하다 대략 5일만에 엔딩 봤네요 ㅋㅋ 게임 총평을 간략히 하면 '참~잘 만들었다' 입니다 그래픽과 사운드, 액션성이나 적당한 퍼즐 저에겐 과분할 정도로 뛰어납니다 이런 공포겜들은 2회차를 안 하는 주의지만 이쁜 클레어를 보고 있자니 제 신념을 꺾을 수 밖에 없겠더군요 ㅋ 그나저나 클레어는 레온보다 초반이 더 헬이라는데 벌써부터 걱정이 이","[ h 1 ] 잘 만든 리메이크 작 이 뭔 지 보여줌 [/ h 1 ] 중간 중간 깜놀 하는 장면 과 돌비 지원 하는 헤드폰 속 으로 들리는 타 일 런트 의 무시무시한 발자국 소리 등 이러한 공포 스러 움 때문 에 하루 한 시간 씩 플레이 하다 대략 5일 만에 엔딩 봤네요 ㅋㅋ 게임 총 평 을 간략히 하면 ' 참 ~ 잘 만들었다 ' 입니다 그래픽 과 사운드 , 액션 성 이나 적당한 퍼즐 저 에겐 과 분할 정도 로 뛰어납니다 이런 공포 겜 들 은 2회 차를 안 하는 주의 지만 이쁜 클레어 를 보고 있자니 제 신념 을 꺾을 수 밖에 없겠더군요 ㅋ 그나저나 클레어 는 레온 보다 초반 이 더 헬 이라는 데 벌써 부터 걱정 이 이",2019-02-08 20:08:39
883710,Resident Evil 2,positive,이것이 리메이크다 희망편 바이오하자드 RE:2,이 것 이 리메이크 다 희망 편 바이오하자드 RE : 2,2019-02-08 19:08:40
883710,Resident Evil 2,positive,GUD,GUD,2019-02-08 15:30:40
883710,Resident Evil 2,positive,휴가나와서 바이오하자드 2리메이크 바로 질러서 레온 파트는 다깨고 복귀할 계획. 아직 플레이 하고 있는중이고 게임을 플레이 해보고 나서의 느낌을 말하자면 데드스페이스1을 처음 접했을때의 그 감흥이 다시 되살아나는 느낌. 하지만 네크로모프보단 바하 리2 좀비들이 더 쎈것같다. 잡몹 좀비한마리에 탄 5발 이상을 투자해야 공격을 못한다니.. 릭커랑 켈베 요놈들은 멧집도 쎈데 속도는 또 어찌나 빠르던지.. 타이런트는 아직 못만났지만 만나면 확실 더 귀찮아질것 같은 예감이 드는구나. 레온의 탄약수는 내 지갑과 비슷. 마치 게이브 뉴웰의,휴가 나와서 바이오하자드 2 리메이크 바로 질러서 레온 파트 는 다 깨고 복귀 할 계획 . 아직 플레이 하고 있는 중이 고 게임 을 플레이 해보고 나서의 느낌 을 말 하자면 데드 스페이스 1 을 처음 접 했을 때 의 그 감흥 이 다시 되 살아나는 느낌 . 하지만 네 크로 모 프 보단 바하 리 2 좀비 들 이 더 쎈것 같다 . 잡몹 좀비 한 마리 에 탄 5 발 이상 을 투자 해야 공격 을 못 한다니 .. 릭커 랑 켈베 요 놈 들 은 멧집 도 쎈데 속도 는 또 어찌나 빠르던지 .. 타 이런 트는 아직 못 만났지만 만나면 확실 더 귀 찮아질것 같은 예감 이 드는구나 . 레온 의 탄약 수 는 내 지갑 과 비슷 . 마치 게 이브 뉴웰 의,2019-02-08 13:52:50
883710,Resident Evil 2,positive,오늘부터 에이다 누님은 제 와이프입니다 눈독 들이지 마세요 ============== 오랜만에 플레이해도 여전히 에이다 너무 예쁘잖어 ㅠㅠ,오늘 부터 에이 다 누님 은 제 와이프 입니다 눈독 들이지 마세요 ============== 오랜 만 에 플레이 해도 여전히 에이 다 너무 예쁘잖어 ㅠㅠ,2019-02-08 13:41:44
883710,Resident Evil 2,positive,그냥 재밌다. 말이 필요 없다.,그냥 재밌다 . 말 이 필요 없다 .,2019-02-08 13:00:33
883710,Resident Evil 2,positive,최고의 리메이크!!,최고 의 리메이크 !!,2019-02-08 10:54:25
883710,Resident Evil 2,positive,쥰내무서워,쥰내 무서워,2019-02-08 10:43:13
883710,Resident Evil 2,positive,오리지널과 4이후의 시스템을 잘합쳤고 공포감도 생각보다 대단하다아이가 ㅋ 츄라이츄라이 함 해봐라 디진다 아이가 ㅋ,오 리지 널 과 4 이후 의 시스템 을 잘 합쳤고 공포 감도 생각 보다 대단하다아이가 ㅋ 츄 라이츄 라이 함 해봐라 디진다 아이 가 ㅋ,2019-02-08 01:56:09
883710,Resident Evil 2,positive,길치고 평소 호러게임 잘못하면 생지옥임,길 치고 평소 호러 게임 잘못 하면 생지옥 임,2019-02-08 01:31:39
883710,Resident Evil 2,positive,재밌당 ㅎㅎ 타일런트 씹새끼,재밌당 ㅎㅎ 타일 런트 씹 새끼,2019-02-07 22:57:24
883710,Resident Evil 2,positive,이거슨 바이오 하자드이다 알개서?,이거슨 바이오 하자드 이다 알 개 서 ?,2019-02-07 22:50:07
883710,Resident Evil 2,positive,"간만에 정말 재밌게 플레이했습니다. 가격이 약간 부담되기는 하지만 플레이하다보니 돈 값은 충분히 한 것 같네요. 초회차 플레이에서 머리통에 총알이 수도없이 박혀도 죽지않는 이름값하는 좀비들과 쿵쿵 소리내며 다가오는 중절모 사나이까지 긴장의 연속이었습니다. 모두 클리어하고나선 뭔가 허전했지만 띠용?! 주간도전과제를 꼬박꼬박 내줍니다. 클리어 후 공허하다 생각이 들 때, 도전과제를 깨겠다는 생각으로 플레이하신다면 제약도 생기고 오랫동안 즐길 수 있을 것 같습니다.","간만 에 정말 재밌게 플레이 했습니다 . 가격 이 약간 부담 되 기는 하지만 플레이 하다 보니 돈 값 은 충분히 한 것 같네요 . 초회차 플레이 에서 머리 통 에 총알 이 수도 없이 박혀도 죽지 않는 이름 값 하 는 좀비 들 과 쿵쿵 소리내며 다가오는 중절모 사나이 까지 긴장 의 연속 이었습니다 . 모두 클리어 하고 나선 뭔가 허전했지만 띠용 ?! 주간 도 전 과제 를 꼬박꼬박 내줍니다 . 클리어 후 공허하다 생각 이 들 때 , 도전 과제 를 깨겠다는 생각 으로 플레이 하신다면 제약 도 생기 고 오랫동안 즐길 수 있을 것 같습니다 .",2019-02-07 21:58:02
883710,Resident Evil 2,positive,머리딸려서 크롬키고함,머리 딸려서 크롬 키 고함,2019-02-07 21:33:57
883710,Resident Evil 2,positive,아이 무서워,아이 무서워,2019-02-07 20:39:29
883710,Resident Evil 2,positive,레지던트 시리즈 처음 접하는데 너무 무섭지만 재밌어요,레지던트 시리즈 처음 접 하는데 너무 무섭지만 재밌어요,2019-02-07 19:38:38
883710,Resident Evil 2,positive,왈가왈부 할 필요없다. 그냥 사라. 비싼값을 한다.,왈가 왈부 할 필요없다 . 그냥 사라 . 비 싼값 을 한다 .,2019-02-07 18:02:54
883710,Resident Evil 2,positive,후반 연구소 부분은 짧아서 조금 아쉽긴 하지만 그외엔 깔게 없다고 생각함.,후반 연구소 부분 은 짧아서 조금 아쉽긴 하지만 그 외 엔 깔게 없다고 생각 함 .,2019-02-07 14:31:34
883710,Resident Evil 2,positive,대꿀잼,대 꿀잼,2019-02-07 11:59:31
883710,Resident Evil 2,positive,공포게임을 선호하지 않아.. 시리즈는 거의 다있지만 플레이는 거의 안해본 바하2. 물론 오리지널 바하2도 안해봤다.. 영화로 밖에 접해 보지 않은 시리즈 인지라 기본적 스토리도 잘 몰랐다... 그리하여 플레이 해본 바하2는 왠만해선 헤드샷 한방으로는 죽지 않는 좀비와 무적의 타일런트로 부터의 쫓김으로 긴장감의 연속.. 감툭튀로 인한 깜짝 포인트..제한적인 인벤토리와 아이템.. 어둑 어둑한 배경으로 스릴감을 느끼게 한다.. 플레이 타임은 1회차 레온 -클레어 시 각각 약 8시간 과 약 5시간 정도로 길지 않지만 플레이 내내 시간,공포 게임 을 선호 하지 않아 .. 시리즈 는 거의 다 있지만 플레이 는 거의 안 해본 바하 2 . 물론 오 리지 널 바하 2 도 안 해봤다 .. 영화로 밖에 접해 보지 않은 시리즈 인지 라 기본 적 스토리 도 잘 몰랐다 ... 그리하여 플레이 해본 바하 2 는 왠만해 선 헤드샷 한 방 으로는 죽지 않는 좀비 와 무적 의 타 일 런트 로 부터의 쫓김으로 긴장감 의 연속 .. 감툭 튀로 인한 깜짝 포인트 .. 제한 적 인 인벤 토리 와 아이템 .. 어둑 어둑한 배경 으로 스릴 감 을 느끼게 한다 .. 플레이 타임 은 1회 차 레온 - 클레어 시 각각 약 8시간 과 약 5시간 정도 로 길지 않지만 플레이 내내 시간,2019-02-07 09:20:02
883710,Resident Evil 2,positive,오질라게 안 죽는 좀비와 타일런트의 압박 i need ammo !!!,오 질라 게 안 죽는 좀비 와 타 일 런트 의 압박 i need ammo !!!,2019-02-07 01:56:09
883710,Resident Evil 2,positive,장점: 원작의 리메이크로 좋아진 그래픽과 최적화 스토리가 끝나고 특전무기를 얻기위한 조건으로 다회차를 통해 고인물이 될 수 있음 단점: 생각보다 작은 게임볼륨 메인스토리를 제외한 부족한 컨텐츠(ex 용병모드) 다회차플레이를 유도한 것 치곤 스토리 분기나 반전이 없음 총평 ★★★★ 바하7과 유사한 게임플레이. 아직은 추가 컨텐츠가 부족하여 59000원 정가 주고 사기엔 살짝 부담스러운 점이 있 지만 출시가 얼마 안된 게임이고 추후 무료컨텐츠,장점 : 원작 의 리메이크 로 좋아진 그래픽 과 최적화 스토리 가 끝나고 특 전 무기 를 얻기 위 한 조건 으로 다 회차 를 통해 고 인물 이 될 수 있음 단점 : 생각 보다 작은 게임 볼륨 메인 스토리 를 제외 한 부족한 컨텐츠 ( ex 용병 모드 ) 다 회차 플레이 를 유도 한 것 치곤 스토리 분기 나 반전 이 없음 총 평 ★★★★ 바하 7 과 유사한 게임 플레이 . 아직 은 추가 컨텐츠 가 부족하여 59000원 정가 주고 사기 엔 살짝 부담스러운 점 이 있 지만 출시 가 얼마 안된 게임 이고 추후 무료 컨텐츠,2019-02-07 01:34:25
883710,Resident Evil 2,positive,"하반신 마비 걸려서 점프를 할 수도, 제대로 전력질주도 못하는 경찰조무사 김레온과 머머리를 감추기 위해 산 모자마저 날려버린 김레온에게 상당히 화가 난 두환이 형님의 숨막히는 추격전.","하반신 마비 걸려서 점프 를 할 수도 , 제대로 전력 질주 도 못 하는 경찰 조무사 김 레온 과 머 머리 를 감추기 위해 산 모자 마저 날려 버린 김 레온 에게 상당히 화가 난 두 환 이 형님 의 숨막히는 추 격전 .",2019-02-06 22:39:21
883710,Resident Evil 2,positive,구식 바이오하자드와 현대식 바이오하자드의 환상적인 조화,구식 바이오하자드 와 현대 식 바이오하자드 의 환상 적 인 조화,2019-02-06 20:51:15
883710,Resident Evil 2,positive,바하2 뉴비로 리메이크 소식 듣고 풀기대감을 갖고 플레이를 했습니다 그리고 엔딩까지 달렸구요 뭐 AB BA 이런 루트가 있다는데 다 해봤지만 거기서 거기더라구요 스토리 진행도 한 세계의 클레어와 레온 시점이 아닌 서로 다른 평행세계의 클레어 시점과 레온시점 느낌이었습니다 결국 클레어가 했던걸 레온이하고 레온이 했던걸 클레어가 하고 그냥 여캐 남캐로만 선택해서 하는 느낌이더군요 중간에 미세하게 다른 점이 있지만 뭐 그닥이였습니다 결론은 그냥 오래된 게임 최소한 요즘게임답게 리메이크해준 것으로만 만족해야 되는 게임인 것 같네,바하 2 뉴비 로 리메이크 소식 듣고 풀기 대감 을 갖고 플레이 를 했습니다 그리고 엔딩 까지 달렸구요 뭐 AB BA 이런 루트 가 있다는데 다 해봤지만 거기 서 거 기더라구요 스토리 진행 도 한 세계 의 클레어 와 레온 시점 이 아닌 서로 다른 평행 세계 의 클레어 시점 과 레온 시점 느낌이었습니다 결국 클레어 가 했던걸 레온 이하고 레온 이 했던걸 클레어 가 하고 그냥 여캐 남캐 로만 선택 해서 하는 느낌이더군요 중간 에 미세하게 다른 점 이 있지만 뭐 그 닥 이 였습니다 결론 은 그냥 오래된 게임 최소한 요즘 게 임답게 리메이크 해준 것 으로만 만족해야 되는 게임 인 것 같네,2019-02-06 18:55:46
883710,Resident Evil 2,positive,갓콤~!!!!,갓 콤 ~!!!!,2019-02-06 18:13:37
883710,Resident Evil 2,positive,10/10 GODGAME + 기존 바하2가 제대로 느껴짐 + 감탄할만하게 설계된 게임 플레이 구조 + RE엔진 - 없음 총평 갓콤,10/10 GODGAME + 기존 바하 2 가 제대로 느껴짐 + 감탄 할 만하 게 설계 된 게임 플레이 구조 + RE 엔진 - 없음 총 평 갓 콤,2019-02-06 17:10:14
883710,Resident Evil 2,positive,아주 모범적인 리메이크 작의 예시중 하나,아주 모범 적 인 리메이크 작 의 예시 중 하나,2019-02-06 15:51:15
883710,Resident Evil 2,positive,아니 캡콤 씨발년들아 누가 이렇게 무섭게 리메이크하라 했냐,아니 캡콤 씨발 년 들 아 누가 이렇게 무섭게 리메이크 하 라 했냐,2019-02-06 14:12:36
883710,Resident Evil 2,positive,공포 게임 좋아해? 퍼즐 게임 좋아해? 탐험 하는거 좋아해? 그럼 왜 기다려? 그냥 사! 사라고!,공포 게임 좋아해 ? 퍼즐 게임 좋아해 ? 탐험 하는거 좋아해 ? 그럼 왜 기다려 ? 그냥 사 ! 사라 고 !,2019-02-06 13:37:41
883710,Resident Evil 2,positive,발자국 소리에 움츠려든다...우시,발자국 소리 에 움츠려 든다 ... 우시,2019-02-06 13:02:23
883710,Resident Evil 2,positive,"플레이시간이 짧긴하지만 재미있습니다. 단, 원작과 달리 A루트 B루트가 대부분 겹치고 이벤트가 적어 저 처럼 바이오하자드 팬이 아니라면 더더욱 플레이시간이 짧아질수 있습니다.","플레이 시간 이 짧긴하지만 재미있습니다 . 단 , 원작 과 달리 A 루트 B 루트 가 대부분 겹 치고 이벤트 가 적어 저 처럼 바이오하자드 팬 이 아니라면 더 더욱 플레이 시간 이 짧아질수 있습니다 .",2019-02-06 12:43:12
883710,Resident Evil 2,positive,이런류의 게임은 한번하고 끝이라고 생각 했는데 계속 하고 싶게 만드는 무언가가 있음!!! 진짜 최고의 게임,이런 류 의 게임 은 한번 하고 끝 이라고 생각 했는데 계속 하고 싶게 만드는 무언가 가 있음 !!! 진짜 최고 의 게임,2019-02-06 09:15:55
883710,Resident Evil 2,positive,' 0 ' 하아~ 하아~ 하아~ ' 0 ',' 0 ' 하아 ~ 하아 ~ 하아 ~ ' 0 ',2019-02-06 08:58:10
883710,Resident Evil 2,positive,리마스터인데 너무 차이가나네요 원판이랑.. 지금 하는것 레온이랑 클레어는 a 루트나 b 루트나 차이가 너무없어요 그리고 특전이 너무 하네요 ㅋㅋㅋㅋ 특전이 너무너무없음 에이다나 클레어 레온등등도 특전으로 할수잇게해주징...,리 마스터 인데 너무 차이가나네요 원판 이랑 .. 지금 하는것 레온 이랑 클레어 는 a 루트 나 b 루트 나 차이 가 너무 없어요 그리고 특전 이 너무 하네요 ㅋㅋㅋㅋ 특전 이 너무 너무 없음 에이 다나 클레어 레온 등등 도 특전 으로 할수 잇게 해주 징 ...,2019-02-06 08:10:10
883710,Resident Evil 2,positive,난 곰보겜을 싫어한다. 근데 이 게임은 씨발 줱나 갓겜이다 이 씨발 타일런트 씹새끼땜에 진행 못하는데 너무재미;ㅆ음 시발 다만 클레어랑 레온이랑 스토리 레지던트이블6 마냥 연계되게했음 ㅆㅅㅌㅊ였을텐데 아쉬운부분,난 곰보 겜 을 싫어한다 . 근데 이 게임 은 씨발 줱 나 갓 겜 이다 이 씨발 타일 런트 씹 새끼 땜 에 진행 못 하는데 너무 재미 ; ㅆ 음 시발 다만 클레어 랑 레온 이랑 스토리 레지던트이블 6 마냥 연 계 되게 했음 ㅆㅅㅌㅊ 였을텐데 아쉬운 부분,2019-02-06 07:49:05
883710,Resident Evil 2,positive,"진짜 존나 재밌음 바하 1 , 2 , 3 , 7 안해보고 456 만 했는데 호러성이 짙은 바이오하자드가 이렇게 재밌을줄은 상상도 못함. 나머지 넘버링도 이렇게 리메이크 해준다면 스팀올라오자마자 예구 하겠음.","진짜 존나 재밌음 바하 1 , 2 , 3 , 7 안 해보고 456 만 했는데 호러 성 이 짙은 바이오하자드 가 이렇게 재밌을줄은 상상 도 못 함 . 나머지 넘버링 도 이렇게 리메이크 해준다면 스팀 올라오자마자 예 구 하겠음 .",2019-02-06 05:49:55
883710,Resident Evil 2,positive,ㅈㄴ무섭고 ㅈㄴ재밌는게임,ㅈㄴ 무섭고 ㅈㄴ 재밌는 게임,2019-02-06 03:13:06
883710,Resident Evil 2,positive,아아.. 이건은 좋은 리메이크다 개껌이.. 개껌따위가 ... 뭔가 분하면서도 기쁜 그런 기분이 드네요 -------------------------------------- 2019/3/7 출시후 한달이 지난후에 다시 남기는 후기 RE2 엔진으로 더욱 강력해진 시각적 공포와 요령(?)을 알기전엔 절대!!!!!! 부족한 탄약과 뭔가 답답한 조작감으로 인한 심리적 공포 그래 이게 내가 20년전 느꼈던 레지던트이블이 아닌 바이오하자드였습니다 추억보정으로 패드를 붙잡고 있기엔 불가능해보였던 하코 난이도도 결국 클리어 가,아아 .. 이건 은 좋은 리메이크 다 개껌 이 .. 개껌 따위 가 ... 뭔가 분하면서도 기쁜 그런 기분 이 드네 요 -------------------------------------- 2019/3 / 7 출시 후 한 달이 지난 후 에 다시 남기는 후기 RE 2 엔진 으로 더욱 강력해진 시각 적 공포 와 요령 (?) 을 알 기전 엔 절대 !!!!!! 부족한 탄약 과 뭔가 답답한 조 작 감 으로 인한 심리 적 공포 그래 이 게 내 가 20년 전 느꼈던 레지던트이블 이 아닌 바이오하자드 였습니다 추억 보정 으로 패드 를 붙잡고 있기엔 불가능 해보였던 하 코 난이도 도 결국 클리어 가,2019-02-06 00:03:23
883710,Resident Evil 2,positive,최고임,최고 임,2019-02-06 00:02:11
883710,Resident Evil 2,positive,꿀잼,꿀잼,2019-02-05 23:51:36
883710,Resident Evil 2,positive,지금 8시간째 으엌으엌 하면서 놀래고 좀비 무서워서 방에서 못나오고...문만 빼곰 열고 눈치보고 하다보니 아직도 경찰서 안이네;;;; 남들은 8시간이면 엔딩 보고 남는다던데.........,지금 8시간 째 으엌으엌 하면서 놀래고 좀비 무서워서 방 에서 못 나오고 ... 문 만 빼곰 열고 눈치 보고 하다 보니 아직도 경찰서 안이 네 ;;;; 남 들 은 8시간 이면 엔딩 보고 남는다던데 .........,2019-02-05 23:33:32
883710,Resident Evil 2,positive,biohazard re:3가 기대된다 biohazard 8도 기대되고,biohazard re : 3 가 기대 된다 biohazard 8 도 기대되 고,2019-02-05 23:24:46
883710,Resident Evil 2,positive,과거의 영광을 아름다운 현대로써 완벽하게 승화시킨 작품 고전적인 요소가 있음에도 그 부분때문에 오히려 요즘 작품과는 차별화되는 작품성을 가지고 있습니다 전 고작 바하 리버스만 해보았지만 이 작품은 바하 리버스같이 구닥다리란 생각이 들지않고 정말 현대적으로 재해석한 마스터피스란 생각이 드네요 이 시리즈에 입문을 이 작품으로 한다고해도 추천할만큼 정말 뛰어난 완성도를 가진 작품입니다,과거 의 영광 을 아름다운 현대 로써 완벽하게 승화 시킨 작품 고 전적 인 요소 가 있음에도 그 부분 때문 에 오히려 요즘 작품 과는 차별 화 되는 작품 성 을 가지 고 있습니다 전 고작 바하 리 버스 만 해보았지만 이 작품 은 바하 리 버스 같이 구 닥 다리란 생각 이 들지 않고 정말 현대 적 으로 재 해석 한 마스터피스 란 생각 이 드네 요 이 시리즈 에 입문 을 이 작품 으로 한다고 해도 추천 할만큼 정말 뛰어난 완성 도를 가진 작품 입니다,2019-02-05 21:55:44
883710,Resident Evil 2,positive,20대 시절의 풋풋한 에이다를 볼 수 있다는데 무슨 말이 더 필요한가? 에이다 가즈아~~!!,20 대 시절 의 풋풋한 에이 다를 볼 수 있다는데 무슨 말 이 더 필요한가 ? 에이 다 가즈 아 ~~!!,2019-02-05 20:28:25
883710,Resident Evil 2,positive,"<< 공포의 향수를 다시 불러일으켜준 리메이크 작 >> 레온과 클레어 플레이의 연관성,접점 이라던지 기존 구작에 비해선 아쉬운 점이 있긴하지만 좋은 그래픽과 다시 찾아 온 공포감 만으로도 바하 팬인 나의 향수를 불러일으키긴 충분했음 바하 7에서 새로운 도전으로 기지개를 켜더니 제대로 한건 하셨음 3도 혹시 리메이크 될지 모르겠지만 액션에 치중한 것이 아닌 공포적인 이 느낌 그대로의 차기작을 기대하겠음","<< 공포 의 향수 를 다시 불러일으켜 준 리메이크 작 >> 레온 과 클레어 플레이 의 연관 성 , 접점 이라던지 기존 구 작 에 비 해 선 아쉬운 점 이 있긴하지만 좋은 그래픽 과 다시 찾아 온 공포 감 만으로도 바하 팬 인 나 의 향수 를 불러일으키긴 충분했음 바하 7 에서 새로운 도전 으로 기지개 를 켜더니 제대로 한 건 하셨음 3 도 혹시 리메이크 될지 모르겠지만 액션 에 치중 한 것 이 아닌 공포 적 인 이 느낌 그대로 의 차기작 을 기대하겠음",2019-02-05 19:01:12
883710,Resident Evil 2,positive,이 게임은 오랜만에 공포를 느끼게 해준 갓겜이다,이 게임 은 오랜 만 에 공포 를 느끼게 해준 갓 겜 이다,2019-02-05 17:30:31
883710,Resident Evil 2,positive,쌌다,쌌다,2019-02-05 16:27:38
883710,Resident Evil 2,positive,"기존의 1,2,3 의 제한적인 시야의 CCTV에서 보는것 같던 시점을 바꾸고 4이후부터 적용된 숄더뷰로 진행 할 수 있는 바하2 리메이크로 넘버링으로 쳐주기도 싫은 7에서 사용된 RE 엔진으로 만들어져서 퀄리티는 상당히 좋습니다 2,3에서 제대로 보기 힘들었던 라쿤시티 경찰서의 구석구석을 볼 수 있는것도 상당히 새로운 느낌으로 에일리언 아이솔레이션에서 엔지니어가 있는 공동을 들어갔을때의 감동같은 느낌을 받을 수 있습니다 라쿤시티의 모습은 사실 ORC에서도 볼 수 있습니다만.. 지역락이 걸려있는지라 못해본 분도 많","기존 의 1 , 2 , 3 의 제한 적 인 시야 의 CCTV 에서 보는것 같던 시점 을 바꾸고 4 이후 부터 적용 된 숄더뷰 로 진행 할 수 있는 바하 2 리메이크 로 넘버링 으로 쳐 주기도 싫은 7 에서 사용 된 RE 엔진 으로 만들어져서 퀄리티 는 상당히 좋습니다 2 , 3 에서 제대로 보기 힘들었던 라쿤시티 경찰서 의 구석구석 을 볼 수 있는것도 상당히 새로운 느낌 으로 에일리언 아이 솔 레이 션 에서 엔지니어 가 있는 공동 을 들어갔을 때 의 감동 같은 느낌 을 받을 수 있습니다 라쿤시티 의 모습 은 사실 ORC 에서도 볼 수 있습니다만 .. 지역락 이 걸려있는지라 못 해본 분도 많",2019-02-05 13:42:14
883710,Resident Evil 2,positive,"CD로 가지고있기때문에 스팀에 등록된걸 제외하고 바이오하자드시리즈 대부분 해봤다고 확신하는데 전작(2편 리메이크이전)보다 너프된상태로 플레이하게됩니다. 다른분들께서 설명을 워낙 잘해놔서 사길 망설여지시는분들을위한 팁이라고한다면 기존TPS게임류를 어느정도 해봤다면 게임자체는 무난히 할수있습니다. 다만 저도 심약자였는지 타일런트발소리가 어느정도를 예측하지못하고 울리고 광범위한게 흠이었음.그리고 일정거리이상 떨어지면 텔레포트해서 앞에나올때도있고.... 장점- -훌륭한 리메이크성공,타임어택도전과제나 쉽게 죽지않는 적. -오랜만에 제","CD 로 가지고있기 때문 에 스팀 에 등록 된 걸 제외 하고 바이오하자드 시리즈 대부분 해봤다고 확신 하는데 전작 ( 2 편 리메이크 이전 ) 보다 너프 된 상태 로 플레이 하게 됩니다 . 다른 분들 께서 설명 을 워낙 잘 해 놔서 사길 망설여지시는 분 들 을 위 한 팁 이라고 한다면 기존 TPS 게임 류 를 어느 정도 해봤다면 게임 자체 는 무난 히 할수있습니다 . 다만 저 도 심 약자 였는지 타 일 런트 발 소리 가 어느 정도 를 예측 하지못하고 울리고 광범위한게 흠 이었음 . 그리고 일정 거리 이상 떨어지면 텔레포트 해서 앞 에나 올 때 도 있고 .... 장점 - - 훌륭한 리메이크 성공 , 타임 어택 도 전 과제 나 쉽게 죽지 않는 적 . - 오랜 만 에 제",2019-02-05 11:44:29
883710,Resident Evil 2,positive,말이 필요없음 갓------작 햇다,말 이 필요없음 갓 ------ 작 햇 다,2019-02-05 11:01:24
883710,Resident Evil 2,positive,머리 쓰는 공포겜은 또 처음이네,머리 쓰는 공포 겜 은 또 처음 이네,2019-02-05 10:32:02
883710,Resident Evil 2,positive,"다회차 플레이가 지루하지 않고 캐릭터 2명의 각기 다른 시나리오가 참 매력적으로 느껴졌다. 전작 레지던트 이블7의 RE 엔진에 개인적으로 꽤나 흥미롭게 느꼈는데, 이번 작품 또한 RE 엔진을 차용하여, 깔끔하면서 레지던트 이블만의 느낌 그리고 강렬하며 섬세한 사운드까지 정말 재밌게 하고있다.","다 회차 플레이 가 지루하지 않고 캐릭터 2 명의 각기 다른 시나리오 가 참 매력 적 으로 느껴졌다 . 전작 레지던트 이블 7 의 RE 엔진 에 개인 적 으로 꽤 나 흥미롭게 느꼈는데 , 이번 작품 또한 RE 엔진 을 차용 하여 , 깔끔하면서 레지던트 이블 만의 느낌 그리고 강렬하며 섬세한 사운드 까지 정말 재밌게 하고있다 .",2019-02-05 09:26:37
883710,Resident Evil 2,positive,원작 팬으로 매우 만족,원작 팬 으로 매우 만족,2019-02-05 09:23:44
883710,Resident Evil 2,positive,"다 좋은데 첫 번째 시나리오와 두 번째 시나리오가 이어지지 않는게 상당히 아쉬움... 처음을 레온으로 클리어 한 후 두 번째 시나리오가 해금 되길래 ""아, 두 번째 시나리오를 클레어로 하면 레온으로 플레이 했을 때 클레어는 뭘 했는지 알려주는건가"" 라고 생각했는데 정작 해보면 그냥 다 똑같음... 평행 세계인가라고 생각할 정도로 스토리가 부실함. 그냥 강제로 게임을 다시 하게 만드는거 같음. 결론을 말하자면 완벽한 갓겜이라 생각했습니다, 두 번째 시나리오를 하기 전 까진. 그렇다고 게임이 재미없다는건 아닌데, 두 시나리오의 스토리","다 좋은데 첫 번째 시나리오 와 두 번째 시나리오 가 이어지지 않는게 상당히 아쉬움 ... 처음 을 레온 으로 클리어 한 후 두 번째 시나리오 가 해금 되길래 "" 아 , 두 번째 시나리오 를 클레어 로 하면 레온 으로 플레이 했을 때 클레어 는 뭘 했는지 알려주는 건가 "" 라고 생각 했는데 정작 해보면 그냥 다 똑같음 ... 평행 세계 인가 라고 생각 할 정도 로 스토리 가 부실함 . 그냥 강제 로 게임 을 다시 하게 만드는거 같음 . 결론 을 말 하자면 완벽한 갓 겜 이라 생각 했습니다 , 두 번째 시나리오 를 하기 전 까진 . 그렇다고 게임 이 재미없다는건 아닌데 , 두 시나리오 의 스토리",2019-02-05 05:22:26
883710,Resident Evil 2,positive,MX130 8gb RAM 이정도로 50~60프레임 뽑으면 말 다한거 아님?,MX 130 8 gb RAM 이 정도 로 50~60 프레임 뽑으면 말 다한 거 아님 ?,2019-02-05 01:32:36
883710,Resident Evil 2,positive,클래어: 역시 모든 무기를 섭렵한 웨폰 마스터. 훈련받은 레온보다 더 강한능력. 오빠설정이 무기 사용법만 알려줘서 다행이지. 격투를 앓려줬으면. 좀비무상찍을듯!!!!! 내가 귀신 여포.. 아니.. 클레어다!!!!!,클래어 : 역시 모든 무기 를 섭렵 한 웨폰 마스터 . 훈련 받은 레온 보다 더 강한 능력 . 오빠 설정 이 무기 사 용법 만 알려줘서 다행 이지 . 격투 를 앓려 줬으면 . 좀비 무상 찍을듯 !!!!! 내 가 귀신 여포 .. 아니 .. 클레어 다 !!!!!,2019-02-05 00:29:37
883710,Resident Evil 2,positive,아껴야 산다. -LV.51,아껴야 산다 . - LV . 51,2019-02-04 23:01:00
883710,Resident Evil 2,positive,오랜만에 재미있는 공포액션게임을 플레이 한 거 같다. 최적화만 조금 더 잘되었으면 하는 아쉬움이 남지만 재미면에서 무척이나 만족스러웠다. 차후 dlc도 재미있게 많이 만들어주었으면 한다. 바이오하자드3 리메이크가 기다려진다.,오랜 만 에 재미있는 공포 액션게임 을 플레이 한 거 같다 . 최적화 만 조금 더 잘 되었으면 하는 아쉬움 이 남지 만 재미 면 에서 무척 이나 만족스러웠다 . 차후 dlc 도 재미있게 많이 만들어주었으면 한다 . 바이오하자드 3 리메이크 가 기다려진다 .,2019-02-04 22:46:51
883710,Resident Evil 2,positive,이건 추천한다! 키마로도 쾌적한 플레이가능!,이건 추천 한다 ! 키 마로 도 쾌적한 플레이 가능 !,2019-02-04 21:45:14
883710,Resident Evil 2,positive,"저에게 있어서 최고의 게임 ! 5만 9천원이 하나도 아깝지 않습니다 . 호러 요소가 충실하고, 퍼즐이 어렵지 않아서 긴장을 해치지 않는다고 생각합니다 .","저 에게 있어서 최고 의 게임 ! 5만 9천원 이 하나 도 아깝지 않습니다 . 호러 요소 가 충실하고 , 퍼즐 이 어렵지 않아서 긴장 을 해치 지 않는다고 생각 합니다 .",2019-02-04 21:31:21
883710,Resident Evil 2,positive,"요즘 시대에 제 기준으로 정말 좋은 게임이라고 평가 드리고 싶습니다. 연출이나 게임성 전부 좋은데 다만 일반 좀비가 지나치게 죽지 않는 점, 보스전이 식상하게 진행되는 점 등은 별로 좋지 않다고 생각합니다. 또 쉬운 난이도에서 클리어 특전이나 라쿤동상 깨서 주는 보상같은거로 S+를 받지 못하는게 너무 아쉽습니다. 바이오하자드7 처럼 파밍할 아이템도 많고 또 도움이 됬다면 좋았을텐데 아무리 지식이 늘어도 발컨은 하드코어 S+를 받기 힘들다는게 정말 안 좋다고 생각합니다. 타이런트 대장 왜 이러시오 도대체 내가 무슨죄를 졌다고!","요즘 시대 에 제 기준 으로 정말 좋은 게임 이라고 평가 드리고 싶습니다 . 연출 이나 게임 성 전부 좋은데 다만 일반 좀비 가 지나치게 죽지 않는 점 , 보스 전이 식상하게 진행 되는 점 등 은 별로 좋지 않다고 생각 합니다 . 또 쉬운 난이도 에서 클리어 특전 이나 라쿤 동상 깨서 주는 보상 같은거로 S + 를 받지 못 하는게 너무 아쉽습니다 . 바이오하자드 7 처럼 파밍 할 아이템 도 많고 또 도움 이 됬다면 좋았을텐데 아무리 지식 이 늘어도 발컨 은 하드코어 S + 를 받기 힘들다는게 정말 안 좋다고 생각 합니다 . 타 이런 트 대장 왜 이러시오 도대체 내 가 무슨 죄 를 졌다고 !",2019-02-04 19:38:13
883710,Resident Evil 2,positive,"E:\game\RESIDENT EVIL 7 biohazard\re7.exe ""d:\\reengine\\reengine\\buider\\modules\\render\\os\\renderdevicedx11.cpp"" 5627 createComputerShader failed. HRESULT=0x80070057, 매개 변수가 틀립니다. 라고 왜뜨는건가요 ㅠㅠ","E :\ game \ RESIDENT EVIL 7 biohazard \ re 7 . exe "" d :\\ reengine \\ reengine \\ buider \\ modules \\ render \\ os \\ renderdevicedx 11 . cpp "" 5627 createComputerShader failed . HRESULT = 0 x 80070057 , 매개 변수 가 틀립니다 . 라고 왜 뜨는건 가요 ㅠㅠ",2019-02-04 15:52:45
883710,Resident Evil 2,positive,"이 게임이 대단한 이유는 공포와 액션을 적절히 조절했다는것... 특히 공포는 깜짝 놀래키는것 뿐만 아니라 환경 요인으로 인한 심리적 압박도 대단히 잘 느끼게 되며 깜놀 또한 어색하게 없던 좀비가 생겨나 튀어나오는 식이 아닌, 분명히 플레이어 본인도 어디어디에 좀비가 있다 라고 인식 하면서도 좀비의 출현에 깜짝깜짝 놀라게 되어 자연스럽다는 것이다.","이 게임 이 대단한 이유 는 공포 와 액션 을 적절히 조절 했다는것 ... 특히 공포 는 깜짝 놀래 키 는 것 뿐 만 아니라 환경 요인 으로 인한 심리 적 압박 도 대단히 잘 느끼게 되며 깜놀 또한 어색하게 없던 좀비 가 생겨나 튀어나오는 식이 아닌 , 분명히 플레이어 본인 도 어디 어디 에 좀비 가 있다 라고 인식 하면서도 좀비 의 출현 에 깜짝깜짝 놀라게 되어 자연스럽다는 것 이다 .",2019-02-04 15:27:53
883710,Resident Evil 2,positive,안녕하세요 바이오하자드를 사랑하는 유저입니다 먼저 게임을 해보았는데요 생각외로 재미있었습니다 조금씩 달라진 스토리가 눈에 보일만큼 신선했습니다 먼저 장점과 단점을 정해드릴건데요 아마 사람마다 취향이 다르기때문에 저와 같은생각을 하시는분이별로 없을거라 생각됩니다 하지만 제 개인적인 생각으로 적어 보겠습니다 먼저 장점으로는 그래픽인데요 정말 놀라웠습니다 정말 캡콤 개발진분들이 노력을 많이 하셧구나 라는게 느껴질 정도였습니다 저는 바이오하자드1 리마스터버전과 시점이 비슷할거라고 생각했거든요 그래픽도 별차이 없을거 같았구요 하지만 제 생각,안녕하세요 바이오하자드 를 사랑 하는 유저 입니다 먼저 게임 을 해보았는데요 생각 외로 재미있었습니다 조금씩 달라진 스토리 가 눈 에 보일만큼 신선했습니다 먼저 장점 과 단점 을 정 해드릴건데 요 아마 사람 마다 취향 이 다르기 때문 에 저 와 같은 생각 을 하시는 분 이별 로 없을거라 생각 됩니다 하지만 제 개인 적 인 생각 으로 적어 보겠습니다 먼저 장점 으로는 그래픽 인데 요 정말 놀라웠습니다 정말 캡콤 개발 진 분들 이 노력 을 많이 하셧구 나 라는 게 느껴질 정도 였습니다 저 는 바이오하자드 1 리 마스터 버전 과 시점 이 비슷할거라고 생각 했거든요 그래픽 도 별 차이 없을거 같았구요 하지만 제 생각,2019-02-04 15:17:56
883710,Resident Evil 2,positive,"원작과 비교해 A와 B루트의 스토리적 차별점이나 누굴 먼저 플레이하냐에 따른 미세한 연출차이가 없다는게 이 게임의 가장 아쉬운 부분이라 생각됩니다. 하지만 그것을 제외한 나머지 부분은 ""리메이크란 이런것이다.""라고 자신있게 말할 만큼 잘 만들어졌습니다. 1의 리메이크를 이어 정말 성공적으로 리메이크된 작품이라 생각되네요.","원작 과 비교 해 A 와 B 루트 의 스토리 적 차별 점 이나 누굴 먼저 플레이 하냐에 따른 미세한 연출 차이 가 없다는게 이 게임 의 가장 아쉬운 부분 이라 생각 됩니다 . 하지만 그것 을 제외 한 나머지 부분 은 "" 리메이크 란 이런 것 이다 ."" 라고 자신있게 말 할 만큼 잘 만들어졌습니다 . 1 의 리메이크 를 이어 정말 성공 적 으로 리메이크 된 작품 이라 생각 되네요 .",2019-02-04 12:32:44
883710,Resident Evil 2,positive,리마스터의 표본적인 게임이라고 생각합니다. 일신된 그래픽이면서 원작의 퍼즐이나 감각을 최대한 가져오면서도 원작에서 부족했던 호러 부분은 좀 더 강화하는 식으로 만들어졌습니다. 원작에 익숙한 유저에게 아쉬운 부분이 없지는 않으나 게임 플레이 외적인 요소들이기에 큰 문제는 아니라고 생각하지만 팬에게는 꽤 중요한 요소였을 겁니다. 무엇보다 어드벤쳐 게임이 완전히 멸종을 향해가는 시대에 유명 프랜차이즈의 리메이크 게임을 통해서 어드벤쳐 플레이를 선보였다는 점에서 무척 기쁩니다. 이 게임이 인기있어져서 어드벤쳐 플레이에 흥미를 느끼는 유저,리 마스터 의 표본 적 인 게임 이라고 생각 합니다 . 일신 된 그래픽 이 면서 원작 의 퍼즐 이나 감각 을 최대한 가져오면서도 원작 에서 부족했던 호러 부분 은 좀 더 강화하는 식 으로 만들어졌습니다 . 원작 에 익숙한 유저 에게 아쉬운 부분 이 없지는 않으나 게임 플레이 외적인 요소 들이기에 큰 문제 는 아니라고 생각 하지만 팬 에게는 꽤 중요한 요소 였을 겁니다 . 무엇 보다 어드벤쳐 게임 이 완전히 멸종 을 향 해가는 시대 에 유명 프랜차이즈 의 리메이크 게임 을 통해 서 어드벤쳐 플레이 를 선보였다는 점 에서 무척 기쁩니다 . 이 게임 이 인기 있어져서 어드벤쳐 플레이 에 흥미 를 느끼는 유저,2019-02-04 10:57:20
883710,Resident Evil 2,positive,이게임을 안한자 호러를 논하지 말라,이 게임 을 안 한자 호러 를 논 하지 말라,2019-02-04 09:12:42
883710,Resident Evil 2,positive,1998년 초3때 세진컴퓨터랜드에서 pc버전 처음 사서 해보고 ps1으로 듀얼쇼크판도 구매해서 했었던 내 인생의 바이오하자드 첫편이자 가장 명작.. 오래기다린 만큼 재미있게 플레이 했습니다 3도 코드베로니카도 부탁해요..,1998년 초 3 때 세진컴퓨터랜드 에서 pc 버전 처음 사서 해보고 ps 1 으로 듀얼 쇼크 판도 구매 해서 했었던 내 인생 의 바이오하자드 첫 편이 자 가장 명작 .. 오래 기다린 만큼 재미있게 플레이 했습니다 3 도 코드 베로니카 도 부탁 해요 ..,2019-02-04 03:38:14
883710,Resident Evil 2,positive,그냥 더이상의 말은 필요없음 한번해보시길,그냥 더 이상 의 말 은 필요없음 한번 해보시길,2019-02-04 03:31:23
883710,Resident Evil 2,positive,정말 재밌게 했습니다. 다이렉트12도 지원하고 최적화도 잘되어있고 그래픽도 마음에 듭니다. 가끔 특정구간 프레임드랍이 있지만 자주 있는게 아니라서 게임하는데 지장없었습니다. 구작은 해본적없지만 앞으로 이렇게 잘 나와줬으면 합니다. 좀 불친절하고 어려운것도있지만 옛날느낌을 많이 받았습니다. 데드스페이스 느낌도 살짝있구요 인벤토리가 좀더 넉넉했으면 합니다. 구작의 골격은 유지하면서 19년식으로 새롭게 재탄생한 바하2 리메이크 정말 재밌게했습니다.,정말 재밌게 했습니다 . 다이렉트 12 도 지원 하고 최적화 도 잘 되어있고 그래픽 도 마음 에 듭니 다 . 가끔 특정 구간 프레임 드랍 이 있지만 자주 있는게 아니라서 게임 하는데 지장 없었습니다 . 구 작 은 해 본적 없지만 앞 으로 이렇게 잘 나와 줬으면 합니다 . 좀 불친절하고 어려운것도 있지만 옛날 느낌 을 많이 받았습니다 . 데드 스페이스 느낌 도 살짝 있구요 인벤 토리 가 좀더 넉넉했으면 합니다 . 구 작 의 골격 은 유지 하면서 19년 식으로 새롭게 재탄생 한 바하 2 리메이크 정말 재밌게 했습니다 .,2019-02-04 01:06:27
883710,Resident Evil 2,positive,3편동 RE나오겠죠. 믿습니다!!,3 편 동 RE 나오겠죠 . 믿습니다 !!,2019-02-04 00:52:10
883710,Resident Evil 2,positive,오래전에 오리지널 2를 했던 사람으로써 좋아진 점도 있고 나빠진 점도 있다고 봅니다. 장단점이 확실한 게임이라 좋아하는 사람도 있고 싫어하는 사람도 있을 겁니다. 솔직히 스토리 쪽으로는 너무 칼질을 해서 부족해 졌고 재핑 시스템도 실상 사라진 거나 마찬가지라 약간은 실망했습니다. 그런 단점들을 메꿀 정도로 장점이 많습니다. 개껌에서 갓컴으로 바뀐 캡콤을 응원하며 다음 작품들도 좋은 작품이 되길 빌어봅니다. 어쩌다 보니 바이오 하자드 시리즈는 전부 해보게 되네요. 일단 확실히 돈값은 하니 고어나 공포겜 좋아하면 해보는 걸 추천합니다.,오래전 에 오 리지 널 2 를 했던 사람 으로써 좋아진 점도 있고 나빠진 점도 있다고 봅니다 . 장단점 이 확실한 게임 이라 좋아하는 사람 도 있고 싫어하는 사람 도 있을 겁니다 . 솔직히 스토리 쪽 으로는 너무 칼질 을 해서 부족해 졌고 재핑 시스템 도 실상 사라진 거나 마찬가지 라 약간 은 실망했습니다 . 그런 단점 들 을 메꿀 정도 로 장점 이 많습니다 . 개껌 에서 갓 컴 으로 바뀐 캡콤 을 응원 하며 다음 작품 들 도 좋은 작품 이 되길 빌어 봅니다 . 어쩌다 보니 바이오 하자드 시리즈 는 전부 해보게 되네요 . 일단 확실히 돈값 은 하니 고어 나 공포 겜 좋아하면 해보는 걸 추천 합니다 .,2019-02-03 22:30:38
883710,Resident Evil 2,positive,팁 : 타일런트의 머리를 쏘면 모자가 벗겨지는데 그러면 타일런트의 이속이 빨라지므로 섬광 수류탄을 애용합시다. 윌리엄 1차 : 나이프질 12방 - 섬광 - 나이프질 - 총알 몇발 이면 순삭 (어느난이도나 동일) 윌리엄 2차 : 방에 허브 있는곳 쓰레기 있는곳에 그냥 가만히 서있으면 안맞음 (튀어나온손 총으로 쏴서 데미지를 입히면 빨리 문엽니다. 눈에 데미지를 주어서 그로기 시켜놓고 컨테이너 조작하는게 안전함. 윌리엄 3차 : 시작하면 멍떄리지말고 윌리엄이 폼잡고 있을때 앞으로 가서 뒷 눈알 갈겨주자 클레어라면 어느 난이도,팁 : 타 일 런트 의 머리 를 쏘면 모자 가 벗겨지는데 그러면 타 일 런트 의 이속 이 빨 라지 므 로 섬광 수류탄 을 애용 합시다 . 윌리엄 1 차 : 나이프 질 12 방 - 섬광 - 나이프 질 - 총알 몇 발 이면 순삭 ( 어느 난이도 나 동일 ) 윌리엄 2 차 : 방 에 허브 있는 곳 쓰레기 있는 곳 에 그냥 가만히 서있으면 안 맞음 ( 튀어나온 손 총 으로 쏴서 데미지 를 입히면 빨리 문엽니 다 . 눈 에 데미지 를 주어 서 그 로기 시켜놓고 컨테이너 조작 하는게 안전함 . 윌리엄 3 차 : 시작 하면 멍 떄리지말고 윌리엄 이 폼 잡고 있을 때 앞 으로 가서 뒷 눈알 갈겨 주자 클레어 라면 어느 난이도,2019-02-03 21:53:24
883710,Resident Evil 2,positive,"[h1]레지던트 이블 2 / 바이오하자드 RE:2 입니다. 마약 제조기빨 레온과 클레어 그리고, 에이다의 깊고 깊은 서로의 우정 뺑뺑이 담배값질 그리고 더욱 더, 엄청 아찔해진 프로 길치들의 길고도 험한 머나먼 여정[/h1] 녹색 허브 약초를 절구통으로 빻았더니 갑자기 순간 녹차가루가 되는 마법의 과정들 혹은 갑분마리화나 급전개 항상 길을 거닐고 이리저리 돌아다니던 와중에 좀비들에게 열라 개쳐맞은 고구마 먹었던 그 답답함들을 단숨에 허브로 채웠을 시, 개비스콘처럼 속 후련함을 시원하게 날려버리는 그 순간이 제일로 짜릿하고 기분이","[ h 1 ] 레지던트 이블 2 / 바이오하자드 RE : 2 입니다 . 마약 제 조 기 빨 레온 과 클레어 그리고 , 에이 다 의 깊고 깊은 서로 의 우정 뺑뺑 이 담배값 질 그리고 더욱 더 , 엄청 아찔해진 프로 길치 들의 길고도 험한 머나먼 여정 [/ h 1 ] 녹색 허브 약초 를 절구통 으로 빻았더 니 갑자기 순간 녹차 가루 가 되는 마법 의 과정 들 혹은 갑 분 마리화나 급전 개 항상 길 을 거닐고 이리저리 돌아다니던 와중 에 좀비 들 에게 열 라 개 쳐 맞은 고구마 먹었던 그 답답함 들을 단숨 에 허브 로 채웠을 시 , 개비 스콘 처럼 속 후련함을 시원하게 날려 버리는 그 순간 이 제일 로 짜릿하고 기분 이",2019-02-03 20:51:26
883710,Resident Evil 2,positive,솔직히 꿀잼인거 맞다... 노트북으로 하는데도 불구하고(gtx 960m) 나름 잘 돌아가고 몰입감과 쫄깃함이 정말 대단하다 하지만 서바이벌이라는 압박감에 1시간 이상 못하겠다...(스트레스가 어후... 대가리 4대 맞고도 다시 살아나는 좀비란...) 그래도 잼있다 ㅎ,솔직히 꿀잼 인거 맞다 ... 노트북 으로 하는데도 불구 하고 ( gtx 960 m ) 나름 잘 돌아가고 몰입 감 과 쫄깃함 이 정말 대단하다 하지만 서바이벌 이라는 압박 감 에 1시간 이상 못 하겠다 ...( 스트레스 가 어후 ... 대가리 4 대 맞고도 다시 살아나는 좀비 란 ...) 그래도 잼있다 ㅎ,2019-02-03 20:24:03
883710,Resident Evil 2,positive,말이 필요없다 그냥 사라,말 이 필요없다 그냥 사라,2019-02-03 18:48:29
883710,Resident Evil 2,positive,바하7에 이어서 두번쨰로 접하는 레지던트 이블 시리즈입니다. 예전 작을 안해봤지만 너무 재밌게 했구요. 두부모드 열심히 하고있습니다.,바하 7 에 이어서 두번쨰 로 접 하는 레지던트 이블 시리즈 입니다 . 예전 작 을 안 해봤지만 너무 재밌게 했구요 . 두부 모드 열심히 하고있습니다 .,2019-02-03 17:46:08
883710,Resident Evil 2,positive,재미는 있습니다 이게임은 좀비에 의한 공포라기보단 부족한 화약으로인한 심리적공포가 더큰 서바이벌 호러같네요 바이오하자드를 이 게임으로 입문을 하였는데 꽤나 많은 퍼즐요소 때문에 지루하지 않다고는 할수있지만 유저뺑뺑이를 시켜버리는 파밍방식때문에 게임플레이를 지루하게 만들기는 하지만 꽤나 재밋는게임이고 잘만든 게임인것은 인정할수밖에없네요,재미 는 있습니다 이 게임 은 좀비 에 의한 공포 라기보단 부족한 화약 으로 인한 심리 적 공포 가 더 큰 서바이벌 호러 같네요 바이오하자드 를 이 게임 으로 입문 을 하였는데 꽤 나 많은 퍼즐 요소 때문 에 지루하지 않다고는 할수있지만 유저 뺑뺑 이를 시켜 버리는 파밍 방식 때문 에 게임 플레이 를 지루하게 만들기 는 하지만 꽤 나 재밋는게임 이고 잘만 든 게임 인 것 은 인정 할수밖에 없네요,2019-02-03 14:43:22
883710,Resident Evil 2,positive,자체개발엔진으로 너무 즐거운 스토리기반의 게임이라고 할 수 있어요 PC패키지 중 스토리 / 액션 / 스릴러가 좋다면 꼭 추천해주고 싶은 게임입니다. 리뷰를 안쓸수가 없네요 추천합니다.,자체 개발 엔진 으로 너무 즐거운 스토리 기반 의 게임 이라고 할 수 있어요 PC 패키지 중 스토리 / 액션 / 스릴러 가 좋다면 꼭 추천 해주고 싶은 게임 입니다 . 리뷰 를 안 쓸수가 없네요 추천 합니다 .,2019-02-03 14:33:56
883710,Resident Evil 2,positive,갓겜,갓 겜,2019-02-03 10:34:29
883710,Resident Evil 2,positive,헤드셋볼륨 높이고 불끄고 패드 들고해라...진심 깜짝깜짝 너무 놀란다....,헤드셋 볼륨 높이 고 불 끄고 패드 들 고해 라 ... 진심 깜짝깜짝 너무 놀란다 ....,2019-02-03 04:58:03
883710,Resident Evil 2,positive,바이오하자드 RE:2는 캡콤이 돈콤의 이미지를 탈피하고 갓콤이 된것을 세상에 알린 게임이라고 할 수 있습니다. 그들은 PS1 바이오하자드 2의 리메이크를 아주 성공적으로 해냈습니다. 단순히 옛날 게임을 3인칭으로 바꿔서 낸것이 아닌 현시대에 알맞으면서도 오리지널의 플레이 감각을 거의 해치지 않는 선에서 게임 시스템을 잘 개선해냈습니다. 개인적으로 인벤토리 확장 시스템을 넣은 것을 가장 높게 쳐주고 싶습니다. 원작의 경우 인벤토리칸이 8칸이 전부인데 이번작은 처음에는 8칸으로 시작하지만 게임 진행하면서 여기저기 숨겨져,바이오하자드 RE : 2 는 캡콤 이 돈콤 의 이미지 를 탈피 하고 갓 콤 이 된것을 세상 에 알린 게임 이라고 할 수 있습니다 . 그 들 은 PS 1 바이오하자드 2 의 리메이크 를 아주 성공 적 으로 해냈습니다 . 단순히 옛날 게임 을 3 인칭 으로 바꿔서 낸것이 아닌 현 시대 에 알맞으면서도 오 리지 널 의 플레이 감각 을 거의 해치 지 않는 선 에서 게임 시스템 을 잘 개선 해냈습니다 . 개인 적 으로 인벤 토리 확장 시스템 을 넣은 것 을 가장 높게 쳐주고 싶습니다 . 원작 의 경우 인벤 토리 칸 이 8 칸 이 전부 인데 이 번작 은 처음 에는 8 칸 으로 시작 하 지만 게임 진행 하면서 여기저기 숨겨져,2019-02-03 03:28:58
883710,Resident Evil 2,positive,10/10,10/10,2019-02-03 00:25:34
883710,Resident Evil 2,positive,re.exe작동이 중지되었다며 게임이 아예 실행이 안됩니다 번역기돌려가며방법을 찾았지만 도저히 실행이 불가하네요 오늘산 게이밍 노트북인데 스펙이 i7이고 gtx1060입니다 말도안되네요 설치하다 도저히 빡쳐서 글박고 갑니다 윈10이신분들은 설치하지마세요,re . exe 작동 이 중지 되었다며 게임 이 아예 실행 이 안됩니다 번역기 돌려가며 방법 을 찾았지만 도저히 실행 이 불가하네요 오늘 산 게이 밍 노트북 인데 스펙 이 i 7 이고 gtx 1060 입니다 말 도 안되네요 설치 하다 도저히 빡쳐서 글 박고 갑니다 윈 10 이신 분들 은 설치 하지 마세요,2019-02-02 23:52:58
883710,Resident Evil 2,positive,너무 재미있습니다 ㄹㅇ;,너무 재미있습니다 ㄹㅇ ;,2019-02-02 23:27:03
883710,Resident Evil 2,positive,오늘은 엄마방에서 자야겠네요,오늘 은 엄마 방 에서 자야겠네요,2019-02-02 23:10:36
883710,Resident Evil 2,positive,6만원이 아깝지않은 게임은 2011년 스카이림 구매이후에 처음인거같다.,6만원 이 아깝지 않은 게임 은 2011년 스카이림 구 매 이후 에 처음 인거 같다 .,2019-02-02 22:51:02
883710,Resident Evil 2,positive,"리메이크의 모범사례를 보여준 작품. 깔끔하고, 세련된 살붙임. 군더더기 없는 완성도. 최적화도 굉장히 훌륭하여 요 몇 년 사이에 나온 고사양 게임들 가운데 이 정도의 깔끔한 최적화를 이룬 겜은 거의 본 적 없었습니다. 개껌에서 갓콤으로 변신! 강력추천합니다.","리메이크 의 모범 사례 를 보여준 작품 . 깔끔하고 , 세련된 살 붙임 . 군더더기 없는 완성 도 . 최적화 도 굉장히 훌륭하여 요 몇 년 사이 에 나온 고 사양 게임 들 가운데 이 정도 의 깔끔한 최적화 를 이룬 겜 은 거의 본 적 없었습니다 . 개껌 에서 갓 콤 으로 변신 ! 강력 추천 합니다 .",2019-02-02 22:07:51
883710,Resident Evil 2,positive,"내가 기대한것: 강화된 스토리와 A,B 시나리오의 접점 실제로 나온것: 강화된 좀비와 A,B 구분없는 타일런트","내 가 기대한것 : 강화 된 스토리 와 A , B 시나리오 의 접점 실제 로 나온것 : 강화 된 좀비 와 A , B 구분 없는 타일 런트",2019-02-02 22:02:07
883710,Resident Evil 2,positive,타이런트 개새끼 ㅎㅎ,타 이런 트 개새끼 ㅎㅎ,2019-02-02 19:27:20
883710,Resident Evil 2,positive,좀비 할꺼야 안할꺼야!!!!!!!,좀비 할꺼야 안 할꺼야 !!!!!!!,2019-02-02 19:26:49
883710,Resident Evil 2,positive,정말 잘만들었다 벌써 5번쩨 정주행중이다 너무 질리지가 않는다 복잡한 퍼즐과 헛갈리는 길이 지루하지않게 한목한거같다 하지만 벌써 복돌이 풀리다니.. 오래 막아주길바랬는데..,정말 잘 만들었다 벌써 5 번쩨 정 주행 중 이다 너무 질리지가 않는다 복잡한 퍼즐 과 헛 갈리는 길이 지루하지 않게 한 목 한 거 같다 하지만 벌써 복돌이 풀리다니 .. 오래 막아주길 바랬 는데 ..,2019-02-02 19:10:06
883710,Resident Evil 2,positive,갓겜!,갓 겜 !,2019-02-02 18:47:40
883710,Resident Evil 2,positive,바이오하자드라는 작품을 처음하시는 분들에게는 난이도가 상당히 어렵습니다. 평범한 난이도라는 보통난이도도 상당히 어렵습니다. 좀비 머리를 맞춰도 보통 6방정도는 버티며 이후 쓰러져도 일정 확률로 부활합니다. 게다가 탄약은 짜게 주기 때문에 탄약을 정말 아껴 써야하구요. 둠이나 듀크뉴켐 같이 화끈하게 탄약을 쏟아부어서 플레이를 원하시는 사람은 비추합니다. 하지만 바이오하자드의 묘미를 알고 싶다면 강추 결론: 게임은 재밌는데 난이도가 어렵다.,바이오하자드 라는 작품 을 처음 하시는 분 들 에게는 난이도 가 상당히 어렵습니다 . 평범한 난이도 라는 보통 난이도 도 상당히 어렵습니다 . 좀비 머리 를 맞춰도 보통 6 방 정도 는 버티며 이후 쓰러져도 일정 확률 로 부활 합니다 . 게다가 탄약 은 짜게 주기 때문 에 탄약 을 정말 아껴 써야하구요 . 둠이나 듀크 뉴켐 같이 화끈하게 탄약 을 쏟아 부어 서 플레이 를 원하시는 사람 은 비추 합니다 . 하지만 바이오하자드 의 묘미 를 알 고 싶다면 강추 결론 : 게임 은 재밌는데 난이도 가 어렵다 .,2019-02-02 18:16:16
883710,Resident Evil 2,positive,공포 게임이니 바하 6 5 4 처럼 하다간 게임 반절도 못간다 죽인다는 생각보단 피한다는 생각을부터 하는게 정신건강에 이롭다 화약 나오는건 상위 총기류의 탄약에 써라 보스전이나 엘리트 잡몹 잡을때 권총만 주구장창 쏘는것보다 훨씬 효과적이다 리커는 맷집도 쌔고 많이 날렵해졌다 하지만 나이프 장비하고 릭커 뒤에서 칼질만 주구장창 해대면 금방죽는다 아무것도못함 기본적으로 레온 파트와 클레어 파트 배경은 공유하는데 평행세계급으로 교차가 없다 레온편에서 만나기전에 따놨던 모든 문들이 클레어 편이라고 열려있지 않다는 뜻 다 잠겨있다 참고하자,공포 게임 이니 바하 6 5 4 처럼 하다 간 게임 반절 도 못 간다 죽인다는 생각 보단 피 한다는 생각 을 부터 하는게 정신건강 에 이롭다 화약 나오는건 상위 총 기류 의 탄약 에 써라 보스 전 이나 엘리트 잡몹 잡 을 때 권총 만 주 구 장창 쏘는것보다 훨씬 효과 적 이다 리 커는 맷집 도 쌔 고 많이 날렵해졌다 하지만 나이프 장비 하고 릭커 뒤 에서 칼질 만 주 구 장창 해대 면 금방 죽는다 아무 것 도 못 함 기본 적 으로 레온 파트 와 클레어 파트 배경 은 공유 하는데 평행 세계 급 으로 교차 가 없다 레온 편 에서 만나기전에 따놨던 모든 문 들 이 클레어 편이 라고 열려있지 않다는 뜻 다 잠겨있다 참고 하자,2019-02-02 17:15:50
883710,Resident Evil 2,positive,갓겜;;긴말안함,갓 겜 ;; 긴말 안함,2019-02-02 15:19:22
883710,Resident Evil 2,positive,"레온A 하드코어 S+ 달성하고 평가 남깁니다. 전체 분량이 짧고, A/B 루트가 많이 겹치는 부분이 아쉬웠지만 좀비가 점령한 경찰서의 공포스런 분위기를 잘 살렸고, 원작 팬들이 만족할만한 게임 구성도 훌륭했다고 생각합니다.","레온 A 하드코어 S + 달성 하고 평가 남깁니다 . 전체 분량 이 짧고 , A / B 루트 가 많이 겹 치는 부분 이 아쉬웠지만 좀비 가 점령 한 경찰서 의 공포 스런 분위기 를 잘 살렸고 , 원작 팬 들 이 만족할만 한 게임 구성 도 훌륭했다고 생각 합니다 .",2019-02-02 13:17:27
883710,Resident Evil 2,positive,this is remake!!! this is zombie!!!!!!! thank you capcpm!!!!,this is remake !!! this is zombie !!!!!!! thank you capcpm !!!!,2019-02-02 11:36:38
883710,Resident Evil 2,positive,어머니 당신이 낳은 아들내미가 다 망쳤소,어머니 당신 이 낳은 아들내미 가 다 망쳤소,2019-02-02 10:21:53
883710,Resident Evil 2,positive,비록 30분 밖에 못했지만 돈값은 충분히 한다고 본다. 정말 공포 그 자체!,비록 30분 밖에 못 했지만 돈값 은 충분히 한다고 본다 . 정말 공포 그 자체 !,2019-02-02 08:36:26
883710,Resident Evil 2,positive,앱도적으로 긍정적,앱 도적 으로 긍정 적,2019-02-02 05:23:16
883710,Resident Evil 2,positive,좀비 학살게임이 아니라 '생존게임' 입니다 본편은 3~5시간 분량이지만 도전과제나 반복회차로 컨텐츠를 채웠습니다 처음은 더럽게 어려운데 두세번 하면 요령이 생겨서 할만합니다 그래도 S+는 못따겟어요,좀비 학살 게임 이 아니라 ' 생존 게임 ' 입니다 본 편 은 3~5시간 분량 이지만 도전 과제 나 반복 회 차로 컨텐츠 를 채웠습니다 처음 은 더럽게 어려운데 두 세번 하면 요령 이 생겨서 할만 합니다 그래도 S + 는 못 따겟어요,2019-02-02 04:25:36
883710,Resident Evil 2,positive,무조건 2회차까지 완료하시길 바랍니다. 1회차 엔딩을 보시면 뭐지 좀 허무한데? 라는 생각이 거진 드실꺼라 생각이 듭니다. 네 그렇습니다 한마디로 '쩌는' 엔딩은 2회차에서 느끼실수 있습니다 제임스카메론 스타일의 화끈한 에일리언2를 본 느낌이었습니다. 전반적으로는 호러무비 2회차 엔딩부는 SF액션무비라고 생각하시면 될꺼 같습니다. 오래간만에 잘만든 호러액션게임 해본거 같네요 액션이 과하지 않고 쪼달리는 총알과 잘죽지 않는 적들때문에 초회차에서는 쫄리는 플레이를 느끼실수 있을겁니다. 적절한 호러와 액션의 배합이란 이런게 아닐까,무조건 2회 차까지 완료 하시길 바랍니다 . 1회 차 엔딩 을 보시 면 뭐 지 좀 허무한데 ? 라는 생각 이 거진 드실꺼라 생각 이 듭니 다 . 네 그렇습니다 한마디 로 ' 쩌 는 ' 엔딩 은 2회 차에서 느끼실수 있습니다 제임스 카메론 스타일 의 화끈한 에일리언 2 를 본 느낌이었습니다 . 전반 적 으로는 호러 무비 2회 차 엔딩 부는 SF 액션 무비 라고 생각 하시면 될꺼 같습니다 . 오래간만 에 잘만 든 호러 액션게임 해본거 같네요 액션 이 과 하지 않고 쪼 달리는 총알 과 잘 죽지 않는 적 들 때문 에 초회차 에서는 쫄리 는 플레이 를 느끼실수 있을 겁니다 . 적절한 호러 와 액션 의 배합 이란 이런게 아닐까,2019-02-02 04:10:03
883710,Resident Evil 2,positive,"""Why did you come back?"" 왜 돌아온거지 ? ""I wanted to meet the grim reaper""﻿ 사신을 만나고싶었거든.",""" Why did you come back ?"" 왜 돌아온거지 ? "" I wanted to meet the grim reaper "" ﻿ 사신 을 만나고싶었거든 .",2019-02-02 03:31:35
883710,Resident Evil 2,positive,갓겜이다... 문제가있다면 나에게 있다 최종보스때 못쓴 권총탄만 200발이다 여러분들은 마음놓고 쓰세요... 그리고 이 역겨운 강박증에 가까운 템 아끼기가 맵에도 적용되서 맵에 빨간불이 사라질때까지 난 그방을 떠나지 않앗지.. 그게 1시간이든 2시간이든 그것이바로 내가 랭크 B랑C를 받은이유지.. 그리고 더러운 타이런트 죽으십시오,갓 겜 이다 ... 문제 가 있다면 나 에게 있다 최종 보스 때 못 쓴 권총 탄만 200 발 이다 여러분 들 은 마음 놓고 쓰세요 ... 그리고 이 역겨운 강박증 에 가까운 템 아끼 기 가 맵 에도 적용 되서 맵 에 빨간 불 이 사라질 때 까지 난 그 방 을 떠나지 않앗지 .. 그게 1시간 이든 2시간 이든 그것 이바 로 내 가 랭크 B 랑 C 를 받은 이유지 .. 그리고 더러운 타 이런 트 죽으십시오,2019-02-02 01:34:07
883710,Resident Evil 2,positive,바이오하자드가 이렇게나 명작이였다니 전혀 몰랐습니다. 어서 다운받으세요 어서 받으세요!!!,바이오하자드 가 이렇게나 명작 이 였다니 전혀 몰랐습니다 . 어서 다운 받으세요 어서 받으세요 !!!,2019-02-02 00:45:31
883710,Resident Evil 2,positive,김레온을 처음 접한건 바하4였습니다. 그때의 김레온은 시니컬하고 터프하고 간지나고 인간병기였죠. 그가 아직 평범한 인간에서 점점 탈인간이 되어 인간병기로 성장해 나가는 모습을 담은 게임입니다. 엄브렐라 멍청한 놈들은 저런 좀비 만들 과학력이면 복제 인간도 분명 만들 수 있을텐데 좀비 나부랭이 같은거 만들지 말고 김레온의 핵을 채취해서 복제인간으로 만들면 훌륭한 인간병기부대를 편성하고도 떡을 쳤을텐데 말입니다...,김 레온 을 처음 접 한 건 바하 4 였습니다 . 그때 의 김 레온 은 시 니 컬 하고 터프 하고 간지나고 인간 병기 였죠 . 그 가 아직 평범한 인간 에서 점점 탈 인간 이 되어 인간 병기 로 성장해 나가는 모습 을 담은 게임 입니다 . 엄브렐라 멍청한 놈 들 은 저런 좀비 만들 과학 력 이면 복제 인간 도 분명 만들 수 있을텐데 좀비 나부랭이 같은거 만들지 말고 김 레온 의 핵 을 채취 해서 복제인간 으로 만들면 훌륭한 인간 병기 부대 를 편성 하고도 떡 을 쳤을텐데 말 입니다 ...,2019-02-02 00:12:34
883710,Resident Evil 2,positive,"정말 바이오 하자드 2 그 자체입니다. 바이오 하자드 2를 해보셨던 예전 추억을 현대 기술력으로 그대로 선사해주는 갓-게임입니다. 옛날 흑백 사진을 컬러로 복원하는 기술력에 감탄하시던 할아버지의 심정을 이해할 수 있었습니다. 거두절미하고, 바이오하자드2의 팬이시라면 망설이실게 뭐가 있겠습니까, 원작과 다른 스토리의 일부분, 일부 시스템의 변경점은 호불호가 갈리지만, 그 또한 원작을 아끼는 마음에서 우러나는 것이겠지요. 다만 바이오하자드 시리즈를 4부터 즐겨오셨거나, 시리즈를 처음 접하시는 것이라면 생각하시던 것과는 다를 수 있","정말 바이오 하자드 2 그 자체 입니다 . 바이오 하자드 2 를 해보셨던 예전 추억 을 현대 기술 력 으로 그대로 선사 해주는 갓 - 게임 입니다 . 옛날 흑백 사진 을 컬러 로 복원 하는 기술 력 에 감탄 하시던 할아버지 의 심정 을 이해 할 수 있었습니다 . 거두 절미 하고 , 바이오하자드 2 의 팬 이 시 라면 망설이실게 뭐 가 있겠습니까 , 원작 과 다른 스토리 의 일부분 , 일부 시스템 의 변경 점 은 호불호 가 갈리 지만 , 그 또한 원작 을 아끼는 마음 에서 우러나 는 것 이겠지요 . 다만 바이오하자드 시리즈 를 4 부터 즐겨오셨거나 , 시리즈 를 처음 접 하시는 것 이 라면 생각 하시던 것 과는 다를 수 있",2019-02-01 23:01:05
883710,Resident Evil 2,positive,과거를 통해 미래를 보여주는 시리즈의 교과서.,과거 를 통해 미래 를 보여주는 시리즈 의 교과서 .,2019-02-01 22:49:47
883710,Resident Evil 2,positive,캡콤이 정신을 차렸다. 이 말 하나면 충분합니다.,캡콤 이 정신 을 차렸다 . 이 말 하나 면 충분합니다 .,2019-02-01 21:33:39
883710,Resident Evil 2,positive,무서운게임 많이못하는데 재밌음:),무서운 게임 많이못하는데 재밌음 :),2019-02-01 19:10:44
883710,Resident Evil 2,positive,간만에 엔딩까지 쭉 달렸네요. 추천합니다. 사도 아깝지 않은 게임.,간만 에 엔딩 까지 쭉 달렸네요 . 추천 합니다 . 사도 아깝지 않은 게임 .,2019-02-01 18:55:11
883710,Resident Evil 2,positive,공포 게임의 정석 1. 한정된 공간(이동이 제한된) 2. 부족한 자원 3. 강한 적 공포 게임 느낌이 충만한 게임으로 돌아옴,공포 게임 의 정석 1 . 한정 된 공간 ( 이동 이 제한 된 ) 2 . 부족한 자원 3 . 강한 적 공포 게임 느낌 이 충만 한 게임 으로 돌아옴,2019-02-01 18:23:25
883710,Resident Evil 2,positive,모자 벗기면서 쾌감을 느꼈다. 하,모자 벗기면서 쾌감 을 느꼈다 . 하,2019-02-01 16:36:56
883710,Resident Evil 2,positive,5~6이 단순한 TPS 액션 게임이었다면 7을 포함해 이번 re:2는 한정된 물자와 좁은 공간에서 플레이를 하게 됨으로써 공포감도 늘어나고 전략적 플레이도 조금 강요됩니다 초반에는 탄약도 부족하고 해서 적응하기 힘들었는데 후반부로 갈수록 익숙해 지면서 재밌게 플레이 했습니다 개인적으로 타이런트보단 리커가 더 싫엉 >< 리커 태워주길꼬양,5~6 이 단순한 TPS 액션 게임 이었다면 7 을 포함 해 이번 re : 2 는 한정 된 물자 와 좁은 공간 에서 플레이 를 하게 됨으로써 공포 감도 늘어나고 전략 적 플레이도 조금 강요 됩니다 초반 에는 탄약 도 부족하고 해서 적응하기 힘들었는데 후반 부로 갈수록 익숙해 지면 서 재밌게 플레이 했습니다 개인 적 으로 타 이런 트 보단 리 커가 더 싫 엉 >< 리 커 태워주길 꼬 양,2019-02-01 16:27:47
883710,Resident Evil 2,positive,올해의 고티,올해 의 고 티,2019-02-01 16:03:23
883710,Resident Evil 2,positive,밥도둑인 게임이니 반드시 흰 쌀밥과 숟가락 준비하시고 게임하시길 바랍니다.,밥 도둑 인 게임 이니 반드시 흰 쌀밥 과 숟가락 준비 하시고 게임 하시길 바랍니다 .,2019-02-01 14:38:29
883710,Resident Evil 2,positive,아쉬운 점이 있다면 스토리 분량이 너무 짧다는거 급하게 발매한점이 보이는게 아쉽네여,아쉬운 점 이 있다면 스토리 분량 이 너무 짧다는거 급하게 발매 한 점 이 보이는게 아쉽 네 여,2019-02-01 11:19:16
883710,Resident Evil 2,positive,"게임이 빡빡하니까 젤다 야숨처럼 별별 요소가 재미있어짐. 탄약관리, 인벤관리, 동선짜기 등등 심지어 그냥 돌아다니는것도 재밌음 일직선 진행 겜이 질리면 해봐야 할 게임","게임 이 빡빡 하니까 젤다 야 숨 처럼 별별 요소 가 재미있어 짐 . 탄약 관리 , 인벤 관리 , 동선 짜기 등등 심지어 그냥 돌아다니는것도 재밌음 일직선 진행 겜 이 질리 면 해봐야 할 게임",2019-02-01 10:56:21
883710,Resident Evil 2,positive,좀비를 쏴죽이며 진행하는 겜이 아니라 좀비를 피해 도망쳐 다니며 퍼즐을 풀다가 가끔 총을 쏘는 게임입니다. 1. 좀비가 무한리젠. 2. 쏴도 안죽는놈이 겜내내 따라옴.,좀비 를 쏴 죽 이며 진행 하는 겜 이 아니라 좀비 를 피해 도망쳐 다니며 퍼즐 을 풀다 가 가끔 총 을 쏘는 게임 입니다 . 1 . 좀비 가 무한 리젠 . 2 . 쏴도 안 죽는 놈 이 겜 내내 따라옴 .,2019-02-01 09:39:00
883710,Resident Evil 2,positive,스토리가 개븅신인거 빼곤 다 좋음 :),스토리 가 개븅신 인거 빼곤 다 좋음 :),2019-02-01 04:31:09
883710,Resident Evil 2,positive,전설의 귀환. 리메이크 버전인데도 마치 98년도작을 하는 듯한 기분을 그대로 느끼게 해준다. 리메이크의 정석을 그야말로 제대로 보여준 작품. 바하3도 리메이크 되었으면 !!,전설 의 귀환 . 리메이크 버전 인데 도 마치 98년 도작을 하는 듯 한 기분 을 그대로 느끼게 해준다 . 리메이크 의 정석 을 그야말로 제대로 보여준 작품 . 바하 3 도 리메이크 되었으면 !!,2019-02-01 03:50:02
883710,Resident Evil 2,positive,다른건 다 좋은데 특정지역에만 가면 프레임 떡락되는 현상이 발생 최적화 안된게임 같습니다.,다른건 다 좋은데 특정 지역 에만 가면 프레임 떡락되 는 현상 이 발생 최적화 안된 게임 같습니다 .,2019-02-01 02:08:29
883710,Resident Evil 2,positive,"4부터 플레이하신분들에게 말씀드리자면, 이것이 바이오하자드입니다.","4 부터 플레이 하 신분 들 에게 말씀드리자면 , 이 것 이 바이오하자드 입니다 .",2019-02-01 01:48:35
883710,Resident Evil 2,positive,15분 플레이소감 친구 아이디 빌려서 하는데 저같은 공포물 무서워 하는 입장으로 존내 무섭습니다 지려 버릴꺼 같아요 돈 값어치 만큼은 안되는듯 이 시발새끼들 리메이크로 돈좀 벌겟다고 지랄를 하는데 재미는 잇음,15분 플레이 소감 친구 아이디 빌려서 하는데 저 같은 공포물 무서워 하는 입장 으로 존내 무섭습니다 지려 버릴꺼 같아요 돈 값어치 만큼은 안되는듯 이 시발 새끼 들 리메이크 로 돈좀 벌겟다고 지랄 를 하는데 재미 는 잇음,2019-02-01 01:42:20
883710,Resident Evil 2,positive,리메이크란 이렇게 만들어야 한다는 표본을 보여준 작품이다. 월등한 그래픽에 분위기 또한 음침하니 아주 잘 만들었다. 다만 레온이랑 클레어 플레이시 겹치는 부분이 많아서 그건 많이 아쉽다. 후속작도 전부 리메이크로 내주길 기대해 본다.,리메이크 란 이렇게 만들어야 한다는 표본 을 보여준 작품 이다 . 월등한 그래픽 에 분위기 또한 음침하니 아주 잘 만들었다 . 다만 레온 이랑 클레어 플레이 시 겹 치는 부분 이 많아서 그건 많이 아쉽다 . 후속작 도 전부 리메이크 로 내주길 기대해 본다 .,2019-02-01 01:31:24
883710,Resident Evil 2,positive,내가 플스1으로 했던 그 게임 맞나? 그 시절 이렇게 깜짝 깜짝 놀라가면서 하진 않았던것 같은데. 갓게임 갓게임 하는데는 이유를 알것 같네요.,내 가 플스 1 으로 했던 그 게임 맞나 ? 그 시절 이렇게 깜짝 깜짝 놀라가면서 하진 않았던것 같은데 . 갓 게임 갓 게임 하는데는 이유 를 알것 같네요 .,2019-02-01 00:57:50
883710,Resident Evil 2,positive,제미있다. 문제는 보급이 너무 빡세다. 리커가 2ㅁ마리 쫓아오는데 샷건탄 1발 권총탄 20발 밖에 없어서 죽어라 도망만 치다가 경찰서 탈출했다. 탄약관리 잘해라.,제 미있다 . 문제 는 보급 이 너무 빡세 다 . 리 커가 2 ㅁ 마리 쫓아오는데 샷건 탄 1 발 권 총탄 20 발 밖에 없어서 죽어라 도망 만 치다가 경찰서 탈출 했다 . 탄약 관리 잘 해라 .,2019-02-01 00:24:53
883710,Resident Evil 2,positive,최고의 게임,최고 의 게임,2019-01-31 23:52:10
883710,Resident Evil 2,positive,"처음으로 호러 어드벤처를 즐긴 유저로써, 이 게임을 평가하자면, 매우 어려운 게임에 속합니다. 하지만, 맵의 설계, 퍼즐, 총알이 모자르고 분위기의 압박이 정말 게임을 깼을때 후련하게 만들어줍니다.","처음 으로 호러 어드벤처 를 즐긴 유저 로써 , 이 게임 을 평가 하자면 , 매우 어려운 게임 에 속 합니다 . 하지만 , 맵 의 설계 , 퍼즐 , 총알 이 모 자르고 분위기 의 압박 이 정말 게임 을 깼을 때 후련하게 만 들어줍니다 .",2019-01-31 22:54:20
883710,Resident Evil 2,positive,재미있어용~~~ 말이 필요없어용~~~~,재미있어용 ~~~ 말 이 필요없어용 ~~~~,2019-01-31 22:53:23
883710,Resident Evil 2,positive,이게임을 간단히 말하자면 지금당장 결제하세요,이 게임 을 간단히 말 하자면 지금 당장 결제 하세요,2019-01-31 22:51:54
883710,Resident Evil 2,positive,"바이오하자드 시리즈는 레벨레이션2이후로 이게 2번째인데 진짜 시간가는줄 모르고했습니다. 레벨레이션2와는 완전히 재미가 하늘과 땅차이였습니다.참고로 저는 다회차 플레이를 하지 않는 편입니다. 이미 했던걸 다시봐야하고 스토리도 이미 아니깐 2회차부터는 재미가 떨어지더라고요. 귀찮거나 어려운걸 다시 하기도 싫고. 그럼에도 발매후 4일만에 레온a,b 클레어a,b 4번째 생존자 두부모드들을 다 깰정도로 몰입감이 장난아니었습니다. 좀비들이 엄청 현실적이어서 처음할때는 엄청 무섭고 또 타이런트가 중간부터 쫓아올때는 심장쫄이면서 한게 굉장히 스릴","바이오하자드 시리즈 는 레벨 레이 션 2 이후 로 이 게 2 번 째 인데 진짜 시간 가는줄 모르고 했습니다 . 레벨 레이 션 2 와는 완전히 재미 가 하늘 과 땅 차이였습니다 . 참고 로 저 는 다 회차 플레이 를 하지 않는 편입 니 다 . 이미 했던걸 다시 봐야하고 스토리 도 이미 아 니깐 2회 차부터는 재미 가 떨어지더라고요 . 귀찮거나 어려운 걸 다시 하기도 싫고 . 그럼에도 발매 후 4일 만에 레온 a , b 클레어 a , b 4 번째 생존자 두부 모드 들 을 다 깰 정도 로 몰입 감 이 장난 아니었습니다 . 좀비 들 이 엄청 현실 적 이어서 처음 할 때 는 엄청 무섭고 또 타 이런 트 가 중간 부터 쫓아올 때 는 심장 쫄 이면 서 한 게 굉장히 스릴",2019-01-31 21:30:06
883710,Resident Evil 2,positive,<근래에 나온 호러 서바이벌 액션 어드벤쳐 장르로써 가장 두드러지는 작품- 바이오하자드 RE2 추천합니다.> 장점: 단점을 제외한 모든 부분 단점: 1.플레이어블 캐릭터가 여럿인 만큼 분산된 플레이타임. 이로 인해 메인플롯이 너무 단순하고 볼륨이 적다는 느낌이듬. 하지만 이것은 리메이크 작품인만큼 20년전 나온 스토리라인과 볼륨을 기반으로 했기에 이해할만함. 다만 아쉬움 2.피격을 강제한 좁은 보스전 레벨 디자인. 난이도와 공포감 조성을 위해 자원을 제한하는건 가장 효율적인 방법이지만 바하2는 보스전 진행시 지나치게 좁은,< 근래 에 나온 호러 서바이벌 액션 어드벤쳐 장르 로써 가장 두드러지는 작품 - 바이오하자드 RE 2 추천 합니다 .> 장점 : 단점 을 제외 한 모든 부분 단점 : 1 . 플레이어 블 캐릭터 가 여럿 인 만큼 분산 된 플레이 타임 . 이로 인해 메인 플롯 이 너무 단순하고 볼륨 이 적다는 느낌 이듬 . 하지만 이 것 은 리메이크 작품 인 만큼 20년 전 나온 스토리 라인 과 볼륨 을 기반 으로 했기에 이해 할만 함 . 다만 아쉬움 2 . 피격 을 강제 한 좁은 보스 전 레벨 디자인 . 난이도 와 공포 감 조성 을 위해 자원 을 제한 하는건 가장 효율 적 인 방법 이지만 바하 2 는 보스 전 진행 시 지나치게 좁은,2019-01-31 21:25:35
883710,Resident Evil 2,positive,미친게임,미친 게임,2019-01-31 20:54:19
883710,Resident Evil 2,positive,"야이 슈우벌,,생퀴드라,,,!!! 개에 쫄리는데,,ㅎ 조온나 재밌자너,,!! 쉬이벌ㅎ,,!!","야 이 슈우벌 ,, 생 퀴드 라 ,,,!!! 개 에 쫄리는데 ,, ㅎ 조온나 재밌자 너 ,,!! 쉬이 벌 ㅎ ,,!!",2019-01-31 20:28:48
883710,Resident Evil 2,positive,"영화로만 보고 처음접해보는 레지던트 이블, 오픈월드 게임만 주로하는 나로선 플레이 시간이 짧게 느껴지지만 정말 재밌고 처음엔 무서웠는데 지금은 타임어택 하는중.. 일반, 하드코어 S 이상 전부깰생각..ㅋ","영화로 만 보고 처음 접 해보는 레지던트 이블 , 오픈월드 게임 만 주로 하는 나로 선 플레이 시간 이 짧게 느껴지지만 정말 재밌고 처음 엔 무서웠는데 지금 은 타임 어택 하는 중 .. 일반 , 하드코어 S 이상 전부 깰 생각 .. ㅋ",2019-01-31 19:40:30
883710,Resident Evil 2,positive,갓겜,갓 겜,2019-01-31 18:28:01
883710,Resident Evil 2,positive,갓,갓,2019-01-31 17:14:41
883710,Resident Evil 2,positive,빨리 사세요,빨리 사세요,2019-01-31 16:50:25
883710,Resident Evil 2,positive,"너무 짧다 ㅠㅜ 추가 : 요즘게임에 비해 플탐이 많이 짧긴하지만, 다회차 요소와 추가DLC덕분에 풀프라이스 게임에 근접한 플탐(50시간 내외)을 즐겼다. 특히 하드코어한 모드가 다량있어 반복적인 플레이를 요구하지만, 길어야 20분내외로 플레이 하는게임이라 짜증나난다기 보단 도전욕구를 자극시킨다. 특히 DLC마지막인 사면초가를 클리어했을때의 성취감이란, 왠만한 로그라이크게임보다 큰듯. 다만, 요즘의aaa게임에 비해 너무 하드코어한 것이 문제라면 문제.. 스토리모드 10시간 하고 버리기엔 너무 잘만든게임이니, 힘들더라도 꼭 두부와","너무 짧다 ㅠㅜ 추가 : 요즘 게임 에 비해 플 탐이 많이 짧긴하지만 , 다 회차 요소 와 추가 DLC 덕분 에 풀 프라 이스 게임 에 근접한 플 탐 ( 50시간 내외 ) 을 즐겼다 . 특히 하드코어 한 모드 가 다량 있어 반복 적 인 플레이 를 요구 하지만 , 길어야 20분 내외로 플레이 하는 게임 이라 짜증나난 다기 보단 도전 욕구 를 자극시킨다 . 특히 DLC 마지막 인 사면초가 를 클리어 했을 때 의 성취 감 이란 , 왠만한 로그라이크 게임 보다 큰듯 . 다만 , 요즘 의 aaa 게임 에 비해 너무 하드코어 한 것 이 문제 라면 문제 .. 스토리 모드 10시간 하고 버리 기 엔 너무 잘만 든 게임 이니 , 힘들더라도 꼭 두부 와",2019-01-31 12:27:21
883710,Resident Evil 2,positive,정말 재밌습니다. 하지만 어디 걸리거나 해서 좀비한테 뒤물리면 빡치는 건... 제 손이 문제라서겠죠??,정말 재밌습니다 . 하지만 어디 걸리거나 해서 좀비 한테 뒤 물리 면 빡치는 건 ... 제 손 이 문제 라서 겠죠 ??,2019-01-31 11:00:50
883710,Resident Evil 2,positive,"98년 명품 고전이 훌륭하게 리메이크 되서 나왔습니다. 게임은 재밌고, 그래픽은 멋있고, 같은 배경을 반복적으로 다녀도 지루함이 없습니다. 게임하는 내내 오래 전에 잃어버린 게임을 되찾은 기분이었어요. 나는 어느덧 게임을 하기보다 주변 구경에 몰입하게 되었죠. 이렇게 리메이크를 잘 만들어준 캡콤에 감사하고 싶었는데... 하지만 딱 두가지 때문에 조금 실망했습니다. 정말 마음에 안드는 부분이 있는데 1. 레온과 클레어의 유대감을 보여주는 내용이 부족합니다. 딱 한번만이라도 98년 원본처럼 둘이서 무전 연락하는 장면이 있었어도 엔딩에서","98년 명품 고전 이 훌륭하게 리메이크 되서 나왔습니다 . 게임 은 재밌고 , 그래픽 은 멋있고 , 같은 배경 을 반복 적 으로 다녀도 지루함 이 없습니다 . 게임 하는 내내 오래 전 에 잃어버린 게임 을 되찾은 기분 이었어요 . 나 는 어느덧 게임 을 하기보다 주변 구경 에 몰입 하게 되었죠 . 이렇게 리메이크 를 잘 만들어 준 캡콤 에 감사하고 싶었는데 ... 하지만 딱 두 가지 때문 에 조금 실망했습니다 . 정말 마음 에 안 드는 부분 이 있는데 1 . 레온 과 클레어 의 유 대감 을 보여주는 내용 이 부족합니다 . 딱 한번 만이라도 98년 원본 처럼 둘이서 무전 연락 하는 장면 이 있었어도 엔딩 에서",2019-01-31 07:42:10
883710,Resident Evil 2,positive,"정말 재미있게 아주 잘햇습니다. 예구로 비싸게 준고 산만큼 소장가치가 있었습니다. 기회가 된다면, 다음작인 바이오하자드3 리메이크도 만약에 나올수만 있다면 기대해 보겠습니다. ------------ 아주 간략한 팁이지만 처음 하시는 분들은 지원(이지)모드 먼저 플레이 하신후에, 어느정도 적응 되시면 일반 난이도 차근히 올라가시는게 좋습니다. 무작정 일반 모드로 하게 되면 길 뱅뱅이 돌고, 총알도 많이 부족하고, 조금 힘들어지기때문에 지원(이지)모드 먼저 하는걸 추천 드립니다","정말 재미있게 아주 잘 햇습니 다 . 예 구로 비싸게 준 고 산 만큼 소장 가치 가 있었습니다 . 기회 가 된다면 , 다음 작 인 바이오하자드 3 리메이크 도 만약 에 나올수만 있다면 기대해 보겠습니다 . ------------ 아주 간략한 팁 이지만 처음 하시는 분 들 은 지원 ( 이지 ) 모드 먼저 플레이 하신 후 에 , 어느 정도 적응 되시면 일반 난이도 차근히 올라가시는게 좋습니다 . 무작정 일반 모드 로 하게 되면 길 뱅 뱅이 돌고 , 총알 도 많이 부족하고 , 조금 힘들어지기 때문 에 지원 ( 이지 ) 모드 먼저 하 는걸 추천 드립니다",2019-01-31 05:33:19
883710,Resident Evil 2,positive,호러 서바이벌 장르에 익숙하지 않은분들에게 말합니다... 중요하니까 두번 말합니다 쓰잘데기없는 자존심세우지말고 이지모드로 하세요. 꼭 이지모드하세요 두번하세요!!!!!!!!!!!!!!!!!!!!,호러 서바이벌 장르 에 익숙하지 않은 분 들 에게 말 합니다 ... 중요하니까 두 번 말 합니다 쓰 잘데기 없는 자존심 세우지말고 이 지 모드 로 하세요 . 꼭 이 지 모드 하세요 두 번하세요 !!!!!!!!!!!!!!!!!!!!,2019-01-31 04:46:28
883710,Resident Evil 2,positive,플레이 하세요.,플레이 하세요 .,2019-01-31 02:28:59
883710,Resident Evil 2,positive,지나친 과대평가 일색이네요.. 할만하다 정도 입니다. 98냔도 처음 나온 오리지날과 비교하면 칭찬 해주고 싶지만 .. 이렇게 과도하게 평가할 정도는 아닙니다.,지나친 과대 평가 일색 이네 요 .. 할 만하 다 정도 입니다 . 98 냔 도 처음 나온 오리 지날과 비교 하면 칭찬 해주고 싶지만 .. 이렇게 과도 하게 평가 할 정도 는 아닙니다 .,2019-01-31 01:54:26
883710,Resident Evil 2,positive,고전명작의 화려한 변신,고전 명작 의 화려한 변신,2019-01-31 01:21:39
883710,Resident Evil 2,positive,킹갓겜. 꼭해라 두번해라,킹 갓 겜 . 꼭 해라 두 번해라,2019-01-31 01:05:30
883710,Resident Evil 2,positive,제발 3편도~,제발 3 편도 ~,2019-01-31 00:39:49
883710,Resident Evil 2,positive,총알좀 주세요 ㅠㅠ 좀비가 안죽어 ㅠㅠ,총알 좀 주세요 ㅠㅠ 좀비 가 안 죽어 ㅠㅠ,2019-01-30 23:58:38
883710,Resident Evil 2,positive,경찰이 달리기가 느린데 점프도 못한다... 점프 좀 하라고 이 새끼야... 총알로 가계부 써야 한다... 불만만 적었는데 재밌음...,경찰 이 달리기 가 느린데 점프 도 못 한다 ... 점프 좀 하라 고 이 새끼 야 ... 총알 로 가계부 써야 한다 ... 불만 만 적었는데 재밌음 ...,2019-01-30 23:40:38
883710,Resident Evil 2,positive,간만에 시간가는줄 모르고 한 게임.,간만 에 시간 가는줄 모르고 한 게임 .,2019-01-30 22:14:13
883710,Resident Evil 2,positive,진정으로 갓겜,진정 으로 갓 겜,2019-01-30 21:41:14
883710,Resident Evil 2,positive,후... 내 실력으론 노멀 S 안 되겠는데 ㅠㅠ 3시간 49분이라니!!!,후 ... 내 실력 으론 노멀 S 안 되겠는데 ㅠㅠ 3시간 49분 이라니 !!!,2019-01-30 20:59:04
883710,Resident Evil 2,positive,보스들이 너무 짜증남 하지만 재밌다 하는 내내 심장쫄깃햇음 특히 처음에 리커 처음에 나왔을때 두려움 그게 아직도 안잊혀진다 근데 생각하는것처럼 막 나오지는 않데?,보스 들 이 너무 짜증남 하지만 재밌다 하는 내내 심장 쫄깃햇음 특히 처음 에 리 커 처음 에 나왔을 때 두려움 그게 아직도 안 잊혀진다 근데 생각 하는것처럼 막 나오지는 않데 ?,2019-01-30 20:47:20
883710,Resident Evil 2,positive,"쫄탱이인 나는 이 게임을 하면서 정말 스트레스를 많이 받아 언릉 끝내고 싶었다. 남들은 스피드런이다 뭐다 하면서 2시간, 1시간을 이야기하는데, 10시간만에 한 파트를 끝내고 도저히 다시 시작할 마음이 들지 않았다. 클레어 파트 시작할 때에도 분명히 왔던 길이고 또 익숙한 길인데도 선뜻 걸을 수가 없었고 뭐가 나올 지도 뭐가 있는지도 다 아는 마당에서도 앞으로 가는 것이 내키지가 않았다. 결국 6시간만에 끝을 냈고, 이제 두번째를 시작해야 하는데 그냥 이대로 끝내고 싶다. 그럼에도 게임이 정말로 재미있어서 여전히 갈등 중이다.","쫄탱이 인 나 는 이 게임 을 하면서 정말 스트레스 를 많이 받아 언릉 끝내고 싶었다 . 남 들 은 스피드 런 이다 뭐 다 하면서 2시간 , 1시간 을 이야기 하는데 , 10시간 만에 한 파트 를 끝내고 도저히 다시 시작 할 마음 이 들지 않았다 . 클레어 파트 시작 할 때 에도 분명히 왔던 길이 고 또 익숙한 길인데도 선뜻 걸 을 수가 없었고 뭐 가 나올 지도 뭐 가 있는지도 다 아는 마당 에서도 앞 으로 가는 것 이 내 키 지 가 않았다 . 결국 6시간 만에 끝 을 냈고 , 이제 두번째 를 시작 해야 하는데 그냥 이대로 끝내고 싶다 . 그럼에도 게임 이 정말로 재미있어서 여전히 갈등 중이 다 .",2019-01-30 20:29:11
883710,Resident Evil 2,positive,ㄹㅇ갓겜사도후회안함,ㄹㅇ 갓 겜 사도 후회 안함,2019-01-30 20:23:05
883710,Resident Evil 2,positive,일단 퍼즐 싫어하고 보이는 족족 다 쏴죽이는 람보계 유저라면 사는 거 추천 안함 호러물 좋아하거나 어둡고 불안한 상황에서 계속 압박받는거 좋아하는 마조라면 사는 거 추천함 그리고 사기 전에 알아둘게 이 게임 상당히 발적화라 컴퓨터 스펙이 낮다면 그냥 플스판으로 사는 게 나음 cpu를 있는데로 갈구는데 점유율이 90퍼 이하로 내려간적이 거의 없음 또 윈7 쓰면 그래픽카드 메모리가 내장메모리급으로 인식되는 단점이 있음 이게 실제 플레이 성능에 영향을 주는지는 잘 모르겠음 어쨌든 그래픽카드는 좋은데 cpu는 옛날 것 쓰는 사람은 사는거,일단 퍼즐 싫어하고 보이는 족족 다 쏴 죽이는 람보 계 유저 라면 사는 거 추천 안함 호러물 좋아하거나 어둡고 불안한 상황 에서 계속 압박 받는거 좋아하는 마 조 라면 사는 거 추천 함 그리고 사기 전 에 알 아 둘 게 이 게임 상당히 발 적 화 라 컴퓨터 스펙 이 낮다면 그냥 플스 판 으로 사는 게 나음 cpu 를 있는데로 갈구는데 점유 율 이 90 퍼 이하 로 내려간 적 이 거의 없음 또 윈 7 쓰면 그래픽카드 메모리 가 내장 메모리 급 으로 인식 되는 단점 이 있음 이 게 실제 플레이 성능 에 영향 을 주는지는 잘 모르겠음 어쨌든 그래픽카드 는 좋은데 cpu 는 옛날 것 쓰는 사람 은 사는거,2019-01-30 20:01:46
883710,Resident Evil 2,positive,"좀비들의 파티, 화려한 전성기의 귀환! 게임은 원작과 비교하기 어려울 만큼 스케일이 커졌다. B급 호러의 분위기가 강했던 원작과는 달리 웬만한 블록버스터 영화를 능가할 정도이다. 이번 작은 라쿤 시티 경찰서 내부를 돌아다니면서 좀비들과 사투를 벌여야 한다. 남녀 주인공이 같은 시간 같은 장소에서 서로 교차되어 플레이하는 ‘캐릭터 재핑 시스템’이 삭제되고 레온, 클레어 모두 각자 독립적인 에피소드를 가지고 있다. 게임분위기도 더욱 사실적으로 변해 몰입감을 높여준다. 2019년 새해 호러 게임을 찾는 분들에겐 안성맞춤인 작품이다.","좀비 들 의 파티 , 화려한 전성기 의 귀환 ! 게임 은 원작 과 비교 하기 어려울 만큼 스케일 이 커졌다 . B 급 호러 의 분위기 가 강했던 원작 과는 달리 웬만한 블록버스터 영화 를 능가 할 정도 이다 . 이번 작은 라쿤 시티 경찰서 내부 를 돌아다니면서 좀비 들 과 사투 를 벌여야 한다 . 남녀 주인공 이 같은 시간 같은 장소 에서 서로 교차 되어 플레이 하는 ‘ 캐릭터 재핑 시스템 ’ 이 삭제 되고 레온 , 클레어 모두 각자 독립 적 인 에피소드 를 가지 고 있다 . 게임 분위기 도 더욱 사실 적 으로 변해 몰입 감 을 높여 준다 . 2019년 새해 호러 게임 을 찾는 분 들 에겐 안성맞춤 인 작품 이다 .",2019-01-30 19:50:01
883710,Resident Evil 2,positive,"[h1]이보다 반가울수 없는 리메이크작.[/h1] 코찔찔이 시절 친척집에서 사촌형이 플레이 하는걸 벌벌벌 떨면서 뒤에서 몰래 지켜봤던 추억이 있습니다. 코를 좀 덜 흘릴 때 쯤에는 유명한 게임잡지들(게이X즈) 공략을 읽는것만으로도 가슴설렜죠. 그 추억이 있던 바이오하자드 게임을 리메이크로 다시만나볼 수 있어서 즐거웠습니다. 각설하고, 게임만 평가해 보면. [b]장점[/b] 1. 준수한 그래픽과 수작급으로 잘 리메이크함. 2. 레벨디자인이 비교적 작은 공간 안에서 정말 ㅈ같음과 재밌음의 그 경계선에서 줄타기를 미친듯이 잘 탔","[ h 1 ] 이보 다 반가울수 없는 리메이크 작 .[/ h 1 ] 코 찔 찔이 시절 친척 집 에서 사촌형 이 플레이 하 는걸 벌벌 벌 떨면서 뒤 에서 몰래 지켜봤던 추억 이 있습니다 . 코 를 좀 덜 흘릴 때 쯤 에는 유명한 게임 잡지 들 ( 게이 X 즈 ) 공략 을 읽는것만으로도 가슴 설렜죠 . 그 추억 이 있던 바이오하자드 게임 을 리메이크 로 다시 만 나볼 수 있어서 즐거웠습니다 . 각 설 하고 , 게임 만 평가 해 보면 . [ b ] 장점 [/ b ] 1 . 준수 한 그래픽 과 수작 급 으로 잘 리메이크 함 . 2 . 레벨 디자인 이 비교 적 작은 공간 안 에서 정말 ㅈ 같 음 과 재밌 음 의 그 경계 선 에서 줄타기 를 미친듯이 잘 탔",2019-01-30 19:43:34
883710,Resident Evil 2,positive,"리뷰하기에 앞서 저는 과거 바이오하자드 시리즈를 즐겨본 경험이 전혀없다는 점 미리 밝히고 들어갑니다. 이 작품이 처음이었죠. 정말 재미있게 즐겼습니다만 신규유저와 기존유저가 즐기는 시각에 꽤 차이가 있을거란 생각이 들었습니다. [h1]게임 특징[/h1] 게임의 기본 목표는 좀비의 소굴이 된 도시를 '탈출' 하는 것입니다. 좀비들 그냥 다 죽여버리면서 앞으로 가면 되지 않나? 라고 생각할 수 도 있습니다. 하지만 튜토리얼부터 탄약 몇발 주지도 않은채 대량의 좀비들을 던져주며 ""그런 게임 아닙니다. ^^"" 라고 개발사가 친절하게 알","리뷰 하기에 앞서 저 는 과거 바이오하자드 시리즈 를 즐겨 본 경험 이 전혀 없다는 점 미리 밝히고 들어갑니다 . 이 작품 이 처음 이었죠 . 정말 재미있게 즐겼습니다만 신규 유저 와 기존 유저 가 즐기는 시각 에 꽤 차이 가 있을거란 생각 이 들었습니다 . [ h 1 ] 게임 특징 [/ h 1 ] 게임 의 기본 목표 는 좀비 의 소굴 이 된 도시 를 ' 탈출 ' 하는 것 입니다 . 좀비 들 그냥 다 죽여 버리면서 앞 으로 가면 되지 않나 ? 라고 생각 할 수 도 있습니다 . 하지만 튜토리얼 부터 탄약 몇 발 주지 도 않은 채 대량 의 좀비 들 을 던져주며 "" 그런 게임 아닙니다 . ^^"" 라고 개발 사가 친절하게 알",2019-01-30 19:13:53
883710,Resident Evil 2,positive,살까말까 고민할필요도없이 좋은작품이네요 처음바하시리즈를접하는데 정말재밌습니다.,살 까말까 고민 할 필요 도 없이 좋은 작품 이네 요 처음 바하 시리즈 를 접하는데 정말 재밌습니다 .,2019-01-30 17:39:20
883710,Resident Evil 2,positive,"캡콤이 데메크 1,2,3 도 리메이크 할때가 오면 앞으로 이렇게 계속 하세요","캡콤 이 데메 크 1 , 2 , 3 도 리메이크 할 때 가 오면 앞 으로 이렇게 계속 하세요",2019-01-30 17:15:52
883710,Resident Evil 2,positive,성공적인 명작의 리메이크 평가 볼 시간에 당장 구입을 하는것이 좋다.,성공 적 인 명작 의 리메이크 평가 볼 시간 에 당장 구입 을 하는것이 좋다 .,2019-01-30 17:00:24
883710,Resident Evil 2,positive,"진정한 리메이크라며 칭송받았던 바이오하자드1의 리메이크인 리버스가 나왔을때처럼, 이번에도 바이오하자드2 RE 또한 다시한번 성공적인 리메이크작으로서 칭송받을만한 자격이 충분하다고 생각합니다. 이제 바이오하자드3 RE 랑 바이오하자드 : 코드베로니카 RE를 제작할 준비를 하십시오 CAPCOM. :)","진정한 리메이크 라며 칭송 받았던 바이오하자드 1 의 리메이크 인 리 버스 가 나왔을 때 처럼 , 이번 에도 바이오하자드 2 RE 또한 다시 한번 성공 적 인 리메이크 작 으로서 칭송 받을만한 자격 이 충분하다고 생각 합니다 . 이제 바이오하자드 3 RE 랑 바이오하자드 : 코드 베로니카 RE 를 제작 할 준비 를 하십시오 CAPCOM . :)",2019-01-30 16:23:00
883710,Resident Evil 2,positive,"이번 리메이크는 너무나 만족스럽습니다. 특히 플레이 방식이 대폭 바뀌었음에도 불구하고 옛날 플스 시절의 바이오하자드를 했던 느낌을 느끼게 하는 점이 무척 인상깊네요. 970 에서 거의 모든 옵션을 높음으로 해놓고 플레이 해도 불편함이 없고, 무엇보다 사운드가 매우 만족스럽습니다. 특히 느와르 의상 입고 흑백 화면에서 플레이 하는게 완전 취향 저격입니다.","이번 리메이크 는 너무나 만족스럽습니다 . 특히 플레이 방식 이 대폭 바뀌었음에도 불구 하고 옛날 플스 시절 의 바이오하자드 를 했던 느낌 을 느끼게 하는 점 이 무척 인상 깊네요 . 970 에서 거의 모든 옵션 을 높 음으로 해놓고 플레이 해도 불편함이 없고 , 무엇 보다 사운드 가 매우 만족스럽습니다 . 특히 느와르 의상 입고 흑백 화면 에서 플레이 하는게 완전 취향 저격 입니다 .",2019-01-30 15:30:10
883710,Resident Evil 2,positive,좀비와의 즐거운 술레잡기 놀이 잡히면 뒤져~,좀비 와의 즐거운 술레 잡기 놀이 잡히면 뒤져 ~,2019-01-30 15:15:54
883710,Resident Evil 2,positive,정말 재미있는데... 레온편에서 동쪽 2층 가는 길에( 클레어 만나러가는 중) 헬기가 추락하는 곳에서 팅김현상이 발생합니다. 제 컴 사양때문 같기도 하는데 해당 오류 고칠 수 있는 방법을 아는 분 계실까요?,정말 재미있는데 ... 레온 편 에서 동쪽 2 층 가는 길 에 ( 클레어 만나러가는 중 ) 헬기 가 추락 하는 곳 에서 팅김 현상 이 발생 합니다 . 제 컴 사양 때문 같기도 하는데 해당 오류 고칠 수 있는 방법 을 아는 분 계실까 요 ?,2019-01-30 14:10:25
883710,Resident Evil 2,positive,역대급으로 쫄깃하고 재밌게 플레이했음 20년전에도 이런느낌으로 했는데 그느낌 잘 살렸네요 돈 아깝지 않습니다 .. 잘 놀았습니다,역대 급 으로 쫄깃 하고 재밌게 플레이 했음 20년 전에도 이런 느낌 으로 했는데 그 느낌 잘 살렸네요 돈 아깝지 않습니다 .. 잘 놀았습니다,2019-01-30 14:04:11
883710,Resident Evil 2,positive,게임 많이 하지만 공포 게임은 지양하고 살았음에도. 엔딩 2번을 보고서도 또 하고 싶어지는 마성의 게임. 최고입니다. 띄엄띄엄 플레이해봤던 전 시리즈 정주행해보기로 마음 먹었습니다. 캡콤 화이팅! 전 시리즈 리메이크 가즈아~!,게임 많이 하지만 공포 게임 은 지 양하 고 살았음에도 . 엔딩 2 번 을 보고서 도 또 하고 싶어지는 마 성의 게임 . 최고 입니다 . 띄엄띄엄 플레이 해봤던 전 시리즈 정주 행해 보기 로 마음 먹었습니다 . 캡콤 화이팅 ! 전 시리즈 리메이크 가즈 아 ~!,2019-01-30 13:48:43
883710,Resident Evil 2,positive,클레어로 플레이: 엉덩이 ㅗㅜㅑ... 레온으로 플레이: 등짝 ㅗㅜㅑ....,클레어 로 플레이 : 엉덩이 ㅗㅜㅑ ... 레온 으로 플레이 : 등짝 ㅗㅜㅑ ....,2019-01-30 13:40:08
883710,Resident Evil 2,positive,타일런트에게 쫓기는 꿈꿨습니다.,타 일 런트 에게 쫓기는 꿈꿨습니다 .,2019-01-30 12:33:43
883710,Resident Evil 2,positive,좀비가 더럽게 안죽네 ㅠㅠ,좀비 가 더럽게 안 죽네 ㅠㅠ,2019-01-30 11:29:04
883710,Resident Evil 2,positive,10시간동안 하는데 밥먹을생각이랑 화장실갈 생각이 안들정도로 재밌네요 ㅋㅋ,10시간 동안 하는데 밥 먹을 생각 이랑 화장실 갈 생각 이 안 들 정도 로 재밌네요 ㅋㅋ,2019-01-30 11:16:36
883710,Resident Evil 2,positive,99년도 4월 게임피아의 바이오하자드2 표지를 보고 처음 바이오하자드2를 알게 되었는데 벌써 20년이 지났네요. 바이오하자드 시리즈 중 최고의 작품인 2편을 리메이크하여 2019년도에 다시 한 번 바이오 하자드의 부흥을 가지고 올 것 같습니다. 바이오하자드7 부터 새롭게 바낀 RE엔진을 통해 좋아진 그래픽 원작의 스토리를 따라가지만 중간 중간 다른 부분이 생겼는데 크게 거슬리는 부분이 아니라 오히려 잘 어울리는 설정인 것 같아 만족스러웠습니다. 최적화도 잘 되어있는편이며 7처럼 추가될 무료 DLC 등 사후 지원도 상,99년 도 4월 게임피아 의 바이오하자드 2 표지 를 보고 처음 바이오하자드 2 를 알 게 되었는데 벌써 20년 이 지났네요 . 바이오하자드 시리즈 중 최고 의 작품 인 2 편 을 리메이크 하여 2019년 도에 다시 한 번 바이오 하자드 의 부흥 을 가지 고 올 것 같습니다 . 바이오하자드 7 부터 새롭게 바 낀 RE 엔진 을 통해 좋아진 그래픽 원작 의 스토리 를 따라가지만 중간 중간 다른 부분 이 생겼는데 크게 거슬리는 부분 이 아니라 오히려 잘 어울리는 설정 인 것 같아 만족스러웠습니다 . 최적화 도 잘 되어있는 편이 며 7 처럼 추가 될 무료 DLC 등 사후 지원 도 상,2019-01-30 08:17:44
883710,Resident Evil 2,positive,열쇠찾아 경찰서를 왔다갔다 리커피해 연구소를 살금살금 타이런트 어디서나 개켁키야 세가지가 조합되니 지려붓네,열쇠 찾아 경찰서 를 왔다 갔다 리 커피 해 연구소 를 살금살금 타 이런 트 어디 서나 개켁키 야 세 가지 가 조합 되니 지려 붓네,2019-01-30 05:40:45
883710,Resident Evil 2,positive,말이 필요없음 ㄹㅇ 갓겜 살까말까고민이라면 무조건사서하세요 게임이 근데 좀 어이없는게 대가리는 3~4방이면터지는데 차라리 다리2방때려서 터트려서 하반신장애로만들어서기어댕기게하는게 이득임;; 그리고 유탄발사기가 한놈한테만 데미지주는게 좀 이상했었음,말 이 필요없음 ㄹㅇ 갓 겜 살 까말까 고민 이 라면 무조건 사서하세요 게임 이 근데 좀 어이없는게 대가리 는 3~4 방이 면 터지는데 차라리 다리 2 방 때려서 터트려 서 하반신 장 애로 만 들어서기어 댕기 게 하는게 이득 임 ;; 그리고 유탄발사기 가 한 놈 한테 만 데미지 주는게 좀 이상했었음,2019-01-30 03:35:37
883710,Resident Evil 2,positive,쏠까 말까 고민할 시간에 죽는다,쏠까 말까 고민 할 시간 에 죽는다,2019-01-30 01:59:33
883710,Resident Evil 2,positive,바하 오랜 팬으로서 너무 재밌게 했습니다 그래서 번외편도 해보고 싶은데... 이거 두부모드는 어떻게 하는건가요 ㅠㅠㅠ,바하 오랜 팬 으로서 너무 재밌게 했습니다 그래서 번외 편도 해보고 싶은데 ... 이 거 두 부모 드는 어떻게 하는건 가요 ㅠㅠㅠ,2019-01-30 01:31:38
883710,Resident Evil 2,positive,"[h1]안사고 뭐해요! 고퀄리티 두부를 볼 수 있다는데!![/h1] 공포게임 잘 못하는 사람도 지원 난이도면 충분히 깰 수 있습니다! 슈팅게임 경험이 있다면 보통 난이도 정도는 아주~ 무난. [b]""뭔 개소리냐. 오리지널 바이오하자드는 자동 저장 따위 없다. 나는 고인물이다. 다 덤벼라""[/b] 하는 분은 시작부터 하드코어 하시믄 됩니다.","[ h 1 ] 안 사고 뭐 해요 ! 고 퀄리티 두부 를 볼 수 있다는데 !![/ h 1 ] 공포 게임 잘 못 하는 사람 도 지원 난이도 면 충분히 깰 수 있습니다 ! 슈팅게임 경험 이 있다면 보통 난이도 정도 는 아주 ~ 무난 . [ b ]"" 뭔 개 소리 냐 . 오 리지 널 바이오하자드 는 자동 저장 따위 없다 . 나 는 고 인물 이다 . 다 덤벼 라 ""[/ b ] 하는 분 은 시작 부터 하드코어 하시 믄 됩니다 .",2019-01-30 01:16:30
883710,Resident Evil 2,positive,말이 필요 없습니다 재미있습니다. 개인적으로 조금 아쉬운점은 엔딩이 약간 시시 하다는점.... 하지만 전체적으로 너무 잘 만든 게임이고 재미 있습니다. 클레어로 첫 엔딩 후 두번째 레온으로 플레이 시작 했습니다.,말 이 필요 없습니다 재미있습니다 . 개인 적 으로 조금 아쉬운 점 은 엔딩 이 약간 시시 하다는 점 .... 하지만 전체 적 으로 너무 잘 만든 게임 이고 재미 있습니다 . 클레어 로 첫 엔딩 후 두번째 레온 으로 플레이 시작 했습니다 .,2019-01-30 00:33:06
883710,Resident Evil 2,positive,헤드셋에 불끄고 게임하는걸 추천한다. 사운드가 엄청나다. 많이 잔인함으로 어린애는 안하겠지만 절대로 하는거 보여줘서도 안된다. 몰입감이 매우좋다. 다만.. 좀비가 그냥 안죽는다.. 총알 아끼자 길찾기가 매우 힘들다. 길찾는거 못하면 공략보고하는게좋다.. 정말 분위기도 어두워서 집중하나는 잘된다. 별다섯게중에 4.3정도 준다. (길치는 이지도 어렵다 정말..),헤드셋 에 불 끄고 게임 하 는걸 추천 한다 . 사운드 가 엄청나다 . 많이 잔인함 으로 어린 애 는 안 하겠지만 절대로 하는거 보여줘서도 안된다 . 몰입 감 이 매우 좋다 . 다만 .. 좀비 가 그냥 안 죽는다 .. 총알 아끼자 길찾기 가 매우 힘들다 . 길 찾는거 못 하면 공략 보고하는게 좋다 .. 정말 분위기 도 어두워서 집중 하나 는 잘 된다 . 별 다섯 게 중 에 4.3 정도 준다 . ( 길치는 이지 도 어렵다 정말 ..),2019-01-29 23:59:19
883710,Resident Evil 2,positive,좀비 머리가 단단한거 빼면은 재밌다,좀비 머리 가 단단한거 빼면은 재밌다,2019-01-29 23:57:09
883710,Resident Evil 2,positive,너무 재미있어서 아껴서 플레이하고 있습니다. 플스랑 큐브에서 하던 맛하고는 또 다른 맛이 있네요. 모드가 다양해서 몇 번을 해도 질리지 않네요.,너무 재미있어서 아껴서 플레이 하고 있습니다 . 플스 랑 큐브 에서 하던 맛 하고는 또 다른 맛 이 있네요 . 모드 가 다양해서 몇 번 을 해도 질리 지 않네요 .,2019-01-29 23:45:22
883710,Resident Evil 2,positive,게임은 어려워도 재미있다면 그건 맛있게 맵다고 말할수있다 하지만 이게임은 맛있게 매운정도가 아니라 응급실 떡볶이 사망맛이다 필자는 여러 호러게임과 공포겜 그리고 좀비게임들을 섭렵하면서 크게 난이도가 어렵다는걸 못느꼈다 하지만 이게임은 반강제적인 스텔스 플레이와 총알들을 자린고비 마냥 아껴쓰지 않으면 초중반 타일러스의 등장과 함께 난이도가 확올라간다 지원 모드라면 적어도 꾸역꾸역 몇대맞아도 자가회복을 하지만 일반난이도 이상은 절때 타 게임의 일반난이도와 차원이 다르다 기존 레지던트 이블2를 해본 유저들은 알겠지만 원작에 충실한 리메이,게임 은 어려워도 재미있다면 그건 맛있게 맵다고 말 할수있다 하지만 이 게임 은 맛있게 매운정도 가 아니라 응급실 떡볶이 사망 맛 이다 필자 는 여러 호러 게임 과 공포 겜 그리고 좀비 게임 들 을 섭렵 하면서 크게 난이도 가 어렵다는걸 못 느꼈다 하지만 이 게임 은 반 강제 적 인 스텔스 플레이 와 총알 들 을 자린 고비 마냥 아껴 쓰지 않으면 초 중반 타일러 스 의 등장 과 함께 난이도 가 확 올라간다 지원 모드 라면 적어도 꾸역꾸역 몇 대 맞아도 자가 회복 을 하지만 일반 난이도 이상은 절때 타 게임 의 일 반 난이도 와 차원 이 다르다 기존 레지던트 이블 2 를 해본 유저 들 은 알겠지만 원작 에 충실한 리메이,2019-01-29 23:35:04
883710,Resident Evil 2,positive,꿈에 타일런트 나왔습니다,꿈 에 타일 런트 나왔습니다,2019-01-29 23:17:18
883710,Resident Evil 2,positive,정말 리메이크판 잘만들었다 명작중 하나로 꼽힐만 하다.,정말 리메이크판 잘 만들었다 명작 중 하나로 꼽힐만 하다 .,2019-01-29 22:50:04
883710,Resident Evil 2,positive,최고의 리메이크,최고 의 리메이크,2019-01-29 21:36:18
883710,Resident Evil 2,positive,아니 이글 읽을시간에 결제해서 빨리해 뭐하는거야,아니 이글 읽을 시간 에 결제 해서 빨 리해 뭐 하는거야,2019-01-29 21:27:50
883710,Resident Evil 2,positive,레포데처럼 좀비쓸어버리는 게임은 아님. 좀비와 함께하는 방탈출 게임. 타이런트 쑤에끼야 그만따라와,레포데 처럼 좀비 쓸어 버리는 게임 은 아님 . 좀비 와 함께 하는 방 탈출 게임 . 타 이런 트 쑤 에끼 야 그만 따라와,2019-01-29 20:53:04
883710,Resident Evil 2,positive,우선은 해보시고 결정하시는걸 추천합니다 !,우선 은 해보시고 결정 하시는걸 추천 합니다 !,2019-01-29 20:52:05
883710,Resident Evil 2,positive,점프를 해라 김레온,점프 를 해 라 김 레온,2019-01-29 20:34:33
883710,Resident Evil 2,positive,단점 -리메이크인데 A/B루트 스토리연계가 좀더 자연스러웠으면 했다.(보스전이나 사소한 디테일 묘사같은 부분들) -일반난이도 기준으로도 좀 지나치게 하드코어해진 면이 있음. 바하 구작을 안해본 분이면 쉬운 난이도부터 하시는게 스트레스 덜하실듯. -개인적으론 성우 연기가 몇몇부분에선 너무 덤덤하게 느껴져서 살짝 웃겼음 장점: 그 이외의 모두 갓콤 절.대.찬.양.해,단점 - 리메이크 인데 A / B 루트 스토리 연 계 가 좀더 자연스러웠으면 했다 .( 보스 전 이나 사소한 디테일 묘사 같은 부분 들 ) - 일반 난이도 기준 으로도 좀 지나치게 하드코어 해진 면 이 있음 . 바하 구 작 을 안 해본 분이면 쉬운 난이도 부터 하시는게 스트레스 덜하실듯 . - 개인 적 으론 성우 연기 가 몇몇 부분 에선 너무 덤덤하게 느껴져서 살짝 웃겼음 장점 : 그 이외 의 모두 갓 콤 절 . 대 . 찬 . 양 . 해,2019-01-29 19:52:59
883710,Resident Evil 2,positive,액션에서 공포로 회귀 재밌음.,액션 에서 공포 로 회귀 재밌음 .,2019-01-29 19:30:29
883710,Resident Evil 2,positive,1인칭 모드가 필요합니다.,1 인칭 모드 가 필요합니다 .,2019-01-29 19:29:17
883710,Resident Evil 2,positive,계속 무서움,계속 무서움,2019-01-29 18:27:46
883710,Resident Evil 2,positive,뛰어난 최고의 맛에 비해 너무도 적은 양 일단 정말 잘 만든 게임이고 이미 수없이 많은 한국인 리뷰에 장점은 일관되게 언급이 되있어서 단점(아쉬운 점) 만 언급하자면 볼륨이 정말 치명이다. 게임의 질은 뛰어난데 양은 확실히 좀 부족한 편이다. 캐릭터 한명당 플레이 타임은 원작과 큰 차이는 없는데 문제는 뛰어난 퀄리티에 비해 너무 무성의한 두번째 시나리오와 재핑 시스템의 부재다. 뛰어난 기술력의 향상을 바탕으로 원작을 뛰어넘는 레온과 클레어가 동시간에 같은 장소에 있다라는 느낌을 확실히 받는 그런 수준높은 재핑시스템을 기대했,뛰어난 최고 의 맛 에 비해 너무도 적은 양 일단 정말 잘 만든 게임 이고 이미 수없이 많은 한국인 리뷰 에 장점 은 일관 되게 언급 이 되있어서 단점 ( 아쉬운 점 ) 만 언급 하자면 볼륨 이 정말 치명 이다 . 게임 의 질 은 뛰어난데 양은 확실히 좀 부족한 편이 다 . 캐릭터 한 명당 플레이 타임 은 원작 과 큰 차이는 없는데 문제 는 뛰어난 퀄리티 에 비해 너무 무성의 한 두번째 시나리오 와 재핑 시스템 의 부재 다 . 뛰어난 기술 력 의 향상 을 바탕 으로 원작 을 뛰어넘는 레온 과 클레어 가 동 시간 에 같은 장소 에 있다라는 느낌 을 확실히 받는 그런 수준 높은 재핑 시스템 을 기대했,2019-01-29 17:50:34
883710,Resident Evil 2,positive,정말 재밌습니다. 믿고 사세요,정말 재밌습니다 . 믿고 사세요,2019-01-29 17:22:19
883710,Resident Evil 2,positive,"리마스터 같은 리메이크 작들도 많은데 진정한 '리메이크'가 무엇인지 보여주었습니다. 과거 오리지널의 향수도 남아있었고, 영화에서 엄브렐러 지하 기지 나올 때마다 가서 구경 해보고 싶었는데 3D로 구현된 엄브렐러 지하 연구시설을 탐방하는 대리만족도 있었습니다. 바하 시리즈 어렸을 때 부터 CD로 깔아서도 해보고 플스로도 해보고 꽤 여러 작품들을 해봤는데 개인적으로는 모든 바하 시리즈 통틀어서 이번 작품이 가장 마음에 듭니다. 어렸을 때 조잡한 3D로도 바싹 쫄아서 했었는데 그 때 생각이 새록새록 나는게... 새해 최고","리 마스터 같은 리메이크 작 들 도 많은데 진정한 ' 리메이크 ' 가 무엇 인지 보여주었습니다 . 과거 오 리지 널 의 향수 도 남아있었고 , 영화 에서 엄브렐러 지하 기지 나올 때 마다 가서 구경 해보고 싶었는데 3 D 로 구현 된 엄브렐러 지하 연구시설 을 탐방 하는 대리 만족도 있었습니다 . 바하 시리즈 어렸을 때 부터 CD 로 깔아서도 해보고 플스 로 도 해보고 꽤 여러 작품 들 을 해봤는데 개인 적 으로는 모든 바하 시리즈 통틀어 서 이번 작품 이 가장 마음 에 듭니 다 . 어렸을 때 조잡한 3 D 로 도 바싹 쫄아 서 했었는데 그 때 생각 이 새록새록 나는게 ... 새해 최고",2019-01-29 16:06:47
883710,Resident Evil 2,positive,총알을 다 써서 첨부터 다시 시작해야겠어요?????????,총알 을 다 써서 첨부 터 다시 시작 해야겠어요 ?????????,2019-01-29 15:29:51
883710,Resident Evil 2,positive,잘 만들어진 캡콤의 바이오하자드 2 리메이크 한글화까지 되어있는 호러 액션 게임,잘 만들어진 캡콤 의 바이오하자드 2 리메이크 한글화 까지 되어있는 호러 액션 게임,2019-01-29 15:28:46
883710,Resident Evil 2,positive,예전 기억속의 레지던트이블2 때문에 기대를 전혀 안하고 플레이 했는데 너무나 사실적인 그래픽과 사운드 때문에 어떤 공포게임 할때보다도 큰 비명을 질렀습니다 ㅜ-ㅜ 그다지 어렵지 않은 퍼즐덕에 스토리에 집중도 잘되고 너무나 좋았습니다,예전 기 억 속 의 레지던트이블 2 때문 에 기대 를 전혀 안 하고 플레이 했는데 너무나 사실 적 인 그래픽 과 사운드 때문 에 어떤 공포 게임 할 때 보다도 큰 비명 을 질렀습니다 ㅜ - ㅜ 그다지 어렵지 않은 퍼즐 덕 에 스토리 에 집중 도 잘 되고 너무나 좋았습니다,2019-01-29 15:04:49
883710,Resident Evil 2,positive,게임자체는 진짜 재밌다. 쫄리는 맛이 무엇인가 제대로 보여주는 게임. 단지 문제가 있다면 존 나 어렵다는 거다. 7도 그렇게 쉽게 깨진 못했는데 이건 7보다 훨씬 어렵다. 그래도 재미는 확실함.,게임 자체 는 진짜 재밌다 . 쫄리 는 맛 이 무엇 인가 제대로 보여주는 게임 . 단지 문제 가 있다면 존 나 어렵다는 거 다 . 7 도 그렇게 쉽게 깨진 못 했는데 이건 7 보다 훨씬 어렵다 . 그래도 재미 는 확실함 .,2019-01-29 13:37:09
883710,Resident Evil 2,positive,1. 그래픽은 좋은가? 예 2. 다량의 좀비가 나오는가? 예 3. 총알 부족에 허덕이나? 예 4. 단순히 여캐를 성적대상화로 만들지 않고 흥미로운 캐릭터로 만들었는가? 예 5. 게임을 할때 스트레스가 쌓이지만 끝내면 쾌감을 느끼는가? 예 이 게임은 디 이블 위딘이 성공적으로 만들어졌을 때의 what if 라고 해도 될 정도로 디 이블 위딘의 상위 호환이라고 말하고 싶다. 분명히 미카미 신지가 디 이블 위딘을 만들때의 미카미 신지 본인이 만들기를 희망한 게임일것이다. 다만 디 이블 위딘은 호불호와 더불어 악평을 어느정도 있었,1 . 그래픽 은 좋은가 ? 예 2 . 다량 의 좀비 가 나오는가 ? 예 3 . 총알 부족 에 허덕이나 ? 예 4 . 단순히 여캐 를 성적 대상 화로 만들지 않고 흥미로운 캐릭터 로 만들었는가 ? 예 5 . 게임 을 할 때 스트레스 가 쌓이지만 끝내면 쾌감 을 느끼는가 ? 예 이 게임 은 디 이블 위딘 이 성공 적 으로 만들어졌을 때 의 what if 라고 해도 될 정도 로 디 이블 위딘 의 상위 호환 이라고 말 하고 싶다 . 분명히 미카 미 신지 가 디 이블 위딘 을 만들 때 의 미카 미 신지 본인 이 만들기 를 희망 한 게임 일것이다 . 다만 디 이블 위딘 은 호불호 와 더불어 악평 을 어느 정도 있었,2019-01-29 13:12:33
883710,Resident Evil 2,positive,"원작팬으로서 기대한거보단 못미치지만 최고의 게임입니다. 강력히 추천드려요. 다만 원작 안해보신분들은 스토리가 이 뭐임?, 액션이 답답 할수도 있음.","원 작 팬 으로서 기대한거보단 못 미치지만 최고 의 게임 입니다 . 강력히 추천 드려요 . 다만 원작 안 해보 신분 들 은 스토리 가 이 뭐임 ?, 액션 이 답답 할수도 있음 .",2019-01-29 10:51:01
883710,Resident Evil 2,positive,"패드로 초회차 레온편 깨고, 2회차로 클레어 진엔딩 봤습니다. 패드 조작감은 엑스박스 원 S 패드 기준으로 처음에는 정말 거지같은데 익숙해지면 '그나마' 나아지긴 해요 게임은 잘 만들었다고 생각합니다 구작 2를 안해본 나도 어느정도 재미를 느낀 부분이 있었으니 그러나 플레이를 하면서 답답하고 불편하다는 생각을 떨쳐낼 수가 없었어요 플레이어가 가진 무기들이 화력이 좋지 않아서 몹들을 피해 도망 다녀야하는 플레이가 반강제되는 건 제 취향은 아니었거든요 이 때문에 데드스페이스2나 3처럼 호러 액션 플레이를 원했거나 예상했던 사람들은 구매","패드 로 초회차 레온 편 깨고 , 2회 차로 클레어 진 엔딩 봤습니다 . 패드 조작 감은 엑스박스 원 S 패드 기준 으로 처음 에는 정말 거지같은데 익숙해지면 ' 그나마 ' 나아지긴 해 요 게임 은 잘 만들었다고 생각 합니다 구 작 2 를 안 해본 나도 어느 정도 재미 를 느낀 부분 이 있었으니 그러나 플레이 를 하면서 답답하고 불편하다는 생각 을 떨쳐 낼 수가 없었어요 플레이어 가 가진 무기 들 이 화 력 이 좋지 않아서 몹 들 을 피해 도망 다녀 야하는 플레이 가 반 강제 되는 건 제 취향 은 아니었거든요 이 때문 에 데드 스페이스 2 나 3 처럼 호러 액션 플레이 를 원했거나 예상 했던 사람 들 은 구매",2019-01-29 10:01:19
883710,Resident Evil 2,positive,장점 1. 플스1 에서보던 에이다가 왜 이쁜이 이유를 알게됨 2.에이다 몸매 균형이 역대 타사 게임 케릭터보다 좋음 3. 스킨 적용이 가능해서 19금 적용도 가능해짐 단점 1. 올드 유저한테는 이래저래 다 불만임 2. 비밀번호 푸는게 더 많아져서 귀찮은점이 더 깊어짐,장점 1 . 플스 1 에서 보던 에이 다가 왜 이쁜이 이유 를 알 게 됨 2 . 에이 다 몸매 균형 이 역대 타사 게임 케릭 터보 다 좋음 3 . 스킨 적용 이 가능해서 19 금 적용 도 가능해 짐 단점 1 . 올드 유저 한테 는 이래저래 다 불만 임 2 . 비밀번호 푸는게 더 많아져서 귀찮은 점 이 더 깊어 짐,2019-01-29 09:46:30
883710,Resident Evil 2,positive,미스터 x는 나가있어 x지기 싫으면.,미스터 x 는 나가있어 x 지기 싫으면 .,2019-01-29 09:31:49
883710,Resident Evil 2,positive,저는 앞으로 바이오하자드 시리즈의 노예입니다 계속 내주세요,저 는 앞 으로 바이오하자드 시리즈 의 노예 입니다 계속 내주세요,2019-01-29 09:28:24
883710,Resident Evil 2,positive,타일런트..쒸벌럼,타일 런트 .. 쒸벌럼,2019-01-29 08:33:38
883710,Resident Evil 2,positive,좀 아쉽긴 하지만 역대 최고 입니다. 스토리만 클레어 레온 따로 노는 듯 한 기분이 서로 무전도 않하고 재미는 보장합니다.,좀 아쉽긴 하지만 역대 최고 입니다 . 스토리 만 클레어 레온 따로 노 는 듯 한 기분 이 서로 무전 도 않하고 재미 는 보장 합니다 .,2019-01-29 06:17:43
883710,Resident Evil 2,positive,바이오하자드 2 리메이크! 몹시 훌륭한 퀄리티에 게이머로서 감사를 표합니다 앞으로도 이렇게만 만들어주세요,바이오하자드 2 리메이크 ! 몹시 훌륭한 퀄리티 에 게이머 로서 감사 를 표 합니다 앞 으로도 이렇게만 만들어주세요,2019-01-29 04:56:31
883710,Resident Evil 2,positive,이 게임의 평가를 보면 90%는 추천이다. 그 이유를 알고 싶으면 직접 해보면 된다. 레지던트 이블 시리즈중 역대 최고의 게임. 59000이상의 값어치를 하는 게임. 너무 비싸다고 생각하겠지만 충분히 그럴만한 가치가 있다. PS. 레지던트 이블 6 리메이크좀 해주세요홍호옿오ㅗ옹,이 게임 의 평가 를 보면 90% 는 추천 이다 . 그 이유 를 알 고 싶으면 직접 해보면 된다 . 레지던트 이블 시리즈 중 역대 최고 의 게임 . 59000 이상 의 값어치 를 하는 게임 . 너무 비싸다고 생각 하겠지만 충분히 그럴만 한 가치 가 있다 . PS . 레지던트 이블 6 리메이크 좀 해주세 요홍 호옿오 ㅗ 옹,2019-01-29 02:49:01
883710,Resident Evil 2,positive,5.9만원이 전혀 아깝지 않습니다. 무조건 구매하세요!,5.9만원 이 전혀 아깝지 않습니다 . 무조건 구매 하세요 !,2019-01-29 02:43:46
883710,Resident Evil 2,positive,레벨레이션스 2 에서 아줌마처럼 변했던 클레어가... 다시 귀여워졌어!,레벨 레이 션스 2 에서 아줌마 처럼 변했던 클레어 가 ... 다시 귀여워졌어 !,2019-01-29 02:40:22
883710,Resident Evil 2,positive,만들어 RE : 3 만들라고 당장,만들어 RE : 3 만들라고 당장,2019-01-29 02:01:14
883710,Resident Evil 2,positive,최고입니다. 캡콤이 아니라 갓콤입니다. 갓콤니뮤ㅠㅠ,최고 입니다 . 캡콤 이 아니라 갓 콤 입니다 . 갓 콤 니 뮤 ㅠㅠ,2019-01-29 01:20:57
883710,Resident Evil 2,positive,타이런트 발소리만 들어도 심장이 쿵쾅쿵쾅 뛰네요..,타 이런 트 발 소리 만 들어도 심장 이 쿵쾅 쿵쾅 뛰네요 ..,2019-01-29 01:15:37
883710,Resident Evil 2,positive,데드 스페이스 이후로 공포감 느끼면서 할만한 게임이 나와서 좋음. 타이런트 쫒아올때 딱 데드스페이스1 헌터한테 무력하게 쫒기는 그 느낌 오랜만에 느꼈어 . 아주 좋아,데드 스페이스 이후 로 공포 감 느끼면서 할만 한 게임 이 나와서 좋음 . 타 이런 트 쫒아 올 때 딱 데드 스페이스 1 헌터 한테 무력하게 쫒기는 그 느낌 오랜 만 에 느꼈어 . 아주 좋아,2019-01-29 00:12:37
883710,Resident Evil 2,positive,진짜 59000원이 아깝지안음 사도후회없다 지금 상품구경할시간에 벌써사서 플레이 하고있겠다 너무너무 재미있음,진짜 59000원 이 아깝지안음 사도 후회 없다 지금 상품 구경 할 시간 에 벌써 사서 플레이 하고있겠다 너무 너무 재미있음,2019-01-29 00:07:43
883710,Resident Evil 2,positive,"바이오하자드는 5부터 입문하여 6까지 하고 군대를 갔었는데 (6기준 플레이타임 270시간) 바이오하자드는 5부터 입문한탓에 원채 액션게임인줄알았음 전작들이 있었고 게임성이 5나6보다도 뛰어나다는건 익히들어 알고있었지만 그래픽의 문제로 딱히 손이가지는 않았었는데 이번 레지던트이블2 리마스터를 해보고 느낀점이있음 왜 사람들이 5나 6에 대한 비판이 많았는지. 왜 호러가 포커스였던 전작들이 평이 더 좋았는지. 고작 3시간 즐기고 쓰는 평가지만, 혹시라도 정말 만약에 이 게임을 살지 말지 고민하는 사람들이 이 글을본다면 당","바이오하자드 는 5 부터 입문 하여 6 까지 하고 군대 를 갔었는데 ( 6 기준 플레이 타임 270시간 ) 바이오하자드 는 5 부터 입문 한 탓 에 원 채 액션게임 인 줄 알았음 전작 들 이 있었고 게임 성 이 5 나 6 보다도 뛰어나다는건 익히 들어 알고있었지만 그래픽 의 문제 로 딱히 손 이 가지는 않았었는데 이번 레지던트이블 2 리 마스터 를 해보고 느낀 점 이 있음 왜 사람 들 이 5 나 6 에 대한 비판 이 많았는지 . 왜 호러 가 포커스 였던 전작 들 이 평이 더 좋았는지 . 고작 3시간 즐기고 쓰는 평가 지만 , 혹시 라도 정말 만약 에 이 게임 을 살 지 말 지 고민 하는 사람 들 이 이 글 을 본다면 당",2019-01-29 00:01:09
883710,Resident Evil 2,positive,20년전 중딩때 처음 접했던 그 느낌을 현재 아재가 된 나에게 다시금 상기 시켜 주었다. 그때는 어렵고 무서워서 클리어를 못했지만 이번 리메이크로 엔딩을 보고 나니 예전의 한을 푼 느낌이다.,20년 전 중딩 때 처음 접 했던 그 느낌 을 현재 아 재 가 된 나 에게 다시금 상기 시켜 주었다 . 그때 는 어렵고 무서워서 클리어 를 못 했지만 이번 리메이크 로 엔딩 을 보고 나니 예전 의 한을 푼 느낌 이다 .,2019-01-28 23:57:20
883710,Resident Evil 2,positive,가뭄에 단비와 같은 게임입니다. 초등학교 6학년 때 하던 공포가 20년 만에 다시 떠오릅니다.,가뭄 에 단비 와 같은 게임 입니다 . 초등학교 6 학년 때 하던 공포 가 20년 만에 다시 떠오릅니다 .,2019-01-28 23:51:28
883710,Resident Evil 2,positive,이런게 진정한 리메이크지... 사랑해요 캡콤...,이런게 진정한 리메이크 지 ... 사랑 해요 캡콤 ...,2019-01-28 22:41:20
883710,Resident Evil 2,positive,재미있긴한데 평가들이 너무 후한듯.. 기다렸다가 걍 세일할때 사세요,재미있긴한데 평가 들 이 너무 후 한 듯 .. 기다렸다가 걍 세 일 할 때 사세요,2019-01-28 21:14:01
883710,Resident Evil 2,positive,좀비 파편 튀는 느낌이랑 맞은 부위에 따른 파괴효과 지린다... 액션성 역시 괜찮으면서도 적은 물자로 진행해나가는 쫄깃함이 일품이다. 공포게임과 FPS를 (폴아웃 시리즈가 유일하게 즐기는 게임) 안좋아하는 나도 빠지게 만들었다. 이런 겜 기반이 20년전에 만든 것이라니...그저 갓콤...,좀비 파편 튀는 느낌 이랑 맞은 부위 에 따른 파괴 효과 지 린다 ... 액션 성 역시 괜찮으면서도 적은 물자 로 진행 해 나가는 쫄깃함 이 일품 이다 . 공포 게임 과 FPS 를 ( 폴아웃 시리즈 가 유일하게 즐기는 게임 ) 안 좋아하는 나도 빠지게 만들었다 . 이런 겜 기반 이 20년 전에 만든 것 이라니 ... 그저 갓 콤 ...,2019-01-28 20:28:32
883710,Resident Evil 2,positive,예전 바이오하자드2 시절 떠올리면서 했는데 정말 재밌게 했어요 싱글게임 2회차까지 거의 안하는데 처음으로 2회차까지 다해봤네요 그래픽 사운드 훌륭하고 스토리도 괜찮습니다. 아직 안사신분들은 꼭 해보길 바랍니다.,예전 바이오하자드 2 시절 떠올리면서 했는데 정말 재밌게 했어요 싱글 게임 2회 차까지 거의 안 하는데 처음 으로 2회 차까지 다해 봤네요 그래픽 사운드 훌륭하고 스토리 도 괜찮습니다 . 아직 안 사신 분들 은 꼭 해보길 바랍니다 .,2019-01-28 19:47:41
883710,Resident Evil 2,positive,2019년 첫 웰메이드작 특히 팬이라면 묻지도 따지지도 말고 바로 사자,2019년 첫 웰 메이드 작 특히 팬 이 라면 묻지도 따지지도 말고 바로 사자,2019-01-28 19:37:13
883710,Resident Evil 2,positive,이 겜이 나온 이후로 모바일 과금을 끊었습니다 ㅠㅠ,이 겜 이 나온 이후 로 모바일 과금 을 끊었습니다 ㅠㅠ,2019-01-28 19:12:35
883710,Resident Evil 2,positive,일단 님이 모든 좀비를 죽여야 직성이 풀리는 사람이라면 개빡칠만한 요소가 산재해있습니다. 하지만 그럼에도 불구하고 한번쯤은 꼭 플레이 해봐도 괜찮은 게임이라고 생각해요.... 저도 바이오하자드 시리즈는 4로 처음 접해서 하는 내내 답답했는데 하다보면 이게 요령이 생깁니다. 전략이 많이 필요한 게임이에요. 전 이제 하드코어 하러 갑니다 스스로 받는 고통 최고야 짜릿해,일단 님 이 모든 좀비 를 죽여야 직성 이 풀리는 사람 이 라면 개 빡칠만 한 요소 가 산재 해있습니다 . 하지만 그럼에도 불구 하고 한번 쯤 은 꼭 플레이 해봐도 괜찮은 게임 이라고 생각 해요 .... 저 도 바이오하자드 시리즈 는 4 로 처음 접 해서 하는 내내 답답했는데 하다 보면 이 게 요령 이 생깁니다 . 전략 이 많이 필요한 게임 이에요 . 전 이제 하드코어 하러 갑니다 스스로 받는 고통 최고 야 짜릿해,2019-01-28 18:43:30
883710,Resident Evil 2,positive,추후 캠콤이 다른 바하시리즈 리메이크작을 제작한다고했을때 고민없이 지를수있을정도로 재밌고 잘 만들어진 작품,추후 캠콤 이 다른 바하 시리즈 리메이크 작 을 제작 한 다 고 했을 때 고민 없이 지를수있을 정도 로 재밌고 잘 만들어진 작품,2019-01-28 17:39:05
883710,Resident Evil 2,positive,갓겜,갓 겜,2019-01-28 17:00:56
883710,Resident Evil 2,positive,어서 바하 리메이크3을... 어서 3을 만들어주시오... 2만으론 만족을 못하겠소...,어서 바하 리메이크 3 을 ... 어서 3 을 만들어주시오 ... 2만 으론 만족 을 못 하겠소 ...,2019-01-28 16:29:41
883710,Resident Evil 2,positive,good,good,2019-01-28 16:03:15
883710,Resident Evil 2,positive,좀비가 좀 지나치게 딴딴한데요??? 입문작으로써는 어렵다고 판단되네요,좀비 가 좀 지나치게 딴딴한데요 ??? 입문 작 으로써는 어렵다고 판단 되네요,2019-01-28 15:58:07
883710,Resident Evil 2,positive,신참형사에게 주어진 첫발령지 가서죽으란건가 살라는건가 신참형사의 맘은 참 애만 타는데 더 무서운건 신참형사가 겁이 없음 좀비를 보고서도 절대 도망치지 않고 다 죽이려고하는 일기당천의 용맹함까지 겸비... 거기에 자물쇠따기 부터 금고털이까지 못하는게 없는 만능 형사를 요구하는 게임사 신참형사는 좀비와 싸우는 와중에 머리까지 써야하는 이중고를 겪는 거기에 좀비잡으라고 주는건 칼!! 너무하다!!! 게임성 UP 아케이드성 UPUP 역대급 레지던트이블!?,신참 형사 에게 주어진 첫 발령 지 가서 죽으란 건가 살라 는 건가 신참 형 사의 맘 은 참 애 만 타는데 더 무서운건 신참 형사 가 겁 이 없음 좀비 를 보고서 도 절대 도망치지 않고 다 죽이려고 하는 일기당천 의 용맹함까지 겸비 ... 거기 에 자물쇠 따기 부터 금고 털이까지 못 하는게 없는 만능 형사 를 요구 하는 게임 사 신참 형사 는 좀비 와 싸우는 와중 에 머리 까지 써야하는 이중고 를 겪는 거기 에 좀비 잡으라고 주는건 칼 !! 너무하다 !!! 게임 성 UP 아케이드 성 UPUP 역대 급 레지던트이블 !?,2019-01-28 15:51:15
883710,Resident Evil 2,positive,"""어리석고 오만한 유저들아... 여러 게임사의 갖가지 추태를 무너트릴 이가 너희 중에 있었거늘... 네놈들은 분노에 눈이 멀어, 캡콤이 진정한 위협이라 착각하고 말았지!"" ""캡콤이라니... 우리가 어찌 알았겠는가..."" 저는 알았습니다. 바하6도 재밌다고 생각했고 레벨2도 쩔었거든요. 하지만 바하2 리메이크는 상상을 초월하더군요. 제목을 갓갓갓갓갓갓2: RE로 바꿔야 할 거 같습니다.",""" 어리석고 오만한 유저 들 아 ... 여러 게임 사의 갖가지 추태 를 무 너 트릴 이 가 너희 중 에 있었거늘 ... 네 놈 들 은 분노 에 눈 이 멀어 , 캡콤 이 진정한 위협 이라 착각 하고 말았지 !"" "" 캡콤 이라니 ... 우리 가 어찌 알았겠는가 ..."" 저 는 알았습니다 . 바하 6 도 재밌다고 생각 했고 레벨 2 도 쩔었거든요 . 하지만 바하 2 리메이크 는 상상 을 초월 하더군요 . 제목 을 갓 갓 갓 갓 갓 갓 2 : RE 로 바꿔야 할 거 같습니다 .",2019-01-28 15:45:43
883710,Resident Evil 2,positive,개껌에서 캡콤으로 변한 계기가 7이었다면 캡콤에서 갓콤으로 변하는 계기는 바로 이작품입니다. 무슨소리냐구요? 사라는 소리입니다. 그래야 다른 구작도 리메이크 하지.,개껌 에서 캡콤 으로 변한 계기 가 7 이었다면 캡콤 에서 갓 콤 으로 변하는 계기 는 바로 이 작품 입니다 . 무슨 소리 냐 구 요 ? 사라 는 소리 입니다 . 그 래야 다른 구 작도 리메이크 하지 .,2019-01-28 15:44:37
883710,Resident Evil 2,positive,리메이크의 정석!!,리메이크 의 정석 !!,2019-01-28 15:43:05
883710,Resident Evil 2,positive,"괜찮은 게임임 레오편 순식간에 다 꺠고 이제 클레어 편 할 차례 ㅋ. 이블위딘 시리즈랑은 다르게 맵 구석구석 탐험해서 모은 재료들로 몹들 대가리만 쏴도 다 조질수가 없긴한데, 후반가니 의미없이 총알을 많이주긴함 ㅋㅋ","괜찮은 게임 임 레오 편 순식간 에 다 꺠 고 이제 클레어 편 할 차례 ㅋ . 이블위딘 시리즈 랑은 다르게 맵 구석구석 탐험 해서 모은 재료 들 로 몹 들 대가리 만 쏴도 다 조질 수가 없긴한데 , 후반 가니 의미 없이 총알 을 많이 주긴 함 ㅋㅋ",2019-01-28 15:19:19
883710,Resident Evil 2,positive,갓겜,갓 겜,2019-01-28 14:49:11
883710,Resident Evil 2,positive,갓겜. 이거 하기전에 바하1을 해봐서 적응이 잘 됐음. 게임방식만 TPS인 클래식 바하라고 생각해도 될듯.,갓 겜 . 이 거 하기전에 바하 1 을 해봐서 적응 이 잘 됐음 . 게임방 식 만 TPS 인 클래식 바하 라고 생각 해도 될듯 .,2019-01-28 14:26:39
883710,Resident Evil 2,positive,주간퀘 생일을 잘못입력해서 잠긴거 같은데 푸는거 아시는분? 영어로 해야 제작자가 봄?,주간 퀘 생일 을 잘못 입력 해서 잠긴거 같은데 푸는거 아시 는 분 ? 영어 로 해야 제작자 가 봄 ?,2019-01-28 14:15:50
883710,Resident Evil 2,positive,"디럭스 예구하고 아무것도모르는 첫회차에는 숨어있는 탄약과 잘 안죽는 적, 뻉뻉이도는 동선등으로 해매었지만 타좀비게임처럼 눈에보이는 대로 쏴죽이는 액션성보다는 강인한 적과 한정된 자원으로 모든걸 해결해야하는 생존성이 많이 부각된 게임으로 최근에 나온 게임들중에 가장만족하며 하고있다 다만 아쉬운점은 스토리 전개 방식으로 레온A, 클레어A를 클리어하고 난 뒤에 나오는 새로운시도(B파트)에서는 내가 레온A를 움직이는 동안 클레어B는 뒤에서 어떻게 행동하였나를 기대했는데 그런것은 없이 레온이 A파트에서 이미 푼 퍼즐(ex하수도 체스 퍼즐등)","디럭스 예 구 하고 아무 것 도 모르는 첫 회차 에는 숨어있는 탄약 과 잘 안 죽는 적 , 뻉뻉이도 는 동선 등 으로 해 매었지만 타 좀비 게임 처럼 눈 에 보이는 대로 쏴 죽이는 액션 성 보다는 강인한 적 과 한정 된 자원 으로 모든 걸 해결 해야하는 생존 성 이 많이 부각 된 게임 으로 최근 에 나온 게임 들 중 에 가장 만족하며 하고있다 다만 아쉬운 점 은 스토리 전개 방식 으로 레온 A , 클레어 A 를 클리어 하고 난 뒤 에 나오는 새로운시도 ( B 파트 ) 에서는 내 가 레온 A 를 움직이는 동안 클레어 B 는 뒤 에서 어떻게 행동 하였나를 기대했는데 그런 것 은 없이 레온 이 A 파트 에서 이미 푼 퍼즐 ( ex 하수도 체스 퍼즐 등 )",2019-01-28 13:26:38
883710,Resident Evil 2,positive,리뷰 읽어 볼 시간에 결제하세요. 갓게임. 더 무슨 말이 필요한가.,리뷰 읽어 볼 시간 에 결제 하세요 . 갓 게임 . 더 무슨 말 이 필요한가 .,2019-01-28 13:09:40
883710,Resident Evil 2,positive,정말 재밌게 했습니다. 고전바하의 장점을 4이후의 TPS시점에 잘 조화시킨 거 같습니다. 명작이긴해도 2가 4처럼 액션게임이 되지 않을까 우려했는데 7이후 갓콤은 의심할 필요가 없네요. 특히 진짜 좀비처럼 일어나는 좀비들이랑 그분의 존재 등 적들도 밸런스 있게 잘 만들었구요. 클레어나 에이다 두 주인공 얼굴도 현실감있게 잘한거 같습니다. 이쁜건 덤이구요. 빨리 3나 만들어내놔 자식들아.,정말 재밌게 했습니다 . 고전 바하 의 장점 을 4 이후 의 TPS 시점 에 잘 조화 시킨 거 같습니다 . 명작 이긴 해도 2 가 4 처럼 액션게임 이 되지 않을까 우려 했는데 7 이후 갓 콤 은 의심 할 필요 가 없네요 . 특히 진짜 좀비 처럼 일어나는 좀비 들 이랑 그 분 의 존재 등 적 들 도 밸런스 있게 잘 만들었구요 . 클레어 나 에이 다 두 주인공 얼굴 도 현 실감 있게 잘 한거 같습니다 . 이쁜건 덤 이구 요 . 빨리 3 나 만들어 내놔 자식 들 아 .,2019-01-28 12:55:42
883710,Resident Evil 2,positive,오리지널을 해본 입장에서 완전이 추천하는 게임!!!! 다만 오리지널을 안해보신분이라면 호불호가 갈릴 수 있습니다. 탄약의 압박이 충분히 생길수도 있습니다.,오 리지 널 을 해본 입장 에서 완전 이 추천 하는 게임 !!!! 다만 오 리지 널 을 안 해보신 분이라면 호불호 가 갈릴 수 있습니다 . 탄약 의 압박 이 충분히 생길수도 있습니다 .,2019-01-28 11:42:39
883710,Resident Evil 2,positive,20년 전 처음으로 접했었던 바이오하자드2를 20년만에 다시 하게 될 줄이야... 퍼즐적 요소도 많고 생각보다 플레이 시간 자체는 짧지만 정말 재밌습니다. 개인적으로 4편을 가장 재밌게 해서 리메이크 되었으면 좋겠네요!,20년 전 처음 으로 접 했었던 바이오하자드 2 를 20년 만에 다시 하게 될 줄 이야 ... 퍼즐 적 요소 도 많고 생각 보다 플레이 시간 자체 는 짧지만 정말 재밌습니다 . 개인 적 으로 4 편 을 가장 재밌게 해서 리메이크 되었으면 좋겠네요 !,2019-01-28 11:28:18
883710,Resident Evil 2,positive,바하3리메이크도 되겠지?,바하 3 리메이크 도 되겠지 ?,2019-01-28 11:20:20
883710,Resident Evil 2,positive,예약구매하고 레온으로 헬기 불끄러 가는 구간까지 플레이해보고 느낀 소감은 핸드건하고 샷건의 저지력이 너무 약하다는 거다.특전 무기인 알버트 모델도 저지력이 약하긴 마찬가지다.이러다보니 경찰서 초반엔 좀비하고 마주치는 구간은 좁고 좀비는 많다보니 필연적으로 둘러싸여서 물리게 되는 상황이 발생한다.이번 작은 무적 시간도 없는지 재수없으면 연타로 물리는 경우도 있다.원래 원작의 방향이 생존공포게임이었다는 걸 감안해도 너무 저지력이 약하다.반대로 일반 몹들의 공격판정은 좀 너무 널널한 거 같다.다만 제작진의 고충을 생각해보자면 이해못할정도,예 약 구매 하고 레온 으로 헬기 불 끄러 가는 구간 까지 플레이 해보고 느낀 소감 은 핸드 건 하고 샷건 의 저 지력 이 너무 약하다는 거 다 . 특전 무기 인 알버트 모델 도 저 지력 이 약하긴 마찬가지 다 . 이러다 보니 경찰서 초반 엔 좀비 하고 마주치는 구간 은 좁고 좀비 는 많다 보니 필연 적 으로 둘러싸여서 물리 게 되는 상황 이 발생 한다 . 이번 작은 무적 시간 도 없는지 재수없으면 연 타로 물리는 경우 도 있다 . 원래 원작 의 방향 이 생존 공포 게임 이었다는 걸 감안 해도 너무 저 지력 이 약하다 . 반대 로 일반 몹 들 의 공격 판정 은 좀 너무 널널 한 거 같다 . 다만 제작 진의 고충 을 생각 해보자면 이해 못 할 정도,2019-01-28 10:40:02
883710,Resident Evil 2,positive,뛰어난 그래픽과 수십년간 공포게임을 만든 노하우답게 유저가 어떤부분을 두려워하는지 잘 알고 있음. 긴장감으로 연속되는 스토리 안에 약간의 액션만 더 있었으면 완벽했을듯.,뛰어난 그래픽 과 수 십년 간 공포 게임 을 만든 노하우 답 게 유저 가 어떤 부분 을 두려워하는지 잘 알 고 있음 . 긴장감 으로 연속 되는 스토리 안 에 약간 의 액션 만 더 있었으면 완벽했을듯 .,2019-01-28 10:35:19
883710,Resident Evil 2,positive,초심으로 돌아간 바이오하자드. 아쉬운점은 있지만 그래도 좋다. 3도 코드-베로니카도 리메이크되면 좋겠습니다.,초심 으로 돌아간 바이오하자드 . 아쉬운 점 은 있지만 그래도 좋다 . 3 도 코드 - 베로니카 도 리메이크 되면 좋겠습니다 .,2019-01-28 10:18:57
883710,Resident Evil 2,positive,졸잼,졸잼,2019-01-28 09:37:24
883710,Resident Evil 2,positive,긴장감 있고 타일런트때매 압박감은 받았지만 진짜 겜 잘만든듯 바하2그대로 가져와서 더더욱 재미있었던듯,긴장감 있고 타 일 런트 때매 압박 감은 받았지만 진짜 겜 잘 만든듯 바하 2 그대로 가져와서 더 더욱 재미있었던듯,2019-01-28 09:13:48
883710,Resident Evil 2,positive,아니... 이건.. 그냥 사야돼요. 여태까지 해왔던 게임중에 제일 재밌다고 해도 과언이 아님. 그냥 진짜.. 미쳤음.. 타일런트는 끝까지 추격하는데 압박감 장난아님. 어떻게 이런 미친 갓겜을 만들었지?... 이거 장담컨대 2019년 올해의 게임임. 아니면 손자른다. ... 캡콤 대단하네요. 이거 두번째 시나리오 플레이하기 전에 쓴거임. 첫번째까지는 갓겜 맞음. 근데 두번째 시나리오 할때 첫번째랑 거의 완전히 똑같음. 보스도 똑같고 등장하는 장소도 똑같고 퍼즐 패턴도 똑같고. 원작에서는 각각 다른 보스를 상대했는데 그걸 다 삭제해,아니 ... 이건 .. 그냥 사야 돼요 . 여태 까지 해왔던 게임 중 에 제일 재밌다고 해도 과언 이 아님 . 그냥 진짜 .. 미쳤음 .. 타 일 런 트는 끝 까지 추격 하는데 압박 감 장난 아님 . 어떻게 이런 미친 갓 겜 을 만들었지 ?... 이 거 장담 컨 대 2019년 올해 의 게임 임 . 아니면 손 자른다 . ... 캡콤 대단하네요 . 이 거 두번째 시나리오 플레이 하기 전 에 쓴거 임 . 첫 번째 까지는 갓 겜 맞음 . 근데 두번째 시나리오 할 때 첫 번째 랑 거의 완전히 똑같음 . 보스 도 똑같고 등장 하는 장소 도 똑같고 퍼즐 패턴 도 똑같고 . 원작 에서는 각각 다른 보스 를 상대 했는데 그걸 다 삭제 해,2019-01-28 07:49:35
883710,Resident Evil 2,positive,"올드팬, 신규팬 다 만족할만 제품","올드팬 , 신규 팬 다 만족할만 제품",2019-01-28 05:28:55
883710,Resident Evil 2,positive,주말 도둑,주말 도둑,2019-01-28 05:05:26
883710,Resident Evil 2,positive,"캡콤이 드디어 정신을 차렸다. 바이오하자드7에서 호러로 회귀를 했다길래 기대 잔뜩 했다가 배신당한게 벌써 1년 전이다. 조작감은 답답하고 불편, 그래픽은 사진으로 볼 때만 좋아보이는 쓰레기였고 심지어 무섭지도 않았다. 환불 못할만큼만 플레이하고서 욕만 했었는데, 바하2는 그런 모습에서 완전히 탈피한 갓겜으로 돌아왔다. 부드러우면서도 묵직한 촥촥 감기는 조작감. 숨통을 조일듯 말듯 알맞게 완급을 주는 레벨디자인과 탄약 지급, 호러는 잘 모르겠지만 서바이벌 슈팅 겜으로서는 갓겜중 갓겜이라 봐도 될 것 같다. 다른건 몰라도 조작감 하","캡콤 이 드디어 정신 을 차렸다 . 바이오하자드 7 에서 호러 로 회귀 를 했다길래 기대 잔뜩 했다가 배신 당한 게 벌써 1년 전이 다 . 조작 감은 답답하고 불편 , 그래픽 은 사진 으로 볼 때 만 좋아 보이는 쓰레기 였고 심지어 무섭지도 않았다 . 환불 못 할만큼만 플레이 하고서 욕 만 했었는데 , 바하 2 는 그런 모습 에서 완전히 탈피 한 갓 겜 으로 돌아왔다 . 부드러우면서도 묵직한 촥촥 감기 는 조작 감 . 숨통 을 조일듯 말듯 알맞게 완급 을 주는 레벨 디자인 과 탄약 지급 , 호러 는 잘 모르겠지만 서바이벌 슈팅 겜 으로서는 갓 겜 중 갓 겜 이라 봐도 될 것 같다 . 다른건 몰라도 조작 감 하",2019-01-28 04:56:01
883710,Resident Evil 2,positive,"바이오하자드2 리메이크입니다. 원작의 게임성을 현대 게이머들에게 어필하기 위한 고민이 느껴집니다. 좁은 공간과 제한된 탄약, 좀비의 높은 방어력, 매우 좁은 헤드판정 등이 어우러져서 클래식 좀비의 무서움을 잘 어필했다고 생각합니다. 하지만 다회차 플레이를 위해 본디 가벼웠던 원작의 볼륨에 좀 더 다이어트를 가했습니다. 게임성은 나무랄 곳이 없다고 생각하지만 회차당 짧은 플레이타임이 발목을 잡았는지 인물 묘사와 스토리의 개연성이 원작에 비해 많이 부실해졌습니다. 전투적인 측면은 원작 이상이라고 생각하지만 -바이오하자드 시리즈의","바이오하자드 2 리메이크 입니다 . 원작 의 게임 성 을 현대 게이머 들 에게 어필 하기 위 한 고민 이 느껴집니다 . 좁은 공간 과 제한 된 탄약 , 좀비 의 높은 방어 력 , 매우 좁은 헤드 판정 등 이 어우러져서 클래식 좀비 의 무서움 을 잘 어필 했다고 생각 합니다 . 하지만 다 회차 플레이 를 위해 본디 가벼웠던 원작 의 볼륨 에 좀 더 다이어트 를 가했습니다 . 게임 성은 나무랄 곳 이 없다고 생각 하지만 회 차당 짧은 플레이 타임 이 발목 을 잡았는지 인물 묘사 와 스토리 의 개연 성 이 원작 에 비해 많이 부실해졌습니다 . 전투 적 인 측면 은 원작 이상 이라고 생각 하지만 - 바이오하자드 시리즈 의",2019-01-28 04:55:18
883710,Resident Evil 2,positive,갓겜 이걸 발판으로 3와 코드베로니카까지 가자,갓 겜 이 걸 발판 으로 3 와 코드 베로니카 까지 가자,2019-01-28 04:31:03
883710,Resident Evil 2,positive,[h1]정말 재밌다. 그저 끝내준다..![/h1] 고전 레지던트 이블 2 를 리메이크 한 것을 떠나서 새로운 독자적인 게임을 만들어 냈다해도 과언이 아닐 정도로 완성도가 뛰어납니다! 지금까지 여럿 호러 액션 게임들을 접해왔지만 그런 게임들이 지향한 완성형이라 불려도 손색이 없다고 볼 정도 말이죠. 별로 길게 말할 거 없이 기존 시리즈의 팬을 떠나서 최고의 게임입니다.,[ h 1 ] 정말 재밌다 . 그저 끝내준다 ..![/ h 1 ] 고전 레지던트 이블 2 를 리메이크 한 것 을 떠나서 새로운 독자 적 인 게임 을 만들어 냈 다해 도 과언 이 아닐 정도 로 완성 도 가 뛰어납니다 ! 지금 까지 여럿 호러 액션 게임 들 을 접 해왔지만 그런 게임 들 이 지향 한 완성형 이라 불려도 손색 이 없다고 볼 정도 말 이 죠 . 별로 길게 말 할 거 없이 기존 시리즈 의 팬 을 떠나서 최고 의 게임 입니다 .,2019-01-28 04:07:08
883710,Resident Evil 2,positive,이번작은 확실히 잘 만들엇고. 1차도전(케네디) 클리어 후 2차도전(크로포드) 중인데 긴장감과 몰입감 ㅉ네 프레임 안정적 최적화 잘 됨 만족,이 번작 은 확실히 잘 만들 엇 고 . 1 차도전 ( 케네디 ) 클리어 후 2 차도전 ( 크로 포드 ) 중 인데 긴장감 과 몰입 감 ㅉ 네 프레임 안정 적 최적화 잘 됨 만족,2019-01-28 03:33:54
883710,Resident Evil 2,positive,타일런트 씹장생때문에 쫌 스트레스 받는것 말곤 대체로 만족스럽네요. 다만 원작에선 레온이랑 클레이의 접점이 꽤 있었는데 이번작에선 거의 다 삭제되서 아쉬움...,타일 런트 씹 장생 때문 에 쫌 스트레스 받는것 말곤 대체로 만족스럽네요 . 다만 원작 에선 레온 이랑 클레이 의 접점 이 꽤 있었는데 이 번작 에선 거의 다 삭제 되서 아쉬움 ...,2019-01-28 03:18:57
883710,Resident Evil 2,positive,극 초반 버그.. 시발.. ㄹㅇ 경찰서 들어가자말자 RPD 컴퓨터 만지는데 계속 버그..,극 초반 버그 .. 시발 .. ㄹㅇ 경찰서 들어가자말자 RPD 컴퓨터 만지는데 계속 버그 ..,2019-01-28 03:08:33
883710,Resident Evil 2,positive,처음 4시간 가까이 플레이 해본 느낌은 한마디로 갓겜이네요! 공포와 액션이 절묘하게 어우러져서 몰입감이 장난아니네요 돈이 전혀 안 아깝습니다,처음 4시간 가까이 플레이 해본 느낌 은 한마디 로 갓 겜 이네 요 ! 공포 와 액션 이 절묘하게 어우러져서 몰입 감 이 장난 아니네요 돈 이 전혀 안 아깝습니다,2019-01-28 02:54:11
883710,Resident Evil 2,positive,명불허전,명불허전,2019-01-28 02:41:47
883710,Resident Evil 2,positive,주말 순삭함 거의 복면가왕 조항조급,주말 순삭 함 거의 복면 가 왕 조항조 급,2019-01-28 01:40:44
883710,Resident Evil 2,positive,오리지널 2를 깬 사람으로써 으어 이것도 쉬을까 하면서 노멀 도전했다가 멘붕과 공포가 도사리네요.ㅜㅜㅜ 왜이리 무섭나요?ㅜㅜㅜ 아직도 경찰서를 못벗어나서 죽겠는데.ㅜㅜㅜㅜ 근데 너무 잘만들어서 좋네요! 처음 오리지널2를 플레이할때의 공포감을 상기시켜주는군요!,오 리지 널 2 를 깬 사람 으로써 으어 이 것 도 쉬을까 하면서 노멀 도전 했다가 멘붕 과 공포 가 도 사리네요 . ㅜㅜㅜ 왜 이리 무섭나요 ? ㅜㅜㅜ 아직도 경찰서 를 못 벗어나서 죽겠는데 . ㅜㅜㅜㅜ 근데 너무 잘 만들어서 좋네요 ! 처음 오 리지 널 2 를 플레이 할 때 의 공포 감 을 상기 시켜주는군요 !,2019-01-28 01:18:55
883710,Resident Evil 2,positive,"[h1][b][ ★★★★☆ ][/b][/h1] ▶ [b] 캡콤, 비장의 연타석 홈런, 산으로 가고있던 대형 프랜차이즈를 기반부터 다시 다지려는 것일까?[/b] [h1][b] 〃고전 시리즈의 분위기를 유지한 채, 현 세대 게임으로 탈바꿈〃 [/b][/h1] ▶ [b] 실망스러웠던 최근 프랜차이즈 작들 [/b] · 레벨레이션 시리즈와 정규 시리즈였던 7을 제외하고서는 고전 시리즈부터 차곡차곡 쌓아왔던 세계관을 억지스럽게 풀어나가려는 실망스러운 모습이었기에 해당 작품에 기대를 하기가 사실 많이 어려웠던 것은 사실이었습니다, 하지만","[ h 1 ][ b ][ ★★★★☆ ][/ b ][/ h 1 ] ▶ [ b ] 캡콤 , 비장 의 연 타석 홈런 , 산 으로 가고있던 대형 프랜차이즈 를 기반 부터 다시 다지려는 것 일까 ?[/ b ] [ h 1 ][ b ] 〃 고전 시리즈 의 분위기 를 유지 한 채 , 현 세대 게임 으로 탈바꿈 〃 [/ b ][/ h 1 ] ▶ [ b ] 실망 스러웠던 최근 프랜차이즈 작 들 [/ b ] · 레벨 레이 션 시리즈 와 정규 시리즈 였던 7 을 제외 하고 서는 고전 시리즈 부터 차곡차곡 쌓아 왔던 세계관 을 억지 스럽게 풀어나가려는 실망 스러운 모습 이었기에 해당 작품 에 기대 를 하기가 사실 많이 어려웠던 것 은 사실이었습니다 , 하지만",2019-01-28 01:08:49
883710,Resident Evil 2,positive,아... 그냥저냥 마냥 좋습니다. 향수병이래도 좋고 꼰대라 해도 좋습니다. 덕분에 당분간 칼퇴하고 즐길 거리가 생겨 좋고 추억을 더불어 꼽십을 수 있어 좋습니다. 최적화도 너무 잘되어있어 똥컴에서도 웃으며 즐기고 있습니다. 고민하지 마시고 같이 라쿤시티로 진입하시죠!,아 ... 그냥 저 냥 마냥 좋습니다 . 향수병 이래도 좋고 꼰대 라 해도 좋습니다 . 덕분 에 당분간 칼퇴 하고 즐길 거리 가 생겨 좋고 추억 을 더불어 꼽십 을 수 있어 좋습니다 . 최적화 도 너무 잘 되어있어 똥컴 에서도 웃으며 즐기고 있습니다 . 고민 하지 마시고 같이 라쿤시티 로 진입 하시죠 !,2019-01-28 00:27:12
883710,Resident Evil 2,positive,2019 1/27일 오후11시 10분 4번쨰 생존자까지 꺤 소감 2를 예전에해서 잘 기억안나서 리커만날떄도 헌터라고하니 알아서 필터링해서 보시길 7 안해봄 돈없어서 시나리오 A 레온 ( 일반모드) 방탕하던 레온이 그냥 평범하게 발령받고 가는걸로 흑역사가 삭제돼어버렸다는 리메이크 시나리오에서는 정의감 넘치고 착한 경찰로 나옵니다 무력감이 엄청 느껴지는 시나리오 시나리오 B 클레어 (쉬움모드) 레온을 하고 열리기떄문에 경찰서에서 퍼즐푸는 시간 단축과 짧게 느껴지지만 A랑 분량은 똑같음 하지만 B는 상당히 싸우는게,2019 1/27일 오후 11시 10분 4 번쨰 생존자 까지 꺤 소감 2 를 예전 에 해서 잘 기 억 안나 서 리커만날떄 도 헌터 라고 하니 알아서 필터 링 해서 보시길 7 안 해봄 돈 없어서 시나리오 A 레온 ( 일반 모드 ) 방탕하던 레온 이 그냥 평범하게 발령 받고 가 는걸 로 흑역사 가 삭제 돼어 버렸다는 리메이크 시나리오 에서는 정의감 넘치고 착한 경찰 로 나옵니다 무력감 이 엄청 느껴지는 시나리오 시나리오 B 클레어 ( 쉬움 모드 ) 레온 을 하고 열 리기 떄문 에 경찰서 에서 퍼즐 푸는 시간 단축 과 짧게 느껴지지만 A 랑 분량 은 똑같음 하지만 B 는 상당히 싸우는게,2019-01-28 00:24:26
883710,Resident Evil 2,positive,3회차 달리고 소감적습니다. 원작은 해본적이 없어서 잘 모르지만 스토리만놓고 보면 너무 아쉬울 따름입니다. 에이다랑 레온이 케이블카 타고 내려갈 때 '그 것'을 하는것을 보며 도대체 왜? 라는 생각밖에는 들지 않았습니다. 그 정도로 감정의 교류를 겪었던가? 라는 생각이 들며 벙찔 정도였습니다. 레온과 클레어의 스토리나 감정선 같은 경우도 이해가 되질 않는 부분이였습니다. 이 둘은 그저 사건이 발생된 라쿤시티로 각각 일련의 목적을 가지고 한 차를 타고온 '카풀 동료' 정도의 사이인데 본 작에서는 마치 한바탕 전쟁을 치룬 병사들의,3회 차 달리 고 소감 적습니다 . 원작 은 해 본적 이 없어서 잘 모르지만 스토리 만 놓고 보면 너무 아쉬울 따름 입니다 . 에이 다 랑 레온 이 케이블카 타고 내려갈 때 ' 그 것 ' 을 하는것을 보며 도대체 왜 ? 라는 생각 밖에는 들지 않았습니다 . 그 정도 로 감정 의 교류 를 겪었던가 ? 라는 생각 이 들며 벙찔 정도 였습니다 . 레온 과 클레어 의 스토리 나 감 정선 같은 경우 도 이해 가 되질 않는 부분 이 였습니다 . 이 둘 은 그저 사건 이 발생 된 라쿤시티 로 각각 일련 의 목적 을 가지 고 한 차 를 타 고온 ' 카풀 동료 ' 정도 의 사이 인데 본 작 에서는 마치 한바탕 전쟁 을 치룬 병사 들 의,2019-01-28 00:12:22
883710,Resident Evil 2,positive,압도적으로 긍정적,압도 적 으로 긍정 적,2019-01-28 00:04:54
883710,Resident Evil 2,positive,"이건 뭐 리메이크가 아니라 거의 패러럴 월드수준으로 새롭게 만들어놨네... 액션, 연출, 하다못해 맵이랑 아이템까지 새롭게 만들어놓는 바람에 새 최신 게임을 즐기는 기분. 최근의 행보를 보면 도저히 몇 년 전의 와인 장사 시절의 캡콤이라고 믿기지 않는다. 지금 반응이나 판매량 수를 보면 3편이 제작되는 건 당연한 이야기겠고 개인적으로 다시 만들 4가 무지 기대된다...","이건 뭐 리메이크 가 아니라 거의 패러럴 월드 수준 으로 새롭게 만들어놨네 ... 액션 , 연출 , 하다못해 맵 이랑 아이템 까지 새롭게 만들어놓는 바람 에 새 최신 게임 을 즐기는 기분 . 최근 의 행보 를 보면 도저히 몇 년 전의 와인 장사 시절 의 캡콤 이라고 믿기지 않는다 . 지금 반응 이나 판매량 수 를 보면 3 편이 제작 되는 건 당연한 이야기 겠고 개인 적 으로 다시 만들 4 가 무지 기대 된다 ...",2019-01-27 23:43:53
883710,Resident Evil 2,positive,"사운드가 분위기를 제대로 완성시켜준다. 호러액션으로 매우 완벽하다. 적절히 주어지는 자원들이 있지만, 좀비들이 많이 강하기 때문에 남는 자원을 생각하며 싸워야 할지 도망가야할지 생각하게 되고, 친절한 맵 시스템덕에 자주 지도를 펼쳐보며 지나친것이 없나 확인해보기도 하고, 타이런트에게 쫒기며 도주루트도 생각해보고... 정말로 즐겁게 플레이했다.","사운드 가 분위기 를 제대로 완성 시 켜준다 . 호러 액션 으로 매우 완벽하다 . 적절히 주어지는 자원 들 이 있지만 , 좀비 들 이 많이 강하기 때문 에 남는 자원 을 생각 하며 싸워야 할지 도망가야 할지 생각 하게 되고 , 친절한 맵 시스템 덕 에 자주 지도 를 펼쳐 보며 지나친것이 없나 확인 해보기도 하고 , 타 이런 트 에게 쫒기며 도주 루트 도 생각 해보고 ... 정말로 즐겁게 플레이 했다 .",2019-01-27 23:32:21
883710,Resident Evil 2,positive,'클래식'만의 특징들을 잘 보여준 올바른 리메이크 하지만 특징으로 인해 입문이 어려울지도,' 클래식 ' 만의 특징 들 을 잘 보여준 올바른 리메이크 하지만 특징 으로 인해 입문 이 어려울지도,2019-01-27 23:28:11
883710,Resident Evil 2,positive,4부터 접했던 본인 5를 참 재미있게 했고 6는 그저 그렇게 했고 7은 그냥 영상으로만 봤었지만 이번 판은 안살 수가 없었당 그래서 지르고 게임을 시작했는데 간접적으로나마 과거의 게임은 이렇게 돌아갔구나 싶었다 4부터 액션지향성 게임이 되버린걸 비난 하는 골수팬들이 있었지만 나는 4부터 접해서 그런거 잘 모르겠다 역시나 어렵고 잣같고 머리를 써야하는 게임이었다. 뭐랄까 현재 나오는 게임들은 굳이 정석의 길로 안가도 편하게 우회할 수 있는 방법이 많지만 이번건 그런건 없었당 ㅠㅠ 존나 어렵고 깜짝깜짝 놀라면서 사타구니가 경련을 일으,4 부터 접 했던 본인 5 를 참 재미있게 했고 6 는 그저 그렇게 했고 7 은 그냥 영상 으로만 봤었지만 이번 판 은 안 살 수가 없었당 그래서 지르고 게임 을 시작 했는데 간접 적 으로나 마 과거 의 게임 은 이렇게 돌아갔구나 싶었다 4 부터 액션 지향성 게임 이 되 버린 걸 비난 하는 골수팬 들 이 있었지만 나 는 4 부터 접 해서 그런거 잘 모르겠다 역시 나 어렵고 잣 같고 머리 를 써야하는 게임 이었다 . 뭐랄까 현재 나오는 게임 들 은 굳이 정석 의 길 로 안 가도 편하게 우회 할 수 있는 방법 이 많지만 이번 건 그런건 없었당 ㅠㅠ 존나 어렵고 깜짝깜짝 놀라면서 사타구니 가 경련 을 일으,2019-01-27 23:27:26
883710,Resident Evil 2,positive,"필자는 좀비물을 매우 좋아한다. 그리고 쫄보다. 다잉라이트, 레포데 등등 좀비 겜들을 모두 해봤지만 이 게임들의 공통점이있다. 바로 위 게임들은 '무쌍' 이 가능하다. 그래서 초반에는 좀 무섭지 후반되면 무표정으로 썰고있다. 하지만 바이오하자드 RE:2는 그딴건 없다. 그냥 좀비 총알로 경직 시키고 튀어야된다. 그래서 필자는 매우 무서웠다. 좀비도 무섭지만 (특히 '릭커' 가 너무 무서웠다.) 총알이 없다는 압박감이 더 무서웠다. 그래서 이 게임을 살까? 고민을 많이 했고 쫄보인 필자는 결국 '트레이너' 의 힘을 빌리고 말","필자 는 좀비 물 을 매우 좋아한다 . 그리고 쫄보 다 . 다잉 라이트 , 레포데 등등 좀비 겜 들 을 모두 해봤지만 이 게임 들 의 공통점 이 있다 . 바로 위 게임 들 은 ' 무쌍 ' 이 가능하다 . 그래서 초반 에는 좀 무섭지 후반 되면 무표정 으로 썰고있다 . 하지만 바이오하자드 RE : 2 는 그딴 건 없다 . 그냥 좀비 총알 로 경직 시키고 튀어 야 된다 . 그래서 필자 는 매우 무서웠다 . 좀비 도 무섭지만 ( 특히 ' 릭커 ' 가 너무 무서웠다 .) 총알 이 없다는 압박 감 이 더 무서웠다 . 그래서 이 게임 을 살까 ? 고민 을 많이 했고 쫄보 인 필자 는 결국 ' 트레이너 ' 의 힘 을 빌리고 말",2019-01-27 23:00:43
883710,Resident Evil 2,positive,재밌어요. 무서워서 천천히 진행하고 있습니다,재밌어요 . 무서워서 천천히 진행 하고 있습니다,2019-01-27 22:58:37
883710,Resident Evil 2,positive,무섭자너 ㄷㄷ ㅗㅜㅑ...,무섭자 너 ㄷㄷ ㅗㅜㅑ ...,2019-01-27 22:54:47
883710,Resident Evil 2,positive,"PS1 시절 CD 2장으로 나왔던 구작(1998)의 팬에게는 축복 그 자체인 리메이크. 또한 환골탈태한 그래픽, 게임성으로 신규 유저에게도 강렬할 작품입니다. 3, 베로니카도 리메이크 해주세요.","PS 1 시절 CD 2 장 으로 나왔던 구 작 ( 1998 ) 의 팬 에게는 축복 그 자체 인 리메이크 . 또한 환골탈태 한 그래픽 , 게임 성 으로 신규 유저 에게도 강렬할 작품 입니다 . 3 , 베로니카 도 리메이크 해주세요 .",2019-01-27 22:53:04
883710,Resident Evil 2,positive,지르시면 후회는 없습니다...!!!,지르시면 후회 는 없습니다 ...!!!,2019-01-27 22:39:18
883710,Resident Evil 2,positive,명작,명작,2019-01-27 22:36:44
883710,Resident Evil 2,positive,[h1] DOPE [/h1],[ h 1 ] DOPE [/ h 1 ],2019-01-27 22:34:18
883710,Resident Evil 2,positive,갓 겜,갓 겜,2019-01-27 22:30:39
883710,Resident Evil 2,positive,리메이크의 좋은 본보기 현대에맞게 매우 잘만듬,리메이크 의 좋은 본보기 현대 에 맞게 매우 잘만 듬,2019-01-27 22:09:47
883710,Resident Evil 2,positive,아씨;; 깜놀 구간이 왤케 많아;; 그래도 재미있게 즐기시려면 영상이나 방송 보지 마시고 플레이 하시길!!,아씨 ;; 깜놀 구간 이 왤케 많아 ;; 그래도 재미있게 즐기시려면 영상 이나 방송 보지 마시고 플레이 하시길 !!,2019-01-27 21:49:09
883710,Resident Evil 2,positive,초반 스토리 레온이랑 클레어랑 똑같이 진행하게 해놨네...말이 되냐 ㅋㅋ 레온이 문잠그고 들어간 경찰서 클레어도 똑같이 들어가네...평행이론이야 뭐야;,초반 스토리 레온 이랑 클레어 랑 똑같이 진행 하게 해놨네 ... 말 이 되냐 ㅋㅋ 레온 이 문 잠그고 들어간 경찰서 클레어 도 똑같이 들어가네 ... 평행이론 이야 뭐 야 ;,2019-01-27 21:45:24
883710,Resident Evil 2,positive,"AAA급 방 탈출 게임. AAA급 팩맨. 비하의 의미가 아닌, 고전적인 감성과 방식을 멋드러지게 잘 구현한 호러 대작 게임.","AAA 급 방 탈출 게임 . AAA 급 팩맨 . 비 하의 의미 가 아닌 , 고 전적 인 감성 과 방식 을 멋 드러지게 잘 구현 한 호러 대작 게임 .",2019-01-27 21:38:03
883710,Resident Evil 2,positive,"이건 해야 무조건 해야함. 하드코어 S+와 헝크, 두부 스피드런을 즐기는 사람이라면 무조건 해야하는 게임.","이건 해야 무조건 해야 함 . 하드코어 S + 와 헝크 , 두부 스피드 런 을 즐기는 사람 이 라면 무조건 해야하는 게임 .",2019-01-27 21:32:34
883710,Resident Evil 2,positive,갓겜 입니다. 무서운데 재밌어요.,갓 겜 입니다 . 무서운데 재밌어요 .,2019-01-27 21:08:00
883710,Resident Evil 2,positive,지금까지 해보았던 공포게임 중에 가장 재밌게 플레이했던 겜이다. 정말 좋은 그래픽에 최적화도 상당히 잘 되어있고 어려운 난이도+적은 인벤토리 칸+ (머리를 몇방이나 쏴대도 죽지 않는) 극강의 좀비+ (ㅈ같은 타일런트) 덕에 플레이하는 내내 긴장감을 놓지 않을 수 없었다. 가격 값을 제대로 하는 호러게임이다.,지금 까지 해보았던 공포 게임 중 에 가장 재밌게 플레이 했던 겜 이다 . 정말 좋은 그래픽 에 최적화 도 상당히 잘 되어있고 어려운 난이도 + 적은 인벤 토리 칸 + ( 머리 를 몇 방이 나 쏴 대도 죽지 않는 ) 극 강의 좀비 + ( ㅈ 같은 타일 런트 ) 덕 에 플레이 하는 내내 긴장감 을 놓지 않을 수 없었다 . 가격 값 을 제대로 하는 호러 게임 이다 .,2019-01-27 20:37:53
883710,Resident Evil 2,positive,"바하7 을 다음으로 예전의 영광을 다시 찾게해준 게임, 명작이라고 생각합니다... dlc만 빼면요","바하 7 을 다음 으로 예전 의 영광 을 다시 찾게 해준 게임 , 명작 이라고 생각 합니다 ... dlc 만 빼면요",2019-01-27 20:27:04
883710,Resident Evil 2,positive,좀비 상대하기 귀찮다,좀비 상대 하기 귀찮다,2019-01-27 20:25:00
883710,Resident Evil 2,positive,저는 바하2를 최애작으로 생각하는 유저입니다. 그런데 바하2 리메이크? 일단 바로 샀구요. 바하2를 많이 해보셨던 분들도 아이템 배치라던가 맵이 조금씩 달라져서 다시하는데는 문제가 없으실겁니다. 그리고! 절대 1회차에 하드코어하지마세요.. 하다가 꺼버림; 길알고 배치좀 아신후에 하셔야할겁니다 전체 S를 목표로 달리자!,저 는 바하 2 를 최애 작 으로 생각 하는 유저 입니다 . 그런데 바하 2 리메이크 ? 일단 바로 샀구요 . 바하 2 를 많이 해보셨던 분 들 도 아이템 배치 라던가 맵 이 조금씩 달라져서 다시하는데는 문제 가 없으실 겁니다 . 그리고 ! 절대 1회 차에 하드코어 하지 마세요 .. 하다가 꺼 버림 ; 길알 고 배치 좀 아신 후 에 하셔 야할 겁니다 전체 S 를 목표 로 달리자 !,2019-01-27 19:51:52
883710,Resident Evil 2,positive,사세요,사세요,2019-01-27 18:43:51
883710,Resident Evil 2,positive,오리지날이 더 재밌음,오리 지날이 더 재밌음,2019-01-27 18:43:40
883710,Resident Evil 2,positive,게임이 너무 무서워서 환불합니다,게임 이 너무 무서워서 환불 합니다,2019-01-27 18:27:07
883710,Resident Evil 2,positive,어려운 퍼즐과 매우 부족한 인벤토리 칸만 빼면 매우 재미있고 긴장감이 엄청난 수작인것 같다.,어려운 퍼즐 과 매우 부족한 인벤 토리 칸 만 빼면 매우 재미있고 긴장감 이 엄청난 수작 인 것 같다 .,2019-01-27 18:24:54
883710,Resident Evil 2,positive,난 환불한후 세일할떼 사야지...후욱후욱...,난 환불 한 후 세 일 할 떼 사야지 ... 후욱후욱 ...,2019-01-27 18:01:41
883710,Resident Evil 2,positive,훌륭한 완성도와 98년도 감성을 느낄 수 있던 게임성 오랜만에 이런류의 게임을 다시 즐기게되어서 기쁩니다 감사합니다,훌륭한 완성 도 와 98년 도 감성 을 느낄 수 있던 게임 성 오랜 만 에 이런 류 의 게임 을 다시 즐기게 되어서 기쁩니다 감사합니다,2019-01-27 17:53:18
883710,Resident Evil 2,positive,울트라초갓겜,울트라 초 갓 겜,2019-01-27 17:14:05
883710,Resident Evil 2,positive,아주꿀잼꼭해보시길,아주 꿀잼꼭 해보시길,2019-01-27 17:03:06
883710,Resident Evil 2,positive,꽤 잘만든 리메이크입니다만 원작에 비해 부족한 부분도 상당합니다. 레온과 클레어 루트가 서로 유기적이지 못하고 따로따로에 맵도 복붙이라 한쪽 루트를 하고 나서 다른 루트 하다보면 좀 실망스럽더군요. 아쉽습니다.,꽤 잘만 든 리메이크 입니다만 원작 에 비해 부족한 부분 도 상당합니다 . 레온 과 클레어 루트 가 서로 유기 적 이지 못 하고 따로따로 에 맵 도 복 붙이 라 한쪽 루트 를 하고 나서 다른 루트 하다 보면 좀 실망 스럽더군요 . 아쉽습니다 .,2019-01-27 17:00:38
883710,Resident Evil 2,positive,D,D,2019-01-27 16:40:46
883710,Resident Evil 2,positive,이대로만 가자 캡콤,이대 로만 가자 캡콤,2019-01-27 16:36:12
883710,Resident Evil 2,positive,갓갓갓 게임 진짜 어릴적 플레이했을때보다 훨씬더 재미있게 나온것같아 행복합니다 ^^,갓 갓 갓 게임 진짜 어릴 적 플레이 했을 때 보다 훨씬 더 재미있게 나온것 같아 행복합니다 ^^,2019-01-27 16:19:20
883710,Resident Evil 2,positive,5252~! 갓콤! 믿고있었다구~ 젠장!!,5252 ~! 갓 콤 ! 믿고있었다구 ~ 젠장 !!,2019-01-27 15:56:29
883710,Resident Evil 2,positive,총알 부족해서 뛰어다니다가 죽기 쉽상. 뛸 때는 항상 다이아몬드 스텝으로. - 뛰는 것도 재능이다 편 -,총알 부족해서 뛰어다니다가 죽기 쉽 상 . 뛸 때 는 항상 다이아몬드 스텝 으로 . - 뛰는 것 도 재능 이다 편 -,2019-01-27 15:51:44
883710,Resident Evil 2,positive,다 좋은데 볼륨이 약간 부족한게 아쉽.... 레온편 다깨고 지금 클레어편 하고 있는데 솔직히 스토리 기준으론 레온편 깨고 클레어편 하는게 맞는 것 같긴 한데 약간 같은 공간인데 아쉬운게 레온이 다깼던 공간을 다시 깨야하는 번거로움 그거 빼곤 그래픽이랑 나머지는 다 괜춘...쫄보라 지원으로 처음하다가 클레어 편은 걍 일반했는데 개어려움.... 하드코어는 할 수 있을지 모르겠다ㅋㅋㅋ,다 좋은데 볼륨 이 약간 부족한게 아쉽 .... 레온 편 다 깨고 지금 클레어 편 하고 있는데 솔직히 스토리 기준 으론 레온 편 깨고 클레어 편 하는게 맞는 것 같긴 한데 약간 같은 공간 인데 아쉬운게 레온 이 다 깼던 공간 을 다시 깨야하는 번거로 움 그거 빼곤 그래픽 이랑 나머지 는 다 괜춘 ... 쫄보 라 지원 으로 처음 하다가 클레어 편 은 걍 일반 했는데 개 어려움 .... 하드코어 는 할 수 있을지 모르겠다 ㅋㅋㅋ,2019-01-27 15:50:30
883710,Resident Evil 2,positive,개인적으로 기대를 많이한 작품. 초반플레이때에는 기본 바하2의 암걸리는 총알드랍률의 부활과 인벤토리의 답답함을 그대로 가져와서 추억감을 느꼇고 후반부 윌리엄G를 정말 표현을 잘해놔서 마음에 들었습니다. 따봉,개인 적 으로 기대 를 많이 한 작품 . 초반 플레이 때 에는 기본 바하 2 의 암 걸리는 총알드랍률 의 부활 과 인벤 토리 의 답답함을 그대로 가져와서 추억 감 을 느꼇 고 후반 부 윌리엄 G 를 정말 표현 을 잘 해 놔서 마음 에 들었습니다 . 따 봉,2019-01-27 15:49:27
883710,Resident Evil 2,positive,16시간만에 대망의 엔딩을 봤음 간략하게 장단점 적어봄 - 장점 RE엔진으로 월등히 좋아진 그래픽 입문자들에게도 어렵지않을 난이도 어드벤처 게임으로써 충분히 재미난 퍼즐요소 바이오하자드 2 + 4 + 7 을 적절히 조합한 게임성 - 단점 새롭게 추가 및 수정된 설정으로 인해 개연성이 떡락해버린 스토리 재핑시스템 삭제로 원작에서 느껴졌던 동시간대 느낌 부재 패드 유저는 키 설정이 불가 - 결론 사실상 리메이크라기보다 원작의 IP를 빌려온 새로운 게임 (마치 영화 '베놈') 그러나 간만에 재밌게 한 게임이라고 생각이 됨 추가로,16시간 만에 대망 의 엔딩 을 봤음 간략하게 장단점 적어 봄 - 장점 RE 엔진 으로 월등히 좋아진 그래픽 입 문자 들 에게도 어렵지 않을 난이도 어드벤처 게임 으로써 충분히 재미 난 퍼즐 요소 바이오하자드 2 + 4 + 7 을 적절히 조합 한 게임 성 - 단점 새롭게 추가 및 수정 된 설정 으로 인해 개연 성 이 떡락 해 버린 스토리 재핑 시스템 삭제 로 원작 에서 느껴졌던 동 시간대 느낌 부재 패드 유저 는 키 설정 이 불가 - 결론 사실 상 리메이크 라기 보다 원작 의 IP 를 빌려 온 새로운 게임 ( 마치 영화 ' 베놈 ') 그러나 간만 에 재밌게 한 게임 이라고 생각 이 됨 추가 로,2019-01-27 15:39:18
883710,Resident Evil 2,positive,"그때 당시 명작이었던 게임을 리메이크 해서 갓겜으로 만들어 놨다. 원작의 재미요소를 더 발전시켜 계승하고, 쩌는 그래픽에다 최적화까지 어느하나 맘에 들지 않는 부분이 없다. 2019년 GOTY 한자리는 이미 확정인 듯. 게임 영상이나 스샷만 보고 공포 액션 게임으로 알고 산 애들은 뭥미라고할 수도 있겠다.","그때 당시 명작 이었던 게임 을 리메이크 해서 갓 겜 으로 만들어 놨다 . 원작 의 재미 요소 를 더 발전 시켜 계승 하고 , 쩌 는 그래픽 에다 최적화 까지 어느 하나 맘 에 들지 않는 부분 이 없다 . 2019년 GOTY 한자리 는 이미 확정 인 듯 . 게임 영상 이나 스샷 만 보고 공포 액션 게임 으로 알 고 산 애 들 은 뭥미 라고 할 수도 있겠다 .",2019-01-27 15:29:32
883710,Resident Evil 2,positive,클래식 바하의 전통 진화형. 3도 이렇게 리메이크되길 바랍니다.,클래식 바하 의 전통 진화 형 . 3 도 이렇게 리메이크 되길 바랍니다 .,2019-01-27 15:12:45
883710,Resident Evil 2,positive,한글지원 갓겜을 다리 리마스터한 갓갓겜 자신이 바하2를 공략집을 보며 옛날에 플레이 해봤던 사람이라면 지금 당장 질러라,한글 지원 갓 겜 을 다리 리 마스터 한 갓 갓 겜 자신 이 바하 2 를 공략 집 을 보며 옛날 에 플레이 해봤던 사람 이 라면 지금 당장 질러라,2019-01-27 15:09:43
883710,Resident Evil 2,positive,단점 두환형님이 너무 자주 따라옴 ㅅㅂ.. 맵을 겁나게 삥삥돈다 플타임에 비해 가격이 비쌈 장점 그외 모든거 그냥 졸라 잼있다 평가 볼시간에 사서 해라,단점 두 환형 님 이 너무 자주 따라옴 ㅅㅂ .. 맵 을 겁나게 삥삥돈 다 플 타임 에 비해 가격 이 비쌈 장점 그 외 모든 거 그냥 졸라 잼있다 평가 볼 시간 에 사서 해 라,2019-01-27 15:05:22
883710,Resident Evil 2,positive,저는 이거 안샀어요 근데 제 손이 샀네요 아직 안해봤는데 안봐도 비디오,저 는 이 거 안 샀어요 근데 제 손 이 샀네요 아직 안 해봤는데 안 봐도 비디오,2019-01-27 14:41:55
883710,Resident Evil 2,positive,진짜 공포는 하드코어 모드를 했을 때 찾아온다.,진짜 공포 는 하드코어 모드 를 했을 때 찾아온다 .,2019-01-27 14:39:19
883710,Resident Evil 2,positive,게임의 재미가 살아있다. 정말 오랜만에 즐겨보는 게임의 참맛.,게임 의 재미 가 살아있다 . 정말 오랜 만 에 즐겨 보는 게임 의 참 맛 .,2019-01-27 14:36:25
883710,Resident Evil 2,positive,"너무 무섭다 특히 ""그 새끼"" 따라올테부터 좆같이 무섭다 근데 재밋음","너무 무섭다 특히 "" 그 새끼 "" 따라올테부터 좆 같이 무섭다 근데 재밋음",2019-01-27 14:29:51
883710,Resident Evil 2,positive,"오리지날 게임이 띵작이였고 그 띵작을 올바르게 리메이크되어 2019년 갓띵작으로 다시 태어났다. 분명히 게임은 20년이라는 세월이 지나 그래픽, 사운드, 게임성 등 많은 발전이 있었는데 나의 게임실력은 그때나 지금이나 타일런트에 추격당해 You Are Dead라는 문구를 보는 쓰레기 실력은 한결 변함이 없다. 내 게임실력도 리메이크가 좀 되었으면 한다.","오리 지날 게임 이 띵작이였 고 그 띵작 을 올바르게 리메이크 되어 2019년 갓띵작 으로 다시 태어났다 . 분명히 게임 은 20년 이라는 세월 이 지나 그래픽 , 사운드 , 게임 성 등 많은 발전 이 있었는데 나 의 게임 실력 은 그때 나 지금 이나 타 일 런트 에 추격 당해 You Are Dead 라는 문구 를 보는 쓰레기 실력 은 한결 변함이 없다 . 내 게임 실력 도 리메이크 가 좀 되었으면 한다 .",2019-01-27 14:28:16
883710,Resident Evil 2,positive,갓겜인데 무서워서 못해먹겠네...ㅠㅠㅠㅠ,갓 겜 인데 무서워서 못 해 먹겠네 ... ㅠㅠㅠㅠ,2019-01-27 14:20:07
883710,Resident Evil 2,positive,"[장점] - 원작의 컨셉에 충실하며 요즘 게임에 맞게 추가되거나 변경 된 점. (안전하지 않은 경찰서 중앙 이라던가..) - 원작보다 더 강렬한 공포적 요소. 바이오하자드 7의 공포요소 (점프 스케어, 샤우팅, 더욱 고어한 연출 과 몬스터) 를 잘반영 - 구시대에 고정카메라 (1,2,3)을 탈피해서 액션성과 특정 몬스터에 대해 대응무기가 더 명확해 짐 바이오하자드4와 같은 느낌을 받음 - 원작을 잘 리메이크 했다고 생각하고 바이오하자드 4의 좋은점과 바이오하자드 7 의 좋은 점을 잘 융합시켰다고 생각이 듬 - 바이오하자드 시리증","[ 장점 ] - 원작 의 컨셉 에 충실하며 요즘 게임 에 맞게 추가 되거나 변경 된 점 . ( 안전하지 않은 경찰서 중앙 이 라던가 ..) - 원작 보다 더 강렬한 공포 적 요소 . 바이오하자드 7 의 공포 요소 ( 점프 스케 어 , 샤우팅 , 더욱 고어 한 연출 과 몬스터 ) 를 잘 반영 - 구시대 에 고정 카메라 ( 1 , 2 , 3 ) 을 탈피 해서 액션 성과 특정 몬스터 에 대해 대응 무기 가 더 명확해 짐 바이오하자드 4 와 같은 느낌 을 받음 - 원작 을 잘 리메이크 했다고 생각 하고 바이오하자드 4 의 좋은 점 과 바이오하자드 7 의 좋은 점 을 잘 융합 시켰다고 생각 이 듬 - 바이오하자드 시리 증",2019-01-27 14:12:56
883710,Resident Evil 2,positive,갓겜,갓 겜,2019-01-27 14:09:01
883710,Resident Evil 2,positive,50시간 재능충: 일반모드 보스들을 칼로 챌린지 and 스피드런 50시간 노력충: 하드코어 에서 뒤져서 현타옴 100시간 재능충: 하드코어 보스들을 쉽게 칼로만 클리어 100시간 노력충: 하드코어 칼로깨다 또 현타옴,50시간 재능 충 : 일반 모드 보스 들 을 칼 로 챌 린지 and 스피드 런 50시간 노력 충 : 하드코어 에서 뒤져서 현 타 옴 100시간 재능 충 : 하드코어 보스 들 을 쉽게 칼 로만 클리어 100시간 노력 충 : 하드코어 칼 로 깨다 또 현 타 옴,2019-01-27 14:07:12
883710,Resident Evil 2,positive,"바이오하자드 시리즈 처음 플레이하는 뉴비가 가장 많이 하게 될 말 top3 1. 아 씨x 총알이 없다! 2. 어떤 미x새x가 문잠근거야! 3. 저 x 같은 빡빡이 확실히 퍼즐같은 것을 싫어하는 사람들에게는 추천해주지는 못하겟지만, 이리저리 뒤져보며 눈치있게 플레이 가능한 사람이면 한 번 해볼만 하다. 시간이 질질 끌리지 않고 그 상황에 맞게 계속해서 움직이며 플레이하는게 정말 재미있었음. 근데 밥먹으면서 하지마셈.","바이오하자드 시리즈 처음 플레이 하는 뉴비 가 가장 많이 하게 될 말 top 3 1 . 아 씨 x 총알 이 없다 ! 2 . 어떤 미 x 새 x 가 문 잠근거야 ! 3 . 저 x 같은 빡빡이 확실히 퍼즐 같은 것 을 싫어하는 사람 들 에게는 추천 해주지는 못하겟 지만 , 이리저리 뒤져 보며 눈치 있게 플레이 가능한 사람 이면 한 번 해볼만 하다 . 시간 이 질질 끌리지 않고 그 상황 에 맞게 계속 해서 움직 이며 플레이 하는게 정말 재미있었음 . 근데 밥 먹으면서 하지마 셈 .",2019-01-27 13:54:23
883710,Resident Evil 2,positive,계속 쫓아오는 김두한이랑 연애하는 게임,계속 쫓아오는 김두한 이랑 연애 하는 게임,2019-01-27 13:44:13
883710,Resident Evil 2,positive,주말에 시간가는줄 모르고 했다,주말 에 시간 가는줄 모르고 했다,2019-01-27 13:37:04
883710,Resident Evil 2,positive,잼나게했습니다 짱이에요 20시간정도 해서 두부모드까지 클리어 했습니다 완전 강추드립니다,잼나게 했습니다 짱 이에요 20시간 정도 해서 두부 모드 까지 클리어 했습니다 완전 강추 드립니다,2019-01-27 13:30:54
883710,Resident Evil 2,positive,게임은 확실히 잘만들었고 옛날 어렸을때 했던 바하2 향수가 많이 느껴서 좋았다 전반적으로 게임난이도가 다른 시리즈의 비해 다소 어려움을 느꼈다 탄창도 부족하고 특히 인벤토리가 칸수가 너무한정적(바하전통..)이고 무기들도 가끔2칸짜리도 있어가지고 탄창과 회복킷을 한번에 많을걸 들고 다닐수가 없었다 그리고 역시나 하드코어난이도는 자동세이브가 없고 전통답게 잉크템이 있어야 세이브를 할수 있는데 이걸 너무 막쓰면 나중에 하고싶어도 세이브를 못하게 되는 상황이 와가지고 죽으면 했던거 또해야하는 공포감을 많이 느꼈다 (1트로 난이도 하드코어,게임 은 확실히 잘 만들었고 옛날 어렸을 때 했던 바하 2 향수 가 많이 느껴서 좋았다 전반 적 으로 게임 난이도 가 다른 시리즈 의 비해 다소 어려움 을 느꼈다 탄창 도 부족하고 특히 인벤 토리 가 칸 수가 너 무한정 적 ( 바하 전통 ..) 이고 무기 들 도 가끔 2 칸 짜 리도 있어가지고 탄창 과 회복킷 을 한번 에 많을걸 들고 다닐수가 없었다 그리고 역시 나 하드코어 난이도 는 자동 세이브 가 없고 전통 답 게 잉크 템 이 있어야 세이브 를 할수 있는데 이 걸 너무 막 쓰면 나중 에 하고싶어도 세이브 를 못 하게 되는 상황 이 와가지고 죽으면 했던거 또 해야하는 공포 감 을 많이 느꼈다 ( 1 트 로 난이도 하드코어,2019-01-27 13:28:26
883710,Resident Evil 2,positive,"재미는 있는데, 2시간정도 하면 어지러움이 확옴 더 못버티겟다","재미 는 있는데 , 2시간 정도 하면 어지러움 이 확옴 더 못 버티겟다",2019-01-27 13:24:24
883710,Resident Evil 2,positive,갓콤은 어서 RE:3을 달라!!,갓 콤 은 어서 RE : 3 을 달라 !!,2019-01-27 12:39:19
883710,Resident Evil 2,positive,그저빛,그 저 빛,2019-01-27 12:18:29
883710,Resident Evil 2,positive,응애...,응애 ...,2019-01-27 11:42:38
883710,Resident Evil 2,positive,그렇게 안무서움. 퍼즐요소도 엄청 어렵지 않고 푸는 재미가 있음. 그래픽도 훌륭하고 최적화가 너무 잘돼있어서 프레임도 잘나옴. 그런데 고어틱한 연출이 좀 많아서 고어물 싫어하는 사람은 비추,그렇게 안 무서움 . 퍼즐 요소 도 엄청 어렵지 않고 푸는 재미 가 있음 . 그래픽 도 훌륭하고 최적화 가 너무 잘 돼있어서 프레임 도 잘나옴 . 그런데 고어 틱 한 연출 이 좀 많아서 고 어물 싫어하는 사람 은 비추,2019-01-27 11:31:00
883710,Resident Evil 2,positive,평가 볼 시간이 있다면 질러라,평가 볼 시간 이 있다면 질러라,2019-01-27 11:27:01
883710,Resident Evil 2,positive,원작을 존중하면서 새로운 요소를 적당히 버무려낸 최고의 게임 근데 무서워유ㅠㅠ,원작 을 존중 하면서 새로운 요소 를 적당히 버무려낸 최고 의 게임 근데 무서워 유 ㅠㅠ,2019-01-27 11:20:28
883710,Resident Evil 2,positive,리메이크의 정석.,리메이크 의 정석 .,2019-01-27 11:10:18
883710,Resident Evil 2,positive,리메이크를 어떻게 해야 하는가에 대한 정답과도 같은 작품. 기존 바하2의 플레이스타일은 살리면서 진보된 그래픽과 사운드를 입히고 바하7의 공포감까지 입혀낸... 미친...솔직히 이렇게 까지 잘 뽑을 줄 몰랐다...,리메이크 를 어떻게 해야 하는가에 대한 정답 과도 같은 작품 . 기존 바하 2 의 플레이 스타일 은 살리면서 진보 된 그래픽 과 사운드 를 입히고 바하 7 의 공포 감 까지 입혀 낸 ... 미친 ... 솔직히 이렇게 까지 잘 뽑을 줄 몰랐다 ...,2019-01-27 10:24:20
883710,Resident Evil 2,positive,"3편,베로니카편도 리메이크 됐으면 좋겠다. 클리어 하고나니까 생각보다 짧다. 근데 막상 하면 길다. 일반모드는 생각보다 탄이 부족하다. 권총이 너무 약하니까 기대하지 말자.","3 편 , 베로니카 편도 리메이크 됐으면 좋겠다 . 클리어 하고나니까 생각 보다 짧다 . 근데 막상 하면 길다 . 일 반 모드 는 생각 보다 탄이 부족하다 . 권총 이 너무 약하니까 기대하지 말 자 .",2019-01-27 09:07:21
883710,Resident Evil 2,positive,오래전 게임이라 스토리만 읽어보고 했는데 이렇게 리메이크 해줘서 감사합니다. 초반이긴 하지만 게임 정말 잘 만들었다는 느낌을 받네요,오래전 게임 이라 스토리 만 읽어 보고 했는데 이렇게 리메이크 해줘서 감사합니다 . 초반 이긴 하지만 게임 정말 잘 만들었다는 느낌 을 받네요,2019-01-27 09:02:50
883710,Resident Evil 2,positive,호러게임을 좋아한다면 반드시 해봐야 할 게임,호러 게임 을 좋아한다면 반드시 해봐야 할 게임,2019-01-27 08:58:17
883710,Resident Evil 2,positive,하...레지던트 6 하다가 이거 하는데 너무 힘드네여 6는 뭐랄까 그냥 킬링타임용으로도 하기 좋고 액션게임으로도 하기 좋은데 이 RE2는 정말 몇시간씩 막 하고싶어도 심장이 견디질 못하네요 ㅠㅠ 총알은 넉넉하지도 않고~대부분이 어둡고~레온은 약하고~좀비는 심지어 잘 죽지도 않고~ 공포를 다시 한번 잘 살린 것 같아서 매우 만족하고요 오랜만에 좀비에 대한 공포를 다시 느끼는 시간이었습니다. 뭐 요즘 좀비물은 대부분 액션인 느낌인데 다시 말씀드리지만 오랜만에 정말 제대로된 좀비 공포게임을 즐기고있습니다. 만족합니다! 땡큐!,하 ... 레지던트 6 하다가 이 거 하는데 너무 힘드 네 여 6 는 뭐랄까 그냥 킬링타임 용 으로도 하기 좋고 액션게임 으로도 하기 좋은데 이 RE 2 는 정말 몇 시간 씩 막 하고싶어도 심장 이 견디질 못 하네요 ㅠㅠ 총알 은 넉넉하지도 않고 ~ 대부분 이 어둡고 ~ 레온 은 약하고 ~ 좀비 는 심지어 잘 죽지 도 않고 ~ 공포 를 다시 한번 잘 살린 것 같아서 매우 만족하고요 오랜 만 에 좀비 에 대한 공포 를 다시 느끼는 시간 이었습니다 . 뭐 요즘 좀비 물 은 대부분 액션 인 느낌 인데 다시 말씀드리지만 오랜 만 에 정말 제대로 된 좀비 공포 게임 을 즐기고있습니다 . 만족합니다 ! 땡큐 !,2019-01-27 08:41:35
883710,Resident Evil 2,positive,재밌어요,재밌어요,2019-01-27 06:46:28
883710,Resident Evil 2,positive,"총알이 풍족하고싶으면 좀비를 잡지말던지 아니면 머리에 두세방만 쏘고 눕혀서 칼로 확인사살 하던지 하면 확실히 총알이 좀 남음 이게임은 잡몹 죽이는 게임이 아니고 최대한 피해서 이득취하는 겜임 바하 4,5,6 은 잡몹잡아서 탄이든 뭐든 얻었겠지만 이겜은 아님 고로 뭐가 나오던 총 부터 쏘고보질 말라는 게임","총알 이 풍족하고싶으면 좀비 를 잡지말던지 아니면 머리 에 두세 방만 쏘고 눕혀서 칼 로 확인 사살 하던지 하면 확실히 총알 이 좀 남음 이 게임 은 잡몹 죽이는 게임 이 아니고 최대한 피해 서 이득 취하 는 겜임 바하 4 , 5 , 6 은 잡몹 잡아서 탄이든 뭐 든 얻었겠지만 이 겜 은 아님 고로 뭐 가 나오던 총 부터 쏘고 보질 말 라는 게임",2019-01-27 05:28:58
883710,Resident Evil 2,positive,시리즈중 처음으로 접해봤는데 난이도가 상당한거 같음 총알이 부족해서 진행이 어렵더라고요 그래도 꿀잼,시리즈 중 처음 으로 접 해봤는데 난이도 가 상당한거 같음 총알 이 부족해서 진행 이 어렵더라고요 그래도 꿀잼,2019-01-27 05:14:11
883710,Resident Evil 2,positive,옛날의 어린시절 바하2를 처음본 충격이 정말 감격적으로 돌아왔다..,옛날 의 어린시절 바하 2 를 처음 본 충격 이 정말 감격 적 으로 돌아왔다 ..,2019-01-27 04:56:49
883710,Resident Evil 2,positive,죄지은 것도 없는데 경찰서가 너무 무서움; 중절모 쓴 떡대가 따라오는 것도 너무 무서움;,죄 지은 것 도 없는데 경찰서 가 너무 무서움 ; 중절모 쓴 떡대 가 따라오는 것 도 너무 무서움 ;,2019-01-27 04:13:17
883710,Resident Evil 2,positive,공포 게임 X 서바이벌 액션 게임 O,공포 게임 X 서바이벌 액션 게임 O,2019-01-27 04:09:37
883710,Resident Evil 2,positive,타이런트..............,타 이런 트 ..............,2019-01-27 03:29:54
883710,Resident Evil 2,positive,와 긴장 장난아니에요!! 좀비는 머리맞아도 죽지않아요..!! (소름..) 솔직히 너무 어려운게임입니다.. 정말 갓겜이죠!! 재미있어요~ b_ ( 0 o 0 ) _d 대박!! 여러분님들도 해보세요! 꼭! 말이 필요없어요! 왜냐하면 갓겜입니다ㅠㅠㅠ 2019년 최고의게임..!!,와 긴장 장난 아니에요 !! 좀비 는 머리 맞아도 죽지 않아요 ..!! ( 소름 ..) 솔직히 너무 어려운 게임 입니다 .. 정말 갓 겜 이 죠 !! 재미있어요 ~ b _ ( 0 o 0 ) _ d 대박 !! 여러분 님 들도 해보세요 ! 꼭 ! 말 이 필요없어요 ! 왜냐하면 갓 겜 입니다 ㅠㅠㅠ 2019년 최고 의 게임 ..!!,2019-01-27 03:21:27
883710,Resident Evil 2,positive,이게 진정한 리메이크라고 볼 수 있는 갓겜 입니다!! 탄약 관리 못하면 가장 쉬운 모드라도 극악의 난이도가 되는 마법을 부리기에 재미가 극상 입니다!! 무조건 구매해서 하세요! 후회따위 없습니다!,이 게 진정한 리메이크 라고 볼 수 있는 갓 겜 입니다 !! 탄약 관리 못 하면 가장 쉬운 모드 라도 극악 의 난이도 가 되는 마법 을 부리기에 재미 가 극상 입니다 !! 무조건 구매 해서 하세요 ! 후회 따위 없습니다 !,2019-01-27 03:09:13
883710,Resident Evil 2,positive,총알이 부조카당,총알 이 부 조카 당,2019-01-27 03:05:59
883710,Resident Evil 2,positive,"돈콤이 갓콤이 되었어요 ! 게임자체도 재밌고, 저사양이라 옵션높이면 빨강이 되는데 그래도 버벅임이 별로 없을정도의 최적화가 잘되어있습니다. 그리고 플레이 하실때 탄은 정말 잘 안나오니 아끼시는게 좋아요. 특히 섬광탄은 잘 모아우시길. 나중에 G 몬스터를 상대할때 아주 요긴하게 쓰일겁니다. 클레어든 레온이든 클리어 하면 새게임 플러스가 열리는데 전개방식이 달라지니 알아두시길","돈콤 이 갓 콤 이 되었어요 ! 게임 자체 도 재밌고 , 저 사양 이라 옵션 높이 면 빨강이 되는데 그래도 버벅임 이 별로 없을 정도 의 최적화 가 잘 되어있습니다 . 그리고 플레이 하실 때 탄은 정말 잘 안 나오니 아끼시는게 좋아요 . 특히 섬광탄 은 잘 모아우시길 . 나중 에 G 몬스터 를 상대 할 때 아주 요긴 하게 쓰일 겁니다 . 클레어 든 레온 이든 클리어 하면 새 게임 플러스 가 열리는데 전 개방 식 이 달라지니 알 아 두시길",2019-01-27 02:53:15
883710,Resident Evil 2,positive,"과거에 바하1 리메이크 버전이 나오고 플레이했을때, 2도 리메이크 이렇게라도 리메하면 쩔겠다 싶었는데 딱 그 기분이 그대로 느껴짐. 리메이크는 이렇게 하는거다 라는 아주 좋은 모범사례가 될 것임. 연초부터 아주 쩌는구만! 98년도에 2 원작을 해본 이들에겐 추억과 로망을 해소해줄 수 있는 게임이 될 것이고, 이걸로 바이오하자드2를 첫경험한 플레이어는 옛날 아재들이 왜 바하는 2가 띵작이란 말을 했었는지 알게 될 것임. 내 입장으로서는 진보된 그래픽과 현세대에 맞는 시스템으로 2와 클레어를 만날 수 있는 게 팬으로서 너무","과거 에 바하 1 리메이크 버전 이 나오고 플레이 했을 때 , 2 도 리메이크 이렇게라도 리 메하면 쩔겠다 싶었는데 딱 그 기분 이 그대로 느껴짐 . 리메이크 는 이렇게 하는거다 라는 아주 좋은 모범 사례 가 될 것임 . 연초 부터 아주 쩌는구 만 ! 98년 도에 2 원작 을 해본 이 들 에겐 추억 과 로망 을 해소 해줄 수 있는 게임 이 될 것 이고 , 이 걸 로 바이오하자드 2 를 첫경험 한 플레이어 는 옛날 아 재 들 이 왜 바하 는 2 가 띵작 이란 말 을 했었는지 알 게 될 것임 . 내 입장 으로서는 진보 된 그래픽 과 현 세대 에 맞는 시스템 으로 2 와 클레어 를 만날 수 있는 게 팬 으로서 너무",2019-01-27 02:52:40
883710,Resident Evil 2,positive,"최적화굳~~ 풀옵션 프레임노드랍., 그래픽 색감패치까지하니 더 리얼함~~","최적화 굳 ~~ 풀 옵션 프레임 노드 랍 ., 그래픽 색감 패치 까지 하니 더 리얼 함 ~~",2019-01-27 02:19:47
883710,Resident Evil 2,positive,난 더럽게무섭네.. 좀비게임인데,난 더럽게 무섭네 .. 좀비 게임 인데,2019-01-27 02:12:52
883710,Resident Evil 2,positive,중절모 트렌치 코드 빡빡이 새끼 ㄹㅇ 개 무서움ㅋㅋㅋㅋㅋㅋㅋㅋㅋ,중절모 트렌치 코드 빡빡이 새끼 ㄹㅇ 개 무서움 ㅋㅋㅋㅋㅋㅋㅋㅋㅋ,2019-01-27 02:03:27
883710,Resident Evil 2,positive,노멀 난이도 2시간 10분대찍고 무한무기들고 자신있게 하드코어 모드로 진입. 다 필요없고 하드코어에서는 타일런트가 뛰어다닌다는거만 알아두세요. 50미터 달리기대결하면 3초만에 따라잡힙니다 리얼.,노멀 난이도 2시간 10분 대찍고 무한 무기 들 고 자신있게 하드코어 모드 로 진입 . 다 필요없고 하드코어 에서는 타 일 런트 가 뛰어다닌다는 거만 알 아 두세요 . 50 미터 달리기 대결 하 면 3초 만에 따라 잡힙니다 리얼 .,2019-01-27 02:00:48
883710,Resident Evil 2,positive,정말 다 좋은데 .. 좀비 얼굴 재탕이 쫌 심하고.. 보스전이 쫌 밋밋한거랑..분량 짧은거 뺴고는 괜찮은게임,정말 다 좋은데 .. 좀비 얼굴 재탕 이 쫌 심하고 .. 보스 전이 쫌 밋밋한거랑 .. 분량 짧은거 뺴고 는 괜찮은 게임,2019-01-27 01:49:01
883710,Resident Evil 2,positive,와 ~ 바하2 리멬,와 ~ 바하 2 리멬,2019-01-27 01:48:28
883710,Resident Evil 2,positive,바이오하자드 6 로 처음 입문한 유저라 액션성 많이 잘린 거 보고 처음에는 음.... 좀 노잼일 것 같은데... 라고 생각한 제가 병124125신 이었읍니다. 체술이 사라진다헌들 부족한 총알과 칼 내구도에서 오는 심리적 압박감이 여러분의 그시기를 쪼그라들게 만듭니다. 타이런트는.... 길을 다 파악해 놓았다면 그냥... 아무것도 아닙니다. 귀찮기만 할 뿐... 미안해 타이런트 아조씨... 아조씨보다 릭커가 더 조12옺같아... 한 줄 평 돈 모아서 콜렉터즈 에디션 사야겠다,바이오하자드 6 로 처음 입문 한 유저 라 액션 성 많이 잘린 거 보고 처음 에는 음 .... 좀 노잼 일 것 같은데 ... 라고 생각 한 제 가 병 124125 신 이었 읍니 다 . 체술 이 사라진다 헌 들 부족한 총알 과 칼 내 구도 에서 오는 심리 적 압박 감 이 여러분 의 그 시기 를 쪼그라들게 만듭니 다 . 타 이런 트는 .... 길 을 다 파악 해 놓았다면 그냥 ... 아무 것 도 아닙니다 . 귀찮기만 할 뿐 ... 미안해 타 이런 트 아조 씨 ... 아조 씨 보다 릭커 가 더 조 12 옺같 아 ... 한 줄 평 돈 모아서 콜렉터 즈 에디 션 사야겠다,2019-01-27 01:30:18
883710,Resident Evil 2,positive,시발 존나 무서워,시발 존나 무서워,2019-01-27 01:26:25
883710,Resident Evil 2,positive,"제한된 맵 , 잦은 퍼즐만 제외하고는 최고의 게임이였습니다 리메이크3도 너무 기대됩니다","제한 된 맵 , 잦은 퍼즐 만 제외 하고는 최고 의 게임 이 였습니다 리메이크 3 도 너무 기대 됩니다",2019-01-27 01:06:58
883710,Resident Evil 2,positive,그저 갓갓..꼭 해보세요,그저 갓 갓 .. 꼭 해보세요,2019-01-27 01:03:50
883710,Resident Evil 2,positive,-__)b,-__) b,2019-01-27 01:00:45
883710,Resident Evil 2,positive,4시간 플레이 아직 미 클리어 클리어 시 업데이트 함. ------------------------------------------------------- 제가 레지던트 이블은 나름 시리즈대로 다 모았는데 제가 쫄보라 공포게임을 못합니다. 그래서 대부분 사놓고 봉인 또는 인터넷 방송으로 대충 뗴우는 편인데 이번 만큼은 21년만에 리 메이크 이다 보니 플스 한정판과 함께 스팀 버전도 따로 샀습니다. 일단 확실히 예전 게임에 경우 레벨 디자인 자체를 굉장히 꼬아놔서 그런지 갔던길을 자주 가야되네요 왔다 갔다를 몇번을 했는지 모,4시간 플레이 아직 미 클리어 클리어 시 업데이트 함 . ------------------------------------------------------- 제 가 레지던트 이블 은 나름 시리즈 대로 다 모았는데 제 가 쫄보 라 공포 게임 을 못 합니다 . 그래서 대부분 사놓고 봉인 또는 인터넷 방송 으로 대충 뗴우 는 편 인데 이번 만큼은 21년 만에 리 메이크 이다 보니 플스 한정판 과 함께 스팀 버전 도 따로 샀습니다 . 일단 확실히 예전 게임 에 경우 레벨 디자인 자체 를 굉장히 꼬아놔 서 그런지 갔던 길 을 자주 가야 되네요 왔다 갔다를 몇번 을 했는지 모,2019-01-27 00:50:43
883710,Resident Evil 2,positive,이게임이 무서운이유는 중간부터 등장하는 타일런트 아재 때문입니다 발소리는 큰데 의심스러운 구석이 들면 발소리가좀더 빨라집니다 대신 뛰지는 않지만 5미터 정도 사정권내에 들어오면 돌진 아구창을 날리기때문에 조심해야합니다.. 걷는소리도 듣는건지 잘숨어있어도 문열고 들어오더군요 사람들이 게임이 무서워서 못하겠다고 환불하던데 그이유는 타일런트 아재 때문이었습니다 근데 원작의 느낌은 유지하면서 제대로 타일런트랑 대면해본 게임이었습니다.. 타일런트 아재공포증이 심하신분은 타일런트아재랑 마라톤하시기 바랍니다 타일런트아재 마대캡 참전,이 게임 이 무서운 이유 는 중간 부터 등장 하는 타일 런트 아 재 때문 입니다 발 소리 는 큰데 의심스러운 구석 이 들면 발 소리 가 좀더 빨라 집니다 대신 뛰지는 않지만 5 미터 정도 사정 권내 에 들어오면 돌진 아구창 을 날리기 때문 에 조심해야 합니다 .. 걷는 소리 도 듣는 건지 잘 숨어있어도 문 열 고 들어오더군요 사람 들 이 게임 이 무서워서 못 하겠다고 환불 하던데 그 이유 는 타일 런트 아 재 때문 이었습니다 근데 원작 의 느낌 은 유지 하면서 제대로 타 일 런트 랑 대면 해본 게임 이었습니다 .. 타일 런트 아 재 공포증 이 심하 신분 은 타 일 런트 아 재 랑 마라톤 하시기 바랍니다 타 일 런트 아 재 마대 캡 참전,2019-01-27 00:37:48
883710,Resident Evil 2,positive,말이 필요없다 갓갓,말 이 필요없다 갓 갓,2019-01-27 00:35:43
883710,Resident Evil 2,positive,하드코어 난이도 S+를 달성하기 전까지 이 게임은 완전히 깬게 아니다.,하드코어 난이도 S + 를 달성 하기 전 까지 이 게임 은 완전히 깬게 아니다 .,2019-01-27 00:29:31
883710,Resident Evil 2,positive,쿵 쿵 쿵 쿵 그가 온다,쿵 쿵 쿵 쿵 그 가 온다,2019-01-27 00:28:00
883710,Resident Evil 2,positive,경찰서 로비는 안전할거라 믿고 들갔다 타일런트가 오히려 로비쪽에서 오는거보고 난 그순간 정신을 놨다,경찰서 로비 는 안전할거라 믿고 들 갔다 타 일 런트 가 오히려 로비 쪽 에서 오는거 보고 난 그 순간 정신 을 놨다,2019-01-27 00:20:22
883710,Resident Evil 2,positive,정말 리메이크 잘햇다. 갓갬!,정말 리메이크 잘 햇 다 . 갓 갬 !,2019-01-26 23:44:37
883710,Resident Evil 2,positive,꿀잼!!,꿀잼 !!,2019-01-26 23:39:31
883710,Resident Evil 2,positive,이것은 인류가 높게 평가,이 것 은 인류 가 높게 평가,2019-01-26 23:37:29
883710,Resident Evil 2,positive,맨 처음에 플레이하면 심장 부들부들 떨림 그런데 2회차 넘어가면 고인물로 변함,맨 처음 에 플레이 하면 심장 부들부들 떨림 그런데 2회 차 넘어가면 고 인물 로 변함,2019-01-26 23:33:37
883710,Resident Evil 2,positive,리메이크 정도가 아니다 ....... 리얼 그자채 공포감과 긴장감을 맛 보고 싶다면 질러라 후회없다,리메이크 정도 가 아니다 ....... 리얼 그 자채 공포 감 과 긴장감 을 맛 보고 싶다면 질러라 후회 없다,2019-01-26 23:24:36
883710,Resident Evil 2,positive,출근이 이렇게나 위험합니다,출근 이 이렇게나 위험합니다,2019-01-26 23:23:05
883710,Resident Evil 2,positive,몽키매직 들으면서 해라 1도 안무섭다,몽키매직 들으면서 해 라 1 도 안 무섭다,2019-01-26 23:04:50
883710,Resident Evil 2,positive,무섭네..,무섭네 ..,2019-01-26 22:14:14
883710,Resident Evil 2,positive,추억의 공포 게임이 다시한번 돌아왔다. 후기를 살펴볼려고 휠내리며 시간낭비 말고 그냥 바로 구매하여 플레이해라.,추억 의 공포 게임 이 다시 한번 돌아왔다 . 후기 를 살펴볼려고 휠내리 며 시간 낭비 말고 그냥 바로 구매 하여 플레이 해라 .,2019-01-26 22:14:07
883710,Resident Evil 2,positive,이게임은 직접 해보시면 후회 없습니다.,이 게임 은 직접 해보시면 후회 없습니다 .,2019-01-26 22:10:51
883710,Resident Evil 2,positive,"이제 막 네스트에 진입한 시점에서 쓰는 리뷰. 미쳤다는 말밖에 안나온다. 스토커의 악랄한 맵 및 환경 디자인, 메트로의 탄약 수급 시스템, 다크 소울이 생각나게 할 정도의 아스트랄한 맵 디자인, 존1나 안죽는 적들과 함께 깨지는 유리창의 법칙까지... 그래픽은 진짜 디비전을 떠오르게 할 정도의 AAA급 그래픽이다. 음향 디자인이야 말할 것도 없고, 퍼즐의 퀄리티도 끝내준다. 최적화도 쩔고, 적어도 아직까지는 그 어떠한 기술적 문제도 겪어보지 못했다. 이러한 개발사의 노력에 보답하기 위해서 공략을 어떻게든 읽지 않고 깨려고","이제 막 네스트 에 진입 한 시점 에서 쓰는 리뷰 . 미쳤다는 말 밖에 안 나온다 . 스토커 의 악랄한 맵 및 환경 디자인 , 메트로 의 탄약 수급 시스템 , 다크 소울 이 생각나게 할 정도 의 아스트랄 한 맵 디자인 , 존 1 나 안 죽는 적 들 과 함께 깨지는 유리창 의 법칙 까지 ... 그래픽 은 진짜 디 비전을 떠오르게 할 정도 의 AAA 급 그래픽 이다 . 음향 디자인 이야 말 할 것 도 없고 , 퍼즐 의 퀄리티 도 끝내준다 . 최적화 도 쩔고 , 적어도 아직 까지는 그 어떠한 기술 적 문제 도 겪어 보지 못 했다 . 이러한 개발 사의 노력 에 보답 하기 위해 서 공략 을 어떻 게 든 읽지 않고 깨려고",2019-01-26 22:04:10
883710,Resident Evil 2,positive,와.. 이건 뭐 겜한테 분위기 그 자체로 압도당했다. 레온 초반인데 진행하기 두려워짐.,와 .. 이건 뭐 겜 한테 분위기 그 자체 로 압도 당했다 . 레온 초반 인데 진행 하기 두려워 짐 .,2019-01-26 22:01:59
883710,Resident Evil 2,positive,와 이게임 긴장감 미쳤음. 플스원때 깜놀은 애들장난수준 역대 리메이크게임중 최고라 말할수있겠네요,와 이 게임 긴장감 미쳤음 . 플스 원 때 깜놀 은 애 들 장난 수준 역대 리메이크 게임 중 최고 라 말 할수있겠네요,2019-01-26 21:53:04
883710,Resident Evil 2,positive,미쳤어.. 이게임은 미쳤어 너무 좋아.. 4조만 번 넘게 플레이 해주지.,미쳤어 .. 이 게임 은 미쳤어 너무 좋아 .. 4조만 번 넘게 플레이 해주지 .,2019-01-26 21:38:01
883710,Resident Evil 2,positive,그래픽 최적화 다회차 요소 무엇보다 게임의 재미 모든 면에서 거의 단점이 없는것 같네요.,그래픽 최적화 다 회차 요소 무엇 보다 게임 의 재미 모든 면 에서 거의 단점 이 없는것 같네요 .,2019-01-26 21:36:25
883710,Resident Evil 2,positive,예구한거 전혀 안아까움. 그리고 타일런트 개같은놈....,예 구 한 거 전혀 안아까 움 . 그리고 타일 런트 개 같은 놈 ....,2019-01-26 21:16:38
883710,Resident Evil 2,positive,"재미있고 잘 만든 리메이크는 맞지만 난이도에 관련해서 아쉬운 부분이 없지않아 있습니다 일반 좀비가 너무 강화가 되어있어서 난이도가 너무 높습니다. 그냥 잡몹인 좀비가 머리에 총알 4~5발을 맞아도 벌떡벌떡 일어나는 맷집을 가지고 있는데 공격범위는 또 지랄맞게 넓어서 무시하고 도망치기도 힘듭니다. 또 즈언통 적으로 머리를 맞춰서 경직을 주거나 다리를 맞춰서 넘어뜨리는게 가능한데, 이게 때때로 머리를 죽어라 맞춰도 경직이 안걸리는 경우도 있고 다리를 죽어라 맞춰도 안넘어지고 경직으로 끝나는 경우가 있습니다. 덕분에 헝크미션은 롤에서 아","재미있고 잘 만든 리메이크 는 맞지만 난이도 에 관련 해서 아쉬운 부분 이 없지 않아 있습니다 일반 좀비 가 너무 강화 가 되어있어서 난이도 가 너무 높습니다 . 그냥 잡몹 인 좀비 가 머리 에 총알 4~5 발 을 맞아도 벌떡벌떡 일어나는 맷집 을 가지 고 있는데 공격 범위 는 또 지랄 맞게 넓어서 무시 하고 도망치 기도 힘듭니다 . 또 즈 언 통 적 으로 머리 를 맞춰서 경직 을 주거 나 다리 를 맞춰서 넘어뜨리는게 가능한데 , 이 게 때때로 머리 를 죽어라 맞춰도 경직 이 안 걸리는 경우 도 있고 다리 를 죽어라 맞춰도 안 넘어지고 경직 으로 끝나는 경우 가 있습니다 . 덕분 에 헝크 미션 은 롤 에서 아",2019-01-26 21:14:12
883710,Resident Evil 2,positive,20세기의 갓-겜이 리메이크가 되서 21세기 갓-겜이 됬음,20 세기 의 갓 - 겜 이 리메이크 가 되서 21 세기 갓 - 겜 이 됬음,2019-01-26 21:12:30
883710,Resident Evil 2,positive,초반 1시간은 조금 움찔하지만 조금 지나면 좀비들한테 개긴다..,초반 1시간 은 조금 움찔 하지만 조금 지나면 좀비 들 한테 개긴다 ..,2019-01-26 20:47:36
883710,Resident Evil 2,positive,19/01/26 평가 게시 노멀 첫 클리어 시간 총 6시간이네요 수집요소 및 엔딩요소 고려하면 다회차 충분히 재밌게 할 수 있습니다. 최적화도 잘 된편입니다. 2600x / 1070 / 16GB 옵션 높음에 타협주고 가면 잔렉없이 충분히 하실수 있습니다. 2회차하고 나서 또 올려보겠습니다. 갓갓겜임,19/01 / 26 평가 게시 노멀 첫 클리어 시간 총 6시간 이네요 수집 요소 및 엔딩 요소 고려 하면 다 회차 충분히 재밌게 할 수 있습니다 . 최적화 도 잘 된 편입 니 다 . 2600 x / 1070 / 16 GB 옵션 높 음 에 타협 주고 가면 잔렉 없이 충분히 하실수 있습니다 . 2회 차하고 나서 또 올려 보겠습니다 . 갓 갓 겜임,2019-01-26 20:35:14
883710,Resident Evil 2,positive,Bible of game remake ! Nothing can be better than this !!,Bible of game remake ! Nothing can be better than this !!,2019-01-26 20:31:52
883710,Resident Evil 2,positive,고전감성이 다 들어가있다 수동세이브 물자제한 죽지않는적 특히 나는 자동세이브에 적응 됐기 때문에 수동세이브때문에 빡친적이 한두번이 아니다 바하 시리즈는 그래픽때문에 잘 안했었는데 그래픽 좋게 즐길수 있어서 좋았다 3랑 4도 리메이크 버전으로 즐겨보고 싶다,고전 감성 이 다 들어가있다 수동 세이브 물자 제한 죽지 않는 적 특히 나 는 자동 세이브 에 적응 됐기 때문 에 수 동 세이브 때문 에 빡친 적 이 한두 번 이 아니다 바하 시리즈 는 그래픽 때문 에 잘 안 했었는데 그래픽 좋게 즐길수 있어서 좋았다 3 랑 4 도 리메이크 버전 으로 즐겨 보고 싶다,2019-01-26 20:10:04
883710,Resident Evil 2,positive,갓겜 그자체,갓 겜 그 자체,2019-01-26 19:36:13
883710,Resident Evil 2,positive,"처음 원작을 경험했을 때 보다 더 악질적인 공포를 느낄 수 있습니다 탄약도 부족해, 좀비는 뭐 지가 오뚜긴 줄 아는지 쓰러져도 다시 일어나, 내 에임은 느린데 저 놈의 X개쇗킈는 뭐 저리 빨라?? 신박한 퍼즐과 플레이 구간도 늘어나서 플레이 타임이 주구장창 늘어난 건 덤입니다 그니까 X 아저씨 그만 쫓아와요 쫌 ㅡ.,ㅡ;;;;;","처음 원작 을 경험 했을 때 보다 더 악질 적 인 공포 를 느낄 수 있습니다 탄약 도 부족해 , 좀비 는 뭐 지가 오 뚜 긴 줄 아는지 쓰러져도 다시 일어나 , 내 에 임 은 느린데 저 놈 의 X 개쇗킈 는 뭐 저리 빨라 ?? 신 박 한 퍼즐 과 플레이 구간 도 늘어나서 플레이 타임 이 주 구 장창 늘어난 건 덤 입니다 그니까 X 아저씨 그만 쫓아와요 쫌 ㅡ ., ㅡ ;;;;;",2019-01-26 19:33:03
883710,Resident Evil 2,positive,고마워...캡콤...고마워...고마워...정말... 이것밖에 해 줄 말이 없어...,고마워 ... 캡콤 ... 고마워 ... 고마워 ... 정말 ... 이 것 밖에 해 줄 말 이 없어 ...,2019-01-26 19:28:37
883710,Resident Evil 2,positive,https://www.youtube.com/watch?v=XXQ72efCX4M&list=PLicQHfFFNpU36XV6F0FKlgWtwr43Ymkkk 갓겜을 리메이크해서 갓겜RE:2가 되었네요. 난이도는 적절해서 많이 헤메지않고 진행할 수 있을정도라 정말 재밌게 플레이할 수 있어요!! 그래픽도 좋아서 가끔 징그러운 장면도 있고 무서운 장면도 살짝 있었네요ㅎㅎ 그리고 최적화도 정말 잘 되어있어서 스무스~하게 게임 할 수 있었네요. 저녁에 불 켜고 게임 할 필요없어요. 어느새 해가 뜨서 밝아져있을거에요ㅋㅋㅋ,https://www.youtube.com/watch?v=XXQ72efCX4M&list=PLicQHfFFNpU36XV6F0FKlgWtwr43Ymkkk 갓 겜 을 리메이크 해서 갓 겜 RE : 2 가 되었네요 . 난이도 는 적절해서 많이 헤메 지 않고 진행 할 수 있을 정도 라 정말 재밌게 플레이 할 수 있어요 !! 그래픽 도 좋아서 가끔 징그러운 장면 도 있고 무서운 장면 도 살짝 있었네요 ㅎㅎ 그리고 최적화 도 정말 잘 되어있어서 스무 스 ~ 하게 게임 할 수 있었네요 . 저녁 에 불 켜고 게임 할 필요없어요 . 어느새 해 가 뜨서 밝아져있을거에요 ㅋㅋㅋ,2019-01-26 19:16:30
883710,Resident Evil 2,positive,총알이 넘쳐지면 레포데 총알이 부족 해지면 바이오하자드 RE:2,총알 이 넘쳐지면 레포데 총알 이 부족 해지 면 바이오하자드 RE : 2,2019-01-26 19:13:01
883710,Resident Evil 2,positive,최고다.... 바하시리즈중에서 최고다.. 캡콤에 감사한다..,최고다 .... 바하 시리즈 중 에서 최고다 .. 캡콤 에 감사한다 ..,2019-01-26 19:03:08
883710,Resident Evil 2,positive,"98년 원작을 접했던 충격 ""21년 후 리메이크란 이런것이다.""라는걸 보란듯이 보여주는 걸작으로 돌아왔다.","98년 원작 을 접 했던 충격 "" 21년 후 리메이크 란 이런 것 이다 ."" 라 는걸 보란 듯이 보여주는 걸작 으로 돌아왔다 .",2019-01-26 18:58:48
883710,Resident Evil 2,positive,아오오니 아저씨 그만좀 쫓아오세요 레온 에이다 절 대 결 혼 해,아오오니 아저씨 그만 좀 쫓아오세요 레온 에이 다 절 대 결 혼 해,2019-01-26 18:45:02
883710,Resident Evil 2,positive,이 게임 지립니다,이 게임 지립니다,2019-01-26 18:29:21
883710,Resident Evil 2,positive,다른말 필요없이 갓겜! 패드로 한게 더 꿀잼! 퍼즐 나오면 어딘가에 스쳐지나가며 본게 단서거나 인벤 옆에 문서들에 단서가 있음! 바하 시리즈 자체는 처음 직접 플레이 했는데 레온편 완주하고나니클레어편이 기대됨 2회차에도 달라지는 부분이 있다고하니 클레어도 깨고 한참지난후 레온편 2회차를 해볼예정.. p.s 에이다가 짱 (mag 총은 안먹고 깬건 비밀..ㅋㅋㅋ),다른 말 필요없이 갓 겜 ! 패드 로 한 게 더 꿀잼 ! 퍼즐 나오면 어딘가 에 스쳐 지나가며 본게 단서 거나 인벤 옆 에 문서 들 에 단서 가 있음 ! 바하 시리즈 자체 는 처음 직접 플레이 했는데 레온 편 완주 하고나니 클레어 편이 기대 됨 2회 차에도 달라지는 부분 이 있다고하니 클레어 도 깨고 한참 지 난후 레온 편 2회 차를 해볼 예정 .. p . s 에이 다가 짱 ( mag 총 은 안 먹고 깬건 비밀 .. ㅋㅋㅋ ),2019-01-26 17:37:01
883710,Resident Evil 2,positive,야 ㅋㅋㅋㅋ솔직히 이거 비비탄 총이지 ㅋㅋㅋㅋㅋㅋ 이게 총일리가 없잖아 ㅋㅋ 구라치지마 ㅋㅋㅋㅋㅋ 대가리에 총알박아도 안죽는게 어딨어 ㅋㅋㅋㅋ야잌ㅋㅋㅋㅋㅋ 머머리 아조씨 타일런트인가 걔 모자쓰고 있는거 쏴서 날렸는데 개빡쳐서 성큼 성큼 걸어오는거 보고 오줌지릴뻔했다. 처음부터 끝까지 무서우며 가장 무서운건 가뜩이나 총알이 안먹히는데 쏴도쏴도 안죽는 적들이며 시도떄도 없이 쪼달리는 탄약 결국 당신이 선택할것은 단 하나 빤스런 리얼해진 그래픽과 공포게임으로서의 완벽한 귀환을 해버린 바하 2 리메이크 시간가는줄 모르고,야 ㅋㅋㅋㅋ 솔직히 이 거 비 비탄 총 이지 ㅋㅋㅋㅋㅋㅋ 이 게 총 일리 가 없잖아 ㅋㅋ 구라치지마 ㅋㅋㅋㅋㅋ 대가리 에 총알 박아 도 안 죽는게 어딨어 ㅋㅋㅋㅋ 야잌 ㅋㅋㅋㅋㅋ 머 머리 아조 씨 타 일 런 트인가 걔 모자 쓰고 있는거 쏴서 날렸는데 개 빡쳐서 성큼 성큼 걸어오는거 보고 오줌 지릴 뻔했다 . 처음 부터 끝 까지 무서우며 가장 무서운건 가뜩이나 총알 이 안 먹히는데 쏴도 쏴도 안 죽는 적 들 이며 시도떄 도 없이 쪼 달리는 탄약 결국 당신 이 선택 할것은 단 하나 빤스런 리얼 해진 그래픽 과 공포 게임 으로서의 완벽한 귀환 을 해 버린 바하 2 리메이크 시간 가는줄 모르고,2019-01-26 16:28:00
883710,Resident Evil 2,positive,This is game Best Of Best~!!! more say~?,This is game Best Of Best ~!!! more say ~?,2019-01-26 15:57:29
883710,Resident Evil 2,positive,캬 무서워서못하겠다,캬 무서워 서못하겠다,2019-01-26 15:46:27
883710,Resident Evil 2,positive,진행이 많이 달라져서 아쉽네요..누워있는 좀비는 발로 머리 터뜨리던 것도 없어지고.. 전작처럼 도시도 좀 돌아다닐 수 있었음 더 좋았을거 같음 그럼에도 불구하고 넘나 재밌다 레온 파트 클리어했는데 시간가는 줄 모르고 했네요 퍼즐푸는거 싫어해서 좀 짜증나긴했는데 그래도 너무 재밌다..,진행 이 많이 달라져서 아쉽네요 .. 누워있는 좀비 는 발 로 머리 터뜨리던 것 도 없어지고 .. 전작 처럼 도시 도 좀 돌아다닐 수 있었음 더 좋았을거 같음 그럼에도 불구 하고 넘나 재밌다 레온 파트 클리어 했는데 시간 가는 줄 모르고 했네요 퍼즐 푸는거 싫어해서 좀 짜증나긴 했는데 그래도 너무 재밌다 ..,2019-01-26 15:29:40
883710,Resident Evil 2,positive,퍼즐 싫어하고 길치인데 참고 했더니 갓겜이 되부렀다,퍼즐 싫어하고 길치인데 참고 했더니 갓 겜 이 되 부렀다,2019-01-26 15:00:16
883710,Resident Evil 2,positive,어려움이 아닌 노멀 난이도에서도 보이는 족족 다 쏴죽이고가면 총알 절대적으로 부족함 성가신 놈들만 죽일것을 명심 또 명심,어려움 이 아닌 노멀 난이도 에서도 보이는 족족 다 쏴 죽이고가면 총알 절대 적 으로 부족함 성가신 놈 들 만 죽일것을 명심 또 명심,2019-01-26 14:48:21
883710,Resident Evil 2,positive,"개인적인 소감: 초창기 1~3시절부터 즐기던 올드팬 or 7 해본 공포게임 매니아-> 재밌게 즐길 수 있음 공포게임에 별 면역 없는 사실상 액션게임에 가까운 4~6입문자-> 이박사 메들리 검색해서 준비해두기 필자는 7은 쳐다보지도 않고 걸렀던 공포라면 치를 떠는 쫄보인데, 2시간30분짜리 이박사 메들리 들으면서 느리지만 어떻게든 진행중이다","개인 적 인 소감 : 초창 기 1~3시 절부터 즐기던 올드팬 or 7 해본 공포 게임 매니아 -> 재밌게 즐길 수 있음 공포 게임 에 별 면역 없는 사실 상 액션게임 에 가까운 4~6 입문 자 -> 이박사 메들리 검색 해서 준비 해 두기 필자 는 7 은 쳐다보지도 않고 걸렀던 공포 라면 치를 떠는 쫄보 인데 , 2시간 30분 짜리 이박사 메들리 들으면서 느리지만 어떻 게 든 진행중 이다",2019-01-26 14:43:48
883710,Resident Evil 2,positive,재밌습니다. 다 때려잡는걸 좋아하시는 분께는 어떨지 모르지만 진짜 생존 호러물이 뭔지 다시 알려준 게임.,재밌습니다 . 다 때려 잡는걸 좋아하시는 분께는 어떨지 모르지만 진짜 생존 호러물 이 뭔 지 다시 알려 준 게임 .,2019-01-26 13:27:56
883710,Resident Evil 2,positive,이게임 미쳤습니다그냥 도랐습니다 너무재밌습니다 무서운데 재밌습니다 짜릿합니다,이 게임 미쳤습니다 그냥 도랐습니다 너무 재밌습니다 무서운데 재밌습니다 짜릿합니다,2019-01-26 13:21:27
883710,Resident Evil 2,positive,멍멍이꿀잼,멍멍 이 꿀잼,2019-01-26 13:19:08
883710,Resident Evil 2,positive,내가 생각한 레지던트이블은 좀비를 때려잡으면서 느끼는 흥미진진한 스토리였지 경찰서에서 열쇠찾으러 온사방팔방 돌아다니고 이상한 뒈지지도 않는 몬스터가 쫓아오는 곰보겜을 원한게 아니다. 하지만 플레이 하다보니까 재밌네요,내 가 생각 한 레지던트이블 은 좀비 를 때려 잡으면서 느끼는 흥미진진 한 스토리 였지 경찰서 에서 열쇠 찾으러 온 사방 팔방 돌아다니고 이상한 뒈지지도 않는 몬스터 가 쫓아오는 곰보 겜 을 원한 게 아니다 . 하지만 플레이 하다 보 니까 재밌네요,2019-01-26 12:58:51
883710,Resident Evil 2,positive,"Everything is just Cool. But you know, you can play Hunk's Survivor mission in RE:2 Remake. That is already worth playing to me. And one more thing, Fortunately Hunk's Voice actor is still same like before Series. This fact is also great for me xD 모든게 그냥 쩝니다. 하지만 아시다시피, 바하2 리메이크에서는 헝크의 생존 미션을 플","Everything is just Cool . But you know , you can play Hunk ' s Survivor mission in RE : 2 Remake . That is already worth playing to me . And one more thing , Fortunately Hunk ' s Voice actor is still same like before Series . This fact is also great for me xD 모든 게 그냥 쩝 니 다 . 하지만 아시다시피 , 바하 2 리메이크 에서는 헝크 의 생존 미션 을 플",2019-01-26 12:58:46
883710,Resident Evil 2,positive,수작입니다. 그런데 엑스박스 패드가 인식이 안되는 경우가 있네요. 처음 했을 떄는 정상적으로 되었는데 현재는 먹통입니다. 같은 증상 있으신분들 계실런지...,수작 입니다 . 그런데 엑스박스 패드 가 인식 이 안되는 경우 가 있네요 . 처음 했을 떄 는 정상 적 으로 되었는데 현재 는 먹통 입니다 . 같은 증상 있으 신분 들 계실런 지 ...,2019-01-26 12:48:48
883710,Resident Evil 2,positive,간만에 산겜중 가장 잘샀다고 생각함,간만 에 산겜 중 가장 잘 샀다고 생각 함,2019-01-26 12:10:43
883710,Resident Evil 2,positive,"I love how they redid RE 2. Excellent atmosphere, great visuals, tight controls. Loved old-school puzzle and riddle. Kept me on the edge of my seat all the time. sure you can run around and finish the game in about 7 or 8 hours.","I love how they redid RE 2 . Excellent atmosphere , great visuals , tight controls . Loved old - school puzzle and riddle . Kept me on the edge of my seat all the time . sure you can run around and finish the game in about 7 or 8 hours .",2019-01-26 11:59:24
883710,Resident Evil 2,positive,간만에 좀비 갓겜~! 하지만 중간중간 빡치는 구간 있음 밤에 불끄고 헤드셋 끼고 겜하면 ㄹㅇ 공포체험이자너~,간만 에 좀비 갓 겜 ~! 하지만 중간 중간 빡치는 구간 있음 밤 에 불 끄고 헤드셋 끼 고 겜 하면 ㄹㅇ 공포 체험 이자 너 ~,2019-01-26 11:57:26
883710,Resident Evil 2,positive,너모 재밌어용,너 모 재밌어용,2019-01-26 11:41:35
883710,Resident Evil 2,positive,개발자 시발새끼야 니가 마지막에 반피로 깨볼래,개발자 시발 새끼 야 니 가 마지막 에 반 피로 깨볼 래,2019-01-26 11:22:14
883710,Resident Evil 2,positive,좀비매니아라면 꼭 해봐야하는 게임,좀비 매니아 라면 꼭 해봐 야하는 게임,2019-01-26 11:09:52
883710,Resident Evil 2,positive,무떠워용 ㅠㅠ,무 떠워 용 ㅠㅠ,2019-01-26 10:57:58
883710,Resident Evil 2,positive,좀비한테 쏜 총알이 빗나갔을때 이거보다 빡치는게임은 없음 그래서 주인공이 우리 대신 욕하잖아,좀비 한테 쏜 총알 이 빗나갔을 때 이 거 보다 빡치는 게임 은 없음 그래서 주인공 이 우리 대신 욕 하잖아,2019-01-26 10:52:15
883710,Resident Evil 2,positive,재밌어요~ 근데 좀 아쉬운건 레벨레이션같이 회피기능이 있었으면 좋았을텐데 공격에 그냥 노출이 되서 그부분이 많이 아쉽네요,재밌어요 ~ 근데 좀 아쉬운건 레벨 레이 션 같이 회피 기능 이 있었으면 좋았을텐데 공격 에 그냥 노출 이 되서 그 부분 이 많이 아쉽네요,2019-01-26 10:28:58
883710,Resident Evil 2,positive,클레어 > 레온 레온>클레어 모두 클리어 한 후 작성해보는 평가 [완벽한 파밍을 하지않으면 진행을 하지못하는 병이 있는 유저들에게 : 클로버키는 레온만 하트 키는 클레어만 파밍 가능함. // 레온은 에이다 허벅지에 꼽힌 파편 뽑기 전 클레어는 쉐리 쓰레기장에서 구하기 전 까지만 경찰서로 돌아갈 수 있으니 필름 현상은 그전에 꼭 하시길/ S.T.A.R.S 뱃지 유에스비로 버킨과 1차전 전에 내려갈 수 있는 최하층에서 레온은 매그넘 파츠를 클레어는 머신건 파츠를 얻을 수 있으니 S.T.A.R.S 무기고에서 총빼고 벳지 꼭 다시,클레어 > 레온 레온 > 클레어 모두 클리어 한 후 작성 해보는 평가 [ 완벽한 파밍 을 하지 않으면 진행 을 하지못하는 병 이 있는 유저 들 에게 : 클로버 키 는 레온 만 하트 키 는 클레어 만 파밍 가능함 . // 레온 은 에이 다 허벅지 에 꼽힌 파편 뽑기 전 클레어 는 쉐리 쓰레기 장 에서 구 하기 전 까지만 경찰서 로 돌아갈 수 있으니 필름 현상 은 그 전 에 꼭 하시길 / S . T . A . R . S 뱃지 유 에스 비 로 버킨 과 1 차전 전 에 내려갈 수 있는 최하 층 에서 레온 은 매그넘 파츠 를 클레어 는 머신건 파츠 를 얻을 수 있으니 S . T . A . R . S 무기고 에서 총 빼 고 벳 지 꼭 다시,2019-01-26 10:22:51
883710,Resident Evil 2,positive,진짜 오랜만에 재밌게 플레이 했습니다. 워낙 게임을 가려서 갓겜아니면 노잼하고 안하는데 진짜 재밌게 플레이했네요. 도전과제 올클리어 목표로 열심히 해야겠어요,진짜 오랜 만 에 재밌게 플레이 했습니다 . 워낙 게임 을 가려서 갓 겜 아니면 노잼 하고 안 하는데 진짜 재밌게 플레이 했네요 . 도전 과제 올 클리어 목표 로 열심히 해야겠어요,2019-01-26 09:32:51
883710,Resident Evil 2,positive,"2회차 마치고 바로 씁니다. 그냥 사세요. 무조건 사세요. 바이오하자드가 드디어 정신차렸습니다. 그냥 이것은 바하2 리메이크가 아니라 바하 후속작이다 마인드 컨트롤 해봅니다. 5,6은 머리에서 지워주세요. 그래픽 상당히 좋고, 인터페이스나 조작성이 이전 시리즈와 비교할 수 없이 좋습니다. 게임성 호러로 회귀했다는 부분에서 상당히 좋고 , 액션과 호러의 밸런스를 절묘하게 잘 맞췄습니다. 전체적으로 전작의 향수를 불어 일으키지만 새로 게임을 만들다시피 퍼즐이나 이동,레벨이 달라졌기 때문에 바하의 새로운 작품 플레이 하신다고 보시면 됩","2회 차 마치 고 바로 씁니다 . 그냥 사세요 . 무조건 사세요 . 바이오하자드 가 드디어 정신차렸습니다 . 그냥 이 것 은 바하 2 리메이크 가 아니라 바하 후속작 이다 마인드 컨트롤 해봅니다 . 5 , 6 은 머리 에서 지워주세요 . 그래픽 상당히 좋고 , 인터페이스 나 조작성 이 이전 시리즈 와 비교 할 수 없이 좋습니다 . 게임 성 호러 로 회귀 했다는 부분 에서 상당히 좋고 , 액션 과 호러 의 밸런스 를 절묘하게 잘 맞췄습니다 . 전체 적 으로 전작 의 향수 를 불어 일으키지만 새로 게임 을 만들다시피 퍼즐 이나 이동 , 레벨 이 달라졌기 때문 에 바하 의 새로운 작품 플레이 하신다고 보시 면 됩",2019-01-26 09:28:49
883710,Resident Evil 2,positive,진심 개 씹꿀잼,진심 개 씹 꿀잼,2019-01-26 09:03:22
883710,Resident Evil 2,positive,친구의 똥도 참게할만큼 어마어마한 몰입감 키야 고티 가즈아~,친구 의 똥 도 참게 할만큼 어마어마한 몰입 감 키 야 고 티 가즈 아 ~,2019-01-26 08:43:32
883710,Resident Evil 2,positive,하다가 오줌쌀뻔함,하다가 오줌 쌀 뻔함,2019-01-26 08:08:06
883710,Resident Evil 2,positive,재밌다,재밌다,2019-01-26 07:51:48
883710,Resident Evil 2,positive,20년전 처음접한 시리즈가 바하2였는데 20년후 현대의 그래픽으로 재탄생한 바하2라니.. 20년의 세월동안 기술의 발전은 엄청나지만. 20년이 지나도 난 거지인건 변함없구나.. 리사수 누님. 선물 감사!!,20년 전 처음 접 한 시리즈 가 바하 2 였는데 20년 후 현대 의 그래픽 으로 재탄생 한 바하 2 라니 .. 20년 의 세월 동안 기술 의 발전 은 엄청나지만 . 20년 이 지나도 난 거지 인 건 변함 없구나 .. 리 사수 누님 . 선물 감사 !!,2019-01-26 06:57:34
883710,Resident Evil 2,positive,무서움,무서움,2019-01-26 06:50:47
883710,Resident Evil 2,positive,대체적으로 오랜 향수를 느끼며 게임하기에는 좋았지만 전반적으로 퍼즐의 힌트가 부족해서 첫번째 클리어를 하지 않는이상 첫 플레이에서 많이 헤메게 됩니다.,대 체적 으로 오랜 향수 를 느끼며 게임 하기에는 좋았지만 전반 적 으로 퍼즐 의 힌트 가 부족해서 첫 번째 클리어 를 하지 않는 이상 첫 플레이 에서 많이 헤메 게 됩니다 .,2019-01-26 06:42:00
883710,Resident Evil 2,positive,"와 진짜 재밌어요. 요즘 할 게임 없었는데, 주말 제대로 보네겠네요.","와 진짜 재밌어요 . 요즘 할 게임 없었는데 , 주말 제대로 보네겠네요 .",2019-01-26 06:41:25
883710,Resident Evil 2,positive,중절모 쓴 시발년 때문에 레알 스트레스 존나 받는다,중절모 쓴 시발 년 때문 에 레알 스트레스 존나 받는다,2019-01-26 06:27:51
883710,Resident Evil 2,positive,너무 무서워서 스트레스 엄청 받아가며 고통받으면서 플레이중.....매운거 먹으면 매워서 괴로우면서 쾌감을 느끼는거랑 비슷한것인지.....하 너무 괴롭다..,너무 무서워서 스트레스 엄청 받아가며 고통 받으면서 플레이 중 ..... 매운거 먹으면 매워서 괴로우면서 쾌감 을 느끼는거랑 비슷한것인지 ..... 하 너무 괴롭다 ..,2019-01-26 06:25:31
883710,Resident Evil 2,positive,나쁜평가 줄게없이 굿! 버그가 약간있음,나쁜 평가 줄 게 없이 굿 ! 버그 가 약간 있음,2019-01-26 06:01:46
883710,Resident Evil 2,positive,"1998년 출시한 오리지널 바이오하자드 2를 잇는 갓겜 갓갓갓갓갓갓 2 갓리메이크 그냥 모든게 최고! 리메이크 되면서 건물 내부 및 퍼즐들이 싹 다 바껴서 바이오하자드 2의 모든 루트, 퍼즐들을 다 외운 사람도 처음 하는 것처럼 느끼며 플레이할 수 있고... 거기다가 오리지널 사운드트랙과 효과음까지 적용 가능... 다만 아쉬운건 나이프에 내구도가 생겨서 나이프 온리 클리어가 힘들어졌다는 것... --------------------------------------------------------------------------","1998년 출시 한 오 리지 널 바이오하자드 2 를 잇는 갓 겜 갓 갓 갓 갓 갓 갓 2 갓 리메이크 그냥 모든 게 최고 ! 리메이크 되면서 건물 내부 및 퍼즐 들 이 싹 다 바 껴서 바이오하자드 2 의 모든 루트 , 퍼즐 들 을 다 외운 사람 도 처음 하는 것 처럼 느끼며 플레이 할 수 있고 ... 거기 다가 오 리지 널 사운드트랙 과 효과음 까지 적용 가능 ... 다만 아쉬운건 나이프 에 내 구도 가 생겨서 나이프 온리 클리어 가 힘들어졌다는 것 ... --------------------------------------------------------------------------",2019-01-26 05:54:11
883710,Resident Evil 2,positive,이 글 읽으실 시간에 지혜로운 게이머들은 1분 1초라도 게임을 먼저 사서 플레이 합니다.,이 글 읽으실 시간 에 지혜 로운 게이머 들 은 1분 1초 라도 게임 을 먼저 사서 플레이 합니다 .,2019-01-26 05:33:00
883710,Resident Evil 2,positive,"저는 바이오하자드 구작들을 접해본적이 없습니다... 해본거라곤 급식시절 복돌로 잠깐 하다가 무서워서 때려친 4편이 가장 오래된 작품이었죠... 몇해전 바하 원작자, 미카미 신지가 야심차게 냈던 '이블위딘' 이란 게임이 궁극적으로 발전한다면 이번 바하 RE:2가 되지 않을까 생각합니다. 즉 엄청나게 완성도가 높습니다. 적절한 공포감 때문에 내내 벌벌떨면서 함 (작성자 쫄보). 퍼즐은 어려운 것 없고 적당한 분량의 뺑뻉이, 엄청나게 훌륭한 그래픽, 고어한 묘사...훌륭한 게임이 나왔습니다. 분명 적을 죽일 수 있는데도 무섭다고 느껴","저 는 바이오하자드 구 작 들 을 접해 본적 이 없습니다 ... 해본거라곤 급식 시절 복돌 로 잠깐 하다가 무서워서 때려 친 4 편이 가장 오래된 작품 이었죠 ... 몇 해전 바하 원작 자 , 미카 미 신지 가 야심 차게 냈던 ' 이블위딘 ' 이란 게임 이 궁극 적 으로 발전 한다면 이번 바하 RE : 2 가 되지 않을까 생각 합니다 . 즉 엄청나게 완성 도 가 높습니다 . 적절한 공포 감 때문 에 내내 벌벌 떨면서 함 ( 작성자 쫄보 ). 퍼즐 은 어려운 것 없고 적당한 분량 의 뺑뻉 이 , 엄청나게 훌륭한 그래픽 , 고어 한 묘사 ... 훌륭한 게임 이 나왔습니다 . 분명 적 을 죽일 수 있는데도 무섭다고 느껴",2019-01-26 05:24:52
883710,Resident Evil 2,positive,"장점 1) 그래픽이 좋다. 최적화도 나쁘지 않은거 같다. 2) 원작에 충실했다. 꽤 ㅇㅇ 단점 1) 존나 지루하다. 캐주얼 게임들 (생각할 필요가 거의 없는) 만 잔득하다 와서 그런지 스토리 비중이 높고 (매우 높고, 글 안읽으면 게임 진행이 불가능하다) 게임 내에서 뭔가 자꾸 읽고 해석해야 플레이 가능한 게임이 너무 지루하다. 전투하다 다시 이벤트, 글 읽고 .......맥이 너무 끊긴다. 그냥 좀비 터지는거만 잔득 보여주면 참 좋겠는데..... 최소한 꼬맹이일 때 BH2 플레이를 본 소감은 그랬다.","장점 1 ) 그래픽 이 좋다 . 최적화 도 나쁘지 않은거 같다 . 2 ) 원작 에 충실했다 . 꽤 ㅇㅇ 단점 1 ) 존나 지루하다 . 캐 주얼 게임 들 ( 생각 할 필요 가 거의 없는 ) 만 잔득하다 와서 그런지 스토리 비중 이 높고 ( 매우 높고 , 글 안 읽으면 게임 진행 이 불가능하다 ) 게임 내 에서 뭔가 자꾸 읽고 해석 해야 플레이 가능한 게임 이 너무 지루하다 . 전투 하다 다시 이벤트 , 글 읽고 ....... 맥 이 너무 끊긴다 . 그냥 좀비 터지는거만 잔득 보여주면 참 좋겠는데 ..... 최소한 꼬맹이 일 때 BH 2 플레이 를 본 소감 은 그랬다 .",2019-01-26 04:53:44
883710,Resident Evil 2,positive,캡콤이 이걸?,캡콤 이 이 걸 ?,2019-01-26 04:48:47
883710,Resident Evil 2,positive,개쩐당....게임불감증 날라감,개쩐당 .... 게임 불감증 날라 감,2019-01-26 04:11:49
883710,Resident Evil 2,positive,타일런트가 제일 무서웠다... 그래서 이게임이 그게 다인가!? 아니지...타일런트가 무서워서 좀비가 안무서워졌어...,타 일 런트 가 제일 무서웠다 ... 그래서 이 게임 이 그게 다인 가 !? 아니지 ... 타 일 런트 가 무서워서 좀비 가 안 무서워졌어 ...,2019-01-26 04:06:01
883710,Resident Evil 2,positive,공포가 포함된 슈팅과 퍼즐의 적절한 조합이네요 시간가는줄 몰랐습니다,공포 가 포함 된 슈팅 과 퍼즐 의 적절한 조합 이네 요 시간 가는줄 몰랐습니다,2019-01-26 03:49:46
883710,Resident Evil 2,positive,아직도 안사고 뭐해요?,아직도 안 사고 뭐 해요 ?,2019-01-26 03:41:13
883710,Resident Evil 2,positive,아.. 간만에 게임불감증 지대루 날려버린 갓겜. 돈이 안아깝다. 복돌만 좀 오래 방어해준다면 더더욱 가치있는 게임이다. 지루할틈이 없고. 길찾는게 1회차때 쫌 빡치지만은.. 증멜루다가 씹갓겜이다. 2회차가 기대된다.,아 .. 간만 에 게임 불감증 지 대루 날려 버린 갓 겜 . 돈 이 안 아깝다 . 복돌 만 좀 오래 방어 해준다면 더 더욱 가치 있는 게임 이다 . 지루할 틈 이 없고 . 길 찾는게 1회 차때 쫌 빡치지만은 .. 증멜루다 가 씹 갓 겜 이다 . 2회 차가 기대 된다 .,2019-01-26 03:40:06
883710,Resident Evil 2,positive,리메이크는 이렇게 하는거다.....,리메이크 는 이렇게 하는거다 .....,2019-01-26 03:14:24
883710,Resident Evil 2,positive,클레어 때문이라도 사야할 띵작 jordan mcewen 개이쁘네.. 헐헐!,클레어 때문 이라도 사야 할 띵작 jordan mcewen 개 이쁘네 .. 헐헐 !,2019-01-26 03:05:56
883710,Resident Evil 2,positive,바이오하자드 2의 리메이크는 성공적입니다.,바이오하자드 2 의 리메이크 는 성공 적 입니다 .,2019-01-26 03:03:59
883710,Resident Evil 2,positive,적당한 공포감과 액션으로 돌아온 바이오하자드2 리메이크 바하5~6가 액션 어드밴쳐 였지만 리메이크는 정말 밸런스가 잘잡혀 있음 플레이시간이 다소 짧다고 느껴지지만 플레이어블 캐릭이 일단은 3개이상임으로 커버가능 남녀 2캐릭 클리어하고 헝크 하고 있는데 너무 어렵다..,적당한 공포 감 과 액션 으로 돌아온 바이오하자드 2 리메이크 바하 5~6 가 액션 어드밴쳐 였지만 리메이크 는 정말 밸런스 가 잘 잡혀 있음 플레이 시간 이 다소 짧다고 느껴지지만 플레이어 블 캐릭 이 일단 은 3 개 이 상임 으로 커버 가능 남녀 2 캐릭 클리어 하고 헝크 하고 있는데 너무 어렵다 ..,2019-01-26 03:00:41
883710,Resident Evil 2,positive,"중후반부에 나오는 타노스 닮은 샛기 겁나 어릴적 추억의 공포게임 "" 화이트데이 학교라는 이름의 미궁 "" 의 수위아저씨들 난생첫대면했을때의 심장쫄깃 짜릿해지고 플레이어의 무력함을 상기시켜주는 캐릭터임에 저 타노스녀석은 좆같지만 또 매력이있는 양날의 검같은샛기인거같다... 근데 이게임은 확실히 추억을 되살려 또다른 추억이될만한 역대급 작품이다 이게 리마스터지 좆같은 손노리 병신새끼들아 폰겜대충 이식하고 세상탓 유저탓 아모튼 즈그잘못아닌 손노리 십샛기들아 너흰 그냥 나태함과 무성의함의 결합체다 아모튼 레던2 리마스터 강추해연 ^^7","중후 반 부 에 나오는 타 노스 닮은 샛기 겁나 어릴 적 추억 의 공포 게임 "" 화이트데이 학교 라는 이름 의 미궁 "" 의 수위 아저씨 들 난생 첫 대면 했을 때 의 심장 쫄깃 짜릿해지고 플레이어 의 무력함을 상기 시켜주는 캐릭터 임 에 저 타 노스 녀석 은 좆 같지만 또 매력 이 있는 양 날 의 검 같은 샛기 인거 같다 ... 근데 이 게임 은 확실히 추억 을 되살려 또다른 추억 이 될만 한 역대 급 작품 이다 이 게 리 마스터 지 좆 같은 손노리 병신 새끼 들 아 폰겜 대충 이식 하고 세상 탓 유저 탓 아모 튼 즈 그 잘못 아닌 손노리 십 샛기 들 아 너 흰 그냥 나태함과 무성의 함 의 결합 체다 아모 튼 레던 2 리 마스터 강추 해연 ^^ 7",2019-01-26 02:58:50
883710,Resident Evil 2,positive,나는 원래 아무것도 안보이는 줄 알았는데 방송보니까 겁나 밝다 2080에 17-8700k 쓰는데 플레이 못할정도는 아니라고 보는데 아무것도 안보인다 진행을 할수가 없어 누가 해결법좀 알려줘요,나 는 원래 아무 것 도 안 보이는 줄 알았는데 방송 보 니까 겁나 밝다 2080 에 17-8700 k 쓰는데 플레이 못 할 정도 는 아니라고 보는데 아무 것 도 안보 인 다 진행 을 할수가 없어 누가 해결 법좀 알려줘요,2019-01-26 02:45:07
883710,Resident Evil 2,positive,게이머라면 죽기전에 꼭 한번 해봐야하는 게임,게이머 라면 죽기전에 꼭 한번 해봐 야하는 게임,2019-01-26 02:36:36
883710,Resident Evil 2,positive,무섭다. 나는 무서워서 살 수가 없다.,무섭다 . 나 는 무서워서 살 수가 없다 .,2019-01-26 02:29:13
883710,Resident Evil 2,positive,몇몇 일부 구간의 퍼즐과 탄 쓸 일 없을 때 쯤 쏟아지는 탄 때문에 개씹빡쳤지만 오랜만에 재밌게 함. 공포감은 바하7 보단 좀 덜한듯. 개인적으로 바하7은 사놓고 초반 구간의 무서움을 극복 못하고 봉인했는데 바하2는 그럭저럭 심장 꽉 잡아가면서 함. 저장 애매한 구간에 개빡퍼즐 때매 씹빡쳐서 켜놓고 운동 갔다온 시간 빼면 레온만 한 7시간 나온듯. 퍼즐이 빡칠 수록 풀고나서의 희열이 큰데 간혹 '이게 씨발 뭐야' 싶은 퍼즐도 있긴함. 암튼 재밌음.,몇몇 일부 구간 의 퍼즐 과 탄 쓸 일 없을 때 쯤 쏟아지는 탄 때문 에 개 씹 빡쳤지만 오랜 만 에 재밌게 함 . 공포 감은 바하 7 보단 좀 덜한듯 . 개인 적 으로 바하 7 은 사놓고 초반 구간 의 무서움 을 극복 못 하고 봉인 했는데 바하 2 는 그럭저럭 심장 꽉 잡아가면서 함 . 저장 애매한 구간 에 개빡 퍼즐 때매 씹 빡쳐서 켜놓고 운동 갔다 온 시간 빼면 레온 만 한 7시간 나온듯 . 퍼즐 이 빡칠 수록 풀 고 나서의 희 열 이 큰데 간혹 ' 이 게 씨발 뭐 야 ' 싶은 퍼즐 도 있긴 함 . 암튼 재밌음 .,2019-01-26 02:28:03
883710,Resident Evil 2,positive,이블위딘처럼 인간백정 플레이를 못하는 점이 오히려 공포게임다워서 좋습니다 어쨌든 고전게임 바이오하자드2를 신세대 스타일로 멋지게 어레인지에 성공했다는 생각이 드네요 구작팬들과 새로 접하는 유저들 모두 대만족할 걸작임. 요즘 캡콤 미친듯,이블위딘 처럼 인간 백정 플레이 를 못 하는 점 이 오히려 공포 게 임다 워 서 좋습니다 어쨌든 고전 게임 바이오하자드 2 를 신세대 스타일 로 멋지게 어 레인지 에 성공했다는 생각 이 드네 요 구 작 팬 들 과 새로 접 하는 유저 들 모두 대 만족할 걸작 임 . 요즘 캡콤 미친듯,2019-01-26 02:18:10
883710,Resident Evil 2,positive,"적절한 공포와 넘치는 재미. 겁이 상당히 많은편인데 이 새벽에 헤드셋끼고 불끄고해도 할만 함. 플탐기준으로 보면 창렬인데, 존나 재미있으므로 혜자임; 그냥 사면 됨","적절한 공포 와 넘치는 재미 . 겁 이 상당히 많은 편 인데 이 새벽 에 헤드셋 끼 고 불 끄 고해 도 할만 함 . 플 탐 기준 으로 보면 창렬 인데 , 존나 재미있으므로 혜자 임 ; 그냥 사면 됨",2019-01-26 02:04:26
883710,Resident Evil 2,positive,씹추천,씹 추천,2019-01-26 02:01:36
883710,Resident Evil 2,positive,"역시 [h1]다시만든 게임 답게 원작과의 차별을 두면서도 공포와 압박은 한 층 더 업그레이드 됐어![/h1] '김레온님'의 풋네기 시절은 당연히 4편 처럼 체술이 있을리가 없으니 칼이나 수류탄이 없으면 껴안고 사랑스럽게 뜯어먹힐 수 밖에 없는데, 특히 수류탄은 생존에 아주 중요한 물건이라는걸 깨닫게 만든다. 뜯어먹히기 전에 미리 던져줘야 더 많은 좀비를 쓸어담을 수 있다는 점. 괜히 입에다 쑤셔넣어서 쑤셔넣은 좀비만 잡으면 손해를 본다. 20여 년 전의 원작은 굳이 조준을 안해도 방향만 대충 맞춰주면 됐지만, 리메이크는","역시 [ h 1 ] 다시 만 든 게임 답 게 원작 과의 차별 을 두면서도 공포 와 압박 은 한 층 더 업그레이드 됐어 ![/ h 1 ] ' 김 레온 님 ' 의 풋 네 기 시절 은 당연히 4 편 처럼 체술 이 있을 리가 없으니 칼 이나 수류탄 이 없으면 껴안고 사랑 스럽게 뜯어 먹힐 수 밖에 없는데 , 특히 수류탄 은 생존 에 아주 중요한 물건 이라 는걸 깨닫게 만든다 . 뜯어 먹히기 전 에 미리 던져줘야 더 많은 좀비 를 쓸어 담 을 수 있다는 점 . 괜히 입 에다 쑤셔 넣어서 쑤셔 넣은 좀비 만 잡으면 손해 를 본다 . 20 여 년 전의 원작 은 굳이 조준 을 안해 도 방향 만 대충 맞춰주면 됐지만 , 리메이크 는",2019-01-26 01:59:54
883710,Resident Evil 2,positive,슈발 이건 무조건 해야한다. 논스톱으로 6시간달리고 잔다. 캡콤은 뭐하냐 빨리 3탄도 리메이크 만들어라,슈발 이건 무조건 해야 한다 . 논스톱 으로 6시간 달리고 잔다 . 캡콤 은 뭐 하냐 빨리 3 탄도 리메이크 만들어라,2019-01-26 01:07:23
883710,Resident Evil 2,positive,샷권보다 권총의 타격감이 더좋은 갓겜! 아직 언더아머입은 형님덜 만나기 전이지만 뭔가 경찰서에서 빼먹은거 있는거같으서 너무 찝찝한 기분이야...,샷권 보다 권총 의 타 격감 이 더 좋은 갓 겜 ! 아직 언 더 아 머 입은 형님 덜 만나기 전이 지만 뭔가 경찰서 에서 빼먹은 거 있는거 같으서 너무 찝찝한 기분 이야 ...,2019-01-26 01:04:36
883710,Resident Evil 2,positive,개쯘다는 말말고 뭘 말할수 있을까 갓콤 사랑해 돈마니 벌어서 아이스본 빵빵하게 뽑아내자,개쯘다 는 말 말고 뭘 말 할수 있을까 갓 콤 사랑 해 돈 마니 벌어서 아이스 본 빵빵 하게 뽑아내자,2019-01-26 00:59:37
883710,Resident Evil 2,positive,음...뭔가 짧다. 에이다 서브 스토리가 있을 줄 알았는데...코스툼도 기본이 젤 낫고...,음 ... 뭔가 짧다 . 에이 다 서브 스토리 가 있을 줄 알았는데 ... 코스툼 도 기본 이 젤 낫 고 ...,2019-01-26 00:58:29
883710,Resident Evil 2,positive,형믿고 사라,형 믿고 사라,2019-01-26 00:39:22
883710,Resident Evil 2,positive,플레이타임 기준 첫번째 엔딩 본 시간 5시간 23분 이 시간은 퍼즐이나 그런것들 모조리 푼게 아니라 그냥 스토리 진행만 했을경우 나오는 타임입니다 퍼즐 모조리 다 풀고 이곳저곳 다양하게 탐색하면 거의 8~9시간 넘게 걸리지 않을까 싶네요 1998년 명작 레지던트 이블2을 리메이크해서 내놓은 작품 그래픽은 두말 할것도 없이 매우 좋아졌고 다양한 시스템이 개선되어서 출시되었습니다. 자신이 평소에 좀비게임을 좋아한다면 이 작품 강력 추천드립니다. -저는 이만 2번째 엔딩을 향하러 가보겠습니다. 이만,플레이 타임 기준 첫 번째 엔딩 본 시간 5시간 23분 이 시간 은 퍼즐 이나 그런 것 들 모조리 푼 게 아니라 그냥 스토리 진행 만 했을 경우 나오는 타임 입니다 퍼즐 모조리 다 풀 고 이 곳 저 곳 다양하게 탐색 하면 거의 8~9시간 넘게 걸리지 않을까 싶네요 1998년 명작 레지던트 이블 2 을 리메이크 해서 내놓은 작품 그래픽 은 두 말 할것도 없이 매우 좋아졌고 다양한 시스템 이 개선 되어서 출시 되었습니다 . 자신 이 평소 에 좀비 게임 을 좋아한다면 이 작품 강력 추천 드립니다 . - 저 는 이만 2 번째 엔딩 을 향 하러 가보겠습니다 . 이만,2019-01-26 00:20:33
883710,Resident Evil 2,positive,돈 안아까움 그냥 개 쩜 믿고 해보샘,돈 안아까 움 그냥 개 쩜 믿고 해보 샘,2019-01-25 23:48:49
883710,Resident Evil 2,positive,"옛 게임의 향수를 자극하면서도 현재게임의 새련된 맛을 살린 수작, 정신없는 액션게임에 머리아파했다면 클래식한 게임진행의 차분한 맛을 느끼는것도 좋을것이다. 또한 사운드가 너무 훌륭하다 꼭 해드셋을 끼고 게임을 즐겼으면 좋겠다.","옛 게임 의 향수 를 자극 하면서도 현재 게임 의 새련 된 맛 을 살린 수작 , 정신 없는 액션게임 에 머리 아파 했다면 클래식 한 게임 진행 의 차분한 맛 을 느끼는것도 좋을것이다 . 또한 사운드 가 너무 훌륭하다 꼭 해드셋 을 끼 고 게임 을 즐겼으면 좋겠다 .",2019-01-25 23:47:30
883710,Resident Evil 2,positive,바하팬이라면 무조건 사야한다. 진짜 갓겜!! 아껴서 조금씩 해야겠다. ㅎㅎ 바하 3도 리메이크 고고고!! ----------------------------------------------------------------- 8시간 정도 해본 결과 재미있긴 한데.... 문 열쇠도 기타 이벤트 아이템도 그렇고... 너무 할 정도 꼬아 놓고 여기 저기 퍼트려 놔서 플레이 타임이 너무 쓸데 없이 길어짐 원작은 초회차도 5시간만에 클리어 했는데... 이건 8시간인데....아직도 하수구..... 바하 팬으로서 끝까지 재미있게 하겠지만....,바하 팬 이 라면 무조건 사야 한다 . 진짜 갓 겜 !! 아껴서 조금씩 해야겠다 . ㅎㅎ 바하 3 도 리메이크 고고 고 !! ----------------------------------------------------------------- 8시간 정도 해본 결과 재미있긴 한데 .... 문 열쇠 도 기타 이벤트 아이템 도 그렇고 ... 너무 할 정도 꼬 아 놓고 여기 저기 퍼트 려 놔서 플레이 타임 이 너무 쓸데 없이 길어짐 원작 은 초회 차도 5시간 만에 클리어 했는데 ... 이건 8시간 인데 .... 아직도 하수 구 ..... 바하 팬 으로서 끝 까지 재미있게 하겠지만 ....,2019-01-25 23:29:19
883710,Resident Evil 2,positive,레지던트 이블 팬들이라면 이미 티저 보고 소름 돋았을 거라 예상 합니다. 그냥 갓겜 입니다. 다운 받고 플레이 하시든 시디를 사서 하시든 얼른 해보시길,레지던트 이블 팬 들이라면 이미 티저 보고 소름 돋았을 거 라 예상 합니다 . 그냥 갓 겜 입니다 . 다운 받고 플레이 하시든 시디 를 사서 하시든 얼른 해보시길,2019-01-25 23:25:47
883710,Resident Evil 2,positive,타일런트는 때와 장소를 가려줬으면 좋겟다.,타 일 런 트는 때 와 장소 를 가려 줬으면 좋겟다 .,2019-01-25 23:23:53
883710,Resident Evil 2,positive,재미있게 즐겼다 플탐 7시간 언저리 추천 함니다 퍼즐 맞추는거랑 숨은재료찾기 와따리 가따리 뻉이 돌리는거뺴고 괜찮음,재미있게 즐겼다 플 탐 7시간 언 저리 추천 함니다 퍼즐 맞추는거랑 숨은 재료 찾기 와 따리 가 따리 뻉 이 돌리는거 뺴 고 괜찮음,2019-01-25 23:17:02
883710,Resident Evil 2,positive,너무 무섭고 너무 잼있다 부라리가 가끔씩 쪼그라드는 공포감이 일품이다,너무 무섭고 너무 잼있다 부라리가 가끔 씩 쪼그라드는 공포 감 이 일품 이다,2019-01-25 23:12:04
883710,Resident Evil 2,positive,"최근 ASUS 센츄리온 7.1 샀는데, 불만족하다가 이 게임해보고 정말 잘샀다는 생각이드네요. 사운드 장난아닙니다...","최근 ASUS 센츄리온 7.1 샀는데 , 불만족 하다가 이 게임 해보고 정말 잘 샀다는 생각 이드 네 요 . 사운드 장난 아닙니다 ...",2019-01-25 23:04:36
883710,Resident Evil 2,positive,멋진 레온 갓겜,멋진 레온 갓 겜,2019-01-25 23:01:01
883710,Resident Evil 2,positive,최적화 실화냐? i7린필드+RX570_8GB 에서 풀옵이.... ㅎㄷㄷ Crossfire 미지원은 아쉽스... 공포감은 3인칭이라 그런가 7이 더 무서웠던 것 같애요.,최적화 실화 냐 ? i 7 린 필드 + RX 570 _ 8 GB 에서 풀옵 이 .... ㅎㄷㄷ Crossfire 미지 원 은 아쉽스 ... 공포 감은 3 인칭 이라 그 런가 7 이 더 무서웠던 것 같 애 요 .,2019-01-25 22:59:40
883710,Resident Evil 2,positive,원작도 살리지 못한 호러를 제대로 살려낸 명작. 이젠 인간의 굴레에서 벗어난 김레온의 깜찍한 인간 시절을 볼 수 있습니다.,원작 도 살리지 못 한 호러 를 제대로 살려 낸 명작 . 이 젠 인간 의 굴레 에서 벗어난 김 레온 의 깜찍한 인간 시절 을 볼 수 있습니다 .,2019-01-25 22:57:18
883710,Resident Evil 2,positive,말이 필요합니까,말 이 필요합니까,2019-01-25 22:47:10
883710,Resident Evil 2,positive,실제론 그렇게 안무섭고 긴장감이 좀 쫄깃한 정도이니 너무 겁먹지말고 시도 ㄱㄱ,실제 론 그렇게 안 무섭고 긴장감 이 좀 쫄깃 한 정도 이니 너무 겁 먹지말고 시도 ㄱㄱ,2019-01-25 22:39:24
883710,Resident Evil 2,positive,어린시절의 추억보정을 씹어먹을정도로 최상의 스릴감을 선사해줍니다. 높은 퀄리티의 그래픽은 덤이구요 ^^,어린시절 의 추억 보정 을 씹어 먹을 정도 로 최상 의 스릴 감 을 선사 해줍니다 . 높은 퀄리티 의 그래픽 은 덤 이구 요 ^^,2019-01-25 22:27:11
883710,Resident Evil 2,positive,흑흑 너무 재밌다,흑 흑 너무 재밌다,2019-01-25 22:24:48
883710,Resident Evil 2,positive,말이 필요없는 갓-겜,말 이 필요없는 갓 - 겜,2019-01-25 21:51:32
883710,Resident Evil 2,positive,중절모 시발년;;,중절모 시발 년 ;;,2019-01-25 21:36:28
883710,Resident Evil 2,positive,구석몰리면 인디안밥 당함,구 석 몰리 면 인디안 밥 당함,2019-01-25 21:33:18
883710,Resident Evil 2,positive,[h1] 갓콤 [/h1] 레온 클레어 둘다 엔딩 봤는데 시간 가는 줄 모르고 재미있게 했네요 각각 플레이타임은 6시간 정도 인거 같아요. 클레어 전기무기 차징할때 프레임 드랍 걸리는거 빼곤 정말 좋았습니다.,[ h 1 ] 갓 콤 [/ h 1 ] 레온 클레어 둘다 엔딩 봤는데 시간 가는 줄 모르고 재미있게 했네요 각각 플레이 타임 은 6시간 정도 인거 같아요 . 클레어 전기 무기 차징 할 때 프레임 드랍 걸리는거 빼곤 정말 좋았습니다 .,2019-01-25 21:31:20
883710,Resident Evil 2,positive,우리 캡콤이 이리 달라졋어요 아주 칭차네,우리 캡콤 이 이리 달라 졋 어 요 아주 칭차 네,2019-01-25 21:23:29
883710,Resident Evil 2,positive,바이오하자드4를 해본 이후 처음 접해보는 바이오하자드시리즈. 좀비를 때려잡는 게임이라기보다는 퍼즐풀기와 스토리 보기에 집중하게 되는 게임. 레온으로 엔딩보는데까지 나름 현명한 탄약소비를 했다고 생각했는데 중간에 한번 완전 엠티가 난적이 있음(중간중간 보이는 시체마다 머리통에 한발씩 갈김);; 화염방사기 먹기 직전이라 다행이지. 초반 경찰서에서 보면 창문으로 좀비들이 난입하는데 다 때려잡고 진행해야지 생각햇다가는 나중에 탄약이 모자람... 여기저기서 판자 주워다가 막는게 좋음 난이도 쉬움으로 하면서 딱 두곳에서 죽엇는데 겁나큰 파충류,바이오하자드 4 를 해본 이후 처음 접 해보는 바이오하자드 시리즈 . 좀비 를 때려 잡는 게임 이라기보다는 퍼즐 풀기 와 스토리 보기 에 집중 하게 되는 게임 . 레온 으로 엔딩 보는데까지 나름 현명한 탄약 소비 를 했다고 생각 했는데 중간 에 한번 완전 엠티 가 난적 이 있음 ( 중간 중간 보이는 시체 마다 머리 통 에 한 발 씩 갈 김 );; 화염방사기 먹기 직전 이라 다행 이지 . 초반 경찰서 에서 보면 창문 으로 좀비 들 이 난입 하는데 다 때려 잡고 진행 해야지 생각 햇 다가 는 나중 에 탄약 이 모자람 ... 여기저기 서 판자 주워다가 막는게 좋음 난이도 쉬움 으로 하면서 딱 두 곳 에서 죽 엇 는데 겁나 큰 파충류,2019-01-25 21:06:44
883710,Resident Evil 2,positive,몰입감 장난아니네여 ㄷㄷ,몰입 감 장난 아 니 네 여 ㄷㄷ,2019-01-25 21:04:21
883710,Resident Evil 2,positive,경찰서 파트가 기네요. 여기가 경찰선지 노르드 유적인지 모르겠지만,경찰서 파트 가 기네 요 . 여기 가 경찰 선지 노르드 유적 인지 모르겠지만,2019-01-25 20:48:55
883710,Resident Evil 2,positive,바이오하자드 매니아였고 특히 4를 많이 즐겼던 유저로서 일부 단점을 제외하고는 바하 시리즈 명작 반열에 올라도 어색하지 않을 만큼 제대로 빚어낸 작품이 나왔다고 생각이 듭니다. 언급할 장점들이 정말로 많지만 플레이 하면서 체감상 느낀부분만 얘기하겠습니다. 일단 게임의 전반적인 시스템이 맘에 들었던 것이 2 편의 작품성은 그대로 살리면서 4편의 백뷰 시점 + 3.5에서 나왔던 라이트를 통한 비전 시스템을 도입한 것이 공포감을 극대화 시켰다고 봅니다. 또한 그래픽이 너무 좋아서 컷신 뿐만 아니라 인게임 도중에도 눈을 땔 수가,바이오하자드 매니아 였고 특히 4 를 많이 즐겼던 유저 로서 일부 단점 을 제외 하고는 바하 시리즈 명작 반 열 에 올라도 어색하지 않을 만큼 제대로 빚 어 낸 작품 이 나왔다고 생각 이 듭니 다 . 언급 할 장점 들 이 정말로 많지만 플레이 하면서 체감 상 느낀 부분 만 얘기 하겠습니다 . 일단 게임 의 전반 적 인 시스템 이 맘 에 들었던 것 이 2 편의 작품 성은 그대로 살리면서 4 편의 백 뷰 시점 + 3.5 에서 나왔던 라이트 를 통한 비전 시스템 을 도입 한 것 이 공포 감 을 극 대화 시켰다고 봅니다 . 또한 그래픽 이 너무 좋아서 컷신 뿐 만 아니라 인 게임 도중 에도 눈 을 땔 수가,2019-01-25 20:27:31
883710,Resident Evil 2,positive,바하7을 시작했을 때 그 전율을 다시 한번 느꼈다,바하 7 을 시작 했을 때 그 전율 을 다시 한번 느꼈다,2019-01-25 20:19:45
883710,Resident Evil 2,positive,바이오 하자드 시리즈 자체에 큰 기대감이 없는 편인데 이번 리메이크는 정말로 훌륭하다는 말밖에 못하겠습니다,바이오 하자드 시리즈 자체 에 큰 기 대감 이 없는 편 인데 이번 리메이크 는 정말로 훌륭하다는 말 밖에 못 하겠습니다,2019-01-25 20:14:24
883710,Resident Evil 2,positive,타이런트 좆같은 새끼,타 이런 트 좆 같은 새끼,2019-01-25 20:03:01
883710,Resident Evil 2,positive,"호러액션의 띵작 바이오하자드2를 성공적으로 리메이크 했다. RE엔진을 활용해 더 리얼해진 그래픽과 공포감을 정말 잘 살렸고 4,5,6 재밌게 즐겼던 사람이라면 호러와 액션을 절묘하게 믹스하여 재미를 느낄 수 있다. 단 적응이 어려운 것이 있다면 퍼즐요소와 레온의 턱이 아닐까 싶다.(턱을 왜 갈라놓은거지?) 2019년 초부터 캡콤이 또 하나의 띵작을 발매했군. 추천!","호러 액션 의 띵작 바이오하자드 2 를 성공 적 으로 리메이크 했다 . RE 엔진 을 활용 해 더 리얼 해진 그래픽 과 공포 감 을 정말 잘 살렸고 4 , 5 , 6 재밌게 즐겼던 사람 이 라면 호러 와 액션 을 절묘하게 믹스 하여 재미 를 느낄 수 있다 . 단 적응 이 어려운 것 이 있다면 퍼즐 요소 와 레온 의 턱 이 아닐까 싶다 .( 턱 을 왜 갈라놓은 거지 ?) 2019년 초 부터 캡콤 이 또 하나 의 띵작 을 발매 했군 . 추천 !",2019-01-25 19:56:41
883710,Resident Evil 2,positive,쫄보라서 화면 밝게해서 하는 중.. 나이가 들어서 그런지 놀랄 때마다 체력이 급격히 저하됨 . 많은 사람들이 해봤으면 좋겠음. 캡콤이 다시 양질의 게임을 뽑아내는 회사가 돼서 기쁨.,쫄보 라서 화면 밝게 해서 하는 중 .. 나이 가 들어서 그런지 놀랄 때 마다 체력 이 급격히 저하 됨 . 많은 사람 들 이 해봤으면 좋겠음 . 캡콤 이 다시 양질 의 게임 을 뽑아내는 회사 가 돼서 기쁨 .,2019-01-25 19:54:25
883710,Resident Evil 2,positive,"8시간 짜리 게임을 살면서 켠왕을 다 해보네요. 너무나 즐겁게 플레이했습니다. 전반적으로 탄약이 부족한 게 데드스페이스2를 처음 했을 때 느낌이었는데, 난이도 수가 서로 차이가 있어서 그런지, 노멀 난이도로 비교하자면 RE2가 훨씬 탄약이 부족한 상황이 자주 옵니다. 중간 보스를 포함한 보스 전투에서 탄약이 후달려 당황한 기억이 새록새록 나네요. 캡콤이 게임의 평가와 수익을 모두 원한다는 말을 정말 잘 지키고 있는 것 같아요. 디럭스 에디션을 예약 구매한 것이 하나도 후회되지 않습니다. 앞으로도 이대로만 쭈욱 꽃길 걸었으면 좋겠","8시간 짜리 게임 을 살면서 켠왕 을 다 해보네요 . 너무나 즐겁게 플레이 했습니다 . 전반 적 으로 탄약 이 부족한 게 데드 스페이스 2 를 처음 했을 때 느낌이었는데 , 난이도 수가 서로 차이 가 있어서 그런지 , 노멀 난이도 로 비교 하자면 RE 2 가 훨씬 탄약 이 부족한 상황 이 자주 옵니다 . 중간 보스 를 포함 한 보스 전투 에서 탄약 이 후 달려 당황 한 기억 이 새록새록 나네요 . 캡콤 이 게임 의 평가 와 수익 을 모두 원한다는 말 을 정말 잘 지키고 있는 것 같아요 . 디럭스 에디 션 을 예약 구매 한 것 이 하나 도 후회되지 않습니다 . 앞 으로도 이대 로만 쭈욱 꽃길 걸었으면 좋겠",2019-01-25 19:48:17
883710,Resident Evil 2,positive,은근 무서운 게임이고 바퀴벌레가 나오고(중요) 폴아웃 4에서 나오던 닉 발렌타인이 근육빵빵 되고 무섭게 유저를 잡으러 온다. 닉 발렌타인 아저씨 존12나 쎄요.,은근 무서운 게임 이고 바퀴벌레 가 나오고 ( 중요 ) 폴아웃 4 에서 나오던 닉 발렌타인 이 근육 빵빵 되고 무섭게 유저 를 잡으러 온다 . 닉 발렌타인 아저씨 존 12 나 쎄요 .,2019-01-25 19:43:19
883710,Resident Evil 2,positive,"클래식 바이오하자드 시리즈가 당시에 잘 만들어진 게임이라는 점을 부정하지는 않겠지만 , 신세대 게이머였던 내가 접했던 클래식 바이오하자드 시리즈는 솔직히 불편하고 짜증이 나던 게임이었음. 불편한 고정 카메라 시점 , 많은 로딩 구간들은 공포감 보다는 불편함 , 짜증으로 게임을 중도 포기하게 싶게 만들었다. 고로 나는 2015년에 공개된 바이오하자드2의 리메이크 소식에 딱히 남들처럼 관심을 가진 편은 아니었지만 , 바이오하자드 7 이후의 캡콤 행보와 E3에서 공개된 리메이크 시연 영상으로 생각을 바꾸었고 , 실제로 까보니 잘","클래식 바이오하자드 시리즈 가 당시 에 잘 만들어진 게임 이라는 점 을 부정 하 지는 않겠지만 , 신세대 게이머 였던 내 가 접 했던 클래식 바이오하자드 시리즈 는 솔직히 불편하고 짜증 이 나던 게임 이었음 . 불편한 고정 카메라 시점 , 많은 로딩 구간 들 은 공포 감 보다는 불편함 , 짜증 으로 게임 을 중도 포기 하게 싶게 만들었다 . 고로 나 는 2015년 에 공개 된 바이오하자드 2 의 리메이크 소식 에 딱히 남 들 처럼 관심 을 가진 편 은 아니었지만 , 바이오하자드 7 이후 의 캡콤 행보 와 E 3 에서 공개 된 리메이크 시연 영상 으로 생각 을 바꾸었고 , 실제 로 까 보니 잘",2019-01-25 19:43:01
883710,Resident Evil 2,positive,겜하다 오줌쌀뻔했다 캠콤색기들앜ㅋㅋㅋ,겜 하다 오줌 쌀 뻔했다 캠콤 색기 들 앜 ㅋㅋㅋ,2019-01-25 19:39:12
883710,Resident Evil 2,positive,아주 잔인하고 무섭지만 존내 개꿀잼인 갓겜 뭐 찾고다니기 좀 귀찮지만 진짜 게임하나 잘만들었다. 이게 진짜 좀비 서바이벌게임이지,아주 잔인하고 무섭지만 존내 개꿀잼 인 갓 겜 뭐 찾고다니기 좀 귀찮지만 진짜 게임 하나 잘 만들었다 . 이 게 진짜 좀비 서바이벌게임 이지,2019-01-25 19:19:18
883710,Resident Evil 2,positive,바하 특유의 체술 공격이 없는게 좀 아쉬움 바하4~6 할때 습관이 베여있어서 그런가 머리나 다리쏘고 경직된 순간 체술 쓰려고 좀비한테 붙다가 쳐맞음 엌ㅋㅋㅋㅋ 게임성은 완벽 말이 필요없음 플레이 영상 https://www.youtube.com/playlist?list=PLorkZ6-Hdb9VnNUX8Jlw98JJX-xETSn1h,바하 특유 의 체술 공격 이 없는게 좀 아쉬움 바하 4~6 할 때 습관 이 베 여 있어서 그 런가 머리 나 다리 쏘고 경직 된 순간 체술 쓰려고 좀비 한테 붙다가 쳐 맞음 엌 ㅋㅋㅋㅋ 게임 성은 완벽 말 이 필요없음 플레이 영상 https://www.youtube.com/playlist?list=PLorkZ6-Hdb9VnNUX8Jlw98JJX-xETSn1h,2019-01-25 19:19:07
883710,Resident Evil 2,positive,나처럼 탄관리 회복약 관리 제대로 안하면 막판 슈퍼 타이런트전때 식겁한다 ㄹㅇ루 리트만 70번째...,나 처럼 탄 관리 회복 약 관리 제대로 안 하면 막판 슈퍼 타 이런 트 전 때 식겁한다 ㄹㅇ 루 리트 만 70 번째 ...,2019-01-25 19:15:51
883710,Resident Evil 2,positive,진행이 막힌다면 아이탬을 잘 살펴 봅시다. 여러분 아줌마인 줄 알았습니다. 누님,진행 이 막힌다면 아이탬 을 잘 살펴 봅시다 . 여러분 아줌마 인 줄 알았습니다 . 누님,2019-01-25 19:04:05
883710,Resident Evil 2,positive,내 유년기 추억이 너무 환상적으로 리메이크됨,내 유년기 추억 이 너무 환상 적 으로 리메이크 됨,2019-01-25 18:58:47
883710,Resident Evil 2,positive,"it's reaally good game, but too much running out ammo, and zombies standing. However, that means more reality. little bit different than before, everything is really good. i love it.","it ' s reaally good game , but too much running out ammo , and zombies standing . However , that means more reality . little bit different than before , everything is really good . i love it .",2019-01-25 18:55:50
883710,Resident Evil 2,positive,"대머리 아저씨 쫄깃쫄깃 엄근진 상남자 분위기 무섭다. 총알, 회복약, 타일런트의 압박! 맵을 활용하면 길찾기는 쉽다! (획득하지 못한 아이템 등 표시 해줘서 좋다) 대갈통 밟기가 없어 아쉽대. 개들은 성가시다. ㅡㅡㅡㅡㅡㅡㅡㅡㅡ 재핑 시스템 그 뭐시기 있었다면 좋았겠다.","대머리 아저씨 쫄깃쫄깃 엄근진 상남자 분위기 무섭다 . 총알 , 회복 약 , 타 일 런트 의 압박 ! 맵 을 활용 하면 길찾기 는 쉽다 ! ( 획득 하지 못 한 아이템 등 표시 해줘서 좋다 ) 대갈 통 밟기가 없어 아쉽대 . 개 들 은 성가시다 . ㅡㅡㅡㅡㅡㅡㅡㅡㅡ 재핑 시스템 그 뭐시기 있었다면 좋았겠다 .",2019-01-25 18:51:44
883710,Resident Evil 2,positive,"발매 전 날 미리 받기하신분들중, 간혹가다가 장소로딩이 잘 안되어있으시다면 게임을 지우고 다시 받아보세요. 잘 됩니다!","발매 전 날 미리 받기하 신분 들 중 , 간혹 가다가 장소 로딩 이 잘 안되어있으시다면 게임 을 지우고 다시 받아 보세요 . 잘 됩니다 !",2019-01-25 18:44:44
883710,Resident Evil 2,positive,내가 3D멀미만 없었으면 좋았을텐데 너무 재미있다 원작이랑 진행하는 방식이 차이가 좀 있는데 내가 총을 못쏘는건지 총알이 항상 부족하더라 그리고 타일런트 머대리임,내 가 3 D 멀미 만 없었으면 좋았을텐데 너무 재미있다 원작 이랑 진행 하는 방식 이 차이 가 좀 있는데 내 가 총 을 못 쏘는 건지 총알 이 항상 부족하더라 그리고 타일 런트 머 대리 임,2019-01-25 18:43:18
883710,Resident Evil 2,positive,"넵, 재밌습니다. 지금까지 나온 호러 좀비 게임 중 가장 고어틱한 묘사를 보여주는 게임으로 생각되고, 그 점만 하더라도 좀비 게임으로서 살만한 가치가 있다고 생각하지만 좀 더 첨언하자면 스토리 같은 경우엔 오리지널에 비해 백만배 나아졌지만 좀비물의 틀에서 그리 벗어나진 못했고 (애초에 리메이크니까 말이지 그리고 캡콤에게 임푸르브-한 스토리를 기대하는 것 자체가 바보고) 호러 요소는 '타이런트' 설명 끝. 게임을 해보면 좀비물에서 호러가 무엇인지 잘 보여줍니다. 사운드는...브금 같은 건 있는지도 잘 모르겠지만 타이런트가 접근할","넵 , 재밌습니다 . 지금 까지 나온 호러 좀비 게임 중 가장 고어 틱 한 묘사 를 보여주는 게임 으로 생각 되고 , 그 점 만 하더라도 좀비 게임 으로서 살 만 한 가치 가 있다고 생각 하지만 좀 더 첨 언 하자 면 스토리 같은 경우 엔 오 리지 널 에 비해 백만배 나아졌지만 좀비 물의 틀 에서 그리 벗어나진 못 했고 ( 애초 에 리메이크 니까 말 이지 그리고 캡콤 에게 임푸르브 - 한 스토리 를 기대하는 것 자체 가 바보 고 ) 호러 요소 는 ' 타 이런 트 ' 설명 끝 . 게임 을 해보면 좀비 물 에서 호러 가 무엇 인지 잘 보여줍니다 . 사운드 는 ... 브금 같은 건 있는지도 잘 모르겠지만 타 이런 트 가 접근 할",2019-01-25 18:20:18
883710,Resident Evil 2,positive,기대햇던 바이오하자드 작품 !! 믿고 사고 게임합니다.,기 대 햇던 바이오하자드 작품 !! 믿고 사고 게임 합니다 .,2019-01-25 18:13:54
883710,Resident Evil 2,positive,공포에 미친게임.,공포 에 미친 게임 .,2019-01-25 18:13:33
883710,Resident Evil 2,positive,내가 정말 궁금한건 왜 주인공이란 새끼들은 좀비에게 잡혔을 때 버둥거리기만 하냐는거야. 썅 붙잡혔을때 얼굴에 주먹 한 방 먹일 힘이 있었으면 진작에 잡혔을 때부터 때렸어야지 목덜미 물어뜯긴 다음에 씨발 때리지 말고. 씨-바 스토리도 좀 이상한게 셰리는 레온이랑 처음 만났으면서 왜 그렇게 친한 척하는데. 에이다는 그 높은 곳에서 떨어졌는데도 로켓런쳐 던질 힘이 있었다고? B시나리오는 왜 A시나리오랑 비슷비슷한데? 내가 오리지널 2편은 안해봐서 재핑 시스템은 잘 모르겠는데 시이발 최소한 B시나리오보단 괜찮은 아이디어일것 같다. 캡콤이,내 가 정말 궁금한건 왜 주인공 이란 새끼 들 은 좀비 에게 잡혔을 때 버둥 거리 기만 하냐는거야 . 썅 붙잡혔을 때 얼굴 에 주먹 한 방 먹일 힘 이 있었으면 진작 에 잡혔을 때 부터 때렸어야지 목덜미 물어 뜯긴 다음 에 씨발 때리지 말고 . 씨 - 바 스토리 도 좀 이상한게 셰리 는 레온 이랑 처음 만났으면서 왜 그렇게 친한 척 하는데 . 에이 다는 그 높은 곳 에서 떨어졌는데도 로켓 런쳐 던질 힘 이 있었다고 ? B 시나리오 는 왜 A 시나리오 랑 비슷 비슷한데 ? 내 가 오 리지 널 2 편 은 안 해봐서 재핑 시스템 은 잘 모르겠는데 시 이발 최소한 B 시나리오 보단 괜찮은 아이디어 일것 같다 . 캡콤 이,2019-01-25 18:04:34
883710,Resident Evil 2,positive,좀비가 너무 안죽엉,좀비 가 너무 안 죽 엉,2019-01-25 18:04:05
883710,Resident Evil 2,positive,타일런트 나오기 전까진 안무서운데 타일런트 나오고난뒤 토나옴 내가 뭐좀 할려하면 귀신같이 튀어나와서 뚜벅뚜벅 걸어오는데 노이로제 걸릴것같음,타일 런트 나오기 전 까진 안 무서운데 타일 런트 나오고난 뒤 토나옴 내 가 뭐좀 할려 하면 귀신 같이 튀어나와서 뚜벅뚜벅 걸어오는데 노이로제 걸릴것 같음,2019-01-25 18:03:43
883710,Resident Evil 2,positive,아이고 재밌습니다 퍼즐 좀 빡치는거 빼곤...,아이고 재밌습니다 퍼즐 좀 빡치는거 빼곤 ...,2019-01-25 17:57:24
883710,Resident Evil 2,positive,원작을 초월해 버린 리메이크.... 정말 이건 물건이네요 7할때도 정말 잼있었지만 2리메는 정말 말이 필요없습니다. 20년전 어렸을적 향수를 다시 한번 느껴보기 위해서 구매해서 플레이하고 있지만 이건 정말 물건입니다. 캡콤애 이전에 록맨때도 그렇고 욕을좀 먹었었지만 캡콤의 부활이라고 다시 한번 이야기 하고 싶네요 유저들이 뭐를 원하는지 예전에 블자가 그랬듯이 캡콤이 그러네요 정말 강.추합니다. 앞으로도 캡콤 게임든 모두 구매 예정입니다.,원작 을 초월 해 버린 리메이크 .... 정말 이건 물건 이네 요 7 할 때 도 정말 잼있었지만 2 리 메는 정말 말 이 필요없습니다 . 20년 전 어렸을 적 향수 를 다시 한번 느껴 보기 위해 서 구매 해서 플레이 하고 있지만 이건 정말 물건 입니다 . 캡콤 애 이전 에 록맨 때 도 그렇고 욕 을 좀 먹었었지만 캡콤 의 부활 이라고 다시 한번 이야기 하고 싶네요 유저 들 이 뭐 를 원하는지 예전 에 블자 가 그랬듯이 캡콤 이 그러네요 정말 강 . 추합니다 . 앞 으로도 캡콤 게임 든 모두 구매 예정 입니다 .,2019-01-25 17:33:10
883710,Resident Evil 2,positive,말이 필요없다.,말 이 필요없다 .,2019-01-25 17:23:20
883710,Resident Evil 2,positive,타일런두한 형님. 이 레온 아우가 무릎을 꿇었습니다. 이제 됐습니까?,타 일 런 두 한 형님 . 이 레온 아우 가 무릎 을 꿇었습니다 . 이제 됐습니까 ?,2019-01-25 17:17:16
883710,Resident Evil 2,positive,과거의 플레이 느낌을 다시 느낄수 있다. 원작의 중요한 점은 남겨두면서 모든 면에서 나아졌다. 정말 완벽한 리메이크 작품.,과거 의 플레이 느낌 을 다시 느낄수 있다 . 원작 의 중요한 점 은 남겨 두 면서 모든 면 에서 나아졌다 . 정말 완벽한 리메이크 작품 .,2019-01-25 16:58:51
883710,Resident Evil 2,positive,도중에 난이도 못바꿔요?? 에반데.. 게임은 졸라 재밌음,도중 에 난이도 못 바꿔요 ?? 에 반 데 .. 게임 은 졸라 재밌음,2019-01-25 16:57:42
883710,Resident Evil 2,positive,bb,bb,2019-01-25 16:55:20
883710,Resident Evil 2,positive,그..뭐고..입에서 나오는 변형좀비인가 거기서 부터 껏다.,그 .. 뭐 고 .. 입 에서 나오는 변형 좀비 인가 거기 서 부터 껏 다 .,2019-01-25 16:52:35
883710,Resident Evil 2,positive,리메이크는 이런거다! 라고 재대로 보여주는 작품 디럭판 예약 구매하고 이렇게 가슴 졸이게 기다려본 게임은 오랜만인것같다..,리메이크 는 이런 거 다 ! 라고 재 대로 보여주는 작품 디럭판 예약 구매 하고 이렇게 가슴 졸이게 기다려 본 게임 은 오랜 만인 것 같다 ..,2019-01-25 16:24:02
883710,Resident Evil 2,positive,창문에 바리케이드치고 좀비를 죽이면 좀비가 창문에게 구애를하는 춤을춘다,창문 에 바리 케이드 치고 좀비 를 죽이면 좀비 가 창문 에게 구애 를 하는 춤 을 춘다,2019-01-25 16:22:05
883710,Resident Evil 2,positive,게임은 매우 훌륭하지만 2019년 고티는 힘들거같다 경쟁상대가 사이버펑크 2077(제작사에 따르면 올해나온다고함)이랑 라오어2라니 ...,게임 은 매우 훌륭하지만 2019년 고 티 는 힘들거 같다 경쟁 상대 가 사이버펑크 2077 ( 제작사 에 따르면 올해 나온다 고함 ) 이랑 라오어 2 라니 ...,2019-01-25 16:09:35
883710,Resident Evil 2,positive,아 진짜 타일런트 너무 무섭잖어;; 심장 쪼그라들겄네,아 진짜 타일 런트 너무 무섭잖어 ;; 심장 쪼그라들 겄 네,2019-01-25 15:57:16
883710,Resident Evil 2,positive,레지던트 이블6으로 입문했습니다. 6편은 다른 분들이 말씀하신대로 액션겜이 맞았군요. 참고로 이편은 진.짜.겁.나.무.섭.습.니.다. 5년쓰던 그래픽 카드가 망가져 이번에 RX 570 저렴한 가격에 구매하여 겜증정 쿠폰으로 받았습니다. RX570도 중상 옵션으로 잘돌아갑니다. 초반부이지만 생각보다 적들이 강하고 깜짝깜짝 놀라게 하는 부분이 많더군요. 이상한 놈을 만나서 샷건탄 다부었고 권총탄만 남았는데 한대맞고 빈사고 문앞에서 와리가리를 해서 앞으로 가기가 ㅎㄷㄷ합니다. 지나가다 쪽지에서 힌트를 발견해서 지나갈 수 있었습니다.,레지던트 이블 6 으로 입문 했습니다 . 6 편 은 다른 분 들 이 말씀 하신대로 액션 겜 이 맞았군요 . 참고 로 이편 은 진 . 짜 . 겁 . 나 . 무 . 섭 . 습 . 니 . 다 . 5년 쓰던 그래픽 카드 가 망가져 이번 에 RX 570 저렴한 가격 에 구매 하여 겜 증정 쿠폰 으로 받았습니다 . RX 570 도 중상 옵션 으로 잘 돌아갑니다 . 초반 부 이지만 생각 보다 적 들 이 강하고 깜짝깜짝 놀라게 하는 부분 이 많더군요 . 이상한 놈 을 만나서 샷건 탄 다 부었고 권총 탄만 남았는데 한대 맞고 빈사 고 문 앞 에서 와리 가리를 해서 앞 으로 가기 가 ㅎㄷㄷ 합니다 . 지나가다 쪽지 에서 힌트 를 발견 해서 지나갈 수 있었습니다 .,2019-01-25 15:53:27
883710,Resident Evil 2,positive,시작부터 장기자랑 지렸다...,시작 부터 장기 자랑 지렸다 ...,2019-01-25 15:53:26
883710,Resident Evil 2,positive,갓겜 판독중.... ...... 갓겜 인정!!!,갓 겜 판독 중 .... ...... 갓 겜 인정 !!!,2019-01-25 15:43:48
883710,Resident Evil 2,positive,정말 재미있네요. 최고의 게임입니다.!!,정말 재미있네요 . 최고 의 게임 입니다 .!!,2019-01-25 15:41:21
883710,Resident Evil 2,positive,저만 그런건진 모르겠지만 화면 해상도 설정할려고 그래픽 부분으로 진입하면 튕기는 버그가 있네요. 그래픽카드 램을 인식못하네요,저만 그런 건진 모르겠지만 화면 해상도 설정 할려고 그래픽 부분 으로 진입 하면 튕기 는 버그 가 있네요 . 그래픽카드 램 을 인식 못 하네요,2019-01-25 15:33:31
883710,Resident Evil 2,positive,인트로 때는 화면 이 색상 괜찮은데 인게임만 들어가면 화면이 흑색으로 바뀌는데 무슨이유죠?,인트 로 때 는 화면 이 색상 괜찮은데 인 게임 만 들어가면 화면 이 흑색 으로 바뀌는데 무슨 이유 죠 ?,2019-01-25 15:22:53
883710,Resident Evil 2,positive,회색빡빡이를 건들지 마십시오 모자를 쏠경우 탈모가 노출되서 분노의 회색빡빡이는 더 빠른속도로 님들의 몸뚱아리를 두부마냥 으깨버립니다 그게 두부모드다,회색 빡빡 이를 건 들 지 마십시오 모자 를 쏠 경우 탈모 가 노출 되서 분노 의 회색 빡빡이 는 더 빠른 속도 로 님들 의 몸뚱아리 를 두 부마 냥 으 깨 버립니다 그게 두부 모드 다,2019-01-25 15:18:13
883710,Resident Evil 2,positive,잘하고있는데 버그있네요 경찰서에 모니터 확인하는데 자꾸 그래픽깨지는데 저만그래요? 1070ti에 그래픽드라이버 최신인데,잘 하고있는데 버그 있네요 경찰서 에 모니터 확인 하는데 자꾸 그래픽 깨지는데 저 만 그래요 ? 1070 ti 에 그래픽 드라이버 최신 인데,2019-01-25 14:54:34
883710,Resident Evil 2,positive,공포+생존게임 좋아한다면 강추 레포데처럼 좀비학살하고 싶은 사람은 비추,공포 + 생존 게임 좋아한다면 강추 레포데 처럼 좀비 학살 하고 싶은 사람 은 비추,2019-01-25 14:51:22
883710,Resident Evil 2,positive,21세기가 20세기 게이머들에게 선사하는 최고의 선물,21 세기 가 20 세기 게이머 들 에게 선사 하는 최고 의 선물,2019-01-25 14:47:38
883710,Resident Evil 2,positive,"내 인생 최고의 서바이벌 호러게임. 이것 말고는 말로 표현할 필요가 없다. 굳이 표현하자면 적절한 순간에서 불쑥불쑥 튀어나와 갑툭튀를 시전하는게 공포감을 줘서 게임 분위기에 더욱 몰입하고 긴장할 수 있었으며 적재 적소에서 다양한 무기로 다양한 적에게 맞설 수 있어 더욱히 게임이 재미있었다. 무엇보다도 RE엔진으로 새로히 구성된 좀비, 좀비견, 릭커, 윌리엄G 등의 괴물들의 그래픽이 현실적으로 탈바꿈 되어 시각적 즐거움도 소소히 있었고 경찰서 등 맵 곳곳에 있는 퍼즐을 풀거나 금고를 여는것도 나름대로 흥미롭고 재미있었다. 한마디로 표","내 인생 최고 의 서바이벌 호러 게임 . 이 것 말고는 말로 표현 할 필요 가 없다 . 굳이 표현 하자면 적절한 순간 에서 불쑥 불쑥 튀어나와 갑툭튀 를 시전 하는게 공포 감 을 줘서 게임 분위기 에 더욱 몰입 하고 긴장 할 수 있었으며 적재 적소 에서 다양한 무기 로 다양한 적 에게 맞설 수 있어 더욱 히 게임 이 재미있었다 . 무엇 보다도 RE 엔진 으로 새로히 구성 된 좀비 , 좀 비견 , 릭커 , 윌리엄 G 등 의 괴물 들 의 그래픽 이 현실 적 으로 탈바꿈 되어 시각 적 즐거움 도 소소히 있었고 경찰서 등 맵 곳곳 에 있는 퍼즐 을 풀거나 금고 를 여는것도 나름 대로 흥미 롭고 재미있었다 . 한마디 로 표",2019-01-25 14:39:47
883710,Resident Evil 2,positive,●레지던트 이블 리2● ---{Graphics}--- ○ 기가막힘 ● 아름다움 ○ 괜찮음 ○ 어지간함 ○ 봐줄만 함 ○ 별로임 ○ 끔찍함 ○ 특색있음 ---{Gameplay}--- ○ 중독되지 않게 조심 ● 굉장히 좋음 ● 좋음 ○ 평범함 ○ 음.. ○ 별로임 ○ 끔찍함 ---{Audio}--- ○ 하으읏 ● 굉장히 좋음 ○ 좋음 ○ 어지간함 ○ 크게 나쁘지 않음 ○ 나쁨 ○ 귀갱 ---{PC Requirements}--- ○ 계산기 구동만 가능하면 됨 ○ 좋지 않아도 됨 ○ 어지간해야함 ● 빨라야함 ○ 존나 좋아야함,● 레지던트 이블 리 2 ● ---{ Graphics }--- ○ 기 가 막힘 ● 아름다 움 ○ 괜찮음 ○ 어지간함 ○ 봐줄만 함 ○ 별로 임 ○ 끔찍함 ○ 특색 있음 ---{ Gameplay }--- ○ 중독 되지 않게 조심 ● 굉장히 좋음 ● 좋음 ○ 평범함 ○ 음 .. ○ 별로 임 ○ 끔찍함 ---{ Audio }--- ○ 하으읏 ● 굉장히 좋음 ○ 좋음 ○ 어지간함 ○ 크게 나쁘지 않음 ○ 나쁨 ○ 귀 갱 ---{ PC Requirements }--- ○ 계산기 구동 만 가능하면 됨 ○ 좋지 않아도 됨 ○ 어지간해야 함 ● 빨라 야함 ○ 존나 좋아야 함,2019-01-25 14:37:21
883710,Resident Evil 2,positive,갓겜,갓 겜,2019-01-25 14:32:36
883710,Resident Evil 2,positive,음.. 왜흑백으로나오죠?? 인트로이런건 색감나오는데; 아;;?..,음 .. 왜 흑백 으로나 오죠 ?? 인트 로 이런건 색감 나오는데 ; 아 ;;?..,2019-01-25 14:31:38
883710,Resident Evil 2,positive,원래 예구 잘 안하는데 이건 잘한듯합니다~ : ) 근데 이거 난이도 쉬움은 에임 보정되서 패드로 할만한데 보통이상은....ㄷㄷ;;; 키마 아니면 개힘드네요 ㅠㅠ,원래 예 구 잘 안 하는데 이건 잘 한듯 합니다 ~ : ) 근데 이 거 난이도 쉬움 은 에 임 보정 되서 패드 로 할 만한데 보통 이상은 .... ㄷㄷ ;;; 키마 아니면 개 힘드네요 ㅠㅠ,2019-01-25 14:30:39
883710,Resident Evil 2,positive,좁은 곳에 타이런트가 달려오면 답이 업따,좁은 곳 에 타 이런 트 가 달려오면 답 이 업 따,2019-01-25 14:19:23
883710,Resident Evil 2,positive,평가 볼시간에 구매하고 플레이 하세요.,평가 볼 시간 에 구매 하고 플레이 하세요 .,2019-01-25 14:12:28
883710,Resident Evil 2,positive,이게임 깜짝놀라는거 개많음 산거후회안함,이 게임 깜짝 놀라는거 개 많음 산거 후회 안함,2019-01-25 14:10:12
883710,Resident Evil 2,positive,"생각보다 무섭지 않네요. 경찰 아저씨가 견우와 직녀처럼 상반신과 하반신이 이별하며 장기자랑하는 부분부터 볼륨을 줄였습니다. 레온 케네디한테는 너무 미안하지만, 그의 첫 출근날이 개판이라서 우리는 너무 즐겁게 플레이 할 수 있었습니다. 우리에게 이 게임의 재미를 보여주려고 자신 스스로 극한직업을 선택한 레온 케네디... 당신의 희생 감사합니다. 잠시 여유가 되신다면, 우리에게 이 완벽한 게임을 선사해준 그의 첫 출근날을 위해 치얼스-! 아... 아니, 묵념-","생각 보다 무섭지 않네요 . 경찰 아저씨 가 견우 와 직녀 처럼 상반신 과 하반신 이 이별 하며 장기 자랑 하 는 부분 부터 볼륨 을 줄였습니다 . 레온 케네디 한테 는 너무 미안하지만 , 그 의 첫 출근 날 이 개판 이라서 우리 는 너무 즐겁게 플레이 할 수 있었습니다 . 우리 에게 이 게임 의 재미 를 보여주려고 자신 스스로 극 한 직업 을 선택 한 레온 케네디 ... 당신 의 희생 감사합니다 . 잠시 여유 가 되 신다면 , 우리 에게 이 완벽한 게임 을 선사 해준 그 의 첫 출근 날 을 위해 치얼스 -! 아 ... 아니 , 묵념 -",2019-01-25 13:58:59
883710,Resident Evil 2,positive,"99년도였던거 같네요. 제가 99학번이었으니까 그당시 시디 2장 게임이었는데... cd1은 레온편, cd2는 클레어편 이렇게 나누어졌던거 같아요 정말 재미있게 했는데 리메이크 되다니... 감동이네요.","99년 도였던거 같네요 . 제 가 99 학번 이었으니까 그 당시 시디 2 장 게임 이었는데 ... cd 1 은 레온 편 , cd 2 는 클레어 편 이렇게 나누어졌던거 같아요 정말 재미있게 했는데 리메이크 되다니 ... 감동 이네 요 .",2019-01-25 13:45:26
883710,Resident Evil 2,positive,오랜 팬으로써 플레이 할때 몰입감이 너무 좋습니다. 바이오 하자드의 원래 취지답게 사운드와 공포감도 크고 만족합니다. 다만 오프닝이 원작보다 조금 밋밋한게 아쉬웠습니다. 이 기세로 바하3도 빨리 나왔으면 좋겠네요 질 누님의 플레이도 하고 싶어지네요.,오랜 팬 으로써 플레이 할 때 몰입 감 이 너무 좋습니다 . 바이오 하자드 의 원래 취지 답 게 사운드 와 공포 감도 크고 만족합니다 . 다만 오프닝 이 원작 보다 조금 밋밋한게 아쉬웠습니다 . 이 기세 로 바하 3 도 빨리 나왔으면 좋겠네요 질 누님 의 플레이도 하고 싶어지네요 .,2019-01-25 13:42:01
883710,Resident Evil 2,positive,"1998년의 바이오하자드2를 접한지 꽤 오랜 시간이 지났지만, 새로우면서도 낯이 익는 향수에 취할 수 있는 바이오하자드입니다.","1998년 의 바이오하자드 2 를 접 한지 꽤 오랜 시간 이 지났지만 , 새로우면서도 낯 이 익는 향수 에 취할 수 있는 바이오하자드 입니다 .",2019-01-25 13:33:47
883710,Resident Evil 2,positive,평가를 왜 읽어 이 미친놈아! 닥치고 사서 하고있어야지!,평가 를 왜 읽어 이 미친 놈 아 ! 닥치고 사서 하고있어야지 !,2019-01-25 13:32:28
883710,Resident Evil 2,positive,ㄹㅇ 밥말아먹으면서 하면 꿀잼~,ㄹㅇ 밥 말아먹으면서 하면 꿀잼 ~,2019-01-25 13:17:54
883710,Resident Evil 2,positive,* 이 게임은 타일런트가 다함. 상줘야 될듯해요 * 타일런트 모자 날리지마세요 (분노해서 느낌상 추격빨라요) 아주 먼 옛날 쌍용 CD로 바이오하자드2 접했는데 아직도 흥미진진하게 했던 기억이 나는군요. 전체적인 플레이 시간에 비해 짧은감이 없지 않아 있지만 그래픽이 진보해서 그런지 재밌내요. *타일런트 모자 날리지마세요 (분노해서 느낌상 추격빨라요),* 이 게임 은 타 일 런트 가 다 함 . 상 줘야 될듯 해 요 * 타일 런트 모자 날리지 마세요 ( 분노해서 느낌 상 추격 빨라요 ) 아주 먼 옛날 쌍용 CD 로 바이오하자드 2 접 했는데 아직도 흥미진진 하게 했던 기억 이 나는군요 . 전체 적 인 플레이 시간 에 비해 짧은 감 이 없지 않아 있지만 그래픽 이 진보 해서 그런지 재밌내요 . * 타일 런트 모자 날리지 마세요 ( 분노해서 느낌 상 추격 빨라요 ),2019-01-25 13:13:23
883710,Resident Evil 2,positive,제발 시즌패스 내놔라 캡콤,제발 시즌 패스 내놔라 캡콤,2019-01-25 12:46:34
883710,Resident Evil 2,positive,.,.,2019-01-25 12:35:26
883710,Resident Evil 2,positive,바이오하자드 시리즈 중 잘 만들어졌다는 평가를 받았던게 원작과 2편 4편 크게 3개를 꼽을 수 있는데 그 중 하나인 2편이 리메이크 되었습니다 20년만에.... 초반 잠깐 했지만 디럭스 버전인 경우에는 오리지널 사운드를 들으며 플레이 할 수 있고 오프닝 동영상 때 동영상만 계속 보고 있는 것이 아니라 어느 시점에서 튜토리얼 형식으로 조작 버튼 익혀가며 사용자가 직접 하는 구간도 있어 좋았네요 최적화 잘 되어 있어 바이오하자드7이 가능했던 분이라면 구매해서 플레이 하셔도 지장 없으실거 같습니다 지금까지 리마스터 됐던 게임 중,바이오하자드 시리즈 중 잘 만들어졌다는 평가 를 받았던게 원작 과 2 편 4 편 크게 3 개 를 꼽 을 수 있는데 그 중 하나 인 2 편이 리메이크 되었습니다 20년 만에 .... 초반 잠깐 했지만 디럭스 버전 인 경우 에는 오 리지 널 사운드 를 들으며 플레이 할 수 있고 오프닝 동영상 때 동영상 만 계속 보고 있는 것 이 아니라 어느 시점 에서 튜토리얼 형식 으로 조작 버튼 익혀가며 사용자 가 직접 하는 구간 도 있어 좋았네요 최적화 잘 되어 있어 바이오하자드 7 이 가능했던 분이라면 구매 해서 플레이 하셔도 지장 없으실거 같습니다 지금 까지 리 마스터 됐던 게임 중,2019-01-25 12:27:32
883710,Resident Evil 2,positive,잘 만든건 맞는데 플탐이,잘 만든건 맞는데 플 탐이,2019-01-25 12:11:17
883710,Resident Evil 2,positive,재밌다...근데 퀴즈 푸는게 엑,재밌다 ... 근데 퀴즈 푸는게 엑,2019-01-25 12:10:53
883710,Resident Evil 2,positive,20년만에 하는 리마스터의 감동ㅠㅠ 이 게임 화질 끝판왕으로 하려고 LG 65인치 OLED 구입했습니다. 1080TI에 4K로 메모리 사용량 6~7기가 정도로 맞추면 할만하고요. LG OLED에서 HDR 이랑 돌비 애트모스 지원되고요. HDR로 하시면 게임 분위기가 더욱 현실감 있게 바뀝니다. 초반부터 감동스럽고 추후 후기 추가하겠습니다.,20년 만에 하는 리 마스터 의 감동 ㅠㅠ 이 게임 화질 끝판 왕 으로 하려고 LG 65 인치 OLED 구입 했습니다 . 1080 TI 에 4 K 로 메모리 사 용량 6~7 기 가 정도 로 맞추면 할만 하고요 . LG OLED 에서 HDR 이랑 돌비 애트 모스 지원 되고요 . HDR 로 하시면 게임 분위기 가 더욱 현 실감 있게 바뀝니다 . 초반 부터 감동 스럽고 추후 후기 추가 하겠습니다 .,2019-01-25 11:56:54
883710,Resident Evil 2,positive,이만 즐기러 가겠습니다.,이만 즐기러 가겠습니다 .,2019-01-25 11:14:55
883710,Resident Evil 2,positive,그 어떤 수식어도 필요 없는 갓겜 그 자체,그 어떤 수식어 도 필요 없는 갓 겜 그 자체,2019-01-25 11:13:05
883710,Resident Evil 2,positive,도입부의 연출부터... 클래식 버전을 세련되게 다듬었던게 인상깊고... 무엇보다.. 게임 플레이 스타일을 완전히 바꾸었음에도.. 기존 게임의 느낌이 물씬 나는 점이 좋았습니다. 좋아진 그래픽 만큼이나... 암흑속에서 제한된 시야로 느껴지는 답답함이 훨씬 공포감이 증대되었고.. 좀비의 끈질긴 생명력때문에.. 긴장감이 높아졌네요.. 리메이크는 이렇게 해야 한다는 걸 제대로 캡콤이 보여준 것 같습니다.,도입 부의 연출 부터 ... 클래식 버전 을 세련되게 다듬었던게 인상 깊고 ... 무엇 보다 .. 게임 플레이 스타일 을 완전히 바꾸었음에도 .. 기존 게임 의 느낌 이 물씬 나 는 점 이 좋았습니다 . 좋아진 그래픽 만큼이나 ... 암흑 속 에서 제한 된 시야 로 느껴지는 답답함이 훨씬 공포 감 이 증대 되었고 .. 좀비 의 끈질긴 생명력 때문 에 .. 긴장감 이 높아졌네요 .. 리메이크 는 이렇게 해야 한다는 걸 제대로 캡콤 이 보여준 것 같습니다 .,2019-01-25 11:03:20
883710,Resident Evil 2,positive,추억도 새록 새록 최고의 리메이크 작품!!!,추억 도 새록 새록 최고 의 리메이크 작품 !!!,2019-01-25 10:55:26
883710,Resident Evil 2,positive,와우..... 역시.... 명불허전!!!!!!! 호러를 즐겨하시거나 바이오하자드를 한번이라도 하셨다면 반드시 하세요~~ ㅋㅋㅋ 실망하지 않습니다 ㅠㅠ,와우 ..... 역시 .... 명불허전 !!!!!!! 호러 를 즐겨하시거나 바이오하자드 를 한번 이라도 하셨다면 반드시 하세요 ~~ ㅋㅋㅋ 실망하지 않습니다 ㅠㅠ,2019-01-25 10:54:34
883710,Resident Evil 2,positive,프리오더 바탕화면 어케받는겨 > 직접 찾아본 결과 설치 경로에 가면 있네요,프리 오더 바탕화면 어케받는겨 > 직접 찾아본 결과 설치 경로 에 가면 있네요,2019-01-25 10:34:10
883710,Resident Evil 2,positive,바이오하자드 2 갓겜!!!,바이오하자드 2 갓 겜 !!!,2019-01-25 10:30:24
883710,Resident Evil 2,positive,개인적인 호불호 몇개를 빼면 정말 즐거운 게임이였다.,개인 적 인 호불호 몇개 를 빼면 정말 즐거운 게임 이 였다 .,2019-01-25 10:22:24
883710,Resident Evil 2,positive,"원래 바이오하자드는 격투게임인줄 알았는데 옛 명성을 되찾아줄 명작인거 같습니다. 이제 경찰서 왔는데 너무 무서워서 한번 껐네요. 아, 그리고 8700k에 1070 사용중인데 최적화가 장난 아니네요 프레임 60이하로 떨어진적이 없네요. 옵션은 그래픽 우선 옵션 사용중입니다.","원래 바이오하자드 는 격투게임 인 줄 알았는데 옛 명성 을 되찾아줄 명작 인거 같습니다 . 이제 경찰서 왔는데 너무 무서워서 한번 껐네요 . 아 , 그리고 8700 k 에 1070 사용 중 인데 최적화 가 장난 아니네요 프레임 60 이하 로 떨어진 적 이 없네요 . 옵션 은 그래픽 우선 옵션 사용 중 입니다 .",2019-01-25 09:57:57
883710,Resident Evil 2,positive,별로 안 무서울줄 알았는데 긴장되고 땀나는 게임 깜짝 놀래키는거도 그닥 없고 적당해서 좋다,별로 안 무서울줄 알았는데 긴장 되고 땀나는 게임 깜짝 놀래 키 는 거도 그닥 없고 적당해서 좋다,2021-01-19 00:14:20
883710,Resident Evil 2,positive,게임하기 조아하는 아줌마입니다...^^ 남편한테 생일선물로 받았던 게임인데... 켜보고 넘나 무서웠던 나머지 한살 더 먹을때까정 플레이 못하구 있었읍니다.... 혼자하기 쫄려서 아가들 많은 PC방 가서 한시간동안 설치한 다음에야 겨우 해볼 수 있었읍니다.....넘나 무서운데 뭐랄까요.... 586 감성을 촉촉히자극하는 오밀조밀한 퍼즐과.... 타이런트 아조찌의 발소리.... 멋쥔 레온....울이뿐 클레어.... 이제는 무한무기도 다 해금했지만서두.. 가끔 다시 해보고싶어 다시 깔아보곤 한답니다...이만한 께임이 없네유..^^,게임 하기 조아하는 아줌마 입니다 ...^^ 남편 한테 생일 선물 로 받았던 게임 인데 ... 켜 보고 넘나 무서웠던 나머지 한 살 더 먹을 때 까 정 플레이 못 하구 있었 읍니 다 .... 혼자 하기 쫄려 서 아가 들 많은 PC 방 가서 한 시간 동안 설치 한 다음 에야 겨우 해볼 수 있었 읍니 다 ..... 넘나 무서운데 뭐랄까 요 .... 586 감성 을 촉촉히 자극 하 는 오밀조밀한 퍼즐 과 .... 타 이런 트 아조 찌 의 발 소리 .... 멋 쥔 레온 .... 울 이 뿐 클레어 .... 이제 는 무한 무기 도 다 해금 했지만 서두 .. 가끔 다시 해보고싶어 다시 깔아 보곤 한답니다 ... 이만 한 께 임 이 없네 유 ..^^,2021-01-18 22:41:13
883710,Resident Evil 2,positive,good quality.,good quality .,2021-01-21 07:25:52
883710,Resident Evil 2,positive,어렵슴니다,어렵슴니 다,2021-01-22 15:26:10
883710,Resident Evil 2,positive,각 기종으로 다 가지고 있음 매우 재밌어요.,각 기 종 으로 다 가지 고 있음 매우 재밌어요 .,2021-01-23 00:38:00
883710,Resident Evil 2,positive,"리메이크라 그런가 약간 불편한 조작감과 같은 맵을 수시로 뺑뺑이 도는 플레이, 레온과 클레어 스토리가 거의 비슷한점, 그리고 약간 짧은점이 단점 하지만 좀비의 무서움을 느끼면서 공포겜의 맛을 제대로 느낄수 있는겜","리메이크 라 그 런가 약간 불편한 조 작 감 과 같은 맵 을 수시로 뺑뺑 이 도 는 플레이 , 레온 과 클레어 스토리 가 거의 비슷한 점 , 그리고 약간 짧은 점 이 단점 하지만 좀비 의 무서움 을 느끼면서 공포 겜 의 맛 을 제대로 느낄수 있는 겜",2021-01-22 23:39:17
883710,Resident Evil 2,positive,처음엔 존나 무서운 덩치 아저씨가 날 죽이러오는 스릴러였지만 어째 점점 할수록 술래잡기가 되어간다,처음 엔 존나 무서운 덩치 아저씨 가 날 죽이러 오는 스릴러 였지만 어째 점점 할수록 술래잡기 가 되어 간다,2021-01-24 00:42:23
883710,Resident Evil 2,positive,헤으응 클레어 눈나....,헤으응 클레어 눈 나 ....,2021-01-23 18:32:11
883710,Resident Evil 2,positive,a파트 b파트 플탐 나쁘지 않고 세일도 자주하고 모드 너무 좋앙,a 파트 b 파트 플 탐 나쁘지 않고 세 일도 자주 하고 모드 너무 좋 앙,2021-01-23 17:58:29
883710,Resident Evil 2,positive,뺑뺑이 돌리는거 말고는 매우 재밌음,뺑뺑 이 돌리는거 말고는 매우 재밌음,2021-01-23 16:06:31
883710,Resident Evil 2,positive,"I suck at horror games and this is the first Resident Evil game I actually played. Sacred the hell outta me most of the time, but it was fun. I never play any horror and this will be in my top list of all the games I've played. Also the graphic was so good, wish there are more remakes.","I suck at horror games and this is the first Resident Evil game I actually played . Sacred the hell outta me most of the time , but it was fun . I never play any horror and this will be in my top list of all the games I ' ve played . Also the graphic was so good , wish there are more remakes .",2021-01-23 13:57:01
883710,Resident Evil 2,positive,이 겜 하고 타이런트 나오는 악몽꿈;,이 겜 하고 타 이런 트 나오는 악몽 꿈 ;,2021-01-23 11:19:17
