app_id,app_name,sentiment,review_original,review_tokenized,timestamp
242760,The Forest,positive,식인종 무서워서 평화모드만 했는데도 긴장감있어요 토템이랑 동굴에 시체들 무서워서 식인종 없어도 개쫄보 모드됨..지금은 약간 건축겜처럼 하고 있는데 하나도 안지루하네요 자체사냥컨텐츠도 하는중ㅋㅋㅋ아직21시간 밖에 안했지만 진짜 잘만든게임입니다 강추,식인종 무서워서 평화 모드 만 했는데도 긴장감 있어요 토템 이랑 동굴 에 시체 들 무서워서 식인종 없어도 개 쫄보 모드 됨 .. 지금 은 약간 건축 겜 처럼 하고 있는데 하나 도 안 지루하네요 자체 사냥 컨텐츠 도 하는 중 ㅋㅋㅋ 아직 21시간 밖에 안 했지만 진짜 잘만 든 게임 입니다 강추,2021-01-16 11:20:01
242760,The Forest,positive,기존에 하고있는 친구가 있다면 같이하세요 그 친구의 본 모습을 알수있을겁니다 ㅋㅋㅋ,기존 에 하고있는 친구 가 있다면 같이하세요 그 친구 의 본 모습 을 알수있을 겁니다 ㅋㅋㅋ,2021-01-16 05:57:44
242760,The Forest,positive,친구들하고 너무 재미있게 하고있습니다 ㅎㅎ,친구 들 하고 너무 재미있게 하고있습니다 ㅎㅎ,2021-01-16 05:00:41
242760,The Forest,positive,재밌어요,재밌어요,2021-01-15 22:23:38
242760,The Forest,positive,잼-,잼 -,2021-01-15 19:14:35
242760,The Forest,positive,개재밌음 꼭 한번씩 해보시는 걸 추천합니다,개 재밌음 꼭 한번 씩 해보시는 걸 추천 합니다,2021-01-15 14:51:07
242760,The Forest,positive,박쥐새기 나가디져라,박쥐 새기 나가 디져라,2021-01-15 11:08:01
242760,The Forest,positive,완전 처음 시작하시는 분들은 공략집 말고 그냥 알아서 하세요. 공략집보면 엔딩까지 1시간컷 ㅆ가능 친구들이랑 하면 재밌음. 의외로 할것이 많음. 엔딩깨면 친구들 한두명씩 사라지니 주의,완전 처음 시작 하시는 분 들 은 공략 집 말고 그냥 알아서 하세요 . 공략 집 보면 엔딩 까지 1시간 컷 ㅆ 가능 친구 들 이랑 하면 재밌음 . 의외로 할것이 많음 . 엔딩 깨면 친구 들 한두 명 씩 사라지니 주의,2021-01-14 22:32:32
242760,The Forest,positive,정신 차리고 보니 내 입 안에 있던 것은 평범한 것이 아니였다.,정신 차리고 보니 내 입 안 에 있던 것 은 평범한 것 이 아니였다 .,2021-01-14 22:10:27
242760,The Forest,positive,존잼,존잼,2021-01-14 22:01:46
242760,The Forest,positive,잔인한거 싫어하면 좀 거부감이 들 수도 있긴한데 잔인한거 별로 안 좋아하는 나도 계속 식인종 보다보니 나중엔 귀엽더라 그러니까 충분히 플레이 가능할 것이다. 스토리도 잘 짠거 같아서 재미있었다. 다만 집을 통나무로 밖에 못 짓는것이 아쉽긴했다. 하지만 만원의 가치는 충분히 해낸다고 본다.,잔인한거 싫어하면 좀 거부 감 이 들 수도 있긴한데 잔인한거 별로 안 좋아하는 나도 계속 식인종 보다 보니 나중 엔 귀엽더라 그러니까 충분히 플레이 가능할 것 이다 . 스토리 도 잘 짠거 같아서 재미있었다 . 다만 집 을 통나무 로 밖에 못 짓는것이 아쉽긴 했다 . 하지만 만원 의 가치 는 충분히 해낸다고 본다 .,2021-01-14 14:50:31
242760,The Forest,positive,친구들하고 하기 위해서 20500원이라는 거금을 주고 구입을 했다. 게임을 실행 후 30분까지는 재미있었다. 그렇다. 그 후로 안한다. 10/10,친구 들 하고 하기 위해 서 20500원 이라는 거금 을 주고 구입 을 했다 . 게임 을 실행 후 30분 까지는 재미있었다 . 그렇다 . 그 후 로 안 한다 . 10/10,2021-01-14 03:16:46
242760,The Forest,positive,재밌는데 컨템츠가 한정적,재밌는데 컨템츠 가 한정 적,2021-01-13 23:36:23
242760,The Forest,positive,100시간 넘는 사람들은 솔직히 식인을 할때 팔을 선호하는지 다리를 선호하는지 회사에서 투표를 해야함. 50일째 살아가는 원주민으로써 매우 중요한 문제라고 생각함,100시간 넘는 사람 들 은 솔직히 식인 을 할 때 팔 을 선호 하는지 다리 를 선호 하는지 회사 에서 투표 를 해야 함 . 50일 째 살아가는 원주민 으로써 매우 중요한 문제 라고 생각 함,2021-01-13 19:20:40
242760,The Forest,positive,멍때리고 하기 좋음.,멍 때리고 하기 좋음 .,2021-01-13 17:34:34
242760,The Forest,positive,빨리 2 내라,빨리 2 내 라,2021-01-13 15:31:17
242760,The Forest,positive,토미..,토미 ..,2021-01-13 13:30:17
242760,The Forest,positive,개꿀잼,개꿀잼,2021-01-13 12:43:42
242760,The Forest,positive,내가 몰랐던 나의 숨겨진 폭력성을 일깨우는 게임. 심심하면 집을 털러오는 식인종 무리와 대치하다 보면은 초반의 두려움은 사라지고 점점 내면의 흉포함이 밖으로 나옴. 어떻게 하면 식인종을 더 알뜰하게 사용할지 생각하기 시작하고 팔다리는 식량으로 머리와 몸통은 뼈갑옷과 토템불로 사용하는 나를 마주하게 된다. 초회차에 집을 박살내는 돌연변이와 만나고 집을 한번 박살 당한 뒤에 집을 잃은 분노와 상실감에 복수의 칼을 갈아서 돌연변이도 갑옷으로 바꾸어 버린 내가 있다. 이 모든 것이 90시간 안에 일어났고 시작 할때만 해도 예쁜,내 가 몰랐던 나 의 숨겨진 폭력 성 을 일 깨우는 게임 . 심심하면 집 을 털러 오는 식인종 무리 와 대치 하다 보면은 초반 의 두려움 은 사라지고 점점 내면 의 흉포함이 밖 으로 나옴 . 어떻게 하면 식인종 을 더 알뜰하게 사용 할지 생각 하기 시작 하고 팔다리 는 식량 으로 머리 와 몸통 은 뼈 갑옷 과 토템 불로 사용 하는 나를 마주 하게 된다 . 초회차 에 집 을 박살 내는 돌연변이 와 만나고 집 을 한번 박살 당한 뒤 에 집 을 잃은 분노 와 상실 감 에 복수 의 칼 을 갈아서 돌연변이 도 갑옷 으로 바꾸어 버린 내 가 있다 . 이 모든 것 이 90시간 안 에 일어났고 시작 할 때 만 해도 예쁜,2021-01-13 08:25:40
242760,The Forest,positive,공략 안보고 그냥 이리저리 돌아다니다가 발견하는 재미로 하면 더 재밌음!,공략 안보 고 그냥 이리저리 돌아다니다가 발견 하는 재미 로 하면 더 재밌음 !,2021-01-13 02:41:32
242760,The Forest,positive,불후의 명작 그래픽 훌륭하고 숲 퀄리티가 대박 자잘한 버그가 없으면 완벽하다,불후 의 명작 그래픽 훌륭하고 숲 퀄리티 가 대박 자잘한 버그 가 없으면 완벽하다,2021-01-13 00:18:32
242760,The Forest,positive,꾸우우우우우울잼,꾸우우우우우울 잼,2021-01-12 18:56:42
242760,The Forest,positive,존나 재밌네 ㅋ,존나 재밌네 ㅋ,2021-01-12 18:07:57
242760,The Forest,positive,very very good game,very very good game,2021-01-12 13:53:48
242760,The Forest,positive,처음엔 ㄹㅇ 그렇게무서웠는데 하면할수록 내가 더무섭다는걸 알게됨 괴물은 고사하고 식인종만봐도 눈깔고 도망다녔는데 이젠 괴물사냥하느라 시간 다보냄 꿀잼ㅋㅋ,처음 엔 ㄹㅇ 그렇게 무서웠는데 하면 할수록 내 가 더 무섭다는걸 알 게 됨 괴물 은 고사하고 식인종 만 봐도 눈 깔고 도망 다녔는데 이 젠 괴물 사냥 하느라 시간 다 보냄 꿀잼 ㅋㅋ,2021-01-12 09:20:54
242760,The Forest,positive,daskjdkasnkndasldnkaswnkjl,daskjdkasnkndasldnkaswnkjl,2021-01-11 14:01:18
242760,The Forest,positive,아직도 이 게임 안 해 봤나요?,아직도 이 게임 안 해 봤나요 ?,2021-01-11 13:12:00
242760,The Forest,positive,하면 할수록 재밌음 혼자 해도 재밌는데 친구랑 하면 더 재밌음,하면 할수록 재밌음 혼자 해도 재밌는데 친구 랑 하면 더 재밌음,2021-01-11 06:53:56
242760,The Forest,positive,Good game,Good game,2021-01-11 06:07:23
242760,The Forest,positive,게임성 스토리 공포감 너무완벽합니다,게임 성 스토리 공포 감 너무 완벽합니다,2021-01-11 03:21:47
242760,The Forest,positive,공략 하나도 안보고 맨땅에 헤딩중입니다. 시간가는줄 모르겠네요!,공략 하나 도 안보 고 맨 땅 에 헤딩 중 입니다 . 시간 가는줄 모르겠네요 !,2021-01-10 19:33:01
242760,The Forest,positive,",",",",2021-01-10 18:53:39
242760,The Forest,positive,재밌음 개빡침 재밌음 개빡침 재밌음 개빡침 재밌음 개빡침 재밌음 개빡침 재밌음 개빡침 재밌음 개빡침 재밌음 개빡침 재밌음 개빡침 재밌음 개빡침 재밌음 개빡침 재밌음 개빡침 재밌음 개빡침 재밌음 개빡침 재밌음 개빡침 재밌음 개빡침 재밌음 개빡침 재밌음 개빡침 재밌음 개빡침 재밌음 개빡침 재밌음 개빡침 재밌음 개빡침 재밌음 개빡침 재밌음 개빡침 재밌음 개빡침 재밌음 개빡침 재밌음 개빡침 재밌음 개빡침 재밌음 개빡침 재밌음 개빡침 재밌음 개빡침 재밌음 개빡침 재밌음 개빡침,재밌음 개 빡침 재밌음 개 빡침 재밌음 개 빡침 재밌음 개 빡침 재밌음 개 빡침 재밌음 개 빡침 재밌음 개 빡침 재밌음 개 빡침 재밌음 개 빡침 재밌음 개 빡침 재밌음 개 빡침 재밌음 개 빡침 재밌음 개 빡침 재밌음 개 빡침 재밌음 개 빡침 재밌음 개 빡침 재밌음 개 빡침 재밌음 개 빡침 재밌음 개 빡침 재밌음 개 빡침 재밌음 개 빡침 재밌음 개 빡침 재밌음 개 빡침 재밌음 개 빡침 재밌음 개 빡침 재밌음 개 빡침 재밌음 개 빡침 재밌음 개 빡침 재밌음 개 빡침 재밌음 개 빡침 재밌음 개 빡침 재밌음 개 빡침 재밌음 개 빡침,2021-01-10 17:32:29
242760,The Forest,positive,친구만 구해 그럼 재밌어,친구 만 구해 그럼 재밌어,2021-01-10 17:27:01
242760,The Forest,positive,갸꿀,갸꿀,2021-01-10 16:32:07
242760,The Forest,positive,좀잼 두번하셈,좀잼 두 번하셈,2021-01-10 11:40:44
242760,The Forest,positive,.,.,2021-01-10 11:06:02
242760,The Forest,positive,쫄깃쫄깃한게 재밌네요,쫄깃쫄깃한 게 재밌네요,2021-01-10 10:57:15
242760,The Forest,positive,"사실.. 저 섬에 살고있는 사람들이 불시에 찾아온 식인종들을 처단하기 위해 투쟁하는게 아닐까?.. 혼자 플레이하게 되면 생각보다 무서운 사운드와 환경 때문에 진행하기 어려웠는데 친구들과 함께 하면서 목표 진행을 위해 무서움과 두려움이 사라지며, 점점 식인종이나 돌연변이에 무감각해지면서 내가 식인종이 되는 것을 볼 수 있습니다.. 플레이 전엔 사양이 높아 보여 걱정했는데 플레이를 하며 겉으로 보았을 때 최적화가 잘되어 있는 듯했습니다. 어느 정도 진행을 했을 때 단서가 무엇을 뜻하는지 잘 모르겠고 주관적으론 되게 불친절하다고","사실 .. 저 섬 에 살고있는 사람 들 이 불시 에 찾아온 식인종 들 을 처단 하기 위해 투쟁 하는게 아닐까 ?.. 혼자 플레이 하게 되면 생각 보다 무서운 사운드 와 환경 때문 에 진행 하기 어려웠는데 친구 들 과 함께 하면서 목표 진행 을 위해 무서움 과 두려움 이 사라지며 , 점점 식인종 이나 돌연변이 에 무감각 해지면서 내 가 식인종 이 되는 것 을 볼 수 있습니다 .. 플레이 전 엔 사양 이 높아 보여 걱정 했는데 플레이 를 하며 겉 으로 보았을 때 최적화 가 잘 되어 있는 듯 했습니다 . 어느 정도 진행 을 했을 때 단서 가 무엇 을 뜻 하는지 잘 모르겠고 주관 적 으론 되게 불친절하다고",2021-01-10 07:32:52
242760,The Forest,positive,첫날엔 뭔가싶지만 나무만패는 게임 같이함 재밌음,첫날 엔 뭔가 싶지만 나무 만 패 는 게임 같 이함 재밌음,2021-01-10 03:08:39
242760,The Forest,positive,좆 좆 좆네요 이거 개좆아요 사세요,좆 좆 좆 네 요 이 거 개좆 아 요 사세요,2021-01-10 00:51:26
242760,The Forest,positive,멀티를 위한 게임. 근데 솔직히 생존자 다 찾는 도전과제는 좀 너무하다고요.,멀티 를 위 한 게임 . 근데 솔직히 생존자 다 찾는 도전 과제 는 좀 너무하다고요 .,2021-01-09 23:52:35
242760,The Forest,positive,그냥 꿀잼,그냥 꿀잼,2021-01-09 23:33:38
242760,The Forest,positive,친구랑 하면 재밌는게임,친구 랑 하면 재밌는 게임,2021-01-09 22:43:12
242760,The Forest,positive,와! 본격 협동하면 친구와 다투는 게임~,와 ! 본격 협동 하면 친구 와 다투는 게임 ~,2021-01-09 19:49:17
242760,The Forest,positive,정말 재밌어요,정말 재밌어요,2021-01-09 16:55:08
242760,The Forest,positive,새로운 먹거리 문화를 배우는건 즐거워,새로운 먹거리 문화 를 배우는건 즐거워,2021-01-09 15:27:42
242760,The Forest,positive,친구랑 하면 재밌는 본격 식인종 체험게임,친구 랑 하면 재밌는 본격 식인종 체험 게임,2021-01-09 15:04:33
242760,The Forest,positive,오우오우 너무 좋고연,오우 오우 너무 좋 고연,2021-01-09 12:32:42
242760,The Forest,positive,하루종일 일하면 식사로 무료 지역 특산물 배달옴.,하루 종일 일 하면 식사 로 무료 지역 특산 물 배달 옴 .,2021-01-09 02:23:38
242760,The Forest,positive,1식인종=4고기 올가미 함정 만들고 식인종 걸리면 막대기로 뚜까패세요:),1 식인종 = 4 고기 올가미 함정 만들고 식인종 걸리면 막대기 로 뚜 까 패세 요 :),2021-01-09 02:03:35
242760,The Forest,positive,야발 나도 포린이인데 내가 꼬신 친구가 겁쟁이라 돕기는 커녕 뒤에서 화염병으로 나를 태우네 근데 솔플은 더 못하겠다 나도 같이 삽시다 섬의 주민들이여,야 발 나도 포린 이 인데 내 가 꼬신 친구 가 겁쟁이 라 돕기 는 커녕 뒤 에서 화염병 으로 나를 태우네 근데 솔플 은 더 못 하겠다 나도 같이 삽시다 섬 의 주민 들 이여,2021-01-09 00:47:05
242760,The Forest,positive,사람을 도끼로 찍고 전기톱으로 갈아버리는 묘사가 너무나 잔인합니다.,사람 을 도끼 로 찍고 전기톱 으로 갈아 버리는 묘사 가 너무나 잔인합니다 .,2021-01-08 23:37:23
242760,The Forest,positive,엔딩을 몇번이나 봤는지 모르겠다 2021년 2가 나온다고 하는데 정말 기대하고 있을정도로 재밌게 한 게임! 지도가 좀 터무니없긴하지만..,엔딩 을 몇번 이나 봤는지 모르겠다 2021년 2 가 나온다고 하는데 정말 기대하고 있을 정도 로 재밌게 한 게임 ! 지도 가 좀 터 무니 없긴하지만 ..,2021-01-08 23:28:13
242760,The Forest,positive,티미? 그게누구죠?,티 미 ? 그게 누구 죠 ?,2021-01-08 20:28:52
242760,The Forest,positive,개적화겜 개싫어하는편인데 재미가 이겨버리네;; 8/10 -개적화 -노가다(생존겜 특성상 어쩔 수 없긴 함 +식인종 쳐죽일때의 카타르시스 +공포 +재미 +엔딩소감)서바이벌 호러를 만드려는건 좋은데.. 바이오하자드처럼 분위기로 압도해야 호러가 되지 잔인한 묘사 개때려박는다고 호러가 되는건 아니자나;;;,개 적 화겜 개 싫어하는 편 인데 재미 가 이겨 버리네 ;; 8/10 - 개 적 화 - 노가다 ( 생존 겜 특성 상 어쩔 수 없긴 함 + 식인종 쳐 죽일 때 의 카타르 시스 + 공포 + 재미 + 엔딩 소감 ) 서바이벌 호러 를 만 드려는건 좋은데 .. 바이오하자드 처럼 분위기 로 압도 해야 호러 가 되지 잔인한 묘사 개 때려 박는다고 호러 가 되는건 아니 자 나 ;;;,2021-01-08 20:17:13
242760,The Forest,positive,재밌음,재밌음,2021-01-08 18:19:08
242760,The Forest,positive,초반엔 너무 무서워서 진행하기 망설였지만 어느새 손뜯어먹고 발뜯어먹고있는 나를 보게됨... 다 깨고 나면 영화 한편 보는 느낌이랄까 정말 재밌었음,초반 엔 너무 무서워서 진행 하기 망설였지만 어느새 손 뜯어 먹고 발 뜯어 먹고있는 나를 보게 됨 ... 다 깨고 나면 영화 한편 보는 느낌 이 랄 까 정말 재밌었음,2021-01-08 13:51:38
242760,The Forest,positive,족발 개꿀맛,족발 개꿀맛,2021-01-08 12:55:02
242760,The Forest,positive,"이건 ""식인종""이죠 이 섬에 만지않은 사회성이 있는 생명체중 하나하나죠. 이 ""식인종"" 우리의 안식처에 한명이 오기 시작한다면 여러명이 몰려와 계속해서 습격을 하기때문에 조심해야합니다. 그들은 사람의 ""두개골"" 로 만든 무기로 무차별적으로 공격을 하죠. 이렇게 혼자 남겨진경우에는 가망이 별로없어요. ""하지만 지금은 내 점심이죠""","이건 "" 식인종 "" 이 죠 이 섬 에 만지 않은 사회 성 이 있는 생명체 중 하나 하나 죠 . 이 "" 식인종 "" 우리 의 안식처 에 한 명 이 오기 시작 한 다 면 여러 명 이 몰려와 계속 해서 습격 을 하기 때문 에 조심해야 합니다 . 그 들 은 사람 의 "" 두개골 "" 로 만든 무기 로 무차별 적 으로 공격 을 하죠 . 이렇게 혼자 남겨진 경우 에는 가망 이 별로 없어요 . "" 하지만 지금 은 내 점심 이 죠 """,2021-01-08 11:30:24
242760,The Forest,positive,굿,굿,2021-01-08 11:07:20
242760,The Forest,positive,지금...최고의 짱돌을 들고 네게로 간다,지금 ... 최고 의 짱 돌 을 들고 네 게로 간다,2021-01-07 17:52:01
242760,The Forest,positive,생존게임중 최고의 명작 친구랑 하면 더 재미있어요,생존 게임 중 최고 의 명작 친구 랑 하면 더 재미있어요,2021-01-07 15:53:25
242760,The Forest,positive,현실적인 공포 생존(갓겜),현실 적 인 공포 생존 ( 갓 겜 ),2021-01-07 12:18:36
242760,The Forest,positive,키미노 나마에와?,키 미노 나마 에 와 ?,2021-01-07 11:37:17
242760,The Forest,positive,sssssssssssss,sssssssssssss,2021-01-07 10:48:42
242760,The Forest,positive,네 이 게임이 제 두번째 현질 게임인데요 아주 재밌어요 처음에 할 때 마인그래프트 하는 느낌이였는데 마인그래프트에 *100배 더한 게임? 이에요 존나 굿 굿,네 이 게임 이 제 두번째 현질 게임 인데 요 아주 재밌어요 처음 에 할 때 마인 그래프 트 하는 느낌이였는데 마인 그래프 트 에 * 100 배 더한 게임 ? 이에요 존나 굿 굿,2021-01-07 05:26:19
242760,The Forest,positive,재미씀 식인종 떄려주겨 근데 동굴 길 조오오오오온나 헷갈림 ㅗ,재미 씀 식인종 떄려주 겨 근데 동굴 길 조오오오오 온 나 헷갈림 ㅗ,2021-01-07 05:24:30
242760,The Forest,positive,⠄⠄⠄⠄⣠⣴⣿⣿⣿⣷⣦⡠⣴⣶⣶⣶⣦⡀⠄⠄⠄⠄⠄⠄⠄⠄⠄⠄⠄⠄ ⠄⠄⠄⣴⣿⣿⣫⣭⣭⣭⣭⣥⢹⣟⣛⣛⣛⣃⣀⠄⠄⠄⠄⠄⠄⠄⠄⠄⠄⠄ ⠄⣠⢸⣿⣿⣿⣿⢯⡓⢻⠿⠿⠷⡜⣯⠭⢽⠿⠯⠽⣀⠄⠄⠄⠄⠄⠄⠄⠄⠄ ⣼⣿⣾⣿⣿⣿⣥⣝⠂⠐⠈⢸⠿⢆⠱⠯⠄⠈⠸⣛⡒⠄⠄⠄⠄⠄⠄⠄⠄ ⣿⣿⣿⣿⣿⣿⣿⣶⣶⣭⡭⢟⣲⣶⡿⠿⠿⠿⠿⠋⠄⠄⣴⠶⠶⠶⠶⠶⢶ ⣿⣿⣿⣿⣿⢟⣛⠿⢿⣷⣾⣿⣿⣿⣿⣿⣿⣿⣷⡄⠄⢰⠇⠄⠄⠄⠄⠄⠈⣧ ⣿⣿⣿⣿⣷⡹⣭⣛⠳⠶⠬⠭⢭⣝⣛⣛⣛⣫⣭⡥⠄⠸⡄⣶⣶⣾⣿⣿⢇⡟ ⠿⣿⣿⣿⣿⣿⣦⣭⣛⣛⡛⠳⠶⠶⠶⣶⣶⣶⠶⠄⠄⠄⠙⠮⣽⣛⣫⡵⠊⠁ ⣍⡲⠮⣍⣙⣛⣛⡻⠿⠿⠿⠿⠿⠿⠿⠖⠂⠄⠄⠄⠄⠄⠄⠄⠄⣸⠄⠄⠄⠄ ⣿⣿⣿⣶⣦⣬⣭⣭⣭⣝⣭⣭⣭⣴⣷⣦⡀⠄⠄⠄⠄⠄⠄,⠄⠄⠄⠄⣠⣴⣿⣿⣿⣷⣦⡠⣴⣶⣶⣶⣦⡀⠄⠄⠄⠄⠄⠄⠄⠄⠄⠄⠄⠄ ⠄⠄⠄⣴⣿⣿⣫⣭⣭⣭⣭⣥⢹⣟⣛⣛⣛⣃⣀⠄⠄⠄⠄⠄⠄⠄⠄⠄⠄⠄ ⠄⣠⢸⣿⣿⣿⣿⢯⡓⢻⠿⠿⠷⡜⣯⠭⢽⠿⠯⠽⣀⠄⠄⠄⠄⠄⠄⠄⠄⠄ ⣼⣿⣾⣿⣿⣿⣥⣝⠂⠐⠈⢸⠿⢆⠱⠯⠄⠈⠸⣛⡒⠄⠄⠄⠄⠄⠄⠄⠄ ⣿⣿⣿⣿⣿⣿⣿⣶⣶⣭⡭⢟⣲⣶⡿⠿⠿⠿⠿⠋⠄⠄⣴⠶⠶⠶⠶⠶⢶ ⣿⣿⣿⣿⣿⢟⣛⠿⢿⣷⣾⣿⣿⣿⣿⣿⣿⣿⣷⡄⠄⢰⠇⠄⠄⠄⠄⠄⠈⣧ ⣿⣿⣿⣿⣷⡹⣭⣛⠳⠶⠬⠭⢭⣝⣛⣛⣛⣫⣭⡥⠄⠸⡄⣶⣶⣾⣿⣿⢇⡟ ⠿⣿⣿⣿⣿⣿⣦⣭⣛⣛⡛⠳⠶⠶⠶⣶⣶⣶⠶⠄⠄⠄⠙⠮⣽⣛⣫⡵⠊⠁ ⣍⡲⠮⣍⣙⣛⣛⡻⠿⠿⠿⠿⠿⠿⠿⠖⠂⠄⠄⠄⠄⠄⠄⠄⠄⣸⠄⠄⠄⠄ ⣿⣿⣿⣶⣦⣬⣭⣭⣭⣝⣭⣭⣭⣴⣷⣦⡀⠄⠄⠄⠄⠄⠄,2021-01-07 04:15:47
242760,The Forest,positive,굿!,굿 !,2021-01-07 03:38:40
242760,The Forest,positive,식인종 토막내서 건조시켜 먹으면 그 무엇보다 맛있다.,식인종 토막 내서 건조 시켜 먹으면 그 무엇 보다 맛있다 .,2021-01-07 01:12:01
242760,The Forest,positive,아침 점심 저녁이 친절하게 집으로 달려와줌,아침 점심 저녁 이 친절하게 집 으로 달려와 줌,2021-01-06 21:13:41
242760,The Forest,positive,친구들과하면 재미있음 같이하면 공포감은 그렇게 크지는 않음 혼자하면 존나 무섭긴할것같음,친구 들 과 하면 재미있음 같이 하면 공포 감은 그렇게 크지는 않음 혼자 하면 존나 무섭긴 할것 같음,2021-01-06 17:19:53
242760,The Forest,positive,이래서 외래종 함부로 들여오면 안 된다는 거구나......,이래서 외래종 함부로 들여오면 안 된다는 거구 나 ......,2021-01-06 12:01:21
242760,The Forest,positive,식량 배달이다 다 죽여!,식량 배달 이다 다 죽여 !,2021-01-06 09:43:34
242760,The Forest,positive,친구랑 하면 힐링 갓겜 강추 혼자할 거믄... 비추,친구 랑 하면 힐링 갓 겜 강추 혼자 할 거 믄 ... 비추,2021-01-06 07:03:58
242760,The Forest,positive,"한마디로 평가할게요 ""오우쉣""","한마디 로 평가 할게요 "" 오우 쉣 """,2021-01-06 06:13:33
242760,The Forest,positive,그냥 나도 식인종하면 안될까..,그냥 나도 식인종 하면 안될까 ..,2021-01-06 02:09:47
242760,The Forest,positive,개꿀잼 후속작 나오면 꼭 해봐야지,개꿀잼 후속작 나오면 꼭 해봐야지,2021-01-06 01:55:27
242760,The Forest,positive,N,N,2021-01-05 23:44:20
242760,The Forest,positive,정육점의 고통...,정육점 의 고통 ...,2021-01-05 22:04:11
242760,The Forest,positive,갓겜,갓 겜,2021-01-05 22:01:44
242760,The Forest,positive,존나 무섭다 친구랑 같이 해서 친구 고기방패로 세우는걸 추천. 하지만 꼭 혼자서 엔딩을 봐야겠다면 인터넷에서 금방 핵을 찾아서 쓸 수 있으니 그거 쓰고서 엔딩 보자,존나 무섭다 친구 랑 같이 해서 친구 고 기 방패 로 세우는걸 추천 . 하지만 꼭 혼자 서 엔딩 을 봐야겠다면 인터넷 에서 금방 핵 을 찾아서 쓸 수 있으니 그거 쓰고서 엔딩 보자,2021-01-05 19:48:56
242760,The Forest,positive,나쁜 식인종놈들! 하는것이라곤 정찰하다가 같은 부족원이 공격을 당하면 다른 친구들과 복수를 다짐하는 의리있는 놈들이지만 우리들은 너희들을 모두 족친다음 팔과 다리 머리와 몸통으로 나눈 다음 몸통은 버리고 머리는 장식으로 활용한 후에 팔다리는 구워먹어 정의를 실천하겠다!,나쁜 식인종 놈 들 ! 하는것이라곤 정찰 하다가 같은 부족 원 이 공격 을 당하면 다른 친구 들 과 복수 를 다짐 하는 의리 있는 놈 들 이지만 우리 들 은 너희 들 을 모두 족친다음 팔 과 다리 머리 와 몸통 으로 나눈 다음 몸통 은 버리고 머리 는 장식 으로 활용 한 후 에 팔다리 는 구워 먹어 정의 를 실천 하겠다 !,2021-01-05 19:21:28
242760,The Forest,positive,c,c,2021-01-05 18:22:35
242760,The Forest,positive,"프리드리히 니체 [i]괴물과 싸우는 사람은 그 싸움 중 괴물이 되지 않도록 조심해야 한다. 네가 심연을 오랫동안 들여다본다면, 그 심연 또한 너를 들여다볼 것이기 때문이다.[/i]","프리드리히 니체 [ i ] 괴물 과 싸우는 사람 은 그 싸움 중 괴물 이 되지 않도록 조심해야 한다 . 네 가 심연 을 오랫동안 들여다본다면 , 그 심연 또한 너 를 들여다볼 것 이기 때문 이다 .[/ i ]",2021-01-05 17:09:07
242760,The Forest,positive,이제 내가 식인종 ㅎㅎ,이제 내 가 식인종 ㅎㅎ,2021-01-05 16:44:57
242760,The Forest,positive,잉육찌낑 그라 ㅅ ㅑ-,잉육찌낑 그 라 ㅅ ㅑ -,2021-01-05 13:38:01
242760,The Forest,positive,dd,dd,2021-01-05 11:59:19
242760,The Forest,positive,.,.,2021-01-05 01:49:20
242760,The Forest,positive,"꼭 한번쯤은 해봐야 한다고 생각함, 유튜브하는데 스토리도 탄탄하고 정말 재밌는 작품임. 그래도 친구랑 하는게 가장 재미씀 포로유튜브 ㄲ","꼭 한번 쯤 은 해봐야 한다고 생각 함 , 유튜브 하는데 스토리 도 탄탄하고 정말 재밌는 작품 임 . 그래도 친구 랑 하는게 가장 재미 씀 포로 유튜브 ㄲ",2021-01-04 23:31:58
242760,The Forest,positive,플스로 레데리2하다가 기분전환할겸 pc겜으로 가볍게 할거 찾다가 구매해봤습니다. 1인칭겜 안좋아하는데...이거 되게 잼있네요.. 콘솔로만 겜해서 pc사양이 똥이라 얼추 맞는걸로 그냥 사본건데 대만족입니다.,플스 로 레 데리 2 하다가 기 분전 환할 겸 pc 겜 으로 가볍게 할거 찾다가 구매 해봤습니다 . 1 인칭 겜 안 좋아하는데 ... 이 거 되게 잼있네요 .. 콘솔 로만 겜 해서 pc 사양 이 똥 이라 얼추 맞 는걸 로 그냥 사본건데 대 만족 입니다 .,2021-01-04 23:09:39
242760,The Forest,positive,이 게임은 멀티가 꿀잼이다 친구들이랑 해도 재밌고 모르는 사람들이랑 해도 재밌다,이 게임 은 멀티 가 꿀잼 이다 친구 들 이랑 해도 재밌고 모르는 사람 들 이랑 해도 재밌다,2021-01-04 22:45:24
242760,The Forest,positive,오랜만에 즐겁게해본게임이지만 깜놀이심하다,오랜 만 에 즐겁게 해본 게임 이지만 깜놀 이 심하다,2021-01-04 21:24:23
242760,The Forest,positive,식인 시뮬레이터,식인 시뮬레이터,2021-01-04 20:33:19
242760,The Forest,positive,시간 가는줄 몰라용,시간 가는줄 몰라용,2021-01-04 19:19:17
242760,The Forest,positive,이게임을 오래동안 해 왔고 정말 재미있습니다 이 게임은 식인종 고문 하는 맞도 있고 많은 제작 무기를 만들수 있고 동굴에서 스토리에 필요한 아이템 그리고 현대무기 모던엑스 석궁 양궁 이런것들이 있으며 땅속에 숨어있는 것들도 있습니다 화승총 부품들 이나 화승총 총알 그리고 비행기에서 떨어지면 비행기 앞부분 으로 찾으러 가야 합니다 거기에 신호탄도 있습니다 그리고 2021년 1월부터 6월까지 이 사이에 선 오브 더포레스트 라는 것도 나옵니다 거기엔 gps 총 같은 현대 무기가 더 나옵니다 스토리에 물렸다 그러면 사람들과 같이,이 게임 을 오래 동안 해 왔고 정말 재미있습니다 이 게임 은 식인종 고문 하는 맞도 있고 많은 제작 무기 를 만들수 있고 동굴 에서 스토리 에 필요한 아이템 그리고 현대 무기 모던 엑스 석궁 양궁 이런 것 들 이 있으며 땅속 에 숨어있는 것 들 도 있습니다 화승총 부품 들 이나 화승총 총알 그리고 비행기 에서 떨어지면 비행기 앞 부분 으로 찾으러 가야 합니다 거기 에 신호탄 도 있습니다 그리고 2021년 1월 부터 6월 까지 이 사이 에 선 오브 더 포레스트 라는 것 도 나옵니다 거기 엔 gps 총 같은 현대 무기 가 더 나옵니다 스토리 에 물렸다 그러면 사람 들 과 같이,2021-01-04 17:38:32
242760,The Forest,positive,^^,^^,2021-01-04 15:42:34
242760,The Forest,positive,식인식인종,식인 식인종,2021-01-04 14:16:17
242760,The Forest,positive,생존 공포겜인줄알았는데 건축겜이었네,생존 공포 겜 인 줄 알았는데 건축 겜 이었네,2021-01-04 11:49:46
242760,The Forest,positive,마인크래프트(물리),마인크래프트 ( 물리 ),2021-01-04 11:36:01
242760,The Forest,positive,zzzz 시간 가는줄 모르고 한다 시벌,zzzz 시간 가는줄 모르고 한다 시벌,2021-01-04 09:18:45
242760,The Forest,positive,선즈 오브 더 포레스트가 기대가 되네요,선 즈 오브 더 포레스트 가 기대 가 되네요,2021-01-04 05:47:47
242760,The Forest,positive,게임은 재밌고 좋지만 최적화가 별로다. 권장 사양이 권장 사양이 아님,게임 은 재밌고 좋지만 최적화 가 별로 다 . 권장 사양 이 권장 사양 이 아님,2021-01-04 05:04:52
242760,The Forest,positive,치트 쓰면 재밌는게임,치트 쓰면 재밌는 게임,2021-01-04 03:30:19
242760,The Forest,positive,ㄹㅇ 띵작임;;,ㄹㅇ 띵작임 ;;,2021-01-04 02:18:50
242760,The Forest,positive,동굴 순서 잘못들어가면 ㅈ돼요 잘 들어가세요,동굴 순서 잘 못 들어가면 ㅈ 돼요 잘 들어가세요,2021-01-04 01:24:19
242760,The Forest,positive,진짜 재미있다~~~~~,진짜 재미있다 ~~~~~,2021-01-03 23:50:21
242760,The Forest,positive,(초반)아! 식인종 (후반)오! 식인종,( 초반 ) 아 ! 식인종 ( 후반 ) 오 ! 식인종,2021-01-03 22:45:43
242760,The Forest,positive,친구랑 하니 재미있음,친구 랑 하니 재미있음,2021-01-03 21:21:05
242760,The Forest,positive,"엄청나게 재미 소요, 공포 많다 엄청, 넘침 스릴","엄청나게 재미 소요 , 공포 많다 엄청 , 넘침 스릴",2021-01-03 18:59:52
242760,The Forest,positive,.,.,2021-01-03 17:21:17
242760,The Forest,positive,재밌어,재밌어,2021-01-03 16:45:52
242760,The Forest,positive,친구랑 하면 돈값은 함,친구 랑 하면 돈값 은 함,2021-01-03 15:58:21
242760,The Forest,positive,그냥 해보세요 개꿀잼입니다,그냥 해보세요 개꿀잼 입니다,2021-01-03 15:53:59
242760,The Forest,positive,친구랑 하면 재밌음,친구 랑 하면 재밌음,2021-01-03 13:49:36
242760,The Forest,positive,good,good,2021-01-03 13:14:46
242760,The Forest,positive,앙기모 빨리 2나와랑,앙 기모 빨리 2 나와랑,2021-01-03 05:05:05
242760,The Forest,positive,"이런 서바이벌 크래프트 게임을 거의 해보지 않았지만 꽤 괜찮은 게임입니다. 실친과 코옵으로 엔딩까지 봤습니다. 밤에 요상한 소리 내며 달려드는 식인종들을 보면서 소름이 돋은적도 많았고, 정예 식인종들이 집을 부술때는 마음도 아팠습니다. 아이템 제작도 쉽게 설명되어 있습니다. 무엇보다 정식 한글이 지원돼죠!! 하지만 이런 장점에도 불구하고, 이 게임을 바닐라로 즐기기에는 노가다성이 너무 진합니다. 건축의 주재료인 작은나무, 통나무, 돌 구하다가 하루가 다 갑니다. 이런 노가다가 크래프트 게임의 특징이기도 합니다만, 바쁜 직장인은","이런 서바이벌 크래프트 게임 을 거의 해보지 않았지만 꽤 괜찮은 게임 입니다 . 실친 과 코옵 으로 엔딩 까지 봤습니다 . 밤 에 요 상한 소리 내며 달려드는 식인종 들 을 보면서 소름 이 돋은 적도 많았고 , 정예 식인종 들 이 집 을 부술때 는 마음 도 아팠습니다 . 아이템 제작 도 쉽게 설명 되어 있습니다 . 무엇 보다 정식 한글 이 지원 돼죠 !! 하지만 이런 장점 에도 불구 하고 , 이 게임 을 바닐라 로 즐 기기 에는 노가다 성 이 너무 진합니다 . 건축 의 주 재료 인 작은 나무 , 통나무 , 돌 구 하다가 하루 가 다 갑니다 . 이런 노가다 가 크래프트 게임 의 특징 이기도 합니다만 , 바쁜 직장인 은",2021-01-03 03:25:58
242760,The Forest,positive,너무 잼나 헤헤헤헤헿ㅎㅎㅎㅎㅎㅎㅎㅎㅎㅎㅎㅎㅎㅎㅎㅎㅎㅎㅎㅎㅎㅎㅎㅎㅎㅎㅎㅎㅎㅎㅎㅎㅎㅎㅎㅎㅎㅎㅎㅎㅎㅎㅎㅎㅎㅎㅎㅎㅎㅎㅎㅎㅎㅎㅎㅎㅎㅎㅎㅎㅎㅎ 스케 기모띠 앙기모딱치치기,너무 잼 나 헤헤 헤헤 헿 ㅎㅎㅎㅎㅎㅎㅎㅎㅎㅎㅎㅎㅎㅎㅎㅎㅎㅎㅎㅎㅎㅎㅎㅎㅎㅎㅎㅎㅎㅎㅎㅎㅎㅎㅎㅎㅎㅎㅎㅎㅎㅎㅎㅎㅎㅎㅎㅎㅎㅎㅎㅎㅎㅎㅎㅎㅎㅎㅎㅎㅎㅎ 스케 기 모 띠 앙 기 모 딱 치 치기,2021-01-03 01:32:57
242760,The Forest,positive,재밌네,재밌네,2021-01-03 01:08:47
242760,The Forest,positive,추천,추천,2021-01-03 00:17:40
242760,The Forest,positive,재미 잇다~,재미 잇다 ~,2021-01-03 00:11:54
242760,The Forest,positive,재미져요,재미 져요,2021-01-02 23:32:00
242760,The Forest,positive,아니 그래서 아들 어디있냐고...,아니 그래서 아들 어디 있냐고 ...,2021-01-02 23:21:25
242760,The Forest,positive,걍 꿀잼임,걍 꿀잼임,2021-01-02 23:09:53
242760,The Forest,positive,엔딩 같이 보자고... si발,엔딩 같이 보자고 ... si 발,2021-01-02 22:49:00
242760,The Forest,positive,개꿀잼,개꿀잼,2021-01-02 22:27:28
242760,The Forest,positive,갓겜,갓 겜,2021-01-02 21:27:17
242760,The Forest,positive,따봉,따 봉,2021-01-02 21:27:08
242760,The Forest,positive,그렇게 많이한건 아닌데 해보면서 느낀점은 뭐 19세라서 그럴순 있겠지만 잔인합니다 아이스크림 먹으면서 했더니 좀;;ㅋㅋ,그렇게 많이 한 건 아닌데 해보면서 느낀 점 은 뭐 19 세라 서 그럴 순 있겠지만 잔인합니다 아이스크림 먹으면서 했더니 좀 ;; ㅋㅋ,2021-01-02 20:26:49
242760,The Forest,positive,후속작 기대중,후속작 기 대중,2021-01-02 19:37:15
242760,The Forest,positive,쫄보 곡괭이가 11시간동안 게임을 해본 결과 유튜브로 보는 느낌이랑 직접 하는 느낌이 너무 천차만별이라 무섭다. 게임 진행을 하려면 동굴탐험도 해야되고 맵도 돌아다녀야 하는데 도비라 그런지 싸움도 안되고 집주변에 덫과 방어벽만 설치해놓고 아무것도 안하는중 나무만 열심히 캘줄 알지 뭘 하지 못하네 쫄보라서 하지만 언젠간 엔딩을 볼 수 있겠지,쫄보 곡괭이 가 11시간 동안 게임 을 해본 결과 유튜브 로 보는 느낌 이랑 직접 하는 느낌 이 너무 천차만별 이라 무섭다 . 게임 진행 을 하려면 동굴탐험 도 해야되 고 맵 도 돌아다녀야 하는데 도비 라 그런지 싸움 도 안되고 집 주변 에 덫 과 방어 벽 만 설치 해놓고 아무 것 도 안 하는 중 나무 만 열심히 캘줄 알 지 뭘 하지 못 하네 쫄보 라서 하지만 언 젠 간 엔딩 을 볼 수 있겠지,2021-01-02 19:09:15
242760,The Forest,positive,응기잇,응기 잇,2021-01-02 17:58:13
242760,The Forest,positive,여포가 되는 겜,여포 가 되는 겜,2021-01-02 14:11:28
242760,The Forest,positive,good game,good game,2021-01-02 14:02:20
242760,The Forest,positive,ㅈㄴ재밋노,ㅈㄴ 재밋노,2021-01-02 12:58:29
242760,The Forest,positive,??? 제발 저희 섬을 나가주세요.. 저희가 잘못했습니다..,??? 제발 저희 섬 을 나가주세요 .. 저희 가 잘 못 했습니다 ..,2021-01-02 08:20:20
242760,The Forest,positive,식인종을 식인하는 식인식인종,식인종 을 식인 하는 식인 식인종,2021-01-02 00:50:47
242760,The Forest,positive,식인종과 동거하기 좋은게임,식인종 과 동거 하기 좋은 게임,2021-01-01 23:45:06
242760,The Forest,positive,ㄴㄷㄲ같은게임 야무지다!,ㄴㄷㄲ 같은 게임 야무지다 !,2021-01-01 19:58:45
242760,The Forest,positive,그런대 티미가 누구에오? 샌즈동생 인가욬?,그런대 티 미가 누구 에 오 ? 샌 즈 동생 인가욬 ?,2021-01-01 19:53:38
242760,The Forest,positive,뒤늦게 심장 졸여가며 플레이하고 있습니다. 특히 동굴만 들어가면... ㅜㅜ Sons of the Forest도 엄청 기대하고 있네요.,뒤늦게 심장 졸여가며 플레이 하고 있습니다 . 특히 동굴 만 들어가면 ... ㅜㅜ Sons of the Forest 도 엄청 기대하고 있네요 .,2021-01-01 19:48:18
242760,The Forest,positive,재미있다,재미있다,2021-01-01 18:46:16
242760,The Forest,positive,개꿀잼 잼 잼 잼 잼,개꿀잼 잼 잼 잼 잼,2021-01-01 17:38:54
242760,The Forest,positive,친구 없으면 무섭고 재미없어요. 근데 저는 인싸여서 친구가 많네요,친구 없으면 무섭고 재미없어요 . 근데 저 는 인 싸여서 친구 가 많네요,2021-01-01 16:33:15
242760,The Forest,positive,처음: 시..식인종이 어디있지? 후반: 식인종이 어디있지? 배고픈데,처음 : 시 .. 식인종 이 어디 있지 ? 후반 : 식인종 이 어디 있지 ? 배고픈데,2021-01-01 12:44:15
242760,The Forest,positive,꿀잼 허니잼 딸기잼 존잼,꿀잼 허니 잼 딸기 잼 존잼,2021-01-01 11:27:08
242760,The Forest,positive,"해본진 꽤 됐지만 갓겜 혼자선 좀 무섭고, 친구랑 3번정도 완주함 긴장감, 생존, 샌드박스 다 조화로움 아쉬운점은 변이 식인종이 구조물 파괴 ㅈㄴ해서 안정적 정착생활을 못함 오히려 그점이 장점이 될 수도 있음","해본진 꽤 됐지만 갓 겜 혼자 선 좀 무섭고 , 친구 랑 3 번 정도 완주 함 긴장감 , 생존 , 샌드박스 다 조화로움 아쉬운 점 은 변 이 식인종 이 구 조물 파괴 ㅈㄴ 해서 안정 적 정착생활 을 못 함 오히려 그 점 이 장점 이 될 수도 있음",2021-01-01 10:30:45
242760,The Forest,positive,진짜 재밌습니다. 식인종 죽이는 맛에 합니다.,진짜 재밌습니다 . 식인종 죽이는 맛 에 합니다 .,2021-01-01 01:55:22
242760,The Forest,positive,너무 개노잼이네요 환불이나 해주세요 씨발스팀,너무 개 노잼 이네 요 환불 이나 해주세요 씨발 스팀,2021-01-01 00:09:13
242760,The Forest,positive,재밋다,재밋다,2020-12-31 21:51:29
242760,The Forest,positive,처음엔 동굴 가기 두려웠던 게임. 갈수록 동굴 학살게임이 되간다.,처음 엔 동굴 가기 두려웠던 게임 . 갈수록 동굴 학살 게임 이 되 간다 .,2020-12-31 21:29:30
242760,The Forest,positive,^^,^^,2020-12-31 21:02:26
242760,The Forest,positive,식인종 고문하는 재미로 하는듯,식인종 고문 하는 재미 로 하는듯,2020-12-31 20:18:57
242760,The Forest,positive,굳,굳,2020-12-31 18:33:11
242760,The Forest,positive,말이 필요없는 갓겜,말 이 필요없는 갓 겜,2020-12-31 17:58:37
242760,The Forest,positive,같이 할 사람이 있으면 하세요,같이 할 사람 이 있으면 하세요,2020-12-31 11:24:17
242760,The Forest,positive,고기와 갑옷이 뛰어다니는 아름다운 섬에 어서오세요,고기 와 갑옷 이 뛰어다니는 아름다운 섬 에 어서 오세요,2020-12-31 10:59:36
242760,The Forest,positive,친구들이랑 하면 진짜 재밌는 게임,친구 들 이랑 하면 진짜 재밌는 게임,2020-12-31 08:57:52
242760,The Forest,positive,짱재밌음,짱 재밌음,2020-12-31 06:43:18
242760,The Forest,positive,"이야..이게임 리뷰를 지금쓰내..솔직히 말하자면 내 기준으로는 지금 The F 아 영어로 쓰기 귀찮아 그냥 한국어로 할래 ""그 숲"" 게임은 나쁘지 않다 식인종이랑 옹기종기 모여 앉아서 밥먹고 상어랑 같이 바다에서 서핑하고~ 동굴안에서 날라다니는 새끼동물들이랑 노는것도 나쁘지 않았다 엔딩은 총3개? 인듯 한데 배드 해피배드 홀로엔딩 이있는데 아 모르겠다 이거 업뎃 하기전에는 배드가 끝은거 같았는데 잘은 모르겠단 말이지..아닌가 원래 2개인가 쨋든 이번년도?에"" ""그 숲"" 후속작이 나온다는데 그것도 이것만큼 재밌을지는 모르겠지만 어느정","이야 .. 이 게임 리뷰 를 지금 쓰내 .. 솔직히 말 하자면 내 기준 으로는 지금 The F 아 영어 로 쓰기 귀찮아 그냥 한국어 로 할래 "" 그 숲 "" 게임 은 나쁘지 않다 식인종 이랑 옹기종기 모여 앉아서 밥 먹고 상어 랑 같이 바다 에서 서핑 하고 ~ 동굴 안 에서 날라 다니는 새끼 동물 들 이랑 노는것도 나쁘지 않았다 엔딩 은 총 3 개 ? 인듯 한데 배드 해피 배드 홀로 엔딩 이있는데 아 모르겠다 이 거 업뎃 하기전에는 배드 가 끝 은 거 같았는데 잘은 모르겠단 말 이지 .. 아닌가 원래 2 개인 가 쨋 든 이번 년도 ? 에 "" "" 그 숲 "" 후속작 이 나온다는데 그것 도 이 것 만큼 재밌을지는 모르겠지만 어느 정",2020-12-30 22:32:04
242760,The Forest,positive,존나 재밌음,존나 재밌음,2020-12-30 20:25:31
242760,The Forest,positive,가이드북 의존도 상당함 적을만나고 경험을 토대로 성장해나가는 게임,가이드북 의존 도 상당함 적 을 만나고 경험 을 토대 로 성장해 나가는 게임,2020-12-30 19:54:36
242760,The Forest,positive,good,good,2020-12-30 13:45:02
242760,The Forest,positive,불만있음 덤벼,불만 있음 덤벼,2020-12-30 12:29:15
242760,The Forest,positive,이건 내가 원했던 모습이야,이건 내 가 원했던 모습 이야,2020-12-30 09:30:17
242760,The Forest,positive,어머니는 닭고기 별로 안좋아하세요 식인종 좋아하시지,어머니 는 닭고기 별로 안 좋아하세요 식인종 좋아하시지,2020-12-30 08:40:35
242760,The Forest,positive,생각보다 스토리가 좋은 게임,생각 보다 스토리 가 좋은 게임,2020-12-30 04:17:51
242760,The Forest,positive,"시발 6명이 시작해서 잠수복 입고 싱크홀 떨어져서 뒤져버린 병신 1명, 렉걸려서 진행 안되는 호구 1명, 보스 잡다 딴짓 하는 개새끼 한명, 엔딩전에 롤하러 가는 미친새끼 한명 떨구고 두명이서 엔딩볼라는데 손이 6개가 필요하네ㅋㅋ","시발 6 명 이 시작 해서 잠수복 입고 싱크홀 떨어져서 뒤져 버린 병신 1 명 , 렉 걸려서 진행 안되는 호구 1 명 , 보스 잡다 딴 짓 하는 개새끼 한 명 , 엔딩 전 에 롤 하러 가는 미친 새끼 한 명 떨구고 두 명 이 서 엔딩 볼라는데 손 이 6 개 가 필요하네 ㅋㅋ",2020-12-30 00:21:22
242760,The Forest,positive,힐링겜 갓겜 코옵씹갓겜 친구랑 하면 3배로 재미있는겜 샌드박스 요소 9/10 생존요소 8.5/10 2편 기대 존나 된다,힐링 겜 갓 겜 코옵 씹 갓 겜 친구 랑 하면 3 배 로 재미있는 겜 샌드박스 요소 9/10 생존 요소 8.5 / 10 2 편 기대 존나 된다,2020-12-29 22:28:57
242760,The Forest,positive,재미있다,재미있다,2020-12-29 21:50:14
242760,The Forest,positive,재밌음,재밌음,2020-12-29 18:12:28
242760,The Forest,positive,어렵지만 재밌네요,어렵지만 재밌네요,2020-12-29 17:56:40
242760,The Forest,positive,게임의 장점 1. 꽤 재미있는 스토리(개인차있음) 2. 멀티플레이 지원으로 친구와 함께 스토리 진행가능 3. 엔딩을 볼 것이 아니라면 자유도가 꽤 있는편 게임의 단점 1. 버그가 너무너무 많음 2. 자원 채취가 꽤나 어렵다 평가 후속작을 기대하며 버그를 제외하면 꽤나 재밌게 플레이 가능,게임 의 장점 1 . 꽤 재미있는 스토리 ( 개인 차있음 ) 2 . 멀티플레이 지원 으로 친구 와 함께 스토리 진행 가능 3 . 엔딩 을 볼 것 이 아니라면 자유도 가 꽤 있는 편 게임 의 단점 1 . 버그 가 너무 너무 많음 2 . 자원 채취 가 꽤 나 어렵다 평가 후속작 을 기대하며 버그 를 제외 하면 꽤 나 재밌게 플레이 가능,2020-12-29 17:21:59
242760,The Forest,positive,먹을게 걸어다니는 게임,먹을게 걸어 다니는 게임,2020-12-29 16:20:03
242760,The Forest,positive,니 친구 팔 맛있더라~ㅋㅋ,니 친구 팔 맛있더라 ~ ㅋㅋ,2020-12-29 16:18:07
242760,The Forest,positive,더포래스트 엔딩이 참 잘만들어진 스토리 게임이다. 엔딩을 보고나면 할께없어져 몇시간하고 만다. 혼자하면 정말로 무서운게임이지만 점점 시간이 지날수록 식인종친구들이 친구처럼 느껴진다. 친구들이랑 하면 정말로 재밌는게임이지만 처음하는친구랑 하면 진짜 존나 암걸리는 게임이다. 친구들에게 치트를 알려주면 애들이 난리가 나서 치트는 안쓰는게 좋다. 특히 치트 안쓰고 깨는 사람들이랑 하는게 재밌다. 친구들과 함께 플레이하세요. 혼자하면 노잼입니다.,더포래스트 엔딩 이 참 잘 만들어진 스토리 게임 이다 . 엔딩 을 보고나면 할께 없어져 몇 시간 하고 만다 . 혼자 하면 정말로 무서운 게임 이지만 점점 시간 이 지날수록 식인종 친구 들 이 친구 처럼 느껴진다 . 친구 들 이랑 하면 정말로 재밌는 게임 이지만 처음 하는 친구 랑 하면 진짜 존나 암 걸리는 게임 이다 . 친구 들 에게 치트 를 알려주면 애 들 이 난리 가 나서 치트 는 안 쓰는게 좋다 . 특히 치트 안 쓰고 깨는 사람 들 이랑 하는게 재밌다 . 친구 들 과 함께 플레이 하세요 . 혼자 하면 노잼 입니다 .,2020-12-29 15:39:46
242760,The Forest,positive,antjdnjdyt,antjdnjdyt,2020-12-29 14:56:44
242760,The Forest,positive,친절한 원주민들과 달리기를 할수있습니다.,친절한 원주민 들 과 달리기 를 할수있습니다 .,2020-12-29 09:08:50
242760,The Forest,positive,친구들과 하기에 딱 좋은 게임. 아들찾는 게임이라지만 막상 하다보면 아들생각은 그닥 나질 않는다. 그래도 스토리의 진행 방식이 되게 좋아서 천천히 게임을 즐기다 보면 어느새 엔딩을 보게 되고 끝나면 자기 마을을 좀 더 살아가면서 이것저것 짓고 그러면서 노는 게임.. 그러나 본인이 이것저것 파밍해서 뭘 짓고 자유롭게 돌아다니면서 찾고.. 그런거 싫어하면 그닥 안맞을 수 있다.,친구 들 과 하기에 딱 좋은 게임 . 아들 찾는 게임 이라지만 막상 하다 보면 아들 생각 은 그닥 나질 않는다 . 그래도 스토리 의 진행 방식 이 되게 좋아서 천천히 게임 을 즐기다 보면 어느새 엔딩 을 보게 되고 끝나면 자기 마을 을 좀 더 살아가면서 이 것 저 것 짓고 그러면서 노 는 게임 .. 그러나 본인 이 이 것 저 것 파밍 해서 뭘 짓고 자유롭게 돌아다니면서 찾고 .. 그런거 싫어하면 그닥 안 맞을 수 있다 .,2020-12-29 05:45:16
242760,The Forest,positive,진짜 스릴 100,진짜 스릴 100,2020-12-29 05:26:22
242760,The Forest,positive,ㅅ,ㅅ,2020-12-29 04:33:15
242760,The Forest,positive,👍,👍,2020-12-29 02:22:47
242760,The Forest,positive,휼륭한 단백질,휼륭한 단백질,2020-12-29 00:56:43
242760,The Forest,positive,그린헬 사봤는데 원주민 하나 못 잡아먹고 독개구리한테 의문사 오지게 당하고 나니 이게 얼마나 선녀였는지 깨닫고 돌아왔다,그린 헬 사봤는데 원주민 하나 못 잡아먹고 독 개구리 한테 의문사 오지 게 당하고 나니 이 게 얼마나 선녀 였는지 깨닫고 돌아왔다,2020-12-28 22:13:46
242760,The Forest,positive,친구들하고 같이 하면 재밌는 게임 x215073 함정 깔아놓으면 매일 식인종들이 찾아와줘서 식량 걱정 업따~ㅋ 혼자 하면 너무 무써워효;~^^;,친구 들 하고 같이 하면 재밌는 게임 x 215073 함정 깔아놓으면 매일 식인종 들 이 찾아와줘서 식량 걱정 업 따 ~ ㅋ 혼자 하면 너무 무 써워 효 ;~^^;,2020-12-28 22:11:01
242760,The Forest,positive,너무 재미있어용,너무 재미있어용,2020-12-28 21:50:51
242760,The Forest,positive,친구들이랑 하면 재밌어요 근데 좀 많이 어려운거 같기두 하고요,친구 들 이랑 하면 재밌어요 근데 좀 많이 어려운거 같기두 하고요,2020-12-28 21:39:48
242760,The Forest,positive,꿀잼,꿀잼,2020-12-28 20:26:08
242760,The Forest,positive,서터레스풀림,서 터레 스풀 림,2020-12-28 19:59:49
242760,The Forest,positive,친구랑 하면 재밌음,친구 랑 하면 재밌음,2020-12-28 19:19:40
242760,The Forest,positive,섻,섻,2020-12-28 14:24:15
242760,The Forest,positive,rr,rr,2020-12-28 13:56:43
242760,The Forest,positive,맥 지원좀 해주세요 부탁드립니다,맥 지원 좀 해주세요 부탁드립니다,2020-12-28 12:21:40
242760,The Forest,positive,혼자 할거없을때하면 나름 시간잘감,혼자 할거 없을 때 하 면 나름 시간 잘 감,2020-12-28 12:04:14
242760,The Forest,positive,생존 게임 입문자는 이걸먼저 거치는게 알맞다고 생각 합니다.,생존 게임 입문 자 는 이 걸 먼저 거치는게 알맞다고 생각 합니다 .,2020-12-28 11:01:56
242760,The Forest,positive,게임의 재미도 재미지만 스토리가 정말 영화 한 편 봤다는 생각이 들 정도로 대단했습니다. 꼭 해보시길 추천드립니다. 가급적이면 스토리와 관련있는 글은 보지 않고 해보세요. 정말 후회 안하십니다.,게임 의 재미 도 재미 지만 스토리 가 정말 영화 한 편 봤다는 생각 이 들 정도 로 대단했습니다 . 꼭 해보시길 추천 드립니다 . 가급적 이면 스토리 와 관련 있는 글 은 보지 않고 해보세요 . 정말 후회 안 하십니다 .,2020-12-28 06:00:59
242760,The Forest,positive,꼭 친구랑 같이하세요,꼭 친구 랑 같이하세요,2020-12-28 03:35:57
242760,The Forest,positive,good,good,2020-12-27 23:27:57
242760,The Forest,positive,친구랑 둘이서 스토리 진행했는데 시간 가는줄 몰랐어요,친구 랑 둘이서 스토리 진행 했는데 시간 가는줄 몰랐어요,2020-12-27 23:03:55
242760,The Forest,positive,"처음엔 무서웠는데 하다보니까 부끄러움이 많은 친구들이였고 , 막상 나한테 식량도 가져다 주면서 음 ㅅㅂ 길고 긴 업데이트 기다리면서 재밌게 했다 , 업데이트 될수록 재밌었고 버그도 많아서 옛날에 버그포레스트라고 불렷던것도 기억난다 , 하지만 업데이트 하면서 좋은 게임으로 남았다 , 후속작나오면 꼭 플레이해서 또 평가를 남겨보겟다 굳","처음 엔 무서웠는데 하다 보 니까 부끄러움 이 많은 친구 들이였고 , 막상 나 한테 식량 도 가져다 주면서 음 ㅅㅂ 길고 긴 업데이트 기다리면서 재밌게 했다 , 업데이트 될수록 재밌었고 버그 도 많아서 옛날 에 버그 포레스트 라고 불렷던것 도 기억난다 , 하지만 업데이트 하면서 좋은 게임 으로 남았다 , 후속작 나오면 꼭 플레이 해서 또 평가 를 남겨 보겟다 굳",2020-12-27 23:02:02
242760,The Forest,positive,very good,very good,2020-12-27 22:52:08
242760,The Forest,positive,1일차였다. 나는 아무것도 모른체 탐색을 하다 강옆에 조그만 오두막을 지어 생활을 하고 있었다. 사람들은 새 이웃이 온게 반가운지 나에게 손을 내밀었다. 긁히고 감염이 됐다. 나는 죽은줄 알았지만 어딘가로 끌려왔다. 무서웠다. 거꾸로 매달린 나에게 보인 것은 내장이 튀어나온 사람 2명이 있었다. 좋은 대화수단인 도끼를 들며 밖으로 나왔다. 마침 3명이 나에게 다가왔다. 그래서 나에게 다가와준분들에게 '대화'를 했다. 그랬더니 재밌었는지 바닥에 누워버리고는 일어나질 않았다. 그래서 나는 일으켜 세워줄려고 '대화'를 했지만 다시는 일어,1일 차였다 . 나 는 아무 것 도 모른체 탐색 을 하다 강옆 에 조그만 오두막 을 지어 생활 을 하고 있었다 . 사람 들 은 새 이웃 이 온 게 반가운지 나 에게 손 을 내밀었다 . 긁히고 감염 이 됐다 . 나 는 죽은줄 알았지만 어딘가 로 끌려 왔다 . 무서웠다 . 거꾸로 매달린 나 에게 보인 것 은 내장 이 튀어나온 사람 2 명 이 있었다 . 좋은 대화 수단 인 도끼 를 들며 밖 으로 나왔다 . 마침 3 명 이 나 에게 다가왔다 . 그래서 나 에게 다가와 준 분들 에게 ' 대화 ' 를 했다 . 그랬더니 재밌었는지 바닥 에 누워 버리고는 일어나질 않았다 . 그래서 나 는 일으켜 세워줄려고 ' 대화 ' 를 했지만 다시는 일어,2020-12-27 22:45:48
242760,The Forest,positive,친구들과 아침에는 머리를 고소하게 드시고 점심에는 팔을 바싹하게 익혀 드리고 저녁에는 제일 맛있는 다리를 쫄깃하게 드시면 됩니다. 가끔은 무서운 식인종이지만 이제는 제 음식이죠,친구 들 과 아침 에는 머리 를 고소하게 드시고 점심 에는 팔 을 바싹 하게 익혀 드리고 저녁 에는 제일 맛있는 다리 를 쫄깃하 게 드시면 됩니다 . 가끔 은 무서운 식인종 이지만 이제 는 제 음식 이 죠,2020-12-27 22:06:15
242760,The Forest,positive,노브1라 식인종 갓겜^^,노브 1 라 식인종 갓 겜 ^^,2020-12-27 20:52:13
242760,The Forest,positive,재미있어요,재미있어요,2020-12-27 19:44:04
242760,The Forest,positive,재밌음 줫버그 빼고,재밌음 줫 버그 빼고,2020-12-27 19:10:03
242760,The Forest,positive,오우오우오우!! 개꿀잼!!,오우 오우 오우 !! 개꿀잼 !!,2020-12-27 17:37:32
242760,The Forest,positive,재미있어요,재미있어요,2020-12-27 17:33:46
242760,The Forest,positive,01,01,2020-12-27 16:26:02
242760,The Forest,positive,"친구랑 롤하다 롤만 하니까 질려서 같이 이거 해봤는데 ㄹㅇ 개재밌음. 마침 더포레스트2 나온대서 2 맛보기용으로 이거 사본 건데 이거 죽는 모션만 좀 그렇지, 스토리 들어간 아크급임","친구 랑 롤 하다 롤 만 하니까 질려서 같이 이 거 해봤는데 ㄹㅇ 개 재밌음 . 마침 더 포레스트 2 나온 대서 2 맛보기 용 으로 이 거 사본 건데 이 거 죽는 모션 만 좀 그렇지 , 스토리 들어간 아크 급 임",2020-12-27 12:01:23
242760,The Forest,positive,친구들과 함께 하니까 더 즐거워요,친구 들 과 함께 하니까 더 즐거워요,2020-12-27 03:54:54
242760,The Forest,positive,개꿀맛 미춌음 친구들이랑 플레이하면 더 잼있음 와..무대를 뒤집어놓으셨다,개꿀맛 미춌음 친구 들 이랑 플레이 하면 더 잼있음 와 .. 무대 를 뒤집어놓으셨다,2020-12-27 03:49:39
242760,The Forest,positive,300시간쯤 하면 질릴거같아요,300시간 쯤 하면 질릴거 같아요,2020-12-27 03:10:19
242760,The Forest,positive,남들이 볼땐 공포겜 이지만 저에겐 힐링게임이나 다름없습니다~^^,남 들 이 볼땐 공포 겜 이지만 저 에겐 힐링 게임 이나 다름없습니다 ~^^,2020-12-27 03:08:04
242760,The Forest,positive,너무 재밌어요 히히,너무 재밌어요 히 히,2020-12-27 00:57:32
242760,The Forest,positive,생존 서바이벌을 생각하고 시작했으나 노멀모드 100일차쯤 되니 통나무 운반을 위한 경부고속도로를 만들고 인부들과 무인도 재개발을 기획하는 나를 발견하게 됨 원거리무기 쏘는 재미가 쏠쏠함,생존 서바이벌 을 생각 하고 시작 했으나 노멀 모드 100일 차쯤 되니 통나무 운반 을 위 한 경부 고속도로 를 만들고 인부 들 과 무인도 재개발 을 기획 하는 나를 발견 하게 됨 원거리 무기 쏘는 재미 가 쏠쏠함,2020-12-26 23:25:13
242760,The Forest,positive,처음에는 스토리 진행법을 몰라서 지루하했지만 하다보니 재미있다. 공포겜이지만 힐링된다,처음 에는 스토리 진행 법 을 몰라서 지루하 했지만 하다 보니 재미있다 . 공포 겜 이지만 힐링 된다,2020-12-26 20:38:46
242760,The Forest,positive,친구들이랑 할때 더포레만한 갓겜이 없읍니다,친구 들 이랑 할 때 더 포레 만 한 갓 겜 이 없 읍니 다,2020-12-26 20:32:49
242760,The Forest,positive,"개인적으로는 무인도나 동굴,숲에 대한 탐험,생존에 대한 로망을 가지고 있었는데 그 로망을 깨준 게임이였습니다. 숲을 무섭게 해준 게임은 이게 처음이야","개인 적 으로는 무인도 나 동굴 , 숲 에 대한 탐험 , 생존 에 대한 로망 을 가지 고 있었는데 그 로망 을 깨준 게임 이 였습니다 . 숲 을 무섭게 해준 게임 은 이 게 처음 이야",2020-12-26 19:58:08
242760,The Forest,positive,적당히 친구들과 하기 재미싸,적당히 친구 들 과 하기 재미 싸,2020-12-26 17:08:53
242760,The Forest,positive,gd,gd,2020-12-26 15:47:40
242760,The Forest,positive,존나 재밌긴한데 버그만 고쳐주세요,존나 재밌긴한데 버그 만 고쳐주세요,2020-12-26 13:50:31
242760,The Forest,positive,와. 이거 정말. 갓 . 겜 입니다 . 개 오집 니다.,와 . 이 거 정말 . 갓 . 겜 입니다 . 개 오 집 니다 .,2020-12-26 04:42:45
242760,The Forest,positive,게임 하면할수록 식인종 만날때 더 이상 게임 초반의 그 무섭던 식인종이 아니게 됩니다. 갈수록 어느부위를 먹고 남은건 뼈갑옷으로 만들 생각밖에 없고 동물 사냥보다 옆집 식인종 마을 털러감... 호러겜 기대하고 이겜 사는거면 당장 환불하십쇼,게임 하면 할수록 식인종 만날 때 더 이상 게임 초반 의 그 무섭던 식인종 이 아니게 됩니다 . 갈수록 어느 부위 를 먹고 남은건 뼈 갑옷 으로 만들 생각 밖에 없고 동물 사냥 보다 옆집 식인종 마을 털러 감 ... 호러 겜 기대하고 이 겜 사는거면 당장 환불 하십 쇼,2020-12-26 04:38:35
242760,The Forest,positive,갓겜,갓 겜,2020-12-26 04:31:44
242760,The Forest,positive,"식인종, 돌연변이와의 사투를 생각하고 시작했지만 불법 벌목업자들과 환경단체의 마찰을 보는 것 같았습니다. 큰 집을 짓기 위해 나무 수백그루를 잘라내면서 이 게임의 이름이 the forest 인 이유도 알게 되었구요.","식인종 , 돌연변이 와의 사투 를 생각 하고 시작 했지만 불법 벌목 업자 들 과 환경 단체 의 마찰 을 보는 것 같았습니다 . 큰 집 을 짓기 위해 나무 수백 그루 를 잘라내면서 이 게임 의 이름 이 the forest 인 이유 도 알 게 되었구요 .",2020-12-26 00:33:21
242760,The Forest,positive,goooooooooooooooooooooooooooooooooood,goooooooooooooooooooooooooooooooooood,2020-12-25 22:53:14
242760,The Forest,positive,초반 식인종 : 공포 후반 식인종 : 장난감,초반 식인종 : 공포 후반 식인종 : 장난감,2020-12-25 22:48:45
242760,The Forest,positive,가격대비 엄청난 명작,가격 대비 엄청난 명작,2020-12-25 21:45:07
242760,The Forest,positive,원주민 냠냠 챱챱스 원주민은 참 영양소가 풍부해여^^^,원주민 냠냠 챱챱스 원주민 은 참 영양소 가 풍부해여 ^^^,2020-12-25 21:31:18
242760,The Forest,positive,마크 재미있당,마크 재미있당,2020-12-25 21:01:28
242760,The Forest,positive,좆간 시뮬레이터,좆 간 시뮬레이터,2020-12-25 20:50:36
242760,The Forest,positive,게임이 재있있네요 :],게임 이 재있있네요 :],2020-12-25 20:23:48
242760,The Forest,positive,뛰는 식인종 위에 '나'는 식인종 https://blog.naver.com/wlgusaud2000/222185248109,뛰는 식인종 위 에 ' 나 ' 는 식인종 https://blog.naver.com/wlgusaud2000/222185248109,2020-12-25 19:12:36
242760,The Forest,positive,good game!!,good game !!,2020-12-25 18:52:14
242760,The Forest,positive,첨일떈 식인종보면 도망갔는데 어느순간 내손에 인육을 들고있었다 냠냠,첨일떈 식인종 보면 도망갔는데 어느 순간 내 손 에 인육 을 들고있었다 냠냠,2020-12-25 18:43:10
242760,The Forest,positive,속편 내놓아라,속편 내놓아라,2020-12-25 17:56:52
242760,The Forest,positive,응니애미,응 니애미,2020-12-25 17:09:48
242760,The Forest,positive,개꿀잼,개꿀잼,2020-12-25 16:17:48
242760,The Forest,positive,더포 2 언제나오냐?,더포 2 언제 나오냐 ?,2020-12-25 14:05:29
242760,The Forest,positive,재밌네요 XD,재밌네요 XD,2020-12-25 13:20:08
242760,The Forest,positive,혼자는 개쌉노잼인데 같이하면 재밋음,혼자 는 개 쌉 노잼 인데 같이 하면 재밋음,2020-12-25 12:52:46
242760,The Forest,positive,"자, 이제 누가 식인종이지??","자 , 이제 누가 식인종 이지 ??",2020-12-25 12:49:01
242760,The Forest,positive,식인족 살이 제일 맛있음,식인 족 살이 제일 맛있음,2020-12-25 08:10:05
242760,The Forest,positive,조성호 굿굿,조성호 굿굿,2020-12-25 04:50:45
242760,The Forest,positive,헤으응 승무원 눈나... '^',헤으응 승무원 눈 나 ... '^',2020-12-25 01:15:15
242760,The Forest,positive,식인종보다 플레이어가 인육 더 많이 먹음,식인종 보다 플레이어 가 인육 더 많이 먹음,2020-12-24 21:31:35
242760,The Forest,positive,이거 하면서 스토리 깨려는 사람 못봤다. 난 집만 짓고 놀음.,이 거 하면서 스토리 깨려는 사람 못 봤다 . 난 집 만 짓고 놀음 .,2020-12-24 20:02:20
242760,The Forest,positive,혼자하면 공포게임,혼자 하면 공포 게임,2020-12-24 15:23:38
242760,The Forest,positive,.,.,2020-12-24 14:52:09
242760,The Forest,positive,식인종 시뮬레이터,식인종 시뮬레이터,2020-12-24 13:43:16
242760,The Forest,positive,ffffffffffffffffffffffffffffffffffff,ffffffffffffffffffffffffffffffffffff,2020-12-24 12:59:03
242760,The Forest,positive,good,good,2020-12-24 12:19:09
242760,The Forest,positive,혼자 하면 ㄵ,혼자 하면 ㄵ,2020-12-24 00:51:57
242760,The Forest,positive,노가다 게임을 좋아하는 사람이라면 추천합니다 하지만 조금이라도 무서운 분위기를 안좋아하면 조금 더 생각해 보고 했으면 좋겠습니다 물론 친구랑하면 덜 무서워요 :),노가다 게임 을 좋아하는 사람 이 라면 추천 합니다 하지만 조금 이라도 무서운 분위기 를 안 좋아하면 조금 더 생각 해 보고 했으면 좋겠습니다 물론 친구 랑 하면 덜 무서워요 :),2020-12-24 00:20:40
242760,The Forest,positive,친구와 함께하면 너무 재밌다.,친구 와 함께 하면 너무 재밌다 .,2020-12-23 19:27:33
242760,The Forest,positive,혼자하면 ㅈㄴ무서움,혼자 하면 ㅈㄴ 무서움,2020-12-23 12:56:17
242760,The Forest,positive,"박쥐 개샠히,....","박쥐 개샠히 ,....",2020-12-23 10:38:05
242760,The Forest,positive,친구랑같이 멀티하는게 제일 재미있음,친구 랑 같이 멀티 하는게 제일 재미있음,2020-12-23 10:06:56
242760,The Forest,positive,잼,잼,2020-12-23 07:40:39
242760,The Forest,positive,갓겜,갓 겜,2020-12-23 06:41:01
242760,The Forest,positive,아들놈 구하는게임 안니고요 생존하는게임입니다 엔딩은 딱히 볼맛은 안나는데 멀티플래이로 친구랑 같이 생존하는 재미가 솔솔합니다,아들 놈 구 하는 게임 안니고요 생존 하는 게임 입니다 엔딩 은 딱히 볼맛 은 안나는데 멀티 플 래 이로 친구 랑 같이 생존 하는 재미 가 솔솔 합니다,2020-12-22 21:51:01
242760,The Forest,positive,이 게임은 엔딩이 정말 놀랍다. 50일동안 벌목만 하다가 돌연변이에 식인종이 집까지 찾아오길래 엔딩을 봐야겠다 싶어서 동굴도 가보고 싱크홀도 들어가보고 하다가 엔딩을 봤는데 정말 놀라웠다. 엔딩 이후에 집에 왔더니 베어놓은 나무가 다 다시 자라있던 것이다. 엔딩은 끝없는 벌목이었다.,이 게임 은 엔딩 이 정말 놀랍다 . 50일 동안 벌목 만 하다가 돌연변이 에 식인종 이 집 까지 찾아오길래 엔딩 을 봐야겠다 싶어서 동굴 도 가보고 싱크홀 도 들어가 보고 하다가 엔딩 을 봤는데 정말 놀라웠다 . 엔딩 이후 에 집 에 왔더니 베어놓은 나무 가 다 다시 자라있던 것 이다 . 엔딩 은 끝없는 벌목 이었다 .,2020-12-22 18:50:33
242760,The Forest,positive,"식량이 부족할때 식인종이 식량이 돼어주고, 갑옷이 필요할때 돌연변이식인종이 갑옷이 되주고, 심지어 재미가 없을땐 올가미에 걸려서 처절한 소리를 내면서 살려달라하는 식인종이 있어서 너무 잼슴..ㅎ 올가미에 걸어서 죽을때까지 걸어두는 맛이있음 ㅋ ㄹㅇ 존잼 ㅋㅋ","식량 이 부족할 때 식인종 이 식량 이 돼어주고 , 갑옷 이 필요할 때 돌연변이 식인종 이 갑옷 이 되주고 , 심지어 재미 가 없을 땐 올가미 에 걸려서 처절한 소리 를 내면 서 살려 달라 하 는 식인종 이 있어서 너무 잼슴 .. ㅎ 올가미 에 걸어서 죽 을 때 까지 걸어 두는 맛 이 있음 ㅋ ㄹㅇ 존잼 ㅋㅋ",2020-12-22 16:48:41
242760,The Forest,positive,이건 혼자 해도 재밌음,이건 혼자 해도 재밌음,2020-12-22 15:08:54
242760,The Forest,positive,발만담가봤는데 재미있네요,발 만담 가봤는데 재미있네요,2020-12-22 13:56:26
242760,The Forest,positive,식인종은 훌륭한 단백질 공급원,식인종 은 훌륭한 단백질 공급원,2020-12-22 13:48:32
242760,The Forest,positive,친구랑해야 갓겜,친구 랑 해야 갓 겜,2020-12-22 08:25:33
242760,The Forest,positive,1121,1121,2020-12-21 21:36:53
242760,The Forest,positive,친구들이랑 같이 하면 더 재밌음,친구 들 이랑 같이 하면 더 재밌음,2020-12-21 19:32:26
242760,The Forest,positive,vr~good!!,vr ~ good !!,2020-12-21 15:45:17
242760,The Forest,positive,개꿀잼,개꿀잼,2020-12-21 15:24:39
242760,The Forest,positive,점점식인종과친구가되는게임,점점 식인종 과 친구 가 되는 게임,2020-12-21 14:23:35
242760,The Forest,positive,어유 너무 재밌어요 진짜,어유 너무 재밌어요 진짜,2020-12-21 10:56:18
242760,The Forest,positive,아들.. 아빠는 여기 식인종 친구들이랑 살고 있을게!,아들 .. 아빠 는 여기 식인종 친구 들 이랑 살 고 있을게 !,2020-12-21 00:34:01
242760,The Forest,positive,"고어한거나 잔인한거, 무서운거 좋아하시는 분들에게 추천함. 아니면 그냥 다 참고 집짓기 좋아하는 사람한테도 추천함. 킬링타임용~~!! 잔 버그가 좀 많아서 집이 잘 부서짐. 개발자님 수정해주세요~~~~","고어 한 거나 잔인한거 , 무서운거 좋아하시는 분 들 에게 추천 함 . 아니면 그냥 다 참고 집짓기 좋아하는 사람 한테 도 추천 함 . 킬링타임 용 ~~!! 잔 버그 가 좀 많아서 집 이 잘 부서짐 . 개발자 님 수정 해주세요 ~~~~",2020-12-20 19:40:26
242760,The Forest,positive,친구들이랑 재밋음 난이도는 어려운편,친구 들 이랑 재밋음 난이도 는 어려운 편,2020-12-20 16:59:37
242760,The Forest,positive,이거 10시간만 하면 식인종 만나는것도 잡기 귀찮음 불로 지지고 보고있으면 재밌음,이 거 10시간 만 하면 식인종 만나는것도 잡기 귀찮음 불로 지지 고 보고있으면 재밌음,2020-12-20 14:27:20
242760,The Forest,positive,고민하지마 해봐야 안다,고민 하지마 해봐야 안다,2020-12-20 13:45:56
242760,The Forest,positive,인생 게임 레전드,인생 게임 레전드,2020-12-20 02:25:21
242760,The Forest,positive,재밌습니다 살면서 꼭해봐야할 게임 .ㅋㅋ,재밌습니다 살면서 꼭 해봐 야할 게임 . ㅋㅋ,2020-12-20 00:49:31
242760,The Forest,positive,도끼질 할때마다 손가락이 아파진다..하지만 이 나무로 내 집 마련의 꿈을...!,도끼 질 할 때 마다 손가락 이 아파진다 .. 하지만 이 나무 로 내 집 마련 의 꿈 을 ...!,2020-12-20 00:28:10
242760,The Forest,positive,제가 참 좋아해요,제 가 참 좋아해요,2020-12-18 15:22:13
242760,The Forest,positive,재밌음,재밌음,2020-12-18 11:56:35
242760,The Forest,positive,god game,god game,2020-12-18 05:20:44
242760,The Forest,positive,오히려 식인종이 무서워하는 게임,오히려 식인종 이 무서워하는 게임,2020-12-17 20:58:37
242760,The Forest,positive,영상보고 혹해서 샀는데 조금 후회되는 겜 .. 그래도 재밌고 원주민 패는맛도 있어요...,영상 보고 혹 해서 샀는데 조금 후회되는 겜 .. 그래도 재밌고 원주민 패 는 맛 도 있어요 ...,2020-12-17 19:31:41
242760,The Forest,positive,나무 한그루만 있다면 하늘을 날 수 있는 좋은 기회,나무 한그루 만 있다면 하늘 을 날 수 있는 좋은 기회,2020-12-17 10:43:52
242760,The Forest,positive,SIBAL,SIBAL,2020-12-17 08:09:04
242760,The Forest,positive,너무 무서워요,너무 무서워요,2020-12-17 00:27:07
242760,The Forest,positive,다구리 ㅈ됨 그리고 친구년들이 버리고 쨈,다 구리 ㅈ 됨 그리고 친구 년 들 이 버리고 쨈,2020-12-16 15:30:30
242760,The Forest,positive,정신차리고 보니 내가 괴물이 되어있는 것 같다,정신차리고 보니 내 가 괴물 이 되어있는 것 같다,2020-12-16 13:22:05
242760,The Forest,positive,재밌음,재밌음,2020-12-16 12:51:09
242760,The Forest,positive,같이 할 사람 많으면 꿀잼 굳,같이 할 사람 많으면 꿀잼 굳,2020-12-16 09:24:10
242760,The Forest,positive,생존게임에 필요한 건 다 갖췄는데 이 아쉬운 5%는 어디에 있는 걸까,생존 게임 에 필요한 건 다 갖췄는데 이 아쉬운 5% 는 어디 에 있는 걸까,2020-12-16 07:59:17
242760,The Forest,positive,잼따,잼 따,2020-12-16 00:08:35
242760,The Forest,positive,ㄹㅇ 아빠가 혼자 몬스터 잡고 노는게임 근데 존나 재미있음 ㅇㅇ,ㄹㅇ 아빠 가 혼자 몬스터 잡고 노 는 게임 근데 존나 재미있음 ㅇㅇ,2020-12-15 15:48:21
242760,The Forest,positive,"괜찮은 그래픽에 집 짓고 노가다 하는 재미, 식인종 물리치며 동굴탐사하는 게임 친구랑 재밌게 할 수 있음 스토리도 별 기대 안했는데 나름의 짜임이 있음 근데 마지막에서야 알게되는 거라 스토리를 기대하긴 좀 그럼 지을 수 있는 집이나 구조물의 한계가 많아서 즐길거리가 빨리 소모됨 또 비윤리적인 느낌때문에 피로도가 있음 그렇지만 할인할때 친구들이랑 같이 하면 괜찮은 게임인 듯","괜찮은 그래픽 에 집 짓고 노가다 하는 재미 , 식인종 물리치며 동굴 탐사 하 는 게임 친구 랑 재밌게 할 수 있음 스토리 도 별 기대 안 했는데 나름 의 짜임 이 있음 근데 마지막 에서야 알 게 되는 거 라 스토리 를 기대하긴 좀 그럼 지을 수 있는 집 이나 구조 물의 한계 가 많아서 즐길 거리 가 빨리 소모 됨 또 비 윤리 적 인 느낌 때문 에 피로 도 가 있음 그렇지만 할인 할 때 친구 들 이랑 같이 하면 괜찮은 게임 인 듯",2020-12-15 10:43:02
242760,The Forest,positive,게임 이름이 그 숲이지만 더 케이브라고 했으면 아마 대박 났을게임,게임 이름 이 그 숲 이지만 더 케이 브라 고 했으면 아마 대박 났을 게임,2020-12-14 23:49:49
242760,The Forest,positive,초반 비행기추락>>파밍함>>대충만들거만듬>>집터 대충지음 (''오 이제 시작이구만 파밍 ㄱㄱ'') 중반 집을 재대로만듬>>주변 함정을만듬>>대비를함. (''뭐야..별거 아닌데? 별로안무서운데....ㅈ@밥이노 ㅋㅋㄹㅃㅃ) 후반 식인종이옴>>함정에 걸림>>꼴좋음>>그러다 쳐맞음>>하지만 우리가 더 강해서 이김 (''어라? 생각보다...징그럽네? 어째서...땀이?) 결론. 친구랑해야된다. 재밌고 절대무서워서는 그런거 아니다.,초반 비행기 추락 >> 파밍 함 >> 대 충만 들 거만 듬 >> 집터 대충 지음 ('' 오 이제 시작 이구만 파밍 ㄱㄱ '') 중반 집 을 재 대로 만듬 >> 주변 함정 을 만 듬 >> 대비 를 함 . ('' 뭐 야 .. 별거 아닌데 ? 별 로안 무서운데 .... ㅈ @ 밥 이노 ㅋㅋㄹㅃㅃ ) 후반 식인종 이 옴 >> 함정 에 걸림 >> 꼴 좋음 >> 그러다 쳐 맞음 >> 하지만 우리 가 더 강해서 이김 ('' 어라 ? 생각 보다 ... 징그럽네 ? 어째서 ... 땀 이 ?) 결론 . 친구 랑 해야 된다 . 재밌고 절대 무서워 서는 그런거 아니다 .,2020-12-14 23:06:51
242760,The Forest,positive,딱히 부가적인 설명이 필요없습니다. 그냥 무조건 하세여,딱히 부가 적 인 설명 이 필요없습니다 . 그냥 무조건 하세여,2020-12-14 21:46:58
242760,The Forest,positive,"Hunting, Farming and Crafting Simulator","Hunting , Farming and Crafting Simulator",2020-12-14 21:42:39
242760,The Forest,positive,JMT,JMT,2020-12-14 20:41:11
242760,The Forest,positive,다른사람들이랑 같이해야 재밋움 완전 벌목겜,다른사람 들 이랑 같이 해야 재밋움 완전 벌목 겜,2020-12-14 02:25:43
242760,The Forest,positive,nm,nm,2020-12-13 14:17:58
242760,The Forest,positive,재밌음,재밌음,2020-12-13 12:35:42
242760,The Forest,positive,협동할때버그준네많음 그래도갸꿀잼,협동 할 때 버그 준 네 많음 그래도 갸꿀잼,2020-12-13 11:03:37
242760,The Forest,positive,앙 존나 무섭띠,앙 존나 무섭 띠,2020-12-13 00:46:29
242760,The Forest,positive,자 이제 누가 식인종이지?,자 이제 누가 식인종 이지 ?,2020-12-12 21:36:48
242760,The Forest,positive,스팀을 알게된 동시에 이 게임을 접했는데 정말 몰입도 잘되고 친구들과 즐겁게 즐겼습니다 또 친구들이랑 다시 깨보고 싶네요,스팀 을 알 게 된 동시 에 이 게임 을 접 했는데 정말 몰입도 잘 되고 친구 들 과 즐겁게 즐겼습니다 또 친구 들 이랑 다시 깨 보고 싶네요,2020-12-12 21:31:50
242760,The Forest,positive,ㅇㅊㄹ,ㅇㅊㄹ,2020-12-12 20:56:36
242760,The Forest,positive,식인종들이 나중에 아이템으로 보이는게임 ㄷㄷㄷ....,식인종 들 이 나중 에 아이템 으로 보이는 게임 ㄷㄷㄷ ....,2020-12-12 19:07:56
242760,The Forest,positive,돈 내기 아깝다고 생각했는데 ㄹㅇ 하나도 아님 ㅋㅋㅋ 개꿀잼 친구랑 하면 더 재밌음,돈 내기 아깝다고 생각 했는데 ㄹㅇ 하나 도 아님 ㅋㅋㅋ 개꿀잼 친구 랑 하면 더 재밌음,2020-12-12 17:16:33
242760,The Forest,positive,졸라 재밌네 ㅋㅋ ㄹㅇㅋㅋ,졸라 재밌네 ㅋㅋ ㄹㅇㅋㅋ,2020-12-12 17:15:34
242760,The Forest,positive,혼자하기도 좋아여 스릴러가 아닌 건설개임으로도,혼자 하기도 좋아여 스릴러 가 아닌 건설 개 임 으로도,2020-12-12 15:36:52
242760,The Forest,positive,분명 생존 게임은 식량을 구하는게 어려워야 하는대 알아서 와준다...,분명 생존 게임 은 식량 을 구 하는게 어려워야 하는대 알아서 와 준다 ...,2020-12-12 08:21:58
242760,The Forest,positive,설치한지 오래됐지만 아직 엔딩을 못 본 게임. 유튜브에서 다 봐서 별로 내가 보고 싶은 생각은 안 든다. 그냥 식인종 때려잡고 집 만드는 게 재밌다.,설치 한지 오래 됐지만 아직 엔딩 을 못 본 게임 . 유튜브 에서 다 봐서 별로 내 가 보고 싶은 생각 은 안 든다 . 그냥 식인종 때려 잡고 집 만드는 게 재밌다 .,2020-12-11 12:46:25
242760,The Forest,positive,"게임 출시시기나 쓴 엔진, 듣도 보도 못한 개발진들 등등 보고 전혀 기대하지 않고 들어갔으나.. 생각보다 엄청난 퀄리티에 하는 내내 깜짝깜짝 놀랐다 상당한 그래픽, 굉장히 참신한 시스템 (생존, 건축, 제작, 전투 등..) 게임 자체 의도된 플레이도 놀라울 정도로 재밌지만 건축에 특히 굉장한 자유도가 있어서 친구랑 건축 뻘짓거리만 한참을 재밌게 한 것 같다","게임 출시 시기 나 쓴 엔진 , 듣도 보도 못 한 개발 진 들 등등 보고 전혀 기대하지 않고 들어갔으나 .. 생각 보다 엄청난 퀄리티 에 하는 내내 깜짝깜짝 놀랐다 상당한 그래픽 , 굉장히 참신한 시스템 ( 생존 , 건축 , 제작 , 전투 등 ..) 게임 자체 의도 된 플레이도 놀라울 정도 로 재밌지만 건축 에 특히 굉장한 자유도 가 있어서 친구 랑 건축 뻘 짓거리 만 한참 을 재밌게 한 것 같다",2020-12-11 02:51:22
242760,The Forest,positive,다깨면 노잼,다 깨면 노잼,2020-12-10 21:50:24
242760,The Forest,positive,무섭습니다. 이 게임을 하곤 한동안 삼겹살을 못먹었어요. 가성비 좋구 비위 세신 분만 해보세요...,무섭습니다 . 이 게임 을 하곤 한동안 삼겹살 을 못 먹었어요 . 가성 비 좋구 비위 세신 분만 해보세요 ...,2020-12-10 21:28:19
242760,The Forest,positive,친구랑 하면 개재밌음,친구 랑 하면 개 재밌음,2020-12-10 16:17:19
242760,The Forest,positive,웱,웱,2020-12-10 03:27:38
242760,The Forest,positive,생존수칙 첫번째 인육을 먹는다.,생존 수 칙 첫 번째 인육 을 먹는다 .,2020-12-10 02:09:04
242760,The Forest,positive,"자, 이제 누가 식인종이지?","자 , 이제 누가 식인종 이지 ?",2020-12-09 23:34:02
242760,The Forest,positive,"집도 짓고 농사, 수렵, 채집등을 하면서 많은 힐링을 하는 게임입니다. 자유도가 높고, 귀여운 빡빡이 친구들이랑 술래잡기 놀이도 하고 꽤 재밌어요!","집도 짓고 농사 , 수렵 , 채집 등 을 하면서 많은 힐링 을 하는 게임 입니다 . 자유도 가 높고 , 귀여운 빡빡이 친구 들 이랑 술래잡기 놀이 도 하고 꽤 재밌어요 !",2020-12-09 21:15:21
242760,The Forest,positive,솔직히 매번 할때마다 안질리고 재밌다. 스토리 몇번이나 깨고 마크처럼 건축만 쳐해도 존나 재밌어 !,솔직히 매번 할 때 마다 안질리고 재밌다 . 스토리 몇번 이나 깨고 마크 처럼 건축 만 쳐 해도 존나 재밌어 !,2020-12-09 18:54:18
242760,The Forest,positive,재밌어욤,재밌어 욤,2020-12-09 11:06:26
242760,The Forest,positive,재밋음,재밋음,2020-12-09 01:01:48
242760,The Forest,positive,자신의 사이코 끼를 맘껏 자랑할 수 있는 갓겜,자신 의 사이코 끼 를 맘껏 자랑 할 수 있는 갓 겜,2020-12-08 16:45:57
242760,The Forest,positive,재미는있는데 금방질림 구매하실떄 신중하게하세용,재미 는 있는데 금방 질림 구매 하실 떄 신중하게하세용,2020-12-08 11:21:02
242760,The Forest,positive,원주민을 약탈 하고 잡아먹는 게임,원주민 을 약탈 하고 잡아먹는 게임,2020-12-08 06:57:59
242760,The Forest,positive,실수로 손을 구워서 먹었는데 나름 풍미있었음,실수 로 손 을 구워서 먹었는데 나름 풍 미있었음,2020-12-07 22:59:28
242760,The Forest,positive,친구랑 같이하면 개꿀잼 혼자하면 식인종 소리 들리자마자 꺼버림.,친구 랑 같이 하면 개꿀잼 혼자 하면 식인종 소리 들리자마자 꺼 버림 .,2020-12-07 22:13:17
242760,The Forest,positive,"기대한 것 : 아들찾아 서바이벌 실제로 한것 : 도끼로 케리어 파밍, 3D 멀미 구에에엑 아니 근데 어떻게 캐리어를 깔때마다 절연테이프가 나올 수 있냐 그래도 내 취향이 아닌 것일 뿐, 잘 만든거는 맞으니 일단은 추천함","기대한 것 : 아들 찾아 서바이벌 실제 로 한 것 : 도끼 로 케리 어 파밍 , 3 D 멀미 구 에 에 엑 아니 근데 어떻게 캐리어 를 깔 때 마다 절연 테이프 가 나올 수 있냐 그래도 내 취향 이 아닌 것일 뿐 , 잘 만든거는 맞으니 일단 은 추천 함",2020-12-07 20:41:00
242760,The Forest,positive,혼자서는 못할거같은 게임. 친구랑 같이 사서 하는데 공포랑 고어물 싫어하면 비추천함. 노가다도 많음. 나 자신이 식인종이 되어버림. 할인할때 사는걸 추천.,혼자 서는 못 할거 같은 게임 . 친구 랑 같이 사서 하는데 공포 랑 고 어물 싫어하면 비추 천함 . 노가다 도 많음 . 나 자신 이 식인종 이 되어 버림 . 할인 할 때 사 는걸 추천 .,2020-12-07 17:53:43
242760,The Forest,positive,"식인종이.. 몬가.. 소름이.. 돋아서... 환불... 담에,.. 세일하면.... 다시.. 도전.. 해.. 볼 것..... 기다려라..","식인종 이 .. 몬 가 .. 소름 이 .. 돋아서 ... 환불 ... 담 에 ,.. 세 일 하 면 .... 다시 .. 도전 .. 해 .. 볼 것 ..... 기다려라 ..",2020-12-06 22:23:19
242760,The Forest,positive,"스토리는 진작에 클리어 했고, 숲에 있는 나무 다 없애서 맵이 깨끗해짐. 스토리 깨고 나면 건축게임으로 바뀜 생존게임중에서 재밌게 플레이한 게임!","스토리 는 진작 에 클리어 했고 , 숲 에 있는 나무 다 없애서 맵 이 깨끗해짐 . 스토리 깨고 나면 건축 게임 으로 바뀜 생존 게임 중 에서 재밌게 플레이 한 게임 !",2020-12-06 14:34:08
242760,The Forest,positive,스토리가 흥미로운 생존게임.,스토리 가 흥미로운 생존 게임 .,2020-12-06 08:08:10
242760,The Forest,positive,우가우가,우 가우 가,2020-12-06 06:24:08
242760,The Forest,positive,친구들이랑 하면 꿀쟁,친구 들 이랑 하면 꿀쟁,2020-12-05 23:45:24
242760,The Forest,positive,혼자하면 무서운데 같이하면 식인종 토막내서 구워먹는 재미가있음,혼자 하면 무서운데 같이 하면 식인종 토막 내서 구워 먹는 재미 가 있음,2020-12-05 20:56:30
242760,The Forest,positive,좋긴한데 친구와할라는데 컨트롤이 버그가 나서 컨트롤을 누르지 않으면 움직일수가없어서 어떻게 하는지 알수 있으면 알려주세요 스팀!,좋 긴한데 친구 와 할라는데 컨트롤 이 버그 가 나서 컨트롤 을 누르지 않으면 움직일수가 없어서 어떻게 하는지 알수 있으면 알려주세요 스팀 !,2020-12-05 16:39:09
242760,The Forest,positive,식인종이 나쁘네요,식인종 이 나쁘네요,2020-12-05 15:31:44
242760,The Forest,positive,"이 게임을 168시간을 했는데요,,,그 2 언제나올까요,,,? 너모 재밌는데,,,,그,,,168시간정도 하니까,,,,,그,,, 컨텐츠가 너모 없어요,,,,동굴 다 돌았고,,,만들 수 있는 것도 다 만들었눈뎁,,,2 기대합니다..!!","이 게임 을 168시간 을 했는데요 ,,, 그 2 언제 나올까 요 ,,,? 너 모 재밌는데 ,,,, 그 ,,, 168시간 정도 하니까 ,,,,, 그 ,,, 컨텐츠 가 너 모 없어요 ,,,, 동굴 다 돌았고 ,,, 만들 수 있는 것 도 다 만들었 눈뎁 ,,, 2 기대합니다 ..!!",2020-12-05 14:09:25
242760,The Forest,positive,갓겜 후속작 빨리 나왔으면 좋겠다.,갓 겜 후속작 빨리 나왔으면 좋겠다 .,2020-12-05 09:21:15
242760,The Forest,positive,누가 식인종인지 헷갈린다..,누가 식인종 인지 헷갈린다 ..,2020-12-05 01:05:03
242760,The Forest,positive,"Really fun game, but really scary.","Really fun game , but really scary .",2020-12-05 01:01:14
242760,The Forest,positive,식인종이 불쌍해지는게임,식인종 이 불쌍해지는 게임,2020-12-04 23:23:19
242760,The Forest,positive,엔딩보고도 할수있는게임 하지만 러스트가 더잼있는..,엔딩 보고 도 할수있는 게임 하지만 러스트 가 더 잼있는 ..,2020-12-04 20:53:56
242760,The Forest,positive,고어물 좋아하는 친구랑 같이하면 좋을거 같아요,고 어물 좋아하는 친구 랑 같이 하면 좋을거 같아요,2020-12-04 20:32:18
242760,The Forest,positive,꼭 하세요 초반엔 조금 어려운데 10시간 정도 하면 너무 재밌어집니다,꼭 하세요 초반 엔 조금 어려운데 10시간 정도 하면 너무 재밌어 집니다,2020-12-04 20:19:55
242760,The Forest,positive,Great,Great,2020-12-04 19:22:58
242760,The Forest,positive,2나오면 삼,2 나오면 삼,2020-12-04 16:53:00
242760,The Forest,positive,ㅈ버그 갓겜,ㅈ 버그 갓 겜,2020-12-04 15:51:22
242760,The Forest,positive,★☆☆☆☆,★☆☆☆☆,2020-12-04 14:22:33
242760,The Forest,positive,"더 포레스트 치트키 게임을 실행해준 뒤 메인 화면에서 “DEVELOPERMODEON"" 치고 게임에서 f1으로 활성화하면 치트창 뜨고 그 창에 아래 목록에서 찾아서 쓰샘. godmode on/off 체력, 갈증, 허기짐에서 대미지를 입지 않습니다. itemhack on/off 아이템을 무제한으로 소지 가능합니다. addallstoryitems 인벤토리에 소지 가능한 모든 아이템을 추가합니다.(추가 건축물) addallitems 인벤토리에 모든 아이템 추가 buildhack on/off 건축 재료 필","더 포레스트 치트키 게임 을 실행 해준 뒤 메인 화면 에서 “ DEVELOPERMODEON "" 치고 게임 에서 f 1 으로 활성화 하면 치트 창 뜨고 그 창 에 아래 목록 에서 찾아서 쓰 샘 . godmode on / off 체력 , 갈증 , 허기짐에서 대미지 를 입지 않습니다 . itemhack on / off 아이템 을 무제한 으로 소지 가능합니다 . addallstoryitems 인벤 토리 에 소지 가능한 모든 아이템 을 추가 합니다 .( 추가 건축물 ) addallitems 인벤 토리 에 모든 아이템 추가 buildhack on / off 건축 재료 필",2020-12-04 09:50:08
242760,The Forest,positive,장점 가성비가 좋고 친구와 같이하면 2배로 재미있다. 단점 생각보다 결말이 개운하진 않다.,장점 가성 비 가 좋고 친구 와 같이 하면 2 배 로 재미있다 . 단점 생각 보다 결말 이 개운하진 않다 .,2020-12-04 00:22:48
242760,The Forest,positive,식인종 존나 맛잇네,식인종 존나 맛 잇네,2020-12-03 22:49:51
242760,The Forest,positive,"전체적인 스토리 부분이 굉장히 좋고, 코옵이 있는게 가장 큰 장점. 솔플 했으면 엔딩 전에 접었을수도. 후속작이 기대된다.","전체 적 인 스토리 부분 이 굉장히 좋고 , 코옵 이 있는게 가장 큰 장점 . 솔 플 했으면 엔딩 전 에 접었을수도 . 후속작 이 기대 된다 .",2020-12-03 22:26:28
242760,The Forest,positive,너무 좋네요,너무 좋네요,2020-12-03 20:56:56
242760,The Forest,positive,그니까 쟤네가 악당이고 우리가 착한애지? 아니? 쟤네는 식량이야 ㅋㅋ 우리가 악당이네 ㅅㅂ,그니까 쟤 네 가 악당 이고 우리 가 착한 애 지 ? 아니 ? 쟤 네 는 식량 이야 ㅋㅋ 우리 가 악당 이네 ㅅㅂ,2020-12-03 17:01:18
242760,The Forest,positive,아주 재미있군요 개발자모드(치트)라고 있는데 그거 어떻해 하는지 알려줄게요 1.맨화면에서 developermodeon을 친다 2.1f또는 2f를 눌른다 3.그럼 뭔가 나온다 1f는 치트 쓰는거 2f는 상단에 영어가 나올거입니다 그럼 활성화가 된 상태 그 상태에서 싱글 플레이에 들어간다 1f를 눌러서 godmode on/off를 쓰면 갓모드(신모드)가 활성화 돼요 여기까지 설명 끝! 직접할려면은 게임을 깔아서 하세요 그럼 안녕히계세요!,아주 재미있군요 개발자 모드 ( 치트 ) 라고 있는데 그거 어떻해 하는지 알려줄게요 1 . 맨 화면 에서 developermodeon 을 친다 2.1 f 또는 2 f 를 눌른다 3 . 그럼 뭔가 나온다 1 f 는 치트 쓰는거 2 f 는 상단 에 영어 가 나올거 입니다 그럼 활성화 가 된 상태 그 상태 에서 싱글 플레이 에 들어간다 1 f 를 눌러서 godmode on / off 를 쓰면 갓 모드 ( 신 모드 ) 가 활성화 돼요 여기 까지 설명 끝 ! 직접 할려면은 게임 을 깔아서 하세요 그럼 안녕히계세요 !,2020-12-03 14:54:20
242760,The Forest,positive,존나재밌어요 씨-발,존나 재밌어요 씨 - 발,2020-12-03 14:53:17
242760,The Forest,positive,엔딩 볼 생각만 안 하면 진짜 존나 재밌음,엔딩 볼 생각 만 안 하면 진짜 존나 재밌음,2020-12-03 14:24:09
242760,The Forest,positive,진짜 ㄹㅇ 갓겜임 스토리모드 깨면 진짜 멋있고 한편의 영화를 본거 같음 이건 5만원정도 가격임 너무 갓겜이고 친구들이랑도 하면 진짜 ㅈㄴ 재밌음 꼭 사셈 롤스킨 지를바엔 이거 5개 산다 the forest2기대할께요 ㅎ,진짜 ㄹㅇ 갓 겜임 스토리 모드 깨면 진짜 멋있고 한편 의 영화 를 본거 같음 이건 5만원 정도 가격 임 너무 갓 겜 이고 친구 들 이랑 도 하면 진짜 ㅈㄴ 재밌음 꼭 사셈 롤 스킨 지를 바 엔 이 거 5 개 산다 the forest 2 기대할께요 ㅎ,2020-12-03 10:06:46
242760,The Forest,positive,할만함 근데 친구 없음 쓸쓸함,할만 함 근데 친구 없음 쓸쓸함,2020-12-03 04:48:34
242760,The Forest,positive,마인크래프트 3D버전 & 몬스터 헌터월드 재미지는구나,마인크래프트 3 D 버전 & 몬스터 헌터 월드 재미 지는 구나,2020-12-03 00:36:00
242760,The Forest,positive,생존게임 멀티하면 꿀잼 선물받음 ㅋㅋ,생존 게임 멀티 하면 꿀잼 선물 받음 ㅋㅋ,2020-12-02 17:18:55
242760,The Forest,positive,하응,하 응,2020-12-02 10:33:49
242760,The Forest,positive,아침: 머리 점심: 팔 저녁: 다리,아침 : 머리 점심 : 팔 저녁 : 다리,2020-12-02 06:22:44
242760,The Forest,positive,생존게임 띵작 혼자할때 느낌다르고 같이해도 느낌이 다릅니다. 살까말까 고민중이신분이라면 꼭 사셔서 해보는걸 추천드립니다. 아 그리고 무서운거 못하시는분은 음.. 같이하세요,생존 게임 띵작 혼자 할 때 느낌 다르고 같 이해도 느낌 이 다릅니다 . 살 까말까 고민 중 이 신분 이 라면 꼭 사셔서 해보는걸 추천 드립니다 . 아 그리고 무서운거 못 하시는 분 은 음 .. 같이하세요,2020-12-02 05:19:13
242760,The Forest,positive,식인종들은 그저 내 배틀 욕구를 채워주는 놈들에 불과했어. 돌연변이가 나타나기 전까진 말이야.,식인종 들 은 그저 내 배틀 욕구 를 채워주는 놈 들 에 불과했어 . 돌연변이 가 나타나기 전 까진 말 이야 .,2020-12-02 01:33:46
242760,The Forest,positive,지린다,지 린다,2020-12-02 00:52:18
242760,The Forest,positive,피가 되고 살이 되는 건 식인종과 좀 커다랗고 기괴한 놈들,피 가 되고 살이 되는 건 식인종 과 좀 커다랗고 기괴한 놈 들,2020-12-01 23:34:45
242760,The Forest,positive,집하고 마당 울타리좀 번지르르하게 만들어 놨는데 자고 일어나니 뚱땡이가 돌진해 와서 집 부서짐.. 거미 같은 쉑이가 점프하면서 머가리 박살남 ㅅㅂ 탈출하고 다시 집 보수하는데 자고 일어나니 또 와서 뒤짐 ㅡㅡ,집 하고 마당 울 타 리좀 번지르르하게 만들어 놨는데 자고 일어나니 뚱땡이 가 돌진 해 와서 집 부서짐 .. 거미 같은 쉑이 가 점프 하면서 머 가리 박살 남 ㅅㅂ 탈출 하고 다시 집 보수 하는데 자고 일어나니 또 와서 뒤짐 ㅡㅡ,2020-12-01 23:05:10
242760,The Forest,positive,어리적 하고싶었는데 하여서 조음 (개꿀),어리 적 하고싶었는데 하여서 조음 ( 개꿀 ),2020-12-01 21:28:15
242760,The Forest,positive,식인종 체험 게임,식인종 체험 게임,2020-12-01 19:48:02
242760,The Forest,positive,할만함,할만 함,2020-12-01 19:14:12
242760,The Forest,positive,친구랑 하는데 나는 고기가 없다고 빨리 구하자 했는데 친구는 옆에서 식인종 먹고있음ㅋㅋ,친구 랑 하는데 나 는 고기 가 없다고 빨리 구 하자 했는데 친구 는 옆 에서 식인종 먹고있음 ㅋㅋ,2020-12-01 18:01:12
242760,The Forest,positive,Best indie game ever.,Best indie game ever .,2020-12-01 16:58:21
242760,The Forest,positive,친구랑 같이 하니 재미가 있었습니다. 가을할인 기준 만원 조금넘는금액으로 재밌게 즐기고있네요.,친구 랑 같이 하니 재미 가 있었습니다 . 가을 할인 기준 만원 조금 넘는 금액 으로 재밌게 즐기고있네요 .,2020-12-01 15:43:16
242760,The Forest,positive,오우쒸잍 리얼밥도둑 급식 잼민이 능지 엠페럴 돼공차이 겜,오우 쒸잍 리얼 밥 도둑 급식 잼민 이 능지 엠 페럴 돼 공 차이 겜,2020-12-01 11:39:19
242760,The Forest,positive,하루가 지칠때 하기 좋은게임 아주좋은 힐링겜입니다 노동도 많이 없고 평범하게 아들을 구하는 생존 힐링겜입니다,하루 가 지 칠 때 하기 좋은 게임 아주 좋은 힐링 겜 입니다 노동 도 많이 없고 평범하게 아들 을 구 하는 생존 힐링 겜 입니다,2020-12-01 10:51:49
242760,The Forest,positive,친구랑 하면 재밌음 혼자는 별로 걍 개무서워연,친구 랑 하면 재밌음 혼자 는 별로 걍 개 무서워 연,2020-12-01 04:22:38
242760,The Forest,positive,호이: 재밌어요!,호 이 : 재밌어요 !,2020-11-30 23:25:06
242760,The Forest,positive,먹다보니 식인종이 이해가 되는 게임 JMT,먹다 보니 식인종 이 이해 가 되는 게임 JMT,2020-11-30 15:35:59
242760,The Forest,positive,찐따는 못하는 겜,찐 따는 못 하는 겜,2020-11-30 14:11:43
242760,The Forest,positive,살까말까? 고민중,살 까말까 ? 고민 중,2020-11-30 06:11:31
242760,The Forest,positive,식인종이랑 꽁냥꽁냥하는거 존나 재밌음 ㅋㅋ,식인종 이랑 꽁 냥 꽁 냥 하는거 존나 재밌음 ㅋㅋ,2020-11-30 00:32:27
242760,The Forest,positive,혼자하는건 무서우뮤ㅠㅠㅠ,혼자 하는건 무서우 뮤 ㅠㅠㅠ,2020-11-30 00:11:14
242760,The Forest,positive,👍,👍,2020-11-30 00:10:01
242760,The Forest,positive,공포게임....,공포 게임 ....,2020-11-29 23:58:26
242760,The Forest,positive,안하면 손해 인 게임 ㄹㅇㅋㅋ;;..,안 하면 손해 인 게임 ㄹㅇㅋㅋ ;;..,2020-11-29 23:37:42
242760,The Forest,positive,"자 식인종, 이제 누가 위지?","자 식인종 , 이제 누가 위 지 ?",2020-11-29 21:41:58
242760,The Forest,positive,업데이트 해주세요,업데이트 해주세요,2020-11-29 21:24:52
242760,The Forest,positive,초반에는 동굴도 무서워서 숨어있는데 칼 하나 얻으니 여포 쌉가능,초반 에는 동굴 도 무서워서 숨어있는데 칼 하나 얻으니 여포 쌉 가능,2020-11-29 20:19:11
242760,The Forest,positive,나는 집 좀 짓고 싶은데 친구는 항상 동굴 탐험 하고 싶어하는 게임,나 는 집 좀 짓고 싶은데 친구 는 항상 동굴 탐험 하고 싶어하는 게임,2020-11-29 20:03:34
242760,The Forest,positive,용량도 개적고 친구랑하면 잼있음 혼자는 ㄴㄴ 개무섭고 개노가다임,용량 도 개 적 고 친구 랑 하면 잼있음 혼자 는 ㄴㄴ 개 무섭고 개노가 다임,2020-11-29 19:58:19
242760,The Forest,positive,동물의 숲b,동물 의 숲 b,2020-11-29 19:44:00
242760,The Forest,positive,"파랑 , 주황 페인트 왜 없앴어요 ..","파랑 , 주황 페인트 왜 없앴어요 ..",2020-11-29 18:47:27
242760,The Forest,positive,꿀잼,꿀잼,2020-11-29 18:05:46
242760,The Forest,positive,좀잼씀,좀잼 씀,2020-11-29 13:01:48
242760,The Forest,positive,혼자 안 해봤고 친구들이랑 해봤는데 개재밌다 ㅋㅋ 처음엔 그냥 생존게임인 줄 알았는데 단순한 생존게임이 아닌걸 알게 됨,혼자 안 해봤고 친구 들 이랑 해봤는데 개 재밌다 ㅋㅋ 처음 엔 그냥 생존 게임 인 줄 알았는데 단순한 생존 게임 이 아닌 걸 알 게 됨,2020-11-29 11:28:02
242760,The Forest,positive,재미있음 ㅎ,재미있음 ㅎ,2020-11-29 11:16:45
242760,The Forest,positive,현재까진 나쁘지 않음 (5시간),현재 까진 나쁘지 않음 ( 5시간 ),2020-11-29 09:32:50
242760,The Forest,positive,오우 스토리 재미있네요 좀비 발작하는거 내이스,오우 스토리 재미있네요 좀비 발작 하는거 내 이스,2020-11-29 04:26:16
242760,The Forest,positive,친구들이랑 하면 ㄹㅇ 씹 베스트 게임 이런겜 또 하고싶음,친구 들 이랑 하면 ㄹㅇ 씹 베스트 게임 이런 겜 또 하고싶음,2020-11-29 00:34:45
242760,The Forest,positive,이젠 추억이 되버린 섬재개발 게임,이 젠 추억 이 되 버린 섬 재개발 게임,2020-11-29 00:01:34
242760,The Forest,positive,rr,rr,2020-11-28 23:48:06
242760,The Forest,positive,너무 재밌어서 너무 피곤함 개꿀잼,너무 재밌어서 너무 피곤함 개꿀잼,2020-11-28 22:46:10
242760,The Forest,positive,스피드런 36분 29초,스피드 런 36분 29초,2020-11-28 21:07:10
242760,The Forest,positive,생각없이 겜하기 좋음,생각 없이 겜 하기 좋음,2020-11-28 18:57:09
242760,The Forest,positive,마크 유사게임인줄 알았는데 스토리가 생각보다 재미있었고 탐험하면서 돌연변이 식인종 죽이는 맛이 재밌음.. 돌연변이 가까이서 보면 줜나 징그럽다.. 서버 아까워서 정착엔딩으로 남겨뒀는데 다른 엔딩도 한번 더 보면 좋을듯.,마크 유사 게임 인 줄 알았는데 스토리 가 생각 보다 재미있었고 탐험 하면서 돌연변이 식인종 죽이는 맛 이 재밌음 .. 돌연변이 가까이 서 보면 줜 나 징그럽다 .. 서버 아까워서 정착 엔딩 으로 남겨 뒀는데 다른 엔딩 도 한번 더 보면 좋을듯 .,2020-11-28 14:53:09
242760,The Forest,positive,동굴구조가 단순하지 않고 숨겨진 요소들도 매우 흥미롭습니다. 적당한 공포요소와 함께 탐험하는 재미를 느낄 수 있습니다.,동굴 구조 가 단순하지 않고 숨겨진 요소 들 도 매우 흥미롭습니다 . 적당한 공포 요소 와 함께 탐험 하는 재미 를 느낄 수 있습니다 .,2020-11-28 06:24:31
242760,The Forest,positive,ㄹㅇ ㅋㅋ,ㄹㅇ ㅋㅋ,2020-11-28 04:37:57
242760,The Forest,positive,식인종이 맛있네요,식인종 이 맛있네요,2020-11-28 02:25:24
242760,The Forest,positive,졸잼. 끝,졸잼 . 끝,2020-11-27 22:44:30
242760,The Forest,positive,재밋다,재밋다,2020-11-27 22:35:57
242760,The Forest,positive,no i git,no i git,2020-11-27 21:35:39
242760,The Forest,positive,활 없이 깨다 고생함 칼이 안들어요,활 없이 깨다 고생 함 칼 이 안 들어요,2020-11-27 21:08:02
242760,The Forest,positive,dy,dy,2020-11-27 20:42:44
242760,The Forest,positive,요,요,2020-11-27 20:37:05
242760,The Forest,positive,식인종이랑 데이트하는게임,식인종 이랑 데이트 하는 게임,2020-11-27 20:00:48
242760,The Forest,positive,굴잼,굴잼,2020-11-27 15:22:02
242760,The Forest,positive,You should be looking for Timmy Build a gazebo Choppy Chop Chop up 50 bodies,You should be looking for Timmy Build a gazebo Choppy Chop Chop up 50 bodies,2020-11-27 06:17:56
242760,The Forest,positive,80,80,2020-11-27 05:18:07
242760,The Forest,positive,d,d,2020-11-27 00:21:36
242760,The Forest,positive,고인물친구있으면 동물의 숲입니다,고 인물 친구 있으면 동물 의 숲 입니다,2020-11-26 23:00:17
242760,The Forest,positive,평온한 숲 파밍겜 (헷),평온한 숲 파밍 겜 ( 헷 ),2020-11-26 19:56:53
242760,The Forest,positive,꿀잼 시간잘감,꿀잼 시간 잘 감,2020-11-26 18:35:22
242760,The Forest,positive,i need the second series!!!!!!!!!!!,i need the second series !!!!!!!!!!!,2020-11-26 17:39:02
242760,The Forest,positive,노가다겜,노가다 겜,2020-11-26 13:06:38
242760,The Forest,positive,혼자하면 공포겜 친구랑하면 힐링게임 ㅋㅋ,혼자 하면 공포 겜 친구 랑 하면 힐링 게임 ㅋㅋ,2020-11-26 03:47:11
242760,The Forest,positive,노말 하드 하드서바이벌 크레이티브 다 정복했다 이젠 할게 없다.. 컨텐츠좀 늘려줘.............,노말 하드 하드 서바이벌 크 레이티 브 다 정복 했다 이 젠 할게 없다 .. 컨텐츠 좀 늘려줘 .............,2020-11-25 23:15:40
242760,The Forest,positive,"생존에 집착하는 플레이를 계속 하다가 어느 순간, 인간의 잔인함은 어디까지인가. 생각하게 되었습니다. 하지만, 일단 제가 살고 봐야되지 않겠습니까?","생존 에 집착 하는 플레이 를 계속 하다가 어느 순간 , 인간 의 잔인함 은 어디 까지 인가 . 생각 하게 되었습니다 . 하지만 , 일단 제 가 살 고 봐야 되지 않겠습니까 ?",2020-11-25 21:15:27
242760,The Forest,positive,사 놓은지 되게 오래됐는데 아직도 할 친구를 못 찾음,사 놓은지 되게 오래 됐는데 아직도 할 친구 를 못 찾음,2020-11-25 21:07:26
242760,The Forest,positive,친구들이랑 멀티로 하니까 재밌음 식인종 잡는 재미로 함 돌연변이 잡는건 활이 최고인듯 불화살 쏘니까 잘 뒤짐,친구 들 이랑 멀티 로 하니까 재밌음 식인종 잡는 재미 로 함 돌연변이 잡는건 활 이 최고 인 듯 불 화살 쏘니까 잘 뒤짐,2020-11-25 00:47:31
242760,The Forest,positive,재밌네용ㅋㅋㅋ,재밌네용 ㅋㅋㅋ,2020-11-24 23:32:20
242760,The Forest,positive,너무재밌어요 친구 3명이서 하고 있는데 이렇게 흥미진지하고 가슴뛰는 게임은 오랜만인거같아요,너무 재밌어요 친구 3 명 이서 하고 있는데 이렇게 흥미 진지하고 가슴 뛰는 게임 은 오랜 만 인거 같아요,2020-11-24 22:19:18
242760,The Forest,positive,생각보다 퀄리티 있어서 놀랐어요 잼있네요 2가 기대됩니다,생각 보다 퀄리티 있어서 놀랐어요 잼있네요 2 가 기대 됩니다,2020-11-24 20:05:22
242760,The Forest,positive,개꿀,개꿀,2020-11-24 19:02:57
242760,The Forest,positive,나무 자르는게 개같음,나무 자르는게 개 같음,2020-11-24 16:05:16
242760,The Forest,positive,처음 하는 사람이 혼자하기엔 무서워,처음 하는 사람 이 혼자 하기엔 무서워,2020-11-24 15:09:32
242760,The Forest,positive,뭣 모르고 일주일 지내다가 소시지 괴물들 나와서 비명 질렀씁니다,뭣 모르고 일주일 지내다가 소시지 괴물 들 나와서 비명 질렀 씁니다,2020-11-24 14:33:08
242760,The Forest,positive,친구랑 하기 재밌음,친구 랑 하기 재밌음,2020-11-22 22:34:53
242760,The Forest,positive,식인종이 맛있다,식인종 이 맛있다,2020-11-22 16:54:53
242760,The Forest,positive,친구랑 같이 게임했더니 식인종이라는 별명이 생겨버렸당,친구 랑 같이 게임 했더니 식인종 이라는 별명 이 생겨 버렸당,2020-11-21 20:24:51
242760,The Forest,positive,친구들이랑 하니 재밌다 하하,친구 들 이랑 하니 재밌다 하하,2020-11-21 18:39:53
242760,The Forest,positive,"..정말 생존게임중 갓겜입니다.. 협동하면더욱더 재밋게할수있어요, 초반에 거북이 등껍질을 구해놓은다면 즐겁게 게임할수있습니다. 동굴 탐험할떄 리얼했어요 ㅠㅠ",".. 정말 생존 게임 중 갓 겜 입니다 .. 협동 하면 더욱더 재밋 게 할수있어요 , 초반 에 거북이 등 껍질 을 구 해놓은다면 즐겁게 게임 할수있습니다 . 동굴 탐험 할떄 리얼 했어요 ㅠㅠ",2020-11-21 17:21:19
242760,The Forest,positive,dkwn whgfwk,dkwn whgfwk,2020-11-20 22:52:58
242760,The Forest,positive,처음엔 무서웠다. 점점하다보니 무서워지는게 줄어들고 지루해졌다. 친구랑하면 재밌지만 혼자하면 노잼 참고로 난 환불함,처음 엔 무서웠다 . 점점 하다 보니 무서워지는게 줄어들고 지루해졌다 . 친구 랑 하면 재밌지만 혼자 하면 노잼 참고 로 난 환불 함,2020-11-20 22:34:49
242760,The Forest,positive,같이 할 사람ㅜㅜ,같이 할 사람 ㅜㅜ,2020-11-20 20:24:16
242760,The Forest,positive,게임이 아주 재밌습니다 무섭기도 하고 사람 모험심 자극하는 것이 아주 매력적이에요 원주민들이 너무 역겹긴 하지만 그들을 도륙할 때 쾌감도 지리고 할만 합니다.,게임 이 아주 재밌습니다 무섭 기도 하고 사람 모험심 자극 하는 것 이 아주 매력 적 이에요 원주민 들 이 너무 역겹긴 하지만 그 들 을 도륙 할 때 쾌감 도 지리 고 할만 합니다 .,2020-11-20 20:09:58
242760,The Forest,positive,혼자하지마 제발,혼자 하지마 제발,2020-11-18 21:55:30
242760,The Forest,positive,no coment,no coment,2020-11-18 19:49:22
242760,The Forest,positive,이제는 내가 식인종,이제 는 내 가 식인종,2020-11-18 19:10:01
242760,The Forest,positive,개꿀잼임,개꿀잼임,2020-11-18 18:59:23
242760,The Forest,positive,???갓겜!!!,??? 갓 겜 !!!,2020-11-18 17:30:50
242760,The Forest,positive,쌍 따봉,쌍 따 봉,2020-11-17 19:52:17
242760,The Forest,positive,스트레스가 풀린다 근데 좀 무섭다,스트레스 가 풀린다 근데 좀 무섭다,2020-11-17 18:09:19
242760,The Forest,positive,재밋떠욥 근데 버그가 좀 있더욥,재밋떠욥 근데 버그 가 좀 있더 욥,2020-11-17 12:56:36
242760,The Forest,positive,"강추함 생존게임의 교과서 생존, 빌리징, 장비개조 등이 잘 어우러졌음 컨텐츠가 적어 플레이타임이 짧은 것이 유일한 단점","강 추함 생존 게임 의 교과서 생존 , 빌리 징 , 장비 개조 등 이 잘 어우러졌음 컨텐츠 가 적어 플레이 타임 이 짧은 것 이 유일한 단점",2020-11-16 20:21:10
242760,The Forest,positive,혼자할땐 무섭지만 친구와 함께하면 다 ㅈ밥처럼 보이는 겜 친구랑 하는걸 추천 함,혼자 할 땐 무섭지만 친구 와 함께 하면 다 ㅈ 밥 처럼 보이는 겜 친구 랑 하 는걸 추천 함,2020-11-16 20:13:46
242760,The Forest,positive,흫흫흫흫흫흫흫 이제 누가 식인종이지? 딱대^^,흫흫흫흫흫흫흫 이제 누가 식인종 이지 ? 딱 대 ^^,2020-11-16 16:10:14
242760,The Forest,positive,초반에는 눈물겨운 부성애를 보이며 아들아 지금 갈게!!!!!!! 를 외치지만 나중에는 아들은 커녕 식인종 때려잡으면서 휴가 즐기는 아버지가 된다,초반 에는 눈물 겨운 부 성 애 를 보이 며 아들 아 지금 갈게 !!!!!!! 를 외치 지만 나중 에는 아들 은 커녕 식인종 때려 잡으면서 휴가 즐기는 아버지 가 된다,2020-11-15 22:26:34
242760,The Forest,positive,섬 주변애 벽 뚫리는 버그가 좀 있긴해도 게임 자체는 정말 재밌음,섬 주 변애 벽 뚫리는 버그 가 좀 있긴 해도 게임 자체 는 정말 재밌음,2020-11-15 19:32:08
242760,The Forest,positive,a,a,2020-11-15 16:29:50
242760,The Forest,positive,혼자하는건 비추천 친구랑 같이하는건 추천,혼자 하는건 비 추천 친구 랑 같이 하는건 추천,2020-11-15 16:00:31
242760,The Forest,positive,좋앙ㅇ,좋 앙 ㅇ,2020-11-15 01:58:21
242760,The Forest,positive,겜을 하다보니 식인종을 찾아다니는 나를 발견함,겜 을 하다 보니 식인종 을 찾아다니는 나를 발견 함,2020-11-15 00:21:21
242760,The Forest,positive,그냥 재밌음 꼭해보셈,그냥 재밌음 꼭 해보셈,2020-11-14 20:52:59
242760,The Forest,positive,ㄹㅇ 개재밌음. 협동플레이하면 좀 더 꿀잼.,ㄹㅇ 개 재밌음 . 협동 플레이 하 면 좀 더 꿀잼 .,2020-11-14 20:12:57
242760,The Forest,positive,너무 재밌음,너무 재밌음,2020-11-14 14:31:57
242760,The Forest,positive,개꿀잼,개꿀잼,2020-11-14 13:53:08
242760,The Forest,positive,집은 간단히짓자 스케일커지면 답없음 젤 맛있는건 사람이지 할만함,집은 간단히 짓자 스케일 커지면 답 없음 젤 맛있는건 사람 이지 할만 함,2020-11-14 01:42:17
242760,The Forest,positive,그냥 세일할때 친구들이랑 같이사서 간단하게 즐길만한게임 딥하게 들어가서 할만한 게임이긴하나 솔직히 간단하게 즐기는걸 추천,그냥 세 일 할 때 친구 들 이랑 같이 사서 간단하게 즐길만 한게임 딥 하게 들어가서 할만 한 게임 이긴하나 솔직히 간단하게 즐기는걸 추천,2020-11-13 19:41:47
242760,The Forest,positive,스토리가 생각보다 재밌음. 그러나 스토리 다깨면 건축밖에 할게없는듯,스토리 가 생각 보다 재밌음 . 그러나 스토리 다 깨면 건축 밖에 할게 없는듯,2020-11-13 18:21:36
242760,The Forest,positive,재밌긴한데 공략안보면 어케함..? 공략안보고는 도저히 못하겠던데.. 글고 한번 깨고나면 다시 할 생각은 별로 안듦 ㅠㅠ,재밌긴한데 공략 안보 면 어케함 ..? 공략 안 보고는 도저히 못 하겠던데 .. 글 고 한번 깨고나면 다시 할 생각 은 별로 안 듦 ㅠㅠ,2020-11-13 02:18:35
242760,The Forest,positive,같이하면 재밌어효 파밍도 재밌고~ 집짓는것도 재밌숩니다,같이 하면 재밌어 효 파밍 도 재밌고 ~ 집 짓는것도 재밌숩니 다,2020-11-13 01:15:49
242760,The Forest,positive,걍 개꿀잼,걍 개꿀잼,2020-11-12 19:52:41
242760,The Forest,positive,친구와 함께 할 때 뒤통수를 몰래 갈궈버릴 수 있는 갓겜,친구 와 함께 할 때 뒤통수 를 몰래 갈궈 버릴 수 있는 갓 겜,2020-11-12 10:07:22
242760,The Forest,positive,ㅋㅋ식인종들 매달아놓고 몽둥이로 두들기기 꿀잼~,ㅋㅋ 식인종 들 매달아놓고 몽둥이 로 두 들 기기 꿀잼 ~,2020-11-12 03:34:28
242760,The Forest,positive,존잼 12시간 쉬지도 않고 가능,존잼 12시간 쉬지도 않고 가능,2020-11-11 20:05:29
242760,The Forest,positive,친구들과 하면 재밌습니다,친구 들 과 하면 재밌습니다,2020-11-11 19:48:45
242760,The Forest,positive,gggggg,gggggg,2020-11-11 18:07:09
242760,The Forest,positive,good,good,2020-11-11 16:49:12
242760,The Forest,positive,칭구랑 해,칭구 랑 해,2020-11-11 02:56:19
242760,The Forest,positive,식인종이 너무 무섭다 그걸 도끼로 내려치는 친구가 더 무섭다 그걸 조리해서 나한테 고기를 주는 또 다른 친구가 더 무섭다,식인종 이 너무 무섭다 그걸 도끼 로 내려치는 친구 가 더 무섭다 그걸 조리 해서 나 한테 고기 를 주는 또 다른 친구 가 더 무섭다,2020-11-10 21:06:42
242760,The Forest,positive,꿀잼,꿀잼,2020-11-10 20:50:01
242760,The Forest,positive,재미따,재미 따,2020-11-10 15:07:13
242760,The Forest,positive,3시간동안 집을 짓고 근처를 정리했는데 알고보니 캠프가 식인종 스폰 지역이였다.,3시간 동안 집 을 짓고 근처 를 정리 했는데 알 고 보니 캠프 가 식인종 스폰 지역 이 였다 .,2020-11-10 10:31:23
242760,The Forest,positive,자유롭고 사냥 야생을원하는분들에게 추천 친구등등 모아서 하면개꿀잼,자유 롭고 사냥 야생 을 원하는 분 들 에게 추천 친구 등등 모아서 하면 개꿀잼,2020-11-09 19:32:35
242760,The Forest,positive,너무 힘들거나 어려워서 같이하고싶으신분은 친추주세요! 엄마같이 다정한 코스부터 무싸트 코스까지 여러분을 엔딩까지 모십니다.,너무 힘들거나 어려워서 같이하고 싶으 신분 은 친추 주세요 ! 엄마 같이 다정한 코스 부터 무싸트 코스 까지 여러분 을 엔딩 까지 모십니다 .,2020-11-09 18:54:01
242760,The Forest,positive,건축겜,건축 겜,2020-11-09 17:00:57
242760,The Forest,positive,재밌음,재밌음,2020-11-09 12:22:58
242760,The Forest,positive,RNTRNT,RNTRNT,2020-11-09 04:16:50
242760,The Forest,positive,클레멘타임의 재림,클레 멘타 임의 재림,2020-11-08 23:17:57
242760,The Forest,positive,원주민 맛있다,원주민 맛있다,2020-11-08 22:14:11
242760,The Forest,positive,..,..,2020-11-08 21:24:37
242760,The Forest,positive,좋아. 이제 누가 식인종이지?,좋아 . 이제 누가 식인종 이지 ?,2020-11-08 21:18:50
242760,The Forest,positive,친구랑 같이하면 재미쑴,친구 랑 같이 하면 재미 쑴,2020-11-08 19:08:42
242760,The Forest,positive,너무 쉬워요 난이도좀 높여주세요,너무 쉬워요 난이도 좀 높여주세요,2020-11-08 18:32:04
242760,The Forest,positive,오래된 게임이다 하지만 재미있다 ㅎㅎㅎㅎㅎㅎ,오래된 게임 이다 하지만 재미있다 ㅎㅎㅎㅎㅎㅎ,2020-11-08 15:16:58
242760,The Forest,positive,시간 삭제,시간 삭제,2020-11-08 04:51:44
242760,The Forest,positive,좋아좋아 재미있어 굿잡굿잡 재미있어 식인종 냠냠 맛난다 짝짝짝,좋아 좋아 재미있어 굿잡굿잡 재미있어 식인종 냠냠 맛 난다 짝짝 짝,2020-11-08 01:01:52
242760,The Forest,positive,무조건 친구랑 같이하셈,무조건 친구 랑 같이하셈,2020-11-08 00:36:14
242760,The Forest,positive,머리 너무 어지러워요... 특정게임 하면서 멀미 심한사람들 해보면 멀미 심할수 이씀.,머리 너무 어지러워요 ... 특정 게임 하면서 멀미 심한 사람 들 해보면 멀미 심할수 이 씀 .,2020-11-07 22:52:09
242760,The Forest,positive,나도모르게 ㅈㄴ 몰입하게 만드는 게임.,나도 모르게 ㅈㄴ 몰입 하게 만드는 게임 .,2020-11-07 22:15:41
242760,The Forest,positive,지적이고 건전한 좋은 힐링게임,지적 이고 건전한 좋은 힐링 게임,2020-11-07 21:47:46
242760,The Forest,positive,시발이게뭐유 이거재밌네,시발 이 게 뭐유 이 거 재밌네,2020-11-07 21:30:56
242760,The Forest,positive,생각보다 신선한 장르네요 ㅋㅋㅋㅋㅋ,생각 보다 신선한 장르 네 요 ㅋㅋㅋㅋㅋ,2020-11-07 21:13:06
242760,The Forest,positive,동굴 들어가면 긴장감 엄청남,동굴 들어가면 긴장감 엄청남,2020-11-07 17:23:24
242760,The Forest,positive,재밌음,재밌음,2020-11-07 12:30:25
242760,The Forest,positive,젬있어요....자꾸 하게되요,젬있어 요 .... 자꾸 하게되 요,2020-11-07 04:56:26
242760,The Forest,positive,퀄리티 개쩔고 개재밋고 개꿀잼,퀄리티 개 쩔고 개재밋 고 개꿀잼,2020-11-06 23:35:37
242760,The Forest,positive,혼자서 하면 공포 둘이서 하면 예능,혼자 서 하면 공포 둘이서 하면 예능,2020-11-06 21:22:31
242760,The Forest,positive,누가 식인종이지?,누가 식인종 이지 ?,2020-11-06 20:06:11
242760,The Forest,positive,공포물 이기도 하면서 생존으로 즐길수도 있어서 재밌네요 시간 될때마다 즐기고 있습니당,공포물 이기도 하면서 생존 으로 즐길수도 있어서 재밌네요 시간 될 때 마다 즐기고 있 습 니당,2020-11-06 13:01:29
242760,The Forest,positive,굿 힐링겜,굿 힐링 겜,2020-11-06 01:45:30
242760,The Forest,positive,식인종으로 부터 도망가야하는... 원주민들 잡아서 인육먹는게임,식인종 으로 부터 도망가야하는 ... 원주민 들 잡아서 인육 먹는 게임,2020-11-06 00:55:23
242760,The Forest,positive,생존게임 좋아하는 친구가 추천을 해서 거금을 주고 산 게임. 하지만 일상생활에서의 생존이 게임보다 더 긴장감 넘쳐 못하게 된 게임. 버그는 쓸데없이 많음. 똑같이 반복되는 일상을 비판한 부분에서는 긍정적. 새로운 친구를 사귀기는 좋은 게임. 고인물 뒤 졸졸 따라다니며 해야 걸음마를 땔수있는 게임. 유튜브 같은 곳에서 흥미롭게 봤다면 거기까지 할 생각은 안하는게 좋다.,생존 게임 좋아하는 친구 가 추천 을 해서 거금 을 주고 산 게임 . 하지만 일상생활 에서의 생존 이 게임 보다 더 긴장감 넘쳐 못 하게 된 게임 . 버그 는 쓸데없이 많음 . 똑같이 반복 되는 일상 을 비판 한 부분 에서는 긍정 적 . 새로운 친구 를 사귀 기는 좋은 게임 . 고 인물 뒤 졸졸 따라다니며 해야 걸음 마를 땔수있는 게임 . 유튜브 같은 곳 에서 흥미롭게 봤다면 거기 까지 할 생각 은 안 하는게 좋다 .,2020-11-05 23:17:56
242760,The Forest,positive,아 식인종 맛 개꿀맛이네 군침이 싹도노 ㅋㅋㅋㅋㅋ,아 식인종 맛 개꿀맛 이네 군침 이 싹 도 노 ㅋㅋㅋㅋㅋ,2020-11-05 20:43:53
242760,The Forest,positive,티미 : 아빠 내가 집에선 사람 먹지 말랬잖아 ! ??? : 아이 싯팔 ~ 건조된거라 괜찮아,티 미 : 아빠 내 가 집 에선 사람 먹지 말랬잖 아 ! ??? : 아이 싯팔 ~ 건조 된거 라 괜찮아,2020-11-05 17:58:10
242760,The Forest,positive,무서워요,무서워요,2020-11-05 15:33:01
242760,The Forest,positive,**스포일러를 포함한 글입니다.** 더 포레스트의 스토리는 주인공과 주인공의 아들이 비행기를 타다가 비행기가 갑자기 폭발을하여 섬으로 떨어진다. 거기서 주인공의 아들을 잃어버려 아들을 찾으러 가는 생존 게임이다. 더 포레스트를 9천원정도에 친구들과 구매해서 플레이해보고 지극히 개인적으로 아쉬운 점 부터 먼저 말하겠습니다. 1. 불친절한 아이템 조합법 이것을 설명하기전에 더 포레스트는 B를 눌러서 하는 건축 조합법이랑 I를 눌러 인벤토리에서 무기나 아이템을 조합하는 아이템 조합법이 있다. B는 건축 할 재료가 하나하나 나와서,** 스포일러 를 포함 한 글 입니다 .** 더 포레스트 의 스토리 는 주인공 과 주인공 의 아들 이 비행기 를 타 다가 비행기 가 갑자기 폭발 을 하여 섬 으로 떨어진다 . 거기 서 주인공 의 아들 을 잃어버려 아들 을 찾으러 가는 생존 게임 이다 . 더 포레스트 를 9천원 정도에 친구 들 과 구매 해서 플레이 해보고 지극히 개인 적 으로 아쉬운 점 부터 먼저 말 하겠습니다 . 1 . 불친절한 아이템 조 합법 이 것 을 설명 하기전에 더 포레스트 는 B 를 눌러서 하는 건축 조 합법 이랑 I 를 눌러 인벤 토리 에서 무기 나 아이템 을 조합 하는 아이템 조 합법 이 있다 . B 는 건축 할 재료 가 하나 하나 나와서,2020-11-05 15:05:39
242760,The Forest,positive,123,123,2020-11-05 13:42:27
242760,The Forest,positive,친구와 같이 하기 좋은 게임이다. 친구가 없다면 비추.,친구 와 같이 하기 좋은 게임 이다 . 친구 가 없다면 비추 .,2020-11-05 11:33:47
242760,The Forest,positive,VR장비를 구매하고 나서 정말로 게임은 장비빨이라는 것을 깨달았습니다 vr유저는 무조건 노동만 합니다 싸울때 유리합니다,VR 장비 를 구매 하고 나서 정말로 게임 은 장비 빨 이라는 것 을 깨 달았습니다 vr 유저 는 무조건 노동 만 합니다 싸울 때 유리합니다,2020-11-05 02:05:31
242760,The Forest,positive,아들을구하는 과정에서 식인종을 먹는방법을 터득했다.,아들 을 구 하 는 과정 에서 식인종 을 먹는 방법 을 터득 했다 .,2020-11-05 00:06:13
242760,The Forest,positive,식목일날 나무를 왜 심어야하는지 알려주는갓겜,식목일 날 나무 를 왜 심어야하는지 알려주는 갓 겜,2020-11-04 20:05:15
242760,The Forest,positive,.,.,2020-11-04 15:04:36
242760,The Forest,positive,같이 하실분들 많으면 강추 정착지 하나 지어서 부족놀이 하는것도 재미있었습니다,같이 하실 분 들 많으면 강추 정착 지 하나 지어서 부족 놀이 하는것도 재미있었습니다,2020-11-04 14:18:44
242760,The Forest,positive,쫠깃하고 탄내 가득한 그 맛을 잊을 수가 없다. 상상만 해도 군침이 싸악 도노,쫠깃 하고 탄내 가득한 그 맛 을 잊을 수가 없다 . 상상 만 해도 군침 이 싸 악 도노,2020-11-04 14:15:41
242760,The Forest,positive,앙 기모띠,앙 기 모 띠,2020-11-04 14:13:51
242760,The Forest,positive,친구들과 토크하면서 하기 좋은 게임. 혼자 하기에는 엔딩 후에 할 컨텐츠가 없고 엔딩과는 상관없이 생존을 목표로 한다고 하더라도 지루함.,친구 들 과 토크 하면서 하기 좋은 게임 . 혼자 하기에는 엔딩 후 에 할 컨텐츠 가 없고 엔딩 과는 상관없이 생존 을 목표 로 한다고 하더라도 지루함 .,2020-11-04 02:43:13
242760,The Forest,positive,이 게임은 친구들과 같이하면 엔딩볼 생각 전혀 안들고 식인종만 잡으러 다니는 겜,이 게임 은 친구 들 과 같이 하면 엔딩 볼 생각 전혀 안 들 고 식인종 만 잡으러 다니는 겜,2020-11-04 00:36:02
242760,The Forest,positive,ㄹㅇ 개꿀잼인데 시발 좇같은 식인종이 당신의 머가리를 깰겁니다,ㄹㅇ 개꿀잼 인데 시발 좇같은 식인종 이 당신 의 머 가리를 깰 겁니다,2020-11-03 23:27:21
242760,The Forest,positive,포린이가 되었따,포린 이 가 되었 따,2020-11-03 22:44:21
242760,The Forest,positive,예전 계정에서 했던 기억이 있어서 다시 깔아봤는데 여전히 재미있네요ㅎㅎ 요즘 할게임이 없어서 이건만 할 것 같은데 여전히 재미있어서 좋네요,예전 계정 에서 했던 기억 이 있어서 다시 깔아 봤는데 여전히 재미있네요 ㅎㅎ 요즘 할 게임 이 없어서 이건 만 할 것 같은데 여전히 재미있어서 좋네요,2020-11-03 20:40:09
242760,The Forest,positive,노잼인데 재밌으려면 친구랑 하셈 ㅋ,노잼 인데 재밌으려면 친구 랑 하 셈 ㅋ,2020-11-03 20:03:14
242760,The Forest,positive,"첨엔 그냥 식인종들 나오는 3D 마인크래프트같은 게임이라고 생각했는데, 생각보다 훨씬 더 무섭고, 무겁고, 심오한 게임이였다. 스토리가 있다는것도 모른채로 약 20시간여를 플레이했는데, 엔딩이 있다는걸 알고 가진 자원을 몽땅 투자해서 동굴탐사 요리조리 다니다가 결국 엔딩까지 봤는데, 맙소사 이런 갓겜일줄이야. 정말 좋았다 엔딩. 스토리 진짜 잘만들었다. 그리고 혼자 겜하면 확실히 깜놀요소가 많아서 무서움. 식인종들이 무서운게 아니라 어두움과 배경들이 무섭다.. 어쨌든 핵심은 스토리가 없는 단순 샌드박스게임이였어도 20시간 이상","첨 엔 그냥 식인종 들 나오는 3 D 마인크래프트 같은 게임 이라고 생각 했는데 , 생각 보다 훨씬 더 무섭고 , 무겁고 , 심오한 게임 이 였다 . 스토리 가 있다는것도 모른 채 로 약 20시간 여를 플레이 했는데 , 엔딩 이 있다는걸 알 고 가진 자원 을 몽땅 투자 해서 동굴 탐사 요리조리 다니다가 결국 엔딩 까지 봤는데 , 맙소사 이런 갓 겜 일줄이야 . 정말 좋았다 엔딩 . 스토리 진짜 잘 만들었다 . 그리고 혼자 겜 하면 확실히 깜놀 요소 가 많아서 무서움 . 식인종 들 이 무서운게 아니라 어두움 과 배경 들 이 무섭다 .. 어쨌든 핵심 은 스토리 가 없는 단순 샌드박스 게임 이 였어도 20시간 이상",2020-11-03 01:56:40
242760,The Forest,positive,냠냠긋,냠냠 긋,2020-11-02 23:49:42
242760,The Forest,positive,애들이랑 하니깐 꿀잼임 통수치니깐 개꿀띠,애 들 이랑 하 니깐 꿀잼임 통수치니깐 개꿀띠,2020-11-02 23:16:25
242760,The Forest,positive,아니 열심히 나무 캐고 집 다 지었는데 다리 개많이 달린애가 집 부수네 ㅅㅄㅂㅄㅅㅄㅅㅄㅄㅂ,아니 열심히 나무 캐고 집 다 지었는데 다리 개 많이 달린 애가 집 부수 네 ㅅㅄㅂㅄㅅㅄㅅㅄㅄㅂ,2020-11-02 22:59:34
242760,The Forest,positive,이 뉴비를 제발 구해주세요 ;-;,이 뉴비 를 제발 구 해주세요 ;-;,2020-11-02 22:17:28
242760,The Forest,positive,친구들이랑 하기에는 적당한 게임,친구 들 이랑 하기에는 적당한 게임,2020-11-02 22:06:02
242760,The Forest,positive,너무 무서워서 친구랑 나랑 둘다 쫄아서 못함 ㅋㅋ,너무 무서워서 친구 랑 나 랑 둘다 쫄아 서 못 함 ㅋㅋ,2020-11-02 21:20:37
242760,The Forest,positive,더포레 강력추천 이거 완전 꿀잼이고요 집만드는거 좋네요 스토리는 하고싶을때 하시면 되요,더 포레 강력 추천 이 거 완전 꿀 잼이고요 집 만드는거 좋네요 스토리 는 하고싶을 때 하시면 되요,2020-11-02 21:07:51
242760,The Forest,positive,ㅋㅋㅋㅋㅋㅋㅋㅋㅋㅋ,ㅋㅋㅋㅋㅋㅋㅋㅋㅋㅋ,2020-11-02 19:47:07
242760,The Forest,positive,ㄹㅇ 갓겜,ㄹㅇ 갓 겜,2020-11-02 19:43:15
242760,The Forest,positive,졸잼,졸잼,2020-11-02 17:34:58
242760,The Forest,positive,^^b,^^ b,2020-11-02 15:09:34
242760,The Forest,positive,최고 떠들고 놀리고 트롤하면서 춤추는 4명이랑 게임했는데 그 산만하던 4명 엔딩할때 아무도말안함 스토리모드 최고,최고 떠들고 놀리고 트롤 하면서 춤추는 4 명 이랑 게임 했는데 그 산만하던 4 명 엔딩 할 때 아무 도 말 안함 스토리 모드 최고,2020-11-02 02:22:41
242760,The Forest,positive,할인해서 9천원에 사면 매우 만족스럽다. 정가로 사라고하면 조금 꺼려질듯. 정처없이 떠돌아다니는거 싫어해서 공략보면서 했는데도 플탐 9시간 정도 나왔음. 혼자서 하면 조금 적적할수 있으니 멀티플레이를 추천한다.,할인 해서 9천원 에 사면 매우 만족스럽다 . 정가 로 사라 고하 면 조금 꺼려질 듯 . 정처 없이 떠돌아다니는거 싫어해서 공략 보면서 했는데도 플 탐 9시간 정도 나왔음 . 혼자 서 하면 조금 적적할수 있으니 멀티플레이 를 추천 한다 .,2020-11-02 00:19:37
242760,The Forest,positive,good,good,2020-11-01 19:15:45
242760,The Forest,positive,식인종을 보면 야추가 서요. 헤으응,식인종 을 보면 야 추가 서요 . 헤으응,2020-11-01 18:28:23
242760,The Forest,positive,본격 식인종헌팅+쿠킹 시뮬레이터,본격 식인종 헌팅 + 쿠킹 시뮬레이터,2020-11-01 18:15:19
242760,The Forest,positive,"유튜브 보면 다른 분들은 도끼 하나로 식인종이랑 잘 싸우시던데 제 캐릭터는 팔이 짧은 걸까요 아니면 제가 쫄보일까요... 담력 상승 기회입니다 진짜 너무 재밌어요 조금 노가다긴 하지만, 노가다 게임 즐기시는 분들은 이 게임 강력 추천할게요!","유튜브 보면 다른 분 들 은 도끼 하나로 식인종 이랑 잘 싸우시던데 제 캐릭터 는 팔이 짧은 걸까 요 아니면 제 가 쫄보 일까 요 ... 담력 상승 기회 입니다 진짜 너무 재밌어요 조금 노가다 긴 하지만 , 노가다 게임 즐기시는 분 들 은 이 게임 강력 추천 할게요 !",2020-11-01 16:03:03
242760,The Forest,positive,r,r,2020-11-01 15:30:32
242760,The Forest,positive,누가 식인종이지?,누가 식인종 이지 ?,2020-11-01 02:03:45
242760,The Forest,positive,재밌음,재밌음,2020-11-01 01:37:19
242760,The Forest,positive,r,r,2020-10-31 23:33:40
242760,The Forest,positive,굿굿,굿굿,2020-10-31 23:11:01
242760,The Forest,positive,진짜 이 겜 말고도 다른 갓겜이 있으려나,진짜 이 겜 말고도 다른 갓 겜 이 있으려나,2020-10-31 23:04:04
242760,The Forest,positive,굳,굳,2020-10-31 23:03:58
242760,The Forest,positive,this is god game,this is god game,2020-10-31 22:04:35
242760,The Forest,positive,제발 같이해요,제발 같 이해 요,2020-10-31 21:54:28
242760,The Forest,positive,"마우스, X Y축 감도 0으로 해야 좀 할만하네. 안하면 마우스 한번 움직이면 회전톱되는데, 나무도 못패서 좀 아쉬움.","마우스 , X Y 축 감도 0 으로 해야 좀 할 만하 네 . 안 하면 마우스 한번 움직이면 회전 톱 되는데 , 나무 도 못패 서 좀 아쉬움 .",2020-10-31 21:08:00
242760,The Forest,positive,앙 재밌쪄,앙 재밌 쪄,2020-10-31 19:52:10
242760,The Forest,positive,2탄 언제나오냐... 1 하도 많이 해서 이제 할게없음...,2 탄 언제 나오냐 ... 1 하도 많이 해서 이제 할게 없음 ...,2020-10-31 17:03:49
242760,The Forest,positive,솔직히 인육이 제일 포만감 잘차고 젤 맛있는듯 인육먹는 겜임,솔직히 인육 이 제일 포만 감 잘 차고 젤 맛있는듯 인육 먹는 겜임,2020-10-30 22:45:47
242760,The Forest,positive,방장만 게임이 저장되는 병신게임 클리어 하고싶으면 날잡고하세요 게임은 재밌음 ㅇㅇ,방장 만 게임 이 저장 되는 병신 게임 클리어 하고싶으면 날 잡고하세요 게임 은 재밌음 ㅇㅇ,2020-10-30 21:55:01
242760,The Forest,positive,싱글도 재밌고 멀티는 더 재밌음 ㅋㅋㅋ,싱글 도 재밌고 멀티 는 더 재밌음 ㅋㅋㅋ,2020-10-30 18:25:13
242760,The Forest,positive,정신 나갈것같아~,정신 나갈것 같아 ~,2020-10-30 11:12:23
242760,The Forest,positive,나름 재미있는 게임 이었지만 스토리 알고 하니 그다지 엿따 그래도 게임성과 스토리가 알차서 할만함,나름 재미있는 게임 이었지만 스토리 알 고 하니 그다지 엿따 그래도 게임 성과 스토리 가 알차서 할만 함,2020-10-29 23:38:29
242760,The Forest,positive,-매운맛 마인크래프트- 어느정도 노하우가 생기게 되면 쉽지만 초반부에 아무것도 모르는 상태로 시작 했을땐 '게임'이 아니라 '생존'하기 바쁨 평점 6 / 10,- 매운 맛 마인크래프트 - 어느 정도 노하우 가 생기 게 되면 쉽지만 초반 부 에 아무 것 도 모르는 상태 로 시작 했을 땐 ' 게임 ' 이 아니라 ' 생존 ' 하기 바쁨 평점 6 / 10,2020-10-29 23:15:23
242760,The Forest,positive,첨앤 어렵지만 나중에는 심즈가 되는 게임이라 익숙해지기만하면 개꿀잼일듯,첨 앤 어렵지만 나중 에는 심즈 가 되는 게임 이라 익숙해지기만 하면 개꿀잼 일듯,2020-10-29 20:26:32
242760,The Forest,positive,할거 다하면 할게 없는 게임 하지만 그전까진 친구랑 하면 존나재밌음,할거 다 하면 할게 없는 게임 하지만 그 전 까진 친구 랑 하면 존나 재밌음,2020-10-29 16:16:34
242760,The Forest,positive,친구랑 하면 개재밌어요,친구 랑 하면 개 재밌어요,2020-10-29 13:21:10
242760,The Forest,positive,"자, 이제 누가 식인종이지?","자 , 이제 누가 식인종 이지 ?",2020-10-28 20:14:19
242760,The Forest,positive,식인종 갓겜 ㅋㅋ,식인종 갓 겜 ㅋㅋ,2020-10-27 09:11:48
242760,The Forest,positive,새로운 곳에서 새로운 친구들이 생겨서 좋아요 b,새로운 곳 에서 새로운 친구 들 이 생겨서 좋아요 b,2020-10-26 20:18:18
242760,The Forest,positive,친구와 함께하면 재미있습니다,친구 와 함께 하면 재미있습니다,2020-10-26 16:55:39
242760,The Forest,positive,재밋음,재밋음,2020-10-26 08:25:54
242760,The Forest,positive,갸꿀잼,갸꿀잼,2020-10-25 17:51:54
242760,The Forest,positive,3D 멀미 있으신 분은 시야각 넓히시고 창모드로 해주시고 마우스 감도 낮춰주시고 해상도 낮추시고 게임하세요.,3 D 멀미 있으신 분 은 시야 각 넓히시고 창 모드 로 해주시 고 마우스 감도 낮춰주시고 해상도 낮추시고 게임 하세요 .,2020-10-25 13:24:14
242760,The Forest,positive,정말 좋은 게임이에ㅐ요 3d 울렁증 있는분은 자제해주시고 그래도 하고싶다 하시면 멀미약 복용후 게임실행 하세요 ㅎㅎ 하지만 재미는 보장합니다.*****,정말 좋은 게임 이 에 ㅐ 요 3 d 울렁증 있는 분 은 자제 해주시고 그래도 하고싶다 하시면 멀미 약 복용 후 게임 실행 하세요 ㅎㅎ 하지만 재미 는 보장 합니다 .*****,2020-10-25 13:24:08
242760,The Forest,positive,식인종이 악어보다 약한 게임 한번 고이면 ㄹㅇ 개재밌음,식인종 이 악어 보다 약한 게임 한번 고이 면 ㄹㅇ 개 재밌음,2020-10-25 01:48:23
242760,The Forest,positive,ㅎㅎ,ㅎㅎ,2020-10-24 18:56:18
242760,The Forest,positive,게임이 쫄리면서도 식인종 잡고 밥먹고 생존하는 재미가 있네요 재밌습니다 good good,게임 이 쫄리면서 도 식인종 잡고 밥 먹고 생존 하는 재미 가 있네요 재밌습니다 good good,2020-10-23 19:22:21
242760,The Forest,positive,엔딩보고 게임을 다시 한적이 없습니다.,엔딩 보고 게임 을 다시 한적 이 없습니다 .,2020-10-23 14:11:04
242760,The Forest,positive,점점 광기에 휩싸이는것을 느낍니다..,점점 광기 에 휩싸이는것을 느낍니다 ..,2020-10-22 19:47:31
242760,The Forest,positive,좋같은 갓겜(?),좋 같은 갓 겜 (?),2020-10-21 20:25:39
242760,The Forest,positive,고기는 내꺼!,고기 는 내꺼 !,2020-10-21 14:40:01
242760,The Forest,positive,50시간 이내로는 할 만한 게임,50시간 이내 로는 할 만 한 게임,2020-10-21 13:52:33
242760,The Forest,positive,오....굿....,오 .... 굿 ....,2020-10-21 11:58:26
242760,The Forest,positive,"자, 이제 누가 식인종이지? 게임이다. 본인은 다른 동물 수렵도 굉장히 많이 했기 때문에 식인을 많이 하지는 않았으나, 같이 한 친구들은 죄다 식인종이 되어있었다. (본인은 식인종 잡으면 태워서 뼈갑옷 만드느라 바빴다.) 무기 밸런스에 있어서 약간 아쉬운 점이 있다고 하면, 활이 너무 사기다. 스토리 최후반에 먹는 좋은 활도 그렇지만, 그 전에 그냥 재료 별로 들어가지도 않는 기본활만 해도 엄청난 사기스펙을 자랑한다. 세다고는 말 못하겠지만 멀리서 푝푝 화살 쏴서 맞추고 가까이 가서 몸에 박힌 화살 뽑아주고 다시 멀리가서 푝푝쏘고","자 , 이제 누가 식인종 이지 ? 게임 이다 . 본인 은 다른 동물 수렵 도 굉장히 많이 했기 때문 에 식인 을 많이 하지는 않았으나 , 같이 한 친구 들 은 죄다 식인종 이 되어있었다 . ( 본인 은 식인종 잡으면 태워서 뼈 갑옷 만드느라 바빴다 .) 무기 밸런스 에 있어서 약간 아쉬운 점 이 있다고 하면 , 활 이 너무 사기 다 . 스토리 최후 반 에 먹는 좋은 활 도 그렇지만 , 그 전 에 그냥 재료 별로 들어가지도 않는 기 본 활 만 해도 엄청난 사 기 스펙 을 자랑 한다 . 세다고는 말 못 하겠지만 멀리 서 푝푝 화살 쏴서 맞추고 가까이 가서 몸 에 박힌 화살 뽑아주고 다시 멀리 가서 푝푝쏘 고",2020-10-20 11:44:56
242760,The Forest,positive,그냥 그런거같암ㅇㅎㅇㅋ ㅋㅋㅋㅋㅋ,그냥 그런거 같 암 ㅇㅎㅇㅋ ㅋㅋㅋㅋㅋ,2020-10-20 02:34:00
242760,The Forest,positive,★★★★☆,★★★★☆,2020-10-20 00:06:31
242760,The Forest,positive,이건 친구랑하면 개꿀잼,이건 친구 랑 하면 개꿀잼,2020-10-18 23:03:39
242760,The Forest,positive,사실상 식인종은 우리다. 멀티를 추천합네다,사실 상 식인종 은 우리 다 . 멀티 를 추천 합 네 다,2020-10-18 19:56:17
242760,The Forest,positive,식인종이 좀 불쌍하게 여겨지네요,식인종 이 좀 불쌍하게 여겨지네요,2020-10-18 18:24:50
242760,The Forest,positive,good game,good game,2020-10-18 04:27:21
242760,The Forest,positive,그냥저냥 재밌음,그냥 저 냥 재밌음,2020-10-17 15:44:24
242760,The Forest,positive,★,★,2020-10-17 13:56:36
242760,The Forest,positive,혼자하면 인종이들한테 다굴맞아서 무서운데 친구들과 같이하면 우리가 식인종인지 헷갈립니다,혼자 하면 인 종이 들 한테 다 굴 맞아서 무서운데 친구 들 과 같이 하면 우리 가 식인종 인지 헷갈립니다,2020-10-17 01:15:56
242760,The Forest,positive,식량을 구하고오면 드라군을 끌고오는 나를 볼 수 있음.,식량 을 구 하고오면 드라군 을 끌고오는 나를 볼 수 있음 .,2020-10-15 09:05:29
242760,The Forest,positive,dd,dd,2020-10-15 08:19:52
242760,The Forest,positive,생각보다 맛있는 식인종인거임~,생각 보다 맛있는 식인종 인거 임 ~,2020-10-15 01:42:36
242760,The Forest,positive,내가 식인종이었다니,내 가 식인종 이었다니,2020-10-14 17:48:25
242760,The Forest,positive,진짜 너무 재미있어요 친구 2명이랑 했는데 레전드입니다 여러분 이 게임 지나치시면 후회합니다 제발 꼭 하세요 진짜 너무 재미있습니다,진짜 너무 재미있어요 친구 2 명 이랑 했는데 레전드 입니다 여러분 이 게임 지나치시면 후회 합니다 제발 꼭 하세요 진짜 너무 재미있습니다,2020-10-14 04:55:52
242760,The Forest,positive,ㄹㅇ 그냥 집짓고 나무패는 게임 같지만 파면팔수록 무친게임이다....평점 높길래 친구들이랑 집짓는 그냥 마크같은 게임인줄 알았으니 ㄹㅇ 그냥 띵작이네요 다음편이 줜나 기대되는 게임입니다 이게임 사는걸 미루는건 인생에서의 큰 후회일 겁니다....ㄹㅇ 강추띠 ㄹㅇ 쌉 밥도둑 게임 무친 스토리,ㄹㅇ 그냥 집 짓고 나무 패 는 게임 같지만 파면 팔 수록 무친 게임 이다 .... 평점 높길래 친구 들 이랑 집 짓는 그냥 마크 같은 게임 인 줄 알았으니 ㄹㅇ 그냥 띵작 이네 요 다음 편이 줜 나 기대 되는 게임 입니다 이 게임 사 는걸 미루는건 인생 에서의 큰 후회 일 겁니다 .... ㄹㅇ 강추띠 ㄹㅇ 쌉 밥 도둑 게임 무친 스토리,2020-10-14 04:55:35
242760,The Forest,positive,5명에서하면 존나 재밌음,5 명 에 서하면 존나 재밌음,2020-10-13 23:00:52
242760,The Forest,positive,개꿀잼,개꿀잼,2020-10-13 17:10:19
242760,The Forest,positive,친구 같ㅇ 재미가 두 배! 식인 ㅍ회복에 불 리,친구 같 ㅇ 재미 가 두 배 ! 식인 ㅍ 회복 에 불 리,2020-10-13 14:21:50
242760,The Forest,positive,존나 잘만듬,존나 잘만 듬,2020-10-13 13:54:48
242760,The Forest,positive,존나 재밌다,존나 재밌다,2020-10-13 13:19:58
242760,The Forest,positive,혼자해도 재미있긴 하지만 친구들과 같이하면 재미가 극대화되는 게임이당. 게임성도 좋아서 3D마크 하는 느낌인 게임이당. 그리고 식인종은 우리의 먹이인것같당. 겜 진행하다가 먹을거 없으면 우리가 식인종 먹는게임이당!,혼자 해도 재미있긴 하지만 친구 들 과 같이 하면 재미 가 극 대화 되는 게임 이 당 . 게임 성도 좋아서 3 D 마크 하는 느낌 인 게임 이 당 . 그리고 식인종 은 우리 의 먹이인것 같당 . 겜 진행 하다가 먹을거 없으면 우리 가 식인종 먹는 게임 이 당 !,2020-10-13 09:45:13
242760,The Forest,positive,아들 버리고 생존하는 겜,아들 버리고 생존 하는 겜,2020-10-13 00:00:39
242760,The Forest,positive,어우 싱글플레이 하니 무서워요 같이하실분 ㅠㅠ 은근 중독있네요 재미있어요 ...,어우 싱글플레이 하니 무서워요 같이 하실 분 ㅠㅠ 은근 중독 있네요 재미있어요 ...,2020-10-12 00:23:44
242760,The Forest,positive,게임의 스토리가 매우 절망적이다 대체로 두가지의 갈림길이 있다.,게임 의 스토리 가 매우 절망 적 이다 대체로 두 가지 의 갈림길 이 있다 .,2020-10-11 21:55:02
242760,The Forest,positive,처음 돌연변이ㅣ를 봤을떄 그 충격은 잊을수없다. 아침에는 자연의 아름다움을 느끼는 힐링겜이지만 밤이ㅣ되는 순간 원주민들과의 불편한 동거가 시작된다. 잔인하고 무서운 부분이ㅣ 어느정도있기에 혐오감을 느끼는 사람이라면 사지않는걸 추천한다.,처음 돌연변이 ㅣ 를 봤을떄 그 충격 은 잊을수 없다 . 아침 에는 자연 의 아름다 움 을 느끼는 힐링 겜 이지만 밤 이 ㅣ 되는 순간 원주민 들 과의 불편한 동거 가 시작 된다 . 잔인하고 무서운 부분 이 ㅣ 어느 정도 있기에 혐오 감 을 느끼는 사람 이 라면 사지 않는걸 추천 한다 .,2020-10-11 18:28:16
242760,The Forest,positive,나는 자연인이다,나 는 자연인 이다,2020-10-11 01:49:50
242760,The Forest,positive,버그만 빼면 괜찮음,버그 만 빼면 괜찮음,2020-10-11 01:32:59
242760,The Forest,positive,식인종되는 게임,식인종 되는 게임,2020-10-10 21:50:26
242760,The Forest,positive,친구랑 하니깐 너무너무너무너무너무나무나무나무나무나무나무를 쓰러뜨리자 암튼 재밌음,친구 랑 하 니깐 너무 너무 너무 너무 너무 나무 나무 나무 나무 나무 나무 를 쓰러 뜨 리자 암튼 재밌음,2020-10-10 20:03:08
242760,The Forest,positive,그래픽 꽤 좋고 같이 할 친구들이 있다면 꼭 해봐야 할 게임 식인종을 잡다가 식인종이 된 파티를 볼 수 있음,그래픽 꽤 좋고 같이 할 친구 들 이 있다면 꼭 해봐야 할 게임 식인종 을 잡다가 식인종 이 된 파티 를 볼 수 있음,2020-10-10 00:15:04
242760,The Forest,positive,잼씀 굿,잼 씀 굿,2020-10-09 23:55:34
242760,The Forest,positive,매우 재미있다,매우 재미있다,2020-10-09 20:43:17
242760,The Forest,positive,재밌어요 사랑해요 틱톡 아이디 omq312 saehyeonm,재밌어요 사랑 해요 틱톡 아이디 omq 312 saehyeonm,2020-10-09 16:32:39
242760,The Forest,positive,와 준내 재미따,와 준내 재미 따,2020-10-09 14:36:00
242760,The Forest,positive,고마워 식인종 숲에서 강하게 살아가렴.,고마워 식인종 숲 에서 강하게 살아가렴 .,2020-10-09 01:13:50
242760,The Forest,positive,티미 너만 아니었어도.... 식인종들은 평화롭게 살아갔을거야 숲도 멀쩡했을거고,티 미 너 만 아니었어도 .... 식인종 들 은 평화롭게 살아갔을거야 숲 도 멀쩡했을거고,2020-10-09 00:30:33
242760,The Forest,positive,개씨발공포겜,개 씨발 공포 겜,2020-10-09 00:23:17
242760,The Forest,positive,식인종으로 할 수 있는 모든 것들!,식인종 으로 할 수 있는 모든 것 들 !,2020-10-08 21:40:00
242760,The Forest,positive,아직 돌연변이는 좀 무섭네,아직 돌연변이 는 좀 무섭네,2020-10-08 20:37:39
242760,The Forest,positive,몽땅 구워먹어버릴거야 ⌒ ‿ ⌒,몽땅 구워 먹어 버릴거야 ⌒ ‿ ⌒,2020-10-07 21:46:51
242760,The Forest,positive,굿,굿,2020-10-07 19:11:20
242760,The Forest,positive,생존하는 게임이다 보니 스릴도 있고 재미있습니다. 그래픽 퀄리티도 높고 좋은데 갑툭튀 하는 식인종때문에 심장마비로 죽을뻔 했네요 ㅋㅋ;; 재미있습니다. Good game,생존 하는 게임 이다 보니 스릴 도 있고 재미있습니다 . 그래픽 퀄리티 도 높고 좋은데 갑툭튀 하는 식인종 때문 에 심장마비 로 죽 을 뻔 했네요 ㅋㅋ ;; 재미있습니다 . Good game,2020-10-07 10:14:38
242760,The Forest,positive,친구들이랑 하면 할만함 근데 스토리 다 깨니까 좀 지루해지는경향이 있음,친구 들 이랑 하면 할만 함 근데 스토리 다 깨 니까 좀 지루해지는 경향 이 있음,2020-10-07 08:38:54
242760,The Forest,positive,친구들이랑 하면 재밌다 많이 해서 엔딩을 보고 싶다,친구 들 이랑 하면 재밌다 많이 해서 엔딩 을 보고 싶다,2020-10-07 00:49:38
242760,The Forest,positive,아마도 힐링겜,아마도 힐링 겜,2020-10-06 16:19:50
242760,The Forest,positive,왜 벌써.. 37시간이지,왜 벌써 .. 37시간 이지,2020-10-06 00:40:07
242760,The Forest,positive,왜 제목이 THE CAVE 가 아닌거야,왜 제목 이 THE CAVE 가 아닌거야,2020-10-05 11:25:18
242760,The Forest,positive,식인종 잡아먹으면 면서 식인종 되는겜 음음,식인종 잡아먹으면 면서 식인종 되는 겜 음음,2020-10-04 22:05:34
242760,The Forest,positive,식인종을 보면 토쏠리지만 식인종 없는 방도 만들 수도 있고 혼자 노가다 뛰면서 시간보내기 좋아요 맵에 많은걸 만들어 보고 다 같이 하면 너무 재미있지만 혼자 해도 집중해서 하기 좋네요,식인종 을 보면 토 쏠리지만 식인종 없는 방도 만들 수도 있고 혼자 노가다 뛰면서 시간 보내기 좋아요 맵 에 많은걸 만들어 보고 다 같이 하면 너무 재미있지만 혼자 해도 집중 해서 하기 좋네요,2020-10-04 20:50:30
242760,The Forest,positive,b,b,2020-10-04 18:38:22
242760,The Forest,positive,건축설계하는게 너무 재밌어요!! 식인종들 가둬놓고 갖고노는것도 재밌고요 !!,건축 설계하는게 너무 재밌어요 !! 식인종 들 가둬놓고 갖고노 는것도 재밌고요 !!,2020-10-04 15:31:52
242760,The Forest,positive,ㅁ..무ㅜ서..우..워ㅓㅓ,ㅁ .. 무 ㅜ 서 .. 우 .. 워 ㅓㅓ,2020-10-03 22:27:13
242760,The Forest,positive,18시간만에 스토리 다 봤다. 징그러운거 못보는 사람 (영화 같은거) 비추함 그리고 3D게임에 어지러움 잘 안느끼는데 이 게임은 어지러울 수 있음 주의 동굴만 가면 거북목 되는 날 볼 수 있다.,18시간 만에 스토리 다 봤다 . 징그러운거 못 보는 사람 ( 영화 같은거 ) 비추 함 그리고 3 D 게임 에 어지러움 잘 안 느끼는데 이 게임 은 어지러울 수 있음 주의 동굴 만 가면 거북목 되는 날 볼 수 있다 .,2020-10-03 15:51:47
242760,The Forest,positive,꺄어아아아아ㅏ악 살려줘요,꺄 어 아아 아아 ㅏ 악 살려줘요,2020-10-03 15:17:33
242760,The Forest,positive,"대부분 사냥,나무캐기(?) 사람잡기(?) 그런것을 좋아하거나 재밌어(?)하면 이게임을 추천 이유는: 나무캐고 사람잡기가 가능해서이죠 그럼 20000","대부분 사냥 , 나무 캐기 (?) 사람 잡기 (?) 그런 것 을 좋아하거나 재밌어 (?) 하면 이 게임 을 추천 이유 는 : 나무 캐고 사람 잡기 가 가능해서이죠 그럼 20000",2020-10-02 19:05:50
242760,The Forest,positive,현실에서 내살곳하나 없는 세상인데 이곳에서는 집 짓다보면 시간가는줄 모르는 꿀잼게임입니다,현실 에서 내 살곳 하 나 없는 세상 인데 이 곳 에서는 집 짓다 보면 시간 가는줄 모르는 꿀잼 게임 입니다,2020-10-02 12:00:25
242760,The Forest,positive,추천!!!!!!!!!!!!!!!!!!!!!!!!!!!!!!!!!!!!!!!!!!,추천 !!!!!!!!!!!!!!!!!!!!!!!!!!!!!!!!!!!!!!!!!!,2020-10-02 09:15:02
242760,The Forest,positive,영혼이 느껴지지 않는 텅빈 눈깔 가늠할 수 없는 감정선의 지표가 되는 표정 한 치의 다름도 없이 똑같은 생김새의 게임 캐릭터들을 플레이 할 때 그리고 이것을 친구와 함께 경험 할 때 그 때 비로소 우리는 절감하는 것이다 개발 할 때 돈이 없었구나 그래도 게임은 재밌습니다,영혼 이 느껴지지 않는 텅빈 눈 깔 가늠 할 수 없는 감정 선의 지표 가 되는 표정 한 치의 다름도 없이 똑같은 생김새 의 게임 캐릭터 들 을 플레이 할 때 그리고 이 것 을 친구 와 함께 경험 할 때 그 때 비로소 우리 는 절감 하는 것 이다 개발 할 때 돈 이 없었구나 그래도 게임 은 재밌습니다,2020-10-02 02:55:07
242760,The Forest,positive,"스토리, 특히 마지막 심오한 엔딩은 인간의 도덕성에 대해 다시 생각해보게 됨 3점/5점","스토리 , 특히 마지막 심오한 엔딩 은 인간 의 도덕성 에 대해 다시 생각 해보게 됨 3 점 / 5 점",2020-10-01 13:14:05
242760,The Forest,positive,인종이 개꿀맛,인종 이 개꿀맛,2020-10-01 11:28:09
242760,The Forest,positive,스토리가 신선하고 뻔할 수 있는 소재를 잘 활용한듯 하다. 난이도가 조금 있는거 같은데 재밌다.,스토리 가 신선하고 뻔할 수 있는 소재 를 잘 활용 한 듯 하다 . 난이도 가 조금 있는거 같은데 재밌다 .,2020-09-29 11:25:13
242760,The Forest,positive,혼자 해도 괜츈한 게임인데 친구랑 하면 ㄹㅇ 갓겜이 되어버림. 꾸르잼,혼자 해도 괜츈 한 게임 인데 친구 랑 하면 ㄹㅇ 갓 겜 이 되어 버림 . 꾸르잼,2020-09-28 17:04:20
242760,The Forest,positive,친구들이랑 같이 할만하다. 엔딩도 2종류인데.. 웬만하면 원래 있던 엔딩(장비를 작동하는 엔딩)을 하는게 좋다. 그래야 뭔가 엔딩을 보고 게임을 끝냈다는 느낌이 든다. 곧 후속작이 나온다는데.. 기대가 된다,친구 들 이랑 같이 할 만하 다 . 엔딩 도 2 종류 인데 .. 웬만하면 원래 있던 엔딩 ( 장비 를 작동 하는 엔딩 ) 을 하는게 좋다 . 그 래야 뭔가 엔딩 을 보고 게임 을 끝냈다는 느낌 이 든다 . 곧 후속작 이 나온다는데 .. 기대 가 된다,2020-09-28 15:05:33
242760,The Forest,positive,준나 재미있군,준 나 재미있군,2020-09-28 13:30:57
242760,The Forest,positive,저는 2일동안 벌목기였습니다,저 는 2일 동안 벌목 기였습니다,2020-09-28 09:37:33
242760,The Forest,positive,무난초,무 난초,2020-09-27 19:43:08
242760,The Forest,positive,"친구들이랑 같이 하기 좋은 게임 but 친구들이 없을 경우, 혼자서 외롭게 쓸쓸히 엔딩 보는 게임 결론, 친구 필요하다.","친구 들 이랑 같이 하기 좋은 게임 but 친구 들 이 없을 경우 , 혼자 서 외롭게 쓸쓸히 엔딩 보는 게임 결론 , 친구 필요하다 .",2020-09-27 18:53:45
242760,The Forest,positive,생존 게임중에서 재미있고 긴장감 넘치는 게임이네요! 초반에 약간 설명이 부족한 점이 있긴 하지만 플레이하다보니 익숙해지더라구요 가격에비해 전혀 아깝지 않습니다! 엔딩도 두가지도있고 건축하는것도 재미가 쏠쏠하네용. 추천 드립니다~ 참고로 동굴 너무 무서워요.. 밝기 최대로도했는데 넘모 무서움...,생존 게임 중 에서 재미있고 긴장감 넘치는 게임 이네 요 ! 초반 에 약간 설명 이 부족한 점 이 있긴 하지만 플레이 하다 보니 익숙해지더라구요 가격 에 비해 전혀 아깝지 않습니다 ! 엔딩 도 두 가지 도 있고 건축 하는것도 재미 가 쏠쏠하네용 . 추천 드립니다 ~ 참고 로 동굴 너무 무서워요 .. 밝기 최대로 도 했는데 넘 모 무서움 ...,2020-09-27 07:37:27
242760,The Forest,positive,이 숲에서 나만 없으면 모두가 평화로울 것 같다 내가 제일 나빠 미안해,이 숲 에서 나 만 없으면 모두 가 평화로울 것 같다 내 가 제일 나빠 미안해,2020-09-27 04:16:47
242760,The Forest,positive,자잘한 버그가 많습니다. 하지만 치명적인 버그는 본적이 없습니다. 인터페이스가 개성넘쳐서 초반에 적응하기가 힘들지만 익숙해지면 괜찮습니다. 지도 가독성이 거지 같습니다. 익숙해지면 나름 볼만 합니다. 사람들이 더 포레스트 가 아니라 더 캐이브라 부르는 이유가 있습니다. 뭐든 얻으려면 동굴을 존내 들어가야 해요 혼자하면 재미없습니다. ㄹㅇ 식인종 잡는 재미가 좀 쏠쏠함,자잘한 버그 가 많습니다 . 하지만 치명 적 인 버그 는 본적 이 없습니다 . 인터페이스 가 개성 넘쳐서 초반 에 적응하기가 힘들지만 익숙해지면 괜찮습니다 . 지도 가독성 이 거지 같습니다 . 익숙해지면 나름 볼 만 합니다 . 사람 들 이 더 포레스트 가 아니라 더 캐 이브 라 부르는 이유 가 있습니다 . 뭐 든 얻으려면 동굴 을 존내 들어가야 해 요 혼자 하면 재미없습니다 . ㄹㅇ 식인종 잡는 재미 가 좀 쏠쏠함,2020-09-27 04:15:04
242760,The Forest,positive,good!!!,good !!!,2020-09-26 13:43:54
242760,The Forest,positive,자 이제 누가 식인종이지?,자 이제 누가 식인종 이지 ?,2020-09-26 08:33:53
242760,The Forest,positive,잠깐 해봤는데 재미있네요,잠깐 해봤는데 재미있네요,2020-09-25 22:19:12
242760,The Forest,positive,갓겜,갓 겜,2020-09-25 12:51:11
242760,The Forest,positive,혼자서 노가다 하는 게임 좋아하면 강추 스릴과 노가다가 동시에 있음,혼자 서 노가다 하는 게임 좋아하면 강추 스릴 과 노가다 가 동시 에 있음,2020-09-24 20:29:41
242760,The Forest,positive,"이 게임을 작년에 샀지만 , 싱글 플레이 평화모드로 하면 적들이 없어서 힐링을 느낄 수 있습니다. 멀티로는 다른 사람들과 같이 적들이 나오는 노멀 모드로 해봤는데 혼자 할때보다 더 재미있긴 해요","이 게임 을 작년 에 샀지만 , 싱글 플레이 평화 모드 로 하면 적 들 이 없어서 힐링 을 느낄 수 있습니다 . 멀티 로는 다른 사람 들 과 같이 적 들 이 나오는 노멀 모드 로 해봤는데 혼자 할 때 보다 더 재미있긴 해 요",2020-09-24 19:09:55
242760,The Forest,positive,재밌음,재밌음,2020-09-24 01:40:47
242760,The Forest,positive,ㅇㅇ,ㅇㅇ,2020-09-22 18:42:18
242760,The Forest,positive,인육을 먹지 마세요 피부에 양보하세요,인육 을 먹지 마세요 피부 에 양보 하세요,2020-09-21 22:34:37
242760,The Forest,positive,와이프랑 둘이서 하는데 개꿀잼이네요 싱글은 안해보고 바로 협동으로 시작하고 몇번 죽고 어느정도 감을 찾았어요. 처츰에 동굴 들어갈 땐 엄청 무서웠고 멘붕이었는데.. 지금은 그나마 버틸만합니다. 진짜 탐험하는 것 같은 느낌이 들게 잘 만들었어요. 강추합니다.,와이프 랑 둘이서 하는데 개꿀 잼이네요 싱글 은 안 해보고 바로 협동 으로 시작 하고 몇번 죽고 어느 정도 감 을 찾았어요 . 처츰 에 동굴 들어갈 땐 엄청 무서웠고 멘붕 이었는데 .. 지금 은 그나마 버틸만 합니다 . 진짜 탐험 하는 것 같은 느낌 이 들게 잘 만들었어요 . 강 추합니다 .,2020-09-21 20:02:23
242760,The Forest,positive,오늘 저녁 식인종 두루치기,오늘 저녁 식인종 두루치기,2020-09-21 09:02:31
242760,The Forest,positive,yuiphip,yuiphip,2020-09-19 19:59:52
242760,The Forest,positive,죽어라,죽어라,2020-09-19 15:19:35
242760,The Forest,positive,"""자 말해보자, 이제 누가 식인종이지?""",""" 자 말 해보자 , 이제 누가 식인종 이지 ?""",2020-09-19 09:14:34
242760,The Forest,positive,넘 무서워서 못하겠음 괴물 진짜 기괴하게 생겨서 보는데 스트레스 받음 그런데 게임은 잘 만들었음 내가 못할 뿐,넘 무서워서 못 하겠음 괴물 진짜 기괴하게 생겨서 보는데 스트레스 받음 그런데 게임 은 잘 만들었음 내 가 못 할 뿐,2020-09-19 04:59:24
242760,The Forest,positive,3D Minecaft,3 D Minecaft,2020-09-18 10:52:41
242760,The Forest,positive,이야 이게 힐링겜이지,이야 이 게 힐링 겜 이지,2020-09-18 10:42:00
242760,The Forest,positive,와 밥이 뛰어다닌다,와 밥 이 뛰어다닌다,2020-09-18 05:29:00
242760,The Forest,positive,스토리 다 깨면 그이후로 재미없지만 식인종 가지고 노는 재미,스토리 다 깨면 그 이후 로 재미없지만 식인종 가지 고 노 는 재미,2020-09-18 00:30:07
242760,The Forest,positive,마크 현실판,마크 현실 판,2020-09-18 00:11:07
242760,The Forest,positive,꼭해보세요 님들,꼭 해보세요 님들,2020-09-17 22:25:45
242760,The Forest,positive,친구랑 하기 좋은 게임. 아마 게임 시작하고 조금 지나면 식인종 다리를 뜯으며 웃고있는 친구와 자신을 발견하게 될 것.,친구 랑 하기 좋은 게임 . 아마 게임 시작 하고 조금 지나면 식인종 다리 를 뜯으며 웃고있는 친구 와 자신 을 발견 하게 될 것 .,2020-09-17 17:53:31
242760,The Forest,positive,아이러니하게 날 잡아먹으러 오는 식인종이 베이스 식량이 되는 게임...나만 그런거야?,아이러니 하게 날 잡아먹으러 오는 식인종 이 베이스 식량 이 되는 게임 ... 나 만 그런거야 ?,2020-09-16 22:09:25
242760,The Forest,positive,재밌습니다. 식인종과 친해지려면 시간이 좀 필요할 것 같아요.친구와 하면 좋음.,재밌습니다 . 식인종 과 친해지려면 시간 이 좀 필요할 것 같아요 . 친구 와 하면 좋음 .,2020-09-16 21:49:05
242760,The Forest,positive,ㅗㅜㅑ,ㅗㅜㅑ,2020-09-16 18:54:10
242760,The Forest,positive,그럭저럭 친구랑 할만한겜 ㄹㅃㅃ,그럭저럭 친구 랑 할만 한 겜 ㄹㅃㅃ,2020-09-16 08:57:51
242760,The Forest,positive,그린피스와의 선전포고,그린피스 와의 선전포고,2020-09-15 12:58:47
242760,The Forest,positive,이거 지웠다 깔았는데 그래픽 카드가 초기화되지 않았다고 에러가 뜨네요 어떻게하죠?,이 거 지웠다 깔았는데 그래픽 카드 가 초기 화 되지 않았다고 에러 가 뜨네요 어떻 게 하 죠 ?,2020-09-14 16:58:29
242760,The Forest,positive,단언컨대 식인종은 가장 좋은 갑옷입니다,단언컨대 식인종 은 가장 좋은 갑옷 입니다,2020-09-14 14:41:34
242760,The Forest,positive,티미 잊어서 미안해! 많이 무섭거나 어렵진 않음 딱 조와요,티 미 잊어서 미안해 ! 많이 무섭거나 어렵진 않음 딱 조 와 요,2020-09-13 12:36:07
242760,The Forest,positive,스토리 자체는 짧을수 있지만 생존을 하면서 만들고 하는 재미가 쏠쏠하네요 이런 게임은 처음이라 생소했는데 하면할수록 빠져들었어요 내 집을 꾸미고;;;식인종 잡고;;뽕뽑는 게임이에요...,스토리 자체 는 짧을수 있지만 생존 을 하면서 만들고 하는 재미 가 쏠쏠하네요 이런 게임 은 처음 이라 생소했는데 하면 할수록 빠져들었어요 내 집 을 꾸미고 ;;; 식인종 잡고 ;; 뽕 뽑는 게임 이에요 ...,2020-09-13 01:43:21
242760,The Forest,positive,좋습니다.,좋습니다 .,2020-09-11 23:27:44
242760,The Forest,positive,짧고 굵은 게임,짧고 굵은 게임,2020-09-11 21:53:35
242760,The Forest,positive,쿠디갱,쿠디갱,2020-09-11 21:05:24
242760,The Forest,positive,good,good,2020-09-11 13:44:49
242760,The Forest,positive,같이하면 재밌다 업데이트좀 쳐 하면 좋겠다,같이 하면 재밌다 업데이트 좀 쳐 하면 좋겠다,2020-09-10 15:32:54
242760,The Forest,positive,쩐다,쩐다,2020-09-10 12:41:34
242760,The Forest,positive,식인종은 우리의 친구입니다.식인종 혐오를 멈춰주세요,식인종 은 우리 의 친구 입니다 . 식인종 혐오 를 멈춰주세요,2020-09-09 23:28:59
242760,The Forest,positive,친구랑 같이하면 그럭저럭 할만함,친구 랑 같이 하면 그럭저럭 할만 함,2020-09-09 17:08:47
242760,The Forest,positive,재밋음,재밋음,2020-09-09 13:42:19
242760,The Forest,positive,갓겜 2 빨리 나오자,갓 겜 2 빨리 나오자,2020-09-09 00:19:32
242760,The Forest,positive,개쫄보는 못하고 친구들이랑 같이하면 할만한듯,개 쫄보 는 못 하고 친구 들 이랑 같이 하면 할만 한 듯,2020-09-08 23:54:04
242760,The Forest,positive,식인종 써는 맛으로 게임한다 재밌다,식인종 써는 맛 으로 게임 한다 재밌다,2020-09-08 22:24:23
242760,The Forest,positive,개재미있음,개 재미있음,2020-09-08 20:15:15
242760,The Forest,positive,혼자하면 할거 없는게임 식인종 학살하는 맛에 하는 게임,혼자 하면 할거 없는 게임 식인종 학살 하는 맛 에 하는 게임,2020-09-08 15:18:27
242760,The Forest,positive,알아가면 점점 재미없어지는 게임,알아가면 점점 재미없어지는 게임,2020-09-07 15:16:43
242760,The Forest,positive,.,.,2020-09-07 14:26:10
242760,The Forest,positive,갓겜,갓 겜,2020-09-07 14:22:20
242760,The Forest,positive,아들 찾는거요? 저는 식인종 뼈 모으는게 더 중요합니다,아들 찾는거요 ? 저 는 식인종 뼈 모으는게 더 중요합니다,2020-09-07 11:40:21
242760,The Forest,positive,원래는 아들을 찾아 섬 이곳저곳을 돌아다니며 살아남는 서바이벌 게임이지만 어느순간 정신 차려보면 개척자가 되어버린 나 자신을 볼 수 있다. 친구들이랑 같이 시간 때우기 좋음,원래 는 아들 을 찾아 섬 이 곳 저 곳 을 돌아다니며 살아남는 서바이벌 게임 이지만 어느 순간 정신 차려 보면 개척 자 가 되어 버린 나 자신 을 볼 수 있다 . 친구 들 이랑 같이 시간 때우기 좋음,2020-09-07 02:19:17
242760,The Forest,positive,식인종 맛있어요. 처음으로 엔딩 볼 때의 느낌이 가시지 않아요. 재밌습니다. 2명이서 해도 재밌고 혼자 해도 괜찮아요.,식인종 맛있어요 . 처음 으로 엔딩 볼 때 의 느낌 이 가시 지 않아요 . 재밌습니다 . 2 명 이서 해도 재밌고 혼자 해도 괜찮아요 .,2020-09-06 23:46:37
242760,The Forest,positive,재밌음,재밌음,2020-09-06 21:26:15
242760,The Forest,positive,화살한발로 세상을 평정해주지,화살 한 발 로 세상 을 평정 해주지,2020-09-06 17:29:35
242760,The Forest,positive,aaa,aaa,2020-09-06 08:37:35
242760,The Forest,positive,그냥 명작이에요 제발 해줘요,그냥 명작 이에요 제발 해줘요,2020-09-05 21:15:15
242760,The Forest,positive,저는 바보라서 이 게임의 장점이나 단점을 정확히 찝어내지 못합니다 근데 내 취향임,저 는 바보 라서 이 게임 의 장점 이나 단점 을 정확히 찝어내지 못 합니다 근데 내 취향 임,2020-09-05 20:00:40
242760,The Forest,positive,제법 시간이 지난 게임인데도 불구하고 나쁘지 않은 그래픽으로 진짜 생존 느낌이 나서 좋음. 핵을 제외하면 멀티플레이에서 상당한 힐링을 느낄수 있었기 때문에 게임을 다 깨도 생각 나면 들어가곤 함.,제법 시간 이 지난 게임 인데 도 불구 하고 나쁘지 않은 그래픽 으로 진짜 생존 느낌 이 나서 좋음 . 핵 을 제외 하면 멀티플레이 에서 상당한 힐링 을 느낄수 있었기 때문 에 게임 을 다 깨도 생각 나면 들어가곤 함 .,2020-09-05 18:19:34
242760,The Forest,positive,딱 같이 플레이하기 좋은 게임. 케바케지만 혼자 한다면 좀 무서울 수 있음. 혼자 거대한 집을 짓는 것은 어려울 뿐더러 밤마다 식인종들이 부시기까지 하니 같이 하는 것보다 많은 어려움과 짜증이 밀려옴. 하지만 누군가와 같이 플레이 한다면 그냥 재밌게 노는 느낌 같이할 사람이 있다면 정말 추천하는 게임,딱 같이 플레이 하기 좋은 게임 . 케바케 지만 혼자 한다면 좀 무서울 수 있음 . 혼자 거대한 집 을 짓는 것 은 어려울 뿐더러 밤 마다 식인종 들 이 부시기까지 하니 같이 하는 것 보다 많은 어려움 과 짜증 이 밀려옴 . 하지만 누군가 와 같이 플레이 한다면 그냥 재밌게 노 는 느낌 같이 할 사람 이 있다면 정말 추천 하는 게임,2020-09-05 11:29:11
242760,The Forest,positive,응 아들 안구해~ 아들 있었음요~? 응 걍 버리고 새로운삶을 살아버림~,응 아들 안구 해 ~ 아들 있었 음 요 ~? 응 걍 버리고 새로운 삶 을 살 아 버림 ~,2020-09-05 05:30:05
242760,The Forest,positive,생존게임 좋아하면 한번쯤은 다 해봤거나 들어본 게임,생존 게임 좋아하면 한번 쯤 은 다 해봤거나 들어 본 게임,2020-09-05 01:36:32
242760,The Forest,positive,고기를 잡으러 호수로 갈까나~ 식인종 잡으러 숲으로 갈까나~ 돌연변이 잡으러 동굴로 갈까나~ 랄랄랄라 랄랄랄라 ㅈ됬다~,고기 를 잡으러 호수 로 갈까 나 ~ 식인종 잡으러 숲 으로 갈까 나 ~ 돌연변이 잡으러 동굴 로 갈까 나 ~ 랄 랄랄라 랄 랄랄라 ㅈ 됬다 ~,2020-09-04 19:18:23
242760,The Forest,positive,갓 겜,갓 겜,2020-09-04 16:22:36
242760,The Forest,positive,혼자서하면 재미없음 할사람있으면 정말 재밌음 시간가는줄 모르고 하다가 싱크홀에 빠져죽으면 끄고 접을수도잇음,혼자 서하면 재미없음 할 사람 있으면 정말 재밌음 시간 가는줄 모르고 하다가 싱크홀 에 빠져 죽으면 끄고 접을수도 잇음,2020-09-04 10:08:24
242760,The Forest,positive,개꿀잼,개꿀잼,2020-09-04 01:01:44
242760,The Forest,positive,자 이제 누가 식인종이지??,자 이제 누가 식인종 이지 ??,2020-09-03 23:02:11
242760,The Forest,positive,내가 식인종임 ㄹㅇ ㅋㅋ,내 가 식인종 임 ㄹㅇ ㅋㅋ,2020-09-03 22:01:20
242760,The Forest,positive,기모띠,기 모 띠,2020-09-03 17:42:01
242760,The Forest,positive,식인종팔로 식인종 잡는게 재밌어요,식인종 팔로 식인종 잡는게 재밌어요,2020-09-03 16:02:19
242760,The Forest,positive,혼자하면 무서워서 재미있고 친구랑하면 무섭지만 계속하게됨니다,혼자 하면 무서워서 재미있고 친구 랑 하면 무섭지만 계속 하게 됨니다,2020-09-03 15:13:49
242760,The Forest,positive,에엑따 식인종ㅇ;다ㅣ,에 엑 따 식인종 ㅇ ; 다 ㅣ,2020-09-03 14:15:00
242760,The Forest,positive,개쫄보는 반드시 쫄보 아닌 친구랑 같이 하세요...! 처음에는 야야양ㅇㅇ야야ㅠㅠ야야ㅠㅠㅠㅠㅠ 식인종식인종식인종!!!!!ㅠㅠㅠㅠㅠ 이러지만 나중에는 야야야야야야!! 식인종식인종!!! 야 왜 아무도 안 죽이느데!! 악!! 개자식아! 죽어!! 죽어!!! 할 정도로 용감해질 수 있어요,개 쫄보 는 반드시 쫄보 아닌 친구 랑 같이 하세요 ...! 처음 에는 야야 양 ㅇㅇ 야야 ㅠㅠ 야야 ㅠㅠㅠㅠㅠ 식인종 식인종 식인종 !!!!! ㅠㅠㅠㅠㅠ 이러지만 나중 에는 야야 야 야야 야 !! 식인종 식인종 !!! 야 왜 아무 도 안 죽이느데 !! 악 !! 개자식 아 ! 죽어 !! 죽어 !!! 할 정도 로 용감해질 수 있어요,2020-09-03 12:59:41
242760,The Forest,positive,건설의 시작,건설 의 시작,2020-09-03 02:53:56
242760,The Forest,positive,w존나재미있는데요..,w 존나 재미있는데요 ..,2020-09-02 22:07:06
242760,The Forest,positive,식인종은 좋은 단백질 공급원이죠,식인종 은 좋은 단백질 공급원 이 죠,2020-09-02 13:51:23
242760,The Forest,positive,식인종 더러워,식인종 더러워,2020-09-01 14:14:28
242760,The Forest,positive,딸딸이 치면서 하면 개꿀잼임 그냥 가버림 ㅎㅎ,딸딸 이 치면 서 하면 개꿀잼임 그냥 가버림 ㅎㅎ,2020-09-01 12:15:21
242760,The Forest,positive,진짜 롤 하다가도 생각나는 게임임. ㄹㅇ 똥싸면서 하면 재밌는 게임이면서 장진호도 쉽게 할수있는 게임,진짜 롤 하다가도 생각나는 게임 임 . ㄹㅇ 똥 싸면서 하면 재밌는 게임 이 면서 장진호 도 쉽게 할수있는 게임,2020-09-01 12:14:50
242760,The Forest,positive,꿀잼,꿀잼,2020-08-31 16:44:39
242760,The Forest,positive,재미있음,재미있음,2020-08-31 16:04:03
242760,The Forest,positive,(내가) 식인종 게임,( 내 가 ) 식인종 게임,2020-08-31 11:49:00
242760,The Forest,positive,GGG,GGG,2020-08-31 10:27:40
242760,The Forest,positive,혼자서 하면 무섭고 노잼이고 죽었을때 살려줄사람도 없습니다 무조건 멀티추천합니다 건축만 잘하면 상황극도 재미있고요 8명이서 하면 돌연변이도 무섭지 않습니다 아주 재미있습니다,혼자 서 하면 무섭고 노잼 이고 죽었을 때 살려줄 사람 도 없습니다 무조건 멀티 추천 합니다 건축 만 잘 하면 상황 극도 재미있고요 8 명 이서 하면 돌연변이 도 무섭지 않습니다 아주 재미있습니다,2020-08-31 01:32:32
242760,The Forest,positive,이제 누가 식인종이지?,이제 누가 식인종 이지 ?,2020-08-30 23:07:49
242760,The Forest,positive,식인종 핵꿀맛 ㅋ,식인종 핵꿀맛 ㅋ,2020-08-30 20:39:03
242760,The Forest,positive,베어그릴스도 이건 아니라고 하십니다.,베어그릴스 도 이건 아니라고 하십니다 .,2020-08-30 18:47:23
242760,The Forest,positive,초반 : 어으어ㅓ어ㅓ 식인종 존내 무서워 후반 : 식인종은 좋은 식량 공급원이죠.,초반 : 어으어 ㅓ 어 ㅓ 식인종 존내 무서워 후반 : 식인종 은 좋은 식량 공급원 이 죠 .,2020-08-30 15:37:30
242760,The Forest,positive,내가 식인종이 쟤가 식인종인지 모르겠음,내 가 식인종 이 쟤 가 식인종 인지 모르겠음,2020-08-30 06:06:26
242760,The Forest,positive,학살 ㅅㄱ,학살 ㅅㄱ,2020-08-29 18:35:04
242760,The Forest,positive,아 힐링된다,아 힐링 된다,2020-08-29 10:38:06
242760,The Forest,positive,생존게임 끝판왕 정도로 진짜로 스토리도 재미있고 퀄리티도 좋습니다 한번해보세요,생존 게임 끝판 왕 정도 로 진짜 로 스토리 도 재미있고 퀄리티 도 좋습니다 한번 해보세요,2020-08-28 21:21:06
242760,The Forest,positive,갓겜(친구랑만 하면),갓 겜 ( 친구 랑 만 하면 ),2020-08-28 19:58:43
242760,The Forest,positive,!!!,!!!,2020-08-28 09:02:48
242760,The Forest,positive,!,!,2020-08-28 00:25:34
242760,The Forest,positive,이 겜의 최종컨텐츠는 성 짓기다 ㅅㄱ,이 겜 의 최종 컨텐츠 는 성 짓기다 ㅅㄱ,2020-08-27 20:03:45
242760,The Forest,positive,혼자해도 할만하네요 혼자해서 친구도생겼는데 이름이 인종입니다,혼자 해도 할만 하네요 혼자 해서 친구 도 생겼는데 이름 이 인종 입니다,2020-08-27 17:33:36
242760,The Forest,positive,굿,굿,2020-08-26 22:12:38
242760,The Forest,positive,식인종 먹는 맛으로 게임한다.,식인종 먹는 맛 으로 게임 한다 .,2020-08-26 20:59:58
242760,The Forest,positive,장점:(초반)식인종 무서움 신선함 재밌음 파밍하는 재미 단점:(후반)식인종 먹을거 장점에 있는거 다해서 집짓고 엔딩보면 끝,장점 :( 초반 ) 식인종 무서움 신선함 재밌음 파밍 하는 재미 단점 :( 후반 ) 식인종 먹을거 장점 에 있는거 다해 서 집 짓고 엔딩 보면 끝,2020-08-26 17:58:50
242760,The Forest,positive,친구와 멀플하기엔 좋지만 개인플은 금방 질리는 게임 그래도 할만함,친구 와 멀플 하기엔 좋지만 개인 플 은 금방 질리는 게임 그래도 할만 함,2020-08-25 17:31:15
242760,The Forest,positive,꾸르잼,꾸르잼,2020-08-25 17:16:02
242760,The Forest,positive,식인종을 음식이라 생각하면 편합니다,식인종 을 음식 이라 생각 하면 편합니다,2020-08-25 15:30:36
242760,The Forest,positive,재밌음 더 해봐야 할듯,재밌음 더 해봐야 할듯,2020-08-24 02:35:54
242760,The Forest,positive,"나 겁쟁인데... 식인종, 돌연변이 보면 X랄 존나 떨려.... ㅠㅜㅠㅜㅠㅜ 그래도 조금씩 하는중....ㅋㅋㅋㅋㅋㅋㅋㅋㅋㅋㅋㅋㅋㅋㅋ","나 겁쟁 인데 ... 식인종 , 돌연변이 보면 X 랄 존나 떨려 .... ㅠㅜㅠㅜㅠㅜ 그래도 조금씩 하는 중 .... ㅋㅋㅋㅋㅋㅋㅋㅋㅋㅋㅋㅋㅋㅋㅋ",2020-08-23 19:39:03
242760,The Forest,positive,인생겜,인생 겜,2020-08-23 19:03:02
242760,The Forest,positive,자... 이제 누가 식인종이지??,자 ... 이제 누가 식인종 이지 ??,2020-08-23 07:01:20
242760,The Forest,positive,이 게임을 하고 친구가 생겻씁니다. 식인 존맛.꺼어억,이 게임 을 하고 친구 가 생겻씁니 다 . 식인 존맛 . 꺼어 억,2020-08-23 05:09:52
242760,The Forest,positive,개꿀잼,개꿀잼,2020-08-22 21:14:38
242760,The Forest,positive,장점 힐링과공포를 1번에 맛볼수있음 단점 방장놈들 너무 무개념자식들임,장점 힐링 과 공포 를 1 번 에 맛볼수있음 단점 방장 놈 들 너무 무 개념 자식 들임,2020-08-22 09:38:44
242760,The Forest,positive,친구랑해야 찐토닉임,친구 랑 해야 찐 토닉 임,2020-08-21 21:53:40
242760,The Forest,positive,처음에는 공포에 질려서 뭐가 뭔지도 모를것이며 내가 어떻게 살아남을지 모를것이다 하지만 익숙하지면 단지 너에게 달려오는 식인종이 밥으로 보일것이다 아마 나무캐기 귀찮다고 사제폭탄을 쓸수도 있겠지만.,처음 에는 공포 에 질려서 뭐 가 뭔 지도 모를것이며 내 가 어떻게 살아남을지 모를것이다 하지만 익숙하지면 단지 너 에게 달려오는 식인종 이 밥 으로 보일것이다 아마 나무 캐기 귀찮다고 사 제 폭탄 을 쓸수도 있겠지만 .,2020-08-21 14:06:24
242760,The Forest,positive,친구가있다면 갓-겜입니다,친구 가 있다면 갓 - 겜 입니다,2020-08-20 21:38:39
242760,The Forest,positive,해ㅐㅇ,해 ㅐㅇ,2020-08-20 00:21:18
242760,The Forest,positive,",.,",",.,",2020-08-18 16:25:29
242760,The Forest,positive,와 고인물 억수로많누,와 고 인물 억 수로 많 누,2020-08-18 12:57:30
242760,The Forest,positive,재밌긴 재밌다. 진짜 재밌당 나쁘지 않은 게임이라 생각함 사도 후회 안할듯 아들 구하지말고 섬에 정착이 기본인 게임,재밌긴 재밌다 . 진짜 재밌당 나쁘지 않은 게임 이라 생각 함 사도 후회 안 할듯 아들 구 하지말고 섬 에 정착 이 기본 인 게임,2020-08-17 15:48:09
242760,The Forest,positive,This game is fun,This game is fun,2020-08-17 13:54:57
242760,The Forest,positive,존잼,존잼,2020-08-17 13:45:27
242760,The Forest,positive,그 하나의 웃긴 개그,그 하나 의 웃긴 개그,2020-08-17 05:51:34
242760,The Forest,positive,첨에는 좀 무섭기도하고 생존게임이다보니 생존해나가며 강해지는게 재밋는데 엔딩한번보고나면 재미 뚝 떨어지는 단발성게임,첨 에는 좀 무섭 기도 하고 생존 게임 이다 보니 생존 해 나가며 강해지는게 재밋는데 엔딩 한번 보고나면 재미 뚝 떨어지는 단발 성 게임,2020-08-16 07:32:40
242760,The Forest,positive,꿀잼,꿀잼,2020-08-15 15:49:35
242760,The Forest,positive,걍 개재밌음,걍 개 재밌음,2020-08-15 15:29:41
242760,The Forest,positive,응애 인육조,응애 인육 조,2020-08-15 00:50:43
242760,The Forest,positive,김도현급 갓겜,김도현 급 갓 겜,2020-08-14 00:36:33
242760,The Forest,positive,재미있음,재미있음,2020-08-13 21:58:54
242760,The Forest,positive,최고입니다.,최고 입니다 .,2020-08-13 20:10:35
242760,The Forest,positive,친구와 함께하면 플탐이 5배,친구 와 함께 하면 플 탐이 5 배,2020-08-13 18:49:47
242760,The Forest,positive,카타나 x발 드럽게얻기 힘드네,카타나 x 발 드럽게 얻기 힘드네,2020-08-13 02:45:56
242760,The Forest,positive,러스트 재밌게했다면 이게임도 추천,러스트 재밌게 했다면 이 게임 도 추천,2020-08-12 02:46:19
242760,The Forest,positive,"생존겜치고 허술한 면 많은데, 그래도 잘만든 게임임. 평작쓰.","생존 겜 치고 허 술 한 면 많은데 , 그래도 잘만 든 게임 임 . 평작 쓰 .",2020-08-11 14:57:57
242760,The Forest,positive,굳굳ㄹㅇ,굳 굳 ㄹㅇ,2020-08-11 10:17:08
242760,The Forest,positive,추천 요소 : 혼자 있고 싶읍니다. 모두 제 섬에서 나가주세요. 매우 깊은 동굴. 벌목할 친구가 있어야 함. 비추천 요소 : 밤. 매우 어두움.,추천 요소 : 혼자 있고 싶 읍니 다 . 모두 제 섬 에서 나가주세요 . 매우 깊은 동굴 . 벌목 할 친구 가 있어야 함 . 비 추천 요소 : 밤 . 매우 어두움 .,2020-08-10 19:39:45
242760,The Forest,positive,재밌기도하고 직접 생존하면서 집 도 지으니까 실감도 나고 재밌음,재밌 기도 하고 직접 생존 하면서 집 도 지으니까 실감 도 나고 재밌음,2020-08-10 11:32:19
242760,The Forest,positive,이게 생존 공포겜이지 ㄹㅇㅋㅋ 생존공포겜을 원한다면 바로구매 ㄱㄱ,이 게 생존 공포 겜 이지 ㄹㅇㅋㅋ 생존 공포 겜 을 원한다면 바로 구매 ㄱㄱ,2020-08-10 01:41:21
242760,The Forest,positive,"식인종들끼리 오순도순 잘 살고 있는 섬 자연파괴, 살인, 식인, 밀렵, 가택 침입, 무허가 주택 건축 식인종 불쌍해","식인종 들 끼리 오순도순 잘 살 고 있는 섬 자연 파괴 , 살인 , 식인 , 밀렵 , 가택 침입 , 무허가 주택 건축 식인종 불쌍해",2020-08-10 01:30:48
242760,The Forest,positive,피씨방에서 게임하는 유저인데 동기화 어떻게 하나요 자동으로 되는건가요 ?,피 씨방 에서 게임 하는 유저 인데 동기화 어떻게 하나요 자동 으로 되는건 가요 ?,2020-08-09 20:09:10
242760,The Forest,positive,쌉존잼 시벌,쌉 존잼 시벌,2020-08-09 18:17:43
242760,The Forest,positive,트월킹,트월킹,2020-08-09 15:44:58
242760,The Forest,positive,혼자해도 스릴 넘치고 무섭고 마크만큼 자유도도 높고 최종 스토리 깨면 크래이티브 모드도 재미있어요!!!,혼자 해도 스릴 넘치고 무섭고 마크 만큼 자유도 도 높고 최종 스토리 깨면 크래 이티 브 모드 도 재미있어요 !!!,2020-08-09 15:44:34
242760,The Forest,positive,초반 게임 설명이 없어서 어렵긴 해도 잘 찾으면서 하면 재밌는 게임임. 친구랑 하는 거를 추천,초반 게임 설명 이 없어서 어렵긴 해도 잘 찾으면서 하면 재밌는 게임 임 . 친구 랑 하는 거 를 추천,2020-08-09 15:38:36
242760,The Forest,positive,너무 재밌는데 다른 새로운것도 있다면 더 재미 있을 것 같습니당....ㅎㅎ,너무 재밌는데 다른 새로운것도 있다면 더 재미 있을 것 같 습 니당 .... ㅎㅎ,2020-08-08 17:25:15
242760,The Forest,positive,베타를 몇년한지는 모르겠지만 잼있음 친구랑 하니까 잼있드라,베타 를 몇 년 한지 는 모르겠지만 잼있음 친구 랑 하니까 잼있드 라,2020-08-08 12:20:45
242760,The Forest,positive,플레이 시간은 질진 않지만 스토리 끝나면 여유롭게 해변에다가 호캉스 하는 느낌으로 사는중 VR 로하면 스테미너가 0이되도 계속 나무를 캘수있으며 VR 의 큰 특징은 내손이 전기톱마냥 흔들어 재끼면 일반 도끼로도 나무 5초안되서 벌목함,플레이 시간 은 질진 않지만 스토리 끝나면 여유롭게 해변 에다가 호캉스 하는 느낌 으로 사는 중 VR 로 하면 스테미너 가 0 이되 도 계속 나무 를 캘수있으며 VR 의 큰 특징 은 내 손 이 전기톱 마냥 흔들어 재끼 면 일반 도끼 로 도 나무 5초 안되서 벌목 함,2020-08-08 03:03:23
242760,The Forest,positive,멀티 버그 존x 심해,멀티 버그 존 x 심해,2020-08-08 03:02:02
242760,The Forest,positive,더 힐링 라이프,더 힐링 라이프,2020-08-07 13:00:30
242760,The Forest,positive,사실 이 게임은 갓겜까진 못됨 그 이유를 나열해보겠다 1.왜 지어야되는지 모르는 집&건축 -사실 이 게임은 건축을 필요료하지 않는 게임이다. 마인크래프트처럼 집 짓고 농사를하며 먹을걸 얻고 장시간 텀을 둘 필요가 없는 게임이다. 2.아들구하러 가는 엔딩에 문 뚫는 버그 아직도 안고친다 -아들을 구하러가기 전 왼쪽 문을 벽뚫는 버그로 갈수있다. 즉 아들을 안잡고 그 문을 통해 들어가면 엔딩 선택지 두개 선택하는 곳이 나온다. 아들을 잡고 카드키를 얻지않아도 그 문을 뚫으면 카드키를 얻는걸로 인식이 돼 엘리베이터도 탈수있다. 3.식,사실 이 게임 은 갓 겜 까진 못 됨 그 이유 를 나열 해보겠다 1 . 왜 지어야 되는지 모르는 집 & 건축 - 사실 이 게임 은 건축 을 필요 료 하 지 않는 게임 이다 . 마인크래프트 처럼 집 짓고 농사 를 하며 먹을걸 얻고 장시간 텀 을 둘 필요 가 없는 게임 이다 . 2 . 아들 구 하러 가는 엔딩 에 문 뚫는 버그 아직도 안 고친다 - 아들 을 구 하러가기 전 왼쪽 문 을 벽 뚫는 버그 로 갈수 있다 . 즉 아들 을 안 잡고 그 문 을 통해 들어가면 엔딩 선택 지 두 개 선택 하는 곳 이 나온다 . 아들 을 잡고 카드 키 를 얻지 않아도 그 문 을 뚫으면 카드 키 를 얻 는걸 로 인식 이 돼 엘리베이터 도 탈수 있다 . 3 . 식,2020-08-06 21:41:04
242760,The Forest,positive,저같이 공포게임 좋아하는데 못하는 찌질이도 지인불러서 재밌게 할 수 있음,저 같이 공포 게임 좋아하는데 못 하는 찌질 이도 지인 불러서 재밌게 할 수 있음,2020-08-06 20:03:01
242760,The Forest,positive,지겨움과 무서움 그사이....,지겨 움 과 무서움 그 사이 ....,2020-08-06 04:23:25
242760,The Forest,positive,너무 무서워서 하다가 껏다....같이하실분 잇으신가여 초보분중에... ㅠㅠㅠ,너무 무서워서 하다가 껏 다 .... 같이 하실 분 잇으 신가 여 초보 분 중 에 ... ㅠㅠㅠ,2020-08-05 21:15:55
242760,The Forest,positive,똥 싸면서 하면 재밌음,똥 싸면서 하면 재밌음,2020-08-05 16:00:52
242760,The Forest,positive,처음엔 생존만을 목표로 플레이 하지만 결국 심시티가 됩니다. 식인종은 뼈 파밍을 위해 존재할뿐이고 돌연변이는 갑옷 파밍만을 위해 존재 합니다.,처음 엔 생존 만을 목표 로 플레이 하지만 결국 심시티 가 됩니다 . 식인종 은 뼈 파밍 을 위해 존재 할 뿐 이고 돌연변이 는 갑옷 파밍 만을 위해 존재 합니다 .,2020-08-04 11:59:35
242760,The Forest,positive,티미가 뭐였지?,티 미가 뭐 였지 ?,2020-08-03 19:03:02
242760,The Forest,positive,ending is shit,ending is shit,2020-08-03 01:33:10
242760,The Forest,positive,야가다 개꿀잼이누 ㅋㅋ,야 가다 개꿀잼 이 누 ㅋㅋ,2020-08-03 00:49:37
242760,The Forest,positive,육포먹는 ASMR게임,육포 먹는 ASMR 게임,2020-08-02 20:01:46
242760,The Forest,positive,동굴로 시작해서 동굴로 끝나는 게임,동굴 로 시작 해서 동굴 로 끝나는 게임,2020-08-02 18:03:34
242760,The Forest,positive,침략자를 막기위한 식인종들의 사투를 그린 작품,침략 자 를 막기 위 한 식인종 들 의 사투 를 그린 작품,2020-08-02 17:25:42
242760,The Forest,positive,...,...,2020-08-01 14:17:12
242760,The Forest,positive,협동에서 호스트로 저장을 했는데 저장하고 하루전까지는 잘 저장이 됐는데 있던것들이 저장이 안된건지 왜 안나올까요... 피시방에서 해서 그런가...,협동 에서 호스트 로 저장 을 했는데 저장 하고 하루 전 까지는 잘 저장 이 됐는데 있던것 들이 저장 이 안된 건지 왜 안 나올까 요 ... 피시방 에서 해서 그 런가 ...,2020-07-31 14:46:22
242760,The Forest,positive,"아, 잼나다. Oh, that's fun.","아 , 잼나다 . Oh , that ' s fun .",2020-07-31 02:39:41
242760,The Forest,positive,재미있긴한데 식인종 너무 많이 나옴 1절 2절까진 참아도 ㅅㅂ 뇌절 수준으로 쳐 기어나오는데 화가 치밀어오름 게다가 동굴에서 시야도 좁아서 템 찾기도 살짝 힘들었음,재미있긴한데 식인종 너무 많이 나옴 1 절 2 절 까진 참아도 ㅅㅂ 뇌절 수준 으로 쳐 기어나오는데 화가 치밀어 오름 게다가 동굴 에서 시야 도 좁아서 템 찾기 도 살짝 힘들었음,2020-07-31 00:34:43
242760,The Forest,positive,자연의 수호자 식인종들은 우리가 터를 만드는 것을 가만히 두지 않았어요 제발 다 꺼1져,자연 의 수호 자 식인종 들 은 우리 가 터 를 만드는 것 을 가만히 두지 않았어요 제발 다 꺼 1 져,2020-07-31 00:32:38
242760,The Forest,positive,잊지 못할 갓겜.,잊지 못 할 갓 겜 .,2020-07-30 18:38:50
242760,The Forest,positive,"양산형 서바이벌 게임들이 판치던 상황에서 다소 진부할 수 있었던 이 게임은 게임 내 여러 떡밥과 그런 떡밥들을 이용한 스토리텔링을 통해 그저 괴물과 식인종 나오는 양산형 생존게임에서 한번쯤은 해볼만한 게임으로 바뀌었고, 그런 기대에 보답하기 위해 후속작까지 공개됬을 정도니 만약 생존게임에 취향이 맞다면 한번쯤 해볼만한 게임이라고 생각합니다.","양산 형 서바이벌 게임 들 이 판치던 상황 에서 다소 진부할 수 있었던 이 게임 은 게임 내 여러 떡밥 과 그런 떡밥 들 을 이용 한 스토리텔링 을 통해 그저 괴물 과 식인종 나오는 양산 형 생존 게임 에서 한번 쯤 은 해볼만 한 게임 으로 바뀌었고 , 그런 기대 에 보답 하기 위해 후속작 까지 공개 됬을 정도 니 만약 생존 게임 에 취향 이 맞다면 한번 쯤 해볼만 한 게임 이라고 생각 합니다 .",2020-07-29 02:06:29
242760,The Forest,positive,재밌음,재밌음,2020-07-28 22:32:39
242760,The Forest,positive,tlqkf,tlqkf,2020-07-28 17:51:18
242760,The Forest,positive,힐링게임,힐링 게임,2020-07-28 16:39:11
242760,The Forest,positive,누가 식인종인지 모르는 게임 ㅋㅋ 더구나 당신은 이게임을 하면서 집짓기의 달인이 될 수 있습니다.,누가 식인종 인지 모르는 게임 ㅋㅋ 더구나 당신 은 이 게임 을 하면서 집짓기 의 달인 이 될 수 있습니다 .,2020-07-27 20:55:05
242760,The Forest,positive,더포2는 언제 나오노,더포 2 는 언제 나오노,2020-07-27 09:52:30
242760,The Forest,positive,gggcccccc,gggcccccc,2020-07-27 00:55:09
242760,The Forest,positive,6/10,6/10,2020-07-26 23:50:31
242760,The Forest,positive,"스토리도 그럭저럭 재미있고, 스토리 다 밀고 난 후에도 그냥 마인크래프트나 H1Z1같은 느낌으로 집짓고 놀면 잼남. 건축할때 딱 딱 자석처럼 맞춰지는건 없기에 겹치는 일도 잦고, 그게 문이 안 열리거나 기타 버그들을 일으키기도 하는 점은 단점임.","스토리 도 그럭저럭 재미있고 , 스토리 다 밀고 난 후 에도 그냥 마인크래프트 나 H 1 Z 1 같은 느낌 으로 집 짓고 놀면 잼남 . 건축 할 때 딱 딱 자석 처럼 맞춰지는건 없기에 겹 치는 일도 잦고 , 그게 문 이 안 열리거나 기타 버그 들 을 일으키 기도 하는 점 은 단점 임 .",2020-07-26 16:20:13
242760,The Forest,positive,RR,RR,2020-07-26 12:55:34
242760,The Forest,positive,짱잼,짱 잼,2020-07-26 12:31:43
242760,The Forest,positive,개꿀잼,개꿀잼,2020-07-24 22:51:33
242760,The Forest,positive,very good,very good,2020-07-24 20:08:41
242760,The Forest,positive,자 이제 누가 식인종이지?,자 이제 누가 식인종 이지 ?,2020-07-23 16:24:26
242760,The Forest,positive,"소규모 패치가 많았었고, 그때마다 내가 마치 무인도에 갇혀 있는 상황으로 몰입해서 새로운것을 발견하는 맛에 플레이 했었는데.. 이제는 걍 게임상 고립돼서 사는 '로빈슨 크루소'마냥 진짜 따분하니 , 컨텐츠가 할게 없음.. ㅋㅋㅋ","소규모 패치 가 많았었고 , 그때 마다 내 가 마치 무인도 에 갇혀 있는 상황 으로 몰입 해서 새로운것을 발견 하는 맛 에 플레이 했었는데 .. 이제 는 걍 게임상 고립 돼서 사는 ' 로빈슨 크루소 ' 마냥 진짜 따분하니 , 컨텐츠 가 할게 없음 .. ㅋㅋㅋ",2020-07-22 16:40:37
242760,The Forest,positive,"이겜 처음했을때는 식인종 무서워서 소리다끄고했는데 70시간때부터는 식인종 찾아다님ㅋㅋㅋㅋ그러다 100시간되면 식인종,돌연변이한테 한대도 안맞고 학살가능 100시간에서 조금만 더 지나면 대규모 식인종마을에 벽치고도 살수있음ㅋㅋㅋㅋㅋ","이 겜 처음 했을 때 는 식인종 무서워서 소리 다 끄고 했는데 70시간 때부터는 식인종 찾아다님 ㅋㅋㅋㅋ 그러다 100시간 되면 식인종 , 돌연변이 한테 한 대도 안 맞고 학살 가능 100시간 에서 조금 만 더 지나면 대규모 식인종 마을 에 벽 치고 도 살수있음 ㅋㅋㅋㅋㅋ",2020-07-20 00:23:14
242760,The Forest,positive,저사향에 매우좋은게임,저 사향 에 매우 좋은 게임,2020-07-19 17:06:38
242760,The Forest,positive,재밌음,재밌음,2020-07-19 01:00:52
242760,The Forest,positive,제자리에 앉아서 48을 플레이 해버렸다....,제자리 에 앉아서 48 을 플레이 해 버렸다 ....,2020-07-18 15:04:33
242760,The Forest,positive,너무너무 재미있어요 !!,너무 너무 재미있어요 !!,2020-07-17 22:48:37
242760,The Forest,positive,같이하면 짱잼,같이 하면 짱 잼,2020-07-17 21:08:43
242760,The Forest,positive,친구랑 해서 자신이 식인종 되는 겜,친구 랑 해서 자신 이 식인종 되는 겜,2020-07-17 20:35:32
242760,The Forest,positive,걍 ㄱㅊ은듯 굶지마 청불버전 결말 마음에 들었음 별 내용없는줄 알았는데 생각보다 신박했삼,걍 ㄱㅊ 은듯 굶지마 청불 버전 결말 마음 에 들었음 별 내용 없는줄 알았는데 생각 보다 신 박했 삼,2020-07-17 17:24:52
242760,The Forest,positive,후반부에는 모두 예술의 혼을 불테워 토템 하나씩들 세워줍시다 재료들이 워낙에 많다보니 편하게들 만드실 수 있어요,후반 부 에는 모두 예술 의 혼 을 불테워 토템 하나 씩 들 세워 줍시다 재료 들 이 워낙 에 많다 보니 편하게 들 만드실 수 있어요,2020-07-17 05:01:44
242760,The Forest,positive,뀨,뀨,2020-07-15 20:12:16
242760,The Forest,positive,존나게 까지는 아니더라도 존나게 재밌다 돈스타브 투게더 같은 생존 게임 좋아하거나 바이오 하자드 같은 밀폐된 공간에서 느낄 수 있는 공포 게임을 좋아한다면 추천 대부분 게임이 그렇겠지만 이 게임도 버그와 아쉬운 점이 있다 생존 게임에 묘미는 심시티인데 건물 짓기가 지랄 맞다 1인칭 시점에서 건물을 나름 이쁘게 지으려고 각을 맞출려고 해도 이게 잘 맞지 않는다 그래서 취소 건설하기 취소 건설하기 노가다를 할 수 밖에 없다 아직 엔딩은 못 봤지만 분량이 작다고 하는 것 같은데 그건 엔딩 봐야 알 것 같다 그럼 이,존나 게 까지는 아니더라도 존나 게 재밌다 돈스 타 브 투게더 같은 생존 게임 좋아하거나 바이오 하자드 같은 밀폐 된 공간 에서 느낄 수 있는 공포 게임 을 좋아한다면 추천 대부분 게임 이 그렇겠지만 이 게임 도 버그 와 아쉬운 점 이 있다 생존 게임 에 묘미 는 심시티 인데 건물 짓기가 지랄 맞다 1 인칭 시점 에서 건물 을 나름 이쁘게 지으려고 각 을 맞출려고 해도 이 게 잘 맞지 않는다 그래서 취소 건설 하기 취소 건설 하기 노가다 를 할 수 밖에 없다 아직 엔딩 은 못 봤지만 분량 이 작다고 하는 것 같은데 그건 엔딩 봐야 알 것 같다 그럼 이,2020-07-15 02:24:37
242760,The Forest,positive,"누구나 쉽고 빠르게 게임을 배울 수 있을 거예요. 그만큼 완성도가 높고, 흥미를 이끌 수 있는 요소들이 게임 곳곳에 존재합니다. 최근에 Sons of the Forest 티져를 봤는데, 1보다 더 많은 컨텐츠와 다양한 변수들이 있기를 바라요. 동물들 종류도 더 많고 무기나 방어구 같은 것도 더 많으면? 재밌을 거 같네요. 만족합니다. 생존 컨셉 게임 좋아하시고 몰입도 높으신 분들은 꼭 한 번 쯤 해 보세요~","누구 나 쉽고 빠르게 게임 을 배울 수 있을 거 예요 . 그만큼 완성 도 가 높고 , 흥미 를 이끌 수 있는 요소 들 이 게임 곳곳 에 존재 합니다 . 최근 에 Sons of the Forest 티져 를 봤는데 , 1 보다 더 많은 컨텐츠 와 다양한 변수 들 이 있기를 바라요 . 동물 들 종류 도 더 많고 무기 나 방어 구 같은 것 도 더 많으면 ? 재밌을 거 같네요 . 만족합니다 . 생존 컨셉 게임 좋아하시고 몰입도 높으신 분 들 은 꼭 한 번 쯤 해 보세요 ~",2020-07-14 22:38:55
242760,The Forest,positive,친구와 같이하면 극강의 욕설과 즐거움을 느낄수있습니다 스타듀벨리가 아기자기한 힐링겜이면 더포레스트는 큼직한 힐링겜 배고프면 밥먹고 목마르면 물마시고 심심하면 사냥하고 갑시다 브라더,친구 와 같이 하면 극 강의 욕설 과 즐거움 을 느낄수있습니다 스타 듀 벨 리가 아기자기한 힐링 겜 이 면 더 포레스트 는 큼직한 힐링 겜 배고프면 밥 먹고 목 마르 면 물 마시고 심심하면 사냥 하고 갑시다 브라더,2020-07-14 22:14:46
242760,The Forest,positive,갓겜,갓 겜,2020-07-14 22:08:03
242760,The Forest,positive,어느 순간부터 돌연변이를 갑옷으로 밖에 보지 못하는 몸이 되어버렸다.,어느 순간 부터 돌연변이 를 갑옷 으로 밖에 보지 못 하는 몸 이 되어 버렸다 .,2020-07-14 01:58:13
242760,The Forest,positive,스토리 몰입감 개쩜 게임하다보면 티미가 기억나지않음,스토리 몰입 감 개쩜 게임 하다 보면 티 미가 기억나지 않음,2020-07-14 01:33:00
242760,The Forest,positive,굉장히 재밌어요,굉장히 재밌어요,2020-07-13 18:28:51
242760,The Forest,positive,아 돌연변이새끼들 겁나 시끄럽게 히히힉 거림 동굴에서 있는 시간이 꽤 길기 때문에 공포게임 못하는 저같은 사람은 그냥 평화모드로 하길 추천...,아 돌연변이 새끼 들 겁나 시끄럽게 히히힉 거림 동굴 에서 있는 시간 이 꽤 길기 때문 에 공포 게임 못 하는 저 같은 사람 은 그냥 평화 모드 로 하길 추천 ...,2020-07-13 10:32:17
242760,The Forest,positive,욤뇸뇸,욤뇸뇸,2020-07-13 04:20:19
242760,The Forest,positive,개꿀,개꿀,2020-07-13 00:41:02
242760,The Forest,positive,졸라재밌다 물론 친구랑 같이할수있는 인싸들만 재밌게 할수있다,졸라 재밌다 물론 친구 랑 같이 할수있는 인 싸 들만 재밌게 할수있다,2020-07-12 23:04:29
242760,The Forest,positive,"이 게임은 생존 게임이 아닙니다, 친구를 떄리는 게임이죠.","이 게임 은 생존 게임 이 아닙니다 , 친구 를 떄리는 게임 이 죠 .",2020-07-12 18:59:13
242760,The Forest,positive,,,2020-07-12 01:59:46
242760,The Forest,positive,very good,very good,2020-07-11 23:55:35
242760,The Forest,positive,싱글 : 잃어버린 아들을 찾아 떠나는 식인섬에서의 사투 멀티 : 모여봐요 식인종의 숲 :D,싱글 : 잃어버린 아들 을 찾아 떠나는 식인 섬 에서의 사투 멀티 : 모여 봐요 식인종 의 숲 : D,2020-07-11 23:41:02
242760,The Forest,positive,아직도 평가를 보며 고민하고있나요? 지금 당장 구매하세요!,아직도 평가 를 보며 고민 하고있나요 ? 지금 당장 구매 하세요 !,2020-07-11 17:11:46
242760,The Forest,positive,싱글은 몰라도 멀티는 참 재밌네요^^ 아 참고로 이거 지인이랑 하세요 ㅎㅎ 저는 혼자하닌깐 재밌없더라고요 ㅎㅎ 친구 많으면 사세요!,싱글 은 몰라도 멀티 는 참 재밌네요 ^^ 아 참고 로 이 거 지인 이랑 하세요 ㅎㅎ 저 는 혼자 하 닌 깐 재밌 없더라고요 ㅎㅎ 친구 많으면 사세요 !,2020-07-11 16:57:10
242760,The Forest,positive,DD,DD,2020-07-11 16:28:51
242760,The Forest,positive,나랑 좀비 겜 하지 안컨(?_? ),나 랑 좀비 겜 하지 안컨 (?_? ),2020-07-11 14:32:29
242760,The Forest,positive,so good,so good,2020-07-10 23:41:51
242760,The Forest,positive,ㄹㅇ 스토리가 눈물이 나는데에에에수,ㄹㅇ 스토리 가 눈물 이 나는데에 에 에 수,2020-07-10 20:34:00
242760,The Forest,positive,이 게임은 정말 최고의 게임! 친구와 하면 우정이 두배!! 엄청난 명작 가 아니고 게이,이 게임 은 정말 최고 의 게임 ! 친구 와 하면 우정 이 두 배 !! 엄청난 명작 가 아니고 게이,2020-07-10 16:12:03
242760,The Forest,positive,게임 시작하면 플레이 옵션에서 구조물 파괴 옵션을 끄는 것이 필수. 힘들게 만들어놓은 집이나 가구들(특히 통나무로 만든)이 파괴되어 피눈물을 흘리고 싶지 않다면... 아니 혹시 고인물들은 이런것도 즐기려나? 매뉴얼이 없는 게임답게 뭐든지 몸으로 부딪치며 배워나가는 인내력도 필수. 근데 제일 쉬운 난이도인데도 이제 막 물통 만들었는데 아들은 언제나 찾아가려나?,게임 시작 하면 플레이 옵션 에서 구 조물 파괴 옵션 을 끄는 것 이 필수 . 힘들게 만들어놓은 집 이나 가구 들 ( 특히 통나무 로 만든 ) 이 파괴 되어 피 눈물 을 흘리고 싶지 않다면 ... 아니 혹시 고 인물 들 은 이런 것 도 즐기려나 ? 매뉴얼 이 없는 게임 답 게 뭐 든지 몸 으로 부딪치며 배워 나가는 인내력 도 필수 . 근데 제일 쉬운 난이도 인데 도 이제 막 물통 만들었는데 아들 은 언제나 찾아가려나 ?,2020-07-10 15:21:10
242760,The Forest,positive,나의 뼈와 살이되어라,나 의 뼈 와 살이 되어라,2020-07-09 21:48:30
242760,The Forest,positive,같이하면 재밌음,같이 하면 재밌음,2020-07-09 01:14:03
242760,The Forest,positive,식인은 사람이 할짓이 아니다=>식인종은 사람이 아니다=>식인종을 먹는건 식인이 아니다,식인 은 사람 이 할 짓 이 아니다 => 식인종 은 사람 이 아니다 => 식인종 을 먹는건 식인 이 아니다,2020-07-08 12:48:53
242760,The Forest,positive,이중 석 ^^ㅣ 발ㅇ ㅏ 집좀 그만 짓고 식인종 잡으라고,이중 석 ^^ ㅣ 발 ㅇ ㅏ 집좀 그만 짓고 식인종 잡으라고,2020-07-08 00:35:02
242760,The Forest,positive,"스토리,게임도 재미있고 2020년 최고의 게임~~~~~","스토리 , 게임 도 재미있고 2020년 최고 의 게임 ~~~~~",2020-07-07 21:42:12
242760,The Forest,positive,"혼자하면 공포생존게임, 여럿이 하면 개그생존게임","혼자 하면 공포 생존 게임 , 여럿 이 하면 개그 생존 게임",2020-07-07 21:01:20
242760,The Forest,positive,여럿이 하기 좋아요 !,여럿 이 하기 좋아요 !,2020-07-07 19:11:05
242760,The Forest,positive,재미있어요,재미있어요,2020-07-07 18:49:42
242760,The Forest,positive,무서워서 못하겠어요,무서워서 못 하겠어요,2020-07-07 10:57:35
242760,The Forest,positive,사람고기를 먹빵찍고 인증하는 게임,사람 고기 를 먹 빵 찍고 인증 하는 게임,2020-07-07 05:14:07
242760,The Forest,positive,너무..무섭다....너무..,너무 .. 무섭다 .... 너무 ..,2020-07-06 20:03:33
242760,The Forest,positive,그래서 2는 언제 나오나요? 이! 2! E! 二! に! Zwei! dua!,그래서 2 는 언제 나오나요 ? 이 ! 2 ! E ! 二 ! に ! Zwei ! dua !,2020-07-06 19:14:51
242760,The Forest,positive,스팀에서 그럭저럭 괜찮은 게임은 많지만 오래 생각나기도 하고 ' 이 게임만은 진짜 돈 안아까웠던 거 같아' 라는 생각이 드는 적은 게임중 하나. 개쫄보라 친구 두명 아니였으면 입문조차 안했겠지만 몇시간 지나니 모든 적이 재료로 보입니다.,스팀 에서 그럭저럭 괜찮은 게임 은 많지만 오래 생각나기도 하고 ' 이 게임 만은 진짜 돈 안 아까웠던 거 같아 ' 라는 생각 이 드는 적은 게임 중 하나 . 개 쫄보 라 친구 두 명 아니였으면 입문 조차 안 했겠지만 몇 시간 지나니 모든 적 이 재료 로 보입니다 .,2020-07-06 17:53:28
242760,The Forest,positive,하다보면 지루한데 분명 나는 시작할떄 식인종을 보고 겁이나서 매일도망다녔었는데 어느순간 보면 찾아가서 죽이고 잘라서 처먹고 산채로 태워서 뼈갑옷으로 만들어버리는 식인종을 식인해버리는 무서운사람이 되어있었다,하다 보면 지루한데 분명 나 는 시작 할떄 식인종 을 보고 겁 이나 서 매 일 도망 다녔었는데 어느 순간 보면 찾아가서 죽 이고 잘라서 처 먹고 산채 로 태워서 뼈 갑옷 으로 만들어 버리는 식인종 을 식인 해 버리는 무서운 사람 이 되어있었다,2020-07-06 17:06:34
242760,The Forest,positive,식인종이 침략을 하는 이유가 우리가 식인을 해서 아닐까,식인종 이 침략 을 하는 이유 가 우리 가 식인 을 해서 아닐까,2020-07-06 14:10:32
242760,The Forest,positive,재미써요,재미 써요,2020-07-06 03:14:52
242760,The Forest,positive,오늘도 강제 레이드,오늘 도 강제 레이드,2020-07-05 22:33:03
242760,The Forest,positive,진짜 띵작,진짜 띵작,2020-07-05 22:08:45
242760,The Forest,positive,언턴드3 식인종은 인간을 먹는데 식인종을 먹는 인간은 뭐라고 불러야 될까요? 식인종 이라고요? 혹시 식인종이세요? 아 아무튼 불좀 지피고 나서 이야기를 해야될거 같군요.,언턴드 3 식인종 은 인간 을 먹는데 식인종 을 먹는 인간 은 뭐라고 불러야 될까 요 ? 식인종 이라고요 ? 혹시 식인종 이세 요 ? 아 아무튼 불좀 지 피고 나서 이야기 를 해야 될거 같군요 .,2020-07-05 21:48:42
242760,The Forest,positive,동굴 안 24시 식인종 대기중! 이 식인종은 무료로 찾아옵니다!,동굴 안 24시 식인종 대기 중 ! 이 식인종 은 무료 로 찾아옵니다 !,2020-07-05 20:00:20
242760,The Forest,positive,이게임 세일 해서 해보니까 하루하루 식인종때문에 고생을 많이 하네요..고인물겜인듯 후후 빨리 컨텐츠용으로 결맣보고싶은 게임입니다~ 꼭 깨야지~,이 게임 세 일 해서 해보니까 하루하루 식인종 때문 에 고생 을 많이 하네요 .. 고 인물 겜 인 듯 후후 빨리 컨텐츠 용 으로 결맣 보고 싶은 게임 입니다 ~ 꼭 깨야지 ~,2020-07-05 19:45:21
242760,The Forest,positive,이게임을한이후로 소리에민감해젔음,이 게임 을 한 이후 로 소리 에 민감해 젔음,2020-07-05 19:36:33
242760,The Forest,positive,개꿀잼,개꿀잼,2020-07-05 18:42:26
242760,The Forest,positive,식인종 개무서웡,식인종 개무서웡,2020-07-05 18:10:05
242760,The Forest,positive,친구들이랑 하니까 재밌었음. 마크의 새로운 버전느낌... 식인종 사냥도 재밌고,친구 들 이랑 하니까 재밌었음 . 마크 의 새로운 버전 느낌 ... 식인종 사냥 도 재밌고,2020-07-05 13:34:22
242760,The Forest,positive,동굴 무서워ㅠ 식인종 맛있어(?) 혼자하면 외로워서 재미없을 거 같아.,동굴 무서워 ㅠ 식인종 맛있어 (?) 혼자 하면 외로워 서 재미없을 거 같아 .,2020-07-05 01:42:48
242760,The Forest,positive,이때까지해본 생존겜중 젤 재밌었음 친구랑하면 2배로 재밌음.,이 때 까지 해본 생존 겜 중 젤 재밌었음 친구 랑 하면 2 배 로 재밌음 .,2020-07-04 22:49:50
242760,The Forest,positive,개꿀잼,개꿀잼,2020-07-04 18:34:58
242760,The Forest,positive,:D,: D,2020-07-04 11:57:36
242760,The Forest,positive,친구없으면 ㅈㄴ 무서운겜,친구 없으면 ㅈㄴ 무서운 겜,2020-07-04 06:18:38
242760,The Forest,positive,그숲 = 아크,그 숲 = 아크,2020-07-03 20:22:20
242760,The Forest,positive,정말 흥미진진하고 재미있군요,정말 흥미진진 하고 재미있군요,2020-07-03 14:05:02
242760,The Forest,positive,식인종의 사지를 분리하고 돌연변이 가죽을 뜯어서 입고 다니며 통나무 두개를 한쪽 어깨에 얹고 바위에서 바위로 점프하면서 다니지만 물에 발가락만 담궈도 추워죽겠다며 화면이 얼어붙는 알 수 없는 주인공 아저씨...,식인종 의 사지 를 분리 하고 돌연변이 가죽 을 뜯어서 입고 다니며 통나무 두 개 를 한쪽 어깨 에 얹고 바위 에서 바위 로 점프 하면서 다니지만 물 에 발가락 만 담궈도 추워 죽겠다며 화면 이 얼어붙는 알 수 없는 주인공 아저씨 ...,2020-07-03 11:47:34
242760,The Forest,positive,구하라는 아들은 안구하고 식인종 감옥 만들어 놀게 되는 게임,구하라 는 아들 은 안구 하고 식인종 감옥 만들어 놀게 되는 게임,2020-07-03 08:22:57
242760,The Forest,positive,다른건 모르겠는데 박쥐소리 쓸때없이 커서 놀라게하네;;,다른건 모르겠는데 박쥐 소리 쓸 때 없이 커서 놀라게하네 ;;,2020-07-02 23:38:13
242760,The Forest,positive,친구가 사라고 해서 재미없으면 환불 한다고 했는데 재미있어서 하루만에 2.2시간이나 했네요 친구가 꺼야해서 이쯤에서 껐지만 계속 했다면 3시간은 넘겼을거 같네요 아무튼 재밌습니다! 50퍼 세일로 만원으로 샀는데 만원정도는 내서 사도 될거같네요!,친구 가 사라 고 해서 재미없으면 환불 한다고 했는데 재미있어서 하루 만에 2.2시간 이나 했네요 친구 가 꺼 야해서 이쯤 에서 껐지만 계속 했다면 3시간 은 넘겼을거 같네요 아무튼 재밌습니다 ! 50 퍼 세 일로 만원 으로 샀는데 만 원 정도 는 내서 사도 될거 같네요 !,2020-07-02 23:07:19
242760,The Forest,positive,앙 좋아,앙 좋아,2020-07-02 21:29:56
242760,The Forest,positive,굳굳굳! 제값합니다 혼자하지마세요 그러면 많이 힘들어요 많은 의미로여 ㅎㅎ,굳 굳 굳 ! 제 값 합니다 혼자 하지 마세요 그러면 많이 힘들어요 많은 의미 로 여 ㅎㅎ,2020-07-02 20:31:24
242760,The Forest,positive,친구랑 같이하면 재밌습니다. 동굴로 들어갈떄 친구를 실험용으로 먼저 보내면 안전하고 덜 무섭게 플레이 가능하빈다,친구 랑 같이 하면 재밌습니다 . 동굴 로 들어갈 떄 친구 를 실험 용 으로 먼저 보내면 안전하고 덜 무섭게 플레이 가능 하빈다,2020-07-02 13:42:17
242760,The Forest,positive,걍 무섭지도 안무섭지도 않은 딱 그 선을 지켜서 놀래켜줌 근데 그 야발 개가튼 식인종 웃음소리좀 삭제 부탁,걍 무섭지도 안 무섭지도 않은 딱 그 선 을 지켜서 놀래 켜줌 근데 그 야 발 개 가 튼 식인종 웃음소리 좀 삭제 부탁,2020-07-02 12:10:17
242760,The Forest,positive,'개인적인 의견이므로 참고만 해주세요. '<>' 는 양식에 추가한 항목 [[ 가격 ]] □ 정가 줘도 좋음 □ 20% 세일까지 존버 □ 50% 세일까지 존버 ■ 70% 이상 세일까지 존버 □ 90% 이상 세일까지 존버 □ 무료 [[ 그래픽 ]] □ 황홀함 □ 멋있고 개성 있음 □ 개성 있음 ■ 괜찮음 □ 못 봐줄 수준은 아님 □ 불편함 □ 눈을 가리고 싶어짐 [[ 사운드 ]] ■ 기저귀 갈아야 됨 (동굴에서 혼자 있는데 식인종 친구들 소리들으면 ....공포게임) □ 찰짐 □ 알맞음 □ 괜찮음 □ 싫증남 □ 구림 □ 고막을 찢고,' 개인 적 인 의견 이 므 로 참고 만 해주세요 . '<>' 는 양식 에 추가 한 항목 [[ 가격 ]] □ 정가 줘도 좋음 □ 20% 세 일 까지 존버 □ 50% 세 일 까지 존버 ■ 70% 이상 세 일 까지 존버 □ 90% 이상 세 일 까지 존버 □ 무료 [[ 그래픽 ]] □ 황홀함 □ 멋있고 개성 있음 □ 개성 있음 ■ 괜찮음 □ 못 봐줄 수준 은 아님 □ 불편함 □ 눈 을 가리고 싶어 짐 [[ 사운드 ]] ■ 기저귀 갈아야 됨 ( 동굴 에서 혼자 있는데 식인종 친구 들 소리 들으면 .... 공포 게임 ) □ 찰짐 □ 알맞음 □ 괜찮음 □ 싫증남 □ 구림 □ 고막 을 찢고,2020-07-02 01:23:34
242760,The Forest,positive,생존겜 좋아하면 추천,생존 겜 좋아하면 추천,2020-07-02 01:21:40
242760,The Forest,positive,b,b,2020-07-01 23:12:36
242760,The Forest,positive,개 쌉 꾸르잼. 돈있으면 하고 돈없으면 빌려서 하셈. 싱글플레이하면 밤에 ㅈㄴ 무서움. 그니까 무조건 멀티하셈 ㅎㅎ,개 쌉 꾸르잼 . 돈 있으면 하고 돈 없으면 빌려서 하 셈 . 싱글플레이 하면 밤 에 ㅈㄴ 무서움 . 그니까 무조건 멀티 하 셈 ㅎㅎ,2020-07-01 20:03:26
242760,The Forest,positive,겜할거많은데 고이면 몇시간만에 할거다함 오래하지않고 짧게즐기고싶으면 구매추천,겜 할거 많은데 고이 면 몇 시간 만에 할거다 함 오래 하지 않고 짧게 즐기고싶으면 구매 추천,2020-07-01 19:44:51
242760,The Forest,positive,진정한 힐링게임이다 아름다운 풍경과 낭만적인 통나무집 자급자족으로 얻는 기쁨이 서서히 배가된다 갓겜이다,진정한 힐링 게임 이다 아름다운 풍경 과 낭만 적 인 통나무 집 자급자족 으로 얻는 기쁨 이 서서히 배 가 된다 갓 겜 이다,2020-07-01 18:53:21
242760,The Forest,positive,재밌음 꼭 친구랑 하셈,재밌음 꼭 친구 랑 하 셈,2020-07-01 18:22:34
242760,The Forest,positive,단순히 인육 먹다 탈출하는 게임 같지만 멀티하기엔 괜찮은 듯,단순히 인육 먹다 탈출 하는 게임 같지만 멀티 하기엔 괜찮은 듯,2020-07-01 16:26:16
242760,The Forest,positive,오우 쉣,오우 쉣,2020-07-01 15:14:28
242760,The Forest,positive,세일할때 사서 대만족합니다! 내용도 괜찮고 엔딩도 감동적이고 멀티도 가능하니! 또 싱글로 할때의 재미도있지만 멀티로 하면 더 재밌습니다~ 식인종 잡는 재미도 있고요 흐흐흐(?),세 일 할 때 사서 대 만족합니다 ! 내용 도 괜찮고 엔딩 도 감동 적 이고 멀티 도 가능하니 ! 또 싱글 로 할 때 의 재미 도 있지만 멀티 로 하면 더 재밌습니다 ~ 식인종 잡는 재미 도 있고요 흐흐 흐 (?),2020-07-01 14:48:42
242760,The Forest,positive,원래 제가 3d멀미가 없는 사람인데 이거만 하면 멀미가 그렇게 나요 진짜 짜증나서 못살겄음 ㅠ 재미는 있어요,원래 제 가 3 d 멀미 가 없는 사람 인데 이 거만 하면 멀미 가 그렇게 나요 진짜 짜증나서 못살겄음 ㅠ 재미 는 있어요,2020-07-01 02:57:11
242760,The Forest,positive,친구들이랑 같이하면 개꿀잼임,친구 들 이랑 같이 하면 개꿀잼임,2020-06-30 23:00:21
242760,The Forest,positive,아 맛있었다(?),아 맛있었다 (?),2020-06-30 22:30:04
242760,The Forest,positive,ZXCXFASDDASDSADASDASDASDASD,ZXCXFASDDASDSADASDASDASDASD,2020-06-30 21:07:46
242760,The Forest,positive,친구가 승무원 옷을 입고 벗질 않음 변태새끼임 ;,친구 가 승무원 옷 을 입고 벗질 않음 변태 새끼 임 ;,2020-06-30 20:26:32
242760,The Forest,positive,하다 보면 아들은 머릿속에서 잊힘,하다 보면 아들 은 머릿속 에서 잊 힘,2020-06-30 12:59:25
242760,The Forest,positive,재미씀 식인종뼈다구로 예술작품을 만든달까?,재미 씀 식인종 뼈 다 구로 예술 작품 을 만든 달까 ?,2020-06-29 23:24:26
242760,The Forest,positive,시간가는줄 모르고 식인종을 죽이고 먹고........예스,시간 가는줄 모르고 식인종 을 죽 이고 먹고 ........ 예스,2020-06-29 21:00:54
242760,The Forest,positive,개명작이다,개 명작 이다,2020-06-29 12:58:52
242760,The Forest,positive,"I'm confused. Well, who's cannibal now?","I ' m confused . Well , who ' s cannibal now ?",2020-06-28 19:53:18
242760,The Forest,positive,더 롱다크 업그레이드 버전.!!! 꿀잼.!!,더 롱 다크 업그레이드 버전 .!!! 꿀잼 .!!,2020-06-28 15:09:15
242760,The Forest,positive,개꿀잼 ㅋㅋㅋ,개꿀잼 ㅋㅋㅋ,2020-06-28 15:05:24
242760,The Forest,positive,처음엔 식인종이 나오면 몸이 덜덜 떨렸지만 몇시간뒤 직접 찾아가는 담력이 생겼고 돌연변이한테 씨게 충격받고 접었다 존1나 무서움,처음 엔 식인종 이 나오면 몸 이 덜덜 떨렸지만 몇 시간 뒤 직접 찾아가는 담력 이 생겼고 돌연변이 한테 씨 게 충격 받고 접었다 존 1 나 무서움,2020-06-28 14:12:57
242760,The Forest,positive,친구들이랑 하면 시간가는줄 모름,친구 들 이랑 하면 시간 가는줄 모름,2020-06-28 13:20:23
242760,The Forest,positive,재 밋 고 아 우 앙,재 밋 고 아 우 앙,2020-06-28 12:59:43
242760,The Forest,positive,아들래미 구하러 갔다가 마을주민들이랑 친해지고 촌장돼서 마을 가꾸는 게임 모여봐요 식인종의 숲,아들 래미 구 하러 갔다가 마을 주민 들 이랑 친해지고 촌장 돼서 마을 가꾸는 게임 모여 봐요 식인종 의 숲,2020-06-28 02:19:32
242760,The Forest,positive,이 게임을 하다 영어도 잘 못하는 제가 식인종 언어를 배웠습니다. 유용한 게임입니다. 언젠가는 식인종 언어를 쓸수 있는 날이 왔으면,이 게임 을 하다 영어 도 잘 못 하는 제 가 식인종 언어 를 배웠습니다 . 유용한 게임 입니다 . 언젠가 는 식인종 언어 를 쓸수 있는 날 이 왔으면,2020-06-28 01:27:47
242760,The Forest,positive,zaje**ste,zaje ** ste,2020-06-28 00:46:36
242760,The Forest,positive,진짜 너무 재미있고 인육을 먹으면서 바라보는 식인종은 힐링 그 자체였습니다. 사람은 정말 이로운 동물인 것 같습니다. 고기를 주어 허기짐을 달래주며 뼈를 주어 갑옷을 만들 수 있게 하고 싸움으로서 나 자신의 성장을 이끌어주었습니다.,진짜 너무 재미있고 인육 을 먹으면서 바라보는 식인종 은 힐링 그 자체 였습니다 . 사람 은 정말 이로운 동물 인 것 같습니다 . 고기 를 주어 허기짐을 달래주며 뼈 를 주어 갑옷 을 만들 수 있게 하고 싸움 으로서 나 자신 의 성장 을 이끌어주었습니다 .,2020-06-27 22:59:38
242760,The Forest,positive,이 게임을 하시면 5성급 호텔에서 주무실수 있습니다,이 게임 을 하시면 5 성 급 호텔 에서 주무실수 있습니다,2020-06-27 19:16:56
242760,The Forest,positive,좀비살살녹는다,좀비 살살 녹는다,2020-06-27 03:47:27
242760,The Forest,positive,돌연변이가 징그러워요.,돌연변이 가 징그러워요 .,2020-06-27 01:14:03
242760,The Forest,positive,아잉 2일전에 샀는데 환불 에반데,아잉 2일 전에 샀는데 환불 에 반 데,2020-06-26 22:57:36
242760,The Forest,positive,멀티게임 처음인데[ 진짜 할때마다 무섭지만 재밌음,멀티 게임 처음 인데 [ 진짜 할 때 마다 무섭지만 재밌음,2020-06-26 16:40:45
242760,The Forest,positive,배태현 시발 통나무집 거의 다 짓는데 왜 취소하냐고,배 태현 시발 통나무 집 거의 다 짓는데 왜 취소 하냐고,2020-06-25 19:56:29
242760,The Forest,positive,친구랑 하면 재미가 두배 ㅋㅋㅋㅋㅋ,친구 랑 하면 재미 가 두 배 ㅋㅋㅋㅋㅋ,2020-06-25 13:49:30
242760,The Forest,positive,갓-겜였던것. 멀티에 핵유저가 판을 치고 핵을 안쓰는 내가 핵으로 의심받아 추방당하기 전까진.. 게임은 잘못이 없다. 그러나 멀티는 친구랑 하는걸 추천한다. 식인종보다 동굴에서 내 뒤통수 찍는 친구새끼가 더 무서운 게임..,갓 - 겜 였던것 . 멀티 에 핵 유저 가 판 을 치고 핵 을 안 쓰는 내 가 핵 으로 의심 받아 추방 당하기 전 까진 .. 게임 은 잘못 이 없다 . 그러나 멀티 는 친구 랑 하 는걸 추천 한다 . 식인종 보다 동굴 에서 내 뒤통수 찍는 친구 새끼 가 더 무서운 게임 ..,2020-06-25 11:12:14
242760,The Forest,positive,식인종을 죽이냐 죽이지 않느냐에 따라 삶의 풍족함이 달라지는 겜 나중가면 집으로 레이드 뛰러오는 식인종들 잡아 족치는 맛에 함,식인종 을 죽이냐 죽 이지 않느냐에 따라 삶 의 풍족함이 달라지는 겜 나중 가면 집 으로 레이드 뛰러 오는 식인종 들 잡아 족치는 맛 에 함,2020-06-25 05:41:31
242760,The Forest,positive,초반엔 식인종이무서워서 도망다니지만 후반에는 누가 식인종인지 모를정도로 식인종 사냥나가고 식인종을 먹고 나중에는 식인종 시체조각이 넘쳐나 그 시체조각으로 예술작품을만드는 나를볼수있었다,초반 엔 식인종 이 무서워서 도망 다니지만 후반 에는 누가 식인종 인지 모를 정도 로 식인종 사냥 나가고 식인종 을 먹고 나중 에는 식인종 시체 조각 이 넘쳐나 그 시체 조각 으로 예술 작품 을 만드는 나를 볼수있었다,2020-06-25 03:25:20
242760,The Forest,positive,처음엔 식인종이 나오는 생존게임인 줄 알았다. 조금 진행하고 나서 동굴에 들어가려고 할 때 처음 본 돌연변이가 개개개무섭고 짱짱짱 놀랐다. 그런데 어느순간부터 돌연변이들이 지상으로 올라와서 난동을 피우는 것이 아닌가? ㅋㅋ 동굴에서는 몰라도 지상에선 '함정'이라는 변수를 갖고있다구? 호호 돌연변이들을 함정으로 잡을 때의 쾌감은 우리가 평생 느낄 최고의 쾌감은 아니고 좀 좋은 정도였다. 하지만 이 짓거리만 하다보니 지루해졌다. 그래서 공포를 이겨내고 싱크홀에 들어갔다. 갑자기 공포게임 하는 줄 알았다. 실상은 별거 없었지만 그냥 연,처음 엔 식인종 이 나오는 생존 게임 인 줄 알았다 . 조금 진행 하고 나서 동굴 에 들어가려고 할 때 처음 본 돌연변이 가 개개 개 무섭고 짱 짱짱 놀랐다 . 그런데 어느 순간 부터 돌연변이 들 이 지상 으로 올라와서 난동 을 피우는 것 이 아닌가 ? ㅋㅋ 동굴 에서는 몰라도 지상 에선 ' 함정 ' 이라는 변수 를 갖고있다구 ? 호호 돌연변이 들 을 함정 으로 잡 을 때 의 쾌감 은 우리 가 평생 느낄 최고 의 쾌감 은 아니고 좀 좋은 정도 였다 . 하지만 이 짓거리 만 하다 보니 지루해졌다 . 그래서 공포 를 이겨내고 싱크홀 에 들어갔다 . 갑자기 공포 게임 하는 줄 알았다 . 실상 은 별거 없었지만 그냥 연,2020-06-25 00:23:01
242760,The Forest,positive,티↗미↘찾아→삼만리,티 ↗ 미 ↘ 찾아 → 삼만리,2020-06-24 19:59:31
242760,The Forest,positive,제일 무서운 생명채 = 박쥐,제일 무서운 생명 채 = 박쥐,2020-06-24 17:36:44
242760,The Forest,positive,r,r,2020-06-24 10:48:02
242760,The Forest,positive,하루종일 민둥산 만드는데 그래도 재미있네요.,하루 종일 민둥산 만드는데 그래도 재미있네요 .,2020-06-24 08:09:42
242760,The Forest,positive,이거The Forest 환불해주세요,이 거 The Forest 환불 해주세요,2020-06-24 00:24:45
242760,The Forest,positive,+,+,2020-06-23 13:21:01
242760,The Forest,positive,이게임은 너무 재미있다 생존게임,이 게임 은 너무 재미있다 생존 게임,2020-06-21 16:19:51
242760,The Forest,positive,처음할떄: 헐 저거 뭐야 도망가!! 약1시간 후:뭐야 이건 (칼 ㅡ 슥 ),처음 할떄 : 헐 저 거 뭐 야 도망가 !! 약 1시간 후 : 뭐 야 이건 ( 칼 ㅡ 슥 ),2020-06-20 19:37:50
242760,The Forest,positive,본격적인 식인종 먹방,본격 적 인 식인종 먹방,2020-06-20 06:01:28
242760,The Forest,positive,멀티하기 편함 게임성 좋음 스토리도 좋은편 하지만 게임 난이도는 좀 높은편으로 동굴속에서 아이템 하나 하나 찾는 상황에서 해맬수도 있음 그래도 그것도 재미중 하나라 추천할만한 게임,멀티 하기 편함 게임 성 좋음 스토리 도 좋은 편 하지만 게임 난이도 는 좀 높은 편 으로 동 굴속 에서 아이템 하나 하나 찾는 상황 에서 해 맬수도 있음 그래도 그것 도 재미 중 하나라 추천 할만 한 게임,2020-06-19 21:08:24
242760,The Forest,positive,겁 많아서 혼자 하면 좀 무서운데 친구랑 같이 하면 웃다가 폐찢어짐 개꿀잼개그겜 더포레2 존버중 ㅎㅎ 갓겜입니다 꼭하세요 가격도 저렴함,겁 많아서 혼자 하면 좀 무서운데 친구 랑 같이 하면 웃다가 폐 찢어짐 개꿀잼 개그 겜 더 포레 2 존버중 ㅎㅎ 갓 겜 입니다 꼭 하세요 가격 도 저렴함,2020-06-19 20:51:34
242760,The Forest,positive,걍 ㄱㄱ,걍 ㄱㄱ,2020-06-19 16:46:07
242760,The Forest,positive,재밌다 그런데 식인종이 무섭다,재밌다 그런데 식인종 이 무섭다,2020-06-19 16:45:05
242760,The Forest,positive,THE BEST GAME,THE BEST GAME,2020-06-19 15:26:11
242760,The Forest,positive,도대체 포레스트2는 언제 나오져??????,도대체 포레스트 2 는 언제 나오져 ??????,2020-06-19 00:23:13
242760,The Forest,positive,내가 이 섬의 주인이 된다.,내 가 이 섬 의 주인 이 된다 .,2020-06-18 13:37:17
242760,The Forest,positive,명작게임,명작 게임,2020-06-17 21:46:09
242760,The Forest,positive,엔딩다보면 할거없다는데 가끔식 생각나서하러옴,엔딩 다 보면 할거 없다는데 가끔 식 생각나서하러 옴,2020-06-17 01:00:38
242760,The Forest,positive,존나재밌음 씨발게임이거,존나 재밌음 씨발 게임 이 거,2020-06-16 23:54:42
242760,The Forest,positive,친구들이랑 하면 재밌음,친구 들 이랑 하면 재밌음,2020-06-16 19:53:39
242760,The Forest,positive,그냥 별말 필요없이 개꿀잼,그냥 별 말 필요없이 개꿀잼,2020-06-16 14:35:50
242760,The Forest,positive,세일하면 약 만얼마에 즐거운 힐링 즐기실 수 있습니다. 힐링 굿겜 친구들과 같이하세요.,세 일 하 면 약 만 얼마 에 즐거운 힐링 즐기실 수 있습니다 . 힐링 굿겜 친구 들 과 같이하세요 .,2020-06-16 01:42:09
242760,The Forest,positive,잼슴 스토리 진행 1프로인데 14시간이나함 ㅋㅋㅋㅋ친구랑하면 할만함 ~ 근데 식인쫑새기들 너무세서 짜증나서 접음 그리고 초반이 불친절해서 겜 진행방향 모름 ㅅㄱ,잼슴 스토리 진행 1 프로 인데 14시간 이나함 ㅋㅋㅋㅋ 친구 랑 하면 할만 함 ~ 근데 식인 쫑 새 기 들 너무 세서 짜증나서 접음 그리고 초반 이 불친절해서 겜 진행 방향 모름 ㅅㄱ,2020-06-15 02:08:39
242760,The Forest,positive,갓겜 요소가 많긴 하지만 재밌음 스토리를 하다 보면 욕이 나올떄가 있음 그때부터 엄청난 기분을 느낄 수 있음. 결론 : 재밌다 ㅋㅋ루삥뽕짬뽕구스밥버거 ㅋㅋ,갓 겜 요소 가 많긴 하지만 재밌음 스토리 를 하다 보면 욕 이 나올떄 가 있음 그때 부터 엄청난 기분 을 느낄 수 있음 . 결론 : 재밌다 ㅋㅋ 루삥뽕짬뽕구스 밥버거 ㅋㅋ,2020-06-14 22:51:41
242760,The Forest,positive,혼자하면 무서운게임이지만 친구들하고 같이하면 용기도 생기고 재밋고 협동심이 늘어나는 게임 강추합니다~~,혼자 하면 무서운 게임 이지만 친구 들 하고 같이 하면 용기 도 생기 고 재밋 고 협동 심 이 늘어나는 게임 강 추합니다 ~~,2020-06-14 22:49:54
242760,The Forest,positive,.,.,2020-06-14 21:23:55
242760,The Forest,positive,"""인육말곤 먹을게없어요.""",""" 인육 말곤 먹을게 없어요 .""",2020-06-14 18:24:20
242760,The Forest,positive,ㅗ,ㅗ,2020-06-14 13:41:18
242760,The Forest,positive,본격 콜럼버스 시뮬레이션 게임 본격 생태교란종의 토착종 학살 게임,본격 콜럼버스 시뮬레이션 게임 본격 생태 교란 종 의 토착종 학살 게임,2020-06-14 01:09:59
242760,The Forest,positive,막노동겜,막노동 겜,2020-06-13 22:25:12
242760,The Forest,positive,회사사람을 썰순 없으니 이런거라도 썰어야함,회사 사람 을 썰 순 없으니 이런 거 라도 썰어 야함,2020-06-13 15:06:06
242760,The Forest,positive,나체쇼,나체 쇼,2020-06-12 19:16:40
242760,The Forest,positive,（ ＾ω＾）,（ ＾ω＾）,2020-06-12 17:46:59
242760,The Forest,positive,내용:식인종 도끼로 후려치기,내용 : 식인종 도끼 로 후려치기,2020-06-11 19:10:15
242760,The Forest,positive,음식이 친절하고 섬주민이 맛있어요.,음식 이 친절하고 섬 주민 이 맛있어요 .,2020-06-10 16:02:54
242760,The Forest,positive,"혼자하기엔 너무 외롭고, 친구들이랑 하기엔 딱 좋은 게임.","혼자 하기엔 너무 외 롭고 , 친구 들 이랑 하기엔 딱 좋은 게임 .",2020-06-10 14:49:38
242760,The Forest,positive,친구랑 하면 댕꿀잼,친구 랑 하면 댕꿀잼,2020-06-10 13:50:47
242760,The Forest,positive,여긴 어디...난 누구.... 이러다가 식인종이 되가는 자신의 모습을 볼수있는 게임,여긴 어디 ... 난 누구 .... 이러다가 식인종 이 되가는 자신 의 모습 을 볼수있는 게임,2020-06-08 13:45:16
242760,The Forest,positive,뭔가 징그러운게 많은데 그래도 스릴넘쳐서 재밌어요,뭔가 징그러운게 많은데 그래도 스릴 넘쳐서 재밌어요,2020-06-08 11:20:02
242760,The Forest,positive,인육게임,인육 게임,2020-06-07 22:59:47
242760,The Forest,positive,It's a very good game to go on an adventure with friends.,It ' s a very good game to go on an adventure with friends .,2020-06-07 15:54:35
242760,The Forest,positive,지루할때 하면 재미 있음 ㅋㅋ 심시티 공포 이것저것 재미 있음,지루할 때 하면 재미 있음 ㅋㅋ 심시티 공포 이 것 저 것 재미 있음,2020-06-07 08:54:41
242760,The Forest,positive,이 집 원숭이 골 요리 잘하네,이 집 원숭이 골 요리 잘 하네,2020-06-07 01:41:02
242760,The Forest,positive,추천,추천,2020-06-06 23:44:50
242760,The Forest,positive,이거 하다보면 동굴에 대한 노이로제가 걸린다... 중요 무기들이 다 한치 앞도 안보이는 동굴에만있다.. 카타나를 얻어야 하는데... 들어가기 무섭다.. 아들아 그냥 너 거기서 살어라... 이 아비는 포기할련다...! 자는 또 낳으면 데스웅!!!,이 거 하다 보면 동굴 에 대한 노이로제 가 걸린다 ... 중요 무기 들 이 다 한치 앞 도 안 보이는 동굴 에만 있다 .. 카타나 를 얻어야 하는데 ... 들어가기 무섭다 .. 아들 아 그냥 너 거기 서 살어라 ... 이 아비 는 포기 할련 다 ...! 자는 또 낳으면 데스 웅 !!!,2020-06-06 12:06:30
242760,The Forest,positive,건축갓겜,건축 갓 겜,2020-06-05 23:21:33
242760,The Forest,positive,아들 미안해.. 파밍해서 집지어야해,아들 미안해 .. 파밍 해서 집지어야해,2020-06-05 09:02:24
242760,The Forest,positive,내가 식인종인지 쟤네가 식인종인지 헷갈림,내 가 식인종 인지 쟤 네 가 식인종 인지 헷갈림,2020-06-05 00:31:08
242760,The Forest,positive,식인종보다 더한세끼가 주인공이다.,식인종 보다 더한세 끼 가 주인공 이다 .,2020-06-04 22:52:04
242760,The Forest,positive,더포레스트? 더포레스트.,더 포레스트 ? 더 포레스트 .,2020-06-04 21:11:40
242760,The Forest,positive,존잼그자채 가끔식 또라이들도있지만 어쨋든존잼 이겜에특징 치트기가!!!!!!!!!!!!!!!!!!!!존잼 그냥 내인생겜임 빨리 까샘,존잼 그 자채 가끔 식 또 라이 들 도 있지만 어쨋든존잼 이 겜 에 특징 치트 기 가 !!!!!!!!!!!!!!!!!!!! 존잼 그냥 내 인생 겜임 빨리 까 샘,2020-06-04 19:09:25
242760,The Forest,positive,굳,굳,2020-06-04 17:24:35
242760,The Forest,positive,굿!,굿 !,2020-06-04 16:36:09
242760,The Forest,positive,카타나만 얻으면 더이상 무서울것이 없다,카타나 만 얻으면 더 이상 무서울것이 없다,2020-06-01 22:32:27
242760,The Forest,positive,멀티로하면 존나재밌음 ㅋㅋ,멀티 로 하면 존나 재밌음 ㅋㅋ,2020-06-01 20:53:14
242760,The Forest,positive,추천!!,추천 !!,2020-05-31 14:22:03
242760,The Forest,positive,갓게엠,갓게엠,2020-05-31 10:57:31
242760,The Forest,positive,애들 죽이는 맛이 아주 죽여줍니다,애 들 죽이는 맛 이 아주 죽여줍니다,2020-05-31 01:10:48
242760,The Forest,positive,Jhon na jae mit a yo,Jhon na jae mit a yo,2020-05-31 00:20:50
242760,The Forest,positive,"세일할때,,,사세요 저는 흑우입니다","세 일 할 때 ,,, 사세요 저 는 흑우 입니다",2020-05-31 00:14:51
242760,The Forest,positive,꿀잼,꿀잼,2020-05-30 20:28:23
242760,The Forest,positive,The forest,The forest,2020-05-30 19:28:14
242760,The Forest,positive,멀티로 하시면 식인종이 불쌍해지는 마아아아아술,멀티 로 하시면 식인종 이 불쌍해지는 마 아아 아아 술,2020-05-29 19:11:47
242760,The Forest,positive,d,d,2020-05-29 15:24:28
242760,The Forest,positive,친구 없으면 하지마 혼자 하면 무서워서 못하것음 둘이상하면 지루한 노동도 재밋게 할수있음,친구 없으면 하지마 혼자 하면 무서워서 못 하 것음 둘 이상하면 지루한 노동 도 재밋 게 할수있음,2020-05-29 01:35:25
242760,The Forest,positive,멀티플레이로 해서 엔딩 까지 본사람으로써 처음 식인종이 왔을땐 무서웠지만 나중엔 기뻐하는 모습을 보였습니다... 개인적으로 추노-바꿔 노래를 틀고 노비잡아라 하면서 식인종 사냥 하시는걸 추천합니다.,멀티플레이 로 해서 엔딩 까지 본 사람 으로써 처음 식인종 이 왔을 땐 무서웠지만 나중 엔 기뻐하는 모습 을 보였습니다 ... 개인 적 으로 추노 - 바꿔 노래 를 틀 고 노비 잡아라 하면서 식인종 사냥 하시는걸 추천 합니다 .,2020-05-28 11:33:36
242760,The Forest,positive,h,h,2020-05-27 17:54:00
242760,The Forest,positive,ㅅ1ㅅ,ㅅ 1 ㅅ,2020-05-27 14:36:36
242760,The Forest,positive,ㅁㄴㅇㅁㄴㅇㅁㄴㅇㄴㅇㅁㅇㄴ,ㅁㄴㅇㅁㄴㅇㅁㄴㅇㄴㅇㅁㅇㄴ,2020-05-27 00:43:47
242760,The Forest,positive,좋음,좋음,2020-05-26 20:18:48
242760,The Forest,positive,그냥 재미있음,그냥 재미있음,2020-05-26 18:45:07
242760,The Forest,positive,멀티하셈 멀티,멀티 하 셈 멀티,2020-05-26 18:30:28
242760,The Forest,positive,사람팔을 먹는다는것 언제가 최고양!:D,사람 팔 을 먹는다는것 언제 가 최고 양 !: D,2020-05-26 12:13:13
242760,The Forest,positive,지점토 전쟁,지 점토 전쟁,2020-05-26 01:14:03
242760,The Forest,positive,건축 갓겜,건축 갓 겜,2020-05-25 23:53:21
242760,The Forest,positive,원주민새끼들한테 죽는거보다 나무 쓰러지는거에 맞고 죽는게 더무서움,원주민 새끼 들 한테 죽는거보다 나무 쓰러지는거에 맞고 죽는게 더 무서움,2020-05-25 22:38:02
242760,The Forest,positive,식인종 무셔,식인종 무셔,2020-05-25 19:13:10
242760,The Forest,positive,재밌다,재밌다,2020-05-25 16:02:40
242760,The Forest,positive,20시간이면 모든 스토리 다 보고 모든 무기 다 얻고도 남음 (나 처럼 고인물 쌉가능),20시간 이면 모든 스토리 다 보고 모든 무기 다 얻고도 남음 ( 나 처럼 고 인물 쌉 가능 ),2020-05-25 09:39:57
242760,The Forest,positive,나무 노가다 게임..,나무 노가다 게임 ..,2020-05-24 21:02:30
242760,The Forest,positive,음 정말 12년만에 게임을 하루 4시간 넘게 해봤네요 너무 재밋어요 It is really good game for all adventure player and so many unexpected accidents happen in game world I'm recommendation for curious wonderous player and with players friends absolutely great game ever,음 정말 12년 만에 게임 을 하루 4시간 넘게 해봤네요 너무 재밋어 요 It is really good game for all adventure player and so many unexpected accidents happen in game world I ' m recommendation for curious wonderous player and with players friends absolutely great game ever,2020-05-23 23:25:44
242760,The Forest,positive,식량들이 제발로와서 너무 좋네요,식량 들 이 제발 로 와서 너무 좋네요,2020-05-23 23:16:08
242760,The Forest,positive,친구들과 재밌게 했음. 어느정도 하면 혼자서 투창 하나 들고 보스 깨기 가능,친구 들 과 재밌게 했음 . 어느 정도 하면 혼자 서 투창 하나 들고 보스 깨기 가능,2020-05-23 12:10:36
242760,The Forest,positive,잃어버린 템 찾아다니는 겜...bbb,잃어버린 템 찾아다니는 겜 ... bbb,2020-05-23 00:47:55
242760,The Forest,positive,집짓다가 집부서지는게임,집 짓다가 집 부서지는 게임,2020-05-22 13:49:03
242760,The Forest,positive,으악 너무너무 재밌다,으악 너무 너무 재밌다,2020-05-21 23:35:39
242760,The Forest,positive,시발 돌덩이 존나 거슬리네 곡괭이 좀 만들어라,시발 돌 덩이 존나 거슬리네 곡괭이 좀 만들어라,2020-05-21 21:28:05
242760,The Forest,positive,그래픽이 매우 좋음 친구와 할만함 (대신 무서움..)히끅..ㅋㅋ 인체 조각들이 너무 잘 되어있어서 오래하면 토할것가틈..,그래픽 이 매우 좋음 친구 와 할만 함 ( 대신 무서움 ..) 히끅 .. ㅋㅋ 인체 조각 들 이 너무 잘 되어있어서 오래 하면 토 할것가 틈 ..,2020-05-21 18:41:16
242760,The Forest,positive,4명이서 하니까 재밌네요,4 명 이서 하니까 재밌네요,2020-05-21 11:59:42
242760,The Forest,positive,장점 힐링게임 단점 그거말고 할게없음,장점 힐링 게임 단점 그거 말고 할게 없음,2020-05-20 18:52:22
242760,The Forest,positive,나무 캐는 게임,나무 캐는 게임,2020-05-19 18:39:35
242760,The Forest,positive,생존 갓겜 친구랑 하면 잼있음,생존 갓 겜 친구 랑 하면 잼있음,2020-05-19 10:52:56
242760,The Forest,positive,갓겜의 명성에는 이유가 있다.,갓 겜 의 명성 에는 이유 가 있다 .,2020-05-18 19:18:08
242760,The Forest,positive,평범하게 재밌어요. 식인하는 원주민 때려잡아(?) 건조대에 말려 먹고. 플레이어들과 집도 지어서 같이 광란의 인육파티도 합니다. 저는 다리만 뜯어요 팔은 개나줘버려! 아. 머리는 먹지마요 야만인 이상 추천겜이에요.,평범하게 재밌어요 . 식인 하는 원주민 때려 잡아 (?) 건조대 에 말려 먹고 . 플레이어 들 과 집도 지어서 같이 광란 의 인육 파티 도 합니다 . 저 는 다리 만 뜯어요 팔 은 개나줘 버려 ! 아 . 머리 는 먹지 마 요 야만인 이상 추천 겜 이에요 .,2020-05-18 17:41:35
242760,The Forest,positive,개꿀임,개꿀임,2020-05-18 13:24:59
242760,The Forest,positive,게임을 공략없이 느긋하게 즐긴다면 30시간 남짓하게 재밌게 즐길 수 있습니다. 멀티를 한다면 재미가 배가 되요. 이후 컨텐츠는 본인들이 어떻게 할지에 따라 갈리는 것 같습니다.,게임 을 공략 없이 느긋하게 즐긴다면 30시간 남짓하게 재밌게 즐길 수 있습니다 . 멀티 를 한다면 재미 가 배 가 되요 . 이후 컨텐츠 는 본인 들 이 어떻게 할지에 따라 갈리는 것 같습니다 .,2020-05-18 04:43:24
242760,The Forest,positive,친구랑 하는데 식인종을 한마리가 아니라 4개로 셈 ㅋㅋㅋㅋㅋ 팔 2개 다리 2개,친구 랑 하는데 식인종 을 한 마리 가 아니라 4 개 로 셈 ㅋㅋㅋㅋㅋ 팔 2 개 다리 2 개,2020-05-18 03:16:56
242760,The Forest,positive,아 다시 이 게임 하고 싶다 ㅅㅂ 괜히 환불 했다.,아 다시 이 게임 하고 싶다 ㅅㅂ 괜히 환불 했다 .,2020-05-17 21:04:55
242760,The Forest,positive,꿀잼,꿀잼,2020-05-17 19:52:53
242760,The Forest,positive,식인종은 매우 위험합니다 하지만 지금은 제 점심이죠,식인종 은 매우 위험합니다 하지만 지금 은 제 점심 이 죠,2020-05-16 20:52:32
242760,The Forest,positive,식인종 개착함 뒤져도 매달아 두기만하고 살점 하나 안 떼어먹음 난 식인종 가족 단위로 쳐먹고 다녔는데,식인종 개 착함 뒤져도 매달 아 두 기만 하고 살점 하나 안 떼어 먹음 난 식인종 가족 단위 로 쳐 먹고 다녔는데,2020-05-16 19:33:04
242760,The Forest,positive,처음에는 징그러웠는데 맛있게 식인종 고기 먹고 있음,처음 에는 징그러웠는데 맛있게 식인종 고기 먹고 있음,2020-05-16 04:46:53
242760,The Forest,positive,갓겜,갓 겜,2020-05-15 23:40:55
242760,The Forest,positive,1,1,2020-05-15 21:27:31
242760,The Forest,positive,찾아야 되는 아들은 안찾고 집 짓는 게임 암튼 잼씀,찾아야 되는 아들 은 안 찾고 집 짓는 게임 암튼 잼 씀,2020-05-14 19:43:12
242760,The Forest,positive,시간이 지나면 지날수록 그래픽좋은 마인크래프트같은 느낌,시간 이 지나면 지날수록 그래픽 좋은 마인크래프트 같은 느낌,2020-05-14 18:15:53
242760,The Forest,positive,자연인 체험하기에 딱좋은 게임,자연인 체험 하기에 딱좋은 게임,2020-05-14 15:07:10
242760,The Forest,positive,버그 ㅈ망겜 스토리 꿀잼 여자애 남자애 ㅈㄴ 귀여움,버그 ㅈ 망겜 스토리 꿀잼 여자애 남자 애 ㅈㄴ 귀 여 움,2020-05-13 22:43:58
242760,The Forest,positive,사도 후회는안함 단지 업데이트난 엔딩보면 할게없다는게 단점인거같음,사도 후회 는 안함 단지 업데이트 난 엔딩 보면 할게 없다는게 단점 인거 같음,2020-05-13 21:19:45
242760,The Forest,positive,이 게임이 재미있기는 하지만 만약 1인칭을 하면 속이 안 좋다 하시는 분 있으시면 이 게임 안 하는걸 추천합니다 제가 그 속 안좋은 1인 입니다...,이 게임 이 재미있기는 하지만 만약 1 인칭 을 하면 속이 안 좋다 하시는 분 있으시면 이 게임 안 하 는걸 추천 합니다 제 가 그 속 안좋은 1 인 입니다 ...,2020-05-13 20:42:13
242760,The Forest,positive,tpr tm,tpr tm,2020-05-13 14:13:52
242760,The Forest,positive,친구랑같이하면재밋어요 마지막보스가좀 너무쉬워서 그렇지 괜찮은 게임입니다,친구 랑 같이 하면 재밋 어 요 마지막 보스 가 좀 너무 쉬워서 그렇지 괜찮은 게임 입니다,2020-05-13 00:22:16
242760,The Forest,positive,처음엔 너가 너무 무서웠어 너의 목소리가 들릴때마다 난 주위를 살필 수 밖에 없었지 그런데 넌 이제 모닥불 속에 있네,처음 엔 너 가 너무 무서웠어 너 의 목소리 가 들릴 때 마다 난 주위 를 살필 수 밖에 없었지 그런데 넌 이제 모닥불 속 에 있네,2020-05-12 22:42:10
242760,The Forest,positive,★★★★★★☆☆☆☆ 6/10,★★★★★★☆☆☆☆ 6/10,2020-05-12 18:35:47
242760,The Forest,positive,쫄보랑하면 안돼는 게임,쫄보 랑 하면 안 돼는 게임,2020-05-12 17:58:59
242760,The Forest,positive,돌연변이좀 늘려주면 좋겠당,돌연변이 좀 늘려주면 좋겠당,2020-05-12 15:42:47
242760,The Forest,positive,난이도최고로하시는걸 추천드립니다 ..쫄깃합니다,난이도 최고 로 하시는걸 추천 드립니다 .. 쫄깃합니 다,2020-05-12 14:27:25
242760,The Forest,positive,버그가 많아서 더 재밌는 겜,버그 가 많아서 더 재밌는 겜,2020-05-12 13:45:21
242760,The Forest,positive,재미써여,재미 써여,2020-05-11 23:27:24
242760,The Forest,positive,굳,굳,2020-05-11 20:56:23
242760,The Forest,positive,이걸 민수랑 했더니 민수가 전기톱 살인마가 되어서 데바데로 끌려갔어요 저의 민수를 돌려주세요 ㅋㅋ 사실 그냥 주지마세요,이 걸 민수 랑 했더니 민수 가 전기톱 살인마 가 되어서 데바 데 로 끌려 갔어요 저 의 민수 를 돌려주세요 ㅋㅋ 사실 그냥 주지 마세요,2020-05-11 13:58:16
242760,The Forest,positive,그래서 후속작은 언제 발매해요?,그래서 후속작 은 언제 발매 해요 ?,2020-05-11 13:19:34
242760,The Forest,positive,작년에 구매해서 친구와 플레이 하다가 동굴이 너무 무서워서 결국 엔딩을 보지 못했었음....ㅋㅋㅋ 2회차때 다른 친구와 재도전 했는데 그래도 한번 해봤었다고 사흘만에 엔딩 봤네요! 근데 너무 스토리에 치중한 나머지 남들 다 한다는 집 짓고 방어체계 구축하고 그런건 못했네요 ㅋㅋㅋ 나뭇잎 텐트??만 주구장창 침ㅋㅋㅋ 식량도 걍 밤되면 몰려오는 식인종으로 대체하고.. 싱크홀 근처의 동굴 앞에 나무 위 집만 하나 지어놓고 저장만 하는 용도로 미친듯이 엔딩을 향한 질주... 중반 이후부터는 식인종 안나오면 찾아 다니게 되더라구요.... 뼈,작년 에 구매 해서 친구 와 플레이 하다가 동굴 이 너무 무서워서 결국 엔딩 을 보지 못 했었음 .... ㅋㅋㅋ 2회 차때 다른 친구 와 재도전 했는데 그래도 한번 해봤었다고 사흘 만에 엔딩 봤네요 ! 근데 너무 스토리 에 치중 한 나머지 남 들 다 한다는 집 짓고 방어 체계 구축 하고 그런건 못 했네요 ㅋㅋㅋ 나뭇잎 텐트 ?? 만 주 구 장창 침 ㅋㅋㅋ 식량 도 걍 밤 되면 몰려오는 식인종 으로 대체 하고 .. 싱크홀 근처 의 동굴 앞 에 나무 위 집 만 하나 지어놓고 저장 만 하는 용도 로 미친듯이 엔딩 을 향 한 질주 ... 중반 이후 부터는 식인종 안 나오면 찾아 다니게 되더라구요 .... 뼈,2020-05-11 03:46:01
242760,The Forest,positive,라조기,라 조기,2020-05-11 03:00:38
242760,The Forest,positive,원주민 집 근처에 본거지를 지었더니 이따금씩 원주민이 전투의 함성을 지르며 놀러온다,원주민 집 근처 에 본 거지 를 지었더니 이따금 씩 원주민 이 전투 의 함성 을 지르며 놀러 온다,2020-05-11 02:16:39
242760,The Forest,positive,조온나재밌음,조온나 재밌음,2020-05-10 17:54:52
242760,The Forest,positive,시작 : 꺄악 끝 : 꺼억,시작 : 꺄악 끝 : 꺼억,2020-05-10 04:03:27
242760,The Forest,positive,식인종 = 뼈 돌연변이 = 갑옷 동굴 = 물자 보급소 스타팅 자리만 잘잡으면 1시간 이내에 게임의 모든 위협요소들은 자원으로 바뀜,식인종 = 뼈 돌연변이 = 갑옷 동굴 = 물자 보급 소 스타 팅 자리 만 잘 잡으면 1시간 이내 에 게임 의 모든 위협 요소 들 은 자원 으로 바뀜,2020-05-09 23:07:13
242760,The Forest,positive,이제 누가 식인종이지?,이제 누가 식인종 이지 ?,2020-05-09 20:12:08
242760,The Forest,positive,진짜 노잼입니다. 오래해봤자 100시간일듯해요. 많은 동굴 탐험하고 집도 크게 지어보면서 나무만 2000개캐고 아이템얻고 돌연변이잡고 정착해서 유물써보고 교회짓고 미끄럼틀만들고 행글라이더타고 땟목에서 살아보고 하다보면 할게 없어요.,진짜 노잼 입니다 . 오래 해봤자 100시간 일듯해요 . 많은 동굴 탐험 하고 집도 크게 지어 보면서 나무 만 2000 개 캐고 아이템 얻고 돌연변이 잡고 정착 해서 유물 써 보고 교회 짓고 미끄럼틀 만들고 행글라이더 타고 땟목 에서 살 아 보고 하다 보면 할게 없어요 .,2020-05-09 19:24:07
242760,The Forest,positive,2시간 안에 깨고 환불하셈,2시간 안 에 깨고 환불 하 셈,2020-05-09 18:40:06
242760,The Forest,positive,전기톱은 이 게임에서 가장 완벽한 아이템입니다.,전기톱 은 이 게임 에서 가장 완벽한 아이템 입니다 .,2020-05-08 10:03:27
242760,The Forest,positive,정말 생존게임 중에 최고이다. 굿굿~,정말 생존 게임 중 에 최고 이다 . 굿굿 ~,2020-05-07 17:56:51
242760,The Forest,positive,유료 결재가 아깝지 않습니다. 370시간 플레이..,유료 결재 가 아깝지 않습니다 . 370시간 플레이 ..,2020-05-07 17:17:29
242760,The Forest,positive,방금 깼는데 더포는 진짜 전설이다....웅장이 가슴해진다,방금 깼는데 더포 는 진짜 전설 이다 .... 웅장 이 가슴 해진다,2020-05-07 16:33:57
242760,The Forest,positive,GOOD,GOOD,2020-05-06 23:11:16
242760,The Forest,positive,재밌어요 식인종들이 밤에 더 많이 왔으면 좋겠습니다. 집앞에 덫을 많이 설치 했거든요,재밌어요 식인종 들 이 밤 에 더 많이 왔으면 좋겠습니다 . 집앞 에 덫 을 많이 설치 했거든요,2020-05-06 14:03:13
242760,The Forest,positive,친구가 있다면 재미있는겜,친구 가 있다면 재미있는 겜,2020-05-06 08:37:26
242760,The Forest,positive,식인종이 오면 기뻐하는 내 모습을 확인할 수 있다,식인종 이 오면 기뻐하는 내 모습 을 확인 할 수 있다,2020-05-05 13:00:24
242760,The Forest,positive,"딱 친구들과 같이 하기에 좋은 게임이라 생각함. 컨텐츠는 많은 편인데 어떻게 활용하는가에 따라 다르다. 그렇기에 같이 할 사람이 많을수록 인게임의 컨텐츠 재미가 배가 되고, 은근히 장기적으로도 즐길 수 있는 게임.","딱 친구 들 과 같이 하기에 좋은 게임 이라 생각 함 . 컨텐츠 는 많은 편 인데 어떻게 활용 하는가에 따라 다르다 . 그렇기에 같이 할 사람 이 많을수록 인 게임 의 컨텐츠 재미 가 배 가 되고 , 은근 히 장기 적 으로도 즐길 수 있는 게임 .",2020-05-05 10:53:27
242760,The Forest,positive,생존게임의 느낌을 잘 살려준것 같습니다. 좀더 다양한 조합법과 확실한 타격감 등이 아쉽다.,생존 게임 의 느낌 을 잘 살려 준것 같습니다 . 좀더 다양한 조 합법 과 확실한 타 격감 등 이 아쉽다 .,2020-05-05 07:44:34
242760,The Forest,positive,벌목하는 재미가 쏠쏠하네요.,벌목 하는 재미 가 쏠쏠하네요 .,2020-05-05 00:07:03
242760,The Forest,positive,네이버에서 같이할사람찾으세요,네이버 에서 같이 할 사람 찾으세요,2020-05-04 22:21:58
242760,The Forest,positive,이건 무조건 친구랑 같이 해야 재밌는 게임,이건 무조건 친구 랑 같이 해야 재밌는 게임,2020-05-04 20:50:14
242760,The Forest,positive,자 이제 누가 식인종이지?,자 이제 누가 식인종 이지 ?,2020-05-04 16:07:53
242760,The Forest,positive,역대급 서바이벌 게임! 처음에는 식인종들 보이면 도망가기 바쁜데 점점 가면서 오히려 식인종들이 없으면 일부러 찾아다니며 미친듯이 학살 어딨니 식인종들아~ (제발 포레스트2 나왔으면),역대 급 서바이벌 게임 ! 처음 에는 식인종 들 보이 면 도망가기 바쁜데 점점 가면 서 오히려 식인종 들 이 없으면 일부러 찾아다니며 미친듯이 학살 어딨니 식인종 들 아 ~ ( 제발 포레스트 2 나왔으면 ),2020-05-04 07:09:14
242760,The Forest,positive,친구들과하기정말재미있네요,친구 들 과 하기 정말 재미있네요,2020-05-03 13:09:35
242760,The Forest,positive,킬링타임용으로 최고,킬링타임 용 으로 최고,2020-05-03 12:50:38
242760,The Forest,positive,그냥해보셈,그냥 해보셈,2020-05-03 12:49:19
242760,The Forest,positive,졸라좋아요,졸라 좋아요,2020-05-02 21:22:03
242760,The Forest,positive,멀티플레이어 개선 좀 해주세요... 제발...,멀티플레이어 개선 좀 해주세요 ... 제발 ...,2020-05-02 19:12:27
242760,The Forest,positive,멀티플레이 제발 개선좀,멀티플레이 제발 개선 좀,2020-05-02 19:09:01
242760,The Forest,positive,DFSFAFASD,DFSFAFASD,2020-05-02 17:51:15
242760,The Forest,positive,식인종 후드려 패는 게임,식인종 후드 려 패 는 게임,2020-05-01 22:05:17
242760,The Forest,positive,그래픽도좋고 게임성도좋은데 분위기가 ㅈㄴ좋네여ㅕ가볍게하기 좋은듯 합니다여,그래픽 도 좋고 게임 성 도 좋은데 분위기 가 ㅈㄴ 좋 네 여 ㅕ 가볍게 하기 좋은 듯 합니다여,2020-05-01 14:59:46
242760,The Forest,positive,좀비 징그렁,좀비 징 그렁,2020-04-30 22:58:56
242760,The Forest,positive,더 포랄스트,더 포랄스트,2020-04-30 21:47:24
242760,The Forest,positive,"""이 티미는 무료로 해줍니다""",""" 이 티 미는 무료 로 해줍니다 """,2020-04-30 13:12:33
242760,The Forest,positive,처음엔 식인종 보면 무서워서 소리지르다가 나중엔 식인종 오면 환호성을 지르는 게임,처음 엔 식인종 보면 무서워서 소리 지르다가 나중 엔 식인종 오면 환호성 을 지르는 게임,2020-04-30 13:06:03
242760,The Forest,positive,"this is fucking amazing! If you start this game, you should eat canival's meat!","this is fucking amazing ! If you start this game , you should eat canival ' s meat !",2020-04-30 11:58:46
242760,The Forest,positive,"자, 이제 누가 식인종이지? 말해봐라 머머리들아","자 , 이제 누가 식인종 이지 ? 말 해봐라 머 머리 들 아",2020-04-29 22:14:30
242760,The Forest,positive,친구들이랑 하면 식인종보다 친구끼리 더싸움.,친구 들 이랑 하면 식인종 보다 친구 끼리 더 싸움 .,2020-04-28 16:28:16
242760,The Forest,positive,"관공, 어찌하여 몸은 놔두고 머리만 오셨소?","관공 , 어찌하여 몸 은 놔두고 머리 만 오셨소 ?",2020-04-27 22:08:03
242760,The Forest,positive,팔 네개 달린 젤리 인간을 카타나로 죽이고 인육을 뜯으면서 아들을 구하러 가는 게임,팔 네 개 달린 젤리 인간 을 카타나 로 죽 이고 인육 을 뜯으면서 아들 을 구 하러 가는 게임,2020-04-27 18:42:52
242760,The Forest,positive,어느샌가 아들은 잊혀지고 살육파티를 즐기고 있는 나,어느샌가 아들 은 잊혀지고 살육 파티 를 즐기고 있는 나,2020-04-27 17:37:03
242760,The Forest,positive,이 게임을 욕하는 사람: 정상 이 게임을 극찬하는 사람: 정상 이 게임을 하는 사람: 비정상,이 게임 을 욕 하는 사람 : 정상 이 게임 을 극찬 하는 사람 : 정상 이 게임 을 하는 사람 : 비정상,2020-04-27 01:09:15
242760,The Forest,positive,그래도 친구들이랑 재밌게 한듯 ㅋ 좀잔인해요 힐링 생존겜 찾는분은 비추,그래도 친구 들 이랑 재밌게 한 듯 ㅋ 좀 잔인해요 힐링 생존 겜 찾는 분 은 비추,2020-04-26 19:52:58
242760,The Forest,positive,티미죽었음.ㅅㄱ 근데 엔딩2개임,티 미 죽었음 . ㅅㄱ 근데 엔딩 2 개임,2020-04-25 19:22:39
242760,The Forest,positive,너무 비쌈 ㅠㅠ,너무 비쌈 ㅠㅠ,2020-04-25 12:32:48
242760,The Forest,positive,식인종 잡아먹는 게임,식인종 잡아먹는 게임,2020-04-25 01:06:17
242760,The Forest,positive,"""식인종 이제는 제 점심일 뿐입니다 식인종들은 나무를 타고 뛰어 다녀 단백질이 풍부합니다.""",""" 식인종 이제 는 제 점심 일 뿐입니다 식인종 들 은 나무 를 타고 뛰어 다녀 단백질 이 풍부합니다 .""",2020-04-25 00:53:00
242760,The Forest,positive,스토리가 은근 단순하고 플레이시간은 살짝 아쉽게 적당해요,스토리 가 은근 단순하고 플레이 시간 은 살짝 아쉽게 적당해요,2020-04-24 14:54:21
242760,The Forest,positive,아주좋음 이게임 심의 받음??좋아하는 게임이라서...,아주 좋음 이 게임 심의 받음 ?? 좋아하는 게임 이라서 ...,2020-04-24 14:03:14
242760,The Forest,positive,"섬이라는 이름의 맞게 섬속에서 일어나는 일을 바탕으로 만든 게임 식인종과 풍부한 사운드로 인해 공포감을 조성하여 조금의 공포를 느낄 수 있지만 조금만 지나면 식인종이 음식으로 보이는 신~기한 게임, 특수한 아이템은 제작이 아닌 파밍형식으로 구해야하는데 처음하는 사람들은 동굴같은 곳에 잘 들어가지 않고 동굴에서도 바로 찾을 수 있는 것이 아니라서 아이템을 구하는 재미가 있다. --스포주의-- -- -- -- -- 참신한 스토리와 자신의 선택으로 엔딩이 갈릴 수 있으며, 모든것을 포기한 엔딩을 선택하면 엔딩을 본 후에도 섬에서","섬 이라는 이름 의 맞게 섬속 에서 일어나는 일 을 바탕 으로 만든 게임 식인종 과 풍부한 사운드 로 인해 공포 감 을 조성하 여 조금 의 공포 를 느낄 수 있지만 조금 만 지나면 식인종 이 음식 으로 보이는 신 ~ 기한 게임 , 특수한 아이템 은 제작 이 아닌 파밍 형식 으로 구 해야하는데 처음 하는 사람 들 은 동굴 같은 곳 에 잘 들어가지 않고 동굴 에서도 바로 찾을 수 있는 것 이 아니라서 아이템 을 구 하는 재미 가 있다 . -- 스포 주의 -- -- -- -- -- 참신한 스토리 와 자신 의 선택 으로 엔딩 이 갈릴 수 있으며 , 모든 것 을 포기 한 엔딩 을 선택 하면 엔딩 을 본 후 에도 섬 에서",2020-04-24 03:08:08
242760,The Forest,positive,친구랑 엔딩볼려고하면 재밌음 하지만 옆에서 친구가 트롤짓하면 줮가틈,친구 랑 엔딩 볼려고 하면 재밌음 하지만 옆 에서 친구 가 트롤 짓 하면 줮가틈,2020-04-23 21:43:36
242760,The Forest,positive,한진 기준아 이거 사라 같이하자 시발롬들아,한진 기준 아 이 거 사라 같이 하자 시발 롬 들 아,2020-04-23 19:33:34
242760,The Forest,positive,처음에는 식인종을한테 도망치지만 날이 지날수록 식인종을 찾게 됨,처음 에는 식인종 을 한테 도망치지만 날 이 지날수록 식인종 을 찾게 됨,2020-04-23 16:26:45
242760,The Forest,positive,"처음사고 혼자했을땐 정말로 무서운 게임이었으나 친구에게 선물해서 같이하게 되니 식인종을 학살하게 되었다... 기본적으로 나무를 배고 집을 짓고 동굴을 탐험하며 아들을 찾는 스토린데 이미 후속작도 나올 예정이니 이참에 사서 해보는것도 나쁘지 않을것이다. 솔직히 활만 있으면 돌연변이고 매간이고 안맞고 잡을수 있기 때문에 원거리 식인종, 돌연변이가 있다던가 돌연변이가 굉장히 세서 한두대 맞으면 죽을정도로 버프가 시급하다.","처음 사고 혼자 했을 땐 정말로 무서운 게임 이었으나 친구 에게 선물 해서 같이 하게 되니 식인종 을 학살 하게 되었다 ... 기본 적 으로 나무 를 배고 집 을 짓고 동굴 을 탐험 하며 아들 을 찾는 스토 린데 이미 후속작 도 나올 예정 이니 이참 에 사서 해보는것도 나쁘지 않을것이다 . 솔직히 활 만 있으면 돌연변이 고 매 간이 고 안 맞고 잡을수 있기 때문 에 원거리 식인종 , 돌연변이 가 있다던가 돌연변이 가 굉장히 세서 한두 대 맞으면 죽 을 정도 로 버프 가 시급하다 .",2020-04-23 08:47:26
242760,The Forest,positive,"코로나 안걸린 꺠끗한 재료가 저희 집 앞까지 직송으로 오는걸 보니 정말로 좋더라고요. 신선도도 매우 높더라고요, 완전 살아있는거 마냥 저 때리더라고요ㅎㅎ 이거 요리법도 무긍무진 한데, 일단 구워 먹을수 있고요, 말려서 먹는거도 가능하고 탕으로 끓여먹을수도 있답니다ㅎㅎ 머리 쳐 내고 손질해서 팔 다리만 때 내서 요리하시면 돼여ㅎㅎ 몸통은 살코기 별로 없어서 불에 태우시면 되시고 머리도 마찬가지로 먹을거 별로 없어서 태우시면 됩니다. 배송비 무료인 점에서 한번 감탄하고 신선도에 두번 놀라네요. 평점 10점 만점에 10주고 갑니다. (1","코로나 안 걸린 꺠끗 한 재료 가 저희 집 앞 까지 직송 으로 오 는걸 보니 정말로 좋더라고요 . 신선도 도 매우 높더라고요 , 완전 살아있는거 마냥 저 때리더라고요 ㅎㅎ 이 거 요리법 도 무긍 무진 한데 , 일단 구워 먹을수 있고요 , 말려서 먹는거도 가능하고 탕 으로 끓여 먹을수도 있답니다 ㅎㅎ 머리 쳐 내고 손질 해서 팔 다리 만 때 내서 요리 하시면 돼여 ㅎㅎ 몸통 은 살코기 별로 없어서 불 에 태우시면 되시고 머리 도 마찬가지 로 먹을거 별로 없어서 태우시면 됩니다 . 배송비 무료 인 점 에서 한번 감탄 하고 신선도 에 두 번 놀라네요 . 평점 10 점 만점 에 10 주고 갑니다 . ( 1",2020-04-22 21:14:34
242760,The Forest,positive,생존게임의 꽃인 게임. 흥미로운 게임성과 간간히 등장해주는 적(먹잇감)들. 혼자하면 좀 공포게임인 감이 없지않아 있지만...고인물이나 친구들과 함께라면 무서운 것이 없다.(사실 우리가 더 무서운 존재일수도..),생존 게임 의 꽃 인 게임 . 흥미로운 게임 성과 간간히 등장 해주는 적 ( 먹잇감 ) 들 . 혼자 하면 좀 공포 게임 인 감 이 없지 않아 있지만 ... 고 인물 이나 친구 들 과 함께라면 무서운 것 이 없다 .( 사실 우리 가 더 무서운 존재 일 수도 ..),2020-04-21 22:18:25
242760,The Forest,positive,good,good,2020-04-21 18:51:35
242760,The Forest,positive,건축만 엄청 해대는 친구놈이랑 같이 하는데 임마가 섬을 도시화 시키려 해요 살려줘요,건축 만 엄청 해대 는 친구 놈 이랑 같이 하는데 임마 가 섬 을 도시화 시키려 해 요 살려줘요,2020-04-21 17:38:18
242760,The Forest,positive,거부기 등딱지 타는맛에 한다:),거부기 등 딱지 타는 맛 에 한다 :),2020-04-21 10:41:01
242760,The Forest,positive,"[h1] 위기의식을 강조하되, 패배의식을 심어서는 안 된다. -前 닌텐도 사장, 이와타 사토루- [/h1] [u] ""작성자는 현재 식인종의 집단린치에 매우 심각하게 빡쳐있음을 미리 알립니다."" 작성일:2020.04.21 작성일 기준 플레이타임: 19시간 [/u] 최고의 그래픽, 물리 효과에 세밀한 디테일까지 감탄을 자아낸다. 특히 가만히 있을때 가끔 새가 날아와서 손에 앉는데, 얼굴에 절로 미소가 번졌다. 넓은 맵임에도 불구하고 최적화가 상당히 잘 되어있어 프레임드랍을 보기 힘들고 아름다운 그래픽 덕분에 (식인종이 없을땐) 편","[ h 1 ] 위기 의식 을 강조 하 되 , 패배 의식 을 심어서는 안 된다 . - 前 닌텐도 사장 , 이 와 타 사토 루 - [/ h 1 ] [ u ] "" 작성자 는 현재 식인종 의 집단 린치 에 매우 심각하게 빡쳐있 음 을 미리 알립니다 ."" 작성 일 : 2020.04 . 21 작성 일 기준 플레이 타임 : 19시간 [/ u ] 최고 의 그래픽 , 물리 효과 에 세밀 한 디테일 까지 감탄 을 자아낸다 . 특히 가만히 있을 때 가끔 새 가 날아와서 손 에 앉는데 , 얼굴 에 절로 미소 가 번 졌다 . 넓은 맵임 에도 불구 하고 최적화 가 상당히 잘 되어있어 프레임 드랍 을 보기 힘들고 아름다운 그래픽 덕분 에 ( 식인종 이 없을 땐 ) 편",2020-04-21 02:50:05
242760,The Forest,positive,재밌음 친구랑 같이하면 인류애 상실,재밌음 친구 랑 같이 하면 인류 애 상실,2020-04-20 22:51:39
242760,The Forest,positive,너무힘들어,너무 힘들어,2020-04-20 15:17:30
242760,The Forest,positive,혼자하면 무섭지만 여럿이 하면 무서움보다 재미있음을 확실하게 느낄 수 있는 게임. 처음 시작할 때 식인종 하나만 있어도 벌벌 떨었는데 식인종을 부르는 명칭이 식인종에서 고기로 고기에서 토템 재료로 바뀌게 되었음. 티미 구하는건 뭐..... 다들 티미가 어떻게 되었는지 알거니까 생략하고. 세일하면 무조건 사세요. 무조건입니다. 하는 친구가 있다면 더더욱.,혼자 하면 무섭지만 여럿 이 하면 무서움 보다 재미있 음 을 확실하게 느낄 수 있는 게임 . 처음 시작 할 때 식인종 하나 만 있어도 벌벌 떨었는데 식인종 을 부르는 명칭 이 식인종 에서 고기 로 고기 에서 토템 재료 로 바뀌게 되었음 . 티 미 구 하는건 뭐 ..... 다 들 티 미가 어떻게 되었는지 알거니까 생략 하고 . 세 일 하 면 무조건 사세요 . 무조건 입니다 . 하는 친구 가 있다면 더 더욱 .,2020-04-19 22:52:36
242760,The Forest,positive,모든 도전과제를 달성하였다!!! achieved all the challenges!!!,모든 도전 과제 를 달성 하였다 !!! achieved all the challenges !!!,2020-04-19 18:20:20
242760,The Forest,positive,애들이랑 같이하면 존잼 근데 너무 짧다 할수있는게,애 들 이랑 같이 하면 존잼 근데 너무 짧다 할수있는게,2020-04-19 16:06:02
242760,The Forest,positive,마인크래프트 보다 재미있는게임,마인크래프트 보다 재미있는 게임,2020-04-18 00:26:56
242760,The Forest,positive,그냥 말이 필요없어요 허허허 존내 개꿀잼입니다,그냥 말 이 필요없어요 허허 허 존내 개꿀잼 입니다,2020-04-17 22:00:37
242760,The Forest,positive,식인종 고기 레알 개꿀 맛 이누,식인종 고기 레알 개꿀 맛 이 누,2020-04-16 23:43:47
242760,The Forest,positive,재밌음,재밌음,2020-04-16 20:44:03
242760,The Forest,positive,좋아요,좋아요,2020-04-16 18:01:28
242760,The Forest,positive,ㄹㅇ 안하면 호구임 개꿀잼 ㄹㅇ개꿀잼 무조건하셈 ㄹㅇㄹㅇ 무조건하셈 ㄹㅇㄹㅇㄹㅇㅇㄹㅇ,ㄹㅇ 안 하면 호구 임 개꿀잼 ㄹㅇ 개꿀잼 무조건 하 셈 ㄹㅇㄹㅇ 무조건 하 셈 ㄹㅇㄹㅇㄹㅇㅇㄹㅇ,2020-04-16 16:37:23
242760,The Forest,positive,"포레스트는 정말 재밌게 했던 게임중 하나입니다. 다만 아쉬운것은 건축적인 요소가 좀 더 다양했더라면,, 꾸준히 하는 사람도 많았을텐데.. 생물 종류라던지 건축요소를 좀 더 다양하게 늘리면 더 오래 할 수 있을것 같네용 SOS 엔딩도 생기면 좋겠네요 ㅎㅎ","포레스트 는 정말 재밌게 했던 게임 중 하나 입니다 . 다만 아쉬운것은 건축 적 인 요소 가 좀 더 다양했더라면 ,, 꾸준히 하는 사람 도 많았을텐데 .. 생물 종류 라 던지 건축 요소 를 좀 더 다양하게 늘리면 더 오래 할 수 있을것 같네용 SOS 엔딩 도 생기 면 좋겠네요 ㅎㅎ",2020-04-15 18:40:51
242760,The Forest,positive,"2010년 초부터 서바이벌 FPS 게임 + 얼리엑세스 유행을 이끈 게임 이런 유행은 매우 나빴지만, The forest 는 그 난립하는 떵들과는 비교가 안되는 수작이다. 결국 2018년 릴리즈 되고, 2020년 기준 끝까지 살아남았다. 게임 자체는 매우 괜찮다. 물론 다른 7 days to die 같이 그래픽 빼곤 상위호환 게임이 있기는 하지만, 진입장벽이나 멀티플레이 측면에선 훨씬 나은것 같다 (7 days to die 는 너무 진입장벽이 높다. 맵도 너무 넓고). 단점이라면 멀티 이외에 좀 파고드는 요소가 없다. 물론 이게","2010년 초 부터 서바이벌 FPS 게임 + 얼리 엑세스 유행 을 이끈 게임 이런 유행 은 매우 나빴지만 , The forest 는 그 난립 하는 떵들 과는 비교 가 안되는 수작 이다 . 결국 2018년 릴리 즈 되고 , 2020년 기준 끝 까지 살아남았다 . 게임 자체 는 매우 괜찮다 . 물론 다른 7 days to die 같이 그래픽 빼곤 상위호환 게임 이 있기는 하지만 , 진입 장벽 이나 멀티플레이 측면 에선 훨씬 나은것 같다 ( 7 days to die 는 너무 진입 장벽 이 높다 . 맵 도 너무 넓고 ). 단점 이 라면 멀티 이외 에 좀 파고드는 요소 가 없다 . 물론 이 게",2020-04-15 04:47:48
242760,The Forest,positive,재밌음 무엇보다 2가 나왔으면 좋겠음,재밌음 무엇 보다 2 가 나왔으면 좋겠음,2020-04-15 02:04:59
242760,The Forest,positive,결국 우리는 굴레에서 벗어나지 못하는 것이다,결국 우리 는 굴레 에서 벗어나지 못 하는 것 이다,2020-04-14 15:49:59
242760,The Forest,positive,"분명 레드맨에게 납치당한 아들을 구하기 위해 외딴 섬에서 고군분투하는 게임인데, 1번으로 카타나 동굴가서 빠른 스피드로 식인종, 돌연변이 따돌리고 카타나만 손에 들어오면 무쌍을 찍는다. 불화살도 좋고 나중에 노가다로 얻을 수 있는 화승총도 좋지만, 역시 카타나를 따라올 만한게 없는듯... 이제는 식인종보다 식인종같은 아버지가 아들을 찾아나선다.","분명 레드맨 에게 납치 당 한 아들 을 구 하기 위해 외딴 섬 에서 고 군 분 투하 는 게임 인데 , 1 번 으로 카타나 동굴 가서 빠른 스피드 로 식인종 , 돌연변이 따돌리고 카타나 만 손 에 들어오면 무쌍 을 찍는다 . 불 화살 도 좋고 나중 에 노가다 로 얻을 수 있는 화승총 도 좋지만 , 역시 카타나 를 따라올 만 한 게 없는듯 ... 이제 는 식인종 보다 식인종 같은 아버지 가 아들 을 찾아 나선다 .",2020-04-14 13:22:03
242760,The Forest,positive,"아아 재밌어 처음에는 쫓겨 다니던 내가 생존마가 되고나선 식인종을 찾아다니고 너무나 자연스럽게도 그들을 미친듯이 학살하는 나를 볼 수 있었다 . 나의 새로운 식 , 인 . 본 .능 을 일깨워주는 게임 그거시 더 포 레 스 트","아아 재밌어 처음 에는 쫓겨 다니던 내 가 생존 마가 되고 나선 식인종 을 찾아다니고 너무나 자연스럽게도 그 들 을 미친듯이 학살 하는 나를 볼 수 있었다 . 나 의 새로운 식 , 인 . 본 . 능 을 일 깨워주는 게임 그거 시 더 포 레 스 트",2020-04-14 10:16:23
242760,The Forest,positive,나쁘지 않음,나쁘지 않음,2020-04-14 08:46:45
242760,The Forest,positive,재밌긴 하지만 식인종이랑 돌연변이들이 너무 무서워요,재밌긴 하지만 식인종 이랑 돌연변이 들 이 너무 무서워요,2020-04-14 00:13:17
242760,The Forest,positive,재밌지만 컨텐츠가 아쉽다,재밌지만 컨텐츠 가 아쉽다,2020-04-13 23:16:30
242760,The Forest,positive,재밌어 가둬놓고 구경할때가 최고야 너무 조아..,재밌어 가둬놓고 구경 할 때 가 최고 야 너무 조아 ..,2020-04-13 17:40:16
242760,The Forest,positive,!?,!?,2020-04-13 10:45:00
242760,The Forest,positive,간단하고 재밌게 친구들이랑 즐길만한 생존게임,간단하고 재밌게 친구 들 이랑 즐길만 한 생존 게임,2020-04-12 21:07:30
242760,The Forest,positive,파밍 꿀잼겜,파밍 꿀잼겜,2020-04-12 15:11:03
242760,The Forest,positive,띵짝 오브 띵작,띵짝 오브 띵작,2020-04-11 22:02:35
242760,The Forest,positive,재밌다 근데 혼자하면 재미없을거같다,재밌다 근데 혼자 하면 재미없을거 같다,2020-04-11 12:16:25
242760,The Forest,positive,혼자 해도 재밌지만 친구랑 하면 꿀잼. 처음엔 식인종이 무서울지 몰라도 하다보면 식량으로밖에 안 보여요. 2회차까지 하고 이제 3회차 도전합니당.,혼자 해도 재밌지만 친구 랑 하면 꿀잼 . 처음 엔 식인종 이 무서울지 몰라도 하다 보면 식량 으로 밖에 안 보여요 . 2회 차까지 하고 이제 3회 차 도전 합니당 .,2020-04-11 02:10:38
242760,The Forest,positive,아주 재밌어요! 하지만 약간 집을 꾸밀만한 물건들도 추가됬으면 좋겠어요!,아주 재밌어요 ! 하지만 약간 집 을 꾸밀만 한 물건 들 도 추가 됬으면 좋겠어요 !,2020-04-11 00:06:14
242760,The Forest,positive,h,h,2020-04-10 22:47:03
242760,The Forest,positive,wk,wk,2020-04-10 12:54:20
242760,The Forest,positive,"""자, 이제 누가 식인종이지?""",""" 자 , 이제 누가 식인종 이지 ?""",2020-04-10 00:35:06
242760,The Forest,positive,갓겜,갓 겜,2020-04-09 19:11:18
242760,The Forest,positive,인육존맛,인육 존맛,2020-04-09 11:18:54
242760,The Forest,positive,여기서 똇목만들고 바다가면 ㄹㅇ 레프트임,여기 서 똇목만들 고 바다 가면 ㄹㅇ 레프트 임,2020-04-08 22:04:20
242760,The Forest,positive,ㅗㅜㅑ 여자가 알몸으로 나한테 달려오는데? ㅗㅜㅑ 개 갓겜,ㅗㅜㅑ 여자 가 알몸 으로 나 한테 달려오는데 ? ㅗㅜㅑ 개 갓 겜,2020-04-08 02:31:18
242760,The Forest,positive,"이게임을 한마디로 정의한다면.. "" 아 야발 내집.. "" 혹은 "" 상냥한 이웃 ""","이 게임 을 한마디 로 정의 한다면 .. "" 아 야 발 내 집 .. "" 혹은 "" 상냥한 이웃 """,2020-04-07 22:16:35
242760,The Forest,positive,"쥰나게 무섭고, 친구가 같이 하자하면 추천 근데 그 친구 플레이시간이 10시간 이하면 비추 난이도가 높지만 대체로 괞찮음 ^^","쥰나 게 무섭고 , 친구 가 같이 하자 하면 추천 근데 그 친구 플레이 시간 이 10시간 이하 면 비추 난이도 가 높지만 대체로 괞찮음 ^^",2020-04-07 21:38:17
242760,The Forest,positive,거의 뭐 동물의숲 식인종이랑 같이 뛰어다니면 재밋어요,거의 뭐 동물의숲 식인종 이랑 같이 뛰어다니면 재밋어 요,2020-04-06 23:02:11
242760,The Forest,positive,친구랑 같이하면 안무섭고 재밌음. 잔인한거 내성없는 사람한텐 비추천함,친구 랑 같이 하면 안 무섭고 재밌음 . 잔인한거 내 성 없는 사람 한텐 비추 천함,2020-04-06 20:11:17
242760,The Forest,positive,식인종(구워짐),식인종 ( 구워 짐 ),2020-04-06 18:13:18
242760,The Forest,positive,너무너무 잼는게임 돈에비해 컨텐츠는작지만 명작크리,너무 너무 잼는 게임 돈 에 비해 컨텐츠 는 작 지만 명작 크리,2020-04-06 02:18:32
242760,The Forest,positive,일단 혼자 하는 것보단 같이 해야 훨씬 더 재미있는 게임이어서 같이할 사람이 있는 경우에 구입하시는 걸 추천드려요. 사람이 많을수록 게임이 더 재미있어지고 어렵지 않게 플레이할 수 있어요. 왜냐하면 나중에 할 일도 많아지고 식인종도 점점 많아지기 때문에.. 게임 난이도가 어려운 건 아니지만 알아야 할게 많아서 이 게임을 많이 해 본 친구나 게임 잘 알 친구랑 해야 재미있게 하실 수 있을 거예요. 그렇지 않으면 어설픈 노동만 하고 때려치울 수도 있는 게임.. 처음 시작할 때보다 뒤로 갈수록 재미있는 게임이어서 엔딩까지 보시는 걸 추천,일단 혼자 하는 것 보단 같이 해야 훨씬 더 재미있는 게임 이어서 같이 할 사람 이 있는 경우 에 구입 하시는 걸 추천 드려요 . 사람 이 많을수록 게임 이 더 재미있어지고 어렵지 않게 플레이 할 수 있어요 . 왜냐하면 나중 에 할 일도 많아지고 식인종 도 점점 많아지기 때문 에 .. 게임 난이도 가 어려운 건 아니지만 알아야 할게 많아서 이 게임 을 많이 해 본 친구 나 게임 잘 알 친구 랑 해야 재미있게 하실 수 있을 거 예요 . 그렇지 않으면 어설픈 노동 만 하고 때려치울 수도 있는 게임 .. 처음 시작 할 때 보다 뒤 로 갈수록 재미있는 게임 이어서 엔딩 까지 보시 는 걸 추천,2020-04-06 02:02:26
242760,The Forest,positive,현실판 고어게임 집도 짓고 무기도 찾고 모으고 업그레이드 하고 식냥도 구하고 재밌어요. 지미가 누구인가요? 나살기 바쁜데?,현실 판 고어 게임 집도 짓고 무기 도 찾고 모으고 업그레이드 하고 식 냥 도 구 하고 재밌어요 . 지미 가 누구 인가요 ? 나 살기 바쁜데 ?,2020-04-05 20:14:54
242760,The Forest,positive,망겜,망겜,2020-04-04 15:21:14
242760,The Forest,positive,재미있음,재미있음,2020-04-03 14:17:01
242760,The Forest,positive,돈이 아깝지 않은 게임이에요 ~,돈 이 아깝지 않은 게임 이에요 ~,2020-04-02 15:53:16
242760,The Forest,positive,혼자할떄 ㅈㄴ무섭다 친구 없으면 하지마라,혼자 할떄 ㅈㄴ 무섭다 친구 없으면 하지마라,2020-04-02 04:46:04
242760,The Forest,positive,조금 밖에 안했는데 컨텐츠가 부족하네요.,조금 밖에 안 했는데 컨텐츠 가 부족하네요 .,2020-04-01 01:20:08
242760,The Forest,positive,개꿀잼,개꿀잼,2020-03-31 23:47:56
242760,The Forest,positive,이건 꼭 친구들이랑 마이크 써서 이야기하면서 같이 해야 개꿀잼이다. 혼자 했으면 나는 무서워서 못함ㅠㅠ 친구랑 같이해야 무서운 식인종도 빙다리핫바지로 보이기 시작한다 퇴근하고 밤 12시 될 때 까지 매일같이 함 겜 할 생각에 설레서 얼른 집에옴. 한참 하다보면 진짜로 동굴탐험 하는거 같아서 나중에는 숨막혀서 뛰쳐나온적도 있음. 근데 난 엔딩 빨리 보고 싶어서 마지막에 치트키 써서 했는데도 무서웠다ㅋㅋㅋㅋㅋㅋ 쥬륵.... 결말 또한 만족스럽다 아주 웰메이드 게임임,이건 꼭 친구 들 이랑 마이크 써서 이야기 하면서 같이 해야 개꿀잼 이다 . 혼자 했으면 나 는 무서워서 못 함 ㅠㅠ 친구 랑 같이 해야 무서운 식인종 도 빙 다리 핫바 지로 보이기 시작 한 다 퇴근 하고 밤 12시 될 때 까지 매일 같이 함 겜 할 생각 에 설레서 얼른 집 에 옴 . 한참 하다 보면 진짜 로 동굴탐험 하는거 같아서 나중 에는 숨막혀서 뛰 쳐 나온 적도 있음 . 근데 난 엔딩 빨리 보고 싶어서 마지막 에 치트키 써서 했는데도 무서웠다 ㅋㅋㅋㅋㅋㅋ 쥬륵 .... 결말 또한 만족스럽다 아주 웰 메이드 게임 임,2020-03-31 22:31:15
242760,The Forest,positive,식인종 먹어서 내가 식인종이 되는겜,식인종 먹어서 내 가 식인종 이 되는 겜,2020-03-30 22:40:26
242760,The Forest,positive,식인종 개꿀맛,식인종 개꿀맛,2020-03-30 09:57:30
242760,The Forest,positive,뭐야 내 아들 돌려줘요,뭐 야 내 아들 돌려줘요,2020-03-30 03:30:21
242760,The Forest,positive,you should really try this game,you should really try this game,2020-03-30 00:42:26
242760,The Forest,positive,2언제 나오냐,2 언제 나오냐,2020-03-29 21:07:08
242760,The Forest,positive,홀리쉣,홀리 쉣,2020-03-29 09:40:08
242760,The Forest,positive,모다피들고 공개서버좀 오지마세요 제발..,모다피 들 고 공개 서버 좀 오지 마세요 제발 ..,2020-03-29 04:27:06
242760,The Forest,positive,good,good,2020-03-28 21:43:12
242760,The Forest,positive,엔딩까지 본 결과 1. 혼자서는 플레이하기 힘들다. (but 친구랑 같이 하면 재미는 배가 됨.) 2. 집짓는데만 절반의 시간이 소요된다. 3. 공략을 보지 않고는 아이템을 찾기 힘들다. (지도가 거지같음) 4. 플레이 시간이 길어질 수록 이상한 식인종이 많이 나온다. (아이템 공략만 보는 것을 추천) 5. 엔딩이 다소 충격적이다. 이 게임은 혼자서하면 힘들어요.. 식인종이 상대하기에 쎄거든요 ㅠㅠ (보통2~3마리 몰려옴) 거기다 괜찮은 집을 짓는데 통나무가 많이 필요해서 하루종일 통나무 베고 식인종이랑 싸우다 끝나요,엔딩 까지 본 결과 1 . 혼자 서는 플레이 하기 힘들다 . ( but 친구 랑 같이 하면 재미 는 배 가 됨 .) 2 . 집 짓는데만 절반 의 시간 이 소요 된다 . 3 . 공략 을 보지 않고는 아이템 을 찾기 힘들다 . ( 지도 가 거지같음 ) 4 . 플레이 시간 이 길어질 수록 이상한 식인종 이 많이 나온다 . ( 아이템 공략 만 보는 것 을 추천 ) 5 . 엔딩 이 다소 충격 적 이다 . 이 게임 은 혼자 서하면 힘들어요 .. 식인종 이 상대 하기에 쎄거든요 ㅠㅠ ( 보통 2~3 마리 몰려옴 ) 거기 다 괜찮은 집 을 짓는데 통나무 가 많이 필요해서 하루 종일 통나무 베고 식인종 이랑 싸우다 끝나요,2020-03-28 19:30:14
242760,The Forest,positive,우리 식인종친구 인종이들과 재미있는 시간을 함께 보낼수있어서 좋았습니다. 남자2명이서 동굴 들어갈때마다 소리지르면서 인종이들을 때려잡는게 아주 재미있었습니다. 인종이들은 사람도 안잡아먹고 잘죽어줘서 아주착한것같습니다. ㅎㅎ,우리 식인종 친구 인 종이 들 과 재미있는 시간 을 함께 보낼수있어서 좋았습니다 . 남자 2 명 이서 동굴 들어갈 때 마다 소리 지르면서 인 종이 들 을 때려 잡는게 아주 재미있었습니다 . 인 종이 들 은 사람 도 안 잡아먹고 잘 죽어줘서 아주 착한것 같습니다 . ㅎㅎ,2020-03-28 12:01:06
242760,The Forest,positive,정말재애미있다,정말 재애 미있다,2020-03-27 23:07:20
242760,The Forest,positive,"집 짓고 식인종이랑 싸우고 동굴가서 소다먹고 고기먹고 채소먹고 초코바먹고 식인종 다리먹고 손먹고 도마뱀먹고 악어먹고 플레어건쏘고 맷돼지먹고 도시락먹고 강물에 있는 물마시고 총찾아서 쏘고 고기먹고 돌연변이 만나서 잡고 가죽얻어서 둥굴가고 보스만나기전에 소다,초코바,커피,도시락먹고 ㄹㅇ먹는 겜임","집 짓고 식인종 이랑 싸우고 동굴 가서 소 다 먹고 고기 먹고 채소 먹고 초코 바 먹고 식인종 다리 먹고 손 먹고 도마뱀 먹고 악어 먹고 플레어 건 쏘고 맷 돼지 먹고 도시락 먹고 강물 에 있는 물 마시고 총 찾아서 쏘고 고기 먹고 돌연변이 만나서 잡고 가죽 얻어서 둥굴가 고 보스 만나기전에 소 다 , 초코 바 , 커피 , 도시락 먹고 ㄹㅇ 먹는 겜임",2020-03-27 19:28:54
242760,The Forest,positive,게임 내내 나무만 캤는데 왜 재밌는지 모르겠어요..,게임 내내 나무 만 캤는데 왜 재밌는지 모르겠어요 ..,2020-03-27 16:24:00
242760,The Forest,positive,뉴비여러분들 컨테이너보이면 거기에 식인종 안와요 ^^ 거기에 지으시면 개꿀임 ㅋㅋ,뉴비 여러분 들 컨테이너 보이 면 거기 에 식인종 안 와요 ^^ 거기 에 지으시면 개꿀임 ㅋㅋ,2020-03-27 15:10:47
242760,The Forest,positive,재밌다,재밌다,2020-03-27 05:06:34
242760,The Forest,positive,나쁘지않음 멀티하기 괜찮아요,나쁘지 않음 멀티 하기 괜찮아요,2020-03-26 21:33:40
242760,The Forest,positive,약간 잔인합니다 근데 스토리가 너무 재밌있네요,약간 잔인합니다 근데 스토리 가 너무 재밌있네요,2020-03-26 18:52:48
242760,The Forest,positive,처음엔 작은 집을 만들고 식인종한테서 도망가기 바쁘거나 식인종 1~2마리 상대하는것도 벅찬데 조금만 익숙해지면 집은 직접 디자인하고 더 커지고... 식인종은 더이상 무서운존재가 아니라 식량이 되어버려서 누가 식인종인지 알 수 없는 게임. 여기서 조금만 고여버려도 싱크홀을 벽타고 내려가버립니다. 이 게임을 진짜 즐기고싶다! 하시는분은 무조건 친구들이랑 같이 구매하시길! 멀티로 하면 정말 재미있습니다. 친구들이 나무를 나르는 모습을 보면 이 게임이 식인종한테 살아남는게 목적인지 건축하는 게임인지 헷갈리기도 하지만 저는 정말 재미있게,처음 엔 작은 집 을 만들고 식인종 한테 서 도망가기 바쁘거나 식인종 1~2 마리 상대 하는것도 벅찬데 조금 만 익숙해지면 집은 직접 디자인 하고 더 커지고 ... 식인종 은 더 이상 무서운 존재 가 아니라 식량 이 되어 버려서 누가 식인종 인지 알 수 없는 게임 . 여기 서 조금 만 고여 버려도 싱크홀 을 벽 타고 내려가 버립니다 . 이 게임 을 진짜 즐기고싶다 ! 하시는 분 은 무조건 친구 들 이랑 같이 구매 하시길 ! 멀티 로 하면 정말 재미있습니다 . 친구 들 이 나무 를 나르는 모습 을 보면 이 게임 이 식인종 한테 살아남는게 목적 인지 건축 하는 게임 인지 헷갈리 기도 하지만 저 는 정말 재미있게,2020-03-26 15:21:50
242760,The Forest,positive,안성민병신임,안성민 병신임,2020-03-26 13:03:44
242760,The Forest,positive,친구랑 같이 하는 걸 추천함 안 그러면 게임이 개 무서워지거든,친구 랑 같이 하는 걸 추천 함 안 그러면 게임 이 개 무서워지거든,2020-03-25 18:41:56
242760,The Forest,positive,파밍 게임 진자 실어 히는데 이늠은 재밌다는 원시인 죽이는 재미가 솔솔 나 결말 보고 울엇다 ㅠㅠ,파밍 게임 진자 실어 히 는데 이늠 은 재밌다는 원시인 죽이는 재미 가 솔솔 나 결말 보고 울엇다 ㅠㅠ,2020-03-25 17:45:08
242760,The Forest,positive,현질 유도 존나하는 피파 시발 좆망겜 오버워치 핵 천지 배그 미친 신천지 떄문에 집에서 게임만 존나 하는데 이거 하면 존나 하다고 안심심함,현질 유도 존나 하는 피파 시발 좆망 겜 오버 워치 핵 천지 배그 미친 신천지 떄문 에 집 에서 게임 만 존나 하는데 이 거 하면 존나 하다고 안 심심함,2020-03-25 13:05:18
242760,The Forest,positive,힐링겜,힐링 겜,2020-03-25 03:54:13
242760,The Forest,positive,오래 안해봤지만 돈스타브 3D실사버전같음 파밍하고 집짓고 사냥하고 비슷함 식인종=돈스타브 하운드 느낌인데 생긴게 징그러워서 그렇지 줘패면 하운드보다 만만하다. 피채우는거도 돈스타브보다 훨씬 쉬움. 근데 동굴 안은 좀 무섭다. 채팅 엔터누르면 가능 한글쓰려면 한 글 자 씩 스 페 눌 러 야 됨 키보드 한글상태에선 조작 안돼서 다시 영어로 바꿔줘야하는 번거로움이 있음 친구들이랑 하면 재밌음 파티에 고인물 있으면 잠깐 딴짓하는 사이에 펜트하우스 지어져있음,오래 안 해봤지만 돈스 타 브 3 D 실사 버전 같음 파밍 하고 집 짓고 사냥 하고 비슷함 식인종 = 돈스 타 브 하운드 느낌 인데 생긴게 징그러워서 그렇지 줘 패 면 하운드 보다 만만하다 . 피 채우는거도 돈스 타 브 보다 훨씬 쉬움 . 근데 동굴 안은 좀 무섭다 . 채팅 엔 터 누르면 가능 한글 쓰려면 한 글 자 씩 스 페 눌 러 야 됨 키 보드 한글 상태 에선 조작 안 돼서 다시 영어 로 바꿔줘 야하는 번거로 움 이 있음 친구 들 이랑 하면 재밌음 파티 에 고 인물 있으면 잠깐 딴 짓 하 는 사이 에 펜트하우스 지어져있음,2020-03-25 02:31:47
242760,The Forest,positive,단점은 뭔가 설명이 살짝 부실 장점은 단점을 제외한 나머지,단점 은 뭔가 설명 이 살짝 부실 장점 은 단점 을 제외 한 나머지,2020-03-24 23:27:12
242760,The Forest,positive,혼자하면 재미없는게임 같이하면 재미있는게임,혼자 하면 재미없는 게임 같이 하면 재미있는 게임,2020-03-24 19:10:22
242760,The Forest,positive,너무재밌어요 일단 기본적으로 나무캐는맛이 ㅈ되요그냥 나무를 동서남북으로 떄려야되요 ㅋㅋ루삥뽕 화이팅 후속작 무료로 주세요,너무 재밌어요 일단 기본 적 으로 나무 캐는 맛 이 ㅈ 되요 그냥 나무 를 동서남북 으로 떄려야되 요 ㅋㅋ 루삥뽕 화이팅 후속작 무료 로 주세요,2020-03-24 18:44:56
242760,The Forest,positive,시간가는줄 모르고 게임했습니다.,시간 가는줄 모르고 게임 했습니다 .,2020-03-24 17:12:44
242760,The Forest,positive,"비행기를타고 휴양지에가서 아들은 보호시설에 맡겨놓고 나무꾼일을 체험해보며 건축도 해보고 활로사냥까지 즐길수있다 만든 건축물에서 공성전도 해볼수있으며 공성전 승리후 전리품도 챙길수있는게임 그러다 가끔씩 ""아 맞다 아들데리러가야지"" 한번씩 떠올려주면 완벽합니다","비행기 를 타고 휴양지 에가 서 아들 은 보호 시설 에 맡겨놓고 나무꾼 일 을 체험 해보며 건축 도 해보고 활 로 사냥 까지 즐길수있다 만든 건축물 에서 공성전 도 해볼수있으며 공성전 승리 후 전리품 도 챙길수있는 게임 그러다 가끔 씩 "" 아 맞다 아들 데리러 가야 지 "" 한번 씩 떠올려주면 완벽합니다",2020-03-24 15:05:17
242760,The Forest,positive,식인종은 관심없고 본격 내집짓는 타이쿤게임,식인종 은 관심 없고 본격 내 집 짓는 타이 쿤 게임,2020-03-24 09:54:56
242760,The Forest,positive,아들 잃어 버리기 마스터,아들 잃어 버리기 마스터,2020-03-24 03:14:47
242760,The Forest,positive,식인 장려 게임,식인 장려 게임,2020-03-23 23:00:11
242760,The Forest,positive,ㅇㅇ 그냥 재미있음 꼬우면 아닥하고 그냥하삼,ㅇㅇ 그냥 재미있음 꼬우 면 아닥 하고 그냥 하 삼,2020-03-23 19:56:26
242760,The Forest,positive,음 빨리 깨지말고 50시간 정도 집만들고 장벽세우고 탑 만들고 글라이딩으로 날아서 놀고 칼 얻고 이런거 모험해서 얻고 하면서 하면 꽤 오랫동안 들길수 있는 게임이지만 깬후부터 치트 한번 써보고난 후는 개 노잼,음 빨리 깨지말고 50시간 정도 집 만들고 장벽 세우고 탑 만들고 글라이딩 으로 날아서 놀고 칼 얻고 이런거 모험 해서 얻고 하면서 하면 꽤 오랫동안 들길 수 있는 게임 이지만 깬 후 부터 치트 한번 써 보고 난 후 는 개 노잼,2020-03-23 19:13:28
242760,The Forest,positive,너무 무서움,너무 무서움,2020-03-23 11:09:51
242760,The Forest,positive,친구랑 집짓고 아들따윈 잊어버린채 살면 재밌음,친구 랑 집 짓고 아들 따윈 잊어버린 채 살 면 재밌음,2020-03-23 00:09:16
242760,The Forest,positive,'숲',' 숲 ',2020-03-22 22:40:09
242760,The Forest,positive,진짜 식인종은 누구인가,진짜 식인종 은 누구 인가,2020-03-22 21:16:46
242760,The Forest,positive,3D 마인크래프트. 적당한 공포감. 생존을 위한 먹거리 구하기 등. 힐링쓰.,3 D 마인크래프트 . 적당한 공포 감 . 생존 을 위 한 먹거리 구 하기 등 . 힐링 쓰 .,2020-03-22 20:56:04
242760,The Forest,positive,케첩 파티,케첩 파티,2020-03-22 18:31:01
242760,The Forest,positive,처음엔 ㅈㄴ 무서운데 좀 하다 보면 무기 만들어서 식인종 죽이는데 맛 들림,처음 엔 ㅈㄴ 무서운데 좀 하다 보면 무기 만들어서 식인종 죽이는데 맛 들림,2020-03-22 16:30:42
242760,The Forest,positive,게임을 처음할때 5시간-오오씨 개무섭네 10시간 아씨 식인종또왔다 20시간-카타나 서걱서걱 50시간-성만들고있음 현재-1시간 안에 엔딩,게임 을 처음 할 때 5시간 - 오 오씨 개 무섭네 10시간 아씨 식인종 또 왔다 20시간 - 카타나 서걱서걱 50시간 - 성만 들고있음 현재 - 1시간 안 에 엔딩,2020-03-22 12:59:44
242760,The Forest,positive,살면서 해본 서바이벌게임중에 최고였습니다. 원가로 사기에는 가격부담이 조금있지만 할인하면 1만원대로 쉽게 구매할수있는 게임입니다. 찜해두시고 할인할때 질러서 해보시기바랍니다. 이게임에 좋은점은 싱글을 실컷즐기고나면 온라인 멀티 플레이가 기다리고있습니다. 질려도 늦게 질립니다.,살면서 해본 서바이벌게임 중 에 최고 였습니다 . 원가 로 사기 에는 가격 부담 이 조금 있지만 할인 하면 1만원 대로 쉽게 구매 할수있는 게임 입니다 . 찜해 두시 고 할인 할 때 질러서 해보시기 바랍니다 . 이 게임 에 좋은 점 은 싱글 을 실컷 즐기고나면 온라인 멀티 플레이 가 기다리고있습니다 . 질려도 늦게 질립니다 .,2020-03-22 09:19:13
242760,The Forest,positive,장점? 재밌음 단점? 집짓는데 오래걸림,장점 ? 재밌음 단점 ? 집 짓는데 오래 걸림,2020-03-21 23:45:08
242760,The Forest,positive,솔직히 나도 많이 해봣다 라고 자신있게는 못하겠지만 이정도만 해도 이 게임 마스터 할 수 있고 할만한건 다하면 솔직히 지루한 면도 있긴 함 그래도 집짓는거 이거 하나만 해도 정말 오래즐길 수 있다 다깨서 지루하다면 집짓기를 해봐라 마크보다 재밋다 ㄹㅇ,솔직히 나도 많이 해봣다 라고 자신있게는 못 하겠지만 이 정도 만 해도 이 게임 마스터 할 수 있고 할만 한 건 다 하면 솔직히 지루한 면도 있긴 함 그래도 집 짓는거 이 거 하나 만 해도 정말 오래 즐길 수 있다 다 깨서 지루하다면 집짓기 를 해봐라 마크 보다 재밋다 ㄹㅇ,2020-03-21 20:23:58
242760,The Forest,positive,누가 식인종일까?,누가 식인종 일까 ?,2020-03-21 18:56:14
242760,The Forest,positive,그냥 처음엔 원주민 무서운데 카타나 먹으면 왠만한놈들은 다 썰고다니니깐 꺠기쉬움,그냥 처음 엔 원주민 무서운데 카타나 먹으면 왠만한 놈 들 은 다 썰고다니니깐 꺠기쉬움,2020-03-21 14:02:16
242760,The Forest,positive,생존게임이라기 보다는 생태계 파괴하며 진행하는 건축게임,생존 게임 이라기 보다는 생태계 파괴 하며 진행 하는 건축 게임,2020-03-20 19:08:23
242760,The Forest,positive,친구 있어야 할 수 있는 게임입니다. 싱글 플레이로 첫날밤에 식인종 전투의 함성 듣자마자 알트엡뽀 누르고 강종했습니다 ㅡㅡ,친구 있어야 할 수 있는 게임 입니다 . 싱글 플레이 로 첫날 밤 에 식인종 전투 의 함성 듣자마자 알트 엡뽀 누르고 강종 했습니다 ㅡㅡ,2020-03-20 18:57:02
242760,The Forest,positive,세일할때 친구들하고 같이하면 꿀잼,세 일 할 때 친구 들 하고 같이 하면 꿀잼,2020-03-20 17:23:14
242760,The Forest,positive,한번 깨면 확 재미없어요,한번 깨면 확 재미없어요,2020-03-20 03:08:20
242760,The Forest,positive,친구들과하면 재밌습니다 단점은 3D 게임에 어지러움과 멀미를 느끼시는 분들은 하지 않는 것을 추천합니다,친구 들 과 하면 재밌습니다 단점 은 3 D 게임 에 어지러움 과 멀미 를 느끼시는 분 들 은 하지 않는 것 을 추천 합니다,2020-03-19 21:26:05
242760,The Forest,positive,남자친구랑 재미있게 했어요,남자친구 랑 재미있게 했어요,2020-03-19 19:04:49
242760,The Forest,positive,재밋다,재밋다,2020-03-19 19:04:22
242760,The Forest,positive,ㄹㅇ 사셈 개꿀잼,ㄹㅇ 사셈 개꿀잼,2020-03-19 13:24:04
242760,The Forest,positive,버그가 있지만 갓 겜,버그 가 있지만 갓 겜,2020-03-19 13:10:14
242760,The Forest,positive,진입장벽이 너무 높아서 그냥 포기함,진입 장벽 이 너무 높아서 그냥 포기 함,2020-03-19 03:28:41
242760,The Forest,positive,재미있음,재미있음,2020-03-19 02:35:08
242760,The Forest,positive,"아들 찾으러 다니다가, 뜻밖의 적성을 찾아서 건축가가 되어가는 아버지의 이야기를 담은 이야기.","아들 찾으러 다니다가 , 뜻밖 의 적성 을 찾아서 건축가 가 되어가는 아버지 의 이야기 를 담은 이야기 .",2020-03-18 23:48:21
242760,The Forest,positive,친구들이랑 하면 꿀잼,친구 들 이랑 하면 꿀잼,2020-03-18 21:33:20
242760,The Forest,positive,개꿀잼,개꿀잼,2020-03-18 19:23:08
242760,The Forest,positive,괜찮음.,괜찮음 .,2020-03-18 17:09:22
242760,The Forest,positive,uijok;,uijok ;,2020-03-18 02:48:44
242760,The Forest,positive,갓겜,갓 겜,2020-03-17 23:55:03
242760,The Forest,positive,찐 갓겜,찐 갓 겜,2020-03-17 22:04:16
242760,The Forest,positive,sorry son,sorry son,2020-03-17 21:30:43
242760,The Forest,positive,진짜 존 나 재밌어요 강추합니다 !,진짜 존 나 재밌어요 강 추합니다 !,2020-03-17 21:04:13
242760,The Forest,positive,제미있다 세일할대 구매해봐도 후회하지는 않을 듯 하다,제 미있다 세 일 할대 구매 해봐도 후회 하지는 않을 듯 하다,2020-03-17 17:42:59
242760,The Forest,positive,인정띠 인종띠 ㅇㅅ띠,인정 띠 인종 띠 ㅇㅅ 띠,2020-03-17 15:21:10
242760,The Forest,positive,역시 갓겜은 시간이 지난게임도 역시 아직까지도 재밋다.,역시 갓 겜 은 시간 이 지난 게임 도 역시 아직 까지도 재밋다 .,2020-03-17 11:23:05
242760,The Forest,positive,인육의 맛을 느끼느게임,인육 의 맛 을 느끼느 게임,2020-03-16 22:39:16
242760,The Forest,positive,재미떠욧!!!!!!!!!!!!!!!!!!!!,재미 떠 욧 !!!!!!!!!!!!!!!!!!!!,2020-03-16 19:57:19
242760,The Forest,positive,재밌습니다 !! 시간 때우기 좋아요,재밌습니다 !! 시간 때우기 좋아요,2020-03-16 11:29:58
242760,The Forest,positive,"우리아들 ""니미""(티미)를 찾는 여정이 너무 즐거웠습니다.","우리 아들 "" 니미 ""( 티 미 ) 를 찾는 여정 이 너무 즐거웠습니다 .",2020-03-16 11:04:18
242760,The Forest,positive,재밋다 동굴 무섭다 친구 없다 외롭다,재밋다 동굴 무섭다 친구 없다 외롭다,2020-03-16 05:30:21
242760,The Forest,positive,식인종장려게임,식인종 장려 게임,2020-03-16 04:48:25
242760,The Forest,positive,생각없이 할때 좋은게임,생각 없이 할 때 좋은 게임,2020-03-16 00:09:53
242760,The Forest,positive,재밌고요 신인종 족1치는 맛이 있습니다 ㅎㅎ,재밌고요 신인종 족 1 치는 맛 이 있습니다 ㅎㅎ,2020-03-15 20:59:57
242760,The Forest,positive,친구랑 하면 존잼 꿀잼.,친구 랑 하면 존잼 꿀잼 .,2020-03-15 20:13:22
242760,The Forest,positive,굿,굿,2020-03-15 17:53:16
242760,The Forest,positive,무서운거 좋아하는 사람들이 하면 진짜 재밌음,무서운거 좋아하는 사람 들 이 하면 진짜 재밌음,2020-03-15 16:56:48
242760,The Forest,positive,나무 잘못 자르면 집날라감,나무 잘못 자르면 집 날라 감,2020-03-15 09:37:56
242760,The Forest,positive,"컨텐츠는 조금 부족한 감이 있지만, 짧은 싱글플레이와 친구들과의 협동은 꽤 길게 즐기기에 적합하다고 생각함. 싱글만을 보고 사는건 조금 고민이 될것같음. 할인한다면 사는걸 추천","컨텐츠 는 조금 부족한 감 이 있지만 , 짧은 싱글플레이 와 친구 들 과의 협동 은 꽤 길게 즐기기에 적합하다고 생각 함 . 싱글 만을 보고 사는건 조금 고민 이 될것 같음 . 할인 한다면 사 는걸 추천",2020-03-15 01:46:46
242760,The Forest,positive,앙기모띠,앙 기 모 띠,2020-03-15 01:33:00
242760,The Forest,positive,.,.,2020-03-14 22:43:12
242760,The Forest,positive,아들아 미안해,아들 아 미안해,2020-03-14 22:09:50
242760,The Forest,positive,진짜 재밋어여 같이 하면 !! 최대 8명까지 함께할수 있어서 무서움보다 힘이 생겨서 여기저기 돌아다니게 되요!!!,진짜 재밋어 여 같이 하면 !! 최대 8 명 까지 함께 할수 있어서 무서움 보다 힘 이 생겨서 여기저기 돌아다니게 되요 !!!,2020-03-14 21:36:09
242760,The Forest,positive,한번쯤 해보는것도 나쁘지않다!,한번 쯤 해보는것도 나쁘지 않다 !,2020-03-14 21:17:04
242760,The Forest,positive,식인종 개꿀맛,식인종 개꿀맛,2020-03-14 21:14:08
242760,The Forest,positive,나사 빠진 부분이 많이 보여서 게임 중간중간 엄청 아쉬움 나사 빠진걸 감안해도 꽤 괜찮은 게임,나사 빠진 부분 이 많이 보 여서 게임 중간 중간 엄청 아쉬움 나사 빠진 걸 감안 해도 꽤 괜찮은 게임,2020-03-14 21:11:42
242760,The Forest,positive,dwddawd,dwddawd,2020-03-14 20:33:06
242760,The Forest,positive,이거 하면서 밥맛 상승했어요 식인종들이랑 아이컨택 쌉가능,이 거 하면서 밥맛 상승 했어요 식인종 들 이랑 아이컨택 쌉 가능,2020-03-14 16:59:04
242760,The Forest,positive,굿ㅅㅅㅅㅅㅅㅅㅅㅅㅅㅅㅅㅅㅅㅅㅅㅅㅅㅅ,굿 ㅅㅅㅅㅅㅅㅅㅅㅅㅅㅅㅅㅅㅅㅅㅅㅅㅅㅅ,2020-03-14 14:49:57
242760,The Forest,positive,.,.,2020-03-14 13:15:36
242760,The Forest,positive,더포2 마렵다,더포 2 마렵다,2020-03-14 08:25:49
242760,The Forest,positive,재밋당,재밋당,2020-03-14 03:39:44
242760,The Forest,positive,평소 생존게임을 별로 좋아하진 않는데 선물 받고 얼결에 시작하게 된 더포레가 생각했던 것 이상으로 너무 재밌어서 적어보는 후기. <줄거리> 생존 전문가인 주인공은 여객기 추락 사고의 유일한 생존자가 되어 정체를 알 수 없는 섬에 표류하게 된다. 이후 야생에서 식인종과 갖은 돌연변이들로부터 살아남고 납치된 아들을 구하는 게임이다. <장점> * 전체적으로 봤을 때 친구들과 함께 플레이하기에 좋은 인디게임이라고 생각한다. 솔로플레이도 재밌음. 정가로 사기엔 돈 아깝고 할인해서 1만 원대 정도의 가격이면 구입할 만함. * 노말(Nor,평소 생존 게임 을 별로 좋아하진 않는데 선물 받고 얼결 에 시작 하게 된 더 포레 가 생각 했던 것 이상 으로 너무 재밌어서 적어 보는 후기 . < 줄거리 > 생존 전문가 인 주인공 은 여객기 추락 사고 의 유일한 생존자 가 되어 정체 를 알 수 없는 섬 에 표류 하게 된다 . 이후 야생 에서 식인종 과 갖은 돌연변이 들 로부터 살아남고 납치 된 아들 을 구 하는 게임 이다 . < 장점 > * 전체 적 으로 봤을 때 친구 들 과 함께 플레이 하기에 좋은 인디 게임 이라고 생각 한다 . 솔로 플레이도 재밌음 . 정가 로 사기 엔 돈 아깝고 할인 해서 1만 원대 정도 의 가격 이면 구입 할 만 함 . * 노말 ( Nor,2020-03-13 15:05:41
242760,The Forest,positive,호롷롷롷ㅀㄹㄹ홀홇로로홇로로로ㅗ롤ㄹ,호롷롷롷 ㅀㄹㄹ 홀홇로로홇로로 로 ㅗ 롤 ㄹ,2020-03-13 12:19:53
242760,The Forest,positive,누가 식인종일까,누가 식인종 일까,2020-03-13 08:07:07
242760,The Forest,positive,이 시발 심장마비 걸릴 뻔 했네 재밌긴함,이 시발 심장마비 걸릴 뻔 했네 재밌긴 함,2020-03-13 03:25:01
242760,The Forest,positive,잼씀,잼 씀,2020-03-12 21:38:19
242760,The Forest,positive,일상겜이라면서!일상겜이라고 했잖아!ㅜㅠㅠㅜ,일상 겜 이라 면서 ! 일상 겜 이라고 했잖아 ! ㅜㅠㅠㅜ,2020-03-12 21:03:30
242760,The Forest,positive,업뎃하고나서 갓겜됨ㅇㅇ,업뎃 하고나서 갓 겜 됨 ㅇㅇ,2020-03-12 16:34:40
242760,The Forest,positive,생존요소가 많고 건축이 재미있음 엔딩도 충격적이어서 재미있었어요,생존 요소 가 많고 건축 이 재미있음 엔딩 도 충격 적 이어서 재미있었어요,2020-03-12 00:14:12
242760,The Forest,positive,게임을하다가 문득 생각나는 것 아맞다 아들!!,게임 을 하다가 문득 생각나는 것 아 맞다 아들 !!,2020-03-11 23:12:03
242760,The Forest,positive,세일해서 구매했는데 혼자하면 좀 무섭고 친구랑하면 그냥 개재밌네요 파밍도 힐링하는 느낌이고 2020년에 받아서 시작하는데도 재밌고 만조크!,세 일해 서 구매 했는데 혼자 하면 좀 무섭고 친구 랑 하면 그냥 개 재밌네요 파밍 도 힐링 하는 느낌 이고 2020년 에 받아서 시작 하는데도 재밌고 만조 크 !,2020-03-11 23:09:45
242760,The Forest,positive,식인종 초반:잔뜩 쫄음 중반:별거 아니네 후반:밥이다!,식인종 초반 : 잔뜩 쫄음 중반 : 별거 아니네 후반 : 밥 이다 !,2020-03-11 22:31:18
242760,The Forest,positive,갸꿀잼임 멀티는 솔찍히 안좋음,갸꿀잼임 멀티 는 솔 찍히 안좋음,2020-03-11 21:59:29
242760,The Forest,positive,다겁즐겁다,다겁 즐겁다,2020-03-11 20:51:02
242760,The Forest,positive,개꿀잼,개꿀잼,2020-03-11 20:46:51
242760,The Forest,positive,문명보다 시간 더 빨리감;,문명 보다 시간 더 빨리 감 ;,2020-03-11 19:38:06
242760,The Forest,positive,좋은 목수꾼 시뮬레이터,좋은 목수 꾼 시뮬레이터,2020-03-11 16:09:28
242760,The Forest,positive,그냥 할만함,그냥 할만 함,2020-03-11 16:07:18
242760,The Forest,positive,미친꿀잼,미친 꿀잼,2020-03-11 15:52:49
242760,The Forest,positive,솔직히 정가주고 사도 안 아까운 게임 가끔씩 친구들과 같이 하면 정말 재미지다,솔직히 정가 주고 사도 안 아까운 게임 가끔 씩 친구 들 과 같이 하면 정말 재미 지다,2020-03-11 15:22:27
242760,The Forest,positive,재밌다,재밌다,2020-03-11 15:03:54
242760,The Forest,positive,이거 개꿀잼임 근데 1시간정도 하니까 누가식인종인지 모르겠당!,이 거 개꿀잼임 근데 1시간 정도 하니까 누가 식인종 인지 모르겠당 !,2020-03-11 04:12:33
242760,The Forest,positive,친구랑 멀티하면 진짜 재밌어요!!,친구 랑 멀티 하면 진짜 재밌어요 !!,2020-03-11 00:22:20
242760,The Forest,positive,친구 없으면 하지 마세요 혼자 하면 외로워서 하기싫어집니다...,친구 없으면 하지 마세요 혼자 하면 외로워 서 하기 싫어집니다 ...,2020-03-10 22:09:50
242760,The Forest,positive,^^,^^,2020-03-10 22:01:54
242760,The Forest,positive,시간가는줄 모르는 생존겜 구조물을 하나 둘 지어가면 아들은 어느새 기억속에서 사라져 간다. 초반에는 식인종을 피해 다녔지만 이제는 유뮬로 부른다. 뼈를 이용한 구조물을 짓기 위해. 여럿이서 할수록 재미는 더해지고 게임은 더 쉬워진다. 당신이 이 게임에서 식인종을 빠르게 죽이고 싶다면 활을 얻고 화살로 헤드샷을 맞추면 원샷 원킬이다.,시간 가는줄 모르는 생존 겜 구 조물 을 하나 둘 지어가면 아들 은 어느새 기 억 속 에서 사라져 간다 . 초반 에는 식인종 을 피해 다녔지만 이제 는 유뮬 로 부른다 . 뼈 를 이용 한 구 조물 을 짓기 위해 . 여럿 이서 할수록 재미 는 더해지고 게임 은 더 쉬워진다 . 당신 이 이 게임 에서 식인종 을 빠르게 죽 이고 싶다면 활 을 얻고 화살 로 헤드샷 을 맞추면 원샷 원킬 이다 .,2020-03-10 21:56:09
242760,The Forest,positive,친구랑하면 정말 재밌음 다음작이 기대되는 게임 ㅇㅇ,친구 랑 하면 정말 재밌음 다음 작 이 기대 되는 게임 ㅇㅇ,2020-03-10 20:08:05
242760,The Forest,positive,야 티미가 누구냐?,야 티 미가 누구 냐 ?,2020-03-10 18:07:31
242760,The Forest,positive,스토리만 깨고 안하게되는 게임,스토리 만 깨고 안 하게 되는 게임,2020-03-10 15:19:53
242760,The Forest,positive,친구와 함께하는 식인종 요리교실 [b] 꼭 구워서 드세요! [/b],친구 와 함께 하는 식인종 요리 교실 [ b ] 꼭 구워서 드세요 ! [/ b ],2020-03-10 12:30:17
242760,The Forest,positive,이제 누가 식인종이지?,이제 누가 식인종 이지 ?,2020-03-10 09:51:21
242760,The Forest,positive,싱크홀 내려갈때가 가장무서웠다,싱크홀 내려갈 때 가 가장 무서웠다,2020-03-10 03:20:09
242760,The Forest,positive,배고플 때 하면 더 배고파지는 게임,배고플 때 하면 더 배고파지는 게임,2020-03-10 01:17:36
242760,The Forest,positive,이게 힐링게임이지,이 게 힐링 게임 이지,2020-03-10 01:04:45
242760,The Forest,positive,꼭하세요 ㄹㅇ 시간도둑,꼭 하세요 ㄹㅇ 시간 도둑,2020-03-10 00:37:35
242760,The Forest,positive,시작 - 마인크래프트 실사화 중간 - 공포게임 결말 - 식인종 농락게임,시작 - 마인크래프트 실사 화 중간 - 공포 게임 결말 - 식인종 농락 게임,2020-03-10 00:24:41
242760,The Forest,positive,good,good,2020-03-09 22:40:05
242760,The Forest,positive,앙~ 개꿀띠~,앙 ~ 개꿀띠 ~,2020-03-09 22:29:37
242760,The Forest,positive,아 정말 팀워크가 있어야 한다... 아니면 그냥 전쟁,아 정말 팀워크 가 있어야 한다 ... 아니면 그냥 전쟁,2020-03-09 22:25:34
242760,The Forest,positive,친구와 같이하면 재미있다.,친구 와 같이 하면 재미있다 .,2020-03-09 22:23:16
242760,The Forest,positive,누가 식인종인지 몰라서 재밌음,누가 식인종 인지 몰라서 재밌음,2020-03-09 21:08:38
242760,The Forest,positive,갓겜,갓 겜,2020-03-09 19:39:56
242760,The Forest,positive,친구랑 같이 해야 꿀잼임 싱글로 할거면 비추,친구 랑 같이 해야 꿀잼임 싱글 로 할거면 비추,2020-03-09 17:36:36
242760,The Forest,positive,,,2020-03-09 16:27:38
242760,The Forest,positive,재미있고 스릴넘침니다. 혼자서 즐기기 좋습니다.,재미있고 스릴 넘침니다 . 혼자 서 즐기기 좋습니다 .,2020-03-09 16:05:12
242760,The Forest,positive,"재밌기는함. 그런대 공략 안보고 하는 사람은 어떻게 깨는거임 대체. 공략보고 작정하고 하면 1~2시간 이면 되지만 공략 안보고 깬다고 치면 섬을 구석구석 다 뒤져서 키 아이탬을 찾고 거기에 장비까지 맞춰서 싸우고, 공략 안보고 하면 50시간 해도 못깨는 사람 나올듯. 그리고 하우징 버그가 좀 아쉬움","재밌기는 함 . 그런대 공략 안보 고 하는 사람 은 어떻게 깨는거 임 대체 . 공략 보고 작정 하고 하면 1~2시간 이면 되지만 공략 안보 고 깬다고 치면 섬 을 구석구석 다 뒤져서 키 아이탬 을 찾고 거기 에 장비 까지 맞춰서 싸우고 , 공략 안보 고 하면 50시간 해도 못 깨는 사람 나올듯 . 그리고 하우 징 버그 가 좀 아쉬움",2020-03-09 15:51:52
242760,The Forest,positive,나무위에 집지었는데 친구가 도끼로 부수면 눈물나옴,나무 위 에 집지었는데 친구 가 도끼 로 부수 면 눈물 나옴,2020-03-09 06:17:19
242760,The Forest,positive,결말보고 나면 그다음은 노잼,결말 보고 나면 그다음 은 노잼,2020-03-09 03:43:46
242760,The Forest,positive,실사 마인크래프트,실사 마인크래프트,2020-03-09 03:35:39
242760,The Forest,positive,출시한지 좀 됬지만 재미있음! 강추,출시 한지 좀 됬지만 재미있음 ! 강추,2020-03-09 03:21:27
242760,The Forest,positive,.,.,2020-03-08 23:57:15
242760,The Forest,positive,엔딩2개인데 마음만먹으면 1시간안에 깰수있을정도로 엔딩보는게 쉬움 엔딩을 추가하거나 콘텐츠를 추가해야함 그래도 진짜 재미있음,엔딩 2 개 인데 마음 만 먹으면 1시간 안에 깰수있을 정도 로 엔딩 보는게 쉬움 엔딩 을 추가하거나 콘텐츠 를 추가 해야 함 그래도 진짜 재미있음,2020-03-08 23:33:05
242760,The Forest,positive,VR로 하면 무쌍이 되지만 ㅈㄴ무섭습니다,VR 로 하면 무쌍 이 되지만 ㅈㄴ 무섭습니다,2020-03-08 21:13:57
242760,The Forest,positive,갸 꿀잼,갸 꿀잼,2020-03-08 20:59:56
242760,The Forest,positive,계속 플레이 하다 보면 아들 있었는지 까먹음 스토리 진행 하면 가끔식 생각남,계속 플레이 하다 보면 아들 있었는지 까먹음 스토리 진행 하면 가끔 식 생각남,2020-03-08 17:08:40
242760,The Forest,positive,아주좋소,아주 좋소,2020-03-08 17:05:38
242760,The Forest,positive,ㅈㅁㄱㅇㅇㄷ,ㅈㅁㄱㅇㅇㄷ,2020-03-08 12:31:59
242760,The Forest,positive,혼자 시작하고 나면. 정말 무섭습니다.. 깝툭튀도있고.. 리얼 생존 서바이벌입니다.. 담력이 안되시는분들은 친구와 게임을 시작하세요.. 1시간후.. 머리 팔 다리다리!! 석둑석둑 삭둑삭둑 꿀맛 뇸뇸뇸뇸뇸뇸,혼자 시작 하고 나면 . 정말 무섭습니다 .. 깝툭 튀도 있고 .. 리얼 생존 서바이벌 입니다 .. 담력 이 안되시는 분 들 은 친구 와 게임 을 시작 하세요 .. 1시간 후 .. 머리 팔 다리 다리 !! 석 둑 석 둑 삭둑삭둑 꿀맛 뇸뇸뇸뇸뇸뇸,2020-03-08 11:53:23
242760,The Forest,positive,아들 구하려고 왔다가 식인종들이랑 DOOM 외전을 찍고있는 게임. 아마 대게의 사람들이 이런 짓을 하고 있을 것 이다. 잃어버린 아들은 안 찾고 치마 입은 상태로 도끼로 나무 자르고 집 집고 밤에는 다 같이 남자들끼리 반강제 게이물을 찍는 생활을 하고 있는 생활을 말이다. 더 이상 말을 돌리지 않겠다. 이건 진짜 그런 병맛으로 하는 게임이다. 같이 할 친구가 있다면 꼭한번 해보는게 좋은 게임이다.,아들 구 하려고 왔다가 식인종 들 이랑 DOOM 외전 을 찍고있는 게임 . 아마 대게 의 사람 들 이 이런 짓 을 하고 있을 것 이다 . 잃어버린 아들 은 안 찾고 치마 입은 상태 로 도끼 로 나무 자르고 집 집고 밤 에는 다 같이 남자 들 끼리 반 강제 게이물 을 찍는 생활 을 하고 있는 생활 을 말 이다 . 더 이상 말 을 돌리지 않겠다 . 이건 진짜 그런 병맛 으로 하는 게임 이다 . 같이 할 친구 가 있다면 꼭 한번 해보는게 좋은 게임 이다 .,2020-03-08 08:39:44
242760,The Forest,positive,무셔,무셔,2020-03-08 04:09:38
242760,The Forest,positive,걍 생존게임,걍 생존 게임,2020-03-08 03:04:40
242760,The Forest,positive,노할것 앰디진분량 만든새기 조루임 ㅋㅋ,노 할것 앰 디진 분량 만든 새기 조루 임 ㅋㅋ,2020-03-07 23:10:02
242760,The Forest,positive,베타버전 부터 플레이를 했었는데 꾸준한 버그 수정과 업데이트 등이 맘에 들었고 개인적으로 TOP 5 안에 들어갑니다.,베타 버전 부터 플레이 를 했었는데 꾸준한 버그 수정과 업데이트 등 이 맘 에 들었고 개인 적 으로 TOP 5 안 에 들어갑니다 .,2020-03-07 21:09:22
242760,The Forest,positive,힐링 게임으로 좋은것 같고 조금 무서운것을 좋아하시는 분들도 플레이를 할수있다고 봅니다. 아주 만족 스럽습니다.,힐링 게임 으로 좋은 것 같고 조금 무서운것을 좋아하시는 분 들 도 플레이 를 할수있다고 봅니다 . 아주 만족 스럽습니다 .,2020-03-07 12:43:28
242760,The Forest,positive,식인종이랑 떡치고싶다,식인종 이랑 떡 치고 싶다,2020-03-07 09:55:59
242760,The Forest,positive,친구랑 하세요,친구 랑 하세요,2020-03-07 01:54:52
242760,The Forest,positive,GOOD,GOOD,2020-03-06 23:03:27
242760,The Forest,positive,한글지원이 된다는것 솔로로도 생존이 가능하다는것 난이도 조절이 된다는것 친구들이랑 하면 누가 잴 못하는지 알 수 있다는것 재미와 공포감을 잘 느낄수 잇다는것 생존게임은 많이 해봣지만 이렇게 할때마다 재밋는 게임은 별로 없엇고 굳이 엔딩을 안봐도 힐링게임으로도 가능하다 (평화모드로 작물키우기 고기 말려서 저장되가는 모습보며 뿌듯해하기 등...),한글 지원이 된다는것 솔로 로 도 생존 이 가능하다는것 난이도 조절 이 된다는것 친구 들 이랑 하면 누가 잴 못 하는지 알 수 있다는것 재미 와 공포 감 을 잘 느낄수 잇다는것 생존 게임 은 많이 해봣 지만 이렇게 할 때 마다 재밋는 게임 은 별로 없 엇 고 굳이 엔딩 을 안 봐도 힐링 게임 으로도 가능하다 ( 평화 모드 로 작물 키우기 고기 말려서 저장 되가는 모 습보 며 뿌듯해하기 등 ...),2020-03-06 22:03:22
242760,The Forest,positive,"최적화 잘 되있고, 재밌음. 힐링 + 공포 게임??","최적화 잘 되있고 , 재밌음 . 힐링 + 공포 게임 ??",2020-03-06 21:26:48
242760,The Forest,positive,친구랑 하면 진짜 시간가는줄 모름 ㄹㅇ 무기쓸떼 살짝 불편한게 있는데 그건 충분히 신경안쓸수 있어서 ㄱㅊ함 진짜 추천 친구랑해야뎀(근데 그 친구가 생존겜을 잘하고 단합이 잘 되야지 더 재밌음),친구 랑 하면 진짜 시간 가는줄 모름 ㄹㅇ 무기 쓸 떼 살짝 불편한게 있는데 그건 충분히 신경안 쓸수 있어서 ㄱㅊ 함 진짜 추천 친구 랑 해야 뎀 ( 근데 그 친구 가 생존 겜 을 잘 하고 단합 이 잘 되야지 더 재밌음 ),2020-03-06 20:50:09
242760,The Forest,positive,"3D 마인크래프트인줄 알았다만, 결말까지 보고 오니, 정말 힐링 + 스토리 + 그래픽까지 좋은 갓겜 인정입니다.","3 D 마인크래프트 인 줄 알았다만 , 결말 까지 보고 오니 , 정말 힐링 + 스토리 + 그래픽 까지 좋은 갓 겜 인정 입니다 .",2020-03-06 18:00:22
242760,The Forest,positive,초반 : 으아아ㅏㅏ저거뭐야 중반 : 어 죽네? 후반 : 음 인간고기 맛있다~,초반 : 으아아 ㅏㅏ 저 거뭐 야 중반 : 어 죽네 ? 후반 : 음 인간 고기 맛있다 ~,2020-03-06 17:42:16
242760,The Forest,positive,친구랑 식인종 대가리 들고 다니면 겁나 쌥니다,친구 랑 식인종 대가리 들고 다니면 겁나 쌥니 다,2020-03-06 15:02:23
242760,The Forest,positive,아 시발 할인하기 이틀전에 샀는데 아 ^^ㅣ발 슈발 ㅋㅋㅋㅋㅋㅋㅋㅋㅋㅋㅋㅋㅋㅋㅋㅋㅋㅋㅋㅋ 친구끼리재밌게햇습니다 끝,아 시발 할인 하기 이틀 전 에 샀는데 아 ^^ ㅣ 발 슈발 ㅋㅋㅋㅋㅋㅋㅋㅋㅋㅋㅋㅋㅋㅋㅋㅋㅋㅋㅋㅋ 친구 끼리 재밌게 햇습 니 다 끝,2020-03-06 06:39:10
242760,The Forest,positive,갓겜,갓 겜,2020-03-05 21:27:54
242760,The Forest,positive,좀비마냥 달려드는 식인종 가지고 놀기 식인종들과 공방전 ㅋ,좀비 마냥 달려드는 식인종 가지 고 놀기 식인종 들 과 공방전 ㅋ,2020-03-05 18:08:38
242760,The Forest,positive,첨에 했을때의 그 공포감과 미스테리함 너무 좋았었음 멀티로 하면서 첨에 기지짓고 원주민한테 쫄고 흥미진진했음 딱 거기까지임 스토리 다보고나서 아예 해볼생각조차 없는 일회용 게임,첨 에 했을 때 의 그 공포 감 과 미스테리 함 너무 좋았었음 멀티 로 하면서 첨 에 기지 짓고 원주민 한테 쫄 고 흥미진진 했음 딱 거기 까지 임 스토리 다 보고나서 아예 해볼 생각 조차 없는 일회용 게임,2020-03-05 04:58:24
242760,The Forest,positive,공포감 조성이 좋습니다. 자연 생존에 초점을 마춘 몰입도 그러나 인디 게임이라 타격감 엔진 등이 아쉽습니다. 그리고 캐쥬얼 유저를 위한 혈흔 끄고 좀더 크래프트 자연 요소가 많아지면 좋은 게임이 될 듯 I need an option to turn off blood. Need to improve the feeling of cooling. I want more creature updates. Focus on Craft Life Elements,공포 감 조성 이 좋습니다 . 자연 생존 에 초점 을 마 춘 몰입도 그러나 인디 게임 이라 타 격감 엔진 등 이 아쉽습니다 . 그리고 캐 쥬얼 유저 를 위 한 혈 흔 끄고 좀더 크래프트 자연 요소 가 많아지면 좋은 게임 이 될 듯 I need an option to turn off blood . Need to improve the feeling of cooling . I want more creature updates . Focus on Craft Life Elements,2020-03-04 21:37:46
242760,The Forest,positive,잠깐 재미땅,잠깐 재미 땅,2020-03-04 20:04:28
242760,The Forest,positive,ㅋ,ㅋ,2020-03-04 11:26:07
242760,The Forest,positive,식인생활이 너무 즐겁습니다 선생님,식인 생활 이 너무 즐겁습니다 선생님,2020-03-04 06:44:36
242760,The Forest,positive,진짜 좋은 게임입니다. 특히 친구들이랑 하면 꽤 재밌네요. 러스트처럼 생존게임이지만 적이 NPC뿐이여서 유저들의 밴딧에 질렸다면 충분히 좋은 게임입니다.,진짜 좋은 게임 입니다 . 특히 친구 들 이랑 하면 꽤 재밌네요 . 러스트 처럼 생존 게임 이지만 적 이 NPC 뿐이여서 유저 들 의 밴딧 에 질렸다면 충분히 좋은 게임 입니다 .,2020-03-04 03:31:00
242760,The Forest,positive,버그의숲,버그 의 숲,2020-03-03 23:17:41
242760,The Forest,positive,스테미너...,스테미너 ...,2020-03-03 20:37:23
242760,The Forest,positive,분위기메이커의 탄생,분위기 메이커 의 탄생,2020-03-03 18:22:28
242760,The Forest,positive,저는 쫄보라서 동굴같은곳에 가서 엔딩도 못보고 했지만.. 비행기가 추락하였는데 아들이 없어져 야생에 집터를 꾸미며 살면서 점점 아들의 흔적을 찾으면서 아들을 찾으러 간다는 소제가 굉장히 마음에 들었습니다!,저 는 쫄보 라서 동굴 같은 곳 에 가서 엔딩 도 못 보고 했지만 .. 비행기 가 추락 하였는데 아들 이 없어져 야생 에 집터 를 꾸미며 살면서 점점 아들 의 흔적 을 찾으면서 아들 을 찾으러 간다 는 소제 가 굉장히 마음 에 들었습니다 !,2020-03-03 14:54:00
242760,The Forest,positive,식인종 잡는맛 재밌음,식인종 잡는 맛 재밌음,2020-03-03 11:08:51
242760,The Forest,positive,밥이 돌아다녀요,밥 이 돌아다녀요,2020-03-02 17:24:30
242760,The Forest,positive,아들구하는건 잊어버리고 건축 재미지다,아들 구 하는건 잊어버리고 건축 재미 지다,2020-03-02 16:33:46
242760,The Forest,positive,roTNTNf,roTNTNf,2020-03-02 12:46:49
242760,The Forest,positive,얼리땐 생존게임중에서 수작이였는데 정식 나오고 스토리 갓겜으로 급부상,얼리 땐 생존 게임 중 에서 수작 이 였는데 정식 나오고 스토리 갓 겜 으로 급부 상,2020-03-01 21:58:06
242760,The Forest,positive,ㅋ,ㅋ,2020-03-01 19:09:40
242760,The Forest,positive,새 앤딩 추가좀...,새 앤딩 추가 좀 ...,2020-03-01 18:01:38
242760,The Forest,positive,혼자하는데엔 조금 무리가 있을수도 있지만 하다보면 어느샌가 무빙을 터득하고있고 돌연변이3마리와 식인종이 다굴을 쳐도 여포짓하면서 즐기고있는 나를 발견하게된다. 또한 친구들과 하는것을 적극 추천한다. 친구들과 무인도에 정착하기 시작하면 이 게임의 진정한 면모를 볼수있다. 즐겜 강추,혼자 하는데엔 조금 무리 가 있을수도 있지만 하다 보면 어느샌가 무빙 을 터득 하고있고 돌연변이 3 마리 와 식인종 이 다 굴 을 쳐도 여포 짓하면서 즐기고있는 나를 발견 하게 된다 . 또한 친구 들 과 하는것을 적극 추천 한다 . 친구 들 과 무인도 에 정착 하기 시작 하면 이 게임 의 진정한 면모 를 볼수있다 . 즐겜 강추,2020-02-29 21:39:42
242760,The Forest,positive,이이이잉,이이이 잉,2020-02-29 19:28:03
242760,The Forest,positive,모던보우로 다 때려잡는다,모던 보우 로 다 때려 잡는다,2020-02-29 13:19:01
242760,The Forest,positive,자 이제 누가 식인종이지?,자 이제 누가 식인종 이지 ?,2020-02-29 12:40:26
242760,The Forest,positive,생존겜 해보고싶은사람들에게 강추... 호러적인요소와 서바이벌의 맛을 잘 조화시킨 재미있는 게임이라고 생각합니다!,생존 겜 해보고싶은 사람 들 에게 강추 ... 호러 적 인 요소 와 서바이벌 의 맛 을 잘 조화 시킨 재미있는 게임 이라고 생각 합니다 !,2020-02-29 11:40:25
242760,The Forest,positive,lol,lol,2020-02-29 08:11:39
242760,The Forest,positive,"식인종 샛기들 자꾸 집 부수려고 죠랄하길래 저녁으로 먹음. 꺼억ㅡ,","식인종 샛기들 자꾸 집 부수 려고 죠 랄 하길래 저녁 으로 먹음 . 꺼억 ㅡ ,",2020-02-29 00:19:35
242760,The Forest,positive,씹갓겜,씹 갓 겜,2020-02-28 23:02:45
242760,The Forest,positive,게임이 아주 재미 있습니다!,게임 이 아주 재미 있습니다 !,2020-02-28 22:48:48
242760,The Forest,positive,안하다가도 나중에 스팀 들어가면 해보고 싶은 게임?(넘 재밌음),안 하다가도 나중 에 스팀 들어가면 해보고 싶은 게임 ?( 넘 재밌음 ),2020-02-28 21:49:27
242760,The Forest,positive,게존잼임 나랑 할 사\람?,게존잼임 나 랑 할 사 \ 람 ?,2020-02-28 21:42:38
242760,The Forest,positive,친구랑 하면 재밌음,친구 랑 하면 재밌음,2020-02-28 19:06:17
242760,The Forest,positive,혼자하면 공포게임인데 친구랑 같이하면 노가다판에서 일하는느낌이나는 게임 겁많은 친구있으면 2명이서 같이놀라는 흔한광경을 목격가능함,혼자 하면 공포 게임 인데 친구 랑 같이 하면 노가다 판 에서 일 하는 느낌 이나 는 게임 겁 많은 친구 있으면 2 명 이서 같이 놀라는 흔 한 광경 을 목격 가능함,2020-02-28 01:17:19
242760,The Forest,positive,은은하게재밋어,은은하 게재 밋 어,2020-02-27 21:12:28
242760,The Forest,positive,GOOD,GOOD,2020-02-27 20:20:01
242760,The Forest,positive,진짜 친구들이랑 하면 꿀잼이예요,진짜 친구 들 이랑 하면 꿀 잼이예요,2020-02-27 17:13:02
242760,The Forest,positive,식인종 먹방 시뮬레이터,식인종 먹방 시뮬레이터,2020-02-27 05:50:01
242760,The Forest,positive,다양한 건축을 즐길 수 있고 가끔 적적하면 토끼나 사슴을 잡는 등 사이버 귀농 생활(싸농생활)을 즐길 수 있습니다. 스타듀밸리에 버금가는 게임이라고 생각합니다. 더 좋은 점이 있다면 건축을 할 수 있다는 것 아닐까요?? 꼭 구매해주세요,다양한 건축 을 즐길 수 있고 가끔 적적하면 토끼 나 사슴 을 잡는 등 사이버 귀농 생활 ( 싸 농 생활 ) 을 즐길 수 있습니다 . 스타 듀 밸리 에 버금 가는 게임 이라고 생각 합니다 . 더 좋은 점 이 있다면 건축 을 할 수 있다는 것 아닐까 요 ?? 꼭 구매 해주세요,2020-02-26 23:11:43
242760,The Forest,positive,옥뜨라 따랑해 윽읔,옥 뜨라 따랑 해 윽읔,2020-02-25 21:56:16
242760,The Forest,positive,집짓기 놀이 하기 좋음,집짓기 놀이 하기 좋음,2020-02-25 19:41:12
242760,The Forest,positive,너므 캄캄해,너므 캄캄해,2020-02-25 15:00:45
242760,The Forest,positive,하다보면 아들찾는게 아니라 본인이 즐기고 있음,하다 보면 아들 찾는게 아니라 본인 이 즐기고 있음,2020-02-25 03:10:12
242760,The Forest,positive,다같이 하면 더욱 재밌다. 근데 같이할 친구가 없는거같다,다 같이 하면 더욱 재밌다 . 근데 같이 할 친구 가 없는거 같다,2020-02-24 22:26:38
242760,The Forest,positive,너도 베어그릴스,너 도 베어그릴스,2020-02-24 18:37:03
242760,The Forest,positive,친구들과 해야 재밌는겜 식인종이 불쌍해지는 겜,친구 들 과 해야 재밌는 겜 식인종 이 불쌍해지는 겜,2020-02-24 01:25:47
242760,The Forest,positive,굿,굿,2020-02-24 00:25:37
242760,The Forest,positive,스토리도 탄탄하고 친구들이랑 하는 재미도 쏠쏠함. 하지만 친구가 1명도 없는 사람은 하기에 무섭기도 해서 적절하지 않다,스토리 도 탄탄하고 친구 들 이랑 하는 재미 도 쏠쏠함 . 하지만 친구 가 1 명도 없는 사람 은 하기에 무섭 기도 해서 적절하지 않다,2020-02-23 23:43:39
242760,The Forest,positive,재밋네요,재밋네 요,2020-02-23 14:35:10
242760,The Forest,positive,하,하,2020-02-23 11:42:02
242760,The Forest,positive,gg,gg,2020-02-23 11:41:52
242760,The Forest,positive,재미져요 오지게 재미져요~,재미 져요 오지 게 재미 져요 ~,2020-02-23 05:26:14
242760,The Forest,positive,LEGENO,LEGENO,2020-02-23 02:45:08
242760,The Forest,positive,"[스토리] 아버지(들?)이 아이와 비행기로 여행을 가던도중, 비행기가 모종의 이유로 불시착하게 되고 아이는 식인종들에게 끌려가게되며 이를 되찾기 위한 여정을 시작한다. [현실] 사실 애는 어떻게되든 잘 모르겠고 집짓고 벽짓고 식량구하고 도구만들고 식인종들을 역으로 잡아먹으며 살다보면 어느새 플레이어가 섬의 주인이 되어있다. 게임이 힘들다면 친구들을 구해서 같이 해보자. 게임의 장르가 변한다. (생존 -> 사냥)","[ 스토리 ] 아버지 ( 들 ?) 이 아이 와 비행기 로 여행 을 가던 도중 , 비행기 가 모종 의 이유 로 불시 착하게 되고 아이 는 식인종 들 에게 끌려가게 되며 이를 되찾기 위 한 여정 을 시작 한 다 . [ 현실 ] 사실 애 는 어떻게 되든 잘 모르겠고 집 짓고 벽 짓고 식량 구 하고 도구 만들고 식인종 들 을 역 으로 잡아먹으며 살다보면 어느새 플레이어 가 섬 의 주인 이 되어있다 . 게임 이 힘들다면 친구 들 을 구해 서 같이 해보자 . 게임 의 장르 가 변한다 . ( 생존 -> 사냥 )",2020-02-22 22:11:44
242760,The Forest,positive,갓껨,갓껨,2020-02-22 20:15:44
242760,The Forest,positive,.,.,2020-02-22 18:38:50
242760,The Forest,positive,갠적으로 한번깨면 넘 쉬움 재미는 있음.,갠 적 으로 한번 깨면 넘 쉬움 재미 는 있음 .,2020-02-22 18:14:14
242760,The Forest,positive,꿀잼,꿀잼,2020-02-22 17:21:19
242760,The Forest,positive,첫 2시간은 식인종이 돌아다닙니다. 2시간 후면 제 식량들이 돌아다닙니다.,첫 2시간 은 식인종 이 돌아다닙니다 . 2시간 후 면 제 식량 들 이 돌아다닙니다 .,2020-02-22 02:19:09
242760,The Forest,positive,이 게임은 좆목충만 나가뒤지면됨 그리고 엔딩보기전까지는 쥰내 재밌다 근데 히든엔딩/정식엔딩을 보고나면 친구랑 했을때 말고는 존나게 재미없다 진짜,이 게임 은 좆목 충만 나가 뒤지면 됨 그리고 엔딩 보기전까지는 쥰내 재밌다 근데 히든 엔딩 / 정식 엔딩 을 보고나면 친구 랑 했을 때 말고는 존나 게 재미없다 진짜,2020-02-21 20:22:17
242760,The Forest,positive,식인종 먹는 식인종 되는 게임,식인종 먹는 식인종 되는 게임,2020-02-21 14:42:27
242760,The Forest,positive,개꿀잼,개꿀잼,2020-02-21 08:57:36
242760,The Forest,positive,친구들과 하면 정말 재미있는 게임 하지만 플레이 타임을 보면 100시간이 넘어가는 사람은 찾기 힘들 것이다. 조금 컨텐츠가 부족한게 흠...,친구 들 과 하면 정말 재미있는 게임 하지만 플레이 타임 을 보면 100시간 이 넘어가는 사람 은 찾기 힘들 것 이다 . 조금 컨텐츠 가 부족한게 흠 ...,2020-02-21 00:59:23
242760,The Forest,positive,"다양하고 할일이 많아서 재밌는데 계속하다보면 내가 이걸 무슨 목적으로 하나 싶음.. 엔딩다보고 정착하면 반복되는 일상때문에 질릴수도 있을듯.. 그리고 청소년 이용불가 게임으로 알고 있는데 그래도 너무 잔인한 부분이 많아서 성인이라도 어느정도 멘탈 (??)이 필요함,.,.","다양하고 할 일이 많아서 재밌는데 계속 하다 보면 내 가 이 걸 무슨 목적 으로 하나 싶음 .. 엔딩 다 보고 정착 하면 반복 되는 일상 때문 에 질릴수도 있을듯 .. 그리고 청소년 이용 불가 게임 으로 알 고 있는데 그래도 너무 잔인한 부분 이 많아서 성인 이라도 어느 정도 멘탈 (??) 이 필요함 ,.,.",2020-02-21 00:50:17
242760,The Forest,positive,식인종 씨빨년들,식인종 씨빨년 들,2020-02-19 22:26:56
242760,The Forest,positive,물속에 수레를 계속 빠트리는데 어떻게 그 수레를 없엘 수 있나요?,물속 에 수레 를 계속 빠 트리 는 데 어떻게 그 수레 를 없엘 수 있나요 ?,2020-02-19 21:07:30
242760,The Forest,positive,엔딩보면 할게 없는 게임,엔딩 보면 할게 없는 게임,2020-02-19 20:55:54
242760,The Forest,positive,긋긋,긋 긋,2020-02-18 13:45:50
242760,The Forest,positive,내가 해본 생존겜 중 최고였다 엔딩 안보고 고기 구워 먹고 사냥하고 평화롭게 사는것이 더 재밌다는..,내 가 해본 생존 겜 중 최고 였다 엔딩 안보 고 고기 구워 먹고 사냥 하고 평화롭게 사는것이 더 재밌다는 ..,2020-02-18 10:34:52
242760,The Forest,positive,"처음 이 게임을 킬 때는 공포물일 것이며, 몇 시간이 지나면 생존 게임이 될 것이고, 몇십 시간이 지나면 코미디 게임이 될 것이다. 그로부터 조금 더 지난다면, 당신은 식인종을 보고 웃으며 말할 것이다. [i] ""맛있겠다"" [/i]","처음 이 게임 을 킬 때 는 공포물 일 것 이며 , 몇 시간 이 지나면 생존 게임 이 될 것 이고 , 몇십 시간 이 지나면 코미디 게임 이 될 것 이다 . 그로 부터 조금 더 지난다면 , 당신 은 식인종 을 보고 웃으며 말 할 것 이다 . [ i ] "" 맛있겠다 "" [/ i ]",2020-02-17 23:43:36
242760,The Forest,positive,친구랑 하세요~,친구 랑 하세요 ~,2020-02-17 17:17:19
242760,The Forest,positive,재밌음,재밌음,2020-02-17 01:45:47
242760,The Forest,positive,협동모드로 해도 재밌네요ㅎ.ㅎ 뉴비라 친구가 없어서 안타깝지만..T . T,협동 모드 로 해도 재밌네요 ㅎ . ㅎ 뉴비 라 친구 가 없어서 안타깝지만 .. T . T,2020-02-17 01:08:03
242760,The Forest,positive,재밌다,재밌다,2020-02-16 14:46:40
242760,The Forest,positive,개1꿀잼,개 1 꿀잼,2020-02-16 11:26:51
242760,The Forest,positive,처음엔 개쫄려렸는데 지금은 누가 선이고 누가 악인지 모르겠다.,처음 엔 개쫄려렸는데 지금 은 누가 선 이고 누가 악인 지 모르겠다 .,2020-02-16 06:24:54
242760,The Forest,positive,ㅂㅈㄷㄱ,ㅂㅈㄷㄱ,2020-02-15 22:33:11
242760,The Forest,positive,아들아 미안하다,아들 아 미안하다,2020-02-15 20:29:15
242760,The Forest,positive,이 게임은 친구랑 하십쇼 무엇보다 싸움이 일어나면 계속 싸워서 말리기 어려움 ㅋㅋ,이 게임 은 친구 랑 하십 쇼 무엇 보다 싸움 이 일어나면 계속 싸워서 말리기 어려움 ㅋㅋ,2020-02-15 14:28:13
242760,The Forest,positive,여러 생존게임을 해보았지만 역대급으로 재밌다. 적당한 생존에 필요한 수치관리와 언제 나타날지 모르는 식인종의 출현으로 플레이 하는 내내 시간가는줄 모르게 집중하게 만드는 게임이다. 돈값하는 몇 안되는 게임. 추천합니다!,여러 생존 게임 을 해보았지만 역대 급 으로 재밌다 . 적당한 생존 에 필요한 수치 관리 와 언제 나타날지 모르는 식인종 의 출현 으로 플레이 하는 내내 시간 가는줄 모르게 집중 하게 만드는 게임 이다 . 돈값 하 는 몇 안되는 게임 . 추천 합니다 !,2020-02-15 07:40:51
242760,The Forest,positive,"처음엔 무섭던 애들이 나중엔 그냥 알아서 찾아오는 식량 정도로 보임 아아, 인간성을 해치는 나픈 게임","처음 엔 무섭던 애 들 이 나중 엔 그냥 알아서 찾아오는 식량 정도 로 보임 아아 , 인간성 을 해치는 나픈 게임",2020-02-14 23:23:37
242760,The Forest,positive,친구와 멀티를 하는걸 추천합니다,친구 와 멀티 를 하 는걸 추천 합니다,2020-02-14 17:56:09
242760,The Forest,positive,1. 친구들하고 싸우기 좋은 게임 2. 병맛게임 (친구들과 할때) 3. 친구들 괴롭히기 좋은게임 4,1 . 친구 들 하고 싸우기 좋은 게임 2 . 병맛 게임 ( 친구 들 과 할 때 ) 3 . 친구 들 괴롭히기 좋은 게임 4,2020-02-14 13:20:59
242760,The Forest,positive,온순한 고인물이 식인종 훈련시키는 겜,온순한 고 인물 이 식인종 훈련 시키는 겜,2020-02-14 00:48:44
242760,The Forest,positive,재밋다,재밋다,2020-02-13 20:21:24
242760,The Forest,positive,재밌어요,재밌어요,2020-02-13 19:07:31
242760,The Forest,positive,ㅈㄴ재밌음,ㅈㄴ 재밌음,2020-02-13 15:53:58
242760,The Forest,positive,"식인종 때려잡는 맛이 거의 피파 골 넣을 때 , 철권에서 때릴 때 , 롤 골드 승급전에서 이겼을 떄 급","식인종 때려 잡는 맛 이 거의 피파 골 넣을 때 , 철권 에서 때릴 때 , 롤 골드 승 급전 에서 이겼을 떄 급",2020-02-13 09:51:16
242760,The Forest,positive,bbbbbbbbb,bbbbbbbbb,2020-02-12 23:12:24
242760,The Forest,positive,첫날:티미야 곧 구하러 갈게! 20일째:티미가 누구였더라? (10/10점!),첫날 : 티 미야 곧 구 하러 갈게 ! 20일 째 : 티 미가 누구 였더라 ? ( 10/10 점 !),2020-02-12 19:34:29
242760,The Forest,positive,그냥 재밌네요,그냥 재밌네요,2020-02-12 17:31:17
242760,The Forest,positive,ㅈㄴ 은은하게 재밌네 ㅋㅋ,ㅈㄴ 은은하게 재밌네 ㅋㅋ,2020-02-12 15:33:33
242760,The Forest,positive,"상상이상 그 게임 입니다,,완전 재밌어요,,,,와 이런 겜 또 만들어주세용^^","상상 이상 그 게임 입니다 ,, 완전 재밌어요 ,,,, 와 이런 겜 또 만들어주세용 ^^",2020-02-12 14:54:25
242760,The Forest,positive,아 어떤 새끼한테 줬는데 존나 후회중 그새끼 개싫음,아 어떤 새끼 한테 줬는데 존나 후회 중 그 새끼 개 싫음,2020-02-12 11:43:01
242760,The Forest,positive,진짜 생존 게임을 평소에 안 하던 사람인데 이 게임을 정말로 재밌습니다. 혼자 하면 좀 무섭고 친구와 같이 꼭 해보시길 바랍니다.,진짜 생존 게임 을 평소 에 안 하던 사람 인데 이 게임 을 정말로 재밌습니다 . 혼자 하면 좀 무섭고 친구 와 같이 꼭 해보시길 바랍니다 .,2020-02-12 09:52:34
242760,The Forest,positive,대체 누가 선이고 누가 악이냐,대체 누가 선 이고 누가 악 이냐,2020-02-12 01:03:13
242760,The Forest,positive,친구랑 하기 좋은 게임임,친구 랑 하기 좋은 게임 임,2020-02-11 22:04:03
242760,The Forest,positive,무섭긴 하다만... 잼씀..,무섭긴 하다만 ... 잼 씀 ..,2020-02-11 21:29:13
242760,The Forest,positive,친구가 있다면 갓겜! 친구가 없다면 무서운 찌질이가 되서 버리는 돈버리는 겜! 더~숲!,친구 가 있다면 갓 겜 ! 친구 가 없다면 무서운 찌질 이 가 되서 버리는 돈 버리는 겜 ! 더 ~ 숲 !,2020-02-11 01:47:49
242760,The Forest,positive,은근 재미있네요~,은근 재미있네요 ~,2020-02-10 21:47:04
242760,The Forest,positive,good,good,2020-02-10 20:22:04
242760,The Forest,positive,식인종되는 게임ㅋㅋㅋㅋㅋ,식인종 되는 게임 ㅋㅋㅋㅋㅋ,2020-02-10 18:36:03
242760,The Forest,positive,이겜을 친구랑하면 아주그냥 개꿀잼이네요 솔플도 엔딩까지는 재밌게 할 수 있습니다 또한 정가에 사는것은 개인적으로 비추드고여 세일할때 한50%정도 할때사면 가격대비 괜찮은것 같네요 플탐은 개인적으로 짧은편 같아요 암튼 한번쯤은 해볼만한 게임같아요 생존게임 좋아하시면 해보시는것도 좋은것 같네요 으..박쥐는 아직도 깜놀하네요,이 겜 을 친구 랑 하면 아주 그냥 개꿀 잼이네요 솔플 도 엔딩 까지는 재밌게 할 수 있습니다 또한 정가 에 사는것은 개인 적 으로 비추 드 고여 세 일 할 때 한 50% 정도 할 때 사면 가격 대비 괜찮은 것 같네요 플 탐은 개인 적 으로 짧은 편 같아요 암튼 한번 쯤 은 해볼만 한 게임 같아요 생존 게임 좋아하시면 해보시는것도 좋은 것 같네요 으 .. 박쥐 는 아직도 깜놀 하네요,2020-02-10 18:14:03
242760,The Forest,positive,roantjqek,roantjqek,2020-02-10 16:05:51
242760,The Forest,positive,생존겜 재미있음,생존 겜 재미있음,2020-02-10 15:57:17
242760,The Forest,positive,무조건 추천,무조건 추천,2020-02-09 22:33:51
242760,The Forest,positive,Not bad but it's little scared,Not bad but it ' s little scared,2020-02-09 19:59:21
242760,The Forest,positive,굿굿,굿굿,2020-02-09 19:47:46
242760,The Forest,positive,멀티로 아는사람끼리 집짓다가 현타옴 ㅎ,멀티 로 아는 사람 끼리 집 짓다가 현 타 옴 ㅎ,2020-02-09 15:40:50
242760,The Forest,positive,인류 최고의 발명품은 불이라는걸 몸소 체험하게 해주는 게임,인류 최고 의 발명품 은 불 이라 는걸 몸소 체험 하게 해주는 게임,2020-02-09 15:05:45
242760,The Forest,positive,"""합격""",""" 합격 """,2020-02-09 12:58:37
242760,The Forest,positive,레게노,레게 노,2020-02-09 10:10:47
242760,The Forest,positive,재밌었어요 근데 어려웠어요 친구랑 안했으면 겜 환불했을듯,재밌었어요 근데 어려웠어요 친구 랑 안 했으면 겜 환불 했을듯,2020-02-09 04:37:50
242760,The Forest,positive,약간 스토리가 무거운 주제고 공포 어드벤쳐 형식인데 나름 고퀄이고 추천,약간 스토리 가 무거운 주제 고 공포 어드벤쳐 형식 인데 나름 고 퀄 이고 추천,2020-02-09 01:05:11
242760,The Forest,positive,굿,굿,2020-02-09 00:47:06
242760,The Forest,positive,[결론 : 본격 야생 고어게임] 필자는 이게 야생 생존만 하는 게임인 줄 알고 샀다. 하지만 이거 은근 고어 게임이더라??? 망했다.. 필자는 VR유저인데.. 아... 아... 아 몰라 지금 당장 아들 구하러 간다 다 뒤졌어 쓔발,[ 결론 : 본격 야생 고어 게임 ] 필자 는 이 게 야생 생존 만 하는 게임 인 줄 알 고 샀다 . 하지만 이 거 은근 고어 게임 이 더 라 ??? 망했다 .. 필자 는 VR 유저 인데 .. 아 ... 아 ... 아 몰라 지금 당장 아들 구 하러 간다 다 뒤졌어 쓔발,2020-02-09 00:42:01
242760,The Forest,positive,어쩌다보니 심즈 ㅋㅋㅋ,어쩌다 보니 심즈 ㅋㅋㅋ,2020-02-08 19:16:53
242760,The Forest,positive,아유 당연히 추천해야죠 이런 힐링겜은 제가 이때까지 했던 게임 중 단연 탑입니다. 스타듀벨리도 울고 갈 힐링겜 ㅠㅠ,아유 당연히 추천 해야죠 이런 힐링 겜 은 제 가 이 때 까지 했던 게임 중 단연 탑 입니다 . 스타 듀 벨 리도 울 고 갈 힐링 겜 ㅠㅠ,2020-02-08 19:12:34
242760,The Forest,positive,다이나믹 로★동~~,다이나믹 로 ★ 동 ~~,2020-02-08 12:08:15
242760,The Forest,positive,?,?,2020-02-07 20:44:43
242760,The Forest,positive,꾸르잼!! 경쟁 게임에 지친이들에게 마음에 평화를 찾아주는 게임이군요,꾸르잼 !! 경쟁 게임 에 지친이 들에게 마음 에 평화 를 찾아주는 게임 이군 요,2020-02-07 17:17:58
242760,The Forest,positive,진정한 힐링은 무인도에 정착하기로 맘 먹을때부터다,진정한 힐링 은 무인도 에 정착 하기로 맘 먹을 때 부터 다,2020-02-07 17:07:19
242760,The Forest,positive,"자, 이제 누가 괴물이지?","자 , 이제 누가 괴물 이지 ?",2020-02-07 05:09:06
242760,The Forest,positive,원시인들 무빙 ㅈ같이 잘침,원시 인들 무빙 ㅈ 같이 잘 침,2020-02-06 13:55:12
242760,The Forest,positive,이 게임을 유튜브에서 많이 봐서 해봤는데 은근히 재미가 있고 게임이 이제 할게 없을때 하면 재미있게 플래이 할수있는 게임이 였던것 같습니다. 멀티로 하면 더 재미 있어요.,이 게임 을 유튜브 에서 많이 봐서 해봤는데 은근 히 재미 가 있고 게임 이 이제 할게 없을 때 하면 재미있게 플 래 이 할수있는 게임 이 였던것 같습니다 . 멀티 로 하면 더 재미 있어요 .,2020-02-06 13:27:29
242760,The Forest,positive,겁나재미있음 나지금플래이하고임ㅆ는대 꿀잼~~!!,겁나 재미있음 나 지금 플 래 이하고 임 ㅆ 는대 꿀잼 ~~!!,2020-02-06 13:22:12
242760,The Forest,positive,이 게임을 하면서 에임이 좋아졌습니다.,이 게임 을 하면서 에 임 이 좋아졌습니다 .,2020-02-06 06:04:54
242760,The Forest,positive,존잼존잼,존잼존잼,2020-02-06 01:04:26
242760,The Forest,positive,이 게임의 장점은 엔딩이 있다는 것입니다,이 게임 의 장점 은 엔딩 이 있다는 것 입니다,2020-02-06 00:28:35
242760,The Forest,positive,asdasdasdasd,asdasdasdasd,2020-02-05 22:25:42
242760,The Forest,positive,멀티플레이 오순도순 모여앉아 식인종 다리 하나씩 뜯어먹으면 개꿀맛! 온갖 산해진미가 가득한 생존게임 인간이 가장 무섭다는걸 알게해준게임,멀티플레이 오순도순 모여 앉아 식인종 다리 하나 씩 뜯어 먹으면 개꿀맛 ! 온갖 산해 진미 가 가득한 생존 게임 인간 이 가장 무섭다는걸 알 게 해준 게임,2020-02-05 21:11:36
242760,The Forest,positive,여기 왜 왔지,여기 왜 왔지,2020-02-05 19:15:36
242760,The Forest,positive,집 짓기,집 짓기,2020-02-05 18:14:21
242760,The Forest,positive,재밌는데 항상 똑같아서 질림 그리고 집이 예쁘게 안지어지고 이상하게 지어져서 짜증남,재밌는데 항상 똑같아서 질림 그리고 집 이 예쁘게 안지어지고 이상하게 지어져서 짜증남,2020-02-04 20:55:09
242760,The Forest,positive,(평가 내용 표시 불가),( 평가 내용 표시 불가 ),2020-02-04 19:22:34
242760,The Forest,positive,게임을 너무 잘만드셨네요 칭찬합니다 ^^,게임 을 너무 잘 만드셨네요 칭찬 합니다 ^^,2020-02-04 18:08:29
242760,The Forest,positive,유튜브에서 '탈모인간' 검색해서 재미는 없어도 나름 유용한 식인종사육장과 함정 만드는 방법을 확인하시고 이를 응용해 더욱 변태같은 식인종고문법을 만들어 보세요.,유튜브 에서 ' 탈모 인간 ' 검색 해서 재미 는 없어도 나름 유용한 식인종 사 육장 과 함정 만드는 방법 을 확인 하시고 이를 응용 해 더욱 변태 같은 식인종 고 문법 을 만들어 보세요 .,2020-02-04 07:13:10
242760,The Forest,positive,공포와 생존이 잘 가미된 게임 아쉬운 점은 대부분 건축 요소가 싱글 플레이로 만들기에는 너무 많은 재료를 요구한다는 점,공포 와 생존 이 잘 가미 된 게임 아쉬운 점 은 대부분 건축 요소 가 싱글 플레이 로 만들기 에는 너무 많은 재료 를 요 구 한다는 점,2020-02-03 21:45:28
242760,The Forest,positive,잠깐 해봤는데 재미있음,잠깐 해봤는데 재미있음,2020-02-03 19:56:49
242760,The Forest,positive,어느샌가 마인크래프트를 하는중,어느샌가 마인크래프트 를 하는 중,2020-02-03 19:37:36
242760,The Forest,positive,ㄴㅇㅅ,ㄴㅇㅅ,2020-02-03 13:57:21
242760,The Forest,positive,힐링+생존 = 마인크래프트 리얼 생존 = 포레스트 회사 후배들 몇명하구 같이 하고있습니다. 같이 하는 인원이 많다보니 안전구역 넓게 확보하려고 울타리를 좀 넓게 둘러서 캠프 내부 직경이 50~70m는 되는데 단체로 외출하고 돌아오면 내부에 불청객들 스폰되어 있는 경우가 있습니다. 그래서 넓은 영토를 확보했어도 울타리를 2중~3중으로 쳐놨습니다. (1차방어선 + 2차방어선 + 주거지) 그런데도 제일 안쪽의 거주지 울타리 내에 스폰되는 경우가 있네요... 스폰 범위를 잘 모르겠어요. 플레이어가 없으면 어디든 일정 확률로 스폰이 되는건,힐링 + 생존 = 마인크래프트 리얼 생존 = 포레스트 회사 후배 들 몇 명 하구 같이 하고있습니다 . 같이 하는 인원 이 많다 보니 안전 구역 넓게 확보 하려고 울타리 를 좀 넓게 둘러서 캠프 내부 직경 이 50~70 m 는 되는데 단체 로 외출 하고 돌아오면 내부 에 불청객 들 스폰되어 있는 경우 가 있습니다 . 그래서 넓은 영토 를 확보 했어도 울타리 를 2 중 ~ 3 중 으로 쳐놨습니다 . ( 1 차 방어선 + 2 차 방어선 + 주거지 ) 그런데도 제일 안쪽 의 거주지 울타리 내 에 스폰되 는 경우 가 있네요 ... 스폰 범위 를 잘 모르겠어요 . 플레이어 가 없으면 어디 든 일정 확률 로 스폰 이 되는건,2020-02-03 11:44:04
242760,The Forest,positive,혼자하면 우울 같이하면 문명,혼자 하면 우울 같이 하면 문명,2020-02-03 00:00:33
242760,The Forest,positive,공포겜X힐링겜o 식인종이되어 원주민의살림을파괴하며 나무꾼이되어서 온몸이힐링되는걸느껴보십시오,공포 겜 X 힐링 겜 o 식인종 이 되어 원주민 의 살림 을 파괴 하 며 나무꾼 이 되어서 온몸 이 힐링 되는걸 느껴 보십시오,2020-02-02 17:07:51
242760,The Forest,positive,달려,달려,2020-02-02 13:56:02
242760,The Forest,positive,친구들이랑 하면 ㅈㄴ 재미있음ㄹㅇ,친구 들 이랑 하면 ㅈㄴ 재미있음 ㄹㅇ,2020-02-02 13:10:25
242760,The Forest,positive,제가 지금까지 생존게임을 하면서 가장 재밌고 그래픽이 가장좋다는 게임이 더 포레스트라는 게임이다. 이 게임 스토리의 중요한것은 아들과 비행기를 타다가 격추당해 떨어지고 그다음 식인종이 아들을 데려가 아들을구하기위헤(사실구하러 가지 않고) 온갖 모든짓을 다하는것이다 그리고 식인종과 싸우고 나무를 캐고 돌도 캐고 집도 짓고 요새를 만들어 밤에 식인종과 목숨을 걸어 싸우고 아들을 구할려고 그런모습이 너무 절묘하게 잘나타났다 이때까지 한 생존게임중에서 최고다. 이게임 정말로 추천한다,제 가 지금 까지 생존 게임 을 하면서 가장 재밌고 그래픽 이 가장 좋다는 게임 이 더 포레스트 라는 게임 이다 . 이 게임 스토리 의 중요한것은 아들 과 비행기 를 타 다가 격추 당해 떨어지고 그다음 식인종 이 아들 을 데려가 아들 을 구 하 기 위헤 ( 사실구 하러 가지 않고 ) 온갖 모든 짓 을 다 하는것이다 그리고 식인종 과 싸우고 나무 를 캐고 돌도 캐고 집도 짓고 요새 를 만들어 밤 에 식인종 과 목숨 을 걸어 싸우고 아들 을 구 할려고 그런 모습 이 너무 절묘하게 잘 나타났다 이 때 까지 한 생존 게임 중 에서 최고다 . 이 게임 정말로 추천 한다,2020-02-02 09:04:33
242760,The Forest,positive,함정 3중으로 설치해놓고 뛰어다니면서 좀비들이랑 노니까 재밌네요. 가끔 돌연변이도 나오고 좋습니다. 조금만 더 놀다가 엔딩보러 가려구요. 금방 갈게 티미야...,함정 3 중 으로 설치 해놓고 뛰어다니면서 좀비 들 이랑 노 니까 재밌네요 . 가끔 돌연변이 도 나오고 좋습니다 . 조금 만 더 놀다가 엔딩 보러 가려구요 . 금방 갈게 티 미야 ...,2020-02-01 23:36:08
242760,The Forest,positive,식인종들이 플레이어로부터 도망치는 게임,식인종 들 이 플레이어 로부터 도망치는 게임,2020-02-01 23:06:14
242760,The Forest,positive,IT'S super fun but a bit scary,IT ' S super fun but a bit scary,2020-02-01 21:16:08
242760,The Forest,positive,재밋서용 ㅎㅎ,재밋서용 ㅎㅎ,2020-02-01 19:55:14
242760,The Forest,positive,"이 게임은 어떤 목표를 완벽하게 제시해주지 않기에 게임 초반에는 탐험이라는게 주된 콘텐츠 이다. 탐험이라는 행동을 통해 플레이어는 미스터리를 풀어 나가면 절정에 다가가는 전개인데, 게이고 소설을 읽는거 처럼 초반 전개가 너무 지루하다. 그렇기에 절정에 다가가기 까지 플레이어의 의지가 무더져버리는 경우도 많을 것이고, 그중 한명이 본인이다. 그렇지만 이 게임뒤에 숨겨진 반전과 절정은 정말로 충격적이라고 말 할 수 있다, 이 게임은 한줄로 말할 수 있다. 게이고의 미스터리 소설같은 게임.","이 게임 은 어떤 목표 를 완벽하게 제시 해주지 않기에 게임 초반 에는 탐험 이라는 게 주된 콘텐츠 이다 . 탐험 이라는 행동 을 통해 플레이어 는 미스터리 를 풀어 나가면 절정 에 다가가는 전개 인데 , 게이고 소설 을 읽는거 처럼 초반 전개 가 너무 지루하다 . 그렇기에 절정 에 다가가기 까지 플레이어 의 의지 가 무더져 버리는 경우 도 많을 것 이고 , 그중 한 명 이 본인 이다 . 그렇지만 이 게임 뒤 에 숨겨진 반전 과 절정 은 정말로 충격 적 이라고 말 할 수 있다 , 이 게임 은 한 줄 로 말 할 수 있다 . 게이고 의 미스터리 소설 같은 게임 .",2020-02-01 18:02:37
242760,The Forest,positive,^^ㅣ발 식인종들아 저리좀 가,^^ ㅣ 발 식인종 들 아 저 리좀 가,2020-02-01 14:28:11
242760,The Forest,positive,역대금 소울겜,역대 금 소울 겜,2020-02-01 11:36:35
242760,The Forest,positive,님들아 혹시 이거 마우스 안보이는 분들 어떻게 해결하는지 아는분들 계신가요 진짜 마우스 왼쪽으로 고정되어있어서 쓸수가 없어서 미치겠는데 어떻하죠?,님들 아 혹시 이 거 마우스 안 보이는 분들 어떻게 해결 하는지 아는 분 들 계신가요 진짜 마우스 왼쪽 으로 고정 되어있어서 쓸수가 없어서 미치겠는데 어떻하죠 ?,2020-02-01 04:05:19
242760,The Forest,positive,집지는 겜,집지 는 겜,2020-01-31 20:15:51
242760,The Forest,positive,힐링게임,힐링 게임,2020-01-31 19:03:46
242760,The Forest,positive,"진짜 재밌어요! 한 10만원으로 올라도 돈주고 살 게임! 일단 플레이가 너무너무 쉬워요, 아마 초보자 게임인듯..! 특히 마음만 먹으면 보스 깰수있는데 고민하고 계시다면 그냥 들어가셔도 됩니다! 제가 보장해요! 저는 이미 엔딩봤구요.. 진짜 후기 한번도 남긴적없는데 처음 남겨요.. 띵겜 물론 절대 공략 같은거 보지마세요! 진짜 보면 재미 하나도 없어요! 중간에 지루해도 조금만 버티면 바로 엔딩이에요! 진짜임! 다들 즐겜!","진짜 재밌어요 ! 한 10만원 으로 올라도 돈 주고 살 게임 ! 일단 플레이 가 너무 너무 쉬워요 , 아마 초보자 게임 인 듯 ..! 특히 마음 만 먹으면 보스 깰수있는데 고민 하고 계시다면 그냥 들어가셔도 됩니다 ! 제 가 보장 해요 ! 저 는 이미 엔딩 봤구요 .. 진짜 후기 한번 도 남긴 적 없는데 처음 남겨요 .. 띵겜 물론 절대 공략 같은거 보지 마세요 ! 진짜 보면 재미 하나 도 없어요 ! 중간 에 지루해도 조금 만 버티면 바로 엔딩 이에요 ! 진짜 임 ! 다 들 즐겜 !",2020-01-31 19:01:52
242760,The Forest,positive,.,.,2020-01-31 00:40:01
242760,The Forest,positive,아들은 이미 잊고 나무캐는 마인크래프트가 되어버림.. 초반엔 식인종때문에 무섭고 짜증났는데 어느샌가 내가 식인종이 돼버림..,아들 은 이미 잊고 나무 캐는 마인크래프트 가 되어 버림 .. 초반 엔 식인종 때문 에 무섭고 짜증났는데 어느샌가 내 가 식인종 이 돼 버림 ..,2020-01-30 21:57:02
242760,The Forest,positive,잼잼,잼잼,2020-01-30 17:37:20
242760,The Forest,positive,다굴이 뭔지 제대로 알려주는 생존겜,다 굴 이 뭔 지 제대로 알려주는 생존 겜,2020-01-30 14:40:10
242760,The Forest,positive,제작자의 의도 : 식인종들의 위협에서 살아남아 아들을 구출하는 게임 고인물의 게임 : 식인종들을 위협하며 눌러앉아 아들을 방관하는 게임,제작자 의 의도 : 식인종 들 의 위협 에서 살아남아 아들 을 구출 하는 게임 고인 물의 게임 : 식인종 들 을 위협 하며 눌러 앉아 아들 을 방관 하는 게임,2020-01-30 14:28:36
242760,The Forest,positive,"더포 재밌어요 너무 재밌어 저번에 아마스빈 갔다가 사하라라는 음료가 있던데 애들한테 ""얘들아 이거봐 사하라야 더포 더포"" 이러니깐 한심하듯 쳐다보더라구요 정말 ... ^^ 좋네여","더포 재밌어요 너무 재밌어 저번 에 아 마스 빈 갔다가 사하라 라는 음료 가 있던데 애 들 한테 "" 얘 들 아 이 거 봐 사하 라야 더포 더포 "" 이러니깐 한심하듯 쳐다보더라구요 정말 ... ^^ 좋 네 여",2020-01-30 00:37:09
242760,The Forest,positive,40시간동안 나무만캔듯,40시간 동안 나무 만 캔듯,2020-01-30 00:04:07
242760,The Forest,positive,오징어 게임,오징어 게임,2020-01-29 22:54:21
242760,The Forest,positive,밤 무서워...,밤 무서워 ...,2020-01-29 15:21:28
242760,The Forest,positive,식인종 학살 게임,식인종 학살 게임,2020-01-29 14:13:44
242760,The Forest,positive,갸꿀잼,갸꿀잼,2020-01-29 04:51:06
242760,The Forest,positive,친구들이랑 하면 더 재미있는 게임 ^^,친구 들 이랑 하면 더 재미있는 게임 ^^,2020-01-29 03:57:52
242760,The Forest,positive,rnt,rnt,2020-01-28 20:22:56
242760,The Forest,positive,혼자서 할 때는 존나 무서웠는데 친구랑 같이 하니깐 무서움 급감함. 그렇다고 재미가 없다는 건 아님. 한창 벌목 하다가 갑자기 끼야아아앍 거리면서 식인종이 다가오면 걍 도끼로 쎄쎄쎄 하면서 존나 패버리면 끝남. 엔딩까지는 아직 한참 남았겠지만 그래도 재밌게 즐기고 있음. 마음 잘 맞는 친구랑 같이 하면 힐링되고 좋을 듯 :),혼자 서 할 때 는 존나 무서웠는데 친구 랑 같이 하 니깐 무서움 급감 함 . 그렇다고 재미 가 없다는 건 아님 . 한창 벌목 하다가 갑자기 끼야아아 앍 거리 면서 식인종 이 다가오면 걍 도끼 로 쎄 쎄 쎄 하면서 존나 패 버리면 끝남 . 엔딩 까지는 아직 한참 남았겠지만 그래도 재밌게 즐기고 있음 . 마음 잘 맞는 친구 랑 같이 하면 힐링 되고 좋을 듯 :),2020-01-28 19:54:30
242760,The Forest,positive,!,!,2020-01-28 19:08:24
242760,The Forest,positive,론나재밌음,론 나 재밌음,2020-01-28 19:06:36
242760,The Forest,positive,무서워 T^T,무서워 T ^ T,2020-01-28 18:20:23
242760,The Forest,positive,옛날보다 많이 발전한 모습을 보여서 정말 좋습니다.,옛날 보다 많이 발전 한 모습 을 보 여서 정말 좋습니다 .,2020-01-28 14:29:45
242760,The Forest,positive,식인종 나가 뒤져 아.. 카타나 얻고 싶어,식인종 나가 뒤져 아 .. 카타나 얻고 싶어,2020-01-28 09:26:32
242760,The Forest,positive,실친이랑 멀티하면 개꿀잼,실친 이랑 멀티 하면 개꿀잼,2020-01-28 02:25:01
242760,The Forest,positive,친구들이랑 시간떼우기 좋은 게임,친구 들 이랑 시간 떼 우기 좋은 게임,2020-01-28 02:12:31
242760,The Forest,positive,질릴때가되서 안하다보면 계속 생각나는 게임,질릴 때 가 되서 안 하다 보면 계속 생각나는 게임,2020-01-27 21:07:52
242760,The Forest,positive,"걍 혼자하면 매우 무서운 게임, 하지만 친구 1~2명과 함께 하면 매우 재밌고 스릴있는 게임","걍 혼자 하면 매우 무서운 게임 , 하지만 친구 1~2 명과 함께 하면 매우 재밌고 스릴 있는 게임",2020-01-27 21:02:20
242760,The Forest,positive,따봉,따 봉,2020-01-27 20:54:11
242760,The Forest,positive,친구랑 힐링하려하니깐 폭탄떨궈줌ㅋㅋㅋㅋㅋㅋㅋㅋㅋㅋㅋ 역시 수소포레스트ㅋㅋㅋㅋㅋㅋㅋㅋㅋㅋ,친구 랑 힐링 하려하니깐 폭탄 떨궈 줌 ㅋㅋㅋㅋㅋㅋㅋㅋㅋㅋㅋ 역시 수소 포레스트 ㅋㅋㅋㅋㅋㅋㅋㅋㅋㅋ,2020-01-27 20:48:04
242760,The Forest,positive,뭔가 시벌 내가 나무꾼시뮬레이터를 산건지 생존/공포겜을 산건지 모르겠음,뭔가 시벌 내 가 나무꾼 시뮬레이터 를 산 건지 생존 / 공포 겜 을 산 건지 모르겠음,2020-01-27 19:17:33
242760,The Forest,positive,hhhhhhhhhhhhhhhhhhhhhhhhhhh,hhhhhhhhhhhhhhhhhhhhhhhhhhh,2020-01-27 19:15:52
242760,The Forest,positive,친구들과하면 꿀잼보장,친구 들 과 하면 꿀잼 보장,2020-01-27 19:12:10
242760,The Forest,positive,꿀잼,꿀잼,2020-01-27 18:52:18
242760,The Forest,positive,뭐 부터 해야되냐?,뭐 부터 해야 되냐 ?,2020-01-27 18:24:52
242760,The Forest,positive,친구들 혹은 지인들과 함께 섬을 누비며 집을 짓고 여러 스토리들을 진행하며 함정을 설치해서 우리 식인종 친구들을 놀라게 해주기도하고 다같이 즐거운 식인종 식사도 매우 즐겁답니다 :) 사면 후회는 안하는것같아요! 베어그릴스급 식성과 김병만급 건설기술로 뛰어난 주인공으로 섬을 누비며 플레이하세요!,친구 들 혹은 지인 들 과 함께 섬 을 누비 며 집 을 짓고 여러 스토리 들 을 진행 하며 함정 을 설치 해서 우리 식인종 친구 들 을 놀라게 해주 기도 하고 다 같이 즐거운 식인종 식사 도 매우 즐겁답니다 :) 사면 후회 는 안 하는것 같아요 ! 베어그릴스 급 식성 과 김병만 급 건설 기술 로 뛰어난 주인공 으로 섬 을 누비 며 플레이 하세요 !,2020-01-27 18:23:14
242760,The Forest,positive,ff,ff,2020-01-27 18:06:27
242760,The Forest,positive,재밌긴한데.. 갑자기 현타옴,재밌긴한데 .. 갑자기 현 타 옴,2020-01-27 14:16:40
242760,The Forest,positive,"같이 할 친구가 있으면 더 재밌습니다,.","같이 할 친구 가 있으면 더 재밌습니다 ,.",2020-01-27 14:01:40
242760,The Forest,positive,very good!,very good !,2020-01-27 13:39:19
242760,The Forest,positive,굳,굳,2020-01-27 13:30:07
242760,The Forest,positive,100시간이면 무난하게 모든걸 다 할수있어욤. 1인칭 시점이라 조금 멀미 나용. 근데 건물 만들구 잼이써욤!,100시간 이면 무난 하게 모든 걸 다 할수있어 욤 . 1 인칭 시점 이라 조금 멀미 나용 . 근데 건물 만들구 잼이써욤 !,2020-01-27 07:31:31
242760,The Forest,positive,친구들과 다 같이 해서 깼으나 혼자서는 자신이 없음. 그래픽도 좋고 렉도 없어서 기분좋게 플레이 함 잔인한 게임이지만 후반부에 가서 무뎌지는 내 자신이 이상하게 느껴졌다. 2편이 잘 나와줬으면 싶다,친구 들 과 다 같이 해서 깼으나 혼자 서는 자신 이 없음 . 그래픽 도 좋고 렉 도 없어서 기분 좋게 플레이 함 잔인한 게임 이지만 후반 부 에 가서 무뎌 지는 내 자신 이 이상하게 느껴졌다 . 2 편이 잘 나와 줬으면 싶다,2020-01-27 01:17:17
242760,The Forest,positive,멀티하면 잼있음,멀티 하면 잼있음,2020-01-26 21:56:50
242760,The Forest,positive,d,d,2020-01-26 20:10:10
242760,The Forest,positive,갓-겜,갓 - 겜,2020-01-26 19:36:18
242760,The Forest,positive,시발 존나 무섭네,시발 존나 무섭네,2020-01-26 17:09:18
242760,The Forest,positive,ㅗㅜㅑ,ㅗㅜㅑ,2020-01-26 17:07:59
242760,The Forest,positive,d,d,2020-01-26 05:27:11
242760,The Forest,positive,몰라 그냥 재밌어,몰라 그냥 재밌어,2020-01-26 00:46:03
242760,The Forest,positive,이게임 하면 보이는게 숲 숲 숲 숲 나무 나무 나무 막대기 막대기 식인종 입니다,이 게임 하면 보이는게 숲 숲 숲 숲 나무 나무 나무 막대기 막대기 식인종 입니다,2020-01-26 00:41:13
242760,The Forest,positive,??? : 저놈들 팔다리 짤라라..,??? : 저 놈 들 팔다리 짤 라라 ..,2020-01-25 22:37:55
242760,The Forest,positive,.,.,2020-01-25 21:11:37
242760,The Forest,positive,너무 재미있어요 정말 강추에요!!!!!!!!!!!(참고로 피시방에서 플래이할시에는 저장이 안되는거 같네요..ㅠㅠ),너무 재미있어요 정말 강추 에요 !!!!!!!!!!!( 참고 로 피시방 에서 플 래 이 할시에는 저장 이 안되는거 같네요 .. ㅠㅠ ),2020-01-25 18:41:46
242760,The Forest,positive,q,q,2020-01-25 18:02:52
242760,The Forest,positive,재밌고 어려웠음,재밌고 어려웠음,2020-01-25 17:58:46
242760,The Forest,positive,힐링 농사겜,힐링 농사 겜,2020-01-25 11:34:05
242760,The Forest,positive,재밌다,재밌다,2020-01-25 10:13:12
242760,The Forest,positive,설맞이 켠김에 왕까지 4명이서 열심히했습니다 재밌게 게임함ㅋㅋ,설 맞이 켠 김 에 왕 까지 4 명 이서 열심히 했습니다 재밌게 게임 함 ㅋㅋ,2020-01-25 02:06:09
242760,The Forest,positive,힐링겜,힐링 겜,2020-01-24 22:46:42
242760,The Forest,positive,혼자한다면 비추합니다. 다만 친구들과 함께한다면? 어느새 푹빠져버린 당신을 찾아볼 수 있을것입니다.,혼자 한다면 비추 합니다 . 다만 친구 들 과 함께 한다면 ? 어느새 푹 빠져 버린 당신 을 찾아볼 수 있을것 입니다 .,2020-01-24 19:50:23
242760,The Forest,positive,뚝딱뚝딱 냠냠쩝쩝,뚝딱 뚝딱 냠냠 쩝쩝,2020-01-24 12:41:45
242760,The Forest,positive,진짜 너무 무섭,진짜 너무 무섭,2020-01-24 09:43:42
242760,The Forest,positive,개띵작입니다. ㄹㅇ...,개띵작입니 다 . ㄹㅇ ...,2020-01-24 02:18:13
242760,The Forest,positive,게임하는 방법 2가지 1. 아들 찾아 있는 개고생 하며 식인종 친구와 돌연변이 동료들과 함께 우정나누며 싱크홀 탐험하기 2.본격 섬 요새화,게임 하는 방법 2 가지 1 . 아들 찾아 있는 개 고생 하며 식인종 친구 와 돌연변이 동료 들 과 함께 우정 나누며 싱크홀 탐험 하기 2 . 본격 섬 요새화,2020-01-23 19:19:58
242760,The Forest,positive,이 벌거숭이 새기들 모조리 조져야함. 보기만 해도 스트레스 받을거 같음.,이 벌거숭이 새 기 들 모조리 조져 야함 . 보기 만 해도 스트레스 받을거 같음 .,2020-01-23 04:29:19
242760,The Forest,positive,너무너무 재밌고 치트가 있어서 더 재밌는것 같아요 그리고 치트와 핵 땜에 테러를 하는 사람들이 많은 데 어떻게 막았줬으면 좋겠어요. 그리고 언제나 재밌는 더 포레스트 재밌게 플레이 하고 있습니다!!,너무 너무 재밌고 치트 가 있어서 더 재밌는것 같아요 그리고 치트 와 핵 땜 에 테러 를 하는 사람 들 이 많은 데 어떻게 막았 줬으면 좋겠어요 . 그리고 언제나 재밌는 더 포레스트 재밌게 플레이 하고 있습니다 !!,2020-01-22 20:44:54
242760,The Forest,positive,티미가누구죠,티 미가 누구 죠,2020-01-22 17:51:12
242760,The Forest,positive,good,good,2020-01-22 08:48:46
242760,The Forest,positive,현타올때 갑자기 하면은 꿀잼,현 타 올 때 갑자기 하면은 꿀잼,2020-01-21 23:34:20
242760,The Forest,positive,꿀잼 친구랑 하는거 추 천 강 추,꿀잼 친구 랑 하는거 추 천 강 추,2020-01-21 22:22:51
242760,The Forest,positive,베어형 빙의(?)생존기,베 어형 빙의 (?) 생존 기,2020-01-21 02:48:36
242760,The Forest,positive,hi,hi,2020-01-20 22:50:51
242760,The Forest,positive,ㅇㅇ,ㅇㅇ,2020-01-20 21:41:57
242760,The Forest,positive,핀구들하고하는게임이라재밌음,핀 구들 하고 하는 게임 이라 재밌음,2020-01-20 20:35:56
242760,The Forest,positive,무인도에 비행기가 추락하는데 거기서 살아남는 힐링게임이라고 생각하고 하는중입니다. 섬 현지인분들도 친절하고 좋네요. 그치만 동굴같은곳 들어갈때 앞에 세울 친구한명은 꼭 데리고 가세요. 동굴이 생각보다 아주 조금 어둡거든요. 그리고 동물잡아서 고기굽거나 건조시키고 집도 지으세요. 어쨋거나 같이 할 친구가 있다면 같이 섬을 탐험하세요. 아 그리고 스토리가이드라인은 없는거 같아요. 직접 돌아다니면서 단서줍고 하는데 딸랑 사진한장 떨어져있고 그게 뭘 뜻하는건지도 잘모르겠어요. (※그리고 게임이 조금 기괴합니다. 현지 원주민들분 취미가 좀,무인도 에 비행기 가 추락 하는데 거기 서 살아남는 힐링 게임 이라고 생각 하고 하는 중 입니다 . 섬 현 지인 분들 도 친절하고 좋네요 . 그치만 동굴 같은 곳 들어갈 때 앞 에 세울 친구 한 명 은 꼭 데리 고 가세 요 . 동굴 이 생각 보다 아주 조금 어둡거든요 . 그리고 동물 잡아서 고기 굽거나 건조 시키고 집도 지으세요 . 어쨋거 나 같이 할 친구 가 있다면 같이 섬 을 탐험 하세요 . 아 그리고 스토리 가이드라인 은 없는거 같아요 . 직접 돌아다니면서 단서 줍고 하는데 딸 랑 사진 한장 떨어져있고 그게 뭘 뜻 하는건 지도 잘 모르겠어요 . ( ※ 그리고 게임 이 조금 기괴합니다 . 현지 원주민 들 분 취미 가 좀,2020-01-20 16:07:45
242760,The Forest,positive,친구들과 같이하면 좋은 생존게임입니다.,친구 들 과 같이 하면 좋은 생존 게임 입니다 .,2020-01-20 15:20:19
242760,The Forest,positive,ㄱㅊ,ㄱㅊ,2020-01-20 12:04:02
242760,The Forest,positive,버그갓겜,버그 갓 겜,2020-01-20 11:44:42
242760,The Forest,positive,니들이 사람 맛을 알어?,니 들 이 사람 맛 을 알어 ?,2020-01-20 01:37:52
242760,The Forest,positive,뭔 말이 더 필요하누... 지려라,뭔 말 이 더 필요하 누 ... 지려라,2020-01-19 18:29:06
242760,The Forest,positive,ㅈㄴ 재밌음 가끔 버그가 있긴 하지만 친구들이랑 하면 개꿀잼임,ㅈㄴ 재밌음 가끔 버그 가 있긴 하지만 친구 들 이랑 하면 개꿀잼임,2020-01-19 11:48:27
242760,The Forest,positive,good,good,2020-01-19 01:01:37
242760,The Forest,positive,갓겜,갓 겜,2020-01-18 22:43:40
242760,The Forest,positive,개 꿀잼~~ 친구랑 하면 더 재밌음,개 꿀잼 ~~ 친구 랑 하면 더 재밌음,2020-01-18 19:06:10
242760,The Forest,positive,good,good,2020-01-18 17:06:18
242760,The Forest,positive,후속작 기대할게요♡♡,후속작 기대할게요 ♡♡,2020-01-18 16:11:09
242760,The Forest,positive,갓ㅡ겜,갓 ㅡ 겜,2020-01-18 12:48:50
242760,The Forest,positive,"제목 그대로 숲 느낌을 정말 잘 살려서, 몰입이 정말 잘됐었어요. 사지절단하는 맛이 일품이고, 건축하는것도 재밌습니다.","제목 그대로 숲 느낌 을 정말 잘 살려서 , 몰입 이 정말 잘 됐었어요 . 사지절단 하는 맛 이 일품 이고 , 건축 하는것도 재밌습니다 .",2020-01-18 12:41:33
242760,The Forest,positive,2만원으로 식인종들과 섬에서 휴향 잘 하고갑니다 ~,2만원 으로 식인종 들 과 섬 에서 휴 향 잘 하고 갑니다 ~,2020-01-17 23:19:25
242760,The Forest,positive,갓-겜,갓 - 겜,2020-01-17 19:29:28
242760,The Forest,positive,존나 재밌다,존나 재밌다,2020-01-16 21:08:08
242760,The Forest,positive,이 게임은 우리 친구들에서 추천해 주고싶은 아주 건전하고 아름다운 게임입니다. 이 게임을 친구들과 한다면 우정이 돈독해지고 친구사이에 없던 감정도 생기는 아주 대단한 게임입니다. 꼭 한번은 친구와 해보면 좋을거 같습니다.,이 게임 은 우리 친구 들 에서 추천 해 주고싶은 아주 건전하고 아름다운 게임 입니다 . 이 게임 을 친구 들 과 한다면 우정 이 돈독해지고 친구사이 에 없던 감정 도 생기는 아주 대단한 게임 입니다 . 꼭 한번 은 친구 와 해보면 좋을거 같습니다 .,2020-01-16 19:50:55
242760,The Forest,positive,여자 식인종은 거꾸로 매달아놓고 1렙 창으로 찔러야 제맛,여자 식인종 은 거꾸로 매달아놓고 1 렙 창 으로 찔러야 제 맛,2020-01-15 20:31:03
242760,The Forest,positive,good game,good game,2020-01-15 17:44:24
242760,The Forest,positive,큰일났어요 슬슬 고기가 바닥나는데 식인종이 안찾아와요!,큰일 났어요 슬슬 고기 가 바닥나는데 식인종 이 안 찾아와요 !,2020-01-15 17:15:57
242760,The Forest,positive,재미있음 근데 초보는 멀티로 먼저 고인물한테 배우길 바람,재미있음 근데 초보 는 멀티 로 먼저 고 인물 한테 배우길 바람,2020-01-15 17:04:36
242760,The Forest,positive,일단 힐링이 되고 간단히 말하면 마크 3D 랄 까 뭔가 그런 느낌이 들면서 재밌음 건축이면 건축 생존이면 생존 모든걸 할수있으니깐 정말좋은거 같고 말하는 기능도 Q로 할수있어서 소통하기도 편하고 플레이어들과 멀티도 할수있어서 너무 추천함,일단 힐링 이 되고 간단히 말 하면 마크 3 D 랄 까 뭔가 그런 느낌 이 들면서 재밌음 건축 이 면 건축 생존 이면 생존 모든 걸 할수있으니깐 정말 좋은 거 같고 말 하는 기능 도 Q 로 할수있어서 소통 하기도 편하고 플레이어 들 과 멀티 도 할수있어서 너무 추천 함,2020-01-15 15:30:57
242760,The Forest,positive,재밌습니다 ㅎㅎ,재밌습니다 ㅎㅎ,2020-01-15 13:17:00
242760,The Forest,positive,꿀잼,꿀잼,2020-01-15 09:58:44
242760,The Forest,positive,돌연변이가 ? 푸슝파슝피슝,돌연변이 가 ? 푸슝파슝피슝,2020-01-14 21:37:55
242760,The Forest,positive,댕꿀잼 선즈 오브 더 포레스트 절.대 존버,댕꿀잼 선 즈 오브 더 포레스트 절 . 대 존버,2020-01-14 08:53:37
242760,The Forest,positive,혼자하면 집짓기와 전투가 힘들어서 친구들과 하는것이 좋을 것 같다. 스토리도 좋고 게임성도 좋다. 스토리를 따라가지 않고 사냥하는 맛으로 게임해도 재미있다. 식인종 맛있다. 후속작 빨리 나왔으면!!!!!,혼자 하면 집짓기 와 전투 가 힘들어서 친구 들 과 하는것이 좋을 것 같다 . 스토리 도 좋고 게임 성도 좋다 . 스토리 를 따라가지 않고 사냥 하는 맛 으로 게임 해도 재미있다 . 식인종 맛있다 . 후속작 빨리 나왔으면 !!!!!,2020-01-14 00:44:23
242760,The Forest,positive,친구랑 할 필수겜,친구 랑 할 필수 겜,2020-01-13 16:59:35
242760,The Forest,positive,식인종 잡으러 가즈아~,식인종 잡으러 가즈 아 ~,2020-01-13 12:28:30
242760,The Forest,positive,무서워요 같이하면 재밌어요,무서워요 같이 하면 재밌어요,2020-01-13 01:20:34
242760,The Forest,positive,갓겜,갓 겜,2020-01-13 00:25:12
242760,The Forest,positive,f,f,2020-01-12 23:08:52
242760,The Forest,positive,jmt,jmt,2020-01-12 19:36:33
242760,The Forest,positive,굿,굿,2020-01-11 05:34:49
242760,The Forest,positive,식인종이 불쌍해지는 게임,식인종 이 불쌍해지는 게임,2020-01-10 17:33:50
242760,The Forest,positive,맛있는 식인종,맛있는 식인종,2020-01-10 17:28:56
242760,The Forest,positive,ㅇㅇ,ㅇㅇ,2020-01-10 15:01:17
242760,The Forest,positive,컨텐츠는 없고 2는 안나오고,컨텐츠 는 없고 2 는 안 나오고,2020-01-10 13:56:51
242760,The Forest,positive,친구들이랑하니까 노동군이 되어네요,친구 들 이랑 하니까 노동 군 이 되어네요,2020-01-10 09:46:51
242760,The Forest,positive,식인종 개많음 재밌음 탄탄한 스토리는 좋은데 돌연변이 숫자가 좀 적은것 같음;; 하지만 굿,식인종 개 많음 재밌음 탄탄한 스토리 는 좋은데 돌연변이 숫자 가 좀 적은것 같음 ;; 하지만 굿,2020-01-09 17:19:21
242760,The Forest,positive,미안하다 무서워서 동굴에 못들어간다.....,미안하다 무서워서 동굴 에 못 들어간다 .....,2020-01-09 13:42:02
242760,The Forest,positive,기모링,기 모 링,2020-01-09 10:56:59
242760,The Forest,positive,재미있음,재미있음,2020-01-09 01:17:18
242760,The Forest,positive,평화로운 식인종마을에 대학살사건이 일어나는 좋지 못한게임,평화로운 식인종 마을 에 대 학살 사건 이 일어나는 좋지 못 한게임,2020-01-08 23:24:29
242760,The Forest,positive,.,.,2020-01-08 14:28:35
242760,The Forest,positive,따봉,따 봉,2020-01-08 13:38:34
242760,The Forest,positive,초반에 그렇게 무섭게 느껴지는 식인종들이 내가 만든 밧줄덫에 매달려 버둥거리며 서서히 삶을 포기해가는것을 볼때가 이 게임에서 내가 가장 성취감을 느끼던 순간이였다,초반 에 그렇게 무섭게 느껴지는 식인종 들 이 내 가 만든 밧줄 덫 에 매달려 버둥거리 며 서서히 삶 을 포기 해가는것을 볼때 가 이 게임 에서 내 가 가장 성취 감 을 느끼던 순간 이 였다,2020-01-08 11:23:44
242760,The Forest,positive,어우 막노동하다가 나무우리집으로 쓰러지면 그렇게 억울한게없다,어우 막노동 하다가 나무 우리 집 으로 쓰러지면 그렇게 억울한게 없다,2020-01-08 00:16:35
242760,The Forest,positive,캌퉤,캌퉤,2020-01-07 23:03:49
242760,The Forest,positive,더 말이 필요 없음. 취향 저격임. 생존게임 원탑임.,더 말 이 필요 없음 . 취향 저격 임 . 생존 게임 원 탑임 .,2020-01-07 19:51:15
242760,The Forest,positive,누가 나한테 힐링게임이라고 한 다음에 팔아넘겼냐?ㅂㄷㅂㄷ,누가 나 한테 힐링 게임 이라고 한 다음 에 팔 아 넘겼냐 ? ㅂㄷㅂㄷ,2020-01-07 17:35:54
242760,The Forest,positive,사슴 개새끼,사슴 개새끼,2020-01-07 13:30:01
242760,The Forest,positive,숲의 장관을 느낄수 있는 갓겜,숲 의 장관 을 느낄수 있는 갓 겜,2020-01-07 11:53:00
242760,The Forest,positive,정말 그래픽이 끝내주고 재밌고 그리고 공포개임인데 힐링게임 보다 힐링이 잘되고 재밌어용 그리고 식인종 잡다가보면 재밌음,정말 그래픽 이 끝내주고 재밌고 그리고 공포 개 임 인데 힐링 게임 보다 힐링 이 잘 되고 재밌어용 그리고 식인종 잡다 가보면 재밌음,2020-01-07 11:40:26
242760,The Forest,positive,재밌네요,재밌네요,2020-01-07 00:30:25
242760,The Forest,positive,생존 게임,생존 게임,2020-01-06 21:05:39
242760,The Forest,positive,초반에 불친절한거 빼면 재밌습니다 아무것도 모르고 뛰어다니고 겁먹는게 재미기도하지만 손 오브 빛.. 포레스트2 기다립니다.,초반 에 불친절한거 빼면 재밌습니다 아무 것 도 모르고 뛰어다니고 겁 먹는게 재미 기도 하 지만 손 오브 빛 .. 포레스트 2 기다립니다 .,2020-01-06 19:32:02
242760,The Forest,positive,식인족이내가된다,식인 족 이내 가 된다,2020-01-06 15:54:20
242760,The Forest,positive,진짜 요건 내가 식인종 인지 아니면 적이 식인종 인지 알수 없어요ㅎㅎ 처음에는 식인종 많이 나오면 ㅌㅌ 해야 하지만 나중에는 식량으로 변해 있는 식인종을 발견 할수 있습니다ㅋㅋ,진짜 요건 내 가 식인종 인지 아니면 적 이 식인종 인지 알수 없어요 ㅎㅎ 처음 에는 식인종 많이 나오면 ㅌㅌ 해야 하지만 나중 에는 식량 으로 변해 있는 식인종 을 발견 할수 있습니다 ㅋㅋ,2020-01-06 12:33:58
242760,The Forest,positive,재밌다 그냥,재밌다 그냥,2020-01-06 05:49:18
242760,The Forest,positive,좋은게임,좋은 게임,2020-01-05 19:43:39
242760,The Forest,positive,개인적으로는 스토리대로 보스 잡고 게임 끝내는것도 좋겠지만 집짓는거나 생존하는게 재밌어서 계속 게임 하게 돼요! 꿀잼쓰,개인 적 으로는 스토리 대로 보스 잡고 게임 끝내는것도 좋겠지만 집 짓는거나 생존 하는게 재밌어서 계속 게임 하게 돼요 ! 꿀잼 쓰,2020-01-05 18:16:50
242760,The Forest,positive,게스트는 했던 방에서 저장이 안되긴 하지만 재밌습니다.,게스트 는 했던 방 에서 저장 이 안되긴 하지만 재밌습니다 .,2020-01-05 16:19:20
242760,The Forest,positive,"자,이제 누가 식인종이지?","자 , 이제 누가 식인종 이지 ?",2020-01-05 14:22:38
242760,The Forest,positive,뉴올1.5플핸 54.5언더 기원합니다 +짝,뉴올 1.5 플핸 54.5 언 더 기원 합니다 + 짝,2020-01-05 13:19:08
242760,The Forest,positive,10시간 이상하면 돌연변이그딴거 눈에뵈는게 없어짐ㅎㅎ,10시간 이상하면 돌연변이 그딴 거 눈 에 뵈는게 없어짐 ㅎㅎ,2020-01-05 11:20:21
242760,The Forest,positive,"간석기 이전에 뗀석기가 있었고, 뗀석기 이전에는 그냥 돌이 있었다.","간석기 이전 에 뗀석기 가 있었고 , 뗀석기 이전 에는 그냥 돌이 있었다 .",2020-01-05 09:02:58
242760,The Forest,positive,DD,DD,2020-01-05 00:18:24
242760,The Forest,positive,괜찬은 게임인듯 합니다 nice game~!,괜찬 은 게임 인 듯 합니다 nice game ~!,2020-01-04 23:37:40
242760,The Forest,positive,얼리억세스 때부터 난 이미 이 게임이 갓겜이 될 것이란 냄새를 맡았다.,얼리 억 세 스 때 부터 난 이미 이 게임 이 갓 겜 이 될 것 이란 냄새 를 맡았다 .,2020-01-04 23:26:10
242760,The Forest,positive,친구와 멀티로 정석루트로 15시간 정도에 2가지 엔딩 모두 즐겼습니다. 주로 동굴에서 사진 또는 비디오 테이프를 통해 스토리를 이해할 수 있었습니다. 2만원에 이정도 볼륨이라니 세일 안할 때에 사도 가성비 값 게임이네요.,친구 와 멀티 로 정석 루트 로 15시간 정도 에 2 가지 엔딩 모두 즐겼습니다 . 주로 동굴 에서 사진 또는 비디오 테이프 를 통해 스토리 를 이해 할 수 있었습니다 . 2만원 에 이정 도 볼륨 이라니 세 일 안 할 때 에 사도 가성 비 값 게임 이네 요 .,2020-01-04 18:54:33
242760,The Forest,positive,엔딩이 시원하진 않지만 자유롭고 창의적이고 좋음,엔딩 이 시원하진 않지만 자유 롭고 창의 적 이고 좋음,2020-01-04 18:43:39
242760,The Forest,positive,just a fucking good game,just a fucking good game,2020-01-04 16:52:06
242760,The Forest,positive,dd,dd,2020-01-04 02:59:14
242760,The Forest,positive,내가 승무원옷을 입고있었다는 사실을 알기가지 한시간이 걸림,내 가 승무원 옷 을 입고있었다는 사실 을 알기 가지 한 시간 이 걸림,2020-01-04 00:02:44
242760,The Forest,positive,식인종 맛있다 ㅎㅎ,식인종 맛있다 ㅎㅎ,2020-01-03 22:11:42
242760,The Forest,positive,진짜 자유도 완전높음 짱짱,진짜 자유도 완전 높음 짱짱,2020-01-03 16:45:00
242760,The Forest,positive,사람이 섬에서 살면서 점점 식인종이 되가는 게임임........,사람 이 섬 에서 살면서 점점 식인종 이 되가는 게임 임 ........,2020-01-03 15:16:48
242760,The Forest,positive,하다보면 저놈들이 식인종인지 내가 식인종인지 헷갈리는 게임. (개인적인 생각으로 조선족이 되어보는 게임인가 싶기도..),하다 보면 저 놈 들 이 식인종 인지 내 가 식인종 인지 헷갈리는 게임 . ( 개인 적 인 생각 으로 조선족 이 되어 보는 게임 인가 싶기도 ..),2020-01-03 06:26:38
242760,The Forest,positive,재미쪙 생각보다 요소가 많네여,재미 쪙 생각 보다 요소 가 많네여,2020-01-03 04:44:31
242760,The Forest,positive,꿀잼인데 솔직히 좀 초반에 어려움...노가다 근데 할만함,꿀잼 인데 솔직히 좀 초반 에 어려움 ... 노가다 근데 할만 함,2020-01-03 00:36:35
242760,The Forest,positive,친구들과 하게되면 내가 그나마 정상이라는걸 알게 되는 게임.,친구 들 과 하게되 면 내 가 그나마 정상 이라 는걸 알 게 되는 게임 .,2020-01-02 22:40:25
242760,The Forest,positive,8시간만에2명이서엔딩봄 유튭에공략보고하지마라 난보고했지만 유튭보면 재미떨어진다,8시간 만에 2 명 이 서 엔딩 봄 유튭 에 공략 보고하지마라 난 보고 했지만 유튭보 면 재미 떨어진다,2020-01-02 21:29:09
242760,The Forest,positive,이게 갓겜인게 버그로 재밌는플레이쌉가능 또 파쿠르도잼있음,이 게 갓 겜 인게 버그 로 재밌는 플레이 쌉 가능 또 파쿠르 도 잼있음,2020-01-02 20:57:48
242760,The Forest,positive,재밌음,재밌음,2020-01-02 20:31:57
242760,The Forest,positive,b,b,2020-01-02 01:09:11
242760,The Forest,positive,마크를 현실적으로 할수있음,마크 를 현실 적 으로 할수있음,2020-01-01 22:23:35
242760,The Forest,positive,조온잼,조 온 잼,2020-01-01 22:07:59
242760,The Forest,positive,4년 지난 게임이지만 지금 플레이 해도 정말 잘만들었다,4년 지난 게임 이지만 지금 플레이 해도 정말 잘 만들었다,2020-01-01 20:28:33
242760,The Forest,positive,꿀잼,꿀잼,2020-01-01 17:53:34
242760,The Forest,positive,하.. 어떻게 이렇게 생존 장르를 잘 만들었을까.. 진짜 다시 하고 싶을때 다시해도 개꿀잼.. 멀티 갓겜,하 .. 어떻게 이렇게 생존 장르 를 잘 만들었을까 .. 진짜 다시 하고 싶을 때 다시 해도 개꿀잼 .. 멀티 갓 겜,2020-01-01 16:12:05
242760,The Forest,positive,... 왜샀지 라고 후회하는 겜,... 왜 샀지 라고 후회 하는 겜,2020-01-01 14:46:54
242760,The Forest,positive,good,good,2020-01-01 13:34:55
242760,The Forest,positive,8명이랑 하는데 이거는 공포겜이 아니라 그냥 병맛겜이 되버렸다,8 명 이랑 하는데 이 거 는 공포 겜 이 아니라 그냥 병맛 겜 이 되 버렸다,2020-01-01 11:40:14
242760,The Forest,positive,통나무게임 8/10,통나무 게임 8/10,2020-01-01 04:40:39
242760,The Forest,positive,개꿀잼,개꿀잼,2020-01-01 00:51:45
242760,The Forest,positive,난 친구랑 놀라고 깔았는데 하면서 한 10시간정도 놀다가 심심해서 같이 엔딩깼는데 동굴은 공략봐야되는데 나머진 다쉬움. 메간도 혼자해도 열심히 하면 30분안엔 잡고 ㅋㅋ 제대로 하면 그냥깸. 엔딩도 소름돋아서 할만함 ㅋㅋㅋ 추천합니다!,난 친구 랑 놀라고 깔았는데 하면서 한 10시간 정도 놀다가 심심해서 같이 엔딩 깼는데 동굴 은 공략 봐야 되는데 나머진 다 쉬움 . 메 간도 혼자 해도 열심히 하면 30분 안엔 잡고 ㅋㅋ 제대로 하면 그냥 깸 . 엔딩 도 소름 돋아서 할만 함 ㅋㅋㅋ 추천 합니다 !,2019-12-31 23:03:53
242760,The Forest,positive,',',2019-12-31 22:31:31
242760,The Forest,positive,진짜 친구들이랑 하는데 개꿀잼 시간 가는줄도 모르고 해요,진짜 친구 들 이랑 하는데 개꿀잼 시간 가는줄도 모르고 해 요,2019-12-31 21:14:00
242760,The Forest,positive,우당탕탕 식인종들의 태풍을 부르는 영광의 인육파티,우당탕 탕 식인종 들 의 태풍 을 부르는 영광 의 인육 파티,2019-12-31 16:46:30
242760,The Forest,positive,충분히 재밋삼,충분히 재밋삼,2019-12-31 15:49:35
242760,The Forest,positive,ㅈㄴ 개꿀잼,ㅈㄴ 개꿀잼,2019-12-31 15:20:38
242760,The Forest,positive,완전 개꿀잼 게임이네요 여러가지 괴물들과 식인종들과 싸우고 반전 스토리도 있는 것이 너무 매력적이네요. 이런 게임이 2가 나온다니 빨리 나왔으면 좋겠네요. 이 게임 고민중인 분들 고민하지 말고 그냥 지르세요! 너무 재밌습니다.,완전 개꿀잼 게임 이네 요 여러가지 괴물 들 과 식인종 들 과 싸우고 반전 스토리 도 있는 것 이 너무 매력 적이네요 . 이런 게임 이 2 가 나온다니 빨리 나왔으면 좋겠네요 . 이 게임 고민 중 인 분들 고민 하지 말고 그냥 지르세요 ! 너무 재밌습니다 .,2019-12-31 05:09:40
242760,The Forest,positive,친구많으면재밌음,친구 많으면 재밌음,2019-12-31 02:31:49
242760,The Forest,positive,그냥 같이하면 재밌음 혼자하면 노잼,그냥 같이 하면 재밌음 혼자 하면 노잼,2019-12-31 00:08:18
242760,The Forest,positive,일단 혼자할거면 시간많이잡고 가야될 게임인거같음 친구랑 같이하면 재밋기는한데 문제는 각각의 상황에 따라 너무 재미가 다른거같음 일단 재밌게 플레이함,일단 혼자 할거면 시간 많이 잡고 가야 될 게임 인거 같음 친구 랑 같이 하면 재밋 기는한데 문제 는 각각 의 상황 에 따라 너무 재미 가 다른거 같음 일단 재밌게 플레이 함,2019-12-31 00:05:38
242760,The Forest,positive,77,77,2019-12-30 22:48:51
242760,The Forest,positive,굳,굳,2019-12-30 21:56:59
242760,The Forest,positive,식인종 존나패고싶네,식인종 존나 패 고 싶네,2019-12-30 17:41:01
242760,The Forest,positive,친구랑 같이하면 꿀잼,친구 랑 같이 하면 꿀잼,2019-12-30 17:22:54
242760,The Forest,positive,식인종과 처음 조우할땐 매우 위험합니다. 하지만 지금은 제 방어구죠.,식인종 과 처음 조우 할 땐 매우 위험합니다 . 하지만 지금 은 제 방어 구 죠 .,2019-12-30 16:08:44
242760,The Forest,positive,노잼,노잼,2019-12-30 13:04:35
242760,The Forest,positive,킬링타임,킬링타임,2019-12-30 13:02:50
242760,The Forest,positive,"진짜재밌음 남자친구랑 둘이 했는데 너무재밌음 재질걍미쳤음 새벽 12시에 깔았는데 그상태로 아침까지함 ㅋㅋ 9시간동안 잠 안자고 해서 밤낮바뀜 ㅠ 결국 3일 폐인마냥 잠도 잘 안 자고 시간 전부 바쳐서 엔딩봄 자고 눈뜨자마자 드는 생각이 아 집지어야 되는데.. 이거였음 웬만큼 건축하고 나면 엔딩 보고싶어짐 그전까지 엔딩 생각 안 남 ㅋㅋㅋㅋㅋㅋ 마을 다 짓고나면 뿌듯하기 그지없음 아늑 그 자체 괜히 깝친다고 하드버전으로 했는데 하드도 괜찮은 거 같기도,, 좀 빡세긴 한데 오히려 그래서 더 재밌었던듯... 너구리 잡겠다고 이틀 밤새가","진짜 재밌음 남자친구 랑 둘 이 했는데 너무 재밌음 재질 걍 미쳤음 새벽 12시 에 깔았는데 그 상태 로 아침 까지 함 ㅋㅋ 9시간 동안 잠 안자고 해서 밤낮 바뀜 ㅠ 결국 3일 폐인 마냥 잠도 잘 안 자고 시간 전부 바쳐서 엔딩 봄 자고 눈뜨자마자 드는 생각 이 아 집지어야 되는데 .. 이거였음 웬만큼 건축 하고 나면 엔딩 보고싶어 짐 그 전 까지 엔딩 생각 안 남 ㅋㅋㅋㅋㅋㅋ 마을 다 짓고나면 뿌듯하기 그 지 없음 아늑 그 자체 괜히 깝 친다고 하드 버전 으로 했는데 하드 도 괜찮은 거 같기도 ,, 좀 빡세 긴 한데 오히려 그래서 더 재밌었던듯 ... 너구리 잡겠다고 이틀 밤새 가",2019-12-30 04:27:21
242760,The Forest,positive,친구들이랑 하면 재밌다. 근데 무서움,친구 들 이랑 하면 재밌다 . 근데 무서움,2019-12-30 01:52:03
242760,The Forest,positive,사람을 먹는 사람을 사냥해서 먹는 사람이 되는 게임,사람 을 먹는 사람 을 사냥 해서 먹는 사람 이 되는 게임,2019-12-30 00:28:52
242760,The Forest,positive,국밥 4그릇이 아깝지 않은 게임,국밥 4 그릇 이 아깝지 않은 게임,2019-12-29 22:45:02
242760,The Forest,positive,여자 식인종은 안죽이게되네요ㅎ 이유는 플레이해보시면 알게됩니다...ㅎㅎ,여자 식인종 은 안 죽이게 되네요 ㅎ 이유 는 플레이 해보시면 알 게 됩니다 ... ㅎㅎ,2019-12-29 22:35:04
242760,The Forest,positive,걍 마음놓고 건축만 하니까 재밌네...?,걍 마음 놓고 건축 만 하니까 재밌네 ...?,2019-12-29 14:53:13
242760,The Forest,positive,"""머라고? 내가 누구냐고?"" ""상당구 강냉이 머신""",""" 머 라고 ? 내 가 누구 냐 고 ?"" "" 상당구 강냉이 머신 """,2019-12-29 14:21:31
242760,The Forest,positive,ㅈㄷㅇ,ㅈㄷㅇ,2019-12-29 14:17:00
242760,The Forest,positive,재밌어여 친구한명이 공략으로 보고와서 굴에서 너무빨리 좋은템을 찾아서 쉬워져서 좋고 재밌었지만 금방끝나버려서 아쉬웠어요! 노말로 했기도해서 컨텐츠를 제대로 못즐긴거같아서 하드로 솔로잉으로 나중에 한번쯤 다시 해보려합니다 하하,재밌어여 친구 한 명 이 공략 으로 보고와서 굴 에서 너무 빨리 좋은 템 을 찾아서 쉬워져서 좋고 재밌었지만 금방 끝나 버려서 아쉬웠어요 ! 노말 로 했기 도해 서 컨텐츠 를 제대로 못 즐긴거 같아서 하드 로 솔로잉 으로 나중 에 한번 쯤 다시 해보려 합니다 하하,2019-12-29 13:54:45
242760,The Forest,positive,재밌어요!,재밌어요 !,2019-12-29 10:54:33
242760,The Forest,positive,친구랑 하면 더욱 재미있는 갓겜 내 아들 티미는 미국보내고 나혼자 섬의 포식자 꼭대기 까지 갈수있는 갓겜,친구 랑 하면 더욱 재미있는 갓 겜 내 아들 티 미는 미국 보내고 나 혼자 섬 의 포식자 꼭대기 까지 갈수 있는 갓 겜,2019-12-28 22:30:39
242760,The Forest,positive,자 이제 누가 식인종이지?,자 이제 누가 식인종 이지 ?,2019-12-28 20:05:46
242760,The Forest,positive,마크 19금판,마크 19 금판,2019-12-28 17:04:16
242760,The Forest,positive,gg,gg,2019-12-28 14:47:54
242760,The Forest,positive,굿,굿,2019-12-28 12:22:56
242760,The Forest,positive,빠끄,빠끄,2019-12-28 00:45:18
242760,The Forest,positive,꾸르잼,꾸르잼,2019-12-27 21:30:39
242760,The Forest,positive,재밋음,재밋음,2019-12-27 09:31:57
242760,The Forest,positive,123,123,2019-12-27 08:22:50
242760,The Forest,positive,인육이 제일 맛잇습니다,인육 이 제일 맛 잇습니다,2019-12-27 03:45:48
242760,The Forest,positive,재밌음,재밌음,2019-12-26 23:11:39
242760,The Forest,positive,ㅈㄴ 웃기네요 ㅅㅂㅋㅋㅋㅋ,ㅈㄴ 웃기네요 ㅅㅂㅋㅋㅋㅋ,2019-12-26 19:56:04
242760,The Forest,positive,레알 갓겜 2019게임 어워즈 에서 발표한 Son of the Forest 출시일좀 알려주셈,레알 갓 겜 2019 게임 어워즈 에서 발표 한 Son of the Forest 출시일 좀 알려주셈,2019-12-26 18:49:49
242760,The Forest,positive,8시간동안 나무만캣는데 친구가 치트키 쓰는거보고 게임관둠..............................,8시간 동안 나무 만 캣 는데 친구 가 치트키 쓰는거 보고 게임 관 둠 ..............................,2019-12-26 17:32:40
242760,The Forest,positive,밝기를 높이시오...,밝기 를 높이 시오 ...,2019-12-26 00:47:25
242760,The Forest,positive,후속작이 너무 궁금해지네요,후속작 이 너무 궁금해지네요,2019-12-25 23:25:17
242760,The Forest,positive,ㅌㅊㅌㅋㅊㅋㅊ,ㅌㅊㅌㅋㅊㅋㅊ,2019-12-25 22:20:43
242760,The Forest,positive,재밌음 공포 즐거움 모험등등 너무 많음 내가 원하는 게임임,재밌음 공포 즐거움 모험 등등 너무 많음 내 가 원하는 게임 임,2019-12-25 21:28:48
242760,The Forest,positive,단점없고 친구랑하기 정말 좋은게임,단점 없고 친구 랑 하기 정말 좋은 게임,2019-12-25 21:16:06
242760,The Forest,positive,아 이제는 서로 죽이고 죽이는 게임은 됬어 그만하고 싶어 뭐 만들고 짓고 이런겜인줄 알고 샀는데 나중에 식인종들을 학살을 즐기는 내 모습을 볼수 있었읍니다,아 이제 는 서로 죽 이고 죽이는 게임 은 됬어 그만하고 싶어 뭐 만들고 짓고 이런 겜 인 줄 알 고 샀는데 나중 에 식인종 들 을 학살 을 즐기는 내 모습 을 볼수 있었 읍니 다,2019-12-25 17:45:23
242760,The Forest,positive,웅 추천해,웅 추천 해,2019-12-25 14:43:39
242760,The Forest,positive,스팀닉은 한글로해주세요 그래야 재밌어요,스팀 닉 은 한글 로 해주세요 그 래야 재밌어요,2019-12-25 13:52:02
242760,The Forest,positive,해,해,2019-12-25 11:24:57
242760,The Forest,positive,넘모 잼있는 겜,넘 모 잼있는 겜,2019-12-25 00:47:18
242760,The Forest,positive,재미있음,재미있음,2019-12-24 21:16:11
242760,The Forest,positive,친구랑 하면 재미있습니다. 초반에 뭘 해야할지 좀 더 자세히 알려줬으면 좋겠습니다.,친구 랑 하면 재미있습니다 . 초반 에 뭘 해야 할지 좀 더 자세히 알려 줬으면 좋겠습니다 .,2019-12-24 18:45:58
242760,The Forest,positive,게임성은 겁나게 좋다 친구들과 플레이 하기에도 좋다 하지만 한가지 장벽이있다면 조합법을 모르면 처음부터 살기 힘들다... 마인크래프트마냥 조합법을 외워야 살기 수월해진다. 징그러운건 내성있는사람이 보면 그냥 그렇다,게임 성은 겁나게 좋다 친구 들 과 플레이 하기에도 좋다 하지만 한가지 장벽 이 있다면 조 합법 을 모르면 처음 부터 살기 힘들다 ... 마인크래프트 마냥 조 합법 을 외워야 살기 수월해진다 . 징그러운건 내 성 있는 사람 이 보면 그냥 그렇다,2019-12-24 16:39:36
242760,The Forest,positive,친구랑 하고있는데 첨엔 식인종 무서웠는데 나중에 되니까 식량으로 보이네요,친구 랑 하고있는데 첨 엔 식인종 무서웠는데 나중 에 되니까 식량 으로 보이네요,2019-12-24 16:09:39
242760,The Forest,positive,2만원 정가로 주고사기엔 타 샌드박스 게임처럼 모드의 폭이 좁아 아까운 게임 할인할때 친구들이랑 모여서 하시면 꿀쟘 그자체,2만원 정가 로 주 고사기 엔 타 샌드박스 게임 처럼 모드 의 폭 이 좁아 아까운 게임 할인 할 때 친구 들 이랑 모 여서 하시면 꿀쟘 그 자체,2019-12-24 04:57:23
242760,The Forest,positive,ㄹㅇ 인육맛있음,ㄹㅇ 인육 맛있음,2019-12-23 16:09:06
242760,The Forest,positive,더 포레스트는 혼자 할 건 아니고 지인분들이랑 멀티 하거나 방송용으로 하시는 게 맞는 것 같습니다. 밤마다 식인종들이 찾아온다고 해도 점점 갈수록 지루해지기 때문에 솔로 플레이를 원하신다면 적당히 하면 좋을 것 같습니다. 적당히. 일단 게임에 대해서 평가하자면.. 그래픽 좋고 스토리 괜찮고 공포 분위기가 특출나고 충분히 고어 합니다. 끝이에요 이 게임의 단점은 단 하나 솔로 플레이로 할 때 어느샌가 지루해져서 눈이 반쯤 감겨 저 있는 것 일뿐 진짜 재밌게 플레이했습니다.,더 포레스트 는 혼자 할 건 아니고 지인 분들 이랑 멀티 하 거나 방송 용 으로 하시는 게 맞는 것 같습니다 . 밤 마다 식인종 들 이 찾아온다고 해도 점점 갈수록 지루해지기 때문 에 솔로 플레이 를 원하신다면 적당히 하면 좋을 것 같습니다 . 적당히 . 일단 게임 에 대해 서 평가 하자면 .. 그래픽 좋고 스토리 괜찮고 공포 분위기 가 특출나고 충분히 고어 합니다 . 끝 이에요 이 게임 의 단점 은 단 하나 솔로 플레이 로 할 때 어느샌가 지루해져서 눈 이 반 쯤 감겨 저 있는 것 일 뿐 진짜 재밌게 플레이 했습니다 .,2019-12-23 10:49:23
242760,The Forest,positive,흐음... 멀티 클라우드 서비스는 나만안되는건가??,흐음 ... 멀티 클라우드 서비스 는 나 만 안되는 건가 ??,2019-12-23 07:58:34
242760,The Forest,positive,가격대비 몰입도 최상~ 더포레2도 만들어지면 좋을듯,가격 대비 몰입도 최상 ~ 더 포레 2 도 만들어지면 좋을듯,2019-12-23 01:20:31
242760,The Forest,positive,실제 생존게임처럼 느껴졌고 몰입하면서 플레이했다. 게임의 엔딩이 매우 흥미롭고 좋았다.,실제 생존 게임 처럼 느껴졌고 몰입 하면서 플레이 했다 . 게임 의 엔딩 이 매우 흥미 롭고 좋았다 .,2019-12-23 00:53:30
242760,The Forest,positive,겜하다가 토할뻔했지만 굿,겜 하다가 토 할 뻔했지만 굿,2019-12-22 22:01:16
242760,The Forest,positive,글쎄요,글쎄요,2019-12-22 21:55:51
242760,The Forest,positive,그냥 멍하니 게임할수 있어서 좋아요 허허허,그냥 멍하니 게임 할수 있어서 좋아요 허허 허,2019-12-22 17:26:35
242760,The Forest,positive,엔딩이 빠르게 다가오고 할만한것이 많이 부족하다 친구가 없으면 더더욱 빠르게 끝나서 아쉽다,엔딩 이 빠르게 다가오고 할만 한 것 이 많이 부족하다 친구 가 없으면 더 더욱 빠르게 끝나서 아쉽다,2019-12-22 15:20:29
242760,The Forest,positive,오늘 밤에도 식인종이랑 한 판 할 생각하니 벌써부터 침이 고이네...♡♡,오늘 밤 에도 식인종 이랑 한 판 할 생각 하니 벌써 부터 침 이 고이 네 ... ♡♡,2019-12-22 13:39:25
242760,The Forest,positive,친구랑하면 재밌음 ㅋㅋㅋ,친구 랑 하면 재밌음 ㅋㅋㅋ,2019-12-22 12:08:39
242760,The Forest,positive,후속작이 공개되고 더욱 기대가 되는 게임 아직 미완성이라 지역이 확장된다고 하는대 후속작이 확장된 지역과 연관이 있어보일듯 그렇다면 곧 대규모 업데이트가 생길것,후속작 이 공개 되고 더욱 기대 가 되는 게임 아직 미완성 이라 지역 이 확장 된다고 하는대 후속작 이 확장 된 지역 과 연관 이 있어 보일듯 그렇다면 곧 대규모 업데이트 가 생길것,2019-12-22 11:27:16
242760,The Forest,positive,본격 피라미드가 어떻게 만들어지는지 보여주는 게임 외래종이 얼마나 무서운지 보여주는 게임,본격 피라미드 가 어떻게 만들어지는지 보여주는 게임 외래종 이 얼마나 무서운지 보여주는 게임,2019-12-22 00:28:30
242760,The Forest,positive,비행기. 스튜어디스. 유니폼. 가능.,비행기 . 스튜어디스 . 유니폼 . 가능 .,2019-12-21 23:55:40
242760,The Forest,positive,그다지 친하진 않은 친구도 친하게 만들어준 게임,그다지 친하진 않은 친구 도 친하게 만들어 준 게임,2019-12-21 22:28:19
242760,The Forest,positive,좋은말할때 해라 확마,좋은 말 할 때 해 라 확마,2019-12-21 20:50:01
242760,The Forest,positive,고기 맛있음,고기 맛있음,2019-12-21 19:58:00
242760,The Forest,positive,나무꾼으로 전직함,나무꾼 으로 전 직함,2019-12-21 18:32:00
242760,The Forest,positive,와 할꺼 없다,와 할꺼 없다,2019-12-21 13:36:43
242760,The Forest,positive,이건 결론봤어도 계속 생각나서 하게 되는게임 갓겜,이건 결론 봤어도 계속 생각나서 하게 되는 게임 갓 겜,2019-12-21 11:04:01
242760,The Forest,positive,.................,.................,2019-12-21 10:23:27
242760,The Forest,positive,뉑!,뉑 !,2019-12-21 00:50:55
242760,The Forest,positive,친구들하고 하면 당신이 생존자인지 그곳 원주민이 햇갈립니다,친구 들 하고 하면 당신 이 생존자 인지 그 곳 원주민 이 햇 갈립니다,2019-12-20 23:30:25
242760,The Forest,positive,마크보다 현실성원해옴,마크 보다 현 실성 원 해옴,2019-12-20 22:28:34
242760,The Forest,positive,진짜 이가격주고 할꺼 다한듯,진짜 이 가격 주고 할꺼 다한 듯,2019-12-20 21:32:15
242760,The Forest,positive,good,good,2019-12-20 19:44:37
242760,The Forest,positive,친구들이랑 하기좋다,친구 들 이랑 하기 좋다,2019-12-20 18:40:02
242760,The Forest,positive,제가 엄청난 엄청난 대단한 쫄보라는 사실을 이 게임을 하면서 깨달았....습니다. 평화모드로 하면 너무 재미없고 그렇다고 다른 모르로 하자니 식은땀을 흘려가면서 혹은 손을 벌벌 떨면서 원주민을 도끼로 때려가면서 플레이하는 저를 발견하고 잠시 쉬기로 결정했습니다.(심지어 동굴에 들어가본적이 없음 죽었을때 빼고) 그래도 추천하는 이유는 언젠가 친구꼬셔서 다시 할거에요 ㅠㅠ!! 혼자서는 못하겠아ㅣㄴ디셔ㅛㅗㄴ먀달'ㅏ;ㅙㅈ댜ㅐㄱㄹ 동굴도 못가겠어아ㅣㅓㄹ니댜로ㅓ;더ㅜ리;,제 가 엄청난 엄청난 대단한 쫄보 라는 사실 을 이 게임 을 하면서 깨 달았 .... 습니다 . 평화 모드 로 하면 너무 재미없고 그렇다고 다른 모르로 하자 니 식은땀 을 흘려가면서 혹은 손 을 벌벌 떨면서 원주민 을 도끼 로 때려가면서 플레이 하는 저 를 발견 하고 잠시 쉬기로 결정 했습니다 .( 심지어 동굴 에 들어가 본적 이 없음 죽었을 때 빼고 ) 그래도 추천 하는 이유 는 언젠가 친구꼬셔 서 다시 할거에요 ㅠㅠ !! 혼자 서는 못 하겠아 ㅣㄴ 디셔 ㅛㅗㄴ 먀달 ' ㅏ ; ㅙㅈ 댜 ㅐㄱㄹ 동굴 도 못 가겠어아 ㅣㅓㄹ 니댜 로 ㅓ ; 더 ㅜ 리 ;,2019-12-20 18:32:08
242760,The Forest,positive,저는 처음부터 친구랑 같이했는데 엔딩2번정도보면 할꼐없어요 템도 파밍1번하면 끝이고 집도 적당히짔는거면 1시간 크게지어도 5시간이면다완성하는데 디펜스도아니고 할꺼없어요 DLC를 만들던가 해야할듯,저 는 처음 부터 친구 랑 같이 했는데 엔딩 2 번 정도 보면 할꼐 없어요 템 도 파밍 1 번하면 끝 이고 집도 적당히 짔 는거면 1시간 크게 지 어도 5시간 이면다완성하는데 디펜스 도 아니고 할꺼 없어요 DLC 를 만들던가 해야 할듯,2019-12-20 13:10:29
242760,The Forest,positive,"Well Made 생존 게임이다. 긴장감이 계속 생기게 하는 생존 게임이고, 같이 할 여자친구나, 친구들이 있다면 더더욱 재미 있게 즐길 수 있는 작품이다. 좀 삽질하더라도 알아가는 재미가 크니 공략을 너무 보고 시작하는 것은 독이 될 수 있을 것 같다.","Well Made 생존 게임 이다 . 긴장감 이 계속 생기 게 하는 생존 게임 이고 , 같이 할 여자친구 나 , 친구 들 이 있다면 더 더욱 재미 있게 즐길 수 있는 작품 이다 . 좀 삽질 하더라도 알아가는 재미 가 크니 공략 을 너무 보고 시작 하는 것 은 독 이 될 수 있을 것 같다 .",2019-12-19 21:11:22
242760,The Forest,positive,좋긴해요,좋긴 해 요,2019-12-19 04:04:17
242760,The Forest,positive,힘을 똘똘 뭉치면 모든것이 가능하다는 교훈을 줍니다. 와 교육적인 게임!,힘 을 똘똘 뭉치 면 모든 것 이 가능하다는 교훈 을 줍니다 . 와 교육 적 인 게임 !,2019-12-19 04:00:53
242760,The Forest,positive,갓겜,갓 겜,2019-12-18 19:41:46
242760,The Forest,positive,친구들이랑 하니까 너무 재밌습니다.,친구 들 이랑 하니까 너무 재밌습니다 .,2019-12-18 18:48:26
242760,The Forest,positive,개오짐,개오 짐,2019-12-18 17:36:03
242760,The Forest,positive,마시서요 시긴종!,마시서요 시긴 종 !,2019-12-17 21:57:25
242760,The Forest,positive,힐링됨,힐링 됨,2019-12-17 20:05:20
242760,The Forest,positive,내가 칼질하면ㅅ ㅓ 싸울땐 간지나는데 친구가 볼땐 병신(...)인겜,내 가 칼질 하면 ㅅ ㅓ 싸울 땐 간지나는데 친구 가 볼땐 병신 (...) 인겜,2019-12-17 17:30:44
242760,The Forest,positive,이 섬은 이제 제겁니다.,이 섬 은 이제 제 겁니다 .,2019-12-17 09:31:51
242760,The Forest,positive,혼자해도 재밌는데 친구랑 하면 더 재밌는듯 솔직히 게임 엔딩 보는 목적 말고도 애들이랑 놀면서 시간 때우는것도 괜찮은 게임임 식량이 없다구요? 시12발 근처에 있는 식인종들이 제일 맛있습니다,혼자 해도 재밌는데 친구 랑 하면 더 재밌는듯 솔직히 게임 엔딩 보는 목적 말고도 애 들 이랑 놀면서 시간 때우는것도 괜찮은 게임 임 식량 이 없다구요 ? 시 12 발 근처 에 있는 식인종 들 이 제일 맛있습니다,2019-12-17 06:31:46
242760,The Forest,positive,아들찾다가 나먼저뒤지겠누,아들 찾다가 나먼 저 뒤지겠 누,2019-12-16 23:57:18
242760,The Forest,positive,존나 재밌음,존나 재밌음,2019-12-16 23:06:29
242760,The Forest,positive,무조건 친구랑 해야합니다 고기방패와 일꾼이 필요한 쌉인싸겜입니다,무조건 친구 랑 해야 합니다 고 기 방패 와 일꾼 이 필요한 쌉인 싸 겜 입니다,2019-12-16 21:22:26
242760,The Forest,positive,Oh 공포게임 이다,Oh 공포 게임 이다,2019-12-16 17:25:49
242760,The Forest,positive,개꿀잼,개꿀잼,2019-12-16 13:29:17
242760,The Forest,positive,아들찾는것보다 집짓고 놀고 사람잡아먹는게 더 재미있는 갓겜,아들 찾는것보다 집 짓고 놀고 사람 잡아먹는게 더 재미있는 갓 겜,2019-12-16 11:22:57
242760,The Forest,positive,로러코스터 만드는데 18시간... 놀이동산 완성,로러 코스터 만드는데 18시간 ... 놀이동산 완성,2019-12-15 21:48:54
242760,The Forest,positive,버그없으면 진짜 좋을거같긴함 그리고 컨텐츠 많아서 맘에들고 좋음,버그 없으면 진짜 좋을거 같긴 함 그리고 컨텐츠 많아서 맘 에 들고 좋음,2019-12-15 20:02:55
242760,The Forest,positive,몰라...안무서운듯 너무 무서워,몰라 ... 안 무서운듯 너무 무서워,2019-12-15 19:41:50
242760,The Forest,positive,gk핳g,gk 핳 g,2019-12-15 15:51:26
242760,The Forest,positive,아들 구할라고 식인종보다 더한삶을 살아야하는겜,아들 구 할라고 식인종 보다 더한 삶 을 살아야하는 겜,2019-12-15 14:37:35
242760,The Forest,positive,후속작 기대가 많이 됩니당,후속작 기대 가 많이 됩니당,2019-12-15 04:12:32
242760,The Forest,positive,지도 망겜,지도 망겜,2019-12-14 22:52:09
242760,The Forest,positive,1. 처음에는 횡설수설하면서 식인종 한 번 나타날 때마다 겁을 먹는 자신을 발견하게 된다. 2. 그게 여러번 반복 되고 안전하게 지낼 집이 생기면 조금씩 거만해지기 시작한다. 3. 만약 초반에 채식 주의만 하겠어 라던지 동물 고기만/생선만 먹겠어 라고 다짐을 했다면 곧 그 다짐이 무너져 내리기 시작 할 것이다. 4. 이후에는 식인종을 봐도 무섭다기 보다는 ' 아 또 일하는데 방해질이네 ' 라던지 ' 오 고기다. ' 라는 생각을 하게 된다. 5. 정신 차리고나면 왕국을 건설한 뒤고 아들인 티미는 잊혀져 있을 것이다. (티미 : 아빠,1 . 처음 에는 횡설수설 하면서 식인종 한 번 나타날 때 마다 겁 을 먹는 자신 을 발견 하게 된다 . 2 . 그게 여러 번 반복 되고 안전하게 지낼 집 이 생기 면 조금씩 거만해지기 시작 한 다 . 3 . 만약 초반 에 채식 주의 만 하겠어 라 던지 동물 고기만 / 생선 만 먹겠어 라고 다짐 을 했다면 곧 그 다짐 이 무너져 내 리기 시작 할 것 이다 . 4 . 이후 에는 식인종 을 봐도 무섭다기 보다는 ' 아 또 일 하는데 방해 질 이네 ' 라 던지 ' 오 고기 다 . ' 라는 생각 을 하게 된다 . 5 . 정신 차리고나면 왕국 을 건설 한 뒤 고 아들 인 티 미는 잊혀져 있을 것 이다 . ( 티 미 : 아빠,2019-12-14 21:39:51
242760,The Forest,positive,먹을것과 갑옷이 돌아다니는 훌륭한 숲,먹을것과 갑옷 이 돌아다니는 훌륭한 숲,2019-12-14 18:51:38
242760,The Forest,positive,스타듀 밸리 3D,스타 듀 밸리 3 D,2019-12-14 14:38:52
242760,The Forest,positive,재밌는데 컨텐츠가 없음,재밌는데 컨텐츠 가 없음,2019-12-13 23:01:47
242760,The Forest,positive,디테일하고 식인종이랑 돌연변이 모두 징그럽게 생겨서 혼자게임할때 무서워요,디테일 하고 식인종 이랑 돌연변이 모두 징그럽게 생겨서 혼자 게임 할 때 무서워요,2019-12-13 14:34:46
242760,The Forest,positive,갓겜,갓 겜,2019-12-12 23:48:58
242760,The Forest,positive,재밌다,재밌다,2019-12-12 18:46:30
242760,The Forest,positive,다양한 기능이 추가되서 재미가있었음 좋겟다.,다양한 기능 이 추가 되서 재미 가 있었음 좋겟다 .,2019-12-12 10:30:53
242760,The Forest,positive,좋다이말이야,좋다이말이야,2019-12-11 15:43:18
242760,The Forest,positive,최적화 빼면 완벽한게임,최적화 빼면 완벽 한게임,2019-12-11 01:32:44
242760,The Forest,positive,다른 생존게임에 비해 이렇다한 큰 장점은 없지만 그럭저럭 할만함 근데 버그도 조따많고 물리엔진도 요상망측해서 친구들이랑 여러명이서 코옵하면 재밌음 솔플은 빅재미 장담불가,다른 생존 게임 에 비해 이렇다한 큰 장점 은 없지만 그럭저럭 할만 함 근데 버그 도 조 따 많고 물리엔진 도 요 상 망측해서 친구 들 이랑 여러 명 이 서 코 옵하면 재밌음 솔플 은 빅 재미 장담 불가,2019-12-10 22:00:38
242760,The Forest,positive,역시 티미는 죽여야지^^,역시 티 미는 죽여야지 ^^,2019-12-10 21:14:38
242760,The Forest,positive,재미쪄,재미 쪄,2019-12-10 10:43:14
242760,The Forest,positive,식인종 뚜까 패는 맛이 있음,식인종 뚜 까 패 는 맛 이 있음,2019-12-09 21:55:38
242760,The Forest,positive,플레이어를 식인종으로 물들이는 아주 잔혹한 게임 모든 부분이 파밍으로 만들어지며 초창기엔 식인종을 피하지만 이젠 내가 찾으러 니가는 수준이 된다 없으면 허전하고 있으면 든든하고 든든하면 더더욱 많은 식인종을 필요로 하는 든든한 게임,플레이어 를 식인종 으로 물들이는 아주 잔혹한 게임 모든 부분 이 파밍 으로 만들어지며 초창 기 엔 식인종 을 피하 지만 이 젠 내 가 찾으러 니 가는 수준 이 된다 없으면 허전하고 있으면 든든하고 든든하면 더 더욱 많은 식인종 을 필요 로 하는 든든한 게임,2019-12-09 14:05:30
242760,The Forest,positive,돈스타브 3D버전같아요~ 재밌습니다 혼자하면 지루할듯 친구랑 같이해야 꿀잼,돈스 타 브 3 D 버전 같아요 ~ 재밌습니다 혼자 하면 지루할듯 친구 랑 같이 해야 꿀잼,2019-12-08 21:36:27
242760,The Forest,positive,"엔딩까지 살아남으면서 하는 건 꿀잼이었음, 식인종한태 들키지 않으려고 풀숲에 쪼그려 앉아있어도 보고, 동굴도 다 돌아보고, 마지막 엔딩까지 재밌는데 그 후로 할 게 없음","엔딩 까지 살아남으면서 하는 건 꿀 잼이었음 , 식인종 한 태 들키지 않으려고 풀숲 에 쪼그려 앉아있어도 보고 , 동굴 도 다 돌아보고 , 마지막 엔딩 까지 재밌는데 그 후 로 할 게 없음",2019-12-08 20:23:32
242760,The Forest,positive,엔딩2개 다 보면 할거없어요,엔딩 2 개 다 보면 할거 없어요,2019-12-08 19:10:04
242760,The Forest,positive,GOOD,GOOD,2019-12-08 16:33:45
242760,The Forest,positive,장점:재밌음,장점 : 재밌음,2019-12-08 15:43:23
242760,The Forest,positive,재밌는데 잔인한 부분이 조금 많네요^^,재밌는데 잔인한 부분 이 조금 많네요 ^^,2019-12-08 15:23:01
242760,The Forest,positive,개꿀잼 돌연변이 목소리가 너무 시끄럽다,개꿀잼 돌연변이 목소리 가 너무 시끄럽다,2019-12-08 11:00:14
242760,The Forest,positive,18,18,2019-12-08 10:36:15
242760,The Forest,positive,gogogoggogogoggogogogogogooggoogogoggoogogogoggogogogogogogogogogoog,gogogoggogogoggogogogogogooggoogogoggoogogogoggogogogogogogogogogoog,2019-12-07 22:02:55
242760,The Forest,positive,시간가는줄 모름,시간 가는줄 모름,2019-12-07 21:31:46
242760,The Forest,positive,ㅈㄴ 재밌긴 한데 컨텐츠가 좀 부족함,ㅈㄴ 재밌긴 한데 컨텐츠 가 좀 부족함,2019-12-07 12:03:02
242760,The Forest,positive,"자, 이제 누가 식인종 이지?","자 , 이제 누가 식인종 이지 ?",2019-12-07 11:36:41
242760,The Forest,positive,156159616161616,156159616161616,2019-12-07 02:27:10
242760,The Forest,positive,ㅟ,ㅟ,2019-12-06 22:44:55
242760,The Forest,positive,스토리도 좋았고 난이도도좋았고 게임 입문할때도 정말좋았어용 ㅎㅎ,스토리 도 좋았고 난이도 도 좋았고 게임 입문 할 때 도 정말 좋았어용 ㅎㅎ,2019-12-06 15:49:38
242760,The Forest,positive,식인종 학살 ㄱㅇㄷ,식인종 학살 ㄱㅇㄷ,2019-12-06 14:25:00
242760,The Forest,positive,다같이하면 안무섭고 재밌어요 약간 심즈느낌,다 같이 하면 안 무섭고 재밌어요 약간 심즈 느낌,2019-12-06 00:22:24
242760,The Forest,positive,생존 공포 멀티 최고,생존 공포 멀티 최고,2019-12-05 23:58:31
242760,The Forest,positive,친구랑 같이하면 재밌습니다,친구 랑 같이 하면 재밌습니다,2019-12-05 23:55:30
242760,The Forest,positive,이겜할거면 공략같은거 보면서하셈 공략괜히 안보면서하면 엔딩못봄,이 겜 할거면 공략 같은거 보면 서하 셈 공략 괜히 안보 면 서하면 엔딩 못 봄,2019-12-05 20:04:32
242760,The Forest,positive,돈 값 하는것같습니다 재미있습니다,돈 값 하는것 같습니다 재미있습니다,2019-12-05 16:50:31
242760,The Forest,positive,나으 인생겜인것,나으 인생 겜 인 것,2019-12-04 20:49:54
242760,The Forest,positive,친구들 끼리 하면 개꿀 혼자 하드모드하면 ㅈㄴ게 무서움,친구 들 끼리 하면 개꿀 혼자 하드 모드 하 면 ㅈㄴ 게 무서움,2019-12-04 15:09:41
242760,The Forest,positive,친구랑 하기 좋은게임,친구 랑 하기 좋은 게임,2019-12-04 13:43:06
242760,The Forest,positive,고기맛을 알아버린 나머지 식인종이 된 주인공,고 기 맛 을 알 아 버린 나머지 식인종 이 된 주인공,2019-12-03 21:04:18
242760,The Forest,positive,시발 망겜,시발 망겜,2019-12-03 18:36:32
242760,The Forest,positive,앍! 소름끼치게 재밌다,앍 ! 소름끼치게 재밌다,2019-12-03 15:45:38
242760,The Forest,positive,.,.,2019-12-03 12:50:41
242760,The Forest,positive,생존게임이 어느새 건설게임이 되었다 시간가는줄모르고 하는 꿀잼,생존 게임 이 어느새 건설 게임 이 되었다 시간 가는줄 모르고 하는 꿀잼,2019-12-03 05:55:29
242760,The Forest,positive,이 게 임 하 고 나 면 다 른 데 서 도 띄 어 쓰 기 함 요 = 안녕하세요 안움직여요 = 한 영 키,이 게 임 하 고 나 면 다 른 데 서 도 띄 어 쓰 기 함 요 = 안녕하세요 안 움직여요 = 한 영 키,2019-12-03 04:04:19
242760,The Forest,positive,❤,❤,2019-12-03 01:24:42
242760,The Forest,positive,눈썰매가 최종컨텐츠,눈썰매 가 최종 컨텐츠,2019-12-03 01:23:21
242760,The Forest,positive,조음,조음,2019-12-02 19:45:02
242760,The Forest,positive,흠 식인종 고기가 먹고싶은걸,흠 식인종 고기 가 먹고싶은걸,2019-12-02 16:09:13
242760,The Forest,positive,인종이와 친구가 됩시다,인종 이 와 친구 가 됩시다,2019-12-02 13:17:57
242760,The Forest,positive,본격 목수 게임,본격 목수 게임,2019-12-02 11:56:59
242760,The Forest,positive,식인종땅인지 식민지땅인지..,식인종 땅 인지 식민지 땅 인지 ..,2019-12-02 02:04:21
242760,The Forest,positive,아니 나만 식인종보면 소름돋냐? 응 일주일뒤ㅣ에 식인종먹방하고있어~,아니 나 만 식인종 보면 소름 돋냐 ? 응 일주일 뒤 ㅣ 에 식인종 먹방 하고 있어 ~,2019-12-02 00:31:04
242760,The Forest,positive,그래서 누가 식인종이죠?,그래서 누가 식인종 이 죠 ?,2019-12-01 21:52:17
242760,The Forest,positive,개노가다임 나한테는안맛음 파밍 좋아하면 해보삼 + 노가다지만 재밌음 진짜로 생존하는기분이라서 개꿀잼임,개노가 다임 나 한테 는안 맛음 파밍 좋아하면 해 보삼 + 노가다 지만 재밌음 진짜 로 생존 하는 기분 이라서 개꿀잼임,2019-12-01 21:27:05
242760,The Forest,positive,와 하나도 안무섭다.,와 하나 도 안 무섭다 .,2019-12-01 20:18:27
242760,The Forest,positive,"It's all good, but please make fabric","It ' s all good , but please make fabric",2019-12-01 15:40:25
242760,The Forest,positive,잊을만하면 업데이트해줘서 못 놓음,잊을 만하 면 업데이트 해줘서 못 놓음,2019-12-01 10:37:01
242760,The Forest,positive,그저 갓겜입니다,그저 갓 겜 입니다,2019-12-01 00:18:10
242760,The Forest,positive,이 게임을 마인크래프트에 보여주니 이 게임이 네모나게 바뀌었습니다.,이 게임 을 마인크래프트 에 보여주니 이 게임 이 네 모나 게 바뀌었습니다 .,2019-11-30 21:47:34
242760,The Forest,positive,혼자하신다면 좀 외로우실듯.. .친구들이랑 하시는걸 추천합니다.,혼자 하신다면 좀 외로우실듯 .. . 친구 들 이랑 하시는걸 추천 합니다 .,2019-11-30 19:51:36
242760,The Forest,positive,재밋다.,재밋다 .,2019-11-30 15:28:40
242760,The Forest,positive,누가 식인종인지 모르겠음. 집짓는게 재밌음 ㅎ,누가 식인종 인지 모르겠음 . 집 짓는게 재밌음 ㅎ,2019-11-30 08:13:26
242760,The Forest,positive,히힛,히힛,2019-11-29 20:40:13
242760,The Forest,positive,친구들과 같이 모험하는거 같아 재밌었어요.,친구 들 과 같이 모험 하는거 같아 재밌었어요 .,2019-11-29 20:35:40
242760,The Forest,positive,Not bad,Not bad,2019-11-29 18:10:12
242760,The Forest,positive,재밌긴한데 버그가 좀 아직 있네요,재밌긴한데 버그 가 좀 아직 있네요,2019-11-29 17:23:59
242760,The Forest,positive,절대 식인은 안한다 맹세하지만 어느순간 프로틴을 탐하는 식인괴가 되어있는 게임,절대 식인 은 안 한다 맹세 하지만 어느 순간 프로 틴 을 탐하는 식인괴 가 되어있는 게임,2019-11-29 15:08:25
242760,The Forest,positive,다 좋은데 제발 덪판정 패치 좀 해라,다 좋은데 제발 덪 판정 패치 좀 해 라,2019-11-29 01:21:04
242760,The Forest,positive,업데이트는 1년 기다리고 플레이는 1주일,업데이트 는 1년 기다리고 플레이 는 1 주일,2019-11-28 23:51:07
242760,The Forest,positive,야 밥이다!!,야 밥 이다 !!,2019-11-28 22:28:48
242760,The Forest,positive,아니 데스가든보다 뽕을 못뽑은게 참..,아니 데스 가든 보다 뽕 을 못 뽑은게 참 ..,2019-11-28 22:28:10
242760,The Forest,positive,개꿀잼,개꿀잼,2019-11-28 14:49:42
242760,The Forest,positive,1. 잃어버린 아들보다 식인종하고 친해지는 게임. 2. 공포&생존게임이지만 노가다로 집이나 기지를 만들수있는 건축게임.,1 . 잃어버린 아들 보다 식인종 하고 친해지는 게임 . 2 . 공포 & 생존 게임 이지만 노가다 로 집 이나 기지 를 만들수있는 건축 게임 .,2019-11-28 14:00:34
242760,The Forest,positive,정말로 재미있구여 식인종을 학살하는게 너무 재밌는거 같아요 음 현대처럼 비행기나 자동차도 만들수 있으면 좋겠어요~,정말로 재미있구여 식인종 을 학살 하는게 너무 재밌는거 같아요 음 현대 처럼 비행기 나 자동차 도 만들수 있으면 좋겠어요 ~,2019-11-28 12:43:51
242760,The Forest,positive,sex,sex,2019-11-28 12:37:03
242760,The Forest,positive,자유롭게 사냥도하고 나의 영역도 늘리며 즐기기에 잼나네요.. ㅎ,자유롭게 사냥 도하 고 나 의 영역 도 늘리며 즐기기에 잼나네요 .. ㅎ,2019-11-28 09:49:57
242760,The Forest,positive,그래 내가 먹었다. 내가 식인종이다,그래 내 가 먹었다 . 내 가 식인종 이다,2019-11-28 08:30:29
242760,The Forest,positive,갓겜,갓 겜,2019-11-27 23:49:17
242760,The Forest,positive,good,good,2019-11-27 21:47:35
242760,The Forest,positive,정말 재밌는게임! 근데 좀 징그럽거나 무서운게 많아서 그런거 안좋아하시는분들은 추천못하는겜...,정말 재밌는 게임 ! 근데 좀 징그럽거나 무서운게 많아서 그런거 안 좋아하시는 분 들 은 추천 못 하는 겜 ...,2019-11-27 18:47:53
242760,The Forest,positive,"초반: 존나 무서움 중반: 어느정도 적응 하면 정말 재미있음(친구랑 하면 더 재미있음) 후반: 섬에서의 최강자가 됨 식인종,변종 그런거 다 잡아먹으면됨","초반 : 존나 무서움 중반 : 어느 정도 적응 하면 정말 재미있음 ( 친구 랑 하면 더 재미있음 ) 후반 : 섬 에서의 최강 자 가 됨 식인종 , 변종 그런거 다 잡아먹으면 됨",2019-11-26 22:06:51
242760,The Forest,positive,킬링 타임용,킬링 타 임용,2019-11-26 14:05:12
242760,The Forest,positive,gg,gg,2019-11-25 19:58:12
242760,The Forest,positive,친구랑 하기 좋은 게임,친구 랑 하기 좋은 게임,2019-11-25 08:02:28
242760,The Forest,positive,친구와 함께하면 정말 재밌는 게임,친구 와 함께 하면 정말 재밌는 게임,2019-11-24 19:14:00
242760,The Forest,positive,시간 가는줄 몰랐습니다,시간 가는줄 몰랐습니다,2019-11-24 15:46:01
242760,The Forest,positive,기뫃찌,기뫃찌,2019-11-24 10:16:49
242760,The Forest,positive,친구랑 하면 정말재밌다 혼자하면 개호러게임 혼자는 무서우ㅁ,친구 랑 하면 정말 재밌다 혼자 하면 개 호러 게임 혼자 는 무서우 ㅁ,2019-11-23 22:42:19
242760,The Forest,positive,good game,good game,2019-11-23 16:28:28
242760,The Forest,positive,버그 잘도 없앳노,버그 잘도 없앳노,2019-11-23 12:10:35
242760,The Forest,positive,할만함.. 개 씹 노가다 ㅋ,할만 함 .. 개 씹 노가다 ㅋ,2019-11-23 01:50:47
242760,The Forest,positive,.................,.................,2019-11-22 23:33:08
242760,The Forest,positive,인육 너무 맛있엉 ㅗ하하하하ㅏ하하ㅝ하러ㅜㅎㄹㄴㅇㅎ하하하하ㅏㅎㅎ,인육 너무 맛있 엉 ㅗ 하하 하하 ㅏ 하하 ㅝ 하러 ㅜㅎㄹㄴㅇㅎ 하하 하하 ㅏㅎㅎ,2019-11-22 21:18:55
242760,The Forest,positive,앤딩이 좀 빠르게 오지만.. 그래도 다시 생각나는 게임,앤딩 이 좀 빠르게 오지 만 .. 그래도 다시 생각나는 게임,2019-11-22 10:15:04
242760,The Forest,positive,this is god game,this is god game,2019-11-22 05:32:07
242760,The Forest,positive,동전메크로 갓겜,동 전 메 크로 갓 겜,2019-11-21 22:43:28
242760,The Forest,positive,누가 식인종인지 모르겠어요,누가 식인종 인지 모르겠어요,2019-11-21 18:36:28
242760,The Forest,positive,6ood,6 ood,2019-11-21 15:21:21
242760,The Forest,positive,재밌는 똥겜,재밌는 똥겜,2019-11-20 20:37:11
242760,The Forest,positive,숲에서 식인종 식인하는 겜,숲 에서 식인종 식인 하는 겜,2019-11-20 19:21:49
242760,The Forest,positive,엔딩 보스잡고 죽어서 비행기옴ㅎㅎ 좀 이게임 개인적으로 망했으면 좋겠음 식인종한테 20번정도 죽고 모르는 외국인이 욕하고 도망가고 진짜 보스다잡고 비행기 가봐야 이해 가능할꺼임 않믿기겠지만 진짜임 깊은 빡침을 억 누르고 참고참고 순화시켜서 글쓰는 중임ㅎㅎ 다신 못할꺼같음 트라우마까지 생김 (개인적으로 연 끊고 싶은 친구에게 추천하면 좋을꺼같음),엔딩 보스 잡고 죽어서 비행기 옴 ㅎㅎ 좀 이 게임 개인 적 으로 망했으면 좋겠음 식인종 한테 20 번 정도 죽고 모르는 외국인 이 욕 하고 도망가고 진짜 보스 다 잡고 비행기 가봐야 이해 가능할꺼 임 않 믿기겠지만 진짜 임 깊은 빡침을 억 누르고 참고 참고 순화 시켜서 글 쓰는 중임 ㅎㅎ 다신 못 할꺼 같음 트라우마 까지 생김 ( 개인 적 으로 연 끊고 싶은 친구 에게 추천 하면 좋을꺼 같음 ),2019-11-20 09:21:07
242760,The Forest,positive,dsfsf,dsfsf,2019-11-20 04:42:50
242760,The Forest,positive,존나 재미있어 한국인들아 안해봤으면 해봐,존나 재미있어 한국인 들 아 안 해봤으면 해봐,2019-11-20 01:59:41
242760,The Forest,positive,본격 식인종 먹방 게임,본격 식인종 먹방 게임,2019-11-19 17:55:55
242760,The Forest,positive,굿,굿,2019-11-19 17:00:26
242760,The Forest,positive,진짜 이 게임은 레전드 입니다. 제가 이게임을 처음 입문했을땐 말이죠. 처음 딱 샀을때 친구랑 단둘이 하다가 모닥불만 피고 나갔으나 친구들 8명 데리고 오니깐 좀 돌아다니다 보니깐 식인종 만나서 다구리 까는맛이있습니다. 또한 혼자 하시는 아싸분들은 사지마세요. 혼자 하면 무서운 게임인 것 같습니다. 어려운 생존 법칙을 이용한 게임인 것 같습니다. 다시 한 번 말하지만 이게임은 5만원 줘도 아깝지 않은 게임입니다. 꼭 사시고 엔드나이트 더 포레스트 2 기대하겠습니다. 화이팅 하시고 불매운동하시고 다음에 봐요. 앙녕 ~!,진짜 이 게임 은 레전드 입니다 . 제 가 이 게임 을 처음 입문 했을 땐 말 이 죠 . 처음 딱 샀을 때 친구 랑 단둘 이 하다가 모닥불 만 피고 나갔으나 친구 들 8 명 데리 고 오 니깐 좀 돌아다니다 보 니깐 식인종 만나서 다 구리 까는 맛 이 있습니다 . 또한 혼자 하시는 아싸 분 들 은 사지 마세요 . 혼자 하면 무서운 게임 인 것 같습니다 . 어려운 생존 법칙 을 이용 한 게임 인 것 같습니다 . 다시 한 번 말 하 지만 이 게임 은 5만원 줘도 아깝지 않은 게임 입니다 . 꼭 사시 고 엔드 나이트 더 포레스트 2 기대하겠습니다 . 화이팅 하시고 불매운동 하시고 다음 에 봐요 . 앙녕 ~!,2019-11-18 22:02:04
242760,The Forest,positive,꿀잼,꿀잼,2019-11-18 17:38:25
242760,The Forest,positive,재밌음 ㅋㅋ,재밌음 ㅋㅋ,2019-11-18 11:54:09
242760,The Forest,positive,몰입도가 좋은데 타는무기 지속시간좀 늘려주면 좋을거같아요,몰입도 가 좋은데 타는 무기 지 속 시간 좀 늘려주면 좋을거 같아요,2019-11-17 20:54:27
242760,The Forest,positive,혼자하면 무서울수도있는데 친구랑 같이하면 개띵작입니다^^,혼자 하면 무서울수도 있는데 친구 랑 같이 하면 개띵작입니 다 ^^,2019-11-17 20:00:33
242760,The Forest,positive,세계 최고 느낌표 !,세계 최고 느낌표 !,2019-11-17 15:22:38
242760,The Forest,positive,레알로 갓겜임 조금 어려워서 고수랑 해야잘됨 레알루다가 갓겜,레알 로 갓 겜임 조금 어려워서 고수 랑 해야잘 됨 레알 루 다가 갓 겜,2019-11-17 15:17:28
242760,The Forest,positive,제일 무서운건 인간이야... 도망가 식인종 친구들,제일 무서운건 인간 이야 ... 도망가 식인종 친구 들,2019-11-17 14:45:16
242760,The Forest,positive,이 게임 참 재밌게했어요 일단 나무캐서 뭔가 만들어낸단게 재밌고 아이템조합이 가장 재밌었어요 근데 아쉬운게 스토리라인이 결론이 정해져있어서 앞으로 업데이트가 많이 되면 좋을거같아요 새로운 조합법이라던지. 그런부분 보강이 있으면 게임 매출이 더 올라갈것으로 보입니다.,이 게임 참 재밌게 했어요 일단 나무 캐서 뭔가 만들어 낸 단 게 재밌고 아이템 조합 이 가장 재밌었어요 근데 아쉬운게 스토리 라인 이 결론 이 정해져있어서 앞 으로 업데이트 가 많이 되면 좋을거 같아요 새로운 조 합법 이라 던지 . 그런 부분 보강 이 있으면 게임 매출 이 더 올라갈것으로 보입니다 .,2019-11-17 13:38:58
242760,The Forest,positive,"매일아침 싱싱한 고기가 달려와주는 좋은 게임이네요 여기의 주인공이 식,식인종,종이 되어가는 모습이 참 멋져요","매 일 아침 싱싱한 고기 가 달려와주는 좋은 게임 이네 요 여기 의 주인공 이 식 , 식인종 , 종이 되어가는 모습 이 참 멋져요",2019-11-17 12:28:43
242760,The Forest,positive,sdad,sdad,2019-11-17 09:06:26
242760,The Forest,positive,꾸르잼,꾸르잼,2019-11-16 21:23:05
242760,The Forest,positive,여러 버그가 고쳐졌기는 했는데 그럼에도 버그는 많이 남아 있지만 웃어 넘김. 하다보면 몹들이 적이 아니라 갑옷으로 보이게 되더라,여러 버그 가 고쳐졌 기는 했는데 그럼에도 버그 는 많이 남아 있지만 웃어 넘김 . 하다 보면 몹 들 이 적 이 아니라 갑옷 으로 보이 게 되더라,2019-11-16 18:11:37
242760,The Forest,positive,very good~,very good ~,2019-11-16 17:13:09
242760,The Forest,positive,일단 고인물이 되는게임은 처음 해봤어요 이거 하면 고인물 됨,일단 고 인물 이 되는 게임 은 처음 해봤어요 이 거 하면 고 인물 됨,2019-11-16 15:13:34
242760,The Forest,positive,Ang~ 47% 할인 개꿀띠~ 반값으로 즐기는 인육 무한리필 맛집!,Ang ~ 47% 할인 개꿀띠 ~ 반값 으로 즐기는 인육 무한리필 맛집 !,2019-11-16 13:15:03
242760,The Forest,positive,처음에 식인종 무서워하다가 후에 식인종만 보면 침흘리게 되는 게임,처음 에 식인종 무서워하다가 후 에 식인종 만 보면 침 흘리게 되는 게임,2019-11-16 12:50:21
242760,The Forest,positive,생존보다는 모험의 느낌이 더 강한 생존게임,생존 보다는 모험 의 느낌 이 더 강한 생존 게임,2019-11-16 04:39:42
242760,The Forest,positive,이제 누가 식인종이지?,이제 누가 식인종 이지 ?,2019-11-16 00:54:56
242760,The Forest,positive,좋아요,좋아요,2019-11-15 20:05:51
242760,The Forest,positive,"""식인종을 식인하는 정도의 능력""",""" 식인종 을 식인 하는 정도 의 능력 """,2019-11-15 17:06:34
242760,The Forest,positive,식인종 뿌셔,식인종 뿌셔,2019-11-15 16:29:46
242760,The Forest,positive,하지만 지금은 제 점심이죠,하지만 지금 은 제 점심 이 죠,2019-11-15 08:44:48
242760,The Forest,positive,개꿀잼,개꿀잼,2019-11-14 18:06:09
242760,The Forest,positive,흠...재밌어...어..재밌다고!!,흠 ... 재밌어 ... 어 .. 재밌다고 !!,2019-11-13 23:16:28
242760,The Forest,positive,Good Game very fun,Good Game very fun,2019-11-13 22:03:41
242760,The Forest,positive,친구들이랑 같이하면 진짜재미있는게임 혼자하면 가끔 무섭지만 그래도 재미있음,친구 들 이랑 같이 하면 진짜 재미있는 게임 혼자 하면 가끔 무섭지만 그래도 재미있음,2019-11-13 10:08:50
242760,The Forest,positive,모드쓰면 재미 반감 안쓰면 시간 순삭,모드 쓰면 재미 반감 안 쓰면 시간 순삭,2019-11-13 07:07:15
242760,The Forest,positive,good,good,2019-11-12 22:40:50
242760,The Forest,positive,개꿀잼인데 잔인하긴해서 잔인한거 싫어하는사람들은 안하시는게 좋을것같습니다 그래도 재밋습니다,개꿀잼 인데 잔인하긴 해서 잔인한거 싫어하는 사람 들 은 안 하시는게 좋을것 같습니다 그래도 재밋습니 다,2019-11-12 18:08:40
242760,The Forest,positive,갈수록 심오한 게임 나아가는 재미가 쏠쏠하다,갈수록 심오한 게임 나아가는 재미 가 쏠쏠하다,2019-11-11 22:57:59
242760,The Forest,positive,갓 게임 잼나요,갓 게임 잼나요,2019-11-11 19:29:47
242760,The Forest,positive,바벨탑만들다갑니다,바벨탑 만들다 갑니다,2019-11-11 15:02:29
242760,The Forest,positive,식인종을 식인하는 게임,식인종 을 식인 하는 게임,2019-11-10 21:29:17
242760,The Forest,positive,친구랑 같이 하면 킬링타임으로 존내 하기 좋은게임,친구 랑 같이 하면 킬링타임 으로 존내 하기 좋은 게임,2019-11-10 16:55:29
242760,The Forest,positive,오오오ㅗ오오오오오ㅗㅇ,오오오 ㅗ 오오오오오 ㅗㅇ,2019-11-09 23:13:29
242760,The Forest,positive,친구들이랑하면 재미는 있음,친구 들 이랑 하면 재미 는 있음,2019-11-09 22:45:41
242760,The Forest,positive,rnt,rnt,2019-11-09 21:06:52
242760,The Forest,positive,개꿀잼,개꿀잼,2019-11-09 20:54:09
242760,The Forest,positive,후반갈수록 본인의 건축한계점를 채험해볼수있음,후반 갈수록 본인 의 건축 한계 점를 채 험 해볼수있음,2019-11-09 20:51:28
242760,The Forest,positive,친구가 가방에 있는 도마뱀 고기 두고 식인종 고기를 먹어요,친구 가 가방 에 있는 도마뱀 고기 두고 식인종 고기 를 먹어요,2019-11-09 19:53:22
242760,The Forest,positive,정말 좋지않네요.,정말 좋지 않네요 .,2019-11-09 18:02:02
242760,The Forest,positive,친구들이랑하면 ㅈㄴ재밌는게임,친구 들 이랑 하면 ㅈㄴ 재밌는 게임,2019-11-08 20:32:54
242760,The Forest,positive,난 허벅지가 제일 맛있드라 ^ㅠ^,난 허벅지 가 제일 맛있드 라 ^ ㅠ ^,2019-11-08 12:49:03
242760,The Forest,positive,아주좋아요,아주 좋아요,2019-11-07 22:33:58
242760,The Forest,positive,"처음 게임을 시작하면 비행기의 불시착으로 인해 아들과 떨어지게 된다.정신을 차려보니 비행기에는 죽은 시체들과 한자루의 도끼, 그리고 잡템들 뿐이다. 필요한 물건들을 주섬주섬 챙긴뒤에 낯선 무인도에서 아들을 찾기 위해 이리저리 돌아다니던 중, 꺼림찍한 소리와 전라의 사람들이 뛰어다니는 것을 발견하게 된다. ""뭐지?""라며 가까이 다가간 나는 놀라게 된다. 사실 그들은.... 밥이다. 첫 플레이 때는 기괴한 분위기 때문에 조금 무서울수 있으나, 얼마 지나지않아 결코 식인종이 무서운게 아니라는것을 알게 될것이다. 그","처음 게임 을 시작 하면 비행기 의 불시 착 으로 인해 아들 과 떨어지게 된다 . 정신 을 차려 보니 비행기 에는 죽은 시체 들 과 한 자루 의 도끼 , 그리고 잡템 들 뿐 이다 . 필요한 물건 들 을 주섬주섬 챙긴 뒤 에 낯선 무인도 에서 아들 을 찾기 위해 이리저리 돌아다니던 중 , 꺼림 찍 한 소리 와 전라 의 사람 들 이 뛰어다니는 것 을 발견 하게 된다 . "" 뭐 지 ?"" 라며 가까이 다가간 나 는 놀라게 된다 . 사실 그 들 은 .... 밥 이다 . 첫 플레이 때 는 기괴한 분위기 때문 에 조금 무서울수 있으나 , 얼마 지나지 않아 결코 식인종 이 무서운게 아니라는 것 을 알 게 될것이다 . 그",2019-11-07 20:07:13
242760,The Forest,positive,가끔튕기고 가끔 렉걸리고 하는것 외엔 정말...최곱니다 짜릿한 게임이예요 엔딩보는데까지도 너무 재밌고 전투도할수있고 마을건설이나 파밍도할수있고 이런생존게임 넘 재밌습니다. 아직 엔딩못봤지만 엔딩보면 크리에이티브 모드도 할수있다는데... 스토리도 있고 잘짜여져있어요 오늘 엔딩보러갑니다..!,가끔 튕 기고 가끔 렉 걸리고 하는것 외 엔 정말 ... 최 곱니다 짜릿한 게임 이 예요 엔딩 보는데까지도 너무 재밌고 전투 도 할수있고 마을 건설 이나 파밍 도 할수있고 이런 생존 게임 넘 재밌습니다 . 아직 엔딩 못 봤지만 엔딩 보면 크리에이티브 모드 도 할수있다는데 ... 스토리 도 있고 잘 짜여져있어요 오늘 엔딩 보러 갑니다 ..!,2019-11-07 18:43:25
242760,The Forest,positive,👍,👍,2019-11-07 09:27:18
242760,The Forest,positive,식인종을 장난감처럼 가지고 노는게 가장 재미있습니다,식인종 을 장난감 처럼 가지 고 노는게 가장 재미있습니다,2019-11-06 16:26:05
242760,The Forest,positive,아들은 사실상 뒷전인 힐링겜,아들 은 사실 상 뒷전 인 힐링 겜,2019-11-06 11:33:50
242760,The Forest,positive,이 게임은 현실적인 면에서 완벽에 가깝습니다. 그리고 식인종으로 인한 긴장감이 넘치죠 다만 한가지 안쉬운점은 자동 저장이 되지 않는것입니다. 그것만 돼면 완벽합니다.,이 게임 은 현실 적 인 면 에서 완벽 에 가깝습니다 . 그리고 식인종 으로 인한 긴장감 이 넘치죠 다만 한가지 안 쉬운 점 은 자동 저장 이 되지 않는것 입니다 . 그것 만 돼면 완벽합니다 .,2019-11-05 22:18:40
242760,The Forest,positive,가아아아아아아아아아아아아아아아아아아아아아아아아아아아아아아아아아아아아앗겜,가 아아 아아 아아 아아 아아 아아 아아 아아 아아 아아 아아 아아 아아 아아 아아 아아 아아 아아 앗겜,2019-11-05 20:04:06
242760,The Forest,positive,팀원들이 부모님 안부를 묻고 에임이 흔들릴 때마다 해주는 따끔한 충고에 내 귀와 뒤통수에서 피가 흐를 때쯤 찾게 되는 귀농 힐링 시뮬레이션..,팀 원 들이 부모님 안부 를 묻고 에 임 이 흔들릴 때 마다 해주는 따끔한 충고 에 내 귀 와 뒤통수 에서 피 가 흐를 때 쯤 찾게 되는 귀농 힐링 시뮬레이션 ..,2019-11-05 19:34:59
242760,The Forest,positive,good,good,2019-11-05 18:53:52
242760,The Forest,positive,good,good,2019-11-05 00:59:48
242760,The Forest,positive,Good,Good,2019-11-05 00:27:04
242760,The Forest,positive,DLRJSMSWOALTLDtMQSLEKDKFRPtDMQSLEK> SLAEMFDMSqKFFLGKTPDYWPQKFDLRJDJDCJDWOALDLtDMA>,DLRJSMSWOALTLDtMQSLEKDKFRPtDMQSLEK > SLAEMFDMSqKFFLGKTPDYWPQKFDLRJDJDCJDWOALDLtDMA >,2019-11-04 20:39:00
242760,The Forest,positive,가격 대비 스토리 / 그래픽 좋은 편. 근데 세일할 때 사면 더 좋은 편. 생존 게임을 더 포레스트로 시작했는데 이만한 겜이 별로 없는 것도 사실인 듯. 다만 엔딩을 보고나면 어느 순간부터는 집짓기 게임이 되어버림... 누적 플레이 타임의 반 정도는 혼자서 집짓고 식인종 집들이 파티 하면서 놀았고 멀티로 즐길 친구들이 있으면 종종 들어가는 중이긴 한데 요즘은 그냥 가끔 식인종이랑 힐링하러 들어간당. 마지막 업데이트 날짜를 감안하면 새 크리쳐든 건축물이든 절실하게 필요함. PLZ.,가격 대비 스토리 / 그래픽 좋은 편 . 근데 세 일 할 때 사면 더 좋은 편 . 생존 게임 을 더 포레스트 로 시작 했는데 이만 한 겜 이 별로 없는 것 도 사실 인 듯 . 다만 엔딩 을 보고나면 어느 순간 부터는 집짓기 게임 이 되어 버림 ... 누적 플레이 타임 의 반 정도 는 혼자 서 집 짓고 식인종 집들이 파티 하면서 놀았고 멀티 로 즐길 친구 들 이 있으면 종종 들어가는 중이 긴 한데 요즘 은 그냥 가끔 식인종 이랑 힐링 하러 들어간당 . 마지막 업데이트 날짜 를 감안 하면 새 크리 쳐든 건축물 이든 절실 하게 필요함 . PLZ .,2019-11-04 06:56:00
242760,The Forest,positive,서브나우티카 육지편 ㅊㅊ,서브 나우 티카 육 지 편 ㅊㅊ,2019-11-04 01:46:42
242760,The Forest,positive,아직도 이 게임에 공포태그가 왜 붙어있는지 모르겠다.,아직도 이 게임 에 공포 태그 가 왜 붙어있는지 모르겠다 .,2019-11-04 01:21:17
242760,The Forest,positive,ㅈㄴ 재미있네,ㅈㄴ 재미있네,2019-11-03 21:02:40
242760,The Forest,positive,이거 엔딩이조아,이 거 엔딩 이조 아,2019-11-03 18:41:24
242760,The Forest,positive,재미있슴,재미있 슴,2019-11-03 16:17:39
242760,The Forest,positive,오히려 식인종들을 식인하는 게임,오히려 식인종 들 을 식인 하는 게임,2019-11-03 12:59:22
242760,The Forest,positive,친구가 있으면 추천한다,친구 가 있으면 추천 한다,2019-11-02 22:03:31
242760,The Forest,positive,"5 minutes into being stranded due to a plane crash, me and my friends resorted to cannibalism. Good game, would reccomend","5 minutes into being stranded due to a plane crash , me and my friends resorted to cannibalism . Good game , would reccomend",2019-11-02 19:27:45
242760,The Forest,positive,세일할때 사세요... 생존 좋아하는 사람은 그럴싸하게 즐길 수 있읍니다.. 단점이라면... 물건이 자꾸 날아가요... 네.. 버그... 오집니다.. ㅋ ㅋ ㅋ 웃겨요.. 도마뱀이 물건 밀고 가져가버릴때도 있고 그럽니다...,세 일 할 때 사세요 ... 생존 좋아하는 사람 은 그럴 싸하게 즐길 수 있 읍니 다 .. 단점 이 라면 ... 물건 이 자꾸 날아가요 ... 네 .. 버그 ... 오 집니다 .. ㅋ ㅋ ㅋ 웃겨요 .. 도마뱀 이 물건 밀고 가져가 버릴 때 도 있고 그럽니다 ...,2019-11-02 18:03:11
242760,The Forest,positive,노무 좋타 이기,노무 좋 타 이기,2019-11-02 17:36:24
242760,The Forest,positive,"장점 혼자하면 재미없을수도 있겠지만, 같이하면 1ㄷ1할수도 있고 컨텐츠가 더 많아짐 건축, 생존, 학살, 파밍 등의 것 외에도 여러가지 치트사용으로 더 재미있게 즐길 수 있다. (남에게 피해 안 갈 정도로) 단점 컨텐츠 부족 업데이트 마지막으로 한게 몇달전","장점 혼자 하면 재미없을수도 있겠지만 , 같이 하면 1 ㄷ 1 할수도 있고 컨텐츠 가 더 많아짐 건축 , 생존 , 학살 , 파밍 등 의 것 외 에도 여러가지 치트 사용 으로 더 재미있게 즐길 수 있다 . ( 남 에게 피해 안 갈 정도 로 ) 단점 컨텐츠 부족 업데이트 마지막 으로 한 게 몇 달전",2019-11-02 14:30:22
242760,The Forest,positive,개갓겜,개 갓 겜,2019-11-02 14:01:06
242760,The Forest,positive,더 포레스트 처음 나왔을때는 음 버그도 많고 단점이 더 많았지만 현재는 상당히 재밌습니다 매니아층이라면 더더욱 재미를 느낄 수 있을꺼에요,더 포레스트 처음 나왔을 때 는 음 버그 도 많고 단점 이 더 많았지만 현재 는 상당히 재밌습니다 매니아 층 이 라면 더 더욱 재미 를 느낄 수 있을꺼에요,2019-11-02 11:05:20
242760,The Forest,positive,게임이 많이 재미있네요 .,게임 이 많이 재미있네요 .,2019-11-02 00:04:08
242760,The Forest,positive,무섭다,무섭다,2019-11-01 21:43:48
242760,The Forest,positive,뷁,뷁,2019-11-01 20:27:12
242760,The Forest,positive,가격이 낮으며 그래픽은 상위권이며 오래할 수 있는?게임일지는 모름,가격 이 낮으며 그래픽 은 상위 권 이며 오래 할 수 있는 ? 게임 일지 는 모름,2019-11-01 18:22:39
242760,The Forest,positive,이게임은 게임입니다,이 게임 은 게임 입니다,2019-11-01 16:35:29
242760,The Forest,positive,할게 없단말 취소 개꿀잼 엌ㅋㅋㅋㅋㅋㅋㅋㅋㅋㅋㅋㅋㅋㅋㅋㅋㅋㅋㅋㅋㅋㅋㅋㅋㅋ,할게 없 단말 취소 개꿀잼 엌 ㅋㅋㅋㅋㅋㅋㅋㅋㅋㅋㅋㅋㅋㅋㅋㅋㅋㅋㅋㅋㅋㅋㅋㅋㅋ,2019-11-01 16:09:29
242760,The Forest,positive,인육 먹고싶을 때 하면 재밌지만 그닥 맛있는 인육은 아니었음,인육 먹고싶을 때 하면 재밌지만 그닥 맛있는 인육 은 아니었음,2019-10-31 23:36:15
242760,The Forest,positive,어느순간 식량배달이 오는게임,어느 순간 식량 배달 이 오는 게임,2019-10-29 20:10:14
242760,The Forest,positive,2018년 내 앰창 여름방학의 이야기,2018년 내 앰창 여름방학 의 이야기,2019-10-28 23:52:36
242760,The Forest,positive,힐링,힐링,2019-10-28 10:56:16
242760,The Forest,positive,"스토리가 있어서 재밌어요 끔찍한거(피나, 시체)같은걸 못보시다면 별로 추천하진 않는데 인종이들이랑 놀아주는건 재밌어요 ㅎㅎ","스토리 가 있어서 재밌어요 끔찍한거 ( 피나 , 시체 ) 같은걸 못 보시다면 별로 추천 하진 않는데 인 종이 들 이랑 놀아주는건 재밌어요 ㅎㅎ",2019-10-27 20:42:01
242760,The Forest,positive,재밋네여,재밋네 여,2019-10-26 20:21:32
242760,The Forest,positive,걍 존나 잼있음,걍 존나 잼있음,2019-10-25 18:28:48
242760,The Forest,positive,"여기보이는 이녀석은... 식인종이라고 하는 녀석인데, 좋은 단백질 공급원입니다. 이 곳 조난민들은 주로 이 것의 뼈를 이용해 방어구를 만들곤 하죠. 하지만 지금은 제 점심이죠. 보기엔 다 익은 것 같군요. 읍...으음.... 읗....... 헣으.......(퓃) 푸흐흐....... 마치 썩은 진흙탕에 뒹군... 상한 고기 같아요. 후우, 계속 이동하죠.","여기 보이는 이 녀석 은 ... 식인종 이라고 하는 녀석 인데 , 좋은 단백질 공급원 입니다 . 이 곳 조 난민 들 은 주로 이 것 의 뼈 를 이용 해 방어 구를 만들곤 하죠 . 하지만 지금 은 제 점심 이 죠 . 보기 엔 다 익은 것 같군요 . 읍 ... 으음 .... 읗 ....... 헣으 .......( 퓃 ) 푸 흐흐 ....... 마치 썩은 진흙탕 에 뒹군 ... 상한 고기 같아요 . 후우 , 계속 이동 하죠 .",2019-10-23 19:41:19
242760,The Forest,positive,스튜어디스님이 도끼랑 옷도 주시네요 친절하신분이다 식인종이 집을 부셔 마음이 아프다면 물위에 지으세요!,스튜어디스 님 이 도끼 랑 옷 도 주시네요 친절하 신분 이다 식인종 이 집 을 부셔 마음 이 아프다면 물위 에 지으세요 !,2019-10-22 12:07:45
242760,The Forest,positive,처음엔 식인종 엄청 무섭지만 나중엔 그냥 지나가는 짐승같아여 ㅎㅎ 건축하는 재미도 있고 말없이 나무만 하는것도 좋고 동굴탐험도 재밌고 친구들이랑도 할수있어서 아주 좋은게입입니다!!!!!!!!!!,처음 엔 식인종 엄청 무섭지만 나중 엔 그냥 지나가는 짐승 같아여 ㅎㅎ 건축 하는 재미 도 있고 말 없이 나무 만 하는것도 좋고 동굴탐험 도 재밌고 친구 들 이랑 도 할수있어서 아주 좋 은 게 입 입니다 !!!!!!!!!!,2019-10-22 06:51:23
242760,The Forest,positive,난 무서운거 싫어해서 이-지 모드로 함 띵까띵까 에쁜집 만드는거 재밌음 멀티할때는 무서워도 사람들 움직이는거 보면 재밌음,난 무서운거 싫어해서 이 - 지 모드 로 함 띵까띵까 에쁜집 만드는거 재밌음 멀티 할 때 는 무서워도 사람 들 움직이는거 보면 재밌음,2019-10-21 20:32:12
242760,The Forest,positive,나쁘지 않음,나쁘지 않음,2019-10-20 17:42:59
242760,The Forest,positive,생존게임중의 최고,생존 게임 중 의 최고,2019-10-18 17:45:47
242760,The Forest,positive,친구랑 하세요 두번 하세요 친구랑 안하면 무서워서 못합니다 그리고 치트키 쓰셈,친구 랑 하세요 두 번 하세요 친구 랑 안 하면 무서워서 못 합니다 그리고 치트키 쓰셈,2019-10-18 16:20:28
242760,The Forest,positive,이 게임의 주인공과 식인종의 관계는 마치 롤의 챔피언과 적미니언의 관계와 흡사합니다. 초반에 1:N으로 싸우면 플레이어는 피눈물을 흘리지만 중후반으로 갈수록 학살을 하고 있는 나를 볼 수 있습니다.,이 게임 의 주인공 과 식인종 의 관계 는 마치 롤 의 챔피언 과 적미 니 언 의 관계 와 흡사합니다 . 초반 에 1 : N 으로 싸우면 플레이어 는 피 눈물 을 흘리지만 중후 반 으로 갈수록 학살 을 하고 있는 나를 볼 수 있습니다 .,2019-10-16 21:18:16
242760,The Forest,positive,처음에는 식인종이랑 돌연변이 때문에 벌벌 떨면서 했는데 시간이 좀 지나면서 식량 없는데 이것들 어디갔냐고 찾으러 다니고 결국에는 건물 짓고 식인종 구경하는 재미로 그냥 섬에 눌러 앉는 게임,처음 에는 식인종 이랑 돌연변이 때문 에 벌벌 떨면서 했는데 시간 이 좀 지나면서 식량 없는데 이 것 들 어디 갔냐고 찾으러 다니고 결국 에는 건물 짓고 식인종 구경 하는 재미 로 그냥 섬 에 눌러 앉는 게임,2019-10-14 14:59:18
242760,The Forest,positive,"The female cannibals are quite rare, But it's fun.","The female cannibals are quite rare , But it ' s fun .",2019-10-14 01:19:36
242760,The Forest,positive,친절한 이웃분들이 맞이해주시는데 정말 즐겁게 섬 생활을 즐길 수 있었어요 *^^* 다들 해보세요! 가끔 버그가 있긴한데 그걸 감안해도 재밌게 플레이하실 수 있습니다,친절한 이웃 분들 이 맞이 해주시는데 정말 즐겁게 섬 생활 을 즐길 수 있었어요 *^^* 다 들 해보세요 ! 가끔 버그 가 있긴한데 그걸 감안 해도 재밌게 플레이 하실 수 있습니다,2019-10-12 19:59:09
242760,The Forest,positive,네크로필리아가 이런 기분일까,네크로필리아 가 이런 기분 일까,2019-10-12 04:44:16
242760,The Forest,positive,히힉! 식인종 못 가 !,히힉 ! 식인종 못 가 !,2019-10-11 21:58:13
242760,The Forest,positive,캠프파이어가 식인종 다리 한방에 부셔져요,캠프파이어 가 식인종 다리 한 방 에 부셔져요,2019-10-10 03:27:29
242760,The Forest,positive,초반에지도없어서개빡치는거빼고 좋음,초반 에 지도 없어서 개 빡치는거 빼고 좋음,2019-10-10 02:33:07
242760,The Forest,positive,그냥 그럭저럭 할만함 시간때우기용,그냥 그럭저럭 할만 함 시간 때우기용,2019-10-07 22:15:47
242760,The Forest,positive,"생존은 우리가아닌 식인종들이 하는 게임 너무 고여버려 맵밖에 스키점프대를 지은 게임 식인종들이 살려달라고 비는게임 오히려 우리가 침입자가된게임 ""진짜 너무재밌어 짜릿해 언제나 새로워""","생존 은 우리 가 아닌 식인종 들 이 하는 게임 너무 고여 버려 맵 밖에 스키점프대 를 지은 게임 식인종 들 이 살려 달라 고 비는 게임 오히려 우리 가 침입 자 가 된 게임 "" 진짜 너무 재밌어 짜릿해 언제나 새로워 """,2019-10-07 20:59:23
242760,The Forest,positive,업데이트도 꾸준히 해주고 유저의 의견도 적극적으로 수용해주는 갓겜☆,업데이트 도 꾸준히 해주고 유저 의 의견 도 적극 적 으로 수용 해주는 갓 겜 ☆,2019-10-06 03:49:42
242760,The Forest,positive,처음 원주민 매달아 놓고 팰때 묘했음,처음 원주민 매달 아 놓고 팰때 묘 했음,2019-10-06 01:06:17
242760,The Forest,positive,"여전히 발전이 없는 게임입니다. 개발자들은 그저 그래픽과 사운드만 신경쓰고 서버 트래픽과 랙, 프레임 드랍을 잡을 생각을 1도 하지 않는 게임입니다. I7-9700K + RTX2070 + RAM 32GB 쓰면 뭐합니까. 서버에서 문제가 터지고 ㅄ같이 운영을 하는데. 차라리 게임 운영을 하지마세요. 발전 없었어 짜증나요","여전히 발전 이 없는 게임 입니다 . 개발자 들 은 그저 그래픽 과 사운드 만 신경 쓰고 서버 트래픽 과 랙 , 프레임 드랍 을 잡 을 생각 을 1 도 하지 않는 게임 입니다 . I 7-9700 K + RTX 2070 + RAM 32 GB 쓰면 뭐합 니까 . 서버 에서 문제 가 터지고 ㅄ 같이 운영 을 하는데 . 차라리 게임 운영 을 하지 마세요 . 발전 없었어 짜증나요",2019-10-03 14:07:22
242760,The Forest,positive,더 포레스트 [ The Forest ] [[ 가격 ]] □ 정가 줘도 좋음 □ 20% 세일까지 존버 ■ 50% 세일까지 존버 □ 70% 이상 세일까지 존버 [[ 그래픽 ]] □ 개아름다움 ■ 아주 좋음 □ 좋음 □ 그냥 그럼 □ 별로임 □ 개후짐 ;; [[ 사운드 ]] □ 개황홀함 □ 아주 좋음 ■ 좋음 □ 그냥 그럼 □ 별로임 □ 개귀갱 ;; [[ 사양 ]] □ 초고사양 컴 □ 고사양 컴 ■ 적당한 컴 □ 가정용 컴 □ 노트북 □ 지뢰찾기용 컴 [[ 한글화 ]] ■ 한글화가 되어있음 □ 한글화가 되어있는데 애매함 □ 유저,더 포레스트 [ The Forest ] [[ 가격 ]] □ 정가 줘도 좋음 □ 20% 세 일 까지 존버 ■ 50% 세 일 까지 존버 □ 70% 이상 세 일 까지 존버 [[ 그래픽 ]] □ 개 아름다 움 ■ 아주 좋음 □ 좋음 □ 그냥 그럼 □ 별로 임 □ 개후짐 ;; [[ 사운드 ]] □ 개 황홀함 □ 아주 좋음 ■ 좋음 □ 그냥 그럼 □ 별로 임 □ 개 귀 갱 ;; [[ 사양 ]] □ 초고 사양 컴 □ 고 사양 컴 ■ 적당한 컴 □ 가정 용 컴 □ 노트북 □ 지뢰 찾기용 컴 [[ 한글화 ]] ■ 한글화 가 되어있음 □ 한글화 가 되어있는데 애매함 □ 유저,2019-10-01 20:25:24
242760,The Forest,positive,"??? : 치킨을 안 좋아하세요, 회를 좋아하시지.","??? : 치킨 을 안 좋아하세요 , 회 를 좋아하시지 .",2019-10-01 19:22:21
242760,The Forest,positive,Good game,Good game,2019-10-01 15:44:33
242760,The Forest,positive,1시간만에 아들을 구하러가던 100시간만에 구하러가던 결과는 똑같다,1시간 만에 아들 을 구 하러가던 100시간 만에 구 하러가던 결과 는 똑같다,2019-09-29 12:36:30
242760,The Forest,positive,여러명과하면 개꿀잼,여러 명과 하 면 개꿀잼,2019-09-29 00:04:57
242760,The Forest,positive,식인종이 내가 된다,식인종 이 내 가 된다,2019-09-28 07:14:33
242760,The Forest,positive,"본격 인육마스터 주인공이 씹뜯맛즐 하는 겜. 친구랑 하면 개재밌다. 특히 문어친구들 나올때 코옵플레이어들 기겁해서 죽을라하는거 들으면 흥분된다 ㅎㅎ 식인종 30분 까지만해도 무서워서 바들바들떠는데 소리지르고 뛰어와서 헛방갈기고 나무타올라가다가 빵디에 화살갈기면 떨어지고 너무너무귀여운 친구들이 된다ㅋㅋ 스토리도 솔직히 이만하면 나름 괴기스럽고 디스토피아적이라 맘에 쏙 들고 스팀에서 얼마안되는 코옵겜들 중 즐길만한 겜이라 참 좋다. 근데 단점이 더 많은게, 불편한 인터페이스 (특히 템창, 조합, 아이템 건내줄때, 씨foot 맵)와 거","본격 인육 마스터 주인공 이 씹 뜯 맛즐 하는 겜 . 친구 랑 하면 개 재밌다 . 특히 문어 친구 들 나올 때 코옵 플레이어 들 기겁 해서 죽을라 하는거 들으면 흥분 된다 ㅎㅎ 식인종 30분 까지만 해도 무서워서 바들바들 떠는데 소리 지르고 뛰어와서 헛방갈기 고 나무 타올라가다가 빵디 에 화살 갈기 면 떨어지고 너무 너무 귀여운 친구 들 이 된다 ㅋㅋ 스토리 도 솔직히 이만 하면 나름 괴기 스럽고 디스토피아 적 이라 맘 에 쏙 들고 스팀 에서 얼마 안되는 코옵겜 들 중 즐길만 한 겜 이라 참 좋다 . 근데 단점 이 더 많은게 , 불편한 인터페이스 ( 특히 템창 , 조합 , 아이템 건내줄 때 , 씨 foot 맵 ) 와 거",2019-09-28 00:47:55
242760,The Forest,positive,"괜찮은 스토리의 생존게임, 멀미유발 개심함","괜찮은 스토리 의 생존 게임 , 멀미 유발 개심 함",2019-09-27 13:47:04
242760,The Forest,positive,"생존전문가인 주인공이 아들과 여행중 비행기에서 추락하여 무인도에 표류하게 되는데 아들을 잃어버리고 맙니다. 무인도에서 나름의 생존력으로 통나무를 베어 집도 짓고, 식량도 구하고, 각종 식인종으로 부터 자신을 지키며 살아남아 아들을 찾는 것이 이 게임의 스토리 흐름입니다. 하지만 스토리는 게임플레이중에는 전혀 영향을 미치지 않으며, 모든 것을 스스로 생각하고 행동해야 합니다. 그러나 난이도설정도 할 수 있고 처음하는 사람도 충분히 이 게임을 즐기는 법을 빠르게 습득 가능할 만큼 심플하면서도 중독성있는게 매력입니다. 통나무를 캐며,","생존 전문가 인 주인공 이 아들 과 여행 중 비행기 에서 추락 하여 무인도 에 표류 하게 되는데 아들 을 잃어버리고 맙니 다 . 무인도 에서 나름 의 생존 력 으로 통나무 를 베어 집도 짓고 , 식량 도 구 하고 , 각종 식인종 으로 부터 자신 을 지키며 살아남아 아들 을 찾는 것 이 이 게임 의 스토리 흐름 입니다 . 하지만 스토리 는 게임 플레이 중 에는 전혀 영향 을 미치지 않으며 , 모든 것 을 스스로 생각 하고 행동 해야 합니다 . 그러나 난이도 설정 도 할 수 있고 처음 하는 사람 도 충분히 이 게임 을 즐기는 법 을 빠르게 습득 가능할 만큼 심플 하면서도 중독 성 있는게 매력 입니다 . 통나무 를 캐며 ,",2019-09-26 22:32:28
242760,The Forest,positive,식량 걱정 따윈 없는게 식인종이 주식입니다.,식량 걱정 따윈 없는게 식인종 이 주식 입니다 .,2019-09-26 19:00:45
242760,The Forest,positive,굿,굿,2019-09-26 01:55:01
242760,The Forest,positive,내가 식인종인가 저들이 식인종인가,내 가 식인종 인가 저 들 이 식인종 인가,2019-09-22 17:12:30
242760,The Forest,positive,인육마렵다,인육 마 렵다,2019-09-22 16:12:57
242760,The Forest,positive,"이 게임을 하기에 앞서 마우스 감도 조절과 해상도 조절이 반드시 필요합니다. 초반에 감마가 굉장히 빠르니 설정 X감마, Y감마 모두 0으로 맞춰두시고 플레이하면서 바꿔주세요! 해상도는 게임 들어갈때 조절할 수 있지만 윈도우로 하고 싶으면 여타 게임처럼 ALT+ENTER을 누르시면 됩니다. 동굴 밝기를 표준으로 해두면 아무것도 보이지 않으니 0으로 조절하신 후 게임 내에서 확인해보세요! 토끼 덫을 만드는건 개인 취향입니다...만 나뭇가지가 많이 드니 그냥 창으로 잡으세요! 창으로 잡기가 어렵다면 연못에서 물고기를 잡아서 연명하시는것도","이 게임 을 하기에 앞서 마우스 감도 조절 과 해상도 조절 이 반드시 필요합니다 . 초반 에 감마 가 굉장히 빠르니 설정 X 감마 , Y 감마 모두 0 으로 맞춰 두시 고 플레이 하면서 바꿔주세요 ! 해상도 는 게임 들어갈 때 조절 할 수 있지만 윈도우 로 하고 싶으면 여타 게임 처럼 ALT + ENTER 을 누르시면 됩니다 . 동굴 밝기 를 표준 으로 해 두면 아무 것 도 보이지 않으니 0 으로 조절 하신 후 게임 내 에서 확인 해보세요 ! 토끼 덫 을 만드는건 개인 취향 입니다 ... 만 나뭇가지 가 많이 드니 그냥 창 으로 잡으세요 ! 창 으로 잡기 가 어렵다면 연못 에서 물고기 를 잡아서 연명 하시는것도",2019-09-22 15:56:48
242760,The Forest,positive,겜하면서 느낀건데 고기는 옳다는게 정말 인것같다 레오나르드 다빈치급으로 뤠알 봡도듁임,겜 하면서 느낀건데 고기 는 옳다는게 정말 인것 같다 레오나 르드 다빈치 급 으로 뤠알 봡도듁임,2019-09-22 13:31:51
242760,The Forest,positive,넘모 쉬워짐,넘 모 쉬워 짐,2019-09-21 21:49:39
242760,The Forest,positive,추천 합니다!!!,추천 합니다 !!!,2019-09-21 11:39:35
242760,The Forest,positive,잼잇읍니다 업데이트 plz,잼 잇 읍니 다 업데이트 plz,2019-09-19 13:05:13
242760,The Forest,positive,식인종과 싸우면서 스스로 미쳐가는겜. 생존과 공포 둘 다 잘 잡은것 같다. 통나무를 짊어지고 달릴 수 있을정도인 주인공이 도끼를 들고 몇방이나 내리쳐야 식인종이 죽는것을 보면 초인전쟁을 방불케한다.,식인종 과 싸우면서 스스로 미쳐가는 겜 . 생존 과 공포 둘 다 잘 잡은것 같다 . 통나무 를 짊어지 고 달릴 수 있을 정도 인 주인공 이 도끼 를 들고 몇 방이 나 내리 쳐야 식인종 이 죽는것을 보면 초인 전쟁 을 방불 케 한 다 .,2019-09-18 23:25:36
242760,The Forest,positive,공포겜 못하는데 친구들이랑 같이해서 재미있게 건축하고 엔딩까지 본 게임 친구들이 있다면 처음엔 같이하기 좋은겜,공포 겜 못 하는데 친구 들 이랑 같이 해서 재미있게 건축 하고 엔딩 까지 본 게임 친구 들 이 있다면 처음 엔 같이 하기 좋은 겜,2019-09-18 23:24:01
242760,The Forest,positive,플레이 타임이 짧다고 느끼는데 저만그런가요? 어쨋든간에 멀티하니까 엄청재미있고 약간 하다보니까 다 얻어지더라고요 매우 재미있습니다,플레이 타임 이 짧다고 느끼는데 저만 그런 가요 ? 어쨋든간 에 멀티 하니까 엄청 재미있고 약간 하다 보 니까 다 얻어지더라고요 매우 재미있습니다,2019-09-18 22:39:21
242760,The Forest,positive,일단 너무 현실적인 고퀄리티 그리고 징그럽지만 움직이는 동작과 소리로 재미를 느낄수 있어 만족합니다 ^^,일단 너무 현실 적 인 고 퀄리티 그리고 징그럽지만 움직이는 동작 과 소리 로 재미 를 느낄수 있어 만족합니다 ^^,2019-09-18 19:33:10
242760,The Forest,positive,나중에 되면 식인종 을 먹이로 밖에 생각안하게됨 무기 모으는 재미가있으나. 귀찮음 전기톱을얻게 될때면 나무는 쉽게 얻음 설계도 4가지 더 찾는거 있는데 찾아서 만드는걸추천함(유튜브 검색ㄱ) 멀티로 해도 재미있고 싱글로하면 조금무섭다:> 암시는 나중되면 그냥 잡으니 걱정안해도된다. 카타나랑 마체테가 짱이다. 멀티를 하게 되면 티미는 안찾고 살림 차릴 생각하는게임이 되버린다. 되도록 멀티로 하는게 재미있다. tip (싱크홀 양옆으로 짚라인 설치해서 내려가다 중앙에서 떨어지면 밑에 물때문에 낙뎀안받고 착지 할수있다 또다른 방법으로는,나중 에 되면 식인종 을 먹이 로 밖에 생각 안 하게 됨 무기 모으는 재미 가 있으나 . 귀찮음 전기톱 을 얻게 될 때 면 나무 는 쉽게 얻음 설계도 4 가지 더 찾는거 있는데 찾아서 만드는 걸 추천 함 ( 유튜브 검색 ㄱ ) 멀티 로 해도 재미있고 싱글 로 하면 조금 무섭다 :> 암시 는 나중 되면 그냥 잡으니 걱정 안해 도 된다 . 카타나 랑 마체테 가 짱 이다 . 멀티 를 하게 되면 티 미는 안 찾고 살림 차릴 생각 하는 게임 이 되 버린다 . 되도록 멀티 로 하는게 재미있다 . tip ( 싱크홀 양옆 으로 짚라인 설치 해서 내려가다 중앙 에서 떨어지면 밑 에 물때 문 에 낙뎀안받 고 착지 할수있다 또다른 방법 으로는,2019-09-17 02:16:00
242760,The Forest,positive,일단 친구들이랑하면 개꿀잼임 내가 평소에꿈꾸던 그런집도완성가능함ㅇㅇ 결론 세일땐살만하다,일단 친구 들 이랑 하면 개꿀잼임 내 가 평소 에 꿈꾸던 그런 집도 완성 가능함 ㅇㅇ 결론 세 일 땐살 만하 다,2019-09-16 23:29:59
242760,The Forest,positive,4시간쯤하면 그냥 좀비찾으러다님,4시간 쯤하면 그냥 좀비 찾으러 다님,2019-09-16 22:10:38
242760,The Forest,positive,갓겜입니다.,갓 겜 입니다 .,2019-09-16 21:56:45
242760,The Forest,positive,"나무좀 배고, 토끼 사냥좀 하고, 식인종도 좀 구워먹으면서 시골라이프를 즐기는 게임","나무 좀 배고 , 토끼 사냥 좀 하고 , 식인종 도 좀 구워 먹으면서 시골 라이프 를 즐기는 게임",2019-09-16 20:35:52
242760,The Forest,positive,이거 학교컴에서도 돌아감 ㅇㅇ,이 거 학교 컴 에서도 돌아감 ㅇㅇ,2019-09-16 17:10:30
242760,The Forest,positive,싸운다 식인종 먹는다 냠냠 싸운다 돌연변히엨 ㅅ발 저게뭐야 하고 끄는게임,싸운다 식인종 먹는다 냠냠 싸운다 돌연 변히 엨 ㅅ 발 저 게뭐 야 하고 끄는 게임,2019-09-16 05:40:11
242760,The Forest,positive,이거 레알 꿀잼임 ㅇㅇ,이 거 레알 꿀잼임 ㅇㅇ,2019-09-15 22:24:43
242760,The Forest,positive,첨 할땐 재밌는데 익숙해지면 콘텐츠가 없다. 세일할 때 사셈,첨 할 땐 재밌는데 익숙해지면 콘텐츠 가 없다 . 세 일 할 때 사셈,2019-09-15 21:19:45
242760,The Forest,positive,싸가지 없는 여자애 한명 잡을라고 개지1랄 떠는 게임 재밌다,싸가지 없는 여자애 한 명 잡을라고 개지 1 랄 떠는 게임 재밌다,2019-09-15 15:59:15
242760,The Forest,positive,친구랑 같이하면 재밌네요,친구 랑 같이 하면 재밌네요,2019-09-14 17:50:18
242760,The Forest,positive,이제 한시간넘은 늅인데 너무 어렵다.. 같이할 사람없나?,이제 한 시간 넘은 늅 인데 너무 어렵다 .. 같이 할 사람 없나 ?,2019-09-14 04:16:54
242760,The Forest,positive,식인종 머꼴,식인종 머꼴,2019-09-13 20:26:18
242760,The Forest,positive,사고 하루뒤에 세일해버리노;;,사고 하루 뒤 에 세 일해 버리노 ;;,2019-09-13 18:12:30
242760,The Forest,positive,구하는것보다 식인종이 죽이는 맛이랑 먹는 맛이 짜릿함,구 하는것보다 식인종 이 죽이는 맛 이랑 먹는 맛 이 짜릿함,2019-09-13 13:34:31
242760,The Forest,positive,산지 일주일도안됬는데 45퍼센트 할인들어갔어.. ㅠ 할인안할때사도 돈값하는거같아요 할인하니까 다들사세요,산지 일주일 도 안됬는데 45 퍼센트 할인 들어갔어 .. ㅠ 할인안 할 때 사도 돈값 하는거 같아요 할인 하니까 다 들 사세요,2019-09-13 03:45:11
242760,The Forest,positive,카니발리즘 만세,카니발리즘 만세,2019-09-12 18:43:18
242760,The Forest,positive,물리엔진이 레알 ㅄ임 그래도 재미있으니까 해보셈,물리엔진 이 레알 ㅄ 임 그래도 재미있으니까 해보셈,2019-09-11 22:44:48
242760,The Forest,positive,개꿀잼 추,개꿀잼 추,2019-09-11 11:14:22
242760,The Forest,positive,빨리 후속편 내라 색기들아,빨리 후 속편 내 라 색기 들 아,2019-09-09 23:28:55
242760,The Forest,positive,초반: 밤에 무서워서 못다님 중반: 식인종 무서움이 서서히 사라짐 후반 : 식인종 패고다님,초반 : 밤 에 무서워서 못 다님 중반 : 식인종 무서움 이 서서히 사라짐 후반 : 식인종 패 고 다님,2019-09-09 08:02:26
242760,The Forest,positive,GOOD,GOOD,2019-09-08 19:25:13
242760,The Forest,positive,식인종한테 죽은것보다 친구들한테 죽은게 더 많은겜,식인종 한테 죽은것보다 친구 들 한테 죽은게 더 많은 겜,2019-09-08 16:14:38
242760,The Forest,positive,서바이벌 게임에서 식인종이나 몬스터 안나오면 처음에는 재미있다가 1시간하면 재미없음 하지만 더 포레스트는 식인종이 있어 심심하지도 않고 할일도 많아짐 참고로 어렵거나 무서운 사람들은 유튜브에서 식인종 공략보고 난이도 조절하면서 건물파괴 허용 끄고 하면 난이도 적당함 친구랑 하면 추천,서바이벌 게임 에서 식인종 이나 몬스터 안 나오면 처음 에는 재미있다가 1시간 하면 재미없음 하지만 더 포레스트 는 식인종 이 있어 심심하지도 않고 할 일도 많아짐 참고 로 어렵거나 무서운 사람 들 은 유튜브 에서 식인종 공략 보고 난이도 조절 하면서 건물 파괴 허용 끄고 하면 난이도 적당함 친구 랑 하면 추천,2019-09-06 23:51:49
242760,The Forest,positive,1분 여기가 어디지? 30분 아 XX 저 괴물 XX들은 뭐야?! 1시간 아 무기를 얻었다 5시간 아 잘갈려 나가네 10시간 아 이상한 문어가 쫒아와! 채력도 많잖아! 20시간 아 돌변 갑옷 좋네 40시간 아 티미야? 50시간 아 티미 버림 ㅅㄱ 60시간 모드써야지,1분 여기 가 어디 지 ? 30분 아 XX 저 괴물 XX 들은 뭐 야 ?! 1시간 아 무기 를 얻었다 5시간 아 잘 갈려 나가네 10시간 아 이상한 문어 가 쫒아와 ! 채 력 도 많잖아 ! 20시간 아 돌변 갑옷 좋네 40시간 아 티 미야 ? 50시간 아 티 미 버림 ㅅㄱ 60시간 모드 써야지,2019-09-02 21:12:31
242760,The Forest,positive,"생존게임을 좋아한다면 꼭 한번 해보길 추천드리는 게임. 혼자서 해도 친구와 함께 해도 정말 재미있는 게임입니다. 예전부터 해왔었는데 꾸준한 업데이트와 픽스패치가 있어 추가된 게 있나 하고 한번쯤 들여다보게 되는 게임! (최근에는 조금 잠잠하지만..) 자유로운 오픈월드라서 본인의 선택에 따라 스토리를 따라갈 수도 따라가지 않을 수도 있으며, 플레이하는 데에는 전혀 지장이 없습니다. (스토리 클리어 시 ""크리에이티브 모드""가 해금되니 추천은 드립니다. *크리에이티브 모드로 게임할 시, 건물을 짓는데 필요한 재료가 무제한 제공됩니다.)","생존 게임 을 좋아한다면 꼭 한번 해보길 추천 드리는 게임 . 혼자 서 해도 친구 와 함께 해도 정말 재미있는 게임 입니다 . 예전 부터 해왔었는데 꾸준한 업데이트 와 픽스 패치 가 있어 추가 된 게 있나 하고 한번 쯤 들여다보게 되는 게임 ! ( 최근 에는 조금 잠잠하지만 ..) 자유로운 오픈월드 라서 본인 의 선택 에 따라 스토리 를 따라갈 수도 따라가지 않을 수도 있으며 , 플레이 하는 데 에는 전혀 지장 이 없습니다 . ( 스토리 클리어 시 "" 크리에이티브 모드 "" 가 해금 되니 추천 은 드립니다 . * 크리에이티브 모드 로 게임 할 시 , 건물 을 짓는데 필요한 재료 가 무제한 제공 됩니다 .)",2019-09-02 21:08:47
242760,The Forest,positive,몇없는 생존겜중에 재밌는거,몇 없는 생존 겜 중 에 재밌는거,2019-08-30 21:40:27
242760,The Forest,positive,식인종이 몰려올때 도시락 배달왔다고 말하는 나를 발견했을때 조금 현타가 왔음,식인종 이 몰려올 때 도시락 배달 왔다고 말 하는 나를 발견 했을 때 조금 현 타가 왔음,2019-08-29 22:20:44
242760,The Forest,positive,"<별점(5개 만점)> ★★★★ ""달콤 살벌한 식인종 고기"" <스토리(스포x)> 미스테리한 숲속에 추락한 비행기. 사고로 쓰러진 후 겨우 정신을 차렸지만 정체불명의 존재가 티미(아들)를 어디론가 데려가 버렸다. 주위를 둘러보니 온통 나무로 둘러싸인 숲속. 식량도 도구도 한정적인 숲속에서 생존해가며 아들을 찾아 떠나는 제임스(아버지)의 험난한 여정. <게임 방식 및 특징> 아들을 찾아 떠난다는 스토리의 큰 줄기 속에서 전투와 크래프팅을 자유롭게 즐길 수 있는 게임입니다. 점점 강해지는 적(식인종, 괴생명체 등)을 상대하기 위해","< 별 점 ( 5 개 만점 )> ★★★★ "" 달콤 살벌한 식인종 고기 "" < 스토리 ( 스포 x )> 미스테리 한 숲속 에 추락 한 비행기 . 사고 로 쓰러진 후 겨우 정신 을 차렸지만 정체 불명 의 존재 가 티 미 ( 아들 ) 를 어디 론 가 데려가 버렸다 . 주위 를 둘러보니 온통 나무 로 둘러싸인 숲속 . 식량 도 도구 도 한정 적 인 숲속 에서 생존 해가며 아들 을 찾아 떠나는 제임스 ( 아버지 ) 의 험난한 여정 . < 게임 방식 및 특징 > 아들 을 찾아 떠난다는 스토리 의 큰 줄기 속 에서 전투 와 크 래프팅 을 자유롭게 즐길 수 있는 게임 입니다 . 점점 강해지는 적 ( 식인종 , 괴생명체 등 ) 을 상대 하기 위해",2019-08-27 13:28:27
242760,The Forest,positive,멀티할때 원주민 팔 들고 돌아 댕기면 나도 족장이 된 듯한 느낌을 자주 느낌,멀티 할 때 원주민 팔 들고 돌아 댕기 면 나도 족장 이 된 듯 한 느낌 을 자주 느낌,2019-08-27 12:29:02
242760,The Forest,positive,따봉~ 따봉~ 왕~ 따봉!~~,따 봉 ~ 따 봉 ~ 왕 ~ 따 봉 !~~,2019-08-26 18:09:43
242760,The Forest,positive,티미<생존,티 미 < 생존,2019-08-22 06:23:49
242760,The Forest,positive,티미야! 금방구하러 갈께~ 이 집만 만들고 고기파티 좀 즐기고 석궁이랑 여러가지 템좀 얻고 한 3달 뒤에 찾으러 갈께~,티 미야 ! 금 방구 하러 갈께 ~ 이 집 만 만들고 고기 파티 좀 즐기고 석궁 이랑 여러가지 템좀 얻고 한 3 달 뒤 에 찾으러 갈께 ~,2019-08-20 12:29:35
242760,The Forest,positive,문명과 멀리 떨어진 외딴 섬. 공포스럽게 주인공을 쫓아오는 무서운 식인종과 침착하게 맞서 그들을 조리돌림하고 역추격 하는 주인공. 갑과 을이 바뀌어버린 공포 생존게임. 생태계교란 외래종이 왜 위험한건지 알 수 있음.,문명 과 멀리 떨어진 외딴 섬 . 공포 스럽게 주인공 을 쫓아오는 무서운 식인종 과 침착하게 맞서 그 들 을 조리돌림 하고 역 추격 하는 주인공 . 갑 과 을 이 바뀌어 버린 공포 생존 게임 . 생태계 교란 외래종 이 왜 위험한 건지 알 수 있음 .,2019-08-20 11:34:07
242760,The Forest,positive,처음한다면 아무것도모르는 친구 3명정도 구해서 같이하세요 스토리 굳이깨려고하지마세요. 그냥 게임그자체를 아무것도모르는상태로 즐기면서 하는게 최고인거같습니다. 유투브공략보자마자 게임수명 1/10정도로 떨어졋음 친구들이랑 모르는채로 이것저것할때는 재밋게 오래즐겻는데 유투브 공략 보는순간 엔딩보고 다시는 안하는게임되버렸음...,처음 한다면 아무 것 도 모르는 친구 3 명정 도 구해 서 같이하세요 스토리 굳이 깨려고하지 마세요 . 그냥 게임 그 자체 를 아무 것 도 모르는 상태 로 즐기면서 하는게 최고 인거 같습니다 . 유투브 공략 보자마자 게임 수명 1/10 정도 로 떨어졋음 친구 들 이랑 모르는 채 로 이 것 저 것 할 때 는 재밋 게 오래 즐겻 는데 유투브 공략 보는 순간 엔딩 보고 다시는 안 하는게 임되 버렸음 ...,2019-08-18 21:24:18
242760,The Forest,positive,"갑툭튀, 분위기적으로 무섭고, 생존겜 이라는 타이틀에 알맞는 여러 건축물과 여러 종류의 엔딩, 이스터에그, 아이템 찾기 하다보면 180시간을 해도 부족할정도로 많은 컨텐츠가 존재하여 한번 구매하면 1달정도는 가뿐히 즐길수있다","갑툭튀 , 분위기 적 으로 무섭고 , 생존 겜 이라는 타이틀 에 알맞는 여러 건축물 과 여러 종류 의 엔딩 , 이스터에그 , 아이템 찾기 하다 보면 180시간 을 해도 부족할 정도 로 많은 컨텐츠 가 존재 하여 한번 구매 하면 1 달 정도 는 가뿐히 즐길수있다",2019-08-18 20:45:09
242760,The Forest,positive,할수록 식인종이 마려운 게임,할수록 식인종 이 마려운 게임,2019-08-18 19:28:23
242760,The Forest,positive,친구들과 4명이 팀을 이뤄서 열심히 집도 짓고 식인종도 잡아가 구워먹고 하던 기억이 떠오른다. 정말 즐거웠던 경험. 엔딩 보기 전까지가 제일 재밌다.,친구 들 과 4 명 이 팀 을 이뤄서 열심히 집도 짓고 식인종 도 잡아가 구워 먹고 하던 기억 이 떠오른다 . 정말 즐거웠던 경험 . 엔딩 보기 전 까지가 제일 재밌다 .,2019-08-17 23:15:54
242760,The Forest,positive,친구 없으면 하지를마 찐따년들아 ㅋ ㅋ,친구 없으면 하지를 마 찐 따 년 들 아 ㅋ ㅋ,2019-08-17 17:54:55
242760,The Forest,positive,not bad,not bad,2019-08-15 14:49:23
242760,The Forest,positive,후반에는 나뭇꾼과 식인종을 사냥해서 먹는 인류만 생존하는 게임,후반 에는 나 뭇 꾼 과 식인종 을 사냥 해서 먹는 인류 만 생존 하는 게임,2019-08-14 11:45:36
242760,The Forest,positive,괜찮긴 하나 제 취향이 아니네요,괜찮긴 하나 제 취향 이 아니네요,2019-08-13 11:29:37
242760,The Forest,positive,앙,앙,2019-08-12 22:54:11
242760,The Forest,positive,처음사서 플레이한 스팀겜입니다. 나는 유튜브에서 보고 생존겜인줄 알고 샀는데요 알고보니 건축겜이었습니다.,처음 사서 플레이 한 스팀 겜 입니다 . 나 는 유튜브 에서 보고 생존 겜 인 줄 알 고 샀는데요 알 고 보니 건축 겜 이었습니다 .,2019-08-12 21:41:41
242760,The Forest,positive,와 엔딩봐도 할거많은 갓-겜 돌연변이 쉬발,와 엔딩 봐도 할거 많은 갓 - 겜 돌연변이 쉬발,2019-08-12 18:58:14
242760,The Forest,positive,꿀잼,꿀잼,2019-08-12 18:02:04
242760,The Forest,positive,이 게임의 마지막은 내가 식인종이 되는것이 엔딩이다,이 게임 의 마지막 은 내 가 식인종 이 되는것이 엔딩 이다,2019-08-10 18:34:34
242760,The Forest,positive,아 인간성이란 무엇인가.... 손에 든 해골몽둥이를 보며 다시금 고찰 해 보게 됩니다,아 인간성 이란 무엇 인가 .... 손 에 든 해골 몽둥이 를 보며 다시금 고찰 해 보게 됩니다,2019-08-10 14:25:20
242760,The Forest,positive,꿀잼 멀티로 하면 더 꿀잼,꿀잼 멀티 로 하면 더 꿀잼,2019-08-09 23:26:12
242760,The Forest,positive,식인종을 마시께 냠냠 하는 게임,식인종 을 마시께 냠냠 하는 게임,2019-08-09 22:13:19
242760,The Forest,positive,추천합니다 스토리와 그래픽 등등 많은게 적합하다 생각합니다,추천 합니다 스토리 와 그래픽 등등 많은게 적합하다 생각 합니다,2019-08-09 20:58:31
242760,The Forest,positive,쓸만한 그래픽 쓸만한최적화 예상은가면서 뻔한스토리지만 완벽한엔딩 굿,쓸만 한 그래픽 쓸만 한 최적화 예상 은 가면 서 뻔한 스토리 지만 완벽한 엔딩 굿,2019-08-09 14:45:42
242760,The Forest,positive,할땐재밌는데 30시간하고나면 할게없슴 만만해짐,할 땐 재밌는데 30시간 하고나면 할게없슴 만만해 짐,2019-08-09 12:09:58
242760,The Forest,positive,"처음엔 식인종이 무서웠다. 나중에는 동굴이 무서웠다. 알고보니, 친구가 가장 무서운 존재였다.","처음 엔 식인종 이 무서웠다 . 나중 에는 동굴 이 무서웠다 . 알 고 보니 , 친구 가 가장 무서운 존재 였다 .",2019-08-07 04:03:29
242760,The Forest,positive,식인종 시뮬레이션,식인종 시뮬레이션,2019-08-07 00:40:28
242760,The Forest,positive,호스트는 포린이싫어 합니다,호스트 는 포린 이 싫어 합니다,2019-08-05 22:33:08
242760,The Forest,positive,"적절한 노가다와 컨텐츠들이 잘 섞여있음. 다만, 초반에 지도가 없어서 진입장벽이 다소 높다는게 흠임. 그래도 친구하고 같이하면 재미는 있음. 혼자하면 그닥 재미는 없을듯","적절한 노가다 와 컨텐츠 들 이 잘 섞여있음 . 다만 , 초반 에 지도 가 없어서 진입 장벽 이 다소 높다는게 흠임 . 그래도 친구 하고 같이 하면 재미 는 있음 . 혼자 하면 그닥 재미 는 없을듯",2019-08-05 17:32:37
242760,The Forest,positive,동물하나 잡는데 한15분걸림 그런데 시간가는줄몰랐네 재미있다,동물 하나 잡는데 한 15분 걸림 그런데 시간 가는줄 몰랐네 재미있다,2019-08-03 09:04:32
242760,The Forest,positive,r,r,2019-08-02 19:42:07
242760,The Forest,positive,장점:스토리 그래픽 게임성 단점:게임,장점 : 스토리 그래픽 게임 성 단점 : 게임,2019-08-02 01:36:39
242760,The Forest,positive,이게임 환불해 주세요 잘못구매했습니다,이 게임 환불 해 주세요 잘못 구매 했습니다,2019-08-01 20:38:38
242760,The Forest,positive,꿀젬,꿀젬,2019-07-31 20:33:52
242760,The Forest,positive,초반에나 식인종 무섭지 나중에 가면 저 식인종 저놈 팔다리를 어디다 달아놓을까 생각 밖에 안남,초반 에나 식인종 무섭지 나중 에 가면 저 식인종 저 놈 팔다리 를 어디 다 달아놓을까 생각 밖에 안남,2019-07-27 22:58:08
242760,The Forest,positive,재미씀,재미 씀,2019-07-27 14:09:07
242760,The Forest,positive,다 좋은데 협력방에서 모드(핵)쓰는 유저 규제 안돼나..; 테러범들 토나오던데..;,다 좋은데 협력 방 에서 모드 ( 핵 ) 쓰는 유저 규제 안 돼나 ..; 테러범 들 토나오던데 ..;,2019-07-26 15:16:50
242760,The Forest,positive,"구해야 하는 아들은 구하지 않고, 식인종 이지메하는 게임. (이쯤되면 식인종이 불쌍해진다.)","구해 야 하는 아들 은 구 하지 않고 , 식인종 이지메 하는 게임 . ( 이쯤 되면 식인종 이 불쌍해진다 .)",2019-07-25 03:36:41
242760,The Forest,positive,[h1]VR버전 플레이를위해 윈도우 MR 기준작성입니다.[/h1] 우선 인식은 잘됩니다. 그런데 버튼 누르는것에대한 튜토리얼이 하나도 안뜹니다. 그래서 간단히 적어보자면 아이템줍기 = 우측 옆 버튼 사용(먹기 등) = 우측 옆 버튼 꾹 누르기 생존가이드 책 = 우측 컨트롤키 가운데 작은 버튼 아이템창 = 좌측 컨트롤키 가운데 작은 버튼 점프 = 우측 터치패드 위 앉기 = 우측 터치패드 나머지 부분 뛰기 = 좌측 터치패드 위를 누르며 이동 무기 집어넣기 = 오특 스틱 아래로 무기 꺼내기(혹은 아이템창 내 아이템 사용) = 아이템창,[ h 1 ] VR 버전 플레이 를 위해 윈도우 MR 기준 작성 입니다 .[/ h 1 ] 우선 인식 은 잘 됩니다 . 그런데 버튼 누르는것에 대한 튜토리얼 이 하나 도 안 뜹니다 . 그래서 간단히 적어 보자면 아이템 줍기 = 우측 옆 버튼 사용 ( 먹기 등 ) = 우측 옆 버튼 꾹 누르기 생존 가이드 책 = 우측 컨트롤키 가운데 작은 버튼 아이템 창 = 좌측 컨트롤키 가운데 작은 버튼 점프 = 우측 터치패드 위 앉기 = 우측 터치패드 나머지 부분 뛰기 = 좌측 터치패드 위 를 누르며 이동 무기 집어넣기 = 오특 스틱 아래 로 무기 꺼내기 ( 혹은 아이템 창 내 아이템 사용 ) = 아이템 창,2019-07-24 03:58:47
242760,The Forest,positive,원가 다 주고 구매함 업데이트는 느린 편이지만 충분히 재밌게 할 수 있음,원가 다 주고 구매 함 업데이트 는 느린 편이 지만 충분히 재밌게 할 수 있음,2019-07-22 00:20:12
242760,The Forest,positive,식인종이랑 싸우면내가 지는게임.... 슬프다.. ( ᵕ́ૢ‧̮ᵕ̀ૢ),식인종 이랑 싸우면내가 지는 게임 .... 슬프다 .. ( ᵕ́ૢ‧̮ᵕ̀ૢ ),2019-07-18 22:55:11
242760,The Forest,positive,동굴이 무서워!!,동굴 이 무서워 !!,2019-07-18 18:12:10
242760,The Forest,positive,^^!!!!!!!,^^!!!!!!!,2019-07-15 09:37:23
242760,The Forest,positive,재밌음,재밌음,2019-07-14 20:46:57
242760,The Forest,positive,사람이 식인종화되는 게임,사람 이 식인종 화 되는 게임,2019-07-14 03:33:01
242760,The Forest,positive,친구랑같이하면 단합이안되는겜,친구 랑 같이 하면 단합 이 안되는 겜,2019-07-13 17:09:24
242760,The Forest,positive,스튜어디스 복장도 입을 수 있더라... 돈 값 이상 한다,스튜어디스 복장 도 입 을 수 있더라 ... 돈 값 이상 한다,2019-07-13 01:48:50
242760,The Forest,positive,엔딩 재밌게 봤다. 식인종 보고 무서워하다가 이젠 우리모두 식인을 하는 게임,엔딩 재밌게 봤다 . 식인종 보고 무서워하다가 이 젠 우리 모두 식인 을 하는 게임,2019-07-12 21:10:10
242760,The Forest,positive,물리엔진 갓겜... 맵탈해서 놀기 가능 ㅋㅋㅋ,물리엔진 갓 겜 ... 맵탈 해서 놀기 가능 ㅋㅋㅋ,2019-07-12 16:48:42
242760,The Forest,positive,친구와 하면 매우 재밌음. 혼자해도 재미있음.,친구 와 하면 매우 재밌음 . 혼자 해도 재미있음 .,2019-07-12 13:09:59
242760,The Forest,positive,누가 식인종일까,누가 식인종 일까,2019-07-11 21:19:14
242760,The Forest,positive,혼자하면 공포겜 친구랑 하면 식인종 학살겜,혼자 하면 공포 겜 친구 랑 하면 식인종 학살 겜,2019-07-11 00:21:06
242760,The Forest,positive,이 게임을 추천합니다. 재밌어요. 생존게임류는 처음인데두,이 게임 을 추천 합니다 . 재밌어요 . 생존 게임 류 는 처음 인데 두,2019-07-10 17:27:23
242760,The Forest,positive,"앤딩 소름,,,,,,,,,,,,,,,;;","앤딩 소름 ,,,,,,,,,,,,,,,;;",2019-07-10 14:57:08
242760,The Forest,positive,난 왜 혼자선 하지도 못할 공포게임을 사는가. 낯선 존재와 강재로 마주하게 한다는 게 얼마나 소름끼치는 일이니 다시 실감했다.,난 왜 혼자 선 하지도 못 할 공포 게임 을 사 는가 . 낯선 존재 와 강재 로 마주 하게 한다는 게 얼마나 소름끼치는 일이 니 다시 실감 했다 .,2019-07-10 02:28:51
242760,The Forest,positive,캐리어 부수는게 재밌네요 랜덤박스 까는 기분,캐리어 부수는게 재밌네요 랜덤 박스 까는 기분,2019-07-10 00:43:02
242760,The Forest,positive,식인종 멸망,식인종 멸망,2019-07-09 22:32:46
242760,The Forest,positive,어서와 처음에는 무서울거야 근데 1시간후면 넌 식인종을 섭취하고 있지. 한마디로 식인종은 제 점심이죠.,어서 와 처음 에는 무서울거야 근데 1시간 후면 넌 식인종 을 섭취 하고 있지 . 한마디 로 식인종 은 제 점심 이 죠 .,2019-07-09 22:32:13
242760,The Forest,positive,너무 재밌어요,너무 재밌어요,2019-07-09 19:34:21
242760,The Forest,positive,재미따 허허허ㅓ허허허헣,재미 따 허허 허 ㅓ 허허허헣,2019-07-07 22:29:08
242760,The Forest,positive,길게는 안했지만 그 짧은시간만큼 존나 재밌었음,길게는 안 했지만 그 짧은 시간 만큼 존나 재밌었음,2019-07-07 22:17:16
242760,The Forest,positive,"같이 엔딩보러 가는 길... 모두의 아들이 똑같다는 소름을 느끼게 해주는, 이시대 충격 반전 스릴러 게임...","같이 엔딩 보러 가는 길 ... 모두 의 아들 이 똑같다는 소름 을 느끼게 해주는 , 이 시대 충격 반전 스릴러 게임 ...",2019-07-07 21:46:52
242760,The Forest,positive,노가다로 시작해서 노가다로 끝내는 게임,노가다 로 시작 해서 노가다 로 끝내는 게임,2019-07-07 18:04:08
242760,The Forest,positive,할만은함,할만은 함,2019-07-07 12:45:07
242760,The Forest,positive,너무 어렵노,너무 어렵노,2019-07-06 22:09:53
242760,The Forest,positive,fantastic i found my own,fantastic i found my own,2019-07-06 21:13:04
242760,The Forest,positive,친구랑 하기 좋은겜 qqqq 아무것도 안하냐,친구 랑 하기 좋은 겜 qqqq 아무 것 도 안 하냐,2019-07-06 20:01:32
242760,The Forest,positive,방송용,방송 용,2019-07-06 19:50:49
242760,The Forest,positive,할만함,할만 함,2019-07-06 19:27:44
242760,The Forest,positive,야!! 온다 !! 뼈갑옷 뛰어온다!!,야 !! 온다 !! 뼈 갑옷 뛰어온다 !!,2019-07-06 18:39:27
242760,The Forest,positive,처음 시작할 땐 식인종만 봐도 무서웠는데 나중엔 그저 귀찮을 뿐,처음 시작 할 땐 식인종 만 봐도 무서웠는데 나중 엔 그저 귀찮을 뿐,2019-07-06 17:59:13
242760,The Forest,positive,집짓기 게임 건설하는 맛이 쏠쏠,집짓기 게임 건설 하는 맛 이 쏠쏠,2019-07-06 17:41:44
242760,The Forest,positive,매우 재미있어요. 할것도 많고 스토리도 흥미진진하고.,매우 재미있어요 . 할것도 많고 스토리 도 흥미진진 하고 .,2019-07-06 17:27:38
242760,The Forest,positive,넘나 재밌음,넘나 재밌음,2019-07-06 15:54:06
242760,The Forest,positive,식인종 구워먹을수 있는 갓겜,식인종 구워 먹을수 있는 갓 겜,2019-07-06 12:40:13
242760,The Forest,positive,맵이좁아터진것만 뺴면 갓겜,맵 이 좁아 터진것만 뺴 면 갓 겜,2019-07-06 10:11:47
242760,The Forest,positive,개꿀잼,개꿀잼,2019-07-06 00:53:23
242760,The Forest,positive,아는 사람들이랑 같이하다 도비가 되버린 게임,아는 사람 들 이랑 같이 하다 도비 가 되 버린 게임,2019-07-05 23:59:38
242760,The Forest,positive,굳,굳,2019-07-05 23:31:25
242760,The Forest,positive,그냥저냥 할만한 게임,그냥 저 냥 할만 한 게임,2019-07-05 22:44:40
242760,The Forest,positive,재미있어요,재미있어요,2019-07-05 20:41:09
242760,The Forest,positive,"혼자해도 재밌어서 엔딩 한 번 봤지만, 친구들과 하면 더 재밌습니다. 친구가 있다면 꼭 같이하자고 말해보세요!","혼자 해도 재밌어서 엔딩 한 번 봤지만 , 친구 들 과 하면 더 재밌습니다 . 친구 가 있다면 꼭 같이 하자 고 말 해보세요 !",2019-07-05 20:14:10
242760,The Forest,positive,원주민 형제자매들과 함께하는 알콩달콩한 무인도 생활,원주민 형제자매 들 과 함께 하는 알콩달콩 한 무인도 생활,2019-07-05 20:08:08
242760,The Forest,positive,소리때문에 깜짝 놀라기도 하지만 건물짓는 재미가 쏠쏠 합니다~,소리 때문 에 깜짝 놀라기도 하지만 건물 짓는 재미 가 쏠쏠 합니다 ~,2019-07-05 18:25:03
242760,The Forest,positive,식인종 시뮬레이터,식인종 시뮬레이터,2019-07-05 16:54:43
242760,The Forest,positive,처음엔 잔인해서 당황할수있지만 꽤재미있는 생존&공포게임,처음 엔 잔인해서 당황 할수있지만 꽤 재미있는 생존 & 공포 게임,2019-07-05 13:20:46
242760,The Forest,positive,"서바이벌 호러겜을 가장한 무인도에서의 코믹 연애시뮬래이션. 10시간만 해봐도 저들이 내적이 아닌 사랑해야할 대상이고, 애정이 필요한 가련한 동물들이라는 것을 온갖 덫과 도끼자국으로 두개골이 갈라진 시체들 사이에서 찾아낼 수 있다. 이들은 그저 애정을 갈구하고 플레이어에게 다가오는 존재이다. 포획덫과 울타리로 가둬두고 매일 인사를 건네보자. 언젠가는 그들도 답해주겠지.","서바이벌 호러 겜 을 가장 한 무인도 에서의 코믹 연애 시 뮬 래 이 션 . 10시간 만 해봐도 저 들 이 내적 이 아닌 사랑 해야 할 대상 이고 , 애정 이 필요한 가련한 동물 들 이라는 것 을 온갖 덫 과 도끼자국 으로 두개골 이 갈라진 시체 들 사이 에서 찾아낼 수 있다 . 이 들 은 그저 애정 을 갈구하고 플레이어 에게 다가오는 존재 이다 . 포획덫 과 울타리 로 가둬 두고 매일 인사 를 건네 보자 . 언젠가 는 그 들 도 답 해주겠지 .",2019-07-05 12:45:03
242760,The Forest,positive,사,사,2019-07-05 03:15:27
242760,The Forest,positive,집 짓느라 퀘스트를 잊음,집 짓느라 퀘스트 를 잊음,2019-07-05 00:55:13
242760,The Forest,positive,즐길 거리는 나름대로 있고 혼자 시간보내면서 하기에 재미도 있다. 근데 뭔가 묘하게 퀄리티가 모자라.....,즐길 거리 는 나름 대로 있고 혼자 시간 보내면서 하기에 재미 도 있다 . 근데 뭔가 묘 하게 퀄리티 가 모자라 .....,2019-07-05 00:25:08
242760,The Forest,positive,솔직히 엔딩보면 할거없다 원시인들의 밋밋한 꼬치나 감상하는게 어떨까,솔직히 엔딩 보면 할거 없다 원시인 들 의 밋밋한 꼬치 나 감상 하는게 어떨까,2019-07-04 22:46:50
242760,The Forest,positive,식인종 바지 좀 입혀주고 싶다 아잉 부끄러,식인종 바지 좀 입혀주고 싶다 아잉 부끄러,2019-07-04 20:32:31
242760,The Forest,positive,재밌습니다. 통나무도 그렇고 식인종도 그렇고 컨텐츠들이 시간가는 줄 모르고 게임에 빠지게 하는 마력이 있네요.,재밌습니다 . 통나무 도 그렇고 식인종 도 그렇고 컨텐츠 들 이 시간 가는 줄 모르고 게임 에 빠지게 하는 마력 이 있네요 .,2019-07-04 20:12:52
242760,The Forest,positive,겟겜,겟겜,2019-07-04 18:20:21
242760,The Forest,positive,d,d,2019-07-04 17:50:22
242760,The Forest,positive,다른 게임보다 좀 신선하고 계속할수 있을거 같은 게임입니다,다른 게임 보다 좀 신선하고 계속 할수 있을거 같은 게임 입니다,2019-07-04 15:24:44
242760,The Forest,positive,woalTek,woalTek,2019-07-04 14:35:51
242760,The Forest,positive,식인종 꿀맛,식인종 꿀맛,2019-07-04 02:11:27
242760,The Forest,positive,개꿀잼,개꿀잼,2019-07-04 00:40:50
242760,The Forest,positive,집짓고 동굴탐험하는 게임,집 짓고 동굴탐험 하는 게임,2019-07-03 23:55:37
242760,The Forest,positive,카타나 뚜~따! 뚜~따! 하면 다썰림 친구들과 멀티엔딩까지 재미있게 플레이함 ㅋㅋㅋㅋㅋㅋ,카타나 뚜 ~ 따 ! 뚜 ~ 따 ! 하면 다 썰림 친구 들 과 멀티 엔딩 까지 재미있게 플레이 함 ㅋㅋㅋㅋㅋㅋ,2019-07-03 21:20:56
242760,The Forest,positive,이 게임에서 최대 위협은 식인종이나 생존에 필요한 것들이 아닌 플레이어의 인간성이다,이 게임 에서 최대 위협 은 식인종 이나 생존 에 필요한 것 들 이 아닌 플레이어 의 인간성 이다,2019-07-03 20:47:46
242760,The Forest,positive,식인종이 나오는 3D 스타듀밸리입니다 식인을 시작해보세요,식인종 이 나오는 3 D 스타 듀 밸리 입니다 식인 을 시작 해보세요,2019-07-03 19:03:04
242760,The Forest,positive,재미있는 나무캐기..ㅎㅎㅎ....,재미있는 나무 캐기 .. ㅎㅎㅎ ....,2019-07-03 18:01:23
242760,The Forest,positive,친구들이랑 하면 재미있음,친구 들 이랑 하면 재미있음,2019-07-03 14:10:03
242760,The Forest,positive,당신이 이 게임을 할거면 사람이랑 해야합니다.,당신 이 이 게임 을 할거면 사람 이랑 해야 합니다 .,2019-07-03 13:01:53
242760,The Forest,positive,ㅇㄴ 노가다.,ㅇㄴ 노가다 .,2019-07-03 10:09:03
242760,The Forest,positive,정말 즐거운 게임이에요 식인종을 죽이기 위해 식인하는 게임,정말 즐거운 게임 이에요 식인종 을 죽이기 위해 식인 하는 게임,2019-07-03 03:40:58
242760,The Forest,positive,섬에 처들어가서 섬에있는 식인종을포함한 여러 동식물들을 먹으며 살아가는 주인공의 토목건축이야기(?),섬 에 처 들어가서 섬 에 있는 식인종 을 포함 한 여러 동식물 들 을 먹으며 살아가는 주인공 의 토목건축 이야기 (?),2019-07-02 19:57:08
242760,The Forest,positive,GOOD,GOOD,2019-07-02 19:29:13
242760,The Forest,positive,사람은 없고 괴물들이 존재하는 곳에서 생존해보세요! 식인종은 왜 빼냐구요? 그런건 본 적이 없는데요? 꺼억~,사람 은 없고 괴물 들 이 존재 하는 곳 에서 생존 해보세요 ! 식인종 은 왜 빼냐구요 ? 그런건 본 적 이 없는데요 ? 꺼억 ~,2019-07-02 13:38:06
242760,The Forest,positive,게임의 스토리와 플레이가 설득력있게 잘 연계된 생존 게임. 특히 엔딩의 몰입감이 엄청나서 엔딩을 본 후에 현실에서도 며칠동안 그 여운이 사라지지 않을 정도였습니다. 게임이 예술이라는 사실을 오랜만에 다시 확인시켜주었던 작품.,게임 의 스토리 와 플레이 가 설득 력 있게 잘 연 계 된 생존 게임 . 특히 엔딩 의 몰입 감 이 엄청나서 엔딩 을 본 후 에 현실 에서도 며칠 동안 그 여운 이 사라지지 않을 정도 였습니다 . 게임 이 예술 이라는 사실 을 오랜 만 에 다시 확인 시켜주었던 작품 .,2019-07-02 13:29:58
242760,The Forest,positive,헐벗은 아저씨들이 코와붕가를 외치며 달려오는 땀과 채취가 풍기는 숲에서 살아남는 단백질게임,헐벗 은 아저씨 들 이 코와붕가 를 외치 며 달려오는 땀 과 채취 가 풍기는 숲 에서 살아남는 단백질 게임,2019-07-02 12:32:47
242760,The Forest,positive,잼땅,잼땅,2019-07-02 12:01:10
242760,The Forest,positive,노가다와 노가다 그리고 집짓는걸 좋아한다면 강추!,노가다 와 노가다 그리고 집 짓는걸 좋아한다면 강추 !,2019-07-02 08:25:15
242760,The Forest,positive,더 이상 즐길 콘텐츠가 없다면 친구하고 일기토ㄱㄱ 근접무기로 총알이랑 화살도 막음 꿀잼,더 이상 즐길 콘텐츠 가 없다면 친구 하고 일기토 ㄱㄱ 근접무기 로 총알 이랑 화살 도 막음 꿀잼,2019-07-02 05:31:13
242760,The Forest,positive,초보자들을 위한 팁. 1 극초반 처음 게임을 시작하시면 주변의 얇은 묘목들을 쳐내 나뭇잎과 막대기를 얻으세요. 막대기 두개 조합으로 창을 만들고 강가의 물고기들을 사냥하시면 됩니다. 참고로 창은 우클릭을 누른 상태로 클릭을 하면 투창할 수 있습니다. 1-1 아이템 조합. i 키를 눌러 인벤토리를 열면 정중앙에 조합창이 있을 겁니다. 이 조합에 무슨 재료들이 필요한지 전부 볼 수 있습니다. 우클릭으로 한 아이템을 올려놓으면 반투명한 수레바퀴 모양이 조합창의 우측 하단에 생길 것입니다. 그 수레바퀴에 마우스를 올려놓으면,초보자 들 을 위 한 팁 . 1 극 초반 처음 게임 을 시작 하시면 주변 의 얇은 묘목 들 을 쳐내 나뭇잎 과 막대기 를 얻으세요 . 막대기 두 개 조합 으로 창 을 만들고 강가 의 물고기 들 을 사냥 하시면 됩니다 . 참고 로 창 은 우 클릭 을 누른 상태 로 클릭 을 하면 투창 할 수 있습니다 . 1-1 아이템 조합 . i 키 를 눌러 인벤 토리 를 열면 정 중앙 에 조 합창 이 있을 겁니다 . 이 조합 에 무슨 재료 들 이 필요한지 전부 볼 수 있습니다 . 우 클릭 으로 한 아이템 을 올려놓으면 반투명한 수레바퀴 모양 이 조합 창의 우측 하단 에 생길 것 입니다 . 그 수레바퀴 에 마우스 를 올려놓으면,2019-07-01 22:04:13
242760,The Forest,positive,Хорошая игра,Хорошая игра,2019-07-01 17:55:02
242760,The Forest,positive,바쁜 요즘 더 포레스트로 지인들과 함께 캠핑 다녀왔네요 ^^ 강추~,바쁜 요즘 더 포레스트 로 지인 들 과 함께 캠핑 다녀왔네요 ^^ 강추 ~,2019-07-01 17:44:51
242760,The Forest,positive,개꿀,개꿀,2019-07-01 14:57:44
242760,The Forest,positive,이겜도 약 존나빨앗네 ㅋㅋㅋ,이 겜 도 약 존나 빨앗네 ㅋㅋㅋ,2019-07-01 13:41:21
242760,The Forest,positive,무서워용,무서워용,2019-07-01 11:12:09
242760,The Forest,positive,자 그럼 이제 누가 식인종이지?,자 그럼 이제 누가 식인종 이지 ?,2019-06-30 21:49:20
242760,The Forest,positive,꿀잼,꿀잼,2019-06-30 21:26:16
242760,The Forest,positive,"굉장히 잔인해서 고어한걸 싫어하는 사람에겐 비추 그렇지만, 게임 내용이나 재미관점에선 매우 높음","굉장히 잔인해서 고어 한 걸 싫어하는 사람 에겐 비추 그렇지만 , 게임 내용 이나 재미 관점 에선 매우 높음",2019-06-30 20:49:14
242760,The Forest,positive,친구랑 같이하면 더 재밌습니다,친구 랑 같이 하면 더 재밌습니다,2019-06-30 19:42:23
242760,The Forest,positive,꿀잼임 지금 여름세일 하니까 사서 해보셈 멀티는 안해봐서 모르겠고 싱글은 걍 꿀잼임,꿀잼임 지금 여름 세 일 하니까 사서 해보셈 멀티 는 안 해봐서 모르겠고 싱글 은 걍 꿀잼임,2019-06-30 18:47:50
242760,The Forest,positive,친구없으면 노답,친구 없으면 노답,2019-06-30 17:24:28
242760,The Forest,positive,자 이제 누가 식인종이지?,자 이제 누가 식인종 이지 ?,2019-06-30 16:17:32
242760,The Forest,positive,내집마련 게임,내집마련 게임,2019-06-30 15:44:02
242760,The Forest,positive,친구들과 같이 즐길수 있어서 좋았습니다.,친구 들 과 같이 즐길수 있어서 좋았습니다 .,2019-06-30 13:19:54
242760,The Forest,positive,친구와 함께하는 즐거운 원주민 육회 손질시간,친구 와 함께 하는 즐거운 원주민 육회 손질 시간,2019-06-30 12:04:44
242760,The Forest,positive,아직 아는건 없는데 빡빡이 아저씨가 승무원 치마 입는건 좀 참아줬으면 좋겠다리,아직 아는건 없는데 빡빡이 아저씨 가 승무원 치마 입는건 좀 참아 줬으면 좋겠다리,2019-06-30 02:32:48
242760,The Forest,positive,솔직히 업데이트 안하는 것 빼곤 재밌음,솔직히 업데이트 안 하는 것 빼곤 재밌음,2019-06-29 22:40:18
242760,The Forest,positive,친구들 3~4명이서 같이하면 진짜 최고 제 친구들은 인종이를 그냥 고기주는 뼈다구 친구들로 보는데.. 그치만 저는 아직 인종이들이 무섭습니다♡,친구 들 3~4 명 이서 같이 하면 진짜 최고 제 친구 들 은 인종 이를 그냥 고 기주 는 뼈 다 구 친구 들 로 보는데 .. 그치만 저 는 아직 인종 이 들이 무섭습니다 ♡,2019-06-29 22:23:37
242760,The Forest,positive,Chop Chop,Chop Chop,2019-06-29 21:56:45
242760,The Forest,positive,직접 하기 전 까진 몰랐다. 왜 식인종이 되어가는지...,직접 하기 전 까진 몰랐다 . 왜 식인종 이 되어가는지 ...,2019-06-29 21:12:14
242760,The Forest,positive,Good,Good,2019-06-29 21:10:44
242760,The Forest,positive,파밍하기 뭐 같지만 스토리는 갓,파밍 하기 뭐 같지만 스토리 는 갓,2019-06-29 17:34:01
242760,The Forest,positive,"잘 만든 생존게임. 생존을 하면서 탐험한다는 재미를 잘 살린 게임이다. 탐험하면서 나오는 적들은 게임플레이를 재밌고 긴장넘치게 만들어준다. 스토리도 간결하며 탐험을 하면서 얻은 아이템으로 못갔던 루트를 다시 가는 게임디자인은 메트로바니아와 같이 게임을 유동적으로 플레이하게 해준다. 친구랑 같이해도 좋고, 혼자해도 좋은 웰 메이드 생존겜","잘 만든 생존 게임 . 생존 을 하면서 탐험 한다는 재미 를 잘 살린 게임 이다 . 탐험 하면서 나오는 적 들 은 게임 플레이 를 재밌고 긴장 넘치게 만 들어준다 . 스토리 도 간결하며 탐험 을 하면서 얻은 아이템 으로 못 갔던 루트 를 다시 가는 게임 디자인 은 메트로 바니 아 와 같이 게임 을 유동 적 으로 플레이 하게 해준다 . 친구 랑 같 이해도 좋고 , 혼자 해도 좋은 웰 메이드 생존 겜",2019-06-29 17:19:40
242760,The Forest,positive,Fun game with amazing detail and lore.,Fun game with amazing detail and lore .,2019-06-29 14:58:30
242760,The Forest,positive,굿 친구들이랑 같이하면 재미있서요!,굿 친구 들 이랑 같이 하면 재미있서요 !,2019-06-29 14:10:02
242760,The Forest,positive,갓겜,갓 겜,2019-06-29 10:56:06
242760,The Forest,positive,나무캐고 누가 악당인지 식인종 잡으러 다니는게임,나무 캐고 누가 악당 인지 식인종 잡으러 다니는 게임,2019-06-28 23:45:40
242760,The Forest,positive,식인종들이 너무 귀여워요 무섭게 패치좀;;,식인종 들 이 너무 귀여워요 무섭게 패치 좀 ;;,2019-06-28 00:10:21
242760,The Forest,positive,??? :: 아 이게임 망겜이네 컨.텐.츠 가 부족하네... ??? :: 뭐 망게임이 그렇죠 뭐 이 위 친구들은 한번 게임을 키면 최고난이도로 엔딩을 한번씩 보면서 재미를 바라는 새끼들이다.,??? :: 아 이 게임 망겜 이네 컨 . 텐 . 츠 가 부족하네 ... ??? :: 뭐 망 게임 이 그렇죠 뭐 이 위 친구 들 은 한번 게임 을 키 면 최고 난이도 로 엔딩 을 한번 씩 보면서 재미 를 바라는 새끼 들 이다 .,2019-06-27 18:56:27
242760,The Forest,positive,부랄 친구랑 했는데 이 새끼가 길가다 보이는 식인종마다 좇아가서 다 죽이고 다님 개 싸이코임 ㅇㅇ,부랄 친구 랑 했는데 이 새끼 가 길가 다 보이는 식인종 마다 좇 아가서 다 죽 이고 다님 개 싸이코 임 ㅇㅇ,2019-06-27 12:34:10
242760,The Forest,positive,지금까지 이런 생존자는 없었다. 내가 식인인가 그들이 식인인가 일단 조지고 굽고 조지고 굽고 때리고의 반복인 게임이었어요. 그래도 친구들이랑 하니까 무섭진 않더라구요 재밌어요 돌연변이 너무 역겨워서 볼때마다 집 벽 다부술 것 같은데 확장공사 안해도 될 것 같아요!,지금 까지 이런 생존자 는 없었다 . 내 가 식인 인가 그 들 이 식인 인가 일단 조지 고 굽 고 조지 고 굽 고 때리고의 반복 인 게임 이었어요 . 그래도 친구 들 이랑 하니까 무섭진 않더라구요 재밌어요 돌연변이 너무 역겨워서 볼때 마다 집 벽 다 부술 것 같은데 확장 공사 안해 도 될 것 같아요 !,2019-06-27 00:30:49
242760,The Forest,positive,우리는 아들을 구하는것 보다 식인종 다리를 더 구할것이다,우리 는 아들 을 구 하는것 보다 식인종 다리 를 더 구 할것이다,2019-06-26 16:41:12
242760,The Forest,positive,띄 어 쓰 기 에 익 숙 해 지 는 게 임,띄 어 쓰 기 에 익 숙 해 지 는 게 임,2019-06-26 00:56:48
242760,The Forest,positive,개꿀잼,개꿀잼,2019-06-25 21:33:46
242760,The Forest,positive,제발 업데이트좀 해 제발 제발!!!,제발 업데이트 좀 해 제발 제발 !!!,2019-06-25 00:55:11
242760,The Forest,positive,친구랑 깽판치기엔 아주 좋은 갓-겜 혼자 하면 매우 외로움,친구 랑 깽 판치기 엔 아주 좋은 갓 - 겜 혼자 하면 매우 외로움,2019-06-23 23:54:45
242760,The Forest,positive,핵잼~,핵잼 ~,2019-06-21 23:54:59
242760,The Forest,positive,이게임 유니티로 만들었다고 했는데 RealTime Ray-Tracing 넣을수 있는거아님? Global Illumination도 할수 있을텐데 언젠간 나왔으면 좋겠네요,이 게임 유니티 로 만들었다고 했는데 RealTime Ray - Tracing 넣을수 있는거 아님 ? Global Illumination 도 할수 있을텐데 언 젠 간 나왔으면 좋겠네요,2019-06-21 22:09:55
242760,The Forest,positive,난이도가 꽤나 있고 혼자하면 결말 보기 힘듬 그래도 파밍 및 스토리 진행 다 재밌음 크레프트 하는 맛도 있고 다만 스토리 진행이 이런게임 처음 하는 사람한테는 굉장히 불친절한 게임임 그만큼 자유도도 높고 다수의 결말이 있다는게 장점이긴함 오픈월드 싫어하시는 분들에긴 최악의 게임 다만 그 이외에 재밌는 컨텐츠도 꽤나 많음 트랩같은거 설치해서 식인종 농락하고 생존 마을 넓히고 배만들어서 섬도 돌아보고 스토리도 깨고 생존 대비도 하는 게임,난이도 가 꽤 나 있고 혼자 하면 결말 보기 힘듬 그래도 파밍 및 스토리 진행 다 재밌음 크 레프트 하는 맛 도 있고 다만 스토리 진행 이 이런 게임 처음 하는 사람 한테 는 굉장히 불친절한 게임 임 그만큼 자유도 도 높고 다수 의 결말 이 있다는게 장점 이긴 함 오픈월드 싫어하시는 분 들 에 긴 최악 의 게임 다만 그 이외 에 재밌는 컨텐츠 도 꽤 나 많음 트랩 같은거 설치 해서 식인종 농락 하고 생존 마을 넓히고 배 만 들어서 섬 도 돌아보고 스토리 도 깨고 생존 대비 도 하는 게임,2019-06-19 14:26:03
242760,The Forest,positive,이게임처음에 할때 동굴탐험할때 나는 동굴이 대게 어두워서 조금 무서웠음 게임차체는 잘만들었다고 생각하고 혼자서 플래이하거나 멀티방 들어가서 해도 재미있긴한데 역시 할거면 친구랑 하는게 더 재미있지 왜냐고? 난 병맛이 좀 심하게 물들은 친구가 있어서 게하고 같이하면 너무재미있지 나까지 물들거같지만...,이 게임 처음 에 할 때 동굴탐험 할 때 나 는 동굴 이 대게 어두워서 조금 무서웠음 게임 차체 는 잘 만들었다고 생각 하고 혼자 서 플 래 이하거나 멀티 방 들어가서 해도 재미있긴한데 역시 할거면 친구 랑 하는게 더 재미있지 왜 냐 고 ? 난 병맛 이 좀 심하게 물들은 친구 가 있어서 게 하고 같이 하면 너무 재미있지 나 까지 물들거 같지만 ...,2019-06-18 01:54:30
242760,The Forest,positive,누구나 도시락으로 다리 하나쯤은 들고다니지 않나요?,누구 나 도시락 으로 다리 하나 쯤 은 들고다니지 않나요 ?,2019-06-17 12:24:31
242760,The Forest,positive,맵보면서 좌표찾아서 7시간하고 지쳐서 끝내고 몇달뒤 모여서 처음부터 7시간하고 지쳐서 끝내고 그렇게 몇번 반복해서 카드키까지 얻고 그랬는데 정작 엔딩은 한번도 못봤어요. 사람을 쉽게 지치게 하는 게임인것같아요. 친구랑 하시려면 날잡고 하세요.,맵 보면서 좌표 찾아서 7시간 하고 지쳐서 끝내고 몇 달뒤 모 여서 처음 부터 7시간 하고 지쳐서 끝내고 그렇게 몇번 반복 해서 카드 키 까지 얻고 그랬는데 정작 엔딩 은 한번 도 못 봤어요 . 사람 을 쉽게 지치게 하는 게임 인 것 같아요 . 친구 랑 하시려면 날 잡고 하세요 .,2019-06-17 11:47:45
242760,The Forest,positive,오랜만에 해도 갓겜 그래픽퀄리티도 훌륭하고 최적화도 훌륭하고 생존게임으로서 갖추어야할것들 갖췄고 낚시기능 나오면 재밌겠네연,오랜 만 에 해도 갓 겜 그래픽 퀄리티 도 훌륭하고 최적화 도 훌륭하고 생존 게임 으로서 갖추어 야할것 들 갖췄고 낚시 기능 나오면 재밌겠 네 연,2019-06-16 21:17:43
242760,The Forest,positive,"게임이 갓겜이기는 한데요 ,, 클라우드 저장시스템이 만들어졌으면 좋겠어요 it is a great game. however i hope there is a cloud saving system for this game","게임 이 갓 겜 이기는 한데요 ,, 클라우드 저장 시스템 이 만들어졌으면 좋겠어요 it is a great game . however i hope there is a cloud saving system for this game",2019-06-16 14:26:09
242760,The Forest,positive,생존을 빙자한 건축 시뮬레이터. 개인적으로 재밌게 했습니다.,생존 을 빙자 한 건축 시뮬레이터 . 개인 적 으로 재밌게 했습니다 .,2019-06-14 07:35:56
242760,The Forest,positive,식인종 시체 쌓아놓고 방치했다가 괴성지름,식인종 시체 쌓아놓고 방치 했다가 괴 성 지름,2019-06-13 21:28:03
242760,The Forest,positive,정신차리고 보니 신나게 사지분리하는 친구랑 내가 보이더라,정신차리고 보니 신나게 사지 분리 하 는 친구 랑 내 가 보이더라,2019-06-13 20:45:27
242760,The Forest,positive,공포/생존을 가장한 건축게임,공포 / 생존 을 가장 한 건축 게임,2019-06-12 18:29:04
242760,The Forest,positive,마시땅 !~@ 식인종 ^^,마시 땅 !~@ 식인종 ^^,2019-06-11 04:30:48
242760,The Forest,positive,최고난이도 게임시간기준 대충 2년정도 생존한거 버려버림 ㅅ1발,최고 난이도 게임 시간 기준 대충 2년 정도 생존 한 거 버려 버림 ㅅ 1 발,2019-06-09 14:47:18
242760,The Forest,positive,집짓고 식인종죽이고 하다보면 내가 하려던목표를 까먹게됨 중간부분이 좀 질려서 금방포기할수도있음 진엔딩 보고나면 엄청 갓겜이란걸 알게됨 근데 2번다시는 하고싶지는않음 친구랑 그냥 재미로 집짓고 소꿉놀이하기엔 안성맞춤겜 스토리보단 이렇게놀면꿀잼 ㅎ,집 짓고 식인종 죽 이고 하다 보면 내 가 하려던 목표 를 까먹게 됨 중간 부분 이 좀 질려서 금방 포기 할수도 있음 진 엔딩 보고나면 엄청 갓 겜 이란 걸 알 게 됨 근데 2 번 다시는 하고싶지는 않음 친구 랑 그냥 재미 로 집 짓고 소꿉놀이 하기엔 안성맞춤 겜 스토리 보단 이렇게 놀면 꿀잼 ㅎ,2019-06-08 16:38:33
242760,The Forest,positive,초반: 꺄악! 식인종! 후반: 77ㅓ억 식인종,초반 : 꺄악 ! 식인종 ! 후반 : 77 ㅓ 억 식인종,2019-06-08 00:09:10
242760,The Forest,positive,인싸들은 겁먹을게 없는 게임,인 싸 들은 겁 먹을게 없는 게임,2019-06-07 15:58:09
242760,The Forest,positive,"VR로 즐겨보았습니다. 초반 캐리어부터 나무, 새, 동물들을 직접 도끼를 휘두르며 잡는게 즐거웠습니다. VR로 하다가 키보드 마우스로 플레이하니깐 오히려 재미가 없는 느낌 꼭 vr로 해보세요","VR 로 즐겨 보았습니다 . 초반 캐리어 부터 나무 , 새 , 동물 들 을 직접 도끼 를 휘두르며 잡는게 즐거웠습니다 . VR 로 하다가 키 보드 마우스 로 플레이 하 니깐 오히려 재미 가 없는 느낌 꼭 vr 로 해보세요",2019-06-07 05:49:46
242760,The Forest,positive,식인종만나면 비명지르면서 도망가고 상어한테 물려서 비명지르고 악어만나서 비명지름 돌연변이 만나면 어케될려나,식인종 만나면 비명 지르면서 도망가고 상어 한테 물려서 비명 지르고 악어 만나서 비명 지름 돌연변이 만나면 어케될려 나,2019-06-04 11:09:48
242760,The Forest,positive,친구없는 찐다는 게임도 못하냐,친구 없는 찐다는 게임 도 못 하냐,2019-06-03 19:58:13
242760,The Forest,positive,생존을 할거냐 아니면 스토리를 깰거냐 그것이 문제로다.,생존 을 할거냐 아니면 스토리 를 깰거냐 그것 이 문제 로다 .,2019-06-02 01:10:32
242760,The Forest,positive,전 빡종했습니다. 하지만 게임이 ㅄ인게 아니에요. 게임은 좋아요. 지인을 잘 고르세요.,전 빡종 했습니다 . 하지만 게임 이 ㅄ 인게 아니에요 . 게임 은 좋아요 . 지인 을 잘 고르세요 .,2019-05-30 17:49:53
242760,The Forest,positive,이거 진짜 힐링게임,이 거 진짜 힐링 게임,2019-05-30 10:01:36
242760,The Forest,positive,진짜 잼있다 쫄깃쫄깃,진짜 잼있다 쫄깃쫄깃,2019-05-26 14:03:36
242760,The Forest,positive,싱글보다 멀티로 많이해 본 게임. 나중에는 누가 식인종인지....!!!,싱글 보다 멀티 로 많이 해 본 게임 . 나중 에는 누가 식인종 인지 ....!!!,2019-05-25 17:45:36
242760,The Forest,positive,생존하는 긴장감이 떨어졌다. 이유는 로컬세이브 형식이어서 누구나 모드를 사용할 수 있어서 하늘을 날라다니는 것은 기본이기 때문이다. 그 동안 재밌게 플레이 했기 때문에 추천을 누르지만 더 이상 제 값을 못 하는 게임이 되버린거 같다. 제작진들이 애써서 글라이더도 만들었지만 모드를 이용해서 날라다니면 그만이기 때문이다. 모드로 집이나 짓는 게임이 되버렸다.,생존 하는 긴장감 이 떨어졌다 . 이유 는 로컬 세이브 형식 이어서 누구 나 모드 를 사용 할 수 있어서 하늘 을 날라 다니는 것 은 기본 이기 때문 이다 . 그 동안 재밌게 플레이 했기 때문 에 추천 을 누르지만 더 이상 제 값 을 못 하는 게임 이 되 버린거 같다 . 제 작 진 들 이 애써서 글라이더 도 만들었지만 모드 를 이용 해서 날라다니면 그만 이기 때문 이다 . 모드 로 집 이나 짓는 게임 이 되 버렸다 .,2019-05-25 02:50:49
242760,The Forest,positive,할 게 없다구요? 다하셨다구요? 그렇다면 같이하는 친구가 있다면 집 입구에 나뭇잎 함정을 깔아놓고 불러서 태워버리거나 나무 캐는 친구의 등 뒤로 폭탄을 던진다면 재미를 두 배로 느낄 수 있습니다.,할 게 없다구요 ? 다 하셨다구요 ? 그렇다면 같이 하는 친구 가 있다면 집 입구 에 나뭇잎 함정 을 깔아놓고 불러서 태워 버리거나 나무 캐는 친구 의 등 뒤 로 폭탄 을 던진다면 재미 를 두 배 로 느낄 수 있습니다 .,2019-05-25 02:28:59
242760,The Forest,positive,식인 나무꾼게임 처음엔 무서워서 도망치기 바쁘다 나중에는 시체 처리하기 바쁨.,식인 나무꾼 게임 처음 엔 무서워서 도망치기 바쁘다 나중 에는 시체 처리 하기 바쁨 .,2019-05-23 18:28:15
242760,The Forest,positive,꼭 저질러 놓고 후회하누;;,꼭 저질러 놓고 후회 하 누 ;;,2019-05-22 01:58:57
242760,The Forest,positive,혼자하는 것을 비추천 합니다 친구분이 고인물이면 도움받거나 아니면 같이 협동작전 하는것도 좋죠 제작자도 센스있게 적이 안나오는 평화모드도 해주고 스토리도 절망적이지만 잘 만들었습니다 동굴에서 발견한 무기들도 멋지고 좋네요 단점이 있다면.. 돌연변이를 조심하시고 저장도 집에서만 가능하니까 잊지말고 미리 하시는걸 권장 외우기가 어려우면 깃발로 색깔에 맞춰서 표시하시는것도 나쁘지않고요 같이하실분 있으시면 와주셍요 심심함 ㅋㅋ (팀킬 절대 사절),혼자 하는 것 을 비 추천 합니다 친구 분 이 고 인물 이 면 도움 받거나 아니면 같이 협동 작전 하는것도 좋죠 제작자 도 센스 있게 적 이 안 나오는 평화 모드 도 해주고 스토리 도 절망 적 이지만 잘 만들었습니다 동굴 에서 발견 한 무기 들 도 멋지고 좋네요 단점 이 있다면 .. 돌연변이 를 조심하시고 저장 도 집 에서만 가능하니까 잊지말고 미리 하시는걸 권장 외우기가 어려우면 깃발 로 색깔 에 맞춰서 표시 하시는것도 나쁘지 않고요 같이 하실 분 있으시면 와주셍 요 심심함 ㅋㅋ ( 팀킬 절대 사절 ),2019-05-19 14:41:37
242760,The Forest,positive,식인종의 입장을 이해할 수 있게되는 게임이였습니다. 밤이 되면 현실적으로 어두워지고 식인종이 나타나 귀찮게 놀아달라 합니다. 꿀팁은 작은 집을 짓고 카타나부터 찾으세요.,식인종 의 입장 을 이해 할 수 있게 되는 게임 이 였습니다 . 밤 이 되면 현실 적 으로 어두워지고 식인종 이 나타나 귀찮게 놀아 달라 합니다 . 꿀팁 은 작은 집 을 짓고 카타나 부터 찾으세요 .,2019-05-19 00:49:58
242760,The Forest,positive,고기가 너무 덜익어서 사람 처럼 뛰어 다니잖아!,고기 가 너무 덜 익어서 사람 처럼 뛰어 다니잖아 !,2019-05-18 22:28:37
242760,The Forest,positive,장점 : 와 재밌다 단점 : 우웩,장점 : 와 재밌다 단점 : 우웩,2019-05-18 18:38:24
242760,The Forest,positive,아니 ㅆ발 진짜 한번 뒤지면 아이템 찾기 어렵고 개 잣같네 ㄹㅇ 아니 게임은 좋은데 죽을때마다 멘탈이 펑★ ^^ㅣ발 이거 멘탈터지면 정화시간 1주 ㅅㄱ,아니 ㅆ 발 진짜 한번 뒤지면 아이템 찾기 어렵고 개 잣 같네 ㄹㅇ 아니 게임 은 좋은데 죽 을 때 마다 멘탈 이 펑 ★ ^^ ㅣ 발 이 거 멘탈 터지면 정화 시간 1 주 ㅅㄱ,2019-05-18 17:43:20
242760,The Forest,positive,1.식인종을 만난고 팬다 2.만나게 굽는다. 3.이제 집을 짓는다 4.동굴가는디 무서워서 본체를 끈다 이순서대로 하면 더포가 안끝나니 동굴갈떄 맨탈 좋은 친구 데리고 앞장세우세요.,1 . 식인종 을 만난 고 팬 다 2 . 만나게 굽는다 . 3 . 이제 집 을 짓는다 4 . 동굴 가는디 무서워서 본체 를 끈다 이 순서대로 하면 더포 가 안 끝나니 동굴 갈떄 맨 탈 좋은 친구 데리 고 앞장세우세요 .,2019-05-18 13:40:21
242760,The Forest,positive,식인종 다구리하는 게임,식인종 다 구리 하 는 게임,2019-05-17 01:35:34
242760,The Forest,positive,"이게임을 사셨다면 친구 한명쯤은 데리고 오시는게 좋겠군요. 아무런 지식, 머리 없이 혼자 살아가기는 문제인 게임입니다. 왜 이런식이냐구요? 안해봤으니까요!","이 게임 을 사셨다면 친구 한 명 쯤 은 데리 고 오시는게 좋겠군요 . 아무런 지식 , 머리 없이 혼자 살아가기는 문제 인 게임 입니다 . 왜 이런 식이 냐 구 요 ? 안 해봤으니까 요 !",2019-05-16 23:52:47
242760,The Forest,positive,암시 삭제점,암시 삭제 점,2019-05-16 18:22:17
242760,The Forest,positive,"1, 2회차는 친구랑 함께 깨고 3회차는 혼자 켠왕해 봤습니다. 제가 모닥불 부시는 실수라도 하면 바로 달려와서 뒤지게 패주는 친구들보다 옆에서 함께 소리쳐주고 불 들고와서 밝혀주고, 뼈를 내어주는 사랑까지 겸비한 식인종이 더 친밀감이 느껴지는 겜입니다.","1 , 2회 차는 친구 랑 함께 깨고 3회 차는 혼자 켠왕 해 봤습니다 . 제 가 모닥불 부시는 실수 라도 하면 바로 달려와서 뒤지게 패 주는 친구 들 보다 옆 에서 함께 소리쳐주고 불 들고 와서 밝혀주고 , 뼈 를 내어주는 사랑 까지 겸비 한 식인종 이 더 친밀 감 이 느껴지는 겜 입니다 .",2019-05-15 18:59:02
242760,The Forest,positive,식인종한테서 집을 지켜야 하는건지 친구들한테서 집을 지켜야 하는건지 잘모르겠습니다.,식인종 한테 서 집 을 지켜야 하는 건지 친구 들 한테 서 집 을 지켜야 하는 건지 잘 모르겠습니다 .,2019-05-13 19:26:56
242760,The Forest,positive,친구가 어제사줬는데 해볼만함,친구 가 어제 사줬는데 해볼만 함,2019-05-12 13:40:21
242760,The Forest,positive,누가 식인종이 되어가는지 헷갈리는게임,누가 식인종 이 되어가는지 헷갈리는 게임,2019-05-11 22:30:44
242760,The Forest,positive,"[h1]정작 찾으라는 아들 안 찾고 식인종들 찾으러 다니는 [힐링 게임][/h1] 뉴비 시절에는 개쫄아서 식인종들 피해 숨어다녔다면, 지금의 나는 식인종과 소통하며 몸의 대화를 하는 힐링 갓 게임이 되었다.","[ h 1 ] 정작 찾으라는 아들 안 찾고 식인종 들 찾으러 다니는 [ 힐링 게임 ][/ h 1 ] 뉴비 시절 에는 개쫄아 서 식인종 들 피해 숨어 다녔다면 , 지금 의 나 는 식인종 과 소통 하며 몸 의 대화 를 하는 힐링 갓 게임 이 되었다 .",2019-05-11 22:11:35
242760,The Forest,positive,혼자한것도 아니고 매번 친구랑 같이 했는데도 결국엔 얼마 못가 질렸다... 재미는 확실히 있음. 사서 해볼만함.,혼자 한 것 도 아니고 매번 친구 랑 같이 했는데도 결국 엔 얼마 못 가 질렸다 ... 재미 는 확실히 있음 . 사서 해볼만 함 .,2019-05-10 17:32:22
242760,The Forest,positive,고기! 고기! 식인종 고기!!,고기 ! 고기 ! 식인종 고기 !!,2019-05-07 18:02:26
242760,The Forest,positive,리얼 생존 버라이어티.,리얼 생존 버라이어티 .,2019-05-07 16:40:30
242760,The Forest,positive,우웩 멀미 때매 몬하겠어,우웩 멀미 때매 몬 하겠어,2019-05-07 16:05:44
242760,The Forest,positive,히힌,히힌,2019-05-06 15:39:20
242760,The Forest,positive,세일이 아닌 제 값 주고 샀지만 정말 후회하지 않는 게임! 혼자하는 게임은 혼자 하는 대로! 친구랑 하면 재미는 두배가 됩니다! 평화로움도 즐길 수 있고 스릴도 즐길 수 있고 사냥하는 맛도 나고! 크으.. 이런 게임 정말 ... 사랑합니다..ㅠ 무엇보다 좋은 점은 멀티가 아주 쉽다는 점!!,세 일이 아닌 제 값 주고 샀지만 정말 후회 하지 않는 게임 ! 혼자 하는 게임 은 혼자 하는 대로 ! 친구 랑 하면 재미 는 두 배 가 됩니다 ! 평화로움 도 즐길 수 있고 스릴 도 즐길 수 있고 사냥 하는 맛 도 나고 ! 크으 .. 이런 게임 정말 ... 사랑 합니다 .. ㅠ 무엇 보다 좋은 점 은 멀티 가 아주 쉽다는 점 !!,2019-05-06 14:31:02
242760,The Forest,positive,처음에 돌연변이 보고 발작했지만 이젠 걸어다니는 갑옷을 넘어 노예로 부려먹는중 친구랑하면 갓겜 혼자하면......,처음 에 돌연변이 보고 발작 했지만 이 젠 걸어 다니는 갑옷 을 넘어 노예 로 부려 먹는 중 친구 랑 하면 갓 겜 혼자 하면 ......,2019-05-06 12:26:15
242760,The Forest,positive,"당신은 비행기 추락으로 섬에 표류하게 되지만...한 이틀 쯤 지나면 현지화가 되어 식인종이 됩니다. 열심히 먹고 싸우고 먹고 싸우고 갑옷 만들고... 아들은 이미 썩어 문드러졌을테지만, 뭐 어때요! 가면 식인종이나 잡읍시다!","당신 은 비행기 추락 으로 섬 에 표류 하게 되지만 ... 한 이틀 쯤 지나면 현지 화가 되어 식인종 이 됩니다 . 열심히 먹고 싸우고 먹고 싸우고 갑옷 만들고 ... 아들 은 이미 썩어 문 드러졌을테지만 , 뭐 어때요 ! 가면 식인종 이나 잡읍시다 !",2019-05-04 13:51:14
242760,The Forest,positive,권장사양이 쿼드코어 램 4기가 글카 gtx560인데 960으로도 상옵 안되는 마법,권장 사양 이 쿼드코어 램 4 기 가 글카 gtx 560 인데 960 으로도 상옵 안되는 마법,2019-05-04 10:08:32
242760,The Forest,positive,너무 재미있고 다른게임들을 머릿속에서 다 지워 버릴정도로 너무 재미있습니다 강추,너무 재미있고 다른 게임 들 을 머릿속 에서 다 지워 버릴 정도 로 너무 재미있습니다 강추,2019-05-03 21:51:08
242760,The Forest,positive,ㅈ같은 비행기가 추락합니다 당신은 어찌저찌 살았지만 벌거벗은 야만인들이 당신의 모근 사멸한 아들을 어디론가 끌고갑니다 아마 탈모에 관심이 많은 벌거벗은 과학자들이겠죠 아들은 이제 잊으세요 자 비행기를 나가 나체 식인종들을 도륙내고 그들의 시체로 허수아비를 만들고 ㅈ만한 도끼로 나무를 베어 집을 만드세요 아들은 잊 으 세 요,ㅈ 같은 비행기 가 추락 합니다 당신 은 어찌저찌 살았지만 벌거 벗은 야만인 들 이 당신 의 모근 사멸 한 아들 을 어디 론 가 끌 고 갑니다 아마 탈모 에 관심 이 많은 벌거 벗은 과학자 들이겠죠 아들 은 이제 잊으세요 자 비행기 를 나가 나체 식인종 들 을 도륙 내고 그 들 의 시체 로 허수아비 를 만들고 ㅈ 만 한 도끼 로 나무 를 베어 집 을 만드세요 아들 은 잊 으 세 요,2019-05-01 01:26:00
242760,The Forest,positive,더 숲 살려고 식인종이 되는 게임(너무 우렸나?),더 숲 살려고 식인종 이 되는 게임 ( 너무 우렸 나 ?),2019-05-01 00:55:15
242760,The Forest,positive,자기 자신의 내면이 얼마나 잔인한가 알수있음,자기 자신 의 내면 이 얼마나 잔인한가 알수있음,2019-04-30 22:10:43
242760,The Forest,positive,하다보면 아주아주 재미있는 생존게임이며 플레이 시간도 길어서 돈의 값어치를 하는 몇안되는 게임인것같다 친구랑하면 더욱 재밌으며 혼자한다 하더라도 딱히 문제는없다 아주 재밌게 즐기고 잘만든 게임이것같다,하다 보면 아주아주 재미있는 생존 게임 이며 플레이 시간 도 길어서 돈 의 값어치 를 하는 몇 안되는 게임 인 것 같다 친구 랑 하면 더욱 재밌으며 혼자 한다 하더라도 딱히 문제 는 없다 아주 재밌게 즐기고 잘만 든 게임 이 것 같다,2019-04-30 20:59:37
242760,The Forest,positive,설계도 더 줘......,설계도 더 줘 ......,2019-04-30 02:47:47
242760,The Forest,positive,Bwah,Bwah,2019-04-28 22:42:28
242760,The Forest,positive,야만인에게 쫒기고 3시간뒤 야만인 뼈파밍 시작,야만인 에게 쫒기고 3시간 뒤 야만인 뼈 파밍 시작,2019-04-27 22:48:45
242760,The Forest,positive,아들 따흐흑,아들 따흐흑,2019-04-26 19:54:35
242760,The Forest,positive,정말정말 재밋게 플레이했습니다. 다만 같이할 사람이 있으면 더 재밋습니다. 나중에 강한몹 나올때 앞에서 몸빵해주고 뒤에서 활쏘면 쉽게 진행할 수 있어요,정말 정말 재밋 게 플레이 했습니다 . 다만 같이 할 사람 이 있으면 더 재밋습니 다 . 나중 에 강한 몹 나올 때 앞 에서 몸빵 해주고 뒤 에서 활 쏘면 쉽게 진행 할 수 있어요,2019-04-26 07:48:59
242760,The Forest,positive,이번 신규 크리에이티브모드 좋은데 큰 함정에 걸린후 다시 할때 나무막대기 1개가 필요한데 그거는 안되네요. 그리고 새로 설치하면 자신이 들고있던 아이템들도 같이 소모되더라구요. 오류인지 모르겠지만 수정해주세요.,이번 신규 크리에이티브 모드 좋은데 큰 함정 에 걸린 후 다시 할 때 나무막대기 1 개 가 필요한데 그거 는 안되네요 . 그리고 새로 설치 하면 자신 이 들고있던 아이템 들 도 같이 소모 되더라구요 . 오류 인지 모르겠지만 수정 해주세요 .,2019-04-25 19:11:27
242760,The Forest,positive,솔직히 저는 이게임을 잘모르는데 식인종이 뒤에서 나옴 그래서 놀람ㅋㅋㅋㅋㅋㅋㅋㅋ ㄹㅇ 꾸르잼임 님들도 해보셈~,솔직히 저 는 이 게임 을 잘 모르는데 식인종 이 뒤 에서 나옴 그래서 놀람 ㅋㅋㅋㅋㅋㅋㅋㅋ ㄹㅇ 꾸르잼임 님들 도 해보셈 ~,2019-04-24 20:46:48
242760,The Forest,positive,왜 갑자기 떡상하냐? 확실히 스트리머나 유튜브 효과가 좋노? 아새끼들 나무위키 좀 쳐 키지마라 해라,왜 갑자기 떡 상하 냐 ? 확실히 스트리머 나 유튜브 효과 가 좋노 ? 아 새끼 들 나무 위키 좀 쳐 키 지 마라 해 라,2019-04-24 03:00:36
242760,The Forest,positive,2 언제 나오나요,2 언제 나오나요,2019-04-23 02:57:44
242760,The Forest,positive,식인종죽이는 잼 개꿀잼,식인종 죽이는 잼 개꿀잼,2019-04-22 22:28:28
242760,The Forest,positive,"너무 재밌었습니다. 딱취향에 맞게 주인공이 점점 식인종이 되는 느낌이 재밌네요 원주민 팔, 다리, 머리는 주인공의 일용할 식량이 됩니다... 근데 100시간 한정","너무 재밌었습니다 . 딱 취향 에 맞게 주인공 이 점점 식인종 이 되는 느낌 이 재밌네요 원주민 팔 , 다리 , 머리 는 주인공 의 일용 할 식량 이 됩니다 ... 근데 100시간 한정",2019-04-22 20:01:39
242760,The Forest,positive,친없찐은 무서울지도 모름. 하다보면 아들의 존재는 잊혀지고 건축업자가 되어있음. 그래서 말인데 가구나 장식같은거 더 업데이트 부탁드립니다^^,친 없 찐은 무서울지도 모름 . 하다 보면 아들 의 존재 는 잊혀지고 건축 업자 가 되어있음 . 그래서 말 인데 가구 나 장식 같은거 더 업데이트 부탁드립니다 ^^,2019-04-22 03:47:45
242760,The Forest,positive,식인종 시체들 쌓아놓고 다이너마이트로 터뜨리던 쾌감은 잊을 수 없다.,식인종 시체 들 쌓아놓고 다이너마이트 로 터뜨리던 쾌감 은 잊을 수 없다 .,2019-04-21 16:09:15
242760,The Forest,positive,그래서 아들은 언제구함?,그래서 아들 은 언 제 구함 ?,2019-04-20 20:51:49
242760,The Forest,positive,솔직히 맘먹고 깨려하면 깰수 있는데 깨는거보다 섬마을 사람들과 뛰어노는게 더 잼나는 게임 처음에 섬마을 도착하면 내집짓고 원주민 친구들이랑 운동도 하구 재미집니다. 배고프면 자기 팔다리도 때어주는 배려심 깊은 주민들 가끔 돌연변이처럼 불쌍하게 생긴 친구들이랑은 술마시구 불꽃놀이 하면 금방 쓰러집니다. 다들 술에 약하더라구요. 한몸바쳐 더 잘살라구 자기들 살에 가죽에 뼈까지 내어주는 원주민 친구들과 함께하며 이타주의 끝판을 체험하려면 ㄱㄱ 바로 지르세요~~~! 팁 : 돌연변이 친구 사귀면 친구들이 나무도 베어줌 개꿀,솔직히 맘 먹고 깨려하면 깰수 있는데 깨는거보다 섬 마을 사람 들 과 뛰어 노는게 더 잼나는 게임 처음 에 섬 마을 도착 하면 내 집 짓고 원주민 친구 들 이랑 운동 도 하구 재미 집니다 . 배고프면 자기 팔다리 도 때 어 주는 배려 심 깊은 주민 들 가끔 돌연변이 처럼 불쌍하게 생긴 친구 들 이랑은 술 마시구 불꽃놀이 하면 금방 쓰러집니다 . 다 들 술 에 약하더라구요 . 한 몸 바쳐 더 잘 살라구 자기 들 살 에 가죽 에 뼈 까지 내어주는 원주민 친구 들 과 함께 하며 이 타 주의 끝판 을 체험 하려면 ㄱㄱ 바로 지르세요 ~~~! 팁 : 돌연변이 친구 사귀면 친구 들 이 나무 도 베어 줌 개꿀,2019-04-20 19:38:18
242760,The Forest,positive,잼잇씀 ㅇㅇ,잼 잇 씀 ㅇㅇ,2019-04-20 18:29:32
242760,The Forest,positive,굳,굳,2019-04-18 23:13:22
242760,The Forest,positive,식인종 양식해서 먹고 사는 게임,식인종 양식 해서 먹고 사는 게임,2019-04-18 20:36:30
242760,The Forest,positive,친구랑해여 ㄹㅇ 개꿀잼인 게임..,친구 랑 해 여 ㄹㅇ 개꿀잼 인 게임 ..,2019-04-15 20:57:55
242760,The Forest,positive,"물을 싫어하고 틈만나면 물어대는 고양이 같은 원주민들이나 지 덩치도 모르고 안기려 달려오는 개같은 돌연변이들과 함께 생활하는 섬마을 데일리라이프입니다. 지도가 항상 일정해서, 플레이하는 빌드가 정해져있다고 보셔도 됩니다 큰 집과 방어벽을 만들기 위해 통나무를 베고 옮길때면, 내가 게임을 하는건지 노동을 하는건지 헷갈릴 때가 있습니다.","물 을 싫어하고 틈 만나면 물어 대 는 고양이 같은 원주민 들 이나 지 덩 치도 모르고 안기려 달려오는 개 같은 돌연변이 들 과 함께 생활 하는 섬 마을 데 일리 라이프 입니다 . 지도 가 항상 일정해서 , 플레이 하는 빌드 가 정해져있다고 보셔도 됩니다 큰 집 과 방어 벽 을 만들기 위해 통나무 를 베고 옮길 때 면 , 내 가 게임 을 하는 건지 노동 을 하는 건지 헷갈릴 때 가 있습니다 .",2019-04-14 21:43:10
242760,The Forest,positive,한동안 잠깐 미쳐있었던 게임입니다 선물받아서 해봤는데 재밋어요,한동안 잠깐 미쳐있었던 게임 입니다 선물 받아서 해봤는데 재밋어 요,2019-04-13 13:05:37
242760,The Forest,positive,혼자하면 좀 무섭지만 멀티하면 좀... 갓-겜 ㅎㅎ,혼자 하면 좀 무섭지만 멀티 하면 좀 ... 갓 - 겜 ㅎㅎ,2019-04-12 20:58:20
242760,The Forest,positive,"싱글: 아들은 뒷전 지 혼자 동물의 숲 즐기고 있음 멀티: 역시나 아들은 뒷전, 사람들이랑 정글의 법칙 찍음 식인종: 어찌보면 지들이 살려고 발버둥침 주인공: 식인종이나 돌연변이 찾아다 갑옷 만드느라 바쁨","싱글 : 아들 은 뒷전 지 혼자 동물 의 숲 즐기고 있음 멀티 : 역시 나 아들 은 뒷전 , 사람 들 이랑 정글 의 법칙 찍음 식인종 : 어찌 보면 지 들이 살려고 발버둥침 주인공 : 식인종 이나 돌연변이 찾아다 갑옷 만드느라 바쁨",2019-04-10 17:14:52
242760,The Forest,positive,사시오,사 시오,2019-04-09 16:43:14
242760,The Forest,positive,"There's never been a survival game as interesting as ""The forest"" by my standards I've become interested in survival games because of this game, but now I don't know what to do I always worry before buying another survival game because... I'm looking for survival games but I'm thinking, ""Is there a","There ' s never been a survival game as interesting as "" The forest "" by my standards I ' ve become interested in survival games because of this game , but now I don ' t know what to do I always worry before buying another survival game because ... I ' m looking for survival games but I ' m thinking , "" Is there a",2019-04-09 03:36:59
242760,The Forest,positive,문명 일꾼 시뮬레이터 숲 타일 제거 1/3,문명 일꾼 시뮬레이터 숲 타일 제거 1/3,2019-04-07 21:35:00
242760,The Forest,positive,"The forest ""숲"" 이럴거면 게임이름을 그냥 The cave로 지을 것이지 그냥 숲에 떨어졌으니 제목이 숲인게임 멀티로 하면 호스트 아들인데 내가 왜 구해야하나라는 생각이 들기도 하지만 식인종을 패다 보면 그런거 잊혀짐 처음 했을 땐 무서웠으나 어느새 돌연변이를 잡으며 분홍색 방어구를 채워가는 재미를 느끼실 수 있습니다 ㅎ","The forest "" 숲 "" 이럴거면 게임 이름 을 그냥 The cave 로 지을 것 이지 그냥 숲 에 떨어졌으니 제목 이 숲 인 게임 멀티 로 하면 호스트 아들 인데 내 가 왜 구 해야하나라는 생각 이 들 기도 하지만 식인종 을 패 다 보면 그런거 잊혀짐 처음 했을 땐 무서웠으나 어느새 돌연변이 를 잡으며 분홍색 방어 구를 채워가는 재미 를 느끼실 수 있습니다 ㅎ",2019-04-07 00:53:54
242760,The Forest,positive,할만하다 돌연변이랑 식인종때문에 공포감이 더 조성되서 좋고 다만 엔딩등을 조금더 추가하면 좋겠다,할 만하 다 돌연변이 랑 식인종 때문 에 공포 감 이 더 조성 되서 좋고 다만 엔딩 등 을 조금 더 추가 하면 좋겠다,2019-04-07 00:14:49
242760,The Forest,positive,힘겨운 도시를벗어나 희망이 넘쳐나는 숲속힐링캠프,힘겨운 도시 를 벗어나 희망이 넘쳐나는 숲속 힐링캠프,2019-04-06 18:57:33
242760,The Forest,positive,리뷰볼시간에 사세요,리뷰 볼 시간 에 사세요,2019-04-06 10:34:42
242760,The Forest,positive,한편의 영화를 보는것 같은 게임 절대 후회 안한다 절대,한편 의 영화 를 보는것 같은 게임 절대 후회 안 한다 절대,2019-04-06 06:58:46
242760,The Forest,positive,내가 이상한건가 난 그냥 나무 베는게 재밌더라 ㅋㅋㅋ,내 가 이상한 건가 난 그냥 나무 베는게 재밌더라 ㅋㅋㅋ,2019-04-06 00:33:18
242760,The Forest,positive,집 만드는거 너무 노가당,집 만드는거 너무 노가당,2019-04-05 17:58:58
242760,The Forest,positive,"음...저는 VR로 플레이 했습니다. 기기는 HTC VIVE입니다. 상품설명에서 볼 수 있듯이 이 게임은 VR모드가 있으며 한국어 정식 지원과 함께 원활한 플레이가 가능합니다. 직관적인 UI, 불친절한 튜토리얼로 +1 - 1로 0점이 되겠습니다만, 게임을 저렴하게 구입할 수 있었기 때문에 결론적으로 가성비를 봐서 추천! -참고로 앉을 수가 없습니다 앉으면 강제 스탠딩모드로 전환되기 때문에 애를 먹을 때가 있습니다...ㅠㅠ)","음 ... 저 는 VR 로 플레이 했습니다 . 기기 는 HTC VIVE 입니다 . 상품 설명 에서 볼 수 있듯이 이 게임 은 VR 모드 가 있으며 한국어 정식 지원 과 함께 원활한 플레이 가 가능합니다 . 직관 적 인 UI , 불친절한 튜토리얼 로 + 1 - 1 로 0 점 이 되겠습니다만 , 게임 을 저렴하게 구입 할 수 있었기 때문 에 결론 적 으로 가성 비 를 봐서 추천 ! - 참고 로 앉을 수가 없습니다 앉으면 강제 스탠 딩 모드 로 전환 되기 때문 에 애 를 먹을 때 가 있습니다 ... ㅠㅠ )",2019-04-04 15:05:05
242760,The Forest,positive,처음할떄는 존나맞고다녓는데 후반가니 원주민들 단체손님으로 와도 활로 헤드샷 한방에 접대해주고잇네요,처음할떄 는 존나 맞고다 녓 는데 후반 가니 원주민 들 단체 손님 으로 와도 활 로 헤드샷 한 방 에 접대 해주고 잇네요,2019-04-02 04:40:12
242760,The Forest,positive,난 죽이고 싶지 않은데 너네가 자꾸 시비걸잖아,난 죽 이고 싶지 않은데 너 네 가 자꾸 시비 걸잖아,2019-03-31 19:40:22
242760,The Forest,positive,개꿀잼입니다 dd,개꿀잼 입니다 dd,2019-03-31 18:02:45
242760,The Forest,positive,야 공포겜이라고 말해줬어야지,야 공포 겜 이라고 말 해줬어야지,2019-03-30 17:28:15
242760,The Forest,positive,처음에는 어디가 어딘지 모르지만 시간이 지나면 자신은 식인종을 먹으며 성을 만들고있음,처음 에는 어디가 어딘 지 모르지만 시간 이 지나면 자신 은 식인종 을 먹으며 성 을 만들고있음,2019-03-30 07:39:46
242760,The Forest,positive,i want to the forest 2 i have money plz 2 plz...,i want to the forest 2 i have money plz 2 plz ...,2019-03-28 20:56:08
242760,The Forest,positive,식인종이 불쌍해지는 겜. 하도 많이 죽이고 사지를 잘라서 건조시키니까 누가 식인종인지 모르겠음. 혼자해도 친구들이랑 해도 재밌음,식인종 이 불쌍해지는 겜 . 하도 많이 죽 이고 사지 를 잘라서 건조 시키니까 누가 식인종 인지 모르겠음 . 혼자 해도 친구 들 이랑 해도 재밌음,2019-03-28 19:39:22
242760,The Forest,positive,제가 이런 생존게임 정말좋아하는데 오픈월드이고 건축물도 계속 설치할수있고 친구랑 하면 어떤게임도 비교 할수없습니다. 제가 했던 생존게임 중에서 TOP 1 에 듭니다 근데 혼자하면 진짜 씹노잼이고 원주민 때문에 미치겠습니다 친구있으면 팔다리 짤라서 맛있게 먹죠 단점은 살짝의 버그랑 돌연변이가 너무 강하다는게 처음하시는 분들은 좀 어려울겁니다 유튜브 보고 하시는게 가장 좋고요 사서요 두번사세요 그리고 무조건 친구 델고 하세요 아니면 산거 후회합니다.,제 가 이런 생존 게임 정말 좋아하는데 오픈월드 이고 건축물 도 계속 설치 할수있고 친구 랑 하면 어떤 게임 도 비교 할수 없습니다 . 제 가 했던 생존 게임 중 에서 TOP 1 에 듭니 다 근데 혼자 하면 진짜 씹 노잼 이고 원주민 때문 에 미치겠습니다 친구 있으면 팔다리 짤 라서 맛있게 먹죠 단점 은 살짝 의 버그 랑 돌연변이 가 너무 강하다는게 처음 하시는 분 들 은 좀 어려울 겁니다 유튜브 보고 하시는게 가장 좋고요 사서 요 두 번 사세요 그리고 무조건 친구 델 고 하세요 아니면 산거 후회 합니다 .,2019-03-25 17:21:41
242760,The Forest,positive,그래서 아들은 언제 찾는거죠?,그래서 아들 은 언제 찾는거죠 ?,2019-03-25 00:02:13
242760,The Forest,positive,아 DLC라도 나왔으면 업뎃좀 많이해주세요 그린헬이 결국 싱글플레이가 된 지금 너무 쉬운 포레스트는 좀더 어려워질 필요성이 있다고 봅니다 극악의 동굴 DLC추가해주세요 천같은거 모으기 쉽게 해주는 동굴이 필요해요,아 DLC 라도 나왔으면 업뎃좀 많이 해주세요 그린헬 이 결국 싱글플레이 가 된 지금 너무 쉬운 포레스트 는 좀더 어려워질 필요성 이 있다고 봅니다 극악 의 동굴 DLC 추가 해주세요 천 같은거 모으기 쉽게 해주는 동굴 이 필요해요,2019-03-24 20:43:01
242760,The Forest,positive,식인종 개사기네 너프좀 아니 피통도오지게 많은데 한명발견하면 우르르 몰려와서 다구리까는데 난 친구도없어서 나혼잔데 어떻게 죽이냐고 함정? 써봤지 아주잘걸려 내가 무기? 갑옷? 풀세튼데? 존나아파 쫄몹한테도 쫄아야해 이게무슨 생존이냐 차라리 식인종 따까리로 들어가는게 훨신편하겠다,식인종 개사 기네 너프 좀 아니 피통 도 오지 게 많은데 한 명 발견 하 면 우르르 몰려와서 다 구리 까는데 난 친구 도 없어서 나혼 잔데 어떻게 죽이냐고 함정 ? 써 봤지 아주 잘 걸려 내 가 무기 ? 갑옷 ? 풀세 튼데 ? 존나 아파 쫄몹한테 도 쫄 아 야해 이 게 무슨 생존 이냐 차라리 식인종 따까 리 로 들어가는게 훨신 편하겠다,2019-03-24 07:43:58
242760,The Forest,positive,재밌는데 스토리가 너무짧아요 더길게 해주면 레알갓겜!,재밌는데 스토리 가 너무 짧아요 더 길게 해주면 레알 갓 겜 !,2019-03-23 16:41:43
242760,The Forest,positive,숲밖에 없던 곳에서 평화롭게 살던 원주민들을 식인지배하며 개발시켜주는 게임.,숲 밖에 없던 곳 에서 평화롭게 살던 원주민 들 을 식인 지배 하 며 개발 시켜주는 게임 .,2019-03-23 00:35:42
242760,The Forest,positive,원주민 엉덩이가 매우 탐스럽네요. 10점만점에 11점드리겠습니다.,원주민 엉덩이 가 매우 탐 스럽네요 . 10 점 만점 에 11 점 드리겠습니다 .,2019-03-23 00:33:14
242760,The Forest,positive,친구들이랑 같이하면 시간가는줄 모름 티미는 기억에서 잊혀진지 오래...,친구 들 이랑 같이 하면 시간 가는줄 모름 티 미는 기억 에서 잊혀진지 오래 ...,2019-03-22 04:52:15
242760,The Forest,positive,갓-겜,갓 - 겜,2019-03-21 17:25:45
242760,The Forest,positive,이제 누가 살인마지? 역관광 개꿀,이제 누가 살인마 지 ? 역 관광 개꿀,2019-03-21 02:15:19
242760,The Forest,positive,스토리가 꽤나 괜찮습니다. 탐방할 수 있는 지역도 넓구요 옛날부터 지속적인 제작자의 패치를 통해 인디게임 치고는 굉장히 돈값 이상을 하는 게임이 되었습니다. 그런데 조작감은 옛날버전이 더 나은 것 같습니다.ㅋㅋㅋ 그리고 멀티플레이시 조금씩 뭐랄까 좀.. 반응속도 라던지 게임 내 반응이라던지 또 반응 이라던지 이런것이 서로 지연되거나 싱글플레이 때 보다 좀 자연스럽지 않은 것 같습니다. 그래도 인디게임 치고는 굉장히 훌륭하고 재밌게 즐긴 것 같습니다.,스토리 가 꽤 나 괜찮습니다 . 탐방 할 수 있는 지역 도 넓구요 옛날 부터 지속 적 인 제작자 의 패치 를 통해 인디 게임 치고는 굉장히 돈값 이상 을 하는 게임 이 되었습니다 . 그런데 조작 감은 옛날 버전 이 더 나은 것 같습니다 . ㅋㅋㅋ 그리고 멀티플레이 시 조금씩 뭐랄까 좀 .. 반응속도 라 던지 게임 내 반응 이라 던지 또 반응 이라던지 이런 것 이 서로 지연 되거나 싱글플레이 때 보다 좀 자연 스럽지 않은 것 같습니다 . 그래도 인디 게임 치고는 굉장히 훌륭하고 재밌게 즐긴 것 같습니다 .,2019-03-20 19:57:41
242760,The Forest,positive,혼자하면 밤에 식인종들 볼때마다 덜덜 떨면서 도망가는 공포 호러겜 다만 친구랑 같이하면 밤마다 식인종의 배때지를 찢어발기면서 친구랑 식인종 어느부위 노나먹을지 생각하는 유쾌한 게임,혼자 하면 밤 에 식인종 들 볼때 마다 덜덜 떨면서 도망가는 공포 호러 겜 다만 친구 랑 같이 하면 밤 마다 식인종 의 배때 지를 찢어 발기면서 친구 랑 식인종 어느 부위 노 나 먹을지 생각 하는 유쾌한 게임,2019-03-20 10:35:49
242760,The Forest,positive,good,good,2019-03-19 18:30:29
242760,The Forest,positive,생존 겜 하면서 이런 결말은 처음 봐서 기억에 남는듯 걍 생존인줄 알았으나 반전 스토리도 있고 잼있음 추천,생존 겜 하면서 이런 결말 은 처음 봐서 기억 에 남는듯 걍 생존 인 줄 알았으나 반전 스토리 도 있고 잼있음 추천,2019-03-17 22:14:52
242760,The Forest,positive,"더포레스트 피시방에서 멀티하는데 계속하기좀 만들어주세요;;;; 맨날 친구들이랑 하는데 처음부터 다시 시작하는건 오바잖아요,,,,방법이 있으면 알려주세요,,,,저장해도 저장 안되고 좀 아닌듯... 게임은 엄청 재밌고 무서운데 호스트 하는사람이 아니면 다시 다 처음부터 무기 구하고 약구하고 그래야하는게 엄청난 단점 이것떄문에 게임할 마음사라집니다. (집이나 깃발표시는 돼있음)","더 포레스트 피시방 에서 멀티 하는데 계속 하기 좀 만들어주세요 ;;;; 맨날 친구 들 이랑 하는데 처음 부터 다시 시작 하는건 오 바 잖아요 ,,,, 방법 이 있으면 알려주세요 ,,,, 저장 해도 저장 안되고 좀 아닌듯 ... 게임 은 엄청 재밌고 무서운데 호스트 하는 사람 이 아니면 다시 다 처음 부터 무기 구 하고 약 구 하고 그래야하는게 엄청난 단점 이것떄문 에 게임 할 마음 사라집니다 . ( 집 이나 깃발 표시 는 돼있음 )",2019-03-16 23:52:33
242760,The Forest,positive,그래서 누가 식인종이죠?,그래서 누가 식인종 이 죠 ?,2019-03-16 22:35:16
242760,The Forest,positive,친구랑 하다보면 언제나 죽어있더라구요...,친구 랑 하다 보면 언제나 죽어있더라구요 ...,2019-03-16 12:26:53
242760,The Forest,positive,만들 수 있는 무기나 이런 컨텐츠가 너무 부족해요 그런데 재밌긴함...,만들 수 있는 무기 나 이런 컨텐츠 가 너무 부족해요 그런데 재밌긴 함 ...,2019-03-16 02:57:44
242760,The Forest,positive,심장 아파 뒤지 겠네,심장 아파 뒤지 겠네,2019-03-15 21:48:28
242760,The Forest,positive,의외로 동굴 들어갈때 심장쫄깃함,의외로 동굴 들어갈 때 심장 쫄깃함,2019-03-15 16:16:00
242760,The Forest,positive,"친구 2명이랑 같이 플레이했다 사전정보 1도없이 멘땅에 헤딩으로 플레이했고 27시간만에 엔딩을 볼 수 있었음 플레이하다보면 하나하나 노하우가 생기고, 집터를 강화한다던가, 새로운 동굴입구를 찾는다던가, 이것저것 알아나가는 재미가 쏠쏠하다 아쉬운점이라면, '생존'에 대한 압박이 그렇게 강하게 작용하지 않는다는점? 이게 진입장벽을 낮춰주는 역할도 하지만, 죽을걱정이 없어지는 '생존게임'이라.. 흠 어느정도 기반이 갖춰지면 음식걱정도없고, 돌연변이 상대법도 쉽게 알게되고.. 그런데! 이런 느낌이 들 무렵쯤, 동굴 이곳저곳을 탐험할 수","친구 2 명 이랑 같이 플레이 했다 사전 정보 1 도 없이 멘 땅 에 헤딩 으로 플레이 했고 27시간 만에 엔딩 을 볼 수 있었음 플레이 하다 보면 하나 하나 노하우 가 생기 고 , 집터 를 강화한다던가 , 새로운 동굴 입구 를 찾는다던가 , 이 것 저 것 알 아 나가는 재미 가 쏠쏠하다 아쉬운 점 이 라면 , ' 생존 ' 에 대한 압박 이 그렇게 강하게 작용 하지 않는다는 점 ? 이 게 진입 장벽 을 낮춰주는 역할 도 하지만 , 죽 을 걱정 이 없어지는 ' 생존 게임 ' 이라 .. 흠 어느 정도 기반 이 갖춰지면 음식 걱정 도 없고 , 돌연변이 상대 법도 쉽게 알 게 되고 .. 그런데 ! 이런 느낌 이 들 무렵 쯤 , 동굴 이 곳 저 곳 을 탐험 할 수",2019-03-14 13:22:03
242760,The Forest,positive,자 이제 누가 식인종이지?,자 이제 누가 식인종 이지 ?,2019-03-14 00:04:07
242760,The Forest,positive,이거 무슨겜인지 1도모르겠다... 내가 생존하는건지 아들내미찾으러 다니는건지 뭘해야할지 모르겠어,이 거 무슨 겜 인지 1 도 모르겠다 ... 내 가 생존 하는 건지 아들내미 찾으러 다니는 건지 뭘 해야 할지 모르겠어,2019-03-13 09:17:27
242760,The Forest,positive,갓겜,갓 겜,2019-03-12 20:38:49
242760,The Forest,positive,표류자에서 살인마로,표류 자 에서 살인마 로,2019-03-11 21:20:35
242760,The Forest,positive,혼자하면 공포게임 같이하면 전원일기,혼자 하면 공포 게임 같이 하면 전원일기,2019-03-11 18:51:32
242760,The Forest,positive,분명 10분만한거같은데 2시간이네요 시간 너무 빨리가네요,분명 10분 만한거같은데 2시간 이네요 시간 너무 빨리 가네요,2019-03-11 17:19:42
242760,The Forest,positive,사기꾼 허용이 무슨 말이죠 ?~? 아무튼 재밌음,사기꾼 허용 이 무슨 말 이 죠 ?~? 아무튼 재밌음,2019-03-11 08:20:25
242760,The Forest,positive,지릴뻔,지릴 뻔,2019-03-11 07:47:57
242760,The Forest,positive,식인종 진히로인 게임,식인종 진 히로인 게임,2019-03-11 01:24:37
242760,The Forest,positive,밤이되면 사방에서 소리지르는 식인종들을 찾아가 손수 도끼로 죽음을 선사해주고 집주변에 다리와 팔을 걸어놔 경각심을 일깨워주며 섬에서 최강 포식자로서 군림하시면됩니다.,밤 이 되면 사방 에서 소리 지르는 식인종 들 을 찾아가 손수 도끼 로 죽음 을 선사 해주고 집 주변 에 다리 와 팔 을 걸어 놔 경 각심 을 일 깨워주며 섬 에서 최강 포식자 로서 군림 하시면 됩니다 .,2019-03-10 14:14:28
242760,The Forest,positive,식인종 잡는 식인종,식인종 잡는 식인종,2019-03-10 11:57:48
242760,The Forest,positive,loooooooooooooooooooool,loooooooooooooooooooool,2019-03-09 19:07:30
242760,The Forest,positive,my 배스트 Game Top 3,my 배스 트 Game Top 3,2019-03-09 19:05:53
242760,The Forest,positive,우웩,우웩,2019-03-09 11:09:34
242760,The Forest,positive,식인종과 싸바싸바하는 행복한 게임,식인종 과 싸 바 싸 바하 는 행복한 게임,2019-03-09 00:59:34
242760,The Forest,positive,처음엔 식인종친구들이 무섭지만 카타나를들면....(:,처음 엔 식인종 친구 들 이 무섭지만 카타나 를 들면 ....(:,2019-03-08 20:50:34
242760,The Forest,positive,그래픽이 엄청 좋아요 ㅋㅋㅋㅋㅋㅋ 동굴에서 거미같은 애 달려오는데 토나올뻔.. 무섭기도하고 그래픽이 너무 좋으니까 피 가 오우야... 생존게임 좋아한다면 이게임 추천해요 ㅋㅋㅋㅋㅋㅋㅋ 친구랑하면 엄청 재밌고 시간 도둑 게임 입니다~ 식량도 찾고 배도 만들고 집도 짓고 .. 할게 엄청많더라구요 ㅋㅋㅋㅋㅋ 화살 쏘기 엄청어려움..,그래픽 이 엄청 좋아요 ㅋㅋㅋㅋㅋㅋ 동굴 에서 거미 같은 애 달려오는데 토나올 뻔 .. 무섭 기도 하고 그래픽 이 너무 좋으니까 피 가 오우야 ... 생존 게임 좋아한다면 이 게임 추천 해요 ㅋㅋㅋㅋㅋㅋㅋ 친구 랑 하면 엄청 재밌고 시간 도둑 게임 입니다 ~ 식량 도 찾고 배도 만들고 집도 짓고 .. 할게 엄청 많더라구요 ㅋㅋㅋㅋㅋ 화살 쏘기 엄청 어려움 ..,2019-03-08 03:25:49
242760,The Forest,positive,충격)원주민들의 섬에 무단침입해서 귀농을 하는 미친 사람이 있다?!,충격 ) 원주민 들 의 섬 에 무단 침입 해서 귀농 을 하는 미친 사람 이 있다 ?!,2019-03-07 00:54:13
242760,The Forest,positive,걍 좋음,걍 좋음,2019-03-06 16:26:20
242760,The Forest,positive,"혼자 해도 나쁘진 않지만 친구와 하면 재미있는 게임, 식인종들을 피해 건축하고 쉘터를 구축하는게 즐겁다. 마크나 돈스타브같은 생존 크래프팅 멀티 게임이지만 공략을 모르고 하면 훨씬 공포스럽습니다.","혼자 해도 나쁘진 않지만 친구 와 하면 재미있는 게임 , 식인종 들 을 피해 건축 하고 쉘터 를 구축 하는게 즐겁다 . 마크 나 돈스 타 브 같은 생존 크 래프팅 멀티 게임 이지만 공략 을 모르고 하면 훨씬 공포 스럽습니다 .",2019-03-06 13:58:00
242760,The Forest,positive,오늘도~ 몸에좋은~ 고무장갑 고무장화~ 모닥불에 싹싹구워~ 냠냠쩝쩝 먹어볼까~,오늘 도 ~ 몸 에 좋은 ~ 고무장갑 고무장화 ~ 모닥불 에 싹싹 구워 ~ 냠냠 쩝쩝 먹어 볼까 ~,2019-03-05 10:54:50
242760,The Forest,positive,재미남,재미 남,2019-03-05 00:49:51
242760,The Forest,positive,재밌어요,재밌어요,2019-03-04 23:38:02
242760,The Forest,positive,존나 좋쿤,존나 좋쿤,2019-03-04 19:02:21
242760,The Forest,positive,ㅋㅋ 너구리 시체 후려패면 소다랑 초코바줌,ㅋㅋ 너구리 시체 후려 패 면 소 다 랑 초코 바줌,2019-03-03 01:42:35
242760,The Forest,positive,재밋노 ^오^ O,재밋노 ^ 오 ^ O,2019-03-03 01:13:28
242760,The Forest,positive,처음에는 식인종이 무서웠습니다. 저를 향해 붉은 눈빛으로 광기 어린 속도로 달려드는 그 존재에 저는 두려움을 느꼈습니다. 하지만 깨달았습니다. 식인종은 저들이 아니라 나라는 것을. 식인종은 이제 제게 고기로만 보입니다. 식인종이 없으면 살 수가 없습니다. 제작자는 식인종의 숫자를 늘려 주십시오. 그래야 내가 배불리 생존할 것입니다.,처음 에는 식인종 이 무서웠습니다 . 저 를 향 해 붉은 눈빛 으로 광기 어린 속도 로 달려드는 그 존재 에 저 는 두려움 을 느꼈습니다 . 하지만 깨 달았습니다 . 식인종 은 저 들 이 아니라 나라 는 것 을 . 식인종 은 이제 제 게 고기 로만 보입니다 . 식인종 이 없으면 살 수가 없습니다 . 제작자 는 식인종 의 숫자 를 늘려 주 십 시오 . 그 래야 내 가 배 불리 생존 할 것 입니다 .,2019-03-02 13:57:29
242760,The Forest,positive,더포레스트 멀티가중독성있네요 사람들과협동하고 근대 단점 체팅을칠떼 한국어로 하면 뛰어쓰기 를해야하는겁니다 그레도 👍,더 포레스트 멀티 가 중독 성 있네요 사람 들 과 협동 하고 근대 단점 체팅 을 칠 떼 한국어 로 하면 뛰어 쓰기 를 해야하는 겁니다 그레 도 👍,2019-03-02 13:02:53
242760,The Forest,positive,친구랑 하면 재밌음 혼자하면 무서운건 둘째치고 재미없음 방송용으론 쓸만하겠지만 혼자 즐기는 용으로는 그닥인듯 같이 할 친구가 있다면 추천함,친구 랑 하면 재밌음 혼자 하면 무서운건 둘째 치고 재미없음 방송 용 으론 쓸만 하겠지만 혼자 즐기는 용 으로는 그 닥 인 듯 같이 할 친구 가 있다면 추천 함,2019-03-01 04:51:40
242760,The Forest,positive,게임소리가안들려요~~!!!,게임 소리 가안 들려요 ~~!!!,2019-02-28 21:22:35
242760,The Forest,positive,잼남,잼남,2019-02-28 20:59:17
242760,The Forest,positive,식인종의 섬에 불시착하여 식인종들과 싸우는 식인종 게임,식인종 의 섬 에 불시 착하여 식인종 들 과 싸우는 식인종 게임,2019-02-27 16:11:48
242760,The Forest,positive,고기! 고기고기,고기 ! 고기 고기,2019-02-27 07:42:57
242760,The Forest,positive,●더 포레스트● ---{Graphics}--- ○ 기가막힘 ● 아름다움 ○ 괜찮음 ○ 어지간함 ○ 봐줄만 함 ○ 별로임 ○ 끔찍함 ○ 특색있음 ---{Gameplay}--- ○ 중독되지 않게 조심 ●굉장히 좋음 ● 좋음 ○ 평범함 ○ 음.. ○ 별로임 ○ 끔찍함 ---{Audio}--- ○ 하으읏 ● 굉장히 좋음 ○ 좋음 ○ 어지간함 ○ 크게 나쁘지 않음 ○ 나쁨 ○ 귀갱 ---{PC Requirements}--- ○ 계산기 구동만 가능하면 됨 ○ 좋지 않아도 됨 ● 어지간해야함 ● 빨라야함 ○ 존나 좋아야함 ---{,● 더 포레스트 ● ---{ Graphics }--- ○ 기 가 막힘 ● 아름다 움 ○ 괜찮음 ○ 어지간함 ○ 봐줄만 함 ○ 별로 임 ○ 끔찍함 ○ 특색 있음 ---{ Gameplay }--- ○ 중독 되지 않게 조심 ● 굉장히 좋음 ● 좋음 ○ 평범함 ○ 음 .. ○ 별로 임 ○ 끔찍함 ---{ Audio }--- ○ 하으읏 ● 굉장히 좋음 ○ 좋음 ○ 어지간함 ○ 크게 나쁘지 않음 ○ 나쁨 ○ 귀 갱 ---{ PC Requirements }--- ○ 계산기 구동 만 가능하면 됨 ○ 좋지 않아도 됨 ● 어지간해야 함 ● 빨라 야함 ○ 존나 좋아야 함 ---{,2019-02-26 22:03:00
242760,The Forest,positive,갓겜,갓 겜,2019-02-26 16:37:59
242760,The Forest,positive,강 추 ^>^,강 추 ^>^,2019-02-26 01:06:37
242760,The Forest,positive,???:자..이제 누가 식인종이지?,???: 자 .. 이제 누가 식인종 이지 ?,2019-02-25 22:47:53
242760,The Forest,positive,"쉽게 말해 실사판 마인크래프트이지만 그래픽차이는 엄청나고 공포게임인 만큼 처음에 식인종 하나가 무서워서 튀지만 나중에는 카타나 들고 찾으러가는 나를 볼 수 있는 게임이다. 스토리는 정말 완벽하다. 엔딩을 보면 여운이 남아 또 하고 앉아 있는 나를 볼 수 있다. 그래도 변이체랑 동굴은 아무리 돌아다녀도 쫄린다. 혼자 깨지말고 친구들에게 게임을 사도록 유도하고 3,4명정도 멀티하면 금방깰수 잇다. (고인물아니면 혼자는 노말도 무리..)","쉽게 말 해 실사판 마인크래프트 이지만 그래픽 차이는 엄청나고 공포 게임 인 만큼 처음 에 식인종 하나 가 무서워서 튀지만 나중 에는 카타나 들고 찾으러 가는 나를 볼 수 있는 게임 이다 . 스토리 는 정말 완벽하다 . 엔딩 을 보면 여운 이 남아 또 하고 앉아 있는 나를 볼 수 있다 . 그래도 변이체 랑 동굴 은 아무리 돌아다녀도 쫄 린다 . 혼자 깨지말고 친구 들 에게 게임 을 사 도록 유도 하고 3 , 4 명정 도 멀티 하면 금방 깰수 잇다 . ( 고 인물 아니면 혼자 는 노말 도 무리 ..)",2019-02-24 02:12:45
242760,The Forest,positive,나 40시간동안 나무만 캤는데 이거 아들래미 구하는건지 첨암 맵에있는 4분의1 지역 나무 싹다 캤음 나무캐는 겜임 ㅇㅇ 잼남,나 40시간 동안 나무 만 캤는데 이 거 아들 래미 구 하는 건지 첨 암 맵 에 있는 4분 의 1 지역 나무 싹 다 캤음 나무 캐는 겜임 ㅇㅇ 잼남,2019-02-23 21:27:49
242760,The Forest,positive,끼에에에엙!!!! 꾸웨에이에엙!!!!!!!,끼에에에엙 !!!! 꾸웨에이에엙 !!!!!!!,2019-02-23 14:44:36
242760,The Forest,positive,엔딩보고 나니까 좀 허전하다 근데 게임하는 내내 재미는 있었음 동굴 내려갈 때는 영화 디센트를 게임화한거 같음,엔딩 보고 나 니까 좀 허전하다 근데 게임 하는 내내 재미 는 있었음 동굴 내려갈 때 는 영화 디센트 를 게임 화한거 같음,2019-02-23 11:23:31
242760,The Forest,positive,하면 할수록 단계가 진화하는 기분이라 재미 없어지는게 아니라 재미있어 지내요 ^^,하면 할수록 단계 가 진화 하는 기분 이라 재미 없어지는게 아니라 재미있어 지내요 ^^,2019-02-23 10:38:40
242760,The Forest,positive,생존게임 보다는 건축게임 같지만 재미있으니 괞찬습니다 :) 친구랑 집을 지으면서 놀아보세요,생존 게임 보다는 건축 게임 같지만 재미있으니 괞 찬습니다 :) 친구 랑 집 을 지으면서 놀아 보세요,2019-02-23 04:25:08
242760,The Forest,positive,식인종 처음 만났을때: 플레이어:당신은 누구요? 식인종: 나 식인종이다 오늘 너를 단죄하러 왔다 (쳐맞고 동굴로...) 후반에: 걸어다니는 고기:당신은 누구요? 플레이어: 나 티미아빠다 오늘 너를 단죄하러 왔다 (고기를 획득했다!),식인종 처음 만났을 때 : 플레이어 : 당신 은 누구 요 ? 식인종 : 나 식인종 이다 오늘 너 를 단죄 하러 왔다 ( 쳐 맞고 동굴 로 ...) 후반 에 : 걸어 다니는 고기 : 당신 은 누구 요 ? 플레이어 : 나 티 미아 빠다 오늘 너 를 단죄 하러 왔다 ( 고기 를 획득 했다 !),2019-02-21 16:21:59
242760,The Forest,positive,혼자하면 노잼일거같은데 아는놈들끼리 멀티하면 ㄹ ㅇ 개 꿀 잼,혼자 하면 노잼 일거 같은데 아는 놈 들 끼리 멀티 하면 ㄹ ㅇ 개 꿀 잼,2019-02-20 23:56:13
242760,The Forest,positive,누가 식인종인지...,누가 식인종 인지 ...,2019-02-20 09:00:38
242760,The Forest,positive,최소 2~3명이상 지인들끼리 즐기면 정말 재미있는게임! 혼자하면 너무 외로운게임 ㅠ,최소 2~3 명 이상 지인 들 끼리 즐기면 정말 재미있는 게임 ! 혼자 하면 너무 외로운 게임 ㅠ,2019-02-19 23:33:57
242760,The Forest,positive,이 게임은 사람을 전투민족으로 만들어준다,이 게임 은 사람 을 전투 민족 으로 만 들어준다,2019-02-19 18:15:02
242760,The Forest,positive,친구랑 같이 하면 너무너무 재미있어요 아들 찾는건 뒷전이고 템파밍과 집짓기에 열중하게 되는 게임... 처음에는 식인종 너무 무서웠는데 나중에는 알아서 찾아오는 먹잇감 취급입니다,친구 랑 같이 하면 너무 너무 재미있어요 아들 찾는건 뒷전 이고 템 파밍 과 집짓기 에 열중 하게 되는 게임 ... 처음 에는 식인종 너무 무서웠는데 나중 에는 알아서 찾아오는 먹잇감 취급 입니다,2019-02-19 13:56:18
242760,The Forest,positive,너무어려워요,너무 어려워요,2019-02-18 22:23:08
242760,The Forest,positive,친구랑 멀티하기 좋은게임 친구들이 많을 수록 재밌는 게임 무기 찾는 게임도 쏠쏠하고 뉴비 떄 식인종 무서워하다가 좀하다보면 식인종이 밥이 되는 게임,친구 랑 멀티 하기 좋은 게임 친구 들 이 많을 수록 재밌는 게임 무기 찾는 게임 도 쏠쏠하고 뉴비 떄 식인종 무서워하다가 좀 하다 보면 식인종 이 밥 이 되는 게임,2019-02-16 19:24:50
242760,The Forest,positive,고어하다~,고어 하다 ~,2019-02-16 18:17:00
242760,The Forest,positive,이거 호스트응답 없음 다른친구 다 안뜨는데 나만 왜 뜨는거?,이 거 호스트 응답 없음 다른 친구 다 안 뜨는데 나 만 왜 뜨는거 ?,2019-02-15 00:23:25
242760,The Forest,positive,멀티만 해도 본전은 뽑는겁니다,멀티 만 해도 본전 은 뽑는 겁니다,2019-02-14 20:15:55
242760,The Forest,positive,"아직 몇시간 안해봤지만 할만하다 일단 생존 호러 게임이기 때문에 나중에 익숙해지면 몰라도 초반이라 그런지 좀 무섭긴하다 식인종 자체가 무섭다기보다는 식인종의 사운드가 두렵달까 천둥 소리, 박쥐 소리 등 깜짝 놀래키는 요소가 있는데 아직까지 매번 놀란다 다만 엔딩을 금방 보는 게임인건지 일부로 엔딩을 미루는 사람들이 많다 스토리에 맞춰 진행을 한다기보다는 이것저것 건설하고 파밍하고 여기저기 탐험하는데에 중점을 두고 플레이하는 사람들이 대부분인듯 스토리를 보고 사려는 생각이면 집어치우는게 좋읃듯","아직 몇 시간 안 해봤지만 할 만하 다 일단 생존 호러 게임 이기 때문 에 나중 에 익숙해지면 몰라도 초반 이라 그런지 좀 무섭긴 하다 식인종 자체 가 무섭 다기 보다는 식인종 의 사운드 가 두렵 달까 천둥 소리 , 박쥐 소리 등 깜짝 놀래 키 는 요소 가 있는데 아직 까지 매번 놀란다 다만 엔딩 을 금방 보는 게임 인 건지 일부 로 엔딩 을 미루는 사람 들 이 많다 스토리 에 맞춰 진행 을 한 다기 보다는 이 것 저 것 건설 하고 파밍 하고 여기저기 탐험 하는데에 중점 을 두고 플레이 하는 사람 들 이 대부분 인 듯 스토리 를 보고 사려 는 생각 이면 집어치우는게 좋읃듯",2019-02-14 18:16:01
242760,The Forest,positive,묘 하게 재밌는데 불친절한 게임,묘 하게 재밌는데 불친절한 게임,2019-02-13 23:00:38
242760,The Forest,positive,식인종은 최고의 식량이죠!,식인종 은 최고 의 식량 이 죠 !,2019-02-13 21:16:57
242760,The Forest,positive,나무 깍는 노인,나무 깍 는 노인,2019-02-13 16:33:57
242760,The Forest,positive,친구랑 같이안하면 1시간만에 질림 그냥 거북이 등껍질타고 싱크홀 내려가면 개꿀잼이긴함,친구 랑 같이안하면 1시간 만에 질림 그냥 거북이 등 껍질 타고 싱크홀 내려가면 개꿀 잼이긴 함,2019-02-13 15:42:30
242760,The Forest,positive,자...이제 누가 식인종이지?,자 ... 이제 누가 식인종 이지 ?,2019-02-12 01:18:30
242760,The Forest,positive,너무 재밌어용 ~`,너무 재밌어용 ~`,2019-02-11 23:57:16
242760,The Forest,positive,"그저 동물들 사냥하고 식인종들과 싸우고 나무를 캐서 집짓는 다인용 마인크래프트 현실판에 불가한 게임인줄 알았는데 스토리에 집중하면 할수록 소름 돋는 갓겜,, 다만 혼자 하기엔 조금 난이도와 공포심이도는 게임","그저 동물 들 사냥 하고 식인종 들 과 싸우고 나무 를 캐서 집 짓는 다인 용 마인크래프트 현실 판 에 불가한 게임 인 줄 알았는데 스토리 에 집중 하면 할수록 소름 돋는 갓 겜 ,, 다만 혼자 하기엔 조금 난이도 와 공 포심 이도 는 게임",2019-02-11 19:41:09
242760,The Forest,positive,"실친, 게임친구 줄려고 (내꺼포함) 해서 이게임 3개를 산호구..","실친 , 게임 친구 줄려고 ( 내꺼 포함 ) 해서 이 게임 3 개 를 산 호구 ..",2019-02-11 16:41:22
242760,The Forest,positive,너무 갓겜이군요^^,너무 갓 겜 이군 요 ^^,2019-02-11 16:19:15
242760,The Forest,positive,이겜하면서 가장 반가운거 식인종,이 겜 하면서 가장 반가운거 식인종,2019-02-11 06:57:45
242760,The Forest,positive,구하라는 아들은 안구하고 집짓고 놀고잇음.. 보라는 엔딩은 안보고 요새짓고잇음.. 문앞에서 멀뚱멀뚱 한대 때려보겟다고 발악하는 좀비보며 헤헤헤 거리고잇음.. 분명 생존 호러 공포 고어 게임인데 나혼자 해피하우스 찍고잇음.. 아들아 언젠간 구하러 갈게 좀만 잇어바 땅값오른단다..,구하라 는 아들 은 안구 하고 집 짓고 놀고 잇음 .. 보라 는 엔딩 은 안보 고 요새 짓고 잇음 .. 문 앞 에서 멀뚱멀뚱 한 대 때려 보겟다고 발악 하는 좀비 보며 헤헤 헤 거리 고 잇음 .. 분명 생존 호러 공포 고어 게임 인데 나 혼자 해피 하우스 찍고 잇음 .. 아들 아 언 젠 간 구 하러 갈게 좀 만 잇어 바 땅값 오른단다 ..,2019-02-11 05:30:04
242760,The Forest,positive,"혼자했다면 무서워서 하룻밤도 못하겠지만, 여럿이서 해서 덜무섭고 할수있었습니다ㅠㅠ 무섭다면 같이~ 난이도를 낮춰서 해봐요~","혼자 했다면 무서워서 하룻밤 도 못 하겠지만 , 여럿 이서 해서 덜 무섭고 할수있었습니다 ㅠㅠ 무섭다면 같이 ~ 난이도 를 낮춰서 해봐요 ~",2019-02-11 03:57:36
242760,The Forest,positive,생존생존,생존 생존,2019-02-10 23:12:25
242760,The Forest,positive,친구들을 불러서 벌목을 시킵시다.,친구 들 을 불러서 벌목 을 시킵시다 .,2019-02-10 22:01:47
242760,The Forest,positive,초반엔 개쫄았다가 후반갈수록 좀비가 그래도 무섭다,초반 엔 개쫄았다 가 후반 갈수록 좀비 가 그래도 무섭다,2019-02-10 21:19:38
242760,The Forest,positive,새벽에 혼자하기 정말 좋은 게임 하다가 숨넘어가도 모를듯,새벽 에 혼자 하기 정말 좋은 게임 하다가 숨 넘어가도 모를듯,2019-02-10 20:18:32
242760,The Forest,positive,내가 식인종이 되감 기모찌,내 가 식인종 이 되 감 기모찌,2019-02-10 17:42:04
242760,The Forest,positive,"혼자 한다면 지루할 것 같지만 친구와 함께 플레이한다면 재밌습니다. 엔딩도 두가지가 있는 데 하나는 완전한 엔딩을 보는 것, 다른 하나는 계속 생존하기인데 엔딩을 보지 못한 분들은 그냥 생존을 택하시고 유튜브로 엔딩이 뭔지 구경하세요..","혼자 한다면 지루할 것 같지만 친구 와 함께 플레이 한다면 재밌습니다 . 엔딩 도 두 가지 가 있는 데 하나 는 완전한 엔딩 을 보는 것 , 다른 하나 는 계속 생존 하기인데 엔딩 을 보지 못 한 분 들 은 그냥 생존 을 택 하시고 유튜브 로 엔딩 이 뭔 지 구경 하세요 ..",2019-02-10 14:08:10
242760,The Forest,positive,Good.,Good .,2019-02-10 13:33:31
242760,The Forest,positive,노잼일줄알았는데 할수있는것도많고 친구랑하기 너무좋아요,노잼 일줄 알았는데 할수있는것도 많고 친구 랑 하기 너무 좋아요,2019-02-10 04:40:31
242760,The Forest,positive,이거 정말 갓겜입니다..,이 거 정말 갓 겜 입니다 ..,2019-02-10 04:19:38
242760,The Forest,positive,식인종 죽이기 갓겜,식인종 죽이기 갓 겜,2019-02-10 03:18:52
242760,The Forest,positive,처음엔 분명히 소름끼치는 게임이었는데 이젠 힐링게임이 되어버렸네요ㅋㅋㅋㅋㅋㅋㅋㅋㅋㅋㅋㅋㅋㅋㅋㅋ 이쯤되면 식인종들이 오히려 나를 슬슬 피할때도 된 것 같은뎈ㅋㅋㅋㅋ,처음 엔 분명히 소름끼치는 게임 이었는데 이 젠 힐링 게임 이 되어 버렸네요 ㅋㅋㅋㅋㅋㅋㅋㅋㅋㅋㅋㅋㅋㅋㅋㅋ 이쯤 되면 식인종 들 이 오히려 나를 슬슬 피 할 때 도 된 것 같은뎈 ㅋㅋㅋㅋ,2019-02-10 00:59:43
242760,The Forest,positive,친구랑 멀티를할려고 하는데 자꾸 호스트 연결이 안된다고 뜹니다 그래서 친구들띠리 계속 호스트를 바꾸어서 해봤는데도 계속뜨네요 이거 오류인가요 아니면 친구들다 인터넷이 안좋은건가요 정말 멀티하고싶은데 미치겠습니다,친구 랑 멀티 를 할려고 하는데 자꾸 호스트 연결 이 안된다고 뜹니다 그래서 친구 들 띠리 계속 호스트 를 바꾸어서 해봤는데도 계속 뜨네요 이 거 오류 인가요 아니면 친구 들 다 인터넷 이 안좋은 건가 요 정말 멀티 하고싶은데 미치겠습니다,2019-02-09 23:45:01
242760,The Forest,positive,친구들이랑 하기 좋은 게임,친구 들 이랑 하기 좋은 게임,2019-02-09 20:16:44
242760,The Forest,positive,언제 하든 쫄리고 무섭지만 재밌어요. 저는 겁쟁이라 꼭 친구랑 해요. 그냥 집 짓고 무인도에서 사는 컨셉도 재밌어요.. 근데 한 가지 거슬리는 건 업데이트 할 때마다 승무원 팬티가 잘 보이는 것 같아요. 이거 처음 샀을 때만 해도 어둡게 처리되어서 거의 신경 안 썼는데 업데이트 될 수록 카메라 시선이나 다리 각도가 너무 적나라해지는 거 같아여. 도대체 무슨 메세지를 주려고 그러는 건지 모르겠어요. 어떤 찌질이들이 그런 식으로 업데이트 해달라고 전화라도 했는지 궁금해져요.,언제 하든 쫄리 고 무섭지만 재밌어요 . 저 는 겁쟁이 라 꼭 친구 랑 해 요 . 그냥 집 짓고 무인도 에서 사는 컨셉 도 재밌어요 .. 근데 한 가지 거슬리는 건 업데이트 할 때 마다 승무원 팬티 가 잘 보이는 것 같아요 . 이 거 처음 샀을 때 만 해도 어둡게 처리 되어서 거의 신경 안 썼는데 업데이트 될 수록 카메라 시선 이나 다리 각도 가 너무 적나라해지는 거 같아여 . 도대체 무슨 메세지 를 주 려고 그러는 건지 모르겠어요 . 어떤 찌질 이 들 이 그런 식 으로 업데이트 해달라고 전화 라도 했는지 궁금해져요 .,2019-02-09 15:02:02
242760,The Forest,positive,굳 재밌어요,굳 재밌어요,2019-02-08 23:00:14
242760,The Forest,positive,포린이 인데 식인종 너무 무서워ㅠㅠ,포린 이 인데 식인종 너무 무서워 ㅠㅠ,2019-02-08 22:44:08
242760,The Forest,positive,우리의 식인종 친구들이 집들이을 많이와요,우리 의 식인종 친구 들 이 집 들이을 많이 와요,2019-02-08 19:02:36
242760,The Forest,positive,친구랑 같이 하면 재밌어요,친구 랑 같이 하면 재밌어요,2019-02-08 04:23:33
242760,The Forest,positive,친구가 맛있고 식인종이 친절해요.,친구 가 맛있고 식인종 이 친절해요 .,2019-02-07 22:46:44
242760,The Forest,positive,친구하고하면 뭔이상한 발과욕이섞여 난무한다 혼자해도 무섭고 둘이하면 더 무서운 이 생존...읍읍 아니 먹방게임을 해보기를바란다 자고일어나면 밥먹고 돌아다니다 밥먹는 이상한게임(물론 고기가 신인종고기임)하다보면 우리가 생존을 하러온건지 자연과살...읍읍을하러온건지모르는 게임 후반부에는 식인종이 불쌍해보인다 그리고 우리는말한다 밥이다,친구 하고하면 뭔 이상 한 발 과 욕 이 섞여 난무 한 다 혼자 해도 무섭고 둘이하면 더 무서운 이 생존 ... 읍읍 아니 먹방 게임 을 해보기를 바란다 자고 일어나면 밥 먹고 돌아다니다 밥 먹는 이상 한게임 ( 물론 고기 가 신인종 고기 임 ) 하다 보면 우리 가 생존 을 하러 온건 지 자연 과 살 ... 읍읍 을 하러 온건 지 모르는 게임 후반 부 에는 식인종 이 불쌍해 보인다 그리고 우리 는 말 한다 밥 이다,2019-02-07 21:45:02
242760,The Forest,positive,친구랑 하면 무지 재밌는 게임 공략안보고 카타나 찾아서 원주민들 뚜까패고 팔다리 구워먹는 재미를 가진 게임 약간 스트레스 풀 수 있고 매우 즐겁게 플레이 가능해서 좋았습니다.,친구 랑 하면 무지 재밌는 게임 공략 안보 고 카타나 찾아서 원주민 들 뚜 까 패 고 팔다리 구워 먹는 재미 를 가진 게임 약간 스트레스 풀 수 있고 매우 즐겁게 플레이 가능해서 좋았습니다 .,2019-02-07 17:12:32
242760,The Forest,positive,재미있긴하나 조금 어렵다,재미있긴하나 조금 어렵다,2019-02-07 14:30:33
242760,The Forest,positive,프로틴....,프로 틴 ....,2019-02-07 14:12:32
242760,The Forest,positive,구하라는 아들은 안 구하고 건축만 존나 하는 게임 아들아 아빠가 강남에 집 사서 갈테니까 식인종에게 조금만 뜯기고 있으렴,구하라 는 아들 은 안 구 하고 건축 만 존나 하는 게임 아들 아 아빠 가 강남 에 집 사서 갈테니까 식인종 에게 조금 만 뜯기고 있으렴,2019-02-07 13:22:37
242760,The Forest,positive,지미 지미를 찾아 보자꾸나,지미 지미 를 찾아 보자꾸나,2019-02-07 01:54:59
242760,The Forest,positive,생존하는게 너무 재밌었어 엔딩을 계속 미루었던 게임입니다.,생존 하는게 너무 재밌었어 엔딩 을 계속 미루었던 게임 입니다 .,2019-02-07 01:32:19
242760,The Forest,positive,"최고다. 게임성,중독성,스토리,그래픽 4마리토끼를 다 잡았다. 1위할만하다.","최고다 . 게임 성 , 중독 성 , 스토리 , 그래픽 4 마리 토끼 를 다 잡았다 . 1 위 할 만하 다 .",2019-02-07 01:22:48
242760,The Forest,positive,친구랑 처음에 이게뭐야 어리바리하던 내가 벌써 식인종10대1도 이기고 돌연변이 3대1도 이기면서 점점 고여가는 신호가 보이니 참 흐믓한 게임이다 요즘은 뉴비들 놀라는모습이 귀여워서 그 재미로 함 ㅎ,친구 랑 처음 에 이 게뭐 야 어리바리하던 내 가 벌써 식인종 10 대 1 도 이기 고 돌연변이 3 대 1 도 이기면서 점점 고 여가 는 신호 가 보이니 참 흐믓 한 게임 이다 요즘 은 뉴비 들 놀라는 모습 이 귀여워서 그 재미 로 함 ㅎ,2019-02-06 21:40:59
242760,The Forest,positive,"시간이 지나면 더욱 강해저서 오는 적들, 생존에 필요한 아이템 찾기, 참신한 스토리와 특정 엔딩후 추가 컨텐츠등등 공포게임이란걸 잊게 만들정도로 재미있었다. 무서운거 못하는분들도 추천","시간 이 지나면 더욱 강해 저서 오는 적 들 , 생존 에 필요한 아이템 찾기 , 참신한 스토리 와 특정 엔딩 후 추가 컨텐츠 등등 공포 게임 이란 걸 잊게 만들 정도 로 재미있었다 . 무서운거 못 하는 분 들 도 추천",2019-02-06 15:18:39
242760,The Forest,positive,처음에 식인종이 너무 무서워서 피하기만 하다가 어느새 식인종을 잡는 식인종이 되어버리더라구요 혼자하는 것 보다는 친구들과 함께 하는것이 훨씬 훠얼씬 재밌습니다 !! 생존 서바이벌 고어 크래프팅 요소들이 다 들어가있고 분위기도 좋습니다ㅎㅎ,처음 에 식인종 이 너무 무서워서 피하 기만 하다가 어느새 식인종 을 잡는 식인종 이 되어 버리더라구요 혼자 하는 것 보다는 친구 들 과 함께 하는것이 훨씬 훠 얼씬 재밌습니다 !! 생존 서바이벌 고어 크 래프팅 요소 들 이 다 들어가있고 분위기 도 좋습니다 ㅎㅎ,2019-02-05 20:21:35
242760,The Forest,positive,"그럿습니다 우리가 식인족입니다 돌연별이빼고 다 우리에 먹을것입니다 다리,손,물고기,독물...등등 어쩼든 우리가 제일강력합니다 우린 돌연벌이보다 강합니다 적극추천","그 럿습 니 다 우리 가 식인 족 입니다 돌연 별 이 빼 고 다 우리 에 먹을것 입니다 다리 , 손 , 물고기 , 독물 ... 등등 어쩼 든 우리 가 제일 강력합니다 우린 돌연 벌이 보다 강합니다 적극 추천",2019-02-05 18:49:23
242760,The Forest,positive,지금도 고쳐지지않은 버그가 몇몇 있지만 갓겜입니다. 한번하세요 두번하세요!,지금 도 고쳐지지 않은 버그 가 몇몇 있지만 갓 겜 입니다 . 한번 하세요 두 번하세요 !,2019-02-05 13:40:26
242760,The Forest,positive,딱히 이 게임에선 잘 필요가 없다. 차라리 밤샘 노동이 더 효율적이다.,딱히 이 게임 에선 잘 필요 가 없다 . 차라리 밤샘 노동 이 더 효율 적 이다 .,2019-02-05 12:30:04
242760,The Forest,positive,오늘도 평화로운 섬,오늘 도 평화로운 섬,2019-02-04 00:08:35
242760,The Forest,positive,하마 개무서워ㅓㅓㅓㅓㅓ,하마 개 무서워 ㅓㅓㅓㅓㅓ,2019-02-03 20:51:04
242760,The Forest,positive,식인종되는 게임,식인종 되는 게임,2019-02-03 16:41:39
242760,The Forest,positive,처음 구매할땐 한국어 지원없었지만 한국지원 해줬으니 너무 좋더라구요,처음 구매 할 땐 한국어 지원 없었지만 한국 지원 해줬으니 너무 좋더라구요,2019-02-02 12:46:01
242760,The Forest,positive,고인물의 힐링게임,고인 물의 힐링 게임,2019-02-01 23:52:12
242760,The Forest,positive,정말 이건 최적화 덩어리다...꽤 적은 용량에 이런그래픽에 게임자체도 재밌음 ㄷㄷ,정말 이건 최적화 덩어리 다 ... 꽤 적은 용량 에 이런 그래픽 에 게임 자체 도 재밌음 ㄷㄷ,2019-01-30 17:38:11
242760,The Forest,positive,아침에 일어나서-> 노동 점심에-> 노동 저녁에-> 노동,아침 에 일어나서 -> 노동 점심 에 -> 노동 저녁 에 -> 노동,2019-01-30 16:24:10
242760,The Forest,positive,"처음부터 하드서바이벌로 시작했다. 처음에는 그 무섭던 식인종이 얼마 지나자 반가운 식량이 되었다. 팔많은 괴물 뚱뚱한 괴물 다리많은 괴물 처음에는 덤빌 생각조차 안했는데 이제 심심해서 찾아다닌다. 갑옷은 만들지 마라 어차피 부서진다, 돌연변이 잡고 분홍이로 도배하자","처음 부터 하드 서바이벌 로 시작 했다 . 처음 에는 그 무섭던 식인종 이 얼마 지나자 반가운 식량 이 되었다 . 팔 많은 괴물 뚱뚱한 괴물 다리 많은 괴물 처음 에는 덤빌 생각 조차 안 했는데 이제 심심해서 찾아다닌다 . 갑옷 은 만들지 마라 어차피 부서진다 , 돌연변이 잡고 분홍 이 로 도배 하자",2019-01-30 08:22:22
242760,The Forest,positive,ㅅㅂ,ㅅㅂ,2019-01-29 18:24:14
242760,The Forest,positive,op,op,2019-01-29 04:32:59
242760,The Forest,positive,친구들과 하면 더할나위 없이 재밌는 게임. 구하라는 아들은 안 구하고 식인종 학살과 템파밍만 주구장창하며 요새를 짓고 있는 모습을 볼 수 있다. 얼루지 샛기들...,친구 들 과 하면 더할 나위 없이 재밌는 게임 . 구하라 는 아들 은 안 구 하고 식인종 학살 과 템 파밍 만 주 구 장창 하 며 요새 를 짓고 있는 모습 을 볼 수 있다 . 얼 루지 샛기들 ...,2019-01-29 01:55:06
242760,The Forest,positive,개에꿀제엠,개 에 꿀 제 엠,2019-01-28 00:39:36
242760,The Forest,positive,이겜 하면서 느낀 최종컨텐츠는 뉴비들 납치해다가 고립시킨 다음에 감시하는거임. 집 지어주고 심심하지말라고 가끔 식인종도 보내주고 개미집 관찰하는것처럼 하다보면 어느새 다같이 고여있음,이 겜 하면서 느낀 최종 컨텐츠 는 뉴비 들 납치 해다가 고립 시킨 다음 에 감시 하는거 임 . 집 지어주고 심심하지말라고 가끔 식인종 도 보내주고 개미 집 관찰 하는것처럼 하다 보면 어느새 다 같이 고여 있음,2019-01-27 18:25:40
242760,The Forest,positive,sh woa,sh woa,2019-01-27 15:02:28
242760,The Forest,positive,"역지사지 (易地思之)를 알려주는 교육적인 게임 저기에요! 저기 신선한 ""식량""이 뛰어오고 있어요!","역지 사지 ( 易地思之 ) 를 알려주는 교육 적 인 게임 저기 에요 ! 저기 신선한 "" 식량 "" 이 뛰어오고 있어요 !",2019-01-27 10:53:19
242760,The Forest,positive,처음엔 식인종들이 진짜 오질라게 무서웠다. 날이 지날수록 식인종을 쳐먹는 식인을 하는 식인종이된 나를 발견하게되었고 더나중에는 고기한점 안떨어트리는 돌연변이들이 미웠다 돌연변이는 잡아도 쓸모없다며 그냥 불화살 띡 하나 날린채로 뜨거워서 고통받는걸 보며 아 고기 언제마르지 배고픈데 쩝.하고있었다. 이게임은 .. 이게임은 식인종한테 도망치는게임이아니다 어떤식인종이 맛있는지 어떤 고기가 더빨리익는지 토끼보단 사람다리가 왜 더 맛있는지에 대해 탐구할수있는 .. 프로 인육강좌게임이다 그냥 .. 겉모습만보고 판단하지말라는 엄마아빠말이 이해되는,처음 엔 식인종 들 이 진짜 오 질라 게 무서웠다 . 날 이 지날수록 식인종 을 쳐 먹는 식인 을 하는 식인종 이 된 나를 발견 하게 되었고 더 나중 에는 고기 한 점 안 떨어 트리 는 돌연변이 들 이 미웠다 돌연변이 는 잡아도 쓸모없다며 그냥 불 화살 띡 하나 날린 채 로 뜨거워서 고통 받는걸 보며 아 고기 언 제 마르지 배고픈데 쩝 . 하고있었다 . 이 게임 은 .. 이 게임 은 식인종 한테 도망치는 게임 이 아니다 어떤 식인종 이 맛있는지 어떤 고기 가 더 빨리 익는지 토끼 보단 사람 다리 가 왜 더 맛있는지에 대해 탐구 할수있는 .. 프로 인육 강좌 게임 이다 그냥 .. 겉모습 만 보고 판단 하지말라는 엄마 아빠 말 이 이해 되는,2019-01-26 18:59:39
242760,The Forest,positive,친구랑 하기 좋은 게임,친구 랑 하기 좋은 게임,2019-01-26 17:34:52
242760,The Forest,positive,.,.,2019-01-26 14:54:18
242760,The Forest,positive,처음엔 식인종들이 진짜 오질라게 무서웠다. 날이 지날수록 식인종을 쳐먹는 식인을 하는 식인종이된 나를 발견하게되었고 더나중에는 고기한점 안떨어트리는 돌연변이들이 미웠다 돌연변이는 잡아도 쓸모없다며 그냥 불화살 띡 하나 날린채로 뜨거워서 고통받는걸 보며 아 고기 언제마르지 배고픈데 쩝.하고있었다. 이게임은 .. 이게임은 식인종한테 도망치는게임이아니다 어떤식인종이 맛있는지 어떤 고기가 더빨리익는지 토끼보단 사람다리가 왜 더 맛있는지에 대해 탐구할수있는 .. 프로 인육강좌게임이다 그냥 .. 겉모습만보고 판단하지말라는 엄마아빠말이 이해되는,처음 엔 식인종 들 이 진짜 오 질라 게 무서웠다 . 날 이 지날수록 식인종 을 쳐 먹는 식인 을 하는 식인종 이 된 나를 발견 하게 되었고 더 나중 에는 고기 한 점 안 떨어 트리 는 돌연변이 들 이 미웠다 돌연변이 는 잡아도 쓸모없다며 그냥 불 화살 띡 하나 날린 채 로 뜨거워서 고통 받는걸 보며 아 고기 언 제 마르지 배고픈데 쩝 . 하고있었다 . 이 게임 은 .. 이 게임 은 식인종 한테 도망치는 게임 이 아니다 어떤 식인종 이 맛있는지 어떤 고기 가 더 빨리 익는지 토끼 보단 사람 다리 가 왜 더 맛있는지에 대해 탐구 할수있는 .. 프로 인육 강좌 게임 이다 그냥 .. 겉모습 만 보고 판단 하지말라는 엄마 아빠 말 이 이해 되는,2019-01-26 07:46:46
242760,The Forest,positive,이게임 좀 고이면 ㅋㅋㅋㅋㅋㅋㅋ 브베됨 ㅋㅋㅋㅋㅋㅋㅋㅋㅋㅋㅋㅋㅋㅋㅋㅋㅋㅋㅋㅋㅋㅋㅋㅋㅋㅋㅋㅋㅋㅋㅋㅋㅋㅋㅋㅋㅋㅋㅋㅋㅋㅋㅋㅋㅋㅋㅋㅋㅋㅋㅋㅋㅋㅋㅋㅋㅋㅋㅋㅋㅋㅋㅋㅋㅋㅋㅋㅋㅋㅋㅋㅋㅋ 인육 파티 ㅋㅋㅋㅋㅋ,이 게임 좀 고이 면 ㅋㅋㅋㅋㅋㅋㅋ 브베 됨 ㅋㅋㅋㅋㅋㅋㅋㅋㅋㅋㅋㅋㅋㅋㅋㅋㅋㅋㅋㅋㅋㅋㅋㅋㅋㅋㅋㅋㅋㅋㅋㅋㅋㅋㅋㅋㅋㅋㅋㅋㅋㅋㅋㅋㅋㅋㅋㅋㅋㅋㅋㅋㅋㅋㅋㅋㅋㅋㅋㅋㅋㅋㅋㅋㅋㅋㅋㅋㅋㅋㅋㅋㅋ 인육 파티 ㅋㅋㅋㅋㅋ,2019-01-26 07:13:31
242760,The Forest,positive,엔딩 안보고 마인크래프트만 하는 유저는 저뿐인가요?,엔딩 안보 고 마인크래프트 만 하는 유저 는 저 뿐 인가요 ?,2019-01-25 16:46:48
242760,The Forest,positive,도데체 얼마나 많은 비행기가 이 섬으로 추락하였길레 캐리어 가방이 수도 없이 나오는 것인가.,도데 체 얼마나 많은 비행기 가 이 섬 으로 추락 하였길 레 캐리어 가방 이 수도 없이 나오는 것 인가 .,2019-01-24 21:18:03
242760,The Forest,positive,님들 이거 유튜브 보고 사려는 거면 고민좀 해보셈 유튜버들은 동굴 숙숙 들어가고 다 능숙하게 하는데 이거 실제로는 ㅈㄴ무서움 카타나도 ㅈㄴ 똥꼬쇼하면서 겨우겨우 구하고 별 ㅈㄹ을 다 하고 개 무서우니까 담력 좋은사람한텐 쉬울듯 그래도 게임 자체는 재밌음,님들 이 거 유튜브 보고 사려 는 거 면 고민 좀 해보셈 유튜버들 은 동굴 숙숙 들어가고 다 능숙하게 하는데 이 거 실제 로는 ㅈㄴ 무서움 카타나 도 ㅈㄴ 똥꼬 쇼 하면서 겨우 겨우 구 하고 별 ㅈㄹ 을 다 하고 개 무서우니까 담력 좋은 사람 한텐 쉬울듯 그래도 게임 자체 는 재밌음,2019-01-24 12:33:34
242760,The Forest,positive,친구 있어야 재밌는 게임,친구 있어야 재밌는 게임,2019-01-24 03:00:33
242760,The Forest,positive,아들 찾으러 왔다가 이웃집 친절한 원주민의 신선한 허벅지살을 뜯어먹으면서 콧노래를 부르고 있다보면 이 게임의 참 맛을 알수 있게 된다. 근데 눈이 너무 아픔,아들 찾으러 왔다가 이웃집 친절한 원주민 의 신선한 허벅지 살 을 뜯어 먹으면서 콧노래 를 부르고 있다 보면 이 게임 의 참 맛 을 알수 있게 된다 . 근데 눈 이 너무 아픔,2019-01-23 21:50:48
242760,The Forest,positive,프레임 동굴 ㅓㅜㅑ 갓ㅡ겜,프레임 동굴 ㅓㅜㅑ 갓 ㅡ 겜,2019-01-23 10:58:39
242760,The Forest,positive,가격에 비해 용량에 비해 모든것이 다 가성비 이상 혜자수준을 넘어선 게임 혼자 하면 개 무섭지만 친구랑 하면 안 무서운 갓겜,가격 에 비해 용량 에 비해 모든 것 이 다 가성 비 이상 혜자 수준 을 넘어선 게임 혼자 하면 개 무섭지만 친구 랑 하면 안 무서운 갓 겜,2019-01-22 22:12:10
242760,The Forest,positive,점점 고여가는 내 모습에 뿌듯해진다... 하하,점점 고 여가 는 내 모습 에 뿌듯해진다 ... 하하,2019-01-22 07:47:20
242760,The Forest,positive,게임 이름이 The Forest가 아니라 The Cave였어야함,게임 이름 이 The Forest 가 아니라 The Cave 였어야 함,2019-01-21 20:47:55
242760,The Forest,positive,4인플했는데 잼났네용ㅇ,4 인 플 했는데 잼 났 네 용 ㅇ,2019-01-21 20:00:34
242760,The Forest,positive,"본격 미국 건국 스토리를 직접 해보는 기분. 개척자가 이렇게 힘든 겁니다. 식인종이 종말을 맞이 할때 쯤이면 여러분들은 이미 그 섬의 주인이 되신 겁니다. 여러분들은 이미 잠재적 개척가 이고, 섬의 귀인 입니다. 문명을 건설 하시고, 식인종들을 가가종 함정으로 몰아 넣어서 불 장난을 저질러 봅시다. 나중에 식인 종들이 독립을 선언 하거나, 파업 하게 된다 해도, 여러분들은 이미 1당 독재 체제를 기획 중인 군주 이기 때문에 총살을 하시던, 종신형을 선사 하시든, 사지를 절단 하시든 아무런 법적 책임을 지지 않으셔도 됩니다. 차피 그","본격 미국 건국 스토리 를 직접 해보는 기분 . 개척 자 가 이렇게 힘든 겁니다 . 식인종 이 종말 을 맞이 할 때 쯤 이 면 여러분 들 은 이미 그 섬 의 주인 이 되신 겁니다 . 여러분 들 은 이미 잠재 적 개척 가 이고 , 섬 의 귀인 입니다 . 문명 을 건설 하시고 , 식인종 들 을 가가 종 함정 으로 몰아 넣어서 불 장난 을 저질러 봅시다 . 나중 에 식인 종 들 이 독립 을 선언 하 거나 , 파업 하게 된다 해도 , 여러분 들 은 이미 1 당 독재 체제 를 기획 중인 군주 이기 때문 에 총살 을 하시던 , 종신형 을 선사 하시든 , 사지 를 절단 하시든 아무런 법적 책임 을 지지 않으셔도 됩니다 . 차피 그",2019-01-18 14:43:13
242760,The Forest,positive,이제 누가 식인종인지 모르겠다,이제 누가 식인종 인지 모르겠다,2019-01-18 14:28:51
242760,The Forest,positive,재미있긴 한데 엔딩 보면 할꺼없는 게임,재미있긴 한데 엔딩 보면 할꺼 없는 게임,2019-01-18 13:24:06
242760,The Forest,positive,ㅈ망겜,ㅈ 망겜,2019-01-16 21:14:19
242760,The Forest,positive,살인마랑 친구 가능한 겜,살인마 랑 친구 가능한 겜,2019-01-16 19:10:38
242760,The Forest,positive,ㄱㅇㄱㅇ,ㄱㅇㄱㅇ,2019-01-16 17:34:17
242760,The Forest,positive,빠져든다면 재미있는 게임 그래도 할인할때 사자,빠져든다면 재미있는 게임 그래도 할인 할 때 사자,2019-01-16 00:30:06
242760,The Forest,positive,갓겜임 탐험하는 재미도 있고 근대 제값주고 사는거보다 할인할때 친구들이랑 같이사서 플레이하는거 추천 혼자할라고 정가주고 사서 엔딩보면 생존겜 치고 플레이타임이 좀 짧아서 돈아까움,갓 겜임 탐험 하는 재미 도 있고 근대 제 값 주고 사는거보다 할인 할 때 친구 들 이랑 같이 사서 플레이 하는거 추천 혼자 할라고 정가 주고 사서 엔딩 보면 생존 겜 치고 플레이 타임 이 좀 짧아서 돈 아까 움,2019-01-14 18:20:56
242760,The Forest,positive,재미는 있지만 혼자좀 하다보면 질리는게임 친구랑 같이 하시길 추천합니다.,재미 는 있지만 혼자 좀 하다 보면 질리는 게임 친구 랑 같이 하시길 추천 합니다 .,2019-01-14 13:18:46
242760,The Forest,positive,초반에 무조건 카타나랑 전기톱 먹고 시작해야 하는 게임,초반 에 무조건 카타나 랑 전기톱 먹고 시작 해야 하는 게임,2019-01-13 21:11:13
242760,The Forest,positive,이게임은 재미있긴한데 버그가 드럽게 많아서 하기가 힘듬,이 게임 은 재미있긴한데 버그 가 드럽게 많아서 하기가 힘듬,2019-01-13 18:31:38
242760,The Forest,positive,중독성 굿!,중독 성 굿 !,2019-01-12 11:25:20
242760,The Forest,positive,옷 좀 입고 다니세요 아가씨 발련아,옷 좀 입고 다니세요 아가씨 발련 아,2019-01-12 00:03:52
242760,The Forest,positive,친구랑 하면서 밤이 되니깐 어두어 지길래 근처로 가서 꾸애애액 하니깐 친구가 심장마비로 뒤질수 있는 갓겜,친구 랑 하면서 밤 이 되니깐 어두어 지길래 근처 로 가서 꾸 애 애액 하 니깐 친구 가 심장마비 로 뒤질수 있는 갓 겜,2019-01-11 22:45:47
242760,The Forest,positive,plz fix the error of input lag others not bad but hard for playing even I had a high end computer,plz fix the error of input lag others not bad but hard for playing even I had a high end computer,2019-01-11 14:10:59
242760,The Forest,positive,"맨처음 외딴섬에 도착하면 원주민이 먼저 친절하게 다가와 말을 걸지만, 언어가 달라서 대화가 안통해 초반에 좀 답답하죠. 그래도 한번 원주민이랑 이빨까기 시작하면 시간 금방 보낼수 있으니 추천! p.s 이빨깐거 붙이면 마빡도 깔수있음!","맨 처음 외딴섬 에 도착 하면 원주민 이 먼저 친절하게 다가와 말 을 걸 지만 , 언어 가 달라 서 대화 가 안 통해 초반 에 좀 답답하죠 . 그래도 한번 원주민 이랑 이빨 까기 시작 하면 시간 금방 보낼수 있으니 추천 ! p . s 이빨 깐거 붙이 면 마빡 도 깔수있음 !",2019-01-11 06:00:11
242760,The Forest,positive,본격 식인종 시뮬레이터,본격 식인종 시뮬레이터,2019-01-10 20:23:52
242760,The Forest,positive,친구없으면 재미가 없음 친구가 있어야 비로소 되는 게임~,친구 없으면 재미 가 없음 친구 가 있어야 비로소 되는 게임 ~,2019-01-10 17:29:02
242760,The Forest,positive,행글라이더가 안타지는데 이오류 고쳐주세요,행글라이더 가 안 타지는데 이 오류 고쳐주세요,2019-01-09 10:12:23
242760,The Forest,positive,너무 재밋는데 동굴밝기좀 더 높여주시면 안대나여 그 돌연변이때문에 심장마비로 죽을거같아요,너무 재밋는데 동굴 밝기 좀 더 높여주시면 안대 나 여 그 돌연변이 때문 에 심장마비 로 죽을거 같아요,2019-01-08 23:27:27
242760,The Forest,positive,친구랑 같이하면 재밌는게임인데.. 저장이 자꾸 안댐;; 그래도 재밌으니까 추천함,친구 랑 같이 하면 재밌는 게임 인데 .. 저장 이 자꾸 안 댐 ;; 그래도 재밌으니까 추천 함,2019-01-08 15:06:50
242760,The Forest,positive,식인종 미안해. 학살하고 다녀서 미안해..!!!,식인종 미안해 . 학살 하고 다녀서 미안해 ..!!!,2019-01-07 22:29:36
242760,The Forest,positive,친구들이랑 하면 재미있다 근데 진짜 멀미가 토나오게 난다.. 1시간하다가 진짜 농담아니고 진짜 토할뻔 익숙해지면 그나마 괜찮다고 어느날 갑자기 또 토할거 같다 멀미 오는거마냥 속이 울렁거리고 욱욱하면서 하는게임 근데 친구들이랑 하면 재미있긴하다 그치만 한 1~3달이면 질림,친구 들 이랑 하면 재미있다 근데 진짜 멀미 가 토나오게 난다 .. 1시간 하다가 진짜 농담 아니고 진짜 토 할 뻔 익숙해지면 그나마 괜찮다고 어느 날 갑자기 또 토 할거 같다 멀미 오는 거마 냥 속이 울렁거리고 욱욱 하면서 하는 게임 근데 친구 들 이랑 하면 재미있긴하다 그치만 한 1~3 달이 면 질림,2019-01-07 04:30:16
242760,The Forest,positive,예전 한창 플레이할때 개같은 팅김버그 때문에 빡쳐서 비추천을 줬었음 겜 자체는 매우 재밌게 했음. 고로 시일이 좀 지나긴 했지만 평가를 수정함 친구랑 같이 하는걸 추천함,예전 한창 플레이 할 때 개 같은 팅김 버그 때문 에 빡쳐서 비 추천 을 줬었음 겜 자체 는 매우 재밌게 했음 . 고로 시일 이 좀 지나긴 했지만 평가 를 수정 함 친구 랑 같이 하 는걸 추천 함,2019-01-06 23:08:03
242760,The Forest,positive,아직 플레이는 많이 안 해봤지만 갓겜 느낌이 듬..,아직 플레이 는 많이 안 해봤지만 갓 겜 느낌 이 듬 ..,2019-01-06 00:36:28
242760,The Forest,positive,친구랑 하니까 너무 재밌다 ㅎㅎ,친구 랑 하니까 너무 재밌다 ㅎㅎ,2019-01-05 23:52:31
242760,The Forest,positive,그래픽이랑 현실성이 매우 잘 나타나있구 진짜 완벽한 생존게임이올시다!,그래픽 이랑 현실 성 이 매우 잘 나타나있구 진짜 완벽한 생존 게임 이 올시다 !,2019-01-04 23:14:56
242760,The Forest,positive,"70시간 정도 한 뉴비의 평. 장점 적절한 탐험(은근 동굴 캄캄해서 긴장됨) 적당한 생존 시뮬(집, 사냥, 웨이브 삼위일체) 뉴비도 금방 적응할 수 있는 가이드(가이드뿐만 아니라 공략 영상 등 다양함.) 단점 코옵에서 모드(치트) 남발 및 테러(제발 모드 쓸 거면 치트 관련은 처 빼라 새끼들아;) 약간 부족한 콘텐츠(초반엔 괜찮지만 후반 가면 엔딩이랑 웨이브 유물 말곤 현타 옴) -후기- 다른 거 필요 없고 코옵 돌려서 하면 더 욱 좋지만 대부분 모드러들이 들오는 게 함정 처음 질문도 ""님 ""땡땡""뽑아 주세요, 또는 님","70시간 정도 한 뉴비 의 평 . 장점 적절한 탐험 ( 은근 동굴 캄캄해서 긴장 됨 ) 적당한 생존 시뮬 ( 집 , 사냥 , 웨이브 삼위일체 ) 뉴비 도 금방 적응할 수 있는 가이드 ( 가이드 뿐 만 아니라 공략 영상 등 다양함 .) 단점 코옵 에서 모드 ( 치트 ) 남발 및 테러 ( 제발 모드 쓸 거 면 치트 관련 은 처 빼 라 새끼 들 아 ;) 약간 부족한 콘텐츠 ( 초반 엔 괜찮지만 후반 가면 엔딩 이랑 웨이브 유물 말곤 현 타 옴 ) - 후기 - 다른 거 필요 없고 코옵 돌려서 하면 더 욱 좋지만 대부분 모 드러 들이 들오는 게 함정 처음 질문 도 "" 님 "" 땡땡 "" 뽑아 주세요 , 또는 님",2019-01-04 13:28:16
242760,The Forest,positive,good,good,2019-01-04 10:47:52
242760,The Forest,positive,건축하는 맛이 일품. 공포게임장르인데 중반 넘어갈수록 무섭지않음 친구들이랑 같이하면 오래할 수 있는 게임. 패치할때마다 다시 찾아와서 같이 게임하고 있음,건축 하는 맛 이 일품 . 공포 게임장르 인데 중반 넘어갈수록 무섭지 않음 친구 들 이랑 같이 하면 오래 할 수 있는 게임 . 패치 할 때 마다 다시 찾아와서 같이 게임 하고 있음,2019-01-04 09:59:45
242760,The Forest,positive,친구들 덕에 시작하자마자 엔딩봤어요 ㅋㅋ 애들이 거의 다 한 상태로 몸만 들어간거라 탈출 보고 세이브로 정착엔딩까지 두개 엔딩 하루만에 봤네요.. 제가 한건 없었지만 재밌었어요,친구 들 덕 에 시작 하 자마자 엔딩 봤어요 ㅋㅋ 애 들 이 거의 다 한 상태 로 몸 만 들어간거라 탈출 보고 세이브 로 정착 엔딩 까지 두 개 엔딩 하루 만에 봤네요 .. 제 가 한 건 없었지만 재밌었어요,2019-01-03 23:14:57
242760,The Forest,positive,이거 엄청 잼씀,이 거 엄청 잼 씀,2019-01-03 19:51:44
242760,The Forest,positive,그냥 친구색기들이랑 하면 존나 재밌다,그냥 친구 색기 들 이랑 하면 존나 재밌다,2019-01-03 16:55:46
242760,The Forest,positive,재미있음,재미있음,2019-01-03 15:23:01
242760,The Forest,positive,식인종들이 귀여움,식인종 들 이 귀 여 움,2019-01-02 23:49:24
242760,The Forest,positive,힐 링,힐 링,2019-01-02 22:19:59
242760,The Forest,positive,서바이벌 스토리 모두 만족합니다 재밌네요^^,서바이벌 스토리 모두 만족합니다 재밌네요 ^^,2019-01-02 22:10:11
242760,The Forest,positive,:),:),2019-01-02 21:48:27
242760,The Forest,positive,재밌는 게임입니다...하지만 싱글플레이하면 재미없어지는 그럼 게임..?(처음에 약간 맛보기로 혼자 해봄),재밌는 게임 입니다 ... 하지만 싱글플레이 하면 재미없어지는 그럼 게임 ..?( 처음 에 약간 맛보기 로 혼자 해봄 ),2019-01-02 20:19:27
242760,The Forest,positive,노트북에서도 잘돌아가는 게임,노트북 에서도 잘 돌아가는 게임,2019-01-02 19:53:49
242760,The Forest,positive,누가 나쁜놈인가,누가 나쁜 놈 인가,2019-01-02 14:11:50
242760,The Forest,positive,친구들이랑 해야되는데 친구들이 이걸 안삼,친구 들 이랑 해야 되는데 친구 들 이 이 걸 안 삼,2019-01-01 22:38:57
242760,The Forest,positive,도끼를 양손에 꼭 쥔다음 너도 소리지르며 앞으로 달려가라,도끼 를 양 손 에 꼭 쥔다음 너 도 소리 지르며 앞 으로 달려가라,2019-01-01 21:12:04
242760,The Forest,positive,아직도 식인종이 무서움,아직도 식인종 이 무서움,2019-01-01 20:52:59
242760,The Forest,positive,왜 자꾸 저장해놓은게 사라지는거죠..? 저장해놓고 끈다음날에 다시 들어갔는데 계속 신규로 되네요 게임을 끄면안되는건가 짜증나네 게임참여 해서 아는사람들이랑 하는데 저장해놓고 게임나갓다오면 그건 되는데 게임 자체를 껏다가 다시 들어가면 저장된게 사라지는데 혹시 아시는분 알려주세요,왜 자꾸 저장 해놓 은 게 사라지는거죠 ..? 저장 해놓고 끈다음 날 에 다시 들어갔는데 계속 신규 로 되네요 게임 을 끄면 안되는 건가 짜증나네 게임 참여 해서 아는 사람 들 이랑 하는데 저장 해놓고 게임 나 갓 다오 면 그건 되는데 게임 자체 를 껏 다가 다시 들어가면 저장 된게 사라지는데 혹시 아시 는 분 알려주세요,2019-01-01 20:31:15
242760,The Forest,positive,쫄보는 치트 없으면 못하는 게임,쫄보 는 치트 없으면 못 하는 게임,2019-01-01 07:06:49
242760,The Forest,positive,4학년떄 생각나는 게임,4 학년 떄 생각나는 게임,2018-12-31 23:49:13
242760,The Forest,positive,식인종이 나오는 게임이지만 식인종이 사람을 먹는 장면은 어디에도 없고 허기진 배를 채우기 위해 식인종의 팔다리를 분리하는 묵묵한 플레이어의 모습만을 볼 수 있다,식인종 이 나오는 게임 이지만 식인종 이 사람 을 먹는 장면 은 어디 에도 없고 허기진 배 를 채우기 위해 식인종 의 팔다리 를 분리 하는 묵묵한 플레이어 의 모습 만을 볼 수 있다,2018-12-30 23:59:16
242760,The Forest,positive,일반 난이도에서는 내가 식인종이 돼서 건물짓고 노는 게임이다가 하드부터는 정말 눈에 불켜고 동물들 수렵하러 다닐지 극약처방으로 식인종을 먹을지 고민하게 되는 게임,일반 난이도 에서는 내 가 식인종 이 돼서 건물 짓고 노 는 게임 이 다가 하드 부터는 정말 눈 에 불 켜고 동물 들 수렵 하러 다닐지 극 약 처방 으로 식인종 을 먹을지 고민 하게 되는 게임,2018-12-30 11:15:33
242760,The Forest,positive,내가 이게임 하면서 그냥 비명소리가 들리면 하던것도 멈추고 그냥 도망쳤다.,내 가 이 게임 하면서 그냥 비명 소리 가 들리면 하던것도 멈추고 그냥 도망쳤다 .,2018-12-30 01:50:08
242760,The Forest,positive,"요새 거의 안하다가 다시 하니깐 재미있고, 업데이트가 되면서 행글라이더(?) 가 추가되면서 하늘을 날 수 있어서 좋음. 계속 업데이트 되면 좋을 것 같음.","요새 거의 안 하다가 다시 하 니깐 재미있고 , 업데이트 가 되면서 행글라이더 (?) 가 추가 되면서 하늘 을 날 수 있어서 좋음 . 계속 업데이트 되면 좋을 것 같음 .",2018-12-30 00:24:21
242760,The Forest,positive,굶어 죽게생겻네,굶어 죽게생겻 네,2018-12-29 21:15:34
242760,The Forest,positive,제미있습니다.,제 미있습니다 .,2018-12-29 11:27:35
242760,The Forest,positive,진짜재밌다 후회안함,진짜 재밌다 후회 안함,2018-12-29 06:19:35
242760,The Forest,positive,Good!,Good !,2018-12-29 00:25:45
242760,The Forest,positive,이 양육강식 세계 최강이 누군지 보여주겠다 !,이 양 육강 식 세계 최강 이 누군지 보여주겠다 !,2018-12-28 23:42:32
242760,The Forest,positive,망겜,망겜,2018-12-28 14:37:52
242760,The Forest,positive,"혼자하면 호러 같이하면 코메디, 잘만들어진 생존게임이다. 재미있음 얼리엑세스에서 정식발매를 했다는 것 만으로도 칭찬한다. 당연한 거지만 당연한것도 못하는 겜들 많다.","혼자 하면 호러 같이 하면 코 메디 , 잘 만들어진 생존 게임 이다 . 재미있음 얼리 엑세스 에서 정식 발매 를 했다는 것 만으로도 칭찬 한다 . 당연한 거지 만 당연한것도 못 하는 겜 들 많다 .",2018-12-28 02:36:06
242760,The Forest,positive,Oh BOI THIS IS GOOD!,Oh BOI THIS IS GOOD !,2018-12-27 17:51:26
242760,The Forest,positive,친구와 사이좋게 집을짓고 농사를 지으며 모 농사게임처럼 치유하는 기분을 낼수있다 그리고 가끔씩 집에 찾아오는 주민들이 있어 마음이 따뜻해 지는 것 같다 신나는 음악을 틀면 착한 주민들이 같이 어울려주고 여러모로 힐링되는 게임 치유물을 좋아하는 사람들이나 여성 유저들도 부담없이 즐길 수 있다,친구 와 사이좋게 집 을 짓고 농사 를 지으며 모 농사 게임 처럼 치유 하는 기분 을 낼수있다 그리고 가끔 씩 집 에 찾아오는 주민 들 이 있어 마음 이 따뜻해 지는 것 같다 신나는 음악 을 틀 면 착한 주민 들 이 같이 어울려주고 여러 모로 힐링 되는 게임 치유 물 을 좋아하는 사람 들 이나 여성 유저 들 도 부담 없이 즐길 수 있다,2018-12-27 17:45:30
242760,The Forest,positive,노동이 재밌는겜. 여럿이서 하면 정말 재밌음. 혼자는 약간 애매할수도?,노동 이 재밌는 겜 . 여럿 이서 하면 정말 재밌음 . 혼자 는 약간 애매할수도 ?,2018-12-26 23:15:52
242760,The Forest,positive,식인종 맛있음,식인종 맛있음,2018-12-26 22:53:01
242760,The Forest,positive,으아아아아 식인종 너무 무서워~~,으아아 아아 식인종 너무 무서워 ~~,2018-12-26 00:44:01
242760,The Forest,positive,The 동굴,The 동굴,2018-12-25 16:38:39
242760,The Forest,positive,독 화살의 의미는?,독 화살 의 의미 는 ?,2018-12-24 21:48:11
242760,The Forest,positive,재미있습니다.,재미있습니다 .,2018-12-24 21:41:58
242760,The Forest,positive,돈 값은 합니다 . 나름 재미지게 했던게임이예요 . 좋은분들도 많으시고 민폐쟁이도많고 멀티의 고질적인 문제 핵쟁이 .. 이 게임을 시작으로 스팀게임에 푹빠지기 시작했어요. 식인종 도끼로 공격할때 저적 저저적하는 타격감 으 넘나 좋습니다. 이거 땜에 못잊어서 또들어가게 만들어요ㅋㅋㅋ 갑옷 풀장착하고 활로 헤드샷하면서 무쌍하는 재미란ㅋㅋㅋㅋㅋ 업데이트는 조금 실망이었습니다.. 맵을 전체적으로 확장하고 파밍거리라던지 건물이라던지 많이 늘려주시지... 근데 피시방에서해도 될만큼 설치시간이 짧은게 좋았어요. 아 동물도 늘려주시지..,돈 값 은 합니다 . 나름 재미 지게 했던 게임 이 예요 . 좋 은 분들 도 많으시고 민폐 쟁이 도 많고 멀티 의 고질 적 인 문제 핵 쟁이 .. 이 게임 을 시작 으로 스팀 게임 에 푹 빠지기 시작 했어요 . 식인종 도끼 로 공격 할 때 저 적 저 저 적하 는 타 격감 으 넘나 좋습니다 . 이 거 땜 에 못 잊어서 또 들어가게 만들어요 ㅋㅋㅋ 갑옷 풀 장 착하고 활 로 헤드샷 하면서 무쌍 하는 재미 란 ㅋㅋㅋㅋㅋ 업데이트 는 조금 실망 이었습니다 .. 맵 을 전체 적 으로 확장 하고 파밍 거리 라 던지 건물 이라 던지 많이 늘려주시지 ... 근데 피시방 에서 해도 될만큼 설치 시간 이 짧은게 좋았어요 . 아 동물 도 늘려주시지 ..,2018-12-24 19:10:11
242760,The Forest,positive,나무엄청캐고 인간고기 엄청먹는게임 솔직히좀 자괴감든다. 하지만 재미있음,나무 엄청 캐고 인간 고기 엄청 먹는 게임 솔직히 좀 자괴 감든다 . 하지만 재미있음,2018-12-24 16:35:13
242760,The Forest,positive,식인종의 시점 : 웬 미친놈이 하늘에서 떨어져서 내 아들 어딧냐며 학살하네...,식인종 의 시점 : 웬 미친 놈 이 하늘 에서 떨어져서 내 아들 어딧냐 며 학살 하네 ...,2018-12-24 03:42:03
242760,The Forest,positive,생존게임류 현존 베스트 오브 베스트라고 감히 칭할수 있다. 평점은 무조건 10/10,생존 게임 류 현 존 베스트 오브 베스트 라고 감히 칭할수 있다 . 평점 은 무조건 10/10,2018-12-24 01:07:33
242760,The Forest,positive,내가 식인종이 아닐까 의문이 드는 게임.,내 가 식인종 이 아닐까 의문 이 드는 게임 .,2018-12-24 00:51:20
242760,The Forest,positive,본격 주인공이 식인종을 식인하는 게임,본격 주인공 이 식인종 을 식인 하는 게임,2018-12-24 00:47:56
242760,The Forest,positive,친구랑 하는대 재밌어용 빨리 엔딩 보고싶다,친구 랑 하는대 재밌어용 빨리 엔딩 보고싶다,2018-12-23 22:46:53
242760,The Forest,positive,kono gamemu sicinjonto sexus ibbai sitemas 코노 게이므와 식인종토 세쿠스 이빠이 시테마스 이 게임은 식인종과 섹스 많이 했음 씨벌 제작자 쉐~~~끼,kono gamemu sicinjonto sexus ibbai sitemas 코노 게이므 와 식인종 토 세 쿠스 이빠이 시 테 마스 이 게임 은 식인종 과 섹스 많이 했음 씨벌 제작자 쉐 ~~~ 끼,2018-12-23 00:04:21
242760,The Forest,positive,잼써요,잼 써요,2018-12-22 16:18:17
242760,The Forest,positive,ㄱㄲㅈ,ㄱㄲㅈ,2018-12-22 15:06:36
242760,The Forest,positive,우와 너무뎨댠햬!! 식잉종이 막 하느를 나네,우와 너무뎨댠햬 !! 식잉종 이 막 하느를 나네,2018-12-22 04:27:22
242760,The Forest,positive,너무 꿀잼,너무 꿀잼,2018-12-21 23:53:52
242760,The Forest,positive,게임 재미있는데 최적화 좀 제발 부탁드려요 제발 제발,게임 재미있는데 최적화 좀 제발 부탁드려요 제발 제발,2018-12-21 20:07:09
242760,The Forest,positive,여윽시 갓겜,여윽시 갓 겜,2018-12-21 19:29:41
242760,The Forest,positive,식인종이 사는 섬에서 식인종이 되어가는 갓겜입니다,식인종 이 사는 섬 에서 식인종 이 되어가는 갓 겜 입니다,2018-12-21 18:03:10
242760,The Forest,positive,코옵너무너무재밌어양! 동굴에서 오줌쌀거같은거빼곤 넘 좋음 ㅎㅎ,코옵 너무 너무 재밌어 양 ! 동굴 에서 오줌 쌀거 같은거 빼곤 넘 좋음 ㅎㅎ,2018-12-21 10:37:29
242760,The Forest,positive,게임하다보면아들찾는걸잊게되는겜,게임 하다 보면 아들 찾는걸 잊게 되는 겜,2018-12-20 20:37:21
242760,The Forest,positive,우리가 식인종인지 저들이 식인종인지 모를 갓겜,우리 가 식인종 인지 저 들 이 식인종 인지 모를 갓 겜,2018-12-19 18:05:29
242760,The Forest,positive,"초갓겜 흔해 빠진 생존 게임이라고 생각을 했다? 그럼 뭐다? 완전 헛다리 짚었다? 스토리와 생존이라는 요소가 결합되어 기가막힌 포텐을 터트립니다. 좀 징그럽고 잔인해도, 분명 엔딩 볼 가치가 있으니 꾹 참아보시고, 산과 동굴 탐험 쫀뜩하게 해보시길 추천 드립니다. 그간 ""생존 게임""이라는 타이틀을 달고 나온 게임 중에서 상당히 만족하게 플레이했습니다.","초 갓 겜 흔해 빠진 생존 게임 이라고 생각 을 했다 ? 그럼 뭐 다 ? 완전 헛 다리 짚었다 ? 스토리 와 생존 이라는 요소 가 결합 되어 기 가 막힌 포텐 을 터트립니 다 . 좀 징그럽고 잔인해도 , 분명 엔딩 볼 가치 가 있으니 꾹 참아 보시 고 , 산 과 동굴 탐험 쫀뜩하 게 해보시길 추천 드립니다 . 그간 "" 생존 게임 "" 이라는 타이틀 을 달 고 나온 게임 중 에서 상당히 만족하게 플레이 했습니다 .",2018-12-19 01:18:34
242760,The Forest,positive,생존게임을 재밌게 한적이 별로없어서 기대 안했는데 의외로 재밌었음. 근데 확실히 중후반 가니까 공략을 안보면 진행하기가 어려운거 같음. 공략을 안봤는데 아직까지도 엔딩 관련 오브젝트나 뭘 못찾겠음.,생존 게임 을 재밌게 한적 이 별로 없어서 기대 안 했는데 의외로 재밌었음 . 근데 확실히 중후 반 가니까 공략 을 안보 면 진행 하기가 어려운거 같음 . 공략 을 안 봤는데 아직 까지도 엔딩 관련 오브젝트 나 뭘 못 찾겠음 .,2018-12-19 00:19:00
242760,The Forest,positive,앙기모띠,앙 기 모 띠,2018-12-18 23:16:29
242760,The Forest,positive,이 식인종은 무료로 먹혀줍니다,이 식인종 은 무료 로 먹혀 줍니다,2018-12-18 22:16:59
242760,The Forest,positive,good,good,2018-12-18 10:48:51
242760,The Forest,positive,식인종이 맛있고 전기톱이 친절한 벌목 시뮬레이터 + 이 좆망겜 창모드에서 윈도우키 누르면 굳는 버그 언제 고침????? 좆같아서 진짜,식인종 이 맛있고 전기톱 이 친절한 벌목 시뮬레이터 + 이 좆망 겜 창 모드 에서 윈도우 키 누르면 굳는 버그 언제 고침 ????? 좆 같아서 진짜,2018-12-17 07:44:43
242760,The Forest,positive,이겜에 큰모순이 하나 있는데 아들 찾는겜이면서 왜죽을때마다 애비얼굴이바뀜??,이 겜 에 큰 모 순이 하나 있는데 아들 찾는 겜 이면 서 왜죽 을 때 마다 애비 얼굴 이 바뀜 ??,2018-12-16 00:26:01
242760,The Forest,positive,식인종 극혐하던 내가 어느새 식인을 하는 게임,식인종 극혐 하던 내 가 어느새 식인 을 하는 게임,2018-12-16 00:13:21
242760,The Forest,positive,아버지는 아들이랑 같이 여행을 가고있었습니다. 신비의 섬으로요 하지만 어떤 충격에 의해 그만 떨어지고 맙니다. 그후 며칠의 시간이 지났을까요? 생존책을 참고하여 아들을 찾으러 모험을 떠나는 아버지 하지만... 주변에 보이는것이라고는 온통 시체와 본인의 정신이 아늑 해지는 신비의 섬 그러나 아버지는 정신을 바로잡고 아들을 구하기위해 온잡 원주민과 돌연변이 동굴에서 심해속으로 가기위한 장비를 챙기고 어떤 기지에 들어가게 됩니다. (플레이타임 4시간) 몇몇 주변 아이템들을 챙기고 여자아이를 사살하여 아들을 구해냅시다. 스토리 라인,아버지 는 아들 이랑 같이 여행 을 가고있었습니다 . 신비 의 섬 으로 요 하지만 어떤 충격 에 의해 그만 떨어지고 맙니 다 . 그 후 며칠 의 시간 이 지났을까요 ? 생존 책 을 참고 하여 아들 을 찾으러 모험 을 떠나는 아버지 하지만 ... 주변 에 보이는것이라고는 온통 시체 와 본인 의 정신 이 아늑 해지 는 신비 의 섬 그러나 아버지 는 정신 을 바로잡고 아들 을 구 하기 위해 온 잡 원주민 과 돌연변이 동굴 에서 심해 속 으로 가기 위 한 장비 를 챙기고 어떤 기지 에 들어가게 됩니다 . ( 플레이 타임 4시간 ) 몇몇 주변 아이템 들 을 챙기고 여자아이 를 사살 하여 아들 을 구 해냅시다 . 스토리 라인,2018-12-15 11:10:33
242760,The Forest,positive,갓겜띠,갓 겜띠,2018-12-15 11:06:35
242760,The Forest,positive,사실 게임은 한참 전부터 했지만 평가 작성은 인제서야 하게 되었네요 식인종 사냥과 건물 짓는 맛이 재밌네요 돌연변이가 짜증나긴 하지만 동굴 탐험도 길 헤멜 수 있긴 하지만 탐험하는 맛이 좋고 약간의 공포성이 들어간게 제 취향에 맞았습니다.,사실 게임 은 한참 전 부터 했지만 평가 작성 은 인제 서야 하게 되었네요 식인종 사냥 과 건물 짓는 맛 이 재밌네요 돌연변이 가 짜증나긴 하지만 동굴 탐험 도 길 헤멜 수 있긴 하지만 탐험 하는 맛 이 좋고 약간 의 공포 성 이 들어간게 제 취향 에 맞았습니다 .,2018-12-14 11:08:10
242760,The Forest,positive,"아들을 핑계로 어릴적 자연인의 꿈을 이루는 철없는 아빠의 신나는 무인도 모험! ""너,, 식인종이 맛있단다.""","아들 을 핑계 로 어릴 적 자연인 의 꿈 을 이루는 철 없는 아빠 의 신나는 무인도 모험 ! "" 너 ,, 식인종 이 맛있단다 .""",2018-12-13 04:21:44
242760,The Forest,positive,돌연변이 너프,돌연변이 너프,2018-12-12 11:48:02
242760,The Forest,positive,존잼!,존잼 !,2018-12-11 11:13:46
242760,The Forest,positive,후속작 빨리 내주세요 현기증 난단 말이에요,후속작 빨리 내주세요 현기증 난단 말 이에요,2018-12-10 01:39:36
242760,The Forest,positive,갓겜,갓 겜,2018-12-09 21:07:56
242760,The Forest,positive,너무나도 재미있고 내 인생겜이 되엇다 ㅎㅎ,너무나도 재미있고 내 인생 겜 이 되엇다 ㅎㅎ,2018-12-09 18:08:29
242760,The Forest,positive,보지니아,보지 니아,2018-12-09 16:20:14
242760,The Forest,positive,"스팀을 처음 입문하게 했던 게임, 만약 처음에 이 게임을 하지 않았다면 스팀이라는 것 자체를 안했을듯. 물론 이만한 게임을 이후에 찾진 못했지만... 모든 컨텐츠를 다 즐긴 후에 집을 짓고 놀다가 질려서 끝냈지만, 2가 나오거나 스토리가 더 추가된다면 기꺼이 처음부터 할 마음이 있고, 구매 할 생각도 있다. 돈과 시간 둘다 전혀 아깝지 않았던 게임! PS. 스토리가 영화 한 편 본것 처럼 완벽했다.","스팀 을 처음 입문 하게 했던 게임 , 만약 처음 에 이 게임 을 하지 않았다면 스팀 이라는 것 자체 를 안 했을듯 . 물론 이만 한 게임 을 이후 에 찾진 못 했지만 ... 모든 컨텐츠 를 다 즐긴 후 에 집 을 짓고 놀다가 질려서 끝냈지만 , 2 가 나오거나 스토리 가 더 추가 된다면 기꺼이 처음 부터 할 마음 이 있고 , 구매 할 생각 도 있다 . 돈 과 시간 둘다 전혀 아깝지 않았던 게임 ! PS . 스토리 가 영화 한 편 본것 처럼 완벽했다 .",2018-12-08 14:53:22
242760,The Forest,positive,몇달씩 할 게임은 아니지만 갓겜,몇 달 씩 할 게임 은 아니지만 갓 겜,2018-12-08 00:54:48
242760,The Forest,positive,"생존게임을 좋아한다면 사야할 게임 중에 하나 여타 생존게임에서 가지고 있는 일반적인 생존요소들이 들어가있고 나온지 몇년지났는데, 지금해도 괜찮은 그래픽에 스토리도 있고, 멀티도 가능하기 때문에 추천합니다 굳이 바라는게 하나 있다면 멀티시 캐릭터들 생김새가 중복이 되는 경우가 있어서 커스터 마이징 기능이 간단하게라도 추가되었으면 좋겠네요 *평가점수 : 4.6 / 5","생존 게임 을 좋아한다면 사야 할 게임 중 에 하나 여타 생존 게임 에서 가지 고 있는 일반 적 인 생존 요소 들 이 들어가있고 나온지 몇 년 지났는데 , 지금 해도 괜찮은 그래픽 에 스토리 도 있고 , 멀티 도 가능하기 때문 에 추천 합니다 굳이 바라는게 하나 있다면 멀티 시 캐릭터 들 생김새 가 중복 이 되는 경우 가 있어서 커스터 마이 징 기능 이 간단하게라도 추가 되었으면 좋겠네요 * 평가 점수 : 4.6 / 5",2018-12-07 04:21:42
242760,The Forest,positive,공포 그자체. 고어 요소가 섞여있고 밤이되면 더 무서움 식인종이나 돌연변이가 언제 어디서 나올지 모르니 주의,공포 그 자체 . 고어 요소 가 섞여있고 밤 이 되면 더 무서움 식인종 이나 돌연변이 가 언제 어디서 나올지 모르니 주의,2018-12-06 19:21:53
242760,The Forest,positive,친구랑 멀티하기 되게 좋고 재밌긴한데 자잘한 버그가 약간 있음,친구 랑 멀티 하기 되게 좋고 재밌긴한데 자잘한 버그 가 약간 있음,2018-12-05 20:01:19
242760,The Forest,positive,"친구들 4명이서 같이했는데, 재밌었어요. 스토리도 괜찮았고, 그래픽도 좋았습니다. 무었보다 최적화가 잘되어있는거 같아서 좋네요. 혼자는 별로고 친구들하고 같이즐기시면 좋을듯.","친구 들 4 명 이서 같이 했는데 , 재밌었어요 . 스토리 도 괜찮았고 , 그래픽 도 좋았습니다 . 무었 보다 최적화 가 잘 되어있는거 같아서 좋네요 . 혼자 는 별로 고 친구 들 하고 같이 즐기시면 좋을듯 .",2018-12-05 19:33:16
242760,The Forest,positive,[h1]오늘의 리빙포인트[/h1] 음식이 없어 허기질때는 가장 가까운 곳의 사람을 찾아본다,[ h 1 ] 오늘 의 리빙 포인트 [/ h 1 ] 음식 이 없어 허기질 때 는 가장 가까운 곳 의 사람 을 찾아본다,2018-12-05 18:29:22
242760,The Forest,positive,내가 식인종인가 식인종이 나인가 이것이야 말로 호접지몽의 경지 아니더냐,내 가 식인종 인가 식인종 이 나인 가 이 것 이야 말로 호접지몽 의 경지 아니더냐,2018-12-05 01:01:30
242760,The Forest,positive,처음에 식인종이라길래 무서웠는대 지금은 어떤놈이 더 맛있을지 궁금하넹!,처음 에 식인종 이라길래 무서웠는대 지금 은 어떤 놈 이 더 맛있을지 궁금하 넹 !,2018-12-04 23:10:07
242760,The Forest,positive,동굴 박쥐때문에 심장마비 걸릴것 같다,동굴 박쥐 때문 에 심장마비 걸릴것 같다,2018-12-02 21:32:33
242760,The Forest,positive,스레기요,스레기 요,2018-12-02 16:11:20
242760,The Forest,positive,친구들하고 같이 하면 더 잼슴 ㅇㅇ,친구 들 하고 같이 하면 더 잼슴 ㅇㅇ,2018-12-02 15:55:07
242760,The Forest,positive,오늘은 어떤 친구(식인종)을 먹을까...하루종일 국끓여 먹을생각에 하루하루가 즐겁습니다.(이런 게임입니다.) xx일 뒤..아맞다..아들 구하러 가야하는데........아빠가 곧 갈께,오늘 은 어떤 친구 ( 식인종 ) 을 먹을까 ... 하루 종일 국 끓여 먹을 생각 에 하루하루 가 즐겁습니다 .( 이런 게임 입니다 .) xx 일 뒤 .. 아 맞다 .. 아들 구 하러 가야 하는데 ........ 아빠 가 곧 갈께,2018-12-01 15:15:37
242760,The Forest,positive,게임 자체는 재밌습니다. 솔직히 제가 이딴 버그만 안 겪었어도 압도적으로 긍정적 줄 게임인데 싱크홀 다이빙 중에 이상한 바위 틈에 빠지더니 탈출마저 불가능하네요. 이게 뭔 개같은 버그입니까. 게임 거의 다 클리어 한 상황에서 이딴 버그를 겪으니 게임을 호평할 마음이 사라지네요. 제발 제작자님 한글 번역기 돌려서 잘 읽어보시고 꼭 고쳐주셨으면 합니다.,게임 자체 는 재밌습니다 . 솔직히 제 가 이딴 버그 만 안 겪었어도 압도 적 으로 긍정 적 줄 게임 인데 싱크홀 다이빙 중 에 이상한 바위 틈 에 빠지더니 탈출 마저 불가능하네요 . 이 게 뭔 개 같은 버그 입 니까 . 게임 거의 다 클리어 한 상황 에서 이딴 버그 를 겪으니 게임 을 호평 할 마음 이 사라지네요 . 제발 제작자 님 한글 번역기 돌려서 잘 읽어 보시 고 꼭 고쳐주셨으면 합니다 .,2018-11-30 22:05:54
242760,The Forest,positive,너무 무서워서 하기가싫다,너무 무서워서 하기가 싫다,2018-11-30 15:37:19
242760,The Forest,positive,섬 절반을 먹었다. 조만간 식인종 돌연변이 북쪽 산으로 구석으로 몰아놓고 섬 전체 등기할 듯... 티미는... 잘 살꺼야...,섬 절반 을 먹었다 . 조만간 식인종 돌연변이 북쪽 산 으로 구석 으로 몰아놓고 섬 전체 등기 할 듯 ... 티 미는 ... 잘 살꺼야 ...,2018-11-29 12:47:22
242760,The Forest,positive,친구들과 빵빵 터져가면서 플레이할 수 있다는 점만으로도 이 게임은 가치가 있다. 고민말고 친구들과 다함께 (스팀세일기간에) 지르면 되시겠다. 다만 나열하기에 수없이 많은 단점들과 불편함들은 하루빨리 패치가 되면 좋을듯 혐오스럽게 징그러운 원주민과 돌연변이들 정말 극혐이다. (안나오게 하는 모드가 있어서 다행이다),친구 들 과 빵빵 터져가면서 플레이 할 수 있다는 점 만으로도 이 게임 은 가치 가 있다 . 고민 말고 친구 들 과 다 함께 ( 스팀 세 일 기간 에 ) 지르면 되시겠다 . 다만 나열하기에 수없이 많은 단점 들 과 불편함 들은 하루빨리 패치 가 되면 좋을듯 혐오 스럽게 징그러운 원주민 과 돌연변이 들 정말 극혐 이다 . ( 안 나오게 하는 모드 가 있어서 다행 이다 ),2018-11-29 02:55:15
242760,The Forest,positive,"특징 : 생존 오픈월드 크리쳐 장점 : 1.실사느낌의 숲을 표현한 그래픽 2.나무를 패는 연출 3.배고픔과 추위로 생존에 대한 경각심을 세움 4.반전있는 스토리 5.저용량 단점 : 딱히 없음 한줄평 :처음 접해본 생존게임 단순히 생존게임인 줄 알고 샀으나 밤이되자 원주민들의 기습에 대한 심리적 공포감을 느낌 ,겁이 많은 유저들이 함께 플레이시 모닥불에 모여 서로에게 의지하며 마치 영화주인공이 된 듯한 느낌을 받음 ++++동굴을 두려워 마라","특징 : 생존 오픈월드 크리 쳐 장점 : 1 . 실사 느낌 의 숲 을 표현 한 그래픽 2 . 나무 를 패 는 연출 3 . 배고픔과 추위 로 생존 에 대한 경 각심 을 세움 4 . 반전 있는 스토리 5 . 저 용량 단점 : 딱히 없음 한 줄평 : 처음 접 해본 생존 게임 단순히 생존 게임 인 줄 알 고 샀으나 밤 이 되자 원주민 들 의 기습 에 대한 심리 적 공포 감 을 느낌 , 겁 이 많은 유저 들 이 함께 플레이 시 모닥불 에 모여 서로 에게 의지 하며 마치 영화 주인공 이 된 듯 한 느낌 을 받음 ++++ 동굴 을 두려워 마라",2018-11-28 21:27:19
242760,The Forest,positive,음 초반에는 무섭고 쫄릴수도있지만 한두시간정도만 해보고 활도만들고 동굴도 탐험하다보면은 언제부턴가 돌연변이도 1ㄷ3으로 이기는 것을 볼수있게됩니다 게임자체는 어둡고 무서운 분위기지만 조금만 버티면 익숙해집니다 갓겜,음 초반 에는 무섭고 쫄릴수도있 지만 한두 시간 정도 만 해보고 활 도 만들고 동굴 도 탐험 하다 보면은 언제 부턴 가 돌연변이 도 1 ㄷ 3 으로 이기는 것 을 볼수있게 됩니다 게임 자체 는 어둡고 무서운 분위기 지만 조금 만 버티면 익숙해집니다 갓 겜,2018-11-28 18:38:15
242760,The Forest,positive,"나도 힘들어 죽겠는데 아들까지 찾아야하는 '아들 찾기 대탐험 생존게임' ""더 포레스트""? ㄴㄴ ""더 케이브 포 세이브 선: ""The FOREST""? NoNo ""The CAVE FOR SAVE SON""","나도 힘들어 죽겠는데 아들 까지 찾아 야하는 ' 아들 찾기 대 탐험 생존 게임 ' "" 더 포레스트 ""? ㄴㄴ "" 더 케 이브 포 세이브 선 : "" The FOREST ""? NoNo "" The CAVE FOR SAVE SON """,2018-11-28 01:59:31
242760,The Forest,positive,처음 동굴에 들어갔을때 아무것도 안보이는데 끄억끄억 소리나면서 식인종이 카이팅하는데 심장마비로 죽는줄알았습니다,처음 동굴 에 들어갔을 때 아무 것 도 안 보이는데 끄 억 끄 억 소리 나 면서 식인종 이 카이 팅 하는데 심장마비 로 죽는줄 알았습니다,2018-11-27 22:23:03
242760,The Forest,positive,존잼데스,존잼 데스,2018-11-27 18:25:10
242760,The Forest,positive,섬에서 생존하면서 원주민들을 만나면 원주민들은 모르는 사람이면서도 격하게 환영해준다. 사람사이에 정을 느낄수 있는 게임이다,섬 에서 생존 하면서 원주민 들 을 만나면 원주민 들 은 모르는 사람 이 면 서도 격하 게 환영 해준다 . 사 람사 이 에 정 을 느낄수 있는 게임 이다,2018-11-27 18:18:21
242760,The Forest,positive,친구들과 같이 하면 개재밌음,친구 들 과 같이 하면 개 재밌음,2018-11-27 17:27:30
242760,The Forest,positive,"게임성:★★★☆☆ (그래픽,사운드,컨텐츠등등) 스토리:★★★☆☆ 조작감:★★★☆☆ 접근성:★★★★★ 혼자하면 외로움","게임 성 : ★★★☆☆ ( 그래픽 , 사운드 , 컨텐츠 등등 ) 스토리 : ★★★☆☆ 조작 감 : ★★★☆☆ 접근성 : ★★★★★ 혼자 하면 외로움",2018-11-27 10:59:27
242760,The Forest,positive,너무 오래 했나 보다...,너무 오래 했나 보다 ...,2018-11-27 09:03:40
242760,The Forest,positive,Pretty good game. I enjoyed this game with my freind. Me and my friend is very satisfied it.,Pretty good game . I enjoyed this game with my freind . Me and my friend is very satisfied it .,2018-11-26 21:30:42
242760,The Forest,positive,재미있지만 조금 질리고 다같이 해야 진가가 발휘되는 게임인거같습니다.,재미있지만 조금 질리 고 다 같이 해야 진가 가 발휘 되는 게임 인거 같습니다 .,2018-11-26 20:59:22
242760,The Forest,positive,누가 식인종인지 알 수 없는게임 꿀잼~,누가 식인종 인지 알 수 없는 게임 꿀잼 ~,2018-11-26 17:44:17
242760,The Forest,positive,멀티하면 꿀잼,멀티 하면 꿀잼,2018-11-26 17:37:49
242760,The Forest,positive,good,good,2018-11-26 16:25:48
242760,The Forest,positive,정말 다양한 즐길거리가 있어서 너무 재미있는게임이다...... 아들찾는걸 잊어버렸다 그런데,정말 다양한 즐길 거리 가 있어서 너무 재미있는 게임 이다 ...... 아들 찾는걸 잊어버렸다 그런데,2018-11-26 14:14:56
242760,The Forest,positive,멀티로하면 개꿀잼 첨엔 너무 무서웠는데 나중에되면 식인종이 밥으로 보임.,멀티 로 하면 개꿀잼 첨 엔 너무 무서웠는데 나중 에 되면 식인종 이 밥 으로 보임 .,2018-11-26 02:26:28
242760,The Forest,positive,새벽에 하기 좋은게임 친구들과 멀티를 하면서 새벽갬성으로 집짓고 식인종죽여가면서 엔딩을 보는게 좋다 스토리와 컨셉들이 상당히 많은 고민을 했다는 느낌을 확 받을수 있다 20500원 어치 하는 게임을 오랬만에 본거 같다,새벽 에 하기 좋은 게임 친구 들 과 멀티 를 하면서 새벽 갬 성 으로 집 짓고 식인종 죽여가면서 엔딩 을 보는게 좋다 스토리 와 컨셉 들 이 상당히 많은 고민 을 했다는 느낌 을 확 받을수 있다 20500원 어치 하는 게임 을 오랬 만에 본거 같다,2018-11-26 00:17:16
242760,The Forest,positive,재미는 있으나 버그가 좀 많은편,재미 는 있으나 버그 가 좀 많은 편,2018-11-25 22:07:31
242760,The Forest,positive,아들을 구해야하지만 어느세 난 생존마스터가되어 섬에서 살고있다...ㅋㅋ,아들 을 구 해야하지만 어느 세 난 생존 마스터 가 되어 섬 에서 살고있다 ... ㅋㅋ,2018-11-25 20:33:32
242760,The Forest,positive,"스토리는 유튜브를 통해 다 알고 있는 상태였고, 멀티로 진행하였다. 정착엔딩 본 후 유물놀이하고있는 상태. 처음엔 막막한데, 진행할수록 내 요새를 더 크고 아릅답게 짓는데 혈안이 되어 진정한 나무꾼이 되어가고있다. 티미따위 안중에도 없음. 친구와 하다보면 언젠가부터 서로 말없이 묵묵히 나무를 베고 또 베고, 또 베고 있는 자신의 모습을 볼 수 있다. 디스코드는 켜져있는데 ㄹㅇ로 말없이 나무만 하고있다. 멀티진행시 초반엔 어렵다가도 중후반부터는 눈하나 깜빡안하고 돌연변이 2~3마리 처치를 하게 되기때문에 그 부분이 조금 아쉽다.","스토리 는 유튜브 를 통해 다 알 고 있는 상태 였고 , 멀티 로 진행 하였다 . 정착 엔딩 본 후 유물 놀이 하고 있는 상태 . 처음 엔 막막한데 , 진행 할수록 내 요새 를 더 크고 아릅답 게 짓는데 혈안 이 되어 진정한 나무꾼 이 되어가고있다 . 티 미 따위 안중 에도 없음 . 친구 와 하다 보면 언젠가 부터 서로 말 없이 묵묵히 나무 를 베고 또 베고 , 또 베고 있는 자신 의 모습 을 볼 수 있다 . 디스코 드는 켜져있는데 ㄹㅇ 로 말 없이 나무 만 하고있다 . 멀티 진행 시 초반 엔 어렵다가도 중후 반 부터는 눈 하나 깜빡 안 하고 돌연변이 2~3 마리 처치 를 하게 되기 때문 에 그 부분 이 조금 아쉽다 .",2018-11-25 19:34:15
242760,The Forest,positive,아들을 구하기 위한 식인종 섬에서의 모험. 구하라는 아들은 안 구하고 친구랑 건물 짓는 게임. 식인종을 가둬서 키울수 있음.,아들 을 구 하기 위 한 식인종 섬 에서의 모험 . 구하라 는 아들 은 안 구 하고 친구 랑 건물 짓는 게임 . 식인종 을 가둬서 키울수 있음 .,2018-11-25 18:46:05
242760,The Forest,positive,숲과함께하는 즐거운 게임,숲 과 함께 하는 즐거운 게임,2018-11-25 17:42:14
242760,The Forest,positive,해냈군요 Endnight Games,해냈군요 Endnight Games,2018-11-25 16:55:37
242760,The Forest,positive,냠냠,냠냠,2018-11-25 15:56:22
242760,The Forest,positive,good,good,2018-11-25 14:22:41
242760,The Forest,positive,같이하면 재미있음 할인할때 사보는거 추천,같이 하면 재미있음 할인 할 때 사보는거 추천,2018-11-25 14:01:35
242760,The Forest,positive,태헌아 이거 개재미있어 꼭 해,태헌 아 이 거 개 재미있어 꼭 해,2018-11-25 12:54:12
242760,The Forest,positive,인간의 본성을 그대로 표현하게 되는 겜,인간 의 본성 을 그대로 표현 하게 되는 겜,2018-11-25 12:44:21
242760,The Forest,positive,다같이하면 갓겜,다 같이 하면 갓 겜,2018-11-25 11:46:52
242760,The Forest,positive,조금밖에 안해봤는데 재밌네요~,조금 밖에 안 해봤는데 재밌네요 ~,2018-11-25 10:32:24
242760,The Forest,positive,식인종은 잘못이 없다,식인종 은 잘못 이 없다,2018-11-25 10:27:29
242760,The Forest,positive,많은 얼리엑세스 게임들이 좋은 소재가지고 시작해서 꿀만 빨고 사라지는데 요건 끝도 제대로 봤으니 추천을 안할수가 없도다,많은 얼리 엑세스 게임 들 이 좋은 소재 가지 고 시작 해서 꿀 만 빨 고 사라지는데 요건 끝 도 제대로 봤으니 추천 을 안 할수가 없도다,2018-11-25 10:12:21
242760,The Forest,positive,힐링되는 공포게임,힐링 되는 공포 게임,2018-11-25 02:37:05
242760,The Forest,positive,zzz,zzz,2018-11-24 23:01:12
242760,The Forest,positive,멀티 개 꿀잼,멀티 개 꿀잼,2018-11-24 22:26:09
242760,The Forest,positive,혼자하면 식인종은 공포의 대상 같이하면 식인종은 그냥 지나가는 거북이보다 못한취급,혼자 하면 식인종 은 공포 의 대상 같이 하면 식인종 은 그냥 지나가는 거북이 보다 못 한 취급,2018-11-24 21:00:54
242760,The Forest,positive,갓겜,갓 겜,2018-11-24 20:50:50
242760,The Forest,positive,재미있긴함 친구랑 하면 재미있고 혼자하면 외로움....ㅋㅋ,재미있긴 함 친구 랑 하면 재미있고 혼자 하면 외로움 .... ㅋㅋ,2018-11-24 20:16:23
242760,The Forest,positive,겁나게 무섭지만 친구와 함께라면 그 어느것도 두렵지 않은 겜,겁나게 무섭지만 친구 와 함께라면 그 어느 것 도 두렵지 않은 겜,2018-11-24 20:01:08
242760,The Forest,positive,전기톱! 훌륭한 대화수단이지,전기톱 ! 훌륭한 대화 수단 이지,2018-11-24 20:00:14
242760,The Forest,positive,내 취향에 딱 들어맞고 내가 가장 바랬던 이상적인 생존게임,내 취향 에 딱 들어맞고 내 가 가장 바랬던 이상 적 인 생존 게임,2018-11-24 19:49:44
242760,The Forest,positive,넘 재밌다,넘 재밌다,2018-11-24 17:37:59
242760,The Forest,positive,??? 티미가 누구냐?,??? 티 미가 누구 냐 ?,2018-11-24 17:20:44
242760,The Forest,positive,포레스트 짜릿해 포카리스웨트 맛있어,포레스트 짜릿해 포카리스웨트 맛있어,2018-11-24 16:56:08
242760,The Forest,positive,"친구랑 같이 했는데 너무 재미있었어요!! 혼자 하는 것도 재미있지만, 너무 무서워서 오래는 못하겠더라고요. 그래픽 퀄리티도 충분히 좋고 자잘한 요소들이 끊임없이 플레이하게 만드는 매력덩어리였던 것 같습니다. 강추","친구 랑 같이 했는데 너무 재미있었어요 !! 혼자 하는 것 도 재미있지만 , 너무 무서워서 오래 는 못 하겠더라고요 . 그래픽 퀄리티 도 충분히 좋고 자잘한 요소 들 이 끊임없이 플레이 하게 만드는 매력 덩어리 였던 것 같습니다 . 강추",2018-11-24 15:58:33
242760,The Forest,positive,시간이 너무 빨리가고 친구랑 하면 갓 겜 ㅇㅈ,시간 이 너무 빨리 가고 친구 랑 하면 갓 겜 ㅇㅈ,2018-11-24 15:42:16
242760,The Forest,positive,개꿀잼,개꿀잼,2018-11-24 15:23:31
242760,The Forest,positive,더이상 인육아니면 안되게 되는 게임,더 이상 인육 아니면 안되게 되는 게임,2018-11-24 15:12:00
242760,The Forest,positive,앙귀찬띠,앙 귀 찬띠,2018-11-24 13:20:32
242760,The Forest,positive,경민이 여친나온다,경민이 여친 나온다,2018-11-24 12:45:12
242760,The Forest,positive,처음엔 힘들지만 익숙해지면 재미보는 게임,처음 엔 힘들지만 익숙해지면 재미 보는 게임,2018-11-24 10:58:22
242760,The Forest,positive,한번쯤 해볼만한 작품,한번 쯤 해볼만 한 작품,2018-11-24 10:56:42
242760,The Forest,positive,너무 오래하면 어지러움,너무 오래 하면 어지러움,2018-11-24 00:56:05
242760,The Forest,positive,헣,헣,2018-11-24 00:43:53
242760,The Forest,positive,굿굿,굿굿,2018-11-24 00:05:06
242760,The Forest,positive,엔딩 추가점,엔딩 추 가점,2018-11-23 22:50:46
242760,The Forest,positive,Creative mode is not visible.,Creative mode is not visible .,2018-11-23 22:41:46
242760,The Forest,positive,재밌어요,재밌어요,2018-11-23 22:10:38
242760,The Forest,positive,아빠:아들 좀만기다려 이것만좀 즐기다 구하러갈게~ 티미:ㅅㅂ,아빠 : 아들 좀 만 기다려 이 것 만 좀 즐기다 구 하러 갈게 ~ 티 미 : ㅅㅂ,2018-11-23 21:00:41
242760,The Forest,positive,굿,굿,2018-11-23 20:45:27
242760,The Forest,positive,dd,dd,2018-11-23 20:03:25
242760,The Forest,positive,난 다리가 맛있다,난 다리 가 맛있다,2018-11-23 19:51:29
242760,The Forest,positive,스토리 갓겜,스토리 갓 겜,2018-11-23 18:59:22
242760,The Forest,positive,"이번년도 4월말에 완본판으로 업데이트가 완료되었습니다. 이전보다 다양한 무기와 편한 시스템으로 당신의 시간을 삭제시킬 샌드박스/공포게임, 정가로 사셔도 무방합니다. 세일할때 아직 없으시면 꼭 사시길","이번 년도 4월 말에 완본 판 으로 업데이트 가 완료 되었습니다 . 이전 보다 다양한 무기 와 편한 시스템 으로 당신 의 시간 을 삭제 시킬 샌드박스 / 공포 게임 , 정가 로 사셔도 무방 합니다 . 세 일 할 때 아직 없으시면 꼭 사시길",2018-11-23 18:14:34
242760,The Forest,positive,첨할땐 무서운데 나중엔 집짓는 힐링겜,첨 할 땐 무서운데 나중 엔 집 짓는 힐링 겜,2018-11-23 16:48:44
242760,The Forest,positive,친구랑같이해야 재미있다...,친구 랑 같이 해야 재미있다 ...,2018-11-23 16:17:20
242760,The Forest,positive,처음엔 좋았으나 점점 개발자모드가 풀리고 망해가는 느낌,처음 엔 좋았으나 점점 개발자 모드 가 풀리고 망해가는 느낌,2018-11-23 14:15:06
242760,The Forest,positive,꿀잼,꿀잼,2018-11-23 12:34:33
242760,The Forest,positive,인생 두번사는거 같아서 넘모 귀찬아,인생 두 번 사는거 같아서 넘 모 귀 찬 아,2018-11-23 12:25:43
242760,The Forest,positive,아이 러브 뭐시냐 .. 포레트!,아이 러브 뭐 시냐 .. 포 레트 !,2018-11-23 03:58:52
242760,The Forest,positive,"그래픽환상적, 사킬이의추억","그래픽 환상 적 , 사 킬 이 의 추억",2018-11-23 00:31:15
242760,The Forest,positive,언제해도 꿀잼,언제 해도 꿀잼,2018-11-22 23:03:32
242760,The Forest,positive,처음 자력으로 구한 음식이 식인종 구이다. 맛있었다.,처음 자력 으로 구한 음식 이 식인종 구이 다 . 맛있었다 .,2018-11-22 22:54:54
242760,The Forest,positive,"진짜 최적화,적당한 공포,플레이 시간 모든 벨런스가 맟춰진 갓겜이네요. 재미있게 플레이 했습니다","진짜 최적화 , 적당한 공포 , 플레이 시간 모든 벨런스 가 맟춰진 갓 겜 이네 요 . 재미있게 플레이 했습니다",2018-11-22 22:49:38
242760,The Forest,positive,꿀잼,꿀잼,2018-11-22 22:33:17
242760,The Forest,positive,멀티로 하면 재밌어요! 유튜브에서 식인종 농락하는 게 있던데.. 제 손으로는 아직 힘들더군요.,멀티 로 하면 재밌어요 ! 유튜브 에서 식인종 농락 하는 게 있던데 .. 제 손 으로는 아직 힘들더군요 .,2018-11-22 21:48:07
242760,The Forest,positive,친구랑 하니까 시간가는줄몰랐음.,친구 랑 하니까 시간 가는줄 몰랐음 .,2018-11-22 21:40:36
242760,The Forest,positive,우리가 식인종을 피하는 게임이 아니라 식인종이 우리를 피하는 게임,우리 가 식인종 을 피하 는 게임 이 아니라 식인종 이 우리 를 피하 는 게임,2018-11-22 19:49:30
242760,The Forest,positive,ㅋㅋㅋㅋ이건뭐,ㅋㅋㅋㅋ 이건 뭐,2018-11-22 19:14:27
242760,The Forest,positive,!,!,2018-11-22 19:07:50
242760,The Forest,positive,친환경겜,친환경 겜,2018-11-22 19:03:08
242760,The Forest,positive,맛있는 식인종 옴뇸뇸뇸~,맛있는 식인종 옴뇸뇸뇸 ~,2018-11-22 18:14:53
242760,The Forest,positive,.,.,2018-11-22 17:57:30
242760,The Forest,positive,재밋다 너무,재밋다 너무,2018-11-22 17:14:43
242760,The Forest,positive,최고최고!,최고 최고 !,2018-11-22 16:58:22
242760,The Forest,positive,은근 재미있는게임,은근 재미있는 게임,2018-11-22 16:53:16
242760,The Forest,positive,지인들이랑 같이 집짓고 잘 살다가 돌연변이한테 집 박살 당해서 아기돼지 삼형제 됨,지인 들 이랑 같이 집 짓고 잘 살다가 돌연변이 한테 집 박살 당해서 아기 돼지 삼 형제 됨,2018-11-22 14:08:41
242760,The Forest,positive,사람이 많을수록 재밌는것 같다,사람 이 많을수록 재밌는것 같다,2018-11-22 12:35:31
242760,The Forest,positive,모래성 쌓기란 혼자 해도 재밌지만 같이하면 더 재밌는걸 알려주는 게임,모래성 쌓기란 혼자 해도 재밌지만 같이 하면 더 재밌는걸 알려주는 게임,2018-11-22 11:59:24
242760,The Forest,positive,나쁘진 않음....같이할사람있으면 시간 생각보다 빨리감,나쁘진 않음 .... 같이 할 사람 있으면 시간 생각 보다 빨리 감,2018-11-22 11:50:51
242760,The Forest,positive,친구와 하면 나무 캐기를 느낄 수 있다 대- 만족,친구 와 하면 나무 캐기를 느낄 수 있다 대 - 만족,2018-11-22 11:38:24
242760,The Forest,positive,식인종 무서워 ㅠㅠ,식인종 무서워 ㅠㅠ,2018-11-22 10:18:24
242760,The Forest,positive,친구랑 시간대가 맞아야 재밌는 겜ㅠ,친구 랑 시간대 가 맞아야 재밌는 겜 ㅠ,2018-11-22 09:37:14
242760,The Forest,positive,추천,추천,2018-11-22 09:09:05
242760,The Forest,positive,아 다겁즐겁다,아 다겁 즐겁다,2018-11-22 07:44:35
242760,The Forest,positive,이게임 너무좋은데 집에서 싱글하다가 저장하고 피방와서하려고 하면 슬롯이 다 사라져잇어요 반대로 피방에서 하다가 저장하고 집가면 사라져잇고 그것만 고치면 갓겜 그래서 피방에선 항상 처음부터 카타나?랑 도끼들 다 사라졋어요,이 게임 너무 좋은데 집 에서 싱글 하다가 저장 하고 피방 와 서하려고 하면 슬롯 이 다 사라져 잇어요 반대 로 피방 에서 하다가 저장 하고 집 가면 사라져 잇고 그것 만 고치 면 갓 겜 그래서 피방 에선 항상 처음 부터 카타나 ? 랑 도끼 들 다 사라 졋 어 요,2018-11-21 17:02:02
242760,The Forest,positive,치트 왠만하면 키지 말고하세요.. 노력에 보상받는다는게 어떤건지 보여주는 좋은게임.. 허구한날 경쟁하고 지면 스트레스받으면서 성격버리는 게임보다 협력하며 이루고자 하는 목표를 이루고 창의력만 있다면 어떤 공간이든 만들수있는 이런게임이 흥해야 할탠데..,치트 왠만하면 키 지 말고하세요 .. 노력 에 보상 받는다는게 어떤 건 지 보여주는 좋은 게임 .. 허구 한 날 경쟁 하고 지면 스트레스 받으면서 성격 버리는 게임 보다 협력 하며 이루고자 하는 목표 를 이루고 창의력 만 있다면 어떤 공간 이든 만들수있는 이런 게임 이 흥 해야 할탠데 ..,2018-11-21 16:53:53
242760,The Forest,positive,들어가면 일단 먹게되는 음식이 하나 있죠! 아들? 필요 없습니다!! 이 게임은 그 음식을 먹기위해서 하는 것이니까요!! 말려먹으면 맛있습니다. 토하더라도 먹어보세요!! God game!!!,들어가면 일단 먹게 되는 음식 이 하나 있죠 ! 아들 ? 필요 없습니다 !! 이 게임 은 그 음식 을 먹기 위해 서 하는 것 이니까 요 !! 말려 먹으면 맛있습니다 . 토 하더라도 먹어 보세요 !! God game !!!,2018-11-19 22:29:46
242760,The Forest,positive,DEVELOPERMODEON,DEVELOPERMODEON,2018-11-19 11:40:19
242760,The Forest,positive,기억에 남은건 남식인종의 빤짝거리는 엉덩이,기억 에 남은건 남 식인종 의 빤짝 거리 는 엉덩이,2018-11-17 07:42:40
242760,The Forest,positive,real dog honey jam,real dog honey jam,2018-11-16 22:40:52
242760,The Forest,positive,혼자하면 무서운데 친구랑 하면 재밌다,혼자 하면 무서운데 친구 랑 하면 재밌다,2018-11-14 23:04:36
242760,The Forest,positive,재밌음,재밌음,2018-11-14 18:07:45
242760,The Forest,positive,식인종을 먹는 주인공 누가 식인종인가,식인종 을 먹는 주인공 누가 식인종 인가,2018-11-14 15:21:50
242760,The Forest,positive,식인종 사냥 렛츠파뤼~!,식인종 사냥 렛츠파뤼 ~!,2018-11-13 23:05:49
242760,The Forest,positive,이제 식인종이 도시락으로 보인다,이제 식인종 이 도시락 으로 보인다,2018-11-12 14:46:18
242760,The Forest,positive,친구랑해라 그리고 그친구 꼭 토끼 키우라고하고 훔쳐가라,친구 랑 해 라 그리고 그 친구 꼭 토끼 키우라고 하고 훔쳐가라,2018-11-12 01:54:36
242760,The Forest,positive,멀티만 했는데 재밌습니다. 같이 놀기 좋아요.,멀티 만 했는데 재밌습니다 . 같이 놀기 좋아요 .,2018-11-12 01:19:45
242760,The Forest,positive,ㅠㅠㅠㅠㅠㅠㅠㅠㅠㅠㅠㅠㅠㅠㅠㅠㅠㅠㅠㅠㅠㅠ고인물 돼버리깃 힝힝,ㅠㅠㅠㅠㅠㅠㅠㅠㅠㅠㅠㅠㅠㅠㅠㅠㅠㅠㅠㅠㅠㅠ 고 인물 돼 버리 깃 힝힝,2018-11-11 14:30:23
242760,The Forest,positive,재밌어용,재밌어용,2018-11-09 23:40:40
242760,The Forest,positive,"갓겜이 왜 갓겜이라고 불리는지 알겠다. 사람들이 극찬하는 게임들은 다 이유가 있는듯. 스토리,퀄리티,가성비,앞으로의 가능성,최적화 모든게 훌륭함. 스토리: 스포가 돼서 쓰지는 않겠지만 나는 개인적으로 슬프고 비참해서 더 끌렸음. 그리고 난 이 겜이 스토리라 해봐야 그냥 아들 구하고 하하하 웃으면서 탈출하는거 생각했는데 그게 아닌 뭔가 반전요소가 있어서 더 느낀게 많았는듯. 뭔가 주변에서 일어날수 있는일이라 그런가 내가 게임하면서 이렇게 슬프고 눈물난 게임은 몇 안되는데 아무튼 정말 스토리는 여러가지로 마음에 들었다.","갓 겜 이 왜 갓 겜 이라고 불리는지 알겠다 . 사람 들 이 극찬 하는 게임 들 은 다 이유 가 있는듯 . 스토리 , 퀄리티 , 가성 비 , 앞 으로의 가능성 , 최적화 모든 게 훌륭함 . 스토리 : 스포 가 돼서 쓰지는 않겠지만 나 는 개인 적 으로 슬프고 비참해서 더 끌렸음 . 그리고 난 이 겜 이 스토리 라 해봐야 그냥 아들 구 하고 하하 하 웃으면서 탈출 하는거 생각 했는데 그게 아닌 뭔가 반 전 요소 가 있어서 더 느낀게 많았는듯 . 뭔가 주변 에서 일어날수 있는 일이 라 그 런가 내 가 게임 하면서 이렇게 슬프고 눈물난 게임 은 몇 안되는데 아무튼 정말 스토리 는 여러가지 로 마음 에 들었다 .",2018-11-09 08:05:24
242760,The Forest,positive,혼자라도 멀티 방에 들어가 말빨되는 모르는 사람만나면 갓겜되는 게임 싱글하고 어렵다고 징징대지 말자 어차피 우리를 위한 고인물들은 각 방마다 한명씩 있다 (아 물론 한국 방 들어가자 외국 방 들어가면 알아듣지도 못하는 욕먹는다). 아니 근데 최소사양이8800인데 650으로도 800×600으로 매우낮음 옵션해야 80프레임 나오는거 실화나;;;,혼자 라도 멀티 방 에 들어가 말빨 되는 모르는 사람 만나면 갓 겜 되는 게임 싱글 하고 어렵다고 징징대지 말 자 어차피 우리 를 위 한 고 인물 들 은 각 방 마다 한 명 씩 있다 ( 아 물론 한국 방 들어가자 외국 방 들어가면 알아듣지도 못 하는 욕먹는다 ). 아니 근데 최소 사양 이 8800 인데 650 으로도 800 × 600 으로 매우 낮음 옵션 해야 80 프레임 나오는거 실화 나 ;;;,2018-11-09 07:26:57
242760,The Forest,positive,"이 게임을 쉽게 플레이하고싶다면 첫판에서 하드서바이벌로 엔딩을 보세요 20시간 되기전에 끝납니다 노말, 하드가 이지, 노말로 느껴집니다","이 게임 을 쉽게 플레이 하고싶다면 첫 판 에서 하드 서바이벌 로 엔딩 을 보세요 20시간 되 기전 에 끝납니다 노말 , 하드 가 이지 , 노말 로 느껴집니다",2018-11-07 17:45:40
242760,The Forest,positive,극한의 SM을 느낄수 있는 겜.,극한 의 SM 을 느낄수 있는 겜 .,2018-11-06 17:23:21
242760,The Forest,positive,시작하기 전 팁. 1. 해가 지기 전에 불을 피우고 잠을 청할 캠프를 지어라. 그렇지 않으면 멀뚱멀뚱 돌아다니다가 밤이 찾아오면 무엇에 맞아 죽는지도 모를 것이다. 2. 동굴을 두려워하지 마라. 용기 있는 자만이 어둠 속 동굴을 뚫고 자신을 지킬 유용한 아이템들을 얻을 것이다. 3. 숨지말고 적들과 맞서 싸워라. 식인종과 돌연변이들은 너의 소중한 자원이 될 것이다.,시작 하기 전 팁 . 1 . 해 가 지기 전 에 불 을 피우고 잠 을 청 할 캠프 를 지어라 . 그렇지 않으면 멀뚱멀뚱 돌아다니다가 밤 이 찾아오면 무엇 에 맞아 죽는지도 모를 것 이다 . 2 . 동굴 을 두려워하지 마라 . 용기 있는 자만 이 어둠 속 동굴 을 뚫고 자신 을 지킬 유용한 아이템 들 을 얻을 것 이다 . 3 . 숨지말고 적 들 과 맞서 싸워라 . 식인종 과 돌연변이 들 은 너 의 소중한 자원 이 될 것 이다 .,2018-11-05 23:26:40
242760,The Forest,positive,혼자선 너무 무섭따아,혼자 선 너무 무섭 따아,2018-11-04 19:42:03
242760,The Forest,positive,이가격에 이정도 퀄이면 충분합니다. 추천드려요,이 가격 에 이정 도 퀄 이 면 충분합니다 . 추천 드려요,2018-11-03 22:51:11
242760,The Forest,positive,게임 자체는 재미있는데 멀티할거면 친구랑 같이하시길 노매너도 노매너지만 방장도 노매너인 경우가 상당히 많음 이유없이 차단 시키는건 물론 일시키고 볼일없어지면 차단하더라,게임 자체 는 재미있는데 멀티 할거면 친구 랑 같이 하시길 노 매너 도 노 매너 지만 방장 도 노 매너 인 경우 가 상당히 많음 이유 없이 차단 시키는건 물론 일 시 키 고 볼일 없어지면 차단 하더라,2018-11-03 16:02:13
242760,The Forest,positive,재밌습ㄴㅣ다 하지만 도마뱀 먹을 때 기분이 약간 거시기합니다,재밌 습 ㄴㅣ 다 하지만 도마뱀 먹을 때 기분 이 약간 거 시기합니다,2018-11-02 18:33:57
242760,The Forest,positive,식인종 쿰척쿰척,식인종 쿰척쿰척,2018-11-02 15:18:46
242760,The Forest,positive,친구들이랑 시작하자마자 숲을 평지로 바꿔버리고 10시간쯤 했을까 카타나랑 전기톱을 우연찮게 파밍하게 되어서 바로 따로 독립해서 살아남았는데 서로 할짓없어지니까 바로 엔딩보네요 ㅋㅋㅋ 엔딩보고나서도 계속할거같아요 재밌네요,친구 들 이랑 시작 하 자마자 숲 을 평지 로 바꿔 버리고 10시간 쯤 했을까 카타나 랑 전기톱 을 우연찮 게 파밍 하게 되어서 바로 따로 독립 해서 살아남았는데 서로 할 짓 없어지니까 바로 엔딩 보네요 ㅋㅋㅋ 엔딩 보고나서도 계속 할거 같아요 재밌네요,2018-11-02 06:05:09
242760,The Forest,positive,재밋어서,재밋어 서,2018-11-01 18:38:34
242760,The Forest,positive,매우 재미가있다 정말이다 진짜라니까,매우 재미 가 있다 정말 이다 진짜 라니까,2018-11-01 17:35:26
242760,The Forest,positive,게임은재미있는대 식인종 이 너무 무서움,게임 은 재미있는대 식인종 이 너무 무서움,2018-10-31 17:46:41
242760,The Forest,positive,갓ㅡㅡㅡㅡㅡㅡㅡ겜,갓 ㅡㅡㅡㅡㅡㅡㅡ 겜,2018-10-31 17:43:13
242760,The Forest,positive,"미식헌터 제임스, 찾으라는 티미는 안찾고. 모든것을 사냥해 먹어치운다! 그의 미식은 어디까지인가!","미식 헌터 제임스 , 찾으라는 티 미는 안 찾고 . 모든 것 을 사냥 해 먹어치운다 ! 그 의 미식 은 어디 까지 인가 !",2018-10-30 21:33:43
242760,The Forest,positive,힐링 겜,힐링 겜,2018-10-30 19:18:15
242760,The Forest,positive,스릴만점,스릴 만점,2018-10-30 18:46:12
242760,The Forest,positive,처음 했을때보다 많이 업데이트 된 것 같다. 잘 만들었지만 캐릭터가 너무 이상하다. 가끔 버그도 발생한다.,처음 했을 때 보다 많이 업데이트 된 것 같다 . 잘 만들었지만 캐릭터 가 너무 이상하다 . 가끔 버그 도 발생 한다 .,2018-10-30 17:54:15
242760,The Forest,positive,흠터레스팅,흠터레 스팅,2018-10-30 01:32:45
242760,The Forest,positive,마크 상위 버전 하는 느낌으로 재밌게 잘 했습니다. 처음에 식인종들 비명소리 들리면 무서워서 도망갔는데 한번 인육먹고 배 채워본 이후로는 비명소리만 쫓아다닙니다...^^,마크 상위 버전 하는 느낌 으로 재밌게 잘 했습니다 . 처음 에 식인종 들 비명 소리 들리면 무서워서 도망갔는데 한번 인육 먹고 배 채워 본 이후 로는 비명 소리 만 쫓아 다닙니다 ...^^,2018-10-29 01:50:53
242760,The Forest,positive,갓겜 그 자체,갓 겜 그 자체,2018-10-28 18:27:59
242760,The Forest,positive,친구랑 해야 재미있다 애초에 혼자하면 어렵다,친구 랑 해야 재미있다 애초 에 혼자 하면 어렵다,2018-10-28 01:44:11
242760,The Forest,positive,식인종 팔이 너무 맜있어요 하하핳ㅎ핳ㅎ,식인종 팔이 너무 맜있어 요 하하 핳 ㅎ 핳 ㅎ,2018-10-28 01:39:55
242760,The Forest,positive,식인종을 잡아서 식인종을 먹는게임,식인종 을 잡아서 식인종 을 먹는 게임,2018-10-28 01:35:28
242760,The Forest,positive,컴퓨터 좋은데 왜 포레스트 들어가면 프레임이 살짝 느려질까요... 플레이가 좀 힘들 정도입니다. 근데 게임은 재밌네요,컴퓨터 좋은데 왜 포레스트 들어가면 프레임 이 살짝 느려질 까요 ... 플레이 가 좀 힘들 정도 입니다 . 근데 게임 은 재밌네요,2018-10-26 18:46:40
242760,The Forest,positive,"싱글이나 멀티 둘다 재밌긴한데 보관이 전부 공유라서 좀 불편함. A라는 사람이 만든 보관함을 B라는 사람이 건들지 못하는 그런게 있었으면 하는데 그런거 자체가 없어서 멀티할때 고기나 술, 약초, 소다 같은거 털어가는 씹새끼들이 좀 있어서 조금 아쉬움. 그리고 통나무 수레? 이거 식인종도 싣을수 있다고 뜨는데 정작 싣을려고 하면 안됨. 오류인거 같음.","싱글 이나 멀티 둘다 재밌긴한데 보관 이 전부 공유 라서 좀 불편함 . A 라는 사람 이 만든 보관 함 을 B 라는 사람 이 건 들 지 못 하는 그런게 있었으면 하는데 그런거 자체 가 없어서 멀티 할 때 고기 나 술 , 약초 , 소 다 같은거 털어가는 씹 새끼 들 이 좀 있어서 조금 아쉬움 . 그리고 통나무 수레 ? 이 거 식인종 도 싣을수 있다고 뜨는데 정작 싣을려고 하면 안됨 . 오류 인거 같음 .",2018-10-25 23:33:24
242760,The Forest,positive,브베시뮬레이터,브베 시뮬레이터,2018-10-25 00:20:54
242760,The Forest,positive,여자 알몸을 보고 싶으면 하면 될꺼 같네요,여자 알몸 을 보고 싶으면 하면 될꺼 같네요,2018-10-24 21:50:54
242760,The Forest,positive,진짜 식인종은 주인공,진짜 식인종 은 주인공,2018-10-24 13:01:36
242760,The Forest,positive,친구들이랑 같이하면 나무만 패도 재미있음,친구 들 이랑 같이 하면 나무 만 패 도 재미있음,2018-10-23 19:08:11
242760,The Forest,positive,스토리는 괜찮은것 같습니다. 근데 너무 키카드 찾는게 역겹네요. 재밌습니다. 편법안쓰고 동굴로 씽크홀갈려는거 찾다가 죽을뻔했습니다. 길이 너무 복잡하고... 복잡합니다. 재미는 있네요.,스토리 는 괜찮은 것 같습니다 . 근데 너무 키 카드 찾는게 역겹네요 . 재밌습니다 . 편 법안 쓰고 동굴 로 씽 크 홀 갈려는거 찾다가 죽 을 뻔했습니다 . 길이 너무 복잡하고 ... 복잡합니다 . 재미 는 있네요 .,2018-10-22 01:33:49
242760,The Forest,positive,"갓겜. 출시당시 평범한 무인도 생존게임인줄로만 알았던 게임이다. 하지만 스토리를 단계적으로 업데이트하면서 의도치않은 떡밥놀이로 하여금 유저들이 다음 스토리를 기대하게 만들었다. 스토리가 끝까지 공개되면서 반전의 스토리로 유저들에게 큰 충격과 재미를 안겨준 게임. 나의 경우 엔딩크레딧이 올라갈때의 그 BGM에서 오는 여운이 ""속편이 나오면 좋겠다..""하는 생각이 들게 해주었다. 생존과 스토리를 좋아한다면 재미있게 즐길수있는 게임. Lovely Game. It seems like just normal island survival ga","갓 겜 . 출시 당시 평범한 무인도 생존 게임 인 줄 로만 알았던 게임 이다 . 하지만 스토리 를 단계 적 으로 업데이트 하면서 의도 치 않은 떡밥 놀이 로 하여금 유저 들 이 다음 스토리 를 기대하게 만들었다 . 스토리 가 끝 까지 공개 되면서 반전 의 스토리 로 유저 들 에게 큰 충격 과 재미 를 안겨 준 게임 . 나 의 경우 엔딩크레딧 이 올라갈 때 의 그 BGM 에서 오는 여운 이 "" 속편 이 나오면 좋겠다 .."" 하는 생각 이 들게 해주었다 . 생존 과 스토리 를 좋아한다면 재미있게 즐길수있는 게임 . Lovely Game . It seems like just normal island survival ga",2018-10-21 23:59:08
242760,The Forest,positive,게임 이름을 The Forest 가 아니라 The Cave로 지어야 했다,게임 이름 을 The Forest 가 아니라 The Cave 로 지어야 했다,2018-10-21 23:01:07
242760,The Forest,positive,스토리 와 그래픽 물리엔진 부분에선 매우 만족 스토리 진행중에는 즐길수있는 컨텐츠도 많고 아쉬울 부분은 없었던 같았음 싱글보단 멀티로 하는게 처음에 집 짓는데 정신팔려 좀비는 생각도 안하게 됨 (참고로 첫 동굴 들어갈때 밧줄에 메달려서 무서워서 빤스런한건 안비밀),스토리 와 그래픽 물리엔진 부분 에선 매우 만족 스토리 진행중 에는 즐길수있는 컨텐츠 도 많고 아쉬울 부분 은 없었던 같았음 싱글 보단 멀티 로 하는게 처음 에 집 짓는데 정신 팔려 좀비 는 생각 도 안 하게 됨 ( 참고 로 첫 동굴 들어갈 때 밧줄 에 메달 려 서 무서워서 빤스런 한 건 안 비밀 ),2018-10-21 18:20:51
242760,The Forest,positive,트레이 아이템 일일이 주기 넘나 피곤하다 배타처럼 한번에 줬으면,트 레이 아이템 일일이 주기 넘나 피곤하다 배타 처럼 한번 에 줬으면,2018-10-20 22:32:43
242760,The Forest,positive,정말 최고,정말 최고,2018-10-19 09:23:40
242760,The Forest,positive,더 포레스트를 친구들이랑 처음 멀티했을때의 무서움 과 스릴.. 하지만 스토리 다 깨고나니 할게없다.,더 포레스트 를 친구 들 이랑 처음 멀티 했을 때 의 무서움 과 스릴 .. 하지만 스토리 다 깨고나니 할게 없다 .,2018-10-19 05:18:53
242760,The Forest,positive,나무 좀 그만 베고 싶어요 제발 살려주세요 지옥 중에 나무베기 지옥이 있다면 여기일까? 이런게 현대인이면 난 원주민을 할테야,나무 좀 그만 베고 싶어요 제발 살려주세요 지옥 중 에 나무 베기 지옥 이 있다면 여 기일 까 ? 이런게 현대인 이 면 난 원주민 을 할테야,2018-10-18 20:11:42
242760,The Forest,positive,처음엔 물에 들어가도 동굴에 들어가도 식인종 하나만 봐도 무서운데 이젠 함정을 만들고 식인종들을 고문하면서 이빨을 수집하는 내가 무서워지는 게임 그런데 박쥐소리는 아직까지도 무섭다,처음 엔 물 에 들어가도 동굴 에 들어가도 식인종 하나 만 봐도 무서운데 이 젠 함정 을 만들고 식인종 들 을 고문 하면서 이빨 을 수집 하는 내 가 무서워지는 게임 그런데 박쥐 소리 는 아직 까지도 무섭다,2018-10-18 00:18:02
242760,The Forest,positive,지점토 갓겜,지 점토 갓 겜,2018-10-17 18:43:07
242760,The Forest,positive,"게임 그리픽이 좋고 진짜로 제가 생존하는 느낌이 들어서 좋았습니다. 그런데 친구랑 같이 했었을때 저(방장)는 저장할떄 저장이 됐지만 제 친구는 저장이 안되서 즉, 방장만 저장이 되서 불편함이 있었습니다. 또한 생존을 성공한 후에 노가다가 하기 싫어서 치트를 쓸 때 방장만 쓸 수 있고 제 친구는 쓸 수 없어서 아이템들을 일일이 다 나눠주어야 해서 불편함이 있기도 했습니다. 그래도 정말로 잘 만든 게임이라도 생각합니다.","게임 그리픽 이 좋고 진짜 로 제 가 생존 하는 느낌 이 들어서 좋았습니다 . 그런데 친구 랑 같이 했었을 때 저 ( 방장 ) 는 저장 할떄 저장 이 됐지만 제 친구 는 저장 이 안되서 즉 , 방장 만 저장 이 되서 불편함이 있었습니다 . 또한 생존 을 성공한 후 에 노가다 가 하기 싫어서 치트 를 쓸 때 방장 만 쓸 수 있고 제 친구 는 쓸 수 없어서 아이템 들 을 일일이 다 나눠주어야 해서 불편함이 있기도 했습니다 . 그래도 정말로 잘 만든 게임 이라도 생각 합니다 .",2018-10-17 03:53:29
242760,The Forest,positive,이거 솔직히 개꿀잼이다 한번씩은 해봐라 마인크래프트랑 비교가안된다,이 거 솔직히 개꿀잼 이다 한번 씩 은 해봐라 마인크래프트 랑 비교 가 안된다,2018-10-15 22:12:22
242760,The Forest,positive,점점 원주민과 돌연변이에 무감각해지고 무표정하게 그들을 구워먹는 나를 보면서 과연 누가 진짜 식인종인가 고찰하게 되는 철학적인 게임입니다... 분명 과거에는 혼자 거니는 원주민 한명에도 두려움에 떨던 나였는데 제 손에는 이제 피에 찌든 카타나만이 남아있습니다....병에 걸리기 전에 씼으러 가야겠다는 생각밖에 안드신다구요? 상담이 필요합니다!,점점 원주민 과 돌연변이 에 무감각 해지고 무표정 하게 그 들 을 구워 먹는 나를 보면서 과연 누가 진짜 식인종 인가 고찰 하게 되는 철학 적 인 게임 입니다 ... 분명 과거 에는 혼자 거니 는 원주민 한 명 에도 두려움 에 떨던 나였는데 제 손 에는 이제 피 에 찌든 카타나 만이 남아있습니다 .... 병 에 걸리기 전 에 씼으러 가야겠다는 생각 밖에 안 드신다구요 ? 상담 이 필요합니다 !,2018-10-15 02:21:55
242760,The Forest,positive,스토리가 좋다. 근데 게임성은 부족한 느낌이 든다. 특히 마지막 보스를 죽일때 3명이서 했는데. 너무 빨리 죽었다. 3명이서 자체 패널티로 근접으로만 때려잡기 할 정도.(난이도 하드로 했는데도 말이다),스토리 가 좋다 . 근데 게임 성은 부족한 느낌 이 든다 . 특히 마지막 보스 를 죽일 때 3 명 이서 했는데 . 너무 빨리 죽었다 . 3 명 이서 자체 패널 티 로 근접 으로만 때려 잡기 할 정도 .( 난이도 하드 로 했는데도 말 이다 ),2018-10-13 01:27:49
242760,The Forest,positive,혼자하는것도 재미있지만 이겜의 진정함은 역시 협동이 아니겠습니까?,혼자 하는것도 재미있지만 이 겜 의 진정함은 역시 협동 이 아니겠습니까 ?,2018-10-13 00:25:16
242760,The Forest,positive,엔딩 good,엔딩 good,2018-10-12 15:39:20
242760,The Forest,positive,일단 게임의 자유도가 굉장히 높고 정말 재미있어요.추천드립니다.,일단 게임 의 자유도 가 굉장히 높고 정말 재미있어요 . 추천 드립니다 .,2018-10-11 22:21:18
242760,The Forest,positive,지인이 이게임해보자 해서 바로 다운받고 한 게임이라 정보가없이했는데...... 공포인줄모르고 집에서 혼자 하다가 게임상에서 밤에 비오고 천둥번개치는데 식인종나와서 진심 놀라서 그다음부터 혼자서는 안하고 멀티만 했다는.... 게임자체는 재미있습니다.강추! 스토리도 좋고 영화로도 나왔으면 좋겠네요,지인 이 이 게임 해보자 해서 바로 다운 받고 한 게임 이라 정보 가 없이 했는데 ...... 공포 인 줄 모르고 집 에서 혼자 하다가 게임상 에서 밤 에 비오고 천둥 번개 치는데 식인종 나와서 진심 놀라서 그다음 부터 혼자 서는 안 하고 멀티 만 했다는 .... 게임 자체 는 재미있습니다 . 강추 ! 스토리 도 좋고 영화로 도 나왔으면 좋겠네요,2018-10-10 16:14:54
242760,The Forest,positive,평화롭게 살고 있던 실험체들이 하늘에서 내려온 베어그릴스에게 사지가 잘리고 잡아먹히는 생존 서바이벌 게임,평화롭게 살 고 있던 실험 체 들 이 하늘 에서 내려온 베어그릴스 에게 사지 가 잘리고 잡아먹히는 생존 서바이벌 게임,2018-10-10 02:16:07
242760,The Forest,positive,난 니가 누군지 모른다 하지만 널 찾아서 먹어주지...,난 니 가 누군지 모른다 하지만 널 찾아서 먹어주지 ...,2018-10-09 16:49:00
242760,The Forest,positive,.,.,2018-10-08 23:28:25
242760,The Forest,positive,딱 잠깐 즐길수있는 일회용게임. 엔딩 본 뒤 자유롭게 생존을 즐길수있지만 이미 엔딩 찾는 과정에서 질릴대로 질려버림 20시간동안 엔딩보고 끝. 더 할 맘 안남. 2만원짜리 20시간게임,딱 잠깐 즐길수있는 일회용 게임 . 엔딩 본 뒤 자유롭게 생존 을 즐길수있지만 이미 엔딩 찾는 과정 에서 질릴대로 질려 버림 20시간 동안 엔딩 보고 끝 . 더 할 맘 안남 . 2만원 짜리 20시간 게임,2018-10-07 23:16:14
242760,The Forest,positive,엄..???,엄 ..???,2018-10-07 22:43:09
242760,The Forest,positive,혼자해도꿀잼 같이하면허니잼:-),혼자 해도 꿀잼 같이 하면 허니 잼 :-),2018-10-07 07:48:17
242760,The Forest,positive,"재밌음, 아직 스토리 추가 안된 부분도 있는거같은데 추가되면 갓겜","재밌음 , 아직 스토리 추가 안된 부분 도 있는거 같은데 추가 되면 갓 겜",2018-10-06 20:12:44
242760,The Forest,positive,"최고의 생존겜. 집짓기 하나부터 식사,적,무기류 등 모든것이 완벽함. 인벤 정리도 깔끔하며 맵도 넓고 스토리도 탄탄한 좋은 생존겜.","최고 의 생존 겜 . 집짓기 하나 부터 식사 , 적 , 무기 류 등 모든 것 이 완벽함 . 인벤 정리 도 깔끔하며 맵 도 넓고 스토리 도 탄탄한 좋은 생존 겜 .",2018-10-06 18:22:17
242760,The Forest,positive,처음 친구들이 하길래 세일에 맞쳐서 샀는데 한 4일하고 안하게된 게임 할땐 재밌었다,처음 친구 들 이 하길래 세 일 에 맞 쳐서 샀는데 한 4일 하고 안 하게 된 게임 할 땐 재밌었다,2018-10-05 07:28:55
242760,The Forest,positive,클라이밍 엑스 필요없읍니다 그냥 돌진하세요 길은 다 이어져 있음.,클라 이 밍 엑스 필요없 읍니 다 그냥 돌진 하세요 길은 다 이어져 있음 .,2018-10-04 23:34:32
242760,The Forest,positive,어우 무서워 -> 어우 맛있어,어우 무서워 -> 어우 맛있어,2018-10-04 17:44:50
242760,The Forest,positive,넘나 무서운것;;,넘나 무서운것 ;;,2018-10-03 20:31:33
242760,The Forest,positive,5시간만 해도 식인종을 어떻게 놀리고 어떻게 요리해먹을까 고민하는게임,5시간 만 해도 식인종 을 어떻게 놀리고 어떻게 요리 해 먹을까 고민 하는 게임,2018-10-01 18:35:11
242760,The Forest,positive,다른 사람이 하는 걸 보면 재밌는데 왜 내가 하면 개노잼에 지겹기만 한건지 모르겠음... 살만은 함,다른 사람 이 하는 걸 보면 재밌는데 왜 내 가 하면 개 노잼 에 지겹기만 한 건 지 모르겠음 ... 살 만은 함,2018-10-01 01:30:22
242760,The Forest,positive,아이템 파밍하는게 재미있네요,아이템 파밍 하는게 재미있네요,2018-09-30 18:20:29
242760,The Forest,positive,게임 자체는 재밌지만 버그가 좀 있음,게임 자체 는 재밌지만 버그 가 좀 있음,2018-09-29 09:56:55
242760,The Forest,positive,초반에 숲에서 집짓고 크래프팅할때만해도 와 그래픽도 좋고 괜찮다 - 하다가 첫 밤을 마주할때 한번 팬티 적시고 동굴을 발견하고 동굴내부를 탐사할때는 이미 하반신 전체가 젖어있는 자신을 발견할 수 있다. 리얼루 동굴 개무서움,초반 에 숲 에서 집 짓고 크 래프팅 할 때 만해 도 와 그래픽 도 좋고 괜찮다 - 하다가 첫 밤 을 마주 할 때 한번 팬티 적시고 동굴 을 발견 하고 동굴 내부 를 탐사 할 때 는 이미 하반신 전체 가 젖어있는 자신 을 발견 할 수 있다 . 리얼 루 동굴 개 무서움,2018-09-28 18:23:22
242760,The Forest,positive,해본 생존 게임 중에서 가장 재미있어요,해본 생존 게임 중 에서 가장 재미있어요,2018-09-28 06:10:07
242760,The Forest,positive,호러 분위기 있고 게임성도 좋은 게임,호러 분위기 있고 게임 성도 좋은 게임,2018-09-27 22:51:10
242760,The Forest,positive,식인종 섬에 불시착했지만 정작 식인종은 플레이어이다. 전기톱을 얻는순간 아마존의 눈물을 볼 수 있다. 지금 당장 식인종을 먹으면서 아마존의 눈물을 보여주고 섬을 지배하세요!!,식인종 섬 에 불시 착했지만 정작 식인종 은 플레이어 이다 . 전기톱 을 얻는 순간 아마존 의 눈물 을 볼 수 있다 . 지금 당장 식인종 을 먹으면서 아마존 의 눈물 을 보여주고 섬 을 지배 하세요 !!,2018-09-27 22:43:29
242760,The Forest,positive,하나부터 열가지 빡치는게임인것 같은대 힐링겜,하나 부터 열 가지 빡치는 게임 인 것 같은대 힐링 겜,2018-09-27 18:52:04
242760,The Forest,positive,잘 만든 게임입니다. 추천합니다. 멀티플레이를 하실 때는 지인과 같이 프라이빗 p2p 서버에서 하시길 바라요. 야생방에는 모드를 사용하는 난봉꾼들이 많습니다. 호스트가 추방을 시도해도 모드가 막아서 그 사람 추방이 안되더군요. 대처방법이 전혀 없는 상태니 저처럼 열받지 마시고 비번걸고 친구들과 재밋게 즐기세요.,잘 만든 게임 입니다 . 추천 합니다 . 멀티플레이 를 하실 때 는 지인 과 같이 프라이 빗 p 2 p 서버 에서 하시길 바라요 . 야생 방 에는 모드 를 사용 하는 난봉 꾼 들이 많습니다 . 호스트 가 추방 을 시도 해도 모드 가 막아서 그 사람 추방 이 안되더군요 . 대처 방법 이 전혀 없는 상태 니 저 처럼 열 받지 마시고 비번 걸고 친구 들 과 재밋 게 즐기세요 .,2018-09-26 23:41:51
242760,The Forest,positive,식인종과의 러브스토리를 찍고 나면 아들을 찾는건 조금 늦어진다.,식인종 과의 러브스토리 를 찍고 나면 아들 을 찾는건 조금 늦어진다 .,2018-09-26 23:10:25
242760,The Forest,positive,ㅁㄴㅇㄹㄹㄹㄹㄹㄹ,ㅁㄴㅇㄹㄹㄹㄹㄹㄹ,2018-09-26 19:25:39
242760,The Forest,positive,와 존나 젬있다,와 존나 젬있다,2018-09-26 15:36:51
242760,The Forest,positive,아침에는 마크 저녁에는 공포겜,아침 에는 마크 저녁 에는 공포 겜,2018-09-26 14:44:29
242760,The Forest,positive,ㄱㅁㄸ,ㄱㅁㄸ,2018-09-26 14:09:47
242760,The Forest,positive,"내가원래 오픈월드식 생존게임을 매우 좋아함. 더포레스트 처음 봤을땐. 마크 짝퉁인줄 알았는데 ㅈㄴ잘되있는 최적화와 개성있는 적군들(패턴이 다양함), 강력한 적군과 스토리, 그리고 보스전 까지..! 이거완전 내취향이다. 진짜로 처음엔 칩만들고는 밖에 나가기도 무서워서 덜덜덜 떨다가 한 3시간 정도 하고나서는 식인종 나오면, ""어...? 고기다~!"" 이러면서 내가오히려 얘네는 쫓고있는 해프닝이 발생함. 물론 돌연변이들은 진짜 극-혐 적으로 싫지만 불해골로 톡톡톡 쳐주면 불대미지가 여기선 가히 세계최강급 이라서 잡을수 없는것도 아님.","내 가원 래 오픈월드 식 생존 게임 을 매우 좋아함 . 더 포레스트 처음 봤을 땐 . 마크 짝퉁 인 줄 알았는데 ㅈㄴ 잘 되있는 최적화 와 개성 있는 적군 들 ( 패턴 이 다양함 ), 강력한 적군 과 스토리 , 그리고 보스 전 까지 ..! 이 거 완전 내 취향 이다 . 진짜 로 처음 엔 칩 만들고는 밖에 나가기도 무서워서 덜덜 덜 떨다가 한 3시간 정도 하고 나서는 식인종 나오면 , "" 어 ...? 고기 다 ~!"" 이러면서 내 가 오히려 얘 네 는 쫓고있는 해프닝 이 발생 함 . 물론 돌연변이 들 은 진짜 극 - 혐 적 으로 싫지만 불해 골로 톡톡 톡 쳐주면 불 대미지 가 여 기선 가히 세계 최강 급 이라서 잡을수 없는것도 아님 .",2018-09-26 11:41:50
242760,The Forest,positive,.,.,2018-09-26 10:55:24
242760,The Forest,positive,아들? 아들이 있었던가?,아들 ? 아들 이 있었던가 ?,2018-09-25 07:46:13
242760,The Forest,positive,이 게임은? 공포 생존게임이 아니다 돌연변이와 식인종들과 더불어 자연속에서 함께 살아가는 게임이다. 엔딩은 안봐도 좋은게임. 보면 좋긴한데 안봐도 상관없다 왜냐면 집짓느라 시간 다가거든..,이 게임 은 ? 공포 생존 게임 이 아니다 돌연변이 와 식인종 들 과 더불어 자 연속 에서 함께 살아가는 게임 이다 . 엔딩 은 안 봐도 좋은 게임 . 보면 좋 긴한데 안 봐도 상관없다 왜냐면 집 짓느라 시간 다가 거든 ..,2018-09-23 14:13:46
242760,The Forest,positive,후속작이 나왔으면 하는 게임 아들 시점으로,후속작 이 나왔으면 하는 게임 아들 시점 으로,2018-09-22 00:03:48
242760,The Forest,positive,할인잘안함,할인 잘 안 함,2018-09-21 05:34:39
242760,The Forest,positive,.........,.........,2018-09-20 21:52:28
242760,The Forest,positive,게임은 재밌게하는데 세이브파일이 계속 날라가네요.. 왜 그럴까요 솔로플레이 때 말이죠.. 매우 아쉽습니다.,게임 은 재밌게하는데 세이브 파일 이 계속 날라가네요 .. 왜 그럴까 요 솔로 플레이 때 말 이 죠 .. 매우 아쉽습니다 .,2018-09-20 17:52:20
242760,The Forest,positive,무섭고 재밌고 흥미롭다,무섭고 재밌고 흥미롭다,2018-09-20 17:41:31
242760,The Forest,positive,혼자하면 무서워서 못해여 ㅠㅠ 친구랑 3~4인큐 햇는데 진짜 적당한 속도로 하면 재밌어여. 중간에 고인물 친구 들어와서 금방 깨져서 좀 아쉬웠지만... 원주민 울음소리가 진짜 소름끼침;,혼자 하면 무서워서 못 해여 ㅠㅠ 친구 랑 3~4 인큐 햇 는데 진짜 적당한 속도 로 하면 재밌어여 . 중간 에 고 인물 친구 들어와서 금방 깨져서 좀 아쉬웠지만 ... 원주민 울음소리 가 진짜 소름끼침 ;,2018-09-20 06:28:14
242760,The Forest,positive,이 게임은 헤드셋끼고 사운드 빵빵하게 하고 해야함... 영상보다 사운드가 지린다.... 식인종의 도발소리 ㄷㄷㄷㄷ 무서워서 혼자 못하겠음... 그래서 건축놀이만 하게되네 그래도 좋음.,이 게임 은 헤드셋 끼 고 사운드 빵빵 하게 하고 해야 함 ... 영상 보다 사운드 가 지 린다 .... 식인종 의 도발 소리 ㄷㄷㄷㄷ 무서워서 혼자 못 하겠음 ... 그래서 건축 놀이 만 하게되 네 그래도 좋음 .,2018-09-17 20:07:28
242760,The Forest,positive,식인종 한명 있으면 밥한공기 뚝딱!,식인종 한 명 있으면 밥 한 공기 뚝딱 !,2018-09-17 03:21:09
242760,The Forest,positive,하루종일 나무캐야함ㅋㅋㅋㅋㅋㅋ,하루 종일 나무 캐야 함 ㅋㅋㅋㅋㅋㅋ,2018-09-16 14:40:45
242760,The Forest,positive,"일단 재밌는 게임입니다 처음에 포레스트에 관련된 영상이나 팁들을 보지 않아서 좀 힘든구석이 있었습니다,다양한 식인종들의 능력이나 그 식인종의 포지션이나 하는일 등등 전혀 모르고 플레이했었습니다.여러 팁들을 알려드리자면 1.비행기가 추락하고 나서 식인종들은 당신이 그 섬에 있는지를 모릅니다(그러니 정찰 식인종들한테 들키기 전까지는 즉,운이 좋으면 엔딩 볼때까지 식인종을 스토리에 필요한 것 빼고는 안만날수도 있습니다) 2.각양각색한 식인종들의 능력:테니스공에 불을 붙여 던지는 식인종,일반 식인종들과 자주 싸우는 마른식인종(마른식인종들","일단 재밌는 게임 입니다 처음 에 포레스트 에 관련 된 영상 이나 팁 들 을 보지 않아서 좀 힘든 구석 이 있었습니다 , 다양한 식인종 들 의 능력 이나 그 식인종 의 포지션 이나 하는 일 등등 전혀 모르고 플레이 했었습니다 . 여러 팁 들 을 알려 드리자면 1 . 비행기 가 추락 하고 나서 식인종 들 은 당신 이 그 섬 에 있는지를 모릅니다 ( 그러니 정찰 식인종 들 한테 들키기 전 까지는 즉 , 운 이 좋으면 엔딩 볼때 까지 식인종 을 스토리 에 필요한 것 빼고는 안 만날수도 있습니다 ) 2 . 각양각색 한 식인종 들 의 능력 : 테니스공 에 불 을 붙여 던지는 식인종 , 일반 식인종 들 과 자주 싸우는 마른 식인종 ( 마른 식인종 들",2018-09-16 10:53:34
242760,The Forest,positive,"다좋은데 왜 개발자모드가 적용이 안되는거죠?,,,","다 좋은데 왜 개발자 모드 가 적용 이 안되는거죠 ?,,,",2018-09-15 17:04:08
242760,The Forest,positive,"너무 무서워서 못하겠어요,,,, 친구 잇어야 해,,,,,ㅠㅠ","너무 무서워서 못 하겠어요 ,,,, 친구 잇어야 해 ,,,,, ㅠㅠ",2018-09-14 20:45:41
242760,The Forest,positive,5.7 gb라는 적은용량에 놀라 공중제비 5바퀴 돌고 착지해서 ssd에 10분 이하만에 깔았습니다,5.7 gb 라는 적은 용량 에 놀라 공중 제비 5 바퀴 돌고 착지 해서 ssd 에 10분 이하 만에 깔았습니다,2018-09-14 19:41:56
242760,The Forest,positive,아앙 이겜 너무 조앙 평소에 보던 애니 다때려치우고 계속 햇더니 약 1주만에 53시간 이라닝! 어마어마 한갓겜! 배그도재미없고 옵치도재미 없어졋는데 쩐다 한글채팅문제가 좀거슬리지만..ㅋ,아앙 이 겜 너무 조앙 평소 에 보던 애니 다 때려 치우고 계속 햇 더니 약 1 주 만에 53시간 이라닝 ! 어마 어마 한갓 겜 ! 배 그 도 재미없고 옵치도 재미 없어 졋 는데 쩐다 한글 채팅 문제 가 좀 거슬리지만 .. ㅋ,2018-09-14 19:36:16
242760,The Forest,positive,"서바이벌류 게임 중 가장 탄탄한 스토리 인듯.. ""자식은 건드는게 아니다""를 몸소 실천","서바이벌 류 게임 중 가장 탄탄한 스토리 인듯 .. "" 자식 은 건 드는게 아니다 "" 를 몸소 실천",2018-09-13 17:51:02
242760,The Forest,positive,무서운 건축게임. 집짖고 사냥하고 하는데 누군가가 날 때리고 있음.,무서운 건축 게임 . 집 짖고 사냥 하고 하는데 누군가 가 날 때리고 있음 .,2018-09-13 05:02:04
242760,The Forest,positive,정말 재밌음 갓겜,정말 재밌음 갓 겜,2018-09-11 20:20:26
242760,The Forest,positive,재밌네,재밌네,2018-09-10 08:43:37
242760,The Forest,positive,vr지원 = 갓겜,vr 지원 = 갓 겜,2018-09-09 15:25:39
242760,The Forest,positive,식인종 개꿀맛,식인종 개꿀맛,2018-09-09 02:06:15
242760,The Forest,positive,멀티 플레이 하는데 치트 핵을 쓰면서 플레이 방해 하는것좀 막아 줄순 없을까 핵쓰는사람 차단 추방도 못해서 짜증남.,멀티 플레이 하는데 치트 핵 을 쓰면서 플레이 방해 하는것 좀 막아 줄순 없을까 핵 쓰는 사람 차단 추방 도 못 해서 짜증남 .,2018-09-08 21:30:09
242760,The Forest,positive,가성비,가성 비,2018-09-07 21:21:52
242760,The Forest,positive,혼자서하면 병신겜 친구랑하면 갓겜,혼자 서하면 병신 겜 친구 랑 하면 갓 겜,2018-09-07 01:45:10
242760,The Forest,positive,"처음으로 접해본 [생존게임]이자 건축(?)게임 ㅋㅋ 시간이 흐를수록 다양한 도시락(?) 친구들이 찾아오는데 처음에는 무섭지만, 내 기지가 튼튼해지고 내 배낭이 가득 찰수록 만만해집니다 ㅋㅋ 그리고 나중에는 도시락 친구들을 찾아다니죠 (플레이 500시간이 넘은 어느 순간. 근처 지형만 보고 순찰로를 피하고 필요한 동물을 찾으며 길을 찾는 저를 발견하게 되었네요;;) 건축 게임으로도 매우 재미있어서, 다양한 시도를 해봤던 굿 겜!!","처음 으로 접 해본 [ 생존 게임 ] 이자 건축 (?) 게임 ㅋㅋ 시간 이 흐를수록 다양한 도시락 (?) 친구 들 이 찾아오는데 처음 에는 무섭지만 , 내 기지 가 튼튼해지고 내 배낭 이 가득 찰수록 만만해 집니다 ㅋㅋ 그리고 나중 에는 도시락 친구 들 을 찾아다니죠 ( 플레이 500시간 이 넘은 어느 순간 . 근처 지형 만 보고 순찰 로 를 피하 고 필요한 동물 을 찾으며 길 을 찾는 저 를 발견 하게 되었네요 ;;) 건축 게임 으로도 매우 재미있어서 , 다양한 시도 를 해봤던 굿 겜 !!",2018-09-02 13:53:19
242760,The Forest,positive,세일안할때 게임산게 오랜만이지만 엄청 재미있습니다 ^_^~~,세 일 안 할 때 게임 산 게 오랜 만이 지만 엄청 재미있습니다 ^_^~~,2018-09-02 05:06:36
242760,The Forest,positive,가끔식 이상한사람들 와서 건물 막 뿌수고나갑니다...,가끔 식 이상한 사람 들 와서 건물 막 뿌 수고 나갑니다 ...,2018-09-01 22:36:47
242760,The Forest,positive,Funny.,Funny .,2018-09-01 16:38:43
242760,The Forest,positive,맘에드는 여성분에게 예쁜 손도끼로 프러포즈 후 더치와이프로 데려갈수 있습니다.,맘 에드 는 여성 분 에게 예쁜 손도끼 로 프러포즈 후 더치 와이 프로 데려갈수 있습니다 .,2018-08-31 16:06:10
242760,The Forest,positive,"처음에야 식인종이 무섭지 나중에 만들고 싶은 인테리어(?)아이템 있으면 와 뼈다(나중에는 식인종이라고도 안부름 뼈라 부름)하고 달려가서 신나게 잡음. 업데이트 전 버전도 충분히 재미있었고 친구랑 멀티하면 재미가 3배 친구가 있어야 하겠지만 이 게임 친구가 어디 유튜브같은데서 실황보고 와서 하고싶다고 강제 선물한 게임이긴 한데 내 돈 주고도 구매 의사 확실히 있는 게임 근데 솔직히 나는 아직 식인종 무서움,,,,,,,,","처음 에야 식인종 이 무섭지 나중 에 만들고 싶은 인테리어 (?) 아이템 있으면 와 뼈 다 ( 나중 에는 식인종 이라고도 안 부름 뼈 라 부름 ) 하고 달려가서 신나게 잡음 . 업데이트 전 버전 도 충분히 재미있었고 친구 랑 멀티 하면 재미 가 3 배 친구 가 있어야 하겠지만 이 게임 친구 가 어디 유튜브 같은데서 실황 보고 와서 하고싶다고 강제 선물 한 게임 이긴 한데 내 돈 주 고도 구매 의사 확실히 있는 게임 근데 솔직히 나 는 아직 식인종 무서움 ,,,,,,,,",2018-08-31 04:25:41
242760,The Forest,positive,처음에는 누구나 그냥 생존겜이겠지 하겠지만 상상하지도 못한 스토리랑 반전 그리고 이 게임의 명품 족발이랑 족팔을 먹으며 이 게임에 익숙해지지만 지금은 제작자의 소홀한거 같은 관리 부실한 컨텐츠 업데이트 정식출시 하고 이제 게임을 놓은듯 하다,처음 에는 누구 나 그냥 생존 겜 이 겠지 하겠지만 상상 하지도 못 한 스토리 랑 반전 그리고 이 게임 의 명품 족발 이랑 족팔 을 먹으며 이 게임 에 익숙해지지만 지금 은 제작자 의 소홀한거 같은 관리 부실한 컨텐츠 업데이트 정식 출시 하고 이제 게임 을 놓은 듯 하다,2018-08-30 22:27:52
242760,The Forest,positive,문득 정신차려보니 팔자리를 자르고있었다,문득 정신차려 보니 팔 자리 를 자르고있었다,2018-08-30 03:00:08
242760,The Forest,positive,기본적인 이야기는 같으나 개별적인 엔딩을 제공하여 플레이어의 선택을 요구한다. p.s 친구가 있다면 게임이 달라진다.,기본 적 인 이야기 는 같으나 개별 적 인 엔딩 을 제공 하여 플레이어 의 선택 을 요구 한 다 . p . s 친구 가 있다면 게임 이 달라진다 .,2018-08-29 23:17:02
242760,The Forest,positive,아 내창,아 내 창,2018-08-29 18:57:45
242760,The Forest,positive,잼씀,잼 씀,2018-08-29 13:49:43
242760,The Forest,positive,단서모으고 스토리 유추하는 재미가 있음 생존 재미는 덤.,단서 모으고 스토리 유추 하는 재미 가 있음 생존 재미 는 덤 .,2018-08-28 21:15:49
242760,The Forest,positive,"스토리면 스토리대로, 생존이면 생존대로, 뭐 하나 부족한게 없는 게임입니다. 친구랑도 혼자서도 스토리 엔딩을 봤는데 보고 나서도 재밌게 하고있습니다. 정말 게임이 잘 구성되있다고밖에 할말이 없습니다. 띵작!","스토리 면 스토리 대로 , 생존 이면 생존 대로 , 뭐 하나 부족한게 없는 게임 입니다 . 친구 랑 도 혼자 서도 스토리 엔딩 을 봤는데 보고 나서도 재밌게 하고있습니다 . 정말 게임 이 잘 구성 되있다고밖에 할말이 없습니다 . 띵작 !",2018-08-26 17:47:15
242760,The Forest,positive,저장햇는데 날라감요..;;;;; 죽고싶음,저장 햇 는데 날라 감 요 ..;;;;; 죽고싶음,2018-08-25 22:30:58
242760,The Forest,positive,식인종을 학살하며 전리품을 남기는 맛이 좋습니다. (가까이 오기만 해봐),식인종 을 학살 하며 전리품 을 남기는 맛 이 좋습니다 . ( 가까이 오기 만 해봐 ),2018-08-22 17:13:13
242760,The Forest,positive,친구에게 선물을했는데 왜 선물이안가고 보류중인걸로 나오나요? 해결방법은없나요?,친구 에게 선물 을 했는데 왜 선물 이안 가고 보류 중 인걸 로 나오나요 ? 해결 방법 은 없나요 ?,2018-08-22 04:12:13
242760,The Forest,positive,R,R,2018-08-21 14:20:39
242760,The Forest,positive,식인종 구워먹으면 개꿀맛!!!,식인종 구워 먹으면 개꿀맛 !!!,2018-08-19 17:09:43
242760,The Forest,positive,공포게임을 못하는 사람에게도 플레이를 할 수 있게 만드는 갓겜,공포 게임 을 못 하는 사람 에게도 플레이 를 할 수 있게 만드는 갓 겜,2018-08-18 16:56:17
242760,The Forest,positive,Go to the pandora,Go to the pandora,2018-08-17 21:36:29
242760,The Forest,positive,혼자하면 지루하거나 재미없을수도 있지만 친구들과 함께 하시면 재밌습니다 저는 혼자 하지만요.. Alone can be boring or not fun It's fun to be with your friends But I am alone,혼자 하면 지루하거나 재미없을수도 있지만 친구 들 과 함께 하시면 재밌습니다 저 는 혼자 하지 만요 .. Alone can be boring or not fun It ' s fun to be with your friends But I am alone,2018-08-16 16:09:17
242760,The Forest,positive,너무 빨리 엔딩봐버렸으 후속작 좀...,너무 빨리 엔딩 봐 버렸으 후속작 좀 ...,2018-08-16 08:55:53
242760,The Forest,positive,good,good,2018-08-14 18:48:43
242760,The Forest,positive,존나 화승총 애미뒤진거 왜조각나서 지랄이야,존나 화승총 애 미 뒤진거 왜 조각 나서 지랄 이야,2018-08-14 18:25:55
242760,The Forest,positive,현실적이면서도 너무 현실을 따라가 불편해지는 부분은 과감하게 쳐낸 서바이벌 게임의 수작입니다,현실 적 이 면서 도 너무 현실 을 따라가 불편해지는 부분 은 과감 하게 쳐 낸 서바이벌 게임 의 수작 입니다,2018-08-14 05:22:51
242760,The Forest,positive,생존게임중 가격에비해 가성비짱이고 스릴감도 대박임,생존 게임 중 가격 에 비해 가성 비 짱 이고 스릴 감도 대박 임,2018-08-14 04:27:26
242760,The Forest,positive,무서운 와중에 엔딩 겨우 본 게임. 미스테리한 분위기가 게임 전체를 지배한다. 생각할 수록 굉장한 수작이다.,무서운 와중 에 엔딩 겨우 본 게임 . 미스테리 한 분위기 가 게임 전체 를 지배 한 다 . 생각 할 수록 굉장한 수작 이다 .,2018-08-12 02:46:13
242760,The Forest,positive,진짜 꿀잼이에요 한번해보세요,진짜 꿀잼 이에요 한번 해보세요,2018-08-11 12:23:03
242760,The Forest,positive,초반엔 암것도몰라서 ㅈ노잼인데 하면할수록 익숙해지면서 재미있어짐 ㄹㅇ 요즘은 배그보다 재밌음 친구랑하면 더 좋고,초반 엔 암 것 도 몰라서 ㅈ 노잼 인데 하면 할수록 익숙해지면서 재미있어 짐 ㄹㅇ 요즘 은 배그 보다 재밌음 친구 랑 하면 더 좋고,2018-08-11 00:51:13
242760,The Forest,positive,최고,최고,2018-08-10 23:25:33
242760,The Forest,positive,혼자 하기 무서우면 친구랑 같이 하면 됌. 거의 모든 게임이 그렇지만 친구랑 같이 하면 공포가 상당히 사라짐.,혼자 하기 무서우면 친구 랑 같이 하면 됌 . 거의 모든 게임 이 그렇지만 친구 랑 같이 하면 공포 가 상당히 사라짐 .,2018-08-09 02:35:04
242760,The Forest,positive,그냥 현대적인 활쓰세요.,그냥 현대 적 인 활 쓰세요 .,2018-08-07 07:51:52
242760,The Forest,positive,"평소 이런 생존 게임을 많이 해봤지만, 지금까지 해 본 생존 게임들 중에서도 손에 꼽을 정도로 재밌게 플레이 했습니다. 다만, 친구들이랑 멀티를 할 때 피시방에서 저장 시, 호스트를 제외한 게스트들은 제대로 세이브 파일이 저장이 안되는 문제가 있으니 참고하시길!","평소 이런 생존 게임 을 많이 해봤지만 , 지금 까지 해 본 생존 게임 들 중 에서도 손 에 꼽 을 정도 로 재밌게 플레이 했습니다 . 다만 , 친구 들 이랑 멀티 를 할 때 피시방 에서 저장 시 , 호스트 를 제외 한 게스트 들 은 제대로 세이브 파일 이 저장 이 안되는 문제 가 있으니 참고 하시길 !",2018-08-06 17:00:46
242760,The Forest,positive,와와와와와와와와와와와와와와와와완전재미있슴돠 특히 겁쟁이들과 같이 게임하면 더욱더더욱더 재미있슴돠 그들이 꺄꺄꺄꺄꺄꺄 거리는 정말 재미있슴돠 너무무섭다고 떄리는 친구도 친구도 재미있슴돠 친구에 흑역사를 만들어주고 싶다면 이게임 추천드립니다..ㅎㅎㅎㅎㅎ 특히 동굴데려가요,와 와 와 와 와 와 와 와 와 와 와 와 와 와 와 와 완전 재미있 슴돠 특히 겁쟁이 들 과 같이 게임 하면 더욱더 더욱더 재미있 슴돠 그 들 이 꺄꺄꺄꺄꺄꺄 거리 는 정말 재미있 슴돠 너무 무섭다고 떄리는 친구 도 친구 도 재미있 슴돠 친구 에 흑역사 를 만들어주고 싶다면 이 게임 추천 드립니다 .. ㅎㅎㅎㅎㅎ 특히 동굴 데려가요,2018-08-04 19:21:37
242760,The Forest,positive,초반부터 양학 가능한 갓겜,초반 부터 양 학 가능한 갓 겜,2018-08-03 14:19:32
242760,The Forest,positive,주인공이 비행기에서 추락해서 깨자마자 아들 잊어버리고 비행기 승무원의 옷을 벗겨서 승무원의 검은 스타킹도 잊지 않고 입는게임 또한 건축물로 설산 올라갈데까지 올라가서 스키점프대 만들고 거북이 등껍질로 스키하는게임,주인공 이 비행기 에서 추락 해서 깨자마자 아들 잊어버리고 비행기 승무원 의 옷 을 벗겨서 승무원 의 검은 스타킹 도 잊지 않고 입는 게임 또한 건축물 로 설산 올라갈데까지 올라가서 스키점프대 만들고 거북이 등 껍질 로 스키 하는 게임,2018-08-02 19:03:40
242760,The Forest,positive,God Game,God Game,2018-08-02 15:12:47
242760,The Forest,positive,시도때도 없이 배고픈 아빠의 아들찾기.,시도 때 도 없이 배고픈 아빠 의 아들 찾기 .,2018-08-01 01:59:42
242760,The Forest,positive,"갓------------------껨 앞으로 엔딩 쫌 더 나오거나 여러가지 몹,아니템 추가되면 더 재미있을듯","갓 ------------------ 껨 앞 으로 엔딩 쫌 더 나오거나 여러가지 몹 , 아니 템 추가 되면 더 재미있을듯",2018-07-31 22:53:35
242760,The Forest,positive,게임 시작시 건너뛰기하고나서 화면이 멈추는데 어떻게 해야하나요 글피 970에 i7 8700k 인데 멈추는 이유를 모르겠네요요 도와주세요 행님들,게임 시 작시 건너 뛰기 하고나서 화면 이 멈추는데 어떻게 해야하나요 글피 970 에 i 7 8700 k 인데 멈추는 이유 를 모르겠 네 요요 도와주세요 행 님 들,2018-07-31 16:28:59
242760,The Forest,positive,"가성비는 최고라고 생각함, 소소한 건축의 재미가 일품","가성 비는 최고 라고 생각 함 , 소소한 건축 의 재미 가 일품",2018-07-30 23:35:33
242760,The Forest,positive,b,b,2018-07-30 23:35:05
242760,The Forest,positive,짚라인 재미따 흐헿,짚라인 재미 따 흐헿,2018-07-30 22:41:37
242760,The Forest,positive,친구랑 하면 모험 나 혼자하면 생존 을 원햇건만 현실은 혼파망..,친구 랑 하면 모험 나 혼자 하면 생존 을 원 햇 건만 현실 은 혼 파망 ..,2018-07-30 12:35:19
242760,The Forest,positive,가을출타 4와의 큰 공통점이 있다. 아들을 찾는게 게임의 가장 큰 목적이고 주인공의 삶의 이유인데 플레이어는 그런건 됐고 건축과 살육에 눈이 돌아가 모험의 세계를 즐긴다. 같이 할 플레이어가 있다면 그 재미는 몇배가 되니 같이 할 친구가 있다면 꼭 꼬셔서 해보시라. (그리고 같이 할 친구가 있으면 노동력이 생겨서 내 일이 그만큼 줄어듬. ^~^) 다만 생각보다 그렇게 아주 만족스러운 게임은 아님. 그래도 준갓겜 정도는 되는듯.,가을 출타 4 와의 큰 공통점 이 있다 . 아들 을 찾는게 게임 의 가장 큰 목적 이고 주인공 의 삶 의 이유 인데 플레이어 는 그런건 됐고 건축 과 살육 에 눈 이 돌아가 모험 의 세계 를 즐긴다 . 같이 할 플레이어 가 있다면 그 재미 는 몇 배 가 되니 같이 할 친구 가 있다면 꼭 꼬셔 서 해보시라 . ( 그리고 같이 할 친구 가 있으면 노동 력 이 생겨서 내 일이 그만큼 줄어듬 . ^~^) 다만 생각 보다 그렇게 아주 만족스러운 게임 은 아님 . 그래도 준 갓 겜 정도 는 되는듯 .,2018-07-30 12:17:28
242760,The Forest,positive,아들만안찾아다니면 그냥 힐링되는 건축게임...(?),아들 만 안 찾아다니면 그냥 힐링 되는 건축 게임 ...(?),2018-07-30 00:35:14
242760,The Forest,positive,개꿀잼 겜,개꿀잼 겜,2018-07-29 16:26:01
242760,The Forest,positive,"처음으로 다른 BJ 분들과 하기위해 막무가내로 구입한 게임, 옛 베타시절 부터 해봤지만 흥미를 느끼지는 못했다. 엔딩은 스포라 이야기 할순 없지만 전반적으로 꽤나 힘든 난이도, 하지만 대규모 업데이트 이후 새로운 흥미를 느꼈다. 생존게임에 더불어 강화된 멀티플레이 까지 전부 , [추천]","처음 으로 다른 BJ 분 들 과 하기 위해 막무가내 로 구입 한 게임 , 옛 베타 시절 부터 해봤지만 흥미 를 느끼지는 못 했다 . 엔딩 은 스포 라 이야기 할 순 없지만 전반 적 으로 꽤 나 힘든 난이도 , 하지만 대규모 업데이트 이후 새로운 흥미 를 느꼈다 . 생존 게임 에 더불어 강화 된 멀티플레이 까지 전부 , [ 추천 ]",2018-07-28 20:11:22
242760,The Forest,positive,식인종 ㄹㅇ밥도둑,식인종 ㄹㅇ 밥 도둑,2018-07-28 00:07:58
242760,The Forest,positive,이정도그래픽에 동굴구현이렇게해놧는데 2기가를안넘는다고? 갓겜이네그냥 ㄹㅇ,이 정도 그래픽 에 동굴 구현 이렇게 해놧 는데 2 기 가를안 넘는다고 ? 갓 겜 이네 그냥 ㄹㅇ,2018-07-27 12:31:24
242760,The Forest,positive,혼자는 심장이 너무 쫄깃하고.. 여러 명 같이 할 수록 더 재미있는 게임 처음 시작 할 땐 건물파괴 옵션 꺼놓고 하시는 걸 추천!,혼자 는 심장 이 너무 쫄깃 하고 .. 여러 명 같이 할 수록 더 재미있는 게임 처음 시작 할 땐 건물 파괴 옵션 꺼놓고 하시는 걸 추천 !,2018-07-27 01:22:51
242760,The Forest,positive,식인종들을 맛있게 양념구이 해먹으며 양심의 가책을 느꼈습니다... 다리살이 맛있더군요,식인종 들 을 맛있게 양념 구이 해 먹으며 양심 의 가책 을 느꼈습니다 ... 다리 살이 맛있더군요,2018-07-26 19:43:36
242760,The Forest,positive,매번 쫄게 만드는거만 제외하고 모든 요소들이 질리지 않음,매번 쫄 게 만드는거만 제외 하고 모든 요소 들 이 질리 지 않음,2018-07-25 23:20:17
242760,The Forest,positive,마! 니 쉭인종 무봤나? 함 무바라 직인다 아이가,마 ! 니 쉭 인종 무 봤나 ? 함 무 바라 직 인 다 아이 가,2018-07-25 13:05:11
242760,The Forest,positive,이거 아들 다시 찾는게임인거 알죠?,이 거 아들 다시 찾는 게임 인거 알 죠 ?,2018-07-25 00:08:55
242760,The Forest,positive,god game!,god game !,2018-07-23 21:37:38
242760,The Forest,positive,The Cave로 바꿔라.,The Cave 로 바꿔라 .,2018-07-23 20:57:35
242760,The Forest,positive,이 가격에 이 정도 퀄리티면 말 다했지않나?,이 가격 에 이 정도 퀄리티 면 말 다 했지 않나 ?,2018-07-22 16:27:09
242760,The Forest,positive,good deyz,good deyz,2018-07-22 06:55:18
242760,The Forest,positive,멀티개꿀잼,멀티 개 꿀잼,2018-07-21 16:43:17
242760,The Forest,positive,저 이거 프레임이 1나오는데 저만그런가요????,저 이 거 프레임 이 1 나오는데 저만 그런 가요 ????,2018-07-20 17:47:08
242760,The Forest,positive,게임내용 어디가서 잘못이야기하면 크마됨 ㅋㅋㅋ땍,게임 내용 어디가 서 잘못 이야기 하 면 크마 됨 ㅋㅋㅋ 땍,2018-07-18 21:49:39
242760,The Forest,positive,멀티로 하면 무섭지않고 재밌음 근데 멀티로 엔딩보는데 매건만나는 장면에서 내 캐릭터만 구석에 쳐박혀서 나오질않음 그래서 혼자 엔딩못봄ㅠㅠ 아직 짜잘한 버그가 많은듯 식인종들 순간이동할때도 있고 맵뚫을 때도 있고 빙글빙글 돌기만 할때도 있음,멀티 로 하면 무섭지 않고 재밌음 근데 멀티 로 엔딩 보는데 매건 만나는 장면 에서 내 캐릭터 만 구석 에 쳐 박혀서 나오질 않음 그래서 혼자 엔딩 못 봄 ㅠㅠ 아직 짜잘 한 버그 가 많은듯 식인종 들 순간이동 할 때 도 있고 맵 뚫을 때 도 있고 빙글빙글 돌기 만 할 때 도 있음,2018-07-18 14:50:00
242760,The Forest,positive,분위기나 엔딩은 괜찮음 친구들하고 하면 ㄹㅇ개꿀잼 근데 가끔 세이브파일이 날라가는거하고 버그가 조같음,분위기 나 엔딩 은 괜찮음 친구 들 하고 하면 ㄹㅇ 개꿀잼 근데 가끔 세이브 파일 이 날라가는거하고 버그 가 조 같음,2018-07-18 00:22:29
242760,The Forest,positive,할만하다. 컨텐츠가 좀 부족해서 금방 질린다.,할 만하 다 . 컨텐츠 가 좀 부족해서 금방 질린다 .,2018-07-17 02:05:08
242760,The Forest,positive,마! 식인종 니 자신인나!,마 ! 식인종 니 자신인나 !,2018-07-14 20:04:06
242760,The Forest,positive,멀티시 세이브할때 주의사항 세이브는 각.자. 개인세이브입니다. 즉 호스트가 세이브를 해도 개개인 플레이어가 세이브를 안하면 케릭터가 저장이 안됩니다. 세이브를 생활화합시다. 다 좋은데 감도 무엇.. 0%로 해도 빠르네요,멀티 시 세이브 할 때 주의 사항 세이브 는 각 . 자 . 개인 세이브 입니다 . 즉 호스트 가 세이브 를 해도 개개인 플레이어 가 세이브 를 안 하면 케릭 터 가 저장 이 안됩니다 . 세이브 를 생활 화합시다 . 다 좋은데 감도 무엇 .. 0% 로 해도 빠르네요,2018-07-14 01:54:27
242760,The Forest,positive,태그에 보면 공포라고 되있는데요. 해보면 그렇게 무섭지않습니다. 저가 막 호러물같은 게임을 못하는데 이 게임은 예외입니다 ㅋㅋ 콘텐츠 폭이 쫍아서 그렇지 재밌습니다.,태그 에 보면 공포 라고 되있는데요 . 해보면 그렇게 무섭지 않습니다 . 저가 막 호러물 같은 게임 을 못 하는데 이 게임 은 예외 입니다 ㅋㅋ 콘텐츠 폭 이 쫍아 서 그렇지 재밌습니다 .,2018-07-13 19:55:56
242760,The Forest,positive,스토리 진행 안해도 재밌음 ㅇㅇ,스토리 진행 안해 도 재밌음 ㅇㅇ,2018-07-13 18:33:24
242760,The Forest,positive,'붉은 색을 칠한 남자가 아들을 데리고 달아나자 생존 전문가인 아버지가 뒤를 쫓았다.' 총 플레이 시간 : 149시간 (2019/03/29) 도전과제 : 모두 달성 (2019/03/29),' 붉은 색 을 칠한 남자 가 아들 을 데리 고 달아나자 생존 전문가 인 아버지 가 뒤 를 쫓았다 .' 총 플레이 시간 : 149시간 ( 2019/03 / 29 ) 도전 과제 : 모두 달성 ( 2019/03 / 29 ),2018-07-13 03:37:40
242760,The Forest,positive,친구끼리 누가누가 더 집 잘 짓나 승부하는 게임 아들? 그런게 있었나?,친구 끼리 누가 누가 더 집 잘 짓 나 승부 하는 게임 아들 ? 그런게 있었나 ?,2018-07-12 03:46:53
242760,The Forest,positive,조작 안되는 버그 무엇?,조작 안되는 버그 무엇 ?,2018-07-11 01:18:23
242760,The Forest,positive,"do you want fight ? we are play twice but,relic is one you are so mad","do you want fight ? we are play twice but , relic is one you are so mad",2018-07-10 19:51:56
242760,The Forest,positive,시작하면 비행기에서 죽은 승무원이 있는데 도끼로 매우 치면 승무원 옷을 Get!,시작 하면 비행기 에서 죽은 승무원 이 있는데 도끼 로 매우 치면 승무원 옷 을 Get !,2018-07-06 18:34:24
242760,The Forest,positive,처음엔 다들 건축겜이라길래 에이 설마 했는데 게임상에서 한 5일지나고 나니 집주변이 사막화 되고 있다는걸 깨달았습니다.,처음 엔 다 들 건축 겜 이라길래 에이 설마 했는데 게임상 에서 한 5일 지나고 나니 집 주변 이 사막화 되고 있다는걸 깨 달았습니다 .,2018-07-06 16:09:29
242760,The Forest,positive,12월업데이트 존니스트 기대됀다 안하는 검은소 없제?,12월 업데이트 존 니스 트 기대 됀다 안 하는 검은소 없 제 ?,2018-07-05 22:29:15
242760,The Forest,positive,생존 좋아하시는 분들은 싱글하시면 즐거운데 생존 싫어하시는 분들은 멀티추천,생존 좋아하시는 분 들 은 싱글 하시면 즐거운데 생존 싫어하시는 분 들 은 멀티 추천,2018-07-05 19:21:34
242760,The Forest,positive,친구랑 셋이 같이했는데 개꿀잼,친구 랑 셋 이 같이 했는데 개꿀잼,2018-07-05 17:35:57
242760,The Forest,positive,더 나온 결말을 보지 않았지만 솔로보단 멀티가 재밌다 충분히 살만하다,더 나온 결말 을 보지 않았지만 솔로 보단 멀티 가 재밌다 충분히 살 만하 다,2018-07-04 19:45:54
242760,The Forest,positive,아들찾는것보다 집짓고사는게 더 재밌습니다.,아들 찾는것보다 집 짓고 사는게 더 재밌습니다 .,2018-07-04 14:17:18
242760,The Forest,positive,건물 짓기 제한이 있는 건지 특정 개수까지 가면 게임이 팅겨버리네요. 그것만 빼면 재밌는 건설 게임? ㅋㅋㅋ 아파트 단지는 다 지었는데 싱크홀에 위에 바닥공사 후 못 올리는 중 2층 건설하려 하면 무조건 팅김,건물 짓기 제한 이 있는 건지 특정 개수 까지 가면 게임 이 팅겨 버리네요 . 그것 만 빼면 재밌는 건설 게임 ? ㅋㅋㅋ 아파트 단지 는 다 지었는데 싱크홀 에 위 에 바닥 공사 후 못 올리는 중 2 층 건설 하려 하면 무조건 팅김,2018-07-04 11:46:55
242760,The Forest,positive,재미있습니다!,재미있습니다 !,2018-07-04 08:27:29
242760,The Forest,positive,스토리 제쳐두고 3인멀티 하는데 스토리 없이 이렇게만 나와줘도 진짜 재밌는게임. 그리고 좀 질리거나 삘오면 스토리로 또 한번 더 즐길수 있다는게 매력.,스토리 제 쳐 두고 3 인 멀티 하는데 스토리 없이 이렇게만 나와줘도 진짜 재밌는 게임 . 그리고 좀 질리거나 삘오 면 스토리 로 또 한번 더 즐길수 있다는게 매력 .,2018-07-03 21:49:01
242760,The Forest,positive,친구랑 같이 피씨방에서 게임하는데 내가 호스트를잡고 친구가 같이 저장을했는데 나는멀쩡한데 친구 세이브파일이 계속 날아갑니다. 3번쨰 다시하는데도 답이없네요 . 확인부탁드립니다.,친구 랑 같이 피 씨방 에서 게임 하는데 내 가 호스트 를 잡고 친구 가 같이 저장 을 했는데 나 는 멀쩡한데 친구 세이브 파일 이 계속 날아갑니다 . 3 번쨰 다시 하는데도 답 이 없네요 . 확인 부탁드립니다 .,2018-07-02 15:36:57
242760,The Forest,positive,사냥하며 집 지어 먹고사는 게임,사냥 하며 집 지어 먹고사는 게임,2018-07-02 14:50:18
242760,The Forest,positive,하면 할수록 누가 식인종인지 알수가 없다,하면 할수록 누가 식인종 인지 알수가 없다,2018-07-02 08:23:37
242760,The Forest,positive,어떤색기가 자라 등껍질 타고 내려가서 엔딩을 못봤네요 아쉽다 시간을 버렸네요~,어떤 색기 가 자라 등 껍질 타고 내려가서 엔딩 을 못 봤네요 아쉽다 시간 을 버렸네요 ~,2018-07-01 23:07:50
242760,The Forest,positive,너무 재미있다,너무 재미있다,2018-07-01 08:54:48
242760,The Forest,positive,후 속 작 당 장 기 대,후 속 작 당 장 기 대,2018-06-30 20:05:37
242760,The Forest,positive,씹갓겜,씹 갓 겜,2018-06-30 16:01:01
242760,The Forest,positive,밥을 먹고 하면 밥이 다시 역류하는게임 일단은 친구랑하면 꿀잼이긴한데 무섭다,밥 을 먹고 하면 밥 이 다시 역류 하는 게임 일단 은 친구 랑 하면 꿀잼 이긴한데 무섭다,2018-06-30 02:34:07
242760,The Forest,positive,"게임을 직접하기전에 스트리머들이 하는거보고 스토리를 다 알고 있었지만 , 역시 영상을 보는것과 직접 게임을 플레이해보는것은 엄청난 차이가 있더군요! 스토리를 알아도!! 너무 재밌게 플레이했습니다!! 엔딩은 친구들이랑 같이 3일만에 봤고 그 중 하루는 집짓고 노느라 시간 다 보냈네요 ㅋㅋ진짜 처음에는 식인종들이랑 특유의 분위기가 무서워서 진짜 개쫄면서 했었는데 시간이 지나고 나면 식인종 정말~~ 별거없다는걸 느끼시게 될겁니다 ㅋㅋㅋ(근데 동굴은 아직 살짝 무서븜..)","게임 을 직접 하기전에 스트리머 들 이 하는거 보고 스토리 를 다 알 고 있었지만 , 역시 영상 을 보는것과 직접 게임 을 플레이 해보는것은 엄청난 차이 가 있더군요 ! 스토리 를 알아도 !! 너무 재밌게 플레이 했습니다 !! 엔딩 은 친구 들 이랑 같이 3일 만에 봤고 그 중 하루 는 집 짓고 노느라 시간 다 보냈네요 ㅋㅋ 진짜 처음 에는 식인종 들 이랑 특유 의 분위기 가 무서워서 진짜 개 쫄면 서 했었는데 시간 이 지나고 나면 식인종 정말 ~~ 별거 없다는걸 느끼시게 될 겁니다 ㅋㅋㅋ ( 근데 동굴 은 아직 살짝 무서븜 ..)",2018-06-29 14:56:47
242760,The Forest,positive,good,good,2018-06-27 20:55:53
242760,The Forest,positive,(식인종들 몰려오는 소리) 야 뼈왔다 뼈,( 식인종 들 몰려오는 소리 ) 야 뼈 왔다 뼈,2018-06-27 16:19:03
242760,The Forest,positive,다 좋은데 통나무 썰매 오류좀 고쳐주셨으면 좋겠어요. 토끼가 스치기만 해도 썰매가 공중으로 붕 뜨거나 땅에 박혀버린다거나 물속으로 빠지면 건지지도 못하는데.. 부술수있게라도 해주던지 물속에 오래들어가있으면 부식이 된다던지 그런거는 좀 안되나요? 통나무 썰매가 몇개가 물속에 빠져있는지 모르겠어요. 게임 자체는 재밌고 좋아요 친구랑 같이 하기 좋은 게임! 혼자 하면 무서움 ㅜㅜ,다 좋은데 통나무 썰매 오류 좀 고쳐주셨으면 좋겠어요 . 토끼 가 스치기만 해도 썰매 가 공중 으로 붕 뜨거나 땅 에 박혀 버린다거나 물속 으로 빠지면 건지지도 못 하는데 .. 부술수 있게라도 해주던지 물속 에 오래 들어가있으면 부식 이 된다던지 그런 거 는 좀 안되나요 ? 통나무 썰매 가 몇개 가 물속 에 빠져있는지 모르겠어요 . 게임 자체 는 재밌고 좋아요 친구 랑 같이 하기 좋은 게임 ! 혼자 하면 무서움 ㅜㅜ,2018-06-27 14:39:26
242760,The Forest,positive,리얼갓겜. 혼자 마음 졸여 하는 재미도 있지만 여러 친구랑 함께하면 더 꿀갓겜,리얼 갓 겜 . 혼자 마음 졸여 하는 재미 도 있지만 여러 친구 랑 함께 하면 더 꿀 갓 겜,2018-06-27 11:16:36
242760,The Forest,positive,같이 하면 재밌음,같이 하면 재밌음,2018-06-26 01:02:24
242760,The Forest,positive,싀바 출시 하자마자 20500원에 샀는데 존내 아깝자너~,싀바 출시 하자 마자 20500원 에 샀는데 존내 아깝자 너 ~,2018-06-25 23:12:10
242760,The Forest,positive,Pretty solid game 👌,Pretty solid game 👌,2018-06-25 17:26:39
242760,The Forest,positive,"멀티 갓겜 사자마자 친구랑 8시간 연속으로 했네요 식인종들은 좋은 식량,뼈 공급원이죠","멀티 갓 겜 사 자마자 친구 랑 8시간 연속 으로 했네요 식인종 들 은 좋은 식량 , 뼈 공급원 이 죠",2018-06-25 12:39:51
242760,The Forest,positive,재밌긴한데 집만 짓다가 현자타임와서 겜 꺼버림 하우징 시스템이 좀 불편하다 무인도 와서 사는놈이 집 잘짓는것도 웃기다만,재밌긴한데 집 만 짓다가 현자 타임 와 서 겜 꺼 버림 하우 징 시스템 이 좀 불편하다 무인도 와서 사는 놈 이 집 잘 짓는것도 웃기다만,2018-06-25 11:41:24
242760,The Forest,positive,같이할 친구가 없어 혼자하는데 또끼 뛰는소리 사슴뛰는소리 존나 다 무섭습니다. 아직 초반인데 동굴 엄두도 안남,같이 할 친구 가 없어 혼자 하는데 또끼 뛰는 소리 사슴 뛰는 소리 존나 다 무섭습니다 . 아직 초반 인데 동굴 엄두 도 안남,2018-06-25 10:14:37
242760,The Forest,positive,이게임은 친구랑 해야하는 생존게임입니다. 물론 싱글도 지원하지만 싱글로 하면 존내 무서워짐 + 힘듭니다. 근데 친구랑 하면 그냥 식인종이고 뭐고 다 죽여버리는 대단한 모습이 보이게한다는 메직 게임입니다. 근데 난 아직도 돌연변이가 무서움,이 게임 은 친구 랑 해야하는 생존 게임 입니다 . 물론 싱글 도 지원 하 지만 싱글 로 하면 존내 무서워 짐 + 힘듭니다 . 근데 친구 랑 하면 그냥 식인종 이고 뭐 고 다 죽여 버리는 대단한 모습 이 보이 게 한다는 메직 게임 입니다 . 근데 난 아직도 돌연변이 가 무서움,2018-06-24 20:34:03
242760,The Forest,positive,내가 원하는 집 가구등 을 자유롭게 배치하고 나무도 캐면서 사슴도잡고 물도마시고 평화롭기는 개뿔 개무섭습니다.식인종 무서워서 어디를 못가겠어요. 친구있으면 불러서 하세요 저는 재밌기는 한데 겁나 무섭네요.,내 가 원하는 집 가구 등 을 자유롭게 배치 하고 나무 도 캐면서 사슴 도 잡고 물 도 마시고 평화롭 기는 개뿔 개 무섭습니다 . 식인종 무서워서 어디 를 못 가겠어요 . 친구 있으면 불러서 하세요 저 는 재밌기는 한데 겁나 무섭네요 .,2018-06-24 11:23:13
242760,The Forest,positive,트레이너 쓰는 맛,트레이너 쓰는 맛,2018-06-23 22:22:09
242760,The Forest,positive,님들아 근데 이거 한글 되지 않음? 설정가서 영어 바꿔도 안바뀜 무엇,님들 아 근데 이 거 한글 되지 않음 ? 설정 가서 영어 바꿔도 안 바뀜 무엇,2018-06-23 20:00:49
242760,The Forest,positive,재미 납니다 멀티 협동에서 모드나 핵이나 이런거 좀 안했으면 좋겠습니다 아니라면 (비매너) 모드나 핵 모드 따라 방을 만든던가 분류를 했으면 좋겠음.,재미 납니다 멀티 협동 에서 모드 나 핵 이나 이런거 좀 안 했으면 좋겠습니다 아니라면 ( 비 매너 ) 모드 나 핵 모드 따라 방 을 만든던가 분류 를 했으면 좋겠음 .,2018-06-23 18:20:50
242760,The Forest,positive,2년전에 친구랑같이하다 접은겜 친구없으면 사지마셈 ----갓겜이 됬다는 소문이있던데???,2년 전에 친구 랑 같이 하다 접은 겜 친구 없으면 사지마 셈 ---- 갓 겜 이 됬다는 소문 이 있던데 ???,2018-06-23 18:17:50
242760,The Forest,positive,"아주 재미있게 플레이하고 있지만 아쉬운 점이 있어 글을 남깁니다. 1. 컴퓨터를 옮겨서 게임을 켜면, 저장 슬롯이 안 나타납니다. 그동안 저장한 내용이 모두 삭제된 줄 알고 깜짝 놀랐으나, 세번 이상 게임을 껐다가 켜니 슬롯이 나타났다. 2. 멀티플레이할 때, 호스트는 접속이 되는데 클라이언트는 안 들어가지고 튕깁니다. 첫날 멀티플레이할 때는 오류가 없이 진행할 수 있었으나 다음날 멀티를 시도하니 5회 정도 같은 오류가 발생해서 결국 멀티플레이를 하지 못했습니다.","아주 재미있게 플레이 하고 있지만 아쉬운 점 이 있어 글 을 남깁니다 . 1 . 컴퓨터 를 옮겨서 게임 을 켜면 , 저장 슬롯 이 안 나타납니다 . 그동안 저장 한 내용 이 모두 삭제 된 줄 알 고 깜짝 놀랐으나 , 세번 이상 게임 을 껐다가 켜니 슬롯 이 나타났다 . 2 . 멀티플레이 할 때 , 호스트 는 접속 이 되는데 클라이언트 는 안 들어가지고 튕깁니 다 . 첫날 멀티플레이 할 때 는 오류 가 없이 진행 할 수 있었으나 다음 날 멀티 를 시도 하니 5회 정도 같은 오류 가 발생 해서 결국 멀티플레이 를 하지 못 했습니다 .",2018-06-23 01:51:39
242760,The Forest,positive,나는 이 게임을 사기전까지 아들을 구하는 게임인지 몰랐다. 단지 섬에서 식인종을 학살하는 게임인줄 알았는데 심오해보이는 스토리가 있지만 역시 아들 구하는것보단 식인종 학살하는게 더 재미있다. 그리고 더 재밌는건 집짓는거다,나 는 이 게임 을 사 기전 까지 아들 을 구 하는 게임 인지 몰랐다 . 단지 섬 에서 식인종 을 학살 하는 게임 인 줄 알았는데 심오해 보이는 스토리 가 있지만 역시 아들 구 하는것보단 식인종 학살 하는게 더 재미있다 . 그리고 더 재밌는건 집 짓는거다,2018-06-22 19:22:29
242760,The Forest,positive,"다양한 전통 문화를 즐길 수 있는 겜 ""The forest"" 입니다. 비행기에서 불시착 해 불행해 하던 주인공에게 친절한 원주민들이 찾아와 그들의 전통 문화와 음식 풍습을 전달합니다. 처음에는 살짝 어렵다고 느낄 수도 있지만 당신의 멋진 스파이크 장식품을 설치 해 놓는다면 원주민들이 오우! 나무 집좀 지을 줄 아는 녀석인가! 칭찬해주면서 그냥 갈 길 갑니다. 심지어 치트키도 존재하여 멀티에서 남의 방 들어간 후 사용할 수도 있는데 참고로 cutdowntrees 100% 쳤던 놈 너는 나한테 잡히면 뒤진다 팁 하나 드리","다양한 전통 문화 를 즐길 수 있는 겜 "" The forest "" 입니다 . 비행기 에서 불시 착 해 불행해 하던 주인공 에게 친절한 원주민 들 이 찾아와 그 들 의 전통 문화 와 음식 풍습 을 전달 합니다 . 처음 에는 살짝 어렵다고 느낄 수도 있지만 당신 의 멋진 스파이크 장식품 을 설치 해 놓는다면 원주민 들 이 오우 ! 나무 집좀 지을 줄 아는 녀석 인가 ! 칭찬 해주면서 그냥 갈 길 갑니다 . 심지어 치트키 도 존재 하여 멀티 에서 남 의 방 들어간 후 사용 할 수도 있는데 참고 로 cutdowntrees 100% 쳤던 놈 너 는 나 한테 잡히면 뒤진다 팁 하나 드리",2018-06-22 18:33:43
242760,The Forest,positive,잃어버린 아들은 제쳐두고 친구랑 세월아 네월아 노는게 재밌는 게임. 파티원 셋이서 밤에도 식인종 잡으면서 돌아다니고 건방 떨다가 강가에서 악어한테 몰살 당하고 처음 재미를 느꼈다. 물론 집 짓는 것도 재밌다. 이런 장르가 대체로 그렇듯 다소 시간적 여유가 있어야 몰입할 수 있는 편이다.,잃어버린 아들 은 제 쳐 두고 친구 랑 세월 아 네 월 아 노는게 재밌는 게임 . 파티원 셋 이서 밤 에도 식인종 잡으면서 돌아다니고 건방 떨다가 강가 에서 악어 한테 몰살 당하고 처음 재미 를 느꼈다 . 물론 집 짓는 것 도 재밌다 . 이런 장르 가 대체로 그렇듯 다소 시간 적 여유 가 있어야 몰입 할 수 있는 편이 다 .,2018-06-22 03:01:33
242760,The Forest,positive,탈출하라고 만든 게임인데 탈출 안하는게 더 재밌는 게임,탈출 하 라고 만든 게임 인데 탈출 안 하는게 더 재밌는 게임,2018-06-21 02:35:10
242760,The Forest,positive,생존 게임은 처음이라 막상하면 아무것도 못할것 같았는데 하면 할수록 이 게임에 매우 빠져든다. 아이템 을만들고 집짓는것이 재밌었다,생존 게임 은 처음 이라 막상 하면 아무 것 도 못 할것 같았는데 하면 할수록 이 게임 에 매우 빠져든다 . 아이템 을 만들고 집 짓는것이 재밌었다,2018-06-20 08:50:15
242760,The Forest,positive,"싱글 플레이 = 공포게임, 멀티 플레이 = 무난한 생존게임. 생각보다 즐길거리가 그렇게 많지는 않습니다.물론 돈이 아깝거나 하지는 않았던 게임 고어한 걸 혐오하시거나 잘 못보신다면 시작하지않는걸 추천드립니다.","싱글 플레이 = 공포 게임 , 멀티 플레이 = 무난 한 생존 게임 . 생각 보다 즐길 거리 가 그렇게 많지는 않습니다 . 물론 돈 이 아깝거나 하지는 않았던 게임 고어 한 걸 혐오 하시거나 잘 못 보신다면 시작 하지 않는걸 추천 드립니다 .",2018-06-19 22:39:17
242760,The Forest,positive,"멀티로 하기 재미있는 게임!!! 50시간 넘어가면 모든 컨텐츠 한번씩 해봐서 지루해지지만, 그전까지는 정말 재미있다.","멀티 로 하기 재미있는 게임 !!! 50시간 넘어가면 모든 컨텐츠 한번 씩 해봐서 지루해지지만 , 그 전 까지는 정말 재미있다 .",2018-06-19 13:13:49
242760,The Forest,positive,VR로 하면 나무 도끼질 3초컷 무엇 ㅋㅋㅋ,VR 로 하면 나무 도끼 질 3초 컷 무엇 ㅋㅋㅋ,2018-06-17 21:46:14
242760,The Forest,positive,식인종들이 인간으로부터 도망쳐야할거같은 게임,식인종 들 이 인간 으로부터 도망쳐 야할거 같은 게임,2018-06-16 18:17:36
242760,The Forest,positive,집짓는 거를 좋아한다면 나름 괜찮지만 탐험같은것을 생각한다면 좀더 고민해보길 맵도 좁은건 아니지만 그리 크지 않고 맵이 정해져있어서 어느정도 하다보면 그냥 건물짓기 게임이 된다,집 짓는 거 를 좋아한다면 나름 괜찮지만 탐험 같은것을 생각 한다면 좀더 고민 해보길 맵 도 좁은 건 아니지만 그리 크지 않고 맵 이 정해져있어서 어느 정도 하다 보면 그냥 건물 짓기 게임 이 된다,2018-06-16 15:47:06
242760,The Forest,positive,아니 하다보면 내가 식인종보다 사람를 더많이 먹는듯,아니 하다 보면 내 가 식인종 보다 사람 를 더 많이 먹는듯,2018-06-16 09:43:57
242760,The Forest,positive,식인종이 식인종 먹는게임,식인종 이 식인종 먹는 게임,2018-06-16 00:18:24
242760,The Forest,positive,꿀잼보장,꿀잼 보장,2018-06-13 10:38:40
242760,The Forest,positive,씹갓갬,씹 갓 갬,2018-06-11 21:58:43
242760,The Forest,positive,"나에겐 이 게임물이 서바이벌 게임중 갓겜인것 같음 혼자할 때 : 쉬벌 모든게 두렵ㄷ..다 혼자 돌연변이 죽이면서 할 때 : 앗싸 기괴한 갑옷 개꿀띠~ 친구하고 할 때 : "" 야, 다 뚜까패자 "" 그러니 이 게임물은 혼자할때는 죤나 무서운데 친구하고 할때는 자신감이 넘쳐나는(?) 그런 게임물임 아주- 추천함-!","나 에겐 이 게임 물이 서바이벌 게임 중 갓 겜 인 것 같음 혼자 할 때 : 쉬벌 모든 게 두렵 ㄷ .. 다 혼자 돌연변이 죽이면서 할 때 : 앗 싸 기괴한 갑옷 개꿀띠 ~ 친구 하고 할 때 : "" 야 , 다 뚜 까 패자 "" 그러니 이 게임 물 은 혼자 할 때 는 죤나 무서운데 친구 하고 할 때 는 자신감 이 넘쳐나는 (?) 그런 게임 물임 아주 - 추천 함 -!",2018-06-11 19:35:03
242760,The Forest,positive,아직까지도 박쥐소리는 적응이 안되네요. 섬에 나무 다 자를때 그만할까 싶네요 집짓고 나무베다보면 이래저래 힐링이 되는 것 같아 좋네요,아직 까지도 박쥐 소리 는 적응 이 안되네요 . 섬 에 나무 다 자를 때 그만할까 싶네요 집 짓고 나무 베다 보면 이래저래 힐링 이 되는 것 같아 좋네요,2018-06-10 19:45:00
242760,The Forest,positive,게임 참 잘 만드셨네요.,게임 참 잘 만드셨네요 .,2018-06-10 01:50:42
242760,The Forest,positive,인간이 가장 무서운 존재라는 것을 증명하는 게임,인간 이 가장 무서운 존재 라는 것 을 증명 하는 게임,2018-06-09 16:31:44
242760,The Forest,positive,아니 저기요 pc방에서 돈써가면서 플레이하는데 저장이안되서 하루하루 다시 키우고있어요 이거 어떻게좀해주세요 아님 방법이라도 알려주시면 안될까요? 부탁드릴게요 더포레스트 게임 너무 재밌는데 저장이 안되요ㅠㅠ 제발 구해주세요 카타나만 10번 찾으러갔어요미칠거같아요,아니 저기 요 pc 방 에서 돈 써가면서 플레이 하는데 저장 이 안되서 하루하루 다시 키우고있어요 이 거 어떻게 좀 해주세요 아님 방법 이라도 알려주시면 안될까 요 ? 부탁드릴게요 더 포레스트 게임 너무 재밌는데 저장 이 안되요 ㅠㅠ 제발 구 해주세요 카타나 만 10 번 찾으러 갔어요 미칠거 같아요,2018-06-09 15:48:57
242760,The Forest,positive,100시간 이상하고 해본소감 본격 식인종 사냥 시물레이션 게임인지 아들을 구하러온건지 목적을 잊게만드는 게임이다 처음엔 대부분의 사람들이 그렇듯 비행기가 추락하고 아들을 구하기위해 이것저것 템을 챙기고 집도 만들다보면 어느새 내가 식인종들의 우두머리가 되어 있는걸 볼수있다 그저 말이안통하는 악악 거리는 식인종들에겐 피의혈투만이 난무할뿐 처음엔 돌연변이가 동굴밖으로나와서 5~6마리가 나올땐 그저 공포의 대상이었지만 10시간이 지나고 50시간이지나고 100시간 이 지날땐 당신은 베어그릴스 못지않은 전투력을 갖게된다 혼자해도 은근 재,100시간 이상하고 해본 소감 본격 식인종 사냥 시 물레 이 션 게임 인지 아들 을 구 하러 온건 지 목적 을 잊게 만드는 게임 이다 처음 엔 대부분 의 사람 들 이 그렇듯 비행기 가 추락 하고 아들 을 구 하기 위해 이 것 저 것 템 을 챙기고 집도 만들다 보면 어느새 내 가 식인종 들 의 우두머리 가 되어 있는걸 볼수있다 그저 말이안 통 하 는 악 악 거리 는 식인종 들 에겐 피 의 혈투 만이 난무 할 뿐 처음 엔 돌연변이 가 동굴 밖 으로나 와서 5~6 마리 가 나올 땐 그저 공포 의 대상 이었지만 10시간 이 지나고 50시간 이지나고 100시간 이 지날 땐 당신 은 베어그릴스 못지않은 전투력 을 갖게 된다 혼자 해도 은근 재,2018-06-08 21:14:06
242760,The Forest,positive,"친구들이랑 밤새서 4인 코옵으로 깼는데, 고인물 있어서 겨우 꺰! 스토리 굳이 진행 안하더라도 집 주변으로 발전시켜 나가면서 괴물들 막는 디펜스 생활도 매우 쏠쏠하다. 근데 진짜 엔딩보고나면 할게 없는 게임 ㅠㅠ엔딩까지 완벽한데 그담에 할게 없는게 너무 아쉽다...그래픽도 리얼한데, 소리가 진짜 미쳤음. 소리가 진짜 리얼해서 더 이입할 수 있었다. 쫄보 친구들 몇명 모아서 하면 그렇게 꿀잼일수가 없음! 겜을 많이한 건 아니지만, 인생겜으로 올려놓겠음 헤헿ㅎ","친구 들 이랑 밤새서 4 인 코옵 으로 깼는데 , 고 인물 있어서 겨우 꺰 ! 스토리 굳이 진행 안 하더라도 집 주변 으로 발전 시켜 나가면서 괴물 들 막는 디펜스 생활 도 매우 쏠쏠하다 . 근데 진짜 엔딩 보고나면 할게 없는 게임 ㅠㅠ 엔딩 까지 완벽한데 그 담 에 할게 없는게 너무 아쉽다 ... 그래픽 도 리얼 한 데 , 소리 가 진짜 미쳤음 . 소리 가 진짜 리얼 해서 더 이입 할 수 있었다 . 쫄보 친구 들 몇 명 모아서 하면 그렇게 꿀잼 일수 가 없음 ! 겜 을 많이 한 건 아니지만 , 인생 겜 으로 올려놓겠음 헤헿 ㅎ",2018-06-08 18:24:23
242760,The Forest,positive,ㅇㅂ,ㅇㅂ,2018-06-08 11:27:09
242760,The Forest,positive,좀비 개쎄서 뭘 진행할수가없네.... 스토리를 깨려해도 방향도 모르겠고..,좀비 개 쎄서 뭘 진행 할수가 없네 .... 스토리 를 깨려 해도 방향 도 모르겠고 ..,2018-06-08 01:01:53
242760,The Forest,positive,히든주시오ㅠ,히든 주 시오 ㅠ,2018-06-07 10:07:32
242760,The Forest,positive,하... 개재밌자너.....ㅠㅠ 배그하다 배그때려치우고 하고있자너ㅜㅜ 배그하려고 컴샀는데 정체성잃어가자너ㅜㅜ 진짜완전 추천 !!!,하 ... 개 재밌자 너 ..... ㅠㅠ 배그 하 다 배 그때 려 치우고 하고있자 너 ㅜㅜ 배그 하 려고 컴 샀는데 정체 성 잃어가자 너 ㅜㅜ 진짜 완전 추천 !!!,2018-06-07 10:01:57
242760,The Forest,positive,인육 개꿀,인육 개꿀,2018-06-06 08:17:44
242760,The Forest,positive,인육치킨 개꿀맛,인육 치킨 개꿀맛,2018-06-06 01:36:15
242760,The Forest,positive,얼리 액세스 당시에는 엔딩이 없어 목적없이 식인종들을 잡고 집만 넓혀가며 플레이 했었습니다. 엔딩이 생긴 지금은 목적없이 식인종들을 잡고 집만 넓혀가며 플레이하고 있습니다. (.......?) 사람마다 다르겠지만 공포게임 찐은 저에게 싱글 플레이는 생각보다 무서웠습니다. 친구들과 멀티 플레이 하면서 놀기에는 정말 좋은 게임인 듯 하여 추천드립니다.,얼리 액세스 당시 에는 엔딩 이 없어 목적 없이 식인종 들 을 잡고 집 만 넓혀가며 플레이 했었습니다 . 엔딩 이 생긴 지금 은 목적 없이 식인종 들 을 잡고 집 만 넓혀가며 플레이 하고 있습니다 . (.......?) 사람 마다 다르겠지만 공포 게임 찐은 저 에게 싱글 플레이 는 생각 보다 무서웠습니다 . 친구 들 과 멀티 플레이 하면서 놀기에는 정말 좋은 게임 인 듯 하여 추천 드립니다 .,2018-06-05 22:39:24
242760,The Forest,positive,사람 다리 맛을 느끼게 해주는 것,사람 다리 맛 을 느끼게 해주는 것,2018-06-05 17:56:24
242760,The Forest,positive,개잼,개잼,2018-06-03 11:40:28
242760,The Forest,positive,....,....,2018-06-02 22:09:26
242760,The Forest,positive,그렇게 무섭진 않은데 덫 많이 설치해두면,그렇게 무섭진 않은데 덫 많이 설치 해 두면,2018-06-02 20:49:57
242760,The Forest,positive,"-1일차- ""일단 아들 티미를 납치한 망할놈의 벌거벗은 식인종들로부터 내 아들을 구해야겠어!!!"" -2일차- ""티미야 좀만 기다려 아빠가 구하러 갈게!!"" -4일차- ""일단 집도 짓고 최고의 방어 요새를 지어야겠군"" -7일차- ""아들을 구하기 위해 몸 건강히!! 잘먹고 튼튼해야해!!"" -15일차- ""밤엔 잠도 자고!! 무기도 만들고!! 나무도 캐고!! 사냥도 하고!!"" -30일차- ""좀더 멋진 집도 짓자, 더러운 식인종들 집 좀 그만 부셔라.."" -53일차- ""우아 거북이 등껍질을 썰매로 탈수있네? 대박"" -78일차-","- 1일 차 - "" 일단 아들 티 미를 납치 한 망할 놈 의 벌거 벗은 식인종 들 로부터 내 아들 을 구 해야겠어 !!!"" - 2일 차 - "" 티 미야 좀 만 기다려 아빠 가 구 하러 갈게 !!"" - 4일 차 - "" 일단 집도 짓고 최고 의 방어 요새 를 지어야겠군 "" - 7일 차 - "" 아들 을 구 하기 위해 몸 건강히 !! 잘 먹고 튼튼해야해 !!"" - 15일 차 - "" 밤 엔 잠도 자고 !! 무기 도 만들고 !! 나무 도 캐고 !! 사냥 도 하고 !!"" - 30일 차 - "" 좀더 멋진 집도 짓자 , 더러운 식인종 들 집 좀 그만 부셔라 .."" - 53일 차 - "" 우아 거북이 등 껍질 을 썰매 로 탈수 있네 ? 대박 "" - 78일 차 -",2018-06-01 21:23:50
242760,The Forest,positive,친구들하고 하기 좋은 게임인거 같기는 한데 엔딩보고 할만한거 다하먄 질리는 게임 솔직히 공략이나 그런거 안보면 힘듬 그래도 그래픽이랑 게임자체는 훌륭한편임,친구 들 하고 하기 좋은 게임 인거 같기는 한데 엔딩 보고 할만 한 거 다하먄 질리는 게임 솔직히 공략 이나 그런거 안보 면 힘듬 그래도 그래픽 이랑 게임 자체 는 훌륭한 편임,2018-06-01 20:27:53
242760,The Forest,positive,생존게임인줄알았는데 공포게임이었음.. 다시 키기 무서운 게임,생존 게임 인 줄 알았는데 공포 게 임이었음 .. 다시 키기 무서운 게임,2018-06-01 18:06:25
242760,The Forest,positive,"Игра заебись,но быстро надоела","Игра заебись , но быстро надоела",2018-06-01 04:25:17
242760,The Forest,positive,생각보다 빡셈,생각 보다 빡셈,2018-05-31 20:52:32
242760,The Forest,positive,통나무수레 걸려서 못빼면 부수지도 못하게 해놓은거 빼면 괜찮은 게임 인데 통나무수레가 무적인게 아쉽네,통나무 수레 걸려서 못 빼면 부수 지도 못 하게 해놓은 거 빼면 괜찮은 게임 인데 통나무 수레 가 무적 인게 아쉽네,2018-05-31 16:12:23
242760,The Forest,positive,재밌습니다. 정식 버전 전부터 지인들과 함께 했는데 같이하면 두배로 재밌는 게임입니다. 두 명도 괜찮지만 이 게임의 노가다성을 보아 3~4명 모여서 터잡고 집짓고 하는 것을 추천드립니다. 혼자 플레이하면 게임이 '진짜 생존' 정도로 난이도가 올라가지만 둘 이상 플레이하면 서로 치료해서 살려줄 수 있기 때문에 살아남는데 아주 유용해지니 생존에 자신이 없는 분들은 꼭 친구와 같이 플레이 하세요. 다만 재밌는 만큼 정식버전이 나온 지금까지도 아직 단점과 버그가 꽤나 많으니 참고 하신 후 구매하는걸 추천드리겠습니다. 단점 1. 노가다,재밌습니다 . 정식 버전 전 부터 지인 들 과 함께 했는데 같이 하면 두 배 로 재밌는 게임 입니다 . 두 명도 괜찮지만 이 게임 의 노가다 성 을 보아 3~4 명 모 여서 터 잡고 집 짓고 하는 것 을 추천 드립니다 . 혼자 플레이 하면 게임 이 ' 진짜 생존 ' 정도 로 난이도 가 올라가지만 둘 이상 플레이 하면 서로 치료 해서 살려줄 수 있기 때문 에 살아남는데 아주 유용해지니 생존 에 자신 이 없는 분 들 은 꼭 친구 와 같이 플레이 하세요 . 다만 재밌는 만큼 정식 버전 이 나온 지금 까지도 아직 단점 과 버그 가 꽤 나 많으니 참고 하신 후 구매 하 는걸 추천 드리겠습니다 . 단점 1 . 노가다,2018-05-29 21:07:54
242760,The Forest,positive,식인종들 엉덩이가 탐스러움,식인종 들 엉덩이 가 탐 스러 움,2018-05-29 10:59:48
242760,The Forest,positive,친구들이랑 하는데 좀 징그럽지만 재밌음,친구 들 이랑 하는데 좀 징그럽지만 재밌음,2018-05-28 22:05:55
242760,The Forest,positive,갓겜,갓 겜,2018-05-28 22:01:02
242760,The Forest,positive,식인을 즐기는 제임스의 벌목이야기,식인 을 즐기는 제임스 의 벌목 이야기,2018-05-28 19:50:44
242760,The Forest,positive,"귀농하는 느낌으로 시작했지만 정작 게임을 진행하는 건 동굴 대탐험!사실 터잡고 사는 것과는 정 반대로 플레이가 주축. 더 포레스트보다는 더 케이브가 맞는 것 같기도하고... 문제는 그 동굴이라는 곳도 길 찾기가 지옥.비정상적인 맷집에 분노. 비슷한 분위기의 마인크래프트도 이러한 문제점이있었지만, 적어도 마인크래프트는 오브젝트 파괴라도 해서 탈출이 가능하기라도 했지.이런 문제점때문에 원웨이 동굴로 만든 것도 있겠지만 너무 어두워서 왔던길인지 뭔지 헷갈리는 것도 있고. 여튼 동굴이 짜증나는데 그 동굴을 계속 들락날락해야한다는 점.모호하","귀농 하는 느낌 으로 시작 했지만 정작 게임 을 진행 하는 건 동굴 대 탐험 ! 사실 터 잡고 사는 것 과는 정 반대 로 플레이 가 주축 . 더 포레스트 보다는 더 케이브 가 맞는 것 같 기도 하고 ... 문제 는 그 동굴 이라는 곳도 길 찾기 가 지옥 . 비정상 적 인 맷집 에 분노 . 비슷한 분위기 의 마인크래프트 도 이러한 문제점 이 있었지만 , 적어도 마인크래프트 는 오브젝트 파괴 라도 해서 탈출 이 가능하기라도 했지 . 이런 문제점 때문 에 원 웨이 동굴 로 만든 것 도 있겠지만 너무 어두워서 왔던길 인지 뭔 지 헷갈리는 것 도 있고 . 여 튼 동굴 이 짜증나는데 그 동굴 을 계속 들락날락 해야 한다는 점 . 모호하",2018-05-28 00:59:06
242760,The Forest,positive,식인괴물 귀여웟!,식인 괴물 귀 여 웟 !,2018-05-27 21:44:25
242760,The Forest,positive,집을 지어도 좆되는게임 내가 주인공에 동화가 돼서 식인종이 돼고 소리지르는 게임 원주민이 소리지르면 나도 소리지르는 게임 불가사리 식인종과 문어낙지 머머리 식인종 때문에 빡치는 게임 시발 예전엔 식인종이 나무 못탓는데 갑자기 타서 집에 펜스 쳐도 넘어오는 개새끼들 싱글하면 애새끼 절대로 못찾는 게임 왜냐 내 자신이 먼저가 되버리는 게임 걍 살아남는게임,집 을 지 어도 좆 되는 게임 내 가 주인공 에 동화 가 돼서 식인종 이 돼고 소리 지르는 게임 원주민 이 소리 지르면 나도 소리 지르는 게임 불가사리 식인종 과 문어 낙지 머 머리 식인종 때문 에 빡치는 게임 시발 예전 엔 식인종 이 나무 못탓 는데 갑자기 타서 집 에 펜스 쳐도 넘어오는 개새끼 들 싱글 하면 애 새끼 절대로 못 찾는 게임 왜 냐 내 자신 이 먼저 가 되 버리는 게임 걍 살아남는 게임,2018-05-27 20:53:51
242760,The Forest,positive,친구와 함께 사자마자 켠왕을 시작한 그 게임.. 생존게임을 연속해서 하다보니 어렵진 않았지만 원주민이 조금 더 다양했다면 어땠을까라는 아쉬움도 남는다. 스토리에 드디어 결말이 생겼다는 것에 제작진에게 고생했다고 하고싶다.,친구 와 함께 사 자마자 켠왕 을 시작 한 그 게임 .. 생존 게임 을 연속 해서 하다 보니 어렵진 않았지만 원주민 이 조금 더 다양했다면 어땠을까 라는 아쉬움 도 남는다 . 스토리 에 드디어 결말 이 생겼다는 것 에 제 작 진 에게 고생 했다고 하고싶다 .,2018-05-27 20:30:16
242760,The Forest,positive,perfect game!!,perfect game !!,2018-05-27 20:29:58
242760,The Forest,positive,god game!,god game !,2018-05-27 20:29:30
242760,The Forest,positive,아들 찾아 삼만리,아들 찾아 삼만리,2018-05-27 17:27:47
242760,The Forest,positive,멀티하면 공포보단 코미디에 가까움,멀티 하면 공포 보단 코미디 에 가까 움,2018-05-27 15:09:01
242760,The Forest,positive,굳,굳,2018-05-27 11:18:39
242760,The Forest,positive,재미있어요,재미있어요,2018-05-27 11:17:27
242760,The Forest,positive,스토리가 탄탄,스토리 가 탄탄,2018-05-26 19:39:40
242760,The Forest,positive,친한 사람들이랑 하면 진짜 재밌으니깐 같이 할 사람이 있다면 해보세요. 근데 혼자하면 좀 무서울수도 있는데 같이하면 무쌍이에요.,친한 사람 들 이랑 하면 진짜 재밌으니깐 같이 할 사람 이 있다면 해보세요 . 근데 혼자 하면 좀 무서울수도 있는데 같이 하면 무쌍 이에요 .,2018-05-26 19:28:59
242760,The Forest,positive,새로나온 엔딩,새로 나온 엔딩,2018-05-26 17:30:21
242760,The Forest,positive,와우~~ 이게임 언제 VR됐데??? VR로 하고 싶지만 비싸서 못삼 ㅠㅠㅠ,와우 ~~ 이 게임 언제 VR 됐데 ??? VR 로 하고 싶지만 비싸서 못 삼 ㅠㅠㅠ,2018-05-26 16:10:03
242760,The Forest,positive,Good~~,Good ~~,2018-05-26 01:14:44
242760,The Forest,positive,GG REAL,GG REAL,2018-05-25 18:15:31
242760,The Forest,positive,rnt,rnt,2018-05-25 17:06:05
242760,The Forest,positive,gg,gg,2018-05-25 07:12:13
242760,The Forest,positive,dd,dd,2018-05-24 21:34:57
242760,The Forest,positive,ㄱ..갓겜,ㄱ .. 갓 겜,2018-05-24 21:34:42
242760,The Forest,positive,실제같고 리얼힌다라고 할까? 암튼 데게 제미있다!,실제 같고 리얼힌다 라고 할까 ? 암튼 데 게 제 미있다 !,2018-05-24 19:51:39
242760,The Forest,positive,아들 구하랬더니 집짓고 사냥하고 식인도 하고 아들따윈 이미 잊은지 오래.. 이런 나쁜 아빠라 미안해 ㅎㅎ..ㅋㅋ..,아들 구하랬더 니 집 짓고 사냥 하고 식인 도 하고 아들 따윈 이미 잊은지 오래 .. 이런 나쁜 아빠 라 미안해 ㅎㅎ .. ㅋㅋ ..,2018-05-24 19:20:21
242760,The Forest,positive,"더 포레스트 입니다. 2014년에 출시된 인디게임입니다. 얼리억세스로 이제서야 버전 1.0으로 정식 넘버링을 달았습니다. 게다가 뷔알대응, 쾌적하게 오큘러스에 조작 대응됩니다. 왼쪽스틱으로 이동 떰스틱으로 달리기,(한번만 눌러주면 달리는 방식) 오른스틱으로 스냅턴, (25도) 가능, 앉아서도 쾌적히 겜 가능입니다. 물론 키높이는 '오픈뷔알' 프로그램으로 잡아두셔야 겠지요. 오른떰스틱은 앉기 이고 점프도 있습니다. 비행기에서 아들을 붉은 남자에게 뺏긴이후로 섬에서 살아가야 합니다. 제일 먼저 할일은 주변의 음식물과","더 포레스트 입니다 . 2014년 에 출시 된 인디 게임 입니다 . 얼리 억 세 스 로 이제 서야 버전 1.0 으로 정식 넘버링 을 달았습니다 . 게다가 뷔알 대응 , 쾌적하게 오큘러스 에 조작 대응 됩니다 . 왼쪽 스틱 으로 이동 떰스틱 으로 달리기 ,( 한번 만 눌러주면 달리는 방식 ) 오른 스틱 으로 스냅 턴 , ( 25 도 ) 가능 , 앉아서도 쾌적히 겜 가능 입니다 . 물론 키 높이는 ' 오픈 뷔알 ' 프로그램 으로 잡아 두셔야 겠지요 . 오른 떰 스틱 은 앉기 이고 점프 도 있습니다 . 비행기 에서 아들 을 붉은 남자에게 뺏긴 이후 로 섬 에서 살아가야 합니다 . 제일 먼저 할 일 은 주변 의 음식물 과",2018-05-24 15:43:35
242760,The Forest,positive,정식 출시 하니까 할만함ㅇㅇ 근데 할인 할때 사셈 난 15500원으로 삼 ㄱㅇㄷ,정식 출시 하니까 할만 함 ㅇㅇ 근데 할인 할 때 사셈 난 15500원 으로 삼 ㄱㅇㄷ,2018-05-24 13:29:10
242760,The Forest,positive,꿀잼,꿀잼,2018-05-23 23:25:00
242760,The Forest,positive,갓-----------------------겜,갓 ----------------------- 겜,2018-05-23 15:18:59
242760,The Forest,positive,노오오오오력 한다면 우린 통나무로 주공아파트 3단지를 짓는 기적을 보게 될것입니다. 식인종이요? 아니요. 이 게임은 나무 죽이는 자연파괴 시뮬레이터입니다. 다음 업데이트에선 통나무로 배틀 크루저랑 시즈탱크도 만들수 있게 부탁합니다,노오 오오오 력 한다면 우린 통나무 로 주 공 아파트 3 단지 를 짓는 기적 을 보게 될것 입니다 . 식인종 이 요 ? 아니요 . 이 게임 은 나무 죽이는 자연 파괴 시뮬레이터 입니다 . 다음 업데이트 에선 통나무 로 배틀 크루저 랑 시 즈 탱크 도 만들수 있게 부탁 합니다,2018-05-23 10:30:10
242760,The Forest,positive,무섭당.. 생긴것..,무섭당 .. 생긴것 ..,2018-05-22 22:47:19
242760,The Forest,positive,치킨,치킨,2018-05-22 14:29:52
242760,The Forest,positive,너무재밌어요,너무 재밌어요,2018-05-21 21:25:15
242760,The Forest,positive,"게임 구매후 멀티플레이로 처음 시작했는데, 하늘에서 폭탄이 떨어지고, 누가 날라다니고, 건물 한번에 다 부수는 핵쓰고 참... 괜히 구매했나 싶다. 게임성은 훌륭하다.","게임 구매 후 멀티플레이 로 처음 시작 했는데 , 하늘 에서 폭탄 이 떨어지고 , 누가 날라다니고 , 건물 한번 에 다 부수 는 핵 쓰고 참 ... 괜히 구매 했나 싶다 . 게임 성은 훌륭하다 .",2018-05-21 17:48:32
242760,The Forest,positive,아들찾아 3만리 엔딩보고나면 아들보다 굴 따는게 더재미있음 하지만 멀티를하면 시간가는줄 모르고 죽어라하는 재미가있다,아들 찾아 3만 리 엔딩 보고나면 아들 보다 굴 따는게 더 재미있음 하지만 멀티 를 하면 시간 가는줄 모르고 죽 어라하 는 재미 가 있다,2018-05-21 14:10:03
242760,The Forest,positive,정말재밌습니다 그리고멀티하면 재밌습니다,정말 재밌습니다 그리고 멀티 하 면 재밌습니다,2018-05-20 22:01:30
242760,The Forest,positive,빤스런잘하고 고인다면 엔딩따위 집짓는것보다 쉬움,빤스런 잘하고 고인다면 엔딩 따위 집 짓는것보다 쉬움,2018-05-20 12:16:47
242760,The Forest,positive,멀티 갓겜 우리는 식인종을 죽여 식인종이 되겠다.,멀티 갓 겜 우리 는 식인종 을 죽여 식인종 이 되겠다 .,2018-05-20 01:38:15
242760,The Forest,positive,마우것도 모르시는분이 하면 어떻게 하는가 잘모를것같습니다 튜토리얼 만들어주시면 ㄹㅇ갓겜!!,마 우 것 도 모르시는 분 이 하면 어떻게 하는가 잘 모를것 같습니다 튜토리얼 만들어주시면 ㄹㅇ 갓 겜 !!,2018-05-19 17:20:44
242760,The Forest,positive,생각보다 좀 무섭네,생각 보다 좀 무섭네,2018-05-19 15:00:53
242760,The Forest,positive,한 밤중에 비가 내리고 1미터 앞조차 제대로 보이지 않아 너는 갑자기 찾아온 두려움에 몸을 웅크리고 풀 숲에 숨을거야 배는 고파오고 목은 발라가고 갑자기 찾아온 추위에 덜덜 떨게 될거야 그때 갑자기 칠흙같은 어둠 저 멀리에서 보이는 빛의 움직임 알 수 없는 생명체의 끽끽거리는 소리 그 순간 너는 안정감을 완전히 잃어버리게 될거야 두려움에 휩싸이고 심장박동이 빨라지고 머리속에 죽음이란 단어가 떠오르게 될거야 우리 인간들이 도시 생활을 하며 죽음이란 단어로부터 얼마나 먼 곳에 있는지 그걸 너는 알게 되겠지,한 밤중 에 비 가 내리고 1 미터 앞 조차 제대로 보이지 않아 너 는 갑자기 찾아온 두려움 에 몸 을 웅크리고 풀 숲 에 숨을거야 배는 고 파오 고 목 은 발라가고 갑자기 찾아온 추위 에 덜덜 떨게 될거야 그때 갑자기 칠 흙 같은 어둠 저 멀리 에서 보이는 빛 의 움직임 알 수 없는 생명체 의 끽끽 거리 는 소리 그 순간 너 는 안정감 을 완전히 잃어버리게 될거야 두려움 에 휩싸이고 심장 박동 이 빨라지고 머리 속 에 죽음 이란 단어 가 떠오르게 될거야 우리 인간 들 이 도시 생활 을 하며 죽음 이란 단어 로부터 얼마나 먼 곳 에 있는지 그걸 너 는 알 게 되겠지,2018-05-18 18:22:03
242760,The Forest,positive,더포레스트 오류 스팀오류 프로세스오류 때문에 게임못하는시분들 나는 2번 3번 제거했다가 설치해도 안된다 재부팅해도 안된다 하시는분들 속는셈치고 백신 지우거나 꺼두고 실행 해보세요,더 포레스트 오류 스팀 오류 프로세스 오류 때문 에 게임 못 하는 시 분들 나 는 2 번 3 번 제거 했다가 설치 해도 안된다 재부팅 해도 안된다 하시는 분 들 속 는 셈 치고 백신 지우거나 꺼 두고 실행 해보세요,2018-05-18 17:07:23
242760,The Forest,positive,"자, 이제 누가 식인종이지?","자 , 이제 누가 식인종 이지 ?",2018-05-18 17:03:02
242760,The Forest,positive,"[나는 자연인이다 ] 프로그램 애청자시면 좋아할 겁니다 아름다운 전원 생활을 그린 인생 2막의 스토리죠 가끔씩 등장하는 좋은 이웃들(?)과 함께 하는 """"나 죽여봐라""놀이도 귀농 생활의 활력소가 되구요","[ 나 는 자연인 이다 ] 프로그램 애 청자 시 면 좋아할 겁니다 아름다운 전원 생활 을 그린 인생 2 막 의 스토리 죠 가끔 씩 등장 하는 좋은 이웃 들 (?) 과 함께 하는 """" 나 죽 여봐라 "" 놀이 도 귀농 생활 의 활력소 가 되구요",2018-05-17 15:55:20
242760,The Forest,positive,꿀잼,꿀잼,2018-05-16 03:38:06
242760,The Forest,positive,백종현이랑해서재밌었음,백종현 이랑 해서 재밌었음,2018-05-15 19:00:24
242760,The Forest,positive,갓-갬,갓 - 갬,2018-05-14 18:53:51
242760,The Forest,positive,게임에서 이성을 잃으면 현실에서도 이성을 잃게 만드는 게임,게임 에서 이성 을 잃으면 현실 에서도 이성 을 잃게 만드는 게임,2018-05-14 09:07:06
242760,The Forest,positive,다 같이 하기에 재밌어요! 더 포레스트 한국 디스코드 : https://discord.gg/zFr5gq 스팀 종합 디스코드 : https://discord.gg/HrsGd9h,다 같이 하기에 재밌어요 ! 더 포레스트 한국 디스 코드 : https://discord.gg/zFr5gq 스팀 종합 디스 코드 : https://discord.gg/HrsGd9h,2018-05-14 02:18:47
242760,The Forest,positive,아들잃은 아버지의 심정을 이해할수 있는 게임,아들 잃은 아버지 의 심정 을 이해 할수 있는 게임,2018-05-13 22:19:37
242760,The Forest,positive,god game,god game,2018-05-13 15:53:58
242760,The Forest,positive,꽤나 괜찮은 겜임,꽤 나 괜찮은 겜임,2018-05-13 15:25:19
242760,The Forest,positive,친구 2명 한테 추천해서 3명에서 하고있는중입니다 ㅋㅋㅋㅋ 일단 처음한땐 진짜 재밌고 한번 시작하면 4시간정도 합니다 그리고 동굴 함부로 들가면 못나올수도 있으니 조심하세요,친구 2 명 한테 추천 해서 3 명 에서 하고있는 중 입니다 ㅋㅋㅋㅋ 일단 처음 한 땐 진짜 재밌고 한번 시작 하면 4시간 정도 합니다 그리고 동굴 함부로 들가면 못 나올수도 있으니 조심하세요,2018-05-13 12:50:46
242760,The Forest,positive,할만한대 좀 더 추가 할깨 많음,할만 한 대 좀 더 추가 할 깨 많음,2018-05-13 12:40:33
242760,The Forest,positive,정말 즐기기 좋고 재밌는 게임이네요!!,정말 즐기기 좋고 재밌는 게임 이네 요 !!,2018-05-12 23:57:01
242760,The Forest,positive,"이야 사용자들 플탐보니, 이 하드갇겜을 다들 오래 안 하는구나. 추가 -인생 레게노게임- top 2 ㄹㅇ","이야 사용자 들 플 탐 보니 , 이 하드갇겜 을 다 들 오래 안 하는구나 . 추가 - 인생 레게 노 게임 - top 2 ㄹㅇ",2018-05-12 20:03:10
242760,The Forest,positive,재미있긴 하지만 현재로썬 지금은 엔딩 본다음 에 는 건물 이나 물건 만들고 모으기 밖에 할것이 없음... 그래도 꾸준히 업데이트 되는 것 같으니깐 기대 되기 는 한다.,재미있긴 하지만 현재 로 썬 지금 은 엔딩 본 다음 에 는 건물 이나 물건 만들고 모으기 밖에 할것이 없음 ... 그래도 꾸준히 업데이트 되는 것 같으니깐 기대 되기 는 한다 .,2018-05-12 19:54:54
242760,The Forest,positive,그냥 현대판 로빈슨 크루소 같은 체험을 할수 있음.. 단.. 식인종들이 공격해오는거 빼면...ㅋㅋㅋ 그냥 집짓고 다리놓고 하다보면 시간 금방감.. 재밌음. 개인적으로 맵이 좀더 컸더라면 하는 아쉬움이 있음..,그냥 현 대판 로빈슨 크루소 같은 체험 을 할수 있음 .. 단 .. 식인종 들 이 공격 해오는거 빼면 ... ㅋㅋㅋ 그냥 집 짓고 다리놓고 하다 보면 시간 금방 감 .. 재밌음 . 개인 적 으로 맵 이 좀더 컸더라면 하는 아쉬움 이 있음 ..,2018-05-12 18:25:34
242760,The Forest,positive,당신은 노동과 건설업을 동시에 즐기실수 있습니다,당신 은 노동 과 건설업 을 동시 에 즐기실수 있습니다,2018-05-12 17:15:34
242760,The Forest,positive,정식판 나오고 개 재미있어요,정식 판 나오고 개 재미있어요,2018-05-11 23:32:56
242760,The Forest,positive,완죤대박게임 쩌러요,완죤 대박 게임 쩌러 요,2018-05-11 22:30:58
242760,The Forest,positive,정식발매후 리게임햇는데 나의 동반자였던 캠핑보트는 왜 가라앉았는가?,정식 발매 후 리 게임 햇 는데 나 의 동반 자였던 캠핑 보트 는 왜 가라앉았는가 ?,2018-05-11 16:54:32
242760,The Forest,positive,문어 괴물을 처음 봤을때 그 공포란...,문어 괴물 을 처음 봤을 때 그 공포 란 ...,2018-05-11 13:53:15
242760,The Forest,positive,레알갓겜,레알 갓 겜,2018-05-11 13:45:47
242760,The Forest,positive,"혼자놀기를 잘한다면 사도 좋지만, 진짜 심심하다.","혼자놀기 를 잘 한다면 사도 좋지만 , 진짜 심심하다 .",2018-05-11 13:45:05
242760,The Forest,positive,I Luv it!!,I Luv it !!,2018-05-10 22:05:36
242760,The Forest,positive,This game in a nutshell build a big base with walls and traps then get it destroyed by Muntans and other cannibals lose hope and motivation repeat.,This game in a nutshell build a big base with walls and traps then get it destroyed by Muntans and other cannibals lose hope and motivation repeat .,2018-05-10 16:16:07
242760,The Forest,positive,긴 기다림 끝에 드디어 정식으로 출시되었습니다. 얼리때보다 엔딩도 추가되었고(아직 못봤지만) 그래픽도 좋아졌으며 난이도도 적당하게 설계됐네요. 여전히 물리엔진 버그가 좀 있지만 크게 지장을 줄 정돈 아니고 다만 명암이 너무 극명하게 대비되어서 설정 좀만 건드리면 눈부심이 심하거나 너무 안 보이거나 둘 중 하나네요. 이거랑 제발 나무 베면 통나무가 아무데나 튕겨나가는 것도 좀 고쳐주면 좋겠어요..밤에 베기라도 하면 찾기도 힘들고 나무수레 있으나 마나ㅠ,긴 기다림 끝 에 드디어 정식 으로 출시 되었습니다 . 얼리 때 보다 엔딩 도 추가 되었고 ( 아직 못 봤지만 ) 그래픽 도 좋아졌으며 난이도 도 적당하게 설계 됐네요 . 여전히 물리엔진 버그 가 좀 있지만 크게 지장 을 줄 정돈 아니고 다만 명암 이 너무 극명하게 대비 되어서 설정 좀 만 건드리면 눈부심 이 심하거나 너무 안 보이거나 둘 중 하나 네 요 . 이 거 랑 제발 나무 베면 통나무 가 아무 데 나 튕겨 나가는 것 도 좀 고쳐주면 좋겠어요 .. 밤 에 베기라도 하면 찾기 도 힘들고 나무 수레 있으나 마나 ㅠ,2018-05-10 14:52:14
242760,The Forest,positive,처음 이게임을 접했을땐 그저 나무로 집을 짓고 식인종들과 싸우는 그런 게임인줄로만 알았다. 막상 까보니 오메 무슨 스토리까지있네,처음 이 게임 을 접 했을 땐 그저 나무 로 집 을 짓고 식인종 들 과 싸우는 그런 게임 인 줄 로만 알았다 . 막상 까 보니 오메 무슨 스토리 까지 있네,2018-05-10 05:23:55
242760,The Forest,positive,좋아요,좋아요,2018-05-09 17:20:50
242760,The Forest,positive,게임을 켜고 잠깐 해봣는데 시작부터 비행기에 작은 버그가 있고 전체적으로 알려주는것도 없고 막막함 익숙해지면 재밌을거 같긴하네요,게임 을 켜고 잠깐 해봣는데 시작 부터 비행기 에 작은 버그 가 있고 전체 적 으로 알려주는것도 없고 막막함 익숙해지면 재밌을거 같긴하네요,2018-05-09 14:11:04
242760,The Forest,positive,조금 애매하지만 그래픽도 좋고 저평가 할 게임은 아니라고 생각합니다. 엔딩도 나쁘지않지만 엔딩을 더 추가해주셨으면 해요 타임어택으로 어느정도 시간안에 엔딩을 볼 경우 히든엔딩으로 아들이 살아있는 상태로 구할수 있는 그런 엔딩도 있으면 좋을거같아요,조금 애매하지만 그래픽 도 좋고 저 평가 할 게임 은 아니라고 생각 합니다 . 엔딩 도 나쁘지 않지만 엔딩 을 더 추가 해주셨으면 해 요 타임 어택 으로 어느 정도 시간 안 에 엔딩 을 볼 경우 히든 엔딩 으로 아들 이 살아있는 상태 로 구 할수 있는 그런 엔딩 도 있으면 좋을거 같아요,2018-05-08 22:45:45
242760,The Forest,positive,친구새끼의 영업으로 딴겜사려고 모으던 돈 뽀사서 이거 샀음. 그럴만한 가치가 있음 굳겜,친구 새끼 의 영업 으로 딴 겜 사려 고 모으던 돈 뽀사 서 이 거 샀음 . 그럴만 한 가치 가 있음 굳 겜,2018-05-08 18:14:30
242760,The Forest,positive,집짓고 나무캐다보면 저녁 찬거리들이 집으로 찾아와서 날 먹어줘하면서 깔짝대는데 걔네들만 잘 접대해줘도 저녁거리는 해결됩니당,집 짓고 나무 캐다 보면 저녁 찬 거리 들 이 집 으로 찾아와서 날 먹어줘하면서 깔 짝 대는데 걔네 들 만 잘 접대 해줘도 저녁 거리 는 해결 됩니당,2018-05-07 15:39:59
242760,The Forest,positive,.,.,2018-05-07 12:29:37
242760,The Forest,positive,.,.,2018-05-07 02:39:06
242760,The Forest,positive,어.,어 .,2018-05-06 21:06:31
242760,The Forest,positive,캬 기래 할만하구만,캬 기 래 할만 하구만,2018-05-06 18:42:45
242760,The Forest,positive,이 게임은 차라리 알파버전으로 지속적으로 내놓지 않았다면 아마 신선하다며 지금와서 더 고평가 받았을테고 특히 지형건물이나 여러가지 도구를 만드는것들이 미흡하다고 생각됨 그냥 저냥 정말 짧게 한다면 할만한대 길게는 못하겠음,이 게임 은 차라리 알파 버전 으로 지속 적 으로 내놓지 않았다면 아마 신선하다며 지금 와 서 더 고 평가 받았을테고 특히 지형 건물 이나 여러가지 도구 를 만드는것 들이 미흡하다고 생각 됨 그냥 저 냥 정말 짧게 한다면 할만 한 대 길게는 못 하겠음,2018-05-06 13:07:52
242760,The Forest,positive,이겜은 시발 카타나 하나만 있어도 영화찍는다\\,이 겜 은 시발 카타나 하나 만 있어도 영화 찍는다 \\,2018-05-06 00:33:03
242760,The Forest,positive,친구랑 같이하는거 너무 재밌긴 한데 너무 무섭다 ㅠㅠ 식인종이랑 돌연변이때문에....ㅋㅋ,친구 랑 같이 하는거 너무 재밌긴 한데 너무 무섭다 ㅠㅠ 식인종 이랑 돌연변이 때문 에 .... ㅋㅋ,2018-05-05 20:32:26
242760,The Forest,positive,너는 식인종이 아니라고 생각하지?ㅋ,너 는 식인종 이 아니라고 생각 하지 ? ㅋ,2018-05-05 20:10:57
242760,The Forest,positive,카타나만 있다면 아무것도 두렵지않아,카타나 만 있다면 아무 것 도 두렵지 않아,2018-05-05 20:03:14
242760,The Forest,positive,동물의 숲,동물 의 숲,2018-05-05 06:48:00
242760,The Forest,positive,더 포레스트 1.0정식 패치 축하해요!! 앞으로도 잘부탁해요!,더 포레스트 1.0 정식 패치 축하 해요 !! 앞 으로도 잘 부 탁해요 !,2018-05-05 05:28:17
242760,The Forest,positive,존나 친한 친구나 애인이랑 하세요 맘이 아주 편-안해짐,존나 친한 친구 나 애인 이랑 하세요 맘 이 아주 편 - 안 해 짐,2018-05-05 03:31:24
242760,The Forest,positive,16시간동안 공략없이 동굴만 해메이다가 때려칩니다. 재미는 있었네요. 엔딩은 못봤지만 친구랑 가끔씩 집지으며 살듯,16시간 동안 공략 없이 동굴 만 해메 이 다가 때려 칩니다 . 재미 는 있었네요 . 엔딩 은 못 봤지만 친구 랑 가끔 씩 집지으며 살듯,2018-05-04 23:51:16
242760,The Forest,positive,갓겜,갓 겜,2018-05-04 14:20:55
242760,The Forest,positive,재밌음,재밌음,2018-05-04 11:53:50
242760,The Forest,positive,친구들이랑 간단하게 할 수 있는 게임,친구 들 이랑 간단하게 할 수 있는 게임,2018-05-03 20:03:05
242760,The Forest,positive,이 게임은 분위기가 8할을 먹고 들어간다 밤 중에 또는 어두운 동굴 안에서 식인종 2팀을 만나봐라 왠만한 공포게임 뺨 후려친다 중독성도 쩔고 재미도 있고 최고의 게임이다,이 게임 은 분위기 가 8 할을 먹고 들어간다 밤 중 에 또는 어 두운 동굴 안 에서 식인종 2 팀 을 만나 봐라 왠만한 공포 게임 뺨 후려친다 중독 성도 쩔고 재미 도 있고 최고 의 게임 이다,2018-05-03 15:51:52
242760,The Forest,positive,솔직히말하자면 이게임 2014년에 알파로 처음나왔을때부터 버그가 굉장히난무했어요 그때한저로써는 플레이 하기가 불편했고요 지금처음하시는 사람들은 모르시겠지만,솔직히말하자면 이 게임 2014년 에 알파 로 처음 나왔을 때 부터 버그 가 굉장히 난무 했어요 그때 한 저 로써 는 플레이 하기가 불편했고요 지금 처음 하시는 사람 들 은 모르시겠지만,2018-05-03 12:57:30
242760,The Forest,positive,돈값하는 게임임,돈값 하 는 게임 임,2018-05-02 20:29:58
242760,The Forest,positive,식인종이 있는 오픈월드 섬에서 생존하는 느낌.,식인종 이 있는 오픈월드 섬 에서 생존 하는 느낌 .,2018-05-02 16:22:32
242760,The Forest,positive,음친구들이랑 같이하면 두배로 재밌음,음 친구 들 이랑 같이 하면 두 배 로 재밌음,2018-05-02 05:19:02
242760,The Forest,positive,[b] 어머니는 치킨 안좋아하세요. [/b] [b] 회를 좋아하시지. [/b],[ b ] 어머니 는 치킨 안 좋아하세요 . [/ b ] [ b ] 회 를 좋아하시지 . [/ b ],2018-05-01 23:56:18
242760,The Forest,positive,이게임은 사실 주인공이 식인종입니다 식인종을 먹기때문이죠,이 게임 은 사실 주인공 이 식인종 입니다 식인종 을 먹기 때문 이 죠,2018-05-01 23:04:47
242760,The Forest,positive,와 잼난다 ㅋㅋ,와 잼 난다 ㅋㅋ,2018-05-01 20:56:33
242760,The Forest,positive,겁쟁이 친구들이랑하면 하루종일 소리지르면서 할수있는게임임레알 꾸르잼,겁쟁이 친구 들 이랑 하면 하루 종일 소리 지르면서 할수있는 게임 임 레알 꾸르잼,2018-05-01 20:03:24
242760,The Forest,positive,게임 처음 나오고 나서 부터 해오던 게임이였는데 많이 발전이 되었고 스토리도 매우 좋았습니다,게임 처음 나오고 나서 부터 해오던 게임 이 였는데 많이 발전 이 되었고 스토리 도 매우 좋았습니다,2018-05-01 20:02:21
242760,The Forest,positive,멀티 꿀잼 보장겜,멀티 꿀잼 보장 겜,2018-05-01 19:48:31
242760,The Forest,positive,미띵녕~잉융치킨 그라샤~,미띵녕 ~ 잉융 치킨 그라샤 ~,2018-05-01 18:58:11
242760,The Forest,positive,13000원이었나 그 때 구매했었는데 많이 바뀌었나 확인 간드앗,13000원 이었나 그 때 구매 했었는데 많이 바뀌었나 확인 간드앗,2018-05-01 18:21:32
242760,The Forest,positive,.,.,2018-05-01 18:16:28
242760,The Forest,positive,같이 할 친구가 있다면 최고의 게임 말그대로 바보 여러명이면 못 이루어낼것이 없음,같이 할 친구 가 있다면 최고 의 게임 말 그대로 바보 여러 명 이 면 못 이루어 낼것이 없음,2018-05-01 17:38:02
242760,The Forest,positive,정식출시 축하합니다,정식 출시 축하 합니다,2018-05-01 17:23:26
242760,The Forest,positive,......,......,2018-05-01 17:15:02
242760,The Forest,positive,흥갓겜 드디어 정식출시 ㅋㅋㅋ,흥 갓 겜 드디어 정식 출시 ㅋㅋㅋ,2018-05-01 16:43:23
242760,The Forest,positive,개발자가 포기하지 않는 게임 몇년전부터 업댓도 꾸준히하고 유저수도늘리고 VPN 따위는 없지만 태러는 빈번하게일어나지도않는 이상하리만큼 이상하게도 제미있는 노가다 좆망겜....빌딩 지으면 숲이 하나 없어진다는 어른들말이 참말이었음,개발자 가 포기 하지 않는 게임 몇 년전 부터 업댓 도 꾸준히하고 유저 수도 늘리고 VPN 따위 는 없지만 태러 는 빈번 하게 일어나지 도 않는 이상하리만큼 이상하게도 제 미있는 노가다 좆망 겜 .... 빌딩 지으면 숲 이 하나 없어진다는 어른 들 말 이 참말이었음,2018-05-01 15:20:55
242760,The Forest,positive,야 이거 나 대학교 1학년 당시에 얼리억세스로 나왔는데 4년 만에 출시했네,야 이 거 나 대학교 1 학년 당시 에 얼리 억 세 스 로 나왔는데 4년 만에 출시 했네,2018-05-01 14:12:24
242760,The Forest,positive,정식출시 앙 기모띠,정식 출시 앙 기 모 띠,2018-05-01 13:34:37
242760,The Forest,positive,날이 갈 수록 식인종 애들이 많이 나오고 더 어려워 진다는 것만 빼면 느긋하게 즐길 수도 있을 법한 게임. 하지만 느긋하게 즐길 수 없을 때쯤 되면 루즈해지는 건 레알. 그 때 쯤 되면 존나 새로 파야될 지 이만큼이나 키웠는 데 싶으면서 못 버리는 거 돌아버리나. 리셋이 아무렇지 않거나 식인 좋아하시고 금방 켠왕 하실 수 있으신 분이면 추천. :),날 이 갈 수록 식인종 애 들 이 많이 나오고 더 어려워 진다는 것 만 빼면 느긋하게 즐길 수도 있을 법 한 게임 . 하지만 느긋하게 즐길 수 없을 때 쯤 되면 루즈 해지는 건 레알 . 그 때 쯤 되면 존나 새로 파야 될 지 이 만큼이나 키웠는 데 싶으면서 못 버리는 거 돌아 버리나 . 리셋 이 아무렇지 않거나 식인 좋아하시고 금방 켠왕 하실 수 있으신 분이면 추천 . :),2018-05-01 11:23:53
242760,The Forest,positive,뭐지 갑자기 얼리윾세스에서 벗어났네 ㅋㅋㅋ,뭐 지 갑자기 얼리윾세스 에서 벗어났네 ㅋㅋㅋ,2018-05-01 09:59:52
242760,The Forest,positive,가격오르기 전에 사놔서 다행..,가격 오르기 전 에 사 놔서 다행 ..,2018-05-01 09:16:53
242760,The Forest,positive,평화모드해두고 집짓고 먹을거심고 사냥하면서 돌아다니면 귀농게임하는거같고 재미있음,평화 모드 해 두고 집 짓고 먹을거 심고 사냥 하면서 돌아다니면 귀농 게임 하는거 같고 재미있음,2018-05-01 09:05:39
242760,The Forest,positive,"아들 구하랬더니 식인을 즐기고있어요,","아들 구하랬더 니 식인 을 즐기고있어요 ,",2018-05-01 08:45:05
242760,The Forest,positive,"우리 집 조선컴이라도 신명나게 돌릴 수 있을법한 게임 게다가 26.2시간만 플레이 한 나라도 재밌게 즐겼다, 나 혼자서 일반 노말 엔딩 보는데 7시간이 걸렸다. 그만큼 재미도 있다. 게다가 엔딩을 보면 추가 모드까지 나오니 이 얼마나 완벽한 게임인가. 우린 20500원을 써서라도 이게임을 해봐야한다 참고: Co-op 모드도 할만하니 집 컴이 안좋다면 피씨방에서 친구랑 즐겨보자","우리 집 조선 컴 이라도 신명 나게 돌릴 수 있을 법 한 게임 게다가 26.2시간 만 플레이 한 나라 도 재밌게 즐겼다 , 나 혼자 서 일반 노말 엔딩 보는데 7시간 이 걸렸다 . 그만큼 재미 도 있다 . 게다가 엔딩 을 보면 추가 모드 까지 나오니 이 얼마나 완벽한 게임 인가 . 우린 20500원 을 써서라도 이 게임 을 해봐 야한다 참고 : Co - op 모드 도 할만 하니 집 컴 이 안좋다면 피 씨방 에서 친구 랑 즐겨 보자",2018-05-01 08:04:43
242760,The Forest,positive,god game good!!!!!!!!!!!!!!!!!!!!!!!!!!!!!!!!!!!!!!!!!!!!!!!!!!!!!!!!!!!!!!!!!!!!!!!!!!!!!!!!!!!!!!!!!!!!!!!!!!!!!!!!!!!!!!!!!!!!!!!!!!!!!!!!!!!!!!!!!!!!!!!!!!!!!!!!!!!!!!!!!!!!!!!!!!!!!!!!!!!!!!!!!!!!!!!!!!!!!!!!!!!!!!!!!!!!!!!!!!!!!!!!!!!!!!! hanygam,god game good !!!!!!!!!!!!!!!!!!!!!!!!!!!!!!!!!!!!!!!!!!!!!!!!!!!!!!!!!!!!!!!!!!!!!!!!!!!!!!!!!!!!!!!!!!!!!!!!!!!!!!!!!!!!!!!!!!!!!!!!!!!!!!!!!!!!!!!!!!!!!!!!!!!!!!!!!!!!!!!!!!!!!!!!!!!!!!!!!!!!!!!!!!!!!!!!!!!!!!!!!!!!!!!!!!!!!!!!!!!!!!!!!!!!!!! hanygam,2018-04-30 22:06:06
242760,The Forest,positive,친구들이나 아는분들하고 같이하면 즐거움이 배가되는 갓 게임,친구 들 이나 아는 분 들 하고 같이 하면 즐거움 이 배 가 되는 갓 게임,2018-04-30 20:49:04
242760,The Forest,positive,이 게임은 너무 흥미롭고 내 자신을 포함한 내 친구도 흥분하게 되서 서로 모텔을 가게되었습니다 + 돌연변이와 식인종 등들의 모습을 보고 흥분을했습니다... 이 게임 너무나도 흥분이 되서 남자들끼리도 모텔을 가게 하는 게임인거같습니다,이 게임 은 너무 흥미 롭고 내 자신 을 포함 한 내 친구 도 흥분하게 되서 서로 모텔 을 가게 되었습니다 + 돌연변이 와 식인종 등 들 의 모습 을 보고 흥분 을 했습니다 ... 이 게임 너무나도 흥분 이 되서 남자 들 끼리 도 모텔 을 가게 하는 게임 인거 같습니다,2018-04-30 19:30:16
242760,The Forest,positive,감도부터 좀 고쳐봐요 아저씨 죽을것 같아요 멀미난단 말이에요,감도부터 좀 고쳐 봐요 아저씨 죽을것 같아요 멀미 난 단 말 이에요,2018-04-30 05:10:14
242760,The Forest,positive,우왓 시팔 깜짝아,우왓 시 팔 깜짝 아,2018-04-29 23:04:12
242760,The Forest,positive,요즘 멀티 하는 사람이 없는듯,요즘 멀티 하는 사람 이 없는듯,2018-04-29 17:54:40
242760,The Forest,positive,"모션, 자유도, 인터페이스, 그래픽, 스토리까지 모두 완벽한 게임","모션 , 자유도 , 인터페이스 , 그래픽 , 스토리 까지 모두 완벽한 게임",2018-04-28 19:04:43
242760,The Forest,positive,"재밌는 게임입니다. 완성도 높고, 현실감 몰입감 높고 딱히 흠잡을 부분 없는 생존 게임이라 보시면 되겠습니다. 주 골자인 식인종들과의 적대적 관계도 실감나게 느낄 수 있습니다.","재밌는 게임 입니다 . 완성 도 높고 , 현 실감 몰입 감 높고 딱히 흠잡을 부분 없는 생존 게임 이라 보시 면 되겠습니다 . 주 골자 인 식인종 들 과의 적대 적 관계도 실감 나게 느낄 수 있습니다 .",2018-04-28 01:09:24
242760,The Forest,positive,이제곧 업대이트가 된다고하니 재미있어지겠군요 저장만되면갓겜,이 제 곧 업대 이 트 가 된다고 하니 재미있어지겠군요 저 장만 되면 갓겜,2018-04-28 01:01:41
242760,The Forest,positive,"솔플도 재미있으나 친구들과 같이 멀티플레이를 해보면 신게계를 맛봄. 더 많은 컨텐츠가 있었으면 하는 아쉬움도 남지만 이만한 서바이벌 게임 없음. 진정한 게임을 맛보려면 노치팅 노서치 모드로 그냥 게임을 즐기면 됨. 단, 엔딩을 평생 못볼지도 모름. 엔딩이 중요한 게임은 아니니 안심하시길.","솔플 도 재미있으나 친구 들 과 같이 멀티플레이 를 해보면 신게계를 맛봄 . 더 많은 컨텐츠 가 있었으면 하는 아쉬움 도 남지 만 이만 한 서바이벌 게임 없음 . 진정한 게임 을 맛보려면 노치 팅 노 서치 모드 로 그냥 게임 을 즐기면 됨 . 단 , 엔딩 을 평생 못 볼지도 모름 . 엔딩 이 중요한 게임 은 아니니 안심 하시길 .",2018-04-28 00:46:24
242760,The Forest,positive,사놓고 안하는중 언젠간 깨야지,사놓고 안 하는 중 언 젠 간 깨야지,2018-04-27 20:54:07
242760,The Forest,positive,왜 멀티를 하면 다른 사람들은 토끼 고기 놔두고 잉융만 먹는거죠,왜 멀티 를 하면 다른 사람 들 은 토끼 고기 놔두고 잉융 만 먹는거죠,2018-04-27 08:04:37
242760,The Forest,positive,식인종 냠,식인종 냠,2018-04-26 22:04:10
242760,The Forest,positive,와 갓겜중에갓겜,와 갓 겜 중 에 갓 겜,2018-04-26 19:18:36
242760,The Forest,positive,처음 - 엔딩보는데 7시간 걸림 지금 - 20분이면 엔딩봄,처음 - 엔딩 보는데 7시간 걸림 지금 - 20분 이면 엔딩 봄,2018-04-22 23:51:48
242760,The Forest,positive,The cave로 이름을 바꿔라. 그리고 분위기 개무섭네.,The cave 로 이름 을 바꿔라 . 그리고 분위기 개 무섭네 .,2018-04-22 12:08:55
242760,The Forest,positive,공포를 극복하고 진실을 알아내는것만이 우리가 해야만 하는 일입니다. 무서우신가요? 그렇다면 일단 통나무부터 베어내세요.,공포 를 극복 하고 진실 을 알아내는것만이 우리 가 해야만 하는 일 입니다 . 무서 우신가요 ? 그렇다면 일단 통나무 부터 베어내세요 .,2018-04-21 13:12:16
242760,The Forest,positive,갓겜 얼리엑세스 생존겜은 거르라고 배웠는데 이겜은 예외임,갓 겜 얼리 엑세스 생존 겜 은 거르 라고 배웠는데 이 겜 은 예 외임,2018-04-17 19:17:35
242760,The Forest,positive,RNE,RNE,2018-04-15 16:13:49
242760,The Forest,positive,옥뜰아 따랑해 엌엌 잉융치킨 그라샤~~~,옥뜰 아 따랑 해 엌엌 잉융 치킨 그라샤 ~~~,2018-04-09 16:59:25
242760,The Forest,positive,그지 같은 리스폰,그 지 같은 리스 폰,2018-04-08 19:14:54
242760,The Forest,positive,극추 강추,극 추 강추,2018-04-08 10:02:39
242760,The Forest,positive,랙랙랙랙랙랙랙랙랙랙랙랙랙랙랙랙랙랙랙랙랙랙랙랙랙랙랙랙랙랙랙랙랙랙랙랙랙랙랙랙랙랙랙랙랙랙랙랙랙랙랙랙랙랙랙랙랙랙랙랙랙랙랙랙랙랙랙랙랙랙랙랙랙랙랙랙랙랙랙랙랙랙랙랙랙랙랙랙랙랙랙랙랙랙랙랙랙랙랙랙랙랙랙랙랙랙랙랙랙랙랙랙랙랙랙랙랙랙랙랙랙랙랙랙랙랙랙랙랙랙랙랙랙랙랙랙랙랙랙랙랙랙랙랙랙랙랙랙랙랙랙랙랙랙랙랙랙랙랙랙랙랙랙랙랙랙랙랙랙랙랙랙랙랙랙랙랙랙랙랙랙랙랙랙랙랙랙랙랙랙랙랙랙랙랙랙랙랙랙랙랙랙랙랙랙랙랙랙랙랙랙랙랙랙랙랙랙랙랙랙랙랙랙랙랙랙랙랙랙랙랙랙랙랙랙랙랙랙랙랙랙랙랙랙랙랙랙랙랙랙랙랙랙랙랙랙랙랙랙랙랙랙랙랙랙랙랙랙랙랙랙랙랙랙랙랙랙랙랙랙랙랙랙랙랙랙랙랙랙랙랙랙랙랙랙랙랙랙랙랙,랙랙랙랙랙랙랙랙 랙랙랙랙랙랙랙랙 랙랙랙랙랙랙랙랙 랙랙랙랙랙랙랙랙 랙랙랙랙랙랙랙랙 랙랙랙랙랙랙랙랙 랙랙랙랙랙랙랙랙 랙랙랙랙랙랙랙랙 랙랙랙랙랙랙랙랙 랙랙랙랙랙랙랙랙 랙랙랙랙랙랙랙랙 랙랙랙랙랙랙랙랙 랙랙랙랙랙랙랙랙 랙랙랙랙랙랙랙랙 랙랙랙랙랙랙랙랙 랙랙랙랙랙랙랙랙 랙랙랙랙랙랙랙랙 랙랙랙랙랙랙랙랙 랙랙랙랙랙랙랙랙 랙랙랙랙랙랙랙랙 랙랙랙랙랙랙랙랙 랙랙랙랙랙랙랙랙 랙랙랙랙랙랙랙랙 랙랙랙랙랙랙랙랙 랙랙랙랙랙랙랙랙 랙랙랙랙랙랙랙랙 랙랙랙랙랙랙랙랙 랙랙랙랙랙랙랙랙 랙랙랙랙랙랙랙랙 랙랙랙랙랙랙랙랙 랙랙랙랙랙랙랙랙 랙랙랙랙랙랙랙랙 랙랙랙랙랙랙랙랙 랙랙랙랙랙랙랙랙 랙랙랙랙랙랙랙랙 랙랙랙랙랙랙랙랙 랙랙랙랙랙랙랙랙 랙랙랙랙,2018-04-07 18:58:21
242760,The Forest,positive,god's game 한국어로 갓겜,god ' s game 한국어 로 갓 겜,2018-04-04 19:59:00
242760,The Forest,positive,같이할사람 친추 ㄱㄱ,같이 할 사람 친추 ㄱㄱ,2018-04-04 17:51:01
242760,The Forest,positive,역시 벌목온라인,역시 벌목 온라인,2018-03-29 20:43:43
242760,The Forest,positive,"식인종을 사지분해 해서, 불에 구워, 식인종을 식인하는 재밌는 광경이 펼쳐진다. 얼리 엑세스라 부족한점도 있고, 버그도 있고, 컨텐츠가 조금 부족하긴 해도, 정식 출시가 기대되는 게임이다.","식인종 을 사지 분해 해서 , 불 에 구워 , 식인종 을 식인 하는 재밌는 광경 이 펼쳐진다 . 얼리 엑세스 라 부족한 점도 있고 , 버그 도 있고 , 컨텐츠 가 조금 부족하긴 해도 , 정식 출시 가 기대 되는 게임 이다 .",2018-03-28 00:38:05
242760,The Forest,positive,돈주고 할만한 게임,돈 주고 할만 한 게임,2018-03-27 23:20:05
242760,The Forest,positive,정말 재밌어요! 3d 울렁증때문에 환불했지만 다크심즈를 하며 힐링할수있는 재밌는 게임입니다.,정말 재밌어요 ! 3 d 울 렁증 때문 에 환불 했지만 다크 심즈 를 하며 힐링 할수있는 재밌는 게임 입니다 .,2018-03-25 16:29:06
242760,The Forest,positive,ㄹㄹㄹ,ㄹㄹㄹ,2018-03-25 02:53:30
242760,The Forest,positive,식인종보다 쎈 악어,식인종 보다 쎈 악어,2018-03-24 03:11:29
242760,The Forest,positive,아주 잘만들었고 재밌음,아주 잘 만들었고 재밌음,2018-03-22 10:32:23
242760,The Forest,positive,생존 단지 생존게임을 하고싶었던 분들에게는 이게임은 잠깐의 코카인이 될수있습니다 당신의 아들 티미와 어딘가로 여행을 떠나세요! 어멋 주인공들이 그렇듯이 주인공들이 타는 비행기는 모두 추락하기 마련이져 당신이 타고있던 비행기는 발할라로 떨어지고 일어나보니 아들 티미는 없어지고 왠지모를 가이드북과 사람 배애 꽃혀있던 도끼를 줍고 지금 당장 생존하세요.무인도에서 언제나 그렇듯이 등장하는 적은?! 네 식인종이에요 가면갈수록 강해지는 식인종들과 그에 싸워줄 무기를 구해야하져(모든 무기들은 히키코모리 마냥 어둡고 칙칙한,생존 단지 생존 게임 을 하고싶었던 분 들 에게는 이 게임 은 잠깐 의 코카인 이 될수있습니다 당신 의 아들 티 미와 어딘가 로 여행 을 떠나세요 ! 어멋 주인공 들 이 그렇듯이 주인공 들 이 타는 비행기 는 모두 추락 하기 마련 이 져 당신 이 타고있던 비행기 는 발할라 로 떨어지고 일어나 보니 아들 티 미는 없어지고 왠 지모 를 가이드북 과 사람 배애 꽃혀 있던 도끼 를 줍고 지금 당장 생존 하세요 . 무인도 에서 언제나 그렇듯이 등장 하는 적은 ?! 네 식인종 이에요 가면 갈수록 강해지는 식인종 들 과 그 에 싸워줄 무기 를 구해 야하져 ( 모든 무기 들 은 히키코모리 마냥 어둡고 칙칙한,2018-03-22 06:50:22
242760,The Forest,positive,갑작스러운 사고로 비행기가 추락하고 의문의남자 가 아들을 데려가 증오를품고 아들을 구하러가는 아버지의 인생을 담은 게임입니다. 라고는 하지만 집지은게 아쉬워 아들은 버리고 동굴을 탐험하여 좋은무기를얻고 섬의 일찐으로 거듭나는 쓰레기의 삶을 다룬게임입니다,갑작스러운 사고 로 비행기 가 추락 하고 의문 의 남자 가 아들 을 데려가 증오 를 품고 아들 을 구 하러가는 아버지 의 인생 을 담은 게임 입니다 . 라고는 하지만 집 지은 게 아쉬워 아들 은 버리고 동굴 을 탐험 하여 좋은 무기 를 얻고 섬 의 일찐 으로 거듭 나 는 쓰레기 의 삶 을 다룬 게임 입니다,2018-03-20 16:34:32
242760,The Forest,positive,오늘 메뉴는 인육치킨,오늘 메뉴 는 인육 치킨,2018-03-19 10:29:43
242760,The Forest,positive,슴재미있음,슴 재미있음,2018-03-18 23:57:23
242760,The Forest,positive,simple but great game to kill time,simple but great game to kill time,2018-03-18 10:11:31
242760,The Forest,positive,친구랑 같이하면 이만한 재미가 없습니다! ~~다만 엔딩을 본후에는 다소 지루한 감이 있으니 재빨리 삭제해주시길 바랍니다.~~ 수정 친구가 자꾸하자는데 나무벌목 노가다 밖에 할게 없는겜이라서 씹노잼 걍 20시간 하고 땡인듯,친구 랑 같이 하면 이만 한 재미 가 없습니다 ! ~~ 다만 엔딩 을 본 후 에는 다소 지루한 감 이 있으니 재빨리 삭제 해주시길 바랍니다 .~~ 수정 친구 가 자꾸 하자는데 나무 벌목 노가다 밖에 할게 없는 겜 이라서 씹 노잼 걍 20시간 하고 땡 인 듯,2018-03-17 18:58:57
242760,The Forest,positive,DLC 내놓으면서 건물도 늘려줬으면,DLC 내놓으면서 건물 도 늘려 줬으면,2018-03-17 13:36:38
242760,The Forest,positive,---==={[게임 평가]}===--- ---==={[Game Evaluation]}===--- ※작성날짜(Date) : 2018년04월23일(YYYY.MM.DD) ※작성자(Writer) : Eoheong ▒▒▒▒▒[연령대/AGE]▒▒▒▒▒ ☐ 모두 가능(All) ☐ 어린이(Children) ☐ 12세 이상(12+) ☐ 15세 이상(15+) ☑ 청소년 불가(19+) ▒▒▒▒▒[그래픽/Graphics]▒▒▒▒▒ ☐ 감자(Potato) ☐ 아주나쁨(Very bad) ☐ 나쁨(Poor) ☐ 괜찮음(Ok) ☐ 좋음(Good) ☐ 아주,---==={[ 게임 평가 ]}===--- ---==={[ Game Evaluation ]}===--- ※ 작성 날짜 ( Date ) : 2018년 04월 23일 ( YYYY . MM . DD ) ※ 작성자 ( Writer ) : Eoheong ▒▒▒▒▒ [ 연령 대 / AGE ] ▒▒▒▒▒ ☐ 모두 가능 ( All ) ☐ 어린이 ( Children ) ☐ 12 세 이상 ( 12 +) ☐ 15 세 이상 ( 15 +) ☑ 청소년 불가 ( 19 +) ▒▒▒▒▒ [ 그래픽 / Graphics ] ▒▒▒▒▒ ☐ 감자 ( Potato ) ☐ 아주 나쁨 ( Very bad ) ☐ 나쁨 ( Poor ) ☐ 괜찮음 ( Ok ) ☐ 좋음 ( Good ) ☐ 아주,2018-03-17 13:12:12
242760,The Forest,positive,아들을 구출하는건지 기지 건설해다가 식인종을 뜯어먹는건지 구분이 않되는 게임,아들 을 구출 하는 건지 기지 건설 해다가 식인종 을 뜯어 먹는 건지 구분 이 않 되는 게임,2018-03-17 12:43:40
242760,The Forest,positive,매 끼니를 인육으로 해결! 인육만큼 좋은 식량은 없다!! 우가우가!!,매 끼니 를 인육 으로 해결 ! 인육 만큼 좋은 식량 은 없다 !! 우 가우 가 !!,2018-03-13 23:07:08
242760,The Forest,positive,"훌륭한 스토리, 뛰어난 긴장감, 검색으로 공략을 보고 하는건 의미가 없다. 자신이 직접 터득하며 생존하는 재미를 느끼길 바란다..","훌륭한 스토리 , 뛰어난 긴장감 , 검색 으로 공략 을 보고 하는건 의미 가 없다 . 자신 이 직접 터득 하며 생존 하는 재미 를 느끼길 바란다 ..",2018-03-13 17:55:18
242760,The Forest,positive,"괜찮은 게임인것 같습니다. 무엇보다 시체를 이용한 가구들이 있다는 점에서 추천을 주고 싶네요. 시체로 산을 쌓는다던지, 두개골과 넓적다리뼈를 이용한 샹들리에 에다가 '우상' 이라고 부르는 장승같은 것까지! 이 게임에서 제게 좋은 의미로 쇼크를 준 것은 인육을 먹을 수 있다는 점이네요. 매 끼니를 인육으로 떼우며, 원주민들을 사냥하러 다니는 재미가 쏠쏠한 것 같습니다. 저는 동물애호가라 동물들과는 원활히 지내고 원주민들을 먹을수 있게 만든점은 정말 칭찬하고 싶네요. 아! 동물들이 머리를 기증해줘서 벽면에다가 종류별로 장식해","괜찮은 게임 인 것 같습니다 . 무엇 보다 시체 를 이용 한 가구 들 이 있다는 점 에서 추천 을 주고 싶네요 . 시체 로 산 을 쌓는다던지 , 두개골 과 넓적다리 뼈 를 이용 한 샹들리 에 에다가 ' 우상 ' 이라고 부르는 장승 같은 것 까지 ! 이 게임 에서 제 게 좋은 의미 로 쇼크 를 준 것 은 인육 을 먹을 수 있다는 점 이네 요 . 매 끼니 를 인육 으로 떼우며 , 원주민 들 을 사냥 하러 다니는 재미 가 쏠쏠한 것 같습니다 . 저 는 동물 애호가 라 동물 들 과는 원활히 지내고 원주민 들 을 먹을수 있게 만든 점 은 정말 칭찬 하고 싶네요 . 아 ! 동물 들 이 머리 를 기증 해줘서 벽면 에다가 종류 별로 장식 해",2018-03-12 18:29:26
242760,The Forest,positive,일주일로 하기 꿀잼 게임,일주일 로 하기 꿀잼 게임,2018-03-11 21:33:19
242760,The Forest,positive,무인도의 불시착한 주인공이 원주민들과 싸우며 집을 짓고 무인도에 관련된 미스터리를 풀고 아들을 구하는 액션호러미스터리 게임인데다가 멀티도 되는 갓겜이지만 실상은 모드로 서버를 테러하고 친절한 원주민을 학살하는 게임 모드 만만세다 ㅅㅂ(야 너모너모 대단해!!!!),무인도 의 불시 착한 주인공 이 원주민 들 과 싸우며 집 을 짓고 무인도 에 관련 된 미스터리 를 풀 고 아들 을 구 하는 액션 호러 미스터리 게임 인데 다가 멀티 도 되는 갓 겜 이지만 실상 은 모드 로 서버 를 테러 하고 친절한 원주민 을 학살 하는 게임 모드 만 만세 다 ㅅㅂ ( 야 너 모 너 모 대단해 !!!!),2018-03-11 13:48:06
242760,The Forest,positive,엔딩보고 안하는게임,엔딩 보고 안 하는 게임,2018-03-10 20:26:56
242760,The Forest,positive,정말 재미있어요 앞으로도 업데이트가 많이되면 좋을것 같아요,정말 재미있어요 앞 으로도 업데이트 가 많이 되면 좋을것 같아요,2018-03-10 18:13:32
242760,The Forest,positive,good,good,2018-03-10 14:11:16
242760,The Forest,positive,갓 겜,갓 겜,2018-03-07 16:36:32
242760,The Forest,positive,움지있는 도시락을 사냥하자!,움 지 있는 도시락 을 사냥 하자 !,2018-03-07 04:18:53
242760,The Forest,positive,뉴비들이 생각하는 더포레스트 - 아 식인종들 너무 무서워 어떻게 하지? 집도 쉽게 못지을것 같아 공격받으면 밤에는 파밍도 하기 힘들거야 실제 더 포레스트 - 이렇게 혼자인 경우에는 가망이 별로 없어요 하지만 지금은 내 점심이죠 보세요 살이 아주많아요 또 60퍼센트가 단백질이죠 즉 열,뉴비 들 이 생각 하는 더 포레스트 - 아 식인종 들 너무 무서워 어떻게 하지 ? 집도 쉽게 못 지을것 같아 공격 받으면 밤 에는 파밍 도 하기 힘들거야 실제 더 포레스트 - 이렇게 혼자 인 경우 에는 가망 이 별로 없어요 하지만 지금 은 내 점심 이 죠 보세요 살이 아주 많아요 또 60 퍼센트 가 단백질 이 죠 즉 열,2018-03-06 14:54:13
242760,The Forest,positive,그대들은 아는가? Developermode를...,그대 들 은 아는가 ? Developermode 를 ...,2018-03-05 22:14:02
242760,The Forest,positive,겜갓겜,겜 갓 겜,2018-03-05 21:18:00
242760,The Forest,positive,난 가끔 이 게임이 공포겜이란 것을 잊어버린다...,난 가끔 이 게임 이 공포 겜 이란 것 을 잊어버린다 ...,2018-03-04 23:31:47
242760,The Forest,positive,아빠가못생겼어,아빠 가 못 생겼어,2018-03-03 12:54:48
242760,The Forest,positive,플레이 시간 : 49.4시간 평가 : 친구랑 함께하면 더 재밌음,플레이 시간 : 49.4시간 평가 : 친구 랑 함께 하면 더 재밌음,2018-03-02 16:07:42
242760,The Forest,positive,내가 식인종인가 쟤들이 식인종인가,내 가 식인종 인가 쟤 들 이 식인종 인가,2018-03-02 08:55:26
242760,The Forest,positive,진짜 꿈도 희망도 없는 게임ㅋㅋ 엔딩 수준..,진짜 꿈 도 희망 도 없는 게임 ㅋㅋ 엔딩 수준 ..,2018-02-28 23:17:08
242760,The Forest,positive,햄튜브님을 통해서 알게되었는데 재밌네요! 집 짓고 식인종 사냥하는게 꿀잼이라 산지 하루만에 4시간이나 했어요 ㅋㅋㅋㅋㅋㅋㅋㅋㅋㅋ추천합니다!,햄 튜브 님 을 통해 서 알 게 되었는데 재밌네요 ! 집 짓고 식인종 사냥 하는게 꿀잼 이라 산지 하루 만에 4시간 이나 했어요 ㅋㅋㅋㅋㅋㅋㅋㅋㅋㅋ 추천 합니다 !,2018-02-28 22:32:47
242760,The Forest,positive,갓 ㅡ 겜,갓 ㅡ 겜,2018-02-28 15:37:42
242760,The Forest,positive,벌목알바 구합니다,벌목 알바 구합 니 다,2018-02-28 14:26:42
242760,The Forest,positive,나는 몰랐다. 그들이 좋은 양식이였다는 것을..,나 는 몰랐다 . 그 들 이 좋은 양식 이 였다는 것 을 ..,2018-02-28 01:36:15
242760,The Forest,positive,우리나라 아빠들이 주인공같은 사람만 있었다면 한반도는 헬반도가 됐을 것이다.,우리나라 아빠 들 이 주인공 같은 사람 만 있었다면 한반도 는 헬반도 가 됐을 것 이다 .,2018-02-27 20:48:46
242760,The Forest,positive,솔직히 재미없을줄 알았다 근데 멀티로 하니까 별게 다 웃기고 굉장히 재미있다 진짜 마인크래프트 하는느낌 산지 하루도 안되서 5시간했음..,솔직히 재미없을줄 알았다 근데 멀티 로 하니까 별 게 다 웃기 고 굉장히 재미있다 진짜 마인크래프트 하는 느낌 산지 하루 도 안되서 5시간 했음 ..,2018-02-27 14:13:00
242760,The Forest,positive,식인종에게 도망칠려고 식인종이 되는 생존게임,식인종 에게 도망칠려고 식인종 이 되는 생존 게임,2018-02-27 10:50:07
242760,The Forest,positive,엔딩이 2년만에 나왔지만 스토리 갓겜으로 전략한 좋은 예,엔딩 이 2년 만에 나왔지만 스토리 갓 겜 으로 전략 한 좋은 예,2018-02-26 19:45:36
242760,The Forest,positive,무서웠다,무서웠다,2018-02-25 19:10:28
242760,The Forest,positive,세일할때 사면 20시간쯤은 즐겁게 즐길수 있다.,세 일 할 때 사면 20시간 쯤은 즐겁게 즐길수 있다 .,2018-02-25 18:40:35
242760,The Forest,positive,띵겜 친구들이랑 같이해보세요!!!,띵겜 친구 들 이랑 같이 해보세요 !!!,2018-02-24 20:47:55
242760,The Forest,positive,할만한 겜이다.,할만 한 겜 이다 .,2018-02-24 01:03:15
242760,The Forest,positive,식인종이 좀 불쌍해진다...왜지?,식인종 이 좀 불쌍해진다 ... 왜 지 ?,2018-02-22 23:21:25
242760,The Forest,positive,갓겜 아크 썩은물 읍읍,갓 겜 아크 썩은 물 읍읍,2018-02-22 22:42:41
242760,The Forest,positive,무료한 일상을 즐겁게 만들어준 게임,무료 한 일상 을 즐겁게 만들어 준 게임,2018-02-22 21:43:00
242760,The Forest,positive,개띵작 멀티로 무조건,개띵작 멀티 로 무조건,2018-02-22 18:12:23
242760,The Forest,positive,띵겜 인정합니다 친구들과 하면 개꿀잼게임입니다,띵겜 인정 합니다 친구 들 과 하면 개꿀잼 게임 입니다,2018-02-22 18:11:23
242760,The Forest,positive,쌉띵작 꼭 멀티로 해야됨 엔딩보고 다시해도 꿀잼,쌉띵작 꼭 멀티 로 해야 됨 엔딩 보고 다시 해도 꿀잼,2018-02-22 18:08:26
242760,The Forest,positive,누가 식인종인가,누가 식인종 인가,2018-02-22 09:23:43
242760,The Forest,positive,혼자하면 재미없는 게임 친구랑 함께하면 더더욱 재미를 맞볼수 있는 게임,혼자 하면 재미없는 게임 친구 랑 함께 하면 더 더욱 재미 를 맞 볼수 있는 게임,2018-02-21 18:15:04
242760,The Forest,positive,친구랑 하면 개꿀잼이네,친구 랑 하면 개꿀잼 이네,2018-02-21 15:37:50
242760,The Forest,positive,인싸가 아니라면 하지마,인 싸가 아니라면 하지마,2018-02-21 03:24:26
242760,The Forest,positive,good games,good games,2018-02-20 20:39:57
242760,The Forest,positive,갓- 겜,갓 - 겜,2018-02-20 18:19:22
242760,The Forest,positive,현실판 마인크래프트 스토리가 있는거 빼고면 마크랑 비슷함,현실 판 마인크래프트 스토리 가 있는거 빼고면 마크 랑 비슷함,2018-02-20 10:17:12
242760,The Forest,positive,좋잼,좋 잼,2018-02-19 22:30:44
242760,The Forest,positive,180219 : 싱글O 멀티O 한글화O 스토리 : 비행기 추락 후 생존게임 동굴에서 길잃고 식인종한테 뒤지고나니 현탐와서 못하겠다 아들아 미안,180219 : 싱글 O 멀티 O 한글화 O 스토리 : 비행기 추락 후 생존 게임 동굴 에서 길 잃고 식인종 한테 뒤지고나니 현 탐와 서 못 하겠다 아들 아 미안,2018-02-19 16:19:27
242760,The Forest,positive,정말 추천합니다! 정말 간편한 멀티플레이로 편하게 의사소통 하며 게임을 즐길수도 있고 한글패치와 각종 조합법덕분ㄴ기 게임 플레이가 수월해졌습다 이 게임을 극찬합니다!,정말 추천 합니다 ! 정말 간편한 멀티플레이 로 편하게 의사소통 하며 게임 을 즐길수도 있고 한글패치 와 각종 조 합법 덕분 ㄴ 기 게임 플레이 가 수월해졌 습 다 이 게임 을 극찬 합니다 !,2018-02-19 03:08:53
242760,The Forest,positive,"게임 자체는 재밌으나 아직 얼리 액세스라 그런지 컨텐츠가 많이 부족함. 스토리 나오기 전에 자유모드로 좀 해 보고 재밌어서 스토리 기다리다가, 엔딩 하나 나왔대서 그거 깨보고, 현재 게임 완성도에서 어느것까지 가능한가 궁금해서 마크 놀이 몇 번 하고 나니 할게 없음...ㅋㅋ.. 스토리 몇 개 더 추가되고 컨텐츠 좀 늘어나면 꿀잼 게임 될거 같음. 근데 이 겜도 버그 엄청 많은데.. 업뎃 내용 보니 스킨이랑 그래픽만 줄창 고치더란...ㅠㅠ 정식 출시 땐 버그가 많이 해결 되있었으면 함.","게임 자체 는 재밌으나 아직 얼리 액세스 라 그런지 컨텐츠 가 많이 부족함 . 스토리 나오기 전 에 자유 모드 로 좀 해 보고 재밌어서 스토리 기다리다가 , 엔딩 하나 나왔 대서 그거 깨 보고 , 현재 게임 완성 도 에서 어느 것 까지 가능한가 궁금해서 마크 놀이 몇 번 하고 나니 할게 없음 ... ㅋㅋ .. 스토리 몇 개 더 추가 되고 컨텐츠 좀 늘어나면 꿀잼 게임 될거 같음 . 근데 이 겜 도 버그 엄청 많은데 .. 업뎃 내용 보니 스킨 이랑 그래픽 만 줄창 고치더란 ... ㅠㅠ 정식 출시 땐 버그 가 많이 해결 되있었으면 함 .",2018-02-19 02:56:09
242760,The Forest,positive,아직 3.5시간 정도 밖에 하지 못했지만 정말 재미있는 게임.,아직 3.5시간 정도 밖에 하지 못 했지만 정말 재미있는 게임 .,2018-02-19 02:03:47
242760,The Forest,positive,솔로 : 공포겜 멀티 : 식인종 먹방 & 벌목겜,솔로 : 공포 겜 멀티 : 식인종 먹방 & 벌목 겜,2018-02-19 00:10:34
242760,The Forest,positive,섬을 자신의 집으로 만들어버리는 게임,섬 을 자신 의 집 으로 만들어 버리는 게임,2018-02-18 17:07:16
242760,The Forest,positive,그래픽한번좋네,그래픽 한번 좋네,2018-02-18 10:54:53
242760,The Forest,positive,재밋내요.. 돌연변이가 마이홈을 때려뿌시기 전까진요...,재밋내 요 .. 돌연변이 가 마이 홈 을 때려 뿌 시기 전 까진 요 ...,2018-02-18 06:44:46
242760,The Forest,positive,스토리깨면 게임도 끝이다 하지만 재미있다,스토리 깨면 게임 도 끝 이다 하지만 재미있다,2018-02-18 04:20:14
242760,The Forest,positive,처음에는 식인종들이 굉장히 무서웠는데 한 두 시간정도 하다보니 식인종 잡으러 돌아다니고 있었음 돌연변이 드라군 불로 지지면 개꿀잼,처음 에는 식인종 들 이 굉장히 무서웠는데 한 두 시간 정도 하다 보니 식인종 잡으러 돌아다니고 있었음 돌연변이 드라군 불로 지지 면 개꿀잼,2018-02-18 00:29:30
242760,The Forest,positive,식인을 하는겜,식인 을 하는 겜,2018-02-17 23:27:14
242760,The Forest,positive,아무것도 모르고 동굴 속으로 들어갔다... 뻐-킹 식인종,아무 것 도 모르고 동굴 속 으로 들어갔다 ... 뻐 - 킹 식인종,2018-02-17 19:05:41
242760,The Forest,positive,"확실히 처음하시는 분은 상당히 즐겨할만한데, 저처럼 공포영화나 무서운거 잘 못보시는분들은 혼자하지마시고 친구들 혹은 지인분들과 같이 하시는걸 추천 좀 오래하다보면 아이템좀 외우고 만들거좀 만들다보면 질리게 됩니당 ㅎ 그러면 좀 쉬었다가 또 하고 세일할때 사시면 개꿀!","확실히 처음 하시는 분 은 상당히 즐겨 할 만한데 , 저 처럼 공포영화 나 무서운거 잘 못 보시는 분 들 은 혼자 하지 마시고 친구 들 혹은 지인 분들 과 같이 하시는걸 추천 좀 오래 하다 보면 아이템 좀 외우고 만들거 좀 만들다 보면 질리 게 됩니당 ㅎ 그러면 좀 쉬었다가 또 하고 세 일 할 때 사시 면 개꿀 !",2018-02-16 21:05:34
242760,The Forest,positive,사실 주인공은 식인종이다?,사실 주인공 은 식인종 이다 ?,2018-02-16 00:50:42
242760,The Forest,positive,"친구들이 버그의 숲이라 부르더라. 고기가 땅으로 숨지를 않나 창을 던지면 창이 땅으로 꺼지고 4년동안 버그를 고친건지 뭔지 모르겠다만, 이런 쪽의 생존겜이 재밌기 때문에 문제없이 하는중... 1년후 수정 내가 너무 많은걸 바라는지 모르겠지만 아직 부족한거같다 그래도 돌연변이 밸런스패치는 좋다잉","친구 들 이 버그 의 숲 이라 부르더라 . 고기 가 땅 으로 숨지를 않나 창 을 던지면 창 이 땅 으로 꺼지고 4년 동안 버그 를 고친 건지 뭔 지 모르겠다만 , 이런 쪽 의 생존 겜 이 재밌기 때문 에 문제 없이 하는 중 ... 1년 후 수정 내 가 너무 많은걸 바라는지 모르겠지만 아직 부족한거 같다 그래도 돌연변이 밸런스 패치 는 좋다잉",2018-02-15 12:08:57
242760,The Forest,positive,코옵꿀잼,코옵꿀잼,2018-02-14 22:01:06
242760,The Forest,positive,생존게임이 이렇게 재미있을까요..,생존 게임 이 이렇게 재미있을까요 ..,2018-02-14 18:52:59
242760,The Forest,positive,처음 시작부터 엔딩까지 이만한 돈을 주고 할만하다 충분히 갓겜이다 특이하게 다른 생존게임과 달리 목적이 분명히 있는 게임이라 엔딩까지 가기까지의 과정이 꿀잼이다 다만 엔딩을 보고난 후엔 조금 루즈해지는 경향이 있다 그럼에도 충분히 살만하다고 생각한다 ps. 새벽에 혼자하다가 식인종 마주치면 그 기분은 말로 설명할 수 없다 친구가 있다면 친구와 같이 하도록 하자,처음 시작 부터 엔딩 까지 이만 한 돈 을 주고 할 만하 다 충분히 갓 겜 이다 특이하게 다른 생존 게임 과 달리 목적 이 분명히 있는 게임 이라 엔딩 까지 가기 까지의 과정 이 꿀잼 이다 다만 엔딩 을 보고 난 후 엔 조금 루즈 해지는 경향 이 있다 그럼에도 충분히 살 만 하다고 생각 한다 ps . 새벽 에 혼자 하다가 식인종 마주치면 그 기분 은 말로 설명 할 수 없다 친구 가 있다면 친구 와 같이 하도록 하자,2018-02-13 22:01:32
242760,The Forest,positive,완 전 굿 입 니 다 요~^^,완 전 굿 입 니 다 요 ~^^,2018-02-13 17:04:10
242760,The Forest,positive,스토리진행뿐만아닌 야생에서 집짓고 살기에도 잼는겜임 아쉬운점이라면 아직까진 딱히없다,스토리 진행 뿐 만 아닌 야생 에서 집 짓고 살기 에도 잼는 겜임 아쉬운 점 이 라면 아직 까진 딱히 없다,2018-02-13 16:09:48
242760,The Forest,positive,"내 면상은 질뻐기이다 I have really jeabbuck face I love my mom and dad, but they dont try hard for me. so I'm living in hard life.","내 면상 은 질뻐기 이다 I have really jeabbuck face I love my mom and dad , but they dont try hard for me . so I ' m living in hard life .",2018-02-12 17:00:39
242760,The Forest,positive,친구들이랑 하면 진짜 완벽한 게임,친구 들 이랑 하면 진짜 완벽한 게임,2018-02-11 23:44:18
242760,The Forest,positive,친구랑해도 재밌고 혼자해도 재밌다,친구 랑 해도 재밌고 혼자 해도 재밌다,2018-02-11 16:48:04
242760,The Forest,positive,웰이즈 마이 썬 !!! 티미!!,웰 이즈 마이 썬 !!! 티 미 !!,2018-02-11 14:39:46
242760,The Forest,positive,식인종 ㄱ추 보러 가즈아~~~,식인종 ㄱ 추 보러 가즈 아 ~~~,2018-02-09 13:36:34
242760,The Forest,positive,집을 지으면 드라군이 와서 부숴주는 게임,집 을 지으면 드라군 이 와서 부숴 주는 게임,2018-02-09 04:24:25
242760,The Forest,positive,이게 재미없어지면 이미 2시간이 지나있음,이 게 재미없어지면 이미 2시간 이 지나있음,2018-02-07 04:16:39
242760,The Forest,positive,친구들 끼리하면 재밌는데 난 친구가 없네?,친구 들 끼리 하면 재밌는데 난 친구 가 없네 ?,2018-02-06 11:55:41
242760,The Forest,positive,친구들과 같이하면 장르가 급바뀌는 마법,친구 들 과 같이 하면 장르 가 급 바뀌는 마법,2018-02-06 06:23:46
242760,The Forest,positive,머형독 하는거보고 다운받았는데 아직까지는 컨텐츠가 너무 적음. 아직 얼리억세스니깐 기대해보겟음,머 형 독 하는거 보고 다운 받았는데 아직 까지는 컨텐츠 가 너무 적음 . 아직 얼리 억 세 스 니깐 기대 해보겟음,2018-02-05 05:21:51
242760,The Forest,positive,10/7,10/7,2018-02-04 23:30:00
242760,The Forest,positive,재밌드아ㅏ아ㅏㅏ아ㅏ아아아,재밌드 아 ㅏ 아 ㅏㅏ 아 ㅏ 아아 아,2018-02-04 16:08:12
242760,The Forest,positive,"서바이벌이면서 목표가 있는 특이한 게임. 비행기 추락으로 잃어버린 아들을 찾아야 한다. 이 넓은 섬에서 아들을 어떻게 찾냐; 라고 방황하게 되지만 점점 감을 잡게 된다. 식인종도 처음에는 무섭다가 나중에서는 ""어, 국 재료다"" 하고 연장을 챙겨 뛰어들게 된다. 얼리 엑세스지만 게임은 다 잡혀있다. 버그는 조금씩 있긴 하지만 진행에 큰 무리는 없었다. [strike]오히려 득이 되었다.[/strike] 엔딩 이후의 컨텐츠는 부족하긴 하지만 전에 짓지 못했거나 찾지 못한 무기가 있어 2회차를 하게 만든다. 진짜 서바이벌이나 전투 모","서바이벌 이 면서 목표 가 있는 특이한 게임 . 비행기 추락 으로 잃어버린 아들 을 찾아야 한다 . 이 넓은 섬 에서 아들 을 어떻게 찾냐 ; 라고 방황 하게 되지만 점점 감 을 잡게 된다 . 식인종 도 처음 에는 무섭다가 나중 에서는 "" 어 , 국 재료 다 "" 하고 연장 을 챙겨 뛰어들게 된다 . 얼리 엑세스 지만 게임 은 다 잡혀있다 . 버그 는 조금씩 있긴 하지만 진행 에 큰 무리는 없었다 . [ strike ] 오히려 득 이 되었다 .[/ strike ] 엔딩 이후 의 컨텐츠 는 부족하긴 하지만 전 에 짓지 못 했거나 찾지 못 한 무기 가 있어 2회 차를 하게 만든다 . 진짜 서바이벌 이나 전투 모",2018-02-03 20:05:18
242760,The Forest,positive,꿀잼,꿀잼,2018-02-03 19:44:50
242760,The Forest,positive,ㅇㅈ,ㅇㅈ,2018-02-03 02:14:55
242760,The Forest,positive,식인종 먹방게임,식인종 먹방 게임,2018-02-03 00:54:49
242760,The Forest,positive,부연설명 없이도 이해 되는 간결한 스토리와 강렬한 엔딩,부연 설명 없이도 이해 되는 간결한 스토리 와 강렬한 엔딩,2018-01-31 22:06:38
242760,The Forest,positive,거미 돌연변이가 가장 무섭 근데 창백한 식인종은 등신같아 자꾸 깜놀을 시전해 하지만 멀티를 하면 학살극,거미 돌연변이 가 가장 무섭 근데 창백한 식인종 은 등신 같아 자꾸 깜놀 을 시 전해 하지만 멀티 를 하면 학살 극,2018-01-30 14:55:01
242760,The Forest,positive,벼엉신 겜,벼 엉 신 겜,2018-01-30 12:30:48
242760,The Forest,positive,와아아,와아아,2018-01-29 16:07:35
242760,The Forest,positive,정말 재미있어요 :),정말 재미있어요 :),2018-01-28 19:24:31
242760,The Forest,positive,자신의 땅을 침략해서 빡친 식인풍습이 있는 원주민을 죽이고 먹는 게임입니다.,자신 의 땅 을 침략 해서 빡친 식인풍습 이 있는 원주민 을 죽 이고 먹는 게임 입니다 .,2018-01-28 10:36:10
242760,The Forest,positive,꾸준하고 지속적인 업데이트로 갓겜이 되어감,꾸준하고 지속 적 인 업데이트 로 갓 겜 이 되 어감,2018-01-27 20:23:48
242760,The Forest,positive,내 인생겜...,내 인생 겜 ...,2018-01-27 11:38:07
242760,The Forest,positive,오늘은 내가 식인종 요리사~!,오늘 은 내 가 식인종 요리사 ~!,2018-01-27 00:33:23
242760,The Forest,positive,내가 아들을 찾을려고 왔는지 식인종 다리 뜯어 먹을려고 왔는지 혼동이오는 그런 게임. 3시간 정도 식인종에게 둘러싸여 있다 보면 오히려 아들이 나를 구하러 와야 함.,내 가 아들 을 찾을려고 왔는지 식인종 다리 뜯어 먹을려고 왔는지 혼동 이오 는 그런 게임 . 3시간 정도 식인종 에게 둘러싸여 있다 보면 오히려 아들 이 나를 구 하러 와야 함 .,2018-01-26 23:33:32
242760,The Forest,positive,이 게임은 식인종 섬에 불시착 하여 직접 식인종이 되는 게임입니다! 이웃들이 놀러오면 이웃으로 집을 장식하세요! 얼마나 이쁘던지,이 게임 은 식인종 섬 에 불시 착 하여 직접 식인종 이 되는 게임 입니다 ! 이웃 들 이 놀러 오면 이웃 으로 집 을 장식 하세요 ! 얼마나 이쁘던지,2018-01-26 01:42:00
242760,The Forest,positive,나는 이런 생존 게임을 좋아 한다. 마치 소설속 주인공이 된것 같지 암. 아들을 찾아 나선 게임치고 스토리로 향하는 사람이 매우 적다. 대부분의 사람들은 아들은 잊은 채 몰려오는 식인종에 도망치고 싸우고 바리케이트를 쌓는다. 나도 그러하니 아들은 대체 언제쯤 찾게 될까? 미안 아들,나 는 이런 생존 게임 을 좋아 한다 . 마치 소설 속 주인공 이 된것 같지 암 . 아들 을 찾아 나선 게임 치고 스토리 로 향 하는 사람 이 매우 적다 . 대부분 의 사람 들 은 아들 은 잊은 채 몰려오는 식인종 에 도망 치고 싸우고 바리 케이트 를 쌓는다 . 나도 그러하니 아들 은 대체 언제 쯤 찾게 될까 ? 미안 아들,2018-01-25 23:21:05
242760,The Forest,positive,식인종이 내가 된다.,식인종 이 내 가 된다 .,2018-01-25 17:27:34
242760,The Forest,positive,I really like this game. It can easily captivate you if you love adventure and survival.,I really like this game . It can easily captivate you if you love adventure and survival .,2018-01-25 01:59:21
242760,The Forest,positive,멀티 됩니다!!!그리고 설정가셔서 언어도 한국어로 바꿀수있어요!!!,멀티 됩니다 !!! 그리고 설정 가셔서 언어 도 한국어 로 바꿀수있어요 !!!,2018-01-24 08:34:03
242760,The Forest,positive,하얼빈의 장챈이 보장하는 20시간용 겜,하얼빈 의 장 챈이 보장 하는 20시간 용 겜,2018-01-23 03:02:36
242760,The Forest,positive,더 포레스트 정식으로 출시하면서 하나의 엔딩이 추가로 생겼다 또 하나의 엔딩을 보고자 켰던 게임이지만 이미 모든 스토리와 모든 동굴을 알아버린 나로써는 색다른 재미를 보지못했다 당연한거임 친구들이랑 딱 한번 단 딱 한번ㅎ 하기좋은게임ㅎㅎ,더 포레스트 정식 으로 출시 하면서 하나 의 엔딩 이 추가 로 생겼다 또 하나 의 엔딩 을 보고 자 켰던 게임 이지만 이미 모든 스토리 와 모든 동굴 을 알 아 버린 나로 써는 색다른 재미 를 보지 못 했다 당연한거 임 친구 들 이랑 딱 한번 단 딱 한번 ㅎ 하기 좋은 게임 ㅎㅎ,2018-01-21 05:40:31
242760,The Forest,positive,새벽에 혼자할때 식인종소리들리면 개쫄림 ㄹㅇ,새벽 에 혼자 할 때 식인종 소 리들리 면 개쫄림 ㄹㅇ,2018-01-19 18:34:15
242760,The Forest,positive,게임은 매우 재미있으나 버그가 있습니다. 오늘 아침 'The Forest'를 업데이트하였습니다. 마지막으로 간 장소는 동굴 안인데요. 거기 안에서 텍스쳐가 깨져 동굴 밖이 보이고 땅이 투명했습니다. 게다가 벽도 투명하고 길도 어디있는지 몰라서 게임을 못하고 있습니다. 옆에는 동굴을 나갈 수 있는 틈이 있었는데 아무리 'E'를 눌러도 틈으로 나가지지 않습니다. 키를 'H'로 바꾸어 눌러도 나가지지 않습니다. 어떡하면 좋을까요?,게임 은 매우 재미있으나 버그 가 있습니다 . 오늘 아침 ' The Forest ' 를 업데이트 하였습니다 . 마지막 으로 간 장소 는 동굴 안인데요 . 거기 안 에서 텍스쳐 가 깨져 동굴 밖 이 보이 고 땅 이 투명했습니다 . 게다가 벽 도 투명하고 길도 어디 있는지 몰라서 게임 을 못 하고 있습니다 . 옆 에는 동굴 을 나갈 수 있는 틈 이 있었는데 아무리 ' E ' 를 눌러도 틈 으로 나가지지 않습니다 . 키 를 ' H ' 로 바꾸어 눌러도 나가지지 않습니다 . 어떡하면 좋을까요 ?,2018-01-19 13:03:03
242760,The Forest,positive,저기요 이거 누가 식인종이죠?,저기 요 이 거 누가 식인종 이 죠 ?,2018-01-18 18:58:28
242760,The Forest,positive,나무만 오질라게 패는겜. 근데 나무 캐는게 재밌떠라,나무 만 오 질라 게 패 는 겜 . 근데 나무 캐는게 재밌 떠라,2018-01-18 15:09:05
242760,The Forest,positive,가격대비 훌륭함 / 나쁘지않은 그래픽 / 쉽고 즐거운 멀티플레이 / 스토리(엔딩)있음 그러나 컨텐츠 소모빠름(부족함) - 친구들과 하면 더더욱 빠르게 진행 / 많은 버그,가격 대비 훌륭함 / 나쁘지 않은 그래픽 / 쉽고 즐거운 멀티플레이 / 스토리 ( 엔딩 ) 있음 그러나 컨텐츠 소모 빠름 ( 부족함 ) - 친구 들 과 하면 더 더욱 빠르게 진행 / 많은 버그,2018-01-17 19:16:07
242760,The Forest,positive,ㅂㅇㄹ,ㅂㅇㄹ,2018-01-17 19:06:33
242760,The Forest,positive,티미샛기 그림 개못그림,티미샛기 그림 개못 그림,2018-01-17 14:03:39
242760,The Forest,positive,아따 재밌다,아따 재밌다,2018-01-15 23:29:21
242760,The Forest,positive,공포게임을 좋아하고 생활 크래프트를 좋아 하시면 강력하게 추천 . 중독성 최강!,공포 게임 을 좋아하고 생활 크래프트 를 좋아 하시면 강력하게 추천 . 중독 성 최강 !,2018-01-15 21:05:52
242760,The Forest,positive,"삭막한 현대사회에서 하늘높은줄 모르는 집세를 걱정한다면, 또는 걱정하고 있다면 매우 추천하는 게임 사실상 아들내미 구하는것보다 나만의 집을 완성하는 그 즐거움 그것만으로도 충분히 구매할 가치가 있다 근데 자꾸 낙지새끼들이 집 처부숨","삭막한 현 대 사회 에서 하늘 높은줄 모르는 집세 를 걱정 한다면 , 또는 걱정 하고 있다면 매우 추천 하는 게임 사실 상 아들내미 구 하는것보다 나 만의 집 을 완성 하는 그 즐거움 그것 만으로도 충분히 구매 할 가치 가 있다 근데 자꾸 낙지 새끼 들 이 집 처부숨",2018-01-15 18:25:16
242760,The Forest,positive,모야 아직도 앞서 해보는 게임이야?,모야 아직도 앞서 해보는 게임 이야 ?,2018-01-15 14:52:31
242760,The Forest,positive,"실화를 바탕으로 제작된 이 게임은 아동 사회 보호 시설 '박애원'에서 자신의 가장 친한 친구인 브베를 버리고 '초딩 열사'와 탈출을 감행한 두식이의 시점에서 진행되는 1인칭 주인공 시점 호러 시뮬레이션 게임이다. 주인공 두식이는 박애원을 탈출하여 김포국제공항에서 비행기를 탑승하여 브베의 영향력 밖으로 벗어나기 위하여 베트남으로 향하는 비행기를 탑승하나, 도중에 의문의 사고로 전라남도의 '천사의 섬' 신안군 부근에서 불시착하게 된다. 두식이가 기절한 상태에서 섬의 족장은 두식이가 이미 운명을 달리한 줄 알고 초딩 열사만을 납치해","실화 를 바탕 으로 제작 된 이 게임 은 아동 사회 보호 시설 ' 박애 원 ' 에서 자신 의 가장 친한 친구 인 브베 를 버리고 ' 초딩 열사 ' 와 탈출 을 감행 한 두 식이 의 시점 에서 진행 되는 1 인칭 주인공 시점 호러 시뮬레이션 게임 이다 . 주인공 두 식이 는 박애 원 을 탈출 하여 김포 국제공항 에서 비행기 를 탑승 하여 브베 의 영향력 밖 으로 벗어나기 위 하여 베트남 으로 향 하는 비행기 를 탑승 하나 , 도중 에 의문 의 사고 로 전라남도 의 ' 천사 의 섬 ' 신안군 부근 에서 불시 착하게 된다 . 두 식이 가 기절 한 상태 에서 섬 의 족장 은 두 식이 가 이미 운명 을 달리 한 줄 알 고 초딩 열사 만을 납치 해",2018-01-15 00:18:49
242760,The Forest,positive,꿀잼 같이할분 친추 ㄱ,꿀잼 같이 할 분 친추 ㄱ,2018-01-14 15:46:13
242760,The Forest,positive,혼자하면 무서운데 친구들이랑 하면 잼슴,혼자 하면 무서운데 친구 들 이랑 하면 잼슴,2018-01-14 15:16:06
242760,The Forest,positive,여자 원주민 발가벗어서 좋았습다.,여자 원주민 발가벗어서 좋았 습 다 .,2018-01-14 13:41:44
242760,The Forest,positive,내가 처음 식인종을 먹었을 때의 기분은 어렸을 때 아빠와 같이 처음 갈비탕을 먹은 기분과 같은 느낌이었다.,내 가 처음 식인종 을 먹었을 때 의 기분 은 어렸을 때 아빠 와 같이 처음 갈비탕 을 먹은 기분 과 같은 느낌이었다 .,2018-01-13 22:06:22
242760,The Forest,positive,하다보면 시간이 지나있는 갓~~껨,하다 보면 시간 이 지나있는 갓 ~~ 껨,2018-01-13 18:09:07
242760,The Forest,positive,재밌음 끝이 뭔지모르겠지만,재밌음 끝 이 뭔 지 모르겠지만,2018-01-13 17:33:51
242760,The Forest,positive,업데이트가 만든 게임 결론:갓겜,업데이트 가 만든 게임 결론 : 갓 겜,2018-01-12 15:56:33
242760,The Forest,positive,게임구매 직후에는 재밌게 했는데 엔딩보고 나서 2회차 하려니까 망설여진다,게임 구매 직후 에는 재밌게 했는데 엔딩 보고 나서 2회 차 하려니까 망설여진다,2018-01-12 12:19:02
242760,The Forest,positive,만원대의 이게임은 진정 갓-겜,만원 대의 이 게임 은 진정 갓 - 겜,2018-01-11 14:34:28
242760,The Forest,positive,게임 로고에 나오는 승무원 다리가 섹시해요 ★★★★★ Best game ever,게임 로고 에 나오는 승무원 다리 가 섹시해요 ★★★★★ Best game ever,2018-01-10 22:30:25
242760,The Forest,positive,갓겜,갓 겜,2018-01-10 21:12:54
242760,The Forest,positive,엔딩 이후 컨텐츠가 부족하긴 하지만 엔딩까지의 컨텐츠가 충분히 재미있다. 친구와 멀티로 플레이하는 것을 권장한다.,엔딩 이후 컨텐츠 가 부족하긴 하지만 엔딩 까지의 컨텐츠 가 충분히 재미있다 . 친구 와 멀티 로 플레이 하는 것 을 권장 한다 .,2018-01-10 14:23:56
242760,The Forest,positive,식인종섬에서 식인종이 되어가는 게임,식인종 섬 에서 식인종 이 되어가는 게임,2018-01-09 14:03:42
242760,The Forest,positive,식인종 다리로 국끊여먹으면 ㄹㅇ 밥도둑,식인종 다리 로 국 끊여 먹으면 ㄹㅇ 밥 도둑,2018-01-08 22:43:52
242760,The Forest,positive,youtube 에서 하도 많이 봐와서 하면 쉽겠거니 덤볐다가 한순간에 ko 된 그런게임이다 싱글로도 충분이 가능할것같은게임을 한순간에 멀티를 원하게되는 그런 갓겜이었던것같다 앞으로 더많은 업데이트와 엔딩루트등 많은 이벤트를 바랄뿐이다,youtube 에서 하도 많이 봐와 서 하면 쉽겠거니 덤볐다가 한순간 에 ko 된 그런 게임 이다 싱글 로 도 충분 이 가능할것 같은 게임 을 한순간 에 멀티 를 원하게 되는 그런 갓 겜 이었던것 같다 앞 으로 더 많은 업데이트 와 엔딩 루트 등 많은 이벤트 를 바랄 뿐 이다,2018-01-08 19:54:48
242760,The Forest,positive,꿀 재 에에에에에엥에에에ㅔㅔ에에에엠,꿀 재 에에에에에엥에에 에 ㅔㅔ 에에에엠,2018-01-07 18:15:25
242760,The Forest,positive,엔딩만 볼꺼면 유튜브 찾아보시고 지이이이이인짜!!!! 지금 당장 게임은 하고 싶은데 할게임이 없다면 구매하시는데 추천드리겠습니다. 딱 20시간용 게임입니다.,엔딩 만 볼꺼면 유튜브 찾아보시고 지 이이이이 인 짜 !!!! 지금 당장 게임 은 하고 싶은데 할 게임 이 없다면 구매 하시는데 추천 드리겠습니다 . 딱 20시간 용 게임 입니다 .,2018-01-07 14:08:55
242760,The Forest,positive,엔딩보면 극심한 현자타임옴..엔딩안보는것을 추천,엔딩 보면 극심한 현자 타임 옴 .. 엔딩 안 보는것을 추천,2018-01-06 15:20:00
242760,The Forest,positive,추천한다,추천 한다,2018-01-04 22:12:57
242760,The Forest,positive,무섭다... 혼자 못하겠다. 같이 해줄 사람이 없어서 영원히 못 할 거 같다,무섭다 ... 혼자 못 하겠다 . 같이 해줄 사람 이 없어서 영원히 못 할 거 같다,2018-01-04 21:20:00
242760,The Forest,positive,원주민들 학살하고 토막내고 약탈하고 나무를 엄청 잘라서 숲을 황폐화 시킨뒤 그 위로 거대한 요새를 만들고 동굴에 처들어가서 전기톱과 일본도 그리고 머스킷을 주워와서 섬을 지배하는 게-임,원주민 들 학살 하고 토막 내고 약탈 하고 나무 를 엄청 잘라서 숲 을 황폐 화 시킨 뒤 그 위로 거대한 요새 를 만들고 동굴 에 처 들어가서 전기톱 과 일본도 그리고 머스킷 을 주워와 서 섬 을 지배 하는 게 - 임,2018-01-04 06:54:22
242760,The Forest,positive,본격 식인종 시뮬레이터,본격 식인종 시뮬레이터,2018-01-03 13:06:03
242760,The Forest,positive,간만에 재밌다,간만 에 재밌다,2018-01-03 03:19:13
242760,The Forest,positive,이거 후회 안합니다.,이 거 후회 안 합니다 .,2018-01-02 21:15:15
242760,The Forest,positive,식인종 싫.어,식인종 싫 . 어,2018-01-02 20:40:24
242760,The Forest,positive,나무캐는게임 근데 꿀잼,나무 캐는 게임 근데 꿀잼,2018-01-02 00:05:36
242760,The Forest,positive,내 아들??? 뭐가 중요해! 식인종들이 난무하는 섬에서 휴양와서 혼자 나무캐고 집짖고 사냥도해서 밥도 챙겨먹고 힐링하는게 중요하지~,내 아들 ??? 뭐 가 중요해 ! 식인종 들 이 난무 하는 섬 에서 휴양 와 서 혼자 나무 캐고 집 짖고 사냥 도해 서 밥 도 챙겨 먹고 힐링 하는게 중요하지 ~,2017-12-31 21:56:28
242760,The Forest,positive,식인종 뜯어먹으며 생존하는 스토리가 감명적인 게임 잘 플레이했구요 어쨌든 식인종 맛있었습니다.,식인종 뜯어 먹으며 생존 하는 스토리 가 감명 적 인 게임 잘 플레이 했구요 어쨌든 식인종 맛있었습니다 .,2017-12-31 19:59:31
242760,The Forest,positive,플레이 30시간 까지는 무난한데 그이후는 컨텐츠 부족이 확실하게 느껴지는게임 그냥 할만함,플레이 30시간 까지는 무난 한 데 그 이후 는 컨텐츠 부족 이 확실하게 느껴지는 게임 그냥 할만 함,2017-12-31 03:30:57
242760,The Forest,positive,"""야 우리 아들은 언제 구해?"" ""어? 아 아들 나중에 구해도 되 지금 안구해됨ㅇㅇ""",""" 야 우리 아들 은 언제 구해 ?"" "" 어 ? 아 아들 나중 에 구해 도 되 지금 안구 해 됨 ㅇㅇ """,2017-12-29 19:42:50
242760,The Forest,positive,파밍이 쏠쏠,파밍 이 쏠쏠,2017-12-29 16:30:52
242760,The Forest,positive,꿀이당,꿀이당,2017-12-29 14:30:31
242760,The Forest,positive,개꿀,개꿀,2017-12-29 10:49:43
242760,The Forest,positive,모든 게 다 있었다. 식량 빼고,모든 게 다 있었다 . 식량 빼고,2017-12-28 01:30:16
242760,The Forest,positive,엔딩보고나니 도전과제 생기는 갓---겜,엔딩 보고나니 도전 과제 생기는 갓 --- 겜,2017-12-27 20:04:50
242760,The Forest,positive,good!!,good !!,2017-12-27 15:27:11
242760,The Forest,positive,식인종이 내가 된다ㅡ!,식인종 이 내 가 된다 ㅡ !,2017-12-27 04:04:34
242760,The Forest,positive,좋네영,좋 네 영,2017-12-26 02:05:10
242760,The Forest,positive,재밋네요,재밋네 요,2017-12-25 17:19:38
242760,The Forest,positive,"솔직히 재밌고 그래픽도 나쁘지않음 근대 할께 쫌 적은듯 추천은함 마인크래프트처럼 초반에 할꺼많고 집,식량 할꺼 해놓으면 할께 잘없음.","솔직히 재밌고 그래픽 도 나쁘지 않음 근대 할께 쫌 적은듯 추천 은 함 마인크래프트 처럼 초반 에 할꺼 많고 집 , 식량 할꺼 해놓으면 할께 잘 없음 .",2017-12-25 01:38:29
242760,The Forest,positive,"Для любителей канала ""Ночной"" =)","Для любителей канала "" Ночной "" =)",2017-12-25 01:17:42
242760,The Forest,positive,:),:),2017-12-24 06:12:16
242760,The Forest,positive,찐따 식인종,찐 따 식인종,2017-12-22 21:21:04
242760,The Forest,positive,"Hey,I just want to do myself save my single play data","Hey , I just want to do myself save my single play data",2017-12-22 01:49:28
242760,The Forest,positive,넘모재미짜나!!!!!,넘 모 재미 짜나 !!!!!,2017-12-20 09:33:52
242760,The Forest,positive,좋음,좋음,2017-12-18 18:04:43
242760,The Forest,positive,재밌는데 혼자하면ㄴ 존나 무섭다,재밌는데 혼자 하면 ㄴ 존나 무섭다,2017-12-17 14:07:22
242760,The Forest,positive,일단 재미는 있는데 망겜,일단 재미 는 있는데 망겜,2017-12-17 13:34:15
242760,The Forest,positive,본격 식인종이 내가되는 게임. 이게임을 처음시작할때는 저기 발가벗고다니는 사람은 뭐지 탈모갤 회원인가 햇는데 점점 알아서 달려오는 식량으로 밖에 보이지 않는다. 내 3층짜리집 창고에 있는 건조대에 한아름 팔 다리가 널려저있는걸보니 이게임이 생존 공포게임이 아니라 힐링게임이 되간다. 이제점점 식인종 10마리보다 돌연변이 3마리가 더반갑다. 게다가 하드모드로 30일정도 생존한다음 새로시작한 친구와 함께 노말을 해보니 이것이 적인가 아군인가가 의심된다. 하지만 이게임의 진짜목표는 엔딩을보는것. 이지만 나는 티미따위는 잊어버렷다. 이렇게,본격 식인종 이 내 가 되는 게임 . 이 게임 을 처음 시작 할 때 는 저기 발가벗고 다니는 사람 은 뭐 지 탈모 갤 회원 인가 햇 는데 점점 알아서 달려오는 식량 으로 밖에 보이지 않는다 . 내 3 층 짜리 집 창고 에 있는 건조대 에 한아름 팔 다리 가 널려 저 있는걸 보니 이 게임 이 생존 공포 게임 이 아니라 힐링 게임 이 되 간다 . 이 제 점점 식인종 10 마리 보다 돌연변이 3 마리 가 더반 갑다 . 게다가 하드 모드 로 30일 정도 생존 한 다음 새로 시작 한 친구 와 함께 노말 을 해보니 이 것 이 적 인가 아군 인가가 의심 된다 . 하지만 이 게임 의 진짜 목표 는 엔딩 을 보는것 . 이지만 나 는 티 미 따위 는 잊어버렷다 . 이렇게,2017-12-17 12:19:45
242760,The Forest,positive,"플탐(스토리 진행을 빨리 끝낼 수 있다는점)만 빼면 정말 갓갓겜 인것같다! 물론 스토리도 매우 재밌음 그리고 쉬운 조작법과 흥미로운 세계관(식인종들), 무엇보다 멀티플레이를 할 때 빛을 발하는 게임인 것 같다! 무서운거 못하면 처음엔 되게 겁 먹을 수 있는데 조금만 적응하면 식인종 탑쌓고 노는 자신을 발견할 수 있을거임 ㅋㅋㅋ","플 탐 ( 스토리 진행 을 빨리 끝낼 수 있다는 점 ) 만 빼면 정말 갓 갓 겜 인것 같다 ! 물론 스토리 도 매우 재밌음 그리고 쉬운 조 작법 과 흥미로운 세계관 ( 식인종 들 ), 무엇 보다 멀티플레이 를 할 때 빛 을 발 하는 게임 인 것 같다 ! 무서운거 못 하면 처음 엔 되게 겁 먹을 수 있는데 조금 만 적응하면 식인종 탑 쌓고 노 는 자신 을 발견 할 수 있을거 임 ㅋㅋㅋ",2017-12-16 19:47:38
242760,The Forest,positive,이 게임은 사람 성향에 따라 공포성이 과하다 혹은 재미없다고 느껴질 수도 있고 생존이라는 콘텐츠 또한 어렵거나 쉬울 수 있는데 확실한건 모두가 결론적으로는 캐고 먹고 만들고 싸돌아댕기고 인종이들이랑 꾸꾸까까하는게 몹시 재밌다고 느낀다. 게임의 궁극적인 취지와는 별개로 재밌다는건 반박불가임. 갓겜임 더포하고 광명찾자,이 게임 은 사람 성향 에 따라 공포 성 이 과 하다 혹은 재미없다고 느껴질 수도 있고 생존 이라는 콘텐츠 또한 어렵거나 쉬울 수 있는데 확실한건 모두 가 결론 적 으로는 캐고 먹고 만들고 싸 돌아 댕기 고 인 종이 들 이랑 꾸꾸 까까 하는게 몹시 재밌다고 느낀다 . 게임 의 궁극 적 인 취지 와는 별개 로 재밌다는건 반박 불가 임 . 갓 겜임 더포 하고 광명 찾자,2017-12-15 12:43:58
242760,The Forest,positive,원주민은 너무 싫지만 친구들이랑 잼게 하고 있어서♥,원주민 은 너무 싫지만 친구 들 이랑 잼 게 하고 있어서 ♥,2017-12-11 22:09:13
242760,The Forest,positive,멀티로 하면 정말 재밌습니다 약간의 스릴도 있지만 친구랑 하면 집도 짓고 사냥하고 다양하게 즐길수있어서 다른 취향이여도 맞춰서 할수있는 장점이 있는듯!!,멀티 로 하면 정말 재밌습니다 약간 의 스릴 도 있지만 친구 랑 하면 집도 짓고 사냥 하고 다양하게 즐길수있어서 다른 취향 이여 도 맞춰서 할수있는 장점 이 있는듯 !!,2017-12-10 02:15:57
242760,The Forest,positive,솔직히 오래해서 좀 지루하긴 했는데..다시 해보니까 엔딩이 추가됐더라고요이런 기세하면 계속 추가되겠지요? 기대하고 있습니다.,솔직히 오래 해서 좀 지루하긴 했는데 .. 다시 해보니까 엔딩 이 추가 됐더라고요 이런 기세 하면 계속 추가 되겠지요 ? 기대하고 있습니다 .,2017-12-10 00:51:08
242760,The Forest,positive,이제 누가 식인종인지 모르는게임.,이제 누가 식인종 인지 모르는 게임 .,2017-12-08 21:52:26
242760,The Forest,positive,.,.,2017-12-07 22:17:43
242760,The Forest,positive,무서워서 못하것다 나대신 할사람,무서워서 못 하 것 다 나대신 할 사람,2017-12-07 09:00:56
242760,The Forest,positive,처음에는 존나 무섭고 그런데 시간이 지나면 식인종을 오히려 반깁니다 왜냐구요? 그건제 단백질덩어리이기 때문이죠 ㅋ 고로 그냥 혼자하지말고 친구 꼬셔서 고인물친구 데리고 하시면 재미를 맛보실수있는 그런 갓겜 그냥 친구랑 사서 하세요,처음 에는 존나 무섭고 그런데 시간 이 지나면 식인종 을 오히려 반깁니다 왜냐구요 ? 그건 제 단백질 덩어리 이기 때문 이 죠 ㅋ 고로 그냥 혼자 하지말고 친구 꼬셔 서 고 인물 친구 데리 고 하시면 재미 를 맛보실수있는 그런 갓 겜 그냥 친구 랑 사서 하세요,2017-12-07 08:40:39
242760,The Forest,positive,"어떤 식인종이 달고 다니는 해골 전등 갖고 싶은데 아무리 몸통에 도끼질해도 전등이 분리되지 않네요. 아쉽 +2017.12.16일 추가 식인종 전등은 등에 못달고 다니지만 비슷하게 전등만들 수 있네요 ㅎㅎ 추후에 등에 달고다니느것도 추가됐음 좋겠어요 완결 2번 봤는데 꿀잼 ㅠㅠ 보스는 다이너마이트 말곤 죽이는 방법이 없는걸까요ㅠㅠ 저용량에 그래픽 괜찮은 게임같습니다. 3년? 4년되가는 노트북인데 i7, RAM 8G, GTX 770M?정도 스펙인데 중옵으로 동굴내려갈때 프레임이 떨어지긴 하지만 다행히 튕긴적은 없네요ㅠㅠ","어떤 식인종 이 달 고 다니는 해골 전등 갖고 싶은데 아무리 몸통 에 도끼 질 해도 전등 이 분리 되지 않네요 . 아쉽 + 2017.12 . 16일 추가 식인종 전등 은 등 에 못 달고 다니지만 비슷하게 전등 만들 수 있네요 ㅎㅎ 추후 에 등 에 달 고 다니느것도 추가 됐음 좋겠어요 완결 2 번 봤는데 꿀잼 ㅠㅠ 보스 는 다이너마이트 말곤 죽이는 방법 이 없는걸 까요 ㅠㅠ 저 용량 에 그래픽 괜찮은 게임 같습니다 . 3년 ? 4년 되가는 노트북 인데 i 7 , RAM 8 G , GTX 770 M ? 정도 스펙 인데 중옵 으로 동굴 내려갈 때 프레임 이 떨어지긴 하지만 다행히 튕긴적 은 없네요 ㅠㅠ",2017-12-06 21:28:50
242760,The Forest,positive,ggg,ggg,2017-12-06 15:28:13
242760,The Forest,positive,생존게임이아니라 목공시뮬레이션이다,생존 게임 이 아니라 목공 시뮬레이션 이다,2017-12-06 00:37:44
242760,The Forest,positive,"정말 잘 만들었다. 나무 캐는 느낌이 매우 좋다. 도끼로 나무를 캐다보면 아무런 생각이 안든다. 그냥 세상에서 힘들었던 모든게 사라진다. 평화모드로 게임을 즐기면, 정말 그냥 지금이라도 캐나다의 어느 숲속에서 허가받고 나무캐며 살고 싶다는 생각이 든다. 그리고 앤딩은 정말 스토리가 별 중요하지도 않을 생존게임을 예술작품으로 승화시켜버렸다. 정말 후회 없는 게임이다.","정말 잘 만들었다 . 나무 캐는 느낌 이 매우 좋다 . 도끼 로 나무 를 캐다 보면 아무런 생각 이 안든다 . 그냥 세상 에서 힘들었던 모든 게 사라진다 . 평화 모드 로 게임 을 즐기면 , 정말 그냥 지금 이라도 캐나다 의 어느 숲속 에서 허가 받고 나무 캐며 살 고 싶다는 생각 이 든다 . 그리고 앤딩 은 정말 스토리 가 별 중요하지도 않을 생존 게임 을 예술 작품 으로 승화 시켜 버렸다 . 정말 후회 없는 게임 이다 .",2017-12-05 15:48:39
242760,The Forest,positive,초창기때는 그랬었다 무기에 불을붙히고 한대치면 식인종들이 마이클잭슨에 빙의되서 춤을추던때가..,초창 기 때 는 그랬었다 무기 에 불 을 붙히고 한 대치면 식인종 들 이 마이클잭슨 에 빙의 되서 춤 을 추던 때 가 ..,2017-12-02 23:42:16
242760,The Forest,positive,???:어머니는 치킨 안좋아 하세요 회를 좋아 하시지,???: 어머니 는 치킨 안좋아 하세요 회 를 좋아 하시지,2017-12-02 20:27:04
242760,The Forest,positive,사람 4명이면 하루만에 요새를 지을수있어염!,사람 4 명 이 면 하루 만에 요새 를 지을수있어 염 !,2017-12-02 13:25:13
242760,The Forest,positive,대체 누가 식인종인지 궁금해지는 게임 식인종 계속 플레이어들한테 먹히다가 전멸한다.,대체 누가 식인종 인지 궁금해지는 게임 식인종 계속 플레이어 들 한테 먹히다가 전멸 한다 .,2017-12-01 08:10:48
242760,The Forest,positive,꿈쩍꿈쩍(쿰척쿰척X) 놀램,꿈쩍꿈쩍 ( 쿰척쿰척 X ) 놀램,2017-11-30 19:34:28
242760,The Forest,positive,투창이 제일 사기에요,투창 이 제일 사기 에요,2017-11-30 01:58:01
242760,The Forest,positive,.,.,2017-11-29 22:18:14
242760,The Forest,positive,이거 레알 갓겜이지만 몇시간 못하고 질렸다.,이 거 레알 갓 겜 이지만 몇 시간 못 하고 질렸다 .,2017-11-29 20:59:48
242760,The Forest,positive,브베 실사판...,브베 실사판 ...,2017-11-29 08:41:43
242760,The Forest,positive,그... 누구든 고기를 먼저 먹기 시작하면 뒤를 돌아보지 말라 식인종이 때려도 돌아보지 마라 고기가 갓이다 친구가 뒤돌아보면 고기를 다먹어라. 신의 한수다. 고로 갓겜,그 ... 누구 든 고기 를 먼저 먹기 시작 하면 뒤 를 돌아보지 말라 식인종 이 때려도 돌아보지 마라 고기 가 갓 이다 친구 가 뒤 돌아보면 고기 를 다 먹어라 . 신의 한수 다 . 고로 갓 겜,2017-11-28 22:35:54
242760,The Forest,positive,이게임은 사실 힐링겜이였습니다. 아름다운 자연 열심히 나오는 식인종 아름다운 동물들까지 카타나를 얻고 식인종과 놀거나 활을 만들거나 얻어서 즐겁게 노실 수 있습니다. 가끔가다 화염병을 들고 나오거나 빠따를 들고 나오기도 하죠 그러다가 돌연변이가 나타나서 하하호호 웃으며 불을 붙이고 즐겁게 집을 건축하고 할것이 없으면 식인종을 학살하러 다니게되는 아주 좋은 힐링겜입니다,이 게임 은 사실 힐링 겜 이 였습니다 . 아름다운 자연 열심히 나오는 식인종 아름다운 동물 들 까지 카타나 를 얻고 식인종 과 놀거나 활 을 만들거나 얻어서 즐겁게 노실 수 있습니다 . 가끔가다 화염병 을 들고 나오거나 빠따 를 들고 나오기도 하죠 그러다가 돌연변이 가 나타나서 하하호호 웃으며 불 을 붙이 고 즐겁게 집 을 건축 하고 할것이 없으면 식인종 을 학살 하러 다니게 되는 아주 좋은 힐링 겜 입니다,2017-11-28 20:48:45
242760,The Forest,positive,무섭고 재미있다 왜냐하면 더포레스트이기때문이다,무섭고 재미있다 왜냐하면 더 포레스트 이기 때문 이다,2017-11-28 20:15:19
242760,The Forest,positive,good!,good !,2017-11-28 10:47:07
242760,The Forest,positive,정말재미있어요,정말 재미있어요,2017-11-28 07:49:13
242760,The Forest,positive,재밌어요 저는 겁이많아서 친구들이랑 모여서 하니까 정말 재밌더라구요 . 단점은 혼자서는 무서워서 못한다는거 ㅋㅋㅋㅋㅋ,재밌어요 저 는 겁 이 많아서 친구 들 이랑 모 여서 하니까 정말 재밌더라구요 . 단점 은 혼자 서는 무서워서 못 한다는 거 ㅋㅋㅋㅋㅋ,2017-11-28 01:32:58
242760,The Forest,positive,ㅁㄴ,ㅁㄴ,2017-11-27 23:52:36
242760,The Forest,positive,꿀잼,꿀잼,2017-11-27 20:47:13
242760,The Forest,positive,ㄹㅇ 갓 ㅡ 겜,ㄹㅇ 갓 ㅡ 겜,2017-11-27 19:28:10
242760,The Forest,positive,나는식인종이다아아아아아아,나 는 식인종 이다 아아 아아 아아,2017-11-27 18:14:46
242760,The Forest,positive,몰입도 짱 ㄷㄷㄷㄷ,몰입도 짱 ㄷㄷㄷㄷ,2017-11-27 16:36:50
242760,The Forest,positive,하다못해 엔딩직전 부분으로 간다면 걍 씹고 토껴야 했었나 봅니다... 보스전은 그냥 문앞에 대기빵만 해도 못오니 피하기만 하면 문제는 없는 그런! 설원지역 확장은 언제될가 기대되는데.... 화승총인가 그건 다 조합하지도 못하고 이유야 다 못 얻었기 때문이다. 단서가 어딘지 부족해야 할지도? 아무튼 이거 다 재끼고 게임은 최고이자 밤에는 공포갓 추가본으로 사람들이 여전히 엔딩바뀐게 없다. 사실입니다 하지만 놀라운 것은 티미의 흩어진 로봇 장난감을 수집하면 다른 반전이 나옵니다. 티미가 발작이후 쓰러지는 영상인데 티미 아빠가 티미를,하다못해 엔딩 직전 부분 으로 간다 면 걍 씹고 토껴야 했었나 봅니다 ... 보스 전 은 그냥 문 앞 에 대 기 빵 만 해도 못 오니 피하 기만 하면 문제 는 없는 그런 ! 설원 지역 확장 은 언제 될가 기대 되는데 .... 화승총 인가 그건 다 조합 하지도 못 하고 이유 야 다 못 얻었기 때문 이다 . 단서 가 어딘 지 부족해야 할지도 ? 아무튼 이 거 다 재끼 고 게임 은 최고 이자 밤 에는 공포 갓 추가본 으로 사람 들 이 여전히 엔딩 바뀐게 없다 . 사실 입니다 하지만 놀라운 것 은 티 미의 흩어진 로봇 장난감 을 수집 하면 다른 반전 이 나옵니다 . 티 미가 발작 이후 쓰러지는 영상 인데 티 미 아빠 가 티 미를,2017-11-27 13:23:40
242760,The Forest,positive,이게임은 리얼생존. 엔딩을 꼭보고싶었지만좀 걸림 밤에 원주민나오면 되게무섭고 무리지어다녀서 상대하기도힘듬맵에 중간에 동굴이 있는데 들어가면 내가직접들어간거랑 맞먹음...완전어둡고혼종? 그런것도있어서 오질라게 무서움 암튼 개강추,이 게임 은 리얼 생존 . 엔딩 을 꼭 보고싶었지만 좀 걸림 밤 에 원주민 나오면 되게 무섭고 무리지어다 녀 서 상대 하기도 힘듬 맵 에 중간 에 동굴 이 있는데 들어가면 내 가 직접 들어간거랑 맞먹음 ... 완전 어둡 고혼 종 ? 그런 것 도 있어서 오 질라 게 무서움 암튼 개강 추,2017-11-27 10:05:48
242760,The Forest,positive,.,.,2017-11-27 08:40:27
242760,The Forest,positive,good,good,2017-11-27 00:21:51
242760,The Forest,positive,팀킬 사절,팀킬 사절,2017-11-26 20:50:20
242760,The Forest,positive,친구랑 같이해도 재밌고 혼자해도 재밌습니다.,친구 랑 같 이해도 재밌고 혼자 해도 재밌습니다 .,2017-11-26 15:15:38
242760,The Forest,positive,1,1,2017-11-25 23:33:41
242760,The Forest,positive,티미!,티 미 !,2017-11-25 22:41:21
242760,The Forest,positive,재밌ㅅㅂ니다,재밌 ㅅㅂ 니다,2017-11-25 22:39:00
242760,The Forest,positive,원주민 페로페로,원주민 페로 페로,2017-11-25 17:55:50
242760,The Forest,positive,정말 최고의 게임이다 말이 필요없다,정말 최고 의 게임 이다 말 이 필요없다,2017-11-25 12:33:22
242760,The Forest,positive,초반이든 나중이든 식인종들이 진짜 존나게 무섭습니다. 뭐 내가 강하고 약하고의 문제가 아니라 그냥 생긴것도 그지같이 생긴놈들이 밤에 아무것도 안보이는데 소리지르면서 끼엑끼엑 달려오는게 진짜 엄청 쫄립니다. 게다가 예전보다 식인종들 맷집이 좀더 좋아져서 요즘에는 더 쫄립니다. 그래서 총평하자면 사냥과 농사는 조금 부족한 듯 하지만 요새나 집을 다양한 모양으로 지을수 있으며 밤에 심장이 쫄깃해짐을 아주 잘 느낄수 있습니다. 뭔가 바리바리 많이 들고있으면 털릴까봐 두배로 쫄립니다. 아주 잘 만든 게임이며 계속 업데이트도 되고있고 게임사가,초반 이든 나중 이든 식인종 들 이 진짜 존나 게 무섭습니다 . 뭐 내 가 강하고 약 하고의 문제 가 아니라 그냥 생긴것도 그지같이 생긴 놈 들 이 밤 에 아무 것 도 안 보이는데 소리 지르면서 끼 엑 끼 엑 달려오는게 진짜 엄청 쫄립니 다 . 게다가 예전 보다 식인종 들 맷집 이 좀더 좋아져서 요즘 에는 더 쫄립니 다 . 그래서 총 평 하자 면 사냥 과 농사 는 조금 부족한 듯 하지만 요새 나 집 을 다양한 모양 으로 지을수 있으며 밤 에 심장 이 쫄깃해짐 을 아주 잘 느낄수 있습니다 . 뭔가 바리바리 많이 들고있으면 털릴까봐 두 배 로 쫄립니 다 . 아주 잘 만든 게임 이며 계속 업데이트 도 되고있고 게임 사가,2017-11-25 11:17:29
242760,The Forest,positive,처음 보는 골룸같이 생긴 식인종이 나와 아주 엄청난 충격과 공포를 주지만 재밌군요,처음 보는 골룸 같이 생긴 식인종 이 나와 아주 엄청난 충격 과 공포 를 주지 만 재밌군요,2017-11-24 21:28:06
242760,The Forest,positive,식인 시뮬레이션,식인 시뮬레이션,2017-11-24 21:23:18
242760,The Forest,positive,나만그러냐? 렉 엄청걸리네 으 하고시픈데 제대로 ㅠㅠ렉 안걸리는 법좀 누구좀 알려주세오ㅠㅠ,나 만 그러냐 ? 렉 엄청 걸리네 으 하고시 픈데 제대로 ㅠㅠ 렉 안 걸리는 법좀 누구 좀 알려주세오 ㅠㅠ,2017-11-24 18:19:49
242760,The Forest,positive,하나같이 벌거벗고 돌아다니는 식인종들이지만 귀엽고 좋은 에너지 공급원(?)이 됍니다 다같이 더포레스트합시다 여러분 겁나 재밌음 가끔 오류때문에 사슴 가죽 벗기다가 골로가는경우도 참 많지만..,하나같이 벌거 벗고 돌아다니는 식인종 들 이지만 귀엽고 좋은 에너지 공급원 (?) 이 됍니다 다 같이 더 포레스트 합시다 여러분 겁나 재밌음 가끔 오류 때문 에 사슴 가죽 벗기다가 골로 가는 경우 도 참 많지만 ..,2017-11-24 18:08:45
242760,The Forest,positive,스토리 나온건 좋은데 왜 결말을...슈벌!!!,스토리 나온건 좋은데 왜 결말 을 ... 슈벌 !!!,2017-11-24 18:01:03
242760,The Forest,positive,good,good,2017-11-24 14:55:54
242760,The Forest,positive,업데이트가 좀 느리고 혼자하기 서글픈 게임... 하지만 괜찮은 퀄과 자주 쳐들어오는 식인종들 덕분에 지루하지는 않습니다. 얼리인 점도 기대할 만한 요소,업데이트 가 좀 느리고 혼자 하기 서글픈 게임 ... 하지만 괜찮은 퀄 과 자주 쳐 들어오는 식인종 들 덕분 에 지루하지는 않습니다 . 얼리인 점도 기대할 만 한 요소,2017-11-24 07:26:36
242760,The Forest,positive,"나온지 꽤 됬는데, 처음엔 버그가 난무했으나 개발자들의 꾸준한 업데이트를 통해 버그들도 거의 사라지고 들어갈때마다 새로생긴 것들이 있음 엔딩까지 완성했으니 방치할 줄 알았는데 꾸준히 뭔갈 추가하는 모습이 보기 좋고 러스트 하느니 포레스트 함 갓겜","나온지 꽤 됬는데 , 처음 엔 버그 가 난무 했으나 개발자 들 의 꾸준한 업데이트 를 통해 버그 들 도 거의 사라지고 들어갈 때 마다 새로 생긴 것 들 이 있음 엔딩 까지 완성 했으니 방치 할 줄 알았는데 꾸준히 뭔갈 추가 하는 모습 이 보기 좋고 러스트 하느니 포레스트 함 갓 겜",2017-11-24 01:06:57
242760,The Forest,positive,커티스 르메이가 일본을 석기시대로만들었습니다. 당신은 tv나 잡지에서 유명한 서바이벌전문가로 아들과 여행을 가던중 비행기가 추락했습니다.(아마도 조종사가 술빨고 몰았나봅니다) 아들은 실종당했고 이곳 원주민들은 흉악하기 그지없습니다. 여기서 아들과 살아서 나갈수있겠습니까?,커 티스 르메이 가 일본 을 석기시대 로 만들었습니다 . 당신 은 tv 나 잡지 에서 유명한 서바이벌 전문가 로 아들 과 여행 을 가던 중 비행기 가 추락 했습니다 .( 아마도 조종사 가 술빨 고 몰았나 봅니다 ) 아들 은 실종 당했고 이 곳 원주민 들 은 흉악하기 그 지 없습니다 . 여기 서 아들 과 살아서 나갈수있겠습니까 ?,2017-11-24 00:45:28
242760,The Forest,positive,재미있음 다만 고어물을 싫어한다면 비추,재미있음 다만 고 어물 을 싫어한다면 비추,2017-11-23 23:26:36
242760,The Forest,positive,명작 마지막 엔딩까지본다면 처음엔 혼란스럽지만 좋은 엔딩이고 맵버그가 아쉽..,명작 마지막 엔딩 까지 본다면 처음 엔 혼란 스럽지 만 좋은 엔딩 이고 맵 버그 가 아쉽 ..,2017-11-23 23:10:06
242760,The Forest,positive,진짜 재밌어요 그리고 싱글보다는 멀티가 더 재밌네요,진짜 재밌어요 그리고 싱글 보다는 멀티 가 더 재밌네요,2017-11-23 21:27:21
242760,The Forest,positive,포레스트에서는 식인종에게 가장 많이 죽습니다. 하지만 지금은 제 점심이죠,포레스트 에서는 식인종 에게 가장 많이 죽습니다 . 하지만 지금 은 제 점심 이 죠,2017-11-23 21:13:00
242760,The Forest,positive,이걸로 스팀 입문 너무 재밌다..,이 걸 로 스팀 입문 너무 재밌다 ..,2017-11-23 17:13:37
242760,The Forest,positive,내 그래픽카드 씨X 이 게임하다가 터져서 이젠 무서워서 못하겠는 게임,내 그래픽카드 씨 X 이 게임 하다가 터져서 이 젠 무서워서 못 하겠는 게임,2017-11-23 17:09:35
242760,The Forest,positive,혼자하면 은근 공포게임 여럿이하면 은근 개그게임 사실 코옵의 난이도를 올릴려면 식인종식인을 멈춰야합니다.,혼자 하면 은근 공포 게임 여럿 이하 면 은근 개그 게임 사실 코옵 의 난이도 를 올릴려면 식인종 식인 을 멈춰 야합니다 .,2017-11-23 16:00:36
242760,The Forest,positive,심오한 내용 마치 시공으로 빨려들어갈거같은 스토리,심오한 내용 마치 시공 으로 빨려 들어갈거 같은 스토리,2017-11-23 14:34:29
242760,The Forest,positive,식인종 때려잡는 게임,식인종 때려 잡는 게임,2017-11-23 11:47:08
242760,The Forest,positive,친구랑 함께하면 개꿀잼,친구 랑 함께 하면 개꿀잼,2017-11-23 10:08:02
242760,The Forest,positive,게임 시작 처음에는 식인종 소리에 두렵고 무섭지만 어느정도 탐색이 끝나고 내 한몸 지킬 능력이 된다면 식인종 소리는 더이상 무서운 소리가 아니라 소중한 식량이 뛰어오는 소리로 들리는 아주 무서운 숲,게임 시작 처음 에는 식인종 소리 에 두렵고 무섭지만 어느 정도 탐색 이 끝나고 내 한 몸 지킬 능력 이 된다면 식인종 소리 는 더 이상 무서운 소리 가 아니라 소중한 식량 이 뛰어오는 소리 로 들리는 아주 무서운 숲,2017-11-23 09:59:58
242760,The Forest,positive,-,-,2017-11-23 09:49:46
242760,The Forest,positive,식인종들의 섬에 불시착하게 된 생존게임. 여럿이서 할 때 재밌다.,식인종 들 의 섬 에 불시 착하게 된 생존 게임 . 여럿 이서 할 때 재밌다 .,2017-11-23 05:40:10
242760,The Forest,positive,"모든 스팀 게임을 하지는 않았지만. 생존, 크래프팅, 영역에선 이만한 게임이 없는거같다. 꾸준히 해주는 업데이트 비록 나는 2만1천원일때 샀지만 주변인들에게 4개를 사줄정도로 추천하고싶은 게임이다. 스토리 자체도 훌륭하고 게임도 훌륭하다. 혼자하면 생존과 공포게임의 묘미를 느낄수있고 친구들과 함께하면 크래프팅과 재밌는 생존게임을 즐길수있다. 살지말지 고민하는 사람은 일단 사두면 후회는 안할듯싶다.","모든 스팀 게임 을 하지는 않았지만 . 생존 , 크 래프팅 , 영역 에선 이만 한 게임 이 없는거 같다 . 꾸준히 해주는 업데이트 비록 나 는 2만 1천원 일때 샀지만 주변인 들 에게 4 개 를 사줄 정도 로 추천 하고싶은 게임 이다 . 스토리 자체 도 훌륭하고 게임 도 훌륭하다 . 혼자 하면 생존 과 공포 게임 의 묘미 를 느낄수있고 친구 들 과 함께 하면 크 래프팅 과 재밌는 생존 게임 을 즐길수있다 . 살지말지 고민 하는 사람 은 일단 사두 면 후회 는 안 할듯 싶다 .",2017-11-22 20:36:13
242760,The Forest,positive,처음 며칠만 좀 힘들지 나중에 유용한 아이템들 나오는 동굴 위치만 외우면 엔딩까지 고속도로로 갈 정도로 게임이 쉽게 클리어 가능합니다. 그만큼 게임분량이나 맵도 작아서 아쉽습니다.,처음 며칠 만 좀 힘들지 나중 에 유용한 아이템 들 나오는 동굴 위치 만 외우면 엔딩 까지 고속도로 로 갈 정도 로 게임 이 쉽게 클리어 가능합니다 . 그만큼 게임 분량 이나 맵 도 작아서 아쉽습니다 .,2017-11-20 21:05:54
242760,The Forest,positive,제 컴퓨터 배틀그라운드가 돌아 가는 사양 힙니다 그런데 처음에는 안그러더니 어제부터 화면이 게임을 하면 나무캐고 그럴떄 나무들이 없어짐니다 제가 앞으로 가면 나무들이 하나둘씩없어져 가고 뒤로가면 다시 생기고 그래서 못하겟습니다 어떨게 할방법이 없읆까요? 바닷물도 튜명해져 버리고 아예나무들을 캘수가없고 나뭇가지도 없어지고 할수있는것이 없습니다 문제좀 해결해주시면 감사하겟습니다,제 컴퓨터 배틀 그 라운드 가 돌아 가는 사양 힙니 다 그런데 처음 에는 안 그러더니 어제 부터 화면 이 게임 을 하면 나무 캐고 그럴떄 나무 들 이 없어짐니다 제 가 앞 으로 가면 나무 들 이 하나 둘 씩 없어져 가고 뒤 로 가면 다시 생기 고 그래서 못하겟습니 다 어떨게 할 방법 이 없읆까 요 ? 바닷물 도 튜 명 해져 버리고 아예 나무 들 을 캘수가 없고 나뭇가지 도 없어지고 할수있는것이 없습니다 문제 좀 해결 해주시면 감 사하겟습니다,2017-11-20 00:08:21
242760,The Forest,positive,식인종 씨~~~발련들아,식인종 씨 ~~~ 발련들 아,2017-11-19 23:28:03
242760,The Forest,positive,밤에 불꺼놓고 하면 정말 스릴넘치고 재미있는 게임입니다 친구들과 멀티를 하면 더욱 재미있어집니다!,밤 에 불꺼놓고 하면 정말 스릴 넘치고 재미있는 게임 입니다 친구 들 과 멀티 를 하면 더욱 재미있어 집니다 !,2017-11-19 10:21:26
242760,The Forest,positive,내 비상식량 건조 시켜놓으면 원시인이 먹고가지요~,내 비상식량 건조 시켜놓으면 원시인 이 먹고가지요 ~,2017-11-18 09:43:56
242760,The Forest,positive,서바이벌 재밌다. 할만함. 네가 고기를 좋아하면 더욱 할만함. 만약 네가 고기를 안 좋아해도 상관 없음. 너보다 고기 좋아하는 놈들이 너를 찾아와서 반길거임.,서바이벌 재밌다 . 할만 함 . 네 가 고기 를 좋아하면 더욱 할만 함 . 만약 네 가 고기 를 안 좋아해도 상관 없음 . 너 보다 고기 좋아하는 놈 들 이 너 를 찾아와서 반길거 임 .,2017-11-18 02:21:48
242760,The Forest,positive,세일할때 사는게임,세 일 할 때 사는 게임,2017-11-17 08:43:44
242760,The Forest,positive,생존게임 좋아하는 사람들이라면 꼭 해봐야할 게임. 아쉬운 건 현대식 활과 카타나를 주웠으면 주인공이 사기적이라 이 게임은 끝난다는 것..,생존 게임 좋아하는 사람 들이라면 꼭 해봐 야할 게임 . 아쉬운 건 현대 식 활 과 카타나 를 주웠으면 주인공 이 사 기적 이라 이 게임 은 끝난다는 것 ..,2017-11-16 22:24:42
242760,The Forest,positive,멀티플만 했는데 이쯤되면 이 섬엔 그냥 식인종 밖에 안사는거 같다 그냥 파벌이 나뉠뿐.. AI의 식인종과 플레이어 식인종.. 눈앞에 있는 적이 식인종인지 옆에 있는 아군이 식인종인지 구분이 안되는 게임 멀티플 진짜진짜 재밌어요 플레이 고민 하고 있다면 당장 구매각,멀티 플 만 했는데 이쯤 되면 이 섬 엔 그냥 식인종 밖에 안 사는거 같다 그냥 파벌 이 나뉠 뿐 .. AI 의 식인종 과 플레이어 식인종 .. 눈앞 에 있는 적 이 식인종 인지 옆 에 있는 아군 이 식인종 인지 구분 이 안되는 게임 멀티 플 진짜진짜 재밌어요 플레이 고민 하고 있다면 당장 구 매각,2017-11-16 00:18:51
242760,The Forest,positive,벌목 시뮬레이터 로써 나무캐는 맛이 있다. 진짜 맛들리면 the forest가 the land가 된다. 스토리는 나름 참신하다.,벌목 시뮬레이터 로써 나무 캐는 맛 이 있다 . 진짜 맛 들리면 the forest 가 the land 가 된다 . 스토리 는 나름 참신하다 .,2017-11-14 22:39:06
242760,The Forest,positive,며느리도 울고갈 나뭇꾼 게임. 원시인 들을 농락 하는 그 남자. 원시인들은 다 나의 손아귀에~,며느리 도 울 고갈 나 뭇 꾼 게임 . 원시인 들을 농락 하는 그 남자 . 원시인 들 은 다 나 의 손아귀 에 ~,2017-11-14 09:50:59
242760,The Forest,positive,언제나 긴장되고 사방을 살피게 됨,언제나 긴장 되고 사방 을 살피 게 됨,2017-11-13 23:57:11
242760,The Forest,positive,식인종은 버릴곳이없다 팔다리는 먹으면 체력을 채워주고 이빨은 무기 강화템이며 식인종뼈는 창도 만들수있고 머리는 잘라서 걸어두면 멋진 장식이된다 식인종 최고!,식인종 은 버릴 곳 이 없다 팔다리 는 먹으면 체력 을 채워주고 이빨 은 무기 강화 템 이며 식인종 뼈 는 창 도 만들수있고 머리 는 잘라서 걸어 두면 멋진 장식 이 된다 식인종 최고 !,2017-11-12 23:27:40
242760,The Forest,positive,",",",",2017-11-12 15:34:13
242760,The Forest,positive,식인종 친구들이 저를 반겨줍니다.,식인종 친구 들 이 저 를 반겨 줍니다 .,2017-11-12 07:17:56
242760,The Forest,positive,친구랑 같이하고 좋고 스토리도있으면서 나름 재미있음 다만 건물 지을때 조금 귀찮음,친구 랑 같이하고 좋고 스토리 도 있으면서 나름 재미있음 다만 건물 지을 때 조금 귀찮음,2017-11-11 21:46:17
242760,The Forest,positive,식인종 잡다가 식인종되는 갓게임 미친놈 잡으려다가 미친놈되는 갓게임 숲으로와,식인종 잡다가 식인종 되는 갓 게임 미친 놈 잡으려다가 미친 놈 되는 갓 게임 숲 으로 와,2017-11-11 18:01:40
242760,The Forest,positive,good,good,2017-11-10 23:00:41
242760,The Forest,positive,할수록 할수록 제미있는 갓겜,할수록 할수록 제 미있는 갓 겜,2017-11-10 14:06:33
242760,The Forest,positive,꿀잼,꿀잼,2017-11-09 19:10:53
242760,The Forest,positive,I need a car!!!!,I need a car !!!!,2017-11-08 08:31:15
242760,The Forest,positive,식인종 맛있으니 많이 묵자 사냥보단 식인이 효율적임 ㄹㅇ,식인종 맛있으니 많이 묵자 사냥 보단 식인 이 효율 적임 ㄹㅇ,2017-11-07 23:24:50
242760,The Forest,positive,가격대비 재밌습니다.,가격 대비 재밌습니다 .,2017-11-07 05:46:07
242760,The Forest,positive,"그래픽,나무쓰러지는효과 다양한식인종 똑똑한AI 미드같은스토리.. 색다른매력이있는 게임입니다","그래픽 , 나무 쓰러지는 효과 다양한 식인종 똑똑한 AI 미드 같은 스토리 .. 색다른 매력 이 있는 게임 입니다",2017-11-03 04:36:06
242760,The Forest,positive,도시 짓는다고 숲을 다 밀면 더 포레스트가 아니라 그냥 더가 됩니다. 사냥 당하고 먹히고 조롱당하고 삶의 터전인 숲까지 잃어버린 원주민들이 불쌍해지는 겜 과거 아메리카 대륙을 발견한 유럽인들의 기분을 느끼고 싶다면 추천 +정식출시되었지만 아직 버그가 많은 듯 한데 제 친구는 동굴에서 로프타고 올라가다가 그대로 하늘로 승천해서 왜 로프가 안끝나냐고 당황하더군요,도시 짓는다고 숲 을 다 밀면 더 포레스트 가 아니라 그냥 더 가 됩니다 . 사냥 당하고 먹히고 조롱 당 하고 삶 의 터전 인 숲 까지 잃어버린 원주민 들 이 불쌍해지는 겜 과거 아메리카 대륙 을 발견 한 유럽인 들 의 기분 을 느끼고 싶다면 추천 + 정식 출시 되었지만 아직 버그 가 많은 듯 한데 제 친구 는 동굴 에서 로프 타고 올라가다가 그대로 하늘 로 승천 해서 왜 로프 가 안 끝나냐고 당황 하더군요,2017-11-02 17:35:08
242760,The Forest,positive,그래픽이 생각보다 좋아서 놀랐다,그래픽 이 생각 보다 좋아서 놀랐다,2017-11-02 15:29:33
242760,The Forest,positive,ㅅ,ㅅ,2017-11-02 15:06:49
242760,The Forest,positive,몰입도가 좋음.,몰입도 가 좋음 .,2017-11-02 14:21:54
242760,The Forest,positive,GOD GAME,GOD GAME,2017-11-01 13:48:49
242760,The Forest,positive,무서웡,무서웡,2017-10-31 16:18:42
242760,The Forest,positive,혼자하면 공포겜이지만 병신같은 물리엔진 덕에 친구와 함께할때는 개그겜이 되어버린다 세일할때 사서 할만한듯,혼자 하면 공포 겜 이지만 병신 같은 물리엔진 덕 에 친구 와 함께 할 때 는 개그 겜 이 되어 버린다 세 일 할 때 사서 할만 한 듯,2017-10-31 06:29:23
242760,The Forest,positive,너무 재밌다,너무 재밌다,2017-10-30 19:29:25
242760,The Forest,positive,하다보면 적이 괴물인지 내가 괴물인지 몰르겠다,하다 보면 적 이 괴물 인지 내 가 괴물 인지 몰르겠다,2017-10-29 16:36:50
242760,The Forest,positive,시대를 뛰어넘은 최고의 갓겜,시대 를 뛰어넘은 최고 의 갓 겜,2017-10-29 15:00:59
242760,The Forest,positive,"섬에서 아들 찾으랬더니 베어 그릴스가 되어가는 주인공 되시겠다.(풀도 좋은 영양공급원이죠!) 비교적 합리적 가격으로 싱글과 멀티를 오가며 즐겁게 게임할 수 있고, 멀티에서는 본격 식인종 학살과 건축 게임이 되어가는 묘미를 느끼실 수 있습니다. 처음에는 진입장벽이 있을 수 있는데 식인종한테 다굴당하면서 배우는 겁니다 하하핫 (그렇게 어떻게 하면 식인종을 끔살시킬까 연구하게 되는데..) 하지만 플레이할수록 멀티에는 핵과 트레이너가 판치며, 옛날에는 버그가 체감상 그렇게 심하지 않았는데 요 근래에는 버그가 심해서 플레이에 지장을 주네요ㅜ","섬 에서 아들 찾으 랬 더니 베어 그릴스 가 되어가는 주인공 되시겠다 .( 풀 도 좋은 영 양 공급원 이 죠 !) 비교 적 합리 적 가격 으로 싱글 과 멀티 를 오가며 즐겁게 게임 할 수 있고 , 멀티 에서는 본격 식인종 학살 과 건축 게임 이 되어가는 묘미 를 느끼실 수 있습니다 . 처음 에는 진입 장벽 이 있을 수 있는데 식인종 한테 다 굴 당하면서 배우는 겁니다 하하 핫 ( 그렇게 어떻게 하면 식인종 을 끔 살 시킬까 연구 하게 되는데 ..) 하지만 플레이 할수록 멀티 에는 핵 과 트레이너 가 판치며 , 옛날 에는 버그 가 체감 상 그렇게 심하지 않았는데 요 근래 에는 버그 가 심해서 플레이 에 지장 을 주네 요 ㅜ",2017-10-29 12:50:08
242760,The Forest,positive,혼자 멀티플레이 공개방을 만들면 팔벌리고 날아다니는 신님께서 나타나 탬을 뿌려주는 신묘한 게임 어드민권한보다 더 강력한 유저들ㄷㄷㄷㄷ,혼자 멀티플레이 공 개방 을 만들면 팔 벌리고 날아다니는 신 님 께서 나타나 탬 을 뿌려주는 신묘한 게임 어드민 권한 보다 더 강력한 유저 들 ㄷㄷㄷㄷ,2017-10-29 09:40:35
242760,The Forest,positive,최고다 정말로 한마디로 최고다 혼자서하면 무서운 공포겜이 되고친구들과하면 재미있는 식인종 잡기 게임이 된다만약 나는 샌드박스를 좋아한다면 적들이 안나오는모드도 있으니 샌드박스를 좋아하는 유저에게도 추천한다,최고다 정말로 한마디 로 최고다 혼자 서하면 무서운 공포 겜 이 되고 친구 들 과 하면 재미있는 식인종 잡기 게임 이 된다 만약 나 는 샌드박스 를 좋아한다면 적 들 이 안나 오는 모드 도 있으니 샌드박스 를 좋아하는 유저 에게도 추천 한다,2017-10-28 18:31:49
242760,The Forest,positive,떡밥은 많은데 엔딩을 너무 급하게 만든 느낌,떡밥 은 많은데 엔딩 을 너무 급하게 만든 느낌,2017-10-24 16:19:50
242760,The Forest,positive,"정발 이후 확실히 좋아진 작품. 스토리도 생겼고, 생존할 때 쫄깃함도 재미있다.","정발 이후 확실히 좋아진 작품 . 스토리 도 생겼고 , 생존 할 때 쫄깃함 도 재미있다 .",2017-10-23 18:43:13
242760,The Forest,positive,Good,Good,2017-10-22 11:37:18
242760,The Forest,positive,가성비 갑. 플레이한지 몇십시간 되니까 이젠 식인종들을 직접 찾으러 다니게된다. 스토리 신경쓰지않고도 생존만으로도 많은 시간을 즐길 수 있다.,가성 비 갑 . 플레이 한지 몇십 시간 되니까 이 젠 식인종 들 을 직접 찾으러 다니게 된다 . 스토리 신경 쓰지 않고도 생존 만으로도 많은 시간 을 즐길 수 있다 .,2017-10-22 01:35:24
242760,The Forest,positive,구하라는 아들은 안구하고 식인종들에게서 피의 잔치를 벌인다,구하라 는 아들 은 안구 하고 식인종 들 에게서 피 의 잔치 를 벌인다,2017-10-22 01:22:20
242760,The Forest,positive,업데이트 되고 나서 게임 실행이 되지 않는 건 나 뿐인건가?,업데이트 되고 나서 게임 실행 이 되지 않는 건 나 뿐인 건가 ?,2017-10-21 19:44:29
242760,The Forest,positive,싱글: 아들 찾는게임 멀티: 섬에서 평생 사는게임,싱글 : 아들 찾는 게임 멀티 : 섬 에서 평생 사는 게임,2017-10-21 14:42:11
242760,The Forest,positive,good,good,2017-10-21 14:38:20
242760,The Forest,positive,"처음 게임을 접할땐 조금 무섭겠지만 익숙해지면 식인종이 귀여워보이고, 그들의 집을 뺏고, 죽이고, 먹게되는.. 누가 식인종인지 분간이 안되는 그런 게임","처음 게임 을 접 할 땐 조금 무섭겠지만 익숙해지면 식인종 이 귀여워 보이 고 , 그 들 의 집 을 뺏고 , 죽 이고 , 먹게 되는 .. 누가 식인종 인지 분간 이 안되는 그런 게임",2017-10-21 14:07:04
242760,The Forest,positive,이 게임은 두가지 게임 플레이가 가능하다. 건물은 지어서 그냥 살아가거나 아니면 엔딩을 내는것 현재 나는 엔딩을 본뒤 서바이벌을 하고 있는데 다른면은 정말 다 잘만들고 지적할부분이 없는데 가끔 끼임현상이나 사물들이 날라가는 버그가있다. 이 버그만 고쳐주면 좋을거같고 또 베어낸 나무가 다시 자라는데 너무 오래걸린다. 리얼리티를 추구하는면은 좋으나 너무 지나치면 게임의 재미가 떨어질수밖에없다 나무가 자라는 시간을 조금 단축해주면 좋겠다. 현재 나는 요새를 만들려고 건물을 크게 지은편인데 나무가 497개인가 필요하다. 그런,이 게임 은 두 가지 게임 플레이 가 가능하다 . 건물 은 지어서 그냥 살아가거나 아니면 엔딩 을 내는것 현재 나 는 엔딩 을 본 뒤 서바이벌 을 하고 있는데 다른면은 정말 다 잘만 들 고 지적 할부 분 이 없는데 가끔 끼 임현 상 이나 사물 들 이 날라가는 버그 가 있다 . 이 버그 만 고쳐주면 좋을거 같고 또 베어 낸 나무 가 다시 자라는데 너무 오래 걸린다 . 리얼리티 를 추구 하는면은 좋으나 너무 지나치면 게임 의 재미 가 떨어질수밖에 없다 나무 가 자라는 시간 을 조금 단축 해주면 좋겠다 . 현재 나 는 요새 를 만들려고 건물 을 크게 지은 편 인데 나무 가 497 개인 가 필요하다 . 그런,2017-10-20 12:25:56
242760,The Forest,positive,망겜입니다.,망겜 입니다 .,2017-10-16 17:08:47
242760,The Forest,positive,"""그 숲""이 발매되고 처음에만 스무시간정도 플레이했다. 그리고 접었다. 그리고 다시 시작하니 엔딩도 나왔고 패치도 많이 되었다. 재밌었다. 친구들과 함께 집을 만들고 동굴을 탐험하고 사냥을 하고 도구를 만들고 식인종을 죽이고만든 집 자랑하고.",""" 그 숲 "" 이 발매 되고 처음 에만 스무 시 간정 도 플레이 했다 . 그리고 접었다 . 그리고 다시 시작 하니 엔딩 도 나왔고 패치 도 많이 되었다 . 재밌었다 . 친구 들 과 함께 집 을 만들고 동굴 을 탐험 하고 사냥 을 하고 도구 를 만들고 식인종 을 죽 이고 만든 집 자랑 하고 .",2017-10-13 02:36:43
242760,The Forest,positive,재밌당,재밌당,2017-10-12 18:01:14
242760,The Forest,positive,나름 스토리도 훌륭하고 타격감이나 그래픽이 훌륭한 게임 스토리모드를 끝내고 크래프트모드를 할때 나름 자유도도있고 즐겁게 플레이 가능하다 스토리 모드에서 마지막반전까지 아주 좋았다 크래프트모드에서 좀더 다양한 건물이라던지 그런 설치하는 시스템에 있어서 좀더 다양한것들이 추가 된다면 ㄹㅇ 갓겜 ㅇㅈ,나름 스토리 도 훌륭하고 타 격감 이나 그래픽 이 훌륭한 게임 스토리 모드 를 끝내고 크래프트 모드 를 할 때 나름 자유도 도 있고 즐겁게 플레이 가능하다 스토리 모드 에서 마지막 반전 까지 아주 좋았다 크래프트 모드 에서 좀더 다양한 건물 이라 던지 그런 설치 하는 시스템 에 있어서 좀더 다양한것 들이 추가 된다면 ㄹㅇ 갓 겜 ㅇㅈ,2017-10-12 06:11:09
242760,The Forest,positive,내가 살기 위해 식인종을 죽이고 내가 식인종이 되는 게임...ㅋ,내 가 살기 위해 식인종 을 죽 이고 내 가 식인종 이 되는 게임 ... ㅋ,2017-10-10 18:28:10
242760,The Forest,positive,어두워,어두워,2017-10-09 22:44:48
242760,The Forest,positive,후속작이 나온다는데 기대가됩니다,후속작 이 나온다는데 기 대가 됩니다,2017-10-09 19:55:07
242760,The Forest,positive,좋음 근데 집짓고 엔딩보면 딱히 할게 없는 .. 새로운 컨텐츠가 더 있었으면 좋겠다 싶은 느낌,좋음 근데 집 짓고 엔딩 보면 딱히 할게 없는 .. 새로운 컨텐츠 가 더 있었으면 좋겠다 싶은 느낌,2017-10-09 14:23:07
242760,The Forest,positive,이만한 게임은 없습니다. 친구들과 같이 협동하기 좋은게임 마지막 스토리가 조금 아쉽지만 이런게임이 더 나왔으면 좋겠습니다.,이만 한 게임 은 없습니다 . 친구 들 과 같이 협동 하기 좋은 게임 마지막 스토리 가 조금 아쉽지만 이런 게임 이 더 나왔으면 좋겠습니다 .,2017-10-09 05:13:48
242760,The Forest,positive,음 재밌지만 아직 실제세상과는 다를게만 네요,음 재밌지만 아직 실제 세상 과는 다를게만 네요,2017-10-08 21:28:07
242760,The Forest,positive,내가 식인종이고 식인종이 내가 되는 게임 여럿이 하면 아들은 잊게 되는 게임 재미지다,내 가 식인종 이고 식인종 이 내 가 되는 게임 여럿 이 하면 아들 은 잊게 되는 게임 재미 지다,2017-10-08 02:19:34
242760,The Forest,positive,"컨텐츠가 많고 매우 스릴있으며 값어치를 함. 하지만....갓 버그 포레스트라는 이름값도 함. 동굴 들어가자마자 버그로 밧줄 뒤 바위 안에 갇혀 저장하고 다시 켜도 그대로 갇혀있는 상황이 발생했고, 결국 화염병으로 자살시도하여 직접 죽어서 나오는 방법을 택했다. 하지만 내 수많은 짐이 들어있는 가방은 시체와 돌 안에 갇혀 있는 상태, 게임을 초기화한 것이나 다름없었다.... 지난 번에는 엔딩을 보러가는 구간에서 발을 디디자 마자 그대로 끝없이 아래로 추락하는 상황도 발생했다. 그냥 게임꺼서 탈출하고 엔딩을 보지 못 했다.... 하","컨텐츠 가 많고 매우 스릴 있으며 값어치 를 함 . 하지만 .... 갓 버그 포레스트 라는 이름 값 도 함 . 동굴 들어가자마자 버그 로 밧줄 뒤 바위 안 에 갇혀 저장 하고 다시 켜도 그대로 갇혀있는 상황 이 발생 했고 , 결국 화염병 으로 자살 시도 하 여 직접 죽어서 나오는 방법 을 택했다 . 하지만 내 수많은 짐 이 들어있는 가방 은 시체 와 돌 안 에 갇혀 있는 상태 , 게임 을 초기 화 한 것 이나 다름없었다 .... 지난 번 에는 엔딩 을 보러가는 구간 에서 발 을 디디 자 마자 그대로 끝없이 아래 로 추락 하는 상황 도 발생 했다 . 그냥 게임 꺼 서 탈출 하고 엔딩 을 보지 못 했다 .... 하",2017-10-07 22:47:15
242760,The Forest,positive,친구들과 함께하면 쉬운게임인 그 숲은(친구들끼리 부를 때) 하면 할 수록 누가 식인종인지 모를 게임입니다 이야기는 낙하법을 배운 주인공이 아들 찾는 게임으로 게임성은 쉽지만 은근 모를 버그들과 간디들의 무차별 공격에 동료가 있다는 것이 새삼 다행이라 느끼게 해주는 게임으로서 처음에는 동료들끼리 공중제비 100번 돌고 게임을 시작해야했지만 노하우를 쌓으면 쌓을수록 로동이란 단어가 가끔은 매력적으로 느껴질때가 있습니다 템 파밍을 하면 게임이 쉬워지고 어쩔때는 열심히 만들어둔 고층건물에서 상황극으로 신은 위대하다는 증명에 맨붕을 겪으실,친구 들 과 함께 하면 쉬운 게임 인 그 숲 은 ( 친구 들 끼리 부를 때 ) 하면 할 수록 누가 식인종 인지 모를 게임 입니다 이야기 는 낙하 법 을 배운 주인공 이 아들 찾는 게임 으로 게임 성은 쉽지만 은근 모를 버그 들 과 간디 들 의 무차별 공격 에 동료 가 있다는 것 이 새삼 다행 이라 느끼게 해주는 게임 으로서 처음 에는 동료 들 끼리 공중 제비 100 번 돌고 게임 을 시작 해야 했지만 노하우 를 쌓으면 쌓을수록 로동 이란 단어 가 가끔 은 매력 적 으로 느껴질 때 가 있습니다 템 파밍 을 하면 게임 이 쉬워지고 어쩔 때 는 열심히 만들어 둔 고층 건물 에서 상황 극 으로 신은 위대하다는 증명 에 맨붕 을 겪으실,2017-10-07 21:04:07
242760,The Forest,positive,본격 고기굽기 시뮬레이터,본격 고기 굽기 시뮬레이터,2017-10-07 20:14:15
242760,The Forest,positive,재미있지만 맵이 더 다양했으면 좋겠다. 친구들 끼리 하려고 방만들면 셰르파가와서 다 알려주고 나감,재미있지만 맵 이 더 다양했으면 좋겠다 . 친구 들 끼리 하려고 방만 들 면 셰르파 가 와서 다 알려주고 나감,2017-10-06 21:38:43
242760,The Forest,positive,친절한 현지인들과 만나면 소리지르면서 좋아해주는 겜,친절한 현 지인 들 과 만나면 소리 지르면서 좋아해주는 겜,2017-10-06 20:15:53
242760,The Forest,positive,ㅔㅎㅎ헤헤ㅔ헿헤헤헤헤헿,ㅔㅎㅎ 헤헤 ㅔ 헿헤 헤헤 헤헿,2017-10-06 14:11:08
242760,The Forest,positive,혼자서 즐기기에는 다소 외롭고 어두운게임. 하지만 친구와 같이한다면 공포심도 줄일 수 있을 뿐더러 몇 배는 더 재밌게 즐길 수 있습니다. 매달 정기적으로 업데이트해 컨텐츠 추가와 버그패치가 꾸준히 이루어져 계속 더 나아지고 있다는게 장점입니다.,혼자 서 즐 기기 에는 다소 외 롭고 어 두운 게임 . 하지만 친구 와 같이 한다면 공 포심 도 줄일 수 있을 뿐더러 몇 배는 더 재밌게 즐길 수 있습니다 . 매달 정기 적 으로 업데이트 해 컨텐츠 추가 와 버그 패치 가 꾸준히 이루어져 계속 더 나아지고 있다는게 장점 입니다 .,2017-10-06 04:27:57
242760,The Forest,positive,생존 게임인데 스토리 라인이 말로만 들으면 짧게 느껴질수도 있지만 실제로 생존과 탐험이라는 요소와 함께하니 꽤 길게 느껴졌습니다. Windows + R -> dccw 로 감마를 올리고 플레이 하면 좋습니다. 사실 어떻게 하든 비명을 지르는 자신을 발견할 지도 모릅니다.,생존 게임 인데 스토리 라인 이 말로 만 들으면 짧게 느껴질수도 있지만 실제 로 생존 과 탐험 이라는 요소 와 함께 하니 꽤 길게 느껴졌습니다 . Windows + R -> dccw 로 감마 를 올리고 플레이 하면 좋습니다 . 사실 어떻게 하든 비명 을 지르는 자신 을 발견 할 지도 모릅니다 .,2017-10-05 02:34:01
242760,The Forest,positive,갓겜 싱글보다는 멀티 ㄹㅇ 꿀잼 ',갓 겜 싱글 보다는 멀티 ㄹㅇ 꿀잼 ',2017-10-04 23:01:03
242760,The Forest,positive,맨 처음에 할 땐 솔직히 식인종 때로 몰려오는거 보고 식겁했는데 이젠 요령이 생겨서 써는맛이 있음!,맨 처음 에 할 땐 솔직히 식인종 때 로 몰려오는거 보고 식겁했는데 이 젠 요령 이 생겨서 써는 맛 이 있음 !,2017-10-04 16:41:10
242760,The Forest,positive,식인종이 누군지 모르게되는 갓 게임,식인종 이 누군지 모르게 되는 갓 게임,2017-10-04 10:13:31
242760,The Forest,positive,나무를 벌목하고 있는데 경비원들이 괴롭히는 게임,나무 를 벌목 하고 있는데 경비원 들 이 괴롭히는 게임,2017-10-04 08:54:57
242760,The Forest,positive,[b]이제 누가 식인종이지?[/b],[ b ] 이제 누가 식인종 이지 ?[/ b ],2017-10-04 01:34:23
242760,The Forest,positive,광대한 숲 평소 느껴보지 못한 자연을 체험하기 위한 게임을 찾으시면 정말 잘 찾으셨습니다^^ 스토리와 게임성을 말하자면 제가 해본 스팀 게임 중 제일 최고입니다 단점은 앤딩을 한번 보고나면 게임이 좀 지루해집니다 멀티플레이로 이 점이 커버되긴 하지만 계속 같은 게임이 반복되다 보니 지루함을 느끼실 수 있습니다 전 개인적으로 마음에 들고 사는 것을 추천드립니다,광대한 숲 평소 느껴 보지 못 한 자연 을 체험 하기 위 한 게임 을 찾으시면 정말 잘 찾으셨습니다 ^^ 스토리 와 게임 성 을 말 하자면 제 가 해본 스팀 게임 중 제일 최고 입니다 단점 은 앤딩 을 한번 보고나면 게임 이 좀 지루해 집니다 멀티플레이 로 이 점 이 커버 되긴 하지만 계속 같은 게임 이 반복 되다 보니 지루함 을 느끼실 수 있습니다 전 개인 적 으로 마음 에 들고 사는 것 을 추천 드립니다,2017-10-02 11:06:33
242760,The Forest,positive,난 괜찮게 했다.,난 괜찮게 했다 .,2017-10-01 20:14:30
242760,The Forest,positive,버그만 잘 잡아준다면 충분히 괜찮아질 게임,버그 만 잘 잡아 준다면 충분히 괜찮아질 게임,2017-09-30 01:00:25
242760,The Forest,positive,친구들이랑 해야지 재밌다,친구 들 이랑 해야지 재밌다,2017-09-29 22:55:37
242760,The Forest,positive,처음시작시 : 어우 무서워 하나도 안보여 여기 어디야 5시간후: 야 팔짤러놔 먹게 단점보다 장점이 더 많고 재미있음이 확실한게임 사도절대 실패하지않을게임 친구랑하면 더 재미있는게임,처음 시 작시 : 어우 무서워 하나 도 안보 여 여기 어디 야 5시간 후 : 야 팔 짤러 놔 먹게 단점 보다 장점 이 더 많고 재미있음 이 확실 한게임 사도 절대 실패하지 않을 게임 친구 랑 하면 더 재미있는 게임,2017-09-25 16:12:23
242760,The Forest,positive,good game,good game,2017-09-25 15:12:53
242760,The Forest,positive,출시 때부터 사놓고 컴퓨터 안 돌아가서 못하고있다가 8개월전에 컴퓨터사서 드디어 해보았는데 재밌네요.,출시 때 부터 사놓고 컴퓨터 안 돌아가서 못 하고있다가 8 개월전 에 컴퓨터 사서 드디어 해보았는데 재밌네요 .,2017-09-25 15:09:43
242760,The Forest,positive,갓겜,갓 겜,2017-09-25 01:16:46
242760,The Forest,positive,식인종 그게 뭐죠? 먹는건가여?,식인종 그게 뭐 죠 ? 먹는 건가 여 ?,2017-09-24 07:05:22
242760,The Forest,positive,plz add some stamina,plz add some stamina,2017-09-24 02:03:10
242760,The Forest,positive,크래프팅 요소만 좀 더 컨텐츠좀 늘려주었으면 한다,크 래프팅 요소 만 좀 더 컨텐츠 좀 늘려주었으면 한다,2017-09-22 17:25:45
242760,The Forest,positive,진짜 몇년전부터 이 게임을 해왔었는데 그때당시에는 수영하다가 갑자기 바다가 사라져서 바다 밑 바닥에서 원주민이랑 놀거나 버그를 사용하여 벽올라가기 등등 버그가 판을 치는게임이었지만 지금에 와서 버그는 거의 다 잡은것 같더군요. 꽤 괜찮은 작품입니다.,진짜 몇 년전 부터 이 게임 을 해왔었는데 그때 당시 에는 수영 하다가 갑자기 바다 가 사라져서 바다 밑 바닥 에서 원주민 이랑 놀거나 버그 를 사용 하여 벽 올라가기 등등 버그 가 판 을 치는 게임 이었지만 지금 에 와서 버그 는 거의 다 잡은것 같더군요 . 꽤 괜찮은 작품 입니다 .,2017-09-22 00:27:17
242760,The Forest,positive,무슨 게임이든 친구랑 같이하면재밌음. 그것도 10시간미만으로,무슨 게임 이든 친구 랑 같이 하면 재밌음 . 그것 도 10시간 미만으로,2017-09-16 10:32:43
242760,The Forest,positive,한영키 문제는 Unity 엔진 자체 문제이므로 게임회사를 탓할순 없다. 친구랑 하면 재미 있을거다.,한영키 문제 는 Unity 엔진 자체 문제 이 므 로 게임 회사 를 탓 할 순 없다 . 친구 랑 하면 재미 있을거다 .,2017-09-14 07:17:35
242760,The Forest,positive,친구랑 멀티하니깐 잼있다 생존겜인줄 알고 샀는데 알고보니 공포게임이었던거임 원주민들이 ppap 추면서 갑툭튀하면 너무 신나는게임,친구 랑 멀티 하 니깐 잼있다 생존 겜 인 줄 알 고 샀는데 알 고 보니 공포 게임 이었던거 임 원주민 들 이 ppap 추면서 갑툭튀 하면 너무 신나는 게임,2017-09-11 23:06:38
242760,The Forest,positive,GOOD :D,GOOD : D,2017-09-11 21:52:22
242760,The Forest,positive,노루 야캐요.,노루 야 캐 요 .,2017-09-10 04:10:15
242760,The Forest,positive,잼이쩌,잼이쩌,2017-09-09 18:52:39
242760,The Forest,positive,"낮을 뻔했던 생존 난이도를 하드모드 도입과 스토리진행으로 거의 완벽하게 커버친 명작 생존. 처음 하는 플레이어에게 하나하나 알아가는 재미를 주고, 타격감 넘치는 모션들, 적절한 분위기를 조성하는 어둠깔린 숲과 동굴. 플레이어의 생존을 위협하는 요소는 식량보단 주로 적 공격으로 이루어진다. 식량과 물 게이지는 얻기도 쉽고 잘 닳지도 않아 이쪽에서 위기감을 얻을 수 없는 건 아쉬운 요소. 하지만 어두운 숲속, 동굴 안에서 나타나는 식인종들과 돌연변이들은 익숙하지 않은 이들에게 스릴감을 안겨주기에 충분하다. 물론 마주치기를 수백수천번씩","낮 을 뻔했던 생존 난이도 를 하드 모드 도입 과 스토리 진행 으로 거의 완벽하게 커버 친 명작 생존 . 처음 하는 플레이어 에게 하나 하나 알아가는 재미 를 주고 , 타 격감 넘치는 모션 들 , 적절한 분위기 를 조성하 는 어둠 깔린 숲 과 동굴 . 플레이어 의 생존 을 위협 하는 요소 는 식량 보단 주로 적 공격 으로 이루어진다 . 식량 과 물 게이 지는 얻기도 쉽고 잘 닳지도 않아 이 쪽 에서 위기 감 을 얻을 수 없는 건 아쉬운 요소 . 하지만 어 두운 숲속 , 동굴 안 에서 나타나는 식인종 들 과 돌연변이 들 은 익숙하지 않은 이 들 에게 스릴 감 을 안겨주기에 충분하다 . 물론 마주치 기를 수백 수천 번 씩",2017-09-09 16:55:24
242760,The Forest,positive,best,best,2017-09-07 14:06:29
242760,The Forest,positive,갓겜. 갓겜....,갓 겜 . 갓 겜 ....,2017-09-07 12:03:28
242760,The Forest,positive,어떻게 아들을 찾는지 멀 해야하는지 알려주면 갓 겜이 될텐데 다좋은데 너무 불친절해,어떻게 아들 을 찾는지 멀 해야하는지 알려주면 갓 겜 이 될텐데 다 좋은데 너무 불친절해,2017-09-04 17:01:07
242760,The Forest,positive,가격대비 스토리와 재미 모두 괜찮은 게임입니다.,가격 대비 스토리 와 재미 모두 괜찮은 게임 입니다 .,2017-09-03 14:57:12
242760,The Forest,positive,혼자서 동굴에 들어갈때랑 밤에서 혼자버티는건 정말 심장이 쫄깃해지네요,혼자 서 동굴 에 들어갈 때 랑 밤 에서 혼자 버티는건 정말 심장 이 쫄깃 해지네요,2017-09-02 01:11:12
242760,The Forest,positive,이 게임은 절대 돈이 아깝지 않네요 추천할만 합니다.,이 게임 은 절대 돈 이 아깝지 않네요 추천 할만 합니다 .,2017-08-31 09:30:49
242760,The Forest,positive,"무난하게 재밌는 게임. 혼자서 하면 진짜 생존겜이 되고 친구들과 하면 ""재밌는"" 생존겜이 됌.","무난 하게 재밌는 게임 . 혼자 서 하면 진짜 생존 겜 이 되고 친구 들 과 하면 "" 재밌는 "" 생존 겜 이 됌 .",2017-08-29 19:45:25
242760,The Forest,positive,다 좋은데... 패치하고 나서 부터 소리가 안납니다 스팀 다른 게임들은 다 소리가 나는데 포레스트 이것만 소리가 안나요... 물론 게임소리도 최대이고 스피커 이어폰 다 정상입니다,다 좋은데 ... 패치 하고 나서 부터 소리 가 안 납니다 스팀 다른 게임 들 은 다 소리 가 나는데 포레스트 이 것 만 소리 가 안나 요 ... 물론 게임 소리 도 최대 이고 스피커 이어폰 다 정상 입니다,2017-08-28 21:41:28
242760,The Forest,positive,재밌긴한데 한번깨고나니 긴장감이없어짐,재밌긴한데 한번 깨고나니 긴장감 이 없어짐,2017-08-28 19:09:16
242760,The Forest,positive,이 게임은 코옵이 답이다 처음엔 나: ㅁㅊ 식인종봐라 개 쌔보이네 하다가 결국 죽이고 나서 머리 다리 팔을 자르는 재미덕분에 이게임을 계속하게 되고 엔딩을 볼꺼면 혼자보면 개어렵다 코옵이 답이다 그리고 만약에 이게임을 살꺼다 하면 세일을 안해도 사도 질리지는 안을껏이다 집만드는 재미 나무 패는 재미 동굴 탐험 그런게 너무 재밋어서 친구랑 하면 개꿀잼이다 이게임 꼭사라,이 게임 은 코옵 이 답 이다 처음 엔 나 : ㅁㅊ 식인종 봐라 개 쌔보 이네 하다가 결국 죽 이고 나서 머리 다리 팔 을 자르는 재미 덕분 에 이 게임 을 계속 하게 되고 엔딩 을 볼꺼면 혼자 보면 개 어렵다 코옵 이 답 이다 그리고 만약 에 이 게임 을 살꺼다 하면 세 일 을 안해 도 사도 질리 지는 안 을 껏 이다 집 만드는 재미 나무 패 는 재미 동굴 탐험 그런게 너무 재밋어 서 친구 랑 하면 개꿀잼 이다 이 게임 꼭 사라,2017-08-24 22:24:12
242760,The Forest,positive,아 잡았는데.,아 잡았는데 .,2017-08-23 21:23:24
242760,The Forest,positive,무섭다,무섭다,2017-08-21 22:56:22
242760,The Forest,positive,갓겜치,갓 겜치,2017-08-21 02:24:04
242760,The Forest,positive,하다보면 증말로 지루하다,하다 보면 증 말로 지루하다,2017-08-20 16:58:48
242760,The Forest,positive,원주민이 식인종인가 캐릭터가 식인종인가?,원주민 이 식인종 인가 캐릭터 가 식인종 인가 ?,2017-08-20 15:39:24
242760,The Forest,positive,이게임을 간략하게 설명하자면 식량걱정없는게임 입니다 식인종이라는 풍부한먹거리가 우리에게 굴러떨어지니까요 멀티는주의해주시기바랍니다 온갖버그와 오류가 많아 예술그자체를 만들어냅니다 싱글플레이또한 주의해주시기바랍니다 상당히 무섭습니다 이게임을 주의하세요,이 게임 을 간략하게 설명 하자면 식량 걱정 없는 게임 입니다 식인종 이라는 풍부한 먹거리 가 우리 에게 굴러 떨어지니까 요 멀티 는 주의 해주시기 바랍니다 온갖 버그 와 오류 가 많아 예술 그 자체 를 만들어 냅니다 싱글플레이 또한 주의 해주시기 바랍니다 상당히 무섭습니다 이 게임 을 주의 하세요,2017-08-19 14:29:14
242760,The Forest,positive,더 포레스트 식인종이 나오지만 플레이어가 식인종인지 식인종이 식인종인지 모르는게임 옛날엔 오류 투성이 게임 최근에 해보니 오류도 별로없고 할만합니다 가격값 하는게임입니다 싱글은 금방질리고 친구들이랑 멀티하면 그렇게 재밌는게임,더 포레스트 식인종 이 나오지만 플레이어 가 식인종 인지 식인종 이 식인종 인지 모르는 게임 옛날 엔 오류 투성이 게임 최근 에 해보니 오류 도 별로 없고 할만 합니다 가격 값 하는 게임 입니다 싱글 은 금방 질리 고 친구 들 이랑 멀티 하면 그렇게 재밌는 게임,2017-08-15 01:39:57
242760,The Forest,positive,싱글플레이하다가 줄타고 동굴 내려가면서 너무 무서워서 접음.. ㄹㅇ임,싱글플레이 하다가 줄 타고 동굴 내려가면서 너무 무서워서 접음 .. ㄹㅇ 임,2017-08-14 16:48:21
242760,The Forest,positive,멀티오류 고치면 저용량에 그래픽이 ㅆㅅㅌㅊ라 개인적으로 추천드림,멀티 오류 고치 면 저 용량 에 그래픽 이 ㅆㅅㅌㅊ 라 개인 적 으로 추천 드림,2017-08-14 12:19:42
242760,The Forest,positive,출시가 얼마 남지않았지만 버그가 좀 많은거 치곤 괜찮다...그런데 로프타고 내려가다가 뚝 떨어져서 죽는 버그는 고쳐줘야할듯 싶다 ㅠㅠ,출시 가 얼마 남지 않았지만 버그 가 좀 많은거 치곤 괜찮다 ... 그런데 로프 타고 내려가다가 뚝 떨어져서 죽는 버그 는 고쳐줘 야할듯 싶다 ㅠㅠ,2017-08-13 14:04:17
242760,The Forest,positive,재밌긴 재밌었습니다. 하지만 버그가 좀 많아서 문제가 있는거 같습니다,재밌긴 재밌었습니다 . 하지만 버그 가 좀 많아서 문제 가 있는거 같습니다,2017-08-12 23:44:53
242760,The Forest,positive,정말 여러가지 게임을 해보았지만 정말 제가 재미있었던 게임중 하나로 말씀드리고 싶습니다. 이게 자유도와 스토리를 모두 겸비하고있음뿐만아니라. 생존을 하기위해 이리저리 움직이다보면 저절로 스토리가 진행되면서 정말 자연스럽게 엔딩에 다다르는 것이 정말로 매력적이라고 생각했습니다. 만약 다른분께도 게임을 이게임을 말한다면 적극 추천해드리고 싶습니다. 이런좋은게임만들어주셔서 감사드립니다.,정말 여러가지 게임 을 해보았지만 정말 제 가 재미있었던 게임 중 하나로 말씀드리고 싶습니다 . 이 게 자유도 와 스토리 를 모두 겸비 하고있음 뿐 만 아니라 . 생존 을 하기 위해 이리저리 움직 이다 보면 저절로 스토리 가 진행 되면서 정말 자연 스럽게 엔딩 에 다다르는 것 이 정말로 매력 적 이라고 생각 했습니다 . 만약 다른 분 께 도 게임 을 이 게임 을 말 한다면 적극 추천 해드리고 싶습니다 . 이런 좋은 게임 만 들어주셔서 감사 드립니다 .,2017-08-12 12:21:51
242760,The Forest,positive,식인종 피해다니다가 식인종이 되는 게임,식인종 피해 다니다가 식인종 이 되는 게임,2017-08-11 00:58:16
242760,The Forest,positive,레알로 진심 개잼있음 꼭 사셈 옆집에 3만얼마 짜리 보다 잼씀 크 더포에 취한다 주모 여기 더포레스트 한사발이요~,레알 로 진심 개 잼있음 꼭 사셈 옆집 에 3만 얼마 짜리 보다 잼 씀 크 더포 에 취한 다 주모 여기 더 포레스트 한 사발 이 요 ~,2017-08-08 12:09:16
242760,The Forest,positive,god game!!,god game !!,2017-08-07 22:37:35
242760,The Forest,positive,rice thief game,rice thief game,2017-08-05 17:24:22
242760,The Forest,positive,혼자하면 무쌍 같이하면 다굴,혼자 하면 무쌍 같이 하면 다 굴,2017-08-03 16:27:23
242760,The Forest,positive,"도련-님들이 점점 약해지고 있어요. 아, 내가 강해진건가? 친구랑 약빨고 하면 엄청 잼있습니다. 저기 두발로 걸어다니는 얘들은 식량이니 꼭 잡아주세요.","도련 - 님들 이 점점 약해지고 있어요 . 아 , 내 가 강해진 건가 ? 친구 랑 약 빨 고 하면 엄청 잼있습니다 . 저기 두발 로 걸어 다니는 얘 들 은 식량 이니 꼭 잡아주세요 .",2017-08-03 12:42:40
242760,The Forest,positive,"인간은 적응의 동물이다. 이 뭐같은 섬에서 우리도 적응해야한다. 회사에 첫 출근하면 옆 동료 직원이 하는 일을 똑같이 하는것처럼, 우리도 그들과 같은 짓을 하면 된다. 이 평가를 읽은 플레이어는 이제, 그들의 울부짖음이 죽음의 소리가 아닌, [b]먹이가 먹어달라고 소리치는 소리로 들릴것이다. [/b]","인간 은 적응 의 동물 이다 . 이 뭐 같은 섬 에서 우리 도 적응해야 한다 . 회사 에 첫 출근 하면 옆 동료 직원 이 하는 일 을 똑같이 하는것처럼 , 우리 도 그 들 과 같은 짓 을 하면 된다 . 이 평가 를 읽은 플레이어 는 이제 , 그 들 의 울부짖음 이 죽음 의 소리 가 아닌 , [ b ] 먹이 가 먹어 달라 고 소리치는 소리 로 들릴것이다 . [/ b ]",2017-08-02 21:52:44
242760,The Forest,positive,흐앙 무서워 ㅠㅠ 새벽에 허연것들 돌아다니면 오싹오싹,흐앙 무서워 ㅠㅠ 새벽 에 허 연 것 들 돌아다니면 오싹오싹,2017-08-02 18:36:48
242760,The Forest,positive,rne,rne,2017-08-02 15:35:26
242760,The Forest,positive,이 게임은 정말 저에게 26시간의 재미를 주었습니다 자신의 인생에서 26시간을 재미있게 보내고 싶다면 추천드립니다,이 게임 은 정말 저 에게 26시간 의 재미 를 주었습니다 자신 의 인생 에서 26시간 을 재미있게 보내고 싶다면 추천 드립니다,2017-08-02 13:36:58
242760,The Forest,positive,it's my favorite,it ' s my favorite,2017-07-31 04:19:35
242760,The Forest,positive,동굴은 무서웡!,동굴 은 무서웡 !,2017-07-29 10:07:51
242760,The Forest,positive,когда интересно эту игру нормально оптимизируют или хоть бы минимальные требования правильные поставили...,когда интересно эту игру нормально оптимизируют или хоть бы минимальные требования правильные поставили ...,2017-07-29 05:01:16
242760,The Forest,positive,"혼자해도 재밌고 같이하면 더 재미있는 생존겜입니다. 생존하는 맛+적당한 난이도+건축요소가 어우러져 상당히 재밌는 겜이라고 생각합니다. 단점은 몇몇 버그, 아쉬운 감이 있는 엔딩...정도가 되겠네요.","혼자 해도 재밌고 같이 하면 더 재미있는 생존 겜 입니다 . 생존 하는 맛 + 적당한 난이도 + 건축 요소 가 어우러져 상당히 재밌는 겜 이라고 생각 합니다 . 단점 은 몇몇 버그 , 아쉬운 감 이 있는 엔딩 ... 정도 가 되겠네요 .",2017-07-28 14:37:33
242760,The Forest,positive,개무서움,개 무서움,2017-07-28 05:36:30
242760,The Forest,positive,"호러 생존 서바이벌 게임 더 포레스트. 불시착한 비행기의 생존자로서, 납치당한 아들을 찾아 고군분투하는 내용입니다. 섬의 비밀을 밝혀내고 아들을 구출한다는 목적성이 있기에, 그저 오래 살아남는 것만을 좋아하지 않는 사람이라면 추천. 스토리도 조금 평면적인 면은 있지만 나름대로 잘 짜여진 편이고, 엔딩의 반전도 나쁘지 않다. 개인적으로는 멀티보다 싱글일 때 이 게임의 분위기나 지향성(스토리적 요소의 경험)에 어울린다고 본다.","호러 생존 서바이벌 게임 더 포레스트 . 불시 착한 비행기 의 생존자 로서 , 납치 당 한 아들 을 찾아 고 군 분 투하 는 내용 입니다 . 섬 의 비밀 을 밝혀내고 아들 을 구출 한다는 목적 성 이 있기에 , 그저 오래 살아남는 것 만을 좋아하지 않는 사람 이 라면 추천 . 스토리 도 조금 평면 적 인 면은 있지만 나름 대로 잘 짜여진 편이 고 , 엔딩 의 반전 도 나쁘지 않다 . 개인 적 으로는 멀티 보다 싱글 일 때 이 게임 의 분위기 나 지향성 ( 스토리 적 요소 의 경험 ) 에 어울린다고 본다 .",2017-07-26 15:41:55
242760,The Forest,positive,일단 이겜은 혼자하면 식인종들이 학살하고 친구들이랑하면 식인종 학살겜!!!! 그래도 애들이 쎄서 많이 아픔.... 버스타서 7시간 만에 엔딩봄 ㄷㄷ 다른애들은 35시간하고,일단 이 겜 은 혼자 하면 식인종 들 이 학살 하고 친구 들 이랑 하면 식인종 학살 겜 !!!! 그래도 애 들 이 쎄서 많이 아픔 .... 버스 타서 7시간 만에 엔딩 봄 ㄷㄷ 다른 애 들 은 35시간 하고,2017-07-25 21:20:06
242760,The Forest,positive,내 아를 돌리도,내 아 를 돌리도,2017-07-23 15:30:31
242760,The Forest,positive,ㅁ처음엔 그냥 할게 없어서 똥겜이었는데 스토리가 제대로 추가되며 갓겜됨,ㅁ 처음 엔 그냥 할게 없어서 똥겜 이었는데 스토리 가 제대로 추가 되며 갓 겜 됨,2017-07-22 17:53:48
242760,The Forest,positive,진짜보기드문 생존게임중에서 명작임 처음엔 토끼나 도마뱀 고기 건조대에 말리다가 어느순간지나면 사람팔다리가 걸려있는걸 보게됨,진짜 보기 드문 생존 게임 중 에서 명작 임 처음 엔 토끼 나 도마뱀 고기 건조대 에 말리다가 어느 순간 지나면 사람 팔다리 가 걸려있는걸 보게 됨,2017-07-21 16:16:08
242760,The Forest,positive,정식 버전 나왓다니까 함 해본다 ㅋ,정식 버전 나왓다 니까 함 해본다 ㅋ,2017-07-21 12:55:17
242760,The Forest,positive,원주민 찾아다니는게임,원주민 찾아다니는 게임,2017-07-21 03:19:44
242760,The Forest,positive,엔딩이 너무 과했는데 애가너무 불쌍 마크 미래버전하고 싶으면 이거 하셈,엔딩 이 너무 과 했는데 애가 너무 불쌍 마크 미래 버전 하고 싶으면 이 거 하 셈,2017-07-19 17:58:52
242760,The Forest,positive,이겜은 정말 잘만든 게임압니다 근데 마지막에 보스 나만 그런지 몰라도 카타나로 썰어 버릴려고 하면 하늘로 날려서 낙뎀으로 죽어요 이점 어떻게 잘 고쳐주면 감사할듯 합니다.,이 겜 은 정말 잘만 든 게임 압니 다 근데 마지막 에 보스 나 만 그런지 몰라도 카타나 로 썰어 버릴려고 하면 하늘 로 날려서 낙뎀 으로 죽어요 이점 어떻게 잘 고쳐주면 감사할듯 합니다 .,2017-07-18 21:56:16
242760,The Forest,positive,996,996,2017-07-16 22:01:04
242760,The Forest,positive,완전 재밌음 내 취향,완전 재밌음 내 취향,2017-07-16 18:18:12
242760,The Forest,positive,재밌어요!!,재밌어요 !!,2017-07-16 13:28:46
242760,The Forest,positive,재미는 있습니다만은 그것도 처음뿐.... 컨텐츠가 매우 부족! 그러나 꾸준히 업뎃을 하는 거 보면은 계속 발전해 나가겠죠!,재미 는 있습니다만 은 그것 도 처음 뿐 .... 컨텐츠 가 매우 부족 ! 그러나 꾸준히 업뎃 을 하는 거 보면은 계속 발전 해 나가겠죠 !,2017-07-15 18:02:28
242760,The Forest,positive,처음에는 무섭지만 5시간만 해보면 무쌍게임이 되는 마술,처음 에는 무섭지만 5시간 만 해보면 무쌍 게임 이 되는 마술,2017-07-14 23:43:58
242760,The Forest,positive,굉장한 게임. 업데이트가 기다려집니다.,굉장한 게임 . 업데이트 가 기 다려집니다 .,2017-07-13 22:32:17
242760,The Forest,positive,처음엔 읔엨 하며 다가오는 식인종이 무서워 도망다니고 팔다리 잘라내기도 징그러워하지만 결국 너도나도 즐기며 식인종의 팔다리를 자르고 뚝배기를 깨는 갓겜입니다,처음 엔 읔엨 하며 다가오는 식인종 이 무서워 도망 다니고 팔다리 잘라내기 도 징그러워하지만 결국 너 도나 도 즐기며 식인종 의 팔다리 를 자르고 뚝배기 를 깨는 갓 겜 입니다,2017-07-13 17:13:22
242760,The Forest,positive,잠깐즐기기좋음,잠깐 즐기기 좋음,2017-07-13 13:43:52
242760,The Forest,positive,방송으로보고 재미있어보여서 사게 되었는데 하핳ㅎ 볼때랑 다르게 직접하려니 식인종봐도봐도 적응안되고 너무무서워요ㅜㅠ평화모드로 집꾸미기게임하는중이지만 이것도 나름 꿀잼 언젠가는 노말이라도할수잇기를ㄹ............,방송 으로 보고 재미있어 보 여서 사게 되었는데 하 핳 ㅎ 볼때 랑 다르게 직접 하려니 식인종 봐도 봐도 적응 안되고 너무 무서워요 ㅜㅠ 평화 모드 로 집 꾸미기 게임 하 는 중이 지만 이 것 도 나름 꿀잼 언젠가 는 노말 이라도 할수 잇기를 ㄹ ............,2017-07-12 00:37:37
242760,The Forest,positive,가갓오브 제우스 게임입니다. 소수인원이 동굴 탐험시 진짜 개 쫄깃하고 애들 모아다 나무 캐서 집지어놓으면 원시인들 와서 다 뿌개고 GR으앰병 떨고 도망댕기고 ㅋㅋㅋ 아주 잼남데..오래하다보면 원시인들 어캐 농락하는지 깨닫게 됨. 교수형대만 아주 포토캐논 설치하듯이 아주 도배를 해놓으면 원시인들 아주 수십마리 잡아다 뼈다귀 축제를 할 수 있음.,가 갓 오브 제우스 게임 입니다 . 소 수 인원 이 동굴 탐험 시 진짜 개 쫄깃 하고 애 들 모아다 나무 캐서 집지어놓으면 원시 인들 와서 다 뿌개 고 GR 으앰병 떨고 도망 댕기 고 ㅋㅋㅋ 아주 잼 남데 .. 오래 하다 보면 원시 인들 어캐 농락 하는지 깨닫게 됨 . 교수형 대만 아주 포토 캐논 설치하듯이 아주 도배 를 해놓으면 원시 인들 아주 수십 마리 잡아다 뼈 다 귀 축제 를 할 수 있음 .,2017-07-10 23:52:16
242760,The Forest,positive,"서론 : THE FOREST. 숲이다. 친구랑 할려고 삿는데 걔가 안한데 시벌ㅋㅋㅋ 본론 : 게임의 개성 미쳤다. 누가 사람 머리를 들고 때릴 생각을 할까. 누가 도끼에 깃털, 이빨을 달까. 식인종이 피냄새 맡고 온다는 생각 그 누가 할까? 치킨 2.1마리 가격한다. (근데 유튜브로만 봤을때) 유튜브 관람 평가 : 10점 만점에 7점 식인종 소름 돋아 으허헉 (솔직히 안돋음)","서론 : THE FOREST . 숲 이다 . 친구 랑 할려고 삿는데 걔 가 안한데 시벌 ㅋㅋㅋ 본론 : 게임 의 개성 미쳤다 . 누가 사람 머리 를 들고 때릴 생각 을 할까 . 누가 도끼 에 깃털 , 이빨 을 달까 . 식인종 이 피 냄새 맡고 온다는 생각 그 누가 할까 ? 치킨 2.1 마리 가격 한다 . ( 근데 유튜브 로만 봤을 때 ) 유튜브 관람 평가 : 10 점 만점 에 7 점 식인종 소름 돋아 으 허 헉 ( 솔직히 안 돋음 )",2017-07-10 21:54:28
242760,The Forest,positive,재미있습니다 버그 좀 있지만 그래도 괜찮습니다.,재미있습니다 버그 좀 있지만 그래도 괜찮습니다 .,2017-07-10 19:09:25
242760,The Forest,positive,"더 포레스트 후기 1. 혼자서 하면 질질 싼다. 2. 공략 없이 게임하면 하루 왠종일 걸릴 정도로 맵이 구별안됨 3. 아직 게임이 완벽한게 아닌지.... 자주 벽에 껴서 빡종 ㅅㅂ 결론 : 나만 당할 수 없다. 재미는 있으나, ㅎㅎㅎㅎㅎㅎㅎㅎㅎㅎㅎㅎㅎ","더 포레스트 후기 1 . 혼자 서 하면 질질 싼다 . 2 . 공략 없이 게임 하면 하루 왠 종일 걸릴 정도 로 맵 이 구별 안됨 3 . 아직 게임 이 완벽한게 아닌지 .... 자주 벽 에 껴서 빡종 ㅅㅂ 결론 : 나 만 당할 수 없다 . 재미 는 있으나 , ㅎㅎㅎㅎㅎㅎㅎㅎㅎㅎㅎㅎㅎ",2017-07-10 19:02:24
242760,The Forest,positive,와... 진짜 명작입니다,와 ... 진짜 명작 입니다,2017-07-10 14:50:02
242760,The Forest,positive,친구랑 같이하면 누가 식인종인지 모를 게임,친구 랑 같이 하면 누가 식인종 인지 모를 게임,2017-07-10 01:49:11
242760,The Forest,positive,개꿀잼 돈값한다 업데이트도 꾸준히하고있고,개꿀잼 돈값 한다 업데이트 도 꾸준히하고 있고,2017-07-09 11:22:12
242760,The Forest,positive,게임 시간 : 무의미 난이도: 플레이어 결졍 여려분들 이거 호러겜이에요.. 하지만.. 더포레스트(the forest)는 상당히 재밌어요. 하지만 시스템 요구 사양 높아서 마음대로 다룰수 없는 게임 ㅠㅠ 하지만 갓겜은 확실한 게임. 여려분들 1번플레이 해봐요 멀티도 가능하고 후반에도 할껏도 많아 질리기 힘든게임 그래도 그곳엔... 머 스포는 안돼니깐.... 엔딩 있고. 머그러니.. 그러니 바이바이! 콜록!!!,게임 시간 : 무의미 난이도 : 플레이어 결졍 여 려 분들 이 거 호러 겜 이에요 .. 하지만 .. 더 포레스트 ( the forest ) 는 상당히 재밌어요 . 하지만 시스템 요구 사양 높아서 마음대로 다룰수 없는 게임 ㅠㅠ 하지만 갓 겜 은 확실한 게임 . 여 려 분들 1 번 플레이 해봐요 멀티 도 가능하고 후반 에도 할 껏 도 많아 질리기 힘든 게임 그래도 그 곳 엔 ... 머 스포 는 안 돼니깐 .... 엔딩 있고 . 머 그러니 .. 그러니 바이바이 ! 콜록 !!!,2017-07-07 21:17:00
242760,The Forest,positive,킹갓포레스트 몇년후엔 갓겜이돼있을 것이다,킹 갓 포레스트 몇 년후 엔 갓 겜 이 돼있을 것 이다,2017-07-07 17:59:59
242760,The Forest,positive,왜 세이브파일로 멀티하려는데 다시 안들어가지나요? 저장되어있는 파일에 다같이 들어갈 수 있게 패치해주셨으면 좋겠어요,왜 세이브 파일 로 멀티 하려는데 다시 안 들어가지나요 ? 저장 되어있는 파일 에 다 같이 들어갈 수 있게 패치 해주셨으면 좋겠어요,2017-07-06 01:49:51
242760,The Forest,positive,엔딩봤습니다.. 이정도면 나름 갓겜이라고 생각함.,엔딩 봤습니다 .. 이 정도 면 나름 갓 겜 이라고 생각 함 .,2017-07-06 00:21:06
242760,The Forest,positive,리얼 꿀잼입니다 만원 내고 20시간정도 재밌게 즐길수 있어요 근데 친구랑 하는게 좋을겁니다!,리얼 꿀잼 입니다 만원 내고 20시간 정도 재밌게 즐길수 있어요 근데 친구 랑 하는게 좋을 겁니다 !,2017-07-05 01:07:07
242760,The Forest,positive,좋음,좋음,2017-07-04 22:31:56
242760,The Forest,positive,친구랑 합시다. 개그가 될수도 있음,친구 랑 합시다 . 개그 가 될수도 있음,2017-07-04 21:46:02
242760,The Forest,positive,노가다 갓겜,노가다 갓 겜,2017-07-04 20:30:09
242760,The Forest,positive,불러오기가 잘 안되요 집 컴 이랑 회사 컴 이랑,불러 오기 가 잘 안되요 집 컴 이랑 회사 컴 이랑,2017-07-04 09:05:57
242760,The Forest,positive,키햐 가격 값하는 ㅅㅅㅌㅊ 게임. 이 게임을 플레이할때 뭐지 개꿀잼몰카인가 라는 말이 저절로 나온다. 특히 난 개인적으로 라쿤을 죽일때 쾌감을 느꼈다.,키햐 가격 값 하는 ㅅㅅㅌㅊ 게임 . 이 게임 을 플레이 할 때 뭐 지 개꿀잼 몰카 인가 라는 말 이 저절로 나온다 . 특히 난 개인 적 으로 라쿤 을 죽일 때 쾌감 을 느꼈다 .,2017-07-03 09:37:54
242760,The Forest,positive,ㄱ,ㄱ,2017-07-03 02:16:50
242760,The Forest,positive,"솔직히, 16000원의 치킨 한마리 값에 비하면 갓-겜이라고 인정하게 밖에 만들수가 없는 겜이다. 근데 일단 솔로는 하지말자. 존나 무섭다 진짜. 밤에 집도 없이 들판을 서성이다 보면 아웃라스트의 뺨을 후리게 만들고 부랄을 탁치게 만들다 못해 터트리기 직전까지 갈 정도로 존나게 무섭다. 거기다 긴장감을 고조시키는 브금까지. 조따리 무섭다. 난 혼자하려다 밤에 외롭게 남겨지다가 미친놈 한놈이 쫓아와서 때렸더니 미친놈이 무리를 몰고와서 10분만에 껐다. 친구랑 같이하면 정말 갓겜이다. 집을 짓고, 파밍하고, 미친놈을 사냥하고, 동굴","솔직히 , 16000원 의 치킨 한 마리 값 에 비 하면 갓 - 겜 이라고 인정 하게 밖에 만들수가 없는 겜 이다 . 근데 일단 솔로 는 하지말자 . 존나 무섭다 진짜 . 밤 에 집도 없이 들판 을 서성 이다 보면 아웃 라스트 의 뺨 을 후리 게 만들고 부랄 을 탁치 게 만들다 못 해 터 트리 기 직전 까지 갈 정도 로 존나 게 무섭다 . 거기 다 긴장감 을 고조 시키는 브금 까지 . 조 따리 무섭다 . 난 혼자 하려다 밤 에 외롭게 남겨지다가 미친 놈 한 놈 이 쫓아와서 때렸더니 미친 놈 이 무리 를 몰고와 서 10분 만에 껐다 . 친구 랑 같이 하면 정말 갓 겜 이다 . 집 을 짓고 , 파밍 하고 , 미친 놈 을 사냥 하고 , 동굴",2017-07-02 02:49:17
242760,The Forest,positive,잼슴,잼슴,2017-07-01 21:33:03
242760,The Forest,positive,와우 스토리 꿀잼,와우 스토리 꿀잼,2017-07-01 18:55:36
242760,The Forest,positive,good,good,2017-06-30 22:49:15
242760,The Forest,positive,친구들이랑 즐기기 좋네요. 컨텐츠는 조금 더 개발했으면 좋겠습니다.,친구 들 이랑 즐기기 좋네요 . 컨텐츠 는 조금 더 개발 했으면 좋겠습니다 .,2017-06-30 10:20:29
242760,The Forest,positive,"생존게임류중에서 보기드문 수작입니다, 필드도 적당하게 넓구요. 버그도 매 업데이트로 많이 개선되었어요. 인디게임중에서 최적화도 그렇게 나쁘진 않습니다. 다만 아쉬운 점은 식수충당문제가 압박이 심한편이고 야생동물 종류가 다양성이 부족한 편인데 풀이 조금 더 많아지면 좋겠네요.","생존 게임 류 중 에서 보기 드문 수작 입니다 , 필드 도 적당하게 넓구요 . 버그 도 매 업데이트 로 많이 개선 되었어요 . 인디 게임 중 에서 최적화 도 그렇게 나쁘진 않습니다 . 다만 아쉬운 점 은 식수 충당 문제 가 압박 이 심한 편이 고 야생동물 종류 가 다양성 이 부족한 편 인데 풀이 조금 더 많아지면 좋겠네요 .",2017-06-30 08:32:56
242760,The Forest,positive,끔찍한 게임... 때는 평범한 오후 - 한가롭게 리어카에 나무를 차곡차곡 쌓고 집으로 돌아왔습니다. 친구가 안보이길래 찾아보니 집앞에서 실실 웃으며 무언가를 만들고 있더군요. 다가가서 봣는데.... 꼬챙이에 시체 팔다리를 꽂으면서 그렇게 밝게 웃는 친구 웃음소리를 듣고나서... 저도 옆에 굴러다니는 머리하나를 이쁘게 꽂아주었습니다.,끔찍한 게임 ... 때 는 평범한 오후 - 한가롭게 리어카 에 나무 를 차곡차곡 쌓고 집 으로 돌아왔습니다 . 친구 가 안 보이길래 찾아보니 집앞 에서 실실 웃으며 무언가 를 만들고 있더군요 . 다가가서 봣는데 .... 꼬챙이 에 시체 팔다리 를 꽂으면서 그렇게 밝게 웃는 친구 웃음소리 를 듣고나서 ... 저 도 옆 에 굴러 다니는 머리 하나 를 이쁘게 꽂아주었습니다 .,2017-06-30 06:26:58
242760,The Forest,positive,조금 무서움,조금 무서움,2017-06-29 17:19:13
242760,The Forest,positive,토막,토막,2017-06-29 09:41:51
242760,The Forest,positive,스토리는 이미 유튜브로 보고 친구들을 모아서 플레이하고있다 이상하게 스토리 진행은 1도 안하고 뻘짓만 하고있는데 전혀 질리질 않는다 섬을 모험하면서 원주민들이 들려주는 노래도 듣고 그들의 도움으로 예술작품도 만들 수있는 정말 독특하면서도 재밌는 게임이다,스토리 는 이미 유튜브 로 보고 친구 들 을 모아서 플레이 하고있다 이상하게 스토리 진행 은 1 도 안 하고 뻘짓 만 하고있는데 전혀 질리질 않는다 섬 을 모험 하면서 원주민 들 이 들려주는 노래 도 듣고 그 들 의 도움 으로 예술 작품 도 만들 수 있는 정말 독특하면서도 재밌는 게임 이다,2017-06-28 23:58:59
242760,The Forest,positive,갓겜,갓 겜,2017-06-28 23:45:00
242760,The Forest,positive,그래픽이좋다.,그래픽 이 좋다 .,2017-06-28 09:03:08
242760,The Forest,positive,"인디 게임 치고 매우높은 작품성과 자유도에 경의를 표하며 아포칼립스는 아니지만 공상과학적인 소재를 이용해 게임을 완성해준것에 대해서는 좋게생각합니다만,재밌지만 할것이 그렇게많지는 않다는것과 엔딩의 현실에 대해 약간의 의문점을 가지며 게임의 리뷰를 마무리합니다. 그러나 멀티가 재밌어서 친구들과 같이하기엔 매우 적합한게임 인거 같습니다","인디 게임 치고 매우 높은 작품 성과 자유도 에 경의 를 표 하며 아포칼립스 는 아니지만 공 상과 학적 인 소재 를 이용 해 게임 을 완성 해준것에 대해 서는 좋게 생각 합니다만 , 재밌지만 할것이 그렇게 많지는 않다는것과 엔딩 의 현실 에 대해 약간 의 의문 점 을 가지 며 게임 의 리뷰 를 마무리 합니다 . 그러나 멀티 가 재밌어서 친구 들 과 같이 하기엔 매우 적합 한게임 인거 같습니다",2017-06-27 02:08:22
242760,The Forest,positive,꿀잼이네요,꿀 잼이네요,2017-06-25 13:50:00
242760,The Forest,positive,엄청 재밌음 혼자보다는 여럿이서 하면 즐거운게임 혼자하면 무서워 젠장,엄청 재밌음 혼자 보다는 여럿 이서 하면 즐거운 게임 혼자 하면 무서워 젠장,2017-06-25 03:20:34
242760,The Forest,positive,멀티세이브 지원좀..,멀티 세이브 지원 좀 ..,2017-06-24 20:22:43
242760,The Forest,positive,하루종일 해도 질리지 않는 꿀잼 2년전 쯤에 사논겜인데 계속 발전하고 있어서 기대가 큼,하루 종일 해도 질리 지 않는 꿀잼 2년 전 쯤 에 사 논겜 인데 계속 발전 하고 있어서 기대 가 큼,2017-06-23 13:51:35
242760,The Forest,positive,둘중 하나입니다. 혼자했을때 부정적이었고 접었습니다. 그러다가 같이하자고 해서 재밌어서 3일만에 클리어했네요.친구 없으면 하지마시구 친구있으면 하세요. 동굴 탐험하면서 친구랑 식인종 뜯어먹는 재미가 쏠쏠하지만 혼자서 하면 재미도 없고 집짓기도 빡십니다.,둘 중 하나 입니다 . 혼자 했을 때 부정 적 이었고 접었습니다 . 그러다가 같이 하자 고 해서 재밌어서 3일 만에 클리어 했네요 . 친구 없으면 하지마 시구 친구 있으면 하세요 . 동굴 탐험 하면서 친구 랑 식인종 뜯어 먹는 재미 가 쏠쏠하지만 혼자 서 하면 재미 도 없고 집짓기 도 빡십니다 .,2017-06-23 12:15:13
242760,The Forest,positive,친구 4명이서 이게임을 사고 그날 하루 7시간정도 달려서 모든 컨텐츠를 소모하고 다시는 이게임을 하지않았다고 한다...... 16000원이 저렴한것같지만..... 컨텐츠 부분에서 좀....미약합니다 그러나 종합적으로 따졋을떄 해볼만합니다 플탐 100시간도 많이한거라고 생각합니다;; 제점수는....7/10,친구 4 명 이서 이 게임 을 사고 그날 하루 7시간 정도 달려서 모든 컨텐츠 를 소모 하고 다시는 이 게임 을 하지 않았다고 한다 ...... 16000원 이 저렴한것 같지만 ..... 컨텐츠 부분 에서 좀 .... 미약 합니다 그러나 종합 적 으로 따졋을떄 해볼만 합니다 플 탐 100시간 도 많이 한 거 라고 생각 합니다 ;; 제 점수 는 .... 7/10,2017-06-21 20:32:38
242760,The Forest,positive,핵꿀잼,핵꿀잼,2017-06-18 14:11:27
242760,The Forest,positive,졸잼,졸잼,2017-06-18 00:49:19
242760,The Forest,positive,재밌는데 친구랑 멀티하면서 엔딩보려고 연구소 들어가는곳에서 지꾸 튕겨요. 그것만 고쳐줬으면 나름 괜찮은 게임일거같네요.,재밌는데 친구 랑 멀티 하면서 엔딩 보려고 연구소 들어가는 곳 에서 지 꾸 튕겨 요 . 그것 만 고쳐 줬으면 나름 괜찮은 게임 일거 같네요 .,2017-06-17 02:05:27
242760,The Forest,positive,의외로 재미있네요..;;;,의외로 재미있네요 ..;;;,2017-06-15 16:42:34
242760,The Forest,positive,오우예아,오우 예아,2017-06-14 22:25:46
242760,The Forest,positive,친구 3명정도와 하기에는 좋았던 게임 하다보니 시간도 금방가고 하지만. 오래하면 금방 질릴 게임 가끔씩 해야지 자주는 못할 게임. 러스트랑 이 겜이랑 고민하다가 이거 샀는데 후회까진 안되고 러스트까지 사고싶게 만들어지는 게임,친구 3 명 정도 와 하기에는 좋았던 게임 하다 보니 시간 도 금방 가고 하지만 . 오래 하면 금방 질릴 게임 가끔 씩 해야지 자주 는 못 할 게임 . 러스트 랑 이 겜 이랑 고민 하다가 이 거 샀는데 후회 까진 안되고 러스트 까지 사고싶게 만들어지는 게임,2017-06-14 01:09:29
242760,The Forest,positive,"[b]The Forest 게임 스토리[/b] 게임 플레이를 하면서 많은 단서를 모으고 정리해 주인공에게 닥쳐올 미래와 이 곳에 오기전 과거의 이야기를 알아가며 자신의 아들을 찾아야 하는 이야기 [b]The Forest 게임 설명[/b] 4년간의 얼리엑세스에도 불구하고 매우 좋은 평가를 받고 있다가 2018년 5월에 정식 발매되고 사운드, 생명체, 그림 등 다양한 업데이트가 있었으며 지금도 꾸준히 업데이트를 하고 있습니다. 게임 전체적인 내용이나 게임의 소재 또한 많은 유저분들이 좋아하시는 장르의 게임이라 재미있게 즐기실 수","[ b ] The Forest 게임 스토리 [/ b ] 게임 플레이 를 하면서 많은 단서 를 모으고 정리 해 주인공 에게 닥쳐올 미래 와 이 곳 에 오 기전 과거 의 이야기 를 알아가며 자신 의 아들 을 찾아야 하는 이야기 [ b ] The Forest 게임 설명 [/ b ] 4년 간의 얼리 엑세스 에도 불구 하고 매우 좋은 평가 를 받고 있다가 2018년 5월 에 정식 발매 되고 사운드 , 생명체 , 그림 등 다양한 업데이트 가 있었으며 지금 도 꾸준히 업데이트 를 하고 있습니다 . 게임 전체 적 인 내용 이나 게임 의 소재 또한 많은 유저 분들 이 좋아하시는 장르 의 게임 이라 재미있게 즐기실 수",2017-06-13 00:30:33
242760,The Forest,positive,good game,good game,2017-06-11 20:07:03
242760,The Forest,positive,당신이 카타나를 얻고 뼈창을만들고 만약 멀티플레이까지한다면 누가 식인종인지 구별이 안갈겁니다.,당신 이 카타나 를 얻고 뼈창 을 만들고 만약 멀티플레이 까지 한다면 누가 식인종 인지 구별 이 안 갈 겁니다 .,2017-06-11 14:18:55
242760,The Forest,positive,스토리도 좋고 재밌는게임 동굴에 들어갔을때 오싹오싹함이란.. 개꿀잼 게임,스토리 도 좋고 재밌는 게임 동굴 에 들어갔을 때 오싹오싹 함 이란 .. 개꿀잼 게임,2017-06-10 21:09:26
242760,The Forest,positive,게임 리뷰 처음 남겨보네요. 더포레스트는 스토리 위주로 플레이해도 재밌고 멀티로 다른 사람들과 집짓거나 원주민들하고 같이 뛰어 놀아도 재밌는.. 정말 컨텐츠가 풍부한 생존겜입니다. 오래 즐길 수 있는데다 가격도 저렴하니 꼭 구매해서 플레이 해보세요 :D,게임 리뷰 처음 남겨 보네요 . 더 포레스트 는 스토리 위주 로 플레이 해도 재밌고 멀티 로 다른 사람 들 과 집 짓거나 원주민 들 하고 같이 뛰어 놀아도 재밌는 .. 정말 컨텐츠 가 풍부한 생존 겜 입니다 . 오래 즐길 수 있는데다 가격 도 저렴하니 꼭 구매 해서 플레이 해보세요 : D,2017-06-10 00:30:08
242760,The Forest,positive,why you cant change versions,why you cant change versions,2017-06-09 17:05:38
242760,The Forest,positive,재밌는데 서버에 사람이 너무 없어요ㅠ,재밌는데 서버 에 사람 이 너무 없어요 ㅠ,2017-06-07 09:28:06
242760,The Forest,positive,두말할 필요없이 최고의 생존 공포게임 유일한 단점은 혼자할 땐 난이도가 좀 높은 편인데 한 명이라도 같이 하면 너무 쉬워지고 무서운 게 없다. 분명히 엔딩까지 나왔는데 왜 아직까지 얼리엑세스인지는....,두 말 할 필요없이 최고 의 생존 공포 게임 유일한 단점 은 혼자 할 땐 난이도 가 좀 높은 편 인데 한 명 이라도 같이 하면 너무 쉬워지고 무서운 게 없다 . 분명히 엔딩 까지 나왔는데 왜 아직 까지 얼리 엑세스 인 지는 ....,2017-06-06 14:58:56
242760,The Forest,positive,친구 한 명 내지 두 명 정도 팟 짜서 하면 재밌음. 혼자서 하는 것도 재밌긴 하지만 이 게임은 멀티를 위한 게임임ㅇㅇ 초반에는 조금 무섭고 쫄리는데 하다보면 익숙해져서 무쌍 찍음 제일 무서운 놈은 거미랑 살덩어린데 걔들도 좀 지나면 화염병 던지면서 데리고 놀 수 있음 초반에야 생존 위주로 게임을 하지만 후반 엔딩 보고 난 후부터는 건축 게임임 통나무 베는게 제일 지겹... 식인종들 죽이고 토막내서 토템 만드는 것도 재밌음 다리로 치마 만드는거 개꿀 아무튼 엔딩 보고 나면 좀 지루해지긴 하지만 집 짓고 생존하는 게임 좋아하면,친구 한 명 내지 두 명 정도 팟 짜서 하면 재밌음 . 혼자 서 하는 것 도 재밌긴 하지만 이 게임 은 멀티 를 위 한 게임 임 ㅇㅇ 초반 에는 조금 무섭고 쫄리는데 하다 보면 익숙해져서 무쌍 찍음 제일 무서운 놈 은 거미 랑 살덩 어린데 걔 들 도 좀 지나면 화염병 던지면서 데리 고 놀 수 있음 초반 에야 생존 위주 로 게임 을 하지만 후반 엔딩 보고 난 후 부터는 건축 게임 임 통나무 베는게 제일 지겹 ... 식인종 들 죽 이고 토막 내서 토템 만드는 것 도 재밌음 다리 로 치마 만드는거 개꿀 아무튼 엔딩 보고 나면 좀 지루해지긴 하지만 집 짓고 생존 하는 게임 좋아하면,2017-06-06 14:11:09
242760,The Forest,positive,좋아,좋아,2017-06-06 13:33:35
242760,The Forest,positive,생존겜 하실거면 이거 먼저 ㄱㄱㄱㄱㄱ,생존 겜 하실거면 이 거 먼저 ㄱㄱㄱㄱㄱ,2017-06-05 17:14:01
242760,The Forest,positive,무인도에 조난당하여 원주민을 먹고사는 주인공이 되는게임,무인도 에 조난 당하여 원주민 을 먹고사는 주인공 이 되는 게임,2017-06-04 23:19:19
242760,The Forest,positive,굳.,굳 .,2017-06-03 20:15:52
242760,The Forest,positive,직접클리어하기 귀찮으면 동영상이라도 보길바랍니다,직접 클리어 하기 귀찮으면 동영상 이라도 보길 바랍니다,2017-06-01 23:16:19
242760,The Forest,positive,"폴아웃처럼 아들내미 실종되어서 찾으러다니는 게임입니다. 다만 여기는 식인종이있네요. 스토리 내팽겨두고 아들 죽든살든 구워먹든 삶아먹든 신경 안쓰고 그냥 생존만 하셔도 무관합니다. 오히려 스토리 깨면 게임에 대한 흥미가 사라져서 할거 없을 때 스토리 깨는 것을 추천합니다. 정말 재밌게 플레이 하고싶으시면, 어떠한 공략도, 지도 사이트도 참고하지 않고 하시는걸 추천합니다. 사람 많으면 PVP도 할 수 있습니다.","폴아웃 처럼 아들내미 실종 되어서 찾으러 다니는 게임 입니다 . 다만 여기는 식인종 이 있네요 . 스토리 내 팽겨 두고 아들 죽든 살 든 구워 먹든 삶아 먹든 신경 안 쓰고 그냥 생존 만 하셔도 무관 합니다 . 오히려 스토리 깨면 게임 에 대한 흥미 가 사라져서 할거 없을 때 스토리 깨는 것 을 추천 합니다 . 정말 재밌게 플레이 하고싶으시면 , 어떠한 공략 도 , 지도 사이트 도 참고 하지 않고 하시는걸 추천 합니다 . 사람 많으면 PVP 도 할 수 있습니다 .",2017-06-01 20:38:14
242760,The Forest,positive,Bu oyunu almak isteyen arkadaşlar öncelikle şunu söyliyeyim saatlerce THE Forest oynmayı planlıyorsanız size 2 şey lazım 1. si minimum 3 kişi olucak bir arkadaş grubu diğeri ise iyi bir PC iyi bir pc dememin sebebi the forest dan sadece maximum ayarlarda çok zevk alırsın diğer türlü fazla zevk,Bu oyunu almak isteyen arkada ş lar ö ncelikle ş unu s ö yliyeyim saatlerce THE Forest oynmay ı planl ı yorsan ı z size 2 ş ey laz ı m 1 . si minimum 3 ki ş i olucak bir arkada ş grubu di ğ eri ise iyi bir PC iyi bir pc dememin sebebi the forest dan sadece maximum ayarlarda ç ok zevk al ı rs ı n di ğ er t ü rl ü fazla zevk,2017-05-31 20:15:25
242760,The Forest,positive,ㄱㅇㄷ 이겜 만육천에 샀는데 이만원댔넹,ㄱㅇㄷ 이 겜 만육천 에 샀는데 이만원 댔넹,2017-05-28 21:34:52
242760,The Forest,positive,데드 스페이스급 막장 엔딩 초반엔 생존게임인줄만 알았던 사람들에겐 아주 큰 충격이 됬을 엔딩.. 이때까지 고생한거 다말아먹는 엔딩... 그래도 재미는 있네,데드 스페이스 급 막장 엔딩 초반 엔 생존 게임 인 줄 만 알았던 사람 들 에겐 아주 큰 충격 이 됬을 엔딩 .. 이 때 까지 고생 한 거 다말 아 먹는 엔딩 ... 그래도 재미 는 있네,2017-05-28 21:32:12
242760,The Forest,positive,이미 충분히 훌륭한 엔딩이 나왔지만 아직 개발중이기 때문에 앞으로 어떤 컨텐츠가 더 추가될지 기대됨,이미 충분히 훌륭한 엔딩 이 나왔지만 아직 개발 중 이기 때문 에 앞 으로 어떤 컨텐츠 가 더 추가 될지 기대 됨,2017-05-27 22:27:11
242760,The Forest,positive,"""식인종이라니 그럼 사람을 먹는거야?"" ""보니까 막 걸어 놓기도 하던데"" ""으"" (한명은 식인종 사지 분해 해서 예술 작품 만들고 한명은 식인종 굽던중 나눈 대화)",""" 식인종 이라니 그럼 사람 을 먹는거야 ?"" "" 보 니까 막 걸어 놓 기도 하던데 "" "" 으 "" ( 한 명 은 식인종 사지 분해 해서 예술 작품 만들고 한 명 은 식인종 굽던 중 나눈 대화 )",2017-05-26 21:50:30
242760,The Forest,positive,ㅈ정품으로 샀는데 멀티가안되네요 왜이러죠?,ㅈ 정품 으로 샀는데 멀티 가 안되네요 왜 이러죠 ?,2017-05-26 20:28:51
242760,The Forest,positive,"아름다운 미술품을 제작하는 게임입니다 숲속 주민들과 함께 멋진 조형예술작품을 만들어 전시하는것이 게임의 주 목적인, 요즘들어 쉽게 볼 수 없는 독특한 게임이라고 할수 있습니다","아름다운 미술품 을 제작 하는 게임 입니다 숲속 주민 들 과 함께 멋진 조형예술 작품 을 만들어 전시 하는것이 게임 의 주 목적 인 , 요즘 들어 쉽게 볼 수 없는 독특한 게임 이라고 할수 있습니다",2017-05-23 17:00:55
242760,The Forest,positive,전체적으로 게임은 재밌는데 컨텐츠랑 엔딩좀 추가해줘,전체 적 으로 게임 은 재밌는데 컨텐츠 랑 엔딩 좀 추가 해줘,2017-05-22 16:09:26
242760,The Forest,positive,뀨작뀨작챱챱 역시 사람은 마시써,뀨작뀨작챱챱 역시 사람 은 마시 써,2017-05-22 10:36:06
242760,The Forest,positive,"지금까지 나는 3D 울렁증이라는게 글로만 있다고 생각 해왔던 사람 중 한명이었다. 얼마전 친구의 추천으로 인해(아, 물론 친구가 두명밖에 없지만 그마저도) 이 게임을 멀티로 하기 위해서 다운을 받았지. 외국에 살아본 적이 있으나 외국어를 존나 못한다는 단점을 가지고 있으므로 그냥저냥 한국에 살아가는 일반인과 비슷하다고 보면 되는데.. 내 친구가 말하길 ""이건 영어가 필요없다.""라는 말에 무슨 자신감인지 몰라도 비싼 돈 주고 다운을 받았더랬다.나는 게임이라면 무릇 평.화.와 정.의가 바탕으로 깔린 힐링게임이나 여성향처럼 존잘보스들","지금 까지 나 는 3 D 울 렁증 이라는 게 글 로만 있다고 생각 해왔던 사람 중 한 명 이었다 . 얼마 전 친구 의 추천 으로 인해 ( 아 , 물론 친구 가 두 명 밖에 없지만 그 마저도 ) 이 게임 을 멀티 로 하기 위해 서 다운 을 받았지 . 외국 에 살 아 본 적 이 있으나 외국어 를 존나 못 한다는 단점 을 가지 고 있으므로 그냥 저 냥 한국 에 살아가는 일반인 과 비슷하다고 보면 되는데 .. 내 친구 가 말 하길 "" 이건 영어 가 필요없다 ."" 라는 말 에 무슨 자신감 인지 몰라도 비싼 돈 주고 다운 을 받았더랬다 . 나 는 게임 이 라면 무릇 평 . 화 . 와 정 . 의 가 바탕 으로 깔린 힐링 게임 이나 여성향 처럼 존잘 보스 들",2017-05-22 03:24:44
242760,The Forest,positive,잼,잼,2017-05-17 18:24:35
242760,The Forest,positive,"블랙옵스3, 레지던트 이블, 하프라이프, 포탈 그리고 더포레스트 이들의 공통점은 이 모든 엿같은 일들이 다 악덕기업이 원인이다.","블랙 옵스 3 , 레지던트 이블 , 하프라이프 , 포탈 그리고 더 포레스트 이 들 의 공통점 은 이 모든 엿같 은 일 들 이 다 악덕 기업 이 원인 이다 .",2017-05-15 07:58:03
242760,The Forest,positive,누가 식인종이지?,누가 식인종 이지 ?,2017-05-13 20:33:06
242760,The Forest,positive,동굴 너무 어두웡,동굴 너무 어두웡,2017-05-13 15:11:52
242760,The Forest,positive,재밌어요,재밌어요,2017-05-13 11:28:51
242760,The Forest,positive,저 친구랑 멀티 하던게 있는데 그걸 하려니깐시간이 지나서 못들어간다고 안 된다고 하네요30분 동안 해도 안되요 어떻하죠?게임은 참 재밌습니다! 얼마전에 샀어요!,저 친구 랑 멀티 하던게 있는데 그걸 하려니깐 시간 이 지나서 못 들어간다고 안 된다고 하네요 30분 동안 해도 안되요 어떻하죠 ? 게임 은 참 재밌습니다 ! 얼마 전 에 샀어요 !,2017-05-09 22:08:37
242760,The Forest,positive,잼잼,잼잼,2017-05-03 19:42:16
242760,The Forest,positive,코옵으로 하면 쌉 꾸우울잼입니다,코옵 으로 하면 쌉 꾸우울 잼 입니다,2017-05-03 17:49:31
242760,The Forest,positive,좋군. 한글도 됐으면..,좋군 . 한글 도 됐으면 ..,2017-05-01 10:11:09
242760,The Forest,positive,역시 저는 너무 쫄보고 처음 며칠은 괜찮았는데 돌연변이들 나오니까 너무 쫄려서 죽을 거 같았어요 피스풀 모드로 부서진 건물 다시 지을 거예요 울분의 재건축 타임... 작년에 했을 때는 이렇게 안 빡셨는데 이거 싱글로는 어떻게 하나 무섭네요.... 그래도 재미있어요 버그가 좀 있지만 어찌저찌 건축하고 식인종 슬레이어 되는 기분 짱짱맨,역시 저 는 너무 쫄보 고 처음 며칠 은 괜찮았는데 돌연변이 들 나오니까 너무 쫄려 서 죽 을 거 같았어요 피스 풀 모드 로 부서진 건물 다시 지을 거 예요 울분 의 재건축 타임 ... 작년 에 했을 때 는 이렇게 안 빡셨는데 이 거 싱글 로는 어떻게 하나 무섭네요 .... 그래도 재미있어요 버그 가 좀 있지만 어찌저찌 건축 하고 식인종 슬레이어 되는 기분 짱짱맨,2017-04-29 03:09:28
242760,The Forest,positive,갓겜,갓 겜,2017-04-26 10:49:39
242760,The Forest,positive,이거 갓겜임 친구들과 같이하면 ㄹㅇ킹갓겜됨,이 거 갓 겜임 친구 들 과 같이 하면 ㄹㅇ 킹 갓 겜 됨,2017-04-24 15:19:06
242760,The Forest,positive,얼리억세스라 그런지 잔버그가 많았지만 코옵으로 플레이해서 아주 재밌게 했습니당 엔딩도 나름 충격적이었고 여태껏 해본 생존게임중 크래프팅이 제일 재밌었음 추천합니다 갓갓겜,얼리 억 세 스 라 그런지 잔 버그 가 많았지만 코옵 으로 플레이 해서 아주 재밌게 했 습 니당 엔딩 도 나름 충격 적 이었고 여태껏 해본 생존 게임 중 크 래프팅 이 제일 재밌었음 추천 합니다 갓 갓 겜,2017-04-22 06:56:25
242760,The Forest,positive,덩치큰애들을 불로 지지기 개꿀잼ㅋㅋㅋㅋ,덩치 큰 애 들 을 불로 지 지기 개꿀잼 ㅋㅋㅋㅋ,2017-04-21 12:50:17
242760,The Forest,positive,그냥 갓겜,그냥 갓 겜,2017-04-21 04:04:29
242760,The Forest,positive,멀티 할때 자신 소유물로 못가져가는 시스템이 있으면 좋겠습니다 그리고 한국어좀 지원해주세요 버그좀 어떻게좀해주세요. Adorable18 무고벤 먹이는 사람입니다조심하십시오 (진짜 레알 갓겜입니다 소유물 패치해주면좋겠네요 ),멀티 할 때 자신 소 유물 로 못 가져가는 시스템 이 있으면 좋겠습니다 그리고 한국어 좀 지원 해주세요 버그 좀 어떻게 좀 해주세요 . Adorable 18 무고 벤 먹이는 사람 입니다 조심하십시오 ( 진짜 레알 갓 겜 입니다 소 유물 패치 해주면 좋겠네요 ),2017-04-20 18:49:12
242760,The Forest,positive,나중엔 내가 식인종인지 식인종이 난지 구분이 안된다. 핵젼잼 꾸르잼,나중 엔 내 가 식인종 인지 식인종 이 난 지 구분 이 안된다 . 핵젼잼 꾸르잼,2017-04-17 14:49:33
242760,The Forest,positive,god game,god game,2017-04-15 15:05:47
242760,The Forest,positive,갓겜 추천합니다 빨리 정식 판 나왓으면 좋겠네요,갓 겜 추천 합니다 빨리 정식 판 나왓으 면 좋겠네요,2017-04-15 15:05:06
242760,The Forest,positive,무서웡 근데 친구들이랑 하면재밋겟다 다만 혼자선 무서워.. 지나가는 토끼만봐도 지릴꺼같음,무서웡 근데 친구 들 이랑 하면재밋겟다 다만 혼자 선 무서워 .. 지나가는 토끼 만 봐도 지릴꺼 같음,2017-04-13 15:34:42
242760,The Forest,positive,Good!,Good !,2017-04-11 19:14:54
242760,The Forest,positive,친구들이랑 같이 할만했고 스토리깨는것도 재밌었습니다,친구 들 이랑 같이 할만 했고 스토리 깨는것도 재밌었습니다,2017-04-10 18:35:38
242760,The Forest,positive,님Mr. jejak : I am.While I was playing the forest.There is no steam.It was coming ......By steam. Entering ...No ...How can I fix it? !!,님 Mr . jejak : I am . While I was playing the forest . There is no steam . It was coming ...... By steam . Entering ... No ... How can I fix it ? !!,2017-04-10 17:34:39
242760,The Forest,positive,"이 게임이 처음에 나왔을 때는 멀티도 안됐었고, 무서운 사운드와 무서운 환경속에서 혼자서 플레이해야한다는것이 너무나도 외롭고 무서워서 2시간도채 채우지 못하고 잠시 접어놨었던 게임이었습니다만, 최근 개발자의 업데이트 후, 협동모드가 가능하고, '러스트'처럼 단순 생존게임이아니라 엔딩이있는 매우 고퀄리티의 게임으로 재조명을 받고있기에 친구들과함께 의기투합하여 엔딩까지 보게되었습니다. 결론부터 말하자면, 이 게임은 갓게임입니다.. 여러분은 아직까지도 이 게임이 생존게임이라고 생각하시나요? 혹시 푸르른 숲속과 순수한 자연환경에 그만","이 게임 이 처음 에 나왔을 때 는 멀티 도 안 됐었고 , 무서운 사운드 와 무서운 환경 속 에서 혼자 서 플레이 해야 한다는 것 이 너무나도 외 롭고 무서워서 2시간 도채 채우지 못 하고 잠시 접어놨었던 게임 이었습니다만 , 최근 개발자 의 업데이트 후 , 협동 모드 가 가능하고 , ' 러스트 ' 처럼 단순 생존 게임 이 아니라 엔딩 이 있는 매우 고 퀄리티 의 게임 으로 재 조명 을 받고있기에 친구 들 과 함께 의기 투합 하 여 엔딩 까지 보게 되었습니다 . 결론 부터 말 하자면 , 이 게임 은 갓 게임 입니다 .. 여러분 은 아직 까지도 이 게임 이 생존 게임 이라고 생각 하시나요 ? 혹시 푸르른 숲속 과 순수한 자연환경 에 그만",2017-04-09 20:44:56
242760,The Forest,positive,"내가 멀티 게임 중 두번째로 산 게임. 혼자하면 정말 심심하지만 친구들끼리 플레이하면 재미가 2배, 아니 그 이상이 되는 게임.","내 가 멀티 게임 중 두번째 로 산 게임 . 혼자 하면 정말 심심하지만 친구 들 끼리 플레이 하면 재미 가 2 배 , 아니 그 이상 이 되는 게임 .",2017-04-09 15:13:23
242760,The Forest,positive,갓겜,갓 겜,2017-04-08 21:33:18
242760,The Forest,positive,정말 재밌지만 버그는 어쩔수없나보군요혼자하기엔 무서운 ..,정말 재밌지만 버그 는 어쩔 수 없나 보군요 혼자 하기엔 무서운 ..,2017-04-08 11:01:48
242760,The Forest,positive,가성비 뛰어나고 일단 끝이 있기때문에 재밋게 할 수 있음,가성 비 뛰어나고 일단 끝 이 있기 때문 에 재밋 게 할 수 있음,2017-04-08 00:11:14
242760,The Forest,positive,한국어 패치좀 해줘요,한국어 패치 좀 해줘요,2017-04-06 20:24:47
242760,The Forest,positive,할만함 동굴들어가서는 약간 소름돋음 돌연변이 나와서 ㄷㄷ 요번에 엔딩 이나와서 더욱 재미가있었다,할만 함 동굴 들어가서는 약간 소름 돋음 돌연변이 나와서 ㄷㄷ 요 번 에 엔딩 이나 와 서 더욱 재미 가 있었다,2017-04-03 17:27:07
242760,The Forest,positive,엔딩은 둘째치고 그냥 친구끼리 집만들고 생존하면서 분위기 타는게 재밌음 강추,엔딩 은 둘째 치고 그냥 친구 끼리 집 만들고 생존 하면서 분위기 타는게 재밌음 강추,2017-03-31 21:12:05
242760,The Forest,positive,즐거운 토막살인,즐거운 토막살인,2017-03-31 18:27:09
242760,The Forest,positive,이게임은 너무불친절하네요 그래서 재미있습니다 하나하나씩 찾아가는 재미가 있습니다 그리고 스토리도 재밌네요,이 게임 은 너무 불친절하네요 그래서 재미있습니다 하나 하나 씩 찾아가는 재미 가 있습니다 그리고 스토리 도 재밌네요,2017-03-30 22:42:10
242760,The Forest,positive,재밋 잔인하긴하지만,재밋 잔인하긴하지만,2017-03-28 23:40:46
242760,The Forest,positive,재밌다! 나한테 딱이다. 지속적으로 이렇게 집중하면서 할 수 있는 게임이 몇개나 있을까 아직도 밤에 다닐때 긴장하고 깜짝 깜짝 놀란다. 적이 분명 쎈건 아닌데 마주하고 있으면 소름이 쫙 돋는다. 방금 하드 모드로 미루던 엔딩을 봤습니다. 자잘한 버그가 있지만(특히 submerged cave 에서 to do list 완료 안되는거) 플레이 하는데는 지장 없을정도고 엔딩도 맘에 들었습니다. 어느 정도 예상은 했지만... 아쉬운 점을 꼽자면 너무 짧다는거... 좀 더 플레이 타임이 길었으면 더 좋았을텐데,재밌다 ! 나 한테 딱이다 . 지속 적 으로 이렇게 집중 하면서 할 수 있는 게임 이 몇개 나 있을까 아직도 밤 에 다닐 때 긴장 하고 깜짝 깜짝 놀란다 . 적 이 분명 쎈건 아닌데 마주 하고 있으면 소름 이 쫙 돋는다 . 방금 하드 모드 로 미루던 엔딩 을 봤습니다 . 자잘한 버그 가 있지만 ( 특히 submerged cave 에서 to do list 완료 안되는거 ) 플레이 하는데는 지장 없을 정도 고 엔딩 도 맘 에 들었습니다 . 어느 정도 예상 은 했지만 ... 아쉬운 점 을 꼽자 면 너무 짧다는거 ... 좀 더 플레이 타임 이 길었으면 더 좋았을텐데,2017-03-28 18:35:39
242760,The Forest,positive,말이필요없다 엔딩만38번째 보는중 아무리해도 질리지가않는다 멀티 개추천!,말 이 필요없다 엔딩 만 38 번째 보는 중 아무 리해 도 질리지가 않는다 멀티 개 추천 !,2017-03-27 22:24:57
242760,The Forest,positive,같이하면 재밌는데 혼자하니까 줜나게 무서움,같이 하면 재밌는데 혼자 하 니까 줜나 게 무서움,2017-03-25 17:01:03
242760,The Forest,positive,버그만 조금 고쳐주면 진짜 생존게임의 갓겜,버그 만 조금 고쳐주면 진짜 생존 게임 의 갓 겜,2017-03-22 20:03:24
242760,The Forest,positive,이 더 포레스트라는 게임의 평가는 게임은 괜찮았지만 운영자 들이 도대체 동굴을 어디다가 숨겨놨는지 모르겠고 한국어면 좋겠고 많이 하다 보면 머리가 아픈 게임 입니다 결론 피파 하로 가야지,이 더 포레스트 라는 게임 의 평가 는 게임 은 괜찮았지만 운영자 들이 도대체 동굴 을 어디 다가 숨겨놨는지 모르겠고 한국어 면 좋겠고 많이 하다 보면 머리 가 아픈 게임 입니다 결론 피파 하 로 가야 지,2017-03-19 13:42:19
242760,The Forest,positive,The Forest에서는 외지인이 식인종을 식인합니다!,The Forest 에서는 외지 인 이 식인종 을 식인 합니다 !,2017-03-18 17:25:08
242760,The Forest,positive,같이하면 개꿀잼!,같이 하면 개꿀잼 !,2017-03-18 08:31:24
242760,The Forest,positive,최고의 멀티게임,최고 의 멀티 게임,2017-03-17 22:23:58
242760,The Forest,positive,친구랑 하면 안질린다,친구 랑 하면 안질린다,2017-03-16 23:10:46
242760,The Forest,positive,역시 ! 애아빠 게임!!,역시 ! 애 아빠 게임 !!,2017-03-12 23:03:32
242760,The Forest,positive,깨고나면 현타오는 게임. 내용 소름ㅋㅋㅋ,깨고나면 현 타오 는 게임 . 내용 소름 ㅋㅋㅋ,2017-03-12 22:14:50
242760,The Forest,positive,Good,Good,2017-03-12 18:39:52
242760,The Forest,positive,여러분 사진과 트레일러에 신경쓰지마십시오 굳이 집이란걸 짓지 않아도 알몸으로 친구 한명이랑 듀오로 2시간정도 스토리에 전념하면 클리어가 된답니다 예전에 비하면 엄청나게 바뀌고 개선된 점이 많아서 재밌게 플레이했습니다 친구랑 같이 동굴탐험 간다면 돌연변이한테 깜짝놀라서 즐거운 추억도 만들수 있을겁니다,여러분 사진 과 트레일러 에 신경 쓰지 마십시오 굳이 집 이란 걸 짓지 않아도 알몸 으로 친구 한 명 이랑 듀오 로 2시간 정도 스토리 에 전념 하면 클리어 가 된답니다 예전 에 비 하면 엄청나게 바뀌고 개선 된 점 이 많아서 재밌게 플레이 했습니다 친구 랑 같이 동굴탐험 간다 면 돌연변이 한테 깜짝 놀라서 즐거운 추억 도 만들수 있을 겁니다,2017-03-10 19:54:07
242760,The Forest,positive,저한테 딱 맞는 게임이네요 지속적인 업데이트 기대합니다 good :),저 한테 딱 맞는 게임 이네 요 지속 적 인 업데이트 기대합니다 good :),2017-03-09 07:45:17
242760,The Forest,positive,재밌습니다! 처음엔 식인종 한마리 못죽였지만 지금은 언제 식인종이 처들어올까 너무 기대됩니다!,재밌습니다 ! 처음 엔 식인종 한 마리 못 죽였지만 지금 은 언제 식인종 이 처 들어올까 너무 기대 됩니다 !,2017-03-08 02:15:04
242760,The Forest,positive,"나는 개인적으로 폴아웃4를 엄청 사랑하는데, 이 게임을 하면서 집도 짓고, 적을(?) 죽이고, 숨겨진 장소에 도착해서 잃어버렸던 아들을 만나야하다보니 게임을 하는 내내 미니멀한(맞는 표현인지 모르겠지만) 폴아웃4를 플레이하는 기분. 그만큼 게임 자체는 재밌다는 얘기를 하고 싶음. 하지만, 일단 엔딩 이후 게임 플레이의 목적이 딱히 없다는게 현재 가장 큰 단점이라고 생각함. 그 외에 다양한 방법으로 좀비를 사냥한다거나 나만의 멋진 집을 짓는다거나 하는 현재 제공된 컨텐츠들은 모두 만족스러움. 결론은, 얼리 억세스이니만큼 더 좋은","나 는 개인 적 으로 폴아웃 4 를 엄청 사랑 하는데 , 이 게임 을 하면서 집도 짓고 , 적 을 (?) 죽 이고 , 숨겨진 장소 에 도착 해서 잃어버렸던 아들 을 만나야하다 보니 게임 을 하는 내내 미니 멀한 ( 맞는 표현 인지 모르겠지만 ) 폴아웃 4 를 플레이 하는 기분 . 그만큼 게임 자체 는 재밌다는 얘기 를 하고 싶음 . 하지만 , 일단 엔딩 이후 게임 플레이 의 목적 이 딱히 없다는게 현재 가장 큰 단점 이라고 생각 함 . 그 외 에 다양한 방법 으로 좀비 를 사냥 한다거나 나 만의 멋진 집 을 짓는다거나 하는 현재 제공 된 컨텐츠 들 은 모두 만족스러 움 . 결론 은 , 얼리 억 세 스 이니 만큼 더 좋은",2017-03-06 01:56:11
242760,The Forest,positive,ang gi mo,ang gi mo,2017-03-05 14:35:42
242760,The Forest,positive,혼자하면 먹히고 같이하면 먹는다.,혼자 하면 먹히고 같이 하면 먹는다 .,2017-03-05 10:03:08
242760,The Forest,positive,다 재밌고 좋은데 가끔씩 버그가 너무많아서 좀 힘들어요..,다 재밌고 좋은데 가끔 씩 버그 가 너무 많아서 좀 힘들어요 ..,2017-03-04 16:23:52
242760,The Forest,positive,서바이벌의 정석,서바이벌 의 정석,2017-03-02 23:29:24
242760,The Forest,positive,재미있네요,재미있네요,2017-03-02 01:00:50
242760,The Forest,positive,동물들이 더 추가되었으면 좋겠어요 이를테면 말과 같은 이동수단으로 쓸수있는 동물들이 생겼으면 좋겠습니다. 이동하는데 시간 다쓰는듯 싶습니다ㅇㅇ 스테미너도 달리고 ㅜㅜ여튼 갓겜인듯,동물 들 이 더 추가 되었으면 좋겠어요 이를테면 말 과 같은 이 동 수단 으로 쓸수있는 동물 들 이 생겼으면 좋겠습니다 . 이동 하는데 시간 다 쓰는듯 싶습니다 ㅇㅇ 스테미너 도 달리 고 ㅜㅜ 여 튼 갓 겜 인 듯,2017-03-01 13:18:59
242760,The Forest,positive,very nice game,very nice game,2017-02-28 23:16:37
242760,The Forest,positive,무섭고 재미있다.,무섭고 재미있다 .,2017-02-27 20:53:19
242760,The Forest,positive,장점 - 최적화 - 모션이나 물리엔진 양호 - 코옵 서버 양호 - 몸이 젖는다거나 피를 뒤집어써서 씻어내야하는 고증이 나름 디테일함. 단점 - 단점이 너무 쓰고싶어서 장점에 손이 안감. 스토리는 뭔가 키포인트나 단서가 부족하여 진행하기 힘들고 막무가내로 섬 모든 지역을 탐방해야만 함 근데 주인공은 노트에 해야할 일은 우등생처럼 잘 휘갈기면서 지도하나 그릴줄모르는 모자란 이중성을 가짐 지도와 나침반을 어찌어찌 구하면 지도를 그려가면서 맵을 탐방하고 여기저기 생존지도 늘리면서 점차 이 섬을 내 식민지로 만들어야겠다는 생각때문에,장점 - 최적화 - 모션 이나 물리엔진 양호 - 코옵 서버 양호 - 몸 이 젖는다거나 피 를 뒤집어 써서 씻어내 야하는 고증 이 나름 디테 일 함 . 단점 - 단점 이 너무 쓰고싶어서 장점 에 손 이 안감 . 스토리 는 뭔가 키포인트 나 단서 가 부족하여 진행 하기 힘들고 막무가내 로 섬 모든 지역 을 탐방 해야만 함 근데 주인공 은 노트 에 해야 할 일 은 우등 생 처럼 잘 휘 갈기 면서 지도 하나 그릴줄 모르는 모자란 이중성 을 가짐 지도 와 나침반 을 어찌어찌 구 하면 지도 를 그려가면서 맵 을 탐방 하고 여기저기 생존 지도 늘리면서 점차 이 섬 을 내 식민지 로 만들어야겠다는 생각 때문 에,2017-02-27 17:33:27
242760,The Forest,positive,캐릭터육성의 부재가 좀 아쉬움. 나무하고 나르고 하는데 힘은 왜안쎄지고 열라뛰어다니는데 스태미너는 왜증가안하고...,캐릭터 육 성의 부재 가 좀 아쉬움 . 나무 하고 나르고 하는데 힘 은 왜안 쎄지고 열 라 뛰어다니는데 스태미너 는 왜 증가 안 하고 ...,2017-02-27 12:44:49
242760,The Forest,positive,4명이서 만들었다기엔 믿겨지지 않을 정도의 그래픽 그리고 휼륭한 스토리 라인 그리고 엄청난 현실성......... 생존게임으로선 거의 최강이지만 뭔가가 되게 반복적인 플레이가 없지않아 있는것 같음 하면 할수록 끌리지가 않고 슬슬 질리기 시작함 그 부분이 너무 아쉬움 총 평(6.5/10),4 명 이서 만들었 다기 엔 믿 겨지지 않을 정도 의 그래픽 그리고 휼륭한 스토리 라인 그리고 엄청난 현실 성 ......... 생존 게임 으로선 거의 최강 이지만 뭔가 가 되게 반복 적 인 플레이 가 없지 않아 있는것 같음 하면 할수록 끌리지가 않고 슬슬 질리기 시작 함 그 부분 이 너무 아쉬움 총 평 ( 6.5 / 10 ),2017-02-27 00:07:43
242760,The Forest,positive,긴가민가하면 사십시오 만육천원값은 합니다 단 친구 꼬셔서 같이 안살거면 사지마셈ㅋㅋ 한글채팅이 불편해서 멀티할때 좀 힘들더라고요,긴가민가하면 사십 시오 만육천원 값 은 합니다 단 친구 꼬셔 서 같이 안 살거면 사지마 셈 ㅋㅋ 한글 채팅 이 불편해서 멀티 할 때 좀 힘들더라고요,2017-02-26 22:35:52
242760,The Forest,positive,얼리엑세스 때 버그 좀 많았지만 좋은 몰입감에 생존 느낌이라 좋았음 정식 출시 되니 더 갓겜 ㅅㄱ,얼리 엑세스 때 버그 좀 많았지만 좋은 몰입 감 에 생존 느낌 이라 좋았음 정식 출시 되니 더 갓 겜 ㅅㄱ,2017-02-25 22:37:48
242760,The Forest,positive,좋습니다 그러나 새로운게임을 누르면 가끔씩 데이터파일에 오류가 있어서 게임실행에 방해가 되는 경우가 있더라구요 그래서 좀 불만스럽지만 그래도 고치고 나서하면 재미있습니다,좋습니다 그러나 새로운 게임 을 누르면 가끔 씩 데이터 파일 에 오류 가 있어서 게임 실행 에 방해 가 되는 경우 가 있더라구요 그래서 좀 불만 스럽지 만 그래도 고치 고 나서하면 재미있습니다,2017-02-25 08:47:22
242760,The Forest,positive,"다운도 다 받았고,, 몇 분 플레이 했는데.. 식인종과 싸우고 싶지 않다.","다운 도 다 받았고 ,, 몇 분 플레이 했는데 .. 식인종 과 싸우고 싶지 않다 .",2017-02-23 10:34:12
242760,The Forest,positive,개인적으로 진짜 재밌었음. 근데 오류인지 뭔지 최종보스 죽이고 물들어갔는데 익사함. 그것떔에 접었었음,개인 적 으로 진짜 재밌었음 . 근데 오류 인지 뭔 지 최종 보스 죽 이고 물 들어갔는데 익사 함 . 그것떔 에 접었었음,2017-02-22 19:22:31
242760,The Forest,positive,이겜을 하다보니 점점 이 섬의 주인은 나고 식인종은 침략자라는 것을 알게된다,이 겜 을 하다 보니 점점 이 섬 의 주인 은 나고 식인종 은 침략 자 라는 것 을 알 게 된다,2017-02-22 03:56:37
242760,The Forest,positive,dadadadsadad,dadadadsadad,2017-02-21 20:22:11
242760,The Forest,positive,식인종이 미쳐날뛰는게임,식인종 이 미쳐 날뛰는 게임,2017-02-20 18:11:18
242760,The Forest,positive,이거하느라 무서워서 잠 못잤네,이거하느라 무서워서 잠 못잤네,2017-02-19 14:56:06
242760,The Forest,positive,더포레스트는 같이해야 안무서움 ㅠㅠㅠ 같이할분 친추좀,더 포레스트 는 같이 해야 안 무서움 ㅠㅠㅠ 같이 할 분 친추 좀,2017-02-17 22:40:37
242760,The Forest,positive,이젠 식인종 없인 살 수 없는 몸이 되버렷!!!,이 젠 식인종 없인 살 수 없는 몸 이 되버렷 !!!,2017-02-17 21:09:05
242760,The Forest,positive,"일단 낮은 사양에 퀄리티는 상당히 괜찮습니다 렉이 약간씩 걸리는 느낌은 받으실 수 있으시겠지만 식인종들의 퀄리티도 나쁘지 않지만 혼자하기에는 지루한감이 없지 않아 있고 친구들과 함께 플레이한다면 충분히 재미있는게임입니다 노말 모드 기준으로 2인이상하셔도 충분히 쉽게 클리어가능하시고 하드모드도 노말모드를 클리어하셨다면 더더욱 쉽게 클리어 하실수있으실듯 합니다 또한 자기자신이 3D게임,오버워치등 3D게임 같은것을할때 멀미가 심하다 하시는분들은 계정을 빌려서 플레이해보는것도 좋은방법이라고 생각합니다","일단 낮은 사양 에 퀄리티 는 상당히 괜찮습니다 렉 이 약간 씩 걸리는 느낌 은 받으실 수 있으시겠지만 식인종 들 의 퀄리티 도 나쁘지 않지만 혼자 하기에는 지루한 감 이 없지 않아 있고 친구 들 과 함께 플레이 한다면 충분히 재미있는 게임 입니다 노말 모드 기준 으로 2 인 이상하셔도 충분히 쉽게 클리어 가능하시고 하드 모드 도 노말 모드 를 클리어 하셨다면 더 더욱 쉽게 클리어 하실수있으실듯 합니다 또한 자기 자신 이 3 D 게임 , 오버 워치 등 3 D 게임 같은것을 할 때 멀미 가 심하다 하시는 분 들 은 계정 을 빌려서 플레이 해보는것도 좋은 방법 이라고 생각 합니다",2017-02-16 18:01:10
242760,The Forest,positive,very nice,very nice,2017-02-16 15:34:49
242760,The Forest,positive,이게임 재밋게 햇네요.,이 게임 재밋 게 햇 네 요 .,2017-02-16 06:57:48
242760,The Forest,positive,꿀잼 이네요 ^^ 친구랑 하니 꿀을 좸,꿀잼 이네요 ^^ 친구 랑 하니 꿀 을 좸,2017-02-15 21:57:14
242760,The Forest,positive,재밌어요!,재밌어요 !,2017-02-15 19:27:20
242760,The Forest,positive,진짜 이거 재미없다는사람 거짓말쟁이 임 진짜 해보면 아는데 정말 재미잇음 진짜 추천함,진짜 이 거 재미없다는 사람 거짓말쟁이 임 진짜 해보면 아는데 정말 재미 잇음 진짜 추천 함,2017-02-15 11:09:47
242760,The Forest,positive,아몰랑,아 몰랑,2017-02-15 00:25:28
242760,The Forest,positive,게임 자체는 재미가 있으나 멀티 플레이 서버 연결이 최악입니다. 서버 개선만 잘 되었으면 좋겠네요.,게임 자체 는 재미 가 있으나 멀티 플레이 서버 연결 이 최악 입니다 . 서버 개선 만 잘 되었으면 좋겠네요 .,2017-02-14 21:00:26
242760,The Forest,positive,한국어패치좀요..ㅎㅎ,한국어 패치 좀 요 .. ㅎㅎ,2017-02-14 16:59:34
242760,The Forest,positive,꿀잼,꿀잼,2017-02-14 07:42:30
242760,The Forest,positive,추천,추천,2017-02-11 23:15:12
242760,The Forest,positive,"제가 리뷰 남기는 건 이 게임이 처음인데 완전 재밌습니다. 생존 게임 많이 해봤는데 이렇게 재밌는 게임은 처음이네요. 직관적이고 알기 쉽게 만들어 놨으며, 게임 분위기와 적당한 공포심이 너무 마음에 듭니다. 적극 추천!","제 가 리뷰 남기는 건 이 게임 이 처음 인데 완전 재밌습니다 . 생존 게임 많이 해봤는데 이렇게 재밌는 게임 은 처음 이네 요 . 직관 적 이고 알기 쉽게 만들어 놨으 며 , 게임 분위기 와 적당한 공 포심 이 너무 마음 에 듭니 다 . 적극 추천 !",2017-02-11 11:40:43
242760,The Forest,positive,내 인사는 도끼질이야,내 인사 는 도끼 질 이야,2017-02-11 10:02:01
242760,The Forest,positive,무섭지만 재미있었따,무섭지만 재미있었 따,2017-02-11 03:30:23
242760,The Forest,positive,게임자체는 되게 재밌는데 동굴탐험할때 너무 어두워서 겁나쫄림ㄷㄷ,게임 자체 는 되게 재밌는데 동굴탐험 할 때 너무 어두워서 겁나쫄림 ㄷㄷ,2017-02-11 02:09:13
242760,The Forest,positive,원주민이 나쁜놈인지 내가 나쁜놈인지 식인종을 식인하는 게임,원주민 이 나쁜 놈 인지 내 가 나쁜 놈 인지 식인종 을 식인 하는 게임,2017-02-09 22:34:32
242760,The Forest,positive,아직은 개발중이니 할 컨텐츠가 적다는게 슬픔,아직 은 개발 중 이니 할 컨텐츠 가 적다는게 슬픔,2017-02-09 13:47:36
242760,The Forest,positive,지인이랑 하면서 잡버그는 조금 있었지만 돌연변이 농락하는맛에 마음을 빼앗긴 갓겜이다,지인 이랑 하면서 잡 버그 는 조금 있었지만 돌연변이 농락 하는 맛 에 마음 을 빼앗긴 갓 겜 이다,2017-02-09 10:20:22
242760,The Forest,positive,엔딩진짜 핵소름 친구들이랑 피시방에서 했는데 전부 소름돋아서 펩시콜라 마셨습니다.,엔딩 진짜 핵 소름 친구 들 이랑 피시방 에서 했는데 전부 소름 돋아서 펩시콜라 마셨습니다 .,2017-02-08 03:23:13
242760,The Forest,positive,컨텐츠 부족이 조금 아쉽지만 친구들과 즐겁게 식인종 놀이를 할 수 있다.!,컨텐츠 부족 이 조금 아쉽지만 친구 들 과 즐겁게 식인종 놀이 를 할 수 있다 .!,2017-02-07 20:15:29
242760,The Forest,positive,비매너 유저 꾀 많은거 빼고는 아는 사람들끼리 하면 재밌어요 ㅎㅎ,비 매너 유저 꾀 많은거 빼고는 아는 사람 들 끼리 하면 재밌어요 ㅎㅎ,2017-02-07 13:38:57
242760,The Forest,positive,이게 인디게임? 유비보다 게임더 잘만드네.,이 게 인디 게임 ? 유비 보다 게임 더 잘만드 네 .,2017-02-07 06:45:07
242760,The Forest,positive,Big Picture,Big Picture,2017-02-06 13:17:33
242760,The Forest,positive,무인도 생존 서바이벌 +멘붕,무인도 생존 서바이벌 + 멘붕,2017-02-05 16:39:01
242760,The Forest,positive,굿,굿,2017-02-04 22:10:26
242760,The Forest,positive,ssssssssss,ssssssssss,2017-02-04 01:14:30
242760,The Forest,positive,리얼 리 티 쩔 어,리얼 리 티 쩔 어,2017-02-03 23:19:57
242760,The Forest,positive,"[h1][i]일루 드루와, 드루와 이 쒸밸늠들아 드루와! 와![/i][/h1] 솔플땐 바람소리만 들려도 사시나무마냥 벌벌 떠는데 코옵하면 분위기가 싸악 바뀐다. 그냥 친구랑 뭐만 해도 웃기고 즐겁다ㅋㅋ 더포레스트 후속작 나온다고 하니까 아직 안해봤으면 친구랑 같이 엔딩보고 넘어가면 좋을듯 싶다.","[ h 1 ][ i ] 일루 드루 와 , 드루 와 이 쒸밸늠들 아 드루 와 ! 와 ![/ i ][/ h 1 ] 솔 플 땐 바람소리 만 들려도 사시나무 마냥 벌벌 떠는데 코 옵하면 분위기 가 싸 악 바뀐다 . 그냥 친구 랑 뭐 만 해도 웃기 고 즐겁다 ㅋㅋ 더 포레스트 후속작 나온다고 하니까 아직 안 해봤으면 친구 랑 같이 엔딩 보고 넘어가면 좋을듯 싶다 .",2017-02-03 22:33:36
242760,The Forest,positive,갓겜,갓 겜,2017-02-03 21:08:12
242760,The Forest,positive,ツボる,ツボる,2017-02-03 17:52:21
242760,The Forest,positive,.,.,2017-02-03 17:05:03
242760,The Forest,positive,내가 식인종인지 적이 식인종인지 정체성을 잃어가는 게임,내 가 식인종 인지 적 이 식인종 인지 정체 성 을 잃어가는 게임,2017-02-03 11:17:51
242760,The Forest,positive,갓겜 ㅅㅂㄹ,갓 겜 ㅅㅂㄹ,2017-02-02 12:52:46
242760,The Forest,positive,딱 한번 눈감고 인간으로써의 존엄성을 버리면 체력과 배고픔이 찹니다.,딱 한번 눈감고 인간 으로써 의 존엄성 을 버리면 체력 과 배고픔이 찹니다 .,2017-02-02 01:27:01
242760,The Forest,positive,나무가 잘 굴러갔으면 좋겠습니다 ㅜ....,나무 가 잘 굴러갔으면 좋겠습니다 ㅜ ....,2017-02-02 01:03:33
242760,The Forest,positive,공포스러운섬에서 식인종들과의 놀이 갓겜인대?,공포 스러운 섬 에서 식인종 들 과의 놀이 갓 겜 인대 ?,2017-02-01 12:49:39
242760,The Forest,positive,약간 어지러울수도 있는데 하다보면 재밌어요,약간 어지러울수도 있는데 하다 보면 재밌어요,2017-01-31 16:50:28
242760,The Forest,positive,식인종을 약초에 쌈사먹으면 꿀맛임,식인종 을 약초 에 쌈 사먹으면 꿀맛임,2017-01-31 15:56:55
242760,The Forest,positive,갓게임인데 사람들이 노잼인줄알아..,갓 게임 인데 사람 들 이 노잼 인 줄알 아 ..,2017-01-31 15:07:34
242760,The Forest,positive,뭐하나 쉬운게없다 ㅋ,뭐 하나 쉬운게 없다 ㅋ,2017-01-31 12:36:41
242760,The Forest,positive,결말 다 나왔으니 이제 미련없는게임 재밌게 플레이했던 게임이지만 모드쓰는 사람이 너무 많아져 노가다만의 재미가 사라져버림 이 게임에 대한 정이 떨어져버렸고 그래도 한번쯤 해보면 좋은 게임이다,결말 다 나왔으니 이제 미련 없는 게임 재밌게 플레이 했던 게임 이지만 모드 쓰는 사람 이 너무 많아져 노가다 만의 재미 가 사라져 버림 이 게임 에 대한 정이 떨어져 버렸고 그래도 한번 쯤 해보면 좋은 게임 이다,2017-01-30 17:03:04
242760,The Forest,positive,와우 정말 재미있다.코옵은 힉실인것같다,와우 정말 재미있다 . 코옵 은 힉실 인 것 같다,2017-01-30 10:51:35
242760,The Forest,positive,갓-겜,갓 - 겜,2017-01-30 00:11:52
242760,The Forest,positive,good,good,2017-01-30 00:07:07
242760,The Forest,positive,"게임상에서 찾아야할 스크랩 그림 승객 동굴 등등 이 많아서 엔딩을 봤음에도 아직까지 플레이 중이다. 이 게임의 단점은 버그다. 멀티를 한다면 각자 갖고 있는 버그가 달라서 마치 오성과 한음처럼 서로의 눈과 귀가되어 플레이를 할수있지만, (예로 친구는 동굴에서 버그가 있어서 공격이 잘 안먹히면 내가 선빵을 하고, 평지에서는 내가 조금만 떨어져있어도 식인종의 소리가 안들리기에 친구가 알려준다) 만약 솔로라면 갑자기 시아내에 식인종이 갑툭튀 할수도 있다. 그 맛으로 하는것도 핵꿀잼. 요즘 식인종이 강하졌다. 그리고 돌연변이가 둘에서 셋이","게임상 에서 찾아 야할 스크랩 그림 승객 동굴 등등 이 많아서 엔딩 을 봤음에도 아직 까지 플레이 중이 다 . 이 게임 의 단점 은 버그 다 . 멀티 를 한다면 각자 갖고 있는 버그 가 달라 서 마치 오성과 한음 처럼 서로 의 눈 과 귀가 되어 플레이 를 할수있지만 , ( 예 로 친구 는 동굴 에서 버그 가 있어서 공격 이 잘 안 먹히면 내 가 선빵 을 하고 , 평지 에서는 내 가 조금 만 떨어져있어도 식인종 의 소리 가 안 들리기에 친구 가 알려 준다 ) 만약 솔로 라면 갑자기 시 아내 에 식인종 이 갑툭튀 할수도 있다 . 그 맛 으로 하는것도 핵꿀잼 . 요즘 식인종 이 강하졌다 . 그리고 돌연변이 가 둘 에서 셋 이",2017-01-27 14:49:15
242760,The Forest,positive,"The Forest ist ein professionelles Survival Game, das einem viele Möglichkeiten gibt, auf seiner eigenen Art und Weise zu überleben. Man kann sich ein schönes Baumhaus, eine Bowser Festung mit mehreren Fallen, ein Strandparafdes, sich in einer Höhle breitmachen ( was aber sehr gefährlich sein kann)","The Forest ist ein professionelles Survival Game , das einem viele M ö glichkeiten gibt , auf seiner eigenen Art und Weise zu ü berleben . Man kann sich ein sch ö nes Baumhaus , eine Bowser Festung mit mehreren Fallen , ein Strandparafdes , sich in einer H ö hle breitmachen ( was aber sehr gef ä hrlich sein kann )",2017-01-27 01:57:29
242760,The Forest,positive,81 혼자 공포게임 멀티 학살게임,81 혼자 공포 게임 멀티 학살 게임,2017-01-26 23:09:15
242760,The Forest,positive,재미지네;;;,재미 지네 ;;;,2017-01-26 00:51:16
242760,The Forest,positive,와~~현실성이 엄청나고 앞으로의 업데이트들이 기대되는 게임이에요. 저 이거하는 동안 시간가는줄 모르고 했어요. 진~~~짜 꿀잼임,와 ~~ 현실 성 이 엄청나고 앞 으로의 업데이트 들 이 기대 되는 게임 이에요 . 저 이 거 하 는 동안 시간 가는줄 모르고 했어요 . 진 ~~~ 짜 꿀잼임,2017-01-26 00:37:05
242760,The Forest,positive,정말 강추 옛날에 비해 버그가 많이 고쳐졌다. 지금도 조금은 있는거 같지만 플레이에는 아무런 지장이 없다. 혼자하면 어려울 수 있으니 코옵으로 같이 플레이하는걸 추천합니다. 코옵 저장도 다 됨 하면서도 긴장의 끈을 놓을 수 없다 ㅋㅋㅋㅋㅋㅋ,정말 강추 옛날 에 비해 버그 가 많이 고쳐졌다 . 지금 도 조금 은 있는거 같지만 플레이 에는 아무런 지장 이 없다 . 혼자 하면 어려울 수 있으니 코옵 으로 같이 플레이 하 는걸 추천 합니다 . 코옵 저장 도 다 됨 하면서도 긴장 의 끈 을 놓을 수 없다 ㅋㅋㅋㅋㅋㅋ,2017-01-25 21:01:11
242760,The Forest,positive,멀티가 신의 한수인 게임이다 재밌다,멀티 가 신의 한수인 게임 이다 재밌다,2017-01-24 15:41:03
242760,The Forest,positive,fnre,fnre,2017-01-24 01:05:37
242760,The Forest,positive,며어어어엉작! 진짜 이렇게 집중해서 한 생존 게임은 처음임..,며 어 어어 엉 작 ! 진짜 이렇게 집중 해서 한 생존 게임 은 처음 임 ..,2017-01-23 22:05:41
242760,The Forest,positive,사실상 힐링게임 숲속에서 오두막집 작게 짓고 풍경보는맛이 있따,사실 상 힐링 게임 숲속 에서 오두막집 작게 짓고 풍경 보는 맛 이 있 따,2017-01-23 20:04:08
242760,The Forest,positive,굿,굿,2017-01-23 17:37:57
242760,The Forest,positive,처음엔 식인종 등짝만 봐도 쫄아서 도망치기 바뻤는데 이젠 식인종이 도망치네,처음 엔 식인종 등짝 만 봐도 쫄아 서 도망치기 바뻤는데 이 젠 식인종 이 도망치네,2017-01-23 11:07:08
242760,The Forest,positive,같이 멀티하실분?,같이 멀티 하실 분 ?,2017-01-23 10:38:58
242760,The Forest,positive,그냥저냥 할만함 엔딩도 매우 좋았다 다만 아직 얼엑이라 컨텐츠가 매우 부족해서 엔딩보고난이후로 켤일없음 정발하면 함 해보던지,그냥 저 냥 할만 함 엔딩 도 매우 좋았다 다만 아직 얼엑 이라 컨텐츠 가 매우 부족해서 엔딩 보고 난 이후 로 켤 일 없음 정발 하면 함 해보던지,2017-01-23 10:17:54
242760,The Forest,positive,일단 생존게임과 호러게임을 접복시킨게 너무 좋고 그래픽도 꽤 좋다. 단점은 아직까지 발견되지 않았다.,일단 생존 게임 과 호러 게임 을 접복 시킨게 너무 좋고 그래픽 도 꽤 좋다 . 단점 은 아직 까지 발견 되지 않았다 .,2017-01-22 23:06:26
242760,The Forest,positive,8/10,8/10,2017-01-21 23:59:49
242760,The Forest,positive,어느 게임이나 그렇듯이 무개념 급식충만 없으면 좋겠다 게임자체는 굿굿굿 !!!,어느 게임 이나 그렇듯이 무 개념 급식 충만 없으면 좋겠다 게임 자체 는 굿굿굿 !!!,2017-01-21 23:11:33
242760,The Forest,positive,게임 매우재밌다. 하지만 한국어로 채팅할때 버그때매 띄어쓰기로 해야한다.,게임 매우 재밌다 . 하지만 한국어 로 채팅 할 때 버그 때매 띄어쓰기 로 해야 한다 .,2017-01-21 17:06:06
242760,The Forest,positive,"스토리 다봤는대 와 ,,, 알고있었는데도 소름.;; 꼭해보시길","스토리 다 봤는대 와 ,,, 알고있었는데도 소름 .;; 꼭 해보시길",2017-01-20 23:31:56
242760,The Forest,positive,엔딩중 맵에서 떨어져 사망 엔딩중 팅김,엔딩 중 맵 에서 떨어져 사망 엔딩 중 팅김,2017-01-20 22:45:48
242760,The Forest,positive,다좋은데 버그좀 고치자,다 좋은데 버그 좀 고치 자,2017-01-20 14:19:58
242760,The Forest,positive,아주 재밌는게임인데 나만그런지는 모르겠지만 멀티플레이만 저장을해도 같이 하던 친구들이 다시 서버로 들어올수가없네요...하지만 엔딩도 정말 괜찮은 게임이였습니다.,아주 재밌는 게임 인데 나 만 그런지는 모르겠지만 멀티플레이 만 저장 을해 도 같이 하던 친구 들 이 다시 서버 로 들어올수가 없네요 ... 하지만 엔딩 도 정말 괜찮은 게임 이 였습니다 .,2017-01-20 13:48:05
242760,The Forest,positive,스토리도 좋고 무엇보다 수도 없이 몰려오는 얘들을 잡을 때 타격감이 좋습니당,스토리 도 좋고 무엇 보다 수도 없이 몰려오는 얘 들 을 잡 을 때 타 격감 이 좋 습 니당,2017-01-19 21:40:26
242760,The Forest,positive,3D멀미가 심하다 토할뻔,3 D 멀미 가 심하다 토 할 뻔,2017-01-19 19:19:47
242760,The Forest,positive,처음에 주인공과 주인공의아들이탄비행기가 추락했고 식인종이 아들을 데리고 간다 주인공은 아들을찾기위해 추락 섬에서 집?요세등을짓고생존해나가는게임이다 아들을찾는엔딩을보면 왜 식인종이 아들 을납치해가는지알게되는데 그때소름이돋는다,처음 에 주인공 과 주인공 의 아들 이탄 비행기 가 추락 했고 식인종 이 아들 을 데리 고 간다 주인공 은 아들 을 찾기 위해 추락 섬 에서 집 ? 요 세 등 을 짓고 생존 해나 가는 게임 이다 아들 을 찾는 엔딩 을 보면 왜 식인종 이 아들 을 납치 해가는지 알 게 되는데 그때 소름 이 돋는다,2017-01-19 15:18:35
242760,The Forest,positive,on air!,on air !,2017-01-19 13:38:56
242760,The Forest,positive,재밌었음,재밌었음,2017-01-18 23:56:54
242760,The Forest,positive,재미있습니다!!!!!!!!!!치트 로 초보자 도 잘할수 있을것 같음,재미있습니다 !!!!!!!!!! 치트 로 초보자 도 잘 할수 있을것 같음,2017-01-18 17:00:25
242760,The Forest,positive,이겜은 혁명이다 나에게서만,이 겜 은 혁명 이다 나 에게서만,2017-01-18 10:07:48
242760,The Forest,positive,꿀잼,꿀잼,2017-01-18 07:46:32
242760,The Forest,positive,식인종 ㄹㅇ 참맛,식인종 ㄹㅇ 참 맛,2017-01-17 14:54:37
242760,The Forest,positive,버그만 없으면 생존게임중에 손가락안에 들어갈만한 게임인거 같네요,버그 만 없으면 생존 게임 중 에 손가락 안 에 들어갈만 한 게임 인거 같네요,2017-01-17 08:47:27
242760,The Forest,positive,어우 소름돋았다 ㅋㅋㅋㅋㅋㅋ,어우 소름 돋았다 ㅋㅋㅋㅋㅋㅋ,2017-01-17 00:54:04
242760,The Forest,positive,"이번 여름에 여행갈 곳을 찾고계십니까? 그러면 잘 찾으셨습니다! 여러분은 이 섬에서 생존에 관한 모든 것을 익힐 것이며 여러분들의 친절한 가이드 리신,젠야타,문어발,드라군,쿵쾅이들이 여러분들에게 이불밖은 위험하다는 것을 뼈저리게 느끼게 해줄겁니다 여러분은 이 섬을 여행하면서 각종 미션을 얻게됩니다 초등학교 다닐 때 소풍에 보물찾기같은거 하잖아요? 바로 그겁니다! 여러분들은 이 섬에서 벌어지는 모든 것을 탐색하고 추적하며 의심을 해야합니다 물론 여러분들이 발견하는 것들은 전부 소품입니다 진짜가 아니니 걱정마세요! p.s 섬 가운","이번 여름 에 여행 갈 곳 을 찾고계십니까 ? 그러면 잘 찾으셨습니다 ! 여러분 은 이 섬 에서 생존 에 관 한 모든 것 을 익힐 것 이며 여러분 들 의 친절한 가이드 리신 , 젠 야 타 , 문어 발 , 드라군 , 쿵쾅 이 들이 여러분 들 에게 이불 밖 은 위험하다는 것 을 뼈 저리 게 느끼게 해줄 겁니다 여러분 은 이 섬 을 여행 하면서 각종 미션 을 얻게 됩니다 초등학교 다닐 때 소풍 에 보물찾기 같은거 하잖아요 ? 바로 그 겁니다 ! 여러분 들 은 이 섬 에서 벌어지는 모든 것 을 탐색 하고 추적 하며 의심 을 해야 합니다 물론 여러분 들 이 발견 하는 것 들 은 전부 소품 입니다 진짜 가 아니니 걱정 마세요 ! p . s 섬 가운",2017-01-16 23:32:59
242760,The Forest,positive,굿,굿,2017-01-16 19:36:45
242760,The Forest,positive,귀찮지 않은 생존게임 무섭지만 재미있다. 몰입감 넘치는 가성비 최고의 게임,귀찮지 않은 생존 게임 무섭지만 재미있다 . 몰입 감 넘치는 가성 비 최고 의 게임,2017-01-15 17:31:13
242760,The Forest,positive,내가 딱 원하는 타입의 생존게임. 식인종들에게서 안전한 집을 짓고 나서는 자원을 캐고 음식을 얻고 물을 얻고. 스토리도 있어서 동굴탐험을 해야하는데 그러기 위해선 장비를 어느정도 갖춰야하니 동기부여가 상당함. 그래픽도 좋을 뿐더러 게임용량도 크지 않음. 코옵으로 친구랑 같이하는데도 무서워죽겠는데 이걸 어떻게 혼자 하나 싶음. 혼자서는 그냥 평화모드로 해놓고 건축만 하다가 나옴ㅋㅋ,내 가 딱 원하는 타입 의 생존 게임 . 식인종 들 에게서 안전한 집 을 짓고 나서는 자원 을 캐고 음식 을 얻고 물 을 얻고 . 스토리 도 있어서 동굴탐험 을 해야하는데 그러기 위해 선 장비 를 어느 정도 갖춰 야하니 동기부여 가 상당함 . 그래픽 도 좋을 뿐더러 게임 용량 도 크지 않음 . 코옵 으로 친구 랑 같이하는데도 무서워 죽겠는데 이 걸 어떻게 혼자 하나 싶음 . 혼자 서는 그냥 평화 모드 로 해놓고 건축 만 하다가 나옴 ㅋㅋ,2017-01-15 12:24:35
242760,The Forest,positive,누가 식인종인가?,누가 식인종 인가 ?,2017-01-14 21:24:54
242760,The Forest,positive,무섭당... 저같은 쫄보들은 멀티할 거 아니면 고민하고 사셈요..,무섭당 ... 저 같은 쫄보 들 은 멀티 할 거 아니면 고민 하고 사 셈 요 ..,2017-01-14 20:49:05
242760,The Forest,positive,"이 게임은 최고의 명작입니다 정말 재미있기도 하고 소름도 돋지만 하여튼 재밌습니다. This game is very great. So fun, and horror. But so Fun","이 게임 은 최고 의 명작 입니다 정말 재미있기도 하고 소름 도 돋지만 하여튼 재밌습니다 . This game is very great . So fun , and horror . But so Fun",2017-01-14 20:03:51
242760,The Forest,positive,초반에 플레이할때 어려울줄 알았는데 인터페이스가 간단하고 쉬움 우리모두 훌륭하고 대단한 벌목꾼이 됩시다 !,초반 에 플레이 할 때 어려울줄 알았는데 인터페이스 가 간단하고 쉬움 우리 모두 훌륭하고 대단한 벌목 꾼 이 됩시다 !,2017-01-14 19:34:25
242760,The Forest,positive,엔딩 나왔다고 하길래 다시 시작했는데 개꿀잼임 근데 깨고나니 할게없음 ㅋㅋㅋㅋㅋㅋㅋ 40시간 이상을 질리지않게 플레이 했음,엔딩 나왔다고 하길래 다시 시작 했는데 개꿀잼임 근데 깨고나니 할게 없음 ㅋㅋㅋㅋㅋㅋㅋ 40시간 이상 을 질리 지 않게 플레이 했음,2017-01-14 16:46:59
242760,The Forest,positive,Best Early Access Game Ever,Best Early Access Game Ever,2017-01-14 11:52:33
242760,The Forest,positive,요즘 대세 게임들만 하다보니 지루하기도 했는데 이 게임이 저를 살립니다.덕분에 스팀의 맛을 알게 되어 다른 게임들도 구매 하였습니다.,요즘 대세 게임 들 만 하다 보니 지루하기도 했는데 이 게임 이 저 를 살립니다 . 덕분 에 스팀 의 맛 을 알 게 되어 다른 게임 들 도 구매 하였습니다 .,2017-01-14 11:48:23
242760,The Forest,positive,클라이밍 도끼로 스카이 다이빙을 즐겼다.,클라 이 밍 도끼 로 스카이 다이빙 을 즐겼다 .,2017-01-14 00:18:36
242760,The Forest,positive,개꿀잼 스토리 좋네요,개꿀잼 스토리 좋네요,2017-01-13 23:55:35
242760,The Forest,positive,초반에는 먹이사슬 맨 밑이였는데 후반에는 먹이사슬 꼭대기,초반 에는 먹이사슬 맨 밑 이 였는데 후반 에는 먹이사슬 꼭대기,2017-01-13 21:03:22
242760,The Forest,positive,가장 큰적은 식인종이 아니라 수많은 버그일뿐이다,가장 큰 적은 식인종 이 아니라 수많은 버그 일 뿐 이다,2017-01-13 19:34:49
242760,The Forest,positive,god game,god game,2017-01-13 04:58:45
242760,The Forest,positive,"얼리엑세스라 발전의 가능성은 무긍무진하다. 다만 상당수의 버그들, 불편한 코옵 저장방식등등이 아직도 거슬린다 싱글플레이만 한다면 단순히 나무꾼 시뮬레이터일 것이므로 꼭 코옵위주로 하는걸 추천한다","얼리 엑세스 라 발전 의 가능성 은 무긍 무진 하 다 . 다만 상당수 의 버그 들 , 불편한 코옵 저 장방 식 등등 이 아직도 거슬린다 싱글플레이 만 한다면 단순히 나무꾼 시뮬레이터 일 것이므 로 꼭 코옵 위주 로 하 는걸 추천 한다",2017-01-12 20:30:19
242760,The Forest,positive,친구들과 협동하다가 정신을 차려보면 아들 찾는건 뒷전이고 집을 지어 주변의 나무를 자르고 몰려오는 식인종을 죽여 단백질원으로 쓰고있는 나를 보게됨,친구 들 과 협동 하다가 정신 을 차려 보면 아들 찾는건 뒷전 이고 집 을 지어 주변 의 나무 를 자르고 몰려오는 식인종 을 죽여 단백질 원 으로 쓰고있는 나를 보게 됨,2017-01-12 15:11:54
242760,The Forest,positive,아무이유 없이 벤 먹이는 이유가 뭘까요?,아무 이유 없이 벤 먹이는 이유 가 뭘 까요 ?,2017-01-12 15:11:27
242760,The Forest,positive,멀티로하니까 재밌네요,멀티 로 하니까 재밌네요,2017-01-12 13:38:50
242760,The Forest,positive,어릴적 아버지와 통나무집을 짓고 놀았죠 -대건축가 가우디-,어릴 적 아버지 와 통나무 집 을 짓고 놀았죠 - 대 건축가 가우디 -,2017-01-12 06:57:19
242760,The Forest,positive,게임은 진짜 재밌다. 스릴넘치고 아들찾아 삼만리 하는것도 재밌는데 나만 그런지 모르겠지만 수레를 물에 빠트리면 그다음 부터 E 키랑 R 키랑 C 키가 안되서 저장도 안되고 먹는것도 안되고 수레 색 바꾸는것도 안되 지어 놓은거 다다시해야되잖아,게임 은 진짜 재밌다 . 스릴 넘치고 아들 찾아 삼만리 하는것도 재밌는데 나 만 그런지 모르겠지만 수레 를 물 에 빠트리 면 그다음 부터 E 키 랑 R 키 랑 C 키 가 안되서 저장 도 안되고 먹는것도 안되고 수레 색 바꾸는것도 안되 지어 놓은 거 다다 시해 야 되잖아,2017-01-11 22:15:52
242760,The Forest,positive,시작하자마자 물찾으러 동굴로 들어갔는데 끔찍한걸 봤음....,시작 하 자마자 물 찾으러 동굴 로 들어갔는데 끔찍한 걸 봤음 ....,2017-01-11 21:31:10
242760,The Forest,positive,very good,very good,2017-01-11 19:45:14
242760,The Forest,positive,.,.,2017-01-11 18:52:06
242760,The Forest,positive,옛날에 버그많아서 사지않았던 게임이다... 깊게 반성하고 있다. 후회한다. 내가 한심하다. 무슨말인지 모르겠다면 당장사라.,옛날 에 버그 많아서 사지 않았던 게임 이다 ... 깊게 반성 하고 있다 . 후회 한 다 . 내 가 한심하다 . 무슨 말 인지 모르겠다면 당장 사라 .,2017-01-11 15:27:38
242760,The Forest,positive,정식발매되고 평가 다시씁니다 .더포레스트 초기부터 조금씩하다가 정발되고 다시 복귀했습니다 멀티에는 모드쓰는사람들이 많구 혼자하자니 무섭고 친구들과하자니 고통길이 훤하네요 그렇다고 크리에이티브로 건물만 만들자니 뭔가 허전하구..그냥 멀티에서 이야기하면서 건축물 만들고 하는게 재미있네요 서버인원이 8명이 최대라는게 많이 아쉽네요 적어도 스무명은 되야 일할맛이나는데..,정식 발매 되고 평가 다시 씁니다 . 더 포레스트 초기 부터 조금씩 하다가 정발 되고 다시 복귀 했습니다 멀티 에는 모드 쓰는 사람 들 이 많구 혼자 하자니 무섭고 친구 들 과 하자 니 고통 길이 훤 하네요 그렇다고 크리에이티브 로 건물 만 만들 자니 뭔가 허전하구 .. 그냥 멀티 에서 이야기 하면서 건축물 만들고 하는게 재미있네요 서버 인원 이 8 명 이 최대 라는 게 많이 아쉽네요 적어도 스무 명 은 되야 일 할 맛 이나 는데 ..,2017-01-11 13:23:17
242760,The Forest,positive,솔직히 맨 처음에는 당황스럽고 바로 환불하려고했는데 친구들하고 하면서 대충 배워보니 완전 재밌더라고욬ㅋ,솔직히 맨 처음 에는 당황 스럽고 바로 환불 하려고 했는데 친구 들 하고 하면서 대충 배워 보니 완전 재밌더라고 욬 ㅋ,2017-01-11 00:05:43
242760,The Forest,positive,초반 2시간 정도는 학살에 취해 덫만 만드는 상황이 발생(?) 스토리겜치고는 자유도가 높아서 나름 즐겁게 플레이한 게임 학살을 즐기려면 이겜을 강ㅊ...퍽퍽,초반 2시간 정도 는 학살 에 취해 덫 만 만드는 상황 이 발생 (?) 스토리 겜 치고는 자유도 가 높아서 나름 즐겁게 플레이 한 게임 학살 을 즐기려면 이 겜 을 강 ㅊ ... 퍽퍽,2017-01-10 22:00:30
242760,The Forest,positive,good!!!!!!!!!!!!!!!,good !!!!!!!!!!!!!!!,2017-01-10 20:18:08
242760,The Forest,positive,아직 자잘한 버그는 있지만 탐험하는 맛은 정말 재밌다,아직 자잘한 버그 는 있지만 탐험 하는 맛 은 정말 재밌다,2017-01-10 15:45:22
242760,The Forest,positive,°ㅗ°,° ㅗ °,2017-01-09 23:20:34
242760,The Forest,positive,"엔딩 나오기전에도 충분히 재밌는 게임이었는데 엔딩이 나오고 부터 갓겜수준이 되어버렸다. 진짜 반전의 반전을 거듭하는 요 근래 플레이했던 게임중 제일 킹갓엠페러마제스티게임이다. 생존을 좋아하는 사람, 엔딩의 재미를 추구하는 사람 모두가 이게임을 즐겁게 플레이 할수 있을거라 생각한다. 이 게임은 갓겜이다.","엔딩 나오기전에도 충분히 재밌는 게임 이었는데 엔딩 이 나오고 부터 갓 겜 수준 이 되어 버렸다 . 진짜 반전 의 반전 을 거듭 하는 요 근래 플레이 했던 게임 중 제일 킹 갓 엠페 러마 제 스티 게임 이다 . 생존 을 좋아하는 사람 , 엔딩 의 재미 를 추구 하는 사람 모두 가 이 게임 을 즐겁게 플레이 할수 있을거라 생각 한다 . 이 게임 은 갓 겜 이다 .",2017-01-08 20:28:08
242760,The Forest,positive,20시간 게임,20시간 게임,2017-01-08 09:47:32
242760,The Forest,positive,아무생각 없이 친구들이랑 할려고 샀는데 그냥 생존게임인줄 알앗음 그런데 스토리가 잇네요 ㅋㅋㅋ 짱짱해요짃 아직 계발 단계인거 같지만 버그도 적고 나름 심장 쫄깃합니다. 같이 하고싶으신분들 말씀해주세요!,아무 생각 없이 친구 들 이랑 할려고 샀는데 그냥 생존 게임 인 줄 알앗음 그런데 스토리 가 잇네요 ㅋㅋㅋ 짱짱해요 짃 아직 계발 단계 인거 같지만 버그 도 적고 나름 심장 쫄깃합니 다 . 같이 하고싶으 신분 들 말씀 해주세요 !,2017-01-08 01:12:35
242760,The Forest,positive,"문어,거미,돼지만 봤는데도 무서워서 못해먹겠다... 생존만 보자면 간단하고 쉽게 배울수있어서 재밌었네요!","문어 , 거미 , 돼지 만 봤는데도 무서워서 못 해 먹겠다 ... 생존 만 보자면 간단하고 쉽게 배울수있어서 재밌었네요 !",2017-01-08 00:38:01
242760,The Forest,positive,긴 말 않겠습니다. 전 이런 생존 게임을 원했습니다.,긴 말 않겠습니다 . 전 이런 생존 게임 을 원했습니다 .,2017-01-07 16:42:59
242760,The Forest,positive,난 오늘도 나무를 캔다,난 오늘 도 나무 를 캔다,2017-01-07 13:27:17
242760,The Forest,positive,Good!!,Good !!,2017-01-06 15:49:14
242760,The Forest,positive,좋은가격 1.6 세일가격 1매넌 다른것보다 버그많다고 난리치던 리뷰가많았엇는데 지금은 업뎃되서 개꿀잼 복돌링하지말고 사서 쓰세욧,좋은 가격 1.6 세 일 가격 1 매 넌 다른 것 보다 버그 많다고 난리치던 리뷰 가 많았 엇 는데 지금 은 업뎃되 서 개꿀잼 복돌링 하지말고 사서 쓰세 욧,2017-01-06 13:21:29
242760,The Forest,positive,혼자하면 공포게임 같이하면 웃긴게임,혼자 하면 공포 게임 같이 하면 웃긴 게임,2017-01-06 11:40:38
242760,The Forest,positive,10/10 미리해보기 게임이라 이렇다 정의할순 없지만 명작이라는건 확실하다고 봅니다.,10/10 미리 해보기 게임 이라 이렇다 정의 할 순 없지만 명작 이라는 건 확실하다고 봅니다 .,2017-01-05 21:50:02
242760,The Forest,positive,엔딩을 본 순간 이 게임이 명작이라는 것을 알게됩니다.,엔딩 을 본 순간 이 게임 이 명작 이라는 것 을 알 게 됩니다 .,2017-01-05 02:36:16
242760,The Forest,positive,의견 필요없고 무조건해야한다. 무.조.건,의견 필요없고 무조건 해야 한다 . 무 . 조 . 건,2017-01-05 02:33:21
242760,The Forest,positive,엔딩이 소름 돋는다. 처음에는 그냥 생존게임 인줄 알았는데 심오한 게임임.,엔딩 이 소름 돋는다 . 처음 에는 그냥 생존 게임 인줄 알았는데 심오한 게임 임 .,2017-01-05 01:53:15
242760,The Forest,positive,컴퓨터만 좋으면 재밌게할수있는 게임.,컴퓨터 만 좋으면 재밌게 할수있는 게임 .,2017-01-04 19:14:02
242760,The Forest,positive,모히또에 가서 몰디브 한잔 하려 했는데 초짜 비행기 조종사 덕에 식인종들이 사는 외딴섬에 불시착을 하게됩니다. 여러가지 파밍을 하며 자기가 꿈꾸던 모히또를 연상해 보지만 역시 부족한건 매한가지 왜 이 비행기를 탔나 자괴감이 들 찰라에 어느 무리가 다가옵니다. 나름 고생한 뒤라 이 섬 사람들에게 접대를 받나 기대를 하며 가까이 가지만 돌아오는건 죽창 헐래벌떡 도망을 가는 도중 어느 한마을을 보게됩니다. 섬에 비정상적인 사람만 있을법 없지 !! 라 생각하며 그 마을을 들어갔지만 코스프레 한답시고 머리를 잘라 장식해두고 사람을,모히또 에 가서 몰디브 한잔 하려 했는데 초 짜 비행기 조종사 덕 에 식인종 들 이 사는 외딴섬 에 불시 착 을 하게 됩니다 . 여러가지 파밍 을 하며 자기 가 꿈꾸던 모히또 를 연상 해 보지 만 역시 부족한건 매 한가지 왜 이 비행기 를 탔나 자괴 감 이 들 찰 라 에 어느 무리 가 다가옵니다 . 나름 고생 한 뒤 라 이 섬 사람 들 에게 접대 를 받나 기대 를 하며 가까이 가지 만 돌아오는건 죽창 헐래 벌떡 도망 을 가는 도중 어느 한 마을 을 보게 됩니다 . 섬 에 비정상 적 인 사람 만 있을 법 없지 !! 라 생각 하며 그 마을 을 들어갔지만 코스프레 한 답시고 머리 를 잘라 장식 해 두고 사람 을,2017-01-04 17:04:50
242760,The Forest,positive,굴러들어온 식인종과 박혀있던 식인종의 싸움,굴러 들어온 식인종 과 박혀있던 식인종 의 싸움,2017-01-04 02:53:20
242760,The Forest,positive,인디 서바이벌 호러 게임 중에 정말 재미있게 플레이 한 게임 입니다. 개인적으로는 코옵보다는 솔플을 추천 드립니다. 2~3인만되도 이게 호러 서바이벌인지 학살게임인지 구분이 안됩니다. 다양한 만들거리와 밤만 되면 우르르 몰려 오는 식인종 데x스페이스에 네크x를 방불게 하는 몬스터들과 좀비가 아닌 식인종과 괴생물체라는 점에서 상당히 스릴 넘치는 게임 입니다. 또한 동굴탐험으로 얻는 무기를 포함해서 여러가지 괴생물체와 시체들도 즐비하니 혼자 할 때 정말 섬뜩했습니다. 이게임에는 밝기조절하는게 없어서 동굴탐험시에는 어둡습니다.,인디 서바이벌 호러 게임 중 에 정말 재미있게 플레이 한 게임 입니다 . 개인 적 으로는 코옵 보다는 솔플 을 추천 드립니다 . 2~3 인 만 되도 이 게 호러 서바이벌 인지 학살 게임 인지 구분 이 안됩니다 . 다양한 만들 거리 와 밤 만 되면 우르르 몰려 오는 식인종 데 x 스페이스 에 네 크 x 를 방불 게 하는 몬스터 들 과 좀비 가 아닌 식인종 과 괴 생물체 라는 점 에서 상당히 스릴 넘치는 게임 입니다 . 또한 동굴탐험 으로 얻는 무기 를 포함 해서 여러가지 괴 생물체 와 시체 들 도 즐비하니 혼자 할 때 정말 섬뜩했습니다 . 이 게임 에는 밝기 조절 하 는 게 없어서 동굴탐험 시 에는 어둡습니다 .,2017-01-02 19:17:53
242760,The Forest,positive,꿀잼,꿀잼,2017-01-02 03:21:04
242760,The Forest,positive,그래픽도 좋고 타격감도 좋고 제작진이 업데이트 많이해서 컨텐츠도 많아지고 좋습니다,그래픽 도 좋고 타 격감 도 좋고 제 작 진 이 업데이트 많이 해 서 컨텐츠 도 많아지고 좋습니다,2017-01-02 02:08:01
242760,The Forest,positive,사실상 처음엔 생존 게임이라 생각하지만 가면갈수록 이 게임은 벌목겜 이라는 것을 깨닫게 됩니다.,사실 상 처음 엔 생존 게임 이라 생각 하지만 가면 갈수록 이 게임 은 벌목 겜 이라는 것 을 깨닫게 됩니다 .,2017-01-01 23:43:59
242760,The Forest,positive,정말 재미 있습니다.,정말 재미 있습니다 .,2017-01-01 22:48:19
242760,The Forest,positive,"신랑이 게임을 엄청 좋아해서, 같이 즐겨보려고 대도서관님 영상보다가 함께 질렀어요. 약간의 버그가 아직 있지만 겜알못인 저한테는 크게 신경쓰일 정도는 아닙니다. 원래 좀 잔인한 게임인거 알고 시작하긴 했지만, 그냥 구경하는 거랑 플레이하는 거랑은 너무 다르네요..ㅠㅠ 처음 플레이 할 때, 밤 마다 찾아오는 식인종 때문에 진짜 너무너무너무 무서웠고.. 실제로 이틀 동안 악몽을 꾸었어요ㅠㅠ 같이 게임하면서 신랑한테 너무 민폐만 끼치고 그래서 지금은 혼자 식인종 없는 모드로 바다 보이는 곳에 집 짓고 약초 채집하고 사냥하면서 즐기고 있습","신랑 이 게임 을 엄청 좋아해서 , 같이 즐겨 보려고 대 도서관 님 영상 보다 가 함께 질렀어요 . 약간 의 버그 가 아직 있지만 겜알못 인 저 한 테 는 크게 신경 쓰일 정도 는 아닙니다 . 원래 좀 잔인한 게임 인거 알 고 시작 하긴 했지만 , 그냥 구경 하는 거 랑 플레이 하는 거 랑은 너무 다르네요 .. ㅠㅠ 처음 플레이 할 때 , 밤 마다 찾아오는 식인종 때문 에 진짜 너무 너무 너무 무서웠고 .. 실제 로 이틀 동안 악몽 을 꾸었어요 ㅠㅠ 같이 게임 하면서 신랑 한테 너무 민폐 만 끼 치고 그래서 지금 은 혼자 식인종 없는 모드 로 바다 보이는 곳 에 집 짓고 약초 채집 하고 사냥 하면서 즐기고 있 습",2017-01-01 18:57:35
242760,The Forest,positive,저쿠드낫이라면서버통신이안된데요,저 쿠드 낫이라면 서버 통신 이 안된데요,2017-01-01 12:42:36
242760,The Forest,positive,유튜브로 먼저 보고 친구들이랑 같이 산 게임입니다 공포게임을 별로 안좋아하지만 생존 게임이라 샀는데멀티하는걸 추천드립니다 혼자 밤에 돌아다니거나 동굴로 들어가면 무서워요 ㄷㄷ 아직 얼리억세스인데 잘 만들어진것 같습니다 엔딩도 나왔고 식인종들 잡는것도 재밌고 무기나 장비 만드는 재미도 있는것 같아요 개인적으론 엔딩이 아쉬웠어요..,유튜브 로 먼저 보고 친구 들 이랑 같이 산 게임 입니다 공포 게임 을 별로 안 좋아하지만 생존 게임 이라 샀는데 멀티 하 는걸 추천 드립니다 혼자 밤 에 돌아다니거나 동굴 로 들어가면 무서워요 ㄷㄷ 아직 얼리 억 세 스 인데 잘 만들어진것 같습니다 엔딩 도 나왔고 식인종 들 잡는것도 재밌고 무기 나 장비 만드는 재미 도 있는것 같아요 개인 적 으론 엔딩 이 아쉬웠어요 ..,2017-01-01 05:15:56
242760,The Forest,positive,Good Game!,Good Game !,2017-01-01 01:22:51
242760,The Forest,positive,유명한 TV스타가 아들이랑 비행기 여행 가는데 비행기가 추락해서 주인공과 인도 사람이랑 TV쇼 진행자가 숲에서 몸이 불편한 원주민들을 무참히 살해하곤 TV쇼 진행자랑 같이 나무캐다가 끝나는 게임,유명한 TV 스타 가 아들 이랑 비행기 여행 가는데 비행기 가 추락 해서 주인공 과 인도 사람 이랑 TV 쇼 진행자 가 숲 에서 몸 이 불편한 원주민 들 을 무참 히 살 해하곤 TV 쇼 진행자 랑 같이 나무 캐다가 끝나는 게임,2016-12-31 22:50:27
242760,The Forest,positive,"생존,호러,반전 모든 것들을 느낄 수 있는 게임 정말 명작이다. 돈이 아깝지 않으니 꼭 한번 해봤으면 하는 게임.","생존 , 호러 , 반전 모든 것 들 을 느낄 수 있는 게임 정말 명작 이다 . 돈 이 아깝지 않으니 꼭 한번 해봤으면 하는 게임 .",2016-12-31 22:30:29
242760,The Forest,positive,협동+생존 게임 찾다가 rust는 금방 질렸는데 원주민이 계속 공격해와서 그런지 초반 몰입감이 장난 아니에요 스팀 세일 기간인데 친구랑 같이 할만한 스팀게임을 찾고 있다면 추천합니다,협동 + 생존 게임 찾다가 rust 는 금방 질렸는데 원주민 이 계속 공격 해와서 그런지 초반 몰입 감 이 장난 아니에요 스팀 세 일 기간 인데 친구 랑 같이 할만 한 스팀 게임 을 찾고 있다면 추천 합니다,2016-12-31 17:54:39
242760,The Forest,positive,재밌어요,재밌어요,2016-12-31 16:10:06
242760,The Forest,positive,굿ㅊㅊㅊㅊ,굿 ㅊㅊㅊㅊ,2016-12-31 15:02:15
242760,The Forest,positive,이 게임 재미있는데 저랑은 안맞는거같아요 거래하고싶으신분 친추해주새요,이 게임 재미있는데 저 랑은 안 맞는거 같아요 거래 하고싶으 신분 친추 해주 새 요,2016-12-30 22:17:12
242760,The Forest,positive,스토리 업그레이드가 역시 좋네요.,스토리 업그레이드 가 역시 좋네요 .,2016-12-30 05:16:44
242760,The Forest,positive,Very Good Games!,Very Good Games !,2016-12-30 02:00:02
242760,The Forest,positive,엔딩 막 보고 왔습니다. 버그가 상당히 많은건 여전하고 엔딩이 약간 아쉬운점도 있네요 버그잘 잡고 추가로 시나리오가 나오면 좋을거 같습니다,엔딩 막 보고 왔습니다 . 버그 가 상당히 많은건 여전하고 엔딩 이 약간 아쉬운 점도 있네요 버그 잘 잡고 추가 로 시나리오 가 나오면 좋을거 같습니다,2016-12-29 22:13:41
242760,The Forest,positive,친구와 함께하면 레전드 만들수 있는 게임 The Forest,친구 와 함께 하면 레전드 만들수 있는 게임 The Forest,2016-12-29 22:05:05
242760,The Forest,positive,처음해보시는 분들은 인터넷에 지도 쳐서 맵 어느정도 익히시길,처음 해보시는 분 들 은 인터넷 에 지도 쳐서 맵 어느 정도 익히시길,2016-12-29 19:14:22
242760,The Forest,positive,약간 잔인하긴 하지만 생존게임 좋아하는 사람은 필구입니다. 내아들 어딧어!,약간 잔인하긴 하지만 생존 게임 좋아하는 사람 은 필구 입니다 . 내 아들 어딧어 !,2016-12-29 15:25:54
242760,The Forest,positive,가끔무섭지만 빡치는게임 매우추천합니다.,가끔 무섭지만 빡치는 게임 매우 추천 합니다 .,2016-12-29 00:02:32
242760,The Forest,positive,식인종 때려잡고 생존해나가는 게임 개꿀임,식인종 때려 잡고 생존 해 나가는 게임 개꿀임,2016-12-28 18:36:45
242760,The Forest,positive,"그냥 단순히 잡혀간 아들을 찾기위해서 벌목과 사냥,생존등을 하는 게임인줄알았지만 엔딩보고 나면 비행기의 갑작스런 추락및 아들이 납치되는 이유까지 깨닫게 됩니다... 엔딩보면 진짜 충격적이고 한편으론 소름까지 끼치는 반전엔딩입니다..","그냥 단순히 잡혀간 아들 을 찾기 위해 서 벌목 과 사냥 , 생존 등 을 하는 게임 인 줄 알았지만 엔딩 보고 나면 비행기 의 갑작스런 추락 및 아들 이 납치 되는 이유 까지 깨닫게 됩니다 ... 엔딩 보면 진짜 충격 적 이고 한편 으론 소름 까지 끼치는 반 전 엔딩 입니다 ..",2016-12-28 16:11:13
242760,The Forest,positive,갓겜입니다,갓 겜 입니다,2016-12-28 11:33:52
242760,The Forest,positive,엔딩이 지리네...ㅎㄷㄷ,엔딩 이 지리 네 ... ㅎㄷㄷ,2016-12-28 10:03:39
242760,The Forest,positive,"얼리엑세스의 성공한 예시중 하나 처음 리뷰를 달았을땐 나무만 배는 나무배기 시뮬레이터라며 매우 극딜을 했었습니다. 하지만 지금까지 계속해온 업데이트를 통해 제 의견을 완전히 뒤엎어주는 결과가 나왔죠. 이 게임이 처음나왔을때, 사람들은 버그의 숲 이라면서 이게임을 매우 까기 바빴습니다. 사람 그림자에 목이 없다던가, 원주민들은 강에 들어오면 수영이나 익사가아니라 강바닥을 걸어다닌다거나, 심하면 통나무 옮기는 수레를 타고 우주저멀리 위로 솟구치기도 하던 버그가 아주 난무하던때가 있었죠. 하지만 주기적으로 끊임없이 해주는 업데이트는","얼리 엑세스 의 성공한 예시 중 하나 처음 리뷰 를 달았을 땐 나무 만 배는 나무 배기 시뮬레이터 라며 매우 극딜 을 했었습니다 . 하지만 지금 까지 계속 해온 업데이트 를 통해 제 의견 을 완전히 뒤엎어주 는 결과 가 나왔죠 . 이 게임 이 처음 나왔을 때 , 사람 들 은 버그 의 숲 이라면서 이 게임 을 매우 까기 바빴습니다 . 사람 그림자 에 목 이 없다던가 , 원주민 들 은 강 에 들어오면 수영 이나 익사 가 아니라 강 바닥 을 걸어 다닌다거나 , 심하면 통나무 옮기는 수레 를 타고 우주 저 멀리 위로 솟구치 기도 하던 버그 가 아주 난무 하던 때 가 있었죠 . 하지만 주 기적 으로 끊임없이 해주는 업데이트 는",2016-12-27 21:05:46
242760,The Forest,positive,상당이 층격을주는 엔딩과 상당히 기괴스런운 식인종들 약간의 오류를 없에고 정식출시한다면 최고의 게임이 될 작품이다.,상당 이 층격 을 주는 엔딩 과 상당히 기 괴 스런 운 식인종 들 약간 의 오류 를 없 에고 정식 출시 한다면 최고 의 게임 이 될 작품 이다 .,2016-12-27 20:17:08
242760,The Forest,positive,딱히.. 뭐 엄청나게 재미있지는 않네요.. 그냥 접속해서.. 좀 .. 원주민들좀... 무섭구요.. 그냥 한시간? 정도하구 껏어요 ^^... 그냥 그정도입니.... 어? 뭐야 언제 6시간했냐?.. 이거 완전 시간도둑아니냐? 캬.. 간장게장 뒤를 이을수있는 도둑놈이 요기잉넹??,딱히 .. 뭐 엄청나게 재미있지는 않네요 .. 그냥 접속 해서 .. 좀 .. 원주민 들 좀 ... 무섭구요 .. 그냥 한 시간 ? 정도 하구 껏 어 요 ^^... 그냥 그 정도 입니 .... 어 ? 뭐 야 언제 6시간 했냐 ?.. 이 거 완전 시간 도둑 아니냐 ? 캬 .. 간장게장 뒤 를 이을수있는 도둑 놈 이 요기 잉넹 ??,2016-12-27 18:34:12
242760,The Forest,positive,좋운데 템이 나오는곳에서만나와서 약간 시시한데 개꿀잼이고 그래픽이죽임,좋운데 템 이 나오는 곳 에서만 나와서 약간 시시한데 개꿀잼 이고 그래픽 이 죽임,2016-12-27 17:19:06
242760,The Forest,positive,"싱글 혹은 협동 생존 게임. 친구들과 함께 플레이할수 있어 매우 즐겁습니다. 여러 종류의 방식으로 직접 생존할 수 있는 점이 재미있었습니다. 나무 위에 집을 짓거나, 외벽을 두르고 마을을 세우거나.. 그리고 또, 적으로 등장하는 식인종들은 게임의 흥미와 긴장감을 한 층 더 증가시켜 줍니다. 독자적인 스토리도 있어 그걸 진행하는 재미도 물론 있구요! 생존 게임을 좋아하는 여러분께 이 게임을 추천하여 드리고 싶습니다.","싱글 혹은 협동 생존 게임 . 친구 들 과 함께 플레이 할수 있어 매우 즐겁습니다 . 여러 종류 의 방식 으로 직접 생존 할 수 있는 점 이 재미있었습니다 . 나무 위 에 집 을 짓거나 , 외벽 을 두르고 마을 을 세우거나 .. 그리고 또 , 적 으로 등장 하는 식인종 들 은 게임 의 흥미 와 긴장감 을 한 층 더 증가 시켜 줍니다 . 독자 적 인 스토리 도 있어 그걸 진행 하는 재미 도 물론 있구요 ! 생존 게임 을 좋아하는 여러분 께 이 게임 을 추천 하여 드리고 싶습니다 .",2016-12-26 20:15:52
242760,The Forest,positive,솔직히 이만한 생존게임이 있나?,솔직히 이만 한 생존 게임 이 있나 ?,2016-12-26 20:14:24
242760,The Forest,positive,당장 꺼버리고 싶을 정도로 무섭지만 재밌다 ㅡㅡ 하지만 싱글은 절대 안 할거야 ㅡㅡㅡㅡㅡㅡㅡ 게다가 한글채팅도 됌,당장 꺼 버리고 싶을 정도 로 무섭지만 재밌다 ㅡㅡ 하지만 싱글 은 절대 안 할거야 ㅡㅡㅡㅡㅡㅡㅡ 게다가 한글 채팅 도 됌,2016-12-26 05:41:18
242760,The Forest,positive,여자 원주민이 잴무서움 그리고 동굴박쥐 짜증남..,여자 원주민 이 잴 무서움 그리고 동굴 박쥐 짜증남 ..,2016-12-25 21:55:54
242760,The Forest,positive,와우 할말 없음 걍 사라 양심,와우 할말 없음 걍 사라 양심,2016-12-25 20:54:19
242760,The Forest,positive,정말 재밌는데 멀티할 친구가 없다는 ..ㅠㅠ,정말 재밌는데 멀티 할 친구 가 없다는 .. ㅠㅠ,2016-12-25 20:42:08
242760,The Forest,positive,아직도 동굴만 들어가면 무서워서 금방 나오고400시간 넘게 플레이했지만 여전히 재밌어요,아직도 동굴 만 들어가면 무서워서 금방 나오고 400시간 넘게 플레이 했지만 여전히 재밌어요,2016-12-25 10:37:33
242760,The Forest,positive,인육을 먹을수 있게 패치가 되었다. 내가 식인종인지 원주민이 식인종인지 모르겠다,인육 을 먹을수 있게 패치 가 되었다 . 내 가 식인종 인지 원주민 이 식인종 인지 모르겠다,2016-12-25 06:23:46
242760,The Forest,positive,생존게임을 즐겨하는데 현실감있는것 같아서 재밌다,생존 게임 을 즐겨하는데 현 실감 있는것 같아서 재밌다,2016-12-25 01:58:19
242760,The Forest,positive,굉장히 재밌게 플레이 한 게임 동굴 탐험할때 무섭긴 하지만 동굴을 돌아다니며 아이템들을 찾아 가지못했던곳을 탐험하며 자신이 원하는대로 집을 짓고 원주민과 변종들을 막으면서 생존하는 재미가 쏠쏠함 최근엔 엔딩도 나와서 한번 엔딩을 봤는데 엔딩을 여러번 볼 정도로 굉장히 재밌고 인상깊었던 게임 값은 제대로 하는 게임 단점 : 버그가 심함 더 포레스트같은 게임을 더 찾고싶다..,굉장히 재밌게 플레이 한 게임 동굴 탐험 할 때 무섭긴 하지만 동굴 을 돌아다니며 아이템 들 을 찾아 가지못 했던 곳 을 탐험 하며 자신 이 원하는대로 집 을 짓고 원주민 과 변종 들 을 막으면서 생존 하는 재미 가 쏠쏠함 최근 엔 엔딩 도 나와서 한번 엔딩 을 봤는데 엔딩 을 여러 번 볼 정도 로 굉장히 재밌고 인상 깊었던 게임 값 은 제대로 하는 게임 단점 : 버그 가 심함 더 포레스트 같은 게임 을 더 찾고싶다 ..,2016-12-25 01:07:31
242760,The Forest,positive,누가 식인종인지 모르겟다 걍 한명 죽여서 팔이랑 다리정도는 먹어도 되잖아요?,누가 식인종 인지 모르겟다 걍 한 명 죽 여서 팔이 랑 다리 정도 는 먹어도 되잖아요 ?,2016-12-24 20:36:22
242760,The Forest,positive,더 포레스트 상당히 괜찮은 게임이라 생각하고 있습니다. 무작정 파밍하고 모아 생존하는 것이 아닌 떡밥을 풀고 회수하여 생존게임을 지루하게만들수 있는 요소를 완화시켜 몰입감도 높힐 수 있습니다.엔딩이 호불호가 갈린다고 했는데 개인적으로는 맘에드는 ㅇ엔딩이었습니다. 이 게임을하면서 소름 돋았던게 한두번이 아니에요. 무서워서도 그랬고 떡밥을 풀면서도 그랬고...조금 아쉬운 점이라 하면 엔딩을 보면 그거야 말로 게임을 할 이유가 없어지는듯 해요.딱히 목표라 할만한것도 없어지고 그렇다고 생존ㄴ만 하는게 그리 재밋지도 않으니 말이죠. 왠만한,더 포레스트 상당히 괜찮은 게임 이라 생각 하고 있습니다 . 무작정 파밍 하고 모아 생존 하는 것 이 아닌 떡밥 을 풀 고 회수 하여 생존 게임 을 지루하게 만들수 있는 요소 를 완화 시켜 몰입 감도 높 힐 수 있습니다 . 엔딩 이 호불호 가 갈린다고 했는데 개인 적 으로는 맘 에드 는 ㅇ 엔딩 이었습니다 . 이 게임 을 하면서 소름 돋았던게 한두 번 이 아니에요 . 무서워서도 그랬고 떡밥 을 풀면서도 그랬고 ... 조금 아쉬운 점 이라 하면 엔딩 을 보면 그거 야 말로 게임 을 할 이유 가 없어지는듯 해 요 . 딱히 목표 라 할만 한 것 도 없어지고 그렇다고 생존 ㄴ 만 하는게 그리 재밋지 도 않으니 말 이 죠 . 왠만한,2016-12-24 11:21:34
242760,The Forest,positive,재밌습니다,재밌습니다,2016-12-24 11:17:47
242760,The Forest,positive,정말이지 느므 재미써요,정말 이지 느므 재미 써요,2016-12-24 11:05:58
242760,The Forest,positive,아녀하쎼요,아녀하 쎼 요,2016-12-24 11:05:47
242760,The Forest,positive,더포레스트 는 제밋긴 하지만 체팅하는 방법이 몰라요 ㅠㅠㅠㅠㅠㅠㅠㅠㅠㅠㅠㅠㅠㅠㅠ,더 포레스트 는 제밋긴 하지만 체팅하 는 방법 이 몰라요 ㅠㅠㅠㅠㅠㅠㅠㅠㅠㅠㅠㅠㅠㅠㅠ,2016-12-24 00:19:29
242760,The Forest,positive,몹 하나도 안나오는 쉬움 난이도로 해도 깜깜한 동굴 속에 들어가면 왠지 모르게 쫄게 됨. 어둡고 좁은거 달려드는 몹 무서워하는 사람에게 추천하려면 다음날 원자단위로 쪼개지도록 맞을 각오 해야함. 아직 미리해보기 상태라 그런지 간간히 버그가 있음.,몹 하나 도 안 나오는 쉬움 난이도 로 해도 깜깜 한 동굴 속 에 들어가면 왠지 모르게 쫄 게 됨 . 어둡고 좁은 거 달려드는 몹 무서워하는 사람 에게 추천 하려면 다음 날 원자 단위 로 쪼개지도록 맞을 각오 해야 함 . 아직 미리 해보기 상태 라 그런지 간간히 버그 가 있음 .,2016-12-24 00:07:29
242760,The Forest,positive,지인들이랑 하다가 접은 게임인데 엔딩이 나왔길래 지인들과 해보았더니 기대 이상의 엔딩과 맵들이 나와서 만족했다. 친구들과 같이 하시길..,지인 들 이랑 하다가 접은 게임 인데 엔딩 이 나왔길래 지인 들 과 해보았더니 기대 이상 의 엔딩 과 맵 들 이 나와서 만족했다 . 친구 들 과 같이 하시길 ..,2016-12-23 17:05:27
242760,The Forest,positive,꾸준히 업데이트 그리고 한국유저 대다수 멀티에서 트레이너사용으로인해 게임이재미없어지고있답니다. 유저가늘어나는건 좋지만 거의멀티방 3개는 트레이너유저 노답노잼 이런사람들제제를 해주시면좋을거같음.,꾸준히 업데이트 그리고 한국 유저 대다수 멀티 에서 트레이너 사용 으로 인해 게임 이 재미없어지고있답니다 . 유저 가 늘어나는건 좋지만 거의 멀티 방 3 개는 트레이너 유저 노답 노잼 이런 사람 들 제제 를 해주시 면 좋을거 같음 .,2016-12-23 15:28:58
242760,The Forest,positive,"엔딩 스토리를 이렇게 낼 줄이야.. 상당히 만족스러운 내용이었네요. 이거라면 다른 서브 스토리를 만들어서 업데이트해도 될 듯 하군요. 생존, 빌드, 스토리, 전투 10/10 ㅇ ㅅㅇb","엔딩 스토리 를 이렇게 낼 줄 이야 .. 상당히 만족스러운 내용 이었네요 . 이거라면 다른 서브 스토리 를 만들어서 업데이트 해도 될 듯 하 군 요 . 생존 , 빌드 , 스토리 , 전투 10/10 ㅇ ㅅㅇ b",2016-12-22 22:36:08
242760,The Forest,positive,[b] 처음에 비행기가 무슨이유때문에 추락했고 아들을 왜 데리고 갔는지 아는순간 당신은 상당히 충격에 빠지실겁니다. 앤딩장면이 너무충격적이라 아직도 소름끼치고 여운이남네요.. 인디게임이고 AAA급 게임은 아니지만 정식출시되면 각종 게임상들을 수상하지 않을까? 하고 감히 생각해봅니다.,[ b ] 처음 에 비행기 가 무슨 이유 때문 에 추락 했고 아들 을 왜 데리 고 갔는지 아는 순간 당신 은 상당히 충격 에 빠지실 겁니다 . 앤딩 장면 이 너무 충격 적 이라 아직도 소름끼치고 여운 이남 네 요 .. 인디 게임 이고 AAA 급 게임 은 아니지만 정식 출시 되면 각종 게임상 들 을 수상하지 않을까 ? 하고 감히 생각 해봅니다 .,2016-12-22 03:52:47
242760,The Forest,positive,게임하면서 이런경험느낀거 정말오랜만이다 생존 액션 호러게임이라 자칫하면 장르의방향성이흐트러질수있는데 마지막엔딩에서 다뒤집어버림 1만6천원내고 이런경험을했다는게개 혜자겜.....,게임 하면서 이런 경험 느낀거 정말 오랜 만이 다 생존 액션 호러 게임 이라 자칫하면 장르 의 방향성 이 흐트러 질수있는데 마지막 엔딩 에서 다 뒤집어 버림 1만 6천원 내고 이런 경험 을 했다는게 개 혜자 겜 .....,2016-12-21 22:13:43
242760,The Forest,positive,good,good,2016-12-21 21:19:46
242760,The Forest,positive,good~,good ~,2016-12-21 16:59:07
242760,The Forest,positive,아포칼립스처럼 큰 원주민 마을이 있었으면 좋을듯. 그리고 지능도 상향시켜주면 좋겠습니다..,아포칼립스 처럼 큰 원주민 마을 이 있었으면 좋을듯 . 그리고 지능 도 상향 시켜주면 좋겠습니다 ..,2016-12-20 17:28:23
242760,The Forest,positive,엔딩 씨이이잉잉이이잉ㅂㄹ....,엔딩 씨 이 이 잉잉이 이 잉 ㅂㄹ ....,2016-12-19 21:16:16
242760,The Forest,positive,매우재밌어요,매우 재밌어요,2016-12-19 12:37:54
242760,The Forest,positive,"업테이트가 되면서 점차 발전되는 모습이 보이고, 아름다운 경치와 적당한 스릴러, 적절한 전투가 섞여 상당히 재미있게 플레이를 할 수 있는 생존게임입니다.","업테 이 트 가 되면서 점차 발전 되는 모습 이 보이 고 , 아름다운 경치 와 적당한 스릴러 , 적절한 전투 가 섞여 상당히 재미있게 플레이 를 할 수 있는 생존 게임 입니다 .",2016-12-18 18:57:06
242760,The Forest,positive,2년간 엔딩이 나오지않다가 드디어 나온 더포레스트 엔딩 ! 직접 해봣는데 정말 최고에요!! 소수의 개발진들로 어떻게 이런 게임을 만들었는지 모르겟지만 정말 재미있게 플레이했습니다 마지막부근가서는 더 포레스트가아닌 무슨 포탈이나 하프라이프 깨는 그런 기분이였어요 3인멀티로 깨서 약 5시간 걸렷네요 처음부터 해서. 결국 식인종보단 사람이 무섭다는걸 다시한번 느낌.. 식인종AI도 좋아졋고 오류도 많이 사라져서 이젠 멀티에는 거의 지장이없습니다! 생존게임중에서는 그래도 원탑이라 생각합니다. +엔딩볼려면 동굴 여러군데 돌아다녀야하는데,2년 간 엔딩 이 나오지 않다가 드디어 나온 더 포레스트 엔딩 ! 직접 해봣는데 정말 최고 에요 !! 소수 의 개발 진 들 로 어떻게 이런 게임 을 만들었는지 모르겟지만 정말 재미있게 플레이 했습니다 마지막 부근 가 서는 더 포레스트 가 아닌 무슨 포탈 이나 하프라이프 깨는 그런 기분 이 였어요 3 인 멀티 로 깨서 약 5시간 걸렷네 요 처음 부터 해서 . 결국 식인종 보단 사람 이 무섭다는걸 다시 한번 느낌 .. 식인종 AI 도 좋아졋 고 오류 도 많이 사라져서 이 젠 멀티 에는 거의 지장 이 없습니다 ! 생존 게임 중 에서는 그래도 원 탑 이라 생각 합니다 . + 엔딩 볼려면 동굴 여러 군데 돌아다녀야하는데,2016-12-17 19:13:32
242760,The Forest,positive,제가 플레이한 생존게임중 가장 재밌었던 게임이에요 😀,제 가 플레이 한 생존 게임 중 가장 재밌었던 게임 이에요 😀,2016-12-16 23:28:07
242760,The Forest,positive,굳,굳,2016-12-15 18:41:10
242760,The Forest,positive,엔딩봄 스토리 잘만든거 같다 아무튼 개재밋음 한번해보세요,엔딩 봄 스토리 잘 만든거 같다 아무튼 개재 밋음 한번 해보세요,2016-12-15 17:25:14
242760,The Forest,positive,아 엔딩전까지 재밋는데 엔딩보니까 .... 스포주의 일딴 아들 살릴려고 다른여자애 제물로 바쳐 살린거같은데 아들까지도 그여자애처럼 된건지 모르겟다... 볼트안의 이야기도없고 갑작스레 엔딩이나와서 놀램...,아 엔딩 전 까지 재밋는데 엔딩 보 니까 .... 스포 주의 일 딴 아들 살릴려고 다른 여자애 제물 로 바쳐 살린거 같은데 아들 까지도 그 여자애 처럼 된 건지 모르겟다 ... 볼트 안 의 이야기 도 없고 갑작스레 엔딩 이나 와서 놀램 ...,2016-12-15 15:32:11
242760,The Forest,positive,식인종이 되는게임,식인종 이 되는 게임,2016-12-14 00:05:48
242760,The Forest,positive,사소한 버그? 들만 빼면 꿀잼 아직 스토리에 엔딩이 없는건 좀 그렇지만 아직 알파버전이라 계속 업데이트 중이고 재밌습니다 ㅋㅋㅋㅋㅋㅋㅋ,사소한 버그 ? 들만 빼면 꿀잼 아직 스토리 에 엔딩 이 없는건 좀 그렇지만 아직 알파 버전 이라 계속 업데이트 중이 고 재밌습니다 ㅋㅋㅋㅋㅋㅋㅋ,2016-12-10 23:38:01
242760,The Forest,positive,생존게임을 찾다가 구매하게 되었습니다. 플레이 해보니 상당히 마음에 드는 게임이네여 아직 조금 부족한 부분이 보이기는 하지만 아직 완성이 된 게임이 아니고 지속적인 업데이트가 이루어지는 것 같아서 앞으로의 모습도 엄청 기대됩니당!,생존 게임 을 찾다가 구매 하게 되었습니다 . 플레이 해보니 상당히 마음 에 드는 게임 이네 여 아직 조금 부족한 부분 이 보이 기는 하지만 아직 완성 이 된 게임 이 아니고 지속 적 인 업데이트 가 이루어지는 것 같아서 앞 으로의 모습 도 엄청 기대 됩니당 !,2016-12-09 18:03:36
242760,The Forest,positive,good,good,2016-12-08 18:35:25
242760,The Forest,positive,이 게임은 원주민 친구들이 제 집에 방문해 놀다가는 게임입니다. 저는 도시를 떠나 숲에서 사는것에 대한 자유로움을 느낄 수 있어서 좋았습니다. 동굴로 내려가 친구들의 집을 찾아보는것도 좋을것 같네요. 친구들이 당신을 반겨줄겁니다. 아들을 찾는것은 이제 상관없어요. 전 이 생활이 좋으니까요.,이 게임 은 원주민 친구 들 이 제 집 에 방문 해 놀다가는 게임 입니다 . 저 는 도시 를 떠나 숲 에서 사는것에 대한 자유 로움 을 느낄 수 있어서 좋았습니다 . 동굴 로 내려가 친구 들 의 집 을 찾아보는것도 좋을것 같네요 . 친구 들 이 당신 을 반겨줄 겁니다 . 아들 을 찾는것은 이제 상관없어요 . 전 이 생활 이 좋으니까 요 .,2016-12-06 05:16:00
242760,The Forest,positive,베어그릴스도 사람은 못먹어봤겠지,베어그릴스 도 사람 은 못 먹어 봤겠지,2016-12-02 22:19:42
242760,The Forest,positive,정말 재밌다 친구와 플레이,정말 재밌다 친구 와 플레이,2016-12-02 21:02:55
242760,The Forest,positive,개인적으로 아쉬운게임,개인 적 으로 아쉬운 게임,2016-11-28 21:04:43
242760,The Forest,positive,즈응말 재밌다,즈 응말 재밌다,2016-11-27 23:18:25
242760,The Forest,positive,즁말 재밌습니다,즁말 재밌습니다,2016-11-27 16:11:42
242760,The Forest,positive,재미있습니다.,재미있습니다 .,2016-11-27 13:43:38
242760,The Forest,positive,그 곳에 나무가 있기에 나는 오늘도 한그루의 나무를 벤다,그 곳 에 나무 가 있기에 나 는 오늘 도 한그루 의 나무 를 벤다,2016-11-27 13:16:58
242760,The Forest,positive,게임속의 식인종 초귀엽..,게임 속 의 식인종 초 귀엽 ..,2016-11-26 23:23:29
242760,The Forest,positive,생존게임중 재일 재미있네요.,생존 게임 중 재일 재미있네요 .,2016-11-26 19:06:01
242760,The Forest,positive,아직 얼리 엑세스 게임이지만 정말 재미있네요,아직 얼리 엑세스 게임 이지만 정말 재미있네요,2016-11-26 17:36:48
242760,The Forest,positive,좋음 친구랑하면,좋음 친구 랑 하면,2016-11-26 13:18:01
242760,The Forest,positive,이 게임은 너무 재미 있음 멀티도 되고,이 게임 은 너무 재미 있음 멀티 도 되고,2016-11-26 12:14:21
242760,The Forest,positive,원주민 카와이,원주민 카와이,2016-11-26 12:11:54
242760,The Forest,positive,언제 갓겜됨?,언제 갓 겜 됨 ?,2016-11-26 10:13:43
242760,The Forest,positive,식인종 시뮬레이터,식인종 시뮬레이터,2016-11-26 03:56:47
242760,The Forest,positive,같이 할분 구합니다! 같이 하실분은 친추나 답글 주세연!,같이 할 분 구합 니 다 ! 같이 하실 분 은 친추 나 답글 주 세 연 !,2016-11-25 19:50:57
242760,The Forest,positive,게이바 섬에같혀서 생존하는 일화게임.,게이바 섬 에 같혀서 생존 하는 일화 게임 .,2016-11-25 13:50:06
242760,The Forest,positive,이거넘잼씀ㅋㅋㅋㅋㅋㅋㅋㅋㅋㅋㅋㅋㅋ,이 거 넘 잼 씀 ㅋㅋㅋㅋㅋㅋㅋㅋㅋㅋㅋㅋㅋ,2016-11-25 09:28:35
242760,The Forest,positive,식인종들과 친구하는 게임 친구가 되었으니 그들의 터전을 기습해 보자 그들의 보금자리를 파헤쳐가며 물품을 얻자!! 그렇다 그들은 아낌없이 주는 시체다!! 먹고 태우고 뼈로 갑옷을 만들자!!,식인종 들 과 친구 하는 게임 친구 가 되었으니 그 들 의 터전 을 기습 해 보자 그 들 의 보금자리 를 파헤쳐가며 물품 을 얻자 !! 그렇다 그 들 은 아낌없이 주는 시체 다 !! 먹고 태우고 뼈 로 갑옷 을 만들자 !!,2016-11-24 23:50:56
242760,The Forest,positive,친구랑 같이 하면 ㄹㅇ 꿀잼,친구 랑 같이 하면 ㄹㅇ 꿀잼,2016-11-24 20:02:06
242760,The Forest,positive,이 게임은 인디 게임의 퀄리티를 넘어 회사의 게임을 위협하는 게임입니다. 처음에 보았을떈 일반적인 유명한 마크의 그래픽이 좋은 버전이라고 생각했습니다. 하지만 업데이트와 multiplay를 만들면서 조금씩 게임의 컨텐츠의 다양성등이 생겼다. 이제는 마크가 그래픽이 좋은버전에서 점점 the Forest라는 이름의 게임으로 알려져가는 게임입니다. 엔딩이 없는 끝없는 파밍게임에서 스토리를 보는 재미가 생기는 게임으로 성장하는 이 인디게임은 정말 좋은게임입니다. 이제는 버그와 간단한 그래픽 조정만 하면 더 좋은 게임이 될것 같습니다. 스,이 게임 은 인디 게임 의 퀄리티 를 넘어 회사 의 게임 을 위협 하는 게임 입니다 . 처음 에 보았을 떈 일반 적 인 유명한 마크 의 그래픽 이 좋은 버전 이라고 생각 했습니다 . 하지만 업데이트 와 multiplay 를 만들면서 조금씩 게임 의 컨텐츠 의 다양성 등 이 생겼다 . 이제 는 마크 가 그래픽 이 좋은 버전 에서 점점 the Forest 라는 이름 의 게임 으로 알려져가는 게임 입니다 . 엔딩 이 없는 끝없는 파밍 게임 에서 스토리 를 보는 재미 가 생기는 게임 으로 성장하는 이 인디 게임 은 정말 좋은 게임 입니다 . 이제 는 버그 와 간단한 그래픽 조정만 하면 더 좋은 게임 이 될것 같습니다 . 스,2016-11-24 19:01:51
242760,The Forest,positive,"아직 공식 알파 버전인지라 업데이트 할 수록 렉이 심해지지만, 새롭게 업데이트할때 마다 생기는 컨텐츠도 괜찮고 좋아요 :3","아직 공식 알파 버전 인지 라 업데이트 할 수록 렉 이 심해지지만 , 새롭게 업데이트 할 때 마다 생기는 컨텐츠 도 괜찮고 좋아요 : 3",2016-11-24 18:17:24
242760,The Forest,positive,스릴넘치고 하면 할수록 재미있네,스릴 넘치고 하면 할수록 재미있네,2016-11-24 18:11:10
242760,The Forest,positive,"친구없으면 사지마세요 단, 친구가있다면 꼬신뒤 닥치고 사세요","친구 없으면 사지 마세요 단 , 친구 가 있다면 꼬신뒤 닥치고 사세요",2016-11-24 16:40:32
242760,The Forest,positive,원주민이 따라오는데 저한테 감자를 주네요.,원주민 이 따라오는데 저 한테 감자 를 주네 요 .,2016-11-24 15:27:29
242760,The Forest,positive,상당히 재밌는게임 동굴탐험이 누구와 함께하기 좋습니다,상당히 재밌는 게임 동굴탐험 이 누구 와 함께 하기 좋습니다,2016-11-24 11:08:27
242760,The Forest,positive,"처음할 땐 통나무만 캐다 비명횡사 엔딩인데, 나중엔 시작하자마자 동굴 쳐들어감 ㅋㅋㅋ","처음 할 땐 통나무 만 캐다 비명 횡사 엔딩 인데 , 나중 엔 시작 하 자마자 동굴 쳐 들어감 ㅋㅋㅋ",2016-11-24 11:03:51
242760,The Forest,positive,언리억세스중 가장 잘 샀다고 생각,언 리 억세 스 중 가장 잘 샀다고 생각,2016-11-24 09:25:58
242760,The Forest,positive,정말 슬픈 게임이였습니다. 시작하자마자 아들이 납치되고 주인공은 비행기에..원시인들은 도끼에 찍혀도 살아있는 괴인종이였던 것이 너무 무서웠던 것 같습니다. 조난된 분위기와 다양한 괴인종을 잘 만들어낸 게임입니다.,정말 슬픈 게임 이 였습니다 . 시작 하 자마자 아들 이 납치 되고 주인공 은 비행기 에 .. 원시인 들 은 도끼 에 찍혀도 살아있는 괴 인 종이 였던 것 이 너무 무서웠던 것 같습니다 . 조난 된 분위기 와 다양한 괴인종 을 잘 만들어 낸 게임 입니다 .,2016-11-24 06:39:52
242760,The Forest,positive,최적화는 덜되있지만 재밌다,최적화 는 덜 되있지만 재밌다,2016-11-23 20:31:52
242760,The Forest,positive,처음엔 상당히 신선했고 괜찮았으나 얼리 액세스 게임의 한계가 드러난다. 게다가 요즘 업뎃이 뜸하다..,처음 엔 상당히 신선했고 괜찮았으나 얼리 액세스 게임 의 한계 가 드러난다 . 게다가 요즘 업뎃 이 뜸 하다 ..,2016-11-17 03:05:47
242760,The Forest,positive,this game is very nice I recommend you this game,this game is very nice I recommend you this game,2016-11-15 22:21:49
242760,The Forest,positive,아 이건 비행기추락후에 납치된 아들찾으러갔다가 식인종과 괴물사이에서 살아남으면서 단서찾는데 처음엔 막 꾸이예엥끠에엥 이소리에 무서워서 벌벌 떨었는데 적응하면 그냥 뭐 학살자. 그냥 학살.대학살수준임 집근처에 널려있는 시체 주워다가 절단절단절단 토템토템토템 남은시체 비상식량으로 쓰거나 불태워버리고. 템들도 리젠되어서 편함... 처음에 저희 방오셔서 하드캐리해주신분 너무 감사함... 덕분에 더 이상 쫄지않고 맞다이 뜰 깡이 생겼어요.,아 이건 비행기 추락 후 에 납치 된 아들 찾으러 갔다가 식인종 과 괴물 사이 에서 살아남으면서 단서 찾는데 처음 엔 막 꾸 이 예 엥끠 에 엥 이소리 에 무서워서 벌벌 떨었는데 적응하면 그냥 뭐 학살 자 . 그냥 학살 . 대 학살 수준 임 집 근처 에 널려 있는 시체 주워다가 절단 절단 절단 토템토템토템 남은 시체 비상식량 으로 쓰거나 불 태워 버리고 . 템 들 도 리젠 되어서 편함 ... 처음 에 저희 방 오셔서 하드캐리 해주 신분 너무 감사함 ... 덕분 에 더 이상 쫄지않 고 맞다이 뜰 깡 이 생겼어요 .,2016-11-15 19:25:54
242760,The Forest,positive,This game has a great soundtrack and also i love the adventure in it it almost calms me when i play but when i go in hard mode theres a buntch of action and FUN! You should realy get this game its AMAZING!!!!,This game has a great soundtrack and also i love the adventure in it it almost calms me when i play but when i go in hard mode theres a buntch of action and FUN ! You should realy get this game its AMAZING !!!!,2016-11-10 12:12:59
242760,The Forest,positive,"아직 미완성. 컨텐츠 매우 부족, 할일이 몇시간하면 끝남.","아직 미완성 . 컨텐츠 매우 부족 , 할 일이 몇 시간 하 면 끝남 .",2016-11-10 00:52:02
242760,The Forest,positive,초반에는 버그도 많고 그랬는데..업데이트가 잦아지면서 좀 사그라든거같음. 혼자할땐 좀 무섭고 친구들이랑 하면 덜무서운듯하나 그래도 무서움 근데 갈수록 살아남기보다는 그냥... 노동게임..?.. 나무꾼된기분,초반 에는 버그 도 많고 그랬는데 .. 업데이트 가 잦아지면서 좀 사그라든거 같음 . 혼자 할 땐 좀 무섭고 친구 들 이랑 하면 덜 무서운듯 하나 그래도 무서움 근데 갈수록 살아남 기 보다는 그냥 ... 노동 게임 ..?.. 나무꾼 된 기분,2016-11-07 21:25:21
242760,The Forest,positive,사고 후회안드는게임,사고 후회 안 드는 게임,2016-11-05 22:49:27
242760,The Forest,positive,상당히 재밌네요,상당히 재밌네요,2016-11-05 13:12:43
242760,The Forest,positive,본격 벌목게임!! 식인종들은 잡을만한데 돌연변이 나오면 ㅌㅌㅌㅌㅌ 건물 지을때 많은 노가다가 필요로하지만 왠지 만들어놓으면 뿌듯.. 나중엔 건설에 빠져서 벌목하는데만 몇시간 투자하는 자신을 보게될듯..,본격 벌목 게임 !! 식인종 들 은 잡을만한 데 돌연변이 나오면 ㅌㅌㅌㅌㅌ 건물 지을 때 많은 노가다 가 필요 로 하지만 왠지 만들어놓으면 뿌듯 .. 나중 엔 건설 에 빠져서 벌목 하는데만 몇 시간 투자 하는 자신 을 보게 될듯 ..,2016-11-03 09:50:50
242760,The Forest,positive,1.러스트보다 재밌고 아늑하고 부드럽고 따듯한 분위기로 플레이가 가능 [h1][ 2인이상 협동을 할경우][/h1] 2.혼자서 식인으로부터 자신의 몸을 보호하고 어두운 분위기의 암울한 세상에서 개척해 나아갈 수 있음 3.바다 공포증 심해 공포증 체험 가능,1 . 러스트 보다 재밌고 아늑하고 부드럽고 따듯 한 분위기 로 플레이 가 가능 [ h 1 ][ 2 인 이상 협동 을 할 경우 ][/ h 1 ] 2 . 혼자 서 식인 으로부터 자신 의 몸 을 보호 하고 어 두운 분위기 의 암울한 세상 에서 개척 해 나아갈 수 있음 3 . 바다 공포증 심해 공포증 체험 가능,2016-11-02 23:27:04
242760,The Forest,positive,처음에는 개 꿀잼이었는데... 가면 갈수록 컨텐츠가 너무 부족하내요.. 업데이트를 해주시긴하는데..너무 짜잘한거만 해주시는듯..대규모로 패치좀 해주면 좋을거 같내요. 적들도 처음에만 힘겹지..나중에 가면 패턴을 외워서 그냥 돌도끼 들고 한대도 안맞고 무쌍해버리내요.그리고 게임 분위기상 멀티보다 싱글이 더 재밌는듯.,처음 에는 개 꿀 잼이었는데 ... 가면 갈수록 컨텐츠 가 너무 부족하내요 .. 업데이트 를 해주시긴 하는데 .. 너무 짜잘 한 거만 해주시는듯 .. 대규모 로 패치 좀 해주면 좋을거 같내요 . 적 들 도 처음 에만 힘겹지 .. 나중 에 가면 패턴 을 외워서 그냥 돌 도끼 들고 한 대도 안 맞고 무쌍 해 버리내요 . 그리고 게임 분위기 상 멀티 보다 싱글 이 더 재밌는듯 .,2016-10-31 23:28:11
242760,The Forest,positive,우리가 식인종을 괴롭히는 게임,우리 가 식인종 을 괴롭히는 게임,2016-10-31 22:00:18
242760,The Forest,positive,재미없진 않은데 초보자를 의한 ui 나 기초적인 팁은 굉장히 부족합니다.... 하드코어 게이머 아닌 중급 타겟층을 노린것 같지만상당히 어려운게임이에요. 발전해나가는건 좋은 상황이나 일 이년 뒤엔 뭍힐 게임이라는거 확신합니다 그전에 뭔가 해야해할거같은데요...\\,재미없진 않은데 초보자 를 의한 ui 나 기초 적 인 팁 은 굉장히 부족합니다 .... 하드코어 게이머 아닌 중 급 타겟 층 을 노린것 같지만 상당히 어려운 게임 이에요 . 발전 해 나가는건 좋은 상황 이나 일 이 년 뒤 엔 뭍힐 게임 이라는 거 확신 합니다 그 전 에 뭔가 해야해 할거 같은데요 ...\\,2016-10-31 01:35:12
242760,The Forest,positive,극히 주관적임. ---{Graphics}--- ○ 기가막힘 ○ 아름다움 ● 괜찮음 ○ 어지간함 ○ 봐줄만 함 ○ 별로임 ○ 끔찍함 ○특색있음 ---{Gameplay}--- ○ 중독되지 않게 조심 ○ 굉장히 좋음 ● 좋음 ○ 평범함 ○ 음.. ○ 별로임 ○ 끔찍함 ---{Audio}--- ○ 하으읏 ○ 굉장히 좋음 ○ 좋음 ● 어지간함 ○ 크게 나쁘지 않음 ○ 나쁨 ○ 귀갱 ---{PC Requirements}--- ○ 계산기 구동만 가능하면 됨 ● 좋지 않아도 됨 ○ 어지간해야함 ○ 빨라야함 ○ 존나 좋아야함 ---{Di,극히 주관 적임 . ---{ Graphics }--- ○ 기 가 막힘 ○ 아름다 움 ● 괜찮음 ○ 어지간함 ○ 봐줄만 함 ○ 별로 임 ○ 끔찍함 ○ 특색 있음 ---{ Gameplay }--- ○ 중독 되지 않게 조심 ○ 굉장히 좋음 ● 좋음 ○ 평범함 ○ 음 .. ○ 별로 임 ○ 끔찍함 ---{ Audio }--- ○ 하으읏 ○ 굉장히 좋음 ○ 좋음 ● 어지간함 ○ 크게 나쁘지 않음 ○ 나쁨 ○ 귀 갱 ---{ PC Requirements }--- ○ 계산기 구동 만 가능하면 됨 ● 좋지 않아도 됨 ○ 어지간해야 함 ○ 빨라 야함 ○ 존나 좋아야 함 ---{ Di,2016-10-22 22:29:06
242760,The Forest,positive,Not bad!,Not bad !,2016-10-19 12:08:47
242760,The Forest,positive,아들을 찾기위해 식인종을 때려잡다가 아들따윈 잊고 식인종과 함께 살아가는 갓겜,아들 을 찾기 위해 식인종 을 때려 잡다가 아들 따윈 잊고 식인종 과 함께 살아가는 갓 겜,2016-10-14 02:58:27
242760,The Forest,positive,더포레스트를삿는데 steam뭐시기떠요ㅠㅠ,더 포레스트 를 삿 는데 steam 뭐시기 떠요 ㅠㅠ,2016-10-10 19:31:47
242760,The Forest,positive,너무 재밌습니다 앞으로 업데이트를 자주해주셨으면 좋겠습니다!!,너무 재밌습니다 앞 으로 업데이트 를 자주 해주셨으면 좋겠습니다 !!,2016-10-10 17:41:14
242760,The Forest,positive,식인종들이 영화 디센트에 나오는 놈들 같다.,식인종 들 이 영화 디센트 에 나오는 놈 들 같다 .,2016-10-09 20:11:37
242760,The Forest,positive,재밌어요.근대 아이템 다 모으고 나면난이도가 많이 내려가네요.식인종들 무섭지도 않구요 근대 이거 언제 까지 앞서 해보기인가요 정식출시 되긴하는가요?,재밌어요 . 근대 아이템 다 모으고 나면 난이도 가 많이 내려가네요 . 식인종 들 무섭지도 않구요 근대 이 거 언제 까지 앞서 해보기인가요 정식 출시 되긴 하는가요 ?,2016-10-09 05:54:59
242760,The Forest,positive,정말재미있네요.,정말 재미있네요 .,2016-10-08 10:43:50
242760,The Forest,positive,할만한 생존게임 꼭 친구랑 같이하세요,할만 한 생존 게임 꼭 친구 랑 같이하세요,2016-10-05 14:14:57
242760,The Forest,positive,"동굴,벌목 시뮬레이션을 합친 생존 어드벤처 게임입니다. 거기에다가 손전등,등반도끼,카타나등 얻을려고 모험을떠나야하죠. 일단 나무와동굴을 구경하고싶다면 부디 추천드리는바입니다. 그리고 나무를 없애서 울창한숲을 없애는 환경 파괴자가 되어보세요!","동굴 , 벌목 시뮬레이션 을 합친 생존 어드벤처 게임 입니다 . 거기 에다가 손전등 , 등반 도끼 , 카타나 등 얻을려고 모험 을 떠나야하죠 . 일단 나무 와 동굴 을 구경 하고싶다면 부디 추천 드리는바 입니다 . 그리고 나무 를 없애서 울창 한 숲 을 없애는 환경 파괴 자 가 되어 보세요 !",2016-10-03 19:58:55
242760,The Forest,positive,친구추천으로샀는데 재밋어요,친구 추천 으로 샀는데 재밋어 요,2016-10-03 08:36:02
242760,The Forest,positive,Good Game vary vary good!!!!,Good Game vary vary good !!!!,2016-10-02 16:30:27
242760,The Forest,positive,"생각보다 높은 완성도, 업데이트가 기대된다.","생각 보다 높은 완성 도 , 업데이트 가 기대 된다 .",2016-10-01 23:50:53
242760,The Forest,positive,"[h1] 무섭지만, 위험을 감수하고, 아들을 찾아 나서는 아버지 [/h1] 이 작품은 한마디로 "" 혁신적 이다 "" 어떤 게임이든 정해진 틀이 있고, 만드는것이 제한되어있지만, 이 게임은 그렇지 않다. 장벽이나 건물을 아무곳이나 세울 수 있으며, 식인종들(원주민)의 사지를 절단하는 것이 무엇보다 재미있다. 하지만, 혼자하면 왠지 무섭기때문에, 나는 코옵을 선호하는 편이다. 만약 코옵이 하고싶다면, 나를 친추하길 바란다. 아주 친절하게 대해주겠다. 크흠... 말이 이상한데로 가버린것 같다. 일단 이 게임은 스트레스를 해소하는것과, 건","[ h 1 ] 무섭지만 , 위험 을 감수 하고 , 아들 을 찾아 나서는 아버지 [/ h 1 ] 이 작품 은 한마디 로 "" 혁신 적 이다 "" 어떤 게임 이든 정해진 틀 이 있고 , 만드는것이 제한 되어있지만 , 이 게임 은 그렇지 않다 . 장벽 이나 건물 을 아무 곳 이나 세울 수 있으며 , 식인종 들 ( 원주민 ) 의 사지 를 절단 하는 것 이 무엇 보다 재미있다 . 하지만 , 혼자 하면 왠지 무섭기 때문 에 , 나 는 코옵 을 선호 하는 편이 다 . 만약 코옵 이 하고싶다면 , 나를 친추 하길 바란다 . 아주 친절하게 대 해주 겠다 . 크 흠 ... 말 이 이상한데로 가버린것 같다 . 일단 이 게임 은 스트레스 를 해소 하는것과 , 건",2016-10-01 17:43:23
242760,The Forest,positive,밤에 매우 놀라는 게임ㅋㅋㅋㅋㅋㅋㅋㅋㅋ 나무위에 집짓든 어디에 집짓든 우르르르 달려와서 무너뜨림...ㅠㅠㅠ 너무행...흑,밤 에 매우 놀라는 게임 ㅋㅋㅋㅋㅋㅋㅋㅋㅋ 나무 위 에 집 짓든 어디 에 집 짓든 우르르 르 달려와서 무너 뜨 림 ... ㅠㅠㅠ 너무 행 ... 흑,2016-10-01 00:59:21
242760,The Forest,positive,게임은 재밌습니다만 아직까진 오류도 많고 막상 컨텐츠를 모두 다 해보면 빨리 질린다는 단점이 있는 게임이지만 친구랑 할 때만은 시간가는줄 모르고 계속 하게되네요,게임 은 재밌습니다만 아직 까진 오류 도 많고 막상 컨텐츠 를 모두 다 해보면 빨리 질린다는 단점 이 있는 게임 이지만 친구 랑 할 때 만은 시간 가는줄 모르고 계속 하게 되네요,2016-09-29 18:25:20
242760,The Forest,positive,이 리뷰는 게임이 처음 나왔을 당시에 바로 사서 아예 안하다가 현재 업데이트 된 버전(0.47)을 기준으로 작성하였습니다. 일단 한 마디로 말하자면 앞으로의 업데이트가 매우 기대되는 작품 이 게임이 처음으로 나왔을 때는 정상적인 플레이조차 하지 못했던 게임인데 왜 팔지... 라는 생각으로 이 게임을 다른 생존게임들과 마찬가지로 얼리액세스로 계속 돈만 뜯어내려는 수작으로 판단하고 '돈을 버렸다'라고 생각하며 2년을 넘게 봉인하고 있었던 게임인데 최근에 산 친구가 같이 하자고 해서 그대로 봉인하기엔 돈이 아깝기도 해서 한번 해봤다,이 리뷰 는 게임 이 처음 나왔을 당시 에 바로 사서 아예 안 하다가 현재 업데이트 된 버전 ( 0.47 ) 을 기준 으로 작성 하였습니다 . 일단 한 마디 로 말 하자면 앞 으로의 업데이트 가 매우 기대 되는 작품 이 게임 이 처음 으로 나왔을 때 는 정상 적 인 플레이 조차 하지 못 했던 게임 인데 왜 팔지 ... 라는 생각 으로 이 게임 을 다른 생존 게임 들 과 마찬가지 로 얼리 액세스 로 계속 돈 만 뜯어내려는 수작 으로 판단 하고 ' 돈 을 버렸다 ' 라고 생각 하며 2년 을 넘게 봉인 하고 있었던 게임 인데 최근 에 산 친구 가 같이 하자 고 해서 그대로 봉인 하기엔 돈 이 아깝 기도 해서 한번 해봤다,2016-09-25 15:58:19
242760,The Forest,positive,벌목 게임,벌목 게임,2016-09-24 01:23:07
242760,The Forest,positive,재밌습니다.근데 좀 뭔가 컨텐츠가 더 필요하겠네요 섬이라는 특징 때문인지 좀 답답한 면이 없지 않아 있네요,재밌습니다 . 근데 좀 뭔가 컨텐츠 가 더 필요하겠네요 섬 이라는 특징 때문 인지 좀 답답한 면 이 없지 않아 있네요,2016-09-23 21:00:53
242760,The Forest,positive,"게임 스토리는 비행기 추락으로 떨어진 섬에서 식인부족에게 잡혀간 아들을 찾는 게임입니다.(사실 집 지으면서 식인종 잡다보면 아들은 기억 속에서 잊어버리게 되는 게임이기도...) 집짓기도 재밋지만 진짜는 동굴탐험이 꿀잼인 게임입니다. 동굴 들어가시면 동굴천장이나 어둠속에서 갑자기 튀어 나오는 식인종들에 심장이 멋는 순간이 한두번 아닐겁니다. 그로인해 동굴은 아예 처다도 안보는 분들도 계실정도지요. 대충 작은 오두막 몇개 짓고서 여기저기 동굴 탐험하면서 일본도,모던도끼,클라이밍도끼,다이브장비 얻고 활과 불화살을 만들면 싱크홀을","게임 스토리 는 비행기 추락 으로 떨어진 섬 에서 식인 부족 에게 잡혀간 아들 을 찾는 게임 입니다 .( 사실 집 지으면서 식인종 잡다 보면 아들 은 기억 속 에서 잊어버리게 되는 게임 이기도 ...) 집짓기 도 재밋 지만 진짜 는 동굴탐험 이 꿀잼 인 게임 입니다 . 동굴 들어가시면 동굴 천장 이나 어둠 속 에서 갑자기 튀어 나오는 식인종 들 에 심장 이 멋 는 순간 이 한두 번 아닐 겁니다 . 그로 인해 동굴 은 아예 처 다도 안보 는 분 들 도 계실 정도 지 요 . 대충 작은 오두막 몇개 짓고서 여기저기 동굴 탐험 하면서 일본도 , 모던 도끼 , 클라 이 밍 도끼 , 다이브 장비 얻고 활 과 불 화살 을 만들면 싱크홀 을",2016-09-21 11:33:14
242760,The Forest,positive,비교 타 게임보다 저렴한 가격에 생존게임 구매함 (멀티만함) 재밌게했음 다만 환경파괴가 극심함 그리고 아직 마지막문이 패치가 안됬는지 엔딩을 볼 수 없 음 .... 멀티플레이 인데도 함께 함께 스토리를 깰 수 있어 좋음 - 정식출시 이후 플레이 - 진심 생존게임의 한 획을 긋는 갓포레스트! 멀티꿀잼! 파밍꿀잼! 크흐.. 생존입문했다고? 포레스트빼면 서운하지~ 스토리도 무난하고 재밌습니다ㅎㅎ,비교 타 게임 보다 저렴한 가격 에 생존 게임 구매 함 ( 멀티 만 함 ) 재밌게 했음 다만 환경 파괴 가 극심함 그리고 아직 마지막 문 이 패치 가 안됬는지 엔딩 을 볼 수 없 음 .... 멀티플레이 인데도 함께 함께 스토리 를 깰 수 있어 좋음 - 정식 출시 이후 플레이 - 진심 생존 게임 의 한 획 을 긋는 갓 포레스트 ! 멀티 꿀잼 ! 파밍 꿀잼 ! 크흐 .. 생존 입문 했다고 ? 포레스트 빼면 서운하지 ~ 스토리 도 무난 하고 재밌습니다 ㅎㅎ,2016-09-20 04:03:08
242760,The Forest,positive,진짜 재밌슴 ㅋㅋ,진짜 재밌슴 ㅋㅋ,2016-09-19 21:04:59
242760,The Forest,positive,새이브기능이원할하게되지안습니다,새 이브 기능 이 원 할하 게 되지안습니다,2016-09-19 17:23:28
242760,The Forest,positive,"처음에는 재미가 없는줄 알았지만 넓은 맵에 소름끼치는 동굴과 해저동굴,여러가지 동물들과 식인종 and 돌연변이 밤이 되면 식인종이 우르르 몰려오는게 공포감이 있다 처음에 뭣모르고 하면 재미가없을 것이다 꼭 고수분들과 함께 다니는 것! 꿀파밍이 될 것이다","처음 에는 재미 가 없는줄 알았지만 넓은 맵 에 소름끼치는 동굴 과 해저 동굴 , 여러가지 동물 들 과 식인종 and 돌연변이 밤 이 되면 식인종 이 우르르 몰려오는게 공포 감 이 있다 처음 에 뭣모르 고 하면 재미 가 없을 것 이다 꼭 고수 분들 과 함께 다니는 것 ! 꿀 파밍 이 될 것 이다",2016-09-18 23:19:39
242760,The Forest,positive,(사람 다리를 먹으면서) 저는 지금 먹이사슬 제일 아래에 놓여있습니다.,( 사람 다리 를 먹으면서 ) 저 는 지금 먹이사슬 제일 아래 에 놓여있습니다 .,2016-09-16 18:11:27
242760,The Forest,positive,꿀잼,꿀잼,2016-09-13 18:17:41
242760,The Forest,positive,할만함,할만 함,2016-09-12 00:54:58
242760,The Forest,positive,할거없었는데 어뜬분이 같이하자고 해서선물받아서 했는데 뭔가 이유없이 끌리네요 (막노동만 하는게 왜리리 끌리는건지 ㄷㄷㄷ),할거 없었는데 어뜬 분 이 같이 하자 고 해서 선물 받아서 했는데 뭔가 이유 없이 끌리네요 ( 막노동 만 하는게 왜 리리 끌리는 건지 ㄷㄷㄷ ),2016-09-11 16:04:10
242760,The Forest,positive,스토리 부분만 좀 손보면 대작중의 대작 노려볼만 한 게임. 업데이트 매우 기대중임,스토리 부분 만 좀 손보 면 대작 중 의 대작 노려볼만 한 게임 . 업데이트 매우 기 대 중임,2016-09-05 21:51:12
242760,The Forest,positive,내가 식인종인지 식인종이 나인지 모르게되는게임 만약 카타나를 얻으셧다면 그때부턴 학살의 시작 건조대에 식인종 다리 걸어 놓고 있으면 장관 이게임은 환경파괴하는게임이자 식인종되는게임 컨텐츠는별로없지만 계속하면 재미있는게임 내집마련의꿈 환경을 파괴하면서 해보세요 !,내 가 식인종 인지 식인종 이 나인 지 모르게 되는 게임 만약 카타나 를 얻으 셧다 면 그때 부턴 학살 의 시작 건조대 에 식인종 다리 걸어 놓고 있으면 장관 이 게임 은 환경 파괴 하 는 게임 이자 식인종 되는 게임 컨텐츠 는 별로 없지만 계속 하면 재미있는 게임 내집마련 의 꿈 환경 을 파괴 하면서 해보세요 !,2016-09-01 21:03:27
242760,The Forest,positive,wow,wow,2016-08-29 19:07:05
242760,The Forest,positive,"바스티온이 숲에서 깨어나 본래 있던 장소로 돌아가려고 하지만 ""쀼쀼삪삪""을 만나서 교감을 나누며 숲으로 돌아가는 그런 그림을 담은 게임","바스 티온 이 숲 에서 깨어나 본래 있던 장소 로 돌아가려고 하지만 "" 쀼쀼삪삪 "" 을 만나서 교감 을 나누며 숲 으로 돌아가는 그런 그림 을 담은 게임",2016-08-29 01:10:23
242760,The Forest,positive,R.I.P,R . I . P,2016-08-28 22:31:44
242760,The Forest,positive,처음 시작:으어러ㅏㄱㅁ식인종 미칭너만머아ㅣㅓ마ㅓㅏㅇ너마ㅓㅏㅏㅓㄱ담넝 후반:토막내서 불에 굽고 이빨 줍고 뼈얻음,처음 시작 : 으 어러 ㅏㄱㅁ 식인종 미칭너만머 아 ㅣㅓ 마 ㅓㅏㅇ 너 마 ㅓㅏㅏㅓㄱ 담넝 후반 : 토막 내서 불 에 굽 고 이빨 줍고 뼈 얻음,2016-08-27 18:56:00
242760,The Forest,positive,재미있게 플레이 하고 있다. 시간이 없어서 안하고 있지만 그럭저럭 재미있다.,재미있게 플레이 하고 있다 . 시간 이 없어서 안 하고 있지만 그럭저럭 재미있다 .,2016-08-26 10:18:52
242760,The Forest,positive,카타나만 얻으면 내가 식인종이 된다,카타나 만 얻으면 내 가 식인종 이 된다,2016-08-25 23:12:56
242760,The Forest,positive,이 게임 재미있습니다. 추천합니다. 멀티 하는데 시간이 금방 가요. 제가 11시에 포레스트를 멀티를 했는데 어느새 4시가 되어있더라고요. 아무튼 강추 꼭 사실길!!,이 게임 재미있습니다 . 추천 합니다 . 멀티 하는데 시간 이 금방 가요 . 제 가 11시 에 포레스트 를 멀티 를 했는데 어느새 4시 가 되어있더라고요 . 아무튼 강추 꼭 사실길 !!,2016-08-24 10:29:29
242760,The Forest,positive,good,good,2016-08-22 13:17:31
242760,The Forest,positive,very good game,very good game,2016-08-21 18:54:51
242760,The Forest,positive,초반: 응아아 식인종!! 식인종이다! 으어 미칭 중반 식인종이다 하지만지금은 제 먹잇감이죠 후반 식인종은 옥수수제공자가 됩니다,초반 : 응 아아 식인종 !! 식인종 이다 ! 으어 미칭 중반 식인종 이다 하지만 지 금은 제 먹잇감 이 죠 후반 식인종 은 옥수수 제공 자 가 됩니다,2016-08-21 01:40:20
242760,The Forest,positive,싱글 플레이어 : 호러게임 4~6인파티 이상 : 벌목 시뮬레이터 겸 환경파괴가 왜 이리 심각한지 직접적으로 알 수가 있다. 내가 지금 아들 구하러 온건지 아니면 나무 캐러 왔는지 모르겟어.,싱글 플레이어 : 호러 게임 4~6 인 파티 이상 : 벌목 시뮬레이터 겸 환경 파괴 가 왜 이리 심각한지 직접 적 으로 알 수가 있다 . 내 가 지금 아들 구 하러 온건 지 아니면 나무 캐러 왔는지 모르겟어 .,2016-08-19 19:52:49
242760,The Forest,positive,"어느정도 플레이하긴 좋으나 월드가 작아서 그런지 싱글이 아닌,온라인모드를 해도 인원이 열명채안되 빨리질립니다 여러가지로 많은 개선이 필요한 게임이네요.","어느 정도 플레이 하긴 좋으나 월드 가 작아서 그런지 싱글 이 아닌 , 온라인 모드 를 해도 인원 이 열 명 채안되 빨리 질립니다 여러가지 로 많은 개선 이 필요한 게임 이네 요 .",2016-08-18 20:30:05
242760,The Forest,positive,친구들이나 아는분들하고 같이하면 즐거움이 배가되는게임,친구 들 이나 아는 분 들 하고 같이 하면 즐거움 이 배 가 되는 게임,2016-08-17 16:17:29
242760,The Forest,positive,지루행,지루 행,2016-08-16 23:16:18
242760,The Forest,positive,갓ㅡㅡㅡㅡㅡㅡㅡ겜,갓 ㅡㅡㅡㅡㅡㅡㅡ 겜,2016-08-13 13:28:35
242760,The Forest,positive,1. 친구랑하면 재밋슴 2. 원주민 떼거지로좀 나와서 생존자들좀 두둘겨줫으면 좋겠음 너무적음 3. 인벤토리 시스템이좀 불편함 가방볼때는 그냥 아무것도할수없음 4. 좀 하다보면 첨 비행기에서시작 >> 바로 기본템만 모으고 동굴 ㄱㄱ >> 템 파밍다하고 할거없음,1 . 친구 랑 하면 재밋슴 2 . 원주민 떼거지 로 좀 나와서 생존자 들 좀 두둘겨줫으 면 좋겠음 너 무적 음 3 . 인벤 토리 시스템 이 좀 불편함 가방 볼때 는 그냥 아무 것 도 할수 없음 4 . 좀 하다 보면 첨 비행기 에서 시작 >> 바로 기 본 템 만 모으고 동굴 ㄱㄱ >> 템 파밍 다 하고 할거 없음,2016-08-12 23:53:08
242760,The Forest,positive,"생존 게임들이 우후죽순으로 범람하는 시대에 꽤 할만한 게임이라고 생각됩니다. 건축 및 사냥의 재미가 있고 ""적"" 이라는 또렷한 개체가 있어서 심심할 틈이 없는 그런 생존 게임입니다. 워낙 유명한(?) 게임이고 다른 분들이 훌륭하게 장점을 나열 하여 게임 선택에 기여하였으므로 저는 장점보다는 단점 위주로 적을까 합니다. 1. 건축 다른 생존 게임에 비해 테크라는 개념이 없어서 만들수 있는 종류가 적게 느껴집니다. 각 항목당 최대 4종류 이상을 넘어가는게 없더군요. 또한 테크가 없다보니 업그레이드 또한 할수 없고요.","생존 게임 들 이 우후죽순 으로 범람 하는 시대 에 꽤 할만 한 게임 이라고 생각 됩니다 . 건축 및 사냥 의 재미 가 있고 "" 적 "" 이라는 또렷한 개체 가 있어서 심심할 틈 이 없는 그런 생존 게임 입니다 . 워낙 유명한 (?) 게임 이고 다른 분 들 이 훌륭하게 장점 을 나열 하여 게임 선택 에 기여 하였으므로 저 는 장점 보다는 단점 위주 로 적을까 합니다 . 1 . 건축 다른 생존 게임 에 비해 테크 라는 개념 이 없어서 만들수 있는 종류 가 적게 느껴집니다 . 각 항목 당 최대 4 종류 이상 을 넘어가는게 없더군요 . 또한 테크 가 없다 보니 업그레이드 또한 할수 없고요 .",2016-08-12 08:43:33
242760,The Forest,positive,누가 식인종인걸까,누가 식인종 인걸 까,2016-08-10 09:31:09
242760,The Forest,positive,으어ㅓㅓㅓㅓㅓㅓㅓㅓㅓㅓㅓㅓㅓㅓㅓㅓㅓ,으어 ㅓㅓㅓㅓㅓㅓㅓㅓㅓㅓㅓㅓㅓㅓㅓㅓㅓ,2016-08-05 17:06:27
242760,The Forest,positive,"추천 합니다. 일단 여자분들도 잼있게 할수있어요~ 후반가면 할게없어진다는게 단점이지만 좀더 패치되서 다양한 즐길거리가 나온다면 더할 나위 없을것 같아요 솔로.멀티가 된다는게 장점이지만, 집이나 건물을 많이 지으면 버퍼가 걸리는게 아쉽습니다. 렉이좀 많이 걸려요 ㅠ.ㅠ 그래도 동굴탐험,집짓기좋아하시는분들은 매력에 푹빠질만한 게임입니다. 짱짱추천드려욤.","추천 합니다 . 일단 여자 분들 도 잼있게 할수있어요 ~ 후반 가면 할게 없어진다는게 단점 이지만 좀더 패치 되서 다양한 즐길 거리 가 나온다면 더할 나위 없을것 같아요 솔로 . 멀티 가 된다는게 장점 이지만 , 집 이나 건물 을 많이 지으면 버퍼 가 걸리는게 아쉽습니다 . 렉 이 좀 많이 걸려요 ㅠ . ㅠ 그래도 동굴탐험 , 집짓기 좋아하시는 분 들 은 매력 에 푹 빠질만 한 게임 입니다 . 짱 짱 추천 드려 욤 .",2016-08-04 12:36:00
242760,The Forest,positive,"이런 정신병 게임을 봤나하면서 게임을 시작하고, 원주민과 전쟁에서 승리하며 인육의 맛을 알아가는 게임. 밥 한 공기에 원주민들 고기 넣고 참기를 잘잘 뿌리면 리얼 밥도둑.. 아 쓰빠빠쓰레빠. 원주민 고기가 급나게 실한 게임이여 이게... 동물을 잡는 것보다 알아서 달려와주는 좀비 같은 녀석들이 등장하는데, 녀석들을 잡아먹어도 생명에 아무런 지장이 없으므로.. 새로운 생존 전략을 짜도록 만들어주는 게임. 참고로 갑툭튀가 심한 게임... 낮이 지나고 밤이 찾아오면 괴성을 지르며 원주민들이 뛰어오는데, 진짜 누가 모르고 들어보면 연","이런 정신병 게임 을 봤나하면서 게임 을 시작 하고 , 원주민 과 전쟁 에서 승리 하며 인육 의 맛 을 알아가는 게임 . 밥 한 공기 에 원주민 들 고기 넣고 참기를 잘잘 뿌리 면 리얼 밥 도둑 .. 아 쓰빠빠 쓰레빠 . 원주민 고기 가 급 나게 실한 게임 이여 이 게 ... 동물 을 잡는 것 보다 알아서 달려와주는 좀비 같은 녀석 들 이 등장 하는데 , 녀석 들 을 잡아먹어도 생명 에 아무런 지장 이 없으므로 .. 새로운 생존 전략 을 짜도록 만들어주는 게임 . 참고 로 갑툭튀 가 심한 게임 ... 낮 이 지나고 밤 이 찾아오면 괴성 을 지르며 원주민 들 이 뛰어오는데 , 진짜 누가 모르고 들어 보면 연",2016-08-03 15:02:37
242760,The Forest,positive,조심!! 만약 이 벌목 시뮬레이션을 하시게 된다면 벌거벗고 마약 먹은거같은 원주민을 조심하세요. 생긴거 보면 한방에 뒤질꾸 같지만 역으로 다굴맞아 털리니까 미친듯이 도망가세요. 그리고.....이 게임은 구름과자와 맞먹을 정도로 중독성이 쩝니다. 그러므로 전 이게임을 끊었습니다.,조심 !! 만약 이 벌목 시뮬레이션 을 하시게 된다면 벌거 벗고 마약 먹은거 같은 원주민 을 조심하세요 . 생긴거 보면 한 방 에 뒤질 꾸 같지만 역 으로 다 굴 맞아 털리니까 미친듯이 도망가세요 . 그리고 ..... 이 게임 은 구름 과자 와 맞먹을 정도 로 중독 성 이 쩝 니 다 . 그러므로 전 이 게임 을 끊었습니다 .,2016-07-30 23:03:52
242760,The Forest,positive,더포레스트 뭐든지 함께하실뿐 친추 부탁드립니다 ^^,더 포레스트 뭐 든지 함께 하실 뿐 친추 부탁드립니다 ^^,2016-07-30 20:27:54
242760,The Forest,positive,얼리억세스로 구매해서 후회하지 않은 게임 서브노티카 와 바로 이게임,얼리 억 세 스 로 구매 해서 후회 하지 않은 게임 서브 노티 카 와 바로 이 게임,2016-07-27 20:05:01
242760,The Forest,positive,[h1] 굉장한 발전 포텐셜을 지닌 얼리억세스 호러 서바이벌 게임 [/h1] [h1] 좋음 [/h1] [b] + 꿀잼 코옵 [/b] [b] + 플레이어를 맴돌며 독특한 행동을 하는 매력적인 적 식인종 [/b] [b] + 여타 창렬 얼리억세스 생존게임들 보다 훨 나은 업데이트 [/b] [b] + '호러' 태그가 아깝지 않은 공포감 조성 [b] + 다양한 오브젝트들로 놓치지 않은 탐험의 재미 [b] + 엔딩까지 나옴. 개 혜자겜 [h1] 구림 [/h1] [b] - 아직 조금씩 부족한 여러부류의 컨텐츠들 [/b] [b] - 자잘한 버,[ h 1 ] 굉장한 발전 포텐셜 을 지닌 얼리 억 세 스 호러 서바이벌 게임 [/ h 1 ] [ h 1 ] 좋음 [/ h 1 ] [ b ] + 꿀잼 코옵 [/ b ] [ b ] + 플레이어 를 맴돌며 독특한 행동 을 하는 매력 적 인 적 식인종 [/ b ] [ b ] + 여타 창렬 얼리 억 세 스 생존 게임 들 보다 훨 나은 업데이트 [/ b ] [ b ] + ' 호러 ' 태그 가 아깝지 않은 공포 감 조성 [ b ] + 다양한 오브젝트 들 로 놓치지 않은 탐험 의 재미 [ b ] + 엔딩 까지 나옴 . 개 혜자 겜 [ h 1 ] 구림 [/ h 1 ] [ b ] - 아직 조금씩 부족한 여러 부류 의 컨텐츠 들 [/ b ] [ b ] - 자잘한 버,2016-07-22 22:10:33
242760,The Forest,positive,문명이든 야생이든 불빠따는 평등합니다,문명 이든 야생 이든 불빠따 는 평등합니다,2016-07-22 18:42:50
242760,The Forest,positive,very very very very very good!!!!!,very very very very very good !!!!!,2016-07-17 23:02:21
242760,The Forest,positive,시발노ㅓㅁ들,시 발노 ㅓㅁ 들,2016-07-16 15:51:00
242760,The Forest,positive,친구와 즐기기엔 더없이 좋은 게임,친구 와 즐 기기 엔 더없이 좋은 게임,2016-07-11 21:56:57
242760,The Forest,positive,good,good,2016-07-10 13:27:10
242760,The Forest,positive,식인종이 추락해서 식인종 잡아먹는게임,식인종 이 추락 해서 식인종 잡아먹는 게임,2016-07-07 00:52:03
242760,The Forest,positive,좋아,좋아,2016-07-05 22:13:12
242760,The Forest,positive,good game,good game,2016-07-05 20:48:16
242760,The Forest,positive,밤에 하면 심장이 쫄깃해서 정말 재밌습니다. 멀티가 되는 것도 장점입니다. 단점은 버그가 아직 남아있네요 버그만 빼면 다 좋은 것 같습니다,밤 에 하면 심장 이 쫄깃해 서 정말 재밌습니다 . 멀티 가 되는 것 도 장점 입니다 . 단점 은 버그 가 아직 남아있네요 버그 만 빼면 다 좋은 것 같습니다,2016-07-05 20:17:25
242760,The Forest,positive,"singleplayer is okay, but kinda bland. i don't have anyone to play with.","singleplayer is okay , but kinda bland . i don ' t have anyone to play with .",2016-07-04 14:46:30
242760,The Forest,positive,자연파괴 게임 Call the greenpeace!!!!,자연 파괴 게임 Call the greenpeace !!!!,2016-07-04 07:30:00
242760,The Forest,positive,생존호러....는 잘모르겠고 그냥 비상식량들이랑 신나게 싸우는게임입니다. 나중되면 건축열심히하고 식인종을 내가 잡아먹고(더포레스트에서는 플레이어가 식인종을 먹습니다!) 길 다외워서 겜시작하고 3일이면 풀템파밍꽉꽉되어있는 굇수가 될수있습니다 VR로 플래이 해도 재밌지만 주변에 다른사람이나 사물을 치우고 하시는 걸 추천 드립니다. 사람 있으면 한번쯤은 팸 암튼 개꿀잼이니 추천! (참고:크리에이티브는 엔딩중 아들살리는 엔딩으로 쭉가면 열리더군요. 건축하고 싶으신분들은 참고하시길),생존 호러 .... 는 잘 모르겠고 그냥 비상식량 들 이랑 신나게 싸우는 게임 입니다 . 나중 되면 건축 열심히 하고 식인종 을 내 가 잡아먹고 ( 더 포레스트 에서는 플레이어 가 식인종 을 먹습니다 !) 길 다 외워서 겜 시작 하고 3일 이면 풀템 파밍 꽉꽉 되어있는 굇수 가 될수있습니다 VR 로 플 래 이 해도 재밌지만 주변 에 다른사람 이나 사물 을 치우고 하시는 걸 추천 드립니다 . 사람 있으면 한번 쯤 은 팸 암튼 개꿀잼 이니 추천 ! ( 참고 : 크리에이티브 는 엔딩 중 아들 살리는 엔딩 으로 쭉 가면 열리더군요 . 건축 하고 싶으 신분 들 은 참고 하시길 ),2016-07-04 02:27:04
242760,The Forest,positive,".,.,.",".,.,.",2016-07-03 23:28:17
242760,The Forest,positive,재밌는데 더재밌는게임이 이미 널림. 멀티돌리면 6명중에 3명이 핵써도되나고 물어봄,재밌는데 더 재밌는 게임 이 이미 널림 . 멀티 돌리면 6 명중 에 3 명 이 핵 써도되 나고 물어봄,2016-07-03 18:39:27
242760,The Forest,positive,good game. I want many contents,good game . I want many contents,2016-07-03 15:48:04
242760,The Forest,positive,@주의@ 이 게임을 하면 어느샌가 자기자신이 식인종이 되어 있습니다. (예전엔 평가 거의가 부정적이였는데 90퍼가 긍정적이다.ㄷㄷ),@ 주의 @ 이 게임 을 하면 어느샌가 자기 자신 이 식인종 이 되어 있습니다 . ( 예전 엔 평가 거의 가 부정 적이였는데 90 퍼 가 긍정 적 이다 . ㄷㄷ ),2016-07-01 22:09:35
242760,The Forest,positive,1,1,2016-06-29 08:15:56
242760,The Forest,positive,45,45,2016-06-27 17:14:17
242760,The Forest,positive,good,good,2016-06-26 19:17:19
242760,The Forest,positive,good,good,2016-06-26 11:39:37
242760,The Forest,positive,재밌어요~ 건물짓고 모험하고 채집하는 게임 좋아하는데 딱 적절한 게임이에요 ㅋㅋ 그래픽도 좋아서 경치만 보고 있자면 힐링되는 느낌?? 식인종들만 나올때까진 재밌었는데 돌연변이 나오면서 부터 확 무서워지는 느낌이네요 ㅋㅋ 동굴탐험두 ㄷㄷㄷ 저한테는 무서워서 한동안 안하다가 갑자기 용기가 생길때 몰아서 하게되는 게임인것 같네요 ㅋㅋㅋㅋ,재밌어요 ~ 건물 짓고 모험 하고 채집 하는 게임 좋아하는데 딱 적절한 게임 이에요 ㅋㅋ 그래픽 도 좋아서 경치 만 보고 있자면 힐링 되는 느낌 ?? 식인종 들 만 나올 때 까진 재밌었는데 돌연변이 나오면서 부터 확 무서워지는 느낌이네요 ㅋㅋ 동굴탐험 두 ㄷㄷㄷ 저 한 테 는 무서워서 한동안 안 하다가 갑자기 용기 가 생길 때 몰아서 하게 되는 게임 인 것 같네요 ㅋㅋㅋㅋ,2016-06-24 01:48:04
242760,The Forest,positive,"The higher the expectation, the greater the disappointment. BUT, I am expectation about this game.","The higher the expectation , the greater the disappointment . BUT , I am expectation about this game .",2016-06-23 23:30:48
242760,The Forest,positive,게임은 재미있으나 멀티는 관종+테러범이 자주 보이니 그냥 친구끼리 하는것을 추천,게임 은 재미있으나 멀티 는 관종 + 테러범 이 자주 보이니 그냥 친구 끼리 하는것을 추천,2016-06-23 15:27:56
242760,The Forest,positive,긴 장 과 공 포 혹 은 중 독,긴 장 과 공 포 혹 은 중 독,2016-06-22 11:01:05
242760,The Forest,positive,스릴이있고 다좋습니다 재미도있고. 근데 한가지흠이라면 아마 맵이일정하고아이템이 같은 장소에 있어서더포레스트를자주하신분들은 시작한지 10분이면 동굴을돌아다니면서 아이템을 얻을수 있다는점이 조금그렇습니다그래서 아이템위치를 랜덤으로했으면 좋겠고 슬슬 더포레스트가 익숙해지면 맵이 좁아집니다 그래서 조금 맵을 넓혀주셨으면합니다.그래도 매우재미도있고 버그도 개선되고있어서 추천하자면추천하고싶네요 특히 돌연변이하고의 싸움이 매우 스릴이 넘칩니다! 한번해보시라고추천해드리고싶습니다,스릴 이 있고 다 좋습니다 재미 도 있고 . 근데 한가지 흠 이 라면 아마 맵 이 일정하고 아이템 이 같은 장소 에 있어 서더 포레스트 를 자주 하 신분 들 은 시작 한지 10분 이면 동굴 을 돌아다니면서 아이템 을 얻을수 있다는 점 이 조금 그렇습니다 그래서 아이템 위치 를 랜덤 으로 했으면 좋겠고 슬슬 더 포레스트 가 익숙해지면 맵 이 좁아 집니다 그래서 조금 맵 을 넓혀주셨으면 합니다 . 그래도 매우 재미 도 있고 버그 도 개선 되고있어서 추천 하자면 추천 하고 싶네요 특히 돌연변이 하고의 싸움 이 매우 스릴 이 넘칩니다 ! 한번 해보시라고 추천 해드리고싶습니다,2016-06-17 07:47:01
242760,The Forest,positive,게임 시작 했을떄 제일 먼저 해야 하는 것 팬티보기 친구 쥬지 만지기,게임 시작 했을떄 제일 먼저 해야 하는 것 팬티 보기 친구 쥬 지 만 지기,2016-06-16 19:15:26
242760,The Forest,positive,아들구하는 겜인데 내살길도 바쁨 그래서 너무 뀰잼,아들 구 하 는 겜 인데 내 살길 도 바쁨 그래서 너무 뀰잼,2016-06-12 16:04:38
242760,The Forest,positive,자유도높고 퀄리티높은겜 추천합니다.,자유도 높고 퀄리티 높은 겜 추천 합니다 .,2016-06-09 00:19:32
242760,The Forest,positive,콜롬버스가 되보는 체험을 간접적으로 할수있다 죽어라 원주민!,콜롬버스 가 되 보는 체험 을 간접 적 으로 할수있다 죽어라 원주민 !,2016-06-08 11:22:34
242760,The Forest,positive,"재미지다 싱글플레이에서의 식인종과의 혈투, 멀티플레이에서의 단합건축의 재미와 창작건축,동굴탐험... 한가지 아쉬운점은 멀티플레이에서 호스트와 게스트의 인터넷연결문제가 많이 아쉽다 다인방을 제외한 모든1인방에서의 접속 불가현상은 왜 고쳐지질않을까... 요즘 서버렉도 심한거같다","재미 지다 싱글플레이 에서의 식인종 과의 혈투 , 멀티플레이 에서의 단합 건축 의 재미 와 창작 건축 , 동굴탐험 ... 한가지 아쉬운 점 은 멀티플레이 에서 호스트 와 게스트 의 인터넷 연결 문제 가 많이 아쉽다 다인 방 을 제외 한 모든 1 인방 에서의 접속 불가 현상 은 왜 고쳐지질 않을까 ... 요즘 서버 렉 도 심한거 같다",2016-06-07 23:41:15
242760,The Forest,positive,"혼자하는것보다 친구들과 같이 음성채팅을 하면서 즐기면 정말 최고의 게임입니다. 명작이라고 추천드리고 싶은 게임이네요 틀에 얽메이지 않고 오늘은 수렵이랑 탐험 해야지, 그리고 내일은 건축좀 해보고 친구들 오면 동굴탐험 해야지! 하면서 스스로 재미를 찾는 게임입니다. 또한, 나만의 취향대로 커스텀 건축을 할 수 있습니다, 하지만 재료 구하기가 생각보다 어려우니 협동해서 건설하는게 좋습니다. (불철주야 쉬지않고 일하는 식인종과 돌연변이 친구들이 심심할때마다 당신을 찾으려고 돌아다닙니다) 이런 장르의 게임이야 대부분 비슷하지만","혼자 하는것보다 친구 들 과 같이 음성 채팅 을 하면서 즐기면 정말 최고 의 게임 입니다 . 명작 이라고 추천 드리고 싶은 게임 이네 요 틀 에 얽 메이지 않고 오늘 은 수렵 이랑 탐험 해야지 , 그리고 내일 은 건축 좀 해보고 친구 들 오면 동굴탐험 해야지 ! 하면서 스스로 재미 를 찾는 게임 입니다 . 또한 , 나 만의 취향 대로 커 스텀 건축 을 할 수 있습니다 , 하지만 재료 구 하기가 생각 보다 어려우니 협동 해서 건설 하는게 좋습니다 . ( 불철 주야 쉬 지 않고 일 하는 식인종 과 돌연변이 친구 들 이 심심할 때 마다 당신 을 찾으려고 돌아다닙니다 ) 이런 장르 의 게임 이야 대부분 비슷하지만",2016-05-30 20:10:14
242760,The Forest,positive,버그만 좀 없었으면 진짜 개재밌는 겜인데.. 버그가 좀 많아서,버그 만 좀 없었으면 진짜 개 재밌는 겜 인데 .. 버그 가 좀 많아서,2016-05-29 15:41:00
242760,The Forest,positive,엔딩이 깔끔히 결말나서 좋았음.,엔딩 이 깔끔히 결말 나서 좋았음 .,2016-05-26 23:52:25
242760,The Forest,positive,"i bought before few minute. but in game, when i go in game, it stuck. and showed pop up the game crashed 2016 05 24 180130. what should i do? 1++++,1++++,1++++,1++++...","i bought before few minute . but in game , when i go in game , it stuck . and showed pop up the game crashed 2016 05 24 180130 . what should i do ? 1 ++++, 1 ++++, 1 ++++, 1 ++++...",2016-05-25 08:08:43
242760,The Forest,positive,Good,Good,2016-05-19 23:17:41
242760,The Forest,positive,체력만이라도 치트써놓고 하는게 정신건강에 훨씬 이로울ㅇ듯... 넘나무서운것 재밋어요 근데 ㅋㅋㅋ 멀티개꿀잼 첨엔 무서운데 계속 무섭지만 배경음만 음악재밋는거 틀어놓으면 하나도 안무서움,체력 만이라도 치트 써놓고 하는게 정신건강 에 훨씬 이로울 ㅇ 듯 ... 넘나 무서운것 재밋어 요 근데 ㅋㅋㅋ 멀티 개 꿀잼 첨 엔 무서운데 계속 무섭지만 배경음 만 음악 재밋 는거 틀어놓으면 하나 도 안 무서움,2016-05-19 16:23:18
242760,The Forest,positive,"꾸준한 업뎃에도 불구하고 느린 진척도, 각종 버그, 불편함 등... 그래도, 확실한 재미가 있다. 추천할 만한 게임. 어서 '최종목적'이 나오고, 각종 도구들이 더 나왔으면 좋겠다.","꾸준한 업뎃 에도 불구 하고 느린 진척 도 , 각종 버그 , 불편함 등 ... 그래도 , 확실한 재미 가 있다 . 추천 할 만 한 게임 . 어서 ' 최종 목적 ' 이 나오고 , 각종 도구 들 이 더 나왔으면 좋겠다 .",2016-05-18 21:18:13
242760,The Forest,positive,GOOL JAM,GOOL JAM,2016-05-16 21:59:20
242760,The Forest,positive,게임은 진지한데 지인이랑 하면 너무웃김ㅋㅋ..,게임 은 진지한데 지인 이랑 하면 너무 웃김 ㅋㅋ ..,2016-05-15 21:14:02
242760,The Forest,positive,버그의숲,버그 의 숲,2016-05-15 14:21:14
242760,The Forest,positive,"이 게임은 충분히 재미있지만 지금 생각해보면.. 이걸 100시간 이상 한 사람은 사람인지 의심스럽다. 허구헌날 시체 파먹고, 구워먹고, 말려먹고.... 걍 정신병자임.","이 게임 은 충분히 재미있지만 지금 생각 해보면 .. 이 걸 100시간 이상 한 사람 은 사람 인지 의심스럽다 . 허구 헌 날 시체 파먹고 , 구워 먹고 , 말려 먹고 .... 걍 정신병 자임 .",2016-05-15 03:05:46
242760,The Forest,positive,"정말 재미있습니다. 생존게임을 좋아하시는 분이라면 정말 추천드립니다. 하지만 아직 개발중인 게임인만큼 버그가 많이 발견되며, 조합해서 만들 수 있는 아이템의 범위가 아직은 좁은 것 같습니다.","정말 재미있습니다 . 생존 게임 을 좋아하시는 분이라면 정말 추천 드립니다 . 하지만 아직 개발 중 인 게임 인 만큼 버그 가 많이 발견 되며 , 조합 해서 만들 수 있는 아이템 의 범위 가 아직 은 좁은 것 같습니다 .",2016-05-12 02:28:16
242760,The Forest,positive,Creating high towers makes game a little too loose.. cannibals can't reach us,Creating high towers makes game a little too loose .. cannibals can ' t reach us,2016-05-12 00:44:25
242760,The Forest,positive,good game,good game,2016-05-11 21:31:30
242760,The Forest,positive,....,....,2016-05-05 18:45:48
242760,The Forest,positive,기분좋다 우리가식인종이될수잇는게임,기분 좋다 우리 가 식인종 이 될수 잇는 게임,2016-05-03 16:54:53
242760,The Forest,positive,초반 : 아 식인종 무섭고 집도 없고 슬프다 ... 중반 : 먹이들이 집에 알아서 뭉쳐서 온다. 이제 나무 캐는 노예로 살고있음 후반 : 집을 확장하고 논다,초반 : 아 식인종 무섭고 집도 없고 슬프다 ... 중반 : 먹이 들 이 집 에 알아서 뭉쳐서 온다 . 이제 나무 캐는 노예 로 살고있음 후반 : 집 을 확장 하고 논다,2016-05-02 20:06:47
242760,The Forest,positive,엔딩이 상당히 충격적이었음,엔딩 이 상당히 충격 적이었음,2016-05-01 18:31:29
242760,The Forest,positive,"이런걸 바로 개 꿀 잼 이라고 하나요? 잔버그가 좀 있지만, 계속 고쳐지고 있으며, 컨텐츠 개발속도도 생각보다 빠릅니다. 일단, 저의 취향을 완벽히 저격한 게임이네요. 생존+크래프트(건설,만들기)+호러/공포+코옵+꽤 있는 난이도 = 더 포레스트 . 나름 넓은 맵을 돌아다니면서 지하 던전, 동굴 등을 발견하고 탐험하고 파밍하는 재미도 있고, 무엇보다 싱글플레이가 생각보다 꽤 무섭습니다. 일단 최강의 무기라는게 모던엑스와 카타나인것을 봐서 난이도가 완벽한 easy 급으로 쉽게될수가 없싱글플레이시 나름 꽤 높은 난이도를 보유하","이런 걸 바로 개 꿀 잼 이라고 하나요 ? 잔 버그 가 좀 있지만 , 계속 고쳐지고 있으며 , 컨텐츠 개발 속도 도 생각 보다 빠릅니다 . 일단 , 저 의 취향 을 완벽히 저격 한 게임 이네 요 . 생존 + 크래프트 ( 건설 , 만들기 )+ 호러 / 공포 + 코옵 + 꽤 있는 난이도 = 더 포레스트 . 나름 넓은 맵 을 돌아다니면서 지하 던전 , 동굴 등 을 발견 하고 탐험 하고 파밍 하는 재미 도 있고 , 무엇 보다 싱글플레이 가 생각 보다 꽤 무섭습니다 . 일단 최강 의 무기 라는 게 모던 엑스 와 카타나 인 것 을 봐서 난이도 가 완벽한 easy 급 으로 쉽게 될수가 없 싱글플레이 시 나름 꽤 높은 난이도 를 보유 하",2016-04-28 13:26:35
242760,The Forest,positive,"곧 생겨날 스토리 면에서, 그리고 플레이하는 동안 컨텐츠 등에 대해서 아주 만족스럽게 플레이하고있습니다. 근데 좀 단점이라 할 것들은.. 이전보다 훨씬 나아졌지만 계속 생겨나는 버그들, (특히 코옵...) 그런 렉 위주로 개선되면 단점은 제가 보기에 없을 듯싶네요!! 더 비싸지기 전에 어서 사 가시는걸 추천합니다. 알파버전이니까 제작비용 후원하는 겸에서요!!","곧 생겨날 스토리 면 에서 , 그리고 플레이 하는 동안 컨텐츠 등 에 대해 서 아주 만족 스럽게 플레이 하고있습니다 . 근데 좀 단점 이라 할 것 들 은 .. 이전 보다 훨씬 나아졌지만 계속 생겨나는 버그 들 , ( 특히 코옵 ...) 그런 렉 위주 로 개선 되면 단점 은 제 가 보기 에 없을 듯 싶네요 !! 더 비싸지기 전 에 어서 사 가시는걸 추천 합니다 . 알파 버전 이니까 제작 비용 후원 하는 겸 에서 요 !!",2016-04-28 11:25:06
242760,The Forest,positive,"개인적 점수를 주자면 10/10 생존게임을 좋아하는, 또는 공포를 좋아하는 게이머들에게 추천할 만한 게임 생존이 약간 어렵지만 초반에 방법을 터득하면 그나마 쉽다. 15일 쯤 되면 동굴속에만 숨어있던 돌연변이 식인종들이 밖에 나와요 주인공[나]를 공격한다. 이때 아이템 미리 조합하지 않으면.....(뭐긴 뭐야 그냥 죽는거지!!) 약간 아쉬운게 있다면,조합을 시도 할때 재료를 표시해줬으면 좋겠다는 바램이다.","개인 적 점수 를 주자 면 10/10 생존 게임 을 좋아하는 , 또는 공포 를 좋아하는 게이머 들 에게 추천 할 만 한 게임 생존 이 약간 어렵지만 초반 에 방법 을 터득 하면 그나마 쉽다 . 15일 쯤 되면 동 굴속 에만 숨어있던 돌연변이 식인종 들 이 밖에 나와요 주인공 [ 나 ] 를 공격 한다 . 이 때 아이템 미리 조합 하지 않으면 .....( 뭐 긴 뭐 야 그냥 죽는거지 !!) 약간 아쉬운게 있다면 , 조합 을 시도 할 때 재료 를 표시 해줬으면 좋겠다는 바램 이다 .",2016-04-28 00:26:49
242760,The Forest,positive,재미있지만 시작 하자마자 하게 되는건 언제나 카타나를 챙기러 가는 것뿐,재미있지만 시작 하자 마자 하게 되는건 언제나 카타나 를 챙기러 가는 것 뿐,2016-04-27 18:32:57
242760,The Forest,positive,재미있어요!,재미있어요 !,2016-04-24 14:48:25
242760,The Forest,positive,초반만 잘버티면 재미있을거같은겜,초반 만 잘 버티면 재미있을거 같은 겜,2016-04-23 17:06:09
242760,The Forest,positive,재미는 있네요 버그가 좀 심하지만요..,재미 는 있네요 버그 가 좀 심하지 만요 ..,2016-04-19 22:52:04
242760,The Forest,positive,good good,good good,2016-04-16 12:48:48
242760,The Forest,positive,생존하면서 버그갖고 노는게임,생존 하면서 버그 갖고 노 는 게임,2016-04-11 08:41:56
242760,The Forest,positive,식인종 진짜 무섭다 식인종이 누구냐고? 나지 누구야;,식인종 진짜 무섭다 식인종 이 누구 냐 고 ? 나지 누구 야 ;,2016-04-10 21:53:50
242760,The Forest,positive,친구와 함께하는 생존은 꿀잼이다. 조금만 다듬고 컨텐츠만 늘린다면 더욱 오래 이 꿀잼 허니잼 게임을 즐길 수 있을 것 같다. 보기만 해도 빡치는 식인종들을 죽여가며 배고픈 배를 채우자,친구 와 함께 하는 생존 은 꿀잼 이다 . 조금 만 다듬고 컨텐츠 만 늘린다면 더욱 오래 이 꿀잼 허니 잼 게임 을 즐길 수 있을 것 같다 . 보기 만 해도 빡치는 식인종 들 을 죽여가며 배고픈 배 를 채우자,2016-04-10 01:11:44
242760,The Forest,positive,"식인종을 이겨내며 식인종이 되는 게임. 생존 게임을 좋아하지만 더욱 마음에 드는 그래픽 스타일이나 게임성이 돋보임. 잦은 업데이트와 여러 컨텐츠, 좋은 컨셉은 이 게임을 더욱 완벽히 만들고 있다.","식인종 을 이겨내며 식인종 이 되는 게임 . 생존 게임 을 좋아하지만 더욱 마음 에 드는 그래픽 스타일 이나 게임 성 이 돋보임 . 잦은 업데이트 와 여러 컨텐츠 , 좋은 컨셉 은 이 게임 을 더욱 완벽히 만들고 있다 .",2016-04-07 18:28:34
242760,The Forest,positive,친구들이랑 한다면 적어도 값어치는 할 게임은 분명합니다. 다만 엄연히 따지면 완성작으로 나온게 아니라 뭐 버그라던지..이것저것 종종 보이는데 일찍이 하신 분들 얘기 들어보면 많이 좋아 졌다고 합니다. 그리고 처음에는 막 정신없이 이것저것 탐험하고 몰려다니고...하다가 어느새 게임시간 기준으로 아침부터 해질 때 까지 나무만 캐는 자신을 발견할 겁니다..ㅋㅋㅋ 그렇게 생각보다 없는 컨텐츠를 소진하고 반복되면 지루해질 거 같고요. 다시말하지만 친구 2-3인이상 다같이 한다면 게임값은 충분히 뽑아낼 재미는 느낄 수 있습니다.,친구 들 이랑 한다면 적어도 값어치 는 할 게임 은 분명합니다 . 다만 엄연히 따지면 완성 작 으로 나온게 아니라 뭐 버그 라 던지 .. 이 것 저 것 종종 보이는데 일찍이 하신 분들 얘기 들어 보면 많이 좋아 졌다고 합니다 . 그리고 처음 에는 막 정신없이 이 것 저 것 탐험 하고 몰려다니고 ... 하다가 어느새 게임 시간 기준 으로 아침 부터 해질 때 까지 나무 만 캐는 자신 을 발견 할 겁니다 .. ㅋㅋㅋ 그렇게 생각 보다 없는 컨텐츠 를 소진하 고 반복 되면 지루해질 거 같고요 . 다시말하지만 친구 2-3 인 이상 다 같이 한다면 게임 값 은 충분히 뽑아 낼 재미 는 느낄 수 있습니다 .,2016-04-07 00:30:56
242760,The Forest,positive,Good!!!!!완젼 좋아요!,Good !!!!! 완젼 좋아요 !,2016-04-07 00:25:09
242760,The Forest,positive,재밌습니다^^,재밌습니다 ^^,2016-04-04 12:25:24
242760,The Forest,positive,꾸준한 업데이트 좋다,꾸준한 업데이트 좋다,2016-04-04 10:57:59
242760,The Forest,positive,asdasdasd,asdasdasd,2016-04-04 04:55:30
242760,The Forest,positive,재영아안녕,재 영아 안녕,2016-04-04 04:55:20
242760,The Forest,positive,핵쟁이들이 많음 핵을 막았으면 함,핵 쟁이 들이 많음 핵 을 막았으면 함,2016-04-03 13:44:43
242760,The Forest,positive,처음에는 식인종이무서워 도망다니다가 나중에는 식인종먹고싶어서 식인종텐트옆에 집을짓고있는 괴이한 광경을 보실 수 있는 게임니다. 조금 아쉬운점이 있다면 아직 개발버전이라그런지 최적화가 덜 된 느낌이 강합니다. 권장사양보단 좀더높아야지 60프레임 넘을정도입니다. 최적화만 마저해주면 짱짱게임일듯,처음 에는 식인종 이 무서워 도망 다니다가 나중 에는 식인종 먹고싶어서 식인종 텐트 옆 에 집 을 짓고있는 괴이 한 광경 을 보실 수 있는 게임 니 다 . 조금 아쉬운 점 이 있다면 아직 개발 버전 이라 그런지 최적화 가 덜 된 느낌 이 강합니다 . 권장 사양 보단 좀더 높아야지 60 프레임 넘을 정도 입니다 . 최적화 만 마저 해주면 짱 짱 게임 일듯,2016-04-03 09:43:12
242760,The Forest,positive,알파버전인데도 그래픽도 좋고너무 재밌습니당~ ㅠㅠ 다만 제 컴퓨터가 후진건가 동굴가거나 저장할때 렉이가끔씩뜨지만요.. 몬스터 세고 무서운거 좀 더 만들어주세요 ㅋㅋ 이제 원주민은 친구같은 느낌. 업데이트 되면 더 재밌어질거 같아요. 엄청나게 발전할수 있는게임.,알파 버전 인데 도 그래픽 도 좋고 너무 재밌 습 니당 ~ ㅠㅠ 다만 제 컴퓨터 가 후진 건가 동굴 가 거나 저장 할 때 렉 이 가끔 씩 뜨지만 요 .. 몬스터 세고 무서운거 좀 더 만들어주세요 ㅋㅋ 이제 원주민 은 친구 같은 느낌 . 업데이트 되면 더 재밌어질 거 같아요 . 엄청나게 발전 할수 있는 게임 .,2016-03-30 19:12:29
242760,The Forest,positive,이걸 하신다면 꼭 멀티플레이로 저녁 6~10시에 들어가셔서 함께 하세요 많을 걸 배울 수 있고 함께 건물을 짓는 재미를 얻을 수 있습니다아쉬운 점이라면 멀티를 할 때는 싱글 플레이를 할 때 그 무서움이 사라지고 육식동물이 없다는게 아쉽네요,이 걸 하신다면 꼭 멀티플레이 로 저녁 6~10시 에 들어가셔서 함께 하세요 많을 걸 배울 수 있고 함께 건물 을 짓는 재미 를 얻을 수 있습니다 아쉬운 점 이 라면 멀티 를 할 때 는 싱글 플레이 를 할 때 그 무서움 이 사라지고 육식동물 이 없다는게 아쉽네요,2016-03-30 02:39:51
242760,The Forest,positive,ㅇㅇㅇㅇ,ㅇㅇㅇㅇ,2016-03-29 22:43:05
242760,The Forest,positive,이 게임은 아주 많은것을 경험할수 있습니다. 아직 알파 버전 이여서 정식 버전이 기대 되는군요.,이 게임 은 아주 많은것을 경험 할수 있습니다 . 아직 알파 버전 이 여서 정식 버전 이 기대 되는군요 .,2016-03-29 15:32:40
242760,The Forest,positive,무섭따,무섭 따,2016-03-27 23:16:37
242760,The Forest,positive,"나무를 베고, 베고, 또 베고 사냥하다 또 나무를 베고 식인종을 잡다 나무를 베고! 만들다가 나무를 베고! 최고의 목수를 향해 나아가세요!","나무 를 베고 , 베고 , 또 베고 사냥 하다 또 나무 를 베고 식인종 을 잡다 나무 를 베고 ! 만들다가 나무 를 베고 ! 최고 의 목수 를 향 해 나아가세요 !",2016-03-27 20:31:44
242760,The Forest,positive,가면갈수록 식인종이 불쌍해짐,가면 갈수록 식인종 이 불쌍해 짐,2016-03-27 17:03:56
242760,The Forest,positive,업데이트를 꾸준히 해주면서 점점 나아지는모습을 보여서 마음에 듬,업데이트 를 꾸준히 해주면서 점점 나아지는 모습 을 보 여서 마음 에 듬,2016-03-26 11:18:47
242760,The Forest,positive,여러가지 생존게임 중 가장 즐겁게 했던 게임 아직 알파 게임인 만큼 앞으로의 발전성이 높고 현재까지 개발된 사항으로 볼때 다양한 컨텐츠가 개발되기를 기대하고 있음 지금은 모든 아이템을 먹고 써보아서 모든 컨텐츠를 즐겨봤기 때문에 건축가 놀이를 하고 있음 빠른 시일 내에 새로운 컨텐츠와 아이템이 추가되길 바람,여러가지 생존 게임 중 가장 즐겁게 했던 게임 아직 알파 게임 인 만큼 앞 으로의 발전 성 이 높고 현재 까지 개발 된 사항 으로 볼때 다양한 컨텐츠 가 개발 되 기를 기대하고 있음 지금 은 모든 아이템 을 먹고 써 보아 서 모든 컨텐츠 를 즐겨 봤기 때문 에 건축가 놀이 를 하고 있음 빠른 시일 내 에 새로운 컨텐츠 와 아이템 이 추가 되길 바람,2016-03-25 23:19:28
242760,The Forest,positive,앙,앙,2016-03-25 11:09:13
242760,The Forest,positive,꾸준히 업데이트 된다면 추천할만한 게임,꾸준히 업데이트 된다면 추천 할만 한 게임,2016-03-22 18:57:55
242760,The Forest,positive,친구랑 하니 꿀잼!,친구 랑 하니 꿀잼 !,2016-03-20 16:48:59
242760,The Forest,positive,멀 티 버 그 좀 고 쳐 줘~ 쫌! 안드가지고 방만들면 못들어오고... 시간 흐르면 동물 안보이고... 아직 베탄건 아는데...지금 가장 중요한 업데이트는 이것 들임.,멀 티 버 그 좀 고 쳐 줘 ~ 쫌 ! 안드가지 고 방만 들 면 못 들어오고 ... 시간 흐르면 동물 안보 이고 ... 아직 베 탄건 아는데 ... 지금 가장 중요한 업데이트 는 이 것 들임 .,2016-03-20 08:58:57
242760,The Forest,positive,잼잇음,잼 잇음,2016-03-19 18:45:23
242760,The Forest,positive,더포레스트를 플레이할때 소름돋지만 그래도 재미있는 게임입니다 강추!,더 포레스트 를 플레이 할 때 소름 돋지만 그래도 재미있는 게임 입니다 강추 !,2016-03-18 17:15:27
242760,The Forest,positive,"2016. 3. 17. 현재, 미완성 게임인지라 콘텐츠도 다소 부족하고 미구현된 부분이 많다. 하다보면 이 게임의 목적이 무엇인지 잊게 된다... 나는 전생에 나무꾼이었던 걸까... 하지만 그럼에도 충분히 재미있는 게임. 본인이 원하는 스타일대로 플레이할 수 있다. 예) 집에 짱박혀서 살아남기, 동굴 탐험 전문가 되기, 건설 마스터 되기, 아이템 수집가 되기 등등... 싱글로 해도 재미있고, 멀티도 재미있다. (친구 없는 나는 혼자 하지만..또르르) 자유도가 높은 게임을 선호하는 분들, 수집욕 강한 분들, 스릴을 즐기는 분들께 조","2016 . 3 . 17 . 현재 , 미완성 게임 인지 라 콘텐츠 도 다소 부족하고 미 구현 된 부분 이 많다 . 하다 보면 이 게임 의 목적 이 무엇 인지 잊게 된다 ... 나 는 전생 에 나무꾼 이었던 걸까 ... 하지만 그럼에도 충분히 재미있는 게임 . 본인 이 원하는 스타일 대로 플레이 할 수 있다 . 예 ) 집 에 짱 박혀서 살아남기 , 동굴 탐험 전문가 되기 , 건설 마스터 되기 , 아이템 수집가 되기 등등 ... 싱글 로 해도 재미있고 , 멀티 도 재미있다 . ( 친구 없는 나 는 혼자 하지만 .. 또르르 ) 자유도 가 높은 게임 을 선호 하는 분들 , 수 집욕 강한 분들 , 스릴 을 즐기는 분 들 께 조",2016-03-17 11:55:54
242760,The Forest,positive,멀티 접속오류만 해결해주라 . 다른 버그는 이해한다. 글고.... 돔 특별한 것좀 패치때 추가점 해주라.. 사냥 집짓기빼고 할것 없다. 괴물을 만들던가 우주인을 만들건가 신수를 만들던가 좀 더 무섭게 좀 만들어주라. 너무 약하다.,멀티 접속 오류 만 해결 해주라 . 다른 버그 는 이해 한 다 . 글 고 .... 돔 특별한 것좀 패치 때 추 가점 해주 라 .. 사냥 집짓기 빼고 할것 없다 . 괴물 을 만들던가 우주인 을 만들 건가 신수 를 만들던가 좀 더 무섭게 좀 만들어주라 . 너무 약하다 .,2016-03-15 07:00:45
242760,The Forest,positive,interesting,interesting,2016-03-14 22:49:02
242760,The Forest,positive,모두 카타나를들고 양학하자!!!,모두 카타나 를 들고 양 학 하자 !!!,2016-03-14 08:26:53
242760,The Forest,positive,아직 멀티는 안해보고 싱글로만 50시간을 해뽯지만 버그가 적당히 있다... 공간활용에 대한 아쉬움도 좀 있고 식인종들의 패턴이 단조롭고 종류도 부족한게 식인종섬이 아니고 좀비들이랑 싸우는거 같은 아쉬움이 좀 크다 돌연변이 종류도 네종류뿐이고... 좀더 다채로워지거나 까다로워지면 보다 생존게임 같은 게임이 될것같기는 하다 솔직히 카타나 먹고 도끼먹은뒤로는 거의 생존이 아니고 학살게임이 된 수준... 그래도 나름 공포에 약한 사람들이라면 스릴을 느낄수 있을 것이고 생존과 탐험을 기대하는 사람이라면 한번쯤 동굴과 식인종들 사이에서 눈칫밥,아직 멀티 는 안 해보고 싱글 로만 50시간 을 해뽯 지만 버그 가 적당히 있다 ... 공간활용 에 대한 아쉬움 도 좀 있고 식인종 들 의 패턴 이 단조 롭고 종류 도 부족한게 식인종 섬 이 아니고 좀비 들 이랑 싸우는거 같은 아쉬움 이 좀 크다 돌연변이 종류 도 네 종류 뿐 이고 ... 좀더 다 채 로 워 지 거나 까다로워지면 보다 생존 게임 같은 게임 이 될것 같기는 하다 솔직히 카타나 먹고 도끼 먹은 뒤 로는 거의 생존 이 아니고 학살 게임 이 된 수준 ... 그래도 나름 공포 에 약한 사람 들이라면 스릴 을 느낄수 있을 것 이고 생존 과 탐험 을 기대하는 사람 이 라면 한번 쯤 동굴 과 식인종 들 사이 에서 눈칫밥,2016-03-11 15:06:26
242760,The Forest,positive,이웃들이 많아 외롭지않은 게임,이웃 들 이 많아 외롭지 않은 게임,2016-03-09 20:17:34
242760,The Forest,positive,영화 캐스트 어웨이가 생각났엇는데... 막상 게임을 해보면 그렇치가 않다..식인종에 돌연변이 괴물.. 웰슨도 보이지 않코... 오로지 외딴 섬에서 살림차려서 생존하는게임이다. 던전같은것도 존재하는데 좀 무섭긴 하지만 안에 들어가서 진귀한 아이템들도 얻고 동굴 구경(?)도 하자! 처음보다 버그가 많아없어져서 보기가 좋다 하지만 아직 남앗다! 2020/04/10 우왕! 정식 출시 됫다길래 엔딩도 보고 하는김에 새로나온 도전과제도 햇는데 한번에 하려니 완전 빡셈!! 포레스트 2도 기대되는군요 이거랑 비슷한 그린헬도 잇던데 어떨지,영화 캐스트 어웨이 가 생각났 엇 는데 ... 막상 게임 을 해보면 그렇치가 않다 .. 식인종 에 돌연변이 괴물 .. 웰슨 도 보이지 않 코 ... 오로지 외딴 섬 에서 살림 차려 서 생존 하는 게임 이다 . 던전 같은것도 존재 하는데 좀 무섭긴 하지만 안 에 들어가서 진귀한 아이템 들 도 얻고 동굴 구경 (?) 도 하자 ! 처음 보다 버그 가 많아 없어져서 보기 가 좋다 하지만 아직 남앗다 ! 2020/04 / 10 우왕 ! 정식 출시 됫다길 래 엔딩 도 보고 하는 김 에 새로 나온 도전 과제 도 햇 는데 한번 에 하려니 완전 빡셈 !! 포레스트 2 도 기대 되는군요 이 거 랑 비슷한 그린헬 도 잇던데 어떨지,2016-03-09 19:32:03
242760,The Forest,positive,버그 하나하나 수정되면서 갓게임에 준하는 반열에 오르는 듯함 한 가지 주의해야할 점은 처음에는 식인종 나타나는 밤이 되면 미칠듯이 무섭고 동굴안에 라이타하나 의지해서 돌아다니면 심장이 쫄깃한데 플레이시간이 늘어갈수록 내가 식인종인지 돌아다니는 허여멀건한 애들이 식인종인지 모를만큼 플레이어가 헌터가 되있음 앞으로 발전가능성이 많은 게임... 컨텐츠 많이 나왔으면 ^^,버그 하나 하나 수정 되면서 갓 게임 에 준 하는 반 열 에 오르는 듯함 한 가지 주의 해야 할 점 은 처음 에는 식인종 나타나는 밤 이 되면 미칠듯이 무섭고 동굴 안 에 라이 타 하나 의지 해서 돌아다니면 심장 이 쫄깃한데 플레이 시간 이 늘어 갈수록 내 가 식인종 인지 돌아다니는 허여멀건한 애 들 이 식인종 인지 모를만큼 플레이어 가 헌터 가 되있음 앞 으로 발전 가능성 이 많은 게임 ... 컨텐츠 많이 나왔으면 ^^,2016-03-08 04:39:47
242760,The Forest,positive,생존을좋아하는 사람이라면 한번 꼭 해야하는 게임 강추,생존 을 좋아하는 사람 이 라면 한번 꼭 해야하는 게임 강추,2016-03-07 19:38:55
242760,The Forest,positive,"모든것이 맘에든다 스토리,진행방식,식인종들,무기 등등 다 맘에든다 허나 아쉬운것도 좀 있다 일단 최적화가 잘 안되있다는점과 버그가 좀 많다는점 그리고 초반에 너무 많이 몰려와서 죽어버리는경우가 많아서 아쉽다 그점만 고쳐지면 완벽한 게임이다","모든 것 이 맘 에든 다 스토리 , 진행 방식 , 식인종 들 , 무기 등등 다 맘 에든 다 허나 아쉬운것도 좀 있다 일단 최적화 가 잘 안되있다는 점 과 버그 가 좀 많다는 점 그리고 초반 에 너무 많이 몰려와서 죽어 버리는 경우 가 많아서 아쉽다 그 점 만 고쳐지면 완벽한 게임 이다",2016-03-06 16:43:58
242760,The Forest,positive,"0.33이후로 나아져서 버그가 많이 없어졌다함. 싱글에선 무섭던 놈들이 멀티에선 그저 한끼식사와 뼈 추출물, 샌드백이되는 희열에 깝치다가 두방에 예절주입을 당할수도있으니 주의할것. 아직까지 아쉬운부분과 서버불안정이 문제이긴 하지만 충분히 즐기기 좋다. 위 문제만 해결한다면 제값주고사도 나쁘지않을 게임","0.33 이후 로 나아져서 버그 가 많이 없어졌다 함 . 싱글 에선 무섭던 놈 들 이 멀티 에선 그저 한 끼 식사 와 뼈 추출 물 , 샌드백 이 되는 희 열 에 깝 치다가 두 방 에 예절 주입 을 당할수도 있으니 주의 할것 . 아직 까지 아쉬운 부분 과 서버 불안 정이 문제 이긴 하지만 충분히 즐기기 좋다 . 위 문제 만 해결 한다면 제 값 주 고사 도 나쁘지 않을 게임",2016-03-06 01:53:01
242760,The Forest,positive,한글지원이 된다길래 다시 돌아왔는데 여전히 채팅하기엔 불편...,한글 지원이 된다길래 다시 돌아왔는데 여전히 채팅 하기엔 불편 ...,2016-03-05 23:40:14
242760,The Forest,positive,게임 하면서 사람 을 사지분해 해서 먹은건 처음이다..,게임 하면서 사람 을 사지 분해 해서 먹은건 처음 이다 ..,2016-03-02 23:16:34
242760,The Forest,positive,멀티버그가많이심하던데... 엔딩도아직없고그거빼고좋은듯,멀티 버그 가 많이 심하던데 ... 엔딩 도 아직 없고 그거 빼고 좋은 듯,2016-03-02 09:00:50
242760,The Forest,positive,엔딩만 있으면..,엔딩 만 있으면 ..,2016-02-28 15:28:04
242760,The Forest,positive,친구들과 하면 재밌습니다. 몇시간동안 유료로 목수 체험을! 간간이 나오는 식인종들은 좋은 식량 공급원이죠!,친구 들 과 하면 재밌습니다 . 몇 시간 동안 유료 로 목수 체험 을 ! 간간이 나오는 식인종 들 은 좋은 식량 공급원 이 죠 !,2016-02-28 13:27:16
242760,The Forest,positive,"3월 13일에 업데이트를 한다고 하지만, 현재 기준으로 평가하자면, ""할 수 있는 것들이 너무 한정되어 있다."" 얼리억세스가 벌써 2년 가까이되고 있는 상황에서 버그는 판을 치고, 건축 가짓수도 적다. 나는 뉴트리아, 베스같은 강력한 외래종인줄 알았는데, 토착종이 너무나 강력해서 생존하기 버거움. 가장 시급한 것은 건축물과, 조합의 가짓수. 만들게 없어서 동굴 가서 파밍하는 게 끝.. 현재 풀파밍 인벤토리의 상황을 보면 도입하려는 물건은 더 없어보인다.","3월 13일 에 업데이트 를 한다고 하지만 , 현재 기준 으로 평가 하자면 , "" 할 수 있는 것 들 이 너무 한정 되어 있다 ."" 얼리 억 세 스 가 벌써 2년 가까이 되고 있는 상황 에서 버그 는 판 을 치고 , 건축 가짓수 도 적다 . 나 는 뉴트리아 , 베스 같은 강력한 외래종 인 줄 알았는데 , 토착종 이 너무나 강력해서 생존 하기 버거 움 . 가장 시급한 것 은 건축물 과 , 조합 의 가짓수 . 만들게 없어서 동굴 가서 파밍 하는 게 끝 .. 현재 풀 파밍 인벤 토리 의 상황 을 보면 도입 하려는 물건 은 더 없어 보인다 .",2016-02-27 08:18:52
242760,The Forest,positive,"어차피 이곳에다가 개선사항이나 요구하는 바를 한글로 적어봤자 개발자들은 조123또 못(혹은 안)읽으니 부질없는 짓입니다. 안그래요? 마인크래프트 같은 샌드박스형 게임과 그 곪을 대로 곪아 썩어빠진, 냄새나는 커뮤니티들을 혐오하는 사람으로서 느낀 바를 그대로 쓰겠습니다. (게임 내용이나 스토리는 유투브로든 위키로든 여러분들이 더 잘 아실테니 생략합니다.) 1, 얼리액세스라는 점 감안하세요 돌려말했지만 직접적으로 말하자면 ""괜히 찌질하게 굴지 마세요"". 2. 러스트 vs 더 포레스트 거칠게 나누자면 완성도(MMO라는 점을 포함해서","어차피 이 곳 에다가 개선 사항 이나 요구 하는 바를 한글 로 적어 봤자 개발자 들 은 조 123 또 못 ( 혹은 안 ) 읽으니 부질없는 짓 입니다 . 안 그래요 ? 마인크래프트 같은 샌드박스 형 게임 과 그 곪 을 대로 곪 아 썩어 빠진 , 냄새 나 는 커뮤니티 들 을 혐오 하는 사람 으로서 느낀 바를 그대로 쓰겠습니다 . ( 게임 내용 이나 스토리 는 유투브 로 든 위 키로 든 여러분 들 이 더 잘 아실테니 생략 합니다 .) 1 , 얼리 액세스 라는 점 감안 하세요 돌려말 했지만 직접 적 으로 말 하자면 "" 괜히 찌질하게 굴지 마세요 "". 2 . 러스트 vs 더 포레스트 거칠게 나누자면 완성 도 ( MMO 라는 점 을 포함 해서",2016-02-26 22:29:36
242760,The Forest,positive,.,.,2016-02-26 19:24:07
242760,The Forest,positive,맞는진 모르겠지만 아직 베타인데도 재미있고 베타라서 더 발전성이 있다는거에 기대중이고 조금의 버그는 있지만 그때그때 운영진들이 잘 업데이트를 해줘서 만족하는 게임입니다. 추천!,맞는진 모르겠지만 아직 베타 인데 도 재미있고 베타 라서 더 발전 성 이 있다는거에 기 대중 이고 조금 의 버그 는 있지만 그때 그때 운영 진 들 이 잘 업데이트 를 해줘서 만족하는 게임 입니다 . 추천 !,2016-02-26 00:10:59
242760,The Forest,positive,WOW!!! GOOD!!,WOW !!! GOOD !!,2016-02-25 01:33:26
242760,The Forest,positive,이 게임 대해서 알려드리죠. 비행기추락-손도끼냠냠-템줍기-동굴동굴-사냥사냥사냥 사냥사냥-(사냥이 지겨우니 집만들기)벌목-또 다시 사냥사냥-게임종료 무한반복 결론 러스트에는 딸랑이 있다면 더 포레스트는 딸랑이가2개있지,이 게임 대해 서 알려 드리죠 . 비행기 추락 - 손도끼 냠냠 - 템 줍기 - 동굴 동굴 - 사냥 사냥 사냥 사냥 사냥 -( 사냥 이 지 겨우 니 집 만들기 ) 벌목 - 또 다시 사냥 사냥 - 게임 종료 무한 반복 결론 러스트 에는 딸 랑 이 있다면 더 포레스트 는 딸 랑 이 가 2 개있지,2016-02-25 00:25:59
242760,The Forest,positive,착한 식인종을 죽이지 마세요. 여러분들께서 먼저 마음을 여시면 식인종분들도 마음을 엽니다.그리고 식인종분들께서 저를 도와주십니다. 음식도 나눠주고 집도 지워주고 심지어는 다친 아들 티미도 회복 시켜 저의품속으로 돌아왔습니다. 여러분 식인종을 죽이지 마세요.! 착한분들이에요.!,착한 식인종 을 죽 이지 마세요 . 여러분 들 께서 먼저 마음 을 여시면 식인종 분들 도 마음 을 엽니 다 . 그리고 식인종 분들 께서 저 를 도와주십니다 . 음식 도 나눠주고 집도 지워주고 심지어 는 다친 아들 티 미도 회복 시켜 저 의품속 으로 돌아왔습니다 . 여러분 식인종 을 죽 이지 마세요 .! 착한 분 들 이에요 .!,2016-02-24 16:55:37
242760,The Forest,positive,good~,good ~,2016-02-23 14:51:00
242760,The Forest,positive,분명 한건 많은데 되돌아보면 나무베고 식인종 잡아다가 팔다리 잘라서 구워먹은거밖에 기억 안나는 게임.,분명 한 건 많은데 되돌아보면 나무 베고 식인종 잡아다가 팔다리 잘라서 구워 먹은거밖에 기억 안나 는 게임 .,2016-02-23 11:11:39
242760,The Forest,positive,이 게임을 산지 꽤 되었지만 그래도 아직까지 즐기고 있는 게임중 하나 고어와 생존 그리고 볼만한 스토리를 갖춘 게임인건 맞음 근데 가끔 버그도 많다고 느껴지지만 게임 플레이에 지장이 가는 큰 버그는 없던거 같음 처음 사서 혼자하면 진짜 그냥 나혼자 무인도에 같힌 느낌이라 공포감이 장난아닌데 막상 하다보면 왠 머머리 노출증 환자들이 소리지르고 다니면서 나를 겁나 꼬라보는거로 밖엔 안보여짐 그리고 혼자하면 공포겜인데 친구랑 같이하면 다른 멀티겜보다 재밌다고 느껴졌음 분명 생존 공포 게임인데 개그 게임을 하는 느낌이랄까..,이 게임 을 산지 꽤 되었지만 그래도 아직 까지 즐기고 있는 게임 중 하나 고어 와 생존 그리고 볼 만 한 스토리 를 갖춘 게임 인 건 맞음 근데 가끔 버그 도 많다고 느껴지지만 게임 플레이 에 지장 이 가는 큰 버그 는 없던거 같음 처음 사서 혼자 하면 진짜 그냥 나 혼자 무인도 에 같힌 느낌 이라 공포 감 이 장난 아닌데 막상 하다 보면 왠 머 머리 노출증 환자 들 이 소리 지르고 다니면서 나를 겁나 꼬 라 보는거로 밖엔 안보 여 짐 그리고 혼자 하면 공포 겜 인데 친구 랑 같이 하면 다른 멀티 겜 보다 재밌다고 느껴졌음 분명 생존 공포 게임 인데 개그 게임 을 하는 느낌 이 랄 까 ..,2016-02-22 15:01:00
242760,The Forest,positive,화려한 그래픽 참신한 식인종 그리고 집짓고 밭일하는 재미 하지만 컨텐츠 부족 친구들과 몇일만하면 거의 무적 굶어 죽을일이 없음 아이탬도 별로 없고... 나무만 열심히 캡니다 진짜 잼있긴 합니다 근데 문재는 몇일만하면 정말 할게없습니다 ㅠㅠ 그게 제일 아쉽내요 금방질려요..,화려한 그래픽 참신한 식인종 그리고 집 짓고 밭일 하는 재미 하지만 컨텐츠 부족 친구 들 과 몇 일 만하 면 거의 무적 굶어 죽 을 일이 없음 아이탬 도 별로 없고 ... 나무 만 열심히 캡니다 진짜 잼있긴 합니다 근데 문 재는 몇 일 만하 면 정말 할게 없습니다 ㅠㅠ 그게 제일 아쉽내요 금방 질려요 ..,2016-02-22 00:37:39
242760,The Forest,positive,매우매우 재미있다,매우 매우 재미있다,2016-02-21 16:20:46
242760,The Forest,positive,Awosome game. but why don't save in cloud?? that is big problem.,Awosome game . but why don ' t save in cloud ?? that is big problem .,2016-02-21 14:52:44
242760,The Forest,positive,楽しいです~ Fun~~ 재밌네~~ diversión~~~ Spaß~~~~ মজা~~~~~ สนุก~~~~~~ móka~~~~~~~ весело~~~~~~~~,楽しいです ~ Fun ~~ 재밌네 ~~ diversi ó n ~~~ Spa ß ~~~~ মজা ~~~~~ สนุก ~~~~~~ m ó ka ~~~~~~~ весело ~~~~~~~~,2016-02-21 00:23:25
242760,The Forest,positive,재미 있습니다~!!!!!!,재미 있습니다 ~!!!!!!,2016-02-21 00:15:57
242760,The Forest,positive,게임 자체는 좋은데 갑자기 동굴에서 물이 없는데 잠수가 되거나 그래픽이 깨져서 동굴에서 밖이 보이거나 함정을 설치했는데e가 안떠서 사용을 못하거나 갑자기 끝없는 어둠으로 떨어지는 버그가 있었습니다. 버그 고쳐주세요,게임 자체 는 좋은데 갑자기 동굴 에서 물이 없는데 잠수 가 되거나 그래픽 이 깨져서 동굴 에서 밖 이 보이거나 함정 을 설치 했는데 e 가 안 떠서 사용 을 못 하 거나 갑자기 끝없는 어둠 으로 떨어지는 버그 가 있었습니다 . 버그 고쳐주세요,2016-02-20 16:10:08
242760,The Forest,positive,잡초를 좀 줄여줬으면 좋겠습니다.,잡초 를 좀 줄여 줬으면 좋겠습니다 .,2016-02-20 13:07:29
242760,The Forest,positive,발매초기에는 거북이가 떠다니고 공중에 갑자기 점프되어 사망하는 버그등등 다양한 버그들이 있었지만 지금은 엄청나게 바뀌었다. 그래픽도 많이 개선되었다. 하지만 얼마전에 멀티플레이를 해보니 산소통이 사라지는 버그가 있었다 .(눌렀는데 장착이 안되고 사라짐...) 그리고 원주민을 공격하고 있는데 대미지가 들어오는 버그로 원주민과의 1대1도 굉장히 힘들었다. 남들은 나무를 8개씩 옮길 수 있었지만 (수레에) 이상하게도 나는 7개가 한계더라....(그래서 나는 나무만 캐고 옮기는건 친구가했다.) 지금은 모르겠다 얼마전에 패치를 해서 개선되었,발매 초기 에는 거북이 가 떠다니고 공중 에 갑자기 점프 되어 사망 하는 버그 등등 다양한 버그 들 이 있었지만 지금 은 엄청나게 바뀌었다 . 그래픽 도 많이 개선 되었다 . 하지만 얼마 전 에 멀티플레이 를 해보니 산 소통 이 사라지는 버그 가 있었다 .( 눌렀는데 장착 이 안되고 사라짐 ...) 그리고 원주민 을 공격 하고 있는데 대미지 가 들어오는 버그 로 원주민 과의 1 대 1 도 굉장히 힘들었다 . 남 들 은 나무 를 8 개 씩 옮길 수 있었지만 ( 수레 에 ) 이상하게도 나 는 7 개 가 한계더라 ....( 그래서 나 는 나무 만 캐고 옮기는건 친구 가했다 .) 지금 은 모르겠다 얼마 전 에 패치 를 해서 개선 되었,2016-02-20 06:19:29
242760,The Forest,positive,"정식버전이 나오면 기대되는 게임이자 아직 베타버전임에도 불과하고 재미있는 동굴탐험과 심심하지 않도록 자주 놀려와주는 식인종들 그리고 기괴한 모습으로 날 재미있게 해주었던 변종(돌연변이)들이 너무나도 재미있다. 누구는 이게임이 무섭고 노잼이라고 하지만 나는 이게임이 너무너무 재밌다. 하지만 아직 베타버전이라 동굴탐험,집짓기가 끝이다. 사실은 이게임 목적이 원래 아들 찾으려고 식인종 피해서 스토리 형식으로 되야하는데 그 반대로 주인공이 식인종사냥하고 식량으로 쓰이고 정작 찾아야하는 아들을 두고 거기서 생활 하는것같다","정식 버전 이 나오면 기대 되는 게임 이자 아직 베타 버전 임 에도 불과하고 재미있는 동굴탐험 과 심심하지 않도록 자주 놀려와 주는 식인종 들 그리고 기괴한 모습 으로 날 재미있게 해주었던 변종 ( 돌연변이 ) 들이 너무나도 재미있다 . 누구 는 이 게임 이 무섭고 노잼 이라고 하지만 나 는 이 게임 이 너무 너무 재밌다 . 하지만 아직 베타 버전 이라 동굴탐험 , 집짓기 가 끝 이다 . 사실 은 이 게임 목적 이 원래 아들 찾으려고 식인종 피해 서 스토리 형식 으로 되야하는데 그 반대 로 주인공 이 식인종 사냥 하고 식량 으로 쓰이고 정작 찾아 야하는 아들 을 두고 거기 서 생활 하는것 같다",2016-02-19 07:27:09
242760,The Forest,positive,게임 재미 있습니다 . 추천 드립니다. 친구랑 같이 멀티하는 것도 재미있고 지속적인 업뎃으로 기대해봐도 좋을거 같은 게임.,게임 재미 있습니다 . 추천 드립니다 . 친구 랑 같이 멀티 하는 것 도 재미있고 지속 적 인 업뎃 으로 기대 해봐도 좋을거 같은 게임 .,2016-02-18 22:01:54
242760,The Forest,positive,이겜은 개쩌는 게임이에요 겜 이름부터 숲인데 일단 나무를 캡니다 그리고 나무를 또 캡니다 그리고 또 캐요 네 계속 캐요 시발 원주민 만나면 죽이고 시체를 집으로 데리고 갑니다 분해를 하고 그 고기(시체)덩어리를 건조시키고 먹습니다 개꿀맛인듯 피랑 허기가 올라감 그리고 나무를 캡니다 그리고 동굴가서 아이템 얻고 또 나무를 캐고 원주민 잡고 이제 할거없음 시발ㅋㅋㅋㅋㅋㅋㅋ 아들은 뭐 나오지도 않는데 그냥 잊으셈,이 겜 은 개쩌 는 게임 이에요 겜 이름 부터 숲 인데 일단 나무 를 캡니다 그리고 나무 를 또 캡니다 그리고 또 캐 요 네 계속 캐 요 시발 원주민 만나면 죽 이고 시체 를 집 으로 데리 고 갑니다 분해 를 하고 그 고기 ( 시체 ) 덩어리 를 건조 시키고 먹습니다 개꿀맛 인 듯 피 랑 허기 가 올라감 그리고 나무 를 캡니다 그리고 동굴 가서 아이템 얻고 또 나무 를 캐고 원주민 잡고 이제 할거 없음 시발 ㅋㅋㅋㅋㅋㅋㅋ 아들 은 뭐 나오지도 않는데 그냥 잊으셈,2016-02-18 11:08:25
242760,The Forest,positive,안해본 사이에 식인종들을 잡아서 폴아웃 처럼 먹을수 있게 됬다는데 궁금해서 몆시간 해보니까 이젠 내가 정상인인건지 식인종이 된건지 궁금하다 아 그리고 카타나 씹사기다,안 해본 사이 에 식인종 들 을 잡아서 폴아웃 처럼 먹을수 있게 됬다는데 궁금해서 몆 시간 해보니까 이 젠 내 가 정상인 인 건지 식인종 이 된 건지 궁금하다 아 그리고 카타나 씹 사기 다,2016-02-17 18:51:31
242760,The Forest,positive,이름하야 벌목게임 나무를 많이가지기위해 원주민들과 사투를벌이는게임입니다,이름 하야 벌목 게임 나무 를 많이 가지 기 위해 원주민 들 과 사투 를 벌이는 게임 입니다,2016-02-16 22:21:36
242760,The Forest,positive,패치가 훌륭하군요! 빨리 정식버젼이 나오길 ㅎㅎ~,패치 가 훌륭하군요 ! 빨리 정식 버젼 이 나오길 ㅎㅎ ~,2016-02-16 15:51:33
242760,The Forest,positive,"초기엔 생존위주 후기엔 건설위주 초심자입장으론 초기 원주민의 우월한 인공지능떄문에 많이 힘들다 하지만 하면 할수록 적응이 되가면서 재미가 배가된다 그리고 궁극의 카타나가 있는 이상 두려울게 없다 아직 많은 떡밥과 동굴 탐험, 숨겨진 요소등은 아주 훌륭하게 만든거 같다 다만 단점이라면 약간의 버그가 문제고 건설하기가 어렵다는 것이 문제다 살아남아 학살하는 패권자가 될것인가 일개 원주민의 식량이 될지는 당신의 몫이다","초기 엔 생존 위주 후기 엔 건설 위주 초심자 입장 으론 초기 원주민 의 우월한 인공 지능 떄문 에 많이 힘들다 하지만 하면 할수록 적응 이 되가면서 재미 가 배 가 된다 그리고 궁극 의 카타나 가 있는 이상 두려울게 없다 아직 많은 떡밥 과 동굴 탐험 , 숨겨진 요 소등 은 아주 훌륭하게 만든거 같다 다만 단점 이 라면 약간 의 버그 가 문제 고 건설 하기가 어렵다는 것 이 문제 다 살아남아 학살 하는 패권 자 가 될것인가 일개 원주민 의 식량 이 될지는 당신 의 몫 이다",2016-02-16 14:49:51
242760,The Forest,positive,크래시 나는거 어케해요 how to fix game crash,크 래시 나는거 어케해 요 how to fix game crash,2016-02-16 03:08:50
242760,The Forest,positive,끼임현상이 일어나면 잘안빠질뿐더러 빠져나오면 키가 안먹히네요,끼 임현 상이 일어나면 잘 안 빠질 뿐더러 빠져나오면 키 가 안 먹히네요,2016-02-15 21:28:49
242760,The Forest,positive,ㅋ굿ㅋㅋㄴㅋㅋㅋ,ㅋ 굿 ㅋㅋㄴㅋㅋㅋ,2016-02-14 23:51:01
242760,The Forest,positive,이거친구랑해봤는데 개꿀잼입니다. 해보면 아시겠지만 생존게임의 대작임 특히 원시민의 지능이나 동굴탐험이 개꿀이에요 지능이높아서 개꿀잼이에요암튼 추천,이 거 친구 랑 해봤는데 개꿀잼 입니다 . 해보면 아시겠지만 생존 게임 의 대작 임 특히 원 시민 의 지능 이나 동굴탐험 이 개꿀 이에요 지능 이 높아서 개꿀잼 이에요 암튼 추천,2016-02-14 22:58:34
242760,The Forest,positive,앤딩을 놰누아,앤딩 을 놰누 아,2016-02-14 16:37:25
242760,The Forest,positive,hahaha,hahaha,2016-02-14 12:36:11
242760,The Forest,positive,소장 할만한 가치 충분합니다,소장 할만 한 가치 충분합니다,2016-02-14 00:54:53
242760,The Forest,positive,추천합니다,추천 합니다,2016-02-14 00:02:28
242760,The Forest,positive,굿굿굿굿,굿굿굿굿,2016-02-13 21:37:24
242760,The Forest,positive,엑윽 dpr,엑윽 dpr,2016-02-13 17:43:34
242760,The Forest,positive,good :),good :),2016-02-13 10:41:04
242760,The Forest,positive,재밌음 근데 이거 자기가 지은 건물 어떻게 부수냐고 혹시라도 리무브할수있는 방법을 아시는분은 쪽지바랍니다. 문어괴물도 못부셔요 계단을 폭탄도안되고 불도안탐,재밌음 근데 이 거 자기 가 지은 건물 어떻게 부수냐고 혹시 라도 리무 브 할수있는 방법 을 아시 는 분 은 쪽지 바랍니다 . 문어 괴물 도 못 부셔요 계단 을 폭탄 도 안되고 불 도안 탐,2016-02-13 00:02:24
242760,The Forest,positive,GOoOOOOOOoooooDDD! :D It is awesome!!! CooOOOoooooOOoollll!!,GOoOOOOOOoooooDDD ! : D It is awesome !!! CooOOOoooooOOoollll !!,2016-02-12 21:58:28
242760,The Forest,positive,생존의 공포를 실감나게 느낄수 있었던 게임이네요,생존 의 공포 를 실감 나게 느낄수 있었던 게임 이네 요,2016-02-12 19:06:41
242760,The Forest,positive,한글화 까지 해줬네 씹갓겜,한글화 까지 해줬네 씹 갓 겜,2016-02-12 17:53:36
242760,The Forest,positive,제발 잡템 보관할 수 있는 창고같은 것 좀 만들어주세요...게임은 정말 재밌어요!,제발 잡템 보 관할 수 있는 창고 같은 것 좀 만들어주세요 ... 게임 은 정말 재밌어요 !,2016-02-12 17:40:29
242760,The Forest,positive,꿀,꿀,2016-02-12 01:09:05
242760,The Forest,positive,상당히 재미있는 요소는 많지만 아직 버그가 많고 추가적인 컨텐츠 업데이트가 느린점이 아쉽습니다,상당히 재미있는 요소 는 많지만 아직 버그 가 많고 추가 적 인 컨텐츠 업데이트 가 느린 점 이 아쉽습니다,2016-02-12 00:21:13
242760,The Forest,positive,아직 정식버전이 아니라 부족하거나 아쉬운점이 많긴한데 저는 아는사람이랑 했는데 재밌습니다. 부족한 컨텐츠나 스토리의 부재가 있긴하나 정식버전으로 나올시 상당히 기대됩니다. 지금은 하면 식인종이나 돌연변이로부터 생존과 나무를베며 빌딩을 하는 재미 그리고 동굴및 탐험을 하는 재미로 합니다.. 그래도 재밌으니 미리 해보실분은 해보시는것도 추천 정식버전 빨리 나오길 ㅎㅎ,아직 정식 버전 이 아니라 부족하거나 아쉬운 점 이 많긴한데 저 는 아는 사람 이랑 했는데 재밌습니다 . 부족한 컨텐츠 나 스토리 의 부재 가 있긴하나 정식 버전 으로 나올시 상당히 기대 됩니다 . 지금 은 하면 식인종 이나 돌연변이 로부터 생존 과 나무 를 베며 빌딩 을 하는 재미 그리고 동굴 및 탐험 을 하는 재미 로 합니다 .. 그래도 재밌으니 미리 해보실 분 은 해보시는것도 추천 정식 버전 빨리 나오길 ㅎㅎ,2016-02-11 10:50:51
242760,The Forest,positive,"일단 코옵을 하실 때, 사람이 꽉 찬 방에 들어가면 무한 로딩에 빠져들게 되니 조심하시기 바랍니다. 이 게임은 일단 굉장히 참신해요. 식인종들과 싸우고 그들을 먹을 수도 있고 시체로 산을 쌓아서 겁을 줄 수도 있어요. 하지만 여러가지 문제가 있어요. 일단 첫 번째로. 이 게임에서는 식인종들을 잡아다가 토템을 만들 수 있어요. 시체로 토템을 쌓는 건데, 이게 듣는 이야기로는 어떤거는 식인종이 접근하지 않게 끔 경고용 토템이 되고 어떤거는 불러오는 도발용 토템이 된다고 해요. 근데 뭐가 경고용이고 도발용인지 알 수가 없어요. 처음 비","일단 코옵 을 하실 때 , 사람 이 꽉 찬 방 에 들어가면 무한 로딩 에 빠져들게 되니 조심하시기 바랍니다 . 이 게임 은 일단 굉장히 참신해요 . 식인종 들 과 싸우고 그 들 을 먹을 수도 있고 시체 로 산 을 쌓아서 겁 을 줄 수도 있어요 . 하지만 여러가지 문제 가 있어요 . 일단 첫 번 째 로 . 이 게임 에서는 식인종 들 을 잡아다가 토템 을 만들 수 있어요 . 시체 로 토템 을 쌓는 건데 , 이 게 듣는 이야기 로는 어떤 거 는 식인종 이 접근 하지 않게 끔 경 고용 토템 이 되고 어떤 거 는 불러오는 도발 용 토템 이 된다고 해 요 . 근데 뭐 가 경 고용 이고 도발 용인 지 알 수가 없어요 . 처음 비",2016-02-11 10:07:00
242760,The Forest,positive,이거로딩화면에서팅깁니다....버그인가요?,이 거 로딩 화 면 에서 팅깁니다 .... 버그 인가요 ?,2016-02-10 17:25:49
242760,The Forest,positive,sdasd,sdasd,2016-02-10 16:26:52
242760,The Forest,positive,숙련된 플레이어가 이 게임을 하면 금세 적응되어 내가 생존자인지 식인종인지 구분이 가지않는다 .,숙련 된 플레이어 가 이 게임 을 하면 금세 적응 되어 내 가 생존자 인지 식인종 인지 구분 이 가지 않는다 .,2016-02-10 15:51:48
242760,The Forest,positive,"이런 종류의 게임은 혼자하는 것 보다는 친구들이나 다른사람들과 함께 하는 게 더 재미있음.. 혼자 집만들고 뭐하다보면 벌써 밤 돼서 뒈지는일이 다반수, 친구들이랑 하면 개 꿀ㅋㅋㅋㅋㅋㅋㅋㅋㅋ","이런 종류 의 게임 은 혼자 하는 것 보다는 친구 들 이나 다른사람 들 과 함께 하는 게 더 재미있음 .. 혼자 집 만들고 뭐 하다 보면 벌써 밤 돼서 뒈지는 일이 다반 수 , 친구 들 이랑 하면 개 꿀 ㅋㅋㅋㅋㅋㅋㅋㅋㅋ",2016-02-10 15:51:27
242760,The Forest,positive,토할거같아요,토 할거 같아요,2016-02-10 04:18:53
242760,The Forest,positive,생존을 가장한 원주민 학살 게임,생존 을 가장 한 원주민 학살 게임,2016-02-10 00:33:56
242760,The Forest,positive,아직 알파라 버그가많아 불편한점 그것말곤 괜찮은 게임 반드시 친구랑 멀티로하자,아직 알파 라 버그 가 많아 불편한 점 그것 말곤 괜찮은 게임 반드시 친구 랑 멀티 로 하자,2016-02-09 23:48:51
242760,The Forest,positive,나무도 깎고 사람도 깎고.. 돌연변이도 깎는 게임 건축물이 늘어날 수록 뿌듯함은 더해진다. 옛날보다 버그는 많이 없어졌지만 아직도 가끔 토끼가 물속으로 돌진하고 식인종들도 물속에서 돌진한다..,나무 도 깎고 사람 도 깎고 .. 돌연변이 도 깎는 게임 건축물 이 늘어날 수록 뿌듯함은 더해진다 . 옛날 보다 버그 는 많이 없어졌지만 아직도 가끔 토끼 가 물속 으로 돌진 하고 식인종 들 도 물속 에서 돌진 한 다 ..,2016-02-09 21:35:59
242760,The Forest,positive,친구랑 해 혼자하면 무서워,친구 랑 해 혼자 하면 무서워,2016-02-09 18:20:22
242760,The Forest,positive,방송만 보다가 한번 해 볼까하고 깔긴했는데 은근 재미있다. 파밍하는것도 재미있고 퀄리티도 짱이다.근데 한가지 문제점 60일을 살았는데 돌연변이가 보이디 않는다. 돌연변이만나려고 깐건데 돌연변이가 안나와 이것좀 고쳐주세요.,방송 만 보다가 한번 해 볼 까하고 깔긴 했는데 은근 재미있다 . 파밍 하는것도 재미있고 퀄리티 도 짱 이다 . 근데 한가지 문제점 60일 을 살았는데 돌연변이 가 보이디 않는다 . 돌연변이 만나려고 깐건데 돌연변이 가 안나 와 이 것좀 고쳐주세요 .,2016-02-08 16:48:58
242760,The Forest,positive,굿,굿,2016-02-08 03:56:49
242760,The Forest,positive,괜찮음 할만함,괜찮음 할만 함,2016-02-07 22:49:17
242760,The Forest,positive,엔딩좀 어서 내줘요,엔딩 좀 어서 내줘요,2016-02-07 12:45:38
242760,The Forest,positive,처음 개발공개 했을때보단 상당히 많이 발전된.. 나름 할만했음,처음 개발 공개 했을 때 보단 상당히 많이 발전 된 .. 나름 할만 했음,2016-02-06 17:16:39
242760,The Forest,positive,생존게임 좋아하신다면 꼭 한번쯤 해볼만한 게임,생존 게임 좋아하신다면 꼭 한번 쯤 해볼만 한 게임,2016-02-04 01:43:58
242760,The Forest,positive,인종이 극혐 그리고 인벤토리좀 늘려줬음 좋겠다,인종 이 극혐 그리고 인벤 토리 좀 늘려 줬음 좋겠다,2016-02-03 21:33:14
242760,The Forest,positive,유잼,유잼,2016-02-03 20:23:09
242760,The Forest,positive,설정창이라도 한글 지원 해주셨으면 좋겠어요. 평화모드 하고 싶은대 다 건들어 봐도 식인종이 너무 많이 나오고 너무 어렵내요. 평화모드 하려면 뭘 설정 해야 되는지 아시는분 좀 알려 주세요 다 영어라 모르겠내요...;;;;,설정 창 이라도 한글 지원 해주셨으면 좋겠어요 . 평화 모드 하고 싶은대 다 건 들어 봐도 식인종 이 너무 많이 나오고 너무 어렵내요 . 평화 모드 하려면 뭘 설정 해야 되는지 아시 는 분 좀 알려 주세요 다 영어 라 모르겠내요 ...;;;;,2016-02-03 14:31:24
242760,The Forest,positive,awe,awe,2016-02-03 02:31:42
242760,The Forest,positive,good,good,2016-02-02 21:01:53
242760,The Forest,positive,재미있다 하지만 안하게된다,재미있다 하지만 안 하게 된다,2016-01-31 19:00:16
242760,The Forest,positive,Oops 오류가 있어서 못해요 다른사람들도ㅠㅠ,Oops 오류 가 있어서 못 해요 다른사람 들 도 ㅠㅠ,2016-01-30 11:13:46
242760,The Forest,positive,좋아요!,좋아요 !,2016-01-21 22:45:23
242760,The Forest,positive,good,good,2016-01-19 20:24:10
242760,The Forest,positive,상당히 그래픽에 비해 용량이 낮아 놀랐습니다. 하지만 아직 버그들이 너무 많네요 . 앞으로의 업데이트 활동이 기대되는 게임입니다.,상당히 그래픽 에 비해 용량 이 낮아 놀랐습니다 . 하지만 아직 버그 들 이 너무 많네요 . 앞 으로의 업데이트 활동 이 기대 되는 게임 입니다 .,2016-01-15 17:47:45
242760,The Forest,positive,뭔가 호러적인 특징을 잘 살려낸 게임이다.,뭔가 호러 적 인 특징 을 잘 살려 낸 게임 이다 .,2016-01-13 15:42:27
242760,The Forest,positive,"Good game, just don't have friends to play it with sadly.","Good game , just don ' t have friends to play it with sadly .",2016-01-13 04:25:04
242760,The Forest,positive,"아직은 업데이트를 해야할부분이 많은게임. 몰입감은 최고지만, 컨텐츠부족으로 무한한 건물생산 게임으로 전락가능한 부분이 없지나마있다. 최근 업데이트로, 조금씩 나아지곤있는데, 아직 애매모호하다. 그래도 재밌는건 인정.","아직 은 업데이트 를 해야 할부 분 이 많은 게임 . 몰입 감은 최고 지만 , 컨텐츠 부족 으로 무한 한 건물 생산 게임 으로 전락 가능한 부분 이 없지나마 있다 . 최근 업데이트 로 , 조금씩 나아지곤 있는데 , 아직 애매모호하다 . 그래도 재밌는건 인정 .",2016-01-12 18:33:08
242760,The Forest,positive,카세트 테이프로 노래를 들을 수 있다. 심지어 카세트 테이프를 평평한 곳 에 올려놔서 라디오 마냥 들을 수 있다. 그 정도로 충분해 이 게임 은.,카세트 테이프 로 노래 를 들을 수 있다 . 심지어 카세트 테이프 를 평평한 곳 에 올려놔서 라디오 마냥 들을 수 있다 . 그 정도 로 충분해 이 게임 은 .,2016-01-12 00:30:29
242760,The Forest,positive,무서운느낌을 주는데 그게 재밋네요,무서운 느낌 을 주는데 그게 재밋네 요,2016-01-11 22:32:21
242760,The Forest,positive,첫날은 분명 쫄고있는데 하다보면 양학중,첫날 은 분명 쫄 고 있는데 하다 보면 양 학 중,2016-01-11 13:18:17
242760,The Forest,positive,자꾸팅겨요 먼파일이랑 곂친다고 자꾸뜨고 팅겨요,자꾸 팅겨요 먼 파일 이랑 곂친다 고 자꾸 뜨고 팅겨요,2016-01-07 16:07:02
242760,The Forest,positive,이건 졸잼이다 친구들이랑 식인종 사냥을 나가자,이건 졸잼 이다 친구 들 이랑 식인종 사냥 을 나가자,2015-12-31 21:12:27
242760,The Forest,positive,이게임 너무재미있고 실제랑 비슷하고 좋습니다. 하지만 동굴에 들어가 어두워서 도끼에 천을감아 불을붙혔는데 제시점에서는 너무 어둡습니다. 하지만 이게임 너무너무 재미있습니다 다른사람들도 해봤으면 좋겠네요,이 게임 너무 재미있고 실제 랑 비슷하고 좋습니다 . 하지만 동굴 에 들어가 어두워서 도끼 에 천 을 감아 불 을 붙 혔 는데 제 시점 에서는 너무 어둡습니다 . 하지만 이 게임 너무 너무 재미있습니다 다른사람 들 도 해봤으면 좋겠네요,2015-12-30 01:15:07
242760,The Forest,positive,ddddd,ddddd,2015-12-29 09:15:56
242760,The Forest,positive,"코즈믹 호러랑 생존을 잘 섞은 게임입니다. 생존게임이니만큼 넓은 맵과 자유도를 보장하고 있지만, 아직 컨탠츠의 수가 적고, 버그가 심합니다. 하지만 지속적인 업데이트로 점점 뼈에 살이 붙어가 좋은 평가를 주고 싶습니다. 버그만 감내한다면 생존게임으로는 으뜸.","코즈믹 호러 랑 생존 을 잘 섞은 게임 입니다 . 생존 게임 이니 만큼 넓은 맵 과 자유도 를 보장 하고 있지만 , 아직 컨탠츠 의 수가 적고 , 버그 가 심합니다 . 하지만 지속 적 인 업데이트 로 점점 뼈 에 살이 붙어가 좋은 평가 를 주고 싶습니다 . 버그 만 감내한 다 면 생존 게임 으로는 으뜸 .",2015-12-27 16:33:06
242760,The Forest,positive,아직 개발중인 게임이지만 예전에는 버그도 심하고 항상 똑같은 패턴으로 게임을 플레이해서 재미가없었지만 계속 발전 하면서 맵도 넓히고 스토리도 만들어가고있고 업데이트가 좋게 되고 있는거같다 개인정인 생각이지만 싱글하면 너무 무서워 ㅠ,아직 개발 중 인 게임 이지만 예전 에는 버그 도 심하고 항상 똑같은 패턴 으로 게임 을 플레이 해서 재미 가 없었지만 계속 발전 하면서 맵 도 넓히고 스토리 도 만들어가고있고 업데이트 가 좋게 되고 있는거 같다 개인 정인 생각 이지만 싱글 하면 너무 무서워 ㅠ,2015-12-27 12:59:18
242760,The Forest,positive,나는 이 게임으로 뭔가 잉여력이 상승했다... 찾으라는 아들은 찾지 않고 집을 만들어서 아이템들을 소지품 처럼 모으기 시작하며 그 집을 지키기 위해 함정을 어떻게 설치할지 관리할지 등등... 그런 생각에 빠져있다... 동굴은 관심도 없다...무엇보다 벽을 탈수 있는 갈고리는 어디있는 건지ㅠㅠ 집 만들는 시스템이나 아이템은 적다...허나 그것도 나름 현실성이 있어보여 독보인다. 결론 나는 앞으로 쭉 이 게임을 즐길지도?ㅋㅋㅋㅋㅋ매번 업데이트가 기대된다 허허허허,나 는 이 게임 으로 뭔가 잉여 력 이 상승 했다 ... 찾으라는 아들 은 찾지 않고 집 을 만들어서 아이템 들 을 소지품 처럼 모으기 시작 하며 그 집 을 지키기 위해 함정 을 어떻게 설치 할지 관리 할지 등등 ... 그런 생각 에 빠져있다 ... 동굴 은 관심 도 없다 ... 무엇 보다 벽 을 탈수 있는 갈고리 는 어디 있는 건지 ㅠㅠ 집 만들는 시스템 이나 아이템 은 적다 ... 허나 그것 도 나름 현실 성 이 있어 보여 독보 인 다 . 결론 나 는 앞 으로 쭉 이 게임 을 즐길지도 ? ㅋㅋㅋㅋㅋ 매번 업데이트 가 기대 된다 허허 허허,2015-12-21 12:52:26
242760,The Forest,positive,자신이 식인종인지 아닌지 정체성을 잃는겜.,자신 이 식인종 인지 아닌지 정체 성 을 잃는 겜 .,2015-12-19 22:47:07
242760,The Forest,positive,최고의 생존게임!!,최고 의 생존 게임 !!,2015-12-19 14:49:22
242760,The Forest,positive,아직은 별로 없어서 아쉽기는 하지만 후에 기대되는 게임!,아직 은 별로 없어서 아쉽 기는 하지만 후 에 기대 되는 게임 !,2015-12-15 23:39:25
242760,The Forest,positive,멍청한식인종,멍청한 식인종,2015-12-14 23:44:49
242760,The Forest,positive,일단 게임자체의 그래픽이나 설정은 모든 생존게임을 통틀어서 매우 뛰어나다 . 하지만 게임내의 재밋거리가 매우 부족한 상태이다... 건물 무기 등등 만들고 쓸수잇는 것들도 매우적고.. 동물의 종류도 적으며 식인종종류등 모든 컨텐츠가 매우적다 그리고 모든 공격을 디펜스 할수있다는점도 게임이 너무 쉬워보인다. 하지만 이런 모든것들을 감안해도 게임설정이나 배경이 매우 완벽하다 앞으로 점점 업데이트 될것같은데 앞으로의 업데이트가 기대된다. 많은 컨텐츠가 추가되었으면 좋겟다...많이하다보니 진짜 동굴 다찾고그러면 할게없다.. 보스급 몬스터라,일단 게임 자체 의 그래픽 이나 설정 은 모든 생존 게임 을 통틀어 서 매우 뛰어나다 . 하지만 게임 내의 재밋거리 가 매우 부족한 상태 이다 ... 건물 무기 등등 만들고 쓸수 잇는 것 들 도 매우 적 고 .. 동물 의 종류 도 적으며 식인종 종류 등 모든 컨텐츠 가 매우 적 다 그리고 모든 공격 을 디펜스 할수있다는 점도 게임 이 너무 쉬워 보인다 . 하지만 이런 모든 것 들 을 감안 해도 게임 설정 이나 배경 이 매우 완벽하다 앞 으로 점점 업데이트 될것 같은데 앞 으로의 업데이트 가 기대 된다 . 많은 컨텐츠 가 추가 되었으면 좋겟다 ... 많이 하다 보니 진짜 동굴 다 찾고 그러면 할게 없다 .. 보스 급 몬스터 라,2015-12-11 00:12:49
242760,The Forest,positive,컴퓨터가안좋아 많이하지못했는데 조금의플레이로도 재미가상당히 있습니다,컴퓨터 가 안좋아 많이 하지못 했는데 조금 의 플레이 로 도 재미 가 상당히 있습니다,2015-12-08 20:27:28
242760,The Forest,positive,"아주 재밌습니다.맨 처음에는 오류도 많고 단순한 게임이었지만, 꾸준한 업데이트와 개발진들의 노력으로 정말 재미있고 긴장감있는 생존게임이 되잇습니다.여전히 계속 업데이트 되고 있고요 스팀에서 좋아하는 생존게임중에선 손가락안에 들어갈정도로 재밋네요","아주 재밌습니다 . 맨 처음 에는 오류 도 많고 단순한 게임 이었지만 , 꾸준한 업데이트 와 개발 진 들 의 노력 으로 정말 재미있고 긴장감 있는 생존 게임 이 되 잇습니다 . 여전히 계속 업데이트 되고 있고요 스팀 에서 좋아하는 생존 게임 중 에선 손가락 안 에 들어갈 정도 로 재밋네 요",2015-12-05 23:42:06
242760,The Forest,positive,A:오늘 저녁식사는 뭐야? B:원주민 팔다리 구이,A : 오늘 저녁식사 는 뭐 야 ? B : 원주민 팔다리 구이,2015-12-05 03:15:20
242760,The Forest,positive,omg,omg,2015-12-01 21:19:50
242760,The Forest,positive,굉장히 재미있습니다. 모든 세계인들에게 추천합니다.,굉장히 재미있습니다 . 모든 세계 인들 에게 추천 합니다 .,2015-12-01 00:44:38
242760,The Forest,positive,식인종육포 개맛있음 ㄹㅇ 밥도둑 한그릇뚝딱인듯,식인종 육포 개맛 있음 ㄹㅇ 밥 도둑 한 그릇 뚝딱 인 듯,2015-11-29 16:03:59
242760,The Forest,positive,장점 현실성있는 나무 찍기 고기의 다양성과 스토리 (실제로 스토리는 영화에 한번 다뤄진적이 있었음) 발전된 텍스쳐와 명암이나 그림자나 광원등 나무로 성을 지을수도 있다. 단점 건설 시간이 너무 오래 걸린다. 버그가 잦다.(게임시 그리 문제되지는 않는 부분) 나무캘때의 렉 원주민들의 모션이 이상함과 멍청함 원주민들이 성벽을 뜷고 쳐 들어온다. 라이터 연료는 어디서 그리 많이 나오는지 그리고 일본도를 어디서 가져왔는지 실제로 기내에서는 도검류는 위탁 수화물로 처리됨 건물짓다보면 허무함이 드는 게임 본 필자는 댁의 재미를 존중한다,장점 현실 성 있는 나무 찍기 고기 의 다양성 과 스토리 ( 실제 로 스토리 는 영화 에 한번 다뤄진 적 이 있었음 ) 발전 된 텍스쳐 와 명암 이나 그림자 나 광원 등 나무 로 성 을 지을수도 있다 . 단점 건설 시간 이 너무 오래 걸린다 . 버그 가 잦다 .( 게임 시 그리 문제 되지는 않는 부분 ) 나무 캘 때 의 렉 원주민 들 의 모션 이 이상함과 멍청함 원주민 들 이 성벽 을 뜷 고 쳐 들어온다 . 라이터 연료 는 어디서 그리 많이 나오는지 그리고 일본도 를 어디서 가져왔는지 실제 로 기내 에서는 도검류 는 위탁 수화물 로 처리 됨 건물 짓다 보면 허무함이 드는 게임 본 필자 는 댁 의 재미 를 존중 한다,2015-11-29 13:33:05
242760,The Forest,positive,버그 패치로 인해서 많이 나아지고 있음 지인들과 함께한다면 꿀잼!!,버그 패치 로 인해서 많이 나아지고 있음 지인 들 과 함께 한다면 꿀잼 !!,2015-11-26 13:25:17
242760,The Forest,positive,생존게임 으로 딱 입니다 재미있네요 강추합니다,생존 게임 으로 딱 입니다 재미있네요 강 추합니다,2015-11-23 20:44:25
242760,The Forest,positive,"아니 진짜재밌는데 자꾸친구랑 하려니 서버가안들가져,;1회용임;","아니 진짜 재밌는데 자꾸 친구 랑 하려니 서버 가안 들 가져 ,; 1회 용임 ;",2015-11-21 11:33:22
242760,The Forest,positive,엄청난 스토리와 엄청난 버그들! 그들이 당신을 반겨줄것 입니다!,엄청난 스토리 와 엄청난 버그 들 ! 그 들 이 당신 을 반겨줄것 입니다 !,2015-11-20 01:30:47
242760,The Forest,positive,사실 섬의 원주민들에게 내가 재앙인 게임..,사실 섬 의 원주민 들 에게 내 가 재앙 인 게임 ..,2015-11-18 08:13:52
242760,The Forest,positive,이 엔딩 두번다시 잊을수 없다...,이 엔딩 두 번 다시 잊을수 없다 ...,2015-11-16 21:44:19
242760,The Forest,positive,"정말 재밌다! 좀비가 아닌 식인종이라는게 이 게임의 가장 큰 포인트, 생존게임이지만 큰 스토리가 존재하는것이 게임의 안정감과 무게감을 더해줌 비록 큰 비중은 없지만, 다른 서바이벌 게임들 처럼 나무나 캐자, 집이나 짓자, 살아남자가 아닌 가끔씩 오브젝트들에서 나오는 단서들로 게임의 무르함을 없애주고, 중간중간 유저들에게 휴식같은 텀을 줌(쉽게 질리지 않음) 여기에서, 식인종들의 사운드나 예상치 못한 공격들로 인해 플레이어들에게 하여금 긴장감을 줌 단순히 집짓고, 의식주를 해결하여 살아남는게 아닌 플레이어들에게 기회를 주는 게임","정말 재밌다 ! 좀비 가 아닌 식인종 이라는 게 이 게임 의 가장 큰 포인트 , 생존 게임 이지만 큰 스토리 가 존재 하는것이 게임 의 안정감 과 무게 감 을 더 해줌 비록 큰 비중 은 없지만 , 다른 서바이벌 게임 들 처럼 나무 나 캐자 , 집 이나 짓자 , 살아남 자가 아닌 가끔 씩 오브젝트 들 에서 나오는 단서 들 로 게임 의 무르함 을 없애주고 , 중간 중간 유저 들 에게 휴식 같은 텀 을 줌 ( 쉽게 질리 지 않음 ) 여기 에서 , 식인종 들 의 사운드 나 예 상치 못 한 공격 들 로 인해 플레이어 들 에게 하여금 긴장감 을 줌 단순히 집 짓고 , 의식주 를 해결 하여 살아남는게 아닌 플레이어 들 에게 기회 를 주는 게임",2015-11-15 20:45:04
242760,The Forest,positive,"할만하다 인페스테이션 , 러스트 .h1z1 같은 똥겜 보다는 이게 훨 재밌다ㅇ","할 만하 다 인 페스 테이 션 , 러스트 . h 1 z 1 같은 똥겜 보다는 이 게 훨 재밌다 ㅇ",2015-11-15 16:14:41
242760,The Forest,positive,굿또,굿또,2015-11-14 13:53:49
242760,The Forest,positive,굿,굿,2015-11-14 13:34:40
242760,The Forest,positive,이 게임은 사고로 비행기가 추락하여 왠 식인종이 아들을 데려가서부터 진행됩니다. 아들을 구하기 위해 아버지가 추락한 비행기안에 있던 손도끼와 소량의 식량으로 생존의 시작입니다. 영상을 보시면 막 식인종들의 생김새에 놀라시고 무서운 게임일 수 있다고 생각하실텐데 절.대. 그렇지 않습니다. 아버지는 생존은 베어그릴스 전투는 테이큰의 리암니슨급의 실력을 보여주며 손도끼하나로 나무를 베거나 동물을 베거나 식인종 모가지를 베어버릴 수 있습니다. 가끔식 밤에 식인종들이 당신을 추격할때가 있는데 당황하지 않고 W와 왼쪽마우스를 조금 눌러주시,이 게임 은 사고 로 비행기 가 추락 하여 왠 식인종 이 아들 을 데려가서부터 진행 됩니다 . 아들 을 구 하기 위해 아버지 가 추락 한 비행 기안 에 있던 손도끼 와 소량 의 식량 으로 생존 의 시작 입니다 . 영상 을 보시 면 막 식인종 들 의 생김새 에 놀라시고 무서운 게임 일 수 있다고 생각 하실텐데 절 . 대 . 그렇지 않습니다 . 아버지 는 생존 은 베어그릴스 전투 는 테이큰 의 리암 니 슨 급 의 실력 을 보여주며 손도끼 하나로 나무 를 베거나 동물 을 베거나 식인종 모가지 를 베어 버릴 수 있습니다 . 가끔 식 밤 에 식인종 들 이 당신 을 추격 할 때 가 있는데 당황 하지 않고 W 와 왼쪽 마우스 를 조금 눌러주시,2015-11-12 17:24:13
242760,The Forest,positive,더숲. 16000. 얼리 억세스라 한달에 한번씩 업데이트하는것 같습니다. 당신은 비행기 추락사고로 뻗습니다. 그리고 당신은 당신의 아들을 데려간 원주민을 쫒아야 합니다만...? 당신이 일어나보니 여승무원이 배때찌에 칼빵을 맞았습니다. 기차를 데려가다가 까마귀가 놓은것 같습니다. 그리고 뒤를 돌아보니? -예능겜 애아빠가 4명이 되었습니다 이런미친. 아내가 능력이 정말 남자를 휘어잡았나 보군요. 애아빠 4은 아들이 과연 누구의 아들인지 곰곰히 생각해 봅니다만. 원주민이 대한민국의 가정방문 통계 시스템을 모방하여 새입주를 격하,더숲 . 16000 . 얼리 억 세 스 라 한 달 에 한번 씩 업데이트 하는것 같습니다 . 당신 은 비행기 추락사고 로 뻗습니다 . 그리고 당신 은 당신 의 아들 을 데려간 원주민 을 쫒아야 합니다만 ...? 당신 이 일어나 보니 여 승무원 이 배때찌 에 칼빵 을 맞았습니다 . 기차 를 데려가다가 까마귀 가 놓은 것 같습니다 . 그리고 뒤 를 돌아보니 ? - 예능 겜 애 아빠 가 4 명 이 되었습니다 이런 미친 . 아내 가 능력 이 정말 남자 를 휘 어 잡았나 보군요 . 애 아빠 4 은 아들 이 과연 누구 의 아들 인지 곰곰히 생각 해 봅니다만 . 원주민 이 대한민국 의 가정방문 통계 시스템 을 모방 하여 새 입주 를 격하,2015-11-11 22:57:36
242760,The Forest,positive,이 게임은 친구들이랑 같이 플레이 할 때 제일 재밌는 것 같습니다. 예전에는 버그가 눈에 띄게 많았는데 이제는 많이 줄어들었더군요. 그래도 여전히 버그 덕에 웃는 일이 많네요 가볍게 즐길만한 게임으로 재미있습니다. 추천으로 친구 네 명이 더 구입 했어요,이 게임 은 친구 들 이랑 같이 플레이 할 때 제일 재밌는 것 같습니다 . 예전 에는 버그 가 눈 에 띄게 많았는데 이제 는 많이 줄어들었더군요 . 그래도 여전히 버그 덕 에 웃는 일이 많네요 가볍게 즐길만 한 게임 으로 재미있습니다 . 추천 으로 친구 네 명 이 더 구입 했어요,2015-11-10 22:27:17
242760,The Forest,positive,good,good,2015-11-09 17:07:54
242760,The Forest,positive,토막살인 게임,토막살인 게임,2015-11-08 18:33:19
242760,The Forest,positive,"이 게임을 플레이하는 플레이어의 마음을 제작자가 완전히 모르지는 아닌 거 같습니다 플레이어가 원하는 패치는 절반 정도 이루어젔습니다 멀티, 버그 수정, 동굴 추가, 아이템 추가 등등","이 게임 을 플레이 하는 플레이어 의 마음 을 제작자 가 완전히 모르지는 아닌 거 같습니다 플레이어 가 원하는 패치 는 절반 정도 이루어 젔습 니 다 멀티 , 버그 수정 , 동굴 추가 , 아이템 추가 등등",2015-11-08 10:28:09
242760,The Forest,positive,더포레스트가 제 첫 생존게임인데 나름 할만하네요. 아직 알파 버전이다 보니 오류도 많고 개선되어야 할 부분도 많지만 정식 발매가 되면 자연스레 해결되리라 봅니다. 그 외 여러 컨텐츠들도 추가가 되겠지요. 그리고 한국사람들도 소수지만 조금이라도 있어서 멀티도 문제없이 한국분들이랑 자주 했구요. 아주 만족합니다.,더 포레스트 가 제 첫 생존 게임 인데 나름 할만 하네요 . 아직 알파 버전 이다 보니 오류 도 많고 개선 되어야 할 부분 도 많지만 정식 발매 가 되면 자연스레 해결 되리라 봅니다 . 그 외 여러 컨텐츠 들 도 추가 가 되겠지요 . 그리고 한국 사람 들 도 소수 지만 조금 이라도 있어서 멀티 도 문제 없이 한국 분들 이랑 자주 했구요 . 아주 만족합니다 .,2015-11-07 00:23:13
242760,The Forest,positive,재밌는데 아직까지 멀티에서는 버그가 많은 편입니다.....아직까지 개발단계여서 많은 떡밥들이 부려져있는데 향후 패치때 조금식 풀리기를 기대해봅니다.,재밌는데 아직 까지 멀티 에서는 버그 가 많은 편입 니 다 ..... 아직 까지 개발 단계 여서 많은 떡밥 들 이 부려져있는데 향후 패치 때 조 금식 풀리 기를 기대 해봅니다 .,2015-11-02 21:51:43
242760,The Forest,positive,이 게임은 서바이벌게임이자 버그가 얼마나 다양한지 알수있는 버그동산이었죠 하지만 요즘은 패치로 나아지고 있습니다. 그렇다고 눈에 띄지않는 버그만 남은건 아니지만요. 예를들어 둘이서 통나무를 들면 놀랍게도 통나무가 무성생식을 거행하여 두마리로 쨖! 하고 늘어납니다. 이건 연금술이 아니라 통나무를 매개로한 소환술이군요 사실 이 게임의 숨겨진 장르는 매개체를 이용한 소환물이기도 합니다. 게다가 식인종은 몸이 납으로 이루어져 물밑으로 쑦! 들어가는 기적도 일으키죠. 역시.. 아이언골렘. 왜그리 튼튼하나 했습니다. 하지만 역시 사람들과 생각,이 게임 은 서바이벌게임 이자 버그 가 얼마나 다양한지 알수있는 버그 동산 이었죠 하지만 요즘 은 패치 로 나아지고 있습니다 . 그렇다고 눈 에 띄지 않는 버그 만 남은건 아니지만 요 . 예 를 들어 둘이서 통나무 를 들면 놀랍게도 통나무 가 무성생식 을 거행 하여 두 마리 로 쨖 ! 하고 늘어납니다 . 이건 연금술 이 아니라 통나무 를 매개 로 한 소환 술 이군 요 사실 이 게임 의 숨겨진 장르 는 매 개체 를 이용 한 소환 물 이기도 합니다 . 게다가 식인종 은 몸 이 납 으로 이루어져 물밑 으로 쑦 ! 들어가는 기적 도 일으키죠 . 역시 .. 아이언 골렘 . 왜 그리 튼튼하나 했습니다 . 하지만 역시 사람 들 과 생각,2015-11-01 23:43:57
242760,The Forest,positive,"벌목온라인,이봉주온라인 하지만 스릴있어서 재밌어요","벌목 온라인 , 이봉주 온라인 하지만 스릴 있어서 재밌어요",2015-11-01 23:11:37
242760,The Forest,positive,처음엔 거의 무적수준의 원주민이 기가막히게 잘 찾아오더니 패치하면서 점점 멍청해져가는듯...생존게임으로는 좋다,처음 엔 거의 무적 수준 의 원주민 이 기 가 막히게 잘 찾아오더니 패치 하면서 점점 멍청해져가는듯 ... 생존 게임 으로는 좋다,2015-10-31 20:09:37
242760,The Forest,positive,그 숲 게임 현재 테스트중이며 아직도 테스트중이다. 엄청 오래됫는데. 게임의 주 목표는 식인종을 친구로 삼는것이며 식인종과 친밀도를 올리다보면 식인종 친구가 많아진다. 흔히 말하는 친밀도 시스템을 이용한 게임으로 '토템' 이란것을 지으면 모든 식인종의 호감도를 올릴수있다. 친구랑 하면 다이너마트를 얻어서 터트려주면 된다.,그 숲 게임 현재 테스트 중 이며 아직도 테스트 중 이다 . 엄청 오래 됫 는데 . 게임 의 주 목표 는 식인종 을 친구 로 삼는것이며 식인종 과 친밀도 를 올 리다 보면 식인종 친구 가 많아진다 . 흔히 말 하는 친밀도 시스템 을 이용 한 게임 으로 ' 토템 ' 이란 것 을 지으면 모든 식인종 의 호감 도를 올릴수있다 . 친구 랑 하면 다 이 너 마트 를 얻어서 터트려주 면 된다 .,2015-10-31 00:48:14
242760,The Forest,positive,더포레스트게임을할려고하는데게임충돌이일어나서게임접속을하지못하고있습니다,더 포레스트 게임 을 할려고 하는데 게임 충돌 이 일어나서 게임 접속 을 하지못하고 있습니다,2015-10-30 21:49:02
242760,The Forest,positive,So .. it confuse my head,So .. it confuse my head,2015-10-29 05:47:19
242760,The Forest,positive,"이 게임이 얼리억세스로 나온뒤 거의 처음에 접해보았습니다.그때는 지금과 비교도 안될 정도로 버그가 많았습니다. 불피운곳에 계속 날아와서 죽는 새들, 원주민을 때렸더니 하늘로 날아가서 죽고, 개고생하면서 집을 지었더니 사라지거나, 접속했더니 아이템이 사라지고, 원주민들이 땅속에서 걸어다니고(하늘도!),밧줄함정에 걸린 원주민이 묶인채로 사라져서 다시는 작동시키지 못하고, 등등 정말 엿먹이는 방법이 다양하고 컨텐츠도 없었습니다. 뭐 아직도 즐길요소가 한정되어있고 버그도 존재하지만, 나름 살만한 가치가 있다고 느낍니다. 장점이라","이 게임 이 얼리 억 세 스 로 나온 뒤 거의 처음 에 접 해보았습니다 . 그때 는 지금 과 비교 도 안될 정도 로 버그 가 많았습니다 . 불 피운 곳 에 계속 날아와서 죽는 새 들 , 원주민 을 때렸더니 하늘 로 날아가서 죽고 , 개 고생 하면서 집 을 지었더니 사라지거나 , 접속 했더니 아이템 이 사라지고 , 원주민 들 이 땅속 에서 걸어다니고 ( 하늘 도 !), 밧줄 함정 에 걸린 원주민 이 묶인 채 로 사라져서 다시는 작동시키지 못 하고 , 등등 정말 엿 먹이 는 방법 이 다양하고 컨텐츠 도 없었습니다 . 뭐 아직도 즐길 요소 가 한정 되어있고 버그 도 존재 하 지만 , 나름 살 만 한 가치 가 있다고 느낍니다 . 장점 이라",2015-10-21 23:42:35
242760,The Forest,positive,몸소 자연인이 될 수 있는 게임입니다. 하지만 자연인은 식인종으로 토템을 만들지는 않습니다. 요약 : 집에 그만 좀 와라 ㅡㅡ,몸소 자연인 이 될 수 있는 게임 입니다 . 하지만 자연인 은 식인종 으로 토템 을 만들지는 않습니다 . 요약 : 집 에 그만 좀 와라 ㅡㅡ,2015-10-21 01:02:50
242760,The Forest,positive,"네, 재밌습니다. 원주민들 학살하고 다니다 웬 핵쓰는유저를 만나서 여러분을 모두 저세상으로 보내버리기 전까진요. 아니 근데 솔직히 제가 한정도만 하면 재미가 없어짐 ㅠㅠ","네 , 재밌습니다 . 원주민 들 학살 하고 다니다 웬 핵 쓰는 유저 를 만나서 여러분 을 모두 저 세상 으로 보 내버리기 전 까진 요 . 아니 근데 솔직히 제 가 한 정도 만 하면 재미 가 없어짐 ㅠㅠ",2015-10-17 21:20:00
242760,The Forest,positive,식인종과 싸우다가 자신이 식인종이 되는 이야기.,식인종 과 싸우다가 자신 이 식인종 이 되는 이야기 .,2015-10-16 15:34:06
242760,The Forest,positive,"더 포레스트라는 게임은 아직 플레이가 미숙하다면 힘들긴하다 밤이고 낮이고 찾아오는 정찰병,원주민들과 화살을 쏠때 필요한 표시점은 없고 가끔 보이는 동굴속에 돌연변이들로 인해 자신이 죽을수도 좋은 아이템을 얻을수도 있다.나무를 패고 집을 짓고 토끼,사슴,돼지를 잡으면서 고기를 구해 먹으면서 체력도 보충하고 나무를 팰때 필요한 스테미너를 보충할수있다. 하지만 집을 짓고 생활을 하고 원주민을 잡으면서 토템도 짓고 각 스토리를 진행하기 위해 사진,테이프등을 구해서 이게임의 스토리를 진행 하는 이게임은 보는 사람마다 다를진 몰라도 모 마인","더 포레스트 라는 게임 은 아직 플레이 가 미숙 하다면 힘들긴 하다 밤 이고 낮 이고 찾아오는 정찰 병 , 원주민 들 과 화살 을 쏠때 필요한 표 시점 은 없고 가끔 보이는 동 굴속 에 돌연변이 들 로 인해 자신 이 죽을수도 좋은 아이템 을 얻을수도 있다 . 나무 를 패 고 집 을 짓고 토끼 , 사슴 , 돼지 를 잡으면서 고기 를 구해 먹으면서 체력 도 보충 하고 나무 를 팰때 필요한 스테미너 를 보충 할수있다 . 하지만 집 을 짓고 생활 을 하고 원주민 을 잡으면서 토템 도 짓고 각 스토리 를 진행 하기 위해 사진 , 테이프 등 을 구해 서 이 게임 의 스토리 를 진행 하는 이 게임 은 보는 사람 마다 다를진 몰라도 모 마인",2015-10-15 23:16:20
242760,The Forest,positive,업데이트 자주해서 좋다,업데이트 자주 해서 좋다,2015-10-12 20:56:40
242760,The Forest,positive,비행기가 추락해서 개고생하네,비행기 가 추락 해서 개 고생 하 네,2015-10-10 20:54:03
242760,The Forest,positive,업데이트를 너무 꾸준히 해서 귀찮을 정도입니다ㅋㅋㅋㅋㅋ,업데이트 를 너무 꾸준히 해서 귀찮을 정도 입니다 ㅋㅋㅋㅋㅋ,2015-10-10 01:35:55
242760,The Forest,positive,누군가 한글패치 안해주시나요 ㅠ,누군가 한글패치 안 해주시나요 ㅠ,2015-10-09 18:47:02
242760,The Forest,positive,Play with your comrades,Play with your comrades,2015-10-09 12:27:23
242760,The Forest,positive,두부급 장벽,두부 급 장벽,2015-10-08 23:41:20
242760,The Forest,positive,"This game is so amazing every update that present us bug fixed + new items, building, etc personally really love this game. Co-Op made new level. p.s - Just don't use cheat if you want something real fun but quite understandable if you are buliding amzing bases with cheat. 10 / 10 코옵이 추가되고나서 더욱","This game is so amazing every update that present us bug fixed + new items , building , etc personally really love this game . Co - Op made new level . p . s - Just don ' t use cheat if you want something real fun but quite understandable if you are buliding amzing bases with cheat . 10 / 10 코옵 이 추가 되고나서 더욱",2015-09-30 14:33:30
242760,The Forest,positive,학살겜,학살 겜,2015-09-19 19:35:37
242760,The Forest,positive,게임키고 로딩할때 팅기네;; ㅎ하하,게임 키 고 로딩 할 때 팅기네 ;; ㅎ 하하,2015-09-18 15:53:01
242760,The Forest,positive,이 게임은 언제 1.0이 되는것인가.,이 게임 은 언제 1.0 이 되는것인가 .,2015-09-06 22:58:06
242760,The Forest,positive,이게임을 실행할때 왜 자꾸 팅기는지 모르겠어요. 안 팅기게 하는법을 알려주세요.,이 게임 을 실행 할 때 왜 자꾸 팅기는지 모르겠어요 . 안 팅기게 하는 법 을 알려주세요 .,2015-08-29 15:33:07
242760,The Forest,positive,개 띵작이라 볼수있다.,개 띵작 이라 볼수있다 .,2015-08-24 17:03:07
242760,The Forest,positive,아직 미완성 게임이지만 그래픽도 좋고 아이디어도 신박하고 또 친구들이랑 멀티를 하면 나름 재미있습니다 ㅋ,아직 미완성 게임 이지만 그래픽 도 좋고 아이디어 도 신 박하 고 또 친구 들 이랑 멀티 를 하면 나름 재미있습니다 ㅋ,2015-08-24 00:16:41
242760,The Forest,positive,분명 집만 짓다던 나는 어디있지 시발 존나 어디 있는거냔 말이야 [The Forest™] : 진정해,분명 집 만 짓다던 나 는 어디 있지 시발 존나 어디 있는거 냔 말 이야 [ The Forest ™ ] : 진정해,2015-08-21 07:30:30
242760,The Forest,positive,평화롭게 잘 살고있는 원주민들을 주인공이 다 때려 죽이는게임,평화롭게 잘 살고있는 원주민 들 을 주인공 이 다 때려 죽이는 게임,2015-08-14 10:54:15
242760,The Forest,positive,oynu guzel yapmışlar hata alrı da var ama guzel sarıyo.. 24TL deyer,oynu guzel yapm ış lar hata alr ı da var ama guzel sar ı yo .. 24 TL deyer,2015-08-13 14:08:28
242760,The Forest,positive,이게임은참엄벌리버블함니다,이 게임 은 참 엄벌 리 버블 함니다,2015-08-05 16:56:31
242760,The Forest,positive,"지금까지 나온 공포게임과 달리 생존을 접목 시켯다는것이 매우 인상적인 게임이다. (아니 반대인가?) 적은 용량에 비해 눈을 황홀하게 해주는 자연의 모습을 그래픽으로 완벽하게 연출한거 같다. 하지만 역시 버그가 없으면 게임이 아닌듯이 조금만 높은곳에서 떨어져도 받는 낙하데미지, 여러 오브젝트랑 끼임 형상이 종종 발생하며 그외에도 관통되는 바위 오브젝트 때문에 월드 밖으로 떨어지는 경우도 있다. 이 오류들을 고치고 유저가 목재, 돌을 이용해 만들수 있는 아이템이 좀 더 추가 된다면 생존게임이라는 장르에서 꼭대기를 정복할수도","지금 까지 나온 공포 게임 과 달리 생존 을 접목 시 켯 다는것이 매우 인상 적 인 게임 이다 . ( 아니 반대 인가 ?) 적은 용량 에 비해 눈 을 황홀하게 해주는 자연 의 모습 을 그래픽 으로 완벽하게 연출 한 거 같다 . 하지만 역시 버그 가 없으면 게임 이 아닌듯이 조금 만 높은 곳 에서 떨어져도 받는 낙하 데미지 , 여러 오브젝트 랑 끼임 형상 이 종종 발생 하며 그 외 에도 관통 되는 바위 오브젝트 때문 에 월드 밖 으로 떨어지는 경우 도 있다 . 이 오류 들 을 고치 고 유저 가 목재 , 돌 을 이용 해 만들수 있는 아이템 이 좀 더 추가 된다면 생존 게임 이라는 장르 에서 꼭대기 를 정복 할수도",2015-08-04 11:08:29
242760,The Forest,positive,"The game crashed. The crash report folder named 2015-07-30_001218 next to game executable. itwould be great if you'd send it to the developer of the game Is this workaround, please keep this appears","The game crashed . The crash report folder named 2015-07 - 30 _ 001218 next to game executable . itwould be great if you ' d send it to the developer of the game Is this workaround , please keep this appears",2015-07-30 00:21:22
242760,The Forest,positive,정말 재밌습니다 코옵 플레이로 친구뿐만 아니라 다른사람과 같이 게임을 할수있는 점이 너무 재밌네요 또 싱글플레이는 식인종의 그 스릴은 참 재밌습니다 코옵은 식인종 따위 무섭지 않습니다 다같이 구타하는 재미가 있습니다 다만 한가지 한글화 되면 편하겟네요,정말 재밌습니다 코옵 플레이 로 친구 뿐 만 아니라 다른사람 과 같이 게임 을 할수있는 점 이 너무 재밌네요 또 싱글플레이 는 식인종 의 그 스릴 은 참 재밌습니다 코옵 은 식인종 따위 무섭지 않습니다 다 같이 구타 하는 재미 가 있습니다 다만 한가지 한글화 되면 편하겟네요,2015-07-27 12:22:26
242760,The Forest,positive,"이 게임을 현실의 상황에 비교하자면 ""귀농하고 싶은 주인공과 텃세를 부리는 부리는 주민들의 갈등 스토리"" 정도로 이해하면 좋을듯 싶다. 사실 당연한것 아닌가? 평화로운 외딴섬에 불청객이 나타나 선조가 열심히 가꿔오고 물려주신 아름다운 자연을 파괴하고 심지어 남의 땅에 이곳저곳 무허가 건물까지 쌓아올리고 있으니!!! 상식적으로 화가나는것이 당연할텐데!!!! 문제라면, 대화의 방법이 잘못된것일지도 모르겠다. 남의 땅에서 허가없이 벌목하지 말라고, 귀하게 키워온 약초들, 열심히 주워모은 맛난 음식과 음료, 어렵게 구한 신기한 물","이 게임 을 현실 의 상황 에 비교 하자면 "" 귀농 하고 싶은 주인공 과 텃세 를 부리는 부리는 주민 들 의 갈등 스토리 "" 정도 로 이해 하면 좋을듯 싶다 . 사실 당연한것 아닌가 ? 평화로운 외딴섬 에 불청객 이 나타나 선조 가 열심히 가꿔오고 물려주신 아름다운 자연 을 파괴 하고 심지어 남 의 땅 에 이 곳 저 곳 무허가 건물 까지 쌓아 올리고 있으니 !!! 상식 적 으로 화가 나 는것이 당연할텐데 !!!! 문제 라면 , 대화 의 방법 이 잘 못 된것 일지 도 모르겠다 . 남 의 땅 에서 허가 없이 벌목 하지 말 라고 , 귀하게 키워 온 약초 들 , 열심히 주워 모은 맛 난 음식 과 음료 , 어렵게 구한 신기한 물",2015-07-27 03:31:41
242760,The Forest,positive,재미있음,재미있음,2015-07-26 18:54:51
242760,The Forest,positive,솔직히 친구랑 조금밖에안햇지만 정말 재밋엇음 아침에는 환경이 밝고 좋지만 밤에는 식인종들 돌아다니는거보고 무서워서 재밋음 저가 해본 생존게임중에 재밋는 생존게임에 속하지만 좀 나중에는 식인종들을 너무쉽게이기고 컨텐츠가 부족한건 생존게임에 어쩔수없는거같음 생존게임 좋아하면 꼭해보는거 추천함 굳굳,솔직히 친구 랑 조금 밖에 안햇 지만 정말 재밋엇음 아침 에는 환경 이 밝고 좋지만 밤 에는 식인종 들 돌아다니는거 보고 무서워서 재밋음 저가 해본 생존 게임 중 에 재밋는 생존 게임 에 속 하지만 좀 나중 에는 식인종 들 을 너무 쉽게 이기 고 컨텐츠 가 부족한건 생존 게임 에 어쩔 수 없는거 같음 생존 게임 좋아하면 꼭 해보는거 추천 함 굳 굳,2015-07-16 21:03:16
242760,The Forest,positive,겜재밌기는한데 업뎃않하면 질리는 겜,겜 재밌기는한데 업뎃않하 면 질리는 겜,2015-07-11 09:44:33
242760,The Forest,positive,this game is awesome!!!!!!!!!!!!!,this game is awesome !!!!!!!!!!!!!,2015-07-07 17:09:04
242760,The Forest,positive,본격 벌목 게임,본격 벌목 게임,2015-06-26 22:50:25
242760,The Forest,positive,음게임성이나 이런건좋은데 버그 가 문제네요 아직 개발단계이니 상당히 기대가 돼네요,음 게임 성 이나 이런건 좋은데 버그 가 문제 네 요 아직 개발 단계 이니 상당히 기대 가 돼네요,2015-06-25 21:42:17
242760,The Forest,positive,인디게임중 가장많은 기대를받은거같다 출시와동시에1위를한 경력보유 지속적인 관리를 잘하고잇다 하지만 이잣같은 게임은 트레일러영상으로 우릴농락함과동시에 수많은버그를 14.99달러에 팔아넘기고 말앗다 이게임을하고싶다면 2016년도 부터 즐기면 좀게임다운게임을할수잇을것이다 (같이출시됫던 스톰핑랜드는 먹튀라는 희대의 통수를쳣다),인디 게임 중 가장 많은 기대 를 받은거 같다 출시 와 동시 에 1 위 를 한 경력 보유 지속 적 인 관리 를 잘 하고 잇다 하지만 이 잣 같은 게임 은 트레일러 영상 으로 우 릴 농락 함 과 동시 에 수많은 버그 를 14.99달러 에 팔 아 넘기고 말앗다 이 게임 을 하고싶다면 2016년 도 부터 즐기면 좀 게임 다운 게임 을 할수 잇을것이다 ( 같이 출시 됫던 스톰 핑 랜드 는 먹튀 라는 희 대의 통수를쳣다 ),2015-06-21 20:13:38
242760,The Forest,positive,잼슴,잼슴,2015-06-21 17:11:59
242760,The Forest,positive,앞서 해보기라서 버그들이 있긴하지만 생각보다 많이 어렵진 않은것(?) 같으니 추천 (수레끌고다니다가 죽으니깐 날마다 수레가 하늘에서 땅으로 사라지는 광경이신기함) *[식인종욕하다 식인종이 되어있는 자신을 발견할수있는 무서운 게임..],앞서 해보기라서 버그 들 이 있긴하지만 생각 보다 많이 어렵진 않은것 (?) 같으니 추천 ( 수레 끌고다니다가 죽으니깐 날 마다 수레 가 하늘 에서 땅 으로 사라지는 광경 이신 기함 ) *[ 식인종 욕 하 다 식인종 이 되어있는 자신 을 발견 할수있는 무서운 게임 ..],2015-06-21 00:20:51
242760,The Forest,positive,아니 버그가 너무 많자나 멀티플레이를 하는데 무슨 30분간격으로 팅기냐고 멀티도 수정하고 버그 중에보면 물리버그가있는데 그 버그는 해당 아이템 위에 있다가 아이템이 만약 붕뜰경우 ㄴ하늘 높이 날락는 버그가있어쓔발 이거 게임 그래픽도 좋고 다좋은데 버그가 너무 많아 그리고 원시인들은 죽으면 모두1가지로 통일된 시채가 되버려 이런 많은 버그를 고치고 나서 오픈하면 좋을 것같아,아니 버그 가 너무 많자나 멀티플레이 를 하는데 무슨 30분 간격으로 팅기냐고 멀티 도 수정 하고 버그 중 에 보면 물리 버그 가 있는데 그 버그 는 해당 아이템 위 에 있다가 아이템 이 만약 붕뜰 경우 ㄴ 하늘 높이 날락는 버그 가 있어 쓔발 이 거 게임 그래픽 도 좋고 다 좋은데 버그 가 너무 많아 그리고 원시인 들 은 죽으면 모두 1 가지 로 통일 된 시 채 가 되 버려 이런 많은 버그 를 고치 고 나서 오픈 하면 좋을 것 같아,2015-06-20 00:36:29
242760,The Forest,positive,점점 발전하는 게임입니다....건물이나 동굴탐험등.. 혼자 식인종을 상대하기는 버겁지만 둘이 상대하면 두려울게 없습니다. 무언가 건물을 만들고 농사도 짓고 사냥도 하고 섬에서 자급자족하는 삼시세끼을 경험해봅시다.. 생각보다는 할게많은 게임... 혼자보다는 여러명이 같이하면 더 할게 많아지는 게임입니다..,점점 발전 하는 게임 입니다 .... 건물 이나 동굴탐험 등 .. 혼자 식인종 을 상대 하기는 버겁지만 둘 이 상대 하면 두려울게 없습니다 . 무언가 건물 을 만들고 농사 도 짓고 사냥 도 하고 섬 에서 자급자족 하는 삼 시세 끼을 경험 해봅시다 .. 생각 보다는 할게 많은 게임 ... 혼자 보다는 여러 명 이 같이 하면 더 할게 많아지는 게임 입니다 ..,2015-06-19 19:03:53
242760,The Forest,positive,"미완성인 게임. 하지만 일단 기본적으로 갖출 것들은 갖춘 게임.무슨 말이 더 필요할까? 과하지 않은 적당한 공포감, 적당한 긴장감. 공포게임을 그다지 좋아하지 않는 나에게도 굉장히 즐거운 게임이다. 다른 엥간한 게임들은 방송보고나면 하고싶은 마음 달아나는 경우가 많은데 비해 이겜은 괜찮지 싶다. 그래도 아직 맵 사이사이의 구멍같은걸 통해 지하로 쭉 떨어진다거나 하는부분은 수정이 필요할듯.","미완성 인 게임 . 하지만 일단 기본 적 으로 갖출 것 들 은 갖춘 게임 . 무슨 말 이 더 필요할까 ? 과 하지 않은 적당한 공포 감 , 적당한 긴장감 . 공포 게임 을 그다지 좋아하지 않는 나 에게도 굉장히 즐거운 게임 이다 . 다른 엥 간 한 게임 들 은 방송 보고나면 하고싶은 마음 달아나는 경우 가 많은데 비해 이 겜 은 괜찮지 싶다 . 그래도 아직 맵 사이사이 의 구멍 같은걸 통해 지하 로 쭉 떨어진다거나 하는 부분 은 수정 이 필요할듯 .",2015-06-18 00:47:40
242760,The Forest,positive,식인종이 매우귀여움 공격도약하고 생각했던것보다 우습네요ㅋ 별로 무섭지도않고ㅋㅋ 오늘밤은 엄마랑같이자야지,식인종 이 매우 귀여 움 공격 도약 하고 생각 했던것보다 우습네요 ㅋ 별로 무섭지도 않고 ㅋㅋ 오늘밤 은 엄마 랑 같이 자야지,2015-06-16 02:35:16
242760,The Forest,positive,아직 많이 업데이트가필요하다,아직 많이 업데이트 가 필요하다,2015-06-15 18:46:13
242760,The Forest,positive,good,good,2015-06-14 22:18:07
242760,The Forest,positive,게임을 구매한 지 한 둘째 날 정도가 되던 때 까지는 적어도 하루종일 빠져 플레이했다. 으어 아직은 버그가 너무 많긴 하지만 뭐 그래도 핵초창기 때에 비하면 많이 나아진 점과 얼리 에세스인 점을 생각해서 앞으로 발전 가능성을 충분히 느낄 수 있기때문에 이해할 수 있음. 몇 번 재시도를 겪으면 충분히 외워지는 맵의 구성. 아이템의 분포. 때문에 아이템을 모으기가 굉장히 쉽다. 무엇보다도 저장 후 나갔다가 들어오면 제자리에 해당 템들이 모두 리젠 되어있다! 고로 무한 파밍이 가능. 뿐만 아니라 골치아픈 돌연변이들이 무려 재접속을 하면,게임 을 구매 한 지 한 둘째 날 정도 가 되던 때 까지는 적어도 하루 종일 빠져 플레이 했다 . 으어 아직 은 버그 가 너무 많긴 하지만 뭐 그래도 핵 초창 기 때 에 비 하면 많이 나아진 점 과 얼리 에세스 인 점 을 생각 해서 앞 으로 발전 가능성 을 충분히 느낄 수 있기 때문 에 이해 할 수 있음 . 몇 번 재시 도를 겪으면 충분히 외워지는 맵 의 구성 . 아이템 의 분포 . 때문 에 아이템 을 모으 기 가 굉장히 쉽다 . 무엇 보다도 저장 후 나갔다가 들어오면 제자리 에 해당 템 들 이 모두 리젠 되어있다 ! 고로 무한 파밍 이 가능 . 뿐 만 아니라 골치 아픈 돌연변이 들 이 무려 재 접속 을 하면,2015-06-14 01:05:04
242760,The Forest,positive,조금 어려운 생존 개임입니다. 재미있어요. 처음에는 혼자서 하니깐 힘이들었는데 저번 패치로 사람들과 함께 할수있으니깐 더욱 재미있어요.,조금 어려운 생존 개임 입니다 . 재미있어요 . 처음 에는 혼자 서 하 니깐 힘 이 들었는데 저번 패치 로 사람 들 과 함께 할수있으니깐 더욱 재미있어요 .,2015-06-12 17:52:19
242760,The Forest,positive,한글좀 해주세요~~ ㅠㅠ 그리고 친구 구해요 같이하실분들 jincarta7,한글 좀 해주세요 ~~ ㅠㅠ 그리고 친구 구해 요 같이 하실 분 들 jincarta 7,2015-06-10 13:29:10
242760,The Forest,positive,재밌는듯,재밌는듯,2015-05-25 19:07:53
242760,The Forest,positive,"게임 초기 때부터 했는데 진짜 버그도 많았고 재미도 없던 이 게임이 이렇게까지 바뀔 거라고는 생각도 못 했다. 이 가격대에 이런 게임이 나올 수 있나 싶다. 웬만한 게임들 보다 최적화가 잘 되어 있고 그래픽도 훌륭하다. 초반에는 소리만 들려도 무섭지만 진행할수록 귀찮은 존재가 되어버리는 원주민... 심지어 뼈를 구하기 위해 사냥을 다니기도 한다. 다른 서바이벌 게임과는 다른 점이 핵심 도구 (도끼, 무기 등)들이 각종 재료로 제작하는 것보다 맵에 고정적인 위치에서 스폰 되는 도구들(카타나, 모던 도끼 등)이 효율이 훨씬 좋기","게임 초기 때 부터 했는데 진짜 버그 도 많았고 재미 도 없던 이 게임 이 이렇게 까지 바뀔 거 라고는 생각 도 못 했다 . 이 가격 대 에 이런 게임 이 나올 수 있나 싶다 . 웬만한 게임 들 보다 최적화 가 잘 되어 있고 그래픽 도 훌륭하다 . 초반 에는 소리 만 들려도 무섭지만 진행 할수록 귀찮은 존재 가 되어 버리는 원주민 ... 심지어 뼈 를 구 하기 위해 사냥 을 다니 기도 한다 . 다른 서바이벌 게임 과는 다른 점 이 핵심 도구 ( 도끼 , 무기 등 ) 들이 각종 재료 로 제작 하는 것 보다 맵 에 고정 적 인 위치 에서 스폰 되는 도구 들 ( 카타나 , 모던 도끼 등 ) 이 효율 이 훨씬 좋기",2015-05-17 19:54:01
242760,The Forest,positive,"버그가 많이 수정되었지만, 아직 조금 남아있다. 조금만 더 다듬어지면 훌륭한 게임이 될것 같다.생존게임 중에는 상당히 괜찮은 게임이라고 생각한다.","버그 가 많이 수정 되었지만 , 아직 조금 남아있다 . 조금 만 더 다듬어지면 훌륭한 게임 이 될것 같다 . 생존 게임 중 에는 상당히 괜찮은 게임 이라고 생각 한다 .",2015-05-17 15:03:51
242760,The Forest,positive,indi game 치고는 상당한 그래픽를 보여 주는 인상적인 게임입니다. 약 1주일 정도 해봤는데 여러 가지 집도 지을 수 있고 동굴도 탐험 할 수 있는 몇가지 요소가 있어요. 얼리 엑서스 라는 점을 가만 하면 나름 할 만 합니다. 아무래도 개발 중인 게임이라 보니 컨덴츠 면에서 많이 부족한 건 사실이고요. 또한 개발중이라 최적화가 덜되서 메모리 관리가 안되는면이 있어서 멀티에서 4인이상이 되면 부담이 큰더 라고요. 조금 더 기다렸다가 구입하는 것도 나쁘지 않을꺼 같습니다.,indi game 치고는 상당한 그래픽 를 보여 주는 인상 적 인 게임 입니다 . 약 1 주일 정도 해봤는데 여러 가지 집도 지을 수 있고 동굴 도 탐험 할 수 있는 몇 가지 요소 가 있어요 . 얼리 엑서스 라는 점 을 가만 하면 나름 할 만 합니다 . 아무래도 개발 중인 게임 이라 보니 컨 덴츠 면 에서 많이 부족한 건 사실이고요 . 또한 개발 중 이라 최적화 가 덜 되서 메모리 관리 가 안되는면이 있어서 멀티 에서 4 인 이상 이 되면 부담 이 큰 더 라고요 . 조금 더 기다렸다가 구입 하는 것 도 나쁘지 않을꺼 같습니다 .,2015-05-12 14:11:48
242760,The Forest,positive,게임의 버그와 컨센츠를 업데이트한다면 기대해볼만한 게임이다,게임 의 버그 와 컨센츠 를 업데이트 한다면 기대 해볼만 한 게임 이다,2015-05-04 17:35:07
242760,The Forest,positive,ioului,ioului,2015-04-23 18:36:05
242760,The Forest,positive,앞으로도 업데이트가 기대됩니다,앞 으로도 업데이트 가 기대 됩니다,2015-04-19 21:51:56
242760,The Forest,positive,인간이 위기가 닥쳤을때 다른 것에 대한 배려가 사라 진다는 것을 배울 수 있는 게임 입니다. 자연파괴를 대놓고 가르치는 게임이지요.. ... 문제는 최적화가 진짜 개 같습니다..,인간 이 위기 가 닥쳤을 때 다른 것 에 대한 배려 가 사라 진다는 것 을 배울 수 있는 게임 입니다 . 자연 파괴 를 대놓고 가르치는 게임 이지 요 .. ... 문제 는 최적화 가 진짜 개 같습니다 ..,2015-04-19 20:37:57
242760,The Forest,positive,얼리게임이지만 진짜로 업뎃을열심히한다 제작자가 참 부지런한게임 가능성이 무궁무진한게임이다.,얼리 게임 이지만 진짜 로 업뎃 을 열심히 한다 제작자 가 참 부지런 한게임 가능성 이 무궁무진 한게임 이다 .,2015-04-19 12:03:20
242760,The Forest,positive,[h1]질문드립니다. 제발도와주세요 이거알고계시면 알려주세요[/h1] 이게임 나무리스폰되나요? 아니면 나무심기라도 가능하나요? 궁금해미치겠습니다. 알려주세요,[ h 1 ] 질문 드립니다 . 제발 도와주세요 이 거 알고계시면 알려주세요 [/ h 1 ] 이 게임 나무 리스 폰 되나요 ? 아니면 나무 심기 라도 가능하나요 ? 궁금해 미치겠습니다 . 알려주세요,2015-04-19 02:28:48
242760,The Forest,positive,식인종을 찾아 식인종을 먹는게임,식인종 을 찾아 식인종 을 먹는 게임,2015-04-16 19:20:34
242760,The Forest,positive,good game zztyutyu05,good game zztyutyu 05,2015-04-15 23:01:44
242760,The Forest,positive,짱재밌음,짱 재밌음,2015-04-12 15:50:53
242760,The Forest,positive,코옵아니면 하기 힘든게임....밤마다 식인종이 찾아와서 죽이기도 불편함,코 옵아니면 하기 힘든 게임 .... 밤 마다 식인종 이 찾아와서 죽 이기도 불편함,2015-04-10 21:26:26
242760,The Forest,positive,This game is one of the best survival game and probably the best.,This game is one of the best survival game and probably the best .,2015-04-02 14:19:45
242760,The Forest,positive,가격 떡상했? 가격 만 원일때 사서 개꿀ㅋㅋㅋㅋㅋㅋㅋㅋㅋㅋㅋㅋㅋㅋㅋㅋㅋㅋㅋㅋ갓겜이긴 한데 얼리땐 솔직히 이게 언제 정출하나 싶었는데 이제 함,가격 떡 상 했 ? 가격 만 원 일 때 사서 개꿀 ㅋㅋㅋㅋㅋㅋㅋㅋㅋㅋㅋㅋㅋㅋㅋㅋㅋㅋㅋㅋ 갓 겜 이긴 한데 얼리 땐 솔직히 이 게 언제 정 출하 나 싶었는데 이제 함,2015-03-21 09:26:13
242760,The Forest,positive,이거 마우스 DPi 늘리고 계속 돌리면 김연아 볼수있음,이 거 마우스 DPi 늘리고 계속 돌리면 김연아 볼수있음,2015-03-17 15:08:10
242760,The Forest,positive,재미있지만 너무오류가많습니다.. 패치할때 마다 오류가 1~2개씩느는거같습니다.. 오류만없다면 최고의게임입니다,재미있지만 너무 오류 가 많습니다 .. 패치 할 때 마다 오류 가 1~2 개 씩 느는거 같습니다 .. 오류 만 없다면 최고 의 게임 입니다,2015-03-15 16:44:41
242760,The Forest,positive,재밌게 아주잘 하고있습니다 업데이트 될때마다 예전버그들은 없어졌는지 신규버그는 없는지 열심히 테스트 해보고 있는데 요금 싱글에서 세이브가 안됩니다?? 무엇이 문제일까요? 다음 패치때는 바뀌겠죠?구매를 고려하시는 분들이라면 고민하지 말고 구매해보세요 오래동안 살아남아서 이빨강탈하고 야간에 오히려 학살하러 다니는 재미는 생각보다 큽니다 ㅋㅋㅋ,재밌게 아주 잘 하고있습니다 업데이트 될 때 마다 예 전 버그 들 은 없어졌는지 신규 버그 는 없는지 열심히 테스트 해보고 있는데 요금 싱글 에서 세이브 가 안됩니다 ?? 무엇 이 문 제일 까요 ? 다음 패치 때 는 바뀌겠죠 ? 구매 를 고려 하시는 분 들이라면 고민 하지 말고 구매 해보세요 오래 동안 살아남아서 이빨 강탈 하고 야간 에 오히려 학살 하러 다니는 재미 는 생각 보다 큽니다 ㅋㅋㅋ,2015-03-09 19:46:34
242760,The Forest,positive,정말재밋지만 오류가너무많다;; 어째 패치할떄마다 오류가 하나씩 느는것같다; 가끔가다보면 숲에서생존이아닌 오류에서 생존;; 그래도 재미는있으니..,정말재밋 지만 오류 가 너무 많다 ;; 어째 패치할떄 마다 오류 가 하나 씩 느는것 같다 ; 가끔가다 보면 숲 에서 생존 이 아닌 오류 에서 생존 ;; 그래도 재미 는 있으니 ..,2015-03-07 22:10:29
242760,The Forest,positive,"이 게임도 글옵을 사라고 꼬드긴 친구놈의 3인치 혀에 넘어가 사버린 게임입니다. 아직 얼리 엑세스인 게임 치고는 나름 할만합니다만 집좀 짓고 나체의 식인종들과 레슬링을 즐기며 등짝을 본 뒤 사지를 절단하고 인벤에 넣고다니는거 말고는 딱히 할게 없습니다 할만한 거라고 해봤자 여자 식인종들의 나체를 감상하거나 토끼들을 함정으로 잡아서 케이지에 가둬놓고 버니 컬렉션을 모으는 정도일까요, 일단 아직 얼리 엑세스인 점과 꾸준히 업데이트가 되는 점을 감안하여 6.7/10점을 드리겠습니다 퀘스트라도 추가해줭 우엌엉컼ㅇ","이 게임 도 글옵 을 사라 고 꼬드긴 친구 놈 의 3 인치 혀 에 넘어가 사 버린 게임 입니다 . 아직 얼리 엑세스 인 게임 치고는 나름 할만 합니다만 집좀 짓고 나체 의 식인종 들 과 레슬링 을 즐기며 등짝 을 본 뒤 사지 를 절단 하고 인벤 에 넣고 다니는거 말고는 딱히 할게 없습니다 할만 한 거 라고 해봤자 여자 식인종 들 의 나체 를 감상 하 거나 토끼 들 을 함정 으로 잡아서 케이 지에 가둬놓고 버니 컬렉션 을 모으는 정도 일까 요 , 일단 아직 얼리 엑세스 인 점 과 꾸준히 업데이트 가 되는 점 을 감안 하여 6.7 / 10 점 을 드리겠습니다 퀘스트 라도 추가 해 줭 우엌엉컼 ㅇ",2015-03-07 14:38:12
242760,The Forest,positive,업데이트가 잘되서 좋다,업데이트 가 잘 되서 좋다,2015-03-01 15:54:36
242760,The Forest,positive,처음 샀을때 2시간 까지는 재밌음 근데 그 후로는 그냥 돈주고 샀다는 생각에 하게됨 그만큼 컨텐츠가 부족함 식인종 죽이고 전리품 얻고 채집하고 사냥하고 짓고 그게 끝임 전형적인 생존게임의 말로를 보는듯 개발자가 하루 25시간 이라는 생각으로 개발 열심히 해야 할거 같은데 업데이트 빈도수 보면 돈 조금 쥐어줬다고 취해서 흐지부지 하는 기분,처음 샀을 때 2시간 까지는 재밌음 근데 그 후 로는 그냥 돈 주고 샀다는 생각 에 하게 됨 그만큼 컨텐츠 가 부족함 식인종 죽 이고 전리품 얻고 채집 하고 사냥 하고 짓고 그게 끝임 전형 적 인 생존 게임 의 말로 를 보는듯 개발자 가 하루 25시간 이라는 생각 으로 개발 열심히 해야 할거 같은데 업데이트 빈 도수 보면 돈 조금 쥐어 줬다고 취해 서 흐지부지 하는 기분,2015-02-25 23:38:00
242760,The Forest,positive,정말 잼있음,정말 잼있음,2015-02-25 14:23:51
242760,The Forest,positive,얼리 엑세스라서 옵션을 잘타협해야한다 버그가 엄청많다... 식인종이 갑자기 치지도않았는데 땅속으로 사라지거나 보트는 만들어놓고 탈수가 없다.. 이거 고쳐줬으면 좋겠다 정식으로 나오면 최고의 생존게임이 될수있을듯하다,얼리 엑세스 라서 옵션 을 잘 타협 해야 한다 버그 가 엄청 많다 ... 식인종 이 갑자기 치지도 않았는데 땅속 으로 사라지거나 보트 는 만들어놓고 탈수 가 없다 .. 이 거 고쳐 줬으면 좋겠다 정식 으로 나오면 최고 의 생존 게임 이 될수있을듯 하다,2015-02-25 11:39:28
242760,The Forest,positive,버그는 많지만 엄청나게 재밌게 하고있습니다 ㅋㅋB눌러서 co-op모드로 안눌러지는것도 있더라고요. 이 점 하고 나무 무한복사버그하고 무기 저장고에 무기를 저장해놓고 세이브 하고 들어왔더니 사라져있는 버그하고 무기 업그레이드하고 저장했다가 다시 들어오면 초기화 되있는 버그도 고쳐주십쇼.,버그 는 많지만 엄청나게 재밌게 하고있습니다 ㅋㅋ B 눌러서 co - op 모드 로 안 눌러지는것도 있더라고요 . 이 점 하고 나무 무한 복사 버그 하고 무기 저 장고 에 무기 를 저장 해놓고 세이브 하고 들어왔더니 사라져있는 버그 하고 무기 업그레이드 하고 저장 했다가 다시 들어오면 초기 화 되있는 버그 도 고쳐주십 쇼 .,2015-02-25 09:23:12
242760,The Forest,positive,멀티로 하면 꿀잼일듯 싶습니다그것도 특히 친구들과 함께 하면 더욱더,멀티 로 하면 꿀잼 일듯 싶습니다 그것 도 특히 친구 들 과 함께 하면 더욱더,2015-02-24 20:44:40
242760,The Forest,positive,개 시발 포레스트라 그런가 버그가 존나게 많음 친구랑 하는데 문이 2개가 되서 못가는건 물론 이고 수레 끌다가 잘못하면 무한 지옥으로 떨어져서 리방 해 야됨 얼리 엑세스는 사는거 아니라고 엄마가 그랬는데 그말 들었어야 했음 ->이거 몇년 전에 적은건데 지금 좀 버그도 수정되고 할만해짐,개 시발 포레스트 라 그 런가 버그 가 존나 게 많음 친구 랑 하는데 문 이 2 개 가 되서 못 가는건 물론 이고 수레 끌다가 잘못 하면 무한 지옥 으로 떨어져서 리방 해 야 됨 얼리 엑세스 는 사는거 아니라고 엄마 가 그랬는데 그 말 들었어야 했음 -> 이 거 몇 년 전 에 적은건데 지금 좀 버그 도 수정 되고 할 만해 짐,2015-02-23 19:33:18
242760,The Forest,positive,이전부터 구입할까 고민하다가 과감하게(?) 질려봤는데 생각 외로 괜찮았다. 다만 미션 같은 게 없다 보니 좀 만지다 보면 질리는 건 부정할 수 없는 듯하다..,이전 부터 구입 할까 고민 하다가 과감 하게 (?) 질려 봤는데 생각 외로 괜찮았다 . 다만 미션 같은 게 없다 보니 좀 만지다 보면 질리는 건 부정 할 수 없는 듯 하다 ..,2015-02-23 14:08:45
242760,The Forest,positive,이게임의 좋았던점은 신박한 요소에 특이한 조합 다양한 건물들이 마음에 들었다. 코옵에는 없어서 아쉬웠던게 좀 있긴 했지만 재미를 느끼기엔 충분했다. 싫었던점은 게임 자체 버그등에 대해선 앞서해보기라 할말이 없다. 근데 게임 자체 요소중에서 좀 바뀌었으면 하는게 일단 식인종이 너무 쌔고 무리지어 다니다보니 나무캐다 눈마주치면얻어맞고 밤에 또 잘 보이지도않는데 몰려다니니까 너무 혼자서 감당하기가 버겁다. 그래도 이건 게임 자체 설정이니 어쩔수 없지만 시야 범위좀 줄여줬으면 좋겠다 툭하면 눈마주쳐서 하던일도 못하고 자꾸 어그로끌린다.,이 게임 의 좋았던 점 은 신 박 한 요소 에 특이한 조합 다양한 건물 들 이 마음 에 들었다 . 코옵 에는 없어서 아쉬웠던게 좀 있긴 했지만 재미 를 느끼 기 엔 충분했다 . 싫었던 점 은 게임 자체 버그 등 에 대해 선 앞서 해보기라 할말이 없다 . 근데 게임 자체 요소 중 에서 좀 바뀌었으면 하는게 일단 식인종 이 너무 쌔 고 무리지어 다니다 보니 나무 캐다 눈 마주치면 얻어맞고 밤 에 또 잘 보이지 도 않는데 몰려다니니까 너무 혼자 서 감당 하기가 버겁다 . 그래도 이건 게임 자체 설정 이니 어쩔 수 없지만 시야 범위 좀 줄여 줬으면 좋겠다 툭하면 눈 마주쳐서 하던 일도 못 하고 자꾸 어그 로 끌린다 .,2015-02-23 04:48:26
242760,The Forest,positive,친구랑 할 게임 찾다가 발견한 더 포레스트. 단순히 섬에서 생존하는 게임인 줄 알았는데 여기저기서 뜬금없이 튀어나오는 헐거벗은 변태들에 극심한 긴장 스트레스를 받아 몸살걸려 하루종일 누워있었습니다. 친구녀석은 이런 게임을 선택한 저를 원망이라도 했는지 하루종일 연락이 없네요. 돈 내고 스트레스 받으며 변태들에게 살아남았을 때 짜릿함을 경험을 하고 싶다면 지금 바로 구매!,친구 랑 할 게임 찾다가 발견 한 더 포레스트 . 단순히 섬 에서 생존 하는 게임 인 줄 알았는데 여기저기 서 뜬금없이 튀어나오는 헐거 벗은 변태 들 에 극심한 긴장 스트레스 를 받아 몸살 걸려 하루 종일 누워있었습니다 . 친구 녀석 은 이런 게임 을 선택 한 저 를 원망 이라도 했는지 하루 종일 연락 이 없네요 . 돈 내고 스트레스 받으며 변태 들 에게 살아남았을 때 짜릿함을 경험 을 하고 싶다면 지금 바로 구매 !,2015-02-22 22:48:05
242760,The Forest,positive,혼자할떈 이게뭔지 아무것도 모르겟다 그러나 친구들이랑 멀티를하면서 협동을화면 재미가 더늘어나고 아직 미완 성 게임이라 더 발달할걸 기대하지만 지금은 집을짓고 트랩을 짓고 동굴을파밍하면 할것이 적어진다 그래서 더 많은 업뎃을 더욱 기대 하게되는 것 같다,혼자 할떈 이 게 뭔 지 아무 것 도 모르겟다 그러나 친구 들 이랑 멀티 를 하면서 협동 을 화면 재미 가 더 늘어나고 아직 미완 성 게임 이라 더 발달 할 걸 기대하지만 지금 은 집 을 짓고 트랩 을 짓고 동굴 을 파밍 하 면 할것이 적어진다 그래서 더 많은 업뎃 을 더욱 기대 하게 되는 것 같다,2015-02-21 21:23:37
242760,The Forest,positive,이게임 돌연변이찿기힘들다,이 게임 돌연변이 찿 기 힘 들 다,2015-02-21 01:21:50
242760,The Forest,positive,그래도 오류 많이 없어진게 다행이다 ㅋㅋ,그래도 오류 많이 없어진게 다행 이다 ㅋㅋ,2015-02-20 14:05:14
242760,The Forest,positive,재밋다네 ;; 아주좋다네 ;; 할만하다네,재밋다 네 ;; 아주 좋다네 ;; 할만 하다네,2015-02-13 18:18:34
242760,The Forest,positive,이렇게 재미지는 생존게임은 처음!,이렇게 재미 지는 생존 게임 은 처음 !,2015-02-11 15:02:36
242760,The Forest,positive,"아직 잔버그가 많긴 하지만 재밌습니다. 앞으로 추가될 컨텐츠에 대해 기대하게 하네요.어떤 컨텐츠가 추가될 지 눈에 확실히 보이는 게임 구성덕분에 졸작으로 끝나지 않을거란 확신이 들게 해줍니다. 추가될 컨텐츠 예. 1) 게임 내 생존 가이드북에 추가되지 않아 흐릿하게 표시되어 있는 많은 건물, 함정 등의 구조물. 2) 완성되어 있지만 아직 아이템으로 추가되어 있지 않은 거북이나 상어등의 해양생물. 3) 트레일러 영상처럼 앞으로 추가될 원주민들의 대량 습격 컨텐츠. 4) 화면상으론 구현되어 있지만 막혀있는 맵 공간 등등 미래를","아직 잔 버그 가 많긴 하지만 재밌습니다 . 앞 으로 추가 될 컨텐츠 에 대해 기대하게 하네요 . 어떤 컨텐츠 가 추가 될 지 눈 에 확실히 보이는 게임 구 성 덕분 에 졸작 으로 끝나지 않을거란 확신 이 들게 해줍니다 . 추가 될 컨텐츠 예 . 1 ) 게임 내 생존 가이드북 에 추가 되지 않아 흐릿하 게 표시 되어 있는 많은 건물 , 함정 등 의 구 조물 . 2 ) 완성 되어 있지만 아직 아이템 으로 추가 되어 있지 않은 거북 이나 상어 등 의 해양 생물 . 3 ) 트레일러 영상 처럼 앞 으로 추가 될 원주민 들 의 대량 습격 컨텐츠 . 4 ) 화면 상 으론 구현 되어 있지만 막혀있는 맵 공간 등등 미래 를",2015-02-06 17:59:40
242760,The Forest,positive,긴말 않겠습니다. 사서 후회 안합니다. 그마큼 재밌어요,긴말 않겠습니다 . 사서 후회 안 합니다 . 그 마 큼 재밌어요,2015-02-03 18:23:48
242760,The Forest,positive,정식이 아니라 아직 미흡한 점도 많지만 그걸 감안 했음애도 불구하고 재미있다,정식 이 아니라 아직 미흡한 점도 많지만 그걸 감안 했음 애도 불구 하고 재미있다,2015-02-03 15:44:17
242760,The Forest,positive,발전 가능성 무한~~~~,발전 가능성 무한 ~~~~,2015-02-03 12:23:41
242760,The Forest,positive,장점:게임그래픽이 좋고 게임할떄 뭐만들거나 먹을떄도 리얼리티해서 좋다 단점:렉이 너무걸린다 프레임이 불안정하게 변하고 그것을 수정하면 완벽한 게임이 된다,장점 : 게임 그래픽 이 좋고 게임 할떄 뭐 만들거나 먹을떄 도 리얼리티 해서 좋다 단점 : 렉 이 너 무걸 린다 프레임 이 불안정하게 변하고 그것 을 수정 하면 완벽한 게임 이 된다,2015-02-02 15:54:14
242760,The Forest,positive,더 포레스트 의 장점: 아주 리얼한 그래픽과 생존 사운드 등이아주 좋다. 더 포레스트 의 단점: 예전보다 더 좋아지긴 하였으나 개적화라는 소문이 많다. 내 결론: 컴 좋은분은 사세요,더 포레스트 의 장점 : 아주 리얼 한 그래픽 과 생존 사운드 등 이아주 좋다 . 더 포레스트 의 단점 : 예전 보다 더 좋아지긴 하였으나 개 적 화 라는 소문 이 많다 . 내 결론 : 컴 좋은 분 은 사세요,2015-02-01 00:11:41
242760,The Forest,positive,I can't play this. All the time this game crash and getting lack. It's hard to move.,I can ' t play this . All the time this game crash and getting lack . It ' s hard to move .,2015-01-31 23:39:47
242760,The Forest,positive,화살 존나안맞음,화살 존 나안 맞음,2015-01-31 19:43:49
242760,The Forest,positive,"단점 --- 1.후반부 건축도 다하고 아이템도 다 찾았다면 할게없어진다. 2.약간씩 있는 버그와 반복성 3.싱글로 할 시 외롭다. 4.후반부,동굴에 가면 나오는 돌연변이들이 기분나쁘게 생김. 장점 +++ 1.지금만 해도 꽤나 완성도 있는 게임이지만 지금도 여전히 업데이트가 되고있다. 2.그래픽도 꽤 좋은 편 이며 게임 자체는 신선하다. 3.코옵 시 더 재밌으며 일하는 속도도 훨씬 빨라져 더 재밌어진다. 4.동굴이 예쁘다. 5.건축물을 짓는 재미도 있다. 결론=== 게임은 정말 재밌고 신선하다. 만약 생존게임을","단점 --- 1 . 후반 부 건축 도 다 하고 아이템 도 다 찾았다면 할게 없어진다 . 2 . 약간 씩 있는 버그 와 반복 성 3 . 싱글 로 할 시 외롭다 . 4 . 후반 부 , 동굴 에 가면 나오는 돌연변이 들 이 기분 나쁘게 생김 . 장점 +++ 1 . 지금 만 해도 꽤 나 완성 도 있는 게임 이지만 지금 도 여전히 업데이트 가 되고있다 . 2 . 그래픽 도 꽤 좋은 편 이며 게임 자체 는 신선하다 . 3 . 코옵 시 더 재밌으며 일 하는 속도 도 훨씬 빨라져 더 재밌어진다 . 4 . 동굴 이 예쁘다 . 5 . 건축물 을 짓는 재미 도 있다 . 결론 === 게임 은 정말 재밌고 신선하다 . 만약 생존 게임 을",2015-01-27 12:19:51
242760,The Forest,positive,응근 재미있는 게임,응 근 재미있는 게임,2015-01-20 17:18:53
242760,The Forest,positive,"다 좋습니다 업데이트된게 아주많아요 하지만 아직 몇몇버그들이 삭제되지 않고있습니다 예를들어 맵생성하고 처음죽을시 식인종 집 지하에서 일어나는데 그곳이 물로차있는경우가 있었습니다 그런 버그들 그리고 게임의 난이도를 조금만 줄여주세요 식인종이 수색하는 범위라던지 아니면 더 많은 무기,방어구를 추가해주세요 최종 결론은 좋지만 고칠점이 필요하다는것입니다","다 좋습니다 업데이트 된게 아주 많아요 하지만 아직 몇몇 버그 들 이 삭제 되지 않고있습니다 예 를 들어 맵생 성 하고 처음 죽을시 식인종 집 지하 에서 일어나는데 그 곳 이 물 로 차있는 경우 가 있었습니다 그런 버그 들 그리고 게임 의 난이도 를 조금 만 줄여주세요 식인종 이 수색 하는 범위 라 던지 아니면 더 많은 무기 , 방어 구를 추가 해주세요 최종 결론 은 좋지만 고 칠 점 이 필요하다는것 입니다",2015-01-20 16:16:10
242760,The Forest,positive,본격 베어그릴스의 삶을 간접적으로 체험해보는 체험 살해현장같은게임 여담이지만 멀티가 꿀이다,본격 베어그릴스 의 삶 을 간접 적 으로 체험 해보는 체험 살해 현장 같은 게임 여담 이지만 멀티 가 꿀 이다,2015-01-20 14:43:24
242760,The Forest,positive,"일단 표시된 권장사양이 잘못된듯합니다. 최상옵으로 쿼드 2.66 , 560으로는 30프레임 위아래를 웃돕니다 그리고 아직 버그나 시점 문제, 도끼질 판정 등이 수정할 필요가 있어보이고 게임의 큰 목적이 없어 집짓고 템파밍좀 하면 할게없습니다 지금 시점에서 구매는 고려해봐야할 것 같으나 게임 자체의 게임성이나 그래픽은 나쁘지 않으므로 이후 패치를 기대하며 추천합니다.","일단 표시 된 권장 사양 이 잘 못 된듯 합니다 . 최상 옵 으로 쿼드 2.66 , 560 으로는 30 프레임 위아래 를 웃 돕니다 그리고 아직 버그 나 시점 문제 , 도끼 질 판정 등 이 수정 할 필요 가 있어 보이 고 게임 의 큰 목적 이 없어 집 짓고 템 파밍 좀 하면 할게 없습니다 지금 시점 에서 구매 는 고려 해봐 야할 것 같으나 게임 자체 의 게임 성 이나 그래픽 은 나쁘지 않으므로 이후 패치 를 기대하며 추천 합니다 .",2015-01-19 13:42:37
242760,The Forest,positive,아직 버그가 많습니다. 여러가지 새로운 시도들이 재미있고 공포게임 이라기보다는 생존게임에 더 가깝습니다. 개인적으로는 조금 더 어려워 졌으면 재밌을 것 같습니다. 먹을것과 땔감이 너무 널려있고 원주민이 생각보다 잘 찾아오지않아 덜 위협적입니다. 아직은 매우 적은 크래프트 종류들은 차차 업데이트에서 나아질 거라고 기대해봅니다.,아직 버그 가 많습니다 . 여러가지 새로운 시도 들 이 재미있고 공포 게임 이라기보다는 생존 게임 에 더 가깝습니다 . 개인 적 으로는 조금 더 어려워 졌으면 재밌을 것 같습니다 . 먹을것과 땔감 이 너무 널려 있고 원주민 이 생각 보다 잘 찾아오지 않아 덜 위협 적 입니다 . 아직 은 매우 적은 크래프트 종류 들 은 차차 업데이트 에서 나아질 거 라고 기대 해봅니다 .,2015-01-19 03:15:05
242760,The Forest,positive,첨엔 이딴 겜에 스토리가 있단것에 놀랐고... 중간 이딴 겜에 스토리가 좀괜찮아 놀랐고... 끝엔 이딴 겜에 엔딩치곤 소름돋아 놀랐고... 막판 이딴 겜에 마지막에 반전핵피 엔딩이...,첨 엔 이딴 겜 에 스토리 가 있 단것 에 놀랐고 ... 중간 이딴 겜 에 스토리 가 좀 괜찮아 놀랐고 ... 끝 엔 이딴 겜 에 엔딩 치곤 소름 돋아 놀랐고 ... 막판 이딴 겜 에 마지막 에 반전 핵피 엔딩 이 ...,2015-01-18 15:27:33
242760,The Forest,positive,내손에 도끼한자루가 쥐어질때 전설의 시작이다,내 손 에 도끼 한 자루 가 쥐어질 때 전설 의 시작 이다,2015-01-18 14:36:46
242760,The Forest,positive,이게임은 아직 개발중이여서 버그가 조금 있을뿐 친구들과 하기에는 딱좋은 게임이다. 서바이벌종류를 좋아하시는 분들에게 추천한다.,이 게임 은 아직 개발 중이 여서 버그 가 조금 있을 뿐 친구 들 과 하기에는 딱좋은 게임 이다 . 서바이벌 종류 를 좋아하시는 분 들 에게 추천 한다 .,2015-01-17 15:45:16
242760,The Forest,positive,good,good,2015-01-16 16:58:50
242760,The Forest,positive,해당 게임은 정말 잘만들었다고 생각합니다. 핵심적인 요소들은 건축과 맵의 넓이 크기 자유도라고 생각합니다. 아직 좀 부족한점이 많겠지만. 앞서 해보는 게임으로써 충분히 이해가될만한 그런 수준이라고 생각하네요. 저와 같은생각으로 더 포레스트 게임의 정식오픈을 기다리는 유저는 정말 많을꺼라 생각합니다. 정말 많은 기대중입니다. 먼 훗날 포레스트를 하며 어디까지 즐길수있을지 말입니다. 마지막으로 다만 더 뛰어난 게임이 나오기전에 오픈했으면 하는 바램입니다.,해당 게임 은 정말 잘 만들었다고 생각 합니다 . 핵심 적 인 요소 들 은 건축 과 맵 의 넓이 크기 자유도 라고 생각 합니다 . 아직 좀 부족한 점 이 많겠지만 . 앞서 해보는 게임 으로써 충분히 이해 가 될만 한 그런 수준 이라고 생각 하네요 . 저 와 같은 생각 으로 더 포레스트 게임 의 정식 오픈 을 기다리는 유저 는 정말 많을꺼라 생각 합니다 . 정말 많은 기 대중 입니다 . 먼 훗날 포레스트 를 하며 어디 까지 즐길수있을지 말 입니다 . 마지막 으로 다만 더 뛰어난 게임 이 나오기전에 오픈 했으면 하는 바램 입니다 .,2015-01-15 19:37:16
242760,The Forest,positive,"마음에 드는 게임입니다. 게임 플레이가 어렵고, 잔 버그가 많다는데 저는 0.11부터 플레이를 시작한 유저라서 그런지는 몰라도 버그는 많이 발견되지 않습니다! 충분히 재미가 있구요. 가격이 오르기 전에 지금 그냥 구매해두시면 좋을 것 같아요 :D","마음 에 드는 게임 입니다 . 게임 플레이 가 어렵고 , 잔 버그 가 많다는데 저 는 0.11 부터 플레이 를 시작 한 유저 라서 그런지는 몰라도 버그 는 많이 발견 되지 않습니다 ! 충분히 재미 가 있구요 . 가격 이 오르기 전 에 지금 그냥 구매 해 두시 면 좋을 것 같아요 : D",2015-01-14 15:37:56
242760,The Forest,positive,뭔가 필자는 무서운게임을 싫어해서 잘안하지만 그래픽도 그렇고 좋은거같다 밤에 하는걸 강추,뭔가 필자 는 무서운 게임 을 싫어해서 잘안하지만 그래픽 도 그렇고 좋은 거 같다 밤 에 하 는걸 강추,2015-01-09 17:18:59
242760,The Forest,positive,네 이 게임은 그냥 작은섬에서 원주민이란 백성을 상대로 독재정치를 하는 게임일 뿐입니다. 자신이 파크라이의 바스가 되었다는 기분으로 독재정치를 해보세요!,네 이 게임 은 그냥 작은 섬 에서 원주민 이란 백성 을 상대로 독재정치 를 하는 게임 일 뿐입니다 . 자신 이 파크라이 의 바스 가 되었다는 기분 으로 독재정치 를 해보세요 !,2015-01-09 02:11:34
242760,The Forest,positive,엄청 재밌다! 인육도 먹게 해주세요!,엄청 재밌다 ! 인육 도 먹게 해주세요 !,2015-01-07 11:41:34
242760,The Forest,positive,한글패치가 됬으면한다 또한 자잘한버그가 문제이기도하다 하지만 그것들만 고쳐진다면 생존+호러가 합쳐진 완벽한 게임이다 빨리 업데이트가 되길 바란다,한글패치 가 됬으면 한다 또한 자잘한 버그 가 문제 이기도 하다 하지만 그것 들 만 고쳐진다면 생존 + 호러 가 합쳐진 완벽한 게임 이다 빨리 업데이트 가 되길 바란다,2015-01-02 23:45:33
242760,The Forest,positive,아직 완성되지 않은 작품이라서 평가하기는 힘들지만 대체로 게임은 잘 만든것 같다.. 일단 모션의 부자연스러움과 게임자체가 생각보다 어럽다. 하지만 아직 미완성작이라는 점에서는 왠만한 샌드박스게임보다 많은 재미를 볼 수 있을것으로 기대함,아직 완성 되지 않은 작품 이라서 평가 하기는 힘들지만 대체로 게임 은 잘 만든것 같다 .. 일단 모션 의 부자연스러 움 과 게임 자체 가 생각 보다 어럽다 . 하지만 아직 미완성 작 이라는 점 에서는 왠만한 샌드박스 게임 보다 많은 재미 를 볼 수 있을것으로 기대함,2015-01-01 01:54:01
242760,The Forest,positive,뭐해...? 얼른 사지 않고...,뭐 해 ...? 얼른 사지 않고 ...,2014-12-31 20:06:00
242760,The Forest,positive,버그만 고치면 좋은데 버그 1개를 고치면 버그 2개가 생긴다,버그 만 고치 면 좋은데 버그 1 개 를 고치 면 버그 2 개 가 생긴다,2014-12-31 13:37:28
242760,The Forest,positive,나오기전 트레일러들이 과장되도 너무 과장된 게임. 사서 애들 겜고치라고 돈이나 보태주자~ ^^,나오기전 트레일러 들 이 과장 되도 너무 과장 된 게임 . 사서 애 들 겜 고치 라고 돈 이나 보태 주자 ~ ^^,2014-12-31 13:14:01
242760,The Forest,positive,알파라 버그가많기는하지만 그래픽도좋고 코옵도생기고 가격이상의 가치를한다,알파 라 버그 가 많기는하지만 그래픽 도 좋고 코옵 도 생기 고 가격 이상 의 가치 를 한다,2014-12-30 10:01:21
242760,The Forest,positive,이게임은원주민이싫다,이 게임 은 원주민 이 싫다,2014-12-25 00:12:16
242760,The Forest,positive,재미지고 좋긴한데 코옵 저장좀...,재미 지고 좋 긴한데 코옵 저장 좀 ...,2014-12-21 12:06:17
242760,The Forest,positive,"Hello, Forrest enjoy more Koreans. At first just crashed that plane if don't know how to adapt and The story is satisfied with her and good. Multi beobeokkeori on when and once I had is now many bug version since it's v 0.11 kkeulkimiitkkoyo Increasing the number of people in multi - and cannibals","Hello , Forrest enjoy more Koreans . At first just crashed that plane if don ' t know how to adapt and The story is satisfied with her and good . Multi beobeokkeori on when and once I had is now many bug version since it ' s v 0.11 kkeulkimiitkkoyo Increasing the number of people in multi - and cannibals",2014-12-21 04:00:39
242760,The Forest,positive,뉅,뉅,2014-12-20 22:12:41
242760,The Forest,positive,돈주고살만한거는아니다,돈 주 고살 만 한거는아니다,2014-12-19 16:38:11
242760,The Forest,positive,이거 초반에 잘하면 존나쉬워짐 무기강화짱짱,이 거 초반 에 잘 하면 존나 쉬워 짐 무기 강화 짱짱,2014-12-12 18:36:45
242760,The Forest,positive,ㅇㅇ,ㅇㅇ,2014-12-06 16:36:33
242760,The Forest,positive,Incredible graphics with incredible game.,Incredible graphics with incredible game .,2014-12-02 23:27:20
242760,The Forest,positive,집 짓고 나무베고 샤냥 하고 탐험하고하다가 다구리쳐맞고 뒤지는게임 ㅋ,집 짓고 나무 베고 샤 냥 하고 탐험 하고하다가 다 구리 쳐 맞고 뒤지는 게임 ㅋ,2014-11-30 16:28:39
242760,The Forest,positive,그래픽이 아름다운 게임 다소 버그가 있기마련이지만 차후 고쳐질거라 믿는다. 고기 작살로 잡는것도 신선하고 리얼[?] 하다 문제점은 차후 할게 없어진다.. 코옵도 추가되었는데 되도록 친구랑 코옵하면 좋다 재미있고 아 그리고 업데이트나 패치 빈도가 매우 양반이다. 차후 기대해봐도 좋을듯 집 짓는데 엄청난 노가다 ....,그래픽 이 아름다운 게임 다소 버그 가 있기 마련 이지만 차후 고쳐질 거 라 믿는다 . 고기 작살 로 잡는것도 신선하고 리얼 [?] 하다 문제점 은 차후 할게 없어진다 .. 코옵 도 추가 되었는데 되도록 친구 랑 코 옵하면 좋다 재미있고 아 그리고 업데이트 나 패치 빈도 가 매우 양반 이다 . 차후 기대 해봐도 좋을듯 집 짓는데 엄청난 노가다 ....,2014-11-29 18:01:21
242760,The Forest,positive,처음나올때:아그래픽좋은데 버그보소 ㅅㅂ 이런걸 누가해 아산게후회된다 ㅅㅂ 2015:오할만한데 무기도 많이추가되고 이야 근데 돌연변이 ㅈㄴ 무섭네 2016년:와 엔딩도나옴? 헐 ㄷㄷㄷ 진짜 무섭다 이야 이야기가 이렇게 끝나구나 ㄷㄷ 2017년:이거산거후회안함,처음 나 올 때 : 아 그래픽 좋은데 버그 보소 ㅅㅂ 이런 걸 누가 해 아산 게 후회된다 ㅅㅂ 2015 : 오 할만 한 데 무기 도 많이 추가 되고 이야 근데 돌연변이 ㅈㄴ 무섭네 2016년 : 와 엔딩 도 나옴 ? 헐 ㄷㄷㄷ 진짜 무섭다 이야 이야기 가 이렇게 끝나구나 ㄷㄷ 2017년 : 이 거산 거 후회 안함,2014-11-27 07:37:11
242760,The Forest,positive,스토리모드가 엔딩까지 나왔군요! 따봉드립니다.,스토리 모드 가 엔딩 까지 나왔군요 ! 따 봉 드립니다 .,2014-11-27 01:05:51
242760,The Forest,positive,SO BAD CO-OP AND SO MANY BUGS...... THIS GAME IS BUG'S LIFE,SO BAD CO - OP AND SO MANY BUGS ...... THIS GAME IS BUG ' S LIFE,2014-11-23 21:23:37
242760,The Forest,positive,Fucking Cave.,Fucking Cave .,2014-11-23 21:21:23
242760,The Forest,positive,개꿀잼,개꿀잼,2014-11-23 13:44:28
242760,The Forest,positive,i want i can write korean in game with my friend!! please!!,i want i can write korean in game with my friend !! please !!,2014-11-22 22:54:26
242760,The Forest,positive,누드해변에서 일광욕을 즐기는 평화로운 누드족 식인종을 두둘겨 패서 맛있게 구워서 식인종 상대로 식인하는 갓겜 현실에선 단 1분도 일을 하려하지 않는 게이머들이지만 게임에선 누구보다 열심히 벌목질을 하다가 뒷통수에 식인종들이 만든 요술 해골방망이 처맞고 뒤져서 현타오는 게임 코옵 하면 여럿이서 그런 식인종을 집단 강간 후 식인하는 그런 갓겜,누드 해변 에서 일광욕 을 즐기는 평화로운 누드 족 식인종 을 두 둘겨 패 서 맛있게 구워서 식인종 상대로 식인 하는 갓 겜 현실 에선 단 1분 도 일 을 하려하지 않는 게이머 들 이지만 게임 에선 누구 보다 열심히 벌목 질 을 하다가 뒷 통수 에 식인종 들 이 만든 요술 해골 방망이 처 맞고 뒤져서 현 타오 는 게임 코옵 하면 여럿 이서 그런 식인종 을 집단 강간 후 식인 하는 그런 갓 겜,2014-11-13 18:20:24
242760,The Forest,positive,이거 오류인 지는 모르겠는데 패치할때 마다 게임이 됬다가 안됬다가 그러는데 저만 그런 건가요? 사놓고 5시간 밖에 못하고 있는데 인터넷이 쳐봐도 저같은 오류는 겪는 사람 없는것 같은데 처음 게임키면 노래만 나오고 게임이 응답하지 않습니다. 분명 처음샀을때는 렉도 안걸리고 재밌게 했었는데 잠깐 쉬었다가 0.07버전인가 그때 부터 렉도 걸리고 오류가 자주 발생하더니 지금은 아예게임이 켜지지도 않네요;; 재설치해도 해결되지않습니다. 다음패치까지 또 기다려 봐야겠네요;; 근데 게임 자체는 재밌으니까 추천드립니다. 오류 해결했습니다.,이 거 오류 인 지는 모르겠는데 패치 할 때 마다 게임 이 됬다가 안됬다가 그러는데 저만 그런 건가 요 ? 사놓고 5시간 밖에 못 하고 있는데 인터넷 이 쳐 봐도 저 같은 오류 는 겪는 사람 없는것 같은데 처음 게임 키 면 노래 만 나오고 게임 이 응답 하지 않습니다 . 분명 처음 샀을 때 는 렉 도 안 걸리고 재밌게 했었는데 잠깐 쉬었다가 0.07 버전 인가 그때 부터 렉 도 걸리고 오류 가 자주 발생 하더니 지금 은 아예 게임 이 켜지지도 않네요 ;; 재 설치 해도 해결 되지 않습니다 . 다음 패치 까지 또 기다려 봐야겠네요 ;; 근데 게임 자체 는 재밌으니까 추천 드립니다 . 오류 해결 했습니다 .,2014-11-12 21:18:45
242760,The Forest,positive,너무스릴넘치고재밋는게임!추천합니다,너무 스릴 넘치 고재 밋 는 게임 ! 추천 합니다,2014-11-12 18:08:23
242760,The Forest,positive,재밌어 근데 할게너무없다 +스토리가 추가되어서 할게 많아졌다,재밌어 근데 할게 너무 없다 + 스토리 가 추가 되어서 할게 많아졌다,2014-11-11 22:55:43
242760,The Forest,positive,멀티나오면서 할게많아짐 굿,멀티 나오면서 할게 많아짐 굿,2014-11-11 18:28:57
242760,The Forest,positive,good,good,2014-11-11 08:37:08
242760,The Forest,positive,좆망겜에서 갓겜으로 변신한 훌룡한 인디게임의 표본,좆망 겜 에서 갓 겜 으로 변신 한 훌룡 한 인디 게임 의 표본,2014-11-01 23:51:59
242760,The Forest,positive,아직 알파 버전이긴 하지만 이정도면 뭐 할만하네여ㅎㅎ,아직 알파 버전 이긴 하지만 이 정도 면 뭐 할만 하네여 ㅎㅎ,2014-11-01 14:21:23
242760,The Forest,positive,이게임 개쩐다 해보라,이 게임 개 쩐다 해보라,2014-10-30 04:34:07
242760,The Forest,positive,상당히 재미있다. 당신을 노리는 식인종과의 긴박감 넘치는 전투와 진정한 생존을 느낄수 있다고 생각함.다만 아직 알파 버전이라 그런지 버그는 상당히 많은듯.,상당히 재미있다 . 당신 을 노리는 식인종 과의 긴박 감 넘치는 전투 와 진정한 생존 을 느낄수 있다고 생각 함 . 다만 아직 알파 버전 이라 그런지 버그 는 상당히 많은듯 .,2014-10-29 03:26:38
242760,The Forest,positive,리얼 버라이어티 생존 게임,리얼 버라이어티 생존 게임,2014-10-28 18:53:56
242760,The Forest,positive,"역시나 0.08B 버전이라 꽤 미완성이지만 완정삭되면 인디게임의 TOP 10 차지할것 같네요. 처음부터 0.08B 버전에 시작해봤는데 버그가 바로바로 보입니다. 새랑 열매가 물속에 있고, 네발걷는 식인종이 물속에수 통과하고, 리스폰 지역은 너무나도 높아서 사망, AMD 그래픽카드(R9 280x)랑 문제있는지 내몸과 식인족 몸, 아들 몸뚱이까지 전부 샤이닝 카즈야(?)..... 그외 버그가 좀더 있었지만 내용이 꽤 길어서 패스 그래픽은 인디게임인데도 텍스쳐가 잘 되어있습니다. 하지만 꽤나 멀리있는 사물이랑 풀들은 좀더 근접","역시 나 0.08 B 버전 이라 꽤 미완성 이지만 완정삭되 면 인디 게임 의 TOP 10 차지 할것 같네요 . 처음 부터 0.08 B 버전 에 시작 해봤는데 버그 가 바로바로 보입니다 . 새 랑 열매 가 물속 에 있고 , 네 발 걷는 식인종 이 물속 에 수 통과 하고 , 리스 폰 지역 은 너무나도 높아서 사망 , AMD 그래픽카드 ( R 9 280 x ) 랑 문제 있는지 내 몸 과 식인 족 몸 , 아들 몸뚱이 까지 전부 샤이닝 카즈 야 (?)..... 그 외 버그 가 좀더 있었지만 내용 이 꽤 길어서 패스 그래픽 은 인디 게임 인데 도 텍스쳐 가 잘 되어있습니다 . 하지만 꽤 나 멀리 있는 사물 이랑 풀 들 은 좀더 근접",2014-10-25 13:36:18
242760,The Forest,positive,예전엔 쓴소리좀했다만 이제야좀 게임이 게임같네요 많이좋아졌습니다 버그도 많이고쳤고 최적화는 당연 최상이죠 굳굳,예전 엔 쓴소리 좀 했다만 이제야 좀 게임 이 게임 같네요 많이 좋아졌습니다 버그 도 많이 고쳤고 최적화 는 당 연 최상 이 죠 굳 굳,2014-10-24 17:50:43
242760,The Forest,positive,"역시 알파인지 버그는 꽤있습니다. 그러나 그렇게 심각하지않습니다. 버그라고 찾아본다면 물에서 걷거나 물도아닌곳도 수영해서 간다는버그이지만 그렇게 확률적이지 않죠 목수게임이라 불릴만합니다 일단 15달러가 비싸다고 크다고 생각하는분들에게는 불법다운해보시고 플레이하며 생각해보시기 바랍니다. 아직 정식으로 개발할려면 1~2년은 남아보입니다. 저는 생존게임을 좋아합니다 그러하여 이게임도 좋아하시죠 제가 싫어했던것은 너무 빨리 식인종,돌연변이가 나온다는겁니다 나는 아직 무기가 도끼 밖에없는데 어쌔신크리드 하라는것도아니고","역시 알파 인지 버그 는 꽤 있습니다 . 그러나 그렇게 심각하지 않습니다 . 버그 라고 찾아본다면 물 에서 걷거나 물 도 아닌 곳도 수영 해서 간다 는 버그 이지만 그렇게 확률 적 이지 않죠 목수 게임 이라 불릴만 합니다 일단 15달러 가 비싸다고 크다고 생각 하는 분 들 에게는 불법 다운 해보시고 플레이 하며 생각 해보시기 바랍니다 . 아직 정식 으로 개발 할려면 1~2년 은 남아 보입니다 . 저 는 생존 게임 을 좋아합니다 그러하여 이 게임 도 좋아하시죠 제 가 싫어했던것은 너무 빨리 식인종 , 돌연변이 가 나온다는 겁니다 나 는 아직 무기 가 도끼 밖 에 없는데 어쌔신크리드 하라 는 것 도 아니고",2014-10-18 19:07:31
242760,The Forest,positive,적당히 재미있게 할만한 게임이긴 하지만 아직까지 게임을 플레이하는데 심각할정도의 자잘한 버그들이 많아 구입을 하라고 말하기엔 조금 망설여짐. 게임을 플레이하는 도중 갑자기 인벤토리에 있던 아이템들이 투명화되는 버그가 걸려서 드링크나 음식들이 있는데 못먹는 경우가 있거 결국 삭제하고 말음. 또한 식인종의 인공지능이 별반 다를게 없어 익숙해지면 도끼 하나로도 식인종 전부를 잡을 수 있게됨. ㅋ 앞으로 즐길만한 컨텐츠들이 많이 나오면 다시한번 플레이 해보겠지만 현재로선 그다지...,적당히 재미있게 할만 한 게임 이긴 하지만 아직 까지 게임 을 플레이 하는데 심각할 정도 의 자잘한 버그 들 이 많아 구입 을 하라 고 말 하기엔 조금 망설여 짐 . 게임 을 플레이 하는 도중 갑자기 인벤 토리 에 있던 아이템 들 이 투명 화 되는 버그 가 걸려서 드링크 나 음식 들 이 있는데 못 먹는 경우 가 있거 결국 삭제 하고 말음 . 또한 식인종 의 인공 지능 이 별반 다를게 없어 익숙해지면 도끼 하나로 도 식인종 전부 를 잡 을 수 있게 됨 . ㅋ 앞 으로 즐길만 한 컨텐츠 들 이 많이 나오면 다시 한번 플레이 해보겠지만 현재 로 선 그다지 ...,2014-10-10 07:01:24
242760,The Forest,positive,끝내주는 생존게임이긴 하지만... 아직 알파버전이라 많은 버그가 발견되었고 최적화도 더 필요할 것 같군요,끝내주는 생존 게임 이긴 하지만 ... 아직 알파 버전 이라 많은 버그 가 발견 되었고 최적화 도 더 필요할 것 같군요,2014-10-09 20:10:31
242760,The Forest,positive,Good Gam,Good Gam,2014-09-28 15:44:35
242760,The Forest,positive,계속 게임이 팅기는데..,계속 게임 이 팅기는데 ..,2014-09-20 21:33:22
242760,The Forest,positive,норм,норм,2014-09-18 23:42:12
242760,The Forest,positive,접근이 쉬운 3d 생존게임인데 겜 자체틀이 허접한 게임은 아니나 트레일러랑 현재 구현도랑 너무 너무 너무 너무 너무 차이나서 ..... 거의 지죤 사기급 트레일러 보고 사면 개발자 찾아가서 귀싸대기 한대 날리고 싶을수도 있다,접근 이 쉬운 3 d 생존 게임 인데 겜 자체 틀 이 허 접 한 게임 은 아니나 트레일러 랑 현재 구현 도랑 너무 너무 너무 너무 너무 차이나서 ..... 거의 지죤 사기 급 트레일러 보고 사면 개발자 찾아가서 귀 싸대기 한 대 날리고 싶을수도 있다,2014-09-17 13:25:29
242760,The Forest,positive,최적화좀 해 제발,최적화 좀 해 제발,2014-09-13 16:30:05
242760,The Forest,positive,버그가 많이 존재하죠 벽뚫고 들어가진다거나 그런거요 뭐 아직 버전이 낮아서 그렇다고 스스로를 위로하는중입니다. 물론 게임자체는 나름 재밌습니다. 통나무를 베어서 옮겨다가 집을짓는다던가 원주민과의 사투 그밖에 등등등 어서 빨리 버그도 많이 고쳐지고 또한 B키를 눌러서 제작할수있는 것들이 좀더 많아졌으면 좋겠습니다. 토템 우측의 탭들은 뭔진 모르지만 업데이트해주시겠죠.. ㅎㅎ 뭐 현재상태로도 나쁘진않습니다. 그놈의 버그가 말썽일뿐이죠,버그 가 많이 존재 하죠 벽 뚫고 들어가진다거나 그런 거 요 뭐 아직 버전 이 낮아서 그렇다고 스스로 를 위로 하는 중 입니다 . 물론 게임 자체 는 나름 재밌습니다 . 통나무 를 베어서 옮겨다가 집 을 짓는다던가 원주민 과의 사투 그 밖에 등등 등 어서 빨리 버그 도 많이 고쳐지고 또한 B 키 를 눌러서 제작 할수있는 것 들 이 좀더 많아졌으면 좋겠습니다 . 토템 우측 의 탭들 은 뭔 진 모르지만 업데이트 해주시겠죠 .. ㅎㅎ 뭐 현재 상태 로 도 나쁘진 않습니다 . 그 놈 의 버그 가 말썽 일 뿐 이 죠,2014-09-12 00:06:20
242760,The Forest,positive,Deres evil people dat try to eat you you gotta kill dem before dey eat you. Ur friends already got eaten so u gotta get revenge if u wanna.,Deres evil people dat try to eat you you gotta kill dem before dey eat you . Ur friends already got eaten so u gotta get revenge if u wanna .,2014-09-11 20:16:12
242760,The Forest,positive,여자 원주민이 좋았습니다.,여자 원주민 이 좋았습니다 .,2014-09-03 22:22:48
242760,The Forest,positive,수상저택? 을 만들었습니다. 비대칭형 땟목이여서 그런지 바로 물이 차들어옵니다. 바다를 건너봅시다. 벽을 밀어서 물 위를 건너는 기적을 보여줍니다. 물 위를 걷다가 수상저택이 뒤집힙니다. 애써 반대편으로 걸어서 수상저택의 균형을 잡았더니 시작지점으로 돌아왔습니다. 그래도 이 집안에 통나무를 잔뜩 실어서 집을 지을 생각에 겨워서 당장 나무를 30개는 배어 둔 다음에 수상저택에 내려놓는 순간 바닥을 통과하고 가라앉는 통나무들. ESC로 가는 내 손.,수상 저택 ? 을 만들었습니다 . 비 대칭 형 땟목이 여서 그런지 바로 물이 차 들어옵니다 . 바다 를 건너 봅시다 . 벽 을 밀어서 물 위 를 건너는 기적 을 보여줍니다 . 물 위 를 걷다가 수상 저택 이 뒤집힙니 다 . 애써 반대편 으로 걸어서 수상 저택 의 균형 을 잡았더니 시 작 지점 으로 돌아왔습니다 . 그래도 이 집안 에 통나무 를 잔뜩 실어 서 집 을 지을 생각 에 겨워 서 당장 나무 를 30 개는 배어 둔 다음 에 수상 저택 에 내려놓는 순간 바닥 을 통과 하고 가라앉는 통나무 들 . ESC 로 가는 내 손 .,2014-09-03 05:28:32
242760,The Forest,positive,이게임은 몇번만더 업데이트를하면 잼있을것같네요 글고 멀티도돼면 더더욱잼잇을것같고요,이 게임 은 몇 번만 더 업데이트 를 하면 잼있을것 같네요 글 고 멀티 도 돼면 더 더욱 잼 잇을것 같고요,2014-08-31 17:59:57
242760,The Forest,positive,Its cool game BUT there is alot of bugs in this game still 5 peoples teleport to me and kill me! i like this game but i dont want play until beta version,Its cool game BUT there is alot of bugs in this game still 5 peoples teleport to me and kill me ! i like this game but i dont want play until beta version,2014-08-28 13:23:23
242760,The Forest,positive,업데이트 이후로 게임실행이 되질 않습니다. 재설치도 무용지물이네요..저만 그런가요?,업데이트 이후 로 게임 실행 이 되질 않습니다 . 재 설치 도 무용지물 이네 요 .. 저만 그런 가요 ?,2014-08-28 01:13:48
242760,The Forest,positive,얼리엑서스라 아직 모든 컨텐츠가 제공되지는 않지만 꾸준한 업데이트를 통해 유저들을 만족시켜주고 있는 게임이다. 정말 참신하고 앞으로가 더욱 기대되는 게임!,얼리 엑 서 스 라 아직 모든 컨텐츠 가 제공 되지는 않지만 꾸준한 업데이트 를 통해 유저 들 을 만족 시켜주고 있는 게임 이다 . 정말 참신하고 앞 으로가 더욱 기대 되는 게임 !,2014-08-27 21:47:31
242760,The Forest,positive,"아직 알파라 그런지 재료를 모아, 만들수 있는 것이 적은게 흠이지만 통나무를 모아 보관해두고, 토끼 혹은 도마뱀을 잡아 식량을 비축해두는 것만으로도 재밌어 충분히 살만한 게임..!","아직 알파 라 그런지 재료 를 모아 , 만들수 있는 것 이 적은게 흠 이지만 통나무 를 모아 보관 해 두고 , 토끼 혹은 도마뱀 을 잡아 식량 을 비축 해 두는 것 만으로도 재밌어 충분히 살 만 한 게임 ..!",2014-08-26 19:28:24
242760,The Forest,positive,...이거 실행하니까 이상하게 계속 2014어쩌구 오류뜨네요 이거빨리 고쳐주세요 ㅠㅠ재미있는 게임인데 오류때문에 계속 못하니가 너무 속상하네요,... 이 거 실행 하 니까 이상하게 계속 2014 어쩌구 오류 뜨네요 이 거 빨리 고쳐주세요 ㅠㅠ 재미있는 게임 인데 오류 때문 에 계속 못 하니가 너무 속상하네요,2014-08-25 11:06:53
242760,The Forest,positive,give me the multiplay!!!!! write !!!! now!!!!!!!!!!!!!!!!!!!!!!!!!!!!!!!!!!!!!!!!!!!!!!!!!!!!!!!!!!!!!!!!!!!!!!!!!!!!!!!!!!!!!!!!!!!!!!!!!!!!!!!!!!!!!!!!!!!!!!!!!!!!!!!!!!!!!!!!!!!!!!!!!!!!!!!!!!!!!!!!!!!!!!!!!!!!!!!!!!!!!!!!!!!!!!!!!!!!!!!!!!!!!!!!!!!!!!!!!!!!!!!!!!!!!!!!!!!!!!!!!!!!!!!!!!!!!!!!!!!,give me the multiplay !!!!! write !!!! now !!!!!!!!!!!!!!!!!!!!!!!!!!!!!!!!!!!!!!!!!!!!!!!!!!!!!!!!!!!!!!!!!!!!!!!!!!!!!!!!!!!!!!!!!!!!!!!!!!!!!!!!!!!!!!!!!!!!!!!!!!!!!!!!!!!!!!!!!!!!!!!!!!!!!!!!!!!!!!!!!!!!!!!!!!!!!!!!!!!!!!!!!!!!!!!!!!!!!!!!!!!!!!!!!!!!!!!!!!!!!!!!!!!!!!!!!!!!!!!!!!!!!!!!!!!!!!!!!!!,2014-08-19 22:57:12
242760,The Forest,positive,일단.. 해본결과 재밋긴 재밋구요 산거 후회도 않합니다 그리고 지금않사면 나중에 코옵나오고 발전할때 게임값이 치솟습니다 고로 미리사두는게 이득,일단 .. 해본 결과 재밋긴 재밋구 요 산거 후회 도 않 합니다 그리고 지금 않 사면 나중 에 코옵 나오고 발전 할 때 게임 값 이 치솟습니다 고로 미 리사 두는게 이득,2014-08-18 19:52:54
242760,The Forest,positive,혼자하면 나무 캐다가 지겨워서 접을 수 있겠지만 그 모든 것을 극복하고 주거지를 만들면 행복한 표류 LIFE를 즐기실 수 있습니다. 물론 밤 제외,혼자 하면 나무 캐다가 지겨워서 접 을 수 있겠지만 그 모든 것 을 극복 하고 주거지 를 만들면 행복한 표류 LIFE 를 즐기실 수 있습니다 . 물론 밤 제외,2014-08-13 12:43:47
242760,The Forest,positive,재미는 있음. 멀티되면 더 재밌을거 같은데,재미 는 있음 . 멀티 되면 더 재밌을거 같은데,2014-08-13 10:29:29
242760,The Forest,positive,다른사람들이랑 코옵할수 있게 업데이트되면 최고의 게임이 될거임,다른사람 들 이랑 코옵 할수 있게 업데이트 되면 최고 의 게임 이 될거 임,2014-08-11 16:02:49
242760,The Forest,positive,"일단 버그가 좀 있긴있지만 게임자체는 재미있습니다. 사양이 된다면 좋은 그래픽으로 좋은 자연경관을 보게될껍니다. 이 게임이 고쳐야할것은 버그,밸런스등이 있지만 나중에 고쳐질것이니 상관없습니다. 그냥 더 많은 동물,무기,멀티가 추가되면 아주좋을꺼같습니다. RATE:8.5/10","일단 버그 가 좀 있긴있지만 게임 자체 는 재미있습니다 . 사양 이 된다면 좋은 그래픽 으로 좋은 자연 경관 을 보게 될 껍 니 다 . 이 게임 이 고쳐 야할것은 버그 , 밸런스 등 이 있지만 나중 에 고쳐질 것 이니 상관없습니다 . 그냥 더 많은 동물 , 무기 , 멀티 가 추가 되면 아주 좋을꺼 같습니다 . RATE : 8.5 / 10",2014-08-05 23:10:02
242760,The Forest,positive,This game is very realistic of surviving in open world. but its only alpha version still needs more contents or features.,This game is very realistic of surviving in open world . but its only alpha version still needs more contents or features .,2014-07-28 21:36:24
242760,The Forest,positive,정말 재미있는 서바이벌 게임. 14달러가 아깝지 않다.,정말 재미있는 서바이벌 게임 . 14달러 가 아깝지 않다 .,2014-07-28 14:21:38
242760,The Forest,positive,Very Nice....... HaHa...,Very Nice ....... HaHa ...,2014-07-26 20:35:12
242760,The Forest,positive,그래픽이나 다른것은 다 좋았으나 식인종에게 맞을시 멀리 날아가서한방에 죽는 경우가 많습니다 그리고 수영중 수영모드가 풀리면서 수면 밑으로 낙사하는 장면도 있었으며식인종이 물밑에서 계속 따라옵니다식인종이 물에는 다가오지 못하다던가 아니면 수영을 하든가를 해야할것입니다그리고 조금 웃겻던 일인데 식인종 캠프 바로 앞에불시착하는 경우가 어딧나요 시작하자마자 죽으라는거잖아,그래픽 이나 다른 것 은 다 좋았으나 식인종 에게 맞을시 멀리 날아가서 한 방 에 죽는 경우 가 많습니다 그리고 수영 중 수 영 모드 가 풀리면서 수면 밑 으로 낙사 하는 장면 도 있었으며 식인종 이 물밑 에서 계속 따라옵니다 식인종 이 물 에는 다가오지 못 하다던가 아니면 수영 을 하든가를 해야 할것 입니다 그리고 조금 웃겻던 일 인데 식인종 캠프 바로 앞 에 불시 착하는 경우 가 어딧나 요 시작 하 자마자 죽으라는 거 잖아,2014-07-23 22:29:47
242760,The Forest,positive,"옛날옛적 스트랜디드2 라는 무인도 생존 게임이 있었어요 그게임에는 사자도, 공룡도, 게임의 필수인 점프도있었어요 10년이 지나 더 포레스트 라는 게임이 등장했어요. 이 게임도 무인도 생존게임이에요 물론 원주민좀비들도 나오지만 기본 배경은 무인도 생존겜이에요 그러나 10년 전게임인 스트랜디드보다 존나 못한점은 섬에서 구해 먹을수있는게 씨팔 도마뱀이랑 토끼, 물고기밖에없어요 세가지가 다에요 씨팔 무인도 생존게임인데 먹을거리구하는 컨텐츠가 주요가 되야되는거 아니에요? 그렇다고 원주민죽이고 원주민도 못먹어요 괴물죽이고 괴물고 못먹","옛날 옛적 스트랜디드 2 라는 무인도 생존 게임 이 있었어요 그 게임 에는 사자 도 , 공룡 도 , 게임 의 필수 인 점프 도 있었어요 10년 이 지나 더 포레스트 라는 게임 이 등장 했어요 . 이 게임 도 무인도 생존 게임 이에요 물론 원주민 좀비 들 도 나오지만 기본 배경 은 무인도 생존 겜 이에요 그러나 10년 전 게임 인 스트랜디드 보다 존나 못 한 점 은 섬 에서 구해 먹을수있는게 씨팔 도마뱀 이랑 토끼 , 물고기 밖에 없어요 세 가지 가 다 에요 씨팔 무인도 생존 게임 인데 먹을거리 구 하 는 컨텐츠 가 주요 가 되야 되는거 아니에요 ? 그렇다고 원주민 죽 이고 원주민 도 못 먹어요 괴물 죽 이고 괴물 고 못 먹",2014-07-23 13:33:53
242760,The Forest,positive,꾸르잼 근데 역시 할게없음.. 진짜 너무없어 ㅋㅋ,꾸르잼 근데 역시 할게 없음 .. 진짜 너무 없어 ㅋㅋ,2014-07-18 10:21:27
242760,The Forest,positive,멀티출시좀,멀티 출시 좀,2014-07-17 23:21:34
242760,The Forest,positive,안만들어지는 버그만 개선좀요;;,안 만들어지는 버그 만 개선 좀 요 ;;,2014-07-11 20:25:01
242760,The Forest,positive,구매를 하고 한시간정도 해본결과 영상과는 달리 덫을 설치해도 원주민들이 걸리는 현상이 없었으며 물고기를 아무리 많이 잡아도 3마리만 잡힌다는점 벌목하는 것에 대해서도 나무가 이리저리 날아간다든가 필요한 오두막지을때 필요한 나무의 갯수가 맞지 않다던가 식량을 구해서 먹어도 금방 금방없어지고.. 원주민한태 잡혀서 동굴 갔을떄도 탈출방법이 무엇인지도 모르겟고정식 발매를 하진않았지만 아직 추천한 단계까진 아닌것같고 기대가 되는 대작이긴 합니다. 멀티까지 된다면 더할나위 없겟구요,구매 를 하고 한 시 간정 도 해본 결과 영상 과는 달리 덫 을 설치 해도 원주민 들 이 걸리는 현상 이 없었으며 물고기 를 아무리 많이 잡아도 3 마리 만 잡힌다는 점 벌목 하는 것 에 대해 서도 나무 가 이리저리 날아간다 든가 필요한 오두막 지을 때 필요한 나무 의 갯수 가 맞지 않다던가 식량 을 구해 서 먹어도 금방 금방 없어지고 .. 원주민 한 태 잡혀서 동굴 갔을떄 도 탈출 방법 이 무엇 인지도 모르겟 고정식 발매 를 하진 않았지만 아직 추천 한 단계 까진 아닌것 같고 기대 가 되는 대작 이긴 합니다 . 멀티 까지 된다면 더할 나위 없겟구요,2014-07-10 22:08:42
242760,The Forest,positive,집집만들면 뒤에 3명의 식인종이.... 'XX' 8.4/10점,집집 만들면 뒤 에 3 명의 식인종 이 .... ' XX ' 8.4 / 10 점,2014-07-08 23:56:54
242760,The Forest,positive,이거 너무무서워요 멀티나오다는데 사실인가요? 빨리나와라;;,이 거 너무 무서워요 멀티 나오다는데 사실 인가요 ? 빨리 나와라 ;;,2014-07-07 23:08:51
242760,The Forest,positive,아직 갈길이 많이 남은 포레스트 앞으로 재밋어질듯합니다,아직 갈 길이 많이 남은 포레스트 앞 으로 재밋 어질듯 합니다,2014-07-04 22:54:37
242760,The Forest,positive,Bright future ahead!,Bright future ahead !,2014-07-03 14:09:59
242760,The Forest,positive,할만함,할만 함,2014-07-01 20:37:40
242760,The Forest,positive,알파버전이 거즘 한달에 한번씩 나오는것같다 맨처음에만 재밌었고 한달에 한번씩 나오는것치곤 크게 바뀌는게 없는것같다 멀티는 아직까지 종범 중반부턴 심시티 그리고 식인종사냥 앞으로 헤쳐나갈길이 멀다 진짜 게임이 뭣도 안만들어졌는데 급하게 내놓은감도있고 알파버전이 한달에 한번나오는것치곤 실망감이 크다 차라리 심시티할거나 늘려주지..,알파 버전 이 거즘 한 달 에 한번 씩 나오는것 같다 맨 처음 에만 재밌었고 한 달 에 한번 씩 나오는것치곤 크게 바뀌는게 없는것 같다 멀티 는 아직 까지 종범 중반 부턴 심시티 그리고 식인종 사냥 앞 으로 헤쳐 나갈 길이 멀다 진짜 게임 이 뭣 도 안 만들어졌는데 급하게 내놓은 감도있고 알파 버전 이 한 달 에 한번 나오는것치곤 실망 감 이 크다 차라리 심시티 할거나 늘려주지 ..,2014-07-01 19:59:46
242760,The Forest,positive,아니 슈발 시체가 왜 폭팔해?? 이거때문에 몇번을 다시시작하냐 그리고 관절이 종이로 만들어졌나?? 돌밟고 뒤지내 그리고또 바다속에 절벽이있어 ㅋㅋ 졸라깜놀 ㅋㅋ,아니 슈발 시체 가 왜 폭팔 해 ?? 이 거 때문 에 몇번 을 다시 시작 하 냐 그리고 관절 이 종이 로 만들어졌나 ?? 돌 밟고 뒤지내 그리고 또 바다 속 에 절벽 이 있어 ㅋㅋ 졸라 깜놀 ㅋㅋ,2014-06-28 20:40:30
242760,The Forest,positive,"이 게임을 구매할 사람들을 위해 이 평가를 작성합니다. 여러분이 벌목꾼 내지는 자연인 되보고 싶으시다면! 이 게임을 추천합니다! 처음시작하자마자 서바이벌북을 보고 나무를 베고 통나무로 작은 집을 짓고 울타리를 만들고...통나무를 보관할 보관대를 만들고...자연인, 벌목꾼의 삶을 체험해 볼수있는 게임입니다. 그리고 열심히 가꾼 나의 집을 버그로 인해 사라져버리는 경이로운 체험을 해보실수 있습니다!(세이브->로드 경우) 가끔나타나는 인간형상을한 바보같은 생물이 있는데 적대적이지만 플레이어의 위협은 되지 못합니다. 플레이어 분들께서","이 게임 을 구매 할 사람 들 을 위해 이 평가 를 작성 합니다 . 여러분 이 벌목 꾼 내지 는 자연인 되 보고 싶으시다면 ! 이 게임 을 추천 합니다 ! 처음 시작 하 자마자 서바이벌 북 을 보고 나무 를 베고 통나무 로 작은 집 을 짓고 울타리 를 만들고 ... 통나무 를 보 관할 보관 대 를 만들고 ... 자연인 , 벌목 꾼 의 삶 을 체험 해 볼수있는 게임 입니다 . 그리고 열심히 가꾼 나 의 집 을 버그 로 인해 사라져 버리는 경이 로운 체험 을 해보실수 있습니다 !( 세이브 -> 로드 경우 ) 가끔 나타나는 인간 형상 을 한 바보 같은 생물 이 있는데 적대 적 이지만 플레이어 의 위협 은 되지 못 합니다 . 플레이어 분 들 께서",2014-06-27 23:16:38
242760,The Forest,positive,알파테스트 인데도 불구하고 상당히 재미있습니다. 다른건 몰라도 갑자기 하늘로 승천하는 버그나 세이브 시스템만 개선되면 더 좋았을것같음,알파 테스트 인데도 불구 하고 상당히 재미있습니다 . 다른건 몰라도 갑자기 하늘 로 승천 하는 버그 나 세이브 시스템 만 개선 되면 더 좋았을것 같음,2014-06-26 18:00:51
242760,The Forest,positive,빨랑 멀티가나왓으면,빨 랑 멀티 가나 왓으 면,2014-06-25 15:55:08
242760,The Forest,positive,"몰입도나, 극현실주의의 생존을 추구하는 포레스트의 독특함은 잘 표현한거 같습니다. 나무를 캐는 작업을 많이 하면 팔에 숯이 잔뜩 묻어 나온다던가, 식인종과 전투를 벌인 뒤 피가 묻어 있다던가.. 빨리 안씻으면 여러가지 질병에 걸리는.. 이런 세세한 부분들이 괜찮습니다. 또한, 식인종들의 움직임이나, 위협하는 모습, 동료들과 플레이어 주위를 빙빙 돌며 기습을 모색하는 모션 등등 괜찮네요. 하지만, 알바버전이라 그런지 플레이에 지장될 정도의 버그나 이런것들이 좀 있더군요. 예를 들어, 바위를 통과하는 것, 식인종들이 점프하다가 바위에","몰입도 나 , 극 현실 주의 의 생존 을 추구 하는 포레스트 의 독특함은 잘 표현 한 거 같습니다 . 나무 를 캐는 작업 을 많이 하면 팔 에 숯 이 잔뜩 묻어 나온다던가 , 식인종 과 전투 를 벌인 뒤 피 가 묻어 있다던가 .. 빨리 안 씻으면 여러가지 질병 에 걸리는 .. 이런 세세한 부분 들 이 괜찮습니다 . 또한 , 식인종 들 의 움직임 이나 , 위협 하는 모습 , 동료 들 과 플레이어 주위 를 빙빙 돌 며 기습 을 모색 하는 모션 등등 괜찮네요 . 하지만 , 알바 버전 이라 그런지 플레이 에 지장 될 정도 의 버그 나 이런 것 들 이 좀 있더군요 . 예 를 들어 , 바위 를 통과 하는 것 , 식인종 들 이 점프 하다가 바위 에",2014-06-25 00:58:44
242760,The Forest,positive,이게임은 참재밋다 생존게임이지만 재밋고그리고식인종들떄문에 깜짝놀라기도하지만 되게재밋다,이 게임 은 참재밋다 생존 게임 이지만 재밋 고 그리고 식인종 들 떄문 에 깜짝 놀라기 도하 지만 되게재밋다,2014-06-24 23:18:47
242760,The Forest,positive,아직 버전이 낮아서 그런지 부족하거나 원주민들이 붕 뜬다거나 이런 잡스런 버그들이 많다. 하지만 게임성으로 볼때 이게임은 상당히 재미있다.,아직 버전 이 낮아서 그런지 부족하거나 원주민 들 이 붕 뜬다거나 이런 잡 스런 버그 들 이 많다 . 하지만 게임 성 으로 볼때 이 게임 은 상당히 재미있다 .,2014-06-24 18:41:25
242760,The Forest,positive,미래가 기대되는게임^^,미래 가 기대 되는 게임 ^^,2014-06-21 19:15:26
242760,The Forest,positive,WTF,WTF,2014-06-21 18:35:58
242760,The Forest,positive,"수많은 버그,최적화 아직 오픈은 안된게임이라 문제가 이만저만이 아니지만 제작자가 이 모든문제를 알고 이해하고 있기에 믿고 사도 이후 업데이트에서 인디게임이 아닌 인디게임으로 만나볼수 있을것이다 화려한그래픽은 이 게임 엔진이 유니티 엔진이라는게 놀라웠으며 이후 업데이트가 가장 확실하고 기되되는 게임이다 점수는 10점만점에 5점(이후 제대로 오픈을 한다면 점수는 크게 달라질것이다)","수많은 버그 , 최적화 아직 오픈 은 안된 게임 이라 문제 가 이만 저 만이 아니지만 제작자 가 이 모든 문제 를 알 고 이해 하고 있기에 믿고 사도 이후 업데이트 에서 인디 게임 이 아닌 인디 게임 으로 만 나볼 수 있을것이다 화려한 그래픽 은 이 게임 엔진 이 유니티 엔진 이라는 게 놀라웠으며 이후 업데이트 가 가장 확실하고 기되 되는 게임 이다 점수 는 10 점 만점 에 5 점 ( 이후 제대로 오픈 을 한다면 점수 는 크게 달라질것이다 )",2014-06-21 17:10:50
242760,The Forest,positive,"생존게임 중 이 게임이 가장 재미있습니다. 처음 생존게임을 한 게임이 마인크래프트 입니다. 마인크래프트보다 훨씬 재미있어요~ㅋㅋ 절대 후회하지 않는 선택을 한 것 같아요 더 비싸기 전에 지금 빨리 구매하세요, 아직 버그가 남아있긴 하는데 곧 없어질거 같아요~ 정말 재미있어요 한번 하면 5시간 기본으로... ㅠㅠ 내가 해본게임 중 가장 재미있었 던 것 같아요","생존 게임 중 이 게임 이 가장 재미있습니다 . 처음 생존 게임 을 한 게임 이 마인크래프트 입니다 . 마인크래프트 보다 훨씬 재미있어요 ~ ㅋㅋ 절대 후회 하지 않는 선택 을 한 것 같아요 더 비싸기 전 에 지금 빨리 구매 하세요 , 아직 버그 가 남아있긴 하는데 곧 없어질거 같아요 ~ 정말 재미있어요 한번 하면 5시간 기본 으로 ... ㅠㅠ 내 가 해본 게임 중 가장 재미있었 던 것 같아요",2014-06-21 14:34:35
242760,The Forest,positive,Three days more fun when you buy a grunge shin ㅋ ㅋ,Three days more fun when you buy a grunge shin ㅋ ㅋ,2014-06-21 14:34:27
242760,The Forest,positive,멀티가 안될시 플레이하기 너무 어렵고 식인종들이 너무 강력하여 벨런스 조정이 필요합니다.또한 식인종은 멀티인데 저는 혼자라 벅차기도합니다,멀티 가 안될시 플레이 하기 너무 어렵고 식인종 들 이 너무 강력하여 벨런스 조정 이 필요합니다 . 또한 식인종 은 멀티 인데 저 는 혼자 라 벅차기도 합니다,2014-06-20 13:46:34
242760,The Forest,positive,개적화 미쳤다,개 적 화 미쳤다,2014-06-19 19:04:46
242760,The Forest,positive,"The game crashed. The crash report folder named ""2014-06-19_??????"" next to game executable. It would be great if you'd send it to the developer of the game! 라고 계속 오류가 뜨는데 해결방법좀 알려주세요 결제하고 계속 못하고있어요","The game crashed . The crash report folder named "" 2014-06 - 19 _??????"" next to game executable . It would be great if you ' d send it to the developer of the game ! 라고 계속 오류 가 뜨는데 해결 방법 좀 알려주세요 결제 하고 계속 못 하고있어요",2014-06-19 15:29:57
242760,The Forest,positive,"이 게임은 2프로 부족하오나. 저에게 맞는 게임입니다. 자신의 집 그리고 식인종에게 보내는 경고 편지 그리고 캠프 뽜이아,각종 생존 용품,리얼한 나무 패기 또는 물고기 잡기 그리고 완벽하게 나올 그것 바로 코옵입니다. 이게임은 호러이며 생존게임입니다. 이 게이ㅁ에 의해 알수 있는것들이 많습니다. 생존할려면 어떻게 해야할지 또는 도구를 어떻게 다루는가에 대해 알아가며 대박나길 바라는 게이ㅁ 바로 더 포레스트 입니다. 는 개뿔 사양딸려서 못해봤다 ㅁㄴㅇㄹ 더 포레스트 ㄹ하고 싶은데 시팔 산속에 살아서 pc방을 가질 못해","이 게임 은 2 프로 부족하오나 . 저 에게 맞는 게임 입니다 . 자신 의 집 그리고 식인종 에게 보내는 경고 편지 그리고 캠프 뽜이 아 , 각종 생존 용품 , 리얼 한 나무 패기 또는 물고기 잡기 그리고 완벽하게 나올 그것 바로 코옵 입니다 . 이 게임 은 호러 이며 생존 게임 입니다 . 이 게이 ㅁ 에 의해 알수 있는것 들이 많습니다 . 생존 할려면 어떻게 해야 할지 또는 도구 를 어떻게 다루는가에 대해 알아가며 대박나길 바라는 게이 ㅁ 바로 더 포레스트 입니다 . 는 개뿔 사양 딸려서 못 해봤다 ㅁㄴㅇㄹ 더 포레스트 ㄹ 하고 싶은데 시 팔 산속 에 살아서 pc 방 을 가질 못 해",2014-06-18 21:25:43
242760,The Forest,positive,"이 게임을 구매하고 싶다면은... 총 2가지의 루트가 잇다. 첫째, 업뎃이 모두 완료될때 구매를 하던지 둘째, 지금 구매를 한다음 나중에 업뎃이 모두 완료될때 플레이를 하던지","이 게임 을 구매 하고 싶다면은 ... 총 2 가지 의 루트 가 잇다 . 첫째 , 업뎃 이 모두 완료 될 때 구매 를 하던지 둘째 , 지금 구매 를 한 다음 나중 에 업뎃 이 모두 완료 될 때 플레이 를 하던지",2014-06-18 20:19:35
242760,The Forest,positive,"As it is early access, it has tones of bugs and insufficient content. After i built log house, walls around my land and collected every materials, There was nothing I can do after 6 hours of play. Fighting with cannibals was only thing I could do. It was still fun fighting with them but as female c","As it is early access , it has tones of bugs and insufficient content . After i built log house , walls around my land and collected every materials , There was nothing I can do after 6 hours of play . Fighting with cannibals was only thing I could do . It was still fun fighting with them but as female c",2014-06-17 08:20:23
242760,The Forest,positive,"the game crashed the crash report folder named ""2014-06-16_204934"" next to game executable/ it would be great if you'd send it the developer of the game","the game crashed the crash report folder named "" 2014-06 - 16 _ 204934 "" next to game executable / it would be great if you ' d send it the developer of the game",2014-06-16 20:54:44
242760,The Forest,positive,"Nice game, i can't believe that it's indi game. but there r little much burgs. if the burgs fix, it's very fun.","Nice game , i can ' t believe that it ' s indi game . but there r little much burgs . if the burgs fix , it ' s very fun .",2014-06-15 18:01:31
242760,The Forest,positive,램 사양좀 낮췄으면 좋겠네.. 생각보다 컴퓨터 사양을 너무 탄다.. 업데이트할때 뭘 할건지 예고좀 해줬으면 한다.. 버그난무하고 할것도 없는데.. 업데이트는 한다지만 뭘 하는지 어떻게 바꾸는건지 알아야할 권리는 있지않겠는가?,램 사 양좀 낮췄으면 좋겠네 .. 생각 보다 컴퓨터 사양 을 너무 탄다 .. 업데이트 할 때 뭘 할 건지 예고 좀 해줬으면 한다 .. 버그 난무 하고 할것도 없는데 .. 업데이트 는 한 다지 만 뭘 하는지 어떻게 바꾸는 건지 알 아 야할 권리 는 있지 않겠는가 ?,2014-06-15 16:56:25
242760,The Forest,positive,일단 오류가 하도많아서 지금사놓고 묵혀두세요,일단 오류 가 하도 많아서 지 금사 놓고 묵혀 두세요,2014-06-15 12:38:52
242760,The Forest,positive,자잘한버그들이많지만 멀티플레이가 추가돼면 괭장이재밌을거같고 미래가기대돼는게임이다,자잘한 버그 들 이 많지만 멀티플레이 가 추가 돼면 괭 장이 재밌을거 같고 미래 가기 대 돼는 게임 이다,2014-06-15 01:55:53
242760,The Forest,positive,many bug... but funny!,many bug ... but funny !,2014-06-14 19:50:57
242760,The Forest,positive,이거... 재밌는데... 힘들다... 힘든데...재밌다... 결론은 버그많아,이 거 ... 재밌는데 ... 힘들다 ... 힘든데 ... 재밌다 ... 결론 은 버그 많아,2014-06-14 13:17:12
242760,The Forest,positive,"아직 알파단계라서 많이 할 수 있는게 없음. 함정설치나 아니면 울타리 짓기, 사냥 이정도가 전부. 특히 함정의 경우는 기껏 설치해 놨는데 동물이나 내가 살짝 건드려도 작동이 되고 다시 사용할 수 없다는게 마음에 안듬... 식인종도 빈번하게 나타나는데 주인공은 너무 약함...주인공 본인이 약한건 상관없는데 식인종들을 물리칠 수 있는 수단들이 좀 많았으며 좋겠음","아직 알파 단계 라서 많이 할 수 있는게 없음 . 함정 설치 나 아니면 울타리 짓기 , 사냥 이 정도 가 전부 . 특히 함정 의 경우 는 기껏 설치 해 놨는데 동물 이나 내 가 살짝 건드려도 작동 이 되고 다시 사용 할 수 없다는게 마음 에 안듬 ... 식인종 도 빈번 하게 나타나는데 주인공 은 너무 약함 ... 주인공 본인 이 약한건 상관없는데 식인종 들 을 물리 칠 수 있는 수단 들 이 좀 많았으며 좋겠음",2014-06-13 19:27:57
242760,The Forest,positive,"이게임 정말재미있습니다 개인적으로는 그렇게 생각하고있지요 이게임은 러스트보다 재미있는거같습니다. 일단은 아직 알파라서 버그가 많지만 조만간 업데이트로 버그를 고쳐가니 그렇게 큰 지장을 주진 않습니다. co-op 이라는게 나왔음 좋겠내요 러스트처럼 사람끼리 죽이는거보다는, 서로 협동하여 생존 해 나가는게 더 낳을것같습니다 그리고 개인적으로 생존 게임에 관심 있는 분들이라면 추천합니다 꼭해보시는게 좋을듯합니다.","이 게임 정말 재미있습니다 개인 적 으로는 그렇게 생각 하고있지요 이 게임 은 러스트 보다 재미있는거 같습니다 . 일단 은 아직 알파 라서 버그 가 많지만 조만간 업데이트 로 버그 를 고쳐가니 그렇게 큰 지장 을 주진 않습니다 . co - op 이라는게 나왔음 좋겠내요 러스트 처럼 사람 끼리 죽이는거보다는 , 서로 협동 하여 생존 해 나가는게 더 낳을것 같습니다 그리고 개인 적 으로 생존 게임 에 관심 있는 분 들이라면 추천 합니다 꼭 해보시는게 좋을듯 합니다 .",2014-06-11 21:25:12
242760,The Forest,positive,컴 사양이 좋은데 프레임 저하가 너무 심합니다 인터넷 훑어보니 컴 좋은데 프레임 낮으신분들이 계신거 같더라구요 알파라서 그런가요 어떤 분은 프레임 잘 나오시고 미치겠네요 크라이시스3도 원활히 돌리는데 이 게임 최하옵으로도 10~15프레임 나옵니다 이유 아시는분 계신가요?,컴 사양 이 좋은데 프레임 저하 가 너무 심합니다 인터넷 훑어 보니 컴 좋은데 프레임 낮으 신분 들 이 계신거 같더라구요 알파 라서 그런 가요 어떤 분 은 프레임 잘 나오시고 미치겠네요 크라이시스 3 도 원활히 돌리는데 이 게임 최 하옵으로도 10~15 프레임 나옵니다 이유 아시 는 분 계신가요 ?,2014-06-11 17:41:53
242760,The Forest,positive,"일반적인 생존게임의 플롯을 그대로 따라한 게임 다른 생존게임들이 주로 좀비아포칼립스의 대한 내용을 다뤘다면 더 포레스트는 비행기사고로 불시착한곳에서 우글우글거리는 식인종과 돌연변이를 피해 생존해야하는 게임이다 얼리억세스라 아직까진 자잘한 버그들이 많지만 재미를 반감시키진 않는다 오히려 버그보다 엄청난 맷집과 스피드, 파워와 머릿수를 가진 식인종이 제일 짜증나는거 같다... 처음 식인종에 당할시에 리스폰되는 동굴은 너무 어두워서 바로코앞도 안보이며, 낮에는 채집생활/밤에는 식인종을 피해 불도 못키는 상황이 일어 난다.","일반 적 인 생존 게임 의 플롯 을 그대로 따라한 게임 다른 생존 게임 들 이 주로 좀비 아포칼립스 의 대한 내용 을 다뤘다면 더 포레스트 는 비행기 사고 로 불시 착한 곳 에서 우글우글 거리 는 식인종 과 돌연변이 를 피해 생존 해야하는 게임 이다 얼리 억 세 스 라 아직 까진 자잘한 버그 들 이 많지만 재미 를 반감 시키진 않는다 오히려 버그 보다 엄청난 맷집 과 스피드 , 파워 와 머릿수 를 가진 식인종 이 제일 짜증나는거 같다 ... 처음 식인종 에 당할시에 리스 폰 되는 동굴 은 너무 어두워서 바로 코앞 도 안보 이며 , 낮 에는 채집 생활 / 밤 에는 식인종 을 피해 불도 못키 는 상황 이 일어 난다 .",2014-06-11 16:49:50
242760,The Forest,positive,"As of june 10 2014, it is incredibly buggy.","As of june 10 2014 , it is incredibly buggy .",2014-06-11 07:19:02
242760,The Forest,positive,멀티 되면 개꿀잼일듯 총도 나오면 좋겠고,멀티 되면 개꿀잼 일듯 총 도 나오면 좋겠고,2014-06-11 00:04:29
242760,The Forest,positive,앞으로가 기대되는 게임! 오랜만에 제대로 된 오픈월드 생존게임이네요~ [code] 평점: **** [/code],앞 으로가 기대 되는 게임 ! 오랜 만 에 제대로 된 오픈월드 생존 게임 이네 요 ~ [ code ] 평점 : **** [/ code ],2014-06-10 18:57:02
242760,The Forest,positive,알파버전이라서그런지 세이브한게임은 들어갈때 로딩기다리다가 크래쉬떠서 게속팅겨서 처음부터시작을하는버그 와 최적화가좀안되잇어서 그렇지만 멀티나오면 정말로 재밋을것같은게임임!!,알파 버전 이라서 그런지 세이브 한게임 은 들어갈 때 로딩 기다리다가 크래쉬 떠서 게속 팅겨서 처음 부터 시작 을 하는 버그 와 최적화 가 좀안되 잇어서 그렇지만 멀티 나오면 정말로 재밋 을 것 같은 게임 임 !!,2014-06-10 02:41:09
242760,The Forest,positive,진짜 수작중에서도 수작인 생존게임이라고 생각한다. 진짜 어떻게 이렇게 수준 높은 게임을 만들수 있는지 대단하다는 생각 밖에 안든다. 생존 게임만이 가능한 모든것과 생존게임에 바라는 사람들의 모든것을 망라한 게임이라고 생각한다.,진짜 수작 중 에서도 수작 인 생존 게임 이라고 생각 한다 . 진짜 어떻게 이렇게 수준 높은 게임 을 만들수 있는지 대단하다는 생각 밖에 안든다 . 생존 게임 만이 가능한 모든 것 과 생존 게임 에 바라는 사람 들 의 모든 것 을 망라 한 게임 이라고 생각 한다 .,2014-06-09 22:04:19
242760,The Forest,positive,재밋습니다.,재밋습니 다 .,2014-06-09 10:55:44
242760,The Forest,positive,cannibal explodes 10/10,cannibal explodes 10/10,2014-06-08 18:01:04
242760,The Forest,positive,woalTdma,woalTdma,2014-06-08 15:00:11
242760,The Forest,positive,나무는왜 캐지다말고 물고기들은왜떠다니냐 근데재밌다8/10,나무 는 왜 캐지다말고 물고기 들 은 왜 떠다니냐 근데 재밌다 8/10,2014-06-08 13:04:10
242760,The Forest,positive,"혼자하긴 많이 어려운게임,아직 알파라 버그가 매우많음 업뎃하다보면 매우 재밌어질거같음 근데 어려움 사실분들은 좀더 보고 사시는걸추천함","혼자 하긴 많이 어려운 게임 , 아직 알파 라 버그 가 매우 많음 업뎃 하다 보면 매우 재밌어질 거 같음 근데 어려움 사실 분들 은 좀더 보고 사시는걸 추천 함",2014-06-08 01:50:50
242760,The Forest,positive,"우선은 정말 재미있네요 하지만 여러가지 버그들때문에 그 재미도와 집중도가 떨어져 게임을 망치고있다. 라고 말하고싶네요 물론 아직 알파라서 그렇다는건 이해가 가능하나 버그가 너무나 많은...(oops.... 이거때문에 게임 날려먹은게 한두번이 아니야...) 다른 자잘한 버그 (주인공 머리,나무에 있는 도마뱀 죽였는데 나무에서 가죽벗기는 버그 등) 이런 버그들은 픽스 최하위로 두고 oops 버그,인벤 초기화 버그 부터 고쳐주면 정말 좋을거같네요 그리고 개인적으로 이 게임은 멀티가 나오면 정말 러스트를 눌러버릴 게임임에 틀림없다 라고 확","우선 은 정말 재미있네요 하지만 여러가지 버그 들 때문 에 그 재미 도 와 집중 도 가 떨어져 게임 을 망치 고 있다 . 라고 말 하고싶네요 물론 아직 알파 라서 그렇다는건 이해 가 가능하나 버그 가 너무나 많은 ...( oops .... 이 거 때문 에 게임 날려 먹은게 한두 번 이 아니야 ...) 다른 자잘한 버그 ( 주인공 머리 , 나무 에 있는 도마뱀 죽였는데 나무 에서 가죽 벗기는 버그 등 ) 이런 버그 들 은 픽스 최하 위로 두고 oops 버그 , 인벤 초기 화 버그 부터 고쳐주면 정말 좋을거 같네요 그리고 개인 적 으로 이 게임 은 멀티 가 나오면 정말 러스트 를 눌러 버릴 게임 임 에 틀림없다 라고 확",2014-06-08 00:15:53
242760,The Forest,positive,와~ 진짜 재미있음 그리고 곧있으면 멀티나오는데 같이해요~,와 ~ 진짜 재미있음 그리고 곧있으면 멀티 나오는데 같 이해 요 ~,2014-06-07 22:20:03
242760,The Forest,positive,알파에 비하면 괜찮은게임 다음 패치때 버그 픽스만되도 엄청난게임 단지 좀많이 하드함 밤에는 수많은 적들이나와 살아남기어려움하지만 졸잼멀티나오면 꿀잼 허니잼 두번하셈 세번하셈,알파 에 비 하면 괜찮은 게임 다음 패치 때 버그 픽스 만 되도 엄청난 게임 단지 좀 많이 하드 함 밤 에는 수많은 적 들 이나 와 살아남기 어려움 하 지만 졸잼 멀티 나오면 꿀잼 허니 잼 두 번하셈 세번 하 셈,2014-06-07 12:04:45
242760,The Forest,positive,많은 기대를 해서인지 알파버전을 접한 당사자로서는 조금 실망이지만 무엇보다 알파이고 코옵이나 멀티가 나오지 않은 이상 이 게임을 판단하기에는 빠르다는 생각이 들고 분명 신선하고 재밌는 게임인건 확실하니 조금더 업데이트를 기다려 보고 있습니다,많은 기대 를 해서인지 알파 버전 을 접 한 당사자 로서 는 조금 실망 이지만 무엇 보다 알파 이고 코옵 이나 멀티 가 나오지 않은 이상 이 게임 을 판단 하기에는 빠르다는 생각 이 들고 분명 신선하고 재밌는 게임 인 건 확실하니 조금 더 업데이트 를 기다려 보고 있습니다,2014-06-07 12:00:05
242760,The Forest,positive,매우 기대되는 게임이네요..,매우 기대 되는 게임 이네 요 ..,2014-06-06 16:55:56
242760,The Forest,positive,기대작이다 아직 알파수준이지만 그래도 완성도가 높다 아직 이런저런 버그가 넘쳐나지만 충분히 발전가능성이 보인다.,기 대작 이다 아직 알파 수준 이지만 그래도 완성 도 가 높다 아직 이런저런 버그 가 넘쳐나지만 충분히 발전 가능성 이 보인다 .,2014-06-06 11:53:42
242760,The Forest,positive,개꿀잼이다,개꿀잼 이다,2014-06-06 08:47:05
242760,The Forest,positive,개인적으로 게임성은 좋다고 판단하고 그래픽도 인디게임측에선 상위측이라고 생각한다 하지만 지금은 버그와 발적화 때문에 여러분들에게 추천하고 싶지는않다 0.02 0.03 이 나온다면 꼭 추천하는 게임 더포레스트,개인 적 으로 게임 성은 좋다고 판단 하고 그래픽 도 인디 게임 측 에선 상위 측 이라고 생각 한다 하지만 지금 은 버그 와 발 적 화 때문 에 여러분 들 에게 추천 하고 싶지는 않다 0.02 0.03 이 나온다면 꼭 추천 하는 게임 더 포레스트,2014-06-06 00:26:48
242760,The Forest,positive,shwoa,shwoa,2014-06-05 20:11:33
242760,The Forest,positive,아직 알파 버전이라서 그런지 버그도 많고 세이브도 안되지만 차차 업데이트 되면 진짜 재미있는 게임입니다,아직 알파 버전 이라서 그런지 버그 도 많고 세이브 도 안되지만 차차 업데이트 되면 진짜 재미있는 게임 입니다,2014-06-05 14:52:10
242760,The Forest,positive,인디게임과 생존게임으로서는 굉장히 현실적인것에 대해서는 훌륭합니다. 하지만 아직 알파단계라 버그도 많고 세이브기능이 없어서 아쉽습니다. 그래도 업데이트를 자주하니 게임성장이 잘될것같습니다 ㅎ,인디 게임 과 생존 게임 으로서는 굉장히 현실 적 인 것 에 대해 서는 훌륭합니다 . 하지만 아직 알파 단계 라 버그 도 많고 세이브 기능 이 없어서 아쉽습니다 . 그래도 업데이트 를 자주 하니 게임 성장 이 잘 될것 같습니다 ㅎ,2014-06-05 12:25:35
242760,The Forest,positive,그래픽이 좋은만큼 사양도 상당히 높음...안그래도 버그도 많은데 중간옵션 컴터가지고 최소사향 돌려도 렉이 상당함.. 한마디로 개적화 알파버전이라 봐줄만하긴 한데 그래도 최적화나 다른 버그등 개선이 심각함,그래픽 이 좋은만큼 사양 도 상당히 높음 ... 안 그래도 버그 도 많은데 중간 옵션 컴터 가지 고 최소 사향 돌려도 렉 이 상당함 .. 한마디 로 개 적 화 알파 버전 이라 봐줄만 하긴 한데 그래도 최적화 나 다른 버그 등 개선 이 심각함,2014-06-05 03:45:37
242760,The Forest,positive,"일단 얼리액세스라 현재구매는 시기상조, 재미자체는 보장합니다만 2%모자란 상태입니다. 이대로 간다면 이건 망작이야 망작이라고","일단 얼리 액세스 라 현재 구매 는 시기상조 , 재미 자체 는 보장 합니다만 2% 모자란 상태 입니다 . 이대로 간다 면 이건 망작 이야 망작 이라고",2014-06-04 12:57:47
242760,The Forest,positive,업데이트 종범,업데이트 종범,2014-06-03 18:34:54
242760,The Forest,positive,시발 존나 무서워가지고 도중에 꺼버림 ㅠㅠㅠ 우선 제작하는 재미와 식인종과 싸우는 재미는 있으나 몰려다녀서 너무 무섭고 버그가 존재함 ㅠㅠㅠ,시발 존나 무서워가지고 도중 에 꺼 버림 ㅠㅠㅠ 우선 제작 하는 재미 와 식인종 과 싸우는 재미 는 있으나 몰려 다녀서 너무 무섭고 버그 가 존재 함 ㅠㅠㅠ,2014-06-03 00:16:48
242760,The Forest,positive,왜케 버그가 많아 ㅋㅋㅋㅋㅋ,왜케 버그 가 많아 ㅋㅋㅋㅋㅋ,2014-06-02 23:31:36
242760,The Forest,positive,알파버전 이런 똥같은 느아!ㅏㅇㄴ안아!난ㅇ!내가 얼마나 기다렸는데 1년전부터 이런동영상 올려놓ㄱ도!!! 왜 알파버전인건데111!!1 이런 젠장 나쁜놈덜 내가 돈이아까워서라도 추천해줘야지,알파 버전 이런 똥 같은 느 아 ! ㅏㅇㄴ 안아 ! 난 ㅇ ! 내 가 얼마나 기다렸는데 1년 전부터 이런 동영상 올려놓 ㄱ 도 !!! 왜 알파 버전 인건데 111 !! 1 이런 젠장 나쁜 놈덜 내 가 돈 이 아까워 서라도 추천 해줘야지,2014-06-02 21:38:45
242760,The Forest,positive,세이브가 추가되었으니 이제 멀티를 기대하겠습니다!,세이브 가 추가 되었으니 이제 멀티 를 기대하겠습니다 !,2014-06-02 19:42:19
242760,The Forest,positive,일단 분위기 자체는 좋습니다. 맘에 들어요. 다만 손가락에 기름칠 한것 같은 반사광은... 좀 웃기네요. 아직은 버그가 너무 많습니다. 복사 버그도 있고 레시피는 있으나 못만드는 버그도 있고 레시피는 뿌옇게 되어 있으나 만들 수 있는 버그도 있고 시체 해체시 슈퍼 점프로 낙사하는 버그도....;; 뭐 여러가지 많이 있습니다. 하지만 아직 조합도 재료는 몇개 있으나 제가 아는 조합법은 두개뿐이고 지을 것도 별로 없습니다. 스토리 상으론 원주민이 데려간 아들을 찾아서 탈출하는 것일텐데... (실종된 승객들의 시체를 찾는 일도..) 열,일단 분위기 자체 는 좋습니다 . 맘 에 들어요 . 다만 손가락 에 기름 칠 한 것 같은 반 사광 은 ... 좀 웃기네요 . 아직 은 버그 가 너무 많습니다 . 복사 버그 도 있고 레시피 는 있으나 못 만드는 버그 도 있고 레시피 는 뿌옇게 되어 있으나 만들 수 있는 버그 도 있고 시체 해체 시 슈퍼 점프 로 낙사 하는 버그 도 ....;; 뭐 여러가지 많이 있습니다 . 하지만 아직 조합 도 재료 는 몇개 있으나 제 가 아는 조 합법 은 두 개 뿐 이고 지을 것 도 별로 없습니다 . 스토리 상 으론 원주민 이 데려간 아들 을 찾아서 탈출 하는 것 일텐데 ... ( 실종 된 승객 들 의 시체 를 찾는 일도 ..) 열,2014-06-02 11:55:03
242760,The Forest,positive,"아직 알파버젼이라 버그가 많다, 투자하고자 하는 인간만 결제하고 그렇지않으면 사지마셈","아직 알파 버젼 이라 버그 가 많다 , 투자 하고자 하는 인간 만 결제 하고 그렇지 않으면 사지마 셈",2014-06-02 11:47:46
242760,The Forest,positive,솔직히 트레일러만큼의 굉장함을 보여주진 못하지만 향후 기대가되는 게임,솔직히 트레일러 만큼의 굉장함을 보여주진 못 하지만 향후 기 대가 되는 게임,2014-06-02 11:34:41
242760,The Forest,positive,"트레일러랑 비슷하게 진행은 되지만 아직은 알파 버전이므로 생각하는 그것과는 조금 다릅니다. 가령 수많은 버그들과 불친절한 UI, 조작이 뭔가 이상함, 뛰어 내려도 안전할거 같지만 어째선지 낙사한다던가, 그래픽이 이상하게 보여지는 참사등이 있습니다. 하지만, 아직 알파 초기 버전임을 감안하면, 많이 다듬는다면 상당히 괜찮은 작품이 될 법 합니다.","트레일러 랑 비슷하게 진행 은 되지만 아직 은 알파 버전 이 므 로 생각 하는 그것 과는 조금 다릅니다 . 가령 수많은 버그 들 과 불친절한 UI , 조작 이 뭔가 이상함 , 뛰어 내려도 안전할거 같지만 어째선 지 낙사 한다던가 , 그래픽 이 이상하게 보여지는 참사 등 이 있습니다 . 하지만 , 아직 알파 초기 버전 임 을 감안 하면 , 많이 다듬는다면 상당히 괜찮은 작품 이 될 법 합니다 .",2014-06-02 11:17:55
242760,The Forest,positive,로딩중에 투매니 섹션 에러가 뜨네요...,로딩 중 에 투 매니 섹션 에러 가 뜨네요 ...,2014-06-02 01:02:01
242760,The Forest,positive,점점 게임이 진화 해 가는것이 보인다 처음보다는 그래픽이 훨씬 좋아졌고 없었던 머리도 생겨나고 잦은 오류들도 하나하나 개선 되 가는것 같다 하지만 물리엔진 오류로 갑자기 길가에서 상자가 날아 간다던지.. 아님 그걸 플레이어가 맞고 공중으로 날아갈때가 있다 그런 오류들도 하나하나 수정 해 가면 정말 괜찮은 게임이 되리라 믿는다,점점 게임 이 진화 해 가는것이 보인다 처음 보다는 그래픽 이 훨씬 좋아졌고 없었던 머리 도 생겨나고 잦은 오류 들 도 하나 하나 개선 되 가는것 같다 하지만 물리엔진 오류로 갑자기 길가 에서 상자 가 날 아 간다던지 .. 아님 그걸 플레이어 가 맞고 공중 으로 날아갈 때 가 있다 그런 오류 들 도 하나 하나 수정 해 가면 정말 괜찮은 게임 이 되리라 믿는다,2014-06-01 22:56:58
242760,The Forest,positive,버그가 많긴 한데 원주민 죽일땐 역시 화염병이지 ㅎㅎ,버그 가 많긴 한데 원주민 죽일 땐 역시 화염병 이지 ㅎㅎ,2014-06-01 18:25:28
242760,The Forest,positive,진짜재밌음,진짜 재밌음,2014-06-01 15:24:07
242760,The Forest,positive,솔직히 아직까지는 별로입니다. 물론 아직은 앞서 해보기 단계라서 그런지 로딩창에서 크래쉬가 나거나 여러가지로 오류도 많고 버그도 많습니다. 집짓고 나무 부서지고 하는 모습같은 걸 보면 참 좋긴한데 한번씩 물고기가 공중을 날아다니는 모습을 볼 수 있습니다. 템 복사 버그라던가 게임 도중에 튕긴다던가 게다가 메모리 점유율도 하다보면 치솟습니다. 일단 아직은 앞서 해보기니깐 점차 고쳐나가는 모습을 지켜보면서 하는게 낫겠습니다. 혹시라도 지금 사실 생각이시라면 지금은 사지 마시고 다음에 얼리 액세스 기간이 끝나고나서 사는것도 나쁘진,솔직히 아직 까지는 별로 입니다 . 물론 아직 은 앞서 해보기 단계 라서 그런지 로딩 창 에서 크래쉬 가 나거나 여러가지 로 오류 도 많고 버그 도 많습니다 . 집 짓고 나무 부서지고 하는 모습 같은 걸 보면 참 좋 긴한데 한번 씩 물고기 가 공중 을 날아다니는 모습 을 볼 수 있습니다 . 템 복사 버그 라던가 게임 도중 에 튕 긴다던가 게다가 메모리 점유 율도 하다 보면 치솟습니다 . 일단 아직 은 앞서 해보기니깐 점차 고쳐 나가는 모습 을 지켜보면서 하는게 낫겠습니다 . 혹시 라도 지금 사실 생각 이 시 라면 지금 은 사지 마시고 다음 에 얼리 액세스 기간 이 끝나고나서 사는것도 나쁘진,2014-06-01 14:26:40
242760,The Forest,positive,"버그가 너무 많네요 플레어 아이템 복사되고, 처음 동굴 끌려가서 탈출할때 crouch 후 일어서면 맵에서 이탈...바로 죽네요 전체적으로 난이도가 높은 편이고, 서바이벌 북의 설명이 너무 부족합니다. esc 키 눌렀을때 일시정지 기능이 필요할듯하고 토템 효과가 없는 듯함니다","버그 가 너무 많네요 플레어 아이템 복사 되고 , 처음 동굴 끌려가서 탈출 할 때 crouch 후 일어서면 맵 에서 이탈 ... 바로 죽네요 전체 적 으로 난이도 가 높은 편이 고 , 서바이벌 북 의 설명 이 너무 부족합니다 . esc 키 눌렀을 때 일시 정지 기능 이 필요할 듯 하고 토템 효과 가 없는 듯 함니다",2014-06-01 13:50:13
242760,The Forest,positive,"알파 버젼이라 많은 걸 기대할 수는 없습니다. 다만 게임 출시 전 공포 요소를 끄고 플레이할 수도 있다고 나왔는데, 그게 없어서 불편합니다. 기껏 보금자리 짓고 하룻밤 보내기도 전에 식인종들에게 잡혀가버립니다. 게임 초반엔 여유있게 자리잡고 생존하는 식으로 플레이하고 싶은데, 식인종 출몰이 너무 잦아 뭐 해볼 새도 없습니다.","알파 버젼 이라 많은 걸 기대할 수 는 없습니다 . 다만 게임 출시 전 공포 요소 를 끄고 플레이 할 수도 있다고 나왔는데 , 그게 없어서 불편합니다 . 기껏 보금자리 짓고 하룻밤 보내기도 전 에 식인종 들 에게 잡혀가 버립니다 . 게임 초반 엔 여유 있게 자리 잡고 생존 하는 식 으로 플레이 하고 싶은데 , 식인종 출몰 이 너무 잦아 뭐 해볼 새도 없습니다 .",2014-06-01 13:20:13
242760,The Forest,positive,버그만 고쳐주면 존나 재밌음,버그 만 고쳐주면 존나 재밌음,2014-06-01 12:35:26
242760,The Forest,positive,뭐야..이거.. 무서워...,뭐 야 .. 이 거 .. 무서워 ...,2014-06-01 01:37:07
242760,The Forest,positive,게임 시작시 로딩창에서 페이탈 뜨며 팅..,게임 시 작시 로딩 창 에서 페이 탈 뜨며 팅 ..,2014-06-01 01:02:12
242760,The Forest,positive,와 이건 진짜 재미있네요 ㅋㅋ 하지만 알파라 그런지 버그가 너무 많네요 ;;뭐 난이도도 그런데 난이도가 진짜 하드코어네요 ;;게임시작한지 10분만에 식인종이 덮침..뭐 할라하면 식인종 6명이 ;; 어우 ;;그리고 아이템복사도 되구요 ㅋㅋ도끼 데미지도 상향 시켰으면 하네요 뭐 아무리 쳐도 안죽어 ;; 조명탄? 그걸로는 한방에 죽더만하여튼 빨리 정식버전 나왔으면 하네요 ㅎㅎ 버그 다 고쳐지면 대작삘..,와 이건 진짜 재미있네요 ㅋㅋ 하지만 알파 라 그런지 버그 가 너무 많네요 ;; 뭐 난이도 도 그런데 난이도 가 진짜 하드코어 네 요 ;; 게임 시작 한지 10분 만에 식인종 이 덮 침 .. 뭐 할라 하면 식인종 6 명 이 ;; 어우 ;; 그리고 아이템 복사 도 되구요 ㅋㅋ 도끼 데미지 도 상향 시켰으면 하네요 뭐 아무리 쳐도 안 죽어 ;; 조명탄 ? 그 걸 로는 한 방 에 죽더만 하여튼 빨리 정식 버전 나왔으면 하네요 ㅎㅎ 버그 다 고쳐지면 대작 삘 ..,2014-05-31 23:53:56
242760,The Forest,positive,4명이 만들었고 알파라는걸 알고있으면 버그 등등 문제점들은 아무것도아님,4 명 이 만들었고 알파 라 는걸 알고있으면 버그 등등 문제점 들 은 아무 것 도아 님,2014-05-31 21:27:53
242760,The Forest,positive,확실히 대단합니다.주위 환경부터 시작해서...어떻게 그 엔진으로 만들었는지 그래픽도 괜찮습니다. 맵도 넓고.....원주민들 서식지도 꽤나 대단합니다 모험 심을 자극하고 또한 통로가 단순하지않아요!!!원주민의 통로는 개구멍같은 대도 있고 넓은 통로도있습니다.아이템또한 여러가지입니다. 꽤나 리얼리티해요. 서바이벌하면.....그저 템파밍...먹을것만 찾는것??? 아닙니다!!이 게임에는 꽤나 심리적인 요소가가득합니다. 원주민이 플레이어의 서식지를 찾으면 재빨리 도망쳐서 지원군을 몰고 돌아옵니다. 또한 멀리서 발견해도 무조껀 무뇌충같이 덤벼,확실히 대단합니다 . 주위 환경 부터 시작 해서 ... 어떻게 그 엔진 으로 만들었는지 그래픽 도 괜찮습니다 . 맵 도 넓고 ..... 원주민 들 서식지 도 꽤 나 대단합니다 모험 심 을 자극 하고 또한 통로 가 단순하지 않아요 !!! 원주민 의 통로 는 개 구멍 같은 대도 있고 넓은 통로 도 있습니다 . 아이템 또한 여러가지 입니다 . 꽤 나 리얼리티 해요 . 서바이벌 하면 ..... 그저 템 파밍 ... 먹을것만 찾는것 ??? 아닙니다 !! 이 게임 에는 꽤 나 심리 적 인 요소 가 가득합니다 . 원주민 이 플레이어 의 서식지 를 찾으면 재빨리 도망쳐서 지원 군 을 몰고 돌아옵니다 . 또한 멀리 서 발견 해도 무조 껀 무뇌충 같이 덤벼,2014-05-31 21:14:18
242760,The Forest,positive,we want to multyplay!,we want to multyplay !,2014-05-31 20:40:33
242760,The Forest,positive,빡샌 식인족상대할 자신있으면 잘들해봐.....어려움...,빡샌 식인 족 상대 할 자신있으면 잘 들 해봐 ..... 어려움 ...,2014-05-31 18:48:30
242760,The Forest,positive,"현재 초기 알파버전이라 버그도 많고 구현 안된것들도 많지만 대채적으로 할만합니다 트랩을 만들고 낚시를 하고 사냥도 하고.. 건축물을 만들고,,, 2시간 정도 플레이 해본결과 앞서 해보는 게임 아래 알림 처럼 많은 것들 즐기고 싶다면 나중에 구매하는게 좋을꺼같습니다ㅣ 알림: 앞서 해보기 게임은 개발이 진행됨에 따라 크게 바뀔 수 있습니다. 현재 상태에서 이 게임에 흥미가 생기지 않는다면, 개발이 더 진행될 때까지 기다려보는 것도 좋습니다 (재밌네요)","현재 초기 알파 버전 이라 버그 도 많고 구현 안된것 들도 많지만 대 채 적 으로 할만 합니다 트랩 을 만들고 낚시 를 하고 사냥 도 하고 .. 건축물 을 만들고 ,,, 2시간 정도 플레이 해본 결과 앞서 해보는 게임 아래 알림 처럼 많은 것 들 즐기고 싶다면 나중 에 구매 하는게 좋을꺼 같습니다 ㅣ 알림 : 앞서 해보기 게임 은 개발 이 진행 됨에 따라 크게 바뀔 수 있습니다 . 현재 상태 에서 이 게임 에 흥미 가 생기지 않는다면 , 개발 이 더 진행 될 때 까지 기다려 보는 것 도 좋습니다 ( 재밌네요 )",2014-05-31 18:22:40
242760,The Forest,positive,"초기 알파 단계라 이 정도 버그는 이해가됨 인디인데 불구하고 좋은 그래픽 게임성은 적당한 공포, 긴장감, 조합, 사냥 시스템 추후 코옵,멀티를 봐서는 돈 값은 된다고 생각이듬 원래 이런 게임은 완성까지 시간이 걸리기에 간간히 플레이 하면서 지켜봐주면된다고 생각함 혼자하면 무서움","초기 알파 단계 라 이 정도 버그 는 이해 가 됨 인디 인데 불구 하고 좋은 그래픽 게임 성은 적당한 공포 , 긴장감 , 조합 , 사냥 시스템 추후 코옵 , 멀티 를 봐 서는 돈 값 은 된다고 생각 이듬 원래 이런 게임 은 완성 까지 시간 이 걸리기에 간간히 플레이 하면서 지켜봐주면 된다고 생각 함 혼자 하면 무서움",2014-05-31 17:11:44
242760,The Forest,positive,출시하는 당일날 샀던 게임인데 앞서 해보기도 이정도인데 어떨까 하고 계속 지켜보다가 관심끄고 다시 정식으로 나왔다해서 와보니 띠용? 엔딩이 많네?,출시 하는 당일 날 샀던 게임 인데 앞서 해보기도 이 정도 인데 어떨까 하고 계속 지켜보다가 관심 끄고 다시 정식 으로 나왔 다해 서 와 보니 띠용 ? 엔딩 이 많네 ?,2014-05-31 16:25:23
242760,The Forest,positive,"2014년 06월 17일 / v0.02 딱 v0.01에서 0.01을 + 해줄만한 업데이트였습니다. 얼리억세스라는 것을 감안하면 v0.01 버전에서 저에게 가장 큰 버그는 세이브 버그도 아니고 머리가 없어서 불만인 것도 아니였습니다. 다만, 작은 나무나 덤불을 벤 후 로드를 할때마다 늘어나는 큰 크루터기 버그때문에 끔찍했을뿐이죠. 이 버그는 v0.02에서 완벽하게 고쳐졌습니다. 직접 개발자 트위터까지 찾아가서 대화를 나눠본 것이 큰 작용을 한 것 같습니다. (개발자분들의 열정이 대단하시더군요 ^_^) 하지만 새롭게 생긴 버","2014년 06월 17일 / v 0.02 딱 v 0.01 에서 0.01 을 + 해줄만 한 업데이트 였습니다 . 얼리 억 세 스 라는 것 을 감안 하면 v 0.01 버전 에서 저 에게 가장 큰 버그 는 세이브 버그 도 아니고 머리 가 없어서 불만 인 것 도 아니였습니다 . 다만 , 작은 나무 나 덤불 을 벤 후 로드 를 할 때 마다 늘어나는 큰 크루 터기 버그 때문 에 끔찍했을 뿐이죠 . 이 버그 는 v 0.02 에서 완벽하게 고쳐졌습니다 . 직접 개발자 트위터 까지 찾아가서 대화 를 나눠 본 것 이 큰 작용 을 한 것 같습니다 . ( 개발자 분들 의 열정 이 대단하시더군요 ^_^) 하지만 새롭게 생긴 버",2014-05-31 15:54:20
242760,The Forest,positive,얼리엑세스지만 너무심함ㅋㅋ 첨에는 그냥저냥 재밌겠지 했는데 한 시간하면 이 게임 모든 컨텐츠를 즐길수있음 그러다가 저장이 없다는걸 깨달으면 현자타임와서 꺼버림저장나오기전까지는 그냥 봉인해야겠음 그래도 재미있을꺼라 믿고 기다려야지뭐,얼리 엑세스 지만 너 무심함 ㅋㅋ 첨 에는 그냥 저 냥 재밌겠지 했는데 한 시간 하면 이 게임 모든 컨텐츠 를 즐길수있음 그러다가 저장 이 없다는걸 깨 달으면 현자 타임 와 서 꺼 버림 저장 나오기전까지는 그냥 봉인 해야겠음 그래도 재미있을꺼라 믿고 기다려야지 뭐,2014-05-31 15:37:32
242760,The Forest,positive,생존게임 덕후를 위한 게임입니다 아직 버그가 많기도 하고 얼리엑세스이기도 하지만 확실한건 러스트보단 낫네요.,생존 게임 덕후 를 위 한 게임 입니다 아직 버그 가 많기도 하고 얼리 엑세스 이기도 하지만 확실한건 러스트 보단 낫네요 .,2014-05-31 15:30:27
242760,The Forest,positive,"많은 사람들의 기대를 한 몸에 받고 있는 게임 더포레스트. 처음에 게임을 시작했을때는, 아직 알파버전이라 조금 문제점이 있는것을 한눈에 알아 볼수 있었다. 하지만 이 리뷰를 보고 계신다면 걱정하지 말아라. 그 버그들이 플레이중에 큰 지장이나 영향을 끼치지 않는다. 나는 게임을 시작했을때 식인종을 피해다니면서 집을 짓고 장작을 피우는것에 재미를 느꼈다. 물론 식인종을 만나 개털렸지만. 게임을 시작하고 아무것도 모르는분들 보아라 뛰어다니는 야생동물이나 물고기를 잡을수 있고. B키를 눌러 자신이 만들고 싶은 구조물을 선택할","많은 사람 들 의 기대 를 한 몸 에 받고 있는 게임 더 포레스트 . 처음 에 게임 을 시작 했을 때 는 , 아직 알파 버전 이라 조금 문제점 이 있는것을 한눈 에 알 아 볼수 있었다 . 하지만 이 리뷰 를 보고 계신다면 걱정 하지 말아라 . 그 버그 들 이 플레이 중 에 큰 지장 이나 영향 을 끼치지 않는다 . 나 는 게임 을 시작 했을 때 식인종 을 피해 다니면서 집 을 짓고 장작 을 피우는것에 재미 를 느꼈다 . 물론 식인종 을 만나 개 털렸지만 . 게임 을 시작 하고 아무 것 도 모르는 분 들 보아 라 뛰어다니는 야생동물 이나 물고기 를 잡을수 있고 . B 키 를 눌러 자신 이 만들고 싶은 구 조물 을 선택 할",2014-05-31 14:08:11
242760,The Forest,positive,재밌고 리얼리티하긴한데.... 알파라서 그런지 버그도많고... 세이브를 어따팔아드셧어요...? 그래도 조합시스템은 참신하네요 -2018.11.16+ 비슷한 게임류가 엄청 많습니다. 그래도 그중엔 제일 퀄리티 좋은편인듯.,재밌고 리얼리티 하긴한데 .... 알파 라서 그런지 버그 도 많고 ... 세이브 를 어따 팔 아 드셧 어 요 ...? 그래도 조합 시스템 은 참신하네요 - 2018.11 . 16 + 비슷한 게임 류 가 엄청 많습니다 . 그래도 그 중 엔 제일 퀄리티 좋은 편인듯 .,2014-05-31 13:43:19
242760,The Forest,positive,Good,Good,2014-05-31 11:41:34
242760,The Forest,positive,게임 개 잼있네여 빨리 사세요,게임 개 잼 있네여 빨리 사세요,2014-05-31 11:24:00
242760,The Forest,positive,얼리엑세스인거 치곤 재미는 있다 버그가 너무많고 세이브도 안됨 ㅇps.평가 보통은 없는건가 왜 예 아니오 뿐인데,얼리 엑세스 인거 치곤 재미 는 있다 버그 가 너무 많고 세이브 도 안됨 ㅇ ps . 평가 보통 은 없는 건가 왜 예 아니오 뿐 인데,2014-05-31 11:14:19
242760,The Forest,positive,버그가 많지만 그래도 미래를 생각해서 사볼만한 게임 가격이 높아지기 전에 구매하는걸 권장합니다,버그 가 많지만 그래도 미래 를 생각 해서 사 볼 만 한 게임 가격 이 높아지기 전 에 구매 하 는걸 권장 합니다,2014-05-31 11:03:38
242760,The Forest,positive,지금 얼리얼 엑세스라서 버그가 판치고 여러가지고 문제지만 나중에 정식이 되거나 패치를 하면 대작이 될거라고 예상합니다 엄청나게 강추해요 참고로 얼리얼 엑세스이고 용량도 적은데 이정도면 미래의 충분한 가능성이 있습니다.,지금 얼 리얼 엑세스 라서 버그 가 판 치고 여러가지 고 문제 지만 나중 에 정식 이 되거나 패치 를 하면 대작 이 될거라고 예상 합니다 엄청나게 강 추해요 참고 로 얼 리얼 엑세스 이고 용량 도 적은데 이 정도 면 미래 의 충분한 가능성 이 있습니다 .,2014-05-31 11:01:31
242760,The Forest,positive,"다른게 아니라, 마우스가 자꾸 빙글빙글 돌아서 나도 빙글빙글 돌고 화나서 게임을 지웠다 다시 깔아봐도 빙글 빙글 레이져 데스에더 쓰는데 왜 지혼자 빙글 빙글 ?? 마우스 빼놔도 빙글빙글 ㅋㅋㅋㅋㅋㅋㅋㅋㅋㅋㅋ 나만 이러네","다른 게 아니라 , 마우스 가 자꾸 빙글빙글 돌아서 나도 빙글빙글 돌고 화나서 게임 을 지웠다 다시 깔아 봐도 빙글 빙글 레이져 데스 에 더 쓰는데 왜 지 혼자 빙글 빙글 ?? 마우스 빼놔도 빙글빙글 ㅋㅋㅋㅋㅋㅋㅋㅋㅋㅋㅋ 나 만 이러네",2014-05-31 10:54:19
242760,The Forest,positive,더포레스트 이건 내가 처음부터 지금까지 기대해왔던 게임이다 오늘 출시하였지만 얼리엑세스라 그런지 버그가많고 어색한면도있지만 내가 기대한만큼 나와줘서 후회는없다 그냥존나 재밌다,더 포레스트 이건 내 가 처음 부터 지금 까지 기대 해왔던 게임 이다 오늘 출시 하였지만 얼리 엑세스 라 그런지 버그 가 많고 어색한면도 있지만 내 가 기대한만큼 나와줘서 후회 는 없다 그냥 존나 재밌다,2014-05-31 10:23:51
242760,The Forest,positive,"역시 아직 알파라서 그런지.. 재밌긴한데 뭔가 2% 부족한?. 문제점들을 먼저 설명하자면.. 가끔 물고기들이 공중을 떠다니고..특정 아이템은 복사가 가능하고(버그) 고기를 구워먹을 때 탄 고기가 있으면 그 종류의 고기를 못굽는거랑..(파이어를 새로만들면되긴함) 물 안으로 들어가도 마치 지상에 있는것 처럼 행동하고, 수중 속 그래픽은 구현이 안되있는듯함..또한 음향효과도 약간 부족한 것 같음. 이 게임을 하면.. 사냥과 벌목을 체험 할 수 있고 보트나 집, 바리케이트, 트랩, 캠프파이어 등 약 20 여개 정도의 건물들을","역시 아직 알파 라서 그런지 .. 재밌긴한데 뭔가 2% 부족한 ?. 문제점 들 을 먼저 설명 하자면 .. 가끔 물고기 들 이 공중 을 떠다니고 .. 특정 아이템 은 복사 가 가능하고 ( 버그 ) 고기 를 구워 먹을 때 탄 고기 가 있으면 그 종류 의 고기 를 못 굽는거랑 ..( 파이어 를 새 로만 들 면 되긴 함 ) 물 안 으로 들어가도 마치 지상 에 있는것 처럼 행동 하고 , 수중 속 그래픽 은 구현 이 안되있는듯 함 .. 또한 음향효과 도 약간 부족한 것 같음 . 이 게임 을 하면 .. 사냥 과 벌목 을 체험 할 수 있고 보트 나 집 , 바리 케이트 , 트랩 , 캠프파이어 등 약 20 여개 정도 의 건물 들 을",2014-05-31 09:12:33
242760,The Forest,positive,사람들이 오류가 많다는데 아직까지는 그런게 없음.. 매우 좋음 근데 식인종들 멍청함;,사람 들 이 오류 가 많다는데 아직 까지는 그런게 없음 .. 매우 좋음 근데 식인종 들 멍청함 ;,2014-05-31 08:53:52
242760,The Forest,positive,재밌게 즐겼으면 됐지 뭐 아 참고로 일본서버 가보니깐 정말 참신하게 집을 지었더라. 놀라웠다. 한국서버는 별로 없어서 못들어 갔었고 나는 건축실력은 별로 가지고 있지 않아서 친구랑 같이 바리게이트 형식 요새로 놀았다.,재밌게 즐겼으면 됐지 뭐 아 참고 로 일본 서버 가보 니깐 정말 참신하게 집 을 지었더라 . 놀라웠다 . 한국 서버 는 별로 없어서 못 들어 갔었고 나 는 건축 실력 은 별로 가지 고 있지 않아서 친구 랑 같이 바리 게이트 형식 요새 로 놀았다 .,2014-05-31 04:56:27
242760,The Forest,positive,와씌 동굴 겨우 빠져나와서 겁나 도망친 다음 집지어보려고 했더니 원주민(?) 뒷치기 잼.. 개깜놀... 소리지를뻔ㄷㄷㄷ 도끼로 때리는데 왜케 안죽어...ㅡㅡ..,와씌 동굴 겨우 빠져나와서 겁나 도망친 다음 집지어 보려고 했더니 원주민 (?) 뒷 치기 잼 .. 개 깜놀 ... 소 리지 를 뻔 ㄷㄷㄷ 도끼 로 때리는데 왜케 안 죽어 ... ㅡㅡ ..,2014-05-31 04:29:13
242760,The Forest,positive,줴미쪙,줴미쪙,2014-05-31 03:45:05
242760,The Forest,positive,아직은 할수있는게 너무적고 물고기는 하늘을 날아다니고 고기는 못구워먹고...,아직 은 할수있는게 너 무적 고 물고기 는 하늘 을 날아다니고 고기 는 못 구워 먹고 ...,2014-05-31 03:39:36
242760,The Forest,positive,버그 시발;,버그 시발 ;,2014-05-31 02:40:19
242760,The Forest,positive,this is 노가다,this is 노가다,2021-01-17 01:02:26
242760,The Forest,positive,정통 생존게임의 정석,정통 생존 게임 의 정석,2021-01-16 22:06:13
242760,The Forest,positive,"식인종 처음 썰때는 같은 사람끼리 이래도 되나 싶은데, 내집 부수러 오는거 보면 눈깔 뒤집힘","식인종 처음 썰 때 는 같은 사람 끼리 이래도 되나 싶은데 , 내 집 부수러 오는거 보면 눈 깔 뒤집 힘",2021-01-16 19:56:15
242760,The Forest,positive,gf,gf,2021-01-17 22:08:49
242760,The Forest,positive,dasdad,dasdad,2021-01-17 21:20:09
242760,The Forest,positive,사서 딱 2시간만 해보고 다시와요 그러면 환불을 못합니다.,사서 딱 2시간 만 해보고 다시 와 요 그러면 환불 을 못 합니다 .,2021-01-17 21:13:27
242760,The Forest,positive,아들램 미안하다 너 찾는거 무시까고 좀비들로 배 채우고 집만 오지게 만들다가 너 찾으러 갔었다 미안타 아들. 근데 아들 너 좀.. 포동포동하다? 집에 음식이 다 떨어졌는데.,아들 램 미안하다 너 찾는거 무시 까고 좀비 들 로 배 채우고 집 만 오지 게 만들다가 너 찾으러 갔었다 미안 타 아들 . 근데 아들 너 좀 .. 포동포동하다 ? 집 에 음식 이 다 떨어졌는데 .,2021-01-17 20:15:49
242760,The Forest,positive,여러명이서 플레이하기 재미있다. 수틀리면 물에 뛰어들면 다 해결되서 컨존못이여도 하기좋아서 더 좋음.,여러 명 이 서 플레이 하기 재미있다 . 수틀 리 면 물 에 뛰어들면 다 해결 되서 컨 존못이여도 하기 좋아서 더 좋음 .,2021-01-17 19:24:48
242760,The Forest,positive,재밋음,재밋음,2021-01-17 18:43:50
242760,The Forest,positive,진짜 ㅈㄴ재밌네 같이하면 ㅈㄴ 그냥 재밌음 특히 유병재 닮은사람이 제일 꿀잼 ㅋ,진짜 ㅈㄴ 재밌네 같이 하면 ㅈㄴ 그냥 재밌음 특히 유병재 닮은 사람 이 제일 꿀잼 ㅋ,2021-01-17 17:41:31
242760,The Forest,positive,진짜 게임연출 ㄹㅈㄷ... 빨리 선즈오브 더포레스트 출시좀,진짜 게임 연출 ㄹㅈㄷ ... 빨리 선 즈 오브 더 포레스트 출시 좀,2021-01-17 09:38:36
242760,The Forest,positive,줫나무섭네요,줫 나 무섭네요,2021-01-20 00:42:55
242760,The Forest,positive,"그냥 나는 존잼임, 파밍할 친구가 없다는건 서럽지만 어쩔,. 빨리 선즈 오브 더 포레스트 나오길 바람 기다리고 있다규!!!!!!!!!!!!!!!!!!!","그냥 나 는 존잼임 , 파밍 할 친구 가 없다는건 서럽지만 어쩔 ,. 빨리 선 즈 오브 더 포레스트 나오길 바람 기다리고 있다 규 !!!!!!!!!!!!!!!!!!!",2021-01-19 21:15:02
242760,The Forest,positive,일단 처음 싱글 플레이하시면 어우 놀래라 사발 딱 이런다음 야무지게 도끼로 뚝배기 치시고 토막을 내시고 맛나게 드시면 됩니다ㅎㅎ 이 게임 완전 재밌어요 제가 와우와우 이러고 놀면 애들 팀킬하기 좋스빈다 ^^b,일단 처음 싱글 플레이 하시면 어우 놀래라 사발 딱 이런 다음 야무지게 도끼 로 뚝배기 치시고 토막 을 내시 고 맛 나게 드시면 됩니다 ㅎㅎ 이 게임 완전 재밌어요 제 가 와우 와우 이러고 놀면 애 들 팀킬 하기 좋스빈다 ^^ b,2021-01-19 10:34:25
242760,The Forest,positive,공포겜 아니라매 시12발련들아,공포 겜 아니라 매 시 12 발련들 아,2021-01-19 08:44:31
242760,The Forest,positive,오늘은 뭐 먹을까~? 다리? 팔?,오늘 은 뭐 먹을까 ~? 다리 ? 팔 ?,2021-01-19 00:06:54
242760,The Forest,positive,"혼자하면 힘들고 무서움, 공략이나 알아보면서 하는게 아니면 스토리 진전이 불가능한 수준 하지만 여럿이 하면 개꿀잼 ㅋㅋㄹㅃㅃ 친구 많으면 해보는거 추천","혼자 하면 힘들고 무서움 , 공략 이나 알아보면서 하는게 아니면 스토리 진전 이 불가능한 수준 하지만 여럿 이 하면 개꿀잼 ㅋㅋㄹㅃㅃ 친구 많으면 해보는거 추천",2021-01-18 23:04:59
242760,The Forest,positive,친구랑 장시간으로 하기 딱 좋은게임 친구 없으면 안하는걸 추천 나중가면 식인종을 식인하는 우리를 볼수있음,친구 랑 장시간 으로 하기 딱 좋은 게임 친구 없으면 안 하는 걸 추천 나중 가면 식인종 을 식인 하는 우리 를 볼수있음,2021-01-18 22:53:11
242760,The Forest,positive,아빠.... 언제 와...? 여기 너무 추워....,아빠 .... 언제 와 ...? 여기 너무 추워 ....,2021-01-18 17:53:34
242760,The Forest,positive,나쁘지 않아요,나쁘지 않아요,2021-01-18 17:42:49
242760,The Forest,positive,"목표 뚜렸한 몇 안되는 생존게임, 스토리가 매우 감동적이다.","목표 뚜렸 한 몇 안되는 생존 게임 , 스토리 가 매우 감동 적 이다 .",2021-01-21 01:29:55
242760,The Forest,positive,가께미야,가께 미야,2021-01-20 23:01:16
242760,The Forest,positive,good,good,2021-01-20 21:51:41
242760,The Forest,positive,그럭저럭,그럭저럭,2021-01-21 21:41:12
242760,The Forest,positive,모드가 없었더라면 하루만에 끝을 볼 수 있는게임 엔딩보고 너무 할게 없음...,모드 가 없었더라면 하루 만에 끝 을 볼 수 있는 게임 엔딩 보고 너무 할게 없음 ...,2021-01-21 20:37:04
242760,The Forest,positive,넘 재밋슴,넘 재밋슴,2021-01-21 18:38:43
242760,The Forest,positive,great,great,2021-01-22 07:55:16
242760,The Forest,positive,The best,The best,2021-01-22 03:54:03
242760,The Forest,positive,낫 베드 꿀잼!!,낫 베드 꿀잼 !!,2021-01-22 18:07:04
242760,The Forest,positive,ㅈㄴ ㅈㅁㅅ,ㅈㄴ ㅈㅁㅅ,2021-01-23 20:43:35
242760,The Forest,positive,아들:아빠 언제와.... 아빠(식인종):난 너 같은 약한아들 둔 적 없다.,아들 : 아빠 언제 와 .... 아빠 ( 식인종 ): 난 너 같은 약 한 아들 둔 적 없다 .,2021-01-23 15:33:21
242760,The Forest,positive,카타나를 찾기 전: 개무서운 공포겜 카타나를 찾은 후: 식인종 ^^|발 어디있어,카타나 를 찾기 전 : 개 무서운 공포 겜 카타나 를 찾은 후 : 식인종 ^^| 발 어디 있어,2021-01-23 14:50:33
242760,The Forest,positive,친구랑 같이 하면 존잼,친구 랑 같이 하면 존잼,2021-01-23 14:47:35
242760,The Forest,positive,진짜 강추 돈 하나도 안아까움,진짜 강추 돈 하나 도 안아까 움,2021-01-23 13:13:38
