app_id,app_name,sentiment,review_original,review_tokenized,timestamp
508440,Totally Accurate Battle Simulator,positive,너무좋은 게임이에요 캠페인과 케릭터 디자인 그리고 다양한 캐릭터들 까지 정말 잘즐기고 있어요,너무 좋은 게임 이에요 캠페인 과 케릭 터 디자인 그리고 다양한 캐릭터 들 까지 정말 잘 즐기고 있어요,2021-01-17 20:41:18
508440,Totally Accurate Battle Simulator,positive,good b,good b,2021-01-17 18:49:13
508440,Totally Accurate Battle Simulator,positive,스트레스 해소용 게임. 추천합니다. 가진방법으로 상대를 농락하며 웃으세요!,스트레스 해 소용 게임 . 추천 합니다 . 가진 방법 으로 상대 를 농락 하며 웃으세요 !,2021-01-17 18:46:10
508440,Totally Accurate Battle Simulator,positive,걍 꿀잼,걍 꿀잼,2021-01-17 17:20:20
508440,Totally Accurate Battle Simulator,positive,얋!,얋 !,2021-01-17 14:50:57
508440,Totally Accurate Battle Simulator,positive,개판싸움,개판 싸움,2021-01-17 12:46:29
508440,Totally Accurate Battle Simulator,positive,진짜 병맛인데 개 꿀잼,진짜 병맛 인데 개 꿀잼,2021-01-17 12:19:23
508440,Totally Accurate Battle Simulator,positive,ㅋㅋㅋㅋㅋㅋㅋㅋㅋㅋㅋㅋ 네 신선하고 재밌네요,ㅋㅋㅋㅋㅋㅋㅋㅋㅋㅋㅋㅋ 네 신선하고 재밌네요,2021-01-17 09:05:41
508440,Totally Accurate Battle Simulator,positive,"뭐 그나마 유닛크리에이터 있어서 버틸만한 겜,그래도 여전히 나중엔 지루하긴 함. 그래도 한번 해볼만 함.","뭐 그나마 유닛 크리에이터 있어서 버틸만 한 겜 , 그래도 여전히 나중 엔 지루하긴 함 . 그래도 한번 해볼만 함 .",2021-01-16 23:59:14
508440,Totally Accurate Battle Simulator,positive,재밌다아아ㅏ아앙아아아아아아아아아아아아아아아아아ㅏ아아아아아아아아아아아ㅏ아아아앙ㅇㅇㅇㅇㅇㅇㅇㅇㅇㅇㅇㅇㅇㅇㅇㅇㅇㅇㅇㅇㅇ아아아아아아아아아아ㅏㅇ아아아아아아아아아아아아아아아아아아아아아ㅏㅇ아ㅏㅇ아아아아아아아아아ㅏ아아앙 벤트쇼 보자,재밌다아아 ㅏ 아 앙 아아 아아 아아 아아 아아 아아 아아 아아 아 ㅏ 아아 아아 아아 아아 아아 아 ㅏ 아아 아앙 ㅇㅇㅇㅇㅇㅇㅇㅇㅇㅇㅇㅇㅇㅇㅇㅇㅇㅇㅇㅇㅇ 아아 아아 아아 아아 아아 ㅏㅇ 아아 아아 아아 아아 아아 아아 아아 아아 아아 아아 아 ㅏㅇ 아 ㅏㅇ 아아 아아 아아 아아 아 ㅏ 아아 앙 벤트 쇼 보자,2021-01-16 22:31:23
508440,Totally Accurate Battle Simulator,positive,존잼이넹,존잼이넹,2021-01-16 22:25:45
508440,Totally Accurate Battle Simulator,positive,good,good,2021-01-16 21:25:24
508440,Totally Accurate Battle Simulator,positive,유닛을 찾는 재미가 있고 병맛그리고 전쟁을 좋아한다면 살 가치는 있음.,유닛 을 찾는 재미 가 있고 병맛 그리고 전쟁 을 좋아한다면 살 가치 는 있음 .,2021-01-15 23:27:09
508440,Totally Accurate Battle Simulator,positive,d,d,2021-01-15 21:01:02
508440,Totally Accurate Battle Simulator,positive,요즘 사이버 펑크도 망하고 게임출시도 계속 지연하고 밖은 못나가는 이 시기에 할거 없을때 하면 진짜 질리지 않는게임 업데이트다 꾸준히하고 게다가 워크샵 같은것도 생겨서 원래도 재미 있었는데 2배로 더 재미있어짐.,요즘 사이버 펑크 도 망하고 게임 출시 도 계속 지연 하고 밖 은 못 나가는 이 시기 에 할거 없을 때 하면 진짜 질리 지 않는 게임 업데이트 다 꾸준히하고 게다가 워크샵 같은것도 생겨서 원래 도 재미 있었는데 2 배 로 더 재미있어 짐 .,2021-01-15 19:53:31
508440,Totally Accurate Battle Simulator,positive,일단 진입 난이도 자체가 어렵지 않아서 좋습니다. 쉬운거랑 별개로 전술적으로 고려할 부분도 있고 커스텀 기능도 있고 해서 쉽게 질리지 않는 점이 좋습니다. 재밌어요!,일단 진입 난이도 자체 가 어렵지 않아서 좋습니다 . 쉬운거랑 별개 로 전술 적 으로 고려 할 부분 도 있고 커 스텀 기능 도 있고 해서 쉽게 질리 지 않는 점 이 좋습니다 . 재밌어요 !,2021-01-15 13:31:40
508440,Totally Accurate Battle Simulator,positive,ㅇ,ㅇ,2021-01-15 13:10:55
508440,Totally Accurate Battle Simulator,positive,^,^,2021-01-14 13:53:45
508440,Totally Accurate Battle Simulator,positive,ss,ss,2021-01-14 10:58:23
508440,Totally Accurate Battle Simulator,positive,재미있음,재미있음,2021-01-13 22:43:18
508440,Totally Accurate Battle Simulator,positive,개꿀잼,개꿀잼,2021-01-13 10:08:40
508440,Totally Accurate Battle Simulator,positive,재밌ㄷr,재밌 ㄷ r,2021-01-13 10:03:55
508440,Totally Accurate Battle Simulator,positive,super fun,super fun,2021-01-12 16:05:34
508440,Totally Accurate Battle Simulator,positive,내가 왜 이걸 이렇게까지 오래했지,내 가 왜 이 걸 이렇게 까지 오래 했지,2021-01-11 19:14:44
508440,Totally Accurate Battle Simulator,positive,음 게임특성상 엄청오래 할수는 없지만 뇌빼고 하기는 좋네요 오래안해봐서 모르겠네요. 일단 더하고볼게요,음 게임 특성 상 엄청 오래 할수는 없지만 뇌 빼고 하기는 좋네요 오래 안 해봐서 모르겠네요 . 일단 더하고 볼게요,2021-01-11 18:02:08
508440,Totally Accurate Battle Simulator,positive,"15,500원 값 하네요","15,500원 값 하네요",2021-01-11 13:33:06
508440,Totally Accurate Battle Simulator,positive,wow,wow,2021-01-11 12:42:31
508440,Totally Accurate Battle Simulator,positive,설치가 금방 안되여 설치하지 마세요.,설치 가 금방 안되여 설치 하지 마세요 .,2021-01-11 08:52:44
508440,Totally Accurate Battle Simulator,positive,굿 게임 제미있구요 후회 안합니다,굿 게임 제 미있구요 후회 안 합니다,2021-01-10 21:01:46
508440,Totally Accurate Battle Simulator,positive,선물받았지만 정말 갓겜 내돈주고 사도 아깝지 않을듯,선물 받았지만 정말 갓 겜 내 돈 주고 사도 아깝지 않을듯,2021-01-10 20:05:18
508440,Totally Accurate Battle Simulator,positive,갓겜 인데 그래서 UC 언제 내냐고,갓 겜 인데 그래서 UC 언제 내냐고,2021-01-10 12:37:57
508440,Totally Accurate Battle Simulator,positive,유닛들 음성이 다살렸다. 뮤슈! 히 ~ 아아ㅏㅏㄹ!!!,유닛 들 음성 이 다 살렸다 . 뮤슈 ! 히 ~ 아아 ㅏㅏㄹ !!!,2021-01-08 18:18:24
508440,Totally Accurate Battle Simulator,positive,베타때 해보고 마음에 들었는데 몇년씩 기다린 보람이 있다 그런데 치킨치킨맨이랑 트럼프형 어디갔엉,베타 때 해보고 마음 에 들었는데 몇 년 씩 기다린 보람 이 있다 그런데 치킨 치킨 맨 이랑 트럼프 형 어디 갔 엉,2021-01-08 00:00:06
508440,Totally Accurate Battle Simulator,positive,"네...,..................................................................................................................................................................커스텀모드가실행완도ㅣ는것빼면다좋네요..................................................................................................................","네 ...,.................................................................................................................................................................. 커 스텀 모드 가 실행 완도 ㅣ 는것 빼면다 좋네요 ..................................................................................................................",2021-01-07 19:47:03
508440,Totally Accurate Battle Simulator,positive,j,j,2021-01-07 18:45:14
508440,Totally Accurate Battle Simulator,positive,.,.,2021-01-06 10:57:17
508440,Totally Accurate Battle Simulator,positive,높은 평가를 주고 싶습니다. 전 개인적으로 커스텀이 재일 재미있어요,높은 평가 를 주고 싶습니다 . 전 개인 적 으로 커 스텀 이 재일 재미있어요,2021-01-05 13:51:39
508440,Totally Accurate Battle Simulator,positive,댕꿀잼임 요즘 유닛 제작에 빠져사는중,댕꿀잼임 요즘 유닛 제작 에 빠져 사는 중,2021-01-05 11:49:25
508440,Totally Accurate Battle Simulator,positive,엄청난 업데이트. 차후 발전 가능서이 매우 높다.,엄청난 업데이트 . 차후 발전 가능 서 이 매우 높다 .,2021-01-04 22:06:01
508440,Totally Accurate Battle Simulator,positive,이거 완전 초딩들이 좋아할게임 병맛이랑 고자(?)좋아하면 꼭 해야할 게임임 ㄹㅇㅋㅋ,이 거 완전 초딩 들 이 좋아할 게임 병맛 이랑 고자 (?) 좋아하면 꼭 해야 할 게임 임 ㄹㅇㅋㅋ,2021-01-01 09:51:04
508440,Totally Accurate Battle Simulator,positive,정말 병병맛!! 대규모 전쟁을 하고싶으면 하세요!,정말 병 병맛 !! 대규모 전쟁 을 하고싶으면 하세요 !,2020-12-31 18:43:59
508440,Totally Accurate Battle Simulator,positive,괜찮은데,괜찮은데,2020-12-31 14:30:09
508440,Totally Accurate Battle Simulator,positive,재미있음 약간의 병맛이 있는데 디테일이 좋음 찰지기도? 함,재미있음 약간 의 병맛 이 있는데 디테 일이 좋음 찰지 기도 ? 함,2020-12-30 16:32:06
508440,Totally Accurate Battle Simulator,positive,좀 지루하긴한데 재미는 있음,좀 지루하긴한데 재미 는 있음,2020-12-30 09:50:04
508440,Totally Accurate Battle Simulator,positive,꿀잼이넹^^,꿀잼이넹 ^^,2020-12-29 18:21:11
508440,Totally Accurate Battle Simulator,positive,재마음데로,재 마음 데 로,2020-12-29 09:27:31
508440,Totally Accurate Battle Simulator,positive,현실적이고 지루하지 않아요!,현실 적 이고 지루하지 않아요 !,2020-12-29 09:27:25
508440,Totally Accurate Battle Simulator,positive,아무생각 없이 하기 좋다. + 생각보다 어렵다.,아무 생각 없이 하기 좋다 . + 생각 보다 어렵다 .,2020-12-29 03:18:28
508440,Totally Accurate Battle Simulator,positive,내가 직접 유닛을 조종하며 상대를 농락하는 재미가 쏠쏠,내 가 직접 유닛 을 조종 하며 상대 를 농락 하는 재미 가 쏠쏠,2020-12-29 03:13:23
508440,Totally Accurate Battle Simulator,positive,dlddldlddldldldddldldd꿀젬,dlddldlddldldldddldldd 꿀젬,2020-12-28 23:27:20
508440,Totally Accurate Battle Simulator,positive,너무재미있어요,너무 재미있어요,2020-12-28 18:45:55
508440,Totally Accurate Battle Simulator,positive,재미없다고 생각하시는 분들도 있겠지만 생각보다 매우 재미있습니다. 굿굿,재미없다고 생각 하시는 분 들 도 있겠지만 생각 보다 매우 재미있습니다 . 굿굿,2020-12-28 07:49:25
508440,Totally Accurate Battle Simulator,positive,게임이 재미있고 질리지가않아요 유닛만들기 기능도 좋고 맵도 다양해요 스테이지 깰때는 어렵지만 클리어 하면 뿌듯해요 버그가 많지만 이게임은 버그 나름대로 재미있어요 버그가 이게임의 매력이예요 저는 이게임에 별을 5개줍니다,게임 이 재미있고 질리지가 않아요 유닛 만들기 기능 도 좋고 맵 도 다양해요 스테이지 깰 때 는 어렵지만 클리어 하면 뿌듯해요 버그 가 많지만 이 게임 은 버그 나름 대로 재미있어요 버그 가 이 게임 의 매력 이 예요 저 는 이 게임 에 별 을 5 개 줍니다,2020-12-27 20:25:35
508440,Totally Accurate Battle Simulator,positive,꾸르잼,꾸르잼,2020-12-27 17:31:10
508440,Totally Accurate Battle Simulator,positive,이름이 날 이끌었다 이건 갓겜이다 꼭해봐라,이름 이 날 이끌었다 이건 갓 겜 이다 꼭 해봐라,2020-12-27 17:12:44
508440,Totally Accurate Battle Simulator,positive,재밌네 ㄹㅇ 이 게임에선 버그도 게임의 일부라서 재밌다 그리고 진짜 상황 예측을 할 수 없는 전투 ㅋㅋㅋㅋㅋㅋㅋ,재밌네 ㄹㅇ 이 게임 에선 버그 도 게임 의 일부 라서 재밌다 그리고 진짜 상황 예측 을 할 수 없는 전투 ㅋㅋㅋㅋㅋㅋㅋ,2020-12-27 15:50:21
508440,Totally Accurate Battle Simulator,positive,증말 시발 존나 재밌음니다,증말 시발 존나 재밌음 니 다,2020-12-27 13:55:20
508440,Totally Accurate Battle Simulator,positive,good,good,2020-12-26 20:28:07
508440,Totally Accurate Battle Simulator,positive,good game,good game,2020-12-26 17:41:30
508440,Totally Accurate Battle Simulator,positive,개꿀잼,개꿀잼,2020-12-26 13:21:15
508440,Totally Accurate Battle Simulator,positive,VV,VV,2020-12-26 11:59:03
508440,Totally Accurate Battle Simulator,positive,15시간정도는 죽치고 할 수 있는게임,15시간 정도는 죽 치고 할 수 있는 게임,2020-12-26 04:40:20
508440,Totally Accurate Battle Simulator,positive,한국어 지원점,한국어 지 원점,2020-12-25 20:59:07
508440,Totally Accurate Battle Simulator,positive,재미,재미,2020-12-25 20:39:36
508440,Totally Accurate Battle Simulator,positive,FASD,FASD,2020-12-25 17:51:20
508440,Totally Accurate Battle Simulator,positive,fff,fff,2020-12-25 10:46:40
508440,Totally Accurate Battle Simulator,positive,개꿀잼,개꿀잼,2020-12-25 04:31:21
508440,Totally Accurate Battle Simulator,positive,개재밋음,개재 밋음,2020-12-24 23:18:48
508440,Totally Accurate Battle Simulator,positive,짧게 하기 좋은 게임,짧게 하기 좋은 게임,2020-12-24 19:08:49
508440,Totally Accurate Battle Simulator,positive,꿀잼 유닛을 만들생각을 하다닝 대단한 갓겜!,꿀잼 유닛 을 만들 생각 을 하다닝 대단한 갓 겜 !,2020-12-24 14:44:29
508440,Totally Accurate Battle Simulator,positive,goooooood,goooooood,2020-12-23 19:45:12
508440,Totally Accurate Battle Simulator,positive,wdsa,wdsa,2020-12-23 18:20:42
508440,Totally Accurate Battle Simulator,positive,정신 나갈것같애,정신 나갈것 같 애,2020-12-23 17:21:13
508440,Totally Accurate Battle Simulator,positive,ㅅㅂ 태권도 무조건 써라 한국인이면 진짜 가슴 웅장해진다,ㅅㅂ 태권도 무조건 써라 한국인 이면 진짜 가슴 웅장 해진다,2020-12-23 14:04:45
508440,Totally Accurate Battle Simulator,positive,3,3,2020-12-22 23:33:13
508440,Totally Accurate Battle Simulator,positive,이거 겁나재밌당,이 거 겁나 재밌당,2020-12-22 15:17:03
508440,Totally Accurate Battle Simulator,positive,강추,강추,2020-12-22 14:52:54
508440,Totally Accurate Battle Simulator,positive,가끔 심심할때 샌드박스로 싸움 붙이면 재밌음ㅎㅎ,가끔 심심할 때 샌드박스 로 싸움 붙이 면 재밌음 ㅎㅎ,2020-12-22 11:44:49
508440,Totally Accurate Battle Simulator,positive,유닛 커스텀 나오고 27시간 더함 ㅋㅋ,유닛 커 스텀 나오고 27시간 더함 ㅋㅋ,2020-12-22 10:47:02
508440,Totally Accurate Battle Simulator,positive,이 게임 추천합니다 캐릭터를 조종 할수도 있고 비밀 유닛 찿는 재미도 있어서 추천할게요,이 게임 추천 합니다 캐릭터 를 조종 할수도 있고 비밀 유닛 찿는 재미 도 있어서 추천 할게요,2020-12-21 15:59:54
508440,Totally Accurate Battle Simulator,positive,정말 모드도 있고 할 것이 많은 것 같습니다,정말 모드 도 있고 할 것 이 많은 것 같습니다,2020-12-21 13:28:11
508440,Totally Accurate Battle Simulator,positive,simple but detailed,simple but detailed,2020-12-20 22:23:05
508440,Totally Accurate Battle Simulator,positive,xvz,xvz,2020-12-20 17:12:42
508440,Totally Accurate Battle Simulator,positive,멀티를 요구합니다!,멀티 를 요구 합니다 !,2020-12-19 13:19:57
508440,Totally Accurate Battle Simulator,positive,어머나 신선하고 심심할떄 보는재미와 현란한 전투씬 ㅋㅋㅋㅋㅋㅋ 코믹전쟁이다 그냥 심심할떄 가끔씩들어와주면 재미진다,어머나 신선하고 심심할 떄 보는 재미 와 현란한 전투씬 ㅋㅋㅋㅋㅋㅋ 코믹 전쟁 이다 그냥 심심할 떄 가끔 씩 들어와주면 재미 진다,2020-12-19 03:29:40
508440,Totally Accurate Battle Simulator,positive,WOWOWOOWOWOWOWOWOWOW,WOWOWOOWOWOWOWOWOWOW,2020-12-18 21:24:37
508440,Totally Accurate Battle Simulator,positive,드디어 유닛 크리에이터 기능을 사용해 볼 수 있겠군,드디어 유닛 크리에이터 기능 을 사용 해 볼 수 있겠군,2020-12-18 20:43:26
508440,Totally Accurate Battle Simulator,positive,재미있다.,재미있다 .,2020-12-18 15:31:02
508440,Totally Accurate Battle Simulator,positive,good,good,2020-12-18 10:22:01
508440,Totally Accurate Battle Simulator,positive,이게임 와전 꿀잼 역시 유튜브애 나올 만한게이 네요 유튜브에 나왓지만,이 게임 와전 꿀잼 역시 유튜브 애 나올 만 한 게이 네요 유튜브 에 나왓 지만,2020-12-18 09:16:34
508440,Totally Accurate Battle Simulator,positive,신규 캐릭도 만들고 업데이트도 많이해서 재밌어요,신규 캐릭 도 만들고 업데이트 도 많이 해 서 재밌어요,2020-12-17 14:16:02
508440,Totally Accurate Battle Simulator,positive,갓겜,갓 겜,2020-12-17 12:54:08
508440,Totally Accurate Battle Simulator,positive,역사 고증을 포기하고 웃기긴한다,역사 고증 을 포기 하고 웃기긴 한다,2020-12-16 13:56:06
508440,Totally Accurate Battle Simulator,positive,지랄나는 캐릭터들 개많아서 조타,지랄 나 는 캐릭터 들 개 많아서 조 타,2020-12-13 17:18:45
508440,Totally Accurate Battle Simulator,positive,그냥 하세요!! 갓 시뮬 fps 게임!!!!!!!,그냥 하세요 !! 갓 시뮬 fps 게임 !!!!!!!,2020-12-12 18:40:16
508440,Totally Accurate Battle Simulator,positive,.,.,2020-12-12 17:40:35
508440,Totally Accurate Battle Simulator,positive,재밌음,재밌음,2020-12-12 15:21:18
508440,Totally Accurate Battle Simulator,positive,제발 쳐 넘어지지 좀 마라,제발 쳐 넘어지지 좀 마라,2020-12-12 12:20:59
508440,Totally Accurate Battle Simulator,positive,너무 너무 재밌어요♥,너무 너무 재밌어요 ♥,2020-12-12 01:04:08
508440,Totally Accurate Battle Simulator,positive,good,good,2020-12-11 14:42:07
508440,Totally Accurate Battle Simulator,positive,너무 재밌어요 강추 근데 갑자기 게임이 안들어가지는데 뭐지?,너무 재밌어요 강추 근데 갑자기 게임 이 안 들어가지는데 뭐 지 ?,2020-12-11 00:55:23
508440,Totally Accurate Battle Simulator,positive,Good,Good,2020-12-10 15:17:53
508440,Totally Accurate Battle Simulator,positive,진짜 업데이트 엄청 많이하는게 좋음 유닛커스텀으로 몇시간 때웠다,진짜 업데이트 엄청 많이하는게 좋음 유닛 커 스텀 으로 몇 시간 때웠다,2020-12-10 11:06:12
508440,Totally Accurate Battle Simulator,positive,게임이란 것을 해본지 몇년만에 침착맨 유튜브 영상으로 접하고는 너무 해보고 싶었다. 내가 매료된 포인트는 같은 배치로 실행해도 물리 자유도로 인해 랜덤한 결과가 나오는 것과 눈알붙인 인형같은 캐릭터와 지형을 아기자기하고 재밌게 표현한 그래픽이다. 미션을 수행하는 것만 아니라 이런저런 자유로운 실험을 해보고 작은 세계에서 모험을 즐기는 기분이 들어 아주 만족스럽다.,게임 이란 것 을 해본지 몇 년 만에 침착 맨 유튜브 영상 으로 접 하고는 너무 해보고 싶었다 . 내 가 매료 된 포인트 는 같은 배치 로 실행 해도 물리 자유도 로 인해 랜덤 한 결과 가 나오는 것 과 눈알 붙인 인형 같은 캐릭터 와 지형 을 아기자기하고 재밌게 표현 한 그래픽 이다 . 미션 을 수행 하는 것 만 아니라 이런저런 자유로운 실험 을 해보고 작은 세계 에서 모험 을 즐기는 기분 이 들어 아주 만족스럽다 .,2020-12-10 04:51:27
508440,Totally Accurate Battle Simulator,positive,"This game is pretty cool, but why cant I control the weapon size? And one of the making options that makes for character spread bomb,I'm gonna need you to spray another projectile.","This game is pretty cool , but why cant I control the weapon size ? And one of the making options that makes for character spread bomb , I ' m gonna need you to spray another projectile .",2020-12-09 11:39:07
508440,Totally Accurate Battle Simulator,positive,이것은 우리에게 반드시 필요한 무언가다,이 것 은 우리 에게 반드시 필요한 무언가 다,2020-12-09 10:46:44
508440,Totally Accurate Battle Simulator,positive,꾸준한 맵과 히든 유닛 업데이트 심지어 유닛 커스텀까지 나오며 할수있는것이 한순간에 많아졌다 갓겜 ㅋㅋㅋ,꾸준한 맵 과 히든 유닛 업데이트 심지어 유닛 커 스텀 까지 나오며 할수있는것이 한순간 에 많아졌다 갓 겜 ㅋㅋㅋ,2020-12-09 02:29:21
508440,Totally Accurate Battle Simulator,positive,재밌네?,재밌네 ?,2020-12-08 19:00:17
508440,Totally Accurate Battle Simulator,positive,rer,rer,2020-12-08 13:45:08
508440,Totally Accurate Battle Simulator,positive,good,good,2020-12-08 09:05:31
508440,Totally Accurate Battle Simulator,positive,유닛 크리에이터 개꿀잼,유닛 크리에이터 개꿀잼,2020-12-08 08:27:51
508440,Totally Accurate Battle Simulator,positive,재미는 있으나 금방 할게 없어짐,재미 는 있으나 금방 할게 없어짐,2020-12-07 22:04:48
508440,Totally Accurate Battle Simulator,positive,"정말 예전부터 어설픈 영어로 제작진에게 메일을 보내가며 꾸준한 애정을 보내왔던 게임인데, 과거에 안주하지 않고 갈수록 다양하고 긍정적인 업데이트를 하고 있어 정말이지 다행이라고 생각되는 게임입니다. 심지어 아직도 얼리엑세스 상태로 정식 발매된 건 아니지만 그럼에도 불구하고 꽤나 큰 볼륨과 많은 컨텐츠가 있습니다 앞으로가 더욱 기대되는 게임이자, 개발사로써 단순하지만 재미있는 물리엔진과 캐릭터로 더욱 흥했으면 좋겠네요 :)","정말 예전 부터 어설픈 영어 로 제 작 진 에게 메일 을 보내가며 꾸준한 애정 을 보내왔던 게임 인데 , 과거 에 안주 하지 않고 갈수록 다양하고 긍정 적 인 업데이트 를 하고 있어 정말 이지 다행 이라고 생각 되는 게임 입니다 . 심지어 아직도 얼리 엑세스 상태 로 정식 발매 된 건 아니지만 그럼에도 불구 하고 꽤 나 큰 볼륨 과 많은 컨텐츠 가 있습니다 앞 으로가 더욱 기대 되는 게임 이자 , 개발 사 로써 단순하지만 재미있는 물리엔진 과 캐릭터 로 더욱 흥 했으면 좋겠네요 :)",2020-12-07 04:40:00
508440,Totally Accurate Battle Simulator,positive,인.생.게.임. 추천합니다:),인 . 생 . 게 . 임 . 추천 합니다 :),2020-12-06 11:05:38
508440,Totally Accurate Battle Simulator,positive,찐따 쌈붙이는 일진 해보는 게임,찐 따 쌈 붙이는 일진 해보는 게임,2020-12-05 18:57:00
508440,Totally Accurate Battle Simulator,positive,fdfd,fdfd,2020-12-05 17:26:49
508440,Totally Accurate Battle Simulator,positive,병맛 그 자체,병맛 그 자체,2020-12-05 13:39:45
508440,Totally Accurate Battle Simulator,positive,베타를 하면 유닛까지 만들수있어서 아주 좋음,베타 를 하면 유닛 까지 만들수있어서 아주 좋음,2020-12-05 10:15:02
508440,Totally Accurate Battle Simulator,positive,재미 있고 좋지만 근방 질려요 하지만 그만큼 값어치 를 하고 베타 하는맛이 나서 복귀 합니다^^ 재밌어요 그만한 값어치를 하니 한번 해보세요,재미 있고 좋지만 근방 질려요 하지만 그만큼 값어치 를 하고 베타 하는 맛 이 나서 복귀 합니다 ^^ 재밌어요 그만한 값어치 를 하니 한번 해보세요,2020-12-04 15:56:52
508440,Totally Accurate Battle Simulator,positive,갓겜,갓 겜,2020-12-04 15:47:41
508440,Totally Accurate Battle Simulator,positive,이제 멀티만남았다,이제 멀티 만 남았다,2020-12-04 06:30:32
508440,Totally Accurate Battle Simulator,positive,굿,굿,2020-12-03 13:39:40
508440,Totally Accurate Battle Simulator,positive,재밌음,재밌음,2020-12-03 00:33:41
508440,Totally Accurate Battle Simulator,positive,너어어어어어어어어어어어어어어어어무 재미있습니다.,너 어어어어 어어어어 어어어어 어어어어 무 재미있습니다 .,2020-12-02 13:56:17
508440,Totally Accurate Battle Simulator,positive,좋아요,좋아요,2020-12-02 10:15:54
508440,Totally Accurate Battle Simulator,positive,콘솔게임 말고 싱글 플레이가 이렇게 즐거울 수 있다? 뿌슝빠슝!?,콘솔 게임 말고 싱글 플레이 가 이렇게 즐거울 수 있다 ? 뿌슝빠슝 !?,2020-12-01 17:01:32
508440,Totally Accurate Battle Simulator,positive,정신건강에 좋음,정신건강 에 좋음,2020-12-01 16:19:02
508440,Totally Accurate Battle Simulator,positive,너무 재미있어요 혼자 노니까 왜롭긴 해도 재미있내요,너무 재미있어요 혼자 노 니까 왜롭긴 해도 재미있내요,2020-12-01 14:24:27
508440,Totally Accurate Battle Simulator,positive,병맛 후믈후믈 거리는 녀석들의 춤실력을 보아라!,병맛 후믈후믈 거리 는 녀석 들 의 춤 실력 을 보아 라 !,2020-12-01 13:06:25
508440,Totally Accurate Battle Simulator,positive,일단 강추입니다 그리고 재미있습니다,일단 강추 입니다 그리고 재미있습니다,2020-12-01 09:26:00
508440,Totally Accurate Battle Simulator,positive,유튜브에서 처음 봤는데 딱 첫인상 똑같이 정말 재미있게 플레이했다.,유튜브 에서 처음 봤는데 딱 첫인상 똑같이 정말 재미있게 플레이 했다 .,2020-12-01 08:47:18
508440,Totally Accurate Battle Simulator,positive,goood,goood,2020-12-01 08:33:29
508440,Totally Accurate Battle Simulator,positive,맵도많고 케릭도많서 재미있다,맵 도 많고 케릭 도 많서 재미있다,2020-11-30 20:25:11
508440,Totally Accurate Battle Simulator,positive,아 개꿀잼,아 개꿀잼,2020-11-30 20:06:13
508440,Totally Accurate Battle Simulator,positive,"초중딩들이 진짜 좋아할법한 게임이고 전쟁 시뮬레이션, 혼자 놀기 좋아하는 싱글게이머면 강추 탱크나 현대군인같은 현대유닛들도 업데이트 됐으면 좋겠고 해상전도 추가됐으면 좋겠다. 크라켄도 배타고 크라켄이랑 싸우는 해적같은 상황 연출할수있도록.. 아니면 해군이랑 해적 해상전하는 상황같은거 우주전쟁도 괜찮을거같다 스타워즈라던가 업데이트 꾸준히 해주면 굿","초 중딩 들 이 진짜 좋아할 법 한 게임 이고 전쟁 시뮬레이션 , 혼자 놀기 좋아하는 싱글 게이머 면 강추 탱크 나 현대 군 인 같은 현 대 유닛 들 도 업데이트 됐으면 좋겠고 해상전 도 추가 됐으면 좋겠다 . 크라켄 도 배타 고 크라켄 이랑 싸우는 해적 같은 상황 연출 할수있도록 .. 아니면 해군 이랑 해적 해상전 하는 상황 같은거 우주전쟁 도 괜찮을거 같다 스타워즈 라던가 업데이트 꾸준히 해주면 굿",2020-11-30 15:45:20
508440,Totally Accurate Battle Simulator,positive,트럼프 힐러리 언제나올라나,트럼프 힐러리 언제나 올라나,2020-11-29 14:44:00
508440,Totally Accurate Battle Simulator,positive,엄청 꿀잼,엄청 꿀잼,2020-11-29 14:34:45
508440,Totally Accurate Battle Simulator,positive,11살 아들이 최고의 평가를 남기라고 부탁하여 이렇게 글씁니다. 물론 저는 해보지 않았습니다. 아들이 정말 재밌다고 합니다.,11 살 아들 이 최고 의 평가 를 남기라고 부탁 하여 이렇게 글 씁니다 . 물론 저 는 해보지 않았습니다 . 아들 이 정말 재밌다고 합니다 .,2020-11-29 08:37:13
508440,Totally Accurate Battle Simulator,positive,good,good,2020-11-28 21:38:59
508440,Totally Accurate Battle Simulator,positive,이 게임을 하면서 내가 캐릭터를 만들면 좋겠다고 생각했는데 짜잔 이젠 내가 캐릭터를 만들수 있어요 어느 정도 제약이 있지만 내가 만든 캐릭터를 보고 뿌듯해졌습니다 그냥 잠깐 들어와서 놀고 나가기 좋은 게임,이 게임 을 하면서 내 가 캐릭터 를 만들면 좋겠다고 생각 했는데 짜잔 이 젠 내 가 캐릭터 를 만들수 있어요 어느 정도 제약 이 있지만 내 가 만든 캐릭터 를 보고 뿌듯해졌습니다 그냥 잠깐 들어와서 놀고 나가기 좋은 게임,2020-11-28 21:28:37
508440,Totally Accurate Battle Simulator,positive,good,good,2020-11-28 19:05:55
508440,Totally Accurate Battle Simulator,positive,ㅗㅜㅑ 싸발적이고,ㅗㅜㅑ 싸 발 적 이고,2020-11-28 17:00:10
508440,Totally Accurate Battle Simulator,positive,woal rksmd(한국어),woal rksmd ( 한국어 ),2020-11-28 15:57:25
508440,Totally Accurate Battle Simulator,positive,생각 없이 하다보면 재밌음,생각 없이 하다 보면 재밌음,2020-11-28 12:43:20
508440,Totally Accurate Battle Simulator,positive,2016년 알파버전인가 어쨋든 옛날부터 해온 사람인데 ㄹㅇ 재밌습니다. 살지 말지 고민 중이라면 꼭 사세요. landfall홧팅!,2016년 알파 버전 인가 어쨋 든 옛날 부터 해온 사람 인데 ㄹㅇ 재밌습니다 . 살 지 말 지 고민 중이 라면 꼭 사세요 . landfall 홧팅 !,2020-11-27 23:42:49
508440,Totally Accurate Battle Simulator,positive,최고의 시뮬레이션 게임,최고 의 시뮬레이션 게임,2020-11-26 15:02:50
508440,Totally Accurate Battle Simulator,positive,어여움근데제미슴,어여 움 근데 제 미슴,2020-11-26 14:26:34
508440,Totally Accurate Battle Simulator,positive,웃길상황도 웅장할 상황도 재밌고 웃음이 저절로 나며 새로운 숨은 캐릭터를 찾을때가 제일 재밌는게임,웃길 상황 도 웅장 할 상황 도 재밌고 웃음 이 저절로 나며 새로운 숨은 캐릭터 를 찾을 때 가 제일 재밌는 게임,2020-11-26 12:57:54
508440,Totally Accurate Battle Simulator,positive,병맛겜!,병맛 겜 !,2020-11-26 08:52:33
508440,Totally Accurate Battle Simulator,positive,매우 병맛 적이고 재미있습니다.,매우 병맛 적 이고 재미있습니다 .,2020-11-25 17:59:06
508440,Totally Accurate Battle Simulator,positive,갓겜,갓 겜,2020-11-25 17:13:15
508440,Totally Accurate Battle Simulator,positive,갓갬 인정합니다,갓 갬 인정 합니다,2020-11-25 11:40:36
508440,Totally Accurate Battle Simulator,positive,4.5/5,4.5 / 5,2020-11-25 10:21:06
508440,Totally Accurate Battle Simulator,positive,핵꿀잼 갓겜게임입니다 이 게임은 병맛전쟁시뮬레이터 입니다 정말 재미있고 흥미로운게임~~~,핵꿀잼 갓 겜 게임 입니다 이 게임 은 병맛 전쟁 시뮬레이터 입니다 정말 재미있고 흥미로운 게임 ~~~,2020-11-25 09:53:04
508440,Totally Accurate Battle Simulator,positive,이게임은 빨간 팀 과 파란 팀 이 싸우는 것이다,이 게임 은 빨간 팀 과 파란 팀 이 싸우는 것 이다,2020-11-24 17:30:10
508440,Totally Accurate Battle Simulator,positive,너무 재밌게 플레이하고 있습니다! 언제나 승승장구하길 기원합니다!,너무 재밌게 플레이 하고 있습니다 ! 언제나 승승장구 하길 기원 합니다 !,2020-11-24 11:06:33
508440,Totally Accurate Battle Simulator,positive,"love customizing system but need to updates more skills clothe and balance, some of them gets error when I put together can not use skill or weapon","love customizing system but need to updates more skills clothe and balance , some of them gets error when I put together can not use skill or weapon",2020-11-24 09:22:56
508440,Totally Accurate Battle Simulator,positive,할 거 없을때 베타로 캐릭만들고 놀면 개굴잼임 ㅋㅋㅋ,할 거 없을 때 베타 로 캐릭 만들고 놀면 개굴잼임 ㅋㅋㅋ,2020-11-23 23:15:29
508440,Totally Accurate Battle Simulator,positive,병맛그냥병맛,병맛 그냥 병맛,2020-11-23 20:55:24
508440,Totally Accurate Battle Simulator,positive,멍청한 중국의 정치인들을 비판하는 아주 의미 깊은 게임이군요! 추천하도록 한다는 결과에 도달해있도록 하는 것이 좋은 방면에 범주된다는 것을 인정하도록 하겠습니다!,멍청한 중국 의 정치인 들 을 비판 하는 아주 의미 깊은 게임 이군 요 ! 추천 하도록 한다는 결과 에 도달 해있도록 하는 것 이 좋은 방면 에 범주 된다는 것 을 인정 하도록 하겠습니다 !,2020-11-22 17:37:22
508440,Totally Accurate Battle Simulator,positive,o,o,2020-11-22 13:13:43
508440,Totally Accurate Battle Simulator,positive,유닛들끼리 싸움 붙이는 거 구경하는 게 꿀잼. 요즘 유닛 크리에이터 업데이트 돼서 유닛 만들고 노는 것도 재밌는 듯,유닛 들 끼리 싸움 붙이는 거 구경 하는 게 꿀잼 . 요즘 유닛 크리에이터 업데이트 돼서 유닛 만들고 노 는 것 도 재밌는 듯,2020-11-21 17:29:07
508440,Totally Accurate Battle Simulator,positive,good,good,2020-11-21 15:05:16
508440,Totally Accurate Battle Simulator,positive,굿,굿,2020-11-21 12:44:55
508440,Totally Accurate Battle Simulator,positive,ㅉ,ㅉ,2020-11-20 21:27:22
508440,Totally Accurate Battle Simulator,positive,god,god,2020-11-20 09:55:58
508440,Totally Accurate Battle Simulator,positive,wow,wow,2020-11-19 21:26:42
508440,Totally Accurate Battle Simulator,positive,정말 가성비 좋고 시간 때우기 좋은 갓겜! 꼭 하는것이 좋다고 생각합니다.,정말 가성 비 좋고 시간 때우기 좋은 갓 겜 ! 꼭 하는것이 좋다고 생각 합니다 .,2020-11-18 22:14:27
508440,Totally Accurate Battle Simulator,positive,진짜 재밌고 오래 할수 있는 게임,진짜 재밌고 오래 할수 있는 게임,2020-11-18 18:07:45
508440,Totally Accurate Battle Simulator,positive,GOOD,GOOD,2020-11-17 21:22:47
508440,Totally Accurate Battle Simulator,positive,d,d,2020-11-17 19:52:11
508440,Totally Accurate Battle Simulator,positive,재밌다 이게 끝인 게임,재밌다 이 게 끝 인 게임,2020-11-17 14:30:15
508440,Totally Accurate Battle Simulator,positive,오 병맛,오 병맛,2020-11-17 12:59:40
508440,Totally Accurate Battle Simulator,positive,"베타로 유닛제작가능. 캠페인 공유가능. 하지만 아직 유닛제작은 완성같지않고 할수있는게 한정되어있음. 하지만 정말재밌고 얼리엑세스 전에도 좋아하던 게임이라 정말 재밌고 전체적으로도 재밌다. 전략적인 부분이 많고 실험또한 가능. 캐릭터들의 다양성. 징그럽지만 귀여운 캐릭터들이 모두 하나로 뭉쳐 환상의 조화를 이뤄낸다. 하지만 자잘한 버그들이 있으니 조심하자,","베타 로 유닛 제작 가능 . 캠페인 공유 가능 . 하지만 아직 유닛 제작 은 완성 같지 않고 할수있는게 한정 되어있음 . 하지만 정말 재밌고 얼리 엑세스 전 에도 좋아하던 게임 이라 정말 재밌고 전체 적 으로도 재밌다 . 전략 적 인 부분 이 많고 실험 또한 가능 . 캐릭터 들 의 다양성 . 징그럽지만 귀여운 캐릭터 들 이 모두 하나로 뭉쳐 환상 의 조화 를 이뤄 낸다 . 하지만 자잘한 버그 들 이 있으니 조심하자 ,",2020-11-16 21:37:13
508440,Totally Accurate Battle Simulator,positive,good,good,2020-11-16 18:35:10
508440,Totally Accurate Battle Simulator,positive,유닛만드는 기능이 상당히 마음에들고 앞으로 더많은 능력들이 추가됬음 좋겠습니다,유닛 만드는 기능 이 상당히 마음 에 들고 앞 으로 더 많은 능력 들 이 추가 됬음 좋겠습니다,2020-11-16 17:15:45
508440,Totally Accurate Battle Simulator,positive,커스텀유닛 베타 해봐 어서!,커 스텀 유닛 베타 해봐 어서 !,2020-11-16 00:38:02
508440,Totally Accurate Battle Simulator,positive,이게임 진짜 심심할때 하면 시간 가는줄 모르는 게임인듯,이 게임 진짜 심심할 때 하면 시간 가는줄 모르는 게임 인 듯,2020-11-15 21:38:08
508440,Totally Accurate Battle Simulator,positive,보는맛이있네요,보는 맛 이 있네요,2020-11-15 21:15:33
508440,Totally Accurate Battle Simulator,positive,내가 지금 무말랭이들 싸우는거 보고있는데 왜이렇게 재미있지,내 가 지금 무 말랭이 들 싸우는거 보고있는데 왜 이렇게 재미있지,2020-11-15 17:48:49
508440,Totally Accurate Battle Simulator,positive,유닛 더 만들어 빨랑,유닛 더 만들어 빨 랑,2020-11-15 17:06:46
508440,Totally Accurate Battle Simulator,positive,개꿀잼,개꿀잼,2020-11-15 14:00:29
508440,Totally Accurate Battle Simulator,positive,와 액션 겁나 멋짐 한번 해보셈,와 액션 겁나 멋짐 한번 해보셈,2020-11-15 13:51:51
508440,Totally Accurate Battle Simulator,positive,good,good,2020-11-15 03:14:19
508440,Totally Accurate Battle Simulator,positive,커스텀이 나와서 즐길거리가 검나 많아짐,커 스텀 이 나와서 즐길 거리 가 검 나 많아짐,2020-11-15 00:16:09
508440,Totally Accurate Battle Simulator,positive,yeah,yeah,2020-11-14 20:11:37
508440,Totally Accurate Battle Simulator,positive,뭔가 현실적이지만 존1나 답답한 물리엔진 생각보다 좋은 게임성,뭔가 현실 적 이지만 존 1 나 답답한 물리엔진 생각 보다 좋은 게임 성,2020-11-14 20:04:16
508440,Totally Accurate Battle Simulator,positive,갓겜,갓 겜,2020-11-14 16:50:32
508440,Totally Accurate Battle Simulator,positive,정말로 재미습니다,정말로 재 미습니다,2020-11-14 15:40:25
508440,Totally Accurate Battle Simulator,positive,버그 찾는재미임ㅋㅋㅋ,버그 찾는 재미 임 ㅋㅋㅋ,2020-11-14 15:12:35
508440,Totally Accurate Battle Simulator,positive,그냥도 재밌을텐데 흐물거리고 병맛인 유닛덕분에 더 재밌음,그냥 도 재밌을텐데 흐물거리 고 병맛 인 유닛 덕분 에 더 재밌음,2020-11-14 10:45:59
508440,Totally Accurate Battle Simulator,positive,play it.,play it .,2020-11-14 10:42:35
508440,Totally Accurate Battle Simulator,positive,굿],굿 ],2020-11-14 10:42:29
508440,Totally Accurate Battle Simulator,positive,👍👍👍,👍👍👍,2020-11-14 08:50:58
508440,Totally Accurate Battle Simulator,positive,Perfect,Perfect,2020-11-13 08:45:52
508440,Totally Accurate Battle Simulator,positive,good.,good .,2020-11-12 11:32:49
508440,Totally Accurate Battle Simulator,positive,꿀잼,꿀잼,2020-11-12 08:08:17
508440,Totally Accurate Battle Simulator,positive,다 좋은데 멀티좀 넣어주세요...,다 좋은데 멀티 좀 넣어주세요 ...,2020-11-10 21:16:03
508440,Totally Accurate Battle Simulator,positive,다른건 몰라도 일단 하나부터 열까지 참신한 것만으로 사서 해볼 가치는 있음,다른건 몰라도 일단 하나 부터 열 까지 참신한 것 만으로 사서 해볼 가치 는 있음,2020-11-08 16:49:23
508440,Totally Accurate Battle Simulator,positive,오 심심하면 하세요,오 심심하면 하세요,2020-11-08 11:18:18
508440,Totally Accurate Battle Simulator,positive,개꿀쩀ㄱ,개꿀쩀 ㄱ,2020-11-07 20:25:29
508440,Totally Accurate Battle Simulator,positive,업데이트 좀 많이 하삼,업데이트 좀 많이 하 삼,2020-11-07 14:06:12
508440,Totally Accurate Battle Simulator,positive,dlskQmsshadmltoRldhowkRdhfbsksirhtlqkf,dlskQmsshadmltoRldhowkRdhfbsksirhtlqkf,2020-11-07 13:35:37
508440,Totally Accurate Battle Simulator,positive,우선 해,우선 해,2020-11-06 19:25:19
508440,Totally Accurate Battle Simulator,positive,미친와 진짜 재밌다,미친와 진짜 재밌다,2020-11-05 23:03:56
508440,Totally Accurate Battle Simulator,positive,"이 게임은, 그냥 잉여롭고 진짜 재밌습니다. 진짜 할거 겁나 없는 사람들에게 강추","이 게임 은 , 그냥 잉여 롭고 진짜 재밌습니다 . 진짜 할거 겁나 없는 사람 들 에게 강추",2020-11-05 20:08:34
508440,Totally Accurate Battle Simulator,positive,초 병맛겜,초 병맛 겜,2020-11-04 18:47:49
508440,Totally Accurate Battle Simulator,positive,약 한사발 빤 게임,약 한 사발 빤 게임,2020-11-04 18:16:55
508440,Totally Accurate Battle Simulator,positive,아주 꿀잼임니다,아주 꿀잼 임니다,2020-11-03 17:37:51
508440,Totally Accurate Battle Simulator,positive,유닛도 많고 찾아야 하는 유닛도 있고 그런것들이 마음에 들고 근데 너무 더러운곳에 숨깁니다,유닛 도 많고 찾아야 하는 유닛 도 있고 그런 것 들 이 마음 에 들고 근데 너무 더러운 곳 에 숨깁니다,2020-11-02 18:09:26
508440,Totally Accurate Battle Simulator,positive,단언컨대 최고의 전투 시뮬레이터. 토탈워 시리즈도 두 수는 접고 들어가야 한다.,단언컨대 최고 의 전투 시뮬레이터 . 토탈워 시리즈 도 두 수 는 접고 들어가야 한다 .,2020-11-02 17:04:40
508440,Totally Accurate Battle Simulator,positive,게임 재미있다,게임 재미있다,2020-11-02 08:46:42
508440,Totally Accurate Battle Simulator,positive,업데이트 많이해서 만족,업데이트 많이 해 서 만족,2020-11-01 16:05:14
508440,Totally Accurate Battle Simulator,positive,파랭이로 빨갱이를 죽여야하는데... 왜 파랭이만 뒤지지?,파랭이 로 빨갱이 를 죽여야하는데 ... 왜 파랭이 만 뒤지지 ?,2020-10-31 22:45:59
508440,Totally Accurate Battle Simulator,positive,진짜 갓겜,진짜 갓 겜,2020-10-31 21:05:33
508440,Totally Accurate Battle Simulator,positive,이딴게 왜 재밌지 ㅋㅋ,이딴 게 왜 재밌지 ㅋㅋ,2020-10-31 18:59:21
508440,Totally Accurate Battle Simulator,positive,재밋다,재밋다,2020-10-30 19:44:46
508440,Totally Accurate Battle Simulator,positive,가끔 하기 좋은겜 근데 금방 질리고 업데이트도 느림,가끔 하기 좋은 겜 근데 금방 질리 고 업데이트 도 느림,2020-10-30 17:59:20
508440,Totally Accurate Battle Simulator,positive,Calm Down Man Brought me here,Calm Down Man Brought me here,2020-10-30 02:19:46
508440,Totally Accurate Battle Simulator,positive,이 게임 진짜 띵작 강추,이 게임 진짜 띵작 강추,2020-10-29 22:14:44
508440,Totally Accurate Battle Simulator,positive,숨겨진 캐릴터 찾는재미도 있음!!!!!!!,숨겨진 캐릴터 찾는 재미 도 있음 !!!!!!!,2020-10-29 19:28:14
508440,Totally Accurate Battle Simulator,positive,모드를 하란데로하는데 모드실행이안돼요,모드 를 하란 데 로 하는데 모드 실행 이안 돼요,2020-10-29 13:55:47
508440,Totally Accurate Battle Simulator,positive,여러가지 캐릭터를 조합해서 전투할 수 있으니 재밌네요 강추 합나다,여러가지 캐릭터 를 조합 해서 전투 할 수 있으니 재밌네요 강추 합나다,2020-10-28 12:14:47
508440,Totally Accurate Battle Simulator,positive,개꿀좸 ㅋㅋ루 ㅋㅋ,개꿀좸 ㅋㅋ 루 ㅋㅋ,2020-10-26 19:09:44
508440,Totally Accurate Battle Simulator,positive,뭐 그러저럭 재미있음,뭐 그러 저 럭 재미있음,2020-10-21 18:41:45
508440,Totally Accurate Battle Simulator,positive,wssssss,wssssss,2020-10-20 21:56:24
508440,Totally Accurate Battle Simulator,positive,개인적으로 내가 해봤던 게임중에 제일 재밌는 게임,개인 적 으로 내 가 해봤던 게임 중 에 제일 재밌는 게임,2020-10-20 21:51:32
508440,Totally Accurate Battle Simulator,positive,잼있음!!,잼있음 !!,2020-10-19 22:49:18
508440,Totally Accurate Battle Simulator,positive,한 20분 한것 같은데 재밌네요 ㅎㅎ,한 20분 한 것 같은데 재밌네요 ㅎㅎ,2020-10-19 16:54:08
508440,Totally Accurate Battle Simulator,positive,good,good,2020-10-18 13:05:55
508440,Totally Accurate Battle Simulator,positive,KJEWIQWIJIR HNJAEJHJ,KJEWIQWIJIR HNJAEJHJ,2020-10-17 17:23:42
508440,Totally Accurate Battle Simulator,positive,꿀잼,꿀잼,2020-10-17 10:07:03
508440,Totally Accurate Battle Simulator,positive,Is nice,Is nice,2020-10-17 08:57:46
508440,Totally Accurate Battle Simulator,positive,그냥 존나 재밌음. 근데 히든 유닛 찾는게 좀 오래걸리고 그거 찾는다고 몇시간 헤메서 구역질 한 적도 있음. 히든 유닛만 다 찾으면 샌드박스를 하든 캠페인을 하든 꿀잼 르네상스 맵 진짜 꿀팁이 있는데 몇번 해보고 깨기 어렵다 혹은 캠페인 깨기 귀찮다 싶으면 정면에 물 옆에 건물옥상에 설치해서 F눌러서 가만히 냅두면 애들 알아서 죽음,그냥 존나 재밌음 . 근데 히든 유닛 찾는게 좀 오래 걸리고 그거 찾는다고 몇 시간 헤메 서 구역질 한 적도 있음 . 히든 유닛 만 다 찾으면 샌드박스 를 하든 캠페인 을 하든 꿀잼 르네상스 맵 진짜 꿀팁 이 있는데 몇번 해보고 깨기 어렵다 혹은 캠페인 깨기 귀찮다 싶으면 정면 에 물 옆 에 건물 옥상 에 설치 해서 F 눌러서 가만히 냅 두면 애 들 알아서 죽음,2020-10-16 13:02:18
508440,Totally Accurate Battle Simulator,positive,11,11,2020-10-15 10:25:49
508440,Totally Accurate Battle Simulator,positive,와 진짜 재미있고 너무 병맛이에요 ㅋㅋㅋㅋ전 추천하고 싶네요 비밀유닛찾는겄도 매력있고 퀘스트도 good이에요,와 진짜 재미있고 너무 병맛 이에요 ㅋㅋㅋㅋ 전 추천 하고 싶네요 비밀 유닛 찾는 겄 도 매력 있고 퀘스트 도 good 이에요,2020-10-15 09:46:57
508440,Totally Accurate Battle Simulator,positive,ㅇㅇㅇㅇㅇㅇㅇㅇㅇㅇㅇㅇㅇㅇㅇㅇㅇㅇㅇㅇ,ㅇㅇㅇㅇㅇㅇㅇㅇㅇㅇㅇㅇㅇㅇㅇㅇㅇㅇㅇㅇ,2020-10-14 16:46:03
508440,Totally Accurate Battle Simulator,positive,star,star,2020-10-13 16:01:29
508440,Totally Accurate Battle Simulator,positive,재밌습니다!! 캠페인이랑 모드도 많아서 계속해서 즐길 수 있어요. 비시즈 좋아하시는 분들이 해보시면 좋을 거 같아요. 가성비 정말 좋습니다. 강력 추천해요,재밌습니다 !! 캠페인 이랑 모드 도 많아서 계속 해서 즐길 수 있어요 . 비시 즈 좋아하시는 분 들 이 해보시면 좋을 거 같아요 . 가성 비 정말 좋습니다 . 강력 추천 해요,2020-10-12 21:30:30
508440,Totally Accurate Battle Simulator,positive,wow,wow,2020-10-10 15:38:42
508440,Totally Accurate Battle Simulator,positive,재밌음,재밌음,2020-10-08 11:35:00
508440,Totally Accurate Battle Simulator,positive,재밌어요진짜로 근데 베타버전도 해주시면 안돼나요? 저는 3년전에는 배틀시뮬레이터라는 게임을 몰랐었어요,재밌어요 진짜 로 근데 베타 버전 도 해주시 면 안 돼나요 ? 저 는 3년 전에는 배틀 시뮬레이터 라는 게임 을 몰랐었어요,2020-10-05 20:29:45
508440,Totally Accurate Battle Simulator,positive,해보세요,해보세요,2020-10-04 13:36:12
508440,Totally Accurate Battle Simulator,positive,흠.......구매할만합니당^^,흠 ....... 구매 할만 합니당 ^^,2020-10-04 12:49:19
508440,Totally Accurate Battle Simulator,positive,돌연변이 찾는 제미가 있누,돌연변이 찾는 제 미가 있 누,2020-10-04 02:07:22
508440,Totally Accurate Battle Simulator,positive,헤헤헿,헤헤 헿,2020-10-03 09:24:19
508440,Totally Accurate Battle Simulator,positive,단무지들이 싸우는걸 구경하는게 재밌음 시크릿 유닛 찾는 재미도있고 유닛마다 특성이있어서 재밌음 ㅋㅋ,단무지 들 이 싸우는걸 구경 하는게 재밌음 시크릿 유닛 찾는 재미 도 있고 유닛 마다 특성 이 있어서 재밌음 ㅋㅋ,2020-10-01 16:29:13
508440,Totally Accurate Battle Simulator,positive,재밌어요,재밌어요,2020-10-01 16:27:34
508440,Totally Accurate Battle Simulator,positive,와 너무 재밌는데 할게 없다,와 너무 재밌는데 할게 없다,2020-09-30 18:33:07
508440,Totally Accurate Battle Simulator,positive,ZX,ZX,2020-09-30 12:39:01
508440,Totally Accurate Battle Simulator,positive,할거없을때 조금씩 스테이지깨면 재밌는 게임,할거 없을 때 조금씩 스테이지 깨면 재밌는 게임,2020-09-30 01:29:26
508440,Totally Accurate Battle Simulator,positive,무말랭이들이 싸우는걸 단순히 보는것뿐인데 재밌음,무 말랭이 들 이 싸우는걸 단순히 보는것 뿐 인데 재밌음,2020-09-29 23:24:00
508440,Totally Accurate Battle Simulator,positive,정말 최고의 게임 짱!!!,정말 최고 의 게임 짱 !!!,2020-09-27 16:32:11
508440,Totally Accurate Battle Simulator,positive,재미있음,재미있음,2020-09-26 19:37:42
508440,Totally Accurate Battle Simulator,positive,재밌음,재밌음,2020-09-26 14:57:29
508440,Totally Accurate Battle Simulator,positive,그냥 아무런 생각이 없고 지루할 때 이거하면 됨,그냥 아무런 생각 이 없고 지루할 때 이 거 하 면 됨,2020-09-25 14:34:16
508440,Totally Accurate Battle Simulator,positive,옛날에 방송 보고 사서 했었던 게임 무슨 키였는지는 기억 안나는데 병사 1인칭으로 직접 조종할수 있음 어려울때 1인칭으로 조종하면 바로 깸,옛날 에 방송 보고 사서 했었던 게임 무슨 키 였는지는 기억 안나는데 병사 1 인칭 으로 직접 조종 할수 있음 어려울 때 1 인칭 으로 조종 하면 바로 깸,2020-09-24 13:48:58
508440,Totally Accurate Battle Simulator,positive,가지고놀기좋음,가지 고 놀기 좋음,2020-09-22 13:11:27
508440,Totally Accurate Battle Simulator,positive,좋아요,좋아요,2020-09-21 21:01:34
508440,Totally Accurate Battle Simulator,positive,심심해서 사봤는데 딱 하기 좋은겜이다 ^.^,심심해서 사봤는데 딱 하기 좋은 겜 이다 ^.^,2020-09-21 20:55:49
508440,Totally Accurate Battle Simulator,positive,when update unit creator?,when update unit creator ?,2020-09-21 20:05:07
508440,Totally Accurate Battle Simulator,positive,잼씀,잼 씀,2020-09-21 17:38:17
508440,Totally Accurate Battle Simulator,positive,재밌긴 한데 꼼수 하나 발견하면 갑자기 개노잼 됨,재밌긴 한데 꼼수 하나 발견 하면 갑자기 개 노잼 됨,2020-09-21 10:45:09
508440,Totally Accurate Battle Simulator,positive,개틀링건 부대로 기사들을 쓸어버리십시오. 스페인 군대와 일본 군대를 싸움 붙여 보십시오. 이 게임에선 뭐든지 가능합니다. 프레임드랍 없는 게임플레이 빼고요.,개틀링건 부대 로 기사 들 을 쓸어 버리십시오 . 스페인 군대 와 일본 군대 를 싸움 붙여 보십시오 . 이 게임 에선 뭐 든지 가능합니다 . 프레임 드랍 없는 게임 플레이 빼고요 .,2020-09-21 02:00:52
508440,Totally Accurate Battle Simulator,positive,재미씀,재미 씀,2020-09-20 20:00:04
508440,Totally Accurate Battle Simulator,positive,존나재밌어요 리발,존나 재밌어요 리발,2020-09-20 15:44:39
508440,Totally Accurate Battle Simulator,positive,시간 잘~간다,시간 잘 ~ 간다,2020-09-20 13:06:12
508440,Totally Accurate Battle Simulator,positive,아주 좋소,아주 좋소,2020-09-18 14:56:33
508440,Totally Accurate Battle Simulator,positive,힐링겜이며 rpg입니다바드 왕 총잡이 등등 여러 직업으로 전직 가능 바드할때 상대가 따라오는 그 쾌감은 숨이 막힐정도로 표현 불가능입니다,힐링 겜 이며 rpg 입니다 바드 왕 총잡이 등등 여러 직업 으로 전직 가능 바드할때 상대 가 따라오는 그 쾌감 은 숨 이 막힐 정도 로 표현 불가능 입니다,2020-09-18 05:16:51
508440,Totally Accurate Battle Simulator,positive,쟀밌따,쟀밌따,2020-09-17 14:37:20
508440,Totally Accurate Battle Simulator,positive,이딴겜을 누가하냐 30분도 못해먹겠네,이딴 겜 을 누가 하냐 30분 도 못 해 먹겠네,2020-09-16 11:45:13
508440,Totally Accurate Battle Simulator,positive,ㅆ2발 ㅈㄴ 재밌ㅇ므,ㅆ 2 발 ㅈㄴ 재밌 ㅇ 므,2020-09-15 22:53:43
508440,Totally Accurate Battle Simulator,positive,.,.,2020-09-15 17:20:27
508440,Totally Accurate Battle Simulator,positive,재밌는 병맛전쟁게임,재밌는 병맛 전쟁 게임,2020-09-14 19:49:14
508440,Totally Accurate Battle Simulator,positive,정말 재미 있다,정말 재미 있다,2020-09-12 15:42:00
508440,Totally Accurate Battle Simulator,positive,잼 밌 따.,잼 밌 따 .,2020-09-12 11:57:46
508440,Totally Accurate Battle Simulator,positive,fuck,fuck,2020-09-11 15:37:53
508440,Totally Accurate Battle Simulator,positive,GOOD!,GOOD !,2020-09-10 18:50:36
508440,Totally Accurate Battle Simulator,positive,/,/,2020-09-10 18:47:21
508440,Totally Accurate Battle Simulator,positive,꿀잼 ㅋㅋㅀㅋㅋ,꿀잼 ㅋㅋㅀㅋㅋ,2020-09-10 18:21:03
508440,Totally Accurate Battle Simulator,positive,ㅋㅋㅋㅋㅋ 병맛 이네,ㅋㅋㅋㅋㅋ 병맛 이네,2020-09-09 13:00:21
508440,Totally Accurate Battle Simulator,positive,재밌다.,재밌다 .,2020-09-09 09:27:23
508440,Totally Accurate Battle Simulator,positive,good,good,2020-09-08 23:12:24
508440,Totally Accurate Battle Simulator,positive,엄청 꿀,엄청 꿀,2020-09-08 21:39:22
508440,Totally Accurate Battle Simulator,positive,퀄리티가 너무 좋아요,퀄리티 가 너무 좋아요,2020-09-08 19:56:40
508440,Totally Accurate Battle Simulator,positive,굿,굿,2020-09-07 20:45:40
508440,Totally Accurate Battle Simulator,positive,When will the Unit creator be released? (유닛 생성자는 언제 나오나요?),When will the Unit creator be released ? ( 유닛 생성자 는 언제 나오나요 ?),2020-09-07 20:28:24
508440,Totally Accurate Battle Simulator,positive,병사들은 멍청하지만 지휘관도 만만치 않습니다,병사 들 은 멍청하지만 지휘 관도 만 만치 않습니다,2020-09-07 12:05:26
508440,Totally Accurate Battle Simulator,positive,와,와,2020-09-04 09:07:43
508440,Totally Accurate Battle Simulator,positive,킬링 타임 or 컴퓨터 갈구기용 병맛 게임,킬링 타임 or 컴퓨터 갈구기용 병맛 게임,2020-09-03 17:54:07
508440,Totally Accurate Battle Simulator,positive,시간 때우기좋고 꿀잼,시간 때우기 좋고 꿀잼,2020-09-03 16:19:21
508440,Totally Accurate Battle Simulator,positive,진짜 꿀잼,진짜 꿀잼,2020-09-03 14:09:33
508440,Totally Accurate Battle Simulator,positive,존나 재밌어요,존나 재밌어요,2020-09-02 13:29:02
508440,Totally Accurate Battle Simulator,positive,Where is chicken man,Where is chicken man,2020-09-02 11:43:14
508440,Totally Accurate Battle Simulator,positive,개꿀임,개꿀임,2020-09-01 09:47:44
508440,Totally Accurate Battle Simulator,positive,정말 재미있습니다 최근 업데이트에 legacy가 업데이트 되었는데 처음에 캠페인모드가 안떠서 애먹었는데 알고 보니 샌드박스에서 히든캐릭을 다 찾아야 열리더군요 혹시 저 처럼 모르고 헤매시는분 계시면 히든 찾으시고 재밌는 캠페인하세요,정말 재미있습니다 최근 업데이트 에 legacy 가 업데이트 되었는데 처음 에 캠페인 모드 가 안 떠서 애 먹었는데 알 고 보니 샌드박스 에서 히든 캐릭 을 다 찾아야 열리더군요 혹시 저 처럼 모르고 헤매시는 분 계시 면 히든 찾으시고 재밌는 캠페인 하세요,2020-09-01 04:23:23
508440,Totally Accurate Battle Simulator,positive,병신같은데 멋있다의 정석,병신 같은데 멋있다의 정석,2020-08-31 18:05:41
508440,Totally Accurate Battle Simulator,positive,ekswjd qudakt wkdwja Rnfwoadla,ekswjd qudakt wkdwja Rnfwoadla,2020-08-31 15:25:59
508440,Totally Accurate Battle Simulator,positive,나름 혜자겜,나름 혜자 겜,2020-08-31 14:40:51
508440,Totally Accurate Battle Simulator,positive,돈값 합니다.,돈값 합니다 .,2020-08-30 13:06:16
508440,Totally Accurate Battle Simulator,positive,ㅋ,ㅋ,2020-08-29 21:13:08
508440,Totally Accurate Battle Simulator,positive,super duper amazing fantastic wonderful masterpiece game,super duper amazing fantastic wonderful masterpiece game,2020-08-29 18:14:45
508440,Totally Accurate Battle Simulator,positive,재밌음,재밌음,2020-08-29 16:49:13
508440,Totally Accurate Battle Simulator,positive,재밌음,재밌음,2020-08-29 16:01:07
508440,Totally Accurate Battle Simulator,positive,별거 없이 멍때리면서 하기 좋은 게임 시간 가는 줄 모르겠음,별거 없이 멍 때리면서 하기 좋은 게임 시간 가는 줄 모르겠음,2020-08-29 14:21:32
508440,Totally Accurate Battle Simulator,positive,할거 없을때 혼자 놀기 좋음,할거 없을 때 혼자 놀기 좋음,2020-08-29 14:16:31
508440,Totally Accurate Battle Simulator,positive,Funny,Funny,2020-08-29 03:55:18
508440,Totally Accurate Battle Simulator,positive,very good!,very good !,2020-08-28 19:48:16
508440,Totally Accurate Battle Simulator,positive,저만 그런지 모르겠는데 legacy 맵이랑 켐페인이 안됩니다. 맵은 클릭하면 바탕화면으로 나가지고 켐페인은 그냥 없습니다. 빨리 고쳐주세요,저만 그런지 모르겠는데 legacy 맵 이랑 켐페인 이 안됩니다 . 맵 은 클릭 하면 바탕화면 으로 나가지고 켐페인 은 그냥 없습니다 . 빨리 고쳐주세요,2020-08-28 10:30:43
508440,Totally Accurate Battle Simulator,positive,왠지 모르겠지만 재밌고 웃긴 게임,왠지 모르겠지만 재밌고 웃긴 게임,2020-08-28 09:28:32
508440,Totally Accurate Battle Simulator,positive,좀 더 많은 유닛을 만들어 주세요~~~~~~~~~ . . (2000 YEARS LATER) . . 내가 원하는 대로 유닛을 자유롭게 제작할 수 있다니! 건너편에 버그 투성이 술래잡기 망겜과 비교불가..ㄷㄷ,좀 더 많은 유닛 을 만들어 주세요 ~~~~~~~~~ . . ( 2000 YEARS LATER ) . . 내 가 원하는 대로 유닛 을 자유롭게 제작 할 수 있다니 ! 건너편 에 버그 투성이 술래잡기 망겜 과 비교 불가 .. ㄷㄷ,2020-08-27 17:32:04
508440,Totally Accurate Battle Simulator,positive,꿀젬ㅋㅋㅋㅋㅋㅋㅋㅋㅋㅋ진짜 너무 재밌음 이겜진짜 인생게임 추천 추천!!!!!!!!!!!!!!!!!!!!!!!!!,꿀젬 ㅋㅋㅋㅋㅋㅋㅋㅋㅋㅋ 진짜 너무 재밌음 이 겜 진짜 인생게임 추천 추천 !!!!!!!!!!!!!!!!!!!!!!!!!,2020-08-26 19:47:38
508440,Totally Accurate Battle Simulator,positive,^오^,^ 오 ^,2020-08-26 07:15:28
508440,Totally Accurate Battle Simulator,positive,창의적이고 재미있네요,창의 적 이고 재미있네요,2020-08-25 19:14:53
508440,Totally Accurate Battle Simulator,positive,아ㅋㅋㅋㅋㅋ 이정도면 갓겜이지,아 ㅋㅋㅋㅋㅋ 이 정도 면 갓 겜 이지,2020-08-25 12:10:49
508440,Totally Accurate Battle Simulator,positive,아무 생각 없이 시간 떄우기 좋음,아무 생각 없이 시간 떄 우기 좋음,2020-08-25 08:24:31
508440,Totally Accurate Battle Simulator,positive,시간 가는줄 모르는 재밌는 샌드박스,시간 가는줄 모르는 재밌는 샌드박스,2020-08-25 00:18:45
508440,Totally Accurate Battle Simulator,positive,종종 켜서업데이트보는맛좋음 사두는게 좋음,종종 켜서 업데이트 보는 맛 좋음 사두 는 게 좋음,2020-08-24 22:29:06
508440,Totally Accurate Battle Simulator,positive,해,해,2020-08-24 21:00:35
508440,Totally Accurate Battle Simulator,positive,창작마당에서 모드 깔면 좋을텐디,창작 마당 에서 모드 깔면 좋을텐디,2020-08-24 14:56:24
508440,Totally Accurate Battle Simulator,positive,시간 떼우기엔 역시 TABS! 너무 재밌음(약간? 잼민이 감성),시간 떼 우기 엔 역시 TABS ! 너무 재밌음 ( 약간 ? 잼민 이 감성 ),2020-08-23 22:02:37
508440,Totally Accurate Battle Simulator,positive,갓겜 말이 필요없다,갓 겜 말 이 필요없다,2020-08-21 20:28:20
508440,Totally Accurate Battle Simulator,positive,개흑우가 되기 싫다면 당장 사도록해,개 흑우 가 되기 싫다면 당장 사 도록 해,2020-08-20 20:29:09
508440,Totally Accurate Battle Simulator,positive,게임이 실행중이라면서 실행은 안되는데 해결하는 방법 좀 알려주세요,게임 이 실행 중 이라 면서 실행 은 안되는데 해결 하는 방법 좀 알려주세요,2020-08-20 16:10:16
508440,Totally Accurate Battle Simulator,positive,"너무 잼있고 무궁무진 하지만 멀티좀만 들어 주시면 안돼까요? 물론 혼자 해도 잼있지만 머,,,1대1로 자기 세력을 만들어서 전쟁을 한다거나 해서 멀티가 있었으면 좋겠습니다. 뭐 혼자해도 겁나 재밌긴 하지만요!!","너무 잼있고 무궁무진 하지만 멀티 좀 만 들어 주시 면 안 돼까 요 ? 물론 혼자 해도 잼있지만 머 ,,, 1 대 1 로 자기 세력 을 만들어서 전쟁 을 한다거나 해서 멀티 가 있었으면 좋겠습니다 . 뭐 혼자 해도 겁나 재밌긴 하지 만요 !!",2020-08-18 19:36:02
508440,Totally Accurate Battle Simulator,positive,한국어가 지원 안돼서 약간 슬퍼 할수 있는데 한국어 없이도 저학년 수준에 영어 여서 쉽게 이해 할수 있음 1인칭으로 가능해서 재미있게 놀수 있다 그냥 아무생각 없이 하면 좋을듯,한국어 가 지원 안 돼서 약간 슬퍼 할수 있는데 한국어 없이도 저학년 수준 에 영어 여서 쉽게 이해 할수 있음 1 인칭 으로 가능해서 재미있게 놀수 있다 그냥 아무 생각 없이 하면 좋을듯,2020-08-18 12:55:39
508440,Totally Accurate Battle Simulator,positive,.,.,2020-08-17 14:50:44
508440,Totally Accurate Battle Simulator,positive,따봉,따 봉,2020-08-16 16:58:17
508440,Totally Accurate Battle Simulator,positive,시뮬레이터 좋아 하시는 플레이어라면 다 좋아할듯,시뮬레이터 좋아 하시는 플레이어 라면 다 좋아할듯,2020-08-13 11:56:38
508440,Totally Accurate Battle Simulator,positive,재미있지만 비밀유닛이찾기어렸즘니다,재미있지만 비밀 유닛 이 찾기 어렸 즘 니 다,2020-08-09 16:40:09
508440,Totally Accurate Battle Simulator,positive,재밌어요,재밌어요,2020-08-08 20:34:16
508440,Totally Accurate Battle Simulator,positive,한글번역이 없긴한데 없어도 할만함,한글 번역 이 없긴한데 없어도 할만 함,2020-08-07 20:30:37
508440,Totally Accurate Battle Simulator,positive,모드쓰기 여간 불편한게아님 창작마당으로 유닛모드좀 자유롭게쓸수있었으면함,모드 쓰기 여간 불편한게 아님 창작 마당 으로 유닛 모드 좀 자유롭게 쓸수있었으면 함,2020-08-07 16:17:32
508440,Totally Accurate Battle Simulator,positive,갓적화 + 꿀잼,갓 적 화 + 꿀잼,2020-08-05 14:00:59
508440,Totally Accurate Battle Simulator,positive,너무 재밌어요,너무 재밌어요,2020-08-05 09:46:34
508440,Totally Accurate Battle Simulator,positive,병맛 전략게임이네요 추천추천!!!!!!!!,병맛 전략 게임 이네 요 추천 추천 !!!!!!!!,2020-07-31 18:51:17
508440,Totally Accurate Battle Simulator,positive,와 너무 재미있고 또 많은량의 군사를 놓아도 렉이 걸리지 않음 대박 근데 컴퓨터가 좋아야지 ㅋㅋ 내건 400만원짜리임,와 너무 재미있고 또 많은량 의 군사 를 놓아도 렉 이 걸리지 않음 대박 근데 컴퓨터 가 좋아야지 ㅋㅋ 내 건 400만원 짜리임,2020-07-30 23:27:19
508440,Totally Accurate Battle Simulator,positive,당장 이게임 해야하는 이유 1.게임에 비해 굉장히 저렴한 가격 2.병맛 3.병맛 4.병맛,당장 이 게임 해야하는 이유 1 . 게임 에 비해 굉장히 저렴한 가격 2 . 병맛 3 . 병맛 4 . 병맛,2020-07-29 17:18:59
508440,Totally Accurate Battle Simulator,positive,이 게임은 총 3가지 방법으로 즐길 수 있음 1. 이상적인 조합과 배치로 상위 티어 유닛 조지며 귀여운 유닛과 숨겨진 요소 찾아 보기 2. 인간의 병ㅅㅣㄴ력이 어디까지인지 확인하기 3. 컴퓨터 벤치마크,이 게임 은 총 3 가지 방법 으로 즐길 수 있음 1 . 이상 적 인 조합 과 배치 로 상위 티어 유닛 조지 며 귀여운 유닛 과 숨겨진 요소 찾아 보기 2 . 인간 의 병 ㅅㅣㄴ 력 이 어디 까지 인지 확인 하기 3 . 컴퓨터 벤치마크,2020-07-29 14:51:36
508440,Totally Accurate Battle Simulator,positive,good,good,2020-07-28 13:51:02
508440,Totally Accurate Battle Simulator,positive,하고싶은데 컴퓨터가 딸린다ㅠ,하고싶은데 컴퓨터 가 딸린다 ㅠ,2020-07-25 00:38:40
508440,Totally Accurate Battle Simulator,positive,ㅁㄷㄳ,ㅁㄷㄳ,2020-07-24 23:00:44
508440,Totally Accurate Battle Simulator,positive,내 cpu죽어가는중,내 cpu 죽어가는 중,2020-07-23 23:03:01
508440,Totally Accurate Battle Simulator,positive,섹 스,섹 스,2020-07-19 15:27:00
508440,Totally Accurate Battle Simulator,positive,ㅎㅎㅎㅎㅎㅎㅎㅎ ㅎㅎㅎ,ㅎㅎㅎㅎㅎㅎㅎㅎ ㅎㅎㅎ,2020-07-19 15:14:08
508440,Totally Accurate Battle Simulator,positive,커스텀 나오고 갓겜됬듬,커 스텀 나오고 갓겜됬듬,2020-07-14 00:06:01
508440,Totally Accurate Battle Simulator,positive,gg,gg,2020-07-13 23:58:43
508440,Totally Accurate Battle Simulator,positive,짧고 강한 전투 시뮬레이터,짧고 강한 전투 시뮬레이터,2020-07-13 05:38:43
508440,Totally Accurate Battle Simulator,positive,go,go,2020-07-12 20:14:05
508440,Totally Accurate Battle Simulator,positive,good,good,2020-07-12 03:06:43
508440,Totally Accurate Battle Simulator,positive,내가 원했던 5년 전 쯤의 그 게임은 아니었음,내 가 원했던 5년 전 쯤 의 그 게임 은 아니었음,2020-07-10 22:12:22
508440,Totally Accurate Battle Simulator,positive,너무 재미있고 유닛 빨리 제가 직접 만들고 싶네요 ㅎㅎ,너무 재미있고 유닛 빨리 제 가 직접 만들고 싶네요 ㅎㅎ,2020-07-10 15:03:15
508440,Totally Accurate Battle Simulator,positive,RHOSCKsgDMA,RHOSCKsgDMA,2020-07-10 11:50:17
508440,Totally Accurate Battle Simulator,positive,ㄹㅇ 개쩐다 이건 전세께 72억명중 3분의 2.999999999 명은 사고 논다,ㄹㅇ 개 쩐다 이건 전세 께 72억 명중 3분 의 2.999999999 명 은 사고 논다,2020-07-09 22:24:33
508440,Totally Accurate Battle Simulator,positive,컴사양이 좋으면 한번 해봐야 하는 게임,컴 사양 이 좋으면 한번 해봐야 하는 게임,2020-07-09 11:31:30
508440,Totally Accurate Battle Simulator,positive,그냥 딱 할거없을때 하면 재밌는 게임,그냥 딱 할거 없을 때 하면 재밌는 게임,2020-07-08 12:12:09
508440,Totally Accurate Battle Simulator,positive,오 굳굳,오 굳 굳,2020-07-07 19:53:17
508440,Totally Accurate Battle Simulator,positive,와!,와 !,2020-07-07 14:44:30
508440,Totally Accurate Battle Simulator,positive,병맛이고 하다보면 히든캐릭을 찾아서 기분이 좋다 하지만 난 ㄱr끔 질린다.,병맛 이고 하다 보면 히든 캐릭 을 찾아서 기분 이 좋다 하지만 난 ㄱ r 끔 질린다 .,2020-07-06 22:43:49
508440,Totally Accurate Battle Simulator,positive,"게임 불감증에 걸린 사람에게 추천, 할짓거리 드럽게없고 게임뭐 할거없나 싶은데 막상할건없고 딱 이럴때 딱좋은 게임임. 혹은 그냥 단순 가벼운 마음으로 즐기기에 최고. 시간한번 때워보자","게임 불감증 에 걸린 사람 에게 추천 , 할 짓거리 드럽게 없고 게임 뭐 할거 없나 싶은데 막상 할건 없고 딱 이럴 때 딱좋은 게임 임 . 혹은 그냥 단순 가벼운 마음 으로 즐기기에 최고 . 시간 한번 때워 보자",2020-07-06 17:35:56
508440,Totally Accurate Battle Simulator,positive,"아주 재밌습니다,","아주 재밌습니다 ,",2020-07-06 11:27:54
508440,Totally Accurate Battle Simulator,positive,"ya get tired of it soon, but ya won't regret buying it","ya get tired of it soon , but ya won ' t regret buying it",2020-07-05 17:51:13
508440,Totally Accurate Battle Simulator,positive,완전 재미있음 근데 온라인 모드좀 부탁합니다,완전 재미있음 근데 온라인 모드 좀 부탁 합니다,2020-07-04 19:17:20
508440,Totally Accurate Battle Simulator,positive,병맛.,병맛 .,2020-07-01 09:47:49
508440,Totally Accurate Battle Simulator,positive,처음에 좋아하는 유튜버가 하는걸 잠깐 보고 너무 재밌어 보여 바로 구매했네요. 신박한 움직임 다른게임에선 보기 힘든 병맛향기 가끔이지만 꾸준히 해주는 업데이트 매우 만족 앞으로 나올 신규 유닛이 더욱 궁금해지고 기대되는 게임입니다. 그래픽:★★ 재미:★★★★ 최적화:★★★ 스토리: 없음,처음 에 좋아하는 유튜버 가 하 는걸 잠깐 보고 너무 재밌어 보여 바로 구매 했네요 . 신 박 한 움직임 다른 게임 에선 보기 힘든 병맛 향기 가끔 이지만 꾸준히 해주는 업데이트 매우 만족 앞 으로 나올 신규 유닛 이 더욱 궁금해지고 기대 되는 게임 입니다 . 그래픽 : ★★ 재미 : ★★★★ 최적화 : ★★★ 스토리 : 없음,2020-06-30 15:18:32
508440,Totally Accurate Battle Simulator,positive,심심할 때 아무생각 없이 전쟁놀이 하고 싶으면 이 게임을 추천 생긴거에 비해 CPU를 엄청 갈구는 게임 땡땡이눈 병사들이 서로 싸우는게 귀여움,심심할 때 아무 생각 없이 전쟁 놀이 하고 싶으면 이 게임 을 추천 생긴거에 비해 CPU 를 엄청 갈구는 게임 땡땡 이 눈 병사 들 이 서로 싸우는게 귀 여 움,2020-06-29 23:39:22
508440,Totally Accurate Battle Simulator,positive,업대이트도 잘 되고 개임도 꽤많이 재밌어요.,업대 이 트 도 잘 되고 개 임도 꽤 많이 재밌어요 .,2020-06-28 18:12:45
508440,Totally Accurate Battle Simulator,positive,할만함.,할만 함 .,2020-06-28 05:38:59
508440,Totally Accurate Battle Simulator,positive,넘모넘모 재밌다 근데 온라인모드로 친구와 싸울수있는 모드가 있으면 아주 좋겠ㄷ ㅏ,넘 모 넘 모 재밌다 근데 온라인 모드 로 친구 와 싸울수있는 모드 가 있으면 아주 좋겠 ㄷ ㅏ,2020-06-27 20:57:54
508440,Totally Accurate Battle Simulator,positive,가볍게 할만한게임,가볍게 할만 한게임,2020-06-27 19:45:46
508440,Totally Accurate Battle Simulator,positive,좀 랙이 심하긴하지만 잼있어여,좀 랙 이 심하긴하지만 잼있어여,2020-06-27 19:41:50
508440,Totally Accurate Battle Simulator,positive,갓겜,갓 겜,2020-06-26 21:14:42
508440,Totally Accurate Battle Simulator,positive,자유도가 높아 재미있다,자유도 가 높아 재미있다,2020-06-26 12:30:27
508440,Totally Accurate Battle Simulator,positive,갓겜,갓 겜,2020-06-25 11:17:32
508440,Totally Accurate Battle Simulator,positive,을야 우아 뿌띠 빠따레뽀ㄷ도 또 위 아 아아아아 뚜띠띠빠뽈에따,을 야 우아 뿌띠 빠따레뽀 ㄷ 도 또 위 아 아아 아아 뚜띠띠빠뽈에따,2020-06-25 09:24:03
508440,Totally Accurate Battle Simulator,positive,그냥 지켜보기만 해도 재미있음ㅋㅋ 글고 리퍼 짱 쌔,그냥 지켜보기만 해도 재미있음 ㅋㅋ 글 고 리퍼 짱 쌔,2020-06-24 11:31:30
508440,Totally Accurate Battle Simulator,positive,와우\,와우 \,2020-06-23 13:09:45
508440,Totally Accurate Battle Simulator,positive,가성비갑,가성 비갑,2020-06-23 08:28:53
508440,Totally Accurate Battle Simulator,positive,개꿀잼,개꿀잼,2020-06-22 18:15:27
508440,Totally Accurate Battle Simulator,positive,여윽시 병맛 시뮬레이터,여윽시 병맛 시뮬레이터,2020-06-20 21:05:49
508440,Totally Accurate Battle Simulator,positive,.재밌습니다 근데 얘들이 좀 멍청해요 ㅋㅋㅋㅋ 그리고 렉걸릴땐 우클릭하면서 하세요 안그러면 얘들이 잔상권을 씀ㅋㅋㅋ,. 재밌습니다 근데 얘 들 이 좀 멍청해요 ㅋㅋㅋㅋ 그리고 렉 걸릴 땐 우 클릭 하면서 하세요 안 그러면 얘 들 이 잔 상권 을 씀 ㅋㅋㅋ,2020-06-19 10:57:46
508440,Totally Accurate Battle Simulator,positive,.,.,2020-06-17 20:54:08
508440,Totally Accurate Battle Simulator,positive,good,good,2020-06-17 19:39:26
508440,Totally Accurate Battle Simulator,positive,16년도부터 알파버전했지만 좋다 근데 최적화가 안된건 아쉽지만 갓겜같다,16년 도부터 알파 버전 했지만 좋다 근데 최적화 가 안된건 아쉽지만 갓 겜 같다,2020-06-17 10:48:09
508440,Totally Accurate Battle Simulator,positive,아접속이 잘안되네요,아 접속 이 잘 안되네요,2020-06-16 21:21:04
508440,Totally Accurate Battle Simulator,positive,음. 확실히 병맛이다.,음 . 확실히 병맛 이다 .,2020-06-16 19:10:34
508440,Totally Accurate Battle Simulator,positive,병맛이고 행동이너무 웃김ㅋㅋ 꼭 추천함ㅋㅋ전투시뮬래이텈ㅋㅋ,병맛 이고 행동 이 너무 웃김 ㅋㅋ 꼭 추천 함 ㅋㅋ 전투 시 뮬래이텈 ㅋㅋ,2020-06-15 10:23:09
508440,Totally Accurate Battle Simulator,positive,가성비 갑이고 정말 재미있습니다,가성 비 갑 이고 정말 재미있습니다,2020-06-15 09:04:29
508440,Totally Accurate Battle Simulator,positive,s재미있음,s 재미있음,2020-06-14 12:41:13
508440,Totally Accurate Battle Simulator,positive,200시간이 목표입니다 개꿀잼이에요,200시간 이 목표 입니다 개꿀잼 이에요,2020-06-14 00:12:57
508440,Totally Accurate Battle Simulator,positive,대부분은 버그입니다만 재밌습니다,대부분 은 버그 입니다만 재밌습니다,2020-06-13 17:40:26
508440,Totally Accurate Battle Simulator,positive,좋아요,좋아요,2020-06-13 14:23:36
508440,Totally Accurate Battle Simulator,positive,d,d,2020-06-12 22:29:41
508440,Totally Accurate Battle Simulator,positive,총 종류가 좀 다양했으면 좋겠고 애들 iq좀,총 종류 가 좀 다양했으면 좋겠고 애 들 iq 좀,2020-06-12 09:51:58
508440,Totally Accurate Battle Simulator,positive,가끔 땡길때 하면 이것만한게 없는 게임,가끔 땡길 때 하면 이 것 만 한 게 없는 게임,2020-06-11 10:13:06
508440,Totally Accurate Battle Simulator,positive,개꿀잼,개꿀잼,2020-06-10 20:58:08
508440,Totally Accurate Battle Simulator,positive,할만함,할만 함,2020-06-08 23:28:31
508440,Totally Accurate Battle Simulator,positive,[[ 가격 ]] ■ 정가 줘도 좋음 □ 20% 세일까지 존버 □ 50% 세일까지 존버 □ 70% 이상 세일까지 존버 [[ 그래픽 ]] □ 개아름다움 □ 아주 좋음 ■ 좋음 □ 그냥 그럼 □ 별로임 □ 개후짐 ;; [[ 사운드 ]] □ 개황홀함 □ 아주 좋음 ■ 좋음 □ 그냥 그럼 □ 별로임 □ 개귀갱 ;; [[ 사양 ]] □ 초고사양 컴 □ 고사양 컴 ■ 적당한 컴 □ 가정용 컴 □ 노트북 □ 지뢰찾기용 컴 [[ VR 사양 ]] ■ VR 사용 불가능 [[ 한글화 ]] □ 한글화가 되어있음 □ 한글화가 되어있는데 애매함 □,[[ 가격 ]] ■ 정가 줘도 좋음 □ 20% 세 일 까지 존버 □ 50% 세 일 까지 존버 □ 70% 이상 세 일 까지 존버 [[ 그래픽 ]] □ 개 아름다 움 □ 아주 좋음 ■ 좋음 □ 그냥 그럼 □ 별로 임 □ 개후짐 ;; [[ 사운드 ]] □ 개 황홀함 □ 아주 좋음 ■ 좋음 □ 그냥 그럼 □ 별로 임 □ 개 귀 갱 ;; [[ 사양 ]] □ 초고 사양 컴 □ 고 사양 컴 ■ 적당한 컴 □ 가정 용 컴 □ 노트북 □ 지뢰 찾기용 컴 [[ VR 사양 ]] ■ VR 사용 불가능 [[ 한글화 ]] □ 한글화 가 되어있음 □ 한글화 가 되어있는데 애매함 □,2020-06-08 17:33:33
508440,Totally Accurate Battle Simulator,positive,사기 존나잘함ㅋㅋㅋㅋㅋㅋㅋㅋㅋㅋㅋㅋㅋㅋㅋㅋㅋㅋㅋㅋㅋㅋㅋㅋㅋㅋㅋㅋㅋㅋㅋㅋㅋㅋㅋㅋㅋㅋㅋㅋㅋㅋㅋㅋㅋㅋㅋㅋㅋㅋㅋㅋㅋㅋㅋㅋㅋㅋㅋㅋㅋㅋㅋㅋㅋㅋㅋㅋㅋㅋㅋㅋㅋㅋㅋㅋㅋㅋㅋㅋㅋㅋㅋㅋㅋㅋㅋㅋㅋㅋㅋㅋㅋㅋㅋㅋㅋㅋㅋㅋㅋㅋㅋㅋㅋㅋㅋㅋㅋㅋㅋㅋㅋㅋㅋㅋㅋㅋㅋㅋㅋㅋㅋㅋㅋㅋㅋㅋㅋㅋㅋㅋㅋㅋㅋㅋㅋㅋㅋㅋㅋㅋㅋㅋㅋㅋㅋㅋㅋㅋㅋㅋㅋㅋㅋㅋㅋㅋㅋㅋㅋㅋㅋㅋㅋㅋㅋㅋㅋㅋㅋㅋㅋㅋㅋㅋㅋㅋㅋㅋㅋㅋㅋㅋㅋㅋㅋㅋㅋㅋㅋㅋㅋㅋㅋㅋㅋㅋㅋㅋㅋㅋㅋㅋㅋㅋㅋㅋㅋㅋㅋㅋㅋㅋㅋㅋㅋㅋㅋㅋㅋㅋㅋㅋㅋㅋㅋㅋㅋㅋㅋㅋㅋㅋㅋㅋㅋㅋㅋㅋㅋㅋㅋㅋㅋㅋㅋㅋㅋㅋㅋㅋㅋㅋㅋㅋㅋㅋㅋㅋㅋㅋㅋㅋㅋㅋㅋㅋㅋㅋㅋㅋㅋㅋㅋㅋㅋㅋㅋㅋㅋㅋㅋㅋㅋㅋㅋㅋㅋㅋㅋㅋㅋ,사기 존 나잘함 ㅋㅋㅋㅋㅋㅋㅋㅋㅋㅋㅋㅋㅋㅋㅋㅋㅋㅋㅋㅋㅋㅋㅋㅋㅋㅋㅋㅋㅋㅋㅋㅋㅋㅋㅋㅋㅋㅋㅋㅋㅋㅋㅋㅋㅋㅋㅋㅋㅋㅋㅋㅋㅋㅋㅋㅋㅋㅋㅋㅋㅋㅋㅋㅋㅋㅋㅋㅋㅋㅋㅋㅋㅋㅋㅋㅋㅋㅋㅋㅋㅋㅋㅋㅋㅋㅋㅋㅋㅋㅋㅋㅋㅋㅋㅋㅋㅋㅋㅋㅋㅋㅋㅋㅋㅋㅋㅋㅋㅋㅋㅋㅋㅋㅋㅋㅋㅋㅋㅋㅋㅋㅋㅋㅋㅋㅋㅋㅋㅋㅋㅋㅋㅋㅋㅋㅋㅋㅋㅋㅋㅋㅋㅋㅋㅋㅋㅋㅋㅋㅋㅋㅋㅋㅋㅋㅋㅋㅋㅋㅋㅋㅋㅋㅋㅋㅋㅋㅋㅋㅋㅋㅋㅋㅋㅋㅋㅋㅋㅋㅋㅋㅋㅋㅋㅋㅋㅋㅋㅋㅋㅋㅋㅋㅋㅋㅋㅋㅋㅋㅋㅋㅋㅋㅋㅋㅋㅋㅋㅋㅋㅋㅋㅋㅋㅋㅋㅋㅋㅋㅋㅋㅋㅋㅋㅋㅋㅋㅋㅋㅋㅋㅋㅋㅋㅋㅋㅋㅋㅋㅋㅋㅋㅋㅋㅋㅋㅋㅋㅋㅋㅋㅋㅋㅋㅋㅋㅋㅋㅋㅋㅋㅋㅋㅋㅋㅋㅋㅋㅋㅋㅋㅋㅋㅋㅋㅋㅋㅋㅋㅋㅋㅋㅋㅋㅋㅋㅋㅋㅋㅋㅋㅋㅋ,2020-06-07 21:22:21
508440,Totally Accurate Battle Simulator,positive,"가볍게 즐기기 괜찮은 게임 (스토리x) 업데이트를 자주 하는 편이고, 숨겨진 캐릭도 많은듯 하다","가볍게 즐기기 괜찮은 게임 ( 스토리 x ) 업데이트 를 자주 하는 편이 고 , 숨겨진 캐릭 도 많은듯 하다",2020-06-07 19:48:47
508440,Totally Accurate Battle Simulator,positive,굳,굳,2020-06-07 12:56:06
508440,Totally Accurate Battle Simulator,positive,할만한 게임 찾는데 눈에 띄어서 사서 해봤더니 꿀잼이구만ㅋㅋㅋ 이런거 넘 좋아 제작자님 업뎃 많이 해주세요~ (DLC에 예전에 있었던 치킨맨맨 같은 유닛도 추가하는 것도 좋을듯),할만 한 게임 찾는데 눈 에 띄어서 사서 해봤더니 꿀잼 이구만 ㅋㅋㅋ 이런거 넘 좋아 제작자 님 업뎃 많이 해주세요 ~ ( DLC 에 예전 에 있었던 치킨 맨 맨 같은 유닛 도 추가 하는 것 도 좋을듯 ),2020-06-06 20:18:14
508440,Totally Accurate Battle Simulator,positive,옛날버전 다시할수는 없나요 도날드 트럼프랑 힐러리 나오고 치킨맨은 치킨낳고 치킨맨맨은 치킨맨을 낳았었는데 그 케릭터들 쓰고싶습니다. I miss the chicken man man,옛날 버전 다시 할수는 없나요 도날드 트럼프 랑 힐러리 나오고 치킨 맨 은 치킨 낳고 치킨 맨 맨 은 치킨 맨 을 낳았었는데 그 케릭 터들 쓰고싶습니다 . I miss the chicken man man,2020-06-06 16:22:09
508440,Totally Accurate Battle Simulator,positive,잼밌다,잼밌다,2020-06-06 13:48:29
508440,Totally Accurate Battle Simulator,positive,TABS가 오랜만인지 켜지지않습니다 어떻게 하나요?,TABS 가 오랜 만인 지 켜지지 않습니다 어떻게 하나요 ?,2020-06-06 11:19:05
508440,Totally Accurate Battle Simulator,positive,병맛,병맛,2020-06-06 08:09:28
508440,Totally Accurate Battle Simulator,positive,아ㅋㅋ 그래서 유닛 커스텀 언제나오냐고,아 ㅋㅋ 그래서 유닛 커 스텀 언제 나오냐고,2020-06-06 01:16:40
508440,Totally Accurate Battle Simulator,positive,아 노잼,아 노잼,2020-06-05 17:09:57
508440,Totally Accurate Battle Simulator,positive,와 진짜 갓겜임 진짜 최고 심심하면 손이 감 신규유닛도 자주 업데이트 되고 최고입니다,와 진짜 갓 겜임 진짜 최고 심심하면 손 이 감 신규 유닛 도 자주 업데이트 되고 최고 입니다,2020-06-05 10:27:26
508440,Totally Accurate Battle Simulator,positive,겁나재밋습니다 비밀유닛 찾는맛이 겁나좋습니다 ㅋㅋㅋㅋ,겁나재 밋습니 다 비밀 유닛 찾는 맛 이 겁나 좋습니다 ㅋㅋㅋㅋ,2020-06-04 20:41:04
508440,Totally Accurate Battle Simulator,positive,i like this game,i like this game,2020-06-03 23:18:20
508440,Totally Accurate Battle Simulator,positive,funny,funny,2020-06-02 08:59:52
508440,Totally Accurate Battle Simulator,positive,아니 이건 갓겜이잖오ㅗㅗ,아니 이건 갓 겜 이 잖오 ㅗㅗ,2020-05-30 20:30:58
508440,Totally Accurate Battle Simulator,positive,"게임을 하면서 잡생각 없이 순수하게 행복했던 게 대체 얼마만인지 모르겠습니다. 찬양하라, 해적 여왕!","게임 을 하면서 잡 생각 없이 순수하게 행복했던 게 대체 얼마 만 인지 모르겠습니다 . 찬양 하 라 , 해적 여왕 !",2020-05-30 13:27:16
508440,Totally Accurate Battle Simulator,positive,이거지,이거지,2020-05-29 17:53:39
508440,Totally Accurate Battle Simulator,positive,병맛전쟁시뮬레이터란이름이너무나잘어울려요,병맛 전쟁 시뮬레이터 란 이름 이 너무나 잘 어울려요,2020-05-29 09:25:56
508440,Totally Accurate Battle Simulator,positive,꿀잼 근데 컨텐츠 소모가 빠름,꿀잼 근데 컨텐츠 소모 가 빠름,2020-05-28 13:16:13
508440,Totally Accurate Battle Simulator,positive,FNDJTWNSKMMKNSWDN J NAJK,FNDJTWNSKMMKNSWDN J NAJK,2020-05-28 01:45:28
508440,Totally Accurate Battle Simulator,positive,다 좋은대..CPU 지원 코어수좀 늘려주세요... 최대 32+코어까지 지원 했으면 좋곘어요,다 좋은대 .. CPU 지원 코어 수 좀 늘려주세요 ... 최대 32 + 코어 까지 지원 했으면 좋곘어 요,2020-05-27 20:48:42
508440,Totally Accurate Battle Simulator,positive,재밌음,재밌음,2020-05-27 19:08:09
508440,Totally Accurate Battle Simulator,positive,정말 갓겜입니다! 건전하고 전략적인 전쟁게임의 끝판왕,정말 갓 겜 입니다 ! 건전하고 전략 적 인 전쟁 게임 의 끝판 왕,2020-05-26 17:00:00
508440,Totally Accurate Battle Simulator,positive,z,z,2020-05-26 10:23:50
508440,Totally Accurate Battle Simulator,positive,내 인생같습니다. 이것저것 뭐 풀어놓고 가만히 있으니 미치광이처럼 제멋대로 흘러갑니다. 그래도 재미는 있습니다. 그런데 내 인생은 왜 환불이 안되나요?,내 인생 같습니다 . 이 것 저 것 뭐 풀어놓고 가만히 있으니 미치광이 처럼 제멋대로 흘러갑니다 . 그래도 재미 는 있습니다 . 그런데 내 인생 은 왜 환불 이 안되나요 ?,2020-05-25 14:39:21
508440,Totally Accurate Battle Simulator,positive,엄청재밌어,엄청 재밌어,2020-05-24 11:10:14
508440,Totally Accurate Battle Simulator,positive,이이,이이,2020-05-24 00:07:38
508440,Totally Accurate Battle Simulator,positive,very slow update,very slow update,2020-05-23 13:36:22
508440,Totally Accurate Battle Simulator,positive,샀는데 에픽에서 무료배포했던... 가격 이상의 재미는 있음!,샀는데 에픽 에서 무료 배포 했던 ... 가격 이상 의 재미 는 있음 !,2020-05-23 11:34:15
508440,Totally Accurate Battle Simulator,positive,good,good,2020-05-23 11:20:19
508440,Totally Accurate Battle Simulator,positive,awesfsdH,awesfsdH,2020-05-21 21:49:44
508440,Totally Accurate Battle Simulator,positive,흐물흐물,흐물흐물,2020-05-21 12:55:30
508440,Totally Accurate Battle Simulator,positive,스토리를 원하는 사람에게는 추천 하지 않는다고 그리고 또 반복하는것을 싫어하면 안하는 걸 추천 한다 하지만 자유도 그리고 내가 만드는 싸움에 결과는 재미있다 그리고 생각보다 업데이트도 빠르게 많이 됀다,스토리 를 원하는 사람 에게는 추천 하지 않는다고 그리고 또 반복 하는것을 싫어하면 안 하는 걸 추천 한다 하지만 자유도 그리고 내 가 만드는 싸움 에 결과 는 재미있다 그리고 생각 보다 업데이트 도 빠르게 많이 됀다,2020-05-18 18:22:46
508440,Totally Accurate Battle Simulator,positive,병맛적이고 재밌네요~ 시크릿유닛 찾는 재미도 있고 캐릭터 하나하나마다 각기다른 특성을 가지고 있어서 결론 재밌다. 켐페인 모드만 좀 쉽게 만들어 줬으면,병맛 적 이고 재밌네요 ~ 시크릿 유닛 찾는 재미 도 있고 캐릭터 하나 하나 마다 각 기 다른 특성 을 가지 고 있어서 결론 재밌다 . 켐페 인 모드 만 좀 쉽게 만들어 줬으면,2020-05-18 13:09:59
508440,Totally Accurate Battle Simulator,positive,이게임재밌어요.그치만 단점이 하나있어요 한글을 지원안해줘요.그거 빼고 재미있답니다!,이 게임 재밌어요 . 그치만 단점 이 하나 있어요 한글 을 지 원안 해줘요 . 그거 빼고 재미있답니다 !,2020-05-16 16:24:48
508440,Totally Accurate Battle Simulator,positive,fun,fun,2020-05-16 01:56:53
508440,Totally Accurate Battle Simulator,positive,진짜 갓겜이다,진짜 갓 겜 이다,2020-05-15 16:55:26
508440,Totally Accurate Battle Simulator,positive,야물딱진게임,야물 딱 진 게임,2020-05-15 13:35:08
508440,Totally Accurate Battle Simulator,positive,꼭 사셈,꼭 사셈,2020-05-14 18:32:45
508440,Totally Accurate Battle Simulator,positive,재밌어,재밌어,2020-05-14 09:51:39
508440,Totally Accurate Battle Simulator,positive,가끔씩 새로 생기는거 나올때마다 2시간씩 혼자놀기 쌉가능,가끔 씩 새로 생기는거 나올 때 마다 2시간 씩 혼자놀기 쌉 가능,2020-05-13 08:04:28
508440,Totally Accurate Battle Simulator,positive,일단 병맛에 재밌음 (끝),일단 병맛 에 재밌음 ( 끝 ),2020-05-12 21:10:05
508440,Totally Accurate Battle Simulator,positive,은근 꿀잼ㅎㅎ,은근 꿀잼 ㅎㅎ,2020-05-11 14:10:02
508440,Totally Accurate Battle Simulator,positive,꿀젬,꿀젬,2020-05-11 00:31:34
508440,Totally Accurate Battle Simulator,positive,Rnfwpq,Rnfwpq,2020-05-10 11:18:06
508440,Totally Accurate Battle Simulator,positive,걍 재밌음 근데 콘텐츠가 많이 부족함...,걍 재밌음 근데 콘텐츠 가 많이 부족함 ...,2020-05-09 22:28:27
508440,Totally Accurate Battle Simulator,positive,Good very good,Good very good,2020-05-09 11:53:26
508440,Totally Accurate Battle Simulator,positive,.,.,2020-05-08 21:58:16
508440,Totally Accurate Battle Simulator,positive,핵꿀잼,핵꿀잼,2020-05-07 18:29:59
508440,Totally Accurate Battle Simulator,positive,씹 갓겜,씹 갓 겜,2020-05-06 21:48:07
508440,Totally Accurate Battle Simulator,positive,업데이트 자주하는 거 자체가 갓겜임,업데이트 자주 하는 거 자체 가 갓 겜임,2020-05-05 14:53:50
508440,Totally Accurate Battle Simulator,positive,어지러운 난장판을 만들기에 딱 좋은게임.,어지러운 난장판 을 만들기 에 딱 좋은 게임 .,2020-05-04 20:36:36
508440,Totally Accurate Battle Simulator,positive,버그나 핵을 고치는게 아닌 만들어주는 게임 . 와! TABS 아시는구나! 진-짜 재미있습니다. 적폐캐가 몇개 있기는 한데 그건 안알려줄거고 F키를 누르면 유닛하나를 조작할수 있는데! 원거리캐는 자동 에임때문에 팔이나 다리만노리기 어렵고! 근거리는 그냥 하지 마세요... 아무튼! 아무튼 아무튼... 뭔말을 해야하지...? 일단 갓겜입니다! 와! 갓겜! 와! 샌ㅈㅡ!,버그 나 핵 을 고치는게 아닌 만들어주는 게임 . 와 ! TABS 아시는구나 ! 진 - 짜 재미있습니다 . 적폐캐 가 몇개 있기는 한데 그건 안 알려줄거고 F 키 를 누르면 유닛 하나 를 조작 할수 있는데 ! 원거리 캐는 자동 에 임 때문 에 팔이 나 다리 만 노리기 어렵고 ! 근거리 는 그냥 하지 마세요 ... 아무튼 ! 아무튼 아무튼 ... 뭔 말 을 해야하지 ...? 일단 갓 겜 입니다 ! 와 ! 갓 겜 ! 와 ! 샌 ㅈㅡ !,2020-05-04 13:58:32
508440,Totally Accurate Battle Simulator,positive,"잘 만들었는데 은근히 흥미가 빠르게 식는 편임 온라인 적용되면 재미가 급상승 할거같음, PVP, 유저간 비공개 대전(돈은 같음) 같은거 적용하면 바로 갓겜임 원래 단순한 게 게임을 풍족하게 만듬","잘 만들었는데 은근 히 흥미 가 빠르게 식는 편임 온라인 적용 되면 재미 가 급상승 할거 같음 , PVP , 유저 간 비공개 대전 ( 돈 은 같음 ) 같은거 적용 하면 바로 갓 겜임 원래 단순한 게 게임 을 풍족하게 만듬",2020-05-03 20:57:13
508440,Totally Accurate Battle Simulator,positive,지립니다,지립니다,2020-05-03 15:15:38
508440,Totally Accurate Battle Simulator,positive,간단하지만 머리도 써야하고 전략적 배치가 뭔지를 보여주는게임!,간단하지만 머리 도 써야하고 전략 적 배치 가 뭔 지 를 보여주는 게임 !,2020-05-03 08:29:22
508440,Totally Accurate Battle Simulator,positive,Please add soldiers,Please add soldiers,2020-05-01 18:40:43
508440,Totally Accurate Battle Simulator,positive,가끔식 하다보면 키가 비정상적으로 작거나 크거나 눈이 작거나 크거나 어쨋든 그런애들 나오는애 볼때마다 웃김 ㅋㅋ,가끔 식 하다 보면 키 가 비정상 적 으로 작거나 크거나 눈 이 작거나 크거나 어쨋 든 그런 애 들 나오는 애 볼때 마다 웃김 ㅋㅋ,2020-05-01 10:26:22
508440,Totally Accurate Battle Simulator,positive,b,b,2020-04-30 16:10:20
508440,Totally Accurate Battle Simulator,positive,업데이트가 기대되는 병맛 게임,업데이트 가 기대 되는 병맛 게임,2020-04-28 13:56:41
508440,Totally Accurate Battle Simulator,positive,개 잼있네,개 잼있네,2020-04-27 09:07:19
508440,Totally Accurate Battle Simulator,positive,굴잼,굴잼,2020-04-27 04:26:59
508440,Totally Accurate Battle Simulator,positive,컨셉잡고 시뮬 돌리거나 일종의 실험 따위를 하는데 유용합니다. 그런데 아직 유닛의 종류가 제한적이라 모드를 써야 할 때가 많아요...,컨셉 잡고 시뮬 돌리거나 일종 의 실험 따위 를 하는데 유용합니다 . 그런데 아직 유닛 의 종류 가 제한 적 이라 모드 를 써야 할 때 가 많아요 ...,2020-04-26 22:59:19
508440,Totally Accurate Battle Simulator,positive,꿀잼 근데 다깨고 할게없음 유닛이랑 챌린지 업뎃좀 ㅠ 12.14 이번업뎃으로 개떡상각이다,꿀잼 근데 다 깨고 할게 없음 유닛 이랑 챌 린지 업뎃좀 ㅠ 12.14 이번업뎃 으로 개떡 상 각 이다,2020-04-26 19:50:24
508440,Totally Accurate Battle Simulator,positive,굳,굳,2020-04-25 23:02:16
508440,Totally Accurate Battle Simulator,positive,좋아,좋아,2020-04-25 12:28:44
508440,Totally Accurate Battle Simulator,positive,진짜 웃김 10000000점 ㅋ ㅋ ㅋ ㅋ ㅋ ㅋ ㅋ ㅋ ㅋ ㅋ ㅋ ㅋ ㅋ,진짜 웃김 10000000 점 ㅋ ㅋ ㅋ ㅋ ㅋ ㅋ ㅋ ㅋ ㅋ ㅋ ㅋ ㅋ ㅋ,2020-04-24 21:13:36
508440,Totally Accurate Battle Simulator,positive,dlc잼,dlc 잼,2020-04-23 17:03:58
508440,Totally Accurate Battle Simulator,positive,fnousdfrhsahjfgsjdihghsafdjojviushdgiuhsnkdjfuilshgushakjdjiOSUJfduiefhdnkfiorijfoijeswf,fnousdfrhsahjfgsjdihghsafdjojviushdgiuhsnkdjfuilshgushakjdjiOSUJfduiefhdnkfiorijfoijeswf,2020-04-23 16:53:46
508440,Totally Accurate Battle Simulator,positive,업데이트가 안되요 게임 초기 버전으로 계속 하고 있습니다.,업데이트 가 안되요 게임 초기 버전 으로 계속 하고 있습니다 .,2020-04-22 23:36:10
508440,Totally Accurate Battle Simulator,positive,플래이 하지 마세요! 너무 재미있어서 못 빠져나올 거에요!!!!!,플 래 이 하지 마세요 ! 너무 재미있어서 못 빠져나올 거 에요 !!!!!,2020-04-21 12:42:52
508440,Totally Accurate Battle Simulator,positive,포아너 ) 구경꾼 시점,포아 너 ) 구경꾼 시점,2020-04-20 13:07:34
508440,Totally Accurate Battle Simulator,positive,어케하느냐에따라 개꿀잼게임,어케 하느냐에 따라 개꿀잼 게임,2020-04-19 02:31:25
508440,Totally Accurate Battle Simulator,positive,토탈워 느낌,토탈워 느낌,2020-04-18 15:55:42
508440,Totally Accurate Battle Simulator,positive,내 메타스코어 : 81 병맛이라기엔 고급진데?,내 메타 스코어 : 81 병맛 이라기 엔 고급 진데 ?,2020-04-17 09:38:15
508440,Totally Accurate Battle Simulator,positive,괜찮다 나쁘지 않다.,괜찮다 나쁘지 않다 .,2020-04-14 17:44:40
508440,Totally Accurate Battle Simulator,positive,꼬추잡으면 죽는게임,꼬추잡으 면 죽는 게임,2020-04-14 15:54:27
508440,Totally Accurate Battle Simulator,positive,에? (캐릭터들 귀엽당),에 ? ( 캐릭터 들 귀엽당 ),2020-04-12 17:36:47
508440,Totally Accurate Battle Simulator,positive,yes. i really recommend the <TOtally Accurate battle simulator> that have never bored in my playing the game !!,yes . i really recommend the < TOtally Accurate battle simulator > that have never bored in my playing the game !!,2020-04-12 17:18:59
508440,Totally Accurate Battle Simulator,positive,꿀잼,꿀잼,2020-04-12 15:34:58
508440,Totally Accurate Battle Simulator,positive,재밌음,재밌음,2020-04-10 00:06:27
508440,Totally Accurate Battle Simulator,positive,조음,조음,2020-04-09 23:36:12
508440,Totally Accurate Battle Simulator,positive,wjdakfwpaldlTek,wjdakfwpaldlTek,2020-04-09 22:21:39
508440,Totally Accurate Battle Simulator,positive,조금만 해도 재미있는데 외국 유저들이 만든 모드를 적용시킬수 있어서 더 재밌었어요,조금 만 해도 재미있는데 외국 유저 들 이 만든 모드 를 적용 시킬수 있어서 더 재밌었어요,2020-04-09 17:51:03
508440,Totally Accurate Battle Simulator,positive,돈을 버는 목적보다 유저들의 재미를 더 우선시하는 느낌이 많이 드는 갓겜. pvp가 없는게 좀 아쉽지만 다양한 시스템에 저세상 물리엔진을 칭찬 합니다. 최근 레거시 업데이트로 슈퍼 피센트와 다크 피센트의 복귀도 좋고요 좀 있으면 유닛을 직접 제작하는 기능도 생긴다니 기대가 됩니다. 추천도99%,돈 을 버 는 목적 보다 유저 들 의 재미 를 더 우선 시 하 는 느낌 이 많이 드는 갓 겜 . pvp 가 없는게 좀 아쉽지만 다양한 시스템 에 저 세상 물리엔진 을 칭찬 합니다 . 최근 레거시 업데이트 로 슈퍼 피 센트 와 다크 피 센트 의 복귀 도 좋고요 좀 있으면 유닛 을 직접 제작 하는 기능 도 생긴다니 기대 가 됩니다 . 추천 도 99%,2020-04-08 10:46:57
508440,Totally Accurate Battle Simulator,positive,컴터가 기본적으로 좋아야함. 컴터 좋으면 사서 플레이해보는것도 나쁘지 않음.,컴터 가 기본 적 으로 좋아야 함 . 컴터 좋으면 사서 플레이 해보는것도 나쁘지 않음 .,2020-04-07 21:26:25
508440,Totally Accurate Battle Simulator,positive,"1 . 병맛게임입니다, 2 . 신박합니다. 3 . 게임중에선 가장 병맛일겁니다. 4 . 임금님이 가장 사기입니다.","1 . 병맛 게임 입니다 , 2 . 신 박합니다 . 3 . 게임 중 에선 가장 병맛 일 겁니다 . 4 . 임금님 이 가장 사기 입니다 .",2020-04-07 17:41:09
508440,Totally Accurate Battle Simulator,positive,adsfg,adsfg,2020-04-07 13:46:07
508440,Totally Accurate Battle Simulator,positive,멋있는 전투가능한거가 레드잭하고 티펴 밖에없움 기본적으로 칼을방어하는 건 기본으로 있으면 좋으련만 화살이 너무 얕게 꽅힘 적어도 관통은 아니지만 말입니다. 글고 갈로배면 그대로 썰리는거 이것들 다하려면6개월정도 걸리겠네요 나쁘지는 않습니다,멋있는 전투 가능한거가 레드 잭 하고 티 펴 밖 에 없 움 기본 적 으로 칼 을 방어 하 는 건 기본 으로 있으면 좋으련만 화살 이 너무 얕게 꽅힘 적어도 관통 은 아니지만 말 입니다 . 글 고 갈로 배면 그대로 썰리는거 이 것 들 다 하려면 6 개월 정도 걸리겠네요 나쁘지는 않습니다,2020-04-07 12:34:29
508440,Totally Accurate Battle Simulator,positive,z,z,2020-04-06 15:53:02
508440,Totally Accurate Battle Simulator,positive,킬링타임,킬링타임,2020-04-05 23:11:33
508440,Totally Accurate Battle Simulator,positive,gfhfhfg,gfhfhfg,2020-04-03 23:03:33
508440,Totally Accurate Battle Simulator,positive,Wow great,Wow great,2020-04-02 22:50:58
508440,Totally Accurate Battle Simulator,positive,너무 재미있어요,너무 재미있어요,2020-04-02 19:43:19
508440,Totally Accurate Battle Simulator,positive,굿굿굿굿,굿굿굿굿,2020-04-02 14:29:22
508440,Totally Accurate Battle Simulator,positive,"영상만 봤을때는 뭐 이런 게임이 다 있나 했다. 플레이 후 감상은, 뭐 이런 게임이 다 있나 한다. 나름대로의 승리를 향한 전략이 존재하지만, 그렇게 이기는 것보다 미친짓을 시도해 보는게 더 재미있음. 미친짓이 성공할때의 쾌감은 이로 말할 수 없음.","영상 만 봤을 때 는 뭐 이런 게임 이 다 있나 했다 . 플레이 후 감상 은 , 뭐 이런 게임 이 다 있나 한다 . 나름 대로의 승리 를 향 한 전략 이 존재 하 지만 , 그렇게 이기는 것 보다 미친 짓 을 시도 해 보는게 더 재미있음 . 미친 짓 이 성공할 때 의 쾌감 은 이로 말 할 수 없음 .",2020-04-02 00:54:46
508440,Totally Accurate Battle Simulator,positive,재밌네요,재밌네요,2020-04-01 12:36:31
508440,Totally Accurate Battle Simulator,positive,정말정말재미있내요 소환하다가돌연병이병사도놔와서웃기내요,정말 정말 재미있내요 소환 하다가 돌연 병 이 병사 도 놔와 서 웃기 내 요,2020-03-30 21:58:07
508440,Totally Accurate Battle Simulator,positive,it's so funny,it ' s so funny,2020-03-30 16:47:53
508440,Totally Accurate Battle Simulator,positive,엄청나게 갓겜입니다 돈있으시면 사시는게 나을듯,엄청나게 갓 겜 입니다 돈 있으시면 사시는게 나을듯,2020-03-28 19:43:35
508440,Totally Accurate Battle Simulator,positive,모드 깔아서 하는게 더 재밌는듯,모드 깔아서 하는게 더 재밌는듯,2020-03-27 21:50:58
508440,Totally Accurate Battle Simulator,positive,굿,굿,2020-03-26 13:26:32
508440,Totally Accurate Battle Simulator,positive,기본적으로 굉장히 재밌게 했고 한글화는 굳이 필요 없지만 없어서 아쉬운게 캠페인 다 깨고 나서 다른사람들이 만든거 다운 받을 때는 영어라서 뭔지 모름. 그냥 다운 수 많은거 받으면 무난하게 재밌게 할수 있음. 유닛 제한은 꼭 키고 해야 재밌고 제한 없으면 넘모쉬움. 치어리더에 해적 캐논으로 멀리서 빵빵쏘면 왠만한건 다이김.;,기본 적 으로 굉장히 재밌게 했고 한글화 는 굳이 필요 없지만 없어서 아쉬운게 캠페인 다 깨고 나서 다른사람 들 이 만든거 다운 받을 때 는 영어 라서 뭔 지 모름 . 그냥 다운 수 많은거 받으면 무난 하게 재밌게 할수 있음 . 유닛 제한 은 꼭 키 고 해야 재밌고 제한 없으면 넘 모 쉬움 . 치어리더 에 해적 캐논 으로 멀리 서 빵빵 쏘면 왠만한건 다 이김 .;,2020-03-26 10:42:38
508440,Totally Accurate Battle Simulator,positive,재밌음 업데이트도 좀 빨리 하면 좋겠다...,재밌음 업데이트 도 좀 빨리 하면 좋겠다 ...,2020-03-25 15:04:51
508440,Totally Accurate Battle Simulator,positive,그냥 재미있다,그냥 재미있다,2020-03-24 21:29:00
508440,Totally Accurate Battle Simulator,positive,갓갬 15500원 정가주고 사도 충분하고 진짜 재밌다 계속해서 분량많고 퀄리티 높은 업데이트가 되고 있고 샌드박스 모드로 자신만의 전투를 할수있어서 플탐은 무한하다(질리지만 않는다면) 이런류 좋아하거나 할겜이 없다면 딱이다,갓 갬 15500원 정가 주고 사도 충분하고 진짜 재밌다 계속 해서 분량 많고 퀄리티 높은 업데이트 가 되고 있고 샌드박스 모드 로 자신 만의 전투 를 할수있어서 플 탐은 무한 하다 ( 질리 지만 않는다면 ) 이런 류 좋아하거나 할 겜 이 없다면 딱이다,2020-03-24 20:22:34
508440,Totally Accurate Battle Simulator,positive,"와. 너.무.재.미.있.다 이.건.다.른.사.람.도.해.야.되 무.려 15,500원. 이.라.는 .착.한.가.격,에.갓겜","와 . 너 . 무 . 재 . 미 . 있 . 다 이 . 건 . 다 . 른 . 사 . 람 . 도 . 해 . 야 . 되 무 . 려 15,500원 . 이 . 라 . 는 . 착 . 한 . 가 . 격 , 에 . 갓 겜",2020-03-23 19:10:41
508440,Totally Accurate Battle Simulator,positive,한국어도 됫으면 좋겠습니다 갓갬,한국어 도 됫으 면 좋겠습니다 갓 갬,2020-03-23 12:34:10
508440,Totally Accurate Battle Simulator,positive,453678I9OLP;',453678 I 9 OLP ;',2020-03-22 14:41:30
508440,Totally Accurate Battle Simulator,positive,할거없을때 하기 딱 좋은 게임입니다.,할거 없을 때 하기 딱 좋은 게임 입니다 .,2020-03-21 19:50:25
508440,Totally Accurate Battle Simulator,positive,시간 남을 때 개꿀잼,시간 남 을 때 개꿀잼,2020-03-21 17:07:07
508440,Totally Accurate Battle Simulator,positive,sdfdgfhgjkjlk;kjhgfdsawWERGTBYFH XVZCX,sdfdgfhgjkjlk ; kjhgfdsawWERGTBYFH XVZCX,2020-03-21 15:35:30
508440,Totally Accurate Battle Simulator,positive,재미있음,재미있음,2020-03-21 11:45:42
508440,Totally Accurate Battle Simulator,positive,"Just add mod support, and it will become a perfect game! Haha.","Just add mod support , and it will become a perfect game ! Haha .",2020-03-21 05:19:02
508440,Totally Accurate Battle Simulator,positive,게임 유튜브 중에 구매한건 이 게임이 처음 재밌음 너무 오래해서 머리아픔,게임 유튜브 중 에 구 매 한 건 이 게임 이 처음 재밌음 너무 오래 해서 머리 아픔,2020-03-19 18:29:04
508440,Totally Accurate Battle Simulator,positive,머리 비우고 아무 생각없이하기 좋다,머리 비우고 아무 생각 없이 하기 좋다,2020-03-18 15:55:13
508440,Totally Accurate Battle Simulator,positive,갓겜,갓 겜,2020-03-18 07:24:08
508440,Totally Accurate Battle Simulator,positive,.,.,2020-03-17 17:05:54
508440,Totally Accurate Battle Simulator,positive,홍빠이,홍빠이,2020-03-16 15:47:37
508440,Totally Accurate Battle Simulator,positive,q,q,2020-03-15 12:41:52
508440,Totally Accurate Battle Simulator,positive,시간때우기최고,시간 때우기 최고,2020-03-14 21:30:05
508440,Totally Accurate Battle Simulator,positive,같은 배치 같은 상황이어도 물리엔진과 플레이어의 조작에 의해 승패가 결정나는 신기한 시뮬레이션 게임,같은 배치 같은 상황 이어도 물리엔진 과 플레이어 의 조작 에 의해 승패 가 결정 나 는 신기한 시뮬레이션 게임,2020-03-14 18:14:29
508440,Totally Accurate Battle Simulator,positive,3년간 존버탄 보람이 있다,3년 간 존버탄 보람 이 있다,2020-03-13 19:06:04
508440,Totally Accurate Battle Simulator,positive,this game give the happy,this game give the happy,2020-03-12 21:56:46
508440,Totally Accurate Battle Simulator,positive,good,good,2020-03-12 16:59:07
508440,Totally Accurate Battle Simulator,positive,베타 때부터 했던 겜 출시되니 더 갓겜이 되었다.,베타 때 부터 했던 겜 출시 되니 더 갓 겜 이 되었다 .,2020-03-12 00:57:45
508440,Totally Accurate Battle Simulator,positive,정말 재미있고 잘만들엇다 그런데 한글화가되었으면 한다,정말 재미있고 잘 만들엇다 그런데 한글화 가 되었으면 한다,2020-03-11 22:08:37
508440,Totally Accurate Battle Simulator,positive,이거 15000이 아니라 30000원이다,이 거 15000 이 아니라 30000원 이다,2020-03-11 11:50:53
508440,Totally Accurate Battle Simulator,positive,개꿀잼임 시간 때울때 완전 좋음 근데 어지간히 좋은 컴퓨터 아니면 렉 오짐,개꿀잼임 시간 때울 때 완전 좋음 근데 어지간히 좋은 컴퓨터 아니면 렉 오 짐,2020-03-10 13:09:23
508440,Totally Accurate Battle Simulator,positive,제가 이거 초기떄부터 해왔는데 정말 잼있음. 꼭 추천,제 가 이 거 초기떄 부터 해왔는데 정말 잼있음 . 꼭 추천,2020-03-09 08:55:42
508440,Totally Accurate Battle Simulator,positive,와,와,2020-03-08 18:51:24
508440,Totally Accurate Battle Simulator,positive,슬로우 모드로 한다음에 애들 한명씩 살펴보면 개웃김,슬로우 모드 로 한 다음 에 애 들 한 명 씩 살펴보면 개 웃김,2020-03-07 20:53:43
508440,Totally Accurate Battle Simulator,positive,rlflfllf,rlflfllf,2020-03-07 20:44:26
508440,Totally Accurate Battle Simulator,positive,"etanatyjtyu,y","etanatyjtyu , y",2020-03-06 17:56:27
508440,Totally Accurate Battle Simulator,positive,흠,흠,2020-03-05 22:37:43
508440,Totally Accurate Battle Simulator,positive,너무 재미있고 겁나 웃겨서 배곱 터짐,너무 재미있고 겁나 웃겨서 배곱 터짐,2020-03-05 10:54:09
508440,Totally Accurate Battle Simulator,positive,d,d,2020-03-03 21:41:04
508440,Totally Accurate Battle Simulator,positive,재미있어요,재미있어요,2020-03-03 21:01:19
508440,Totally Accurate Battle Simulator,positive,좋음,좋음,2020-03-02 17:26:05
508440,Totally Accurate Battle Simulator,positive,갓겜,갓 겜,2020-03-02 13:44:10
508440,Totally Accurate Battle Simulator,positive,꿀잼,꿀잼,2020-03-02 12:25:14
508440,Totally Accurate Battle Simulator,positive,vvㅣ발 좀 쳐가라고 지들끼리부비지말고,vv ㅣ 발 좀 쳐가라고 지 들 끼리 부비 지말고,2020-03-01 22:32:53
508440,Totally Accurate Battle Simulator,positive,f,f,2020-03-01 19:48:20
508440,Totally Accurate Battle Simulator,positive,유료게임이지만 많이 팔린 이유가 다 있다....너무 재밌음,유료 게임 이지만 많이 팔린 이유 가 다 있다 .... 너무 재밌음,2020-03-01 19:09:50
508440,Totally Accurate Battle Simulator,positive,재밌긴한데 업뎃을 너무 안함 landfall 일해라,재밌긴한데 업뎃 을 너무 안함 landfall 일해 라,2020-02-29 23:07:44
508440,Totally Accurate Battle Simulator,positive,전략+병맛+조종기능=모두를 만족시키는 게임,전략 + 병맛 + 조종 기능 = 모두 를 만족 시키는 게임,2020-02-29 12:20:37
508440,Totally Accurate Battle Simulator,positive,아주 재미있음,아주 재미있음,2020-02-29 09:30:02
508440,Totally Accurate Battle Simulator,positive,god game,god game,2020-02-28 23:25:05
508440,Totally Accurate Battle Simulator,positive,이건 진짜 성장하는 게임인듯 하다 (.....이제성장좀해줘),이건 진짜 성장하는 게임 인 듯 하다 (..... 이 제 성장 좀 해줘 ),2020-02-28 13:01:09
508440,Totally Accurate Battle Simulator,positive,딱 재밌는 게임,딱 재밌는 게임,2020-02-26 13:42:31
508440,Totally Accurate Battle Simulator,positive,너무 병맛이라 중독되고 재밌어요,너무 병맛 이라 중독 되고 재밌어요,2020-02-24 17:04:19
508440,Totally Accurate Battle Simulator,positive,ZZZZZZZZZZZZ,ZZZZZZZZZZZZ,2020-02-24 16:56:25
508440,Totally Accurate Battle Simulator,positive,hahaha,hahaha,2020-02-22 16:20:22
508440,Totally Accurate Battle Simulator,positive,갓겜,갓 겜,2020-02-21 20:15:31
508440,Totally Accurate Battle Simulator,positive,이거 재밋음 해볼만함 ㄹㅇ 약간 멍청이들이 싸우는듯한느낌 내 멍청이(아군)가 좀더 똑똑해야 이김ㅋㅋ,이 거 재밋음 해볼만 함 ㄹㅇ 약간 멍청이 들 이 싸우는듯 한 느낌 내 멍청이 ( 아군 ) 가 좀더 똑똑해야 이김 ㅋㅋ,2020-02-20 20:16:13
508440,Totally Accurate Battle Simulator,positive,업데이트 줘언나 안허네,업데이트 줘 언나 안 허네,2020-02-18 22:14:11
508440,Totally Accurate Battle Simulator,positive,캐릭골라서 내가 플레이하는 기능 생겨서 너무 좋음. 이렇게 플레이 하니까 뭔가 타격 액션 같아서 재밌음,캐릭 골 라서 내 가 플레이 하는 기능 생겨서 너무 좋음 . 이렇게 플레이 하니까 뭔가 타격 액션 같아서 재밌음,2020-02-17 23:27:54
508440,Totally Accurate Battle Simulator,positive,"이 게임은 꿀잼 입니다 진심으로 강추!! This game is Fun, just downlord it!!","이 게임 은 꿀잼 입니다 진심 으로 강추 !! This game is Fun , just downlord it !!",2020-02-17 20:12:33
508440,Totally Accurate Battle Simulator,positive,비밀,비밀,2020-02-17 19:32:14
508440,Totally Accurate Battle Simulator,positive,확실히 잘만들긴했는데 뭔가 컨텐츠가 부족해서 그런지 금방 질리는 느낌이 있음,확실히 잘 만들긴 했는데 뭔가 컨텐츠 가 부족해서 그런지 금방 질리는 느낌 이 있음,2020-02-17 12:42:57
508440,Totally Accurate Battle Simulator,positive,이게임의 부족한점만 골라서 비판적으로 게임하려고 했는데도 재밌었음 갓겜 인정합니다.,이 게임 의 부족한 점 만 골 라서 비판 적 으로 게임 하려고 했는데도 재밌었음 갓 겜 인정 합니다 .,2020-02-17 03:57:14
508440,Totally Accurate Battle Simulator,positive,대포에 치어리더 달고 수동조작하면 사실상 90%의 레벨을 클리어 할수 있다... 이거 치트기급이니 재미를 위해선 가급적이면 하지 말 것,대포 에 치어리더 달 고 수 동 조작 하 면 사실 상 90% 의 레벨 을 클리어 할수 있다 ... 이 거 치트 기급 이니 재미 를 위해 선 가급적 이면 하지 말 것,2020-02-17 03:15:47
508440,Totally Accurate Battle Simulator,positive,넘모 재밌어요 이거 업데이트가 기대됩니다,넘 모 재밌어요 이 거 업데이트 가 기대 됩니다,2020-02-16 23:09:19
508440,Totally Accurate Battle Simulator,positive,꿀잼,꿀잼,2020-02-16 07:33:50
508440,Totally Accurate Battle Simulator,positive,grate ksadlnglaw,grate ksadlnglaw,2020-02-15 15:48:37
508440,Totally Accurate Battle Simulator,positive,이 게임 진짜 병맛이며 재밌음 만약 감제원님이 이 글을 보고게신다면 이게임 해 보세요 추천합니다~~~~~~~~~,이 게임 진짜 병맛 이며 재밌음 만약 감 제 원님 이 이 글 을 보고 게 신다면 이 게임 해 보세요 추천 합니다 ~~~~~~~~~,2020-02-14 18:35:13
508440,Totally Accurate Battle Simulator,positive,잇츠 배리 펀,잇츠 배리 펀,2020-02-12 21:49:52
508440,Totally Accurate Battle Simulator,positive,good,good,2020-02-12 18:08:34
508440,Totally Accurate Battle Simulator,positive,병맛 그래도 유닛 배치에 따른 전략게임,병맛 그래도 유닛 배치 에 따른 전략 게임,2020-02-12 14:53:33
508440,Totally Accurate Battle Simulator,positive,갓겜,갓 겜,2020-02-12 06:42:18
508440,Totally Accurate Battle Simulator,positive,woadlTek,woadlTek,2020-02-11 21:50:19
508440,Totally Accurate Battle Simulator,positive,캐릭터를 직접플레이할수있어서 좋다 It's nice to be able to play characters in the game.,캐릭터 를 직접 플레이 할수있어서 좋다 It ' s nice to be able to play characters in the game .,2020-02-10 10:38:23
508440,Totally Accurate Battle Simulator,positive,그그냥 맞다이 까는거임,그 그냥 맞다이 까는거 임,2020-02-09 15:17:41
508440,Totally Accurate Battle Simulator,positive,그냥 병맛,그냥 병맛,2020-02-09 10:19:38
508440,Totally Accurate Battle Simulator,positive,갱비스트 대규모버전,갱 비스트 대규모 버전,2020-02-09 02:54:27
508440,Totally Accurate Battle Simulator,positive,꿀젬,꿀젬,2020-02-08 19:43:02
508440,Totally Accurate Battle Simulator,positive,굿,굿,2020-02-08 11:48:54
508440,Totally Accurate Battle Simulator,positive,아이들이 친구들과 같이 하기 좋은 게임 입니다.,아이 들 이 친구 들 과 같이 하기 좋은 게임 입니다 .,2020-02-07 21:35:28
508440,Totally Accurate Battle Simulator,positive,good,good,2020-02-07 18:30:52
508440,Totally Accurate Battle Simulator,positive,넘모 재미지자저,넘 모 재미 지자 저,2020-02-05 19:29:09
508440,Totally Accurate Battle Simulator,positive,꿀잼,꿀잼,2020-02-05 14:51:17
508440,Totally Accurate Battle Simulator,positive,이거 스틱파이터 만든회사랑 같은회사인데;; 와우,이 거 스틱 파이터 만든 회사 랑 같은 회사 인데 ;; 와우,2020-02-04 21:34:08
508440,Totally Accurate Battle Simulator,positive,이거 왜 캐릭터 만드는건 불이 안켜져 있음????,이 거 왜 캐릭터 만드는건 불 이 안 켜져 있음 ????,2020-02-04 04:45:41
508440,Totally Accurate Battle Simulator,positive,존1나 할짓없을떄 심심풀이용으로 딱 좋음,존 1 나 할 짓 없을 떄 심심 풀 이용 으로 딱 좋음,2020-02-03 23:27:03
508440,Totally Accurate Battle Simulator,positive,갓겜 그자체,갓 겜 그 자체,2020-02-01 11:46:25
508440,Totally Accurate Battle Simulator,positive,great game,great game,2020-02-01 09:06:57
508440,Totally Accurate Battle Simulator,positive,게임 불감증을 날려줬다. 다운로드 받고 밤새서 시나리오 완료. 근래 가장 재밌게 한 게임.,게임 불감증 을 날려 줬다 . 다운로드 받고 밤새서 시나리오 완료 . 근래 가장 재밌게 한 게임 .,2020-02-01 01:44:45
508440,Totally Accurate Battle Simulator,positive,"IT IS A BERY FUNNY,BUT IT HAS A HUGE BUG (IF THE KING FIGHT MANY MOMMOTHS,HE'S ATTACK IS GET STRONG","IT IS A BERY FUNNY , BUT IT HAS A HUGE BUG ( IF THE KING FIGHT MANY MOMMOTHS , HE ' S ATTACK IS GET STRONG",2020-01-29 19:50:26
508440,Totally Accurate Battle Simulator,positive,심심할때 하면 꿀잼,심심할 때 하면 꿀잼,2020-01-29 14:34:47
508440,Totally Accurate Battle Simulator,positive,"Accurate한 전투는 아니고 그냥 판타지 막장 게임인데 시간 채우기 용으로 좋다. 다만, 후반부 미션은... 난이도가 운영이 아닌 컨트롤 여부가 좀 커지는 경향이 있어 재미가 많이 죽는다.","Accurate 한 전투 는 아니고 그냥 판타지 막장 게임 인데 시간 채우기 용 으로 좋다 . 다만 , 후반 부 미션 은 ... 난이도 가 운영 이 아닌 컨트롤 여부 가 좀 커지는 경향 이 있어 재미 가 많이 죽는다 .",2020-01-27 16:34:56
508440,Totally Accurate Battle Simulator,positive,꾸르잼,꾸르잼,2020-01-26 20:15:07
508440,Totally Accurate Battle Simulator,positive,최고,최고,2020-01-26 14:03:20
508440,Totally Accurate Battle Simulator,positive,심심할때하면최고의게임,심심할 때 하 면 최고 의 게임,2020-01-26 09:05:49
508440,Totally Accurate Battle Simulator,positive,good,good,2020-01-25 14:41:30
508440,Totally Accurate Battle Simulator,positive,전략전쟁을 좋아하는 사람에게는 개꿀일듯,전략 전쟁 을 좋아하는 사람 에게는 개꿀 일듯,2020-01-21 21:11:16
508440,Totally Accurate Battle Simulator,positive,아주 재미있고 2000시간을 우선목표로 하고 있습니당,아주 재미있고 2000시간 을 우선 목표 로 하고 있 습 니당,2020-01-21 05:03:32
508440,Totally Accurate Battle Simulator,positive,Pretty awesome game!,Pretty awesome game !,2020-01-21 03:20:18
508440,Totally Accurate Battle Simulator,positive,굿 ㅋㅋㅋㅋㅋㅋㅋㅋㅋㅋㅋ,굿 ㅋㅋㅋㅋㅋㅋㅋㅋㅋㅋㅋ,2020-01-20 09:57:52
508440,Totally Accurate Battle Simulator,positive,참고로 저 로봇 아님,참고 로 저 로봇 아님,2020-01-19 20:20:18
508440,Totally Accurate Battle Simulator,positive,존나 재미있는 게임,존나 재미있는 게임,2020-01-19 18:54:46
508440,Totally Accurate Battle Simulator,positive,good,good,2020-01-19 14:35:43
508440,Totally Accurate Battle Simulator,positive,"ㅐㅐㅔㅣ,,으나젇보갸렁ㅎ너ㅗㅗㅗㅗ병신","ㅐㅐㅔㅣ ,, 으나젇보갸렁 ㅎ 너 ㅗㅗㅗㅗ 병신",2020-01-19 10:06:44
508440,Totally Accurate Battle Simulator,positive,에전에는 안잔 멍청했는데 이제는 좀 전투다운(?)걸 하는 것같아요.,에전 에는 안잔 멍청했는데 이제 는 좀 전투 다운 (?) 걸 하는 것 같아요 .,2020-01-18 20:22:54
508440,Totally Accurate Battle Simulator,positive,재미있어요,재미있어요,2020-01-17 23:31:16
508440,Totally Accurate Battle Simulator,positive,와 재미썽,와 재미 썽,2020-01-16 15:15:09
508440,Totally Accurate Battle Simulator,positive,amazing game,amazing game,2020-01-15 02:35:37
508440,Totally Accurate Battle Simulator,positive,★★★★☆,★★★★☆,2020-01-14 17:50:16
508440,Totally Accurate Battle Simulator,positive,가성비가매우좋고 안질린다 VERY VERY VERY GOOOOOOOD!!!!!!!!!!!!!!!!!!!!!!!!!!!!!!!!!!!!!!!!!!,가성 비 가 매우 좋고 안질린다 VERY VERY VERY GOOOOOOOD !!!!!!!!!!!!!!!!!!!!!!!!!!!!!!!!!!!!!!!!!!,2020-01-14 16:38:56
508440,Totally Accurate Battle Simulator,positive,재밌다,재밌다,2020-01-14 15:48:22
508440,Totally Accurate Battle Simulator,positive,재미있음,재미있음,2020-01-12 13:58:31
508440,Totally Accurate Battle Simulator,positive,너무 재밌습니다 I LOVE Landfall,너무 재밌습니다 I LOVE Landfall,2020-01-09 23:30:08
508440,Totally Accurate Battle Simulator,positive,멀리서 보면 '장관' 이지만 가까이서 보면 '가관' 이다,멀리 서 보면 ' 장관 ' 이지만 가까이 서 보면 ' 가관 ' 이다,2020-01-09 16:25:39
508440,Totally Accurate Battle Simulator,positive,"병맛,전투를 원한다면 사야할게임","병맛 , 전투 를 원한다면 사야 할 게임",2020-01-07 22:11:40
508440,Totally Accurate Battle Simulator,positive,토탈워 보다 대단한게임임 추천드림,토탈워 보다 대 단 한게임 임 추천 드림,2020-01-07 15:54:20
508440,Totally Accurate Battle Simulator,positive,새 팩션 추가가 기대되는 게임. 멀티도 나왔으면 좋겠다,새 팩션 추가 가 기대 되는 게임 . 멀티 도 나왔으면 좋겠다,2020-01-07 07:17:22
508440,Totally Accurate Battle Simulator,positive,ang,ang,2020-01-05 20:24:13
508440,Totally Accurate Battle Simulator,positive,심심풀이로 좋네요,심심 풀이 로 좋네요,2020-01-05 18:11:11
508440,Totally Accurate Battle Simulator,positive,개꿀잼,개꿀잼,2020-01-05 12:46:58
508440,Totally Accurate Battle Simulator,positive,"토탈리 어큐레이트 시리즈에 입문한것을 환영합니다! 이미 배틀그라운드 비슷한 병맛그라운드가 있죠. 저는 이 제품을 쉽게 말해서 갓겜이라고 하고싶습니다. 여러 업데이트로 인한 새로운 진영의 등장과 맵들을 추가해주는 등, 자잘한 업데이트로 게임환경을 좋게해줍니다. 다만 제 컴이 그닥 좋지 않아서 여러명 소환해서 싸우는건 불가하지만 거뜬히 190은 넘게 소환할 수 있습니다. 다른 사람에게 추천하냐고요? 저라면 추천할것 같습니다. 만족했어요. [spoiler] 세일할때 사세요.[/spoiler]","토탈 리 어큐레이트 시리즈 에 입문 한 것 을 환영 합니다 ! 이미 배틀 그 라운드 비슷한 병맛 그 라운드 가 있죠 . 저 는 이 제품 을 쉽게 말 해서 갓 겜 이라고 하고싶습니다 . 여러 업데이트 로 인한 새로운 진영 의 등장 과 맵 들 을 추가 해주는 등 , 자잘한 업데이트 로 게임 환경 을 좋게 해줍니다 . 다만 제 컴 이 그닥 좋지 않아서 여러 명 소환 해서 싸우는건 불가하지만 거뜬히 190 은 넘게 소환 할 수 있습니다 . 다른 사람 에게 추천 하냐고요 ? 저 라면 추천 할것 같습니다 . 만족했어요 . [ spoiler ] 세 일 할 때 사세요 .[/ spoiler ]",2020-01-05 12:34:48
508440,Totally Accurate Battle Simulator,positive,이 게임을 하고 나서 내 인생이 달라졌다!,이 게임 을 하고 나서 내 인생 이 달라졌다 !,2020-01-05 10:58:03
508440,Totally Accurate Battle Simulator,positive,앞으로도 자유도가 높아지면 더 재밌어질 게임 어릴 적 병정놀이를 컴퓨터로 재현하면 이런 느낌일까,앞 으로도 자유도 가 높아지면 더 재밌어질 게임 어릴 적 병정놀이 를 컴퓨터 로 재현 하면 이런 느낌 일까,2020-01-05 02:26:50
508440,Totally Accurate Battle Simulator,positive,ㅋㅋㅋㅋㅋㅋㅋㅋㅋㅋㅋㅋㅋㅋㅋㅋㅋㅋㅋㅋㅋㅋㅋㅋㅋㅋ ...?,ㅋㅋㅋㅋㅋㅋㅋㅋㅋㅋㅋㅋㅋㅋㅋㅋㅋㅋㅋㅋㅋㅋㅋㅋㅋㅋ ...?,2020-01-04 02:12:20
508440,Totally Accurate Battle Simulator,positive,정말 현실적인 병맛 전쟁 매머드는 사실 하늘을 날수있다구요!,정말 현실 적 인 병맛 전쟁 매머드 는 사실 하늘 을 날수 있다구요 !,2020-01-03 22:10:05
508440,Totally Accurate Battle Simulator,positive,ㅋㅋㅋㅋㅋㅋㅋㅋㅋㅋㅋㅋㅋㅋㅋㅋㅋㅋㅋㅋㅋㅋㅋㅋㅋㅋㅋㅋㅋㅋㅋㅋㅋㅋㅋㅋㅋㅋㅋㅋㅋㅋㅋㅋㅋㅋㅋㅋㅋㅋㅋㅋㅋㅋㅋㅋㅋㅋㅋㅋㅋㅋㅋㅋㅋㅋㅋㅋㅋㅋㅋㅋㅋㅋㅋㅋㅋㅋㅋㅋㅋㅋㅋㅋㅋㅋㅋㅋㅋㅋㅋㅋㅋㅋㅋㅋㅋㅋㅋㅋㅋㅋㅋㅋㅋㅋㅋㅋㅋㅋㅋㅋㅋㅋㅋㅋㅋㅋㅋㅋㅋㅋㅋㅋㅋㅋㅋㅋㅋㅋㅋㅋㅋㅋㅋㅋㅋㅋㅋㅋㅋㅋㅋㅋㅋㅋㅋㅋㅋㅋㅋㅋㅋㅋㅋㅋㅋㅋㅋㅋㅋㅋㅋㅋㅋㅋㅋㅋㅋㅋㅋㅋㅋㅋㅋㅋㅋㅋㅋㅋㅋㅋㅋㅋㅋㅋㅋㅋㅋㅋㅋㅋㅋㅋㅋㅋㅋㅋㅋㅋㅋㅋㅋㅋㅋㅋㅋㅋㅋㅋㅋㅋㅋㅋㅋㅋㅋㅋㅋㅋㅋㅋㅋㅋㅋㅋㅋㅋㅋㅋㅋㅋㅋㅋㅋㅋㅋㅋㅋㅋㅋㅋㅋㅋㅋㅋㅋㅋㅋㅋㅋㅋㅋㅋㅋㅋㅋㅋㅋㅋㅋㅋㅋㅋㅋㅋㅋㅋㅋㅋㅋㅋㅋㅋㅋㅋㅋㅋㅋㅋㅋㅋㅋㅋㅋㅋㅋㅋㅋㅋㅋㅋㅋㅋㅋㅋㅋㅋㅋㅋ,ㅋㅋㅋㅋㅋㅋㅋㅋㅋㅋㅋㅋㅋㅋㅋㅋㅋㅋㅋㅋㅋㅋㅋㅋㅋㅋㅋㅋㅋㅋㅋㅋㅋㅋㅋㅋㅋㅋㅋㅋㅋㅋㅋㅋㅋㅋㅋㅋㅋㅋㅋㅋㅋㅋㅋㅋㅋㅋㅋㅋㅋㅋㅋㅋㅋㅋㅋㅋㅋㅋㅋㅋㅋㅋㅋㅋㅋㅋㅋㅋㅋㅋㅋㅋㅋㅋㅋㅋㅋㅋㅋㅋㅋㅋㅋㅋㅋㅋㅋㅋㅋㅋㅋㅋㅋㅋㅋㅋㅋㅋㅋㅋㅋㅋㅋㅋㅋㅋㅋㅋㅋㅋㅋㅋㅋㅋㅋㅋㅋㅋㅋㅋㅋㅋㅋㅋㅋㅋㅋㅋㅋㅋㅋㅋㅋㅋㅋㅋㅋㅋㅋㅋㅋㅋㅋㅋㅋㅋㅋㅋㅋㅋㅋㅋㅋㅋㅋㅋㅋㅋㅋㅋㅋㅋㅋㅋㅋㅋㅋㅋㅋㅋㅋㅋㅋㅋㅋㅋㅋㅋㅋㅋㅋㅋㅋㅋㅋㅋㅋㅋㅋㅋㅋㅋㅋㅋㅋㅋㅋㅋㅋㅋㅋㅋㅋㅋㅋㅋㅋㅋㅋㅋㅋㅋㅋㅋㅋㅋㅋㅋㅋㅋㅋㅋㅋㅋㅋㅋㅋㅋㅋㅋㅋㅋㅋㅋㅋㅋㅋㅋㅋㅋㅋㅋㅋㅋㅋㅋㅋㅋㅋㅋㅋㅋㅋㅋㅋㅋㅋㅋㅋㅋㅋㅋㅋㅋㅋㅋㅋㅋㅋㅋㅋㅋㅋㅋㅋㅋㅋㅋㅋㅋㅋㅋㅋㅋㅋㅋㅋㅋ,2020-01-02 14:37:00
508440,Totally Accurate Battle Simulator,positive,가끔할만함,가끔 할만 함,2020-01-02 00:07:15
508440,Totally Accurate Battle Simulator,positive,재밌음,재밌음,2020-01-01 23:47:14
508440,Totally Accurate Battle Simulator,positive,그냥 병맛인데 개꿀잼 나 혼자 스토리 상상하면서 함 시벌,그냥 병맛 인데 개꿀잼 나 혼자 스토리 상상 하면서 함 시벌,2020-01-01 11:21:49
508440,Totally Accurate Battle Simulator,positive,입 닫고 사라,입 닫고 사라,2019-12-31 18:43:57
508440,Totally Accurate Battle Simulator,positive,짱잼,짱 잼,2019-12-31 09:14:08
508440,Totally Accurate Battle Simulator,positive,시크릿유닛을 찾는게 존나게 힘든것만 제외한다면 매우 훌륭한 게임성을가진 마약이 될겁니다. 병맛캐릭터를 직접 조종해보시고 싶다면 지금당장 구매후 플래이하십시오.,시크릿 유닛 을 찾는게 존나 게 힘든것만 제 외한 다 면 매우 훌륭한 게임 성 을 가진 마약 이 될 겁니다 . 병맛 캐릭터 를 직접 조종 해보시고 싶다면 지금 당장 구매 후 플 래 이하 십 시오 .,2019-12-30 00:42:36
508440,Totally Accurate Battle Simulator,positive,최적화 존나 잘되있고 Three kingdom 짓누를 정도,최적화 존나 잘 되있고 Three kingdom 짓누를 정도,2019-12-29 11:39:27
508440,Totally Accurate Battle Simulator,positive,졸잼,졸잼,2019-12-28 01:40:41
508440,Totally Accurate Battle Simulator,positive,내가 바란건 로마군식 물량전인데 10초만에 바이킹식 개싸움이 되어버림,내 가 바란건 로마군 식 물량전 인데 10초 만에 바이킹 식 개싸움 이 되어 버림,2019-12-26 20:05:57
508440,Totally Accurate Battle Simulator,positive,시간때우기에좋음,시간 때우기에 좋음,2019-12-26 19:50:52
508440,Totally Accurate Battle Simulator,positive,it fun,it fun,2019-12-26 18:35:11
508440,Totally Accurate Battle Simulator,positive,할게많아서좋음,할게 많아서 좋음,2019-12-25 22:51:24
508440,Totally Accurate Battle Simulator,positive,재미따,재미 따,2019-12-25 15:19:53
508440,Totally Accurate Battle Simulator,positive,"이런 저런 게임을 사놓고 쟁여두기만 하고 별다른 흥미를 못느끼는 이른 바, '게임불감증' 에 걸려있었는데, 그 불감증을 해소해 준 게임입니다. 토탈워 시리즈와 비슷하지만, 복잡한 경영, 전투보다 이와 같은 단순함이 오히려 오로지 전투에만 집중할 수 있게 해주는 이 게임만의 매력인 것 같습니다. 토탈워 시리즈에 대한 매력을 느끼지만 복잡한 경영, 전투나 난이도에 거부감을 느끼신 분들은 이 게임이 채우지 못한 욕구를 충족시키주리라 믿습니다.","이런 저런 게임 을 사놓고 쟁 여 두 기만 하고 별다른 흥미 를 못 느끼는 이른 바 , ' 게임 불감증 ' 에 걸려있었는데 , 그 불감증 을 해소 해 준 게임 입니다 . 토탈워 시리즈 와 비슷하지만 , 복잡한 경영 , 전투 보다 이 와 같은 단순함이 오히려 오로지 전투 에만 집중 할 수 있게 해주는 이 게임 만의 매력 인 것 같습니다 . 토탈워 시리즈 에 대한 매력 을 느끼지만 복잡한 경영 , 전투 나 난이도 에 거부 감 을 느끼신 분 들 은 이 게임 이 채우지 못 한 욕구 를 충족 시키주리라 믿습니다 .",2019-12-24 10:07:19
508440,Totally Accurate Battle Simulator,positive,꿀잼,꿀잼,2019-12-24 01:23:51
508440,Totally Accurate Battle Simulator,positive,업데이트 갓겜,업데이트 갓 겜,2019-12-22 16:21:09
508440,Totally Accurate Battle Simulator,positive,전 정말 재밋게 하고 있습니다. 워크샾에서 맵을 다운받아서 할수도 있습니다.,전 정말 재밋 게 하고 있습니다 . 워크샾 에서 맵 을 다운 받아서 할수도 있습니다 .,2019-12-22 14:21:54
508440,Totally Accurate Battle Simulator,positive,캐릭터들이 연체긴하지만 재밌습니다.(강추!),캐릭터 들 이 연체 긴하지만 재밌습니다 .( 강추 !),2019-12-21 19:32:14
508440,Totally Accurate Battle Simulator,positive,goooood,goooood,2019-12-21 18:31:50
508440,Totally Accurate Battle Simulator,positive,꿀잼이다,꿀잼 이다,2019-12-21 16:16:09
508440,Totally Accurate Battle Simulator,positive,개꿀잼인데 주어진 스토리만 하는 나에게는 1시간 플레이하니 할게없다 따로 개인이 뭐 만들어서 대결하는거 보고 할수있기는 한데... 그건 멀티되면 훨신 재밌을듯 ㅠ,개꿀잼 인데 주어진 스토리 만 하는 나 에게는 1시간 플레이 하니 할게 없다 따로 개인 이 뭐 만들어서 대결 하는거 보고 할수 있기는 한데 ... 그건 멀티 되면 훨신 재밌을듯 ㅠ,2019-12-21 15:58:26
508440,Totally Accurate Battle Simulator,positive,너무좋음 진짜로,너무 좋음 진짜 로,2019-12-21 09:42:06
508440,Totally Accurate Battle Simulator,positive,그저 'ㅋ',그저 ' ㅋ ',2019-12-21 09:11:38
508440,Totally Accurate Battle Simulator,positive,;d;d;'d;d;d;d;d;d;d;d;d;d;d;d;;d;d;d;d;dd;;d;c;ld;d;dd;d;d;;dsㄴ;d;d;d;ㅇ;ㅇ;;ㅇ;ㅇ;ㅁㅇ;;ㅇㅁ;ㅁㅇ'ㄴ;.ㅇㅇㅇㄴㅇㄴㄴㅇ,; d ; d ;' d ; d ; d ; d ; d ; d ; d ; d ; d ; d ; d ; d ;; d ; d ; d ; d ; dd ;; d ; c ; ld ; d ; dd ; d ; d ;; ds ㄴ ; d ; d ; d ; ㅇ ; ㅇ ;; ㅇ ; ㅇ ; ㅁㅇ ;; ㅇㅁ ; ㅁㅇ ' ㄴ ;. ㅇㅇㅇㄴㅇㄴㄴㅇ,2019-12-21 08:27:15
508440,Totally Accurate Battle Simulator,positive,sjantls,sjantls,2019-12-20 23:02:38
508440,Totally Accurate Battle Simulator,positive,It is the big fun,It is the big fun,2019-12-20 10:08:57
508440,Totally Accurate Battle Simulator,positive,토탈워보다 갓겜,토탈워 보다 갓 겜,2019-12-17 10:55:13
508440,Totally Accurate Battle Simulator,positive,^오^,^ 오 ^,2019-12-16 16:40:21
508440,Totally Accurate Battle Simulator,positive,생각보다 재밌습니다. 해보세요 재밌으니까요 생각보다 시간 오래가요 근데 단점은 좀 질려서 다른 시스템을 좀... 캐릭터 커스터마이징 같은것도 좋겠네요,생각 보다 재밌습니다 . 해보세요 재밌으니까 요 생각 보다 시간 오래 가요 근데 단점 은 좀 질려서 다른 시스템 을 좀 ... 캐릭터 커스터 마이 징 같은것도 좋겠네요,2019-12-16 16:13:22
508440,Totally Accurate Battle Simulator,positive,내 뒤에 치어리더 10마리만 두고 머스킷으로 거인을 없애버려 보세요. 네? 헀다고요? 그럼 지우시면 되요. 나중에 업데이트 하면 다시 들어오세요.,내 뒤 에 치어리더 10 마리 만 두고 머스킷 으로 거인 을 없애 버려 보세요 . 네 ? 헀다고 요 ? 그럼 지우시면 되요 . 나중 에 업데이트 하면 다시 들어오세요 .,2019-12-15 18:52:31
508440,Totally Accurate Battle Simulator,positive,귀여운 전략게임,귀여운 전략 게임,2019-12-14 01:30:41
508440,Totally Accurate Battle Simulator,positive,일단 유닛 커스터마이징을 만들어서 게임 수명과 컨텐츠를 연장시킨건 정말 잘한것이라고 생각됩니다.,일단 유닛 커스터 마이 징 을 만들어서 게임 수명 과 컨텐츠 를 연장 시킨건 정말 잘 한것이라고 생각 됩니다 .,2019-12-13 18:42:01
508440,Totally Accurate Battle Simulator,positive,good,good,2019-12-13 13:55:40
508440,Totally Accurate Battle Simulator,positive,재미있다.,재미있다 .,2019-12-11 20:45:08
508440,Totally Accurate Battle Simulator,positive,잼써용!,잼 써용 !,2019-12-10 23:20:05
508440,Totally Accurate Battle Simulator,positive,ㅎ행,ㅎ 행,2019-12-10 00:02:28
508440,Totally Accurate Battle Simulator,positive,dd,dd,2019-12-09 16:01:16
508440,Totally Accurate Battle Simulator,positive,할만함 근데 오래하면 질릴수 있음,할만 함 근데 오래 하면 질릴수 있음,2019-12-08 16:57:33
508440,Totally Accurate Battle Simulator,positive,낄낄낄,낄낄 낄,2019-12-08 12:05:38
508440,Totally Accurate Battle Simulator,positive,이런,이런,2019-12-07 08:34:59
508440,Totally Accurate Battle Simulator,positive,할꺼 없을때 하면 웃고있는 나를 발견할수있다.,할꺼 없을 때 하면 웃고있는 나를 발견 할수있다 .,2019-12-06 23:15:51
508440,Totally Accurate Battle Simulator,positive,게임자체로 병맛인데 사람이 병맛이되는기분,게임 자체 로 병맛 인데 사람 이 병맛 이 되는 기분,2019-12-06 19:08:21
508440,Totally Accurate Battle Simulator,positive,앙,앙,2019-12-06 18:40:32
508440,Totally Accurate Battle Simulator,positive,땅따먹기 유즈맵 하는것 같습니다. 싸우는걸 지켜보는게 개꿀잼,땅 따먹기 유즈맵 하는것 같습니다 . 싸우는걸 지켜보는게 개꿀잼,2019-12-06 15:08:06
508440,Totally Accurate Battle Simulator,positive,c,c,2019-12-05 19:55:13
508440,Totally Accurate Battle Simulator,positive,장점 병맛임,장점 병맛 임,2019-12-04 16:53:12
508440,Totally Accurate Battle Simulator,positive,정말 현실적인 전쟁 시뮬레이터,정말 현실 적 인 전쟁 시뮬레이터,2019-12-04 13:04:22
508440,Totally Accurate Battle Simulator,positive,재밌고 앞으로고 더 기대되는 게임이에요 뭔가 훨씬 더 재밌게 놀수 있을거 같은데..,재밌고 앞 으로 고 더 기대 되는 게임 이에요 뭔가 훨씬 더 재밌게 놀수 있을거 같은데 ..,2019-12-04 00:34:01
508440,Totally Accurate Battle Simulator,positive,내가 이런걸 원했지 ㅋㅋㅋㅋㅋㅋ,내 가 이런 걸 원했지 ㅋㅋㅋㅋㅋㅋ,2019-12-03 22:53:09
508440,Totally Accurate Battle Simulator,positive,다들알자너 망설이지말고 지름됨,다 들 알자 너 망설이지말고 지름 됨,2019-12-03 22:31:28
508440,Totally Accurate Battle Simulator,positive,잼씀,잼 씀,2019-12-03 21:54:11
508440,Totally Accurate Battle Simulator,positive,굿,굿,2019-12-03 20:28:14
508440,Totally Accurate Battle Simulator,positive,재밌습니다,재밌습니다,2019-12-03 14:30:09
508440,Totally Accurate Battle Simulator,positive,jh,jh,2019-12-02 22:47:20
508440,Totally Accurate Battle Simulator,positive,이유는 모르겠지만 엄청 재밌다,이유 는 모르겠지만 엄청 재밌다,2019-12-02 11:12:46
508440,Totally Accurate Battle Simulator,positive,"갓겜, 한글화랑 최적화좀 해주면 좋을텐데.","갓 겜 , 한글화 랑 최적화 좀 해주면 좋을텐데 .",2019-12-01 22:21:35
508440,Totally Accurate Battle Simulator,positive,짱잼,짱 잼,2019-12-01 20:53:04
508440,Totally Accurate Battle Simulator,positive,멀티멀티멀티 맵 수정 맵 수정 유닛 유닛,멀티 멀티 멀티 맵 수정 맵 수정 유닛 유닛,2019-12-01 20:19:01
508440,Totally Accurate Battle Simulator,positive,its just rly fun man,its just rly fun man,2019-12-01 12:12:12
508440,Totally Accurate Battle Simulator,positive,"꾸준한 업데이트, 재미있음, 10시간 이상의 플레이타임 정가 주고도 살만하다","꾸준한 업데이트 , 재미있음 , 10시간 이상 의 플레이 타임 정가 주 고도 살 만하 다",2019-11-30 20:25:42
508440,Totally Accurate Battle Simulator,positive,really fun especially when you have friends watching,really fun especially when you have friends watching,2019-11-30 20:08:26
508440,Totally Accurate Battle Simulator,positive,할만한듯,할만 한 듯,2019-11-30 19:26:21
508440,Totally Accurate Battle Simulator,positive,와우 대박,와우 대박,2019-11-30 19:20:53
508440,Totally Accurate Battle Simulator,positive,This is so very really extremely perfectly exactly much amazing!! ok?,This is so very really extremely perfectly exactly much amazing !! ok ?,2019-11-30 18:26:33
508440,Totally Accurate Battle Simulator,positive,재밌땅,재밌 땅,2019-11-30 18:13:05
508440,Totally Accurate Battle Simulator,positive,와ㅏㅏㅏ,와 ㅏㅏㅏ,2019-11-30 17:07:39
508440,Totally Accurate Battle Simulator,positive,good,good,2019-11-30 15:50:57
508440,Totally Accurate Battle Simulator,positive,재밌음,재밌음,2019-11-30 15:24:26
508440,Totally Accurate Battle Simulator,positive,재밌음 시간때울때 할만함,재밌음 시간 때울 때 할만 함,2019-11-30 14:11:10
508440,Totally Accurate Battle Simulator,positive,병맛 꿀잼,병맛 꿀잼,2019-11-30 13:12:41
508440,Totally Accurate Battle Simulator,positive,제가 가장 좋아하는 유닛은 폭죽 궁수입니다,제 가 가장 좋아하는 유닛 은 폭죽 궁수 입니다,2019-11-30 07:12:45
508440,Totally Accurate Battle Simulator,positive,너무너무 너무너무 너무너무너무너무 병맛 이게 병맛이다!,너무 너무 너무 너무 너무 너무 너무 너무 병맛 이 게 병맛 이다 !,2019-11-29 21:37:39
508440,Totally Accurate Battle Simulator,positive,정말 재밋어요 젤리 같은애들이 귀엽게 싸우는듯,정말 재밋어 요 젤리 같 은애 들 이 귀엽게 싸우는듯,2019-11-29 18:44:28
508440,Totally Accurate Battle Simulator,positive,살거면 사라,살거면 사라,2019-11-29 18:09:42
508440,Totally Accurate Battle Simulator,positive,재미있지만 돈값못함,재미있지만 돈값 못 함,2019-11-29 11:52:31
508440,Totally Accurate Battle Simulator,positive,재미있네요 업데이트가 많이 이루어졌으면 좋겠습니다.,재미있네요 업데이트 가 많이 이루어졌으면 좋겠습니다 .,2019-11-29 09:17:52
508440,Totally Accurate Battle Simulator,positive,점점 조종해서 컨트롤 겜 하고 있다,점점 조종 해서 컨트롤 겜 하고 있다,2019-11-28 23:10:28
508440,Totally Accurate Battle Simulator,positive,ㄹㅇ 너무 재밌어서 업데이트가 정말 기대된다 ㅋㅋㅋㅋ,ㄹㅇ 너무 재밌어서 업데이트 가 정말 기대 된다 ㅋㅋㅋㅋ,2019-11-28 21:22:32
508440,Totally Accurate Battle Simulator,positive,갓겜,갓 겜,2019-11-28 21:09:24
508440,Totally Accurate Battle Simulator,positive,토탈워 병맛버전,토탈워 병맛 버전,2019-11-28 19:51:25
508440,Totally Accurate Battle Simulator,positive,FUNNY,FUNNY,2019-11-28 19:13:09
508440,Totally Accurate Battle Simulator,positive,그냥 혼자놀기 좋음,그냥 혼자놀기 좋음,2019-11-28 18:58:18
508440,Totally Accurate Battle Simulator,positive,해보면 멍하니 하게되는게임,해보면 멍하니 하게 되는 게임,2019-11-28 18:36:47
508440,Totally Accurate Battle Simulator,positive,귀여운데 은근 쓸모없는 매머드,귀여운데 은근 쓸모없는 매머드,2019-11-28 14:28:03
508440,Totally Accurate Battle Simulator,positive,아 샀었는데.,아 샀었는데 .,2019-11-28 14:20:23
508440,Totally Accurate Battle Simulator,positive,즐기고 나면 할게 읎네,즐기고 나면 할게 읎 네,2019-11-28 00:21:02
508440,Totally Accurate Battle Simulator,positive,Experiment of the human? Or Something...,Experiment of the human ? Or Something ...,2019-11-27 23:40:52
508440,Totally Accurate Battle Simulator,positive,믿고있었다구,믿고있었다구,2019-11-27 22:30:07
508440,Totally Accurate Battle Simulator,positive,good!,good !,2019-11-27 20:27:55
508440,Totally Accurate Battle Simulator,positive,.,.,2019-11-27 17:30:36
508440,Totally Accurate Battle Simulator,positive,일회용 게임.(?),일회용 게임 .(?),2019-11-27 15:51:19
508440,Totally Accurate Battle Simulator,positive,개성있는 90명의 유닛과 27종류의 비밀유닛을 찾는재미까지,개성 있는 90 명의 유닛 과 27 종류 의 비밀 유닛 을 찾는 재미 까지,2019-11-27 15:01:17
508440,Totally Accurate Battle Simulator,positive,dd,dd,2019-11-27 14:15:24
508440,Totally Accurate Battle Simulator,positive,여러분 위키 들어가서 히든 캐릭 찾아봐요 치어리더 예스잼,여러분 위키 들어가서 히든 캐릭 찾아봐요 치어리더 예스 잼,2019-11-27 10:18:28
508440,Totally Accurate Battle Simulator,positive,This game is very fun. This game has a lot of content. This game is difficult but fun.,This game is very fun . This game has a lot of content . This game is difficult but fun .,2019-11-26 21:21:44
508440,Totally Accurate Battle Simulator,positive,이게임은 정말 재밌고 병맛스러운게임이다 모드까지깔아서하면 더 재미있어지니 해보길바람,이 게임 은 정말 재밌고 병맛 스러운 게임 이다 모드 까지 깔아 서하면 더 재미있어지니 해보길 바람,2019-11-26 20:57:19
508440,Totally Accurate Battle Simulator,positive,woalTekRmx,woalTekRmx,2019-11-25 22:18:32
508440,Totally Accurate Battle Simulator,positive,병맛갓겜,병맛 갓 겜,2019-11-24 18:10:48
508440,Totally Accurate Battle Simulator,positive,멀티 나오면 개씹 가관이겠다 시불ㅋㅋㅋㅋㅋㅋzzzzzzzzzzzzzzzzzzzzzzzzz,멀티 나오면 개 씹 가관 이 겠다 시불 ㅋㅋㅋㅋㅋㅋ zzzzzzzzzzzzzzzzzzzzzzzzz,2019-11-24 18:03:03
508440,Totally Accurate Battle Simulator,positive,askljdglk;j;akljhlkaj khafdjan 제미있다 헤헤 깔지마셈,askljdglk ; j ; akljhlkaj khafdjan 제 미있다 헤헤 깔지마 셈,2019-11-24 13:50:14
508440,Totally Accurate Battle Simulator,positive,d,d,2019-11-24 12:54:33
508440,Totally Accurate Battle Simulator,positive,재밌음,재밌음,2019-11-23 20:38:44
508440,Totally Accurate Battle Simulator,positive,버그 갓겜이라는 것을 설명하는 훌룡한 물리엔진.,버그 갓 겜 이라는 것 을 설명 하는 훌룡 한 물리엔진 .,2019-11-23 20:10:10
508440,Totally Accurate Battle Simulator,positive,gooooooooooooooooood!!!!! game.,gooooooooooooooooood !!!!! game .,2019-11-23 17:52:16
508440,Totally Accurate Battle Simulator,positive,굿 병맛 게임,굿 병맛 게임,2019-11-23 14:17:24
508440,Totally Accurate Battle Simulator,positive,잼있어야ㅛ,잼있어야 ㅛ,2019-11-23 11:04:55
508440,Totally Accurate Battle Simulator,positive,이거 진짜 재밌어요! 돈 있으면 한 번 해보세여!!!,이 거 진짜 재밌어요 ! 돈 있으면 한 번 해보세여 !!!,2019-11-23 10:21:38
508440,Totally Accurate Battle Simulator,positive,This is Korea Game,This is Korea Game,2019-11-22 21:52:48
508440,Totally Accurate Battle Simulator,positive,O,O,2019-11-21 23:01:01
508440,Totally Accurate Battle Simulator,positive,캐릭터가 다양해서 재미있다,캐릭터 가 다양해서 재미있다,2019-11-21 16:33:22
508440,Totally Accurate Battle Simulator,positive,roRnfwoa,roRnfwoa,2019-11-20 08:25:54
508440,Totally Accurate Battle Simulator,positive,생각보다 업데이트도 잘 해주고 재밌네요?,생각 보다 업데이트 도 잘 해주고 재밌네요 ?,2019-11-18 20:24:13
508440,Totally Accurate Battle Simulator,positive,이에예ㅔ예,이 에 예 ㅔ 예,2019-11-18 17:23:20
508440,Totally Accurate Battle Simulator,positive,재밌어요 컴퓨터가 안좋으면 렉이 걸리긴 하지만 품질하고 나추면 렉안 걸여요 추천해요,재밌어요 컴퓨터 가 안좋으면 렉 이 걸리긴 하지만 품질 하고 나 추면 렉안 걸여요 추천 해요,2019-11-18 17:23:15
508440,Totally Accurate Battle Simulator,positive,i like this game soooooooooooooooooooooooooooo much I hope it's released soon,i like this game soooooooooooooooooooooooooooo much I hope it ' s released soon,2019-11-16 21:54:40
508440,Totally Accurate Battle Simulator,positive,도전과제 내놔 제작자야,도전 과제 내놔 제작자 야,2019-11-16 19:22:49
508440,Totally Accurate Battle Simulator,positive,how can play unit creator?!!,how can play unit creator ?!!,2019-11-16 18:37:23
508440,Totally Accurate Battle Simulator,positive,시간떄우기용 굿굿,시간 떄 우기용 굿굿,2019-11-16 17:04:53
508440,Totally Accurate Battle Simulator,positive,병맛 그자체이자 창의적인 전술로 공간지각력을 높일수 있는 게임! 돈을 적절히 활용해 돈의 소중함을 느낄수 있는 절약정신 게임! 그냥 재밌어서 웃음을 유발하는 게임! 3초 웃으면 1초 더 산다고 하니 수명을 늘려주는 게임! 실험욕구를 불러오는 게임! 맵을 탐구하며 시크릿 유닛을 찾을수 있는 게임! 지금 바로 단돈 15500원에 만나보세요! (이렇게 하면 되죠? 입금은 계좌이체로 부탁드립니다. ㅎㅎ),병맛 그 자체 이자 창의 적 인 전술 로 공간 지각 력 을 높일수 있는 게임 ! 돈 을 적절히 활용 해 돈 의 소중함을 느낄수 있는 절약 정신 게임 ! 그냥 재밌어서 웃음 을 유발 하는 게임 ! 3초 웃으면 1초 더 산다 고 하니 수명 을 늘려주는 게임 ! 실험 욕구 를 불러오는 게임 ! 맵 을 탐구 하며 시크릿 유닛 을 찾을수 있는 게임 ! 지금 바로 단돈 15500원 에 만나 보세요 ! ( 이렇게 하면 되죠 ? 입금 은 계좌 이체 로 부탁드립니다 . ㅎㅎ ),2019-11-16 10:58:51
508440,Totally Accurate Battle Simulator,positive,와우,와우,2019-11-16 10:23:03
508440,Totally Accurate Battle Simulator,positive,아주 병x 게임 하다보면 재밌는 장면도 나오고 아무튼 웃김,아주 병 x 게임 하다 보면 재밌는 장면 도 나오고 아무튼 웃김,2019-11-16 08:18:46
508440,Totally Accurate Battle Simulator,positive,hoeny fun,hoeny fun,2019-11-15 21:15:28
508440,Totally Accurate Battle Simulator,positive,This is very good game simsim hal tthe ha mion jo a yo,This is very good game simsim hal tthe ha mion jo a yo,2019-11-15 17:08:01
508440,Totally Accurate Battle Simulator,positive,명령 기능 언제나와 시발,명령 기능 언 제나 와 시발,2019-11-14 00:56:10
508440,Totally Accurate Battle Simulator,positive,gubgbhn,gubgbhn,2019-11-13 18:00:36
508440,Totally Accurate Battle Simulator,positive,캐릭터도 개성있고 슬로우모션으로 하면 멋진장면도 많이 나옴,캐릭터 도 개성 있고 슬로우모션 으로 하면 멋진 장면 도 많이 나옴,2019-11-13 15:08:54
508440,Totally Accurate Battle Simulator,positive,Quality is good. But sometimes this game has lack,Quality is good . But sometimes this game has lack,2019-11-10 16:54:58
508440,Totally Accurate Battle Simulator,positive,게임 물리엔진이 재미있다,게임 물리엔진 이 재미있다,2019-11-10 15:56:55
508440,Totally Accurate Battle Simulator,positive,good,good,2019-11-10 14:58:11
508440,Totally Accurate Battle Simulator,positive,정말 개 병맛이긴함 갑자기 이상한넘들이 춤추고 난리나길래 뭔겜인가 했는데 재미있습니다 솔직히 돈아깝고 그렇진 않아요~,정말 개 병맛 이긴 함 갑자기 이상한 넘 들이 춤추고 난리 나길래 뭔 겜 인가 했는데 재미있습니다 솔직히 돈 아깝고 그렇진 않아요 ~,2019-11-10 13:05:13
508440,Totally Accurate Battle Simulator,positive,편하게하기 좋은겡미,편하게하기 좋은겡미,2019-11-09 23:35:15
508440,Totally Accurate Battle Simulator,positive,good,good,2019-11-09 22:29:02
508440,Totally Accurate Battle Simulator,positive,스팀에 나오기 전부터 좋아하던 사람으로서 너무 좋습니다. 유닛 조종하는 것도 정말 꿀잼,스팀 에 나오기 전 부터 좋아하던 사람 으로서 너무 좋습니다 . 유닛 조종 하는 것 도 정말 꿀잼,2019-11-09 22:10:17
508440,Totally Accurate Battle Simulator,positive,g,g,2019-11-09 22:04:41
508440,Totally Accurate Battle Simulator,positive,"단점은 모든 케릭이 레그돌 기반이다 보니까 조금만 많이 소환하면 바로 렉이 걸리지만 병맛스러운 케릭텅들이 서로 싸우는걸 구경하다가 보면 뭔가 묘하게 재미있다 캠페인에서 전략적인 병사배치와 조합을 연구 할 수 있고, 커스텀으로 내가 원하는 구조로 병사를 마음대로 배치할 수 있다. 플레이 하다보면 가끔 현타가 오지만 그래도 해볼만한 게임이다.","단점 은 모든 케릭 이 레그돌 기반 이다 보 니까 조금 만 많이 소환 하면 바로 렉 이 걸리지만 병맛 스러운 케릭 텅 들 이 서로 싸우는걸 구경 하다가 보면 뭔가 묘 하게 재미있다 캠페인 에서 전략 적 인 병사 배치 와 조합 을 연구 할 수 있고 , 커 스텀 으로 내 가 원하는 구조 로 병사 를 마음대로 배치 할 수 있다 . 플레이 하다 보면 가끔 현 타가 오지 만 그래도 해볼만 한 게임 이다 .",2019-11-09 19:41:08
508440,Totally Accurate Battle Simulator,positive,게임대기 시간에 켜놓고 플레이하면 좋음,게임 대기 시간 에 켜놓고 플레이 하면 좋음,2019-11-09 15:38:45
508440,Totally Accurate Battle Simulator,positive,제 플레이 시간이 평가입니다,제 플레이 시간 이 평가 입니다,2019-11-09 14:42:10
508440,Totally Accurate Battle Simulator,positive,근대 모드같은것도 만들면 더 좋을텐데,근대 모드 같은것도 만들면 더 좋을텐데,2019-11-07 22:28:39
508440,Totally Accurate Battle Simulator,positive,심심할 때나 본격적으로 할 때나 적합한 게임,심심할 때 나 본격 적 으로 할 때 나 적합한 게임,2019-11-07 04:21:28
508440,Totally Accurate Battle Simulator,positive,단언컨대 최고의 병맛게임 개발 다 되면 비싸질지도 모르니 빨리사세요 업데이트도 꾸준하고 웃긴 게임,단언컨대 최고 의 병맛 게임 개발 다 되면 비싸질지도 모르니 빨리 사세요 업데이트 도 꾸준하고 웃긴 게임,2019-11-06 15:39:45
508440,Totally Accurate Battle Simulator,positive,진짜 개꿀잼임 100시간도 쌉가능,진짜 개꿀잼임 100시간 도 쌉 가능,2019-11-06 14:58:37
508440,Totally Accurate Battle Simulator,positive,재밋음,재밋음,2019-11-05 21:41:36
508440,Totally Accurate Battle Simulator,positive,정말 한치의 오차도 없는 완벽한 전략게임,정말 한치 의 오차 도 없는 완벽한 전략 게임,2019-11-05 19:11:03
508440,Totally Accurate Battle Simulator,positive,한국인으로써 추천한다 갓겜,한국인 으로써 추천 한다 갓 겜,2019-11-05 19:00:07
508440,Totally Accurate Battle Simulator,positive,유튭 보다가 우연히 재미있어보여서 구매한게임 은근히 괜찮은 게임입니다,유튭 보다가 우연히 재미있어 보 여서 구매 한게임 은근 히 괜찮은 게임 입니다,2019-11-04 18:15:59
508440,Totally Accurate Battle Simulator,positive,따봉,따 봉,2019-11-03 22:45:18
508440,Totally Accurate Battle Simulator,positive,정말 재밌습니다.,정말 재밌습니다 .,2019-11-03 16:48:06
508440,Totally Accurate Battle Simulator,positive,심심할떄 하기 좋은 게임,심심할 떄 하기 좋은 게임,2019-11-03 11:10:43
508440,Totally Accurate Battle Simulator,positive,걍병맛이다 ㅋㅋㅋㅋㅋㅋ,걍 병맛 이다 ㅋㅋㅋㅋㅋㅋ,2019-11-02 18:20:17
508440,Totally Accurate Battle Simulator,positive,갓겜 ( 평점 : ★★★★★ ),갓 겜 ( 평점 : ★★★★★ ),2019-11-02 17:20:37
508440,Totally Accurate Battle Simulator,positive,솔까 이겜 병맛잼,솔 까 이 겜 병맛 잼,2019-11-02 15:10:40
508440,Totally Accurate Battle Simulator,positive,재밌어요,재밌어요,2019-11-02 15:02:21
508440,Totally Accurate Battle Simulator,positive,창의성 좋아요,창의성 좋아요,2019-11-02 13:52:41
508440,Totally Accurate Battle Simulator,positive,이거 할때마다 아주그냥 속이 후련하고요 한판하면 절대로 끊을수없는 이 중독성 아주 음층놥네다,이 거 할 때 마다 아주 그냥 속이 후련하고요 한판 하면 절대로 끊을수 없는 이 중독 성 아주 음층놥네 다,2019-11-02 13:49:01
508440,Totally Accurate Battle Simulator,positive,very funny XD pls more update,very funny XD pls more update,2019-11-02 13:41:06
508440,Totally Accurate Battle Simulator,positive,ㄴso fun,ㄴ so fun,2019-11-02 13:23:31
508440,Totally Accurate Battle Simulator,positive,이이이이이이이이이이이이,이이이이이이이이 이이이이,2019-11-02 10:57:11
508440,Totally Accurate Battle Simulator,positive,병맛감성이 몰려온다,병맛 감성 이 몰려온다,2019-11-02 10:54:09
508440,Totally Accurate Battle Simulator,positive,Pretty fun to experiment with different combinations! Very casual and funny!,Pretty fun to experiment with different combinations ! Very casual and funny !,2019-11-02 08:49:50
508440,Totally Accurate Battle Simulator,positive,일단 매우 갓겜이다. 현재 병사종류가 91가지가 있는데 대부분의 유닛들이 각자 개성있고 재미있다. 그리고 최근에는 해적 파벌나오고 6일 후에 스푸티 파벌이 나온걸 보면 업데이트를 열심히 꾸준히 하고있는 모습이 보인다. 그리고 어떤 사람들은 현실성이 떨어진다. 퀄리티가 좋지않다고 하는데 원래 이게임은 그런것을 다~버리고 오락성만을 위한 게임이니 다른 관점에서 봐야한다. 물론 예전에는 출시예정일을 수도없이 연기했지만 그건 개발진이 많지않으거라서 그렇다 치고 내가 놀랐던 또 하나는 유닛뿐만 아니라 맵도 정말 훌륭하게 이전과는 비교도 할,일단 매우 갓 겜 이다 . 현재 병사 종류 가 91 가지 가 있는데 대부분 의 유닛 들 이 각자 개성 있고 재미있다 . 그리고 최근 에는 해적 파벌 나오고 6일 후 에 스푸티 파벌 이 나온 걸 보면 업데이트 를 열심히 꾸준히 하고있는 모습 이 보인다 . 그리고 어떤 사람 들 은 현실 성 이 떨어진다 . 퀄리티 가 좋지 않다고 하는데 원래 이 게임 은 그런 것 을 다 ~ 버리고 오락 성 만을 위 한 게임 이니 다른 관점 에서 봐 야한다 . 물론 예전 에는 출시 예정일 을 수도 없이 연기 했지만 그건 개발 진 이 많지 않으거라서 그렇다 치고 내 가 놀랐던 또 하나 는 유닛 뿐 만 아니라 맵 도 정말 훌륭하게 이전 과는 비교 도 할,2019-11-02 00:28:41
508440,Totally Accurate Battle Simulator,positive,나 엄청 많이했네,나 엄청 많이 했네,2019-11-01 18:39:25
508440,Totally Accurate Battle Simulator,positive,업데이트도 잘해주고 회사만의 철학도 있다.,업데이트 도 잘해주고 회사 만의 철학 도 있다 .,2019-11-01 17:45:32
508440,Totally Accurate Battle Simulator,positive,숨은 그림찾기,숨은 그림 찾기,2019-11-01 16:59:51
508440,Totally Accurate Battle Simulator,positive,존나 꿀잼,존나 꿀잼,2019-11-01 16:50:32
508440,Totally Accurate Battle Simulator,positive,엄청 재미있고 신기해요,엄청 재미있고 신기해요,2019-10-31 22:31:44
508440,Totally Accurate Battle Simulator,positive,별 생각 없이 하기 좋습니다.,별 생각 없이 하기 좋습니다 .,2019-10-31 22:29:54
508440,Totally Accurate Battle Simulator,positive,완전 재밌고 유닛들도 고무인간 같아서 싸움시키는 것도 꿀잼,완전 재밌고 유닛 들 도 고무 인간 같아서 싸움 시키는 것 도 꿀잼,2019-10-31 20:45:56
508440,Totally Accurate Battle Simulator,positive,애매,애매,2019-10-31 19:56:25
508440,Totally Accurate Battle Simulator,positive,굿,굿,2019-10-31 17:54:44
508440,Totally Accurate Battle Simulator,positive,지금 이 퀄리티라면 1만원 안팎이 정당함. ㅡㅡㅡㅡㅡㅡㅡㅡㅡㅡㅡㅡㅡㅡㅡㅡㅡㅡ 지금 현재는 돈 값을 충분히 합니다.,지금 이 퀄리티 라면 1만원 안팎 이 정당함 . ㅡㅡㅡㅡㅡㅡㅡㅡㅡㅡㅡㅡㅡㅡㅡㅡㅡㅡ 지금 현재 는 돈 값 을 충분히 합니다 .,2019-10-31 12:27:54
508440,Totally Accurate Battle Simulator,positive,진짜 ㄹㅇ 개꿀잼 살까말까 고민중이면 사셈,진짜 ㄹㅇ 개꿀잼 살 까말까 고 민중 이 면 사셈,2019-10-26 16:41:13
508440,Totally Accurate Battle Simulator,positive,아무-생-각 없이 하면 재미있다. 캠패인 같은 경우 초반엔 직접 조종 할 수 없어 운에 기대야만 햇지만 직접 조종을 할수 있게 됨으로서 좋은 유닛 하나 직접 들고 뚜까패다보면 어느새 이겨있음.,아무 - 생 - 각 없이 하면 재미있다 . 캠 패인 같은 경우 초반 엔 직접 조종 할 수 없어 운 에 기대야만 햇 지만 직접 조종 을 할수 있게 됨으로서 좋은 유닛 하나 직접 들고 뚜 까 패 다 보면 어느새 이겨있음 .,2019-10-25 21:47:37
508440,Totally Accurate Battle Simulator,positive,야스오 만드는 게임,야스오 만드는 게임,2019-10-17 22:30:48
508440,Totally Accurate Battle Simulator,positive,LOL It's crazy. I've never played such a fun game. It is fun to play the unit alone. I'm going to write this assessment and go play again. I really love this. Buy without fail.,LOL It ' s crazy . I ' ve never played such a fun game . It is fun to play the unit alone . I ' m going to write this assessment and go play again . I really love this . Buy without fail .,2019-10-14 01:09:21
508440,Totally Accurate Battle Simulator,positive,하루에 한번씩 업데이트 된거있나 스팀 뉴스칸 확인하는 날 발견할수있었음 유닛이 늘어나는건 둘째치고 앞으로 나올 기능들이 너무 기대되는 게임임 그냥 존나 갓겜임 꼭하셈,하루 에 한번 씩 업데이트 된거있나 스팀 뉴스 칸 확인 하는 날 발견 할수있었음 유닛 이 늘어나는건 둘째 치고 앞 으로 나올 기능 들 이 너무 기대 되는 게임 임 그냥 존나 갓 겜임 꼭 하 셈,2019-10-12 08:15:13
508440,Totally Accurate Battle Simulator,positive,괜춘,괜춘,2019-10-03 18:29:04
508440,Totally Accurate Battle Simulator,positive,참 병맛이다,참 병맛 이다,2019-10-02 20:51:53
508440,Totally Accurate Battle Simulator,positive,뭔가 점점 발전하는 모습이 보기좋고 혼자 놀기에 재미있고 시간이 가면 갈수록 업데이트로 계속 시대가 업그레이드 됩니다 이제 서부시대 까지 나온걸보니 이제 총에 뽕맛을 재대로 느낄수있을것같습니다 기대된당,뭔가 점점 발전 하는 모습 이 보기 좋고 혼자 놀기에 재미있고 시간 이 가면 갈수록 업데이트 로 계속 시대 가 업그레이드 됩니다 이제 서부 시대 까지 나온 걸 보니 이제 총 에 뽕맛 을 재 대로 느낄수있을것 같습니다 기대 된당,2019-09-30 22:08:55
508440,Totally Accurate Battle Simulator,positive,병맛 전쟁 시뮬레이터 기물들을 이렇게 저렇게 배치해보며 승리의 방법을 찾는 재미는 있지만 플레이타임이 굉장히 짧은 것이 단점 깊게 파고들만한 컨텐츠가 딱히 없는 것 또한 단점,병맛 전쟁 시뮬레이터 기물 들 을 이렇게 저렇게 배치 해보며 승리 의 방법 을 찾는 재미 는 있지만 플레이 타임 이 굉장히 짧은 것 이 단점 깊게 파고들만 한 컨텐츠 가 딱히 없는 것 또한 단점,2019-09-19 17:15:12
508440,Totally Accurate Battle Simulator,positive,이게임은 대박입니다.그래픽도 좋고 조작법도 간단하고 병맛이넘쳐서 웃음이나고 재인생에서 가장재밌게한 게임이 아니지 싶네요. 잎으로 더많은 업데이트를 기다립니다.Land Fall님,이 게임 은 대박 입니다 . 그래픽 도 좋고 조작 법도 간단하고 병맛 이 넘쳐서 웃음 이나고 재 인생 에서 가장 재밌게한 게임 이 아니지 싶네요 . 잎 으로 더 많은 업데이트 를 기다립니다 . Land Fall 님,2019-09-15 13:28:19
508440,Totally Accurate Battle Simulator,positive,야 이거 사달라할땐 언제고 사주니깐 뭐 하지도 않니..,야 이 거 사 달라 할 땐 언제 고 사주 니깐 뭐 하지도 않니 ..,2019-09-15 12:15:23
508440,Totally Accurate Battle Simulator,positive,좋다,좋다,2019-09-14 18:15:44
508440,Totally Accurate Battle Simulator,positive,정말 오래 기다린 게임인데도 별로 처음에만 재미있지 나중에는 그런 재미는 사라진다 병맛,정말 오래 기다린 게임 인데 도 별로 처음 에만 재미있지 나중 에는 그런 재미 는 사라진다 병맛,2019-09-13 08:18:34
508440,Totally Accurate Battle Simulator,positive,멀티 있으면 ㄹㅇ 혜자겜 될 듯. 매칭 돌려서 사람 만나면 맵과 돈이 랜덤으로 정해지고 준비시간 30초~1분 정도 준 다음 실시간으로 싸우게끔 하는거지. 이기면 뭐 이긴거고..,멀티 있으면 ㄹㅇ 혜자 겜 될 듯 . 매칭 돌려서 사람 만나면 맵 과 돈 이 랜덤 으로 정해지고 준비 시간 30초 ~ 1분 정도 준 다음 실시간 으로 싸우게끔 하는거지 . 이기 면 뭐 이긴거고 ..,2019-09-12 09:14:33
508440,Totally Accurate Battle Simulator,positive,A........... 일단 굉장히 재미있게 플레이를 했었다는것에 추천..,A ........... 일단 굉장히 재미있게 플레이 를 했었다는것에 추천 ..,2019-09-10 19:53:32
508440,Totally Accurate Battle Simulator,positive,굿,굿,2019-09-09 16:02:58
508440,Totally Accurate Battle Simulator,positive,기대한것보단 낮았지만 그래도 20시간정도는 꿀잼이었다.,기대한것보단 낮았지만 그래도 20시간 정도는 꿀 잼이었다 .,2019-09-08 21:06:24
508440,Totally Accurate Battle Simulator,positive,굳 (아 가격 내려갔네),굳 ( 아 가격 내려갔네 ),2019-09-08 16:26:07
508440,Totally Accurate Battle Simulator,positive,완전 재미있음,완전 재미있음,2019-09-08 15:22:40
508440,Totally Accurate Battle Simulator,positive,와 너무재밋고 캐릭터 더 많이 출시하면 좋을것같음,와 너 무재 밋 고 캐릭터 더 많이 출시 하면 좋을것 같음,2019-09-06 21:54:43
508440,Totally Accurate Battle Simulator,positive,정말 대단한데 현제 기능이 차단되어있어 못사요ㅠㅠ,정말 대단한데 현 제 기능 이 차단 되어있어 못 사요 ㅠㅠ,2019-09-03 16:11:25
508440,Totally Accurate Battle Simulator,positive,아니 니들끼리 비비다가 죽으면 어떡함,아니 니 들 끼리 비비다가 죽으면 어떡함,2019-08-30 01:32:17
508440,Totally Accurate Battle Simulator,positive,아주 재미가 쏠쏠합니다. 하지만 이거 캠페인 다 하고 나면 샌드박스 모드 말고 할게 없네요. 캠페인 좀 더 추가해주세요,아주 재미 가 쏠쏠합니다 . 하지만 이 거 캠페인 다 하고 나면 샌드박스 모드 말고 할게 없네요 . 캠페인 좀 더 추가 해주세요,2019-08-23 22:33:53
508440,Totally Accurate Battle Simulator,positive,재미는 있는데 할게 없음,재미 는 있는데 할게 없음,2019-08-21 22:48:10
508440,Totally Accurate Battle Simulator,positive,"사실 이겜 진짜 갓겜임 모드도 있고 샌드박스,캠폐인도 있어 재밌음. 캐릭터,모드 등등 시스템이 많이 추가되면 좋겠네요^^","사실 이 겜 진짜 갓 겜임 모드 도 있고 샌드박스 , 캠 폐인 도 있어 재밌음 . 캐릭터 , 모드 등등 시스템 이 많이 추가 되면 좋겠네요 ^^",2019-08-21 16:07:32
508440,Totally Accurate Battle Simulator,positive,첨 하면 재밌는데 뭔가 할게 없다 멀티 추가 되면 되게 재밌을 듯?,첨 하면 재밌는데 뭔가 할게 없다 멀티 추가 되면 되게 재밌을 듯 ?,2019-08-17 01:54:51
508440,Totally Accurate Battle Simulator,positive,새로운 유닛하고 캠페인좀 많이 내주세요,새로운 유닛 하고 캠페인 좀 많이 내주세요,2019-08-16 23:58:07
508440,Totally Accurate Battle Simulator,positive,꿀잼,꿀잼,2019-08-16 19:06:23
508440,Totally Accurate Battle Simulator,positive,쌉갓겜,쌉 갓 겜,2019-08-14 15:18:21
508440,Totally Accurate Battle Simulator,positive,미1친 게임,미 1 친 게임,2019-08-14 00:31:01
508440,Totally Accurate Battle Simulator,positive,업데이트도 꾸준하고심심할 때 하기 좋아서 살만함.,업데이트 도 꾸준하고 심심할 때 하기 좋아서 살 만 함 .,2019-08-12 12:49:43
508440,Totally Accurate Battle Simulator,positive,"중세시대 왕과 기사들이 맘모스와 동맹을 맺은 바이킹을 상대하면 어떨까요? 아니면, 서부시대 총잡이와 거대한 전국시대 사무라이의 일기토는요? 아주 정확한 전투 모의 장치 TABS는 역사적으로는 있을 수 없던 전투를 여러분의 눈앞에 존나게 멍청하지만 사실적이고 생생하게 묘사해줍니다. 10점 만점에 개재밌다 주겠습니다","중세시대 왕 과 기사 들 이 맘모스 와 동맹 을 맺은 바이킹 을 상대 하면 어떨까 요 ? 아니면 , 서부 시대 총잡이 와 거대한 전국시대 사무라이 의 일기토 는 요 ? 아주 정확한 전투 모의 장치 TABS 는 역사 적 으로는 있을 수 없던 전투 를 여러분 의 눈앞 에 존나 게 멍청하지만 사실 적 이고 생생하게 묘사 해줍니다 . 10 점 만점 에 개 재밌다 주겠습니다",2019-08-11 12:14:10
508440,Totally Accurate Battle Simulator,positive,인류에겐 아직 이른게임,인류 에겐 아직 이른 게임,2019-08-09 19:02:48
508440,Totally Accurate Battle Simulator,positive,업데이트했더니 개사기 게임이 되었군 앞으로도 열심히 업뎃하게,업데이트 했더니 개 사기 게임 이 되었군 앞 으로도 열심히 업뎃하 게,2019-08-09 19:00:34
508440,Totally Accurate Battle Simulator,positive,솔직히 최적화 필요함..,솔직히 최적화 필요함 ..,2019-08-09 13:47:40
508440,Totally Accurate Battle Simulator,positive,"왁굳형 하는거 보고 ㅈㄴ 재밌어보여서 샀는데 그냥 왁굳형이 하는걸 보는게 재밌는거였음 물론 처음엔 나 혼자 하면서 ""아! 이 유닛은 이런 유닛이니까 이렇게 쓰는거구나!"" 하면서 재밌게 즐길 수 있는데 캠페인 다 깨고나면 사실 할게 없음 히든유닛 찾는건 인터넷 보면 다 나와있고 그리고 당연하지만 어쩔 수 없이 캠페인에선 안쓰이는 유닛이 몇몇개 있음 사기 유닛도 당연히 있고 개인적으론 불뿜는 용이랑 Ullr 였던가 어쨋든 얼음도끼 던지는애가 제일 가성비 갑이였다고 생각한다 용은 잡몹처리에 특화됬고 얼음도끼는 슬로우에다가 공격력도 ㅈㄴ","왁 굳 형 하는거 보고 ㅈㄴ 재밌어 보 여서 샀는데 그냥 왁 굳 형 이 하 는걸 보는게 재밌는거였음 물론 처음 엔 나 혼자 하면서 "" 아 ! 이 유닛 은 이런 유닛 이니까 이렇게 쓰는거구나 !"" 하면서 재밌게 즐길 수 있는데 캠페인 다 깨고나면 사실 할게 없음 히든 유닛 찾는건 인터넷 보면 다 나와있고 그리고 당연하지만 어쩔 수 없이 캠페인 에선 안 쓰이는 유닛 이 몇몇 개 있음 사기 유닛 도 당연히 있고 개인 적 으론 불뿜는 용이 랑 Ullr 였던가 어쨋 든 얼음 도끼 던지는 애가 제일 가성 비 갑이였다고 생각 한다 용은 잡몹 처리 에 특화됬 고 얼음 도끼 는 슬로우 에다가 공격 력 도 ㅈㄴ",2019-08-06 20:50:26
508440,Totally Accurate Battle Simulator,positive,할인을 기다렸는데 그냥 사길 잘 했다 오랜만에 정말 유쾌하게 게임을 했다 역시 병맛이 최고여~!~,할인 을 기다렸는데 그냥 사길 잘 했다 오랜 만 에 정말 유쾌하게 게임 을 했다 역시 병맛 이 최고 여 ~!~,2019-08-05 09:00:08
508440,Totally Accurate Battle Simulator,positive,존잼 ㄹㅇ 콘텐츠 ㅈㄴ 많ㅇ늠,존잼 ㄹㅇ 콘텐츠 ㅈㄴ 많 ㅇ 늠,2019-08-03 19:10:46
508440,Totally Accurate Battle Simulator,positive,빨리 머스킷도 추가해주세요 기다리고 있답니다 찡긋 ^^,빨리 머스킷 도 추가 해주세요 기다리고 있답니다 찡긋 ^^,2019-07-27 17:22:23
508440,Totally Accurate Battle Simulator,positive,재밌노,재밌노,2019-07-21 22:11:16
508440,Totally Accurate Battle Simulator,positive,"추후 업데이트에 창작마당으로 사람들이 스스로 유닛을 만들거나, 맵을 만들 수 있게 해주면 좋겠습니다.","추후 업데이트 에 창작 마당 으로 사람 들 이 스스로 유닛 을 만들거나 , 맵 을 만들 수 있게 해주면 좋겠습니다 .",2019-07-21 12:38:37
508440,Totally Accurate Battle Simulator,positive,존나게 재밌다,존나 게 재밌다,2019-07-20 19:06:10
508440,Totally Accurate Battle Simulator,positive,혼자 놀기 좋은겜,혼자 놀기 좋은 겜,2019-07-17 01:16:11
508440,Totally Accurate Battle Simulator,positive,확실환건 재미는 있다. 근데 짧은 볼륨이 문제다. 그리고 이것도 멀티가 있었다면 더 재미있었을거 같다. 2인대전 4인대전 등등.... 그렇다고. 정말 재미있게 즐기고 나면 2회차는 할게 없다....업뎃이 시급하다.,확실 환건 재미 는 있다 . 근데 짧은 볼륨 이 문제 다 . 그리고 이 것 도 멀티 가 있었다면 더 재미있었을거 같다 . 2 인 대전 4 인 대전 등등 .... 그렇다고 . 정말 재미있게 즐기고 나면 2회 차는 할게 없다 .... 업뎃 이 시급하다 .,2019-07-16 00:40:19
508440,Totally Accurate Battle Simulator,positive,"정말 재밌습니다 일반 병사였스면 심심해서 지루했는데 병맛이어서 그런지 질리지가 않고 할 수 있었습니다 또 그 인물의 역할,소리 등등 게임캐릭터가 역할과 소리가 잘 표현되있어 더 실감났습니다 하지만 업데이트 당일이 너무 늦어서 1년은 지날까 말까 하는 수준이었습니다...","정말 재밌습니다 일반 병사였스 면 심심해서 지루했는데 병맛 이어서 그런지 질리지가 않고 할 수 있었습니다 또 그 인물 의 역할 , 소리 등등 게임 캐릭터 가 역할 과 소리 가 잘 표현 되있어 더 실감 났습니다 하지만 업데이트 당일 이 너무 늦어서 1년 은 지날까 말까 하는 수준 이었습니다 ...",2019-07-14 20:57:11
508440,Totally Accurate Battle Simulator,positive,솔직히 개 재밌음 아마 스팀게임중에서 개인적으론 2번쨰로 재밌을듯,솔직히 개 재밌음 아마 스팀 게임 중 에서 개인 적 으론 2 번쨰 로 재밌을듯,2019-07-14 17:47:21
508440,Totally Accurate Battle Simulator,positive,사 지 마,사 지 마,2019-07-13 19:25:57
508440,Totally Accurate Battle Simulator,positive,가끔 튕기는거랑 별 감흥없이 해서 재미없다고 판단내리고 껏는데 플레이시간이 6시간이란걸 보고 내가이걸 즐기고 있었다는걸 깨달았다... 게리모드npc로 연출해서 싸움붙이는거 즐겨봤다면 추천,가끔 튕 기는거랑 별 감흥 없이 해서 재미없다고 판단 내리고 껏 는데 플레이 시간 이 6시간 이란걸 보고 내 가 이 걸 즐기고 있었다는걸 깨 달았다 ... 게리모드 npc 로 연출 해서 싸움 붙이는거 즐겨 봤다면 추천,2019-07-11 17:26:36
508440,Totally Accurate Battle Simulator,positive,국뽕,국뽕,2019-07-08 19:38:50
508440,Totally Accurate Battle Simulator,positive,현재 가지고 놀기는 좋지만 생각보단 금세 실증이 난다 여러 모드 등을 이용해도 좋지만 나로써는 어서 유닛 크리에이터 모드가 해금되었으면 한다 그럼 10시간 쌉가능,현재 가지 고 놀기는 좋지만 생각 보단 금세 실증 이 난다 여러 모드 등 을 이용 해도 좋지만 나로 써는 어서 유닛 크리에이터 모드 가 해금 되었으면 한다 그럼 10시간 쌉 가능,2019-07-07 20:32:02
508440,Totally Accurate Battle Simulator,positive,ggggggggggggggggo,ggggggggggggggggo,2019-07-07 13:32:00
508440,Totally Accurate Battle Simulator,positive,시간 때우기 좋네여,시간 때우기 좋 네 여,2019-07-07 11:26:50
508440,Totally Accurate Battle Simulator,positive,빨리 정식출시 했으면 좋겠어요,빨리 정식 출시 했으면 좋겠어요,2019-07-07 01:18:06
508440,Totally Accurate Battle Simulator,positive,점점 갓겜이 되어가긴하는데 솔직히 호불호 갈릴수있음. 유튜브 영상 등등 보고 오래하겠다 싶으면 살것.,점점 갓 겜 이 되어 가긴하는데 솔직히 호불호 갈릴수있음 . 유튜브 영상 등등 보고 오래 하겠다 싶으면 살것 .,2019-07-07 00:31:19
508440,Totally Accurate Battle Simulator,positive,good,good,2019-07-06 20:27:23
508440,Totally Accurate Battle Simulator,positive,멍때리면서 하기 참 좋다,멍 때리면서 하기 참 좋다,2019-07-06 20:06:59
508440,Totally Accurate Battle Simulator,positive,뭐 다들 최적화 최적화 거리시는데 그렇게 최적화를 원하시면 님들 사양을 매우낮게 하삼 컴퓨터 사양 좋은 편 인데 이정도면 잘됌 게임 하나 만들기 쉬운것도 아닌데..업데이트만 잘해주면 좋음,뭐 다 들 최적화 최적화 거리 시 는 데 그렇게 최적화 를 원하시면 님들 사양 을 매우 낮게 하 삼 컴퓨터 사양 좋은 편 인데 이 정도 면 잘 됌 게임 하나 만들기 쉬운것도 아닌데 .. 업데이트 만 잘해주면 좋음,2019-07-06 10:06:39
508440,Totally Accurate Battle Simulator,positive,시간 보내기에 좋은 듯 할 게 없을 때 하면 재밌음,시간 보내기에 좋은 듯 할 게 없을 때 하면 재밌음,2019-07-03 23:15:53
508440,Totally Accurate Battle Simulator,positive,F를 클릭해라 순간 너는 영웅이다.,F 를 클릭 해라 순간 너 는 영웅 이다 .,2019-07-03 21:48:01
508440,Totally Accurate Battle Simulator,positive,일단 재밌음 병맛이라 추천함 ㅇㅇ,일단 재밌음 병맛 이라 추천 함 ㅇㅇ,2019-07-03 20:01:32
508440,Totally Accurate Battle Simulator,positive,와! 매머드! 와! 미노타우로스! 와! 버서커! 와! 용가리! 와! 와!,와 ! 매머드 ! 와 ! 미노타우로스 ! 와 ! 버서커 ! 와 ! 용가리 ! 와 ! 와 !,2019-07-03 19:37:14
508440,Totally Accurate Battle Simulator,positive,본격 ㄱ자생성 게임,본격 ㄱ 자생 성 게임,2019-07-02 19:49:37
508440,Totally Accurate Battle Simulator,positive,다 좋은대 최적화...,다 좋은대 최적화 ...,2019-06-30 23:50:03
508440,Totally Accurate Battle Simulator,positive,뭔가 병신같지만 재밌슴 z ㅋ,뭔가 병신 같지만 재밌슴 z ㅋ,2019-06-30 13:35:09
508440,Totally Accurate Battle Simulator,positive,베타테스터때부터 했습니다. 갓겜입니다. 한글화가 되었으면하는 바램입니다.,베타테스터 때 부터 했습니다 . 갓 겜 입니다 . 한글화 가 되었으면 하는 바램 입니다 .,2019-06-29 20:21:41
508440,Totally Accurate Battle Simulator,positive,정줄 놓고 하는 게임,정줄 놓고 하는 게임,2019-06-29 20:06:15
508440,Totally Accurate Battle Simulator,positive,h,h,2019-06-29 14:47:29
508440,Totally Accurate Battle Simulator,positive,개쩐다,개 쩐다,2019-06-29 11:38:04
508440,Totally Accurate Battle Simulator,positive,시간때우기에 최고임,시간 때우기에 최고 임,2019-06-29 10:33:58
508440,Totally Accurate Battle Simulator,positive,유닛 하나를 선택해서 그 유닛을 1인칭으로 조종할 수 있는 기능이 있어서 색다르게 즐길 수 있습니다. 아주 재밌네요,유닛 하나 를 선택 해서 그 유닛 을 1 인칭 으로 조종 할 수 있는 기능 이 있어서 색다르게 즐길 수 있습니다 . 아주 재밌네요,2019-06-28 22:34:16
508440,Totally Accurate Battle Simulator,positive,베타때 보다 완성도가 높아서 좋았고 혼자 놀기 만렙 게임,베타 때 보다 완성 도 가 높아서 좋았고 혼자 놀기 만렙 게임,2019-06-24 03:28:06
508440,Totally Accurate Battle Simulator,positive,업데이트좀 ㅃㄹ해 ㅅㅂ,업데이트 좀 ㅃㄹ 해 ㅅㅂ,2019-06-19 23:25:32
508440,Totally Accurate Battle Simulator,positive,고대생 군단이 되어서 연대생들의 뚝배기를 깨부숴 나가는 재미가 쏠쏠합니다. 옵션에서 색깔을 바꿀 수 있으니 연대생이나 민주당 지지자 분들도 무리없이 즐기실 수 있겠습니다.,고 대 생 군단 이 되어서 연 대 생 들 의 뚝배기 를 깨부숴 나가는 재미 가 쏠쏠합니다 . 옵션 에서 색깔 을 바꿀 수 있으니 연 대 생 이나 민주당 지지자 분 들 도 무리 없이 즐기실 수 있겠습니다 .,2019-06-18 04:10:35
508440,Totally Accurate Battle Simulator,positive,꿀잼,꿀잼,2019-06-15 23:45:48
508440,Totally Accurate Battle Simulator,positive,오 마이 갓김치,오 마이 갓김치,2019-06-15 13:55:44
508440,Totally Accurate Battle Simulator,positive,"좋았던점:캐릭터가 귀엽다,유닛간에 상성이 확실하다 (예를들면 메머드가 킹을 못이기는것) 고쳐야할점:최적화,버그(가끔유닛이 끼는 버그가 있음 하지만 아주 가끔이기 때문에 별로 단점이 되진 않는다)","좋았던 점 : 캐릭터 가 귀엽다 , 유닛 간 에 상 성 이 확실하다 ( 예 를 들 면 메 머드 가 킹 을 못 이기는것 ) 고쳐 야할 점 : 최적화 , 버그 ( 가끔 유닛 이 끼는 버그 가 있음 하지만 아주 가끔 이기 때문 에 별로 단점 이 되진 않는다 )",2019-06-11 00:11:34
508440,Totally Accurate Battle Simulator,positive,재미는 있지만 컨탠츠가 별로없어 아쉬움,재미 는 있지만 컨탠츠 가 별로 없어 아쉬움,2019-06-09 23:17:46
508440,Totally Accurate Battle Simulator,positive,병맛꿀잼 개쩔음 ㄷㄷㄷㄷ,병맛 꿀잼 개 쩔음 ㄷㄷㄷㄷ,2019-06-09 22:24:59
508440,Totally Accurate Battle Simulator,positive,3년 기달린 보람이 있다,3년 기 달린 보람 이 있다,2019-06-09 17:46:19
508440,Totally Accurate Battle Simulator,positive,재밌고 신박해서 좋다,재밌고 신 박해 서 좋다,2019-06-09 13:23:56
508440,Totally Accurate Battle Simulator,positive,유닛에디터나 모드 같은 것은 어디서 할 수 있죠?,유닛 에디터 나 모드 같은 것 은 어디서 할 수 있죠 ?,2019-06-07 11:45:16
508440,Totally Accurate Battle Simulator,positive,amaging! very goood,amaging ! very goood,2019-06-06 18:37:12
508440,Totally Accurate Battle Simulator,positive,어째서 도박에 빠지는지 알게되는 유익한 게임.,어째서 도박 에 빠지는지 알 게 되는 유익한 게임 .,2019-06-03 19:52:18
508440,Totally Accurate Battle Simulator,positive,솔직히 업댓이 빠르고 쉽게쉽게 사용방법이 익혀져서 누구든 할수있을듯 이거 케릭 너무 많아서 힘든것 빼고는 좋음 ㅇㅅㅇ;;;,솔직히 업댓 이 빠르고 쉽게 쉽게 사용 방법 이 익혀져서 누구 든 할수있을듯 이 거 케릭 너무 많아서 힘든것 빼고는 좋음 ㅇㅅㅇ ;;;,2019-06-02 19:14:08
508440,Totally Accurate Battle Simulator,positive,개꾸ㅡㄹ잼,개 꾸 ㅡㄹ 잼,2019-06-02 18:39:27
508440,Totally Accurate Battle Simulator,positive,"즐겁다, 귀엽다, 신박하다!","즐겁다 , 귀엽다 , 신 박하 다 !",2019-06-02 16:27:15
508440,Totally Accurate Battle Simulator,positive,재밌다 그냥 내 스타일 이다,재밌다 그냥 내 스타일 이다,2019-06-02 10:53:17
508440,Totally Accurate Battle Simulator,positive,게임 구매했는데 유닛생성창에 맨오른쪽 두개 잠겨있는데 어떻게 푸나요>???,게임 구매 했는데 유닛 생 성창 에 맨 오른쪽 두 개 잠겨있는데 어떻게 푸나 요 >???,2019-05-31 23:08:54
508440,Totally Accurate Battle Simulator,positive,oh my god game 이군요 하핫 여려분 이게임강추합니다 당신이 보봉하는걸 좋아하고 병맛을좋아한다면 이게임을 좋아할겁니다 그러니 까시요 15500원 인데 그값어치를 아주주주주주주주 합니다 모드도 있고요 dog재미있읍니다 그러니8282까세요그럼전20000 바이,oh my god game 이군 요 하 핫 여 려 분 이 게임 강 추합니다 당신 이 보 봉하 는걸 좋아하고 병맛 을 좋아한다면 이 게임 을 좋아할 겁니다 그러니 까시요 15500원 인데 그 값어치 를 아주 주주 주주 주주 합니다 모드 도 있고요 dog 재미있 읍니 다 그러니 8282 까세요 그럼전 20000 바이,2019-05-31 22:29:12
508440,Totally Accurate Battle Simulator,positive,가끔씩 생각날때마다 하면 재밋음,가끔 씩 생각날 때 마다 하면 재밋음,2019-05-28 13:44:52
508440,Totally Accurate Battle Simulator,positive,좋고 재밌는데 시작하거나 전투중에 맵에 끼인다던지 나무나 건물에서 떨어진다던지 이런부분에 대해서는 아직 문제가 있는것같음,좋고 재밌는데 시작 하 거나 전투 중 에 맵 에 끼인다던지 나무 나 건물 에서 떨어진다던지 이런 부분 에 대해 서는 아직 문제 가 있는것 같음,2019-05-27 00:58:14
508440,Totally Accurate Battle Simulator,positive,Funny,Funny,2019-05-26 16:27:42
508440,Totally Accurate Battle Simulator,positive,이 겜은 심심풀이 용도로 재밌게 즐길수 있음!!! 근데 많이 하면 좀 질려서 재미없을 수도 있음 이 게임을 하려면 신중히 생각하고 사셈,이 겜 은 심심 풀이 용도 로 재밌게 즐길수 있음 !!! 근데 많이 하면 좀 질려서 재미없을 수도 있음 이 게임 을 하려면 신중히 생각 하고 사셈,2019-05-24 23:53:03
508440,Totally Accurate Battle Simulator,positive,최적화는 쫌더 필요함 살 가치는 넘침,최적화 는 쫌더 필요함 살 가치 는 넘침,2019-05-24 23:38:44
508440,Totally Accurate Battle Simulator,positive,모드적용같은거 어떻게 하나요?,모드 적용 같은거 어떻게 하나요 ?,2019-05-24 22:00:32
508440,Totally Accurate Battle Simulator,positive,잠깐 해볼까 켯다가 해졌음 정식출시가 기대됨 한글화 없어도 플레이하기 쉬운게 장점인듯 하다 딱 옛날 학생때 컴터실에서 건물뿌수기 플래쉬게임 하던 그런재미임 ㅈ도 없는데 그냥 잼씀 암튼잼씀 시간훅지나감 그런느낌,잠깐 해볼까 켯다 가 해졌음 정식 출시 가 기대 됨 한글화 없어도 플레이 하기 쉬운게 장점 인 듯 하다 딱 옛날 학생 때 컴터 실 에서 건물 뿌 수기 플래쉬 게임 하던 그런 재미 임 ㅈ 도 없는데 그냥 잼 씀 암튼 잼 씀 시간 훅 지나감 그런 느낌,2019-05-24 21:39:31
508440,Totally Accurate Battle Simulator,positive,재밌는데 컨텐츠가 적음. 캠페인 다깨면 할게 없어서 빨리 편집모드가 나와야할듯,재밌는데 컨텐츠 가 적음 . 캠페인 다 깨면 할게 없어서 빨리 편집 모드 가 나와 야할듯,2019-05-24 13:38:41
508440,Totally Accurate Battle Simulator,positive,I'm big fan of TABS,I ' m big fan of TABS,2019-05-23 22:41:50
508440,Totally Accurate Battle Simulator,positive,갓겜,갓 겜,2019-05-23 18:04:22
508440,Totally Accurate Battle Simulator,positive,재밌습니다. 나중에 배치한 병력하나를 직접 조종해서 해봤는데 그게 또 색다른 재미가 있더군요.,재밌습니다 . 나중 에 배치 한 병력 하나 를 직접 조종 해서 해봤는데 그게 또 색다른 재미 가 있더군요 .,2019-05-23 02:19:03
508440,Totally Accurate Battle Simulator,positive,이 게임사의 다른 작품인 TOTALLY ACCURATE BATTLEGROUNDS와 그래픽이 같아서 처음에는 그냥 병맛게임인가 싶었는데 아니었다 매우 잘 만든 게임 다양한 맵과 많은 스테이지 그리고 수많은 캐릭터들 캐릭터들도 각자 특징이 있어서 개성이 넘친다 숨겨진 캐릭터들도 있어서 맵 전체를 자연스럽게 둘러볼 수 있게 했다 게다가 운빨도 있어서 뻔한 싸움이 되지 않는다,이 게임 사의 다른 작품 인 TOTALLY ACCURATE BATTLEGROUNDS 와 그래픽 이 같아서 처음 에는 그냥 병맛 게임 인가 싶었는데 아니었다 매우 잘 만든 게임 다양한 맵 과 많은 스테이지 그리고 수많은 캐릭터 들 캐릭터 들 도 각자 특징 이 있어서 개성 이 넘친다 숨겨진 캐릭터 들 도 있어서 맵 전체 를 자연 스럽게 둘러볼 수 있게 했다 게다가 운빨 도 있어서 뻔한 싸움 이 되지 않는다,2019-05-22 17:35:30
508440,Totally Accurate Battle Simulator,positive,고증이 완벽하다. 괜히 바이킹한테 시달렸던게 아니었다.,고증 이 완벽하다 . 괜히 바이킹 한테 시달렸던게 아니었다 .,2019-05-22 01:31:34
508440,Totally Accurate Battle Simulator,positive,이거 15500원 가치가 있네.. 왜냐하면 아예 그냥 병맛임 그냥 병맛 자체 유튜버나 스트리머에게 강추임 솔직히 그리고 전 이거만 현재시간으로 145시간함,이 거 15500원 가치 가 있네 .. 왜냐하면 아예 그냥 병맛 임 그냥 병맛 자체 유튜버 나 스트리머 에게 강추임 솔직히 그리고 전 이 거만 현 재시 간 으로 145시간 함,2019-05-21 22:04:26
508440,Totally Accurate Battle Simulator,positive,2019년에 할 게임이 없다면..! 이게임을 해보길 바란다.. 시간 가는 줄 모르고 이 게임을 하고 있는 자신을 보게된다.,2019년 에 할 게임 이 없다면 ..! 이 게임 을 해보길 바란다 .. 시간 가는 줄 모르고 이 게임 을 하고 있는 자신 을 보게 된다 .,2019-05-20 22:43:54
508440,Totally Accurate Battle Simulator,positive,ㅋㅋㅋㅋㅋ이딴걸왜사냐 아.,ㅋㅋㅋㅋㅋ 이딴 걸왜 사냐 아 .,2019-05-20 22:01:11
508440,Totally Accurate Battle Simulator,positive,재미는 있지만 콘탠츠가 추가중이니 정식판을 기다려보자.. 하지만 안사면 흑우,재미 는 있지만 콘탠츠 가 추가 중 이니 정식 판 을 기다려 보자 .. 하지만 안사면 흑우,2019-05-20 18:52:20
508440,Totally Accurate Battle Simulator,positive,잼민이들 싸우는거 보고있으면 웃김,잼민 이 들 싸우는거 보고있으면 웃김,2019-05-20 16:55:11
508440,Totally Accurate Battle Simulator,positive,화차 + 치어리더 = 치트키,화차 + 치어리더 = 치트키,2019-05-20 12:58:31
508440,Totally Accurate Battle Simulator,positive,3년동안 기다린 보람이 있음 특히 창병같은 경우는 뒤로 가면서 찌르는게 많이 발전한듯,3년 동안 기다린 보람 이 있음 특히 창병 같은 경우 는 뒤 로 가면 서 찌르는게 많이 발전 한 듯,2019-05-20 08:38:54
508440,Totally Accurate Battle Simulator,positive,이게임 멀티로 만든다면 친구랑 같이 해서 재밌을거 같은 게임인데.... 멀티 나온다면 정말 좋겠네요ㅎㅎ 아 맞다 이게임 진짜 재밌어요!! 머리가 안좋아서 더이상 다음 스테이지로 못가지만 정말 재밌어요!! :),이 게임 멀티 로 만든다면 친구 랑 같이 해서 재밌을거 같은 게임 인데 .... 멀티 나온다면 정말 좋겠네요 ㅎㅎ 아 맞다 이 게임 진짜 재밌어요 !! 머리 가 안좋아서 더 이상 다음 스테이지 로 못 가지만 정말 재밌어요 !! :),2019-05-19 23:51:31
508440,Totally Accurate Battle Simulator,positive,모드들도 많고 갓겜이네요,모드 들 도 많고 갓 겜 이네 요,2019-05-19 11:50:02
508440,Totally Accurate Battle Simulator,positive,업데이트 해서 신규 영웅은 언제 나오나요,업데이트 해서 신규 영웅 은 언제 나오나요,2019-05-19 09:28:50
508440,Totally Accurate Battle Simulator,positive,진짜 재밌습니다.,진짜 재밌습니다 .,2019-05-18 20:09:25
508440,Totally Accurate Battle Simulator,positive,갓겜 거인개사기,갓 겜 거인 개 사기,2019-05-17 09:29:57
508440,Totally Accurate Battle Simulator,positive,애들 싸우는 거 보다보면 개웃김ㅋㅋ,애 들 싸우는 거 보다 보면 개 웃김 ㅋㅋ,2019-05-16 23:06:55
508440,Totally Accurate Battle Simulator,positive,님들안사면후회함 꼭사요,님 들 안사면 후회 함 꼭사 요,2019-05-16 20:32:14
508440,Totally Accurate Battle Simulator,positive,운나쁘면 한시간해야되는 뱀궁수 스테이지 없어 진거 ㄹㅇ 갓 패치,운 나쁘면 한 시간 해야 되는 뱀 궁수 스테이지 없어 진거 ㄹㅇ 갓 패치,2019-05-16 16:15:34
508440,Totally Accurate Battle Simulator,positive,5시간 플레이하고 느낀점 치어리더.,5시간 플레이 하고 느낀 점 치어리더 .,2019-05-16 06:52:19
508440,Totally Accurate Battle Simulator,positive,5시간 순삭...,5시간 순삭 ...,2019-05-16 01:19:48
508440,Totally Accurate Battle Simulator,positive,유튜브 영상이나 이런거 찾아보면 모드같은거 나오는데 그런건 어디서 다운받음?,유튜브 영상 이나 이런거 찾아보면 모드 같은거 나오는데 그런건 어디서 다운 받음 ?,2019-05-15 17:15:40
508440,Totally Accurate Battle Simulator,positive,아직은...,아직 은 ...,2019-05-15 16:55:31
508440,Totally Accurate Battle Simulator,positive,유닛이 그다지 많지도 않은데 유닛에 대한 설명이 있었으면 좋겠다. 바드는 대체 뭐 하는 애야? 대전투를 보려고 50마리씩 소환하면 엄청난 렉이 걸리는 건 불만족. 그래도 재미있다. 빨리 업데이트 해 주길 바란다.,유닛 이 그다지 많지도 않은데 유닛 에 대한 설명 이 있었으면 좋겠다 . 바 드는 대체 뭐 하는 애 야 ? 대 전투 를 보려고 50 마리 씩 소환 하면 엄청난 렉 이 걸리는 건 불만족 . 그래도 재미있다 . 빨리 업데이트 해 주길 바란다 .,2019-05-15 09:30:06
508440,Totally Accurate Battle Simulator,positive,바보같은 움직임 전략 등으로 재밌는게임이다 출시당시에는 기대 미만이였지만 계속되는 업데이트로 재미를계속준다 하지만 클리어하고 조금만가지고놀면 지루해지는게임이다 좀아쉽다 앞으로 조금 업데이트를 해준다고 하니 간간이 접속해서 할만한 게임이다,바보 같은 움직임 전략 등 으로 재밌는 게임 이다 출시 당시 에는 기대 미만 이 였지만 계속 되는 업데이트 로 재미 를 계속 준다 하지만 클리어 하고 조금 만 가지 고 놀면 지루해지는 게임 이다 좀 아쉽다 앞 으로 조금 업데이트 를 해준다고 하니 간간이 접속 해서 할만 한 게임 이다,2019-05-14 00:44:58
508440,Totally Accurate Battle Simulator,positive,캠페인 다깨는데 8시간 정도?,캠페인 다 깨는데 8시간 정도 ?,2019-05-13 19:28:48
508440,Totally Accurate Battle Simulator,positive,간단하면서도 적당히 머리를 써야하며 유닛 하나하나에 정성을 들인것이 느껴진다 혼자 놀기 최고의 게임이다 단점이 있다면 1시간 정도만 즐길려 했지만 3시간이30분이 지나있었고 다음날 출근에 지각을 해버렸다 요망한 게임....,간단하면서도 적당히 머리 를 써야하며 유닛 하나 하나 에 정성 을 들인것이 느껴진다 혼자 놀기 최고 의 게임 이다 단점 이 있다면 1시간 정도 만 즐길려 했지만 3시간 이 30분 이 지나있었고 다음 날 출근 에 지각 을 해 버렸다 요망 한 게임 ....,2019-05-12 20:56:07
508440,Totally Accurate Battle Simulator,positive,이게임에서 켐페인밖에 진행할줄모르고 창의력없는 고자리서 큰 임펙트 없다고 비추누르고 징징대시는게 당신이라면 당신은 게임 잘못찾아온 호구랍니다,이 게임 에서 켐페인 밖에 진행 할줄 모르고 창의력 없는 고 자리 서 큰 임펙트 없다고 비추 누르고 징징대시는게 당신 이 라면 당신 은 게임 잘 못 찾아온 호 구랍 니 다,2019-05-12 17:04:10
508440,Totally Accurate Battle Simulator,positive,☆☆☆☆ (4/5) 방구석 제갈공명.,☆☆☆☆ ( 4/5 ) 방 구석 제갈공명 .,2019-05-12 15:17:36
508440,Totally Accurate Battle Simulator,positive,드디어 나왔구나!그런데 머스킷병 생기면 좋겠다.하지만 예전보다 좋은것 같다.,드디어 나왔구나 ! 그런데 머스킷 병 생기 면 좋겠다 . 하지만 예전 보다 좋은 것 같다 .,2019-05-11 19:53:38
508440,Totally Accurate Battle Simulator,positive,good,good,2019-05-10 21:16:23
508440,Totally Accurate Battle Simulator,positive,정말 재밌는데 왜 멀미가 날까 흑흑,정말 재밌는데 왜 멀미 가 날까 흑 흑,2019-05-10 16:09:51
508440,Totally Accurate Battle Simulator,positive,게임은 재밌게 했는데 5시간만에 올클리어했네요 플레이시간이 짧은게 좀 아쉬웠습니다.,게임 은 재밌게 했는데 5시간 만에 올 클리어 했네요 플레이 시간 이 짧은게 좀 아쉬웠습니다 .,2019-05-10 10:38:39
508440,Totally Accurate Battle Simulator,positive,"갓겜입니다. 다만 캠페인 볼륨이 조금 아쉽네요... 캠페인 이후로도 할 수 있는 거라면 샌드박스에서 비밀 팩션 유닛 찾기랑 컨셉 플레이, 1대1 대결 붙이기 정도일텐데 제가 상상력이 부족한 것인지 5시간이 지나니 더 이상 할 게 없네요... 그래도 얼리 액세스라 앞으로를 기대해 볼 수 있다는 점에서 추천합니다. 개인적으로 유닛 티어를 정리해보자면 1티어: 발리스타, 치어리더(비밀) 1.25티어: 쇼군(비밀) 1.5티어: 센세(비밀) 2티어: 버서커, 사무라이, 폭죽 궁사 2.5티어: 본메이지, 화차 3티어: 투석기(성능이 별","갓 겜 입니다 . 다만 캠페인 볼륨 이 조금 아쉽네요 ... 캠페인 이후 로 도 할 수 있는 거 라면 샌드박스 에서 비밀 팩션 유닛 찾기 랑 컨셉 플레이 , 1 대 1 대결 붙이기 정도 일텐데 제 가 상상력 이 부족한 것 인지 5시간 이 지나니 더 이상 할 게 없네요 ... 그래도 얼리 액세스 라 앞 으로 를 기대해 볼 수 있다는 점 에서 추천 합니다 . 개인 적 으로 유닛 티어 를 정리 해보자면 1 티어 : 발리스타 , 치어리더 ( 비밀 ) 1.25 티어 : 쇼군 ( 비밀 ) 1.5 티어 : 센세 ( 비밀 ) 2 티어 : 버서커 , 사무라이 , 폭죽 궁사 2.5 티어 : 본 메이지 , 화차 3 티어 : 투석기 ( 성능 이 별",2019-05-10 03:11:04
508440,Totally Accurate Battle Simulator,positive,진짜 ㅋㅋㅋㅋㅋㅋㅋㅋㅋㅋㅋ 방송 하는거 보고 샀는데 절대 후회 안 함! 병사들 우룰루룰룰루루 하는거 듣고 있으면 우울증 환자도 웃겠음 ㅋㅋㅋㅋㅋㅋㅋㅋㅋㅋ 그리고 얘들이 서로 얽히면서 어처구니 없는 상황 많이 나오는데 그 자체로 개웃깁니다 ㅋㅋㅋㅋㅋㅋㅋㅋㅋㅋㅋㅋㅋ,진짜 ㅋㅋㅋㅋㅋㅋㅋㅋㅋㅋㅋ 방송 하는거 보고 샀는데 절대 후회 안 함 ! 병사 들 우 룰루 룰룰 루루 하는거 듣고 있으면 우울증 환자 도 웃겠음 ㅋㅋㅋㅋㅋㅋㅋㅋㅋㅋ 그리고 얘 들 이 서로 얽히면서 어처구니 없는 상황 많이 나오는데 그 자체 로 개 웃깁니다 ㅋㅋㅋㅋㅋㅋㅋㅋㅋㅋㅋㅋㅋ,2019-05-09 22:23:01
508440,Totally Accurate Battle Simulator,positive,전술 + 전략 + 병맛,전술 + 전략 + 병맛,2019-05-09 18:44:43
508440,Totally Accurate Battle Simulator,positive,가끔씩 하면 재밌다 진짜로,가끔 씩 하면 재밌다 진짜 로,2019-05-09 18:42:02
508440,Totally Accurate Battle Simulator,positive,ㅋㅋㅋㅋㅋㅋㅋㅋㅋㅋ개꿀잼이네 잠깐하다가 환불할까 생각했던거 반성해야지,ㅋㅋㅋㅋㅋㅋㅋㅋㅋㅋ 개꿀잼 이네 잠깐 하다가 환불 할까 생각 했던거 반성 해야지,2019-05-09 03:14:06
508440,Totally Accurate Battle Simulator,positive,말이 필요없다 킹갓겜!!,말 이 필요없다 킹 갓 겜 !!,2019-05-08 20:53:58
508440,Totally Accurate Battle Simulator,positive,당신은 아직 자의식이 남아 주인의 명령을 따르지않는 덩어리들을 조종할수있습니다.,당신 은 아직 자의식 이 남아 주인 의 명령 을 따르지 않는 덩어리 들 을 조종 할수있습니다 .,2019-05-07 19:51:31
508440,Totally Accurate Battle Simulator,positive,매우매우지미달ㅇ,매 우매 우지 미달 ㅇ,2019-05-07 19:19:15
508440,Totally Accurate Battle Simulator,positive,갓겜임 모델도 귀엽고 전략적 요소도 있음 변수가 많은 시뮬레이션 게임 답게 예상치 못한 상황에 웃을 때도 많았음. 아쉬운 점은 지형지물에 껴서 영원히 안끝나는 경우가 가끔 생긴다는 것. + 11/26 추가합니다. 업데이트가 꾸준히 이루어지고 있어 스테이지 수가 상당히 많아졌습니다. 히든 유닛들을 찾는 재미도 있답니다.,갓 겜임 모델 도 귀엽고 전략 적 요소 도 있음 변수 가 많은 시뮬레이션 게임 답 게 예 상치 못 한 상황 에 웃 을 때 도 많았음 . 아쉬운 점 은 지형 지물 에 껴서 영원히 안 끝나는 경우 가 가끔 생긴다는 것 . + 11/26 추가 합니다 . 업데이트 가 꾸준히 이루어지고 있어 스테이지 수가 상당히 많아졌습니다 . 히든 유닛 들 을 찾는 재미 도 있답니다 .,2019-05-07 18:12:33
508440,Totally Accurate Battle Simulator,positive,드디어 출시헸습니다3년만에! 그것도 얼리엑세스로 출시헸죠 해적과 르내상스도 빨리업대이트가 되었으면 하내요,드디어 출시 헸습 니 다 3년 만에 ! 그것 도 얼리 엑세스 로 출시헸 죠 해적 과 르내상스 도 빨리 업대 이 트 가 되었으면 하내 요,2019-05-06 21:20:37
508440,Totally Accurate Battle Simulator,positive,병맛게임중 최고봉,병맛 게임 중 최고봉,2019-05-06 16:46:00
508440,Totally Accurate Battle Simulator,positive,재미따!,재미 따 !,2019-05-06 11:12:42
508440,Totally Accurate Battle Simulator,positive,wazzaaaaaaaa i lov it wazzzzaaaaa,wazzaaaaaaaa i lov it wazzzzaaaaa,2019-05-06 10:13:50
508440,Totally Accurate Battle Simulator,positive,god,god,2019-05-06 02:14:25
508440,Totally Accurate Battle Simulator,positive,조금 해봤는데 재밌네요,조금 해봤는데 재밌네요,2019-05-04 20:56:54
508440,Totally Accurate Battle Simulator,positive,토랄리어큐레이트 배틀시뮬레이션 개싸움붙이면 재밌음 최적화는 약간 부족한듯,토랄리 어 큐 레이 트 배틀 시뮬레이션 개싸움 붙이 면 재밌음 최적화 는 약간 부족한듯,2019-05-04 12:01:45
508440,Totally Accurate Battle Simulator,positive,캐릭터 커스터마이징 이후로 갓겜됨,캐릭터 커스터 마이 징 이후 로 갓 겜 됨,2019-05-01 00:50:07
508440,Totally Accurate Battle Simulator,positive,기다린 만큼 성과를 보여준 게임,기다린 만큼 성과 를 보여준 게임,2019-04-30 20:58:23
508440,Totally Accurate Battle Simulator,positive,출시기다리다 목이 먼저 빠졌는데 얼리엑세스로 나오니 이젠 업뎃기다리느라 현기증이 나온다,출시 기다리다 목 이 먼저 빠졌는데 얼리 엑세스 로 나오니 이 젠 업뎃 기다리느라 현기증 이 나온다,2019-04-30 19:01:10
508440,Totally Accurate Battle Simulator,positive,아니 개 좆같은 산맵 좀 어떻게 좀 해봐라;; 시발 올라가서 내려오질 않으니 잡을수도 없어서 다시 해야되 다이긴 건데 한놈이 시발 올라가서 내려오질 않는다고,아니 개 좆 같은 산맵 좀 어떻게 좀 해봐라 ;; 시발 올라가서 내려오질 않으니 잡을수도 없어서 다시 해야되 다 이긴 건데 한 놈 이 시발 올라가서 내려오질 않는다고,2019-04-29 17:08:02
508440,Totally Accurate Battle Simulator,positive,출시는 개느린데 업뎃은 개빠르누,출시 는 개 느린데 업뎃 은 개 빠르 누,2019-04-28 10:24:21
508440,Totally Accurate Battle Simulator,positive,"유닛들이 소환될때마다 깨알같이 머리크기같은거나, 덩치, 그리고 특히눈알 외형들이 랜덤으로 설정되어 나오는게 재미있었던것중 하나였습니다. 무슨 눈알한개만 달린것도 있고 3개나 달린것도있고 다른사람의 스크린샷중에 5개나 달린것도 있던데","유닛 들 이 소환 될 때 마다 깨알 같이 머리크기 같은거나 , 덩치 , 그리고 특히 눈알 외형 들 이 랜덤 으로 설정 되어 나오는게 재미있었던것 중 하나 였습니다 . 무슨 눈알 한개 만 달린것도 있고 3 개 나 달린것도 있고 다른사람 의 스크린샷 중 에 5 개 나 달린것도 있던데",2019-04-28 01:26:51
508440,Totally Accurate Battle Simulator,positive,시간때우기 좋음,시간 때우기 좋음,2019-04-28 00:35:40
508440,Totally Accurate Battle Simulator,positive,"3년간 개발하고 드뎌낸 게임 얼리엑세스로 나온거라도 좋다. 게임을 출시하고도 생각보다 빠르게 업데이트를 하며 또 그 베타때 보다 더 병맛이 넘치게 잘 출시했다 게임이 출시하기전에 유튜브에 유닛 출시한다는 내용을 보면 항상 충격이고 볼때마다 어떻게 ""벨런스를 잘 맞출까?"" 라는 생각이 항상 들게 유닛을 만들었는데(EX 맘보스, 탱크 등등) 막상 출시하니까 각 유닛마다 카운터가 존재 아무리 많이 낸다고 하더라도 진다(EX Saritssa창병 vs squire기사) 물론 수가 너무 많으면 상대도 안돼지만 그래도 어느정도 수가 맞","3년 간 개발 하고 드뎌낸 게임 얼리 엑세스 로 나온거라도 좋다 . 게임 을 출시 하고도 생각 보다 빠르게 업데이트 를 하며 또 그 베타 때 보다 더 병맛 이 넘치게 잘 출시 했다 게임 이 출시 하기전에 유튜브 에 유닛 출시 한다는 내용 을 보면 항상 충격 이고 볼때 마다 어떻게 "" 벨런스 를 잘 맞출까 ?"" 라는 생각 이 항상 들게 유닛 을 만들었는데 ( EX 맘 보스 , 탱크 등등 ) 막상 출시 하 니까 각 유닛 마다 카운터 가 존재 아무리 많이 낸다고 하더라도 진다 ( EX Saritssa 창병 vs squire 기사 ) 물론 수가 너무 많으면 상대 도 안 돼지만 그래도 어느 정도 수가 맞",2019-04-27 22:35:04
508440,Totally Accurate Battle Simulator,positive,"재미는 있는데 솔직히 스타 200 VS 200 하는 느낌임 그리고 유닛 파트에서 화차랑 닌자,사무라이 같은 파트에 있는게 불-편함 얼리 치고 값어치는 하는데 유닛 모드같은거 있으면 좋을거 같음","재미 는 있는데 솔직히 스타 200 VS 200 하는 느낌 임 그리고 유닛 파트 에서 화차 랑 닌자 , 사무라이 같은 파트 에 있는게 불 - 편함 얼리 치고 값어치 는 하는데 유닛 모드 같은거 있으면 좋을거 같음",2019-04-27 09:41:20
508440,Totally Accurate Battle Simulator,positive,이거 아직도 안 산 흑우 없제?,이 거 아직도 안 산 흑우 없 제 ?,2019-04-26 22:21:59
508440,Totally Accurate Battle Simulator,positive,그냥 사셈 내가 원한게임이 바로 이거임 그래픽도 좋고 깔끔함 머라 설명해야할지 모르겠네 걍 사서 경험해보셈,그냥 사셈 내 가 원 한게임 이 바로 이 거임 그래픽 도 좋고 깔끔함 머 라 설명 해야 할지 모르겠네 걍 사서 경험 해보셈,2019-04-25 20:15:45
508440,Totally Accurate Battle Simulator,positive,3년인가 4년만에 나왔는데 진짜 너무 좋다. 나오자마자 거의바로샀는데 꼭사야하는 게임 꿀잼,3년 인가 4년 만에 나왔는데 진짜 너무 좋다 . 나오자마자 거의 바로 샀는데 꼭 사야하는 게임 꿀잼,2019-04-24 16:47:08
508440,Totally Accurate Battle Simulator,positive,그냥 갓겜. 다른할말이 없음,그냥 갓 겜 . 다른 할말이 없음,2019-04-24 14:56:06
508440,Totally Accurate Battle Simulator,positive,생긴것도 귀엽고 하는짓은 멍충해서 더 귀엽다 다만 생각보다 사양이 높아서 우리집 똥컴은 렉이 너무 심해 피시방에서 플레이했다 친구랑 같이 끅끅 숨넘어가며 플레이했음 한정된 자원으로 원하는 유닛을 뽑아 붙게만드는 멀티기능이 추가됬으면 한다 아쉬운점은 플레이타임이 상당히 짧다는점 빨리빨리 추가업데이트 해주세요,생긴것도 귀엽고 하는 짓은 멍 충해 서 더 귀엽다 다만 생각 보다 사양 이 높아서 우리 집 똥컴 은 렉 이 너무 심해 피시방 에서 플레이 했다 친구 랑 같이 끅끅 숨 넘어가며 플레이 했음 한정 된 자원 으로 원하는 유닛 을 뽑아 붙게 만드는 멀티 기능 이 추가 됬으면 한다 아쉬운 점 은 플레이 타임 이 상당히 짧다는 점 빨리 빨리 추가 업데이트 해주세요,2019-04-23 21:22:01
508440,Totally Accurate Battle Simulator,positive,귀요미 젤라틴들이 투닥거리는 게임입니다. 가끔 서로 다가가지 못하고 바둥거리고 있는 걸 볼 때면 암이 걸리지만 그래도 재미있습니다.,귀요미 젤라틴 들 이 투닥거리 는 게임 입니다 . 가끔 서로 다가가지 못 하고 바둥거리 고 있는 걸 볼 때 면 암 이 걸리지만 그래도 재미있습니다 .,2019-04-23 11:20:26
508440,Totally Accurate Battle Simulator,positive,할거없을때해야 개꿀잼인 겜,할거 없을 때 해야 개꿀잼 인 겜,2019-04-22 19:00:32
508440,Totally Accurate Battle Simulator,positive,real dog Good,real dog Good,2019-04-21 18:40:37
508440,Totally Accurate Battle Simulator,positive,초등학교 4학년때 베타버전으로 처음 플레이했었는데 벌써 중학교 1학년이네 ㅠ,초등학교 4 학년 때 베타 버전 으로 처음 플레이 했었는데 벌써 중학교 1 학년 이네 ㅠ,2019-04-20 13:31:34
508440,Totally Accurate Battle Simulator,positive,병맛 시뮬레이션게임!,병맛 시뮬레이션 게임 !,2019-04-20 02:42:18
508440,Totally Accurate Battle Simulator,positive,Totally Excellent!,Totally Excellent !,2019-04-19 19:50:44
508440,Totally Accurate Battle Simulator,positive,꿀잼,꿀잼,2019-04-19 02:49:43
508440,Totally Accurate Battle Simulator,positive,3년동안 기다린거에 비에 그렇게 좋진않음,3년 동안 기다린거에 비 에 그렇게 좋진 않음,2019-04-17 19:10:20
508440,Totally Accurate Battle Simulator,positive,재미Yeeㅆ다,재미 Yee ㅆ 다,2019-04-16 20:42:52
508440,Totally Accurate Battle Simulator,positive,존나 뽑으면 렉 존나걸려요 ㅋㅋ,존나 뽑으면 렉 존나 걸려요 ㅋㅋ,2019-04-15 23:15:38
508440,Totally Accurate Battle Simulator,positive,ITS A TOTAL WRECK 깨는 법.avi https://youtu.be/U_QNe6btwF4,ITS A TOTAL WRECK 깨는 법 . avi https://youtu.be/U_QNe6btwF4,2019-04-15 06:20:17
508440,Totally Accurate Battle Simulator,positive,특색있는 병종이 아직 적은건 마이너스 멀티가 되면 좋을것 같음,특색 있는 병 종이 아직 적은건 마이너스 멀티 가 되면 좋을것 같음,2019-04-14 23:16:01
508440,Totally Accurate Battle Simulator,positive,이거 일단 멀티는 없는거죠? 그리고 샌드박스모드에서 전쟁시작하면 엄청 버벅대던데 저만그런가요?ㄷㄷ; 참고로 컴사양은 윈10 램16기가 그래픽 rtx2080 씨퓨 i7 8700 인데 렉걸릴 사양은 아닌데 왜그런지 몰겟네요;,이 거 일단 멀티 는 없는거죠 ? 그리고 샌드박스 모드 에서 전쟁 시작 하 면 엄청 버벅대던데 저만 그런 가요 ? ㄷㄷ ; 참고 로 컴 사 양은 윈 10 램 16 기 가 그래픽 rtx 2080 씨퓨 i 7 8700 인데 렉 걸릴 사양 은 아닌데 왜 그런지 몰겟네요 ;,2019-04-14 19:41:29
508440,Totally Accurate Battle Simulator,positive,얼음 궁수가 하드캐리하는 게임이자 하드캐리를 해야 깰수있는게임,얼음 궁수 가 하드캐리 하는 게임 이자 하드캐리 를 해야 깰수있는 게임,2019-04-14 17:53:19
508440,Totally Accurate Battle Simulator,positive,똘구겜,똘구겜,2019-04-14 12:31:37
508440,Totally Accurate Battle Simulator,positive,"얼리억세스라 버그가 조금 있고, 아직 베타버전 수준이지만, 지금 사도 충분히 재밌게 할 수 있음요.","얼리 억 세 스 라 버그 가 조금 있고 , 아직 베타 버전 수준 이지만 , 지금 사도 충분히 재밌게 할 수 있 음 요 .",2019-04-13 23:08:02
508440,Totally Accurate Battle Simulator,positive,드디어 나왔구나 its a total wreck 어케 깨냐,드디어 나왔구나 its a total wreck 어케 깨냐,2019-04-13 18:06:28
508440,Totally Accurate Battle Simulator,positive,이게임은 매우 재미있고 다른 사람에게도 추천해볼만햇다 하지만 샌드박스에 들어가서 임의로 설정해서 싸워보는 시물레이션이 일정량이상 소환시키실 렉이 너무 심하게 발생되는점을 개선시켜줫으면 좋겟다,이 게임 은 매우 재미있고 다른 사람 에게도 추천 해볼만 햇 다 하지만 샌드박스 에 들어가서 임의 로 설정 해서 싸워 보는 시 물레 이 션 이 일정량 이상 소환 시키실 렉 이 너무 심하게 발생 되는 점 을 개선 시켜 줫으 면 좋겟다,2019-04-12 23:21:19
508440,Totally Accurate Battle Simulator,positive,다 좋긴 한데 게임이 계속 튕기거나 적이 아군이 못 가는 곳에 있는 경우도 있어서 다 이긴 판도 못 깰 떄가 있어서 아쉬움,다 좋긴 한데 게임 이 계속 튕기거 나 적 이 아군 이 못 가는 곳 에 있는 경우 도 있어서 다 이긴 판도 못 깰 떄 가 있어서 아쉬움,2019-04-12 20:34:06
508440,Totally Accurate Battle Simulator,positive,"게임도 재밌고 하다가 '이걸이긴다고?,이걸진다고?'라고 말하는 경우가 많아서 계속하게됨 그리고 추가로 멀티로 나오면 개꿀잼일듯 그리고 사양도 낮아서 애들을 존나많이 깔지않으면 렉은 안먹음","게임 도 재밌고 하다가 ' 이 걸이 긴다고 ?, 이 걸진다고 ?' 라고 말 하는 경우 가 많아서 계속 하게 됨 그리고 추가 로 멀티 로 나오면 개꿀잼 일듯 그리고 사양 도 낮아서 애 들 을 존나 많이 깔지 않으면 렉 은 안 먹음",2019-04-11 22:10:35
508440,Totally Accurate Battle Simulator,positive,게임이 너무 현실적이네요,게임 이 너무 현실 적 이네 요,2019-04-11 19:40:50
508440,Totally Accurate Battle Simulator,positive,나땐말이야 이 게임 출시 예정일이 2017년이었어. 이거 이번에 출시예정일 3년 넘기나 구경중이었는데. 그래도 3년은 안넘겼네.,나땐말 이야 이 게임 출시 예정일 이 2017년 이었어 . 이 거 이번 에 출시 예정일 3년 넘기나 구경 중 이었는데 . 그래도 3년 은 안 넘겼네 .,2019-04-11 18:14:15
508440,Totally Accurate Battle Simulator,positive,아아아아주 재밌네요. 근데 매머드가 좀 약한게 아쉬워용. 그레도 다른캐릭도 개발중이니 지켜볼거에요. 언젠간 인기가 엄청 있는 게임이 돼게군요+,아아 아 아주 재밌네요 . 근데 매머드 가 좀 약한게 아쉬워용 . 그레 도 다른 캐릭 도 개발 중 이니 지켜볼거에요 . 언 젠 간 인기 가 엄청 있는 게임 이 돼게 군 요 +,2019-04-10 18:36:37
508440,Totally Accurate Battle Simulator,positive,씹갓겜,씹 갓 겜,2019-04-09 16:15:50
508440,Totally Accurate Battle Simulator,positive,참 오래 기다렸다... 트럼프와 힐러리 가지고 병맛 같이 했었는데 스팀에 출시되고 나니 그들이 사라졌다 게임자체는 역시 전체적으로 상향 되었다 근데 가격 대비 해서 현재는 좀 아깝... 더 빨리 개발해서 dlc를 하나둘씩 내더라도 스테이지 많이 추가해주길...,참 오래 기다렸다 ... 트럼프 와 힐러리 가지 고 병맛 같이 했었는데 스팀 에 출시 되고 나니 그 들 이 사라졌다 게임 자체 는 역시 전체 적 으로 상향 되었다 근데 가격 대비 해서 현재 는 좀 아깝 ... 더 빨리 개발 해서 dlc 를 하나 둘 씩 내 더라도 스테이지 많이 추가 해주길 ...,2019-04-09 13:26:58
508440,Totally Accurate Battle Simulator,positive,모든난이도 클리어했습니다 첼린지 난이도는 뭔가 강제하는게 있어서 오히려 더빠르게 클리어했습니다 난이도는 의미없어요 재밌으면 된거죠 저는 튕김없었고요 빨리 업뎃해줬으면 좋겠네요,모든 난이도 클리어 했습니다 첼린 지 난이도 는 뭔가 강제 하는게 있어서 오히려 더 빠르게 클리어 했습니다 난이도 는 의미 없어요 재밌으면 된거 죠 저 는 튕김 없었고요 빨리 업뎃 해줬으면 좋겠네요,2019-04-08 11:39:42
508440,Totally Accurate Battle Simulator,positive,재밌네요 tabs 갓겜,재밌네요 tabs 갓 겜,2019-04-07 21:49:04
508440,Totally Accurate Battle Simulator,positive,2년? 3년? 기다리면서 드디어 나와서 사서 플레이해보니 재미있었음 오픈베타때 있었던 애들이 거의 사라졌지만 업데이트가 되면서 점차 나와질것으로 예상되는데 기대됨 근데 유닛이 많이없고 금방 질릴것같은데 그런 사람들은 지금 사지말고 나중에 사는걸 추천드립니다 (사실 캠페인 다 깨고 할 거 없어서 업뎃 기다리는중 『스네이크 아처 극혐』),2년 ? 3년 ? 기다리면서 드디어 나와서 사서 플레이 해보니 재미있었음 오픈베타 때 있었던 애 들 이 거의 사라졌지만 업데이트 가 되면서 점차 나와질 것 으로 예상 되는데 기대 됨 근데 유닛 이 많이 없고 금방 질릴것 같은데 그런 사람 들 은 지금 사지 말고 나중 에 사 는걸 추천 드립니다 ( 사실 캠페인 다 깨고 할 거 없어서 업뎃 기다리는 중 『 스네이크 아 처 극혐 』 ),2019-04-07 20:07:32
508440,Totally Accurate Battle Simulator,positive,"아니 이거 저만그래요? 왜 들어가면 마우스가 안보여서 불편하게 하지도못하고있죠? 마우스 다운받은거라 그런가 (마우스 포인트) ㅜㅜ 도와주세요 한 판도 못하고있어요,, 사놓고.. 하","아니 이 거 저 만 그래요 ? 왜 들어가면 마우스 가 안보 여서 불편하게 하지도 못 하고있죠 ? 마우스 다운 받은거라 그 런가 ( 마우스 포인트 ) ㅜㅜ 도와주세요 한 판도 못 하고있어요 ,, 사놓고 .. 하",2019-04-07 17:15:43
508440,Totally Accurate Battle Simulator,positive,그냥 해,그냥 해,2019-04-07 13:07:42
508440,Totally Accurate Battle Simulator,positive,짧게 즐기기 좋아요,짧게 즐기기 좋아요,2019-04-07 00:08:41
508440,Totally Accurate Battle Simulator,positive,재밌는데 유닛이 아직 많이 없네요 많이 늘려주세요,재밌는데 유닛 이 아직 많이 없네요 많이 늘려주세요,2019-04-06 23:54:04
508440,Totally Accurate Battle Simulator,positive,꿀잼 강추!,꿀잼 강추 !,2019-04-06 22:06:45
508440,Totally Accurate Battle Simulator,positive,개꿀잼,개꿀잼,2019-04-06 21:21:49
508440,Totally Accurate Battle Simulator,positive,;;마지막단계 어떻게 깨;;;;,;; 마지막 단계 어떻게 깨 ;;;;,2019-04-06 20:31:51
508440,Totally Accurate Battle Simulator,positive,"개발자님 재우스가 얼음 아처한테 공격을 받으면 모션이 안움직여요 공격도 안해요 안얼었는데... Developer, if you're attacked by ice archer, motion won't move. You're not wearing it.","개발자 님 재 우스 가 얼음 아 처 한테 공격 을 받으면 모션 이 안 움직여요 공격 도 안해 요 안 얼었는데 ... Developer , if you ' re attacked by ice archer , motion won ' t move . You ' re not wearing it .",2019-04-06 18:50:58
508440,Totally Accurate Battle Simulator,positive,컨텐츠가 별로 없지만 나중에 더 추가 아실거죠?,컨텐츠 가 별로 없지만 나중 에 더 추가 아실거죠 ?,2019-04-06 15:20:42
508440,Totally Accurate Battle Simulator,positive,아 진짜 이거 비추천합니다 be동사 몰라요? be 추천한다고요,아 진짜 이 거 비추 천합니다 be 동사 몰라요 ? be 추천 한다고요,2019-04-06 09:52:55
508440,Totally Accurate Battle Simulator,positive,알고보면 굉장히 무서운 게임입니다. 나오는 캐릭터들은 모두 영화 어스 처럼 도플갱어의 영혼이없는 복제 인간들을 가지고 노는 게임입니다 ... 그들의 울부짖는 소리만 들어도 공포감이 듭니다.,알 고 보면 굉장히 무서운 게임 입니다 . 나오는 캐릭터 들 은 모두 영화 어스 처럼 도플갱어 의 영혼 이 없는 복제 인간 들 을 가지 고 노 는 게임 입니다 ... 그 들 의 울부짖는 소리 만 들어도 공포 감 이 듭니 다 .,2019-04-05 11:22:57
508440,Totally Accurate Battle Simulator,positive,기다림끝에 샀지만 또 기다려야하는군,기다림 끝 에 샀지만 또 기다려야하는군,2019-04-05 09:41:52
508440,Totally Accurate Battle Simulator,positive,저는 이 게임을 하기위해 약 3년이라는 시간을 보냈습니다. 많은 캐릭터가 빠져도 그만큼 재미있어서 만족듭니다,저 는 이 게임 을 하기 위해 약 3년 이라는 시간 을 보냈습니다 . 많은 캐릭터 가 빠져도 그만큼 재미있어서 만족 듭니 다,2019-04-05 07:42:46
508440,Totally Accurate Battle Simulator,positive,이게임 그냥 축복입니다. 그리고 많음업뎃부탁드릴계요.^^,이 게임 그냥 축복 입니다 . 그리고 많음 업뎃 부탁드릴계요 .^^,2019-04-04 22:18:27
508440,Totally Accurate Battle Simulator,positive,빨리 없는 유닛 넣어주시면 좋겠네여 게임은 재밌네여,빨리 없는 유닛 넣어주시면 좋 겠네여 게임 은 재밌네여,2019-04-04 21:46:58
508440,Totally Accurate Battle Simulator,positive,플레이어들끼리 서로 대결하는 멀티라도 추가하면 컨텐츠는 늘어날듯,플레이어 들 끼리 서로 대결 하는 멀티 라도 추가 하면 컨텐츠 는 늘어날듯,2019-04-04 21:23:09
508440,Totally Accurate Battle Simulator,positive,유닛 업뎃도빠르고 여러가지 재밌어보이는 컨텐츠도 추가예정인거보면 역시 갓겜이다,유닛 업뎃 도 빠르고 여러가지 재밌어 보이는 컨텐츠 도 추가 예정 인거 보면 역시 갓 겜 이다,2019-04-04 20:31:21
508440,Totally Accurate Battle Simulator,positive,"예전과 지금을 비교해보니, 전체적인 그래픽이 좋아졌다. 캐릭터에 눈이 달리고 갑옷을 입거나 각종 마법효과가 생기는 등의 그래픽을 말하는 것이다. 전체적인 맵디자인도 전보다는 좋다. 캐릭터들이 우스꽝스러운게 이 게임의 매력 같다. 완성도는 그리 높지 않지만 가끔가다 '시밬 이걸 이렇게 이긴다고??'할 때 같이 전혀 예상하지 못한 곳에서 게임에 변수가 등장하는 재미로 한다. 하지만 지금 이 시점에서는 거의 베타플레이의 느낌을 받는다. 캐릭터는 전보다 더 없어졌으며 캠페인도 COMMING SOON을 남겨두고 몇몇가지는 잠겨있다. 그닥","예전 과 지금 을 비교 해보니 , 전체 적 인 그래픽 이 좋아졌다 . 캐릭터 에 눈 이 달리 고 갑옷 을 입거나 각종 마법 효과 가 생기는 등 의 그래픽 을 말 하는 것 이다 . 전체 적 인 맵 디자인 도 전 보다는 좋다 . 캐릭터 들 이 우스꽝스러운게 이 게임 의 매력 같다 . 완성 도 는 그리 높지 않지만 가끔가다 ' 시밬 이 걸 이렇게 이긴다고 ??' 할 때 같이 전혀 예상 하지 못 한 곳 에서 게임 에 변수 가 등장 하는 재미 로 한다 . 하지만 지금 이 시점 에서는 거의 베타 플레이 의 느낌 을 받는다 . 캐릭터 는 전보 다 더 없어졌으며 캠페인 도 COMMING SOON 을 남겨 두고 몇몇 가지 는 잠겨있다 . 그닥",2019-04-04 19:34:34
508440,Totally Accurate Battle Simulator,positive,"딱 1시간 플레이해봤습니다. 근데 전부 다한 느낌입니다. 여러 스테이지가 존재하지만 결국 반복적임을 느끼게 되네요 그래도 타격감이나, 엽기적인 모션, 얼리엑세스인 점을 감안하면 매우긍정적! 구매 고민하시는 분들을 위해 방금 영상 하나 만들었습니다, https://youtu.be/1PhLxgtFTTQ 아직 개발중이긴 하지만 현재까지는 플레이타임이 짧아서 영상하나에 게임에 있는 모든게 다 담아지네요, 도움이 되시기를...","딱 1시간 플레이 해봤습니다 . 근데 전부 다한 느낌 입니다 . 여러 스테이지 가 존재 하 지만 결국 반복 적임 을 느끼게 되네요 그래도 타 격감 이나 , 엽기 적 인 모션 , 얼리 엑세스 인 점 을 감안 하면 매우 긍정 적 ! 구매 고민 하시는 분 들 을 위해 방금 영상 하나 만들었습니다 , https://youtu.be/1PhLxgtFTTQ 아직 개발 중 이긴 하지만 현재 까지는 플레이 타임 이 짧아서 영상 하나 에 게임 에 있는 모든 게 다 담아지네요 , 도움 이 되 시기 를 ...",2019-04-04 19:29:27
508440,Totally Accurate Battle Simulator,positive,비등하거나 불리한 상황에서 전술적으로 승리를 취하고 싶었지만 그냥 비싼유닛이 짱이더라,비등 하 거나 불리한 상황 에서 전술 적 으로 승리 를 취하 고 싶었지만 그냥 비싼 유닛 이 짱 이더라,2019-04-04 19:02:15
508440,Totally Accurate Battle Simulator,positive,우주갓겜 얼리 베타해보고 뽕에취해서 몇년동안 기다렸는데 얼리긴해도 드디어 나왔다 랜드폴 특유의 그래픽+물리엔진+개성이 섞인 명작 다들 비슷비슷한 전투시뮬이라도 이건 훨씬 오래 우릴수있다 랜드폴이 같은 그래픽으로 만든 TABG나 TAZ도 명작이니 한번해봐라,우주 갓 겜 얼리 베타 해보고 뽕에취해 서 몇 년 동안 기다렸는데 얼리긴 해도 드디어 나왔다 랜드 폴 특유 의 그래픽 + 물리엔진 + 개성 이 섞인 명작 다 들 비슷 비슷한 전투 시 뮬 이라도 이건 훨씬 오래 우릴수있다 랜드 폴 이 같은 그래픽 으로 만든 TABG 나 TAZ 도 명작 이니 한번 해봐라,2019-04-04 17:59:33
508440,Totally Accurate Battle Simulator,positive,"지금 몇판하면 팅기긴 하는데 게임은 재밌어요 스테이지도 생각보다 많아서 놀랐구요, 앞으로 세대 더 많이 나오면 더 재밌게 플레이 할 수 있을것같아요, 참고로 이거 게임 마크가 좀 징그러운데 팅길때마다 강제로 나와서 좀 ;;","지금 몇 판하 면 팅기긴 하는데 게임 은 재밌어요 스테이지 도 생각 보다 많아서 놀랐구요 , 앞 으로 세대 더 많이 나오면 더 재밌게 플레이 할 수 있을것 같아요 , 참고 로 이 거 게임 마크 가 좀 징그러운데 팅길 때 마다 강제 로 나와서 좀 ;;",2019-04-03 21:24:01
508440,Totally Accurate Battle Simulator,positive,이거 업뎃 하고나서 전 버전에는 길 잘만 찾아가던아이들이 왜 지금은 벽에 코박죽하고 찾아가라는적은 안찾아가고 벽에 비비기만 하나요,이 거 업뎃 하고나서 전 버전 에는 길 잘만 찾아가던 아이 들 이 왜 지금 은 벽 에 코박죽 하고 찾아가라는 적은 안 찾아가고 벽 에 비비기만 하나요,2019-04-03 21:07:20
508440,Totally Accurate Battle Simulator,positive,알파라도 2년의시간이 그렇게 아깝지않았다.... 좀만더 시간이 주어진다면 역대급게임,알파 라도 2년 의시간이 그렇게 아깝지 않았다 .... 좀 만 더 시간 이 주어진다면 역대 급 게임,2019-04-03 19:50:36
508440,Totally Accurate Battle Simulator,positive,네온유닛 테스트할때가 어제같은데 유닛 크리에이터까지 생겨있는 갓겜 행사장 풍선같은애들이 자기들딴에는 진지하게 싸우는게 볼만함 병맛겜 좋아하면 꼭 사서 해보는걸 추천함,네 온 유닛 테스트 할 때 가 어제 같은데 유닛 크리에이터 까지 생겨있는 갓 겜 행사 장 풍선 같 은애 들 이 자기 들 딴에는 진지하게 싸우는게 볼 만 함 병맛 겜 좋아하면 꼭 사서 해보는걸 추천 함,2019-04-03 19:15:24
508440,Totally Accurate Battle Simulator,positive,엄청난 갓게임이군요! 스팀창작 마당만 제대로 지원하면 무한 미션도 가능할 것 같아요,엄청난 갓 게임 이군 요 ! 스팀 창작 마당 만 제대로 지원 하면 무한 미션 도 가능할 것 같아요,2019-04-03 19:10:33
508440,Totally Accurate Battle Simulator,positive,너무 소식이 없길래 개발 중지된 줄 알았던 게임 여태 기다렸던 보람은 있었다. 일단 다른 건 몰라도 잼씀 ㅋ,너무 소식 이 없길래 개발 중지 된 줄 알았던 게임 여태 기다렸던 보람 은 있었다 . 일단 다른 건 몰라도 잼 씀 ㅋ,2019-04-03 15:37:34
508440,Totally Accurate Battle Simulator,positive,"베타에비해 훨씬 좋아진 그래픽과 효과음, AI, 모델링, 그리고 물리엔진을 지닌채 출시했습니다. 꾸준한 업데이트로 유닛도 계속 추가되고 있고, 인게임 창작마당을 통해 현대전을 재현할수도 있습니다. 마지막으로, 만우절에 출시한 게임인 만큼 엄청난 병맛에 준비하세요.","베타 에 비해 훨씬 좋아진 그래픽 과 효과음 , AI , 모델링 , 그리고 물리엔진 을 지닌 채 출시 했습니다 . 꾸준한 업데이트 로 유닛 도 계속 추가 되고 있고 , 인 게임 창작 마당 을 통해 현 대전 을 재현 할수도 있습니다 . 마지막 으로 , 만우절 에 출시 한 게임 인 만큼 엄청난 병맛 에 준비 하세요 .",2019-04-03 00:49:11
508440,Totally Accurate Battle Simulator,positive,무척추인간들의 개난장판 전쟁 게임...배타때보다 더 막장...ㅋㅋ 15500원이 아깝지 않음ㅋㅋㅋ 업뎃 기대중ㅋㅋ,무 척추 인간 들 의 개 난장판 전쟁 게임 ... 배타 때 보다 더 막장 ... ㅋㅋ 15500원 이 아깝지 않음 ㅋㅋㅋ 업뎃 기 대중 ㅋㅋ,2019-04-03 00:07:54
508440,Totally Accurate Battle Simulator,positive,개발 취소된줄 알았는데,개발 취소 된줄 알았는데,2019-04-02 22:04:40
508440,Totally Accurate Battle Simulator,positive,늦게 출시했는데 유닛 조지게 없군요 아직 베타버전이라니..,늦게 출시 했는데 유닛 조지 게 없군요 아직 베타 버전 이라니 ..,2019-04-02 21:33:43
508440,Totally Accurate Battle Simulator,positive,"기다릴만한 가치가있는 갓겜이어따.... 2019/4/15: 요즘 매머드고 사람이고 뭐던간에 다 지카바이러스걸렸나... 소두증이 많아짐... 2019/4/25: 동양유닛 업뎃 이후로 짝눈이하고 외눈박이도 생김... ㄷㄷ (2019/4/26: 하체,상체 비대,왜소증도 생김) 2019/5/10: 다른유닛의 3배는 큰 거인유닛이 가끔 등장함,이상할정도로 한쪽 부위만 발달된 유닛도 나옴 2019/5/21: 이제 직접 유닛을 플레이어가 조종할수있다... 갸꿀! 2019/11/30: 랩터 진짜 표현 잘한듯","기다릴만 한 가치 가 있는 갓 겜 이 어따 .... 2019/4 / 15 : 요즘 매머드 고 사람 이고 뭐던 간 에 다 지 카 바이러스 걸렸나 ... 소 두 증 이 많아짐 ... 2019/4 / 25 : 동양 유닛 업뎃 이후 로 짝눈 이하고 외눈박이 도 생김 ... ㄷㄷ ( 2019/4 / 26 : 하체 , 상체 비대 , 왜소증 도 생김 ) 2019/5 / 10 : 다른 유닛 의 3 배는 큰 거인 유닛 이 가끔 등장 함 , 이상할 정도 로 한쪽 부위 만 발달 된 유닛 도 나옴 2019/5 / 21 : 이제 직접 유닛 을 플레이어 가 조종 할수있다 ... 갸꿀 ! 2019/11 / 30 : 랩터 진짜 표현 잘 한듯",2019-04-02 20:07:08
508440,Totally Accurate Battle Simulator,positive,2년간의 기다림끝에 나왔다!! 넘모 재밌어용 ㅠㅠ,2년 간의 기다림 끝 에 나왔다 !! 넘 모 재밌어용 ㅠㅠ,2019-04-02 19:56:53
508440,Totally Accurate Battle Simulator,positive,유닛 뒤지게없네 + (05.22) 취소,유닛 뒤지게 없네 + ( 05.22 ) 취소,2019-04-02 19:30:50
508440,Totally Accurate Battle Simulator,positive,유닛 다 어디갔어,유닛 다 어디 갔어,2019-04-02 19:14:47
508440,Totally Accurate Battle Simulator,positive,솔직히 아직까진 조종없고 유닛 커스텀 없고 유닛 수도 적고 해서 실망스럽긴 한데 아직 업데이트 될게 많아서 괜찮음 물론 지금것만 보면 15000원어치 가치는 없음 10000원에 팔아도 안살듯 근데 튕기는건 뭐 때문인지...,솔직히 아직 까진 조종 없고 유닛 커 스텀 없고 유닛 수도 적고 해서 실망 스럽긴 한데 아직 업데이트 될게 많아서 괜찮음 물론 지금 것 만 보면 15000원 어치 가치 는 없음 10000원 에 팔아도 안 살듯 근데 튕 기는건 뭐 때문 인지 ...,2019-04-02 18:54:01
508440,Totally Accurate Battle Simulator,positive,굳,굳,2019-04-02 18:43:15
508440,Totally Accurate Battle Simulator,positive,50~100시간 ㅋㅋㅋㅋㅋ 개꿀잼 200~250시간 옼ㅋㅋㅋㅋㅋㅋ개꿀ㅈ 400시간 I WANT UPDATE AND MOD!!!!!!!,50~100시간 ㅋㅋㅋㅋㅋ 개꿀잼 200~250시간 옼 ㅋㅋㅋㅋㅋㅋ 개꿀 ㅈ 400시간 I WANT UPDATE AND MOD !!!!!!!,2019-04-02 17:33:39
508440,Totally Accurate Battle Simulator,positive,"유사 오징어들의 처절한 전쟁사를 알아보고 싶다면, 당장 구매하십시오.","유사 오징어 들 의 처절한 전쟁사 를 알아보고 싶다면 , 당장 구매 하십시오 .",2019-04-02 16:28:39
508440,Totally Accurate Battle Simulator,positive,진짜 래알로 재밌다. 2년동안 기다린거 하나도 손해가 아니었네........... 얼리엑서스가 이정도면 정식 출시될 게임은 완전 갓 게임 일수밖에 없다. 진짜 무저건 사셈.........,진짜 래 알 로 재밌다 . 2년 동안 기다린거 하나 도 손해 가 아니었네 ........... 얼리 엑 서 스 가 이 정도 면 정식 출시 될 게임 은 완전 갓 게임 일수 밖에 없다 . 진짜 무 저건 사셈 .........,2019-04-02 07:13:16
508440,Totally Accurate Battle Simulator,positive,갓겜이다,갓 겜 이다,2021-01-18 09:44:10
508440,Totally Accurate Battle Simulator,positive,woasltmqslekwkfdjqepdlqewmgkrhdltSPDY,woasltmqslekwkfdjqepdlqewmgkrhdltSPDY,2021-01-19 23:18:40
508440,Totally Accurate Battle Simulator,positive,유닛크리에이터가 신의한수다.. 그이상은 들어가서 확인하도록...,유닛 크리에이터 가 신의한수 다 .. 그 이상은 들어가서 확인 하도록 ...,2021-01-19 18:16:10
508440,Totally Accurate Battle Simulator,positive,혼자 뻘짓하기 좋네,혼자 뻘짓 하기 좋네,2021-01-20 23:35:38
508440,Totally Accurate Battle Simulator,positive,적절한 그래픽에 적절한 병맛엔진에 적절한 벨런스에 적절한 캠페인 난이도에 적절한 가격,적절한 그래픽 에 적절한 병맛 엔진 에 적절한 벨런스 에 적절한 캠페인 난이도 에 적절한 가격,2021-01-20 21:12:46
508440,Totally Accurate Battle Simulator,positive,:),:),2021-01-21 18:53:25
508440,Totally Accurate Battle Simulator,positive,이 겜은 존나 미쳤고 어이없음 (웃기다는 뜻임),이 겜 은 존나 미쳤고 어이없음 ( 웃기다는 뜻임 ),2021-01-22 17:10:10
508440,Totally Accurate Battle Simulator,positive,왜 재미있지,왜 재미있지,2021-01-22 05:19:50
508440,Totally Accurate Battle Simulator,positive,it's good,it ' s good,2021-01-22 21:27:49
508440,Totally Accurate Battle Simulator,positive,걍 하셈,걍 하 셈,2021-01-22 19:48:19
508440,Totally Accurate Battle Simulator,positive,시간 떄우고 싶을때 하면 재밌음ㅋㅋ,시간 떄우 고 싶을 때 하면 재밌음 ㅋㅋ,2021-01-23 23:03:31
508440,Totally Accurate Battle Simulator,positive,재밌음.....,재밌음 .....,2021-01-23 21:07:58
508440,Totally Accurate Battle Simulator,positive,N,N,2021-01-23 20:26:54
508440,Totally Accurate Battle Simulator,positive,굳,굳,2021-01-23 17:51:14
