app_id,app_name,sentiment,review_original,review_tokenized,timestamp
648800,Raft,positive,아크를 해봤으면 이 게임도 강력추천함 친구가 있어야 재미있음,아크 를 해봤으면 이 게임 도 강력 추천 함 친구 가 있어야 재미있음,2021-01-18 01:37:57
648800,Raft,positive,혼자서 하면 상어한테 뜯기다가 종료하실겁니다 멀티를 하신다면 상어한테 뜯기다가..음?,혼자 서 하면 상어 한테 뜯기다가 종료 하실 겁니다 멀티 를 하신다면 상어 한테 뜯기다가 .. 음 ?,2021-01-18 00:59:09
648800,Raft,positive,빨리 업데이트 됬으면 좋겠다 b,빨리 업데이트 됬으면 좋겠다 b,2021-01-17 23:12:08
648800,Raft,positive,존잼입니다요 꼭 하십셔,존잼 입니다요 꼭 하십셔,2021-01-17 19:31:59
648800,Raft,positive,"참 심심할때 노가다 하면서 하면 딱 좋은게임 입니다. 그리고 스토리 깨는맛도 있고요 이거 안사셨으면 꼭 추천 합니다. 이건 친구,동생이랑 해야 더욱 재밌습니다.","참 심심할 때 노가다 하면서 하면 딱 좋은 게임 입니다 . 그리고 스토리 깨는 맛 도 있고요 이 거 안 사셨으면 꼭 추천 합니다 . 이건 친구 , 동생 이랑 해야 더욱 재밌습니다 .",2021-01-17 18:35:11
648800,Raft,positive,장점: 힐링겜(?) 단점: 힐링겜(?),장점 : 힐링 겜 (?) 단점 : 힐링 겜 (?),2021-01-17 15:40:05
648800,Raft,positive,"3D 멀미 안 하던 사람인데도 멀미를 자주 하는데, 친구랑 같이 한다면 진짜 재밌는 게임이에요. 새로운 섬 발견할 때 마다 소리지르게 돼요. 탐험하는 재미도 있고, 집을 꾸미는 재미도 있고, 아이템을 쟁이게 되는 재미도 있어요. 음식 만드는 것도 좋아해요. 1년 반 동안 스포 하나도 안 당한 채로 아무것도 모르는 상태에서 쭉 진행했어요. 천천히 업데이트 되는 컨텐츠를 즐기면서 정말 즐겁게 플레이하고 있습니다~","3 D 멀미 안 하던 사람 인데 도 멀미 를 자주 하는데 , 친구 랑 같이 한다면 진짜 재밌는 게임 이에요 . 새로운 섬 발견 할 때 마다 소리 지르게 돼요 . 탐험 하는 재미 도 있고 , 집 을 꾸미는 재미 도 있고 , 아이템 을 쟁이 게 되는 재미 도 있어요 . 음식 만드는 것 도 좋아해요 . 1년 반 동안 스포 하나 도 안 당한 채 로 아무 것 도 모르는 상태 에서 쭉 진행 했어요 . 천천히 업데이트 되는 컨텐츠 를 즐기면서 정말 즐겁게 플레이 하고 있습니다 ~",2021-01-17 14:38:53
648800,Raft,positive,"탐험하는 맛이 있는 그런 게임 하지만 스토리 섬 다 깨고 나면 그닥 할게 없음 그래서 친구가 있으면 그 친구랑 같이 해서 스토리 섬 다시 한번 더 깨는 것도 좋음 개인적으로 친구랑 같이 하면 한번 더 스토리 섬 깨도 재밌어서 스토리섬 다 깨면 이런식으로 게임을 다시 한번 즐기는 것도 나쁘지 않음 그리고 친구가 없....ㄷ 이 아니고 친구가 같이 하지 않는다면 창작모드에 들어가서 자기만에 해적선,화물선 등 만들어 보는것도 좋음","탐험 하는 맛 이 있는 그런 게임 하지만 스토리 섬 다 깨고 나면 그닥 할게 없음 그래서 친구 가 있으면 그 친구 랑 같이 해서 스토리 섬 다시 한번 더 깨는 것 도 좋음 개인 적 으로 친구 랑 같이 하면 한번 더 스토리 섬 깨도 재밌어서 스토리 섬 다 깨면 이런 식 으로 게임 을 다시 한번 즐기는 것 도 나쁘지 않음 그리고 친구 가 없 .... ㄷ 이 아니고 친구 가 같이 하지 않는다면 창작 모드 에 들어가서 자기 만에 해적선 , 화물선 등 만들어 보는것도 좋음",2021-01-17 13:42:20
648800,Raft,positive,ㄹㅇ 갓겜 할인할때 샀는데 솔직히 정가줘도 돈안아까움 스토리는 아직 짧지만 계속 업데이트중이고 스토리 다깨고도 힐링하면서 계속하는중,ㄹㅇ 갓 겜 할인 할 때 샀는데 솔직히 정가 줘도 돈 안아까 움 스토리 는 아직 짧지만 계속 업데이트 중 이고 스토리 다 깨고도 힐링 하면서 계속 하는 중,2021-01-17 02:19:14
648800,Raft,positive,ㅠㅠ 빨리 다음스토리 나왔으면 좋겠어용 너무 기다려지고 모험이 재미있는 게임,ㅠㅠ 빨리 다음 스토리 나왔으면 좋겠어용 너무 기다려지고 모험 이 재미있는 게임,2021-01-17 01:12:29
648800,Raft,positive,뗏목에서 템만 먹는 게임이 아님,뗏목 에서 템 만 먹는 게임 이 아님,2021-01-16 22:27:00
648800,Raft,positive,fas,fas,2021-01-16 20:54:45
648800,Raft,positive,It's god game!!,It ' s god game !!,2021-01-16 20:13:08
648800,Raft,positive,관제탑을 날린 사람들은 두 가지로 나뉜다 패치를 기다리는 사람 마인크래프트 하는 사람,관제탑 을 날린 사람 들 은 두 가지 로 나뉜다 패치 를 기다리는 사람 마인크래프트 하는 사람,2021-01-16 13:23:43
648800,Raft,positive,매우 잼있음,매우 잼있음,2021-01-16 12:39:52
648800,Raft,positive,잼긴하네 ㅋ,잼긴 하네 ㅋ,2021-01-16 03:44:40
648800,Raft,positive,진짜 안하면 지상렬,진짜 안 하면 지상렬,2021-01-16 03:16:47
648800,Raft,positive,멀미 덜심함 스토리 구성 더포레스트보단 나음 재미 더포레스트보단 재밌음,멀미 덜 심함 스토리 구성 더 포레스트 보단 나음 재미 더 포레스트 보단 재밌음,2021-01-16 02:00:37
648800,Raft,positive,요리하다가 파밍하다가 낚시하다가 밭관리 동물관리 가끔 배터리확인 및 충전 그사이 사이에 캐릭터 밥 물 먹여야되고...갈매기랑 상어들은 자꾸 나타나고 은근 너무 바쁨. 밭관리 npc 하나 고용하고 싶어요 ㅠㅠ,요리 하다가 파밍 하다가 낚시 하다가 밭 관리 동물 관리 가끔 배터리 확인 및 충전 그 사이 사이 에 캐릭터 밥 물 먹여야되 고 ... 갈매기 랑 상어 들 은 자꾸 나타나고 은근 너무 바쁨 . 밭 관리 npc 하나 고용 하고 싶어요 ㅠㅠ,2021-01-15 19:01:02
648800,Raft,positive,명작,명작,2021-01-15 10:02:40
648800,Raft,positive,어느정도 게임정보만있으면 재밋게즐길수있음 업뎃기다리는중,어느 정도 게임정보 만 있으면 재밋 게 즐길수있음 업뎃 기다리는 중,2021-01-15 07:55:19
648800,Raft,positive,재밌어요,재밌어요,2021-01-15 03:12:02
648800,Raft,positive,존나 재밌다,존나 재밌다,2021-01-15 01:12:11
648800,Raft,positive,스토리맵이 업그레이드 됬으면 좋겟습니다.,스토리 맵 이 업그레이드 됬으면 좋겟습니다 .,2021-01-14 23:13:48
648800,Raft,positive,초반:생존자 후반:해적,초반 : 생존자 후반 : 해적,2021-01-14 21:36:14
648800,Raft,positive,힐링게임 재밌는 요소도 있고 잔잔히 하기 좋음,힐링 게임 재밌는 요소 도 있고 잔잔히 하기 좋음,2021-01-14 20:45:06
648800,Raft,positive,본격 나무게임,본격 나무 게임,2021-01-14 17:38:12
648800,Raft,positive,멀미모드 켜도 멀미나ㅏㅏㅏㅏㅏㅏㅏㅏㅏㅏㅏㅏㅏㅏㅏㅏㅏㅏㅏ용 30분 하면 3시간 자야해ㅐㅐㅐㅐ,멀미 모드 켜도 멀미 나 ㅏㅏㅏㅏㅏㅏㅏㅏㅏㅏㅏㅏㅏㅏㅏㅏㅏㅏㅏ 용 30분 하면 3시간 자야해 ㅐㅐㅐㅐ,2021-01-14 17:22:15
648800,Raft,positive,재미있다. 다음 섬 스토리가 빨리 업데이트 되었으면 좋겠다 !..,재미있다 . 다음 섬 스토리 가 빨리 업데이트 되었으면 좋겠다 !..,2021-01-14 14:48:45
648800,Raft,positive,꿀ㄹㄹㄹㄹㄹㄹㄹㄹㄹㄹㄹㄹㄹㄹㄹㄹㄹㄹㄹㄹㄹㄹㄹㄹ잼,꿀 ㄹㄹㄹㄹㄹㄹㄹㄹㄹㄹㄹㄹㄹㄹㄹㄹㄹㄹㄹㄹㄹㄹㄹㄹ 잼,2021-01-14 13:23:10
648800,Raft,positive,퀄지림,퀄 지림,2021-01-14 06:06:10
648800,Raft,positive,굿,굿,2021-01-13 23:01:31
648800,Raft,positive,힐링됩니당,힐링 됩니당,2021-01-13 22:41:17
648800,Raft,positive,아니 광물좀 캐오라고 아니 진짜 아,아니 광물 좀 캐오라고 아니 진짜 아,2021-01-13 07:06:00
648800,Raft,positive,^ㅅ^)bbbb,^ ㅅ ^) bbbb,2021-01-12 20:22:06
648800,Raft,positive,친구들이랑 해야지 재밌는거 같아요,친구 들 이랑 해야지 재밌는거 같아요,2021-01-12 19:18:09
648800,Raft,positive,멀미가 심하게 나여ㅠㅜ 근데 친구들이랑 하다가 밤샘 재미씀,멀미 가 심하게 나 여 ㅠㅜ 근데 친구 들 이랑 하다가 밤샘 재미 씀,2021-01-12 17:44:45
648800,Raft,positive,좋다!,좋다 !,2021-01-12 13:18:41
648800,Raft,positive,재미씅 요즘 하루종일 이 게임만 하는 중이에요,재미 씅 요즘 하루 종일 이 게임 만 하는 중이 에요,2021-01-12 11:58:39
648800,Raft,positive,"24시간 플레이, 너무 재밌음 고물 줍고 나무 베고 감자 캐고 요리 하고 낚시 하고 고기 굽고 염료 뽑고 건물 짓고 쉬기엔 아까운 게 많아서 쉴 틈이 없음 수백시간 즐길 수 있는 게임이라 생각함","24시간 플레이 , 너무 재밌음 고물 줍고 나무 베고 감자 캐고 요리 하고 낚시 하고 고기 굽 고 염료 뽑고 건물 짓고 쉬기 엔 아까운 게 많아서 쉴 틈 이 없음 수백 시간 즐길 수 있는 게임 이라 생각 함",2021-01-12 07:33:45
648800,Raft,positive,"모든평가가 매우 긍적적, 최근평가가 압도적 긍적적이다. 어떤 설명이 더 필요할까? 당신만의 유목생활을 만끽하라 .","모든 평가 가 매우 긍 적적 , 최근 평가 가 압도 적 긍적적 이다 . 어떤 설명 이 더 필요할까 ? 당신 만의 유목생활 을 만끽 하 라 .",2021-01-12 03:35:37
648800,Raft,positive,유튜브 보고 샀는데 진짜 재밌어요!!,유튜브 보고 샀는데 진짜 재밌어요 !!,2021-01-12 02:03:47
648800,Raft,positive,잼있는데 멀미가좀나요,잼있는데 멀미 가 좀나요,2021-01-11 20:30:55
648800,Raft,positive,친구끼리 같이 하면 재밌어요!!! 전 계속 상어한테 잡혀서 죽네요...돼지는 원래 수영못하나;;;ㅋㅋㅋㅋ,친구 끼리 같이 하면 재밌어요 !!! 전 계속 상어 한테 잡혀서 죽네요 ... 돼지 는 원래 수 영 못 하 나 ;;; ㅋㅋㅋㅋ,2021-01-11 20:26:05
648800,Raft,positive,친구없으면재미없는못하는게임,친구 없으면 재미없는못하는 게임,2021-01-11 16:58:18
648800,Raft,positive,재밌었 ㄹㅇ루,재밌었 ㄹㅇ 루,2021-01-11 04:19:26
648800,Raft,positive,재밌는데 업데이트좀 해주세요,재밌는데 업데이트 좀 해주세요,2021-01-11 03:33:45
648800,Raft,positive,재미있게 했음 근데 업데이트가 너무 늦음 이 게임은 할부로 살 수 있게 해야했음 업데이트당 3000원씩,재미있게 했음 근데 업데이트 가 너무 늦음 이 게임 은 할부 로 살 수 있게 해야 했음 업데이트 당 3000원 씩,2021-01-10 22:04:39
648800,Raft,positive,친구랑 같이 하기 딱 좋은 게임,친구 랑 같이 하기 딱 좋은 게임,2021-01-10 21:34:40
648800,Raft,positive,같이 할사람이 있다면 아주 좋은 게임입니다. 그저 쓰레기를 주워 건설할뿐만 아닌 스토리까지 탄탄해 스토리를 다볼때까지는 한시도 빠짐없이 레프트를 할것입니다.,같이 할 사람 이 있다면 아주 좋은 게임 입니다 . 그저 쓰레기 를 주워 건설 할 뿐 만 아닌 스토리 까지 탄탄해 스토리 를 다 볼때 까지는 한시 도 빠짐 없이 레프트 를 할것 입니다 .,2021-01-10 18:25:33
648800,Raft,positive,뎨밋당,뎨밋당,2021-01-10 16:47:28
648800,Raft,positive,ㄱ,ㄱ,2021-01-10 12:59:47
648800,Raft,positive,이게임은 미쳤다,이 게임 은 미쳤다,2021-01-10 11:01:22
648800,Raft,positive,업뎃이 꾸준히 되고 있다는 점에서 굿굿 ㅇㅅㅇ,업뎃 이 꾸준히 되고 있다는 점 에서 굿굿 ㅇㅅㅇ,2021-01-10 09:26:32
648800,Raft,positive,생각보다 할게 많아서 재밌다. 같이 할 사람있다면 플러스,생각 보다 할게 많아서 재밌다 . 같이 할 사람 있다면 플러스,2021-01-10 01:39:30
648800,Raft,positive,눈깜짝하면 13시간 지나있네요 ㄷㄷ,눈 깜짝 하 면 13시간 지나있네요 ㄷㄷ,2021-01-09 23:44:56
648800,Raft,positive,점점 업데이트 되어 컨텐츠가 조금씩 늘어나는 듯해 좋음 친구랑 바다 소리 들으며 하기 좋은 힐링 생존 겜 생존이 어렵거나 하지도 않기에 부담없이 힐링하기 좋음,점점 업데이트 되어 컨텐츠 가 조금씩 늘어나는 듯 해 좋음 친구 랑 바다 소리 들으며 하기 좋은 힐링 생존 겜 생존 이 어렵거나 하지도 않기에 부담 없이 힐링 하기 좋음,2021-01-09 21:53:28
648800,Raft,positive,꿀잼,꿀잼,2021-01-09 20:16:38
648800,Raft,positive,친구랑 하는데 할만하네요,친구 랑 하는데 할만 하네요,2021-01-09 19:52:31
648800,Raft,positive,"다른게임(?)비해 그리많은 노가다를 요청하지는 않아도 충분한 플레이타임 시간과 협동을 즐길수있네요. 즉 ""컨텐츠 -갓겜-""이네요","다른 게임 (?) 비해 그리 많은 노가다 를 요청 하지는 않아도 충분한 플레이 타임 시간 과 협동 을 즐길수있네요 . 즉 "" 컨텐츠 - 갓 겜 -"" 이네요",2021-01-09 17:36:29
648800,Raft,positive,처음엔 초라한 뗏목에서 시작합니다. 뭘 어떻게 하라는지도 몰라요. 게임을 진행하면서 점점 크루즈가 되어가는 자신의 배를 보며 흐뭇해집니다. 아직은 스토리가 미완성이라 중간에 끊겼지만 재밌습니다. 친구들이랑 같이 하기도 좋아요. 스토리 진행과 배 업그레이드 이 두가지의 조화가 잘 이루어졌어요,처음 엔 초라한 뗏목 에서 시작 합니다 . 뭘 어떻게 하라 는 지도 몰라요 . 게임 을 진행 하면서 점점 크루즈 가 되어가는 자신 의 배 를 보며 흐뭇해 집니다 . 아직 은 스토리 가 미완성 이라 중간 에 끊겼지만 재밌습니다 . 친구 들 이랑 같이 하기도 좋아요 . 스토리 진행 과 배 업그레이드 이 두 가지 의 조화 가 잘 이루어졌어요,2021-01-09 14:58:09
648800,Raft,positive,"1. 본격 해양쓰레기 채취 게임. ( 하지만, 이 과정이 친구랑 하면 넘 재미남 ) 2. 본격 상어랑 맞짱뜨는 게임. 3. 예상보다 엄청나게 창작적임. ( 크래프팅 하는 재미가 중독적임 ) 4. 본격 판자의 압박. 은근한 중독성에 오래하게 됩니다. 연인, 친구랑 같이해야 루즈한 타임을 이겨낼 수 있어요.","1 . 본격 해양 쓰레기 채취 게임 . ( 하지만 , 이 과정 이 친구 랑 하면 넘 재미 남 ) 2 . 본격 상어 랑 맞짱 뜨는 게임 . 3 . 예상 보다 엄청나게 창작 적임 . ( 크 래프팅 하는 재미 가 중독 적임 ) 4 . 본격 판자 의 압박 . 은근 한 중독 성 에 오래 하게 됩니다 . 연인 , 친구 랑 같이 해야 루즈 한 타임 을 이겨 낼 수 있어요 .",2021-01-09 05:04:28
648800,Raft,positive,상어고기 냠,상어 고기 냠,2021-01-09 00:53:16
648800,Raft,positive,당신이 상어를 싫어 하면 하세요,당신 이 상어 를 싫어 하면 하세요,2021-01-09 00:27:06
648800,Raft,positive,이거 친구없이 혼자하면 진심 외롭다,이 거 친구 없이 혼자 하면 진심 외롭다,2021-01-08 23:30:14
648800,Raft,positive,ㅇㅇ,ㅇㅇ,2021-01-08 21:51:26
648800,Raft,positive,너무 재미있는데 스토리가 부족하다...,너무 재미있는데 스토리 가 부족하다 ...,2021-01-08 20:10:09
648800,Raft,positive,이 게임에 대해 아주 좋다고 생각이 듭니다. 허나 섬이 좋더 많이 추가가 되었으면 좋겠습니다,이 게임 에 대해 아주 좋다고 생각 이 듭니 다 . 허나 섬 이 좋 더 많이 추가 가 되었으면 좋겠습니다,2021-01-08 14:17:29
648800,Raft,positive,말이 필요없음 친구랑 하면 시간가는지 모르고 함 갓겜,말 이 필요없음 친구 랑 하면 시간 가는지 모르고 함 갓 겜,2021-01-08 04:21:10
648800,Raft,positive,4일만에 컨텐츠 다썼어요,4일 만에 컨텐츠 다 썼어요,2021-01-08 02:38:10
648800,Raft,positive,스토리 깨는 재미가 있다,스토리 깨는 재미 가 있다,2021-01-08 01:57:34
648800,Raft,positive,내가 상어밥이었다가 상어가 내 밥이 되는게 얼마 안걸림 친구들이랑 해야 재밌음 혼자하면 정말 바다 위에 컴퓨터와 나만 남은 느낌일듯 싶음 다만 데모라 컨텐츠가 적은건 ㅇㅈ함 그래도 친구들이랑 하면 재밌음 (2번 강조),내 가 상어 밥 이었다가 상어 가 내 밥 이 되는게 얼마 안 걸림 친구 들 이랑 해야 재밌음 혼자 하면 정말 바다 위 에 컴퓨터 와 나 만 남은 느낌 일듯 싶음 다만 데모 라 컨텐츠 가 적은건 ㅇㅈ 함 그래도 친구 들 이랑 하면 재밌음 ( 2 번 강조 ),2021-01-07 23:44:45
648800,Raft,positive,짱 재밌고 힐링됨,짱 재밌고 힐링 됨,2021-01-07 23:36:45
648800,Raft,positive,노잼,노잼,2021-01-07 23:12:27
648800,Raft,positive,SA뚜따,SA 뚜 따,2021-01-07 22:47:30
648800,Raft,positive,스토리가 아주 맘에들고 (스토리없이도 힐링은 쌉가능),스토리 가 아주 맘 에 들고 ( 스토리 없이도 힐링 은 쌉 가능 ),2021-01-07 21:02:48
648800,Raft,positive,상어한테 죽으세요 곰한테 죽으세요 독수리한테 죽으세요 엄마곰한테 죽으세요 이제 작물을 뜯어먹는 새를 죽이세요,상어 한테 죽으세요 곰 한테 죽으세요 독수리 한테 죽으세요 엄마 곰 한테 죽으세요 이제 작물 을 뜯어 먹는 새 를 죽이세요,2021-01-07 18:58:15
648800,Raft,positive,d,d,2021-01-07 18:55:46
648800,Raft,positive,바다에서 뗏목타고 떠나는 모험~~,바다 에서 뗏목 타고 떠나는 모험 ~~,2021-01-07 17:12:41
648800,Raft,positive,땟목이 배되는 게임,땟목 이 배 되는 게임,2021-01-07 16:34:32
648800,Raft,positive,줘언나 꿀잼!,줘 언나 꿀잼 !,2021-01-07 15:59:59
648800,Raft,positive,이걸로 3D멀미 극복함,이 걸 로 3 D 멀미 극복 함,2021-01-07 14:27:49
648800,Raft,positive,친구없으면 창조적 모드로 땟목 꾸미기 게임 친구있으면 쉬움,친구 없으면 창조 적 모드 로 땟목 꾸미기 게임 친구 있으면 쉬움,2021-01-07 14:15:51
648800,Raft,positive,저는 그동안 친구의 소중함에 대해서 몰랐습니다. 정말 위대 합니다 선생! (와아아아아아아!),저 는 그동안 친구 의 소중함에 대해 서 몰랐습니다 . 정말 위대 합니다 선생 ! ( 와아아 아아 아아 !),2021-01-07 11:43:13
648800,Raft,positive,재밌어요,재밌어요,2021-01-07 11:38:28
648800,Raft,positive,재밌어요,재밌어요,2021-01-07 04:24:29
648800,Raft,positive,재밌다 그뿐,재밌다 그 뿐,2021-01-07 00:20:19
648800,Raft,positive,너무 재밌어요 ㅠㅠㅠㅠ 친구랑 해도 아주 꿀쨈 혼자해도 아주아주아주아중 재밌어요^^ 혼자하면 조금 쓸쓸하지만 나름 재밌네여 ㅎㅎㅎ 그런데 캐릭터가 2개뿐 ...이라는게 너무너무 아쉬워용 ㅠㅠㅠ 하지만 재밌으니까 봐드립니다 ^ㅡ^ 별이 5개!!!!!!!!!!!! 제가 막 별 5개 주고 이런 사람이 아닌데 이 게임은 정말 별 5개도 모자르네용 .. 저는 마크보다 랩트가 훠ㅓ어어엉어어얼씬 재밌는것같아여 현실반영 댑악이엥영ㅇ ㅜㅜㅜ 상어가 좀 빡치게 하는데 뭐 너무 쉬우면 재미없으니까 ^^ 암튼 재밌어여 ~!!!! 친구랑 하는걸 강추~~!,너무 재밌어요 ㅠㅠㅠㅠ 친구 랑 해도 아주 꿀 쨈 혼자 해도 아주아주 아주 아중 재밌어요 ^^ 혼자 하면 조금 쓸쓸하지만 나름 재밌네여 ㅎㅎㅎ 그런데 캐릭터 가 2 개 뿐 ... 이라는게 너무 너무 아쉬워용 ㅠㅠㅠ 하지만 재밌으니까 봐 드립니다 ^ ㅡ ^ 별 이 5 개 !!!!!!!!!!!! 제 가 막 별 5 개 주고 이런 사람 이 아닌데 이 게임 은 정말 별 5 개도 모 자르 네 용 .. 저 는 마크 보다 랩트 가 훠 ㅓ 어어 엉 어어 얼씬 재밌는것 같아여 현실 반영 댑 악 이 엥 영 ㅇ ㅜㅜㅜ 상어 가 좀 빡치게 하는데 뭐 너무 쉬우면 재미없으니까 ^^ 암튼 재밌어여 ~!!!! 친구 랑 하 는걸 강추 ~~!,2021-01-07 00:05:55
648800,Raft,positive,꿀잼,꿀잼,2021-01-06 23:28:29
648800,Raft,positive,안일하게 플레이 = 10분 뒤 엄청난 재난,안일하게 플레이 = 10분 뒤 엄청난 재난,2021-01-06 21:20:45
648800,Raft,positive,짱이찌,짱 이 찌,2021-01-06 20:40:55
648800,Raft,positive,섬이 나올때까지 인내심 가지고 기다리며 플레이한다면 정말 할만한 게임이다. 섬이 잘 안나오는게 큰 단점...,섬 이 나올 때 까지 인내심 가지 고 기다리며 플레이 한다면 정말 할만 한 게임 이다 . 섬 이 잘 안 나오는게 큰 단점 ...,2021-01-06 20:16:08
648800,Raft,positive,ㅎㅎ,ㅎㅎ,2021-01-06 15:51:03
648800,Raft,positive,woaltEk,woaltEk,2021-01-06 13:42:15
648800,Raft,positive,존나재밋다,존나 재 밋다,2021-01-06 13:32:24
648800,Raft,positive,굳,굳,2021-01-06 13:18:39
648800,Raft,positive,친구랑 같이 생존게임하기에 딱 좋은듯,친구 랑 같이 생존 게 임하기에 딱 좋은 듯,2021-01-06 12:04:18
648800,Raft,positive,재밌음,재밌음,2021-01-06 09:55:54
648800,Raft,positive,아 밤새버렸네요,아 밤새 버렸네요,2021-01-06 07:04:02
648800,Raft,positive,뭔겜이야 헸는데 너무 재밌어서 끌수없는 게임입니다. 일다니면 너무 힘든 게임...!,뭔 겜 이야 헸는데 너무 재밌어서 끌수 없는 게임 입니다 . 일다 니 면 너무 힘든 게임 ...!,2021-01-06 05:27:21
648800,Raft,positive,아 힐링된다...............ㄹㅇ.. 아직 얼리액세스인 게임 치고는 좋네요,아 힐링 된다 ............... ㄹㅇ .. 아직 얼리 액세스 인 게임 치고는 좋네요,2021-01-06 04:47:57
648800,Raft,positive,"루즈할때쯤에 알찬 컨텐츠 등장 스토리도 있고 나름 알찬구성, 돈값함 섬의 다양성이라 해야되나 종류가 한정적이라서 쉽게 고여버린다는 느낌이 있음(난이도 보통기준) 하여간 꿀잼 혼자서 하기엔 버겁고 2~3명정도가 필요할듯 2명이서 하는데 역할분담이 살짝 빡셈","루즈 할 때 쯤 에 알찬 컨텐츠 등장 스토리 도 있고 나름 알찬 구성 , 돈값함 섬 의 다양성 이라 해야되 나 종류 가 한정 적 이라서 쉽게 고여 버린다는 느낌 이 있음 ( 난이도 보통 기준 ) 하여간 꿀잼 혼자 서 하기엔 버겁고 2~3 명 정도 가 필요할듯 2 명 이서 하는데 역할 분담 이 살짝 빡셈",2021-01-06 04:47:54
648800,Raft,positive,같이 해주세연,같이 해주세 연,2021-01-06 03:19:15
648800,Raft,positive,처음에 쓰레기 줍다가 가면 갈수록 발전을 해서 엔진달고 다니네요 가고싶은곳 마음대로 가고 레시피하는것도 재미있어요 즐거운 게임하고 있어요 단점은 열심히 쓰레기 모아야한달까 그것도 지겹지 않고 좋아요,처음 에 쓰레기 줍다가 가면 갈수록 발전 을 해서 엔진 달 고 다니네요 가고싶은 곳 마음대로 가고 레시피 하는것도 재미있어요 즐거운 게임 하고 있어요 단점 은 열심히 쓰레기 모 아야 한 달까 그것 도 지겹지 않고 좋아요,2021-01-06 02:55:23
648800,Raft,positive,인싸 한정 갓게임,인 싸 한정 갓 게임,2021-01-06 02:48:58
648800,Raft,positive,친구들이랑 하면 시간 뚝딱!,친구 들 이랑 하면 시간 뚝딱 !,2021-01-06 01:35:08
648800,Raft,positive,진짜 컨텐츠도 거의 무제한이라고 할 수도 있고 창작이 자유롭고 스토리도 완벽함! 친구들끼리 킬링타임용으로 해도 정말 재밌는 게임 2만원인 게임치고는 매우 고퀄이라고 생각합니다!,진짜 컨텐츠 도 거의 무제한 이라고 할 수도 있고 창작 이 자유 롭고 스토리 도 완벽함 ! 친구 들 끼리 킬링타임 용 으로 해도 정말 재밌는 게임 2만원 인 게임 치고는 매우 고 퀄 이라고 생각 합니다 !,2021-01-06 00:49:56
648800,Raft,positive,fcdv,fcdv,2021-01-05 23:21:25
648800,Raft,positive,15시간정도 한 결과 강추!!!',15시간 정도 한 결과 강추 !!!',2021-01-05 22:40:37
648800,Raft,positive,친구들이랑 하니깐 잼나,친구 들 이랑 하 니깐 잼 나,2021-01-05 22:17:49
648800,Raft,positive,배신과 절교가 난무 하는 갓겜,배신 과 절교 가 난무 하는 갓 겜,2021-01-05 20:32:15
648800,Raft,positive,상어 시발 넌 내가 언젠가 꼭 죽인다,상어 시발 넌 내 가 언젠가 꼭 죽인다,2021-01-05 19:37:22
648800,Raft,positive,재밌따,재밌 따,2021-01-05 19:33:37
648800,Raft,positive,친구 있음?,친구 있음 ?,2021-01-05 18:53:34
648800,Raft,positive,갓겜,갓 겜,2021-01-05 17:21:27
648800,Raft,positive,아기자기하고 재밌어요 스토리도좋고 동물키우는것도 괜찬고 다만 하드모드는 진짜 생존 그자체임 보통과 하드 사이의 난이도좀 있으면 좋겠어요 상어 1마리 2마리 3마리보다가 3마리에서 기겁하고 다시보통함...,아기자기하고 재밌어요 스토리 도 좋고 동물 키우는것도 괜찬 고 다만 하드 모드 는 진짜 생존 그 자체 임 보통 과 하드 사이 의 난이도 좀 있으면 좋겠어요 상어 1 마리 2 마리 3 마리보 다가 3 마리 에서 기겁 하고 다시 보통 함 ...,2021-01-05 16:16:48
648800,Raft,positive,그...내가 뱃멀미한다는걸 이 게임 덕분에 알았어요,그 ... 내 가 뱃멀미 한다는 걸 이 게임 덕분 에 알았어요,2021-01-05 13:52:13
648800,Raft,positive,혼자하면 시간때우기 좋고 친구랑하면 ㅈㄴ재밌음,혼자 하면 시간 때우기 좋고 친구 랑 하면 ㅈㄴ 재밌음,2021-01-05 13:16:37
648800,Raft,positive,보통 난이도 같이하실분 스팀친추좀요,보통 난이도 같이 하실 분 스팀 친추 좀 요,2021-01-05 12:42:30
648800,Raft,positive,상어가 매우 싸가지가 없어요.,상어 가 매우 싸가지 가 없어요 .,2021-01-05 12:31:36
648800,Raft,positive,아직 안해봐서 모름,아직 안 해봐서 모름,2021-01-05 10:03:33
648800,Raft,positive,REGENO GAME,REGENO GAME,2021-01-05 02:23:33
648800,Raft,positive,하나하나 해금 하고 만들 때 마다 정말 성취감이 좋네요. 생각보다 메인 퀘스트도 분량이 좀 되서 깨는 맛이 쏠쏠합니다. 거의 오픈월드 하는 줄? 근데 그게 답니다. 하루종일 상어새끼가 뜯어먹는 떗목 수리하고 밥먹고 물먹고 하다가 끝납니다. 가격에 비하면 충분히 살 만 하다고 생각합니다.,하나 하나 해금 하고 만들 때 마다 정말 성취 감 이 좋네요 . 생각 보다 메인 퀘스트 도 분량 이 좀 되서 깨는 맛 이 쏠쏠합니다 . 거의 오픈월드 하는 줄 ? 근데 그게 답니 다 . 하루 종일 상어 새끼 가 뜯어 먹는 떗목 수리 하고 밥 먹고 물 먹고 하다가 끝납니다 . 가격 에 비 하면 충분히 살 만 하다고 생각 합니다 .,2021-01-05 00:50:50
648800,Raft,positive,상어 잡이배 언양어선,상어 잡 이배 언 양 어선,2021-01-05 00:24:06
648800,Raft,positive,친구들이랑 하면 재밌지만 제가 겪고있는 문제는 친구들이랑 래프트 플레이를 5일정도 했는데 갑자기 친구 서버가 안뜨면서 안들어가집니다 하지만 짧은 시간동안 개꿀잼이었고 다시 고쳐주실수있으면 고쳐주시면 감사하겠습니다,친구 들 이랑 하면 재밌지만 제 가 겪고있는 문제 는 친구 들 이랑 래프트 플레이 를 5일 정도 했는데 갑자기 친구 서버 가 안 뜨면서 안 들어가 집니다 하지만 짧은 시간 동안 개꿀 잼이었고 다시 고쳐주실수있으면 고쳐주시면 감사하겠습니다,2021-01-04 23:31:44
648800,Raft,positive,오..............초딩겜!!!!!하지만 나도초딩할래흐흫재밌ㅇㅇ게했느누중이얌,오 .............. 초딩 겜 !!!!! 하지만 나도 초딩 할래 흐흫 재밌 ㅇㅇ 게했느누중이얌,2021-01-04 21:52:02
648800,Raft,positive,크래프트 겜을 좋아하는사람으로서 보통기준 난이도는 돈스타브 밑 스타듀밸리 위 인거같아요 재밌습니다,크래프트 겜 을 좋아하는 사람 으로서 보통 기준 난이도 는 돈스 타 브 밑 스타 듀 밸리 위 인거 같아요 재밌습니다,2021-01-04 19:55:59
648800,Raft,positive,굿,굿,2021-01-04 18:47:21
648800,Raft,positive,다음 스토리 언제 나와요ㅠ 현기증 난단 말이예요ㅠㅠ,다음 스토리 언제 나와요 ㅠ 현기증 난단 말 이 예요 ㅠㅠ,2021-01-04 17:20:05
648800,Raft,positive,친구 4명이상 있는 사람들은 사는걸 추천 드립니다 ㅎㅎ,친구 4 명 이상 있는 사람 들 은 사 는걸 추천 드립니다 ㅎㅎ,2021-01-04 15:04:13
648800,Raft,positive,"처음에는 단순히 생존겜이라해서 시작했는데 진행하다보니 생각보다 무서운 겜이라는 사실을 알게됨 ㅋㅋ (상어는 그냥 물에사는 귀여운 고기일 뿐) 이제 뭘해야하나 싶을 때 숫자 입력하니까 새로운 목적지가 있다해서 그때부터 아 이게 레프트 하는 이유구나 해서 업데이트도 다 즐겨보고 새 업데이트 기다리는 중 주변에 비슷한류 게임 좋아하는 친구랑 같이하면 상당히 재밌게 플레이 할 수 있음 바다에 있는거 파밍해오는 애, 카이팅 좀 하는 애 이거면 충분함","처음 에는 단순히 생존 겜 이라 해서 시작 했는데 진행 하다 보니 생각 보다 무서운 겜 이라는 사실 을 알 게 됨 ㅋㅋ ( 상어 는 그냥 물 에 사는 귀여운 고 기일 뿐 ) 이제 뭘 해야하나 싶을 때 숫자 입력 하 니까 새로운 목적지 가 있다 해서 그때 부터 아 이 게 레프트 하는 이유 구나 해서 업데이트 도 다 즐겨 보고 새 업데이트 기다리는 중 주변 에 비슷한 류 게임 좋아하는 친구 랑 같이 하면 상당히 재밌게 플레이 할 수 있음 바다 에 있는거 파밍 해오는 애 , 카이 팅 좀 하는 애 이 거 면 충분함",2021-01-04 14:23:48
648800,Raft,positive,초반에는 상어가 ㅈㄴ무서운데 후반가면 개 ㅈ밥입니다 쫄지마세요,초반 에는 상어 가 ㅈㄴ 무서운데 후반 가면 개 ㅈ 밥 입니다 쫄 지 마세요,2021-01-04 12:45:51
648800,Raft,positive,앞서 해보기인데 완성도가 생각보다 높다. 바다에서 그냥 뗏목위에서 생존 하는 게임인줄알았는데 대형 섬에 가고 또 스토리를 진행하다보니 컨텐츠가 생각보다 많다. 혼자해도 나름 재미있지만 친구랑 같이 하면 훨씬 재미있는 게임. 스토리 끝까지 보기 전에는 그만두기 힘들다. 생존이랑 탐험쪽 좋아하는 사람이라면 꼭 추천한다.,앞서 해보기인데 완성 도 가 생각 보다 높다 . 바다 에서 그냥 뗏목 위 에서 생존 하는 게임 인 줄 알았는데 대형 섬 에 가고 또 스토리 를 진행 하다 보니 컨텐츠 가 생각 보다 많다 . 혼자 해도 나름 재미있지만 친구 랑 같이 하면 훨씬 재미있는 게임 . 스토리 끝 까지 보기 전 에는 그만두기 힘들다 . 생존 이랑 탐험 쪽 좋아하는 사람 이 라면 꼭 추천 한다 .,2021-01-04 11:34:41
648800,Raft,positive,단순히 물건을 낚아채는 첫 일을 할 때는 그 뒤에 할 수 있는 무궁무진한 모든 일을 상상하긴 어려울 겁니다. 처음 뗏목에서 파밍을 하는 기간이 다소 루즈해질 수 있지만 친구와 함께 하면서 극복할 수 있었습니다. 아직 이 게임의 10분의 1도 체험해보지 못했다고 느꼈지만 앞으로 있을 이 게임의 새로운 요소들에 대해 많이 기대됩니다.,단순히 물건 을 낚아채는 첫 일 을 할 때 는 그 뒤 에 할 수 있는 무궁무진 한 모든 일 을 상상 하긴 어려울 겁니다 . 처음 뗏목 에서 파밍 을 하는 기간 이 다소 루즈 해질 수 있지만 친구 와 함께 하면서 극복 할 수 있었습니다 . 아직 이 게임 의 10분 의 1 도 체험 해보지 못 했다고 느꼈지만 앞 으로 있을 이 게임 의 새로운 요소 들 에 대해 많이 기대 됩니다 .,2021-01-04 09:59:33
648800,Raft,positive,꿀잼,꿀잼,2021-01-04 00:55:25
648800,Raft,positive,최고의 환경 운동가,최고 의 환경 운동 가,2021-01-04 00:23:38
648800,Raft,positive,"30시간 넘게 했지만, 엔딩 보긴 쉽다는데 걍 꾸미고 사느라 엔딩을 안봤다. 싸게 산 편이긴 한데 비싸도 그 값을 하는 게임이다. 스타듀벨리, 돈스타브, 동숲 이런 게임들을 좋아한다면 재밌겠지만 아니라면 무진장 재미없는 게임","30시간 넘게 했지만 , 엔딩 보긴 쉽다는데 걍 꾸미고 사느라 엔딩 을 안 봤다 . 싸게 산 편이긴 한데 비싸도 그 값 을 하는 게임 이다 . 스타 듀 벨리 , 돈스 타 브 , 동숲 이런 게임 들 을 좋아한다면 재밌겠지만 아니라면 무진장 재미없는 게임",2021-01-03 22:33:06
648800,Raft,positive,28일에 다같이 삿는대 친구들은 플탐 20시간인대 혼자70시간함,28일 에 다 같이 삿는대 친구 들 은 플 탐 20시간 인대 혼자 70시간 함,2021-01-03 20:45:40
648800,Raft,positive,공략 보지말고 마치 탐험하듯이 친구들과 함께 플레이 하다보면 힐링 게임으로 충분함,공략 보지 말고 마치 탐험 하 듯이 친구 들 과 함께 플레이 하다 보면 힐링 게임 으로 충분함,2021-01-03 20:19:58
648800,Raft,positive,ㄹㅇ 존나재미있는데 배현민은 하느게없어 pig baby새키,ㄹㅇ 존나 재미있는데 배 현 민 은 하느게 없어 pig baby 새 키,2021-01-03 16:12:31
648800,Raft,positive,재밌고 할게 자꾸 생겨요 짜릿~ 단점은 전 좀 오래하면 속이 안 좋고 길치 방향치라 큰 섬에선 여러번 길 헤맸습니다 ㅠ 추천~!,재밌고 할게 자꾸 생겨요 짜릿 ~ 단점 은 전 좀 오래 하면 속이 안 좋고 길치 방향 치라 큰 섬 에선 여러 번 길 헤맸습니다 ㅠ 추천 ~!,2021-01-03 15:04:47
648800,Raft,positive,우리에게 일용할 양식을 주신 상어님을 기억하며 잠시 묵념을 하는 시간을 가지도록 합시다.,우리 에게 일용 할 양식 을 주신 상어 님 을 기억 하며 잠시 묵념 을 하는 시간 을 가지도록 합시다 .,2021-01-03 14:50:48
648800,Raft,positive,쨩,쨩,2021-01-03 13:29:11
648800,Raft,positive,눈을 떠보니.. 뗏목이였다.. 바다에 많은 쓰레기가 떠다녔다.. 끝도없는 쓰레기가 나왔다.. 정말 미친듯이 쏟아져 나왔다... 난 이게임을 한후 아무데나 쓰레기를 버리지 않게 되었다. 지구만세,눈 을 떠보니 .. 뗏목 이 였다 .. 바다 에 많은 쓰레기 가 떠다녔다 .. 끝 도 없는 쓰레기 가 나왔다 .. 정말 미친듯이 쏟아져 나왔다 ... 난 이 게임 을 한 후 아무 데 나 쓰레기 를 버리지 않게 되었다 . 지구 만세,2021-01-03 12:31:42
648800,Raft,positive,힐링 게임... 낮에 잠수해서 수영할 때 기분 좋아짐 바다 구현 굿굿 상어한테 쫓기다가 그 상어가 거슬려서 상어 먹이 만들다가 장비 구비하고 상어 쫓는 파이터로 성장하는 게임,힐링 게임 ... 낮 에 잠수 해서 수영 할 때 기분 좋아짐 바다 구현 굿굿 상어 한테 쫓기다가 그 상어 가 거슬려서 상어 먹이 만들다가 장비 구비 하고 상어 쫓는 파이터 로 성장하는 게임,2021-01-03 12:30:34
648800,Raft,positive,아주 좋소,아주 좋소,2021-01-03 12:21:54
648800,Raft,positive,"Good, very excited.","Good , very excited .",2021-01-03 10:44:59
648800,Raft,positive,완전 존잼!! ㅁ,완전 존잼 !! ㅁ,2021-01-03 08:07:30
648800,Raft,positive,너무 조아요 업데이트 빨리 해주세용,너무 조아요 업데이트 빨리 해주세용,2021-01-03 04:48:45
648800,Raft,positive,처음에 에피소드 시작하는법몰라서 수신기안달고 힐링만하다가 뒤늦게.. 근데 하루만에 에피소드가 끝... 언제 업데이트해줄꺼야 형들? 기다리고잇자너....,처음 에 에피소드 시작 하는 법 몰라서 수신기 안달 고 힐링 만 하다가 뒤늦게 .. 근데 하루 만에 에피소드 가 끝 ... 언제 업데이트 해줄꺼야 형 들 ? 기다리고 잇자 너 ....,2021-01-03 00:59:23
648800,Raft,positive,동숲같다,동숲 같다,2021-01-03 00:30:27
648800,Raft,positive,메기 구이가 맛있어요. 구워먹어야지 진짜 맛이 나와요.,메기 구이 가 맛있어요 . 구워 먹어야지 진짜 맛 이 나와요 .,2021-01-03 00:26:10
648800,Raft,positive,얼마 안했는데 할게없어요,얼마 안 했는데 할게 없어요,2021-01-02 23:25:51
648800,Raft,positive,평소애 다른게임 할때는 금방질려서 심심했는데 얘는 재밌는것도 재밌고 힐링이 되는 겜이라서 좋네요^^,평소 애 다른 게임 할 때 는 금방 질려서 심심했는데 얘 는 재밌는것도 재밌고 힐링 이 되는 겜 이라서 좋네요 ^^,2021-01-02 22:05:43
648800,Raft,positive,아 재밌어라,아 재밌어라,2021-01-02 22:03:40
648800,Raft,positive,심해공포증있는사람에겐 비추합니다 하지만너무재밌습니다 적응해보세요,심해 공포증 있는 사람 에겐 비추 합니다 하지만 너무 재밌습니다 적응 해보세요,2021-01-02 20:53:45
648800,Raft,positive,개꿀딱,개꿀 딱,2021-01-02 20:04:00
648800,Raft,positive,이름이 상당히 정직한 겜으로 땟목을 타고 떠다니며 땟못을 꾸미는 겜 아직 스토리 진행을 하진 못했으나 상황을 보면 스토리가 좀 심상찮을것 같다.,이름 이 상당히 정직한 겜 으로 땟목 을 타고 떠다니며 땟못 을 꾸미는 겜 아직 스토리 진행 을 하진 못 했으나 상황 을 보면 스토리 가 좀 심상 찮 을 것 같다 .,2021-01-02 20:03:38
648800,Raft,positive,f,f,2021-01-02 19:31:57
648800,Raft,positive,개띵작입니다,개띵작입니 다,2021-01-02 18:17:56
648800,Raft,positive,본격 노동착취 게임,본격 노동 착취 게임,2021-01-02 18:08:09
648800,Raft,positive,우가우가,우 가우 가,2021-01-02 17:51:12
648800,Raft,positive,인간보다 상어들이 더 불쌍한게임,인간 보다 상어 들 이 더 불쌍한 게임,2021-01-02 17:40:47
648800,Raft,positive,gg,gg,2021-01-02 17:16:11
648800,Raft,positive,뗏목을 짓다보면 시간이 살살녹아~ 나무판자도 살살녹아~ 이렇게 현생이 녹았습니다 짱짱입니다 킬링타임용이 아니라 그냥 인생이 녹아버려요,뗏목 을 짓다 보면 시간 이 살살 녹아 ~ 나무 판자 도 살살 녹아 ~ 이렇게 현생 이 녹았습니다 짱 짱 입니다 킬링타임 용이 아니라 그냥 인생 이 녹아 버려요,2021-01-02 16:21:53
648800,Raft,positive,혼자하면 너무 외로워요 왜냐면요 상어와 갈매기와 곰이 있는데 저랑 친구안해주고 절 공격해요 열심히 쓰레기를 주워 환경을 지켜내면 상어가 흥칫뿡! 이러면서 판자를 먹어요 그래도 살아보겠다고 작물을 심으면 갈매기가 처먹어요 그래서 친구와 함께 하신다면 굿겜 입니다!,혼자 하면 너무 외로워 요 왜냐면 요 상어 와 갈매기 와 곰 이 있는데 저 랑 친구 안해 주고 절 공격 해요 열심히 쓰레기 를 주워 환경 을 지켜내면 상어 가 흥칫뿡 ! 이러면서 판자 를 먹어요 그래도 살 아 보겠다고 작물 을 심으면 갈매기 가 처 먹어요 그래서 친구 와 함께 하신다면 굿겜 입니다 !,2021-01-02 15:27:47
648800,Raft,positive,외롭다,외롭다,2021-01-02 15:25:54
648800,Raft,positive,존잼 걍 멀티플레이 최적화 ㅇㅈ 얼른 업데이트 바람 디벨로퍼,존잼 걍 멀티플레이 최적화 ㅇㅈ 얼른 업데이트 바람 디벨로퍼,2021-01-02 15:10:03
648800,Raft,positive,"개인적으로 되게 재미있다. 친구들이랑 하면 더 재미있고, 혼자 하는것도 나름대로의 맛이 있다. 배 꾸미는것이 최종컨텐츠인것 같다. 다만 멀티에 나중에 각자의 땟목을 타고 다니면 좋을것 같다는 생각도 든다.","개인 적 으로 되게 재미있다 . 친구 들 이랑 하면 더 재미있고 , 혼자 하는것도 나름 대로의 맛 이 있다 . 배 꾸미는것이 최종 컨텐츠 인 것 같다 . 다만 멀티 에 나중 에 각자 의 땟목 을 타고 다니면 좋을것 같다는 생각 도 든다 .",2021-01-02 14:00:53
648800,Raft,positive,.,.,2021-01-02 05:34:46
648800,Raft,positive,꿀잼 ^-^,꿀잼 ^-^,2021-01-02 04:43:39
648800,Raft,positive,굿,굿,2021-01-02 04:43:34
648800,Raft,positive,WW,WW,2021-01-02 03:17:21
648800,Raft,positive,재미없다,재미없다,2021-01-02 02:15:26
648800,Raft,positive,시간이 금방 간다./,시간 이 금방 간다 ./,2021-01-02 01:37:46
648800,Raft,positive,래프트 은근 재밌네 개꿀,래프트 은근 재밌네 개꿀,2021-01-02 00:32:22
648800,Raft,positive,쩀있어요우 업데이트만 좀 빨랐으면 좋겠다!!,쩀 있어요 우 업데이트 만 좀 빨랐으면 좋겠다 !!,2021-01-02 00:10:29
648800,Raft,positive,good,good,2021-01-01 23:30:19
648800,Raft,positive,fun with gays,fun with gays,2021-01-01 23:16:39
648800,Raft,positive,친구랑 해라,친구 랑 해 라,2021-01-01 21:57:45
648800,Raft,positive,너무 재밌고 래프트는 못참지 ㅋㅋㅋ,너무 재밌고 래프트 는 못 참지 ㅋㅋㅋ,2021-01-01 21:42:28
648800,Raft,positive,good,good,2021-01-01 21:40:16
648800,Raft,positive,good,good,2021-01-01 21:19:56
648800,Raft,positive,빨리 업뎃했으면,빨리 업뎃했으 면,2021-01-01 18:44:35
648800,Raft,positive,완전 개노동겜 그래서 완전 좋아 히히,완전 개노 동 겜 그래서 완전 좋아 히 히,2021-01-01 15:20:27
648800,Raft,positive,친구들과 함께 상어를 괴롭히면 재밌는데 계속 괴롭히다보면 상어가 불쌍해서 마음이 아픕니다.,친구 들 과 함께 상어 를 괴롭히면 재밌는데 계속 괴롭히다 보면 상어 가 불쌍해서 마음 이 아픕니다 .,2021-01-01 13:31:44
648800,Raft,positive,하다보면 상어혐오증이 생기는 게임,하다 보면 상어 혐오 증 이 생기는 게임,2021-01-01 12:57:32
648800,Raft,positive,그냥그냥 멀티로 하기 재밌는 게임 새로운 곳을 탐사하는 것은 재밌지만 그 중간과정이 좀 번거롭긴 하다.. 제일 기초가 되는 재료를 처음부터 끝까지 끊임없이 파밍을 거의 해내야하고 상어까지도 무한리필이 된다는 점 정도..,그냥 그냥 멀티 로 하기 재밌는 게임 새로운 곳 을 탐사 하는 것 은 재밌지만 그 중간 과정 이 좀 번거롭긴 하다 .. 제일 기초 가 되는 재료 를 처음 부터 끝 까지 끊임없이 파밍 을 거의 해내야하고 상어 까지도 무한리필 이 된다는 점 정도 ..,2021-01-01 12:51:31
648800,Raft,positive,Good Game But Some Bug is bad,Good Game But Some Bug is bad,2021-01-01 11:37:52
648800,Raft,positive,기모링,기 모 링,2021-01-01 11:18:30
648800,Raft,positive,재밌음 근데 너무비쌈 한 2000원이면 살만할듯?,재밌음 근데 너무 비쌈 한 2000원 이면 살 만 할듯 ?,2021-01-01 07:28:39
648800,Raft,positive,그냥 챕터 빨리 업뎃하면 좋을 듯..,그냥 챕 터 빨리 업뎃하 면 좋을 듯 ..,2021-01-01 00:54:10
648800,Raft,positive,정신차리면 배꾸민다고 시간을 갈아 넣고 있어요,정신차리면 배 꾸민다고 시간 을 갈아 넣고 있어요,2020-12-31 23:27:51
648800,Raft,positive,":),, 상어 벨때마다 쾌감 장난 아니예요 꼭 해보세요!",":),, 상어 벨 때 마다 쾌감 장난 아니예요 꼭 해보세요 !",2020-12-31 23:11:51
648800,Raft,positive,재밋다,재밋다,2020-12-31 21:24:18
648800,Raft,positive,재미잇음아주,재미 잇음 아주,2020-12-31 20:47:17
648800,Raft,positive,재미있네요 친구랑 하면 할맛나욥,재미있네요 친구 랑 하면 할 맛 나 욥,2020-12-31 20:27:36
648800,Raft,positive,good,good,2020-12-31 18:36:49
648800,Raft,positive,3.5/5,3.5 / 5,2020-12-31 16:25:09
648800,Raft,positive,하나뿌서지면 두개씩 만드는게임,하나 뿌 서 지면 두 개 씩 만드는 게임,2020-12-31 15:44:10
648800,Raft,positive,나니도 보통에서 HMS드레드 노트 만들었는데 선원이 부족합니다 대@@ 전 곌주 상어밥!,나니 도 보통 에서 HMS 드레드 노트 만들었는데 선원 이 부족합니다 대 @@ 전 곌주 상어 밥 !,2020-12-31 14:32:01
648800,Raft,positive,갓겜,갓 겜,2020-12-31 12:53:52
648800,Raft,positive,역시 이런건 혼자하면 재미가없어서 잠시 꺼두고 문득 떠오른 옛날 영화 워터월드를 다시 보기 하였더니 내가 왜 땟목을 가운데 뻥뚫린 네모모양으로 지었는지 새삼 사람은 다 똑같구나 느꼈다. 그리고 게임을 다시 켰는데 사실 별달리 이쁘게 만들어지진않는다 . 허무. 그리고 여전히 친구없는 찐따로 혼자 미션을 깨나가다 보니 망망대해에 홀로 남겨진 내가 너무 외롭고 슬퍼서 가슴이 짠해졌다. 상어도 사실 반갑다고 꺠물어주는거 같아서 별로 죽이고 싶지않다. 이래저래 음식 레시피도 많지만 혼밥하니 그냥 생선이나 구워먹고 생과일이나 먹고말지,역시 이런건 혼자 하면 재미 가 없어서 잠시 꺼 두고 문득 떠오른 옛날 영화 워터월드 를 다시 보기 하였더니 내 가 왜 땟목 을 가운데 뻥 뚫린 네 모모 양으로 지었는지 새삼 사람 은 다 똑같구나 느꼈다 . 그리고 게임 을 다시 켰는데 사실 별 달리 이쁘게 만들어지진 않는다 . 허무 . 그리고 여전히 친구 없는 찐 따로 혼자 미션 을 깨나 가다 보니 망망대해 에 홀로 남겨진 내 가 너무 외 롭고 슬퍼서 가슴 이 짠해졌다 . 상어 도 사실 반갑다고 꺠 물어주는거 같아서 별로 죽 이고 싶지 않다 . 이래저래 음식 레시피 도 많지만 혼밥 하 니 그냥 생선 이나 구워 먹고 생 과일 이나 먹고말지,2020-12-31 02:00:48
648800,Raft,positive,힐링,힐링,2020-12-31 01:32:25
648800,Raft,positive,"이 게임을 하며, 안하던 뱃멀미가 생겼어요.","이 게임 을 하며 , 안 하던 뱃멀미 가 생겼어요 .",2020-12-30 22:25:42
648800,Raft,positive,"저녁에 심심해서 친구들과 함께 했습니다. 처음에는 상어 내쫒으랴, 먹을거 구하랴, 스토리 진행하랴 너무도 정신이 없었지만 게임에 익숙해지면서 실제로 게임 내의 생활 형편도 나아지는걸 보고 내가 이렇게 부지런히 움직일 수도 있다는 걸 다시금 깨닫게 해줬습니다. 라이트하게 즐기기 좋은 게임 같습니다. 저녁 먹은지 좀 됬는데 슬슬 배고프군요.. 그럼 좋은 아침 되길 빌어요!","저녁 에 심심해서 친구 들 과 함께 했습니다 . 처음 에는 상어 내 쫒으랴 , 먹을거 구하랴 , 스토리 진행 하 랴 너무도 정신 이 없었지만 게임 에 익숙해지면서 실제 로 게임 내의 생활 형편 도 나아지는걸 보고 내 가 이렇게 부지런히 움직일 수도 있다는 걸 다시금 깨닫게 해줬습니다 . 라이트 하게 즐기기 좋은 게임 같습니다 . 저녁 먹은지 좀 됬는데 슬슬 배고프군요 .. 그럼 좋은 아침 되길 빌어 요 !",2020-12-30 21:46:08
648800,Raft,positive,친구랑 하기 좋은게임,친구 랑 하기 좋은 게임,2020-12-30 20:32:00
648800,Raft,positive,처음엔 상어에게 발 디딜 곳을 잃는 무력감과 공포에 휩싸이게 되고 작물을 키울땐 어느새 파밍을 하고 오면 저 멀리 날아가는 갈매기들과 텅 빈 작물 칸을 보고 깊은 빡침을 느끼게 될 것이다. 스토리를 밀고 대형 섬에 도착하면 머리를 직격하는 시조새의 돌덩이를 맞고 어안이 벙벙할 것이고 갑자기 달려드는 멧돼지와 곰의 습격을 받고는 정신이 나갈 것이다.,처음 엔 상어 에게 발 디딜 곳 을 잃는 무력감 과 공포 에 휩싸이게 되고 작물 을 키울 땐 어느새 파밍 을 하고 오면 저 멀리 날아가는 갈매기 들 과 텅 빈 작물 칸 을 보고 깊은 빡침을 느끼게 될 것 이다 . 스토리 를 밀고 대형 섬 에 도착 하면 머리 를 직격하 는 시조새 의 돌 덩이 를 맞고 어안 이 벙벙할 것 이고 갑자기 달려드는 멧돼지 와 곰 의 습격 을 받고는 정신 이 나갈 것 이다 .,2020-12-30 20:17:19
648800,Raft,positive,좋아요,좋아요,2020-12-30 19:27:44
648800,Raft,positive,재밌긴 한데 스토리섬 다 가고 나니깐 목적을 잃음,재밌긴 한데 스토리 섬 다 가고 나 니깐 목적 을 잃음,2020-12-30 18:24:13
648800,Raft,positive,찐은 못 하는 게임,찐은 못 하는 게임,2020-12-30 16:03:15
648800,Raft,positive,"유튜브도 보고, 거의 입덕하다시피 지식 어느정도 쌓은다음에 또 살아가면서 새로운것을 배우는, 마인크래프트보다 생존적인 게임.","유튜브 도 보고 , 거의 입덕 하다 시피 지식 어느 정도 쌓은 다음 에 또 살아가면서 새로운것을 배우는 , 마인크래프트 보다 생존 적 인 게임 .",2020-12-30 15:52:56
648800,Raft,positive,인간들이 쓰레기를 더 많이 버리면 좋겠습니다 진짜 이럴때만 환경 생각하고ㅡㅡ 재료가 모자라잔아,인간 들 이 쓰레기 를 더 많이 버리면 좋겠습니다 진짜 이럴 때 만 환경 생각 하고 ㅡㅡ 재료 가 모자라 잔 아,2020-12-30 15:24:24
648800,Raft,positive,임건같은게임 ㄹㅇㅋㅋ,임건 같은 게임 ㄹㅇㅋㅋ,2020-12-30 14:34:16
648800,Raft,positive,상어 깝치지마.,상어 깝 치지마 .,2020-12-30 11:07:29
648800,Raft,positive,RAFT LIGHT,RAFT LIGHT,2020-12-30 09:47:41
648800,Raft,positive,업뎃도 꾸준하고 이상하게 별로 안지루함. 수다떨면서 하기 너무 좋은 겜,업뎃 도 꾸준하고 이상하게 별로 안 지루함 . 수다 떨면서 하기 너무 좋은 겜,2020-12-30 04:38:31
648800,Raft,positive,빨리 업데이트 좀ㅜ,빨리 업데이트 좀 ㅜ,2020-12-30 02:42:31
648800,Raft,positive,개꿀잼,개꿀잼,2020-12-30 01:04:02
648800,Raft,positive,할만함,할만 함,2020-12-30 00:14:29
648800,Raft,positive,너무 재미있어요!! 세일할 때 어서 사세요!,너무 재미있어요 !! 세 일 할 때 어서 사세요 !,2020-12-29 23:57:16
648800,Raft,positive,아리가또,아리 가 또,2020-12-29 23:37:07
648800,Raft,positive,very nice bitch,very nice bitch,2020-12-29 21:07:29
648800,Raft,positive,good,good,2020-12-29 19:59:45
648800,Raft,positive,굿!,굿 !,2020-12-29 19:58:16
648800,Raft,positive,개꿀쟁,개꿀쟁,2020-12-29 19:52:21
648800,Raft,positive,친구없는 사람 기만하는 게임,친구 없는 사람 기만 하는 게임,2020-12-29 19:22:58
648800,Raft,positive,아는사람들과하면 정말 재미있다,아는 사람 들 과 하면 정말 재미있다,2020-12-29 18:27:06
648800,Raft,positive,존나 잼,존나 잼,2020-12-29 17:53:00
648800,Raft,positive,재밌음,재밌음,2020-12-29 17:45:49
648800,Raft,positive,쿠아아아아아앙,쿠 아 아아 아아 앙,2020-12-29 16:47:46
648800,Raft,positive,할거없을때 하면 나쁘지 않을것같구먼유,할거 없을 때 하면 나쁘지 않을것 같구먼 유,2020-12-29 14:00:43
648800,Raft,positive,진짜 갓겜,진짜 갓 겜,2020-12-29 11:57:58
648800,Raft,positive,친구랑 같이하면 시간 잘가요 재밌음,친구 랑 같이 하면 시간 잘가요 재밌음,2020-12-29 11:34:09
648800,Raft,positive,나의 예술적 건축 감각은 상어한테 압수당한지 오래다.,나 의 예술 적 건축 감각 은 상어 한테 압수 당 한지 오래 다 .,2020-12-29 09:06:06
648800,Raft,positive,혼자해도 재미있고 친구랑 해도 재미있는 게임,혼자 해도 재미있고 친구 랑 해도 재미있는 게임,2020-12-29 09:02:44
648800,Raft,positive,친구들과 하면서 뗏목만들고 좌표찾아가면서 여행하면서 스토리 깨는 맛으로 하는 게임 재미있다. 근데 업뎃좀 쳐 해라 왜이리 오래걸리냐? 기다리다 뒤지겠네,친구 들 과 하면서 뗏목 만들고 좌표 찾아가면서 여행 하면서 스토리 깨는 맛 으로 하는 게임 재미있다 . 근데 업뎃좀 쳐 해 라 왜 이리 오래 걸리냐 ? 기다리다 뒤지겠네,2020-12-29 08:09:58
648800,Raft,positive,페지주워서 살아가는 게임인뎁숑ㅋ,페지 주워서 살아가는 게임 인 뎁숑 ㅋ,2020-12-29 05:36:56
648800,Raft,positive,처음엔 적응기가 좀 많이 필요합니다. 어지간하면 초반 공략들 보고 플레이 하시는것을 추천드려요 안그러면 저처럼 4시간동안 유리가 없어서 물을 끓여먹기 바쁜 나날을 보내게 됩니다 ㅠㅠ[점토 말리는걸 몰랐어요..] 친구들과 하면 첨에 배를 키우기보단 연구와 아이템부터 미리미리 제작을 해두는게 좋습니다 분명 빌런 1명이 존재하여 실수로 q를 눌러서 아이템을 버리는 사람이 꼭 있을겁니다[물론 저도 그랬...] 초반엔 진짜 할게 너무나도 많고 생각해야하는것도 너무 넘사라 시간지나가는줄 모르고 했지만 시간이 지나면 자동화가 많이 진행되서 관,처음 엔 적응 기 가 좀 많이 필요합니다 . 어지간하면 초반 공략 들 보고 플레이 하시는것을 추천 드려요 안 그러면 저 처럼 4시간 동안 유리 가 없어서 물 을 끓여 먹기 바쁜 나날 을 보내게 됩니다 ㅠㅠ [ 점토 말리는걸 몰랐어요 ..] 친구 들 과 하면 첨 에 배 를 키우기보단 연구 와 아이템 부터 미리 미리 제작 을 해 두는게 좋습니다 분명 빌런 1 명 이 존재 하여 실수 로 q 를 눌러서 아이템 을 버리는 사람 이 꼭 있을 겁니다 [ 물론 저 도 그랬 ...] 초반 엔 진짜 할게 너무나도 많고 생각 해야하는것도 너무 넘 사라 시간 지나가는줄 모르고 했지만 시간 이 지나면 자동화 가 많이 진행 되서 관,2020-12-29 05:16:42
648800,Raft,positive,유튭에서 플레이 영상을 본후 재밌어 보였는데 마침 할인해서 사서 해보니까 진짜 상상이상으로 재밌다,유튭 에서 플레이 영상 을 본 후 재밌어 보였는데 마침 할인 해서 사서 해보니까 진짜 상상 이상 으로 재밌다,2020-12-29 04:23:13
648800,Raft,positive,친구와 함께 하면 재밌다,친구 와 함께 하면 재밌다,2020-12-29 03:47:38
648800,Raft,positive,친구들과 재미있게 하고 있습니다 ^^ 일은 제가 다 하는 것 같네요 ^6^,친구 들 과 재미있게 하고 있습니다 ^^ 일 은 제 가 다 하는 것 같네요 ^ 6 ^,2020-12-29 02:39:09
648800,Raft,positive,👍,👍,2020-12-29 02:22:11
648800,Raft,positive,힐링,힐링,2020-12-29 00:34:58
648800,Raft,positive,ㅇㅇ 꿀잼인데 최적화가 발적화임,ㅇㅇ 꿀잼 인데 최적화 가 발 적 화임,2020-12-28 23:11:31
648800,Raft,positive,정말 재밌네요,정말 재밌네요,2020-12-28 22:37:11
648800,Raft,positive,"위쳐3, 레데리2, 어쌔신크리드 명작이라고 불리는 게임들도 찍먹한 사람인데요, 래프트. 괜찮은 게임입니다.","위 쳐 3 , 레 데리 2 , 어쌔신크리드 명작 이라고 불리는 게임 들 도 찍 먹한 사람 인데 요 , 래프트 . 괜찮은 게임 입니다 .",2020-12-28 21:28:55
648800,Raft,positive,개꿀잼,개꿀잼,2020-12-28 19:16:38
648800,Raft,positive,"할인해서 샀는데, 후회 안할 정도로 재밌어요.","할인 해서 샀는데 , 후회 안 할 정도 로 재밌어요 .",2020-12-28 16:14:16
648800,Raft,positive,"조작성, 그래픽, 재미, 전부 다 아주 괜찮은 게임이다. 다만 아직 개발중인 게임인지라, 스토리가 너무 짧다 그리고 엔딩도 허무하다 나중에 정식 출시 되면 재미있을거같다....","조작성 , 그래픽 , 재미 , 전부 다 아주 괜찮은 게임 이다 . 다만 아직 개발 중 인 게임 인지 라 , 스토리 가 너무 짧다 그리고 엔딩 도 허무하다 나중 에 정식 출시 되면 재미있을거 같다 ....",2020-12-28 15:56:27
648800,Raft,positive,친구랑 둘이해도 꿀잼 다만 빨리 질림,친구 랑 둘 이해도 꿀잼 다만 빨리 질림,2020-12-28 13:45:53
648800,Raft,positive,원양어선 상어잡이 시뮬레이터,원 양 어선 상어 잡 이 시뮬레이터,2020-12-28 10:32:15
648800,Raft,positive,개꿀잼,개꿀잼,2020-12-28 08:47:22
648800,Raft,positive,그저 재밌다.,그저 재밌다 .,2020-12-28 08:27:31
648800,Raft,positive,시간 순삭 존잼 게임,시간 순삭 존잼 게임,2020-12-28 05:33:12
648800,Raft,positive,친구랑 하기 너무 재밌어영,친구 랑 하기 너무 재밌어 영,2020-12-28 05:08:54
648800,Raft,positive,뭐 그저 그럼,뭐 그저 그럼,2020-12-28 03:12:33
648800,Raft,positive,나 포함 친구 3명이서 3일동안 14시간해서 끝까지깨고 도전과제 상위1프로 땀 시간 많으면 하셈,나 포함 친구 3 명 이서 3일 동안 14시간 해서 끝 까지 깨고 도전 과제 상위 1 프로 땀 시간 많으면 하 셈,2020-12-28 03:08:09
648800,Raft,positive,좀 할만하네요,좀 할만 하네요,2020-12-28 02:05:09
648800,Raft,positive,개추,개추,2020-12-28 01:03:59
648800,Raft,positive,꿀잼,꿀잼,2020-12-28 00:39:57
648800,Raft,positive,친구 없으면 하지마삼,친구 없으면 하지마 삼,2020-12-28 00:39:42
648800,Raft,positive,바다 노숙자 생활 프로젝트,바다 노숙자 생활 프로젝트,2020-12-28 00:12:03
648800,Raft,positive,멀티하면 꿀잼 물그래픽 좋음,멀티 하면 꿀잼 물 그래픽 좋음,2020-12-28 00:08:15
648800,Raft,positive,와! 이 게임 아직 까지 안한사람 무조건 사셈 친구랑 하면 진짜 시간 다버려가면서 멍청하게 손가락에 힘풀릴떄까지 즐길수있는 정말 신비로운게임 !!,와 ! 이 게임 아직 까지 안 한 사람 무조건 사셈 친구 랑 하면 진짜 시간 다 버려가면서 멍청하게 손가락 에 힘풀릴떄 까지 즐길수있는 정말 신비로운 게임 !!,2020-12-28 00:08:11
648800,Raft,positive,생존왕! 출격!,생존왕 ! 출격 !,2020-12-28 00:05:08
648800,Raft,positive,muy bien,muy bien,2020-12-27 23:50:23
648800,Raft,positive,친구들과 함꼐하기 좋은 게임 다음 챕터 빨리 나왔으면 좋겠음,친구 들 과 함꼐하기 좋은 게임 다음 챕 터 빨리 나왔으면 좋겠음,2020-12-27 23:18:12
648800,Raft,positive,빨리 와서 배를 따라오는 커다란 비상식량 물고기와 함께 새우잡이 배에 타도록 하세요.,빨리 와서 배 를 따라오는 커다란 비상식량 물고기 와 함께 새우 잡 이 배 에 타 도록 하세요 .,2020-12-27 22:55:19
648800,Raft,positive,친구들과 하기에 너무재밋음,친구 들 과 하기에 너 무재 밋음,2020-12-27 22:28:04
648800,Raft,positive,재미있슴 하지만 혼자하면 솔직히 할게 많음 너무 많음 나는 형이랑 하고 있는데 겨우 하고있슴 하지만 게임성은 최고임 솔직히 인정함 그리고 업데이트 좀 빨리해주면 좋겠음,재미있 슴 하지만 혼자 하면 솔직히 할게 많음 너무 많음 나 는 형 이랑 하고 있는데 겨우 하고있 슴 하지만 게임 성은 최고 임 솔직히 인정 함 그리고 업데이트 좀 빨리 해주면 좋겠음,2020-12-27 22:26:29
648800,Raft,positive,존잼탱,존잼 탱,2020-12-27 22:23:35
648800,Raft,positive,친구들이랑 하면 꿀잼 혼자 하면 노잼,친구 들 이랑 하면 꿀잼 혼자 하면 노잼,2020-12-27 21:31:50
648800,Raft,positive,잼남,잼남,2020-12-27 20:23:00
648800,Raft,positive,상어 좃같네,상어 좃같 네,2020-12-27 19:52:50
648800,Raft,positive,상어 개새끼와 갈매기 개새끼는 이 게임의 적폐다.,상어 개새끼 와 갈매기 개새끼 는 이 게임 의 적폐 다 .,2020-12-27 19:41:57
648800,Raft,positive,"이보다 아름다운 게임이 있을까요? 상어와 함께 집을 꾸미며 살아가는 힐링 게임입니다. 상어가 애정표현이 과해서 조금 부담스러울때가 있지만 어느순간 귀여워 보이고 정이 듭니다 ^^! 친구들과 하면 조금의 머뭇거림이 당신과 함꼐할것이지만, 당신의 뛰어난 바보상자는 무엇이라도 소화해낼것이라 믿어 의심치않습니다! 쓰레기를 갈고리로 끌어들이며 생존하다보면 육지의 사람들이 제발 쓰레기를 버렸으면 하는 환경파괴를 더욱 자극시키는 부적절한 마음이 들지도 모른다는 주의점을 항상 기억하십시오. 상어와 바다위 동거를 하고 싶으신분들에게 추천^^! 나","이보 다 아름다운 게임 이 있을까요 ? 상어 와 함께 집 을 꾸미며 살아가는 힐링 게임 입니다 . 상어 가 애정 표현 이 과 해서 조금 부담스러울 때 가 있지만 어느 순간 귀여워 보이 고 정이 듭니 다 ^^! 친구 들 과 하면 조금 의 머뭇거림이 당신 과 함꼐 할것이지만 , 당신 의 뛰어난 바보 상자 는 무엇 이라도 소화 해낼것이라 믿어 의심 치 않습니다 ! 쓰레기 를 갈고리 로 끌어 들이며 생존 하다 보면 육지 의 사람 들 이 제발 쓰레기 를 버렸으면 하는 환경 파괴 를 더욱 자극시키는 부적절한 마음 이 들지도 모른다는 주의 점 을 항상 기억 하십시오 . 상어 와 바다 위 동거 를 하고 싶으 신분 들 에게 추천 ^^! 나",2020-12-27 18:41:14
648800,Raft,positive,미111친 갈매기새11끼,미 111 친 갈매기 새 11 끼,2020-12-27 18:24:58
648800,Raft,positive,둘이 하니까 재밌음 여럿이서 하기 좋음 힐링겜일줄 알았는데 처음에 생각보다 정신없고 치열함 난이도 쉬움으로 그냥 했는데 상어 생각보다 아프지 않고 귀찮기만 해서 없애버리고싶음,둘 이 하니까 재밌음 여럿 이서 하기 좋음 힐링 겜 일줄 알았는데 처음 에 생각 보다 정신 없고 치열함 난이도 쉬움 으로 그냥 했는데 상어 생각 보다 아프지 않고 귀찮기만 해서 없애 버리고싶음,2020-12-27 18:20:03
648800,Raft,positive,깜둥이들을 위해 바다에 쓰레기를 많이 버리자,깜둥이 들 을 위해 바다 에 쓰레기 를 많이 버리자,2020-12-27 17:42:27
648800,Raft,positive,친구가 같이 하자해서 했다 바닥에있는 그물망에 있는 아이템을 먹으라 해서 먹었다 섬에가서 또 바닥에 있는 아이템을 먹으라 해서 먹었다 그리고 엔딩,친구 가 같이 하자 해서 했다 바닥 에 있는 그물 망 에 있는 아이템 을 먹으라 해서 먹었다 섬 에가 서 또 바닥 에 있는 아이템 을 먹으라 해서 먹었다 그리고 엔딩,2020-12-27 16:25:30
648800,Raft,positive,레프트 필 꽂혀서 싰다. 사실 이런 모험겜 개 좋아하는데 겜하면서 그 닌텐도 디에스 심즈 무인도 탈출생각났다.. 본인은 그 게임을 되게 좋아하기 때문에 맛나게 함 하지만 오래하고싶어도 이 게임 하다보면 정말 힘든 순간이 온다 웬지는 모르겠지만 신경이 좀 올라 친구든 누구든 할때마다 좀 빡칠떄 많음 그래서 그전에 현타오기전에 꺼야함 국룰임 찐국룰 근데 가구 줍는거나 그런거 단기간 고인물되기 딱 좋음 루트나 찾는것도 근데 집을 짓는게 본인한텐 좀 어려워서 힘들었었음 ㅠㅜ 그리고 업데이트도 잘 되는거 같은데 막 섬이나 그런거 찾아서,레프트 필 꽂혀서 싰다 . 사실 이런 모험 겜 개 좋아하는데 겜 하면서 그 닌텐도 디 에스 심즈 무인도 탈출 생각났다 .. 본인 은 그 게임 을 되게 좋아하기 때문 에 맛 나게 함 하지만 오래 하고싶어도 이 게임 하다 보면 정말 힘든 순간 이 온다 웬 지는 모르겠지만 신경 이 좀 올라 친구 든 누구 든 할 때 마다 좀 빡칠떄 많음 그래서 그 전 에 현 타 오 기전 에 꺼 야함 국룰임 찐 국룰 근데 가구 줍는거나 그런거 단기간 고 인물 되기 딱 좋음 루트 나 찾는것도 근데 집 을 짓는게 본인 한텐 좀 어려워서 힘들었었음 ㅠㅜ 그리고 업데이트 도 잘 되는거 같은데 막 섬 이나 그런거 찾아서,2020-12-27 15:41:55
648800,Raft,positive,친구들과 함께한다면 무조건 재밌는게임,친구 들 과 함께 한다면 무조건 재밌는 게임,2020-12-27 15:35:49
648800,Raft,positive,이게 힐링이지 ㄹㅇㅋㅋ,이 게 힐링 이지 ㄹㅇㅋㅋ,2020-12-27 13:33:08
648800,Raft,positive,본인이 친구가 있다면 그냥 사세요. 친구도 사게 하세요,본인 이 친구 가 있다면 그냥 사세요 . 친구 도 사게 하세요,2020-12-27 12:54:05
648800,Raft,positive,재밌다,재밌다,2020-12-27 12:35:04
648800,Raft,positive,플라스틱 고리가 안던져 지는데 이건 먼 버그인가요.ㅡㅡ,플라스틱 고리 가 안던져 지는데 이건 먼 버그 인가요 . ㅡㅡ,2020-12-27 11:37:31
648800,Raft,positive,버그가 좀 있긴한데 생존게임 생초보라도 할만한 게임? 생존게임 겁나 못하는 저는 얼마안가 여러번 죽는 사람이지만... 이겜은 금방 이해하고 생존하는 방식이 그리 힘들진않아 간단히 해도 괜찮은겜 지인이 사서 하는거보고 삿는데 후회?는 안함다 근데 레알 버그좀만 고쳐줘요..,버그 가 좀 있긴한데 생존 게임 생 초보 라도 할만 한 게임 ? 생존 게임 겁나 못 하는 저 는 얼 마안 가 여러 번 죽는 사람 이지만 ... 이 겜 은 금방 이해 하고 생존 하는 방식 이 그리 힘들진 않아 간단히 해도 괜찮은 겜 지인 이 사서 하는거 보고 삿는데 후회 ? 는 안 함다 근데 레알 버그 좀 만 고쳐줘요 ..,2020-12-27 09:37:52
648800,Raft,positive,갈고리로 템 끌고오는것말곤 아무것도 모르는상태에서 시작한 3인파티 이틀간 20시간이라는 긴 시간을 투자하여 마지막섬인 탄가로아까지 완료했습니다. Best 섬 - 발보아 Worst 섬 - 캐러밴 다음 챕터 출시 기대하고있겠습니다 ^^,갈고리 로 템 끌고오는것말곤 아무 것 도 모르는 상태 에서 시작 한 3 인 파티 이틀 간 20시간 이라는 긴 시간 을 투자 하여 마지막 섬 인 탄가로 아까지 완료 했습니다 . Best 섬 - 발보아 Worst 섬 - 캐러밴 다음 챕 터 출시 기대하고있겠습니다 ^^,2020-12-27 09:23:40
648800,Raft,positive,친구한테 하자고해서 꼬셔서 한게임 그냥 배위에서 낚시하고 고기잡는 게임인줄만 알아서 막 그렇게 기대는 안했는데 생각보다 스토리 깰때마다 게임 몰입보다 엄청높고 친구들이랑 같이 하나하나씩 배 파츠 업글하면서 크기도 늘리고 노트 모아가면서 스토리 예측하면서 하는 플레이가 너무 재밌음 bgm도 좋고 하루에 10시간씩해서 2일동안 20시간했음 얼리엑세스라 스토리 진행끝이라 더 못한게 아쉽지만 하루에 10시간 할정도로 시간 잘가고 테라리아 급으로 재밌게했다 빨리 공식 출시했으면 좋겠다 무야호~,친구 한테 하자 고해 서 꼬셔 서 한게임 그냥 배위 에서 낚시 하고 고기 잡는 게임 인 줄 만 알아서 막 그렇게 기대는 안 했는데 생각 보다 스토리 깰 때 마다 게임 몰입 보다 엄청 높고 친구 들 이랑 같이 하나 하나 씩 배 파츠 업글 하면서 크기 도 늘리고 노트 모아가면서 스토리 예측 하면서 하는 플레이 가 너무 재밌음 bgm 도 좋고 하루 에 10시간 씩해서 2일 동안 20시간 했음 얼리 엑세스 라 스토리 진행 끝 이라 더 못 한게 아쉽지만 하루 에 10시간 할 정도 로 시간 잘 가고 테라리아 급 으로 재밌게 했다 빨리 공식 출시 했으면 좋겠다 무 야호 ~,2020-12-27 09:22:49
648800,Raft,positive,진짜 개재밌음 친구랑 ㄱㄱ,진짜 개 재밌음 친구 랑 ㄱㄱ,2020-12-27 05:29:53
648800,Raft,positive,"할인해서 2만원 이하일 때 샀는데 돈이 아깝지 않은 게임. 며칠동안 즐겁게 즐겼고 모드도 아주 까진 아니지만 그럭저럭 있다. 개발자들이 게임에 열정적이고 아직 스토리가 끝난게 아니기 때문에 앞으로도 기대됨. 친구랑 같이 하면 재밌는 게임이지만, 혼자서도 가능하긴 할거다. 친구랑 같이 하면 모험 느낌이 강할거고, 혼자 한다면 역경을 해치는 느낌이 강할듯. 친구랑도 해보고 혼자서도 해봤는데 둘 다 느낌이 좀 다르다.","할인 해서 2만원 이하일 때 샀는데 돈 이 아깝지 않은 게임 . 며칠 동안 즐겁게 즐겼고 모드 도 아주 까진 아니지만 그럭저럭 있다 . 개발자 들 이 게임 에 열정 적 이고 아직 스토리 가 끝난게 아니기 때문 에 앞 으로도 기대 됨 . 친구 랑 같이 하면 재밌는 게임 이지만 , 혼자 서도 가능하긴 할거다 . 친구 랑 같이 하면 모험 느낌 이 강할거고 , 혼자 한다면 역경 을 해치는 느낌 이 강할듯 . 친구 랑 도 해보고 혼자 서도 해봤는데 둘 다 느낌 이 좀 다르다 .",2020-12-27 02:34:50
648800,Raft,positive,ㄹㅇ 존나 꿀잼이다,ㄹㅇ 존나 꿀잼 이다,2020-12-27 02:24:27
648800,Raft,positive,개꿀잼입니다,개꿀잼 입니다,2020-12-27 02:08:43
648800,Raft,positive,개꿀잼,개꿀잼,2020-12-27 01:25:00
648800,Raft,positive,같이 하면 재밌음,같이 하면 재밌음,2020-12-27 01:23:33
648800,Raft,positive,친구들과 하세용~~~~~~~~,친구 들 과 하세용 ~~~~~~~~,2020-12-27 00:59:15
648800,Raft,positive,갓겜.,갓 겜 .,2020-12-26 23:48:51
648800,Raft,positive,초반에는 재료가 없어서 힘든데 중반만 가도 괜찮은듯 재밌어서 다음 스토리가 얼른 나왔으면 좋겠음,초반 에는 재료 가 없어서 힘든데 중반 만 가도 괜찮은 듯 재밌어서 다음 스토리 가 얼른 나왔으면 좋겠음,2020-12-26 23:22:40
648800,Raft,positive,개~~째밌다,개 ~~ 째밌다,2020-12-26 22:07:37
648800,Raft,positive,"처음은 상어가 무서웠습니다. 허나 지금은 제 단백질이죠,","처음 은 상어 가 무서웠습니다 . 허나 지금 은 제 단백질 이 죠 ,",2020-12-26 21:47:31
648800,Raft,positive,오~~은근 꿀잼,오 ~~ 은근 꿀잼,2020-12-26 21:39:55
648800,Raft,positive,친구랑 하면 재밌음,친구 랑 하면 재밌음,2020-12-26 21:34:30
648800,Raft,positive,감자농장은 갈매기잡는 용도였어....,감자 농장 은 갈매기 잡는 용도였어 ....,2020-12-26 21:09:39
648800,Raft,positive,ㅗㅗㅗㅗㅗㅗㅗㅗㅗㅗㅗㅗㅗㅗㅗㅗㅗㅗㅗㅗㅗㅗㅗㅗ,ㅗㅗㅗㅗㅗㅗㅗㅗㅗㅗㅗㅗㅗㅗㅗㅗㅗㅗㅗㅗㅗㅗㅗㅗ,2020-12-26 20:46:10
648800,Raft,positive,준비물: 친구,준비물 : 친구,2020-12-26 20:33:41
648800,Raft,positive,"전형적인 용두사미의 예시 . 아직 게임이 다 추가가 안 됐지만 아무 기틀없이 몸 던지기 식으로 2명에서 보통 난이도 기준 지금 이 시간에 클리어 처음에는 매우 재밌고 , 매우 재밌어 보이지만 그건 허황된 기대심을 증폭치키므로 즉 실망과 박탈감을 많이 안겨주는 빌드업 이었던 것이다. 스토리 챕터마다 똑같은 방식 , 변함없는 방식이지만 이 점을 숨기기 위해 스토리가 진행되면 진행 될수록 노가다성과 스토리 챕터 섬의 크기를 어거지로 키우지만 별 다름 없음 적은 인원에서 진행한 기준의 평 이기 때문에 이점 참고하길 바람. 인원수","전형 적 인 용두사미 의 예시 . 아직 게임 이 다 추가 가 안 됐지만 아무 기틀 없이 몸 던지기 식 으로 2 명 에서 보통 난이도 기준 지금 이 시간 에 클리어 처음 에는 매우 재밌고 , 매우 재밌어 보이 지만 그건 허황 된 기 대심 을 증폭 치키므로 즉 실망 과 박탈 감 을 많이 안겨주는 빌드업 이었던 것 이다 . 스토리 챕 터 마다 똑같은 방식 , 변함 없는 방식 이지만 이 점 을 숨기기 위해 스토리 가 진행 되면 진행 될수록 노가다 성과 스토리 챕 터 섬 의 크기 를 어거지 로 키우지만 별 다름 없음 적은 인원 에서 진행 한 기준 의 평 이기 때문 에 이점 참고 하길 바람 . 인원 수",2020-12-26 20:33:41
648800,Raft,positive,시간가는줄 모르고 게임함. 재밌어요.,시간 가는줄 모르고 게임 함 . 재밌어요 .,2020-12-26 20:21:16
648800,Raft,positive,개꾸ㅡㄹ잼.,개 꾸 ㅡㄹ 잼 .,2020-12-26 20:19:40
648800,Raft,positive,혼자해도 재밌는 스토리 기대되는 컨텐츠 기대작!!,혼자 해도 재밌는 스토리 기대 되는 컨텐츠 기 대작 !!,2020-12-26 20:14:21
648800,Raft,positive,갸재미있음 ㅋㅋㅍㅃ,갸 재미있음 ㅋㅋㅍㅃ,2020-12-26 18:25:47
648800,Raft,positive,친구들과 가볍게 같이해보자로 시작했다가 콜롬버스가 되는 게임,친구 들 과 가볍게 같이 해보자로 시작 했다가 콜롬버스 가 되는 게임,2020-12-26 18:00:43
648800,Raft,positive,꿀잼,꿀잼,2020-12-26 15:58:36
648800,Raft,positive,혼자하면 개노잼인데 친구하고 디코로 하면 개꿀잼임 나름 챕터도 있는데 챕터맵이 존나커서 혼자하기 힘듬,혼자 하면 개 노잼 인데 친구 하고 디 코로 하면 개꿀잼임 나름 챕 터 도 있는데 챕 터맵 이 존나 커서 혼자 하기 힘듬,2020-12-26 15:54:28
648800,Raft,positive,잼나다,잼나다,2020-12-26 15:32:09
648800,Raft,positive,재미는 있는데 한시간 정도 지나면 뭔가 지루합니다 ^^ 같이해도이런데 혼자하면 ..,재미 는 있는데 한 시간 정도 지나면 뭔가 지루합니다 ^^ 같 이해도 이런데 혼자 하면 ..,2020-12-26 15:06:26
648800,Raft,positive,재밌는데 좀 하면 지루해짐,재밌는데 좀 하면 지루해 짐,2020-12-26 15:05:51
648800,Raft,positive,같이하기 좋네,같이 하기 좋네,2020-12-26 14:41:33
648800,Raft,positive,그래픽에 비해 최적화가 잘 안된 느낌이 듦,그래픽 에 비해 최적화 가 잘 안된 느낌 이 듦,2020-12-26 14:11:14
648800,Raft,positive,혼자하면 할맛 안나는데 주변에 사람들하고 하기 좋음. 많이 안 친하더라도 의사소통이 필요한 게임이기 때문에 계속 말 섞다보면 친해질 수 있음,혼자 하면 할 맛 안나는데 주변 에 사람 들 하고 하기 좋음 . 많이 안 친하더라도 의사소통 이 필요한 게임 이기 때문 에 계속 말 섞다 보면 친해질 수 있음,2020-12-26 11:17:11
648800,Raft,positive,물마셨으면 다시 채우라고ㅁㄴㄹㄴ래야ㅓㄴ애ㅔ,물 마셨으면 다시 채우라고 ㅁㄴㄹㄴ 래야 ㅓㄴ 애 ㅔ,2020-12-26 04:16:42
648800,Raft,positive,죽기전에 무조건 해야하는 게임,죽기전에 무조건 해야하는 게임,2020-12-26 04:01:31
648800,Raft,positive,상어 삭제좀.,상어 삭제 좀 .,2020-12-26 03:09:49
648800,Raft,positive,버그망겜이지만 친구들이랑 싸우면서 하기 딱좋은게임,버그 망겜 이지만 친구 들 이랑 싸우면서 하기 딱좋은 게임,2020-12-25 23:13:16
648800,Raft,positive,캐릭터... . . . . . . . 몬쉥겼어여.. 킹치만 재미써어ㅓ,캐릭터 ... . . . . . . . 몬쉥겼어 여 .. 킹치 만 재미 써어 ㅓ,2020-12-25 22:50:48
648800,Raft,positive,상어 머리를 뒤집어쓰고 상어를 때려잡는 멋진 게임...,상어 머리 를 뒤집어 쓰고 상어 를 때려 잡는 멋진 게임 ...,2020-12-25 22:38:14
648800,Raft,positive,일단 혼자는 하지말고 친구들과 같이 하셔요 처음할때는 멀미가 날수도 있어요 걱정하지 마세요 2번째 할때는 멀쩡하게 할수 있을테니까요 감도내리고 3인칭이나 1인칭중에 선택해서 하세요 저는 엄청난 정리충이라 정리만 하루종일 했어여 그래도 넘 꿀잼 지금은 집짓는 재미로 하고있어요 정리 좋아하는 사람 1 새로운걸 만들고 싶어하는사람 1 엔딩을 보고싶어하는 사람 1 이렇게 세명만 있어도 꿀잼게임 그다음으로는 파밍 잘하는 사람 요리 좋아하는 사람 사냥하는 사람 등등 많으면 많을수록 분담해서 하면 넘 재밌어요 말많은 사람은 초대하지 마세요,일단 혼자 는 하지말고 친구 들 과 같이 하셔요 처음 할 때 는 멀미 가 날수 도 있어요 걱정 하지 마세요 2 번째 할 때 는 멀쩡하게 할수 있을테니까 요 감도 내리고 3 인칭 이나 1 인칭 중 에 선택 해서 하세요 저 는 엄청난 정리 충 이라 정리 만 하루 종일 했어여 그래도 넘 꿀잼 지금 은 집 짓는 재미 로 하고있어요 정리 좋아하는 사람 1 새로운 걸 만들고 싶어하는 사람 1 엔딩 을 보고싶어하는 사람 1 이렇게 세명 만 있어도 꿀잼 게임 그다음 으로는 파밍 잘 하는 사람 요리 좋아하는 사람 사냥 하는 사람 등등 많으면 많을수록 분담 해서 하면 넘 재밌어요 말 많은 사람 은 초대 하지 마세요,2020-12-25 21:44:20
648800,Raft,positive,둘이하기 재밌어요. 튜토리얼이 없어서 애먹었지만 하다보니 늘고 재밌네요. 다만 노가다 느낌도 강해서 사람이 피폐해짐...,둘이하기 재밌어요 . 튜토리얼 이 없어서 애 먹었지만 하다 보니 늘 고 재밌네요 . 다만 노가다 느낌 도 강해서 사람 이 피 폐해 짐 ...,2020-12-25 21:08:43
648800,Raft,positive,시간 녹이기 매우 좋아요!,시간 녹이기 매우 좋아요 !,2020-12-25 20:02:19
648800,Raft,positive,존나힘듬,존나 힘듬,2020-12-25 18:19:15
648800,Raft,positive,good,good,2020-12-25 17:26:05
648800,Raft,positive,계속 계속 업데이트 해주시면 감사하겠습니다. 게임은 재미있어요,계속 계속 업데이트 해주시 면 감사하겠습니다 . 게임 은 재미있어요,2020-12-25 16:29:43
648800,Raft,positive,친구들이랑하면 꿀잼임 노가다를해도 재밌음,친구 들 이랑 하면 꿀잼임 노가다 를 해도 재밌음,2020-12-25 16:29:00
648800,Raft,positive,나는 개똥벌레~ 친구가 없네~,나 는 개똥벌레 ~ 친구 가 없네 ~,2020-12-25 12:41:09
648800,Raft,positive,4명이서 같이 하는데 너무 재밌음 같이해야 재밌는 게임.. 아마 혼자는 못할게임..?,4 명 이서 같이 하는데 너무 재밌음 같이 해야 재밌는 게임 .. 아마 혼자 는 못 할 게임 ..?,2020-12-25 08:31:58
648800,Raft,positive,잼슴,잼슴,2020-12-25 08:25:57
648800,Raft,positive,상어가 초반에는 조금 나쁜 친구 일지는 몰라도 잡는 법만 알면 참 좋은 친구임 잡을때마다 고기를 4개씩 주고 심지어 머리는 1개당 생물연료 한개씩 만들 수 있는 아주 좋은 친구이다,상어 가 초반 에는 조금 나쁜 친구 일지 는 몰라도 잡는 법 만 알 면 참 좋은 친구 임 잡 을 때 마다 고기 를 4 개 씩 주고 심지어 머리 는 1 개당 생물연료 한 개 씩 만들 수 있는 아주 좋은 친구 이다,2020-12-25 03:18:48
648800,Raft,positive,잼있다,잼있다,2020-12-25 00:30:10
648800,Raft,positive,나만의 집을 가지고 싶을 때 하기 좋아요,나 만의 집 을 가지 고 싶을 때 하기 좋아요,2020-12-24 23:38:22
648800,Raft,positive,상어어어어어어어어어어어어어어어어어어어어어어어어어어,상어 어 어어 어어 어어 어어 어어 어어 어어 어어 어어 어어 어어 어어,2020-12-24 23:06:34
648800,Raft,positive,다른건 몰라도 창조적 난이도에서 업적 깨지는건 좀 아닌거같습니다 제 업적 초기화랑 창조적 난이도에서 업적 깨지는거 둘다 고쳐주세요,다른건 몰라도 창조 적 난이도 에서 업적 깨지는건 좀 아닌거 같습니다 제 업적 초기 화랑 창조 적 난이도 에서 업적 깨지는거 둘다 고쳐주세요,2020-12-24 23:04:53
648800,Raft,positive,해양판 러스트,해양 판 러스트,2020-12-24 22:51:41
648800,Raft,positive,꾸준히 같이 하는 친구랑 업뎃될 때마다 한 번씩 하면 재밌는 게임,꾸준히 같이 하는 친구 랑 업뎃될 때 마다 한 번 씩 하면 재밌는 게임,2020-12-24 21:40:18
648800,Raft,positive,상어 너무 짜증남,상어 너무 짜증남,2020-12-24 21:10:04
648800,Raft,positive,히히,히 히,2020-12-24 20:49:32
648800,Raft,positive,딱 좋다,딱 좋다,2020-12-24 20:37:18
648800,Raft,positive,친구들이랑 하면 재밌는 게임 싱글 플레이를 몇번 도전해봤는데 생존능력이 부족한건지 쉬움모드에서도 판자가 다 상어에게 물어뜯겨서 살아남을 수가 없었다. 하지만 알아서 스토리를 진행해주는 항해사와 미친 피지컬의 전사가 함께 해주니까 힐링 게임이다! 나는 주로 동물에게서 자원을 갈취하고 요리하고 요리하고 요리하고 보관함을 정리하고 도구들이 내구도가 닳기 전에 미리 만들어서 캐리해주시는 분들이 생존하기에 불편함이 없는 환경을 제공한다. 내구도가 닳아가는 판자를 수리하는 일도 하며 식수가 떨어지지 않게 바닷물을 담수로 만드는 일 또한 맡고,친구 들 이랑 하면 재밌는 게임 싱글 플레이 를 몇번 도전 해봤는데 생존 능력 이 부족한 건지 쉬움 모드 에서도 판자 가 다 상어 에게 물어 뜯겨서 살아남을 수가 없었다 . 하지만 알아서 스토리 를 진행 해주는 항해사 와 미친 피지 컬 의 전사 가 함께 해주 니까 힐링 게임 이다 ! 나 는 주로 동물 에게서 자원 을 갈취 하고 요리 하고 요리 하고 요리 하고 보관 함 을 정리 하고 도구 들 이 내 구도 가 닳기 전 에 미리 만들어서 캐리 해주시는 분 들 이 생존 하기에 불편함이 없는 환경 을 제공 한 다 . 내 구도 가 닳아가는 판자 를 수리 하는 일도 하며 식수 가 떨어지지 않게 바닷물 을 담수 로 만드는 일 또한 맡고,2020-12-24 18:38:44
648800,Raft,positive,누가 자꾸 물 떠감?,누가 자꾸 물 떠감 ?,2020-12-24 18:17:46
648800,Raft,positive,친구와 시간가는지 모르고 겜하네요 갓겜~,친구 와 시간 가는지 모르고 겜 하네요 갓 겜 ~,2020-12-24 17:44:43
648800,Raft,positive,혼자해도 재밌지만 같이하면 더 재밌다,혼자 해도 재밌지만 같이 하면 더 재밌다,2020-12-24 17:07:00
648800,Raft,positive,섭섭하지 않게 재밋는것 같지만 어느덧 노가다? 세계 참여는 어떻게 하지요?,섭섭하지 않게 재밋는것 같지만 어느덧 노가다 ? 세계 참여 는 어떻게 하지요 ?,2020-12-24 12:41:03
648800,Raft,positive,스릴있고재미있어요,스릴 있고 재미있어요,2020-12-24 10:49:24
648800,Raft,positive,할인하면 살만함,할인 하면 살 만 함,2020-12-24 10:09:28
648800,Raft,positive,"여러 업데이트가 되고, 섬도 생기며 도시섬도 생겨서 너무 좋아요 그리고 정말 멀티가 되기 때문에 지루하지않고 너무 꿀잼입니다","여러 업데이트 가 되고 , 섬 도 생기며 도시 섬 도 생겨서 너무 좋아요 그리고 정말 멀티 가 되기 때문 에 지루하지 않고 너무 꿀잼 입니다",2020-12-24 08:38:10
648800,Raft,positive,조아용,조아용,2020-12-24 02:23:09
648800,Raft,positive,존나 재밌음. 친구없으면 하지마셈. 난 있거든ㅎㅎ,존나 재밌음 . 친구 없으면 하지마 셈 . 난 있거든 ㅎㅎ,2020-12-24 02:22:34
648800,Raft,positive,중간에 조금 지루해지는 거 빼면 참신하고 재밌음,중간 에 조금 지루해지는 거 빼면 참신하고 재밌음,2020-12-24 02:08:29
648800,Raft,positive,"스토리 추가,,, 기다리다가 같이 하는 친구 다 군대 가버림,,, 근데 문제는 친구들이 전역해도 다음 스토리 안나와 있을 듯,","스토리 추가 ,,, 기다리다가 같이 하는 친구 다 군대 가버림 ,,, 근데 문제 는 친구 들 이 전역 해도 다음 스토리 안나 와 있을 듯 ,",2020-12-24 00:36:20
648800,Raft,positive,ㅈㄴ 재밌음 씨@발 ㅈ같네 진짜 ㅈㄴ빡치네 갑자기 ㅅㅂ 아 이 ㅄ들,ㅈㄴ 재밌음 씨 @ 발 ㅈ 같네 진짜 ㅈㄴ 빡치네 갑자기 ㅅㅂ 아 이 ㅄ 들,2020-12-24 00:10:25
648800,Raft,positive,처음에는 상어가 ㅈㄴ무서웠지만 쇠창을 만들고 나니 배고플때마다 나에게 고기를 주는 착한녀석임을 깨닫게 되었습니다 감사합니다 상어님,처음 에는 상어 가 ㅈㄴ 무서웠지만 쇠창 을 만들고 나니 배고플 때 마다 나 에게 고기 를 주는 착한 녀석 임 을 깨닫게 되었습니다 감사합니다 상어 님,2020-12-23 23:29:51
648800,Raft,positive,재밌네요~,재밌네요 ~,2020-12-23 22:33:45
648800,Raft,positive,친구들이랑 하면 꿀잼이여요 우정다지기 게임 ㅋ,친구 들 이랑 하면 꿀 잼이여요 우정 다지기 게임 ㅋ,2020-12-23 19:34:21
648800,Raft,positive,굳,굳,2020-12-23 18:17:58
648800,Raft,positive,재밌긴 한데 상어 3마리는 선 넘네요... 혼자서는 하지 말라는 겁니까,재밌긴 한데 상어 3 마리 는 선 넘네요 ... 혼자 서는 하지 말 라는 겁 니까,2020-12-23 16:18:57
648800,Raft,positive,난 친구 있찌,난 친구 있 찌,2020-12-23 14:46:01
648800,Raft,positive,t시간 삭제,t 시간 삭제,2020-12-23 12:49:15
648800,Raft,positive,왜 재미있는지 모르겠지만 기묘하게 재미있다.,왜 재미있는지 모르겠지만 기묘하게 재미있다 .,2020-12-23 11:57:27
648800,Raft,positive,다음 업데이트가 기대됩니다,다음 업데이트 가 기대 됩니다,2020-12-23 08:15:04
648800,Raft,positive,미래로가는 타임머신,미래 로 가는 타임머신,2020-12-23 02:55:14
648800,Raft,positive,싱글벙글 뗏목촌,싱글벙글 뗏목 촌,2020-12-23 00:38:16
648800,Raft,positive,"포류하고 파밍하고 이런거 좋아하시는 분들이라면 재미있게 하실거라 생각해요. 스토리 다깨도 자원모으고 배넓히고 하다보면 끝도 없고, 뭣보다 갈매기가 개빡치긴한데 식물들이 심어두고 물한번만주면 성체까지 자라니 그사이에 쉴 수도있고. 나쁘지않음","포류 하고 파밍 하고 이런거 좋아하시는 분 들이라면 재미있게 하실거라 생각 해요 . 스토리 다 깨도 자원 모으고 배 넓히고 하다 보면 끝 도 없고 , 뭣 보다 갈매기 가 개 빡치 긴한데 식물 들 이 심어 두고 물 한 번만 주면 성체 까지 자라니 그 사이 에 쉴 수도 있고 . 나쁘지 않음",2020-12-23 00:18:42
648800,Raft,positive,태그에 어드벤처만 무시한다면 대충 만족할 수 있는게임,태그 에 어드벤처 만 무시 한 다 면 대충 만족할 수 있는 게임,2020-12-22 22:10:59
648800,Raft,positive,친구랑 하면 재밌음,친구 랑 하면 재밌음,2020-12-22 15:08:36
648800,Raft,positive,친구 살떄까지 기다리는중 멀티 없으면 안할거같음,친구 살떄 까지 기다리는 중 멀티 없으면 안 할거 같음,2020-12-22 10:46:29
648800,Raft,positive,혼자하면 외롭지만 재밌는 게임,혼자 하면 외롭지만 재밌는 게임,2020-12-22 10:18:27
648800,Raft,positive,보통 난이도 싱글 생존 후기: 상어부터 죽이자! 어려움 난이도 싱글 생존 후기: 상어는 절대 죽이면 안돼!,보통 난이도 싱글 생존 후기 : 상어 부터 죽이자 ! 어려움 난이도 싱글 생존 후기 : 상어 는 절대 죽이면 안 돼 !,2020-12-22 06:19:42
648800,Raft,positive,"빨리 다음 패치 나왔으면 좋겠네요. 친구랑 정말 재밌게 했습니다. 현재도 가격대비 미친 볼륨이라 생각합니다. 나중에 패치로 스토리가 더 추가가 되면 정말 가성비 혜자겜이 될 것 같아요. 근데 다음 스토리(미션)섬이 없다고 생각하니 배를 확장하는 의미도 동시에 없어지고, 이 게임을 켜게 되는 이유도 없어졌어요.","빨리 다음 패치 나왔으면 좋겠네요 . 친구 랑 정말 재밌게 했습니다 . 현재 도 가격 대비 미친 볼륨 이라 생각 합니다 . 나중 에 패치 로 스토리 가 더 추가 가 되면 정말 가성 비 혜자 겜 이 될 것 같아요 . 근데 다음 스토리 ( 미션 ) 섬 이 없다고 생각 하니 배 를 확장 하는 의미 도 동시 에 없어지고 , 이 게임 을 켜게 되는 이유 도 없어졌어요 .",2020-12-21 21:27:45
648800,Raft,positive,,,2020-12-21 18:52:34
648800,Raft,positive,친구들과 함께하면 상당히 재밌음 다만 아직 컨텐츠가 조금 모자란감이있음 감안하고 하셔야할듯,친구 들 과 함께 하면 상당히 재밌음 다만 아직 컨텐츠 가 조금 모자란 감이있음 감안 하고 하셔 야할듯,2020-12-21 18:35:59
648800,Raft,positive,처음에는 몰입감있고 재밌지만 후반으로 갈수록 비슷한 생활패턴이 반복되어서 재미없어져요,처음 에는 몰입 감있고 재밌지만 후반 으로 갈수록 비슷한 생활 패턴 이 반복 되어서 재미없어져요,2020-12-20 23:46:14
648800,Raft,positive,좋소,좋소,2020-12-20 23:30:17
648800,Raft,positive,기대 1도 안했는데 완전 꿀잼. 상어가 좀 많이 빡치기는 하지만 그래도 만족합니다~~~ 개발자님 더욱 힘내셔서 빠른 업데이트 기대할게요,기대 1 도 안 했는데 완전 꿀잼 . 상어 가 좀 많이 빡치 기는 하지만 그래도 만족합니다 ~~~ 개발자 님 더욱 힘내셔서 빠른 업데이트 기대할게요,2020-12-20 19:44:29
648800,Raft,positive,"진짜 재밌게 하고있는데 제발 최적화좀.. 2080 인데 배좀 크게했다고 40프레임 실화냐고,,, 컨텐츠 업데트좀 제발 할께 없어서 배만늘리고 있어요","진짜 재밌게 하고있는데 제발 최적화 좀 .. 2080 인데 배좀 크게 했다고 40 프레임 실화 냐 고 ,,, 컨텐츠 업데 트좀 제발 할께 없어서 배 만 늘리고 있어요",2020-12-20 05:29:29
648800,Raft,positive,혼자해도 재미있고 친구랑 같이하면 더 재미있는게임 게임도중 멀미가 나서 힘들수도있지만 점차 발전하는 배를 보면서하는 재미가 쏠쏠함,혼자 해도 재미있고 친구 랑 같이 하면 더 재미있는 게임 게임 도중 멀미 가 나서 힘들수도 있지만 점차 발전 하는 배 를 보면 서하 는 재미 가 쏠쏠함,2020-12-20 02:11:42
648800,Raft,positive,심심할 떄 친구와 해보면 재밌어요.,심심할 떄 친구 와 해보면 재밌어요 .,2020-12-20 00:56:32
648800,Raft,positive,시간가는줄모르겠네요 ㅎㅎ,시간 가는줄 모르겠네요 ㅎㅎ,2020-12-19 22:01:42
648800,Raft,positive,아무생각없이 할수 있는 본격 힐링게임 ㅋㅋㅋㅋ,아무 생각 없이 할수 있는 본격 힐링 게임 ㅋㅋㅋㅋ,2020-12-19 14:25:53
648800,Raft,positive,초반에는 힘든데 후반갈수록 ㅐ밌어진다,초반 에는 힘든데 후반 갈수록 ㅐ 밌 어 진다,2020-12-19 11:29:34
648800,Raft,positive,....,....,2020-12-19 11:15:41
648800,Raft,positive,난이도를 정할수있는 고급게임인것같네요,난이도 를 정 할수있는 고급 게임 인 것 같네요,2020-12-19 07:42:57
648800,Raft,positive,굿좝 친구랑 함께한다면 아주 좋아요,굿좝 친구 랑 함께 한다면 아주 좋아요,2020-12-19 03:47:53
648800,Raft,positive,its so fun,its so fun,2020-12-19 01:18:03
648800,Raft,positive,25,25,2020-12-18 17:43:45
648800,Raft,positive,시간가는줄모르겠습니다,시간 가는줄 모르겠습니다,2020-12-18 11:09:49
648800,Raft,positive,그냥 재미있음.,그냥 재미있음 .,2020-12-18 10:10:11
648800,Raft,positive,재미있어요! 혼자보다는 멀티로 해야 더 재밌어요,재미있어요 ! 혼자 보다는 멀티 로 해야 더 재밌어요,2020-12-17 23:08:59
648800,Raft,positive,차후 업데이트가 매우 기대가 되는 게임입니다.,차후 업데이트 가 매우 기대 가 되는 게임 입니다 .,2020-12-17 21:29:00
648800,Raft,positive,상어 이 개객끼야ㅑㅑㅑㅑㅑㅑㅑㅑㅑㅑㅑㅑㅑㅑ,상어 이 개객끼 야 ㅑㅑㅑㅑㅑㅑㅑㅑㅑㅑㅑㅑㅑㅑ,2020-12-17 21:04:17
648800,Raft,positive,하드모드 - 처음에는 생존겜으로 시작했다가 어느 임계점 넘어서면 테크놀로지로 자연환경 죽치고 다니는 게임으로 변질됨 상어는 선원 비상식량 자잘한 버그 많은것 빼고는 즐기기 좋음,하드 모드 - 처음 에는 생존 겜 으로 시작 했다가 어느 임계점 넘어서면 테크놀로지 로 자연환경 죽 치고 다니는 게임 으로 변질 됨 상어 는 선원 비상식량 자잘한 버그 많은것 빼고는 즐기기 좋음,2020-12-17 15:31:00
648800,Raft,positive,나 정신나가는 게임,나 정신 나가는 게임,2020-12-17 09:24:21
648800,Raft,positive,초반 라디오 타워때 눈치챘어야 했는데 후반가면 액션 퍼즐게임임 작정하고 맥이는거 같음 사람들과 같이할꺼면 난이도 어려움이 재밋고 혼자 하는거라면 쉬움 추천함,초반 라디오 타워 때 눈치 챘어야 했는데 후반 가면 액션 퍼즐게임 임 작정 하고 맥 이는거 같음 사람 들 과 같이 할꺼면 난이도 어려움 이 재밋 고 혼자 하는거라면 쉬움 추천 함,2020-12-17 07:52:22
648800,Raft,positive,아 업뎃좀자주해달라고 미친새기들아 ㅋㅋㅋㅋ 업뎃될때까지 숨참는다 흐읍,아 업뎃좀 자주 해달라고 미친 새 기 들 아 ㅋㅋㅋㅋ 업뎃될때 까지 숨 참는다 흐읍,2020-12-17 02:34:22
648800,Raft,positive,둥둥이님이 식사 만드는거 좋아하심,둥둥 이 님 이 식사 만드는거 좋아하 심,2020-12-17 01:41:27
648800,Raft,positive,재밌음,재밌음,2020-12-17 01:18:24
648800,Raft,positive,꿀잼,꿀잼,2020-12-16 21:25:34
648800,Raft,positive,뭐라고? 사고싶다고? 그럼 친구부터 구해,뭐라고 ? 사고싶다고 ? 그럼 친구 부터 구해,2020-12-16 21:13:48
648800,Raft,positive,친구랑 하기 딱 좋음 같이 할 친구 1명 이상 있으면 추천 그 미만은 비추 혼자 하면 정신없어서 피곤하고 심심함,친구 랑 하기 딱 좋음 같이 할 친구 1 명 이상 있으면 추천 그 미만 은 비추 혼자 하면 정신 없어서 피곤하고 심심함,2020-12-16 19:50:21
648800,Raft,positive,다음 섬은 어디에있냐,다음 섬 은 어디 에 있냐,2020-12-16 15:37:00
648800,Raft,positive,/,/,2020-12-16 12:26:08
648800,Raft,positive,초반 노가다가 심하지만 시간 가는줄 모르고 하고있네요 나름 배를 취향대로 만들어 가는게 좋은거 같아요,초반 노가다 가 심하지만 시간 가는줄 모르고 하고있네요 나름 배 를 취향 대로 만들어 가는게 좋은 거 같아요,2020-12-16 08:55:37
648800,Raft,positive,최적화 제발,최적화 제발,2020-12-16 00:21:38
648800,Raft,positive,존잼,존잼,2020-12-15 19:12:09
648800,Raft,positive,"내가,,,,,왕년에는,,,,상어두,,,이 작대기 하나 루다가,,,, 때려 잡었다,,,,이 말이여~~@@@","내 가 ,,,,, 왕년 에는 ,,,, 상어 두 ,,, 이 작대기 하나 루다 가 ,,,, 때려 잡었다 ,,,, 이 말 이여 ~~@@@",2020-12-15 18:46:56
648800,Raft,positive,캐주얼한 그래픽 적당한 아이템 제작 난이도 쉬운 스테이터스 관리 난이도 정박과 표류를 번갈아가며 하게 만드는 미친 밸런스 조절이 장점이다. 스토리 업데이트가 덜 된 것이 단점이다.,캐 주얼 한 그래픽 적당한 아이템 제작 난이도 쉬운 스테이 터스 관리 난이도 정박 과 표류 를 번갈아 가며 하게 만드는 미친 밸런스 조절 이 장점 이다 . 스토리 업데이트 가 덜 된 것 이 단점 이다 .,2020-12-15 17:24:09
648800,Raft,positive,한판하고나면 하이테크놀로지에 맛들려서 새로는 못하겠다..,한판 하고나면 하이 테크놀로지 에 맛 들려서 새 로는 못 하겠다 ..,2020-12-15 09:49:56
648800,Raft,positive,남들 식량이랑 재료 구해올 때 편하게 해먹에 누워서 여유로운 라이프를 즐기는 게임,남 들 식량 이랑 재료 구 해올 때 편하게 해먹 에 누워서 여유 로운 라이프 를 즐기는 게임,2020-12-15 01:45:37
648800,Raft,positive,"게임 자체는 재밌고 수집하는 재미도 있고 협동도 다 좋고 좋은데 컨텐츠가 금방 소모되는점과 3d울렁증있는 저에겐 죽을맛 이었습니다. 게임하다가 누워서 쉬고오고 노 저어야할땐 마우스 손에 쥐고 바닥에 누워서 안보고 했습니다. 멀미모드를 첨에 몰랐던것도 있지만 그후 멀미모드를 사용해도 3d 멀미는 심했습니다 ㅠㅠ 그거빼고 재밌네요. 또한 미래의 새우잡이, 원양어선을 경험하는 느낌도 조금 들었습니다. 그만큼 노가다 겜이라는 점도 있습니다. (더더욱 제 미래의 대해서 생각을 하게됬습니다.) 파밍하고 섬찾고 그런게 반","게임 자체 는 재밌고 수집 하는 재미 도 있고 협동 도 다 좋고 좋은데 컨텐츠 가 금방 소 모되 는 점 과 3 d 울 렁증 있는 저 에겐 죽 을 맛 이었습니다 . 게임 하다가 누워서 쉬고오고 노 저 어 야할 땐 마우스 손 에 쥐 고 바닥 에 누워서 안보 고 했습니다 . 멀미 모드 를 첨 에 몰랐던것도 있지만 그 후 멀미 모드 를 사용 해도 3 d 멀미 는 심했습니다 ㅠㅠ 그거 빼고 재밌네요 . 또한 미래 의 새우 잡 이 , 원 양 어선 을 경험 하는 느낌 도 조금 들었습니다 . 그만큼 노가다 겜 이라는 점도 있습니다 . ( 더 더욱 제 미래 의 대해 서 생각 을 하게 됬습니다 .) 파밍 하고 섬 찾고 그런게 반",2020-12-15 00:07:01
648800,Raft,positive,"내 시간은 사라졌다,,, 한 번 들어갔는데 3시간이 없어졌다,,, 당신들 내 인생 책임져,,, 나 이 게임에 매우 진심이야","내 시간 은 사라졌다 ,,, 한 번 들어갔는데 3시간 이 없어졌다 ,,, 당신 들 내 인생 책임져 ,,, 나 이 게임 에 매우 진심 이야",2020-12-14 23:47:47
648800,Raft,positive,처음 뗏목 위에 서있을 땐 어이가 없었습니다. 떠내려오는 쓰레기만 주우면서 어떻게 생존을 하라는건지.. 하지만 배를 넓히고 물건을 하나씩 만들어 나가면서 너무너무 재밌어졌습니다. 상어가 너무 무서웠던 저는 일부러 바닷속으로 들어가 상어를 때려잡는 멋쟁이가 되었습니다. 친구랑 같이 하기 너무 좋은 게임! 강추!,처음 뗏목 위 에 서있을 땐 어이 가 없었습니다 . 떠내려오는 쓰레기 만 주우면서 어떻게 생존 을 하라 는 건지 .. 하지만 배 를 넓히고 물건 을 하나 씩 만들어 나가면서 너무 너무 재밌어졌습니다 . 상어 가 너무 무서웠던 저 는 일부러 바 닷 속 으로 들어가 상어 를 때려 잡는 멋쟁이 가 되었습니다 . 친구 랑 같이 하기 너무 좋은 게임 ! 강추 !,2020-12-14 22:17:25
648800,Raft,positive,asdf,asdf,2020-12-14 20:17:40
648800,Raft,positive,funny!,funny !,2020-12-14 17:16:48
648800,Raft,positive,혼자하면 힘들어 친구랑 같이해,혼자 하면 힘들어 친구 랑 같이해,2020-12-14 16:54:29
648800,Raft,positive,친구랑 하면 이만한 갓겜이 없음. 절대 혼자하지마셈. 친구랑 하셈. 친구랑 두번하셈. 친구랑 계속하셈.,친구 랑 하면 이만 한 갓 겜 이 없음 . 절대 혼자 하지마 셈 . 친구 랑 하 셈 . 친구 랑 두 번하셈 . 친구 랑 계속 하 셈 .,2020-12-14 16:14:18
648800,Raft,positive,재미남,재미 남,2020-12-14 13:05:27
648800,Raft,positive,생각보다 뭐가 많은 게임,생각 보다 뭐 가 많은 게임,2020-12-14 02:22:56
648800,Raft,positive,초반에는 흥미롭고 재미있는데 다시 했을 때 그 초반을 못 이겨서 접는 경우가 많은듯. 일단 다시 시작할 때의 무자본 파밍이 너무 졸립고 재미가 없다.... 가격대비 만족한 게임. 가성비 괜찮음.,초반 에는 흥미 롭고 재미있는데 다시 했을 때 그 초반 을 못 이겨서 접는 경우 가 많은듯 . 일단 다시 시작 할 때 의 무 자본 파밍 이 너무 졸립고 재미 가 없다 .... 가격 대비 만족한 게임 . 가성 비 괜찮음 .,2020-12-13 23:51:21
648800,Raft,positive,같이해주실분..,같이 해주실 분 ..,2020-12-13 23:40:10
648800,Raft,positive,저는 재미있는데 씨발 오주혁이 안켜요 ㅜㅜ,저 는 재미있는데 씨발 오 주 혁 이 안 켜요 ㅜㅜ,2020-12-13 20:32:41
648800,Raft,positive,친구랑 하셈 건축 좋아하면 하셈 모험 좋아하면 하셈,친구 랑 하 셈 건축 좋아하면 하 셈 모험 좋아하면 하 셈,2020-12-13 16:31:19
648800,Raft,positive,노동으로 시작해서 배 보수로 끝나는 게임,노동 으로 시작 해서 배 보수 로 끝나는 게임,2020-12-13 16:09:58
648800,Raft,positive,"[b]※이 리뷰는 리뷰어의 주관적인 관점에서 작성되었습니다. [/b] [i] 기억에 남는 한 마디 [/i] [h1] ""우리 모두를 태우기에는 배가 너무 좁아. 미안."" [/h1] ***************************************************************** [i] 간단 도표 요약 [/i] [table] [tr] [td][/td] [th][b]평 점[/b][/th] [th][b]한줄 평가[/b][/th] [/tr] [tr]","[ b ] ※ 이 리뷰 는 리뷰 어의 주관 적 인 관점 에서 작성 되었습니다 . [/ b ] [ i ] 기억 에 남는 한 마디 [/ i ] [ h 1 ] "" 우리 모두 를 태우기에는 배 가 너무 좁아 . 미안 ."" [/ h 1 ] ***************************************************************** [ i ] 간단 도표 요약 [/ i ] [ table ] [ tr ] [ td ][/ td ] [ th ][ b ] 평 점 [/ b ][/ th ] [ th ][ b ] 한 줄 평가 [/ b ][/ th ] [/ tr ] [ tr ]",2020-12-13 12:52:23
648800,Raft,positive,친구들이랑 해도 재미있고 혼자 하면 적당히 빡세서 더 재미있음,친구 들 이랑 해도 재미있고 혼자 하면 적당히 빡세 서 더 재미있음,2020-12-13 03:36:53
648800,Raft,positive,게임 정말재밌게했습니다 처음에 단순하게 무인도발견->파밍->또 섬찾으러다니기 인줄알았는데 스토리도 제대로 있는 게임이였네요 가격값은 충분히 하는 게임이에요 앞으로 더 업데이트되면 갓겜이될거같네요 ㅎㅎ,게임 정말 재밌게 했습니다 처음 에 단순하게 무인도 발견 -> 파밍 -> 또 섬 찾으러 다니기 인줄 알았는데 스토리 도 제대로 있는 게임 이 였네요 가격 값 은 충분히 하는 게임 이에요 앞 으로 더 업데이트 되면 갓 겜 이 될거 같네요 ㅎㅎ,2020-12-13 00:49:38
648800,Raft,positive,진짜 너무 재밌어요 시간 가는 줄도 모르겠고 하루종일 이 게임 생각만 나요,진짜 너무 재밌어요 시간 가는 줄 도 모르겠고 하루 종일 이 게임 생각 만 나요,2020-12-13 00:04:14
648800,Raft,positive,"나 홀로 표류기.. 친구들이랑 시작해서 혼자서기로 다시 한번 모든 스토리를 깨보았습니다. 혼자일때는 여러가지 불편한 것도, 손이 바쁜 것도 있는데, 모든 곳에서 이득 보려고 하지 않고 그냥 즐기듯 자원캐고, 전투도 해보고, 상어랑 갈매기 잡다보니 100시간이 넘었네요 재미있습니다. 다만 혼자라면 질릴 수도 있고, 죽으면 아이템 회수가 안 되니 상실감도 많이 크고 그러더라고요. 패널티야 감수하고 하는 것이지만..? 합이 맞는 친구들과 한다면 꽤 즐길 수 있는 게임","나 홀로 표류 기 .. 친구 들 이랑 시작 해서 혼자 서기 로 다시 한번 모든 스토리 를 깨 보았습니다 . 혼자 일 때 는 여러가지 불편한 것 도 , 손 이 바쁜 것 도 있는데 , 모든 곳 에서 이득 보려고 하지 않고 그냥 즐기듯 자원 캐고 , 전투 도 해보고 , 상어 랑 갈매기 잡다 보니 100시간 이 넘었네요 재미있습니다 . 다만 혼자 라면 질릴 수도 있고 , 죽으면 아이템 회수 가 안 되니 상실 감도 많이 크고 그러더라고요 . 패널 티야 감수 하고 하는 것 이지만 ..? 합 이 맞는 친구 들 과 한다면 꽤 즐길 수 있는 게임",2020-12-13 00:04:01
648800,Raft,positive,정말 재밌어요 ^0^,정말 재밌어요 ^ 0 ^,2020-12-12 20:54:48
648800,Raft,positive,"이게임은 여러명이서같이할수록 재밌습니다 저는 2~3명이서같이했지만 그래도 고급그릴,고급정수기 대충 등등을만들어서 하고있어서 너무재밌습니다 왠만하면 기다렸다가 세일할떄사세요 돈이약간 비싸다고생각하시는분들은 정말재밌어서 추천드립니다 그리고 전체적으로 게임이 마인크래프트같고 되게 단순합니다!","이 게임 은 여러 명 이서 같이 할수록 재밌습니다 저 는 2~3 명 이서 같이 했지만 그래도 고급 그릴 , 고급 정수기 대충 등등 을 만들어서 하고있어서 너무 재밌습니다 왠만하면 기다렸다가 세 일 할떄 사세요 돈 이 약간 비싸다고 생각 하시는 분 들 은 정말 재밌어서 추천 드립니다 그리고 전체 적 으로 게임 이 마인크래프트 같고 되게 단순합니다 !",2020-12-12 20:16:17
648800,Raft,positive,나는 재밌게 했는데 나만 재밌게해서 결국 나만 바다위에서 영원히 표류함,나 는 재밌게 했는데 나 만 재밌게 해서 결국 나 만 바다 위 에서 영원히 표류 함,2020-12-12 19:42:11
648800,Raft,positive,두덕리 온라인 바다 버전,두 덕리 온라인 바다 버전,2020-12-12 18:28:47
648800,Raft,positive,타워펠리스.,타워 펠 리스 .,2020-12-12 13:08:54
648800,Raft,positive,상어는 훌륭한 단백질 공급원입니다.,상어 는 훌륭한 단백질 공급원 입니다 .,2020-12-12 06:46:55
648800,Raft,positive,좋음,좋음,2020-12-12 04:32:53
648800,Raft,positive,친구랑 하기 좋은 게임,친구 랑 하기 좋은 게임,2020-12-12 01:25:38
648800,Raft,positive,배터리 충전기도 나왔으니 이제 전등 출시하면 좋겠네용,배터리 충전기 도 나왔으니 이제 전등 출시 하면 좋 겠네용,2020-12-12 00:40:01
648800,Raft,positive,스토리도 있고 재밌어용,스토리 도 있고 재밌어용,2020-12-11 22:02:37
648800,Raft,positive,good,good,2020-12-11 20:23:07
648800,Raft,positive,연구대 쓰는 법 모르고 친구랑 열심히 하다가 거의 3시간이 지나버렸지만 짜증 1/100 재미 99/100! 연구대 사용하고서 삶의 질이 달라졌다. 얼른 친구랑 하고 싶다 ヾ(≧▽≦*)o 이 겜이 지금 얼리엑세스?라는 소리를 듣고 놀랐지만 언젠가 업데이트 해주겠지. 친구랑 하려고 아직 스토리 시작도 안 했다.,연구 대 쓰는 법 모르고 친구 랑 열심히 하다가 거의 3시간 이 지나 버렸지만 짜증 1/100 재미 99/100 ! 연구 대 사용 하고서 삶 의 질 이 달라졌다 . 얼른 친구 랑 하고 싶다 ヾ ( ≧▽≦ *) o 이 겜 이 지금 얼리 엑세스 ? 라는 소리 를 듣고 놀랐지만 언젠가 업데이트 해주겠지 . 친구 랑 하려고 아직 스토리 시작 도 안 했다 .,2020-12-11 20:15:16
648800,Raft,positive,바다에 쓰레기를 많이 버려야겠다... 라는 생각을 하게 만드는 게임. 시작하고 노를 못만들어서 섬에서 빠져나가질 못해서 섬을 리셋했다. 왜 손이 있는데 땟목을 밀지를 못하니..ㅠㅠㅠ 여러분 갈고리 던질때 윗쪽을 바라보며 던지면 갈고리가 더 멀리 날아가요!!,바다 에 쓰레기 를 많이 버려야겠다 ... 라는 생각 을 하게 만드는 게임 . 시작 하고 노 를 못 만들어서 섬 에서 빠져나가질 못 해서 섬 을 리셋 했다 . 왜 손 이 있는데 땟목 을 밀지 를 못 하니 .. ㅠㅠㅠ 여러분 갈고리 던질 때 윗쪽 을 바라보며 던지면 갈고리 가 더 멀리 날아가요 !!,2020-12-11 19:54:06
648800,Raft,positive,"책 로빈슨 크루소를 재미있게 읽거나, 영화 라이프 오브 파이를 재미있게 본 경우 게임이 매우 재미있을 수 있음.","책 로빈슨 크루소 를 재미있게 읽거나 , 영화 라이프 오브 파이 를 재미있게 본 경우 게임 이 매우 재미있을 수 있음 .",2020-12-11 19:51:12
648800,Raft,positive,친구들이랑 이번 블프 세일 때 사서 해보고 있는데 생각보다 정말 괜찮습니다. 할 일도 많아서 바쁘고 테크 늘려가며 점점 발전해나가는 재미도 있네요. 아직 얼리 액세스이기 때문에 현재보다 더욱 발전해나갈 가능성이 아주 높은 게임입니다. 혼자서 플레이 하기보단 꼭 친구들이랑 하세요!!,친구 들 이랑 이번 블프 세 일 때 사서 해보고 있는데 생각 보다 정말 괜찮습니다 . 할 일도 많아서 바쁘고 테크 늘려가며 점점 발전 해 나가는 재미 도 있네요 . 아직 얼리 액세스 이기 때문 에 현재 보다 더욱 발전 해 나갈 가능성 이 아주 높은 게임 입니다 . 혼자 서 플레이 하기보단 꼭 친구 들 이랑 하세요 !!,2020-12-11 19:37:59
648800,Raft,positive,^^b,^^ b,2020-12-11 14:37:56
648800,Raft,positive,내가 생존게임을 즐기진 않는구나를 알려준 작품,내 가 생존 게임 을 즐기진 않는 구나 를 알려 준 작품,2020-12-11 13:02:37
648800,Raft,positive,친구랑 하이소,친구 랑 하이 소,2020-12-11 11:16:21
648800,Raft,positive,이 게임은 혼자하면 노잼입니다.,이 게임 은 혼자 하면 노잼 입니다 .,2020-12-11 06:36:05
648800,Raft,positive,배멀미 작렬,배 멀미 작렬,2020-12-11 00:06:46
648800,Raft,positive,재미져요~,재미 져요 ~,2020-12-10 23:59:14
648800,Raft,positive,d,d,2020-12-10 22:07:06
648800,Raft,positive,즐겁다,즐겁다,2020-12-10 21:19:36
648800,Raft,positive,흠 재밋ㄷ음 그냐ㅏㅇ,흠 재밋 ㄷ 음 그 냐 ㅏㅇ,2020-12-10 19:18:28
648800,Raft,positive,꿀잼꿀잼 근데 업데이트가 겁나 느림,꿀잼꿀잼 근데 업데이트 가 겁나 느림,2020-12-10 12:51:44
648800,Raft,positive,같이 할 사람이 없어서 혼자하는 게임 그래도 존~나 재밌는게임,같이 할 사람 이 없어서 혼자 하는 게임 그래도 존 ~ 나 재밌는 게임,2020-12-10 12:04:07
648800,Raft,positive,재미있는데 속이너무 울렁거리네요 ㅠㅠ,재미있는데 속이 너무 울렁거리네요 ㅠㅠ,2020-12-10 04:49:42
648800,Raft,positive,하는 것보다 같이 할 친구 구하는게 더 어려운 겜,하는 것 보다 같이 할 친구 구 하는게 더 어려운 겜,2020-12-10 03:55:17
648800,Raft,positive,친구랑 하니까 재밌음,친구 랑 하니까 재밌음,2020-12-09 21:32:40
648800,Raft,positive,친구들이랑 힐링하기에 미친 갓겜,친구 들 이랑 힐링 하기에 미친 갓 겜,2020-12-09 19:38:03
648800,Raft,positive,갓겜,갓 겜,2020-12-09 18:41:19
648800,Raft,positive,친구가 있으면 2배 재밌는 게임,친구 가 있으면 2 배 재밌는 게임,2020-12-09 17:54:46
648800,Raft,positive,"재밌음. 근데 항해하고, 배를 키우는 재미는 엄청난데 섬이나 도시가서 파밍하는 재미는 ㅈㄴ 없음. 특히 후반부로 갈수록 스토리는 그냥 없는 수준이고 도시는 ㅈㄴ 큰데 뭐 알맹이가 없음. 순전히 배 업글시키고 항해하는 재미만 따지면 100점 그 외는 30점","재밌음 . 근데 항해 하고 , 배 를 키우는 재미 는 엄청난데 섬 이나 도시 가서 파밍 하는 재미 는 ㅈㄴ 없음 . 특히 후반 부로 갈수록 스토리 는 그냥 없는 수준 이고 도시 는 ㅈㄴ 큰데 뭐 알맹이 가 없음 . 순전히 배 업글 시키고 항해 하는 재미 만 따지면 100 점 그 외는 30 점",2020-12-09 05:06:30
648800,Raft,positive,존잼 힐링겜,존잼 힐링 겜,2020-12-08 23:06:52
648800,Raft,positive,"상어새기 ㄱ,ㄱ혐","상어 새기 ㄱ , ㄱ 혐",2020-12-08 20:39:27
648800,Raft,positive,새로운섬 갈때마다 부랄떨려 미칠거같음 쥰내기대됨,새로운 섬 갈 때 마다 부랄 떨려 미칠거 같음 쥰 내기 대 됨,2020-12-08 17:40:56
648800,Raft,positive,와 인생의 최고 게임 4번째 추천한다 하면 천국 보내줄수있어 그니까 쳐 하자^^,와 인생 의 최고 게임 4 번째 추천 한다 하면 천국 보내줄수있어 그니까 쳐 하자 ^^,2020-12-08 17:04:49
648800,Raft,positive,I wish I could move the contents inside when I move the storage.,I wish I could move the contents inside when I move the storage .,2020-12-08 16:38:22
648800,Raft,positive,친구들과 하면 매우 재미있는 게임,친구 들 과 하면 매우 재미있는 게임,2020-12-08 14:20:21
648800,Raft,positive,아 그거 내꺼라고 아,아 그거 내꺼라고 아,2020-12-08 13:57:55
648800,Raft,positive,시간 가는줄 모르겠음;;,시간 가는줄 모르겠음 ;;,2020-12-08 04:26:59
648800,Raft,positive,가족들이랑 하는데 넘 재밌어서 시간 가는 줄 모르겠어요 어미곰 ㄱ새ㄲ야,가족 들 이랑 하는데 넘 재밌어서 시간 가는 줄 모르겠어요 어미 곰 ㄱ 새 ㄲ 야,2020-12-07 22:19:50
648800,Raft,positive,친구랑 하면 잼나요 혼자 하면 졸려요,친구 랑 하면 잼나요 혼자 하면 졸려요,2020-12-07 20:58:30
648800,Raft,positive,친구랑 플레이하세요,친구 랑 플레이 하세요,2020-12-07 18:07:39
648800,Raft,positive,갓겜 ! 친구랑하면 재밌어요 ㅎㅎ,갓 겜 ! 친구 랑 하면 재밌어요 ㅎㅎ,2020-12-07 16:02:36
648800,Raft,positive,"(초반에 상어, 갈매기 올때) 아 ㅈㄴ빡치네, 뗏목이랑 작물좀 그만 쳐 묵어라. (후반에 상어, 갈매기 올때) 식량왔노 ㅋㅋ","( 초반 에 상어 , 갈매기 올 때 ) 아 ㅈㄴ 빡치네 , 뗏목 이랑 작물 좀 그만 쳐 묵어라 . ( 후반 에 상어 , 갈매기 올 때 ) 식량 왔노 ㅋㅋ",2020-12-07 15:57:34
648800,Raft,positive,godgame,godgame,2020-12-07 15:53:54
648800,Raft,positive,굿,굿,2020-12-07 15:15:05
648800,Raft,positive,"컨텐츠가 진짜 별로 없는데 (길치 + 게임못함으로 한참 돌고돌아서 40시간만에 클리어), 도전과제가 욕심이 나서 꾸역꾸역 하고 있다. 남자친구랑 같이 하니 너무 재밌다.. 스토리섬이 생각보다 매우 넓고 막판엔 컨트롤 요소가 많아서 혼자 플레이한다면 좀 빡칠수도 있음. 그리고 발보아 섬 지도있다..... 우리 그거 몰라서 5시간동안 섬에서 돌고돌았는데 지도봐라....","컨텐츠 가 진짜 별로 없는데 ( 길치 + 게임 못 함으로 한참 돌고 돌아서 40시간 만에 클리어 ), 도전 과제 가 욕심 이 나서 꾸역꾸역 하고 있다 . 남자친구 랑 같이 하니 너무 재밌다 .. 스토리 섬 이 생각 보다 매우 넓고 막판 엔 컨트롤 요소 가 많아서 혼자 플레이 한다면 좀 빡칠수도 있음 . 그리고 발보아 섬 지도 있다 ..... 우리 그거 몰라서 5시간 동안 섬 에서 돌고 돌았는데 지도 봐라 ....",2020-12-07 12:02:25
648800,Raft,positive,반복되는 플레이가 지루함 친구랑 같이 플레이 하는게 아니면 안할듯 세일할때 친구랑 같이 사서 플레이하기 좋음,반복 되는 플레이 가 지루함 친구 랑 같이 플레이 하는게 아니면 안 할듯 세 일 할 때 친구 랑 같이 사서 플레이 하기 좋음,2020-12-07 11:14:21
648800,Raft,positive,딴짓 최소한으로 하고 스토리만 쭉죽밀었는데 플탐 12시간 찍히네요 뭐 찾고 섬이큰거 때매 시간끈거 빼면 플탐 9시간에서 10시간 정도 되겠네요 재미있었다요 (폭발성가루 십새끼야),딴 짓 최소한 으로 하고 스토리 만 쭉죽 밀었는데 플 탐 12시간 찍히네요 뭐 찾고 섬 이 큰거 때매 시간 끈거 빼면 플 탐 9시간 에서 10시간 정도 되겠네요 재미있었다요 ( 폭발 성 가루 십 새끼 야 ),2020-12-07 10:44:10
648800,Raft,positive,멀티때 일 안하고 드러눕는 재미가 있습니다.,멀티 때 일 안 하고 드러눕는 재미 가 있습니다 .,2020-12-07 01:27:38
648800,Raft,positive,혼자 보다 듀오 부터 하는게 낫을듯 하다.. 혼자 하면 힘들다..,혼자 보다 듀오 부터 하는게 낫을듯 하다 .. 혼자 하면 힘들다 ..,2020-12-06 23:21:42
648800,Raft,positive,업데이트만 자주해주면 진짜 갓겜일듯 주제가 너무 좋은데 그에 비해 컨텐츠가 적고 현타가 자주오는게 단점이다 친구랑 같이 켠왕하려한다면 정말 추천하는 게임이다,업데이트 만 자주 해주면 진짜 갓 겜 일듯 주제가 너무 좋은데 그 에 비해 컨텐츠 가 적고 현 타가 자주오는게 단점 이다 친구 랑 같이 켠왕 하려 한다면 정말 추천 하는 게임 이다,2020-12-06 22:22:03
648800,Raft,positive,힐링 제대로 되는 게임..,힐링 제대로 되는 게임 ..,2020-12-06 22:05:43
648800,Raft,positive,상어가 왜 초식을 처하냐고;; 덕분에 내 멘탈도 갈려버리고,상어 가 왜 초식 을 처 하냐고 ;; 덕분 에 내 멘탈 도 갈려 버리고,2020-12-06 21:55:43
648800,Raft,positive,심해공포증 있어서 바다에 빠질때 마다 공포스러움 오조억배긴 한데 재밌음 친구랑 같이 하면 좋을듯,심해 공포증 있어서 바다 에 빠질 때 마다 공포 스러 움 오조억배 긴 한데 재밌음 친구 랑 같이 하면 좋을듯,2020-12-06 20:52:37
648800,Raft,positive,빨리 다음 퀘스트 내주세요 현기증난단말이에요,빨리 다음 퀘스트 내주세요 현기증 난 단말 이에요,2020-12-06 20:30:45
648800,Raft,positive,혼자하면 개노잼 겜,혼자 하면 개 노잼 겜,2020-12-06 16:21:44
648800,Raft,positive,원양어선 조선소 숙식노가다,원 양 어선 조선소 숙식 노가다,2020-12-06 14:10:54
648800,Raft,positive,소소한 재미가 있음 그러나 오래하면 분명 질릴만한 단순한 패턴의 게임 정식발매가 아직 아니라고 알고 있는데 정식발매가 되서 다양한 컨텐츠가 있었으면 좋겠음,소소한 재미 가 있음 그러나 오래 하면 분명 질릴만 한 단순한 패턴 의 게임 정식 발매 가 아직 아니라고 알 고 있는데 정식 발매 가 되서 다양한 컨텐츠 가 있었으면 좋겠음,2020-12-06 13:18:33
648800,Raft,positive,재밌다,재밌다,2020-12-06 12:36:05
648800,Raft,positive,dadada,dadada,2020-12-06 11:44:15
648800,Raft,positive,재밌네용 ㅎㅎ,재밌네용 ㅎㅎ,2020-12-06 03:11:28
648800,Raft,positive,감자농장 최고,감자 농장 최고,2020-12-06 02:17:16
648800,Raft,positive,초반에 얼리엑세스라했을때 컨텐츠 별로없다고해서 안사다가 이번 가을할인때 추가 스토리업데이트 됐다고해서 구매함 굉장히 재밋고 몰입감있음 추가 업데이트가 기대되는 게임 게임플레이하다가 느낀 단점은 핑때문인지 상어의 공격 타이밍이 본인이 서버장일 때와 멀티로 다른 친구의 서버에 들어갔을 때 차이가 있는데 꽤 짜증남 정박해있을 때 가축이 울타리에 끼는 상황이 나오는데 이때 가끔 울타리안에서 사라짐,초반 에 얼리 엑세스 라 했을 때 컨텐츠 별로 없다 고해 서 안 사다가 이번 가을 할인 때 추가 스토리 업데이트 됐다고 해서 구매 함 굉장히 재밋 고 몰입 감있음 추가 업데이트 가 기대 되는 게임 게임 플레이 하 다가 느낀 단점 은 핑때문 인지 상어 의 공격 타이밍 이 본인 이 서버 장일 때 와 멀티 로 다른 친구 의 서버 에 들어갔을 때 차이 가 있는데 꽤 짜증남 정박 해있을 때 가축 이 울타리 에 끼는 상황 이 나오는데 이 때 가끔 울 타 리안 에서 사라짐,2020-12-06 02:00:13
648800,Raft,positive,제철 상어가 맛이 그리좋아,제철 상어 가 맛 이 그리 좋아,2020-12-06 01:40:32
648800,Raft,positive,꾸준한 업데이트,꾸준한 업데이트,2020-12-05 22:59:37
648800,Raft,positive,친구들이랑 같이 하면 재밌음,친구 들 이랑 같이 하면 재밌음,2020-12-05 21:17:08
648800,Raft,positive,아주 재미있군요,아주 재미있군요,2020-12-05 18:44:16
648800,Raft,positive,갓겜,갓 겜,2020-12-05 16:36:39
648800,Raft,positive,갓겜,갓 겜,2020-12-05 15:25:19
648800,Raft,positive,게임 너무 재밌고!,게임 너무 재밌고 !,2020-12-05 14:52:10
648800,Raft,positive,ㅈㄴ 재미없음,ㅈㄴ 재미없음,2020-12-05 14:07:05
648800,Raft,positive,친구들한테 3만원 주고 사줬는데 친구들이 병신들이여서 하지도 않음 친구가 병신이 아니면 사서 하세요,친구 들 한테 3만원 주고 사줬는데 친구 들 이 병신 들이여서 하지도 않음 친구 가 병신 이 아니면 사서 하세요,2020-12-05 12:54:21
648800,Raft,positive,상어 쥰내 불쌍..,상어 쥰내 불쌍 ..,2020-12-05 11:25:57
648800,Raft,positive,꿀잼,꿀잼,2020-12-05 08:24:06
648800,Raft,positive,친구와 하면 서로 어떤성격인지 알게되는게임,친구 와 하면 서로 어떤 성격 인지 알 게 되는 게임,2020-12-05 02:34:02
648800,Raft,positive,존내 재밌네ㅋㅋ,존내 재밌네 ㅋㅋ,2020-12-05 00:48:05
648800,Raft,positive,물 마시고 바닷물 채우라고,물 마시고 바닷물 채우라고,2020-12-04 22:02:53
648800,Raft,positive,이거 밭 80개에 감자만 깔아놓으면 진짜 너무 재밌음,이 거 밭 80 개 에 감자 만 깔아놓으면 진짜 너무 재밌음,2020-12-04 21:57:09
648800,Raft,positive,이잉 노가다,이잉 노가다,2020-12-04 20:28:45
648800,Raft,positive,누군가는 판자를쓰고 누군가는 판자를 모은다. 그것이 래프트이니까..,누군가 는 판자 를 쓰고 누군가 는 판자 를 모은다 . 그것 이 래프트 이니까 ..,2020-12-04 19:48:30
648800,Raft,positive,gkfaksgodu,gkfaksgodu,2020-12-04 18:10:40
648800,Raft,positive,"같이 할 친구,지인이 있다면 추천함 앗 너희는 못하겠구나,,","같이 할 친구 , 지인 이 있다면 추천 함 앗 너희 는 못 하겠구나 ,,",2020-12-04 17:29:09
648800,Raft,positive,재밌다. 재밌다. 그리고 재밌다. 마지막으로 재밌다,재밌다 . 재밌다 . 그리고 재밌다 . 마지막 으로 재밌다,2020-12-04 16:36:32
648800,Raft,positive,친구랑 하니까 재밌네요,친구 랑 하니까 재밌네요,2020-12-04 15:25:31
648800,Raft,positive,3명 이상이서 하면 꾸꾸꿀잼,3 명 이상 이서 하면 꾸꾸 꿀잼,2020-12-04 14:34:06
648800,Raft,positive,"여러분께서 함께 할 친구가 있다면 더 할 나위 없이 즐거울 게임입니다. 땟목을 확장시키고, 돛을 올리고, 상어친구와 투닥거리는 거리면서 오는 여유와 힐링 뿐만 아니라 방심하면 죽을 수도 있겠다는 긴장감이 이 게임을 정말로 특별하게 만들어줍니다. 타인과 경쟁도 즐겁지만, 친구와 함께 하는 항해가 때로는 더 짜릿할 수 있으니까요.","여러분 께서 함께 할 친구 가 있다면 더 할 나위 없이 즐거울 게임 입니다 . 땟목 을 확장 시키고 , 돛 을 올리고 , 상어 친구 와 투닥거리 는 거리 면서 오는 여유 와 힐링 뿐 만 아니라 방심하면 죽 을 수도 있겠다는 긴장감 이 이 게임 을 정말로 특별하게 만 들어줍니다 . 타인 과 경쟁 도 즐겁지만 , 친구 와 함께 하는 항해 가 때로는 더 짜릿할 수 있으니까 요 .",2020-12-04 13:45:48
648800,Raft,positive,재밌음 그냥 재밌음,재밌음 그냥 재밌음,2020-12-04 09:36:36
648800,Raft,positive,샌드박스 장르에 모험을 섞은 게임 결과는 굉장했다.,샌드박스 장르 에 모험 을 섞은 게임 결과 는 굉장했다 .,2020-12-04 03:07:18
648800,Raft,positive,플레이타임-상타 스토리-모르겠타 건축-재밌타 상어-ㅈ가타 곰-쮸쀼쮸쀼 쥐-개가타,플레이 타임 - 상타 스토리 - 모르겠 타 건축 - 재밌 타 상어 - ㅈ 가타 곰 - 쮸쀼쮸쀼 쥐 - 개 가타,2020-12-03 23:26:18
648800,Raft,positive,바다를 항해하면서 부속품을 모으고 배를 넓히고 모험을 하면서 상어롸 싸우고 진짜 마음에 평화가 오는듯하다,바다 를 항해 하면서 부속품 을 모으고 배 를 넓히고 모험 을 하면서 상어 롸 싸우고 진짜 마음 에 평화 가 오는 듯 하 다,2020-12-03 23:20:38
648800,Raft,positive,갓겜,갓 겜,2020-12-03 22:19:02
648800,Raft,positive,재미있어요,재미있어요,2020-12-03 21:54:52
648800,Raft,positive,신규 챕터 나오는 속도 왤케 느림 ㅠ 새 지역 나올 때마다 진짜 재미있게 하는데 하고 나면 할 게 없어서 끄고 다음 업뎃까지 기다리고...,신규 챕 터 나오는 속도 왤케 느림 ㅠ 새 지역 나올 때 마다 진짜 재미있게 하는데 하고 나면 할 게 없어서 끄고 다음 업뎃 까지 기다리고 ...,2020-12-03 19:42:17
648800,Raft,positive,상어가 동해번쩍 서해번쩍이야 어딜가나 다 있어,상어 가 동해 번쩍 서해 번쩍 이야 어딜 가나 다 있어,2020-12-03 18:38:18
648800,Raft,positive,끄아아악 판자! 판자가 부족하다!,끄아 아악 판자 ! 판자 가 부족하다 !,2020-12-03 17:59:59
648800,Raft,positive,친구들이랑 하면 재미있어요,친구 들 이랑 하면 재미있어요,2020-12-03 15:39:25
648800,Raft,positive,난이도도 쉬우면서 친구들이랑 하기 재밌다고 생각해요 컨텐츠가 많은건 아닌데 그거만 다해도 많이 즐길 수 있다고 생각해요 짱짱겜,난이도 도 쉬우면서 친구 들 이랑 하기 재밌다고 생각 해요 컨텐츠 가 많은건 아닌데 그거 만 다해 도 많이 즐길 수 있다고 생각 해요 짱짱 겜,2020-12-03 14:38:41
648800,Raft,positive,ㅇ0ㅇ,ㅇ 0 ㅇ,2020-12-03 13:39:56
648800,Raft,positive,래프트 생각보다 꿀잼임 바다위에서 마크하는 느낌,래프트 생각 보다 꿀잼임 바다 위 에서 마크 하는 느낌,2020-12-03 12:17:31
648800,Raft,positive,2,2,2020-12-03 10:25:35
648800,Raft,positive,혼자하면 노잼 친구들 3명 이상이랑 같이 하면 꿀잼 존잼,혼자 하면 노잼 친구 들 3 명 이상 이랑 같이 하면 꿀잼 존잼,2020-12-03 05:19:00
648800,Raft,positive,cex,cex,2020-12-03 02:46:02
648800,Raft,positive,"앵간하고 친구들이랑 시간약속 잡아서 하고 싶은 게임. 애초에 생존으로도 재밌지만 그냥 스토리를 넘어서 고인물이 되면 친구들끼리 한 면적에서 나무, 플라스틱, 망치, 각종 무기들 똑같이 배분하고 PVP하는 재미도 있어서 적극추천함. 많으면 많을수록 재밌는 게임.","앵 간 하고 친구 들 이랑 시간 약속 잡아서 하고 싶은 게임 . 애초 에 생존 으로도 재밌지만 그냥 스토리 를 넘어서 고 인물 이 되면 친구 들 끼리 한 면적 에서 나무 , 플라스틱 , 망치 , 각종 무기 들 똑같이 배분 하고 PVP 하는 재미 도 있어서 적극 추천 함 . 많으면 많을수록 재밌는 게임 .",2020-12-03 02:42:30
648800,Raft,positive,버그 때문인지 뭔지 데이터 7시간 넘게 작업한거 날아간거 말고는 재밌음.,버그 때문 인지 뭔 지 데이터 7시간 넘게 작업 한 거 날아간거 말고는 재밌음 .,2020-12-03 01:44:43
648800,Raft,positive,좋아,좋아,2020-12-03 01:33:10
648800,Raft,positive,칭구들이랑 하기 진짜 좋은 게임이에요 개인적으로 스토리도 스토리지만 건축하면서 노가리 까는게 참 재미있던 기억이 나네융ㅎㅎ 4인용 합방 게임으로도 강추드립니다,칭구들 이랑 하기 진짜 좋은 게임 이에요 개인 적 으로 스토리 도 스토리 지만 건축 하면서 노가리 까는게 참 재미있던 기억 이 나네 융 ㅎㅎ 4 인용 합방 게임 으로도 강추 드립니다,2020-12-02 22:03:13
648800,Raft,positive,갈고리 하나로 바다를 지배하는 게임,갈고리 하나로 바다 를 지배 하는 게임,2020-12-02 21:00:50
648800,Raft,positive,스토리 더 가져와.. 아니.. 더 가져와가 아니지.. 다 가져와! 없으면 만들어와!,스토리 더 가져와 .. 아니 .. 더 가져와가 아니지 .. 다 가져와 ! 없으면 만들어와 !,2020-12-02 16:29:42
648800,Raft,positive,유리멘탈사람들 이거하면 힐링게임,유리 멘탈 사람 들 이 거 하 면 힐링 게임,2020-12-02 15:51:23
648800,Raft,positive,내가 루피가 되서 원피스 여행을 할수있음,내 가 루피 가 되서 원피스 여행 을 할수있음,2020-12-02 13:17:45
648800,Raft,positive,같이하는 사람이 있어야 재밌을거같습니다,같이 하는 사람 이 있어야 재밌을거 같습니다,2020-12-02 11:49:55
648800,Raft,positive,정말 재미있는 게임 5명 이상 모이면 돈이 아깝지가 않음,정말 재미있는 게임 5 명 이상 모이 면 돈 이 아깝지가 않음,2020-12-02 08:55:55
648800,Raft,positive,ㅈㄴ 재밌음,ㅈㄴ 재밌음,2020-12-02 04:44:13
648800,Raft,positive,하다보니 애들이 상어 잡이를 취미로 하고 있어요 이런 게임 맞나요?,하다 보니 애 들 이 상어 잡 이를 취미 로 하고 있어요 이런 게임 맞나요 ?,2020-12-02 04:16:22
648800,Raft,positive,Good,Good,2020-12-02 03:13:30
648800,Raft,positive,.,.,2020-12-02 01:01:21
648800,Raft,positive,굳굳굳,굳 굳 굳,2020-12-02 00:09:42
648800,Raft,positive,새가 자꾸 돌을 떨궈서 아파요,새 가 자꾸 돌 을 떨궈서 아파요,2020-12-01 23:51:28
648800,Raft,positive,난이도 낮은 생존 게임. 그냥 저냥 할만함.,난이도 낮은 생존 게임 . 그냥 저 냥 할만 함 .,2020-12-01 23:02:22
648800,Raft,positive,성현이 갈구는게 재밌네요,성현 이 갈구는게 재밌네요,2020-12-01 20:27:39
648800,Raft,positive,gg,gg,2020-12-01 19:35:13
648800,Raft,positive,혼자 해도 나쁘진 않지만 친구랑 하면 두배로 재미있습니다~!,혼자 해도 나쁘진 않지만 친구 랑 하면 두 배 로 재미있습니다 ~!,2020-12-01 19:16:24
648800,Raft,positive,친구들이랑하면 재밌는게임,친구 들 이랑 하면 재밌는 게임,2020-12-01 18:39:14
648800,Raft,positive,good,good,2020-12-01 17:53:43
648800,Raft,positive,친구들이랑 하기 좋고 재밌어요,친구 들 이랑 하기 좋고 재밌어요,2020-12-01 16:45:02
648800,Raft,positive,상어로 배채우다가 친구모아서 일시키고 어미곰 나무에 끼게해서 잡고 마지막에는 피아니스트 되는 게임,상어 로 배 채우다가 친구 모아서 일 시 키 고 어미 곰 나무 에 끼 게 해서 잡고 마지막 에는 피아니스트 되는 게임,2020-12-01 15:10:58
648800,Raft,positive,정말 재밌어요,정말 재밌어요,2020-12-01 14:58:21
648800,Raft,positive,rne,rne,2020-12-01 13:52:20
648800,Raft,positive,그만 좀 물어뜯어 상어새끼야,그만 좀 물어 뜯어 상어 새끼 야,2020-12-01 13:12:52
648800,Raft,positive,.,.,2020-12-01 12:43:37
648800,Raft,positive,너무 재밌네요! 근데 한번씩 복어가 오다가 사라지는 버그가있어요 언제는 복어가 안나오는경우도있고 퀄리티로는 제가하는게임중에는 최고인것같아요 앞으로 더 좋은 발전부탁드립니다,너무 재밌네요 ! 근데 한번 씩 복어 가 오 다가 사라지는 버그 가 있어요 언제 는 복어 가 안나 오는 경우 도 있고 퀄리티 로는 제 가하는 게임 중 에는 최고 인 것 같아요 앞 으로 더 좋은 발전 부탁드립니다,2020-12-01 11:48:50
648800,Raft,positive,유헌형은 바보다. 왜냐하면 바보기 때문이다. 유헌형네 강아지는 귀엽다. 흰색깔이 정말 깨물어주고싶다. 하지만 배고프다. 뒤에 점을 붙이는 이유를 알려주겠다. 그건바로.,유헌 형 은 바보 다 . 왜냐하면 바 보기 때문 이다 . 유헌 형 네 강아지 는 귀엽다 . 흰 색깔 이 정말 깨물어주고싶다 . 하지만 배고프다 . 뒤 에 점 을 붙이는 이유 를 알려주겠다 . 그건 바로 .,2020-12-01 09:53:06
648800,Raft,positive,갈매기 담당 일진,갈매기 담당 일진,2020-12-01 04:15:23
648800,Raft,positive,"당신이 무심코 바다에 버린 쓰레기, 누군가를 살릴 수 있습니다.","당신 이 무심코 바다 에 버린 쓰레기 , 누군가 를 살릴 수 있습니다 .",2020-12-01 02:53:22
648800,Raft,positive,다좋은데업데이트좀해라제발,다 좋은데 업데이트 좀해 라 제발,2020-12-01 02:40:05
648800,Raft,positive,바다에서 판자 4개 타고 떠다니면서 주은 쓰레기로 모터 달린 수상 아파트를 만드는 게임,바다 에서 판자 4 개 타고 떠다니면서 주은 쓰레기 로 모터 달린 수상 아파트 를 만드는 게임,2020-12-01 01:27:17
648800,Raft,positive,재밌습니다,재밌습니다,2020-12-01 00:11:27
648800,Raft,positive,업데이트좀 많이 해주세요 게임은 너무 재밌는데 콘텐츠가 너무 부족해요,업데이트 좀 많이 해주세요 게임 은 너무 재밌는데 콘텐츠 가 너무 부족해요,2020-12-01 00:03:50
648800,Raft,positive,ㅋ,ㅋ,2020-12-01 00:00:31
648800,Raft,positive,재미있당 친구들 이랑 하면 개꿀잼임 꼭해보셈,재미있당 친구 들 이랑 하면 개꿀잼임 꼭 해보셈,2020-11-30 23:36:12
648800,Raft,positive,.,.,2020-11-30 23:23:50
648800,Raft,positive,잼썽,잼썽,2020-11-30 22:50:41
648800,Raft,positive,솔직히 할것 없어도 돌아다니면서 자원모으는게 개꿀잼임,솔직히 할것 없어도 돌아다니면서 자원 모으는게 개꿀잼임,2020-11-30 22:34:50
648800,Raft,positive,꿀잼,꿀잼,2020-11-30 22:02:33
648800,Raft,positive,아기 상어 뚜루룻뚜루~ 물어띁는 뚜루룻뚜루~,아기 상어 뚜루룻뚜루 ~ 물어 띁는 뚜루룻뚜루 ~,2020-11-30 21:45:24
648800,Raft,positive,굿,굿,2020-11-30 21:40:32
648800,Raft,positive,14시간동안 친구들과 함께하기 좋은 게임입니다.,14시간 동안 친구 들 과 함께 하기 좋은 게임 입니다 .,2020-11-30 21:27:25
648800,Raft,positive,.,.,2020-11-30 19:00:22
648800,Raft,positive,친구들이랑 같이하면 재밌습니다. 아무것도 모르는 상태로 어려움 난이도로 플레이하면 힘들 수는 있습니다.,친구 들 이랑 같이 하면 재밌습니다 . 아무 것 도 모르는 상태 로 어려움 난이도 로 플레이 하면 힘들 수 는 있습니다 .,2020-11-30 18:22:29
648800,Raft,positive,굿,굿,2020-11-30 17:55:47
648800,Raft,positive,처음에는 2시간 컷이었는데 컨텐츠 많아짐,처음 에는 2시간 컷 이었는데 컨텐츠 많아짐,2020-11-30 17:43:33
648800,Raft,positive,친구가 있으면 할만함. 혼자 게임할거면 사지마라 지루하다.,친구 가 있으면 할만 함 . 혼자 게임 할거면 사지마라 지루하다 .,2020-11-30 17:34:36
648800,Raft,positive,대유잼,대유 잼,2020-11-30 16:56:24
648800,Raft,positive,재밌음 시간 후딱감,재밌음 시간 후딱 감,2020-11-30 16:53:02
648800,Raft,positive,꿀잼,꿀잼,2020-11-30 16:47:35
648800,Raft,positive,/,/,2020-11-30 16:06:29
648800,Raft,positive,친구랑 하면 재밌음 친구없는 찐따는 사지 마셈,친구 랑 하면 재밌음 친구 없는 찐 따는 사지 마셈,2020-11-30 14:09:43
648800,Raft,positive,친구련이 통 존나 맛있게 뺏어 가는거 말고는 다 좋아요,친구련 이 통 존나 맛있게 뺏어 가는거 말고는 다 좋아요,2020-11-30 13:48:22
648800,Raft,positive,이 게임을 통해 쉐프의 꿈을 잠시나마 이뤘습니다.,이 게임 을 통해 쉐프 의 꿈 을 잠시 나마 이뤘습니다 .,2020-11-30 12:59:17
648800,Raft,positive,그냥 땟목에서만 살아남으면 되는줄 알았는데 제작진 방향으로 절을 하게 되었습니다,그냥 땟목 에서만 살아남으면 되는줄 알았는데 제작 진 방향 으로 절 을 하게 되었습니다,2020-11-30 12:34:44
648800,Raft,positive,짧게 엔딩도 다 봤는데 뭔가 아쉽다.,짧게 엔딩 도 다 봤는데 뭔가 아쉽다 .,2020-11-30 12:23:26
648800,Raft,positive,킹갓겜. 업데이트 계속 해주는게 고마워서 2020년 어버이의 은혜 어워드에 추천하고 평가 쓰러 왔는데.. 아직 얼리였네요..? 실례했습니다.. 그래도 갓겜인건 변함없습니다.,킹 갓 겜 . 업데이트 계속 해주는게 고마워서 2020년 어버이 의 은혜 어워드 에 추천 하고 평가 쓰러 왔는데 .. 아직 얼리였네요 ..? 실례 했습니다 .. 그래도 갓 겜 인 건 변함 없습니다 .,2020-11-30 12:14:36
648800,Raft,positive,생존 게임 좋아하시면 꼭 해보시는걸 추천해요,생존 게임 좋아하시면 꼭 해보시는걸 추천 해요,2020-11-30 11:27:41
648800,Raft,positive,재밌다,재밌다,2020-11-30 09:02:22
648800,Raft,positive,친구가있어서 재미있는게임,친구 가 있어서 재미있는 게임,2020-11-30 08:55:56
648800,Raft,positive,개꿀잼 내가 이런류의 게임에 흥미를 느끼다니 강추합네다 친구들이랑하면 재미x500000배,개꿀잼 내 가 이런 류 의 게임 에 흥미 를 느끼다니 강 추합 네 다 친구 들 이랑 하면 재미 x 500000 배,2020-11-30 08:11:08
648800,Raft,positive,친구들과 같이하면 재밌는겜,친구 들 과 같이 하면 재밌는 겜,2020-11-30 07:04:54
648800,Raft,positive,내가 생각했던 것 보다 뭔가 힐링이 된다. 게임을 하기 전에는 상어로 인해서 급박한 상황이 연출 되는 서바이벌 게임을 할 것같았고. 게임을 하고 나니까 상어는 큰 문제가 되지 않음. 그냥 귀찮은 존재일 뿐. 나중되니까 그냥 힐링겜이 됨.,내 가 생각 했던 것 보다 뭔가 힐링 이 된다 . 게임 을 하기 전 에는 상어 로 인해서 급박한 상황 이 연출 되는 서바이벌 게임 을 할 것 같았고 . 게임 을 하고 나 니까 상어 는 큰 문제 가 되지 않음 . 그냥 귀찮은 존재 일 뿐 . 나중 되니까 그냥 힐링 겜 이 됨 .,2020-11-30 04:14:48
648800,Raft,positive,판자 상어 섬 말이 더 필요한가?,판자 상어 섬 말 이 더 필요한가 ?,2020-11-30 04:05:21
648800,Raft,positive,사람이 많으면 해적처럼 게임해도 존나 재미있다,사람 이 많으면 해적 처럼 게임 해도 존나 재미있다,2020-11-30 03:00:24
648800,Raft,positive,"친구들이랑 시간 ""많을 때"" 하시길 강력추천드리고 정말 재미있게 하고있고 또 앞으로 잼나게 할 것 같습니다!","친구 들 이랑 시간 "" 많을 때 "" 하시길 강력 추천 드리고 정말 재미있게 하고있고 또 앞 으로 잼나게 할 것 같습니다 !",2020-11-30 02:39:23
648800,Raft,positive,꿀잼,꿀잼,2020-11-30 02:26:53
648800,Raft,positive,"의미 있고 납득 되는 노가다 반복되는 일은 있지만 그 과정이 재밌고 점점 기술이 발전할수록 노동의 종류가 달라집니다(갈고리질, 낚시 -> 양봉, 농사) 장기적이고 파헤치는 재미가 있게 설계된 탐험과 발전 수신기를 짓고 라디오 타워를 발견하고, 그 이후 주파수를 맞춰 다음 지역을 탐험하러 가는 과정이 정말 즐거워요. 새 스토리 지역을 방문하게 되면 랜덤 인카운터로 만나는 비스토리 지역의 종류가 늘어나는데 그 지역들 하나하나 탐험하는 재미도 있고 새로움을 많이 줍니다. 꽤 친절하게 안내해주는 인게임 튜토리얼 저는 맨날 나무위키를 보","의미 있고 납득 되는 노가다 반복 되는 일 은 있지만 그 과정 이 재밌고 점점 기술 이 발전 할수록 노동 의 종류 가 달라집니다 ( 갈고리 질 , 낚시 -> 양봉 , 농사 ) 장기 적 이고 파헤치는 재미 가 있게 설계 된 탐험 과 발전 수신기 를 짓고 라디오 타워 를 발견 하고 , 그 이후 주파수 를 맞춰 다음 지역 을 탐험 하러 가는 과정 이 정말 즐거워요 . 새 스토리 지역 을 방문 하게 되면 랜덤 인 카운터 로 만나는 비 스토리 지역 의 종류 가 늘어나는데 그 지역 들 하나 하나 탐험 하는 재미 도 있고 새 로움 을 많이 줍니다 . 꽤 친절하게 안내 해주는 인 게임 튜토리얼 저 는 맨날 나무 위키 를 보",2020-11-30 02:05:19
648800,Raft,positive,판자로 만들면 상어가 다 뿌시고 가는 갓 겜,판자 로 만들면 상어 가 다 뿌시 고 가는 갓 겜,2020-11-30 01:46:59
648800,Raft,positive,good. funny survive on the sea,good . funny survive on the sea,2020-11-30 01:44:15
648800,Raft,positive,어떻게 게임을 하는데 배멀미가 나냐,어떻게 게임 을 하는데 배 멀미 가 나냐,2020-11-30 01:39:50
648800,Raft,positive,상어가 우리집 너무 맛깔나게 먹네요,상어 가 우리 집 너무 맛깔나게 먹네요,2020-11-30 01:21:57
648800,Raft,positive,같이하기 나쁘지않음,같이 하기 나쁘지 않음,2020-11-30 01:17:40
648800,Raft,positive,성 성을 만들거야 바다 위의 성 다 비켜,성 성 을 만들거야 바다 위 의 성 다 비켜,2020-11-30 01:13:56
648800,Raft,positive,친구랑 하면 재밌습니다. 아 물론 혼자서 안해봐서 잘 모르겠네요,친구 랑 하면 재밌습니다 . 아 물론 혼자 서 안 해봐서 잘 모르겠네요,2020-11-30 01:10:14
648800,Raft,positive,믿을만한게 상어밖에 없음 ㅇㅇ......... 친구들 믿을께 안됨,믿을만한 게 상어 밖에 없음 ㅇㅇ ......... 친구 들 믿을께 안됨,2020-11-30 00:58:48
648800,Raft,positive,평가를 처음써보는데 진짜 존나재밌음 ㅇㅇ 친구들이랑 해야 재밌으니까 꼭 친구들이랑 해,평가 를 처음 써 보는데 진짜 존나 재밌음 ㅇㅇ 친구 들 이랑 해야 재밌으니까 꼭 친구 들 이랑 해,2020-11-29 23:27:27
648800,Raft,positive,재미있어요! 스토리도 방대하고 컨텐츠도 다양합니다,재미있어요 ! 스토리 도 방대하고 컨텐츠 도 다양합니다,2020-11-29 22:47:21
648800,Raft,positive,생존게임 좋아해서 간간히 하려고 산거였는데 시작만하면 새벽 4시 기본인데 빠져나올 수 없는 게임;; 게임을 이렇게 만들면 어떻게 합니까 강추,생존 게임 좋아해서 간간히 하려고 산거였는데 시 작 만하 면 새벽 4시 기본 인데 빠져나올 수 없는 게임 ;; 게임 을 이렇게 만들면 어떻게 합 니까 강추,2020-11-29 22:13:08
648800,Raft,positive,"상어가 개빡침. 뉴비였지만 이틀만에 스토리 진행 시작해서 세번째섬 가고있음. 작은 섬, 스토리 섬 이외에 큰 섬 들러보곤 있는데 돌새도 개빡침. 걍 다 뒤졌으면 좋겠음. 하여튼 협동하면서 진행중인데 진행자들 다 이번에 시작한 뉴비라 쉬움해봤고 아마 스토리 진행 다하면 어려움도 하지 않을까 싶음.. 아주 먼 미래이야기 이지만,,","상어 가 개 빡침 . 뉴비 였지만 이틀 만에 스토리 진행 시작 해서 세번 째 섬 가고있음 . 작은 섬 , 스토리 섬 이외 에 큰 섬 들러 보곤 있는데 돌 새도 개 빡침 . 걍 다 뒤졌으면 좋겠음 . 하여튼 협동 하면서 진행중 인데 진행자 들 다 이번 에 시작 한 뉴비 라 쉬움 해봤고 아마 스토리 진행 다 하면 어려움 도 하지 않을까 싶음 .. 아주 먼 미래 이야기 이지만 ,,",2020-11-29 22:01:42
648800,Raft,positive,친구와 플레이하여 다양한 아이템과 조합하여 얻는 아이템이 많아서 다양성과 모험하는 재미도 있습니다,친구 와 플레이 하여 다양한 아이템 과 조합 하여 얻는 아이템 이 많아서 다양성 과 모험 하는 재미 도 있습니다,2020-11-29 21:32:08
648800,Raft,positive,dd,dd,2020-11-29 21:13:12
648800,Raft,positive,h,h,2020-11-29 20:43:27
648800,Raft,positive,개꿀잼,개꿀잼,2020-11-29 20:09:40
648800,Raft,positive,대체 유토피아 언제 가,대체 유토피아 언제 가,2020-11-29 20:07:38
648800,Raft,positive,너무재밌서요!!!!!!!!!!!!!!!!!!!!!!!!!!!!!!!!!,너무 재밌서요 !!!!!!!!!!!!!!!!!!!!!!!!!!!!!!!!!,2020-11-29 19:44:47
648800,Raft,positive,우흥,우 흥,2020-11-29 19:03:56
648800,Raft,positive,친구들 끼리 같이 어울려 하니깐 개꿀잼인듯,친구 들 끼리 같이 어울려 하 니깐 개꿀 잼인듯,2020-11-29 19:03:41
648800,Raft,positive,블랙프라이데이가 수능 전날에 끝나서 ^^ㅣ발 사놓고 끝나고 할랬는데 너무 재밌어서 내 수능 좆됌 ^^ㅣ발 신님 저한테 왜 그러세요,블랙프라이데이 가 수능 전날 에 끝나서 ^^ ㅣ 발 사놓고 끝나고 할랬는데 너무 재밌어서 내 수능 좆 됌 ^^ ㅣ 발 신 님 저 한테 왜 그러세요,2020-11-29 18:58:30
648800,Raft,positive,good,good,2020-11-29 18:05:54
648800,Raft,positive,세일해서 사는거 추천 아직 게임이 완성되지 않았음 그리고 친구없으면 매우힘듬,세 일해 서 사는거 추천 아직 게임 이 완성 되지 않았음 그리고 친구 없으면 매우 힘듬,2020-11-29 17:45:33
648800,Raft,positive,나 21000원에 주고 샀는데 이런 개같은 스팀,나 21000원 에 주고 샀는데 이런 개 같은 스팀,2020-11-29 17:43:36
648800,Raft,positive,친구들이랑 하면 재밌을것 같음,친구 들 이랑 하면 재밌을것 같음,2020-11-29 17:21:45
648800,Raft,positive,곰 너무 아파!,곰 너무 아파 !,2020-11-29 16:46:16
648800,Raft,positive,I can build my raft and this game has a high degree of freedom. 내 마음대로 뗏목을 짓고 높은 퀄리티라서 좋습니다. 다만 밤시각때(혹은 비가 올 때)는 파도가 많이 거세서 어지럽네요.,I can build my raft and this game has a high degree of freedom . 내 마음대로 뗏목 을 짓고 높은 퀄리티 라서 좋습니다 . 다만 밤 시각 때 ( 혹은 비 가 올 때 ) 는 파도 가 많이 거세 서 어지럽네요 .,2020-11-29 16:39:18
648800,Raft,positive,판자위에서 상어고기 먹는 라이프,판 자위 에서 상어 고기 먹는 라이프,2020-11-29 16:10:51
648800,Raft,positive,d,d,2020-11-29 16:10:19
648800,Raft,positive,판자,판자,2020-11-29 15:37:49
648800,Raft,positive,달아 너무달아~,달 아 너무 달 아 ~,2020-11-29 14:53:45
648800,Raft,positive,도망가.. .중독되기 전에...!!,도망가 .. . 중독 되기 전 에 ...!!,2020-11-29 14:41:02
648800,Raft,positive,승빈아 이거도 같이하는거야 꼭이야 약속,승빈 아 이 거도 같이 하는거야 꼭 이야 약속,2020-11-29 14:20:59
648800,Raft,positive,섬에서 지도 좀 있었으면 좋겠슴다,섬 에서 지도 좀 있었으면 좋겠슴다,2020-11-29 14:14:08
648800,Raft,positive,.,.,2020-11-29 13:28:43
648800,Raft,positive,재밌네요,재밌네요,2020-11-29 12:54:18
648800,Raft,positive,가볍게 즐길만한 겜,가볍게 즐길만 한 겜,2020-11-29 12:31:18
648800,Raft,positive,재미있다.,재미있다 .,2020-11-29 11:22:27
648800,Raft,positive,.,.,2020-11-29 09:23:23
648800,Raft,positive,존나재밌어요,존나 재밌어요,2020-11-29 06:36:03
648800,Raft,positive,제가 지민이라는 친구가 있는데 저만 돈 날리긴 싫어서 걔한테 재밌다고 속이고 사게 만들었어요,제 가 지민 이라는 친구 가 있는데 저만 돈 날리긴 싫어서 걔 한테 재밌다고 속 이고 사게 만들었어요,2020-11-29 04:56:26
648800,Raft,positive,일단 기본적으로의 재미를 보장함 하지만 아직 뭔가 버그같은게 약간 있음 바다 속을 들어가서 광물을 캐거나 쓰레기들을 모으거나 해서 자신의 배를 완성시켜나가는 것이 인상깊었음 많은 아이템들 문이나 배의 다른 아이템들도 나왔으면 좋겠음 그리고 빈지도를 주어 나만의 바다 지도를 만드는것도 나쁘진 않다는 생각이 듦 많이 하다보면 질릴것 같지만 어제 사고 거의 한번도 안쉬고 7시간동안 플래이함 친구가 있어도 없어도 재미있지만 친구한테 시키고 인테리어도 도아서 성장하는 맛이 일품이다라고 볼수 있음 별 4.2개 0.8개중에서 0.5개는 각종버그,일단 기본 적 으로의 재미 를 보장 함 하지만 아직 뭔가 버그 같은게 약간 있음 바다 속 을 들어가서 광물 을 캐거나 쓰레기 들 을 모으거나 해서 자신 의 배 를 완성 시켜 나가는 것 이 인상 깊었음 많은 아이템 들 문 이나 배 의 다른 아이템 들 도 나왔으면 좋겠음 그리고 빈 지도 를 주어 나 만의 바다 지도 를 만드는것도 나쁘진 않다는 생각 이 듦 많이 하다 보면 질릴것 같지만 어제 사고 거의 한번 도 안 쉬고 7시간 동안 플 래 이함 친구 가 있어도 없어도 재미있지만 친구 한테 시키고 인테리어 도 도아 서 성장하는 맛 이 일품 이다 라고 볼수 있음 별 4.2 개 0.8 개중 에서 0.5 개는 각종 버그,2020-11-29 04:00:59
648800,Raft,positive,친구들이랑 4명이서 했는데 협동하는 게 꽤 재밌음 근데 한명이 이 게임에 대해 잘알고 있으면 편함,친구 들 이랑 4 명 이서 했는데 협동 하는 게 꽤 재밌음 근데 한 명 이 이 게임 에 대해 잘알고 있으면 편함,2020-11-29 02:34:56
648800,Raft,positive,댕꿀잼,댕꿀잼,2020-11-29 02:24:08
648800,Raft,positive,아 게임이 컨텐츠가 부족하네 ...,아 게임 이 컨텐츠 가 부족하네 ...,2020-11-29 01:05:12
648800,Raft,positive,재밌다,재밌다,2020-11-28 23:55:22
648800,Raft,positive,바다에서 하는 마인크레프트 느낌이다 혼자서 하니깐 할게 많아 뭔가 되게 바쁜 느낌이다,바다 에서 하는 마인 크 레프트 느낌 이다 혼자 서 하 니깐 할게 많아 뭔가 되게 바쁜 느낌 이다,2020-11-28 23:31:04
648800,Raft,positive,상어 사냥을 나선다~ 상어 너무 맛있고!,상어 사냥 을 나선다 ~ 상어 너무 맛있고 !,2020-11-28 22:51:25
648800,Raft,positive,생각보자 힐링 게임이고 재밌다,생각 보자 힐링 게임 이고 재밌다,2020-11-28 22:19:23
648800,Raft,positive,캐릭터 커스터 마이징 기능만 추가되면 참 좋을텐데.... 여러명이서 멀티하면 누가 누군지 구분이 안가요ㅠㅠ,캐릭터 커스터 마이 징 기능 만 추가 되면 참 좋을텐데 .... 여러 명 이 서 멀티 하면 누가 누군지 구분 이 안가요 ㅠㅠ,2020-11-28 21:21:57
648800,Raft,positive,졸라 재밌네 씨발ㅋㅋ,졸라 재밌네 씨발 ㅋㅋ,2020-11-28 20:55:24
648800,Raft,positive,혼자는 x 요리사 필수,혼자 는 x 요리사 필수,2020-11-28 19:42:12
648800,Raft,positive,친구들이랑 여려명이서 역활분담해서 하면 재밌음,친구 들 이랑 여 려 명 이서 역활 분 담해서 하면 재밌음,2020-11-28 19:41:26
648800,Raft,positive,123,123,2020-11-28 18:59:56
648800,Raft,positive,힐링겜ㅋㅋ,힐링 겜 ㅋㅋ,2020-11-28 18:33:56
648800,Raft,positive,좋음,좋음,2020-11-28 18:14:51
648800,Raft,positive,처음에 조작 미숙할때 혼자하면 되게 외롭고 서럽고 힘든데 여럿이서 같이하면 재밌음. 익숙해지니 혼자서도 재밌음. 창조모드로 자원걱정없이 배 만드는재미도 쏠쏠함,처음 에 조작 미숙 할 때 혼자 하면 되게 외 롭고 서럽고 힘든데 여럿 이서 같이 하면 재밌음 . 익숙해지니 혼자 서도 재밌음 . 창조 모드 로 자원 걱정 없이 배 만드는 재미 도 쏠쏠함,2020-11-28 17:57:34
648800,Raft,positive,업데이트가 좀 느린대신 재밌음,업데이트 가 좀 느린 대신 재밌음,2020-11-28 13:14:02
648800,Raft,positive,친구랑 하면 재밌어요,친구 랑 하면 재밌어요,2020-11-28 12:05:55
648800,Raft,positive,할만한데 할인할때 사셈 정가는 너무 아까움,할 만한데 할인 할 때 사셈 정가 는 너무 아까 움,2020-11-28 10:23:32
648800,Raft,positive,좋다,좋다,2020-11-28 08:32:51
648800,Raft,positive,친구랑 같이하면 재밌음,친구 랑 같이 하면 재밌음,2020-11-28 05:43:57
648800,Raft,positive,1 . 친구들이랑 하면 진짜 시간 가는 줄 모르고 하게 됌 2 . 혼자 생존 하는 것을 좋아하면 솔로 플레이 강추 혼자하면 공허함이 크고 심오한게 있으나 개인차이 정가는 잘 모르겠지만 할인하면 저 2가지가 일치할경우 꼭 사서 하세요,1 . 친구 들 이랑 하면 진짜 시간 가는 줄 모르고 하게 됌 2 . 혼자 생존 하는 것 을 좋아하면 솔로 플레이 강추 혼자 하면 공허함이 크고 심오한게 있으나 개인 차이 정가 는 잘 모르겠지만 할인 하면 저 2 가지 가 일치 할 경우 꼭 사서 하세요,2020-11-28 02:31:56
648800,Raft,positive,재밌다 노트북 사양이 안좋아서 렉도 엄청 걸리고 약간 3D 멀미도 나지만 익숙해지면 재미들림 하다보면 스토리까먹고 파밍만하는 게임,재밌다 노트북 사양 이 안좋아서 렉 도 엄청 걸리고 약간 3 D 멀미 도 나 지만 익숙해지면 재미 들림 하다 보면 스토리 까먹고 파밍 만하 는 게임,2020-11-28 02:03:31
648800,Raft,positive,와이프랑 정말 재밌게 했네요 ㅎㅎ 처음에 아무것도 모르고 판자 4개 위에서 상어에 물어 뜯기다가 섬 보여서 땟목 버리고 섬으로 도망쳤던 웃픈 기억이 있었네요 한 4번 다시 시작해서 겨우 게임 익히고 공략 없이 하나하나 알아가는 재미가 있었습니다. 이게 아직 얼리 억세스란게 믿기지 않네요 ㅎㅎ빨리 다음 업데이트가 나오길 기대합니다.,와이프 랑 정말 재밌게 했네요 ㅎㅎ 처음 에 아무 것 도 모르고 판자 4 개 위 에서 상어 에 물어 뜯기다가 섬 보 여서 땟목 버리고 섬 으로 도망쳤던 웃픈 기억 이 있었네요 한 4 번 다시 시작 해서 겨우 게임 익히고 공략 없이 하나 하나 알아가는 재미 가 있었습니다 . 이 게 아직 얼리 억 세 스란 게 믿기지 않네요 ㅎㅎ 빨리 다음 업데이트 가 나오길 기대합니다 .,2020-11-28 01:42:29
648800,Raft,positive,언제... 언제 완성하나요... ㅠㅠ.... 빨리 다음 스토리마ㅣㄴ들어줘요.. pls next story,언제 ... 언제 완성 하나요 ... ㅠㅠ .... 빨리 다음 스토리 마 ㅣㄴ 들어줘요 .. pls next story,2020-11-28 01:35:23
648800,Raft,positive,꼭 친구랑 하세요. 친구랑 하면 100배 재밌음,꼭 친구 랑 하세요 . 친구 랑 하면 100 배 재밌음,2020-11-27 23:12:17
648800,Raft,positive,꿀잼,꿀잼,2020-11-27 22:45:38
648800,Raft,positive,혼자하면 노잼 친구랑하면 개꿀잼 보장,혼자 하면 노잼 친구 랑 하면 개꿀잼 보장,2020-11-27 22:18:57
648800,Raft,positive,평화롭게 친구들이랑 시간 떄우면서 하기 좋음,평화롭게 친구 들 이랑 시간 떄우면 서 하기 좋음,2020-11-27 21:37:01
648800,Raft,positive,.,.,2020-11-27 21:20:24
648800,Raft,positive,개좆같은 상어와의 숨막히는 대결! 무인도에서 살아남기 혹은 바다에서 살아남기 따위는 필요도 없는 최신 유행 표류법이 다 담긴 게임! 당신이 상어를 싫어하거나 현실 고증에 상당한 신경을 쓰는 유저라면 무조건 사야하는 게임! 지금 당장 구매하시고 치킨 한마리를 게임사에 기부하세요!,개좆 같은 상어 와의 숨막히는 대결 ! 무인도 에서 살아남기 혹은 바다 에서 살아남기 따위 는 필요 도 없는 최신 유행 표류법 이 다 담긴 게임 ! 당신 이 상어 를 싫어하거나 현실 고증 에 상당한 신경 을 쓰는 유저 라면 무조건 사야하는 게임 ! 지금 당장 구매 하시고 치킨 한 마리 를 게임 사 에 기부 하세요 !,2020-11-27 20:51:04
648800,Raft,positive,한번 하면 시간 완젼 잘감,한번 하면 시간 완젼 잘 감,2020-11-27 20:33:19
648800,Raft,positive,탐험하면서 성장하는 재미로 함,탐험 하면서 성장하는 재미 로 함,2020-11-27 20:24:29
648800,Raft,positive,이번 업데이트로 정말 재미있다,이번 업데이트 로 정말 재미있다,2020-11-27 20:13:45
648800,Raft,positive,물이 참 예쁘네요,물이 참 예쁘네요,2020-11-27 19:28:37
648800,Raft,positive,개꿀잼,개꿀잼,2020-11-27 17:01:15
648800,Raft,positive,업뎃좀더,업뎃 좀더,2020-11-27 14:48:40
648800,Raft,positive,업데이트 잘해줌,업데이트 잘해줌,2020-11-27 14:21:06
648800,Raft,positive,ㅃㄹ 다음거 업데이트좀,ㅃㄹ 다음 거 업데이트 좀,2020-11-27 13:56:29
648800,Raft,positive,재밌슴. 업뎃 빨리 됐으면 좋겠따.,재밌슴 . 업뎃 빨리 됐으면 좋겠 따 .,2020-11-27 13:51:01
648800,Raft,positive,친구랑 하면 힐링 갓겜,친구 랑 하면 힐링 갓 겜,2020-11-27 11:12:06
648800,Raft,positive,상어고기가 재일 맛있습니다 ^^ 아 그리고 섬에 새가 있는데 진짜 꼴받게 합니다 조심하십쇼,상어 고기 가 재일 맛있습니다 ^^ 아 그리고 섬 에 새 가 있는데 진짜 꼴 받게 합니다 조심하십 쇼,2020-11-27 10:41:54
648800,Raft,positive,업데이트해줘`~~`,업데이트 해줘 `~~`,2020-11-27 07:43:23
648800,Raft,positive,재밋다,재밋다,2020-11-27 01:31:24
648800,Raft,positive,재밌네,재밌네,2020-11-27 00:15:40
648800,Raft,positive,친구랑하면 더욱더 갓겜이 됩니다. 단순히 배에서 잡동사니만 수집하고 생존하는겜인줄 알았더니 섬에 도착해서 섬의 퀄리티를보고 놀라게 됩니다. 바다위의 마인크래프트임,친구 랑 하면 더욱더 갓 겜 이 됩니다 . 단순히 배 에서 잡 동 사 니 만 수집 하고 생존 하는 겜 인 줄 알았더니 섬 에 도착 해서 섬 의 퀄리티 를 보고 놀라게 됩니다 . 바다 위 의 마인크래프트 임,2020-11-26 23:18:43
648800,Raft,positive,lol,lol,2020-11-26 23:00:54
648800,Raft,positive,재밌긴재밌는데 확실히 맵이 커서그런가 살펴보기힘들었음 빨리 추가되었슴 좋겟음,재밌긴 재밌는데 확실히 맵 이 커서 그 런가 살펴보기 힘들었음 빨리 추가 되었 슴 좋겟음,2020-11-26 21:08:58
648800,Raft,positive,Best story Simple but fun,Best story Simple but fun,2020-11-26 20:52:23
648800,Raft,positive,존잼,존잼,2020-11-26 19:34:15
648800,Raft,positive,sex,sex,2020-11-26 19:23:40
648800,Raft,positive,멍때리면서 파밍하는겜,멍 때리면서 파밍 하는 겜,2020-11-26 19:11:43
648800,Raft,positive,good,good,2020-11-26 18:06:32
648800,Raft,positive,상어는 좋은 먹이감이죠 (어려움으로 하다가 먹이감 될뻔...),상어 는 좋은 먹이 감이죠 ( 어려움 으로 하다가 먹이 감 될 뻔 ...),2020-11-26 18:02:01
648800,Raft,positive,^^b,^^ b,2020-11-26 16:48:21
648800,Raft,positive,스토리가 흥미있고 친구들과 게임하기에 편하네요! 즐거워요,스토리 가 흥미 있고 친구 들 과 게임 하기에 편하네요 ! 즐거워요,2020-11-26 16:25:10
648800,Raft,positive,친구들이랑 즐기기에 적합하다,친구 들 이랑 즐기기에 적합하다,2020-11-26 14:12:46
648800,Raft,positive,"판자4개로 시작해서 수십,수백개의 판자로 이루어진 큰 섬을 만들기까지 후회하지 않을수 있습니다","판자 4 개 로 시작 해서 수십 , 수백 개 의 판자 로 이루어진 큰 섬 을 만들기 까지 후회 하지 않을수 있습니다",2020-11-26 14:06:46
648800,Raft,positive,친구들이랑 다같이 하기 좋은게임이긴함 다만 들려야할 대형섬을 거치고 나면 할 컨텐츠가 없음,친구 들 이랑 다 같이 하기 좋은 게임 이긴 함 다만 들려 야할 대형 섬 을 거치 고 나면 할 컨텐츠 가 없음,2020-11-26 13:30:30
648800,Raft,positive,갓겜.. 꾸준히 업뎃해주는 게임 이만한 힐링게임이 없다.,갓 겜 .. 꾸준히 업뎃 해주는 게임 이만 한 힐링 게임 이 없다 .,2020-11-26 13:17:37
648800,Raft,positive,친구랑 하면 재미가 더 해지는 게임,친구 랑 하면 재미 가 더 해지 는 게임,2020-11-26 12:47:33
648800,Raft,positive,업데이트할 때마다 하게되는 게임 다 하고 나면 다시 업데이트할 때까지 기다리는 게임 다 만들어질 때까지 관 갈 일 없는 게임,업데이트 할 때 마다 하게 되는 게임 다 하고 나면 다시 업데이트 할 때 까지 기다리는 게임 다 만들어질 때 까지 관 갈 일 없는 게임,2020-11-26 12:06:58
648800,Raft,positive,혼자 해도 지밌고 친구와 함께 해도 재밌는 게임. 하지만 할 수 있는 게 더 많았으면 한다.,혼자 해도 지밌 고 친구 와 함께 해도 재밌는 게임 . 하지만 할 수 있는 게 더 많았으면 한다 .,2020-11-26 12:04:02
648800,Raft,positive,친구들이랑 하기 정말 좋습니다,친구 들 이랑 하기 정말 좋습니다,2020-11-26 11:38:48
648800,Raft,positive,재료모아서 배만드는 재미가 쏠쏠함,재료 모아서 배 만드는 재미 가 쏠쏠함,2020-11-26 09:42:38
648800,Raft,positive,친구 머리에 돌 던지고 튀면 개꿀잼,친구 머리 에 돌 던지고 튀면 개꿀잼,2020-11-26 09:10:21
648800,Raft,positive,키 오른편 전타! 우현견시 보고! 우현함수 섬 하나!,키 오른 편 전 타 ! 우현 견시 보고 ! 우현 함수 섬 하나 !,2020-11-26 07:26:37
648800,Raft,positive,2년만에 다시 켜봤더니 아예 다른 게임이 되어있었다.,2년 만에 다시 켜 봤더니 아예 다른 게임 이 되어있었다 .,2020-11-26 03:39:23
648800,Raft,positive,아.. 게임 개노잼 할거 존나 없네 컨텐츠가 부족하네,아 .. 게임 개 노잼 할거 존나 없네 컨텐츠 가 부족하네,2020-11-26 00:52:39
648800,Raft,positive,시간 때우기 좋고 친구들하고하면 너무 재미있음,시간 때우기 좋고 친구 들 하고 하면 너무 재미있음,2020-11-25 23:32:19
648800,Raft,positive,업데이트만 해주면 ㄹㅇ 갓겜,업데이트 만 해주면 ㄹㅇ 갓 겜,2020-11-25 19:20:31
648800,Raft,positive,재밌다,재밌다,2020-11-25 19:06:45
648800,Raft,positive,살면서 한번은 해봐야 되는겜,살면서 한번 은 해봐야 되는 겜,2020-11-25 18:57:41
648800,Raft,positive,"멀티플레이로 즐기는 조난게임. 스토리 모드가 추가되었다는건 좋지만, 다른게임처럼 완결이 지어진게 아니라 계속 스토리가 업데이트 되가는 게임이기때문에, 완결을 목표로 구매하시는건 추천하지 않습니다. 혼자 즐겨도 좋지만, 가능하면 친구와 함께 즐겨보세요. 물 한컵의 소중함을 깨닫게되는 게임입니다. 다만, 손에 들고있는 아이템이 사라지는 버그같은 자잘한 문제가 아쉬웠습니다. 업데이트중인 게임이기에 좋다, 안좋다 평가하기는 어렵지만 다같이 하면 즐거운 게임입니다. 자원을 모으기가 쉬운게임이 아니니만큼 사라지는 아이템들이 (특히 페트","멀티플레이 로 즐기는 조난 게임 . 스토리 모드 가 추가 되었다는 건 좋지만 , 다른 게임 처럼 완결 이 지어진게 아니라 계속 스토리 가 업데이트 되가는 게임 이 기 때문 에 , 완결 을 목표 로 구매 하시는건 추천 하지 않습니다 . 혼자 즐겨도 좋지만 , 가능하면 친구 와 함께 즐겨 보세요 . 물 한 컵 의 소중함을 깨닫게 되는 게임 입니다 . 다만 , 손 에 들고있는 아이템 이 사라지는 버그 같은 자잘한 문제 가 아쉬웠습니다 . 업데이트 중 인 게임 이기 에 좋다 , 안좋다 평가 하기는 어렵지만 다 같이 하면 즐거운 게임 입니다 . 자원 을 모으 기 가 쉬운 게임 이 아니니만큼 사라지는 아이템 들 이 ( 특히 페트",2020-11-25 16:34:05
648800,Raft,positive,아니 처음엔 막 파도 때문에 어지럽고 울렁거렸는데 계속 해보니까 적응도 되고 상어 죽이는 맛이 있고 건축하고 발전하고 생존하고 이야 정말 재밌는것 같습니다!,아니 처음 엔 막 파도 때문 에 어지럽고 울렁거렸는데 계속 해보니까 적응도 되고 상어 죽이는 맛 이 있고 건축 하고 발전 하고 생존 하고 이야 정말 재밌는것 같습니다 !,2020-11-25 16:16:03
648800,Raft,positive,WOALtEK,WOALtEK,2020-11-25 14:32:43
648800,Raft,positive,무조건 하세요,무조건 하세요,2020-11-25 11:52:02
648800,Raft,positive,짱잼!,짱 잼 !,2020-11-24 23:54:55
648800,Raft,positive,친구랑 하면 재밌음,친구 랑 하면 재밌음,2020-11-24 19:18:14
648800,Raft,positive,4 dead,4 dead,2020-11-24 03:09:01
648800,Raft,positive,친구들이랑 하기 너무 좋은게임,친구 들 이랑 하기 너무 좋은 게임,2020-11-24 02:06:39
648800,Raft,positive,개꿀잼 새벽이 떠오른다..,개꿀잼 새벽 이 떠오른다 ..,2020-11-24 00:21:56
648800,Raft,positive,"나도,,, 같이 할 친구가 있음 좋겠다,,, 홀로 항해하는 건 외로워","나도 ,,, 같이 할 친구 가 있음 좋겠다 ,,, 홀로 항해 하는 건 외로워",2020-11-24 00:06:38
648800,Raft,positive,재밌는데 친구있어야함,재밌는데 친구 있어 야함,2020-11-23 23:09:50
648800,Raft,positive,ㅋㅋ루삥뽕 예전에 좀 더 초기단계에서 못 사둔게 아쉬운울 정도의 게임,ㅋㅋ 루삥뽕 예전 에 좀 더 초기 단계 에서 못 사 둔게 아쉬운울 정도 의 게임,2020-11-23 22:07:27
648800,Raft,positive,넘모넘모 재미씀,넘 모 넘 모 재미 씀,2020-11-23 19:35:48
648800,Raft,positive,망할 티타늄으로 할만한게 별로없어..,망할 티타늄 으로 할만 한 게 별로 없어 ..,2020-11-23 14:14:53
648800,Raft,positive,파밍줫망겜,파밍 줫망겜,2020-11-22 19:00:29
648800,Raft,positive,ㅇㅇ,ㅇㅇ,2020-11-22 15:03:28
648800,Raft,positive,"스토리만 보면 아직 플레이타임이 너무 짧지만, 친구 3~5명과 함께 바다를 탐험하는 재미는 확실히 있습니다 ㅎㅎ","스토리 만 보면 아직 플레이 타임 이 너무 짧지만 , 친구 3~5 명과 함께 바다 를 탐험 하는 재미 는 확실히 있습니다 ㅎㅎ",2020-11-22 14:21:03
648800,Raft,positive,친구들끼리 즐기기가 너무 좋은 게임입니다.ㅎㅎ 강추!,친구 들 끼리 즐 기기 가 너무 좋은 게임 입니다 . ㅎㅎ 강추 !,2020-11-22 13:54:39
648800,Raft,positive,사람이늘면난이도가올라가는 이상한게임...,사람 이 늘 면 난이도 가 올라가는 이상 한게임 ...,2020-11-22 00:23:51
648800,Raft,positive,빨리 파트 뽑아내자,빨리 파트 뽑아내자,2020-11-21 23:55:24
648800,Raft,positive,장점 : 스토리가 아직 끝은 아니지만 충분히 할 만큼 매력있고 재밌어요. 그리고 여러가지 건축들이 많아 짓는 재미도 있어요. 멀티로 했을 때 더 재밌습니다. 단점 : 혼자 스토리 깨기 힘들 것 같음. 몬스터도 있고....,장점 : 스토리 가 아직 끝 은 아니지만 충분히 할 만큼 매력 있고 재밌어요 . 그리고 여러가지 건축 들 이 많아 짓는 재미 도 있어요 . 멀티 로 했을 때 더 재밌습니다 . 단점 : 혼자 스토리 깨기 힘들 것 같음 . 몬스터 도 있고 ....,2020-11-21 21:48:32
648800,Raft,positive,같이 하실분 구해요! 스팀친추 주세여~,같이 하실 분 구해 요 ! 스팀 친추 주세여 ~,2020-11-21 21:34:30
648800,Raft,positive,존잼입니당. 생존 게임 중에 제일 재밌는 것 같아요 추천추천,존잼 입니당 . 생존 게임 중 에 제일 재밌는 것 같아요 추천 추천,2020-11-21 20:28:41
648800,Raft,positive,다시 찾게되는 맛집,다시 찾게 되는 맛집,2020-11-21 18:05:30
648800,Raft,positive,딱 내 맘에 드는 게임,딱 내 맘 에 드는 게임,2020-11-21 17:48:51
648800,Raft,positive,"아싸는 혼자 상어와 맞짱떠야되구,, 혼자 판자도 줍줍해야하구,, 혼자 생존해야대 ㅠㅠ 혼자는 노잼 ㅠㅠㅠㅠㅠㅜㅜㅠㅜㅠㅜ","아싸 는 혼자 상어 와 맞짱 떠야되 구 ,, 혼자 판자 도 줍 줍해 야하구 ,, 혼자 생존 해야대 ㅠㅠ 혼자 는 노잼 ㅠㅠㅠㅠㅠㅜㅜㅠㅜㅠㅜ",2020-11-21 14:13:17
648800,Raft,positive,라떼는 무인도 밖에없었는데 좋아졌네,라떼 는 무인도 밖 에 없었는데 좋아졌네,2020-11-21 13:28:13
648800,Raft,positive,객굴잼,객굴잼,2020-11-21 03:24:10
648800,Raft,positive,재밌다,재밌다,2020-11-21 03:23:25
648800,Raft,positive,스크리처 씨발새끼야,스 크리처 씨발 새끼 야,2020-11-20 21:14:01
648800,Raft,positive,"니: 자, 이제 누가 포식자지? 상어:","니 : 자 , 이제 누가 포식자 지 ? 상어 :",2020-11-20 19:52:28
648800,Raft,positive,"진짜 갓겜임. 래프트 너무 재밌게 해서, 챕터 2 까지 다 한 다음에, 비슷한 생존, 멀티 협동겜 다 찾아다녔는데 래프트만한 게임 절대 없음 ㅠㅠ 제발 챕터 3 빨리 내주세요.","진짜 갓 겜임 . 래프트 너무 재밌게 해서 , 챕 터 2 까지 다 한 다음 에 , 비슷한 생존 , 멀티 협동 겜 다 찾아다녔는데 래프트만 한 게임 절대 없음 ㅠㅠ 제발 챕 터 3 빨리 내주세요 .",2020-11-20 00:11:20
648800,Raft,positive,친구랑 하면 재미있다 하지만 아직 개발중인 게임이라 그런지 아니면 한국인이라 그런지 스토리만 정주행하고 뒤에는 할게없어서 끄게 된다 그래서 스토리 마지막에 받은 설계도는 한번도 안써보게됨,친구 랑 하면 재미있다 하지만 아직 개발 중 인 게임 이라 그런지 아니면 한국인 이라 그런지 스토리 만 정 주행 하고 뒤 에는 할게 없어서 끄게 된다 그래서 스토리 마지막 에 받은 설계도 는 한번 도 안 써 보게 됨,2020-11-19 20:53:29
648800,Raft,positive,재밌어요,재밌어요,2020-11-19 19:43:37
648800,Raft,positive,"돌 던지는 개""새""끼 빼면 모든게 완벽한 게임","돌 던지는 개 "" 새 "" 끼 빼면 모든 게 완벽한 게임",2020-11-19 13:46:29
648800,Raft,positive,친구들이랑 하니까 잼게 한듯 업뎃 해주면 다시 모여서 할거같음,친구 들 이랑 하니까 잼 게 한 듯 업뎃 해주면 다시 모 여서 할거 같음,2020-11-19 00:19:31
648800,Raft,positive,굵고짧은겜,굵고 짧은 겜,2020-11-19 00:19:19
648800,Raft,positive,혼자는힘들고 여러명에서 해야함,혼자 는 힘들고 여러 명 에서 해야 함,2020-11-19 00:06:05
648800,Raft,positive,혼자하면 중노동 - 시간 가는 줄 모름,혼자 하면 중 노동 - 시간 가는 줄 모름,2020-11-18 22:59:07
648800,Raft,positive,말이 필요없는 갓겜. 지구 온난화로 인해 물바다가 된 지구 위에서 땟목 하나에 의지해 생존자들의 흔적을 뒤쫒아가는 크래프트 계열 스토리게임. 정신 차리고 보면 상어 머리를 쓰고 상어와 싸우고 있는 나 자신을 발견할수 있다.,말 이 필요없는 갓 겜 . 지구 온난화 로 인해 물바다 가 된 지구 위 에서 땟목 하나 에 의지 해 생존자 들 의 흔적 을 뒤 쫒아가는 크래프트 계열 스토리 게임 . 정신 차리고 보면 상어 머리 를 쓰고 상어 와 싸우고 있는 나 자신 을 발견 할수 있다 .,2020-11-18 22:42:48
648800,Raft,positive,경고! : 같이할 친구가 없다면 구매하지마시오.,경고 ! : 같이 할 친구 가 없다면 구매 하지마 시오 .,2020-11-18 19:44:19
648800,Raft,positive,야 내 얼굴에 돌 던지지 말라고,야 내 얼굴 에 돌 던지지 말 라고,2020-11-18 18:34:22
648800,Raft,positive,친구랑 같이 하니까 재미있어요,친구 랑 같이 하니까 재미있어요,2020-11-18 18:33:26
648800,Raft,positive,이거 재밌어요. 꼭 한번 구매하길 추천 드릴게요.,이 거 재밌어요 . 꼭 한번 구매 하길 추천 드릴게요 .,2020-11-18 17:58:48
648800,Raft,positive,HOENY JAM,HOENY JAM,2020-11-18 00:44:53
648800,Raft,positive,자동화가있으면좋겠어요,자동화 가 있으면 좋겠어요,2020-11-17 23:33:33
648800,Raft,positive,계속 해서 패치하고 점점 스토리같은게 추가되서 매우 재밌다.,계속 해서 패치 하고 점점 스토리 같은게 추가 되서 매우 재밌다 .,2020-11-17 20:54:41
648800,Raft,positive,게임은 재미있지만 캐릭터가 두종류밖에 없어 아쉽다.,게임 은 재미있지만 캐릭터 가 두 종류 밖에 없어 아쉽다 .,2020-11-17 19:40:20
648800,Raft,positive,재활용의 대가들 아포칼립스가 일어나도 한칸의 떗목에서 시작해서 나중에는 엔진까지 달고 항해를 한다. 이 게임을 하면서 느낀것 : 오크통처음에는 무섭게만 느껴졌던 상어는 상자에 상어대가리가 20개가 넘어가기 시작하고 오크통(아 오크통 3개는 못참지 ㄹㅇㅋㅋ 하면서 바다에 뛰어든다) 에 대한 집착과 판자에 대한 집착이 늘어나기 시작한다. 결로: 초반에는 별로 재미가 초중반 정도되면 재미가 있다.,재활용 의 대가 들 아포칼립스 가 일어나도 한 칸 의 떗목 에서 시작 해서 나중 에는 엔진 까지 달 고 항해 를 한다 . 이 게임 을 하면서 느낀것 : 오크 통 처음 에는 무섭게만 느껴졌던 상어 는 상자 에 상어 대가리 가 20 개 가 넘어가기 시작 하고 오크 통 ( 아 오크 통 3 개는 못 참지 ㄹㅇㅋㅋ 하면서 바다 에 뛰어든다 ) 에 대한 집착 과 판자 에 대한 집착 이 늘어나기 시작 한 다 . 결 로 : 초반 에는 별로 재미 가 초 중반 정도 되면 재미 가 있다 .,2020-11-17 14:49:02
648800,Raft,positive,꿀잼^^,꿀잼 ^^,2020-11-17 00:20:55
648800,Raft,positive,Best game ever,Best game ever,2020-11-16 23:01:29
648800,Raft,positive,재밌음 컨텐츠 좋음 혼자 말고 다른사람이랑 같이 하면 더 재밌음,재밌음 컨텐츠 좋음 혼자 말고 다른사람 이랑 같이 하면 더 재밌음,2020-11-16 20:08:03
648800,Raft,positive,친구들이랑 하려고 구매했습니다. 혼자하면 그렇게 고독하고 지루하고 재미가 없었는데 친구들이랑 같이하니까 발전도 빠르고 일도 분업해서 조금 덜 바쁩니다. 초반에는 장비들이 부실해서 존내 바쁘긴 합니다. 처음 출시했을때는 아무것도 없는 똥겜으로 기억했는데 정말 많은 부분이 업데이트되서 신기하고 재밌게 했습니다. 하지만 업데이트 주기가 굉장히 길기 때문에 아예 업데이트 더이상 안한다 ! 할 때 구매하시는 것도 좋은 방법이라고 생각합니다. 혼자 플레이를 원하시는 분들께는 잘 모르겠고 친구들과 같이 게임하려고 구매하신분들은 적극 추천드립,친구 들 이랑 하려고 구매 했습니다 . 혼자 하면 그렇게 고독 하고 지루하고 재미 가 없었는데 친구 들 이랑 같이하니까 발전 도 빠르고 일도 분업 해서 조금 덜 바쁩니다 . 초반 에는 장비 들 이 부실해서 존내 바쁘긴 합니다 . 처음 출시 했을 때 는 아무 것 도 없는 똥겜 으로 기억 했는데 정말 많은 부분 이 업데이트 되서 신기하고 재밌게 했습니다 . 하지만 업데이트 주기 가 굉장히 길기 때문 에 아예 업데이트 더 이상 안 한다 ! 할 때 구매 하시는 것 도 좋은 방법 이라고 생각 합니다 . 혼자 플레이 를 원하시는 분 들께는 잘 모르겠고 친구 들 과 같이 게임 하려고 구매 하 신분 들 은 적극 추천 드립,2020-11-16 16:42:58
648800,Raft,positive,재밌음 근데 혼자하면 노잼일듯,재밌음 근데 혼자 하면 노잼 일듯,2020-11-16 13:16:22
648800,Raft,positive,친구랑 하면 개잼임,친구 랑 하면 개잼임,2020-11-16 13:14:40
648800,Raft,positive,왜 할인 안함,왜 할인 안함,2020-11-16 03:43:31
648800,Raft,positive,이 게임이 정식출시가 될때가 기대가 된다 근데 언제일까?,이 게임 이 정식 출시 가 될 때 가 기대 가 된다 근데 언제 일까 ?,2020-11-16 02:28:59
648800,Raft,positive,굿굿,굿굿,2020-11-16 01:55:53
648800,Raft,positive,상어 죽이고싶네,상어 죽이고싶네,2020-11-15 22:27:36
648800,Raft,positive,스토리모드 재미있는데 맵이 너무 불친절해서 맵 돌때마다 고통스러움.,스토리 모드 재미있는데 맵 이 너무 불친절해서 맵 돌때 마다 고통스러 움 .,2020-11-15 21:46:51
648800,Raft,positive,전 개재밌는데 애들이 금방 질리나봐요,전 개 재밌는데 애 들 이 금방 질리나 봐요,2020-11-15 20:12:59
648800,Raft,positive,재밌는 생존게임이지만 스토리 컨텐츠 업데이트가 더 필요함,재밌는 생존 게임 이지만 스토리 컨텐츠 업데이트 가 더 필요함,2020-11-15 17:41:32
648800,Raft,positive,굳,굳,2020-11-15 16:05:23
648800,Raft,positive,상어는 맛있는 우리의 친구,상어 는 맛있는 우리 의 친구,2020-11-15 16:04:24
648800,Raft,positive,스토리 엔딩까지가 짧은 편이지만 다른 부가적인 요소들이 지겹지 않게 계속 게임을 이어나갈 수 있게 도와준다. 혼자하기에는 조금 부담스럽고 친구랑 둘이 하거나 3명이상 해도 꿀잼일듯 여튼 ㅈㄴ게 재밌음 한번 친구랑 게임키고 기저귀차고 19시간동안 그자리에서 오줌 똥 다 싸면서 계속 게임헀음,스토리 엔딩 까지가 짧은 편이 지만 다른 부가 적 인 요소 들 이 지겹지 않게 계속 게임 을 이어 나갈 수 있게 도와준다 . 혼자 하기에는 조금 부담스럽고 친구 랑 둘 이 하 거나 3 명 이상 해도 꿀잼 일듯 여 튼 ㅈㄴ 게 재밌음 한번 친구 랑 게임 키 고 기저귀 차고 19시간 동안 그 자리 에서 오줌 똥 다 싸면서 계속 게임 헀음,2020-11-15 00:14:54
648800,Raft,positive,개지립니다,개 지립니다,2020-11-15 00:13:17
648800,Raft,positive,rne,rne,2020-11-15 00:12:53
648800,Raft,positive,장점: 친구랑 같이하면 재밌는 게임 단점: 친구랑 같이 안하면 재미없는 게임,장점 : 친구 랑 같이 하면 재밌는 게임 단점 : 친구 랑 같이 안 하면 재미없는 게임,2020-11-14 21:10:33
648800,Raft,positive,상어가 몹시 배고픈지 나무를 뜯어먹는 갓겜 (상어가 얼마나 먹을게 없었으면 나무를 뜯어먹냐.....),상어 가 몹시 배고픈지 나무 를 뜯어 먹는 갓 겜 ( 상어 가 얼마나 먹을게 없었으면 나무 를 뜯어 먹냐 .....),2020-11-14 21:00:37
648800,Raft,positive,시발엔진,시발 엔진,2020-11-14 18:45:09
648800,Raft,positive,[code] 나만의 마이룸 꾸미기 [/code],[ code ] 나 만의 마 이룸 꾸미기 [/ code ],2020-11-14 12:59:49
648800,Raft,positive,ㅈㅂ 사람 많이 뽑아서 업데이트 주기 빨라졌으면 좋겠다.,ㅈㅂ 사람 많이 뽑아서 업데이트 주기 빨라졌으면 좋겠다 .,2020-11-14 01:15:15
648800,Raft,positive,시간이 사라집니다....,시간 이 사라집니다 ....,2020-11-14 00:59:47
648800,Raft,positive,재밌다,재밌다,2020-11-13 23:50:07
648800,Raft,positive,롤 한달정지당해서 하는거에요 재밌었으면 좋겠네요,롤 한 달 정지 당해서 하는거에요 재밌었으면 좋겠네요,2020-11-13 21:21:12
648800,Raft,positive,친구랑 같이하면 더 재미있어요! 추천합니다!,친구 랑 같이 하면 더 재미있어요 ! 추천 합니다 !,2020-11-13 08:47:49
648800,Raft,positive,혼자서 하는 재미도 좋고 멀티로 하는것도 좋음 돈값함,혼자 서 하는 재미 도 좋고 멀티 로 하는것도 좋음 돈값함,2020-11-12 23:09:38
648800,Raft,positive,"이번 업데이트 도시 엔딩까지 봤습니다. 상어 꿀맛이고 간악하고 사악하지만 귀여운 로봇들도 좋았습니다. 뗏목에서는 쓰레기 건져서 물건 하나하나 만들어내면서 연명하는것도 재밌었고, 뗏목 꾸미는 재미도 쏠쏠했습니다. 그리고 스토리 섬 하나하나 진행해 나가면서 아이템 찾아서 조합하고 해결하고 퍼즐풀어가면서 모험하는것도 뗏목 때와는 다른 게임을 하는 것 같아서 안질리고 새롭고 재밌었습니다. 친구들이랑 하면 더 재밌는 게임이고 다음업데이트가 기대되는 게임입니다. 그리고 해체하면 부서지는 허수아비때문에 뗏목 리모델링할때 쫄보처럼 덜덜 떨면서","이번 업데이트 도시 엔딩 까지 봤습니다 . 상어 꿀맛 이고 간악 하고 사악하지만 귀여운 로봇 들 도 좋았습니다 . 뗏목 에서는 쓰레기 건져서 물건 하나 하나 만들어내면서 연명 하는것도 재밌었고 , 뗏목 꾸미는 재미 도 쏠쏠했습니다 . 그리고 스토리 섬 하나 하나 진행 해 나가면서 아이템 찾아서 조합 하고 해결 하고 퍼즐 풀어가면서 모험 하는것도 뗏목 때 와는 다른 게임 을 하는 것 같아서 안질리고 새 롭고 재밌었습니다 . 친구 들 이랑 하면 더 재밌는 게임 이고 다음 업데이트 가 기대 되는 게임 입니다 . 그리고 해체 하면 부서지는 허수아비 때문 에 뗏목 리 모델링 할 때 쫄보 처럼 덜덜 떨면서",2020-11-12 22:50:15
648800,Raft,positive,good,good,2020-11-12 21:47:59
648800,Raft,positive,재미따!,재미 따 !,2020-11-12 13:03:35
648800,Raft,positive,재밌음^_^,재밌음 ^_^,2020-11-12 13:02:42
648800,Raft,positive,혼자해도 재밌고 여럿명서 하면 더재밌고,혼자 해도 재밌고 여럿 명 서 하면 더 재밌고,2020-11-12 08:15:28
648800,Raft,positive,친구랑 하실거면 하세요 혼자하면 ㅈ노잼입니다,친구 랑 하실거면 하세요 혼자 하면 ㅈ 노잼 입니다,2020-11-11 23:41:18
648800,Raft,positive,존잼,존잼,2020-11-11 21:51:49
648800,Raft,positive,그냥 한단어로 개꿀잼,그냥 한 단어 로 개꿀잼,2020-11-11 19:52:41
648800,Raft,positive,아 재밌어 ~,아 재밌어 ~,2020-11-11 16:30:26
648800,Raft,positive,친구랑 하기 좋음,친구 랑 하기 좋음,2020-11-11 16:25:57
648800,Raft,positive,혼자하면 노잼 같이해야 재밌음,혼자 하면 노잼 같이 해야 재밌음,2020-11-11 12:42:10
648800,Raft,positive,업뎃좀 빠르게 해주셈,업뎃좀 빠르게 해주셈,2020-11-11 01:49:43
648800,Raft,positive,친구가 있으면 섬공략이 재밌따 두명보단 세명이 재밌따 세명보단 네명이 재밌따 친구가 많으면 생존이 어렵따 네명보단 세명이 쉽따 세명보단 두명이 쉽따,친구 가 있으면 섬 공략 이 재밌 따 두 명 보단 세명 이 재밌 따 세명 보단 네 명 이 재밌 따 친구 가 많으면 생존 이 어렵 따 네 명 보단 세명 이 쉽 따 세명 보단 두 명 이 쉽 따,2020-11-11 00:45:53
648800,Raft,positive,재미있지만 솔플은 힘들거같네요(개인적인 의견입니다),재미있지만 솔플 은 힘들거 같네요 ( 개인 적 인 의견 입니다 ),2020-11-10 16:19:57
648800,Raft,positive,100시간 넘게 아주 재미나게 하고있습니다 빨리 다음 업데이트가 나왔음 좋겠네요 ~ 이러다 배가아니라 섬이되겠어요,100시간 넘게 아주 재미나 게 하고있습니다 빨리 다음 업데이트 가 나왔음 좋겠네요 ~ 이러다 배가아니라 섬 이 되겠어요,2020-11-10 01:38:31
648800,Raft,positive,아 이겜은 질병하다가 하면 맨탈케어겜,아 이 겜 은 질병 하다가 하면 맨 탈 케어 겜,2020-11-09 18:06:22
648800,Raft,positive,갓겜,갓 겜,2020-11-09 12:30:24
648800,Raft,positive,친구랑하면 진짜 꿀잼 ㅎㅎ 아직 반도 못함,친구 랑 하면 진짜 꿀잼 ㅎㅎ 아직 반도 못 함,2020-11-09 09:01:24
648800,Raft,positive,"노버그, 노치트, 노서버로 게임을 하면, 이 게임의 진정한 묘미를 느낄 수 있습니다. 아이유의 밤편지를 들으면서 밤낚시를 해보세요.","노 버그 , 노 치트 , 노 서버 로 게임 을 하면 , 이 게임 의 진정한 묘미 를 느낄 수 있습니다 . 아이유 의 밤 편지 를 들으면서 밤 낚시 를 해보세요 .",2020-11-09 05:37:15
648800,Raft,positive,g,g,2020-11-08 22:39:34
648800,Raft,positive,이게임 처음할때 캐릭터 고르는데 그부분에서 남자가 두명인줄 알았다 진심으로 여캐 없는줄 30대 남성이랑 10대 남성인줄 여자 머리를 묶어주던가.. 남잔줄알앗음 그리고 이게임 진짜 추천함 자유도가 높음 배를 만들고 식량을 구하고 야생을 즐기는 재미가 있음 친구랑 하면 더 재밌음 상황극하면서 하면 몰입도 있음 배멀미 하는사람이 게임을 하면 진짜 멀미 할정도로 배 흔들림이 리얼함 업데이트 끊이지않고 됐으면 좋겠다,이 게임 처음 할 때 캐릭터 고르는데 그 부분 에서 남자 가 두 명인 줄 알았다 진심 으로 여캐 없는줄 30 대 남성 이랑 10 대 남성 인 줄 여자 머리 를 묶어주던가 .. 남잔 줄 알앗음 그리고 이 게임 진짜 추천 함 자유도 가 높음 배 를 만들고 식량 을 구 하고 야생 을 즐기는 재미 가 있음 친구 랑 하면 더 재밌음 상황 극 하면서 하면 몰입도 있음 배 멀미 하는 사람 이 게임 을 하면 진짜 멀미 할 정도 로 배 흔들림이 리얼 함 업데이트 끊이지 않고 됐으면 좋겠다,2020-11-08 22:08:07
648800,Raft,positive,스토리가 많지 않아 아쉽지만 기본적으로 생존게임을 좋아하는 사람이라면 재미는 보장합니당 그리고 여러 사람이랑 같이 하면 더 재밋는 게임 이에요! 주변 친구들을 모아서 같이 배를 건설하고 꾸며보세요 굿굿 파밍의 노예들 호호,스토리 가 많지 않아 아쉽지만 기본 적 으로 생존 게임 을 좋아하는 사람 이 라면 재미 는 보장 합니당 그리고 여러 사람 이랑 같이 하면 더 재밋는 게임 이에요 ! 주변 친구 들 을 모아서 같이 배 를 건설 하고 꾸며 보세요 굿굿 파밍 의 노예 들 호호,2020-11-08 21:58:35
648800,Raft,positive,뉴비유저 - 상어때문에 못하겠어 ㅠㅠㅠㅠ 고인물 - 식량없다 상어잡아오자,뉴비 유저 - 상어 때문 에 못 하겠어 ㅠㅠㅠㅠ 고 인물 - 식량 없다 상어 잡아오자,2020-11-08 21:01:31
648800,Raft,positive,^^,^^,2020-11-08 19:56:58
648800,Raft,positive,초반 : 으악 상어 꺼져 후반 : 먹이 어서오고 ㅋㅋ,초반 : 으악 상어 꺼져 후반 : 먹이 어서 오고 ㅋㅋ,2020-11-08 14:40:44
648800,Raft,positive,난..난 왜 서버가 안만들어져.. 환불했지만 다시 사고싶어..,난 .. 난 왜 서버 가 안 만들어져 .. 환불 했지만 다시 사고싶어 ..,2020-11-08 13:06:19
648800,Raft,positive,꿀덈,꿀덈,2020-11-08 01:08:03
648800,Raft,positive,상어는 아주 좋은 식재료 입니다.,상어 는 아주 좋은 식 재료 입니다 .,2020-11-07 22:10:58
648800,Raft,positive,바다 위에서 쓰레기 주우며 나를 생각하는 시간을 가질 수 있... 는줄 알았더니 할일이 너무 많음;;,바다 위 에서 쓰레기 주우 며 나를 생각 하는 시간 을 가질 수 있 ... 는줄 알았더니 할 일이 너무 많음 ;;,2020-11-07 21:04:37
648800,Raft,positive,준비물 함께할 친구,준비물 함께 할 친구,2020-11-07 00:01:37
648800,Raft,positive,개재밌음 갓겜임 2만원 어치 컨텐츠 훨씬 넘음... 솔직히 2018년 초창기는 암것도없었는데 지금은 리얼 갓겜 퍼즐요소랑 탐험이랑 집꾸미고 막 그런거 다있어서 존나재밌음,개 재밌음 갓 겜임 2만원 어치 컨텐츠 훨씬 넘음 ... 솔직히 2018년 초창 기는 암 것 도 없었는데 지금 은 리얼 갓 겜 퍼즐 요소 랑 탐험 이랑 집 꾸미고 막 그런거 다 있어서 존나 재밌음,2020-11-06 21:57:08
648800,Raft,positive,시간가는줄 모르고 엄청 재밌게했어요~ㅋㅋㅋㅋㅋㅋㅋㅋㅋㅋㅋㅋㅋㅋㅋㅋㅋㅋㅋㅋㅋㅋㅋㅋㅋㅋㅋ,시간 가는줄 모르고 엄청 재밌게 했어요 ~ ㅋㅋㅋㅋㅋㅋㅋㅋㅋㅋㅋㅋㅋㅋㅋㅋㅋㅋㅋㅋㅋㅋㅋㅋㅋㅋㅋ,2020-11-06 20:50:39
648800,Raft,positive,업데이트 주기만 좀 빨라지면 참 좋을것같네요,업데이트 주기 만 좀 빨라지면 참 좋을것 같네요,2020-11-06 19:21:06
648800,Raft,positive,혼자해도 재미있지만 친구들이랑 해도 재미있는 래프트 너무 재미있습니다 재미가 넘쳐나네요 :>,혼자 해도 재미있지만 친구 들 이랑 해도 재미있는 래프트 너무 재미있습니다 재미 가 넘쳐나네요 :>,2020-11-06 16:23:43
648800,Raft,positive,good game(재미있고친구랑싸움나는게임ㅋ),good game ( 재미있고 친구 랑 싸움나는 게임 ㅋ ),2020-11-06 14:33:41
648800,Raft,positive,재밌지만 컨텐츠 부족이 심각함 빠른 업데이트가 요구되나 장인정신인지 업데이트가 느림.,재밌지만 컨텐츠 부족 이 심각함 빠른 업데이트 가 요구 되나 장인정신 인지 업데이트 가 느림 .,2020-11-06 01:04:00
648800,Raft,positive,상어가 사랑스러워 지면 익숙해 지신 겁니다,상어 가 사랑스러워 지면 익숙해 지신 겁니다,2020-11-06 00:30:43
648800,Raft,positive,재밌는데 위아래로 흔들려서 좀 토나옴 그거빼면 개꿀잼~,재밌는데 위아래 로 흔들려서 좀 토나옴 그거 빼면 개꿀잼 ~,2020-11-05 21:27:24
648800,Raft,positive,.,.,2020-11-05 17:43:50
648800,Raft,positive,ㄹㅇ 힐링겜 ㅋㅋㅋㅋ ㅋㅋ,ㄹㅇ 힐링 겜 ㅋㅋㅋㅋ ㅋㅋ,2020-11-05 15:11:31
648800,Raft,positive,재미있고 정말 친구와 우정이 꺠지는 게임 완정 추천합니다,재미있고 정말 친구 와 우정 이 꺠 지는 게임 완정 추천 합니다,2020-11-05 14:44:52
648800,Raft,positive,굿굿 생각보다 잘만듬. 꿀잼,굿굿 생각 보다 잘만 듬 . 꿀잼,2020-11-05 10:16:51
648800,Raft,positive,잼,잼,2020-11-05 09:10:32
648800,Raft,positive,바다 마인크래프트의 느낌... 스토리적으론 휑하니 떨궈놓는 인디 크래프트 계열은 절대 아니었고 꽤 괜찮았습니다. 배경 스토리가 정말 마음에 들었는데 듣고보니 '과연 그랬구나...'하고 생각하게하는 ? 꽤나 스토리쪽을 챙겨줘서 좋았습니다. 크래프팅 쪽도 마찬가지로 굉장히 만족스럽습니다. 잔뜩 게임을 쟁여놓고하는지라 차근차근 플레이하는데 연속적으로 안좋은 걸 만나 전체적으로 기대 이하로 플레이했지만 꽤나 만족스러운 게임입니다. 다만 재료의 압박이...특히 나무가 굉장히 소모가 심해서 (특히 뻑하면 배 물어뜯는상어가 빡칩니다) 친구의,바다 마인크래프트 의 느낌 ... 스토리 적 으론 휑하 니 떨궈놓는 인디 크래프트 계열 은 절대 아니었고 꽤 괜찮았습니다 . 배경 스토리 가 정말 마음 에 들었는데 듣고 보니 ' 과연 그랬구나 ...' 하고 생각 하게하는 ? 꽤 나 스토리 쪽 을 챙겨줘서 좋았습니다 . 크 래프팅 쪽 도 마찬가지 로 굉장히 만족스럽습니다 . 잔뜩 게임 을 쟁 여 놓고하는지라 차근차근 플레이 하는데 연속 적 으로 안좋은 걸 만나 전체 적 으로 기대 이하 로 플레이 했지만 꽤 나 만족스러운 게임 입니다 . 다만 재료 의 압박 이 ... 특히 나무 가 굉장히 소모 가 심해서 ( 특히 뻑하 면 배 물어 뜯는 상어 가 빡칩니다 ) 친구 의,2020-11-05 07:49:44
648800,Raft,positive,친구들이랑 하면 개존잼,친구 들 이랑 하면 개존잼,2020-11-05 04:11:19
648800,Raft,positive,남자친구 혹은 여자친구와 플레이 할 것을 추천함,남자친구 혹은 여자친구 와 플레이 할 것 을 추천 함,2020-11-04 00:48:49
648800,Raft,positive,나무판자 네개로 바다를 표류하는게 가능해? 이 게임은 ㅆㄱㄴ 매번 업데이트 때마다 상상도 못할 일들이 우릴 기다린다구! 유저 피드백 완전 잘받는 갓갓개발진들 믿고 지금 구매하세요,나무 판자 네 개 로 바다 를 표류 하는게 가능해 ? 이 게임 은 ㅆㄱㄴ 매번 업데이트 때 마다 상상 도 못 할 일 들 이 우릴 기다린다구 ! 유저 피드백 완전 잘 받는 갓 갓 개발 진 들 믿고 지금 구매 하세요,2020-11-03 04:33:36
648800,Raft,positive,재밌어요,재밌어요,2020-11-03 02:03:46
648800,Raft,positive,"재밌으,ㅁ","재밌으 , ㅁ",2020-11-02 21:39:14
648800,Raft,positive,꿀잼,꿀잼,2020-11-02 20:20:00
648800,Raft,positive,* 장점 - 처음 접하는 사람도 어렵지 않게 플레이가 가능함. 스토리진행에 필요한 설명이 너무 쉽지도 어렵지도 않게 되어있음 - 뗏목을 제작하는 재미가 있음. 뗏목 건설이 생각보다 디테일하게 가능함 - 뗏목에서 보는 달이 이쁨 - 친구랑 같이하기 괜찮음 * 단점 - 친구랑 같이 안하면 안괜찮음. 스토리 진행에 필요한 아이템이 구석구석 숨겨져 있어서 시간이 많이 걸림 - 힘듬. 퇴근하고 와서 게임을 키면 출근하는 기분임 * 짜잘한 팁 - 멀미에 약한 사람은 '설정' 에서 멀미 모드 적용 가능함,* 장점 - 처음 접 하는 사람 도 어렵지 않게 플레이 가 가능함 . 스토리 진행 에 필요한 설명 이 너무 쉽지도 어렵지도 않게 되어있음 - 뗏목 을 제작 하는 재미 가 있음 . 뗏목 건설 이 생각 보다 디테 일하게 가능함 - 뗏목 에서 보는 달이 이쁨 - 친구 랑 같이 하기 괜찮음 * 단점 - 친구 랑 같이 안 하면 안 괜찮음 . 스토리 진행 에 필요한 아이템 이 구석구석 숨겨져 있어서 시간 이 많이 걸림 - 힘듬 . 퇴근 하고 와서 게임 을 키 면 출근 하는 기분 임 * 짜잘 한 팁 - 멀미 에 약한 사람 은 ' 설정 ' 에서 멀미 모드 적용 가능함,2020-11-02 00:47:20
648800,Raft,positive,존나 재밌음ㅋㅋ,존나 재밌음 ㅋㅋ,2020-11-02 00:32:05
648800,Raft,positive,와! 보트 와! 상어 이 두 가지로 게임을 상당히 재미있게 만듦 하지만 챕터 업데이트 속도가 너무 느림 그거 빼고 괜찮음,와 ! 보트 와 ! 상어 이 두 가지 로 게임 을 상당히 재미있게 만듦 하지만 챕 터 업데이트 속도 가 너무 느림 그거 빼고 괜찮음,2020-11-01 18:40:15
648800,Raft,positive,정말 재미있고 업뎃될때마다 신기하고 새로운 것들을 찾는 재미까지 있어 너무 만족합니다. 모험과 노가다 좋아하시는분들은 더욱 빠져들겄같아요.혼자하는것보단 지인이나 가족과 함께 하는걸 추천드려요.,정말 재미있고 업뎃될때 마다 신기하고 새로운 것 들 을 찾는 재미 까지 있어 너무 만족합니다 . 모험 과 노가다 좋아하시는 분 들 은 더욱 빠져들 겄 같아요 . 혼자 하는것보단 지인 이나 가족 과 함께 하 는걸 추천 드려요 .,2020-11-01 09:39:09
648800,Raft,positive,"친구랑 하면 재밌음. 업데이트가 기다려지는 게임. 퍼즐적인 요소와 스토리, 파밍 요소가 잘 어우러져있음.","친구 랑 하면 재밌음 . 업데이트 가 기다려지는 게임 . 퍼즐 적 인 요소 와 스토리 , 파밍 요소 가 잘 어우러져있음 .",2020-11-01 02:39:23
648800,Raft,positive,스토리 8/10 (게임이 어떻게 진행되는지 알 수 있음) 화질 8/10 (단순하지만 깔끔하게 만들었음) 난이도 10/10 (다양한 난이도들 실력에 따라서 할 수 있어서 좋음) 가격 8/10 (본인은 21000원때 샀음) 시간 100/10 (나 언제 20시간 넘게 했지 ) 도합 134/50 옛날에 나왔을 때 부터 봤었는데 계속 업데이트도 되고 재밌음 온라인으로 하면 재미가 두배 필요한 자원도 두배 시간 가는것도 두배,스토리 8/10 ( 게임 이 어떻게 진행 되는지 알 수 있음 ) 화질 8/10 ( 단순하지만 깔끔하게 만들었음 ) 난이도 10/10 ( 다양한 난이도 들 실력 에 따라서 할 수 있어서 좋음 ) 가격 8/10 ( 본인 은 21000원 때 샀음 ) 시간 100/10 ( 나 언제 20시간 넘게 했지 ) 도합 134/50 옛날 에 나왔을 때 부터 봤었는데 계속 업데이트 도 되고 재밌음 온라인 으로 하면 재미 가 두 배 필요한 자원 도 두 배 시간 가는것도 두 배,2020-10-31 21:49:40
648800,Raft,positive,상어는 좋은 단백질 공급원이였습니다.... 친구들이랑 정말 재밌게 했습니다. 다음 챕터 업데이트가 기대되고 배를꾸밀수있는 업데이트가 있었으면 좋겠네요,상어 는 좋은 단백질 공급원 이 였습니다 .... 친구 들 이랑 정말 재밌게 했습니다 . 다음 챕 터 업데이트 가 기대되 고 배 를 꾸밀수있는 업데이트 가 있었으면 좋겠네요,2020-10-31 13:47:37
648800,Raft,positive,게임 업뎃좀 빨리 했으면...이번 챕터 엔딩은 너무 허무함 게임은 재밌는데 혼자하면 재미없고 사람 많이 모아서 하면 할일이 그렇게 많지는 않아서 지루해지고 2명에서 3명 많으면 4명이 제일 적합하다고 봄 ㅇㅇ,게임 업뎃좀 빨리 했으면 ... 이번 챕 터 엔딩 은 너무 허무함 게임 은 재밌는데 혼자 하면 재미없고 사람 많이 모아서 하면 할 일이 그렇게 많지는 않아서 지루해지고 2 명 에서 3 명 많으면 4 명 이 제일 적합하다고 봄 ㅇㅇ,2020-10-31 06:09:21
648800,Raft,positive,ㅈ까,ㅈ 까,2020-10-31 00:45:48
648800,Raft,positive,오직 생존게임만을 원하시는 분들에게만 강추!!!!,오직 생존 게임 만을 원하시는 분 들 에게만 강추 !!!!,2020-10-30 10:55:43
648800,Raft,positive,얼리억세스인 만큼 존버하는 시간은 길지만 그만큼 잘만든 갓겜이다 ㄹㅇ,얼리 억 세 스 인 만큼 존버하 는 시간 은 길 지만 그만큼 잘만 든 갓 겜 이다 ㄹㅇ,2020-10-29 23:32:35
648800,Raft,positive,Very Good,Very Good,2020-10-29 23:26:56
648800,Raft,positive,"게임 자체로는 신박하고 재밌다. 하지만 죽으면 인벤토리에 있는 모든템 소멸, 다시 찾을수 없는 제약이 걸려있어서 쉬우면서도 하드코어한게임.","게임 자체 로는 신 박하 고 재밌다 . 하지만 죽으면 인벤 토리 에 있는 모든 템 소멸 , 다시 찾을수 없는 제약 이 걸려있어서 쉬우면서도 하드코어 한게임 .",2020-10-29 21:06:40
648800,Raft,positive,솔직히 말해서 게임 자체는 재미있습니다 그런데 이런 fps 시점의 멀미가 조금이라도 있으신 분들은 하지 마세요 저는 5 분 플레이하고 30 분 쉬는 방법으로 플레이를 했는데 이제 30 분 휴식으로도 익숙해지지가 않아서 플레이 포기합니다,솔직히 말 해서 게임 자체 는 재미있습니다 그런데 이런 fps 시점 의 멀미 가 조금 이라도 있으신 분 들 은 하지 마세요 저 는 5 분 플레이 하고 30 분 쉬는 방법 으로 플레이 를 했는데 이제 30 분 휴식 으로도 익숙해지지가 않아서 플레이 포기 합니다,2020-10-29 17:23:59
648800,Raft,positive,친구랑 같이하면 재밌어요 쉴틈이 없음 밥먹고파밍하고물먹고파밍하고또밥먹고,친구 랑 같이 하면 재밌어요 쉴 틈 이 없음 밥 먹고 파밍 하 고물 먹고 파밍 하고 또밥 먹고,2020-10-29 17:07:56
648800,Raft,positive,네,네,2020-10-29 12:43:42
648800,Raft,positive,친구랑 같이하면 힐링 갓겜,친구 랑 같이 하면 힐링 갓 겜,2020-10-29 09:39:35
648800,Raft,positive,아몰랑,아 몰랑,2020-10-28 23:12:29
648800,Raft,positive,업데이트 좋다 Update is Good,업데이트 좋다 Update is Good,2020-10-28 19:45:07
648800,Raft,positive,힐링게임겸 혼자해도 재밌고 같이하면 더 즐거운게임(근데 같이 해본적이 엄서..),힐링 게임 겸 혼자 해도 재밌고 같이 하면 더 즐거운 게임 ( 근데 같이 해 본적 이 엄 서 ..),2020-10-28 13:12:14
648800,Raft,positive,오랜만에 친구들이랑 하하호호 하며 게임했어요. 최근들어서 가장 즐겁게 한 거 같아요.,오랜 만 에 친구 들 이랑 하하호호 하며 게임 했어요 . 최근 들어서 가장 즐겁게 한 거 같아요 .,2020-10-28 09:39:14
648800,Raft,positive,어제 샀고 11시간 했습니다 정말 재밌습니다! 샌드박스류 소소한 생존게임 좋아하시는 분들에게 추천드려요. 친구랑 둘이 했는데 사람 많이 모아서 하면 너무 재밌을 거 같아요,어제 샀고 11시간 했습니다 정말 재밌습니다 ! 샌드박스 류 소소한 생존 게임 좋아하시는 분 들 에게 추천 드려요 . 친구 랑 둘 이 했는데 사람 많이 모아서 하면 너무 재밌을 거 같아요,2020-10-27 19:37:19
648800,Raft,positive,이야 갓겜,이야 갓 겜,2020-10-27 17:41:22
648800,Raft,positive,나름 궁금증을 유발하는 스토리 괜찮은 게임성 점점 커져가는 땟목을보며 얻는 만족감과 그걸 물어뜯는 상어를 보며 얻는 개같음 게임자체는 돈값을 한다고 생각했어요 출시 날짜를 보기 전까지는 보기전에는 다음 업데이트가 기대된다 였는데 보고 나서는 허탈 하덥니다 뭔짓거리를 하고 살길레 2년동안 업데이트를 이것밖에 안했을까 기억에서 잊혀질때쯤에나 다음 업데이트 하겠죠뭐 내가 봤을때 한 4년은 지나야 얼엑딱지 땜 한 3년 뒤에나 사십쇼,나름 궁금증 을 유발 하는 스토리 괜찮은 게임 성 점점 커져가는 땟목을보 며 얻는 만족감 과 그걸 물어 뜯는 상어 를 보며 얻는 개 같음 게임 자체 는 돈값 을 한다고 생각 했어요 출시 날짜 를 보기 전 까지는 보기전에는 다음 업데이트 가 기대 된다 였는데 보고 나서는 허탈 하 덥니다 뭔 짓거리 를 하고 살길 레 2년 동안 업데이트 를 이 것 밖에 안 했을까 기억 에서 잊혀질 때 쯤 에나 다음 업데이트 하겠죠 뭐 내 가 봤을 때 한 4년 은 지나야 얼 엑 딱지 땜 한 3년 뒤 에나 사십 쇼,2020-10-27 15:46:06
648800,Raft,positive,"God Game. If you're not playing this game, please start the Raft.","God Game . If you ' re not playing this game , please start the Raft .",2020-10-26 19:51:02
648800,Raft,positive,good,good,2020-10-26 18:10:52
648800,Raft,positive,힐링 됨,힐링 됨,2020-10-26 17:54:28
648800,Raft,positive,"친구랑 바다가기로했는데, 코로나 때문에 못가서 어쩌지?하다가 그냥 샀는데 생각 이상으로 재밌어서 정말 좋네요... 지금 친구가 저한테 카톡할때마다 맨날 레프트하자고 그래요... 제 친구가 레프트에 미쳐있어요 감사합니다","친구 랑 바다 가기 로 했는데 , 코로나 때문 에 못 가서 어쩌지 ? 하다가 그냥 샀는데 생각 이상 으로 재밌어서 정말 좋네요 ... 지금 친구 가 저 한테 카톡 할 때 마다 맨날 레프트 하자고 그래요 ... 제 친구 가 레프트 에 미쳐있어요 감사합니다",2020-10-26 16:33:47
648800,Raft,positive,재미있어요 재미있는데 친구랑 하고싶어요 ㅠㅠ 근데 겜친구가 없어요 ㅠㅠ,재미있어요 재미있는데 친구 랑 하고싶어요 ㅠㅠ 근데 겜 친구 가 없어요 ㅠㅠ,2020-10-26 12:01:18
648800,Raft,positive,친구가 있고 없고의 차이가 심함,친구 가 있고 없고의 차이 가 심함,2020-10-26 02:13:01
648800,Raft,positive,멍 때리면서 힐링하기 딱 좋음 혼자 힐링하는거 좋아하면 추천~~ 혼자서는 절대 못한다면 친구들이랑하면 더 재밌어요~~ 친구가 없다구요..? 아....,멍 때리면서 힐링 하기 딱 좋음 혼자 힐링 하는거 좋아하면 추천 ~~ 혼자 서는 절대 못 한다면 친구 들 이랑 하면 더 재밌어요 ~~ 친구 가 없다구요 ..? 아 ....,2020-10-26 01:10:00
648800,Raft,positive,개꿀잼이네,개꿀잼 이네,2020-10-25 21:01:02
648800,Raft,positive,재밌어요ㅎㅎ 근데.. 물밑에 뭐없음 너무나 시커매서.. 무서워요... 상어도 너무 무섭고ㅜㅜ 그래서 평화모드로 아주 평화롭게 하고있어요ㅋㅋㅋ,재밌어요 ㅎㅎ 근데 .. 물밑 에 뭐 없음 너무나 시커매서 .. 무서워요 ... 상어 도 너무 무섭고 ㅜㅜ 그래서 평화 모드 로 아주 평화롭게 하고있어요 ㅋㅋㅋ,2020-10-25 20:28:24
648800,Raft,positive,재밌는데 컨텐츠 너무 빨리 떨어짐 ㅠ,재밌는데 컨텐츠 너무 빨리 떨어짐 ㅠ,2020-10-25 18:20:32
648800,Raft,positive,재밌음,재밌음,2020-10-25 16:30:49
648800,Raft,positive,대성이가 생존하는 게임,대성 이 가 생존 하는 게임,2020-10-24 19:02:50
648800,Raft,positive,하다보면 재미에 빠져듬,하다 보면 재미 에 빠져듬,2020-10-24 17:49:05
648800,Raft,positive,023.,023 .,2020-10-24 16:28:10
648800,Raft,positive,자유도도 되게 높고 혼자서도 할수 있고 친구들이랑도 할수있다는게 큰 장점이에요 상어 리젠 시간이조금 늘어났으면 좋겠네요 ㅠㅠ 재밌게 하고있습니다! 정가 주고 삿는데 돈 안아까워요,자유도 도 되게 높고 혼자 서도 할수 있고 친구 들 이랑 도 할수있다는게 큰 장점 이에요 상어 리젠 시간 이 조금 늘어났으면 좋겠네요 ㅠㅠ 재밌게 하고있습니다 ! 정가 주고 삿는데 돈 안 아까워요,2020-10-24 14:52:03
648800,Raft,positive,좋음 걍 사셈,좋음 걍 사셈,2020-10-24 11:05:45
648800,Raft,positive,노가다게임.....친구없으면 사지마세요. ...근데 게임 자체는 재밌음,노가다 게임 ..... 친구 없으면 사지 마세요 . ... 근데 게임 자체 는 재밌음,2020-10-24 04:37:55
648800,Raft,positive,상어 개좃같음,상어 개좃같음,2020-10-24 04:13:06
648800,Raft,positive,굿굿멀티재밌다~,굿굿 멀티 재밌다 ~,2020-10-23 18:43:08
648800,Raft,positive,인생게임,인생게임,2020-10-23 14:45:14
648800,Raft,positive,쳅터 2 업테이트되고 할인하길래 다운받아봤습니다. 역시 재밌습니다. 넉넉하게 집 꾸미면서 해도 30시간이면 챕터2 앤딩 봅니다. 같이 할 사람이 있다면 강추드립니다. 2~3명이 제일 적당한듯 합니다. 그 이상하면 식량이 너무 부족해짐ㅋㅋㅋ,쳅터 2 업테 이 트 되고 할인 하길래 다운 받아 봤습니다 . 역시 재밌습니다 . 넉넉하게 집 꾸미면서 해도 30시간 이면 챕 터 2 앤딩 봅니다 . 같이 할 사람 이 있다면 강추 드립니다 . 2~3 명 이 제일 적당한듯 합니다 . 그 이상하면 식량 이 너무 부족해 짐 ㅋㅋㅋ,2020-10-23 09:54:41
648800,Raft,positive,일단 업데이트가 빨라서 좋고 현실성 있어서 좋아요 재밌습니다,일단 업데이트 가 빨 라서 좋고 현실 성 있어서 좋아요 재밌습니다,2020-10-23 09:16:14
648800,Raft,positive,이거 버그 고치는법 아시는 분 제발 댓글 부탁드려요ㅠㅠㅠㅠ쉬움모드고 돛 방향을 아무리 바뀌어도 수신기 내에 있는 숫자가 줄어들지않아요 (레이더 미터 숫자) 돛 방향 진짜 동서남북 사선 다바꿔봐도 그냥 숫자가 오르기만해요. 가끔 줄었다가 또올라가고 재접도 해보고 돛 위치도 옮겨보고 노도져어봤는ㄷ ㅔㅜㅜㅜㅜㅜㅜ대체 이거 어캐고치나여,이 거 버그 고치는 법 아시 는 분 제발 댓글 부탁드려요 ㅠㅠㅠㅠ 쉬움 모드 고 돛 방향 을 아무리 바뀌어도 수신기 내 에 있는 숫자 가 줄어들지 않아요 ( 레이더 미터 숫자 ) 돛 방향 진짜 동서남북 사선 다 바꿔 봐도 그냥 숫자 가 오르기만 해 요 . 가끔 줄었다가 또 올라가고 재 접도 해보고 돛 위치 도 옮겨 보고 노도 져어 봤는 ㄷ ㅔㅜㅜㅜㅜㅜㅜ 대체 이 거 어 캐고치나여,2020-10-23 04:37:29
648800,Raft,positive,최근 업데이트 엄청 됐대서 다시 해보곤 싶은데 할 친구들이 죄다 사라져버려서 깔 기회가 없다,최근 업데이트 엄청 됐 대서 다시 해보곤 싶은데 할 친구 들 이 죄다 사라져 버려서 깔 기회 가 없다,2020-10-23 02:10:29
648800,Raft,positive,정신 나갈꺼 같아,정신 나갈꺼 같아,2020-10-23 00:55:59
648800,Raft,positive,독수리 ^^ㅣ발 돌좀 적당히 떨궈,독수리 ^^ ㅣ 발 돌좀 적당히 떨궈,2020-10-23 00:13:17
648800,Raft,positive,노가다인데 마약같은...,노가다 인데 마약 같은 ...,2020-10-22 23:43:36
648800,Raft,positive,개꿀잼,개꿀잼,2020-10-22 22:57:07
648800,Raft,positive,재미써,재미 써,2020-10-22 21:22:23
648800,Raft,positive,^ㅣ발,^ ㅣ 발,2020-10-22 20:53:46
648800,Raft,positive,꾸준한 업데이트 아주 매력적이네요,꾸준한 업데이트 아주 매력 적이네요,2020-10-22 20:09:10
648800,Raft,positive,재밌음,재밌음,2020-10-22 12:09:14
648800,Raft,positive,개인적으로 솔로 플레이보단 멀티 플레이가 더 재밌었어요 게임 진행속도도 빠르구요 혼자서하면 재료캐랴 상어잡으랴 배돌리랴 재밌긴 하지만 힘들어요 이번 컨텐츠도 정말 좋아요 진짜재밌네요ㅋㅋㅋ 아쉬운 점은 바닷속 재료들 캐는 것도 제작해서 시간이 걸리더라도 수급할수 있도록 하면 좋겠어요 후반부가면 광물재료같은거 많이 필요한데 혼자할땐 시간이 너무 오래걸려요 적게 주더라도 배에서 수급하게 해주세요 ㅠㅠ,개인 적 으로 솔로 플레이 보단 멀티 플레이 가 더 재밌었어요 게임 진행 속도 도 빠르구요 혼자 서하면 재료 캐랴 상어 잡으랴 배 돌리랴 재밌긴 하지만 힘들어요 이번 컨텐츠 도 정말 좋아요 진짜 재밌네요 ㅋㅋㅋ 아쉬운 점 은 바 닷 속 재료 들 캐는 것 도 제작 해서 시간 이 걸리더라도 수급 할수 있도록 하면 좋겠어요 후반 부가 면 광물 재료 같은거 많이 필요한데 혼자 할 땐 시간 이 너무 오래 걸려요 적게 주더 라도 배 에서 수급 하게 해주세요 ㅠㅠ,2020-10-22 06:49:26
648800,Raft,positive,친구랑 하면 매우 재미따. 근데 가면갈수록 폐지줍는 겜같음..,친구 랑 하면 매우 재미 따 . 근데 가면 갈수록 폐지 줍는 겜 같음 ..,2020-10-22 02:31:48
648800,Raft,positive,good,good,2020-10-21 19:42:52
648800,Raft,positive,아아아아아앙아아아중우우ㅜ우우우우 추천합니다,아아 아아 아 앙 아아 아중 우우 ㅜ 우우 우우 추천 합니다,2020-10-21 17:23:07
648800,Raft,positive,쓰레기가 소중해요,쓰레기 가 소중해요,2020-10-21 16:26:51
648800,Raft,positive,섹시한 상어와 데이트할수있어서 좋았습니다,섹시한 상어 와 데이트 할수있어서 좋았습니다,2020-10-21 15:20:01
648800,Raft,positive,재밌다 친구가 필요하다,재밌다 친구 가 필요하다,2020-10-21 15:17:16
648800,Raft,positive,오예~!! 오늘 저녁은 상어고기~,오예 ~!! 오늘 저녁 은 상어 고기 ~,2020-10-21 15:06:18
648800,Raft,positive,후반가서는 나무가 후달려...,후반 가 서는 나무 가 후 달려 ...,2020-10-21 12:53:34
648800,Raft,positive,재밌음. 다만 컨텐츠 소모 속도가 생각보다 빠름.,재밌음 . 다만 컨텐츠 소모 속도 가 생각 보다 빠름 .,2020-10-21 10:06:23
648800,Raft,positive,"친구들이랑 진짜 완전 재밌게 했음. ※다만, ""절대로"" 리트 할 일은 없길 바람. 본 필자는 친구들과 즐거운 래프트를 플레이 하다 마더베어한테 몰살을 당해 리트를 했다. 그때의 난이도는 어려움이라 부활도 못 했었음, 결국 어쩔수 없이 리트를 택했다. 리트를 하고 난 이후 엄청난 현자타임이 왔다. 즐겁게 사용하던 정수기와 그릴은 어디로 간지 간이 정수기와 간이 바베큐가 우리를 반겼고 그 상실감은 차마 말 할 수가 없었다. 그리고 다시 자원을 파밍해 그물 채울 생각을 하다 정신이 나갈거 같았고 바다가 흐르는 대로 가며 많은 생각","친구 들 이랑 진짜 완전 재밌게 했음 . ※ 다만 , "" 절대로 "" 리트 할 일 은 없길 바람 . 본 필자 는 친구 들 과 즐거운 래프트 를 플레이 하다 마더 베 어 한테 몰살 을 당해 리트 를 했다 . 그때 의 난이도 는 어려움 이라 부활 도 못 했었음 , 결국 어쩔 수 없이 리트 를 택했다 . 리트 를 하고 난 이후 엄청난 현자 타임 이 왔다 . 즐겁게 사용 하던 정수기 와 그릴 은 어디 로 간지 간이 정수기 와 간이 바베큐 가 우리 를 반겼고 그 상실 감은 차마 말 할 수가 없었다 . 그리고 다시 자원 을 파밍 해 그물 채울 생각 을 하다 정신 이 나갈거 같았고 바다 가 흐르는 대로 가며 많은 생각",2020-10-21 09:39:54
648800,Raft,positive,시간가는줄모르게되게재밌게함,시간 가는줄 모르게 되게 재밌게 함,2020-10-21 01:37:46
648800,Raft,positive,얼리억세스 문구가 사라질 날이 오겠지?,얼리 억 세 스 문구 가 사라질 날 이 오겠지 ?,2020-10-20 20:12:13
648800,Raft,positive,재밌음 챕터2까지 깨는데 32시간 정도 걸림 인디게임에 이정도면 난 재밌다고 생각함,재밌음 챕 터 2 까지 깨는데 32시간 정도 걸림 인디 게임 에 이 정도 면 난 재밌다고 생각 함,2020-10-20 18:34:26
648800,Raft,positive,친구랑 하면 재밌음 근데 혼자하면 씹노잼,친구 랑 하면 재밌음 근데 혼자 하면 씹 노잼,2020-10-20 13:24:27
648800,Raft,positive,이제 바다에서 조난당해도 걱정이 없어요,이제 바다 에서 조난 당해도 걱정 이 없어요,2020-10-20 01:44:03
648800,Raft,positive,★★★★☆,★★★★☆,2020-10-20 00:07:19
648800,Raft,positive,시간 순삭당해버렸네;;,시간 순삭 당해 버렸네 ;;,2020-10-19 11:28:35
648800,Raft,positive,스토리ㄷㄷ,스토리 ㄷㄷ,2020-10-19 03:04:18
648800,Raft,positive,아니 여자친구와 피시방에서 하루종일을 밤새가면서 했는데 다른피시에서 하면 저장이 모두 날라가나요? 하 스트레스 받네요,아니 여자친구 와 피시방 에서 하루 종일 을 밤새가면서 했는데 다른 피시 에서 하면 저장 이 모두 날라가나요 ? 하 스트레스 받네요,2020-10-19 02:32:55
648800,Raft,positive,라마를 잃었을때 그 기분을 아는가 그 기분은 마치 월드콘 꼭지가 포장지에 껴서 나오지 않을때와 같은 기분이다,라마 를 잃었을 때 그 기분 을 아는가 그 기분 은 마치 월드콘 꼭지 가 포장 지에 껴서 나오지 않을 때 와 같은 기분 이다,2020-10-19 01:08:40
648800,Raft,positive,재밌는데 스토리 더나오면 좋겠서~,재밌는데 스토리 더 나오면 좋겠서 ~,2020-10-19 00:53:05
648800,Raft,positive,"마음맞는 사람들끼리, 쉽게 포기하지 않는 사람들과 함께라면 큰재미와 성취감을 느낄수 있는 게임.","마음 맞는 사람 들 끼리 , 쉽게 포기 하지 않는 사람 들 과 함께라면 큰 재미 와 성취 감 을 느낄수 있는 게임 .",2020-10-19 00:28:17
648800,Raft,positive,한국인 필수 게임,한국인 필수 게임,2020-10-18 22:07:18
648800,Raft,positive,상어가 무서웠던 초보는 마체테로 상어를 식량으로 만드는 기계가 됩니다.,상어 가 무서웠던 초보 는 마체테 로 상어 를 식량 으로 만드는 기계 가 됩니다 .,2020-10-18 21:11:44
648800,Raft,positive,싱글로 쉬움해서 해보니 충분히 혼자 생존 가능하네요 집 짓는 재미도있고 물론 친구분들이랑 하면 더욱 재밌지만 상어 잡는 요령도 생겨서 만족 ...싱글로 놀다보면 요령도 생기고 ...,싱글 로 쉬움 해서 해보니 충분히 혼자 생존 가능하네요 집 짓는 재미 도 있고 물론 친구 분들 이랑 하면 더욱 재밌지만 상어 잡는 요령 도 생겨서 만족 ... 싱글 로 놀다 보면 요령 도 생기 고 ...,2020-10-18 20:55:29
648800,Raft,positive,저는 왜 멀티가 안 될까요오... 그것 말고는 잼있네요..,저 는 왜 멀티 가 안 될까 요오 ... 그것 말고는 잼있네요 ..,2020-10-18 17:05:02
648800,Raft,positive,친구가 있어야 됨,친구 가 있어야 됨,2020-10-18 16:00:24
648800,Raft,positive,재 밌 음 !,재 밌 음 !,2020-10-18 13:53:35
648800,Raft,positive,상어? 곰? 안드로이드? 아닙니다 갈매기만 좀 어떻게 해주세요 허수아비가 갈매기를 쫓아내든지 아니면 갈매기 공격이 좀 쿨다운이 있던지... 허수아비 이거 싸구려도 아닙니다 배에 있을때는 옆에서 지키고 있다고 치지만 큰 섬 파밍 한번 다녀오면 허수아비들 전부 머가리 뜯기고 작물 절반이 날라갑니다 다른 동물들은 벽에 잘도 틀어박히는데 갈매기는 뭐 자유의 상징인가요? 지붕뚫고 벽뚫고 철이 되면 바닷가로 운전하고 가서 날아드는 갈매기떼들을 보면서 힐링을 받았던 제가 이제는 갈매기라고 하면 뚜껑부터 따고 싶네요 히힛,상어 ? 곰 ? 안드로이드 ? 아닙니다 갈매기 만 좀 어떻게 해주세요 허수아비 가 갈매기 를 쫓아내든지 아니면 갈매기 공격 이 좀 쿨 다운 이 있던지 ... 허수아비 이 거 싸구려 도 아닙니다 배 에 있을 때 는 옆 에서 지키고 있다고 치 지만 큰 섬 파밍 한번 다녀오면 허수아비 들 전부 머 가리 뜯기고 작물 절반 이 날라 갑니다 다른 동물 들 은 벽 에 잘도 틀어박히는데 갈매기 는 뭐 자유 의 상징 인가요 ? 지붕 뚫고 벽 뚫고 철 이 되면 바닷가 로 운전 하고 가서 날아드는 갈매기 떼 들 을 보면서 힐링 을 받았던 제 가 이제 는 갈매기 라고 하면 뚜껑 부터 따고 싶네요 히힛,2020-10-18 11:46:41
648800,Raft,positive,너무 재밌네요,너무 재밌네요,2020-10-18 11:43:26
648800,Raft,positive,굿잡,굿잡,2020-10-18 04:42:03
648800,Raft,positive,갓겜,갓 겜,2020-10-18 02:10:28
648800,Raft,positive,hey! i'm one of your big fan. I want some new characters or custonizing system. And it would be even better if each character had some skills. thank youuuu!!,hey ! i ' m one of your big fan . I want some new characters or custonizing system . And it would be even better if each character had some skills . thank youuuu !!,2020-10-18 01:17:42
648800,Raft,positive,친구들이랑 하루만에 엔딩보고 업뎃될때까지 건들면 안되는 겜.,친구 들 이랑 하루 만에 엔딩 보고 업뎃될때 까지 건 들 면 안되는 겜 .,2020-10-17 23:46:59
648800,Raft,positive,힐링이 필요하시다면 Raft 게임을 구매하세요! 이 게임은 당신이 혼자일지라도 힐링을 즐길 수 있게 도와주는 게임이며(단 당신이 생존게임 뉴비라면 평화모드에 국한된다는 것을 명심하십시오. 필자는 그랬습니다. 솔플로 보통을 즐긴다면 상어의 대가리를 창으로 찍다가 현타오는 당신을 발견하게 될 것입니다.) 어느 순간 다음 챕터만을 기다리고 있는 자신의 모습을 발견할 수 있게 될 것입니다.,힐링 이 필요하시다면 Raft 게임 을 구매 하세요 ! 이 게임 은 당신 이 혼자 일지 라도 힐링 을 즐길 수 있게 도와주는 게임 이며 ( 단 당신 이 생존 게임 뉴비 라면 평화 모드 에 국한 된다는 것 을 명 심하십시오 . 필자 는 그랬습니다 . 솔 플로 보통 을 즐긴다면 상어 의 대가리 를 창 으로 찍다가 현 타오 는 당신 을 발견 하게 될 것 입니다 .) 어느 순간 다음 챕 터 만을 기다리고 있는 자신 의 모습 을 발견 할 수 있게 될 것 입니다 .,2020-10-17 21:06:02
648800,Raft,positive,친구랑 하면 재밌 자원 없으면 줫망이니 꼭 모아놓고 진행하길,친구 랑 하면 재밌 자원 없으면 줫망 이니 꼭 모아놓고 진행 하길,2020-10-17 21:03:49
648800,Raft,positive,시간가는 줄 모르겠음... 눈뜨면 2~3시간씩 지나가있음..,시간 가는 줄 모르겠음 ... 눈뜨면 2~3시간 씩 지나가있음 ..,2020-10-17 17:36:37
648800,Raft,positive,친구랑하면 그냥 재밌음,친구 랑 하면 그냥 재밌음,2020-10-17 17:30:49
648800,Raft,positive,파밍겜으로써 재밋긴한데 너무 짧다는게 아쉬운요소 좀 더 발전가능성과 많은컨텐츠에 대한 욕심이 남,파밍 겜 으로써 재밋 긴한데 너무 짧다는게 아쉬운 요소 좀 더 발전 가능성 과 많은 컨텐츠 에 대한 욕심 이 남,2020-10-17 13:40:59
648800,Raft,positive,야매때,야매 때,2020-10-17 12:49:42
648800,Raft,positive,"난이도별 반응 평화로움 : 마인크래프트 바다편 쉬움 : 튜토리얼 보통 : 바다에서 살아남기 어려움 : 상어가 1마리, 2마리, 3마리? HELP!","난이도 별 반응 평화로움 : 마인크래프트 바다 편 쉬움 : 튜토리얼 보통 : 바다 에서 살아남기 어려움 : 상어 가 1 마리 , 2 마리 , 3 마리 ? HELP !",2020-10-17 06:59:18
648800,Raft,positive,재밋으,재밋으,2020-10-17 03:13:47
648800,Raft,positive,재밌읍니다...,재밌 읍니 다 ...,2020-10-17 02:12:45
648800,Raft,positive,상어도 새도 내걸 맘대로 뜯길래 나도 내맘대로 뜯어버렸다,상어 도 새도 내 걸 맘대로 뜯길래 나도 내 맘 대로 뜯어 버렸다,2020-10-17 00:12:15
648800,Raft,positive,개꿀잼...,개꿀잼 ...,2020-10-16 23:49:52
648800,Raft,positive,Literally trash collecting game. No sarcasm. Love it.,Literally trash collecting game . No sarcasm . Love it .,2020-10-16 22:28:38
648800,Raft,positive,멀티하자고,멀티 하자고,2020-10-16 21:59:22
648800,Raft,positive,래프트너모재밋당,래프트너모재밋당,2020-10-16 21:05:54
648800,Raft,positive,친구들과 하기에 딱 좋은 게임. 돈스타브보다 훨 좋았음.,친구 들 과 하기에 딱 좋은 게임 . 돈스 타 브 보다 훨 좋았음 .,2020-10-16 20:47:31
648800,Raft,positive,"뗏목을 타고 환경 미화원이 된다는 그런 느낌이다. 바다에 둥둥 떠다니는 쓰레기들을 끌어 모아서 건설을 하고 생존을 한다. 가끔 아무 생각 없이 바다와 변화하는 환경을 바라보며 힐링을 하려고 하는데...? 상어가 방해한다, 그럼 나무 꼬챙이로 손 좀 봐주도록 하자. 충분히 발전 가능한 게임이며 최근 업데이트로 할 것이 생겼으니 나중에 또 해봐야겠다.","뗏목 을 타고 환경 미화원 이 된다는 그런 느낌 이다 . 바다 에 둥둥 떠다니는 쓰레기 들 을 끌어 모아서 건설 을 하고 생존 을 한다 . 가끔 아무 생각 없이 바다 와 변화 하는 환경 을 바라보며 힐링 을 하려고 하는데 ...? 상어 가 방해 한다 , 그럼 나무 꼬챙이 로 손 좀 봐주도록 하자 . 충분히 발전 가능한 게임 이며 최근 업데이트 로 할 것 이 생겼으니 나중 에 또 해봐야겠다 .",2020-10-16 20:30:19
648800,Raft,positive,같이하기 좋음. 혼자 하면 적적할듯.,같이 하기 좋음 . 혼자 하면 적적할듯 .,2020-10-16 20:04:51
648800,Raft,positive,이게임은 생각보다 파도의 웨이브가 너무 사실적이라서 조금 어지럽습니다 친구들과 하다보면 답답한X이 때문에 답답해서 죽을거 같습니다. 그래서 가끔 한번씩하는거는 괜찮은거 같습니다.,이 게임 은 생각 보다 파도 의 웨이브 가 너무 사실 적 이라서 조금 어지럽습니다 친구 들 과 하다 보면 답답한 X 이 때문 에 답답해서 죽을거 같습니다 . 그래서 가끔 한번 씩 하는거는 괜찮은 거 같습니다 .,2020-10-16 19:47:10
648800,Raft,positive,.,.,2020-10-16 19:40:48
648800,Raft,positive,처음에는 지루할지 몰라도 차근히 쌓다보면 재미를 느낄수있는 게임이된다 혼자한다면 밥걱정은 그다지 없지만 파밍은 힘들다. 상어도 혼자 잡아야하니 더욱 힘들다 그러니 멀티로 인원을 모아서 래프트를 하는것이 좋다. 이 게임은 스토리가 있지만 스토리를 안따라가도 할수있는 게임입니다. 작은섬을 찾아 초반을 쌓고 중형섬을가 후반 컨텐츠를 즐기는게 좋다. 스토리만 쫓아 가다보면 커다란걸 볼수없다는 말을 실감할수있는 게임,처음 에는 지루할지 몰라도 차근히 쌓다 보면 재미 를 느낄수있는 게임 이 된다 혼자 한다면 밥 걱정 은 그다지 없지만 파밍 은 힘들다 . 상어 도 혼자 잡아 야하니 더욱 힘들다 그러니 멀티 로 인원 을 모아서 래프트 를 하는것이 좋다 . 이 게임 은 스토리 가 있지만 스토리 를 안 따라가도 할수있는 게임 입니다 . 작은 섬 을 찾아 초반 을 쌓고 중형 섬을가 후반 컨텐츠 를 즐기는게 좋다 . 스토리 만 쫓아 가다 보면 커다란 걸 볼수 없다는 말 을 실감 할수있는 게임,2020-10-16 14:49:12
648800,Raft,positive,시간도둑 개꿀잼,시간 도둑 개꿀잼,2020-10-16 02:53:32
648800,Raft,positive,친구 없으면 재미없는 겡미,친구 없으면 재미없는 겡미,2020-10-16 00:12:40
648800,Raft,positive,쓰레기 청소하는게임 혼자하면 재미없음,쓰레기 청소 하는 게임 혼자 하면 재미없음,2020-10-15 23:41:10
648800,Raft,positive,친구랑 같이하니까 재미가 있네요,친구 랑 같이하니까 재미 가 있네요,2020-10-15 21:36:43
648800,Raft,positive,상어쉑 ㅋㅋ 지건 딱 대,상어 쉑 ㅋㅋ 지건 딱 대,2020-10-15 20:36:59
648800,Raft,positive,재미있어요~,재미있어요 ~,2020-10-15 18:04:59
648800,Raft,positive,이게임은 전설이다 스토리도 너무 알차고 조금 공포요소도 있으며 돈만있다면 누구다 다 즐길수 있을거같아요,이 게임 은 전설 이다 스토리 도 너무 알차고 조금 공포 요소 도 있으며 돈 만 있다면 누구 다 다 즐길수 있을거 같아요,2020-10-15 16:59:46
648800,Raft,positive,뗏목 생존게임의 오리지널이자 정석 게다가 갓글화. 얼리다보니 콘텐츠가 작아보이지만 업데이트 할 때마다 플레이 누적 타임은 늘어만 간다 정식출시이 기다려진다,뗏목 생존 게임 의 오 리지 널이자 정석 게다가 갓 글 화 . 얼리다 보니 콘텐츠 가 작 아보 이지만 업데이트 할 때 마다 플레이 누적 타임 은 늘어만 간다 정식 출시 이 기다려진다,2020-10-15 15:52:44
648800,Raft,positive,dfdfsd,dfdfsd,2020-10-15 13:14:33
648800,Raft,positive,재미 없습니다. 빨리 업데이트 해주세요. 현기증 난다고요 !,재미 없습니다 . 빨리 업데이트 해주세요 . 현기증 난다고요 !,2020-10-15 09:32:36
648800,Raft,positive,친구하고 같이하니깐 정말 재밌게 플레이 하고있습니다.. 다음 빠른 업데이트 해주세요,친구 하고 같이하니깐 정말 재밌게 플레이 하고있습니다 .. 다음 빠른 업데이트 해주세요,2020-10-15 07:13:00
648800,Raft,positive,혼자하면 너무 힘든데 친구들하고 같이하면 뭔가 우당탕탕하면서 생존하는 재미가 있어요,혼자 하면 너무 힘든데 친구 들 하고 같이 하면 뭔가 우당탕 탕 하면서 생존 하는 재미 가 있어요,2020-10-15 03:15:14
648800,Raft,positive,존나 별거없는데 여럿이서 하면 그냥 계속 하게됨. 싼맛나는 마크 수중모드,존나 별거 없는데 여럿 이서 하면 그냥 계속 하게 됨 . 싼 맛나 는 마크 수중 모드,2020-10-15 01:38:46
648800,Raft,positive,바다위에 집짓고 스토리 진행하는 게임 자원수급의 불균등함 레펠조아 다음챕터 내줘요 빨리,바다 위 에 집 짓고 스토리 진행 하는 게임 자원 수급 의 불 균등함 레펠 조 아 다음 챕 터 내줘요 빨리,2020-10-15 01:25:19
648800,Raft,positive,죵말루재미써요,죵말루재미써 요,2020-10-14 23:20:09
648800,Raft,positive,재미땅 하면 서브노티카가 생각난당,재미 땅 하면 서브 노티 카 가 생각난당,2020-10-14 21:15:24
648800,Raft,positive,이게임은 생존의의한게임이지만 발전해나가는 재미가있고 모바일이아닌 컴퓨터게임이라는게 신기했고 한글패치는 돼있었고 자원도얻고 생선도 잡고 생존하는게 재밌었다,이 게임 은 생존 의의 한게임 이지만 발전 해 나가는 재미 가 있고 모바일 이 아닌 컴퓨터게임 이라는 게 신기했고 한글패치 는 돼있었고 자원 도 얻고 생선 도 잡고 생존 하는게 재밌었다,2020-10-14 19:11:09
648800,Raft,positive,연인이나 친구랑 같이 하면 좋은 게임 외로운 아싸는 못한다 그냥 노잼 마인크래프트 수듄,연인 이나 친구 랑 같이 하면 좋은 게임 외로운 아싸 는 못 한다 그냥 노잼 마인크래프트 수듄,2020-10-14 17:45:36
648800,Raft,positive,상어야 판자좀 그만먹어 너도 맛없잖아 ㅠㅠ 내가 너한테 가끔씩 미끼 만들어서 줄테니깐 판자는 먹지마 ㅠ,상어 야 판자 좀 그만 먹어 너 도 맛없잖아 ㅠㅠ 내 가 너 한테 가끔 씩 미끼 만들어서 줄테니깐 판자 는 먹지마 ㅠ,2020-10-14 16:54:47
648800,Raft,positive,레전드 뗏목겜,레전드 뗏목 겜,2020-10-14 14:52:50
648800,Raft,positive,상어 씹새기 스크래치 개새기 곰돌이 씨발새기,상어 씹 새기 스크래치 개 새기 곰돌이 씨발 새기,2020-10-13 23:27:25
648800,Raft,positive,상어쉑 나중에 나무창으로도 두두러 잡는 미친 게임,상어 쉑 나중 에 나무 창 으로도 두 두러 잡는 미친 게임,2020-10-13 22:22:36
648800,Raft,positive,같이 할사람있으면 할만합니다,같이 할 사람 있으면 할만 합니다,2020-10-13 21:02:50
648800,Raft,positive,친구들과 하기 좋은겜,친구 들 과 하기 좋은 겜,2020-10-13 19:51:41
648800,Raft,positive,재미있다..,재미있다 ..,2020-10-13 14:10:57
648800,Raft,positive,꿀잼,꿀잼,2020-10-13 09:31:00
648800,Raft,positive,업데이트를 손꼽아 기다렸는데 친구가 군대간다음에 업데이트를 해버리네,업데이트 를 손꼽아 기다렸는데 친구 가 군대 간 다음 에 업데이트 를 해 버리네,2020-10-12 23:24:24
648800,Raft,positive,굿,굿,2020-10-12 22:33:18
648800,Raft,positive,재밌는데 친구 없으면 사지 마세요,재밌는데 친구 없으면 사지 마세요,2020-10-12 22:23:03
648800,Raft,positive,물이랑 밥먹었으면 새로 좀 채워놔라,물이 랑 밥 먹었으면 새로 좀 채워 놔라,2020-10-12 21:06:05
648800,Raft,positive,다음 가져와 다음!!!!!!,다음 가져와 다음 !!!!!!,2020-10-12 19:46:46
648800,Raft,positive,해봐,해봐,2020-10-12 18:42:33
648800,Raft,positive,굿!,굿 !,2020-10-12 16:10:37
648800,Raft,positive,재미있음 하지만 컨텐츠가 많지는 안음,재미있음 하지만 컨텐츠 가 많지는 안음,2020-10-12 08:56:05
648800,Raft,positive,"이틀만에 엔딩 봤는데 찐으로 시간가는줄 모르고 했어요,,, 꿀잼!! 갓겜이네요 다음 업데이트도 정말 기대됩니다!","이틀 만에 엔딩 봤는데 찐으로 시간 가는줄 모르고 했어요 ,,, 꿀잼 !! 갓 겜 이네 요 다음 업데이트 도 정말 기대 됩니다 !",2020-10-12 03:33:01
648800,Raft,positive,확실히 친구랑하면 재밌음 스토리는 아직 진행 안해봤지만 계속해서 같이 즐길수 있는 친구가 있다면 적극권장,확실히 친구 랑 하면 재밌음 스토리 는 아직 진행 안 해봤지만 계속 해서 같이 즐길수 있는 친구 가 있다면 적극 권장,2020-10-12 02:49:13
648800,Raft,positive,오우 너무 좋고,오우 너무 좋고,2020-10-12 01:01:14
648800,Raft,positive,good,good,2020-10-12 00:26:21
648800,Raft,positive,아 때렸는데.,아 때렸는데 .,2020-10-11 23:58:55
648800,Raft,positive,갓겜,갓 겜,2020-10-11 23:58:32
648800,Raft,positive,아따 시간가는줄 모르것네,아따 시간 가는줄 모르것네,2020-10-11 23:35:03
648800,Raft,positive,심심할때 가끔 꺼내하는 겜인데 이겜하면서 내가 불편하거나 짜증난건 버그고 뭐고가 아니라 섬에 뗏목 부딛혀서 돌아간것때문에 아이템 그물에 그물이 안걸리는 방향으로 돌아가버렸다는것 이런거 말곤 생각보다 할만하고 잼나요,심심할 때 가끔 꺼내하는 겜 인데 이 겜 하면서 내 가 불편하거나 짜증난건 버그 고 뭐 고가 아니라 섬 에 뗏목 부딛혀서 돌아간것 때문 에 아이템 그물 에 그물 이 안 걸리는 방향 으로 돌아가 버렸다는 것 이런거 말곤 생각 보다 할 만하 고 잼나요,2020-10-11 23:26:30
648800,Raft,positive,다른사람이랑 같이해보고싶다,다른사람 이랑 같이 해보고싶다,2020-10-11 23:00:16
648800,Raft,positive,아는 사람끼리 같이하면 개꿀잼 근데 업뎃좀 해라 ㅆ,아는 사람 끼리 같이 하면 개꿀잼 근데 업뎃좀 해 라 ㅆ,2020-10-11 22:33:08
648800,Raft,positive,"처음 하는 유저한테는 보통난이도가 어려울 수 있음. 근데 이 난이도로 쭉 하다보면 익숙해지고 이해되고 한 칸 한 칸 넓혀갈때마다 또는, 무얼 익혀나갈때마다 쉬워지고 게임을 돌파해나간다는 느낌이 있음 재미쪙!!","처음 하는 유저 한테 는 보통 난이도 가 어려울 수 있음 . 근데 이 난이도 로 쭉 하다 보면 익숙해지고 이해 되고 한 칸 한 칸 넓혀 갈 때 마다 또는 , 무얼 익혀 나갈 때 마다 쉬워지고 게임 을 돌파 해 나간다는 느낌 이 있음 재미 쪙 !!",2020-10-11 22:06:09
648800,Raft,positive,친구들과 함께 하면은 진행도 빠르고 재미있습니다. 다만 개인으로는 재료 수집도 느리고 먼 바다만 보고있자니 지루하네요.,친구 들 과 함께 하면은 진행 도 빠르고 재미있습니다 . 다만 개인 으로는 재료 수집 도 느리고 먼 바다 만 보고 있자니 지루하네요 .,2020-10-11 21:31:17
648800,Raft,positive,상어란 녀석은 내 뗏목을 에이스 과자마냥 씹어 먹었고 실수로 바다에 빠졌을 때 쫓아오는 상어가 그렇게 무서웠다 이젠 내가 상어 사냥을 한다,상어 란 녀석 은 내 뗏목 을 에이스 과자 마냥 씹어 먹었고 실수 로 바다 에 빠졌을 때 쫓아오는 상어 가 그렇게 무서웠다 이 젠 내 가 상어 사냥 을 한다,2020-10-11 19:34:45
648800,Raft,positive,재미따~시~벌~,재미 따 ~ 시 ~ 벌 ~,2020-10-11 19:34:44
648800,Raft,positive,컨텐츠가 없네요,컨텐츠 가 없네요,2020-10-11 17:28:59
648800,Raft,positive,이 게임 재밌습니다. 근데 정식 발매후에 사시는걸 추천합니다. 챕터1에서 챕터2까지 나오는데 걸린시간이 10개월 넘는거에 비해 챕터2에 플레이타임은 진짜 짧습니다. 그냥 정식 발매하고 스토리 확 미는게 더 편할거 같습니다.,이 게임 재밌습니다 . 근데 정식 발매 후 에 사시는걸 추천 합니다 . 챕 터 1 에서 챕 터 2 까지 나오는데 걸린 시간 이 10 개월 넘는거에 비해 챕 터 2 에 플레이 타임 은 진짜 짧습니다 . 그냥 정식 발매 하고 스토리 확 미는게 더 편할거 같습니다 .,2020-10-11 17:24:28
648800,Raft,positive,나중에 가면 상어가 불쌍해지는 게임,나중 에 가면 상어 가 불쌍해지는 게임,2020-10-11 15:59:12
648800,Raft,positive,같이할 친구 있으면 재미있는 게임. 업데이트 될때마다 갓겜인거같다.,같이 할 친구 있으면 재미있는 게임 . 업데이트 될 때 마다 갓 겜 인거 같다 .,2020-10-11 15:45:35
648800,Raft,positive,HFVUYGUH,HFVUYGUH,2020-10-11 13:52:50
648800,Raft,positive,꿀잼,꿀잼,2020-10-11 13:48:37
648800,Raft,positive,업데이트 좀 똑바로해,업데이트 좀 똑바로 해,2020-10-11 13:01:57
648800,Raft,positive,존잼 업데이트 얼른 됐으면 ㅠ,존잼 업데이트 얼른 됐으면 ㅠ,2020-10-11 10:25:25
648800,Raft,positive,재미있음 생존 크래프팅 좋아하면,재미있음 생존 크 래프팅 좋아하면,2020-10-11 09:34:13
648800,Raft,positive,서버를 다시 열때가 되었다,서버 를 다시 열 때 가 되었다,2020-10-11 03:24:55
648800,Raft,positive,ㄹㅇ 갓겜임,ㄹㅇ 갓 겜임,2020-10-11 01:10:12
648800,Raft,positive,"그냥 쉬움으로 하면 그냥 자원은 크크루삥뽕하게 풀자원이고 상어 썅노무새끼는 우리가 뭘 잘못 했다고 우리 땟목을 뿌수는거지? 뭐 쨌든, 친구들이랑 모여서 하면 재미있게 할 수 있는 게임인거 같습니다 하지만 사지마세요. 나만 할꺼든~","그냥 쉬움 으로 하면 그냥 자원 은 크 크루 삥뽕 하 게 풀 자원 이고 상어 썅 노무 새끼 는 우리 가 뭘 잘못 했다고 우리 땟목 을 뿌수는거 지 ? 뭐 쨌든 , 친구 들 이랑 모 여서 하면 재미있게 할 수 있는 게임 인거 같습니다 하지만 사지 마세요 . 나 만 할꺼든 ~",2020-10-11 00:37:55
648800,Raft,positive,아는 사람들이랑 같이 하면 정말 재밌을 거 같습니다.,아는 사람 들 이랑 같이 하면 정말 재밌을 거 같습니다 .,2020-10-10 22:40:02
648800,Raft,positive,재밋는뎅,재밋는뎅,2020-10-10 22:36:02
648800,Raft,positive,세일하면 하자 이거 아직도 개발중인 게임이다. 앞으로 뭐가 더 나올지 모름 ㄷㄷ 개꿀잼,세 일 하 면 하자 이 거 아직도 개발 중 인 게임 이다 . 앞 으로 뭐 가 더 나올지 모름 ㄷㄷ 개꿀잼,2020-10-10 22:21:50
648800,Raft,positive,상어 고기 맛있겠다,상어 고기 맛있겠다,2020-10-10 21:53:18
648800,Raft,positive,혼자해도 재밌고 친구랑 하면 더 재밌는 게임..,혼자 해도 재밌고 친구 랑 하면 더 재밌는 게임 ..,2020-10-10 20:53:30
648800,Raft,positive,바다버전 마인크래프트,바다 버전 마인크래프트,2020-10-10 20:25:35
648800,Raft,positive,임진우보고있나 서버 켜라,임진우 보고있나 서버 켜 라,2020-10-10 17:38:41
648800,Raft,positive,인생 인싸게임,인생 인 싸 게임,2020-10-10 15:32:09
648800,Raft,positive,친구랑 하면 존잼,친구 랑 하면 존잼,2020-10-10 15:22:22
648800,Raft,positive,앙갓겜띠,앙 갓 겜띠,2020-10-10 14:41:51
648800,Raft,positive,메인 빌런인거 같았던 상어는 아낌 없이 주는 메인 히로인 이였습니다,메인 빌런 인거 같았던 상어 는 아낌 없이 주는 메인 히로인 이였습니다,2020-10-10 13:13:53
648800,Raft,positive,와.. 이번 업데이트...,와 .. 이번 업데이트 ...,2020-10-10 12:08:01
648800,Raft,positive,친구들과 함께하면 정말 재밌느게임이기는함,친구 들 과 함께 하면 정말 재밌느 게임 이기는 함,2020-10-10 01:05:22
648800,Raft,positive,ㄹㅈㄷ 겜,ㄹㅈㄷ 겜,2020-10-10 00:57:00
648800,Raft,positive,인싸겜;,인 싸 겜 ;,2020-10-10 00:07:45
648800,Raft,positive,개꿀잼잼잼,개꿀잼잼잼,2020-10-09 23:11:20
648800,Raft,positive,잼,잼,2020-10-09 21:24:55
648800,Raft,positive,개꿀잼요,개꿀잼 요,2020-10-09 21:20:07
648800,Raft,positive,재밌다...,재밌다 ...,2020-10-09 20:02:07
648800,Raft,positive,예 일단 친구들이랑 하면 재밌고요 재밌는데 일단 구매하고 바로 다음날에 세일을해서 그지같기는 하지만 그래도 게임의 퀄리티는 좋다 가끔식은 모든 물건을 (유품) 친구에게 넘기고 맨몸으로 다이빙해서 물건을 주워와도 재밌다 상어가 씨X 안뒤져서 ㅈ같기는 한데 그래도 재밌다 단점이라고 하면 일단 여러명에서 할떄 캐릭터가 다 똑같아서 구별하기 힘들다 작정하고 친구들이랑 닉을 통합하면 걍 게임 끝이다 여튼 추천한다,예 일단 친구 들 이랑 하면 재밌고요 재밌는데 일단 구매 하고 바로 다음 날 에 세 일 을해 서 그지같 기는 하지만 그래도 게임 의 퀄리티 는 좋다 가끔 식 은 모든 물건 을 ( 유품 ) 친구 에게 넘기고 맨몸 으로 다이빙 해서 물건 을 주워와도 재밌다 상어 가 씨 X 안 뒤져서 ㅈ 같기는 한데 그래도 재밌다 단점 이라고 하면 일단 여러 명 에서 할떄 캐릭터 가 다 똑같아서 구별 하기 힘들다 작정 하고 친구 들 이랑 닉 을 통합 하면 걍 게임 끝 이다 여 튼 추천 한다,2020-10-09 19:57:29
648800,Raft,positive,친구랑 하면 더 재미가 있다. 업데이트 아쉽다.,친구 랑 하면 더 재미 가 있다 . 업데이트 아쉽다 .,2020-10-09 18:19:20
648800,Raft,positive,바다에서 개척을 한다는 느낌이 어떤지 한 번 해봅시다. 물론 뭐같은 상어는 언제 안 나올까...싶지만 영영 안 나오면 그거대로 문제니까...,바다 에서 개척 을 한다는 느낌 이 어떤지 한 번 해봅시다 . 물론 뭐 같은 상어 는 언제 안 나올까 ... 싶지만 영영 안 나오면 그거 대로 문제 니까 ...,2020-10-09 17:54:00
648800,Raft,positive,래프트를 1년 정도 넘게 해왔는데 재미있습니다!!! 평화모드를 즐겨하는편입니다 쉬움이나 보통 어려움은 저한테는 맞지 않아서 평화를 자주합니다 창조적모드도 자주하는데 만드는 재미가 쏠쏠합니다 ㅋㅋㅋ 심해공포증이 있으시다면 심해는 조심하세요! 심해에 뭐가 있진않지만 좀 무섭더라구요 ㅋㅋㅋㅋㅋ 생존게임 좋아하신다면 강력 추천 드립니다!,래프트 를 1년 정도 넘게 해왔는데 재미있습니다 !!! 평화 모드 를 즐겨하는 편입 니 다 쉬움 이나 보통 어려움 은 저 한 테 는 맞지 않아서 평화 를 자주 합니다 창조 적 모드 도 자주 하는데 만드는 재미 가 쏠쏠합니다 ㅋㅋㅋ 심해 공포증 이 있으시다면 심해 는 조심하세요 ! 심해 에 뭐 가 있진 않지만 좀 무섭더라구요 ㅋㅋㅋㅋㅋ 생존 게임 좋아하신다면 강력 추천 드립니다 !,2020-10-09 17:01:50
648800,Raft,positive,여자친구랑 하면 꿀잼,여자친구 랑 하면 꿀잼,2020-10-09 13:55:20
648800,Raft,positive,친구끼리하면 재밌음 혼자하면 외로움,친구 끼리 하 면 재밌음 혼자 하면 외로움,2020-10-09 12:56:44
648800,Raft,positive,wow,wow,2020-10-09 04:47:18
648800,Raft,positive,"친구랑 하면 정말 재미있는 게임, 스토리깨는 맛과 집꾸미는 맛이 있어요 레시피를 얻어 새로운 아이템을 만들거나 기존 아이템보다 더 좋은 아이템을 만들때 마다 성취감있어요 근.데 업데이트 너무 느림","친구 랑 하면 정말 재미있는 게임 , 스토리 깨는 맛 과 집 꾸미는 맛 이 있어요 레시피 를 얻어 새로운 아이템 을 만들거나 기존 아이템 보다 더 좋은 아이템 을 만들 때 마다 성취 감있어요 근 . 데 업데이트 너무 느림",2020-10-09 03:42:40
648800,Raft,positive,지금은 업데이트가 많이 되서 게임 할 맛이 납니다. 잔잔하게 생존하면서 배 짓는 재미로 하면 시간 금방갑니다.,지금 은 업데이트 가 많이 되서 게임 할 맛 이 납니다 . 잔잔하게 생존 하면서 배 짓는 재미 로 하면 시간 금방 갑니다 .,2020-10-09 03:42:13
648800,Raft,positive,ㅋㅋㅋㅋㅋㅋㅋㅋㅋㅋㅋㅋㅋㅋㅋ,ㅋㅋㅋㅋㅋㅋㅋㅋㅋㅋㅋㅋㅋㅋㅋ,2020-10-09 02:58:51
648800,Raft,positive,잼써요,잼 써요,2020-10-09 02:26:28
648800,Raft,positive,박범찬 이제 전조등 밴임 ㄹㅇ ㅋㅋ 개빡치네,박범찬 이제 전조등 밴 임 ㄹㅇ ㅋㅋ 개 빡치네,2020-10-09 00:44:04
648800,Raft,positive,업데이트 한다메 씨팔 ㅋㅋ,업데이트 한다 메 씨팔 ㅋㅋ,2020-10-09 00:38:01
648800,Raft,positive,게임 굿. 상어 베리 굿. 업데이트 배드 너무 안함 씨발. 낚시 굿.,게임 굿 . 상어 베리 굿 . 업데이트 배드 너무 안함 씨발 . 낚시 굿 .,2020-10-08 23:44:59
648800,Raft,positive,df,df,2020-10-08 23:27:20
648800,Raft,positive,진짜 좋은게임,진짜 좋은 게임,2020-10-08 23:06:30
648800,Raft,positive,재미있어요. 게임에 적응되면 시간가는줄 모르고 하게되는 게임. 게임을 혼자 하는편이 아니면 혼자하기에는 지루할 수 있음. 초반 플레이를 어떻게 하냐에 따라서 루즈함의 정도가 달라집니다. 번역이 아주 가끔 이상한게 있는데 신경쓰일정도는 아니에요.,재미있어요 . 게임 에 적응 되면 시간 가는줄 모르고 하게 되는 게임 . 게임 을 혼자 하는 편이 아니면 혼자 하기에는 지루할 수 있음 . 초반 플레이 를 어떻게 하냐에 따라서 루즈 함 의 정도 가 달라집니다 . 번역 이 아주 가끔 이상한게 있는데 신경 쓰일 정도 는 아니에요 .,2020-10-08 22:50:16
648800,Raft,positive,힐링겜,힐링 겜,2020-10-08 18:33:24
648800,Raft,positive,정말 좋은 게임입니다,정말 좋은 게임 입니다,2020-10-08 17:00:41
648800,Raft,positive,하지마세요,하지 마세요,2020-10-08 16:28:06
648800,Raft,positive,굿,굿,2020-10-08 09:27:36
648800,Raft,positive,같이할사람있으면 정말 재밌는게임,같이 할 사람 있으면 정말 재밌는 게임,2020-10-07 14:10:30
648800,Raft,positive,상어 ^벌럼 초반엔 대놓고 뜯어가고 후반에는 잡을만 하니까 몰래 뜯어가네,상어 ^ 벌럼 초반 엔 대놓고 뜯어가고 후반 에는 잡을만 하니까 몰래 뜯어가네,2020-10-07 08:34:49
648800,Raft,positive,친구들과 같이하기에 적합한게임. 네명이 협동하여 생존하기만해도 즐겁다 스토리도 이번에 업데이트된다는데 매우 기대중. 이만원 값어치는 한다고 생각합니다,친구 들 과 같이하기에 적합 한게임 . 네 명 이 협동 하여 생존 하기 만해 도 즐겁다 스토리 도 이번 에 업데이트 된다는데 매우 기 대중 . 이만원 값어치 는 한다고 생각 합니다,2020-10-07 02:46:26
648800,Raft,positive,재밌게 했어요.,재밌게 했어요 .,2020-10-06 12:56:27
648800,Raft,positive,생존게임이라는 장르는 재미있네요 하지만 멀티플레이가 본인이 호스트이거나 친구가 호스트인경우에만 가능해서 안타깝네요 친구의 친구가 호스트일경우에 친구는 접속이 가능하고 본인은 접속이 안되어서 정말 아쉽습니다....,생존 게임 이라는 장르 는 재미있네요 하지만 멀티플레이 가 본인 이 호스트 이 거나 친구 가 호스트 인 경우 에만 가능해서 안타깝네요 친구 의 친구 가 호스트 일 경우 에 친구 는 접속 이 가능하고 본인 은 접속 이 안되어서 정말 아쉽습니다 ....,2020-10-06 10:33:19
648800,Raft,positive,뎡말 갇갬임니당,뎡말 갇갬임니당,2020-10-06 00:44:03
648800,Raft,positive,재밌어요 시간가는줄 모르고 하게됩니다,재밌어요 시간 가는줄 모르고 하게 됩니다,2020-10-05 22:55:02
648800,Raft,positive,괜찮음 혼자하면 재밌음,괜찮음 혼자 하면 재밌음,2020-10-05 19:25:54
648800,Raft,positive,"진짜 이건 너무함 친구들이랑 같이할려고 게임다운받았는데 하루종일 8시간동안 이게임만함 초반에재밌다가 상어가 공격할때 떄리고 재밌는 게임인데 좆같음 이유는 업데이트 업데이트가 2달~3달 사이에 한번나옴 새로운 아이템은 4달은 걸리고 혼자해도 재밌음 근데 문제점은 버그 이 좆같은 버그로 친구들이랑 같이하던 서버가 터짐 다시 들어갈려하니깐 안됩니다 이 세계는 실행할수없습니다 이렇게만 존나뜸 버그,업데이트,패치화만 고치면 진짜 개갓겜임 솔직히 2만원이 조금 아까움 협동하는건데 버그때문에 섭터지고 업데이트 떄문에 할맛없고 처음에 할때는 할게","진짜 이건 너무함 친구 들 이랑 같이 할려고 게임 다운 받았는데 하루 종일 8시간 동안 이 게임 만 함 초반 에 재밌다가 상어 가 공격 할 때 떄리고 재밌는 게임 인데 좆 같음 이유 는 업데이트 업데이트 가 2 달 ~ 3 달 사이 에 한번 나옴 새로운 아이템 은 4 달 은 걸리고 혼자 해도 재밌음 근데 문제점 은 버그 이 좆 같은 버그 로 친구 들 이랑 같이 하던 서버 가 터짐 다시 들어 갈려하니깐 안됩니다 이 세계 는 실행 할수 없습니다 이렇게만 존나 뜸 버그 , 업데이트 , 패치 화 만 고치 면 진짜 개 갓 겜임 솔직히 2만원 이 조금 아까 움 협동 하는건데 버그 때문 에 섭 터지고 업데이트 떄문 에 할 맛없고 처음 에 할 때 는 할게",2020-10-05 01:38:50
648800,Raft,positive,롤 4연패하고 할만한 힐링게임. 하지만 상어가 내 배를 물어뜯을 때 쯤 현타가 오는 갓겜.,롤 4 연패 하고 할만 한 힐링 게임 . 하지만 상어 가 내 배 를 물어 뜯을 때 쯤 현 타가 오는 갓 겜 .,2020-10-04 22:52:15
648800,Raft,positive,그냥 재밌음. 해보면 알음.,그냥 재밌음 . 해보면 알음 .,2020-10-04 22:05:57
648800,Raft,positive,할인은 언제 하나요??,할인 은 언제 하나요 ??,2020-10-04 18:31:41
648800,Raft,positive,I go to the army maybe Dec. Want to see raft the other contents. But u guys so lazy cuz update is very very very slow. Do u have any plans to update. I will crazy. plz update within 2 years. I'll watch u. 리발,I go to the army maybe Dec . Want to see raft the other contents . But u guys so lazy cuz update is very very very slow . Do u have any plans to update . I will crazy . plz update within 2 years . I ' ll watch u . 리발,2020-10-04 03:37:02
648800,Raft,positive,good very good,good very good,2020-10-04 03:35:31
648800,Raft,positive,JUST GOOD,JUST GOOD,2020-10-04 02:31:42
648800,Raft,positive,분명 스토리 안나온지 오래 됐는데 시간이 지나면 다시 또 하고 싶어지는 게임 무한 바다만 파밍하고 싶다... 분명 나는 스토리를 다 깼는데 계속 생각나 친구들이랑 같이 하면 더 재밌는 게임,분명 스토리 안 나온지 오래 됐는데 시간 이 지나면 다시 또 하고 싶어지는 게임 무한 바다 만 파밍 하고 싶다 ... 분명 나 는 스토리 를 다 깼는데 계속 생각나 친구 들 이랑 같이 하면 더 재밌는 게임,2020-10-03 15:47:48
648800,Raft,positive,친구 한명이라도 있으면 진짜 꿀잼임 ㅋㅋㅋㅋ,친구 한 명 이라도 있으면 진짜 꿀잼임 ㅋㅋㅋㅋ,2020-10-03 04:10:14
648800,Raft,positive,업데이트가 시급합니다,업데이트 가 시급합니다,2020-10-02 16:33:21
648800,Raft,positive,생존게임에서 잔잔한브금 그리고해쳐나가는스릴 그리고 자기만의배를만들수있어서 좋습니다. 힐링게임으로재격인거같습니다^^ 앞으로업뎃계속했으면좋갰어용~!,생존 게임 에서 잔잔한 브금 그리고 해쳐 나가는 스릴 그리고 자기 만의 배 를 만들수있어서 좋습니다 . 힐링 게임 으로 재 격인 거 같습니다 ^^ 앞 으로 업뎃 계속 했으면 좋 갰어용 ~!,2020-10-02 16:06:21
648800,Raft,positive,반복채집 게임이지만 지루하지않고 재밌었으나 한번 깨고나면 다시 손이 잘 가지 않을 듯 함,반복 채집 게임 이지만 지루하지 않고 재밌었으나 한번 깨고나면 다시 손 이 잘 가지 않을 듯 함,2020-10-02 01:10:46
648800,Raft,positive,갓겜인데 짜증남,갓 겜 인데 짜증남,2020-10-01 17:31:02
648800,Raft,positive,힐링겜... 좋아요,힐링 겜 ... 좋아요,2020-10-01 15:19:05
648800,Raft,positive,친구와 함께하면 재밌음 혼자하면 파밍하는데 시간 좀 걸리고 크리에이트모드로 바다위의 마크처럼 할수있음,친구 와 함께 하면 재밌음 혼자 하면 파밍 하는데 시간 좀 걸리고 크리 에이트 모드 로 바다 위 의 마크 처럼 할수있음,2020-10-01 00:48:42
648800,Raft,positive,"업뎃언제됨,,,, 대형섬 똑같은데만 돌아다니는것도 지침","업뎃언제됨 ,,,, 대형 섬 똑같은데 만 돌아다니는것도 지침",2020-09-30 18:45:48
648800,Raft,positive,너재미다 ㅋㅋㅋㅋㅋㅋㅋㅋㅋㅋㅋㅋㅋㅋㅋㅋㅋㅋㅋㅋㅋㅋㅋㅋㅋㅋㅋㅋㅋㅋㅋㅋㅋㅋㅋㅋㅋㅋㅋㅋㅋㅋㅋㅋㅋㅋㅋㅋㅋㅋㅋㅋㅋㅋㅋㅋ ㅋㅋㅋㅋㅋㅋㅋㅋㅋㅋㅋㅋㅋㅋㅋㅋㅋㅋㅋㅋㅋㅋㅋㅋㅋㅋㅋㅋㅋㅋㅋㅋㅋㅋㅋㅋㅋㅋㅋㅋㅋㅋㅋㅋㅋㅋㅋㅋㅋㅋㅋㅋㅋㅋㅋㅋㅋㅋㅋㅋㅋㅋㅋㅋㅋㅋㅋㅋㅋㅋㅋㅋㅋㅋㅋㅋㅋㅋㅋㅋㅋㅋㅋㅋㅋㅋㅋㅋㅋㅋㅋㅋㅋㅋㅋㅋㅋㅋㅋㅋㅋㅋㅋㅋㅋㅋㅋㅋㅋㅋㅋㅋㅋㅋㅋㅋㅋㅋㅋㅋㅋㅋㅋㅋㅋㅋㅋㅋㅋㅋㅋㅋㅋㅋㅋㅋㅋㅋㅋㅋㅋㅋㅋㅋㅋㅋㅋㅋㅋㅋㅋ,너 재미 다 ㅋㅋㅋㅋㅋㅋㅋㅋㅋㅋㅋㅋㅋㅋㅋㅋㅋㅋㅋㅋㅋㅋㅋㅋㅋㅋㅋㅋㅋㅋㅋㅋㅋㅋㅋㅋㅋㅋㅋㅋㅋㅋㅋㅋㅋㅋㅋㅋㅋㅋㅋㅋㅋㅋㅋㅋ ㅋㅋㅋㅋㅋㅋㅋㅋㅋㅋㅋㅋㅋㅋㅋㅋㅋㅋㅋㅋㅋㅋㅋㅋㅋㅋㅋㅋㅋㅋㅋㅋㅋㅋㅋㅋㅋㅋㅋㅋㅋㅋㅋㅋㅋㅋㅋㅋㅋㅋㅋㅋㅋㅋㅋㅋㅋㅋㅋㅋㅋㅋㅋㅋㅋㅋㅋㅋㅋㅋㅋㅋㅋㅋㅋㅋㅋㅋㅋㅋㅋㅋㅋㅋㅋㅋㅋㅋㅋㅋㅋㅋㅋㅋㅋㅋㅋㅋㅋㅋㅋㅋㅋㅋㅋㅋㅋㅋㅋㅋㅋㅋㅋㅋㅋㅋㅋㅋㅋㅋㅋㅋㅋㅋㅋㅋㅋㅋㅋㅋㅋㅋㅋㅋㅋㅋㅋㅋㅋㅋㅋㅋㅋㅋㅋㅋㅋㅋㅋㅋㅋ,2020-09-29 23:03:25
648800,Raft,positive,정말재밌는데 끝이안보인다-_-,정말 재밌는데 끝 이 안보 인 다 -_-,2020-09-29 20:46:51
648800,Raft,positive,진짜 혼자하면 재미없는데 같이하면 쥰내 재밌ㄷㅏ 헣ㅎ ㅇ,진짜 혼자 하면 재미없는데 같이 하면 쥰내 재밌 ㄷㅏ 헣 ㅎ ㅇ,2020-09-29 13:35:03
648800,Raft,positive,친구랑하면 꿀잼 ㅇㅇ,친구 랑 하면 꿀잼 ㅇㅇ,2020-09-28 03:11:33
648800,Raft,positive,낚시 망겜,낚시 망겜,2020-09-27 23:21:34
648800,Raft,positive,ㅋㅋㅋ친구랑 둘이했는데 재밌었어용 엔딩까진 볼거같아요~,ㅋㅋㅋ 친구 랑 둘 이 했는데 재밌었어용 엔딩 까진 볼거 같아요 ~,2020-09-27 20:27:22
648800,Raft,positive,조만간 업데이트되는 스토리가 기대됩니다,조만간 업데이트 되는 스토리 가 기대 됩니다,2020-09-27 04:03:16
648800,Raft,positive,이거 ㄹㅇ 레프트 수준 진짜 실화냐 웅장이 가슴해진다 ㄹ하다가 오니까 평온해진다.. 이건 사도 후회없다,이 거 ㄹㅇ 레프트 수준 진짜 실화 냐 웅장 이 가슴 해진다 ㄹ 하다가 오 니까 평온해진다 .. 이건 사도 후회 없다,2020-09-26 18:51:53
648800,Raft,positive,같이 하면 재밌을듯,같이 하면 재밌을듯,2020-09-26 14:44:16
648800,Raft,positive,"어려운 생존 겜 적응 힘든데, 단순한 생존 겜이라 딱 적당히 좋다. 바다에 쓰레기가 더 많으면 좋겠다.","어려운 생존 겜 적응 힘든데 , 단순한 생존 겜 이라 딱 적당히 좋다 . 바다 에 쓰레기 가 더 많으면 좋겠다 .",2020-09-26 00:05:58
648800,Raft,positive,조음,조음,2020-09-23 15:31:32
648800,Raft,positive,침착맨 사랑해,침착 맨 사랑 해,2020-09-22 18:01:54
648800,Raft,positive,그자체가 장단점,그 자체 가 장단점,2020-09-22 08:24:31
648800,Raft,positive,wㅐ재미따 근데 컨텐츠 아직 덜 나와서 하다 만 느낌이라 아쉽,w ㅐ 재미 따 근데 컨텐츠 아직 덜 나와서 하다 만 느낌 이라 아쉽,2020-09-20 21:13:17
648800,Raft,positive,지인이 선물해줬는데 둘이서 엄청 재밌게 했던 것 같음. 잔잔하고 시간도 잘 가고 상어 잡는 것도 은근 재밌고... 그물망 한껏 달아놓고 낚시만 하면 표류템들은 어느새 한 박스씩 생겨서 그거 줍는 맛도 있음 ㅎㅎ 배 멀미가 조금 있는 편이었는데 이 게임에서도 멀미를 하는 건지 아니면 그날따라 내가 컨디션이 안 좋았던 건지 게임을 하면서 조금 어지럽긴 했었는데 그래도 그거 참아가면서 꿋꿋하게 할 정도로 재밌었던 것 같음! 간간이 바뀌는 브금도 좋음! 큰 섬 찾아다니는 것도 재밌음ㅋㅎㅋㅎ,지인 이 선물 해줬는데 둘이서 엄청 재밌게 했던 것 같음 . 잔잔하고 시간 도 잘 가고 상어 잡는 것 도 은근 재밌고 ... 그물 망 한껏 달아놓고 낚시 만 하면 표류 템 들 은 어느새 한 박스 씩 생겨서 그거 줍는 맛 도 있음 ㅎㅎ 배 멀미 가 조금 있는 편이었는데 이 게임 에서도 멀미 를 하는 건지 아니면 그날 따라 내 가 컨디션 이 안 좋았던 건지 게임 을 하면서 조금 어지럽긴 했었는데 그래도 그거 참아가면서 꿋꿋하게 할 정도 로 재밌었던 것 같음 ! 간간이 바뀌는 브금 도 좋음 ! 큰 섬 찾아다니는 것 도 재밌음 ㅋㅎㅋㅎ,2020-09-20 19:55:37
648800,Raft,positive,스토리 보는 재미 / 수집하는 재미 / 배 넓히는 재미 등 여러가지 요소가 있지만 업데이트 주기가 너무 길다. 완벽하게 내고 싶은 마음은 이해하지만서도 조금만 더 가속해서 업데이트를 실행 해 줬으면 좋겠다 무슨 게임이 군대를 다녀와도 스토리가 1번밖에 업데이트 안되있냐,스토리 보는 재미 / 수집 하는 재미 / 배 넓히는 재미 등 여러가지 요소 가 있지만 업데이트 주기 가 너무 길다 . 완벽하게 내고 싶은 마음 은 이해 하지만서도 조금 만 더 가속 해서 업데이트 를 실행 해 줬으면 좋겠다 무슨 게임 이 군대 를 다녀와도 스토리 가 1 번 밖에 업데이트 안되있냐,2020-09-20 16:11:56
648800,Raft,positive,ds,ds,2020-09-20 08:48:47
648800,Raft,positive,개재밌음,개 재밌음,2020-09-19 21:56:20
648800,Raft,positive,업데이트 해주세요. 친구들과 11시간 동안 재밌게 했습니다 !,업데이트 해주세요 . 친구 들 과 11시간 동안 재밌게 했습니다 !,2020-09-19 17:19:16
648800,Raft,positive,good,good,2020-09-19 15:10:09
648800,Raft,positive,친구 없이 하면 진짜 외로워요 최소 2인 최대 4인 으로 하는걸 추천합니다 저는 친구가 읎어서ㅠㅠㅠㅠㅠㅠㅠㅠㅠㅠㅠ,친구 없이 하면 진짜 외로워 요 최소 2 인 최대 4 인 으로 하 는걸 추천 합니다 저 는 친구 가 읎어 서 ㅠㅠㅠㅠㅠㅠㅠㅠㅠㅠㅠ,2020-09-19 14:47:56
648800,Raft,positive,나이스,나이스,2020-09-19 13:39:43
648800,Raft,positive,정신나갈거같애정신나갈거같애정신나갈거같애정신나갈거같애정신나갈거같애정신나갈거같애정신나갈거같애정신나갈거같애정신나갈거같애정신나갈거같애정신나갈거같애정신나갈거같애정신나갈거같애정신나갈거같애정신나갈거같애정신나갈거같애정신나갈거같애정신나갈거같애정신나갈거같애정신나갈거같애정신나갈거같애정신나갈거같애정신나갈거같애정신나갈거같애정신나갈거같애,정신 나갈거 같 애 정신 나갈거 같 애 정신 나갈거 같 애 정신 나갈거 같 애 정신 나갈거 같 애 정신 나갈거 같 애 정신 나갈거 같 애 정신 나갈거 같 애 정신 나갈거 같 애 정신 나갈거 같 애 정신 나갈거 같 애 정신 나갈거 같 애 정신 나갈거 같 애 정신 나갈거 같 애 정신 나갈거 같 애 정신 나갈거 같 애 정신 나갈거 같 애 정신 나갈거 같 애 정신 나갈거 같 애 정신 나갈거 같 애 정신 나갈거 같 애 정신 나갈거 같 애 정신 나갈거 같 애 정신 나갈거 같 애 정신 나갈거 같 애,2020-09-19 10:31:28
648800,Raft,positive,조금만더 어려웠다면 더 재미있었을듯,조금 만 더 어려웠다면 더 재미있었을듯,2020-09-19 03:15:37
648800,Raft,positive,good gay me,good gay me,2020-09-19 02:12:37
648800,Raft,positive,"20분만 하면 더 이상 할게없어짐, 그다음부터는 딱히 더 이상 할게없어서 파도소리 들을거아니면 할 이유가 사라짐, 그래도 한번쯤은 해볼만음 함.","20분 만 하면 더 이상 할게 없어짐 , 그다음 부터는 딱히 더 이상 할게 없어서 파도 소리 들을거아니면 할 이유 가 사라짐 , 그래도 한번 쯤 은 해볼만 음 함 .",2020-09-18 10:45:38
648800,Raft,positive,배 멀미 없는데 배 멀미나는 게임4시간 꿀잼보고 그이후로 노잼됨,배 멀미 없는데 배 멀 미나 는 게임 4시간 꿀잼 보고 그 이후 로 노잼 됨,2020-09-18 02:49:37
648800,Raft,positive,제발 업데이트 해줘!!!,제발 업데이트 해줘 !!!,2020-09-17 15:36:58
648800,Raft,positive,마냥 바다에서 살아남기 인줄 알았는데 꼴에 스토리도 있고 감성도 있음,마냥 바다 에서 살아남기 인줄 알았는데 꼴 에 스토리 도 있고 감성 도 있음,2020-09-17 11:11:21
648800,Raft,positive,재미는 있ㅈㅣ만 하루만에 끝을 봤어 ~,재미 는 있 ㅈㅣ 만 하루 만에 끝 을 봤어 ~,2020-09-17 08:29:13
648800,Raft,positive,잼슴,잼슴,2020-09-16 20:59:52
648800,Raft,positive,생존게임 이 취향이면 추천,생존 게임 이 취향 이면 추천,2020-09-16 18:16:53
648800,Raft,positive,재미는 있는데 혼자하면좀 어려워요 인싸면 추천이요,재미 는 있는데 혼자 하면 좀 어려워요 인 싸면 추천 이 요,2020-09-16 12:26:11
648800,Raft,positive,bdsr,bdsr,2020-09-15 15:45:17
648800,Raft,positive,재밌다 혼자 하는 거라면 비추천 업데이트가 느리다 한 번쯤은 해볼 만한 게임,재밌다 혼자 하는 거 라면 비 추천 업데이트 가 느리다 한 번 쯤 은 해볼 만 한 게임,2020-09-14 00:01:49
648800,Raft,positive,바다가 일렁이는게 약간 배멀미 하시는분들은 플레이가 조금 어려울수도있어요 저처럼. 그래도 친구들과 같이하면 나쁘지않다고 생각합니다^^,바다 가 일 렁 이는게 약간 배 멀미 하시는 분 들 은 플레이 가 조금 어려울수도 있어요 저 처럼 . 그래도 친구 들 과 같이 하면 나쁘지 않다고 생각 합니다 ^^,2020-09-13 21:55:57
648800,Raft,positive,"This game requires cooperation. A captain will appear among you. If you don't get to the island, the game will continue to be peaceful. But sharks continue to haunt you. Sharks have a lot of stamina. So you can't easily catch sharks early in the game. There isn't much to do in the game yet, except","This game requires cooperation . A captain will appear among you . If you don ' t get to the island , the game will continue to be peaceful . But sharks continue to haunt you . Sharks have a lot of stamina . So you can ' t easily catch sharks early in the game . There isn ' t much to do in the game yet , except",2020-09-13 14:13:00
648800,Raft,positive,세계가 물에 뒤덮였을때를 대비한 생존방법을 배울 수있었던 유익한 게임이였습니다. 아 물론 친구가 없다면 살아남을 수 없습니다.,세계 가 물 에 뒤 덮였을 때 를 대비 한 생존 방법 을 배울 수 있었던 유익한 게임 이 였습니다 . 아 물론 친구 가 없다면 살아남을 수 없습니다 .,2020-09-13 12:38:17
648800,Raft,positive,바다의 쓰레기로 땟목을 만들어 살아남는 이 게임은 많은 바다의 쓰레기와 쓰레기를 먹는 상어 친구들의 불쌍한 모습을 볼 수 있습니다. 뭐 상어 친구들이 먹는 쓰레기가 여러분의 땟목일 수도 있겠지만,바다 의 쓰레기 로 땟목 을 만들어 살아남는 이 게임 은 많은 바다 의 쓰레기 와 쓰레기 를 먹는 상어 친구 들 의 불쌍한 모습 을 볼 수 있습니다 . 뭐 상어 친구 들 이 먹는 쓰레기 가 여러분 의 땟목일 수도 있겠지만,2020-09-13 12:27:45
648800,Raft,positive,굿,굿,2020-09-12 23:18:34
648800,Raft,positive,하세여,하세여,2020-09-12 20:32:03
648800,Raft,positive,very good game!,very good game !,2020-09-12 11:04:21
648800,Raft,positive,친구들이랑 힐링하기 좋은 게임,친구 들 이랑 힐링 하기 좋은 게임,2020-09-12 05:49:33
648800,Raft,positive,"[i] '업데이트 좀 해, XXXX' [/i] 이 평가를 보고 '욕은 너무 심한거 아니야?' 라고 생각 했는데 어느정도는 이해된다 이렇게 재밌는데 업데이트 없으면 서운하지 ㅎㅎ 존잼.. 쓰레기만 줍는데도 존잼 DLC라도 꾸준히 내주기를! 반복 행동들이 너무 재밌다!","[ i ] ' 업데이트 좀 해 , XXXX ' [/ i ] 이 평가 를 보고 ' 욕 은 너무 심한거 아니야 ?' 라고 생각 했는데 어느 정도 는 이해 된다 이렇게 재밌는데 업데이트 없으면 서운하지 ㅎㅎ 존잼 .. 쓰레기 만 줍는데도 존잼 DLC 라도 꾸준히 내주기를 ! 반복 행동 들 이 너무 재밌다 !",2020-09-12 02:16:23
648800,Raft,positive,재밌다 노가다성이 강하지만 아크나 테라리아보단 나은편 차곡차곡쌓는느낌이 재밌다 호텔처럼만드려면 4시간 연속노동해야한다 그걸내가했다,재밌다 노가다 성 이 강하 지만 아크 나 테라리아 보단 나은 편 차곡차곡 쌓는 느낌 이 재밌다 호텔 처럼만 드려면 4시간 연 속 노 동해 야한다 그걸 내 가했다,2020-09-12 01:11:40
648800,Raft,positive,.,.,2020-09-11 22:28:35
648800,Raft,positive,힐링,힐링,2020-09-11 19:50:28
648800,Raft,positive,솔플은 좀 루즈할지도. 멀티로 하면 재밌어요,솔플 은 좀 루즈 할지도 . 멀티 로 하면 재밌어요,2020-09-11 15:38:06
648800,Raft,positive,"처음엔 무서운 상어 나중에가면 "" 어 왔어? "" 할 정도로 외로울 땐 친구로 느껴짐","처음 엔 무서운 상어 나중 에 가면 "" 어 왔어 ? "" 할 정도 로 외로울 땐 친구 로 느껴짐",2020-09-11 14:24:24
648800,Raft,positive,killing time,killing time,2020-09-10 19:33:38
648800,Raft,positive,"친구랑 놀기 존잼 혼자도 잼씀 근데 스토리 더 많았음 좋겠고, 도구 만든거 섬에도 놓을 수 있음 좋겠음 그럼 정착하며 살기도 하는 최고 힐링겜 될듯요 하나 더 추가하자면..무전기 있음 더 재밌을 것 같아요 ㅎ","친구 랑 놀기 존잼 혼자 도 잼 씀 근데 스토리 더 많았음 좋겠고 , 도구 만든거 섬 에도 놓을 수 있음 좋겠음 그럼 정착 하며 살기 도 하는 최고 힐링 겜 될 듯 요 하나 더 추가 하자면 .. 무전기 있음 더 재밌을 것 같아요 ㅎ",2020-09-10 18:08:12
648800,Raft,positive,친구들과 한가하게 바다위에 휴가 아닌 휴가를 나오고 싶다면 살만함,친구 들 과 한가하게 바다 위 에 휴가 아닌 휴가 를 나오고 싶다면 살 만 함,2020-09-10 11:34:43
648800,Raft,positive,이 게임의 최대적은 상어와 곰이 아닌 갈매기새끼들이다. ^^ㅣ발람들 상어랑 놀고있을떄 맨날 쪼아먹고가 ㅆ년들이,이 게임 의 최대 적 은 상어 와 곰 이 아닌 갈매기 새끼 들 이다 . ^^ ㅣ 발람 들 상어 랑 놀고있을 떄 맨날 쪼아먹고가 ㅆ 년 들 이,2020-09-09 23:22:39
648800,Raft,positive,어려움 이상만 아니면 힐링겜,어려움 이상만 아니면 힐링 겜,2020-09-09 04:19:57
648800,Raft,positive,존내게 재미있다 진짜로 난 더하고 싶은데 같이 하는 친구들은 질림 난 아직 요리와 낚시와 집 리모델링에 배고프다,존내 게 재미있다 진짜 로 난 더하고 싶은데 같이 하는 친구 들 은 질림 난 아직 요리 와 낚시 와 집 리 모델링 에 배고프다,2020-09-09 01:19:08
648800,Raft,positive,이쯤되면 큰 섬 하나 골라서 정착하고 살아도 될 것 같은데 업데이트 기다리는 것보다 그게 더 빠를 것 같아요,이쯤 되면 큰 섬 하나 골 라서 정착 하고 살아도 될 것 같은데 업데이트 기다리는 것 보다 그게 더 빠를 것 같아요,2020-09-09 00:38:10
648800,Raft,positive,생각보다 재미있는 게임이라서 아주 재미있게 즐기고 있읍니다. 친구들과 같이 한다면 생존 하는데 더 쉽지 않을까요? 솔플 해보니 할것이 너무 많아서 2~3이서하면 재미있겠네여,생각 보다 재미있는 게임 이라서 아주 재미있게 즐기고 있 읍니 다 . 친구 들 과 같이 한다면 생존 하는데 더 쉽지 않을까요 ? 솔 플 해보니 할것이 너무 많아서 2~3 이서 하면 재미있겠 네 여,2020-09-08 17:04:39
648800,Raft,positive,되게 많은 자유성과 한정된 곳에서 더멀리 자유룰 찾아 모험을 하고 자원을 채집해 더 나아가는 점은 좋지만 많은 버그와 그리고 창을 바꾸면 바다에 가라앉는 버그 등이 있습니다 그 점을 고친다면 정말 제 인생겜이 될거 같네요,되게 많은 자유 성과 한정 된 곳 에서 더 멀리 자유 룰 찾아 모험 을 하고 자원 을 채집 해 더 나아가는 점 은 좋지만 많은 버그 와 그리고 창 을 바꾸면 바다 에 가라앉는 버그 등 이 있습니다 그 점 을 고친다면 정말 제 인생 겜 이 될거 같네요,2020-09-07 08:09:30
648800,Raft,positive,게임관리가 잘안되서 아쉬워요 배가 커지면 사양이 많이 높아져요 컨텐츠가 원할하지않아서 어느정도하면 배를짓는데 사양이높아 중단하게됩니다 지인들이랑 하거나 하면 참재미있습니다 레프트 분발했으면 합니다,게임 관리 가 잘 안되서 아쉬워요 배 가 커지면 사양 이 많이 높아져요 컨텐츠 가 원 할하 지 않아서 어느 정도 하 면 배 를 짓는데 사양 이 높아 중단 하게 됩니다 지인 들 이랑 하 거나 하면 참 재미있습니다 레프트 분발 했으면 합니다,2020-09-06 13:40:14
648800,Raft,positive,어려움 진행중입니다 하루에 절반은 먹는데씁니다 얘네처럼 먹으면 한달이면 초고도비만가능할듯.,어려움 진행중 입니다 하루 에 절반 은 먹는데 씁니다 얘 네 처럼 먹으면 한 달이 면 초고 도 비만 가능할듯 .,2020-09-06 13:01:11
648800,Raft,positive,업데이트나해,업데이트 나 해,2020-09-06 12:28:34
648800,Raft,positive,구워져가는 고기 앞에서 여러명이 순발력 대결하는 게임,구워져가는 고기 앞 에서 여러 명 이 순발력 대결 하는 게임,2020-09-06 10:18:06
648800,Raft,positive,너무 재밌어욧,너무 재밌어 욧,2020-09-06 09:07:25
648800,Raft,positive,꼭 멀티로 하세요 꿀잼,꼭 멀티 로 하세요 꿀잼,2020-09-06 04:27:17
648800,Raft,positive,그저 존-잼 커플게임 추천,그저 존 - 잼 커플 게임 추천,2020-09-06 00:16:33
648800,Raft,positive,음악도 좋고 재미있습니다,음악 도 좋고 재미있습니다,2020-09-05 21:46:07
648800,Raft,positive,YHLP[MMYK[TRKYUPRTOD,YHLP [ MMYK [ TRKYUPRTOD,2020-09-05 20:20:00
648800,Raft,positive,정식출시언제하나여,정식 출시 언 제 하나 여,2020-09-04 23:26:09
648800,Raft,positive,노동을 좋아하시는 분께서는 좋아할만 합니다,노동 을 좋아하시는 분 께서는 좋아할만 합니다,2020-09-04 10:21:09
648800,Raft,positive,한달녹일수있음,한 달 녹일수있음,2020-09-04 08:37:58
648800,Raft,positive,존잼 빨리 업뎃됬으면좋겠어요,존잼 빨리 업뎃 됬으면 좋겠어요,2020-09-03 23:18:36
648800,Raft,positive,정말 재밌게 하는데 업데이트가 빨랐으면 좋겠어요,정말 재밌게 하는데 업데이트 가 빨랐으면 좋겠어요,2020-09-03 23:06:36
648800,Raft,positive,(이 글은 솔로 플레이만 해본 유저의 평가입니다.) 현재 업데이트된 (발보아 섬)까지 솔플로 해본 결과 혼자 해도 충분히 재밌습니다. 초반 자원과 배가 안정이 될 때까지는 정말 힘들지만 적응하기 시작하면 배 모양도 디자인하고 인테리어도 하기 시작하면 할게 많아지고 좌표를 따라가면서 새로운 섬 탐험과 파밍 스토리를 감상할 수 있습니다. 정말 아쉬는 점은 후반으로 갈수록 일회용 아이템만 많아지고 배에 사용할만한 아이템들이 줄면서 파밍 하는 이유가 사라지고 업데이트 또한 긴 텀을 가지고 있어서 플레이 시간에 한계가 많이 느껴집니다.,( 이 글 은 솔로 플레이 만 해본 유저 의 평가 입니다 .) 현재 업데이트 된 ( 발보아 섬 ) 까지 솔 플로 해본 결과 혼자 해도 충분히 재밌습니다 . 초반 자원 과 배 가 안정 이 될 때 까지는 정말 힘들지만 적응하기 시작 하면 배 모양 도 디자인 하고 인테리어 도 하기 시작 하면 할게 많아지고 좌표 를 따라가면서 새로운 섬 탐험 과 파밍 스토리 를 감상 할 수 있습니다 . 정말 아쉬는 점 은 후반 으로 갈수록 일회용 아이템 만 많아지고 배 에 사용 할만 한 아이템 들 이 줄면서 파밍 하는 이유 가 사라지고 업데이트 또한 긴 텀 을 가지 고 있어서 플레이 시간 에 한계 가 많이 느껴집니다 .,2020-09-03 21:21:51
648800,Raft,positive,dkwn whgth,dkwn whgth,2020-09-03 19:32:34
648800,Raft,positive,F,F,2020-09-03 17:40:11
648800,Raft,positive,김우혁21000원 갸꿀ㄸㄸㄸㄸㄸㄸㄸㄸㄸㄸㄸㅣ,김우혁 21000원 갸꿀 ㄸㄸㄸㄸㄸㄸㄸㄸㄸㄸㄸㅣ,2020-09-03 16:04:47
648800,Raft,positive,이게 께임이냐?,이 게 께 임 이냐 ?,2020-09-03 14:32:45
648800,Raft,positive,친구랑 같이해야 재밌음,친구 랑 같이 해야 재밌음,2020-09-03 02:03:02
648800,Raft,positive,갸꿀,갸꿀,2020-09-02 22:44:58
648800,Raft,positive,아직 정식 출시는 아니라서 플레이 타임이 길진 않습니다. 뭔가 흥미진진하게 할 만한 느낌은 아닌데 그냥 친구랑 빌리징 하면서 시간 보내는 용이면 괜찮습니다. 빌리징에 제한되는 부분이 좀 많아서 이런 부분은 개인적으로 업뎃됐으면 좋겠는 마음이...ㅋㅋ 아무튼 빨리 업데이트 됐으면 좋겠네요.,아직 정식 출시 는 아니라서 플레이 타임 이 길진 않습니다 . 뭔가 흥미진진 하게 할 만 한 느낌 은 아닌데 그냥 친구 랑 빌리 징 하면서 시간 보내는 용이 면 괜찮습니다 . 빌리 징 에 제한 되는 부분 이 좀 많아서 이런 부분 은 개인 적 으로 업뎃됐으 면 좋겠는 마음 이 ... ㅋㅋ 아무튼 빨리 업데이트 됐으면 좋겠네요 .,2020-09-02 22:38:55
648800,Raft,positive,잼,잼,2020-09-02 20:05:07
648800,Raft,positive,완전 재밌고 탐험하며 힐링도 되지만 초반엔 상어가 좀 짜증날수 있음,완전 재밌고 탐험 하며 힐링 도 되지만 초반 엔 상어 가 좀 짜증날수 있음,2020-09-02 16:33:01
648800,Raft,positive,할만함,할만 함,2020-09-02 05:28:44
648800,Raft,positive,상어 짜증나,상어 짜증나,2020-09-01 14:19:06
648800,Raft,positive,재밋다 깔아서 해보면 더재밋다 이런게임은 재밋다,재밋다 깔아서 해보면 더재밋다 이런 게임 은 재밋다,2020-09-01 14:18:30
648800,Raft,positive,wateogy87ujfi5jhif,wateogy 87 ujfi 5 jhif,2020-09-01 10:26:02
648800,Raft,positive,"나 오준성 , 래프트 최애가 뭐야 .","나 오 준성 , 래프트 최애 가 뭐 야 .",2020-08-31 20:47:07
648800,Raft,positive,장점은 마크 상위호환버전임 개존잼 단점은 물이 너무 빨리 닳음. 나보다 물 많이마시는 듯^^'''',장점 은 마크 상위호환 버전 임 개존잼 단점 은 물이 너무 빨리 닳음 . 나 보다 물 많이 마시는 듯 ^^'''',2020-08-31 20:35:53
648800,Raft,positive,친구들이랑했을때 너무재밌음 단 혼자했을땐 무서울수도 ㅋㅋ,친구 들 이랑 했을 때 너무 재밌음 단 혼자 했을 땐 무서울수도 ㅋㅋ,2020-08-30 23:20:05
648800,Raft,positive,친구랑하시면 아주좋아요 그리구 할친구없으면 좋아요 눌러주세요 아님 친구걸어주거낭,친구 랑 하시면 아주 좋아요 그리구 할 친구 없으면 좋아요 눌러주세요 아님 친구 걸어주거 낭,2020-08-30 22:12:33
648800,Raft,positive,진짜 개 재미없네,진짜 개 재미없네,2020-08-30 10:45:57
648800,Raft,positive,g,g,2020-08-29 20:33:19
648800,Raft,positive,친구들이랑 시간떄우기 좋음,친구 들 이랑 시간 떄 우기 좋음,2020-08-29 19:53:26
648800,Raft,positive,개꿀잼,개꿀잼,2020-08-29 14:59:34
648800,Raft,positive,개 꿀잼 갓갓겜,개 꿀잼 갓 갓 겜,2020-08-29 14:43:19
648800,Raft,positive,너무 재미있어서 시간가는줄 몰라요 꼭 사서 3주뒤에 게임하세요 환불 못하실꺼에요,너무 재미있어서 시간 가는줄 몰라요 꼭 사서 3 주 뒤 에 게임 하세요 환불 못 하실꺼에요,2020-08-29 00:19:10
648800,Raft,positive,낚시는 지루하고 나이드신 분이 열정으로 임하는 중후한 취미라고 생각하였으나 결국 나이를 먹게 된건 내가 아니었나,낚시 는 지루하고 나이 드신 분 이 열정 으로 임 하는 중후 한 취미 라고 생각 하였으나 결국 나이 를 먹게 된건 내 가 아니었나,2020-08-27 19:20:40
648800,Raft,positive,할거 없을때 하면 좋음,할거 없을 때 하면 좋음,2020-08-27 13:07:21
648800,Raft,positive,친구들과 하면 배이상 재미있다 상어 돌림빵 할때 그 쾌감 아직도 기억한다.. 상어 ㅋㅋ 개새킼ㅋㅋ 상어고기 맛있더라,친구 들 과 하면 배 이상 재미있다 상어 돌림빵 할 때 그 쾌감 아직도 기억 한 다 .. 상어 ㅋㅋ 개새킼 ㅋㅋ 상어 고기 맛있더라,2020-08-26 14:39:28
648800,Raft,positive,너무 재밌어요 여자친구랑 꿀잼ㅎ.ㅎ,너무 재밌어요 여자친구 랑 꿀잼 ㅎ . ㅎ,2020-08-26 11:05:01
648800,Raft,positive,빨리 업뎃이나 해라 업뎃하라고 !! 업뎃!!@ 아 빨리!! 빨리해!! 뭔가해보라고!! #$!#@@#!@#@@@~!!!@!@#,빨리 업뎃 이나 해 라 업뎃하 라고 !! 업뎃 !!@ 아 빨리 !! 빨 리해 !! 뭔가 해보라고 !! #$!#@@#!@#@@@~!!!@!@#,2020-08-25 05:23:57
648800,Raft,positive,혼자서 하면 상어가 내 배 다 뜯어 먹는 게임,혼자 서 하면 상어 가 내 배 다 뜯어 먹는 게임,2020-08-24 22:02:12
648800,Raft,positive,업데이트 존나안하네 새해이후로 한번도 안한거 충격 ================================= 업데이트 안한다니까 귀신같이 하네 ㅋㅋㅋㅋ,업데이트 존 나안 하 네 새해 이후 로 한번 도 안 한거 충격 ================================= 업데이트 안 한다니까 귀신 같이 하네 ㅋㅋㅋㅋ,2020-08-24 17:03:16
648800,Raft,positive,재밌는데 게임이 불친절 한듯. 조작법이나 게임의 방향성에대해 친절하게 알려 주지 않음. 쉬운편이지만 어느정도 공략법을 찾아봐야함.,재밌는데 게임 이 불친절 한 듯 . 조 작법 이나 게임 의 방향성 에 대해 친절하게 알려 주지 않음 . 쉬운 편이 지만 어느 정도 공략 법 을 찾아봐 야함 .,2020-08-24 15:58:11
648800,Raft,positive,진짜 재밌는건지 재미없는건지 아직도 모르겠는 게임임 친구랑 해도 재미 없긴한데 또 재밌는거 같기도 하구...,진짜 재밌는 건지 재미없는 건지 아직도 모르겠는 게임 임 친구 랑 해도 재미 없긴한데 또 재밌는거 같기도 하구 ...,2020-08-24 02:05:17
648800,Raft,positive,시간잘감,시간 잘 감,2020-08-23 02:59:36
648800,Raft,positive,전형적 얼리 액세스의 표본이 되기 전에 업뎃좀 해라. 10월 11일 추가 업뎃됐으니까 추천으로 바꿈,전형 적 얼리 액세스 의 표본 이 되기 전 에 업뎃좀 해 라 . 10월 11일 추가 업뎃됐으 니까 추천 으로 바꿈,2020-08-22 18:51:00
648800,Raft,positive,개망겜,개망겜,2020-08-22 18:49:07
648800,Raft,positive,모든게임이 그러하듯이 게임도 그렇습니다! 친구가 없으면 재미가 없습니다 ^^,모든 게임 이 그러하듯이 게임 도 그렇습니다 ! 친구 가 없으면 재미 가 없습니다 ^^,2020-08-22 17:09:58
648800,Raft,positive,상어 ㅈ밥,상어 ㅈ 밥,2020-08-22 15:57:42
648800,Raft,positive,여친이랑 하기 좋음,여친 이랑 하기 좋음,2020-08-22 14:57:53
648800,Raft,positive,생존게임 입문용으로 아주 좋아용 ㅎㅎ 친구들이랑 하면 더 재미씀 친구한테 추천해주면 100이면 100 다 좋아하네여,생존 게임 입문 용 으로 아주 좋아용 ㅎㅎ 친구 들 이랑 하면 더 재미 씀 친구 한테 추천 해주면 100 이면 100 다 좋아하네여,2020-08-22 00:51:04
648800,Raft,positive,그냥 노가다 게임ㅋㅋㅋ,그냥 노가다 게임 ㅋㅋㅋ,2020-08-21 23:43:45
648800,Raft,positive,재밌음,재밌음,2020-08-21 15:32:13
648800,Raft,positive,갓겜,갓 겜,2020-08-21 15:31:38
648800,Raft,positive,스토리 나왔으니 다시 추천,스토리 나왔으니 다시 추천,2020-08-20 23:45:42
648800,Raft,positive,친구랑 해야 재미있는 게임 개인적으로 혼자 하지마셈 ㄹㅇ 개 쓸쓸함,친구 랑 해야 재미있는 게임 개인 적 으로 혼자 하지마 셈 ㄹㅇ 개 쓸쓸함,2020-08-20 13:39:34
648800,Raft,positive,무슨 게임이 농사하는것같냐,무슨 게임 이 농사 하는것 같냐,2020-08-20 00:24:27
648800,Raft,positive,"그냥 파밍만 하는건줄 알았는데 은근 스토리도 있고, 여러가지 컨텐츠도 많습니다. 친구들이랑 하기도 재미있고 혼자해도 유튜브보면서 하기 재미있는거같아요. 처음에 할때는 모래는 어디서 구하는지, 점토는 어디서 구하는지도 모를거에요. 유튜브 영상도 별로 없어서 하나하나 다 찾아보면서 해야합니다. 재미있어요. 처음에 시작하시는 분들 연구용탁자를 꼭 만드셔서 해야합니다. 즐겜하세용","그냥 파밍 만 하는건 줄 알았는데 은근 스토리 도 있고 , 여러가지 컨텐츠 도 많습니다 . 친구 들 이랑 하기도 재미있고 혼자 해도 유튜브 보면서 하기 재미있는거 같아요 . 처음 에 할 때 는 모래 는 어디서 구 하는지 , 점토 는 어디서 구 하는지도 모를거에요 . 유튜브 영상 도 별로 없어서 하나 하나 다 찾아보면서 해야 합니다 . 재미있어요 . 처음 에 시작 하시는 분들 연 구 용 탁자 를 꼭 만드셔서 해야 합니다 . 즐겜 하 세용",2020-08-18 18:37:47
648800,Raft,positive,개꿀잼,개꿀잼,2020-08-18 16:57:21
648800,Raft,positive,판 손실 온다..... 챕터2 업데이트 해줘잉,판 손실 온다 ..... 챕 터 2 업데이트 해줘잉,2020-08-17 16:23:36
648800,Raft,positive,♥,♥,2020-08-17 12:56:37
648800,Raft,positive,완전재밌어요 다양한 모험과 다양한 아이템에 상어를 죽이는 짜맀함 짱이에여,완전 재밌어요 다양한 모험 과 다양한 아이템 에 상어 를 죽이는 짜맀함 짱 이 에여,2020-08-17 10:05:48
648800,Raft,positive,상어사냥 만렙 + 제발 물마시고 물채워넣으셈 ㅡㅡ,상어 사냥 만렙 + 제발 물 마시고 물 채워 넣으셈 ㅡㅡ,2020-08-16 23:20:45
648800,Raft,positive,힐링게임 ㅎㅎㅎ,힐링 게임 ㅎㅎㅎ,2020-08-16 15:32:31
648800,Raft,positive,상어랑 맞짱뜨기,상어 랑 맞짱 뜨기,2020-08-16 15:07:00
648800,Raft,positive,y,y,2020-08-16 13:11:47
648800,Raft,positive,혼자하면 우울증올것같은 게임 무조건 1명이상이랑 같이해야 재미도있고 목표도 생기는 본격 상어 학살게임,혼자 하면 우울증 올것 같은 게임 무조건 1 명 이상 이랑 같이 해야 재미 도 있고 목표 도 생기는 본격 상어 학살 게임,2020-08-16 07:48:35
648800,Raft,positive,낚시만 10시간 했습니다 ㅅㄱㅎㅅㅅ,낚시 만 10시간 했습니다 ㅅㄱㅎㅅㅅ,2020-08-16 03:37:10
648800,Raft,positive,혼자해도 재밌고 친구랑 하면 더 재밌는게임,혼자 해도 재밌고 친구 랑 하면 더 재밌는 게임,2020-08-15 14:25:14
648800,Raft,positive,파밍하고 집 짓고 .. 하는 게임을 그닥 좋아하지 않는 저에게 딱 10시간 킬링타임용이었습니다 .. ㅠ^ㅠ,파밍 하고 집 짓고 .. 하는 게임 을 그닥 좋아하지 않는 저 에게 딱 10시간 킬링타임 용이었습니다 .. ㅠ ^ ㅠ,2020-08-15 02:20:47
648800,Raft,positive,하 진짜 ㅋㅋㅋㅋ 파도떄문에 래프트 자체가 섬에 고립됨 노를 저어도 탈출이 않됨 개 ㅈ망이었는데 하다보니 익숙하고 요령이 생겨서 갓겜됨,하 진짜 ㅋㅋㅋㅋ 파도떄문 에 래프트 자체 가 섬 에 고립 됨 노 를 저 어도 탈출 이 않 됨 개 ㅈ 망 이었는데 하다 보니 익숙하고 요령 이 생겨서 갓 겜 됨,2020-08-15 00:12:47
648800,Raft,positive,친구랑 같이하면 더 재밌어요 ㅇㅂㅇbb,친구 랑 같이 하면 더 재밌어요 ㅇㅂㅇ bb,2020-08-13 18:48:25
648800,Raft,positive,재미있는 생존게임 업데이트 빨리 해주세여,재미있는 생존 게임 업데이트 빨리 해주세여,2020-08-13 04:12:09
648800,Raft,positive,대존잼,대 존잼,2020-08-12 00:16:53
648800,Raft,positive,컴만키면 자꾸 키게됨,컴 만 키 면 자꾸 키 게 됨,2020-08-11 21:44:01
648800,Raft,positive,친구들과 하면서 협동심도 기르고 재미도 있습니다 진짜 정말로 추천합니다,친구 들 과 하면서 협동 심도 기르고 재미 도 있습니다 진짜 정말로 추천 합니다,2020-08-11 19:40:38
648800,Raft,positive,상어를 조온내 패버리고 싶은 게임,상어 를 조 온 내 패 버리고 싶은 게임,2020-08-11 05:06:24
648800,Raft,positive,게임이 불친절함. 그 불친절함을 이겨낸다면 재밌음,게임 이 불친절함 . 그 불친절함을 이겨 낸다면 재밌음,2020-08-10 20:19:09
648800,Raft,positive,재밌음,재밌음,2020-08-10 18:06:56
648800,Raft,positive,재밋어요,재밋어 요,2020-08-09 19:15:35
648800,Raft,positive,개재밌음,개 재밌음,2020-08-09 01:51:33
648800,Raft,positive,"싱아 두 마리와 함께 망망대해로 사라져버린 친구를 찾아주세요... 멀티플레이 중에 오류가 너무 많습니다. 같이하는 플레이어가 보이지 않는 경우, 도구를 사용할 수 없는 경우, 음식을 먹을 수 없는 경우 등등 너무 많아서 플레이를 진행하기 어렵네요.","싱아 두 마리 와 함께 망망대해 로 사라져 버린 친구 를 찾아주세요 ... 멀티플레이 중 에 오류 가 너무 많습니다 . 같이 하는 플레이어 가 보이지 않는 경우 , 도구 를 사용 할 수 없는 경우 , 음식 을 먹을 수 없는 경우 등등 너무 많아서 플레이 를 진행 하기 어렵네요 .",2020-08-08 22:21:52
648800,Raft,positive,걍걍 할만함 노가다게임 같이해야만 잼,걍 걍 할만 함 노가다 게임 같이 해야만 잼,2020-08-08 14:55:32
648800,Raft,positive,재밍있음,재밍있음,2020-08-07 16:25:01
648800,Raft,positive,친구랑 하면 존잼 ㄹㅇ,친구 랑 하면 존잼 ㄹㅇ,2020-08-07 15:51:37
648800,Raft,positive,우와 정말 재미있어요 ! 최고의 갓 게임,우와 정말 재미있어요 ! 최고 의 갓 게임,2020-08-07 08:17:44
648800,Raft,positive,걍 시간가는줄 모르고함,걍 시간 가는줄 모르 고함,2020-08-07 04:03:48
648800,Raft,positive,친구랑 하면 재밌음 하면 할 수록 발전하는 맛이 있어서 컨텐츠가 떨어지지 않는 게임,친구 랑 하면 재밌음 하면 할 수록 발전 하는 맛 이 있어서 컨텐츠 가 떨어지지 않는 게임,2020-08-07 00:12:57
648800,Raft,positive,친구랑 하면 재미있는 게임 혼자서 하면 헬 로동 게임,친구 랑 하면 재미있는 게임 혼자 서 하면 헬 로동 게임,2020-08-06 23:28:31
648800,Raft,positive,할게 너무많다 분명 친구들이랑 세명이서 총 20시간을 썼는데 아직도 할게 남아있다,할게 너무 많다 분명 친구 들 이랑 세명 이서 총 20시간 을 썼는데 아직도 할게 남아있다,2020-08-06 23:27:13
648800,Raft,positive,친구 있음 재밌,친구 있음 재밌,2020-08-06 20:38:12
648800,Raft,positive,우승의피결이 몬밋갓? 건청!,우승 의 피결 이 몬밋갓 ? 건청 !,2020-08-06 17:17:12
648800,Raft,positive,혼자도 할만 했는데 둘이서 하는걸 추천합니다 글고 그저..다음 업데이트를 기다립니다~!,혼자 도 할만 했는데 둘이서 하 는걸 추천 합니다 글 고 그저 .. 다음 업데이트 를 기다립니다 ~!,2020-08-05 17:32:55
648800,Raft,positive,응근재밌어요 생각한거치곤..,응근 재밌어요 생각 한 거치곤 ..,2020-08-04 22:52:47
648800,Raft,positive,좋아여,좋아여,2020-08-03 20:49:35
648800,Raft,positive,"스팀의 첫게임입니다. 여자친구가 게임을 좋아해서 같이 시작했는데 여자친구랑 같이 해서 재미있는건지, 게임이 재미있어서 그런건지.. 좋아요...!!ㅎㅎ","스팀 의 첫 게임 입니다 . 여자친구 가 게임 을 좋아해서 같이 시작 했는데 여자친구 랑 같이 해서 재미있는 건지 , 게임 이 재미있어서 그런 건 지 .. 좋아요 ...!! ㅎㅎ",2020-08-03 19:33:41
648800,Raft,positive,시간이 사라지는마술,시간 이 사라지는 마술,2020-08-03 17:48:48
648800,Raft,positive,친구랑 같이 안하면 똥겜 같이하면 갓겜이다.,친구 랑 같이 안 하면 똥겜 같이 하면 갓 겜 이다 .,2020-08-02 23:30:04
648800,Raft,positive,친구랑 즐기기에 안성맞춤... 물론 친구 몰래 놀아야 제맛,친구 랑 즐기기에 안성맞춤 ... 물론 친구 몰래 놀아야 제 맛,2020-08-02 22:35:20
648800,Raft,positive,fucking nice game,fucking nice game,2020-08-02 19:50:33
648800,Raft,positive,배고프면 상어한테 잡아먹히는 겜,배고프면 상어 한테 잡아먹히는 겜,2020-08-02 18:26:45
648800,Raft,positive,같이할사람,같이 할 사람,2020-08-02 17:43:15
648800,Raft,positive,제작자가 빨리 에피소드 추가해줬으면 좋겠당,제작자 가 빨리 에피소드 추가 해줬으면 좋겠당,2020-08-01 15:46:07
648800,Raft,positive,이 가격에 이정도 컨텐츠면 할만 하다잉,이 가격 에 이정 도 컨텐츠 면 할만 하다잉,2020-08-01 13:55:28
648800,Raft,positive,주현아 보고잇니 ..너가 살아있다면 이 게임을 같ㅇ ㅣ할텐데 ..아쉽다 .. 하늘나라 가선 편하게 쉬렴 .. 마치 병x마냥 달려드는 상어가 너를 닮아서 생각나더라 ..,주현 아 보고 잇니 .. 너 가 살아있다면 이 게임 을 같 ㅇ ㅣ 할텐데 .. 아쉽다 .. 하늘나라 가선 편하게 쉬렴 .. 마치 병 x 마냥 달려드는 상어 가 너 를 닮아서 생각나더라 ..,2020-08-01 06:24:02
648800,Raft,positive,머....멀미가....ㅠㅠㅠ 스트리머들이 하는거 구경하는게 재밌어서 샀는데... 보는건 너무 재밌는데ㅠ 직접하니 멀미가...ㅠㅠ 하지만 게임은 재미있다는거...ㅋㅋㅋ,머 .... 멀미 가 .... ㅠㅠㅠ 스트리머 들 이 하는거 구경 하는게 재밌어서 샀는데 ... 보는건 너무 재밌는데 ㅠ 직접 하니 멀미 가 ... ㅠㅠ 하지만 게임 은 재미있다는거 ... ㅋㅋㅋ,2020-07-30 22:58:14
648800,Raft,positive,업뎃이 너무 느리다,업뎃 이 너무 느리다,2020-07-30 17:17:36
648800,Raft,positive,good good,good good,2020-07-30 16:34:54
648800,Raft,positive,나는 원한다 많은 업데이트,나 는 원한다 많은 업데이트,2020-07-29 23:33:16
648800,Raft,positive,"바다에서 표류하며 갈고리로 각종 재료들을 모아 생존하는 게임이다. 안테나와 레이더를 이용하여 스토리를 진행한다. 아직 스토리 분량이 얼마 안되어 금방 끝내지만, 친구들과 함께라면 스토리를 제쳐두고도 재미를 느낄 수 있다. 물갈퀴 5개 꿀잼.","바다 에서 표류 하며 갈고리 로 각종 재료 들 을 모아 생존 하는 게임 이다 . 안테나 와 레이더 를 이용 하여 스토리 를 진행 한다 . 아직 스토리 분량 이 얼마 안되어 금방 끝내 지만 , 친구 들 과 함께라면 스토리 를 제 쳐 두 고도 재미 를 느낄 수 있다 . 물갈퀴 5 개 꿀잼 .",2020-07-29 19:48:55
648800,Raft,positive,혼자서도 스토리충분히 가능해요. 생존365 도전!,혼자 서도 스토리 충분히 가능해요 . 생존 365 도전 !,2020-07-29 07:06:35
648800,Raft,positive,힐링도 되고 조용하니 좋은 게임,힐링 도 되고 조용하니 좋은 게임,2020-07-29 02:30:45
648800,Raft,positive,재밌음.,재밌음 .,2020-07-28 19:58:34
648800,Raft,positive,꿀잼게임,꿀잼 게임,2020-07-28 13:41:48
648800,Raft,positive,해상마크 그냥그런정도 혼자서하면 2~3시간이면 질리네 내가 컨텐츠를 다못즐겨서그런가,해상 마크 그냥 그런 정도 혼자 서하면 2~3시간 이면 질리 네 내 가 컨텐츠 를 다 못 즐겨서 그 런가,2020-07-27 00:27:30
648800,Raft,positive,이 게임은 항해사가 꿈인 친구들에게 적격입니다 매우 추천해요,이 게임 은 항해사 가 꿈 인 친구 들 에게 적격입니 다 매우 추천 해요,2020-07-26 23:31:30
648800,Raft,positive,10시간하면 당신도 고인물,10시간 하면 당신 도 고 인물,2020-07-26 21:23:06
648800,Raft,positive,내가 잡은 연어를 왜 니가 쳐먹어 ㅆ@발,내 가 잡은 연어 를 왜 니 가 쳐 먹어 ㅆ @ 발,2020-07-26 17:15:37
648800,Raft,positive,"친구와 함께하면 정말 재밌습니다,~","친구 와 함께 하면 정말 재밌습니다 ,~",2020-07-26 05:45:16
648800,Raft,positive,혼자해도 재미는 있음 그래도 친구랑 하는 걸 추천함 (팁:동물 잡자마자 풀밭 심으셈 그거 몰랐다가 한마리 뒤짐),혼자 해도 재미 는 있음 그래도 친구 랑 하는 걸 추천 함 ( 팁 : 동물 잡자마자 풀밭 심으셈 그거 몰랐다가 한 마리 뒤짐 ),2020-07-25 23:45:21
648800,Raft,positive,.,.,2020-07-25 20:11:43
648800,Raft,positive,여러분 이게임은 전설입니다 .,여러분 이 게임 은 전설 입니다 .,2020-07-25 12:41:37
648800,Raft,positive,친구랑 같이하기에 정말 좋은게임,친구 랑 같이하기에 정말 좋은 게임,2020-07-24 23:32:32
648800,Raft,positive,재미는 있는데 살려주세요,재미 는 있는데 살려주세요,2020-07-24 17:43:21
648800,Raft,positive,상어 개 씨발새끼,상어 개 씨발 새끼,2020-07-24 02:59:30
648800,Raft,positive,dd,dd,2020-07-24 01:47:34
648800,Raft,positive,재미있긴한데 사고 4일만에 게임을 깨서 돈값을 좀 못하는거 같다. 할인할때 사면 good!,재미있긴한데 사고 4일 만에 게임 을 깨서 돈값 을 좀 못 하는거 같다 . 할인 할 때 사면 good !,2020-07-24 00:26:36
648800,Raft,positive,실행중이라는데..... 뭐지? 겜이 안되네.... 간만에 할라니깐 아우,실행 중 이라는 데 ..... 뭐 지 ? 겜 이 안되네 .... 간만 에 할라니깐 아우,2020-07-23 17:31:23
648800,Raft,positive,제한된 자원 수집으로 어떻게든 하루하루를 연명하는 초반 어느정도 편해진 자원 수집으로 조금씩 배를 확장해 나가는 중반 고일대로 고여서 배보단 배 밖에 생활이 더 길어지는 후반,제한 된 자원 수집 으로 어떻 게 든 하루하루 를 연명 하는 초반 어느 정도 편해진 자원 수집 으로 조금씩 배 를 확장 해 나가는 중반 고 일대 로 고여 서 배 보단 배 밖에 생활 이 더 길어지는 후반,2020-07-23 15:18:10
648800,Raft,positive,인생겜 조와요bb b,인생 겜 조 와 요 bb b,2020-07-22 23:12:42
648800,Raft,positive,섬에서 밤낮으로 상어랑 맞다이뜨는겜,섬 에서 밤낮 으로 상어 랑 맞다이 뜨는 겜,2020-07-22 23:06:28
648800,Raft,positive,업데이트좀 빨리해라 sibal 련들아 update plz,업데이트 좀 빨 리해 라 sibal 련들 아 update plz,2020-07-22 20:51:36
648800,Raft,positive,스토리부족,스토리 부족,2020-07-22 20:30:03
648800,Raft,positive,너무 ㅇ지ㅣ 스토리 개망 근데 꿀재ㅔㅁ,너무 ㅇ 지 ㅣ 스토리 개망 근데 꿀재 ㅔㅁ,2020-07-22 06:54:43
648800,Raft,positive,게임을 잘하면 초반에 빠르게 이득을 챙겨 재미를 볼수있으나 못하는 사람에겐 초반단계 그리고 후반에 다른 기계를 사용하는 방법도 힘들기 때문에 그런점들을 빼면 매우좋은게임이다 쉽게 말하면 입문의 벽은 높지만 그벽을 허물면 매우 재밌는 게임,게임 을 잘 하면 초반 에 빠르게 이득 을 챙겨 재미 를 볼수있으나 못 하는 사람 에겐 초반 단계 그리고 후반 에 다른 기계 를 사용 하는 방법 도 힘들기 때문 에 그런 점 들 을 빼면 매우 좋은 게임 이다 쉽게 말 하면 입문 의 벽 은 높지만 그 벽 을 허물 면 매우 재밌는 게임,2020-07-21 18:00:01
648800,Raft,positive,친구가 있다면 추천 혼자해도 재밌음,친구 가 있다면 추천 혼자 해도 재밌음,2020-07-21 04:02:20
648800,Raft,positive,귀농 한다면 이렇게 살겠구나 싶음 리얼리티가 장점임과 동시에 단점이 되는 게임,귀농 한다면 이렇게 살겠구나 싶음 리얼리티 가 장점 임 과 동시 에 단점 이 되는 게임,2020-07-20 22:42:37
648800,Raft,positive,친구들이랑 안하면 후회하는 게임 입니다,친구 들 이랑 안 하면 후회 하는 게임 입니다,2020-07-20 19:20:11
648800,Raft,positive,"우리 커플은 20.07.19 밤8시를 넘는시간에 이 게임을 급시작하게되었다. 초반에는 뭘해야할지몰라 10분정도 헤메었고 그 후에는 생존력이 올라갔다. 플레이하는데 협동심과 걱정, 애정이 생기며, 어두운밤, 아름다운 노을, 비오는 바다 아름다운 섬을 지나며 더 성숙해지는 우리 커플을 보게되었고, 시작부터 끝까지 완벽해 그게 바로 Perfect 그게 바로 인생의 진리임을 깨닫게되었다.","우리 커플 은 20.07 . 19 밤 8시 를 넘는 시간 에 이 게임 을 급 시작 하 게 되었다 . 초반 에는 뭘 해야 할지 몰라 10분 정도 헤메었 고 그 후 에는 생존 력 이 올라갔다 . 플레이 하는데 협동 심 과 걱정 , 애정 이 생기며 , 어 두운 밤 , 아름다운 노을 , 비오는 바다 아름다운 섬 을 지나며 더 성숙해지는 우리 커플 을 보게 되었고 , 시작 부터 끝 까지 완벽해 그게 바로 Perfect 그게 바로 인생 의 진리 임 을 깨닫게 되었다 .",2020-07-20 15:12:29
648800,Raft,positive,진짜 이 게임은 친구들이랑 무조건 같이해아합니다. 아니면.... 고인물이 아닌이상 고생하는 여러분들을 볼 수 있습니다. 그리고 모르면 공략을 보면 좋습니다.,진짜 이 게임 은 친구 들 이랑 무조건 같이해 아합 니 다 . 아니면 .... 고 인물 이 아닌 이상 고생 하는 여러분 들 을 볼 수 있습니다 . 그리고 모르면 공략 을 보면 좋습니다 .,2020-07-20 00:13:33
648800,Raft,positive,꾸르잼재므!!!!!!!!!!!!!!!!!!!!!!!!!!!,꾸르잼재므 !!!!!!!!!!!!!!!!!!!!!!!!!!!,2020-07-19 21:55:20
648800,Raft,positive,가격대비 최고의 게임입니다 초반만 어째 버티면 쌓아놓은 자원과 건축물로 안정적인 운영이 되므로 초반만 조금 버티시길...,가격 대비 최고 의 게임 입니다 초반 만 어째 버티면 쌓아놓은 자원 과 건축물 로 안정 적 인 운영 이 되므로 초반 만 조금 버티시길 ...,2020-07-19 20:12:37
648800,Raft,positive,상어 다시보면 선녀임,상어 다시 보면 선녀 임,2020-07-19 06:51:24
648800,Raft,positive,얼른 업데이트 해주세요!!! 너무 재미있어요,얼른 업데이트 해주세요 !!! 너무 재미있어요,2020-07-17 23:17:41
648800,Raft,positive,미친듯이 하다가 정신차려보면 어느세 시간이 훌쩍 지나가버린것을 알게 되고 그제서야 아...! 생존이란 끝이없고 삶이란 이토록 한없이 반복되는것이구나 라고 생각된다. 법정스님의 말씀처럼 소유하고 새로운 기술이 늘어날수록 할 일이 늘어만가 무소유의 역리 또한 깨우치게 해주는 그런 유익함을 갖춘 게임. 때로는 여러 게임들의 자극적임에서 벗어나 한적한 바다 위를 표류하며 삶의 한부분을 돌아보는 그런 게임은 어떠신가요?,미친듯이 하다가 정신차려 보면 어느 세 시간 이 훌쩍 지나 가버린것을 알 게 되고 그 제 서야 아 ...! 생존 이란 끝 이 없고 삶 이란 이 토록 한없이 반복 되는것이구나 라고 생각 된다 . 법정스님 의 말씀 처럼 소유 하고 새로운 기술 이 늘어날수록 할 일이 늘어 만가 무소유 의 역리 또한 깨우치게 해주는 그런 유익함을 갖춘 게임 . 때로는 여러 게임 들 의 자극 적임 에서 벗어나 한적한 바다 위 를 표류 하며 삶 의 한 부분 을 돌아보는 그런 게임 은 어떠신 가요 ?,2020-07-17 20:52:38
648800,Raft,positive,물먹고 안채워놓는 새@기 누구냐고 ㅡㅡ,물 먹고 안 채워놓는 새 @ 기 누구 냐 고 ㅡㅡ,2020-07-17 06:05:46
648800,Raft,positive,시간 순삭하는 게임 강력하게 추천합니다. One of my favorite game!! I strongly recommend this game!!,시간 순삭 하는 게임 강력하게 추천 합니다 . One of my favorite game !! I strongly recommend this game !!,2020-07-16 23:34:42
648800,Raft,positive,루즈함 여러명이서 할 것을 권장,루즈 함 여러 명 이 서 할 것 을 권장,2020-07-16 22:23:22
648800,Raft,positive,good,good,2020-07-16 22:02:03
648800,Raft,positive,컨트롤:쉬움 난이도: 평화 쉬움 보통 어려움 참고:혼자인사람은 꼭한번이상해보삼!!,컨트롤 : 쉬움 난이도 : 평화 쉬움 보통 어려움 참고 : 혼자 인 사람 은 꼭 한번 이상해 보삼 !!,2020-07-16 22:01:12
648800,Raft,positive,같이 해적선 만들 친구 있으면 꿀잼,같이 해적선 만들 친구 있으면 꿀잼,2020-07-16 18:09:12
648800,Raft,positive,할만함,할만 함,2020-07-16 17:39:45
648800,Raft,positive,잼!,잼 !,2020-07-16 13:09:13
648800,Raft,positive,진짜 개띵작입니다. 모두가 환경미화원이 될 수 있어요 오호홍 근데 야자나무잎 활용도 좀 높혀주세요. 진짜 창고에서 몇십세트가 썩어가는 중입니다.,진짜 개띵작입니 다 . 모두 가 환경미화원 이 될 수 있어요 오호 홍 근데 야자나무 잎 활용 도 좀 높혀주세요 . 진짜 창고 에서 몇십 세트 가 썩어가는 중 입니다 .,2020-07-16 02:29:08
648800,Raft,positive,재미지다,재미 지다,2020-07-16 01:35:15
648800,Raft,positive,초반만 재밌음,초반 만 재밌음,2020-07-14 21:37:48
648800,Raft,positive,이런 상어 시ㅂ...탱이 진짜 사람 놀래키는데 아주 재주가 있어 정말 -_- 물론 서브노티카 뼈상어보다는 덜 하지만 그래도 너무너무 무섭다 이말입니다...............,이런 상어 시 ㅂ ... 탱 이 진짜 사람 놀래 키 는 데 아주 재주 가 있어 정말 -_- 물론 서브 노티 카 뼈 상어 보다는 덜 하지만 그래도 너무 너무 무섭다 이 말 입니다 ...............,2020-07-14 15:40:28
648800,Raft,positive,"3D 멀미 있는 사람으로서 멀미모드 개꿀임 ㅜㅜ 어1인칭보다 3인칭이 화면 흔들림이 심해서 어지러움증을 유발함. 스크린샷 찍을 때나 3인칭 하지, 그 외엔 1인칭으로도 잘 놀았음. 친구들이랑 하면 꿀잼~ 초반에는 뗏목이 불안하게 느껴지고 작은 섬에 있을 때 안정감을 느꼈는데, 2층도 조금 짓고 친구 서버에서 페인트칠도 해보니 섬에서 동물한테 맞아가며 좌충우돌 파밍을 끝내고 돌아오면 '우리집이 뗏목이구나...' 하며 아늑함을 느끼게 된다. 곰, 멧돼지, 복어 조심하기. 특히 곰은 구석까지도 쫓아온다 ㄷㄷ 섬에서 길을 잃었다면 곰을 찾","3 D 멀미 있는 사람 으로서 멀미 모드 개꿀임 ㅜㅜ 어 1 인칭 보다 3 인칭 이 화면 흔들림이 심해서 어지러움 증 을 유발 함 . 스크린샷 찍 을 때 나 3 인칭 하지 , 그 외 엔 1 인칭 으로도 잘 놀았음 . 친구 들 이랑 하면 꿀잼 ~ 초반 에는 뗏목 이 불안하게 느껴지고 작은 섬 에 있을 때 안정감 을 느꼈는데 , 2 층 도 조금 짓고 친구 서버 에서 페인트 칠 도 해보니 섬 에서 동물 한테 맞아가며 좌충우돌 파밍 을 끝내고 돌아오면 ' 우리 집 이 뗏목 이구나 ...' 하며 아늑함을 느끼게 된다 . 곰 , 멧돼지 , 복어 조심하기 . 특히 곰 은 구석 까지도 쫓아온다 ㄷㄷ 섬 에서 길 을 잃었다면 곰 을 찾",2020-07-14 15:19:52
648800,Raft,positive,갓겜 ^-^,갓 겜 ^-^,2020-07-13 23:53:31
648800,Raft,positive,나쁘지 않아요 많이 어렵지 않고 생각좀 하게되는 게임 같아요,나쁘지 않아요 많이 어렵지 않고 생각 좀 하게 되는 게임 같아요,2020-07-13 21:48:08
648800,Raft,positive,앞으로의 컨텐츠가 기대되는 게임,앞 으로의 컨텐츠 가 기대 되는 게임,2020-07-13 11:11:16
648800,Raft,positive,얘들아... 내가 계속 하자고 했지...? 래프트는 갓겜이다... 특히 친구들이랑 해야된다...,얘 들 아 ... 내 가 계속 하자 고 했지 ...? 래프트 는 갓 겜 이다 ... 특히 친구 들 이랑 해야 된다 ...,2020-07-13 01:26:46
648800,Raft,positive,rnt,rnt,2020-07-12 21:45:54
648800,Raft,positive,매우 긍정적,매우 긍정 적,2020-07-12 20:55:20
648800,Raft,positive,혼자하면 뒤지게 힘들듯 친구없이하면 ㄹㅇ 혼자 바다에 표류 쌉가능,혼자 하면 뒤지게 힘들듯 친구 없이 하면 ㄹㅇ 혼자 바다 에 표류 쌉 가능,2020-07-12 20:54:12
648800,Raft,positive,뭔가 재밌음 걍 해봐야댐 ㅋㅋ,뭔가 재밌음 걍 해봐야 댐 ㅋㅋ,2020-07-12 16:38:12
648800,Raft,positive,재밌당. 근데 친구가 없으면 재미없겠다.,재밌당 . 근데 친구 가 없으면 재미없겠다 .,2020-07-12 01:59:47
648800,Raft,positive,처음에는 할만 했는데 가면 갈수록 지루해지는 게임,처음 에는 할만 했는데 가면 갈수록 지루해지는 게임,2020-07-12 01:02:18
648800,Raft,positive,g,g,2020-07-11 23:17:59
648800,Raft,positive,많이 어렵지 않고 두명이서 하기 너무 재미있어요,많이 어렵지 않고 두 명 이 서 하기 너무 재미있어요,2020-07-11 22:06:35
648800,Raft,positive,잼써요,잼 써요,2020-07-11 16:50:32
648800,Raft,positive,떠다니는 배에서 생존에 필요한 물품을 낚시해와 버티는 게임. 하지만 그것이 끝. 생존게임 치고는 신박한 편이지만 결국 생존게임에 질리기 시작한 현제의 게이머들이 완벽하게 만족하고 계속할 수 있을지는 의문.,떠다니는 배 에서 생존 에 필요한 물품 을 낚시 해와 버티는 게임 . 하지만 그것 이 끝 . 생존 게임 치고는 신 박 한 편이 지만 결국 생존 게임 에 질리기 시작 한 현 제의 게이머 들 이 완벽하게 만족하고 계속 할 수 있을지는 의문 .,2020-07-11 16:22:12
648800,Raft,positive,멀티하니까 재밌네,멀티 하니까 재밌네,2020-07-11 10:49:17
648800,Raft,positive,이걸 어떻게 싱글로 플레이하냐 친구없으면하지마셈ㅋㅋ,이 걸 어떻게 싱글 로 플레이 하냐 친구 없으면하지마 셈 ㅋㅋ,2020-07-11 10:06:55
648800,Raft,positive,섬 .. 렉 ... 고쳐주세요 .......,섬 .. 렉 ... 고쳐주세요 .......,2020-07-11 03:56:01
648800,Raft,positive,친구를 섬에 버리고 배타고 떠나는데 가장큰 의의가있는 게임,친구 를 섬 에 버리고 배타 고 떠나는데 가장 큰 의의 가 있는 게임,2020-07-11 03:53:08
648800,Raft,positive,계속 업뎃 해주는 갓겜,계속 업뎃 해주는 갓 겜,2020-07-11 01:53:04
648800,Raft,positive,이런 소재는 재미로 하는게 아님 암튼 재밌음,이런 소재 는 재미 로 하는게 아님 암튼 재밌음,2020-07-10 22:58:59
648800,Raft,positive,꾸르잼,꾸르잼,2020-07-10 22:45:39
648800,Raft,positive,영상으로 봤을때 취향 아닌 듯 해도 친구 통해 막상 시작하니 꽤 재밌었습니다. 다만 얼리엑세스인지라 뭔가 좀 기대할만한 시점에서 게임이 끝나버린 건 아쉽네요. 그리고 곰 섬에서 나무 캘수있게 해주세요 판자 부족에 허덕일때 나타난 오아시스가 그림인 기분,영상 으로 봤을 때 취향 아닌 듯 해도 친구 통해 막상 시작 하니 꽤 재밌었습니다 . 다만 얼리 엑세스 인지 라 뭔가 좀 기대할만 한 시점 에서 게임 이 끝나 버린 건 아쉽네요 . 그리고 곰 섬 에서 나무 캘수있게 해주세요 판자 부족 에 허덕일 때 나타난 오아시스 가 그림 인 기분,2020-07-10 13:19:09
648800,Raft,positive,평화롭게 상어를 죽이고 사람과pvp를 할 수있는 갓-겜,평화롭게 상어 를 죽 이고 사람과 pvp 를 할 수 있는 갓 - 겜,2020-07-10 10:50:32
648800,Raft,positive,친구랑 하면 꿀잼,친구 랑 하면 꿀잼,2020-07-10 06:47:42
648800,Raft,positive,안녕하세요 제가 이 게임을 유튜브로 통해서 구매하게 되었는데요.. ! 게임시작하려고 방팠는데 로딩화면만 계속 뜨고 아무것도 되는게 없어요! ㅠㅠ오류인지 게임시작이 안되고 로딩화면에만 정지상태에요 ㅠㅜ 뭐 어떻게 해도 되지가 않은데 그냥 환불 해야 되겠죠? ㅠ해보고 싶었는데 오류 고칠 수 있다면 고쳐주세요 저만 그런게 아니라 인터넷 쳐보니까 다른사람들도 그런 오류가 뜨는 사람이 있대요 오류도 잘 고려해서 개선해주세요 ! 정말 게임 해보고 싶어요 ㅠㅠ! 구매만하고서 돈만 버렸고 게임 한번도 못해봤어요..ㅠ,안녕하세요 제 가 이 게임 을 유튜브 로 통해 서 구매 하게 되었는데요 .. ! 게임 시작 하 려고 방 팠는데 로딩 화면 만 계속 뜨고 아무 것 도 되는게 없어요 ! ㅠㅠ 오류 인지 게임 시작 이 안되고 로딩 화면 에만 정지 상태 에요 ㅠㅜ 뭐 어떻게 해도 되지가 않은데 그냥 환불 해야 되겠죠 ? ㅠ 해보고 싶었는데 오류 고칠 수 있다면 고쳐주세요 저만 그런게 아니라 인터넷 쳐 보 니까 다른사람 들 도 그런 오류 가 뜨는 사람 이 있 대요 오류 도 잘 고려 해서 개선 해주세요 ! 정말 게임 해보고 싶어요 ㅠㅠ ! 구매 만하 고서 돈 만 버렸고 게임 한번 도 못 해봤어요 .. ㅠ,2020-07-09 19:10:26
648800,Raft,positive,혼자선 모르겠고 친구랑 같이하세요,혼자 선 모르겠고 친구 랑 같이하세요,2020-07-09 16:18:40
648800,Raft,positive,kkkkkkk,kkkkkkk,2020-07-09 16:15:34
648800,Raft,positive,폐지 주우면서 굶어죽고 목말라 죽고 상어한테 죽는 게임,폐지 주우면서 굶어 죽고 목말 라 죽고 상어 한테 죽는 게임,2020-07-09 11:51:14
648800,Raft,positive,업뎃만 되면 꿀잼 소장추천,업뎃 만 되면 꿀잼 소장 추천,2020-07-09 08:03:11
648800,Raft,positive,"혼자하면 생노가다 게임, 친구랑 하면 힐링 게임 절대 혼자하지 마셈;; 몇분 노가다 하다가 빡종할거임","혼자 하면 생 노가다 게임 , 친구 랑 하면 힐링 게임 절대 혼자 하지 마셈 ;; 몇 분 노가다 하다가 빡종할거임",2020-07-09 00:35:01
648800,Raft,positive,재밌음,재밌음,2020-07-08 23:45:25
648800,Raft,positive,하다보면 심심해서 상어랑 맞다이 뜨러가는 겜,하다 보면 심심해서 상어 랑 맞다이 뜨러 가는 겜,2020-07-08 11:24:26
648800,Raft,positive,야!!!! 배 멈춰!!!!!!,야 !!!! 배 멈춰 !!!!!!,2020-07-08 11:08:19
648800,Raft,positive,"지인과 함께 한다면 무척이나 재밌습니다. 다만 크게 즐길만한 컨텐츠는 많지 않습니다. 앞으로 패치가 예정되어 있으니, 향후 더 좋아질 가능성이 매우 다분한 게임이기에, 지금 당장 투자해도 좋습니다. 바다에 한가로이 떠다니는 게임을 원하시는 분들에게 강력 추천합니다.","지인 과 함께 한다면 무척 이나 재밌습니다 . 다만 크게 즐길만 한 컨텐츠 는 많지 않습니다 . 앞 으로 패치 가 예정 되어 있으니 , 향후 더 좋아질 가능성 이 매우 다분한 게임 이기 에 , 지금 당장 투자 해도 좋습니다 . 바다 에 한가로이 떠다니는 게임 을 원하시는 분 들 에게 강력 추천 합니다 .",2020-07-08 01:26:58
648800,Raft,positive,생존 겜을 좋아하면 무조건 친구랑 해보셈,생존 겜 을 좋아하면 무조건 친구 랑 해보셈,2020-07-08 00:58:52
648800,Raft,positive,친구들이랑 하면 짱잼,친구 들 이랑 하면 짱 잼,2020-07-07 23:58:37
648800,Raft,positive,시발 할거 없음,시발 할거 없음,2020-07-07 22:59:48
648800,Raft,positive,혼자해도 꿀잼,혼자 해도 꿀잼,2020-07-07 20:29:02
648800,Raft,positive,ㅁ,ㅁ,2020-07-07 11:32:57
648800,Raft,positive,패치만 많이 해주면 갓겜인 게임 일단은 지금 상황의 스토리에 대한 내용이 중간에 끊겨있음 코로나로 인해 재택근무를 하는건 알지만 일단은 새로운 스토리에 대한 내용이 반년 넘게 기다린뒤에 소식으로 돌아옴 지금 상황에서는 스토리에 대한 업데이트는 코로나가 어느정도 잠식된 뒤에서야 나올거같은 킹리적 갓심이 있음 하지만 재미있는 게임이라는것에는 손색이 없다 추신: 혼자하지 마라 난이도를 쉽게해도 혼자서 그 큰바다를 떠돌고 다니니 어렵지는 않아도 같이하는 사람이 없으니 아주 지루할것이다 꼭 이겜 살거면 친구를 설,패치 만 많이 해주면 갓 겜 인 게임 일단 은 지금 상황 의 스토리 에 대한 내용 이 중간 에 끊겨있음 코로나 로 인해 재택근무 를 하는건 알 지만 일단 은 새로운 스토리 에 대한 내용 이 반년 넘게 기다린 뒤 에 소식 으로 돌아옴 지금 상황 에서는 스토리 에 대한 업데이트 는 코로나 가 어느 정도 잠식 된 뒤 에서야 나올거 같은 킹리 적 갓 심 이 있음 하지만 재미있는 게임 이라는 것 에는 손색 이 없다 추신 : 혼자 하지 마라 난이도 를 쉽게 해도 혼자 서 그 큰 바다 를 떠돌고 다니니 어렵지는 않아도 같이 하는 사람 이 없으니 아주 지루할것이다 꼭 이 겜 살거면 친구 를 설,2020-07-07 02:19:46
648800,Raft,positive,이거 상어는 그냥 애완용 물고기인데 육지 올라가면 곰방와 오지게 당함 작은 곰은 줘패서 죽일 수 있는데 큰 곰은 처음에 뭔지 몰라서 개겼다가 줘터지고 상대하는 방법을 알았음 방법은 줘터지면서 배우셈 말하면 스포니까 아직 끝까지 못했음 육지까지는 갔는데 줘터지니까 현타오더라,이 거 상어 는 그냥 애완 용 물고기 인데 육지 올라가면 곰방 와 오지 게 당함 작은 곰 은 줘 패 서 죽일 수 있는데 큰 곰 은 처음 에 뭔 지 몰라서 개 겼다가 줘 터지고 상대 하는 방법 을 알았음 방법 은 줘 터지면서 배우셈 말 하면 스포 니까 아직 끝 까지 못 했음 육지 까지는 갔는데 줘 터지니까 현 타 오 더 라,2020-07-06 23:20:51
648800,Raft,positive,혼자서는 하지마셈,혼자 서는 하지마 셈,2020-07-06 23:06:02
648800,Raft,positive,bb,bb,2020-07-06 21:31:19
648800,Raft,positive,만원 이하일때 구매하는것을 추천드립니다.,만원 이하일 때 구매 하는것을 추천 드립니다 .,2020-07-06 19:44:25
648800,Raft,positive,배짓는게 엔드컨텐츠,배 짓는게 엔드 컨텐츠,2020-07-06 19:06:52
648800,Raft,positive,혼자하면 지루한데 친구들이랑 하면 역할 분담도 하면서 해가지고 재밋음~,혼자 하면 지루한데 친구 들 이랑 하면 역할 분담 도 하면서 해가지고 재밋음 ~,2020-07-06 16:20:13
648800,Raft,positive,그냥 해도 꿀잼이지만 같이 하면 개꿀잼 되는 게임 마인크래프트를 좋아한다면 무조건 해봐야 하는 게임,그냥 해도 꿀잼 이지만 같이 하면 개꿀잼 되는 게임 마인크래프트 를 좋아한다면 무조건 해봐야 하는 게임,2020-07-05 22:08:44
648800,Raft,positive,ㅎㅐㅐㅇ,ㅎㅐㅐㅇ,2020-07-05 21:59:23
648800,Raft,positive,이거 ㄹㅇ 갓겜~ 점점 뭐가 나오면서 게임의 심심함을 채워줌 굳~,이 거 ㄹㅇ 갓 겜 ~ 점점 뭐 가 나오면서 게임 의 심심함 을 채워 줌 굳 ~,2020-07-05 19:43:00
648800,Raft,positive,'당신' 혼자인가요? 그럼 이 게임을 추천합니다.,' 당신 ' 혼자 인가요 ? 그럼 이 게임 을 추천 합니다 .,2020-07-05 17:53:29
648800,Raft,positive,힐링겜인줄 알았더니 공포겜이여,힐링 겜 인 줄 알았더니 공포 겜 이여,2020-07-05 16:44:50
648800,Raft,positive,업뎃되고 존잼,업뎃되 고 존잼,2020-07-05 14:33:24
648800,Raft,positive,쥐머임 ㅁㅊ,쥐머임 ㅁㅊ,2020-07-05 14:20:40
648800,Raft,positive,단순히 바다 위에 있는 판자에서 살아남는 건줄 알았는데 어느 정도 스토리 라인도 있고 그 스토리 라인 따라가면서 진행하는게 흥미롭다. 친구들이랑 같이 하면 더 재밌는건 보너스,단순히 바다 위 에 있는 판자 에서 살아남는 건줄 알았는데 어느 정도 스토리 라인 도 있고 그 스토리 라인 따라가면서 진행 하는게 흥미롭다 . 친구 들 이랑 같이 하면 더 재밌는건 보너스,2020-07-05 10:05:06
648800,Raft,positive,뉴비가하기엔 할게많은노가다겜,뉴비 가하기엔 할게 많은 노가다 겜,2020-07-05 01:00:51
648800,Raft,positive,같이 하실분 초대주세요 207965339 입니다,같이 하실 분 초대 주세요 207965339 입니다,2020-07-04 22:53:41
648800,Raft,positive,친구랑 하세요. 재밌습니다.,친구 랑 하세요 . 재밌습니다 .,2020-07-04 16:29:38
648800,Raft,positive,모에요 업데이트해줘요,모에 요 업데이트 해줘요,2020-07-03 22:53:00
648800,Raft,positive,아주 좋고 힐링게임^^,아주 좋고 힐링 게임 ^^,2020-07-03 22:42:21
648800,Raft,positive,레프트 하기 좋은게임입니다 다만 혼자하면 외롭고 노가다가 배로돼는 게임! 그로므로 친구모아서하면 더 편함 뭐 저같은 사람은 뭐 몰라 안해,레프트 하기 좋은 게임 입니다 다만 혼자 하면 외 롭고 노가다 가 배 로 돼는 게임 ! 그로므 로 친구 모아 서하면 더 편함 뭐 저 같은 사람 은 뭐 몰라 안해,2020-07-03 22:01:43
648800,Raft,positive,굿,굿,2020-07-03 13:26:50
648800,Raft,positive,한번 쭉 보고 다신 안하는 게임급,한번 쭉 보고 다신 안 하는 게임 급,2020-07-03 06:18:55
648800,Raft,positive,fun game,fun game,2020-07-03 05:12:01
648800,Raft,positive,연구 방법몰라서 폐지만 겁나 줍었네,연구 방법 몰라서 폐지 만 겁나 줍었네,2020-07-02 17:05:20
648800,Raft,positive,와 진짜루 왕왕 재밌음,와 진짜루 왕왕 재밌음,2020-07-02 03:10:28
648800,Raft,positive,재미있네,재미있네,2020-07-01 22:06:07
648800,Raft,positive,재밌음,재밌음,2020-07-01 21:20:51
648800,Raft,positive,그래서 스토리 언제 업댓한다구요?,그래서 스토리 언제 업댓 한 다 구 요 ?,2020-07-01 21:08:49
648800,Raft,positive,업데이트 안함 하지마셈,업데이트 안함 하지마 셈,2020-07-01 16:58:13
648800,Raft,positive,일회용 잼,일회용 잼,2020-07-01 15:27:12
648800,Raft,positive,패치좀 빨리빨리해라 십ㅅ ㄷㅇ,패치 좀 빨리 빨 리해 라 십 ㅅ ㄷㅇ,2020-07-01 13:29:22
648800,Raft,positive,기분이 쎄하다 뒤를돌아봤더니 상어는 그릴을 부수고 갈매기새끼는 농장을 헤집어놓는다,기분 이 쎄하다 뒤 를 돌아봤더니 상어 는 그릴 을 부수 고 갈매기 새끼 는 농장 을 헤집어놓는다,2020-07-01 10:29:55
648800,Raft,positive,친구들끼리 모여서하면 재밌어요,친구 들 끼리 모여 서하면 재밌어요,2020-07-01 09:14:28
648800,Raft,positive,초반 : 아빠상어 뚜루루뚜루 힘이쎈 뚜루루뚜루 바닷속 뚜루루뚜루 아빠상어 후반 : 아기상어 뚜루루뚜루 귀여워요? 뚜루루뚜루 어항속 뚜루루뚜루 아기상어 상어가 불쌍해지지는게임 ^^7,초반 : 아빠 상어 뚜 루루 뚜루 힘 이 쎈 뚜 루루 뚜루 바 닷 속 뚜 루루 뚜루 아빠 상어 후반 : 아기 상어 뚜 루루 뚜루 귀여워요 ? 뚜 루루 뚜루 어항 속 뚜 루루 뚜루 아기 상어 상어 가 불쌍해지지는 게임 ^^ 7,2020-07-01 02:13:19
648800,Raft,positive,"매우 재미있다,","매우 재미있다 ,",2020-07-01 01:20:29
648800,Raft,positive,바다에서 포류하는 게임입니다. 상어 새끼는 나무만 먹어도 잘 삽니다. 조상이 흰개미과로 추측됩니다. 추천도서: 바다에서 살아남기,바다 에서 포류 하 는 게임 입니다 . 상어 새끼 는 나무 만 먹어도 잘 삽니다 . 조상 이 흰개미 과로 추측 됩니다 . 추천 도서 : 바다 에서 살아남기,2020-06-30 22:25:48
648800,Raft,positive,이거 윈도우 10은 안돼요??,이 거 윈도우 10 은 안 돼요 ??,2020-06-30 16:08:25
648800,Raft,positive,재밌었어요 ㅎㅎb,재밌었어요 ㅎㅎ b,2020-06-30 16:08:16
648800,Raft,positive,친구랑하면 너무재미있어여 단점은 재료들이 바다에없을떄도 있어요,친구 랑 하면 너무 재미있어여 단점 은 재료 들 이 바다 에 없을 떄 도 있어요,2020-06-30 11:19:19
648800,Raft,positive,이겜은 언제까지 개발만 하는건가... 정발때까지 존버탑니다.,이 겜 은 언제 까지 개발 만 하는 건가 ... 정발 때 까지 존버탑니 다 .,2020-06-30 10:42:21
648800,Raft,positive,님들 친구없으니까 사지마셈,님들 친구 없으니까 사지마 셈,2020-06-30 08:27:12
648800,Raft,positive,뜻밖의 ㅡ설정 갓겜 아포칼립스 좋아하세요? 저도 좋아해요,뜻밖 의 ㅡ 설정 갓 겜 아포칼립스 좋아하세요 ? 저 도 좋아해요,2020-06-29 23:54:15
648800,Raft,positive,업데이트가 늦다는 것을 제외한다면 최고의 게임,업데이트 가 늦다는 것 을 제 외한 다 면 최고 의 게임,2020-06-29 21:01:14
648800,Raft,positive,개발단계니까 컨텐츠 부족한 점은 어쩔 수 없다고 생각하는데 난이도 창조적으로 설정하면 항해가 아예 불가능하네요.. 건축 자체도 불편한 점이 많은데(기둥의 지지 범위같은 점) 애써 만든 배로 항해도 못해보는게 정말 아쉽습니다.,개발 단계 니까 컨텐츠 부족한 점 은 어쩔 수 없다고 생각 하는데 난이도 창조 적 으로 설정 하면 항해 가 아예 불가능하네요 .. 건축 자체 도 불편한 점 이 많은데 ( 기둥 의 지지 범위 같은 점 ) 애써 만든 배 로 항해 도 못 해보는게 정말 아쉽습니다 .,2020-06-29 20:31:34
648800,Raft,positive,흠?,흠 ?,2020-06-29 18:29:49
648800,Raft,positive,노예 근성때문에 함,노예 근 성 때문 에 함,2020-06-29 17:32:18
648800,Raft,positive,뭐여 벌써 끝났네,뭐 여 벌써 끝났네,2020-06-29 15:46:08
648800,Raft,positive,ㅗ,ㅗ,2020-06-29 14:48:25
648800,Raft,positive,같이 할 사람이 없어서 못하는중,같이 할 사람 이 없어서 못 하는 중,2020-06-29 03:27:30
648800,Raft,positive,배멂미까지 재현한 게임,배 멂 미까지 재현 한 게임,2020-06-28 22:59:32
648800,Raft,positive,내 어린시절 우-효니~,내 어린시절 우 - 효 니 ~,2020-06-28 22:42:36
648800,Raft,positive,"알파 때부터 재밌게 즐기며 업데이트를 기다리던 게임. 지금도 재밌게 플레이하고 있습니다. 옛날까지만 해도 육지에 갈 일이 거의 없었기에 바다 위에서 떠도는 느낌 자체만으로 편안하고 행복한 플레이를 즐기고 있었습니다. 이런 게임은 약간 육지를 밟기 싫어지는? 특이한 기분이 느껴지는 게임이었는데, 이젠 육지를 밟을 때가 온 것이겠죠.","알파 때 부터 재밌게 즐기며 업데이트 를 기다리던 게임 . 지금 도 재밌게 플레이 하고 있습니다 . 옛날 까지만 해도 육지 에 갈 일이 거의 없었기에 바다 위 에서 떠 도 는 느낌 자체 만으로 편안하고 행복한 플레이 를 즐기고 있었습니다 . 이런 게임 은 약간 육지 를 밟기 싫어지는 ? 특이한 기분 이 느껴지는 게임 이었는데 , 이 젠 육지 를 밟을 때 가 온 것 이 겠죠 .",2020-06-28 20:06:43
648800,Raft,positive,.,.,2020-06-28 19:45:15
648800,Raft,positive,상어는 두려운 존재가 아닌 나의 졸음을 깨워주는 존재.,상어 는 두려운 존재 가 아닌 나 의 졸음 을 깨워주는 존재 .,2020-06-28 16:35:25
648800,Raft,positive,아는 사람이랑 멀티하는 게 제일 재미있습니다.ㅋㅋㅋ,아는 사람 이랑 멀티 하는 게 제일 재미있습니다 . ㅋㅋㅋ,2020-06-28 13:32:01
648800,Raft,positive,상어 보이면 다 죽인다,상어 보이 면 다 죽인다,2020-06-27 20:50:57
648800,Raft,positive,게임 자체는 재밌음 섬가는것도 재밌고 파밍도 재밌고 스토리 깨는것도 재밌는데 후반가면 컨텐츠 아예 없고 질림 한번깨면 다시는 안할게임 그리고 오리발 5개만들어서 버그써사용해서 끼면 상어보다빨라짐,게임 자체 는 재밌음 섬가는것도 재밌고 파밍 도 재밌고 스토리 깨는것도 재밌는데 후반 가면 컨텐츠 아예 없고 질림 한번 깨면 다시는 안 할 게임 그리고 오리발 5 개 만 들어서 버그 써사 용해서 끼 면 상어 보다 빨라 짐,2020-06-27 18:57:21
648800,Raft,positive,친구들이 열심히 얻은 재료로 음식 만들어서 배급하거나 중요한 재료 삥땅쳐서 시덥잖은 곳에 쓰는 게 재밌음,친구 들 이 열심히 얻은 재료 로 음식 만들어서 배급 하 거나 중요한 재료 삥땅 쳐서 시 덥잖은 곳 에 쓰는 게 재밌음,2020-06-26 22:39:24
648800,Raft,positive,게임은 정말 재밌는데 어제 샀는데 오늘 할인이라니,게임 은 정말 재밌는데 어제 샀는데 오늘 할인 이라니,2020-06-26 10:52:46
648800,Raft,positive,재미있음,재미있음,2020-06-25 19:41:59
648800,Raft,positive,멀티로 하니까 너무 재밌다.. 사자마자 잠도 안자고 9시간 달려버림,멀티 로 하니까 너무 재밌다 .. 사 자마자 잠도 안자고 9시간 달려 버림,2020-06-25 08:39:36
648800,Raft,positive,너무 재밌댱 ㅎ,너무 재밌댱 ㅎ,2020-06-24 13:57:12
648800,Raft,positive,사야 할 때 □ 정가도 괜찮음 □ 80% 세일 □ 60% 세일 □ 40% 세일 ■ 20% 이상의 세일 난이도 □ 발로 가능 ■ 쉬움 □ 보통 □ 어려움 □ 매우 어려움 □ 거지같음 □ 사람이 할 것이 아님 게임 몰입도 지속시간(사람마다 다를 수 있음.) □ 30분 이하 □ 1시간 □ 2시간 ■ 3시간 □ 5시간 □ 10시간 □ 질리지 않음 - 바다에서 쓰레기를 줍고 생존하는 뗏목형 게임. 상점 평가를 조금 둘러보면 알겠지만 친구가 없다면 조금 힘든 게임이다. 바다에 있는 상어가 뗏목을 부수는 것을 견제하며 어려 곳을,사야 할 때 □ 정가 도 괜찮음 □ 80% 세 일 □ 60% 세 일 □ 40% 세 일 ■ 20% 이상 의 세 일 난이도 □ 발 로 가능 ■ 쉬움 □ 보통 □ 어려움 □ 매우 어려움 □ 거지같음 □ 사람 이 할 것 이 아님 게임 몰입도 지속 시간 ( 사람 마다 다를 수 있음 .) □ 30분 이하 □ 1시간 □ 2시간 ■ 3시간 □ 5시간 □ 10시간 □ 질리 지 않음 - 바다 에서 쓰레기 를 줍고 생존 하는 뗏목 형 게임 . 상점 평가 를 조금 둘러보면 알겠지만 친구 가 없다면 조금 힘든 게임 이다 . 바다 에 있는 상어 가 뗏목 을 부수 는 것 을 견제 하며 어려 곳 을,2020-06-22 22:00:40
648800,Raft,positive,노다가성 겜이지만 재밌..다..,노 다가 성 겜 이지만 재밌 .. 다 ..,2020-06-22 20:34:19
648800,Raft,positive,재밌습니당~,재밌 습 니당 ~,2020-06-22 17:00:12
648800,Raft,positive,재밌음,재밌음,2020-06-21 22:23:53
648800,Raft,positive,재밌는 게임 그이상그이하,재밌는 게임 그 이상 그 이하,2020-06-21 16:22:09
648800,Raft,positive,이혁주 ^^ㅣ빨련아 같이하자니까 같이 안하노 혼자하는겜 아니라며 니가 ㅅㅂ,이혁 주 ^^ ㅣ 빨련 아 같이 하자 니까 같이 안 하노 혼자 하는 겜 아니라며 니 가 ㅅㅂ,2020-06-21 03:42:46
648800,Raft,positive,ygig,ygig,2020-06-20 09:08:08
648800,Raft,positive,ee,ee,2020-06-20 07:29:19
648800,Raft,positive,상어먹방하는 게임? (쓰레기줍기 너무 빡세다....),상어 먹방 하 는 게임 ? ( 쓰레기 줍기 너무 빡세 다 ....),2020-06-20 06:03:13
648800,Raft,positive,.,.,2020-06-20 03:15:30
648800,Raft,positive,정말재밋음 근데 어려워,정말 재밋음 근데 어려워,2020-06-19 19:50:49
648800,Raft,positive,처음해보고 잘 몰라서 그런지 하나하나 알아가는 재미가 쏠쏠함. 30시간 정도 걸려서 있는 챕터 다 했는데 이것저것 하느라 오래걸렸지 최소한의 재료만 가지고 게임하면 이정도 까진 안걸림.,처음 해보고 잘 몰라서 그런지 하나 하나 알아가는 재미 가 쏠쏠함 . 30시간 정도 걸려서 있는 챕 터 다 했는데 이 것 저 것 하느라 오래 걸렸지 최소한 의 재료 만 가지 고 게임 하면 이정 도 까진 안 걸림 .,2020-06-18 19:45:40
648800,Raft,positive,아기상어 뚫우룻뚫하면서 해상레스토랑을 만들어보세요,아기 상어 뚫우 룻 뚫하면서 해상 레스토랑 을 만들어 보세요,2020-06-18 19:28:16
648800,Raft,positive,"이 게임의 목적은 힐링이다. 힐링 속에서 작은 위험이 있는 것, 그리고 바다를 보며 멍 때리는 것이 목적이다. 생존게임이라기엔 후반갈 수록 편안한 삶을 살 수 있다. 그러나 우리는 그런 위험 보다는 바다소리를 들으며 감상에 젖는 것이 더 좋다.","이 게임 의 목적 은 힐링 이다 . 힐링 속 에서 작은 위험 이 있는 것 , 그리고 바다 를 보며 멍 때리는 것 이 목적 이다 . 생존 게임 이라기 엔 후반 갈 수록 편안한 삶 을 살 수 있다 . 그러나 우리 는 그런 위험 보다는 바다 소리 를 들으며 감상 에 젖는 것 이 더 좋다 .",2020-06-18 16:49:39
648800,Raft,positive,컨텐츠도 적고 어느정도 발전 이후엔 난이도도 급감하지만 친구가 있으면 갓겜 그래서 업데이트는 언제함?,컨텐츠 도 적고 어느 정도 발전 이후 엔 난이도 도 급감 하 지만 친구 가 있으면 갓 겜 그래서 업데이트 는 언 제 함 ?,2020-06-17 23:01:11
648800,Raft,positive,아주 재미있습니다... 하지만 같이 할 사람이 없으면... 추천하지 안겠어요...,아주 재미있습니다 ... 하지만 같이 할 사람 이 없으면 ... 추천 하지 안겠어요 ...,2020-06-17 21:17:11
648800,Raft,positive,뭔가 혼자하면 외롭겠지.. 친구 있으면 덜 외롭겠지.. 근데 이 게임은 표류게임 아니다 어떻게 배를 만드는지 보는 게임이다.,뭔가 혼자 하면 외롭겠지 .. 친구 있으면 덜 외롭겠지 .. 근데 이 게임 은 표류 게임 아니다 어떻게 배 를 만드는지 보는 게임 이다 .,2020-06-17 20:25:40
648800,Raft,positive,친구랑 시간 때우기 좋은 겜,친구 랑 시간 때우기 좋은 겜,2020-06-17 15:36:01
648800,Raft,positive,ㅎ,ㅎ,2020-06-16 21:08:11
648800,Raft,positive,재밌는데 도대체 패치 언제해요? 이상한거 패치하지 말고 빨리 스토리섬 진행 좀 제발...스토리 다 하고 나면 할게 없음,재밌는데 도대체 패치 언 제해 요 ? 이상한거 패치 하지 말고 빨리 스토리 섬 진행 좀 제발 ... 스토리 다 하고 나면 할게 없음,2020-06-16 13:57:29
648800,Raft,positive,진짜 재밌음!! 재료 모아서 내가 필요한 물건이나 건축물 만들고 무기나 장비만들어서 사냥 및 물고기잡아서 먹는거해결하고 이런게임 너무좋아하는데 진짜 재밌어요ㅎㅎ,진짜 재밌음 !! 재료 모아서 내 가 필요한 물건 이나 건축물 만들고 무기 나 장비 만 들어서 사냥 및 물고기 잡아서 먹는거 해결 하고 이런 게임 너무 좋아하는데 진짜 재밌어요 ㅎㅎ,2020-06-16 01:07:52
648800,Raft,positive,노가리 값 치고는 쵸큼 비싸지 않나 싶지만 아무튼 노가리는 잘 먹었습니다.,노가리 값 치고는 쵸 큼 비싸지 않나 싶지만 아무튼 노가리 는 잘 먹었습니다 .,2020-06-15 20:52:15
648800,Raft,positive,나는야 샤크 마스터 ^^! 감안안도 !,나 는야 샤크 마스터 ^^! 감안 안도 !,2020-06-15 00:56:45
648800,Raft,positive,재밌습니다 친구랑 둘이하는데,재밌습니다 친구 랑 둘이하는데,2020-06-11 05:39:09
648800,Raft,positive,현실에선 쓰레기였던게 이 세계에선 진귀한 보물. 거센 항해길에는 동반자가 필요하며 노가다와 효율을 중시한다. 그 진가는 노동요를 곁들였을때 발휘한다.,현실 에선 쓰레기 였던게 이 세계 에선 진귀한 보물 . 거 센 항해 길 에는 동반 자 가 필요하며 노가다 와 효율 을 중시 한다 . 그 진가 는 노동요 를 곁들였을 때 발휘 한다 .,2020-06-09 21:20:48
648800,Raft,positive,업데이트 빨리 해 주세요,업데이트 빨리 해 주세요,2020-06-09 13:20:54
648800,Raft,positive,힐링게임,힐링 게임,2020-06-08 19:33:11
648800,Raft,positive,상어가 개빡침,상어 가 개 빡침,2020-06-08 10:54:05
648800,Raft,positive,"좋아요,, 상어가 갑자기 무는거에 놀랄때 빼구,, 놀라지않고 침착하게 하실분들이나 아니면 상어가 공격안하는 평화모드로 게임하는걸 추천,,할게요 노래도 잔잔하니 새벽에 하기 좋은게임 ^>^","좋아요 ,, 상어 가 갑자기 무는거에 놀랄 때 빼구 ,, 놀라지 않고 침착하게 하실 분 들 이나 아니면 상어 가 공격 안 하는 평화 모드 로 게임 하 는걸 추천 ,, 할게요 노래 도 잔잔하니 새벽 에 하기 좋은 게임 ^>^",2020-06-08 09:27:01
648800,Raft,positive,많은 업데이트가 필요한거같습니다 언능 업데이트부탁드려요 !!,많은 업데이트 가 필요한거 같습니다 언능 업데이트 부탁드려요 !!,2020-06-07 23:20:30
648800,Raft,positive,친구와 함께 하기 좋아요,친구 와 함께 하기 좋아요,2020-06-07 18:39:43
648800,Raft,positive,d,d,2020-06-07 15:14:08
648800,Raft,positive,디코하는 친구 없으면 사지 마세요 솔로 개노잼,디코 하 는 친구 없으면 사지 마세요 솔로 개 노잼,2020-06-07 11:18:06
648800,Raft,positive,10시간 정도 하고 항상 느낀다 내가 이걸 왜했지?,10시간 정도 하고 항상 느낀다 내 가 이 걸 왜 했지 ?,2020-06-07 08:29:22
648800,Raft,positive,나무망치로 설치하는 것중에 옵션 두번째에서 첫번째 비스듬한 나무판자 좌회전 설치가 안돼요 게임은 재밌는데 업데이트 좀 많이 빨리 해주세요,나무 망치 로 설치 하는 것 중 에 옵션 두번째 에서 첫 번째 비스듬 한 나무 판자 좌회전 설치 가 안 돼요 게임 은 재밌는데 업데이트 좀 많이 빨리 해주세요,2020-06-05 11:49:37
648800,Raft,positive,DOG HONEY JAM,DOG HONEY JAM,2020-06-05 02:40:34
648800,Raft,positive,언럭키 씨오브시브즈.,언럭키 씨 오브 시브 즈 .,2020-06-04 21:33:31
648800,Raft,positive,dsds,dsds,2020-06-04 20:13:54
648800,Raft,positive,혼자하면 존22222222222222222222나 공허하고 멀티하면 재밌음 암튼 그럼,혼자 하면 존 22222222222222222222 나 공허하고 멀티 하면 재밌음 암튼 그럼,2020-06-04 11:06:39
648800,Raft,positive,솔플을 두려워마세요 당신은 혼자가 아닙니다. 분리불안 애완상어 브루스와 함께하는 행복한 여정.,솔플 을 두려워 마세요 당신 은 혼자 가 아닙니다 . 분리 불안 애완 상어 브루스 와 함께 하는 행복한 여정 .,2020-06-03 05:51:59
648800,Raft,positive,최적화만 조금 더 됬으면 싶은 게임. 스토리도 괜찮고 은근히 재밌음,최적화 만 조금 더 됬으면 싶은 게임 . 스토리 도 괜찮고 은근 히 재밌음,2020-06-02 17:02:24
648800,Raft,positive,히히 재밋땅 밤새햇따,히 히 재밋땅 밤새 햇 따,2020-06-02 07:12:19
648800,Raft,positive,친구들이랑 하니깐 너무 재밌어용!!,친구 들 이랑 하 니깐 너무 재밌어용 !!,2020-05-31 18:26:54
648800,Raft,positive,wow,wow,2020-05-31 14:02:28
648800,Raft,positive,좋아요,좋아요,2020-05-30 18:57:54
648800,Raft,positive,ㅅㅅ,ㅅㅅ,2020-05-30 01:43:09
648800,Raft,positive,존잼,존잼,2020-05-29 23:57:19
648800,Raft,positive,편안하면서 같이 하면 더욱 좋고 혼자 해도 괜찮은 게임입니다 개인적으로,편안하면서 같이 하면 더욱 좋고 혼자 해도 괜찮은 게임 입니다 개인 적 으로,2020-05-29 21:49:30
648800,Raft,positive,raft,raft,2020-05-29 20:18:21
648800,Raft,positive,무난하게 할만한 샌드박스겜 같이하면 재밌는데 혼자했다면 글쎄올시다,무난 하게 할만 한 샌드박스 겜 같이 하면 재밌는데 혼자 했다면 글 쎄올시다,2020-05-29 14:55:06
648800,Raft,positive,d,d,2020-05-29 03:22:13
648800,Raft,positive,매우 재밌습니당,매우 재밌 습 니당,2020-05-29 00:10:48
648800,Raft,positive,이거 큰섬들어가도 동물이랑 복어 안보이는버그 어떻게 고치나요?,이 거 큰 섬 들어가도 동물 이랑 복어 안 보이는 버그 어떻게 고치나요 ?,2020-05-28 16:04:32
648800,Raft,positive,"혼자하기보단 3명정도로 멀티하는게 제일 적당하고 재밌는듯 전체적으로 스토리업데이트도 많이되고있으므로 할것도 점점 늘어나서 플탐이 늘어남 스트로보면서 다음섬들 찾아가는것 말고도 추가적으로 할수있는 부가목표나 그런것들이 있으면 좋을듯 개인적으로 목표를 정하고 하는것도 재미를 더하는데에 도움이됨 ex) 한번도 안죽기, 상어한태 배 한칸이라도 안뜯기기, 한대도 안맞기 등등 게임을 어렵게하거나 재밌게할 수 있는 목표들","혼자 하기보단 3 명정 도로 멀티 하는게 제일 적당하고 재밌는듯 전체 적 으로 스토리 업데이트 도 많이 되고있으므로 할것도 점점 늘어나서 플 탐이 늘어남 스트로 보면서 다음 섬 들 찾아가는것 말고도 추가 적 으로 할수있는 부가 목표 나 그런 것 들 이 있으면 좋을듯 개인 적 으로 목표 를 정 하고 하는것도 재미 를 더하는데에 도움 이 됨 ex ) 한번 도 안 죽기 , 상어 한 태 배 한 칸 이라도 안 뜯기기 , 한 대도 안 맞기 등등 게임 을 어렵 게 하 거나 재밌게 할 수 있는 목표 들",2020-05-28 08:55:34
648800,Raft,positive,비싸요 헤헿,비싸요 헤헿,2020-05-27 22:29:47
648800,Raft,positive,멀티해서 친구 섬에 있을때 버리고 도망가면 밥도둑,멀티 해서 친구 섬 에 있을 때 버리고 도망가면 밥 도둑,2020-05-27 07:11:55
648800,Raft,positive,아니 게임이 안되 이 ㅅ1발 지식인 찾아보면서 별 난리를 했는데도 안되네 게임이 실행하면 무반응이에요 피시방에서는 됬는데 집에있는 컴퓨터 2개다해봐도 안되네; 열받아 환불도안되고 시간차서,아니 게임 이 안되 이 ㅅ 1 발 지식인 찾아보면서 별 난리 를 했는데도 안되네 게임 이 실행 하면 무 반응 이에요 피시방 에서는 됬는데 집 에 있는 컴퓨터 2 개다 해봐도 안되네 ; 열 받아 환불 도 안되고 시간 차서,2020-05-27 00:58:30
648800,Raft,positive,확실히 재미가 있습니다. 다만 콘텐츠가 빠르게 고갈되는 것은 아쉽습니다.,확실히 재미 가 있습니다 . 다만 콘텐츠 가 빠르게 고갈 되는 것 은 아쉽습니다 .,2020-05-27 00:49:29
648800,Raft,positive,재미있네요,재미있네요,2020-05-26 21:46:39
648800,Raft,positive,.,.,2020-05-26 20:46:43
648800,Raft,positive,멍꿀잼,멍꿀잼,2020-05-26 11:22:03
648800,Raft,positive,재밋엉,재밋엉,2020-05-25 16:40:41
648800,Raft,positive,잔잔히 할맛남 비쌈,잔잔히 할 맛남 비쌈,2020-05-25 08:59:28
648800,Raft,positive,업뎃이너무없음,업뎃 이 너무 없음,2020-05-25 00:47:48
648800,Raft,positive,30%만해줘도바로사는데,30% 만 해줘도 바로 사는데,2020-05-25 00:43:38
648800,Raft,positive,너무 재밌어요 갈깔,너무 재밌어요 갈 깔,2020-05-24 14:50:49
648800,Raft,positive,초반에 갈매기랑 상어가 ㄹㅇ ㄱHㅅH77l인데 그걸 감안해도 정말 재밌습니다 상어고기와 갈매기 고기는 몸에도 좋구요 추천합니다,초반 에 갈매기 랑 상어 가 ㄹㅇ ㄱ H ㅅ H 77 l 인데 그걸 감안 해도 정말 재밌습니다 상어 고기 와 갈매기 고기 는 몸 에도 좋구요 추천 합니다,2020-05-24 05:54:12
648800,Raft,positive,던져~~던져,던져 ~~ 던져,2020-05-24 05:10:57
648800,Raft,positive,와.! 완.전.GOD.겜 d^0^b,와 .! 완 . 전 . GOD . 겜 d ^ 0 ^ b,2020-05-24 03:11:05
648800,Raft,positive,너무 재밌어요,너무 재밌어요,2020-05-23 18:54:25
648800,Raft,positive,아 시발 좆나 재밌긴 한데 스토리에 몰입해서 한참 재밌을라고 하는데 뭔 이상한 학자들 연구일기만 쳐 읽다가 끝나네ㅋㅋㅋㅋㅋ 존나 어이없어서ㅋㅋㅋㅋㅋ 재미는 있는데 개발자가 게을러 터져서 스토리 끄적이다가 대충 내놓은 느낌ㅋ 이거 할꺼면 스토리에 몰입하지 마세요 친구 버리는데에만 몰입하세요,아 시발 좆 나 재밌긴 한데 스토리 에 몰입 해서 한참 재밌을라고 하는데 뭔 이상한 학자 들 연 구 일 기만 쳐 읽다가 끝나네 ㅋㅋㅋㅋㅋ 존나 어이없어서 ㅋㅋㅋㅋㅋ 재미 는 있는데 개발자 가 게을러 터져서 스토리 끄적 이 다가 대충 내놓은 느낌 ㅋ 이 거 할꺼면 스토리 에 몰입 하지 마세요 친구 버리는데에만 몰입 하세요,2020-05-23 16:00:15
648800,Raft,positive,2인기준으로 지금 까지 나온 스토리 깨는데 20시간 정도 걸렸던 것 같습니다. 갈수록 나무는 많아지는 반면에 금속주괴가 부족해 힘들었던 것 같습니다. 다음 스토리 나오는게 기대 되네요 재미는 있었습니다.,2 인기 준 으로 지금 까지 나온 스토리 깨는데 20시간 정도 걸렸던 것 같습니다 . 갈수록 나무 는 많아지는 반면 에 금속 주 괴 가 부족해 힘들었던 것 같습니다 . 다음 스토리 나오는게 기대 되네요 재미 는 있었습니다 .,2020-05-23 04:28:41
648800,Raft,positive,적당한 난이도의 힐링게임. 무언가를 생산하고 짓고 하는걸 좋아한다면 강추하는 게임이다. 초반에는 적응이 안되서 조금 어려워보일수 있겠지만 하다보면 모든게 자급자족이 되고 아주 쉽게 플레이 할 수 있다.,적당한 난이도 의 힐링 게임 . 무언가 를 생산 하고 짓고 하 는걸 좋아한다면 강 추하는 게임 이다 . 초반 에는 적응 이 안되서 조금 어려워 보일수 있겠지만 하다 보면 모든 게 자급자족 이 되고 아주 쉽게 플레이 할 수 있다 .,2020-05-22 09:11:19
648800,Raft,positive,파밍하는맛이 나름있습니다.,파밍 하는 맛 이 나름있습니다 .,2020-05-21 21:05:33
648800,Raft,positive,재미있긴한데 가격에 비하면 만족스럽지 못하군요,재미있긴한데 가격 에 비 하면 만족 스럽지 못 하 군 요,2020-05-21 15:14:48
648800,Raft,positive,스토리 업뎃 좀 늦어도 괜찮으니까 갈매기 미친년좀 어떻게 해주세요 벽 뚫고 들어오잖아 호그와트 AI 유지한채로 양봉 업뎃은 도대체 무슨생각이냐? 꽃을 키워야 꿀을 따는데 꽃 키우면 갈매기가 다 처먹는다고 아,스토리 업뎃 좀 늦어도 괜찮으니까 갈매기 미친 년좀 어떻게 해주세요 벽 뚫고 들어오잖아 호그와트 AI 유지 한 채 로 양봉 업뎃 은 도대체 무슨 생각 이냐 ? 꽃 을 키워야 꿀 을 따는데 꽃 키우면 갈매기 가 다 처 먹는다고 아,2020-05-20 21:58:32
648800,Raft,positive,그래픽면에서는 다소 유아틱 할꺼라 생각하신분도 있지만 매우중독성이 다분한 게임임 아주 나이스한 게임임 시간 가는줄 모르고 게임을 함 전 200시간 정도 즐긴듯 하네여 ㅎㅎㅎ 이것저것 다 해보느냐거 ㅎㅎ,그래픽 면 에서는 다소 유아 틱 할꺼라 생각 하신 분도 있지만 매우 중독 성 이 다분한 게임 임 아주 나이스 한 게임 임 시간 가는줄 모르고 게임 을 함 전 200시간 정도 즐긴듯 하네여 ㅎㅎㅎ 이 것 저 것 다 해보느냐 거 ㅎㅎ,2020-05-20 17:54:51
648800,Raft,positive,친구랑 하면 잼씀. 근데 오랜 못함. 할게 없음,친구 랑 하면 잼 씀 . 근데 오랜 못 함 . 할게 없음,2020-05-20 17:07:52
648800,Raft,positive,친구들이랑 음성채팅과 함께 즐기면 매우 재밌습니다. ㅎㅎ,친구 들 이랑 음성 채팅 과 함께 즐기면 매우 재밌습니다 . ㅎㅎ,2020-05-19 22:18:45
648800,Raft,positive,친구들이랑 어려움하다가 곰한번 못잡았다가 아작나서 다시하는 중인데도 재미있음,친구 들 이랑 어려움 하다가 곰 한번 못잡았다가 아작 나서 다시 하는 중 인데 도 재미있음,2020-05-19 21:43:35
648800,Raft,positive,하악,하악,2020-05-19 18:51:28
648800,Raft,positive,GOOD,GOOD,2020-05-19 01:37:22
648800,Raft,positive,zxv,zxv,2020-05-19 00:46:43
648800,Raft,positive,초반: 로프가 없음 중반: 금속이 없음 후반: 해초가 없음 게임 내내: 판자가 없음,초반 : 로프 가 없음 중반 : 금속 이 없음 후반 : 해초 가 없음 게임 내내 : 판자 가 없음,2020-05-18 00:02:02
648800,Raft,positive,이 게임은 우리가 생각하지않고 힐링할수있게 도움을 주는 아주 건전하면서 상어 때려잡는맛과 여러가지를 할수있는 자유도높은게임입니다. 힐링을 원하신다면 이게임을 친구들과 함께 플레이를 즐겨보는게 어떤가요?,이 게임 은 우리 가 생각 하지 않고 힐링 할수있게 도움 을 주는 아주 건전하면서 상어 때려 잡는 맛 과 여러가지 를 할수있는 자유도 높은 게임 입니다 . 힐링 을 원하신다면 이 게임 을 친구 들 과 함께 플레이 를 즐겨 보는게 어떤 가요 ?,2020-05-17 22:16:04
648800,Raft,positive,음.... 2틀 와! 개꿀잼 그 이상 그냥 그러네 1주알 빡고수 됨ㅋㅋㅋㅋㅋㅋㅋㅋ,음 .... 2 틀 와 ! 개꿀잼 그 이상 그냥 그러네 1 주 알 빡 고수 됨 ㅋㅋㅋㅋㅋㅋㅋㅋ,2020-05-17 18:34:40
648800,Raft,positive,혼자 해도 재밌고 여러명이 다같이 하면 미친 텐션으로 날뛸 수 있습니다 그리고 비행기섬좀 나와라 제발,혼자 해도 재밌고 여러 명 이 다 같이 하면 미친 텐션 으로 날뛸 수 있습니다 그리고 비행기 섬좀 나와라 제발,2020-05-16 23:19:08
648800,Raft,positive,친구들이랑 하면 재밌음 ㅇㅇ,친구 들 이랑 하면 재밌음 ㅇㅇ,2020-05-16 20:52:54
648800,Raft,positive,혼자서하면 의외로 금방질립니다. 적어도 한명이상의 친구와 같이게임하면 그나마 오래즐길수 있습니다. 혼자서 하면 난이도가 꽤 쉬워지기 때문에 여럿이서하면 보통도 꽤나 어려워집니다. 할거 대부분 다하고 땟목 쥰나크게 만들어도 30시간 넘기는게 힘들기 때문에 아직 컨텐츠가 좀 부족하다고 느껴집니다. 그냥 게임이 뭔가 부족할 수 밖에 없는 느낌이라~ 얼리억세스 게임인지라 어쩔수없는 면이죠.,혼자 서하면 의외로 금방 질립니다 . 적어도 한 명 이상 의 친구 와 같이 게임 하 면 그나마 오래 즐길수 있습니다 . 혼자 서 하면 난이도 가 꽤 쉬워지기 때문 에 여럿 이 서하면 보통 도 꽤 나 어려워집니다 . 할거 대부분 다 하고 땟목 쥰나크 게 만들어도 30시간 넘기는게 힘들기 때문 에 아직 컨텐츠 가 좀 부족하다고 느껴집니다 . 그냥 게임 이 뭔가 부족할 수 밖에 없는 느낌 이라 ~ 얼리 억 세 스 게임 인지 라 어쩔 수 없는 면 이 죠 .,2020-05-16 20:09:09
648800,Raft,positive,dsas,dsas,2020-05-16 03:40:00
648800,Raft,positive,재밌긴한데 정가주고 살거는 아닌듯. 어느정도 진행했는데 뭘해야지 더 진행할수있는지 모르겠어서 지루해짐.,재밌긴한데 정가 주고 살거는 아닌듯 . 어느 정도 진행 했는데 뭘 해야지 더 진행 할수있는지 모르겠어서 지루해 짐 .,2020-05-15 22:18:53
648800,Raft,positive,친구 있으면 너무 재밌게 할 수 있는 게임이다.. 번역이 조금 애매하게 된 부분이 있어서 그 부분이 개선이 됐으면 좋겠고 스토리가 빨리 나왔으면 하는 마음이 있음,친구 있으면 너무 재밌게 할 수 있는 게임 이다 .. 번역 이 조금 애매하게 된 부분 이 있어서 그 부분 이 개선 이 됐으면 좋겠고 스토리 가 빨리 나왔으면 하는 마음 이 있음,2020-05-15 01:24:55
648800,Raft,positive,"멀티플레이 생존게임으로선 재밌지만 반복요소가 너무 강하다. 초반에는 뗏목을 확장해가며 새로운곳을 찾아가보는 재미가 확실하게 있지만, 그 이후엔 컨텐츠의 부실함을 느끼게 된다. 섬들도 처음엔 기대를 하고 어떻게든 가 보려 하지만, 결국에는 구조는 다르지만 내용물은 같은 섬들의 반복이기에 재료를 얻기 위한 수단으로만 보게 된다. 스토리용 대형 맵들도 처음엔 신기하지만 해야 할 일은 결국 신호기용 좌표가 써있는 방에 들어갈 수 있도록 1회용 도구를 만들기위해 필요한 재료를 해당맵에서 찾아보기의 반복이다. 플레이어에게 위협이 될만한","멀티플레이 생존 게임 으로선 재밌지만 반복 요소 가 너무 강하다 . 초반 에는 뗏목 을 확장 해가며 새로운 곳 을 찾아가 보는 재미 가 확실하게 있지만 , 그 이후 엔 컨텐츠 의 부실함을 느끼게 된다 . 섬 들 도 처음 엔 기대 를 하고 어떻 게 든 가 보려 하지만 , 결국 에는 구조 는 다르지만 내용물 은 같은 섬 들 의 반복 이기 에 재료 를 얻기 위 한 수단 으로만 보게 된다 . 스토리 용 대형 맵 들 도 처음 엔 신기하 지만 해야 할 일 은 결국 신호 기용 좌표 가 써있는 방 에 들어갈 수 있도록 1회 용 도구 를 만들기 위해 필요한 재료 를 해당 맵 에서 찾아보기의 반복 이다 . 플레이어 에게 위협 이 될만 한",2020-05-15 00:49:38
648800,Raft,positive,스토리가 있었음 좋았을텐데 이벤트식 전개가 너무 짧아서 아쉬움. 전체적으로 재밌음.,스토리 가 있었음 좋았을텐데 이벤트 식 전개 가 너무 짧아서 아쉬움 . 전체 적 으로 재밌음 .,2020-05-13 22:40:58
648800,Raft,positive,잠깐 끊기는 현상이 있는 오류가 있지만 전반적으로 업데이트도 계속 하고 있는 상태이며 멀티플레이라는 기점에서 친구들과 재밌게 할 수 있는 게임인것 같다. 재미있고 참신하며 중간에 빡센 부분도 있지만 집중 하다보면 꿀잼이다.,잠깐 끊기는 현상 이 있는 오류 가 있지만 전반 적 으로 업데이트 도 계속 하고 있는 상태 이며 멀티플레이 라는 기점 에서 친구 들 과 재밌게 할 수 있는 게임 인 것 같다 . 재미있고 참신하며 중간 에 빡센 부분 도 있지만 집중 하다 보면 꿀잼 이다 .,2020-05-13 11:23:01
648800,Raft,positive,ㅇㅅㅇ,ㅇㅅㅇ,2020-05-13 07:58:13
648800,Raft,positive,"컨텐츠 볼륨이 너무 적음.. 21000원 짜리 게임치고는 할수있는게 제한적임. 다만, 업데이트를 하니 어느정도는 양호한 수준","컨텐츠 볼륨 이 너무 적음 .. 21000원 짜리 게임 치고는 할수있는게 제한 적임 . 다만 , 업데이트 를 하니 어느 정도 는 양호 한 수준",2020-05-12 19:58:48
648800,Raft,positive,친구가 있으면 하셈,친구 가 있으면 하 셈,2020-05-12 16:54:59
648800,Raft,positive,재미있음 근데 자원수집 노동이 너무 귀찮고 힘듬 아스트로니어 처럼 교환 시스템 같은걸 만들어줬으면 좋겟음 새로 업데이트 한다면 npc 추가해서 남는 자원을 철이나 구리 스크랩처럼 고급자원으로 교환 하는게 있었음 좋겟어요,재미있음 근데 자원 수집 노동 이 너무 귀찮고 힘듬 아스트로 니 어 처럼 교환 시스템 같은걸 만 들어줬으면 좋겟음 새로 업데이트 한다면 npc 추가 해서 남는 자원 을 철 이나 구리 스크랩 처럼 고급 자원 으로 교환 하는게 있었음 좋겟어요,2020-05-12 16:41:39
648800,Raft,positive,꿀잼,꿀잼,2020-05-11 23:29:14
648800,Raft,positive,한번 플레이하면 못끕니다 조심하세요...,한번 플레이 하면 못 끕니다 조심하세요 ...,2020-05-11 23:28:35
648800,Raft,positive,개꿀잼이자너?,개꿀 잼이자 너 ?,2020-05-11 19:15:59
648800,Raft,positive,친구들이랑 같이하면 재미있어요 엔딩본후 여러가지 섬 보는 재미가 있네요,친구 들 이랑 같이 하면 재미있어요 엔딩 본 후 여러가지 섬 보는 재미 가 있네요,2020-05-11 17:48:33
648800,Raft,positive,친구랑 하면 좋은게임 친구가 없으면 노잼인 게임,친구 랑 하면 좋은 게임 친구 가 없으면 노잼 인 게임,2020-05-11 13:43:16
648800,Raft,positive,멀미까지 현실고증해버려서 좀 빡치는데 친구들이랑 다같이하면 재밌긴 함,멀미 까지 현실 고증 해 버려서 좀 빡치는데 친구 들 이랑 다 같이 하면 재밌긴 함,2020-05-11 04:07:15
648800,Raft,positive,"아직 최적화가 덜 됐지만 렉은 없고, 무엇보다도 밤이나 새벽에 힐링하기 좋은게임","아직 최적화 가 덜 됐지만 렉 은 없고 , 무엇 보다도 밤 이나 새벽 에 힐링 하기 좋은 게임",2020-05-10 20:28:02
648800,Raft,positive,한번 시작하면 시간 가는줄 모르고 합니다 ㅎ 혼자 하는것도 재미지만 친구들과 같이 하면 더 재밌습니다,한번 시작 하면 시간 가는줄 모르고 합니다 ㅎ 혼자 하는것도 재미 지만 친구 들 과 같이 하면 더 재밌습니다,2020-05-10 19:11:58
648800,Raft,positive,혼자하지 마세요.............,혼자 하지 마세요 .............,2020-05-10 14:27:21
648800,Raft,positive,재밋는데 좀 금방 질림,재밋는데 좀 금방 질림,2020-05-09 21:36:21
648800,Raft,positive,123,123,2020-05-09 20:27:40
648800,Raft,positive,어느순간 내가 상어의 미끼가되있어따,어느 순간 내 가 상어 의 미끼 가 되있 어따,2020-05-09 18:40:02
648800,Raft,positive,게임이 지겨워질때쯤 어려움 솔플에 도전해보세요. 전혀 다른게임이 됩니다. 디아블로 하드코어의 케릭삭제 멘붕을 느껴보세요.,게임 이 지겨워질 때 쯤 어려움 솔플 에 도전 해보세요 . 전혀 다른 게임 이 됩니다 . 디아블로 하드코어 의 케릭 삭제 멘붕 을 느껴 보세요 .,2020-05-09 14:15:14
648800,Raft,positive,굳,굳,2020-05-09 12:54:48
648800,Raft,positive,시험기간이지만 멈출수없다,시험 기간 이지만 멈출수 없다,2020-05-09 00:25:54
648800,Raft,positive,친구랑 오래하기좋은 생존게임에 이만한게없음,친구 랑 오래 하기 좋은 생존 게임 에 이만 한 게 없음,2020-05-08 21:41:28
648800,Raft,positive,로딩이 안되서 관짝에 넣었습니다. 참고로 권장사양보다 좋아요 tlqkf 인생,로딩 이 안되서 관짝 에 넣었습니다 . 참고 로 권장 사양 보다 좋아요 tlqkf 인생,2020-05-08 09:32:06
648800,Raft,positive,조금 재밌다 느끼니까 끝났어요,조금 재밌다 느끼니까 끝났어요,2020-05-07 23:18:37
648800,Raft,positive,이런 류의 게임을 좋아한다면 정말 엄청 대박 추천함 초반에 꽃은 거르지말고 그냥 꼬박꼬박 모아놓자..,이런 류 의 게임 을 좋아한다면 정말 엄청 대박 추천 함 초반 에 꽃 은 거르지 말고 그냥 꼬박꼬박 모아놓자 ..,2020-05-07 09:47:41
648800,Raft,positive,빨리 업뎃되기를 기다릴뿐... 더이상 할게없어... 이틀이면 할게없어...,빨리 업뎃되기 를 기다릴 뿐 ... 더 이상 할게 없어 ... 이틀 이면 할게 없어 ...,2020-05-07 06:16:54
648800,Raft,positive,재미있는데 업뎃 좀 해줘 근데 업뎃해도 또 금방깰거같음....,재미있는데 업뎃 좀 해줘 근데 업뎃해 도 또 금방 깰거 같음 ....,2020-05-07 00:12:52
648800,Raft,positive,업뎃만좀 빠르면 좋은데 ㅋ,업뎃만좀 빠르면 좋은데 ㅋ,2020-05-06 22:03:49
648800,Raft,positive,친구들이랑 하면 꿀 잼,친구 들 이랑 하면 꿀 잼,2020-05-05 23:53:25
648800,Raft,positive,친구들이 많으면 많을 수록 재미있는 게임같다. 혼자 하면 좀 적적하고 심심하지만 뭐 그런걸 원하는 사람들은 잘 맞을 듯.,친구 들 이 많으면 많을 수록 재미있는 게임 같다 . 혼자 하면 좀 적적하고 심심하지만 뭐 그런 걸 원하는 사람 들 은 잘 맞을 듯 .,2020-05-05 19:36:48
648800,Raft,positive,"게임은 재미 있음, 다만 아직 컨텐츠가 많이 부족함. 3~4일 정도 하고 나면 할게 없음.. 빨리 업데이트가 되길.. 근데 사실 업데이트가 된다고 해도 금방 끝낼 수 있을 거 같아서 그것마저 끝나고 나면 다음 업데이트까지 기다릴 수 있을지....","게임 은 재미 있음 , 다만 아직 컨텐츠 가 많이 부족함 . 3~4일 정도 하고 나면 할게 없음 .. 빨리 업데이트 가 되길 .. 근데 사실 업데이트 가 된다고 해도 금방 끝낼 수 있을 거 같아서 그것 마저 끝나고 나면 다음 업데이트 까지 기다릴 수 있을지 ....",2020-05-05 18:29:32
648800,Raft,positive,마크 바다버전!,마크 바다 버전 !,2020-05-05 00:49:42
648800,Raft,positive,존나힐링되는 꿀잼겜,존나 힐링 되는 꿀잼겜,2020-05-04 22:50:19
648800,Raft,positive,개 갓겜,개 갓 겜,2020-05-04 15:38:15
648800,Raft,positive,간만에 재밋는 게임에 빠졋어요,간만 에 재밋는 게임 에 빠졋어 요,2020-05-04 12:24:24
648800,Raft,positive,이게임은 너무 환상적인게임입니다 너무 재미있고 여러가지 숨겨진 섬 등등 찾고다니고 만들고 수리하고 탐험 때려잡고 자원 캐고 해서 너무 재미있습니다 하는걸 강축합니다!!,이 게임 은 너무 환상 적 인 게임 입니다 너무 재미있고 여러가지 숨겨진 섬 등등 찾고다니고 만들고 수리 하고 탐험 때려 잡고 자원 캐고 해서 너무 재미있습니다 하 는걸 강축 합니다 !!,2020-05-04 00:33:48
648800,Raft,positive,힐링게임 ㅠㅠ 파밍하는거 좋아하면 추천,힐링 게임 ㅠㅠ 파밍 하는거 좋아하면 추천,2020-05-03 17:47:37
648800,Raft,positive,야 재밌다 혼자는 노잼임,야 재밌다 혼자 는 노잼 임,2020-05-03 16:46:36
648800,Raft,positive,세일 하면 좋겠다 나는 세일 쿠폰 있었서 샀다.,세 일 하면 좋겠다 나 는 세 일 쿠폰 있었서 샀다 .,2020-05-03 08:04:18
648800,Raft,positive,재미있음....,재미있음 ....,2020-05-01 17:18:11
648800,Raft,positive,update plz,update plz,2020-05-01 02:12:53
648800,Raft,positive,4명이상은 ㄴㄴ 2~3명이서 하면 ㄹㅇ 갓겜^^ 21000은 너무 비싸 이 ^^ㅣ발련들아,4 명 이상은 ㄴㄴ 2~3 명 이서 하면 ㄹㅇ 갓 겜 ^^ 21000 은 너무 비싸 이 ^^ ㅣ 발련들 아,2020-04-30 18:45:57
648800,Raft,positive,무난하게 친구와 몇 판만 즐기기에 적당한 게임이다. 스토리도 포함하고 있는것 같으나 흥미진진하지는 않다. 정말 단 몇판 친구들과 플레이 하고 나면 영영 삭제하게 될 게임. 한번 쯤 해보는것도 나쁘지 않을것,무난 하게 친구 와 몇 판 만 즐기기에 적당한 게임 이다 . 스토리 도 포함 하고 있는것 같으나 흥미진진 하지는 않다 . 정말 단 몇 판 친구 들 과 플레이 하고 나면 영영 삭제 하게 될 게임 . 한번 쯤 해보는것도 나쁘지 않을것,2020-04-30 16:31:33
648800,Raft,positive,꾸르잼,꾸르잼,2020-04-30 16:02:13
648800,Raft,positive,창모드 어디갔누,창 모드 어디 갔 누,2020-04-30 13:15:43
648800,Raft,positive,야 상어 상어 어떡해 씨@발,야 상어 상어 어떡해 씨 @ 발,2020-04-28 18:43:54
648800,Raft,positive,2인이상 재미있고 4인이상일 경우 존나 꿀잼보장 다만 겜 특성상 약간의 프레임드랍이 생길 수 있고 아직까지는 스토리가 길지 않아 너무 빨리 끝난다는 것이 문제,2 인 이상 재미있고 4 인 이상일 경우 존나 꿀잼 보장 다만 겜 특성 상 약간 의 프레임 드랍 이 생길 수 있고 아직 까지는 스토리 가 길지 않아 너무 빨리 끝난다는 것 이 문제,2020-04-28 10:39:09
648800,Raft,positive,재미있다.,재미있다 .,2020-04-28 09:48:49
648800,Raft,positive,개꿀잼,개꿀잼,2020-04-28 04:21:17
648800,Raft,positive,"So, what do you think when you see these kinds of games? Survival? Adventure? Competition? Maybe you've been playing games and you've been dissatisfied with something. Well... let me give you a solution, first of all, you may want a huge scale of thrill that's completely different from the ordinary","So , what do you think when you see these kinds of games ? Survival ? Adventure ? Competition ? Maybe you ' ve been playing games and you ' ve been dissatisfied with something . Well ... let me give you a solution , first of all , you may want a huge scale of thrill that ' s completely different from the ordinary",2020-04-27 23:18:13
648800,Raft,positive,폐지 줍다가 끝나는 게임. 이유는 모르겠는데 시간 진짜 잘 간다.,폐지 줍다가 끝나는 게임 . 이유 는 모르겠는데 시간 진짜 잘 간다 .,2020-04-27 17:37:34
648800,Raft,positive,여자친구랑 할만한 스팀게임 찾는다면 90점 드림. 참고로 싸울수도있음. 노가다성 다분함.,여자친구 랑 할만 한 스팀 게임 찾는다면 90 점 드림 . 참고 로 싸울수도 있음 . 노가다 성 다분함 .,2020-04-27 00:00:50
648800,Raft,positive,2시간정도 하면 적당한겜 2시간 넘으면 질림 원가가 14000원 정도 였으면 좋았을듯,2시간 정도 하면 적당한 겜 2시간 넘으면 질림 원가 가 14000원 정도 였으면 좋았을듯,2020-04-26 11:51:36
648800,Raft,positive,분명 게임 끄기 전에 세계저장하고 껐는데 왜 데이터가 사라져 있죠? 이거 혹시 복구는 가능한가요 따로 백업해놓은 건 없습니다,분명 게임 끄기 전 에 세계 저장 하고 껐는데 왜 데이터 가 사라져 있죠 ? 이 거 혹시 복구 는 가능한가요 따로 백업 해놓은 건 없습니다,2020-04-25 22:12:54
648800,Raft,positive,업데이트 빼고는 다 완벽한 게임.,업데이트 빼고는 다 완벽한 게임 .,2020-04-25 15:17:36
648800,Raft,positive,친구들이랑 하기에 아주 재미있음 ^-^b 혼자 하기엔 흠... 업데이트 빨리해서 스토리 추가해주세요 ~,친구 들 이랑 하기에 아주 재미있음 ^-^ b 혼자 하기엔 흠 ... 업데이트 빨리 해서 스토리 추가 해주세요 ~,2020-04-23 13:13:37
648800,Raft,positive,레알밥도둑입니다,레알 밥 도둑 입니다,2020-04-22 23:17:20
648800,Raft,positive,하다보면 바다 위 궁전을 짓고 있는 자신을 보게 됩니다.,하다 보면 바다 위 궁전 을 짓고 있는 자신 을 보게 됩니다 .,2020-04-22 15:57:01
648800,Raft,positive,굿,굿,2020-04-20 20:56:01
648800,Raft,positive,스토리 추가 언제 됨,스토리 추가 언제 됨,2020-04-20 15:53:14
648800,Raft,positive,"아무 생각없이 게임 하고 싶을 때..노가다 하고 싶을 때..좋ㄷr,,","아무 생각 없이 게임 하고 싶을 때 .. 노가다 하고 싶을 때 .. 좋 ㄷ r ,,",2020-04-19 19:12:35
648800,Raft,positive,가끔 과하게 깨끗한 바다만 나올 때는 미쳐버릴 것 같다 버그인지 의도된 건지 모르겠지만 말이다 언제부터 니들이 그렇게 깨끗했다고 를 외치면서 이를 깍깨물고 하게 된다 쓰레기가 나와도 문제인 것이 나무 대비 플라스틱이 너무 많다 인간들 다 죽어서 다행이다 싶은 생각 혼자 하면 할 수는 있지만 너무 외로울 것 같다 캐릭터가 좀 다양하면 좋겠다 커스텀이 가능하던지 그나마 둘이면 다행이지만 여럿이면 서로 구분이 안간다,가끔 과 하게 깨끗한 바다 만 나올 때 는 미쳐 버릴 것 같다 버그 인지 의도 된 건지 모르겠지만 말 이다 언제 부터 니 들 이 그렇게 깨끗했다고 를 외치면서 이를 깍 깨물고 하게 된다 쓰레기 가 나 와도 문제 인 것 이 나무 대비 플라스틱 이 너무 많다 인간 들 다 죽어서 다행 이다 싶은 생각 혼자 하면 할 수 는 있지만 너무 외로울 것 같다 캐릭터 가 좀 다양하면 좋겠다 커 스텀 이 가능하던지 그나마 둘이면 다행 이지만 여럿 이면 서로 구분 이 안 간다,2020-04-19 13:06:57
648800,Raft,positive,아주 추천드립니다!,아주 추천 드립니다 !,2020-04-17 19:58:15
648800,Raft,positive,챕터 3 언제나옴?,챕 터 3 언제 나옴 ?,2020-04-16 23:30:25
648800,Raft,positive,생존게임,생존 게임,2020-04-16 17:21:39
648800,Raft,positive,너무 재밌어요 코로나 떄문에 할꺼 없는데 심심할떄 하면 짱재밌네여!,너무 재밌어요 코로나 떄문 에 할꺼 없는데 심심할 떄 하면 짱 재밌네여 !,2020-04-15 17:51:45
648800,Raft,positive,친구없으면 하지마라,친구 없으면 하지마라,2020-04-15 15:52:16
648800,Raft,positive,혼자하기에 너무 쓸쓸한 게임 망망대해에 나혼자라는 외로움이 당신의 두려움의로 바뀌는 순간만큼 게임하기 싫은적이없다 물론 난 친구랑해서 재미있었음,혼자 하기에 너무 쓸쓸한 게임 망망대해 에 나 혼자 라는 외로움 이 당신 의 두려움 의 로 바뀌는 순간 만큼 게임 하기 싫은 적 이 없다 물론 난 친구 랑 해서 재미있었음,2020-04-15 06:56:08
648800,Raft,positive,포레스트 보다 그래픽 부드럽고 밝아서 눈 편안- 재밋서요,포레스트 보다 그래픽 부드럽고 밝아서 눈 편안 - 재밋서 요,2020-04-14 19:25:54
648800,Raft,positive,갓겜 안사면 손해,갓 겜 안사면 손해,2020-04-14 16:17:58
648800,Raft,positive,"베타때부터 했던 게임인데, 상당히 많이 발전했다. 처음에는 유유자적 뗏목에서 표류하는 게임인 줄 알았으나, 잊을만 하면 튀어나와 배를 물어뜯는 상어나, 유람선에서 볼수있는 랄커는 갑분공포게임이 되게 만든다... '-`) 초반에는 자원 모으기가 힘드나 나중에는 그물을 이용해서 넘칠만큼 파밍가능. 갈수록 편해지는 게임이다. 여러명이서 가면 상어도 금방 조지고 기타 크리쳐들도 쉽게 사냥가능하다.","베타 때 부터 했던 게임 인데 , 상당히 많이 발전 했다 . 처음 에는 유유 자 적 뗏목 에서 표류 하는 게임 인 줄 알았으나 , 잊을만 하면 튀어나와 배 를 물어 뜯는 상어 나 , 유람선 에서 볼수있는 랄 커는 갑 분 공포 게임 이 되게 만든다 ... '-`) 초반 에는 자원 모으 기 가 힘드나 나중 에는 그물 을 이용 해서 넘칠만큼 파밍 가능 . 갈수록 편해지는 게임 이다 . 여러 명 이 서 가면 상어 도 금방 조지 고 기타 크리 쳐 들도 쉽게 사냥 가능하다 .",2020-04-14 13:27:24
648800,Raft,positive,생각없이 게임하면 줜나 재밌음,생각 없이 게임 하면 줜 나 재밌음,2020-04-14 02:00:45
648800,Raft,positive,시발 쓰레기가 없음,시발 쓰레기 가 없음,2020-04-12 20:50:30
648800,Raft,positive,혼자할때보다 여럿이 할때 진짜 재미가 배가됨. 마냥 생존도 아니고 스토리도 있고. 끊임없이 생존해야되서 별로 지루한감도 없음. 다음업데이트만 기다리는중 좀 더 자유도가 높아지고 자동화 외에도 다채로워지면 더 재밌어질듯,혼자 할 때 보다 여럿 이 할 때 진짜 재미 가 배 가 됨 . 마냥 생존 도 아니고 스토리 도 있고 . 끊임없이 생존 해야되 서 별로 지루한 감도 없음 . 다음 업데이트 만 기다리는 중 좀 더 자유도 가 높아지고 자동화 외 에도 다 채 로 워 지면 더 재밌어질 듯,2020-04-12 15:59:37
648800,Raft,positive,kj,kj,2020-04-12 11:30:55
648800,Raft,positive,친구몰래 어려움 해놓고 친구가 섬에있을때 튀면 친구는 다시는 못돌아옴니다,친구 몰래 어려움 해놓고 친구 가 섬 에 있을 때 튀면 친구 는 다시는 못 돌아옴니다,2020-04-11 14:28:13
648800,Raft,positive,god,god,2020-04-10 23:22:07
648800,Raft,positive,그냥,그냥,2020-04-10 20:16:02
648800,Raft,positive,재미있는데 엔딩이 없어서 존나허무함,재미있는데 엔딩 이 없어서 존나 허무함,2020-04-10 18:17:33
648800,Raft,positive,쉬움모드해서 상어와의 무한의 맞따이 가능,쉬움 모드 해서 상어 와의 무한 의 맞 따이 가능,2020-04-08 20:55:31
648800,Raft,positive,재미있습니다. 개인적으로 생존게임을 선호하는 편인데 지금까지 해왔던 생존 게임 중 최고입니다. 싱글도 재미있지만 멀티로 하면 더 재미있는 것 같네요. 초반에 비해 컨텐츠도 늘어난 편이고 나름 만족하며 플레이하고 있습니다. 업데이트도 꾸준히 진행되고 있고 더 다양한 컨텐츠가 늘 거라 기대하며 따봉 누르고 갑니다.,재미있습니다 . 개인 적 으로 생존 게임 을 선호 하는 편 인데 지금 까지 해왔던 생존 게임 중 최고 입니다 . 싱글 도 재미있지만 멀티 로 하면 더 재미있는 것 같네요 . 초반 에 비해 컨텐츠 도 늘어난 편이 고 나름 만족하며 플레이 하고 있습니다 . 업데이트 도 꾸준히 진행 되고 있고 더 다양한 컨텐츠 가 늘 거 라 기대하며 따 봉 누르고 갑니다 .,2020-04-08 12:19:37
648800,Raft,positive,친구와 함께한다면 그 무엇도 두렵지 않다,친구 와 함께 한다면 그 무엇 도 두렵지 않다,2020-04-08 02:46:07
648800,Raft,positive,업데이트좀 해주세요!!,업데이트 좀 해주세요 !!,2020-04-08 00:36:15
648800,Raft,positive,친구들이랑 같이 했는데 정말 재밌어요! 빨리 콘텐츠가 업데이트되면 좋겠어요!,친구 들 이랑 같이 했는데 정말 재밌어요 ! 빨리 콘텐츠 가 업데이트 되면 좋겠어요 !,2020-04-07 18:55:58
648800,Raft,positive,둥둥. 갓겜.,둥둥 . 갓 겜 .,2020-04-07 18:27:49
648800,Raft,positive,전형적인 생존게임. 스토리가 있다고는 하나 아직 완성되지 않았고 친구랑 같이해도 오래하면 쉽게 질림,전형 적 인 생존 게임 . 스토리 가 있다고는 하나 아직 완성 되지 않았고 친구 랑 같 이해도 오래 하면 쉽게 질림,2020-04-07 17:24:19
648800,Raft,positive,신규섬이 뜨기만 기다리고있는겜,신규 섬 이 뜨기만 기다리고있는 겜,2020-04-06 06:17:22
648800,Raft,positive,너무재밌네요!! 갓겜이따로없습니다~,너무 재밌네요 !! 갓 겜 이따 로 없습니다 ~,2020-04-04 22:36:32
648800,Raft,positive,"친구를 섬에 버리고, 바다에서 상어밥이되는 모습을 보며 싱긋웃어줄수 있습니다 ^^ 노가다 부분과 생각보다 반복적 생활은 조금 아쉽습니다. 최근에는 계속적인 패치로 할게 더 생기고 있으니 안심하고 사셔도됩니다.","친구 를 섬 에 버리고 , 바다 에서 상어 밥 이 되는 모습 을 보며 싱긋 웃어줄수 있습니다 ^^ 노가다 부분 과 생각 보다 반복 적 생활 은 조금 아쉽습니다 . 최근 에는 계속 적 인 패치 로 할게 더 생기 고 있으니 안심 하고 사셔도 됩니다 .",2020-04-04 02:44:05
648800,Raft,positive,시간 가는줄 모르고 하는중,시간 가는줄 모르고 하는 중,2020-04-03 23:42:12
648800,Raft,positive,친구들이랑 ㄱㄱ,친구 들 이랑 ㄱㄱ,2020-04-03 23:35:42
648800,Raft,positive,"이거 업데이트 또 언제 됩니까 저희가 난파선도 다녀오고 큰 배도 다녀오고 전파3개를 키는 섬도 다녀왔는데 다음진행이 업데이트가 아직 안되어서 더 이상 플레이를 못하고있습니다. 혹시 언제쯤이면 다시 게임을 플레이를 할수있을까요?? 답변 부탁드립니다, 제발요..ㅠㅠ 돈주고 샀는데 더이상 하지를 못한다는게 너무너무너무 마음이 아프네요...","이 거 업데이트 또 언제 됩니까 저희 가 난파선 도 다녀오고 큰 배도 다녀오고 전파 3 개 를 키 는 섬 도 다녀왔는데 다음 진행 이 업데이트 가 아직 안되어서 더 이상 플레이 를 못 하고있습니다 . 혹시 언제 쯤 이면 다시 게임 을 플레이 를 할수있을까요 ?? 답변 부탁드립니다 , 제발 요 .. ㅠㅠ 돈 주고 샀는데 더 이상 하지를 못 한다는게 너무 너무 너무 마음 이 아프네요 ...",2020-04-03 22:07:16
648800,Raft,positive,스토리고 있고 재밌는데 스토리 다 깨면 할거없음,스토리 고 있고 재밌는데 스토리 다 깨면 할거 없음,2020-04-03 19:37:02
648800,Raft,positive,대도서관,대 도서관,2020-04-03 10:06:37
648800,Raft,positive,후기 장점:친구랑하면 ㄹㅇ 기분이 아주 스바라시하게 좋아질정도로 재밌음 단점:업뎃이 느림 혼자하면 개찐따된 느낌. 엄마곰 시1발련아,후기 장점 : 친구 랑 하면 ㄹㅇ 기분 이 아주 스 바라시하게 좋아질 정도 로 재밌음 단점 : 업뎃 이 느림 혼자 하면 개 찐 따 된 느낌 . 엄마 곰 시 1 발련 아,2020-04-02 04:13:27
648800,Raft,positive,개꾸르잼,개꾸르잼,2020-04-01 23:15:13
648800,Raft,positive,브루노 씨발련,브루노 씨발 련,2020-04-01 19:48:38
648800,Raft,positive,재미있어요,재미있어요,2020-04-01 13:28:00
648800,Raft,positive,필요한것:친구,필요한것 : 친구,2020-04-01 10:34:57
648800,Raft,positive,처음엔 뭐하는지 몰라서 상어랑 맞다이(무기도없어서 일방적으로 쳐맞..) 조금 숙달이되면 상어랑 다이다이까고 수중의 아이템 파밍도하고 다인큐로 처음시작하였을땐 식량이부족해서 일안하는 일손 밥안주기도 하고.. 사람이많으면 재미는많지만 입이 많아져서 힘든게임! 드넓은 바다에서 4개의 판자위에서 해양 쓰레기를 주워가며 생존하는 게임! 상어만 잡을줄 알면 고인물이되는 그게임! 레프트입니다!,처음 엔 뭐 하는지 몰라서 상어 랑 맞다이 ( 무기 도 없어서 일방 적 으로 쳐 맞 ..) 조금 숙달 이 되면 상어 랑 다 이다이까 고 수중 의 아이템 파밍 도하 고 다인 큐 로 처음 시작 하였을 땐 식량 이 부족해서 일안하는 일손 밥 안주 기도 하고 .. 사람 이 많으면 재미 는 많지만 입 이 많아져서 힘든 게임 ! 드넓은 바다 에서 4 개 의 판 자위 에서 해양 쓰레기 를 주워가며 생존 하는 게임 ! 상어 만 잡을줄 알 면 고 인물 이 되는 그 게임 ! 레프트 입니다 !,2020-03-31 22:31:17
648800,Raft,positive,6.5 / 10 미친 상어가 나무 쳐먹는 게임. 친구들과 하기 좋다. 짧고 굵게 빡 재밌다가 확 할거없어서 미련없이 삭제 가능.,6.5 / 10 미친 상어 가 나무 쳐 먹는 게임 . 친구 들 과 하기 좋다 . 짧고 굵게 빡 재밌다가 확 할거 없어서 미련 없이 삭제 가능 .,2020-03-31 02:34:35
648800,Raft,positive,재밌어요 빨리 챕터 2도 나왔으면 좋겠어요,재밌어요 빨리 챕 터 2 도 나왔으면 좋겠어요,2020-03-31 01:51:34
648800,Raft,positive,친구들이랑 시간날때하면 좋은 게임,친구 들 이랑 시간 날때 하 면 좋은 게임,2020-03-29 17:20:15
648800,Raft,positive,재미는 있는데 즐길거리가 적어서 지겨워요.,재미 는 있는데 즐길 거리 가 적어서 지겨워요 .,2020-03-29 13:10:01
648800,Raft,positive,재미씀 그대신 친구 없으면 노잼임,재미 씀 그 대신 친구 없으면 노잼 임,2020-03-29 04:29:16
648800,Raft,positive,하면 할수록 재미있는 힐링게임~ 강력추천해요,하면 할수록 재미있는 힐링 게임 ~ 강력 추천 해 요,2020-03-28 11:14:44
648800,Raft,positive,,,2020-03-28 05:37:22
648800,Raft,positive,꼭 내 세계가 아닌 세계만 체계적이게 잘 지어 놓음,꼭 내 세계 가 아닌 세계 만 체계 적 이 게 잘 지어 놓음,2020-03-27 16:25:40
648800,Raft,positive,친구랑 하면 재밌다,친구 랑 하면 재밌다,2020-03-27 05:00:21
648800,Raft,positive,무한공급되는 비상식량이 땟목을 따라오는 서바이버 게임의 탈을 쓴 휴식 게임.,무한 공급 되는 비상식량 이 땟목 을 따라오는 서바이버 게임 의 탈 을 쓴 휴식 게임 .,2020-03-26 19:25:37
648800,Raft,positive,재밌음,재밌음,2020-03-26 13:32:32
648800,Raft,positive,친구랑하기 정말좋은게임 상어가 천사에요!!,친구 랑 하기 정말 좋은 게임 상어 가 천사 에요 !!,2020-03-26 11:53:47
648800,Raft,positive,스토리 있고 파밍을 좋아한다면 적극 추천 근데 친구랑 해야 재미있지 혼자하면 씹노잼임 ㅋ 아무튼 같이 할사람?,스토리 있고 파밍 을 좋아한다면 적극 추천 근데 친구 랑 해야 재미있지 혼자 하면 씹 노잼 임 ㅋ 아무튼 같이 할 사람 ?,2020-03-25 19:25:34
648800,Raft,positive,생존의 재미를 모여주고 어렵습니다,생존 의 재미 를 모 여주 고 어렵습니다,2020-03-25 17:31:13
648800,Raft,positive,헤어지고싶은친구랑같이하세요,헤어지고싶은 친구 랑 같이 하세요,2020-03-25 16:02:19
648800,Raft,positive,친구 있으면 갓겜 친구 없으면 망겜,친구 있으면 갓 겜 친구 없으면 망겜,2020-03-24 14:43:53
648800,Raft,positive,아....엔딩 너무빨리온다.... 할사람은 해라 난 그만할란다...,아 .... 엔딩 너무 빨리 온다 .... 할 사람 은 해 라 난 그만할란다 ...,2020-03-24 14:09:19
648800,Raft,positive,ㄴㅁ,ㄴㅁ,2020-03-24 00:58:03
648800,Raft,positive,굿,굿,2020-03-23 12:07:03
648800,Raft,positive,라디오주세요 제발주세요,라디오 주세요 제발 주세요,2020-03-22 21:03:09
648800,Raft,positive,친구랑 하면 재밌음 혼자하면 노잼일듯 너무 할게 많음 근데 나무를 말려서 쓰는거였으면 더 현실적이었을듯,친구 랑 하면 재밌음 혼자 하면 노잼 일듯 너무 할게 많음 근데 나무 를 말려서 쓰는거였으면 더 현실 적 이었을듯,2020-03-21 21:36:51
648800,Raft,positive,어우 렉이......................................................................................................................................................................................................................................................................................................,어우 렉 이 ......................................................................................................................................................................................................................................................................................................,2020-03-21 15:46:45
648800,Raft,positive,굿,굿,2020-03-21 15:07:32
648800,Raft,positive,ㅋㅋㅋㅋㅋ첨엔 무서웠지만 점차 적응이되가고 노가다에 뼈빠지는 게임,ㅋㅋㅋㅋㅋ 첨 엔 무서웠지만 점차 적응 이 되가고 노가다 에 뼈 빠지는 게임,2020-03-21 12:44:42
648800,Raft,positive,넓은 바다에서 플라스틱 나무 판자만 처먹는 병 신 상어출현,넓은 바다 에서 플라스틱 나무 판자 만 처 먹는 병 신 상어 출현,2020-03-21 07:58:11
648800,Raft,positive,4시간 플레이해본 후기. 재미있음. 확실히 협동이 생존에 유리함. 아직 정식발매가 아니기에 향후 컨텐츠 대폭 증가 기대됨. 수정요구사항 아이템 Drop시 Battle Ground 처럼 바닥에 있는 목록을 가시적으로 볼 수 있으면 좋겠음.,4시간 플레이 해본 후기 . 재미있음 . 확실히 협동 이 생존 에 유리함 . 아직 정식 발매 가 아니기에 향후 컨텐츠 대폭 증가 기대 됨 . 수정 요구사항 아이템 Drop 시 Battle Ground 처럼 바닥 에 있는 목록 을 가시 적 으로 볼 수 있으면 좋겠음 .,2020-03-20 09:25:32
648800,Raft,positive,친구두리랑 같이하묜 재밋오,친구 두리 랑 같이하 묜 재밋오,2020-03-20 06:59:31
648800,Raft,positive,재미있습니다.,재미있습니다 .,2020-03-19 07:44:57
648800,Raft,positive,멀티로하면 핵꿀잼 혼자하면 꿀잼,멀티 로 하면 핵꿀잼 혼자 하면 꿀잼,2020-03-18 19:37:20
648800,Raft,positive,쓰레기 청소 재미땅,쓰레기 청소 재미 땅,2020-03-18 19:08:32
648800,Raft,positive,개꿀잼임 그리고 항상 돌아다녀야함,개꿀잼임 그리고 항상 돌아다녀 야함,2020-03-18 17:08:39
648800,Raft,positive,테라리아 바다판이니까 테라리아 마인크래프트 재밌게했으면 뇌 거치지말고 그냥 사셈. 그런 사람들에게는 고민하는 시간이 아까울 정도다.,테라리아 바다 판이 니까 테라리아 마인크래프트 재밌게 했으면 뇌 거치지말고 그냥 사셈 . 그런 사람 들 에게는 고민 하는 시간 이 아까울 정도 다 .,2020-03-18 02:43:00
648800,Raft,positive,우정게임 인정,우정 게임 인정,2020-03-17 18:32:18
648800,Raft,positive,제2의 삶수준,제 2 의 삶 수준,2020-03-17 06:18:24
648800,Raft,positive,this game is perfect. good. but when is next chapter? im so tired,this game is perfect . good . but when is next chapter ? im so tired,2020-03-17 02:27:49
648800,Raft,positive,친구랑 하면 재밌는 겜,친구 랑 하면 재밌는 겜,2020-03-16 04:06:03
648800,Raft,positive,시간 가는줄 모르고 했네요...좀 더 해봐야할듯,시간 가는줄 모르고 했네요 ... 좀 더 해봐 야할듯,2020-03-16 00:20:25
648800,Raft,positive,업데이트 언제해,업데이트 언 제해,2020-03-15 19:28:09
648800,Raft,positive,시간 가는줄 모르는 반복노동. 친구 없으면 하기 힘들듯,시간 가는줄 모르는 반복 노동 . 친구 없으면 하기 힘들듯,2020-03-15 18:39:55
648800,Raft,positive,혼자하지마세요,혼자 하지 마세요,2020-03-15 01:35:48
648800,Raft,positive,재밌어요,재밌어요,2020-03-14 23:59:33
648800,Raft,positive,무난,무난,2020-03-14 22:27:49
648800,Raft,positive,남자친구랑 신혼집을 만들었어요,남자친구 랑 신혼집 을 만들었어요,2020-03-14 18:15:01
648800,Raft,positive,ㅁㅊ 둘이서 하면 꿀잼입니다 혼자하면 맛이 안나요,ㅁㅊ 둘이서 하면 꿀잼 입니다 혼자 하면 맛 이 안나 요,2020-03-14 18:14:46
648800,Raft,positive,친구랑하기 좋은게임 단지 3D게임 멀미심하신분 원래 멀미심하신분은 오래 플레이 못하실꺼에요ㅠ 재미는 있는데 육지멀미함ㅋㅋㅋㅋㅋㅋㅋㅠㅠㅠㅠㅠ,친구 랑 하기 좋은 게임 단지 3 D 게임 멀미 심하 신분 원래 멀미 심하 신분 은 오래 플레이 못 하실꺼에요 ㅠ 재미 는 있는데 육 지 멀미 함 ㅋㅋㅋㅋㅋㅋㅋㅠㅠㅠㅠㅠ,2020-03-14 15:18:20
648800,Raft,positive,게임 재밌음 근데 완결 까지 못만든 게임을 내는 수듄.. (빨리 빨리 만들어주세요 꾸벆~),게임 재밌음 근데 완결 까지 못 만든 게임 을 내는 수듄 .. ( 빨리 빨리 만들어주세요 꾸벆 ~),2020-03-14 14:25:11
648800,Raft,positive,몰라,몰라,2020-03-14 13:42:50
648800,Raft,positive,업데이트 언제함?,업데이트 언 제 함 ?,2020-03-14 12:19:25
648800,Raft,positive,친구들이랑 하다보면 진짜 내 주변에서 정상인 새끼 나밖에 없구나를 느끼게되는 게임,친구 들 이랑 하다 보면 진짜 내 주변 에서 정상인 새끼 나 밖에 없구나를 느끼게 되는 게임,2020-03-14 05:14:47
648800,Raft,positive,쥰나재밌음 상어가 집물어뜯는거 못봐서 윗층다뿌셔지면 쥰나화남,쥰 나 재밌음 상어 가 집 물어 뜯는거 못 봐서 윗 층 다 뿌셔 지면 쥰 나 화남,2020-03-13 02:52:08
648800,Raft,positive,스토리좀 더 추가좀 해줘라 제발 임종 직전에 스토리 다보는게 소원이다,스토리 좀 더 추가 좀 해줘라 제발 임종 직전 에 스토리 다 보는게 소원 이다,2020-03-12 21:56:46
648800,Raft,positive,친구 섬에 버리고 튀는 겜,친구 섬 에 버리고 튀는 겜,2020-03-12 00:59:19
648800,Raft,positive,아유 재밌자너~,아유 재밌자 너 ~,2020-03-11 13:59:45
648800,Raft,positive,굳굳굳~,굳 굳 굳 ~,2020-03-11 12:58:54
648800,Raft,positive,꺄,꺄,2020-03-11 11:09:28
648800,Raft,positive,좋아요,좋아요,2020-03-10 22:20:40
648800,Raft,positive,1시간 와 개꿀잼이네 ㅋㅋ 2시간 와 이런것도 있네 개잼ㅋㅋ 5시간 미친 이거도 있어?? 미친갓겜 10시간 뭐야 여기서 이렇게 끝나?,1시간 와 개꿀잼 이네 ㅋㅋ 2시간 와 이런 것 도 있네 개잼 ㅋㅋ 5시간 미친 이 거도 있어 ?? 미친 갓 겜 10시간 뭐 야 여기 서 이렇게 끝나 ?,2020-03-10 21:11:41
648800,Raft,positive,게임은 재밌습니다 초반에 그래픽부터해서 너무 마음에들고요 하지만 아직 업데이트가 부족해서 바다나 섬같은곳에 컨텐츠가 다양하지는 않습니다. 좀 더 업데이트 되면 또 해보고싶습니다 ㅎㅎ,게임 은 재밌습니다 초반 에 그래픽 부터 해서 너무 마음 에 들고요 하지만 아직 업데이트 가 부족해서 바다 나 섬 같은 곳 에 컨텐츠 가 다양하지는 않습니다 . 좀 더 업데이트 되면 또 해보고싶습니다 ㅎㅎ,2020-03-10 20:37:05
648800,Raft,positive,친구들이랑 하면 완전 시간가는지 모르고 계속하게 될정도로 재밌어요,친구 들 이랑 하면 완전 시간 가는지 모르고 계속 하게 될 정도 로 재밌어요,2020-03-10 18:15:16
648800,Raft,positive,상어 내 판자 좀 그만 부셔라,상어 내 판자 좀 그만 부셔라,2020-03-10 13:08:35
648800,Raft,positive,시간 대우면서 하기 좋은게임,시간 대우 면서 하기 좋은 게임,2020-03-10 12:21:08
648800,Raft,positive,재밌땅,재밌 땅,2020-03-09 23:15:41
648800,Raft,positive,아들하고 같이 하고 있습니다만 아직은 컨텐츠가 부족하네요. 세일할 때 구입하시고 나중에 하시길 추천드립니다.,아들 하고 같이 하고 있습니다만 아직 은 컨텐츠 가 부족하네요 . 세 일 할 때 구입 하시고 나중 에 하시길 추천 드립니다 .,2020-03-09 20:14:28
648800,Raft,positive,꿀잼,꿀잼,2020-03-09 19:44:54
648800,Raft,positive,자유도도 높고 진짜재미있는 게임이에요~,자유도 도 높고 진짜 재미있는 게임 이에요 ~,2020-03-09 18:33:41
648800,Raft,positive,나는 해적왕,나 는 해적 왕,2020-03-09 06:02:49
648800,Raft,positive,폐지를 주워서 카삐탕이 되는 이야기,폐지 를 주워서 카삐탕 이 되는 이야기,2020-03-08 22:30:23
648800,Raft,positive,개꿀잼,개꿀잼,2020-03-08 20:49:28
648800,Raft,positive,고독하구만,고독 하구만,2020-03-08 20:06:32
648800,Raft,positive,ㅁ아주굿,ㅁ 아주 굿,2020-03-08 18:18:36
648800,Raft,positive,dhkdn wlsWk Rnfwoa,dhkdn wlsWk Rnfwoa,2020-03-08 17:20:14
648800,Raft,positive,재밌다,재밌다,2020-03-08 17:16:08
648800,Raft,positive,갓겜,갓 겜,2020-03-08 00:27:45
648800,Raft,positive,힐링 갓겜,힐링 갓 겜,2020-03-08 00:01:35
648800,Raft,positive,유람선이랑 큰 섬 업데이트되고 완전더 미쳐버렸습니다..후.... 왜 안하세요?다들 래프트하세요!!!!!!!!!!!!!!!!!!상어랑 곰이 무섭긴하지만 대존잼입니다! (엔진생긴거 너무 좋구여...다들 래프트하세요 두번하세여!),유람선 이랑 큰 섬 업데이트 되고 완전 더 미쳐 버렸습니다 .. 후 .... 왜 안 하세요 ? 다 들 래프트 하세요 !!!!!!!!!!!!!!!!!! 상어 랑 곰 이 무섭긴 하지만 대 존잼 입니다 ! ( 엔진 생긴거 너무 좋구여 ... 다 들 래프트 하세요 두 번하세여 !),2020-03-07 19:23:50
648800,Raft,positive,친구랑 배만들어서 생존하는게임 ㅇㅇ 바다에 버려져서 친구랑 바다에 흘러가는 자원들을 주우며 생존하는게임 은근 파밍도할수있고 모험같은것도 할 수 있어서 좋다. 재밌다. 친구없으면 사지마삼 ㅅㄱ,친구 랑 배 만 들어서 생존 하는 게임 ㅇㅇ 바다 에 버려져서 친구 랑 바다 에 흘러가는 자원 들 을 주우 며 생존 하는 게임 은근 파밍 도 할수있고 모험 같은것도 할 수 있어서 좋다 . 재밌다 . 친구 없으면 사지마 삼 ㅅㄱ,2020-03-07 16:30:16
648800,Raft,positive,개재밋삼 꿀잼,개재 밋삼 꿀잼,2020-03-06 23:34:44
648800,Raft,positive,재미있습니다. 컨텐츠가 좀 더 추가되면 좋겠습니다. 심해 탐험이라던가 수족관 만들기 등등?,재미있습니다 . 컨텐츠 가 좀 더 추가 되면 좋겠습니다 . 심해 탐험 이 라던가 수족관 만들기 등등 ?,2020-03-06 22:57:09
648800,Raft,positive,재밋네요,재밋네 요,2020-03-06 20:30:15
648800,Raft,positive,재영아 같이하자,재 영아 같이 하자,2020-03-06 13:32:21
648800,Raft,positive,누나랑 형이랑 친구들이랑 하는걸 추천드립니다 누나하고 형이랑 해보았는데 정말 재미있네요,누나 랑 형 이랑 친구 들 이랑 하 는걸 추천 드립니다 누나 하고 형 이랑 해보았는데 정말 재미있네요,2020-03-06 02:06:45
648800,Raft,positive,그레이트 기모찌.,그레이 트 기모찌 .,2020-03-05 17:40:03
648800,Raft,positive,소모품의 내구성이 너무 약한듯,소모품 의 내 구성 이 너무 약한듯,2020-03-05 02:14:36
648800,Raft,positive,얼리액세스 치고는 볼륨이 꽤 있네요 혼자해도 재밌고 같이해도 재밌을 듯 해요,얼리 액세스 치고는 볼륨 이 꽤 있네요 혼자 해도 재밌고 같 이해도 재밌을 듯 해 요,2020-03-05 00:18:10
648800,Raft,positive,"정말 재밌습니다 왜냐하면 업데이트도 시간이 길지만,대규모 라는 것을 알아 주시면 감사하겠습니다","정말 재밌습니다 왜냐하면 업데이트 도 시간 이 길 지만 , 대규모 라는 것 을 알 아 주시 면 감사하겠습니다",2020-03-04 18:30:51
648800,Raft,positive,퀄리티 굉장히 좋아요,퀄리티 굉장히 좋아요,2020-03-04 15:07:42
648800,Raft,positive,개잼,개잼,2020-03-03 19:23:21
648800,Raft,positive,주 퀘 세개 파밍하니 할게없당... 엔딩이 있는 게임이라 생각했는데 아직 개발중이어따..ㅠㅠ 그래도 재밌어요 할인할 때 사서 개꿀,주 퀘 세 개 파밍 하니 할게 없당 ... 엔딩 이 있는 게임 이라 생각 했는데 아직 개발 중 이 어따 .. ㅠㅠ 그래도 재밌어요 할인 할 때 사서 개꿀,2020-03-03 17:18:16
648800,Raft,positive,rsdr,rsdr,2020-03-02 21:24:35
648800,Raft,positive,짱잼! 일할게 자꾸 생겨남..ㅋㅋㅋㅋ 그게 재밌음,짱 잼 ! 일 할게 자꾸 생겨남 .. ㅋㅋㅋㅋ 그게 재밌음,2020-03-02 13:07:42
648800,Raft,positive,미안해요. 래프트.,미안해요 . 래프트 .,2020-03-02 12:40:10
648800,Raft,positive,멀티하면 재밌는 게임 초반부터 중반까지는 몰입도가 애진다 근데 후반부로 가면 갈수록 게임에 목표가 애매모호 해지고 점점 귀찮아짐,멀티 하면 재밌는 게임 초반 부터 중반 까지는 몰입도 가 애 진다 근데 후반 부로 가면 갈수록 게임 에 목표 가 애매 모호 해지 고 점점 귀찮아 짐,2020-03-02 01:52:27
648800,Raft,positive,역시나 같이 해야하는 인싸겜,역시 나 같이 해야하는 인 싸 겜,2020-03-01 21:59:06
648800,Raft,positive,혼자하기 힘드네,혼자 하기 힘드네,2020-03-01 20:40:10
648800,Raft,positive,좋은 휴가 였습니다... 얼른 다음 패치가 나왔으면,좋은 휴가 였습니다 ... 얼른 다음 패치 가 나왔으면,2020-03-01 15:53:16
648800,Raft,positive,달달하누,달달 하 누,2020-03-01 14:26:16
648800,Raft,positive,같이 하던 친구가 탈주해버렸읍니다 처음부터 같이 하실 분 구해여 꾸준히 해서 스토리 진행하고싶어여 친추 주세요,같이 하던 친구 가 탈주 해 버렸 읍 니 다 처음 부터 같이 하실 분 구해 여 꾸준히 해서 스토리 진행 하고싶어여 친추 주세요,2020-03-01 12:12:36
648800,Raft,positive,멀티플레이 재밌어요,멀티플레이 재밌어요,2020-03-01 06:07:39
648800,Raft,positive,쓰레기 페티쉬가 생기고 녹색어머니를 빙의하게 되는 게임입니다,쓰레기 페티쉬 가 생기 고 녹색 어머니 를 빙의 하게 되는 게임 입니다,2020-02-29 21:58:20
648800,Raft,positive,2인용겜 혼자하면 재미없음 꿀잼,2 인용 겜 혼자 하면 재미없음 꿀잼,2020-02-29 17:50:58
648800,Raft,positive,상어맛 부메랑 꿀맛,상어 맛 부메랑 꿀맛,2020-02-29 17:30:35
648800,Raft,positive,혼자하기엔 너무나 많은 시간과 노력이 필요합니다. 노예를 구해서 같이 하면 좋을거같습니다!,혼자 하기엔 너무나 많은 시간 과 노력 이 필요합니다 . 노예 를 구해 서 같이 하면 좋을거 같습니다 !,2020-02-29 09:46:01
648800,Raft,positive,개꿀잼 독수린가 먼가 돌 졸라 날리는데 치킨으로 만들어버리고싶음,개꿀잼 독수 린 가 먼가 돌 졸라 날리는데 치킨 으로 만들어 버리고싶음,2020-02-29 04:28:40
648800,Raft,positive,재밌지만 업데이트가 시급한게임! 이틀동안 친구들과 26.9시간 플레이 했습니다,재밌지만 업데이트 가 시급 한게임 ! 이틀 동안 친구 들 과 26.9시간 플레이 했습니다,2020-02-29 03:30:07
648800,Raft,positive,꿀잼쓰 바갈쓰 꼭해라 두번해라 친구랑도하고 여친이랑도해라,꿀잼 쓰 바 갈 쓰 꼭 해라 두 번해라 친구 랑 도하 고 여친 이랑 도해 라,2020-02-28 20:17:46
648800,Raft,positive,핵취향인데 친구가없다...이게임은 혼자서 할수가없다...' 친구가 없어서 하다가 중도 포기했다. 근데 너무재밌다... 친구가 있었으면 좋겠다. 웃으면서 쓰레기를 건져보고싶다..,핵 취향 인데 친구 가 없다 ... 이 게임 은 혼자 서 할수가 없다 ...' 친구 가 없어서 하다가 중도 포기 했다 . 근데 너무 재밌다 ... 친구 가 있었으면 좋겠다 . 웃으면서 쓰레기 를 건져 보고싶다 ..,2020-02-28 20:16:35
648800,Raft,positive,good!!!!!!!!!!!!!!!!!!!!!!!!!!,good !!!!!!!!!!!!!!!!!!!!!!!!!!,2020-02-28 20:04:13
648800,Raft,positive,좋타,좋 타,2020-02-28 19:06:20
648800,Raft,positive,업뎃이 너무 느림,업뎃 이 너무 느림,2020-02-28 18:33:53
648800,Raft,positive,상어가 좀 ㅋㅋㅋㅋ 돌진맨같앜,상어 가 좀 ㅋㅋㅋㅋ 돌진 맨 같앜,2020-02-28 13:21:25
648800,Raft,positive,할게 참 많습니다,할게 참 많습니다,2020-02-27 22:06:18
648800,Raft,positive,이거 친구랑해야 잼잇어 애들아 ^^,이 거 친구 랑 해야 잼 잇어 애 들 아 ^^,2020-02-27 21:12:24
648800,Raft,positive,친구없으면 사지마세요,친구 없으면 사지 마세요,2020-02-27 19:38:25
648800,Raft,positive,너무 재밌네요 혼자서는 별로고 꼭 친구랑 같이하는 것을 추천드립니다.,너무 재밌네요 혼자 서는 별로 고 꼭 친구 랑 같이 하는 것 을 추천 드립니다 .,2020-02-27 18:58:43
648800,Raft,positive,나만의 배를 만들어 모험하는 방식의 게임 테마가 재밌습니다. 나만의 배를 만들 수 있다는 점이 재밌었구요. 다만 누군가와 함게 꾸려나갈때 개설한 호스트가 없을때 진입할 수 없다는 점은 조금 아쉬웠습니다.,나 만의 배 를 만들어 모험 하는 방식 의 게임 테마 가 재밌습니다 . 나 만의 배 를 만들 수 있다는 점 이 재밌었구요 . 다만 누군가 와 함 게 꾸려 나갈 때 개설 한 호스트 가 없을 때 진입 할 수 없다는 점 은 조금 아쉬웠습니다 .,2020-02-27 18:21:26
648800,Raft,positive,존잼쌉잼,존잼 쌉 잼,2020-02-27 18:03:54
648800,Raft,positive,친구들이랑 같이 플레이하기 좋은 게임,친구 들 이랑 같이 플레이 하기 좋은 게임,2020-02-27 18:00:36
648800,Raft,positive,개꿀잼,개꿀잼,2020-02-27 00:44:32
648800,Raft,positive,친구랑 하면 무조건 재밋는 게임.,친구 랑 하면 무조건 재밋는 게임 .,2020-02-26 23:32:20
648800,Raft,positive,.,.,2020-02-26 20:21:27
648800,Raft,positive,잼있음 근데 멀미심한사람은 불추,잼있음 근데 멀미 심한 사람 은 불추,2020-02-26 20:19:16
648800,Raft,positive,당신의 1년 5시간으로 대체되었다,당신 의 1년 5시간 으로 대체 되었다,2020-02-26 17:23:42
648800,Raft,positive,친구없음 하지마라 대신 노예는 있으면 해도됨,친구 없음 하지마라 대신 노예 는 있으면 해도 됨,2020-02-26 04:30:26
648800,Raft,positive,진짜 친구랑 며칠을 밤 새면서 했습니다. 물론 스토리가 다 끝나면 마땅히 할 게 없어 노잼되지만 진짜 스토리 끝날때까지 쭉 재밌어요 강추합니당 ㅎㅎㅎㅎㅎㅎㅎㅎㅎ,진짜 친구 랑 며칠 을 밤 새면서 했습니다 . 물론 스토리 가 다 끝나면 마땅히 할 게 없어 노잼 되지만 진짜 스토리 끝날 때 까지 쭉 재밌어요 강 추합니당 ㅎㅎㅎㅎㅎㅎㅎㅎㅎ,2020-02-26 02:20:32
648800,Raft,positive,친구랑 하면 개꿀잼,친구 랑 하면 개꿀잼,2020-02-25 22:27:37
648800,Raft,positive,멀티하면 음식만들다가 하루다가는겜,멀티 하면 음식 만들다가 하루 다가 는 겜,2020-02-25 15:02:25
648800,Raft,positive,good,good,2020-02-25 14:37:19
648800,Raft,positive,"2주는 진짜 재미있었음. 나는 쓰레기 줍는게 이렇게 재미있는건줄 몰랐당 상어 개빡치지만 하나하나 늘어가는 자원과 침대가 없어 밤을 지새우며 보던 달도 참 예뻤는데 그 이상은 없는게임.. 매번 똑같은 플레이, 다들 고여서 곰도 때려잡고 생쥐도 때려잡고,,더 이상 손이 안가게 되는 게임..","2 주는 진짜 재미있었음 . 나 는 쓰레기 줍는게 이렇게 재미있는건 줄 몰랐당 상어 개 빡치지만 하나 하나 늘어가는 자원 과 침대 가 없어 밤 을 지 새우 며 보던 달도 참 예뻤는데 그 이상은 없는 게임 .. 매번 똑같은 플레이 , 다 들 고여 서 곰 도 때려 잡고 생쥐 도 때려 잡고 ,, 더 이상 손 이 안 가게 되는 게임 ..",2020-02-25 06:10:41
648800,Raft,positive,짱짱재밋네요강추^^,짱 짱 재밋 네 요강 추 ^^,2020-02-25 01:59:08
648800,Raft,positive,good,good,2020-02-24 22:53:24
648800,Raft,positive,재밋어요 시간가는줄 몰라요,재밋어 요 시간 가는줄 몰라요,2020-02-24 08:26:10
648800,Raft,positive,재밌는데 혼자하니깐 힘들다,재밌는데 혼자 하 니깐 힘들다,2020-02-24 03:21:12
648800,Raft,positive,컨탠츠 똥겜,컨탠츠 똥겜,2020-02-24 00:34:49
648800,Raft,positive,상어 개 짱나게 자꾸 배 뜯어먹어서 기껏 열시미 만들어서 설치한 안테나 두개나 날려먹음 ㅡㅡ 개씹 똥 망겜 상어 뒤지게 안죽음 짱나 ㅡㅡ 상어고기 익는것도 개 느려 터졌음 인성 빻았어 상어 시봉딱 새끼 ㅡㅡ,상어 개 짱 나게 자꾸 배 뜯어 먹어서 기껏 열시미 만들어서 설치 한 안테나 두 개 나 날려 먹음 ㅡㅡ 개 씹 똥 망겜 상어 뒤지게 안 죽음 짱 나 ㅡㅡ 상어 고기 익는것도 개 느려 터졌음 인성 빻았어 상어 시 봉 딱 새끼 ㅡㅡ,2020-02-23 22:56:14
648800,Raft,positive,"조금 해봤는데, 재밌네요.","조금 해봤는데 , 재밌네요 .",2020-02-23 20:13:24
648800,Raft,positive,"21000원 짜리는 아니고 컨텐츠가 많은 건 더더욱 아니고...나름 재밌고 괜찮긴한데 만들 수 있는 품목도 적고 할 수 있는 것도 좀 제한되어 있어서 쪼끔 했다고 생각했는데 어느순간 뗏목도 다 짓고 멍 때리고 있는 자신을 발견하게 됨...같이 하면 나름 즐길만하고 혼자 하면 첨엔 재밌지만 그 짧디짧은 스토리가 끝나면 플레이도 끝임 심지어 이 겜에 버그란게 있어서 스크래처가 떨어뜨린 돌에 한마리 맞아죽고도 깨지질않고 원형 그대로 계속 굴러다닌 돌에 데미지 입고 요절해버린 내 염소를 봤을 때, 분명 얼룩무늬 염소를 잡고 저장하고 껐는","21000원 짜 리 는 아니고 컨텐츠 가 많은 건 더 더욱 아니고 ... 나름 재밌고 괜찮 긴한데 만들 수 있는 품목 도 적고 할 수 있는 것 도 좀 제한 되어 있어서 쪼끔 했다고 생각 했는데 어느 순간 뗏목 도 다 짓고 멍 때리고 있는 자신 을 발견 하게 됨 ... 같이 하면 나름 즐길 만하 고 혼자 하면 첨 엔 재밌지만 그 짧디 짧은 스토리 가 끝나면 플레이도 끝임 심지어 이 겜 에 버그 란 게 있어서 스크래처 가 떨어뜨린 돌 에 한 마리 맞아 죽고도 깨지질 않고 원형 그대로 계속 굴러 다닌 돌 에 데미지 입고 요절 해 버린 내 염소 를 봤을 때 , 분명 얼룩 무늬 염소 를 잡고 저장 하고 껐는",2020-02-23 18:43:59
648800,Raft,positive,친구랑 하면 상어가 불쌍한 게임,친구 랑 하면 상어 가 불쌍한 게임,2020-02-23 17:51:24
648800,Raft,positive,친구들이랑 하세요 추천합니다 (친구가 없으면 쩝..),친구 들 이랑 하세요 추천 합니다 ( 친구 가 없으면 쩝 ..),2020-02-23 13:41:55
648800,Raft,positive,mix you time!,mix you time !,2020-02-23 12:49:34
648800,Raft,positive,래프트엄청재밋 어요이게임추천합니다,래프트엄청재밋 어요 이 게임 추천 합니다,2020-02-23 12:06:48
648800,Raft,positive,plz support mac os,plz support mac os,2020-02-23 01:41:39
648800,Raft,positive,이거 할땐 친구랑 하삼,이 거 할 땐 친구 랑 하 삼,2020-02-22 17:46:02
648800,Raft,positive,개 재 밌 음,개 재 밌 음,2020-02-22 02:13:24
648800,Raft,positive,"할 일이 엄청 많아요,, 생존 게임 특유의 아 이제 뭐하지 가 없음","할 일이 엄청 많아요 ,, 생존 게임 특유 의 아 이제 뭐 하지 가 없음",2020-02-21 23:42:32
648800,Raft,positive,D,D,2020-02-21 22:07:34
648800,Raft,positive,개꿀잼,개꿀잼,2020-02-21 18:28:35
648800,Raft,positive,R,R,2020-02-21 16:18:32
648800,Raft,positive,갓갬,갓 갬,2020-02-21 13:49:24
648800,Raft,positive,시간 삭제게임,시간 삭제 게임,2020-02-21 06:55:28
648800,Raft,positive,재밌덩,재밌 덩,2020-02-21 04:13:39
648800,Raft,positive,ㅈㄴ 재밌음,ㅈㄴ 재밌음,2020-02-20 22:33:22
648800,Raft,positive,그냥 단도직입적으로 말하겠습니다. 이 게임은 그냥 갓겜입니다. 스팀 인생겜이라 해도 전혀 아까울 것 하나 없습니다. 시작은 4칸짜리 바닥에 망망대해를 돌아다니는 보잘 것 없는 뗏목으로 시작하지만 갈고리로 자원을 수집하여 자신의 뗏목을 점점 더 불려나갈 수 있습니다. 그리고 가끔마다 나오는 작은 섬들이나 주인없는 배에서 여러가지 자원을 수집하며 연구해나갈 수 있습니다. 당신의 장비는 점점 더 업그레이드 되고 짜증났던 상어와 맞다이를 뜨며 희열감을 느낄 수 있습니다. 게다가 수신기를 만들어 새로운 세계들을 만나보고 게임의 스토리를 이어,그냥 단도직입 적 으로 말 하겠습니다 . 이 게임 은 그냥 갓 겜 입니다 . 스팀 인생 겜 이라 해도 전혀 아까울 것 하나 없습니다 . 시작 은 4 칸 짜리 바닥 에 망망대해 를 돌아다니는 보잘 것 없는 뗏목 으로 시작 하 지만 갈고리 로 자원 을 수집 하여 자신 의 뗏목 을 점점 더 불려 나갈 수 있습니다 . 그리고 가끔 마다 나오는 작은 섬 들 이나 주인 없는 배 에서 여러가지 자원 을 수집 하며 연구 해 나갈 수 있습니다 . 당신 의 장비 는 점점 더 업그레이드 되고 짜증났던 상어 와 맞다이를 뜨며 희 열 감 을 느낄 수 있습니다 . 게다가 수신기 를 만들어 새로운 세계 들 을 만나 보고 게임 의 스토리 를 이어,2020-02-20 22:26:21
648800,Raft,positive,존나재밌다 꼭해라 친구랑 같이해라 존나 재미가 두배다,존나 재밌다 꼭 해라 친구 랑 같 이해 라 존나 재미 가 두 배 다,2020-02-20 19:15:21
648800,Raft,positive,대부분의 어느 정도 잘 나온 생존게임들이 그렇듯 기본적인 재미는 보장하는 편. 다만 생존 게임임에도 위협의 종류가 너무 한정적이라 (대부분 상어뿐) 초반에만 움찔움찔 하다가 나중에는 바다에 뛰어들어 상어와 맞다이를 뜨게 된다. 스토리와 관련된 챕터 부분은 정말 재밌게 플레이 하였으나 현재는 컨텐츠가 그닥 많지 않다. 공략 같은거 안 보고도 20시간 안되서 현재 나온 부분까지 클리어한 상태. 업뎃 기다리는 중.,대부분 의 어느 정도 잘 나온 생존 게임 들 이 그렇듯 기본 적 인 재미 는 보장 하는 편 . 다만 생존 게임 임 에도 위협 의 종류 가 너무 한정 적 이라 ( 대부분 상어 뿐 ) 초반 에만 움찔움찔 하다가 나중 에는 바다 에 뛰어들어 상어 와 맞다이를 뜨게 된다 . 스토리 와 관련 된 챕 터 부분 은 정말 재밌게 플레이 하였으나 현재 는 컨텐츠 가 그닥 많지 않다 . 공략 같은거 안 보고 도 20시간 안되서 현재 나온 부분 까지 클리어 한 상태 . 업뎃 기다리는 중 .,2020-02-20 17:59:39
648800,Raft,positive,친구랑 께임하면 친구가 팝핀현준됨 할거 좃나없고 걍 아직사기에는 떄가아닌거같음 무엇보다 최적화가 개씨발수준임 걍 좆망겜임 사지마셈 돈아까움 내돈 씨발 치킨사먹을걸,친구 랑 께 임하면 친구 가 팝핀현준 됨 할거 좃나없 고 걍 아직 사기 에는 떄 가 아닌거 같음 무엇 보다 최적화 가 개 씨발 수준 임 걍 좆망 겜임 사지마 셈 돈 아까 움 내 돈 씨발 치킨 사먹을걸,2020-02-20 15:08:07
648800,Raft,positive,^^^^^^^^^^꿀잼,^^^^^^^^^^ 꿀잼,2020-02-20 09:43:40
648800,Raft,positive,생존하는거 재밌음 약간 마크같음,생존 하는거 재밌음 약간 마크 같음,2020-02-20 09:43:22
648800,Raft,positive,good,good,2020-02-20 00:29:36
648800,Raft,positive,상어가 쓰레기임 그것말곤 ㅇk,상어 가 쓰레기 임 그것 말곤 ㅇ k,2020-02-19 22:41:13
648800,Raft,positive,친구랑 꼭 같이해야 재밌음. 혼자하면 개노잼+묵언수행,친구 랑 꼭 같이 해야 재밌음 . 혼자 하면 개 노잼 + 묵 언 수행,2020-02-19 21:07:15
648800,Raft,positive,asdsd,asdsd,2020-02-19 16:57:40
648800,Raft,positive,같이하니까 재밋어요,같이하니까 재밋어 요,2020-02-19 14:58:56
648800,Raft,positive,점점 성장하는 게임,점점 성장하는 게임,2020-02-19 14:47:42
648800,Raft,positive,게임이 일단 혼자 해도 괸찬음 배만들기 힘들지만 재미는있어요 .,게임 이 일단 혼자 해도 괸찬음 배 만들기 힘들지만 재미 는 있어요 .,2020-02-19 14:22:17
648800,Raft,positive,재밋다,재밋다,2020-02-19 00:32:12
648800,Raft,positive,업뎃마렵다!!! 업뎃해주라!!! 게임이 재밌는데 다음 업뎃이 언제나오나요?,업뎃마렵다 !!! 업뎃 해주라 !!! 게임 이 재밌는데 다음 업뎃 이 언제 나오나요 ?,2020-02-18 23:26:09
648800,Raft,positive,시간도둑 망겜,시간 도둑 망겜,2020-02-18 18:27:36
648800,Raft,positive,약간 재미보다는 천천히 발전하는 재미인듯 친구한명이랑 같이하면 굳굳,약간 재미 보다는 천천히 발전 하는 재미 인 듯 친구 한 명 이랑 같이 하면 굳 굳,2020-02-18 14:01:37
648800,Raft,positive,친구 또는 지인 2명이상 해도 개꿀잼 혼자해도 건축하는 재미가 있음,친구 또는 지인 2 명 이상 해도 개꿀잼 혼자 해도 건축 하는 재미 가 있음,2020-02-18 09:56:06
648800,Raft,positive,아직 약간 버그가 있는데 게임자체는 너무 재미있어요 난이도 선택 잘하세요,아직 약간 버그 가 있는데 게임 자체 는 너무 재미있어요 난이도 선택 잘 하세요,2020-02-17 23:12:34
648800,Raft,positive,마인크래프트 바다편,마인크래프트 바다 편,2020-02-17 23:06:47
648800,Raft,positive,굿,굿,2020-02-17 21:43:51
648800,Raft,positive,솔직히 다 좋아 다좋은데 진짜 멀미모드키면 배좀 안흔들리면 안됨? 키나 안키나 차이를 모르겠음 막상 친구들이랑 하면 재밌어서 하하호호 떠들면서 하다가 멀미나서 기분 안좋아져요 진짜 게임은 ㄱㅊ아요 적당히 즐기기좋고 정식발매하면 세일도할테니 가격이 쌔다고 느끼지도 않지만 진짜 멀미 멀미 멀미 제가 3D멀미는 없는데 이거하다 진짜 그날 컨디션 다망쳤어요,솔직히 다 좋아 다 좋은데 진짜 멀미 모드 키 면 배좀 안 흔들리면 안됨 ? 키 나 안키 나 차이 를 모르겠음 막상 친구 들 이랑 하면 재밌어서 하하호호 떠들면서 하다가 멀미 나서 기분 안 좋아져요 진짜 게임 은 ㄱㅊ 아요 적당히 즐기기 좋고 정식 발매 하 면 세 일도 할테니 가격 이 쌔다 고 느끼지도 않지만 진짜 멀미 멀미 멀미 제 가 3 D 멀미 는 없는데 이 거 하 다 진짜 그날 컨디션 다망 쳤어요,2020-02-17 20:46:23
648800,Raft,positive,"21000원 안 아까움 할 수 있는것도 많고, 다른 생존 게임보다 괜찮음. 다음 업데이트 완전 기대됨","21000원 안 아까 움 할 수 있는것도 많고 , 다른 생존 게임 보다 괜찮음 . 다음 업데이트 완전 기대 됨",2020-02-17 15:20:18
648800,Raft,positive,.,.,2020-02-17 13:14:03
648800,Raft,positive,가면 갈수록 재미 없었던 게임,가면 갈수록 재미 없었던 게임,2020-02-17 09:50:26
648800,Raft,positive,킹갓겜,킹 갓 겜,2020-02-17 00:27:00
648800,Raft,positive,ㄴ(ㅇㅁㅇ )ㄱ,ㄴ ( ㅇㅁㅇ ) ㄱ,2020-02-16 18:50:05
648800,Raft,positive,갓겜,갓 겜,2020-02-16 17:09:55
648800,Raft,positive,holy shit,holy shit,2020-02-16 17:03:15
648800,Raft,positive,이게임은 무료로 생존을 시켜줍니다.,이 게임 은 무료 로 생존 을 시켜 줍니다 .,2020-02-16 15:25:22
648800,Raft,positive,WKd,WKd,2020-02-16 13:05:46
648800,Raft,positive,꿀잼,꿀잼,2020-02-16 00:42:34
648800,Raft,positive,느무재미꾸,느무재미꾸,2020-02-16 00:35:58
648800,Raft,positive,진도빨리나가면 재미없겠지만 스토리 느긋하게나가고 뗏목확장도 서서히해주면서 파밍도 하다보면 시간가는줄 모름.,진도 빨리 나가면 재미없겠지만 스토리 느긋하게 나가고 뗏목 확장 도 서서히 해주면서 파밍 도 하다 보면 시간 가는줄 모름 .,2020-02-15 22:43:38
648800,Raft,positive,잼씀,잼 씀,2020-02-15 22:01:11
648800,Raft,positive,멀미나요 ㅠㅁㅠ,멀 미나 요 ㅠㅁㅠ,2020-02-15 18:20:12
648800,Raft,positive,꿀잼,꿀잼,2020-02-15 16:58:40
648800,Raft,positive,평화롭게 재밌네요 협곡에 지친 사람들이라면 몹시 추천해요,평화롭게 재밌네요 협곡 에 지친 사람 들이라면 몹시 추천 해요,2020-02-15 15:34:45
648800,Raft,positive,/,/,2020-02-15 11:48:55
648800,Raft,positive,살아있네,살아있네,2020-02-15 07:19:06
648800,Raft,positive,발사에 익숙하십니까?= Shoot Friendly? 미친 번역으로 활로 친구 맞춰보기 전까지 저게 뭔소린지 몰랐음,발사 에 익숙하십니까 ?= Shoot Friendly ? 미친 번역 으로 활 로 친구 맞춰 보기 전 까지 저 게 뭔 소린 지 몰랐음,2020-02-15 01:34:28
648800,Raft,positive,fuck,fuck,2020-02-14 21:24:52
648800,Raft,positive,솔로도재밌지만 멀티로하면 재미가 배가됨,솔로 도 재밌지만 멀티 로 하면 재미 가 배 가 됨,2020-02-14 02:36:48
648800,Raft,positive,??? : (배의 테두리에 철갑을 두르며) 본인 방금 상어가 배 못 부수는 상상함 ㅋㅋㅋㅋ 상어 : 어림도 없지,??? : ( 배 의 테두리 에 철갑 을 두르며 ) 본인 방금 상어 가 배 못 부수 는 상상 함 ㅋㅋㅋㅋ 상어 : 어림 도 없지,2020-02-14 02:04:39
648800,Raft,positive,같이 할 친구 있으면 쌉가능,같이 할 친구 있으면 쌉 가능,2020-02-14 00:11:02
648800,Raft,positive,괭장히 저한텐 재미있습니다 자원이 더 많아졌네요ㅎㅎ,괭장히 저 한텐 재미있습니다 자원 이 더 많아졌네요 ㅎㅎ,2020-02-13 22:29:05
648800,Raft,positive,10시간 하고나면 컨텐츠를 더이상 찾을수 없음 건축이나 해야지..,10시간 하고나면 컨텐츠 를 더 이상 찾을수 없음 건축 이나 해야지 ..,2020-02-13 21:41:17
648800,Raft,positive,"처음엔 혼자서도 재밌다고 정신승리도 해 봤지만, 인터넷방송 시참용 게임인 것 같습니다. 혼자 하기 지루하다는 게 제일 큰 단점인 것 같습니다.","처음 엔 혼자 서도 재밌다고 정신승리 도 해 봤지만 , 인터넷 방송 시 참용 게임 인 것 같습니다 . 혼자 하기 지루하다는 게 제일 큰 단점 인 것 같습니다 .",2020-02-13 21:36:22
648800,Raft,positive,재밌네여.. 근데 엔진을 옆에다 다는 건 줄 몰랐는데....,재밌네여 .. 근데 엔진 을 옆 에다 다는 건 줄 몰랐는데 ....,2020-02-13 18:01:14
648800,Raft,positive,같이할 사람이 없어요....솔플도 재밌는데!!!!!!!!!!!!!!!!!!!! 같이하면 더 재밌을듯 같이할 분 친추 말걸어주세용,같이 할 사람 이 없어요 .... 솔플 도 재밌는데 !!!!!!!!!!!!!!!!!!!! 같이 하면 더 재밌을듯 같이 할 분 친추 말 걸어주세용,2020-02-13 15:31:42
648800,Raft,positive,상어 미연시 게임,상어 미연시 게임,2020-02-13 13:25:58
648800,Raft,positive,같이할사람 있으면 재밌음 혼자서 하면 외로워 죽음,같이 할 사람 있으면 재밌음 혼자 서 하면 외로워 죽음,2020-02-12 22:44:26
648800,Raft,positive,GD GAME!,GD GAME !,2020-02-12 21:12:20
648800,Raft,positive,재밋엉,재밋엉,2020-02-12 17:51:49
648800,Raft,positive,고~급 수면...선?,고 ~ 급 수면 ... 선 ?,2020-02-12 14:33:34
648800,Raft,positive,친구가 없어요 같이해저요,친구 가 없어요 같이 해저 요,2020-02-11 22:22:46
648800,Raft,positive,GOOD,GOOD,2020-02-11 21:23:47
648800,Raft,positive,하ㅏ하하하 재미있네요 ^^,하 ㅏ 하하 하 재미있네요 ^^,2020-02-11 15:31:48
648800,Raft,positive,이게임 힐링을 과장한 노가다겜입니다. 친구랑 같이 하면 식량이 늘어나긴 하지만 그만큼 들어가는 식량도 만만치 않습니다. 어찌 어찌 3시간 정도 플레이 하시면 식량을 다 먹고 뒤진 친구를 상어밥으로 주는 안을 민주적 절차인 다수결의 법칙으로 결정하는 상황까지 옵니다. 또 당신이 이겜이 뭔데 열심히 하고 있는 상황에 현타가 오기 시작하고 결국 미치기 시작합니다. 당신의 사회성을 시험하고 싶다면 이 게임을 구매하십시요. 그래도 게임성도 좋고 바다를 표류하면서 스토리 찾는 맛도 있습니다. 저도 생존과 현타를 반복하며 21시간이나 플레이,이 게임 힐링 을 과장한 노가다 겜 입니다 . 친구 랑 같이 하면 식량 이 늘어나긴 하지만 그만큼 들어가는 식량 도 만 만치 않습니다 . 어찌 어찌 3시간 정도 플레이 하시면 식량 을 다 먹고 뒤진 친구 를 상어 밥 으로 주는 안 을 민주 적 절차 인 다수결 의 법칙 으로 결정 하는 상황 까지 옵니다 . 또 당신 이 이 겜 이 뭔 데 열심히 하고 있는 상황 에 현 타가 오기 시작 하고 결국 미치기 시작 합니다 . 당신 의 사회 성 을 시험 하고 싶다면 이 게임 을 구매 하십시요 . 그래도 게임 성도 좋고 바다 를 표류 하면서 스토리 찾는 맛 도 있습니다 . 저 도 생존 과 현 타 를 반복 하며 21시간 이나 플레이,2020-02-11 05:26:51
648800,Raft,positive,32000원에 할인 없이 샀는데 지금 21000원에다가 할인이네 아깝다.,32000원 에 할인 없이 샀는데 지금 21000원 에다가 할인 이네 아깝다 .,2020-02-10 22:16:24
648800,Raft,positive,평화로움,평화로움,2020-02-10 16:27:30
648800,Raft,positive,z,z,2020-02-09 22:44:26
648800,Raft,positive,잼밌따,잼밌따,2020-02-09 17:44:57
648800,Raft,positive,스토리가 너무 재밋었어요! ㅠㅠ 업데이트 좀 빨리 해주세요 ㅠㅠ,스토리 가 너무 재밋었어 요 ! ㅠㅠ 업데이트 좀 빨리 해주세요 ㅠㅠ,2020-02-09 04:36:58
648800,Raft,positive,같이 하면 시간 가는 줄 모르겠음 개재밌음.. 인터넷에서 공략이나 팁 같은거 검색하지말고 그냥 순수하게 즐기면서 겜하는게 ㄹㅇ 꿀잼,같이 하면 시간 가는 줄 모르겠음 개 재밌음 .. 인터넷 에서 공략 이나 팁 같은거 검색 하지말고 그냥 순수하게 즐기면서 겜 하는게 ㄹㅇ 꿀잼,2020-02-09 03:02:53
648800,Raft,positive,후.. 니들은 이런거 하지마라...,후 .. 니 들 은 이런거 하지마라 ...,2020-02-09 02:11:29
648800,Raft,positive,파밍하는 재미가 있기는 한데 친구랑 같이 해야 더 재미있고 혼자하기에는 좀 지루하네용,파밍 하는 재미 가 있기는 한데 친구 랑 같이 해야 더 재미있고 혼자 하기에는 좀 지루하네용,2020-02-09 01:13:28
648800,Raft,positive,qwewe,qwewe,2020-02-08 15:53:51
648800,Raft,positive,이잉,이잉,2020-02-08 01:18:39
648800,Raft,positive,친구랑하기좋음,친구 랑 하기 좋음,2020-02-07 23:07:30
648800,Raft,positive,다 좋은데 프레임 드랍이 너무 심함 아직 패치 해야될것도 많고 . 저기 권장 사양이 최소 사양에도 못 미칠지도 모름 . 재미는 있지만.,다 좋은데 프레임 드랍 이 너무 심함 아직 패치 해야 될것도 많고 . 저기 권장 사양 이 최소 사양 에도 못 미칠지도 모름 . 재미 는 있지만 .,2020-02-07 09:47:07
648800,Raft,positive,생각보다 재밌습니다,생각 보다 재밌습니다,2020-02-07 00:51:08
648800,Raft,positive,업데이트 자주하고 친구들이랑 하기 좋은게임,업데이트 자주 하고 친구 들 이랑 하기 좋은 게임,2020-02-06 17:52:31
648800,Raft,positive,다같이 하니갂 재밋어요,다 같이 하니 갂 재밋어 요,2020-02-06 00:38:01
648800,Raft,positive,"일단 추천은 박아두지만 사실 21,000원짜리 겜은 아님 할인 할때 사는게 쵴오","일단 추천 은 박아 두 지만 사실 21,000원 짜리 겜 은 아님 할인 할 때 사는게 쵴오",2020-02-05 23:18:22
648800,Raft,positive,그냥 지루하다는 평이 많았는데 진행해보니 재밌네요.,그냥 지루하다는 평이 많았는데 진행 해보니 재밌네요 .,2020-02-05 22:19:24
648800,Raft,positive,하핳 좋아여,하 핳 좋아여,2020-02-05 21:54:28
648800,Raft,positive,섬에 땟목대고 수박따다가 땟목 떠내려 감ㅋㅋㅋ 강제 김씨표류기행 주차해놓고 수박따러가면 죠스새끼 판자 다물어뜯음 중후반가면 게임이 질림,섬 에 땟목대 고 수박 따다가 땟목 떠내려 감 ㅋㅋㅋ 강제 김씨표류기 행 주차 해놓고 수박 따러가면 죠스 새끼 판자 다물어 뜯음 중후 반 가면 게임 이 질림,2020-02-05 21:28:58
648800,Raft,positive,Good,Good,2020-02-05 19:00:50
648800,Raft,positive,재미는 있다 세일할때 사는게 좋겠다.,재미 는 있다 세 일 할 때 사는게 좋겠다 .,2020-02-05 18:14:06
648800,Raft,positive,래프트로딩이 너무걸리는데 버그인가요? 아니면 제가 이상한건가요,래프트로딩 이 너무 걸리는데 버그 인가요 ? 아니면 제 가 이상한건 가요,2020-02-05 15:16:27
648800,Raft,positive,b,b,2020-02-05 10:09:57
648800,Raft,positive,개꿀잼,개꿀잼,2020-02-05 09:39:04
648800,Raft,positive,친구있다면 강추.....,친구 있다면 강추 .....,2020-02-04 23:46:25
648800,Raft,positive,"[뗏목을 타고 바다에서 생존하는 게임] . . 배고픔과 갈증. 자원부족... 그리고 지긋지긋한 상어의 공격을 버티면서 [포획 그물]과 [토대 장갑]으로 기본 틀만 완성한다면!! 그 뒤로는 풍족하고 여유로운 생활이 시작됩니다 . . 스토리를 따라가다보면 [스토리 전용 섬]도 나오고, 또한 평소에 보던 [일반 소형 섬]이 아닌 [중형 섬]과 [대형 섬]도 오픈됩니다 (스토리는 안테나와 수신기를 가동하면 진행 할 수 있습니다) . . 취향껏 건축과 페인트 칠도 가능하고 멀티도 가능하며, 동물 종류도 다양하고 그리고 가장 중요한 포인트는!","[ 뗏목 을 타고 바다 에서 생존 하는 게임 ] . . 배고픔과 갈증 . 자원 부족 ... 그리고 지긋지긋한 상어 의 공격 을 버티면서 [ 포획 그물 ] 과 [ 토대 장갑 ] 으로 기본 틀 만 완성 한다면 !! 그 뒤 로는 풍족하고 여유 로운 생활 이 시작 됩니다 . . 스토리 를 따라가다 보면 [ 스토리 전용 섬 ] 도 나오고 , 또한 평소 에 보던 [ 일반 소형 섬 ] 이 아닌 [ 중형 섬 ] 과 [ 대형 섬 ] 도 오픈 됩니다 ( 스토리 는 안테나 와 수신기 를 가동 하면 진행 할 수 있습니다 ) . . 취향 껏 건축 과 페인트 칠 도 가능하고 멀티 도 가능하며 , 동물 종류 도 다양하고 그리고 가장 중요한 포인트 는 !",2020-02-04 18:29:51
648800,Raft,positive,친구들과 함께 바다의 쓰레기를 청소해서 건강한 지구를 만들어보세요,친구 들 과 함께 바다 의 쓰레기 를 청소 해서 건강한 지구 를 만들어 보세요,2020-02-04 15:00:38
648800,Raft,positive,꾸르잼 상어패세요다들,꾸르잼 상어 패 세 요 다 들,2020-02-04 13:59:23
648800,Raft,positive,^^7,^^ 7,2020-02-03 23:08:28
648800,Raft,positive,"현재 플레이타임 60시간 정도. 게임의 성향이 바뀌는 시점이 몇 차례 있는 듯. 초반은 생존게임다운 느낌 중반은 마크처럼 빌딩에 치중, 마지막은 농장 운영. 길게 플레이하기에는 아직 개발중인점을 감안해야겠지만, 가벼운 느낌으로 시작해봄직한듯 (하다보면 움찔움찔하며 계속하고 있는 자기자신을 발견함)","현재 플레이 타임 60시간 정도 . 게임 의 성향 이 바뀌는 시점 이 몇 차례 있는 듯 . 초반 은 생존 게임 다운 느낌 중반 은 마크 처럼 빌딩 에 치중 , 마지막 은 농장 운영 . 길게 플레이 하기에는 아직 개발 중 인 점 을 감안 해야겠지만 , 가벼운 느낌 으로 시작 해봄 직한듯 ( 하다 보면 움찔움찔 하며 계속 하고 있는 자기 자신 을 발견 함 )",2020-02-03 19:19:07
648800,Raft,positive,혼자해도 재밌음,혼자 해도 재밌음,2020-02-03 19:06:32
648800,Raft,positive,.,.,2020-02-03 18:09:04
648800,Raft,positive,이것은 당신의 뭐야 돌려줘요 입니다. 감자!!,이 것 은 당신 의 뭐 야 돌려줘요 입니다 . 감자 !!,2020-02-03 08:40:15
648800,Raft,positive,재밌어요 진짜 재밌는데 멧돼지를 잡다보면 들이받히는데 그러고 나서 가끔 UI 아무것도 눌리지않고 휠을 돌려도 템 변경이 안되고 설정창도 안떠서 종료도 할수없는 버그가 걸립니다. 그럴땐 그냥 작업창에서 종료하고 다시 들어가야해요 버그 수정부탁드려요,재밌어요 진짜 재밌는데 멧돼지 를 잡다 보면 들이 받히는데 그러고 나서 가끔 UI 아무 것 도 눌 리지 않고 휠 을 돌려도 템 변경 이 안되고 설정 창 도 안 떠서 종료 도 할수 없는 버그 가 걸립니다 . 그럴 땐 그냥 작업 창 에서 종료 하고 다시 들어가야 해 요 버그 수정 부탁드려요,2020-02-03 08:05:40
648800,Raft,positive,найс,найс,2020-02-03 00:11:17
648800,Raft,positive,재미있어요 친구들이랑 하기 좋음 ㅋㅋㅋㅋ 혼자하면 많이 빡셀듯,재미있어요 친구 들 이랑 하기 좋음 ㅋㅋㅋㅋ 혼자 하면 많이 빡셀듯,2020-02-02 21:56:00
648800,Raft,positive,잼있어요,잼있어요,2020-02-02 21:10:30
648800,Raft,positive,시작하며 끊을수없어요,시작 하며 끊을수 없어요,2020-02-02 21:02:16
648800,Raft,positive,개꿀잼,개꿀잼,2020-02-02 18:03:58
648800,Raft,positive,재밌습니다. 업데이트도 많이됬구요,재밌습니다 . 업데이트 도 많이 됬구요,2020-02-02 15:29:52
648800,Raft,positive,빨리 대형 업대이트나 해랏!,빨리 대형 업대 이 트 나 해랏 !,2020-02-02 03:01:20
648800,Raft,positive,혼자해도 ssolssol한 재미가 있음,혼자 해도 ssolssol 한 재미 가 있음,2020-02-02 02:08:23
648800,Raft,positive,"노가다[조금 심함]. 플레이타임[무제한]. 컨텐츠 소비속도[보통]. 용량[가벼움]. 최적화[보통]. 적정가격[50% 할인]. 스토리[있음]. 난이도[중상]. 버그[조금 있음]. 대화[없음]. 멀티[존재]. 월드방식[오픈월드]. 자유도 [높음]. 샌드박스[유]. 모드[없음]. 장르[생존,채집]. 기타요소[건설,사냥] 평점:★★★★ 한줄평:우욱.....","노가다 [ 조금 심함 ]. 플레이 타임 [ 무제한 ]. 컨텐츠 소비 속도 [ 보통 ]. 용량 [ 가벼 움 ]. 최적화 [ 보통 ]. 적정가격 [ 50% 할인 ]. 스토리 [ 있음 ]. 난이도 [ 중상 ]. 버그 [ 조금 있음 ]. 대화 [ 없음 ]. 멀티 [ 존재 ]. 월드 방식 [ 오픈월드 ]. 자유도 [ 높음 ]. 샌드박스 [ 유 ]. 모드 [ 없음 ]. 장르 [ 생존 , 채집 ]. 기타 요소 [ 건설 , 사냥 ] 평점 : ★★★★ 한 줄평 : 우욱 .....",2020-02-01 23:15:16
648800,Raft,positive,꿀잼 데스까,꿀잼 데스 까,2020-02-01 21:15:53
648800,Raft,positive,오래걸리지만 재밌어요 ㅎㅎ,오래 걸리지만 재밌어요 ㅎㅎ,2020-02-01 20:28:43
648800,Raft,positive,앙,앙,2020-02-01 20:23:20
648800,Raft,positive,상어가 자꾸 알짱거리네,상어 가 자꾸 알짱거리네,2020-02-01 13:46:49
648800,Raft,positive,인싸겜,인 싸 겜,2020-02-01 03:02:25
648800,Raft,positive,"게임은 재미있으나 멀티플레이에서 나오는 버그가 상당합니다... 갈고리가 던져지지 않는 버그, 상호작용이 되지 않는 버그, 쓰러진 플레이어를 눕혀서 살리면 살리자마자 다시 뒤져버리는 버그,상자칸이 없어지지 않는 버그 재미있는데 버그좀 고쳐주세요","게임 은 재미있으나 멀티플레이 에서 나오는 버그 가 상당합니다 ... 갈고리 가 던져지지 않는 버그 , 상호작용 이 되지 않는 버그 , 쓰러진 플레이어 를 눕혀서 살리면 살리자마자 다시 뒤져 버리는 버그 , 상자 칸 이 없어지지 않는 버그 재미있는데 버그 좀 고쳐주세요",2020-01-31 23:23:37
648800,Raft,positive,재미있어요 상어도때려잡고,재미있어요 상어 도 때려 잡고,2020-01-31 13:50:28
648800,Raft,positive,갓겜이다 업데이트를 기대합니다.,갓 겜 이다 업데이트 를 기대합니다 .,2020-01-31 09:47:47
648800,Raft,positive,정신차려보니 날이 밝아오는 게임,정신차려 보니 날 이 밝아오는 게임,2020-01-31 00:52:35
648800,Raft,positive,다해 제발 전 우주 모두가 했으면 좋겠어요 세일 때 샀는데 세일 안할 때 샀어도 후회안함 ㅋ,다해 제발 전 우주 모두 가 했으면 좋겠어요 세 일 때 샀는데 세 일 안 할 때 샀어도 후회 안함 ㅋ,2020-01-31 00:27:50
648800,Raft,positive,완전 재밌으니까 꼭 사서 하세요 진짜 너무 재밌는데요 ?,완전 재밌으니까 꼭 사서 하세요 진짜 너무 재밌는데요 ?,2020-01-31 00:24:59
648800,Raft,positive,.,.,2020-01-31 00:04:22
648800,Raft,positive,진짜 잼나요,진짜 잼나요,2020-01-30 23:29:45
648800,Raft,positive,55시간했네요 이정도 하니까 컨텐츠가 슬슬 떨어져가네요 얼른 다음 컨텐츠 나왔으면 좋겠어요 할인할때 샀긴했지만 가격대비 매우 만족했습니다.,55시간 했네요 이정 도 하니까 컨텐츠 가 슬슬 떨어져가네요 얼른 다음 컨텐츠 나왔으면 좋겠어요 할인 할 때 샀긴 했지만 가격 대비 매우 만족했습니다 .,2020-01-30 20:55:19
648800,Raft,positive,이게임은 초 갓겜 게임 하다 보면 상어 귀여워짐 ㅋㅋ,이 게임 은 초 갓 겜 게임 하다 보면 상어 귀여워 짐 ㅋㅋ,2020-01-30 18:40:50
648800,Raft,positive,재밌고 재밌었다. 앞으로도 재밌을것 같다. 일단 기본적인 스토리모드도 굉장히 괜찮았고 기대가 된다. 창조모드에서도 마크 좀 하고 오신 고인분들이 멋진 건축을 하셔서 나도 한번 도전해보고 싶은 마음이 생긴다. 함께하실분 모집중 ㅎㅎ -트위치 참새짹 2020년 1월 30일 하루에 약 7시간 기준으로 1챕터완결까지 3일걸림...,재밌고 재밌었다 . 앞 으로도 재밌을것 같다 . 일단 기본 적 인 스토리 모드 도 굉장히 괜찮았고 기대 가 된다 . 창조 모드 에서도 마크 좀 하고 오신 고인 분들 이 멋진 건축 을 하셔서 나도 한번 도전 해보고 싶은 마음 이 생긴다 . 함께 하실 분 모 집중 ㅎㅎ - 트위치 참새 짹 2020년 1월 30일 하루 에 약 7시간 기준 으로 1 챕 터 완결 까지 3일 걸림 ...,2020-01-30 18:01:41
648800,Raft,positive,완전 꾸르잼,완전 꾸르잼,2020-01-30 14:13:49
648800,Raft,positive,애완동물로 귀여운 상어를 키울수 있어서 너무 좋아요! 먹이도 나무랑 플라스틱밖에 안 먹는데다가 가끔 올라와서 애교부리는게 정말 귀여워요,애완동물 로 귀여운 상어 를 키울수 있어서 너무 좋아요 ! 먹이 도 나무 랑 플라스틱 밖에 안 먹는데다가 가끔 올라와서 애교 부리는게 정말 귀여워요,2020-01-30 02:05:42
648800,Raft,positive,멀티를 해봐도 각자 배를 만드는게 아니라 한 배를 여러명이서 타고이동하는게 조금 불만임 불특정 다수가 각자 배타고 다니는 멀티를 만들면 신날거같음,멀티 를 해봐도 각자 배 를 만드는게 아니라 한 배 를 여러 명 이 서 타고 이동 하 는 게 조금 불만 임 불 특정 다수 가 각자 배타 고 다니는 멀티 를 만들면 신날거 같음,2020-01-29 15:05:15
648800,Raft,positive,적응돼서 뭐좀 해볼라니까 엔딩아닌 엔딩...!!,적응 돼서 뭐좀 해볼라니까 엔딩 아닌 엔딩 ...!!,2020-01-29 13:28:36
648800,Raft,positive,제 친구 대한이가 앙 개꿀잼이래요,제 친구 대한 이 가 앙 개꿀 잼이래요,2020-01-29 03:00:48
648800,Raft,positive,갓겜...스토리진행은 뒷전... 콩알만한 용량의 게임에 컨텐츠는 방대하다... 파밍하고 뗏목평수를 늘리다보면(물론 상어새끼가 자꾸 집을 갉아먹어서 밑빠진 독에 물붓는 기분이지만) 시간 가는줄 모름...,갓 겜 ... 스토리 진행 은 뒷전 ... 콩알 만 한 용량 의 게임 에 컨텐츠 는 방대하다 ... 파밍 하고 뗏목 평수 를 늘리다 보면 ( 물론 상어 새끼 가 자꾸 집 을 갉아먹어서 밑 빠진 독 에 물 붓는 기분 이지만 ) 시간 가는줄 모름 ...,2020-01-29 01:18:26
648800,Raft,positive,이거 다음스토리는 언제뜨는건가요 ㅠㅠ?,이 거 다음 스토리 는 언제 뜨는건 가요 ㅠㅠ ?,2020-01-29 01:11:59
648800,Raft,positive,앙 기분좋아,앙 기분 좋아,2020-01-28 18:19:05
648800,Raft,positive,같이할사람 ?,같이 할 사람 ?,2020-01-28 16:37:32
648800,Raft,positive,들짐승도 나오고 대형섬도 있다는데 둘이서 하면서 거기까지 도달해본적이 없음. 공략없이 보통모드로 꼬라박했는데 상어한테 줫털림 평화모드로 연습한담에 도전해봐야할듯,들 짐승 도 나오고 대형 섬 도 있다는데 둘이서 하면서 거기 까지 도달 해본 적 이 없음 . 공략 없이 보통 모드 로 꼬 라 박했는데 상어 한테 줫털림 평화 모드 로 연습 한 담 에 도전 해봐 야할듯,2020-01-28 05:37:54
648800,Raft,positive,돈스타브보다는 조금더 힐링되고 편한 느낌. 얼리엑세스라 아직 컨텐츠가 다소 부족한 느낌은 있음,돈스 타 브 보다는 조금 더 힐링 되고 편한 느낌 . 얼리 엑세스 라 아직 컨텐츠 가 다소 부족한 느낌 은 있음,2020-01-27 22:03:33
648800,Raft,positive,친구 없으면 심심한 게임,친구 없으면 심심한 게임,2020-01-27 21:52:43
648800,Raft,positive,얼른 완결 났으면 좋겠어요!,얼른 완결 났으면 좋겠어요 !,2020-01-27 17:16:28
648800,Raft,positive,으악,으악,2020-01-27 16:23:03
648800,Raft,positive,재미있어요 요즘에는 스토리도 추가되었구요 그런데 혼자 하니까 조금 지겨워요 친구랑 같이하는걸 추천해요,재미있어요 요즘 에는 스토리 도 추가 되었구요 그런데 혼자 하니까 조금 지겨워요 친구 랑 같이하는걸 추천 해요,2020-01-27 08:47:50
648800,Raft,positive,하다가 멀미가 나서 껐습니다 재미는 있어요 파도칠때마다 울렁거려서 결국 섬에 배를 정박할때 못참고 친구랑 둘다 같이 꺼버렸어요 재미는있어요,하다가 멀미 가 나서 껐습니다 재미 는 있어요 파도칠 때 마다 울렁거려서 결국 섬 에 배 를 정박 할 때 못 참고 친구 랑 둘다 같이 꺼 버렸어요 재미 는 있어요,2020-01-26 23:44:45
648800,Raft,positive,킬링타임용. 3명 이상의 친구랑 할 것.,킬링타임 용 . 3 명 이상 의 친구 랑 할 것 .,2020-01-26 23:42:24
648800,Raft,positive,잼씀,잼 씀,2020-01-26 22:10:11
648800,Raft,positive,같이하면 존잼임ㅋㅋㅋ,같이 하면 존잼임 ㅋㅋㅋ,2020-01-26 10:03:11
648800,Raft,positive,옛날엔 노잼이어서 할것도없고 돈낭비라 생각했는데 요즘엔 추가된것도 많고 멀티도 재밌는데 혼자해도 재밌어서 자주킴 세일안할때 사도 괜찮음,옛날 엔 노잼 이어서 할것도 없고 돈 낭비 라 생각 했는데 요즘 엔 추가 된것도 많고 멀티 도 재밌는데 혼자 해도 재밌어서 자주 킴 세 일 안 할 때 사도 괜찮음,2020-01-26 03:41:13
648800,Raft,positive,친구와 함께 생존하며 노가리까기 좋은 게임이다.,친구 와 함께 생존 하며 노가리 까기 좋은 게임 이다 .,2020-01-25 17:52:24
648800,Raft,positive,"친구랑 같이 할때: 푸르른 바다풍경을 보며 부지런히 일하다보면 이게 바로 힐링인가? 하는 생각이 절로 든다. 협동해서 상어도 잡고, 고기도 구워먹으며 모험다니는 재미가 쏠쏠하다. 내일은 무슨섬을 만날까 야호! 혼자할때: 아무것도 없다. 광활히 펼쳐진 망망해대에 덩그러니 땟목하나 의지해 떠있다보면 이 세상에 나혼자 밖에 안남았다는 현실을 더욱 또렷히 체감할수있다. 버려진땟목 파밍하고 가라앉는 모습을 볼때면 어쩐지 나의 미래모습을 보는듯 하다. 저 땟목에도 한때는 사람이 살았었겠지... 그렇게 쓸쓸히 돗을 펼친다.","친구 랑 같이 할 때 : 푸르른 바다 풍경 을 보며 부지런히 일 하다 보면 이 게 바로 힐링 인가 ? 하는 생각 이 절로 든다 . 협동 해서 상어 도 잡고 , 고기 도 구워 먹으며 모험 다니는 재미 가 쏠쏠하다 . 내일 은 무슨 섬 을 만날까 야호 ! 혼자 할 때 : 아무 것 도 없다 . 광활히 펼쳐진 망망 해대 에 덩 그러니 땟목하 나 의지 해 떠있다 보면 이 세상 에 나 혼자 밖에 안남았다는 현실 을 더욱 또렷히 체감 할수있다 . 버려진 땟목 파밍 하고 가라앉는 모습 을 볼때 면 어쩐지 나 의 미래 모습 을 보는듯 하다 . 저 땟목 에도 한 때 는 사람 이 살았었겠지 ... 그렇게 쓸쓸히 돗 을 펼친다 .",2020-01-25 17:09:15
648800,Raft,positive,친구들과 같이 하는 게임으로 매우 추천합니다~~ 재미있습니다!!!,친구 들 과 같이 하는 게임 으로 매우 추천 합니다 ~~ 재미있습니다 !!!,2020-01-25 17:09:12
648800,Raft,positive,good to play with friend,good to play with friend,2020-01-25 16:14:32
648800,Raft,positive,ㄱㄱ,ㄱㄱ,2020-01-25 16:12:28
648800,Raft,positive,혼자서하면은 좀 그런데 친구들과 하면 게임이 더더욱 재밌어집니당,혼자 서하면 은 좀 그런데 친구 들 과 하면 게임 이 더 더욱 재밌어 집니당,2020-01-24 18:57:56
648800,Raft,positive,"친구랑 둘이 하면 재밌습니다. 그래픽도 생각보다 괜찮고, 바다위에서 표류하는 분위기도 좋고, 생각보다 컨텐츠가 많아서 할게 많습니다.","친구 랑 둘 이 하면 재밌습니다 . 그래픽 도 생각 보다 괜찮고 , 바다 위 에서 표류 하는 분위기 도 좋고 , 생각 보다 컨텐츠 가 많아서 할게 많습니다 .",2020-01-24 18:37:25
648800,Raft,positive,개갓겜 병신겜,개 갓 겜 병신 겜,2020-01-24 14:20:38
648800,Raft,positive,"래프트는 내인생게임이야, 니들도 이거 해보면 알게될거야. 처음에는 정말 스릴 있고 약간 무섭다가 기술이 발전하면서 그것에 익숙해지고 정말 재밌는 게임이야, 21000원을 내고 할 그만한 가치가 있어!","래프트 는 내 인생게임 이야 , 니 들 도 이 거 해보면 알 게 될거야 . 처음 에는 정말 스릴 있고 약간 무섭다가 기술 이 발전 하면서 그것 에 익숙해지고 정말 재밌는 게임 이야 , 21000원 을 내고 할 그만한 가치 가 있어 !",2020-01-24 13:01:10
648800,Raft,positive,goood,goood,2020-01-24 04:36:36
648800,Raft,positive,굿굿,굿굿,2020-01-23 22:48:24
648800,Raft,positive,아니 판자좀 많이 나오게 좀,아니 판자 좀 많이 나오게 좀,2020-01-22 21:30:10
648800,Raft,positive,꿀잼 꾸ㅡㄹ잼,꿀잼 꾸 ㅡㄹ 잼,2020-01-22 21:23:46
648800,Raft,positive,섬에서 돌던지는 개새는 잡으라고 만들어 놓은거냐 미친새끼들아,섬 에서 돌던지는 개 새는 잡으라고 만들어 놓은 거 냐 미친 새끼 들 아,2020-01-22 20:26:49
648800,Raft,positive,친구들과 하면 정말 재미있는 게임,친구 들 과 하면 정말 재미있는 게임,2020-01-22 20:02:57
648800,Raft,positive,반복 그자체의 게임이야. 일상도 일하고 퇴근하고 자고 일어나서 일하고 퇴근하고 자고 일어나서 잖아요. 배고프면 그때 밥먹고. 게임에서도 그러고 있습니다. 생존게임은 그게 기반이니까 그래요 맞습니다. 근데 이건 지금 스토리 진행이 너무 적어ㅓㅓㅓㅓㅓㅓㅓㅓㅓㅓㅓㅓㅓㅓ (2020/1/22 기준) 빨리 얼리엑세스 끝나고 정식출시했으면 좋겠다 . 그때 다시 돌아올께 그리고 친구랑 하는게 훨씬 수월합니다. ( 압도적으로요 ),반복 그 자체 의 게임 이야 . 일상 도 일 하고 퇴근 하고 자고 일어나서 일 하고 퇴근 하고 자고 일어나서 잖아요 . 배고프면 그때 밥 먹고 . 게임 에서도 그러고 있습니다 . 생존 게임 은 그게 기반 이니까 그래요 맞습니다 . 근데 이건 지금 스토리 진행 이 너무 적어 ㅓㅓㅓㅓㅓㅓㅓㅓㅓㅓㅓㅓㅓㅓ ( 2020/1 / 22 기준 ) 빨리 얼리 엑세스 끝나고 정식 출시 했으면 좋겠다 . 그때 다시 돌아올께 그리고 친구 랑 하는게 훨씬 수월합니다 . ( 압도 적 으로 요 ),2020-01-22 19:46:16
648800,Raft,positive,넘 재밌음 스토리 깨는 것도 재밌고 창조 모드로 건축하는 것도 재밌음,넘 재밌음 스토리 깨는 것 도 재밌고 창조 모드 로 건축 하는 것 도 재밌음,2020-01-22 10:19:26
648800,Raft,positive,일부러 공략 안보고 하나하나 해보는중인데 재미있네요 ㅎㅎ,일부러 공략 안보 고 하나 하나 해보는 중 인데 재미있네요 ㅎㅎ,2020-01-22 04:48:24
648800,Raft,positive,업데이트 좀 빨리빨리빨리빨리빨리빨리빨리빨리빨리빨리빨리빨리빨리빨리빨리빨리빨리빨리빨리빨리빨리빨리빨리빨리빨리빨리빨리빨리빨리빨리빨리빨리빨리빨리빨리빨리빨리빨리빨리빨리빨리빨리빨리빨리빨리빨리빨리빨리빨리빨리빨리빨리빨리빨리빨리빨리빨리빨리빨리빨리빨리빨리빨리빨리빨리빨리빨리빨리빨리빨리빨리빨리빨리빨리빨리빨리빨리빨리빨리빨리빨리빨리빨리빨리빨리빨리빨리빨리빨리빨리빨리빨리빨리빨리빨리빨리빨리빨리빨리빨리빨리빨리빨리빨리빨리빨리빨리빨리빨리빨리빨리빨리빨리빨리빨리빨리빨리빨리빨리빨리빨리빨리빨리빨리빨리빨리빨리빨리빨리빨리빨리빨리빨리빨리빨리빨리빨리빨리빨리빨리빨리빨리빨리빨리빨리빨리빨,업데이트 좀 빨리 빨리 빨리 빨리 빨리 빨리 빨리 빨리 빨리 빨리 빨리 빨리 빨리 빨리 빨리 빨리 빨리 빨리 빨리 빨리 빨리 빨리 빨리 빨리 빨리 빨리 빨리 빨리 빨리 빨리 빨리 빨리 빨리 빨리 빨리 빨리 빨리 빨리 빨리 빨리 빨리 빨리 빨리 빨리 빨리 빨리 빨리 빨리 빨리 빨리 빨리 빨리 빨리 빨리 빨리 빨리 빨리 빨리 빨리 빨리 빨리 빨리 빨리 빨리 빨리 빨리 빨리 빨리 빨리 빨리 빨리 빨리 빨리 빨리 빨리 빨리 빨리 빨리 빨리 빨리 빨리 빨리 빨리 빨리 빨리 빨리 빨리 빨리 빨리 빨리 빨리 빨리 빨리 빨리 빨리 빨리 빨리 빨리 빨리 빨리 빨리 빨리 빨리 빨리 빨리 빨리 빨리 빨리 빨리 빨리 빨리 빨리 빨리 빨리 빨리 빨리 빨리 빨리 빨리 빨리 빨리 빨리 빨리 빨리 빨리 빨리 빨리 빨리 빨리 빨리 빨리 빨리 빨리 빨리 빨리 빨리 빨리 빨리 빨리 빨리 빨리 빨리 빨리 빨리 빨리 빨리 빨,2020-01-22 02:25:58
648800,Raft,positive,"친구끼리 세네명이서 하면 빵빵터지는 상황도 많고 너무 재밌습니다. 하지만 뭔가 맺음이 있는 엔딩을 기대하기엔 게임 자체가 미완성인게 너무 아쉽네요 난이도를 어렵게 설정하고 친구와의 ""생존"" 그 자체를 즐기신다면 추천드립니다","친구 끼리 세네 명 이 서 하면 빵빵 터지는 상황 도 많고 너무 재밌습니다 . 하지만 뭔가 맺음 이 있는 엔딩 을 기대하기엔 게임 자체 가 미완성 인게 너무 아쉽네요 난이도 를 어렵게 설정 하고 친구 와의 "" 생존 "" 그 자체 를 즐기 신다면 추천 드립니다",2020-01-22 01:53:46
648800,Raft,positive,재미있었습니다~,재미있었습니다 ~,2020-01-21 22:08:24
648800,Raft,positive,다 좋은데 스토리가 짧아서 오래 하기에는 너무 가격에 비해 아깝다고 생각합니다.그리고 이게임은 혼자말고 최소 3이상하면 재미가 배여서 친구와 같이 하세요,다 좋은데 스토리 가 짧아서 오래 하기에는 너무 가격 에 비해 아깝다고 생각 합니다 . 그리고 이 게임 은 혼자 말고 최소 3 이상하면 재미 가 배 여서 친구 와 같이 하세요,2020-01-21 21:35:14
648800,Raft,positive,빨리 업데이트 하라고 ^^ㅣ발,빨리 업데이트 하라 고 ^^ ㅣ 발,2020-01-21 02:44:43
648800,Raft,positive,친구랑 함께 할 수 있는 게임이지만 상당한 노오력이 필요한 게임..,친구 랑 함께 할 수 있는 게임 이지만 상당한 노오 력 이 필요한 게임 ..,2020-01-20 23:38:53
648800,Raft,positive,와 챕터 2 다깼는데 진짜 너무 재밌어요 챕터 3 빨리 하고싶어요 ㅠㅠㅠ 그동안 티타늄 모아서 다 만들고 있을께요!!,와 챕 터 2 다 깼는데 진짜 너무 재밌어요 챕 터 3 빨리 하고싶어요 ㅠㅠㅠ 그동안 티타늄 모아서 다 만들고 있을께요 !!,2020-01-20 10:52:48
648800,Raft,positive,넘 재밌,넘 재밌,2020-01-20 02:17:56
648800,Raft,positive,재밋습니다. 다음 컨텐츠가 얼른 업데이트 했으면 좋겠습니다,재밋습니 다 . 다음 컨텐츠 가 얼른 업데이트 했으면 좋겠습니다,2020-01-19 23:02:17
648800,Raft,positive,스토리가 흥미로운 게임,스토리 가 흥미로운 게임,2020-01-19 22:58:03
648800,Raft,positive,게임 시작 : 엉? 땟못이 왜부서지지? 악! 살려줘! 플레이타임 10시간째 : 물건이 잔뜩 필요해! 플레이타임 20시간째 : 다음이 내용이 궁금해! 플레이타임 28시간째 : 에!?...이게 끝? 이제 막 게임 재밌어지고 몰입하려했는데... 총평 : 게임은 좋은데 아직 챕터가 1밖에 안나와서 이제 막 입맛다셔질쯤에 흐름 팍 끊겨버립니다..얼리엑세스라 이해는 하는데 아쉬운건 어쩔 수 없네요. 아! 그리고 꼭 같이 할 친구 있을때 하세요. 혼자하면 정말 외롭고 우울할꺼같아요...,게임 시작 : 엉 ? 땟못 이 왜 부서지지 ? 악 ! 살려줘 ! 플레이 타임 10시간 째 : 물건 이 잔뜩 필요해 ! 플레이 타임 20시간 째 : 다음 이 내용 이 궁금해 ! 플레이 타임 28시간 째 : 에 !?... 이 게 끝 ? 이제 막 게임 재밌어지고 몰입 하려 했는데 ... 총 평 : 게임 은 좋은데 아직 챕 터 가 1 밖에 안 나와서 이제 막 입맛 다셔질 쯤 에 흐름 팍 끊겨 버립니다 .. 얼리 엑세스 라 이해 는 하는데 아쉬운건 어쩔 수 없네요 . 아 ! 그리고 꼭 같이 할 친구 있을 때 하세요 . 혼자 하면 정말 외 롭고 우울할꺼 같아요 ...,2020-01-19 22:37:31
648800,Raft,positive,뱃멀미나시면 안하시는게좋아요,뱃멀미 나시 면 안 하시는게 좋아요,2020-01-19 19:07:00
648800,Raft,positive,비추,비추,2020-01-19 17:55:47
648800,Raft,positive,소소하게 힐링할수 있는게임. 더 많은 컨텐츠가 생겼으면 좋겠습니다.,소소하게 힐링 할수 있는 게임 . 더 많은 컨텐츠 가 생겼으면 좋겠습니다 .,2020-01-19 16:12:08
648800,Raft,positive,시간 순삭,시간 순삭,2020-01-19 10:40:01
648800,Raft,positive,ㅈ같누,ㅈ 같 누,2020-01-19 06:17:03
648800,Raft,positive,사부작사부작 시간때우면서 친구들과 하기좋은게임,사부작사부작 시간 때우면서 친구 들 과 하기 좋은 게임,2020-01-18 23:47:51
648800,Raft,positive,같이 하는 사람 있으면 개꿀잼!! 혼자는 글쎄...?,같이 하는 사람 있으면 개꿀잼 !! 혼자 는 글쎄 ...?,2020-01-18 22:31:43
648800,Raft,positive,스토리는 재밋는데 다꺠면 할꺼없는게임 근데 재미는 잇음 제가 진짜 도티tv 운영자입니다,스토리 는 재밋는데 다꺠 면 할꺼 없는 게임 근데 재미 는 잇음 제 가 진짜 도티 tv 운영자 입니다,2020-01-18 12:08:16
648800,Raft,positive,재밋소,재밋소,2020-01-18 02:19:25
648800,Raft,positive,염소가 귀여움.,염소 가 귀 여 움 .,2020-01-18 01:06:25
648800,Raft,positive,존잼,존잼,2020-01-17 23:53:24
648800,Raft,positive,앙 꿀잼띠 너무 꿀잼이지만 쉴 수가 없음... 편안하게 다니고 싶은데 가축들 먹이주느라 바쁘고 상어때문에 계속 보수공사해야되고... 건축 하다보면 판자는 계속 부족하고... 스토리는 지금 추가된 것 까지 다 봤지만 여유가 없다... 그리고 생물연료 만들 때 쓰는 꿀도 좀 자체수급 가능하게 해줬으면...,앙 꿀잼띠 너무 꿀잼 이지만 쉴 수가 없음 ... 편안하게 다니고 싶은데 가축 들 먹이주느라 바쁘고 상어 때문 에 계속 보수 공 사해 야 되고 ... 건축 하다 보면 판자 는 계속 부족하고 ... 스토리 는 지금 추가 된 것 까지 다 봤지만 여유 가 없다 ... 그리고 생물연료 만들 때 쓰는 꿀 도 좀 자체 수급 가능하게 해줬으면 ...,2020-01-17 21:29:45
648800,Raft,positive,존나잼너무잼 단점은 설명이부족,존나 잼 너무 잼 단점 은 설명 이 부족,2020-01-17 13:45:32
648800,Raft,positive,FUNNY,FUNNY,2020-01-17 12:00:02
648800,Raft,positive,good,good,2020-01-17 02:28:47
648800,Raft,positive,게임은 재미있음 하지만 상어가 부모님이 없음 ㅇㅇ,게임 은 재미있음 하지만 상어 가 부모님 이 없음 ㅇㅇ,2020-01-16 22:27:59
648800,Raft,positive,상어한테 패드립 치는 게임,상어 한테 패 드립 치는 게임,2020-01-16 22:00:42
648800,Raft,positive,ying,ying,2020-01-16 19:01:18
648800,Raft,positive,업뎃전부터 했는데 무조건 친구랑 해야하고 업뎃전에 한가한거 즐기고 업뎃으로 착착착 나아가니 이토록 재미있는건 없다,업뎃전 부터 했는데 무조건 친구 랑 해야하고 업뎃전 에 한가한거 즐기고 업뎃 으로 착착 착 나아가니 이 토록 재미있는건 없다,2020-01-16 17:29:00
648800,Raft,positive,재밌어요,재밌어요,2020-01-16 14:35:19
648800,Raft,positive,창조적말고 제외한 다른 모드는 스폰이 바다속에서 되고 올라간다해도 어디가 위인지 구별이안되 산소가 없어 사망을 계속하는데 어떻게 된겁니까?짐 돈주고 깐건데 이러면 안되죠..........짐 겜이 창조적말고는 아예안된는데.............,창조 적 말고 제외 한 다른 모드 는 스폰 이 바다 속 에서 되고 올라간 다해 도 어디가 위인 지 구별 이 안되 산소 가 없어 사망 을 계속 하는데 어떻게 된 겁 니까 ? 짐 돈 주고 깐건데 이러면 안되죠 .......... 짐 겜 이 창조 적 말고는 아예 안된는데 .............,2020-01-16 14:10:31
648800,Raft,positive,수십일 넘어가면 할게 없지만..재료 모으는 재미?,수십 일 넘어가면 할게 없지만 .. 재료 모으는 재미 ?,2020-01-16 13:55:42
648800,Raft,positive,장점:스토리가 신기하고 동물도 길를수 있기 때문에 재밌다 단점:노가다.......,장점 : 스토리 가 신기하고 동물 도 길를수 있기 때문 에 재밌다 단점 : 노가다 .......,2020-01-16 11:32:43
648800,Raft,positive,갓겜이에요 진짜 이거 꼭 해보세요 개꿀잼,갓 겜 이에요 진짜 이 거 꼭 해보세요 개꿀잼,2020-01-16 01:02:20
648800,Raft,positive,혼자서 할때 초반에 로드호그질 하는게 조금 막막함 대신 같이할사람 있다면 재밌음,혼자 서 할 때 초반 에 로드 호 그 질 하는게 조금 막막함 대신 같이 할 사람 있다면 재밌음,2020-01-15 23:51:16
648800,Raft,positive,그냥 재미있음,그냥 재미있음,2020-01-15 23:49:30
648800,Raft,positive,정말 너무노무 재미있어요. 혼자해도 재미있음. 처음에 갈고리 던지는거 귀찮고 힘들죠? 나중가면 그물망 설치해서 갈고리질 안해도 돼여 그럼 이제 할게 없을거같죠? ㄴㄴ 존나 바쁨 나무 물줘야하고 동물 젖 털 깎아줘야하고 음식해먹어야하고 배조종해야하고 아무튼 바쁨 그래서 잼씀,정말 너무 노무 재미있어요 . 혼자 해도 재미있음 . 처음 에 갈고리 던지는거 귀찮고 힘들죠 ? 나중 가면 그물 망 설치 해서 갈고리 질 안해 도 돼여 그럼 이제 할게 없을거 같죠 ? ㄴㄴ 존나 바쁨 나무 물줘야하고 동물 젖 털 깎아줘야하고 음식 해 먹어야하고 배 조종 해야하고 아무튼 바쁨 그래서 잼 씀,2020-01-15 22:06:24
648800,Raft,positive,"혼자해도 재미있고, 친구랑 하면 더 재미있습니다. 바다 위에서 4칸짜리 뗏목으로 시작해서 점점 배를 넒히고 꾸며나가며 자원을 채취하며 생존하는게 타임킬링용으로 아주 좋아요. 스토리도 있어 지루하지도 않습니다. 플레이타임도 넉넉하게 30~40시간이면 충분히 즐길만합니다.","혼자 해도 재미있고 , 친구 랑 하면 더 재미있습니다 . 바다 위 에서 4 칸 짜리 뗏목 으로 시작 해서 점점 배 를 넒히 고 꾸며 나가며 자원 을 채취 하며 생존 하는게 타임 킬링 용 으로 아주 좋아요 . 스토리 도 있어 지루하지도 않습니다 . 플레이 타임 도 넉넉하게 30~40시간 이면 충분히 즐길만 합니다 .",2020-01-15 20:40:32
648800,Raft,positive,너무너무 재미지네요,너무 너무 재미 지네 요,2020-01-15 17:34:51
648800,Raft,positive,초반엔 질려도 후반으로 갈수록 할만함. (6시간). 이왕이면 공략/영상을 보고 하는 것을 추천. 모래,초반 엔 질려도 후반 으로 갈수록 할만 함 . ( 6시간 ). 이왕이면 공략 / 영상 을 보고 하는 것 을 추천 . 모래,2020-01-15 16:31:38
648800,Raft,positive,할인해서 샀다면 가격대비 갓겜 컨텐츠가 부족한것 같은데 함선만드는 재미에 노가다 계속 하는중입니다 쫄보+심해공포증자도 노말모드 싱글로 플레이 가능한 수준이고 상어도 처음에는 무서운데 점점 갈수록 귀여워요 노가다해서 건축하는데 재미느끼시는분 사세요 후회없음 ----------------------------------------------------------------------------- 추가 - 복어 너무 귀엽당,할인 해서 샀다면 가격 대비 갓 겜 컨텐츠 가 부족한것 같은데 함선 만드는 재미 에 노가다 계속 하는 중 입니다 쫄보 + 심해 공포증 자도 노말 모드 싱글 로 플레이 가능한 수준 이고 상어 도 처음 에는 무서운데 점점 갈수록 귀여워요 노가다 해서 건축 하는데 재미 느끼시는 분 사세요 후회 없음 ----------------------------------------------------------------------------- 추가 - 복어 너무 귀엽당,2020-01-15 16:14:06
648800,Raft,positive,처음에 혼자하다 친구 꼬셔서 하니 꿀잼! 상어도 처음에 무서웠는데 계속 잡다보니 귀여워요 ㅋㅋ 게임은 재밌는데 스토리 나온 대까지 진행하니 땟목 업그레이드말곤 할게 없어서 아쉬워요,처음 에 혼자 하다 친구 꼬셔 서 하니 꿀잼 ! 상어 도 처음 에 무서웠는데 계속 잡다 보니 귀여워요 ㅋㅋ 게임 은 재밌는데 스토리 나온 대까지 진행 하니 땟목 업그레이드 말곤 할게 없어서 아쉬워요,2020-01-15 15:00:10
648800,Raft,positive,"생존 게임 좋아하는 분이면 만족 할 게임입니다. 특히 밤낮 변화와 수중 수집, 상어 출연등으로 긴장감을 항상 주기에 지루해 지지않게 진행할수 있습니다. 추천합니다.","생존 게임 좋아하는 분이면 만족 할 게임 입니다 . 특히 밤낮 변화 와 수중 수집 , 상어 출연 등 으로 긴장감 을 항상 주기 에 지루해 지지 않게 진행 할수 있습니다 . 추천 합니다 .",2020-01-14 23:41:06
648800,Raft,positive,재미떠여,재미 떠여,2020-01-14 18:26:41
648800,Raft,positive,중독성있음. 어케든 나의 똇목을 업글 시켜야 겠다는 오기가 생김,중독 성 있음 . 어케 든 나 의 똇목 을 업글 시켜야 겠다는 오기 가 생김,2020-01-14 14:11:20
648800,Raft,positive,서바이벌 게임들중 아주 재밌는 게임입니다.,서바이벌 게임 들 중 아주 재밌는 게임 입니다 .,2020-01-13 21:16:18
648800,Raft,positive,"표류하며 노가다 특유의 재미를 느낄수 있는 사람이라면 할만한 게임, 판자가 항상 부족함으로 자주 챙겨둘것, 상어를 적대해야할때 서로 다가가는 상황에서 상어가 입을 벌리고나서 0.5박자 늦게 창을 휘두르면 상어가 공격을 맞고 때리지 못함(테크닉이 늘면 총 5대를 때릴 수 있음), 방장이 다른 게임을 하고있을때 아사만 잘 챙겨주면 혼자서도 무리없는게임. 어려움으로 하는것이 이 게임의 묘미. ps. 바다에 쓰래기(떠다니는 아이템)이 젠이 되는 것 같지 않을땐, 돛과 모든 동력기기를 닫아두면 자연스럽게 아이템이 젠이 되어있는곳으로 움직임으","표류 하며 노가다 특유 의 재미 를 느낄수 있는 사람 이 라면 할만 한 게임 , 판자 가 항상 부족함 으로 자주 챙겨 둘것 , 상어 를 적대 해야 할 때 서로 다가가는 상황 에서 상어 가 입 을 벌리고나서 0.5 박자 늦게 창 을 휘두르면 상어 가 공격 을 맞고 때리지 못 함 ( 테크닉 이 늘 면 총 5 대를 때릴 수 있음 ), 방장 이 다른 게임 을 하고있을 때 아사 만 잘 챙겨주면 혼자 서도 무리 없는 게임 . 어려움 으로 하는것이 이 게임 의 묘미 . ps . 바다 에 쓰래 기 ( 떠다니는 아이템 ) 이 젠 이 되는 것 같지 않을 땐 , 돛 과 모든 동력 기기 를 닫아 두면 자연 스럽게 아이템 이 젠 이 되어있는 곳 으로 움직임으",2020-01-13 14:09:25
648800,Raft,positive,개꿀잼!!!,개꿀잼 !!!,2020-01-13 12:32:08
648800,Raft,positive,재밌다 시간 죽이기 좋다,재밌다 시간 죽이기 좋다,2020-01-12 23:42:09
648800,Raft,positive,좋은 상어는 죽은 상어뿐이다,좋은 상어 는 죽은 상어 뿐 이다,2020-01-12 23:26:52
648800,Raft,positive,시간 순삭,시간 순삭,2020-01-12 22:09:44
648800,Raft,positive,s,s,2020-01-12 19:58:47
648800,Raft,positive,진짜베어그릴스수준 핵꿀잼 첨엔상어무서운데 나중에는우리밥임,진짜 베어그릴스 수준 핵꿀잼 첨 엔 상어 무서운데 나중 에는 우리 밥임,2020-01-12 19:54:54
648800,Raft,positive,업데이트점 해주세여,업데이트 점 해주세여,2020-01-12 18:15:09
648800,Raft,positive,시간살살녹는다,시간 살살 녹는다,2020-01-12 16:43:55
648800,Raft,positive,good,good,2020-01-12 15:38:44
648800,Raft,positive,여러분 이거하다가 시간이 갓다,여러분 이거하다가 시간 이 갓 다,2020-01-12 09:34:46
648800,Raft,positive,ggul jam,ggul jam,2020-01-12 08:26:49
648800,Raft,positive,재밌어요 챕터2 빨리 나왔으면 좋겠어요,재밌어요 챕 터 2 빨리 나왔으면 좋겠어요,2020-01-12 01:29:46
648800,Raft,positive,재미따,재미 따,2020-01-12 00:54:46
648800,Raft,positive,다음 챕터 언제나오나요,다음 챕 터 언제 나오나요,2020-01-12 00:19:20
648800,Raft,positive,님들이 사서 직접 해보세요. 다시한번 말한다 니.들.이.직.접. 사서하세요.^^,님들 이 사서 직접 해보세요 . 다시 한번 말 한다 니 . 들 . 이 . 직 . 접 . 사서 하세요 .^^,2020-01-11 17:10:21
648800,Raft,positive,"곰은 꼭 레이드를,,,, 4인큐,,,","곰 은 꼭 레이드 를 ,,,, 4 인큐 ,,,",2020-01-11 17:00:31
648800,Raft,positive,재밋긴 한데... 소소한 버그들이 많습니다,재밋긴 한데 ... 소소한 버그 들 이 많습니다,2020-01-11 14:51:44
648800,Raft,positive,S,S,2020-01-11 05:15:30
648800,Raft,positive,BBBBBBBBBBBBBBB,BBBBBBBBBBBBBBB,2020-01-11 03:11:35
648800,Raft,positive,그래픽이 찰흙같이 ㅈ같을순 있지 그래 모션도 ㅈ같을 순 있어 하지만 봐바 이건 뗏목 생존 멀티플레이게임이야,그래픽 이 찰흙 같이 ㅈ 같을 순 있지 그래 모션 도 ㅈ 같을 순 있어 하지만 봐 바 이건 뗏목 생존 멀티플레이 게임 이야,2020-01-10 22:21:25
648800,Raft,positive,최소 3명이상 하는거아니면 개쌉노가다라 판자나 모으다 겜 끝날듯 겜은 걍 나름재밌음,최소 3 명 이상 하는거아니면 개 쌉 노가다 라 판자 나 모으다 겜 끝날듯 겜 은 걍 나름 재밌음,2020-01-10 21:18:27
648800,Raft,positive,빨리 다음 챕터 만들어주세요 현기증 난단 말이에요,빨리 다음 챕 터 만들어주세요 현기증 난단 말 이에요,2020-01-10 20:53:49
648800,Raft,positive,이 게임 되게 재밌어요,이 게임 되게 재밌어요,2020-01-10 20:17:47
648800,Raft,positive,재밌으니까 제발 같이 할 친구 좀,재밌으니까 제발 같이 할 친구 좀,2020-01-10 19:47:48
648800,Raft,positive,시간 남아돌면 하면...알아서하는 게임,시간 남아돌면 하면 ... 알아서 하는 게임,2020-01-10 18:27:19
648800,Raft,positive,생존하는 재미도 있고 업데이트도 꾸준히 하면서 꾸미는 맛도 있는데 친구 없이 혼자하면 인간이 서서히 미쳐감,생존 하는 재미 도 있고 업데이트 도 꾸준히 하면서 꾸미는 맛 도 있는데 친구 없이 혼자 하면 인간 이 서서히 미쳐 감,2020-01-10 17:57:45
648800,Raft,positive,굿,굿,2020-01-10 17:56:41
648800,Raft,positive,t34,t 34,2020-01-10 17:14:09
648800,Raft,positive,혼자서해도 힐링되고 멘탈터진친구와 함께해도 힐링되는 아주아주 좋은게임 ㅋㅋ,혼자 서해 도 힐링 되고 멘탈 터진 친구 와 함께 해도 힐링 되는 아주아주 좋은 게임 ㅋㅋ,2020-01-10 16:51:36
648800,Raft,positive,아주 좋은 갬,아주 좋은 갬,2020-01-10 15:21:48
648800,Raft,positive,조온나 재밌어연 시간 슥삭이에연,조온나 재밌어 연 시간 슥 삭 이 에 연,2020-01-10 14:24:15
648800,Raft,positive,확실히 맞으면서 배우니 쉽네여,확실히 맞으면서 배우니 쉽 네 여,2020-01-10 13:04:36
648800,Raft,positive,게임이 재밌는데 혼자 하기는 힘드네요 ㅎㅎ,게임 이 재밌는데 혼자 하기는 힘드네요 ㅎㅎ,2020-01-10 10:28:38
648800,Raft,positive,구매 한 지 2일 됐는데 16시간 게임함 ㄹㅇ 꿀잼,구매 한 지 2일 됐는데 16시간 게임 함 ㄹㅇ 꿀잼,2020-01-10 06:21:15
648800,Raft,positive,"같이하면 갓겜, 혼자는 안할듯","같이 하면 갓 겜 , 혼자 는 안 할듯",2020-01-10 01:57:39
648800,Raft,positive,GOOD,GOOD,2020-01-09 21:30:34
648800,Raft,positive,존잼,존잼,2020-01-09 11:49:33
648800,Raft,positive,시간가는줄 모름,시간 가는줄 모름,2020-01-09 09:44:30
648800,Raft,positive,시간가는줄 모르겠어요! 짱잼짱잼,시간 가는줄 모르겠어요 ! 짱 잼 짱 잼,2020-01-09 02:11:33
648800,Raft,positive,게임 잘 만들어놓고 버그로 다 말아먹음,게임 잘 만들어놓고 버그 로 다 말아먹음,2020-01-08 17:34:17
648800,Raft,positive,어 벌서4시간했내 시간가줄 모르는 게임,어 벌 서 4시간 했내 시간 가줄 모르는 게임,2020-01-08 14:02:19
648800,Raft,positive,좋아요,좋아요,2020-01-08 10:17:47
648800,Raft,positive,개꿀잼 근데 혼자는 못할듯,개꿀잼 근데 혼자 는 못 할듯,2020-01-08 07:42:25
648800,Raft,positive,친구들이랑하면꿀잼,친구 들 이랑 하면 꿀잼,2020-01-07 21:36:30
648800,Raft,positive,굿,굿,2020-01-07 17:47:05
648800,Raft,positive,시간가는 줄 모르고 플레이함,시간 가는 줄 모르고 플레이 함,2020-01-07 16:08:23
648800,Raft,positive,흔히들 인생은 바다위에 떠있는 한조각 뗏목과 같다고들 합니다. 이 게임을 막 시작하면 저 멀리보이는 수평선과 그곳에서부터 떠내려오는 수많은 부산물들이 저를 반겨주더군요 당연히 저는 손에든 갈퀴로 열심히 부산물들을 긁어모았지만 초반이라 그런지 생각만큼 모이지 않았습니다. 원했던 재료들도 번번히 놓치기 일수였죠 언제까지 이 지루한 노가다를 해야하나 고민할때쯤에 저 멀리에서 섬이 보이더군요 기쁜마음에 섬에 올라 오랜만에 밟아보는 흙의 감촉과 바다에서 구하기어려운 온갖 재료들을 보며 기뻐했던것도 잠시 뒤돌아보니 제 뗏목은 저 멀리,흔히 들 인생 은 바다 위 에 떠있는 한 조각 뗏목 과 같다고 들 합니다 . 이 게임 을 막 시작 하면 저 멀리 보이는 수평선 과 그 곳 에서부터 떠내려오는 수많은 부산물 들 이 저 를 반겨주더군요 당연히 저 는 손 에든 갈퀴 로 열심히 부산물 들 을 긁어 모았지만 초반 이라 그런지 생각 만큼 모이 지 않았습니다 . 원했던 재료 들 도 번번히 놓치기 일수였죠 언제 까지 이 지루한 노가다 를 해야하나 고민 할 때 쯤 에 저 멀리 에서 섬 이 보이더군요 기쁜 마음 에 섬 에 올라 오랜 만 에 밟아 보는 흙 의 감촉 과 바다 에서 구 하기 어려운 온갖 재료 들 을 보며 기뻐 했던것도 잠시 뒤 돌아보니 제 뗏목 은 저 멀리,2020-01-06 23:36:50
648800,Raft,positive,qkqehrner,qkqehrner,2020-01-06 22:55:00
648800,Raft,positive,게임 재밋음 :) 생존 쫌 어려움 - 맨날 배고프고 목마름 재료 모으기가 젤 힘듬 .. 속도가 너무 느림 빨라 졌으면 좋겟음 그냥 섬 자원이 너무 적음 많아 졌으면 좋겟음 개발하면서 더 좋아졌으면 좋겟어 친구들이랑 하는 생존겜으로는 추천 대신 스트레스 감수,게임 재밋음 :) 생존 쫌 어려움 - 맨날 배고프고 목마름 재료 모으 기 가 젤 힘듬 .. 속도 가 너무 느림 빨라 졌으면 좋겟음 그냥 섬 자원 이 너무 적음 많아 졌으면 좋겟음 개발 하면서 더 좋아졌으면 좋겟어 친구 들 이랑 하는 생존 겜 으로는 추천 대신 스트레스 감수,2020-01-06 22:22:40
648800,Raft,positive,WOW,WOW,2020-01-06 20:39:10
648800,Raft,positive,재미나고 가격 저렴하고 굿!,재미나 고 가격 저렴하고 굿 !,2020-01-06 18:11:03
648800,Raft,positive,친구한고 하면재밌음 시간이 흘러가는줄 모름,친구 한 고 하면 재밌음 시간 이 흘러가는줄 모름,2020-01-06 17:08:24
648800,Raft,positive,누가 저랑 좀 같이 해주세요 ;ㅅ;,누가 저 랑 좀 같이 해주세요 ; ㅅ ;,2020-01-06 15:42:14
648800,Raft,positive,할인하면 바로 구매하세요 생각보다 제미있음,할인 하면 바로 구매 하세요 생각 보다 제 미있음,2020-01-06 14:59:28
648800,Raft,positive,정신을 차려보니 3시간이 지나있네요 환불각 놓침 ㅠㅠㅠㅠㅠㅠㅠㅠㅠㅠ 는 지금 30시간째 폐인짓 ㅎ,정신 을 차려 보니 3시간 이 지나있네요 환불 각 놓침 ㅠㅠㅠㅠㅠㅠㅠㅠㅠㅠ 는 지금 30시간 째 폐인 짓 ㅎ,2020-01-06 14:20:43
648800,Raft,positive,상어 갈매기 극혐 난이도별로 목마름과 허기 수치가 감소하는 속도를 다르게 해 줬으면 좋겠다 겜 바로 시작하고 초반에 새우잡이마냥 부지런하지 않으면 계속 죽으면서 플레이 해야 되기 때문,상어 갈매기 극혐 난이도 별로 목마름 과 허기 수치 가 감소 하는 속도 를 다르게 해 줬으면 좋겠다 겜 바로 시작 하고 초반 에 새우 잡 이마 냥 부지런하지 않으면 계속 죽으면서 플레이 해야 되기 때문,2020-01-06 10:29:20
648800,Raft,positive,꺼무위키 없이 클리어 ez,꺼 무 위키 없이 클리어 ez,2020-01-06 03:41:11
648800,Raft,positive,너무 재미있는데 4일만에 다 깨버려서 너무너무너무 아쉽다. 빨리 업데이트 되어 컨텐츠가 더 많아졌으면.,너무 재미있는데 4일 만에 다 깨 버려서 너무 너무 너무 아쉽다 . 빨리 업데이트 되어 컨텐츠 가 더 많아졌으면 .,2020-01-06 02:45:15
648800,Raft,positive,재밌는데 빨리 개발해줘라~!~!,재밌는데 빨리 개발 해줘라 ~!~!,2020-01-06 02:22:37
648800,Raft,positive,잠재성이 큰게임입니다 매우 추천합니다,잠재 성 이 큰 게임 입니다 매우 추천 합니다,2020-01-06 02:08:50
648800,Raft,positive,재밌습니다.좀만하면 바로 적응되서 상어 잡는법 치고있는 당신을 볼수있습니다,재밌습니다 . 좀 만하 면 바로 적응 되서 상어 잡는 법 치고있는 당신 을 볼수있습니다,2020-01-05 23:52:05
648800,Raft,positive,재맸긴 한데 서버렉 뒤짐 진짜 게임하다가 판자들고 모니터 부실뻔했어,재 맸긴 한데 서버 렉 뒤짐 진짜 게임 하다가 판자 들 고 모니터 부실 뻔했어,2020-01-05 22:24:17
648800,Raft,positive,난 배멀미 할뻔했지만 힐링겜,난 배 멀미 할 뻔했지만 힐링 겜,2020-01-05 21:55:58
648800,Raft,positive,패치 이후로 가격만큼 충분히 즐길 수 있어요 단점은 할 일이 점점 많아지기 때문에 솔로플레이를 하기가 좀... 그래서 솔플을 위한 자동화 장치들이 좀 더 마련됐으면 함 물론 같이하는 사람이 있으면 분업하거나 일 시키면 됨 :),패치 이후 로 가격 만큼 충분히 즐길 수 있어요 단점 은 할 일이 점점 많아지기 때문 에 솔로 플레이 를 하기가 좀 ... 그래서 솔플 을 위 한 자동화 장치 들 이 좀 더 마련 됐으면 함 물론 같이 하는 사람 이 있으면 분업 하 거나 일 시키면 됨 :),2020-01-05 21:18:26
648800,Raft,positive,갓-FT,갓 - FT,2020-01-05 20:16:15
648800,Raft,positive,친구가 있다면 하세요.,친구 가 있다면 하세요 .,2020-01-05 18:43:32
648800,Raft,positive,상어꼬기!,상어 꼬기 !,2020-01-05 17:22:06
648800,Raft,positive,굿,굿,2020-01-05 17:17:11
648800,Raft,positive,he,he,2020-01-05 15:38:55
648800,Raft,positive,친구랑해라,친구 랑 해 라,2020-01-05 05:05:48
648800,Raft,positive,야무짐,야무짐,2020-01-05 03:13:14
648800,Raft,positive,할게없는데 재미있는 겜,할게 없는데 재미있는 겜,2020-01-05 02:50:20
648800,Raft,positive,jam,jam,2020-01-05 02:32:24
648800,Raft,positive,둘이서 했다. 아직 스토리가 전부 안풀려서 아쉽다. 버그가 좀 있다. 서버장은 은근 사양 많이 타는지 좋은 컴쓰는 사람이 열어도 서버렉이 좀 있었다. 그래픽에 비해서 서버렉이 좀 있는거보면 최적화는 그리 잘 된거같지 않다...? 스토리 진행하면서는 꽤 재밌게 했다. 창작모드에서 배가 안움직인다. 기껏 엔진 12개달고 배 만들었는데 허망했다. 창작모드인데 날지 못하는 게임은 처음이다. 스토리가 적어 플레이 타임이 짧다. 세일할때 사자.,둘이서 했다 . 아직 스토리 가 전부 안 풀려서 아쉽다 . 버그 가 좀 있다 . 서버 장 은 은근 사양 많이 타는지 좋은 컴 쓰는 사람 이 열 어도 서버 렉 이 좀 있었다 . 그래픽 에 비 해서 서버 렉 이 좀 있는거 보면 최적화 는 그리 잘 된거 같지 않다 ...? 스토리 진행 하면 서는 꽤 재밌게 했다 . 창작 모드 에서 배 가 안 움직인다 . 기껏 엔진 12 개달 고 배 만들었는데 허망 했다 . 창작 모드 인데 날 지 못 하는 게임 은 처음 이다 . 스토리 가 적어 플레이 타임 이 짧다 . 세 일 할 때 사자 .,2020-01-05 02:01:17
648800,Raft,positive,같이 하면 꿀잼 아예 모르고 하는게 더 잼있음,같이 하면 꿀잼 아예 모르고 하는게 더 잼있음,2020-01-05 00:41:19
648800,Raft,positive,멀티로 하니까 꿀잼이네요,멀티 로 하니까 꿀 잼이네요,2020-01-04 23:51:41
648800,Raft,positive,"친구 있으면 해보세요 이런, 당신은 못하겠군요","친구 있으면 해보세요 이런 , 당신 은 못 하겠군요",2020-01-04 21:02:13
648800,Raft,positive,힐링좆돼게됨,힐링 좆 돼게 됨,2020-01-04 19:17:01
648800,Raft,positive,good,good,2020-01-04 19:15:49
648800,Raft,positive,조아요,조아요,2020-01-04 17:48:36
648800,Raft,positive,아직 1챕터까지밖에 없지만 계속 나오게 되면 더 재밌을 것 같아요!,아직 1 챕 터 까지 밖에 없지만 계속 나오게 되면 더 재밌을 것 같아요 !,2020-01-04 17:19:47
648800,Raft,positive,꿀잼,꿀잼,2020-01-04 02:34:19
648800,Raft,positive,GOOD,GOOD,2020-01-04 01:12:17
648800,Raft,positive,개꿀잼,개꿀잼,2020-01-04 00:55:06
648800,Raft,positive,ㅈㄴ 재미써용,ㅈㄴ 재미 써용,2020-01-04 00:54:48
648800,Raft,positive,몰입간 지립니다 해보세요,몰입 간 지립니다 해보세요,2020-01-04 00:34:23
648800,Raft,positive,시간가는 줄 모르겠습니다,시간 가는 줄 모르겠습니다,2020-01-03 23:21:09
648800,Raft,positive,굿,굿,2020-01-03 23:01:29
648800,Raft,positive,업그레이드 된 내용을 보면 재미도 있고 흥미도 유발하네요 할만해요 존버했더니 드디어 업그레이드되었네요 챕터1만 있어서 아쉽지만 또 존버하면 되겠죠,업그레이드 된 내용 을 보면 재미 도 있고 흥미 도 유발 하네요 할 만해 요 존버했더 니 드디어 업그레이드 되었네요 챕 터 1만 있어서 아쉽지만 또 존버하 면 되겠죠,2020-01-03 19:56:26
648800,Raft,positive,재미쯤,재미 쯤,2020-01-03 08:42:57
648800,Raft,positive,"주방장,동물 훈련사,선장님, 건축자 이렇게 4명만 있으면 천하무적","주방 장 , 동물 훈련사 , 선장 님 , 건축 자 이렇게 4 명 만 있으면 천하 무적",2020-01-03 00:26:56
648800,Raft,positive,ㅇㅇ,ㅇㅇ,2020-01-02 22:45:47
648800,Raft,positive,그냥 해보셈,그냥 해보셈,2020-01-02 22:41:50
648800,Raft,positive,플레이 타임이 생각보다 짧음. 처음부분은 할게 많은듯 하지만. 뒤로갈수록.. 편해짐..,플레이 타임 이 생각 보다 짧음 . 처음 부분 은 할게 많은듯 하지만 . 뒤 로 갈수록 .. 편해 짐 ..,2020-01-02 22:38:19
648800,Raft,positive,good,good,2020-01-02 21:09:30
648800,Raft,positive,친구랑 함께하면 더욱 재밌는 인싸겜!,친구 랑 함께 하면 더욱 재밌는 인 싸 겜 !,2020-01-02 19:41:11
648800,Raft,positive,ang gimozzi,ang gimozzi,2020-01-02 19:38:34
648800,Raft,positive,친구만있다면 재밌게 즐길수 있고 다양하게 재밌음,친구 만 있다면 재밌게 즐길수 있고 다양하게 재밌음,2020-01-02 17:58:25
648800,Raft,positive,킹갓겜,킹 갓 겜,2020-01-02 16:33:02
648800,Raft,positive,같이하면 더 꿀잼,같이 하면 더 꿀잼,2020-01-02 12:30:25
648800,Raft,positive,bb,bb,2020-01-02 04:13:27
648800,Raft,positive,"이틀 만에 챕터1 다 클리어 했네요. 아무 생각없이 하기 딱 좋은 게임 입니다. 난이도를 쉬움으로 했는데, 처음 플레이라 딱 맞았던 것 같습니다. 스토리로 이어질 때 잠깐의 노가다가 필요합니다만, 크게 신경 쓰일 정도는 아닙니다. 팁 몇 가지 남기자면, 1. 나무 판자 절대로 낭비하지 마세요. 건축, 정제 이외에는 아낍시다. 2. 감자와 사탕무는 연료가 들지 않습니다. 구워 먹으면 더 포만도가 오릅니다. 3. 갈고리는 물 속의 자원을 캘 수 있습니다. 4. 되도록 2층으로 짓되, 향후를 위해서 1층은 비워둡시다. 5. 상어가 물 속","이틀 만에 챕 터 1 다 클리어 했네요 . 아무 생각 없이 하기 딱 좋은 게임 입니다 . 난이도 를 쉬움 으로 했는데 , 처음 플레이 라 딱 맞았던 것 같습니다 . 스토리 로 이어질 때 잠깐 의 노가다 가 필요합니다만 , 크게 신경 쓰일 정도 는 아닙니다 . 팁 몇 가지 남기자면 , 1 . 나무 판자 절대로 낭비하지 마세요 . 건축 , 정제 이외 에는 아낍시다 . 2 . 감자 와 사탕무 는 연료 가 들지 않습니다 . 구워 먹으면 더 포만 도 가 오릅니다 . 3 . 갈고리 는 물 속 의 자원 을 캘 수 있습니다 . 4 . 되도록 2 층 으로 짓되 , 향후 를 위해 서 1 층 은 비워 둡시다 . 5 . 상어 가 물 속",2020-01-02 02:27:08
648800,Raft,positive,시간 살살녹누,시간 살살 녹누,2020-01-02 00:21:24
648800,Raft,positive,다같이 할수있는 재밌는 게임이고 아직 업데이트가 마무리 안되서 엔딩이없지만 엔딩까지 가는게 재미있음,다 같이 할수있는 재밌는 게임 이고 아직 업데이트 가 마무리 안되서 엔딩 이 없지만 엔딩 까지 가는게 재미있음,2020-01-02 00:13:27
648800,Raft,positive,그래픽이 좋진 않지만 재미있다,그래픽 이 좋진 않지만 재미있다,2020-01-02 00:07:36
648800,Raft,positive,good game.....killing time.,good game ..... killing time .,2020-01-01 23:48:59
648800,Raft,positive,완전꿀잼,완전 꿀잼,2020-01-01 22:42:30
648800,Raft,positive,"예전엔 게임에 별거 없어 보여서 안 샀는데, 대규모 패치 후 할만해진거 같아서 구매해서 해보니 잼씀","예전 엔 게임 에 별거 없어 보 여서 안 샀는데 , 대규모 패치 후 할만 해진거 같아서 구매 해서 해보니 잼 씀",2020-01-01 22:00:29
648800,Raft,positive,나무통 파밍 시뮬레이터,나무 통 파밍 시뮬레이터,2020-01-01 21:40:35
648800,Raft,positive,개꿀잼,개꿀잼,2020-01-01 20:54:00
648800,Raft,positive,SDA,SDA,2020-01-01 19:58:49
648800,Raft,positive,개꿀잼. 물론 뭣같은 상어만 빼고,개꿀잼 . 물론 뭣같 은 상어 만 빼고,2020-01-01 19:30:28
648800,Raft,positive,a,a,2020-01-01 19:12:50
648800,Raft,positive,새새끼 후우..,새 새끼 후우 ..,2020-01-01 18:27:55
648800,Raft,positive,멀미가 나서 게임을 할 수가 없다.,멀미 가 나서 게임 을 할 수가 없다 .,2020-01-01 18:10:28
648800,Raft,positive,빠바밤,빠바밤,2020-01-01 18:01:59
648800,Raft,positive,올만에왔더니 업데이트가 엄청됬네 하러간다 ㅅㄱ,올만에 왔더니 업데이트 가 엄청 됬네 하러 간다 ㅅㄱ,2020-01-01 17:33:33
648800,Raft,positive,존잼,존잼,2020-01-01 17:02:30
648800,Raft,positive,배멀미 심하면 좀 힘들 수도 있는데 그만큼 현실 반영 쩖,배 멀미 심하면 좀 힘들 수도 있는데 그만큼 현실 반영 쩖,2020-01-01 15:38:06
648800,Raft,positive,친구랑 같이하는경우 : 매우 긍정적 혼자하는 경우 : 복합적 스토리 볼 생각으로 하는경우 : 부정적 충분히 재미있긴 하지만 일정시기 이후부터 게임에 목표가 없어진다 그나마 스토리라인을 따라가며 게임을 즐길 수는 있으나 그것마저도 너무 빨리 소모되는것이 아쉽다,친구 랑 같이 하는 경우 : 매우 긍정 적 혼자 하는 경우 : 복합 적 스토리 볼 생각 으로 하는 경우 : 부정 적 충분히 재미있긴 하지만 일 정시기 이후 부터 게임 에 목표 가 없어진다 그나마 스토리 라인 을 따라가며 게임 을 즐길 수 는 있으나 그것 마저도 너무 빨리 소모 되는것이 아쉽다,2020-01-01 13:46:36
648800,Raft,positive,마인크래프트 질리면 하세요.,마인크래프트 질리 면 하세요 .,2020-01-01 13:18:02
648800,Raft,positive,아프다 머리 모르겠다 어렵다 해야할것들,아프다 머리 모르겠다 어렵다 해야 할것 들,2020-01-01 11:01:48
648800,Raft,positive,진짜 ㅈㄴ 시간가는줄 모르겠다 새해에 뭐하는짓거리지,진짜 ㅈㄴ 시간 가는줄 모르겠다 새해 에 뭐 하는 짓거리 지,2020-01-01 01:54:57
648800,Raft,positive,재미는 있었습니다 하지만 섬에 닳으면 땟복이 갑자기 뜨거나 방향이 갑자기 바뀌는 등의 버그는 수정을 해주셨으면은 합니다.,재미 는 있었습니다 하지만 섬 에 닳으면 땟복 이 갑자기 뜨거나 방향 이 갑자기 바뀌는 등 의 버그 는 수정 을 해주셨으면은 합니다 .,2020-01-01 00:44:34
648800,Raft,positive,이거 존잼,이 거 존잼,2019-12-31 22:52:19
648800,Raft,positive,컨텐츠가 부족하다ㅏㅏㅏㅏ 더 만들어주세요,컨텐츠 가 부족하다 ㅏㅏㅏㅏ 더 만들어주세요,2019-12-31 22:05:30
648800,Raft,positive,상어 졸귀 상어들이 이갈이 시즌 된다면 창으로 귀여워 해주시면 됩니다!,상어 졸귀 상어 들 이 이갈이 시즌 된다면 창 으로 귀여워 해주시 면 됩니다 !,2019-12-31 20:41:23
648800,Raft,positive,r굿,r 굿,2019-12-31 20:37:10
648800,Raft,positive,친구없는 찐따만 아니면 즐겁게 플래이 가능 혼자서도 나쁘지 않지만 조금 바쁜건 어쩔수 없음 해상에서의 단순함과 섬형태의 돌려막기 시설들간의 연동없음등 아쉬운부분은 많지만 가볍게 즐기기엔 좋음,친구 없는 찐 따만 아니면 즐겁게 플 래 이 가능 혼자 서도 나쁘지 않지만 조금 바쁜건 어쩔 수 없음 해상 에서의 단순함과 섬 형태 의 돌려막기 시설 들 간의 연동 없음 등 아쉬운 부분 은 많지만 가볍게 즐 기기 엔 좋음,2019-12-31 18:47:56
648800,Raft,positive,너무 좋아요 친구한테도 추천!,너무 좋아요 친구 한테 도 추천 !,2019-12-31 18:25:02
648800,Raft,positive,상어고기 살살 녹네,상어 고기 살살 녹네,2019-12-31 18:11:28
648800,Raft,positive,뗏목에서 즐기는 마인크래프트!,뗏목 에서 즐기는 마인크래프트 !,2019-12-31 17:52:46
648800,Raft,positive,몇년전 처음 데모 버전 해 봤다가 이번에 스팀 할인 기간에 구매 했습니다. 혼자 보다는 멀티로 2~3인 하고 같이 하는걸 추천 드립니다. 혼자서는 쉬움 또는 보통 난이도에서 하시는걸 추천 드려요,몇 년전 처음 데모 버전 해 봤다가 이번 에 스팀 할인 기간 에 구매 했습니다 . 혼자 보다는 멀티 로 2~3 인 하고 같이 하 는걸 추천 드립니다 . 혼자 서는 쉬움 또는 보통 난이도 에서 하시는걸 추천 드려요,2019-12-31 16:01:24
648800,Raft,positive,넘나 재밌음 꼭한번해보셈,넘나 재밌음 꼭 한번 해보셈,2019-12-31 14:15:28
648800,Raft,positive,혼자하면 노잼 친구랑 같이하면 잼 땟목 철판으로 강화하면 존잼,혼자 하면 노잼 친구 랑 같이 하면 잼 땟목 철판 으로 강화하면 존잼,2019-12-31 11:23:10
648800,Raft,positive,ㅁㅇㄴ,ㅁㅇㄴ,2019-12-31 04:04:29
648800,Raft,positive,굿,굿,2019-12-31 03:34:04
648800,Raft,positive,혼자하면 좀 심심한게임 다좋고 추후 업데이트가 기대됨 (상어 ㅆㅂㄹ),혼자 하면 좀 심심 한게임 다 좋고 추후 업데이트 가 기대 됨 ( 상어 ㅆㅂㄹ ),2019-12-31 03:20:55
648800,Raft,positive,템 파밍해서 집짓고 섬도 돌아다니고 재밌음 처음사고 진짜 한 2일 3일 정신없이 함 존잼 솔플만 해봤는데도 재미있음 아직 다 못함,템 파밍 해서 집 짓고 섬 도 돌아다니고 재밌음 처음 사고 진짜 한 2일 3일 정신없이 함 존잼 솔플 만 해봤는데도 재미있음 아직 다 못 함,2019-12-31 01:48:59
648800,Raft,positive,쥐새끼 또 보지 말자,쥐 새끼 또 보지 말 자,2019-12-31 00:53:51
648800,Raft,positive,할게 계속 생겨서 쉴 수가 없음,할게 계속 생겨서 쉴 수가 없음,2019-12-31 00:21:45
648800,Raft,positive,재미있습니다. 더 재미있는 요소를 계속적으로 추가하면 좋을 것 같습니다.,재미있습니다 . 더 재미있는 요소 를 계속 적 으로 추가 하면 좋을 것 같습니다 .,2019-12-31 00:01:45
648800,Raft,positive,다함께 익사하자,다 함께 익사 하자,2019-12-30 17:47:31
648800,Raft,positive,사람 조금 들어오면 프레임 안오르는거 빼고는 재밌습니다. 노동하기 딱 좋네요,사람 조금 들어오면 프레임 안 오르는거 빼고는 재밌습니다 . 노동 하기 딱 좋네요,2019-12-30 16:26:43
648800,Raft,positive,우와 땟목 우와 야자수 우와? ㄱ...곰돌이? 우..와? 퍼.....즈...ㄹ? 이겜은 매우 재밌지만 다음 스토리가 나오지 않는다면 우린모두 죽고말 것이다,우와 땟목 우와 야자수 우와 ? ㄱ ... 곰돌이 ? 우 .. 와 ? 퍼 ..... 즈 ... ㄹ ? 이 겜 은 매우 재밌지만 다음 스토리 가 나오지 않는다면 우린 모두 죽고말 것 이다,2019-12-30 16:09:28
648800,Raft,positive,갓겜,갓 겜,2019-12-30 15:42:29
648800,Raft,positive,"funny요 근데 한번씩 game이 down요 posket에 구리, 나무판자 다 있었는데 다 날라갔어요 내 인생 so sad요 안테나 잠깐 바닥에 던져놨는데 사라졌어요 다들 조심하세요 be careful요","funny 요 근데 한번 씩 game 이 down 요 posket 에 구리 , 나무 판자 다 있었는데 다 날라 갔어요 내 인생 so sad 요 안테나 잠깐 바닥 에 던져놨는데 사라졌어요 다 들 조심하세요 be careful 요",2019-12-30 15:37:56
648800,Raft,positive,너무 복잡하지 않은 깔끔한 바다 생존게임 다만 심해공포증 및 너무 자주있는 상어의 단비질,너무 복잡하지 않은 깔끔한 바다 생존 게임 다만 심해 공포증 및 너무 자주 있는 상어 의 단 비질,2019-12-30 15:27:27
648800,Raft,positive,"혼자할떄는 그냥 쏘쏘 친구랑 같이할땐 완전 재밌습니다 전 친구들 꼬셔서 다섯명이랑 하는데 다 재밌다네요 선장 한명두고 항해사, 정원사, 셰프, 대장장이, 목수 이렇게 역할배치까지 했습니다 거의 원피스게임하는줄","혼자할떄 는 그냥 쏘 쏘 친구 랑 같이 할 땐 완전 재밌습니다 전 친구 들 꼬셔 서 다섯 명 이랑 하는데 다 재밌다네요 선장 한 명 두고 항해사 , 정원사 , 셰프 , 대장장이 , 목수 이렇게 역할 배치 까지 했습니다 거의 원피스 게임 하는줄",2019-12-30 15:07:53
648800,Raft,positive,생존 제작겜 좋아하면 해보는것이지용,생존 제작 겜 좋아하면 해보는것 이지용,2019-12-30 09:56:50
648800,Raft,positive,본격 항공판자모함 제조하는 게임,본격 항공 판자 모함 제조 하는 게임,2019-12-30 08:29:46
648800,Raft,positive,재미는 잇는데 토나옴,재미 는 잇는데 토나옴,2019-12-30 05:24:36
648800,Raft,positive,재미있다,재미있다,2019-12-30 04:07:28
648800,Raft,positive,돈값함,돈값함,2019-12-30 00:45:37
648800,Raft,positive,너무 꿀잼입니다. 특히 여러명이서하면 진짜 시간가는줄모름 성격 다른사람들끼리해도 역할분담하면 각자 다른게임하고있는거같기도하곸ㅋㅋㅋ,너무 꿀잼 입니다 . 특히 여러 명 이 서하면 진짜 시간 가는줄 모름 성격 다른사람 들 끼리 해도 역할 분 담하면 각자 다른 게임 하고 있는거 같기 도하 곸 ㅋㅋㅋ,2019-12-30 00:20:32
648800,Raft,positive,혼자하면 재미없는데 친구랑 쓰레기줍고 낙시하고 통줍고 하다보면 시간훅가는타임 머신,혼자 하면 재미없는데 친구 랑 쓰레기 줍고 낙시 하고 통 줍고 하다 보면 시간 훅 가는 타임 머신,2019-12-29 23:32:08
648800,Raft,positive,현실에서는 절대 조난당하지 말자....,현실 에서는 절대 조난 당하지 말 자 ....,2019-12-29 20:37:23
648800,Raft,positive,쯍말제미있다,쯍 말제 미있다,2019-12-29 20:35:51
648800,Raft,positive,존잼십잼,존 잼십 잼,2019-12-29 19:33:24
648800,Raft,positive,커플게임으로 추천 둘중 한명이 노비가 됩니다,커플 게임 으로 추천 둘 중 한 명 이 노비 가 됩니다,2019-12-29 18:47:46
648800,Raft,positive,친구들이랑 하면 씹 갓겜,친구 들 이랑 하면 씹 갓 겜,2019-12-29 18:08:24
648800,Raft,positive,혼자하면 힘들지면 여러명에서 하면 재밌기 때문에 친구랑 같이할것입니다.,혼자 하면 힘들지면 여러 명 에서 하면 재밌기 때문 에 친구 랑 같이 할것 입니다 .,2019-12-29 18:00:49
648800,Raft,positive,진짜 갓겜이당.. 생존게임이 지루하지않고 재미있기 힘든데 이건 쉽게 할수있는게 많아서 지루하지가 않았다. 먹을걸로 친구랑 존나 싸운거외엔 좋았당ㅎㅎ,진짜 갓 겜 이 당 .. 생존 게임 이 지루하지 않고 재미있기 힘든데 이건 쉽게 할수있는게 많아서 지루하지가 않았다 . 먹을걸 로 친구 랑 존나 싸운거 외 엔 좋았당 ㅎㅎ,2019-12-29 16:46:42
648800,Raft,positive,d,d,2019-12-29 11:47:24
648800,Raft,positive,재밌어요 할인할때 사서 해보는데 돈이 아깝지가 않음,재밌어요 할인 할 때 사서 해보는데 돈 이 아깝지가 않음,2019-12-29 10:04:40
648800,Raft,positive,게임이 질리지않도록 적절한 파밍요소와 판타지요소가 있어서 좋았습니다 하지만 구조물 사이에 끼거나 절벽사이에 끼어서 나올수없게 되는것이 조금 아쉽습니다.,게임 이 질리 지 않도록 적절한 파밍 요소 와 판타지 요소 가 있어서 좋았습니다 하지만 구 조물 사이 에 끼거나 절벽 사이 에 끼어서 나올수 없게 되는것이 조금 아쉽습니다 .,2019-12-29 05:41:51
648800,Raft,positive,갑자기 5시간이 사라짐,갑자기 5시간 이 사라짐,2019-12-29 05:31:41
648800,Raft,positive,"처음으로 스팀겜에 평가다는데 상당히 10시간가량 재밌게 했어요! 초반에 친구들이랑 박는 재미로 했었습니다ㅋㅋㅋ 스토리 위주로 빨리 밀다보니까 너무 빨리 다 끝내버린 감이 있어서 아쉽네요,, 다른 스토리 모드도 얼른 열렸으면 하고, 조금 힘들었던 점은 판자 모으기가 끝까지 힘들었단게 있겠네요~","처음 으로 스팀 겜 에 평가 다는데 상당히 10시간 가량 재밌게 했어요 ! 초반 에 친구 들 이랑 박는 재미 로 했었습니다 ㅋㅋㅋ 스토리 위주 로 빨리 밀다 보 니까 너무 빨리 다 끝내 버린 감 이 있어서 아쉽네요 ,, 다른 스토리 모드 도 얼른 열렸으면 하고 , 조금 힘들었던 점 은 판자 모으 기 가 끝 까지 힘들었 단 게 있겠네요 ~",2019-12-29 04:08:48
648800,Raft,positive,요즘 할거 없어서 전에 레프트를 산게 기억나서 바로 들어와서 했는데 진짜 시간 가는줄 모르고 했네요! 재밌으니 여러분도 한번 해보시길! (물론 게임은 사람 마다 개인차가 있기 때문에 재미가 없을수도 있지만),요즘 할거 없어서 전 에 레프트 를 산 게 기억나서 바로 들어와서 했는데 진짜 시간 가는줄 모르고 했네요 ! 재밌으니 여러분 도 한번 해보시길 ! ( 물론 게임 은 사람 마다 개인 차가 있기 때문 에 재미 가 없을수도 있지만 ),2019-12-29 03:51:54
648800,Raft,positive,친구들이랑 역할분담하면서하면 꿀잼,친구 들 이랑 역할 분 담하면 서하면 꿀잼,2019-12-29 02:36:28
648800,Raft,positive,야발 돌을 던질수 있었다니ㅠㅠㅠ 내 두 시간 ㅠㅠ,야 발 돌 을 던질수 있었다니 ㅠㅠㅠ 내 두 시간 ㅠㅠ,2019-12-29 00:45:38
648800,Raft,positive,너무 조흔 개임 이예오. 다릉 사람들애개도 추천헤오^^,너무 조 흔 개임 이 예 오 . 다릉 사람 들 애 개 도 추천 헤오 ^^,2019-12-29 00:45:29
648800,Raft,positive,GG,GG,2019-12-28 23:43:35
648800,Raft,positive,굿,굿,2019-12-28 23:08:14
648800,Raft,positive,친구랑 하기 좋은 게임,친구 랑 하기 좋은 게임,2019-12-28 22:46:25
648800,Raft,positive,딥상어돔,딥 상어 돔,2019-12-28 20:57:16
648800,Raft,positive,사실 상어는 우리의 친구일지도 몰름. 꼬박꼬박 고기도 주고 할일 거리를 만들어주면서 내가 못살게 굴어도 어디선가 다시 나타나서 나랑 놀아주는데 이런게 친구가 아니면 뭘까 ^오^,사실 상어 는 우리 의 친구 일지 도 몰름 . 꼬박꼬박 고기 도 주고 할 일 거리 를 만들어주면서 내 가 못 살게 굴어도 어디 선 가 다시 나타나서 나 랑 놀아주는데 이런게 친구 가 아니면 뭘 까 ^ 오 ^,2019-12-28 20:11:23
648800,Raft,positive,씨발 손은준이 안킴,씨발 손 은 준 이 안킴,2019-12-28 19:33:42
648800,Raft,positive,업데이트를 기다려야 하는 아쉬움이 있지만 그나마 재미는 있네요 추천합니다. 바다에서 생존 하는 그 자체의 게임...,업데이트 를 기다려야 하는 아쉬움 이 있지만 그나마 재미 는 있네요 추천 합니다 . 바다 에서 생존 하는 그 자체 의 게임 ...,2019-12-28 19:23:55
648800,Raft,positive,내 인생의 생존게임이 여기가 끝인거 같다.,내 인생 의 생존 게임 이 여기 가 끝 인거 같다 .,2019-12-28 16:08:26
648800,Raft,positive,잼씀,잼 씀,2019-12-28 15:55:00
648800,Raft,positive,여러가지 업데이트등이 계속 나와서 재미있게 플레이가 가능합니다. 그리고 플레이하는 것이 재미있습니다.,여러가지 업데이트 등 이 계속 나와서 재미있게 플레이 가 가능합니다 . 그리고 플레이 하는 것 이 재미있습니다 .,2019-12-28 15:54:25
648800,Raft,positive,노잼,노잼,2019-12-28 13:42:41
648800,Raft,positive,한국인들이 사랑하는 노동겜입니다^^ 꿀잼^^,한국인 들 이 사랑 하는 노동 겜 입니다 ^^ 꿀잼 ^^,2019-12-28 12:30:32
648800,Raft,positive,시간죽이기 최고의 게임,시간 죽이기 최고 의 게임,2019-12-28 11:36:20
648800,Raft,positive,와...,와 ...,2019-12-28 10:32:40
648800,Raft,positive,"이유없이 재밌네,,","이유 없이 재밌네 ,,",2019-12-28 09:31:53
648800,Raft,positive,환경을 지킵시다,환경 을 지킵시다,2019-12-28 00:29:01
648800,Raft,positive,진짜 재밌어요 꼭 한번 친구들이랑 해보시길 추천 드려요,진짜 재밌어요 꼭 한번 친구 들 이랑 해보시길 추천 드려요,2019-12-27 23:30:45
648800,Raft,positive,조선해양공학과 가기전에 좋은 체험,조선 해양공학 과 가기전에 좋은 체험,2019-12-27 23:24:32
648800,Raft,positive,아직 업뎃이 많이 되지는 않아서 컨텐츠가 한정적이긴 하지만 앞으로의 업데이트가 기대되는 게임입니다. 마O크래프트 해상버전이랄까?ㅋㅋ 생존게임 & 창작 & 어느 정도의 노가다 좋아하시는 분은 재밌게 즐기실 수 있어요~ 혼자 해도 재미있고 함께 하면 더 재밌는 게임ㅋㅋㅋ 강추강추!,아직 업뎃 이 많이 되지는 않아서 컨텐츠 가 한정 적 이긴 하지만 앞 으로의 업데이트 가 기대 되는 게임 입니다 . 마 O 크래프트 해상 버전 이 랄 까 ? ㅋㅋ 생존 게임 & 창작 & 어느 정도 의 노가다 좋아하시는 분 은 재밌게 즐기실 수 있어요 ~ 혼자 해도 재미있고 함께 하면 더 재밌는 게임 ㅋㅋㅋ 강 추강 추 !,2019-12-27 22:49:11
648800,Raft,positive,ㅋㅋ 상어가 내고추를 물어요 너무 무서워요!,ㅋㅋ 상어 가 내 고추 를 물어 요 너무 무서워요 !,2019-12-27 22:31:31
648800,Raft,positive,빨리 업데이트해주세요,빨리 업데이트 해주세요,2019-12-27 22:27:01
648800,Raft,positive,트위치 방송인 김진우 방송을 보고 해봤는데 재밌음,트위치 방송인 김진우 방송 을 보고 해봤는데 재밌음,2019-12-27 20:18:18
648800,Raft,positive,개 갓겜,개 갓 겜,2019-12-27 20:08:41
648800,Raft,positive,혼자서해도 정신없이 계속하게 되는게임 앞서해보는게임이라 컨텐츠가 많이 없다는게 아쉽지만 다음패치때까지 기다려봅니다,혼자 서해 도 정신없이 계속 하게 되는 게임 앞서 해보는 게임 이라 컨텐츠 가 많이 없다는게 아쉽지만 다음 패치 때 까지 기다려 봅니다,2019-12-27 18:45:06
648800,Raft,positive,개꿀,개꿀,2019-12-27 18:36:42
648800,Raft,positive,재밎긴한데 좀 불친절 하다고 느낌 공략이나 영상 안보고 했긴한데 동굴끈적이나 진흟 얻는법 몰라서 4시간동안 개짓거리함 동굴끈적이나 진흟 드럼통에만 드랍 돼는줄 알았는데 알고보니 어디에 쓰는 건줄도 몰라서 상자에 쑤셔박은 해초를 용광로에 집어 넣어야 끈적이 돼다는 공략글 보고 어이 터짐 애초에 X발 이름 을 동굴 끈적이로 지으니깐 섬 아래에 조그마한 동굴에 서 드랍 돼는 건줄알고 상어밥 존1나 하고 산소 없어서 존1나 죽었는데 이름을 왜 X발 그따구로 짓는거야 알 기쉽게 '해초 끈 적'이라 했으면 해초가 원료 인 갑다 하고,재밎 긴한데 좀 불친절 하다고 느낌 공략 이나 영상 안보 고 했 긴한데 동굴 끈 적 이나 진흟 얻는 법 몰라서 4시간 동안 개 짓거리 함 동굴 끈 적 이나 진흟 드럼통 에만 드랍 돼는줄 알았는데 알 고 보니 어디 에 쓰는 건줄 도 몰라서 상자 에 쑤셔 박은 해초 를 용광로 에 집어 넣어야 끈 적 이 돼다는 공략 글 보고 어이 터짐 애초 에 X 발 이름 을 동굴 끈 적 이로 지으니깐 섬 아래 에 조그마한 동굴 에 서 드랍 돼는 건줄알 고 상어 밥 존 1 나 하고 산소 없어서 존 1 나 죽었는데 이름 을 왜 X 발 그 따구로 짓는거야 알 기 쉽게 ' 해초 끈 적 ' 이라 했으면 해초 가 원료 인 갑다 하고,2019-12-27 17:26:09
648800,Raft,positive,하울의 움직이는 성,하울 의 움직이는 성,2019-12-27 16:37:02
648800,Raft,positive,아기상어~ 뚜루루뚜루~,아기 상어 ~ 뚜 루루 뚜루 ~,2019-12-27 08:24:33
648800,Raft,positive,혼자해도 재밌다 같이해도 재밌다 그냥존나 재밌다,혼자 해도 재밌다 같 이해도 재밌다 그냥 존나 재밌다,2019-12-27 05:51:26
648800,Raft,positive,혼자해도 재미있습니다 하지만 함께하면 더 재미 있습니다,혼자 해도 재미있습니다 하지만 함께 하면 더 재미 있습니다,2019-12-27 00:20:18
648800,Raft,positive,빨리 엔딩!,빨리 엔딩 !,2019-12-27 00:01:25
648800,Raft,positive,재미있는데 멀미나요,재미있는데 멀 미나 요,2019-12-26 23:37:30
648800,Raft,positive,혼자하면 힘들지만 생존게임 답게 성장해가는 재미가 있는거 같음 저는 재밌게 했습니다. 친구들이랑은 못해봐서 모르겠음 님들이 사서 해보셈 ㅅㅅㅣ발 아직은 엔딩이 없는거 같은데 추후 추가할것같음,혼자 하면 힘들지만 생존 게임 답 게 성장해가는 재미 가 있는거 같음 저 는 재밌게 했습니다 . 친구 들 이랑은 못 해봐서 모르겠음 님들 이 사서 해보셈 ㅅㅅㅣ 발 아직 은 엔딩 이 없는거 같은데 추후 추가 할것 같음,2019-12-26 23:04:06
648800,Raft,positive,상어 이 씹ㅆ,상어 이 씹 ㅆ,2019-12-26 22:30:33
648800,Raft,positive,바다도 울렁 울렁 내 속도 울렁 울렁,바다 도 울렁 울렁 내 속도 울렁 울렁,2019-12-26 21:08:11
648800,Raft,positive,rORnfwoa wlsWK dhkswjs Wkd RNfwoa,rORnfwoa wlsWK dhkswjs Wkd RNfwoa,2019-12-26 21:00:09
648800,Raft,positive,친구랑 하면 심심풀이로 진짜 딱 좋은데 혼자하면 개노잼인 게임,친구 랑 하면 심심 풀이 로 진짜 딱 좋은데 혼자 하면 개 노잼 인 게임,2019-12-26 20:08:23
648800,Raft,positive,스토리만 보면 볼륨이 아직까지는 적으나 친구들과 놀면서 하기에는 시간 살살녹음,스토리 만 보면 볼륨 이 아직 까지는 적으나 친구 들 과 놀면서 하기에는 시간 살살 녹음,2019-12-26 17:42:28
648800,Raft,positive,해적선 만들기 개꿀띠,해적선 만들기 개꿀띠,2019-12-26 17:24:20
648800,Raft,positive,dd,dd,2019-12-26 16:54:20
648800,Raft,positive,장점 : 시간 가는줄 모름 단점 : 멀미남,장점 : 시간 가는줄 모름 단점 : 멀미 남,2019-12-26 13:07:28
648800,Raft,positive,"가격도 착하고 인터페이스 깔끔, 게임 설정도 재밌어요","가격 도 착하고 인터페이스 깔 끔 , 게임 설정 도 재밌어요",2019-12-26 06:56:08
648800,Raft,positive,"솔직히 처음엔 졸렸는데, 문명 발전되다보니까 너무재미있어요","솔직히 처음 엔 졸렸는데 , 문명 발전 되다 보 니까 너무 재미있어요",2019-12-26 02:36:16
648800,Raft,positive,스토리 재밌네요... 난이도도 괜찮고 시간 순삭시키는 생존게임입니다. 참고로 챕터1 까지 나왔습니다... 챕터2 기다려야해요,스토리 재밌네요 ... 난이도 도 괜찮고 시간 순삭 시키는 생존 게임 입니다 . 참고 로 챕 터 1 까지 나왔습니다 ... 챕 터 2 기다려 야해요,2019-12-26 00:57:11
648800,Raft,positive,시간 잘간다~ 해보세요 조반에 조금힘들지마 나중되면 보람참`,시간 잘 간다 ~ 해보세요 조반 에 조금 힘들지마 나중 되면 보람 참 `,2019-12-26 00:06:34
648800,Raft,positive,게임 재밌긴한데 멀티하면 자꾸 렉이 심해서 ㅈ같아요,게임 재밌긴한데 멀티 하면 자꾸 렉 이 심해서 ㅈ 같아요,2019-12-25 23:15:39
648800,Raft,positive,굳,굳,2019-12-25 21:54:56
648800,Raft,positive,혼자해두 재밌고 친구랑 하면 더 재밌는게임 계속 끈임없이 업데이트를 해서 지루하지도 않음 추천!!,혼자 해두 재밌고 친구 랑 하면 더 재밌는 게임 계속 끈임 없이 업데이트 를 해서 지루하지도 않음 추천 !!,2019-12-25 20:00:02
648800,Raft,positive,1.자신이 파밍겜을 좋아한다. 2.같이할 친구가 있다. 3.BUY,1 . 자신 이 파밍 겜 을 좋아한다 . 2 . 같이 할 친구 가 있다 . 3.BUY,2019-12-25 18:59:07
648800,Raft,positive,업데이트 이후 할것도 많아지고 재밌음,업데이트 이후 할것도 많아지고 재밌음,2019-12-25 18:43:40
648800,Raft,positive,암튼 재밌음,암튼 재밌음,2019-12-25 18:32:47
648800,Raft,positive,친구들이랑 하기 좋은 게임 친구 없으면 노잼일듯 ㅋㅋ,친구 들 이랑 하기 좋은 게임 친구 없으면 노잼 일듯 ㅋㅋ,2019-12-25 18:10:22
648800,Raft,positive,꾸르잼,꾸르잼,2019-12-25 18:04:18
648800,Raft,positive,재미있어여,재미있어여,2019-12-25 17:45:04
648800,Raft,positive,새를 찢어버리고 싶은 게임,새 를 찢어 버리고 싶은 게임,2019-12-25 16:47:22
648800,Raft,positive,재밌으 근데 친구가 있어야 재미를 느낄 수 있을거 같다. 혼자하면 지루하고 지겹기만 할거야.,재밌으 근데 친구 가 있어야 재미 를 느낄 수 있을거 같다 . 혼자 하면 지루하고 지겹기만 할거야 .,2019-12-25 16:14:38
648800,Raft,positive,개꿀잼,개꿀잼,2019-12-25 14:39:37
648800,Raft,positive,하려던거 다까먹음;;,하려던거 다 까먹음 ;;,2019-12-25 14:01:28
648800,Raft,positive,꿀-잼,꿀 - 잼,2019-12-25 13:12:38
648800,Raft,positive,혼자서 하면 노가다 게임이지만 여러 명이서 하면 재밌음. 하지만 사람에 따라서 오래 플레이 하면 멀미 날수도 있으니 주의.,혼자 서 하면 노가다 게임 이지만 여러 명 이서 하면 재밌음 . 하지만 사람 에 따라서 오래 플레이 하면 멀미 날수 도 있으니 주의 .,2019-12-25 11:35:11
648800,Raft,positive,친구랑 하면 시간가는줄 모르고 10시간동안 함 그만큼 재밌음,친구 랑 하면 시간 가는줄 모르고 10시간 동안 함 그만큼 재밌음,2019-12-25 10:07:06
648800,Raft,positive,첫날 시작하자마자 9시간 플레이하게 만드는 손을 못놓게 하는 중독성 강한 게임!,첫날 시작 하 자마자 9시간 플레이 하게 만드는 손 을 못 놓게 하는 중독 성 강한 게임 !,2019-12-25 09:25:27
648800,Raft,positive,.,.,2019-12-25 05:23:29
648800,Raft,positive,제2의 돈스타브........ 정신차리면7시간씩 지나있음 돈스타브 좋아하시는분들은 좋아할듯,제 2 의 돈스 타 브 ........ 정신차리면 7시간 씩 지나있음 돈스 타 브 좋아하시는 분 들 은 좋아할듯,2019-12-25 04:07:18
648800,Raft,positive,게임을사고 친구들과하면서 너무 재밌었습니다. 1만5천원으로 할인할때 샀는데 너무 마음에 들어요 무조건 사세요 챕터2부작 꼭 부탁드릴게요 개발 열심히 하고 2탄도 재밌게 부탁드립니다! 그리고 끝을냈을때 마지막에 크리스마스라고 뜨는데 저와 제 친구들이 크리스마스때 끝내서 너무 소름돋고 좋았습니다. 2탄 기대할게요!!!!!!!!!,게임 을 사고 친구 들 과 하면서 너무 재밌었습니다 . 1만 5천원 으로 할인 할 때 샀는데 너무 마음 에 들어요 무조건 사세요 챕 터 2 부작 꼭 부탁드릴게요 개발 열심히 하고 2 탄도 재밌게 부탁드립니다 ! 그리고 끝 을 냈을 때 마지막 에 크리스마스 라고 뜨는데 저 와 제 친구 들 이 크리스마스 때 끝내서 너무 소름 돋고 좋았습니다 . 2 탄 기대할게요 !!!!!!!!!,2019-12-25 01:12:31
648800,Raft,positive,레전드 스토리 게임 한번 사서 해보는거를 추천해요 이게임을하면 힘들수고 있지만 재미있었던일이 더 많을거예요 제가 여태했던 스토리 게임중 최고 작품이였어요 계발을 빨리 마쳐주세요 제발,레전드 스토리 게임 한번 사서 해보는거를 추천 해요 이 게임 을 하면 힘들수고 있지만 재미있었던 일이 더 많을거예요 제 가 여태 했던 스토리 게임 중 최고 작품 이 였어요 계발 을 빨리 마쳐주세요 제발,2019-12-25 01:10:31
648800,Raft,positive,정말정말 재미있어요 이걸 사기전에 후회할꺼같고 그랬는데 제 생각이 멍청했네요 안하면 후회해요 벌써 3일만에 레프트 할수있는거를 전부다 했네요 빨리 개발해서 다음 스토리 나오면 좋겠습니다 제작자님 이런 게임 만들어주셔서 감사합니다 앞으로 기대하고있을게요,정말 정말 재미있어요 이 걸 사 기전 에 후회 할꺼 같고 그랬는데 제 생각 이 멍청했네요 안 하면 후회 해요 벌써 3일 만에 레프트 할수있는거를 전부 다 했네요 빨리 개발 해서 다음 스토리 나오면 좋겠습니다 제작자 님 이런 게임 만들어주셔서 감사합니다 앞 으로 기대하고있을게요,2019-12-25 01:10:12
648800,Raft,positive,재밌음 진심,재밌음 진심,2019-12-25 00:34:59
648800,Raft,positive,재밋음,재밋음,2019-12-25 00:05:57
648800,Raft,positive,여자친구랑 둘이서 하니까 시간가는 줄 모르겠네요 나중에 가서는 바닥이나 벽에다 상어가 공격할 시 깨시같은걸로 방어할 수 있는 무언가 있으면 좋겠어요~,여자친구 랑 둘이서 하니까 시간 가는 줄 모르겠네요 나중 에 가서는 바닥 이나 벽 에다 상어 가 공격 할 시 깨시 같은 걸 로 방어 할 수 있는 무언가 있으면 좋겠어요 ~,2019-12-24 23:46:08
648800,Raft,positive,완전 중독성있는 게임이에용 별점 5점밖에 못주는게 아쉽네요.,완전 중독 성 있는 게임 이 에 용 별 점 5 점 밖에 못 주는게 아쉽네요 .,2019-12-24 22:38:24
648800,Raft,positive,챕터1 업데이트하고 할만하네요 2가 기대됩니다^^,챕 터 1 업데이트 하고 할만 하네요 2 가 기대 됩니다 ^^,2019-12-24 22:11:40
648800,Raft,positive,그냥 해보세요 재미있씁니다,그냥 해보세요 재미있 씁니다,2019-12-24 22:08:33
648800,Raft,positive,무서운 거 없이 오로지 생존형 멀티 꿀잼겜을 찾고 있다면 이 게임 추천,무서운 거 없이 오로지 생존 형 멀티 꿀잼겜 을 찾고 있다면 이 게임 추천,2019-12-24 21:49:07
648800,Raft,positive,아 업뎃빨리좀 현기증 존나나네,아 업뎃 빨 리좀 현기증 존나 나네,2019-12-24 21:14:14
648800,Raft,positive,완전 꿀잼 제 취양이지만 저 노다가 겜 진짜 좋아하는데 그런 사람으로서 추천함,완전 꿀잼 제 취양 이지만 저 노다가 겜 진짜 좋아하는데 그런 사람 으로서 추천 함,2019-12-24 17:30:40
648800,Raft,positive,시간 가는 줄 모르고 하는 중,시간 가는 줄 모르고 하는 중,2019-12-24 16:52:21
648800,Raft,positive,친구랑 하세요. 아 친구가 없나요? 환불하세요 ^^7,친구 랑 하세요 . 아 친구 가 없나요 ? 환불 하세요 ^^ 7,2019-12-24 15:53:01
648800,Raft,positive,물위에서 힐링하면서 패지줍는게임 혼자가아니면 더욱 재밋씁니다,물위 에서 힐링 하면서 패 지 줍는 게임 혼자 가 아니면 더욱 재밋씁니 다,2019-12-24 12:06:55
648800,Raft,positive,뗏목 만들랬더니 전함 만들고 있음,뗏목 만들 랬 더니 전함 만들고 있음,2019-12-24 04:03:39
648800,Raft,positive,그냥 사는게 본전,그냥 사는게 본전,2019-12-24 02:46:47
648800,Raft,positive,별로 재미는 없는데 하루에 7시간 정도하면 딱 좋을듯,별로 재미 는 없는데 하루 에 7시간 정도 하면 딱 좋을듯,2019-12-24 01:00:41
648800,Raft,positive,재밌어요,재밌어요,2019-12-23 23:27:31
648800,Raft,positive,친구들끼리 하면 무지재밌어요 !,친구 들 끼리 하면 무지 재밌어요 !,2019-12-23 22:57:20
648800,Raft,positive,상어가죽 츅츄루츅츅,상어 가죽 츅츄루츅츅,2019-12-23 20:50:16
648800,Raft,positive,"이 게임 베타부터 해왔는데 혼자 할꺼면 추천하지는 않음, 친구들이랑 다같이하면 하하호호 떠드면서 할수있음 대충 1회성 게임 인거같은 느낌도 들어서 잘 고민하고 사시길","이 게임 베타 부터 해왔는데 혼자 할꺼면 추천 하 지는 않음 , 친구 들 이랑 다 같이 하면 하하호호 떠드면 서 할수있음 대충 1회 성 게임 인거 같은 느낌 도 들어서 잘 고민 하고 사시길",2019-12-23 17:12:24
648800,Raft,positive,너무재밌어요~~,너무 재밌어요 ~~,2019-12-23 14:58:39
648800,Raft,positive,업뎃이 꾸준히 되는겜 존버타기 좋음 나중엔 갓겜예정,업뎃 이 꾸준히 되는 겜 존버타기 좋음 나중 엔 갓 겜 예정,2019-12-23 14:16:52
648800,Raft,positive,플레이타임도잘나오고 친구랑하면 매우재미있네요 추천합니다,플레이 타임 도 잘나오고 친구 랑 하면 매우 재미있네요 추천 합니다,2019-12-23 08:43:03
648800,Raft,positive,세일기간에 사야하는 게임중 하나 시간가는줄 모르고 친구들과 즐기고 있습니다~,세 일 기간 에 사야하는 게임 중 하나 시간 가는줄 모르고 친구 들 과 즐기고 있습니다 ~,2019-12-23 02:15:37
648800,Raft,positive,친구랑하면 재밌어요,친구 랑 하면 재밌어요,2019-12-23 00:45:24
648800,Raft,positive,재밌다 마인크래프트가 생각난다 상어 씹새끼 먼저 조질 궁리를 해야한다 시발그리고 혼자하면 좆노잼일거같다 적어도 3명이상,재밌다 마인크래프트 가 생각난다 상어 씹 새끼 먼저 조질 궁리 를 해야 한다 시발 그리고 혼자 하면 좆 노잼 일거 같다 적어도 3 명 이상,2019-12-23 00:34:56
648800,Raft,positive,윽 멀미,윽 멀미,2019-12-22 21:25:28
648800,Raft,positive,혼자 하기도 좋은 겜,혼자 하기도 좋은 겜,2019-12-22 21:13:19
648800,Raft,positive,갓겜인데 같이 할 사람이 없네.. ㅎㅎ.............,갓 겜 인데 같이 할 사람 이 없네 .. ㅎㅎ .............,2019-12-22 20:40:38
648800,Raft,positive,그래서 챕터2 는 언제 업데이트하죠?,그래서 챕 터 2 는 언제 업데이트 하죠 ?,2019-12-22 19:55:40
648800,Raft,positive,21000원 치고는 컨텐츠가 너무적음,21000원 치고는 컨텐츠 가 너 무적 음,2019-12-22 19:33:16
648800,Raft,positive,처음에 할때보다 업뎃으로 이제 할만하네요 ㅎㅎ,처음 에 할 때 보다 업뎃 으로 이제 할만 하네요 ㅎㅎ,2019-12-22 19:15:27
648800,Raft,positive,따봉,따 봉,2019-12-22 19:02:49
648800,Raft,positive,재미있어요,재미있어요,2019-12-22 18:11:01
648800,Raft,positive,ㅆㅅㅌㅊ 갓겜. 공략 절대 찾아보지마셈ㅋㅋ,ㅆㅅㅌㅊ 갓 겜 . 공략 절대 찾아보지마 셈 ㅋㅋ,2019-12-22 17:26:26
648800,Raft,positive,꿀잼,꿀잼,2019-12-22 16:27:18
648800,Raft,positive,굿굿 같이하기 좋은게임,굿굿 같이 하기 좋은 게임,2019-12-22 14:32:18
648800,Raft,positive,ㅋㅋㅋㅋㅋ 뜻하지않는 재미요소,ㅋㅋㅋㅋㅋ 뜻 하지 않는 재미 요소,2019-12-22 14:12:46
648800,Raft,positive,"초반엔 상어에 대한 공포, / 스토리가 풀어져 가면 갈수록 나오는 약간 섬뜩한 것들 / 이거 곰보겜","초반 엔 상어 에 대한 공포 , / 스토리 가 풀어져 가면 갈수록 나오는 약간 섬뜩한 것 들 / 이 거 곰보 겜",2019-12-22 10:58:35
648800,Raft,positive,"혼자하면 개 정신없어서 뭘 하는지도 모르는 게임 대신, 여럿이서 함께하면 즐거운 게임","혼자 하면 개 정신 없어서 뭘 하는지도 모르는 게임 대신 , 여럿 이서 함께 하면 즐거운 게임",2019-12-21 23:55:18
648800,Raft,positive,정말 힐링이되는 게임입니다 친구랑하면서 즐겁게했네여,정말 힐링 이 되는 게임 입니다 친구 랑 하면서 즐겁게 했 네 여,2019-12-21 21:33:49
648800,Raft,positive,섹스,섹스,2019-12-21 13:36:15
648800,Raft,positive,친구랑 하면 갓겜,친구 랑 하면 갓 겜,2019-12-20 20:35:34
648800,Raft,positive,시간때우기 갑,시간 때우기 갑,2019-12-20 18:09:20
648800,Raft,positive,good,good,2019-12-20 13:23:37
648800,Raft,positive,같이핤사람?,같이 핤 사람 ?,2019-12-20 04:42:26
648800,Raft,positive,aa,aa,2019-12-20 01:25:57
648800,Raft,positive,너무재미있어요!,너무 재미있어요 !,2019-12-19 12:35:56
648800,Raft,positive,컨텐츠가 아직 많이있진않은데 거기까지는 충분히 즐길만함. 추가부품으로 엔진 시동버튼 만들어줬으면 좋겠다,컨텐츠 가 아직 많이 있진 않은데 거기 까지는 충분히 즐길만 함 . 추가 부품 으로 엔진 시동 버튼 만 들어줬으면 좋겠다,2019-12-19 03:40:12
648800,Raft,positive,친구들이랑 하면 더없이 좋은게임,친구 들 이랑 하면 더없이 좋은 게임,2019-12-18 11:41:58
648800,Raft,positive,여유로운 힐링게임 입니다.,여유 로운 힐링 게임 입니다 .,2019-12-18 10:58:16
648800,Raft,positive,재밋음,재밋음,2019-12-17 23:53:28
648800,Raft,positive,재밌음,재밌음,2019-12-17 02:47:55
648800,Raft,positive,멀티로 하는 편이 훨씬.. 재밌어요 ㅋㅋㅋㅋㅋㅋ.... 여튼 여러모로 업뎃도 많이 되고 재밌어요,멀티 로 하는 편이 훨씬 .. 재밌어요 ㅋㅋㅋㅋㅋㅋ .... 여 튼 여러 모로 업뎃 도 많이 되고 재밌어요,2019-12-17 00:27:22
648800,Raft,positive,시간재조기,시간 재 조기,2019-12-16 23:32:22
648800,Raft,positive,상어 혐오증 생길라 그럼,상어 혐오 증 생길라 그럼,2019-12-16 21:01:30
648800,Raft,positive,판자좀 많이주세요 제발 시발인생 게임은 재밋읍니다 제발 패치좀 많이해주세요 제발제발 너무하고싶어 더,판자 좀 많이주세요 제발 시발 인생 게임 은 재밋읍니 다 제발 패치 좀 많이 해주세요 제발 제발 너무하고싶어 더,2019-12-16 20:55:53
648800,Raft,positive,꿀쩀,꿀쩀,2019-12-16 17:38:29
648800,Raft,positive,네 추천합니다,네 추천 합니다,2019-12-16 16:37:54
648800,Raft,positive,잔잔하고 재밌는 힐링게임으로 그렇게 어렵지 않고 천천히 플레이하며 즐길 수 있는 게임,잔잔하고 재밌는 힐링 게임 으로 그렇게 어렵지 않고 천천히 플레이 하며 즐길 수 있는 게임,2019-12-16 14:58:03
648800,Raft,positive,"넓은 바다. 아름다운 석양. 그곳에서 즐기는 낭만적인 생활. ""지랄 말고 갈고리나 던져 김씨.""","넓은 바다 . 아름다운 석양 . 그 곳 에서 즐기는 낭만 적 인 생활 . "" 지랄 말고 갈고리 나 던져 김씨 .""",2019-12-16 14:44:37
648800,Raft,positive,라프트 같이 하실 한국분들 모셔용!! 재미는 잇어영!,라프트 같이 하실 한국 분들 모셔용 !! 재미 는 잇어 영 !,2019-12-16 13:24:38
648800,Raft,positive,멀티플레이에 적합한 게임. 혼자 한다면 유튜브나 TV 보면서 시간 때우기로 적합하다고 생각함.,멀티플레이 에 적합한 게임 . 혼자 한다면 유튜브 나 TV 보면서 시간 때우기로 적합하다고 생각 함 .,2019-12-16 08:40:29
648800,Raft,positive,잔잔하니 재미있는 게임 지쳤을 때 하면 힐링되는 기분,잔잔하니 재미있는 게임 지쳤을 때 하면 힐링 되는 기분,2019-12-16 03:02:44
648800,Raft,positive,굿,굿,2019-12-16 00:25:42
648800,Raft,positive,갓껨,갓껨,2019-12-15 23:45:31
648800,Raft,positive,조낸 재밌음 파밍,조 낸 재밌음 파밍,2019-12-15 18:09:06
648800,Raft,positive,혼자해도 잼나고 같이하면 배배로 잼남,혼자 해도 잼나고 같이 하면 배배 로 잼남,2019-12-15 17:58:17
648800,Raft,positive,인싸겜인듯 혼자하면 힘들어 ㅈㄴ 노가다임,인 싸 겜 인 듯 혼자 하면 힘들어 ㅈㄴ 노가다 임,2019-12-15 17:36:05
648800,Raft,positive,잼있고 생존게임 으로 강력추천 합니다.,잼있고 생존 게임 으로 강력 추천 합니다 .,2019-12-15 14:04:03
648800,Raft,positive,투닥투닥 만드는 재미가 있다 상어가 가릴것 없이 다 물어뜯는다 점점 배가 손쓸 틈 없이 커진다....머리가 아파온다...................,투닥투닥 만드는 재미 가 있다 상어 가 가릴것 없이 다 물어 뜯는다 점점 배 가 손 쓸 틈 없이 커진다 .... 머리 가 아파 온다 ...................,2019-12-15 12:57:52
648800,Raft,positive,tlqkf,tlqkf,2019-12-15 07:53:42
648800,Raft,positive,상어가 처음엔 무서웠는데.. 아니더라,상어 가 처음 엔 무서웠는데 .. 아니더라,2019-12-15 01:38:17
648800,Raft,positive,뗏목 심즈같아요 재밌습니다,뗏목 심즈 같아요 재밌습니다,2019-12-15 00:38:39
648800,Raft,positive,"마약같은게임 간만에 몰입감 미친듯한 노동파밍액션어드밴쳐게임 즐겁게 하고있습니다. 본격적으로 노동에 임하기 전, 시원~~한 몬스터에너지 한 모금 마시고 일을 시작했고 다시 한 모금 마시려고 캔을 집는 순간! 캔은 따스하게 식어있었고 시계를 보니 4시간이 훌쩍 지나있었습니다. 맞습니다. 이 게임은 노동에 앞서 몬스터에너지 섭취를 잊고 몰입할 만큼 엄청난 게임입니다. 다음 날 출근을 해야한다면 절.대.조.심.해.!.!.!","마약 같은 게임 간만 에 몰입 감 미친듯 한 노동 파밍 액션 어 드 밴 쳐 게임 즐겁게 하고있습니다 . 본격 적 으로 노동 에 임 하기 전 , 시원 ~~ 한 몬스터 에너지 한 모금 마시고 일 을 시작 했고 다시 한 모금 마시려고 캔 을 집는 순간 ! 캔 은 따스하게 식어있었고 시계 를 보니 4시간 이 훌쩍 지나있었습니다 . 맞습니다 . 이 게임 은 노동 에 앞서 몬스터 에너지 섭취 를 잊고 몰입 할 만큼 엄청난 게임 입니다 . 다음 날 출근 을 해야 한다면 절 . 대 . 조 . 심 . 해 .!.!.!",2019-12-15 00:37:39
648800,Raft,positive,존:나 잼잇음 ㅎㅎ,존 : 나 잼 잇음 ㅎㅎ,2019-12-15 00:27:20
648800,Raft,positive,상어 개새 끼,상어 개새 끼,2019-12-15 00:02:16
648800,Raft,positive,I played this game after chapter update. It was good but the ending was little bit complicated. I wish the next chapter will be developed soon! 챕터 마무리가 약간 아쉽고 복잡했습니다.,I played this game after chapter update . It was good but the ending was little bit complicated . I wish the next chapter will be developed soon ! 챕 터 마무리 가 약간 아쉽고 복잡했습니다 .,2019-12-14 23:39:13
648800,Raft,positive,꿀잼,꿀잼,2019-12-14 22:41:28
648800,Raft,positive,아주 재미있구운~,아주 재미있구운 ~,2019-12-14 20:46:33
648800,Raft,positive,"충분히 괜찮은 게임 장점 - 얼리억세스로 업데이트도 잦고, 컨텐츠도 계속해서 업데이트 된다 - 스토리도 괜찮다. - 난이도 조절도 적당하고, 친구와 하는데 문제가 없다. 단점 딱히 없으나 불평 수준으로 적자면 - 철광석과 꿀 수급이 짜증난다. : 연료 재료가 꿀인데... 수급량이 많지도 않고 연료 효율도 그렇게 좋지 않다 - 어려움 난이도에 상어 2마리 조금 짜증난다...","충분히 괜찮은 게임 장점 - 얼리 억 세 스 로 업데이트 도 잦고 , 컨텐츠 도 계속 해서 업데이트 된다 - 스토리 도 괜찮다 . - 난이도 조절 도 적당하고 , 친구 와 하는데 문제 가 없다 . 단점 딱히 없으나 불평 수준 으로 적자 면 - 철광석 과 꿀 수급 이 짜증난다 . : 연료 재료 가 꿀 인데 ... 수 급량 이 많지도 않고 연료 효율 도 그렇게 좋지 않다 - 어려움 난이도 에 상어 2 마리 조금 짜증난다 ...",2019-12-14 18:49:22
648800,Raft,positive,래프트~~ 처음 시작하시는 분들께서는 지금 시작하시는 것이 아주 좋은 기회일겁니다. 요번 챕터2 업데이트로 할게 엄청나게 많아졌거든요. 처음 부터 시작하시는 분들은 50시간은 해야 다 플레이 하실 수 있을 것 같습니다. 중간에 어떻게 해야 할지 모르겠어서 막히시면 유튜브에 공략영상이 많이 올라와 있으니 보시면서 하시는거 추천 드립니다. 그럼 래프트 재미있게 즐기시길 바랍니다!!,래프트 ~~ 처음 시작 하시는 분 들 께서는 지금 시작 하시는 것 이 아주 좋은 기회 일 겁니다 . 요 번 챕 터 2 업데이트 로 할게 엄청나게 많아졌거든요 . 처음 부터 시작 하시는 분 들 은 50시간 은 해야 다 플레이 하실 수 있을 것 같습니다 . 중간 에 어떻게 해야 할지 모르겠어서 막히시면 유튜브 에 공략 영상 이 많이 올라와 있으니 보시면서 하시는거 추천 드립니다 . 그럼 래프트 재미있게 즐기시길 바랍니다 !!,2019-12-14 16:31:39
648800,Raft,positive,갓겜,갓 겜,2019-12-14 12:07:25
648800,Raft,positive,재미있어요 섬 업데이트가 더 됐으면 좋겠어요 열기구나 비행기같은것도 만들고 싶고.. 재미있네요,재미있어요 섬 업데이트 가 더 됐으면 좋겠어요 열기구 나 비행기 같은것도 만들고 싶고 .. 재미있네요,2019-12-14 02:45:26
648800,Raft,positive,진짜로 친구들과 하면 존나 꿀잼 진짜로,진짜 로 친구 들 과 하면 존나 꿀잼 진짜 로,2019-12-13 23:25:43
648800,Raft,positive,혼자 해도 나쁘진 않지만 많이 바쁨. 여러 사람하고 같이 하면 잼있을 듯,혼자 해도 나쁘진 않지만 많이 바쁨 . 여러 사람 하고 같이 하면 잼있을 듯,2019-12-13 20:58:08
648800,Raft,positive,존잼,존잼,2019-12-13 19:16:00
648800,Raft,positive,Good Game Good Player,Good Game Good Player,2019-12-13 15:52:16
648800,Raft,positive,대충 팁적어줌 1.그래픽좋음 2.나중에 상어 개ㅈㅂ 활로 쏘면 그냥 뒤짐 3.곰중에 큰ㅅㄲ있는데 깝치다 골로감 4.뒤지면 ㅈ같음 가진템 전부 실종됨 5. 판자가 돈이다 6. 친구랑 할 때 1명만죽으면 침대에서 부활시킬 수 있음 ㄹㅇ 개꿀 7.큰섬에 꿀있는데 먹으면 개꿀띠 8. 스쿠버다이빙 장비 은근 쓸모없음 9. 그물이 ㅈㄴ 쓸모있음 떠내려오는 재료들 싹쓸이 쌉가능 10.안테나나 수신기는 3층에 넓게 지으면 좋음 (엔진은 1개당 나무블럭 100개포함이다.),대충 팁 적어 줌 1 . 그래픽 좋음 2 . 나중 에 상어 개 ㅈㅂ 활 로 쏘면 그냥 뒤짐 3 . 곰 중 에 큰 ㅅㄲ 있는데 깝치 다 골로 감 4 . 뒤지면 ㅈ 같음 가진 템 전부 실종 됨 5 . 판자 가 돈 이다 6 . 친구 랑 할 때 1 명 만 죽으면 침대 에서 부활 시킬 수 있음 ㄹㅇ 개꿀 7 . 큰 섬 에 꿀있는데 먹으면 개꿀띠 8 . 스쿠버다이빙 장비 은근 쓸모없음 9 . 그물 이 ㅈㄴ 쓸모 있음 떠내려오는 재료 들 싹 쓸이 쌉 가능 10 . 안테나 나 수신기 는 3 층 에 넓게 지으면 좋음 ( 엔진 은 1 개당 나무 블럭 100 개 포함 이다 .),2019-12-13 14:28:41
648800,Raft,positive,미친 꿀잼,미친 꿀잼,2019-12-13 14:24:52
648800,Raft,positive,졸라재밌음,졸라 재밌음,2019-12-13 13:12:48
648800,Raft,positive,판자줍는껨,판자 줍는 껨,2019-12-12 21:22:01
648800,Raft,positive,완전 꿀잼,완전 꿀잼,2019-12-12 20:11:04
648800,Raft,positive,친구없었음 안했을듯,친구 없었음 안 했을듯,2019-12-12 19:16:15
648800,Raft,positive,할만함,할만 함,2019-12-12 17:55:14
648800,Raft,positive,충분히 혼자 할수있지만 혼자 하기엔 너무 더러운 게임!,충분히 혼자 할수있지만 혼자 하기엔 너무 더러운 게임 !,2019-12-12 10:49:23
648800,Raft,positive,친구랑같이하면 갓겜 친구없으면 서러운겜,친구 랑 같이 하면 갓 겜 친구 없으면 서러운 겜,2019-12-12 01:00:32
648800,Raft,positive,게임이 쉴틈이 없누,게임 이 쉴 틈 이 없 누,2019-12-12 00:11:42
648800,Raft,positive,"혼자서 하면 아직은 좀 심심한 게임이라 생각합니다. 친구들과 같이 하면 최소 20시간은 즐겁게 할 수 있는 게임입니다. 아직은 얼리억세스인데 더 더 풍성하게 컨텐츠가 추가되면 좋을것 같네요,","혼자 서 하면 아직 은 좀 심심한 게임 이라 생각 합니다 . 친구 들 과 같이 하면 최소 20시간 은 즐겁게 할 수 있는 게임 입니다 . 아직 은 얼리 억 세 스 인데 더 더 풍 성하게 컨텐츠 가 추가 되면 좋을것 같네요 ,",2019-12-11 23:58:05
648800,Raft,positive,fㄹㅇ갓겜,f ㄹㅇ 갓 겜,2019-12-11 22:09:24
648800,Raft,positive,개발자... 잊지않고 있었구나! 업데이트 소식 듣고 다시 왔음.,개발자 ... 잊지 않고 있었구나 ! 업데이트 소식 듣고 다시 왔음 .,2019-12-11 20:31:48
648800,Raft,positive,풍족하면 모든것이 부질없어지는 마인크래프트와 다르게 항상 무언가를 얻으러 돌아다니고 도전과제를 클리어 하기위해 사냥을하고 친구들과 생존을 위해 뗏목을 넓혀가며 한번더 우정을 확인하는 게임 -Raft중- -무능한 닭둘기쉣기 인간의 오만함에 대가리를 조아려라-,풍족하면 모든 것 이 부질없어지는 마인크래프트 와 다르게 항상 무언가 를 얻으러 돌아다니고 도전 과제 를 클리어 하기 위해 사냥 을 하고 친구 들 과 생존 을 위해 뗏목 을 넓혀가며 한번 더 우정 을 확인 하는 게임 - Raft 중 - - 무능한 닭둘기쉣기 인간 의 오만함에 대가리 를 조아려라 -,2019-12-11 18:51:40
648800,Raft,positive,아직 한지 얼마 안됫는데 재미있어요!!,아직 한지 얼마 안됫는데 재미있어요 !!,2019-12-11 12:54:47
648800,Raft,positive,시간가는줄 모르고 바쁘게 하기 좋은게임~,시간 가는줄 모르고 바쁘게 하기 좋은 게임 ~,2019-12-11 12:04:00
648800,Raft,positive,완전 재밌어요~~~~!!!!! 혼자하기에도 좋은 게임인 것 같아요,완전 재밌어요 ~~~~!!!!! 혼자 하기에도 좋은 게임 인 것 같아요,2019-12-11 11:20:03
648800,Raft,positive,재료를 모아서 건설 하는 것은 좋긴 한데. 조금 하면 금방 질리네요. 컨텐츠가 생각보다 없는 것 같아요.,재료 를 모아서 건설 하는 것 은 좋긴 한데 . 조금 하면 금방 질리네요 . 컨텐츠 가 생각 보다 없는 것 같아요 .,2019-12-11 00:33:06
648800,Raft,positive,"혼자보다 여러명이서 하는게 꿀잼이고 다같이 노가다하면서 자원모으고 성장해 나아가는거 되게 꿀잼인데 (배 색칠공부도 꿀잼임 ^_^) 문제는 스토리임. 되게 재밋고 알찬뎅 너무너무 짧음.. 어서 업뎃좀 되었으면....,,,,,,,,,,,,","혼자 보다 여러 명 이 서 하는게 꿀잼 이고 다 같이 노가다 하면서 자원 모으고 성장해 나아가는거 되게 꿀잼 인데 ( 배 색칠 공부 도 꿀잼임 ^_^) 문제 는 스토리 임 . 되게 재밋 고 알찬 뎅 너무 너무 짧음 .. 어서 업뎃좀 되었으면 ....,,,,,,,,,,,,",2019-12-11 00:01:42
648800,Raft,positive,"정말 쉴틈없이 게임을 계속 할 수 있습니다. 뗏목을 부수는 상어, 식물을 훔쳐가는 갈매기, 갈증과 배고픔 등 각종 위험이 도사리고 있습니다. 넓은 바닷가에 떠 있는 뗏목이 유일한 공간이지만 그 공간에서 많은것을 할 수 있습니다. 최근에는 새로운 컨텐츠들이 많이 생기고 확실한 스토리가 생겨서 쪽지를 찾으며 천천히 흘러가는 스토리를 퍼즐처럼 맞추는 재미가 쏠쏠합니다. 큰섬에는 곰들과 멧돼지 그리고 거대한 새가 당신들을 맞이할겁니다.","정말 쉴 틈 없이 게임 을 계속 할 수 있습니다 . 뗏목 을 부수 는 상어 , 식물 을 훔쳐가는 갈매기 , 갈증 과 배고픔 등 각종 위험 이 도 사리 고 있습니다 . 넓은 바닷가 에 떠 있는 뗏목 이 유일한 공간 이지만 그 공간 에서 많은것을 할 수 있습니다 . 최근 에는 새로운 컨텐츠 들 이 많이 생기 고 확실한 스토리 가 생겨서 쪽지 를 찾으며 천천히 흘러가는 스토리 를 퍼즐 처럼 맞추는 재미 가 쏠쏠합니다 . 큰 섬 에는 곰 들 과 멧돼지 그리고 거대한 새 가 당신 들 을 맞이 할 겁니다 .",2019-12-10 21:57:14
648800,Raft,positive,개꿀잼 ㅋㅋㅋㅋ,개꿀잼 ㅋㅋㅋㅋ,2019-12-10 20:55:05
648800,Raft,positive,재미씀,재미 씀,2019-12-10 20:09:47
648800,Raft,positive,게임을 혼자하는걸 즐기는게 아닌이상 꼭 친구랑 하길,게임 을 혼자 하 는걸 즐기는게 아닌 이상 꼭 친구 랑 하길,2019-12-10 19:33:46
648800,Raft,positive,개같은 관종 상어,개 같은 관종 상어,2019-12-10 18:41:09
648800,Raft,positive,그냥저냥그래요 가이드라인전혀없고 불친절한데 친구랑은할만함,그냥 저 냥 그래요 가이드라인 전혀 없고 불친절한데 친구 랑은 할만 함,2019-12-10 14:54:12
648800,Raft,positive,재밌긴한데 업데이트가 느려요. 뭔가 빠르게 추가됐으면 좋겠어요. 하루~이틀정도 하면 너무 할 게 없어져요.,재밌긴한데 업데이트 가 느려요 . 뭔가 빠르게 추가 됐으면 좋겠어요 . 하루 ~ 이틀 정도 하면 너무 할 게 없어져요 .,2019-12-10 14:43:41
648800,Raft,positive,혼자서는 할게 너무 많아서 빡세고 ㅋㅋㅋ 여럿이서 하면 진짜 재밌는 게임... 에피소드도 추가되고 있고 조금씩 업뎃도 되고 있으니까 더 좋다. 꾸준히 업뎃 해줘요.....,혼자 서는 할게 너무 많아서 빡세 고 ㅋㅋㅋ 여럿 이서 하면 진짜 재밌는 게임 ... 에피소드 도 추가 되고 있고 조금씩 업뎃 도 되고 있으니까 더 좋다 . 꾸준히 업뎃 해줘요 .....,2019-12-10 02:38:48
648800,Raft,positive,1시간하면 멀미나서 게임을 너무많이하지않도록 제어해주는 갓겜,1시간 하면 멀미 나서 게임 을 너무 많이 하지 않도록 제어 해주는 갓 겜,2019-12-10 00:17:24
648800,Raft,positive,친구가 또 혼자 나대다가 바다에서 나오질 못해요 하;;; 일상이 도움이 안되네요;;;,친구 가 또 혼자 나대다가 바다 에서 나오질 못 해요 하 ;;; 일상 이 도움 이 안되네요 ;;;,2019-12-09 23:49:32
648800,Raft,positive,만들기 게임,만들기 게임,2019-12-09 22:19:33
648800,Raft,positive,너무 재밌다,너무 재밌다,2019-12-09 22:03:44
648800,Raft,positive,굿,굿,2019-12-09 20:31:46
648800,Raft,positive,ㅇ,ㅇ,2019-12-09 19:06:50
648800,Raft,positive,재밋슴,재밋슴,2019-12-09 16:17:15
648800,Raft,positive,친구들이랑 임무분담해서 했더니 개재밌누 7시간이 30분 같았누,친구 들 이랑 임무 분 담해서 했더니 개 재밌 누 7시간 이 30분 같았 누,2019-12-09 14:49:01
648800,Raft,positive,재밌어요~,재밌어요 ~,2019-12-09 10:45:37
648800,Raft,positive,생존+건설 장르 좋아하시는 분께 추천드림 다만 35시간하고 나니까 컨탠츠 부족이라 할게 없음 아쉬운 점으로 밤하늘에 좀 더 별이 많고 예뻤으면 좋았을텐데 너무 어두침침해서 낭만이 안느껴짐,생존 + 건설 장르 좋아하시는 분 께 추천 드림 다만 35시간 하고 나 니까 컨탠츠 부족 이라 할게 없음 아쉬운 점 으로 밤하늘 에 좀 더 별 이 많고 예뻤으면 좋았을텐데 너무 어두침침해서 낭만 이 안 느껴짐,2019-12-09 02:35:53
648800,Raft,positive,"I died while playing with my friend. Please add ""dodehsl"" as a friend. plz","I died while playing with my friend . Please add "" dodehsl "" as a friend . plz",2019-12-09 01:59:08
648800,Raft,positive,"그저 단순한 뗏목을 타고 쓰레기나 줍던 게임에서 이번 업데이트로 첫번째 이야기가 공개되었다. 기대했던 많은 부분들보다는 조금 모자라지만, 그래도 재미있고 참신한 내용의 업데이트 인거 같다. 제작진이 공개한 이번 업데이트에 대한 정보와 플레이 영상을 제작해 보았다. 참고하기 바란다. https://youtu.be/ESHyHXDYBXc","그저 단순한 뗏목 을 타고 쓰레기 나 줍던 게임 에서 이번 업데이트 로 첫 번째 이야기 가 공개 되었다 . 기대했던 많은 부분 들 보다는 조금 모자라 지만 , 그래도 재미있고 참신한 내용 의 업데이트 인거 같다 . 제 작 진 이 공개 한 이번 업데이트 에 대한 정보 와 플레이 영상 을 제작 해 보았다 . 참고 하기 바란다 . https://youtu.be/ESHyHXDYBXc",2019-12-09 01:11:26
648800,Raft,positive,가능성이 큰 기대되는 게임.,가능성 이 큰 기대 되는 게임 .,2019-12-09 00:10:04
648800,Raft,positive,12월 3일 The first Chapter가 업데이트 되었네요. 신선한 소재의 생존게임 래프트(Raft) 멀티 플레이를 해 보았습니다. 아래는 신규 업데이트 멀티 플레이 영상 입니다. https://www.youtube.com/watch?v=Uq2q7D3ni1M,12월 3일 The first Chapter 가 업데이트 되었네요 . 신선한 소재 의 생존 게임 래프트 ( Raft ) 멀티 플레이 를 해 보았습니다 . 아래 는 신규 업데이트 멀티 플레이 영상 입니다 . https://www.youtube.com/watch?v=Uq2q7D3ni1M,2019-12-08 23:33:06
648800,Raft,positive,개꿀잼,개꿀잼,2019-12-08 23:33:00
648800,Raft,positive,굿,굿,2019-12-08 19:12:46
648800,Raft,positive,d,d,2019-12-08 16:23:11
648800,Raft,positive,일 끝나고 집에 와서 게임에서 또 일을 하는 내 인생이 레전드다,일 끝나고 집 에 와서 게임 에서 또 일 을 하는 내 인생 이 레전드 다,2019-12-08 15:17:11
648800,Raft,positive,신박하고 잘만든 겜이긴한데 21000원 값 하는 겜은 아님,신 박하 고 잘만 든 겜 이긴한데 21000원 값 하는 겜 은 아님,2019-12-08 01:49:25
648800,Raft,positive,[h1] 해양쓰레기를 주워서 지구 살리는 게임 [/h1] 뗏목타고 다니면서 밥먹고 쓰레기주우며 살아남아야 하는 생존게임입니다. 처음 시작할때 주어지는 갈고리로 귀찮게 하나하나 해양쓰레기를 주워가며 똇목을 넓혀가고 상어가 뗏목 부수는것을 보고 욕박는 자기 모습을 볼 수 있지만 7시간정도 하면 활과 창가지고 상어파밍만 해서 주 메뉴를 상어고기만 먹고 해양쓰레기를 자동화시스템으로 주우며 풍요로운 삶을 사는 자신을 볼 수 있습니다. 가끔 상어가 뗏목 가운데를 부수거나 갑자기 바다로 빠져서 당황스러운 버그가 있는 게임이지만 혼자,[ h 1 ] 해양 쓰레기 를 주워서 지구 살리는 게임 [/ h 1 ] 뗏목 타고 다니면서 밥 먹고 쓰레기 주우 며 살아남아야 하는 생존 게임 입니다 . 처음 시작 할 때 주어지는 갈고리 로 귀찮게 하나 하나 해양 쓰레기 를 주워가며 똇목 을 넓혀가고 상어 가 뗏목 부수는것을 보고 욕 박는 자기 모습 을 볼 수 있지만 7시간 정도 하면 활 과 창가 지고 상어 파밍 만 해서 주 메뉴 를 상어 고기만 먹고 해양 쓰레기 를 자동화 시스템 으로 주우 며 풍요 로운 삶 을 사는 자신 을 볼 수 있습니다 . 가끔 상어 가 뗏목 가운데 를 부수 거나 갑자기 바다로 빠져서 당황 스러운 버그 가 있는 게임 이지만 혼자,2019-12-08 01:30:43
648800,Raft,positive,시간가는줄모르고 재미씀,시간 가는줄 모르고 재미 씀,2019-12-08 00:17:17
648800,Raft,positive,"친구들이랑 하면 진짜 재밌고, 스토리도 흥미롭고 소름돋는 부분들도 있어서 좋은 게임이라 평한다.","친구 들 이랑 하면 진짜 재밌고 , 스토리 도 흥미 롭고 소름 돋는 부분 들 도 있어서 좋은 게임 이라 평 한다 .",2019-12-08 00:04:51
648800,Raft,positive,나만 같이할 친구 없네ㅅㅂ,나 만 같이 할 친구 없네 ㅅㅂ,2019-12-07 21:24:14
648800,Raft,positive,업데이트 자주함 재밌어보임 혼자선 많이 심심,업데이트 자주 함 재밌어 보임 혼자 선 많이 심심,2019-12-07 21:14:01
648800,Raft,positive,할만함,할만 함,2019-12-07 20:13:10
648800,Raft,positive,이만한 갓겜이없습니다. 언능사서 겜하세여,이만 한 갓 겜 이 없습니다 . 언 능사 서 겜 하세여,2019-12-07 18:45:41
648800,Raft,positive,업뎃만 빨리 빨리하면 갓겜,업뎃 만 빨리 빨리 하면 갓 겜,2019-12-07 18:21:18
648800,Raft,positive,재밋음,재밋음,2019-12-07 17:57:22
648800,Raft,positive,갈매기 좀 죽여봐,갈매기 좀 죽여 봐,2019-12-07 13:47:37
648800,Raft,positive,멀티가 너무 재밌어요 그리고 바다라서 더 재밌어요,멀티 가 너무 재밌어요 그리고 바다 라서 더 재밌어요,2019-12-07 09:51:37
648800,Raft,positive,재미있다.,재미있다 .,2019-12-07 09:51:24
648800,Raft,positive,GOOD,GOOD,2019-12-07 00:52:53
648800,Raft,positive,감자키우는게 너무재밌어요 당근도 추가해주세요,감자 키우는게 너무 재밌어요 당근 도 추가 해주세요,2019-12-07 00:45:41
648800,Raft,positive,느린 업데이트가 너무 좋네요 시방,느린 업데이트 가 너무 좋네요 시방,2019-12-06 23:26:24
648800,Raft,positive,후반 컨텐츠 등 아직은 부족한게 많지만 충분히 할만하다! 같이할사람이 있따면!,후반 컨텐츠 등 아직 은 부족한게 많지만 충분히 할 만하 다 ! 같이 할 사람 이 있 따면 !,2019-12-06 23:01:56
648800,Raft,positive,재밌네,재밌네,2019-12-06 22:56:37
648800,Raft,positive,느긋하게 하기에 좋은 게임 힐링게임이라고 봐도 무방하다!,느긋하게 하기에 좋은 게임 힐링 게임 이라고 봐도 무방 하다 !,2019-12-06 22:38:47
648800,Raft,positive,상어고기 마시쪙,상어 고기 마시쪙,2019-12-06 22:32:07
648800,Raft,positive,친구가 없어 슬픕니다,친구 가 없어 슬픕니다,2019-12-06 19:47:50
648800,Raft,positive,w,w,2019-12-06 18:21:20
648800,Raft,positive,노동갓겜...여러명이서 하면 개꿀,노동 갓 겜 ... 여러 명 이 서 하면 개꿀,2019-12-06 18:09:54
648800,Raft,positive,"친구랑 노가리 까기 좋은겜,추천한다","친구 랑 노가리 까기 좋은 겜 , 추천 한다",2019-12-06 16:55:12
648800,Raft,positive,재밌어요!!! 애인이랑 아주 즐겜중^^ 현실도피 가능 바다 위에 집짓기가 꿈이 될 수도 있음 다만 배멀미 조심 ㅎㅎ^^ 다들 이 게임 하세요!!,재밌어요 !!! 애인 이랑 아주 즐겜 중 ^^ 현실 도피 가능 바다 위 에 집짓기 가 꿈 이 될 수도 있음 다만 배 멀미 조심 ㅎㅎ ^^ 다 들 이 게임 하세요 !!,2019-12-06 02:40:16
648800,Raft,positive,친구없으면 굉장히 매운 게임...있어도 매움 ㄷㄷ,친구 없으면 굉장히 매운 게임 ... 있어도 매 움 ㄷㄷ,2019-12-06 01:34:53
648800,Raft,positive,친구들이랑 하기에 딱 좋은 게임 재밌습니다! 싱글로는 심심할거같아요,친구 들 이랑 하기에 딱 좋은 게임 재밌습니다 ! 싱글 로는 심심할거 같아요,2019-12-05 23:43:15
648800,Raft,positive,이런 게임을 좋아하는 저로선 너무 재미있습니다. 다만 아쉬운점이 있다면 멀티가 친구가 아니면 같이 할수 없는점이죠. 다양한 사람과 보이스적인면도 있으면 좋겠구 게임을 같이할수 있는 시스템이 더 좋아졌으면 좋겠습니다. 물른 그렇게 되면 악성플레이어가 생길수도 있겟지만 지금것 게임해본 사람으로서 너무 재미있고 앞으로도 더 발전하셧으면 합니다 ^^,이런 게임 을 좋아하는 저 로선 너무 재미있습니다 . 다만 아쉬운 점 이 있다면 멀티 가 친구 가 아니면 같이 할수 없는 점 이 죠 . 다양한 사람과 보이스 적 인 면도 있으면 좋겠구 게임 을 같이 할수 있는 시스템 이 더 좋아졌으면 좋겠습니다 . 물른 그렇게 되면 악성 플레이어 가 생길수도 있겟지만 지금 것 게임 해본 사람 으로서 너무 재미있고 앞 으로도 더 발전 하 셧으 면 합니다 ^^,2019-12-05 22:20:02
648800,Raft,positive,브금이랑 파도소리가 날 잠들게해요 이게임만 있으면 불면증 물럿거라~~,브금 이랑 파도 소리 가 날 잠들게 해 요 이 게임 만 있으면 불면증 물럿거 라 ~~,2019-12-05 22:02:31
648800,Raft,positive,싱글/멀티플레이 둘다 괜찮습니다. 난이도 높지않고 여유있게 망망대해를 보며 멍때릴수있어요,싱글 / 멀티플레이 둘다 괜찮습니다 . 난이도 높지 않고 여유 있게 망망대해 를 보며 멍 때릴수있어요,2019-12-05 20:40:44
648800,Raft,positive,레넥톤 너프좀,레넥톤 너프 좀,2019-12-05 20:11:07
648800,Raft,positive,가도가도 섬이 안나온다...,가도 가도 섬 이 안 나온다 ...,2019-12-05 19:52:37
648800,Raft,positive,RYDHRT,RYDHRT,2019-12-05 19:36:13
648800,Raft,positive,꾸준한 업데이트 !!,꾸준한 업데이트 !!,2019-12-05 15:44:26
648800,Raft,positive,친구있어야 재밋는게임이고 난 친구많아서 존나잼잇음,친구 있어야 재밋는게임 이고 난 친구 많아서 존나 잼 잇음,2019-12-05 04:31:30
648800,Raft,positive,다른사람과 함께 임무분담을 해보세요~,다른사람 과 함께 임무 분담 을 해보세요 ~,2019-12-05 04:06:19
648800,Raft,positive,업데이트 이후 요트를 타면 바다 한가운데로 순간이동 되는 버그가 있습니다 그때는 저장하지 마시고 끄시면 됩니다,업데이트 이후 요트 를 타면 바다 한가운데 로 순간이동 되는 버그 가 있습니다 그때 는 저장 하지 마시고 끄시면 됩니다,2019-12-05 01:48:03
648800,Raft,positive,딱 하루 친구들과 날잡고 하기 좋음 하지만 현재 이 게임 가격을 생각해보면 굉장히 가성비가 구리다는걸 알수있음 무엇보다 친구없으면 왜 게임에서도 노동이나 해야하는지 이유를 모르겠음,딱 하루 친구 들 과 날 잡고 하기 좋음 하지만 현재 이 게임 가격 을 생각 해보면 굉장히 가성 비 가 구리다는걸 알수있음 무엇 보다 친구 없으면 왜 게임 에서도 노동 이나 해야하는지 이유 를 모르겠음,2019-12-05 01:31:38
648800,Raft,positive,굿,굿,2019-12-04 23:40:46
648800,Raft,positive,재밌다 근데 렉이있다,재밌다 근데 렉 이 있다,2019-12-04 22:31:52
648800,Raft,positive,멀티를 친구방이 아닌 온라인으로 모르는사람들과도 할수있게 해주면 좋겠음,멀티 를 친구 방이 아닌 온라인 으로 모르는 사람 들 과도 할수있게 해주면 좋겠음,2019-12-04 22:05:19
648800,Raft,positive,버그 고쳐졌네요 재밌음 하루에 7시간씩 하는중,버그 고쳐졌네요 재밌음 하루 에 7시간 씩 하는 중,2019-12-04 22:04:08
648800,Raft,positive,본격 쓰레기줍기 게임,본격 쓰레기 줍기 게임,2019-12-04 21:41:40
648800,Raft,positive,밤센듯이 졸린 눈기분전환 홀스홀스홀스,밤 센듯이 졸린 눈 기분 전환 홀스홀스홀스,2019-12-04 21:13:01
648800,Raft,positive,같이하던 팅구들이 탈주해서 이제 친없찐인데여... 그래도 재미있어여 개발자분덜도 열심히 업데이트하시구 또 나중에 생각나서 또 하고 그러구잇슴다 혼겜이라면 난이도 쉬움으로해서 파밍하다가 상어한테 디져도 부활하면 인벤토리 살아있으니깐여...반드시 쉬움하세여...솔플분들..,같이 하던 팅구들 이 탈주 해서 이제 친 없 찐인데여 ... 그래도 재미있어여 개발자 분 덜도 열심히 업데이트 하시구 또 나중 에 생각나서 또 하고 그러구 잇 슴 다 혼겜 이 라면 난이도 쉬움 으로 해서 파밍 하다가 상어 한테 디져도 부활 하면 인벤 토리 살아있으니깐 여 ... 반드시 쉬움 하세여 ... 솔 플 분 들 ..,2019-12-04 20:05:30
648800,Raft,positive,.,.,2019-12-04 20:01:07
648800,Raft,positive,"생각한 것보다 재밌음, 난이도가 쉬움으로 즐기고 있는데 누구나 할 수 있다는게 큰 장점이고 사람이 많을수록 할 게 없을꺼 같은데.. 분업화하면서 은근 재미있게 즐길 수 있어서 좋음... 단점은 가끔 상어가.. 모래속에서 뚫고 나올떄가 있어서 깜짝 놀라긴 함....","생각 한 것 보다 재밌음 , 난이도 가 쉬움 으로 즐기고 있는데 누구 나 할 수 있다는게 큰 장점 이고 사람 이 많을수록 할 게 없을꺼 같은데 .. 분업 화하면서 은근 재미있게 즐길 수 있어서 좋음 ... 단점 은 가끔 상어 가 .. 모래 속 에서 뚫고 나올떄 가 있어서 깜짝 놀라긴 함 ....",2019-12-04 19:34:35
648800,Raft,positive,앞서 해보는 생존 게임중 제일 열심히 일하는 제작자들!,앞서 해보는 생존 게임 중 제일 열심히 일 하는 제작자 들 !,2019-12-04 17:21:02
648800,Raft,positive,뭔가 바쁘게 막 하다가보면 어느순간 여유로워서 뭘해야될지 모를 게임이니 그냥 천천히 즐기시면 좋겟습니다.,뭔가 바쁘게 막 하다 가보면 어느 순간 여유 로 워 서 뭘 해야 될지 모를 게임 이니 그냥 천천히 즐기시면 좋겟습니다 .,2019-12-04 05:11:37
648800,Raft,positive,귀하의 게임버전이 호스트의 게임버전과 일치하지 않습니다. 이거 어케 해야되요???,귀하 의 게임 버전 이 호스트 의 게임 버전 과 일치 하지 않습니다 . 이 거 어케 해야되 요 ???,2019-12-03 23:40:57
648800,Raft,positive,같이하면 재밌음,같이 하면 재밌음,2019-12-03 21:06:42
648800,Raft,positive,친구 있어야 갓겜,친구 있어야 갓 겜,2019-12-03 20:37:10
648800,Raft,positive,이게임도 돈스터브 마냥 사람을 가만히 나두질 않는 겜입니다. 좀 쉬고있으면 물 만들어야 하지 물 만들었더니 식물 키워야 하지 식물 키웠더니 구어야 하는데 나무없지 나무 줍줍 하고있으면 갑자기 상어가 안녕 니 땜목 부스러 왔엉~ 잇힝 그 상어 창으로 찌르고 있으면 식물 키우던 곳에서 갈매기가 안녕 니 작물을 전부 조지러 왔다!!!! 이러고있지 그러다 섬나오면 또 가까이 가서 자원캐야해..... 사람이 가만히 세워두면 안되는 병이라도 걸린거처럼 사람을 아주 계에에에속 움직이게 만듭니다 이런 블렉기업 회사에 들어,이 게임 도 돈스 터브 마냥 사람 을 가만히 나 두질 않는 겜 입니다 . 좀 쉬고있으면 물 만들어야 하지 물 만들었더니 식물 키워야 하지 식물 키웠더니 구어 야 하는데 나무 없지 나무 줍 줍 하고있으면 갑자기 상어 가 안녕 니 땜목 부 스러 왔 엉 ~ 잇힝 그 상어 창 으로 찌르고 있으면 식물 키우던 곳 에서 갈매기 가 안녕 니 작물 을 전부 조지러 왔다 !!!! 이러고있지 그러다 섬 나오면 또 가까이 가서 자원 캐야해 ..... 사람 이 가만히 세워 두면 안되는 병 이라도 걸린거처럼 사람 을 아주 계 에 에 에 속 움직이게 만듭니 다 이런 블렉 기업 회사 에 들어,2019-12-03 17:46:04
648800,Raft,positive,재밌는데 혼자하긴 너무 외로운 게임ㅠㅠ 한국분들 같이할사람 친추주세요....ㅎㅎ,재밌는데 혼자 하긴 너무 외로운 게임 ㅠㅠ 한국 분들 같이 할 사람 친추 주세요 .... ㅎㅎ,2019-12-03 14:22:18
648800,Raft,positive,이번 패치로 2만값도 못했던게임이 3만원주고 살만한 게임됨 공포겜 뺨치는 브금 직접 요리한 음식으로 간접적으로 느끼는 포만감 상어잡는 꿀잼 사냥 판자파밍 ㅈ같은거빼고 완벽한 게임,이번 패치 로 2만 값도 못 했던 게임 이 3만원 주고 살 만 한 게임 됨 공포 겜 뺨 치는 브금 직접 요리 한 음식 으로 간접 적 으로 느끼는 포만 감 상어 잡는 꿀잼 사냥 판자 파밍 ㅈ 같은거 빼고 완벽한 게임,2019-12-03 05:08:06
648800,Raft,positive,갓겜 10시간짼데 아직까진 재밌음 근데 좀....... 멀미남............ 어지러움.....,갓 겜 10시간 짼데 아직 까진 재밌음 근데 좀 ....... 멀미 남 ............ 어지러움 .....,2019-12-03 02:18:11
648800,Raft,positive,혼자보다 최소 3명부터 해야 재밌읍니다 히힌,혼자 보다 최소 3 명 부터 해야 재밌 읍니 다 히힌,2019-12-02 09:37:32
648800,Raft,positive,친구랑해야꿀잼,친구 랑 해야 꿀잼,2019-12-02 04:13:19
648800,Raft,positive,ㅁㅇㅁㄴㅇㄴㅁㅁㄴㅇ,ㅁㅇㅁㄴㅇㄴㅁㅁㄴㅇ,2019-12-01 01:10:49
648800,Raft,positive,상어랑 머릿싸움이 재미있네요. ㅎㅎ 솔직히 여러명이서 하면 역활을 나눠서 재미 있을 듯. 혼자서 하니 약간은 어려운 게임이네요.ㅎ,상어 랑 머릿싸움 이 재미있네요 . ㅎㅎ 솔직히 여러 명 이 서 하면 역활 을 나눠서 재미 있을 듯 . 혼자 서 하니 약간 은 어려운 게임 이네 요 . ㅎ,2019-11-30 23:16:30
648800,Raft,positive,원하는 소재를 찾아 떠나는 생존이 질렸다면 어떤 소재가 떠내려올지 모르는 바다 위에서 살아남아보세요! 필요한 자제가 있을 때 과연 오는가? 가즈아!!,원하는 소재 를 찾아 떠나는 생존 이 질렸다면 어떤 소재 가 떠내려 올지 모르는 바다 위 에서 살아남아 보세요 ! 필요한 자제 가 있을 때 과연 오 는가 ? 가즈 아 !!,2019-11-30 20:05:55
648800,Raft,positive,"아주 흥미로운 스토리와 플래이 방식은 서바이벌 게임을 좋아하는 사람에게 딱 맞다.아스트로니어나 서브노티카,오아시스 뉴 둰,세이스팩토리,플래닛 노매드스 와 유사하다","아주 흥미로운 스토리 와 플 래 이 방식 은 서바이벌 게임 을 좋아하는 사람 에게 딱 맞다 . 아스트로 니 어나 서브 노티 카 , 오아시스 뉴 둰 , 세 이스 팩토리 , 플래닛 노매드 스 와 유사하다",2019-11-30 17:16:48
648800,Raft,positive,꿀잼입니다 갓겜이에요,꿀잼 입니다 갓 겜 이에요,2019-11-30 16:41:19
648800,Raft,positive,컨텐츠가 더 많이 생기면 더 오래 할 수 있겠어요 재미있네요.,컨텐츠 가 더 많이 생기 면 더 오래 할 수 있겠어요 재미있네요 .,2019-11-29 22:40:49
648800,Raft,positive,친구랑하면 재미있음 ㅋㅋ 극한의 생존게임 상어랑 날씨 파도높이 등등 환경요소만 잘 알면 재미있게 길게 생존가능해여,친구 랑 하면 재미있음 ㅋㅋ 극한 의 생존 게임 상어 랑 날씨 파도 높이 등등 환경 요소 만 잘 알 면 재미있게 길게 생존 가능해여,2019-11-29 14:14:14
648800,Raft,positive,친구와 같이하기 정 ~ 말 좋은게임 처음에 작은판자에서 표류하지만 서로 자원을 모아서 협동하다보면 어느순간부터 큰 판자로 변하여 집도 있을겁니다 ! 서로 먹을 것도 구하고 자원도 구하며 아이템도 공유하고 ! 둘 중 한명이 죽으면 물 속까지 헤엄쳐서까지 구해주고 물 속에서 자원을 캐는 동안 친구가 상어를 어그로끌어주는 정말 좋은의리게임 ! 하지만 상어가 판자를 씹어먹어 부셔지는 순간 남 탓하는 우정파괴게임 . 판자와 함께 우정도 파괴됩니다 ㅇ.< ★ 아 ! 아이템 줄 때 상자를 이용하세요 . 아이템 던져줄 때 버그로 인해 안 먹어지고,친구 와 같이 하기 정 ~ 말 좋은 게임 처음 에 작은 판자 에서 표류 하지만 서로 자원 을 모아서 협동 하다 보면 어느 순간 부터 큰 판자 로 변하여 집도 있을 겁니다 ! 서로 먹을 것 도 구 하고 자원 도 구 하며 아이템 도 공유 하고 ! 둘 중 한 명 이 죽으면 물 속 까지 헤엄 쳐 서까지 구 해주고 물 속 에서 자원 을 캐는 동안 친구 가 상어 를 어그 로 끌어주는 정말 좋은 의리 게임 ! 하지만 상어 가 판자 를 씹어 먹어 부셔지는 순간 남 탓 하는 우정 파괴 게임 . 판자 와 함께 우정 도 파괴 됩니다 ㅇ .< ★ 아 ! 아이템 줄 때 상자 를 이용 하세요 . 아이템 던져줄 때 버그 로 인해 안 먹어지고,2019-11-28 17:35:13
648800,Raft,positive,정식출시가 아닌겜이라 할게 없을줄 알았는데 생각보다 할게 많아서 좋았습니다,정식 출시 가 아닌 겜 이라 할게 없을줄 알았는데 생각 보다 할게 많아서 좋았습니다,2019-11-28 12:42:37
648800,Raft,positive,처음 해봤는데 재미있어요 (친구있으면 재미가2배),처음 해봤는데 재미있어요 ( 친구 있으면 재미 가 2 배 ),2019-11-27 20:45:21
648800,Raft,positive,"게임 자체는 너무 재미있고 친구들이랑 하기 정말 좋은데 멀미가 심해 2시간이 한계... 멀미 모드가 있어도 3시간 버티려나요,,, 멀미 안안했으면,,, 진짜 갓겜인데 진짜,, <앤딩 없는 게임>","게임 자체 는 너무 재미있고 친구 들 이랑 하기 정말 좋은데 멀미 가 심해 2시간 이 한계 ... 멀미 모드 가 있어도 3시간 버티려나 요 ,,, 멀미 안 안 했으면 ,,, 진짜 갓 겜 인데 진짜 ,, < 앤딩 없는 게임 >",2019-11-26 00:47:04
648800,Raft,positive,진짜로 재밌어요,진짜 로 재밌어요,2019-11-25 19:39:37
648800,Raft,positive,친구들과 멀티를할수있어 재미있습니다. 가격도저렴하고 상어도잡아 머리도 쓸수있어서 갓겜인거같습니다 꼭 한번 해봐야돼는 게임인거같습니다.,친구 들 과 멀티 를 할수있어 재미있습니다 . 가격 도 저렴하고 상어 도 잡아 머리 도 쓸수있어서 갓 겜 인거 같습니다 꼭 한번 해봐야 돼는 게임 인거 같습니다 .,2019-11-24 09:15:43
648800,Raft,positive,생존게임을 좋아하시는 분들은 추천드립니다.,생존 게임 을 좋아하시는 분 들 은 추천 드립니다 .,2019-11-23 20:48:28
648800,Raft,positive,나한테는 잘 맞았는데 다른 애들은 오래 하면 지루하다함,나 한테 는 잘 맞았는데 다른 애 들 은 오래 하면 지루하다 함,2019-11-23 15:59:34
648800,Raft,positive,정말 정말 재미있어용,정말 정말 재미있어용,2019-11-23 07:41:41
648800,Raft,positive,단순 그래픽에서오는 편안함. 적절한 위기와 할게많은 초반에 의해 질리지않는 게임. 단 자신만의 유토피아 짓고나면 뭘해도 절망은 없음,단순 그래픽 에서 오는 편안함 . 적절한 위기 와 할게 많은 초반 에 의해 질리 지 않는 게임 . 단 자신 만의 유토피아 짓고나면 뭘 해도 절망 은 없음,2019-11-23 00:53:52
648800,Raft,positive,계속 꾸준히 업데이트 되어서 점점 나아지고잇슴 진짜 할거 없어서 사놓고 후회했다가 요즘엔 기대되는 수준,계속 꾸준히 업데이트 되어서 점점 나아지고 잇 슴 진짜 할거 없어서 사놓고 후회 했다가 요즘 엔 기대 되는 수준,2019-11-21 09:24:19
648800,Raft,positive,혼자 집만들고 꾸미느라 바쁨 언제해도 재미있음. 동물 모으고픈데 혼자서는 유지 빡셈..,혼자 집 만들고 꾸미느라 바쁨 언제 해도 재미있음 . 동물 모으 고픈데 혼자 서는 유지 빡셈 ..,2019-11-21 00:18:24
648800,Raft,positive,상어도 고기가 되어버린다아,상어 도 고기 가 되어 버린다아,2019-11-20 21:44:00
648800,Raft,positive,힐링,힐링,2019-11-20 18:00:02
648800,Raft,positive,존잼,존잼,2019-11-19 22:24:09
648800,Raft,positive,파밍에 미쳐벌임 한 번 재미들이면 몇 백 시간이고 가능할 듯,파밍 에 미쳐 벌임 한 번 재미 들 이면 몇 백 시간 이고 가능할 듯,2019-11-19 16:27:40
648800,Raft,positive,update how day,update how day,2019-11-18 20:16:09
648800,Raft,positive,개꿀잼,개꿀잼,2019-11-18 17:39:08
648800,Raft,positive,재미쬬,재미 쬬,2019-11-18 13:27:31
648800,Raft,positive,재밌음 근데 혼자 하려니까 좀 힘듬 멀티 추천함,재밌음 근데 혼자 하려니까 좀 힘듬 멀티 추천 함,2019-11-17 18:53:23
648800,Raft,positive,그냥 시발 재밌어 닥치고해,그냥 시발 재밌어 닥치고 해,2019-11-17 17:46:14
648800,Raft,positive,헤헤 재밌어용,헤헤 재밌어용,2019-11-17 04:35:39
648800,Raft,positive,이거 망겜이라하면 집까지 찾아간다. 이거 하나만 명심해.......,이 거 망겜 이라 하면 집 까지 찾아간다 . 이 거 하나 만 명 심해 .......,2019-11-17 00:00:16
648800,Raft,positive,구욷잡 지인들이랑 하게에 재밌는게잉,구욷잡 지인 들 이랑 하게에 재밌는게 잉,2019-11-16 23:44:57
648800,Raft,positive,완전 갓겜,완전 갓 겜,2019-11-16 09:47:43
648800,Raft,positive,친구랑 같이 하기 좋은게임,친구 랑 같이 하기 좋은 게임,2019-11-14 13:41:43
648800,Raft,positive,친구있으면하세요,친구 있으면하세요,2019-11-13 21:44:23
648800,Raft,positive,Great fun game to play with your GF,Great fun game to play with your GF,2019-11-13 13:35:32
648800,Raft,positive,노 판자 노 게임,노 판자 노 게임,2019-11-13 08:04:20
648800,Raft,positive,좋아요,좋아요,2019-11-12 21:07:09
648800,Raft,positive,"정가주고 사면 솔직히 비싸다는 느낌은 들긴 하는데 그래도 나름 적지 않은 시간 재밌게 잘 해서 추천합니다. 세일한다고 하면 꼭 구매하시길 바라고, 정가라면 살짝... 머뭇거려질 정도입니다","정가 주고 사면 솔직히 비싸다는 느낌 은 들긴 하는데 그래도 나름 적지 않은 시간 재밌게 잘 해서 추천 합니다 . 세 일 한 다 고 하면 꼭 구매 하시길 바라고 , 정가 라면 살짝 ... 머뭇거려질 정도 입니다",2019-11-10 19:25:48
648800,Raft,positive,타이밍에 맞춰 나오는 노래도 좋고 힐링됨 갈매기가 십할련임,타이밍 에 맞춰 나오는 노래 도 좋고 힐링 됨 갈매기 가 십 할련 임,2019-11-10 15:33:15
648800,Raft,positive,재미있어요,재미있어요,2019-11-10 13:31:20
648800,Raft,positive,평화로운 브금 틀고 하면 잘 수 있음,평화로운 브금 틀 고 하면 잘 수 있음,2019-11-10 05:36:04
648800,Raft,positive,초반에는 생존겜 중반에는 파밍겜 후반에는 크래프팅(건축) 겜 다 비벼놓은 한그릇 뚝딱 비빔밥겜임 그리고 난 비빔밥을 좋아하지 아직은 1.3만원~1.5만원 정도의 게임인 것 같다. 아직 개발 중이니 컨텐츠가 더 추가된다면 더 재밌개 즐길 수 있을 듯. +추가) 챕터1 추가로 갓겜댐ㅋㅋㅋㅋㅋㅋㅋ 이 전에 띄엄띄엄 있는 듯 없는 듯 했던 떡밥을 잘 엮어놨다 아쉬운 점이 아예 없는건 아니지만 진짜 앞으로의 개발이 기대된다,초반 에는 생존 겜 중반 에는 파밍 겜 후반 에는 크 래프팅 ( 건축 ) 겜 다 비벼놓은 한 그릇 뚝딱 비빔밥 겜임 그리고 난 비빔밥 을 좋아하지 아직 은 1.3만원 ~ 1.5만원 정도 의 게임 인 것 같다 . 아직 개발 중이 니 컨텐츠 가 더 추가 된다면 더 재밌 개 즐길 수 있을 듯 . + 추가 ) 챕 터 1 추가 로 갓 겜댐 ㅋㅋㅋㅋㅋㅋㅋ 이 전 에 띄엄띄엄 있는 듯 없는 듯 했던 떡밥 을 잘 엮어놨다 아쉬운 점 이 아예 없는건 아니지만 진짜 앞 으로의 개발 이 기대 된다,2019-11-10 04:08:28
648800,Raft,positive,fun,fun,2019-11-06 10:44:11
648800,Raft,positive,굿,굿,2019-11-06 04:30:23
648800,Raft,positive,"업데이트가 지속적으로 되고있으며, 한글 지원이 된다. 끝도없이 움직여야 하는 노동게임을 좋아한다면 개추천. 다만 시간이 아작나는것을 볼수있음. 이 게임은 멀티도 지원됩니다. 그덕에 친구랑 상자 하나 먹겠다고 갈귀로 개싸움이 남. 섬에 정착하면 하나도 안빼먹고 챙기겠다고 눈에 불을 킨 본인을 볼수있음.","업데이트 가 지속 적 으로 되고있으며 , 한글 지원이 된다 . 끝 도 없이 움직여야 하는 노동 게임 을 좋아한다면 개 추천 . 다만 시간 이 아작 나 는것을 볼수있음 . 이 게임 은 멀티 도 지원 됩니다 . 그 덕 에 친구 랑 상자 하나 먹겠다고 갈 귀로 개싸움 이 남 . 섬 에 정착 하면 하나 도 안 빼먹고 챙기겠다고 눈 에 불 을 킨 본인 을 볼수있음 .",2019-11-05 22:11:29
648800,Raft,positive,3명은 있어야 게임이 편해져,3 명 은 있어야 게임 이 편해져,2019-11-04 01:41:10
648800,Raft,positive,친구랑하면 재밌어요 혼자하면 너무 빡새다해야되나 망망대해에서 너무 외로움,친구 랑 하면 재밌어요 혼자 하면 너무 빡 새 다해 야 되나 망망대해 에서 너무 외로움,2019-10-31 17:34:26
648800,Raft,positive,재밌음 내스타일이라 처음에 했을때 진짜 열심히 했는데 아직 미완성이라 그런지 컨텐츠가 많이 부족함 그래도 꾸준히 업데이트 하려고 하는 모습 보이니까 보기좋음 --------------------------------------------------------------------------------- 201105 업데이트 정말 꾸준히 함 할인 안한 그 값대로 사는거도 정말 추천할만큼 개발진이 일을 잘하는 게임중에 하나인듯 그리고 그에맞게 개재밌음ㅎㅎ ㅅㅣ간순삭 재밌으니까 잠도 안자고 빨리 챕터3 업데이트 해주면 좋겠다,재밌음 내 스타일 이라 처음 에 했을 때 진짜 열심히 했는데 아직 미완성 이라 그런지 컨텐츠 가 많이 부족함 그래도 꾸준히 업데이트 하려고 하는 모습 보이 니까 보기 좋음 --------------------------------------------------------------------------------- 201105 업데이트 정말 꾸준히 함 할인 안 한 그 값 대로 사는거도 정말 추천 할만큼 개발 진 이 일 을 잘 하는 게임 중 에 하나 인 듯 그리고 그 에 맞게 개 재밌음 ㅎㅎ ㅅㅣ 간 순삭 재밌으니까 잠도 안자고 빨리 챕 터 3 업데이트 해주면 좋겠다,2019-10-30 04:12:51
648800,Raft,positive,친구 있으면 재미있는 게임 본격 상어 *신 만들기 게임 혼자 파밍 나간다고 수영했다가 주요 아이템 다들고 땟목 잃어버리는 게임 캐주얼하게 즐기기 좋은 게임,친구 있으면 재미있는 게임 본격 상어 * 신 만들기 게임 혼자 파밍 나간다고 수영 했다가 주요 아이템 다 들고 땟목 잃어버리는 게임 캐 주얼 하 게 즐기기 좋은 게임,2019-10-29 17:24:47
648800,Raft,positive,친구랑하면 재밌는데 가족하고 하면 역할분담때문에 싸움,친구 랑 하면 재밌는데 가족 하고 하면 역할 분담 때문 에 싸움,2019-10-27 16:43:45
648800,Raft,positive,"B 등급 : 그냥 심심할때 시간때우기용. 용량에 비해 퀄리티가 있네요~ 그래픽은 상당히 저렴하지만, 건설이 재미있고 나름 복잡한 아이템... 얼리억세스라 아직 뭔가 부족한 느낌이 많이 들지만, 간단하게 즐기기에 좋은 게임이네요~ 시간 때우기용으로 강추~!! 어느정도 넓히고 나면 섬만 기다리는~ 섬은 왜이리 안보이니~;;;","B 등급 : 그냥 심심할 때 시간 때우기용 . 용량 에 비해 퀄리티 가 있네요 ~ 그래픽 은 상당히 저렴하지만 , 건설 이 재미있고 나름 복잡한 아이템 ... 얼리 억 세 스 라 아직 뭔가 부족한 느낌 이 많이 들지만 , 간단하게 즐기기에 좋은 게임 이네 요 ~ 시간 때우 기용 으로 강추 ~!! 어느 정도 넓히고 나면 섬 만 기다리는 ~ 섬 은 왜 이리 안보 이니 ~;;;",2019-10-26 10:13:18
648800,Raft,positive,같이 게임하면 꺄꿀잼일듯 혼자하면 고독..,같이 게임 하면 꺄꿀잼일듯 혼자 하면 고독 ..,2019-10-16 03:00:05
648800,Raft,positive,겜하다가 폭풍 만나닌깐 배멀미 증상은또 첨이네 ㅋㅋㅋㅋㅋㅋ,겜 하다가 폭풍 만나닌깐 배 멀미 증상 은 또 첨 이네 ㅋㅋㅋㅋㅋㅋ,2019-10-14 20:36:41
648800,Raft,positive,업뎃좀 빨리빨리해주세요,업뎃좀 빨리 빨리 해주세요,2019-10-09 19:07:39
648800,Raft,positive,IT'S MOTHERFUCKING GOOD,IT ' S MOTHERFUCKING GOOD,2019-10-08 21:05:13
648800,Raft,positive,초반에는 재미있습니다... 하지만 후반에 갈 수록 친구랑 제가 할게 없어지더라구요. 초반에는 상어는 정말 위협적인 존재였습니다. 후반에는 상어는 정말 고마운 식량이었습니다. 이게임을 하면서 상어의 후손을 대체 얼마나 죽인지 모르겠네요.,초반 에는 재미있습니다 ... 하지만 후반 에 갈 수록 친구 랑 제 가 할게 없어지더라구요 . 초반 에는 상어 는 정말 위협 적 인 존재 였습니다 . 후반 에는 상어 는 정말 고마운 식량 이었습니다 . 이 게임 을 하면서 상어 의 후손 을 대체 얼마나 죽 인지 모르겠네요 .,2019-10-05 17:53:52
648800,Raft,positive,만화책 바다에서 살아남기의 게임버전. 다른 점이라면 쓰레기로 먹고 살아야하고 상어는 사람이 주식이 아니라 나무가 주식이라는 것..,만화책 바다 에서 살아남 기 의 게임 버전 . 다른 점 이 라면 쓰레기 로 먹고 살아야하고 상어 는 사람 이 주식 이 아니라 나무 가 주식 이라는 것 ..,2019-10-05 14:59:03
648800,Raft,positive,이거 제밌어요 무슨 상어머리가 나와요,이 거 제 밌 어 요 무슨 상어 머리 가 나와요,2019-10-03 15:06:05
648800,Raft,positive,좋아요,좋아요,2019-09-29 00:06:32
648800,Raft,positive,배멀미 간접체험,배 멀미 간접 체험,2019-09-26 15:48:19
648800,Raft,positive,친구들이랑 하면 재미있지만 할 수 있는 모든것을 다 하고나면 재미가 없어 집니다. 5시간 정도 하고 질릴 수 있습니다.,친구 들 이랑 하면 재미있지만 할 수 있는 모든 것 을 다 하고나면 재미 가 없어 집니다 . 5시간 정도 하고 질릴 수 있습니다 .,2019-09-22 10:54:55
648800,Raft,positive,레프트 항해 6~7일째즈음 애인과 같이 노가다겸 먹을걸 구하는데 서로 상어목을따서 가져왔다 이 시대 해적왕은 애인과 나다,레프트 항해 6~7일 째즈음 애인 과 같이 노가다 겸 먹을걸 구 하는데 서로 상어 목 을 따서 가져왔다 이 시대 해적 왕 은 애인 과 나다,2019-09-21 19:28:59
648800,Raft,positive,친구 두명이랑 멀티하는데 자기들끼리 하나 남은 그물침대 가지겠다고 10분동안 눕고 해체하고 난리남;;,친구 두 명 이랑 멀티 하는데 자기 들 끼리 하나 남은 그물침대 가지겠다고 10분 동안 눕고 해체 하고 난리 남 ;;,2019-09-21 08:42:52
648800,Raft,positive,"내가 표류 생활을 열일곱에 시작했다. 그 나이때 표류 시작한 놈들이 백명이다 치면은.. 지금 나만큼 사는 놈은 나 혼자 뿐이야. 나는 어떻게 여기까지 왔느냐? 갈매기 제끼고. 독수리 보내고. 멧돼지같이 배신하는 새끼들... 다 죽였다. 상어야? 담배 하나 찔러 봐.""","내 가 표류 생활 을 열 일곱 에 시작 했다 . 그 나이 때 표류 시작 한 놈 들 이 백 명 이다 치면 은 .. 지금 나 만큼 사는 놈 은 나 혼자 뿐 이야 . 나 는 어떻게 여기 까지 왔느냐 ? 갈매기 제 끼 고 . 독수리 보내고 . 멧돼지 같이 배신 하는 새끼 들 ... 다 죽였다 . 상어 야 ? 담배 하나 찔러 봐 .""",2019-09-20 13:14:01
648800,Raft,positive,멀티로 하면 재밌어요. 바다에 빠졌다가 판자로 올라올때 겁나 힘들어요... 무슨 익사 체험하는것도 아니고 펄쩍펄쩍 뛰다가 상어한테 방댕이 물어 뜯기고 서럽고 배고프고 목도말러 엿머거 상어새꺄,멀티 로 하면 재밌어요 . 바다 에 빠졌다가 판자 로 올라올 때 겁나 힘들어요 ... 무슨 익사 체험 하는것도 아니고 펄쩍펄쩍 뛰다가 상어 한테 방댕 이 물어 뜯기고 서럽고 배고프고 목도 말러 엿 머거 상어 새 꺄,2019-09-18 03:14:09
648800,Raft,positive,good game,good game,2019-09-17 03:38:44
648800,Raft,positive,컨텐츠가 너무 없군요,컨텐츠 가 너무 없군요,2019-09-14 11:56:24
648800,Raft,positive,엔딩을 아직 제대로 못봄. 다 좋은데 뭔가 부족함,엔딩 을 아직 제대로 못 봄 . 다 좋은데 뭔가 부족함,2019-09-14 00:07:06
648800,Raft,positive,좀더 뭔가 추가됐으면 하네요. 아쉽//////,좀더 뭔가 추가 됐으면 하네요 . 아쉽 //////,2019-09-13 19:32:00
648800,Raft,positive,친구들이랑 같이하면 진짜 개재밌음 돈이 여유가있다면 한번 해보는걸 추천함,친구 들 이랑 같이 하면 진짜 개 재밌음 돈 이 여유 가 있다면 한번 해보는걸 추천 함,2019-09-13 01:39:17
648800,Raft,positive,재밌고 생존 게임 끝판왕 중 하나 코옵할때가 가장 재밌음,재밌고 생존 게임 끝판 왕 중 하나 코옵 할 때 가 가장 재밌음,2019-09-12 16:14:38
648800,Raft,positive,함부로 건들지 마세요. 해 뜰 때 시작해서 해 뜰 때 끕니다.,함부로 건 들 지 마세요 . 해 뜰 때 시작 해서 해 뜰 때 끕니다 .,2019-09-09 22:17:21
648800,Raft,positive,마크를 바다에서 하는느낌?,마크 를 바다 에서 하는 느낌 ?,2019-09-08 18:42:37
648800,Raft,positive,"특정 월드 호스트를 타인에게 복사하는 법 로컬 C:\\사용자\""사용자이름""\ AppData\LocalLow\Redbeet Interactive\Raft\User\""User_숫자""\World 폴더 내의 ""맵 이름.rgd"" 파일을 다른 사람에게 보내주고 그걸 받은 사람이 해당 폴더에 넣으면 끝","특정 월드 호스트 를 타인 에게 복사 하는 법 로컬 C :\\ 사용자 \"" 사용자이름 ""\ AppData \ LocalLow \ Redbeet Interactive \ Raft \ User \"" User _ 숫자 ""\ World 폴더 내의 "" 맵 이름 . rgd "" 파일 을 다른 사람 에게 보내주고 그걸 받은 사람 이 해당 폴더 에 넣으면 끝",2019-09-06 22:50:02
648800,Raft,positive,시간 가는줄 모르고 하게 되는 게임입니다. 갓겜이에요. 서바이벌 게임을 즐겨하신다면 강추드립니다.,시간 가는줄 모르고 하게 되는 게임 입니다 . 갓 겜 이에요 . 서바이벌 게임 을 즐겨 하신다면 강추 드립니다 .,2019-09-02 21:58:49
648800,Raft,positive,재미있어요,재미있어요,2019-09-02 20:14:04
648800,Raft,positive,친구와의 우정실험게임 배에서 잘못내리면 노를 계속저어서 나를 버리려는 계략을 보여줌 여기까지 성장했구나 개새끼들,친구 와의 우정 실험 게임 배 에서 잘 못 내리면 노 를 계속 저 어서 나를 버리려는 계략 을 보여줌 여기 까지 성장했구나 개새끼 들,2019-09-01 16:51:46
648800,Raft,positive,뭐하려고 하면 상어가 다 물어뜯고 찾으러 와서 반겨주고 그러긴 해요,뭐 하려고 하면 상어 가 다 물어 뜯고 찾으러 와서 반겨주고 그러긴 해 요,2019-08-25 01:10:56
648800,Raft,positive,so good game,so good game,2019-08-23 21:02:42
648800,Raft,positive,★★★★☆,★★★★☆,2019-08-20 22:20:12
648800,Raft,positive,일단 3가지 문제가있습니다 1.창으로 상어를 떄릴때 방장이 떄릴떄와 플레이어가 때릴때 타격점이 다릅니다 방장으로할떄 상어오는 타이밍에서 때릴때와 마찬가지고 플레이어로 상어올때 타이밍애서 타격할떄 차이가 심한것같습니다 2.템 버릴떄 렉걸리면 그대로 공중에떠서 못먹습니다 3.상어가 도대체 어떻게 땟목사이를 관통하는지 궁금합니다 이것도 좀 고쳐주세요,일단 3 가지 문제 가 있습니다 1 . 창 으로 상어 를 떄릴 때 방장 이 떄릴떄 와 플레이어 가 때릴 때 타격 점 이 다릅니다 방장 으로 할 떄 상어 오는 타이밍 에서 때릴 때 와 마찬가지 고 플레이어 로 상어 올 때 타이밍 애 서 타격 할떄 차이 가 심한것 같습니다 2 . 템 버릴떄 렉 걸리면 그대로 공중 에 떠서 못 먹습니다 3 . 상어 가 도대체 어떻게 땟목사 이를 관통 하는지 궁금합니다 이 것 도 좀 고쳐주세요,2019-08-17 21:41:46
648800,Raft,positive,대충 2~3명이서 작정하고 하면 3시간만에 모든 컨텐츠를 볼수있는 게임 섬가서 실컷 자원먹으면 할게 없어짐 그래도 '발사에 익숙하십니까' 를 키고 놀면 재밌음 (Friendy fire 인데 대체 무슨 번역기를 돌린 건진 모르겠지만) 아직 버그가 많아서 (상어가 2마리가 되든지 해먹에 누웠다 일어나는데 갑자기 하늘을 날수있다든지 동물이 공중을 걸어다닌다든지) 개선이 필요함,대충 2~3 명 이서 작정 하고 하면 3시간 만에 모든 컨텐츠 를 볼수있는 게임 섬가서 실컷 자원 먹으면 할게 없어짐 그래도 ' 발사 에 익숙하십니까 ' 를 키 고 놀면 재밌음 ( Friendy fire 인데 대체 무슨 번역기 를 돌린 건진 모르겠지만 ) 아직 버그 가 많아서 ( 상어 가 2 마리 가 되든지 해먹 에 누웠다 일어나는데 갑자기 하늘 을 날수 있다든지 동물 이 공중 을 걸어 다닌다든지 ) 개선 이 필요함,2019-08-14 22:51:43
648800,Raft,positive,『6』,『 6 』,2019-08-14 13:36:27
648800,Raft,positive,여러가지 대형 섬들과 동물들 찾아다니는게 재밌습니다 땟목 넓히구 자원 얻으러 가구 할게 많아요 ! 하지만 혼자하면 뭔가 외로우니 친구가 있다면 같이 하는것이 가장 재밌을거에요 ! ( 저는 아싸라 평생 혼자 ! ),여러가지 대형 섬 들 과 동물 들 찾아다니는게 재밌습니다 땟목 넓히구 자원 얻으러 가구 할게 많아요 ! 하지만 혼자 하면 뭔가 외로우니 친구 가 있다면 같이 하는것이 가장 재밌을거에요 ! ( 저 는 아싸 라 평생 혼자 ! ),2019-08-09 21:06:07
648800,Raft,positive,친구랑 하면 개꿀잼,친구 랑 하면 개꿀잼,2019-08-08 21:24:20
648800,Raft,positive,친구가 없어서 못해... 같이 할 사람...,친구 가 없어서 못 해 ... 같이 할 사람 ...,2019-08-08 18:23:44
648800,Raft,positive,서바이벌 생존겜 고인물 3명이서 3시간만에 대형 보트만들고 수신기와 안테나 제조해서 엔딩봤습니다 .. 뭐지 왜이렇게 짧게 느껴지는것이지,서바이벌 생존 겜 고 인물 3 명 이서 3시간 만에 대형 보트 만들고 수신기 와 안테나 제조 해서 엔딩 봤습니다 .. 뭐 지 왜 이렇게 짧게 느껴지는것이지,2019-08-08 11:24:37
648800,Raft,positive,같이 하실 분 구합니다. 저는 초보인데..ㅠㅠ 같이하고싶어요 친추주세요,같이 하실 분 구합 니 다 . 저 는 초보 인데 .. ㅠㅠ 같이 하고싶어요 친추 주세요,2019-08-08 00:35:00
648800,Raft,positive,재밌음,재밌음,2019-08-01 00:31:01
648800,Raft,positive,친구와 함께하면 큰 재미 하지만 21000원은 얕은 컨텐츠로써는 과책정이라고 생각한다.,친구 와 함께 하면 큰 재미 하지만 21000원 은 얕은 컨텐츠 로써 는 과 책정 이라고 생각 한다 .,2019-07-31 21:13:14
648800,Raft,positive,상어사냥 정말 죠습니다,상어 사냥 정말 죠 습니 다,2019-07-30 12:33:20
648800,Raft,positive,군수지원 가실?,군수 지원 가실 ?,2019-07-30 00:36:51
648800,Raft,positive,새친구는 제 대가리에 돌을 떨구지 않으면 밥이 목으로 안넘어가나 봅니다. 아야.,새 친구 는 제 대가리 에 돌 을 떨구지 않으면 밥 이 목 으로 안 넘어가나 봅니다 . 아야 .,2019-07-30 00:13:17
648800,Raft,positive,legend,legend,2019-07-26 18:42:39
648800,Raft,positive,20일 째 내 친구가 고기 구해온다더니 상어 목을 따왔다. 대규모 멀티가 아니여서 다행이다. 이 새끼는 해적이 될 상이다.,20일 째 내 친구 가 고기 구 해온다더니 상어 목 을 따왔다 . 대규모 멀티 가 아니여서 다행 이다 . 이 새끼 는 해적 이 될 상이 다 .,2019-07-25 14:57:26
648800,Raft,positive,친구랑 하면 ㄹㅇ 재밌음 혼자할꺼면 사지마셈,친구 랑 하면 ㄹㅇ 재밌음 혼자 할꺼면 사지마 셈,2019-07-24 16:51:51
648800,Raft,positive,업데이트해주세양 ㅠ,업데이트 해주세 양 ㅠ,2019-07-23 17:29:35
648800,Raft,positive,친구 4명이서 시간 가는줄 모르고 했습니다ㅋㅋ 각자 구역을 나누면서 키웠더니 배가 아니라 엄청 큰 섬이 되어버렸네요ㅋㅋ 몇가지 아쉬운점은 게임 후반이 되어도 초반에 했던 일정한 수준의 노가다는 꾸준히 해야하는 점과 컨텐츠가 아직은 많이 부족하다는 점입니다.,친구 4 명 이서 시간 가는줄 모르고 했습니다 ㅋㅋ 각자 구역 을 나누면서 키웠더니 배 가 아니라 엄청 큰 섬 이 되어 버렸네요 ㅋㅋ 몇 가지 아쉬운 점 은 게임 후반 이 되어도 초반 에 했던 일정한 수준 의 노가다 는 꾸준히 해야하는 점 과 컨텐츠 가 아직 은 많이 부족하다는 점 입니다 .,2019-07-22 21:38:59
648800,Raft,positive,심심할때 하며녀 좋은 게임.. ~ 시간은 저말 잘가는 게임~~ 멀티 하는게 조금...,심심할 때 하며 녀 좋은 게임 .. ~ 시간 은 저 말 잘 가는 게임 ~~ 멀티 하는게 조금 ...,2019-07-21 18:41:14
648800,Raft,positive,그저 표류하는 게임,그저 표류 하는 게임,2019-07-15 21:32:26
648800,Raft,positive,다 좋은데 상어가 개시끼인 게임임,다 좋은데 상어 가 개시 끼 인 게임 임,2019-07-15 19:53:10
648800,Raft,positive,떡밥을 뿌렸으면 좀 업뎃을 하세요,떡밥 을 뿌렸으면 좀 업뎃 을 하세요,2019-07-15 16:24:16
648800,Raft,positive,^^!!,^^!!,2019-07-15 09:41:00
648800,Raft,positive,멀티로 하면 리얼 갓겜,멀티 로 하면 리얼 갓 겜,2019-07-15 07:17:05
648800,Raft,positive,"When can I see the new update? I am very sorry that the update seems to be delayed. If I find a big island, it will turn into a home building game. I want a new one.","When can I see the new update ? I am very sorry that the update seems to be delayed . If I find a big island , it will turn into a home building game . I want a new one .",2019-07-15 03:05:35
648800,Raft,positive,재밌겟다 하나사야지 ! 후기: 섬이없다 뭘하지이제 ? 근대 재밌는 사람은 재밌음,재밌겟다 하나 사야지 ! 후기 : 섬 이 없다 뭘 하지 이제 ? 근대 재밌는 사람 은 재밌음,2019-07-09 23:51:12
648800,Raft,positive,재밌음 나쁘지않음,재밌음 나쁘지 않음,2019-07-08 22:00:52
648800,Raft,positive,실제로 표류해도 살아날 수 있을까 기대하게 된다,실제 로 표류 해도 살아날 수 있을까 기대하게 된다,2019-07-07 23:52:26
648800,Raft,positive,초반부 게임아는지인과 함꼐하면 꿀잼,초반 부 게임 아는지인과 함꼐하면 꿀잼,2019-07-07 23:28:14
648800,Raft,positive,처음엔 재밌지만 나중엔 할 게 없어지는 게임,처음 엔 재밌지만 나중 엔 할 게 없어지는 게임,2019-07-07 20:36:28
648800,Raft,positive,ㅕㅕㅕㅕ,ㅕㅕㅕㅕ,2019-07-07 17:38:14
648800,Raft,positive,정말 잼있습니다 다만 꼭친구 한명 이상이랑하는게 더잼있습니다!!,정말 잼있습니다 다만 꼭 친구 한 명 이상 이랑 하는게 더 잼있습니다 !!,2019-07-07 13:00:43
648800,Raft,positive,너무너무재밌어요,너무 너무 재밌어요,2019-07-06 19:10:58
648800,Raft,positive,wow 역시 생존게임,wow 역시 생존 게임,2019-07-06 17:36:45
648800,Raft,positive,이 게임은 다순한 노가다 게임인줄 알았지만 그런 심오한 스토리가 있었는지는 몰랐는데 정말 놀라 웠다,이 게임 은 다 순한 노가다 게임 인 줄 알았지만 그런 심오한 스토리 가 있었는지는 몰랐는데 정말 놀라 웠다,2019-07-06 13:20:37
648800,Raft,positive,킹 갓,킹 갓,2019-07-06 08:17:49
648800,Raft,positive,친구들이랑하면꿀잼,친구 들 이랑 하면 꿀잼,2019-07-06 01:29:20
648800,Raft,positive,상어,상어,2019-07-06 01:08:09
648800,Raft,positive,개굴잼,개굴잼,2019-07-05 22:53:21
648800,Raft,positive,재밌누,재밌 누,2019-07-05 21:44:52
648800,Raft,positive,"재밌긴 한데요... 샌박 아니면 금방 지루해요 난이도가 높아도 결국 상어가 안무서워지면서 딱히 위기감이 없어지고, 건축 방해해서 빡치고...","재밌긴 한데요 ... 샌 박 아니면 금방 지루해요 난이도 가 높아도 결국 상어 가 안 무서워지면서 딱히 위기 감 이 없어지고 , 건축 방해 해서 빡치고 ...",2019-07-05 19:44:07
648800,Raft,positive,버그가 있는게 오래된것으로아는데 그럼에도 할만합니다,버그 가 있는게 오래된것으로 아는데 그럼에도 할만 합니다,2019-07-05 19:12:33
648800,Raft,positive,일단 재밌음. 초반엔 ㄹㅇ 생존게임 맞지만 후반 갈 수록 할게 많아지닌 귀찮아지는 느낌을 많이 받음.,일단 재밌음 . 초반 엔 ㄹㅇ 생존 게임 맞지만 후반 갈 수록 할게 많아 지닌 귀찮아지는 느낌 을 많이 받음 .,2019-07-05 17:14:55
648800,Raft,positive,꿀젬인데 버그때매 슬픔,꿀젬 인데 버그 때매 슬픔,2019-07-05 12:51:41
648800,Raft,positive,초반 흡입력은 최고! 친구들이랑 같이하세요. 힐링게임<3,초반 흡입 력 은 최고 ! 친구 들 이랑 같이하세요 . 힐링 게임 < 3,2019-07-05 10:11:52
648800,Raft,positive,olp;ol;,olp ; ol ;,2019-07-05 00:13:27
648800,Raft,positive,"전에 썼던 노트북에선 그래픽 엄청 깨져서 안타까운 마음으로 환불했는데.., 노트북 바꾸고 할인도 하길래 다시 받아서 했습니다. 진쯔ㅏ..... 너무 좋아요.. 흑흑..., 제작자분 너무 감사해염 ㅠㅠ 아직 한지 얼마 안되서 아직 키도 어리둥절하고 잘 모르겠지만 단순노동만 하고 있고 겜 리뷰하는 사람들 처럼 사냥하고 막 이층만들고 이건 아니지만 그래도 잼나네염... 헿....","전 에 썼던 노트북 에선 그래픽 엄청 깨져서 안타까운 마음 으로 환불 했는데 .., 노트북 바꾸고 할인 도 하길래 다시 받아서 했습니다 . 진쯔 ㅏ ..... 너무 좋아요 .. 흑 흑 ..., 제작자 분 너무 감사해 염 ㅠㅠ 아직 한지 얼마 안되서 아직 키도 어리둥절하고 잘 모르겠지만 단 순 노동 만 하고 있고 겜 리뷰 하는 사람 들 처럼 사냥 하고 막 이 층 만들고 이건 아니지만 그래도 잼 나 네 염 ... 헿 ....",2019-07-04 19:42:28
648800,Raft,positive,이 게임은 친구하고 같이 하면 재미있습니다.,이 게임 은 친구 하고 같이 하면 재미있습니다 .,2019-07-04 17:45:35
648800,Raft,positive,아주 힐링이 되는게임입니다,아주 힐링 이 되는 게임 입니다,2019-07-04 14:33:22
648800,Raft,positive,판자가 엄청나게 필요합니다 자원 1순위,판자 가 엄청나게 필요합니다 자원 1 순위,2019-07-04 13:47:58
648800,Raft,positive,초반 5시간 까지는 꿀잼보장입니다. 처음시작이다보니 많이 죽어보고 고생해보고 파밍해보고 건설해보고 그후부터는 스토커 상어와 알콩씁슬한 로맨틱시작인데 어서 빨리 더많은 컨텐츠가 나왔으면 좋겠습니다. 게임은 참재미있습니다. 할줄알게되고 어느정도 생존이 가능한시점에서는 뗏목꾸미기만 할뿐...,초반 5시간 까지는 꿀잼 보장 입니다 . 처음 시작 이다 보니 많이 죽어 보고 고생 해보고 파밍 해보고 건설 해보고 그 후 부터는 스토커 상어 와 알콩씁슬 한 로맨틱 시작 인데 어서 빨리 더 많은 컨텐츠 가 나왔으면 좋겠습니다 . 게임 은 참 재미있습니다 . 할줄 알 게 되고 어느 정도 생존 이 가능한 시점 에서는 뗏목 꾸미기만 할 뿐 ...,2019-07-04 11:28:59
648800,Raft,positive,자신이 씹아싸라는걸 알려주는 게임,자신 이 씹아 싸라 는걸 알려주는 게임,2019-07-04 09:49:18
648800,Raft,positive,친구들이랑 하면 편한 게임,친구 들 이랑 하면 편한 게임,2019-07-04 07:47:20
648800,Raft,positive,친구랑 하면 시간가는줄 몰라요,친구 랑 하면 시간 가는줄 몰라요,2019-07-04 03:04:55
648800,Raft,positive,1,1,2019-07-04 02:44:33
648800,Raft,positive,띵작. 친구들이랑 아무 생각 없이 할만한 게임,띵작 . 친구 들 이랑 아무 생각 없이 할만 한 게임,2019-07-03 22:34:55
648800,Raft,positive,재밌어요,재밌어요,2019-07-03 21:38:18
648800,Raft,positive,심심풀이로 괜찮음,심심 풀이 로 괜찮음,2019-07-03 20:31:01
648800,Raft,positive,아직 컨텐츠가 조금 부족하다고 느낍니다,아직 컨텐츠 가 조금 부족하다고 느낍니다,2019-07-03 20:09:15
648800,Raft,positive,낚시게임 좋음 갈고리 좋음 하지만 사어 나쁨,낚시 게임 좋음 갈고리 좋음 하지만 사어 나쁨,2019-07-03 17:16:07
648800,Raft,positive,친구들과 함께해서 친구를 상어 미끼로 던져버리고 자원을 채취하세요!,친구 들 과 함께 해서 친구 를 상어 미끼 로 던져 버리고 자원 을 채취 하세요 !,2019-07-03 17:08:09
648800,Raft,positive,갓겜,갓 겜,2019-07-03 16:03:36
648800,Raft,positive,"되게 신박한 생존게임,,, 근데 판자부족 판자부족 판자부족","되게 신 박 한 생존 게임 ,,, 근데 판자 부족 판자 부족 판자 부족",2019-07-03 03:19:42
648800,Raft,positive,초반 성장과정이 너무너무 빡셈. 혼자하기엔 짜증날듯. 그래도 친구랑 같이하니 재밌긴한데 자잘한 버그들이 너무 많이 있음,초반 성장 과정 이 너무 너무 빡셈 . 혼자 하기엔 짜증날듯 . 그래도 친구 랑 같이 하니 재밌긴한데 자잘한 버그 들 이 너무 많이 있음,2019-07-03 00:51:45
648800,Raft,positive,"비록 익사할 경우 땟목 위에서 부활하지 못하고 그 자리에 끼어버리는 오류가 존재하긴 하지만, 친구들과 즐기기에 큰 문제가 없는 게임","비록 익사 할 경우 땟목 위 에서 부활 하지 못 하고 그 자리 에 끼어 버리는 오류 가 존재 하긴 하지만 , 친구 들 과 즐기기에 큰 문제 가 없는 게임",2019-07-03 00:13:27
648800,Raft,positive,한마디로 표현하자면 이거 상어 싀발 개같음.,한마디 로 표현 하자면 이 거 상어 싀발 개 같음 .,2019-07-02 21:45:29
648800,Raft,positive,"이 게임의 장점 1. 협동 플레이 시 몰입감이 높고, 재미있음. 2. 크래프팅과 생존 요소를 적당히 배치함. 3. 창의력이 있으면 보다 빠르게 성장할 수 있음. 4. 멀티 플레이 연결이 완만함. 이 게임의 단점 1. 상어의 AI와 물리엔진 버그 2. 혼자서 진행한다면 수중자원 채취가 급격히 늦어짐 3. 크래프팅 게임인데 컨텐츠가 적음.","이 게임 의 장점 1 . 협동 플레이 시 몰입 감 이 높고 , 재미있음 . 2 . 크 래프팅 과 생존 요소 를 적당히 배치 함 . 3 . 창의력 이 있으면 보다 빠르게 성장할 수 있음 . 4 . 멀티 플레이 연결 이 완만 함 . 이 게임 의 단점 1 . 상어 의 AI 와 물리엔진 버그 2 . 혼자 서 진행 한다면 수중 자원 채취 가 급격히 늦어짐 3 . 크 래프팅 게임 인데 컨텐츠 가 적음 .",2019-07-02 17:53:16
648800,Raft,positive,※ 잔버그가 있음 ┗ 배가 갑자기 바다 아래로 가라앉는버그 ┗ 아이템이 꽉차서 뱉어내면 다시 먹을수 없는 버그 ┗ 채팅이 간혹 짤려서 안올라와 채팅을 볼수없는 버그 ┗ 가끔 아이템을 버리면 다시 먹을수 없는 버그 (위의 꽉차서 뱉어내는 것 과는 다른거 같음) ┗ 가끔 상어가 오브젝트를 뚫고 지나감 총평: 별5개중 4점,※ 잔 버그 가 있음 ┗ 배 가 갑자기 바다 아래 로 가라앉는 버그 ┗ 아이템 이 꽉차서 뱉어내면 다시 먹을수 없는 버그 ┗ 채팅 이 간혹 짤려 서 안 올라와 채팅 을 볼수 없는 버그 ┗ 가끔 아이템 을 버리면 다시 먹을수 없는 버그 ( 위 의 꽉차서 뱉어내는 것 과는 다른거 같음 ) ┗ 가끔 상어 가 오브젝트 를 뚫고 지나감 총 평 : 별 5 개중 4 점,2019-07-02 05:52:10
648800,Raft,positive,Very Fun,Very Fun,2019-07-02 00:40:06
648800,Raft,positive,친구잇으면사셈,친구 잇으면사 셈,2019-07-01 23:47:40
648800,Raft,positive,친구와 함께하면 최고의 힐링게임!,친구 와 함께 하면 최고 의 힐링 게임 !,2019-07-01 14:09:14
648800,Raft,positive,꿀잼,꿀잼,2019-07-01 14:07:38
648800,Raft,positive,혼자하면 캐스트 어웨이의 척이 됩니다. 둘이하면... . . . . . . . . 해본 적이 없어서 모르겠네요.,혼자 하면 캐스트 어웨이 의 척 이 됩니다 . 둘이하면 ... . . . . . . . . 해본 적 이 없어서 모르겠네요 .,2019-07-01 06:24:54
648800,Raft,positive,시간 흡혈기. 켜면 끌 수가 없음,시간 흡혈 기 . 켜면 끌 수가 없음,2019-06-30 22:18:40
648800,Raft,positive,아싸는 하기 힘듬,아싸 는 하기 힘듬,2019-06-30 20:29:25
648800,Raft,positive,상어와 알콩달콩 리브메이트,상어 와 알콩달콩 리브 메이트,2019-06-30 19:43:10
648800,Raft,positive,컨탠츠가 아직도 부족하네여 그래도 며칠은 할만해요,컨탠츠 가 아직도 부족하네여 그래도 며칠 은 할 만해 요,2019-06-30 19:24:12
648800,Raft,positive,...,...,2019-06-30 16:45:05
648800,Raft,positive,게임을 중간에 하다보면 바다쓰레기가 나오지 않는 오류가 있는데 수정좀 해주세요,게임 을 중간 에 하다 보면 바다 쓰레기 가 나오지 않는 오류 가 있는데 수정 좀 해주세요,2019-06-30 15:47:51
648800,Raft,positive,세상 즐거운 생존게임,세상 즐거운 생존 게임,2019-06-30 15:41:41
648800,Raft,positive,친구랑 해야지 재밋는 게임,친구 랑 해야지 재밋는 게임,2019-06-30 15:25:57
648800,Raft,positive,바다에 떠다니는 쓰레기가 플레이어에게는 소중한 자원이되는 게임. 여럿이서 하면 더 재밌지만 오브젝트가 많아질수록 프레임이 급하락한다. 최적화를 좀더 하고 컨텐츠가 늘어야 오래 할수있을듯. 현재는 현타가 금방온다. 엔딩포함된 메인 업데이트가 나오면 다시 해봐야겠다.,바다 에 떠다니는 쓰레기 가 플레이어 에게는 소중한 자원 이 되는 게임 . 여럿 이서 하면 더 재밌지만 오브젝트 가 많아질수록 프레임 이 급 하락 한다 . 최적화 를 좀더 하고 컨텐츠 가 늘어야 오래 할수있을듯 . 현재 는 현 타가 금방 온다 . 엔딩 포함 된 메인 업데이트 가 나오면 다시 해봐야겠다 .,2019-06-30 11:09:14
648800,Raft,positive,조금 재미,조금 재미,2019-06-29 17:17:25
648800,Raft,positive,"[h1]얼마전에 챕터1 대규모 업데이트가 되어 다시 평가를 작성해봅니다[/h1] 얼리액세스 초기에 16,000원에 구매해서 재미있게 플레이했고, 업데이트가 많이 되면서 가격이 21,000원이 되었습니다. 옛날이었다면 21,000원에 구매한다면 보류하고 세일 때 사는 걸 권장했으나, 챕터1이 업데이트 된 현재는 나름 정가주고 구매할만하다 생각합니다. [b]가끔 세일할 때 보면 보통 10~20%정도로 짜게 세일하던데, 대규모 세일날 20~30% 이상 세일할 때 구매하면 아주 좋을 듯 해요.[/b] 게임플레이가 처음부터 끝까지 비슷","[ h 1 ] 얼마 전 에 챕 터 1 대규모 업데이트 가 되어 다시 평가 를 작성 해봅니다 [/ h 1 ] 얼리 액세스 초기 에 16,000원 에 구매 해서 재미있게 플레이 했고 , 업데이트 가 많이 되면서 가격 이 21,000원 이 되었습니다 . 옛날 이었다면 21,000원 에 구매 한 다 면 보류 하고 세 일 때 사는 걸 권장 했으나 , 챕 터 1 이 업데이트 된 현재 는 나름 정가 주고 구매 할 만하 다 생각 합니다 . [ b ] 가끔 세 일 할 때 보면 보통 10~20% 정도 로 짜게 세 일하던데 , 대규모 세 일 날 20~30% 이상 세 일 할 때 구매 하면 아주 좋을 듯 해 요 .[/ b ] 게임 플레이 가 처음 부터 끝 까지 비슷",2019-06-29 12:44:36
648800,Raft,positive,아이템 렉이 좀 많이 심함...그래도 재미있음,아이템 렉 이 좀 많이 심함 ... 그래도 재미있음,2019-06-29 09:41:27
648800,Raft,positive,혼자 하면 금방 질리는 게임. 하지만 같이 하면 재밌는 게임 ^^,혼자 하면 금방 질리는 게임 . 하지만 같이 하면 재밌는 게임 ^^,2019-06-26 21:40:55
648800,Raft,positive,업데이트 언제해요 빨리해주세요 할게업성요 근데 개꿀잼이에여 꼭 받아바여,업데이트 언 제해 요 빨리 해주세요 할게 업성 요 근데 개꿀잼 이 에여 꼭 받 아바 여,2019-06-26 19:44:41
648800,Raft,positive,넓고 넓은 바다 그리고 상어 5명 멀티플레이 친구들과 같이 모험을하면서 마지막섬을 가보세요!,넓고 넓은 바다 그리고 상어 5 명 멀티플레이 친구 들 과 같이 모험 을 하면서 마지막 섬 을 가보세요 !,2019-06-26 12:14:16
648800,Raft,positive,꽤 재미있게 했습니다 멀티로 하면 더 재미있는거같아요 하지만 아쉬운점은 어느정도 하다보면 더이상 할 이유가 사라진다는것.. 컨텐츠가 많이 부족한느낌이 들어요 버그도 있구여.. 상어가 섬을 뚫고 들어가서 모래위로 공격해온다던지 ;,꽤 재미있게 했습니다 멀티 로 하면 더 재미있는거 같아요 하지만 아쉬운 점 은 어느 정도 하다 보면 더 이상 할 이유 가 사라진다는것 .. 컨텐츠 가 많이 부족한 느낌 이 들어요 버그 도 있구여 .. 상어 가 섬 을 뚫고 들어가서 모래 위로 공격 해온다던지 ;,2019-06-22 18:39:06
648800,Raft,positive,재미있고 컨텐츠도 의외로 많긴한데 한 4시간하면 현타옴.. 한줄평가 : 재밌는 똥겜,재미있고 컨텐츠 도 의외로 많긴한데 한 4시간 하면 현 타 옴 .. 한 줄 평가 : 재밌는 똥겜,2019-06-16 20:58:50
648800,Raft,positive,필터 보정한것처럼 너무 아름다운 배경과 깔끔하고 묘한 매력의 사운드 덕분에 제대로 힐링하는 게임. 그러나 상어가 무섭지 않게 될때쯤 되면 끊임없이 생각하게 된다. 엔딩이 있었으면 진짜 갓겜인데...,필터 보정 한 것 처럼 너무 아름다운 배경 과 깔끔하고 묘 한 매력 의 사운드 덕분 에 제대로 힐링 하는 게임 . 그러나 상어 가 무섭지 않게 될 때 쯤 되면 끊임없이 생각 하게 된다 . 엔딩 이 있었으면 진짜 갓 겜 인데 ...,2019-06-13 21:30:47
648800,Raft,positive,This game is really good,This game is really good,2019-06-10 19:25:33
648800,Raft,positive,나무를...나에게 나무를 줘...,나무 를 ... 나 에게 나무 를 줘 ...,2019-06-09 21:18:51
648800,Raft,positive,확실히 예전 베타 버전 때 보다는 훨씬 할게 많으니 재밌음,확실히 예전 베타 버전 때 보다는 훨씬 할게 많으니 재밌음,2019-06-09 20:40:31
648800,Raft,positive,혼자하면 외로운겜 친구들 불러서 해야할듯,혼자 하면 외로운 겜 친구 들 불러서 해야 할듯,2019-06-09 18:51:44
648800,Raft,positive,혼자 하면 재미없는데 아는 형들이랑 하면 꿀잼 같이할떈 별 1000개 주고 싶음,혼자 하면 재미없는데 아는 형 들 이랑 하면 꿀잼 같이할떈 별 1000 개 주고 싶음,2019-06-08 11:48:18
648800,Raft,positive,낚는 맛이 일품,낚는 맛 이 일품,2019-06-08 03:22:57
648800,Raft,positive,개꿀잼임 ㄹㅇ,개꿀잼임 ㄹㅇ,2019-06-06 16:01:28
648800,Raft,positive,스미스..내 뱃속에서 잘 지내지? 홀로 바다에서 떠다니는 나와 함께 해줘서 고마워.. 너무 배가 고픈 나머지 잠시 정신을 잃었는데 다시 눈을 뜨니 이미 넌... 아가미 일부밖에 남지 않았더라.. 미안해... 다음생에 만나면....꼭....널......지킬게..........,스미스 .. 내 뱃속 에서 잘 지내지 ? 홀로 바다 에서 떠다니는 나와 함께 해줘서 고마워 .. 너무 배 가 고픈 나머지 잠시 정신 을 잃었는데 다시 눈 을 뜨니 이미 넌 ... 아가미 일부 밖에 남지 않았더라 .. 미안해 ... 다음생 에 만나면 .... 꼭 .... 널 ...... 지킬게 ..........,2019-06-06 08:40:33
648800,Raft,positive,게임은 재미있어요 조합하는것도 재미있고 친구랑 같이 역할 분담해서 하는 것도 좋은데 멀미나서 전 탈주합니다 안녕히계세요 여러분,게임 은 재미있어요 조합 하는것도 재미있고 친구 랑 같이 역할 분담 해서 하는 것 도 좋은데 멀미 나서 전 탈주 합니다 안녕히계세요 여러분,2019-06-05 02:51:01
648800,Raft,positive,이평가를 보면 친추좀해줘 혼자는 노잼임 ... 같이해야 잼슴,이 평가 를 보면 친추 좀 해줘 혼자 는 노잼 임 ... 같이 해야 잼슴,2019-06-04 13:56:43
648800,Raft,positive,개재밌음,개 재밌음,2019-05-29 07:37:29
648800,Raft,positive,러스트 바다버전 여름에 에어컨켜놓고 친구와 즐기면 재미가 두배,러스트 바다 버전 여름 에 에어컨 켜놓고 친구 와 즐기면 재미 가 두 배,2019-05-25 19:38:05
648800,Raft,positive,생존 게임이면서 마크처럼 집짓기가 은근히 꿀잼인 게임입니다 ㅋㅋㅋㅋㅋㅋ 다만 3D멀미 있으신분은 힘드실것같네요,생존 게임 이 면서 마크 처럼 집짓기 가 은근 히 꿀잼 인 게임 입니다 ㅋㅋㅋㅋㅋㅋ 다만 3 D 멀미 있으 신분 은 힘드실것 같네요,2019-05-24 13:10:39
648800,Raft,positive,재미쪙 고이면 더 재미쪙,재미 쪙 고이 면 더 재미 쪙,2019-05-21 22:19:10
648800,Raft,positive,바다쓰래기 가지고 ㅈㄹ 하는 ㅈ망겜,바다 쓰래 기 가지 고 ㅈㄹ 하는 ㅈ 망겜,2019-05-20 22:01:08
648800,Raft,positive,둘이서하니까 확실히 혼자하는것보다 재밋네요 그런데 버그가 너무 심하네요 계속 계단만든거 없어지고 바닥없어지고 그거빼고는 괜찮은듯 버그개짜증,둘이서 하니까 확실히 혼자 하는것보다 재밋네 요 그런데 버그 가 너무 심하네요 계속 계단 만든거 없어지고 바닥 없어지고 그거 빼고는 괜찮은 듯 버그 개 짜증,2019-05-19 18:10:44
648800,Raft,positive,혼자서도 할 수 있지만 매우 고독할 것이다. 이 게임을 구매할 예정이라면 함께할 사람이 있는지부터 체크한 후 구매하는 것을 추천한다.,혼자 서도 할 수 있지만 매우 고독 할 것 이다 . 이 게임 을 구매 할 예정 이 라면 함께 할 사람 이 있는지부터 체크 한 후 구매 하는 것 을 추천 한다 .,2019-05-19 07:01:57
648800,Raft,positive,넘모 재밌고,넘 모 재밌고,2019-05-18 20:47:22
648800,Raft,positive,남들 다 거대 리조트함 만드는데 난 혼자 떠다니는 컨테이너박스 만드네 ㅜ,남 들 다 거대 리조트 함 만드는데 난 혼자 떠다니는 컨테이너 박스 만드 네 ㅜ,2019-05-16 19:24:39
648800,Raft,positive,너무재미있어요 형이랑 하는대 너무재미있어요,너무 재미있어요 형 이랑 하는대 너무 재미있어요,2019-05-14 15:00:07
648800,Raft,positive,잼띰ㅋ,잼띰 ㅋ,2019-05-14 02:27:58
648800,Raft,positive,나는 인싸여서 이게임응 친구랑 같이 시작했는데 초반에 아무것도 모르는 묘미와 섬에들여서 자원캐는 재미 모두 너무 즐거웠단,나 는 인 싸여서 이 게임 응 친구 랑 같이 시작 했는데 초반 에 아무 것 도 모르는 묘미 와 섬 에 들여서 자원 캐는 재미 모두 너무 즐거웠단,2019-05-13 16:28:06
648800,Raft,positive,컨텐츠 많고 가격대비 할게많음 단점은 시간순삭,컨텐츠 많고 가격 대비 할게 많음 단점 은 시간 순삭,2019-05-08 08:30:00
648800,Raft,positive,이겜 엔드컨텐츠가 상어대가리 모으기임,이 겜 엔드 컨텐츠 가 상어 대가리 모으기 임,2019-05-07 16:14:54
648800,Raft,positive,좀 더 많은 컨텐츠가 나왔으면 하는 바람 ㅇㅇ 그거 기대하고 좋아요 합니다,좀 더 많은 컨텐츠 가 나왔으면 하는 바람 ㅇㅇ 그거 기대하고 좋아요 합니다,2019-04-29 17:27:50
648800,Raft,positive,독수리 이 ㅆ새끼는 대미지가 왜이렇게 높아진거같지 돌덩이를 철로만들었나,독수리 이 ㅆ 새끼 는 대미지 가 왜 이렇게 높아진거 같지 돌 덩이 를 철로 만들었나,2019-04-26 00:53:27
648800,Raft,positive,Left,Left,2019-04-22 18:45:40
648800,Raft,positive,단순한 생존겜중에선 제일 재밌음. 멀티 솔플 다 재밌다.,단순한 생존 겜 중 에선 제일 재밌음 . 멀티 솔 플 다 재밌다 .,2019-04-21 15:39:08
648800,Raft,positive,판자 너무 부족행ㅠㅠ,판자 너무 부족 행 ㅠㅠ,2019-04-20 02:19:48
648800,Raft,positive,혼자 오랬동안 하면 질림 같이 할 친구가 있다면 적극 추천,혼자 오 랬 동안 하면 질림 같이 할 친구 가 있다면 적극 추천,2019-04-18 17:06:45
648800,Raft,positive,앙 재미띠,앙 재미 띠,2019-04-18 07:31:08
648800,Raft,positive,어려움 모드 하고 있는데 냄비에 요리를 하면 맞는 레시피로 요리를 올려도 계속 잔반만 나오는데 왜 그런건지 알 수 있나요?,어려움 모드 하고 있는데 냄비 에 요리 를 하면 맞는 레시피 로 요리 를 올려도 계속 잔반 만 나오는데 왜 그런 건 지 알 수 있나요 ?,2019-04-16 22:09:12
648800,Raft,positive,"친구와 같이 할게 아니라면 추천하지 않음. 아직까진 컨텐츠가 생각보다 그리 많지 않으며, 대부분의 시간을 배를 수선하고 식량을 구하고 물을 끓이는데 쓰게될 것.","친구 와 같이 할게 아니라면 추천 하지 않음 . 아직 까진 컨텐츠 가 생각 보다 그리 많지 않으며 , 대부분 의 시간 을 배 를 수선하고 식량 을 구 하고 물 을 끓이는데 쓰게 될 것 .",2019-04-16 00:24:37
648800,Raft,positive,1년 정도 전에 사서 친구들이랑 나름대로 재미 느끼면서 한 게임. 꾸준히 업데이트가 되고 있다는게 대단하다. 평가에 애완동물도 키울 수 있다고 나와있는데 시간날떄 또 해보고 싶은 겜,1년 정도 전 에 사서 친구 들 이랑 나름 대로 재미 느끼면서 한 게임 . 꾸준히 업데이트 가 되고 있다는게 대단하다 . 평가 에 애완동물 도 키울 수 있다고 나와있는데 시간 날떄 또 해보고 싶은 겜,2019-04-14 20:57:27
648800,Raft,positive,여럿이하면 더 재미있지만 혼자해도 충분히 재미있는 게임 절대 같이 할 친구가 없는게 아니야.,여럿 이하 면 더 재미있지만 혼자 해도 충분히 재미있는 게임 절대 같이 할 친구 가 없는게 아니야 .,2019-04-12 23:41:59
648800,Raft,positive,잼있어요 ㅎㅎ 한번하면 시간가는줄 모르고 하게 되네요 ㅎ 대신 캐릭터 스킨이나 종류가 여러가지 생기면 더좋을거 같네요 ㅎ,잼있어요 ㅎㅎ 한번 하면 시간 가는줄 모르고 하게 되네요 ㅎ 대신 캐릭터 스킨 이나 종류 가 여러가지 생기 면 더 좋을거 같네요 ㅎ,2019-04-06 20:27:15
648800,Raft,positive,맵이 발전하면 안들어가지는 갓겜 모두함께 즐겨보고 흑우가 됩시다!,맵 이 발전 하면 안 들어가지는 갓 겜 모두 함 께 즐겨 보고 흑우 가 됩시다 !,2019-04-03 22:19:49
648800,Raft,positive,뗏목 하나로 태평양에서 내집 마련하기,뗏목 하나로 태평양 에서 내 집 마련 하기,2019-04-02 23:41:33
648800,Raft,positive,"정가주고 삿는데 후회안함 단 같이 할 사람없으면 하면안됨 1.섬과 바다물밑에 스크랩좀 먹게해줘라ㅡㅡ 2.처음에 무서웟던 상어가 이젠 바다어항속 금붕어처럼 귀여움 3.동물들은 왜이리 잘도망다니고 맷돼지는왜 나만보면 안달이냐 4.플라스틱,나뭇잎 겁나많아 판자,스크랩,금속잉곳 겁나부족해 구리무쓸모 5.처음에높은섬 올라가는법:나무지붕으로 올라가주아!! 6.상어정식,고급메기요리가 제일많이참 7.애완동물들 풀왜이리 많이먹냐?!살이안찌네 부럽게 8.너내 동료가 되라!요리하는상디,루피처럼 먹기만하는 방장,고치고건설하는 프랑키 사냥하러 다니는 조","정가 주고 삿는데 후회 안함 단 같이 할 사람 없으면 하면 안됨 1 . 섬 과 바다물 밑 에 스크랩 좀 먹게 해줘라 ㅡㅡ 2 . 처음 에 무서웟던 상어 가 이 젠 바다 어 항속 금붕어 처럼 귀 여 움 3 . 동물 들 은 왜 이리 잘 도망 다니고 맷 돼지 는 왜 나 만 보면 안달 이냐 4 . 플라스틱 , 나뭇잎 겁나 많아 판자 , 스크랩 , 금속 잉곳 겁나 부족해 구 리무 쓸모 5 . 처음 에 높은 섬 올라가는 법 : 나무 지붕 으로 올라가주아 !! 6 . 상어 정식 , 고급 메기 요리 가 제일 많 이참 7 . 애완동물 들 풀왜 이리 많이 먹냐 ?! 살이안 찌 네 부럽게 8 . 너 내 동료 가 되라 ! 요리 하는 상디 , 루피 처럼 먹기 만하 는 방장 , 고치 고 건설 하 는 프랑키 사냥 하러 다니는 조",2019-04-02 17:00:08
648800,Raft,positive,친구와 함께하면 같이 굶어 뒤짐,친구 와 함께 하면 같이 굶어 뒤짐,2019-03-31 20:11:43
648800,Raft,positive,"얼리엑세스이기 때문에 더 기대되는 게임, 섬보다 더 큰 배를 만들어보세요!","얼리 엑세스 이기 때문 에 더 기대 되는 게임 , 섬 보다 더 큰 배 를 만들어 보세요 !",2019-03-26 13:38:31
648800,Raft,positive,playtime : 13 H 친구와 : ★★★★★ 혼자 : ☆☆☆☆☆ 재미 : ★★★☆☆ 바다위 마인크래프트 혼자하는것은 마인크래프트보다 더 노잼인것같았음. 친구랑 같이사서 하는거라면 삼일~ 사일정도 시간을 빨아먹음. 3~4일은 걱정없이 재밌게즐길수있다. <- 친구와 함께라면. 개임내에 컨텐츠가 적고 반복적이라 나중엔 기계가된기분.,playtime : 13 H 친구 와 : ★★★★★ 혼자 : ☆☆☆☆☆ 재미 : ★★★☆☆ 바다 위 마인크래프트 혼자 하는것은 마인크래프트 보다 더 노잼 인 것 같았음 . 친구 랑 같이 사서 하는거라면 삼일 ~ 사일 정도 시간 을 빨 아 먹음 . 3~4일 은 걱정 없이 재밌게 즐길수있다 . <- 친구 와 함께라면 . 개 임내에 컨텐츠 가 적고 반복 적 이라 나중 엔 기계 가 된 기분 .,2019-03-23 16:30:24
648800,Raft,positive,재미있지만 10시간 정도 하면 재미없어지고 크리에이터 모드로 해도 심심하다 10시간정도 하면 소재가 바닥나지만 나름 10시간동안 하면 재미있다 친구랑하면 더 재미있다,재미있지만 10시간 정도 하면 재미없어지고 크리에이터 모드 로 해도 심심하다 10시간 정도 하면 소재 가 바닥나지만 나름 10시간 동안 하면 재미있다 친구 랑 하면 더 재미있다,2019-03-21 21:36:57
648800,Raft,positive,"멀티가 전세계 유저랑 연결되는 것이 아닌 ""스팀 친구"" 끼리만 플레이가 가능한 시스템. 나는 전세계 유저와 플레이가 가능한 줄 알고 샀는데, 알고보니 스팀친구끼리만 가능해서 실망. 그래서 친구들이 아무도 이 게임을 갖고 있지 않은 경우 강제로 솔로플레이가 되버림. 캐릭터가 딱 두가지 밖에 없고 생김새라거나 옷까지 똑같아서 멀티를 하다보면 존나 헷갈림 생존게임이라는데 딱히 생존하는 느낌이 안드는 그냥 일상물에 가까운 실정이다 현재는... 튜토리얼이 없어서 인터넷으로 찾아가면서 배워야하는 불편한 게임 배경음악이 연결되지 않고 한","멀티 가 전세계 유저 랑 연결 되는 것 이 아닌 "" 스팀 친구 "" 끼리 만 플레이 가 가능한 시스템 . 나 는 전세계 유저 와 플레이 가 가능한 줄 알 고 샀는데 , 알 고 보니 스팀 친구 끼리 만 가능해서 실망 . 그래서 친구 들 이 아무 도 이 게임 을 갖고 있지 않은 경우 강제 로 솔로 플레이 가 되 버림 . 캐릭터 가 딱 두 가지 밖에 없고 생김새 라거 나 옷 까지 똑같아서 멀티 를 하다 보면 존나 헷갈림 생존 게임 이라는 데 딱히 생존 하는 느낌 이 안 드는 그냥 일상물 에 가까운 실정 이다 현재 는 ... 튜토리얼 이 없어서 인터넷 으로 찾아가면서 배워 야하는 불편한 게임 배경음악 이 연결 되지 않고 한",2019-03-21 09:31:46
648800,Raft,positive,좌우 이동이 사라졌고 뭔가 잡다한 버그도 생김 하지만 할만함 친구들과 같이 플레이 한다면 꿀잼,좌우 이동 이 사라졌고 뭔가 잡다한 버그 도 생김 하지만 할만 함 친구 들 과 같이 플레이 한다면 꿀잼,2019-03-20 10:59:08
648800,Raft,positive,개꿀잼입니당 18층만들었어요 너무 행복해요,개꿀잼 입니당 18 층 만들었어요 너무 행복해요,2019-03-19 05:55:27
648800,Raft,positive,개껄잼,개껄잼,2019-03-11 21:04:41
648800,Raft,positive,최근에 친구랑 스팀 멀티중에서 재밌게한 게임인데.. 좀 더 다듬어져서 더 추가적으로 생산할수있는것 좀 생겼으면 좋겠음ㅋ,최근 에 친구 랑 스팀 멀티 중 에서 재밌게한 게임 인데 .. 좀 더 다듬어져서 더 추가 적 으로 생산 할수있는것 좀 생겼으면 좋겠음 ㅋ,2019-03-10 23:30:40
648800,Raft,positive,seok,seok,2019-03-10 19:48:32
648800,Raft,positive,친구들이랑 하는데 너무재미있지만 컨텐츠 고갈이 조금있는데 재미있어요,친구 들 이랑 하는데 너무 재미있지만 컨텐츠 고갈 이 조금 있는데 재미있어요,2019-03-10 17:52:00
648800,Raft,positive,혼자해도 재밌고 멀티로 하면 더욱 재밌습니다. 물에 잠긴 세상을 떠돌며 쓰레기를 수집하고 자원을 채집하여 생존을 이어나가는 게임입니다. 스토리는 매우 취약합니다. 엔딩 없는 게임입니다. 때문에 생존이라는 미션에만 집중할 분들께 추천합니다. 몇몇 아쉬운 부분이 존재하고 컨텐츠가 부족하지만 앞서 해보는 게임이라는 점에서 크게 문제로 느껴지진 않습니다. 아직 완성되지 않은 게임인 만큼 가벼운 마음으로 접근하시기 바랍니다. 치열한 게임을 기대한다면 비추합니다. 애인이나 가족과 함께 즐기기 좋습니다.,혼자 해도 재밌고 멀티 로 하면 더욱 재밌습니다 . 물 에 잠긴 세상 을 떠돌며 쓰레기 를 수집 하고 자원 을 채집 하여 생존 을 이어 나가는 게임 입니다 . 스토리 는 매우 취약 합니다 . 엔딩 없는 게임 입니다 . 때문 에 생존 이라는 미션 에만 집중 할 분 들 께 추천 합니다 . 몇몇 아쉬운 부분 이 존재 하고 컨텐츠 가 부족하지만 앞서 해보는 게임 이라는 점 에서 크게 문제 로 느껴지진 않습니다 . 아직 완성 되지 않은 게임 인 만큼 가벼운 마음 으로 접근 하시기 바랍니다 . 치열한 게임 을 기대한다면 비추 합니다 . 애인 이나 가족 과 함께 즐기기 좋습니다 .,2019-03-09 13:32:33
648800,Raft,positive,혼자하면 개 바쁘고 지루한감이 있지만 친구랑 같이하니까 걍 바쁘고 재밌네요 시간가는줄 모르고 친구랑 계속함 ㅋㅋ 문제는 탈수와 허기짐이 생각보다 빨리 온다는것 이너마는 뭔 맨날 배고프고 목마르다함 그리고 진짜 밑분 말씀처럼 상어는 미끼보다 판자가 더 좋은가봐여 ㅋㅋㅋㅋㅋ 상어미끼 왜 있는건지 모르겠어요 ㅋㅋ 일단 계속먹고 상어가 빡친다는 것만 빼면 시간가는 줄 모르는 게임!,혼자 하면 개 바쁘고 지루한 감 이 있지만 친구 랑 같이하니까 걍 바쁘고 재밌네요 시간 가는줄 모르고 친구 랑 계속 함 ㅋㅋ 문제 는 탈수 와 허기짐이 생각 보다 빨리 온다는것 이 너 마는 뭔 맨날 배고프고 목마르다 함 그리고 진짜 밑 분 말씀 처럼 상어 는 미끼 보다 판자 가 더 좋은가 봐여 ㅋㅋㅋㅋㅋ 상어 미끼 왜 있는 건지 모르겠어요 ㅋㅋ 일단 계속 먹고 상어 가 빡친다는 것 만 빼면 시간 가는 줄 모르는 게임 !,2019-03-03 14:04:32
648800,Raft,positive,처음 그 극 초반엔 노가다를 많이해야하는데 그 시기가 지나면 아이템 얻는게 너무 수월해져서 컨텐츠가 부족한게 많이 느껴짐,처음 그 극 초반 엔 노가다 를 많이 해 야하는데 그 시기 가 지나면 아이템 얻는게 너무 수월해져서 컨텐츠 가 부족한게 많이 느껴짐,2019-03-02 21:31:31
648800,Raft,positive,wow,wow,2019-03-02 09:30:42
648800,Raft,positive,앙 갸꿀,앙 갸꿀,2019-02-26 10:00:19
648800,Raft,positive,업데이트 이후 정말 좋은 기능과 컨텐츠가 추가된거같다 이정도면 다음 업데이트가 기대됨,업데이트 이후 정말 좋은 기능 과 컨텐츠 가 추가 된거 같다 이 정도 면 다음 업데이트 가 기대 됨,2019-02-25 03:31:20
648800,Raft,positive,상어 초반엔 겁나 무섭고 뗏목 뜯어먹어서 존ㅡ나 빡쳤는데 계속 보니까 정도 들고 귀엽네 요즘엔 죽창 찌르면서 놀아주는 중 놀아줘서 고맙다고 고기도 줌 개꿀,상어 초반 엔 겁나 무섭고 뗏목 뜯어 먹어서 존 ㅡ 나 빡쳤는데 계속 보 니까 정도 들고 귀엽네 요즘 엔 죽창 찌르면서 놀아주는 중 놀아줘서 고맙다고 고기 도 줌 개꿀,2019-02-25 00:02:13
648800,Raft,positive,제가 좋아하는 타입의 게임이어서 친구와 재밌게 플레이했습니다.,제 가 좋아하는 타입 의 게임 이어서 친구 와 재밌게 플레이 했습니다 .,2019-02-21 13:26:08
648800,Raft,positive,"발적화로 단점 꼽았는데 이젠 좀 나아진 것 같다. 초반: 추천인원 1~4인 그 이상은 거의 산제물 행. 식량, 자원 모든게 부족하기 때문에 오히려 혼자 할때가 더 자원이 풍족할 수 있음. 중반: 사람이 많아도 이제 상관 없음. 중반이라는 것은 청동기 시작되고 재료수급 잘되고 그쯤. 제일 재밌는 시기. 래프트에 대해 더 자세히 알게되는 기간임 후반: 지루해서 죽어버리는 시간. 자원은 많고, 할짓은 없고. 근데 왜 하는가. 도전과제, 레어동물 잡아야함. 큰섬 파밍이외에는 거의 배에서 낚시하면서 잠수. Help-선장모자 얻는 섬","발 적 화로 단점 꼽았는데 이 젠 좀 나아진 것 같다 . 초반 : 추천 인원 1~4 인 그 이상은 거의 산 제물 행 . 식량 , 자원 모든 게 부족하기 때문 에 오히려 혼자 할 때 가 더 자원 이 풍족할 수 있음 . 중반 : 사람 이 많아도 이제 상관 없음 . 중반 이라는 것 은 청동기 시작 되고 재료 수급 잘 되고 그 쯤 . 제일 재밌는 시기 . 래프트 에 대해 더 자세히 알 게 되는 기간 임 후반 : 지루해서 죽어 버리는 시간 . 자원 은 많고 , 할 짓은 없고 . 근데 왜 하는가 . 도전 과제 , 레 어 동물 잡아 야함 . 큰 섬 파밍 이외 에는 거의 배 에서 낚시 하면서 잠수 . Help - 선장 모자 얻는 섬",2019-02-17 05:41:02
648800,Raft,positive,"밥도둑하면 떠오르는 간장게장. 집에서도 맛있는 간장게장을 만들기 위한 방법과 몇가지 팁을 소개한다. 꽃게는 배가 둥근 것이 암컷인데, 간장게장은 암컷으로 담그는 것이 더욱 풍미가 있다. 또 꽃게 껍질에 있는 키틴성분은 장에 들어가면 콜레스테롤을 흡착해 배설시켜 혈중 콜레스테롤을 낮추고 일부 중금속도 배출시키기 때문에 되도록 같이 먹는 것이 좋다. ◆ 간장게장 레시피 간장게장./ 한경DB 재료 꽃게 1kg, 청양고추 4개(40g), 간장 1과 1/2컵(300ml), 물엿 2큰술(20g), 마늘 3쪽(15g), 생강(마늘 크기) 3톨","밥 도둑 하 면 떠오르는 간장게장 . 집 에서도 맛있는 간장게장 을 만들기 위 한 방법 과 몇 가지 팁 을 소개 한 다 . 꽃게 는 배 가 둥근 것 이 암컷 인데 , 간장게장 은 암컷 으로 담그는 것 이 더욱 풍 미가 있다 . 또 꽃게 껍질 에 있는 키틴 성분 은 장 에 들어가면 콜레스테롤 을 흡착 해 배설 시켜 혈중 콜레스테롤 을 낮추고 일부 중금속 도 배출 시키기 때문 에 되도록 같이 먹는 것 이 좋다 . ◆ 간장게장 레시피 간장게장 ./ 한경 DB 재료 꽃게 1 kg , 청양고추 4 개 ( 40 g ), 간장 1 과 1/2 컵 ( 300 ml ), 물엿 2 큰 술 ( 20 g ), 마늘 3 쪽 ( 15 g ), 생강 ( 마늘 크기 ) 3 톨",2019-02-16 16:59:34
648800,Raft,positive,"혼자하기 꿀잼. 정적이고 만드는거 좋아하는 사람에게 추천. 최근에 동물 키우는거 업뎃했는데 닭, 염소, 라마 잡아다 키우면 우유, 알, 솜털 얻을수 있다. 뗏목 꾸미기는 덤. 그냥저냥 생각없이 힐링하기 좋은 게임인것 같다.","혼자 하기 꿀잼 . 정적 이고 만드는거 좋아하는 사람 에게 추천 . 최근 에 동물 키우는거 업뎃 했는데 닭 , 염소 , 라마 잡아다 키우면 우유 , 알 , 솜털 얻을수 있다 . 뗏목 꾸미 기는 덤 . 그냥 저 냥 생각 없이 힐링 하기 좋은 게임 인 것 같다 .",2019-02-15 15:09:05
648800,Raft,positive,바다 그지 쉐끼들의 폐지 수거 해다가 통나무로 배틀크루저 만드는 게임 일하다 배고프면 가끔씩 돔베기도 먹음,바다 그 지 쉐끼들 의 폐지 수거 해다가 통나무 로 배틀크루저 만드는 게임 일 하다 배고프면 가끔 씩 돔 베기도 먹음,2019-02-13 21:15:01
648800,Raft,positive,좀 더 친절해저라 씹새끼들아,좀 더 친절 해저 라 씹 새끼 들 아,2019-02-08 18:01:48
648800,Raft,positive,엔딩 나온거 까지 다 봤더니 할수있는게 없..다..ㅠ,엔딩 나온거 까지 다 봤더니 할수있는게 없 .. 다 .. ㅠ,2019-02-08 17:21:23
648800,Raft,positive,"혼자해도 재미있고, 멀티로 해도 재미있습니다. 하지만 초중반에만 재미가있으며, 더이상 상어가 두렵지 않게 되었을때, 자원이 좀 풍족하거나 집을 좀 넓혔을때.라던가 컨텐츠가 동시다발적으로 빠르게 소진됩니다. 개인적으로 25 ~ 30시간 정도 즐기기 좋은 게임입니다. 그 이후나 초중반부터는 멀티플레이를 필수로 추천드립니다.","혼자 해도 재미있고 , 멀티 로 해도 재미있습니다 . 하지만 초 중반 에만 재미 가 있으며 , 더 이상 상어 가 두렵지 않게 되었을 때 , 자원 이 좀 풍족하거나 집 을 좀 넓혔을 때 . 라던가 컨텐츠 가 동 시 다발 적 으로 빠르게 소진 됩니다 . 개인 적 으로 25 ~ 30시간 정도 즐기기 좋은 게임 입니다 . 그 이후 나 초 중반 부터는 멀티플레이 를 필수 로 추천 드립니다 .",2019-02-07 19:01:29
648800,Raft,positive,친구가 많을수록 빨리 엔딩을 볼수 있는 인싸 게임...,친구 가 많을수록 빨리 엔딩 을 볼수 있는 인 싸 게임 ...,2019-02-07 01:43:54
648800,Raft,positive,좁아 터져욧,좁아 터져 욧,2019-02-01 14:53:56
648800,Raft,positive,갓겜,갓 겜,2019-02-01 03:38:16
648800,Raft,positive,20시간정도 하니 할게 없음 ...,20시간 정도 하니 할게 없음 ...,2019-01-31 21:30:07
648800,Raft,positive,21000에 사기에는 조금 아까운게임 컨텐츠만 조금 더 추가된다면 충분히 돈주고살게임,21000 에 사기 에는 조금 아까운 게임 컨텐츠 만 조금 더 추가 된다면 충분히 돈 주 고살 게임,2019-01-28 08:06:09
648800,Raft,positive,"극심한 컨텐츠 부족 상어가 뗏목 바깥쪽이아닌 안쪽을 뜯어먹는 심각한 버그 (의도된거면 진짜 망겜) 버그수정과 컨텐츠 업데이트 전까진 절대 추천할 수 없음. ---------------------------------------------- 2020-01-08일 작성 업데이트 10 이후 다시 해봤습니다. 초반 고리던져서 아이템 주워야되는 구간이 너무 길어서 지루하지만... 그래도 이 초반부분 지나서 그물망 여러개 설치되기 시작하면 어느정도 할만해짐 아이템 줍는건 그물망에 맡기고 낚시해서 미끼 구하고, 섬에서 파밍하고... 섬들 형","극심한 컨텐츠 부족 상어 가 뗏목 바깥쪽 이 아닌 안쪽 을 뜯어 먹는 심각한 버그 ( 의도 된거 면 진짜 망겜 ) 버그 수정과 컨텐츠 업데이트 전 까진 절대 추천 할 수 없음 . ---------------------------------------------- 2020-01 - 08일 작성 업데이트 10 이후 다시 해봤습니다 . 초반 고리 던져서 아이템 주워야 되는 구간 이 너무 길어서 지루하지만 ... 그래도 이 초반 부분 지나서 그물 망 여러 개 설치 되기 시작 하면 어느 정도 할 만해 짐 아이템 줍는건 그물 망 에 맡기고 낚시 해서 미끼 구 하고 , 섬 에서 파밍 하고 ... 섬 들 형",2019-01-27 06:31:07
648800,Raft,positive,시간가는줄 모르고 하게 되는게임. 확실히 평화로운 배경에 힐링도 되고 좋은데 컨텐츠에 비해 가격이 비싸다고 느낌. 그리고 멀티했을때 잔버그가 좀 많음.,시간 가는줄 모르고 하게 되는 게임 . 확실히 평화로운 배경 에 힐링 도 되고 좋은데 컨텐츠 에 비해 가격 이 비싸다고 느낌 . 그리고 멀티 했을 때 잔 버그 가 좀 많음 .,2019-01-26 04:14:30
648800,Raft,positive,시간가는지 모르고 게임하고있어요~~!!! 다만 아직 업데이트가 되지않아서 3~4시간정도하면 지루하긴하네요... 그치만 새로시작해서 하면 또 재밌어요 ㅋㅋㅋㅋㅋㅋ 구매한거 후회안해요 재밌습니다♡,시간 가는지 모르고 게임 하고있어요 ~~!!! 다만 아직 업데이트 가 되지 않아서 3~4시간 정도하면 지루하긴하네요 ... 그치만 새로 시작 해서 하면 또 재밌어요 ㅋㅋㅋㅋㅋㅋ 구 매 한 거 후회 안해 요 재밌습니다 ♡,2019-01-24 17:11:18
648800,Raft,positive,Wow개꿀잼!,Wow 개꿀잼 !,2019-01-23 19:42:56
648800,Raft,positive,할수있는 컨텐츠가 한정적인거 빼면은 잘만든 게임,할수있는 컨텐츠 가 한정 적 인거 빼면은 잘만 든 게임,2019-01-20 23:32:15
648800,Raft,positive,재밌음,재밌음,2019-01-20 01:03:44
648800,Raft,positive,상어닮은백종현,상어 닮은 백종현,2019-01-18 17:36:41
648800,Raft,positive,"선물받아서 해보는데 매우 재밌네요 전 완전 추천!! 5시간도 안해보신 분들이 난파선이라던지 섬 안나온다고 하시는데, 일단 게임을 집중해서 해보고 말씀하세요. 전 개인적으로 지금까지 하면서 너무 재미있었고 큰섬도 파밍에 요리까지,,, 할게 너무 많아서 시간이 부족할 정도로 바빠요 플레이 3시간? 심지어 1.2 시간 이런 분들은 도대체 뭘 겪어 보고 재미가 없다고 하시는지 모르겠네요~ 플레이를 해보고 리뷰 다는 걸 추천드려요~","선물 받아서 해보는데 매우 재밌네요 전 완전 추천 !! 5시간 도 안 해보신 분 들 이 난파선 이라 던지 섬 안 나온다고 하시는데 , 일단 게임 을 집중 해서 해보고 말씀 하세요 . 전 개인 적 으로 지금 까지 하면서 너무 재미있었고 큰 섬 도 파밍 에 요리 까지 ,,, 할게 너무 많아서 시간 이 부족할 정도 로 바빠요 플레이 3시간 ? 심지어 1.2 시간 이런 분 들 은 도대체 뭘 겪어 보고 재미 가 없다고 하시는지 모르겠네요 ~ 플레이 를 해보고 리뷰 다는 걸 추천 드려요 ~",2019-01-17 16:57:22
648800,Raft,positive,친구랑 하면 몇일 정도 재미 있을 게임. 이후에는 컨텐츠 부족으로 루즈해짐,친구 랑 하면 몇 일 정도 재미 있을 게임 . 이후 에는 컨텐츠 부족 으로 루즈 해 짐,2019-01-17 03:27:51
648800,Raft,positive,good~~,good ~~,2019-01-15 16:37:07
648800,Raft,positive,해양생태 및 환경에 대한 깊은 고찰을 통하여 해양생존이라는 전례없는 장르를 창조해냈습니다. 특히 상어의 생태에 대한 왜곡된 상식에 맞서 주식이 나무판자라는 사실을 적극적으로 표현한 최초의 작품이라는 데 찬사를 표합니다.,해양 생태 및 환경 에 대한 깊은 고찰 을 통 하여 해양 생존 이라는 전례 없는 장르 를 창조 해냈습니다 . 특히 상어 의 생태 에 대한 왜곡 된 상식 에 맞서 주식 이 나무 판자 라는 사실 을 적극 적 으로 표현 한 최초 의 작품 이라는 데 찬사 를 표 합니다 .,2019-01-13 23:38:08
648800,Raft,positive,"짧은 후기 재미는 있다. 하지만 시간이 좀 지나면 결국 노가다 좀 다양한 섬과 배들 그리고 생물들이 나오면 좋겠다,","짧은 후기 재미 는 있다 . 하지만 시간 이 좀 지나면 결국 노가다 좀 다양한 섬 과 배 들 그리고 생물 들 이 나오면 좋겠다 ,",2019-01-13 17:45:09
648800,Raft,positive,상어 10새끼는 고기보다 판자떼기를 더 좋아합니다.,상어 10 새끼 는 고기 보다 판자 떼기를 더 좋아합니다 .,2019-01-12 17:08:01
648800,Raft,positive,깔끔하고 재미는 있는데 조금만 지나면 새로운게 없음. 짧게 즐기겠다면 괜찮,깔끔하고 재미 는 있는데 조금 만 지나면 새로운게 없음 . 짧게 즐기겠다면 괜찮,2019-01-12 16:56:42
648800,Raft,positive,이 게임만 하면 급격히 두통이 오고 어지러워 지며 뒷골이 땡긴다..... 나만그럼?,이 게임 만 하면 급격히 두통 이 오고 어지러워 지며 뒷 골 이 땡긴다 ..... 나 만 그럼 ?,2019-01-12 11:38:48
648800,Raft,positive,진짜 재미있어요!!! 친구없이 플레이해도 재미있다!!!,진짜 재미있어요 !!! 친구 없이 플레이 해도 재미있다 !!!,2019-01-11 17:57:48
648800,Raft,positive,"댕꿀잼. 다만 컨텐츠가 살짝 부족한 느낌이 있습니다. 데브 블로그 보면 뭐 계속 추가될것 같고 지금까지 발전한걸로 보아 업데이트 걱정은 없네요 개인적으로 수중 탐사 컨텐츠가 좀더 많아졌으면 좋겠습니다 (서브나우티카 비슷하게) 싱글플레이도 좋긴한데 가능하면 멀티플레이로 즐기시는걸 추천드려요. 싱글로 플레이하면 약간 손이 부족한 느낌, 이것저것 바쁜느낌..입니다 힘들어요 혼자하면 쉴틈이 없어요 진짜 계속 뛰어다녀야 해요 .. 고기굽다가 상어소리 들려서 뛰쳐나갔다가 돌아오면 새가 작물 먹고있고 달려가서 내쫒고 나면 배고프고 목말라","댕꿀잼 . 다만 컨텐츠 가 살짝 부족한 느낌 이 있습니다 . 데브 블로그 보면 뭐 계속 추가 될것 같고 지금 까지 발전 한 걸 로 보아 업데이트 걱정 은 없네요 개인 적 으로 수중 탐사 컨텐츠 가 좀더 많아졌으면 좋겠습니다 ( 서브 나우 티카 비슷하게 ) 싱글플레이 도 좋 긴한데 가능하면 멀티플레이 로 즐기시는걸 추천 드려요 . 싱글 로 플레이 하면 약간 손 이 부족한 느낌 , 이 것 저 것 바쁜 느낌 .. 입니다 힘들어요 혼자 하면 쉴 틈 이 없어요 진짜 계속 뛰어다녀야 해 요 .. 고기 굽다가 상어 소리 들려서 뛰 쳐 나갔다가 돌아오면 새 가 작물 먹고있고 달려가서 내 쫒고 나면 배고프고 목말 라",2019-01-11 11:28:12
648800,Raft,positive,안녕하세요. 운영자님 저는 Raft(래프트)를 게임하고 있는 현유저입니다. 이 게임 할땜다 계속 버그가 생기네요. 무슨 버그냐 하면 게임을 하다가 중간에 멈추는 부분이있고 아이템이 가끔씩 안뜨는경우도 있습니다. 저만 이런지 다른사람도 이런지는 잘 모르겠지만 하여튼 빨리 버그 수정해주셨으면 감사하겠습니다. 그리고 버그 수정 되시면 이메일로 보내주세요!,안녕하세요 . 운영자 님 저 는 Raft ( 래프트 ) 를 게임 하고 있는 현 유저 입니다 . 이 게임 할 땜 다 계속 버그 가 생기네요 . 무슨 버그 냐 하면 게임 을 하다가 중간 에 멈추는 부분 이 있고 아이템 이 가끔 씩 안 뜨는 경우 도 있습니다 . 저만 이런지 다른사람 도 이런지는 잘 모르겠지만 하여튼 빨리 버그 수정 해주셨으면 감사하겠습니다 . 그리고 버그 수정 되시면 이메일 로 보내주세요 !,2019-01-08 20:18:41
648800,Raft,positive,엔딩이 없어 배틀로얄엔딩으로 끝난 게임,엔딩 이 없어 배틀로얄 엔딩 으로 끝난 게임,2019-01-07 22:50:29
648800,Raft,positive,"게임을 하다보니, 하루만에 한 칸짜리 땟목이 보트가 되었습니다.","게임 을 하다 보니 , 하루 만에 한 칸 짜리 땟목 이 보트 가 되었습니다 .",2019-01-06 00:10:48
648800,Raft,positive,"게임성은 나쁘지 않다고 생각함, 하지만 게임성에 비해 찰흙같은 그래픽에 최적화는 떨어짐, 업데이트도 꾸준히 하고, 처음엔 상어가 무섭지만 나중엔 그냥 동네북","게임 성은 나쁘지 않다고 생각 함 , 하지만 게임 성 에 비해 찰흙 같은 그래픽 에 최적화 는 떨어짐 , 업데이트 도 꾸준히 하고 , 처음 엔 상어 가 무섭지만 나중 엔 그냥 동네 북",2019-01-04 12:51:10
648800,Raft,positive,엔딩은 언제쯤?,엔딩 은 언제 쯤 ?,2018-12-30 23:06:00
648800,Raft,positive,U have a friend? buy it U not have a friend? don't buy,U have a friend ? buy it U not have a friend ? don ' t buy,2018-12-30 15:36:59
648800,Raft,positive,갓겜 인정합니다!,갓 겜 인정 합니다 !,2018-12-29 10:13:50
648800,Raft,positive,멀티 같이 하실분.......???? 혼자하니까 넘 어렵네요........,멀티 같이 하실 분 .......???? 혼자 하 니까 넘 어렵네요 ........,2018-12-28 22:16:24
648800,Raft,positive,힐링게임,힐링 게임,2018-12-28 07:02:34
648800,Raft,positive,"환불했음. 1. 시야 확보가 잘 안 됨. 2. 파도의 리얼함을 표현하고 싶었던 거 같긴 한데, 오히려 멀미 남. 3. 왜인지 모르겠지만 바다에 들어갔다가 올라가려고 하면 뗏목에 머리가 끼는 버그가 있었음. 찾아봐도 없는 거 보니 나만 그랬던 거 같은데, 이유는 모름. 우리 애가 재밌다고 해서 나도 샀는데, 난 도저히 못하겠음. 눈이 너무 괴롭다. 참고로, 난 생존게임류는 쥐약임. 정말 못함.","환불 했음 . 1 . 시야 확보 가 잘 안 됨 . 2 . 파도 의 리얼 함 을 표현 하고 싶었던 거 같긴 한데 , 오히려 멀미 남 . 3 . 왜인 지 모르겠지만 바다 에 들어갔다가 올라가려고 하면 뗏목 에 머리 가 끼는 버그 가 있었음 . 찾아봐도 없는 거 보니 나 만 그랬던 거 같은데 , 이유 는 모름 . 우리 애가 재밌다고 해서 나도 샀는데 , 난 도저히 못 하겠음 . 눈 이 너무 괴롭다 . 참고 로 , 난 생존 게임 류 는 쥐약 임 . 정말 못 함 .",2018-12-27 16:52:44
648800,Raft,positive,상어!!!상어!!!상어상어!!,상어 !!! 상어 !!! 상어 상어 !!,2018-12-24 00:35:50
648800,Raft,positive,업데이트만 빠르면 정말 좋을텐데 일해라 제작자! 좋은게임 감사합니다.,업데이트 만 빠르면 정말 좋을텐데 일해 라 제작자 ! 좋은 게임 감사합니다 .,2018-12-22 17:08:31
648800,Raft,positive,저장공간이 부족 하시다구요?? 생존게임을 하고싶은데 컴터가 쓰레기라구요? 그럼 이게임을 하세요 이 게임 존나 갓겜입니다 1기가 도 되지않는 갓겜 지금바로 구매하세요,저 장공 간 이 부족 하시다구요 ?? 생존 게임 을 하고싶은데 컴터 가 쓰레기 라 구 요 ? 그럼 이 게임 을 하세요 이 게임 존나 갓 겜 입니다 1 기 가 도 되지 않는 갓 겜 지금 바로 구매 하세요,2018-12-16 04:26:43
648800,Raft,positive,망겜~,망겜 ~,2018-12-11 14:14:26
648800,Raft,positive,혼자하면 무서움 근데 재밌음,혼자 하면 무서움 근데 재밌음,2018-12-10 20:31:37
648800,Raft,positive,와 친구들이랑 했는데 시간 가는줄도 몰랐음 어제 사서 7시간했네요 꿀잼,와 친구 들 이랑 했는데 시간 가는줄도 몰랐음 어제 사서 7시간 했네요 꿀잼,2018-12-09 12:30:42
648800,Raft,positive,게임자체는 재밌음. 허나 치명적 버그존재함 상어 2마리되는순간 게임 ㅈㅈ 솔플이면 못깬다고 보면됨. 쉬움모드면 가능할듯 상어2마리버그는 치명적인듯 어려움이 개헬난이도로 변신 그리고 컨텐츠 부족. 안테나 설치하고 찾아가도 뭐 별거없음 나중에 새가 돌던지는거 짜증난다는거정도? 진심 컨텐츠추가가 시급함,게임 자체 는 재밌음 . 허나 치명 적 버그 존재 함 상어 2 마리 되는 순간 게임 ㅈㅈ 솔 플 이면 못 깬다고 보면 됨 . 쉬움 모드 면 가능할듯 상어 2 마리 버그 는 치명 적인듯 어려움 이 개헬 난이도 로 변신 그리고 컨텐츠 부족 . 안테나 설치 하고 찾아가도 뭐 별거 없음 나중 에 새 가 돌던지는거 짜증난다는거 정도 ? 진심 컨텐츠 추가 가 시급함,2018-12-06 20:23:48
648800,Raft,positive,컨텐츠가 좀 더 늘어났으면 하는게임입니다 겜자체는 좋은데 가격에 비해 컨텐츠가 너무 부족하네요,컨텐츠 가 좀 더 늘어났으면 하는 게임 입니다 겜 자체 는 좋은데 가격 에 비해 컨텐츠 가 너무 부족하네요,2018-11-30 17:36:38
648800,Raft,positive,잼씀 대신 컨텐트가 좀 부족함,잼 씀 대신 컨텐트 가 좀 부족함,2018-11-29 00:09:02
648800,Raft,positive,재밋음,재밋음,2018-11-27 22:29:38
648800,Raft,positive,혼자하면 노잼이고 같이하니까 개꿀잼임.. 친한친구랑 하기를 추천드리며 나중에는 할게 없어지는 문제점이 생기기도 하는데 그건 나중에 일이고 (개발자가 열심히 업뎃만하면야) 딴겜하다가 빡쳐서 힐링용으로 다같이 하기에 제격인 게임,혼자 하면 노잼 이고 같이하니까 개꿀잼임 .. 친한친구 랑 하기를 추천 드리며 나중 에는 할게 없어지는 문제점 이 생기 기도 하는데 그건 나중 에 일이 고 ( 개발자 가 열심히 업뎃 만 하면야 ) 딴 겜 하 다가 빡쳐서 힐링 용 으로 다 같이 하기에 제격 인 게임,2018-11-26 22:05:08
648800,Raft,positive,진짜 너무 재미있어요!!,진짜 너무 재미있어요 !!,2018-11-26 11:43:30
648800,Raft,positive,친구랑 물자담당 아이템 조합 및 연구 담당 음식담당 등 역할 나눠서 플레이 하면 재밌습니다 친구가 없다면 정말로 포류하는 맛을 느낄수있지만 인터넷에서 까지 그런 기분을 느낄 필요는 없겠지요,친구 랑 물자 담당 아이템 조합 및 연구 담당 음식 담당 등 역할 나눠서 플레이 하면 재밌습니다 친구 가 없다면 정말로 포류 하 는 맛 을 느낄수있지만 인터넷 에서 까지 그런 기분 을 느낄 필요 는 없겠지요,2018-11-25 23:16:29
648800,Raft,positive,대체적으로 만족하지만 프레임드랍이 자주일어나 이 점이 아쉽네요,대 체적 으로 만족하지만 프레임 드랍 이 자주 일어나 이 점 이 아쉽네요,2018-11-25 22:58:30
648800,Raft,positive,래프트는 처음엔 갓겜이다 좀더 새로운걸 추가하면 좋겠다,래프트 는 처음 엔 갓 겜 이다 좀더 새로운 걸 추가 하면 좋겠다,2018-11-25 00:47:55
648800,Raft,positive,친구들이랑 모여서 하면 재미있어요,친구 들 이랑 모 여서 하면 재미있어요,2018-11-24 22:41:36
648800,Raft,positive,시간죽이기 좋음,시간 죽이기 좋음,2018-11-24 22:00:15
648800,Raft,positive,친구들과 함께 하면 더 재밌어요,친구 들 과 함께 하면 더 재밌어요,2018-11-24 00:53:57
648800,Raft,positive,굿굿,굿굿,2018-11-24 00:08:48
648800,Raft,positive,최근 업데이트도 잘해주고 같이할 친구만 있다면 그럭저럭 즐길만한 게임,최근 업데이트 도 잘해주고 같이 할 친구 만 있다면 그럭저럭 즐길만 한 게임,2018-11-23 19:34:44
648800,Raft,positive,good,good,2018-11-23 16:43:52
648800,Raft,positive,약간 질리는 느낌이 있다,약간 질리는 느낌 이 있다,2018-11-23 03:13:24
648800,Raft,positive,바다위에서 파밍하며 생존하는 게임입니다. 잔잔한 브금과 자유도가 있어서 느긋하게 하기도 좋고 친구들이나 지인들과 같이 하면 더 재미있습니다.,바다 위 에서 파밍 하며 생존 하는 게임 입니다 . 잔잔한 브금 과 자유도 가 있어서 느긋하게 하기도 좋고 친구 들 이나 지인 들 과 같이 하면 더 재미있습니다 .,2018-11-23 01:07:01
648800,Raft,positive,큰 섬 패치 이후 섬 돌다가 물속에서 새가 던진 돌 맞고 뒤짐,큰 섬 패치 이후 섬 돌다가 물속 에서 새 가 던진 돌 맞고 뒤짐,2018-11-22 23:13:09
648800,Raft,positive,혼자지만 외롭지 않아! 상어 친구들이 있으니깐!,혼자 지만 외롭지 않아 ! 상어 친구 들 이 있으니깐 !,2018-11-22 21:39:11
648800,Raft,positive,친구랑 여러가지 실험적인 것들을 해보게 된다.,친구 랑 여러가지 실험 적 인 것 들 을 해보게 된다 .,2018-11-22 19:46:42
648800,Raft,positive,ㅅㅅㅅ,ㅅㅅㅅ,2018-11-22 19:15:28
648800,Raft,positive,하면할수록 시간간줄 몰르는 게임,하면 할수록 시간 간 줄 몰르는 게임,2018-11-22 18:20:18
648800,Raft,positive,혼자하면 재밌고 친구와 함께하면 재미가 배가 된다. 아직 나온지 얼마지나지 않아서 컨텐츠가 조금 부족하지만 아직 성장 가능성은 무궁무진하다. 십점만점에 팔점정도?,혼자 하면 재밌고 친구 와 함께 하면 재미 가 배 가 된다 . 아직 나온지 얼마 지나지 않아서 컨텐츠 가 조금 부족하지만 아직 성장 가능성 은 무궁무진 하다 . 십 점 만점 에 팔 점 정도 ?,2018-11-22 13:26:54
648800,Raft,positive,^^,^^,2018-11-22 12:29:59
648800,Raft,positive,굿게임,굿 게임,2018-11-22 11:55:07
648800,Raft,positive,게임업데이트를 꾸준히하고 언제나 쟀는 업데이트를 가져옵니다,게임 업데이트 를 꾸준히하고 언제나 쟀는 업데이트 를 가져옵니다,2018-11-22 11:23:46
648800,Raft,positive,개발자 양반 난이도 평화 단계에서는 갈매기가 오질않는건가?? 그덕분에 붓을만들어서 색칠을할수도 없고 해먹도 만들수가 없구만 이거 진정 실화인가?? 평화에서도 새는 날라와야 평화롭게 건물 색칠도 하고 그러지 어떻게 수정좀 해보길 바라내,개발자 양반 난이도 평화 단계 에서는 갈매기 가 오질 않는 건가 ?? 그 덕분 에 붓 을 만들어서 색칠 을 할수도 없고 해먹 도 만들수가 없구만 이 거 진정 실화 인가 ?? 평화 에서도 새는 날라 와야 평화롭게 건물 색칠 도 하고 그러지 어떻게 수정 좀 해보길 바라내,2018-11-20 17:12:21
648800,Raft,positive,저랑 같이 하실 분~!! dlstjq6676 아무나 친추 주세요!!!,저 랑 같이 하실 분 ~!! dlstjq 6676 아무나 친추 주세요 !!!,2018-11-19 03:30:03
648800,Raft,positive,"ㅇ아,집가고싶다","ㅇ 아 , 집가고싶다",2018-11-12 18:10:48
648800,Raft,positive,추천은 하는 대 친구가 없으니 잼이 없...ㅠ,추천 은 하는 대 친구 가 없으니 잼 이 없 ... ㅠ,2018-11-10 21:08:20
648800,Raft,positive,1080ti로 QHD울트라 30프레임나오는 최적화 갓겜,1080 ti 로 QHD 울트라 30 프레임 나오는 최적화 갓 겜,2018-11-09 11:27:17
648800,Raft,positive,은근 중독성 있음.. 다만 상어 개빡칠거 같음...,은근 중독 성 있음 .. 다만 상어 개 빡칠거 같음 ...,2018-11-05 23:21:03
648800,Raft,positive,혼자서 하니깐 외로워 죽을거가테여,혼자 서 하 니깐 외로워 죽을거가테여,2018-11-05 20:58:33
648800,Raft,positive,"생존의 탈을 쓴 힐링게임. 인간들이 얼마나 바다에 쓰레기를 많이 버리는지 여실히 보여주며, 그 쓰레기들로 집을짓고 가끔씩 찾아오는 상어들을 잡아먹으면서 망망대해를 여행하는 힐링게임입니다. 꼭 사세요 :)","생존 의 탈 을 쓴 힐링 게임 . 인간 들 이 얼마나 바다 에 쓰레기 를 많이 버리는지 여실히 보여주며 , 그 쓰레기 들 로 집 을 짓고 가끔 씩 찾아오는 상어 들 을 잡아먹으면서 망망대해 를 여행 하는 힐링 게임 입니다 . 꼭 사세요 :)",2018-11-04 14:42:24
648800,Raft,positive,"재밌어여 나중에 할거 다 해놓으면 단순 생존이 되지만 그렇게 되기까지 꾸준한 노동력이 필요 하네여 ( 오래 걸림 ) 쉴틈 없이 자원을 모으며 이 것 저 것 만들어서 채워 나가는게 재밌는거 같아여 혼자 해도 재밌는 게임 같아여, 친구들과 함께 하면 재미는 더 배가 되겠지요? 어떤 게임이든 할거 다 해놓으면 지루해 지 듯이 이 게임 또 한 마찬가지고 아무튼 돈은 아깝지 않아여","재밌어여 나중 에 할거 다 해놓으면 단순 생존 이 되지만 그렇게 되기까지 꾸준한 노동 력 이 필요 하네여 ( 오래 걸림 ) 쉴 틈 없이 자원 을 모으며 이 것 저 것 만들어서 채워 나가는게 재밌는거 같아여 혼자 해도 재밌는 게임 같아여 , 친구 들 과 함께 하면 재미 는 더 배 가 되겠지요 ? 어떤 게임 이든 할거 다 해놓으면 지루해 지 듯이 이 게임 또 한 마찬가지 고 아무튼 돈 은 아깝지 않아여",2018-11-04 14:22:48
648800,Raft,positive,컨텐츠가 너무부족 할게한정적임,컨텐츠 가 너무 부족 할게 한정 적임,2018-11-01 21:50:43
648800,Raft,positive,"---2020.06.04--- 참 재밌는데 버그가 너무 넘침..... 멀티하다보면 자연스레 걸리는 생물연료 무한 버그.... 동물 불사버그... 수박 무한, 장비 중첩.... 씨앗무한..... 게다가 템복사에 중첩 무한대로 늘려가는(3만까지 늘려봤다가 귀찮아서 떄려침) 버그까지.. 업뎃을 좀더 자주 해줬으면... 재밌슴 어려움 모드로 혼자 뗏목 조금 큰 섬 크기까지도 키워봤다가 깜밖하고 밥먹고 오니 죽어있고 죽으면 저장되고 결국 난이도 낮춰서 다시 함.. 근데 독수리 ㅈㄹ 안 맞네 같이 할친구 없으면 1주일도 우려먹음....","--- 2020.06 . 04 --- 참 재밌는데 버그 가 너무 넘침 ..... 멀티 하다 보면 자연스레 걸리는 생물연료 무한 버그 .... 동물 불사 버그 ... 수박 무한 , 장비 중첩 .... 씨앗 무한 ..... 게다가 템 복사 에 중첩 무한 대로 늘려가는 ( 3만 까지 늘려 봤다가 귀찮아서 떄려 침 ) 버그 까지 .. 업뎃 을 좀더 자주 해줬으면 ... 재밌슴 어려움 모드 로 혼자 뗏목 조금 큰 섬 크기 까지도 키워 봤다가 깜밖 하고 밥 먹고 오니 죽어있고 죽으면 저장 되고 결국 난이도 낮춰서 다시 함 .. 근데 독수리 ㅈㄹ 안 맞네 같이 할 친구 없으면 1 주일 도 우려 먹음 ....",2018-10-26 17:22:05
648800,Raft,positive,엔딩없음,엔딩 없음,2018-10-26 11:24:37
648800,Raft,positive,"초반 생존만 넘어가면 [ 자원 수집 > 증축 > 정박 ] 의 무한반복. 개발중인 게임이긴 하지만 장르를 조금 변경해야할 필요성이 보입니다. GTA처럼 표류 생존이 아닌, 다른 유져와 경쟁하고, 협력하고, 싸우는 그런 플레이가 필요해보입니다. 각자의 땜목을 운영하면서 서로 만나 도킹해 협력하거나, 치고 박고 싸우는 그런게 가능했었으면 어떨까 합니다. 오브젝트도 더 추가해 유저들의 자유도를 올리고, 기발한 방법으로 플레이가 가능하게끔 하는것도 필요합니다. 물론 스토리 플레이도 있었으면 하구요.","초반 생존 만 넘어가면 [ 자원 수집 > 증축 > 정박 ] 의 무한 반복 . 개발 중 인 게임 이긴 하지만 장르 를 조금 변경 해야 할 필요성 이 보입니다 . GTA 처럼 표류 생존 이 아닌 , 다른 유 져와 경쟁 하고 , 협력 하고 , 싸우는 그런 플레이 가 필요해 보입니다 . 각자 의 땜목 을 운영 하면서 서로 만나 도킹 해 협력 하 거나 , 치고 박고 싸우는 그런게 가능했었으면 어떨까 합니다 . 오브젝트 도 더 추가 해 유저 들 의 자유도 를 올리고 , 기발한 방법 으로 플레이 가 가능하게끔 하는것도 필요합니다 . 물론 스토리 플레이도 있었으면 하구요 .",2018-10-25 21:27:50
648800,Raft,positive,아주 착한사람이 아주 착하게 사줬는데 3시간노예짓하다가 관속으로 들어간게임,아주 착한 사람 이 아주 착하게 사줬는데 3시간 노예짓하다가 관속 으로 들어간 게임,2018-10-23 21:05:45
648800,Raft,positive,여행을 떠나요♪ 즐거운 마음으로♬ 모두함께 떠 나요♩ 아~ 친구랑 같이 하면 재밌을테고 혼자하면 쓸쓸해서 고독사,여행 을 떠나요 ♪ 즐거운 마음 으로 ♬ 모두 함 께 떠 나요 ♩ 아 ~ 친구 랑 같이 하면 재밌을테고 혼자 하면 쓸쓸해서 고독사,2018-10-23 13:51:39
648800,Raft,positive,같이할 친구들이 있다면 5시간 뚝딱!,같이 할 친구 들 이 있다면 5시간 뚝딱 !,2018-10-21 20:03:19
648800,Raft,positive,친구랑 멀티하려 같이 샀는데 매우 재밌게 플레이함. 아직 컨텐츠가 약간부족하고 잡버그가 쫌 있지만 재밌게할만함.,친구 랑 멀티 하려 같이 샀는데 매우 재밌게 플레이 함 . 아직 컨텐츠 가 약간 부족하고 잡 버그 가 쫌 있지만 재밌게 할만 함 .,2018-10-21 00:19:22
648800,Raft,positive,채팅기능이랑 트로피판이나 게시판(이었나?)아무튼 여기 한글이 적용 안 됨... 솔로 플레이어를 위해서 플레이어가 섬에 갔을 경우(특히 이번의 큰섬) 상어가 뗏목을 물지 않았으면 합니다. 이 때가 혼자인게 참 서럽더군요... 그냥 이 게임 살 돈으로 서브노티카 살 걸 그랬나 싶기도 하고... 그래도 재미있기는 했습니다. 근데 아싸는 하지 말길 바라요. 적어도 2명은 되어야 참 재미를 느낍니다. 스팀 도전 과제에도 팀플레이가 괜히 있는게 아님.,채팅 기능 이랑 트로피 판이 나 게시판 ( 이었나 ?) 아무튼 여기 한글 이 적용 안 됨 ... 솔로 플레이어 를 위해 서 플레이어 가 섬 에 갔을 경우 ( 특히 이번 의 큰 섬 ) 상어 가 뗏목 을 물 지 않았으면 합니다 . 이 때 가 혼자 인게 참 서럽더군요 ... 그냥 이 게임 살 돈 으로 서브 노티 카 살 걸 그랬나 싶기도 하고 ... 그래도 재미있기는 했습니다 . 근데 아싸 는 하지 말길 바라요 . 적어도 2 명 은 되어야 참 재미 를 느낍니다 . 스팀 도전 과제 에도 팀 플레이 가 괜히 있는게 아님 .,2018-10-19 22:49:32
648800,Raft,positive,sssssssss,sssssssss,2018-10-18 18:10:58
648800,Raft,positive,멀터를하면 친구가 떗목에 박혀잇어요 상어도 안보입니다.,멀 터 를 하면 친구 가 떗목 에 박혀 잇어요 상어 도 안 보입니다 .,2018-10-15 23:16:28
648800,Raft,positive,"아직 미완성된 그래서 미숙한 점도 상어가 바위를 뚫고 다니는 무서운 버그도 존재하지만, 그런 미친점이 친구와 함께 할 때 욕하면서 즐길 수 있는 좋은 버그라고 생각합니다. 상황에 따라(?) 바뀌는 BGM도 분위기 고조되는 느낌도 있고 날씨 변동 시스템도 약간 조악하지만 심플한게 베스트라 생각하기에, 좋은건 좋다고 생각합니다! 뗏목 이쁘게하는 디자인 보다는 기능성 디자인을 선호하는 타입이라 디자인 부분은 조금 건드리기 어렵습니다. 앞으로의 업데이트가 기대되는 게임 중 하나입니다!","아직 미완성 된 그래서 미숙 한 점도 상어 가 바위 를 뚫고 다니는 무서운 버그 도 존재 하 지만 , 그런 미친 점 이 친구 와 함께 할 때 욕 하면서 즐길 수 있는 좋은 버그 라고 생각 합니다 . 상황 에 따라 (?) 바뀌는 BGM 도 분위기 고조 되는 느낌 도 있고 날씨 변동 시스템 도 약간 조악하지만 심플 한 게 베스트 라 생각 하기에 , 좋은 건 좋다고 생각 합니다 ! 뗏목 이쁘게 하는 디자인 보다는 기능 성 디자인 을 선호 하는 타입 이라 디자인 부분 은 조금 건드리기 어렵습니다 . 앞 으로의 업데이트 가 기대 되는 게임 중 하나 입니다 !",2018-10-07 12:35:08
648800,Raft,positive,굿,굿,2018-10-06 21:22:30
648800,Raft,positive,"바다 위 뗏목.. 소재는 신선합니다. 마인크래프트를 떠올리면서 플레이를 해봤는데, 아쉬운 점이 많더군요. (다운받고 5시간하고 끔) 게임 평가 a. 망망대해.. 계속 바다.. 바다.. 아무것도 없어서 너무 단조로움 (간혹 나오는 부서진 뗏목, 섬 같은 이벤트성 요소를 풍성하고 빈번하게 만든다면 ""내 집, 내 뗏목""으로 항해하는 느낌이 들지모름) b. 플레이의 목적성이 결여되어있음. (끝없이 바다를 헤매고 연명할 뿐인 플레이가 지루하게 느껴졌음) c. 자원 획득에 들어가는 노동력에 비해 비용이 너무 비싸다. (본인이 처음인 점도 있","바다 위 뗏목 .. 소재 는 신선합니다 . 마인크래프트 를 떠올리면서 플레이 를 해봤는데 , 아쉬운 점 이 많더군요 . ( 다운 받고 5시간 하고 끔 ) 게임 평가 a . 망망대해 .. 계속 바다 .. 바다 .. 아무 것 도 없어서 너무 단 조 로움 ( 간혹 나오는 부서진 뗏목 , 섬 같은 이벤트 성 요소 를 풍 성하고 빈번 하게 만든다면 "" 내 집 , 내 뗏목 "" 으로 항해 하는 느낌 이 들지 모름 ) b . 플레이 의 목적 성 이 결여 되어있음 . ( 끝없이 바다 를 헤매고 연명 할 뿐인 플레이 가 지루하게 느껴졌음 ) c . 자원 획득 에 들어가는 노동 력 에 비해 비용 이 너무 비싸다 . ( 본인 이 처음 인 점도 있",2018-10-06 00:50:45
648800,Raft,positive,"7시간동안 밥도 까먹고 열중했다. 그랬더니 엔딩이 나왔다. 아무리 7시간동안 계속 했다해도 플탐 7시간만에 엔딩, 8시간만에 모든 아이템들을 만들정도로 플레이할것이 없다. 만약 플레이 타임이 20시간 이상 나오는데 이 재미라면 명작게임일것이다.","7시간 동안 밥 도 까먹고 열중 했다 . 그랬더니 엔딩 이 나왔다 . 아무리 7시간 동안 계속 했 다해 도 플 탐 7시간 만에 엔딩 , 8시간 만에 모든 아이템 들 을 만들 정도 로 플레이 할것이 없다 . 만약 플레이 타임 이 20시간 이상 나오는데 이 재미 라면 명작 게임 일것이다 .",2018-10-02 21:51:45
648800,Raft,positive,개발중이긴하지만 지금보단 컨텐츠가 좀 더 늘어나야되는 게임 할거 많아지고 컨텐츠 다양해지면 할만할것같네요,개발 중 이긴하지만 지금 보단 컨텐츠 가 좀 더 늘어나야 되는 게임 할거 많아지고 컨텐츠 다양해지면 할만 할것 같네요,2018-10-01 01:49:24
648800,Raft,positive,스팀 나오기전에 이미 한번 해봤던 게임이예요! 예전에 인터넷 돌아다니다가 어느분 블로그에서 해볼수있었어서 그때도 딱히 엄청 할게 있진 않았지만.. 나름 몇시간 엄청 즐겁게 했던거라 스팀에 나온거보고 고민도 안하고 구입했죠!ㅎㅎ 그때보단 뭔가 추가된거같아 처음엔 재밌었는데 여전히 ㅠㅠ 할게 별로 없어 많이 아쉬웠습니다 다른분 평가에도 보니 섬말고 고층건물 윗부분이라던가.. 얘기가 있던데 그거에 엄청 공감해요! 섬에서도 결국 똑같은거만 나오니 섬에 도착하는 재미가 없네요.. 난파선도 마찬가지.. 몇번보고나니 결국 같은거라 발견해도 별,스팀 나오기전에 이미 한번 해봤던 게임 이 예요 ! 예전 에 인터넷 돌아다니다가 어느 분 블로그 에서 해볼수있었어서 그때 도 딱히 엄청 할게 있진 않았지만 .. 나름 몇 시간 엄청 즐겁게 했던거라 스팀 에 나온거 보고 고민 도 안 하고 구입 했죠 ! ㅎㅎ 그때 보단 뭔가 추가 된거 같아 처음 엔 재밌었는데 여전히 ㅠㅠ 할게 별로 없어 많이 아쉬웠습니다 다른 분 평가 에도 보니 섬 말고 고층 건물 윗 부분 이 라던가 .. 얘기 가 있던데 그거 에 엄청 공감 해요 ! 섬 에서도 결국 똑같은 거만 나오니 섬 에 도착 하는 재미 가 없네요 .. 난파선 도 마찬가지 .. 몇번 보고나니 결국 같은거라 발견 해도 별,2018-09-29 22:35:45
648800,Raft,positive,친구와 한다면 그무엇보다 재밌는게임,친구 와 한다면 그 무엇 보다 재밌는 게임,2018-09-29 21:19:57
648800,Raft,positive,래프트 멀티플레이 친구 구해요~~~,래프트 멀티플레이 친구 구해 요 ~~~,2018-09-27 01:17:19
648800,Raft,positive,한정된 공간에서 한정된 수집방법으로 조금씩 살림을 늘려나간다는점이 흥미로운 게임이다. 초반에야 급하지만 갈수록 잉여가 되는 플라스틱을 보며 환경오염문제를 생각해보기도 하고(?) 사람없이 홀로 떠다니는 유령뗏목을 보며 다른 생존자는 어디있을지 그 뗏목의 주인은 어떻게 된것일지 빈 건물을 훑고 왜 그리 폐허가 된것일지 상상을 해보며 물품을 쓸어가는 재미가 있다. 엔딩이 존재하는 래프트를 하고싶다면정식 출시 이후에 플레이 하는것을 권장하고 싶다. 이와 비슷한 생존게임인 서브노티카는 처음 나왔을 때 현재와 같은 엔딩이 존재하지 않았고 더,한정 된 공간 에서 한정 된 수집 방법 으로 조금씩 살림 을 늘려 나간다는 점 이 흥미로운 게임 이다 . 초반 에야 급하지만 갈수록 잉여 가 되는 플라스틱 을 보며 환경오염 문제 를 생각 해보기도 하고 (?) 사람 없이 홀로 떠다니는 유령 뗏목 을 보며 다른 생존자 는 어디 있을지 그 뗏목 의 주인 은 어떻게 된것 일지 빈 건물 을 훑고 왜 그리 폐허 가 된것 일지 상상 을 해보며 물품 을 쓸어가는 재미 가 있다 . 엔딩 이 존재 하는 래프트 를 하고싶다면 정식 출시 이후 에 플레이 하는것을 권장 하고 싶다 . 이 와 비슷한 생존 게임 인 서브 노티 카 는 처음 나왔을 때 현재 와 같은 엔딩 이 존재 하지 않았고 더,2018-09-25 11:02:47
648800,Raft,positive,아직 끝이 없는 이야기지만 재미있어요.. 같이 할 사람이 없어서 혼자해야 하는 것 빼고는.... ㅜ.ㅜ,아직 끝 이 없는 이야기 지만 재미있어요 .. 같이 할 사람 이 없어서 혼자 해야 하는 것 빼고는 .... ㅜ . ㅜ,2018-09-21 19:34:05
648800,Raft,positive,"패치가 거듭될 때마다 완성도는 높아지고, 개선점은 두드러진다.","패치 가 거듭 될 때 마다 완성 도 는 높아지고 , 개선 점 은 두드러진다 .",2018-09-17 23:56:24
648800,Raft,positive,멀티플레이라서 삿는데...스팀친구만 되다니.... 초반에만 약간 어렵고 이후는 흠.... 자원모으고 뗏목 확장하고 재미는 있다 컨텐츠가 부족하다 뗏목 덕후가 아닌이상 플탐이 짧다,멀티플레이 라서 삿는데 ... 스팀 친구 만 되다니 .... 초반 에만 약간 어렵고 이후 는 흠 .... 자원 모으고 뗏목 확장 하고 재미 는 있다 컨텐츠 가 부족하다 뗏목 덕후 가 아닌 이상 플 탐이 짧다,2018-09-09 07:40:59
648800,Raft,positive,21000원 정가로 사놓고 할게 없다!! 제발 업뎃 많이 해주세요,21000원 정가 로 사놓고 할게 없다 !! 제발 업뎃 많이 해주세요,2018-09-04 16:03:35
648800,Raft,positive,캐리비안의 해적을 꿈꾸며 이 게임을 사시려는 분은 다른 해양게임을 찾아보십시오. 처음엔 상어가 무섭습니다. 상어는 인간을 무섭게 후반합니다. 나무판자만으로는 결국 그럴듯한 배가아니고 호랑이만 안나오는 라이프오브파이 일 뿐입니다.,캐리비안 의 해적 을 꿈꾸며 이 게임 을 사시려는 분 은 다른 해양 게임 을 찾아보십시오 . 처음 엔 상어 가 무섭습니다 . 상어 는 인간 을 무섭게 후반 합니다 . 나무 판자 만으로는 결국 그럴듯한 배가아니고 호랑이 만 안 나오는 라이프오브파이 일 뿐입니다 .,2018-09-04 07:33:08
648800,Raft,positive,혼자하면 재미가 없지만 친구랑하면 암걸려 죽는다.... 살려줘..,혼자 하면 재미 가 없지만 친구 랑 하면 암 걸려 죽는다 .... 살려줘 ..,2018-09-02 13:42:04
648800,Raft,positive,"모 스트리머의 방송에서 플레이하면서 엔딩을 보았는데 스토리? 목적? 부분의 면에서 너무 빠른 엔딩이 보이는게 아닌가 싶네요 하지만, 마인크래프트 처럼 만들고 노는 건 자유도가 상당히 높습니다. 저는 엔딩 부분이 너무 빨리 나오는거 같아서 약간, 아쉬웠습니다. 하지만 게임성 자체는 좋습니다.","모 스트리머 의 방송 에서 플레이 하면서 엔딩 을 보았는데 스토리 ? 목적 ? 부분 의 면 에서 너무 빠른 엔딩 이 보이는게 아닌가 싶네요 하지만 , 마인크래프트 처럼 만들고 노 는 건 자유도 가 상당히 높습니다 . 저 는 엔딩 부분 이 너무 빨리 나오는거 같아서 약간 , 아쉬웠습니다 . 하지만 게임 성 자체 는 좋습니다 .",2018-08-31 10:41:26
648800,Raft,positive,렉이걸려요.,렉 이 걸려요 .,2018-08-27 13:49:46
648800,Raft,positive,잔잔한 배경음악을 들으며 확고한 목적없이 친구와 함께 유유자적 떠다니고 있으면 뭔가 힐링이 되는듯하면서 시간 때우기 최고!,잔잔한 배경음악 을 들으며 확고한 목적 없이 친구 와 함께 유유 자 적 떠다니고 있으면 뭔가 힐링 이 되는듯 하면서 시간 때우기 최고 !,2018-08-19 09:59:19
648800,Raft,positive,재밌음 근데 하루만에 모든 컨텐츠를 보는게 가능해서 좀 아쉬움 어차피 얼리엑세스라 그런거 다 감안하는거 아냐? ㅎㅎㅎ 나중에 컨텐츠 더 나오면 더 재밌을듯 함 !,재밌음 근데 하루 만에 모든 컨텐츠 를 보는게 가능해서 좀 아쉬움 어차피 얼리 엑세스 라 그런거 다 감안 하는거 아냐 ? ㅎㅎㅎ 나중 에 컨텐츠 더 나오면 더 재밌을듯 함 !,2018-08-16 23:36:31
648800,Raft,positive,"more recipe plz 많은 재료와 다양한 생선을 이용한 요리레시피와 소금, 오일 같은 요리 재료들 추가 축적되는 식량의 밸런스를 위한 신선도 상어보다 다양한 적 추가 현대적인 부유물 추가로 복잡해지는 아이템 조합법","more recipe plz 많은 재료 와 다양한 생선 을 이용 한 요리 레시피 와 소금 , 오일 같은 요리 재료 들 추가 축적 되는 식량 의 밸런스 를 위 한 신선도 상어 보다 다양한 적 추가 현대 적 인 부 유물 추가 로 복잡해지는 아이템 조 합법",2018-08-15 21:10:26
648800,Raft,positive,재미는 있는데 파도 없애고 싶습니다 3D 멀미가 심해서...,재미 는 있는데 파도 없애고 싶습니다 3 D 멀미 가 심해서 ...,2018-08-15 16:11:38
648800,Raft,positive,겜 bj가 하는거 보고 구입.. 만족!,겜 bj 가 하는거 보고 구입 .. 만족 !,2018-08-14 10:25:33
648800,Raft,positive,판자가 무빙쳐요,판자 가 무빙 쳐요,2018-08-13 00:04:42
648800,Raft,positive,"삼일정도 플레이하고 흥미가 처음에 비해 급속도로 떨어지게 된다는 단점이 있다. 일단 바다에서 쓰레기를 주워서 여러가지 생존에 필요한 도구나 물건을 만들고 수렵, 채집을 한다는 것은 처음 게임을 시작할 때 꽤 흥미로운 요소였다. 하지만 이 모든 것이 굉장히 단순하고 반복적이란 것이 흠인 것 같다. 단순 반복은 어느정도 생존에 무리가 없어지는 경우에 더 심해지는데 직접 나무를 기르고 물을 만들어 먹을 수 있게 됨으로 할 일이 줄어들고 흥미도가 급격하게 낮아진다. 멀티플레이 같은 경우에는 같은 배(?)에서 협동에서 살아간다는게 장점이자","삼일 정도 플레이 하고 흥미 가 처음 에 비해 급속도 로 떨어지게 된다는 단점 이 있다 . 일단 바다 에서 쓰레기 를 주워서 여러가지 생존 에 필요한 도구 나 물건 을 만들고 수렵 , 채집 을 한다는 것 은 처음 게임 을 시작 할 때 꽤 흥미로운 요소 였다 . 하지만 이 모든 것 이 굉장히 단순하고 반복 적 이란 것 이 흠 인 것 같다 . 단순 반복 은 어느 정도 생존 에 무리 가 없어지는 경우 에 더 심해지는데 직접 나무 를 기르고 물 을 만들어 먹을 수 있게 됨으로 할 일이 줄어들고 흥 미도 가 급격하게 낮아진다 . 멀티플레이 같은 경우 에는 같은 배 (?) 에서 협동 에서 살아간다는게 장점 이자",2018-08-12 22:25:30
648800,Raft,positive,바다에 떠다니는 재료들을 건져서 뗏목을 넓히고 낚시를 해서 음식을 구하고 상어의 위협에 심장 쫄깃쫄깃하고 재밌네요. 심장 쫄깃한건 초반 30분 까지였던 것 같아요. 뗏목 좀 넓히고 나니 상어가 뗏목 좀 씹어먹어도 그깟 모서리 정도야 뭐 이러면서 다시 복구하면 되니까요. 다른 분들은 2시간이면 할 거 없다는 평가가 많은데 저는 멀미 때문에 조금하고 쉬고 하니깐 아직 할 일이 많네요ㅋㅋ 멀미 심하신 분 한테는 비추입니다.,바다 에 떠다니는 재료 들 을 건져서 뗏목 을 넓히고 낚시 를 해서 음식 을 구 하고 상어 의 위협 에 심장 쫄깃쫄깃 하고 재밌네요 . 심장 쫄깃한건 초반 30분 까지였던 것 같아요 . 뗏목 좀 넓히고 나니 상어 가 뗏목 좀 씹어 먹어도 그깟 모서리 정도 야 뭐 이러면서 다시 복구 하면 되니까 요 . 다른 분 들 은 2시간 이면 할 거 없다는 평가 가 많은데 저 는 멀미 때문 에 조금 하고 쉬 고 하 니깐 아직 할 일이 많네요 ㅋㅋ 멀미 심하신 분 한 테 는 비추 입니다 .,2018-08-12 22:02:35
648800,Raft,positive,raft 같이 할 사람.,raft 같이 할 사람 .,2018-08-12 16:03:42
648800,Raft,positive,다양한 컨텐츠가 추가되길 기대해보는 게임,다양한 컨텐츠 가 추가 되길 기대 해보는 게임,2018-08-12 01:43:04
648800,Raft,positive,생각보다 혼자하는데 어렵지만 꾸준히 하게 만드는 게임입니다 친구들이랑 같이하면 더 재미있을거 같은데 같이 할 친구가 없는게 아쉽군요 여러 유저랑 매치해서 할 수 있게 해주었으면 합니다,생각 보다 혼자 하는데 어렵지만 꾸준히 하게 만드는 게임 입니다 친구 들 이랑 같이 하면 더 재미있을거 같은데 같이 할 친구 가 없는게 아쉽군요 여러 유저 랑 매치 해서 할 수 있게 해주었으면 합니다,2018-08-10 11:47:48
648800,Raft,positive,베타에서 환골탈태 근데 컨텐츠 무엇?,베타 에서 환골탈태 근데 컨텐츠 무엇 ?,2018-08-08 21:46:49
648800,Raft,positive,21000원 정가에 샀는데 나는 가격값했다고 보는데 엔딩이 이게 끝도 아니고 아직 얼리엑세슨데 더 나오겠죠 굳,21000원 정가 에 샀는데 나 는 가격 값 했다고 보는데 엔딩 이 이 게 끝 도 아니고 아직 얼리 엑 세 슨데 더 나오겠죠 굳,2018-08-07 23:27:27
648800,Raft,positive,굉장히 재미 있습니다. 친구랑 하니 재미도 더블이 되구요. 하지만 아직 버그들도 많고 애초에 서버를 작게 만들어 주셔서 그런지는 모르겠지만 템이 안나오는 버그와 갑자기 죽거나 템이 없어지고 세이브가 안되는 식의 버그가 나왓는데요 그런것들도 고쳐주시고 물고기들도 추과해주시고 아예 몇몇 물고기들은 형체가 보여서 저희가 직접 잡을수 있게 해주시면 감사하겠고 매나 펭귄 같은 조류도 추과해 주시고 물고기를 양식해서 키울수 있거나 조류 들도 잡아서 키울수 있게 해주시면 감사 하겠습니다. 게임성 자체와 스토리도 좋고 풍경도 좋고 생존 게임이지만,굉장히 재미 있습니다 . 친구 랑 하니 재미 도 더블 이 되구요 . 하지만 아직 버그 들 도 많고 애초 에 서버 를 작게 만들어 주셔서 그런지는 모르겠지만 템 이 안 나오는 버그 와 갑자기 죽거나 템 이 없어지고 세이브 가 안되는 식 의 버그 가 나왓는데 요 그런 것 들 도 고쳐주시고 물고기 들 도 추 과 해주시 고 아예 몇몇 물고기 들 은 형체 가 보 여서 저희 가 직접 잡을수 있게 해주시 면 감사하겠고 매 나 펭귄 같은 조류 도 추 과 해 주시 고 물고기 를 양식 해서 키울수 있거나 조류 들도 잡아서 키울수 있게 해주시 면 감사 하겠습니다 . 게임 성 자체 와 스토리 도 좋고 풍경 도 좋고 생존 게임 이지만,2018-08-07 21:48:14
648800,Raft,positive,화질도 좋고 잘만들었는데 버그가있는것같습니다 난파선도아닌 시작할떄의 그판자가 물속으로 가라앉는것입니다 이것만 없다면 재미있게 플래이 할것같은데 아쉽네요 빨리고쳐졌으면 좋겠습니다,화질 도 좋고 잘 만들었는데 버그 가 있는것 같습니다 난파선 도 아닌 시 작 할떄 의 그 판자 가 물속 으로 가라앉는것 입니다 이 것 만 없다면 재미있게 플 래 이 할것 같은데 아쉽네요 빨리 고쳐졌으면 좋겠습니다,2018-08-05 15:54:45
648800,Raft,positive,영화 워터월드 초창기 보는 기분..... 천천이 쉬엄쉬엄 라디오 송신되는곳을 찾긴했는데 이게 끝?? 좋은 쪽으로 업뎃이 되긴 바람,영화 워터월드 초창 기 보는 기분 ..... 천천이 쉬엄쉬엄 라디오 송신 되는 곳 을 찾긴 했는데 이 게 끝 ?? 좋은 쪽 으로 업뎃 이 되긴 바람,2018-08-04 23:02:44
648800,Raft,positive,같이하실분 친구신청해주세요 ^^* 언제든 대환영,같이 하실 분 친구 신청 해주세요 ^^* 언제 든 대환영,2018-08-04 23:01:10
648800,Raft,positive,컨텐츠 부족 ----------------------------------------------------------------------------- 2019.01.14 추가 수정 이었으나 이제는 그래도 어느정도 할만한게 생겼다. 세일도 자주하고 꾸준한 업데이트를 보면 제작자에게 없던 정도 생긴다. 멀티모드를 즐기던 중 아이템 복사 버그가 일어나 3천명을 먹여살린 예수가 된 경험이 있다.,컨텐츠 부족 ----------------------------------------------------------------------------- 2019.01 . 14 추가 수정 이었으나 이제 는 그래도 어느 정도 할만 한 게 생겼다 . 세 일도 자주 하고 꾸준한 업데이트 를 보면 제작자 에게 없던 정도 생긴다 . 멀티 모드 를 즐기던 중 아이템 복사 버그 가 일어나 3천 명을 먹여 살린 예수 가 된 경험 이 있다 .,2018-08-04 14:50:16
648800,Raft,positive,그냥 혼자 하면 지루하지만 같이 하면 재미있는 게임입니다 구운 물고기를 씹으면서 동료가 굶어죽어가는 걸 구경하세요 동료가 낚으려는 쓰레기를 먼저 낚아버리세요 상어에게 동료를 미끼로 던져놓고 안전하게 바닷속을 탐험하세요 아직 컨텐츠가 확실히 부족하지만 함께 하면 즐거운 게임입니당,그냥 혼자 하면 지루하지만 같이 하면 재미있는 게임 입니다 구 운 물고기 를 씹으면서 동료 가 굶어 죽어가는 걸 구경 하세요 동료 가 낚으려 는 쓰레기 를 먼저 낚 아 버리세요 상어 에게 동료 를 미끼 로 던져놓고 안전하게 바 닷 속 을 탐험 하세요 아직 컨텐츠 가 확실히 부족하지만 함께 하면 즐거운 게임 입니당,2018-08-01 20:55:51
648800,Raft,positive,가성비 좋음,가성 비 좋음,2018-07-31 23:42:24
648800,Raft,positive,배멀미를 현실에서 일어나게 하는 갓겜,배 멀미 를 현실 에서 일어나게 하는 갓 겜,2018-07-30 12:02:02
648800,Raft,positive,래프트는 크래프팅과 생존이라는게 있어 창조적입니다.,래프트 는 크 래프팅 과 생존 이라는 게 있어 창조 적 입니다 .,2018-07-30 09:46:54
648800,Raft,positive,"컨셉이나 그래픽, 진행방식은 매우 만족스럽습니다. 하지만 후반으로 갈수록 컨텐츠가 적어지는게 아쉬운 점입니다. 또 다른 아쉬운점은 현재의 최종 종착지 같은 느낌의 라디오 타워가 사실상 별다른 역할을 수행하지 못하고 있다는 점입니다. 스토리를 암시하는 떡밥보고 와 신기하다! 그거 한마디로 끝납니다. 섬의 디테일도 떨어지고 돌발상황도 거기서 거기라 흥미가 떨어지는 것도 있습니다. 차라리 더 발전시켜서 뗏목을 아얘 범선으로 만들 수 있다면, 또한 섬의 규모가 더 커진다면 재미있을지도 모르겠습니다. 섬에 또 다른 몹이 나와도 좋겠고요.","컨셉 이나 그래픽 , 진행 방식 은 매우 만족스럽습니다 . 하지만 후반 으로 갈수록 컨텐츠 가 적어지는게 아쉬운 점 입니다 . 또 다른 아쉬운 점 은 현재 의 최종 종착 지 같은 느낌 의 라디오 타워 가 사실 상 별다른 역할 을 수행 하지 못 하고 있다는 점 입니다 . 스토리 를 암시 하는 떡밥 보고 와 신기하다 ! 그거 한마디 로 끝납니다 . 섬 의 디테 일도 떨어지고 돌발상황 도 거기 서 거기 라 흥미 가 떨어지는 것 도 있습니다 . 차라리 더 발전 시켜서 뗏목 을 아 얘 범선 으로 만들 수 있다면 , 또한 섬 의 규모 가 더 커진다면 재미있을지도 모르겠습니다 . 섬 에 또 다른 몹 이 나 와도 좋겠고요 .",2018-07-29 23:54:16
648800,Raft,positive,친추 해주세요~!!!!!!!!!!!!!!!!!!!!!!!!!!!!!,친추 해주세요 ~!!!!!!!!!!!!!!!!!!!!!!!!!!!!!,2018-07-29 17:24:31
648800,Raft,positive,절친 + raft =개꿀잼,절친 + raft = 개꿀잼,2018-07-29 02:19:45
648800,Raft,positive,상어고기가 맛있어요!,상어 고기 가 맛있어요 !,2018-07-28 13:35:18
648800,Raft,positive,친구랑 같이 즐긴다면 재밌게 할 수 있는게임 컨텐츠를 계속 추가하게 된다면 더 재밌어질 게임이라고 생각함,친구 랑 같이 즐긴다면 재밌게 할 수 있는 게임 컨텐츠 를 계속 추가 하게 된다면 더 재밌어질 게임 이라고 생각 함,2018-07-26 20:12:38
648800,Raft,positive,사람들은 뭐 컨텐츠가 부족하다 하는데 이 게임을 어드벤쳐와 생존을 중요시하고 그것을 원하여 이게임을 샀다면 실망할지 모른다. 그러나 이 게임은 힐링 게임이라 할 수 있다. 친구랑 같이 솔솔하게 살아가고 만들고 가끔식은 위기에 맞서는 그런 것을 느낄 수 있는 좋은 게임이다. 만약 당신이 감성적이고 그런 친구가ㅓ 또있다면 이게임은 환상적인 경험을 선사 해줄것이다.,사람 들 은 뭐 컨텐츠 가 부족하다 하는데 이 게임 을 어드벤쳐 와 생존 을 중요시 하고 그것 을 원하여 이 게임 을 샀다면 실망할지 모른다 . 그러나 이 게임 은 힐링 게임 이라 할 수 있다 . 친구 랑 같이 솔솔 하게 살아가고 만들고 가끔 식 은 위기 에 맞서는 그런 것 을 느낄 수 있는 좋은 게임 이다 . 만약 당신 이 감성 적 이고 그런 친구 가 ㅓ 또 있다면 이 게임 은 환상 적 인 경험 을 선사 해줄것이다 .,2018-07-25 21:55:32
648800,Raft,positive,솔직히 한두시간이면 깰수있음. 딱히 사는건 추천 안함. 엔딩보면 할게없음.,솔직히 한두 시간 이 면 깰수있음 . 딱히 사는건 추천 안함 . 엔딩 보면 할게 없음 .,2018-07-24 18:03:01
648800,Raft,positive,이것은 즐기는게 아니고 느끼는것이다.. 힐링 갓겜,이 것 은 즐기는게 아니고 느끼는것이다 .. 힐링 갓 겜,2018-07-23 17:27:30
648800,Raft,positive,나몰나몰!!,나 몰나 몰 !!,2018-07-22 14:13:58
648800,Raft,positive,"먼저 이게임의 향후 발전에 대해서 건의 드릴께요! 1. 다양한 섬과 다양한 생태계가 필요합니다. 빙하가 녹아 해수면이 높아진 지구라는 설정인데. 상어만 나와서 심심합니다. 방사능물질에 오염된 거대 해양동물을 만들어주세요(애완용 핑크돌고래 추가좀!) 또한 멸종했던 과거의 동물이나 신화속 동물들이 다시 나타납니다. 도도새라든지 유니콘이라든지(...) 케이지를 만들어 길들일수있게 합니다. 산양, 염소, 양, 젖소 등등... 축산품을 수확할수있게합니다. 2. 상어뿐만 아니라 거대한 오징어 괴물이","먼저 이 게임 의 향후 발전 에 대해 서 건의 드릴께요 ! 1 . 다양한 섬 과 다양한 생태계 가 필요합니다 . 빙하 가 녹아 해수면 이 높아진 지구 라는 설정 인데 . 상어 만 나와서 심심합니다 . 방사 능 물질 에 오염 된 거대 해양 동물 을 만들어주세요 ( 애완 용 핑크돌고래 추가 좀 !) 또한 멸종 했던 과거 의 동물 이나 신화 속 동물 들 이 다시 나타납니다 . 도도새 라든지 유니콘 이라든지 (...) 케이 지를 만들어 길들일수있게 합니다 . 산양 , 염소 , 양 , 젖소 등등 ... 축산 품 을 수확 할수있게 합니다 . 2 . 상어 뿐 만 아니라 거대한 오징어 괴물 이",2018-07-20 21:45:25
648800,Raft,positive,망겜,망겜,2018-07-20 10:20:22
648800,Raft,positive,힐링겜,힐링 겜,2018-07-18 01:28:14
648800,Raft,positive,재미쒀요 여럿이서 하면 더 재미쒀요 너모너모너모너모너모너모너모너모너모 재미쒀요,재미 쒀요 여럿 이서 하면 더 재미 쒀요 너 모 너 모 너 모 너 모 너 모 너 모 너 모 너 모 너 모 재미 쒀요,2018-07-18 00:06:19
648800,Raft,positive,시작한지 얼마안됬는데 같이할분 구합니다 물론초보고 디스코드 가능합니다.,시작 한지 얼마 안됬는데 같이 할 분 구합 니 다 물론 초보 고 디스 코드 가능합니다 .,2018-07-17 19:58:15
648800,Raft,positive,Good,Good,2018-07-15 13:57:43
648800,Raft,positive,본격 인싸 유사 마인크래프트 해양판 솔직히 말해서 창조모드가 제일 편하며 생존은 진짜 현실만으로도 버거운 나한테는 극히 호불호가 갈리는 게임. 혼자하다가 혼자하고있는 나를 보면 정말 한심해보여지는 게임. 같이 할 친구없으면 돈이 아까운 게임. 극초반에는 정말 재밌지만 가면 갈수록 사람 인성 드러나는 게임. 아직 개발단계라 그런지 딱히 집짓고 사냥하고 생존하는거 이외에는 정말 할 거 없다. 그냥 같이 할 친구 많으면 STEAM한테 용돈준다는 생각으로 사라. 전체적으로 좀 많이 부족한 게임. 그러나 배경은 진짜 이쁘다.,본격 인 싸 유사 마인크래프트 해양 판 솔직히 말 해서 창조 모드 가 제일 편하며 생존 은 진짜 현실 만으로도 버거운 나 한테 는 극히 호불호 가 갈리는 게임 . 혼자 하다가 혼자 하고있는 나를 보면 정말 한심해 보여지는 게임 . 같이 할 친구 없으면 돈 이 아까운 게임 . 극 초반 에는 정말 재밌지만 가면 갈수록 사람 인성 드러나는 게임 . 아직 개발 단계 라 그런지 딱히 집 짓고 사냥 하고 생존 하는거 이외 에는 정말 할 거 없다 . 그냥 같이 할 친구 많으면 STEAM 한테 용돈 준다는 생각 으로 사라 . 전체 적 으로 좀 많이 부족한 게임 . 그러나 배경 은 진짜 이쁘다 .,2018-07-14 22:02:37
648800,Raft,positive,오랜만에 다시 들어갔는데 추가 된게 많아서 좋았음. 친구랑 다시 해봐야지,오랜 만 에 다시 들어갔는데 추가 된게 많아서 좋았음 . 친구 랑 다시 해봐야지,2018-07-14 13:04:02
648800,Raft,positive,한 배 탄 입장인데 좀 자원도 나눠쓰고 응? 좀 그래야지 응? 마 쓰레기가 전부 니껀 아니잖아 응?,한 배 탄 입장 인데 좀 자원 도 나눠 쓰고 응 ? 좀 그래야지 응 ? 마 쓰레기 가 전부 니껀 아니잖아 응 ?,2018-07-13 20:44:13
648800,Raft,positive,파밍하는 재미가 쏠쏠함,파밍 하는 재미 가 쏠쏠함,2018-07-13 20:32:56
648800,Raft,positive,스트레스 받지 않고 가벼운 마음으로 즐길 수 있는 게임. 친구들이랑 같이 하면 재미가 배로 늘어나요!,스트레스 받지 않고 가벼운 마음 으로 즐길 수 있는 게임 . 친구 들 이랑 같이 하면 재미 가 배 로 늘어나요 !,2018-07-13 07:45:06
648800,Raft,positive,재미는 있는데 혼자하니까 외로움 ㅋㅋ 같이하실분 구해요~~,재미 는 있는데 혼자 하 니까 외로움 ㅋㅋ 같이 하실 분 구해 요 ~~,2018-07-11 20:44:05
648800,Raft,positive,"재밌음, 재밌는데 컨텐츠가 좀 많이 부족함 돈이 아깝지는 않은데 컨텐츠는 좀 많아야 할듯","재밌음 , 재밌는데 컨텐츠 가 좀 많이 부족함 돈 이 아깝지는 않은데 컨텐츠 는 좀 많아야 할듯",2018-07-10 18:05:05
648800,Raft,positive,"4명 멀티로 한 번, 싱글로 한 번 했는데 여러 명일 수록 재밌고 진행도 빠릅니다. 게임은 그냥 바다에 떠있거나 섬에 있는 자원을 줍고 뗏목을 꾸미는게 끝이고 그래서 아직까진 굉장히 짧게 느껴짐 컨텐츠도 부족하고 후반 갈 수록 긴장감도 떨어지고 반복플레이가 심해서 실망스럽긴 함","4 명 멀티 로 한 번 , 싱글 로 한 번 했는데 여러 명일 수록 재밌고 진행 도 빠릅니다 . 게임 은 그냥 바다 에 떠있거나 섬 에 있는 자원 을 줍고 뗏목 을 꾸미는게 끝 이고 그래서 아직 까진 굉장히 짧게 느껴짐 컨텐츠 도 부족하고 후반 갈 수록 긴장감 도 떨어지고 반복 플레이 가 심해서 실망 스럽긴 함",2018-07-10 10:51:50
648800,Raft,positive,할인할떄 구매하세요 재미있습니다. 생존게임류를 좋아하시는 게임유저들은 재밌게 즐기실수있어요. 다만 후반에 컨텐츠부족으로..라이브러리에 모셔두게됩니다..,할인 할떄 구매 하세요 재미있습니다 . 생존 게임 류 를 좋아하시는 게임 유저 들 은 재밌게 즐기실수있어요 . 다만 후반 에 컨텐츠 부족 으로 .. 라이브러리 에 모셔 두게 됩니다 ..,2018-07-10 05:12:12
648800,Raft,positive,시간 가는줄을 모르고 했는데 어느순간 엔딩에 다다르게 되고 다시 해가 뜨고 있었습니다 정말 재미있음,시간 가는줄을 모르고 했는데 어느 순간 엔딩 에 다다르게 되고 다시 해 가 뜨고 있었습니다 정말 재미있음,2018-07-07 14:34:11
648800,Raft,positive,현제 마지막 종착지인 라디오 구조물 까지 가면 딱히 할게 없음 굳이 페인트질을 해야할 이유가 없는듯하고 철로된 바닥도 재료만 소비 할뿐 만들 이유가 없는듯 함 바다를 여행하며 생존 한다는 느낌이 참신 하지만 나중에는 바다 환경 미화원이 된거 같음 계발중인 게임 이긴 하나 그거치곤 21000원이란게 너무 비쌈 내가 느낀 후기 이니 나중에 사실분들은 업뎃을 보고 사길 바람,현 제 마지막 종착 지인 라디오 구 조물 까지 가면 딱히 할게 없음 굳이 페인트 질 을 해야 할 이유 가 없는 듯 하고 철로 된 바닥 도 재료 만 소비 할 뿐 만들 이유 가 없는듯 함 바다 를 여행 하며 생존 한다는 느낌 이 참신 하지만 나중 에는 바다 환경 미화원 이 된거 같음 계발 중 인 게임 이긴 하나 그거 치곤 21000원 이란게 너무 비쌈 내 가 느낀 후기 이니 나중 에 사실 분들 은 업뎃 을 보고 사길 바람,2018-07-07 07:57:00
648800,Raft,positive,유튜브에서 어떤분이 하는걸보고 1시간30분을 순삭당해서.. 2만원.. 비싸다 생각은 했으나 그냥 질러보았습니다. 솔직히 만원정도면 괜찮을거같습니다. 이만원 개에바; 하루가 어디갔는지 모르겠어요. 그래도 꽤 엔딩에 근접한거같습니다. 단점은 상어가 꽤나 자주온다는것(그래도 바다속에 있을땐 한번만물고 갔다가 옴) 초반에 재료가 너무 부족하지만 나중엔 엄청나게 쌓여서 버린다는점 엔딩이 동영상이나 어딘가로 가는 미션같은게 아니라 표지판에 그림만 덜렁 있는점 엔딩 전까지 너무 반복적이어서 조금 지루한점 캐릭터 공복이랑 갈증 신경쓰다가 내,유튜브 에서 어떤 분 이 하 는걸 보고 1시간 30분 을 순삭 당해서 .. 2만원 .. 비싸다 생각 은 했으나 그냥 질러 보았습니다 . 솔직히 만 원 정도 면 괜찮을거 같습니다 . 이만원 개 에바 ; 하루 가 어디 갔는지 모르겠어요 . 그래도 꽤 엔딩 에 근접한거 같습니다 . 단점 은 상어 가 꽤 나 자주 온다는것 ( 그래도 바다 속 에 있을 땐 한번 만물 고 갔다가 옴 ) 초반 에 재료 가 너무 부족하지만 나중 엔 엄청나게 쌓여서 버린다는 점 엔딩 이 동영상 이나 어딘가 로 가는 미션 같은게 아니라 표지판 에 그림 만 덜렁 있는 점 엔딩 전 까지 너무 반복 적 이어서 조금 지루한 점 캐릭터 공복 이랑 갈증 신경 쓰다가 내,2018-07-07 06:09:46
648800,Raft,positive,"노가다. 컨텐츠부족 . 똑같은재료의 반복 습득 2020/ 02 / 02 무수한 컨텐츠가 새로 생성되었고 , 스토리 일지가 생겨 세계관에 무슨일이 있었는지 등 알수있는 단서가 생겼고 유람선 컨텐츠는 스릴감 쩔게 잘만들었는데 아직 까지 더 진행해볼 컨텐츠가 남은거같다 예상하기로 플레이타임 50시간이면 모든컨텐츠 경험해볼수있을듯 다시 갓겜 ㅇㅈ","노가다 . 컨텐츠 부족 . 똑같은 재료 의 반복 습득 2020 / 02 / 02 무수 한 컨텐츠 가 새로 생 성 되었고 , 스토리 일지 가 생겨 세계관 에 무슨 일이 있었는지 등 알수있는 단서 가 생겼고 유람선 컨텐츠 는 스릴 감 쩔게 잘 만들었는데 아직 까지 더 진행 해볼 컨텐츠 가 남은거 같다 예상 하기로 플레이 타임 50시간 이면 모든 컨텐츠 경험 해볼수있을듯 다시 갓 겜 ㅇㅈ",2018-07-05 16:07:24
648800,Raft,positive,노가다,노가다,2018-07-05 14:09:43
648800,Raft,positive,"일단 생존게임을 좋아하는 사람이라면 매우 추천한다. 하지만 산 바로 당일에 엔딩을 봤을 정도로 아직은 컨텐츠가 좀 많이 부족하긴 하다. 지금은 엔딩다 깨고 광물만 수집하면서 집 확장하는 재미로 하고 있다. 40시간밖에 안했는데 벌써 엄청난 고인물이 된 것 같은 기분이 드는 게임. 얼리엑세스라 그런 거겠지만, 정식발매 할 때에는 더 많은 아이템과 스토리들이 나왔으면 좋겠다. 그리고 나는 혼자서 게임했는데 확실히 혼자보다는 친구랑 하는게 더 재밌긴 할 것 같다...어쨋든 킬링타임용으로는 최고최고.","일단 생존 게임 을 좋아하는 사람 이 라면 매우 추천 한다 . 하지만 산 바로 당일 에 엔딩 을 봤을 정도 로 아직 은 컨텐츠 가 좀 많이 부족하긴 하다 . 지금 은 엔딩 다 깨고 광물 만 수집 하면서 집 확장 하는 재미 로 하고 있다 . 40시간 밖에 안 했는데 벌써 엄청난 고 인물 이 된 것 같은 기분 이 드는 게임 . 얼리 엑세스 라 그런 거 겠지만 , 정식 발매 할 때 에는 더 많은 아이템 과 스토리 들 이 나왔으면 좋겠다 . 그리고 나 는 혼자 서 게임 했는데 확실히 혼자 보다는 친구 랑 하는게 더 재밌긴 할 것 같다 ... 어쨋 든 킬링타임 용 으로는 최고 최고 .",2018-07-02 08:30:20
648800,Raft,positive,컨텐츠가 너무 후달려요. 아이템 다 만들고 라이도타워까지 다녀오고 가기전까지는 재미있었는데 이제 다하고 나니까 재미가 없네요 무언가 더 추가해야될것 같아요.,컨텐츠 가 너무 후 달려요 . 아이템 다 만들고 라이 도 타워 까지 다녀오고 가기전까지는 재미있었는데 이제 다 하고 나 니까 재미 가 없네요 무언가 더 추가 해야 될것 같아요 .,2018-07-01 22:30:21
648800,Raft,positive,재미있어요. 베타 버전때부터 즐겼는데 정식으로 나오니 더 재미있어졌네요! 다음 업데이트가 기대됩니다!,재미있어요 . 베타 버전 때 부터 즐겼는데 정식 으로 나오니 더 재미있어졌네요 ! 다음 업데이트 가 기대 됩니다 !,2018-06-29 23:53:41
648800,Raft,positive,친구놈이랑 이틀?동안 하니까 엔딩보네요 재미는있음,친구 놈 이랑 이틀 ? 동안 하니까 엔딩 보네요 재미 는 있음,2018-06-29 22:50:09
648800,Raft,positive,상어는 좋은 단백질이죠!,상어 는 좋은 단백질 이 죠 !,2018-06-27 16:20:53
648800,Raft,positive,얼리엑세스라 2.1주고 샀지만 한 1.5정도면 적당한 게임인듯...마인크래프트 느낌도 나고 힐링게임이라고 하지만 해야될게 너무 많아서 힐링은 플레이타임 20은되야 그때부터 천천히 힐링할듯 나름 신선하드ㅑ ㅇㅅㅇ,얼리 엑세스 라 2.1 주고 샀지만 한 1.5 정도 면 적당한 게임 인 듯 ... 마인크래프트 느낌 도 나고 힐링 게임 이라고 하지만 해야 될게 너무 많아서 힐링 은 플레이 타임 20 은 되야 그때 부터 천천히 힐링 할듯 나름 신선 하드 ㅑ ㅇㅅㅇ,2018-06-27 00:41:58
648800,Raft,positive,재밌다. 가능성이 보이는 게임.,재밌다 . 가능성 이 보이는 게임 .,2018-06-26 18:49:31
648800,Raft,positive,이겜 갓갬이다 같이하면 더 갓겜이다,이 겜 갓 갬이다 같이 하면 더 갓 겜 이다,2018-06-25 23:02:32
648800,Raft,positive,"친구들이랑 같이하기에 재미있었음. 가격이 좀 비싸긴하지만... 일단 나온 안테나기지 엔딩까지 전부 다보면 멀하겠나. 배를 확장시키고 집을짓겠지.. 하지만 여기서 최악이라면 프레임이 엄청나게 내려간다.. 솔직히 배를 확장하고 건물짓고 하는재미로 하는게임이지.. 근대 조금만 지을라하면... 보인배는 현재 4층이상 확장하고 배도 그닥 안큼. 근대 프레임이 거이 20고정. 더이상 안오라감.. 게임을 못할정도로 렉이심하다.. 이게 제일큰거 같다.... 그래서 못하고 있을정도.,. 컴이 구린","친구 들 이랑 같이하기에 재미있었음 . 가격 이 좀 비싸긴하지만 ... 일단 나온 안테나 기지 엔딩 까지 전부 다 보면 멀하겠나 . 배 를 확장 시키고 집 을 짓겠지 .. 하지만 여기 서 최악 이 라면 프레임 이 엄청나게 내려간다 .. 솔직히 배 를 확장 하고 건물 짓고 하는 재미 로 하는 게임 이지 .. 근대 조금 만 지을라 하면 ... 보인 배는 현재 4 층 이상 확장 하고 배도 그닥 안 큼 . 근대 프레임 이 거 이 20 고정 . 더 이상 안 오라 감 .. 게임 을 못 할 정도 로 렉 이 심하다 .. 이 게 제일 큰거 같다 .... 그래서 못 하고 있을 정도 .,. 컴 이 구린",2018-06-25 15:22:44
648800,Raft,positive,생존게임을 즐기는 사람이라면 한번쯤 해봐야하는 게임인거 같음. 친구들과 함계하면 시간가는줄 모른다.,생존 게임 을 즐기는 사람 이 라면 한번 쯤 해봐 야하는 게임 인거 같음 . 친구 들 과 함계하면 시간 가는줄 모른다 .,2018-06-25 01:10:17
648800,Raft,positive,적당히 친구들하고 놀기 괜찮음,적당히 친구 들 하고 놀기 괜찮음,2018-06-21 18:15:33
648800,Raft,positive,요즘 1기가도 안되는 게임이 얼마나 존재할까요? 이 게임은 460mb짜리 게임입니다. 하지만 이 작은 게임이 지니고 있는 의미는 이보다 훨씬 크군요.,요즘 1 기 가도 안되는 게임 이 얼마나 존재 할까 요 ? 이 게임 은 460 mb 짜리 게임 입니다 . 하지만 이 작은 게임 이 지니 고 있는 의미 는 이보 다 훨씬 크군요 .,2018-06-19 04:06:49
648800,Raft,positive,Raft 를 해보았지만 바다위에서 생활하면서 자원을 구하고 섬파밍을 하고 매우 독특하고 재미가있습니다. 개인적으로 바다에 빠지면 뭔가 좀 힘들게만들어야하는데 현재 지금보면 바닥에 철판을 깔아 상어가 물어도 체력만 까지고 4 ~ 5번 물어야 깨집니다. 집을 점점 크게 확장할수록 상어에 대한 수비가 쉽지가않습니다. 차라리 상어를 1마리에서 매우쉬움 1마리 쉬움 3마리 보통 5마리 어려움 10마리 이런식으로 상어를 늘리고 바닥에 철판을 붙이는것 뿐만이아니라 상어가 아에 철판을 부술수없도록 예를들어 철8개 / 구리 5개 / 나사 8개,Raft 를 해보았지만 바다 위 에서 생활 하면서 자원 을 구 하고 섬 파밍 을 하고 매우 독특하고 재미 가 있습니다 . 개인 적 으로 바다 에 빠지면 뭔가 좀 힘들게만 들어야하는데 현재 지 금보 면 바닥 에 철판 을 깔아 상어 가 물어 도 체력 만 까지고 4 ~ 5 번 물어 야 깨집니다 . 집 을 점점 크게 확장 할수록 상어 에 대한 수비 가 쉽지가 않습니다 . 차라리 상어 를 1 마리 에서 매우 쉬움 1 마리 쉬움 3 마리 보통 5 마리 어려움 10 마리 이런 식 으로 상어 를 늘리고 바닥 에 철판 을 붙이는것 뿐 만이 아니라 상어 가 아 에 철판 을 부술수 없도록 예 를 들어 철 8 개 / 구리 5 개 / 나사 8 개,2018-06-19 01:05:04
648800,Raft,positive,게임은 재밌지만 위험요소가 상어 하나라 창하나면 상어가 위험이 아니라 고기 4덩이가 되버려 게임이 너무 쉬워진다.,게임 은 재밌지만 위험 요소 가 상어 하나라 창 하나 면 상어 가 위험 이 아니라 고기 4 덩이 가 되 버려 게임 이 너무 쉬워진다 .,2018-06-18 19:06:20
648800,Raft,positive,흠.... 이 게임으로 말할것 같으면 갈고리로 시작해서 갈고리로 끝나는 겜이다. 분위기도 잔잔하고 머리 아플 것도 없어서 무난하게 하기 좋음,흠 .... 이 게임 으로 말 할것 같으면 갈고리 로 시작 해서 갈고리 로 끝나는 겜 이다 . 분위기 도 잔잔하고 머리 아플 것 도 없어서 무난 하게 하기 좋음,2018-06-18 06:43:32
648800,Raft,positive,친구없으면 외로운게임,친구 없으면 외로운 게임,2018-06-17 15:39:34
648800,Raft,positive,엔딩이 있다고 들어서 열심히 찾아보았으나 아직 미구현인 것 같습니다. 아직 컨텐츠가 많지 않아서 반복적인 요소가 많지만 그래도 개인적으론 재미있게 했습니다.,엔딩 이 있다고 들어서 열심히 찾아보았으나 아직 미 구현 인 것 같습니다 . 아직 컨텐츠 가 많지 않아서 반복 적 인 요소 가 많지만 그래도 개인 적 으론 재미있게 했습니다 .,2018-06-17 00:00:16
648800,Raft,positive,같이할 친구 없으면 사지마...,같이 할 친구 없으면 사지마 ...,2018-06-16 21:48:26
648800,Raft,positive,컨텐츠들이 많이 나왔으면 좋겠습니다.,컨텐츠 들 이 많이 나왔으면 좋겠습니다 .,2018-06-16 21:15:54
648800,Raft,positive,재미있긴 한데 버그 조금 있고 얼리억섹스라 그런지 한 4시간하면 컨텐츠 고갈되서 할거없어짐,재미있긴 한데 버그 조금 있고 얼리 억 섹스 라 그런지 한 4시간 하면 컨텐츠 고갈 되서 할거 없어짐,2018-06-15 23:38:16
648800,Raft,positive,로드호그가 쓰레기로 넘처나는 바다를 표류하면서 갈고리 에임 연습하는 게임 누가 로드호그 아니랄까봐 머리에 상어머리를 쓰는 스킨을 재현할수도 있다 언제나 따라오며 죽어도 돌아오는 불사의 상어 한마리와 함께하는 모험은 절대로 외롭지 않다!,로드 호그 가 쓰레기 로 넘 처나 는 바다 를 표류 하면서 갈고리 에 임 연습 하는 게임 누가 로드 호그 아니 랄 까 봐 머리 에 상어 머리 를 쓰는 스킨 을 재현 할수도 있다 언제나 따라오며 죽어도 돌아오는 불사 의 상어 한 마리 와 함께 하는 모험 은 절대로 외롭지 않다 !,2018-06-14 22:58:02
648800,Raft,positive,"재미는 있습니다. 그런데 아직 스토리면이나 버그들이 많이 있는듯싶네요. 죽고 나면 더이상 쓰레기가 뜨지않는등, 갈고리가 뗏목에 끼면 물에 빠져야 다시 사용가능하는등 버그들 빠르게 수정 부탁드립니다.","재미 는 있습니다 . 그런데 아직 스토리 면 이나 버그 들 이 많이 있는듯 싶네요 . 죽고 나면 더 이상 쓰레기 가 뜨지 않는 등 , 갈고리 가 뗏목 에 끼 면 물 에 빠져야 다시 사용 가능하는 등 버그 들 빠르게 수정 부탁드립니다 .",2018-06-13 19:00:54
648800,Raft,positive,진짜 여태까지 했던 생존게임중에서 최고입니다!,진짜 여태 까지 했던 생존 게임 중 에서 최고 입니다 !,2018-06-13 18:14:32
648800,Raft,positive,"첨엔 혼자하다가 친구랑 같이하면 꿀잼일것 같아서 친구 꼬셔서 해봤는데 ㅋㅋㅋㅋㅋㅋㅋㅋ꿀잼 ㅋㅋㅋ 개꿀잼 ㅋㅋㅋㅁㅊ친구들이 내가 모아둔 템들 다 훔쳐가고자기 필요한것들 짓고 ㅋㅋㅋㅋㅋ하지만, 정말 컨트롤이 필요한사람만 들어갈수있는 건물 만들어놓으면 친구들 못올라오고 ㅋㅋ 템도 안뺏김 ㅋㅋㅋㅋㅋ이게임은 자물쇠를 못만들어서 친한사람끼리 해야함 ㅋㅋ왠만해선 친구들이랑 같이 하길 추천함 ㅋㅋㅋ 이놈에 스크랩 개xx템은.... 뭐 이리 구하기 힘들던지..ㅋㅋㅋㅋㅋㅋㅋㅋㅋㅋ아오!!!!엄청나게 큰 성같은 배 만들고나서 네비찍은곳 가서 결말 보면","첨 엔 혼자 하다가 친구 랑 같이 하면 꿀잼 일것 같아서 친구 꼬셔 서 해봤는데 ㅋㅋㅋㅋㅋㅋㅋㅋ 꿀잼 ㅋㅋㅋ 개꿀잼 ㅋㅋㅋㅁㅊ 친구 들 이 내 가 모아 둔 템 들 다 훔쳐가고 자기 필요한것 들 짓고 ㅋㅋㅋㅋㅋ 하지만 , 정말 컨트롤 이 필요한 사람 만 들어갈수있는 건물 만들어놓으면 친구 들 못 올라오고 ㅋㅋ 템 도 안 뺏 김 ㅋㅋㅋㅋㅋ 이 게임 은 자물쇠 를 못 만들어서 친한 사람 끼리 해야 함 ㅋㅋ 왠만해 선 친구 들 이랑 같이 하길 추천 함 ㅋㅋㅋ 이 놈 에 스크랩 개 xx 템 은 .... 뭐 이리 구 하기 힘들던지 .. ㅋㅋㅋㅋㅋㅋㅋㅋㅋㅋ 아오 !!!! 엄청나게 큰 성 같은 배 만 들고나서 네 비 찍은 곳 가서 결말 보면",2018-06-13 13:58:15
648800,Raft,positive,이겜은 친구랑해야 더 재밌는 게임,이 겜 은 친구 랑 해야 더 재밌는 게임,2018-06-13 13:33:55
648800,Raft,positive,이거 멀티 어떻게 해요?? 친구랑 하고싶은데 멀티하는법을 모르겠어요,이 거 멀티 어떻게 해 요 ?? 친구 랑 하고싶은데 멀티 하는 법 을 모르겠어요,2018-06-13 12:04:28
648800,Raft,positive,처음에 샀을땐 용량이적어 아이거 낚였구나... 라고생각햇다가 그대로 친구와 11시간 연속플레이.... 바다에서 물건을 얻어 물건과 판자를 늘려나간다는 발상은 신박하였습니다. 하지만 아직 개발단계여서그런지 템을 버리면 공중에서 안내려와서 먹어지지않는 버그라던지가 가끔있는대 그런거뺴곤 버그도 그렇게많은편은아닌거같습니다 . 매우재밌게하고있어요,처음 에 샀을 땐 용량 이적 어 아이거 낚였구 나 ... 라고 생각 햇 다가 그대로 친구 와 11시간 연속 플레이 .... 바다 에서 물건 을 얻어 물건 과 판자 를 늘려 나간다는 발상 은 신 박하였습니다 . 하지만 아직 개발 단계 여서 그런지 템 을 버리면 공중 에서 안 내려와서 먹어지지 않는 버그 라 던지가 가끔 있는대 그런거 뺴곤 버그 도 그렇게 많은 편 은 아닌거 같습니다 . 매우 재밌게하고있어요,2018-06-13 04:54:05
648800,Raft,positive,게임 하는 도중에 갑자기 아무런 템도 안뜨고 섬도 땟목도 아무것도 안뜨는 버그좀 고처주세요 그것 때문에 3번이나 처음부터 다시시작 했는데 또 이 버그 걸려서 아무것도 못하고 죽어가는중 이 문제 해결할 수 있는 분은 알려주세요 부탁드립니다.,게임 하는 도중 에 갑자기 아무런 템 도 안 뜨고 섬 도 땟목 도 아무 것 도 안 뜨는 버그 좀 고 처 주세요 그것 때문 에 3 번 이나 처음 부터 다시 시작 했는데 또 이 버그 걸려서 아무 것 도 못 하고 죽어가는 중 이 문제 해결 할 수 있는 분 은 알려주세요 부탁드립니다 .,2018-06-12 22:52:20
648800,Raft,positive,나름 엔딩스러운(?) 것까지 하고나니 더이상 이 게임을 해야할 이유를 모르겠습니다.. 열시간 넘게 했으면 이만원치는 충분히 즐긴거겠죠..? 자잘한 버그들은 항상 있고 생각보다 씨피유가 부들부들하는 느낌도 있습니다. 재밌습니다만 컨텐츠부족이 아쉽긴하네요.,나름 엔딩 스러운 (?) 것 까지 하고나니 더 이상 이 게임 을 해야 할 이유 를 모르겠습니다 .. 열 시간 넘게 했으면 이만원 치는 충분히 즐긴거겠죠 ..? 자잘한 버그 들 은 항상 있고 생각 보다 씨피유 가 부들부들하는 느낌 도 있습니다 . 재밌습니다만 컨텐츠 부족 이 아쉽긴 하네요 .,2018-06-12 09:12:34
648800,Raft,positive,바다 위에서 쓰레기를 건져서 배를 확장시키고 그위에서 건물들을 짓고 편하게 사는 게임,바다 위 에서 쓰레기 를 건져서 배 를 확장 시키고 그 위 에서 건물 들 을 짓고 편하게 사는 게임,2018-06-12 08:31:39
648800,Raft,positive,솔직히 할것도 많고 음악도 아름답고 아름다운 망망대해를 바라보는 것도 굉장히 좋지만 망망대해에 자원들이 널려있는 모습을 보면 살짝 깨긴하지만 바다를 잘 표현해낸것은 맞다. 상어 개새기고 나중에 업데이트가 된다면 다양한 해양생물과 더욱 깊은 바닷속으로 들어가 봤으면 좋겠다. 상어 개새기고 솔직히 난 처음에 상어가 나오는줄 전혀 몰랐다. 플레이하자마자 상어가 나오는데 상어진짜 무섭다. 난 쫄보라 상어개새기고 여튼 재밌다. 추천한다.,솔직히 할것도 많고 음악 도 아름답고 아름다운 망망대해 를 바라보는 것 도 굉장히 좋지만 망망대해 에 자원 들 이 널려 있는 모습 을 보면 살짝 깨긴하지만 바다 를 잘 표현 해낸것은 맞다 . 상어 개 새기고 나중 에 업데이트 가 된다면 다양한 해양 생물 과 더욱 깊은 바 닷 속 으로 들어가 봤으면 좋겠다 . 상어 개 새기고 솔직히 난 처음 에 상어 가 나오는줄 전혀 몰랐다 . 플레이 하 자마자 상어 가 나오는데 상어 진짜 무섭다 . 난 쫄보 라 상어 개 새기고 여 튼 재밌다 . 추천 한다 .,2018-06-11 12:07:39
648800,Raft,positive,상어 여러마리 다른 종류들 나오면 좋겠음,상어 여러 마리 다른 종류 들 나오면 좋겠음,2018-06-11 09:02:45
648800,Raft,positive,싱글플레이로 현제 나온 엔딩? 이라고 뭐하지만 커다란 타워로 찾아가보았다 싱글플레이는 솔직히 말해서 그렇게 재미있게 하지않았고 친구와 같이 플레이를 하면 재미있는 게임이다 배고픔과 갈증이 배로 늘어나 서로 먹을껄로 타투는둥 사소한 재미가 있다 아직 앞서 해보는 게임이기에 게속해서 발전할것으로 보기에 이게임을 추천한다,싱글플레이 로 현 제 나온 엔딩 ? 이라고 뭐 하지만 커다란 타워 로 찾아가 보았다 싱글플레이 는 솔직히 말 해서 그렇게 재미있게 하지 않았고 친구 와 같이 플레이 를 하면 재미있는 게임 이다 배고픔과 갈증 이 배 로 늘어나 서로 먹을껄 로 타투 는 둥 사소한 재미 가 있다 아직 앞서 해보는 게임 이기 에 게 속 해 서 발전 할것으로 보기 에 이 게임 을 추천 한다,2018-06-11 05:18:53
648800,Raft,positive,처음 튜토리얼이 좀 있었으면 좋겠습니다 초반에 너무 배고프고 힘들게 살아요 끅끅.. 그렇다고 네명이서하면 한명씩 밥먹이기 바쁨=_= ps.상어개새끼,처음 튜토리얼 이 좀 있었으면 좋겠습니다 초반 에 너무 배고프고 힘들게 살아요 끅끅 .. 그렇다고 네 명 이 서하면 한 명 씩 밥 먹이기 바쁨 =_= ps . 상어 개새끼,2018-06-11 00:05:50
648800,Raft,positive,아이디어는 신박하고 좋다 초반에는 할것도 많고 신기한것도 많으나 후반에 컨텐츠가 부족하다. 시간많고 할일없는사람에게 추천,아이디어 는 신 박하 고 좋다 초반 에는 할것도 많고 신기한것도 많으나 후반 에 컨텐츠 가 부족하다 . 시간 많고 할 일 없는 사람 에게 추천,2018-06-10 22:40:17
648800,Raft,positive,게임은 재밌게 하고 있는데 왜 멀미 나는 것까지 구현을 한건지 파도 치면 너무 힘들어요 게임을 그래서 연속으로 1시간을 못해요 너무 멀미나서,게임 은 재밌게 하고 있는데 왜 멀미 나 는 것 까지 구현 을 한 건 지 파도 치면 너무 힘들어요 게임 을 그래서 연속 으로 1시간 을 못 해요 너무 멀미 나서,2018-06-10 19:29:20
648800,Raft,positive,조금 ㄱㅊ,조금 ㄱㅊ,2018-06-10 18:39:56
648800,Raft,positive,개꿀잼이넹ㅋ,개꿀잼이넹 ㅋ,2018-06-10 14:03:30
648800,Raft,positive,더 이상할게 없어요...,더 이상할게 없어요 ...,2018-06-10 01:09:28
648800,Raft,positive,플레이타임이 10시간이라니,플레이 타임 이 10시간 이라니,2018-06-10 01:02:54
648800,Raft,positive,갓겜입니다,갓 겜 입니다,2018-06-09 22:35:31
648800,Raft,positive,재미는 있음그런데 단점이 2개 있음 친구랑 같이 멀티 할때 서버렉인지 뭔지 렉이 엄청 심함 그리고 두번째는 마지막 콘텐츠가 부족함 플레이타임 시간이 길어질수록 할게 없어짐 생존이아니라 해양 건설 게임이 됨 뭐 만들고 꾸미는거면 괜찮음 근데 재료가 너무 부족해서 개노가다가 필요함,재미 는 있음 그런데 단점 이 2 개 있음 친구 랑 같이 멀티 할 때 서버 렉 인지 뭔 지 렉 이 엄청 심함 그리고 두번째 는 마지막 콘텐츠 가 부족함 플레이 타임 시간 이 길어질수록 할게 없어짐 생존 이 아니라 해양 건설 게임 이 됨 뭐 만들고 꾸미는거면 괜찮음 근데 재료 가 너무 부족해서 개노가다가 필요함,2018-06-09 21:00:33
648800,Raft,positive,재밌다.. 재밌는데 할게 없다... (주륵),재밌다 .. 재밌는데 할게 없다 ... ( 주륵 ),2018-06-09 04:53:08
648800,Raft,positive,혼자서 어려움 도전하는데 한번 쓰려저서 친구한테 도움 요청하면 도와줄 친구가 없다,혼자 서 어려움 도전 하는데 한번 쓰려 저서 친구 한테 도움 요청 하면 도와줄 친구 가 없다,2018-06-08 22:53:46
648800,Raft,positive,재밌어요~ 2시간만에 환불했지만,재밌어요 ~ 2시간 만에 환불 했지만,2018-06-08 12:58:45
648800,Raft,positive,유투브에서 보고 재밌어보여서 구매 해봤는데 시간 보내기도 좋고 건물 꾸미는 재미가 쏠쏠해용 근데 이것도 시간이 지나니까 자본들이 남고 남아서 할일이 없어서 페인트질만 하니까 질려요 뭔가 꾸밀수있는 오브젝트가 훨씬 더 많아 았으면 좋겠습니다. 아직 얼리엑세스니까 이해하지만 정식 발매시엔 아이템의 다양성과 구조물을 좀 더 자유자제로 사용할수 있었으면 좋을거같다 라는 생각이 듭니다. 컨텐츠가 더 많았으면 좋겠어용! 전반적으로 추천합니다 가격값해요!,유투브 에서 보고 재밌어 보 여서 구매 해봤는데 시간 보내기도 좋고 건물 꾸미는 재미 가 쏠쏠해용 근데 이 것 도 시간 이 지나 니까 자본 들 이 남고 남아 서 할 일이 없어서 페인트 질 만 하니까 질려요 뭔가 꾸밀수있는 오브젝트 가 훨씬 더 많아 았으 면 좋겠습니다 . 아직 얼리 엑세스 니까 이해 하지만 정식 발매 시엔 아이템 의 다양성 과 구 조물 을 좀 더 자유자 제로 사용 할수 있었으면 좋을거 같다 라는 생각 이 듭니 다 . 컨텐츠 가 더 많았으면 좋겠어용 ! 전반 적 으로 추천 합니다 가격 값해 요 !,2018-06-08 01:24:30
648800,Raft,positive,아직 컨텐츠가 별로 없어 한계를 느낌 더욱 발전 되는것이 기대됨,아직 컨텐츠 가 별로 없어 한계 를 느낌 더욱 발전 되는것이 기대 됨,2018-06-07 16:05:51
648800,Raft,positive,설렁설렁 혼자 어려움으로하니 15시간정도 걸렷네요 이 게임은 3D게임 멀미 심한사람한테는비추입니다 저3D게임 멀미안하는데 이 게임하면서 처음으로 멀미겪음 그래서 나눠서 플레이 했음 또 게임이 너무쉬움 근데 자원캐면서 뗏목을 점점넓혀가니 엄청 재밌습니다 배경음 좋은것은 덤,설렁설렁 혼자 어려움 으로 하니 15시간 정도 걸렷네 요 이 게임 은 3 D 게임 멀미 심한 사람 한테 는 비추 입니다 저 3 D 게임 멀 미안하는데 이 게임 하면서 처음 으로 멀미 겪음 그래서 나눠서 플레이 했음 또 게임 이 너 무쉬 움 근데 자원 캐면서 뗏목 을 점점 넓혀가니 엄청 재밌습니다 배경음 좋은 것 은 덤,2018-06-07 06:28:48
648800,Raft,positive,"콘텐츠는 너무부족하고 중간에 섬이나 자원들이 하루동안 안나오면 꽤 힘드네요. 혼자서 하면 또 힘들고요 최소 2명이상해야 재미있네요, 2명이서 게임햇는데 난이도 보통햇는데도 한명은 계속 요리하고 한명은 계속 파밍하고 노예 된 기분;; 그래도 함께같이하거나 힐링할때 하면 좋을거 같네요","콘텐츠 는 너무 부족하고 중간 에 섬 이나 자원 들 이 하루 동안 안 나오면 꽤 힘드네요 . 혼자 서 하면 또 힘들고요 최소 2 명 이상해야 재미있네요 , 2 명 이서 게임 햇 는데 난이도 보통 햇 는데도 한 명 은 계속 요리 하고 한 명 은 계속 파밍 하고 노예 된 기분 ;; 그래도 함께같이 하 거나 힐링 할 때 하면 좋을거 같네요",2018-06-07 00:18:49
648800,Raft,positive,멀티플레이 개꿀잼 ㅎㅎ 이정도면 돈값한다 ㄹㅇ ㅋㅋ,멀티플레이 개꿀잼 ㅎㅎ 이 정도 면 돈값 한다 ㄹㅇ ㅋㅋ,2018-06-07 00:18:02
648800,Raft,positive,정확히 4시간만에 엔딩 위치까지 도달했다. 처음하는데도 플탐이 매우 짧았다. 집이나지어야지,정확히 4시간 만에 엔딩 위치 까지 도달 했다 . 처음 하는데도 플 탐이 매우 짧았다 . 집 이나 지어야지,2018-06-06 21:19:20
648800,Raft,positive,마크 바다버전... 힐링게임 업데이트 꾸준히 해주면 갓겜 될 거 같음,마크 바다 버전 ... 힐링 게임 업데이트 꾸준히 해주면 갓 겜 될 거 같음,2018-06-06 19:50:52
648800,Raft,positive,ddad,ddad,2018-06-06 14:09:35
648800,Raft,positive,혼자서 하지마세요.. 너무 힘듬 그리고 혼자 하면 6시간 정도면..,혼자 서 하지 마세요 .. 너무 힘듬 그리고 혼자 하면 6시간 정도 면 ..,2018-06-06 04:24:47
648800,Raft,positive,재미는 있는데 멀티 할때 수신기 키면 호스트 빼고 다 팅기는듯 ㅋㅋㅋㅋ,재미 는 있는데 멀티 할 때 수신기 키 면 호스트 빼고 다 팅기는듯 ㅋㅋㅋㅋ,2018-06-05 23:47:17
648800,Raft,positive,어..............건져야해...................어...........지나간다...........건져야하는데............어어................... 내 뗏목 물어뜯지마ㅏㅏㅏㅏ ......어....................건져야해............,어 .............. 건져야해 ................... 어 ........... 지나간다 ........... 건져야하는데 ............ 어어 ................... 내 뗏목 물어 뜯지마 ㅏㅏㅏㅏ ...... 어 .................... 건져야해 ............,2018-06-05 20:54:38
648800,Raft,positive,"★★★★☆(사실 별 3개 반...) 전체적으로는 만족합니다. 아직 얼리엑세스라서 그런지 잡다한 버그는 보이지만(버린 아이템이 공중에 떠 있는 등) 시간가는 줄 모르고 플레이 합니다. 다만 이 게임을 하기 전에 공략 글이나 영상을 보는 것을 추천합니다. 공략을 안보고 플 레이 하면 허둥지둥 대다가 재미가 떨어지기 십상입니다. 그리고 최적화가 좀 안되어 있는 듯 합니다. 제 사양이 그렇게 좋은 사양은 안되지만 GTA5 중상옵, 위쳐3 중하옵으로 무리없이 구동을 하는데 RAFT는 중옵션으로 플레이 할때 파도가 울렁이고 비가 내리면","★★★★☆ ( 사실 별 3 개 반 ...) 전체 적 으로는 만족합니다 . 아직 얼리 엑세스 라서 그런지 잡다한 버그 는 보이 지만 ( 버린 아이템 이 공중 에 떠 있는 등 ) 시간 가는 줄 모르고 플레이 합니다 . 다만 이 게임 을 하기 전 에 공략 글 이나 영상 을 보는 것 을 추천 합니다 . 공략 을 안보 고 플 레이 하면 허둥지둥 대 다가 재미 가 떨어지기 십상 입니다 . 그리고 최적화 가 좀 안되어 있는 듯 합니다 . 제 사양 이 그렇게 좋은 사양 은 안되지만 GTA 5 중상 옵 , 위 쳐 3 중 하옵으로 무리 없이 구동 을 하는데 RAFT 는 중 옵션 으로 플레이 할 때 파도 가 울렁이고 비 가 내리면",2018-06-05 20:43:30
648800,Raft,positive,휴식이 필요할때 하고싶은 게임 그러나 휴식을 못하는 게임,휴식 이 필요할 때 하고싶은 게임 그러나 휴식 을 못 하는 게임,2018-06-05 20:27:55
648800,Raft,positive,정말재미있음,정말 재미있음,2018-06-05 01:09:35
648800,Raft,positive,겉보기엔 한가하게 여행온것처럼 힐링될것 같지만 굉장히 바쁜 게임. - 부제 바다위의 환경미화원 - 이 더운 여름 보기만 해도 시원한 바다위 여유로운 파라다이스. 마음이 편해지는 탁 트인 시야와 따뜻한 배경음악까지. 어려운 전투를 계속하고 스킬트리. 아이템 세팅등으로 지쳐버린 당신에게 추천할만한 힐링게임 Raft. 장점 1. 푸르른 바다와 가끔 보이는 초록빛 섬. 아름다운 노을과 떠오르는 아침의 태양. 이런 생활도 괜찮지 않을까 하는 생각을 해보게 만드는 풍경은 굉장히 아름답다. 장점 2. 생존 게,겉보기 엔 한가하게 여행 온것처럼 힐링 될것 같지만 굉장히 바쁜 게임 . - 부제 바다 위 의 환경미화원 - 이 더운 여름 보기 만 해도 시원한 바다 위 여유 로운 파라다이스 . 마음 이 편해지는 탁 트인 시야 와 따뜻한 배경음악 까지 . 어려운 전투 를 계속 하고 스킬트리 . 아이템 세팅등 으로 지쳐 버린 당신 에게 추천 할만 한 힐링 게임 Raft . 장점 1 . 푸르른 바다 와 가끔 보이는 초록빛 섬 . 아름다운 노을 과 떠오르는 아침 의 태양 . 이런 생활 도 괜찮지 않을까 하는 생각 을 해보게 만드는 풍경 은 굉장히 아름답다 . 장점 2 . 생존 게,2018-06-03 18:58:26
648800,Raft,positive,판자고치는키좀요 ..,판자 고치는 키좀 요 ..,2018-06-03 18:05:24
648800,Raft,positive,팩트 : 비싸긴 비싸다. 이정도면 더포정도 가격대 나올줄 알았더니 2.1이라조금 놀람. 근데 재미는있음.친구랑 하다보면 시간가는줄 모르고 하게됨. 예전버젼만 즐기고왔다면 갑자기 올라간 난인도에 놀라게 될수도... 단점 (주관적) 발적화-뭐지? 할정도로 이상하게 사양을 먹는다.배그급 가격 - 아쉽다 팁 1.섬에서 구리 모래 찰흙 금속등 을 얻을수있다 섬 아래 잠수하면 갈고리로 캘수있다 2.멀티면 친구 밟고 올라가기 가능. 3.갈고리 끌고 바다빠지면 바로 얻기 가능. 4.상어 죽이고 찔러야 고기 얻는다.,팩트 : 비싸긴 비싸다 . 이 정도 면 더 포정 도 가격 대 나올줄 알았더니 2.1 이라 조금 놀람 . 근데 재미 는 있음 . 친구 랑 하다 보면 시간 가는줄 모르고 하게 됨 . 예 전 버젼 만 즐기고 왔다면 갑자기 올라간 난 인도 에 놀라게 될수도 ... 단점 ( 주관 적 ) 발 적 화 - 뭐 지 ? 할 정도 로 이상하게 사양 을 먹는다 . 배 그 급 가격 - 아쉽다 팁 1 . 섬 에서 구리 모래 찰흙 금속 등 을 얻을수있다 섬 아래 잠수 하면 갈고리 로 캘수있다 2 . 멀티 면 친구 밟고 올라가기 가능 . 3 . 갈고리 끌 고 바다 빠지면 바로 얻기 가능 . 4 . 상어 죽 이고 찔러야 고기 얻는다 .,2018-06-03 17:16:07
648800,Raft,positive,good,good,2018-06-03 14:19:20
648800,Raft,positive,늘 혼자 하니까 재미가 반감되네요.. 같이 하실분은 친추 주세요,늘 혼자 하니까 재미 가 반감 되네요 .. 같이 하실 분 은 친추 주세요,2018-06-03 12:55:45
648800,Raft,positive,상어가 뗏목을 공격 On / Off 기능을 추가시켜주세요.,상어 가 뗏목 을 공격 On / Off 기능 을 추가 시켜주세요 .,2018-06-03 06:42:38
648800,Raft,positive,나름 엔딩이 있어서 신기했고 평소에 생존게임을 좋아해서 너무 재밌게했다.,나름 엔딩 이 있어서 신기했고 평소 에 생존 게임 을 좋아해서 너무 재밌게 했다 .,2018-06-03 02:34:03
648800,Raft,positive,탐색하는 재미,탐색 하는 재미,2018-06-02 13:34:53
648800,Raft,positive,새벽에 플레이 하니까 너무 잠옴,새벽 에 플레이 하니까 너무 잠옴,2018-06-02 03:51:45
648800,Raft,positive,"플레이는 재밌음, 적은 볼륨, 금방 질림, 업데이트 기대됨 참고로 멀티 버그 개많음","플레이 는 재밌음 , 적은 볼륨 , 금방 질림 , 업데이트 기대 됨 참고 로 멀티 버그 개 많음",2018-06-01 23:59:45
648800,Raft,positive,게임은 좋은데 멀티가 너무 안됨ㅋㅋㅋ 멀티만 잘되면 좋겠음 무슨 BJ들은 잘되게 손봐놓고 나머지는 하지말란 소린지 왜 멀티만 들어가면 랙걸리고 튕기는지 모르겠음 앞서해보는거라지만 이거는 너무 아닌거같다,게임 은 좋은데 멀티 가 너무 안됨 ㅋㅋㅋ 멀티 만 잘 되면 좋겠음 무슨 BJ 들은 잘 되게 손 봐놓고 나머지 는 하지말란 소린 지 왜 멀티 만 들어가면 랙걸리 고 튕기는 지 모르겠음 앞서 해보는거 라지 만 이 거 는 너무 아닌거 같다,2018-06-01 22:50:22
648800,Raft,positive,제작자님 버그제보 입니다. 투척식앵커 던지고풀면배가가라아져요.고쳐주셈,제작자 님 버그 제보 입니다 . 투척 식 앵커 던지고 풀 면배 가가 라 아 져요 . 고쳐주셈,2018-06-01 21:50:49
648800,Raft,positive,아무 것도 모른 채로 친구에게 선물 받아서 해봤습니다 재미있네요 처음에 시스템을 익힌다고 잠깐 고생을 하겠지만 그 고생이 금방 잊혀질 정도로 접근성이 나쁘지 않고 친구랑 둘이서 하니 역할 분담도 되고 할만하네요 개인적으로 와우 같은 온라인 게임을 많이 해서 저장고 창과 인벤토리 창을 같이 열었을 때 우클릭으로 이동이 되지 않아 일일이 옮기는 점이 불편했지만 차후 개선 될 거라 생각합니다 어느정도 자원도 갖추고 기술력도 갖추고 나니까 이것저것 시도해볼 여유가 생겼는데 배 위에 집을 짓는다던가 하는 다양한 컨텐츠가 나왔으면 좋겠,아무 것 도 모른 채 로 친구 에게 선물 받아서 해봤습니다 재미있네요 처음 에 시스템 을 익힌다고 잠깐 고생 을 하겠지만 그 고생 이 금방 잊혀질 정도 로 접근성 이 나쁘지 않고 친구 랑 둘이서 하니 역할 분담 도 되고 할만 하네요 개인 적 으로 와우 같은 온라인 게임 을 많이 해서 저장 고 창 과 인벤 토리 창 을 같이 열었을 때 우 클릭 으로 이동 이 되지 않아 일일이 옮기는 점 이 불편했지만 차후 개선 될 거 라 생각 합니다 어느 정도 자원 도 갖추고 기술 력 도 갖추고 나 니까 이 것 저 것 시도 해볼 여유 가 생겼는데 배 위 에 집 을 짓는다던가 하는 다양한 컨텐츠 가 나왔으면 좋겠,2018-06-01 10:56:30
648800,Raft,positive,정말 재미있습니다 바다위의 마인크레프트!!!,정말 재미있습니다 바다 위 의 마인 크 레프트 !!!,2018-06-01 00:50:55
648800,Raft,positive,재미있는 게임이다. 하지만 단점 이야기 해볼려한다 1. 컨텐츠가 너무 부족하다. 컨텐츠의 재생산이 불가능하다보니 한계를 느끼게 된다. 얼리라는 점을 고려해서 향후 다시 해볼려고 한다. 2. 건설을 무조건 메인 배에만 건설된다. 섬이나 레이더기지에도 깃발과 돛을 꼽고 꾸며보고 싶은데 불가능한점이 아쉽다. 또한 친구들과 별도의 배를 꾸려서 서로 만날수있으면 재미있을듯 하다. 3. 상어와 새 밖에 없다는게 뭔가 적막하다. 4. BGM이 너무 초라하다. 그냥 게임만 하기에는 너무 조용해서 적막하다. 5. 최적화가 안좋은,재미있는 게임 이다 . 하지만 단점 이야기 해볼려 한다 1 . 컨텐츠 가 너무 부족하다 . 컨텐츠 의 재생산 이 불가능하다 보니 한계 를 느끼게 된다 . 얼리라는 점 을 고려 해서 향후 다시 해볼려고 한다 . 2 . 건설 을 무조건 메인 배 에만 건설 된다 . 섬 이나 레이더기지 에도 깃발 과 돛 을 꼽 고 꾸며 보고 싶은데 불가능한 점 이 아쉽다 . 또한 친구 들 과 별도 의 배 를 꾸려서 서로 만날수있으면 재미있을듯 하다 . 3 . 상어 와 새 밖에 없다는게 뭔가 적막하다 . 4 . BGM 이 너무 초라하다 . 그냥 게임 만 하기에는 너무 조용해서 적막하다 . 5 . 최적화 가 안좋은,2018-05-31 22:28:54
648800,Raft,positive,6시간하면 끝나는게임,6시간 하면 끝나는 게임,2018-05-31 22:11:06
648800,Raft,positive,평균 플레이타임 6시간,평균 플레이 타임 6시간,2018-05-31 22:10:55
648800,Raft,positive,f,f,2018-05-31 09:00:00
648800,Raft,positive,"이미 국내 스트리머들로부터 많이 알려진 해양생존게임. 노잼사할것같은 폴리곤 덩어리였던 알파버전에서, 그래픽부터 눈에띄게 많이 바뀌었고 크래프팅도 다양하게 추가되었다. 초반에는 갈고리로 쓰레기 주워모으느라 스트레스지만, 섬 공략을 알게 되고 자원을 털기 시작하는 순간부터 발전속도가 눈에 띄게 빨라진다. 모든 크래프팅을 마친 뒤는 자유롭게 탐험을 하거나 집을 더 넓히고 꾸밀 수 있는 정도의 한계점이 있는 컨텐츠가 단점이다. 일단 이 게임을 진행하면서 필수팁을 적어주겠다. < 1. 배의 각도가 절대 틀어져선 안된다. > '돛대'를","이미 국내 스트리머 들 로부터 많이 알려진 해양 생존 게임 . 노잼 사할것 같은 폴리곤 덩어리 였던 알파 버전 에서 , 그래픽 부터 눈 에 띄게 많이 바뀌었고 크 래프팅 도 다양하게 추가 되었다 . 초반 에는 갈고리 로 쓰레기 주워 모으느라 스트레스 지만 , 섬 공략 을 알 게 되고 자원 을 털기 시작 하는 순간 부터 발전 속도 가 눈 에 띄게 빨라진다 . 모든 크 래프팅 을 마친 뒤 는 자유롭게 탐험 을 하 거나 집 을 더 넓히고 꾸밀 수 있는 정도 의 한계 점 이 있는 컨텐츠 가 단점 이다 . 일단 이 게임 을 진행 하면서 필수 팁 을 적어주겠다 . < 1 . 배 의 각도 가 절대 틀어져 선 안된다 . > ' 돛대 ' 를",2018-05-31 01:31:27
648800,Raft,positive,아직은 컨텐츠가 많이 부족하네요. 얼리 엑세스라 그정도는 감안하고 플레이 하긴 했는데. 정식 오픈 까지는 관짝에서 쉬게 두어야 할 듯..,아직 은 컨텐츠 가 많이 부족하네요 . 얼리 엑세스 라 그 정도 는 감안 하고 플레이 하긴 했는데 . 정식 오픈 까지는 관짝 에서 쉬 게 두어야 할 듯 ..,2018-05-30 23:30:13
648800,Raft,positive,흥갓겜,흥 갓 겜,2018-05-30 17:33:29
648800,Raft,positive,생존 형식의 게임을 좋아하신다면 추천합니다 같이 하실 친구가 있으면 더욱더 재밌게 할수있을거 같네요 혼자 싱글로만 해도 재밌는거같습니다 이 게임을 사고 하고있는데 하루만에 9시간동안 안쉬고 해버렸네요 ㅋㅋㅋㅋㅋ 게임하다가 시간이 훅 지나갈만큼 되게 재밌는거 같습니다 작은 섬이랑 배가 플레이 하다보면 나오는데 배같은 경우 상자가 있는데 빠르게 먹고 다시 자신의 배를 타는게 좋습니다 금방 침몰 하더군요 작은 섬 같은경우도 집이 있을때도 있고 집이없을때도 있는데 집이있을경우 그집에 상자에서 필요한건 얻을수 있으니 가주시는게 좋습니다,생존 형식 의 게임 을 좋아하신다면 추천 합니다 같이 하실 친구 가 있으면 더욱더 재밌게 할수있을거 같네요 혼자 싱글 로만 해도 재밌는거 같습니다 이 게임 을 사고 하고있는데 하루 만에 9시간 동안 안 쉬고 해 버렸네요 ㅋㅋㅋㅋㅋ 게임 하다가 시간 이 훅 지나갈만큼 되게 재밌는거 같습니다 작은 섬 이랑 배 가 플레이 하다 보면 나오는데 배 같은 경우 상자 가 있는데 빠르게 먹고 다시 자신 의 배 를 타는게 좋습니다 금방 침몰 하더군요 작은 섬 같은 경우 도 집 이 있을 때 도 있고 집 이 없을 때 도 있는데 집이있을 경우 그 집 에 상자 에서 필요한건 얻을수 있으니 가주시는게 좋습니다,2018-05-30 15:56:23
648800,Raft,positive,살려주세요,살려주세요,2018-05-30 15:04:06
648800,Raft,positive,"친구랑 같이하기위해서 게임을 사고 9시간동안 즐겼습니다 여러가지 단점을 제외한다면 정말 재미있는 게임입니다 이게임의 단점이라고 말하자면 컨텐츠 부족, 조금의 발번역, 어려움에도 불구하고 쉬운 난이도 게임 초반에는 상어피하랴, 도끼만들어서 섬 올라가 파밍하느랴, 바닷물에 떠내려오는 아이템 파밍하느랴, 잠수함에있는 템 먹으랴, 포만감, 목마름 해결하기 바쁘기도 바쁘구요 굉장히 바쁘고 여러모로 알차게 시간을 보냅니다 다만 어느정도 자원이 생기고 상어도 한두번 떄려잡다보면 게임이 급격히 쉬워집니다 후반부로 가면 갈수록 배고플걱정, 목","친구 랑 같이 하기 위해 서 게임 을 사고 9시간 동안 즐겼습니다 여러가지 단점 을 제 외한 다 면 정말 재미있는 게임 입니다 이 게임 의 단점 이라고 말 하자면 컨텐츠 부족 , 조금 의 발 번역 , 어려움 에도 불구 하고 쉬운 난이도 게임 초반 에는 상어 피하랴 , 도끼 만 들어서 섬 올라가 파밍 하느랴 , 바닷물 에 떠내려오는 아이템 파밍 하느랴 , 잠수함 에 있는 템 먹으랴 , 포만 감 , 목마름 해결 하기 바쁘 기도 바쁘구요 굉장히 바쁘고 여러 모로 알차게 시간 을 보냅니다 다만 어느 정도 자원 이 생기 고 상어 도 한두 번 떄려 잡다 보면 게임 이 급격히 쉬워 집니다 후반 부로 가면 갈수록 배고플 걱정 , 목",2018-05-29 23:30:46
648800,Raft,positive,더 포레스트에서 식인종만 먹어서 질린다고요?그럼 이 게임에서 고품질 상어구이 먹으려오세요,더 포레스트 에서 식인종 만 먹어서 질린다고요 ? 그럼 이 게임 에서 고 품질 상어 구이 먹으려오 세 요,2018-05-29 21:49:28
648800,Raft,positive,ㅈ같은 판정. ㅈ같은 렉. ㅈ같은 운빨자원,ㅈ 같은 판정 . ㅈ 같은 렉 . ㅈ 같은 운빨 자원,2018-05-29 20:43:24
648800,Raft,positive,모든 일이 다 그렇겠지만 자신이 미흡했던 부분을 피드백하며 개선시키는 활동이 특히 이 게임에서는 뿌듯하게 느껴집니다. 시간이 갈수록 표류가아닌 항해를 하고 있는 캐릭터의 모습을 볼 때면 제 가슴마저 뜨거워지는것만 같읍니다.,모든 일이 다 그렇겠지만 자신 이 미흡했던 부분 을 피드백 하며 개선 시키는 활동 이 특히 이 게임 에서는 뿌듯하게 느껴집니다 . 시간 이 갈수록 표류 가 아닌 항해 를 하고 있는 캐릭터 의 모습 을 볼 때 면 제 가슴 마저 뜨거워지는것만 같 읍니 다 .,2018-05-29 17:27:17
648800,Raft,positive,"이게임 시간 살살 녹는다. 장점은 아직 을리윽세스라 스토리가 없어서 멍때리면서 하기 좋다. 단점은 pc 사양을 적자면 i7-7700k 4.2Ghz RAM 32GB GF GTX 1080TI 이 옵션가지고 양호에서 38 x 38 정육면체, 높이 4층 이상, 나무 20그루 심으면 21프레임 나온다. 헬적화가 따로 없다.","이 게임 시간 살살 녹는다 . 장점 은 아직 을리윽세스 라 스토리 가 없어서 멍 때리면서 하기 좋다 . 단점 은 pc 사양 을 적자 면 i 7-7700 k 4.2 Ghz RAM 32 GB GF GTX 1080 TI 이 옵션 가지 고 양호 에서 38 x 38 정육면체 , 높이 4 층 이상 , 나무 20 그루 심으면 21 프레임 나온다 . 헬적화 가 따로 없다 .",2018-05-29 14:39:05
648800,Raft,positive,생존게임 좋아하시는 분들이 하시면 재밌습니다. 바다에서 땟목을 타고다니면서 자원을모으고 모인자원을 가지고 물품을 만들어서 섬가서 다시 자원을 모으고 그냥 모으고 만들고 모으고 만들고의 반복입니다. 단점이 있다면 컨텐츠가 부족하다라는점. 많을걸 해보고싶은데 할수있는게 너무 적습니다. 현재까지의 컨텐츠로는 21000원이 부담스러울수도 있지만 패치로인해 상향될 가능성은 충분히 있으니 지금사놓는게 좋습니다.,생존 게임 좋아하시는 분 들 이 하시면 재밌습니다 . 바다 에서 땟목 을 타고다니면서 자원 을 모으고 모 인자 원 을 가지 고 물품 을 만들어서 섬가서 다시 자원 을 모으고 그냥 모으고 만들고 모으고 만들고의 반복 입니다 . 단점 이 있다면 컨텐츠 가 부족하다라는 점 . 많을걸 해보고싶은데 할수있는게 너무 적습니다 . 현재 까지의 컨텐츠 로는 21000원 이 부담스러울수도 있지만 패치 로 인해 상향 될 가능성 은 충분히 있으니 지 금사 놓는게 좋습니다 .,2018-05-29 13:13:14
648800,Raft,positive,상어 리젠이 너무 빠른거 빼면 괜찮네요.,상어 리젠 이 너무 빠른거 빼면 괜찮네요 .,2018-05-29 09:12:33
648800,Raft,positive,상어와 목숨을 건 사투! 그 속에서 살아남기!! 재료들은 검색을 통해 어떻게 만드는지 알아보시는걸 추천드립니다... 특정재료는 구해야되는줄 알고 힘들게하다가... 나중에 알게됬네요 ㅜㅠ 베타인 점을 고려하면 미래가 기대되는 꿀잼입니다. 단! 보트 블럭을 20x20 + 10x20으로 지으면 프레임 드랍이 심하니 주의하세요!,상어 와 목숨 을 건 사투 ! 그 속 에서 살아남기 !! 재료 들 은 검색 을 통해 어떻게 만드는지 알아보시는걸 추천 드립니다 ... 특정 재료 는 구해 야 되는줄 알 고 힘들게 하다가 ... 나중 에 알 게 됬네요 ㅜㅠ 베타 인 점 을 고려 하면 미래 가 기대 되는 꿀잼 입니다 . 단 ! 보트 블럭 을 20 x 20 + 10 x 20 으로 지으면 프레임 드랍 이 심하니 주의 하세요 !,2018-05-29 07:05:27
648800,Raft,positive,재미는 있었지만 버그가 있군요. 수정됬으면 좋겠네요.,재미 는 있었지만 버그 가 있군요 . 수정 됬으면 좋겠네요 .,2018-05-29 01:54:31
648800,Raft,positive,초반에는 정말 재미있는데 텃밭이랑 정수기랑 그물망 설치되고 나면 너무 루즈해짐. 그 다음부터는 생존 게임이 아니라 건설 게임. 자원이 넘쳐나서 상어가 판자 뜯어가도 그러려니... 나중에 다시 설치하지 뭐...,초반 에는 정말 재미있는데 텃밭 이랑 정수기 랑 그물 망 설치 되고 나면 너무 루즈 해 짐 . 그 다음 부터는 생존 게임 이 아니라 건설 게임 . 자원 이 넘쳐나서 상어 가 판자 뜯어가도 그러려니 ... 나중 에 다시 설치 하지 뭐 ...,2018-05-29 00:29:17
648800,Raft,positive,Raft + friend = 추천,Raft + friend = 추천,2018-05-29 00:13:44
648800,Raft,positive,배멀미 있는 분들은...하지마세요.,배 멀미 있는 분 들 은 ... 하지 마세요 .,2018-05-28 16:30:39
648800,Raft,positive,워터월드라는 영화와 상당히 비슷한 게임,워터월드 라는 영화 와 상당히 비슷한 게임,2018-05-28 14:49:24
648800,Raft,positive,재미있고 음악도 좋고 풍경도 좋은데 멀미있는사람은 하지마세요.. 구토직전까지 갔다왔습니다..,재미있고 음악 도 좋고 풍경 도 좋은데 멀미 있는 사람 은 하지 마세요 .. 구토 직전 까지 갔다 왔습니다 ..,2018-05-28 00:07:58
648800,Raft,positive,혼자살기에는 약간 힘들듯.. 친구랑 같이하면 좋아요 :] 정신없이 이틀동안 열심히 게임하고 끝을봤네요 섬이나 버려진 배에 혹하여 쓰레기길을 크게 벗어나지않도록 조심해요 :[,혼자 살기 에는 약간 힘들듯 .. 친구 랑 같이 하면 좋아요 :] 정신없이 이틀 동안 열심히 게임 하고 끝 을 봤네요 섬 이나 버려진 배 에 혹 하여 쓰레기 길 을 크게 벗어나지 않도록 조심해요 :[,2018-05-27 23:14:34
648800,Raft,positive,개꿀잼! 2인으로 했는데 혼자하긴 약간 힘들듯..,개꿀잼 ! 2 인 으로 했는데 혼자 하긴 약간 힘들듯 ..,2018-05-27 23:14:11
648800,Raft,positive,스토리를 다 본 입장에서 21000원의 가치는 잘모르겠다. 다들 세일때 사길 바란다.,스토리 를 다 본 입장 에서 21000원 의 가치 는 잘 모르겠다 . 다 들 세 일 때 사길 바란다 .,2018-05-27 23:13:47
648800,Raft,positive,이 게임을 친구와플레이하면서 모텔갈뻔햇습니다,이 게임 을 친구 와 플레이 하면서 모텔 갈 뻔햇습니 다,2018-05-27 21:13:07
648800,Raft,positive,어! 어! 저기 상어! 상어막아! 어어??,어 ! 어 ! 저기 상어 ! 상어 막아 ! 어어 ??,2018-05-27 20:46:15
648800,Raft,positive,아직 얼리엑세스라 플레이 도중 버그가 좀 보이네요 나무문을 열지도 않고 통과 한다던가 문을열면 위로 올라가 버린다던가 그래도 굉장히 재밌어요 혼자 하기도 나쁘지않고 친구랑 같이하면 재밌을듯,아직 얼리 엑세스 라 플레이 도중 버그 가 좀 보이네요 나무 문 을 열 지도 않고 통과 한다던가 문 을 열면 위로 올라가 버린다던가 그래도 굉장히 재밌어요 혼자 하기도 나쁘지 않고 친구 랑 같이 하면 재밌을듯,2018-05-27 09:36:38
648800,Raft,positive,얼리윾세스가 이정도라고? 갓 겜 확 정,얼리윾세스 가 이 정도 라고 ? 갓 겜 확 정,2018-05-27 02:45:52
648800,Raft,positive,"추가 했으면 어떨까 하는 부분. -01. 아이템에 수리하는 기능이 들어왔으면 좋겠음. 예컨데, 도끼의 경우 70~80%의 확률로 나무만 필요하고 2~30%확률로 다른 부속제품이 필요하다던지. 하는 등 수리에 있어서도 아이템 재료의 내구성을 고려하면 좋을듯. 혹은, 아이템의 부위별 수리가 가능하게 된다던지.. -02. 게임 생성 시 모드에서 아예 평화모드를 만들어서 상어마저 등장하지 않는 모드가 있으면 어떨까함. 게임 bgm을 조금 더 평화로운 음악으로만 틀어주면 힐링게임될듯. 게임내 마이크되고, 바다에 둥둥떠다니면서 낚시하고","추가 했으면 어떨까 하는 부분 . - 01 . 아이템 에 수리 하는 기능 이 들어왔으면 좋겠음 . 예컨데 , 도끼 의 경우 70~80% 의 확률 로 나무 만 필요하고 2~30% 확률 로 다른 부속 제품 이 필요하다던지 . 하는 등 수리 에 있어서도 아이템 재료 의 내 구성 을 고려 하면 좋을듯 . 혹은 , 아이템 의 부위 별 수리 가 가능하게 된다던지 .. - 02 . 게임 생 성 시 모드 에서 아예 평화 모드 를 만들어서 상어 마저 등장 하지 않는 모드 가 있으면 어떨까 함 . 게임 bgm 을 조금 더 평화로운 음악 으로만 틀어주면 힐링 게임 될듯 . 게임 내 마이크 되고 , 바다 에 둥둥 떠다니면서 낚시 하고",2018-05-27 02:37:17
648800,Raft,positive,ㅠ서바이벌 좋아하는사람으로서는 정말 재밋는데 혼자하면 심심해요 ㅠㅠ,ㅠ 서바이벌 좋아하는 사람 으로서는 정말 재밋는데 혼자 하면 심심해요 ㅠㅠ,2018-05-27 00:47:45
648800,Raft,positive,"최근에 이 게임을 하는 스트리머가 매우 많아서 친구와 할 목적으로 구매(영상은 안 본 채로).그 소감을 짧게 써 본다. 처음 5시간정도는 정말 말도안되게 재미있었다.좁은 공간에서 제한된 방법으로 얻을 수 있는 자원들로 간신히 버티면서 끊임없이 우리 뗏목을 부수려하는 상어와 대항해 싸우며 천천히 도구를 발전시켜나가는 재미가 쏠쏠한,그야말로 생존 게임으로서의 재미는 확실히 챙긴 게임이다. 처음 2시간동안은 둘 다 뭘 할지 몰라서 아무거나 집고 아무거나 만들며 게임 시스템을 익혀간 후 새로운 월드로 본격적인 시작을 해서 좁디좁은 뗏목을","최근 에 이 게임 을 하는 스트리머 가 매우 많아서 친구 와 할 목적 으로 구매 ( 영상 은 안 본 채 로 ). 그 소감 을 짧게 써 본다 . 처음 5시간 정도는 정말 말 도 안되게 재미있었다 . 좁은 공간 에서 제한 된 방법 으로 얻을 수 있는 자원 들 로 간신히 버티면서 끊임없이 우리 뗏목 을 부수 려 하 는 상어 와 대 항해 싸우며 천천히 도구 를 발전 시켜 나가는 재미 가 쏠쏠한 , 그야말로 생존 게임 으로서의 재미 는 확실히 챙긴 게임 이다 . 처음 2시간 동안은 둘 다 뭘 할지 몰라서 아무 거나 집고 아무 거나 만들며 게임 시스템 을 익혀 간 후 새로운 월드 로 본격 적 인 시작 을 해서 좁디 좁은 뗏목 을",2018-05-26 21:12:59
648800,Raft,positive,"overally not bad, need to gather resources over and over, but kinda acceptable. The ending is not that great, but believe there will be updates in the future. In short, I like this game very much!","overally not bad , need to gather resources over and over , but kinda acceptable . The ending is not that great , but believe there will be updates in the future . In short , I like this game very much !",2018-05-26 20:07:04
648800,Raft,positive,산지 이틀동안해서 현재까지 나온것을 거의다 보았다 정말 재밌다. 시간가는줄 모르고 게임을 하게되는데 하지만 아직 계발단계여서 컨텐츠가 많이 부족하다 1~2시간만 해도 컨텐츠를 다했다해도 무방하다.(어디까지나 나의 이야기) 뭐 물론 베타보다는 너무나 발전했기에 나는 충분히 만족을한다만.... 이게임을 처음 접하는 이에게는 조금 비추천한다. 물론 처음하는데 친구랑하면 개꿀잼임 친구랑 같이할거면 사고 친구 없으면 아직까진 비추천 2018/10/25 아직까지도 친구들과 멀티를하면 호스트의 프레임이 말도 안되게 안나온다. 배가 좀 큰,산지 이틀 동 안해 서 현재 까지 나온것을 거의 다 보았다 정말 재밌다 . 시간 가는줄 모르고 게임 을 하게 되는데 하지만 아직 계발 단계 여서 컨텐츠 가 많이 부족하다 1~2시간 만 해도 컨텐츠 를 다 했 다해 도 무방 하다 .( 어디 까지나 나 의 이야기 ) 뭐 물론 베타 보다는 너무나 발전 했기에 나 는 충분히 만족 을 한 다만 .... 이 게임 을 처음 접 하는 이 에게는 조금 비추 천한다 . 물론 처음 하는데 친구 랑 하면 개꿀잼임 친구 랑 같이 할거면 사고 친구 없으면 아직 까진 비 추천 2018/10 / 25 아직 까지도 친구 들 과 멀티 를 하면 호스트 의 프레임 이 말 도 안되게 안 나온다 . 배 가 좀 큰,2018-05-26 20:00:24
648800,Raft,positive,게임은 재밌는데 간혹보이는 버그가 있네요 그중에서 좀 거슬리는게 갑자기 바다에서 아이템이 안나오는 경우인데 진짜 이럴때 살기싫어짐,게임 은 재밌는데 간혹 보이는 버그 가 있네요 그 중 에서 좀 거슬리는게 갑자기 바다 에서 아이템 이 안 나오는 경우 인데 진짜 이럴 때 살기 싫어짐,2018-05-26 18:05:45
648800,Raft,positive,시간 가는줄 모르고 엄청 재밋게했네요 시간삭제 ^오^,시간 가는줄 모르고 엄청 재밋 게 했네요 시간 삭제 ^ 오 ^,2018-05-26 16:15:25
648800,Raft,positive,갓겜 이거 사면 후회 안함,갓 겜 이 거 사면 후회 안함,2018-05-26 12:53:48
648800,Raft,positive,엄 청 재 미 있 음,엄 청 재 미 있 음,2018-05-26 12:02:24
648800,Raft,positive,"알파시절 그냥 떠있기만 하던 뗏목이 드디어 어디론가를 향하게 되었습니다 아직 조금밖에 안해봤지만 목표가 생기고 수중 잠수, 무인도, 버려진 뗏목 등등 상당히 컨텐츠가 늘어난걸로 보입니다 +초반에 겪은 버그는 대부분 고쳐짐","알파 시절 그냥 떠있기만 하던 뗏목 이 드디어 어디 론 가를 향 하게 되었습니다 아직 조금 밖에 안 해봤지만 목표 가 생기 고 수중 잠수 , 무인도 , 버려진 뗏목 등등 상당히 컨텐츠 가 늘어난 걸 로 보입니다 + 초반 에 겪은 버그 는 대부분 고쳐 짐",2018-05-26 12:01:38
648800,Raft,positive,"프로토타입 버전일때부터 즐겼던 유저입니다. 그때보다 다양한 물건들이 생기고 그래픽도 훨씬 나아진 것 같아 정말 좋네요!! 하지만 프로토타입 버전일때도 자주 야기되던 프레임 드랍현상이 여전하다는 것과, 초반에 식수와 식량, 상어에 대한 방어 대책을 마련하기까지는 긴장감 덕분에 재미가 있다가 물과 음식, 그리고 상어를 쫓아낼 무기를 마련하고 나면 지루해지는 게 너무 아쉽습니다. 하지만 앞으로 다양한 물품과 컨텐츠가 추가될 가능성이 무한하다는 것에 높은 점수를 주고 싶습니다. 얼마나 발전하게 될지 기대되네요!! 일해라, 개발자!!!","프로토타입 버전 일 때 부터 즐겼던 유저 입니다 . 그때 보다 다양한 물건 들 이 생기 고 그래픽 도 훨씬 나아진 것 같아 정말 좋네요 !! 하지만 프로토타입 버전 일 때 도 자주 야기 되던 프레임 드랍현상 이 여전하다는 것 과 , 초반 에 식수 와 식량 , 상어 에 대한 방어 대책 을 마련 하기까지는 긴장감 덕분 에 재미 가 있다가 물 과 음식 , 그리고 상어 를 쫓아낼 무기 를 마련 하고 나면 지루해지는 게 너무 아쉽습니다 . 하지만 앞 으로 다양한 물품 과 컨텐츠 가 추가 될 가능성 이 무한 하다는 것 에 높은 점수 를 주고 싶습니다 . 얼마나 발전 하게 될지 기대 되네요 !! 일해 라 , 개발자 !!!",2018-05-26 11:37:27
648800,Raft,positive,아직 2시간밖에 안했지만 기필코 5층 높이의 빌라 뗏목을 만들어보고싶군요,아직 2시간 밖에 안 했지만 기필코 5 층 높이 의 빌라 뗏목 을 만들어 보고싶군요,2018-05-26 03:03:51
648800,Raft,positive,123,123,2018-05-25 22:53:23
648800,Raft,positive,팁:상어가 입벌리고 물라할떄 창으로 찌르면 공격안맞고 물에서 다닐수있습니다,팁 : 상어 가 입 벌리고 물라 할떄 창 으로 찌르면 공격 안 맞고 물 에서 다닐수있습니다,2018-05-25 22:48:27
648800,Raft,positive,스트리밍으로 보던 초기버전 보다 비약적으로 발전한 게임 Raft 입니다. 확실히 시간을 소비할만한 요소가 충분히 늘었지만 게임의 배경환경 특징상 제약적인 면도 많은 것이 사실입니다. 서브노티카 처럼 정식출시는 됬지만 서서히 완성될것 같은 게임입니다.,스트리밍 으로 보던 초기 버전 보다 비약 적 으로 발전 한 게임 Raft 입니다 . 확실히 시간 을 소비 할만 한 요소 가 충분히 늘었지만 게임 의 배경 환경 특징 상 제약 적 인 면도 많은 것 이 사실 입니다 . 서브 노티 카 처럼 정식 출시 는 됬지만 서서히 완성 될것 같은 게임 입니다 .,2018-05-25 19:59:02
648800,Raft,positive,"6시간 솔플, 6시간 3인 멀티하고 엔딩 봤습니다.(제 생각엔 스토리상 엔딩), 게임이 끝나진 않고 오픈월드처럼 계속 진행됨. 작년에 잠깐 나왔을때 해봤던것보다 좀더 신경 쓴 부분이 있긴하네요. 수중에서 해야될 것들도 생기고 섬도 생기고 혼자하기엔 너무 지치고 친구랑 하기에 딱 좋습니다. 주말에 식사 끝내고 같이 시간 맞춰서 하시면 좋습니다. 숨겨진 도전과제 3개가 뭔지 궁금하지만;; 다시 하고 싶진 않네요 ㅋㅋ","6시간 솔 플 , 6시간 3 인 멀티 하고 엔딩 봤습니다 .( 제 생각 엔 스토리 상 엔딩 ), 게임 이 끝나진 않고 오픈월드 처럼 계속 진행 됨 . 작년 에 잠깐 나왔을 때 해봤던것보다 좀더 신경 쓴 부분 이 있긴하네요 . 수중 에서 해야 될 것 들 도 생기 고 섬 도 생기 고 혼자 하기엔 너무 지치고 친구 랑 하기에 딱 좋습니다 . 주말 에 식사 끝내고 같이 시간 맞춰서 하시면 좋습니다 . 숨겨진 도전 과제 3 개 가 뭔 지 궁금하지만 ;; 다시 하고 싶진 않네요 ㅋㅋ",2018-05-25 04:27:39
648800,Raft,positive,일단 너무 기대했던 게임이 나와 반갑습니다. 공식한글화라고 하지만 오역이 몇가지 보이는 수준이고 초반에 큰바위같은곳에 부딪히면 이도저도 못하고 리트를 하게 만드는 버그가 있습니다. 노를 미리 만들어 놓는것을 추천해요. 난이도는 혼자하기에는 꽤 높은편에 속합니다. 상어가 주기적으로 와서 뗏목을 부수고 그때마다 대처하지않으면 발판이 한개씩 사라집니다. 혼자서 탈수증과 배고픔을 채워가며 확장하기까지 시간이 3시간은 걸렸네요. 문제는 어느정도 자리잡고 나면 할수있는 것에 반복되는 지루함이 있습니다 한가지더 게임내에 자동저장이 없습니다.,일단 너무 기대했던 게임 이 나와 반갑습니다 . 공식 한글화 라고 하지만 오역 이 몇 가지 보이는 수준 이고 초반 에 큰 바위 같은 곳 에 부딪히면 이도 저 도 못 하고 리트 를 하게 만드는 버그 가 있습니다 . 노 를 미리 만들어 놓는것을 추천 해요 . 난이도 는 혼자 하기에는 꽤 높은 편 에 속 합니다 . 상어 가 주 기적 으로 와서 뗏목 을 부수 고 그때 마다 대처 하지 않으면 발판 이 한 개 씩 사라집니다 . 혼자 서 탈수증 과 배고픔을 채워가며 확장 하기까지 시간 이 3시간 은 걸렸네요 . 문제 는 어느 정도 자리 잡고 나면 할수있는 것 에 반복 되는 지루함 이 있습니다 한가지 더 게임 내 에 자동 저장 이 없습니다 .,2018-05-25 03:50:23
648800,Raft,positive,"Rust는 육지 Raft는 바다 육지에서 질리게 생존,약탈하다가 바다에서 생존을 시작하니 완전한 신세계 였습니다. 육지에서는 맹수인데 더 무서운건 사람입니다. 보이스테러,약탈,통수,좆목질,망할패치 등등 경험을 했지만 Raft는 바다위에서의 생존과 플레이어와의 감동스러운 협동생존 입니다. 몰론 Raft에서는 최대빌런은 ""상어""인데 그래도 통수치는 사람보다는 낫습니다.우선은 게임점수는 현재 기준으로 그래픽 10/10 게임성 8/10 그래픽은 너무 만족하지만 게임성은 좀 살짝 부족하고 그래도 센스있게 한국어 공식지원이지만 얼리엑세스라","Rust 는 육지 Raft 는 바다 육지 에서 질리 게 생존 , 약탈 하다가 바다 에서 생존 을 시작 하니 완전한 신세계 였습니다 . 육지 에서는 맹수 인데 더 무서운건 사람 입니다 . 보이스 테러 , 약탈 , 통수 , 좆목질 , 망할 패치 등등 경험 을 했지만 Raft 는 바다 위 에서의 생존 과 플레이어 와의 감동 스러운 협동 생존 입니다 . 몰 론 Raft 에서는 최대 빌런 은 "" 상어 "" 인데 그래도 통수치는 사람 보다는 낫습니다 . 우선 은 게임 점수 는 현재 기준 으로 그래픽 10/10 게임 성 8/10 그래픽 은 너무 만족하지만 게임 성은 좀 살짝 부족하고 그래도 센스 있게 한국어 공 식지 원 이지만 얼리 엑세스 라",2018-05-25 02:48:21
648800,Raft,positive,내구도 시스템 때문에 끊임없이 생산해야되서 난이도가 높아진거 같아 좀 힘드네요,내 구도 시스템 때문 에 끊임없이 생산 해야되 서 난이도 가 높아진거 같아 좀 힘드네요,2018-05-24 21:07:13
648800,Raft,positive,오랜만에 나온 신작 생존게임.솔로로 플레이 해보았다. 90분 정도 게임 했는데 땟목도 2층까지 만들고 상어도 잡고 돛 펼치고 그냥 가다보니 더 이상 아이템이 안 나오는 지역에 오더라거기에서 저무는 해 보면서 낚시나 하다가 허무해서 환불. 청사진이라던가 바닷속에 뭐가 많이 있는거 같은데 혼자서 하기엔 컨텐츠가 아직 빈약하다 친구들과 느긋하게 할거면 추천.,오랜 만 에 나온 신작 생존 게임 . 솔로 로 플레이 해보았다 . 90분 정도 게임 했는데 땟목 도 2 층 까지 만들고 상어 도 잡고 돛 펼치고 그냥 가다 보니 더 이상 아이템 이 안 나오는 지역 에 오더라 거기 에서 저무는 해 보면서 낚시 나 하다가 허무해서 환불 . 청사진 이 라던가 바 닷 속 에 뭐 가 많이 있는거 같은데 혼자 서 하기엔 컨텐츠 가 아직 빈약하다 친구 들 과 느긋하게 할거면 추천 .,2018-05-24 19:21:17
648800,Raft,positive,노잼,노잼,2018-05-24 17:41:40
648800,Raft,positive,제가 일반적인 사이즈의 모니터를 사용하는게 아니라서 꼭 창모드로 모든것을 이용하는데요.. 이 게임은 창모드는 가능하지만 모니터상에서의 게임위치를 조정할 수 없어 플레이하는데 불편하네요 ㅠㅠ 화면의 정가운데에 딱 자리잡아서 테두리를 아무리 건드려도 원하는 곳으로 옮길수 없습니다;; 기대하던 게임인데 이런 부분 때문에 즐기기가 쉽지않네요 ㅠㅠ;; 창모드로 즐길때 위치수정이 가능하도록 업데이트되었으면 좋겠습니다... 저처럼 너무 커다란 모니터가 아니더라도 한 모니터에서 멀티로 플레이 하시는분들도 적진 않을테니까요 ㅜㅜ,제 가 일반 적 인 사이즈 의 모니터 를 사용 하는게 아니라서 꼭 창 모드 로 모든 것 을 이용 하는데요 .. 이 게임 은 창 모드 는 가능하지만 모니터 상 에서의 게임위 치를 조정 할 수 없어 플레이 하는데 불편하네요 ㅠㅠ 화면 의 정 가운데 에 딱 자리 잡아서 테두리 를 아무리 건드려도 원하는 곳 으로 옮길수 없습니다 ;; 기대하던 게임 인데 이런 부분 때문 에 즐 기기 가 쉽지 않네요 ㅠㅠ ;; 창 모드 로 즐길 때 위치 수 정이 가능하도록 업데이트 되었으면 좋겠습니다 ... 저 처럼 너무 커다란 모니터 가 아니더라도 한 모니터 에서 멀티 로 플레이 하시는 분 들 도 적진 않을테니까 요 ㅜㅜ,2018-05-24 17:16:44
648800,Raft,positive,"아직까지는 장래가 기대되는 게임이네요. 지금 구매해서 한시간 정도 플레이 해봤는데, 앞으로 지속적으로 개발이 된다고 하면 괜찮은 게임이 될거같아요.","아직 까지는 장래 가 기대 되는 게임 이네 요 . 지금 구매 해서 한 시간 정도 플레이 해봤는데 , 앞 으로 지속 적 으로 개발 이 된다고 하면 괜찮은 게임 이 될거 같아요 .",2018-05-24 13:57:25
648800,Raft,positive,"일명 뗏목 생존 게임. 바다에 표류되어 쓰레기를 주워가면서 재료를 모아, 조합을 하고, 건설을 해서 망망대해를 떠다니는 게임 아무것도 없는 바다에서 뗏목만 타고 생존하는 게 아니라 목적이 있음. 특정 목표 장소에 도착을 하면 주인공이 왜 뗏목에 있는 지 짐작이 가고 앞으로 어떤 업데이트나 숨겨진 게 나올 지 알 수 있음, 게임 처음부터 끝까지 상어가 따라다니는데 생존게임의 흥미가 없는 분들은 짜증날 것 후반이 되면 상어를 따라다니면서 잡고 시간도 쥐도 새도 모르게 빠르게 감 베타 첫 버전인데도 강한 중독성과킬링타임.. 컨텐츠가","일명 뗏목 생존 게임 . 바다 에 표류 되어 쓰레기 를 주워가면서 재료 를 모아 , 조합 을 하고 , 건설 을 해서 망망대해 를 떠다니는 게임 아무 것 도 없는 바다 에서 뗏목 만 타고 생존 하는 게 아니라 목적 이 있음 . 특정 목표 장소 에 도착 을 하면 주인공 이 왜 뗏목 에 있는 지 짐작 이 가고 앞 으로 어떤 업데이트 나 숨겨진 게 나올 지 알 수 있음 , 게임 처음 부터 끝 까지 상어 가 따라다니는데 생존 게임 의 흥미 가 없는 분 들 은 짜증날 것 후반 이 되면 상어 를 따라다니면서 잡고 시간 도 쥐 도 새도 모르게 빠르게 감 베타 첫 버전 인데 도 강한 중독 성과 킬링타임 .. 컨텐츠 가",2018-05-24 11:24:06
648800,Raft,positive,친구랑 같이하니 재미있다. 근대 뭐가뭔지 설명이 필요할듯,친구 랑 같이 하니 재미있다 . 근대 뭐 가 뭔 지 설명 이 필요할듯,2018-05-24 07:07:34
648800,Raft,positive,"솔로로 살짝 플레이 해봤습니다. 플레이어는 초반 시작 망망대해에서 4칸짜리 작은 뗏목을 받고 플레이를 시작하게 됩니다. 넓은 바다에서 둥둥떠다니는 나무, 플라스틱, 나뭇잎을 모아 아이템을 만들고 배를 넓히면서 생존하는 게임입니다. 바다에는 눈을 부라리며 플레이어와 배를 노리는 상어도 있습니다. 약간의 텀을 두면서 배를 공격해 부수니 창같은 무기를 이용해 때리면 잠시 도망가지만 플레이어를 죽을때까지 졸졸 쫒아 다닙니다 . 죽일순 있지만 죽여도 나중에 다시 나옵니다. 바다를 돌아다니면 작은 섬들도 가끔나오는데 왠지모르게 거의 올라가기","솔로 로 살짝 플레이 해봤습니다 . 플레이어 는 초반 시작 망망대해 에서 4 칸 짜리 작은 뗏목 을 받고 플레이 를 시작 하게 됩니다 . 넓은 바다 에서 둥둥 떠다니는 나무 , 플라스틱 , 나뭇잎 을 모아 아이템 을 만들고 배 를 넓히면서 생존 하는 게임 입니다 . 바다 에는 눈 을 부라리며 플레이어 와 배 를 노리는 상어 도 있습니다 . 약간 의 텀 을 두 면서 배 를 공격 해 부수 니 창 같은 무기 를 이용 해 때리면 잠시 도망가지만 플레이어 를 죽 을 때 까지 졸졸 쫒아 다닙니다 . 죽일 순 있지만 죽여도 나중 에 다시 나옵니다 . 바다 를 돌아다니면 작은 섬 들 도 가끔 나오는데 왠지 모르게 거의 올라가기",2018-05-24 06:40:26
648800,Raft,positive,겁나재미있어요 처음엔 뭘모르니까 재미없을수있는데 노하우 터득하고 하나씩 알아가고 만들고하니까 겁나 뿌듯하고 시간가는줄모르겠어요 근데 혼자하는거보단 친구랑같이하는게 더 재밌는거같아요,겁나 재미있어요 처음 엔 뭘 모르니까 재미없을수있는데 노하우 터득 하고 하나 씩 알아가고 만들고하니까 겁나 뿌듯하고 시간 가는줄 모르겠어요 근데 혼자 하는거보단 친구 랑 같이하는게 더 재밌는거 같아요,2021-01-18 06:30:23
648800,Raft,positive,재밌는데 빨리 끝난다 ㅠ,재밌는데 빨리 끝난다 ㅠ,2021-01-20 03:13:28
648800,Raft,positive,"진심 친없찐은 하면 안되는 게임이고, 처음은 목적이 있어서 재밌는데 점점 갈수록 흥미가 떨어짐. 재미가 없다는게 아니다. 추천은 한다 그대신 빨리 살 필요가 없는 게임이다(할인할때 사셈) 친구랑 할려고 원가주고 샀는데 조금밖에 못했음.. 리뷰 보면 알텐데 대부분 사람들이 1주일도 안했다..ㅠ(예외 있음) 결론적으로 말하자면 돈이 아깝지만 정말 재밌게(마이크) 같이할 수 있는 사람이 있다면 사는걸 추천(친구 필수)","진심 친 없 찐은 하면 안되는 게임 이고 , 처음 은 목적 이 있어서 재밌는데 점점 갈수록 흥미 가 떨어짐 . 재미 가 없다는게 아니다 . 추천 은 한다 그 대신 빨리 살 필요 가 없는 게임 이다 ( 할인 할 때 사셈 ) 친구 랑 할려고 원 가주 고 샀는데 조금 밖에 못 했음 .. 리뷰 보면 알텐데 대부분 사람 들 이 1 주일 도 안 했다 .. ㅠ ( 예외 있음 ) 결론 적 으로 말 하자면 돈 이 아깝지만 정말 재밌게 ( 마이크 ) 같이 할 수 있는 사람 이 있다면 사 는걸 추천 ( 친구 필수 )",2021-01-20 02:04:04
648800,Raft,positive,같이 해야 재밌는 게임입니다. 혼자 하면 정말로 망망대해에 혼자 표류하는 느낌 들 것 같네요. 감성은 끝내줍니다.,같이 해야 재밌는 게임 입니다 . 혼자 하면 정말로 망망대해 에 혼자 표류 하는 느낌 들 것 같네요 . 감성 은 끝내줍니다 .,2021-01-19 23:40:15
648800,Raft,positive,JMT,JMT,2021-01-19 22:39:47
648800,Raft,positive,왜 내 배 주변에 도시락이 헤엄치냐,왜 내 배 주변 에 도시락 이 헤엄 치냐,2021-01-19 20:21:22
648800,Raft,positive,갓 겜,갓 겜,2021-01-19 16:04:54
648800,Raft,positive,생존하는 재미가 있어요. 그리고 성장해가는 뿌듯한것,생존 하는 재미 가 있어요 . 그리고 성장해가는 뿌듯한것,2021-01-19 15:20:45
648800,Raft,positive,재밌움ㅎㅎ,재밌 움 ㅎㅎ,2021-01-19 14:59:51
648800,Raft,positive,업뎃 꾸준히 하되 게임의 끝이 없었으면 좋겠음,업뎃 꾸준히 하 되 게임 의 끝 이 없었으면 좋겠음,2021-01-19 00:20:10
648800,Raft,positive,컨텐츠가 모자란 느낌 친구없으면 좀 어려움 혼자 해야할게 많음,컨텐츠 가 모자란 느낌 친구 없으면 좀 어려움 혼자 해야 할게 많음,2021-01-18 23:06:16
648800,Raft,positive,처음엔 상어쉑 때문에 무섭고 다음엔 저녁에 바사가탄 갔다가 저녁되서 앞이 안보여죽겠는데 생쥐같은놈이 튀어나와서 무섭고 다음엔 발보아섬에서 어미곰때문에 템 날리고 어이가 없어서 무섭고,처음 엔 상어 쉑 때문 에 무섭고 다음 엔 저녁 에 바사 가탄 갔다가 저녁 되서 앞 이 안보 여 죽겠는데 생쥐 같은 놈 이 튀어나와서 무섭고 다음 엔 발보아 섬 에서 어미 곰 때문 에 템 날리고 어이 가 없어서 무섭고,2021-01-18 23:05:59
648800,Raft,positive,재밌긴한데 상어^^ㅣㅂ년 적당히 쳐부셔먹어,재밌긴한데 상어 ^^ ㅣㅂ 년 적당히 쳐 부셔 먹어,2021-01-18 19:49:15
648800,Raft,positive,재밌다.,재밌다 .,2021-01-18 18:56:54
648800,Raft,positive,eragaf,eragaf,2021-01-18 18:43:53
648800,Raft,positive,업데이트 언제해 ^^ㅣ발 썩은물 될거같애,업데이트 언 제해 ^^ ㅣ 발 썩은 물 될거 같 애,2021-01-18 17:14:05
648800,Raft,positive,노무좋다 노무딱,노무 좋다 노무 딱,2021-01-18 16:33:37
648800,Raft,positive,이게임하면서 배멀미 경험했습니다.,이 게임 하면서 배 멀미 경험 했습니다 .,2021-01-20 15:46:52
648800,Raft,positive,와 이건 거짓말 안치고 친구들이랑 꼭해 이거 혼자하지마,와 이건 거짓말 안치 고 친구 들 이랑 꼭 해 이 거 혼자 하지마,2021-01-20 13:58:06
648800,Raft,positive,하하,하하,2021-01-20 11:56:01
648800,Raft,positive,마인크래프트 멀티중에 자꾸자꾸 흠칫해요,마인크래프트 멀티 중 에 자꾸자꾸 흠칫 해요,2021-01-22 00:45:40
648800,Raft,positive,왼쪽을 자주보게됨,왼쪽 을 자주 보게 됨,2021-01-22 00:45:23
648800,Raft,positive,너무재미ㅏㅅ어용,너무 재미 ㅏㅅ 어용,2021-01-21 10:15:06
648800,Raft,positive,멀티로 하면 갓갓겜 콘텐츠 업데이트 해주세요,멀티 로 하면 갓 갓 겜 콘텐츠 업데이트 해주세요,2021-01-21 08:34:34
648800,Raft,positive,엄청 좋습니다 ~~,엄청 좋습니다 ~~,2021-01-23 08:34:24
648800,Raft,positive,친구랑 같이 노가다로 하는 재미 오집니다 친구 없으면 하지마세요,친구 랑 같이 노가다 로 하는 재미 오 집니다 친구 없으면 하지 마세요,2021-01-22 22:21:53
648800,Raft,positive,에엑따,에 엑 따,2021-01-22 21:28:54
648800,Raft,positive,솔플 유저는 절대 하지 말것! 권장이 아닌 필수임. 같이하면 재미있는 게임. 같이 해야만 하는 게임. 다음 챕터가 기다려집니다.,솔 플 유저 는 절대 하지 말것 ! 권장 이 아닌 필수 임 . 같이 하면 재미있는 게임 . 같이 해야만 하는 게임 . 다음 챕 터 가 기 다려집니다 .,2021-01-23 22:16:37
648800,Raft,positive,진짜 친구만 많으면 개꿀잼인 게임이네요 /// 컨텐츠도 생각보다 많고 갓겜이었습니다.,진짜 친구 만 많으면 개꿀잼 인 게임 이네 요 /// 컨텐츠 도 생각 보다 많고 갓 겜 이었습니다 .,2021-01-23 22:06:16
648800,Raft,positive,"나같은경우? 필연적으로새만쫓아서 닭다리구이많이 먹는나에심취해잇는편,","나 같은 경우 ? 필연 적 으로 새 만 쫓아서 닭다리 구 이 많이 먹는나에 심취 해 잇는 편 ,",2021-01-23 18:35:02
648800,Raft,positive,aasdf,aasdf,2021-01-23 15:58:50
648800,Raft,positive,친구없으면 절대 하지마셈 좀 울렁거리는 감이 있긴한데 찐따는 하면 안됨 인생의 절망감을 확 느낄 수 있음 ^^,친구 없으면 절대 하지마 셈 좀 울렁거리는 감 이 있긴한데 찐 따는 하면 안됨 인생 의 절망 감 을 확 느낄 수 있음 ^^,2021-01-23 15:45:53
