app_id,app_name,sentiment,review_original,review_tokenized,timestamp
294100,RimWorld,positive,시간 파쇄기,시간 파쇄기,2021-01-16 18:18:00
294100,RimWorld,positive,정신차리니 18시간 이더라...,정신차리니 18시간 이더라 ...,2021-01-16 18:12:57
294100,RimWorld,positive,good,good,2021-01-16 16:46:45
294100,RimWorld,positive,"이런 게임이 잘 만든 게임인 듯, 단순해보이고 아기자기해보여서 처음에 진입하기 좋은데, 게임을 하다보면 약간 불편한 점들이 보여서 점점 고민하게 만들고, 고민을 해결하는 과정에서 초반엔 자꾸 죽고 실패하고 하지만 (이 기점에서 호불호가 갈리는 듯) 나중에 게임에 대해서 이해하기 시작하면 갈수록 점점 재밌음. 배그나 롤 같은 부류가 강렬한 임팩트의 반복으로 인기있는 게임이라면 이 게임은 자극적이지 않은데 지웠다가도 이렇게 다시 한번 깔면서 리뷰한번 더 쓰게 되는 그런 부류의 명작인듯 (같은 부류의 게임들이 많지만 이 게임은 캐주얼","이런 게임 이 잘 만든 게임 인 듯 , 단순 해보이고 아기자기 해보여서 처음 에 진입 하기 좋은데 , 게임 을 하다 보면 약간 불편한 점 들 이 보 여서 점점 고민 하게 만들고 , 고민 을 해결 하는 과정 에서 초반 엔 자꾸 죽고 실패하고 하지만 ( 이 기점 에서 호불호 가 갈리는 듯 ) 나중 에 게임 에 대해 서 이해 하기 시작 하면 갈수록 점점 재밌음 . 배 그나 롤 같은 부류 가 강렬한 임팩트 의 반복 으로 인기 있는 게임 이 라면 이 게임 은 자극 적 이지 않은데 지웠다가도 이렇게 다시 한번 깔면서 리뷰 한번 더 쓰게 되는 그런 부류 의 명작 인 듯 ( 같은 부류 의 게임 들 이 많지만 이 게임 은 캐 주얼",2021-01-15 22:12:31
294100,RimWorld,positive,할거없을때 가볍게 할만해요,할거 없을 때 가볍게 할 만해 요,2021-01-15 02:58:12
294100,RimWorld,positive,"장점 : 원하는 방식으로 식민지를 꾸며나가는 재미가 있다. 식인종으로 살아가게 하던, 농사를 짓던, 최소한의 구비만을 해서 탈출을 시도하던 상당히 자유롭게 플레이가 가능. 모드를 설치하여 또 다른 재미를 느낄수 있다. (인종 추가, 작물 추가 등등) 단점 : 익숙해지기 전까지 상당히 어렵다. (사실 익숙해도 어렵다) 의도하지 않은 사고로 식민지가 터질 수 있으며, 동시에 멘탈도 터진다. (메카노이드 대량 발생, 대규모 광란, 질병 등)","장점 : 원하는 방식 으로 식민지 를 꾸며 나가는 재미 가 있다 . 식인종 으로 살아가게 하던 , 농사 를 짓던 , 최소한 의 구비 만을 해서 탈출 을 시도 하던 상당히 자유롭게 플레이 가 가능 . 모드 를 설치 하여 또 다른 재미 를 느낄수 있다 . ( 인종 추가 , 작물 추가 등등 ) 단점 : 익숙해지기 전 까지 상당히 어렵다 . ( 사실 익숙해도 어렵다 ) 의도 하지 않은 사고 로 식민지 가 터질 수 있으며 , 동시 에 멘탈 도 터진다 . ( 메 카노 이드 대량 발생 , 대규모 광란 , 질병 등 )",2021-01-14 15:48:23
294100,RimWorld,positive,그저 갓겜,그저 갓 겜,2021-01-14 10:16:52
294100,RimWorld,positive,이거하느라 신년계획 다 망하게생겼네,이거하느라 신년 계획 다 망하게 생겼네,2021-01-14 02:31:40
294100,RimWorld,positive,다른 사람을 보면 나는 뉴비 란걸 깨닫는 게임,다른 사람 을 보면 나 는 뉴비 란걸 깨닫는 게임,2021-01-13 23:35:19
294100,RimWorld,positive,적당히 할만하다,적당히 할 만하 다,2021-01-13 22:39:32
294100,RimWorld,positive,그냥 림월드 존재를 몰랐을때로 돌아가고 싶네요,그냥 림 월드 존재 를 몰랐을 때 로 돌아가고 싶네요,2021-01-13 18:21:40
294100,RimWorld,positive,갓겜,갓 겜,2021-01-13 12:04:38
294100,RimWorld,positive,참좋아요,참 좋아요,2021-01-13 11:08:01
294100,RimWorld,positive,으어어어어 멈출수가 읍다,으어어 어어 멈출수가 읍 다,2021-01-12 12:03:21
294100,RimWorld,positive,나만의 세상을 발전해 나가는 재미가 있습니다,나 만의 세상 을 발전 해 나가는 재미 가 있습니다,2021-01-11 21:24:51
294100,RimWorld,positive,재미있어요.,재미있어요 .,2021-01-11 18:00:54
294100,RimWorld,positive,굳겜,굳 겜,2021-01-11 02:45:29
294100,RimWorld,positive,장점:재밋음 단점:시간녹음,장점 : 재밋음 단점 : 시간 녹음,2021-01-11 00:32:49
294100,RimWorld,positive,좀 치네..,좀 치네 ..,2021-01-11 00:12:41
294100,RimWorld,positive,재미는 모르겠는데 마약같음,재미 는 모르겠는데 마약 같음,2021-01-10 18:19:08
294100,RimWorld,positive,미친시간개순삭겜,미친 시간 개 순삭 겜,2021-01-10 18:06:08
294100,RimWorld,positive,방화광 진짜 데리고 가고 싶으면 기지를 강철로 지으심 됩니다.,방화 광 진짜 데리 고 가고 싶으면 기지 를 강철 로 지으 심 됩니다 .,2021-01-09 23:42:33
294100,RimWorld,positive,꿀잼,꿀잼,2021-01-09 18:13:26
294100,RimWorld,positive,잔잔한 동화처럼 플레이 할 수 있어서 좋아요.,잔잔한 동화 처럼 플레이 할 수 있어서 좋아요 .,2021-01-09 15:04:21
294100,RimWorld,positive,어렸을때 개미 구경하는 감성임,어렸을 때 개미 구경 하는 감성 임,2021-01-09 03:07:36
294100,RimWorld,positive,이제 200시간 한 뉴비입니다. 아 평가 달 시간에 게임하러갑니다.,이제 200시간 한 뉴비 입니다 . 아 평가 달 시간 에 게임 하러 갑니다 .,2021-01-07 17:50:08
294100,RimWorld,positive,내 시간...,내 시간 ...,2021-01-07 12:02:06
294100,RimWorld,positive,진짜 아끼는 림이 깜박하고 치료안해 독감으로 죽었을때 몇일간 빡종했다 몇칠후 다시킨 사람만 손ㅠ,진짜 아끼는 림 이 깜박 하고 치료 안해 독감 으로 죽었을 때 몇 일간 빡종했다 몇 칠 후 다 시킨 사람 만 손 ㅠ,2021-01-06 19:29:44
294100,RimWorld,positive,재미있음,재미있음,2021-01-06 12:36:17
294100,RimWorld,positive,굿겜,굿겜,2021-01-06 04:16:02
294100,RimWorld,positive,게임 상당히 재미있게 하고 있습니다 게임의 가격에 비해 상당히 긴 플레이타임과 각 난이도와 스토리텔러 별 각각 진득하게 즐겨보실 수 있는 돈 아깝지 않은 게임성 또한 바닐라에서 엔딩을 보셧다면 모드를 까셔서 더 현실성 있고 편리해진 플레이를 즐기실 수도 있는 모드 갓겜입니다 마땅한 업데이트가 적은것이 유일한 단점이라면 단점이나 플레이에는 영향을 끼치지 않습니다. 사실적인 플레이를 원하시는분들은 오히려 림월드 로열티 DLC가 독이 될 수도 있으니 자신에게 필요한 DLC인지 평가를 잘 읽어보고 구매하세요 피비는 너무 게임을,게임 상당히 재미있게 하고 있습니다 게임 의 가격 에 비해 상당히 긴 플레이 타임 과 각 난이도 와 스토리 텔러 별 각각 진득 하 게 즐겨 보실 수 있는 돈 아깝지 않은 게임 성 또한 바닐라 에서 엔딩 을 보 셧다 면 모드 를 까셔서 더 현실 성 있고 편리해진 플레이 를 즐기실 수도 있는 모드 갓 겜 입니다 마땅한 업데이트 가 적은것이 유일한 단점 이 라면 단점 이나 플레이 에는 영향 을 끼치지 않습니다 . 사실 적 인 플레이 를 원하시는 분 들 은 오히려 림 월드 로열티 DLC 가 독 이 될 수도 있으니 자신 에게 필요한 DLC 인지 평가 를 잘 읽어 보고 구매 하세요 피비 는 너무 게임 을,2021-01-05 21:17:21
294100,RimWorld,positive,인생은 두개로 나눌수 있다 림월드를 하기 전과 림월드를 한후~,인생 은 두 개 로 나눌수 있다 림 월드 를 하기 전과 림 월드 를 한 후 ~,2021-01-05 18:41:46
294100,RimWorld,positive,재밌음 개복치 육성겜,재밌음 개복치 육성 겜,2021-01-05 18:06:54
294100,RimWorld,positive,이건 상상력 게임임 모든게 모드로 가능함 개꿀 2년 전부터 할인 10% 이상으로 안하더니 안한 이유가 있었어,이건 상상력 게임 임 모든 게 모드 로 가능함 개꿀 2년 전 부터 할인 10% 이상 으로 안 하더니 안 한 이유 가 있었어,2021-01-05 16:50:53
294100,RimWorld,positive,게임에 정듬,게임 에 정듬,2021-01-05 14:20:27
294100,RimWorld,positive,온대림으로 플레이하다 림 10명 전부가 독감에 걸리고 메카노이드 군락과 부족민이 함께 쳐들어오는 신묘한 경험을 했읍니다. 랜디 ^^ㅣ불련...,온대림 으로 플레이 하다 림 10 명 전부 가 독감 에 걸리고 메 카노 이드 군락 과 부족 민 이 함께 쳐 들어오는 신묘한 경험 을 했 읍니 다 . 랜디 ^^ ㅣ 불련 ...,2021-01-05 11:32:55
294100,RimWorld,positive,세일 안한다 했잖아 시발,세 일 안 한다 했잖아 시발,2021-01-04 22:04:01
294100,RimWorld,positive,정말 싫은 친구가 있다면 선물해주시오,정말 싫은 친구 가 있다면 선물 해주시오,2021-01-04 16:32:58
294100,RimWorld,positive,my time was killed by this game,my time was killed by this game,2021-01-04 02:31:27
294100,RimWorld,positive,개꿀잼 마지막 끝났을때 아무도 없는 정착지 보고 살짝 뭉클했었다,개꿀잼 마지막 끝났을 때 아무 도 없는 정착 지 보고 살짝 뭉클했었다,2021-01-04 00:30:29
294100,RimWorld,positive,재밌어요... 진심...,재밌어요 ... 진심 ...,2021-01-03 22:28:10
294100,RimWorld,positive,마약판매와 장기매매가 제일 쉬웠어요!,마약 판매 와 장기매매 가 제일 쉬웠어요 !,2021-01-03 19:33:37
294100,RimWorld,positive,림월드 갑자기 라이브러리에서 사라졌는데 뭔 상황인가여,림 월드 갑자기 라이브러리 에서 사라졌는데 뭔 상황 인가 여,2021-01-03 16:19:44
294100,RimWorld,positive,쓸 시간 없음 빨리 해야함 ;;,쓸 시간 없음 빨리 해야 함 ;;,2021-01-03 13:15:43
294100,RimWorld,positive,ㅎ...흥 조금 재미있네요 총을 더럽게 못맞춰서 울고싶은거만 빼고,ㅎ ... 흥 조금 재미있네요 총 을 더럽게 못 맞춰서 울고싶은 거만 빼고,2021-01-03 09:01:40
294100,RimWorld,positive,돌려줘요 내 시간,돌려줘요 내 시간,2021-01-03 02:16:39
294100,RimWorld,positive,그닥 기대 안하고 할인 하길래 샀는데 완전 재미있네욬ㅋㅋㅋ 어려운거 싫어해서 평화두고 하는데도 재미있어요.,그닥 기대 안 하고 할인 하길래 샀는데 완전 재미있네 욬 ㅋㅋㅋ 어려운거 싫어해서 평화 두고 하는데도 재미있어요 .,2021-01-02 23:52:06
294100,RimWorld,positive,재밌음,재밌음,2021-01-02 23:51:08
294100,RimWorld,positive,재 플레이 타임이 모든것을 말해줍니다.,재 플레이 타임 이 모든 것 을 말 해줍니다 .,2021-01-02 14:32:04
294100,RimWorld,positive,"비추전자 중 한 사람이 되지 않은 것에 감사함을 느끼게 해준 게임. 내가 추천하는 사람들 만큼 재밌게 했다는 것에 안도감과 내 성격에 정말 고마움을 느낌. 앞으로도 나를 아껴줄게 마이 바디..., 암튼 림월드 왜 안 하는지는 모르겠지만 ㅋㅋㅋㅋ 림월드 안 하는 당신이 내가 아닌, 당신이라 정말 다행입니다. 이 갓겜을 못한다는 건 겜에 미친 인간이 해서는 안 될 짓임.","비추전자 중 한 사람 이 되지 않은 것 에 감사함을 느끼게 해준 게임 . 내 가 추천 하는 사람 들 만큼 재밌게 했다는 것 에 안도 감 과 내 성격 에 정말 고마움 을 느낌 . 앞 으로도 나를 아껴줄게 마이 바디 ..., 암튼 림 월드 왜 안 하는지는 모르겠지만 ㅋㅋㅋㅋ 림 월드 안 하는 당신 이 내 가 아닌 , 당신 이라 정말 다행 입니다 . 이 갓 겜 을 못 한다는 건 겜 에 미친 인간 이 해서는 안 될 짓 임 .",2021-01-02 06:28:17
294100,RimWorld,positive,그냥 사서 해봐라! 하다보면 당신은 이미 즐기고 있는 자신의 모습을 보게 될 것이다.,그냥 사서 해봐라 ! 하다 보면 당신 은 이미 즐기고 있는 자신 의 모습 을 보게 될 것 이다 .,2021-01-01 22:57:12
294100,RimWorld,positive,.,.,2021-01-01 22:05:15
294100,RimWorld,positive,미친게임,미친 게임,2021-01-01 20:43:06
294100,RimWorld,positive,어둡다.정착지의.미래는,어둡다 . 정착 지 의 . 미래 는,2021-01-01 20:41:14
294100,RimWorld,positive,https://youtu.be/NgAvdXPfvfo,https://youtu.be/NgAvdXPfvfo,2021-01-01 20:39:19
294100,RimWorld,positive,재미있다,재미있다,2021-01-01 19:04:25
294100,RimWorld,positive,게임을 얼마 안해서 평가하기가 힘드네요.,게임 을 얼마 안해 서 평가 하기가 힘드네요 .,2021-01-01 14:49:46
294100,RimWorld,positive,코로나 이겨내기 딱 좋네요.,코로나 이겨내기 딱 좋네요 .,2021-01-01 04:44:01
294100,RimWorld,positive,할만하네요,할만 하네요,2020-12-31 20:21:57
294100,RimWorld,positive,시간분쇄기,시간 분쇄기,2020-12-31 12:33:05
294100,RimWorld,positive,사실 사홀동안 45시간을 하게 될 줄은 몰랐어요 50 시간만 찍고 자야지,사실 사 홀 동안 45시간 을 하게 될 줄 은 몰랐어요 50 시간 만 찍고 자야지,2020-12-31 11:23:45
294100,RimWorld,positive,too expensive to buy,too expensive to buy,2020-12-31 08:24:59
294100,RimWorld,positive,ㅈ되면서 배우는 게임,ㅈ 되면서 배우는 게임,2020-12-31 06:11:09
294100,RimWorld,positive,잠을 빼앗겨 버렸습니다..,잠 을 빼앗겨 버렸습니다 ..,2020-12-30 19:05:29
294100,RimWorld,positive,내 인생겜,내 인생 겜,2020-12-30 14:26:55
294100,RimWorld,positive,일단 저 깔고나서 정신차려보니 6시간 지나있었고요...이제 더 즐겨보도록하겠읍니다^^,일단 저 깔고나서 정신차려 보니 6시간 지나있었고요 ... 이제 더 즐겨 보도록 하겠 읍 니 다 ^^,2020-12-30 11:39:12
294100,RimWorld,positive,단순히 2D 마인크래프트라고 할 수도 있겠지만 한단계 더 디테일한 생존 크래프트게임으로 모드를 통해 완전히 색다른 재미를 느낄 수 있다.,단순히 2 D 마인크래프트 라고 할 수도 있겠지만 한 단계 더 디테일 한 생존 크래프트 게임 으로 모드 를 통해 완전히 색다른 재미 를 느낄 수 있다 .,2020-12-29 20:43:50
294100,RimWorld,positive,ㄹㅇ 중독성이랑 매력있긴 ㅈㄴ있네,ㄹㅇ 중독 성 이랑 매력 있긴 ㅈㄴ 있네,2020-12-29 11:22:45
294100,RimWorld,positive,"현시점 기지건설 시뮬 게임의 끝판왕이라고 생각한다. 일단 할 거 뒤지게 많고 모드 덕지덕지 붙이면 한판 하는데 백시간은 그냥 때려 박을 수 있는 게임임. 그리고 자기가 어떻게 하냐에 따라서 방치겜, 공포겜, 야겜, 어드벤처겜, 인생시뮬 등등 뭐든지 될 수 있는 게임이다. 그런데 이런 장점을 가지고 있음에도 가장 커다란 단점이 하나 있는데... 모드 배열하다 보면 일단 한숨부터 나온다...","현 시점 기지 건설 시뮬 게임 의 끝판 왕 이라고 생각 한다 . 일단 할 거 뒤지게 많고 모드 덕지덕지 붙이 면 한판 하는데 백 시간 은 그냥 때려 박 을 수 있는 게임 임 . 그리고 자기 가 어떻게 하냐에 따라서 방치 겜 , 공포 겜 , 야겜 , 어드벤처 겜 , 인생 시 뮬 등등 뭐 든지 될 수 있는 게임 이다 . 그런데 이런 장점 을 가지 고 있음에도 가장 커다란 단점 이 하나 있는데 ... 모드 배열 하다 보면 일단 한숨 부터 나온다 ...",2020-12-29 04:48:34
294100,RimWorld,positive,우리 집에 처들어오는 나쁜 사람을 납치해서 장기를 모두 빼내 팔고 남은 신체는 수술 연습용 모르모트로 만들어 무한 수술로 영원한 고통을 줄 수 도 있는 게임,우리 집 에 처 들어오는 나쁜 사람 을 납치 해서 장기 를 모두 빼내 팔고 남은 신체 는 수술 연습 용 모르모트 로 만들어 무한 수술 로 영원한 고통 을 줄 수 도 있는 게임,2020-12-29 03:16:45
294100,RimWorld,positive,만약 이게임을 구매하는데 망설인다면 당신의 구매내역를 살펴보세요 스타듀벨리.. 심시티.. 이런류의 게임이 당신의 게임 목록에 들어가있고 심지어 재미있게 즐겼다면 이 게임또한 저처럼 즐길수 있으니 안심하고 구매해주시길 바랍니다. 어차피 환불할 생각도 하기전에 시간이 사라져있습니다 ㅋㅋ,만약 이 게임 을 구매 하는데 망설인다면 당신 의 구 매 내 역를 살펴보세요 스타 듀 벨리 .. 심시티 .. 이런 류 의 게임 이 당신 의 게임 목록 에 들어가있고 심지어 재미있게 즐겼다면 이 게임 또한 저 처럼 즐길수 있으니 안심 하고 구매 해주시길 바랍니다 . 어차피 환불 할 생각 도 하기전에 시간 이 사라져있습니다 ㅋㅋ,2020-12-29 01:53:38
294100,RimWorld,positive,림들아 내가 미아내..,림 들 아 내 가 미아 내 ..,2020-12-28 17:38:01
294100,RimWorld,positive,절대 할인 안한 게임이 내가 구매하면 할인함,절대 할인 안 한 게임 이 내 가 구매 하면 할인 함,2020-12-28 12:03:26
294100,RimWorld,positive,처음엔 이게뭐지 하다가 걍 하게된다 ㄹㅇ,처음 엔 이 게뭐 지 하다가 걍 하게 된다 ㄹㅇ,2020-12-28 09:05:53
294100,RimWorld,positive,짧게 즐기기 좋은 게임이네요,짧게 즐기기 좋은 게임 이네 요,2020-12-28 03:57:46
294100,RimWorld,positive,굿,굿,2020-12-27 14:28:35
294100,RimWorld,positive,갓겜임에는 틀림없으나... 매번 업데이트할대마다 모드 재정렬하는게 너무 귀찮음 ㅠ 바닐라는 너무 삭막하고 모드깔고하자니 끝도 없이 파고 들어가야함...,갓 겜임 에는 틀림없으나 ... 매번 업데이트 할 대마 다 모드 재 정렬 하는게 너무 귀찮음 ㅠ 바닐라 는 너무 삭막하고 모드 깔고 하자 니 끝 도 없이 파고 들어가야 함 ...,2020-12-27 14:26:18
294100,RimWorld,positive,재밌음,재밌음,2020-12-27 13:01:00
294100,RimWorld,positive,타이난이 뼈대를 만들고 유저가 살을 붙여 완성한 게임.,타이난 이 뼈대 를 만들고 유저 가 살 을 붙여 완성 한 게임 .,2020-12-27 01:34:24
294100,RimWorld,positive,이런류 게임 별로 안좋아한다고 생각했던 나를 잘 몰랐닼ㅋㅋㅋㅋㅋㅋㅋㅋㅋㅋㅋㅋㅋㅋㅋㅋㅋㅋㅋㅋㅋㅋㅋㅋㅋㅋㅋㅋㅋㅋㅋㅋㅋㅋㅋㅋㅋㅋㅋ 레알 키게 되면 몰아서 하게됨 하도 추천 하길래 삿는데 후회 안함 잘만들었고 할 수 있는게 많은겜,이런 류 게임 별로 안 좋아한다고 생각 했던 나를 잘 몰랐닼 ㅋㅋㅋㅋㅋㅋㅋㅋㅋㅋㅋㅋㅋㅋㅋㅋㅋㅋㅋㅋㅋㅋㅋㅋㅋㅋㅋㅋㅋㅋㅋㅋㅋㅋㅋㅋㅋㅋㅋ 레알 키 게 되면 몰아서 하게 됨 하도 추천 하길래 삿는데 후회 안함 잘 만들었고 할 수 있는게 많은 겜,2020-12-26 22:40:54
294100,RimWorld,positive,하면 인생을 손해봄,하면 인생 을 손 해봄,2020-12-26 21:33:58
294100,RimWorld,positive,900시간을 했지만 아직도 뉴비다.,900시간 을 했지만 아직도 뉴비 다 .,2020-12-26 15:23:14
294100,RimWorld,positive,ㅋㅋㅋㅋㅋ 시간을 버리실 준비가 되셨습니까?,ㅋㅋㅋㅋㅋ 시간 을 버리실 준비 가 되셨습니까 ?,2020-12-26 14:26:32
294100,RimWorld,positive,어둠의 노사모의 봉하마을,어둠 의 노사모 의 봉하마을,2020-12-26 11:30:07
294100,RimWorld,positive,에윽 270시간 뚝딱사라졌누,에윽 270시간 뚝딱 사라졌 누,2020-12-26 10:38:38
294100,RimWorld,positive,이게임은 진짜 꿀잼이다,이 게임 은 진짜 꿀잼 이다,2020-12-26 08:47:10
294100,RimWorld,positive,스카이림과 같이 컨셉질 하면서 하기 좋은게임인데 똑같은 원리로 컨셉질하거나 셋팅하는데 시간이 오래걸리고 게임은 오래 안한듯한 느낌이 듭니다.,스카이림 과 같이 컨셉 질 하면서 하기 좋은 게임 인데 똑같은 원리 로 컨셉 질하거나 셋팅 하는데 시간 이 오래 걸리고 게임 은 오래 안 한 듯 한 느낌 이 듭니 다 .,2020-12-26 06:00:54
294100,RimWorld,positive,존나 재미슴,존나 재미 슴,2020-12-25 17:16:25
294100,RimWorld,positive,ㅈ망겜 ㅋㅋ,ㅈ 망겜 ㅋㅋ,2020-12-25 15:37:37
294100,RimWorld,positive,타이난 금발 근육 양아치 실베스터!! 타이난 금발 근육 양아치 실베스터!! 타이난 금발 근육 양아치 실베스터!! 타이난 금발 근육 양아치 실베스터!! 타이난 금발 근육 양아치 실베스터!! 타이난 금발 근육 양아치 실베스터!! 타이난 금발 근육 양아치 실베스터!! 타이난 금발 근육 양아치 실베스터!! 타이난 금발 근육 양아치 실베스터!!타이난 금발 근육 양아치 실베스터!! 타이난 금발 근육 양아치 실베스터!! 타이난 금발 근육 양아치 실베스터!! 타이난 금발 근육 양아치 실베스터!!타이난 금발 근육 양아치 실베스터!!타이난 금발 근육,타이난 금발 근육 양 아치 실베스터 !! 타이난 금발 근육 양 아치 실베스터 !! 타이난 금발 근육 양 아치 실베스터 !! 타이난 금발 근육 양 아치 실베스터 !! 타이난 금발 근육 양 아치 실베스터 !! 타이난 금발 근육 양 아치 실베스터 !! 타이난 금발 근육 양 아치 실베스터 !! 타이난 금발 근육 양 아치 실베스터 !! 타이난 금발 근육 양 아치 실베스터 !! 타이난 금발 근육 양 아치 실베스터 !! 타이난 금발 근육 양 아치 실베스터 !! 타이난 금발 근육 양 아치 실베스터 !! 타이난 금발 근육 양 아치 실베스터 !! 타이난 금발 근육 양 아치 실베스터 !! 타이난 금발 근육,2020-12-25 01:11:05
294100,RimWorld,positive,재미짐,재미 짐,2020-12-24 16:37:29
294100,RimWorld,positive,딱 900시간부터 슬슬 지겨워지는듯,딱 900시간 부터 슬슬 지겨워지는듯,2020-12-24 05:41:27
294100,RimWorld,positive,파지직... 아잇 씻팔 !,파지 직 ... 아 잇 씻 팔 !,2020-12-23 22:54:01
294100,RimWorld,positive,긴 설명이 필요없습니다. 림월드는 단연코 최고의 시뮬레이션 게임이라고 평가내리고 싶습니다.,긴 설명 이 필요없습니다 . 림 월드 는 단연 코 최고 의 시뮬레이션 게임 이라고 평가 내리고 싶습니다 .,2020-12-23 18:55:13
294100,RimWorld,positive,스팀결제 말고 별도로 인생도 결제되니까 잘 생각하고 사라,스팀 결제 말고 별도 로 인생 도 결제 되니까 잘 생각 하고 사라,2020-12-23 11:25:14
294100,RimWorld,positive,할만한듯...?,할만 한 듯 ...?,2020-12-22 18:21:51
294100,RimWorld,positive,갖고있는겜중에 젤 많이 했음.. 단순해보이는데 전개 너무 충격적이고 그냥 계속 하게됨,갖고있는 겜 중 에 젤 많이 했음 .. 단순 해보이는데 전개 너무 충격 적 이고 그냥 계속 하게 됨,2020-12-22 12:35:57
294100,RimWorld,positive,노잼이네..,노잼 이네 ..,2020-12-22 09:01:56
294100,RimWorld,positive,"처음에는 뭐하든 재밌어요,근데 어느정도 하다보면 좀 질리기도 해요","처음 에는 뭐 하든 재밌어요 , 근데 어느 정도 하다 보면 좀 질리 기도 해 요",2020-12-20 14:20:53
294100,RimWorld,positive,"수능 끝난 고3및 n수생, 취업 임용 대기하는 사람은 고민하지말고 즉시 구매할것","수능 끝난 고 3 및 n 수생 , 취업 임용 대기 하는 사람 은 고민 하지말고 즉시 구매 할것",2020-12-20 13:22:33
294100,RimWorld,positive,"림월드는 갓겜이라 재미가 없을 수가 없다. 처음에는 어려울 수 있지만, 몇번 플레이하고 망하다보면 대충 어떻게 플레이해야 재밌는지 알 수 있게 된다. 모드도 많아서 더 즐거운 요소가 된다.","림 월드 는 갓 겜 이라 재미 가 없을 수가 없다 . 처음 에는 어려울 수 있지만 , 몇번 플레이 하고 망하다 보면 대충 어떻게 플레이 해야 재밌는지 알 수 있게 된다 . 모드 도 많아서 더 즐거운 요소 가 된다 .",2020-12-20 12:45:46
294100,RimWorld,positive,가성비 ㅆㅅㅌㅊ,가성 비 ㅆㅅㅌㅊ,2020-12-20 01:58:22
294100,RimWorld,positive,타임머신,타임머신,2020-12-19 23:30:20
294100,RimWorld,positive,해보셈,해보셈,2020-12-19 21:22:16
294100,RimWorld,positive,이제야 두 판째 시작했습니다.,이제야 두 판 째 시작 했습니다 .,2020-12-19 02:53:59
294100,RimWorld,positive,별로 재미있네요,별로 재미있네요,2020-12-18 20:04:55
294100,RimWorld,positive,뭐야 플탐 400시간 넘었네?,뭐 야 플 탐 400시간 넘었네 ?,2020-12-18 17:15:48
294100,RimWorld,positive,끔찍한 절망속에서 살아봐라 애송이,끔찍한 절망 속 에서 살 아 봐라 애송이,2020-12-18 13:12:11
294100,RimWorld,positive,재밌음 ㅋㅋ 킬링타임 좋다 재택근무나 화상회의할때 창모드 띄워놓고 하면 스릴 2배임,재밌음 ㅋㅋ 킬링타임 좋다 재택근무 나 화상회의 할 때 창 모드 띄워놓고 하면 스릴 2 배임,2020-12-18 10:09:44
294100,RimWorld,positive,재미 있을 줄 몰랐던 게임이지만 너무 재밌음,재미 있을 줄 몰랐던 게임 이지만 너무 재밌음,2020-12-17 20:50:13
294100,RimWorld,positive,사지마세요 인생이 사라집니다,사지 마세요 인생 이 사라집니다,2020-12-17 17:27:09
294100,RimWorld,positive,와.... 모드 깔고 시작하니까 시간이 벌써;;;;;;,와 .... 모드 깔고 시작 하 니까 시간 이 벌써 ;;;;;;,2020-12-17 16:53:55
294100,RimWorld,positive,시간잘가요,시간 잘가요,2020-12-17 13:14:45
294100,RimWorld,positive,살려줘,살려줘,2020-12-17 13:11:49
294100,RimWorld,positive,처음 플레이하는 사람에겐 다소 어렵지만 플레이가 익숙해진 순간에는 짧은 시간도 즐겁게 보낼 수 있을 정도로 재밌음. 굳이 엔딩이 아니여도 다양한 모드도 즐기 수 있고 모드가 없어도 재밌긴 함.,처음 플레이 하는 사람 에겐 다소 어렵지만 플레이 가 익숙해진 순간 에는 짧은 시간 도 즐겁게 보낼 수 있을 정도 로 재밌음 . 굳이 엔딩 이 아니여도 다양한 모드 도 즐기 수 있고 모드 가 없어도 재밌긴 함 .,2020-12-17 09:37:31
294100,RimWorld,positive,허허허 이 게임 시간이 순삭이네요 창작마당에 모드가 상당히 많아서 질리지도 않고 계속하게 되는듯 ㅎㅎㅎ,허허 허 이 게임 시간 이 순삭 이네 요 창작 마당 에 모드 가 상당히 많아서 질리지도 않고 계속 하게 되는듯 ㅎㅎㅎ,2020-12-16 08:57:13
294100,RimWorld,positive,나는 시험 전에 이 게임을 알면 안 됬다...,나 는 시험 전 에 이 게임 을 알 면 안 됬다 ...,2020-12-16 00:35:10
294100,RimWorld,positive,"쩐다는 말 밖에 안나온다. 어릴때부터 뭐 키우고 이런거 좋았했고 개미 여왕개미 잡아서 군집 만들어서 보는것도 좋아했다. 그런 영향인지 게임이 정말 좋드라. 처음 구매 결정할때 후기들 보는데 몰입하게 된다고 ㅋㅋㅋㅋㅋ 막 케릭터(림)죽으면 개 슬프고 빡치고... 그런다고 했는데 솔직히 안믿었다. 그런데 어느순간 플레이시간 200시간이 넘고 나도 내 림 죽으면 알수 없는 슬픈느낌에 무덤 만들어서 묘도 세우고 있드라 ㅋㅋㅋㅋㅋㅋㅋㅋㅋㅋ 이런 이야기는 됬고, 어려운 게임 좋아하는 사람은 해라. 무에서 시작해서 점점 성장해 성취감","쩐다 는 말 밖에 안 나온다 . 어릴 때 부터 뭐 키우고 이런거 좋았 했고 개미 여왕개미 잡아서 군집 만들어서 보는것도 좋아했다 . 그런 영향 인지 게임 이 정말 좋드 라 . 처음 구매 결정 할 때 후기 들 보는데 몰입 하게 된다고 ㅋㅋㅋㅋㅋ 막 케릭 터 ( 림 ) 죽으면 개 슬프고 빡치고 ... 그런다고 했는데 솔직히 안 믿었다 . 그런데 어느 순간 플레이 시간 200시간 이 넘고 나도 내 림 죽으면 알수 없는 슬픈 느낌 에 무덤 만들어서 묘도 세우고 있드 라 ㅋㅋㅋㅋㅋㅋㅋㅋㅋㅋ 이런 이야기 는 됬고 , 어려운 게임 좋아하는 사람 은 해 라 . 무 에서 시작 해서 점점 성장해 성취 감",2020-12-16 00:23:52
294100,RimWorld,positive,녹는다.. 시간이 녹아,녹는다 .. 시간 이 녹아,2020-12-15 21:32:44
294100,RimWorld,positive,플레이 방법을 몰라서 튜토리얼을 했는데도 복잡해서 환불하고싶다? 글쎄다 그때쯤이면한 10시간이 지나있지 않을까ㅋㅋ,플레이 방법 을 몰라서 튜토리얼 을 했는데도 복잡해서 환불 하고싶다 ? 글쎄 다 그때 쯤 이면 한 10시간 이 지나있지 않을까 ㅋㅋ,2020-12-15 16:46:46
294100,RimWorld,positive,적당히 재밌네요,적당히 재밌네요,2020-12-15 12:06:32
294100,RimWorld,positive,"듀토리얼 끝냈는데, 아직도 너무어렵네요;;,,,","듀토 리얼 끝냈는데 , 아직도 너무 어렵네요 ;;,,,",2020-12-15 04:37:03
294100,RimWorld,positive,이거 완전 망겜임요 정식출시하고 들크까지 나왓는데 치명적인 버그가 있음;; 시작은 있는데 끝이 없음;; 플탐이 멈추지를 않는데 이거 언제고쳐줌?,이 거 완전 망겜임 요 정식 출시 하고 들 크까지 나왓는데 치명 적 인 버그 가 있음 ;; 시작 은 있는데 끝 이 없음 ;; 플 탐이 멈추지를 않는데 이 거 언제 고쳐 줌 ?,2020-12-15 03:41:21
294100,RimWorld,positive,아직 초반이라 괜찮은데 많이하면 질릴거같아요.,아직 초반 이라 괜찮은데 많이 하면 질릴거 같아요 .,2020-12-14 11:16:30
294100,RimWorld,positive,컨텐츠 뒤지게 많네;,컨텐츠 뒤지게 많네 ;,2020-12-13 22:47:07
294100,RimWorld,positive,내 시간이모두 어디갔지?,내 시간 이모 두 어디 갔지 ?,2020-12-13 17:51:24
294100,RimWorld,positive,인생의 반을 손해 봄,인생 의 반 을 손해 봄,2020-12-13 15:24:54
294100,RimWorld,positive,"2D 그래픽이라 무시했지만 처음 해보고 3일 순간삭제됨, 내 인생 최고의 생존게임 돈이 1도 아깝지않고 매우 만족스러움","2 D 그래픽 이라 무시 했지만 처음 해보고 3일 순간 삭제 됨 , 내 인생 최고 의 생존 게임 돈 이 1 도 아깝지 않고 매우 만족스러 움",2020-12-13 06:04:36
294100,RimWorld,positive,타임머신,타임머신,2020-12-12 23:09:05
294100,RimWorld,positive,경영 게임 좋아하면 추천 존나 재밌음 ㅇㅇ,경영 게임 좋아하면 추천 존나 재밌음 ㅇㅇ,2020-12-12 22:16:14
294100,RimWorld,positive,"동물, 괴물, 침입자 보다 감기가 더 무서움","동물 , 괴물 , 침입 자 보다 감기 가 더 무서움",2020-12-12 20:47:21
294100,RimWorld,positive,말이필요없음.,말 이 필요없음 .,2020-12-12 07:00:43
294100,RimWorld,positive,"학생, 살건가? 이 게임, 꽤나 거칠다고?","학생 , 살 건가 ? 이 게임 , 꽤 나 거칠다고 ?",2020-12-12 03:04:02
294100,RimWorld,positive,시간이 말해주는 게임,시간 이 말 해주는 게임,2020-12-10 02:14:26
294100,RimWorld,positive,쉬운 난이도에서도 때때로 변방 행성의 매운맛을 선사하는 하드코어 정착지 운영 게임.,쉬운 난이도 에서도 때때로 변방 행성 의 매운 맛 을 선사 하는 하드코어 정착 지 운영 게임 .,2020-12-09 23:10:22
294100,RimWorld,positive,12월 1일 찜목록에넣고 12월 2일 시작 12월 9일 제 시험기간 돌려주세요,12월 1일 찜 목록 에 넣고 12월 2일 시작 12월 9일 제 시험 기간 돌려주세요,2020-12-09 12:37:24
294100,RimWorld,positive,나만 이런겜 할수없지 ㄹㅇㅋㅋㅋㅋㅋ,나 만 이런 겜 할수 없지 ㄹㅇㅋㅋㅋㅋㅋ,2020-12-09 08:44:45
294100,RimWorld,positive,처음할땐 튜토리얼 도 불친절하고 어려운대. 막상 하다보면 시간이 녹아버려서 이제 4시간 했나 하고 보면 7시간 함. 내 시간 어디갔어요; 하다보면 일상생활 속에서 집이 있고 책상이 있고 요리 와 개인침실 등등 존재하고 있단것에 감사하고 신경쓰이기 시작함. 림월드 는 하다보면 게임 보단 영화에 가까움,처음 할 땐 튜토리얼 도 불친절하고 어려운대 . 막상 하다 보면 시간 이 녹아 버려서 이제 4시간 했나 하고 보면 7시간 함 . 내 시간 어디 갔어요 ; 하다 보면 일상생활 속 에서 집 이 있고 책상 이 있고 요리 와 개인 침실 등등 존재 하고 있 단것 에 감사하고 신경 쓰이기 시작 함 . 림 월드 는 하다 보면 게임 보단 영화 에 가까 움,2020-12-09 01:23:29
294100,RimWorld,positive,미래로 가는 타임머신,미래 로 가는 타임머신,2020-12-09 00:07:21
294100,RimWorld,positive,할인 오지게 안하는 게임. 10%할인할때라도 사자... 시간순삿 꿀잼갓겟 ㅇㅈ 기본 공략 보고하시면 그렇게 어렵지않습니다!,할인 오지 게 안 하는 게임 . 10% 할인 할 때 라도 사자 ... 시간 순 삿 꿀잼갓겟 ㅇㅈ 기본 공략 보고 하시면 그렇게 어렵지 않습니다 !,2020-12-08 21:53:44
294100,RimWorld,positive,팀원으로 회유하려고 수감실에 가둬놨는데 식량이 바닥나서 어쩔 수 없이 걔를 구워 먹어야 할 때의 그 충격과 서글픔이란,팀 원 으로 회유 하려고 수 감실 에 가둬놨는데 식량 이 바닥나서 어쩔 수 없이 걔 를 구워 먹어야 할 때 의 그 충격 과 서글픔이란,2020-12-08 18:53:38
294100,RimWorld,positive,재밌다 이게임 정말 나 한다 게임 하루전체 이것,재밌다 이 게임 정말 나 한다 게임 하루 전체 이 것,2020-12-08 15:52:52
294100,RimWorld,positive,도망쳐,도망쳐,2020-12-08 02:37:47
294100,RimWorld,positive,"심시티, 디펜스, 케릭터 육성, 심즈, 생존, 컨셉질 다 가능한 갓겜","심시티 , 디펜스 , 케릭 터 육성 , 심즈 , 생존 , 컨셉 질 다 가능한 갓 겜",2020-12-08 01:30:38
294100,RimWorld,positive,최고,최고,2020-12-07 16:14:47
294100,RimWorld,positive,슬슬 좀 알거같애요,슬슬 좀 알거 같 애 요,2020-12-07 15:32:34
294100,RimWorld,positive,:),:),2020-12-06 21:21:45
294100,RimWorld,positive,good,good,2020-12-06 19:35:30
294100,RimWorld,positive,말이 필요없는 갓겜,말 이 필요없는 갓 겜,2020-12-06 17:49:36
294100,RimWorld,positive,쫌 해봤는데 할만하네욧,쫌 해봤는데 할 만하 네 욧,2020-12-06 17:49:27
294100,RimWorld,positive,재미있음 취향맞으면 돈값함 개ㅆㅅㅌㅊ,재미있음 취향 맞으면 돈값함 개 ㅆㅅㅌㅊ,2020-12-06 12:55:05
294100,RimWorld,positive,전 이 게임을 학교 기말고사 2주전에 받았고 정신을 차려보니 기말고사는 이미 끝나있었습니다,전 이 게임 을 학교 기말고사 2 주전 에 받았고 정신 을 차려 보니 기말고사 는 이미 끝나있었습니다,2020-12-06 00:53:41
294100,RimWorld,positive,생각보단 별로.,생각 보단 별로 .,2020-12-05 22:28:59
294100,RimWorld,positive,수능 끝난지 하루 지남. 어?,수능 끝난지 하루 지남 . 어 ?,2020-12-05 18:30:59
294100,RimWorld,positive,갓겜,갓 겜,2020-12-05 16:53:29
294100,RimWorld,positive,"추천 할 만한 게임이지만 굉장히 취향을 타고, 게다가 창의력에 비례해서 재미가 늘어나기 때문에 창의력을 굳이 발휘할 것 없이 게임을 즐기고 싶은 사람들에게는 돈 낭비가 될 겁니다","추천 할 만 한 게임 이지만 굉장히 취향 을 타고 , 게다가 창의력 에 비례 해서 재미 가 늘어나기 때문 에 창의력 을 굳이 발휘 할 것 없이 게임 을 즐기고 싶은 사람 들 에게는 돈 낭비 가 될 겁니다",2020-12-05 15:15:58
294100,RimWorld,positive,마약겜,마약 겜,2020-12-05 08:43:30
294100,RimWorld,positive,갓 겜,갓 겜,2020-12-05 03:49:41
294100,RimWorld,positive,아 네 시간 돌려줘,아 네 시간 돌려줘,2020-12-04 21:18:15
294100,RimWorld,positive,꿀잼,꿀잼,2020-12-04 15:10:30
294100,RimWorld,positive,튜토리얼 막 끝난 뉴비에요. 게임 잘 산거 같아요. ㅎ,튜토리얼 막 끝난 뉴비 에요 . 게임 잘 산거 같아요 . ㅎ,2020-12-03 17:38:37
294100,RimWorld,positive,재밌네,재밌네,2020-12-03 13:44:25
294100,RimWorld,positive,타임머신겜,타임머신 겜,2020-12-03 00:13:41
294100,RimWorld,positive,내가 알던 거북이가 아니다,내 가 알던 거북이 가 아니다,2020-12-02 23:57:23
294100,RimWorld,positive,종합 평가 : 압도적으로 긍정적 최근 평가 : 압도적으로 긍정적,종합 평가 : 압도 적 으로 긍정 적 최근 평가 : 압도 적 으로 긍정 적,2020-12-01 19:11:08
294100,RimWorld,positive,모드넣어서 플레이하면 절때 질리지않는겜 거의 마크급,모드 넣어서 플레이 하면 절때 질리 지 않는 겜 거의 마크 급,2020-12-01 17:11:51
294100,RimWorld,positive,274시간 했지만 뉴비에요. 진심 농담 아니고 이 겜 기준 응애 맞음. 최근엔 바닐라 익스텐디드 모드 시리즈가 나와서 거의 새로운 게임 느낌으로 플레이 가능.,274시간 했지만 뉴비 에요 . 진심 농담 아니고 이 겜 기준 응애 맞음 . 최근 엔 바닐라 익스 텐디드 모드 시리즈 가 나와서 거의 새로운 게임 느낌 으로 플레이 가능 .,2020-11-30 22:31:11
294100,RimWorld,positive,띵작,띵작,2020-11-30 18:03:23
294100,RimWorld,positive,굿겜,굿겜,2020-11-30 12:27:55
294100,RimWorld,positive,.,.,2020-11-30 07:18:19
294100,RimWorld,positive,계속하게 됨,계속 하게 됨,2020-11-29 21:03:08
294100,RimWorld,positive,"재미 없음, 컨텐츠 부족함","재미 없음 , 컨텐츠 부족함",2020-11-29 17:19:02
294100,RimWorld,positive,말이 필요 없는 갓-겜. 외딴 행성에 불시착하여 아늑한 주거지를 만들어보세요! 상상할 수 있는 모든 이벤트가 당신을 기다립니다!,말 이 필요 없는 갓 - 겜 . 외딴 행성 에 불시 착하여 아늑한 주거지 를 만들어 보세요 ! 상상 할 수 있는 모든 이벤트 가 당신 을 기다립니다 !,2020-11-29 08:14:54
294100,RimWorld,positive,취향 맞으면 문명보다 성능 좋은 타임머신. 모드로 시작해서 모드로 끝나는 게임이니 창작마당 잘 쓰면 더 재밌음. 한국인들이 만든 모드도 많고 메이저 모드들은 통합 번역 모드로 번역도 지원하니까 츄라이 츄라이,취향 맞으면 문명 보다 성능 좋은 타임머신 . 모드 로 시작 해서 모드 로 끝나는 게임 이니 창작 마당 잘 쓰면 더 재밌음 . 한국인 들 이 만든 모드 도 많고 메이저 모드 들 은 통합 번역 모드 로 번역 도 지원 하 니까 츄 라이 츄 라이,2020-11-29 00:37:38
294100,RimWorld,positive,옛날부터 고민하다가 삿는데 역시 후회가 됩니다 옛날에 살껄 너무 후회가 됩니다.,옛날 부터 고민 하다가 삿는데 역시 후회 가 됩니다 옛날 에 살껄 너무 후회 가 됩니다 .,2020-11-28 19:55:24
294100,RimWorld,positive,당신의 기지를 털어 버리려고 침략자가 왔다고요? 우리집의 물건을 훔쳐갈까 우리가족같은 림을 죽일까 걱정된다고요? 그들은 침략자가 아닙니다 걱정하지 마세요 그들의 장기를 떼내어팔고 팔다리를 땠다 붙였다하며 의학기술을 늘리고 의료사고로 죽어버리면 해체하여 고기는 사료로 만들어서 애완동물들에게 먹이거나 화학연료로 정제하고 가죽은 소파를 만들어서 우리 가족같은 림들이 편~안 하게 일을 할수있게 만들어줍니다 침략자들이 입고온 옷은 분해해서 천으로 만들어 살림에 보태고 무기는 분해하여 정착민이쓸 다른 무기로 만들어 줍시다 자 지금도 당신의 집,당신 의 기지 를 털어 버리려고 침략 자 가 왔다고요 ? 우리 집의 물건 을 훔쳐 갈까 우리 가족 같은 림 을 죽일까 걱정 된다고요 ? 그 들 은 침략 자 가 아닙니다 걱정 하지 마세요 그 들 의 장기 를 떼내어 팔고 팔다리 를 땠다 붙였다하며 의학 기술 을 늘리고 의료사 고로 죽어 버리면 해체 하여 고기 는 사료 로 만들어서 애완동물 들 에게 먹이거나 화학 연료 로 정제 하고 가죽 은 소파 를 만들어서 우리 가족 같은 림 들 이 편 ~ 안 하게 일 을 할수있게 만 들어줍니다 침략 자 들이 입 고온 옷 은 분해 해서 천 으로 만들어 살림 에 보태 고 무기 는 분해 하여 정착민 이 쓸 다른 무기 로 만들어 줍시다 자 지금 도 당신 의 집,2020-11-28 18:03:08
294100,RimWorld,positive,그냥 이겜은 마냥 재밌고 즐 겁 다 ! 그리고 내 소원중 하나다ㅏㅏㅏㅏㅏㅏㅏㅏㅏㅏㅏ,그냥 이 겜 은 마냥 재밌고 즐 겁 다 ! 그리고 내 소원 중 하나 다 ㅏㅏㅏㅏㅏㅏㅏㅏㅏㅏㅏ,2020-11-28 16:14:39
294100,RimWorld,positive,두번 하십시요,두 번 하십시요,2020-11-28 15:49:40
294100,RimWorld,positive,모드를 깔고 귀여운 림들이 치열하게 살아나가는 모습을 관음해 보세요!,모드 를 깔고 귀여운 림 들 이 치열하게 살아나가는 모습 을 관음 해 보세요 !,2020-11-28 14:42:10
294100,RimWorld,positive,?? 왜 해가 떠있냐,?? 왜 해 가 떠있냐,2020-11-28 11:27:48
294100,RimWorld,positive,마크의 심화버전,마크 의 심화 버전,2020-11-28 09:52:46
294100,RimWorld,positive,랜디 야발놈아 내인생 돌리도,랜디 야 발놈 아 내 인생 돌리도,2020-11-28 05:32:11
294100,RimWorld,positive,모두가 즐길 수 있는 게임은 아니지만 즐길 수 있는 자에게 이만한 갓겜도 없다,모두 가 즐길 수 있는 게임 은 아니지만 즐길 수 있는 자 에게 이만 한 갓 겜 도 없다,2020-11-28 02:27:03
294100,RimWorld,positive,설치하고 시작하고 잠을 못잤습니다,설치 하고 시작 하고 잠 을 못잤습니다,2020-11-27 22:33:40
294100,RimWorld,positive,뭐야 내 시간 돌려줘요!,뭐 야 내 시간 돌려줘요 !,2020-11-27 19:16:09
294100,RimWorld,positive,뉴비입니당,뉴비 입니당,2020-11-27 07:58:15
294100,RimWorld,positive,동물의 숲 극한 버전,동물 의 숲 극한 버전,2020-11-27 04:01:59
294100,RimWorld,positive,재밌음,재밌음,2020-11-27 01:06:13
294100,RimWorld,positive,"나와 함께 했던 마을 사람들은 열병을 앓다 죽기도 했고, 압도적인 화력을 가진 적에게 잔인하게 도살당하기도 했다. 고대 유적 속에 잠들어 있던 고대인들에게 비명 지를 새도 없이 죽기도 했고, 굶주린 야생동물의 먹이가 되기도 했다. 벼락으로 불이 난 집에서 빠져나오지 못해 죽기도 했고, 추위와 배고픔을 견디다 객사하기도 했다. 납치를 당해 영영 볼 수 없는 일도 있었고, 이제 막 걸음을 뗀 아이가 부모를 잃기도 했다. 여유로울 땐 애정을 쏟던 애완동물을 위해 꽃으로 둘러싸인 근사한 묘지를 지어주기도 했지만, 매우 급할 땐 함께하던 동","나와 함께 했던 마을 사람 들 은 열병 을 앓다 죽기도 했고 , 압도 적 인 화 력 을 가진 적 에게 잔인하게 도살 당하기도 했다 . 고대 유적 속 에 잠들어 있던 고 대인 들 에게 비명 지를 새도 없이 죽기도 했고 , 굶주린 야생동물 의 먹이 가 되 기도 했다 . 벼락 으로 불 이 난 집 에서 빠져나오지 못 해 죽기도 했고 , 추위 와 배고픔을 견디다 객 사하기도 했다 . 납치 를 당해 영영 볼 수 없는 일도 있었고 , 이제 막 걸음 을 뗀 아이 가 부모 를 잃기도 했다 . 여유 로 울 땐 애정 을 쏟던 애완동물 을 위해 꽃 으로 둘러싸인 근사한 묘지 를 지어 주기도 했지만 , 매우 급할 땐 함께 하던 동",2020-11-26 20:22:07
294100,RimWorld,positive,어ㅡ썸,어 ㅡ 썸,2020-11-26 19:02:19
294100,RimWorld,positive,어느정도 해보고 익숙해지면 모드는 꼭 깔자 인생겜이고 갓겜이고 한데 처음하는 사람한테는 많이 불친절함. 사실 고인물 친구 한명 옆에 끼고 하는게 초반엔 편함 아 그리고 이거 이야기 생성기라는 이름에 걸맞게 이야기로 생각하고 대충 하다보면 재밌는 일 많이 생김. 절박하게 생존 안하고 스토리만 즐긴다 해도 굿,어느 정도 해보고 익숙해지면 모드 는 꼭 깔자 인생 겜 이고 갓 겜 이고 한데 처음 하는 사람 한테 는 많이 불친절함 . 사실 고 인물 친구 한 명 옆 에 끼 고 하는게 초반 엔 편함 아 그리고 이 거 이야기 생 성기 라는 이름 에 걸 맞게 이야기 로 생각 하고 대충 하다 보면 재밌는 일 많이 생김 . 절박 하게 생존 안 하고 스토리 만 즐긴다 해도 굿,2020-11-26 18:33:50
294100,RimWorld,positive,시간 남아돌때 시간 죽이기 딱 좋은 게임,시간 남아돌 때 시간 죽이기 딱 좋은 게임,2020-11-26 18:13:33
294100,RimWorld,positive,해으응,해 으응,2020-11-26 17:14:48
294100,RimWorld,positive,랜디 그는 신이야!랜디 그는 신이야!랜디 그는 신이야!랜디 그는 신이야!랜디 그는 신이야!랜디 그는 신이야!랜디 그는 신이야!랜디 그는 신이야!랜디 그는 신이야!랜디 그는 신이야!랜디 그는 신이야!랜디 그는 신이야!랜디 그는 신이야!랜디 그는 신이야!랜디 그는 신이야!랜디 그는 신이야!랜디 그는 신이야!랜디 그는 신이야!랜디 그는 신이야!랜디 그는 신이야!랜디 그는 신이야!랜디 그는 신이야!랜디 그는 신이야!랜디 그는 신이야!랜디 그는 신이야!랜디 그는 신이야!랜디 그는 신이야!랜디 그는 신이야!랜디 그는 신이야!랜디 그는 신이야!,랜디 그 는 신 이야 ! 랜디 그 는 신 이야 ! 랜디 그 는 신 이야 ! 랜디 그 는 신 이야 ! 랜디 그 는 신 이야 ! 랜디 그 는 신 이야 ! 랜디 그 는 신 이야 ! 랜디 그 는 신 이야 ! 랜디 그 는 신 이야 ! 랜디 그 는 신 이야 ! 랜디 그 는 신 이야 ! 랜디 그 는 신 이야 ! 랜디 그 는 신 이야 ! 랜디 그 는 신 이야 ! 랜디 그 는 신 이야 ! 랜디 그 는 신 이야 ! 랜디 그 는 신 이야 ! 랜디 그 는 신 이야 ! 랜디 그 는 신 이야 ! 랜디 그 는 신 이야 ! 랜디 그 는 신 이야 ! 랜디 그 는 신 이야 ! 랜디 그 는 신 이야 ! 랜디 그 는 신 이야 ! 랜디 그 는 신 이야 ! 랜디 그 는 신 이야 ! 랜디 그 는 신 이야 ! 랜디 그 는 신 이야 ! 랜디 그 는 신 이야 ! 랜디 그 는 신 이야 !,2020-11-26 16:33:46
294100,RimWorld,positive,저장하기와 불러오기만 하는 게임,저장 하기와 불러오기만 하는 게임,2020-11-26 15:11:30
294100,RimWorld,positive,습격 흑점폭발 습격 습격,습격 흑점 폭발 습격 습격,2020-11-26 11:39:54
294100,RimWorld,positive,갓겜,갓 겜,2020-11-26 11:05:49
294100,RimWorld,positive,36000원짜리 타임머신(일방통행),36000원 짜리 타임머신 ( 일방 통행 ),2020-11-26 09:26:16
294100,RimWorld,positive,"사진이나 영상만을 통해 봤을 땐 비싸보이는 가격, 그렇지만 플레이 하면 할 수록 충분히 납득이 가는 가격 바닐라 만으로도 충분히 재미를 느낄 수 있지만, 워크숍의 다양한 모드들로 자신만의 플레이를 만들어나갈 수 있는 게임","사진 이나 영상 만을 통해 봤을 땐 비싸 보이는 가격 , 그렇지만 플레이 하면 할 수록 충분히 납득 이 가는 가격 바닐라 만으로도 충분히 재미 를 느낄 수 있지만 , 워크숍 의 다양한 모드 들 로 자신 만의 플레이 를 만들어 나갈 수 있는 게임",2020-11-26 07:20:01
294100,RimWorld,positive,"아버지 치매 격어보고 나니까, 정신적 스트레스로 광기 터진 림 한명 때문에 다 같이 멘탈 터져서 콜로니 전체가 쓸려나가는게 이해가 된다. 완전 사실적... 아버지보다 내가 먼저 완전히 미칠거 같네.","아버지 치매 격어보 고 나 니까 , 정신 적 스트레스 로 광기 터진 림 한 명 때문 에 다 같이 멘탈 터져서 콜로니 전체 가 쓸려나가는게 이해 가 된다 . 완전 사실 적 ... 아버지 보다 내 가 먼저 완전히 미칠거 같네 .",2020-11-26 03:50:14
294100,RimWorld,positive,랜디랜덤 땜에 자꾸 터지지만 재밌는 게임,랜디 랜덤 땜 에 자꾸 터지지만 재밌는 게임,2020-11-26 02:20:37
294100,RimWorld,positive,삶이 피폐해져가는 기분입니다. 하지만 그 기분이 그렇게 나쁘지는 않은거 같더군요. 가끔 그 느낌이 그리워 퇴사하고 싶은 욕구가 듭니다.,삶 이 피 폐해 져가는 기분 입니다 . 하지만 그 기분 이 그렇게 나쁘지는 않은거 같더군요 . 가끔 그 느낌 이 그리워 퇴사 하고 싶은 욕구 가 듭니 다 .,2020-11-25 20:59:47
294100,RimWorld,positive,미친게임아냐이거???,미친 게임 아냐이거 ???,2020-11-25 00:48:29
294100,RimWorld,positive,어라..? 내 시간이 어디로 간거지?,어라 ..? 내 시간 이 어디 로 간 거지 ?,2020-11-24 01:21:08
294100,RimWorld,positive,시간 너무 잘간다 ㄹㅇㅋㅋㅋ. 이게 3d로 나왔으면 소원이 없겠따,시간 너무 잘 간다 ㄹㅇㅋㅋㅋ . 이 게 3 d 로 나왔으면 소원 이 없겠 따,2020-11-23 23:07:36
294100,RimWorld,positive,시간 가는 줄 모른다. 조심해라,시간 가는 줄 모른다 . 조심해라,2020-11-23 02:02:33
294100,RimWorld,positive,그냥해,그냥 해,2020-11-22 10:01:13
294100,RimWorld,positive,So-so.,So - so .,2020-11-22 09:37:28
294100,RimWorld,positive,ㅋㅋ줫나재밌음,ㅋㅋ 줫 나 재밌음,2020-11-22 09:04:27
294100,RimWorld,positive,게임에 적응하기가 매우 어렵다. 게임초반에 해야할 것이 매우 많아 보이는데 게임이 너무 불친절해서 뭘해야할지 모르겠다. 그냥 많이 하면서 다죽고 다시시작을 반복하거나 따로 겜에 대해 공부를 하여 게임을 익히면서 적응해야한다. 이러한 과정에서 현타가 매우 씨게 와서 겜에 정이 떨어지지만 이 고비를 넘긴다면 한없이 즐길만한 게임이다. 좋은 퀄리티의 모드들이 매우 많은 게임으로 한번 빠진다면 쉽게 빠져 나오지는 못할것 같은 게임.,게임 에 적응하기가 매우 어렵다 . 게임 초반 에 해야 할 것 이 매우 많아 보이는데 게임 이 너무 불친절해서 뭘 해야 할지 모르겠다 . 그냥 많이 하면서 다 죽고 다시 시작 을 반복 하 거나 따로 겜 에 대해 공부 를 하여 게임 을 익히면서 적응해야 한다 . 이러한 과정 에서 현 타가 매우 씨 게 와서 겜 에 정이 떨어지지만 이 고비 를 넘긴다면 한없이 즐길만 한 게임 이다 . 좋은 퀄리티 의 모드 들 이 매우 많은 게임 으로 한번 빠진다면 쉽게 빠져 나오지는 못 할것 같은 게임 .,2020-11-21 23:04:34
294100,RimWorld,positive,⠀,⠀,2020-11-21 18:03:56
294100,RimWorld,positive,갓겜!,갓 겜 !,2020-11-21 16:37:34
294100,RimWorld,positive,"처음 접하는 사람은 게임 운영하는게 조금 복잡하게 느껴질 수도 있고, 초반에 어떻게 플레이해야할 지 대충 설명을 해줬으면 하는데 불친절한 면이 있음. 게임 운영하는 방법을 알게된 후에야 재밌게 즐길 수 있었음. 게임이 조금 지루해질 때쯤이면 중간에 임무나 다른 부족민들이 쳐들어와서 지루해질 틈이 없는 것 같다. 개인적으로 게임 70~100시간이 넘어가면 질려서 잘 안하는데 림월드는 안질려서 큰일이다... 게임 평가가 죄다 압도적으로 긍정적이어서 의문이었는데 이제야 알게되었다. 그리고, 할인때 사면 좋은데 할인 가격 얼마 안하고 게임","처음 접 하는 사람 은 게임 운영 하는게 조금 복잡하게 느껴질 수도 있고 , 초반 에 어떻게 플레이 해야 할 지 대충 설명 을 해줬으면 하는데 불친절한 면 이 있음 . 게임 운영 하는 방법 을 알 게 된 후 에야 재밌게 즐길 수 있었음 . 게임 이 조금 지루해질 때 쯤 이면 중간 에 임무 나 다른 부족 민 들 이 쳐 들어와서 지루해질 틈 이 없는 것 같다 . 개인 적 으로 게임 70~100시간 이 넘어가면 질려서 잘 안 하는데 림 월드 는 안질려서 큰일 이다 ... 게임 평가 가 죄다 압도 적 으로 긍정 적 이어서 의문 이었는데 이제야 알 게 되었다 . 그리고 , 할인 때 사면 좋은데 할인 가격 얼마 안 하고 게임",2020-11-21 12:39:12
294100,RimWorld,positive,"Dear Developer. Can you make another DLC about colonizing another factions? Main Scenario is fun to play, but I prefer let my pawns live and prosper in the planet they landed. We can make another settlements but it feels tired to me. This Royalty DLC is not bad for me actually, so I'm looking forwar","Dear Developer . Can you make another DLC about colonizing another factions ? Main Scenario is fun to play , but I prefer let my pawns live and prosper in the planet they landed . We can make another settlements but it feels tired to me . This Royalty DLC is not bad for me actually , so I ' m looking forwar",2020-11-21 11:19:22
294100,RimWorld,positive,문명보다 해로운 게임임,문명 보다 해로운 게임 임,2020-11-21 00:17:32
294100,RimWorld,positive,Best Game Ever,Best Game Ever,2020-11-21 00:10:23
294100,RimWorld,positive,모드를 설치하면 더 재밌다,모드 를 설치 하면 더 재밌다,2020-11-20 23:24:12
294100,RimWorld,positive,"좆같은 갓겜 - 쓰레기같은 그래픽에 쓰레기같은 최적화(싱글코어) - 플레이어를 못괴롭혀서 안달난 개발자 - 두다리가 잘려 움직이지못하는 수감자한테 인육으로 만든 사료를 먹인다음 수감자의 디버프를 보고 희미한 미소를 띄는 나의 모습&귀여운 요크셔테리어 무리가 합류하면 1초의 망설임도없이 도축하는 나의모습 (인간성을 잃어가는 플레이어) - 당연히 있어야할게 없어서 편의성모드만 깔아도 모드 10개는 우습게 넘어가는 쓰레기같은게임 - 개발자의 의도가담긴 추천하는 모드는 ""랜디철인"" 사망회귀따윈없는 타이난의 철학이 담긴 진정","좆 같은 갓 겜 - 쓰레기 같은 그래픽 에 쓰레기 같은 최적화 ( 싱글코어 ) - 플레이어 를 못 괴롭혀서 안달 난 개발자 - 두 다리 가 잘려 움직이지못하는 수감자 한테 인육 으로 만든 사료 를 먹인다음 수감자 의 디버프 를 보고 희미한 미소 를 띄는 나 의 모습 & 귀여운 요크셔테리어 무리 가 합류 하면 1초 의 망설임도 없이 도축 하는 나 의 모습 ( 인간성 을 잃어가는 플레이어 ) - 당연히 있어 야할게 없어서 편의 성 모드 만 깔아도 모드 10 개는 우습게 넘어가는 쓰레기 같은 게임 - 개발자 의 의도 가 담긴 추천 하는 모드 는 "" 랜디철 인 "" 사망 회귀 따 윈 없는 타이난 의 철학 이 담긴 진정",2020-11-20 19:14:15
294100,RimWorld,positive,튜토리얼이 안끝나요 아니 진짜 왜 안 끝나냐고,튜토리얼 이 안 끝나요 아니 진짜 왜 안 끝나냐고,2020-11-20 16:24:05
294100,RimWorld,positive,asdf,asdf,2020-11-19 23:42:28
294100,RimWorld,positive,"알고 하면 재미 있고, 모르면 적응하는데 시간이 걸리고 난해할수도 있습니다.","알 고 하면 재미 있고 , 모르면 적응하는데 시간 이 걸리고 난해할수도 있습니다 .",2020-11-19 11:27:58
294100,RimWorld,positive,재미있는데 마지막에 힘듬,재미있는데 마지막 에 힘듬,2020-11-18 22:24:01
294100,RimWorld,positive,개십사기 게임 팩토리오 좋아한다면 당장 사세요,개십 사기 게임 팩토리 오 좋아한다면 당장 사세요,2020-11-18 17:31:18
294100,RimWorld,positive,개꿀잼갓겜,개꿀잼갓겜,2020-11-18 15:37:19
294100,RimWorld,positive,일단 플레이해봅시다. 모드가 먹여살리는 갓겜입니다.,일단 플레이 해봅시다 . 모드 가 먹여 살리는 갓 겜 입니다 .,2020-11-18 15:02:39
294100,RimWorld,positive,재밌다,재밌다,2020-11-18 13:43:31
294100,RimWorld,positive,갓겜,갓 겜,2020-11-18 10:03:04
294100,RimWorld,positive,하세요,하세요,2020-11-15 23:06:49
294100,RimWorld,positive,아 할거 없네 컨텐츠 망겜,아 할거 없네 컨텐츠 망겜,2020-11-15 22:37:26
294100,RimWorld,positive,새 버젼- 새 모드- 새지구 무한반복,새 버젼 - 새 모드 - 새 지구 무한 반복,2020-11-15 15:37:33
294100,RimWorld,positive,취향맞으면 시간 잡아먹는 괴물같은 게임,취향 맞으면 시간 잡아먹는 괴물 같은 게임,2020-11-15 03:40:37
294100,RimWorld,positive,별로 재미 없어요,별로 재미 없어요,2020-11-14 18:46:14
294100,RimWorld,positive,조금만 맛보기로 해봤는데 잘만든게임임,조금 만 맛보기 로 해봤는데 잘만 든 게임 임,2020-11-14 11:13:20
294100,RimWorld,positive,내 인생 최고의 게임,내 인생 최고 의 게임,2020-11-13 23:47:23
294100,RimWorld,positive,"정든 정착민들을 우주선에 태워 떠나보낸 후 커다란 정착지에 바람소리만이 들려올때, 정말로 나 혼자만 남겨진 기분이었다. 게임하면서 나도 모르게 정이 들었나보다. 행복을 향한 여정임을 바라며...","정 든 정착민 들 을 우주선 에 태워 떠나 보낸 후 커다란 정착 지에 바람소리 만이 들려올 때 , 정말로 나 혼자 만 남겨진 기분 이었다 . 게임 하면서 나도 모르게 정이 들었나보다 . 행복 을 향 한 여정 임 을 바라며 ...",2020-11-13 23:25:21
294100,RimWorld,positive,재밌다,재밌다,2020-11-13 22:14:27
294100,RimWorld,positive,이 게임이 없으면 살 수 없어요,이 게임 이 없으면 살 수 없어요,2020-11-12 20:38:48
294100,RimWorld,positive,아 ㅋㅋ 함 해보고 말을 해라 마! 츄라이 츄라이!,아 ㅋㅋ 함 해보고 말 을 해 라 마 ! 츄 라이 츄 라이 !,2020-11-12 16:36:11
294100,RimWorld,positive,진짜 갓겜,진짜 갓 겜,2020-11-12 15:15:54
294100,RimWorld,positive,재미있네요,재미있네요,2020-11-12 14:01:01
294100,RimWorld,positive,저위에 플탐부심분 더 노력하세요 ㅋㅋ저이거 4개월만에 채웠어요 물론 지금은 잘안하지만 진짜 몇달동안 미쳐서했던게임입니당ㅋㅋ,저 위 에 플 탐 부심 분 더 노력 하세요 ㅋㅋ 저 이 거 4 개월 만에 채웠어요 물론 지금 은 잘안하지만 진짜 몇 달동 안 미쳐서 했던 게임 입니당 ㅋㅋ,2020-11-11 16:04:48
294100,RimWorld,positive,좋아요 좋아요좋아요 좋아요좋아요 좋아요좋아요 좋아요좋아요 좋아요좋아요 좋아요좋아요 좋아요좋아요 좋아요좋아요 좋아요좋아요 좋아요좋아요 좋아요좋아요 좋아요좋아요 좋아요좋아요 좋아요좋아요 좋아요좋아요 좋아요좋아요 좋아요좋아요 좋아요좋아요 좋아요좋아요 좋아요좋아요 좋아요좋아요 좋아요좋아요 좋아요좋아요 좋아요좋아요 좋아요좋아요 좋아요좋아요 좋아요좋아요 좋아요좋아요 좋아요좋아요 좋아요좋아요 좋아요좋아요 좋아요좋아요 좋아요좋아요 좋아요좋아요 좋아요좋아요 좋아요좋아요 좋아요좋아요 좋아요좋아요 좋아요좋아요 좋아요좋아요 좋아요좋아요 좋아요좋아요 좋아,좋아요 좋아요 좋아요 좋아요 좋아요 좋아요 좋아요 좋아요 좋아요 좋아요 좋아요 좋아요 좋아요 좋아요 좋아요 좋아요 좋아요 좋아요 좋아요 좋아요 좋아요 좋아요 좋아요 좋아요 좋아요 좋아요 좋아요 좋아요 좋아요 좋아요 좋아요 좋아요 좋아요 좋아요 좋아요 좋아요 좋아요 좋아요 좋아요 좋아요 좋아요 좋아요 좋아요 좋아요 좋아요 좋아요 좋아요 좋아요 좋아요 좋아요 좋아요 좋아요 좋아요 좋아요 좋아요 좋아요 좋아요 좋아요 좋아요 좋아요 좋아요 좋아요 좋아요 좋아요 좋아요 좋아요 좋아요 좋아요 좋아요 좋아요 좋아요 좋아요 좋아요 좋아요 좋아요 좋아요 좋아요 좋아요 좋아요 좋아요 좋아요 좋아요 좋아요 좋아요 좋아요 좋아,2020-11-10 20:48:57
294100,RimWorld,positive,a,a,2020-11-10 10:56:48
294100,RimWorld,positive,생존게임임 심즈같은 이야기 만들어가는 방식이라 맘에들었음. 게임 디테일도 인디게임 답지 않는 몇안되는 게임인거 같음. 단점이라면 싱글쓰레드전용 게임이라 게임 규모에 한계점이 있음. 계속 발전하는 게임이 됬으면 좋겠음.,생존 게임 임 심즈 같은 이야기 만들어가는 방식 이라 맘 에 들었음 . 게임 디테 일도 인디 게임 답지 않는 몇 안되는 게임 인거 같음 . 단점 이 라면 싱글 쓰레드 전용 게임 이라 게임 규모 에 한계 점 이 있음 . 계속 발전 하는 게임 이 됬으면 좋겠음 .,2020-11-09 21:24:44
294100,RimWorld,positive,내시간 어디에,내 시간 어디 에,2020-11-08 22:10:54
294100,RimWorld,positive,인생갓겜.,인생 갓 겜 .,2020-11-08 19:02:12
294100,RimWorld,positive,뭔말이 더 필요할거 같아요? 그냥 사서 해보세요.,뭔 말 이 더 필요할거 같아요 ? 그냥 사서 해보세요 .,2020-11-08 13:27:29
294100,RimWorld,positive,Stay...,Stay ...,2020-11-08 11:46:52
294100,RimWorld,positive,어쩌다 삘이 꼽혀 다시 잡아 시작했는데 1주도 안되서 50시간 이상이라니..,어쩌다 삘 이 꼽혀 다시 잡아 시작 했는데 1 주도 안되서 50시간 이상 이라니 ..,2020-11-08 07:41:44
294100,RimWorld,positive,아직도 뭐하는 겜인지 모른다 ㅋ,아직도 뭐 하는 겜 인지 모른다 ㅋ,2020-11-08 01:11:46
294100,RimWorld,positive,별로 안해봤는데 꽤 재미있네여,별로 안 해봤는데 꽤 재미있네여,2020-11-08 00:04:08
294100,RimWorld,positive,림들이 불만이 많다고 생각하신다면 자신이 림월드에 있다고 생각해보세요. 최소 하루 10시간 이상의 중노동 + 변변치 못한 식사 네 이정도면 천사들입니다,림 들 이 불만 이 많다고 생각 하신다면 자신 이 림 월드 에 있다고 생각 해보세요 . 최소 하루 10시간 이상 의 중 노동 + 변 변치 못 한 식사 네 이 정도 면 천사 들입니다,2020-11-07 16:39:42
294100,RimWorld,positive,엄마 쟤 사람먹어,엄마 쟤 사람 먹어,2020-11-07 15:14:33
294100,RimWorld,positive,"내생에 최고의 게임. 아름다운 게임을 만들어 주신 루데온 스튜디오, 모더분들 정말 감사합니다.","내생 에 최고 의 게임 . 아름다운 게임 을 만들어 주신 루데온 스튜디오 , 모 더 분들 정말 감사합니다 .",2020-11-06 22:18:26
294100,RimWorld,positive,"이건 정말 미친게임이다... 잠깐 찍먹해봤지만, 이건 수준이 달라! 진짜배기임!!","이건 정말 미친 게임 이다 ... 잠깐 찍 먹 해봤지만 , 이건 수준 이 달라 ! 진짜 배기 임 !!",2020-11-06 19:41:46
294100,RimWorld,positive,Oh what the fuck this game is so nice enough to make me stay up all nightttttttttttttttt I can't express this game in English,Oh what the fuck this game is so nice enough to make me stay up all nightttttttttttttttt I can ' t express this game in English,2020-11-06 17:05:07
294100,RimWorld,positive,내가 경험한 최고의 게임,내 가 경험 한 최고 의 게임,2020-11-06 05:09:33
294100,RimWorld,positive,이 게임 하다가 눈을 떠보니 2077년도에 와있네요.. 이제 무슨 게임 해야하나요?,이 게임 하다가 눈 을 떠보니 2077년 도에 와있네요 .. 이제 무슨 게임 해야하나요 ?,2020-11-05 22:16:27
294100,RimWorld,positive,아 망겜 할 거 없네 모드 찾으러 갑니다,아 망겜 할 거 없네 모드 찾으러 갑니다,2020-11-05 16:43:00
294100,RimWorld,positive,끔찍하게 재밌다 끌수가 없음..,끔찍하게 재밌다 끌수가 없음 ..,2020-11-05 15:14:30
294100,RimWorld,positive,만약 당신이 닌텐도 동숲이 너무 아동틱 하다고 생각되면 이게임을 하면된다,만약 당신 이 닌텐도 동숲 이 너무 아동 틱 하다고 생각 되면 이 게임 을 하면 된다,2020-11-04 18:56:09
294100,RimWorld,positive,아 별거 없네 하고 환불 하려 했지 근데 안돼더라고,아 별거 없네 하고 환불 하려 했지 근데 안 돼 더 라고,2020-11-04 12:57:00
294100,RimWorld,positive,재밌음 한번씩 해보샘,재밌음 한번 씩 해보 샘,2020-11-03 23:59:29
294100,RimWorld,positive,"이것만하고 자야지. 잠깐 이것도해야하는데, 갑자기 이걸쳐들어오네, 복구하고자야지. 거래는 하고자야지 언제자누","이 것 만 하고 자야지 . 잠깐 이 것 도 해야하는데 , 갑자기 이 걸쳐 들어오네 , 복구 하고 자야지 . 거래 는 하고 자야지 언 제자 누",2020-11-03 18:44:10
294100,RimWorld,positive,에이 재미 존나 없네,에이 재미 존나 없네,2020-11-03 14:11:09
294100,RimWorld,positive,gooooooooooooooooooooooooooooooood,gooooooooooooooooooooooooooooooood,2020-11-02 20:06:23
294100,RimWorld,positive,뇌 바닐라 내성 65% 금단현상 57% 의식 최대 90% 사회적 영향력 -50 심각한 질병!,뇌 바닐라 내 성 65% 금단현상 57% 의식 최대 90% 사회 적 영향력 - 50 심각한 질병 !,2020-11-02 17:23:12
294100,RimWorld,positive,얼마나 더 할지는 모르겠는데 질리면 모드 첨가하면 되서 걱정은 안되는 게임. 그나저나 림월드가 10%라고 할지라도 세일을 할 줄이야..,얼마나 더 할지는 모르겠는데 질리 면 모드 첨가 하면 되서 걱정 은 안되는 게임 . 그나저나 림 월드 가 10% 라고 할지라도 세 일 을 할 줄 이야 ..,2020-11-01 23:14:44
294100,RimWorld,positive,노잼입니다 사지 마세요 ㅡㅡ,노잼 입니다 사지 마세요 ㅡㅡ,2020-10-31 22:25:47
294100,RimWorld,positive,시간순삭인 게임임,시간 순삭 인 게임 임,2020-10-31 14:37:52
294100,RimWorld,positive,인생겜중 하나여따,인생 겜 중 하나 여 따,2020-10-31 01:22:43
294100,RimWorld,positive,어제 산것같은데 왜 600시간?,어제 산것 같은데 왜 600시간 ?,2020-10-30 23:54:25
294100,RimWorld,positive,뭐? 니 머리위에 메카노이드가 떨어졌다고? 그건 니 운명이야!,뭐 ? 니 머리 위 에 메 카노 이드 가 떨어졌다고 ? 그건 니 운명 이야 !,2020-10-30 20:10:17
294100,RimWorld,positive,이거 방법만알면 평생겜 무조건사셈,이 거 방법 만 알 면 평생 겜 무조건 사셈,2020-10-30 18:11:26
294100,RimWorld,positive,말이 필요한가?,말 이 필요한가 ?,2020-10-30 08:45:59
294100,RimWorld,positive,초갓겜 ㅇㅇ 꼭 하셈,초 갓 겜 ㅇㅇ 꼭 하 셈,2020-10-29 21:11:42
294100,RimWorld,positive,뭐야 ㅅㅂ 내 인생 돌려줘요,뭐 야 ㅅㅂ 내 인생 돌려줘요,2020-10-28 19:31:28
294100,RimWorld,positive,괜히 시작했다,괜히 시작 했다,2020-10-28 02:32:21
294100,RimWorld,positive,내 시간...,내 시간 ...,2020-10-28 01:54:53
294100,RimWorld,positive,재미있음,재미있음,2020-10-27 13:12:41
294100,RimWorld,positive,그럭저럭 재미있네요,그럭저럭 재미있네요,2020-10-27 13:08:47
294100,RimWorld,positive,300시간하고 겨우 멈췄습니다 300시간은 기본으로 날아가니 생각하고 해야함,300시간 하고 겨우 멈췄습니다 300시간 은 기본 으로 날아가니 생각 하고 해야 함,2020-10-27 00:13:03
294100,RimWorld,positive,아직 뉴빈데 너무 재미잇어오,아직 뉴 빈데 너무 재미 잇어오,2020-10-25 18:26:37
294100,RimWorld,positive,"몇년에 걸쳐서 즐기는게임, 처음 사고 어떻게 해야되는지 몰라 안하다가 플레이 방법을 알게되고 중독되는 게임...","몇 년 에 걸쳐서 즐기는 게임 , 처음 사고 어떻게 해야 되는지 몰라 안 하다가 플레이 방법 을 알 게 되고 중독 되는 게임 ...",2020-10-25 15:42:31
294100,RimWorld,positive,g,g,2020-10-25 10:33:17
294100,RimWorld,positive,플탐보이지? 처신잘해라 ㅋㅋ,플 탐보이 지 ? 처신 잘 해라 ㅋㅋ,2020-10-24 20:55:03
294100,RimWorld,positive,튜토리얼 끝 :),튜토리얼 끝 :),2020-10-24 10:02:05
294100,RimWorld,positive,dd,dd,2020-10-23 21:02:55
294100,RimWorld,positive,구입하면 인생손해봄,구입 하면 인생 손해 봄,2020-10-22 13:50:18
294100,RimWorld,positive,진짜 인생겜이다 3천시간 했는데 안 질리는거 실화냐? 기초 공략 약간 찾아보고 해보세요 꿀잼,진짜 인생 겜 이다 3천시간 했는데 안 질리는거 실화 냐 ? 기초 공략 약간 찾아보고 해보세요 꿀잼,2020-10-22 13:39:34
294100,RimWorld,positive,반년정도는 이 게임에 미쳤었는데.. 바닐라로 적응 좀 하고 모드질 시작하면 끝이 없는 게임.. 취향따라 호불호가 쎌 수 있어요,반년 정도 는 이 게임 에 미쳤었는데 .. 바닐라 로 적응 좀 하고 모드 질 시작 하면 끝 이 없는 게임 .. 취향 따라 호불호 가 쎌 수 있어요,2020-10-22 02:43:46
294100,RimWorld,positive,사,사,2020-10-22 02:32:36
294100,RimWorld,positive,시간삭제기,시간 삭제 기,2020-10-21 23:17:44
294100,RimWorld,positive,이건 게임이 아니다 개미지옥이다 벗어날수없다 게이들아,이건 게임 이 아니다 개미지옥 이다 벗어날수 없다 게이 들 아,2020-10-21 19:41:04
294100,RimWorld,positive,응애 나 애기 림린이,응애 나 애기 림린 이,2020-10-21 01:18:15
294100,RimWorld,positive,게임 너무 좋아요. 너무 재밌어서 못 끊겠어요. 근데 항상 렉이 미쳐돌아가서 게임을 끝내지를 못해요. 진짜 제발 코어 하나만 갈구지 말고 2개라도 좋으니까 다른 코어도 갈구면 안되요?,게임 너무 좋아요 . 너무 재밌어서 못 끊겠어요 . 근데 항상 렉 이 미쳐 돌아가서 게임 을 끝내지를 못 해요 . 진짜 제발 코어 하나 만 갈구지 말고 2 개 라도 좋으니까 다른 코어 도 갈구면 안되요 ?,2020-10-21 00:22:59
294100,RimWorld,positive,200시간 좀 넘었는데 아직도 엔딩을 못봄 중반 좀 넘어가면 지쳐서 더 못하겠더라 바닐라컨셉을 그만둬야되나,200시간 좀 넘었는데 아직도 엔딩 을 못 봄 중반 좀 넘어가면 지쳐서 더 못 하겠더라 바닐라 컨셉 을 그만둬야되 나,2020-10-20 05:21:12
294100,RimWorld,positive,시작하면 당신의 새벽은 이미 없는겁니다,시작 하면 당신 의 새벽 은 이미 없는 겁니다,2020-10-19 19:40:12
294100,RimWorld,positive,아직 뉴비이지만 너무 재미있네요,아직 뉴비 이지만 너무 재미있네요,2020-10-19 17:08:45
294100,RimWorld,positive,샌즈,샌 즈,2020-10-19 15:54:13
294100,RimWorld,positive,"이 게이믄 스타크래프트를 할때 SCV를 조종하는 것 처럼 나름의 인격을 가지고 있는 인물들에게 수행명령(건설, 수렵, 수집 등등)을 내리며 발전해나가는 게임입니다. (멀티, 친구와 같이 플레이도 가능) 게이메 최종 목표는 게임 내내 일어나는 헤프닝(인물특성중 방화광이 집을 방화, 습격, 근처동물들의 광폭화 등등)이 일어나면 잘 대처하여 작게는 탈출 길게는 생존을 하는 게임입니다. 게임하는 법만 알면 플레이할수있는데 저의 게임플레이 시간으로는 아직 어렵습니다. 진입장벽이 높은거 이외에는 재밋는 게임인거같습니다. 이 게이믈 추천하며","이 게이 믄 스타크래프트 를 할 때 SCV 를 조종 하는 것 처럼 나름 의 인격 을 가지 고 있는 인물 들 에게 수행 명령 ( 건설 , 수렵 , 수집 등등 ) 을 내리며 발전 해 나가는 게임 입니다 . ( 멀티 , 친구 와 같이 플레이도 가능 ) 게이 메 최종 목표 는 게임 내내 일어나는 헤프 닝 ( 인물 특성 중 방화 광 이 집 을 방화 , 습격 , 근처 동물 들 의 광폭 화 등등 ) 이 일어나면 잘 대처 하여 작게는 탈출 길게는 생존 을 하는 게임 입니다 . 게임 하는 법 만 알 면 플레이 할수있는데 저 의 게임 플레이 시간 으로는 아직 어렵습니다 . 진입 장벽 이 높은거 이외 에는 재밋는 게임 인거 같습니다 . 이 게이 믈 추천 하며",2020-10-18 02:09:55
294100,RimWorld,positive,"첨 막 시작했을땐 난감함. 자원은 항상부족하고(초반엔 철,부품등) 설계 잘못하면 집을 갈아 엎어야 할정도로 시간 꽤걸리고 복잡함. 결혼한다고 집 이쁘게 지어주고 꾸며줬는데 바람나서 남편이 집에 불질러서 홀라당 다태워먹거나 집에 가구 다때려부수면 현타옴 비슷한 게임이랑 비교하면 완성도 자체는 튼튼함. 아메리칸 스타일이라 애들이 마약도 하고 총기소지하고 있는걸 알고하면 재밌음","첨 막 시작 했을 땐 난감함 . 자원 은 항상 부족하고 ( 초반 엔 철 , 부품 등 ) 설계 잘못 하면 집 을 갈아 엎어 야 할 정도 로 시간 꽤 걸리고 복잡함 . 결혼 한다고 집 이쁘게 지어주고 꾸며 줬는데 바람나서 남편 이 집 에 불 질러서 홀라당 다태 워 먹거나 집 에 가구 다 때려 부수 면 현 타 옴 비슷한 게임 이랑 비교 하면 완성 도 자체 는 튼튼함 . 아메리칸 스타일 이라 애 들 이 마약 도 하고 총 기 소지 하고 있는걸 알고하면 재밌음",2020-10-17 18:36:43
294100,RimWorld,positive,"생존, 건설, 경영겜 좋아는 사람에게는 진짜 종합선물세트같은 게임 처음에 좀 어려워서 공부하다가 좀 알게 되면서 모드 깔면서 자신만에 게임을 만들기 시작하면 시간 깐따삐야 된다","생존 , 건설 , 경영 겜 좋아는 사람 에게는 진짜 종합 선물 세트 같은 게임 처음 에 좀 어려워서 공부 하다가 좀 알 게 되면서 모드 깔면서 자신 만에 게임 을 만들기 시작 하면 시간 깐 따 삐 야 된다",2020-10-17 15:11:15
294100,RimWorld,positive,초반 진입장벽이 있어서 답답했는데 조금씩 알아가니까 재미있네요 제대로 하려면 최소 100시간은 찍어봐야 적어도 내가 원하는 플레이가 나올듯 합니다 일단 재밌습니다 게임이 재밌으면 된거죠 ^^ ----------------------------------------------------------------------------------------------------------------- 며칠 더 해보고 적습니다 인생에 중요한 갈림길이나 선택을 해야한다면 혹은 학업이 중요하거나 여타 사회생활하면서 업무에 집중하고 싶으시다면,초반 진입 장벽 이 있어서 답답했는데 조금씩 알아가니까 재미있네요 제대로 하려면 최소 100시간 은 찍어 봐야 적어도 내 가 원하는 플레이 가 나올듯 합니다 일단 재밌습니다 게임 이 재밌으면 된거 죠 ^^ ----------------------------------------------------------------------------------------------------------------- 며칠 더 해보고 적습니다 인생 에 중요한 갈림길 이나 선택 을 해야 한다면 혹은 학업 이 중요하거나 여타 사회생활 하면서 업무 에 집중 하고 싶으시다면,2020-10-17 03:02:19
294100,RimWorld,positive,어둠의 경로로 이미 백시간 넘게 즐긴상황에서 구매함. 강추.,어둠 의 경로 로 이미 백 시간 넘게 즐긴 상황 에서 구매 함 . 강추 .,2020-10-16 20:48:42
294100,RimWorld,positive,꿀잼,꿀잼,2020-10-16 00:25:22
294100,RimWorld,positive,"You can find unlimited mods, which means it is not possible to get bored. 무제한의 모드를 즐기실 수 있습니다. 그만큼 즐길거리도 많다는 이야기죠. ㅎㅎ","You can find unlimited mods , which means it is not possible to get bored . 무제한 의 모드 를 즐기실 수 있습니다 . 그만큼 즐길 거리 도 많다는 이야기 죠 . ㅎㅎ",2020-10-15 08:51:37
294100,RimWorld,positive,33시간 플레이하면서 단 한번도 제대로 플레이 못한 사람이 있다? 그게 바로 접니다. 원시인시기부터 차근차근 키워나가는 걸 원해서 자원과 함께 정착시켰는데 집을 크게 지을려고 해서인지 크게 짓다가 단체로 사망하고 적들은 쳐들어와서 내 림들 다 죽고.. 이걸 8번 정도 반복했다. 전 이 게임에서 더 이상 시도해볼 엄두가 안나기에 관상용에 쳐박아 놓겠지만 이 리뷰를 본 사람은 새로운 재미를 찾길 바랍니다,33시간 플레이 하면서 단 한번 도 제대로 플레이 못 한 사람 이 있다 ? 그게 바로 접니다 . 원시인 시기 부터 차근차근 키워 나가는 걸 원해서 자원 과 함께 정착 시켰는데 집 을 크게 지을려고 해서인지 크게 짓다가 단체 로 사망 하고 적 들 은 쳐 들어와서 내 림 들 다 죽고 .. 이 걸 8 번 정도 반복 했다 . 전 이 게임 에서 더 이상 시도 해볼 엄두 가 안나기에 관상 용 에 쳐 박아 놓겠지만 이 리뷰 를 본 사람 은 새로운 재미 를 찾길 바랍니다,2020-10-15 01:28:07
294100,RimWorld,positive,시간이 없어졌다,시간 이 없어졌다,2020-10-14 22:11:51
294100,RimWorld,positive,지금까지 여러 게임들을 해봤지만 이건 정말 물건이고 갓겜이다. 혼자서 만든거라고 믿기지는 않지만 재미있고 중독성있다.,지금 까지 여러 게임 들 을 해봤지만 이건 정말 물건 이고 갓 겜 이다 . 혼자 서 만든거라고 믿기지는 않지만 재미있고 중독 성 있다 .,2020-10-14 21:44:08
294100,RimWorld,positive,재미가 있다,재미 가 있다,2020-10-14 18:13:35
294100,RimWorld,positive,타임머신,타임머신,2020-10-13 23:34:23
294100,RimWorld,positive,존나 재밋음 그냥 전략 시뮬 좋아하는사람들은 꼭하고 dlc까지 하세요 시간가는줄 모르겟네요,존나 재밋음 그냥 전략 시뮬 좋아하는 사람 들 은 꼭 하고 dlc 까지 하세요 시간 가는줄 모르겟네요,2020-10-13 22:46:37
294100,RimWorld,positive,이게 갓겜이지.,이 게 갓 겜 이지 .,2020-10-13 21:19:17
294100,RimWorld,positive,기지 붕괴가 상시 진행중입니다,기지 붕괴 가 상시 진행중 입니다,2020-10-13 19:39:38
294100,RimWorld,positive,재미집니다 그려,재미 집니다 그려,2020-10-12 22:45:52
294100,RimWorld,positive,"단순하고 아기자기한 캐릭터와는 정반대로 상당히 잔인하고 각종 위기대처에 유연하게 대처할 수 있는 능력이 요구되는 샌드박스형 생존게임. 필자처럼 모드없이 바닐라로 인육 씹어가며 최고난이도로 근근하게 버티는 맛도 있지만, 씹덕모드를 포함한 각종 모드를 덕지덕지 발라가며 막강한 화력으로 주변 세력을 초토화 시키는 것도 가능하다. 유저 창작마당에 모드가 굉장히 많기 때문에 추가DLC를 지르지 않아도 부담없이 플레이 할 수 있다.","단순하고 아기자기한 캐릭터 와는 정반대 로 상당히 잔인하고 각종 위기 대처 에 유연하게 대처 할 수 있는 능력 이 요구 되는 샌드박스 형 생존 게임 . 필자 처럼 모드 없이 바닐라 로 인육 씹어가며 최고 난이도 로 근근하게 버티는 맛 도 있지만 , 씹덕 모드 를 포함 한 각종 모드 를 덕지덕지 발라가며 막강 한 화 력 으로 주변 세력 을 초토화 시키는 것 도 가능하다 . 유저 창작 마당 에 모드 가 굉장히 많기 때문 에 추가 DLC 를 지르지 않아도 부담 없이 플레이 할 수 있다 .",2020-10-12 08:18:37
294100,RimWorld,positive,하루동안만 해봤는데 하루가 없어졌어요,하루 동안 만 해봤는데 하루 가 없어졌어요,2020-10-11 03:50:51
294100,RimWorld,positive,내 성적 돌려내 타이난,내 성적 돌려내 타이난,2020-10-10 22:24:30
294100,RimWorld,positive,할만합니다.,할만 합니다 .,2020-10-10 15:44:26
294100,RimWorld,positive,커서를 움직이기 위해 무심결에 휠키를 누르는 사람은 모델러이거나 이 게임을 할 확률이 매우 높습니다 참고로 전 모델러가 아닙니다,커서 를 움직이기 위해 무심 결 에 휠키 를 누르는 사람 은 모델 러 이 거나 이 게임 을 할 확률 이 매우 높습니다 참고 로 전 모델러 가 아닙니다,2020-10-09 02:29:25
294100,RimWorld,positive,여태까지 했던 게임들중 가장 오래했던 게임 샌드박스중에서 탑티어 모드를 너무 많이 깔았는지 후반렉이 심하다(이건 내 잘못이겠지만..),여태 까지 했던 게임 들 중 가장 오래 했던 게임 샌드박스 중 에서 탑 티어 모드 를 너무 많이 깔았는지 후반 렉 이 심하다 ( 이건 내 잘 못 이겠지만 ..),2020-10-08 04:17:11
294100,RimWorld,positive,솔직히 이 중 100시간은 모드 찾고 정리하는데 쓴거같다 갓망겜쉑,솔직히 이 중 100시간 은 모드 찾고 정리 하는데 쓴거 같다 갓망겜쉑,2020-10-07 23:11:41
294100,RimWorld,positive,제발 절 변방계에서 탈출시켜주세요,제발 절 변 방계 에서 탈출 시켜주세요,2020-10-07 22:18:16
294100,RimWorld,positive,맛만 보고 환불하려했는데 한번에 8시간 해버려서 환불못했음,맛 만 보고 환불 하려 했는데 한번 에 8시간 해 버려서 환불 못 했음,2020-10-07 14:25:17
294100,RimWorld,positive,62시간했는데 아직도엔딩을 못봤네,62시간 했는데 아직도 엔딩 을 못 봤네,2020-10-07 08:53:07
294100,RimWorld,positive,처음의 진입 장벽만 넘으면 즐길거리가 많고 아주 재미있음.,처음 의 진입 장벽 만 넘으면 즐길 거리 가 많고 아주 재미있음 .,2020-10-07 02:50:21
294100,RimWorld,positive,수많은 드워프 포트리스-라이크 게임중에서 돋보이는 수작. 컨텐츠가 부족하다 생각되면 창작마당을 찾아가보자,수많은 드워프 포트리스 - 라이 크 게임 중 에서 돋보이는 수작 . 컨텐츠 가 부족하다 생각 되면 창작 마당 을 찾아가 보자,2020-10-06 22:35:33
294100,RimWorld,positive,ㄱ 케릭터 커스터 마이징 하면 ㅈㄴ 쉬움 모드깔아야지 되는거긴 한데 .. ㅋ,ㄱ 케릭 터 커스터 마이 징 하면 ㅈㄴ 쉬움 모드 깔아야지 되는거긴 한데 .. ㅋ,2020-10-06 13:24:51
294100,RimWorld,positive,개꿀잼,개꿀잼,2020-10-05 19:32:25
294100,RimWorld,positive,이 게임을 사기전까진 폐인수준은 아니였는데 게임을 사고 게임폐인이되었습니다,이 게임 을 사 기전 까진 폐인 수준 은 아니였는데 게임 을 사고 게임폐인 이 되었습니다,2020-10-05 16:42:20
294100,RimWorld,positive,어 오늘 저녘에 림월드 켰는데 아침이 됬어요,어 오늘 저 녘 에 림 월드 켰는데 아침 이 됬어요,2020-10-05 05:17:58
294100,RimWorld,positive,시간이 사라짐ㅜ,시간 이 사라짐 ㅜ,2020-10-04 23:20:31
294100,RimWorld,positive,뭐야 내시간 돌려줘요,뭐 야 내 시간 돌려줘요,2020-10-04 23:07:48
294100,RimWorld,positive,초보자는 모드깔고하면 쾌적하게 할수있음 본좌는 모드없이는 플레이가 답답해서 깔고하고있음 꿀잼띄,초보자 는 모드 깔고하면 쾌적하게 할수있음 본 좌 는 모드 없이는 플레이 가 답답해서 깔고하고있음 꿀잼 띄,2020-10-04 21:17:38
294100,RimWorld,positive,생후 9시간 리트리버가 술쳐마시고 간경화 걸렸습니다,생후 9시간 리트리버 가 술 쳐 마시고 간경화 걸렸습니다,2020-10-04 05:16:00
294100,RimWorld,positive,"카극철, 랜극철같은 방송용 난이도가 아니어도 일단 시작하고 엔딩을 보는 순간엔 감동할 수밖에 없습니다.","카 극 철 , 랜극철같 은 방송 용 난이도 가 아니어도 일단 시작 하고 엔딩 을 보는 순간 엔 감동 할 수 밖에 없습니다 .",2020-10-03 01:13:22
294100,RimWorld,positive,문명을 넘는 타임머신 제발 탈출 하게 해주세요!!,문명 을 넘는 타임머신 제발 탈출 하게 해주세요 !!,2020-10-02 23:23:45
294100,RimWorld,positive,재미있어요. 모드가 많아서 여러가지를 해볼 수 있어서 좋아요. 근데 아직 얼마 안해봐서 좀 더 해봐야 할거같아요,재미있어요 . 모드 가 많아서 여러가지 를 해볼 수 있어서 좋아요 . 근데 아직 얼마 안 해봐서 좀 더 해봐야 할거 같아요,2020-10-02 21:34:48
294100,RimWorld,positive,재밌어요~ 오프라인으로 플레이 한 시간까지 치면 100시간은 넘게 했는데 한동안 잠자는 시간도 아끼면서 한 게임이었어요 근데 여러번 엎고 다시 하기를 반복하니까 초반 플레이 부분이 지겨워서 이제 못하겠네요.. 그치만 대체할 만한 게임이 없는만큼 가끔 생각나곤 합니다.,재밌어요 ~ 오프라인 으로 플레이 한 시간 까지 치면 100시간 은 넘게 했는데 한동안 잠자는 시간 도 아끼면서 한 게임 이었어요 근데 여러 번 엎 고 다시 하기를 반복 하니까 초반 플레이 부분 이 지겨워서 이제 못 하겠네요 .. 그치만 대체 할 만 한 게임 이 없는만큼 가끔 생각나곤 합니다 .,2020-10-02 18:28:22
294100,RimWorld,positive,"좋은 게임,,","좋은 게임 ,,",2020-10-02 17:26:36
294100,RimWorld,positive,시뮬원탑,시 뮬 원 탑,2020-10-02 15:50:42
294100,RimWorld,positive,갓겜이지만 패치해서 버전 바뀔때마다 이전 쓰던 모드들 전부 먹통되는거 극혐. 모드가 중요한 만큼 모드호환도 좀 잘 되게 해주었으면... 모드 업데이트 문제 떄문에 안 하는중.,갓 겜 이지만 패치 해서 버전 바뀔 때 마다 이전 쓰던 모드 들 전부 먹통 되는거 극혐 . 모드 가 중요한 만큼 모드 호 환도 좀 잘 되게 해주었으면 ... 모드 업데이트 문제 떄문 에 안 하는 중 .,2020-10-02 12:15:25
294100,RimWorld,positive,"개꿀잼 시간도둑, 애들 먹여살리는 시스템 구축하는게 진짜 개꿀잼입니다. 강추","개꿀잼 시간 도둑 , 애 들 먹여 살리는 시스템 구축 하는게 진짜 개꿀잼 입니다 . 강추",2020-10-02 11:06:40
294100,RimWorld,positive,you may solve the SINGLE CORE problem for using 'setting program affinity' of 'System Explorer',you may solve the SINGLE CORE problem for using ' setting program affinity ' of ' System Explorer ',2020-10-02 10:42:28
294100,RimWorld,positive,저는 욕심쟁이입니다.. 한캐릭에 .. 연구.건설.. 을 몰아서 했는데 ..그 한명이 폭주해서 ..집을 뿌갯습니다 .. 개새끼... 나머지 놈들은 서로가 치고 박고 싸우고 식량이 없는지 ..죽인 애새끼를 먹더군요 ..하 ..게임 .존나 어렵네 ..,저 는 욕심 쟁이 입니다 .. 한 캐릭 에 .. 연구 . 건설 .. 을 몰아서 했는데 .. 그 한 명 이 폭주 해서 .. 집 을 뿌갯습니 다 .. 개새끼 ... 나머지 놈 들 은 서로 가 치고 박고 싸우고 식량 이 없는지 .. 죽인 애 새끼 를 먹더군요 .. 하 .. 게임 . 존나 어렵네 ..,2020-10-01 22:58:05
294100,RimWorld,positive,막상 켜서 하면 재밌는데 켜기가 너무 무서움,막상 켜서 하면 재밌는데 켜기가 너무 무서움,2020-10-01 17:24:53
294100,RimWorld,positive,어....음.....튜토만 90시간 쌉가능합니다,어 .... 음 ..... 튜토 만 90시간 쌉 가능합니다,2020-10-01 09:30:51
294100,RimWorld,positive,가볍게 즐기기 좋은 게임이네요.,가볍게 즐기기 좋은 게임 이네 요 .,2020-09-30 17:19:20
294100,RimWorld,positive,"생존+기지운영을 자연스럽게 해나가야하는 게임 사람 실력에 맞춰 난이도를 여러가지로 정해 플레이할수있다는것이 장점 따라서 어려운 게임이 아니며 사람 실력에 따라 맞출수 있고, 창작마당 활성화가 잘되어있어 게임 순정이 질려갈때쯤 특색있는 모드들로 스타바운드같은 컨셉플레이를 즐길수도 있다. 연구를 모두 끝내 우주선을 짓고 탈출하는게 최종 목표지만, 개인적인 목표를 정하고 그걸 해내는게 게임의 사실상 진짜 최종목표. 세일을 매우 안하는점과 그래픽대비 비싼 가격이 걸리지만 돈이 아깝진 않다","생존 + 기 지운영 을 자연 스럽게 해나 가 야하는 게임 사람 실력 에 맞춰 난이도 를 여러가지 로 정해 플레이 할수있다는것이 장점 따라서 어려운 게임 이 아니며 사람 실력 에 따라 맞출수 있고 , 창작 마당 활성화 가 잘 되어있어 게임 순정 이 질려 갈 때 쯤 특색 있는 모드 들 로 스타 바운드 같은 컨셉 플레이 를 즐길수도 있다 . 연구 를 모두 끝내 우주선 을 짓고 탈출 하는게 최종 목표 지만 , 개인 적 인 목표 를 정 하고 그걸 해내는게 게임 의 사실 상 진짜 최종 목표 . 세 일 을 매우 안 하는 점 과 그래픽 대비 비싼 가격 이 걸리지만 돈 이 아깝진 않다",2020-09-30 09:39:47
294100,RimWorld,positive,good,good,2020-09-30 00:29:13
294100,RimWorld,positive,나만 시간여행할순없지!,나 만 시간여행 할 순 없지 !,2020-09-29 23:14:41
294100,RimWorld,positive,쬐끔 해봤는데 재밌는것같아요,쬐 끔 해봤는데 재밌는것 같아요,2020-09-29 18:55:38
294100,RimWorld,positive,밥은 요리해서 드세요..... 제발 tㅣ발것들아,밥 은 요리 해서 드세요 ..... 제발 t ㅣ 발것 들 아,2020-09-29 12:03:55
294100,RimWorld,positive,갓겜. DLC나오고 버전업이 되면서 반강제적으로 플레이스타일의 변화가 생겼고 점점 난이도가 올라가는 느낌. 현재(1.2)는 강인함은 무조건 필수인듯,갓 겜 . DLC 나오고 버전 업 이 되면서 반 강제 적 으로 플레이 스타일 의 변화 가 생겼고 점점 난이도 가 올라가는 느낌 . 현재 ( 1.2 ) 는 강인함은 무조건 필수 인 듯,2020-09-29 07:09:18
294100,RimWorld,positive,이게 게임이다,이 게 게임 이다,2020-09-29 03:52:41
294100,RimWorld,positive,튜토리얼이 불친절하고 처음할때 게임이 어떤 방향으로 나가야되는지 안알랴줌. 그런데 이것저것 살펴보고 익숙해지면 그것만큼 개꿀잼 되는게 없음. 새로운 림을 늘리고 새로운 공간을 창출 확보하는 재미. 새로운 인물을 들이고 노동력을 확보하는 재미. 그런 와중에 추락한 행성에서 어떻게든 삶을 일궈나가는 구 모습. 전부다 꿀잼임.,튜토리얼 이 불친절하고 처음 할 때 게임 이 어떤 방향 으로 나가야 되는지 안알랴줌 . 그런데 이 것 저 것 살펴보고 익숙해지면 그것 만큼 개꿀잼 되는게 없음 . 새로운 림 을 늘리고 새로운 공간 을 창 출 확보 하는 재미 . 새로운 인물 을 들이고 노동 력 을 확보 하는 재미 . 그런 와중 에 추락 한 행성 에서 어떻 게 든 삶 을 일궈 나가는 구 모습 . 전부 다 꿀잼임 .,2020-09-29 00:15:45
294100,RimWorld,positive,322시간 플레이는 거짓말입니다. 변방계에서 흐르는 시간이 진짜 시간입니다. 322시간은 스팀이 유저들이 게임에 과몰입 하지않고 있다고 보이도록 속이려는짓입니다.,322시간 플레이 는 거짓말 입니다 . 변 방계 에서 흐르는 시간 이 진짜 시간 입니다 . 322시간 은 스팀 이 유저 들 이 게임 에 과 몰입 하지 않고 있다고 보이도록 속이려는 짓 입니다 .,2020-09-28 21:36:05
294100,RimWorld,positive,노잼,노잼,2020-09-28 02:16:56
294100,RimWorld,positive,스토리가 있는 게임이 아니다 하다보면 스토리가 만들어지는 갓겜,스토리 가 있는 게임 이 아니다 하다 보면 스토리 가 만들어지는 갓 겜,2020-09-27 20:28:59
294100,RimWorld,positive,갓겜,갓 겜,2020-09-27 10:50:27
294100,RimWorld,positive,시간 순삭 게임,시간 순삭 게임,2020-09-26 21:37:14
294100,RimWorld,positive,잘 만든 게임. 시즌마다 하게되는 게임,잘 만든 게임 . 시즌 마다 하게 되는 게임,2020-09-26 14:50:06
294100,RimWorld,positive,지금이라도 늦지않았으니 도망쳐라...,지금 이라도 늦지 않았으니 도망쳐라 ...,2020-09-26 05:27:05
294100,RimWorld,positive,할수록 빠져드는 겜... 소위 말하는 마약겜이 이런거구나 싶네요,할수록 빠져드는 겜 ... 소위 말 하는 마약 겜 이 이런 거구 나 싶네요,2020-09-25 18:53:35
294100,RimWorld,positive,오븐구이 만드는법 1. 나무로 집을 만든다. 2.내 림들과 모든자원을 다 들고 들어간다 3. 집이 불탄다. 4. 맛있는 오븐구이가 된다.,오븐 구이 만드는 법 1 . 나무 로 집 을 만든다 . 2 . 내 림 들 과 모든 자원 을 다 들고 들어간다 3 . 집 이 불탄다 . 4 . 맛있는 오븐 구이 가 된다 .,2020-09-25 18:44:14
294100,RimWorld,positive,뭘 망설여? 일단해봐 개꿀잼,뭘 망설여 ? 일단 해봐 개꿀잼,2020-09-25 08:39:38
294100,RimWorld,positive,재밋다,재밋다,2020-09-25 00:14:27
294100,RimWorld,positive,공개 당시에는 프리즌 아키텍트 짭소리 들었었고 실제로 프리즌 아키텍트 제작진들의 동의를 받고 리소스를 활용해서 만든 게임임. 그땐 몰랐지. 이겜이 이렇게 존나 재미있을 줄은 여타 다른 시뮬겜과 다르게 최종목표가 있어 동기부여가 되고 게임의 진행상태에 따라 할 수 있는게 계속 생기기 때문에 시뮬겜의 고질병인 현타가 쉽게 오지 않고 엔딩 볼때는 여운마저 느껴질 정도임. 시뮬겜 좋아하는 사람은 꼭 해봐야할 게임임. 근데 학기중에는 시작하지 마셈. 중독성 개쩔엉 나는 10일동안 100시간 함.,공개 당시 에는 프리 즌 아키 텍트 짭 소리 들었었고 실제 로 프리 즌 아키 텍트 제 작 진 들 의 동의 를 받고 리소스 를 활용 해서 만든 게임 임 . 그땐 몰랐지 . 이 겜 이 이렇게 존나 재미있을 줄 은 여타 다른 시뮬겜 과 다르게 최종 목표 가 있어 동기부여 가 되고 게임 의 진행 상태 에 따라 할 수 있는게 계속 생기기 때문 에 시뮬겜 의 고 질병 인 현 타가 쉽게 오지 않고 엔딩 볼때 는 여운 마저 느껴질 정도 임 . 시뮬겜 좋아하는 사람 은 꼭 해봐 야할 게임 임 . 근데 학기 중 에는 시작 하지 마셈 . 중독 성 개쩔 엉 나 는 10일 동안 100시간 함 .,2020-09-24 18:13:22
294100,RimWorld,positive,와! 딱 한판만 하고 쉴려니 내일이네!,와 ! 딱 한판만 하고 쉴려니 내일 이네 !,2020-09-24 04:16:25
294100,RimWorld,positive,한 번 실행하면 종료하지 못할까봐 무서워...,한 번 실행 하면 종료 하지 못 할까봐 무서워 ...,2020-09-23 17:44:30
294100,RimWorld,positive,존나 재밌어지려는데 병신같이 자동 세이브 파일에 다른 월드 파일 덮어씌워져서 현타오고 안하는중 진짜 원래 월드 저장 파일 하나만 만들어놨으면 이런일은 없었는데....병신....,존나 재밌어지려는데 병신 같이 자동 세이브 파일 에 다른 월드 파일 덮어 씌워져서 현 타오 고 안 하는 중 진짜 원래 월드 저장 파일 하나 만 만들어놨으면 이런 일 은 없었는데 .... 병신 ....,2020-09-23 11:55:32
294100,RimWorld,positive,I'm Newbie. When will we be able to launch the spaceship?! -나는 뉴비. 언제 우주선을 발사할 수 있을까?!,I ' m Newbie . When will we be able to launch the spaceship ?! - 나 는 뉴비 . 언제 우주선 을 발사 할 수 있을까 ?!,2020-09-21 14:27:00
294100,RimWorld,positive,개쩔어....,개 쩔어 ....,2020-09-21 01:30:56
294100,RimWorld,positive,타임머신,타임머신,2020-09-19 20:09:47
294100,RimWorld,positive,별로 재미없내요 ㅎㅎ,별로 재미없내요 ㅎㅎ,2020-09-19 02:33:25
294100,RimWorld,positive,"튜토만 해볼까 하고 켰는데, 그날 밤샘. 많은 사람이 하는 게임에는 이유가 있음. 생존+전투+적당한 캐릭터성+흥미로운 이벤트 다만 ""개인적""으로 아쉬운 점 - 기지 설계 한땀한땀 하는 것 개 귀찮음. - 흥미로운 이벤트가 기대만큼 잦지 않음.(wildermyth 정도는 되어야 만족함) - 각각의 캐릭터의 서사가 기대만큼 두드러지지 않음 도전은 적당하고, 흥미로운 서사적 이벤트는 보다 잦은 게임을 찾는 입장에서, 아쉽다는 것이지, 객관적으로 놓고 봤을 때 매우 명작임.","튜토 만 해볼까 하고 켰는데 , 그날 밤샘 . 많은 사람 이 하는 게임 에는 이유 가 있음 . 생존 + 전투 + 적당한 캐릭터 성 + 흥미로운 이벤트 다만 "" 개인 적 "" 으로 아쉬운 점 - 기지 설계 한 땀 한 땀 하는 것 개 귀찮음 . - 흥미로운 이벤트 가 기대 만큼 잦지 않음 .( wildermyth 정도 는 되어야 만족함 ) - 각각 의 캐릭터 의 서사 가 기대 만큼 두드러지지 않음 도전 은 적당하고 , 흥미로운 서 사적 이벤트 는 보다 잦은 게임 을 찾는 입장 에서 , 아쉽다는 것 이지 , 객관 적 으로 놓고 봤을 때 매우 명작 임 .",2020-09-18 23:11:03
294100,RimWorld,positive,요오오오오오오오오오오오오직겜 시체가지고 노는사람들은 이거 추천,요 오오오오오오오오 오오오오 직겜 시체 가지 고 노 는 사람 들 은 이 거 추천,2020-09-18 22:26:56
294100,RimWorld,positive,튜토리얼이 어렵지만 게임 시스템을 이해할수록 빠져나오기 힘든 갓겜입니다. 정보를 조금 찾아보시고 시작하는걸 추천드려요,튜토리얼 이 어렵지만 게임 시스템 을 이해 할수록 빠져나오기 힘든 갓 겜 입니다 . 정보 를 조금 찾아보시고 시작 하 는걸 추천 드려요,2020-09-18 12:44:06
294100,RimWorld,positive,초반만 해도 벌써 50시간이내요,초반 만 해도 벌써 50시간 이내요,2020-09-18 12:18:03
294100,RimWorld,positive,매우 재밌다.처음에 게임 조작법에 익숙해 지는데 시간이 조금 걸려서 그렇지 익숙해지기만 한다면 시간가는줄 모르고 하게된다.,매우 재밌다 . 처음 에 게임 조 작법 에 익숙해 지는데 시간 이 조금 걸려서 그렇지 익숙해지기만 한다면 시간 가는줄 모르고 하게 된다 .,2020-09-16 23:02:30
294100,RimWorld,positive,엄청 재밌음.,엄청 재밌음 .,2020-09-16 21:46:22
294100,RimWorld,positive,진짜 인생의 의미를 알고 싶다면...,진짜 인생 의 의미 를 알 고 싶다면 ...,2020-09-16 13:40:33
294100,RimWorld,positive,God game.,God game .,2020-09-16 12:41:58
294100,RimWorld,positive,마약,마약,2020-09-16 11:18:45
294100,RimWorld,positive,I first met this game from seeing someone play this game in youtube.It is way harder then i expected.you are going to fail the first 3 colony but mabey the 6 one u can beat the game.im kidding.you cannot beat this horrible game,I first met this game from seeing someone play this game in youtube . It is way harder then i expected.you are going to fail the first 3 colony but mabey the 6 one u can beat the game . im kidding.you cannot beat this horrible game,2020-09-15 17:56:36
294100,RimWorld,positive,"내가 키워낸 림이 스트레스로 내 정착지를 떠났다가, 떠났던 림이 다른 도시의 주민이 되어 방문해서 동료였던 림의 무덤을 지켜보고있습니다.이건 갓겜이 맞아요.","내 가 키워 낸 림 이 스트레스 로 내 정착 지를 떠났다가 , 떠났던 림 이 다른 도시 의 주민 이 되어 방문 해서 동료 였던 림 의 무덤 을 지켜보고있습니다 . 이건 갓 겜 이 맞아요 .",2020-09-15 15:44:27
294100,RimWorld,positive,상상력이 풍부한 당신 얼른 사라,상상력 이 풍부한 당신 얼른 사라,2020-09-15 14:51:13
294100,RimWorld,positive,하지마세요 타이난 실베스터가 시간을 훔쳐갑니다 하지마세요 하지말라고,하지 마세요 타이난 실베스터 가 시간 을 훔쳐 갑니다 하지 마세요 하지말라고,2020-09-15 13:50:17
294100,RimWorld,positive,겜은 재밌는데 할인 여태까지 10% 한 번한게 다인거 말이되냐? 양심은 개나줘버리고 돈만 밝히네 지건 람각 존나마려워요 이런 ^^ㅣ발 개발자새끼들아,겜 은 재밌는데 할인 여태 까지 10% 한 번한게 다인 거 말 이 되냐 ? 양심 은 개나줘 버리고 돈 만 밝히네 지건 람각 존 나마 려워 요 이런 ^^ ㅣ 발 개발자 새끼 들 아,2020-09-15 00:48:02
294100,RimWorld,positive,매우 추천드립니다. 구매후 1주일동안 총 11시간을 플레이 했습니다. 신박한 게임 시스템과 멋진 그래픽을 가지고 있진 않지만 정교한 게임 플레이 구조 그리고 각 림(정착민)의 자세한 디테일에 놀랐고 매 순간이 긴장을 놓을수 없는 이벤트로 게임의 텐션을 유지해 줍니다. 다시 한번 말하지만 매우 추천드립니다.,매우 추천 드립니다 . 구매 후 1 주일 동안 총 11시간 을 플레이 했습니다 . 신 박 한 게임 시스템 과 멋진 그래픽 을 가지 고 있진 않지만 정교한 게임 플레이 구조 그리고 각 림 ( 정착민 ) 의 자세한 디테일 에 놀랐고 매 순간 이 긴장 을 놓을수 없는 이벤트 로 게임 의 텐션 을 유지 해 줍니다 . 다시 한번 말 하 지만 매우 추천 드립니다 .,2020-09-14 11:27:22
294100,RimWorld,positive,우주생존갓겜! 그래도 똥은 싸지 않아도 된다..,우주 생존 갓 겜 ! 그래도 똥 은 싸지 않아도 된다 ..,2020-09-13 21:44:37
294100,RimWorld,positive,에이 망겜 같으니라고! 그...그래도 브금이나 현실성은 노력한 성의는 보이네 칫.. 다음 작품은 좀더 잘만들어보라굿 뭐.. DLC도 사줄테니까!,에이 망겜 같으니라고 ! 그 ... 그래도 브금 이나 현실 성은 노력 한 성의 는 보이 네 칫 .. 다음 작품 은 좀더 잘 만들어 보라 굿 뭐 .. DLC 도 사줄테니까 !,2020-09-13 21:14:34
294100,RimWorld,positive,goodf,goodf,2020-09-13 18:27:32
294100,RimWorld,positive,잠깐 해봤는데 할만 하네요,잠깐 해봤는데 할만 하네요,2020-09-13 16:08:02
294100,RimWorld,positive,딱히 막 어렵지도 않고 어려우면 난이도를 마음대로 바꿀 수 있어서 상관없고 하면할수록 다른 선택지가 많어지는것 같아서 재미있는것 같아요,딱히 막 어렵지도 않고 어려우면 난이도 를 마음대로 바꿀 수 있어서 상관없고 하면 할수록 다른 선택 지 가 많어지는것 같아서 재미있는것 같아요,2020-09-13 14:17:40
294100,RimWorld,positive,"야전 전투가 힘겨워 좁은 골목으로 몰아 화력을 집중하는 킬존을 만들었는가? 공병부대가 뒷벽을 뚫고 들어올 것이다. 사방에 터렛을 깔아 공병을 막아냈는가? 박격포부대가 멀리서 당신의 정착지를 초토화시킬 것이다. 맞포격으로 박격포를 막아냈는가? 하늘에서 당신의 기지 한가운데로 적이 한움큼 탑승한 수송포드를 떨어뜨릴 것이다. 공병과 박격포, 수송포드를 피하기 위해 두꺼운 바위로 둘러쌓인 산속에 집을 지었는가? 벌레떼들이 당신의 침실바닥에서 몰려나와 취약한곳부터 개박살낼것이다. 이 모든걸 간파해냈고 자신이 생겼는가? 포격 방어막,","야전 전투 가 힘겨워 좁은 골목 으로 몰아 화 력 을 집중 하는 킬존 을 만들었는가 ? 공 병부 대 가 뒷 벽 을 뚫고 들어올 것 이다 . 사방 에 터렛 을 깔아 공병 을 막아 냈는가 ? 박격포 부대 가 멀리 서 당신 의 정착 지를 초토화 시킬 것 이다 . 맞포격 으로 박격포 를 막아 냈는가 ? 하늘 에서 당신 의 기지 한가운데 로 적 이 한 움큼 탑승 한 수송 포드 를 떨어뜨릴 것 이다 . 공병 과 박격포 , 수송 포드 를 피 하기 위해 두꺼운 바위 로 둘러쌓인 산속 에 집 을 지었는가 ? 벌레 떼 들 이 당신 의 침실 바닥 에서 몰려나와 취약 한 곳 부터 개 박살 낼것이다 . 이 모든 걸 간파 해냈고 자신 이 생겼는가 ? 포격 방어 막 ,",2020-09-13 13:54:33
294100,RimWorld,positive,"정말 갓겜이네요,,, 너무재밌다.","정말 갓 겜 이네 요 ,,, 너무 재밌다 .",2020-09-13 07:19:42
294100,RimWorld,positive,개 좆같은 게임. 근데 개 재밌는 게임.,개 좆 같은 게임 . 근데 개 재밌는 게임 .,2020-09-13 04:44:02
294100,RimWorld,positive,림월드.. 그것은 새로운 이야기 나는 해내다 랜극철,림 월드 .. 그것 은 새로운 이야기 나 는 해내다 랜극철,2020-09-12 19:45:56
294100,RimWorld,positive,그저 갓,그저 갓,2020-09-12 15:06:22
294100,RimWorld,positive,물론 재.밌.다!,물론 재 . 밌 . 다 !,2020-09-12 00:07:39
294100,RimWorld,positive,좀 더 해봐야 알거 같음...,좀 더 해봐야 알거 같음 ...,2020-09-11 00:56:49
294100,RimWorld,positive,말이 필요없는 갓겜 다 깼으면 모드를 하자 모드는 넘쳐난다 -세일은 절대 하지 않으니- -세일을 기다리는 멍청한 짓은 하지 말자- 그저 갓-겜,말 이 필요없는 갓 겜 다 깼으면 모드 를 하자 모드 는 넘쳐 난다 - 세 일 은 절대 하지 않으니 - - 세 일 을 기다리는 멍청한 짓은 하지 말 자 - 그저 갓 - 겜,2020-09-10 20:30:17
294100,RimWorld,positive,시간이 잘 간다 와!,시간 이 잘 간다 와 !,2020-09-10 12:57:31
294100,RimWorld,positive,"림 월드를 처음 시작했을때, 독특한 시뮬레이션 게임이라는 생각이 들었다. 독특한 방식과 복잡하지만 정렬된 시스탬이 잘 구축되어 있어서 내가 선택한 폰들이 내 기지를 성장시키는 재미가 쏠쏠했다. 그리고 예측할 수 없는 방식으로 기지를 공격하는 적들도 매력적으로 다가온다. 다소 모자라지만 각각 특화를 가진 림들의 무드렛을 관리하는것도 빡치지만 한명씩 한명씩 관리를 성공시키다보면, 뿌듯한 느낌이 들기도 한다. 그런데 방화광 / 우울증 / 민감한 정신 등의 안좋은 특성을 가진 림들은 진짜 내가 아무리 노력을 해도 결국 미쳐버리는게","림 월드 를 처음 시작 했을 때 , 독특한 시뮬레이션 게임 이라는 생각 이 들었다 . 독특한 방식 과 복잡하지만 정렬 된 시스탬 이 잘 구축 되어 있어서 내 가 선택 한 폰 들 이 내 기지 를 성장 시키는 재미 가 쏠쏠했다 . 그리고 예측 할 수 없는 방식 으로 기지 를 공격 하는 적 들 도 매력 적 으로 다가온다 . 다소 모자라 지만 각각 특화 를 가진 림 들 의 무드렛 을 관리 하는것도 빡치지만 한 명 씩 한 명 씩 관리 를 성 공 시 키다 보면 , 뿌듯한 느낌 이 들 기도 한다 . 그런데 방화 광 / 우울증 / 민감한 정신 등 의 안좋은 특성 을 가진 림 들 은 진짜 내 가 아무리 노력 을 해도 결국 미쳐 버리는게",2020-09-10 12:46:58
294100,RimWorld,positive,말이 필요함?,말 이 필요함 ?,2020-09-10 06:42:59
294100,RimWorld,positive,도덕성 결여되는 겜,도덕성 결여 되는 겜,2020-09-09 20:04:35
294100,RimWorld,positive,모드 개발자들 덕분에 단순할 수 있을 이 게임을 더 다채롭게 즐기고 있습니다. 아직 얼마 안해봤지만 가격 대비 좋은 게임이라 생각합니다.,모드 개발자 들 덕분 에 단순할 수 있을 이 게임 을 더 다채롭 게 즐기고 있습니다 . 아직 얼마 안 해봤지만 가격 대비 좋은 게임 이라 생각 합니다 .,2020-09-09 13:20:51
294100,RimWorld,positive,갓겜,갓 겜,2020-09-08 20:33:11
294100,RimWorld,positive,시작하지마세요,시작 하지 마세요,2020-09-07 23:32:32
294100,RimWorld,positive,시간순삭,시간 순삭,2020-09-07 22:07:52
294100,RimWorld,positive,갓겜 진짜..ㅋ,갓 겜 진짜 .. ㅋ,2020-09-07 18:28:33
294100,RimWorld,positive,"400시간정도 바닐라로 이런저런 컨셉놀이 하다가 현재는 모드떡칠로 즐기고 있습니다 전장에 널부러진 동료들의 썩어가는 시체처럼 구더기가 번져버린 도덕심이 이제야 겨우 회복되네요 전투팀은 번화계도 저리가라할 정도의 최첨단 장비와 의수들을 이식받았고 절대로 무너뜨릴수 없는 마을을 둘러싼 장벽안에서는 어린이들이 호수근처에서 뛰여놀고 있습니다 학교갈 시간이란다 얘들아 마을 북쪽 유난히 녹음이 우거진 벌판에서는 소떼들도 평화롭게 뛰여놀고 있네요 앗, 왕비님이 장벽밖으로 산책을 떠나네요 오늘은 기분이 좋은가봐요 걱정할거 없습니다 곁에는","400시간 정도 바닐라 로 이런저런 컨셉 놀이 하다가 현재 는 모드 떡칠 로 즐기고 있습니다 전장 에 널 부러진 동료 들 의 썩어가는 시체 처럼 구더기 가 번 져 버린 도덕 심 이 이제야 겨우 회복 되네요 전투 팀 은 번 화 계 도 저 리가 라 할 정도 의 최첨단 장비 와 의수 들 을 이식 받았고 절대로 무너뜨릴수 없는 마을 을 둘러싼 장벽 안 에서는 어린이 들 이 호수 근처 에서 뛰여 놀고 있습니다 학교 갈 시간 이란 다 얘 들 아 마을 북쪽 유난히 녹음 이 우 거진 벌판 에서는 소 떼 들 도 평화롭게 뛰여 놀고 있네요 앗 , 왕비 님 이 장벽 밖 으로 산책 을 떠나네요 오늘 은 기분 이 좋은가 봐요 걱정 할거 없습니다 곁 에는",2020-09-06 23:09:17
294100,RimWorld,positive,인생 게임. 무슨 겜을 하든 결국엔 다시 림월드로 돌아옴.,인생 게임 . 무슨 겜 을 하든 결국 엔 다시 림 월드 로 돌아옴 .,2020-09-05 12:29:43
294100,RimWorld,positive,이야기를 만들어주는 게임이다. 처음에 스토리텔러랑 시작 세팅을 정하면 알아서 이야기를 짜준다. 근데 이게 매 판마다 맵도 다르고 터지는 사건도 다르고 림도 다르고 여러 것들이 달라서 금방 지루해지지 않는다. 게다가 모드들이 다양해서 게임에 계속 변화를 줄 수 있다.,이야기 를 만들어주는 게임 이다 . 처음 에 스토리 텔러 랑 시작 세팅 을 정 하면 알아서 이야기 를 짜준다 . 근데 이 게 매 판 마다 맵 도 다르고 터지는 사건 도 다르고 림 도 다르고 여러 것 들 이 달라 서 금방 지루해지지 않는다 . 게다가 모드 들 이 다양해서 게임 에 계속 변화 를 줄 수 있다 .,2020-09-05 00:03:52
294100,RimWorld,positive,"dlc를 처음부터 사서 할 필요는 없습니다. 림들간의 아기자기한 상호작용, 전략적 요소가 가득한 기지방어로 어느 난이도를 해도 재밌습니다. 변수가 충분히 많아 플레이가 항상 똑같고 진부하다는 느낌이 없습니다. 전경좋은 기지를 만들수도, 동선 효율이 오지는 기지를 만들수도 있습니다. 아무도 내가 어떤 방식으로 플레이하건 상관하지 않고, 그 누구와 경쟁하며 스트레스 받을 필요도 없습니다. 어떻게하면 잘먹고 잘살면서 잘 막을지 고민하면서 해보세요. 한판 끝내면 창작마당에 가보세요. 토끼나 쥐순이 등의 인간 외 종족, 공룡, 용, 스타","dlc 를 처음 부터 사서 할 필요 는 없습니다 . 림 들 간의 아기자기한 상호작용 , 전략 적 요소 가 가득한 기 지방 어 로 어느 난이도 를 해도 재밌습니다 . 변수 가 충분히 많아 플레이 가 항상 똑같고 진부하다는 느낌 이 없습니다 . 전경 좋은 기지 를 만들수도 , 동선 효율 이 오지 는 기지 를 만들수도 있습니다 . 아무 도 내 가 어떤 방식 으로 플레이 하 건 상관 하지 않고 , 그 누구 와 경쟁 하며 스트레스 받을 필요 도 없습니다 . 어떻 게 하 면 잘 먹고 잘살면서 잘 막을지 고민 하면서 해보세요 . 한판 끝내면 창작 마당 에 가보세요 . 토끼 나 쥐 순이 등 의 인간 외 종족 , 공룡 , 용 , 스타",2020-09-05 00:02:33
294100,RimWorld,positive,interesting,interesting,2020-09-04 20:26:01
294100,RimWorld,positive,그래픽이 후져서 55000원이 아깝긴한대.. 재밋어...,그래픽 이 후 져서 55000원 이 아깝긴 한 대 .. 재밋어 ...,2020-09-04 11:19:52
294100,RimWorld,positive,잠깐 켜봤는데 재밌네요,잠깐 켜 봤는데 재밌네요,2020-09-03 17:51:56
294100,RimWorld,positive,"굉장히 쎆쓰한 게임입니다. 연어가 철 되면 돌아오듯, 잠깐 질려도 다시하게되는 그런 게임 랜덤 인카운터로 몇일동안 잘 키운 내 정착지가 날라가도 다시하게되는 게임 모드가 함께해서 재밌는 게임 츄라이츄라이, 적들을 노예로 삼고 장기를 빼내서 부자가되세요","굉장히 쎆쓰 한 게임 입니다 . 연어 가 철 되면 돌아오듯 , 잠깐 질려도 다시 하게 되는 그런 게임 랜덤 인 카운터 로 몇 일 동안 잘 키운 내 정착 지 가 날라가도 다시 하게 되는 게임 모드 가 함께 해서 재밌는 게임 츄 라이츄 라이 , 적 들 을 노예 로 삼고 장기 를 빼내서 부자 가 되세요",2020-09-03 11:17:03
294100,RimWorld,positive,ㅇㅅㅇ,ㅇㅅㅇ,2020-08-31 04:31:25
294100,RimWorld,positive,인생을 낭비하새요,인생 을 낭비하 새 요,2020-08-30 12:27:16
294100,RimWorld,positive,이거 장기밀매하는 요직겜임,이 거 장기 밀 매하 는 요 직겜임,2020-08-30 01:57:59
294100,RimWorld,positive,ㅅㅂ 2주 전에 산 건데,ㅅㅂ 2 주 전 에 산 건데,2020-08-29 02:20:46
294100,RimWorld,positive,갓겜이다 갓겜이니까 해라 할인 별로 안하긴 하지만 할인안해도 살만한 갓겜이다,갓 겜 이다 갓 겜 이니까 해 라 할인 별로 안 하긴 하지만 할인 안해 도 살 만 한 갓 겜 이다,2020-08-28 23:33:29
294100,RimWorld,positive,"이 작은 사람을 조종하여 여러 플레이를 즐길 수 있습니다. 여러 컨셉, 방법, ㅈ망까지! 하지만 모드는 1회차를 다 한것 같다고 생각할때 하세요. 너무 편해서 뺄 수가 없어","이 작은 사람 을 조종 하여 여러 플레이 를 즐길 수 있습니다 . 여러 컨셉 , 방법 , ㅈ 망 까지 ! 하지만 모드 는 1회 차를 다 한 것 같다고 생각 할 때 하세요 . 너무 편해서 뺄 수가 없어",2020-08-28 12:39:00
294100,RimWorld,positive,이것저것 모으고 운영하는 재미,이 것 저 것 모으고 운영 하는 재미,2020-08-28 10:49:21
294100,RimWorld,positive,"너무 재밌네요. 병충해에 맞물려 림 2명이 싸워서 한 명으로는 병충해를 막기가 힘들더라구요. 림 두 명이 병상에서 일어나고 나서 병충해를 제거하고 나니 식량이 없더라구요. 길들여 집단의 일원으로 만들고자 했던 야인여성은 진작 굶어죽고, 시체를 처리구역에 대강 던져놓으니, 얼마 전에 합류했던 요크셔테리어 무리가 그 시체를 뜯어먹으며 허기를 달래더라구요. 근데, 개들의 배는 채웠는데 림보고 림의 시체를 먹으라고는 못하겠더라구요. 같이 있던 알파카와 멧돼지 각 2마리 1마리를 잡아먹고도, 작물의 성장은 더뎌 한참이 남았더라구요","너무 재밌네요 . 병충해 에 맞 물려 림 2 명 이 싸워서 한 명 으로는 병충해 를 막기가 힘들더라구요 . 림 두 명 이 병상 에서 일어나고 나서 병충해 를 제거 하고 나니 식량 이 없더라구요 . 길들여 집단 의 일원 으로 만들고자 했던 야인 여성 은 진작 굶어 죽고 , 시체 를 처리 구역 에 대강 던져놓으니 , 얼마 전 에 합류 했던 요크셔테리어 무리 가 그 시체 를 뜯어 먹으며 허기 를 달래더라구요 . 근데 , 개 들 의 배는 채웠는데 림보 고 림 의 시체 를 먹으라고는 못 하겠더라구요 . 같이 있던 알파카 와 멧돼지 각 2 마리 1 마리 를 잡아먹고도 , 작물 의 성장 은 더뎌 한참 이 남았더라구요",2020-08-27 22:37:37
294100,RimWorld,positive,"극후반에 습격 온 죄수들 참교육 하는 방법. 1. 장기적출하고 처형하기 2. 한겨울에 옷 다벗긴 다음 석방시키고 포획했다 '네 몸을 들었다놨다' 컨트롤로 동사 시키기 3. 약물 강제로 연속 투여해서 뇌 병싄 만들기 4. 원래있던 팔다리 자르고 나무 의수,의족 달기 5. 동굴에 탈출하기 쉬운 감옥 만들어서 희망주고, 입구 주변에 고폭탄 지뢰 및 가시함정 깔아놓기 6. 습격 올 만한 곳에 죄수가 못된 시체들 배치해서 공포감 주기 사실상 이 정도면 너무 재밌어서 재료 보충때문에 습격이 기다려지실겁니다. 정신안정기에 평소 무드관리 필수","극 후반 에 습격 온 죄수 들 참 교육 하는 방법 . 1 . 장기 적 출하 고 처형 하기 2 . 한겨울 에 옷 다 벗긴 다음 석방 시키고 포획 했다 ' 네 몸 을 들었다놨다 ' 컨트롤 로 동사 시키기 3 . 약물 강제 로 연속 투여 해서 뇌 병싄 만들기 4 . 원래 있던 팔다리 자르고 나무 의수 , 의족 달기 5 . 동굴 에 탈출 하기 쉬운 감옥 만들어서 희망 주고 , 입구 주변 에 고 폭탄 지뢰 및 가시 함정 깔아놓기 6 . 습격 올 만 한 곳 에 죄수 가 못 된 시체 들 배치 해서 공포 감 주기 사실 상 이 정도 면 너무 재밌어서 재료 보충 때문 에 습격 이 기다려지실 겁니다 . 정신 안정 기 에 평소 무드 관리 필수",2020-08-27 02:06:58
294100,RimWorld,positive,lol,lol,2020-08-26 21:24:20
294100,RimWorld,positive,한달도 안된 림린이인데 130시간 넘었다 ㄹㅇ 갓겜,한 달도 안된 림린 이 인데 130시간 넘었다 ㄹㅇ 갓 겜,2020-08-26 21:05:18
294100,RimWorld,positive,요즘 플스 안하고 이거 한다 -_-;;;,요즘 플스 안 하고 이 거 한다 -_-;;;,2020-08-26 01:26:27
294100,RimWorld,positive,시간 후루룹 쩝쩝,시간 후루룹 쩝쩝,2020-08-25 23:24:58
294100,RimWorld,positive,굳,굳,2020-08-25 22:31:50
294100,RimWorld,positive,시티빌더 넘버원,시티 빌더 넘버원,2020-08-25 20:27:21
294100,RimWorld,positive,즐-겁다,즐 - 겁 다,2020-08-25 12:10:31
294100,RimWorld,positive,꿀잼,꿀잼,2020-08-25 11:33:12
294100,RimWorld,positive,평가,평가,2020-08-24 15:04:10
294100,RimWorld,positive,아주좋음,아주 좋음,2020-08-24 10:59:17
294100,RimWorld,positive,야이 시팔 내 1000시간 돌려내,야 이 시 팔 내 1000시간 돌려내,2020-08-24 02:51:06
294100,RimWorld,positive,어쩌다 알게된 게임이지만 정말로 재미있개 즐기고 있습니다! 초반에 여려움이 다소있고 진입장벽이 높을지도 모르지만... 몇번하다가 보면 어느세 즐기게 될 겁니다!!,어쩌다 알 게 된 게임 이지만 정말로 재미있 개 즐기고 있습니다 ! 초반 에 여려 움 이 다소 있고 진입 장벽 이 높을지도 모르지만 ... 몇번 하다가 보면 어느 세 즐기게 될 겁니다 !!,2020-08-24 00:32:17
294100,RimWorld,positive,지르세요,지르세요,2020-08-23 22:20:59
294100,RimWorld,positive,"시간이 가는 줄도 모르게 게임을 플레이했습니다. 맨땅에 헤딩을 추천드리지는 않지만, 사실 그렇게 해도 재밌기는 합니다! 하지만, 효율적인 집짓기라던가 효율적인 방어선의 구축을 알아두시고 플레이하는 것이 진행에 원활하실 겁니다. 바닐라도 재밌지만, 이 게임은 굉장히 많은 무기, 종족, UI, 시스템 등의 모드를 지원하기 때문에 바닐라에 질리셨다면 모드를 적용하여 플레이하시는것도 재밌을 것이라고 생각합니다.","시간 이 가는 줄 도 모르게 게임 을 플레이 했습니다 . 맨 땅 에 헤딩 을 추천 드리지는 않지만 , 사실 그렇게 해도 재밌기는 합니다 ! 하지만 , 효율 적 인 집짓기 라던가 효율 적 인 방어선 의 구축 을 알 아 두시 고 플레이 하는 것 이 진행 에 원활하실 겁니다 . 바닐라 도 재밌지만 , 이 게임 은 굉장히 많은 무기 , 종족 , UI , 시스템 등 의 모드 를 지원 하기 때문 에 바닐라 에 질리셨다면 모드 를 적용 하여 플레이 하시는것도 재밌을 것 이라고 생각 합니다 .",2020-08-22 22:33:21
294100,RimWorld,positive,GOOD GOD GAME,GOOD GOD GAME,2020-08-22 22:00:48
294100,RimWorld,positive,문명5 -> 팩토리오 -> 림월드 재미있네요.~,문명 5 -> 팩토리 오 -> 림 월드 재미있네요 .~,2020-08-22 15:43:26
294100,RimWorld,positive,I envy your brain that has never played this game.,I envy your brain that has never played this game .,2020-08-22 04:21:55
294100,RimWorld,positive,얼마 안했는데 재밌네요. 조금 더 해봐야겠어요.,얼마 안 했는데 재밌네요 . 조금 더 해봐야겠어요 .,2020-08-21 10:04:41
294100,RimWorld,positive,great game really fun and haha nuked mods nothing works anymore with old modes I m just reporting modes are wiped out at least after update my save just back i m so happy but i feel bad that i already made another save,great game really fun and haha nuked mods nothing works anymore with old modes I m just reporting modes are wiped out at least after update my save just back i m so happy but i feel bad that i already made another save,2020-08-20 19:25:04
294100,RimWorld,positive,문명처럼 중독성 오지고 한번 시작하면 시간 가는 줄 모르고 하게 되는 게임 다만 후반부로 갈 수록 알아야 하는게 너무 많아서 게임의 벽이 높아지고 한번 죽으면 시간이 너무 오래 걸려서 다시 시작할 염두가 안난다.,문명 처럼 중독 성 오지 고 한번 시작 하면 시간 가는 줄 모르고 하게 되는 게임 다만 후반 부로 갈 수록 알아야 하는게 너무 많아서 게임 의 벽 이 높아지고 한번 죽으면 시간 이 너무 오래 걸려서 다시 시작 할 염두 가 안 난다 .,2020-08-20 11:45:11
294100,RimWorld,positive,소년은 겨울을 좋아했다. 아직 아름답다는 것을 깨닫기에는 어렸지만 적어도 누군가 소년의 겨울에 아름답다고 일러줬으면 소년은 깨달았을 것이다. 소년은 눈을 좋아했다. 황량한 정착지 바깥세상을 하얗게 뒤덮은 광경을 보며 소복이 쌓인 눈에 발자국을 가장 먼저 남기는 이들은 소년과 허스키였다. 소년은 사실 겨울에 내리는 눈을 좋아했을 것이다. 소년은 겨울의 고요함이 좋았다. 다른 계절과는 다르게 총성이 들리지 않는 이유를 겨울의 추위와 매서운 바람이 정착지를 지켜주고 있었음을 소년은 알지 못했을 것이다. 하지만 겨울의 고요함은,소년 은 겨울 을 좋아했다 . 아직 아름답다는 것 을 깨닫 기 에는 어렸지만 적어도 누군가 소년 의 겨울 에 아름답다고 일러 줬으면 소년 은 깨 달았을 것 이다 . 소년 은 눈 을 좋아했다 . 황량 한 정착 지 바깥 세상 을 하얗게 뒤 덮은 광경 을 보며 소복이 쌓인 눈 에 발자국 을 가장 먼저 남기는 이 들 은 소년 과 허 스키 였다 . 소년 은 사실 겨울 에 내리는 눈 을 좋아했을 것 이다 . 소년 은 겨울 의 고요함 이 좋았다 . 다른 계절 과는 다르게 총성 이 들리지 않는 이유 를 겨울 의 추위 와 매서운 바람 이 정착 지를 지켜주고 있었 음 을 소년 은 알 지 못 했을 것 이다 . 하지만 겨울 의 고요함 은,2020-08-20 10:59:46
294100,RimWorld,positive,재미있는데 재미를 느끼기까지 시간이 조금 걸릴 수도 있는 게임 취향에 맞으면 시간 가는 줄 모르게 플레이 할 수 있습니다. 정식 멀티 지원이 나왔으면 하네요,재미있는데 재미 를 느끼기까지 시간 이 조금 걸릴 수도 있는 게임 취향 에 맞으면 시간 가는 줄 모르게 플레이 할 수 있습니다 . 정식 멀티 지원이 나왔으면 하네요,2020-08-20 10:45:04
294100,RimWorld,positive,뭐지 언제 1588 시간한거 ㅋㅋ 잉?,뭐 지 언제 1588 시간 한 거 ㅋㅋ 잉 ?,2020-08-20 09:23:52
294100,RimWorld,positive,.,.,2020-08-19 13:58:54
294100,RimWorld,positive,100시간이면 고인물같지? 림린이임 ㅋㅋㅋ ㄹㅇ 해보면알게됨 ㅋㅋㅋㅋㅋ,100시간 이면 고 인물 같지 ? 림린 이임 ㅋㅋㅋ ㄹㅇ 해보 면알 게 됨 ㅋㅋㅋㅋㅋ,2020-08-19 03:24:44
294100,RimWorld,positive,조금 해보고 환불하려했는데 환불이 안돼요,조금 해보고 환불 하려 했는데 환불 이 안 돼요,2020-08-18 19:40:14
294100,RimWorld,positive,내 시간이 어디갔지,내 시간 이 어디 갔지,2020-08-17 21:07:25
294100,RimWorld,positive,"내 인생에서 가장 오래 플레이한 유료게임. 캐주얼한 심시티식 플레이부터 하드코어한 요직 플레이까지 모두 가능한 최고의 드포라이크. 게임이라기 보다는 시나리오 제조기에 가깝기 때문에 본편(바닐라)의 볼륨도 굉장히 큰 편이고, 쉽게 질리지 않는다. 또한 모드 자료가 매우 방대하여 모드를 추가할때마다 새로운 게임을 하는듯한 느낌을 받는다. 돈값은 제대로 하며, 업데이트도 꾸준하다. 할인하는 일이 거의 없으니 구매해서 플레이하는 것을 추천한다. ⚠주의! 문명 이상으로 시간이 갈릴 수 있음.","내 인생 에서 가장 오래 플레이 한 유료 게임 . 캐 주얼 한 심시티 식 플레이 부터 하드코어 한 요 직 플레이 까지 모두 가능한 최고 의 드포 라 이크 . 게임 이라기 보다는 시나리오 제 조기 에 가깝기 때문 에 본 편 ( 바닐라 ) 의 볼륨 도 굉장히 큰 편이 고 , 쉽게 질리 지 않는다 . 또한 모드 자료 가 매우 방대하여 모드 를 추가 할 때 마다 새로운 게임 을 하는듯 한 느낌 을 받는다 . 돈값 은 제대로 하며 , 업데이트 도 꾸준하다 . 할인 하는 일이 거의 없으니 구매 해서 플레이 하는 것 을 추천 한다 . ⚠ 주의 ! 문명 이상 으로 시간 이 갈릴 수 있음 .",2020-08-17 20:08:21
294100,RimWorld,positive,내 3일 돌려놔 give me back my 3 days,내 3일 돌려 놔 give me back my 3 days,2020-08-17 15:09:16
294100,RimWorld,positive,이 게임을 킨 순간 미래로밖에 가지 못하는 타임머신에 탑승하시는 겁니다.,이 게임 을 킨 순간 미래 로 밖에 가지 못 하는 타임머신 에 탑승 하시는 겁니다 .,2020-08-17 07:44:58
294100,RimWorld,positive,타이난 병신,타이난 병신,2020-08-16 21:48:56
294100,RimWorld,positive,게임은 갓겜이나 스팀이 쓰레기임 버벅거림 씨발년들,게임 은 갓 겜 이나 스팀 이 쓰레기 임 버벅거림 씨발 년 들,2020-08-16 13:29:55
294100,RimWorld,positive,따봉,따 봉,2020-08-16 02:31:13
294100,RimWorld,positive,튜토리얼 처음에할때는 이해를 못했지만 계속 하다보니 뭔가 재밌어짐,튜토리얼 처음 에 할 때 는 이해 를 못 했지만 계속 하다 보니 뭔가 재밌어 짐,2020-08-15 19:10:45
294100,RimWorld,positive,장점 재밌음 단점 재밌음,장점 재밌음 단점 재밌음,2020-08-15 17:50:40
294100,RimWorld,positive,볼륨이 좀 작은듯,볼륨 이 좀 작은듯,2020-08-15 16:22:40
294100,RimWorld,positive,!! 머스트 해브 아이템!!!!,!! 머스트 해브 아이템 !!!!,2020-08-15 15:52:49
294100,RimWorld,positive,850시간동안 바닐라 즐기다가 이제 dlc 시작합니다 dlc는 이제 막 사서 잘 모르겠지만 바닐라로도 충분히 재미있게 즐길 수 있어요,850시간 동안 바닐라 즐기다가 이제 dlc 시작 합니다 dlc 는 이제 막 사서 잘 모르겠지만 바닐라 로 도 충분히 재미있게 즐길 수 있어요,2020-08-15 02:53:05
294100,RimWorld,positive,유독성 낙진 버티기가 힘들다,유독 성 낙진 버티 기 가 힘들다,2020-08-14 23:21:49
294100,RimWorld,positive,갓겜임.. . .,갓 겜임 .. . .,2020-08-14 20:48:15
294100,RimWorld,positive,잠깐 해봤는데 재미있어요. 근데 업뎃 주기가 좀 길어도 한 번에 했으면 좋겠다는 생각이 들어요. 1.1 찾아 깐지 엊그제 같은데 또 갈려니까 빡쳐요.,잠깐 해봤는데 재미있어요 . 근데 업뎃 주기 가 좀 길어도 한 번 에 했으면 좋겠다는 생각 이 들어요 . 1.1 찾아 깐지 엊그제 같은데 또 갈려니까 빡쳐요 .,2020-08-14 11:15:56
294100,RimWorld,positive,공부도 좀 해야되고 모드도 찾아보고 챙겨서 깔아줘야 하는데 그 불편한 지점만 딱 넘기면 그야말로 갓겜,공부 도 좀 해야되 고 모드 도 찾아보고 챙겨서 깔아줘야 하는데 그 불편한 지점 만 딱 넘기면 그야말로 갓 겜,2020-08-13 02:31:41
294100,RimWorld,positive,jam,jam,2020-08-12 22:53:11
294100,RimWorld,positive,잠깐 게임을 껏다 켯을뿐인데 시간이..,잠깐 게임 을 껏 다 켯을뿐 인데 시간 이 ..,2020-08-12 21:43:11
294100,RimWorld,positive,요직겜,요 직겜,2020-08-12 19:24:47
294100,RimWorld,positive,요오직겜,요 오직 겜,2020-08-12 15:51:56
294100,RimWorld,positive,망설이지 말고 지르세요!,망설이지 말고 지르세요 !,2020-08-12 15:39:37
294100,RimWorld,positive,ㅁㅊ 할인한다,ㅁㅊ 할인 한다,2020-08-11 21:47:33
294100,RimWorld,positive,스팀에서 처음 리뷰 다는건데 진짜 졸라 재밌음 AAA게임들 싸다구 존나 날림,스팀 에서 처음 리뷰 다는건데 진짜 졸라 재밌음 AAA 게임 들 싸다구 존나 날림,2020-08-11 18:17:57
294100,RimWorld,positive,"중독성있다. 다만 몇가지 모드를 깔아야 편하다는 것, 타이난의 횡포가 좀 존재한다는 것 빼고는 용량치고 잘만들었다고 생각됨","중독 성 있다 . 다만 몇 가지 모드 를 깔아야 편하다는 것 , 타이난 의 횡포 가 좀 존재 한다는 것 빼고는 용량 치고 잘 만들었다고 생각 됨",2020-08-11 14:24:01
294100,RimWorld,positive,재밌다!,재밌다 !,2020-08-11 04:34:51
294100,RimWorld,positive,굿,굿,2020-08-10 23:59:54
294100,RimWorld,positive,삭제했다가 4번째 다시 찾아왔다. 이번 지구는 어떤 지구일까?,삭제 했다가 4 번째 다시 찾아왔다 . 이번 지구 는 어떤 지구 일까 ?,2020-08-10 22:54:04
294100,RimWorld,positive,타이난의 타임머신,타이난 의 타임머신,2020-08-10 21:03:48
294100,RimWorld,positive,와 진짜 레알 꿀잼이다,와 진짜 레알 꿀잼 이다,2020-08-10 17:53:57
294100,RimWorld,positive,아 어제사서 7시간 했는데 오늘 할인을하네;;,아 어제 사서 7시간 했는데 오늘 할인 을 하네 ;;,2020-08-10 15:51:01
294100,RimWorld,positive,이 겜 버그 있음;; 배속 돌리면 현실 시간도 배속으로 감;;,이 겜 버그 있음 ;; 배속 돌리면 현실 시간 도 배속 으로 감 ;;,2020-08-10 14:47:32
294100,RimWorld,positive,"3명의 림과 리트리버 한 마리가 어떤 평지에 불시착했다. 그들은 주변에 널린 나무로 우선 집을 짓고 농사를 시작했다. 시간이 지나면서 불시착한 림들, 다른 무리에게 쫓기던 림들, 그리고 습격에서 포획한 포로들이 하나둘 합류했다. 그리고 주둔지의 이름을 정할 날이 왔다. 주변을 둘러보자 며칠 전 합류한 닭 몇 마리가 보였다. 그래서 그들은 지역의 이름을 ""치킨""이라 명명했다. 나무집은 점차 크기가 커져갔고, 림들은 방어를 원활하게 하기 위해 나무로 성벽을 둘렀다. 합류한 북극늑대 무리들은 알아서 번식해 어느새 20마리, 30마리까지","3 명의 림 과 리트리버 한 마리 가 어떤 평지 에 불시 착했다 . 그 들 은 주변 에 널린 나무 로 우선 집 을 짓고 농사 를 시작 했다 . 시간 이 지나면서 불시 착한 림 들 , 다른 무리 에게 쫓기던 림 들 , 그리고 습격 에서 포획 한 포로 들 이 하나 둘 합류 했다 . 그리고 주둔지 의 이름 을 정 할 날 이 왔다 . 주변 을 둘러보자 며칠 전 합류 한 닭 몇 마리 가 보였다 . 그래서 그 들 은 지역 의 이름 을 "" 치킨 "" 이라 명명했다 . 나무 집은 점차 크기 가 커져 갔고 , 림 들 은 방어 를 원활하게 하기 위해 나무 로 성벽 을 둘렀다 . 합류 한 북극늑대 무리 들 은 알아서 번식 해 어느새 20 마리 , 30 마리 까지",2020-08-09 20:20:27
294100,RimWorld,positive,복잡하게 보이는 시스템에 비해 점점 하다보면 이 게임의 매력에 푹 빠지게됨. 70시간정도를 했지만 할때마다 정든 림들이 죽어서 멘탈 쥰내깨졌기 때문에 엔딩을 아직까지 못봄. 마음만 먹으면 바닐라로도 몇백시간 채울 수 있는 게임.,복잡하게 보이는 시스템 에 비해 점점 하다 보면 이 게임 의 매력 에 푹 빠지게 됨 . 70시간 정도를 했지만 할 때 마다 정 든 림 들 이 죽어서 멘탈 쥰내 깨졌기 때문 에 엔딩 을 아직 까지 못 봄 . 마음 만 먹으면 바닐라 로 도 몇 백 시간 채울 수 있는 게임 .,2020-08-09 07:49:01
294100,RimWorld,positive,아직 초보고 많이 안해봐서 잘 모르겠음;; 더 해보고 말해드림,아직 초보 고 많이 안 해봐서 잘 모르겠음 ;; 더 해보고 말 해드림,2020-08-09 02:18:56
294100,RimWorld,positive,얼마 안한거 같은데 벌써 질리네요. 그만 쉬었다가 일주일 뒤에 해야겠어요.,얼마 안 한거 같은데 벌써 질리네요 . 그만 쉬었다가 일주일 뒤 에 해야겠어요 .,2020-08-08 23:40:32
294100,RimWorld,positive,타임머신,타임머신,2020-08-08 18:53:29
294100,RimWorld,positive,어썸!,어썸 !,2020-08-08 16:55:39
294100,RimWorld,positive,진짜 재밌습니다. 확장성이 무한대라서 할게 정말 많으며 바닐라 모드에서는 편의성이 정말 떨어지기때문에 겜할때 모드질 싫어하시는 분들이라도 편의성 모드정도는 필수로 까셔야 된다고 생각함 그리고 저사양겜이라서 강추,진짜 재밌습니다 . 확장 성 이 무한대 라서 할게 정말 많으며 바닐라 모드 에서는 편의 성 이 정말 떨어지기 때문 에 겜 할 때 모드 질 싫어하시는 분 들 이라도 편의 성 모드 정도 는 필수 로 까셔야 된다고 생각 함 그리고 저 사 양 겜 이라서 강추,2020-08-07 21:13:10
294100,RimWorld,positive,사람인생 조지는겜 문명보다 심하다,사람 인생 조지 는 겜 문명 보다 심하다,2020-08-07 14:27:17
294100,RimWorld,positive,좋은 게임.,좋은 게임 .,2020-08-07 02:18:58
294100,RimWorld,positive,인절손 인생의 절반 손해보는 게임 하면 인생 절반 시간 날림 ㅅㄱ 안하면 인생 절반 급 재미 날림 ㅅㄱ,인절손 인생 의 절반 손 해보는 게임 하면 인생 절반 시간 날림 ㅅㄱ 안 하면 인생 절반 급 재미 날림 ㅅㄱ,2020-08-07 01:29:09
294100,RimWorld,positive,재미납니다.ㅎ,재미 납니다 . ㅎ,2020-08-06 03:48:13
294100,RimWorld,positive,전 아직 림린이입니다.,전 아직 림린 이 입니다 .,2020-08-06 02:37:36
294100,RimWorld,positive,스팀 최고의 인생게임,스팀 최고 의 인생게임,2020-08-05 23:15:52
294100,RimWorld,positive,Nice,Nice,2020-08-05 15:24:13
294100,RimWorld,positive,갓성비 초 갓겜 림월드.,갓 성비 초 갓 겜 림 월드 .,2020-08-05 13:26:06
294100,RimWorld,positive,재밌음 ㅇㅇ,재밌음 ㅇㅇ,2020-08-05 08:45:50
294100,RimWorld,positive,6일동안 60시간. 랩에서 실험하고 발표하고 공부하고 데이트 하면서 60시간. 여러분 수면시간만 포기하면 삶이 윤택해집니다. 그럼 940시간만 더하고 뉴비 탈출한 다음 다시 돌아오겠습니다.,6일 동안 60시간 . 랩 에서 실험 하고 발표 하고 공부 하고 데이트 하면서 60시간 . 여러분 수면시간 만 포기 하면 삶 이 윤택 해 집니다 . 그럼 940시간 만 더하고 뉴비 탈출 한 다음 다시 돌아오겠습니다 .,2020-08-04 13:47:00
294100,RimWorld,positive,걍 사셈. 압도적으로 긍정적 리뷰에는 다 이유가 있음,걍 사셈 . 압도 적 으로 긍정 적 리뷰 에는 다 이유 가 있음,2020-08-03 21:07:33
294100,RimWorld,positive,가볍게 놀기 좋습니다,가볍게 놀기 좋습니다,2020-08-03 08:18:19
294100,RimWorld,positive,학점파괴기,학점 파괴 기,2020-08-02 20:34:47
294100,RimWorld,positive,꿀잼,꿀잼,2020-08-02 18:55:03
294100,RimWorld,positive,너무 재밌어요,너무 재밌어요,2020-08-01 19:44:43
294100,RimWorld,positive,그만 처들어와 제발,그만 처 들어와 제발,2020-08-01 19:42:03
294100,RimWorld,positive,갓겜,갓 겜,2020-08-01 19:02:11
294100,RimWorld,positive,악마의 게임,악마 의 게임,2020-07-31 22:38:28
294100,RimWorld,positive,드디어 찾았다 인생겜 이제 싱글코어에서만 벗어나면됨,드디어 찾았다 인생 겜 이제 싱글코어 에서만 벗어나면 됨,2020-07-30 11:36:44
294100,RimWorld,positive,이제 막 듀토리얼 끝내고 본격적으로 시작합니다. 10달 뒤에 봐요 여러분 ps: 온도 조금 춥고 덥다고 조오온나 깐깐하게 구네 림새끼들,이제 막 듀토 리얼 끝내고 본격 적 으로 시작 합니다 . 10 달 뒤 에 봐요 여러분 ps : 온도 조금 춥고 덥다고 조 오온 나 깐깐하게 구 네 림 새끼 들,2020-07-30 11:34:54
294100,RimWorld,positive,튜토리얼 수료증은 어디서 받으면 되죠?,튜토리얼 수료증 은 어디서 받으면 되죠 ?,2020-07-30 02:28:52
294100,RimWorld,positive,잘좀해 ai 시발들아,잘 좀해 ai 시발 들 아,2020-07-29 23:33:36
294100,RimWorld,positive,very very good,very very good,2020-07-29 21:31:47
294100,RimWorld,positive,구입해서 인생손해보기 구입안하고 인생의 '재미'일부손해보기,구입 해서 인생 손해 보기 구 입안 하고 인생 의 ' 재미 ' 일 부손 해보기,2020-07-29 19:13:33
294100,RimWorld,positive,게임성 오짐. ㄹㅇ 혼자놀기의 끝판왕 대신 문명만큼 시간이 순삭됨 멀티플레이 모드도 있긴해서 멀티를 할수도 있음 난이도는 고를 수 있어서 맞춰서 각자 플레이하면됨 심지어 플레이스타일도 사람마다 천차만별임 초보자는 온대림에 육각형모양에서 한쪽이 바다거나 산지로 막혀있는곳이 방어하기도 좋기에 그런곳에서 시작하면됨 그리고 무슨 비트코인마냥 가격이 볼때마다 올라감ㅡㅡ (덕분에 몇천원대 저점에서 들어갔습니다^^),게임 성 오 짐 . ㄹㅇ 혼자놀기 의 끝판 왕 대신 문명 만큼 시간 이 순삭 됨 멀티플레이 모드 도 있긴 해서 멀티 를 할수도 있음 난이도 는 고를 수 있어서 맞춰서 각자 플레이 하면 됨 심지어 플레이 스타일 도 사람 마다 천차만별 임 초보자 는 온대림 에 육각형 모양 에서 한쪽 이 바다 거나 산지 로 막혀있는 곳 이 방어 하기도 좋기에 그런 곳 에서 시작 하면 됨 그리고 무슨 비트코인 마냥 가격 이 볼때 마다 올라감 ㅡㅡ ( 덕분 에 몇 천원 대 저 점 에서 들어갔습니다 ^^),2020-07-29 17:34:18
294100,RimWorld,positive,굉장해!,굉장해 !,2020-07-28 10:13:23
294100,RimWorld,positive,시간가는 줄 모름,시간 가는 줄 모름,2020-07-27 23:15:09
294100,RimWorld,positive,저 이제 림린이죠?,저 이제 림린 이 죠 ?,2020-07-27 14:26:31
294100,RimWorld,positive,처음 켜면 이게 뭔가 싶지만 좀 찾아보고 해보면 시간 잡아먹는 게임,처음 켜면 이 게 뭔가 싶지만 좀 찾아보고 해보면 시간 잡아먹는 게임,2020-07-27 13:43:50
294100,RimWorld,positive,행성탈출 생존 건설 시뮬레이션 게임이다. 림월드의 스팀 평가를 보면 대부분 플레이 타임이 길다는 걸 볼 수 있는데 당신이 이 게임을 플레이 해 보고 흥미가 맞다면 왜 그런지 느낄 수 있다. 말 그대로 미친듯한 중독성을 자랑하는 시간 잡아먹는 타임머신 괴물 게임이 되버린다. 명작의 기준은 그래픽이나 사운드 등 여러가지 기준이 있겠지만 결국 그 정점에 있는 건 게임성이라는 걸 압도적으로 긍정적 평가 수가 그걸 증명 해준다. 바닐라도 재밌는데 모드까지 깔면 재미가 배가 되버려서 한번 빠지면 정말 헤어 나올 수 가 없을,행성 탈출 생존 건설 시뮬레이션 게임 이다 . 림 월드 의 스팀 평가 를 보면 대부분 플레이 타임 이 길다는 걸 볼 수 있는데 당신 이 이 게임 을 플레이 해 보고 흥미 가 맞다면 왜 그런지 느낄 수 있다 . 말 그대로 미친듯 한 중독 성 을 자랑 하는 시간 잡아먹는 타임머신 괴물 게임 이 되 버린다 . 명작 의 기준 은 그래픽 이나 사운드 등 여러가지 기준 이 있겠지만 결국 그 정점 에 있는 건 게임 성 이라는 걸 압도 적 으로 긍정 적 평가 수가 그걸 증명 해준다 . 바닐라 도 재밌는데 모드 까지 깔면 재미 가 배 가 되 버려서 한번 빠지면 정말 헤어 나올 수 가 없을,2020-07-26 01:38:35
294100,RimWorld,positive,재밌뜸,재밌 뜸,2020-07-25 22:30:02
294100,RimWorld,positive,아 야스 그만하라고 ㅡㅡ,아 야스 그만하라고 ㅡㅡ,2020-07-25 12:58:04
294100,RimWorld,positive,재밌음,재밌음,2020-07-25 12:10:24
294100,RimWorld,positive,풀프라이스든 세일이든 일단 사시는게 인생에 이득인 게임 일단 사고 시간 꼬라박으면 몇달은 재밌게 즐기실 수 있을겁니다,풀 프라 이스 든 세 일이 든 일단 사시는게 인생 에 이득 인 게임 일단 사고 시간 꼬 라 박으면 몇 달 은 재밌게 즐기실 수 있을 겁니다,2020-07-24 23:46:56
294100,RimWorld,positive,인생 그자체가 담긴 인생게임,인생 그 자체 가 담긴 인생게임,2020-07-24 07:32:35
294100,RimWorld,positive,재밌네요 모드갓겜,재밌네요 모드 갓 겜,2020-07-24 00:42:12
294100,RimWorld,positive,이게임 하면 시간이 너무 빠르게 지나감 개꿀잼,이 게임 하면 시간 이 너무 빠르게 지나감 개꿀잼,2020-07-23 21:25:06
294100,RimWorld,positive,"시간이 삭제되었습니다 돈은 괜찮으니 시간좀 환불해서 이거 더 게임하게 해주세요 My time has been deleted. Money is fine, so please refund me some time to play this game more","시간 이 삭제 되었습니다 돈 은 괜찮으니 시간 좀 환불 해서 이 거 더 게임 하게 해주세요 My time has been deleted . Money is fine , so please refund me some time to play this game more",2020-07-23 04:22:32
294100,RimWorld,positive,아 내 시간,아 내 시간,2020-07-22 19:25:21
294100,RimWorld,positive,취향맞으면 문명시리즈보다 더 무섭게 빠져들 수 있는 악마의 타임머신. 튜토리얼이 많이 부실해서 진입문턱이 높지만 쉬운 난이도부터 시작하면서 배우다보면 익숙해짐. 그렇게 점점 고이고 고이다보면 현실 인생이 변방계 우주로 추방될 수 있음.,취향 맞으면 문명 시리즈 보다 더 무섭게 빠져들 수 있는 악마 의 타임머신 . 튜토리얼 이 많이 부실해서 진입 문턱 이 높지만 쉬운 난이도 부터 시작 하면서 배우다 보면 익숙해짐 . 그렇게 점점 고이 고 고이 다 보면 현실 인생 이 변 방계 우주 로 추방 될 수 있음 .,2020-07-21 19:47:53
294100,RimWorld,positive,잠깐 해봤는데 재미있네요,잠깐 해봤는데 재미있네요,2020-07-20 17:32:30
294100,RimWorld,positive,.,.,2020-07-20 14:24:28
294100,RimWorld,positive,제발 멀티코어 지원좀요.. 한 두어시간쯤 하면 항상 렉에 걸립니다.. 게임을 아얘 못하는정도는 아니지만 240hz써왔던 저같은 사람들은 답답해서 죽을것같아요,제발 멀티코어 지 원 좀 요 .. 한 두어 시간 쯤 하면 항상 렉 에 걸립니다 .. 게임 을 아 얘 못 하는 정도 는 아니지만 240 hz 써 왔던 저 같은 사람 들 은 답답해서 죽을것 같아요,2020-07-20 12:41:30
294100,RimWorld,positive,조금 해봤는데 아직 잘 모르겠네요 좀더 해볼깨요,조금 해봤는데 아직 잘 모르겠네요 좀더 해볼 깨 요,2020-07-20 01:36:04
294100,RimWorld,positive,미쳤다... 괜히건드렸어.... 살려줘.....,미쳤다 ... 괜히 건드렸어 .... 살려줘 .....,2020-07-19 19:29:25
294100,RimWorld,positive,존잼,존잼,2020-07-19 01:30:23
294100,RimWorld,positive,내시간좀 돌려주세요.,내 시간 좀 돌려주세요 .,2020-07-18 10:04:56
294100,RimWorld,positive,시간사라짐,시간 사라짐,2020-07-17 21:56:16
294100,RimWorld,positive,"앵간한 포스트 아포칼립스보다 막장을 즐길 수있다. 나이를 초월한 60대 연상 연하 결혼, 남들 보는 앞에서 불륜 , 부모도 서슴없이 죽이는 패륜","앵 간 한 포스트 아포칼립스 보다 막장 을 즐길 수 있다 . 나이 를 초월 한 60 대 연상 연하 결혼 , 남 들 보는 앞 에서 불륜 , 부모 도 서슴없이 죽이는 패륜",2020-07-15 17:18:50
294100,RimWorld,positive,만약 당신이 시험을 앞두고 있다면 이 게임이 아주 큰 도움이 될 것입니다,만약 당신 이 시험 을 앞두고 있다면 이 게임 이 아주 큰 도움 이 될 것 입니다,2020-07-15 15:51:44
294100,RimWorld,positive,하렘 정착생활을 위해 젊은 여성두명과 날 만들어 플레이했는데 왜 여성둘이서 연애를 하는거죠? 그 꼬라지보고 현타왔습니다.,하렘 정착생활 을 위해 젊은 여성 두 명과 날 만들어 플레이 했는데 왜 여성 둘이서 연애 를 하는거죠 ? 그 꼬 라지 보고 현 타 왔습니다 .,2020-07-15 02:50:16
294100,RimWorld,positive,아 쪼끔해봤는데 할만하네요,아 쪼끔 해봤는데 할만 하네요,2020-07-15 00:42:16
294100,RimWorld,positive,처절한 생존 스토리를 즐기고 싶다면 바로 이 게임. 이 게임은 당신의 상황에 맞춰 이벤트를 터트려 준다! 방심할 수 없는 것이 이 게임의 묘미. 나쁜 이벤트가 아니라 적절히 좋은 이벤트도 터트려 주니 불합리하지도 않다.,처절한 생존 스토리 를 즐기고 싶다면 바로 이 게임 . 이 게임 은 당신 의 상황 에 맞춰 이벤트 를 터트려 준다 ! 방심할 수 없는 것 이 이 게임 의 묘미 . 나쁜 이벤트 가 아니라 적절히 좋은 이벤트 도 터트려 주니 불합리 하지도 않다 .,2020-07-14 22:21:20
294100,RimWorld,positive,내 시간 누가 배속했냐고,내 시간 누가 배속 했냐고,2020-07-13 22:36:58
294100,RimWorld,positive,인생의 어느 시기가 사라짐,인생 의 어느 시기 가 사라짐,2020-07-13 22:32:37
294100,RimWorld,positive,d,d,2020-07-13 20:06:06
294100,RimWorld,positive,????? 뭐지 왜 사백시간햇지 분명 마지막으로 확인했을때 150시간이었는데?,????? 뭐 지 왜 사 백 시간 햇 지 분명 마지막 으로 확인 했을 때 150시간 이었는데 ?,2020-07-13 18:35:15
294100,RimWorld,positive,미래로 가는 타임머신,미래 로 가는 타임머신,2020-07-13 09:46:06
294100,RimWorld,positive,갓-겜,갓 - 겜,2020-07-13 02:11:21
294100,RimWorld,positive,찍먹하려고 새벽에 잠깐 플레이한 결과 5시간이 사라졌다 문명인가,찍 먹하려고 새벽 에 잠깐 플레이 한 결과 5시간 이 사라졌다 문명 인가,2020-07-12 22:05:03
294100,RimWorld,positive,70시간 뉴비 이제 첫 엔딩 아직은 모르겠습니다 좀 더 해봐야 하겠습니다,70시간 뉴비 이제 첫 엔딩 아직 은 모르겠습니다 좀 더 해봐야 하겠습니다,2020-07-12 22:00:41
294100,RimWorld,positive,잼있게 하던 게임이였는데 오랜만에 다시 해볼려고 하니깐 로딩화면에서 검은 화면으로 바뀌더니 되질 안네... 참고로 윈도우10 전에도 윈도우 10 에서 실행 잘 됬었는데... 이 게임 할려고 다시 윈도우7 깔았따!!!,잼있게 하던 게임 이 였는데 오랜 만 에 다시 해볼려고 하 니깐 로딩 화면 에서 검은 화면 으로 바뀌더니 되질 안네 ... 참고 로 윈도우 10 전 에도 윈도우 10 에서 실행 잘 됬었는데 ... 이 게임 할려고 다시 윈도우 7 깔았 따 !!!,2020-07-12 17:14:58
294100,RimWorld,positive,뭐야 내 방학 돌려줘요,뭐 야 내 방학 돌려줘요,2020-07-12 04:22:44
294100,RimWorld,positive,개재밌음,개 재밌음,2020-07-12 00:07:20
294100,RimWorld,positive,d,d,2020-07-11 22:39:59
294100,RimWorld,positive,힐링인듯 힐링아닌 재밌는,힐링 인 듯 힐링 아닌 재밌는,2020-07-11 00:01:09
294100,RimWorld,positive,아직 튜토리얼 중입니다,아직 튜토리얼 중 입니다,2020-07-10 21:48:54
294100,RimWorld,positive,림월드는 섹스 시뮬레이터가 아닙니다.,림 월드 는 섹스 시뮬레이터 가 아닙니다 .,2020-07-10 16:43:05
294100,RimWorld,positive,이 게임..진짜 중독성 하나는 기가 막힙니다. 엄청난 액션과 화려한 그래픽 그리고 화려한 컨트롤을 원하면 조금 안맞으실 수 있지만 전체적인 관리하는 게임을 좋아하고 실시간 발생하는 이벤트를 해결하는 재미 및 아기자기한 그래픽에 점차 콜로니가 안정화 되어간다 싶을 때 다가오는 위험들! 진짜 너무너무 재밌고 컨트롤을 잘 못해도 재미있게 플레이 할 수 있기에 이 게임을 전 엄청 추천합니다:) 문명만큼이나 시간 잘 갑니다!ㅎㅎ,이 게임 .. 진짜 중독 성 하나 는 기 가 막힙니다 . 엄청난 액션 과 화려한 그래픽 그리고 화려한 컨트롤 을 원하면 조금 안 맞으실 수 있지만 전체 적 인 관리 하는 게임 을 좋아하고 실시간 발생 하는 이벤트 를 해결 하는 재미 및 아기자기한 그래픽 에 점차 콜로니 가 안정화 되어 간다 싶을 때 다가오는 위험 들 ! 진짜 너무 너무 재밌고 컨트롤 을 잘 못 해도 재미있게 플레이 할 수 있기에 이 게임 을 전 엄청 추천 합니다 :) 문명 만큼이나 시간 잘 갑니다 ! ㅎㅎ,2020-07-10 10:26:54
294100,RimWorld,positive,야! 세일 안 한다매!,야 ! 세 일 안 한다매 !,2020-07-10 01:40:41
294100,RimWorld,positive,2주 동안 240시간 했는데 할만한 게임인 것 같음 아직 이 게임의 10%도 맛보지 못한 것 같다 볼륨이 엄청남,2 주 동안 240시간 했는데 할만 한 게임 인 것 같음 아직 이 게임 의 10% 도 맛보지 못 한 것 같다 볼륨 이 엄청남,2020-07-08 23:55:53
294100,RimWorld,positive,여러분은 아직 늦지 않았습니다. 현실을 살고 싶으시다면 깔지 마.,여러분 은 아직 늦지 않았습니다 . 현실 을 살 고 싶으시다면 깔지 마 .,2020-07-08 19:51:46
294100,RimWorld,positive,개 꿀 잼,개 꿀 잼,2020-07-08 14:37:21
294100,RimWorld,positive,미친게임!,미친 게임 !,2020-07-08 06:13:43
294100,RimWorld,positive,취향에만 맞는다면 1000시간정도 플레이할법한 게임입니다.,취향 에만 맞는다면 1000시간 정도 플레이 할 법 한 게임 입니다 .,2020-07-08 01:42:40
294100,RimWorld,positive,이제 지구 한개 끝냈으니 모드 깔아봐야겠다,이제 지구 한개 끝냈으니 모드 깔아 봐야겠다,2020-07-07 22:07:34
294100,RimWorld,positive,저는 '사람'을 좋아합니다. 진짜로요,저 는 ' 사람 ' 을 좋아합니다 . 진짜 로 요,2020-07-07 21:34:28
294100,RimWorld,positive,꿀잼이잖어;;,꿀 잼이잖어 ;;,2020-07-07 20:24:12
294100,RimWorld,positive,이런 류의 게임들 안 좋아하는데 재밌게 했음. 세일 자주 안함.,이런 류 의 게임 들 안 좋아하는데 재밌게 했음 . 세 일 자주 안함 .,2020-07-07 20:16:19
294100,RimWorld,positive,초기장벽만 넘으면 갓겜임,초기 장벽 만 넘으면 갓 겜임,2020-07-07 15:26:09
294100,RimWorld,positive,시간 살살 녹는다,시간 살살 녹는다,2020-07-07 12:55:34
294100,RimWorld,positive,내 인생을 살..자..,내 인생 을 살 .. 자 ..,2020-07-07 10:31:21
294100,RimWorld,positive,이 갓겜을 안한다구요? 10% 할인 중인 지금 무한으로 즐겨요!,이 갓 겜 을 안 한다구요 ? 10% 할인 중인 지금 무한 으로 즐겨요 !,2020-07-07 08:05:34
294100,RimWorld,positive,이거 솔직히 창작마당 없었으면 안팔렸음 그만큼 창작마당이 잘 활성화 되어있음 한글패치도 있으니까 활용하면 됨 바닐라는 할 게 못되니까 창작마당에서 추천하는 거 여기저기서 잘 찾아보면서 추가하면 잼있게 플레이 가능 니가 생각하는 앵간한 모든게 창작마당에 다 있으니까 적용 잘하고 아 그리고 모드 서순있음 서순대로 안하면 오류남 림창들 모인데 찾아가서 물어보면 알려줄지도?,이 거 솔직히 창작 마당 없었으면 안 팔렸음 그만큼 창작 마당 이 잘 활성화 되어있음 한글패치 도 있으니까 활용 하면 됨 바닐라 는 할 게 못 되니까 창작 마당 에서 추천 하는 거 여기저기 서 잘 찾아보면서 추가 하면 잼있게 플레이 가능 니 가 생각 하는 앵 간 한 모든 게 창작 마당 에 다 있으니까 적용 잘 하고 아 그리고 모드 서 순 있음 서 순대 로 안 하면 오류 남 림창 들 모 인데 찾아가서 물어보면 알려줄지도 ?,2020-07-06 23:23:35
294100,RimWorld,positive,해도 해도 끝이 없는 똥겜,해도 해도 끝 이 없는 똥겜,2020-07-06 16:20:41
294100,RimWorld,positive,플탐이 늘어갈수록 인간성을 잃어가는 게임,플 탐이 늘어 갈수록 인간성 을 잃어가는 게임,2020-07-06 00:16:28
294100,RimWorld,positive,비버떼로 전멸할줄 누가알았겠냐고..,비버 떼 로 전멸 할줄 누가 알았겠냐고 ..,2020-07-05 22:54:55
294100,RimWorld,positive,"패치할수록 여러 꼼수를 막고있기 때문에 점점 어려워지지만 뭐 큰 의미가 있나 싶어요. 최고난도로 하면 엔딩보기 더럽게 힘든 게임이고 장르는 아예 다르지만, 던전크롤 클리어 같은걸 즐기시는 분들이 아주 좋아할만한 게임임 결국 이 게임은 장르적 특이성과 플레이 특이성으로 인하여, 굉장히 매니악한 유저층이 형성됨 심지어 이 게임에 대해서 좋게 평가하고, 즐거운 경험을 가진 사람도 이 게임을 많이 플레이하지는 않음. 잘 만든 게임, 매우 어려운 게임, 특이한 요소들을 갖춘 로그라이크+경영시뮬 게임이며 당신은 이 게임을 좋아하지","패치 할수록 여러 꼼수 를 막고있기 때문 에 점점 어려워지지만 뭐 큰 의미 가 있나 싶어요 . 최고 난 도로 하면 엔딩 보기 더럽게 힘든 게임 이고 장르 는 아예 다르지만 , 던전 크롤 클리어 같은걸 즐기시는 분 들 이 아주 좋아할만 한 게임 임 결국 이 게임 은 장르 적 특이 성과 플레이 특이 성 으로 인하여 , 굉장히 매니악 한 유저 층 이 형성 됨 심지어 이 게임 에 대해 서 좋게 평가 하고 , 즐거운 경험 을 가진 사람 도 이 게임 을 많이 플레이 하 지는 않음 . 잘 만든 게임 , 매우 어려운 게임 , 특이한 요소 들 을 갖춘 로그라이크 + 경 영 시 뮬 게임 이며 당신 은 이 게임 을 좋아하지",2020-07-05 20:20:55
294100,RimWorld,positive,길게 말하지 않겠습니다. 갓겜입니다. 고민하고 계신가요? 당장 구매하세요!,길게 말 하지 않겠습니다 . 갓 겜 입니다 . 고민 하고 계신가요 ? 당장 구매 하세요 !,2020-07-05 15:09:26
294100,RimWorld,positive,진입장벽 좀 높아서 초반 적응하는것만 잘하면 아주 재밌습니다.,진입 장벽 좀 높아서 초반 적응하는것만 잘 하면 아주 재밌습니다 .,2020-07-05 01:06:29
294100,RimWorld,positive,엿같지만 재밌는겜,엿같 지만 재밌는 겜,2020-07-04 23:49:49
294100,RimWorld,positive,아니근데 솔직히 인간적으로 난 3명인데 재네는 개떼처럼 몰려오고 너무 불공평한거 아니냐,아니 근데 솔직히 인간 적 으로 난 3 명 인데 재네는 개떼 처럼 몰려오고 너무 불공평한거 아니냐,2020-07-04 19:15:07
294100,RimWorld,positive,재밌어요,재밌어요,2020-07-03 22:30:05
294100,RimWorld,positive,잼,잼,2020-07-03 20:41:25
294100,RimWorld,positive,좋아요,좋아요,2020-07-03 01:21:34
294100,RimWorld,positive,ONE OF THE MOST FAVORITE GAMES IN MY LIFE. IT IS VERY FUNNY TO BUILD MY BASE BUT SOMETIME IT HAS TENDENCY TO BE BORING WHEN YOUR BASE IS BIG MORE AND MORE,ONE OF THE MOST FAVORITE GAMES IN MY LIFE . IT IS VERY FUNNY TO BUILD MY BASE BUT SOMETIME IT HAS TENDENCY TO BE BORING WHEN YOUR BASE IS BIG MORE AND MORE,2020-07-01 23:55:29
294100,RimWorld,positive,이 씨1발 바빠서 접대못했더니 다음날에 쳐들어오네,이 씨 1 발 바빠서 접대 못 했더니 다음 날 에 쳐 들어오네,2020-07-01 02:17:16
294100,RimWorld,positive,군대 휴가 나올때마다 조지게 하다가 전역하고 바빠지니 키기가 두려워지는 게임 나중에 돈 많이벌어서 시간 많이나면 해야지...,군대 휴가 나올 때 마다 조지 게 하다가 전역 하고 바빠지니 키기 가 두려워지는 게임 나중 에 돈 많이 벌 어 서 시간 많이 나 면 해야지 ...,2020-06-30 20:16:46
294100,RimWorld,positive,한 번 키면 시간 가는 줄 모름,한 번 키 면 시간 가는 줄 모름,2020-06-30 20:14:08
294100,RimWorld,positive,넘모 재밌어요,넘 모 재밌어요,2020-06-30 19:14:41
294100,RimWorld,positive,5/5,5/5,2020-06-30 18:41:32
294100,RimWorld,positive,드포라이크 중에서 가장 성공적인 게임,드포 라 이크 중 에서 가장 성공 적 인 게임,2020-06-30 03:28:32
294100,RimWorld,positive,사놓기는했는데... 언제하지...,사놓 기는 했는데 ... 언제 하지 ...,2020-06-29 20:12:51
294100,RimWorld,positive,사기전엔 이런 ㅈ밥같은 그래픽가진 겜이 얼마나 재밌겠어 했는데 시간 훔쳐가는 실력이 해본 생존전략겜중 1탑인듯..,사 기전 엔 이런 ㅈ 밥 같은 그래픽 가진 겜 이 얼마나 재밌겠어 했는데 시간 훔쳐가는 실력 이 해본 생존 전략 겜 중 1 탑인듯 ..,2020-06-29 18:04:19
294100,RimWorld,positive,[h1] 실시간 생존 시뮬레이터 게임 [/h1] 림월드 스팀에 굴복하다.. R.I.P,[ h 1 ] 실시간 생존 시뮬레이터 게임 [/ h 1 ] 림 월드 스팀 에 굴복 하다 .. R . I . P,2020-06-29 09:00:06
294100,RimWorld,positive,생존 시뮬레이션계의 문명이네,생존 시뮬레이션 계 의 문명 이네,2020-06-29 08:23:44
294100,RimWorld,positive,한 번에 12시간 동안 했네요.... 처음입니다 중독성 쩔어요 시간 가는 줄 모르고 계속 하다보니까 어느새 12시간이 지나있었네요 아직 하루 밖에 안 했으나 재미있고 모드가 꼭 필요한 게임이네요 모드 없으면 힘들어요 인터넷에 서치하셔서 구독하시는 걸 추천드립니다,한 번 에 12시간 동안 했네요 .... 처음 입니다 중독 성 쩔어요 시간 가는 줄 모르고 계속 하다 보 니까 어느새 12시간 이 지나있었네요 아직 하루 밖에 안 했으나 재미있고 모드 가 꼭 필요한 게임 이네 요 모드 없으면 힘들어요 인터넷 에 서치 하셔서 구독 하시는 걸 추천 드립니다,2020-06-29 01:26:23
294100,RimWorld,positive,세일 안한다더니 산지 하루 만에 세일하네 ㅠ,세 일 안 한다더니 산지 하루 만에 세 일 하 네 ㅠ,2020-06-28 19:09:40
294100,RimWorld,positive,그래픽은 구린데 스케일이 어마무시함,그래픽 은 구린데 스케일 이 어마 무시 함,2020-06-28 03:46:46
294100,RimWorld,positive,내 122시간,내 122시간,2020-06-28 02:25:35
294100,RimWorld,positive,말해뭐해 갓겜 찬양해,말 해 뭐해 갓 겜 찬양 해,2020-06-28 01:58:15
294100,RimWorld,positive,남들은 이쁘게 잘만드는데 왜 내가 만들면 맨날 네모야? 그리고 애들은 왜 맨날 아파 뭐만하면 팔다리 잘리고 절뚝거려,남 들 은 이쁘게 잘 만드는데 왜 내 가 만들면 맨날 네모 야 ? 그리고 애 들 은 왜 맨날 아파 뭐 만하 면 팔다리 잘리고 절뚝거려,2020-06-28 01:44:47
294100,RimWorld,positive,처음에는 바닐라로 하시다가 나중에모드 하나 두개 깔면서 하셔야 뭐가 어떻게 적용된건지 알기 쉬워요 돈 값하는 갓겜,처음 에는 바닐라 로 하시다가 나중 에 모드 하나 두 개 깔면서 하셔야 뭐 가 어떻게 적용 된 건지 알기 쉬워요 돈 값 하는 갓 겜,2020-06-27 22:57:18
294100,RimWorld,positive,"개 쉬.,,,,발,,,, 산소미포함 완결본지 약 한달.. 이제 이 게임을 완결봐야하는데 존나 쉬,,,,발,,,, 개1새1끼들아","개 쉬 .,,,, 발 ,,,, 산소 미 포함 완결 본지 약 한 달 .. 이제 이 게임 을 완결 봐야하는데 존나 쉬 ,,,, 발 ,,,, 개 1 새 1 끼 들 아",2020-06-27 22:46:13
294100,RimWorld,positive,재밌네 6시간동안 쌓아올렸으나 무너지는건 1분인 모래성 갓-겜,재밌네 6시간 동안 쌓아 올렸으나 무너지는건 1분 인 모래성 갓 - 겜,2020-06-27 20:42:09
294100,RimWorld,positive,뭐? 림월드가 세일한다고? 타이난 네 이노오오오옴,뭐 ? 림 월드 가 세 일 한 다 고 ? 타이난 네 이노 오오오 옴,2020-06-27 19:42:15
294100,RimWorld,positive,: ),: ),2020-06-27 13:30:22
294100,RimWorld,positive,림이 내가된다,림 이 내 가 된다,2020-06-27 11:46:32
294100,RimWorld,positive,코로나로 한달반동안 강제 재택근무 하면서 집콕했는데 게임을 사고 실행한다음에 극한난이도를 바닐라로 클리어하니까 다음날 출근하라고 연락이 오더라구요 이게 무슨일이죠???,코로나 로 한 달 반 동안 강제 재택근무 하면서 집콕 했는데 게임 을 사고 실행 한 다음 에 극 한 난이도 를 바닐라 로 클리어 하니까 다음 날 출근 하 라고 연락 이 오더라구요 이 게 무슨 일이 죠 ???,2020-06-27 01:49:11
294100,RimWorld,positive,와 이게임이 10퍼나 세일하다니 진짜 갓겜인데 많이하십셔 ^^7,와 이 게임 이 10 퍼 나 세 일하다니 진짜 갓 겜 인데 많이 하십셔 ^^ 7,2020-06-26 18:16:35
294100,RimWorld,positive,할인 절대 안한다더니... 사두고 안해서 더 손해,할인 절대 안 한다더니 ... 사두 고 안해 서 더 손해,2020-06-26 17:47:35
294100,RimWorld,positive,"프리즌 아키텍트의 인간 키우기 버전같아서 삼. 비슷하긴 하나 화장실은 없음. 모드로 설치해야함. 처음엔 아무것도 몰라서 모드 이것저것 설치 후 가장 쉬운 난이도로 시작. 세계 눌러서 다른 퀘스트 지역으로 가는 방법 몰라서 유튜브 보고 앎. 림들 순서 바꾸는 방법도 몰랐는데 유튜브 보고 앎. 수술해야하는 지도 몰랐는데 림들이 이곳저곳이 없어서 유튜브 보고 수술시켜줌. -모르면 유튜브를 참고하자.- 마치 내가 신이 되어 인간을 조종하는 느낌임. 정말 시간가는 줄도 모르고 하게되고 오전 12시 취침, 오전 7시 기상 루틴이 오전","프리 즌 아키텍트 의 인간 키우기 버전 같아서 삼 . 비슷하긴 하나 화장실 은 없음 . 모드 로 설치 해야 함 . 처음 엔 아무 것 도 몰라서 모드 이 것 저 것 설치 후 가장 쉬운 난이도 로 시작 . 세계 눌러서 다른 퀘스트 지역 으로 가는 방법 몰라서 유튜브 보고 앎 . 림 들 순서 바꾸는 방법 도 몰랐는데 유튜브 보고 앎 . 수술 해야하는 지도 몰랐는데 림 들 이 이 곳 저 곳 이 없어서 유튜브 보고 수술 시켜 줌 . - 모르면 유튜브 를 참고 하자 .- 마치 내 가 신 이 되어 인간 을 조종 하는 느낌 임 . 정말 시간 가는 줄 도 모르고 하게되 고 오전 12시 취침 , 오전 7시 기상 루틴 이 오전",2020-06-26 16:39:35
294100,RimWorld,positive,아 좆디좆덤 개새끼,아 좆디좆덤 개새끼,2020-06-26 05:17:08
294100,RimWorld,positive,꼭 하세요. 2번 하세요.,꼭 하세요 . 2 번 하세요 .,2020-06-25 20:54:28
294100,RimWorld,positive,진입장벽이 있는 편인데 진입장벽만 넘으면 완벽한 게임임,진입 장벽 이 있는 편 인데 진입 장벽 만 넘으면 완벽한 게임 임,2020-06-25 20:08:29
294100,RimWorld,positive,뭐야 내 시간 돌려줘요,뭐 야 내 시간 돌려줘요,2020-06-25 19:34:57
294100,RimWorld,positive,재밌는 게임입니다... 만.. 아직까지 모르는 게임입니다... 예~~~~~~~~전에 사놓고서 깔짝깔짝 대다가 지금 다시 생각 나서 하는 중이데... 하나도 모르겠어요.... 뭔가 그저 바쁜...?? 내 콜로니(?)는 사람이 많이오고 자주 내분일어나서 터지고.. 밭주기 못 참아서 굶어죽고.. 아주그냥 난리났네요... 이것도 산소미퐇ㅁ처럼 8백여시간 찍으면 그 때쯤 아.. 하면서 깨달을 듯...,재밌는 게임 입니다 ... 만 .. 아직 까지 모르는 게임 입니다 ... 예 ~~~~~~~~ 전 에 사놓고서 깔짝깔짝 대 다가 지금 다시 생각 나서 하는 중이 데 ... 하나 도 모르겠어요 .... 뭔가 그저 바쁜 ...?? 내 콜로니 (?) 는 사람 이 많이 오 고 자주 내분 일어나서 터지고 .. 밭 주기 못 참아서 굶어 죽고 .. 아주 그냥 난리 났네요 ... 이 것 도 산소 미퐇 ㅁ 처럼 8 백여 시간 찍으면 그 때 쯤 아 .. 하면서 깨달 을 듯 ...,2020-06-25 01:04:52
294100,RimWorld,positive,존잼,존잼,2020-06-24 19:21:06
294100,RimWorld,positive,취향 맞는 사람에게는 최고의 시뮬레이션 게임. 팩토리오나 산소미포함같은 자동화에 익숙하다면 매우 추천,취향 맞는 사람 에게는 최고 의 시뮬레이션 게임 . 팩토리 오 나 산소 미 포함 같은 자동화 에 익숙하다면 매우 추천,2020-06-23 20:49:23
294100,RimWorld,positive,이 게임이 자신에게 맞는지 확인하기에 2시간은 너무 짧다. 자칫 몰입이라도 하는 순간 인생이 사라질 수 있으니 그것만은 주의할 것,이 게임 이 자신 에게 맞는지 확인 하기에 2시간 은 너무 짧다 . 자칫 몰입 이라도 하는 순간 인생 이 사라질 수 있으니 그것 만은 주의 할 것,2020-06-23 20:20:55
294100,RimWorld,positive,good,good,2020-06-23 11:49:37
294100,RimWorld,positive,"스팀할인마의 힘에 굴복하지않는 겜 할인을 기다리는 당신 포기하십시오 2020/6/29 2020년 여름, 잊지 못하는 기억이 당신을 괴롭힌다. 림월드 10% 세일","스팀 할인 마 의 힘 에 굴복 하지 않는 겜 할인 을 기다리는 당신 포기 하십시오 2020/6 / 29 2020년 여름 , 잊지 못 하는 기억 이 당신 을 괴롭힌다 . 림 월드 10% 세 일",2020-06-22 03:40:49
294100,RimWorld,positive,와 시1발 이거하느라 할일 다 까먹었음 11-26 아직도 하는 중 좀 무서움,와 시 1 발 이거하느라 할 일 다 까먹었음 11-26 아직도 하는 중 좀 무서움,2020-06-22 01:02:14
294100,RimWorld,positive,타임머신,타임머신,2020-06-21 22:32:17
294100,RimWorld,positive,아직 잘 모르겠네요 좀 더 해봐야 할듯,아직 잘 모르겠네요 좀 더 해봐야 할듯,2020-06-20 17:28:04
294100,RimWorld,positive,꿀잼 함 무봐,꿀잼 함 무 봐,2020-06-20 04:08:16
294100,RimWorld,positive,린민 로동 시뮬레이터,린민 로동 시뮬레이터,2020-06-19 21:00:47
294100,RimWorld,positive,따봉,따 봉,2020-06-19 15:10:06
294100,RimWorld,positive,good,good,2020-06-18 23:37:15
294100,RimWorld,positive,불나는거 과소평가하지 마셈...천둥 크게 몇번치더니 터렛 다터지고 모든인원 다 달려듬...,불나는거 과소 평가 하 지 마셈 ... 천둥 크게 몇번 치더니 터렛 다 터지고 모든 인원 다 달려듬 ...,2020-06-17 21:35:08
294100,RimWorld,positive,이게 인생이지 인생왜삼?,이 게 인생 이지 인생 왜삼 ?,2020-06-17 16:38:57
294100,RimWorld,positive,중독성 쩐다,중독 성 쩐다,2020-06-15 13:16:32
294100,RimWorld,positive,시간가는줄 모르는게임,시간 가는줄 모르는 게임,2020-06-15 10:39:17
294100,RimWorld,positive,다람쥐에게 물려죽는 성인남성전사,다람쥐 에게 물려 죽는 성인 남성 전사,2020-06-14 20:28:23
294100,RimWorld,positive,"""와! 분명 어제까지 제 옆방에서 잠을자고있었던 동료가 이제는 내 엉덩이를 받쳐줄 소파가 되어있네요!""",""" 와 ! 분명 어제 까지 제 옆방 에서 잠 을 자고있었던 동료 가 이제 는 내 엉덩이 를 받쳐줄 소파 가 되어있네요 !""",2020-06-14 18:37:36
294100,RimWorld,positive,인생을 갈아넣어,인생 을 갈아 넣어,2020-06-14 06:14:22
294100,RimWorld,positive,꿀잼,꿀잼,2020-06-13 23:53:06
294100,RimWorld,positive,아직 많이 못해봐서 더 해봐야 알거같네요,아직 많이 못 해봐서 더 해봐야 알거 같네요,2020-06-13 22:35:39
294100,RimWorld,positive,크라우펀딩부터 참여했는 기대보다훨씬더잘나온게임임,크라우펀딩 부터 참여 했는 기대 보다 훨씬 더 잘나온 게임 임,2020-06-13 16:08:20
294100,RimWorld,positive,4일 했는데 40시간 설명 필요? -------------------- 이 게임 봉인함 켜면 다른거 아무것도 못함,4일 했는데 40시간 설명 필요 ? -------------------- 이 게임 봉인 함 켜면 다른거 아무 것 도 못 함,2020-06-13 06:25:49
294100,RimWorld,positive,굿굿,굿굿,2020-06-10 16:33:12
294100,RimWorld,positive,그냥 재미있어 해.,그냥 재미있어 해 .,2020-06-09 22:09:35
294100,RimWorld,positive,"아 너무 재밌다. 모드 쓰면 더 재밌다. 한국군 33인 1개 소대 컨셉으로 하다가 이병장의 꼬장질과 김소위의 무능함, 벌레와 기계 공격에 이등병과 통신병, 부소대장 빼고 전멸했다.","아 너무 재밌다 . 모드 쓰면 더 재밌다 . 한국 군 33 인 1 개 소대 컨셉 으로 하다가 이 병장 의 꼬장질 과 김 소위 의 무능함 , 벌레 와 기계 공격 에 이등병 과 통신병 , 부소 대장 빼고 전멸 했다 .",2020-06-09 21:53:53
294100,RimWorld,positive,할인해줄 때까지 숨 참고 있었는데 이걸 국가가 이 악물고 강제로 인공호흡기를 달아주네 ㅋㅋㅋㅋㅋ 국가로 인해 버린 시간은 군머로 끝일줄 알았는데 군머보다 더 한걸 시켜버리네 ㄹㅇㄹㄷㄱ 랜극철 탈출 인원 만큼 타이난 모근 빠지기 vs 사망 인원만큼 재생되기 딱 기다려라 미래의 머머리 자식아 그리고 살려줘.. 형? 할인은 없다며?,할인 해줄 때 까지 숨 참고 있었는데 이 걸 국가 가 이 악물고 강제 로 인공호흡 기를 달아주네 ㅋㅋㅋㅋㅋ 국가 로 인해 버린 시간 은 군머 로 끝일 줄 알았는데 군머 보다 더 한 걸 시켜 버리네 ㄹㅇㄹㄷㄱ 랜극철 탈출 인원 만큼 타이난 모근 빠지기 vs 사망 인원 만큼 재생 되기 딱 기다려라 미래 의 머 머리 자식 아 그리고 살려줘 .. 형 ? 할인 은 없다며 ?,2020-06-07 12:51:42
294100,RimWorld,positive,잼슴. 근데 모드 없으면 어려움.,잼슴 . 근데 모드 없으면 어려움 .,2020-06-06 08:25:03
294100,RimWorld,positive,나체주의자가 인간가죽파카를 입으면 옷을 입은걸까 입지 않은걸까?,나체 주의자 가 인간 가죽 파카 를 입으면 옷 을 입은 걸까 입지 않은걸 까 ?,2020-06-06 01:05:33
294100,RimWorld,positive,림을 소모품 으로 쓸땐 기지건설 전략 생존 게임 림에 애정을 주고 나면 세기말 막장 드라마 시뮬레이션 이거하다 지겨우면 켄시하고 켄시하다 지겨우면 돌아오는 무한루프로 혐생 깔쌈하게 던져버리기 가능 쌉가능,림 을 소모품 으로 쓸 땐 기지 건설 전략 생존 게임 림 에 애정 을 주고 나면 세기말 막장 드라마 시뮬레이션 이 거 하 다 지겨우면 켄시 하고 켄시 하 다 지겨우면 돌아오는 무한 루프 로 혐생 깔 쌈하게 던져 버리기 가능 쌉 가능,2020-06-05 18:19:33
294100,RimWorld,positive,게임 모드 중에 마약 관련 모드가 있다. 하지만 난 그 모드를 설치 하지 않았다. 이미 난 마약에 중독되어 있었다.,게임 모드 중 에 마약 관련 모드 가 있다 . 하지만 난 그 모드 를 설치 하지 않았다 . 이미 난 마약 에 중독 되어 있었다 .,2020-06-05 06:26:06
294100,RimWorld,positive,그저 갓겜,그저 갓 겜,2020-06-04 20:41:22
294100,RimWorld,positive,와 ! 대한민국 정부에서 스팀도 검열한다 ! 림월들도 포함 ! 와 유사 공산국가,와 ! 대한민국 정부 에서 스팀 도 검열 한다 ! 림월 들 도 포함 ! 와 유사 공산 국가,2020-06-04 19:03:34
294100,RimWorld,positive,내 한달 어디감?,내 한 달 어디 감 ?,2020-06-04 18:32:49
294100,RimWorld,positive,집안에서 화염병을 던지지 말았어야했다,집안 에서 화염병 을 던지지 말았어야 했다,2020-06-04 14:11:10
294100,RimWorld,positive,비빌만한 시간은 아니라서 딱히 평가를 못내리겠음 타이난 놈 지금까지 욕했는데 한국 심사해준다고 답변왔으니 이제 욕안함,비빌만 한 시간 은 아니라서 딱히 평가 를 못 내리겠음 타이난 놈 지금 까지 욕 했는데 한국 심사 해준다고 답변 왔으니 이제 욕 안함,2020-06-04 12:14:26
294100,RimWorld,positive,빨리 사십시오 이 게임은 국내 심의를 받지 않았으므로 상점에서 내려갈 위험이 있습니다.,빨리 사십 시오 이 게임 은 국내 심의 를 받지 않았으므로 상점 에서 내려갈 위험 이 있습니다 .,2020-06-04 11:26:19
294100,RimWorld,positive,2시간 한 줄 알았는데 20시간을 했네요,2시간 한 줄 알았는데 20시간 을 했네요,2020-06-03 22:12:59
294100,RimWorld,positive,개발자 씨새발끼야 할인 쳐 안한대매,개발자 씨 새 발끼 야 할인 쳐 안 한 대매,2020-06-03 12:30:17
294100,RimWorld,positive,제 시간 돌려주세요,제 시간 돌려주세요,2020-06-02 13:00:38
294100,RimWorld,positive,랜디 씨발놈아,랜디 씨발 놈 아,2020-06-02 05:22:30
294100,RimWorld,positive,랜극철 그것은 진리.,랜극철 그것 은 진리 .,2020-06-02 01:32:00
294100,RimWorld,positive,정말 취향도 맞고 게임성도 좋은 게임 수 많은 앞서해보기 게임들이 본받아야하는 게임,정말 취향 도 맞고 게임 성도 좋은 게임 수 많은 앞서 해보기 게임 들 이 본받아야하는 게임,2020-06-01 20:33:28
294100,RimWorld,positive,r굳,r 굳,2020-06-01 19:38:18
294100,RimWorld,positive,어렵다는 말에 쫄지 말고 해보시길. 유튜브 검색해서 초보 강의 영상 찾아보고 나면 그 다음부터는 자신을 괴롭히는 새디스트가 되어있을 것이다,어렵다는 말 에 쫄 지 말고 해보시길 . 유튜브 검색 해서 초보 강의 영상 찾아보고 나면 그 다음 부터는 자신 을 괴롭히는 새 디스 트 가 되어있을 것 이다,2020-06-01 01:11:02
294100,RimWorld,positive,평소에 잘 살다가 순식간에 나락으로 떨어져 인육 뜯어먹는 게임,평소 에 잘 살다가 순식간 에 나락 으로 떨어져 인육 뜯어 먹는 게임,2020-05-31 18:42:51
294100,RimWorld,positive,잼,잼,2020-05-31 07:27:42
294100,RimWorld,positive,첫 우주선 보내고 난 후에 느낌이 색다르네요 재밌습니다.,첫 우주선 보내고 난 후 에 느낌 이 색다르네요 재밌습니다 .,2020-05-31 01:45:04
294100,RimWorld,positive,꿀잼,꿀잼,2020-05-30 20:44:05
294100,RimWorld,positive,"(리뷰는 아니지만 엔딩 음악을 듣고 림월드에 대한 생각을 블로그에 쓰다 여기도 남겨요) 우리는 운명처럼 만나 세상의 모퉁이로 떨어졌습니다 시작은 너무나 가혹했고 풍족하지 않았지만 같이한 시간은 행복했고 아픔과 슬픔도 있었지만 간직하고 싶은 나날이었습니다 우리는 친구였고, 동료였고, 가족이었고, 미움이었고, 사랑이었고, 아픔이었고, 기쁨이었습니다 오늘 처음 출발한 곳으로 우리는 떠납니다 처음과 끝의 위치는 같지만, 우리가 공유했던 시간은 지워지지 않는 추억이 되어 앞으로의 다른 삶에서 별처럼 빛날 것입니다 잘 있","( 리뷰 는 아니지만 엔딩 음악 을 듣고 림 월드 에 대한 생각 을 블로그 에 쓰다 여기 도 남겨요 ) 우리 는 운명 처럼 만나 세상 의 모퉁이 로 떨어졌습니다 시작 은 너무나 가혹했고 풍족하지 않았지만 같이한 시간 은 행복했고 아픔 과 슬픔 도 있었지만 간직 하고 싶은 나날 이었습니다 우리 는 친구 였고 , 동료 였고 , 가족 이었고 , 미움이었고 , 사랑 이었고 , 아픔이었고 , 기쁨이었습니다 오늘 처음 출발 한 곳 으로 우리 는 떠납니다 처음 과 끝 의 위치 는 같지만 , 우리 가 공유 했던 시간 은 지워지지 않는 추억 이 되어 앞 으로의 다른 삶 에서 별처럼 빛날 것 입니다 잘 있",2020-05-29 21:35:56
294100,RimWorld,positive,전 별로 오래 안한 사람입니다,전 별로 오래 안 한 사람 입니다,2020-05-29 16:05:25
294100,RimWorld,positive,나만 당할수없다 무조건사라 시간 순삭잼.,나 만 당할수 없다 무조건 사라 시간 순삭 잼 .,2020-05-29 07:25:10
294100,RimWorld,positive,팀게임에서빡치면 이게임하면 힐링됨,팀 게임 에서 빡치면 이 게임 하 면 힐링 됨,2020-05-29 05:08:47
294100,RimWorld,positive,개꿀잼,개꿀잼,2020-05-28 12:00:17
294100,RimWorld,positive,게임플레이 영상 보면 재밌어보여서 샀는데 막상 내가 하니 시뮬레이션 전략 이런걸 잘 못해서 좀만 하다 금방 죽어버리거나 내가 기껏 만든 것들 날라가고 그럴때 현타 오지게 오더라 문명 5 게임 했을때도 이거랑 비슷한 느낌 받았음. 그렇다고 재미 없는 게임이라든가 추천하지 않을 게임은 아님. 다만 평가에 비해 나같이 생각보다 안맞을 수 있다는 뜻.,게임 플레이 영상 보면 재밌어 보 여서 샀는데 막상 내 가 하니 시뮬레이션 전략 이런 걸 잘 못 해서 좀 만 하다 금방 죽어 버리거나 내 가 기껏 만든 것 들 날라가고 그럴 때 현 타 오지 게 오더라 문명 5 게임 했을 때 도 이 거 랑 비슷한 느낌 받았음 . 그렇다고 재미 없는 게임 이 라든가 추천 하지 않을 게임 은 아님 . 다만 평가 에 비해 나 같이 생각 보다 안 맞을 수 있다는 뜻 .,2020-05-28 05:28:53
294100,RimWorld,positive,자유도 높은 생존 경영 시뮬레이션 게임! 난이도가 극강으로 높아지는 걸 원하시면 로열티 DLC도 사세요. MECHANOID CLUSTER,자유도 높은 생존 경영 시뮬레이션 게임 ! 난이도 가 극 강 으로 높아지는 걸 원하시면 로열티 DLC 도 사세요 . MECHANOID CLUSTER,2020-05-28 04:17:33
294100,RimWorld,positive,고마워 미도리 야생에서 열심히 살아가렴,고마워 미도리 야생 에서 열심히 살아가렴,2020-05-28 00:26:51
294100,RimWorld,positive,미친겜임. 다운받지 마셈 내 시간 날아감 다운받은지 한달은 넘었나? 플레이타임보셈.. 뭐 하는거 없는데 내 밥 안먹고 림들 밥멕이고 나 안자고 림들 잠재우는 게임 인생 대체 가능 다운 받은 후 최장 노 접속 시간 4일이네 돌았음 ㄹㅇㅋㅋ,미친 겜임 . 다운 받지 마셈 내 시간 날아감 다운 받은지 한 달 은 넘었나 ? 플레이 타임 보셈 .. 뭐 하는거 없는데 내 밥 안 먹고 림 들 밥멕 이고 나 안자고 림 들 잠재우는 게임 인생 대체 가능 다운 받은 후 최 장 노 접속 시간 4일 이네 돌았음 ㄹㅇㅋㅋ,2020-05-27 23:05:43
294100,RimWorld,positive,난이도 쉽게 설정하면 튜토리얼 정도만 해도 재밌게 즐길수있음. 너무 쉽지도 않고 적절한 긴장감을 느끼게됨 하면서 흥미 느끼면 커뮤니티같은데 찾아가서 정보 얻고 하면 나같은 돌대가리도 난이도 올려가면서 할 수 있음. 모드도 많다고 하니 진짜 플레이타임 족히 300시간은 그냥 넘길것같음. 지금 200시간했는데 바닐라 모드만해도 너무 꿀잼임. 회차 늘어갈수록 어떻게 시스템을 이용해야될지 잘 알게되고 계속 해도 처음보는 이벤트가 꾸준히 발생해서 하면할수록 새로움. 나같이 게임 컨텐츠 하나하나 천천히 즐기면서 하는 스타일이면 무조건 추천함,난이도 쉽게 설정 하면 튜토리얼 정도 만 해도 재밌게 즐길수있음 . 너무 쉽지도 않고 적절한 긴장감 을 느끼게 됨 하면서 흥미 느끼면 커뮤니티 같은데 찾아가서 정보 얻고 하면 나 같은 돌대가리 도 난이도 올려가면서 할 수 있음 . 모드 도 많다고 하니 진짜 플레이 타임 족 히 300시간 은 그냥 넘길것 같음 . 지금 200시간 했는데 바닐라 모드 만해 도 너무 꿀잼임 . 회차 늘어 갈수록 어떻게 시스템 을 이용 해야 될지 잘 알 게 되고 계속 해도 처음 보는 이벤트 가 꾸준히 발생 해서 하면 할수록 새 로움 . 나 같이 게임 컨텐츠 하나 하나 천천히 즐기면서 하는 스타일 이면 무조건 추천 함,2020-05-27 21:34:52
294100,RimWorld,positive,다시돌아오게되는 게임 이거만한게없음,다시 돌아오게 되는 게임 이 거만한게 없음,2020-05-27 11:12:13
294100,RimWorld,positive,"이 게임을 하면서 느끼는 것 긍정적 다양한 지형을 통해 각기각색의 기지 건설 가능 디펜스를 통한 긴장감 형성 및 전략을 요함 다양한 컨셉플레이 가능 (예 : 근접무기만 쓰기, 초월개조) 모드를 통한 다양한 컨텐츠 확장 부정적 이쯤되면 전기가 빵빵한걸? 흑점폭발 이야! 드디어 다른팩션의 침략을 수월하게 막을 수 있어! 메카노이드 나는 안전하게 동굴안에서 살꺼야! 버ㅓㅓㅓㅓㅓㅓㅓㅓㅓㅓㅓㅓ얼레 나는 모드를 깔아서 컨셉을 잡을꺼야! 와우! 친구들! 모드충돌이야","이 게임 을 하면서 느끼는 것 긍정 적 다양한 지형 을 통해 각 기 각색 의 기지 건설 가능 디펜스 를 통한 긴장감 형성 및 전략 을 요 함 다양한 컨셉 플레이 가능 ( 예 : 근접무기 만 쓰기 , 초월 개조 ) 모드 를 통한 다양한 컨텐츠 확장 부정 적 이쯤 되면 전기 가 빵빵 한 걸 ? 흑점 폭발 이야 ! 드디어 다른 팩션 의 침략 을 수월하게 막 을 수 있어 ! 메 카노 이드 나 는 안전하게 동굴 안 에서 살꺼야 ! 버 ㅓㅓㅓㅓㅓㅓㅓㅓㅓㅓㅓㅓ 얼레 나 는 모드 를 깔아서 컨셉 을 잡을꺼야 ! 와우 ! 친구 들 ! 모드 충돌 이야",2020-05-27 06:25:55
294100,RimWorld,positive,3일만에 30시간 사라짐 사지마세여,3일 만에 30시간 사라짐 사지 마세여,2020-05-27 00:35:08
294100,RimWorld,positive,단저:비쌈 장점:미치게 재미있음^^,단 저 : 비쌈 장점 : 미치게 재미있음 ^^,2020-05-26 19:55:14
294100,RimWorld,positive,.,.,2020-05-26 14:08:52
294100,RimWorld,positive,2시간한줄 알았는데 7시간함,2시간 한줄 알았는데 7시간 함,2020-05-26 07:10:49
294100,RimWorld,positive,깊은 빡침으로 인해 게임을 떠나도 언젠가 다시 돌아오는 마성의 게임 그리고 언제나 같이 또 빡쳐서 끄겠지,깊은 빡침으로 인해 게임 을 떠나도 언젠가 다시 돌아오는 마 성의 게임 그리고 언제나 같이 또 빡쳐서 끄겠지,2020-05-25 23:57:05
294100,RimWorld,positive,"홀리 쉣! 생존,전쟁,탈출 다하고 나서 모드 깔고 능력치 퍼센트 조작 2000%만들어서 습격오면 완전 무쌍 찍고 있는디.. ㅋㅋㅋㅋㅋㅋㅋㅋㅋㅋ.... 그냥 해도 꿀잼인디 모드깔고하니까 정말 더 명작이다..","홀리 쉣 ! 생존 , 전쟁 , 탈출 다 하고 나서 모드 깔고 능력 치 퍼센트 조작 2000% 만들어서 습격 오면 완전 무쌍 찍고 있는디 .. ㅋㅋㅋㅋㅋㅋㅋㅋㅋㅋ .... 그냥 해도 꿀 잼인디 모드 깔고하니까 정말 더 명작 이다 ..",2020-05-25 20:00:54
294100,RimWorld,positive,모드 1개 추가할때마다 새로운 게임을 하는 느낌이다. 갓겜.,모드 1 개 추가 할 때 마다 새로운 게임 을 하는 느낌 이다 . 갓 겜 .,2020-05-25 06:47:47
294100,RimWorld,positive,타임머신,타임머신,2020-05-24 11:33:13
294100,RimWorld,positive,/b,/ b,2020-05-23 20:02:27
294100,RimWorld,positive,몰입할수록 빠져드는게임,몰입 할수록 빠져드는 게임,2020-05-23 19:57:49
294100,RimWorld,positive,이런거 하지말고 다른 생산적인거 해,이런거 하지말고 다른 생산 적 인거 해,2020-05-23 19:19:03
294100,RimWorld,positive,음 아직 모르겠네요 조금 더 해봐야겠네요.,음 아직 모르겠네요 조금 더 해봐야겠네요 .,2020-05-23 17:40:14
294100,RimWorld,positive,인생게임. 하다가 질려도 좀쉬고오면 다시하게 됨. 모드도 많아서 새로운 모드 나올때마다 늘 새로움.,인생게임 . 하다가 질려도 좀 쉬고오면 다시 하게 됨 . 모드 도 많아서 새로운 모드 나올 때 마다 늘 새 로움 .,2020-05-23 00:34:19
294100,RimWorld,positive,"시간 순삭, ~에서 살아남기 같은거 좋아하시는 분은 후회 안 하실겁니다. 재밌어요.","시간 순삭 , ~ 에서 살아남기 같은거 좋아하시는 분 은 후회 안 하실 겁니다 . 재밌어요 .",2020-05-22 20:24:48
294100,RimWorld,positive,경제적으로 여유 있으시거나 은퇴해서 할 일 없으신 분들이 하시면 좋습니다. 우주선 엔딩 말고 잔존하신다면 림보다 먼저 관에 들어가실 겁니다.,경제 적 으로 여유 있으시거나 은퇴 해서 할 일 없으신 분 들 이 하시면 좋습니다 . 우주선 엔딩 말고 잔존 하신다면 림보 다 먼저 관 에 들어가실 겁니다 .,2020-05-22 13:05:08
294100,RimWorld,positive,어썸게임,어썸 게임,2020-05-22 12:48:18
294100,RimWorld,positive,게임이 쉽지는 않음. 초보자는 게임 시작 시 각종 옵션을 정해두고 할 수 있으니 너무 겁먹지 않아도 됨 어느정도 익숙해지면 다양한 모드를 적용해서 해보길,게임 이 쉽지는 않음 . 초보자 는 게임 시작 시 각종 옵션 을 정해 두고 할 수 있으니 너무 겁 먹지 않아도 됨 어느 정도 익숙해지면 다양한 모드 를 적용 해서 해보길,2020-05-21 21:13:23
294100,RimWorld,positive,5일차인데 재밌네요,5일 차인데 재밌네요,2020-05-21 19:46:55
294100,RimWorld,positive,"[h1] Gameplay 게임플레이 [/h1] ☐ Very good 매우 좋음 🗹 Good 좋음 ☐ It‘s just gameplay 그냥 게임이야 ☐ Mehh 별로다 ☐ Watch paint dry instead 차라리 페인트가 마르는걸 보는게 낫다 ☐ Just don't 그냥 하지마 콜로니를 건설하고, 림(게임내 콜로니 구성원)들의 역할을 분배해주어 적의 습격, 질병, 물자 부족 등 각종 고난을 헤쳐나가는 게임입니다. 콜로니 설계의 자유도가 높고 난이도 조절도 자유롭습니다. 진행도중","[ h 1 ] Gameplay 게임 플레이 [/ h 1 ] ☐ Very good 매우 좋음 🗹 Good 좋음 ☐ It ‘ s just gameplay 그냥 게임 이야 ☐ Mehh 별로 다 ☐ Watch paint dry instead 차라리 페인트 가 마르는걸 보는게 낫다 ☐ Just don ' t 그냥 하지마 콜로니 를 건설 하고 , 림 ( 게임 내 콜로니 구성원 ) 들의 역할 을 분배 해주어 적의 습격 , 질병 , 물자 부족 등 각종 고난 을 헤쳐 나가는 게임 입니다 . 콜로니 설계 의 자유도 가 높고 난이도 조절 도 자유롭습니다 . 진행 도중",2020-05-21 13:50:30
294100,RimWorld,positive,즐겁다,즐겁다,2020-05-20 23:46:54
294100,RimWorld,positive,"무한한 상상력과 모험심, 그리고 배덕감을 자극합니다.","무한 한 상상력 과 모험심 , 그리고 배덕감 을 자극 합니다 .",2020-05-20 17:37:26
294100,RimWorld,positive,ㄹㅇ ㅋㅋㅋ,ㄹㅇ ㅋㅋㅋ,2020-05-20 13:21:53
294100,RimWorld,positive,아침에 처음 시작했는데 정신차려보니 다음날 새벽이었음. (선물해준 샤워맨에게 감사),아침 에 처음 시작 했는데 정신차려 보니 다음 날 새벽 이었음 . ( 선물 해준 샤워 맨 에게 감사 ),2020-05-19 21:07:51
294100,RimWorld,positive,빠져든다,빠져든다,2020-05-19 18:38:35
294100,RimWorld,positive,가끔 꼬운거 빼곤 다좋음,가끔 꼬운거 빼곤 다 좋음,2020-05-19 09:14:40
294100,RimWorld,positive,게임이 어렵다면 개발자 모드를 키세요 하지만 그러면 게임이 가진 본래의 맛을 잊어버리게 될것입니다. 광란 개객기야!!!!,게임 이 어렵다면 개발자 모드 를 키세 요 하지만 그러면 게임 이 가진 본래 의 맛 을 잊어버리게 될것 입니다 . 광란 개객기 야 !!!!,2020-05-18 17:54:32
294100,RimWorld,positive,잘나가다가 한번 삐끗하면 폭항하는데 오기생겨서 계속 하게 만드는 게임,잘나가다가 한번 삐끗 하면 폭 항하 는 데 오기 생겨서 계속 하게 만드는 게임,2020-05-18 17:38:04
294100,RimWorld,positive,불친절한 튜토리얼을 뛰어넘고 적응에 성공한다면 시간 미친듯이 갈려나감,불친절한 튜토리얼 을 뛰어넘고 적응 에 성공한다면 시간 미친듯이 갈려 나감,2020-05-18 12:04:34
294100,RimWorld,positive,국룰 : 11x11,국룰 : 11 x 11,2020-05-18 09:54:40
294100,RimWorld,positive,인류 역사상 최고의 게임,인류 역사상 최고 의 게임,2020-05-18 00:38:16
294100,RimWorld,positive,튜토리얼이 안끝나요,튜토리얼 이 안 끝나요,2020-05-17 21:03:54
294100,RimWorld,positive,언제 다시해도 재미있는 갓겜 정가주고산걸 한번도 후회해본 적이 없다,언제 다시 해도 재미있는 갓 겜 정가 주 고산 걸 한번 도 후회 해본 적 이 없다,2020-05-17 17:04:06
294100,RimWorld,positive,"림에게 너무 많은 정을 주지 마십시오,,, 저는 너무 많이 줘버렸나봅니다 처음 시작할 때부터 같이 있던 림이 불시착한 어머니를 구하러 갔다가 병에 걸려 죽었던 날, 한참동안 현타 느끼고 지금도 못들어가고 있네요","림 에게 너무 많은 정 을 주지 마십시오 ,,, 저 는 너무 많이 줘 버렸나 봅니다 처음 시작 할 때 부터 같이 있던 림 이 불시 착한 어머니 를 구 하러 갔다가 병 에 걸려 죽었던 날 , 한참 동안 현 타 느끼고 지금 도 못 들어가고 있네요",2020-05-17 16:21:12
294100,RimWorld,positive,존잼,존잼,2020-05-17 14:58:02
294100,RimWorld,positive,"인터페이스가 쓰레기라 모드 설치 강요하고, 난이도가 병신이라 항상 킬존 플레이를 해야함 무드 시스템도 쓰레기라 앉아서 밥먹었다고 -4무드, 총 들었다고 -20무드, 지 애비애미 뒤진거보다도 슬퍼함.. 정착지에선 항상 사랑과 전쟁을 찍질 않나 전부인에 부인에 애인에 불륜에.. 50살 먹은 림이 5살 처럼 행동하며 하루라도 케어를 안해주면 정착지가 개 박살나는 경험을 할 수 있다. 변방계 행성에서 본인이 싸이코패스가 되는걸 경험하고 싶다면 추천한다.","인터페이스 가 쓰레기 라 모드 설치 강요 하고 , 난이도 가 병신 이라 항상 킬존 플레이 를 해야 함 무드 시스템 도 쓰레기 라 앉아서 밥 먹었다고 - 4 무드 , 총 들었다고 - 20 무드 , 지 애비 애 미 뒤진거보다도 슬퍼 함 .. 정착 지에선 항상 사랑 과 전쟁 을 찍질 않나 전 부인 에 부인 에 애인 에 불륜 에 .. 50 살 먹은 림 이 5 살 처럼 행동 하며 하루 라도 케어 를 안 해주면 정착 지 가 개 박살 나 는 경험 을 할 수 있다 . 변 방계 행성 에서 본인 이 싸이코패스 가 되는걸 경험 하고 싶다면 추천 한다 .",2020-05-17 07:44:46
294100,RimWorld,positive,드디어 림린이 탈출,드디어 림린 이 탈출,2020-05-17 00:15:31
294100,RimWorld,positive,장점:업데이트가 자주됨 단점:업데이트가 자주됨,장점 : 업데이트 가 자주 됨 단점 : 업데이트 가 자주 됨,2020-05-16 13:50:07
294100,RimWorld,positive,만약에 내가 극한의 고통을 받으면서 게임을 하는걸 좋아한다? : 극한-철인 난이도로 플레이 심즈처럼 아기자기하게 플레이 하면서 기지 꾸리는 거를 하고 싶다? : 취향 맞는 모드 깔고 쉬운 난이도에서 플레이 모든 사람들의 니즈를 맞출 수 있는 게임이라 생각합니다. 시간도 날려버리고요 이거를 계속 했다간 제 인생이 날라갈거 같아서 봉인했습니다 인생 2회차가 가능하다면 바로 이 게임 깔고 할겁니다,만약 에 내 가 극한 의 고통 을 받으면서 게임 을 하 는걸 좋아한다 ? : 극한 - 철인 난이도 로 플레이 심즈 처럼 아기자기하게 플레이 하면서 기지 꾸리는 거 를 하고 싶다 ? : 취향 맞는 모드 깔고 쉬운 난이도 에서 플레이 모든 사람 들 의 니 즈 를 맞출 수 있는 게임 이라 생각 합니다 . 시간 도 날려 버리고요 이 거 를 계속 했다간 제 인생 이 날라 갈거 같아서 봉인 했습니다 인생 2회 차가 가능하다면 바로 이 게임 깔고 할 겁니다,2020-05-16 12:15:24
294100,RimWorld,positive,개갓게a,개갓 게 a,2020-05-16 03:21:24
294100,RimWorld,positive,개 씨발 ㅈ망겜 딱한판만 더한다 +ㅆㅃ ㅆㅃㅆㅃㅆㅃ 곤충 ㅆㅃ,개 씨발 ㅈ 망겜 딱 한판만 더한다 + ㅆㅃ ㅆㅃㅆㅃㅆㅃ 곤충 ㅆㅃ,2020-05-16 00:31:21
294100,RimWorld,positive,조금만 하고 환불 할랬는데 왜 안되냐? 어이없네,조금 만 하고 환불 할랬는데 왜 안되냐 ? 어이없네,2020-05-15 20:32:02
294100,RimWorld,positive,재및음,재및음,2020-05-15 19:29:44
294100,RimWorld,positive,축하한다! 당신의 시간은 사라졌다!,축하 한다 ! 당신 의 시간 은 사라졌다 !,2020-05-15 18:15:20
294100,RimWorld,positive,아직 잘 모르겠음 좀 더 해봐야 할 듯,아직 잘 모르겠음 좀 더 해봐야 할 듯,2020-05-15 15:02:00
294100,RimWorld,positive,개같은 랜디 좆망겜 그래도 재밌다.,개 같은 랜디 좆망 겜 그래도 재밌다 .,2020-05-15 14:15:14
294100,RimWorld,positive,취향 맞으면 이런 갓겜이 없음,취향 맞으면 이런 갓 겜 이 없음,2020-05-15 11:36:43
294100,RimWorld,positive,많이 플레이하지않았지만 중독성있고 시간가는줄 모르게하는 매력이있습니다. 한번쯤은 해보시기를...,많이 플레이 하지 않았지만 중독 성 있고 시간 가는줄 모르게 하는 매력 이 있습니다 . 한번 쯤 은 해보시 기를 ...,2020-05-14 14:31:37
294100,RimWorld,positive,카극철하지마셈400시간하고첨깨봄 그러니까카극철하지마셈 ㅇㅋ?,카 극 철 하 지 마셈 400시간 하고첨깨봄 그러니까 카 극 철 하 지 마셈 ㅇㅋ ?,2020-05-14 10:23:41
294100,RimWorld,positive,당신의 인생을 변방계에 버리지 마세요,당신 의 인생 을 변 방계 에 버리지 마세요,2020-05-14 02:21:53
294100,RimWorld,positive,아직 얼마 안해봐서 좀더 해봐야지 무슨 게임인지 평가가 가능할것같아요.,아직 얼마 안 해봐서 좀더 해봐야지 무슨 게임 인지 평가 가 가능할것 같아요 .,2020-05-14 01:18:20
294100,RimWorld,positive,생존게임 좋아하고 그래픽이 상관없다면 정말 몰입감 있게 할수 있는 게임입니다.,생존 게임 좋아하고 그래픽 이 상관없다면 정말 몰입 감 있게 할수 있는 게임 입니다 .,2020-05-13 23:29:21
294100,RimWorld,positive,뭐야 내 시간 돌려줘요,뭐 야 내 시간 돌려줘요,2020-05-13 20:01:06
294100,RimWorld,positive,2주동안 80시간 했네... 진짜 타임머신이다.,2 주 동안 80시간 했네 ... 진짜 타임머신 이다 .,2020-05-13 00:34:07
294100,RimWorld,positive,처음보는 트럼보가 신기해서 사냥하려다 정착지 터짐 젠장,처음 보는 트럼보 가 신기해서 사냥 하려다 정착 지 터짐 젠장,2020-05-12 12:51:31
294100,RimWorld,positive,개쩜. 모드 추가하면 더 개쩜.,개쩜 . 모드 추가 하면 더 개쩜 .,2020-05-12 11:30:55
294100,RimWorld,positive,30일 플레이타임 115시간,30일 플레이 타임 115시간,2020-05-12 00:05:13
294100,RimWorld,positive,말이 필요읎숴요,말 이 필요읎숴 요,2020-05-11 21:58:39
294100,RimWorld,positive,"2일간 플레이 해봤는데, 정신을 차리면 항상 해가 떠오르네요","2일 간 플레이 해봤는데 , 정신 을 차리면 항상 해 가 떠오르네요",2020-05-11 12:49:22
294100,RimWorld,positive,인생 게임,인생 게임,2020-05-11 12:18:22
294100,RimWorld,positive,재밌음,재밌음,2020-05-11 07:49:10
294100,RimWorld,positive,하지마세요. 진짜로... 인생이 림월드가 됩니다... 멈출 수 없어요...,하지 마세요 . 진짜 로 ... 인생 이 림 월드 가 됩니다 ... 멈출 수 없어요 ...,2020-05-11 05:35:33
294100,RimWorld,positive,뭐야 내 시간 돌려줘요,뭐 야 내 시간 돌려줘요,2020-05-11 01:23:00
294100,RimWorld,positive,Game of my life,Game of my life,2020-05-11 01:10:22
294100,RimWorld,positive,뉴비라그런지 일시정지를 많이 누릅니다 가르침을 주십쇼..,뉴비 라 그런지 일 시 정지 를 많이 누릅니다 가르침 을 주 십 쇼 ..,2020-05-11 00:56:11
294100,RimWorld,positive,기가막힘,기 가 막힘,2020-05-11 00:07:31
294100,RimWorld,positive,아직도 안샀어?,아직도 안 샀어 ?,2020-05-10 23:32:32
294100,RimWorld,positive,아직 초반이라 많이 어렵네요,아직 초반 이라 많이 어렵네요,2020-05-10 23:13:22
294100,RimWorld,positive,이제 엔딩봤네 ^^ㅣ발,이제 엔딩 봤네 ^^ ㅣ 발,2020-05-10 17:50:58
294100,RimWorld,positive,지림,지림,2020-05-10 03:12:45
294100,RimWorld,positive,이제부터 당신은 플라스틱을 플라스틸로 착각할것입니다,이제 부터 당신 은 플라스틱 을 플 라 스틸 로 착각 할것 입니다,2020-05-10 02:42:17
294100,RimWorld,positive,갓겜,갓 겜,2020-05-09 11:34:18
294100,RimWorld,positive,시간이 살살녹는 게임입니다. Time melting game,시간 이 살살 녹는 게임 입니다 . Time melting game,2020-05-08 17:35:57
294100,RimWorld,positive,림월드를 플레이하지 않은 사람은 있어도 림월드를 한번만 한 사람은 없다.,림 월드 를 플레이 하지 않은 사람 은 있어도 림 월드 를 한번 만 한 사람 은 없다 .,2020-05-07 20:42:43
294100,RimWorld,positive,시간때우기 딱 좋습니다. 하지만 방심은 금물,시간 때우기 딱 좋습니다 . 하지만 방심 은 금물,2020-05-07 01:12:05
294100,RimWorld,positive,시간이 썩어나면 하길바란다 시험이나 입사 등등 중요한 일 앞에서는 금기시 해야한다 안그럼 망친다 컨셉잡고 하고 모드쓰고 하고 여러 방법대로 하다보면 수십회차하게 되고 어느새 몇백시간은 했을거다,시간 이 썩어나면 하길 바란다 시험 이나 입사 등등 중요한 일 앞 에서는 금기 시 해야 한다 안 그럼 망친다 컨셉 잡고 하고 모드 쓰고 하고 여러 방법 대로 하다 보면 수십 회 차하 게 되고 어느새 몇 백 시간 은 했을거다,2020-05-06 23:57:53
294100,RimWorld,positive,아 과제해야되는데 ㅎㅎㅎㅎ,아 과제 해야 되는데 ㅎㅎㅎㅎ,2020-05-06 21:54:43
294100,RimWorld,positive,게임이 너무 재밌음... 시간이 자꾸 사라짐. 인생도 사라짐.,게임 이 너무 재밌음 ... 시간 이 자꾸 사라짐 . 인생 도 사라짐 .,2020-05-06 19:56:12
294100,RimWorld,positive,처음 시작할 때는 알아야할 것도 많고 어렵지만 일단 적응하면 시간가는 줄도 모르고 함 문제는 모드 안깔면 불편한게 너무 많음 거의 필수인듯 그래도 이것만큼 재밌는겜 못 봤음,처음 시작 할 때 는 알 아 야할 것 도 많고 어렵지만 일단 적응하면 시간 가는 줄 도 모르고 함 문제 는 모드 안 깔면 불편한게 너무 많음 거의 필수 인 듯 그래도 이 것 만큼 재밌는 겜 못 봤음,2020-05-06 16:00:46
294100,RimWorld,positive,best of best of best of best just do it RimWorld,best of best of best of best just do it RimWorld,2020-05-06 03:42:46
294100,RimWorld,positive,림접 했다가 화석 발굴해서 했다...중독성이 너무 강한 게임이어서 나는 좀.....100점 만점에 1000점 드리겠습니다.,림접 했다가 화석 발굴 해서 했다 ... 중독 성 이 너무 강한 게임 이어서 나 는 좀 ..... 100 점 만점 에 1000 점 드리겠습니다 .,2020-05-05 23:55:12
294100,RimWorld,positive,시간 잘 감 모드 많음 조금 어려움,시간 잘 감 모드 많음 조금 어려움,2020-05-05 22:22:19
294100,RimWorld,positive,good,good,2020-05-05 12:18:28
294100,RimWorld,positive,별로안했는데 재밌네요,별 로안 했는데 재밌네요,2020-05-05 02:19:53
294100,RimWorld,positive,미친게임 시간가는지 모르겟음;;,미친 게임 시간 가는지 모르겟음 ;;,2020-05-05 02:08:43
294100,RimWorld,positive,개존잼임,개존잼임,2020-05-05 00:57:01
294100,RimWorld,positive,타임머신 가능게임 ㅋㅋ,타임머신 가능 게임 ㅋㅋ,2020-05-04 21:42:55
294100,RimWorld,positive,단순히 건설하고 생존하는것만이 끝이아니고 다른 부족이랑 전쟁하고 퀘스트하고 등등 할게 많아서 안질리는거같아요 그리고 하다보면 조작이라던지 하나하나가 잘만들었다고 생각됩니다. 그냥 존잼이에요 사세요,단순히 건설 하고 생존 하는것만이 끝 이 아니고 다른 부족 이랑 전쟁 하고 퀘스트 하고 등등 할게 많아서 안질리는거 같아요 그리고 하다 보면 조작 이라 던지 하나 하나 가 잘 만들었다고 생각 됩니다 . 그냥 존잼 이에요 사세요,2020-05-04 18:46:57
294100,RimWorld,positive,최고다!!,최고다 !!,2020-05-04 13:45:51
294100,RimWorld,positive,게임 사자마자 3일동안 32시간 했다 중독성 장난아니네,게임 사 자마자 3일 동안 32시간 했다 중독 성 장난 아니네,2020-05-04 01:38:52
294100,RimWorld,positive,반갑다 쇼파들아 ㅋ,반갑다 쇼파 들 아 ㅋ,2020-05-03 08:22:34
294100,RimWorld,positive,분명히 우주선타고 '탈출' 해야하는데 우주선이고 나발이고 '정착' 한 내 자신을 발견함,분명히 우주선 타고 ' 탈출 ' 해야하는데 우주선 이고 나발 이고 ' 정착 ' 한 내 자신 을 발견 함,2020-05-02 23:39:35
294100,RimWorld,positive,뭐야 내시간 어디갔어...,뭐 야 내 시간 어디 갔어 ...,2020-05-02 20:49:38
294100,RimWorld,positive,"아직 입문 단계지만 꽤나 유익한 게임입니다. 죽은 이도 자산이 될 수 있다는 것을 알려준 게임입니다. 기억하십시오, 침입자와 정착민은 모두 동일한 자산입니다. :) It's still introductory, but it's a pretty informative game. It's a game that tells us that the dead human can be an resource. Remember, invaders and settlers are all the same resources. :)","아직 입문 단계 지만 꽤 나 유익한 게임 입니다 . 죽은 이도 자산 이 될 수 있다는 것 을 알려 준 게임 입니다 . 기억 하십시오 , 침입 자 와 정착민 은 모두 동일한 자산 입니다 . :) It ' s still introductory , but it ' s a pretty informative game . It ' s a game that tells us that the dead human can be an resource . Remember , invaders and settlers are all the same resources . :)",2020-05-02 19:51:10
294100,RimWorld,positive,시간도 잘 가고 재미도 있습니다만 한글화가 이상합니다. 가끔 안된거면 괜찮은데 퀘스트 전체 내용이 번역이 안되어있거나 오히려 한두 단어만 어설프게 번역이 되어있어서 더 불편한 점이 있습니다.,시간 도 잘 가고 재미 도 있습니다만 한글화 가 이상합니다 . 가끔 안된거면 괜찮은데 퀘스트 전체 내용 이 번역 이 안되어있거나 오히려 한두 단어 만 어설프게 번역 이 되어있어서 더 불편한 점 이 있습니다 .,2020-05-02 11:34:29
294100,RimWorld,positive,이제 입문함..,이제 입문 함 ..,2020-05-01 21:15:44
294100,RimWorld,positive,[h1]갓겜[/h1],[ h 1 ] 갓 겜 [/ h 1 ],2020-05-01 19:10:43
294100,RimWorld,positive,~ 난이도 ~ 🔲 남녀노소 누구나 가능 🔲 쉬움 ✅ 보통 🔲 도전이 필요함 🔲 이게 게임이냐 ~ 그래픽 ~ 🔲 그림판 🔲 나쁨 🔲 별로 ✅ 그래픽이 별로 필요없는 게임 🔲 평범함 🔲 아름다움 🔲 걸작 ~ 스토리 ~ 🔲 스토리따윈 없음 🔲 최소한의 스토리 ✅ 있지만 별 의미없음 🔲 잘쓰여진 스토리 🔲 연구가 가능할 정도의 스토리 🔲 대서사시 ~ 플레이시간 ~ 🔲 커피한잔 마실시간 🔲 짧음 🔲 보통 🔲 길다 ✅ 무한 ~ MUSIC ~ 🔲 소음 덩어리 🔲 듣기싫지는 않지만 좋지도 않음 ✅ 듣기 좋게 어우러짐 🔲 인상적임 🔲,~ 난이도 ~ 🔲 남녀 노소 누구 나 가능 🔲 쉬움 ✅ 보통 🔲 도전 이 필요함 🔲 이 게 게임 이냐 ~ 그래픽 ~ 🔲 그림판 🔲 나쁨 🔲 별로 ✅ 그래픽 이 별로 필요없는 게임 🔲 평범함 🔲 아름다 움 🔲 걸작 ~ 스토리 ~ 🔲 스토리 따윈 없음 🔲 최소한 의 스토리 ✅ 있지만 별 의미 없음 🔲 잘 쓰여진 스토리 🔲 연구 가 가능할 정도 의 스토리 🔲 대 서사시 ~ 플레이 시간 ~ 🔲 커피한잔 마 실시간 🔲 짧음 🔲 보통 🔲 길다 ✅ 무한 ~ MUSIC ~ 🔲 소음 덩어리 🔲 듣기 싫지는 않지만 좋지도 않음 ✅ 듣기 좋게 어우러짐 🔲 인상 적임 🔲,2020-05-01 14:36:00
294100,RimWorld,positive,.,.,2020-05-01 05:53:00
294100,RimWorld,positive,제대로 해본다고 부족 5번 날려먹음,제대로 해본다고 부족 5 번 날려 먹음,2020-05-01 05:28:23
294100,RimWorld,positive,금수의 숲,금수 의 숲,2020-04-30 19:33:32
294100,RimWorld,positive,게임 사서 50시간 넘게 한 유일한 게임. 할인 절대 안하니까 그냥 사세요,게임 사서 50시간 넘게 한 유일한 게임 . 할인 절대 안 하니까 그냥 사세요,2020-04-30 18:46:12
294100,RimWorld,positive,분명 산지 삼일밖에안됬는데 뭐야 내시간 돌려줘요,분명 산지 삼일 밖에 안됬는데 뭐 야 내 시간 돌려줘요,2020-04-30 15:56:37
294100,RimWorld,positive,당신이 원하는 모든 컨셉 이곳에 있었더라~,당신 이 원하는 모든 컨셉 이 곳 에 있었더라 ~,2020-04-30 11:55:01
294100,RimWorld,positive,"약속이 있다면 알람맞추고 게임하세요! 물론 주말이거나 연차써서 쉬는날이면 각잡고 ㄱㄱ ================================================================================================ ㄹㅇ 기본적인 팁 1. 처음 시작캐릭터는 전반적인 밸런스를 맞추시는게 좋습니다. 기술이 높을수록 효율이 좋고, 가능한 작업이 늘어납니다. (저같은 경우엔 사격 격투 버리고 했습니다. 어차피 나중에 포탑깔건데 굳이 필요한가해서..) 2. 농사를 하되 주기적으로 동물을 사","약속 이 있다면 알람 맞추고 게임 하세요 ! 물론 주말 이 거나 연차 써서 쉬는 날이면 각 잡고 ㄱㄱ ================================================================================================ ㄹㅇ 기본 적 인 팁 1 . 처음 시 작 캐릭터 는 전반 적 인 밸런스 를 맞추시는게 좋습니다 . 기술 이 높을수록 효율 이 좋고 , 가능한 작업 이 늘어납니다 . ( 저 같은 경우 엔 사격 격투 버리고 했습니다 . 어차피 나중 에 포탑 깔건데 굳이 필요 한가해서 ..) 2 . 농사 를 하 되 주 기적 으로 동물 을 사",2020-04-30 00:33:12
294100,RimWorld,positive,이 겜 탈출겜 아님,이 겜 탈출 겜 아님,2020-04-30 00:11:43
294100,RimWorld,positive,good,good,2020-04-29 23:32:28
294100,RimWorld,positive,잼서용,잼 서 용,2020-04-29 16:21:54
294100,RimWorld,positive,존잼,존잼,2020-04-29 15:04:34
294100,RimWorld,positive,"게임을 플레이하면 시간이 사라지는걸 느낍니다.. 얼마 안한 것 같은데 어느새 시간이 순식간에 지나가있는거죠.. 모드를 설치하고, DLC까지 즐기고 있는데, 너무 재밌습니다. 중간에 다시시작을 여러번해서 아직 엔딩은 한번도 못봤지만요 ㅎㅎ","게임 을 플레이 하면 시간 이 사라지는걸 느낍니다 .. 얼마 안 한 것 같은데 어느새 시간 이 순식간 에 지나가있는거죠 .. 모드 를 설치 하고 , DLC 까지 즐기고 있는데 , 너무 재밌습니다 . 중간 에 다시 시작 을 여러 번해서 아직 엔딩 은 한번 도 못 봤지만 요 ㅎㅎ",2020-04-29 03:54:40
294100,RimWorld,positive,하나하나 뒤통수 맞아가면서 알아가는 맛이 욕나오는게 일품입니다. 꼭 철인으로 하셔서 되돌릴 수 없는 뒤통수의 화끈함을 함께 느끼시길 바랍니다. 언제쯤 되야 당황하지 않고 우주선을 찾으러 갈 수 있을까요?,하나 하나 뒤통수 맞아가면서 알아가는 맛 이 욕 나오는게 일품 입니다 . 꼭 철인 으로 하셔서 되돌릴 수 없는 뒤통수 의 화끈함을 함께 느끼시길 바랍니다 . 언제 쯤 되야 당황 하지 않고 우주선 을 찾으러 갈 수 있을까요 ?,2020-04-29 02:35:30
294100,RimWorld,positive,림을 (노예로)아껴주세요,림 을 ( 노예 로 ) 아껴주세요,2020-04-28 23:38:22
294100,RimWorld,positive,플레이를 하면 할 수록 새로워서 시간가는줄 모르게 했네요. 이 이유때문에 삭제했습니다.,플레이 를 하면 할 수록 새로워서 시간 가는줄 모르게 했네요 . 이 이유 때문 에 삭제 했습니다 .,2020-04-28 14:06:22
294100,RimWorld,positive,잼있음!,잼있음 !,2020-04-28 11:03:49
294100,RimWorld,positive,기분좋아요 특히 생체실험해서 주위사람들이 기분 떨어질 때,기분 좋아요 특히 생체실험 해서 주위 사람 들 이 기분 떨어질 때,2020-04-27 23:00:43
294100,RimWorld,positive,두시간 찍먹해보고 안맞으면 환불할랬는데 겜끄니까 12시간이길래 그냥 하려구요,두 시간 찍 먹 해보고 안 맞으면 환불 할 랬 는데 겜 끄니까 12시간 이길래 그냥 하려구요,2020-04-27 20:05:32
294100,RimWorld,positive,굿,굿,2020-04-27 15:29:49
294100,RimWorld,positive,갓겜이긴한데 타이난 이새1끼 돈독올라서 기존 모드랑 호환성 개쓰레기인 dlc만들어놓고 그dlc마저 스타워즈 뽕이라도 취했는지 dlc 밸런스파괴하고 뇌절하는게 불안하다,갓 겜 이긴한데 타이난 이 새 1 끼 돈독 올라서 기존 모드 랑 호환성 개 쓰레기 인 dlc 만들어놓고 그 dlc 마저 스타워즈 뽕 이라도 취했는 지 dlc 밸런스 파괴 하고 뇌 절하 는 게 불안하다,2020-04-27 14:30:16
294100,RimWorld,positive,모드 나열 하는 것 조차 너무 재미있다!,모드 나열 하는 것 조차 너무 재미있다 !,2020-04-27 10:20:21
294100,RimWorld,positive,이제야 좀 현타오네. 산지 2주도 안됨.,이제야 좀 현 타오 네 . 산지 2 주도 안됨 .,2020-04-27 09:40:51
294100,RimWorld,positive,"이제는 ""생존게임""하면 이름만 들어본 사람들도 상위권에 언급할정도로 출세한 게임, 포로의 장기를 떼서 파는게 이 게임의 메인 컨텐츠가 될거라고 상상이나 했을까. 게다가 뒷북일수도, 우려먹기일수도 있지만 DLC까지 내놓을정도로 사후지원도 그럭저럭 되고있다.","이제 는 "" 생존 게임 "" 하면 이름 만 들어 본 사람 들 도 상위 권 에 언급 할 정도 로 출세 한 게임 , 포로 의 장기 를 떼서 파는게 이 게임 의 메인 컨텐츠 가 될거라고 상상 이나 했을까 . 게다가 뒷북 일 수도 , 우려 먹기 일 수도 있지만 DLC 까지 내놓을 정도 로 사 후지 원 도 그럭저럭 되고있다 .",2020-04-27 05:24:45
294100,RimWorld,positive,밥값이 많이 나가는 게임이네요~ 10일간 배달 음식비 15만원 나왔습니다^^,밥값 이 많이 나가는 게임 이네 요 ~ 10일 간 배달 음식 비 15만원 나왔습니다 ^^,2020-04-26 23:11:11
294100,RimWorld,positive,처음 평가 써봅니다. 처음에 사고 튜토리얼까지만 했을 때 재미는 있었지만 튜토 끝나고 도우미가 없으니 막막하고 어디서부터 손을 대야할지 감도 안잡혀서 이틀정도 안하고 있다가 심기일전으로 유튜브 공략 간단하게 보고 다시 시작해봤습니다. 진짜 잠깐 눈감았다가 뜨니까 7시간이 흘렀네요. 게임에 쉽게 질리는 스타일이라 몇만원짜리 게임을 사도 접어버리는 스타일인데 에펨 이후로 이렇게 미친사람 마냥 한 게임은 처음입니다. 저처럼 처음에 막막하신 분들은 유튜브로 간단하게 확인해보시고 편의모드 몇개 받은 다음 천천히 시작해보세요. 밥도 안 먹고,처음 평가 써 봅니다 . 처음 에 사고 튜토리얼 까지만 했을 때 재미 는 있었지만 튜토 끝나고 도우미 가 없으니 막막하고 어디서 부터 손 을 대야 할지 감도 안 잡혀서 이틀 정도 안 하고 있다가 심기 일전 으로 유튜브 공략 간단하게 보고 다시 시작 해봤습니다 . 진짜 잠깐 눈감았다가 뜨니까 7시간 이 흘렀네요 . 게임 에 쉽게 질리는 스타일 이라 몇 만원 짜리 게임 을 사도 접어 버리는 스타일 인데 에펨 이후 로 이렇게 미친 사람 마냥 한 게임 은 처음 입니다 . 저 처럼 처음 에 막막하신 분 들 은 유튜브 로 간단하게 확인 해보시고 편의 모드 몇개 받은 다음 천천히 시작 해보세요 . 밥 도 안 먹고,2020-04-26 17:59:42
294100,RimWorld,positive,퍄퍄 개꿀잼겜. 경영게임인 척 거짓말 치는 스토리텔링 게임. 매우 추천합니다.,퍄퍄 개꿀잼겜 . 경 영 게임 인 척 거짓말 치는 스토리텔링 게임 . 매우 추천 합니다 .,2020-04-26 16:53:36
294100,RimWorld,positive,사자마자 3박 4일동안 밥먹는것도 잊은채 50시간을 플레이하게 만든게임 그만큼 흡입력이 개 쩌는 게임 두려운건 이렇게 했다가 스텔라리스도 접었던 기억이 있어서 한판 완전히 끝나면 다시 키기 무서울까 고민됨,사 자마자 3 박 4일 동안 밥 먹는것도 잊은 채 50시간 을 플레이 하게 만든 게임 그만큼 흡입 력 이 개 쩌 는 게임 두려운건 이렇게 했다가 스텔라 리스 도 접었던 기억 이 있어서 한판 완전히 끝나면 다시 키기 무서울까 고민 됨,2020-04-26 07:31:32
294100,RimWorld,positive,접고싶다.....,접고싶다 .....,2020-04-26 06:23:05
294100,RimWorld,positive,탈출하고 싶다...,탈출 하고 싶다 ...,2020-04-25 20:13:16
294100,RimWorld,positive,림들 사지 병신만드는것이 가장 큰 재미 딴건 몰라도 고문 모드는 필수임,림 들 사지 병신 만드는것이 가장 큰 재미 딴건 몰라도 고문 모드 는 필수 임,2020-04-25 17:59:32
294100,RimWorld,positive,rim world는 샀다 리펀 했다가를 한 세 번한 게임인데 이번에서야 적응해보니... 이렇 갓겜이 없음...,rim world 는 샀다 리펀 했다가를 한 세 번한 게임 인데 이번 에서야 적응 해보니 ... 이렇 갓 겜 이 없음 ...,2020-04-25 10:42:33
294100,RimWorld,positive,한번 망할때마다 모드가 5개씩 늘어나는 갓겜,한번 망할 때 마다 모드 가 5 개 씩 늘어나는 갓 겜,2020-04-25 10:23:18
294100,RimWorld,positive,당신의 인생을 변방계에 버리지 마십시오,당신 의 인생 을 변 방계 에 버리지 마십시오,2020-04-24 23:14:31
294100,RimWorld,positive,얼마 안해봐서 잘 모르겠습니다 아직은. dlc사서 조금 더 해보겠습니다..,얼마 안 해봐서 잘 모르겠습니다 아직 은 . dlc 사서 조금 더 해보겠습니다 ..,2020-04-24 17:36:11
294100,RimWorld,positive,너무 재밌는데 700시간도 뉴비인 게임이라니... 700시간 넘기면 평가 또 갱신하러 오겠습니다.,너무 재밌는데 700시간 도 뉴비 인 게임 이라니 ... 700시간 넘기면 평가 또 갱신 하러 오겠습니다 .,2020-04-24 12:41:34
294100,RimWorld,positive,재밌다,재밌다,2020-04-24 10:54:44
294100,RimWorld,positive,"이 게임 생존 건설 경영같은 장르 절대 아님 굳이 따지자면 경마, 하스스톤, 야바위 아무튼 그쪽임 시부럴거 방탄모 방탄바지 방탄조끼입은 림이 나무 엄폐를 끼고 사격숙련 1짜리 자동권총에게 조우하자마자 쏜 단 한발의 초탄에 대가리가 뚤려서 즉사했음. 뭔 개소린가 싶지? 개소리 아니야. 이거 사면 당신도 겪게될거야.","이 게임 생존 건설 경영 같은 장르 절대 아님 굳이 따지자면 경마 , 하스스톤 , 야바위 아무튼 그 쪽임 시부 럴거 방탄모 방탄 바지 방탄 조끼 입은 림 이 나무 엄폐 를 끼 고 사격 숙련 1 짜리 자동 권총 에게 조우하자마자 쏜 단 한 발의 초 탄에 대가리 가 뚤려 서 즉사 했음 . 뭔 개 소린 가 싶지 ? 개 소리 아니야 . 이 거 사면 당신 도 겪게 될거야 .",2020-04-23 22:57:10
294100,RimWorld,positive,이 인간들 타임머신을 만들었어,이 인간 들 타임머신 을 만들었어,2020-04-23 22:34:30
294100,RimWorld,positive,진짜 너무 재밋다. 조금만 공부해서 하게되면 신세계가 펼쳐진다.,진짜 너무 재밋다 . 조금 만 공부 해서 하게되 면 신세계 가 펼쳐진다 .,2020-04-23 21:04:54
294100,RimWorld,positive,"신도 인간도 없는, 개 거지 같은 행성에서 이 악물고 살아남아 탈출하는 게임 황량한 분위기는 폴아웃하고 비슷하고 후반기 스트레스는 다키스트 던전 정도","신도 인간 도 없는 , 개 거지 같은 행성 에서 이 악물고 살아남아 탈출 하는 게임 황량 한 분위기 는 폴아웃 하고 비슷하고 후반기 스트레스 는 다 키스트 던전 정도",2020-04-23 07:48:56
294100,RimWorld,positive,........이거하고 지금 몇일째 날새고 출근합니다 ㅠㅠ 산지 3일됐는데 벌써 34시간 플레이네요,........ 이 거 하고 지금 몇 일 째 날 새고 출근 합니다 ㅠㅠ 산지 3일 됐는데 벌써 34시간 플레이 네 요,2020-04-23 06:32:48
294100,RimWorld,positive,주말제거기,주말 제 거기,2020-04-23 03:02:17
294100,RimWorld,positive,추천합니다 사기 전엔 그림판그래픽에 더럽게 복잡한 똥겜인줄알았는데 사자마자 튜토리얼 해보고나서 화장실도 안갈정도로 몰입감이 엄청납니다.,추천 합니다 사기 전 엔 그림판 그래픽 에 더럽게 복잡한 똥겜 인 줄 알았는데 사 자마자 튜토리얼 해보고나서 화장실 도 안 갈 정도 로 몰입 감 이 엄청납니다 .,2020-04-23 00:15:09
294100,RimWorld,positive,이틀동안 27시간동안 했음 거의 문명급 흡입력,이틀 동안 27시간 동안 했음 거의 문명 급 흡입 력,2020-04-22 23:38:24
294100,RimWorld,positive,"2번째로 정가에 구매한 게임 미쳤다... 그동안 돈스타브, 산소미포함, 이스케이피스트를 했지만 뭔가 중후반부터는 루즈한 느낌이 강했는데, 이 게임은 상상 이상으로 잘 짜놓았다. 최고난이도가 정말 재미있는 듯. 별별 이벤트가 평화로움따위 참을 수 없다는 듯 터지고, 수습 다 하면 적이 쳐들어오는 환장의 콜라보! 최고!!","2 번 째 로 정가 에 구매 한 게임 미쳤다 ... 그동안 돈스 타 브 , 산소 미 포함 , 이스케이피스트 를 했지만 뭔가 중후 반 부터는 루즈 한 느낌 이 강했는데 , 이 게임 은 상상 이상 으로 잘 짜놓았다 . 최고 난이도 가 정말 재미있는 듯 . 별별 이벤트 가 평화로움 따위 참을 수 없다는 듯 터지고 , 수습 다 하면 적 이 쳐 들어오는 환 장 의 콜라보 ! 최고 !!",2020-04-22 12:27:44
294100,RimWorld,positive,이런 종류의 게임을 좋아하면 추천,이런 종류 의 게임 을 좋아하면 추천,2020-04-22 11:38:24
294100,RimWorld,positive,문명5? 림월드는 그 이상이다.,문명 5 ? 림 월드 는 그 이상 이다 .,2020-04-22 03:09:53
294100,RimWorld,positive,재밌음,재밌음,2020-04-21 23:45:40
294100,RimWorld,positive,생각보다 현실적이다 가축들이 새끼를 낳고 전투시 피격판정이나 부상디테일등 신경쓴부분이 많은듯하다 스트레스 관리가 관건인데 이역시 림들마다 각양각색이라 이부분이 난이도 상승에 크게작용한다. 나름 치고 박고 림들끼리의 소소한 스토리 라인도 좋았다. 한 열번정도 고백하다 까이고 우울증에 빠져 이리저리 난동피다 죽을뻔하면 치료해주고 고백받아주는 아주 드라마틱한 관경도 볼수있다. 아 그리고 유부남 유부녀 한테 드리대지좀 말자 림들아...(이역시 현실반영인가..),생각 보다 현실 적 이다 가축 들 이 새끼 를 낳고 전 투시 피격 판정 이나 부상 디테 일등 신경 쓴 부분 이 많은듯 하다 스트레스 관리 가 관건 인데 이 역시 림 들 마다 각양각색 이라 이 부분 이 난이도 상승 에 크게 작용 한 다 . 나름 치고 박고 림 들 끼리 의 소소한 스토리 라인 도 좋았다 . 한 열 번 정도 고백 하다 까이고 우울증 에 빠져 이리저리 난동 피 다 죽 을 뻔하면 치료 해주고 고백 받아주는 아주 드라마틱한 관 경도 볼수있다 . 아 그리고 유부 남 유부녀 한테 드리 대지 좀 말 자 림 들 아 ...( 이 역시 현실 반영 인가 ..),2020-04-21 22:22:13
294100,RimWorld,positive,이 게임을 하고 잠이 매우 줄었고 피곤합니다. 사람을 피곤하게 하는 게임입니다..,이 게임 을 하고 잠 이 매우 줄었고 피곤합니다 . 사람 을 피곤하게 하는 게임 입니다 ..,2020-04-21 21:19:06
294100,RimWorld,positive,이거 사면 못나와요 조심하셔야합니다,이 거 사면 못 나와요 조심하셔 야합니다,2020-04-21 20:32:04
294100,RimWorld,positive,하세요!,하세요 !,2020-04-21 18:28:30
294100,RimWorld,positive,사기전에 잘 선택하세요 시간 녹습니다. 분명히 8시 반에 켰는데 시간보니까 1시임,사 기전 에 잘 선택 하세요 시간 녹습니다 . 분명히 8시 반 에 켰는데 시간 보 니까 1시 임,2020-04-21 13:14:34
294100,RimWorld,positive,그냥 해라. 이보다 재밌기 힘들다,그냥 해 라 . 이보 다 재밌기 힘들다,2020-04-21 05:00:39
294100,RimWorld,positive,"""삶""",""" 삶 """,2020-04-20 22:39:41
294100,RimWorld,positive,무난하게 하기가 좋은 게임 입니다,무난 하게 하기가 좋은 게임 입니다,2020-04-20 16:24:59
294100,RimWorld,positive,재미씀,재미 씀,2020-04-20 12:30:37
294100,RimWorld,positive,"고통받는걸 즐기는 변태에게도, 고통주는걸 즐기는 변태에게도 강력추천하는 변태에 의한, 변태를 위한 변태게임","고통 받는걸 즐기는 변태 에게도 , 고통 주 는걸 즐기는 변태 에게도 강력 추천 하 는 변태 에 의한 , 변태 를 위 한 변태 게임",2020-04-20 04:05:48
294100,RimWorld,positive,"만든사람 미친놈인듯 고민하고 만든 흔적이 보임 현실세계와 비슷한 상황들이 재미로 다가옴(ex,온도관리) 초반에만 재미있다가 후반에 찍싸는 재미 아님 재미있음 돈값함","만든 사람 미친 놈인듯 고민 하고 만든 흔적 이 보임 현 실세 계 와 비슷한 상황 들 이 재미 로 다가옴 ( ex , 온도 관리 ) 초반 에만 재미있다가 후반 에 찍 싸는 재미 아님 재미있음 돈값함",2020-04-19 22:43:04
294100,RimWorld,positive,친구랑 멀티하는데 어느정도 하다가 자리잡고 이제 시작좀 해볼까 할때 갑자기 친구튕기고 상태보니까 2만틱 넘게 뒤로가있던데 어케 해결못하나요,친구 랑 멀티 하는데 어느 정도 하다가 자리 잡고 이제 시작 좀 해볼까 할 때 갑자기 친구 튕 기고 상태 보 니까 2만 틱 넘게 뒤 로 가있던데 어케 해결 못 하나요,2020-04-19 18:15:12
294100,RimWorld,positive,내인생 돌려네,내 인생 돌려네,2020-04-18 12:17:40
294100,RimWorld,positive,조금 해봤는데 재밌네요,조금 해봤는데 재밌네요,2020-04-17 21:49:01
294100,RimWorld,positive,싱글게임인데 밤새도록 해본게임 굿겜,싱글 게임 인데 밤새도록 해본 게임 굿겜,2020-04-17 14:43:47
294100,RimWorld,positive,"단돈 36000원에 당신의 인생을 말아 먹어드리는 게임, 시간과 돈을 들여 인생을 낭비하는 연금술.","단돈 36000원 에 당신 의 인생 을 말 아 먹어 드리는 게임 , 시간 과 돈 을 들여 인생 을 낭비하는 연금술 .",2020-04-16 23:29:14
294100,RimWorld,positive,너무 재밌고~,너무 재밌고 ~,2020-04-16 22:26:34
294100,RimWorld,positive,rr,rr,2020-04-16 14:18:08
294100,RimWorld,positive,마지막 업데이트로 렌디렌덤으로 중간 난이도에 철인으로 군주셔틀 엔딩이랑 AI 좌표 엔딩 봤음. 마지막 난이도 해봐야지,마지막 업데이트 로 렌디렌덤 으로 중간 난이도 에 철인 으로 군주 셔틀 엔딩 이랑 AI 좌표 엔딩 봤음 . 마지막 난이도 해봐야지,2020-04-16 10:45:01
294100,RimWorld,positive,아름답군,아름답군,2020-04-16 00:23:43
294100,RimWorld,positive,일상생활에 무리가 옵니다 주의하세요,일상생활 에 무리 가 옵니다 주의 하세요,2020-04-15 23:44:43
294100,RimWorld,positive,이 게임을 산 걸 가장 후회,이 게임 을 산 걸 가장 후회,2020-04-15 23:14:34
294100,RimWorld,positive,생존에 필요한 것을 배우게 됩니다. 살아있는 것에 감사하게되었습니다.,생존 에 필요한 것 을 배우게 됩니다 . 살아있는 것 에 감사하게 되었습니다 .,2020-04-15 20:03:36
294100,RimWorld,positive,이걸 아직 안삼 ?,이 걸 아직 안 삼 ?,2020-04-15 17:55:49
294100,RimWorld,positive,꿀잼,꿀잼,2020-04-15 15:52:29
294100,RimWorld,positive,시간 삭제기,시간 삭제 기,2020-04-15 14:00:37
294100,RimWorld,positive,"간악하고 극악무도하기 짝이 없는 우주해적 떨거지들을 가만두지 마십시오. 여러분의 림을 돌격소총과 전자기 소총과 같은 최첨단 화기로 중무장시켜, 보잘 것 없는 우주해적 떨거지들의 캠프를 박격포로 처부수고, 일원들을 모조리 납치해 폐, 신장, 심장, 간, 눈, 사지 등 뽑을 수 있는 장기란 장기는 모조리 뽑아다 다른 연합과 거래 해 다른 무리와의 외교적 연합을 굳건히 하고, 시신은 도축하여 가축의 사료와 모피 코트의 재료로 삼으시길 바랍니다. 식인 특성과 사이코패스 특성을 지닌 림들과 함께 하시면 더욱 좋습니다.","간악 하고 극악 무도 하기 짝 이 없는 우주해적 떨 거지 들 을 가만두지 마십시오 . 여러분 의 림 을 돌격소총 과 전자기 소총 과 같은 최첨단 화기 로 중 무장 시켜 , 보잘 것 없는 우주해적 떨 거지 들 의 캠프 를 박격포 로 처 부수 고 , 일원 들 을 모조리 납치 해 폐 , 신장 , 심장 , 간 , 눈 , 사지 등 뽑을 수 있는 장기 란 장기 는 모조리 뽑아다 다른 연합 과 거래 해 다른 무리 와의 외교 적 연합 을 굳건 히 하고 , 시신 은 도축 하여 가축 의 사료 와 모피 코트 의 재료 로 삼으시길 바랍니다 . 식인 특성 과 사이코패스 특성 을 지닌 림 들 과 함께 하시면 더욱 좋습니다 .",2020-04-15 13:21:40
294100,RimWorld,positive,"처음에는 아무나 뽑았는데, 이제는 잠 잘 시간 아껴 일하는 경력직 일벌레를 구하고 있더라고요, 회사 인사부장의 심정을 조금 이해하게 됐습니다.","처음 에는 아무나 뽑았는데 , 이제 는 잠 잘 시간 아껴 일 하는 경력 직 일벌레 를 구 하고 있더라고요 , 회사 인사 부장 의 심정 을 조금 이해 하게 됐습니다 .",2020-04-15 11:55:39
294100,RimWorld,positive,아 증말 재밌다 재밌어서 입으로 똥이나올지경임,아 증말 재밌다 재밌어서 입 으로 똥 이나 올 지경 임,2020-04-15 00:44:49
294100,RimWorld,positive,개재밋슴,개재 밋슴,2020-04-15 00:16:54
294100,RimWorld,positive,림월드를 하기 전으로 돌아갈 수 없다,림 월드 를 하기 전 으로 돌아갈 수 없다,2020-04-14 20:34:07
294100,RimWorld,positive,겉모습은 2등신이지만 실제로는 손가락 하나하나 구현된 엄청난 게임이다. 이 게임의 완성은 창작마당 :),겉모습 은 2등 신이지만 실제 로는 손가락 하나 하나 구현 된 엄청난 게임 이다 . 이 게임 의 완성 은 창작 마당 :),2020-04-14 15:30:35
294100,RimWorld,positive,"[h1]개인적으로 정가를 주고 사도 돈값을 충분히 하는 극 혜자게임이라고 생각합니다.[/h1] [h2]샌드박스 게임인 만큼 풍부한 컨텐츠와 높은 자유도[/h2] 기본 바닐라 상태로도 충분히 방대한 컨텐츠와 어떤 식으로 기지를 짓고 운영할 것인지, 정착민 개개인마다 정책이나 무슨 일을 시킬 것인지도 하나하나 설정해줄 수 있는 높은 자유도를 가지고 있는 게임이라 다회차 플레이로도 지루해지지 않아서 샌드박스 게임이나 건설&경영 시뮬레이션 게임을 좋아하는 사람에게는 무조건 추천하는 게임입니다. [h2]높은 몰입감[/h2] 깔끔한 그래픽","[ h 1 ] 개인 적 으로 정가 를 주고 사도 돈값 을 충분히 하는 극 혜자 게임 이라고 생각 합니다 .[/ h 1 ] [ h 2 ] 샌드박스 게임 인 만큼 풍부한 컨텐츠 와 높은 자유도 [/ h 2 ] 기본 바닐라 상태 로 도 충분히 방대한 컨텐츠 와 어떤 식 으로 기지 를 짓고 운영 할 것 인지 , 정착민 개개인 마다 정책 이나 무슨 일 을 시킬 것 인지도 하나 하나 설정 해줄 수 있는 높은 자유도 를 가지 고 있는 게임 이라 다 회차 플레이 로 도 지루해지지 않아서 샌드박스 게임 이나 건설 & 경영 시뮬레이션 게임 을 좋아하는 사람 에게는 무조건 추천 하는 게임 입니다 . [ h 2 ] 높은 몰입 감 [/ h 2 ] 깔끔한 그래픽",2020-04-14 13:08:29
294100,RimWorld,positive,까는순간 인생갈아넣어야됨,까는 순간 인생 갈아 넣어야 됨,2020-04-14 12:22:04
294100,RimWorld,positive,이게 그 말로만 듣던 먹어봐요 동료의 Soup 이군요 재밌넹,이 게 그 말로 만 듣던 먹어 봐요 동료 의 Soup 이군 요 재밌넹,2020-04-14 09:08:30
294100,RimWorld,positive,"게임을 시작전에 타이머를 2시간 50분에 맞춰두고 일단 즐겨보세요. 취향에 맞다면 타이머를 듣지 못할 것이고, 취향에 안맞으면 그 때즈음 빠른 환불각을 제시면됩니다. 취향에 맞을시 어지간한 AAA대작보다 오랜 인생을 갈아넣을 수 있어요","게임 을 시 작전 에 타이머 를 2시간 50분 에 맞춰 두고 일단 즐겨 보세요 . 취향 에 맞다면 타이머 를 듣지 못 할 것 이고 , 취향 에 안 맞으면 그 때 즈음 빠른 환불 각 을 제시 면 됩니다 . 취향 에 맞을시 어지간한 AAA 대작 보다 오랜 인생 을 갈아 넣을 수 있어요",2020-04-14 02:10:19
294100,RimWorld,positive,조금밖에 안했지만 재밌는거같아요!,조금 밖에 안 했지만 재밌는거 같아요 !,2020-04-12 22:13:04
294100,RimWorld,positive,아직 조금 밖에 안해본거같네요.. 이제 DLC사서 해봐야겠어요.,아직 조금 밖에 안 해본거 같네요 .. 이제 DLC 사서 해봐야겠어요 .,2020-04-12 18:10:19
294100,RimWorld,positive,시간증발,시간 증발,2020-04-12 15:19:27
294100,RimWorld,positive,"게임에서 즐길 수 있는 요소가 너무 많다. 지역에 따라 생존전략이 다르며, 기지 건설도 자기 마음대로, 난이도에 따른 확실한 차이. 무엇보다도 모딩 지원이 잘 되어 있어 내 마음대로 설정하고 즐길 수 있다. 화산재가 싫으면 시작할 때 끄면 그만이다. 너무 즐겁게 플레이하고 있습니다. 매번 새롭고요. 단점은 후반부의 루즈함? 엔딩 한 번 보고나면 목표가 탈출이 아니게 되는데, 그 때부터는 기지 예쁘게 짓고 나면 뭐할지 잘 모르겠네요. 근데 이미 수백 시간을 했고 알바버전 때 부터 했기 때문에 ㅋㅋ 좀 많이 해서 그렇습니다.","게임 에서 즐길 수 있는 요소 가 너무 많다 . 지역 에 따라 생존 전략 이 다르며 , 기지 건설 도 자기 마음대로 , 난이도 에 따른 확실한 차이 . 무엇 보다도 모딩 지원이 잘 되어 있어 내 마음대로 설정 하고 즐길 수 있다 . 화산재 가 싫으면 시작 할 때 끄면 그 만이 다 . 너무 즐겁게 플레이 하고 있습니다 . 매번 새롭고요 . 단점 은 후반 부의 루즈 함 ? 엔딩 한 번 보고나면 목표 가 탈출 이 아니게 되는데 , 그 때 부터는 기지 예쁘게 짓고 나면 뭐 할지 잘 모르겠네요 . 근데 이미 수백 시간 을 했고 알바 버전 때 부터 했기 때문 에 ㅋㅋ 좀 많이 해서 그렇습니다 .",2020-04-12 14:53:34
294100,RimWorld,positive,이 게임의 단점은 자신의 인생을 말아먹을수 잇단것이 매우 큰 단점,이 게임 의 단점 은 자신 의 인생 을 말아먹을수 잇 단것 이 매우 큰 단점,2020-04-12 13:47:49
294100,RimWorld,positive,"이 게임을 한다는건 인생을 버린다는 뜻이고, 고로 나는 인생을 버리겠다","이 게임 을 한다는 건 인생 을 버린다는 뜻 이고 , 고로 나 는 인생 을 버리겠다",2020-04-12 11:21:45
294100,RimWorld,positive,꿩대신 닭이라고 모동숲할 스위치를 못사서 림월드를 샀는데 스위치를 사도 림월드할꺼같음,꿩 대신 닭 이라고 모 동숲 할 스위치 를 못 사서 림 월드 를 샀는데 스위치 를 사도 림 월드 할꺼 같음,2020-04-12 03:38:13
294100,RimWorld,positive,God game,God game,2020-04-11 19:21:24
294100,RimWorld,positive,"게임자체가 한 공동체를 키워나가면서 생존해나가는게 목표인 게임이다보니... 다른 설명이 없으면 솔직히 플레이해나가기 조금 어려운 게임이며, 마니아층이 두텁긴하지만 폭이 넓지는 않다. 하지만 충분히 마니아층 사람들을 만족시킬 수 있는 게임성과, 낮은 사양에서도 게임을 돌릴 수 있는 시스템, 그리고 많이 잡아먹지 않는 용량까지... 취향만 맞는다면 이 게임을 구매할 당신에겐 정말 최고의 게임이될 것이다.","게임 자체 가 한 공동체 를 키워나가면서 생존 해나가는게 목표 인 게임 이다 보니 ... 다른 설명 이 없으면 솔직히 플레이 해 나가기 조금 어려운 게임 이며 , 마니아 층 이 두텁긴 하지만 폭 이 넓지는 않다 . 하지만 충분히 마니아 층 사람 들 을 만족 시킬 수 있는 게임 성과 , 낮은 사양 에서도 게임 을 돌릴 수 있는 시스템 , 그리고 많이 잡아먹지 않는 용량 까지 ... 취향 만 맞는다면 이 게임 을 구매 할 당신 에겐 정말 최고 의 게임 이 될 것 이다 .",2020-04-11 03:11:51
294100,RimWorld,positive,평생할 게임,평생 할 게임,2020-04-11 01:47:00
294100,RimWorld,positive,나름대로 렉이 걸리지 않는 최적화에 감탄.,나름 대로 렉 이 걸리지 않는 최적화 에 감탄 .,2020-04-10 18:52:28
294100,RimWorld,positive,.,.,2020-04-10 12:28:46
294100,RimWorld,positive,시간이 삭제됨,시간 이 삭제 됨,2020-04-09 13:23:22
294100,RimWorld,positive,평생 같이할 친구다,평생 같이 할 친구 다,2020-04-09 12:53:36
294100,RimWorld,positive,조금만 해봤는데 별로 재미가 없네요.,조금 만 해봤는데 별로 재미 가 없네요 .,2020-04-09 10:01:19
294100,RimWorld,positive,"사악하게 플레이 해봐야지 하고 한번도 사악하지 못했다 아직은. 1인으로 고생고생하며 일궈놓으면 쾌감 쩜,","사악하게 플레이 해봐야지 하고 한번 도 사악하지 못 했다 아직 은 . 1 인 으로 고생 고생 하 며 일궈놓으면 쾌감 쩜 ,",2020-04-09 09:36:13
294100,RimWorld,positive,타이난 손아귀에서 놀아나는 꼬라지가 되는게 왜이리 재미있는지 ㅋㅋ,타이난 손아귀 에서 놀아나는 꼬 라지 가 되는게 왜 이리 재미있는지 ㅋㅋ,2020-04-07 21:35:39
294100,RimWorld,positive,이 시국에 하면 문명과 더불어 타임워프 ㅆㄱㄴ,이 시국 에 하면 문명 과 더불어 타임 워프 ㅆㄱㄴ,2020-04-07 19:53:39
294100,RimWorld,positive,시작하고 하루만에 다음날 생활에 지장이 가는걸 느끼곤 접었습니다. 언젠가 시간이 남아돈다면 다시 시작하겠습니다.,시작 하고 하루 만에 다음 날 생활 에 지장 이 가는걸 느끼곤 접었습니다 . 언젠가 시간 이 남아 돈 다 면 다시 시작 하겠습니다 .,2020-04-07 07:46:13
294100,RimWorld,positive,시간 녹여버리는 게임. 시뮬레이션 덕후라면 추천,시간 녹여 버리는 게임 . 시뮬레이션 덕후 라면 추천,2020-04-07 03:27:22
294100,RimWorld,positive,잠깐 해봤는데 괜찮네요,잠깐 해봤는데 괜찮네요,2020-04-06 19:27:17
294100,RimWorld,positive,갓 겜,갓 겜,2020-04-06 15:59:01
294100,RimWorld,positive,개꿀잼 ㅋㅋ루ㅋㅋ,개꿀잼 ㅋㅋ 루 ㅋㅋ,2020-04-06 15:48:06
294100,RimWorld,positive,내 시간은 어디로갔는가,내 시간 은 어디 로 갔는가,2020-04-06 13:34:36
294100,RimWorld,positive,내 시간 어디갔음?,내 시간 어디 갔음 ?,2020-04-05 20:34:37
294100,RimWorld,positive,시간순삭,시간 순삭,2020-04-05 19:24:26
294100,RimWorld,positive,아직 조금맊에 안해서 그런지 재미 없음,아직 조금맊 에 안해 서 그런지 재미 없음,2020-04-05 15:49:50
294100,RimWorld,positive,흠...별로 많이 못해서 경험을 많이는 안했지만 그래도 잼있네여,흠 ... 별로 많이 못 해서 경험 을 많이는 안 했지만 그래도 잼 있네여,2020-04-04 18:08:14
294100,RimWorld,positive,친구한테 선물받았는데 정신 차리고 보니 시간이 자꾸 사라짐;,친구 한테 선물 받았는데 정신 차리고 보니 시간 이 자꾸 사라짐 ;,2020-04-03 14:04:26
294100,RimWorld,positive,갓겜,갓 겜,2020-04-02 16:52:03
294100,RimWorld,positive,갓겜 당장사,갓 겜 당 장사,2020-04-01 18:03:43
294100,RimWorld,positive,00000,00000,2020-04-01 15:04:44
294100,RimWorld,positive,갓겜,갓 겜,2020-04-01 14:18:20
294100,RimWorld,positive,good,good,2020-03-30 11:53:50
294100,RimWorld,positive,으아악 내 시간 돌려줘요,으아 악 내 시간 돌려줘요,2020-03-29 18:51:44
294100,RimWorld,positive,시간순삭 개꿀잼,시간 순삭 개꿀잼,2020-03-29 15:53:23
294100,RimWorld,positive,시간이 사라집니다.,시간 이 사라집니다 .,2020-03-29 10:33:11
294100,RimWorld,positive,이게임 하면 시간이 순삭..,이 게임 하면 시간 이 순삭 ..,2020-03-29 00:38:24
294100,RimWorld,positive,모든게 망해서 멘탈이 나가도 다시 하는 시작하는 갓겜,모든 게 망해서 멘탈 이 나가도 다시 하는 시작 하는 갓 겜,2020-03-28 21:16:03
294100,RimWorld,positive,꿀잼ㅋㅋ 정신못차림,꿀잼 ㅋㅋ 정신 못 차림,2020-03-28 21:11:17
294100,RimWorld,positive,조금밖에 안했어요 아주 조금이요. 바닐라로 시작해서 부족한 튜토리얼로 몇번 갈아치우고 혼자일어서기로 몇번더 도전해야 합니다. 그리고 바닐라에 친숙해 지셧다면 창작마당에 편의성 모드와 각종 기괴한 모드들에 심취해보세요. 또다른 게임이 되어있을 겁니다. 1.1 DLC가 나와 사야할지 고민하다 얼마전에 창작마당에 한글판패치가 올라와(번역 감사합니다.) 구입해서 해보았습니다. 계급사회가 생기고 각종 초능력이 생겨 더 다양한 재미를 즐길수있습니다. 물론 재미라는건 개인적인 취향에 따라 귀찮음이 될수도 있습니다. 개인적으로는 만족합니다.,조금 밖에 안 했어요 아주 조금 이 요 . 바닐라 로 시작 해서 부족한 튜토리얼 로 몇번 갈아 치우고 혼자 일어서기로 몇번 더 도전 해야 합니다 . 그리고 바닐라 에 친숙해 지 셧다 면 창작 마당 에 편의 성 모드 와 각종 기괴한 모드 들 에 심취 해보세요 . 또다른 게임 이 되어있을 겁니다 . 1.1 DLC 가 나와 사야 할지 고민 하다 얼마 전 에 창작 마당 에 한글 판 패치 가 올라와 ( 번역 감사합니다 .) 구입 해서 해보았습니다 . 계급 사회 가 생기 고 각종 초능력 이 생겨 더 다양한 재미 를 즐길수있습니다 . 물론 재미 라는 건 개인 적 인 취향 에 따라 귀찮음 이 될수도 있습니다 . 개인 적 으로는 만족합니다 .,2020-03-28 05:01:59
294100,RimWorld,positive,선물받은지 일주일도 안되었는데 할만하네요,선물 받은지 일주일 도 안되었는데 할만 하네요,2020-03-27 21:47:35
294100,RimWorld,positive,타임워프 게임,타임 워프 게임,2020-03-26 16:15:05
294100,RimWorld,positive,훌륭한 트라우마 삽입기입니다 3만6천원으로 뇌에 직접 트라우마를 꽂아 넣을 수 있습니다,훌륭한 트라우마 삽입 기입 니 다 3만 6천원 으로 뇌 에 직접 트라우마 를 꽂아 넣을 수 있습니다,2020-03-25 15:59:49
294100,RimWorld,positive,조금 난이도가 어렵기도 하고 단순작업이 반복되어 지루할 때도 있었지만 첫 번째 클리어 할 때까지 30시간 정도를 정말 몰입해서 했습니다. 그 후 모드를 추가하고 옵션을 바꾸어가며 반복해서 도전하고 있는데 처음 할 때만큼 큰 스릴은 느껴지지 않지만 매번 새로운 느낌으로 즐겁게 하고 있습니다. 생존형 전략게임을 좋아하시는 분들께 추천합니다.,조금 난이도 가 어렵 기도 하고 단 순 작업 이 반복 되어 지루할 때 도 있었지만 첫 번째 클리어 할 때 까지 30시간 정도 를 정말 몰입 해서 했습니다 . 그 후 모드 를 추가 하고 옵션 을 바꾸어가며 반복 해서 도전 하고 있는데 처음 할 때 만큼 큰 스릴 은 느껴지지 않지만 매번 새로운 느낌 으로 즐겁게 하고 있습니다 . 생존 형 전략 게임 을 좋아하시는 분 들 께 추천 합니다 .,2020-03-25 13:47:24
294100,RimWorld,positive,그만해야지 했는데 DLC가 나와서 더 해봐야 겠네요.,그만해야지 했는데 DLC 가 나와서 더 해봐야 겠네요 .,2020-03-24 21:33:11
294100,RimWorld,positive,미띤껨,미띤껨,2020-03-24 16:34:14
294100,RimWorld,positive,그저 갓겜.... 도무지 끌 수가 없게 만듭니다. 특히 모드와 함께 했을 때 더 빛을 발하는 것 같습니다. 랜디님 제발 이러지마세요,그저 갓 겜 .... 도무지 끌 수가 없게 만듭니 다 . 특히 모드 와 함께 했을 때 더 빛 을 발 하는 것 같습니다 . 랜디님 제발 이러지 마세요,2020-03-23 22:59:57
294100,RimWorld,positive,내다버린 800시간,내다 버린 800시간,2020-03-23 20:08:13
294100,RimWorld,positive,걍 재밌음 후회안함,걍 재밌음 후회 안함,2020-03-22 07:45:16
294100,RimWorld,positive,재미있어양!,재미있어 양 !,2020-03-22 00:44:34
294100,RimWorld,positive,배니쉬드? 그거 할 빠엔 업데이트 뜨끈하고 든든한 림월드 하고말지,배니쉬드 ? 그거 할 빠 엔 업데이트 뜨끈하고 든든한 림 월드 하고말지,2020-03-21 18:49:48
294100,RimWorld,positive,just do whatever you want,just do whatever you want,2020-03-21 15:50:42
294100,RimWorld,positive,일해라 타이탄!일해라 타이탄!일해라 타이탄!일해라 타이탄!일해라 타이탄!일해라 타이탄!일해라 타이탄!일해라 타이탄!일해라 타이탄!일해라 타이탄!일해라 타이탄!일해라 타이탄!일해라 타이탄!일해라 타이탄!일해라 타이탄!일해라 타이탄!일해라 타이탄!일해라 타이탄!일해라 타이탄!일해라 타이탄!일해라 타이탄!일해라 타이탄!일해라 타이탄!일해라 타이탄!일해라 타이탄!일해라 타이탄!일해라 타이탄!일해라 타이탄!일해라 타이탄!일해라 타이탄!일해라 타이탄!일해라 타이탄!일해라 타이탄!일해라 타이탄!일해라 타이탄!일해라 타이탄!일해라 타이탄!일해라,일해 라 타이탄 ! 일해 라 타이탄 ! 일해 라 타이탄 ! 일해 라 타이탄 ! 일해 라 타이탄 ! 일해 라 타이탄 ! 일해 라 타이탄 ! 일해 라 타이탄 ! 일해 라 타이탄 ! 일해 라 타이탄 ! 일해 라 타이탄 ! 일해 라 타이탄 ! 일해 라 타이탄 ! 일해 라 타이탄 ! 일해 라 타이탄 ! 일해 라 타이탄 ! 일해 라 타이탄 ! 일해 라 타이탄 ! 일해 라 타이탄 ! 일해 라 타이탄 ! 일해 라 타이탄 ! 일해 라 타이탄 ! 일해 라 타이탄 ! 일해 라 타이탄 ! 일해 라 타이탄 ! 일해 라 타이탄 ! 일해 라 타이탄 ! 일해 라 타이탄 ! 일해 라 타이탄 ! 일해 라 타이탄 ! 일해 라 타이탄 ! 일해 라 타이탄 ! 일해 라 타이탄 ! 일해 라 타이탄 ! 일해 라 타이탄 ! 일해 라 타이탄 ! 일해 라 타이탄 ! 일해 라,2020-03-21 12:55:08
294100,RimWorld,positive,갓----겜 말할 필요도 없음,갓 ---- 겜 말 할 필요 도 없음,2020-03-21 12:47:43
294100,RimWorld,positive,할만하네요. 가끔식 플레이 중입니다.,할만 하네요 . 가끔 식 플레이 중 입니다 .,2020-03-21 00:02:57
294100,RimWorld,positive,지난 2주 동안 144.2시간을 했군요. 하루에 10시간쯤 되네요. 음... 그럭저럭 할만한 것 같아요.,지난 2 주 동안 144.2시간 을 했군요 . 하루 에 10시간 쯤 되네요 . 음 ... 그럭저럭 할만 한 것 같아요 .,2020-03-20 18:54:23
294100,RimWorld,positive,- 자신만의 정착지를 만들어볼 수 있음 - 수많은 모드들로 끊기지 않는 컨텐츠를 즐길 수 있음 - 멀티모드가 있디고는 하는데 아직 해보진 않음 총평: 악마의 게임... 일단 한번 재미 붙이면 절대 빠져나올 수 없음 ※중요) !!학생들은 절대 시작하지 말 것!!,- 자신 만의 정착 지를 만들어 볼 수 있음 - 수많은 모드 들 로 끊기지 않는 컨텐츠 를 즐길 수 있음 - 멀티 모드 가 있디 고 는 하는데 아직 해보진 않음 총 평 : 악마 의 게임 ... 일단 한번 재미 붙이 면 절대 빠져나올 수 없음 ※ 중요 ) !! 학생 들 은 절대 시작 하지 말 것 !!,2020-03-20 00:43:41
294100,RimWorld,positive,"별로 재미있습니다. 제 인생게임이기도 하며, 제 인생을 말아먹은 게임이기도 합니다. 일단 이 게임에 오래 노출되면 도덕적 가치관에 변화가 올 수 있으니 주의하시길 바랍니다.","별로 재미있습니다 . 제 인생게임 이기도 하며 , 제 인생 을 말아먹은 게임 이기도 합니다 . 일단 이 게임 에 오래 노출 되면 도덕 적 가치관 에 변화 가 올 수 있으니 주의 하시길 바랍니다 .",2020-03-19 22:32:00
294100,RimWorld,positive,단점 없는 갓갬,단점 없는 갓 갬,2020-03-19 18:44:53
294100,RimWorld,positive,이제 좀 살만하면 습격와서 디펜스게임됨 ㅋㅋㅋ,이제 좀 살 만하 면 습격 와 서 디펜스 게임 됨 ㅋㅋㅋ,2020-03-19 18:21:53
294100,RimWorld,positive,꾸르잼띠,꾸르잼띠,2020-03-19 15:47:40
294100,RimWorld,positive,재밌음. 시간 가는줄 모르고 함.,재밌음 . 시간 가는줄 모르고 함 .,2020-03-19 00:25:28
294100,RimWorld,positive,정신차리면 새벽 5시가 되있는 마성의 게임 코로나떄문에 방학도 긴데 해보셈,정신차리면 새벽 5시 가 되있는 마 성의 게임 코로나 떄문 에 방학 도 긴데 해보셈,2020-03-19 00:14:22
294100,RimWorld,positive,정보 : 림월드 본편과 확장팩을 같이 구매하면 콜오브듀티보다 비싸다.,정보 : 림 월드 본 편 과 확장팩 을 같이 구매 하면 콜오브듀티 보다 비싸다 .,2020-03-18 20:11:52
294100,RimWorld,positive,건설 생존 시뮬레이션 게임의 정점..,건설 생존 시뮬레이션 게임 의 정점 ..,2020-03-17 00:08:20
294100,RimWorld,positive,가볍게 즐기기 좋은 게임,가볍게 즐기기 좋은 게임,2020-03-16 18:27:04
294100,RimWorld,positive,아~ 개꿀잼,아 ~ 개꿀잼,2020-03-16 13:16:08
294100,RimWorld,positive,"중국 우한에서 발견된 코로나 19에 대한 범세계적인 유행에 대항하는 가장 좋은 방법은 이 게임을 사는 것이요, 하는 것이다. 다만, 이 게임에 너무 심취한다면, 직장이나 학교에서 짤려버린 스스로를 마주하게 될 것이다.","중국 우한 에서 발견 된 코로나 19 에 대한 범세계 적 인 유행 에 대항 하는 가장 좋은 방법 은 이 게임 을 사는 것 이 요 , 하는 것 이다 . 다만 , 이 게임 에 너무 심취 한다면 , 직장 이나 학교 에서 짤려 버린 스스로 를 마주 하게 될 것 이다 .",2020-03-16 11:31:37
294100,RimWorld,positive,랜디랜덤.. 그는 신이야!,랜디 랜덤 .. 그 는 신 이야 !,2020-03-15 21:39:14
294100,RimWorld,positive,살려주세요 라고 평가를 내렸던 게 플레이타임 74.3시간이었다.,살려주세요 라고 평가 를 내렸던 게 플레이 타임 74.3시간 이었다 .,2020-03-15 16:40:30
294100,RimWorld,positive,"5500 년 1월 20일. ""이봐 제임스, 이번 여행은 순조로울 것 같지 않나?"" ""그러게 말이에요. 팀아저씨가 아마 의료전문가셨죠? 부럽네요.. 돈도 많이 버실테고"" 의료 전문가인 팀아저씨. 그리고 건축 전문가인 나는 스페이스 쉽 53호를 타고 우리의 일자리가 기다리고 있을 행성으로 이동하고 있었다. 일에서 벗어나 휴식을 취할 수 있는 지금이 우리에겐 가장 행복한 시간이기도 했지만 우리에게 고난이 펼쳐진 것 또한 그 때였다. [경고 경고 현재 우주 잔해로 추측되는 물체가 함선을 향해 돌진중. 선원과 승객들은 즉시 수송 포드","5500 년 1월 20일 . "" 이 봐 제임스 , 이번 여행 은 순 조로 울 것 같지 않나 ?"" "" 그러게 말 이에요 . 팀 아저씨 가 아마 의료 전문 가셨죠 ? 부럽네요 .. 돈 도 많이 버실테 고 "" 의료 전문가 인 팀 아저씨 . 그리고 건축 전문가 인 나 는 스페이스 쉽 53 호 를 타고 우리 의 일자리 가 기다리고 있을 행성 으로 이동 하고 있었다 . 일 에서 벗어나 휴식 을 취할 수 있는 지금 이 우리 에겐 가장 행복한 시간 이기도 했지만 우리 에게 고난 이 펼쳐진 것 또한 그 때 였다 . [ 경고 경고 현재 우주 잔해 로 추측 되는 물체 가 함선 을 향 해 돌진 중 . 선원 과 승객 들 은 즉시 수송 포드",2020-03-14 21:14:20
294100,RimWorld,positive,다양한 자유도에 재미있는 구성이 넘 좋습니다.,다양한 자유도 에 재미있는 구성 이 넘 좋습니다 .,2020-03-12 19:03:17
294100,RimWorld,positive,최근에 한 게임중 가장 집중해서 재미있게 한 게임입니다. 다만.. 모드질 하며서 계속 게임을 리셋하게 되는 부작용이 있습니다. ㅠㅠ,최근 에 한 게임 중 가장 집중 해서 재미있게 한 게임 입니다 . 다만 .. 모드 질 하며서 계속 게임 을 리셋 하게 되는 부작용 이 있습니다 . ㅠㅠ,2020-03-12 17:53:15
294100,RimWorld,positive,전기를 쓰지 않을 때는 끄라는 말을 왜 그러는지 이제야 알았습니다.,전기 를 쓰지 않을 때 는 끄라는 말 을 왜 그러는지 이제야 알았습니다 .,2020-03-10 21:49:01
294100,RimWorld,positive,시간가는 줄 몰라요,시간 가는 줄 몰라요,2020-03-10 15:56:20
294100,RimWorld,positive,요오오오직겜,요 오 오 오직 겜,2020-03-10 14:42:32
294100,RimWorld,positive,최고,최고,2020-03-08 20:48:58
294100,RimWorld,positive,모드 깔은것과 안 깔은 것의 차이는 엄청큽니다. 모드 꼭 설치하세요,모드 깔은 것 과 안 깔은 것 의 차이는 엄청 큽니다 . 모드 꼭 설치 하세요,2020-03-08 15:55:27
294100,RimWorld,positive,ddddddd,ddddddd,2020-03-08 14:59:11
294100,RimWorld,positive,중독성 갑,중독 성 갑,2020-03-08 14:24:45
294100,RimWorld,positive,아직 잘 모르겠어요..,아직 잘 모르겠어요 ..,2020-03-08 10:07:34
294100,RimWorld,positive,시험 기간마다 하고 싶어지는 마성의 게임 기지 가치와 학점은 반비례한다.,시험 기간 마다 하고 싶어지는 마 성의 게임 기지 가치 와 학점 은 반비례 한다 .,2020-03-08 00:41:07
294100,RimWorld,positive,This game is amazing on its own but i want to speak out that this recent dlc is amazing. Seems like dlc reaction from the community is a bit of a mlxed bag but i'm definitely in the positive side. Even for a single player game i love it when the strategy evolves with new updates and development. Mak,This game is amazing on its own but i want to speak out that this recent dlc is amazing . Seems like dlc reaction from the community is a bit of a mlxed bag but i ' m definitely in the positive side . Even for a single player game i love it when the strategy evolves with new updates and development . Mak,2020-03-07 16:53:22
294100,RimWorld,positive,시간 녹는다 녹아,시간 녹는다 녹아,2020-03-07 16:31:50
294100,RimWorld,positive,해라 두번 해라,해 라 두 번 해 라,2020-03-07 10:48:34
294100,RimWorld,positive,good,good,2020-03-07 00:11:16
294100,RimWorld,positive,재미있는데 쉽지는 않음. 시간과 공을 들이고 모드 등에 대한 정보도 많이 찾아봐야 진가를 알 수 있는 게임.,재미있는데 쉽지는 않음 . 시간 과 공 을 들이고 모드 등 에 대한 정보 도 많이 찾아봐야 진가 를 알 수 있는 게임 .,2020-03-06 18:11:28
294100,RimWorld,positive,대체 이게임을 왜 안하시는거예요??,대체 이 게임 을 왜 안 하시는거예요 ??,2020-03-06 15:49:51
294100,RimWorld,positive,중독,중독,2020-03-06 15:03:14
294100,RimWorld,positive,엄청 재밌고 그런 건 아니고요...,엄청 재밌고 그런 건 아니고요 ...,2020-03-06 12:45:02
294100,RimWorld,positive,걍 시간 때우기용,걍 시간 때우기용,2020-03-05 23:03:43
294100,RimWorld,positive,내가 원래 추천에 매우 박한 편인데 추천함.,내 가 원래 추천 에 매우 박한 편 인데 추천 함 .,2020-03-05 22:05:42
294100,RimWorld,positive,개발자(타이난): 아 얼리액세스 힘들었고 1.0 냈으면 개발 충분히 했다. 이제 놀거임 ㅂㅂ(실제로 한 말) 유저: 그럼 업데이트는요 개발자: 뭔 소린데 놀거라고 유저: ??? -출시 2년 후(1.0에서 버그 패치만 가끔 하고 아직 1.0)- 개발자: 아 다 놀았으니 심심한데 다시 게임이나 잡아봐야겠다 유저: 2년만에 드디어 업뎃 해줌? 개발자: ㅇㅇ 1.1 내줌 유저: 시바 드디어 -1.1 업데이트 이후 까고보니 별거 없음 유저: 2년이나 기다렸는데 고작 이게 다냐 이 양심없는 개발자놈아 개발자: ㄴㄴ 기다려보셈 DLC도,개발자 ( 타이난 ): 아 얼리 액세스 힘들었고 1.0 냈으면 개발 충분히 했다 . 이제 놀거 임 ㅂㅂ ( 실제 로 한 말 ) 유저 : 그럼 업데이트 는 요 개발자 : 뭔 소린 데 놀거라고 유저 : ??? - 출시 2년 후 ( 1.0 에서 버그 패치 만 가끔 하고 아직 1.0 )- 개발자 : 아 다 놀았으니 심심한데 다시 게임 이나 잡아 봐야겠다 유저 : 2년 만에 드디어 업뎃 해줌 ? 개발자 : ㅇㅇ 1.1 내줌 유저 : 시바 드디어 - 1.1 업데이트 이후 까고 보니 별거 없음 유저 : 2년 이나 기다렸는데 고작 이 게 다냐 이 양심 없는 개발자 놈 아 개발자 : ㄴㄴ 기다려 보셈 DLC 도,2020-03-05 14:55:30
294100,RimWorld,positive,장기적출 전문가가 되어있는 자기자신의 추악한 모습을 보여주는 게임,장기 적 출 전문가 가 되어있는 자기 자 신의 추악한 모습 을 보여주는 게임,2020-03-05 13:07:42
294100,RimWorld,positive,재밌는대 나중에 질려서 스팀목록채워주기행..,재밌는대 나중 에 질려서 스팀 목록 채워주 기행 ..,2020-03-05 05:10:17
294100,RimWorld,positive,하다보면 시간가는지 모르고 합니다 낼 회사가야되는데 저도모르게 새벽3시까지 해버렸네요ㅋㅋㅋㅋ,하다 보면 시간 가는지 모르고 합니다 낼 회사 가야 되는데 저 도 모르게 새벽 3시 까지 해 버렸네요 ㅋㅋㅋㅋ,2020-03-05 02:46:33
294100,RimWorld,positive,갓-겜,갓 - 겜,2020-03-05 01:06:43
294100,RimWorld,positive,취향맞으면 꿀잼,취향 맞으면 꿀잼,2020-03-03 21:13:39
294100,RimWorld,positive,아무생각없이 시작했다가 점점 정신이 혼미해집니다,아무 생각 없이 시작 했다가 점점 정신 이 혼미해 집니다,2020-03-03 19:32:39
294100,RimWorld,positive,472시간했는데 아직도 이게임은 한참 남았음 할거 반도 못함 ㄷㄷ,472시간 했는데 아직도 이 게임 은 한참 남았음 할거 반도 못 함 ㄷㄷ,2020-03-03 14:59:21
294100,RimWorld,positive,rrr,rrr,2020-03-03 13:13:32
294100,RimWorld,positive,yee,yee,2020-03-02 21:41:34
294100,RimWorld,positive,For sale : Human-leather sofa. Never worn.,For sale : Human - leather sofa . Never worn .,2020-03-02 17:34:41
294100,RimWorld,positive,재미남,재미 남,2020-03-02 09:16:47
294100,RimWorld,positive,시간 도둑,시간 도둑,2020-03-01 22:42:31
294100,RimWorld,positive,재미져재미져 400시간되버렸네 벌써어어어어,재미 져 재미 져 400시간 되버렸네 벌써 어어어어,2020-03-01 20:22:28
294100,RimWorld,positive,가성비 최고 안되는게 없는 게임,가성 비 최고 안되는게 없는 게임,2020-03-01 14:47:40
294100,RimWorld,positive,하드한 플레이를 싫어해서 쉬운 난이도로 하고 있는데 그래도 재미있네요. 구매한 날에 12시간 플레이할 정도로 중독성이 있습니다.,하드 한 플레이 를 싫어해서 쉬운 난이도 로 하고 있는데 그래도 재미있네요 . 구매 한 날 에 12시간 플레이 할 정도 로 중독 성 이 있습니다 .,2020-02-29 09:07:17
294100,RimWorld,positive,이거 게임 아님,이 거 게임 아님,2020-02-28 16:45:57
294100,RimWorld,positive,1시간 할려다가 3시간하는 나를 볼 수 있다,1시간 할려다가 3시간 하는 나를 볼 수 있다,2020-02-28 11:12:58
294100,RimWorld,positive,시간먹는 하마,시간 먹는 하마,2020-02-28 00:36:25
294100,RimWorld,positive,오마에와 모 신데이루,오마에 와 모 신데 이루,2020-02-27 20:53:23
294100,RimWorld,positive,1,1,2020-02-27 00:51:17
294100,RimWorld,positive,잠깐 했는데 몇 개월이 지났네요.,잠깐 했는데 몇 개월 이 지났네요 .,2020-02-26 22:39:43
294100,RimWorld,positive,장기 적출까지 있는 아주 차칸 게임,장기 적 출까지 있는 아주 차칸 게임,2020-02-26 16:35:14
294100,RimWorld,positive,림들 가죽 벗긴거는 소파만들어서 팔고 고기는 냉동 미트볼로 만들어서 팔면 좋아요 거주민은 하나하나 팔다리 잘라서 더 좋은 팔다리로 교체해주면 강해져요 싫어하면 약물에 좀 담궈주세요 무드관리하는데 편리합니다 갓겜이에요 추천함,림 들 가죽 벗긴거는 소파 만 들어서 팔고 고기 는 냉동 미트볼 로 만들어서 팔면 좋아요 거 주민 은 하나 하나 팔다리 잘라서 더 좋은 팔다리 로 교체 해주면 강해져요 싫어하면 약물 에 좀 담궈주세요 무드 관리 하는데 편리합니다 갓 겜 이에요 추천 함,2020-02-25 20:52:34
294100,RimWorld,positive,갓겜,갓 겜,2020-02-25 20:02:29
294100,RimWorld,positive,재밌게 하고 있음,재밌게 하고 있음,2020-02-25 19:12:01
294100,RimWorld,positive,마인크래프트 질리면 이게 최고인 듯,마인크래프트 질리 면 이 게 최고 인 듯,2020-02-25 16:27:49
294100,RimWorld,positive,dlc낼꺼면 dlc도 공식지원하라규!,dlc 낼꺼면 dlc 도 공식 지원 하 라 규 !,2020-02-25 15:00:20
294100,RimWorld,positive,드포 이지모드,드포 이 지 모드,2020-02-25 12:23:47
294100,RimWorld,positive,음머어어어어어어,음머 어 어어어어 어,2020-02-25 11:00:51
294100,RimWorld,positive,good,good,2020-02-25 07:34:07
294100,RimWorld,positive,rpg나 키우기 게임을 하고 싶으신 건가요? 이 게임을 시작하세요! this name is RIM-----WORLD!!!! 빠 빠바 빰~! 빠 빠바 빰~! 판타지 세계처럼 칼과 화살 속에서 총을 들고 싸우고 싶으신가요? 이 게임을 시작하세요! this name is RIM-----WORLD!!!! 빠 빠바 빰~! 빠 빠바 빰~! 자신의 실력을 알아보기 위해 혹독한 지역에서 도전하시고 싶으신가요? 이 게임을 시작하세요! this name is RIM-----WORLD!!!! 빠 빠바 빰~! 빠 빠바 빰~! 원하는 시설이나 무,rpg 나 키우기 게임 을 하고 싶으신 건가 요 ? 이 게임 을 시작 하세요 ! this name is RIM ----- WORLD !!!! 빠 빠바 빰 ~! 빠 빠바 빰 ~! 판타지 세계 처럼 칼 과 화살 속 에서 총 을 들고 싸우고 싶으신 가요 ? 이 게임 을 시작 하세요 ! this name is RIM ----- WORLD !!!! 빠 빠바 빰 ~! 빠 빠바 빰 ~! 자신 의 실력 을 알아보기 위해 혹독한 지역 에서 도전 하시고 싶으신 가요 ? 이 게임 을 시작 하세요 ! this name is RIM ----- WORLD !!!! 빠 빠바 빰 ~! 빠 빠바 빰 ~! 원하는 시설 이나 무,2020-02-24 22:56:57
294100,RimWorld,positive,심심할땐 림월드지,심심할 땐 림 월드 지,2020-02-24 22:27:50
294100,RimWorld,positive,퇴근하고 잠들기 전까지 잠깐 하기에 괜찮은 게임같아요,퇴근 하고 잠들기 전 까지 잠깐 하기에 괜찮은 게임 같아요,2020-02-24 22:03:44
294100,RimWorld,positive,아직도 게임에 대해 잘 모르겠습니다. 노력하겠습니다. (여러분 이 후기가 정말 재미로 하는 것 같다면 해보세요. 장난 아닙니다 ㄹㅇ. 전 이제 창작마당으로 총총...),아직도 게임 에 대해 잘 모르겠습니다 . 노력 하겠습니다 . ( 여러분 이 후기 가 정말 재미 로 하는 것 같다면 해보세요 . 장난 아닙니다 ㄹㅇ . 전 이제 창작 마당 으로 총총 ...),2020-02-24 18:12:58
294100,RimWorld,positive,정말 재미있다 모드가 있어서 더욱재미있다,정말 재미있다 모드 가 있어서 더욱 재미있다,2020-02-24 17:08:01
294100,RimWorld,positive,인생 순삭 돈주고 산 것 중에 가장 안아깝다,인생 순삭 돈 주고 산 것 중 에 가장 안 아깝다,2020-02-24 14:06:04
294100,RimWorld,positive,.,.,2020-02-23 22:42:39
294100,RimWorld,positive,사지마,사지마,2020-02-23 22:05:43
294100,RimWorld,positive,갓겜,갓 겜,2020-02-23 21:02:32
294100,RimWorld,positive,와씨 와왕ㅇ,와 씨 와 왕 ㅇ,2020-02-23 19:13:48
294100,RimWorld,positive,1700시간 밖에 안했는데 아직도 할게 넘쳐 흐름,1700시간 밖에 안 했는데 아직도 할게 넘쳐 흐름,2020-02-23 16:17:10
294100,RimWorld,positive,첫평가인데 갓겜임 ㄹㅇ임,첫 평가 인데 갓 겜임 ㄹㅇ 임,2020-02-22 22:13:15
294100,RimWorld,positive,확실히 정가로 사도 괜찮다는 느낌난 유일한 겜 다만 이겜은 모드들이 게임을 완성 시킨것 같음,확실히 정가 로 사도 괜찮다는 느낌 난 유일한 겜 다만 이 겜 은 모드 들 이 게임 을 완성 시킨것 같음,2020-02-22 20:06:27
294100,RimWorld,positive,난좋아,난 좋아,2020-02-22 19:47:58
294100,RimWorld,positive,乃,乃,2020-02-22 15:21:05
294100,RimWorld,positive,"우주에서 간단한 시술을 받기 위해 마취되었다 정신 차리고 보니 탈출포트에 타고 있었습니다. 떨어진 뒤에 왜 맨몸으로 떨어졌는데 여러가지 씨앗들이 있는진 모르겠지만, 어쨋든 버려진 구조물을 점거하고 나무를 맨손으로 때려부숴서 문을 달았습니다. 이곳저곳에 널려있는 야생 베리들을 따서 요리를 해먹었고, 식중독에 걸려 사경을 헤맸습니다. 침대를 만들다 계속 실패해서 자원들이 낭비되었습니다. 간신히 만든 침대에서 자려고 하니까 온도가 너무 낮아서 (15도) 추워하더군요. 별수 없이 모닥불을 피워줬습니다. 이번에는 덥다고 하네요 (34도).","우주 에서 간단한 시술 을 받기 위해 마취 되었다 정신 차리고 보니 탈출 포트 에 타고 있었습니다 . 떨어진 뒤 에 왜 맨몸 으로 떨어졌는데 여러가지 씨앗 들 이 있는진 모르겠지만 , 어쨋 든 버려진 구 조물 을 점거 하고 나무 를 맨손 으로 때려 부숴 서 문 을 달았습니다 . 이 곳 저 곳 에 널려 있는 야생 베리 들 을 따서 요리 를 해 먹었고 , 식중독 에 걸려 사경 을 헤맸습니다 . 침대 를 만들다 계속 실패해서 자원 들 이 낭비 되었습니다 . 간신히 만든 침대 에서 자려고 하니까 온도 가 너무 낮아서 ( 15 도 ) 추워하더군요 . 별수 없이 모닥불 을 피워 줬습니다 . 이번 에는 덥다고 하네요 ( 34 도 ).",2020-02-22 00:53:04
294100,RimWorld,positive,최고의 게임 근데 렉좀없애라,최고 의 게임 근데 렉좀 없애라,2020-02-21 14:27:06
294100,RimWorld,positive,I am very impressed!,I am very impressed !,2020-02-20 15:54:25
294100,RimWorld,positive,where is my time,where is my time,2020-02-20 12:49:45
294100,RimWorld,positive,갓겜,갓 겜,2020-02-19 23:48:48
294100,RimWorld,positive,왜 애새끼들 3일만에 정신병걸려서 불지르고 서로 죽이다가 끝나는건지 모르겠음,왜 애 새끼 들 3일 만에 정신병 걸려서 불 지르고 서로 죽이다가 끝나는 건지 모르겠음,2020-02-19 22:27:34
294100,RimWorld,positive,너무 재미있어요 :),너무 재미있어요 :),2020-02-19 21:02:48
294100,RimWorld,positive,ㅗ,ㅗ,2020-02-19 18:11:16
294100,RimWorld,positive,모드추가 추천,모드 추가 추천,2020-02-19 15:19:03
294100,RimWorld,positive,하루만에 4시간 한 겜은 니가 처음이안 내 처음을 뺐어간 나쁜 게임,하루 만에 4시간 한 겜 은 니 가 처음 이안 내 처음 을 뺐 어간 나쁜 게임,2020-02-19 10:38:16
294100,RimWorld,positive,심시티랑 컴퍼니오브히어로즈를 1:1로 잘썪은 레전드게임이다,심시티 랑 컴퍼니 오브 히어로즈 를 1:1 로 잘썪 은 레전드 게임 이다,2020-02-19 02:03:03
294100,RimWorld,positive,걍 재밋따,걍 재밋따,2020-02-19 00:17:03
294100,RimWorld,positive,이런망겜 대체 누가하는지 ㅋㅋ,이런 망겜 대체 누가 하는지 ㅋㅋ,2020-02-18 20:56:09
294100,RimWorld,positive,Superb sci-fi sim game.,Superb sci - fi sim game .,2020-02-18 19:24:32
294100,RimWorld,positive,이 게임이 재밌나싶은데;;; 그닥...,이 게임 이 재밌나싶은데 ;;; 그닥 ...,2020-02-18 01:18:56
294100,RimWorld,positive,하...뭔데계속하고잇지,하 ... 뭔 데 계속 하고 잇지,2020-02-17 23:23:15
294100,RimWorld,positive,아직 많이 해보진 않았지만 재미있어요. 변수가 워낙 많으니 할때마다 새로워 짜릿해 최고야,아직 많이 해보진 않았지만 재미있어요 . 변수 가 워낙 많으니 할 때 마다 새로워 짜릿해 최고 야,2020-02-17 19:39:28
294100,RimWorld,positive,하다보면 시간이 삭제돼있음,하다 보면 시간 이 삭제 돼있음,2020-02-17 12:25:22
294100,RimWorld,positive,중독성 그 자체,중독 성 그 자체,2020-02-16 20:20:45
294100,RimWorld,positive,림월드란 게임은 100시간넘게해도 아직 모르는게 너무많음 궁금한게 생길때마다 검색해가면서 이렇게나 세세한 현실고증이 들어가다니 첨에는 불편했지만 받아들이니 새로운재미 이벤트의 랜덤요소도 굉장히 다회차할때마다 새로운 느낌을줌 모드로 입맛대로 골라가며 할수있는것도 하나의 장점인듯,림 월드 란 게임 은 100시간 넘게해도 아직 모르는게 너무 많음 궁금한게 생길 때 마다 검색 해가면서 이렇게나 세세한 현실 고증 이 들어가다니 첨 에는 불편했지만 받아들이니 새로운 재미 이벤트 의 랜덤 요소 도 굉장히 다 회차 할 때 마다 새로운 느낌 을 줌 모드 로 입맛 대로 골라가며 할수있는것도 하나 의 장점 인 듯,2020-02-16 16:02:48
294100,RimWorld,positive,.,.,2020-02-16 15:29:38
294100,RimWorld,positive,재미가 없습니다.,재미 가 없습니다 .,2020-02-16 14:32:19
294100,RimWorld,positive,모드 갓겜 단연 갓겜 할짝,모드 갓 겜 단연 갓 겜 할 짝,2020-02-16 08:07:20
294100,RimWorld,positive,노잼임 나만할꺼임;,노잼 임 나 만 할꺼 임 ;,2020-02-14 21:56:09
294100,RimWorld,positive,취향만 맞다면 타임머신,취향 만 맞다면 타임머신,2020-02-14 20:59:35
294100,RimWorld,positive,jonna jamjam gaejjem,jonna jamjam gaejjem,2020-02-14 02:18:14
294100,RimWorld,positive,한 번 해봤는데 아직 큰 재미는 모르겠네요,한 번 해봤는데 아직 큰 재미 는 모르겠네요,2020-02-13 19:43:13
294100,RimWorld,positive,갓겜이긴한데 가격이 왜 자꾸 오르냐 유입자들 틀어막으려고 애쓰네 dlc도 맘에 안들고 유저들이 만들어가는 게임에 신규유저를 버리네,갓 겜 이긴한데 가격 이 왜 자꾸 오르냐 유입 자 들 틀어막으려고 애쓰네 dlc 도 맘 에 안 들 고 유저 들 이 만들어가는 게임 에 신규 유저 를 버리네,2020-02-13 04:43:19
294100,RimWorld,positive,개꿀잼,개꿀잼,2020-02-13 01:54:36
294100,RimWorld,positive,걍 개꿀잼 ㅇㅇ 시간가는지모름 근데 메이플보단 재미없음,걍 개꿀잼 ㅇㅇ 시간 가는지 모름 근데 메이플 보단 재미없음,2020-02-12 01:23:08
294100,RimWorld,positive,1인큐는 하지마,1 인큐 는 하지마,2020-02-10 21:04:18
294100,RimWorld,positive,내시간 돌려줘,내 시간 돌려줘,2020-02-10 15:46:33
294100,RimWorld,positive,히키 찐따 씹덕 아싸 페미 너드 사이코패스 병신 호구 백수새끼들을 데리고 우주선을 세워서 행성탈출하는 게임 하나같이 제정신들이 아닌 새끼들데리고 여길 꾸려나갈걸 생각하니까 앞날이 깜깜하다 근데 또 하다보니 되더라 정착민마다 특성이 다 있어서 어떤새끼는 뭐 안해주면 야마돌아서 즈그집을 막 불태우고 어떤새끼는 술 안줬다고 행패부리고 어떤새끼는 갑자기 우울증걸려서 자살한다 이런 혼돈속에서 살아남아야한다 미친거 아니냐? 근데 그게 기가막히게 재밌음,히키 찐 따 씹덕 아싸 페미 너드 사이코패스 병신 호구 백 수 새끼 들 을 데리 고 우주선 을 세워서 행성 탈출 하 는 게임 하나같이 제 정신 들 이 아닌 새끼 들 데리 고 여길 꾸려 나갈 걸 생각 하니까 앞날 이 깜깜 하다 근데 또 하다 보니 되더라 정착민 마다 특성 이 다 있어서 어떤 새끼 는 뭐 안 해주면 야마 돌아서 즈 그 집 을 막 불 태우고 어떤 새끼 는 술 안 줬다고 행패 부리고 어떤 새끼 는 갑자기 우울증 걸려서 자살 한다 이런 혼돈 속 에서 살아남아야한 다 미친거 아니냐 ? 근데 그게 기 가 막히게 재밌음,2020-02-09 15:21:02
294100,RimWorld,positive,게임플레이 디자인이 독특해서 처음 입문시 진입장벽이 약간 있습니다만 그 부분만 넘으면 끝없는 재미가 있는 게임입니다 1600시간 이상 했지만 여전히 재미있어요,게임 플레이 디자인 이 독특해서 처음 입문 시 진입 장벽 이 약간 있습니다만 그 부분 만 넘으면 끝없는 재미 가 있는 게임 입니다 1600시간 이상 했지만 여전히 재미있어요,2020-02-08 22:54:38
294100,RimWorld,positive,272시간... 아직은 림린이... 게임 자체도 재미있지만 모드 덕분에 이 게임을 끊을수가 없다...,272시간 ... 아직 은 림린 이 ... 게임 자체 도 재미있지만 모드 덕분 에 이 게임 을 끊을수가 없다 ...,2020-02-08 22:13:15
294100,RimWorld,positive,그렇게 오래는 안해봤는데 창작마당 모드가 많아서 컨텐츠가 무궁무진하네요,그렇게 오래 는 안 해봤는데 창작 마당 모드 가 많아서 컨텐츠 가 무궁무진 하네요,2020-02-08 17:48:07
294100,RimWorld,positive,내 시간 어디갔누,내 시간 어디 갔 누,2020-02-08 17:12:42
294100,RimWorld,positive,할인 안한다매 개자식들아,할인 안 한다매 개자식 들 아,2020-02-08 10:40:03
294100,RimWorld,positive,"드디어 우리 8명의 아가덜,,,, 우주선 태우고 보냈네요,,,,,, 이것이 부모의 심정일까요,,,,, 기쁨과 쓸쓸함,,,, 그들도 또 다른 여행을 나아가겠죠,,, 메카노이드와 해적단으로부터 집을 지켜내느라 수고했다 아들아,,,, 너희들을 지켜보는 매순간이 즐거웠고 행복했다,,,, 시간이 얼마지나지 않은 것 같은데 벌써 떠나는구나,,,, 너희들은 어디에서도 성공할 수 있을거다,,,,, 엄마가 응원하마,,,,, 파이팅~~@!!","드디어 우리 8 명의 아가 덜 ,,,, 우주선 태우고 보냈네요 ,,,,,, 이 것 이 부모 의 심정 일까 요 ,,,,, 기쁨 과 쓸쓸함 ,,,, 그 들 도 또 다른 여행 을 나아가겠죠 ,,, 메 카노 이드 와 해적 단 으로부터 집 을 지켜내느라 수고 했다 아들 아 ,,,, 너희 들 을 지켜보는 매 순간 이 즐거웠고 행복했다 ,,,, 시간 이 얼마 지나지 않은 것 같은데 벌써 떠나는구나 ,,,, 너희 들 은 어디 에서도 성공할 수 있을거다 ,,,,, 엄마 가 응원 하마 ,,,,, 파이팅 ~~@!!",2020-02-07 22:46:09
294100,RimWorld,positive,시뮬레이션 게임 취향저격,시뮬레이션 게임 취향 저격,2020-02-06 22:04:16
294100,RimWorld,positive,뭐야 내 시간 돌려줘요,뭐 야 내 시간 돌려줘요,2020-02-06 13:00:00
294100,RimWorld,positive,팩토리오에 마인크래프트 섞은 순한맛,팩토리 오 에 마인크래프트 섞은 순 한 맛,2020-02-06 10:54:08
294100,RimWorld,positive,잼슴,잼슴,2020-02-05 22:37:15
294100,RimWorld,positive,뭐야 내 시간 돌려줘요,뭐 야 내 시간 돌려줘요,2020-02-05 22:14:08
294100,RimWorld,positive,잠깐 해보니까 할만 하네요 모드좀 더 해봐야 알 것 같아요,잠깐 해보니까 할만 하네요 모드 좀 더 해봐야 알 것 같아요,2020-02-05 17:16:03
294100,RimWorld,positive,꿀잼,꿀잼,2020-02-05 16:01:50
294100,RimWorld,positive,뭔가 혼자서 림들을 키워나가다 보면 시간이 뚝딱 사라집니다 가겜 모드도 자유롭고요,뭔가 혼자 서 림 들 을 키워 나가다 보면 시간 이 뚝딱 사라집니다 가 겜 모드 도 자유롭고요,2020-02-04 13:34:50
294100,RimWorld,positive,그냥 갓겜,그냥 갓 겜,2020-02-04 00:51:26
294100,RimWorld,positive,시간 잡아먹는 킹 갓게임~~!!,시간 잡아먹는 킹 갓 게임 ~~!!,2020-02-03 14:04:30
294100,RimWorld,positive,똑같은 시체를 봐도 좋아하는 애가 있고 싫어하는 애가 있다. 시체를 좋아하는 애도 먹는건 별로 안좋아하더라.,똑같은 시체 를 봐도 좋아하는 애가 있고 싫어하는 애가 있다 . 시체 를 좋아하는 애도 먹는건 별로 안 좋아하더라 .,2020-02-03 03:08:34
294100,RimWorld,positive,림 월드 그곳은 끝없는 가능성의 세계 당신은 그곳에서 영원히 정착 할 수도 있고 또 다른 유토피아를 찾기위해 우주선을 만들어 지옥같은 그곳을 탈출 할 수도 있습니다. 모든것은 여러분의 선택에 달려있지만 뭐 가끔은 우리가 어쩔 수 없는 재앙이 닥치기도 합니다. 수 많은 고난과 행복을 넘어 당신은 어떤 마을을 만들게 될까요,림 월드 그 곳 은 끝없는 가능성 의 세계 당신 은 그 곳 에서 영원히 정착 할 수도 있고 또 다른 유토피아 를 찾기 위해 우주선 을 만들어 지옥 같은 그 곳 을 탈출 할 수도 있습니다 . 모든 것 은 여러분 의 선택 에 달려있지만 뭐 가끔 은 우리 가 어쩔 수 없는 재앙 이 닥치 기도 합니다 . 수 많은 고난 과 행복 을 넘어 당신 은 어떤 마을 을 만들게 될까 요,2020-02-03 00:28:27
294100,RimWorld,positive,== 가격 == ■ 정가 줘도 좋음 □ 20% 세일까지 존버 □ 50% 세일까지 존버 □ 70% 이상 세일까지 존버 == 그래픽 == □ 개아름다움 □ 아주 좋음 ■ 좋음 □ 그냥 그럼 □ 별로임 == 사운드 == □ 개황홀함 □ 아주 좋음 ■ 좋음 □ 그냥 그럼 □ 별로임 == 사양 == □ 초고사양 컴 □ 고사양 컴 ■적당한 컴 □ 가정용 컴 □ 노트북 == 한글화 == □ 한글화가 되어있음 □ 한글화가 되어있는데 애매함 ■ 유저 한글화가 되어있음 □ 유저 한글화가 되어있는데 애매함 □ 비한글화지만 지장 없음 □ 비한글화,== 가격 == ■ 정가 줘도 좋음 □ 20% 세 일 까지 존버 □ 50% 세 일 까지 존버 □ 70% 이상 세 일 까지 존버 == 그래픽 == □ 개 아름다 움 □ 아주 좋음 ■ 좋음 □ 그냥 그럼 □ 별로 임 == 사운드 == □ 개 황홀함 □ 아주 좋음 ■ 좋음 □ 그냥 그럼 □ 별로 임 == 사양 == □ 초고 사양 컴 □ 고 사양 컴 ■ 적당한 컴 □ 가정 용 컴 □ 노트북 == 한글화 == □ 한글화 가 되어있음 □ 한글화 가 되어있는데 애매함 ■ 유저 한글화 가 되어있음 □ 유저 한글화 가 되어있는데 애매함 □ 비 한글화 지만 지장 없음 □ 비 한글화,2020-02-02 20:44:33
294100,RimWorld,positive,GOOD,GOOD,2020-02-01 21:46:10
294100,RimWorld,positive,타이난은 뭐하냐 컨텐츠가 이렇게 없어서 누가 게임하겠냐? 얼마 하지도 않았는데 벌써 할 게 없어.,타이난 은 뭐 하냐 컨텐츠 가 이렇게 없어서 누가 게임 하겠냐 ? 얼마 하지도 않았는데 벌써 할 게 없어 .,2020-02-01 20:44:46
294100,RimWorld,positive,이 게임은 제작자의 기여율 20% 와 모드 제작자의 80%로 되어있는 아주 재밌을 수도있고 재미없을 수도있는 게임,이 게임 은 제작자 의 기여 율 20% 와 모드 제작자 의 80% 로 되어있는 아주 재밌을 수도 있고 재미없을 수도 있는 게임,2020-02-01 12:22:23
294100,RimWorld,positive,약간 소설읽는 느낌으로 플레이하는 생존시뮬레이션인데 적응되는 순간 시간삭제됨. 하지만 컨셉이 강하고 몰입도가 극과 극이니 잘 선택하기를,약간 소설 읽는 느낌 으로 플레이 하는 생존 시뮬레이션 인데 적응 되는 순간 시간 삭제 됨 . 하지만 컨셉 이 강하고 몰입도 가 극 과 극 이 니 잘 선택 하기를,2020-02-01 02:26:53
294100,RimWorld,positive,john 잼,john 잼,2020-01-31 17:15:59
294100,RimWorld,positive,그리 많이하진 않았지만 재미있음!!!,그리 많이 하진 않았지만 재미있음 !!!,2020-01-31 12:17:12
294100,RimWorld,positive,Excellent Game.,Excellent Game .,2020-01-30 23:45:19
294100,RimWorld,positive,인생게임 ㅇㅈ,인생게임 ㅇㅈ,2020-01-30 20:49:04
294100,RimWorld,positive,갓_겜,갓 _ 겜,2020-01-30 16:39:01
294100,RimWorld,positive,내 시간..,내 시간 ..,2020-01-29 15:29:15
294100,RimWorld,positive,키우는 맛이 있고 은근 빠져든다,키우는 맛 이 있고 은근 빠져든다,2020-01-29 14:12:15
294100,RimWorld,positive,아직 게임은 잘 모르겠지만 이제 창작마당좀 볼려구요,아직 게임 은 잘 모르겠지만 이제 창작 마당 좀 볼려 구 요,2020-01-28 22:18:33
294100,RimWorld,positive,개발자모드 영구비활성화 푸는법 C:\Users\유저이름\AppData\LocalLow\Ludeon Studios\RimWorld by Ludeon Studios\Config 를 메모장으로 열기 하신다음 DevModeDisabled 라는 항목을 지워보세요,개발자 모드 영 구비 활성화 푸는 법 C :\ Users \ 유저 이름 \ AppData \ LocalLow \ Ludeon Studios \ RimWorld by Ludeon Studios \ Config 를 메모장 으로 열기 하신다음 DevModeDisabled 라는 항목 을 지워 보세요,2020-01-28 21:17:34
294100,RimWorld,positive,재밌습니다.,재밌습니다 .,2020-01-28 14:07:54
294100,RimWorld,positive,이 께임을 하다보면 아낌없이 주는 나무가 생각난다 나무가 부모님이라 하는 사람들도 있지만 나무는 인간이다 나무는 버릴게 없는 인간을 뜻하는거다 림월드를 통해서 깨달았다 아낌없이 주는 나무는 사실 아낌없이 주는 인간이라고 중국 암시장의 장기매매 업자 체험을 하고 싶으신 분들께 추천드립니다 간은 충칭으로 눈은 난징으로~심장은 뻬이찡으로 오~유캔텔미와이~오노~플리스 돈 텔미와이~,이 께 임 을 하다 보면 아낌없이 주는 나무 가 생각난다 나무 가 부모님 이라 하는 사람 들 도 있지만 나무 는 인간 이다 나무 는 버릴게 없는 인간 을 뜻 하는거다 림 월드 를 통해 서 깨 달았다 아낌없이 주는 나무 는 사실 아낌없이 주는 인간 이라고 중국 암시장 의 장기매매 업자 체험 을 하고 싶으신 분 들 께 추천 드립니다 간 은 충칭 으로 눈 은 난징 으로 ~ 심장 은 뻬이찡 으로 오 ~ 유캔 텔미 와이 ~ 오노 ~ 플 리스 돈 텔미 와이 ~,2020-01-28 07:58:27
294100,RimWorld,positive,모드질 채고야,모드 질 채고야,2020-01-28 01:39:29
294100,RimWorld,positive,게임 산 지 4일짼데 3일동안 림월드 꿈 꿨음 ㄹㅇ루;,게임 산 지 4일 짼데 3일 동안 림 월드 꿈 꿨음 ㄹㅇ 루 ;,2020-01-27 21:49:37
294100,RimWorld,positive,다음 콜로니는 운이 좋았으면,다음 콜로니 는 운 이 좋았으면,2020-01-27 19:16:41
294100,RimWorld,positive,모드 갓겜!!,모드 갓 겜 !!,2020-01-27 18:45:30
294100,RimWorld,positive,Modding,Modding,2020-01-26 22:31:34
294100,RimWorld,positive,"악마의 중독성, 한번 빠져들면 자기 전까지 다음에 켜면 "" 뭘 만들까? "" 라면서 행복회로를 굴리게 된다. 9시간 연속 플레이에도 두통은 안오는 두뇌 최적화 게임","악마 의 중독 성 , 한번 빠져들면 자기 전 까지 다음 에 켜면 "" 뭘 만들까 ? "" 라면서 행복 회로 를 굴리 게 된다 . 9시간 연속 플레이 에도 두통 은 안 오는 두뇌 최적화 게임",2020-01-26 21:51:05
294100,RimWorld,positive,God Game = gg,God Game = gg,2020-01-26 19:57:43
294100,RimWorld,positive,림아일체,림 아 일체,2020-01-26 19:49:16
294100,RimWorld,positive,21세기 신개념 타임머신,21 세기 신 개념 타임머신,2020-01-26 17:41:02
294100,RimWorld,positive,어... 내 3개월 어디로 사라짐?,어 ... 내 3 개월 어디 로 사라짐 ?,2020-01-26 16:27:01
294100,RimWorld,positive,도트 심즈,도트 심즈,2020-01-26 06:54:01
294100,RimWorld,positive,림월드... 무자비하게 포로의 장기를 적출 하십쇼,림 월드 ... 무자비하게 포로 의 장기 를 적 출 하십 쇼,2020-01-26 02:42:49
294100,RimWorld,positive,단 5가지 1. 내 시간 어디? 림월드 약 1년=내 3~4시간 이상 증발 2. 개같은 스토리텔러놈들(피비 칠렉스에 평화 세팅 해놨는데 나무 함정 실수로 발고는 밟은놈 뇌 2/5가 날아감) 운빨 ㅈ망겜 3. 여기에 다른 고인물들 보이심? 그사람들 말이 다 맞음. 4. 개같은 모드충돌과 참고 어떻게든 고쳐서 쓰는 나. 쿠린 좋더라 5. 아무리 화살날린다고 해도 상급 곡궁 쏘면서 단 한발을 못맞추는 사격 10짜리 엑스컴 림월드,단 5 가지 1 . 내 시간 어디 ? 림 월드 약 1년 = 내 3~4시간 이상 증발 2 . 개 같은 스토리 텔러 놈 들 ( 피비 칠 렉스 에 평화 세팅 해놨는데 나무 함정 실수 로 발고 는 밟은 놈 뇌 2/5 가 날아감 ) 운빨 ㅈ 망겜 3 . 여기 에 다른 고 인물 들 보이 심 ? 그 사람 들 말 이 다 맞음 . 4 . 개 같은 모드 충돌 과 참고 어떻 게 든 고쳐서 쓰는 나 . 쿠린 좋더라 5 . 아무리 화살 날린다고 해도 상급 곡궁 쏘면서 단 한 발 을 못 맞추는 사격 10 짜리 엑스 컴 림 월드,2020-01-25 17:21:17
294100,RimWorld,positive,돈 값 제대로 함,돈 값 제대로 함,2020-01-25 16:46:57
294100,RimWorld,positive,"우주 생존 시뮬레이션 인디 게임, 림월드 입니다. 최소한의 의식주조차 해결하기 힘든 척박한 환경 속에서, 플레이어들은 게임 속 캐릭터인 '림' 들을 이끌며 집단을 이루고 생존해나가야 합니다. 한 번 게임을 시작하면 매력적인 게임 시스템과 비교적 빠른 템포, 그리고 림들의 평화를 위협하는 위험 요소들이 끊임 없이 나타나며 플레이어들을 게임 속에서 빠져나오지 못하게 만듭니다. 생존 시뮬레이션 게임을 좋아하시는 분들께는 최고의 게임이라 추천 드릴 수 있을만큼 훌륭한 작품이라 생각합니다. 앞서 말한대로 게임 몰입도가 엄청나고, 유저들","우주 생존 시뮬레이션 인디 게임 , 림 월드 입니다 . 최소한 의 의식주 조차 해결 하기 힘든 척박한 환경 속 에서 , 플레이어 들 은 게임 속 캐릭터 인 ' 림 ' 들을 이끌며 집단 을 이루고 생존 해 나가야 합니다 . 한 번 게임 을 시작 하면 매력 적 인 게임 시스템 과 비교 적 빠른 템포 , 그리고 림 들 의 평화 를 위협 하는 위험 요소 들 이 끊 임 없이 나타나며 플레이어 들 을 게임 속 에서 빠져나오지 못 하게 만듭니 다 . 생존 시뮬레이션 게임 을 좋아하시는 분 들께는 최고 의 게임 이라 추천 드릴 수 있을만큼 훌륭한 작품 이라 생각 합니다 . 앞서 말 한 대로 게임 몰입도 가 엄청나고 , 유저 들",2020-01-25 09:21:57
294100,RimWorld,positive,모드 갓,모드 갓,2020-01-25 02:37:10
294100,RimWorld,positive,타임킬링... 잼나요,타임 킬링 ... 잼나요,2020-01-24 20:27:55
294100,RimWorld,positive,흔한 시뮬레이션 정착지 만들기 애들 멘탈은 다키스트 던전에서 협찬했습니다 미친놈은 거르고 인성은 팔아서 살아남아라 돈은 어디나 최고지만 여기서도 딱히 다르진 않다 이 사실을 명심하고 정착지를 운영해보세요 시계는 꼭 보고합시다. 위험해요,흔한 시뮬레이션 정착 지 만들기 애 들 멘탈 은 다 키스트 던전 에서 협찬 했습니다 미친 놈 은 거르 고 인성 은 팔아서 살아남아라 돈 은 어디 나 최고 지만 여기서도 딱히 다르진 않다 이 사실 을 명 심하고 정착 지를 운영 해보세요 시계 는 꼭 보고 합시다 . 위험해요,2020-01-24 14:56:58
294100,RimWorld,positive,good,good,2020-01-24 13:01:31
294100,RimWorld,positive,바닐라로 1번 깨고 그담에 모드질로 무한으로 즐겨,바닐라 로 1 번 깨고 그 담 에 모드 질 로 무한 으로 즐겨,2020-01-24 12:42:31
294100,RimWorld,positive,타임머신게임! 이런 그래픽의 게임을 구매하게 될줄이야...후회 절대 안돼,타임머신 게임 ! 이런 그래픽 의 게임 을 구매 하게 될줄이야 ... 후회 절대 안 돼,2020-01-24 12:30:16
294100,RimWorld,positive,조온나게 재미있음 세일 안한다고 제작자가 못 박았으니까 세일 기다리지말고 지금 사라,조온나 게 재미있음 세 일 안 한다고 제작자 가 못 박았으니까 세 일 기다리지말고 지금 사라,2020-01-24 04:20:26
294100,RimWorld,positive,어휴 시간 잘간다.,어휴 시간 잘 간다 .,2020-01-24 02:06:50
294100,RimWorld,positive,ㄹㅇ 제 2의문명,ㄹㅇ 제 2 의문 명,2020-01-22 20:06:31
294100,RimWorld,positive,이것은 인생이여,이 것 은 인생 이여,2020-01-22 15:57:19
294100,RimWorld,positive,갓-겜,갓 - 겜,2020-01-22 15:05:07
294100,RimWorld,positive,하다가 한눈팔지마라 원자재상 지나가면 개빡친다,하다가 한눈팔지마라 원자재 상 지나가면 개 빡친다,2020-01-22 12:17:25
294100,RimWorld,positive,매우 좋습니다.,매우 좋습니다 .,2020-01-22 01:02:17
294100,RimWorld,positive,핳핳항!!!!,핳 핳 항 !!!!,2020-01-21 22:05:12
294100,RimWorld,positive,군대에서 상병 진급할 때 처음 샀던 게임입니다 그 이후로 8번의 휴가 동안 800시간을 한 게임이지요 이 말이면 설명이 되리라 생각되네요 ㅎ,군대 에서 상병 진급 할 때 처음 샀던 게임 입니다 그 이후 로 8 번의 휴가 동안 800시간 을 한 게임 이지 요 이 말 이면 설명 이 되리라 생각 되네요 ㅎ,2020-01-21 18:27:46
294100,RimWorld,positive,타임머신,타임머신,2020-01-21 17:35:27
294100,RimWorld,positive,타임머신 그자체,타임머신 그 자체,2020-01-21 00:33:58
294100,RimWorld,positive,"역시 게임은 그래픽이 다가 아니라는 걸 여실히 보여주는 게임. 지형 고저차 따위 없는 탑뷰, 팔다리조차 없는 캐릭터, 뭐 하나 알려주지않는 스토리. 이런 장애물도 다 씹고 몇백시간씩 꼴아박을 정도로 재밌음.","역시 게임 은 그래픽 이 다가 아니라는 걸 여실히 보여주는 게임 . 지형 고 저 차 따위 없는 탑뷰 , 팔다리 조차 없는 캐릭터 , 뭐 하나 알려주지 않는 스토리 . 이런 장애물 도 다 씹고 몇 백 시간 씩 꼴아 박 을 정도 로 재밌음 .",2020-01-21 00:22:20
294100,RimWorld,positive,랜디시여 축복을,랜디시 여 축복 을,2020-01-20 23:22:25
294100,RimWorld,positive,기지 계획 세우면 내 인생계획 세울 시간이 다날라감,기지 계획 세우면 내 인생 계획 세울 시간 이 다날 라 감,2020-01-20 16:46:12
294100,RimWorld,positive,쉽네,쉽네,2020-01-19 23:41:26
294100,RimWorld,positive,이 게임은 마치 평양냉면 같은 게임입니다. 평양냉면은 여러번 먹어야 그 맛을 알 수 있어요. 이 게임도 같아요. 첨엔 그래픽보고 뭐이런 배설물같은 게임이 다있냐고 생각드는데 사용자 평가가 너무 긍정적이고 점수가 좋길래 그래도 게임성은 좋겠지 하면서 했는데 역시나! 굉장히 재밌습니다. 처음에는 좀 답답할 수가 있는데 일단 목표를 냉장고 만들기로 잡아보세요. 네모난 방 만들고 냉방기 달면 실내 온도가 0도 아래로 내려가는데 그러면 음식이 썩지않습니다. 일단 냉장고 짓고 살아남아보세요.(전기를 생산하는 발전기<풍력발전기 추천. 풍력발전,이 게임 은 마치 평양 냉면 같은 게임 입니다 . 평양 냉면 은 여러 번 먹어야 그 맛 을 알 수 있어요 . 이 게임 도 같아요 . 첨 엔 그래픽 보고 뭐 이런 배설물 같은 게임 이 다 있냐고 생각 드는데 사용자 평가 가 너무 긍정 적 이고 점수 가 좋길래 그래도 게임 성은 좋겠지 하면서 했는데 역시 나 ! 굉장히 재밌습니다 . 처음 에는 좀 답답할 수가 있는데 일단 목표 를 냉장고 만들기 로 잡아 보세요 . 네모 난 방 만들고 냉 방기 달 면 실내 온도 가 0 도 아래 로 내려가는데 그러면 음식 이 썩지 않습니다 . 일단 냉장고 짓고 살아남아 보세요 .( 전기 를 생산 하는 발전기 < 풍력 발전기 추천 . 풍력발전,2020-01-19 22:29:39
294100,RimWorld,positive,5,5,2020-01-19 19:04:28
294100,RimWorld,positive,튜토리얼 대체 언제 끝나는거야?,튜토리얼 대체 언제 끝나는거야 ?,2020-01-19 18:58:19
294100,RimWorld,positive,처음에는 모드없이하자. 어쨌든 나는 재미있는데 취향갈리는 호불호 게임 이라보면 됌 ㅇㅇ,처음 에는 모드 없이 하자 . 어쨌든 나 는 재미있는데 취향 갈리는 호불호 게임 이 라보 면 됌 ㅇㅇ,2020-01-19 11:07:08
294100,RimWorld,positive,very interesting game,very interesting game,2020-01-19 01:06:34
294100,RimWorld,positive,음.... 이 게임을 할때마다 생기는 여러 문제을 해결하는 재미가 있음 개인적인 생각이지만 저사양 노트북에도 어느정도 돌아감 난 역시 문명은 플레이 해본적이 없지만 이게임역시 악마의 게임 임!!,음 .... 이 게임 을 할 때 마다 생기는 여러 문제 을 해결 하는 재미 가 있음 개인 적 인 생각 이지만 저 사양 노트북 에도 어느 정도 돌아감 난 역시 문명 은 플레이 해 본적 이 없지만 이 게임 역시 악마 의 게임 임 !!,2020-01-18 22:06:58
294100,RimWorld,positive,좀만 더 컨텐츠가 많았으면 좋겠당,좀 만 더 컨텐츠 가 많았으면 좋겠당,2020-01-18 21:19:24
294100,RimWorld,positive,내 인생에 이런 겜은 없었다 이것은 월드인가 콜로세움인가,내 인생 에 이런 겜 은 없었다 이 것 은 월드 인가 콜로세움 인가,2020-01-18 20:15:47
294100,RimWorld,positive,우주갓겜,우주 갓 겜,2020-01-18 12:10:41
294100,RimWorld,positive,발전가능성이 무궁무진한 게임 7,발전 가능성 이 무궁무진 한 게임 7,2020-01-18 05:59:41
294100,RimWorld,positive,전 얼마 안한 뉴비라서 이거만 알려드릴 수 있겠네요 문명을 이은 인류 제 2의 미래단일형 타임머신 참고로 모드플레이시 강철은 아껴 씁시다-,전 얼마 안 한 뉴비 라서 이 거만 알려 드릴 수 있겠네요 문명 을 이 은 인류 제 2 의 미래 단일 형 타임머신 참고 로 모드 플레이 시 강철 은 아껴 씁시다 -,2020-01-17 21:00:37
294100,RimWorld,positive,별로안했는데 재미2,별 로안 했는데 재미 2,2020-01-17 01:27:58
294100,RimWorld,positive,갓겜,갓 겜,2020-01-16 14:38:21
294100,RimWorld,positive,설명이 필요한가요? 해보면 아실꺼임,설명 이 필요한가요 ? 해보면 아실꺼 임,2020-01-15 22:48:03
294100,RimWorld,positive,생각보다 많은 인구를 키우는건 어려움 말 안 듣는 녀석들이나 불평불만 하는 얘들이 생각보다 많고 자주 빈번하게 일어나서 짜증날 때도 있음 테크나 게임 장비나 많이 단순하고 부족하나 재미는 있다. 그러니 좀 알 것 같다 싶으면 모드 깔아서 하자!,생각 보다 많은 인구 를 키우는건 어려움 말 안 듣는 녀석 들 이나 불평 불만 하는 얘 들 이 생각 보다 많고 자주 빈번 하게 일어나서 짜증날 때 도 있음 테크 나 게임 장비 나 많이 단순하고 부족하나 재미 는 있다 . 그러니 좀 알 것 같다 싶으면 모드 깔아서 하자 !,2020-01-15 13:34:41
294100,RimWorld,positive,뭐야 시발 내 시간 돌려줘요,뭐 야 시발 내 시간 돌려줘요,2020-01-15 10:21:56
294100,RimWorld,positive,asdf,asdf,2020-01-15 01:41:40
294100,RimWorld,positive,"순정 림월드를 처음 즐길때는 몰랐으나 모드를 깔고 나서 컨텐츠가 무궁무진하다는게 느껴지네요 모드를 뭘 받을까 고민할때 조차 즐거웠고, 모드들이 충돌없이 잘 작동하면서 정착지를 관리할 때에는 시간가는 줄 모르고 즐겼습니다. 며칠간 헤어나오질 못해서 고생했었네요. 자신이 원하는 게임으로 만들어 갈 수 있다는게 가장 큰 장점입니다.","순정 림 월드 를 처음 즐길 때 는 몰랐으나 모드 를 깔고 나서 컨텐츠 가 무궁무진 하다는게 느껴지네요 모드 를 뭘 받을까 고민 할 때 조차 즐거웠고 , 모드 들 이 충돌 없이 잘 작동 하면서 정착 지를 관리 할 때 에는 시간 가는 줄 모르고 즐겼습니다 . 며칠 간 헤어 나오질 못 해서 고생 했었네요 . 자신 이 원하는 게임 으로 만들어 갈 수 있다는게 가장 큰 장점 입니다 .",2020-01-13 18:47:31
294100,RimWorld,positive,이세상에서 유일하게 신체 장기 유통업이 가능한 게임,이 세상 에서 유일하게 신체 장기 유통업 이 가능한 게임,2020-01-13 16:36:59
294100,RimWorld,positive,시간 때우기 좋음,시간 때우기 좋음,2020-01-13 12:05:38
294100,RimWorld,positive,미친게임,미친 게임,2020-01-12 19:48:41
294100,RimWorld,positive,이 게임 정말 내 취향을 강타함 너무 잼있고 잘만든 게임임. (갓겜이나 난이도가 있으니 주의바람) 혹시 불편한거나 바라는게 있으면 모드(창작마당)을 깔면 되니(공짜로) 너무 좋은것 같음.,이 게임 정말 내 취향 을 강타 함 너무 잼있고 잘만 든 게임 임 . ( 갓 겜 이나 난이도 가 있으니 주의 바람 ) 혹시 불편한거나 바라는게 있으면 모드 ( 창작 마당 ) 을 깔면 되니 ( 공짜 로 ) 너무 좋은 것 같음 .,2020-01-12 14:50:41
294100,RimWorld,positive,뒤틀린 공간의 신전... 잊혀진 시간의 탑... 공허로부터 나오는 차원의 균열... 그런 느낌으로 게임하면 꽤나 재밌는 게임이기에... 모드도 추가한다면 밥에 반찬 들어가는 것 같이 중요한 요소인 게임이다. 결론은 갓겜이다.,뒤틀린 공간 의 신전 ... 잊혀진 시간 의 탑 ... 공허 로부터 나오는 차원 의 균열 ... 그런 느낌 으로 게임 하면 꽤 나 재밌는 게임 이기 에 ... 모드 도 추가 한다면 밥 에 반찬 들어가는 것 같이 중요한 요소 인 게임 이다 . 결론 은 갓 겜 이다 .,2020-01-11 19:51:23
294100,RimWorld,positive,엄청난 요오오오오오오직겜,엄청난 요 오오오오오오 직겜,2020-01-11 17:02:57
294100,RimWorld,positive,사. 사라고.,사 . 사라 고 .,2020-01-11 15:51:14
294100,RimWorld,positive,악마의 게임,악마 의 게임,2020-01-10 19:14:40
294100,RimWorld,positive,시간을 훔치는 자,시간 을 훔치는 자,2020-01-10 03:21:10
294100,RimWorld,positive,this game is very good,this game is very good,2020-01-09 21:52:03
294100,RimWorld,positive,시간이 삭제되는 마법같은 게임,시간 이 삭제 되는 마법 같은 게임,2020-01-09 10:59:11
294100,RimWorld,positive,중독성이 강하다 하지만 너무 어렵다 능지가 딸려서 못한다,중독 성 이 강하다 하지만 너무 어렵다 능지 가 딸려서 못 한다,2020-01-09 03:05:30
294100,RimWorld,positive,아...또 해뜨는거 보네 이 게임 시작 후 아침형인간이 되었다.,아 ... 또 해 뜨는거 보네 이 게임 시작 후 아침형인간 이 되었다 .,2020-01-09 02:26:03
294100,RimWorld,positive,뭐 별로 할건없는데 재미있긴하네요,뭐 별로 할건 없는데 재미있긴하네요,2020-01-08 14:25:29
294100,RimWorld,positive,처음하면 : 어렵네 좀하다보면 : 재밌긴한데 뭔가부족 모드 알고나면 : 와 갓겜 모드 50개넘어가는순간 : 인생ㅂㅂ,처음 하면 : 어렵네 좀 하다 보면 : 재밌긴한데 뭔가 부족 모드 알고나면 : 와 갓 겜 모드 50 개 넘어가는 순간 : 인생 ㅂㅂ,2020-01-08 01:31:21
294100,RimWorld,positive,해적이 싫어요,해적 이 싫어요,2020-01-06 23:29:40
294100,RimWorld,positive,취향만 맞다면 갓겜입니다. 한순간도 긴장의 끈을 놓을 수 없고 지루할 때쯤엔 모드를 적용한다면 무궁무진해집니다. 우주선을 띄울때는 설렘반 아쉬움 반 이고 떄론 평생 문명을 일구고 행복하게 사는 모습을 보는 것도 좋습니다. 멀티모드가 생기면서 진정한 갓겜이 되었다고 생각합니다. 둘이서 즐겨도 좋아요,취향 만 맞다면 갓 겜 입니다 . 한순간 도 긴장 의 끈 을 놓을 수 없고 지루할 때 쯤 엔 모드 를 적용 한다면 무궁무진 해 집니다 . 우주선 을 띄울 때 는 설렘 반 아쉬움 반 이고 떄론 평생 문명 을 일구고 행복하게 사는 모습 을 보는 것 도 좋습니다 . 멀티 모드 가 생기면서 진정한 갓 겜 이 되었다고 생각 합니다 . 둘이서 즐겨도 좋아요,2020-01-06 23:05:09
294100,RimWorld,positive,good game,good game,2020-01-05 21:54:29
294100,RimWorld,positive,아 농사시설만 짓고 꺼야지~ 어? 연구 있잖아? 연구만 끝내고 꺼야지~ 어? 습격이잖아? 습격만 막고 꺼야지~ 어? 상단이잖아? 거래만 하고 꺼야지~,아 농사 시설 만 짓고 꺼야지 ~ 어 ? 연구 있잖아 ? 연구 만 끝내고 꺼야지 ~ 어 ? 습격 이 잖아 ? 습격 만 막고 꺼야지 ~ 어 ? 상단 이 잖아 ? 거래 만 하고 꺼야지 ~,2020-01-05 20:23:25
294100,RimWorld,positive,"음식을 사냥해서 소중한 노예들에게 주면 안 익혀서 생으로 먹고서는 ""왜 우리에게 생으로 준거야ㅠㅠ"" 라고 하는 병신들을 볼 수 있는게임","음식 을 사냥 해서 소중한 노예 들 에게 주면 안 익혀서 생으로 먹고서는 "" 왜 우리 에게 생으로 준거야 ㅠㅠ "" 라고 하는 병신 들 을 볼 수 있는 게임",2020-01-05 18:04:42
294100,RimWorld,positive,취향만 맞는다면야 타임머신임 대신 진짜 취향타고 호불호 확실하니깐 유튜브나 인터넷에서 충분히 찾아보고 플레이하는거 구경한다음 사는거 추천,취향 만 맞는다면야 타임머신 임 대신 진짜 취향 타고 호불호 확실하니깐 유튜브 나 인터넷 에서 충분히 찾아보고 플레이 하는거 구 경 한 다음 사는거 추천,2020-01-05 16:18:29
294100,RimWorld,positive,"매력적인 게임, 환상의 모드질, 나만 몰랐던 개발자 툴......","매력 적 인 게임 , 환상 의 모드 질 , 나 만 몰랐던 개발자 툴 ......",2020-01-05 14:27:52
294100,RimWorld,positive,시간이 엄청나게 빨리간다. 하지만 뭔가 어렵다,시간 이 엄청나게 빨리 간다 . 하지만 뭔가 어렵다,2020-01-04 17:10:08
294100,RimWorld,positive,시간이 매우잘감,시간 이 매우잘 감,2020-01-04 15:01:35
294100,RimWorld,positive,사지가 멀정하다면 노예. 사지가 멀정하지 않다면 수술 후 노예. 아직 하루하루 먹고 살기가 목표라 탈출은 못시켰지만 하는 꼬라지 보면 탈출 시키고 싶지 않음. 뭐만 하면 불지르고 싸우고 약물 중독 오고...,사지 가 멀 정 하다면 노예 . 사지 가 멀 정 하 지 않다면 수술 후 노예 . 아직 하루하루 먹고 살기 가 목표 라 탈출 은 못 시켰지만 하는 꼬 라지 보면 탈출 시키고 싶지 않음 . 뭐 만 하면 불 지르고 싸우고 약물 중독 오고 ...,2020-01-04 00:22:30
294100,RimWorld,positive,이제야 할만하네요,이제야 할만 하네요,2020-01-04 00:20:56
294100,RimWorld,positive,잼남,잼남,2020-01-03 18:38:59
294100,RimWorld,positive,저 리뷰들 플탐 보임? 사지 마셈 ㄹㅇ,저 리뷰 들 플 탐 보임 ? 사지 마셈 ㄹㅇ,2020-01-03 12:11:03
294100,RimWorld,positive,재밌어요,재밌어요,2020-01-02 21:45:45
294100,RimWorld,positive,사람을 자원으로 취급하는 멋진게임 사고팔고 장기때고 가죽벗겨 옷만들고 쇼파만들고 침낭만들고 또 머있지? 인육으로 음식과 사료도 만들수 있어요♡,사람 을 자원 으로 취급 하는 멋진 게임 사고팔고 장기 때 고 가죽 벗겨 옷 만들고 쇼파 만들고 침 낭만 들 고 또 머 있지 ? 인육 으로 음식 과 사료 도 만들수 있어요 ♡,2020-01-02 18:41:36
294100,RimWorld,positive,갓겜이라고 생각됨 ㅎㅎ,갓 겜 이라고 생각 됨 ㅎㅎ,2019-12-31 17:04:03
294100,RimWorld,positive,플레이 한지 얼마되지도 않았는데 어느샌가 습격자들의 장기를 뽑고 매매하는 나 자신을 볼 수 있었다.,플레이 한지 얼마 되지도 않았는데 어느샌가 습격 자 들 의 장기 를 뽑고 매매 하는 나 자신 을 볼 수 있었다 .,2019-12-31 14:48:27
294100,RimWorld,positive,.,.,2019-12-31 02:53:30
294100,RimWorld,positive,시간가는줄을 모르고했네요,시간 가는줄을 모르고 했네요,2019-12-30 22:42:27
294100,RimWorld,positive,갓겜,갓 겜,2019-12-30 21:39:21
294100,RimWorld,positive,타임머신....;;;,타임머신 ....;;;,2019-12-30 21:20:30
294100,RimWorld,positive,중독됩니다.,중독 됩니다 .,2019-12-30 13:44:57
294100,RimWorld,positive,.,.,2019-12-30 12:08:56
294100,RimWorld,positive,언제 탈출엔딩을 볼수있을지 모르겠지만 재미있음. 처음에 튜토리얼하고 무작정 도전했다가 겨울을 나지못하고 멸망했고 두번째도 마찬가지로 얼마안가 멸망 다른분이 쓴 공략 찾아서 겨울을 났으나 기술테크를 잘못타서 망. 지식부족으로 화약초 불타서 다 불타죽고 망 욕심부려서 이것저것 설치했는데 전기생산량이 딸리고 강철이 없어서 전기생산을 못하고 망 사냥하다 버팔로나 사슴들한테 반격당해 주요 전력이 사망해서 망. 자주 망하지만 재미있다.,언제 탈출 엔딩 을 볼수있을지 모르겠지만 재미있음 . 처음 에 튜토리얼 하고 무작정 도전 했다가 겨울 을 나지못하고 멸망했고 두번째 도 마찬가지 로 얼 마안 가 멸망 다른 분 이 쓴 공략 찾아서 겨울 을 났으나 기술 테크 를 잘 못 타서 망 . 지식 부족 으로 화약 초 불타서 다 불타 죽고 망 욕심 부려서 이 것 저 것 설치 했는데 전 기 생산 량 이 딸리고 강철 이 없어서 전 기 생산 을 못 하고 망 사냥 하다 버팔로 나 사슴 들 한테 반격 당해 주요 전력 이 사망 해서 망 . 자주 망하지만 재미있다 .,2019-12-30 03:26:13
294100,RimWorld,positive,메카노이드 사이더로만 구성된 습격이 와서 7명중 한명은 왼다리만 남기고 다잘리고 두명은 팔이 없어져서 물건 1개씩 옮기고있고 한명은 양 눈이 짖이겨져서 못생겻다고 다른림들한테 왕따당하고있고 또 한명은 아프다고 광란떠서 옆에있던 각별동물 뇌를 곡갱이로 찍어버려가지고 뇌32퍼로 만들어버리고 또 한명은 시체처리하다가 자연인이 되버리고 나머지 한명은 약없어서 생약 구하러가다가 곰이 배고프다고 죽여버리고 머리부터 먹히고있음. 정말 멋지지 않습니까? 놀랍게도 이 모든 상황이 동시에 일어나는 림월드로 모두 오세요!,메 카노 이드 사이더 로만 구성 된 습격 이 와서 7 명중 한 명 은 왼 다리 만 남기고 다 잘리고 두 명 은 팔이 없어져서 물건 1 개 씩 옮기고있고 한 명 은 양 눈 이 짖 이겨져서 못생겻다 고 다른 림 들 한테 왕따 당하고있고 또 한 명 은 아프다고 광란 떠서 옆 에 있던 각별 동물 뇌 를 곡갱 이 로 찍어 버려가지고 뇌 32 퍼 로 만들어 버리고 또 한 명 은 시체 처리 하 다가 자연인 이 되 버리고 나머지 한 명 은 약 없어서 생약 구 하러가다가 곰 이 배고프다고 죽여 버리고 머리 부터 먹히고있음 . 정말 멋지지 않습니까 ? 놀랍게도 이 모든 상황 이 동시 에 일어나는 림 월드 로 모두 오세요 !,2019-12-29 09:16:39
294100,RimWorld,positive,너무 재미납니다. 이렇게 상투적인 표현뿐....,너무 재미 납니다 . 이렇게 상투 적 인 표현 뿐 ....,2019-12-29 08:13:52
294100,RimWorld,positive,아악 너무재밌어,아악 너무 재밌어,2019-12-28 23:51:56
294100,RimWorld,positive,미친듯이 재밌다 근데 버그 개많다 시발,미친듯이 재밌다 근데 버그 개 많다 시발,2019-12-27 20:20:55
294100,RimWorld,positive,나는 아직 우주선을 보지 못했다,나 는 아직 우주선 을 보지 못 했다,2019-12-27 15:58:09
294100,RimWorld,positive,아직 뭐가 뭔지 몰르겟지만 재미있는것 같음.,아직 뭐 가 뭔 지 몰르겟지만 재미있는것 같음 .,2019-12-27 08:57:31
294100,RimWorld,positive,한번 키면 하루 계획 다 날림,한번 키 면 하루 계획 다 날림,2019-12-27 02:15:46
294100,RimWorld,positive,재미가 매우 있습니다.... 그런데 100시간 이상 해보니 컨텐츠부족으로 새로운 재미를 찾게 되네요....종족의 다양성 부족은 의외네요.. 제가 아직 모르는게 있는가 쉽은데...종족이 인간밖에 없어요.... 근데 오래하면서 특히 재미있는것은 인간들 로보트로 개조하는 재미입니다. 늙어서 갖가지 병에 걸리는데 그냥 로보트 부품으로 교체 ㅋㅋ,재미 가 매우 있습니다 .... 그런데 100시간 이상 해보니 컨텐츠 부족 으로 새로운 재미 를 찾게 되네요 .... 종족 의 다양성 부족 은 의외 네 요 .. 제 가 아직 모르는게 있는가 쉽은데 ... 종족 이 인간 밖에 없어요 .... 근데 오래 하면서 특히 재미있는것은 인간 들 로보트 로 개조 하는 재미 입니다 . 늙어서 갖가지 병 에 걸리는데 그냥 로보트 부품 으로 교체 ㅋㅋ,2019-12-27 01:55:23
294100,RimWorld,positive,"이제 튜토리얼을 마쳐서 재밌는지 잘 모르겠네요. 좀 더 즐겨 봐야 알 수 있을거 같아요,","이제 튜토리얼 을 마쳐서 재밌는지 잘 모르겠네요 . 좀 더 즐겨 봐야 알 수 있을거 같아요 ,",2019-12-27 00:21:26
294100,RimWorld,positive,시간순삭겜! 림월드만큼 시간체감이 안되는 겜이 없었다 컨텐츠도 많고 사소한 부분에서의 감동이 있음 추천 예예예예예 !!,시간 순삭 겜 ! 림 월드 만큼 시간 체감 이 안되는 겜 이 없었다 컨텐츠 도 많고 사소한 부분 에서의 감동 이 있음 추천 예 예 예 예 예 !!,2019-12-26 21:10:12
294100,RimWorld,positive,이상하게 한 번 엔딩보고 난 이후로는 잘 안하게 된다... 그래도 재밌었다 가끔 생각 날 때마다 틀어서 사람 고르고 집터 잡다가 끄게 됌... 왤까,이상하게 한 번 엔딩 보고 난 이후 로는 잘 안 하게 된다 ... 그래도 재밌었다 가끔 생각 날 때 마다 틀어서 사람 고르고 집터 잡다가 끄게 됌 ... 왤까,2019-12-26 00:07:22
294100,RimWorld,positive,지가 죽어도 일 좀더 하자는 말을 안듣내 이놈들;,지가 죽어도 일 좀더 하자 는 말 을 안 듣내 이 놈 들 ;,2019-12-25 17:32:53
294100,RimWorld,positive,아직 초보라서 뭔지 모르겠지만 재밌음,아직 초보 라서 뭔 지 모르겠지만 재밌음,2019-12-25 13:02:18
294100,RimWorld,positive,"초보이지만 그래도 재밌음. 가급적 바닐라로 하다가 난이도를 높이고 싶으실 때 모드를 사용하길 권장함. 추천 모드는 speed 증가,쌍수","초보 이지만 그래도 재밌음 . 가급적 바닐라 로 하다가 난이도 를 높이 고 싶으실 때 모드 를 사용 하길 권장 함 . 추천 모드 는 speed 증가 , 쌍수",2019-12-25 07:05:39
294100,RimWorld,positive,전략게임 재미씀,전략 게임 재미 씀,2019-12-25 05:48:14
294100,RimWorld,positive,사람 장기 뜯기로 까이는 기분 수치 = 바닥에서 밥 먹으면 까이는 기분 수치,사람 장기 뜯기로 까이는 기분 수치 = 바닥 에서 밥 먹으면 까이는 기분 수치,2019-12-24 21:15:43
294100,RimWorld,positive,하다보면 시간 순삭임. 첨엔 좀 어려운데 이것저것 하다보면 꿀잼,하다 보면 시간 순삭 임 . 첨 엔 좀 어려운데 이 것 저 것 하다 보면 꿀잼,2019-12-24 20:15:52
294100,RimWorld,positive,이제 모드질 시작,이제 모드 질 시작,2019-12-24 15:29:05
294100,RimWorld,positive,하다보면 어느새 포로 장기 뽑고 죽으면 시체는 도축해서 인육은 가축 먹이고 가죽으로 소파만들게 되는 게임,하다 보면 어느새 포로 장기 뽑고 죽으면 시체 는 도축 해서 인육 은 가축 먹이 고 가죽 으로 소파 만들게 되는 게임,2019-12-24 00:36:38
294100,RimWorld,positive,아 졸잼...,아 졸잼 ...,2019-12-23 18:32:35
294100,RimWorld,positive,호불호 갈릴 수 있는 장르긴 한데 호일 경우 시간 순삭됨. 그러니 현실 시간 잘 보면서 플레이 하시길.,호불호 갈릴 수 있는 장르 긴 한데 호일 경우 시간 순삭 됨 . 그러니 현실 시간 잘 보면서 플레이 하시길 .,2019-12-23 15:09:15
294100,RimWorld,positive,개꿀잼 모드를 추가하면 더꿀잼,개꿀잼 모드 를 추가 하면 더꿀잼,2019-12-23 14:14:26
294100,RimWorld,positive,중독성 오짐. 도망가,중독 성 오 짐 . 도망가,2019-12-23 12:54:14
294100,RimWorld,positive,"난감한 조작성, 그를 뛰어넘는 자유도","난감한 조작성 , 그 를 뛰어넘는 자유도",2019-12-23 02:32:31
294100,RimWorld,positive,언제쯤 림린이에서 탈출할 수 있을까..,언제 쯤 림린 이 에서 탈출 할 수 있을까 ..,2019-12-23 01:15:01
294100,RimWorld,positive,SF 소설쓰기 게임,SF 소설 쓰기 게임,2019-12-22 22:11:56
294100,RimWorld,positive,겁내 힘든 생존게임인데 치트를 키니깐 네모네모한 심즈가 되었습니다.,겁내 힘든 생존 게임 인데 치트 를 키 니깐 네 모 네모 한 심즈 가 되었습니다 .,2019-12-22 20:57:14
294100,RimWorld,positive,겜키기 전에는 딴거 뭐할거 없을까 찾다가 결국 이거 키고나면 개재밋어서 서너시간 때우는건 기본,겜키기 전 에는 딴거 뭐 할거 없을까 찾다가 결국 이 거 키 고 나면 개재 밋 어 서 서너 시간 때우는건 기본,2019-12-22 18:15:00
294100,RimWorld,positive,넘모재미있음,넘 모 재미있음,2019-12-22 15:21:55
294100,RimWorld,positive,e,e,2019-12-22 14:55:11
294100,RimWorld,positive,심즈나 심시티를 생각하고 산다면 매우 고통스럽고 어려움. 하지만 약간 끈을 놓고 해보면 적당한 난이도의 재밌는 게임.,심즈 나 심시티 를 생각 하고 산다 면 매우 고통스럽고 어려움 . 하지만 약간 끈 을 놓고 해보면 적당한 난이도 의 재밌는 게임 .,2019-12-22 13:50:15
294100,RimWorld,positive,"갓겜입니다. 한글도 공식 지원하고, 창작마당 콘텐츠나 여러 가지 게임요소가 많아서 재미있게 오랜 시간 플레이 할 수 있습니다.","갓 겜 입니다 . 한글 도 공식 지원 하고 , 창작 마당 콘텐츠 나 여러 가지 게임 요소 가 많아서 재미있게 오랜 시간 플레이 할 수 있습니다 .",2019-12-22 09:56:49
294100,RimWorld,positive,zlffldxkdlarktrpa,zlffldxkdlarktrpa,2019-12-21 20:44:45
294100,RimWorld,positive,요오오오오오직에 올라선 안 되는 사람이 될 수 있는 막장제조게임 림월드! 세일 절대 안한다고 하니 걍 정가 주고 사시라!,요 오오오오오 직 에 올라선 안 되는 사람 이 될 수 있는 막장 제조 게임 림 월드 ! 세 일 절대 안 한다고 하니 걍 정가 주고 사시 라 !,2019-12-21 20:31:18
294100,RimWorld,positive,재밌고 중독성 개쩌는데 어렵고 복잡하다...ㅋ,재밌고 중독 성 개쩌는데 어렵고 복잡하다 ... ㅋ,2019-12-20 23:31:22
294100,RimWorld,positive,모든지 끝은 순정.,모든 지 끝 은 순정 .,2019-12-20 22:16:18
294100,RimWorld,positive,생각보다 재미있었고 강추합니다.,생각 보다 재미있었고 강 추합니다 .,2019-12-20 22:00:22
294100,RimWorld,positive,조금 해봤는데 따봉을 줄만큼 재밌는지는 잘 모르겠네요 열판정도만 더해보면 따봉인지 아닌지 감이 좀 잡힐듯?,조금 해봤는데 따 봉 을 줄 만큼 재밌는지는 잘 모르겠네요 열 판 정도 만 더 해보면 따 봉인 지 아닌지 감 이 좀 잡힐듯 ?,2019-12-20 08:59:02
294100,RimWorld,positive,여타 다른 게임을 하면 캐릭터의 죽음이 그렇게 크게 와닿지않았다. 그러나 림월드는 애지중지하며 키웠던 캐릭터들이 쓰러져나가면 어떻게든 구하려고 애를 쓰고있다. 심지어 말썽꾸러기라 평소에 짜증났던 정착민마저 쓰러지더라도 최대한 구하도록 여러차례 시도해본다. 그렇게 날이 지날수록 커가는 정착지와 늘어나는 정착민들을 보며 혼자 뿌듯함을 느끼곤한다.,여타 다른 게임 을 하면 캐릭터 의 죽음 이 그렇게 크게 와 닿지 않았다 . 그러나 림 월드 는 애지중지 하며 키웠던 캐릭터 들 이 쓰러져 나가면 어떻 게 든 구 하려고 애 를 쓰고있다 . 심지어 말썽 꾸러기 라 평소 에 짜증났던 정착민 마저 쓰러지더라도 최대한 구 하도록 여러 차례 시도 해본다 . 그렇게 날 이 지날수록 커가는 정착 지 와 늘어나는 정착민 들 을 보며 혼자 뿌듯함을 느끼곤 한다 .,2019-12-20 00:46:45
294100,RimWorld,positive,이제 딱!사서 모드딱!깔면 타임머신완성!,이제 딱 ! 사서 모드 딱 ! 깔면 타임머신 완성 !,2019-12-19 21:47:42
294100,RimWorld,positive,존나 재밌어 와 문명도 이정도는 아닌데 뭐지? 모드 하나 건드릴때마다 플탐 배로 늘어나네 아직 ce모드나 큰모드 건들이지도 않았는데;; 편의성 모드 몇개만 건들였는데 안하신분들은 인생을 살아주세요 저는 변방계에서 살게여,존나 재밌어 와 문명 도 이 정도 는 아닌데 뭐 지 ? 모드 하나 건드릴 때 마다 플 탐 배 로 늘어나네 아직 ce 모드 나 큰 모드 건들 이 지도 않았는데 ;; 편의 성 모드 몇개 만 건 들였는데 안 하신 분 들 은 인생 을 살아주세요 저 는 변 방계 에서 살 게 여,2019-12-19 08:40:05
294100,RimWorld,positive,빠지면 생활패턴 버리기 딱 좋은 거 말곤 완벽,빠지면 생활 패턴 버리기 딱 좋은 거 말곤 완벽,2019-12-19 07:48:42
294100,RimWorld,positive,재밌긴 한데 언제나 해도 게임이 어려움,재밌긴 한데 언제나 해도 게임 이 어려움,2019-12-19 04:40:44
294100,RimWorld,positive,핵꿀잼,핵꿀잼,2019-12-18 23:32:59
294100,RimWorld,positive,이게임 재밌다,이 게임 재밌다,2019-12-18 18:04:27
294100,RimWorld,positive,소파가 되어 모두를 행복하게 해줄 수 있다면 죽은 약탈자들도 기뻐할 겁니다. 10/10,소파 가 되어 모두 를 행복하게 해줄 수 있다면 죽은 약탈 자 들 도 기뻐 할 겁니다 . 10/10,2019-12-18 09:36:01
294100,RimWorld,positive,당신의 시간과 멘탈을 갈아넣어보세요!,당신 의 시간 과 멘탈 을 갈아 넣어 보세요 !,2019-12-17 21:21:45
294100,RimWorld,positive,.,.,2019-12-17 19:30:39
294100,RimWorld,positive,이런 류의 3인칭 게임을 즐겨하신다면 추천드림,이런 류 의 3 인칭 게임 을 즐겨 하신다면 추천 드림,2019-12-16 21:07:03
294100,RimWorld,positive,악마의 게임 300시간 채우고 현타와서 접는다...ㅅㅂ...,악마 의 게임 300시간 채우고 현 타 와 서 접는다 ... ㅅㅂ ...,2019-12-15 21:27:10
294100,RimWorld,positive,"""DLC가 없어도 이렇게 재미있고 오랫동안 플래이 가능한 자유로운 게임이 많이 없는데 최고다."" ""유저들의 훌륭한 모드들도 한 몫을 하지만, 처음한다면 오리지널로 플레이 함 깨고 모드 하길.""",""" DLC 가 없어도 이렇게 재미있고 오랫동안 플 래 이 가능한 자유로운 게임 이 많이 없는데 최고다 ."" "" 유저 들 의 훌륭한 모드 들 도 한 몫 을 하지만 , 처음 한다면 오 리지 널 로 플레이 함 깨고 모드 하길 .""",2019-12-15 17:23:33
294100,RimWorld,positive,자유도가 높고 자신만의 시나리오를 가지고 플레이를 할수 있어 매우 좋았어요,자유도 가 높고 자신 만의 시나리오 를 가지 고 플레이 를 할수 있어 매우 좋았어요,2019-12-15 00:43:55
294100,RimWorld,positive,갓,갓,2019-12-14 21:24:47
294100,RimWorld,positive,스팀에서 구매한 게임중에 가장 후회 없는 갓겜,스팀 에서 구매 한 게임 중 에 가장 후회 없는 갓 겜,2019-12-14 09:55:43
294100,RimWorld,positive,"게임 안에서 캐릭터들이 지 기분 안좋다고 기것 지은 건물에 불지르고 부수고 다닐 수 있습니다. 단지 자기 기분 x같다고 그 짓거리를 하는데 여기서 하나님의 마음을 느꼈습니다. 진짜 인간은 영원히 지옥불에 익을만 하구나. 하나님이 아주 정확한 판결을 하셨구나. 게임은 참 재밌었고, 그분의 마음을 조금이나마 알 수 있게 해준 게임이라 감사합니다. 여러분 기분따라 살지 맙시다. 옳음과 나의 기분은 언제든 상충 될 수 있다는 것을 마음판에 새겨버렸습니다.","게임 안 에서 캐릭터 들 이 지 기분 안좋다고 기것 지은 건물 에 불 지르고 부수 고 다닐 수 있습니다 . 단지 자기 기분 x 같다고 그 짓거리 를 하는데 여기 서 하나님 의 마음 을 느꼈습니다 . 진짜 인간 은 영원히 지옥불 에 익을만 하구나 . 하나님 이 아주 정확한 판결 을 하셨구나 . 게임 은 참 재밌었고 , 그 분 의 마음 을 조금 이나마 알 수 있게 해준 게임 이라 감사합니다 . 여러분 기분 따라 살 지 맙시 다 . 옳 음 과 나 의 기분 은 언제 든 상충 될 수 있다는 것 을 마음 판 에 새겨 버렸습니다 .",2019-12-14 00:46:17
294100,RimWorld,positive,시간잘감 꿀잼,시간 잘 감 꿀잼,2019-12-13 23:27:47
294100,RimWorld,positive,요-직,요 - 직,2019-12-13 17:05:51
294100,RimWorld,positive,아 좀만 더 해보고 더 적을래여,아 좀 만 더 해보고 더 적을래 여,2019-12-12 13:30:17
294100,RimWorld,positive,조금 해봤는데 재밌더라구요,조금 해봤는데 재밌더라구요,2019-12-12 09:19:48
294100,RimWorld,positive,인권없는 림을 스토리텔러에 대항하여 갈구는게임,인권 없는 림 을 스토리 텔러 에 대항 하여 갈구는 게임,2019-12-12 00:11:43
294100,RimWorld,positive,"사람은 정말 버릴게 없다. 입고 있던 옷이랑 무기를 벗겨서 재활용 하는 것은 당연하고, 살은 고기로 만들고, 장기는 적출해서 팔고, 가죽은 소파로 만들 수 있다. 뼈로 사골 국물을 끓이는 기능이 추가되면 정말 갓겜일텐데.....","사람 은 정말 버릴게 없다 . 입고 있던 옷 이랑 무기 를 벗겨서 재활용 하는 것 은 당연하고 , 살 은 고기 로 만들고 , 장기 는 적 출 해서 팔고 , 가죽 은 소파 로 만들 수 있다 . 뼈 로 사골 국물 을 끓이는 기능 이 추가 되면 정말 갓 겜 일텐데 .....",2019-12-11 19:46:11
294100,RimWorld,positive,pog,pog,2019-12-11 19:43:12
294100,RimWorld,positive,[b]Rimjobworld[/b],[ b ] Rimjobworld [/ b ],2019-12-11 18:41:41
294100,RimWorld,positive,아 게임 개재미없네 타이난 뒤지거나 엎뎃하거나 하나만해라!,아 게임 개 재미없네 타이난 뒤지거나 엎뎃하거 나 하나 만해 라 !,2019-12-10 23:39:00
294100,RimWorld,positive,컨텐츠가 부족하네,컨텐츠 가 부족하네,2019-12-10 21:02:41
294100,RimWorld,positive,너 포로가 되었구나 다쳤으니 치료받으렴 의학 레벨 올려야하거든 폐랑 신장 두개씩있으니깐 하나씩 가져갈게 ㅎㅎ 너 걸을수 있게되었구나 풀어줄테니깐 너네 부족 한테가서 우리가 얼마나 착한지 알려주렴 ㅎㅎㅎ,너 포로 가 되었구나 다쳤으니 치료받으렴 의학 레벨 올려야하거든 폐 랑 신장 두 개 씩 있으니깐 하나 씩 가져갈게 ㅎㅎ 너 걸을수 있게 되었구나 풀어줄테니깐 너 네 부족 한테가서 우리 가 얼마나 착한지 알려주렴 ㅎㅎㅎ,2019-12-09 22:38:59
294100,RimWorld,positive,어라? 내시간이..? [b]영양실조(사소함) 재미가 충족됨 어둠 속[/b],어라 ? 내 시간 이 ..? [ b ] 영양실조 ( 사소함 ) 재미 가 충족 됨 어둠 속 [/ b ],2019-12-09 13:28:31
294100,RimWorld,positive,사지마 하지마,사지마 하지마,2019-12-09 07:51:34
294100,RimWorld,positive,하다보면 아침이 밝아오는걸 볼수있음,하다 보면 아침 이 밝아오는걸 볼수있음,2019-12-08 23:02:10
294100,RimWorld,positive,문명보다 더한 중독성. 안무봤으면 잡솨봐~,문명 보다 더한 중독 성 . 안무 봤으면 잡솨 봐 ~,2019-12-08 22:07:50
294100,RimWorld,positive,"경고: 이 게임은 심즈같은 게임이 아닙니다 솔직히 재밌긴한데 약간 줫같은 게임이에요 1인 개발자의 게임인데, 그렇다보니 업데이트가 매우 느리고 게임 자체의 최적화 성능이 매우 구데기이며 더 큰 문제는 이 개발자 친구가 매우 심성이 뒤틀린 친구라 사람들이 쉽게 게임하는 걸 용납하지 못함 그래서 버전이 업데이트 될 수록 매번 난이도가 급상승하는 게임입니다 하지만 언제나 그랬듯이 이 게임을 플레이하는 유저들은 말도 안되는 확률장난으로 게임을 터트리는 개같은 이벤트들 속에서도 결국 살아남는 방법과 닥쳐오는 온갖 재난들을 농락하는","경고 : 이 게임 은 심즈 같은 게임 이 아닙니다 솔직히 재밌긴한데 약간 줫같 은 게임 이에요 1 인 개발자 의 게임 인데 , 그렇다 보니 업데이트 가 매우 느리고 게임 자체 의 최적화 성능 이 매우 구 데 기이 며 더 큰 문제 는 이 개발자 친구 가 매우 심성 이 뒤틀린 친구 라 사람 들 이 쉽게 게임 하는 걸 용납 하지 못 함 그래서 버전 이 업데이트 될 수록 매번 난이도 가 급상승 하는 게임 입니다 하지만 언제나 그랬듯이 이 게임 을 플레이 하는 유저 들 은 말 도 안되는 확률 장난 으로 게임 을 터 트리 는 개 같은 이벤트 들 속 에서도 결국 살아남는 방법 과 닥쳐오는 온갖 재난 들 을 농락 하는",2019-12-08 21:06:42
294100,RimWorld,positive,시발좆망겜 따봉,시발 좆망 겜 따 봉,2019-12-08 19:53:41
294100,RimWorld,positive,그래픽이 구려서 첫인상은 영 별로죠 ? 그게 유일한 단점입니다. 도시건설의 자유도와 적의 습격이나 재앙 등의 위기감을 둘다 잡은건 이 게임이 처음이라고 생각합니다. 시스템 그대로 갖다쓰고 그래픽만 업글되서 나오면 고민없이 추가로 또 구매할 의향이 있네요,그래픽 이 구려 서 첫인상 은 영 별로 죠 ? 그게 유일한 단점 입니다 . 도시 건설 의 자유도 와 적의 습격 이나 재앙 등 의 위기 감 을 둘다 잡은건 이 게임 이 처음 이라고 생각 합니다 . 시스템 그대로 갖다 쓰고 그래픽 만 업글 되서 나오면 고민 없이 추가 로 또 구매 할 의향 이 있네요,2019-12-08 18:32:17
294100,RimWorld,positive,make your drama,make your drama,2019-12-07 21:38:40
294100,RimWorld,positive,"사탄, 림월드 플레이어에게 가볍게 1패 적립 ^^7","사탄 , 림 월드 플레이어 에게 가볍게 1 패 적립 ^^ 7",2019-12-07 18:57:52
294100,RimWorld,positive,갓 겜,갓 겜,2019-12-06 18:57:31
294100,RimWorld,positive,얼마안했는데 재밌네요,얼 마안 했는데 재밌네요,2019-12-06 13:07:03
294100,RimWorld,positive,시간이... 사라진다..,시간 이 ... 사라진다 ..,2019-12-05 18:34:05
294100,RimWorld,positive,494시간해봤는데 엔딩은안보고 디펜스만 하고있음 기지만들어서 방어하는거꿀잼,494시간 해봤는데 엔딩 은 안보 고 디펜스 만 하고있음 기지 만 들어서 방어 하는거 꿀잼,2019-12-04 20:10:29
294100,RimWorld,positive,시간이 사라졌어요 !!,시간 이 사라졌어요 !!,2019-12-04 13:30:19
294100,RimWorld,positive,돈값함,돈값함,2019-12-04 11:20:40
294100,RimWorld,positive,갓-겜,갓 - 겜,2019-12-04 09:05:55
294100,RimWorld,positive,인간이 얼마나 잔인해 질수 있는가 알아볼수있음,인간 이 얼마나 잔인해 질수 있는가 알아볼수있음,2019-12-03 20:23:23
294100,RimWorld,positive,내 시간 다 어데로 갔누,내 시간 다 어데 로 갔 누,2019-12-03 19:42:26
294100,RimWorld,positive,림월드 그래픽을 많이 따지시는 분들은 잘 안끌릴것입니다. 저도 그랬지만 한번 해보면 헤어나올 수 없을정도로 중독성이 심하네요. 모드도 다양하게 많고 시뮬레이션이랑 기지건설쪽이 취향이시분들은 꼭 해보시길 바랍니다. 그리고 저 그래픽이여서 노트북으로도 잘 돌아간다는것도 장점중 하나네요.,림 월드 그래픽 을 많이 따지시는 분 들 은 잘 안 끌릴것 입니다 . 저 도 그랬지만 한번 해보면 헤어 나올 수 없을 정도 로 중독 성 이 심하네요 . 모드 도 다양하게 많고 시뮬레이션 이랑 기지 건설 쪽 이 취향 이 시 분들 은 꼭 해보시길 바랍니다 . 그리고 저 그래픽 이 여서 노트북 으로도 잘 돌아간다는것도 장점 중 하나 네 요 .,2019-12-03 19:27:58
294100,RimWorld,positive,조아,조아,2019-12-03 01:38:21
294100,RimWorld,positive,정신차리니까 1000시간 넘었네...,정신차리니까 1000시간 넘었네 ...,2019-12-02 22:15:32
294100,RimWorld,positive,멘탈파괴,멘탈 파괴,2019-12-02 21:57:31
294100,RimWorld,positive,정착지를 운영하면서 놀고싶은사람들에게 추천 다만 요오직게임이 될수있으니 주의,정착 지를 운영 하면서 놀고싶은 사람 들 에게 추천 다만 요 오직 게임 이 될수있으니 주의,2019-12-02 21:04:47
294100,RimWorld,positive,난이도가 좀 어렵긴하지만 갓겜,난이도 가 좀 어렵긴 하지만 갓 겜,2019-12-02 10:16:56
294100,RimWorld,positive,장점 : 그만할 수 없음 단점 : 이제 그만하고싶다 (대충 끝이 끝이 아니란 소리),장점 : 그만할 수 없음 단점 : 이제 그만하고싶다 ( 대충 끝 이 끝 이 아니란 소리 ),2019-12-02 09:55:47
294100,RimWorld,positive,"조작감 ★★★★ 디자인 ★★★★ 그래픽 ★★ 사운드 ★★★ 스토리 ★★★★★ 이것은 림월드구요, 당신의 인생을 박살낼 수도 있습니다.","조작 감 ★★★★ 디자인 ★★★★ 그래픽 ★★ 사운드 ★★★ 스토리 ★★★★★ 이 것 은 림 월드 구 요 , 당신 의 인생 을 박살 낼 수도 있습니다 .",2019-12-01 23:55:01
294100,RimWorld,positive,good,good,2019-12-01 19:40:26
294100,RimWorld,positive,갓겜,갓 겜,2019-12-01 16:12:43
294100,RimWorld,positive,내 스팀 라이브러리 최장 플레이시간,내 스팀 라이브러리 최 장 플레이 시간,2019-12-01 15:45:24
294100,RimWorld,positive,..,..,2019-12-01 13:20:27
294100,RimWorld,positive,"길게 한건 아닌데, 꽤 즐겁게 하고 있습니다","길게 한 건 아닌데 , 꽤 즐겁게 하고 있습니다",2019-12-01 13:10:55
294100,RimWorld,positive,너무 어려운데요,너무 어려운데요,2019-12-01 09:46:40
294100,RimWorld,positive,내 생활 패턴이 망가진다,내 생활 패턴 이 망가진다,2019-12-01 03:55:00
294100,RimWorld,positive,.,.,2019-12-01 02:41:57
294100,RimWorld,positive,Time Machine,Time Machine,2019-12-01 01:35:43
294100,RimWorld,positive,자녀들을 죽인 포로가 죽었다고 슬퍼하는 미친 부모,자녀 들 을 죽인 포로 가 죽었다고 슬퍼하는 미친 부모,2019-12-01 01:20:40
294100,RimWorld,positive,아... 랜디... 그는... 좋은 분이셨어...,아 ... 랜디 ... 그 는 ... 좋은 분이셨어 ...,2019-11-30 23:49:53
294100,RimWorld,positive,비싸지만 제값 그 이상인 전~~혀 후회없는게임. 그만둬도 후에 다시 찾아오게 만드는 그런 게임이에요~_~)/ 본인이 원하는 모드들로만 구성해 즐겁게 게임을 이어나갈 수 있다는 것이 큰 장점인것 같습니다.,비싸지만 제 값 그 이상인 전 ~~ 혀 후회 없는 게임 . 그만둬도 후 에 다시 찾아오게 만드는 그런 게임 이에요 ~_~)/ 본인 이 원하는 모드 들 로만 구성 해 즐겁게 게임 을 이어 나갈 수 있다는 것 이 큰 장점 인 것 같습니다 .,2019-11-30 22:27:31
294100,RimWorld,positive,갓-겜 루CE페룸... 루CE페룸을 가지고 와라!!!,갓 - 겜 루 CE 페룸 ... 루 CE 페룸 을 가지 고 와라 !!!,2019-11-30 21:13:02
294100,RimWorld,positive,just do it.,just do it .,2019-11-30 20:51:35
294100,RimWorld,positive,goooooooooood,goooooooooood,2019-11-30 18:25:30
294100,RimWorld,positive,생존/건설 좋아하면 무조건 사셈,생존 / 건설 좋아하면 무조건 사셈,2019-11-30 18:06:32
294100,RimWorld,positive,ㅊㅊ,ㅊㅊ,2019-11-30 17:50:03
294100,RimWorld,positive,인생을 사실려면 사지 않는 것을 추천합니다 타임머신임,인생 을 사실려면 사지 않는 것 을 추천 합니다 타임머신 임,2019-11-30 16:44:15
294100,RimWorld,positive,인생 최고의 게임 중 하나.,인생 최고 의 게임 중 하나 .,2019-11-30 10:04:47
294100,RimWorld,positive,아 쒸벌 존나재밌네 ㅋㅋ,아 쒸벌 존나 재밌네 ㅋㅋ,2019-11-30 09:30:36
294100,RimWorld,positive,게임불감증 치료제(지금은 다시 걸렸어요),게임 불감증 치료 제 ( 지금 은 다시 걸렸어요 ),2019-11-30 04:24:23
294100,RimWorld,positive,와 림월드!,와 림 월드 !,2019-11-30 03:15:11
294100,RimWorld,positive,갓겜!,갓 겜 !,2019-11-29 22:10:37
294100,RimWorld,positive,godgame,godgame,2019-11-29 21:28:08
294100,RimWorld,positive,갓---겜 진짜 갓겜,갓 --- 겜 진짜 갓 겜,2019-11-29 19:34:46
294100,RimWorld,positive,갓-겜,갓 - 겜,2019-11-29 16:43:39
294100,RimWorld,positive,엄청닌 자유도 수많은모드 리얼 개꿀잼,엄청닌 자유도 수많은 모드 리얼 개꿀잼,2019-11-29 13:59:56
294100,RimWorld,positive,한시간만 해야지...... 한시간만 해야지......,한시 간만 해야지 ...... 한시 간만 해야지 ......,2019-11-29 13:28:31
294100,RimWorld,positive,RimWorld,RimWorld,2019-11-29 02:02:36
294100,RimWorld,positive,모드 갓똥겜...후우...이걸 하기 전에 생각하고 하자...시간 녹는다..,모드 갓 똥겜 ... 후우 ... 이 걸 하기 전 에 생각 하고 하자 ... 시간 녹는다 ..,2019-11-28 23:40:44
294100,RimWorld,positive,"첫트:처음에 저장구역, 처리구역, 허가구역 이런거 뭔지 몰라서 저장구역만 설치하고 침대를 한꺼번에 설치 그리고 주민들 기분이 왜 떨어지는지 보고 그때부터 지식이 쌓여감 다음:좀 많이 한 친구가 있으면 그친구가 여러가지 팁을 알려줌 첫트때 몰랏던 냉장고에 대해 알게됨 그리고 연구가 뚫림 3:글쎄 알게된게 많으니까 이제 혼자 해봐야지?? 하다가 자원소모가 심각해져서 친구 찬스를 또씀 ㅋㅋㅋㅋ 여러가지 스킵해 거의 다 알아갈때쯤:창작마당 뽕 맞본다?? 그럼 못접어 ㅋㅋㅋㅋㅋㅋㅋㅋㅋㅋ","첫트 : 처음 에 저장 구역 , 처리 구역 , 허가 구역 이런거 뭔 지 몰라서 저장 구역 만 설치 하고 침대 를 한꺼 번 에 설치 그리고 주민 들 기분 이 왜 떨어지는지 보고 그때 부터 지식 이 쌓여 감 다음 : 좀 많이 한 친구 가 있으면 그 친구 가 여러가지 팁 을 알려 줌 첫트때 몰랏던 냉장고 에 대해 알 게 됨 그리고 연구 가 뚫림 3 : 글쎄 알 게 된게 많으니까 이제 혼자 해봐야지 ?? 하다가 자원 소모 가 심각해져서 친구 찬스 를 또 씀 ㅋㅋㅋㅋ 여러가지 스킵 해 거의 다 알 아 갈 때 쯤 : 창작 마당 뽕 맞 본다 ?? 그럼 못 접어 ㅋㅋㅋㅋㅋㅋㅋㅋㅋㅋ",2019-11-28 22:15:05
294100,RimWorld,positive,갓겜,갓 겜,2019-11-28 17:53:53
294100,RimWorld,positive,"its funny, high customizing, but retry is hard. because 1 game end need too many time.","its funny , high customizing , but retry is hard . because 1 game end need too many time .",2019-11-28 12:25:20
294100,RimWorld,positive,와! 면접 500만배!,와 ! 면접 500만 배 !,2019-11-28 09:09:19
294100,RimWorld,positive,돌고래님 잘좀,돌고래 님 잘 좀,2019-11-28 01:25:24
294100,RimWorld,positive,"당신의 일이 무척 힘들도 지쳐서 어딘가로 도피하고 싶을때, 그럴때 추천합니다. 최고의 몰입도와 그리고 시시각각 다가오는 위협에 맞서서 부족을 이끌고 발전시키며 말도 안되는 사건 사고들을 겪다보면 다시 일하는게 좋지 않을까 하는 생각이 들지요..","당신 의 일이 무척 힘들도 지쳐서 어딘가 로 도피 하고 싶을 때 , 그럴 때 추천 합니다 . 최고 의 몰입도 와 그리고 시시각각 다가오는 위협 에 맞서서 부족 을 이끌고 발전 시키며 말 도 안되는 사건 사고 들 을 겪다 보면 다시 일 하는게 좋지 않을까 하는 생각 이 들지요 ..",2019-11-28 00:48:30
294100,RimWorld,positive,fun,fun,2019-11-27 21:28:27
294100,RimWorld,positive,asd,asd,2019-11-27 18:01:31
294100,RimWorld,positive,"뭐하냐? 안사고 그래픽 꺼려져서 안사는거라면. 일단 사서 2시간만 해보셈 각종 모드들 덕분에 바닐라 이외의 컨셉플도 자유자재로 가능. 건설, 경영, 크래프팅 시뮬레이션 게임중 최상위 게임","뭐 하냐 ? 안 사고 그래픽 꺼려져서 안 사는거라면 . 일단 사서 2시간 만 해보셈 각종 모드 들 덕분 에 바닐라 이외 의 컨셉 플 도 자유 자재 로 가능 . 건설 , 경영 , 크 래프팅 시뮬레이션 게임 중 최 상위 게임",2019-11-27 17:09:14
294100,RimWorld,positive,장기를 팔아도 되고 위선자가 되어도 되고 뭐든지 할수있다. 우리 를 막을자는 아무도 없다. 그만큼 자유도가 넓은 게임기기 때문이다. 파시스트가 되던지 덕질을 하던지 자유인게임,장기 를 팔아도 되고 위선 자 가 되어도 되고 뭐 든지 할수있다 . 우리 를 막을자는 아무 도 없다 . 그만큼 자유도 가 넓은 게임 기기 때문 이다 . 파시스트 가 되던지 덕질 을 하던지 자유 인 게임,2019-11-27 15:59:40
294100,RimWorld,positive,d,d,2019-11-27 12:26:49
294100,RimWorld,positive,재밌다 꼭해라,재밌다 꼭 해라,2019-11-27 11:56:13
294100,RimWorld,positive,시뮬레이션계의 최강겜아닐까싶다,시뮬레이션 계 의 최강 겜 아닐까 싶다,2019-11-27 10:52:10
294100,RimWorld,positive,가격대비 별로,가격 대비 별로,2019-11-27 09:39:23
294100,RimWorld,positive,시간 도둑이에요.. 순식간에 시간이 삭제 되는 걸 느끼며 놀라시게 될거임...,시간 도둑 이에요 .. 순식간 에 시간 이 삭제 되는 걸 느끼며 놀라시게 될거 임 ...,2019-11-27 03:32:49
294100,RimWorld,positive,시간가는줄모름,시간 가는줄 모름,2019-11-26 22:11:12
294100,RimWorld,positive,ㅎ,ㅎ,2019-11-26 19:12:36
294100,RimWorld,positive,개꿀잼,개꿀잼,2019-11-26 18:34:21
294100,RimWorld,positive,재값주고사도 아깝지않은게임입니다,재값 주 고사 도 아깝지 않은 게임 입니다,2019-11-26 01:59:02
294100,RimWorld,positive,오지마 도망쳐,오지마 도망쳐,2019-11-25 21:25:59
294100,RimWorld,positive,오...얘네 싸우네? 신기하다. 오오오.... 정신이상 같은거도 있어.... 씨발 그만해 이 개.....!!!!!!!!!,오 ... 얘 네 싸우네 ? 신기하다 . 오오오 .... 정신 이상 같은거도 있어 .... 씨발 그만해 이 개 .....!!!!!!!!!,2019-11-25 15:38:24
294100,RimWorld,positive,타임머신.,타임머신 .,2019-11-25 14:02:01
294100,RimWorld,positive,문명보다 강한 시간여행과 망해갈때의 현타는 그 어떤게임보다 강하다고 봄,문명 보다 강한 시간여행 과 망 해갈 때 의 현 타 는 그 어떤 게임 보다 강하다고 봄,2019-11-25 09:41:07
294100,RimWorld,positive,값어치는 충분히 합니다. 혹여 중간에 지겨워지더라도 나중에 또 하면 재미있어요. 간단하고 쉽게 할 수 있습니다.,값어치 는 충분히 합니다 . 혹 여 중간 에 지겨워지더라도 나중 에 또 하면 재미있어요 . 간단하고 쉽게 할 수 있습니다 .,2019-11-25 06:17:50
294100,RimWorld,positive,타임머신,타임머신,2019-11-25 01:36:51
294100,RimWorld,positive,개발자 모드는 손댈 생각 하덜말어,개발자 모드 는 손댈 생각 하 덜말어,2019-11-24 22:45:35
294100,RimWorld,positive,whsskwoaldlTek,whsskwoaldlTek,2019-11-24 18:20:20
294100,RimWorld,positive,아직 이겜에 대해 잘모르겟음;,아직 이 겜 에 대해 잘 모르겟음 ;,2019-11-24 13:49:14
294100,RimWorld,positive,재미있음,재미있음,2019-11-24 00:40:13
294100,RimWorld,positive,하다 보면 뭐가 뭔지 모르지만 조금씩 알아가다 보면 이게임이 왜 진짜 갓게임인지 알수 있다. 자유도도 높아서 모드 하나씩 깔다보면 또하나의 나만의 게임을 만들수가 있지. 아무튼 추천한다.,하다 보면 뭐 가 뭔 지 모르지만 조금씩 알아가다 보면 이 게임 이 왜 진짜 갓 게임 인지 알수 있다 . 자유도 도 높아서 모드 하나 씩 깔다 보면 또 하나 의 나 만의 게임 을 만들수가 있지 . 아무튼 추천 한다 .,2019-11-23 20:56:07
294100,RimWorld,positive,진짜 재밌는 게임. 2D라고 무시하고 안사면 후회함.,진짜 재밌는 게임 . 2 D 라고 무시 하고 안사면 후회 함 .,2019-11-23 19:51:45
294100,RimWorld,positive,재밌다.,재밌다 .,2019-11-23 15:31:53
294100,RimWorld,positive,You are losing money if you don't buy this game,You are losing money if you don ' t buy this game,2019-11-23 04:12:30
294100,RimWorld,positive,새퀴들이 맘에 안드는거 있으면 싸우지말고 가위바위보로 정해라 좀,새 퀴 들 이 맘 에 안 드는거 있으면 싸우지말고 가위바위보 로 정해 라 좀,2019-11-22 21:29:58
294100,RimWorld,positive,인생 말아먹었네;;,인생 말아먹었네 ;;,2019-11-22 20:19:19
294100,RimWorld,positive,Best game ever.,Best game ever .,2019-11-22 12:05:22
294100,RimWorld,positive,시발 또 창 밖에 해뜨네,시발 또 창 밖에 해 뜨네,2019-11-22 05:46:20
294100,RimWorld,positive,1회차에서 샌드박스 게임하듯이 하면 재밌는데 난이도 높여가며 하기엔 너무 루즈함 세일도 안해서 가성비가 좀 구림 그래도 1회차는 재밌으니 추천,1회 차에서 샌드박스 게임 하 듯이 하면 재밌는데 난이도 높여가며 하기엔 너무 루즈 함 세 일도 안해 서 가성 비 가 좀 구림 그래도 1회 차는 재밌으니 추천,2019-11-21 19:09:42
294100,RimWorld,positive,진입장벽 어떻게든 넘어보세요 갓겜OF갓겜,진입 장벽 어떻 게 든 넘어 보세요 갓 겜 OF 갓 겜,2019-11-21 04:19:24
294100,RimWorld,positive,드라마를 만들고 그 과정을 지켜볼 수 있는 게임,드라마 를 만들고 그 과정 을 지켜볼 수 있는 게임,2019-11-20 21:32:29
294100,RimWorld,positive,쫌 재밌네여,쫌 재밌네여,2019-11-20 20:40:27
294100,RimWorld,positive,처음 사고 100시간 동안은 세상에서 가장 완벽한 게임,처음 사고 100시간 동안 은 세상 에서 가장 완벽한 게임,2019-11-20 06:57:12
294100,RimWorld,positive,"매 판마다, 새로운 소설이 쓰여진다.","매 판 마다 , 새로운 소설 이 쓰여진다 .",2019-11-20 06:08:37
294100,RimWorld,positive,"짬짬히 자기전에, 주말에 방학에 해서 706시간 했네요. 음 언제 이렇게 많이했지?","짬 짬히 자기전에 , 주말 에 방학 에 해서 706시간 했네요 . 음 언제 이렇게 많이 했지 ?",2019-11-19 22:09:59
294100,RimWorld,positive,내 인생도 이렇게 살고 싶다.,내 인생 도 이렇게 살 고 싶다 .,2019-11-19 19:47:33
294100,RimWorld,positive,래존두,래 존 두,2019-11-19 17:01:46
294100,RimWorld,positive,"초반에 열심히 플레이해서 쌓아올린 기반을 바탕으로 잠시동안 여유를 즐길 수 있는 생존게임입니다. 탑뷰에 그래픽은 별로 좋지 않지만 그래픽이란 것은 누군가에게는 장점, 누군가에게는 단점이 될 수 있으니 따로 평가하기는 어렵습니다. 모드가 없는 바닐라 플레이 시에는 몇 지구를 플레이하면 금방 패턴이 익혀져서 질리기 쉽다는 단점도 있지만(물론 저는 이 단계까지 오는 데 100시간이 걸렸습니다.) 여러가지 편의성을 위한 모드 + 다양한 컨텐츠가 추가 가능한 모드와 함께라면 매 판이 새로운 경험으로 다가올 것입니다. 단점은 취향에 맞","초반 에 열심히 플레이 해서 쌓아 올린 기반 을 바탕 으로 잠시 동안 여유 를 즐길 수 있는 생존 게임 입니다 . 탑뷰 에 그래픽 은 별로 좋지 않지만 그래픽 이란 것 은 누군가 에게는 장점 , 누군가 에게는 단점 이 될 수 있으니 따로 평가 하기는 어렵습니다 . 모드 가 없는 바닐라 플레이 시 에는 몇 지구 를 플레이 하면 금방 패턴 이 익혀져서 질리기 쉽다는 단점 도 있지만 ( 물론 저 는 이 단계 까지 오는 데 100시간 이 걸렸습니다 .) 여러가지 편의 성 을 위 한 모드 + 다양한 컨텐츠 가 추가 가능한 모드 와 함께라면 매 판이 새로운 경험 으로 다가올 것 입니다 . 단점 은 취향 에 맞",2019-11-18 23:03:33
294100,RimWorld,positive,무인도에 게임 하나만 가져갈수 있다면 고민할거 없이 림월드 가져간다,무인도 에 게임 하나 만 가져갈수 있다면 고민 할거 없이 림 월드 가져간다,2019-11-18 14:06:20
294100,RimWorld,positive,흑점도 폭발해.. 습격도 바로와.. 이 안에 스파이가 있다는 게 내 결론이다,흑점 도 폭발 해 .. 습격 도 바로 와 .. 이 안 에 스파이 가 있다는 게 내 결론 이다,2019-11-17 22:49:17
294100,RimWorld,positive,갓겜이었네;,갓 겜 이었네 ;,2019-11-17 15:32:20
294100,RimWorld,positive,이 게임을 하는 사람을 요직에 앉히세요.,이 게임 을 하는 사람 을 요 직 에 앉히세요 .,2019-11-17 15:10:51
294100,RimWorld,positive,가끔씩 하는데 막상 하게되면 시간가는줄 모르고 하게되는 게임. 강추,가끔 씩 하는데 막상 하게되 면 시간 가는줄 모르고 하게 되는 게임 . 강추,2019-11-17 15:10:33
294100,RimWorld,positive,모드 갓겜,모드 갓 겜,2019-11-17 13:29:03
294100,RimWorld,positive,울트라슈퍼갓겜,울트라 슈퍼 갓 겜,2019-11-17 13:06:28
294100,RimWorld,positive,lㅎㅎㅎ,l ㅎㅎㅎ,2019-11-17 11:51:00
294100,RimWorld,positive,good,good,2019-11-17 08:01:13
294100,RimWorld,positive,낮은 사양 적은 금액으로 큰 즐거움을 얻을수 있다. 가성비 좋은게임,낮은 사양 적은 금액 으로 큰 즐거움 을 얻을수 있다 . 가성 비 좋은 게임,2019-11-17 03:02:59
294100,RimWorld,positive,음~ 재밌어,음 ~ 재밌어,2019-11-17 00:48:48
294100,RimWorld,positive,내가 하고싶은대로 플레이도되고 맘대로도 안되는게 ㄹㅇ 개꿀잼 현재 280시간 진행중 재미없을땐 난이도와 스타팅 수정하면 지루해질 틈이없다,내 가 하고 싶은대로 플레이도 되고 맘대로 도 안되는게 ㄹㅇ 개꿀잼 현재 280시간 진행중 재미없을 땐 난이도 와 스타 팅 수정 하면 지루해질 틈 이 없다,2019-11-16 23:51:33
294100,RimWorld,positive,그냥 500시간했는데.. 시간 삭제 도움 많이 됩니다.,그냥 500시간 했는데 .. 시간 삭제 도움 많이 됩니다 .,2019-11-16 21:07:41
294100,RimWorld,positive,걍 죠넨 재밌어 진짜루....,걍 죠넨 재밌어 진짜루 ....,2019-11-16 19:38:34
294100,RimWorld,positive,굿겜인데 모드 지원까지 해줘서 갓겜임. 도전과제 주면 씹갓겜 가능,굿겜 인데 모드 지원 까지 해줘서 갓 겜임 . 도전 과제 주면 씹 갓 겜 가능,2019-11-16 19:28:36
294100,RimWorld,positive,재밌다 해라,재밌다 해 라,2019-11-16 18:19:24
294100,RimWorld,positive,인디게임 치고는 가격이 나가는데 엔딩까지 플탐 고려하면 충분히 뽕뽑고 샌드박스게임이라 반복플레이도 좋다,인디 게임 치고는 가격 이 나가는데 엔딩 까지 플 탐 고려 하면 충분히 뽕 뽑고 샌드박스 게임 이라 반복 플레이도 좋다,2019-11-16 15:24:05
294100,RimWorld,positive,섹스,섹스,2019-11-16 12:40:45
294100,RimWorld,positive,방화범 시1발,방화 범 시 1 발,2019-11-16 07:28:14
294100,RimWorld,positive,그리 재미있진 않네요.,그리 재미있진 않네요 .,2019-11-16 05:45:47
294100,RimWorld,positive,말해 뭐합니까 안하면 인생 손해인것을... 안했으면 빨리 해보고 견문을 넓히세요,말 해 뭐합 니까 안 하면 인생 손해 인 것 을 ... 안 했으면 빨리 해보고 견문 을 넓히세요,2019-11-15 22:37:43
294100,RimWorld,positive,모드갓겜,모드 갓 겜,2019-11-15 22:33:28
294100,RimWorld,positive,재밌다,재밌다,2019-11-15 21:51:43
294100,RimWorld,positive,중독성 쩔음,중독 성 쩔음,2019-11-15 21:16:31
294100,RimWorld,positive,인간이 5명이나 모이면 반드시 1명은 쓰레기가 있다... 지로보 센세.. 당신이 옳았어,인간 이 5 명 이나 모이 면 반드시 1 명 은 쓰레기 가 있다 ... 지로 보 센세 .. 당신 이 옳았어,2019-11-15 14:18:17
294100,RimWorld,positive,힙스터한테 적합한 게임. 처음엔 초반을 넘기기가 힘들지만 그 다음부터는 주말이 통채로 날아갈 것이다.,힙스터 한테 적합한 게임 . 처음 엔 초반 을 넘 기기 가 힘들지만 그 다음 부터는 주말 이 통채 로 날아갈 것 이다 .,2019-11-15 12:38:20
294100,RimWorld,positive,개잼,개잼,2019-11-15 10:50:09
294100,RimWorld,positive,개추,개추,2019-11-14 21:40:05
294100,RimWorld,positive,1000시간 넘게 함..,1000시간 넘게 함 ..,2019-11-14 20:33:20
294100,RimWorld,positive,180분 정도 했는데 재밌네요.,180분 정도 했는데 재밌네요 .,2019-11-14 13:03:53
294100,RimWorld,positive,시간 분쇄기 그 자체...근래에 중요하게 처리해야할 일들이 있는 분들은 사지 마세요 ㄹㅇ,시간 분쇄기 그 자체 ... 근래 에 중요하게 처리 해야 할 일 들 이 있는 분 들 은 사지 마세요 ㄹㅇ,2019-11-14 10:13:22
294100,RimWorld,positive,이 게임을 하면서 절대로 방심하지마세요 아차! 하면 100시간 사라짐,이 게임 을 하면서 절대로 방심하지 마세요 아차 ! 하면 100시간 사라짐,2019-11-14 07:37:18
294100,RimWorld,positive,인생에 몇 안되는 명작 게임.,인생 에 몇 안되는 명작 게임 .,2019-11-14 00:17:08
294100,RimWorld,positive,갓겜 그 자체,갓 겜 그 자체,2019-11-13 21:20:13
294100,RimWorld,positive,재미없네요,재미없네요,2019-11-13 20:48:27
294100,RimWorld,positive,아 이제 겜 한시간 정도했으니깐 끄고 내일 또 해야지 ㅎㅎ,아 이제 겜 한 시간 정도 했으니깐 끄고 내일 또 해야지 ㅎㅎ,2019-11-13 10:21:51
294100,RimWorld,positive,"취향에 맞는 겜이라고 생각된다면 지금 당장 게임을 삭제하길 바랍니다 안 그러면 8,760‬시간 중 1000시간을 여기에 써버릴테니까요","취향 에 맞는 겜 이라고 생각 된다면 지금 당장 게임 을 삭제 하길 바랍니다 안 그러면 8,760 ‬ 시간 중 1000시간 을 여기 에 써 버릴테니까 요",2019-11-13 08:29:24
294100,RimWorld,positive,ㅇ ㅏ 이게임 끊고싶다,ㅇ ㅏ 이 게임 끊고싶다,2019-11-12 22:31:28
294100,RimWorld,positive,금방질려요,금방 질려요,2019-11-12 17:11:21
294100,RimWorld,positive,취향맞으면 타임머신임,취향 맞으면 타임머신 임,2019-11-11 22:46:04
294100,RimWorld,positive,산지 3일 만에 29시간 했다. 개꿀잼.,산지 3일 만에 29시간 했다 . 개꿀잼 .,2019-11-11 16:43:48
294100,RimWorld,positive,내 시간을 훔쳐갔습니다ㅡㅡ,내 시간 을 훔쳐 갔습니다 ㅡㅡ,2019-11-11 16:39:55
294100,RimWorld,positive,말이 필요없다 꿀잼,말 이 필요없다 꿀잼,2019-11-10 23:08:54
294100,RimWorld,positive,"인생을 변방계에 드랍하고 싶다면 추천. 그로인한 부작용(ex. 끝장나버린 학점, 생활패턴, 인간관계, 군대 휴가복귀날을 까먹어 의문의 탈영병 등등)은 타이난이 책임지지 않음.","인생 을 변 방계 에 드랍 하고 싶다면 추천 . 그로 인 한 부작용 ( ex . 끝장 나 버린 학점 , 생활 패턴 , 인간관계 , 군대 휴가 복귀 날 을 까먹어 의문 의 탈영병 등등 ) 은 타이난 이 책임지지 않음 .",2019-11-10 20:22:53
294100,RimWorld,positive,상상할 수 있는 모든 플레이가 가능,상상 할 수 있는 모든 플레이 가 가능,2019-11-10 18:31:05
294100,RimWorld,positive,좋아,좋아,2019-11-10 15:50:14
294100,RimWorld,positive,걍 해봐 개꿀잼이야,걍 해봐 개꿀잼 이야,2019-11-10 14:58:27
294100,RimWorld,positive,타임머신,타임머신,2019-11-10 03:56:59
294100,RimWorld,positive,재밌어,재밌어,2019-11-10 03:50:40
294100,RimWorld,positive,이제 모드 깔아야겠다,이제 모드 깔아야겠다,2019-11-10 00:47:24
294100,RimWorld,positive,존잼,존잼,2019-11-09 22:25:48
294100,RimWorld,positive,할인도 안하고 한 번 빠진사람들은 몇 백시간씩 한다고 하여 구매해 본 게임. 프리즌 아키텍트에서 느꼈던 재미를 확실히 느끼긴 했지만 여러 모드를 해보지 않아서인지 아직 갓겜인지는 잘 모르겠다.,할인 도 안 하고 한 번 빠진 사람 들 은 몇 백 시간 씩 한다고 하여 구매 해 본 게임 . 프리 즌 아키텍트 에서 느꼈던 재미 를 확실히 느끼긴 했지만 여러 모드 를 해보지 않아서 인지 아직 갓 겜 인 지는 잘 모르겠다 .,2019-11-09 20:55:39
294100,RimWorld,positive,.,.,2019-11-09 20:15:19
294100,RimWorld,positive,쉬운거로해서 엔딩보고 모드질하는중인데 지존겜,쉬운거로 해서 엔딩 보고 모드 질하는 중 인데 지존 겜,2019-11-09 13:24:47
294100,RimWorld,positive,.,.,2019-11-09 00:24:53
294100,RimWorld,positive,개꿀잼 개잼 난이도 조절 개꿀임 단점은 너무 시간이 빨리간다는것정도?,개꿀잼 개잼 난이도 조절 개꿀임 단점 은 너무 시간 이 빨리 간다 는 것 정도 ?,2019-11-08 19:51:23
294100,RimWorld,positive,"렉만 없으면 재밌는 게임, 문명보다 재밌네","렉 만 없으면 재밌는 게임 , 문명 보다 재밌네",2019-11-08 19:07:24
294100,RimWorld,positive,당신은 초중반의 림월드를 매우 재미있게 즐길 수 있을 것이다. 후반의 림월드는 ...,당신 은 초 중반 의 림 월드 를 매우 재미있게 즐길 수 있을 것 이다 . 후반 의 림 월드 는 ...,2019-11-08 18:06:23
294100,RimWorld,positive,여기에 지 이름 넣고 하면 현타 개씨게 옴 해보셈 ㄱㄱ,여기 에 지 이름 넣고 하면 현 타 개 씨 게 옴 해보셈 ㄱㄱ,2019-11-08 14:30:37
294100,RimWorld,positive,재밌음,재밌음,2019-11-08 14:07:03
294100,RimWorld,positive,내 플레이리스트에서 1년동안 유일하게 살아남은 게임,내 플레이 리스트 에서 1년 동안 유일하게 살아남은 게임,2019-11-08 04:24:17
294100,RimWorld,positive,중독 충족 시켜준다고 마음 껏 하게 놔두면 폰 급사 하는 현실 고증 요직 갓겜,중독 충족 시 켜준다고 마음 껏 하게 놔두면 폰 급사 하는 현실 고증 요 직 갓 겜,2019-11-07 21:17:19
294100,RimWorld,positive,림 린이 입니다. 말이 필요 없는 게임 진짜 해볼것도 많고 창작마당으로 확장성도 엄청난 게임입니다. 절대 추천입니다.,림 린 이 입니다 . 말 이 필요 없는 게임 진짜 해볼것도 많고 창작 마당 으로 확장 성도 엄청난 게임 입니다 . 절대 추천 입니다 .,2019-11-07 19:24:32
294100,RimWorld,positive,시간여행겜. 림월드 커뮤니티 활성도 잘되서 재밌는 모드도 많음.,시간여행 겜 . 림 월드 커뮤니티 활 성도 잘 되서 재밌는 모드 도 많음 .,2019-11-07 18:46:42
294100,RimWorld,positive,당신이 상상하는 그 어떤 플레이도 가능합니다 평화로운 농장 경영부터 인육파티까지 당신의 정신상태가 어디까지 개판인지 한방에 알 수 있는 갓겜,당신 이 상상 하는 그 어떤 플레이도 가능합니다 평화로운 농장 경영 부터 인육 파티 까지 당신 의 정신 상태 가 어디 까지 개판 인지 한 방 에 알 수 있는 갓 겜,2019-11-07 18:14:10
294100,RimWorld,positive,18버전이었나? 그 때가 제일 재밌긴 했다 지금은 바뀐것도 너무 많고 복잡해지고 더 어려워졌다 원래 진입장벽이 낮은 게임이 아니었는데 더 높아진 느낌 그래서 예전엔 참 재밌게 했는데 요즘은 잘 안한다 오랜만에 하려다가 평가란 있어서 평가 남김,18 버전 이었나 ? 그 때 가 제일 재밌긴 했다 지금 은 바뀐것도 너무 많고 복잡해지고 더 어려워졌다 원래 진입 장벽 이 낮은 게임 이 아니었는데 더 높아진 느낌 그래서 예전 엔 참 재밌게 했는데 요즘 은 잘 안 한다 오랜 만 에 하려다가 평가 란 있어서 평가 남김,2019-11-07 15:21:29
294100,RimWorld,positive,세일 안하는거 빼면 갓겜. 스팀으로 하면 모드도 많다구!,세 일 안 하는거 빼면 갓 겜 . 스팀 으로 하면 모드 도 많다구 !,2019-11-07 13:26:19
294100,RimWorld,positive,끝없는 컨텐츠로 절대 질릴수가 없어요 꼭 하세요,끝없는 컨텐츠 로 절대 질릴수가 없어요 꼭 하세요,2019-11-07 11:37:19
294100,RimWorld,positive,나혼자 이게임을 267시간 했다는게 믿겨지지 않을정도로 익숙해지면 꽤 재밌는 게임,나 혼자 이 게임 을 267시간 했다는게 믿 겨지지 않을 정도 로 익숙해지면 꽤 재밌는 게임,2019-11-07 08:55:01
294100,RimWorld,positive,나한텐 거의 문명같은게임 처음엔 그냥 그럭저럭 막는데 이제 하늘에서 내려오는 로봇이나 땅에서 솟아오르는 벌래들은 개힘듬,나 한텐 거의 문명 같은 게임 처음 엔 그냥 그럭저럭 막는데 이제 하늘 에서 내려오는 로봇 이나 땅 에서 솟아오르는 벌 래 들은 개 힘듬,2019-11-06 19:20:15
294100,RimWorld,positive,"바닐라로 한번, 모드로 한번 더, 두번 즐길수 있는 게임입니다. ※ 주의 : 중독이 심함","바닐라 로 한번 , 모드 로 한번 더 , 두 번 즐길수 있는 게임 입니다 . ※ 주의 : 중독 이 심함",2019-11-06 19:11:36
294100,RimWorld,positive,모두가 즐길 수 있는 평화로운 정착지 짓기! 당신도 빨리 정착지에 합류하세요!,모두 가 즐길 수 있는 평화로운 정착 지 짓기 ! 당신 도 빨리 정착 지에 합류 하세요 !,2019-11-06 17:53:29
294100,RimWorld,positive,문명보다 더한 타임머신,문명 보다 더한 타임머신,2019-11-06 17:33:35
294100,RimWorld,positive,최강 컨셉 생존겜,최강 컨셉 생존 겜,2019-11-06 17:32:19
294100,RimWorld,positive,"생존게임 좋아하는 사람들에게 추천, 모드 많은 게임 좋아해도 추천","생존 게임 좋아하는 사람 들 에게 추천 , 모드 많은 게임 좋아해도 추천",2019-11-06 02:01:42
294100,RimWorld,positive,뭐하는지도 모르겠고 아군 림은 계속 죽어감 근데 뭔가 계속 하게 됨 미션 보상으로 받은 위성 폭격기로 적기지 쓸어 버릴 때의 희열은 단언컨데 내인생 다섯 손가락 안에 뽑을수있었음,뭐 하는지도 모르겠고 아군 림 은 계속 죽 어감 근데 뭔가 계속 하게 됨 미션 보상 으로 받은 위성 폭격기 로 적기 지 쓸어 버릴 때 의 희 열은 단 언 컨데 내 인생 다섯 손가락 안 에 뽑을수있었음,2019-11-05 23:07:13
294100,RimWorld,positive,이거 넘모 재밌자너...,이 거 넘 모 재밌자 너 ...,2019-11-05 22:27:03
294100,RimWorld,positive,것겜,것겜,2019-11-05 18:57:16
294100,RimWorld,positive,인생 망치기 딱 좋은 게임,인생 망치기 딱 좋은 게임,2019-11-05 13:43:54
294100,RimWorld,positive,아직 튜토리얼중... 재미있고 신박한 모드가 많아서 즐기기 좋은 게임.,아직 튜토리얼 중 ... 재미있고 신 박 한 모드 가 많아서 즐기기 좋은 게임 .,2019-11-05 12:03:21
294100,RimWorld,positive,재밌따,재밌 따,2019-11-04 06:30:46
294100,RimWorld,positive,더이상 했다가는 인생이 림생이 될거같아서 강제봉인함,더 이상 했다가는 인생 이 림생 이 될거 같아서 강제 봉인 함,2019-11-04 00:31:46
294100,RimWorld,positive,엄청좋음 하면 대박남,엄청 좋음 하면 대박남,2019-11-03 16:13:39
294100,RimWorld,positive,이 게임은 나에게 어려운건지 흐음.. 그래도 재밌긴한데 중반이 어렵네요 특히 대포 쏘는 애들이랑 땅속에서 나오는 개미 쉐끼들 개네들 떔에 한두번 망한게 아닌것같습니다 :( 그래도 재밌어요. 근데 하도 망해서 그런지 손에 안잡히네;; ㅋㅋㅋ 몰론 지금은 대포는 대처가능하지만 개미는.. 불질르수는 있는데 집에 나오니 후..,이 게임 은 나 에게 어려운 건지 흐음 .. 그래도 재밌긴한데 중반 이 어렵네요 특히 대포 쏘는 애 들 이랑 땅속 에서 나오는 개미 쉐끼들 개네 들 떔 에 한두 번 망한게 아닌것 같습니다 :( 그래도 재밌어요 . 근데 하도 망해서 그런지 손 에 안 잡히네 ;; ㅋㅋㅋ 몰 론 지금 은 대포 는 대처 가능하지만 개미 는 .. 불 질르수는 있는데 집 에 나오니 후 ..,2019-11-03 12:13:02
294100,RimWorld,positive,매우 할일이 많은 게임. 내가 하고싶은대로 모든걸 꾸며볼수 있는,매우 할 일이 많은 게임 . 내 가 하고 싶은대로 모든 걸 꾸며 볼수 있는,2019-11-03 11:32:51
294100,RimWorld,positive,말이 필요없음. 금요일 저녁에 시작해서 정신 차리고 보니 월요일 출근시간..... 이거 추천한 놈 누구여 ㅠㅠ,말 이 필요없음 . 금요일 저녁 에 시작 해서 정신 차리고 보니 월요일 출근시간 ..... 이 거 추천 한 놈 누구 여 ㅠㅠ,2019-11-02 23:19:33
294100,RimWorld,positive,이 게임을 하고 내 인생이 바뀌...아니 사라졌다 나만 당할 수 없지,이 게임 을 하고 내 인생 이 바뀌 ... 아니 사라졌다 나 만 당할 수 없지,2019-11-02 22:17:33
294100,RimWorld,positive,잠깐해봤는데 노잼에 내취향아님,잠깐 해봤는데 노잼 에 내 취향 아님,2019-11-02 22:08:29
294100,RimWorld,positive,"상점 페이지의 인 게임 그래픽이 너무 후져보여서 구매를 망설였던 게임. 사실상 가장 큰 진입 장벽이 그래픽.. 인터넷 방송에서 갓겜임을 뒤늦게 알아봤는데 남이 하는 방송 보는 것도 재미있고 직접 하는 것도 재미있는 게임. 여타 동종 심 장르는 ""게임을 즐기기 위해"" 알아야할 것이 많은데 이 게임은 스타크레프트로 친숙한 UI 탓인지 생각보다 금방 익숙해 질 수 있음. 그리고 알아가는 것/익숙해지는 과정을 즐길 수 있음. 그리고 대부분의 심 장르가 플레이어로 하여금 극한의 효율충이 되게끔 유도하는 쪽으로 가는데 이 게임은 게이머","상점 페이지 의 인 게임 그래픽 이 너무 후 져 보 여서 구매 를 망설였던 게임 . 사실 상 가장 큰 진입 장벽 이 그래픽 .. 인터넷 방송 에서 갓 겜임 을 뒤늦게 알아봤는데 남 이 하는 방송 보는 것 도 재미있고 직접 하는 것 도 재미있는 게임 . 여타 동 종 심 장르 는 "" 게임 을 즐기기 위해 "" 알 아 야할 것 이 많은데 이 게임 은 스타크레프트 로 친숙한 UI 탓 인지 생각 보다 금방 익숙해 질 수 있음 . 그리고 알아가는 것 / 익숙해지는 과정 을 즐길 수 있음 . 그리고 대부분 의 심 장르 가 플레이어 로 하여금 극한 의 효율 충 이 되게끔 유도 하는 쪽 으로 가는데 이 게임 은 게이머",2019-11-02 21:15:00
294100,RimWorld,positive,재밌음,재밌음,2019-11-02 20:53:36
294100,RimWorld,positive,재밌어요,재밌어요,2019-11-02 19:39:52
294100,RimWorld,positive,이이이잉,이이이 잉,2019-11-02 18:55:51
294100,RimWorld,positive,꿀잼,꿀잼,2019-11-02 18:17:52
294100,RimWorld,positive,해라. 100시간은 할수 있다. 가능한 게임이다.,해 라 . 100시간 은 할수 있다 . 가능한 게임 이다 .,2019-11-02 16:58:24
294100,RimWorld,positive,시작하고 배우는데 100시간 모드질에 100시간 컨셉질에 100시간,시작 하고 배우는데 100시간 모드 질 에 100시간 컨셉 질 에 100시간,2019-11-02 16:54:26
294100,RimWorld,positive,good,good,2019-11-02 16:10:14
294100,RimWorld,positive,수송포드로 폭격기를 만들어 적 전초기지를 불바다로 만들고... 둠스데이 발사기로 갈갈이를 해주는것만큼 멋진게 없습니다...ㅎㅎㅎ,수송 포드 로 폭격기 를 만들어 적 전 초기 지를 불 바다로 만들고 ... 둠스데이 발 사기 로 갈갈 이를 해주는것만큼 멋진게 없습니다 ... ㅎㅎㅎ,2019-11-02 14:25:20
294100,RimWorld,positive,재미있고 시간도 잘간다 하지만 세일을안한다는것에서는 정말치명적 단점이다,재미있고 시간 도 잘 간다 하지만 세 일 을 안 한다는 것 에서는 정말 치명 적 단점 이다,2019-11-02 12:34:46
294100,RimWorld,positive,"인간의 욕구를 충족시키는 패키지 단돈 36000원! 당신의 파괴본능과 사이코패스적 기질을 활성화하십시오. 죄수를 노동시키고, 상단을 파괴하여 시체를 도축하고, 당신이 하고 싶은 모든것이 이곳에 담겨있습니다! + 뭐야 내 시간 돌려줘요","인간 의 욕구 를 충족 시키는 패키지 단돈 36000원 ! 당신 의 파괴 본능 과 사이코패스 적 기질 을 활성화 하십시오 . 죄수 를 노동 시키고 , 상단 을 파괴 하여 시체 를 도축 하고 , 당신 이 하고 싶은 모든 것 이 이 곳 에 담겨있습니다 ! + 뭐 야 내 시간 돌려줘요",2019-11-02 11:44:26
294100,RimWorld,positive,3만원이나 하지만 시간당 10~30원 정도로 생각하면 플탐대비 가성비굿,3만원 이나 하지만 시간 당 10~30원 정도 로 생각 하면 플 탐 대비 가성 비굿,2019-11-02 08:20:28
294100,RimWorld,positive,죽기 전에 탈출,죽기 전 에 탈출,2019-11-02 02:21:36
294100,RimWorld,positive,잼슴,잼슴,2019-11-02 00:09:00
294100,RimWorld,positive,꿀잼,꿀잼,2019-11-01 23:48:40
294100,RimWorld,positive,꿀잼,꿀잼,2019-11-01 23:38:07
294100,RimWorld,positive,dlc 가격 좀 그럼 그래도 재밌음,dlc 가격 좀 그럼 그래도 재밌음,2019-11-01 23:11:58
294100,RimWorld,positive,할만함.,할만 함 .,2019-11-01 21:00:16
294100,RimWorld,positive,단 36000원으로 미래로가는 타임머신을 구입해보세요!,단 36000원 으로 미래 로 가는 타임머신 을 구입 해보세요 !,2019-11-01 17:06:19
294100,RimWorld,positive,갓겜,갓 겜,2019-11-01 14:18:00
294100,RimWorld,positive,와 깔자마자 새벽내내했어요...300시간했을때 쯤 정신을차렸습니다...한동안 미치도록했습니다 ㅠ 중독성 쩌러요,와 깔자마자 새벽 내내 했어요 ... 300시간 했을때 쯤 정신 을 차렸습니다 ... 한동안 미치도록 했습니다 ㅠ 중독 성 쩌러 요,2019-11-01 01:33:12
294100,RimWorld,positive,갓겜,갓 겜,2019-10-31 22:32:20
294100,RimWorld,positive,심심할때 하면 재미있는게임 근데 취향을 많이 탐,심심할 때 하면 재미있는 게임 근데 취향 을 많이 탐,2019-10-31 22:04:43
294100,RimWorld,positive,해보면 압니다 미쳤음,해보면 압니 다 미쳤음,2019-10-31 21:25:01
294100,RimWorld,positive,아직 몇판 안했는데 좀더 해봐야 할것같아여 재밌는듯,아직 몇 판 안 했는데 좀더 해봐야 할것 같아여 재밌는듯,2019-10-31 19:39:03
294100,RimWorld,positive,ㅅ 발 다리두개다 떼서 방안에 갇혀봐야 정신차리는 림들;;,ㅅ 발 다리 두 개다 떼서 방안 에 갇혀 봐야 정신차리는 림 들 ;;,2019-10-31 19:25:59
294100,RimWorld,positive,과제를 하시거나 인터넷을 하시거나 뭘 하시든 뒤에 틀어놓고 플레이 하시면 됩니다 그래도 되는 게임입니다,과제 를 하시거나 인터넷 을 하시거나 뭘 하시든 뒤 에 틀어놓고 플레이 하시면 됩니다 그래도 되는 게임 입니다,2019-10-31 19:02:43
294100,RimWorld,positive,너무 지루하다,너무 지루하다,2019-10-31 19:02:31
294100,RimWorld,positive,good!,good !,2019-10-31 18:30:55
294100,RimWorld,positive,오래하내요 ㅋㅋㅋ,오래 하내 요 ㅋㅋㅋ,2019-10-31 18:14:30
294100,RimWorld,positive,아주 잠깐해봤는데 그럭저럭 재밌습니다 컨셉이 이 게임에서 가장 중요한 요소입니다 랜극철 광기는 우리의 친구입니다,아주 잠깐 해봤는데 그럭저럭 재밌습니다 컨셉 이 이 게임 에서 가장 중요한 요소 입니다 랜극철 광기 는 우리 의 친구 입니다,2019-10-31 16:02:24
294100,RimWorld,positive,갓겜 현탐와도 얼마 지나지 않아 다시 찾는 갓겜,갓 겜 현 탐와도 얼마 지나지 않아 다시 찾는 갓 겜,2019-10-31 14:15:27
294100,RimWorld,positive,good game~,good game ~,2019-10-31 12:41:48
294100,RimWorld,positive,장점 시간이 잘간다. 단점 시간이 너무 잘간다,장점 시간 이 잘 간다 . 단점 시간 이 너무 잘 간다,2019-10-31 12:05:26
294100,RimWorld,positive,잘 모르겠네요. 좀 더 해봐야 알겠어요.,잘 모르겠네요 . 좀 더 해봐야 알겠어요 .,2019-10-31 11:41:42
294100,RimWorld,positive,모드툴,모드 툴,2019-10-31 11:37:02
294100,RimWorld,positive,생활컨텐츠 오지는 준 방치형 갓겜인데 스타듀 밸리 같은거 생각하고 오면 멘탈에 치명타 입고 싸이코패스 됩니다 처음 시작하면 스토리텔러 랜디로는 시작하지 마시고 좀 평화롭게 시스템좀 외우고 재미좀 보다가 슬슬 바꿔보세요 이게임은 누가 해도 결국에는 요직러로 타락합니다,생활 컨텐츠 오지 는 준 방치 형 갓 겜 인데 스타 듀 밸리 같은거 생각 하고 오면 멘탈 에 치명 타 입고 싸이코패스 됩니다 처음 시작 하면 스토리 텔러 랜디 로는 시작 하지 마시고 좀 평화롭게 시스템 좀 외우고 재미 좀 보다가 슬슬 바꿔 보세요 이 게임 은 누가 해도 결국 에는 요직러 로 타락합니다,2019-10-30 22:48:48
294100,RimWorld,positive,바닐라 그러니까 모드없이 이만큼하고있음 모드추가되면 얼마나할지모르겠음 ㄷㄷ 그만큼 취향맞으면 개꿀잼 아니면 흐 ㅡ음,바닐라 그러니까 모드 없이 이 만큼 하고 있음 모드 추가 되면 얼마나 할지 모르겠음 ㄷㄷ 그만큼 취향 맞으면 개꿀잼 아니면 흐 ㅡ 음,2019-10-29 20:36:42
294100,RimWorld,positive,게임 시작하고 판 정리되기 전까지는 정말 재밌습니다. 당장 눈앞에 집하나 재배구역 하나 광맥 하나하나 정말 흥미롭고 이 넓은 토지를 어떻게 써야할까 고민하게 되거든요. 자 이제 적당히 시간이 지납니다. 집 적당히 짓고 집 정리해줄 친구들 있고 잠자리 한가득에 포탑 몇개 지어서 방어 적당하고 그러면 이제 탈출에 눈이 좀 가게되는데 이쯤 되면 내가 구상하는 마을 좀 만들겠다고 빠르기 최대한으로 땡겨서 그 자리에서 몇 시간동안 앉아있어야 됩니다. 이때 이렇게 느끼는 사람들이 생기게 됩니다. '게임속도가 좀 느린데?' 이 게임은 이게,게임 시작 하고 판 정리 되기 전 까지는 정말 재밌습니다 . 당장 눈앞 에 집 하나 재배 구역 하나 광맥 하나 하나 정말 흥미 롭고 이 넓은 토지 를 어떻게 써야 할까 고민 하게 되거든요 . 자 이제 적당히 시간 이 지납니다 . 집 적당히 짓고 집 정리 해줄 친구 들 있고 잠자리 한 가득 에 포탑 몇개 지어서 방어 적당하고 그러면 이제 탈출 에 눈 이 좀 가게 되는데 이쯤 되면 내 가 구상 하는 마을 좀 만들겠다고 빠르기 최대한 으로 땡겨서 그 자리 에서 몇 시간 동안 앉아있어야 됩니다 . 이 때 이렇게 느끼는 사람 들 이 생기 게 됩니다 . ' 게임 속도 가 좀 느린데 ?' 이 게임 은 이 게,2019-10-29 12:37:53
294100,RimWorld,positive,"운영 시뮬 게임 2D , 건뮬키우고 + 인간 키우고 (게임 이해력 안좋은분 절대 구매 하지마세요) ☆ 이런종류 좋아하지 않으면 구매 하지마세요 ☆","운영 시뮬 게임 2 D , 건뮬 키우고 + 인간 키우고 ( 게임 이해력 안좋은 분 절대 구매 하지 마세요 ) ☆ 이런 종류 좋아하지 않으면 구매 하지 마세요 ☆",2019-10-29 11:59:48
294100,RimWorld,positive,이거랑 비슷한 게임이 있었으면 좋겠다. 아직까지는 없지만.,이 거 랑 비슷한 게임 이 있었으면 좋겠다 . 아직 까지는 없지만 .,2019-10-26 02:38:17
294100,RimWorld,positive,그저 갓겜 근데 너무 많이 했다. 똥겜들이 너무 많아서 이것만 하다가 더 이상 즐길 수 없는 몸이 되어버렸어......,그저 갓 겜 근데 너무 많이 했다 . 똥겜 들 이 너무 많아서 이 것 만 하다가 더 이상 즐길 수 없는 몸 이 되어 버렸어 ......,2019-10-25 16:00:11
294100,RimWorld,positive,또 하나의 모드를 위한 게임,또 하나 의 모드 를 위 한 게임,2019-10-25 01:48:48
294100,RimWorld,positive,"오래하지 않았음에도 불과하고 엔딩을 2번 봤고, 모드를 설치해서 즐기는게 대다수에 암튼 개꿀잼. 좀 더 해봐야 게임성 평가 할 수 있을듯","오래 하지 않았음에도 불과하고 엔딩 을 2 번 봤고 , 모드 를 설치 해서 즐기는게 대다수 에 암튼 개꿀잼 . 좀 더 해봐야 게임 성 평가 할 수 있을듯",2019-10-23 19:34:27
294100,RimWorld,positive,I LOVE IT,I LOVE IT,2019-10-20 19:57:20
294100,RimWorld,positive,아 이게 왜 이렇게 되냐고 하면서 리겜하게하는 맛이 있음,아 이 게 왜 이렇게 되냐고 하면서 리겜 하게하는 맛 이 있음,2019-10-19 22:10:36
294100,RimWorld,positive,잼,잼,2019-10-18 23:57:46
294100,RimWorld,positive,머리로 시나리오쓰면서하면 ㅈㄴ재밋음 ㅋ 결론은망상,머리 로 시나리오 쓰면 서하면 ㅈㄴ 재밋음 ㅋ 결론 은 망상,2019-10-18 22:50:57
294100,RimWorld,positive,게임 조금만 해봤어요. 재밌네요.,게임 조금 만 해봤어요 . 재밌네요 .,2019-10-18 21:27:34
294100,RimWorld,positive,우주최고갓겜,우주 최고 갓 겜,2019-10-18 07:56:25
294100,RimWorld,positive,보방식 요새를 만들어봤는데 아주 좋네요. 적들이 강하해서 중심지를 타격하기 전까진 말이에요.,보방 식 요새 를 만들어 봤는데 아주 좋네요 . 적 들 이 강하 해서 중심지 를 타격 하기 전 까진 말 이에요 .,2019-10-17 19:21:04
294100,RimWorld,positive,고인물 형님들 너무 어려워요,고 인물 형님 들 너무 어려워요,2019-10-17 00:39:40
294100,RimWorld,positive,바닐라도 알찬 이벤트들과 엔딩까지의 길이가 상당한대 모드친화적인 갓겜인지라 다꺠고도 모드깔면 또 새로운게임이 되어버리니 이게임만해도 여러장르를 자기 취향것 모드구독하여 플레이 가능하고 모드 제작자분들과 번역가분들 그리고 커뮤니티 고인물분들이 아주 친절하게 뉴비들을 이끌어서 모드접근성이 쉬워져서 그로인해 5~10만원이나하는 게임같지도 않은 게임출시하는 큰회사보다 3만6천원짜리 뜨뜻~한 림월드에 모드를 자작~ 하게 말아서 한글화 얹어서 무료한시간 두둑~하게 채워주는 갓겜이다 이말이야,바닐라 도 알찬 이벤트 들 과 엔딩 까지의 길이 가 상당한대 모드 친 화 적 인 갓 겜 인지 라 다꺠고 도 모드 깔면 또 새로운 게임 이 되어 버리니 이 게임 만해 도 여러 장르 를 자기 취향 것 모드 구독 하 여 플레이 가능하고 모드 제작자 분들 과 번역가 분들 그리고 커뮤니티 고 인물 분들 이 아주 친절하게 뉴비 들 을 이끌어서 모드 접근성 이 쉬워져서 그로 인해 5~10만원 이나하는 게임 같지도 않은 게임 출시 하 는 큰 회사 보다 3만 6천원 짜리 뜨 뜻 ~ 한 림 월드 에 모드 를 자작 ~ 하게 말아서 한글화 얹어서 무료 한 시간 두둑 ~ 하게 채워주는 갓 겜 이다 이 말 이야,2019-10-16 06:42:22
294100,RimWorld,positive,입대 전에사서 입사 후까지 하고있음,입대 전 에 사서 입사 후 까지 하고있음,2019-10-13 11:11:41
294100,RimWorld,positive,이젠 이 게임을 어떻게 플레이할까가 아니라 어떻게 벗어날까를 궁리하게 된다.,이 젠 이 게임 을 어떻게 플레이 할까 가 아니라 어떻게 벗어날까 를 궁리 하게 된다 .,2019-10-12 01:49:15
294100,RimWorld,positive,타임머신을 찾아버렸다ㄷㄷ,타임머신 을 찾아 버렸다 ㄷㄷ,2019-10-11 08:41:53
294100,RimWorld,positive,뭔가 볼륨이 작은 느낌,뭔가 볼륨 이 작은 느낌,2019-10-11 01:39:23
294100,RimWorld,positive,정말 좋은데 이제는 그래픽이 아쉽네요 림월드2 내주세요,정말 좋은데 이제 는 그래픽 이 아쉽네요 림 월드 2 내주세요,2019-10-08 16:55:04
294100,RimWorld,positive,엄지손가락이 날아갔는지 새끼발가락은 괜찮은지까지 세세하게 신경써야하는데 그러다보면 열받는 게임 하지만 잼있다.,엄지손가락 이 날아갔는지 새끼 발가락 은 괜찮 은지 까지 세세하게 신경 써야하는데 그러다 보면 열 받는 게임 하지만 잼있다 .,2019-10-08 16:25:46
294100,RimWorld,positive,갓겜,갓 겜,2019-10-06 21:30:52
294100,RimWorld,positive,갓겜,갓 겜,2019-10-06 16:02:36
294100,RimWorld,positive,갓겜,갓 겜,2019-10-06 14:06:55
294100,RimWorld,positive,갓겜,갓 겜,2019-10-05 14:01:49
294100,RimWorld,positive,아직 얼마 안해봐서 뭐라고 하긴 어려운데 확실히 재미는 있어요,아직 얼마 안 해봐서 뭐라고 하긴 어려운데 확실히 재미 는 있어요,2019-10-04 12:39:25
294100,RimWorld,positive,본인이 극한지에 낙오된 정착민들 데리고 우주선 짓고 탈출하는 것에 모든 힘을 쏟고싶다면 추천 얘들 데리고 우주 심즈 or 우주 삼국지 하고싶으면 비추천 컨텐츠가 늘어나는 모드가 이것저것 많긴한데 결국 이 게임의 최종적인 목표는 우주선 짓고 외부 세력 습격 막다 행성을 탈출하는 것이기 때문에 아무리 컨텐츠가 많아도 결국 목표는 하나임 거기서 오는 현자타임이 장난아님 하다보면 우주선 쏴보지도 않고 질려서 어느새 새지구 파고있는 자신을 발견하게됨 갠적으로 세계 탭에서 할 수있는 일이 늘어났으면 좋겠음,본인 이 극 한지 에 낙오 된 정착민 들 데리 고 우주선 짓고 탈출 하는 것 에 모든 힘 을 쏟고싶다면 추천 얘 들 데리 고 우주 심즈 or 우주 삼국지 하고싶으면 비 추천 컨텐츠 가 늘어나는 모드 가 이 것 저 것 많긴한데 결국 이 게임 의 최종 적 인 목표 는 우주선 짓고 외부 세력 습격 막다 행성 을 탈출 하는 것 이기 때문 에 아무리 컨텐츠 가 많아도 결국 목표 는 하나 임 거기 서 오는 현자 타임 이 장난 아님 하다 보면 우주선 쏴 보지 도 않고 질려서 어느새 새 지구 파고있는 자신 을 발견 하게 됨 갠 적 으로 세계 탭 에서 할 수 있는 일이 늘어났으면 좋겠음,2019-10-03 07:37:04
294100,RimWorld,positive,이게임은 제인생에 게임것같네요 이게임 돼개재밋고 중독성잇서 좋코 모드도 다좋코 괜찬네요,이 게임 은 제 인생 에 게임 것 같네요 이 게임 돼개재밋 고 중독 성 잇서 좋 코 모드 도 다 좋 코 괜찬네 요,2019-09-28 10:45:49
294100,RimWorld,positive,셀프 고문을 즐겨하시는 분들을 위한 게임,셀프 고문 을 즐겨하시는 분 들 을 위 한 게임,2019-09-26 13:07:31
294100,RimWorld,positive,흐음... ?,흐음 ... ?,2019-09-24 02:34:23
294100,RimWorld,positive,"사실 나는 이 게임이 그렇게 찬양할 정도로 재미있는지는 모르겠다. 림월드는 절대 부정적 평가를 남길 만큼 나쁜 게임은 아니지만 이게 내 인생 게임이라고 불릴 만큼인지는 의문이다. 하지만 나는 울적할 때 종종 림웜드를 켠 후 마실 것을 옆에 놓고 모든 설정을 랜덤으로 설정하고 가장 힘든 난이도인 랜디 익스트림으로 게임을 시작한다. 나는 게임을 할 떄 위키를 정독을 하고 게임을 많이 ""공부"" 를 하고 하는 편인데, 림월드는 일부러 위키를 전혀 읽지 않았따. 림월드 공략을 읽거나 연구를 한 것이 아니라 이 설정으로 한 번도 게임의 마지막","사실 나 는 이 게임 이 그렇게 찬양 할 정도 로 재미있는지는 모르겠다 . 림 월드 는 절대 부정 적 평가 를 남길 만큼 나쁜 게임 은 아니지만 이 게 내 인생 게임 이라고 불릴 만큼 인 지는 의문 이다 . 하지만 나 는 울적할 때 종종 림웜드 를 켠 후 마실 것 을 옆 에 놓고 모든 설정 을 랜덤 으로 설정 하고 가장 힘든 난이도 인 랜디 익스트림 으로 게임 을 시작 한 다 . 나 는 게임 을 할 떄 위키 를 정독 을 하고 게임 을 많이 "" 공부 "" 를 하고 하는 편 인데 , 림 월드 는 일부러 위키 를 전혀 읽지 않았 따 . 림 월드 공략 을 읽거나 연구 를 한 것 이 아니라 이 설정 으로 한 번 도 게임 의 마지막",2019-09-24 00:21:52
294100,RimWorld,positive,씨@@@발 꿈에서 림월드하는 꿈꿨다,씨 @@@ 발 꿈 에서 림 월드 하 는 꿈꿨다,2019-09-22 21:07:52
294100,RimWorld,positive,할만함..모드질하는 사람들이 대부분인데 모드질을 해본적 없고 바닐라로만 100시간 거뜬히 넘겼음...개재밌다,할만 함 .. 모드 질하는 사람 들 이 대부분 인데 모드 질 을 해 본적 없고 바닐라 로만 100시간 거뜬히 넘겼음 ... 개 재밌다,2019-09-22 13:51:56
294100,RimWorld,positive,할인 안받고 산 겜중에서는 거의 유일하게 후회하지 않은 게임이다,할인 안 받고 산 겜 중 에서는 거의 유일하게 후회 하지 않은 게임 이다,2019-09-22 00:52:25
294100,RimWorld,positive,하지마세요 이건 경고입니다,하지 마세요 이건 경고 입니다,2019-09-21 18:48:47
294100,RimWorld,positive,아니 Tlqkf 지 배고플때는 안시켜도 지멋대로 인간 날고기 처먹고 정신병걸리는 ㅅㄲ들이 적이 도깨비 방망이 들고오는 허접ㅅㄲ한테 명령안했다고 총을 쳐 안쏴서 맞아 죽냐.... 멋대로 사람고기 처먹지 말고 멋대로 총을 쏴줘라,아니 Tlqkf 지 배고플 때 는 안 시켜도 지 멋대로 인간 날고기 처 먹고 정신병 걸리는 ㅅㄲ 들이 적 이 도깨비 방망이 들고오는 허 접 ㅅㄲ 한테 명령 안 했다고 총 을 쳐 안 쏴서 맞아 죽냐 .... 멋대로 사람 고기 처 먹지 말고 멋대로 총 을 쏴줘라,2019-09-21 17:26:27
294100,RimWorld,positive,2D게임 중에 젤 재밌고 오래 한것 같다. 근데 문제는 불친절한 튜토리얼과 익숙해지는데 조금 시간이 걸렸다. 처음에는 어캐 하는지 몰라서 지울뻔 했지만 어느 순간 정신차려보니 800시간이 훌쩍 넘었떠라.. 생존 요소도 상당히 디테일 하고 건설도 재밌다. 근데 이벤트 좀 더 다양하게 늘려줬음 좋겠다. 9/10 후... 헤어나올 수가 없어졌따... 어느 순간 일상이 되버렸다... 니들은 이런거 하지마라...,2 D 게임 중 에 젤 재밌고 오래 한 것 같다 . 근데 문제 는 불친절한 튜토리얼 과 익숙해지는데 조금 시간 이 걸렸다 . 처음 에는 어캐 하는지 몰라서 지 울 뻔 했지만 어느 순간 정신차려 보니 800시간 이 훌쩍 넘었 떠라 .. 생존 요소 도 상당히 디테일 하고 건설 도 재밌다 . 근데 이벤트 좀 더 다양하게 늘려 줬음 좋겠다 . 9/10 후 ... 헤어 나올 수가 없어졌 따 ... 어느 순간 일상 이 되 버렸다 ... 니 들 은 이런거 하지마라 ...,2019-09-21 02:57:33
294100,RimWorld,positive,제 인생을 말ㅇ.... 아니 재미있게 해주는게임이네요.(여러분 시간을 돌아오지않습니다.),제 인생 을 말 ㅇ .... 아니 재미있게 해주는 게임 이네 요 .( 여러분 시간 을 돌아오지 않습니다 .),2019-09-20 21:26:35
294100,RimWorld,positive,모드질하는게임,모드 질하는 게임,2019-09-18 21:16:15
294100,RimWorld,positive,뭐야 내 시간 돌려줘요.,뭐 야 내 시간 돌려줘요 .,2019-09-18 19:44:29
294100,RimWorld,positive,"지금까지 했던 경영, 건설이 합쳐져있는 게임중에서는 최고 재밌는거 같아요, 이거랑 비길 수 있는건 롤러코스터 타이쿤 1,2 정도?","지금 까지 했던 경영 , 건설 이 합쳐져있는 게임 중 에서는 최고 재밌는거 같아요 , 이 거 랑 비길 수 있는건 롤러코스터 타이 쿤 1 , 2 정도 ?",2019-09-08 17:43:08
294100,RimWorld,positive,한 두판 해봤는데 할게 너무 없음,한 두 판 해봤는데 할게 너무 없음,2019-09-07 22:51:30
294100,RimWorld,positive,안할때는 안하지만 할때는 너무재밌는 게임.갠취일태지만 노동 요소가 많아서 좋으며 포획이 흥미있고머리를 많이 써야해서 여러모로 좋은게임이다,안 할 때 는 안 하지만 할 때 는 너무 재밌는 게임 . 갠취일태 지만 노동 요소 가 많아서 좋으며 포획 이 흥미 있고 머리 를 많이 써야 해서 여러 모로 좋은 게임 이다,2019-09-07 17:37:04
294100,RimWorld,positive,첨에 그냥 심심풀이로 시작했는데 핸폰겜을 접고 이것만 하고 모드를 매일 들어가 검색해보고.. 설명없이 그냥 막 시작했더니 다른분들 글을 읽어볼때마다 매일 새로운걸 배우네요. ㅎㅎㅎ 모드도 안지도 얼마 안됬어요. 첨엔 그냥 집만짓고 거래만 하고 밥먹이고 이게 다였는데 너무 재밌어여~~~~~~,첨 에 그냥 심심 풀이 로 시작 했는데 핸폰겜 을 접고 이 것 만 하고 모드 를 매일 들어가 검색 해보고 .. 설명 없이 그냥 막 시작 했더니 다른 분들 글 을 읽어 볼때 마다 매일 새로운 걸 배우네요 . ㅎㅎㅎ 모드 도 안지 도 얼마 안됬어요 . 첨 엔 그냥 집 만 짓고 거래 만 하고 밥 먹이 고 이 게 다 였는데 너무 재밌어여 ~~~~~~,2019-09-07 10:32:20
294100,RimWorld,positive,광자돌림=쓰지마ㅏ 젭알,광자 돌림 = 쓰지마 ㅏ 젭알,2019-09-06 21:38:11
294100,RimWorld,positive,ㅎㅎㅎㅎㅎㅎㅎㅎㅎㅎㅎㅎㅎㅎㅎㅎㅎㅎㅎㅎㅎㅎㅎㅎㅎㅎㅎㅎㅎㅎㅎㅎㅎ,ㅎㅎㅎㅎㅎㅎㅎㅎㅎㅎㅎㅎㅎㅎㅎㅎㅎㅎㅎㅎㅎㅎㅎㅎㅎㅎㅎㅎㅎㅎㅎㅎㅎ,2019-09-05 20:46:39
294100,RimWorld,positive,모드를 135개정도 쓰고있지만 100개정도 더 추가해서 더 해봐야겠네요,모드 를 135 개정 도 쓰고있지만 100 개정 도 더 추가 해서 더 해봐야겠네요,2019-08-31 13:31:35
294100,RimWorld,positive,이 게임 복돌로 모드받고 하던게 생각나네요. 문제는 제가 무슨 모드를 했는지 기억이 안나고 할게 너무 많아져서 손이 안가져요..ㅜㅜ,이 게임 복돌 로 모드 받고 하던게 생각나네요 . 문제 는 제 가 무슨 모드 를 했는지 기억 이 안나 고 할게 너무 많아져서 손 이 안 가져요 .. ㅜㅜ,2019-08-30 09:06:44
294100,RimWorld,positive,이딴망겜 대체 누가하는지ㅋㅋㅋㅋㅋ,이딴 망겜 대체 누가 하는지 ㅋㅋㅋㅋㅋ,2019-08-29 08:44:16
294100,RimWorld,positive,으아아아아,으아아 아아,2019-08-27 08:32:44
294100,RimWorld,positive,1,1,2019-08-26 17:59:14
294100,RimWorld,positive,조금밖에 안 했는데 질리네요. 똥겜입니다,조금 밖에 안 했는데 질리네요 . 똥겜 입니다,2019-08-24 23:44:32
294100,RimWorld,positive,"몇시간 안해봤는데, 할만 하네요 (200시간) 몇시간 더 해봣는데, 할만 하네요","몇 시간 안 해봤는데 , 할만 하네요 ( 200시간 ) 몇 시간 더 해봣는데 , 할만 하네요",2019-08-24 19:50:48
294100,RimWorld,positive,"구매한지 한달 되어가네요. 매일 시간 날때마다 했는데 벌써 100시간...하아...왜 이제서야 이걸 구매했는지...진작 해봤어야 했는데... 문명 이후로 이렇게 오랫동안 빠져든 게임은 처음인듯 하네요. 정말 하면 할수록 빠져들고 모드 때문에 더 빠져들고... 마인, 테라리아, 스카이림, 폴아웃...여타 많은 오픈월드 겜에 모드질 하는 겜들은 금방 질리던데 이건 바닐라도 잼있고 모드는 더더욱 잼있어서 좋네요. 무엇보다 모드적용이 쉬워서 더 잼있는듯... 참고로 할인없이 36000원에 구매했는데 전혀 아깝지 않은 게임임!!","구매 한지 한 달 되어가네요 . 매일 시간 날때 마다 했는데 벌써 100시간 ... 하아 ... 왜 이제 서야 이 걸 구매 했는지 ... 진작 해봤어야 했는데 ... 문명 이후 로 이렇게 오랫동안 빠져든 게임 은 처음 인 듯 하네요 . 정말 하면 할수록 빠져들고 모드 때문 에 더 빠져들고 ... 마인 , 테라리아 , 스카이림 , 폴아웃 ... 여타 많은 오픈월드 겜 에 모드 질 하는 겜 들 은 금방 질리던데 이건 바닐라 도 잼있고 모드 는 더 더욱 잼있어서 좋네요 . 무엇 보다 모드 적 용이 쉬워서 더 잼있는듯 ... 참고 로 할인 없이 36000원 에 구매 했는데 전혀 아깝지 않은 게임 임 !!",2019-08-24 18:11:35
294100,RimWorld,positive,생존게임X 정신병원 시뮬레이터O,생존 게임 X 정신병원 시뮬레이터 O,2019-08-23 19:27:11
294100,RimWorld,positive,재수 없으면 게임 시작 하자마자 전투원이 다람쥐한테 눈 잘려서 다시 시작 해야되는 갓겜입니다.,재수 없으면 게임 시작 하자 마자 전투원 이 다람쥐 한테 눈 잘려서 다시 시작 해야 되는 갓 겜 입니다 .,2019-08-21 18:48:58
294100,RimWorld,positive,Fcking awesome game,Fcking awesome game,2019-08-21 14:39:54
294100,RimWorld,positive,★★★☆☆,★★★☆☆,2019-08-20 22:07:41
294100,RimWorld,positive,시험기간에 잠깐 기분전환하기 좋은게임. 가볍게 즐겨보세요. 잠깐하면 머리속이 깔끔하게 청소되는군요. [strike]아...개발자가 스팀이건 자신의 마켓홈페이지건 세일안한다고 공언했으니 그냥 지르세요.[/strike] 쉬밤 DLC나오고 10프로씩 할인하네,시험 기간 에 잠깐 기 분전 환하기 좋은 게임 . 가볍게 즐겨 보세요 . 잠깐 하면 머리 속이 깔끔하게 청소 되는군요 . [ strike ] 아 ... 개발자 가 스팀 이건 자신 의 마켓 홈페이지 건 세 일 안 한 다 고 공언 했으니 그냥 지르세요 .[/ strike ] 쉬밤 DLC 나오고 10 프로 씩 할인 하네,2019-08-19 14:25:41
294100,RimWorld,positive,야 이거 설치를 너무 쉽게 해놨잖아 금방 지웠는데,야 이 거 설치 를 너무 쉽게 해놨잖아 금방 지웠는데,2019-08-17 21:21:28
294100,RimWorld,positive,스팀에 올라오기 몇년전부터 하던 겜인데. 이 한마디 꼭 하고 싶었음. 모드 만들어 주시는 분들 항상 감사합니다.,스팀 에 올라오기 몇 년전 부터 하던 겜 인데 . 이 한마디 꼭 하고 싶었음 . 모드 만들어 주시 는 분들 항상 감사합니다 .,2019-08-17 02:52:26
294100,RimWorld,positive,이제 케릭 어떻게 만드는지 알겠네 ~ 휴. 또라이들만 있는게 아니였구만.. 뭐만 지었다하면 불지르던 놈들.... 떄려부수던 놈들.... 내가 교화시켜줄게. 머리이리 대 .... 씌워주고 .... 약 넣어줄게 ㅋㅋㅋ,이제 케릭 어떻게 만드는지 알겠네 ~ 휴 . 또 라이 들 만 있는게 아니였구만 .. 뭐 만 지었다하면 불 지르던 놈 들 .... 떄려 부수던 놈 들 .... 내 가 교화 시켜줄게 . 머리 이리 대 .... 씌워주고 .... 약 넣어줄게 ㅋㅋㅋ,2019-08-16 23:01:45
294100,RimWorld,positive,멀티코어.. 제발,멀티코어 .. 제발,2019-08-15 23:46:31
294100,RimWorld,positive,바닐라 모드 모두 완성도 높은 훌륭한 갓겜.,바닐라 모드 모두 완성 도 높은 훌륭한 갓 겜 .,2019-08-14 01:44:46
294100,RimWorld,positive,god game,god game,2019-08-12 15:55:18
294100,RimWorld,positive,내가 직접 만드는 게임. 어느새 모드를 100개 넘게 깔고 뺐다 꼈다하는 나자신을 발견하게 된다.,내 가 직접 만드는 게임 . 어느새 모드 를 100 개 넘게 깔고 뺐다 꼈다하는 나 자신 을 발견 하게 된다 .,2019-08-11 22:19:07
294100,RimWorld,positive,..,..,2019-08-11 13:03:21
294100,RimWorld,positive,나라면 말도 안나눴을 정신병을 가진 걸어다니는 종합병원 새끼들을 데리고 니가 할 수 있다면 우주선을 만들어 타고 탈출하세요 버려진 이유가 분명한 씹 새1끼들을 50시간에 걸쳐 집으로 다시 보낼 기회를 얻어보세요 36000원 입니다,나라 면 말 도 안 나눴을 정신병 을 가진 걸어 다니는 종합병원 새끼 들 을 데리 고 니 가 할 수 있다면 우주선 을 만들어 타고 탈출 하세요 버려진 이유 가 분명한 씹 새 1 끼 들 을 50시간 에 걸쳐 집 으로 다시 보낼 기회 를 얻어 보세요 36000원 입니다,2019-08-10 05:46:36
294100,RimWorld,positive,영상 보면 무슨 재미가 있을까 할수도 있는데 이겜은 시간을 투자하고 플레이 하면 그때서야 게임성과 중독성을 알수 있습니다. 이겜은 모드가 컨텐츠 비중을 많이 차지한다고 생각합니다. 모드를 사용하여 중세 컨셉으로 갈수도 좀비 아포칼립스 생존 컨셉 등 다양한 컨셉으로 만들어 즐길 수 있는게 최대의 장점이라고 저는 말하고 싶네요. 그렇게 플레이 하다 보면 해떠 있음. 그리고 리뷰 보시면 소설쓰시는 분들 계신데 해보시면 아실겁니다. MSG 조금만 치면 정말 소설 나오는거,영상 보면 무슨 재미 가 있을까 할수도 있는데 이 겜 은 시간 을 투자 하고 플레이 하면 그때 서야 게임 성과 중독 성 을 알수 있습니다 . 이 겜 은 모드 가 컨텐츠 비중 을 많이 차지 한 다 고 생각 합니다 . 모드 를 사용 하여 중세 컨셉 으로 갈수 도 좀비 아포칼립스 생존 컨셉 등 다양한 컨셉 으로 만들어 즐길 수 있는게 최대 의 장점 이라고 저 는 말 하고 싶네요 . 그렇게 플레이 하다 보면 해 떠 있음 . 그리고 리뷰 보시 면 소설 쓰시 는 분들 계신데 해보시면 아실 겁니다 . MSG 조금 만 치면 정말 소설 나오는거,2019-08-09 15:18:52
294100,RimWorld,positive,집 짓고 생존하고 친입 막고 생존하고 친입막고 생존하고 친입 막고 ....,집 짓고 생존 하고 친입 막고 생존 하고 친입 막고 생존 하고 친입 막고 ....,2019-08-07 22:55:33
294100,RimWorld,positive,한국 기준으로 하루에 림월드 하는 사람몇명일까?,한국 기준 으로 하루 에 림 월드 하는 사람 몇 명일 까 ?,2019-08-07 10:05:40
294100,RimWorld,positive,랜덤 이벤트와 디펜스 또 집짓기나 가축 길들이기 그리고 여러 지역을 향한 모험....또는 노예만들기 등등 어쨋거나 앞서 말한 것들이 들어간 게임을 좋아한다면 분명히 빠질 것이다. 한 번 빠지면 내가 내 그룹을 살려야 하는지 게임 내의 그룹이 현실의 날 살려야 하는지 구분도 안 될 정도의 엄청난 재미와 중독성이.. 거기에 모드 또한 다양하기까지 정식출시전엔 너무 어려워서 잠시 묵혀놨다가 이번에 하는데 너무 재밌어서 1시간이 4시간처럼 간다.,랜덤 이벤트 와 디펜스 또 집짓기 나 가축 길들이기 그리고 여러 지역 을 향 한 모험 .... 또는 노예 만들기 등등 어쨋거 나 앞서 말 한 것 들 이 들어간 게임 을 좋아한다면 분명히 빠질 것 이다 . 한 번 빠지면 내 가 내 그룹 을 살려야 하는지 게임 내의 그룹 이 현실 의 날 살려야 하는지 구분 도 안 될 정도 의 엄청난 재미 와 중독 성 이 .. 거기 에 모드 또한 다양하기까지 정식 출시전엔 너무 어려워서 잠시 묵혀놨다가 이번 에 하는데 너무 재밌어서 1시간 이 4시간 처럼 간다 .,2019-08-07 08:56:55
294100,RimWorld,positive,좆망겜 수준 ㄹㅇ 또 해야지 헤헷,좆망 겜 수준 ㄹㅇ 또 해야지 헤헷,2019-08-06 23:35:35
294100,RimWorld,positive,아 야발 내시간 돌려줘요,아 야 발 내 시간 돌려줘요,2019-08-06 00:00:41
294100,RimWorld,positive,너무 다 좋은게 구형 유니티 엔진이라 싱글코어 지원밖에 안되서 대형이상 맵 50명 이상 인구 를 넘어서기 시작하면 0번 cpu가 혼자 뚜까맞고 죽을려고 한다...,너무 다 좋 은 게 구형 유니티 엔진 이라 싱글코어 지원 밖에 안되서 대형 이상 맵 50 명 이상 인구 를 넘어서기 시작 하면 0 번 cpu 가 혼자 뚜 까 맞고 죽을려고 한다 ...,2019-08-04 15:42:04
294100,RimWorld,positive,아직 두달밖에 안해봐서 잘모르겠네요. 좀 더 해보고 적겠습니다.,아직 두 달 밖에 안 해봐서 잘 모르겠네요 . 좀 더 해보고 적겠습니다 .,2019-08-03 18:01:28
294100,RimWorld,positive,잠깐 해봤는데 재밌음,잠깐 해봤는데 재밌음,2019-08-02 23:12:01
294100,RimWorld,positive,"스팀 게임 리뷰 처음 씁니다. 생존 게임 좋아해서 찾아 보던중 ""압도적으로 긍정적""이라는 평과.... 몇천시간씩 플레이한 리뷰들을 보고......... 어떤 게임인지 궁금하여 구매 하였습니다. 사실 세일 기간 있을것 같아서 몇일 기다리다가 제작자가 세일 절대 안해 준다는 말을 듣자마자 그냥 샀습니다. ㅎㅎ 게임전에 게임 동영상을 보며 손톱만한 캐릭터들이 나와서 꿈지락 되는게 재밌나? 하는 생각도 들었습니다. 게임을 처음 시작하고 최근 게임들의 화려함에 한참 미치지 못하는 텍스트 손톱만한 캐릭터들이 꿈지락 되며 살겠다고","스팀 게임 리뷰 처음 씁니다 . 생존 게임 좋아해서 찾아 보던 중 "" 압도 적 으로 긍정 적 "" 이라는 평 과 .... 몇 천 시간 씩 플레이 한 리뷰 들 을 보고 ......... 어떤 게임 인지 궁금하여 구매 하였습니다 . 사실 세 일 기간 있을것 같아서 몇 일 기다리다가 제작자 가 세 일 절대 안해 준다는 말 을 듣자마자 그냥 샀습니다 . ㅎㅎ 게임 전 에 게임 동영상 을 보며 손톱 만 한 캐릭터 들 이 나와서 꿈 지락 되는게 재밌나 ? 하는 생각 도 들었습니다 . 게임 을 처음 시작 하고 최근 게임 들 의 화려함에 한참 미치지 못 하는 텍스트 손톱 만 한 캐릭터 들 이 꿈 지락 되며 살겠다고",2019-07-31 16:03:15
294100,RimWorld,positive,조금밖에 안해봤는데 할만 하네요,조금 밖에 안 해봤는데 할만 하네요,2019-07-31 15:02:09
294100,RimWorld,positive,아니ㅋㅋ 게임을 켜기만 했는데 2시간이 사라졌네 뭐냐이거? 환불 할 생각은 없었지만 환불도 못받게 됬네ㅋㅋ,아니 ㅋㅋ 게임 을 켜기만 했는데 2시간 이 사라졌네 뭐 냐 이 거 ? 환불 할 생각 은 없었지만 환불 도 못 받게 됬네 ㅋㅋ,2019-07-31 05:15:22
294100,RimWorld,positive,취향에 맞는 게임은 많이들 있어왔는데 이렇게 여러부문에서 만족시키는 게임은 얼마 없었던것같다. 정말 재밌게 하고있고 이러한 장르 게임이 더 많아졌으면 좋겠다,취향 에 맞는 게임 은 많이 들 있어 왔는데 이렇게 여러 부문 에서 만족 시키는 게임 은 얼마 없었던것 같다 . 정말 재밌게 하고있고 이러한 장르 게임 이 더 많아졌으면 좋겠다,2019-07-28 23:06:25
294100,RimWorld,positive,사지마세요,사지 마세요,2019-07-28 17:48:30
294100,RimWorld,positive,초반: 으악 해적들이 쳐들어 온다. 후반: 이야 하늘에서 장기가 떨어지네 우리 림 눈깔 날아간거 다시 달아줘야지,초반 : 으악 해적 들 이 쳐 들어 온다 . 후반 : 이야 하늘 에서 장기 가 떨어지네 우리 림 눈 깔 날아간거 다시 달아줘야지,2019-07-27 23:01:29
294100,RimWorld,positive,모든 인간이 1인분을 하지는 않는다는 걸 알려준 게임임,모든 인간 이 1 인분 을 하지는 않는다는 걸 알려 준 게임 임,2019-07-27 19:48:18
294100,RimWorld,positive,"아직 얼마 안했는데요. 플레이 타임이 이상하네요. 해도 너무 빨리 뜨는 거 아닌가? 개인적으로는 바닐라 만으로도 컨셉플레이 같은 걸로 3달은 미친듯이 즐길 수 있습니다. 그 이후에는 모드로 캐릭터 그래픽을 좀 바꾸든, 스토리를 추가하든, 아 모드는 개인적으로 림셰널 추천합니다. 이건 돈 받고 팔아도 될 정도로 갓 모드입니다. 뭐 취향에 안 맞거나 과몰입을 좀 많이 하신다면 솔직히 좀 힘드실 수도 있습니다. 제가 그랬거든요. 기지 한 번 터지면 겜삭제하고 림들 기억하면서 훌쩍거렸는데 이틀 지나고 다시 까는 제 모습을 보고 뭐지...","아직 얼마 안 했는데요 . 플레이 타임 이 이상하네요 . 해도 너무 빨리 뜨는 거 아닌가 ? 개인 적 으로는 바닐라 만으로도 컨셉 플레이 같은 걸 로 3 달 은 미친듯이 즐길 수 있습니다 . 그 이후 에는 모드 로 캐릭터 그래픽 을 좀 바꾸든 , 스토리 를 추가 하든 , 아 모드 는 개인 적 으로 림셰널 추천 합니다 . 이건 돈 받고 팔아도 될 정도 로 갓 모드 입니다 . 뭐 취향 에 안 맞거나 과 몰입 을 좀 많이 하신다면 솔직히 좀 힘드실 수도 있습니다 . 제 가 그랬거든요 . 기지 한 번 터지면 겜 삭제 하고 림 들 기억 하면서 훌쩍 거렸 는데 이틀 지나고 다시 까는 제 모습 을 보고 뭐 지 ...",2019-07-27 01:15:55
294100,RimWorld,positive,아직 할게 많다,아직 할게 많다,2019-07-26 18:23:14
294100,RimWorld,positive,시간이 사라지는겜,시간 이 사라지는 겜,2019-07-24 18:17:02
294100,RimWorld,positive,너무 과하게 재밌어서 삭제했습니다 백수되면 다시 하려구요..,너무 과 하게 재밌어서 삭제 했습니다 백수 되면 다시 하려구요 ..,2019-07-24 11:59:09
294100,RimWorld,positive,"아무런 모드를 깔지 않고, 바닐라로 즐기고 있습니다. 플레이 타임은 53시간. 우연히 유튜브로 보게 된 게임인데, 정말 제 취향이라서 구매하였습니다. 혼자서 킬링 타임으로 정말 좋습니다. 바닐라로도 할 것이 많은데, 모드를 깐다면 그 가능성은 무한합니다.","아무런 모드 를 깔지 않고 , 바닐라 로 즐기고 있습니다 . 플레이 타임 은 53시간 . 우연히 유튜브 로 보게 된 게임 인데 , 정말 제 취향 이라서 구매 하였습니다 . 혼자 서 킬링 타임 으로 정말 좋습니다 . 바닐라 로 도 할 것 이 많은데 , 모드 를 깐다면 그 가능성 은 무한 합니다 .",2019-07-20 03:27:02
294100,RimWorld,positive,모드배열마저 하나의 컨텐츠인 게임,모드 배열 마저 하나 의 컨텐츠 인 게임,2019-07-20 01:33:25
294100,RimWorld,positive,"평가를 쓰는 기준에 613시간 플레이 했다고 되어 있지만 몇년전에 크랙버전으로 받아서 해본 시간 3년을 합하면 사실상 10,000시간은 넘었을거 같은데...누군가의 림월드 리뷰가 생각나네요. 이 게임은 개발자와 플레이어와의 싸움이라고 ㅋㅋㅋㅋㅋㅋㅋㅋㅋㅋ 자유도가 어마어마 합니다. 모드 포함하면 할게 너무나도 많아서 지루할 수가 없는 게임이에요. 어? 아닌데? 난 질리던데? 하시는 분은 난이도를 높이세요. 내가 한건 림월드의 튜토리얼 수준이었다는걸 알게 됩니다. 림월드는 최고난이도부터가 다시 시작이에요 ㅋㅋㅋㅋㅋ 저는 한번 시작","평가 를 쓰는 기준 에 613시간 플레이 했다고 되어 있지만 몇 년전 에 크랙 버전 으로 받아서 해본 시간 3년 을 합 하면 사실 상 10,000시간 은 넘었을거 같은데 ... 누군가 의 림 월드 리뷰 가 생각나네요 . 이 게임 은 개발자 와 플레이어 와의 싸움 이라고 ㅋㅋㅋㅋㅋㅋㅋㅋㅋㅋ 자유도 가 어마 어마 합니다 . 모드 포함 하면 할게 너무나도 많아서 지루할 수가 없는 게임 이에요 . 어 ? 아닌데 ? 난 질리던데 ? 하시는 분 은 난이도 를 높이세요 . 내 가 한 건 림 월드 의 튜토리얼 수준 이었다는걸 알 게 됩니다 . 림 월드 는 최고 난이도 부터가 다시 시작 이에요 ㅋㅋㅋㅋㅋ 저 는 한번 시작",2019-07-19 22:27:06
294100,RimWorld,positive,갓겜,갓 겜,2019-07-16 19:38:40
294100,RimWorld,positive,인생 (파괴됨) 능률 0% ----------------- 원인: Tynan에 의해 림월드 시작,인생 ( 파괴 됨 ) 능률 0% ----------------- 원인 : Tynan 에 의해 림 월드 시작,2019-07-15 17:00:37
294100,RimWorld,positive,재밌음,재밌음,2019-07-14 20:53:50
294100,RimWorld,positive,크....병신겜,크 .... 병신 겜,2019-07-13 01:17:29
294100,RimWorld,positive,"5500년대라도 동면을 당하면 뇌세포가 박살나는걸 알려주는 게임이에요. 세부적으로 작업분류를 안해주면 무슨 벌목을 하면 나무를 안줍고 병충해로 제초명령을 내려도 열심히 씨앗심으며 악화시키기에 바빠해요. 먹을거 장기보관할려고 냉동고를 만들면 거기서 음식줍고 나오는데 춥다고 시무룩해하고, 피철철나고 토악질해대는데 침대에 쉬라고 했더니 시간지나면 안누워있고 일하러가고, 탈옥수가 맨손으로 강철벽을 부수고, 울화통 터졌다면서 부품 엄청 들어가는 전자기계만 골라부수고, 얼마나 부르주아였으면 우주선이 박살나 행성에 불시착했는데, 생존을 위해 빠","5500년 대라도 동면 을 당하면 뇌 세포 가 박살 나 는걸 알려주는 게임 이에요 . 세부 적 으로 작업 분류 를 안 해주면 무슨 벌목 을 하면 나무 를 안 줍고 병충해 로 제초 명령 을 내려도 열심히 씨앗 심으며 악화시키기에 바빠 해 요 . 먹을거 장기 보관 할려고 냉동고 를 만들면 거기 서 음식 줍고 나오는데 춥다 고 시무룩해하고 , 피철철 나고 토악질 해 대는데 침대 에 쉬 라고 했더니 시간 지나면 안 누워있고 일 하러가고 , 탈옥 수가 맨손 으로 강철 벽 을 부수 고 , 울화통 터졌다면서 부품 엄청 들어가는 전자기 계 만 골라 부수 고 , 얼마나 부르주아 였으면 우주선 이 박살 나 행성 에 불시 착했는데 , 생존 을 위해 빠",2019-07-12 19:32:32
294100,RimWorld,positive,이 세상에는 『결과』 만이 남는다!,이 세상 에는 『 결과 』 만이 남는다 !,2019-07-09 21:23:26
294100,RimWorld,positive,시간 호다닥. 세일 안하니까 그냥 사면 됨,시간 호다닥 . 세 일 안 하니까 그냥 사면 됨,2019-07-07 21:27:21
294100,RimWorld,positive,[방화광] [약물광] [유리정신],[ 방화 광 ] [ 약물 광 ] [ 유리 정신 ],2019-07-07 16:38:55
294100,RimWorld,positive,갓겜,갓 겜,2019-07-07 13:57:03
294100,RimWorld,positive,!!,!!,2019-07-07 08:20:47
294100,RimWorld,positive,기지건설 최고게임!! 벗어나고 싶은데... 또 자꾸생각나서 다시시작하게 됨 내겐 문명저리갈 악마의게임,기지 건설 최고 게임 !! 벗어나고 싶은데 ... 또 자꾸 생각나서 다시 시작 하 게 됨 내겐 문명 저리 갈 악마 의 게임,2019-07-07 02:07:14
294100,RimWorld,positive,갓겜,갓 겜,2019-07-06 22:07:19
294100,RimWorld,positive,조금 더 즐겨봐야 알거같아요.,조금 더 즐겨 봐야 알거 같아요 .,2019-07-06 17:45:43
294100,RimWorld,positive,돈을 많이 아낄 수 있습니다.,돈 을 많이 아낄 수 있습니다 .,2019-07-06 16:37:59
294100,RimWorld,positive,아..잠을못자..자야하는데,아 .. 잠을못자 .. 자야하는데,2019-07-06 16:35:51
294100,RimWorld,positive,멀티핵꿀잼,멀티 핵꿀잼,2019-07-06 15:34:32
294100,RimWorld,positive,갓겜,갓 겜,2019-07-06 14:20:48
294100,RimWorld,positive,옛날에 깔짝대봤는데 다시 해봐야겠네용,옛날 에 깔 짝 대봤는데 다시 해봐야 겠네용,2019-07-06 13:50:26
294100,RimWorld,positive,음.. 별룬데용 ㅇ ㅅㅇ,음 .. 별룬데용 ㅇ ㅅㅇ,2019-07-06 02:23:30
294100,RimWorld,positive,갓겜,갓 겜,2019-07-05 22:13:47
294100,RimWorld,positive,추천,추천,2019-07-05 21:51:12
294100,RimWorld,positive,good,good,2019-07-05 17:15:29
294100,RimWorld,positive,하와와와 재미있어옇,하 와 와 와 재미있어 옇,2019-07-05 15:46:59
294100,RimWorld,positive,루CE페륨 필요,루 CE 페륨 필요,2019-07-05 14:58:02
294100,RimWorld,positive,어 갓월드 하셈,어 갓 월드 하 셈,2019-07-04 20:04:14
294100,RimWorld,positive,조금 한거같은데 재밋고 모드가 부족한부분을 다채워줌,조금 한 거 같은데 재밋 고 모드 가 부족한 부분 을 다 채워 줌,2019-07-04 17:53:47
294100,RimWorld,positive,이 좋망겜은 좋나 재밌지만 모드터지면 좋같은 게임이다. 모드가 터지지 않게 도와주는 툴을 꼭 쓰도록 하자,이 좋 망겜 은 좋나 재밌지만 모드 터지면 좋 같은 게임 이다 . 모드 가 터지지 않게 도와주는 툴 을 꼭 쓰도록 하자,2019-07-04 17:04:20
294100,RimWorld,positive,씨1발모야 분명아침인데 뭐했다고 새벽이야,씨 1 발 모야 분명 아침 인데 뭐 했다고 새벽 이야,2019-07-04 15:23:01
294100,RimWorld,positive,시뮬레이션 류의 끝판왕 바닐라로 백시간 이상 하고 모드까니 신세계가 펼쳐져서 끝없이 하게됨 취향 맞으면 대체할 겜이 없는 게임인듯,시뮬레이션 류 의 끝판 왕 바닐라 로 백 시간 이상 하고 모드 까니 신세계 가 펼쳐져서 끝없이 하게 됨 취향 맞으면 대체 할 겜 이 없는 게임 인 듯,2019-07-04 11:44:55
294100,RimWorld,positive,good,good,2019-07-04 09:28:13
294100,RimWorld,positive,good,good,2019-07-04 08:17:06
294100,RimWorld,positive,졸잼,졸잼,2019-07-04 00:05:04
294100,RimWorld,positive,순식간에 내 시간을 빼앗아 간다... 근데.. 어느정도 즐기니까 여러가지로 반복되는게 많아서 손이 가지 않는다..,순식간 에 내 시간 을 빼앗아 간다 ... 근데 .. 어느 정도 즐기니까 여러가지 로 반복 되는게 많아서 손 이 가지 않는다 ..,2019-07-03 22:09:34
294100,RimWorld,positive,마음에 든 것들은 다 싱글코어야,마음 에 든 것 들 은 다 싱글코어 야,2019-07-03 21:58:31
294100,RimWorld,positive,s,s,2019-07-03 16:11:49
294100,RimWorld,positive,재미있긴 하지만 짜증남,재미있긴 하지만 짜증남,2019-07-03 15:21:02
294100,RimWorld,positive,[ TIME TRAVELING ],[ TIME TRAVELING ],2019-07-03 02:13:09
294100,RimWorld,positive,할인만 기다리고 있었는데 할인 계획 없다는 얘기 듣고 바로 삼 문명 시리즈 처럼 타임머신 탄 것 마냥 시간은 엄청 잘 가는데 연구 다 끝내고 나면 뭘 해야하는지 잘 모르겠음,할인 만 기다리고 있었는데 할인 계획 없다는 얘기 듣고 바로 삼 문명 시리즈 처럼 타임머신 탄 것 마냥 시간 은 엄청 잘 가는데 연구 다 끝내고 나면 뭘 해야하는지 잘 모르겠음,2019-07-02 22:35:58
294100,RimWorld,positive,god game,god game,2019-07-02 21:51:14
294100,RimWorld,positive,이건 사야함,이건 사야 함,2019-07-02 20:14:04
294100,RimWorld,positive,"몰입감 면에서는 타의 추종을 불허한다. 모드도락이 가능한 점은 장점이자, 머리털을 빠지게 만드는 원흉이기도 하다.","몰입 감 면 에서는 타의 추종 을 불허 한다 . 모드 도락 이 가능한 점 은 장점 이자 , 머리털 을 빠지게 만드는 원흉 이기도 하다 .",2019-07-02 18:50:25
294100,RimWorld,positive,여러모로 인간의 한계를 시험하는 게임,여러 모로 인간 의 한계 를 시험 하는 게임,2019-07-02 15:45:45
294100,RimWorld,positive,"2주동안 92시간하면서 잠시 현타와서 멀리하고있습니다.,,,","2 주 동안 92시간 하면서 잠시 현 타 와 서 멀리 하고있습니다 .,,,",2019-07-02 11:08:08
294100,RimWorld,positive,많이 안했지만 할만하네요 바닐라가 질리다면 모드질을 모드질이 질리면 바닐라로 하면 됩니다,많이 안 했지만 할만 하네요 바닐라 가 질리다면 모드 질 을 모드 질 이 질리 면 바닐라 로 하면 됩니다,2019-07-01 16:59:04
294100,RimWorld,positive,재밌음. 세일을 안하긴하는데 꼭 살만한 가치가 있습니다,재밌음 . 세 일 을 안 하긴하는데 꼭 살 만 한 가치 가 있습니다,2019-07-01 10:47:31
294100,RimWorld,positive,갓겜 시간가는줄 모르는 힐링게임 난이도를 바꾸면 정신나간게임 하지만 모드를 설치하면 신세계,갓 겜 시간 가는줄 모르는 힐링 게임 난이도 를 바꾸면 정신 나간 게임 하지만 모드 를 설치 하면 신세계,2019-07-01 04:08:22
294100,RimWorld,positive,시험기간에 절대 켜면 안되는 게임,시험 기간 에 절대 켜면 안되는 게임,2019-06-30 20:04:25
294100,RimWorld,positive,조각상이랑 내장 팔아서 인공지능 사는 겜,조각상 이랑 내장 팔아서 인공 지능 사는 겜,2019-06-30 19:46:18
294100,RimWorld,positive,게임을 아주 약간 해봤는데 친추에게 추천해도 될 것 같아요!,게임 을 아주 약간 해봤는데 친추 에게 추천 해도 될 것 같아요 !,2019-06-30 18:17:41
294100,RimWorld,positive,good,good,2019-06-30 14:15:43
294100,RimWorld,positive,얼마 안해서 그런지 아직 재밌는지 모르겠음... 조금만 더 해봐야할듯,얼마 안해 서 그런지 아직 재밌는지 모르겠음 ... 조금 만 더 해봐 야할듯,2019-06-30 12:30:18
294100,RimWorld,positive,"너무,,재미,있읍니다,,,^^ 쒸,,펄~~,,~","너무 ,, 재미 , 있 읍니 다 ,,,^^ 쒸 ,, 펄 ~~,,~",2019-06-30 04:33:21
294100,RimWorld,positive,"어느 곳, 어느 때나 자기관리는 중요하다 그 것이 멘탈이든 건강이든...","어느 곳 , 어느 때 나 자기 관리 는 중요하다 그 것 이 멘탈 이든 건강 이든 ...",2019-06-30 00:45:16
294100,RimWorld,positive,재밋따,재밋따,2019-06-29 19:55:58
294100,RimWorld,positive,재밌네요.,재밌네요 .,2019-06-29 19:47:01
294100,RimWorld,positive,모드없이 림월드를 한다면 튜토리얼을 하고 있는 것이다,모드 없이 림 월드 를 한다면 튜토리얼 을 하고 있는 것 이다,2019-06-29 14:01:42
294100,RimWorld,positive,이제 뉴비 탈출합니다 :),이제 뉴비 탈출 합니다 :),2019-06-29 11:25:15
294100,RimWorld,positive,"이건 게임이 아니다. 이건 드라마다! 각종 질병으로 병사하고 영양실조로 아사하거나,습격같은 비극적인 이야기와 결혼과 각종 무드를 주는 좋은 이야기들이 많이 있다. 게다가 아주 높은 자유도와 다양한 모드가 나를 행복하게 만들어준다. 정말로 추천한다. 이건 게임이 아닌 나만의 드라마다!","이건 게임 이 아니다 . 이건 드라마 다 ! 각종 질병 으로 병사 하고 영양실조 로 아사 하 거나 , 습격 같은 비극 적 인 이야기 와 결혼 과 각종 무드 를 주는 좋은 이야기 들 이 많이 있다 . 게다가 아주 높은 자유도 와 다양한 모드 가 나를 행복하게 만 들어준다 . 정말로 추천 한다 . 이건 게임 이 아닌 나 만의 드라마 다 !",2019-06-28 21:47:53
294100,RimWorld,positive,게임 하다보면 한명씩 가끔 정이 드는 림이 있다. 그만큼 중독성 넘친다.,게임 하다 보면 한 명 씩 가끔 정이 드는 림 이 있다 . 그만큼 중독 성 넘친다 .,2019-06-28 17:23:24
294100,RimWorld,positive,아직 이 게임이 재밌는지는 좀 더 해봐야 알 수 있을 것 같다.,아직 이 게임 이 재밌는지는 좀 더 해봐야 알 수 있을 것 같다 .,2019-06-27 18:04:19
294100,RimWorld,positive,내가 문명도 이렇게 플레이 안 했습니다. 근데 산지 며칠 됐다고 벌써 이지경입니다. 도망쳐,내 가 문명 도 이렇게 플레이 안 했습니다 . 근데 산지 며칠 됐다고 벌써 이 지경 입니다 . 도망쳐,2019-06-27 14:06:24
294100,RimWorld,positive,"한 판 가볍게 하는 데 30여 시간밖에 안 걸리네요! 정신 차려 보니 휴가가 사라졌습니다. 감사합니다, 림월드 :D","한 판 가볍게 하는 데 30 여 시간 밖에 안 걸리네요 ! 정신 차려 보니 휴가 가 사라졌습니다 . 감사합니다 , 림 월드 : D",2019-06-27 05:05:38
294100,RimWorld,positive,아직 얼마 안해봐서 잘 모르지만 모드질이 알파이자 오메가,아직 얼마 안 해봐서 잘 모르지만 모드 질 이 알파이 자 오메가,2019-06-26 10:17:33
294100,RimWorld,positive,개미 키워보고싶었던 사람한테 추천함,개미 키워 보고싶었던 사람 한테 추천 함,2019-06-25 04:18:15
294100,RimWorld,positive,12시간동안 마우스 클릭하게 한놈은 니가 처음이야,12시간 동안 마우스 클릭 하게 한 놈 은 니 가 처음 이야,2019-06-24 00:14:05
294100,RimWorld,positive,시작했다 하면 끝날줄 모르는 타임머신게임~~ 꼭사세요~ 두 번 사세요~~~!!,시작 했다 하면 끝날줄 모르는 타임머신 게임 ~~ 꼭 사세요 ~ 두 번 사세요 ~~~!!,2019-06-23 00:15:20
294100,RimWorld,positive,출근전 잠깐 즐겼는대 재미있내요.,출근 전 잠깐 즐겼는대 재미있내요 .,2019-06-21 12:57:20
294100,RimWorld,positive,모드를 모를때는 적당히 재미있었는데 모드를 알고 난 이후에 멈출수가 없습니다.,모드 를 모를 때 는 적당히 재미있었는데 모드 를 알 고 난 이후 에 멈출수가 없습니다 .,2019-06-19 09:16:53
294100,RimWorld,positive,재미는 있고 모드질 하면 할거 계속 생기는데 1코어겜이라 중후반가면 1배속 고정됨,재미 는 있고 모드 질 하면 할거 계속 생기는데 1 코어 겜 이라 중후 반 가면 1 배속 고정 됨,2019-06-18 13:55:21
294100,RimWorld,positive,재미있다. 시간이 어느세 훌쩍채웠졌던 기억이난다. 209시간이 지루하지않았다.,재미있다 . 시간 이 어느 세 훌쩍 채웠졌던 기억 이 난 다 . 209시간 이 지루하지 않았다 .,2019-06-16 07:33:28
294100,RimWorld,positive,이걸 왜 계속하는지 모르겠지만 자꾸 하게되는 게임,이 걸 왜 계속 하는지 모르겠지만 자꾸 하게 되는 게임,2019-06-13 22:00:42
294100,RimWorld,positive,대략 하루정도 했습니다. 괜찮더군요.,대략 하루 정도 했습니다 . 괜찮더군요 .,2019-06-13 15:23:38
294100,RimWorld,positive,시간 잡아먹는 게임,시간 잡아먹는 게임,2019-06-13 04:22:05
294100,RimWorld,positive,"only Build, Fight, Survive But it was enough","only Build , Fight , Survive But it was enough",2019-06-10 21:34:58
294100,RimWorld,positive,어려워요....,어려워요 ....,2019-06-10 14:17:25
294100,RimWorld,positive,재미남,재미 남,2019-06-10 13:17:58
294100,RimWorld,positive,소파만들기겜,소파 만들기 겜,2019-06-08 22:59:54
294100,RimWorld,positive,800시간 넘게 해도 계속 재미있는게임은 처음인거같음,800시간 넘게 해도 계속 재미있는 게임 은 처음 인거 같음,2019-06-08 22:10:08
294100,RimWorld,positive,문명을 할때 시간이 잘 갔나요? 이 게임을 하는 순간 인생의 한 페이지가 사라질수도 있습니다.,문명 을 할 때 시간 이 잘 갔나요 ? 이 게임 을 하는 순간 인생 의 한 페이지 가 사라질수도 있습니다 .,2019-06-08 17:34:26
294100,RimWorld,positive,잠깐 켜 봤는데 졸리네요.,잠깐 켜 봤는데 졸리네요 .,2019-06-08 10:33:26
294100,RimWorld,positive,재밌음,재밌음,2019-06-08 03:10:59
294100,RimWorld,positive,잠깐 건들었다가 내인생의 4일이 날라갔다,잠깐 건 들었다가 내 인생 의 4일 이 날라 갔다,2019-06-07 15:19:55
294100,RimWorld,positive,엔딩까지 보려고 했는데..어려워보여서 그냥 깔짝대다가 그만뒀습니다. 그래도 정말 재밌었음.,엔딩 까지 보려고 했는데 .. 어려워 보 여서 그냥 깔 짝 대 다가 그만뒀습니다 . 그래도 정말 재밌었음 .,2019-06-07 08:11:17
294100,RimWorld,positive,도축을 하지 않으면 가축이 정말 기하급수적으로 늘어납니다.. 댕댕과 고영을 사랑하신다면 조금 괴롭습니다... - 101마리 리트리버 주인 올림 -,도축 을 하지 않으면 가축 이 정말 기하 급수 적 으로 늘어납니다 .. 댕댕 과 고영 을 사랑 하신다면 조금 괴롭습니다 ... - 101 마리 리트리버 주인 올림 -,2019-06-05 10:24:03
294100,RimWorld,positive,생존 + 심즈 같은 느낌이라고 해야되나 아무튼 재미있어요,생존 + 심즈 같은 느낌 이라고 해야되 나 아무튼 재미있어요,2019-05-31 21:30:01
294100,RimWorld,positive,여러분... 이게임의 옵션에는 '현실 시간 표시' 라는 옵션이 있습니다... 게임내 시간이 아닌 현재 시간을 표시해 주는 기능이라는 뜻이죠.. 도대체 이런 기능이 왜 있는걸 까요??,여러분 ... 이 게임 의 옵션 에는 ' 현실 시간 표시 ' 라는 옵션 이 있습니다 ... 게임 내 시간 이 아닌 현재 시간 을 표시 해 주는 기능 이라는 뜻 이 죠 .. 도대체 이런 기능 이 왜 있는걸 까요 ??,2019-05-30 19:56:43
294100,RimWorld,positive,사라,사라,2019-05-29 15:43:04
294100,RimWorld,positive,인생겜... 밤에 비올때 틀어놓고 자면 ASMR 대용도 되고 좋음,인생 겜 ... 밤 에 비올 때 틀어놓고 자면 ASMR 대용 도 되고 좋음,2019-05-28 21:51:23
294100,RimWorld,positive,그냥 갓겜,그냥 갓 겜,2019-05-26 19:18:42
294100,RimWorld,positive,할인 6개월 기다려보다가 나무위키보고 할인안한다고 해서 그냥 삼 돈값은 한다,할인 6 개월 기다려보다 가 나무 위키 보고 할인안 한다고 해서 그냥 삼 돈값 은 한다,2019-05-26 11:39:24
294100,RimWorld,positive,밤낮 바뀌는 게임,밤낮 바뀌는 게임,2019-05-24 04:30:07
294100,RimWorld,positive,갓겜,갓 겜,2019-05-23 17:25:36
294100,RimWorld,positive,이렇게 재밌는게임 왜 니들끼리만했노,이렇게 재밌는 게임 왜 니 들 끼리 만 했노,2019-05-22 09:11:10
294100,RimWorld,positive,애들 멘탈을 관리하면 플레이어의 멘탈이 터지는 겜 재밋군~!,애 들 멘탈 을 관리 하면 플레이어 의 멘탈 이 터지는 겜 재밋군 ~!,2019-05-22 00:43:20
294100,RimWorld,positive,밤에 이 게임을 시작한다면.. 웬 참새소리가...,밤 에 이 게임 을 시작 한 다 면 .. 웬 참새 소리 가 ...,2019-05-21 20:50:32
294100,RimWorld,positive,모드를 깔지 않는다면 잘해야 500 시간 정도 선에서 그칠지 모르지만 모드를 깔기 시작한다면 인생을 포기해야할 지도 모릅니다,모드 를 깔지 않는다면 잘해야 500 시간 정도 선 에서 그칠지 모르지만 모드 를 깔기 시작 한 다 면 인생 을 포기 해야 할 지도 모릅니다,2019-05-20 01:33:01
294100,RimWorld,positive,드디어 제가 타임머신을 개발했습니다 선생님들,드디어 제 가 타임머신 을 개발 했습니다 선생님 들,2019-05-17 13:14:30
294100,RimWorld,positive,와~! 림월드~!,와 ~! 림 월드 ~!,2019-05-16 09:38:49
294100,RimWorld,positive,겜알못주제에 와꾸만 보고 압도적으로 긍정적인 게임에 의심을 품었던 내 자신을 두번 세번 반성해본다. 이미 수많은 리뷰어들의 평가로 입증된 10갓겜으로 빌더게임으로나 생존게임으로나 샌드박스로나 거의 흠잡을곳이 없는 전무후무한 띵작이다. 비주얼에 주저하지 말고 무조건 구매하라. 감히 장담컨대 후회란 있을수 없다. 유일한 후회라면 늦게 시작했다는 것일뿐.. 먹고자는것마저 잊을정도로 몰입해서 한 게임이 대체 얼마만인지 모르겠다. 아는사람은 다 알겠지만 할인계획이 없는게임이다. 36000원이면 솔직히 싸다. 최소 100시간 할 게임을 4만원,겜알못 주제 에 와 꾸만 보고 압도 적 으로 긍정 적 인 게임 에 의심 을 품었던 내 자신 을 두 번 세번 반성 해본다 . 이미 수많은 리뷰 어 들의 평가 로 입증 된 10 갓 겜 으로 빌더 게임 으로나 생존 게임 으로나 샌드박스 로나 거의 흠잡을 곳 이 없는 전무후무 한 띵작 이다 . 비주 얼 에 주저 하지 말고 무조건 구매 하라 . 감히 장담 컨 대 후회 란 있을수 없다 . 유일한 후회 라면 늦게 시작 했다는 것 일 뿐 .. 먹고자는것마저 잊을 정도 로 몰입 해서 한 게임 이 대체 얼마 만 인지 모르겠다 . 아는 사람 은 다 알겠지만 할인 계획 이 없는 게임 이다 . 36000원 이면 솔직히 싸다 . 최소 100시간 할 게임 을 4만원,2019-05-12 21:38:05
294100,RimWorld,positive,게임은 6000원 모드는 30000원,게임 은 6000원 모드 는 30000원,2019-05-12 14:40:53
294100,RimWorld,positive,"-바닐라도 상당히 재미있지만 모드가 첨가되면 더 재미있는 게임- -모든 분야에서 타 세력보다 우월하더라도 언제든지 ㅈ될 수 있는 게임- -우주선 발사 할때 마음에 안드는 거주민들을 버릴 수 있는 게임- -폴아웃에서 하루동안 오고 가는 방사능 폭풍이 여기선 계절 내내 오는 게임- -숲에서 두번째 거점 만들었는데, 분명 계절은 여름인데 화산겨울+한파로 인해서 겁나 추운...- 결론 : 갓겜이니 한 번 쯤은 해보는 것도 좋을거 같다 여담 - 종족 모드 거의다 만들었다가 파일 모두 날림","- 바닐라 도 상당히 재미있지만 모드 가 첨가 되면 더 재미있는 게임 - - 모든 분야 에서 타 세력 보다 우월하더라도 언제 든지 ㅈ 될 수 있는 게임 - - 우주선 발사 할 때 마음 에 안 드는 거 주민 들 을 버릴 수 있는 게임 - - 폴아웃 에서 하루 동안 오고 가는 방사 능 폭풍 이 여 기선 계절 내내 오는 게임 - - 숲 에서 두번째 거점 만들었는데 , 분명 계절 은 여름 인데 화산 겨울 + 한파 로 인해서 겁나 추운 ...- 결론 : 갓 겜 이니 한 번 쯤 은 해보는 것 도 좋을거 같다 여담 - 종족 모드 거의 다 만들었다가 파일 모두 날림",2019-05-12 01:07:35
294100,RimWorld,positive,재미없음 내가 왠만해서 이런평은 잘 안하는데 했던 시간을봐와서 따봉준다 퉷,재미없음 내 가 왠만해서 이런 평 은 잘 안 하는데 했던 시간 을 봐와 서 따 봉준 다 퉷,2019-05-11 18:08:26
294100,RimWorld,positive,후.... 너흰 이런겜 하지마라...,후 .... 너 흰 이런 겜 하지마라 ...,2019-05-10 22:50:51
294100,RimWorld,positive,"오리지널 게임 그 자체로도 재밌지만, 모드 갓겜이라 태그에 적힌 기지 건설, 생존, 경영 같은거 좋아하시면 절대 사지 마세요. 인생 조집니다. 게임에 잘 질리는 편이라 게임 378개나 가지고 있는데 몇번 연어짓하면서 유일하게 1000시간 찍은 게임입니다.","오 리지 널 게임 그 자체 로 도 재밌지만 , 모드 갓 겜 이라 태그 에 적힌 기지 건설 , 생존 , 경영 같은거 좋아하시면 절대 사지 마세요 . 인생 조 집니다 . 게임 에 잘 질리는 편이 라 게임 378 개 나 가지 고 있는데 몇번 연어 짓하면서 유일하게 1000시간 찍은 게임 입니다 .",2019-05-08 22:40:23
294100,RimWorld,positive,간단해보이면서도 생각보다 복잡하고 난이도를 올릴시 하루마다 계속 맨 처음부터 다시 시작해야하는 노가다를 지속적으로 반복함으로써 사이버 고문을 즐길수(?) 있는 좋은 게임입니다.,간단 해보이면서도 생각 보다 복잡하고 난이도 를 올릴시 하루 마다 계속 맨 처음 부터 다시 시작 해야하는 노가다 를 지속 적 으로 반복 함 으로써 사이버 고문 을 즐길수 (?) 있는 좋은 게임 입니다 .,2019-05-08 20:39:14
294100,RimWorld,positive,갓오브 갓겜 스팀겜중 최고 인디 서바이벌 오픈월드 좋아하시면 강추 무적권 해보세요 두번 하세요,갓 오브 갓 겜 스팀 겜 중 최고 인디 서바이벌 오픈월드 좋아하시면 강추 무적 권 해보세요 두 번 하세요,2019-05-07 22:30:39
294100,RimWorld,positive,재밋다. 질렸다가도 다시 할 수 있다. 생존게임을 좋아한다면 추천한다. 처음에 어려울수도 있다. 게임을 망치는 지름길이 몇개 있는데 중간에 난이도 조절을 하게 되면 노잼이되고 난이도는 버프없는 정도로 하고 철인모드로 해야 생존게임의 진면목을 알수있을것이다. 다소 비현실적인면이 있지만 모드에서 보완해보자 추천합니다.,재밋다 . 질렸다가도 다시 할 수 있다 . 생존 게임 을 좋아한다면 추천 한다 . 처음 에 어려울수도 있다 . 게임 을 망치는 지름길 이 몇개 있는데 중간 에 난이도 조절 을 하게 되면 노잼 이 되고 난이도 는 버프없는 정도 로 하고 철인 모드 로 해야 생존 게임 의 진 면목 을 알수있을것이다 . 다소 비현실적 인 면 이 있지만 모드 에서 보완 해보자 추천 합니다 .,2019-05-05 19:14:39
294100,RimWorld,positive,"한 노인이 극지에 불시착 했다. 차가운 빙상의 냉기가 살갗을 찢듯이 휘몰아쳤지만 노인은 홀로 견뎌내야 했다. 60대가 넘어가는 노인은 전직 용병으로 노쇠했지만 그의 육신은 여전히 강건했다. 무쇠 같은 의지를 가졌고, 녹이 슬었을지언정 강철과도 같은 육체를 가졌다. 노인은 병마와 역병에 휩싸이고, 나약함과 맞서 싸우며 오두막을 지었고, 동물을 사냥하고, 농사를 짓고, 지나가는 상단과 거래를 하며 소박하지만 살림을 하나씩 꾸려나갔다. 비록 밑바닥, 절벽끝에 이른 삶일지라도 노인은 그렇게 삶을 이어나갔다. 노인은 살아남았다. 최악의","한 노인 이 극지 에 불시 착 했다 . 차가운 빙상 의 냉기 가 살갗 을 찢듯이 휘 몰아쳤지만 노인 은 홀로 견뎌내야 했다 . 60 대가 넘어가는 노인 은 전직 용병 으로 노쇠했지만 그 의 육신 은 여전히 강건 했다 . 무쇠 같은 의지 를 가졌고 , 녹이 슬었 을 지언정 강철 과도 같은 육체 를 가졌다 . 노인 은 병마 와 역병 에 휩싸이고 , 나약함과 맞서 싸우며 오두막 을 지었고 , 동물 을 사냥 하고 , 농사 를 짓고 , 지나가는 상단 과 거래 를 하며 소박하지만 살림 을 하나 씩 꾸려 나갔다 . 비록 밑바닥 , 절벽 끝 에 이른 삶 일지 라도 노인 은 그렇게 삶 을 이어 나갔다 . 노인 은 살아남았다 . 최악 의",2019-05-05 14:14:31
294100,RimWorld,positive,"*본 리뷰어는 림월드를 117시간 플레이 한 뉴비입니다.* 림월드는 우주선에서 탈출해 비상착륙 포드를 타고 내려온 생존자들을 조종하여 살아나가는 게임입니다. 첫 시작때 캐릭터를 4명 선택이 가능합니다, 하지만 능력치는 모두 제각각이고, 심지어 질병을 가지고 시작합니다. (EX.어깨 흉터, 노안) 인위적으로 스텟을 변경할수 있지만 그렇게 변경한다면 림 월드의 본래 재미를 느낄수는 없겠지요. 당신이 탈출 포드에서 나와 할 일은 단순합니다. 각기다른 스텟을 지닌 캐릭터를 이용해 벌목, 재배, 채굴, 사냥, 전투, 의료등등을 진행해야","* 본 리뷰 어 는 림 월드 를 117시간 플레이 한 뉴비 입니다 .* 림 월드 는 우주선 에서 탈출 해 비상 착륙 포드 를 타고 내려온 생존자 들 을 조종 하여 살아나가는 게임 입니다 . 첫 시작 때 캐릭터 를 4 명 선택 이 가능합니다 , 하지만 능력 치는 모두 제각각 이고 , 심지어 질병 을 가지 고 시작 합니다 . ( EX . 어깨 흉터 , 노안 ) 인위 적 으로 스텟 을 변경 할수 있지만 그렇게 변경 한다면 림 월드 의 본래 재미 를 느낄수는 없겠지요 . 당신 이 탈출 포드 에서 나와 할 일 은 단순합니다 . 각 기 다른 스텟 을 지닌 캐릭터 를 이용 해 벌목 , 재배 , 채굴 , 사냥 , 전투 , 의료 등등 을 진행 해야",2019-05-05 09:35:36
294100,RimWorld,positive,림생을 살아,림생 을 살 아,2019-05-04 18:08:08
294100,RimWorld,positive,무궁무진한 가능성을 가진 최고의 게임,무궁무진 한 가능성 을 가진 최고 의 게임,2019-05-04 10:09:53
294100,RimWorld,positive,말이 필요없는 갓-겜 다만 업적이 없어서 매우 아쉬움,말 이 필요없는 갓 - 겜 다만 업적 이 없어서 매우 아쉬움,2019-05-03 01:35:11
294100,RimWorld,positive,초회차 엔딩보는데도 상당히 오래 걸렸네요.,초회차 엔딩 보는데도 상당히 오래 걸렸네요 .,2019-05-02 21:27:26
294100,RimWorld,positive,추천합니다.,추천 합니다 .,2019-04-30 20:30:36
294100,RimWorld,positive,별로 중독성은 없네요,별로 중독 성은 없네요,2019-04-29 15:15:16
294100,RimWorld,positive,1. 키면 6시간 후딱감. 2. 문명보다 재밌음 (턴제를 싫어하는 편이며 문명은 1번 클리어하고 손절..) 3. 여기선 건강한 백수가 겁나 좋다. 4. 대처법만 알고나면 무난하게 1년 넘기지 않을까 싶습니다. 5. 온도조절과 식량 그리고 식중독 약물 부족 습격 화재 많은 연구량 난사광 정신공격 등등 이 많은걸 즐길 수 있는 림월드 할인할 때 구매하면 후회안한다. 물론 3만원넘는 가격을 하긴 한다. (생존게임 좋아하시는 분 한해서일듯하지만),1 . 키 면 6시간 후딱 감 . 2 . 문명 보다 재밌음 ( 턴제 를 싫어하는 편이 며 문명 은 1 번 클리어 하고 손절 ..) 3 . 여 기선 건강한 백수 가 겁나 좋다 . 4 . 대처 법 만 알고나면 무난 하게 1년 넘기지 않을까 싶습니다 . 5 . 온도 조절 과 식량 그리고 식중독 약물 부족 습격 화재 많은 연구 량 난사 광 정신 공격 등등 이 많은걸 즐길 수 있는 림 월드 할인 할 때 구매 하면 후회 안 한 다 . 물론 3만원 넘는 가격 을 하긴 한다 . ( 생존 게임 좋아하시는 분 한해 서 일 듯 하 지만 ),2019-04-29 14:09:34
294100,RimWorld,positive,똥게임,똥 게임,2019-04-28 21:21:35
294100,RimWorld,positive,내가 복돌로 수백시간을 했는데 아직도 할 게 남아서 정돌로 샀다 ㅋㅋ 갓겜,내 가 복돌 로 수백 시간 을 했는데 아직도 할 게 남아 서 정돌 로 샀다 ㅋㅋ 갓 겜,2019-04-28 02:16:43
294100,RimWorld,positive,튜토리얼 단계에서 재미없다 느끼신다면 도망칠수있는 유일한 기회입니다,튜토리얼 단계 에서 재미없다 느끼 신다면 도망칠수있는 유일한 기회 입니다,2019-04-28 01:28:31
294100,RimWorld,positive,미완성 치고는 굉장히 재미있었다. 그러나 영원히 미완성으로 남고 말았다. 하지만 나는 그 미완성 게임을 꼭 가끔씩 다시 들춰보고 싶어지는 것이다....,미완성 치고는 굉장히 재미있었다 . 그러나 영원히 미완성 으로 남고 말았다 . 하지만 나 는 그 미완성 게임 을 꼭 가끔 씩 다시 들춰 보고 싶어지는 것 이다 ....,2019-04-27 06:28:24
294100,RimWorld,positive,싱글코어로 돌아가는거 듀얼코어로좀 해줘라 제발...,싱글코어 로 돌아가는거 듀얼코어 로 좀 해줘라 제발 ...,2019-04-24 19:35:06
294100,RimWorld,positive,"튜토리얼이 다소 빈약해서 처음에 적응하는데에는 어려움이 따르나 일단 조금 적응하고 나면 정말 빠져드는 게임입니다. 그래픽은 최신게임이라는게 민망할정도로 단순하지만 내용의 디테일은 훌륭합니다. 너무 복잡하지도 않으면서 세세하게 구성되어 있습니다.(예를들어 캐릭터의 신체를 머리, 척추, 다리, 눈, 귀, 코 등을 세세히 나누어 그 부위가 파괴되기도 하고 인공 신체로 개조할 수도 있게끔 되어있고 이것이 능력에 지대한 영향을 끼칩니다.) 장점이자 단점은 여러 이벤트에 의해서 순간 순간 돌변하는 상황에 대한 대처인데 철인모드를","튜토리얼 이 다소 빈약해서 처음 에 적응하는데에는 어려움 이 따르나 일단 조금 적응하고 나면 정말 빠져드는 게임 입니다 . 그래픽 은 최신 게임 이라는 게 민망할 정도 로 단순하지만 내용 의 디테일 은 훌륭합니다 . 너무 복잡하지도 않으면서 세세하게 구성 되어 있습니다 .( 예 를 들어 캐릭터 의 신체 를 머리 , 척추 , 다리 , 눈 , 귀 , 코 등 을 세세히 나누어 그 부위 가 파괴 되 기도 하고 인공 신체 로 개조 할 수도 있게끔 되어있고 이 것 이 능력 에 지대 한 영향 을 끼칩니다 .) 장점 이자 단점 은 여러 이벤트 에 의해서 순간 순간 돌변 하는 상황 에 대한 대처 인데 철인 모드 를",2019-04-24 18:29:18
294100,RimWorld,positive,"모드로 완성되는 게임이지만 너무 재밌다 5년 전부터 봐왔는데, 이제 1.0 나오고 나서는 게임이 정말 재밌다.","모드 로 완성 되는 게임 이지만 너무 재밌다 5년 전 부터 봐 왔는데 , 이제 1.0 나오고 나서는 게임 이 정말 재밌다 .",2019-04-22 19:28:02
294100,RimWorld,positive,갓겜,갓 겜,2019-04-22 11:43:53
294100,RimWorld,positive,한판하면 계속하게되는 게임,한판 하면 계속 하게 되는 게임,2019-04-21 22:23:25
294100,RimWorld,positive,플레이는 많이 못해봤지만 정말 재미있네요 아직까진,플레이 는 많이 못 해봤지만 정말 재미있네요 아직 까진,2019-04-21 18:02:01
294100,RimWorld,positive,와! 갓겜! 세상에! 모드도있어! 와!!!!,와 ! 갓 겜 ! 세상 에 ! 모드 도 있어 ! 와 !!!!,2019-04-21 13:16:24
294100,RimWorld,positive,120시간 게임 해보고 모드 업데이트 때문에 맨붕 왔다가 다시 해봤습니다 앞자리 1은 비슷하니 얼마 안한거 같네요 좀더 해봐야 할 거 같습니다,120시간 게임 해보고 모드 업데이트 때문 에 맨붕 왔다가 다시 해봤습니다 앞 자리 1 은 비슷하니 얼마 안 한거 같네요 좀더 해봐야 할 거 같습니다,2019-04-19 10:10:40
294100,RimWorld,positive,조금밖에 안했는데 재밌는지 모르겠음... 더 해보고 오겠음,조금 밖에 안 했는데 재밌는지 모르겠음 ... 더 해보고 오겠음,2019-04-18 23:30:41
294100,RimWorld,positive,잠깐 눈 감았다 뜨니 12시간이 지나있네요...,잠깐 눈 감았다 뜨니 12시간 이 지나있네요 ...,2019-04-13 18:08:19
294100,RimWorld,positive,시간가는 줄 모르고 한 게임 그냥해도 재밌지만 모드를 사용할 줄 안다면 더 재밌다. 시뮬레이션을 좋아하는 사람이면 추천,시간 가는 줄 모르고 한 게임 그냥 해도 재밌지만 모드 를 사용 할 줄 안다면 더 재밌다 . 시뮬레이션 을 좋아하는 사람 이면 추천,2019-04-13 13:51:37
294100,RimWorld,positive,결점은 있지만 능력이 좋은 사람이 아니라 능력은 무난하지만 결점이 없는 사람을 받는게 중요한 게임.... 시간가는줄 모르고 플레이 했어요~ 여유있게 하고 싶네요,결점 은 있지만 능력 이 좋은 사람 이 아니라 능력 은 무난 하 지만 결점 이 없는 사람 을 받는게 중요한 게임 .... 시간 가는줄 모르고 플레이 했어요 ~ 여유 있게 하고 싶네요,2019-04-12 16:41:10
294100,RimWorld,positive,후 방금 전에 엔딩 보고 왔네요 얼마 안 했지만 재밌습니다. ㅎㅎㅎ,후 방금 전 에 엔딩 보고 왔네요 얼마 안 했지만 재밌습니다 . ㅎㅎㅎ,2019-04-10 23:04:28
294100,RimWorld,positive,인디 생존 게임의 끝판왕. 그리고 당신의 거북이는 방탄입니다!,인디 생존 게임 의 끝판 왕 . 그리고 당신 의 거북이 는 방탄 입니다 !,2019-04-09 19:07:01
294100,RimWorld,positive,할인은 안 하지만 너무 해보고 싶은 마음에 구매하였습니다. 솔직히 튜토리얼이 빈약해서 진입장벽이 꽤 높습니다. 그런데 다른 게임 같았으면 짜증을 내며 때려쳤을 법도 한데... 림월드는 오히려 승부 근성을 강하게 자극하네요 'ㅁ'! 요즘 한창 사이트를 찾아다니고 유튜브도 보면서 공부 중이라죠. 그래도 어렵네요 ;ㅁ; 밀려오는 적을 막기는 커녕 초반 식량문제를 넘어서기도 벅차니 원 ㄷㄷㄷ 저도 나중에 고인물이 되어 평가를 수정할 수 있었으면 좋겠습니다 ㅎㅎ,할인 은 안 하지만 너무 해보고 싶은 마음 에 구매 하였습니다 . 솔직히 튜토리얼 이 빈약해서 진입 장벽 이 꽤 높습니다 . 그런데 다른 게임 같았으면 짜증 을 내며 때려 쳤을 법도 한데 ... 림 월드 는 오히려 승부 근성 을 강하게 자극 하네요 ' ㅁ '! 요즘 한창 사이트 를 찾아다니고 유튜브 도 보면서 공부 중이 라 죠 . 그래도 어렵네요 ; ㅁ ; 밀려오는 적 을 막기는 커녕 초반 식량 문제 를 넘어서기도 벅차니 원 ㄷㄷㄷ 저 도 나중 에 고 인물 이 되어 평가 를 수정 할 수 있었으면 좋겠습니다 ㅎㅎ,2019-04-07 15:23:54
294100,RimWorld,positive,너무재밌어서 정신을못차리겠어요,너무 재밌어서 정신 을 못 차리겠어요,2019-04-07 03:20:39
294100,RimWorld,positive,굿 게임,굿 게임,2019-04-05 22:34:09
294100,RimWorld,positive,야호! +10,야호 ! + 10,2019-04-04 19:03:43
294100,RimWorld,positive,재밌따,재밌 따,2019-04-04 19:00:50
294100,RimWorld,positive,멀티가 잇으면 좋은겜 ㅇㅇ 그렇다고 ㅇㅇ,멀티 가 잇으면 좋은 겜 ㅇㅇ 그렇다고 ㅇㅇ,2019-04-03 22:55:11
294100,RimWorld,positive,이 게임은 여지껏 할인한 적이 없습니다. 그러나 이 게임은 제 값을 다 합니다. 생존과 건설 게임을 즐겨하신다면 제 돈 줘도 전혀 아깝지 않은 게임. 요 근래에는 이만큼 할만한 게임도 없네요. 최고의 게임입니다. 탈출이 질린다면 컨셉플레이도 재밌습니다.,이 게임 은 여지 껏 할인 한 적 이 없습니다 . 그러나 이 게임 은 제 값 을 다 합니다 . 생존 과 건설 게임 을 즐겨 하신다면 제 돈 줘도 전혀 아깝지 않은 게임 . 요 근래 에는 이 만큼 할만 한 게임 도 없네요 . 최고 의 게임 입니다 . 탈출 이 질린다면 컨셉 플레이도 재밌습니다 .,2019-04-03 21:16:36
294100,RimWorld,positive,재미있네요.,재미있네요 .,2019-04-02 18:40:02
294100,RimWorld,positive,전투든 건설이든 굉장히 세세하게 만든 게임. 스카이림 다음으로 모드질 하는 맛이 있는 게임. 그리고 거북이 무시하면 ㅈ대는 게임.,전투 든 건설 이든 굉장히 세세하게 만든 게임 . 스카이림 다음 으로 모드 질 하는 맛 이 있는 게임 . 그리고 거북이 무시 하면 ㅈ 대는 게임 .,2019-04-02 17:28:11
294100,RimWorld,positive,아니 시발 타임머신을 삿는대 왜 과거로는 못가는거야,아니 시발 타임머신 을 삿는대 왜 과거 로는 못 가는거야,2019-04-01 14:40:20
294100,RimWorld,positive,진.짜.갓.겜.입.니.다,진 . 짜 . 갓 . 겜 . 입 . 니 . 다,2019-03-31 21:38:32
294100,RimWorld,positive,"재미있는 모드가 많아서 마인크래프트처럼 느낄수있는 재미가 매우 독특하다 림월드의 부족한 요소를 자유로운 창작모드로 채워준것도 이 게임의 큰 장점인거같다 스토리를 무관하고 디자인에 집중하기 위한 가구 모드 스토리만 보는사람을 위해 스토리모드 그외 필요한 도구 이겜에서 많이 부족한 총기류 그리고 타겜에서 쓰이는 무기와 깁옷,슈트 까지 바닐라로 즐겨도 재미있고 모드를 통해 컨셉플을 해도 재미가있습니다 돈이 아깝지 않은 게임입니다","재미있는 모드 가 많아서 마인크래프트 처럼 느낄수있는 재미 가 매우 독특하다 림 월드 의 부족한 요소 를 자유로운 창작 모드 로 채워 준것도 이 게임 의 큰 장점 인거 같다 스토리 를 무관 하고 디자인 에 집중 하기 위 한 가구 모드 스토리 만 보는 사람 을 위해 스토리 모드 그 외 필요한 도구 이 겜 에서 많이 부족한 총 기류 그리고 타 겜 에서 쓰이는 무기 와 깁 옷 , 슈트 까지 바닐라 로 즐겨도 재미있고 모드 를 통해 컨셉 플 을 해도 재미 가 있습니다 돈 이 아깝지 않은 게임 입니다",2019-03-30 14:31:10
294100,RimWorld,positive,모드 깔면 다른 게임,모드 깔면 다른 게임,2019-03-29 23:58:21
294100,RimWorld,positive,환불이요??? 하려고 했었는데.... 지금 평가작성하면서 보니까 536.5시간 플레이했네요... 또 실행하러갑니다. 이만...,환불 이 요 ??? 하려고 했었는데 .... 지금 평가 작성 하면서 보 니까 536.5시간 플레이 했네요 ... 또 실행 하러 갑니다 . 이만 ...,2019-03-29 08:52:11
294100,RimWorld,positive,....평화롭게 겜을 하고 싶지만 주변에서 날 나쁘게 만든다... 결론 요직게임 ps1. 모드를 깔면 신세계가 열린다. ps2. 바닐라는 튜토리얼 이라고 하더라,.... 평화롭게 겜 을 하고 싶지만 주변 에서 날 나쁘게 만든다 ... 결론 요 직 게임 ps 1 . 모드 를 깔면 신세계 가 열 린다 . ps 2 . 바닐라 는 튜토리얼 이라고 하더라,2019-03-29 05:27:40
294100,RimWorld,positive,이게임은 세일을 안합니다. 개발자 공인이에요. 그냥 닥치고 구매가 답입니다. 그냥 스팀에 이게임 하나만 있어도 평생 노는데 문제 없을걸요.,이 게임 은 세 일 을 안 합니다 . 개발자 공인 이에요 . 그냥 닥치고 구매 가 답 입니다 . 그냥 스팀 에 이 게임 하나 만 있어도 평생 노는데 문제 없을걸 요 .,2019-03-29 00:34:37
294100,RimWorld,positive,"이 게임은 인생의 매우 중요한 교훈을 줍니다. 능력이 없으면 성격이라도 좋든지, 아니면 성격이 나쁘면 능력이라도 있든지. 능력도 없는데 성격마저 나쁘면 살 가치가 없는 인간이라는 것을 여실히 보여주는 갓겜입니다.","이 게임 은 인생 의 매우 중요한 교훈 을 줍니다 . 능력 이 없으면 성격 이라도 좋든지 , 아니면 성격 이 나쁘면 능력 이라도 있든지 . 능력 도 없는데 성격 마저 나쁘면 살 가치 가 없는 인간 이라는 것 을 여실히 보여주는 갓 겜 입니다 .",2019-03-28 12:27:53
294100,RimWorld,positive,한두시간만 하고 반품할 겜,한두 시간 만 하고 반품 할 겜,2019-03-27 23:34:16
294100,RimWorld,positive,인생을 살아주세요. 여러분,인생 을 살아주세요 . 여러분,2019-03-26 22:01:19
294100,RimWorld,positive,이 게임은 미쳤다.,이 게임 은 미쳤다 .,2019-03-26 17:22:41
294100,RimWorld,positive,"32000원 값을 톡톡히 하는 갓겜입니다. 게임성이요? 직접 해보세요! 모드들이요? 직접 해보세요! 그래픽도 단순하고 유저 모드도 매우 많아서 게임이 질릴수가 없습니다. 바닐라가 질리면 모드를 해보고, 모드가 질린다면 또 다른 모드를 해보면 되는겁니다! 이 게임의 목표는 우주선을 만들어 탈출하는거지만, 좀만 하다보면 우주선 빌드는 쳐다도 안보고 행성에 눌러앉아 마을을 형성하는 당신을 만나게 될겁니다. 그리고 이게임 세일때 살생각 마세요 죽어도 세일 안하니까. 세일할때 사자. 라고 생각하셧어요? 그럼 님은 이게임 못합니다","32000원 값 을 톡톡히 하는 갓 겜 입니다 . 게임 성 이요 ? 직접 해보세요 ! 모드 들이요 ? 직접 해보세요 ! 그래픽 도 단순하고 유저 모드 도 매우 많아서 게임 이 질릴수가 없습니다 . 바닐라 가 질리 면 모드 를 해보고 , 모드 가 질린다면 또 다른 모드 를 해보면 되는 겁니다 ! 이 게임 의 목표 는 우주선 을 만들어 탈출 하는거지만 , 좀 만 하다 보면 우주선 빌 드는 쳐다도 안보 고 행성 에 눌러 앉아 마을 을 형성 하는 당신 을 만나게 될 겁니다 . 그리고 이 게임 세 일 때 살 생각 마세요 죽어도 세 일 안 하니까 . 세 일 할 때 사자 . 라고 생각 하 셧 어 요 ? 그럼 님 은 이 게임 못 합니다",2019-03-25 09:38:54
294100,RimWorld,positive,갓-겜 림월드,갓 - 겜 림 월드,2019-03-23 22:00:05
294100,RimWorld,positive,이겜 왜함 ㅋㅋ,이 겜 왜함 ㅋㅋ,2019-03-23 00:34:23
294100,RimWorld,positive,이거 엔딩 뭐임 도대체 언제까지 해야되 하 슈발,이 거 엔딩 뭐임 도대체 언제 까지 해야되 하 슈발,2019-03-22 14:45:54
294100,RimWorld,positive,사람이 자꾸 죽어요,사람 이 자꾸 죽어요,2019-03-22 01:45:30
294100,RimWorld,positive,제가 해본게임중 최고의 게임입니다 정말 최고입니다! 여러모드들을 통해 난이도를 낮춰서 게임을 플래이할수도있고 반대로 난이도를 확올려서 매우 어려운 극한의 플래이를 할수도있지요 정말 최고의 게임이라고 생각합니다 3만6천원이면 적지않은 가격이지만 돈값은 확실히 할수있는 제가 유일하게 플레이타임이 700시간이 넘은 게임입니다!,제 가 해본 게임 중 최고 의 게임 입니다 정말 최고 입니다 ! 여러 모드 들 을 통해 난이도 를 낮춰서 게임 을 플 래 이 할수도 있고 반대 로 난이도 를 확 올려서 매우 어려운 극한 의 플래 이를 할수도 있지요 정말 최고 의 게임 이라고 생각 합니다 3만 6천원 이면 적지 않은 가격 이지만 돈값 은 확실히 할수있는 제 가 유일하게 플레이 타임 이 700시간 이 넘은 게임 입니다 !,2019-03-21 21:08:48
294100,RimWorld,positive,나는 이 게임이 모바일로 출시하면 좋겠다,나 는 이 게임 이 모바일 로 출시 하면 좋겠다,2019-03-20 07:29:37
294100,RimWorld,positive,훌륭한 인생분쇄기입니다,훌륭한 인생 분쇄기 입니다,2019-03-18 19:43:40
294100,RimWorld,positive,모드가 많아서 하는 재미가 있음 난이도가 높다면 모드를 받아서 해보길 권장함 멀티플레이어 모드가 있기때문에 친구와 모드깔아서 즐기기 좋음 강추,모드 가 많아서 하는 재미 가 있음 난이도 가 높다면 모드 를 받아서 해보길 권장 함 멀티플레이어 모드 가 있기 때문 에 친구 와 모드 깔아서 즐기기 좋음 강추,2019-03-18 17:13:07
294100,RimWorld,positive,시간 살살 녹는다~,시간 살살 녹는다 ~,2019-03-18 04:55:33
294100,RimWorld,positive,뭐야 내시간 어디갔어 돌려줘요,뭐 야 내 시간 어디 갔어 돌려줘요,2019-03-15 06:13:31
294100,RimWorld,positive,갓겜,갓 겜,2019-03-14 22:11:53
294100,RimWorld,positive,이게임은 우주에서 살아남아서 탈출하는게 목표인거같군요 게속해본결과 습격때문에 1명이 부상에걸려있고 그사람에 친구가 죽어 무덤에 묻었습니다 그리고 아침이돼자 부상때문에 쉬고있던 사람이 갑자기 무덤쪽으로 갑니다 뭔가하더니 그친구무덤에 가만히서있더라고요 그걸보고있는저는 인생같은 게임으로 남겨졌습니다,이 게임 은 우주 에서 살아남아서 탈출 하는게 목표 인거 같군요 게 속 해 본 결과 습격 때문 에 1 명 이 부상 에 걸려있고 그 사람 에 친구 가 죽어 무덤 에 묻었습니다 그리고 아침 이 돼자 부상 때문 에 쉬고있던 사람 이 갑자기 무덤 쪽 으로 갑니다 뭔가 하더니 그 친구 무덤 에 가만히 서있더라고요 그걸 보고있는 저 는 인생 같은 게임 으로 남겨졌습니다,2019-03-14 15:17:25
294100,RimWorld,positive,"기존 바닐라에서도 재밌지만, 창작마당에서 모드를 깔면 더욱 더 재밌어지는 생존게임입니다. 스팀 게임 130여개 있는데 이게 첫 평가입니다.","기존 바닐라 에서도 재밌지만 , 창작 마당 에서 모드 를 깔면 더욱 더 재밌어지는 생존 게임 입니다 . 스팀 게임 130 여개 있는데 이 게 첫 평가 입니다 .",2019-03-13 02:45:18
294100,RimWorld,positive,잠깐 해봤는데 재미있네요.,잠깐 해봤는데 재미있네요 .,2019-03-11 21:41:03
294100,RimWorld,positive,처음엔 너무 어려운데 나무위키보고 조금 공부하니까 점점 재미가 붙는 게임이에요 상당히 퀄리티가 좋고 현실성이 엄청 높아요 모드도 여러개 있다고 하니까 모드도 사용해서 하면 몇백시간은 거뜬하게 할 수 있는 게임인것 같아용 36000원 주고 사도 아깝지 않은 게임입니다 강추!,처음 엔 너무 어려운데 나무 위키 보고 조금 공부 하 니까 점점 재미 가 붙는 게임 이에요 상당히 퀄리티 가 좋고 현실 성 이 엄청 높아요 모드 도 여러 개 있다고 하니까 모드 도 사용 해서 하면 몇 백 시간 은 거뜬하게 할 수 있는 게임 인 것 같아용 36000원 주고 사도 아깝지 않은 게임 입니다 강추 !,2019-03-11 02:18:39
294100,RimWorld,positive,인생겜,인생 겜,2019-03-09 21:21:04
294100,RimWorld,positive,인간이 5명이나 모이면 반드시 1명은 쓰레기가 있다.,인간 이 5 명 이나 모이 면 반드시 1 명 은 쓰레기 가 있다 .,2019-03-09 20:23:02
294100,RimWorld,positive,우주에 왠 정신병자에 신체불구들이 다섯이나 모여서 불시착을 했습니다. 매일 출근하면서 힘들었을텐데 이렇게 자원도 풍부하고 은근히 사람도 많은 별에서 집지어서 사는 삶이 얼마나 즐거울까요. 하지만 이 정신병자들은 그렇지 않나보군요! 더우면 덥다고 지랄 추우면 춥다고 지랄 자기 방 따로 안만들어줬다고 빡쳐서 마약을 쳐먹고 불지르러다니는 새끼들이 어떻게 우주선같은걸 탈 수 있었을까요? 결국 그렇게 이지-붐 당하고 새롭게 시작할땐 정신병도 신체불구도 없는 멀쩡하면서도 재능이 넘치는 사람을 찾아 다이스를 굴리다보니 생각했습니다. 이것이,우주 에 왠 정신병 자 에 신체 불구 들 이 다섯 이나 모 여서 불시 착 을 했습니다 . 매일 출근 하면서 힘들었을텐데 이렇게 자원 도 풍부하고 은근 히 사람 도 많은 별 에서 집지어서 사는 삶 이 얼마나 즐거울까 요 . 하지만 이 정신 병자 들 은 그렇지 않나 보군요 ! 더우면 덥다고 지랄 추우면 춥다 고 지랄 자기 방 따로 안 만 들어줬다고 빡쳐서 마약 을 쳐 먹고 불 지르러 다니는 새끼 들 이 어떻게 우주선 같은걸 탈 수 있었을까요 ? 결국 그렇게 이지 - 붐 당하고 새롭게 시작 할 땐 정신병 도 신체 불구 도 없는 멀쩡하면서도 재능 이 넘치는 사람 을 찾아 다이스 를 굴리다 보니 생각 했습니다 . 이 것 이,2019-03-09 18:25:46
294100,RimWorld,positive,"스타트 멤버로 방화광,약물광,약물선호 하면 할수록 감탄사가 절로 나온다","스타트 멤버 로 방화 광 , 약물 광 , 약물 선호 하면 할수록 감탄사 가 절로 나온다",2019-03-08 23:59:56
294100,RimWorld,positive,음 할만한 게임이네요 이제 튜토리얼 끝냈습니다 이제 더 즐겨야죠,음 할만 한 게임 이네 요 이제 튜토리얼 끝냈습니다 이제 더 즐겨야죠,2019-03-08 19:04:21
294100,RimWorld,positive,이상하게손이안가는게임...,이상하게 손 이안 가는 게임 ...,2019-03-06 14:53:02
294100,RimWorld,positive,중국인을 갈아서 바이오연료를 만들자는 기갑갤의 말을 실천할 수 있는 갓겜,중국인 을 갈아서 바이오연료 를 만들자는 기갑 갤의 말 을 실천 할 수 있는 갓 겜,2019-03-03 11:50:57
294100,RimWorld,positive,이겜은 제 모든걸 걸고 갓겜입니다 다만 알아야 할께 너무많고 설명도 그지 같아서 하기힘든겜중 1개입니다. 만약 이겜을 사려고 고민중인분께 저극추천드리며 만약 어렵다고 하시는 분은 제게 친추주시면 제가 알려드리도록 하겠습니다. 이겜때문에 2주동안 플레이 확오름,이 겜 은 제 모든 걸 걸고 갓 겜 입니다 다만 알아야 할께 너무 많고 설명 도 그 지 같아서 하기 힘든 겜 중 1 개입 니 다 . 만약 이 겜 을 사려 고 고민 중 인분 께 저 극 추천 드리며 만약 어렵다고 하시는 분 은 제 게 친추 주시 면 제 가 알려 드리도록 하겠습니다 . 이 겜 때문 에 2 주 동안 플레이 확 오름,2019-03-02 15:06:38
294100,RimWorld,positive,아ㅏㅏ 이게임 하지마셈 시간가는줄 모르고 엄청함,아 ㅏㅏ 이 게임 하지마 셈 시간 가는줄 모르고 엄청 함,2019-03-02 07:50:34
294100,RimWorld,positive,와 씨발 방학 다끝났어 ---------------------------수정---------------------------- 와 씨발 이번 방학도 다끝났어,와 씨발 방학 다 끝났어 --------------------------- 수정 ---------------------------- 와 씨발 이번 방학 도 다 끝났어,2019-03-01 15:12:48
294100,RimWorld,positive,십분만에 질리는 게임이네요. 는 훼이크고 시간가는줄 모르고 재밌게 즐깁니다 ㅋㅋ,십분 만에 질리는 게임 이네 요 . 는 훼이크 고 시간 가는줄 모르고 재밌게 즐깁니다 ㅋㅋ,2019-02-26 17:48:53
294100,RimWorld,positive,초갓겜,초 갓 겜,2019-02-26 16:36:43
294100,RimWorld,positive,잊을만 하면 또 생각나고 생각나고 조금 지루하다 싶으면 창작마당이용해서 또 연장하고 진짜 존잼이자너~~,잊을만 하면 또 생각나고 생각나고 조금 지루하다 싶으면 창작 마당 이 용해서 또 연장 하고 진짜 존 잼이자 너 ~~,2019-02-23 22:26:15
294100,RimWorld,positive,인생게임,인생게임,2019-02-23 16:45:46
294100,RimWorld,positive,"이런게임을 갓겜이라 하지않으면 무슨게임을 갓겜이라 하겟습니까? 음...재미있음 한두시간정돈 그냥 잡아먹는 위험한게임 갓디갓덤 거침정도면 재미있게 플레이 가능함. 이것저것 하다가 좀 질리면 개발자도구 켜서 자유롭게 기지를 만들어볼수 있고, 약간의 모드를활용하여 더 많은 것들을 해볼수 있음 돈이 아깝지 않았다.","이런 게임 을 갓 겜 이라 하지 않으면 무슨 게임 을 갓 겜 이라 하겟습 니까 ? 음 ... 재미있음 한두 시간 정돈 그냥 잡아먹는 위험 한게임 갓 디 갓 덤 거침 정도 면 재미있게 플레이 가능함 . 이 것 저 것 하다가 좀 질리 면 개발자 도구 켜서 자유롭게 기지 를 만들어 볼수 있고 , 약간 의 모드 를 활용 하 여 더 많은 것 들 을 해볼수 있음 돈 이 아깝지 않았다 .",2019-02-22 11:46:13
294100,RimWorld,positive,"기록상 1,000.0 시간부터 림린이 --------------------------------------------- 2.000.0 시간인 지금도 림린이...","기록 상 1,000.0 시간 부터 림린 이 --------------------------------------------- 2.000 . 0 시간 인 지금 도 림린 이 ...",2019-02-22 04:48:34
294100,RimWorld,positive,하지마세요. 재미없어요.,하지 마세요 . 재미없어요 .,2019-02-21 23:25:54
294100,RimWorld,positive,당신이 무엇을 하든 모조리 망할 것 입니다.,당신 이 무엇 을 하든 모조리 망할 것 입니다 .,2019-02-21 22:57:31
294100,RimWorld,positive,"이 게임의 진정한 가치는 랜디형님과 귀여운 트럼보, 그리고 인간소파에 있다. 9.5 / 10","이 게임 의 진정한 가치 는 랜디형님 과 귀여운 트럼보 , 그리고 인간 소파 에 있다 . 9.5 / 10",2019-02-21 14:21:16
294100,RimWorld,positive,갓겜인정.,갓 겜 인정 .,2019-02-20 18:35:25
294100,RimWorld,positive,Absolutely god game.. 이런그래픽 게임을 누가 삼만원넘게주고 하나 했지만 압도적긍정적 평가를 보고 플레이해보니.. 2주동안108시간을 해버렸다 너무재밌다. 모드를 곁들이는걸 추천한다.,Absolutely god game .. 이런 그래픽 게임 을 누가 삼만원 넘게주고 하나 했지만 압도 적 긍정 적 평가 를 보고 플레이 해보니 .. 2 주 동안 108시간 을 해 버렸다 너무 재밌다 . 모드 를 곁들이는걸 추천 한다 .,2019-02-19 04:40:16
294100,RimWorld,positive,사서 후회안 하는 게임 중에 손꼽히는 듯 재밌고 시간가는줄 모름,사서 후회 안 하는 게임 중 에 손꼽히는 듯 재밌고 시간 가는줄 모름,2019-02-17 18:09:52
294100,RimWorld,positive,시간이 녹는다 녹아,시간 이 녹는다 녹아,2019-02-16 03:18:42
294100,RimWorld,positive,잠깐 해봤는데 정말 재미있어요 ^^,잠깐 해봤는데 정말 재미있어요 ^^,2019-02-14 16:07:13
294100,RimWorld,positive,2014년에 제값주고 미친듯이 했었던 골수팬입니다(뿌듯) 그때는 지금보다 컨텐츠가 막 다양하진 않았어도 그때 한창 인기있던 돈스타브나 러스트보다 더 세밀한 전략 생존 시스템에 반해서 골무같은 캐릭터 그래픽에도 나름 정감갔었죠. 개인적으로 림월드가 생존게임 중 최강이었다고 생각합니다. 그러다가 슬슬 식을때쯤 몇년이 지나고 스팀에 들어온다는 소식을 접한 뒤 스팀에서 다시 만나 플레이를 하게 됐습니다. 왠만하면 같은 게임 반복 안하는데 더 세밀하게 업데이트 된 시스템에 또 한번 빠져들게 됐습니다. 심지어 나중엔 멀티까지 나온다니@@@,2014년 에 제 값 주고 미친듯이 했었던 골수팬 입니다 ( 뿌듯 ) 그때 는 지금 보다 컨텐츠 가 막 다양하진 않았어도 그때 한창 인기 있던 돈스 타 브 나 러스트 보다 더 세밀 한 전략 생존 시스템 에 반해서 골무 같은 캐릭터 그래픽 에도 나름 정감 갔었죠 . 개인 적 으로 림 월드 가 생존 게임 중 최강 이었다고 생각 합니다 . 그러다가 슬슬 식 을 때 쯤 몇 년 이 지나고 스팀 에 들어온다는 소식 을 접 한 뒤 스팀 에서 다시 만나 플레이 를 하게 됐습니다 . 왠만하면 같은 게임 반복 안 하는데 더 세밀 하게 업데이트 된 시스템 에 또 한번 빠져들게 됐습니다 . 심지어 나중 엔 멀티 까지 나온다니 @@@,2019-02-14 01:14:28
294100,RimWorld,positive,그거 갓겜이다..,그거 갓 겜 이다 ..,2019-02-13 04:52:28
294100,RimWorld,positive,할만함,할만 함,2019-02-13 04:06:54
294100,RimWorld,positive,This is GodGame,This is GodGame,2019-02-12 17:27:04
294100,RimWorld,positive,가져가라 내시간을,가져가라 내 시간 을,2019-02-11 20:51:21
294100,RimWorld,positive,"초월공학 인공신체로 개조하고, 하이테크 장비로 무장한 격투 15짜리 사이버닌자가 헐거벗은 오랑캐 곤봉에 기절해서 납치당함 갓-겜","초월 공학 인공 신체 로 개조 하고 , 하이테크 장비 로 무장 한 격투 15 짜리 사이버 닌자 가 헐거 벗은 오랑캐 곤봉 에 기절 해서 납치 당함 갓 - 겜",2019-02-11 01:36:06
294100,RimWorld,positive,재밌고 현실적인 생존게임,재밌고 현실 적 인 생존 게임,2019-02-10 16:36:17
294100,RimWorld,positive,아직 조금밖에 안해봤지만 십만원도 아깝지 않다.,아직 조금 밖에 안 해봤지만 십만원 도 아깝지 않다 .,2019-02-09 22:58:03
294100,RimWorld,positive,"다양한 성격,다양한 맵,다양한 사건들이 주는 무작위성이 맞물려 일어나는 일들은 마치 소설 한 편을 보는것과 같다. 또한 다양한 모드도 지원된다. 갓겜","다양한 성격 , 다양한 맵 , 다양한 사건 들 이 주는 무작위 성 이 맞 물려 일어나는 일 들 은 마치 소설 한 편 을 보는것과 같다 . 또한 다양한 모드 도 지원 된다 . 갓 겜",2019-02-09 22:53:40
294100,RimWorld,positive,최고의 전략게임.,최고 의 전략 게임 .,2019-02-09 17:02:28
294100,RimWorld,positive,재밌다,재밌다,2019-02-09 01:25:35
294100,RimWorld,positive,저는 아직 뉴비라서 잘 모르겠네요,저 는 아직 뉴비 라서 잘 모르겠네요,2019-02-08 23:52:18
294100,RimWorld,positive,게임을 사고 바로 플레이를 하고 끈다음에 1시간 한줄알았더니 4시간이 지나있었다,게임 을 사고 바로 플레이 를 하고 끈 다음 에 1시간 한 줄 알았더니 4시간 이 지나있었다,2019-02-08 18:50:15
294100,RimWorld,positive,14년도에 이게임을 보고 복돌로 잠깐 해본후 50%할인때 까지 존버하다가 죽을때까지 안 할꺼 같아서 정식출시후 구매함. 30분 정도 한거 같은데 30시간이 지나있음... 악마가 만든게 분명해...,14년 도에 이 게임 을 보고 복돌 로 잠깐 해본 후 50% 할인 때 까지 존버 하다가 죽 을 때 까지 안 할꺼 같아서 정식 출시 후 구매 함 . 30분 정도 한 거 같은데 30시간 이 지나있음 ... 악마 가 만든게 분명해 ...,2019-02-08 13:55:48
294100,RimWorld,positive,시간도둑 인생을 살 사람이면 사지 마라,시간 도둑 인생 을 살 사람 이면 사지 마라,2019-02-07 23:39:57
294100,RimWorld,positive,인생을 살아주세요...,인생 을 살아주세요 ...,2019-02-07 23:01:42
294100,RimWorld,positive,너무 재밌다. 시간 워프 게임! 돈스타브 다음으로 창작마당을 많이 쓴 게임. 이 게임 하나로 심즈를 할 수도 스타듀밸리를 할 수도 있지만 역시 림월드를 림월드대로 즐기는 것이 가장 재밌다.,너무 재밌다 . 시간 워프 게임 ! 돈스 타 브 다음 으로 창작 마당 을 많이 쓴 게임 . 이 게임 하나로 심즈 를 할 수도 스타 듀 밸리 를 할 수도 있지만 역시 림 월드 를 림 월드 대로 즐기는 것 이 가장 재밌다 .,2019-02-07 18:31:19
294100,RimWorld,positive,시간 순삭,시간 순삭,2019-02-05 14:32:25
294100,RimWorld,positive,[h1]어떤 여자가[/h1] 우리 거주지 주변에서 쫒기고 있었습니다. 저희는 당연히 그 여성을 보호하고 추격자를 무찔렀습니다. 그 여성은 감사하다며 우리 거주지에 합류했습니다. 그 여성은 할 수 있는 일이 채굴밖에 없었습니다. 채굴과 청소를 1순위로 일하라 시켰고 며칠간 아무일 없이 잘 지냈습니다. [h1]어느날 갑자기[/h1] 주민중에 심각한 정신 이상을 보이는 사람이 등장했습니다. 바로 그 여성이었습니다. 무엇이 문제인지 확인하기 위해서 그 여성의 특징을 보기 시작했습니다. 알고보니 세가지 특징이 있,[ h 1 ] 어떤 여자 가 [/ h 1 ] 우리 거주지 주변 에서 쫒기고 있었습니다 . 저희 는 당연히 그 여성 을 보호 하고 추격자 를 무 찔렀습니다 . 그 여성 은 감사하다며 우리 거주지 에 합류 했습니다 . 그 여성 은 할 수 있는 일이 채굴 밖에 없었습니다 . 채굴 과 청소 를 1 순위 로 일 하라 시켰고 며칠 간 아무 일 없이 잘 지냈습니다 . [ h 1 ] 어느 날 갑자기 [/ h 1 ] 주민 중 에 심각한 정신 이상 을 보이는 사람 이 등장 했습니다 . 바로 그 여성 이었습니다 . 무엇 이 문제 인지 확인 하기 위해 서 그 여성 의 특징 을 보기 시작 했습니다 . 알 고 보니 세 가지 특징 이 있,2019-02-05 13:52:36
294100,RimWorld,positive,뭐지 내 시간 어디갔어,뭐 지 내 시간 어디 갔어,2019-02-05 10:45:04
294100,RimWorld,positive,말이 필요한가? 내 미친 중독 게임 탑 티어에 당당히 입성,말 이 필요한가 ? 내 미친 중독 게임 탑 티어 에 당당히 입성,2019-02-03 22:36:45
294100,RimWorld,positive,3일만에 30시간함,3일 만에 30시간 함,2019-02-03 18:56:44
294100,RimWorld,positive,갓겜 그자체,갓 겜 그 자체,2019-02-03 01:45:21
294100,RimWorld,positive,시뮬레이션 게임의 끝판왕,시뮬레이션 게임 의 끝판 왕,2019-02-02 15:56:08
294100,RimWorld,positive,꼴랑 세번 켰는데 벌써 컨텐츠 바닥임;; 10시간도 못하고 지울듯,꼴랑 세번 켰는데 벌써 컨텐츠 바닥 임 ;; 10시간 도 못 하고 지울듯,2019-02-02 12:16:52
294100,RimWorld,positive,당신이 준비한 그 반대를 보여주는 게임,당신 이 준비 한 그 반대 를 보여주는 게임,2019-02-02 01:23:57
294100,RimWorld,positive,갓 게임,갓 게임,2019-02-02 00:56:01
294100,RimWorld,positive,최고,최고,2019-02-01 12:15:31
294100,RimWorld,positive,뭐야 내 시간 돌려줘요 ㅠㅠㅠㅠㅠ,뭐 야 내 시간 돌려줘요 ㅠㅠㅠㅠㅠ,2019-02-01 03:56:18
294100,RimWorld,positive,갓겜이에요,갓 겜 이에요,2019-01-31 00:20:14
294100,RimWorld,positive,조금 해봤는데 괜찮습니다. 다만 컨탠츠가 좀더 추가 됬으면 합니다.,조금 해봤는데 괜찮습니다 . 다만 컨탠츠 가 좀더 추가 됬으면 합니다 .,2019-01-28 00:04:07
294100,RimWorld,positive,림월드는 우주항해 기술과 동면관 기술은 있으나 초광속 기술이 존재하지 않아서 인류가 수많은 행성에 흩어져 살아간다는 매력적인 세계관을 가진 게임입니다. 초광속 기술이 없으니 서로 교류도 어렵고 덕분에 어떤 행성은 부족민들이 창을 들고 사냥하며 살아가는 반면 어떤 행성에서는 엄청난 기술발달로 우리가 인지할 수 있는 것 이상의 힘을 얻기도 합니다. 게임을 하면서 기지를 짓고 농사도 하고 동물도 길들이고 우리 식민지를 공격하는 적들도 막아내고....... 생각했던 것보다 훨씬 더 많은 걸 할 수 있어서 놀란 게임이였습니다. 게다가 원하,림 월드 는 우주 항해 기술 과 동 면관 기술 은 있으나 초광속 기술 이 존재 하지 않아서 인류 가 수많은 행성 에 흩어져 살아간다는 매력 적 인 세계관 을 가진 게임 입니다 . 초광속 기술 이 없으니 서로 교류 도 어렵고 덕분 에 어떤 행성 은 부족 민 들 이 창 을 들고 사냥 하며 살아가는 반면 어떤 행성 에서는 엄청난 기술 발달 로 우리 가 인지 할 수 있는 것 이상 의 힘 을 얻기도 합니다 . 게임 을 하면서 기지 를 짓고 농사 도 하고 동물 도 길들이고 우리 식민지 를 공격 하는 적 들 도 막아내고 ....... 생각 했던 것 보다 훨씬 더 많은 걸 할 수 있어서 놀란 게임 이 였습니다 . 게다가 원하,2019-01-27 18:56:00
294100,RimWorld,positive,한 30분 한거같은데 노잼인거같네요.,한 30분 한 거 같은데 노잼 인거 같네요 .,2019-01-27 13:50:52
294100,RimWorld,positive,해본 사람은 안다... ...,해본 사람 은 안다 ... ...,2019-01-26 02:37:38
294100,RimWorld,positive,재밋어영,재밋어영,2019-01-25 20:00:00
294100,RimWorld,positive,림들 정신이상 관리하다가 내가 심각한 정신이상 쌉가능 ㄹㅇ 갓겜,림 들 정신 이상 관리 하다가 내 가 심각한 정신 이상 쌉 가능 ㄹㅇ 갓 겜,2019-01-25 12:47:31
294100,RimWorld,positive,164시간만에 첨으로 엔딩을 보았습니다. 갓-겜인 만큼 플탐은 확실히 보장하고 타임머신을 탄 듯 너무 빠르게 시간이 지나갑니다. 첨 하시는 분들은 순정으로 하셔도 충분히 재밌을 겁니다만 모드를 깔아서 플레이 할 경우 더욱 다양하게 즐길 수 있어 찾아보시고 재밌을 거 같은 모드 깔아서 플레이 해주시기 바랍니다. 장점: 기나긴 플탐과 꿀잼인 컨텐츠들 그리고 끝도 없이 많은 모드들로 인하여 무한정으로 늘어나는 즐길거리들. 단점: 정착지를 일정 이상 발전 시켜 나가면 그때 부터 그냥 디펜스 겜이 되기 때문에 반복되는 습격 속에 지루함을 느,164시간 만에 첨으로 엔딩 을 보았습니다 . 갓 - 겜 인 만큼 플 탐은 확실히 보장 하고 타임머신 을 탄 듯 너무 빠르게 시간 이 지나갑니다 . 첨 하시는 분 들 은 순정 으로 하셔도 충분히 재밌을 겁니다만 모드 를 깔아서 플레이 할 경우 더욱 다양하게 즐길 수 있어 찾아보시고 재밌을 거 같은 모드 깔아서 플레이 해주시기 바랍니다 . 장점 : 기나긴 플 탐과 꿀잼 인 컨텐츠 들 그리고 끝 도 없이 많은 모드 들 로 인하여 무한정 으로 늘어나는 즐길 거리 들 . 단점 : 정착 지를 일정 이상 발전 시켜 나가면 그때 부터 그냥 디펜스 겜 이 되기 때문 에 반복 되는 습격 속 에 지루함 을 느,2019-01-25 00:03:15
294100,RimWorld,positive,미친듯이 관리해야하고 무드때문에 미치는 게임,미친듯이 관리 해야하고 무드때문 에 미치는 게임,2019-01-24 07:20:44
294100,RimWorld,positive,재밌음 그런데 기지가 안정화되면 지루해지는건 어쩔 수 없는듯..ㅠㅠ,재밌음 그런데 기지 가 안정화 되면 지루해지는건 어쩔 수 없는듯 .. ㅠㅠ,2019-01-23 00:19:16
294100,RimWorld,positive,처음 익히긴 힘들어도 익히면 갓겜입니다.,처음 익히긴 힘들어도 익히면 갓 겜 입니다 .,2019-01-22 19:35:32
294100,RimWorld,positive,개재밌네 ㄹㅇ로,개 재밌네 ㄹㅇ 로,2019-01-21 08:17:36
294100,RimWorld,positive,취향만 맞다면 완벽한 갓겜,취향 만 맞다면 완벽한 갓 겜,2019-01-20 15:59:29
294100,RimWorld,positive,애증의 게임. 환불했지만 다시 사게되고 마는 정말 재밌는 게임. 36000이 아깝지 않다,애증 의 게임 . 환불 했지만 다시 사게되 고 마는 정말 재밌는 게임 . 36000 이 아깝지 않다,2019-01-19 22:39:22
294100,RimWorld,positive,아직 200시간밖에 안해서 재밌는데 한 1000시간은 더해야 질릴듯 넘모 재밌다,아직 200시간 밖에 안해 서 재밌는데 한 1000시간 은 더해야 질릴듯 넘 모 재밌다,2019-01-19 12:55:47
294100,RimWorld,positive,잃어버린 시간을 찾고 있어유... 작고 귀엽게 생겼구유 잠깐 눈 깜박한 사이에 15시간이나 잃어버렸슈 ㅠㅠ,잃어버린 시간 을 찾고 있 어유 ... 작고 귀엽게 생겼 구유 잠깐 눈 깜박 한 사이 에 15시간 이나 잃어버렸 슈 ㅠㅠ,2019-01-18 13:59:16
294100,RimWorld,positive,내 인생을 망치는중인 타임머신,내 인생 을 망치는 중인 타임머신,2019-01-17 21:47:19
294100,RimWorld,positive,현실보다 더 좇같은 세계에 오신것을 환영합니다,현실 보다 더 좇같은 세계 에 오신것을 환영 합니다,2019-01-16 00:45:09
294100,RimWorld,positive,앙마의 게임이다...,앙 마 의 게임 이다 ...,2019-01-16 00:28:30
294100,RimWorld,positive,압도적으로 재밌는 게임 강추,압도 적 으로 재밌는 게임 강추,2019-01-15 23:16:29
294100,RimWorld,positive,갓겜입니다,갓 겜 입니다,2019-01-15 20:01:01
294100,RimWorld,positive,시간 잡아먹는 갓게임 혼자시간때우기 정말 좋은 게임입니다. 세계적으로 인기 정말 많은 게임 많이 팔린 게임 할인은 안하지만 가격대비 플레이 시간이 정말 아깝지 않은 게임입니다. 많은 모드들을 활용해서 게임을 좀더 재미있게 즐길수 있다는게 정말 좋은점 같습니다.,시간 잡아먹는 갓 게임 혼자 시간 때우기 정말 좋은 게임 입니다 . 세계 적 으로 인기 정말 많은 게임 많이 팔린 게임 할인 은 안 하지만 가격 대비 플레이 시간 이 정말 아깝지 않은 게임 입니다 . 많은 모드 들 을 활용 해서 게임 을 좀더 재미있게 즐길수 있다는게 정말 좋은 점 같습니다 .,2019-01-15 13:55:50
294100,RimWorld,positive,얼리억세스 낚시를 하지 않은 얼마 안되는 게임,얼리 억 세 스 낚시 를 하지 않은 얼마 안되는 게임,2019-01-12 23:52:44
294100,RimWorld,positive,원래 세일안하면 게임 잘 안사는데 림월드는 게임 원래가격 주고도 안아까운 갓겜,원래 세 일 안 하 면 게임 잘 안 사는데 림 월드 는 게임 원래 가격 주 고도 안 아까운 갓 겜,2019-01-11 09:02:39
294100,RimWorld,positive,쫌..재밌네요 업뎃도 꾸준히 해서 좋아요,쫌 .. 재밌네요 업뎃 도 꾸준히 해서 좋아요,2019-01-10 07:33:11
294100,RimWorld,positive,이걸 할인해?? ㅋㅋㅋㅋㅋ 죽어도 할인안하던 녀석들이 ㅋㅋㅋㅋㅋㅋㅋ,이 걸 할인 해 ?? ㅋㅋㅋㅋㅋ 죽어도 할인안하던 녀석 들 이 ㅋㅋㅋㅋㅋㅋㅋ,2019-01-10 01:58:17
294100,RimWorld,positive,컨텐츠가 부족하내 망겜임,컨텐츠 가 부족하내 망겜임,2019-01-08 18:11:05
294100,RimWorld,positive,이게임 덕분에 학점과 인생을 말아먹게될 판이군요 후회는 없습니다,이 게임 덕분 에 학점 과 인생 을 말아먹게 될 판이 군 요 후회 는 없습니다,2019-01-08 01:45:40
294100,RimWorld,positive,강추!,강추 !,2019-01-07 11:40:18
294100,RimWorld,positive,뭐 더 설명할게 있나요. 제 값은 합니다.,뭐 더 설명 할게 있나요 . 제 값 은 합니다 .,2019-01-07 11:26:44
294100,RimWorld,positive,한동안 안하다가 최근에 다시 했는데도 꿀잼 지루해졌다 싶으면 창작마당에서 컨셉바꿔서 플레이 고고,한동안 안 하다가 최근 에 다시 했는데도 꿀잼 지루해졌다 싶으면 창작 마당 에서 컨셉 바꿔서 플레이 고고,2019-01-06 08:52:22
294100,RimWorld,positive,what time should I exit,what time should I exit,2019-01-05 16:46:24
294100,RimWorld,positive,최곱니다. 간만에 즐겨보는 생존/건설경영 시뮬레이션이네요. 이런 탑뷰 건설경영류의 보통 게임들과 다르게 간간히 인물들을 직접 컨트롤하는 섹션 부분이 몰입감을 주었습니다.,최 곱니다 . 간만 에 즐겨 보는 생존 / 건설 경영 시뮬레이션 이네 요 . 이런 탑뷰 건설 경 영 류 의 보통 게임 들 과 다르게 간간히 인물 들 을 직접 컨트롤 하는 섹션 부분 이 몰입 감 을 주었습니다 .,2019-01-04 15:24:30
294100,RimWorld,positive,그냥 재밌음 이게끝 더이상 뭐라 설명할수가 없다,그냥 재밌음 이 게끝 더 이상 뭐라 설명 할수가 없다,2019-01-04 00:24:37
294100,RimWorld,positive,림 멘탈 관리하다가 내 멘탈이 나가는 갓-겜입니다. 어서 지르고 멘탈 단련을 체험해보세요!,림 멘탈 관리 하다가 내 멘탈 이 나가는 갓 - 겜 입니다 . 어서 지르고 멘탈 단련 을 체험 해보세요 !,2019-01-03 17:00:25
294100,RimWorld,positive,대박게임같고중독성이쩌는게임 모드도깔아서해봤는데 재미있습니다,대박 게임 같고 중독 성 이 쩌 는 게임 모드 도 깔아서 해봤는데 재미있습니다,2019-01-03 14:12:45
294100,RimWorld,positive,1시간하고 껏는데 6시간이 지나있내 뭐지,1시간 하고 껏 는데 6시간 이 지나있내 뭐 지,2019-01-03 03:58:20
294100,RimWorld,positive,왜 재밋게 만들어서 내 시간을 조진거니?,왜 재밋 게 만들어서 내 시간 을 조진거니 ?,2019-01-03 01:58:20
294100,RimWorld,positive,여러분 인생을 살아주세요 ㅠㅠ,여러분 인생 을 살아주세요 ㅠㅠ,2019-01-01 23:18:52
294100,RimWorld,positive,킬링타임....,킬링타임 ....,2019-01-01 14:16:39
294100,RimWorld,positive,나는 어지간해선 평가 길게 쓰는데 이건 말이 필요없다. 그냥... 사...,나 는 어지간해 선 평가 길게 쓰는데 이건 말 이 필요없다 . 그냥 ... 사 ...,2018-12-31 14:25:48
294100,RimWorld,positive,하루정도 밖에 안한거 같은데 재미있네요 ㅎㅎ,하루 정도 밖에 안 한거 같은데 재미있네요 ㅎㅎ,2018-12-30 23:56:31
294100,RimWorld,positive,갓- 겜 (8.5 / 10) 게임 불감증에 걸려 이겜 저겜 방황하던 나를 정착시켜준 게임. 생존과 시뮬레이션의 조합은 언제나 옳다. 바닐라 상태로 해도 만족이지만 모드가 워낙 다양해 질릴 때쯤 또 다른 세계로 뛰어들 수 있다. 원가를 줘도 전혀 아깝지 않은 게임.,갓 - 겜 ( 8.5 / 10 ) 게임 불감증 에 걸려 이 겜 저 겜 방황 하던 나를 정착 시켜 준 게임 . 생존 과 시뮬레이션 의 조합 은 언제나 옳다 . 바닐라 상태 로 해도 만족 이지만 모드 가 워낙 다양해 질릴 때 쯤 또 다른 세계 로 뛰어들 수 있다 . 원가 를 줘도 전혀 아깝지 않은 게임 .,2018-12-30 20:48:27
294100,RimWorld,positive,현존하는 최고성능의 단방향 타임머신,현 존 하 는 최고 성능 의 단 방향 타임머신,2018-12-30 10:25:25
294100,RimWorld,positive,"야.... 다른사람들이 소설쓰는거 보고 저도 적어봅니다. 제가 산속에 집을 지었을 때였습니다. 관련 유투브도 보고 위키도 찾아본지라 관련 지식은 좀 있었습니다. 그런데 마약을 기르던 와중 수경재배기가 폭파 해버리는 바람에 온도는 순식간에 200도가 넘게 올라갔고 화재를 진압하러온 사람들은 열사병에 걸려있더군요. 다행히 불은 껐는데, 화상을 채 치료하기도 전에 습격이 왔습니다. 화상은 한번에 많은 부위에 생겨서 고통의 양이 많은데 그상태로 전투를 하니 다 픽픽 쓰러지고, 남은건 ""모든 정착민이 죽거나 탈출했습니다."" 라는 문구 뿐이였","야 .... 다른사람 들 이 소설 쓰는거 보고 저 도 적어 봅니다 . 제 가 산속 에 집 을 지었을 때 였습니다 . 관련 유투브 도 보고 위키 도 찾아본지라 관련 지식 은 좀 있었습니다 . 그런데 마약 을 기르던 와중 수경재배 기 가 폭파 해 버리는 바람 에 온도 는 순식간 에 200 도 가 넘게 올라갔고 화재 를 진압 하러 온 사람 들 은 열사병 에 걸려있더군요 . 다행히 불 은 껐는데 , 화상 을 채 치료 하기도 전 에 습격 이 왔습니다 . 화상 은 한번 에 많은 부위 에 생겨서 고통 의 양 이 많은데 그 상태 로 전투 를 하니 다 픽픽 쓰러지고 , 남은건 "" 모든 정착민 이 죽거나 탈출 했습니다 ."" 라는 문구 뿐이였",2018-12-29 22:33:29
294100,RimWorld,positive,복돌이였습니다 너무재미있길래 구매하였고 모드도 즐기며 하고있습니다 추천해요,복돌이 였습니다 너무 재미있길래 구매 하였고 모드 도 즐기며 하고있습니다 추천 해요,2018-12-28 16:36:42
294100,RimWorld,positive,"필자는 현재 림월드에 대해 매우 만족스러워 하고있다. 게임에 대해 한 단어로 표현하자면 ""제 2의 문명""이라고 생각하면 편하다. (타임머신이 36000원이다) 이제부터 주관적인 평가가 있으니 보고싶지 않다면 안봐도 된다. --------------------------------------------------------------------------------------------------------------------------------- 많은 생존 게임을 해보면서 이 게임에 대해 설명해본다면 림월드는 Don't","필자 는 현재 림 월드 에 대해 매우 만족스러워 하고있다 . 게임 에 대해 한 단어 로 표현 하자면 "" 제 2 의 문명 "" 이라고 생각 하면 편하다 . ( 타임머신 이 36000원 이다 ) 이제 부터 주관 적 인 평가 가 있으니 보고싶지 않다면 안 봐도 된다 . --------------------------------------------------------------------------------------------------------------------------------- 많은 생존 게임 을 해보면서 이 게임 에 대해 설명 해본다면 림 월드 는 Don ' t",2018-12-28 15:30:08
294100,RimWorld,positive,초반-중반밖에 못해봤는데 재미는 있따,초반 - 중반 밖에 못 해봤는데 재미 는 있 따,2018-12-28 10:25:15
294100,RimWorld,positive,,,2018-12-27 20:25:26
294100,RimWorld,positive,복돌하다가 모드질 하려고 넘어옴 진짜 이거 하다보면 시간 가는줄 모름,복 돌하다가 모드 질 하려고 넘어옴 진짜 이 거 하다 보면 시간 가는줄 모름,2018-12-27 16:10:24
294100,RimWorld,positive,이 게임은 당신이 게임에 질릴 때 쯤 패치해서 다시 게임을 즐기게 만들어 드립니다!,이 게임 은 당신 이 게임 에 질릴 때 쯤 패치 해서 다시 게임 을 즐기게 만들어 드립니다 !,2018-12-27 00:41:34
294100,RimWorld,positive,재미있시유,재미있 시유,2018-12-25 08:06:05
294100,RimWorld,positive,저 좀 그만하게 해주세요...,저 좀 그만하게 해주세요 ...,2018-12-24 23:42:13
294100,RimWorld,positive,"3번 시도해서 어떻게든 랜디 도전 철인 클리어 건설, 재배, 방어, 위생, 감정 등.... 이것저것 신경써야할 게 많아 복잡할 줄 알았는데, 생각보다 많은 부분을 림들이 스스로 처리할 줄 알아서 다행. 적절한 장소에 적절한 시설을 설치하고, 림들에게 알맞은 지시만 해두면 웬만한 일들은 림들이 처리한다. 공습이나 화재, 벌레소굴 등 갑작스럽게 단체 행동이 필요할 경우에도 직접 림들을 컨트롤 할 수 있다. 다만 AI 우선순위를 꼼꼼하게 설정하지 않으면 타오르는 식탁에서 밥을 처먹다 타죽거나, 멀쩡한 식사 놔두고 사료를 처먹고선 짐승","3 번 시도 해서 어떻 게 든 랜디 도전 철인 클리어 건설 , 재배 , 방어 , 위생 , 감정 등 .... 이 것 저 것 신경 써야 할 게 많아 복잡할 줄 알았는데 , 생각 보다 많은 부분 을 림 들 이 스스로 처리 할 줄 알아서 다행 . 적절한 장소 에 적절한 시설 을 설치 하고 , 림 들 에게 알맞은 지시 만 해 두면 웬만한 일 들 은 림 들 이 처리 한다 . 공습 이나 화재 , 벌레 소굴 등 갑작스럽게 단체 행동 이 필요할 경우 에도 직접 림 들 을 컨트롤 할 수 있다 . 다만 AI 우선 순위 를 꼼꼼하게 설정 하지 않으면 타오르는 식탁 에서 밥 을 처 먹다 타 죽거나 , 멀쩡한 식사 놔두고 사료 를 처 먹고선 짐승",2018-12-24 01:53:14
294100,RimWorld,positive,식량이 필요해서 쥐와 싸웠다 졌다 젠장,식량 이 필요해서 쥐 와 싸웠다 졌다 젠장,2018-12-23 23:25:35
294100,RimWorld,positive,"헤어나올 수 없음, 시험기간에는 하면 안되는 게임 개꿀잼","헤어 나올 수 없음 , 시험 기간 에는 하면 안되는 게임 개꿀잼",2018-12-22 22:15:05
294100,RimWorld,positive,스팀에서 오랜 개발 기간 내내 압도적으로 긍정적. 고민할 필요 없이 그냥 구매하면 됩니다. 꿀잼.,스팀 에서 오랜 개발 기간 내내 압도 적 으로 긍정 적 . 고민 할 필요 없이 그냥 구매 하면 됩니다 . 꿀잼 .,2018-12-22 17:55:11
294100,RimWorld,positive,조금만 더 해봐야겠어요! 아직 조금밖에 안해서 재미있는지 잘 모르겠네요 ㅎㅎ;;;,조금 만 더 해봐야겠어요 ! 아직 조금 밖에 안해 서 재미있는지 잘 모르겠네요 ㅎㅎ ;;;,2018-12-22 10:09:11
294100,RimWorld,positive,절대 사지마세요 인생을 못살고 림생을 살게됩니다,절대 사지 마세요 인생 을 못 살고 림생 을 살 게 됩니다,2018-12-20 08:21:10
294100,RimWorld,positive,인생 4배속.. 사이버 어항 + 1,인생 4 배속 .. 사이버 어항 + 1,2018-12-18 23:41:21
294100,RimWorld,positive,살려줘...,살려줘 ...,2018-12-18 22:30:50
294100,RimWorld,positive,미친 난 분명 롤 시즌 끝나기 1주일전부터 겜했는데 왜 지금 12월인거지 미친 플레1승급전이였는데 ㅎ ㅑ 열받는다 . 이번시즌은 플레다,미친 난 분명 롤 시즌 끝나기 1 주 일전 부터 겜 했는데 왜 지금 12월 인거지 미친 플레 1 승급 전이 였는데 ㅎ ㅑ 열 받는다 . 이번 시즌 은 플 레다,2018-12-18 06:08:15
294100,RimWorld,positive,"Limworld, multe please. : )","Limworld , multe please . : )",2018-12-18 01:00:04
294100,RimWorld,positive,꿀잼이에용,꿀 잼이에 용,2018-12-17 22:21:23
294100,RimWorld,positive,세판정도한거같은데 벌써 시간이 이렇게됐네.. 아직 하고싶은 모드가 넘쳐나는데 1000시간은 그냥 채우지싶다 시작하려는분들 꼭 참고하세여 이겜하면 진짜 시간삭제됩니다 타임머신이 따로 없어요. 끌수가 없어요,세 판정 도 한 거 같은데 벌써 시간 이 이렇게 됐네 .. 아직 하고싶은 모드 가 넘쳐나는데 1000시간 은 그냥 채우지싶다 시작 하려는 분 들 꼭 참고 하세여 이 겜 하 면 진짜 시간 삭제 됩니다 타임머신 이 따로 없어요 . 끌수가 없어요,2018-12-17 16:18:15
294100,RimWorld,positive,이것이 림.월.드.,이 것 이 림 . 월 . 드 .,2018-12-16 23:04:56
294100,RimWorld,positive,당신의 상상력이 재미의 척도. 그리고 160시간 넘게 했지만 난 아직 뉴비 수준이다. 미친게임...,당신 의 상상력 이 재미 의 척도 . 그리고 160시간 넘게 했지만 난 아직 뉴비 수준 이다 . 미친 게임 ...,2018-12-16 19:31:14
294100,RimWorld,positive,휴... 다들 본인 인생사세요..,휴 ... 다 들 본인 인생 사세요 ..,2018-12-14 22:49:50
294100,RimWorld,positive,취향만 맞으면 문명만큼의 타임머신,취향 만 맞으면 문명 만큼의 타임머신,2018-12-14 09:41:38
294100,RimWorld,positive,"이 겜 하다보면 생명이 얼마나 연약한지, 자신의 멘탈이 얼마나 연약한 지 깨닫게 됩니다.","이 겜 하다 보면 생명 이 얼마나 연약한지 , 자신 의 멘탈 이 얼마나 연약한 지 깨닫게 됩니다 .",2018-12-14 03:24:54
294100,RimWorld,positive,갓 ㅡ 겜,갓 ㅡ 겜,2018-12-13 13:47:23
294100,RimWorld,positive,구매하지 마세요.,구매 하지 마세요 .,2018-12-12 22:07:46
294100,RimWorld,positive,안돼 난 이미 헤어나올수 없어...,안 돼 난 이미 헤어 나올수 없어 ...,2018-12-12 10:09:52
294100,RimWorld,positive,재밌다. 캐릭터 하나하나 살아있는 느낌이라 흥미로웠다. 다만 이가격을 주고 하기에는 이것과 같은 가격대의 게임들에 비해 부족하다는 느낌을 받았다. 그렇다고 세일이 있는 것도 아니고.. 솔직히 유저들이 만들어 놓은 모드들이 아니었다면 아쉬운 완성도가 있는 것도 많다. 이런 류의 게임을 좋아하는 편이지만 가격면에서 조금 아쉬운건 사실인듯.,재밌다 . 캐릭터 하나 하나 살아있는 느낌 이라 흥미로웠다 . 다만 이 가격 을 주고 하기에는 이 것 과 같은 가격 대의 게임 들 에 비해 부족하다는 느낌 을 받았다 . 그렇다고 세 일이 있는 것 도 아니고 .. 솔직히 유저 들 이 만들어 놓은 모드 들 이 아니었다면 아쉬운 완성 도 가 있는 것 도 많다 . 이런 류 의 게임 을 좋아하는 편이 지만 가격 면 에서 조금 아쉬운건 사실인듯 .,2018-12-12 04:01:27
294100,RimWorld,positive,할인을 안하니 스텔라리스보다 비싼것 같은데....,할인 을 안 하니 스텔라 리스 보다 비싼것 같은데 ....,2018-12-11 19:39:45
294100,RimWorld,positive,정착민한테 정 주고 마음 주고 잘 키워놓았는데 해적들 드랍포트 강습 방어하다 죽어버리는게 마치 왕좌의게임 같아서 재밌었음..,정착민 한테 정 주고 마음 주고 잘 키워놓았는데 해적 들 드랍 포트 강습 방어 하다 죽어 버리는게 마치 왕좌 의 게임 같아서 재밌었음 ..,2018-12-10 00:28:02
294100,RimWorld,positive,"완벽한 방어 시스템을 구축하셨다고요? -폭탄 동물들이 돌진하여 당신의 방어 시스템을 부실 겁니다! 농사를 대규모를 지어 식량 걱정이 없다고요? -한파, 병충해가 뜨면 무용지물이죠! 무역으로 돈을 많이 버셨다고요? -우주 해적이 참 좋아하겠네요! 지열 발전을 풀로 돌려 전기 걱정이 없다고요? -흠점 폭발이 뜨면 ㅓㅜㅑ. 게다가 파치직이 뜨면서 화재를 부르는 폭발이 생깁니다! 산 밑에 굴을 파서 박격포 공격에 대비할 수 있다고요? -곤충군락 친구들이 아주 좋아하겠네요! 이 외에도 당신이 게임을 접게 할 수 있는 이벤트들이","완벽한 방어 시스템 을 구축 하셨다고요 ? - 폭탄 동물 들 이 돌진 하여 당신 의 방어 시스템 을 부실 겁니다 ! 농사 를 대규모 를 지어 식량 걱정 이 없다고요 ? - 한파 , 병충해 가 뜨면 무용지물 이 죠 ! 무역 으로 돈 을 많이 버셨다고 요 ? - 우주 해적 이 참 좋아하겠네요 ! 지열 발전 을 풀 로 돌려 전기 걱정 이 없다고요 ? - 흠점 폭발 이 뜨면 ㅓㅜㅑ . 게다가 파 치직 이 뜨면서 화재 를 부르는 폭발 이 생깁니다 ! 산 밑 에 굴 을 파서 박격포 공격 에 대비 할 수 있다고요 ? - 곤충 군락 친구 들 이 아주 좋아하겠네요 ! 이 외 에도 당신 이 게임 을 접게 할 수 있는 이벤트 들 이",2018-12-09 21:11:31
294100,RimWorld,positive,아직 감도 못잡았지만 재밌어요 ㅎㅎ,아직 감도 못잡았지만 재밌어요 ㅎㅎ,2018-12-08 11:48:53
294100,RimWorld,positive,게임해봐는돼 시간이너무잘감 저는개인적으로 이게임재미있씀,게임 해봐는 돼 시간 이 너무 잘 감 저 는 개인 적 으로 이 게임 재미있 씀,2018-12-08 01:13:57
294100,RimWorld,positive,1.2 로열티 포함 기준 장점 센티피드 참 좋은 친구 - 초능력으로 참교육 가능 단점 해소 킬존 강요 - 점프팩으로 완화 가능 킬존 밖에서 급격히 무력해지는 것 또한 방지 포지셔닝 개쉬워짐 단점 해소 초능력자 - 영감 부여나 포로 저항도 깎기 메카노이드에게도 잘 먹히는 디버프 일상/전투 둘 다 개좋음 신규요소인데 좋음 세밀한 난이도 조절 가능 - 겜 시작한 후에도 어느정도 난이도 조절 가능 특히 낙진을 겜 시작하고서도 끌수 있다 대신 화산겨울 같은거 안옴 기존에 아쉬웠던 점 보수 이걸로 타이난은 원하는대로 패치하면서도 욕을 안,1.2 로열티 포함 기준 장점 센티 피드 참 좋은 친구 - 초능력 으로 참 교육 가능 단점 해소 킬존 강요 - 점프 팩 으로 완화 가능 킬존 밖 에서 급격히 무력해지는 것 또한 방지 포지셔닝 개 쉬워 짐 단점 해소 초능력자 - 영감 부여 나 포로 저항 도 깎기 메 카노 이드 에게도 잘 먹히는 디버프 일상 / 전투 둘 다 개 좋음 신규 요소 인데 좋음 세밀 한 난이도 조절 가능 - 겜 시작 한 후 에도 어느 정도 난이도 조절 가능 특히 낙진 을 겜 시작 하고서도 끌수 있다 대신 화산 겨울 같은거 안 옴 기존 에 아쉬웠던 점 보수 이 걸 로 타이난 은 원하는대로 패치 하면서도 욕 을 안,2018-12-07 19:07:26
294100,RimWorld,positive,엉 재밋어 ㅇㅇ,엉 재밋어 ㅇㅇ,2018-12-07 15:08:03
294100,RimWorld,positive,ㅇr 너무 ㅈH밌Oㅓ요 0I게 뭐ㄹr고 진짜로ㄷrㄱr ㄴH ㅅI간들 다 Oㅓ딜간거람&****&^^,ㅇ r 너무 ㅈ H 밌 O ㅓ 요 0 I 게 뭐 ㄹ r 고 진짜 로 ㄷ r ㄱ r ㄴ H ㅅ I 간 들 다 O ㅓ 딜 간거람 &****&^^,2018-12-06 00:59:57
294100,RimWorld,positive,전투가능한 2D심즈 말이 필요한가 심지어 심즈보다 훨씬 깊고 운영의 재미가 있음,전투 가능한 2 D 심즈 말 이 필요한가 심지어 심즈 보다 훨씬 깊고 운영 의 재미 가 있음,2018-12-03 18:21:58
294100,RimWorld,positive,걍 다죽어버려라,걍 다 죽어 버려라,2018-12-02 11:47:17
294100,RimWorld,positive,내인생<<<<<<<N명의 림의 인생들 자세히안봐도 이득인듯,내 인생 <<<<<<< N 명의 림 의 인생 들 자세히안 봐도 이득 인 듯,2018-12-02 06:40:03
294100,RimWorld,positive,정착민들이여 인생을 살아주세요...,정착민 들 이여 인생 을 살아주세요 ...,2018-12-01 19:38:46
294100,RimWorld,positive,아직 한지 얼마 안되서 모르는게 너무 많네요 좀 더해봐야 할 것 같습니다,아직 한지 얼마 안되서 모르는게 너무 많네요 좀 더 해봐야 할 것 같습니다,2018-12-01 19:34:39
294100,RimWorld,positive,"문명,트로피코같은 인생 갈아버리는 류에 속하는데 문젠 그 두개들 보다 너무 비쌉니다. 인디게임이라 그 두개보단 돈을 아낀 흔적이 보이고, 그 재미의 질도 굳이 그 2개보다 낫다는 느낌도 못받습니다. 좋은 게임인건 확실하지만 나쁜가격이 발목을 잡는 안타까운 게임입니다. 정가주고 사긴 넘 아까운데 할인도 안하니까 좀 싸가지없네요 이런 써글넘들아 싸가지없다고 가격이 게임은 재밌으니까 별 욕은 더 안나오는데 싸가지 좀 많이 없음 너거들 ftl같은 인디 갓겜들이 얼만지나 보고 가격 좀 수정하십쇼 더 낮은 가격이 언제나 더 낮은 수익율을 말","문명 , 트로피코 같은 인생 갈아 버리는 류 에 속 하는데 문 젠 그 두 개 들 보다 너무 비쌉니다 . 인디 게임 이라 그 두 개 보단 돈 을 아낀 흔적 이 보이 고 , 그 재미 의 질도 굳이 그 2 개보 다 낫다 는 느낌 도 못 받습니다 . 좋은 게임 인 건 확실하지만 나쁜 가격 이 발목 을 잡는 안타까운 게임 입니다 . 정가 주고 사긴 넘 아까운데 할인 도 안 하니까 좀 싸가지 없네요 이런 써 글 넘 들아 싸가지 없다고 가격 이 게임 은 재밌으니까 별 욕 은 더 안 나오는데 싸가지 좀 많이 없음 너 거 들 ftl 같은 인디 갓 겜 들 이 얼 만 지나 보고 가격 좀 수정 하십 쇼 더 낮은 가격 이 언제나 더 낮은 수익 율 을 말",2018-12-01 10:43:08
294100,RimWorld,positive,이번달에 삿었는데 내인생 어디갔지?,이번 달 에 삿었는데 내 인생 어디 갔지 ?,2018-12-01 02:17:33
294100,RimWorld,positive,하루이틀정도 여유가있어서 구매했다가 한주 내내 붙들고있었다.심지어 엔딩도 보지못함. 완벽주의자들에게는 정말 권유하고싶지않은게임이다.. 개쩐다.... 내게 일주일만 더있었다면...,하루 이틀 정도 여유 가 있어서 구매 했다가 한주 내내 붙들고있었다 . 심지어 엔딩 도 보지 못 함 . 완벽주의자 들 에게는 정말 권유 하고싶지 않은 게임 이다 .. 개 쩐다 .... 내게 일주일 만 더있었다면 ...,2018-11-30 19:45:09
294100,RimWorld,positive,메카노이드와 곤충 군락 이벤트가 뜰 때마다 개빡치는 기분을 느껴보세요~,메 카노 이드 와 곤충 군락 이벤트 가 뜰 때 마다 개 빡치는 기분 을 느껴 보세요 ~,2018-11-30 14:06:02
294100,RimWorld,positive,"생존, 건설, 샌드박스, 시뮬레이션 좋아하십니까? 그렇다면 이 게임은 '정답' 입니다.","생존 , 건설 , 샌드박스 , 시뮬레이션 좋아하십니까 ? 그렇다면 이 게임 은 ' 정답 ' 입니다 .",2018-11-30 09:47:16
294100,RimWorld,positive,이야 이걸 어떻게 설명해야하지 아무튼 재밌음 초반에 적응못하면 재미없음,이야 이 걸 어떻게 설명 해야하지 아무튼 재밌음 초반 에 적응 못 하면 재미없음,2018-11-29 16:45:52
294100,RimWorld,positive,해라. 후회하지말고,해 라 . 후회 하지말고,2018-11-29 16:44:09
294100,RimWorld,positive,맥에서 택스트가 선명하게 나오지 않지만 갓겜임 ㄹㅇ,맥 에서 택스트 가 선명하게 나오지 않지만 갓 겜임 ㄹㅇ,2018-11-28 21:58:53
294100,RimWorld,positive,림월드가 나를 한다,림 월드 가 나를 한다,2018-11-28 17:59:02
294100,RimWorld,positive,갓겜,갓 겜,2018-11-28 14:01:34
294100,RimWorld,positive,말이 필요없다.,말 이 필요없다 .,2018-11-27 15:54:16
294100,RimWorld,positive,내 시간을 살살 녹인 게임... 저녁먹고 시작해서 해 뜨고 끝내게되는 마약겜,내 시간 을 살살 녹인 게임 ... 저녁 먹고 시작 해서 해 뜨고 끝내게 되는 마약 겜,2018-11-27 13:24:00
294100,RimWorld,positive,얼리로 사고 후회 하지 않은 게임. 게임 시작후 림들 면접 볼떄 가장 재밌고 흥미진진한 게임이자 막상 면접 보고난 후 게임이 시작되면 급 귀찮아져서 끄는 게임. 하지만 마성의 매력때문에 자꾸 반복하게 된다.,얼리로 사고 후회 하지 않은 게임 . 게임 시작 후 림 들 면접 볼떄 가장 재밌고 흥미진진 한 게임 이자 막상 면접 보고 난 후 게임 이 시작 되면 급 귀찮아져서 끄는 게임 . 하지만 마 성의 매력 때문 에 자꾸 반복 하게 된다 .,2018-11-27 03:38:00
294100,RimWorld,positive,이거 완전 망겜입니다.,이 거 완전 망겜 입니다 .,2018-11-27 01:43:23
294100,RimWorld,positive,100시간이 좀 넘어갈때 지루해지네요. 모드를 깔아도 여전하구요. 여기까지가 제 한계인가봅니다. 게임은 재미있어요.,100시간 이 좀 넘어갈 때 지루해지네요 . 모드 를 깔아도 여전하구요 . 여기 까지가 제 한계 인가 봅니다 . 게임 은 재미있어요 .,2018-11-26 22:07:24
294100,RimWorld,positive,이 게임의 개발자는 당신이 빡치게할 원인들을 매번 업데이트 해줍니다,이 게임 의 개발자 는 당신 이 빡치게 할 원인 들 을 매번 업데이트 해줍니다,2018-11-26 18:30:49
294100,RimWorld,positive,잠깐 실행만 해봤는데 괜찮아보이네요,잠깐 실행 만 해봤는데 괜찮아 보이네요,2018-11-26 12:42:07
294100,RimWorld,positive,"이 게임이 스팀에 올라오기 전부터 했었는데... 레알 인생작...... 현재 플레이 타임 700시간이 넘었고, 모드질에 넘어서 이제는 본인도 조금씩 소형모드를 만들어 스스로 플레이하는 정도..","이 게임 이 스팀 에 올라오기 전 부터 했었는데 ... 레알 인생 작 ...... 현재 플레이 타임 700시간 이 넘었고 , 모드 질 에 넘어서 이제 는 본인 도 조금씩 소형 모드 를 만들어 스스로 플레이 하는 정도 ..",2018-11-26 07:52:21
294100,RimWorld,positive,재밌습니다.,재밌습니다 .,2018-11-26 02:40:45
294100,RimWorld,positive,"음......난이도에 따라 그 수준은 극과극인 게임 쉬운난이도를 하다가 ""아 이제 이것도 질렸으니 좀더 어려운 난이도를 해볼까?""하다간 큰코다치는 림월드 난이도에 따라 급격히 차이나는 습격자수 시도때도없이 발생하는 자연재해 및 질병 그리고 기타 사건들 특정 유튜버가 하는것을 보고 구매하는 입문자에게 말해본다 '당신의 멘탈은 과연 얼마나 단단합니까?' 멘탈 깨질준비 단단히하고 플레이 하라 안그러면 당신의 마우스는 불러오기에 가 있을테니...","음 ...... 난이도 에 따라 그 수준 은 극 과극 인 게임 쉬운 난이도 를 하다가 "" 아 이제 이 것 도 질렸으니 좀더 어려운 난이도 를 해볼까 ?"" 하다 간 큰코다치는 림 월드 난이도 에 따라 급격히 차이나는 습격 자수 시도 때 도 없이 발생 하는 자연재해 및 질병 그리고 기타 사건 들 특정 유튜버 가 하는것을 보고 구매 하는 입문 자 에게 말 해본다 ' 당신 의 멘탈 은 과연 얼마나 단단합니까 ?' 멘탈 깨질 준비 단단히하고 플레이 하라 안 그러면 당신 의 마우스 는 불러오기에 가 있을테니 ...",2018-11-26 01:30:15
294100,RimWorld,positive,Time Machine.,Time Machine .,2018-11-25 22:07:49
294100,RimWorld,positive,"지인이 유튜브방송에서 재미있는 게임을 봤다면서 추천 처음엔 그다지 흥미가 없었지만 굉장히 재미있게 하고 있는 게임 공략,팁,꼼수 등 유튜브나 기타 공략등에서 찾아보고 하면 안될 게임 혼자서 이렇게도 해보고 저렇게도 해보고 실패를 경험하면서 스스로 공략해나가야 진정 재미를 느낄 게임 일부 한글화가 안된부분도 있지만 게임플레이에 큰 영향을 끼치진 않음 초반 난이도가 좀 있지만 어느정도 안정화 접어들고 나면 약간 수월해짐 여름의 폭염,겨울의 혹한, 급작스러운 화재 등 담배를 끊을수 없게 만드는 게임 정말 추천합니다.","지인 이 유튜브 방송 에서 재미있는 게임 을 봤다면서 추천 처음 엔 그다지 흥미 가 없었지만 굉장히 재미있게 하고 있는 게임 공략 , 팁 , 꼼수 등 유튜브 나 기타 공략 등 에서 찾아보고 하면 안될 게임 혼자 서 이렇게도 해보고 저렇게도 해보고 실패 를 경험 하면서 스스로 공략 해 나가야 진정 재미 를 느낄 게임 일부 한글화 가 안된 부분 도 있지만 게임 플레이 에 큰 영향 을 끼치진 않음 초반 난이도 가 좀 있지만 어느 정도 안정화 접어 들고 나면 약간 수월해 짐 여름 의 폭염 , 겨울 의 혹 한 , 급작 스러운 화재 등 담배 를 끊을수 없게 만드는 게임 정말 추천 합니다 .",2018-11-25 21:27:21
294100,RimWorld,positive,"문명보다 더 깊은 세계에 빠지고 싶은 사람들은 이 게임 구매를 추천한다. 집을 건설하고, 습격과 각종 이벤트들을 막아내며 식량을 관리하다보면 순식간에 몇시간이 지나있다... 미;친!","문명 보다 더 깊은 세계 에 빠지고 싶은 사람 들 은 이 게임 구매 를 추천 한다 . 집 을 건설 하고 , 습격 과 각종 이벤트 들 을 막아내며 식량 을 관리 하다 보면 순식간 에 몇 시간 이 지나있다 ... 미 ; 친 !",2018-11-25 19:42:26
294100,RimWorld,positive,애지중지하며 키운 림의 손가락이 날아가면 내 손가락이 날아간 기분이 듬,애지중지 하며 키운 림 의 손가락 이 날아가면 내 손가락 이 날아간 기분 이 듬,2018-11-25 19:02:08
294100,RimWorld,positive,ㅈㄴ ㅈ 이거 첨에 너무 어려워서접을뻔함 근데 듀토리얼 개 쉽게설명 ㄳㄳ,ㅈㄴ ㅈ 이 거 첨 에 너무 어려워서 접 을 뻔함 근데 듀토 리얼 개 쉽게 설명 ㄳㄳ,2018-11-25 17:46:00
294100,RimWorld,positive,장기매매 너무 좋아,장기매매 너무 좋아,2018-11-25 17:10:01
294100,RimWorld,positive,할인만하면 시간가는줄 모르고 하는 띵겜!! 할인 안 하지만.....,할인 만하 면 시간 가는줄 모르고 하는 띵겜 !! 할인 안 하지만 .....,2018-11-25 14:49:05
294100,RimWorld,positive,희노애락이 가득찬 게임,희노애락 이 가득 찬 게임,2018-11-25 12:02:34
294100,RimWorld,positive,갓겜! 그냥 말할거없이 갓겜!,갓 겜 ! 그냥 말 할거 없이 갓 겜 !,2018-11-25 11:42:34
294100,RimWorld,positive,재밌습니다. 난이도 조절이 되서 참 좋아요,재밌습니다 . 난이도 조절 이 되서 참 좋아요,2018-11-25 11:40:28
294100,RimWorld,positive,시간날때 잠깐 해봤는데 재밌네요,시간 날때 잠깐 해봤는데 재밌네요,2018-11-25 08:05:34
294100,RimWorld,positive,"역동적,전략요소,건설,경영 거의모든 요소가 캐주얼하게 들어가있다","역 동 적 , 전략 요소 , 건설 , 경영 거의 모든 요소 가 캐 주얼 하 게 들어가있다",2018-11-25 07:59:29
294100,RimWorld,positive,잠깐 했는데 할만함.,잠깐 했는데 할만 함 .,2018-11-25 07:53:35
294100,RimWorld,positive,"생존, 막장, 드워프 포트리스 좋아한다고? 당장해라","생존 , 막장 , 드워프 포트리스 좋아한다고 ? 당장 해라",2018-11-25 05:49:27
294100,RimWorld,positive,ㅋㅋㅋㅋㅋㅋㅋㅋㅋㅋㅋ곤충개빡친다,ㅋㅋㅋㅋㅋㅋㅋㅋㅋㅋㅋ 곤충 개 빡친다,2018-11-25 04:02:49
294100,RimWorld,positive,yup.,yup .,2018-11-25 00:21:18
294100,RimWorld,positive,시간이 사라져요..,시간 이 사라져요 ..,2018-11-24 23:59:02
294100,RimWorld,positive,처음 시작했을때는 되게 옛날게임같다라고 생각했는데 순식간에 몰입하게 되네요 재밌어요,처음 시작 했을 때 는 되게 옛날 게임 같다라고 생각 했는데 순식간 에 몰입 하게 되네요 재밌어요,2018-11-24 22:53:43
294100,RimWorld,positive,아 이걸 왜 이제 했을까... 백수일때 플레이 했어야 했다.,아 이 걸 왜 이제 했을까 ... 백 수 일 때 플레이 했어야 했다 .,2018-11-24 22:09:30
294100,RimWorld,positive,한번 킬 때마다 최소 5-7시간은 순식간에 지나가 버리니 너무 부담스러워서 게임을 켜지도 못하겠습니다.. 첫날엔 아예 밤을 새웠네요 시간 많고 한가하신 분들만 사세요 적당히 하다가 그만둬야지가 불가능한 게임 입니다,한번 킬 때 마다 최소 5-7시간 은 순식간 에 지나가 버리니 너무 부담스러워서 게임 을 켜지도 못 하겠습니다 .. 첫날 엔 아예 밤 을 새웠네요 시간 많고 한가하신 분 들 만 사세요 적당히 하다가 그만둬야지가 불가능한 게임 입니다,2018-11-24 19:09:25
294100,RimWorld,positive,림월드를 키는 순간 다음날이 되었습니다.,림 월드 를 키 는 순간 다음 날 이 되었습니다 .,2018-11-24 13:38:10
294100,RimWorld,positive,선생님 제발 인생을 살아주십시오,선생님 제발 인생 을 살아주십시오,2018-11-24 10:55:26
294100,RimWorld,positive,진짜 최고의 게임입니다. 모드를 사용하면 더... 시간이 문명 이상으로 증발하는 것을 볼 수 있습니다.,진짜 최고 의 게임 입니다 . 모드 를 사용 하면 더 ... 시간 이 문명 이상 으로 증발 하는 것 을 볼 수 있습니다 .,2018-11-24 09:01:50
294100,RimWorld,positive,왠만한건 모드로 다 있음,왠만한건 모드 로 다 있음,2018-11-24 01:46:23
294100,RimWorld,positive,드디어 엔딩을 봤습니다. 정말 재밌게 끝냈네요.,드디어 엔딩 을 봤습니다 . 정말 재밌게 끝냈네요 .,2018-11-24 01:14:15
294100,RimWorld,positive,잠깐 잠깐 하기 좋은 게임입니다.,잠깐 잠깐 하기 좋은 게임 입니다 .,2018-11-24 00:09:25
294100,RimWorld,positive,이 게임은 해로운 게임이다.,이 게임 은 해로운 게임 이다 .,2018-11-24 00:08:45
294100,RimWorld,positive,인생돌려줘,인생 돌려줘,2018-11-23 23:35:13
294100,RimWorld,positive,개꿀잼 그자체. 취향만 맞으면 신종 타임머신.,개꿀잼 그 자체 . 취향 만 맞으면 신종 타임머신 .,2018-11-23 23:02:35
294100,RimWorld,positive,평가,평가,2018-11-23 22:59:32
294100,RimWorld,positive,해외 까지 나와서 100시간이상 피방에서 한 게임 ... 시간가는 줄 몰라 .. 다시 만들고 다시 부수고,해외 까지 나와서 100시간 이상 피방 에서 한 게임 ... 시간 가는 줄 몰라 .. 다시 만들고 다시 부수 고,2018-11-23 22:53:36
294100,RimWorld,positive,"10시간 정도면 충분히 엔딩을 볼 수 있으나, 이런 류의 게임이 그렇듯 마을에 애착이 가기 시작해 결국 마을 하나에 80시간을 투자하게 되는 게임. 현재까지 모드 단 한 번 깔지 않고 플레이했습니다. 모드 깔면 플탐 수가 두 배로 뛸 것 같네요","10시간 정도 면 충분히 엔딩 을 볼 수 있으나 , 이런 류 의 게임 이 그렇듯 마을 에 애착 이 가기 시작 해 결국 마을 하나 에 80시간 을 투자 하게 되는 게임 . 현재 까지 모드 단 한 번 깔지 않고 플레이 했습니다 . 모드 깔면 플 탐 수가 두 배 로 뛸 것 같네요",2018-11-23 22:09:30
294100,RimWorld,positive,열심히 습격을 견뎌내고 우주선을 타고 탈출하셨다구요? 축하합니다! 본게임 시작이거든요~,열심히 습격 을 견뎌내고 우주선 을 타고 탈출 하셨다구요 ? 축하 합니다 ! 본 게임 시작 이 거든요 ~,2018-11-23 21:00:25
294100,RimWorld,positive,이게임이 진리요 길입니다;; 안하시면 곤란해여~~,이 게임 이 진리 요 길 입니다 ;; 안 하시면 곤란해여 ~~,2018-11-23 20:57:08
294100,RimWorld,positive,갓겜,갓 겜,2018-11-23 20:44:06
294100,RimWorld,positive,그냥 일단 부딪혀가면서 해보는 그맛이 진짜다,그냥 일단 부딪혀가면서 해보는 그 맛 이 진짜 다,2018-11-23 20:18:21
294100,RimWorld,positive,타임머신,타임머신,2018-11-23 19:55:59
294100,RimWorld,positive,림월드 1.0 업데이트 최고야!,림 월드 1.0 업데이트 최고 야 !,2018-11-23 19:40:42
294100,RimWorld,positive,♥,♥,2018-11-23 19:30:15
294100,RimWorld,positive,꿀잼입니다. 강추.,꿀잼 입니다 . 강추 .,2018-11-23 18:19:27
294100,RimWorld,positive,으어 꿀잼,으어 꿀잼,2018-11-23 11:45:57
294100,RimWorld,positive,하다보면 진짜 시간가는 줄 모르고 빠져든다 하아앙.. 시간이.. 가버렷....!,하다 보면 진짜 시간 가는 줄 모르고 빠져든다 하아 앙 .. 시간 이 .. 가버렷 ....!,2018-11-23 10:23:43
294100,RimWorld,positive,타임머신,타임머신,2018-11-23 09:33:11
294100,RimWorld,positive,문명을 뛰어넘는 최신형 타임머신,문명 을 뛰어넘는 최신 형 타임머신,2018-11-23 09:01:26
294100,RimWorld,positive,게임을 3배속하면 내 시간도 3배속으로 지나가는 매직,게임 을 3 배속 하면 내 시간 도 3 배속 으로 지나가는 매직,2018-11-23 08:51:03
294100,RimWorld,positive,"you git good, man.","you git good , man .",2018-11-23 08:36:44
294100,RimWorld,positive,취향에 맞다면 갓겜입니다. 호불호가 좀 갈려요.,취향 에 맞다면 갓 겜 입니다 . 호불호 가 좀 갈려요 .,2018-11-23 02:57:38
294100,RimWorld,positive,갓겜,갓 겜,2018-11-23 02:30:11
294100,RimWorld,positive,각잡고 끝까지 하려면 너무 진이 빠져서 뭔가 모드 깔고 좀 깨작거리다가 다른 모드 깔고 돌려보고 마는게 반복되는듯. 스카이림이랑 전혀 다른 게임인데 하는 느낌은 좀 비슷하다. 근데 그것조차 재밌긴 재밌음,각 잡고 끝 까지 하려면 너무 진 이 빠져서 뭔가 모드 깔고 좀 깨작 거리 다가 다른 모드 깔고 돌려 보고 마는 게 반복 되는듯 . 스카이림 이랑 전혀 다른 게임 인데 하는 느낌 은 좀 비슷하다 . 근데 그것 조차 재밌긴 재밌음,2018-11-23 02:26:27
294100,RimWorld,positive,하고싶은걸 다 할수있는 게임,하고싶은걸 다 할수있는 게임,2018-11-23 01:34:25
294100,RimWorld,positive,시간삭제마법.. 각종 경영시뮬레이션에 관심이있거나 심즈같은 역할극게임 좋아하는 사람에게 너무 갓갓갓겜 스팀에서 제값주고 보통 게임안사고 할인할때 이것저것 다사서 쟁여두는편인데 정말오랫만에 정가주고산 딱 1개를위해 결제하고도 돈과 수고가 아깝지않았던게임 바닐라로 벌써 100시간넘게채웠는데 모드 하나둘깔기시작하면 일생이 가능한걸까 두렵기까지함,시간 삭제 마법 .. 각종 경 영 시뮬레이션 에 관심 이 있거나 심즈 같은 역할극 게임 좋아하는 사람 에게 너무 갓 갓 갓 겜 스팀 에서 제 값 주고 보통 게임 안 사고 할인 할 때 이 것 저 것 다사 서 쟁 여 두는 편 인데 정말 오랫 만 에 정가 주 고산 딱 1 개 를 위해 결제 하고도 돈 과 수고 가 아깝지 않았던 게임 바닐라 로 벌써 100시간 넘게채웠는데 모드 하나 둘 깔기 시작 하 면 일생 이 가능한 걸까 두렵기까지 함,2018-11-23 00:20:00
294100,RimWorld,positive,멈출수없는 중독성 시간을 순식간에 태워버리는 타임머신성 게임 길게 설명할 필요도 없는 명작입니다 심시티와 생존을 좋아하시는 당신에게 추천합니다,멈출수 없는 중독 성 시간 을 순식간 에 태워 버리는 타임머신 성 게임 길게 설명 할 필요 도 없는 명작 입니다 심시티 와 생존 을 좋아하시는 당신 에게 추천 합니다,2018-11-22 23:58:57
294100,RimWorld,positive,나는 치트 쟁이이다. 치트를 치지 않으면 이런 게임은 죽어도 안한다. 하지만 이 게임은 치트를 쳐도 재밌다. 가면 갈수록 진보하는 게임. 돈이 아깝지 않다,나 는 치트 쟁이 이다 . 치트 를 치 지 않으면 이런 게임 은 죽어도 안 한다 . 하지만 이 게임 은 치트 를 쳐도 재밌다 . 가면 갈수록 진보 하는 게임 . 돈 이 아깝지 않다,2018-11-22 23:20:29
294100,RimWorld,positive,몬가 망했다. 아무리 생각해도 제대로 망했다.,몬 가 망했다 . 아무리 생각 해도 제대로 망했다 .,2018-11-22 23:14:22
294100,RimWorld,positive,아 그냥 하세요,아 그냥 하세요,2018-11-22 22:54:52
294100,RimWorld,positive,초반 진입장벽만 넘으면 이것만한 타임머신 찾기 힘들다.,초반 진입 장벽 만 넘으면 이 것 만 한 타임머신 찾기 힘들다 .,2018-11-22 22:36:07
294100,RimWorld,positive,모드없이 바닐라로 플레이하다가 맨탈 터지고 모드깔고 플레이하면 습격 인원수에 멘탈 터지는 게임입니다,모드 없이 바닐라 로 플레이 하다가 맨 탈 터지고 모드 깔고 플레이 하면 습격 인원 수 에 멘탈 터지는 게임 입니다,2018-11-22 22:27:47
294100,RimWorld,positive,인생대신 림생 챙기는게임,인생 대신 림생 챙기는 게임,2018-11-22 22:23:45
294100,RimWorld,positive,타임머신과도 같은 게임. 플레이 하다보면 시간 정말 잘 갑니다 :),타임머신 과도 같은 게임 . 플레이 하다 보면 시간 정말 잘 갑니다 :),2018-11-22 22:17:23
294100,RimWorld,positive,킹갓겜,킹 갓 겜,2018-11-22 22:14:19
294100,RimWorld,positive,"초반의 진입장벽을 잘 헤쳐나가면 엄청난 확장성과 중독성, 섬세함에 놀라게 된다.","초반 의 진입 장벽 을 잘 헤쳐 나가면 엄청난 확장 성과 중독 성 , 섬세함에 놀라게 된다 .",2018-11-22 22:00:41
294100,RimWorld,positive,겁나 현실적인 우주게임,겁나 현실 적 인 우주 게임,2018-11-22 21:53:10
294100,RimWorld,positive,내 시간 돌려내놔...,내 시간 돌려 내놔 ...,2018-11-22 20:26:01
294100,RimWorld,positive,그냥 재밌다.,그냥 재밌다 .,2018-11-22 20:13:56
294100,RimWorld,positive,버그도 많고 최적화도 개판에 세일도 안하면서 DLC까지 나왔다. 패치만 하면 MOD들 바보되고 번역도 제대로 다 안되어있다. 그런데 재밌는게 사람을 화나게 한다.,버그 도 많고 최적화 도 개판 에 세 일도 안 하면서 DLC 까지 나왔다 . 패치 만 하면 MOD 들 바보 되고 번역 도 제대로 다 안되어있다 . 그런데 재밌는게 사람 을 화나게 한다 .,2018-11-22 20:07:55
294100,RimWorld,positive,인디게임 최고봉. 왠만한 메이저 게임보다 훨씬 나아요~,인디 게임 최고봉 . 왠만한 메이저 게임 보다 훨씬 나아요 ~,2018-11-22 19:59:08
294100,RimWorld,positive,이게임은 갓----겜이라는 거다,이 게임 은 갓 ---- 겜 이라는 거 다,2018-11-22 19:56:28
294100,RimWorld,positive,다시 켜는 순간 시간이 사라진다.,다시 켜는 순간 시간 이 사라진다 .,2018-11-22 19:39:26
294100,RimWorld,positive,할줄만 알고 익숙해지면 개꿀잼 매운맛 스타듀벨리임,할줄만 알 고 익숙해지면 개꿀잼 매운 맛 스타 듀 벨리 임,2018-11-22 19:37:30
294100,RimWorld,positive,모드와 함께라면 지루할틈이 없는 겜,모드 와 함께라면 지루할 틈 이 없는 겜,2018-11-22 18:53:20
294100,RimWorld,positive,모드를 깔고나니 이 게임의 참맛을 알게 됐다. 이 집 모드 잘하네,모드 를 깔고나니 이 게임 의 참 맛 을 알 게 됐다 . 이 집 모드 잘 하네,2018-11-22 18:53:12
294100,RimWorld,positive,갓껨,갓껨,2018-11-22 18:30:26
294100,RimWorld,positive,best,best,2018-11-22 18:11:13
294100,RimWorld,positive,"재미있게 즐기는 중 입니다,","재미있게 즐기는 중 입니다 ,",2018-11-22 17:51:13
294100,RimWorld,positive,갓겜 그자체 중요한건 모드를 너무 깔아서 로딩이 넘나 느린게 슬픔 ㅜㅜ 흐규,갓 겜 그 자체 중요한건 모드 를 너무 깔아서 로딩 이 넘나 느린게 슬픔 ㅜㅜ 흐규,2018-11-22 17:43:15
294100,RimWorld,positive,이 게임을 포기 못하는데엔 이유가 있어요..,이 게임 을 포기 못 하는데엔 이유 가 있어요 ..,2018-11-22 16:54:55
294100,RimWorld,positive,갓겜,갓 겜,2018-11-22 16:31:08
294100,RimWorld,positive,매일 이거 조금만해야지 하다가도 새벽 한시 두시 되는 게임 ㄷㄷ.. 피곤합니다 매일이 ㅋㅋㅋ,매일 이 거 조금 만 해야지 하다가도 새벽 한시 두시 되는 게임 ㄷㄷ .. 피곤합니다 매일 이 ㅋㅋㅋ,2018-11-22 15:48:02
294100,RimWorld,positive,이 게임을 구매하면 너의 시간은 사라질것이다. 그러니 사자,이 게임 을 구매 하면 너 의 시간 은 사라질것이다 . 그러니 사자,2018-11-22 14:27:31
294100,RimWorld,positive,재미있어요,재미있어요,2018-11-22 13:48:25
294100,RimWorld,positive,갓겜 인정합니다.,갓 겜 인정 합니다 .,2018-11-22 13:15:53
294100,RimWorld,positive,으어 내 인생,으어 내 인생,2018-11-22 13:10:44
294100,RimWorld,positive,갓겜,갓 겜,2018-11-22 12:57:28
294100,RimWorld,positive,하다보면 어느새 심즈플레이를 하는 듯한 착각을 느끼게 한다... 모두 살려내고 말테야!,하다 보면 어느새 심즈 플레이 를 하는 듯 한 착각 을 느끼게 한다 ... 모두 살려내고 말테야 !,2018-11-22 12:49:56
294100,RimWorld,positive,약간의 모드와 랜디 랜덤만 있으면 당신도 림월드에 시간을 버리는 자신을 보실수 있을겁니다,약간 의 모드 와 랜디 랜덤 만 있으면 당신 도 림 월드 에 시간 을 버리는 자신 을 보실수 있을 겁니다,2018-11-22 12:39:29
294100,RimWorld,positive,그래픽때문에 불안불안해하며 구입했는데 36000원이 아깝지 않을 정도로 재미있습니다ㅠㅠ,그래픽 때문 에 불안 불안해하며 구입 했는데 36000원 이 아깝지 않을 정도 로 재미있습니다 ㅠㅠ,2018-11-22 12:33:44
294100,RimWorld,positive,으아아 이거 게임아니야 하지마,으아아 이 거 게임 아 니야 하지마,2018-11-22 12:30:00
294100,RimWorld,positive,이게임은 인간이 얼마나 쓰레기 같아질 수 잇는지 잘 보여주는 게임입니다. 우리모두 다같이 내장을 팝시다.,이 게임 은 인간 이 얼마나 쓰레기 같아질 수 잇는지 잘 보여주는 게임 입니다 . 우리 모두 다 같이 내장 을 팝시다 .,2018-11-22 12:11:24
294100,RimWorld,positive,잠깐 해봤는데 지를만한 가치가 있는겜,잠깐 해봤는데 지 를 만 한 가치 가 있는 겜,2018-11-22 12:04:00
294100,RimWorld,positive,36000원으로 미래로 가는 타임머신을 구매하세요,36000원 으로 미래 로 가는 타임머신 을 구매 하세요,2018-11-22 11:51:20
294100,RimWorld,positive,"이 게임의 개발자만큼이나, 수많은 멋진 모드들을 만들어준 모더들에게 공을 돌려야 하는 게임. 개발자는 5년 동안 게임을 완성시켜나갔다. 갓겜","이 게임 의 개발자 만큼이나 , 수많은 멋진 모드 들 을 만들어 준 모 더 들 에게 공 을 돌려야 하는 게임 . 개발자 는 5년 동안 게임 을 완성 시켜 나갔다 . 갓 겜",2018-11-22 11:26:46
294100,RimWorld,positive,거주민의 장기가 파괴됬다고요? 해적놈들의 장기가 있습니다! *경고* 이 게임은 당신의 시간을 증발시키는 게임입니다!,거 주민 의 장기 가 파괴 됬다고요 ? 해적 놈 들 의 장기 가 있습니다 ! * 경고 * 이 게임 은 당신 의 시간 을 증발 시키는 게임 입니다 !,2018-11-22 11:23:53
294100,RimWorld,positive,처음엔 뭣도 모르고 맨땅에 헤딩하다가 어찌저찌 탈출한번 하고나면 더욱 극악한 곳에서 탈출해보고 싶어지는 최고의 게임! 살아남아라. 어쨋든 살아남아라.,처음 엔 뭣 도 모르고 맨 땅 에 헤딩 하다가 어찌저찌 탈출 한번 하고나면 더욱 극악한 곳 에서 탈출 해보고 싶어지는 최고 의 게임 ! 살아남아라 . 어쨋 든 살아남아라 .,2018-11-22 11:13:32
294100,RimWorld,positive,아닠ㅋㅋ 뭐 얼마나 했다고 잠깐했는데 벌써 100시간이 넘었어,아닠 ㅋㅋ 뭐 얼마나 했다고 잠깐 했는데 벌써 100시간 이 넘었어,2018-11-22 11:13:29
294100,RimWorld,positive,모드 활용 적극 추천,모드 활용 적극 추천,2018-11-22 11:01:47
294100,RimWorld,positive,할인 기다리는 분들은 그냥 사세요.. 편의 모드는 필수이긴 하지만 취향이 맞는다면 꿀잼입니다.,할인 기다리는 분 들 은 그냥 사세요 .. 편의 모드 는 필수 이긴 하지만 취향 이 맞는다면 꿀잼 입니다 .,2018-11-22 10:40:11
294100,RimWorld,positive,바닐라도 재밌지만...모드가 모든걸 채워준다. 그렇다고 모드를 너무 쓰면 세이브 파일은 물론이고 게임 구동도 제대로 안될 수 있다. 알아서 하자,바닐라 도 재밌지만 ... 모드 가 모든 걸 채워 준다 . 그렇다고 모드 를 너무 쓰면 세이브 파일 은 물론 이고 게임 구동 도 제대로 안될 수 있다 . 알아서 하자,2018-11-22 10:33:47
294100,RimWorld,positive,게임을 관둘수가 없음,게임 을 관 둘수가 없음,2018-11-22 10:30:07
294100,RimWorld,positive,"채집, 건설, 연구 또 건설, 외부 부족과의 만남과 뜬금없는 이벤트. 실력과 운이 다 필요한 게임. 게다가 업데이트도 계속되고 워크샵에 아이템들로 계속해서 새로운 게임을 느끼게 해주는 게임. 진입만 하면 그 뒤론 시간 가는 줄 모른다.","채집 , 건설 , 연구 또 건설 , 외부 부족 과의 만남 과 뜬금 없는 이벤트 . 실력 과 운 이 다 필요한 게임 . 게다가 업데이트 도 계속 되고 워크샵 에 아이템 들 로 계속 해서 새로운 게임 을 느끼게 해주는 게임 . 진입 만 하면 그 뒤론 시간 가는 줄 모른다 .",2018-11-22 10:28:23
294100,RimWorld,positive,굿굿,굿굿,2018-11-22 10:22:43
294100,RimWorld,positive,타임머신,타임머신,2018-11-22 10:06:53
294100,RimWorld,positive,"인생 게임이자, 솔직히 복돌이 시절 플레이 타임 합치면 500시간은 넘은 게임. 타이난 센세, 돈 없던 학생이 직장인이 되어서 게임도 사고 여전히 플레이 중입니다. Full 3D 림월드2도 만들어 주세요.","인생 게임 이자 , 솔직히 복돌이 시절 플레이 타임 합치 면 500시간 은 넘은 게임 . 타이난 센세 , 돈 없던 학생 이 직장인 이 되어서 게임 도 사고 여전히 플레이 중 입니다 . Full 3 D 림 월드 2 도 만들어 주세요 .",2018-11-22 09:55:23
294100,RimWorld,positive,산소미포함이랑비슷한게임,산소 미 포함 이랑 비슷한 게임,2018-11-22 09:17:58
294100,RimWorld,positive,"플레이 하면 할수록 개발자가 세상을 바라보는 관점, 그리고 추상화를 통한 모델링에 감탄하게 됩니다. 이 게임은 인류의 생산성을 떨어트리기 위한 악마의 창조물임이 틀림없습니다. 강력하게 추천합니다.","플레이 하면 할수록 개발자 가 세상 을 바라보는 관점 , 그리고 추상화 를 통한 모델링 에 감탄 하게 됩니다 . 이 게임 은 인류 의 생산 성 을 떨어 트리 기 위 한 악마 의 창조 물임 이 틀림없습니다 . 강력하게 추천 합니다 .",2018-11-22 07:50:43
294100,RimWorld,positive,갓----------------------------겜,갓 ---------------------------- 겜,2018-11-22 07:40:02
294100,RimWorld,positive,시간블랙홀,시간 블랙홀,2018-11-22 07:31:41
294100,RimWorld,positive,졸잼 시간 가는 줄 모른다,졸잼 시간 가는 줄 모른다,2018-11-22 06:36:53
294100,RimWorld,positive,인간 가죽 소파 만들어보셨나요?,인간 가죽 소파 만들어 보셨나요 ?,2018-11-22 06:09:59
294100,RimWorld,positive,"림월드는 번화계라 불리우는 우주문명의 중심, 문명 집단에서 멀리 떨어져있는 약간 소외된 외곽 우주..? 느낌입니다. 그래서 문명이 고립되어 상대적으로 원시적인 느낌이 강합니다. 이 림월드 행성에 불시착하거나 토착민으로써 생존과 생활을 체험하는 게임입니다. 아주 원시적이거나 첨단기술이거나 하는 요소가 공존되어있어 세계관이나 문화적인 모순에 대해 다소 의문을 가질수 있으나 그냥 게임 벨런스를 위한거이기도 하고 순수하게 게임을 즐기기 위해서는 게임의 모순을 감안하고 규칙을 따르면 될뿐입니다. 싱글 게임이며 게임 재생 시간(정지, 1","림 월드 는 번 화 계 라 불리우는 우주 문 명의 중심 , 문명 집단 에서 멀리 떨어져있는 약간 소외 된 외곽 우주 ..? 느낌 입니다 . 그래서 문명 이 고립 되어 상대 적 으로 원시 적 인 느낌 이 강합니다 . 이 림 월드 행성 에 불시 착하거나 토착민 으로써 생존 과 생활 을 체험 하는 게임 입니다 . 아주 원시 적 이 거나 첨단 기술 이 거나 하는 요소 가 공존 되어있어 세계관 이나 문화 적 인 모순 에 대해 다소 의문 을 가질수 있으나 그냥 게임 벨런스 를 위 한 거 이기도 하고 순수하게 게임 을 즐기기 위 해서는 게임 의 모순 을 감안 하고 규칙 을 따르면 될 뿐입니다 . 싱글 게임 이며 게임 재생 시간 ( 정지 , 1",2018-11-22 04:36:57
294100,RimWorld,positive,재미있는데 시간이 너무 잘 간다,재미있는데 시간 이 너무 잘 간다,2018-11-22 04:10:28
294100,RimWorld,positive,"그래픽으로 속인 게임성, 샌드박스 게임의 정석","그래픽 으로 속인 게임 성 , 샌드박스 게임 의 정석",2018-11-22 03:27:30
294100,RimWorld,positive,게임에 현실 시간 표시 옵션이 있는데는 다 이유가 있다.,게임 에 현실 시간 표시 옵션 이 있는데는 다 이유 가 있다 .,2018-11-21 23:00:03
294100,RimWorld,positive,아직 이 게임을 조금 밖에 안해봤지만 난 충분히 만족한다..^^7,아직 이 게임 을 조금 밖에 안 해봤지만 난 충분히 만족한다 ..^^ 7,2018-11-21 19:27:03
294100,RimWorld,positive,👍,👍,2018-11-21 15:02:43
294100,RimWorld,positive,.,.,2018-11-20 21:42:35
294100,RimWorld,positive,당신의 인생 사이버 주민들의 인생으로 대체되었다,당신 의 인생 사이버 주민 들 의 인생 으로 대체 되었다,2018-11-17 18:52:24
294100,RimWorld,positive,"재미는있다... 200시간이나 했고, 알파때부터 정식버전까지 구독한 모드들이 그걸 증명하니깐, 그런데 게임을 키기전 먼저 머리에 그려보는 원하는 그림들, 그 그림을 게임에 직접 구현해 보고 싶어서 막상 플레이 하면 1시간도 안돼서 지겨워진다. 오래했기에 매너리즘에 빠진거다 생각하지만, 몇년간 알파테스트를 했음에도 정작 정식버전은 알파테스트와 차이라고는 그래픽에서 밖에 볼수없다면, 매너리즘에 빠지는건 당연하지 않나싶다. 그래도.. 갓겜이다.","재미 는 있다 ... 200시간 이나 했고 , 알파 때 부터 정식 버전 까지 구독 한 모드 들 이 그걸 증명 하 니깐 , 그런데 게임 을 키 기전 먼저 머리 에 그려 보는 원하는 그림 들 , 그 그림 을 게임 에 직접 구현 해 보고 싶어서 막상 플레이 하면 1시간 도 안 돼서 지겨워진다 . 오래 했기에 매너리즘 에 빠진거다 생각 하지만 , 몇 년 간 알파 테스트 를 했음에도 정작 정식 버전 은 알파 테스트 와 차이 라고는 그래픽 에서 밖에 볼수 없다면 , 매너리즘 에 빠지는건 당연하지 않나싶다 . 그래도 .. 갓 겜 이다 .",2018-11-17 16:22:42
294100,RimWorld,positive,"처음엔 복잡하고 몰입도 안되고 익숙하지도 않아서 답답함. 특히 연구하면서 '뭐야? 이게 끝이야?' 할수도 있음. 연구하면서 식량생산 효율 증대, 차세대 에어컨 이런거 기대하면 오산임. 이건 걍 낙오된 생존자의 생존플레이가 중심임. 횟불들다가 전기난로 틀수 있는게 컨셉 ㅇㅇ 개인적으로 공략집 읽지 마삼. 공략집 읽고 효율적인 설계랑 각종 최적의 집 구조 공부해와서 개노잼됨. 특히 산속에 집지어라, ~ 지형 골라야 농사 잘짓는다 이런거 보고 와서 그런맵만 골라하다가 생존겜에 생존은 없고 공장겜이 되버림. 그냥 꼴리는데로 부딪히면서 넓","처음 엔 복잡하고 몰입도 안되고 익숙하지도 않아서 답답함 . 특히 연구 하면서 ' 뭐 야 ? 이 게 끝 이야 ?' 할수도 있음 . 연구 하면서 식량 생산 효율 증대 , 차세대 에어컨 이런거 기대하면 오산 임 . 이건 걍 낙오 된 생존자 의 생존 플레이 가 중심 임 . 횟불들다 가 전기난로 틀수 있는게 컨셉 ㅇㅇ 개인 적 으로 공략 집 읽지 마삼 . 공략 집 읽고 효율 적 인 설계 랑 각종 최적 의 집 구조 공부 해와서 개 노잼 됨 . 특히 산속 에 집지어라 , ~ 지형 골 라야 농사 잘 짓는다 이런거 보고 와서 그런 맵 만 골라하다가 생존 겜 에 생존 은 없고 공장 겜 이 되 버림 . 그냥 꼴리는데로 부딪히면서 넓",2018-11-16 23:21:01
294100,RimWorld,positive,응애 나 아기 림붕이 맘망 소파줘,응애 나 아기 림붕 이 맘망 소파 줘,2018-11-16 22:02:31
294100,RimWorld,positive,그냥 졸잼,그냥 졸잼,2018-11-16 16:17:58
294100,RimWorld,positive,나의 첫번째 스팀구매 게임이자 라이브러리에 등록된 유일한 게임입니다. 그래픽이 좋은 3D 게임이 최고인줄 알았는데 그래픽이 2D인데도 정말 재미있습니다. 직딩들은 하기 힘듭니다. 직딩들은 구입하지 마세요. 백수나 시간이 안가서 세상 사는게 무료하신분들에게 추천합니다,나 의 첫 번째 스팀 구매 게임 이자 라이브러리 에 등록 된 유일한 게임 입니다 . 그래픽 이 좋은 3 D 게임 이 최고 인 줄 알았는데 그래픽 이 2 D 인데도 정말 재미있습니다 . 직딩들 은 하기 힘듭니다 . 직딩들 은 구입 하지 마세요 . 백수 나 시간 이 안 가서 세상 사는게 무료 하 신분 들 에게 추천 합니다,2018-11-14 16:20:49
294100,RimWorld,positive,아직 엔딩은 못봤지만 재밌어서 계속 하게 되네요,아직 엔딩 은 못 봤지만 재밌어서 계속 하게 되네요,2018-11-14 01:10:58
294100,RimWorld,positive,갓게임,갓 게임,2018-11-13 22:17:24
294100,RimWorld,positive,림월드는 말이 필요없지 않나요? 평가라고 쓸 말이 없음 그냥 갓겜,림 월드 는 말 이 필요없지 않나요 ? 평가 라고 쓸 말 이 없음 그냥 갓 겜,2018-11-13 22:15:16
294100,RimWorld,positive,재밌음,재밌음,2018-11-13 17:59:17
294100,RimWorld,positive,말이 필요없는 타임 머신 갓겜 고품격 인형놀이 당신의 상상력 모드로 대체되었다.,말 이 필요없는 타임 머신 갓 겜 고품격 인형 놀이 당신 의 상상력 모드 로 대체 되었다 .,2018-11-12 22:45:28
294100,RimWorld,positive,꺼무위키 키고 게임하세요 아님 개빡치니까 갓랜디센 센세가 공병을 유독성 낙진으로 막아줬어요! 개척민들은 자유의 몸이에요!,꺼 무 위키 키 고 게임 하세요 아님 개 빡치니까 갓랜디센 센세가 공병 을 유독 성 낙진 으로 막아 줬어요 ! 개척 민 들 은 자유 의 몸 이에요 !,2018-11-12 16:23:11
294100,RimWorld,positive,즐기고 즐겨도 새로움 저 정도는 해야 튜토리얼인듯ㅋㅋ,즐기고 즐겨도 새 로움 저 정도 는 해야 튜토리얼 인 듯 ㅋㅋ,2018-11-11 22:14:23
294100,RimWorld,positive,진짜 애들이 이상하게 명령을 알아들으면 박격포를 막 쏘고 싶은데 그걸 참고 우주선 태워 보내면 눈물이 콸콸 납니다... 갓게임입니다.,진짜 애 들 이 이상하게 명령 을 알 아 들으면 박격포 를 막 쏘고 싶은데 그걸 참고 우주선 태워 보내면 눈물 이 콸콸 납니다 ... 갓 게임 입니다 .,2018-11-11 05:17:27
294100,RimWorld,positive,아주 잘 플레이하고 있습니다.,아주 잘 플레이 하고 있습니다 .,2018-11-09 22:59:01
294100,RimWorld,positive,개꿀잼,개꿀잼,2018-11-09 20:42:27
294100,RimWorld,positive,사지마세요,사지 마세요,2018-11-09 06:24:10
294100,RimWorld,positive,"잠깐해봤는데, 나이를 먹은듯...","잠깐 해봤는데 , 나이 를 먹은듯 ...",2018-11-09 00:19:30
294100,RimWorld,positive,100시간만에 첫엔딩을 보았다. 검은화면에 글뿐인 성의 없는 엔딩이지만 ... 나긋나긋 들려오는 브금이 깨기전까지의 고통들을 치유해주며 감동이 차오름.. 갓겜 갓겜 아니 시간순삭시키는 떵겜....,100시간 만에 첫 엔딩 을 보았다 . 검은 화면 에 글 뿐 인 성의 없는 엔딩 이지만 ... 나긋나긋 들려오는 브금 이 깨기전까지의 고통 들 을 치유 해주며 감동 이 차오름 .. 갓 겜 갓 겜 아니 시간 순삭 시키는 떵겜 ....,2018-11-08 15:20:23
294100,RimWorld,positive,사지마세요;; 인생을 살아주세요,사지 마세요 ;; 인생 을 살아주세요,2018-11-08 07:43:15
294100,RimWorld,positive,아직 많이 안해봐서 잘 모르겠어요. 잼있는것 같아요,아직 많이 안 해봐서 잘 모르겠어요 . 잼있는것 같아요,2018-11-07 01:34:30
294100,RimWorld,positive,현실을 외면하고 싶을때 킬링타임용으로 할만 함,현실 을 외면 하고 싶을 때 킬링타임 용 으로 할만 함,2018-11-06 11:08:51
294100,RimWorld,positive,아 씨 일요일에 13시간함,아 씨 일요일 에 13시간 함,2018-11-05 19:30:58
294100,RimWorld,positive,환불할려했는데. 엥 16시간이나했네,환불 할려 했는데 . 엥 16시간 이나했네,2018-11-05 07:00:04
294100,RimWorld,positive,My time,My time,2018-11-04 22:04:50
294100,RimWorld,positive,사지말고 인생살아요,사지 말고 인생 살아요,2018-11-04 13:00:58
294100,RimWorld,positive,싱글코어만 갈궈서 로딩이랑 메모리 누수 개 병신같은거만 빼면 모든게 정말 재밌음. 요직게임과 디테일이 있는 생존 정작게임,싱글코어 만 갈궈서 로딩 이랑 메모리 누수 개 병신 같은거만 빼면 모든 게 정말 재밌음 . 요 직 게임 과 디테 일이 있는 생존 정작 게임,2018-11-03 18:02:46
294100,RimWorld,positive,잠깐 해봤는데 할만하네요,잠깐 해봤는데 할만 하네요,2018-11-03 01:08:45
294100,RimWorld,positive,크으으으으 모드질이 시작이다,크 으으 으으 모드 질 이 시작 이다,2018-11-01 20:17:25
294100,RimWorld,positive,가격값하는 갓겜.. 일단 한글화지원부터 마음에듬 게임에서 하나하나알다보면 더욱재밌어진다. 시간순삭게임,가격 값 하 는 갓 겜 .. 일단 한글화 지원 부터 마음 에 듬 게임 에서 하나 하 나 알다 보면 더욱 재밌어진다 . 시간 순삭 게임,2018-11-01 01:06:21
294100,RimWorld,positive,유저가 완성해 나가는 게임. 컨텐츠가 끝이 없어!,유저 가 완성 해 나가는 게임 . 컨텐츠 가 끝 이 없어 !,2018-11-01 00:53:45
294100,RimWorld,positive,스팀 올라오기전부터 했고 지금도 하고있는 갓겜!,스팀 올라오기전부터 했고 지금 도 하고있는 갓 겜 !,2018-10-31 20:46:18
294100,RimWorld,positive,사람잡아먹고 심심하면 불싸질러대던 ....... 놈들을 진정시키다보니 ... 어느새 1.0...,사람 잡아먹고 심심하면 불 싸질러 대던 ....... 놈 들 을 진정 시키다 보니 ... 어느새 1.0 ...,2018-10-30 21:59:23
294100,RimWorld,positive,이 게임의 세계관에서는 초광속 항해 기술은 없습니다. 당신의 시간을 없애버리는 기술은 있습니다.,이 게임 의 세계관 에서는 초광속 항해 기술 은 없습니다 . 당신 의 시간 을 없애 버리는 기술 은 있습니다 .,2018-10-30 21:30:03
294100,RimWorld,positive,개발자 모드의 존재를 몰랐다면 오랫동안 더 즐겁게 플레이할 수 있었을텐데 너무 아쉽다,개발자 모드 의 존재 를 몰랐다면 오랫동안 더 즐겁게 플레이 할 수 있었을텐데 너무 아쉽다,2018-10-30 13:10:10
294100,RimWorld,positive,z,z,2018-10-30 00:41:06
294100,RimWorld,positive,머여 한 2시간 햇나 싶었는데 20시간이 지나있네 .,머 여 한 2시간 햇 나 싶었는데 20시간 이 지나있네 .,2018-10-29 17:50:16
294100,RimWorld,positive,여러분도 하루 25분씩만 플레이하시면 저처럼 완벽한 정착지를 만드실 수 있습니다!,여러분 도 하루 25분 씩만 플레이 하시면 저 처럼 완벽한 정착 지를 만드실 수 있습니다 !,2018-10-29 14:24:27
294100,RimWorld,positive,갓 꿀잼이었따...,갓 꿀 잼이었 따 ...,2018-10-29 09:30:55
294100,RimWorld,positive,갓겜,갓 겜,2018-10-28 17:48:36
294100,RimWorld,positive,진짜 갓겜입니다 이 게임에 EPOE모드인가? 신체부위를 좀 더 세분화시켜주는 모드인데 이거 쓰시면 생존할때 훨씬 편하실거에요. 노예들 잡아서 돈 번다는게 느낌이 확 와요. 덤으로 죽을때 바로 안 죽게 하는 모드도 있던데 그것도 쓰시면 장기적출하실 때 간 위 폐 신장 심장 전부 다 뽑으실 수 있습니다. 모드끼리 잘 맞춰서 컨셉잡고 게임하는 것도 정말 재밌고 시간 뚝딱 일주일만에 100시간 날렸네요. 진짜 36000원 후회 안합니다.,진짜 갓 겜 입니다 이 게임 에 EPOE 모드 인가 ? 신체 부위 를 좀 더 세분 화 시켜주는 모드 인데 이 거 쓰시 면 생존 할 때 훨씬 편하실거에요 . 노예 들 잡아서 돈 번 다는게 느낌 이 확 와요 . 덤 으로 죽 을 때 바로 안 죽게 하는 모드 도 있던데 그것 도 쓰시 면 장기 적 출하실 때 간 위 폐 신장 심장 전부 다 뽑으실 수 있습니다 . 모드 끼리 잘 맞춰서 컨셉 잡고 게임 하는 것 도 정말 재밌고 시간 뚝딱 일주일 만에 100시간 날렸네요 . 진짜 36000원 후회 안 합니다 .,2018-10-28 15:28:47
294100,RimWorld,positive,림붕이들은 또 속았습니다,림붕이들 은 또 속 았습니 다,2018-10-28 13:16:44
294100,RimWorld,positive,나의 플레이에 따라 힘겹게 살아가는 림들의 모습이 인상적이다.,나 의 플레이 에 따라 힘겹게 살아가는 림 들 의 모습 이 인상 적 이다 .,2018-10-28 03:03:52
294100,RimWorld,positive,기본상태로도 100시간에서 그이상으로 충분히 즐길수있는 방대한 컨텐츠 양이 존재하고 그이상의 엄청난양의 모드를 곁들이면 끊임없이 돌려먹을수있는 극혜자 게임,기 본 상태 로 도 100시간 에서 그 이상 으로 충분히 즐길수있는 방대한 컨텐츠 양 이 존재 하고 그 이상 의 엄청난 양 의 모드 를 곁들이면 끊임없이 돌려 먹을수있는 극 혜자 게임,2018-10-28 01:33:22
294100,RimWorld,positive,몰입감 최고다,몰입 감 최고다,2018-10-27 22:40:24
294100,RimWorld,positive,머나먼 미래에 피난민 3명이 외딴 행성에 불시착했습니다. 그들은 생존을 위해 나무로 만든 집을 짓기 시작하고 그들은 열심히 살아가기 위해 노력합니다. 이 3명중에서도 불행한 친구 winne의 이야기를 해보겠습니다. 그녀는 22살이며 광업과 예술을 사랑하고 남들에게는 상냥한 아주 성실한 소녀였습니다. 하지만 그런 그녀에게 불행한 일이 생깁니다. 그녀는 열심히 광업을 하던 도중 광산이 무너져서 두 눈이 으스러지는 사고를 당합니다. 하지만 신기하게도 그녀는 아무일도 없다는 듯이 하루하루를 살아갑니다. 이런 불행한 일을 겪은 w,머나먼 미래 에 피난민 3 명 이 외딴 행성 에 불시 착했습니다 . 그 들 은 생존 을 위해 나무 로 만든 집 을 짓기 시작 하고 그 들 은 열심히 살아가기 위해 노력 합니다 . 이 3 명중 에서도 불행한 친구 winne 의 이야기 를 해보겠습니다 . 그녀 는 22 살이 며 광업 과 예술 을 사랑 하고 남 들 에게는 상냥한 아주 성실한 소녀 였습니다 . 하지만 그런 그녀 에게 불행한 일이 생깁니다 . 그녀 는 열심히 광업 을 하던 도중 광산 이 무너져서 두 눈 이 으 스러지는 사고 를 당합니다 . 하지만 신기하게도 그녀 는 아무 일도 없다는 듯이 하루하루 를 살아갑니다 . 이런 불행한 일 을 겪은 w,2018-10-27 20:21:48
294100,RimWorld,positive,잠깐 해봤는데 그저 그렇네요,잠깐 해봤는데 그저 그렇네요,2018-10-27 12:54:13
294100,RimWorld,positive,30분정도만해봤는데 대충 1시간정도만 더해보고 게임종료해야지,30분 정도만해봤는데 대충 1시간 정도만 더 해보고 게임 종료 해야지,2018-10-27 11:45:09
294100,RimWorld,positive,이 게임을 하고 불면증이 재발했어요,이 게임 을 하고 불면증 이 재발 했어요,2018-10-26 20:07:05
294100,RimWorld,positive,12시에 게임으 켰는데 5시가 되어버린 마술~ 그리고 더러운 메카노이드들.....퉤퉤퉤,12시 에 게임 으 켰는데 5시 가 되어 버린 마술 ~ 그리고 더러운 메 카노 이드 들 ..... 퉤퉤 퉤,2018-10-26 17:52:19
294100,RimWorld,positive,어마어마한 타임머신 열심히 부족을 키워가다가 폭탄쥐 한방에 나가리될 수도 잇음 또 열심히 키워놓으면 레이더들이 바로바로 약탈하러 오는데 흉노족들 같음 샌드박스로 플레이할 수도 잇음,어마어마한 타임머신 열심히 부족 을 키워가다가 폭탄 쥐 한 방 에 나가리 될 수도 잇음 또 열심히 키워놓으면 레이더 들 이 바로바로 약탈 하러 오는데 흉노족 들 같음 샌드박스 로 플레이 할 수도 잇음,2018-10-26 17:51:47
294100,RimWorld,positive,정발하고 샀음. 업무에 지장생김 ㅅㄱ,정발 하고 샀음 . 업무 에 지장 생김 ㅅㄱ,2018-10-25 20:39:56
294100,RimWorld,positive,시작했을때 낮이었는데...?,시작 했을 때 낮이었는데 ...?,2018-10-25 02:44:07
294100,RimWorld,positive,걍 받으세요,걍 받으세요,2018-10-25 00:55:42
294100,RimWorld,positive,판사님도 울고갈 갓겜ㅋㅋㅋ,판사 님 도 울 고갈 갓 겜 ㅋㅋㅋ,2018-10-24 17:49:05
294100,RimWorld,positive,10시간동안 애지중지 가꾼 기지가 순식간에 불타오르는 광경이란...,10시간 동안 애지중지 가꾼 기지 가 순식간 에 불타 오르는 광경 이란 ...,2018-10-24 17:23:12
294100,RimWorld,positive,얼마 안했는데 별로 키고 싶지 않습니다. 이 겜 키면 주말이 사라져요.,얼마 안 했는데 별로 키 고 싶지 않습니다 . 이 겜 키 면 주말 이 사라져요 .,2018-10-24 15:21:00
294100,RimWorld,positive,정 들었던 나의 의술연구가가 총격전에서 과다출혈로 사망했어요. 저는 이 충격에 빠져 한동안 게임을 중단 했습니다. 튜토리얼부터 몇 차례 리트라이 하고 겨우 괜찮은 애들과 정착해서 꽤나 버텼습니다. 그런데 그동안 이놈들과 정이 들었나 봅니다. 의술연구가는 의술과 연구가 높아서 이름을 이렇게 붙여주었습니다. 나이도 21살이라 오래 함께하리라 생각했어요. 의술연구가는 정말 큰 역할을 해주었습니다. 총도 나름 잘쐈거든요. 구출작전과 외교까지 모든 곳에서 리더나 다름없는 존재였어요. 그런데 이렇게 죽어버리다니... 믿을 수 없습니다. 의,정 들었던 나 의 의술 연구 가가 총 격전 에서 과 다 출혈 로 사망 했어요 . 저 는 이 충격 에 빠져 한동안 게임 을 중단 했습니다 . 튜토리얼 부터 몇 차례 리트 라이 하고 겨우 괜찮은 애 들 과 정착 해서 꽤 나 버텼습니다 . 그런데 그동안 이 놈 들 과 정이 들었나 봅니다 . 의술 연 구가 는 의술 과 연구 가 높아서 이름 을 이렇게 붙여주었습니다 . 나이 도 21 살이 라 오래 함께하리라 생각 했어요 . 의술 연 구가 는 정말 큰 역할 을 해주었습니다 . 총 도 나름 잘 쐈거든요 . 구출 작전 과 외교 까지 모든 곳 에서 리더 나 다름없는 존재 였어요 . 그런데 이렇게 죽어 버리다니 ... 믿을 수 없습니다 . 의,2018-10-23 16:15:25
294100,RimWorld,positive,재밋다,재밋다,2018-10-23 11:21:16
294100,RimWorld,positive,정말 재미있다..시간이 녹는다 녹아,정말 재미있다 .. 시간 이 녹는다 녹아,2018-10-22 20:26:39
294100,RimWorld,positive,뭐야씨발 아침인데 왜 창밖ㅣ이 깜깜하냐?,뭐 야 씨발 아침 인데 왜 창밖 ㅣ 이 깜깜 하냐 ?,2018-10-22 18:19:37
294100,RimWorld,positive,어디 원정나가기도 빡신 초반.. 부품 모으기 너무 힘드네요 자급자족도 못하고 .. 부품 들어가는 제작품들 만들기도 힘드고..,어디 원정 나가기도 빡신 초반 .. 부품 모으기 너무 힘드네요 자급자족 도 못 하고 .. 부품 들어가는 제 작품 들 만들기 도 힘드고 ..,2018-10-22 03:21:52
294100,RimWorld,positive,킬링타임용으로 개좋아,킬링타임 용 으로 개 좋아,2018-10-21 21:06:29
294100,RimWorld,positive,생긴 것 치고 돈값하는 게임,생긴 것 치고 돈값 하 는 게임,2018-10-21 18:16:57
294100,RimWorld,positive,갓겜,갓 겜,2018-10-21 15:52:06
294100,RimWorld,positive,꿀-잼,꿀 - 잼,2018-10-21 14:17:56
294100,RimWorld,positive,그래요.. 저도 이게임에 노예가 되었습니다.,그래요 .. 저 도 이 게임 에 노예 가 되었습니다 .,2018-10-20 23:55:17
294100,RimWorld,positive,스팀에서 할인 안할 때 샀던 최초의 게임,스팀 에서 할인 안 할 때 샀던 최초 의 게임,2018-10-20 11:56:20
294100,RimWorld,positive,모드를 깔면 더이상 그건 림월드가 아니다,모드 를 깔면 더 이상 그건 림 월드 가 아니다,2018-10-20 10:03:23
294100,RimWorld,positive,몇일 안해서그런지 아직 초반이라 재밌는지 잘 모르겠네요,몇 일 안 해서 그런지 아직 초반 이라 재밌는지 잘 모르겠네요,2018-10-20 09:44:47
294100,RimWorld,positive,시작하시면 문명이상의 타임머신을 만나시게 됩니다.,시작 하시면 문명 이상 의 타임머신 을 만나시게 됩니다 .,2018-10-20 02:24:00
294100,RimWorld,positive,진짜 아기자기하게 재미있는 게임임. 근데 설정자체가 디테일이 정말 좋음. 개인적으로는 대기업이 판권사서 그래픽 쌉오지게 리메이크 했으면 함.,진짜 아기자기하게 재미있는 게임 임 . 근데 설정 자체 가 디테 일이 정말 좋음 . 개인 적 으로는 대기업 이 판권 사서 그래픽 쌉오지게 리메이크 했으면 함 .,2018-10-19 18:56:47
294100,RimWorld,positive,잠깐 해봤는데 할 만 하네요.,잠깐 해봤는데 할 만 하네요 .,2018-10-19 17:28:02
294100,RimWorld,positive,잠깐 해봤는데 그저 그래요.,잠깐 해봤는데 그저 그래요 .,2018-10-19 05:26:04
294100,RimWorld,positive,"1.0 버전이 되었다길래 다시 시작했습니다. 오래간만에 다시해서 몇번을 망한뒤 깨달음을 얻었죠 평지, 툰드라 스타트는 아직 나에게는 이르다는 것 떼로 몰려있거나 3마리 이상의 코끼리, 코뿔소는 잘생각하고 사냥해야 하는 것 집안에 곤충군락이 생겼을 때를 대비하여 이동 통로를 넓게 잡아야 하는 것 림이 늘어나면 기름진토양이 없어도 재배영역을 넓혀야 하는 것 폭탄짐승들은 비올때 싹쓸이 해둬야 하는 것 *태양등 1개 필요전력이 지열발전기 1개랑 맞먹는 것* 방화광은 여전히 아름다워 즉결처형해야 한다는 것 입니다.","1.0 버전 이 되었다길래 다시 시작 했습니다 . 오래간만 에 다시 해서 몇번 을 망한 뒤 깨달음 을 얻었죠 평지 , 툰드라 스타트 는 아직 나 에게는 이르다는 것 떼 로 몰려있거나 3 마리 이상 의 코끼리 , 코뿔소 는 잘 생각 하고 사냥 해야 하는 것 집안 에 곤충 군락 이 생겼을 때 를 대비 하여 이동 통로 를 넓게 잡아야 하는 것 림 이 늘어나면 기름 진토 양 이 없어도 재배 영역 을 넓혀야 하는 것 폭탄 짐승 들 은 비올 때 싹 쓸이 해 둬야 하는 것 * 태양 등 1 개 필요 전력 이 지 열 발전기 1 개 랑 맞먹는 것 * 방화 광 은 여전히 아름다워 즉결 처형 해야 한다는 것 입니다 .",2018-10-19 05:15:39
294100,RimWorld,positive,최고의 콜로니 시뮬레이터. 인디 게임 친구 믿고 속는셈치고 샀는데 내 인생 최고의 30불이었다. 돈 아까워도 이틀 굶고 아낀 식비로라도 사봐야함.,최고 의 콜로니 시뮬레이터 . 인디 게임 친구 믿고 속 는 셈 치고 샀는데 내 인생 최고 의 30 불이었다 . 돈 아까워도 이틀 굶고 아낀 식비 로라 도 사봐 야함 .,2018-10-19 03:20:25
294100,RimWorld,positive,아직 부족해 더 해야해,아직 부족해 더 해야해,2018-10-19 01:53:09
294100,RimWorld,positive,"최고, 시간이 너무 잘가요.. 무서워서 많이 못하겠어요","최고 , 시간 이 너무 잘가요 .. 무서워서 많이 못 하겠어요",2018-10-18 23:12:26
294100,RimWorld,positive,언제나 최고였던 게임,언제나 최고 였던 게임,2018-10-18 23:03:43
294100,RimWorld,positive,"산지 두달만에 200시간넘게 함 시상에,,,","산지 두 달 만에 200시간 넘게 함 시상 에 ,,,",2018-10-18 22:15:46
294100,RimWorld,positive,드워프 포트리스에 높낮이 층구별을 제거하고 여러가지를 간편화시키면서 UI와 그래픽이 엄청 업된느낌 딱 하나 아쉬운게 있다면 행성에 세력묘사가 좀 제대로 표현됐으면 했다. 그거만 빼곤 다 만족,드워프 포트리스 에 높낮이 층 구별 을 제거 하고 여러가지 를 간편 화 시키면서 UI 와 그래픽 이 엄청 업 된 느낌 딱 하나 아쉬운게 있다면 행성 에 세력 묘사 가 좀 제대로 표현 됐으면 했다 . 그거 만 빼곤 다 만족,2018-10-18 21:46:06
294100,RimWorld,positive,타운즈랑 좀 비슷하긴 한데 식량소모가 심각하다다 아직도 숙지가 부족해서 클리어 못함... 병충해 나쁜놈,타운 즈 랑 좀 비슷하긴 한데 식량 소모 가 심각하다다 아직도 숙지 가 부족해서 클리어 못 함 ... 병충해 나쁜 놈,2018-10-18 21:31:58
294100,RimWorld,positive,첫 영상에 위성 포격 나오는데 기본 바닐라 무기인가욛,첫 영상 에 위성 포격 나오는데 기본 바닐라 무기 인가 욛,2018-10-18 20:54:53
294100,RimWorld,positive,천국과 지옥을 넘나드는 꿀잼 운영게임,천국 과 지옥 을 넘나 드는 꿀잼 운영 게임,2018-10-18 20:27:37
294100,RimWorld,positive,얼마 안해봤지만 재밋네요,얼마 안 해봤지만 재밋네 요,2018-10-18 19:27:48
294100,RimWorld,positive,이게임이 주말을 삭제시킨다고 짜증난다면 평일을 삭제시켜보세요 눈뜨면 주말입니다,이 게임 이 주말 을 삭제 시킨다고 짜증난다면 평일 을 삭제 시켜 보세요 눈뜨면 주말 입니다,2018-10-18 17:39:14
294100,RimWorld,positive,내 시간 ㅇㄷ,내 시간 ㅇㄷ,2018-10-18 16:25:58
294100,RimWorld,positive,이제 거의 700시간을 달성해가는 림월드 유저입니다 이 게임은 모드가 풍부해서 플레이타임이 길기 떄문에 할인할때 사시면 제대로 뽕은 뽑습니다 처음에는 힘들지도 모르겠지만 어느정도 하다보면 꽤나 재미있게 플레이 할 수 있습니다 물론 빡침도 있겠지만 이런 부분이 있어서 게임을 좀더 재밌게하는거 같습니다 또한 자주 업데이트 되기 떄문에 업뎃마다 플레이 해보는것도 쏠쏠합니다 단 박진감이 넘친다 라는 개념은 조금 부족하기에 화려한 액션을 기대하시는 분은 이 게임과는 거리가 멀다고 느껴집니다 좀더 재밌게 플레이 하시고 싶으신분들에게,이제 거의 700시간 을 달성 해가는 림 월드 유저 입니다 이 게임 은 모드 가 풍부해서 플레이 타임 이 길기 떄문 에 할인 할 때 사시 면 제대로 뽕 은 뽑습니다 처음 에는 힘들지도 모르겠지만 어느 정도 하다 보면 꽤 나 재미있게 플레이 할 수 있습니다 물론 빡침도 있겠지만 이런 부분 이 있어서 게임 을 좀더 재밌게하는거 같습니다 또한 자주 업데이트 되기 떄문 에 업뎃 마다 플레이 해보는것도 쏠쏠합니다 단 박진 감 이 넘친다 라는 개념 은 조금 부족하기에 화려한 액션 을 기대하시는 분 은 이 게임 과는 거리 가 멀다고 느껴집니다 좀더 재밌게 플레이 하시고 싶으 신분 들 에게,2018-10-18 15:02:33
294100,RimWorld,positive,왜... 하필 시험기간에... ㅈ졌다..,왜 ... 하필 시험 기간 에 ... ㅈ 졌다 ..,2018-10-18 15:00:36
294100,RimWorld,positive,이 게임은 당신이 아무리 안전하게 플레이하려 해도 뒤통수를 후려갈길 것입니다.,이 게임 은 당신 이 아무리 안전하게 플레이 하려 해도 뒤통수 를 후려 갈길 것 입니다 .,2018-10-18 14:57:53
294100,RimWorld,positive,갓겜인데 정식 발매 기념으로 한판 해보쉴?,갓 겜 인데 정식 발매 기념 으로 한판 해보 쉴 ?,2018-10-18 13:12:20
294100,RimWorld,positive,지금 사면 평생 할 수 있는 게임입니다. 물론 타임머신 기능이 있어서 게임 사는 순간 몇 십년이 지나가는게 문제죠.,지금 사면 평생 할 수 있는 게임 입니다 . 물론 타임머신 기능 이 있어서 게임 사는 순간 몇 십년 이 지나가는게 문제 죠 .,2018-10-18 12:45:39
294100,RimWorld,positive,곤충 군락 개ㅅ끼,곤충 군락 개 ㅅ 끼,2018-10-18 12:16:17
294100,RimWorld,positive,엔딩만 보려고 켰는데 160시간이 사라지는 게임,엔딩 만 보려고 켰는데 160시간 이 사라지는 게임,2018-10-18 10:49:27
294100,RimWorld,positive,처음에 아무것도 모르고 게임했을땐 많이 어려웠지만 게임을 해가면서 더 재밌어지는 게임,처음 에 아무 것 도 모르고 게임 했을 땐 많이 어려웠지만 게임 을 해가면서 더 재밌어지는 게임,2018-10-18 10:13:37
294100,RimWorld,positive,처음엔 재밌는데 쫌 하다보면 지루해질거 같네요.,처음 엔 재밌는데 쫌 하다 보면 지루해질 거 같네요 .,2018-10-18 06:04:23
294100,RimWorld,positive,결격사항에 소방있는 림은 절대 받지 말것. 그것만 지켜도 기지가 불바다가 되는건 막을수 있다. 모르고 받아버렸다? 걍 죽여라. 무드 패널티 받는게 백배 낫다.,결격 사항 에 소방 있는 림 은 절대 받지 말것 . 그것 만 지켜도 기지 가 불 바다 가 되는건 막을수 있다 . 모르고 받아 버렸다 ? 걍 죽여라 . 무드 패널 티 받는게 백배 낫다 .,2018-10-18 02:20:10
294100,RimWorld,positive,얼리엑세스의 귀감! 워크샵과 함께라면 시간여행을 할수있습니다,얼리 엑세스 의 귀감 ! 워크샵 과 함께라면 시간여행 을 할수있습니다,2018-10-18 01:55:24
294100,RimWorld,positive,와... 감격의 1.0,와 ... 감격 의 1.0,2018-10-18 01:09:07
294100,RimWorld,positive,제 플탐은 지극히 정상입니다.,제 플 탐은 지극히 정상 입니다 .,2018-10-17 03:17:39
294100,RimWorld,positive,재밋당,재밋당,2018-10-16 23:18:35
294100,RimWorld,positive,한글 이제 전부 지원되는건가..... 뭔가 편해졌네....,한글 이제 전부 지원 되는 건가 ..... 뭔가 편해졌네 ....,2018-10-15 21:30:17
294100,RimWorld,positive,좀만 해봤는데 재미있네요 ㅎㅎ,좀 만 해봤는데 재미있네요 ㅎㅎ,2018-10-14 13:27:32
294100,RimWorld,positive,업데이트 이후 새 월드를 만들 수가 없습니다.. 해결좀.. 재미는 있어요..,업데이트 이후 새 월드 를 만들 수가 없습니다 .. 해결 좀 .. 재미 는 있어요 ..,2018-10-14 10:18:48
294100,RimWorld,positive,:),:),2018-10-13 13:52:20
294100,RimWorld,positive,그저 림월드했을 뿐...,그저 림 월드 했을 뿐 ...,2018-10-13 13:31:29
294100,RimWorld,positive,할인안해도 살만하다 재밋다,할인 안해 도 살 만하 다 재밋다,2018-10-13 10:57:57
294100,RimWorld,positive,3배속 켜놓으면 현실시간도 3배속으로 흘러가는 게임 시간 잡아먹는 괴물 문명도 이것보단 덜한데.... 게임계의 타디스,3 배속 켜놓으면 현 실시간 도 3 배속 으로 흘러가는 게임 시간 잡아먹는 괴물 문명 도 이 것 보단 덜한데 .... 게임 계 의 타디스,2018-10-12 03:31:16
294100,RimWorld,positive,"훌륭한 게임. 5년 반이 넘는 시간이 흘러 드디어 정식판이 되었다. 참고로 이 게임은 할인한 적이 없으므로, 할인을 기다리는 것은 미련한 선택이다. 게임 본 판 자체도 꽤나 훌륭하지만, 모드를 통한 확장성이 어마어마 하다. 패치도 꽤나 성실하게 이루어지는 편.","훌륭한 게임 . 5년 반 이 넘는 시간 이 흘러 드디어 정식 판이 되었다 . 참고 로 이 게임 은 할인 한 적 이 없으므로 , 할인 을 기다리는 것 은 미련 한 선택 이다 . 게임 본 판 자체 도 꽤 나 훌륭하지만 , 모드 를 통한 확장 성 이 어마 어마 하다 . 패치 도 꽤 나 성실하게 이루어지는 편 .",2018-10-09 15:20:25
294100,RimWorld,positive,"림월드 베타18을 철인모드(자동세이브만 됨)로 모드들도 이것저것 깔아서 M4A1과 M16, M14를 든 지정사수 3명과 WA2000을 든 저격수 그리고 블리칭해머를 든 근접레인저로 구성된, 심지어 모든 무장은 고급 이상의 레어도만 장착한 디버그 안키고 꾸역꾸역 만든, 누가 와도 안질것같은 이 군대패거리가 멸망했습니다. 과연 누가 멸망시켰을까요? 1) 강력한 번식력과 전투력의 거대곤충군락 2) 인류의 적, 메카로이드들 3) 완전 무장한 해적들 4) 옆 도시 군부대의 침략 전부 틀렸습니다. 정답은 6마리의 식인 고양이들입니다.","림 월드 베타 18 을 철인 모드 ( 자동 세이브 만 됨 ) 로 모드 들 도 이 것 저 것 깔아서 M 4 A 1 과 M 16 , M 14 를 든 지정사수 3 명과 WA 2000 을 든 저격수 그리고 블리칭해머 를 든 근접 레인저 로 구성 된 , 심지어 모든 무장 은 고급 이상 의 레어도 만 장 착한 디버그 안키 고 꾸역꾸역 만든 , 누가 와도 안질것 같은 이 군대 패거리 가 멸망했습니다 . 과연 누가 멸망 시켰을까요 ? 1 ) 강력한 번식 력 과 전투력 의 거대 곤충 군락 2 ) 인류 의 적 , 메카 로 이드 들 3 ) 완전 무장 한 해적 들 4 ) 옆 도시 군부 대의 침략 전부 틀렸습니다 . 정답 은 6 마리 의 식인 고양이 들입니다 .",2018-10-08 06:00:56
294100,RimWorld,positive,운빨흥망겜,운빨 흥망 겜,2018-10-08 01:35:32
294100,RimWorld,positive,재밌음,재밌음,2018-10-07 10:53:38
294100,RimWorld,positive,바빠서 요즘 못 하고 있고 옛날도 바빴지만 100시간이 후딱감. 별거 안했는데 안했는데 벌써 100시간이야...,바빠서 요즘 못 하고 있고 옛날 도 바빴지만 100시간 이 후딱 감 . 별거 안 했는데 안 했는데 벌써 100시간 이야 ...,2018-10-04 22:22:20
294100,RimWorld,positive,방화광은 안됩니다,방화 광 은 안됩니다,2018-10-04 20:22:09
294100,RimWorld,positive,오줌 마려워도 화장실을 안가게 되는 게임이여..,오줌 마려워 도 화장실 을 안 가게 되는 게임 이여 ..,2018-10-04 18:12:01
294100,RimWorld,positive,츄라이 츄라이 림월드 츄라이,츄 라이 츄 라이 림 월드 츄 라이,2018-10-04 13:58:46
294100,RimWorld,positive,이거 깔고 귀찮아서 담배사러 한번도 안감 덕분에 담배끊게생김 힛,이 거 깔고 귀찮아서 담배 사러 한번 도 안감 덕분 에 담배 끊게 생김 힛,2018-10-04 01:42:11
294100,RimWorld,positive,재미 없어요 솔찍히 더이상 할게 없네요,재미 없어요 솔 찍히 더 이상 할게 없네요,2018-10-04 00:34:46
294100,RimWorld,positive,시간삭제,시간 삭제,2018-10-03 22:19:03
294100,RimWorld,positive,악마의 게임,악마 의 게임,2018-10-03 16:07:38
294100,RimWorld,positive,당신의 다리 목발로 대체되었다,당신 의 다리 목발 로 대체 되었다,2018-10-03 10:34:29
294100,RimWorld,positive,씹덕 모드 많으니까 하렘을 만들어 보세요,씹덕 모드 많으니까 하렘 을 만들어 보세요,2018-10-03 00:27:20
294100,RimWorld,positive,"고백하자면... 복돌이로 하다가 너무 갓겜이라 안살수가 없었던 게임.... 랜디 철인 빙상 1인플, 고열사막 1인플 등등 하다하다 보면 결국 올랜덤 1인플 같은거 하면서 희열 느끼는 변태가 되어감...","고백 하자면 ... 복돌이 로 하다가 너무 갓 겜 이라 안 살수가 없었던 게임 .... 랜디 철인 빙상 1 인 플 , 고 열 사막 1 인 플 등등 하다하다 보면 결국 올 랜덤 1 인 플 같은거 하면서 희 열 느끼는 변태 가 되 어감 ...",2018-09-30 20:22:58
294100,RimWorld,positive,쓸모없는 인간은 소파로 만들어버리라는 교훈을 주는 게임,쓸모없는 인간 은 소파 로 만들어 버리라는 교훈 을 주는 게임,2018-09-30 15:46:06
294100,RimWorld,positive,일단 바닐라도 재미있지만 모드를 깔면 더욱 재미있다. 맨처음 할때 바닐라로 우주선 보고 차근차근 하는것을 추천 하다보면 시간 정말 빨리간다.,일단 바닐라 도 재미있지만 모드 를 깔면 더욱 재미있다 . 맨 처음 할 때 바닐라 로 우주선 보고 차근차근 하는것을 추천 하다 보면 시간 정말 빨리 간다 .,2018-09-29 18:44:02
294100,RimWorld,positive,잠깐 해봤는데 재밌네요,잠깐 해봤는데 재밌네요,2018-09-28 23:50:11
294100,RimWorld,positive,18년 추석에도 이거 하면서 보냈는데 19년 설날도 이거 하면서 보낼것 같아요.,18년 추석 에도 이 거 하면서 보냈는데 19년 설날 도 이 거 하면서 보낼것 같아요 .,2018-09-26 23:36:48
294100,RimWorld,positive,나같은사람이 많구나 내플탐은 지극히 정상이었어어 내인생최고의 게임,나 같은 사람 이 많구나 내 플 탐은 지극히 정상 이었어어 내 인생 최고 의 게임,2018-09-25 22:19:35
294100,RimWorld,positive,아니 쪼금만 한다고 한다는게.. 8시간이 지났내...? 이럴리가 없습니다. 시간이 이렇게 증발할리가 없다 이말입니다!!,아니 쪼금 만 한다고 한다는 게 .. 8시간 이 지났내 ...? 이럴 리가 없습니다 . 시간 이 이렇게 증발 할리 가 없다 이 말 입니다 !!,2018-09-22 16:03:37
294100,RimWorld,positive,왜 적은 돌격소총 12발을 쳐맞아도 말짱하고 우리 거주민은 리볼버 한발에 심장 뚫리고 뒈지죠?,왜 적은 돌격소총 12 발 을 쳐 맞아도 말짱하고 우리 거 주민 은 리볼버 한 발 에 심장 뚫리고 뒈지죠 ?,2018-09-21 00:19:47
294100,RimWorld,positive,림월드=루시페륨,림 월드 = 루시 페륨,2018-09-20 20:05:56
294100,RimWorld,positive,갓-겜. 근데 할인좀 해라 ㅅㅂ,갓 - 겜 . 근데 할인 좀 해 라 ㅅㅂ,2018-09-20 17:00:32
294100,RimWorld,positive,I love this game :),I love this game :),2018-09-19 20:52:27
294100,RimWorld,positive,아직도 이게임 알아가는 중입니다 ㅋㅋ 강추해요!,아직도 이 게임 알아가는 중 입니다 ㅋㅋ 강 추해요 !,2018-09-19 19:03:28
294100,RimWorld,positive,"내가 하고싶은 한마디, '이미친게임' 랜극철하면 언제나 나를 실망시키지않아요 이 미친게임은","내 가 하고싶은 한마디 , ' 이 미친 게임 ' 랜 극 철 하 면 언제나 나를 실망 시키지 않아요 이 미친 게임 은",2018-09-19 16:45:00
294100,RimWorld,positive,컨셉질하기 너무 좋다.. 여러가지 샌드박스 모드로 혼자놀기 딱 좋음 헿헿...,컨셉 질하기 너무 좋다 .. 여러가지 샌드박스 모드 로 혼자놀기 딱 좋음 헿 헿 ...,2018-09-18 06:06:35
294100,RimWorld,positive,시끄러 난 옥수수만 키울거야,시끄러 난 옥수수 만 키울거야,2018-09-17 09:43:20
294100,RimWorld,positive,"이런 당신에게 추천드립니다. - 주말을 존 씨나 필요없게 눈 깜빡하면 사라지게 만들고 월요일날 출근하고 싶으신 분들 - 할게 정말 없는 백수 - 모드 제작에 뛰어난 소질이 있으신 분들 - 아니면 캐릭터가 고통받는 것이 좋은 분들 이 게임의 장점은 메모리를 아주 덜먹는다는 것과 것보기엔 단순해보이는 그래픽임에도 불구하고 빠져들게 되는 게임이고, 이 게임의 단점은 그것을 모두 내 귀중한 주말을 뺏어먹는데 쓴다는 것입니다. 아직 앞서해보기 단계라고 하지만 실질적으로 이 게임에서는 키우던 주민들이 어떠한 이유로든 몰살되거나, 해적","이런 당신 에게 추천 드립니다 . - 주말 을 존 씨 나 필요없게 눈 깜빡 하면 사라지게 만들고 월요일 날 출근 하고 싶으신 분들 - 할게 정말 없는 백수 - 모드 제작 에 뛰어난 소질 이 있으신 분들 - 아니면 캐릭터 가 고통 받는 것 이 좋은 분들 이 게임 의 장점 은 메모리 를 아주 덜 먹는다는 것 과 것 보기 엔 단순해 보이는 그래픽 임 에도 불구 하고 빠져들게 되는 게임 이고 , 이 게임 의 단점 은 그것 을 모두 내 귀중한 주말 을 뺏어 먹는데 쓴다는 것 입니다 . 아직 앞서 해보기 단계 라고 하지만 실질 적 으로 이 게임 에서는 키우던 주민 들 이 어떠한 이 유로 든 몰살 되거나 , 해적",2018-09-17 01:06:40
294100,RimWorld,positive,매우 재미짐 타임머신임 시간가는줄 모르겠어요,매우 재미 짐 타임머신 임 시간 가는줄 모르겠어요,2018-09-12 11:36:18
294100,RimWorld,positive,30000원으로 타임머신을 샀다,30000원 으로 타임머신 을 샀다,2018-09-10 08:47:48
294100,RimWorld,positive,ㅋㅋㅋ 이런 게임 뭐가 재밌다고 ㅋㅋㅋ 금방 질림,ㅋㅋㅋ 이런 게임 뭐 가 재밌다고 ㅋㅋㅋ 금방 질림,2018-09-08 17:03:57
294100,RimWorld,positive,거의 완벽한 게임. 수많은 모드로 무한한 가능성을 가진 플레이가 가능함. 이게 진짜 창조경제,거의 완벽한 게임 . 수많은 모드 로 무한 한 가능성 을 가진 플레이 가 가능함 . 이 게 진짜 창조경제,2018-09-07 14:42:59
294100,RimWorld,positive,이 게임은 강력 비추합니다. 하면 하루가 사라져요! 아주 개가터,이 게임 은 강력 비추 합니다 . 하면 하루 가 사라져요 ! 아주 개 가터,2018-09-06 17:34:27
294100,RimWorld,positive,빛.. 갓.. 대.. 우리월드......,빛 .. 갓 .. 대 .. 우리 월드 ......,2018-09-05 23:59:45
294100,RimWorld,positive,오늘도 새로운 지구를 만들러 갑니다,오늘 도 새로운 지구 를 만들러 갑니다,2018-09-05 21:22:00
294100,RimWorld,positive,"SCI-FI 시뮬레이션 게임. 게임의 목표는 우주선을 만들어서 탈-행성하는 겁니다. 그러나 이 게임의 진정한 목표는 우주'해적왕'입니다. 총기를 만들어, 림들을 사냥하십쇼. 아끼는 림이 총에 맞아, 사경을 헤멘다고요? 포로의 장기를 적출해서 갈아끼우십쇼 림들이 전투력이 낮다구요? 강화 팔, 다리를 붙여서 슈퍼 솔져를 만드십쇼 마약, 살인, 방화, 인신매매, 전쟁 모든 걸 할 수 있습니다.","SCI - FI 시뮬레이션 게임 . 게임 의 목표 는 우주선 을 만들어서 탈 - 행성 하는 겁니다 . 그러나 이 게임 의 진정한 목표 는 우주 ' 해적 왕 ' 입니다 . 총기 를 만들어 , 림 들 을 사냥 하십 쇼 . 아끼는 림 이 총 에 맞아 , 사경 을 헤 멘다고요 ? 포로 의 장기 를 적 출 해서 갈아 끼우십 쇼 림 들 이 전투력 이 낮다구요 ? 강화 팔 , 다리 를 붙여서 슈퍼 솔져 를 만드십 쇼 마약 , 살인 , 방화 , 인신매매 , 전쟁 모든 걸 할 수 있습니다 .",2018-09-05 12:55:19
294100,RimWorld,positive,"이게임을 하게된다면 안정된 문명, 에너지 자원의 소중함과 우리가 먹는 모든 식품의 소중함을 깨닫게 됨니다. 그리고 인간 말종 소시오패스(직설적)와 쓸데없이 잘생긴 사람, 파이로매니악 약물중독자 같은 사회악들에 대한 혐오감도 길러준답니다.","이 게임 을 하게 된다면 안정 된 문명 , 에너지 자원 의 소중함과 우리 가 먹는 모든 식품 의 소중함을 깨닫게 됨니다 . 그리고 인간 말종 소시오패스 ( 직설 적 ) 와 쓸데없이 잘생긴 사람 , 파이 로 매니악 약물중독 자 같은 사회 악 들 에 대한 혐오 감도 길러 준답니다 .",2018-09-04 20:51:39
294100,RimWorld,positive,말이 필요없는 갓겜,말 이 필요없는 갓 겜,2018-09-04 12:00:40
294100,RimWorld,positive,200시간 넘게했는데 질리지 않음. 시간이 너무빨리감... 창작마당에서 모드도 깔고 하면 더 재미있는듯. 컨셉잡고 하면 잼나^_~,200시간 넘게 했는데 질리 지 않음 . 시간 이 너무 빨리 감 ... 창작 마당 에서 모드 도 깔고 하면 더 재미있는듯 . 컨셉 잡고 하면 잼 나 ^_~,2018-09-03 20:11:09
294100,RimWorld,positive,할인도 안하고 주말 자꾸 없애는 이딴겜 사지마세요. 전 이미 늦었습니다...,할인 도 안 하고 주말 자꾸 없애는 이딴 겜 사지 마세요 . 전 이미 늦었습니다 ...,2018-09-03 16:38:31
294100,RimWorld,positive,이상해... 이상하다고 난 그렇게 재밌는 것을 모르겠는데 왜 플레이 시간이...?,이상해 ... 이상하다고 난 그렇게 재밌는 것 을 모르겠는데 왜 플레이 시간 이 ...?,2018-09-03 14:49:58
294100,RimWorld,positive,이거 미래로가는 타임머신을 또 하나 구매해버렸구나,이 거 미래 로 가는 타임머신 을 또 하나 구매 해 버렸구나,2018-09-03 09:55:27
294100,RimWorld,positive,심즈 심시티같은것만 하다가 평듣고 해봤는데 돈이 안아깝다... 튜토리얼이 나한텐 불친절했지만 알아가는 재미가 있음,심즈 심시티 같은것만 하다가 평 듣고 해봤는데 돈 이 안 아깝다 ... 튜토리얼 이 나 한텐 불친절했지만 알아가는 재미 가 있음,2018-09-01 15:09:06
294100,RimWorld,positive,"내 인생게임들 중 하나! 새 게임을 할 때마다, 스타일을 바꿔서 플레이 할 때 마다 게임이 달라지는 느낌이다. 샌드박스형식의 게임이지만 시련이 많아서 로그라이크 같은 느낌이 들 때도 있다.","내 인생게임 들 중 하나 ! 새 게임 을 할 때 마다 , 스타일 을 바꿔서 플레이 할 때 마다 게임 이 달라지는 느낌 이다 . 샌드박스 형식 의 게임 이지만 시련 이 많아서 로그라이크 같은 느낌 이 들 때 도 있다 .",2018-08-30 10:39:49
294100,RimWorld,positive,행성에 착륙한뒤 인생을 살다가 우주선쏘아 저 머나먼 우주로 보내고 엔딩 노래를 들을때 남는 여운은 해본 사람만 안다.,행성 에 착륙 한 뒤 인생 을 살다가 우주선 쏘아 저 머나먼 우주 로 보내고 엔딩 노래 를 들을 때 남는 여운 은 해본 사람 만 안다 .,2018-08-29 08:46:18
294100,RimWorld,positive,"진입장벽이 조금 있는 게임. 튜토리얼을 깨도 처음엔 뭐가 뭔지 몰라서 한참을 헤맨다. 하지만 어느 정도 맛들리면 꽤나 재밌어짐. 여느 게임이나 다 그렇겠지만 이 게임은 조금 더 심함. 진입장벽도 높고 그 수준을 넘은 뒤 찾아오는 재미도 크고. 처음할 땐 카산드라 클래식, 입문 난이도, 해안가를 낀 건조관목림으로 엔딩을 본 이후 난이도를 높여나가는 걸 추천. 건조관목림 지형은 영구적 여름이라 온도 신경 안써도 돼서 좋음. 초반 재능 붙은 림 데려가는건 취향이겠지만 필자는 연구 건설 의학 제작 데려감. 절대 피해야할 특성으론","진입 장벽 이 조금 있는 게임 . 튜토리얼 을 깨도 처음 엔 뭐 가 뭔 지 몰라서 한참 을 헤맨다 . 하지만 어느 정도 맛 들리면 꽤 나 재밌어 짐 . 여느 게임 이나 다 그렇겠지만 이 게임 은 조금 더 심함 . 진입 장벽 도 높고 그 수준 을 넘은 뒤 찾아오는 재미 도 크고 . 처음 할 땐 카산드라 클래식 , 입문 난이도 , 해안가 를 낀 건조 관목 림 으로 엔딩 을 본 이후 난이도 를 높여 나가는 걸 추천 . 건조 관목 림 지형 은 영구 적 여름 이라 온도 신경 안 써도 돼서 좋음 . 초반 재능 붙은 림 데려가는건 취향 이겠지만 필자 는 연구 건설 의학 제작 데려감 . 절대 피해 야할 특성 으론",2018-08-29 08:03:10
294100,RimWorld,positive,남들이 하지말라했을 때 하지 말아야했다.. 문명보다 중독성 너무 심하다.. 정신차리고보니 일주일이 지났다..,남 들 이 하지말라 했을 때 하지 말 아 야했다 .. 문명 보다 중독 성 너무 심하다 .. 정신차리고 보니 일주일 이 지났다 ..,2018-08-27 10:52:08
294100,RimWorld,positive,대충봤을땐 그냥 그런게임같겠지만 일단 키고난뒤 정신을 차렸을땐 이미 미래세계에 도착해있을거임,대충 봤을 땐 그냥 그런 게임 같겠지만 일단 키 고난 뒤 정신 을 차렸을 땐 이미 미래세 계 에 도착 해있을거 임,2018-08-26 21:36:18
294100,RimWorld,positive,도저히 잊지 못하고 다시 돌아오게 만드는 최고의 게임,도저히 잊지 못 하고 다시 돌아오게 만드는 최고 의 게임,2018-08-26 13:40:28
294100,RimWorld,positive,넋이 나갈때까지 하게되는겜 무서워서 못켜겠다 ㅠㅠ,넋 이 나갈 때 까지 하게 되는 겜 무서워서 못 켜겠다 ㅠㅠ,2018-08-26 01:53:50
294100,RimWorld,positive,미래로가는 타임머신,미래 로 가는 타임머신,2018-08-23 20:01:02
294100,RimWorld,positive,처음엔 어렵습니다. 공략을 보고 여러가지 알게되고 게임을 즐기게 됩니다. 뭔가 부족해 모드를 설치하고 게임을 즐깁니다. 이 게임을 끝내지 못한다면 당신 인생이 끝장납니다.,처음 엔 어렵습니다 . 공략 을 보고 여러가지 알 게 되고 게임 을 즐기게 됩니다 . 뭔가 부족해 모드 를 설치 하고 게임 을 즐깁니다 . 이 게임 을 끝내지 못 한다면 당신 인생 이 끝장 납니다 .,2018-08-21 21:50:01
294100,RimWorld,positive,갓겜,갓 겜,2018-08-20 01:42:14
294100,RimWorld,positive,초반 진입장벽은 높은 편. 튜토리얼이 존재하나 필수적인 것 한 두가지만 알려주고 만다. 그러나 공략을 찾아보면서 플레이 하는 성격이라면 굉장히 즐거움을 느낄 수 있을 것이다.,초반 진입 장벽 은 높은 편 . 튜토리얼 이 존재 하나 필수 적 인 것 한 두 가지 만 알려주고 만다 . 그러나 공략 을 찾아보면서 플레이 하는 성격 이 라면 굉장히 즐거움 을 느낄 수 있을 것 이다 .,2018-08-19 15:16:18
294100,RimWorld,positive,게임을 구매한 날에 게임을 하다 잠이 들었는데 일어났더니 3일 후였습니다.,게임 을 구매 한 날 에 게임 을 하다 잠 이 들었는데 일어났더니 3일 후 였습니다 .,2018-08-17 18:47:33
294100,RimWorld,positive,인간이 어디까지 잔인해 질수 있는지 시험 하는 게임,인간 이 어디 까지 잔인해 질수 있는지 시험 하는 게임,2018-08-16 04:21:34
294100,RimWorld,positive,쫌만 해야지 하는데 어느순간 정신을 차려보면 6시간 이상 이 게임을 하고 있다... 그 만큼 몰입도가 강함...,쫌 만 해야지 하는데 어느 순간 정신 을 차려 보면 6시간 이상 이 게임 을 하고 있다 ... 그 만큼 몰입도 가 강함 ...,2018-08-14 23:57:14
294100,RimWorld,positive,갓갓갓갓갓 설명이 더 필요한지?,갓 갓 갓 갓 갓 설명 이 더 필요한지 ?,2018-08-14 16:49:47
294100,RimWorld,positive,말이 필요없는겜,말 이 필요없는 겜,2018-08-13 15:00:13
294100,RimWorld,positive,아 개꿀잼,아 개꿀잼,2018-08-13 08:17:47
294100,RimWorld,positive,시간가는줄 모르는 게임.... 다만 성장에 한계가 있다는건 어쩔수가 없는거 같다,시간 가는줄 모르는 게임 .... 다만 성장 에 한계 가 있다는건 어쩔 수가 없는거 같다,2018-08-13 03:22:37
294100,RimWorld,positive,처음 산 날 두어시간 하고 꺼야지 했는데 14시간 달림,처음 산 날 두어 시간 하고 꺼야지 했는데 14시간 달림,2018-08-12 12:22:48
294100,RimWorld,positive,이것만 있으면 당신도 SF영화감독!,이 것 만 있으면 당신 도 SF 영화감독 !,2018-08-12 04:44:02
294100,RimWorld,positive,이게 3만원이라고? 세상에,이 게 3만원 이라고 ? 세상 에,2018-08-10 06:31:07
294100,RimWorld,positive,"1000시간 가까이 했지만 여전히 재미있다. 수많은 모드가 리플레이 욕구를 불러 일으킨다. 제작자도 벌써 수 년 동안 업데이트를 이어가고 있으니, 앞으로도 즐길 수 있을 것 같다. 언젠가 이 게임이 3d로 나오기를 기대한다.","1000시간 가까이 했지만 여전히 재미있다 . 수많은 모드 가 리플레이 욕구 를 불러 일으킨다 . 제작자 도 벌써 수 년 동안 업데이트 를 이 어가 고 있으니 , 앞 으로도 즐길 수 있을 것 같다 . 언젠가 이 게임 이 3 d 로 나오기를 기대한다 .",2018-08-09 03:40:04
294100,RimWorld,positive,개인적으로 정말 스트레스 받지만 그만 둘 수 없는 게임. 스팀에 이보다 더 가격대비 혜자게임은 본 적이 없다.,개인 적 으로 정말 스트레스 받지만 그만 둘 수 없는 게임 . 스팀 에 이보 다 더 가격 대비 혜자 게임 은 본 적 이 없다 .,2018-08-07 20:59:44
294100,RimWorld,positive,게임을 하고 후회한적은 처음이다 왜 여태 이 게임을 몰랐는지 후회했다,게임 을 하고 후회 한적 은 처음 이다 왜 여태 이 게임 을 몰랐는지 후회 했다,2018-08-06 19:55:47
294100,RimWorld,positive,"환경적 배산임수 지역을 택하고 입구하나로 농성할려하면 산지에 박격포가 날아온다. 그래서 주로 산을 깎아서 굴을뚫고 생활한다. 그런데 이마저도 한번씩 메카닉이 지붕을 박살낸다. 유일하게 먹을 수 있는것은 딸기,벼 등 작물인데 농사가 왜 중요한지 알수있다. 거주민들은 멘탈이 항상 지붕뚫고 하이킥이고 어제까지 Mike 랑 사귀던 샐리는 멘붕해서 Mike를 칼로찌른다음 Zoey 랑 사귄다. 그짓하는 장면만 없으면 히토미 현실판이랑 다름없다. 나는 추운곳을 선호하는데 추운곳은 냉장고를 만들 필요가 없기떄문이다. 밖에다 시체를 버","환경 적 배산임수 지역 을 택 하고 입구 하나로 농성 할려 하면 산지 에 박격포 가 날아온다 . 그래서 주로 산 을 깎아서 굴 을 뚫고 생활 한다 . 그런데 이 마저도 한번 씩 메카 닉 이 지붕 을 박살 낸다 . 유일하게 먹을 수 있는것은 딸기 , 벼 등 작물 인데 농사 가 왜 중요한지 알수있다 . 거 주민 들 은 멘탈 이 항상 지붕 뚫고 하이킥 이고 어제 까지 Mike 랑 사귀던 샐 리 는 멘붕 해서 Mike 를 칼 로 찌른다음 Zoey 랑 사귄다 . 그 짓 하 는 장면 만 없으면 히토미 현실 판이 랑 다름없다 . 나 는 추운 곳 을 선호 하는데 추운 곳 은 냉장고 를 만들 필요 가 없기떄문 이다 . 밖 에다 시체 를 버",2018-08-06 14:47:15
294100,RimWorld,positive,길동님 의견과 너무 같아서 할말이 없습네다,길동 님 의견 과 너무 같아서 할말이 없 습 네 다,2018-08-04 23:52:25
294100,RimWorld,positive,데박완전미친갓겜아냐와데단해,데 박완 전 미친 갓겜 아냐와 데 단해,2018-08-03 12:47:05
294100,RimWorld,positive,갓겜...,갓 겜 ...,2018-07-30 13:39:54
294100,RimWorld,positive,"무슨이딴게임이 다잇어 라고 안사려다 평이너무좋아서 햇는데 처음엔 레알 이딴겜이잇지 햇는데 하다보니 아..개쩐다...하..무슨 평가에 꿈에서도 림월드 한다해서 말도안된다 생각햇는데 꿈에서 림월드한다 레알.. 진짜 잘만든게임이다 이제 초반이긴 하지만 중반,후반이 너무기대된다","무슨 이딴 게임 이 다 잇어 라고 안 사려다 평이 너무 좋아서 햇 는데 처음 엔 레알 이딴 겜 이 잇지 햇 는데 하다 보니 아 .. 개 쩐다 ... 하 .. 무슨 평가 에 꿈 에서도 림 월드 한다해 서 말 도 안된다 생각 햇 는데 꿈 에서 림 월드 한다 레알 .. 진짜 잘만 든 게임 이다 이제 초반 이긴 하지만 중반 , 후반 이 너 무기 대 된다",2018-07-29 20:57:28
294100,RimWorld,positive,빨리 사라 그래픽만 보는 사람들은 모른다,빨리 사라 그래픽 만 보는 사람 들 은 모른다,2018-07-29 02:42:46
294100,RimWorld,positive,미쳐 날뛰는 동물과 원시인의 습격을 방어하며 하루하루 버티다가 29시간만에 내새끼들 처음 탈출시키고 현자타임을 느끼며 작성하는 글입니다. 이 게임의 태그인 기지건설 / 생존 / 전략 게임을 좋아하신다면 무조건 재밌습니다. 세일도 어차피 안하니까 기다릴 필요도 없구요 이 게임을 하고 게임불감증이 고쳐졌습니다.,미쳐 날뛰는 동물 과 원시인 의 습격 을 방어 하며 하루하루 버티다가 29시간 만에 내 새끼 들 처음 탈출 시키고 현자 타임 을 느끼며 작성 하는 글 입니다 . 이 게임 의 태그 인 기지 건설 / 생존 / 전략 게임 을 좋아하신다면 무조건 재밌습니다 . 세 일도 어차피 안 하니까 기다릴 필요 도 없구요 이 게임 을 하고 게임 불감증 이 고쳐졌습니다 .,2018-07-27 22:01:46
294100,RimWorld,positive,재밌다. 림들이 늙어서 백내장이 걸리면 마음이 아픔.,재밌다 . 림 들 이 늙어서 백내장 이 걸리면 마음 이 아픔 .,2018-07-26 21:50:48
294100,RimWorld,positive,21세기 최고의 요-직 게임 병신 장애인들을 이끌고 행성을 좀먹고 행성을 떠나자 어떤놈은 스트레스 받으면 불지르고 어떤놈은 식인을하고 어떤놈은 시도때도 없이 남을 헐뜯어 싸움을 일으킨다. 대 우주시대의 잔인할 정도로 현실적인 기술격차와 인권유린의 한복판에서 자신만의 정착지를 키워 영향력을 행사하자! 충분히 강해졌다면 세상은 당신의 것이다.,21 세기 최고 의 요 - 직 게임 병신 장애인 들 을 이끌고 행성 을 좀 먹고 행성 을 떠나자 어떤 놈 은 스트레스 받으면 불 지르고 어떤 놈 은 식인을하고 어떤 놈 은 시도 때 도 없이 남 을 헐뜯어 싸움 을 일으킨다 . 대 우주시 대의 잔인할 정도 로 현실 적 인 기술 격차 와 인권 유린 의 한 복판 에서 자신 만의 정착 지를 키워 영향력 을 행사 하자 ! 충분히 강해졌다면 세상 은 당신 의 것 이다 .,2018-07-25 20:27:55
294100,RimWorld,positive,정말 재미있게 잘하고있습니다,정말 재미있게 잘 하고있습니다,2018-07-24 14:24:10
294100,RimWorld,positive,왜 게임이 질병이라고 하는지 알게 되었습니다. 저의 겜창 인생을 돌아보게 되었군요.,왜 게임 이 질병 이라고 하는지 알 게 되었습니다 . 저 의 겜창 인생 을 돌아보게 되었군요 .,2018-07-24 14:18:04
294100,RimWorld,positive,갓겜 인디 서바이벌계의 끝판왕이 고작 100mb조차 되지않습니다! 시뮬레이터의 마크 시간이 사라지는 마술!,갓 겜 인디 서바이벌 계 의 끝판 왕 이 고작 100 mb 조차 되지 않습니다 ! 시뮬레이터 의 마크 시간 이 사라지는 마술 !,2018-07-22 17:45:33
294100,RimWorld,positive,이게임은 꼭 추천해주고 싶은 게임중 하나다 바닐라로도 충분한 재미을 보장하고 유저들의 다양한 모드로도 여러 방향으로 게임을 즐길수 있,이 게임 은 꼭 추천 해주고 싶은 게임 중 하나 다 바닐라 로 도 충분한 재 미을 보장 하고 유저 들 의 다양한 모드 로 도 여러 방향 으로 게임 을 즐길수 있,2018-07-22 08:58:09
294100,RimWorld,positive,입문이 어렵긴 하지만 취향만 맞다면 문명 그 이상입니다. 정신나간 랜디의 5연속 습격을 즐겨보세요!,입문 이 어렵긴 하지만 취향 만 맞다면 문명 그 이상 입니다 . 정신 나간 랜디 의 5 연속 습격 을 즐겨 보세요 !,2018-07-21 21:45:14
294100,RimWorld,positive,와 씨ㅡ발 존나 재밌누 ㅋㅋ,와 씨 ㅡ 발 존나 재밌 누 ㅋㅋ,2018-07-21 04:06:41
294100,RimWorld,positive,이제 튜토 깼는데 재미있는듯 합니다,이제 튜토 깼는데 재미있는듯 합니다,2018-07-19 23:13:57
294100,RimWorld,positive,"<인신,장기매매 시뮬레이터 2018>","< 인신 , 장기매매 시뮬레이터 2018 >",2018-07-19 20:21:13
294100,RimWorld,positive,명심하십시오. 착한 해적은 죽은 해적뿐입니다.,명 심하십시오 . 착한 해적 은 죽은 해적 뿐입니다 .,2018-07-16 22:08:38
294100,RimWorld,positive,비싸서 안 사겠다? 복돌이로 해라 여기 리뷰 쓴 사람들 플탐에다 300시간은 더 넣어서 계산해라,비싸서 안 사겠다 ? 복돌이 로 해 라 여기 리뷰 쓴 사람 들 플 탐에다 300시간 은 더 넣어서 계산 해라,2018-07-15 21:41:00
294100,RimWorld,positive,가격대비 완전 추천하는 게임입니다! 시간 가는 줄 모르고 게임플레이 했네요 ^^,가격 대비 완전 추천 하는 게임 입니다 ! 시간 가는 줄 모르고 게임 플레이 했네요 ^^,2018-07-15 18:12:16
294100,RimWorld,positive,난 분명히 2시간 해보고 판단해야지 했는데 정신을 차리고 보니...,난 분명히 2시간 해보고 판단 해야지 했는데 정신 을 차리고 보니 ...,2018-07-15 06:19:08
294100,RimWorld,positive,걍 할만함,걍 할만 함,2018-07-14 20:22:11
294100,RimWorld,positive,자신의 인생을 챙기고 싶으면 사면 안됨,자신 의 인생 을 챙기고 싶으면 사면 안됨,2018-07-14 13:57:54
294100,RimWorld,positive,왜 게임 속도를 올렸는데 현실 시간이 삭제 된 거죠??? 해명좀요 하 ㅡㅡ,왜 게임 속도 를 올렸는데 현실 시간 이 삭제 된 거 죠 ??? 해명 좀 요 하 ㅡㅡ,2018-07-13 19:52:46
294100,RimWorld,positive,아직 뉴비다,아직 뉴비 다,2018-07-12 20:25:10
294100,RimWorld,positive,최고다. 일단 플레이를 시작하면 1000시간 플레이는 우습게 넘긴다.,최고다 . 일단 플레이 를 시작 하면 1000시간 플레이 는 우습게 넘긴다 .,2018-07-12 12:36:09
294100,RimWorld,positive,짱잼,짱 잼,2018-07-11 04:09:45
294100,RimWorld,positive,손가락이나 발가락 약간부러지면 평생가는거 개빡친다...,손가락 이나 발가락 약간 부러지면 평생 가는거 개 빡친다 ...,2018-07-10 19:16:24
294100,RimWorld,positive,할인을 안하는건 이유가 다 있는겁니다. 안해도 다 사거든요,할인 을 안 하는건 이유 가 다 있는 겁니다 . 안해 도 다 사거든요,2018-07-09 23:14:36
294100,RimWorld,positive,와... 겨우 이런게임인데.... 어떻게 이런 게임을 만들어 낸거지?,와 ... 겨우 이런 게임 인데 .... 어떻게 이런 게임 을 만들어 낸거지 ?,2018-07-06 21:57:21
294100,RimWorld,positive,알파 0.11부터 해왔던 사람으로써. 이 게임을 사지않는게 좋다. 림세계에서 어떻게 생존할지 고민하는 자신을 깨닫고 있다면 곧 현실에서도 자원이 부족하여 어떻게 생존을 해나갈지 고민하게 될 수도 있다. 처음 한두시간 시간때우기로 샀지만 모드를 깔지 않고 했음에도 13시간을 보냈다.적당히 조절해야겠다며 자고 나면 다음날 아침 씻고 바로 림월드를 켠다.(밥을 먹으며 시작한다)그러다보면 어느새 점심시간. 오늘은 뭘 시켜먹을까 고민하며 그냥 라면이나 끓여먹자고 생각한다.(이때에도 이미 림들은 열일을 하고 있다.) 엔딩을 몇번 보다보면,알파 0.11 부터 해왔던 사람 으로써 . 이 게임 을 사지 않는게 좋다 . 림 세계 에서 어떻게 생존 할지 고민 하는 자신 을 깨닫고 있다면 곧 현실 에서도 자원 이 부족하여 어떻게 생존 을 해나 갈지 고민 하게 될 수도 있다 . 처음 한두 시간 시간 때우기로 샀지만 모드 를 깔지 않고 했음에도 13시간 을 보냈다 . 적당히 조절 해야겠다며 자고 나면 다음 날 아침 씻고 바로 림 월드 를 켠다 .( 밥 을 먹으며 시작 한 다 ) 그러다 보면 어느새 점심시간 . 오늘 은 뭘 시켜 먹을까 고민 하며 그냥 라면 이나 끓여 먹자고 생각 한다 .( 이 때 에도 이미 림 들 은 열 일 을 하고 있다 .) 엔딩 을 몇번 보다 보면,2018-07-06 13:11:15
294100,RimWorld,positive,갓갓겜임,갓 갓 겜임,2018-07-06 02:22:25
294100,RimWorld,positive,뭘 고민을 하고 그러세요? 이제 곧 정발이니까 지르세요!!,뭘 고민 을 하고 그러세요 ? 이제 곧 정발 이니까 지르세요 !!,2018-07-05 16:01:50
294100,RimWorld,positive,ㄹㅇ 갓겜 6만원이어도 샀다,ㄹㅇ 갓 겜 6만원 이어도 샀다,2018-07-04 20:13:32
294100,RimWorld,positive,생존 6일차 해적들이 쳐들어왔다 고심끝에 막아냈다. 해적중 한명이 부상당했다. 그는 우리 음식 주 공급원인 농부의 아내였다. 일단 치료나 해 주고 보내자 그녀는 방화광이었다. 그렇게 게임은 끝났다.,생존 6일 차 해적 들 이 쳐 들어왔다 고심 끝 에 막아 냈다 . 해적 중 한 명 이 부상 당했다 . 그 는 우리 음식 주 공급원 인 농부 의 아내 였다 . 일단 치료 나 해 주고 보내자 그녀 는 방화 광 이었다 . 그렇게 게임 은 끝났다 .,2018-07-02 17:48:51
294100,RimWorld,positive,스트리머하면 이 게임한다,스트리머 하면 이 게임 한다,2018-07-01 15:06:52
294100,RimWorld,positive,요직? 끄덕끄덕,요 직 ? 끄덕 끄덕,2018-06-30 21:57:05
294100,RimWorld,positive,아기자기한 시뮬게임으로써 성장가능성이 무궁무진한 게임 근데 너무 모드에 의존하려는 느낌이 강하긴함.,아기자기한 시 뮬 게임 으로써 성장 가능성 이 무궁무진 한 게임 근데 너무 모드 에 의존 하려는 느낌 이 강하긴 함 .,2018-06-30 18:29:21
294100,RimWorld,positive,"당신의 식민지인, 식량과 소파로 대체되었다.","당신 의 식민지 인 , 식량 과 소파 로 대체 되었다 .",2018-06-24 21:18:01
294100,RimWorld,positive,지루함이 없다~!,지루함 이 없다 ~!,2018-06-24 15:31:31
294100,RimWorld,positive,엄청난 중독성 때문에 장장 15시간하다가 잠깐 졸았는데 꿈에서 코끼리한테 뚜들겨 맞는 꿈 꾸다가 다시 깼음. 그리고 자연스럽고 조용하게 내 코끼리들 도살시켜버렸음. 개조형 살상동물인 와르그보다 코끼리가 무서운 게임. 뻐킹 엘리펀트 월드.,엄청난 중독 성 때문 에 장장 15시간 하다가 잠깐 졸았는데 꿈 에서 코끼리 한테 뚜들겨 맞는 꿈 꾸다가 다시 깼음 . 그리고 자연스럽고 조용하게 내 코끼리 들 도살 시켜 버렸음 . 개조 형 살상 동물 인 와 르그 보다 코끼리 가 무서운 게임 . 뻐킹 엘리펀트 월드 .,2018-06-24 13:34:17
294100,RimWorld,positive,dd,dd,2018-06-23 18:46:55
294100,RimWorld,positive,굿굿 인생겜 너무많은 컨텐츠와 언제 공격할지 모르는 적 그걸 방어하는 그런 기분,굿굿 인생 겜 너무 많은 컨텐츠 와 언제 공격 할지 모르는 적 그걸 방어 하는 그런 기분,2018-06-23 11:38:34
294100,RimWorld,positive,아직도 림월드를 안해봤다면 무조건 사서 해볼 것. 스팀 평가 '압도적으로 긍정적'이 증명해주는 의심할 나위 없는 갓-겜이며 가성비 또한 엄청나다.,아직도 림 월드 를 안 해봤다면 무조건 사서 해볼 것 . 스팀 평가 ' 압도 적 으로 긍정 적 ' 이 증명 해주는 의심 할 나위 없는 갓 - 겜 이며 가성 비 또한 엄청나다 .,2018-06-22 13:39:05
294100,RimWorld,positive,매번 1시간만 한다는것이 5배속이되어 5시간은 기본으로 넘기는 일이 일상이 되어있다... 알고있으면서도 반복되는 일상..,매번 1시간 만 한다는 것 이 5 배속 이 되어 5시간 은 기본 으로 넘기는 일이 일상 이 되어있다 ... 알고있으면서도 반복 되는 일상 ..,2018-06-21 05:03:15
294100,RimWorld,positive,이것은 생존 시뮬레이터인가 장기밀매 시뮬레이터인가 하다보면 사람이 생존 앞에서 얼마나 악해지는 지 알수 있는 게임 초반엔 생존을 위한 보금자리만 만들고 연명하다 후반부에 와선 전자기소총 상대로 몽둥이따위나 들고 쳐들어오는 미개한 부족민들을 위한 아우슈비츠를 만들고 있는 내 자신을 보게 됨,이 것 은 생존 시뮬레이터 인가 장기 밀매 시뮬레이터 인가 하다 보면 사람 이 생존 앞 에서 얼마나 악해지는 지 알수 있는 게임 초반 엔 생존 을 위 한 보금자리 만 만들고 연명 하다 후반 부 에 와 선 전자기 소총 상대로 몽둥이 따위 나 들고 쳐 들어오는 미개한 부족 민 들 을 위 한 아우슈비츠 를 만들고 있는 내 자신 을 보게 됨,2018-06-21 00:18:43
294100,RimWorld,positive,질리지않는 게임이 있구나... 깨달았음 끊임없이 이어지는 이야기들 이 게임의 끝은어디인가?,질리 지 않는 게임 이 있구나 ... 깨 달았음 끊임없이 이어지는 이야기 들 이 게임 의 끝 은 어디 인가 ?,2018-06-20 17:58:24
294100,RimWorld,positive,잠깐 해봤는데 할만하네여,잠깐 해봤는데 할만 하네여,2018-06-20 17:50:25
294100,RimWorld,positive,31000원을 이렇게 알뜰하게 쓰는것은 처음입니다.,31000원 을 이렇게 알뜰하게 쓰는것은 처음 입니다 .,2018-06-19 20:37:31
294100,RimWorld,positive,나사 하나 빠진 을리윽세스에서 1.0 업데이트로 완전해질 게임 1.0 업뎃하기 전에 빨리 사세요,나사 하나 빠진 을리윽세스 에서 1.0 업데이트 로 완전해질 게임 1.0 업뎃 하기 전 에 빨리 사세요,2018-06-19 11:06:08
294100,RimWorld,positive,유저가 편하게 살아가는 꼴은 절대 참고 보지 못하는 심술궃은 타이난의 더러운 손아귀안에서 깜★찍하고 기여운 림들을 먹이고 입히는 재우는 생존게임,유저 가 편하게 살아가는 꼴은 절대 참고 보지 못 하는 심술궃 은 타이난 의 더러운 손아귀 안 에서 깜 ★ 찍 하고 기 여운 림 들 을 먹이 고 입히는 재우는 생존 게임,2018-06-19 09:10:30
294100,RimWorld,positive,모드질의 새로운 지평.,모드 질의 새로운 지평 .,2018-06-19 03:50:34
294100,RimWorld,positive,이건 뭐지? 하고 플레이하고보니 400시간 넘게하고있네..ㄷ,이건 뭐 지 ? 하고 플레이 하고 보니 400시간 넘게하고 있네 .. ㄷ,2018-06-18 12:45:31
294100,RimWorld,positive,이 게임이 재밌어 보이시는 분 중에 구매를 망설이시는 분이 계시다면 지금 당장 구매하셔서 플레이하시길 바랍니다 조금만 익숙해지면 문명급의 타임머신을 경험하실 수 있을 것 입니다,이 게임 이 재밌어 보이시 는 분 중 에 구매 를 망설이시는 분 이 계시다면 지금 당장 구매 하셔서 플레이 하시길 바랍니다 조금 만 익숙해지면 문명 급 의 타임머신 을 경험 하실 수 있을 것 입니다,2018-06-17 13:32:19
294100,RimWorld,positive,"재미있습니다.별로 기대안하고 해봤는데,하다보니 계속 하게 되는 마약같은 뭔가가 있습니다;","재미있습니다 . 별로 기 대안 하고 해봤는데 , 하다 보니 계속 하게 되는 마약 같은 뭔가 가 있습니다 ;",2018-06-17 13:10:17
294100,RimWorld,positive,시험기간에는 반드시 삭제하십시오,시험 기간 에는 반드시 삭제 하십시오,2018-06-14 03:01:17
294100,RimWorld,positive,초반 진입장벽만 넘기면... 진짜 그때부터는 시간보고 깜작놀라는 자신을 보게될겁니다.. 각종 편의성 모드를 깔아두면 더욱 재미있습니다...,초반 진입 장벽 만 넘기면 ... 진짜 그때 부터는 시간 보고 깜작 놀라는 자신 을 보게 될 겁니다 .. 각종 편의 성 모드 를 깔 아두 면 더욱 재미있습니다 ...,2018-06-13 18:16:24
294100,RimWorld,positive,아직 잘 모르겠음. 좀 더 해봐야 알 것 같음.,아직 잘 모르겠음 . 좀 더 해봐야 알 것 같음 .,2018-06-11 19:26:39
294100,RimWorld,positive,"2020 - 02 - 04 평가를 수정합니다. 집정관 모드와 비슷한 멀티 플레이어 모드가 나와 같이 같은 정착지에서 멀티를 즐길 수 있습니다. 원정으로 일꾼을 나누어서 플레이하는 것도 좋은 방법입니다. 하지만 이런게 싫고 서로 자원 거래, 일꾼 보내기, 애완동물 보내기, 채팅 정도로만 멀티를 하고 싶다면 phi 모드를 받으십시오. phi모드를 받고 멀티를 하고싶다면 https://discord.gg/qXgYKr 방에 들어오세요.","2020 - 02 - 04 평가 를 수정 합니다 . 집정관 모드 와 비슷한 멀티 플레이어 모드 가 나와 같이 같은 정착 지에서 멀티 를 즐길 수 있습니다 . 원정 으로 일꾼 을 나누어서 플레이 하는 것 도 좋은 방법 입니다 . 하지만 이런게 싫고 서로 자원 거래 , 일꾼 보내기 , 애완동물 보내기 , 채팅 정도 로만 멀티 를 하고 싶다면 phi 모드 를 받으십시오 . phi 모드 를 받고 멀티 를 하고싶다면 https://discord.gg/qXgYKr 방 에 들어오세요 .",2018-06-09 11:55:08
294100,RimWorld,positive,왜 잠깐했는데 2주가 지나가있지..?,왜 잠깐 했는데 2 주가 지나가있지 ..?,2018-06-08 17:53:32
294100,RimWorld,positive,뭐? 이딴 겜이 3마넌?ㅋㅋㅋ 하루면 끝날거 같은데?ㅋㅋ 하고 켰다가 지나서 처음 거울을 보는 순간 그 안에 폐인이 된 자신을 볼 수 있습니다.,뭐 ? 이딴 겜 이 3 마넌 ? ㅋㅋㅋ 하루 면 끝날거 같은데 ? ㅋㅋ 하고 켰다가 지나서 처음 거울 을 보는 순간 그 안 에 폐인 이 된 자신 을 볼 수 있습니다 .,2018-06-08 07:30:28
294100,RimWorld,positive,갓-게임,갓 - 게임,2018-06-06 17:40:28
294100,RimWorld,positive,장기매매 시뮬레이터,장기매매 시뮬레이터,2018-06-05 00:38:57
294100,RimWorld,positive,응 재밌어 빨리사~,응 재밌어 빨 리사 ~,2018-06-02 22:39:00
294100,RimWorld,positive,이 게임의 유일한 단점은 당신의 시간이 호로록,이 게임 의 유일한 단점 은 당신 의 시간 이 호로록,2018-06-02 15:57:03
294100,RimWorld,positive,레알 개 꿀 잼 게임 강력추천합니다,레알 개 꿀 잼 게임 강력 추천 합니다,2018-05-29 17:14:51
294100,RimWorld,positive,처음 - 이 정도 게임을 이 가격에? 개창렬이네. 지금 - 이 정도 게임을 이 가격에? 개혜자였네.,처음 - 이 정도 게임 을 이 가격 에 ? 개창렬 이네 . 지금 - 이 정도 게임 을 이 가격 에 ? 개 혜자 였네 .,2018-05-25 00:40:00
294100,RimWorld,positive,오리지널 문명,오 리지 널 문명,2018-05-24 00:08:12
294100,RimWorld,positive,"4GB에 달하는 산소 미포함 보다 용량이 1/16이지만, 시스템이 이 보다 복잡하네요. 제대로된 시뮬레이션 게임이 확실합니다! (내가 무슨짓을 한거지?) 첫 정착지를 주변에 아무 세력의 야영지가 없는 섬에다 뒀는데도 외지인들은 오긴 합니다만 내 정착민들은 다른데로 못가지요, 날려보내지 않는한... 그럼 외지인들은 어떻게 오고 갈까요?","4 GB 에 달 하는 산소 미 포함 보다 용량 이 1/16 이지만 , 시스템 이 이 보다 복잡하네요 . 제대로 된 시뮬레이션 게임 이 확실합니다 ! ( 내 가 무슨 짓 을 한 거지 ?) 첫 정착 지를 주변 에 아무 세력 의 야영지 가 없는 섬 에다 뒀는데도 외지 인들 은 오긴 합니다만 내 정착민 들 은 다른 데 로 못 가지요 , 날려 보내지 않는한 ... 그럼 외지 인들 은 어떻게 오고 갈까 요 ?",2018-05-23 18:24:57
294100,RimWorld,positive,2018년 어디감 2019년도 습관성 림월드 DLC가나왔다고?,2018년 어디 감 2019년 도 습관성 림 월드 DLC 가나 왔다고 ?,2018-05-22 14:52:05
294100,RimWorld,positive,X발? 내 시간 어디감? 마성의 갓겜이네;;; 내가 한 게임중 손에 꼽을 정도로 재밌다 와.....,X 발 ? 내 시간 어디 감 ? 마 성의 갓 겜 이네 ;;; 내 가 한 게임 중 손 에 꼽 을 정도 로 재밌다 와 .....,2018-05-22 11:06:36
294100,RimWorld,positive,방화광은 멸망의 지름길이다- tamtam teacher,방화 광 은 멸망 의 지름길 이다 - tamtam teacher,2018-05-22 00:41:53
294100,RimWorld,positive,변방계가 당신을 원합니다,변 방계 가 당신 을 원합니다,2018-05-21 21:27:16
294100,RimWorld,positive,수백 수천가지의 모드를 추가할 수 있어서 재미는 배가 됩니다,수백 수천 가지 의 모드 를 추가 할 수 있어서 재미 는 배 가 됩니다,2018-05-21 08:53:40
294100,RimWorld,positive,별로 재미가 있네요. 시벌 내 시간,별로 재미 가 있네요 . 시벌 내 시간,2018-05-21 02:38:34
294100,RimWorld,positive,심심하게 하지 않게 해주는 이벤트와 나의 입맛에 맞게 설정해서 할수있는 많은 창작마당이 나를 즐겁게 해주어서 내 컴퓨터에서 지워지지 않는 게임,심심하게 하지 않게 해주는 이벤트 와 나 의 입맛 에 맞게 설정 해서 할수있는 많은 창작 마당 이 나를 즐겁게 해주어서 내 컴퓨터 에서 지워지지 않는 게임,2018-05-21 00:14:46
294100,RimWorld,positive,내 시간에 빨대 꽂은 게임,내 시간 에 빨대 꽂은 게임,2018-05-20 09:21:57
294100,RimWorld,positive,갓겜임 사면됨 내 인생 꿀잼겜 3손가락 안에 들어갈듯,갓 겜임 사면 됨 내 인생 꿀잼겜 3 손가락 안 에 들어갈듯,2018-05-18 18:49:27
294100,RimWorld,positive,"이 리뷰는 제가 처음 작성하는 리뷰네요. 그만큼 이 게임은 저에게 큰 충격을 주었습니다. 생업이 바빠 현실에서는 많이 못 하는데, 꿈속에서 더 많이 플레이하는 거 같습니다. 공리주의, 인간존엄, 유물론, 기술만능주의, 심리학, 군사학, 경제학, 인간 본성에 대한 탐구, 동물권, 분업의 장점, 교육정책, 인구정책, 주택정책, 도시설계, 전문직업인(특히 의사)의 책임의식, 무엇보다도 운의 중요성, 인생의 불공평함 등 수많은 주제에 대해 생각해볼 수 있는 갓-겜입니다. 이 게임에 대해 두 가지 부류의 사람이 있을 거라고 생각합니다.","이 리뷰 는 제 가 처음 작성 하는 리뷰 네 요 . 그만큼 이 게임 은 저 에게 큰 충격 을 주었습니다 . 생업 이 바빠 현실 에서는 많이 못 하는데 , 꿈속 에서 더 많이 플레이 하는 거 같습니다 . 공리주의 , 인간 존엄 , 유물론 , 기술 만능 주의 , 심리학 , 군사학 , 경제학 , 인간 본성 에 대한 탐구 , 동물권 , 분업 의 장점 , 교육 정책 , 인구 정책 , 주택 정책 , 도시설계 , 전 문 직업 인 ( 특히 의사 ) 의 책임 의식 , 무엇 보다도 운 의 중요성 , 인생 의 불공평함 등 수많은 주제 에 대해 생각 해볼 수 있는 갓 - 겜 입니다 . 이 게임 에 대해 두 가지 부류 의 사람 이 있을 거 라고 생각 합니다 .",2018-05-18 03:12:51
294100,RimWorld,positive,생존 게임을 좋아한다면 이 만한 것도 없을 것같다.,생존 게임 을 좋아한다면 이 만 한 것 도 없을 것 같다 .,2018-05-17 20:14:30
294100,RimWorld,positive,더 할말이 없습니다.... ☆갓겜☆,더 할말이 없습니다 .... ☆ 갓 겜 ☆,2018-05-15 20:31:54
294100,RimWorld,positive,당신의 시간을 빨아들이는게 유일한 단점입니다.,당신 의 시간 을 빨아들이는게 유일한 단점 입니다 .,2018-05-15 07:05:05
294100,RimWorld,positive,"어느새 800시간이 넘었네요... 이 게임 진짜 마성의 게임입니다ㅠㅠ 타임머신이 따로 없어요 아직 베타버젼이고, 엔딩도 두가지 뿐이지만( 베드엔딩 제외) 엔딩이 목표가 아닌 게임입니다 튜토리얼 필수! 게임은 그래픽이 다가 아닙니다!! 세일은 잘 안하니 그냥 제값주고 사시는게 좋을거에요 가성비 최고! 시간 녹이기 최강! 모드도 많아서 게임이 끝나질 않아요...ㅎㅎ 사랑해요 타이난! 아, 물론 타이난은 우리가 괴로워하는걸 좋아합니다... ----------------------------- 정식출시로 인해 림월드 입성하시는 분들이","어느새 800시간 이 넘었네요 ... 이 게임 진짜 마 성의 게임 입니다 ㅠㅠ 타임머신 이 따로 없어요 아직 베타 버젼 이고 , 엔딩 도 두 가지 뿐 이지만 ( 베드 엔딩 제외 ) 엔딩 이 목표 가 아닌 게임 입니다 튜토리얼 필수 ! 게임 은 그래픽 이 다가 아닙니다 !! 세 일 은 잘 안 하니 그냥 제 값 주고 사시는게 좋을거에요 가성 비 최고 ! 시간 녹이기 최강 ! 모드 도 많아서 게임 이 끝나질 않아요 ... ㅎㅎ 사랑 해요 타이난 ! 아 , 물론 타이난 은 우리 가 괴로워하는걸 좋아합니다 ... ----------------------------- 정식 출시 로 인해 림 월드 입성 하시는 분 들 이",2018-05-14 20:32:55
294100,RimWorld,positive,"정가던 할인이던 돈이 아깝지 않은 두 가지 게임을 꼽자면... 개인적으로는 팩토리오와 림월드를 꼽겠다. 둘다 할인 없이 사도 돈 안아까운 게임. 공돌이에 더 특화한게 팩토리오, 사람(림)간의 경쟁에 특화한게 게 림월드. 둘 모두 외부의 적을 막다가 우주로 도망가는 게임이다. 림월드의 특징, 1.사람(림)관리에 신경 써야한다. 스트레스 받으면 미쳐 날뛰는 또라이가 많다. 나체쑈는 양반.... 불지르는 미친놈도 나오고... 2.자원은 한정적이다. 자원 관리 잘해야 한다. 17버전부터는 그래도 멀리 원정을 가긴 하는데... 이","정가 던 할인 이던 돈 이 아깝지 않은 두 가지 게임 을 꼽자 면 ... 개인 적 으로는 팩토리 오 와 림 월드 를 꼽겠다 . 둘다 할인 없이 사도 돈 안 아까운 게임 . 공 돌이 에 더 특화한 게 팩토리 오 , 사람 ( 림 ) 간의 경쟁 에 특화한 게 게 림 월드 . 둘 모두 외부 의 적 을 막다가 우주 로 도망가는 게임 이다 . 림 월드 의 특징 , 1 . 사람 ( 림 ) 관리 에 신경 써야 한다 . 스트레스 받으면 미쳐 날뛰는 또 라이 가 많다 . 나체쑈 는 양반 .... 불 지르는 미친 놈 도 나오고 ... 2 . 자원 은 한정 적 이다 . 자원 관리 잘해야 한다 . 17 버전 부터는 그래도 멀리 원정 을 가긴 하는데 ... 이",2018-05-13 01:36:33
294100,RimWorld,positive,"이 게임을 하고 한명의 인간을 어떻게 해야 유용하게 쓸수 있을지 깨달았습니다. 일단 주요 장기를 뽑고, 입고있던 의류는 분해후 옷감으로 재활용 하고, 장기는 어려운 이웃들에게 판매한뒤, 남은 인육은 가공하여 사료로 동물에게 주거나 배고픈 죄수들에게 식량으로 배급하면됩니다.","이 게임 을 하고 한 명의 인간 을 어떻게 해야 유용하게 쓸수 있을지 깨 달았습니다 . 일단 주요 장기 를 뽑고 , 입고있던 의류 는 분해 후 옷감 으로 재활용 하고 , 장기 는 어려운 이웃 들 에게 판매 한 뒤 , 남은 인육 은 가공 하여 사료 로 동물 에게 주거 나 배고픈 죄수 들 에게 식량 으로 배급 하면 됩니다 .",2018-05-10 19:32:08
294100,RimWorld,positive,"하세요. 잼있습니다. 소소한 건설 그러면서 컨트롤이 필요한 전투. 약간 미래를 생각해야 하는 빌드플랜까지. 창조적이고 순간 순간 판단력, 림간 사회적 충돌로 인간관계까지. 많은걸 배울 수 있는 게임.교육에도 좋은 게임입니다. do it. I have a fun. Minor construction, but then control needs combat.To the build plan. that needs to think a little about the future.Creative, instantaneous judgment","하세요 . 잼있습니다 . 소소한 건설 그러면서 컨트롤 이 필요한 전투 . 약간 미래 를 생각 해야 하는 빌드플랜 까지 . 창조 적 이고 순간 순간 판단력 , 림 간 사회 적 충돌 로 인간관계 까지 . 많은걸 배울 수 있는 게임 . 교육 에도 좋은 게임 입니다 . do it . I have a fun . Minor construction , but then control needs combat . To the build plan . that needs to think a little about the future . Creative , instantaneous judgment",2018-05-08 00:49:54
294100,RimWorld,positive,이 겜을 하면서 알게 된 것은 타이난은 우리가 꿀빠는걸 몹시 싫어함,이 겜 을 하면서 알 게 된 것 은 타이난 은 우리 가 꿀 빠는 걸 몹시 싫어함,2018-05-05 21:27:45
294100,RimWorld,positive,"어머니맙수사 문명급 시간을잡아먹는다.... 이게임할때생각하세여 시간이 없어지는 장점 잘?활성화됀 창착마당 한글이돼어있는 모드들도존재 여러설정을통해자기 맘대로 뭐라고해야하나 게임하면서나오는 이벤트들을 조정할수도있다 자기가실어하는 이벤트를 끌수도있고 좋아하는이벤트를 많이 아니면 무한적으로도할수있다 자기가만든 시나리오를 공유할수도있다 뭐다른건 사진만봐도 알꺼다 단점 약간한글이안돼어있는것이있다 모드를좀 깔면 렉이걸릴수있다 심하면,,,, ai가 좀멍청하다 내가찾은것들이다 42시간 리뷰작성","어머니 맙 수사 문명 급 시간 을 잡아먹는다 .... 이 게임 할 때 생각 하세여 시간 이 없어지는 장점 잘 ? 활성화 됀 창착 마당 한글 이 돼어있는 모드 들 도 존재 여러 설정 을 통해 자기 맘대로 뭐라고 해야하나 게임 하면서 나오는 이벤트 들 을 조정 할수도 있다 자기가실어하는 이벤트 를 끌수도 있고 좋아하는 이벤트 를 많이 아니면 무한 적 으로도 할수있다 자기 가 만든 시나리오 를 공유 할수도 있다 뭐 다른건 사진 만 봐도 알꺼다 단점 약간 한글 이안 돼어있는것이있다 모드 를 좀 깔면 렉 이 걸릴수있다 심하면 ,,,, ai 가 좀 멍청하다 내 가 찾은것 들이다 42시간 리뷰 작성",2018-05-05 15:46:22
294100,RimWorld,positive,처음 사고 플레이했을때의 그 희열을 다른게임에선 느낄수 없었다,처음 사고 플레이 했을 때 의 그 희 열 을 다른 게임 에선 느낄수 없었다,2018-05-05 02:33:51
294100,RimWorld,positive,갓겜!!,갓 겜 !!,2018-05-05 00:55:28
294100,RimWorld,positive,망할 방화광 망할 방화광녀석이 장기들 다태워먹었다ㅡㅡ,망할 방화 광 망할 방화 광 녀석 이 장기 들 다태 워 먹었다 ㅡㅡ,2018-05-03 15:30:08
294100,RimWorld,positive,밤새서하다보면 100시간이찍혀있는 갓~겜,밤새서하다 보면 100시간 이찍혀있는 갓 ~ 겜,2018-05-01 04:29:58
294100,RimWorld,positive,이 게임을 하는 직원은 절대 요직에 앉혀서는 안된다는교훈을 주는 게임. 물론 재미는 있다. 하다가 질리면 모드를 깔면 된다.,이 게임 을 하는 직원 은 절대 요 직 에 앉혀 서는 안된다는 교훈 을 주는 게임 . 물론 재미 는 있다 . 하다가 질리 면 모드 를 깔면 된다 .,2018-04-28 05:41:26
294100,RimWorld,positive,너무나 잼있ㅇㅇ 꼭사서 하세요 근대 시간도 성적도 날라감,너무나 잼있 ㅇㅇ 꼭 사서 하세요 근대 시간 도 성적 도 날라 감,2018-04-27 16:34:05
294100,RimWorld,positive,생존+디펜스게임,생존 + 디펜스 게임,2018-04-27 14:47:52
294100,RimWorld,positive,이 게임은 사람의 게임이 아닙니다. 정신차리면 이미 시간은 밥도둑처럼 사라져있고 시작한 시간이 가물가물한데 내 정착지는 아직 발전도 안되있습니다.. 게임을 시작하기전에 이 게임에서 도망치라고 얘기하구 싶습니다. 게이머의 한계를 시험하는 인성 게임입니다.랜덤으로 나타나는 이벤트는 당신을 나락으로 떨어뜨리면서 회복할 시간을 갖게끔합니다. 게임을 그리 좋아하지 않았지만 밤에 눈만감으면 아직도 축전기와 연구테크트리 건축물의 계획 등이 떠올라 미칩니다. 후회해도 늦을때입니다. 막장드라마에 가까운 게임입니다. 우주 해적에게서 방어시설이,이 게임 은 사람 의 게임 이 아닙니다 . 정신차리면 이미 시간 은 밥 도둑 처럼 사라져있고 시작 한 시간 이 가물 가물한데 내 정착 지는 아직 발전 도 안되있습니다 .. 게임 을 시작 하기전에 이 게임 에서 도망치라고 얘기 하구 싶습니다 . 게이머 의 한계 를 시험 하는 인성 게임 입니다 . 랜덤 으로 나타나는 이벤트 는 당신 을 나락 으로 떨어뜨리면서 회복할 시간 을 갖게끔 합니다 . 게임 을 그리 좋아하지 않았지만 밤 에 눈 만 감으면 아직도 축전기 와 연구 테크 트리 건축물 의 계획 등 이 떠올라 미칩니다 . 후회 해도 늦 을 때 입니다 . 막장드라마 에 가까운 게임 입니다 . 우주 해적 에게서 방어 시설 이,2018-04-26 01:26:52
294100,RimWorld,positive,마치 시간이 블랙홀속으로 빨려들어가는 기분이고 정신차리면 어느세 몇백시간 거기다 모드까지 손대기 시작하면... 다른게임 할생각 접어야 될정도로 하실껍니다. 거기다 자신까지 혹사시킬수있는 모드까지 넘처나는 림월드 사셔도 후회는 안합니다.,마치 시간 이 블랙홀 속 으로 빨려 들어가는 기분 이고 정신차리면 어느 세 몇 백 시간 거기 다 모드 까지 손대기 시작 하면 ... 다른 게임 할 생각 접어야 될 정도 로 하실껍니 다 . 거기 다 자신 까지 혹사 시킬수있는 모드 까지 넘 처나 는 림 월드 사셔도 후회 는 안 합니다 .,2018-04-25 22:18:43
294100,RimWorld,positive,별로인듯,별로 인 듯,2018-04-22 15:20:07
294100,RimWorld,positive,일단 사고나서 결정하세요 ^ㅠ^,일단 사고나서 결정 하세요 ^ ㅠ ^,2018-04-21 12:55:15
294100,RimWorld,positive,- 만들고 새로 만들고 다시 만들고 또 만들고 - 모드 찾고 모드 겹치고 모드 찾고 모드 지우고 - 시계보고 놀라고 시계보고 해져있고 시계보고 해떠있고,- 만들고 새로 만들고 다시 만들고 또 만들고 - 모드 찾고 모드 겹 치고 모드 찾고 모드 지우고 - 시계 보고 놀라고 시계 보고 해져있고 시계 보고 해 떠있고,2018-04-20 20:49:35
294100,RimWorld,positive,"정착민 상태가 구리거나 사고를쳤다? = 소파로 만들어 버린다. 방화광,약물광은 최고의 소파 소재입니다. 미친놈들이 내기지에 침략을 왔다? = 소파로 만들어 버린다. 장기를 뜯으시면 무료로 소파를 드립니다. 조가튼 놈들은 전부 소파로 만들어 버리는 갓겜인데 안사는 이유가 뭐임? 이 세계는 소파 지원자가 너무나도 많습니다. 당신도 어서빨리 소파를 만드세요.","정착민 상태 가 구리거나 사고 를 쳤다 ? = 소파 로 만들어 버린다 . 방화 광 , 약물 광 은 최고 의 소파 소재 입니다 . 미친 놈 들 이 내 기지 에 침략 을 왔다 ? = 소파 로 만들어 버린다 . 장기 를 뜯으시면 무료 로 소파 를 드립니다 . 조가 튼 놈 들 은 전부 소파 로 만들어 버리는 갓 겜 인데 안 사는 이유 가 뭐임 ? 이 세계 는 소파 지원 자 가 너무나도 많습니다 . 당신 도 어서 빨리 소파 를 만드세요 .",2018-04-16 19:56:08
294100,RimWorld,positive,[h1]림월드를 사고싶다고요? 이것부터 읽어보는게 (안)좋을것입니다![/h1] 림월드는 머나먼우주의 한 행성에 림들이라는 친구들의 이야기입니다. 당신은 그 림들을 조종해서 당신의 정착지를만들거나. 누군가의 정착지를 습격하거나. 이 행성에서 탈출을할수도있죠! 물론. 행성을탈출하는것은 쉽지않습니다. 당신이 이 행성을 탈출할만큼 정착지를 키웠다면 아마 이미 메카노이드군락이 당신의 정착지를 망쳐놓았을것같네요. 당신은 이 게임을 하다보면 매우 자유로운게임인것을 알수있을것입니다. 이 게임은 당신의 정착지로 오는 적군들을 죽,[ h 1 ] 림 월드 를 사고싶다고요 ? 이 것 부터 읽어 보는게 ( 안 ) 좋을것 입니다 ![/ h 1 ] 림 월드 는 머나먼우주의 한 행성 에 림 들 이라는 친구 들 의 이야기 입니다 . 당신 은 그 림 들 을 조종 해서 당신 의 정착 지를 만들거나 . 누군가 의 정착 지를 습격 하 거나 . 이 행성 에서 탈출 을 할수도 있죠 ! 물론 . 행성 을 탈출 하는것은 쉽지 않습니다 . 당신 이 이 행성 을 탈출 할만큼 정착 지를 키웠다면 아마 이미 메 카노 이드 군락 이 당신 의 정착 지를 망쳐놓았을것 같네요 . 당신 은 이 게임 을 하다 보면 매우 자유로운 게임 인 것 을 알수있을것 입니다 . 이 게임 은 당신 의 정착 지로 오는 적군 들 을 죽,2018-04-14 08:11:27
294100,RimWorld,positive,"자유도가 매우 높고, 상당히 현실적인 '상호작용' 기능을 보여줍니다. 온도를 조절하는데 벽의 단열도 신경 써야한다든가, 음식을 조리하는 주방의 위생상태가 나쁘면 그 음식을 먹고 애들이 식중독에 걸린다든가 하는 등등 세세하게 구현된 기능이 증말 많습니다. 애들이 화장실도 안 간다거나 총알이 무한인 등등 생존 난이도 조정을 위해 좀 비현실 적인 것도 있지만, 이런 것들도 엄청나게 방대한 모드들로 넘치도록 보완이 가능합니다. 다~ 좋은데, 저는 매우 답답하더라고요 ...고놈에 우선순위 때문에 ㅠ 최적의 우선순위를 시행착오를 거","자유도 가 매우 높고 , 상당히 현실 적 인 ' 상호작용 ' 기능 을 보여줍니다 . 온도 를 조절 하는데 벽 의 단열 도 신경 써야 한다 든가 , 음식 을 조리 하는 주방 의 위생 상태 가 나쁘면 그 음식 을 먹고 애 들 이 식중독 에 걸린다 든가 하는 등등 세세하게 구현 된 기능 이 증말 많습니다 . 애 들 이 화장실 도 안 간다거나 총알 이 무한 인 등등 생존 난이도 조정 을 위해 좀 비 현실 적 인 것 도 있지만 , 이런 것 들 도 엄청나게 방대한 모드 들 로 넘치도록 보완 이 가능합니다 . 다 ~ 좋은데 , 저 는 매우 답답하더라고요 ... 고 놈 에 우선 순위 때문 에 ㅠ 최적 의 우선 순위 를 시행착오 를 거",2018-04-08 22:17:33
294100,RimWorld,positive,승리의 동굴기지,승리 의 동굴 기지,2018-04-08 20:43:39
294100,RimWorld,positive,개노잼,개 노잼,2018-04-07 12:10:12
294100,RimWorld,positive,모드질 안하고 바닐라로 플레이해도 충분히 할만한 게임. 좀 질린다 싶으면 모드몇개 깔면서 컨셉질하다보면 시간이 미친듯이 흘러감. 처음으로 구입한 얼리엑세스 게임인데 정가주고 사도 돈이 안아까운 몇 안되는 수작.,모드 질 안 하고 바닐라 로 플레이 해도 충분히 할만 한 게임 . 좀 질린다 싶으면 모드 몇개 깔면서 컨셉 질하다 보면 시간 이 미친듯이 흘러감 . 처음 으로 구입 한 얼리 엑세스 게임 인데 정가 주고 사도 돈 이 안 아까운 몇 안되는 수작 .,2018-04-06 22:41:04
294100,RimWorld,positive,사놓고 안하고있었습니다. 복잡한줄 알았습니다. 튜토리얼을 해볼걸 그랬습니다. 산지 2년후 빠져서 모든 세상이 림월드로 보입니다. 빨가불에 건너는 사람을보면 정신광란이 일어났구나.... 참새가보이면 고기 몇점 줄까 ... 가죽은 줄까.... 비가오면 폭탄쥐 폭탄사슴이 먼저 떠오릅니다.... 내가사는 집보다 림사는집이 깔끔한게 더 보기 좋습니다. 제가 이상한걸까요?,사놓고 안 하고있었습니다 . 복잡한줄 알았습니다 . 튜토리얼 을 해 볼걸 그랬습니다 . 산지 2년 후 빠져서 모든 세상 이 림 월드 로 보입니다 . 빨 가불 에 건너는 사람 을 보면 정신 광란 이 일어났구나 .... 참새 가 보이 면 고기 몇 점 줄까 ... 가죽 은 줄까 .... 비가오면 폭탄 쥐 폭탄 사슴 이 먼저 떠오릅니다 .... 내 가사 는 집 보다 림 사는 집 이 깔끔한게 더 보기 좋습니다 . 제 가 이상한 걸까 요 ?,2018-04-01 03:18:33
294100,RimWorld,positive,랜디님만 믿고 따르면 됩니다,랜디님 만 믿고 따르면 됩니다,2018-03-31 17:56:00
294100,RimWorld,positive,엄청 재밌어요,엄청 재밌어요,2018-03-31 15:09:37
294100,RimWorld,positive,갓겜 ㅂㅂㅂㄱ,갓 겜 ㅂㅂㅂㄱ,2018-03-27 22:21:12
294100,RimWorld,positive,밤새 플레이하고 수업가서 꾸벅꾸벅 존 기억이 있음. 위험한 게임,밤새 플레이 하고 수업 가서 꾸벅꾸벅 존 기억 이 있음 . 위험한 게임,2018-03-24 04:14:31
294100,RimWorld,positive,컨셉 잡고 하니까 너무나도 재밌는 게임. 이틀도 안되서 24시간...,컨셉 잡고 하니까 너무나도 재밌는 게임 . 이틀 도 안되서 24시간 ...,2018-03-24 00:17:11
294100,RimWorld,positive,시벌 내시간,시벌 내 시간,2018-03-23 07:25:50
294100,RimWorld,positive,타임머신 ㄷㄷ 시간 버리고 싶으신 분은 이 게임을 사세요 .,타임머신 ㄷㄷ 시간 버리고 싶으신 분 은 이 게임 을 사세요 .,2018-03-22 16:04:08
294100,RimWorld,positive,good,good,2018-03-21 13:13:35
294100,RimWorld,positive,이게임 진짜 추천 드립니다 . 처음에는 바닐라로 플레이하다. 시간가는줄 모르고 질리면 모드 다운하고 질리면 다른모드 이게임으로 할수 있는게 많네요 .,이 게임 진짜 추천 드립니다 . 처음 에는 바닐라 로 플레이 하다 . 시간 가는줄 모르고 질리 면 모드 다운 하고 질리 면 다른 모드 이 게임 으로 할수 있는게 많네요 .,2018-03-20 14:58:11
294100,RimWorld,positive,0.16 부터 해온사람으로서 발전도 많이 됬고 구매할 가치가 있다고 생각합니다 ㅎ,0.16 부터 해온 사람 으로서 발전 도 많이 됬고 구매 할 가치 가 있다고 생각 합니다 ㅎ,2018-03-19 22:32:15
294100,RimWorld,positive,스팀에 넘어오기 전부터 한 갓갓겜. 약팔이가 존재할 수 있었던 이유를 이 게임에서 배웠습니다.,스팀 에 넘어오기 전 부터 한 갓 갓 겜 . 약 팔이 가 존재 할 수 있었던 이유 를 이 게임 에서 배웠습니다 .,2018-03-17 05:28:08
294100,RimWorld,positive,개꿀잼,개꿀잼,2018-03-16 11:24:14
294100,RimWorld,positive,요오오오오직겜 모드가 많아서 컨셉 잡고 놀면 시간가는줄 모릅니다 모드도 많아서 질리지가 않음 ㅇㄱㄹㅇ ㅂㅂㅂㄱ,요 오오오오 직겜 모드 가 많아서 컨셉 잡고 놀면 시간 가는줄 모릅니다 모드 도 많아서 질리지가 않음 ㅇㄱㄹㅇ ㅂㅂㅂㄱ,2018-03-16 01:28:52
294100,RimWorld,positive,너무 재밌어서 짜증난다,너무 재밌어서 짜증난다,2018-03-15 21:03:06
294100,RimWorld,positive,말이 필요합니까?? 시간삭제 하고싶으시면 이게임을 사서 플레이 하십시요! ㅋㅋ,말 이 필요합니까 ?? 시간 삭제 하고싶으시면 이 게임 을 사서 플레이 하십시요 ! ㅋㅋ,2018-03-13 22:14:37
294100,RimWorld,positive,"허술한 2D 그래픽으로는 예측하기 힘든 깊은 게임성이 느껴진다. 바닐라 상태로 플레이 하면 어렵지만 재미있고, 모드를 설치하면 플레이가 편해지고 더 재밌어진다. 다만 버전 업데이트 직후에 먹통이 되버리는 모드들을 다시 설치하거나 재배치할때의 짜증은 이 게임을 삭제해버리고 싶게 만들어버릴 정도. 분명 모드를 설치할 수록 더욱 재밌는 게임이 가능하지만, 역으로 모드를 잔뜩 깔았다가 지워버린 후에 다시 바닐라로 플레이 하면 게임이 너무 어렵고 재미없게 느껴진다.","허 술 한 2 D 그래픽 으로는 예측 하기 힘든 깊은 게임 성 이 느껴진다 . 바닐라 상태 로 플레이 하면 어렵지만 재미있고 , 모드 를 설치 하면 플레이 가 편해지고 더 재밌어진다 . 다만 버전 업데이트 직후 에 먹통 이 되 버리는 모드 들 을 다시 설치하거나 재 배치 할 때 의 짜증 은 이 게임 을 삭제 해 버리고 싶게 만들어 버릴 정도 . 분명 모드 를 설치 할 수록 더욱 재밌는 게임 이 가능하지만 , 역 으로 모드 를 잔뜩 깔았다가 지워 버린 후 에 다시 바닐라 로 플레이 하면 게임 이 너무 어렵고 재미없게 느껴진다 .",2018-03-05 15:58:48
294100,RimWorld,positive,이 겜 사지마세요 생활이 피폐해짐,이 겜 사지 마세요 생활 이 피 폐해 짐,2018-03-04 03:30:23
294100,RimWorld,positive,100시간 넘게했는데 애지중지 키운 마을이 아까워서 우주탈출 아직 한번도 못해봣음. 로그라이크형 생존게임 좋아하는사람이면 주저않고 추천할만 하다,100시간 넘게 했는데 애지중지 키운 마을 이 아까워서 우주 탈출 아직 한번 도 못 해 봣음 . 로그라이크 형 생존 게임 좋아하는 사람 이 면 주저 않고 추천 할만 하다,2018-03-04 03:22:14
294100,RimWorld,positive,사! 그냥사! 개인적으로 문명보다 더 타임머신,사 ! 그냥 사 ! 개인 적 으로 문명 보다 더 타임머신,2018-02-28 22:09:19
294100,RimWorld,positive,경찰 아조시 여기에요 이새끼가 마약팔아요!!!,경찰 아조 시 여기 에요 이 새끼 가 마약 팔아요 !!!,2018-02-28 11:28:17
294100,RimWorld,positive,"우리 장기 뽑히기 놀이 하자 , 너부터 시작이야","우리 장기 뽑히기 놀이 하자 , 너 부터 시작 이야",2018-02-25 22:49:54
294100,RimWorld,positive,식인집단 만드는 꿀잼 게임,식인 집단 만드는 꿀잼 게임,2018-02-25 18:08:50
294100,RimWorld,positive,인서전시도 그러더니 어째 맵 만드는중이라면서 꺼지네요 컴퓨터 사양은 문제없을텐데..,인 서 전시 도 그러더니 어째 맵 만드는 중이 라면 서 꺼지네요 컴퓨터 사양 은 문제 없을텐데 ..,2018-02-25 17:57:58
294100,RimWorld,positive,이 게임을 의도한대로 즐기려면 난이도를 높이고 하셔야합니다. 편하게 운영하는 게임이 아니라 정착지가 망해가는 모습을 보며 즐기는 게임이거든요. 어려운 난이도를 즐기는 게임이랄까.. 옆동네 getting over it 같이...?,이 게임 을 의도 한 대로 즐기려면 난이도 를 높이 고 하셔 야합니다 . 편하게 운영 하는 게임 이 아니라 정착 지 가 망해가는 모습 을 보며 즐기는 게임 이 거든요 . 어려운 난이도 를 즐기는 게임 이 랄 까 .. 옆 동네 getting over it 같이 ...?,2018-02-21 18:27:11
294100,RimWorld,positive,갓-겜 시작하기도 멈추기도 힘들다.,갓 - 겜 시작 하기도 멈추기도 힘들다 .,2018-02-21 12:14:32
294100,RimWorld,positive,게임은 재미잇는데 너무 어렵습니다...그래도 재미있다는점은 변함없구요 행성이동및 생존이라는 장르이기때문에 할만한게임입니다.애들 움직일떄힘든거뺴고 다좋아요,게임 은 재미 잇는데 너무 어렵습니다 ... 그래도 재미있다는 점 은 변함 없구요 행성 이동 및 생존 이라는 장르 이 기 때문 에 할만 한게임 입니다 . 애 들 움직일 떄 힘든거 뺴 고 다 좋아요,2018-02-20 19:09:07
294100,RimWorld,positive,"사람들이 갓겜갓겜해서 샀는데 게임이 목표를 주지 않는다. 영토를 넓혀라, 적 영토를 지배해라, 학살해라, 마을을 가꾸어라 등 무언가 목표가 있었으면 좋겠는데 황무지에다가 캐릭터 던져주고는 '자유롭게 살아라' 같은 방식이다. 튜토리얼은 있지만 그마저도 기초의 튜토, 방송하는 한국사람도 많지않아 조언을 구할곳도 마땅치않다. 181004 수정 위키, 유튭보고 기초 다지니까 갓겜이 되었습니다. 하지만 Dead By Daylight 만큼 재밌지는 않네요","사람 들 이 갓 겜 갓 겜 해서 샀는데 게임 이 목표 를 주지 않는다 . 영토 를 넓혀라 , 적 영토 를 지배 해라 , 학살 해라 , 마을 을 가꾸어라 등 무언가 목표 가 있었으면 좋겠는데 황무지 에다가 캐릭터 던져주고는 ' 자유롭게 살아라 ' 같은 방식 이다 . 튜토리얼 은 있지만 그 마저도 기초 의 튜토 , 방송 하는 한국 사람 도 많지 않아 조언 을 구 할 곳도 마땅치 않다 . 181004 수정 위키 , 유튭보 고 기초 다지 니까 갓 겜 이 되었습니다 . 하지만 Dead By Daylight 만큼 재밌지는 않네요",2018-02-19 13:08:25
294100,RimWorld,positive,이 게임을 하고 엄이 나았습니다. 드워프 포트리스를 재밌게 했었다면 추천 제대로 시작하면 문명급 폐인생성기 게임이 되어버릴 듯,이 게임 을 하고 엄 이 나았습니다 . 드워프 포트리스 를 재밌게 했었다면 추천 제대로 시작 하면 문명 급 폐 인생 성기 게임 이 되어 버릴 듯,2018-02-14 09:41:06
294100,RimWorld,positive,튜토리얼 끝냈음,튜토리얼 끝냈음,2018-02-11 12:03:31
294100,RimWorld,positive,"재미있고 좋네요 ㅋㅋ 약간 아쉬운 점이라면 완벽한 번역이 아니라는 것이죠 하지만 완벽한 번역이 아니여서 영어 공부를 조금 하게 됬습니다. 아직 모자란 부분이 많아서 힘들기는 하지만 모드가 거의 대부분을 커버해 주고 있네요 ㅋㅋ 좀 더 해줬으면 하는 것은 피뢰침이나, 놀이기구, 방어도구, 대략 이것들의 종류를 늘려 주셨음 좋겠네요.","재미있고 좋네요 ㅋㅋ 약간 아쉬운 점 이 라면 완벽한 번역 이 아니라는 것 이 죠 하지만 완벽한 번역 이 아니여서 영어 공부 를 조금 하게 됬습니다 . 아직 모자란 부분 이 많아서 힘들 기는 하지만 모드 가 거의 대부분 을 커버 해 주고 있네요 ㅋㅋ 좀 더 해줬으면 하는 것 은 피뢰침 이나 , 놀이기구 , 방어 도구 , 대략 이 것 들 의 종류 를 늘려 주셨음 좋겠네요 .",2018-02-11 08:32:23
294100,RimWorld,positive,완전 내취향,완전 내 취향,2018-02-10 00:02:30
294100,RimWorld,positive,진짜 시간가는줄 모르고 했네요 재밌어요,진짜 시간 가는줄 모르고 했네요 재밌어요,2018-02-07 00:54:48
294100,RimWorld,positive,재밌네.,재밌네 .,2018-02-01 05:00:29
294100,RimWorld,positive,엄청 재밌네요!!!,엄청 재밌네요 !!!,2018-01-31 16:01:20
294100,RimWorld,positive,재밌는데 캐릭이랑 맵만 1시간동안 고르고나면 뭔가 현탐와서 꺼버림,재밌는데 캐릭 이랑 맵 만 1시간 동안 고르고나면 뭔가 현 탐와 서 꺼 버림,2018-01-29 18:36:11
294100,RimWorld,positive,한국어 지원 + 질릴틈이 없는 컨텐츠 + 수많은 모드 + 무난한 그래픽 = 걸작 그러니까 사지 마세요. 시험 망침 데밋,한국어 지원 + 질릴 틈 이 없는 컨텐츠 + 수많은 모드 + 무난 한 그래픽 = 걸작 그러니까 사지 마세요 . 시험 망침 데밋,2018-01-27 20:52:07
294100,RimWorld,positive,"""나의 인생게임"" 설명은 이걸로 충분.. 회사를 다니지 않았다면, 야근을 하지 않았다면, 출퇴근시간이 짧았다면, 노트북이 고장 나지 않았다면 플레이시간은 엄청났을것",""" 나 의 인생게임 "" 설명 은 이 걸 로 충분 .. 회사 를 다니지 않았다면 , 야근 을 하지 않았다면 , 출퇴근시간 이 짧았다면 , 노트북 이 고장 나지 않았다면 플레이 시간 은 엄청났을것",2018-01-24 11:45:45
294100,RimWorld,positive,일주일 전에 삼,일주일 전 에 삼,2018-01-23 20:46:43
294100,RimWorld,positive,돈이 아껍지 않음,돈 이 아껍 지 않음,2018-01-19 18:06:23
294100,RimWorld,positive,안한사람은 많지만 한번만한 사람은 없는 게임이다. 이름하여.. 갓겜..,안 한 사람 은 많지만 한 번만 한 사람 은 없는 게임 이다 . 이름 하여 .. 갓 겜 ..,2018-01-18 09:31:31
294100,RimWorld,positive,절 대 림 창 해 .,절 대 림 창 해 .,2018-01-16 01:39:51
294100,RimWorld,positive,건설 / 전략 게임중에 원탑이라고 나는 말할 수 있음 비록 저기 사람들마냥 몇천시간까지 질리지 않는 게임은 아니지만 100시간 을 넘게도 재밌게 할 수 잇는게임,건설 / 전략 게임 중 에 원 탑 이라고 나 는 말 할 수 있음 비록 저기 사람 들 마냥 몇 천 시간 까지 질리 지 않는 게임 은 아니지만 100시간 을 넘게도 재밌게 할 수 잇는 게임,2018-01-15 22:51:45
294100,RimWorld,positive,구매하기 누르면 됨,구매 하기 누르면 됨,2018-01-13 03:03:59
294100,RimWorld,positive,인간이 어디까지 잔인해질 수 있는지 알 수 있는 게임,인간 이 어디 까지 잔인해질 수 있는지 알 수 있는 게임,2018-01-12 13:43:50
294100,RimWorld,positive,아 뭐야 내 시간..?,아 뭐 야 내 시간 ..?,2018-01-11 16:50:47
294100,RimWorld,positive,인생을 살고싶다,인생 을 살고싶다,2018-01-10 22:31:55
294100,RimWorld,positive,이런자유도가 높은 게임은 꼼수가 정말 많은데 개발자가 죽자고 막은 흔적들이 상당히 많이 보인다. 침대바꿔치기부터 상인 대략학살까지 유저들이 쓰던 꼼수들이 대부분막혀있는 상태이다. 하지만 여전히 개발자도 모르는 유저들만의 꼼수가 남아있고 이를 이용하면 게임이 매우 재미가 없어진다. 버그성플레이에 가까운 꼼수들은 하지 않는것이 게임을 즐기는데 도움이 된다.,이런 자유도 가 높은 게임 은 꼼수 가 정말 많은데 개발자 가 죽자고 막은 흔적 들 이 상당히 많이 보인다 . 침대 바꿔 치기 부터 상인 대략 학살 까지 유저 들 이 쓰던 꼼수 들 이 대부분 막혀있는 상태 이다 . 하지만 여전히 개발자 도 모르는 유저 들 만의 꼼수 가 남아있고 이를 이용 하면 게임 이 매우 재미 가 없어진다 . 버그 성 플레이 에 가까운 꼼수 들 은 하지 않는것이 게임 을 즐기는데 도움 이 된다 .,2018-01-09 14:42:24
294100,RimWorld,positive,"당신이 조금이라도 인생을 소중히 여긴다면, 당장 이 리뷰를 닫고 다시는 림월드에 눈길을 주지 마십시오. 그렇지 않는다ㅁ...읍읍!","당신 이 조금 이라도 인생 을 소중히 여긴다면 , 당장 이 리뷰 를 닫고 다시는 림 월드 에 눈길 을 주지 마십시오 . 그렇지 않는다 ㅁ ... 읍읍 !",2018-01-08 07:00:08
294100,RimWorld,positive,타이난을 욕하기 시작하시게 된다면 당신은 이 게임에 익숙해지신 겁니다.,타이난 을 욕 하기 시작 하시게 된다면 당신 은 이 게임 에 익숙해지신 겁니다 .,2018-01-06 04:57:33
294100,RimWorld,positive,화려하지않은게임이라서 조악하게느껴질수가있습니다. 그러나 게임성이 존나좋습니다. 아쉬운부분이 있습니다만 모드계가 활성화되어서 취향에맞게 취사선택이 가능할정도로 폭이 넓어졌습니다. 익숙해지면 이보다 재밌는게임이 몇개없습니다 추천,화려하지 않은 게임 이라서 조악하게 느껴질수가있습니다 . 그러나 게임 성 이 존나 좋습니다 . 아쉬운 부분 이 있습니다만 모드 계 가 활성화 되어서 취향 에 맞게 취사 선택 이 가능할 정도 로 폭 이 넓어졌습니다 . 익숙해지면 이보 다 재밌는 게임 이 몇개 없습니다 추천,2018-01-05 02:05:31
294100,RimWorld,positive,이얏호 드디어 튜토리얼을 끝냈네요! 이제 모드를 깔아야겠어요!,이얏호 드디어 튜토리얼 을 끝냈네요 ! 이제 모드 를 깔아야겠어요 !,2018-01-03 22:12:25
294100,RimWorld,positive,도랏맨.... 일단 켜면 계속하게 될 것이다.,도랏맨 .... 일단 켜면 계속 하게 될 것 이다 .,2018-01-03 09:54:54
294100,RimWorld,positive,"히마매, 문명급 중독성 ㄷㄷㄷ","히 마매 , 문명 급 중독 성 ㄷㄷㄷ",2018-01-03 00:37:37
294100,RimWorld,positive,"생존 + 전략게임 튜토리얼로 어느정도 대충 감을 익힘 처음에 3명 불시착(할아버지, 할머니, 아저씨) 다 총쏠줄 앎 일단 근처 동굴파서 어떻게 해야하나 고민함 고민하는새에 연구소랑 밭이랑 발전기 등등 기초적인거 세움 아직 늅늅이라서 철인난이도 하기에는 너무 가혹한거 같아서 맨 아래 세번쨰 난이도로 함 그런데 문제는 여기서부터임 풍력발전기 옆에 세워든 축전지가 누전돼서 터짐 그냥 지 혼자서 곱게 터지면 되는데 주변에 세워놓은 축전지랑 나무에 불붙음 그래서 2차폭발 + 거주지 내 불붙음 이때 소방 우선순위를 뒀어야","생존 + 전략 게임 튜토리얼 로 어느 정도 대충 감 을 익힘 처음 에 3 명 불시 착 ( 할아버지 , 할머니 , 아저씨 ) 다 총 쏠줄 앎 일단 근처 동굴 파서 어떻게 해야하나 고민 함 고민 하는 새 에 연구소 랑 밭이랑 발전기 등등 기초 적 인거 세움 아직 늅늅 이라서 철인 난이도 하기에는 너무 가혹한거 같아서 맨 아래 세번 쨰 난이도 로 함 그런데 문제 는 여기 서 부터 임 풍력 발전기 옆 에 세워든 축전지 가 누전 돼서 터짐 그냥 지 혼자 서 곱 게 터지면 되는데 주변 에 세워놓은 축전지 랑 나무 에 불 붙음 그래서 2 차 폭발 + 거주지 내 불 붙음 이 때 소방 우선 순위 를 뒀어야",2018-01-02 05:52:47
294100,RimWorld,positive,우주 거렁뱅이들을 키우며 놀랍도록 허수아비 같은 내 졸개들을 대리고 험난한 우주를 살아가야 한다. 이래서 집 떠나면 개고생이라고 하는구나.,우주 거렁 뱅이 들 을 키우며 놀랍도록 허수아비 같은 내 졸개 들 을 대리 고 험난한 우주 를 살아가야 한다 . 이래서 집 떠나면 개 고생 이라고 하는구나 .,2018-01-01 02:40:35
294100,RimWorld,positive,이번 겨울 세일에 구매했다. 심지어 구매한 지 며칠만에 벌써 43시간의 기록을 채웠다. 이건 그냥 갓겜이요. 진리입니다. 무조건 해야함.,이번 겨울 세 일 에 구매 했다 . 심지어 구매 한 지 며칠 만에 벌써 43시간 의 기록 을 채웠다 . 이건 그냥 갓 겜 이 요 . 진리 입니다 . 무조건 해야 함 .,2017-12-31 22:04:44
294100,RimWorld,positive,오래 하진 못했지만 다른 게임들과 같이 암을 유발하는게임. 단지 차이점은 다른게임들은 암을 걸리고 싶지않지만 림월드는 암이 걸리더라도 계속하게됨. 실질적 가해자들은 업뎃을 하는 개발진들. 하지만 우리는 답을 찾을것입니다. 늘 그래왔듯이.,오래 하진 못 했지만 다른 게임 들 과 같이 암 을 유발 하는 게임 . 단지 차이점 은 다른 게임 들 은 암 을 걸리고 싶지 않지만 림 월드 는 암 이 걸리더라도 계속 하게 됨 . 실질 적 가해자 들 은 업뎃 을 하는 개발 진 들 . 하지만 우리 는 답 을 찾을것 입니다 . 늘 그래 왔듯이 .,2017-12-31 02:53:44
294100,RimWorld,positive,"마성의 게임이고 재밌으며 좋은 게임은 분명하다 하지만 개발자가 유저들이 고통스러워하는것을 즐기는 듯한 느낌을 업데이트 때마다 느낀다. ""이런 방식으로 깨네? 저 방법 못쓰게 해야지"" 라는 듯한 업데이트 내역을 볼 때마다 엿을 먹는 느낌을 지울 수 없다 하지만 우리는 방법을 찾을 것이다. 늘 그래왔듯이","마 성의 게임 이고 재밌으며 좋은 게임 은 분명하다 하지만 개발자 가 유저 들 이 고통스러워하는것을 즐기는 듯 한 느낌 을 업데이트 때 마다 느낀다 . "" 이런 방식 으로 깨네 ? 저 방법 못 쓰게 해야지 "" 라는 듯 한 업데이트 내 역 을 볼 때 마다 엿 을 먹는 느낌 을 지울 수 없다 하지만 우리 는 방법 을 찾을 것 이다 . 늘 그래 왔듯이",2017-12-30 21:15:21
294100,RimWorld,positive,이 게임을 하고서 암에 걸렸읍니다.,이 게임 을 하고서 암 에 걸렸 읍니 다 .,2017-12-29 19:19:18
294100,RimWorld,positive,처음엔 하나하나 하다가 한쿡인 속성이 부여되니 풀스텟찍고 빨리성장해서 번영하는것만보게되네요,처음 엔 하나 하나 하다가 한 쿡 인 속성 이 부여 되니 풀스텟찍 고 빨리 성장해서 번영하는것만 보게 되네요,2017-12-29 18:18:11
294100,RimWorld,positive,나처럼 2천시간 넘게 한 사람은 없나봐 ㅠㅠ..,나 처럼 2천시간 넘게 한 사람 은 없나 봐 ㅠㅠ ..,2017-12-26 10:02:37
294100,RimWorld,positive,"문명4, 마인크래프트를 처음접했을때의 놀라움과 감동 즐거움을 간만에 느끼게 해준 혁명적인 게임이다. 그 놀라운 게임에, 놀라운 모드들까지... 날 잡고 정신없이 빠져들기 충분합니다. 환상적이다!","문명 4 , 마인크래프트 를 처음 접 했을 때 의 놀라 움 과 감동 즐거움 을 간만 에 느끼게 해준 혁명 적 인 게임 이다 . 그 놀라운 게임 에 , 놀라운 모드 들 까지 ... 날 잡고 정신없이 빠져들기 충분합니다 . 환상 적 이다 !",2017-12-25 22:41:14
294100,RimWorld,positive,"단언컨데, 림월드보다 완벽한 게임은 없습니다.","단 언 컨데 , 림 월드 보다 완벽한 게임 은 없습니다 .",2017-12-23 22:14:52
294100,RimWorld,positive,싀이이바 닥치고 갓겜 폰들이 쏘다가 앞에 있는 애 다리 맞추면 빡침,싀 이 이바 닥치고 갓 겜 폰 들 이 쏘다가 앞 에 있는 애 다리 맞추면 빡침,2017-12-23 04:53:10
294100,RimWorld,positive,또 다른 타임머신임...,또 다른 타임머신 임 ...,2017-12-22 11:31:58
294100,RimWorld,positive,갓겜,갓 겜,2017-12-22 11:21:15
294100,RimWorld,positive,전략 시뮬 좋아하세요? 묻지도 따지지도 마시고 해보세요,전략 시뮬 좋아하세요 ? 묻지도 따지지도 마시고 해보세요,2017-12-22 08:47:22
294100,RimWorld,positive,생존 시뮬레이션 명작. 이 그래픽으로 이정도로 흥행에 성공했는데 재미없을리가,생존 시뮬레이션 명작 . 이 그래픽 으로 이 정도 로 흥행 에 성공했는데 재미없을 리가,2017-12-21 01:24:52
294100,RimWorld,positive,그냥 켰는데 6시간이 지나있었어요 오늘도 퇴근하고 할꺼에요 행복,그냥 켰는데 6시간 이 지나있었어요 오늘 도 퇴근 하고 할꺼에요 행복,2017-12-18 16:41:05
294100,RimWorld,positive,"tag : 식인 , 싸이코패스 , 장기적출","tag : 식인 , 싸이코패스 , 장기 적 출",2017-12-17 13:14:59
294100,RimWorld,positive,갓겜... 추천... 대에박....,갓 겜 ... 추천 ... 대에 박 ....,2017-12-12 09:58:21
294100,RimWorld,positive,표범 죽이고 싶다..,표범 죽 이고 싶다 ..,2017-12-11 23:25:15
294100,RimWorld,positive,여러 가지를 만들 수 있고 연구를 하면 더 편리해져서 좋고 모드를 이용하면 다양한 것들을 할 수 있어서 좋습니다.,여러 가지 를 만들 수 있고 연구 를 하면 더 편리해져서 좋고 모드 를 이용 하면 다양한 것 들 을 할 수 있어서 좋습니다 .,2017-12-11 22:19:54
294100,RimWorld,positive,이 게임은 초반 진입 난이도가 있습니다. 특히나 평소 N3에 눈이 익숙하신 분들은 이 게임 처음 진입하는데 있어서 다소 까다로울 수 있습니다. 왜냐하면 저도 이 게임 사고 다운받고 첫 플레이를 1~2시간 하고 때려치우고 몇 주 뒤 다시 와서 제대로 해보자 해서 시작했습니다. 그리고 나서 하루 12시간 이상 플레이로 인해 2주가 사라졌어요 진입 적응 시기 지나면 일상생활 적응 시기가 곤란해지니 참고하시기 바랍니다.,이 게임 은 초반 진입 난이도 가 있습니다 . 특히 나 평소 N 3 에 눈 이 익숙하신 분 들 은 이 게임 처음 진입 하는데 있어서 다소 까다로울 수 있습니다 . 왜냐하면 저 도 이 게임 사고 다운 받고 첫 플레이 를 1~2시간 하고 때려 치우고 몇 주 뒤 다시 와서 제대로 해보자 해서 시작 했습니다 . 그리고 나서 하루 12시간 이상 플레이 로 인해 2 주가 사라졌어요 진입 적응 시기 지나면 일상생활 적응 시기 가 곤란 해지니 참고 하시기 바랍니다 .,2017-12-10 02:03:34
294100,RimWorld,positive,아직 잘 모르겠네요.,아직 잘 모르겠네요 .,2017-12-09 19:04:30
294100,RimWorld,positive,갓겜,갓 겜,2017-12-07 19:32:10
294100,RimWorld,positive,150시간 해본 결과 여전히 재밋다... 창작마당에서 모드 다운받고 더 재밋어진것같다...,150시간 해본 결과 여전히 재밋다 ... 창작 마당 에서 모드 다운 받고 더 재밋 어진 것 같다 ...,2017-12-05 20:48:33
294100,RimWorld,positive,"여러분들이 아무것도 없는곳에서 문명을 발전시키고 싶으신가요? 그렇다면 가장자리 세계를 추천합니다! 여러분은 3인 개노답팟, 애완동물 데리고온 높으신분, 워보이들 중 하나를 선택하여 게임을 진행해 나갈수있습니다. 물론 이게임의 최종목적은 우주선을 타고 탈출하는 것이지만 자신이 원한다면 집짓고 공성때리로 오는 해적들을 발할라로 던져버리면서 놀수도 있죠 이 게임은 의외로 세부적으로 잘만들어져 있습니다 대표적으로 총을 맞더라도 그냥 맞는것이아닌 손이면 손 눈이면 눈 또한 몸 내부 장기가 박살날수도 있습니다 아니면 전투중 적군이 쓰러져서","여러분 들 이 아무 것 도 없는 곳 에서 문명 을 발전 시키고 싶으신 가요 ? 그렇다면 가장자리 세계 를 추천 합니다 ! 여러분 은 3 인 개노답 팟 , 애완동물 데리 고온 높으 신분 , 워 보이 들 중 하나 를 선택 하여 게임 을 진행 해 나갈수있습니다 . 물론 이 게임 의 최종 목적 은 우주선 을 타고 탈출 하는 것 이지만 자신 이 원한다면 집 짓고 공성 때리로 오는 해적 들 을 발할라 로 던져 버리면서 놀수 도 있죠 이 게임 은 의외로 세부 적 으로 잘 만들어져 있습니다 대표 적 으로 총 을 맞더라도 그냥 맞는것이 아닌 손 이 면 손 눈 이 면 눈 또한 몸 내부 장기 가 박살 날수 도 있습니다 아니면 전투 중 적군 이 쓰러져서",2017-12-04 20:49:32
294100,RimWorld,positive,개꿀잼임,개꿀잼임,2017-12-04 08:28:30
294100,RimWorld,positive,미친게임,미친 게임,2017-11-29 08:27:59
294100,RimWorld,positive,안돼요 사지마여! 도망가여 게임을 꺼야하는데;; 여기는 2020년인가....행성 탈출하라는거야 마을을 만들라는거야..,안 돼요 사지 마여 ! 도망가여 게임 을 꺼야하는데 ;; 여기는 2020년 인가 .... 행성 탈출 하 라는 거 야 마을 을 만들라는 거 야 ..,2017-11-28 20:39:41
294100,RimWorld,positive,1. 지구가 멸망하기 전엔 할인 안하니 살거면 정가주고 사야 합니다 2. 게임 본편은 반값정도의 가치를 하지만 모드질이 나머지 가격을 메꿔줍니다 3. 취향에만 맞으면 영원히 즐길수 있습니다,1 . 지구 가 멸망하기 전 엔 할인 안 하니 살거면 정가 주고 사야 합니다 2 . 게임 본 편 은 반값 정도 의 가치 를 하지만 모드 질 이 나머지 가격 을 메 꿔 줍니다 3 . 취향 에만 맞으면 영원히 즐길수 있습니다,2017-11-28 19:41:17
294100,RimWorld,positive,종나 어려운게임,종 나 어려운 게임,2017-11-27 23:28:38
294100,RimWorld,positive,"재밌다! 컨텐츠도 많고, 제작사 측에서 할인을 안한다고 얘기했던것 같지만 정가를 주고 사서 할 가치가 있다.","재밌다 ! 컨텐츠 도 많고 , 제작사 측 에서 할인 을 안 한다고 얘기 했던것 같지만 정가 를 주고 사서 할 가치 가 있다 .",2017-11-27 19:15:02
294100,RimWorld,positive,자신의 얼마나 미쳤는지 확인 해보는 게임,자신 의 얼마나 미쳤는지 확인 해보는 게임,2017-11-26 18:11:20
294100,RimWorld,positive,"모드를 알고나서부터, 별을 탈출하지 못하는 게임. 시간 죽이기 좋은 게임.","모드 를 알 고 나서부터 , 별 을 탈출 하지 못 하는 게임 . 시간 죽이기 좋은 게임 .",2017-11-26 17:41:28
294100,RimWorld,positive,꿀잼,꿀잼,2017-11-26 14:12:29
294100,RimWorld,positive,한 번 시작하면 시간 가는 줄 모르고 플레이하는 게임. 하지만 그렇게 한 번 끝내고(죽고) 나면 현자타임이 온다. 그리고 생각보다 게임 요소가 다양하지는 않다. 앞으로의 업데이트에 기대를 걸어본다.,한 번 시작 하면 시간 가는 줄 모르고 플레이 하는 게임 . 하지만 그렇게 한 번 끝내고 ( 죽고 ) 나면 현자 타임 이 온다 . 그리고 생각 보다 게임 요소 가 다양하지는 않다 . 앞 으로의 업데이트 에 기대 를 걸어 본다 .,2017-11-26 05:05:09
294100,RimWorld,positive,드디어 얼리엑세스를 마무리하고 정식버전이 되었습니다... 정말 이만한 생존시뮬게임이 없다고 생각합니다 고민하지마시고 일단 사시는걸 추천드려요 Thx for your hard work and achievement Tynan with Ludeon Studios !!,드디어 얼리 엑세스 를 마무리 하고 정식 버전 이 되었습니다 ... 정말 이만 한 생존 시 뮬 게임 이 없다고 생각 합니다 고민 하지 마시고 일단 사시는걸 추천 드려요 Thx for your hard work and achievement Tynan with Ludeon Studios !!,2017-11-26 02:41:48
294100,RimWorld,positive,미완성 게임인데다 할인을 한적 없는걸로 유명한 게임입니다. 하지만 당신은 이 게임에 모든 시간을 쓸테니 걱정 마세요. 싫어하는 사람의 인생을 망쳐버리고 싶으시면 적극 추천하세요. 이건 문명과 견줄만 하니까요.,미완성 게임 인데 다 할인 을 한적 없 는걸 로 유명한 게임 입니다 . 하지만 당신 은 이 게임 에 모든 시간 을 쓸테니 걱정 마세요 . 싫어하는 사람 의 인생 을 망쳐 버리고 싶으시면 적극 추천 하세요 . 이건 문명 과 견줄 만 하니 까요 .,2017-11-26 00:36:00
294100,RimWorld,positive,평화롭게 시골에서 농사짓는 게임입니다. 옆 부족에서 약탈하러 오고 하늘에서 함선이 무너져 날라오고 우주해적이 강습선으로 침략하지만 평화롭네요.,평화롭게 시골 에서 농사짓는 게임 입니다 . 옆 부족 에서 약탈 하러 오고 하늘 에서 함선 이 무너져 날라오고 우주해적 이 강습 선 으로 침략 하지만 평화롭네요 .,2017-11-25 20:26:02
294100,RimWorld,positive,2017년 어디감,2017년 어디 감,2017-11-25 17:12:39
294100,RimWorld,positive,쌌다,쌌다,2017-11-25 10:35:59
294100,RimWorld,positive,그냥 해보면 알게되는 게임,그냥 해보면 알 게 되는 게임,2017-11-25 01:59:17
294100,RimWorld,positive,모드가 다양하다 -> 좋은게임 모드가 매일 새로 등장한다 -> 갓겜 모드로 모든것이 가능하다 -> 띵갓겜,모드 가 다양하다 -> 좋은 게임 모드 가 매일 새로 등장 한다 -> 갓 겜 모드 로 모든 것 이 가능하다 -> 띵갓겜,2017-11-24 18:55:34
294100,RimWorld,positive,생존하다보면 인육이 땡기네?,생존 하다 보면 인육 이 땡기네 ?,2017-11-24 18:29:30
294100,RimWorld,positive,"무한한 모드로 인한 컨텐츠와 게임 내에서 다양한 생존시뮬을 즐길 수 있다는 점, 그리고 얼리엑세스지만 완성도가 훌륭해 만족스러움","무한 한 모드 로 인한 컨텐츠 와 게임 내 에서 다양한 생존 시 뮬 을 즐길 수 있다는 점 , 그리고 얼리 엑세스 지만 완성 도 가 훌륭해 만족스러 움",2017-11-24 18:24:24
294100,RimWorld,positive,언제나 즐겁게 해주는 림월드 ㅎㅎㅎ,언제나 즐겁게 해주는 림 월드 ㅎㅎㅎ,2017-11-24 13:16:20
294100,RimWorld,positive,초반만 잘 버티면 후반은 쉽게 버틸 수 있다 끊을 타이밍을 못 잡겠다..ㅠㅠ 한 번 키면 5시간씩은 하는듯..,초반 만 잘 버티면 후반 은 쉽게 버틸 수 있다 끊을 타이밍 을 못 잡겠다 .. ㅠㅠ 한 번 키 면 5시간 씩은 하는듯 ..,2017-11-24 12:42:06
294100,RimWorld,positive,도대체 트레일러에 나오는 쓰레기같은 기지로 어떻게 엔딩을 보는거임?,도대체 트레일러 에 나오는 쓰레기 같은 기지 로 어떻게 엔딩 을 보는거 임 ?,2017-11-23 23:27:37
294100,RimWorld,positive,ㄹㅇ갓겜,ㄹㅇ 갓 겜,2017-11-23 21:57:47
294100,RimWorld,positive,말이 필요한가요? 최고의 모드들이 있는데,말 이 필요한가요 ? 최고 의 모드 들 이 있는데,2017-11-23 21:57:06
294100,RimWorld,positive,하다보면 기본 10시간 질리기 시작하면 모드로 연장 모드도 질리면 난이도 상승 ....취향만 맞으면 문명급 타임머신,하다 보면 기본 10시간 질리기 시작 하면 모드 로 연장 모드 도 질리 면 난이도 상승 .... 취향 만 맞으면 문명 급 타임머신,2017-11-23 20:18:34
294100,RimWorld,positive,이제는 제작자의 업데이트는 없겠지만 많은 모드 제작자들이 이 게임을 수많은 다양한 형태로 만들어 줍니다. 자신의 취향에 맞추어서 게임을 설정해서 진행 할 수 있지요.,이제 는 제작자 의 업데이트 는 없겠지만 많은 모드 제작자 들 이 이 게임 을 수많은 다양한 형태 로 만들어 줍니다 . 자신 의 취향 에 맞추어서 게임 을 설정 해서 진행 할 수 있지요 .,2017-11-23 19:57:18
294100,RimWorld,positive,Best,Best,2017-11-23 17:06:22
294100,RimWorld,positive,외딴 변방계 행성에 불시착한 (혹은 봉변을 당한) 사람들이 살아서 이 지옥같은 행성을 탈출하는 이야기 생각보다 폭 넓은 자유도에 난이도에 따라 알뜰 살뜰한 건설시뮬레이션에서 생존시뮬레이션까지 장르를 오가며 30분동안 주사위를 굴려가면 인간과 지형을 뽑아놓으면 1시간도 안되서 터저버리는 지구가 터져버리며 말도 안되는 불합리함을 느끼는 게임 개발사도 느리지만 꾸준히 업데이트 하며 창작마당에서 고인물들이 자신들의 기발한 상상력으로 온갖 모드들을 올려주니 질릴 일도 없다. 만약 게임이 질렸다면 3개월만 쉬고 오면 또다시 새로운 게임을 즐길,외딴 변 방계 행성 에 불시 착한 ( 혹은 봉변 을 당한 ) 사람 들 이 살아서 이 지옥 같은 행성 을 탈출 하는 이야기 생각 보다 폭 넓은 자유도 에 난이도 에 따라 알뜰 살뜰 한 건설 시뮬레이션 에서 생존 시뮬레이션 까지 장르 를 오가며 30분 동안 주사위 를 굴려 가면 인간 과 지형 을 뽑아놓으면 1시간 도 안되서 터저 버리는 지구 가 터져 버리며 말 도 안되는 불합리 함 을 느끼는 게임 개발 사도 느리지만 꾸준히 업데이트 하며 창작 마당 에서 고 인물 들 이 자신 들 의 기발한 상상력 으로 온갖 모드 들 을 올려주니 질릴 일도 없다 . 만약 게임 이 질렸다면 3 개월 만 쉬 고 오면 또다시 새로운 게임 을 즐길,2017-11-23 16:57:34
294100,RimWorld,positive,살때도 갓게임. 여전히 갓게임. 1.0이 된 지금도 갓게임.,살때 도 갓 게임 . 여전히 갓 게임 . 1.0 이 된 지금 도 갓 게임 .,2017-11-23 16:53:07
294100,RimWorld,positive,asdasdsadsad,asdasdsadsad,2017-11-23 16:39:33
294100,RimWorld,positive,납치 장기적출 노예 판매 시뮬레이터,납치 장기 적 출 노예 판매 시뮬레이터,2017-11-23 16:13:09
294100,RimWorld,positive,드디어 베타에 들어갔군요. 완성된 모습이 기대됩니다.,드디어 베타 에 들어갔군요 . 완성 된 모습 이 기대 됩니다 .,2017-11-23 15:48:38
294100,RimWorld,positive,당신은 이 게임을 하면서 한가지 명심해야 할 점이 있습니다. 무슨 상황이 벌어지던 당신의 림은 손쉽게 죽는다는 것입니다.,당신 은 이 게임 을 하면서 한가지 명 심해야 할 점 이 있습니다 . 무슨 상황 이 벌어지던 당신 의 림 은 손쉽게 죽는다는 것 입니다 .,2017-11-23 15:21:32
294100,RimWorld,positive,갓게임,갓 게임,2017-11-23 13:18:01
294100,RimWorld,positive,모드질 ㅆㅅㅌㅊ,모드 질 ㅆㅅㅌㅊ,2017-11-23 12:01:21
294100,RimWorld,positive,할때마다 다양한 변수로 재미있는 게임 알파나 베타라고 하지만 웬만한 정식버전 게임보다 풍부한 컨텐츠,할 때 마다 다양한 변수 로 재미있는 게임 알파 나 베타 라고 하지만 웬만한 정식 버전 게임 보다 풍부한 컨텐츠,2017-11-23 11:32:06
294100,RimWorld,positive,어느 순간부터 포로들이 장기적출용 자원으로 보이기 시작한다면 그것은 게임에 익숙해지고 있다는 증거,어느 순간 부터 포로 들 이 장기 적 출용 자원 으로 보이기 시작 한 다 면 그것 은 게임 에 익숙해지고 있다는 증거,2017-11-23 10:28:27
294100,RimWorld,positive,재미따,재미 따,2017-11-23 09:44:28
294100,RimWorld,positive,도전 욕구를 불사르게 하는 게임. 매번 즐길때 마다 새로운 캐릭터로 색다르게 즐길 수 있다는 점이 매력적이다.,도전 욕구 를 불 사르 게 하는 게임 . 매번 즐길 때 마다 새로운 캐릭터 로 색다르게 즐길 수 있다는 점 이 매력 적 이다 .,2017-11-23 08:19:25
294100,RimWorld,positive,내가하면 고통 남이하면 행복한 게임~ (주)거라 (망)해라 (터)져라라고 응원해주면 응원당한 사람의 행복회로가 가동되는 모습을 볼수있습니다~,내 가하면 고통 남이하면 행복한 게임 ~ ( 주 ) 거 라 ( 망 ) 해 라 ( 터 ) 져 라라 고 응원 해주면 응원 당 한 사람 의 행복 회로 가 가동 되는 모습 을 볼수있습니다 ~,2017-11-23 07:44:21
294100,RimWorld,positive,베이스 기지 박살나니까 멘탈도 같이 박살났음,베이스 기지 박살 나 니까 멘탈 도 같이 박살 났음,2017-11-23 07:43:06
294100,RimWorld,positive,꼭 해봐야할 게임입니다!!!,꼭 해봐 야할 게임 입니다 !!!,2017-11-23 04:00:01
294100,RimWorld,positive,갓겜임,갓 겜임,2017-11-20 14:33:14
294100,RimWorld,positive,땅굴벌레 개샛기,땅굴 벌레 개샛기,2017-11-19 23:19:05
294100,RimWorld,positive,많이 한거 같은데 엔딩 한번도 못봄,많이 한 거 같은데 엔딩 한번 도 못 봄,2017-11-19 16:28:28
294100,RimWorld,positive,"이것이 진정한 갓-게임 맨번 할떼마다 새로운 느낌, 현재 얼리엑세스 여서, 나올것도 많죠!","이 것 이 진정한 갓 - 게임 맨 번 할 떼 마다 새로운 느낌 , 현재 얼리 엑세스 여서 , 나올것도 많죠 !",2017-11-19 15:43:01
294100,RimWorld,positive,이게임에 단점이 있나요?,이 게임 에 단점 이 있나요 ?,2017-11-19 01:27:19
294100,RimWorld,positive,타이난이 기획하고 모더가 완성시키는 게임,타이난 이 기획 하고 모 더 가 완성 시키는 게임,2017-11-18 19:39:13
294100,RimWorld,positive,내가생각해도좀심한걸,내 가 생각 해도 좀 심한 걸,2017-11-17 12:05:57
294100,RimWorld,positive,대충 했는데 탈출하기까지 시간도 너무 걸리고 공격오는 적들 숫자도 비슷해서 좀 지루하네요. 그래도 산 돈이 아까우니까 지금까지 한 만큼만 더 하고 끊으려고요. 는 개뿔 이런 갓겜 빨리 정식으로 나왔으면 좋겠습니다 ㅋㅋ 벌써 친구 하나 끌고 왔는데 이거 한다고 정신없음 ㅋㅋㅋㅋㅋ,대충 했는데 탈출 하기까지 시간 도 너무 걸리고 공격 오는 적 들 숫자 도 비슷해서 좀 지루하네요 . 그래도 산 돈 이 아까우니까 지금 까지 한 만큼만 더 하고 끊으려고요 . 는 개뿔 이런 갓 겜 빨리 정식 으로 나왔으면 좋겠습니다 ㅋㅋ 벌써 친구 하나 끌 고 왔는데 이 거 한다고 정신 없음 ㅋㅋㅋㅋㅋ,2017-11-15 12:50:01
294100,RimWorld,positive,방학때 시간때우기용으로 샀었지만 지금은 림월드가 일상이되어버렸다.,방학 때 시간 때우 기용 으로 샀었지만 지금 은 림 월드 가 일상 이 되어 버렸다 .,2017-11-15 03:04:29
294100,RimWorld,positive,댓글 다는놈들 플레이 시간봐라 ㅋㅋㅋㅋㅋ,댓글 다는 놈 들 플레이 시간 봐라 ㅋㅋㅋㅋㅋ,2017-11-14 21:35:43
294100,RimWorld,positive,생존 전략 좋아하시는 분이라면 매우 좋아하실 게임입니다. 저는 주로 모드 하나도 없는 바닐라에 시작지점 툰드라로 1인 부자 시나리오에 랜덤 이야기꾼으로 극한의 생존을 즐깁니다.,생존 전략 좋아하시는 분이라면 매우 좋아하실 게임 입니다 . 저 는 주로 모드 하나 도 없는 바닐라 에 시작 지점 툰드라 로 1 인 부자 시나리오 에 랜덤 이야기 꾼 으로 극한 의 생존 을 즐깁니다 .,2017-11-13 22:30:09
294100,RimWorld,positive,컨셉질 끝판왕,컨셉 질 끝판 왕,2017-11-11 05:55:57
294100,RimWorld,positive,갓ㅡ겜,갓 ㅡ 겜,2017-11-08 16:47:57
294100,RimWorld,positive,진짜 불법으로 다운받고 하다가 재밌어서 질렸는데도 구매해보긴 처음이다,진짜 불법 으로 다운 받고 하다가 재밌어서 질렸는데도 구매 해보긴 처음 이다,2017-11-07 13:22:40
294100,RimWorld,positive,최첨단 시대에 탈 것을 못만든 다는게 조금 아쉬운 부분이네요 전채적으로 매우 만족 스럽습니다.,최첨단 시대 에 탈 것 을 못 만든 다는게 조금 아쉬운 부분 이네 요 전채 적 으로 매우 만족 스럽습니다 .,2017-11-07 09:27:08
294100,RimWorld,positive,재밌습니다. 멀티만 지원해주면 이만한 게임 없을것 같네요.,재밌습니다 . 멀티 만 지원 해주면 이만 한 게임 없을것 같네요 .,2017-11-07 05:52:03
294100,RimWorld,positive,약 180시간하면서 여러가지를 느낍니다. 림들을 굶기지 않기 위해서 제가 굶고있다는것을요ㅠㅠ 헐떡이면서 겜하는거 안좋아해서 난이도도 낮은걸로 플레이중인데 그래도 림들의 즐거운 일생을 위해서 플레이어가 고생하고 있어요 ㅋㅋㅋ,약 180시간 하면서 여러가지 를 느낍니다 . 림 들 을 굶기지 않기 위해 서 제 가 굶고있다는것을요 ㅠㅠ 헐떡이면서 겜 하는거 안 좋아해서 난이도 도 낮은 걸 로 플레이 중 인데 그래도 림 들 의 즐거운 일생 을 위해 서 플레이어 가 고생 하고 있어요 ㅋㅋㅋ,2017-11-05 18:56:01
294100,RimWorld,positive,조금 했지만 재미 있습니다.,조금 했지만 재미 있습니다 .,2017-11-04 20:17:32
294100,RimWorld,positive,"일주일동안 64시간했다. 비슷한 게임종류로 Banished도 있지만, 중후반부에 도달하면 안정권을 찾기 시작하는 게임들이랑 다르게 계속 일이 겹친다. 덕분에 질릴이유도 그다지없다. 이런저런거에 도전하는 재미도 많이 높다. 사실상 모드가 이 게임의 일부를 차지하고 있는데, 성능이 많이 좋은 모드들은 패치에 반영되기도 한다. 모드는 적어도 30시간은 게임하고, 한두번 행성탈출 해보고 까는것을 추천. 추천은Chemfuel Generator(화학연료 발전기), RimFridge(냉장고). 참고로 A18(테스트)버전부턴 화학연료발전기가","일주일 동안 64시간 했다 . 비슷한 게임 종류 로 Banished 도 있지만 , 중후 반 부 에 도달 하면 안정 권 을 찾기 시작 하는 게임 들 이랑 다르게 계속 일이 겹 친다 . 덕분 에 질릴 이유 도 그다지 없다 . 이런저런 거 에 도전 하는 재미 도 많이 높다 . 사실 상 모드 가 이 게임 의 일부 를 차지 하고 있는데 , 성능 이 많이 좋은 모드 들 은 패치 에 반영 되 기도 한다 . 모드 는 적어도 30시간 은 게임 하고 , 한두 번 행성 탈출 해보고 까는것을 추천 . 추천 은 Chemfuel Generator ( 화학 연료 발전기 ), RimFridge ( 냉장고 ). 참고 로 A 18 ( 테스트 ) 버전 부턴 화학 연료 발전기 가",2017-11-04 10:02:11
294100,RimWorld,positive,그냥 끝내주는 게임 당신이 RTS를 즐겨한다면 빠뜨릴수 없는 게임이 될것이며 무수한 모드(MOD)가 당신을 만족 시킬것이다.,그냥 끝내주는 게임 당신 이 RTS 를 즐겨 한다면 빠뜨릴수 없는 게임 이 될것이며 무수 한 모드 ( MOD ) 가 당신 을 만족 시킬것이다 .,2017-11-03 19:59:39
294100,RimWorld,positive,"게임 비평: 큐레이터 `게임 비평`은 게임의 숨은 가치를 찾아내어 게임의 가치를 부여하는 게임 비평 큐레이터입니다. 이 게임을 플레이 해보신 분들도 읽어 보시면 좋을 것입니다. * 게임의 장점과 단점, 재미의 유무는 앞선 구매자의 게임 평가를 참조하시기 바랍니다. 문화사회학적 비평, 마르크스 주의 비평을 통해 바라본 림월드 새로운 행성에 불시착한 조난자들의 이야기를 다룬 게임이다. 플레이어들은 조난과 동시에 새로운 유토피아를 건설하기를 꿈 꿨을 것이다. 하지만 이 림월드는 만만한 세계가 아니다. 이 행성의 다양한","게임 비평 : 큐레이터 ` 게임 비평 ` 은 게임 의 숨은 가치 를 찾아내어 게임 의 가치 를 부여 하는 게임 비평 큐레이터 입니다 . 이 게임 을 플레이 해보신 분 들 도 읽어 보시 면 좋을 것 입니다 . * 게임 의 장점 과 단점 , 재미 의 유무 는 앞선 구매 자의 게임 평가 를 참조 하시기 바랍니다 . 문화 사회학 적 비평 , 마르크스 주의 비평 을 통해 바라본 림 월드 새로운 행성 에 불시 착한 조 난자 들 의 이야기 를 다룬 게임 이다 . 플레이어 들 은 조난 과 동시 에 새로운 유토피아 를 건설 하기를 꿈 꿨을 것 이다 . 하지만 이 림 월드 는 만만한 세계 가 아니다 . 이 행성 의 다양한",2017-11-01 23:06:16
294100,RimWorld,positive,시간이 없어지는 악마겜 개꿀잼,시간 이 없어지는 악마 겜 개꿀잼,2017-11-01 16:06:43
294100,RimWorld,positive,갓겜,갓 겜,2017-10-31 07:18:54
294100,RimWorld,positive,환불해주세요 ㅠㅠ 이거 더 하다간 내 인생의 절반이 날아갈것 같아요 ㅠㅠ,환불 해주세요 ㅠㅠ 이 거 더 하다 간 내 인생 의 절반 이 날아갈것 같아요 ㅠㅠ,2017-10-26 17:33:27
294100,RimWorld,positive,"갓-겜 바닐라로하면 후반가서 디펜스밖에할게없지만 모드질하면 컨텐츠가 늘어난다 물론 바닐라가 재미없는건 아니지만 모드질을해야 진정한 빛을보는 게임이다 하지만 모드를 많이추가하면 전체적인 렉이 심해져서 아무리 좋은컴이라도 게임을 못할정도가 되니 적당히 추가하자. 물론 모드추가안해도 정착인원 수십,수백명이면 렉걸린다. 빨리 최적화 패치가 되어서 다중코어 사용가능하게하면 갓겜에서 갓갓겜이 될듯","갓 - 겜 바닐라 로 하면 후반 가서 디펜스 밖에 할게 없지만 모드 질하면 컨텐츠 가 늘어난다 물론 바닐라 가 재미없는건 아니지만 모드 질 을해 야 진정한 빛 을 보는 게임 이다 하지만 모드 를 많이 추가 하 면 전체 적 인 렉 이 심해져서 아무리 좋은 컴 이라도 게임 을 못 할 정도 가 되니 적당히 추가 하자 . 물론 모드 추가 안해 도 정착 인원 수십 , 수백 명 이 면 렉 걸린다 . 빨리 최적화 패치 가 되어서 다중코어 사용 가능하게하면 갓 겜 에서 갓 갓 겜 이 될듯",2017-10-22 19:32:50
294100,RimWorld,positive,"이 게임 사두면 후회는 없다. 세일 하면 일단 사둬라. 나중에 시간많을 떄 켜서 해라. 모드 꼭 다운받고.. 500시간은 이 겜 하나로 무리없이 보낼 수 있다고 장담함.100시간은 튜토리얼인데, 이것또한 질리지가 않는다.","이 게임 사두 면 후회 는 없다 . 세 일 하면 일단 사 둬라 . 나중 에 시간 많을 떄 켜서 해 라 . 모드 꼭 다운 받고 .. 500시간 은 이 겜 하나로 무리 없이 보낼 수 있다고 장담 함 . 100시간 은 튜토리얼 인데 , 이 것 또한 질리지가 않는다 .",2017-10-20 19:21:37
294100,RimWorld,positive,"약 200시간 정도 하고 스팀게임중에서는 리뷰가 처음입니다.저는 모드는 거의 없이 150시간 한 것 같고요모드 있으면 게임이 재밌다고 하는데, 몇개 모드 해봤는데 확실히 게임이 달라지더군요. 게임 자체만 봐도 충분히 재밌다 생각합니다. 가장 큰 문제는... 한번 하면 10시간은 해야지 그만하고 싶더라고요 추석 같을때하면 좋아요 보통 전략게임 위주로하는데, 이게 갑!","약 200시간 정도 하고 스팀 게임 중 에서는 리뷰 가 처음 입니다 . 저 는 모드 는 거의 없이 150시간 한 것 같고요 모드 있으면 게임 이 재밌다고 하는데 , 몇개 모드 해봤는데 확실히 게임 이 달라지더군요 . 게임 자체 만 봐도 충분히 재밌다 생각 합니다 . 가장 큰 문제 는 ... 한번 하면 10시간 은 해야지 그만하고 싶더라고요 추석 같을 때 하 면 좋아요 보통 전략 게임 위주 로 하는데 , 이 게 갑 !",2017-10-17 23:37:36
294100,RimWorld,positive,"내 개인적인 시뮬레이션 게임중 원탑 모든것이 랜덤 인카운트로 적용된다. 길을 가다가 늑대무리가 인간을 사냥하는것도 , 갑자기 늑대가 아군에게 순종하는것도 내가 적에게 총을 쏴서 앞에있던 아군의 머리를 날리는것도 , 적의 투창이 내 머리에 꽂히는것도 . 이 게임의 스토리는 존재하지 않는다 . 하지만 내가 스토리를 직접 만들어 가는 게임이다. 정해진 길이나 룰 같은것도 존재 하지 않는다. 여러 지역을 이동하면서 유목민 생활을 하거나 한 겨울 아무것도 없는 곳에서 극심한 허기를 채우기 위해 옆의 동료를 죽여서 먹거나 싸움에","내 개인 적 인 시뮬레이션 게임 중 원 탑 모든 것 이 랜덤 인 카운트 로 적용 된다 . 길 을 가다가 늑대 무리 가 인간 을 사냥 하는것도 , 갑자기 늑대 가 아군 에게 순종 하는것도 내 가 적 에게 총 을 쏴서 앞 에 있던 아군 의 머리 를 날리는것도 , 적의 투창 이 내 머리 에 꽂히는것도 . 이 게임 의 스토리 는 존재 하지 않는다 . 하지만 내 가 스토리 를 직접 만들어 가는 게임 이다 . 정해진 길이 나 룰 같은것도 존재 하지 않는다 . 여러 지역 을 이동 하면서 유목민 생활 을 하 거나 한 겨울 아무 것 도 없는 곳 에서 극심한 허기 를 채우기 위해 옆 의 동료 를 죽 여서 먹거나 싸움 에",2017-10-17 22:46:38
294100,RimWorld,positive,미친 중독성 게임.. 모드가 너무 많아서 취향만 맞으면 진짜 오래할 수 있는 게임,미친 중독 성 게임 .. 모드 가 너무 많아서 취향 만 맞으면 진짜 오래 할 수 있는 게임,2017-10-17 19:03:08
294100,RimWorld,positive,멀티는 왜안댐?,멀티 는 왜안댐 ?,2017-10-15 17:15:00
294100,RimWorld,positive,재미없어요. 그니까. 신규 유입하시는분들을 위해서. 할인해주지마세요,재미없어요 . 그니까 . 신규 유입 하시는 분 들 을 위해 서 . 할인 해주지 마세요,2017-10-14 21:01:25
294100,RimWorld,positive,시계 빠늘아 달려봐,시계 빠늘 아 달려 봐,2017-10-13 18:33:26
294100,RimWorld,positive,초반에 좀빡셀수도 있지만 그래도 재미없지않는 갓겜이다 돈값은 한다,초반 에 좀빡셀수 도 있지만 그래도 재미없지 않는 갓 겜 이다 돈값 은 한다,2017-10-12 08:25:32
294100,RimWorld,positive,음악 좋코 재미 좋코 맨탈좈ㅗ,음악 좋 코 재미 좋 코 맨탈좈 ㅗ,2017-10-12 00:39:07
294100,RimWorld,positive,탑뷰 생존 게임중 최고의 게임. 수많은 모드 덕에 지루할 틈이 없음.,탑뷰 생존 게임 중 최고 의 게임 . 수많은 모드 덕 에 지루할 틈 이 없음 .,2017-10-11 21:15:33
294100,RimWorld,positive,림월드 최고야,림 월드 최고 야,2017-10-11 15:19:12
294100,RimWorld,positive,솔직히 이 게임 모드떄문에 한다. 솔직히 모드 아니면 나 10시간도 안하고 바로 껐다 .,솔직히 이 게임 모드떄문 에 한다 . 솔직히 모드 아니면 나 10시간 도 안 하고 바로 껐다 .,2017-10-11 15:11:54
294100,RimWorld,positive,지루함 솔직히 어려워서 아직도 이해못한듯 불날때 개빡침 이런겜 좋아하시면 사는걸 추천 굶지마랑 스타듀밸리랑 비슷비슷함,지루함 솔직히 어려워서 아직도 이해 못 한듯 불날때 개 빡침 이런 겜 좋아하시면 사 는걸 추천 굶지 마랑 스타 듀 밸리 랑 비슷 비슷함,2017-10-10 22:41:54
294100,RimWorld,positive,이거 하나 사두면 백수생활 걱정없자너 ㅋㅋ,이 거 하나 사두 면 백수 생활 걱정 없자 너 ㅋㅋ,2017-10-09 00:50:24
294100,RimWorld,positive,응 타임머신 미친 갓겜 말이 필요없음 ㄷㄷ,응 타임머신 미친 갓 겜 말 이 필요없음 ㄷㄷ,2017-10-08 23:08:51
294100,RimWorld,positive,말이 필요없는 훌륭한 게임 다른 부분을 떠나서 그냥 재미있다. 단순한 그래픽에 게임을 평가절하 한다면 게임이 지닌 본래의 목적을 모르는 사람이다. 긴 시간 얼리억세스를 유지하면서 지속적으로 평가가 좋은데는 다 이유가 있다. 정착지를 일궈나가는 수많은 게임들이 있는데 이 게임은 생존을 기반으로 하기에 더욱 재미있다. 뿐만 아니라 생존의 기반이 되는 여러 요소들이 지속적으로 게임을 파고들게 만든다. 때문에 탑뷰 방식으로 게임의 플레이는 단순화 했지만 재미만큼은 상당히 깊다. 무엇보다도 창작마당의 지원이 게임플레이의 폭을 상당히 넓혀준,말 이 필요없는 훌륭한 게임 다른 부분 을 떠나서 그냥 재미있다 . 단순한 그래픽 에 게임 을 평가절하 한다면 게임 이 지닌 본래 의 목적 을 모르는 사람 이다 . 긴 시간 얼리 억 세 스 를 유지 하면서 지속 적 으로 평가 가 좋은데는 다 이유 가 있다 . 정착 지를 일궈 나가는 수많은 게임 들 이 있는데 이 게임 은 생존 을 기반 으로 하기에 더욱 재미있다 . 뿐 만 아니라 생존 의 기반 이 되는 여러 요소 들 이 지속 적 으로 게임 을 파고들게 만든다 . 때문 에 탑뷰 방식 으로 게임 의 플레이 는 단순화 했지만 재미 만큼은 상당히 깊다 . 무엇 보다도 창작 마당 의 지원이 게임 플레이 의 폭 을 상당히 넓혀 준,2017-10-08 23:07:50
294100,RimWorld,positive,기대 하나도 안하고 샀는데 시간증발됨 팩토리오만큼은 아니지만 처음엔 약간 복잡하다고 생각할수도 있다 익숙해지면 잠을 못잠 가볍게 즐기는 게임? 으로 보이지만 볼륨이 꽉차있음,기대 하나 도 안 하고 샀는데 시간 증발 됨 팩토리 오 만큼은 아니지만 처음 엔 약간 복잡하다고 생각 할수도 있다 익숙해지면 잠 을 못잠 가볍게 즐기는 게임 ? 으로 보이 지만 볼륨 이 꽉차있음,2017-10-08 14:38:41
294100,RimWorld,positive,한때 문명 당한적이 있었죠 겨우 벗어나서 이 게임에 더 월드 당해 버렸네요거주민들의 부족을 운영하여 최고의 마을을건설해 보세요당신이 필요한건 많은 시간과 강인한'멘탈'입니다,한때 문명 당 한적 이 있었죠 겨우 벗어나서 이 게임 에 더 월드 당해 버렸네요 거 주민 들 의 부족 을 운영 하여 최고 의 마을 을 건설 해 보세요 당신 이 필요한건 많은 시간 과 강인한 ' 멘탈 ' 입니다,2017-10-07 23:58:07
294100,RimWorld,positive,1000시간정도 했으니까 시간당 31원정도 썼네요. 림월드는 괜찮은 거래였습니다.,1000시간 정도 했으니까 시간 당 31원 정도 썼네요 . 림 월드 는 괜찮은 거래 였습니다 .,2017-10-05 11:10:04
294100,RimWorld,positive,솔직히 이제 좀 질리기 시작함..,솔직히 이제 좀 질리기 시작 함 ..,2017-10-05 11:03:01
294100,RimWorld,positive,너무너무 잼있잔아. 아아아 주말이 없어져버렸! 초반이 조금 이해하기 힘들지만 알고나면 창작마당이 컨텐츠를 10배로 뻥 튀기 하는 느낌을 받아 아아 너무 좋아,너무 너무 잼있 잔 아 . 아아 아 주말 이 없어져 버렸 ! 초반 이 조금 이해 하기 힘들지만 알고나면 창작 마당 이 컨텐츠 를 10 배 로 뻥 튀기 하는 느낌 을 받아 아아 너무 좋아,2017-10-05 08:22:20
294100,RimWorld,positive,이 게임은 생존 + 건설 + 아기자기 + 시간죽이는 플레이 + 정교하고 세밀한 세계 + 버티기류 + 학살을 좋아하신다면 반드시 구매해야 합니다. 도끼자루 썩는줄 모르고 플레이하게 됩니다. 스팀 출시전 개발자 직링크 구매로 수백시간을 즐겼기 때문에 플레이 시간이 적은 겁니다. 다양한 모드가 있어서 언제든지 새로운 새계에서 생존을 즐길수 있습니다.,이 게임 은 생존 + 건설 + 아기자기 + 시간 죽이는 플레이 + 정교하고 세밀 한 세계 + 버티 기류 + 학살 을 좋아하신다면 반드시 구매 해야 합니다 . 도끼 자루 썩는줄 모르고 플레이 하게 됩니다 . 스팀 출시 전 개발자 직 링크 구매 로 수백 시간 을 즐겼기 때문 에 플레이 시간 이 적은 겁니다 . 다양한 모드 가 있어서 언제 든지 새로운 새계에서 생존 을 즐길수 있습니다 .,2017-10-05 00:17:33
294100,RimWorld,positive,뭐해? 당장 사라고!!,뭐 해 ? 당장 사라 고 !!,2017-10-04 21:31:09
294100,RimWorld,positive,참 재미있어요 (빈말이 아니고),참 재미있어요 ( 빈말 이 아니고 ),2017-10-04 14:44:50
294100,RimWorld,positive,아주조와요,아주 조 와 요,2017-10-04 12:40:05
294100,RimWorld,positive,게임을 수백시간을 했어도 어느 날 기억 나서 다시 달려서 엔딩보면 묘한 여운이 남는 겜,게임 을 수백 시간 을 했어도 어느 날 기억 나서 다시 달려서 엔딩 보면 묘 한 여운 이 남는 겜,2017-10-02 17:39:39
294100,RimWorld,positive,나름 재밌게하고 있는 겜. 사방에서 처들어 오고 막는 재미가 있지만 내 림(사람)이 죽으면 가슴이 아파 불러오기를 하게 되는 게임 하드하게 즐기고 싶다면 다양한 스토리 텔러중 랜덤을 고르고 난이도를 올려볼 것. 또 쓸만한 모드가 많으니 추가해서 다양한 컨텐츠를 즐기는 것도 나쁘지 않음.,나름 재밌게하고 있는 겜 . 사방 에서 처 들어 오고 막는 재미 가 있지만 내 림 ( 사람 ) 이 죽으면 가슴 이 아파 불러 오기 를 하게 되는 게임 하드 하게 즐기고 싶다면 다양한 스토리 텔러중 랜덤 을 고르고 난이도 를 올려 볼 것 . 또 쓸만 한 모드 가 많으니 추가 해서 다양한 컨텐츠 를 즐기는 것 도 나쁘지 않음 .,2017-10-02 16:24:38
294100,RimWorld,positive,Good 1) 높은 자유도 2) 개발자의 철학이 느껴지는 UI와 그래픽 3) 그 안에 우겨넣은 큰 시스템 Bad 1) 초반부의 지루함 8.5/10,Good 1 ) 높은 자유도 2 ) 개발자 의 철학 이 느껴지는 UI 와 그래픽 3 ) 그 안 에 우겨 넣은 큰 시스템 Bad 1 ) 초반 부의 지루함 8.5 / 10,2017-09-26 04:11:24
294100,RimWorld,positive,꿀잼,꿀잼,2017-09-23 16:15:56
294100,RimWorld,positive,최고의 게임입니다,최고 의 게임 입니다,2017-09-22 18:39:18
294100,RimWorld,positive,모드를 하면 난이도하락과 상승 입맛에 따라서 고를수 있다 일단은 모드없이 순정으로 한다면 난이도에 따라 다르지만 취향에 맞는다면 정말 재밌게 할수 있다 하지만 단점도 있는데 데리고 있는 림이 50이 넘어가면 그때부터 렉이 걸린다 뭐 좋은컴퓨터도 렉걸린다고 하니 이건 게임자체의 문제일꺼같다 그거 감안하고 사자,모드 를 하면 난이도 하락 과 상승 입맛 에 따라서 고를수 있다 일단 은 모드 없이 순정 으로 한다면 난이도 에 따라 다르지만 취향 에 맞는다면 정말 재밌게 할수 있다 하지만 단점 도 있는데 데리 고 있는 림 이 50 이 넘어가면 그때 부터 렉 이 걸린다 뭐 좋은 컴퓨터 도 렉 걸린다고 하니 이건 게임 자체 의 문 제일 꺼 같다 그거 감안 하고 사자,2017-09-22 04:02:43
294100,RimWorld,positive,할만한데 버그가 좀...,할 만한데 버그 가 좀 ...,2017-09-20 18:54:29
294100,RimWorld,positive,이건 다른말할것없는 갓겜 심지어 모드를 번역을하는 사람들이있어서 더 재미있게 플레이가능,이건 다른 말 할것 없는 갓 겜 심지어 모드 를 번역 을 하는 사람 들이있어서 더 재미있게 플레이 가능,2017-09-16 15:15:13
294100,RimWorld,positive,"음, 튜토리얼만 한거같은데 이제 좀 질리네요","음 , 튜토리얼 만 한 거 같은데 이제 좀 질리네요",2017-09-14 19:24:58
294100,RimWorld,positive,"장점 : 미친 자유도와 미친 게임성, 미친 재미, 미친 게임 단점 : 게임이 길어질수록 오브젝트 탓인지 렉이 생김","장점 : 미친 자유도 와 미친 게임 성 , 미친 재미 , 미친 게임 단점 : 게임 이 길어질수록 오브젝트 탓 인지 렉 이 생김",2017-09-14 01:03:12
294100,RimWorld,positive,사놓고 안하다가 오늘 도타연패해서 빡쳐서 머리식힐겸 했는데 5시간 함. 쉬는날 노트북들고 카페가서 커피하나 빵하나시키고 졸라할거 ㅎㅎ,사놓고 안 하다가 오늘 도타 연패 해서 빡쳐서 머리 식힐 겸 했는데 5시간 함 . 쉬는 날 노트북 들 고 카페 가서 커피 하나 빵 하 나 시키고 졸라 할거 ㅎㅎ,2017-09-12 18:37:13
294100,RimWorld,positive,갓 그자체다,갓 그 자체 다,2017-09-09 21:55:40
294100,RimWorld,positive,꿀잼,꿀잼,2017-09-07 22:31:55
294100,RimWorld,positive,"처음에는 외부에 해적이나 원주민침공이 걱정이였는데 좀 해보니 내부에 온갖 정신병중 하나라도 가진 주민들이 더 위험한 골칫거리들이였다. 집에 불지르고 돌아다니지를 않나, 다른 주민을 공격해서 둘다 중상입어 침대살이를 하지 않나 툭하면 멘탈나가서 일안하고 아무데나 돌아다니면서 옷벗고 무기버리고 밥도 안먹고는 병걸려서 복귀하고 지가 밥안먹고 옷 벗어 놓고 기분나쁘다고 멘탈에 -까지 붙이고 있음 내부 총질이 제일 무서운 거야","처음 에는 외부 에 해적 이나 원주민 침공 이 걱정 이 였는데 좀 해보니 내부 에 온갖 정신병 중 하나 라도 가진 주민 들 이 더 위험한 골칫거리 들이였다 . 집 에 불 지르고 돌아다니지를 않나 , 다른 주민 을 공격 해서 둘다 중상 입어 침대 살이 를 하지 않나 툭하면 멘탈 나가서 일안하고 아무 데 나 돌아다니면서 옷벗고 무기 버리고 밥 도 안 먹고는 병 걸려서 복귀 하고 지가 밥 안 먹고 옷 벗어 놓고 기분 나쁘다고 멘탈 에 - 까지 붙이 고 있음 내부 총 질 이 제일 무서운 거야",2017-09-07 16:51:02
294100,RimWorld,positive,갓ㅡ겜,갓 ㅡ 겜,2017-09-07 14:48:29
294100,RimWorld,positive,흐..흐흑.. 엠뒤 씹... 방화광 개새끼...,흐 .. 흐흑 .. 엠뒤 씹 ... 방화 광 개새끼 ...,2017-09-07 13:48:48
294100,RimWorld,positive,"내 인생의 최고의 게임의 반열에 넣고 싶은 게임이다. 불시착 우주선 선원들의 생존기를 다루는 생존 시뮬레이터는 완성도가 아주 훌륭하다. 필자는 이 게임이 나오기 전 있었던 비슷한 그래픽의 게임을 모두 경험해본지라 이것이 아류작일 것이라고 평가했지만, 플레이 해본 뒤에 그 생각을 고쳤다. 다행히 워크샵에 존재하는 각종 유저들이 만든 시나리오 모드의 퀄리티가 높아, 기존 게임의 스토리의 부족함을 덜었다.각기 캐릭터를 하나하나 조종하여 세부적인 조작도 가능하고 구역, 스케줄만 정해주면 자동으로 선택되어 있는 우선순위로 인해 운영게임처럼","내 인생 의 최고 의 게임 의 반 열 에 넣고 싶은 게임 이다 . 불시 착 우주선 선원 들 의 생존 기를 다루는 생존 시뮬레이터 는 완성 도 가 아주 훌륭하다 . 필자 는 이 게임 이 나오기 전 있었던 비슷한 그래픽 의 게임 을 모두 경험 해본지라 이 것 이 아 류 작일 것 이라고 평가 했지만 , 플레이 해본 뒤 에 그 생각 을 고쳤다 . 다행히 워크샵 에 존재 하는 각종 유저 들 이 만든 시나리오 모드 의 퀄리티 가 높아 , 기존 게임 의 스토리 의 부족함 을 덜었다 . 각기 캐릭터 를 하나 하나 조종 하여 세부 적 인 조작 도 가능하고 구역 , 스케줄 만 정 해주면 자동 으로 선택 되어 있는 우선 순 위로 인해 운영 게임 처럼",2017-09-07 02:01:13
294100,RimWorld,positive,갓겜 후회 없습니다. 뭐지? 왜 안질리지?,갓 겜 후회 없습니다 . 뭐 지 ? 왜 안질리지 ?,2017-09-06 20:21:07
294100,RimWorld,positive,하아... 이건 정말 정말 진짜 레알 좋고 명작입니다!!!!!!!! 누구든 이게임을 사야해욤,하아 ... 이건 정말 정말 진짜 레알 좋고 명작 입니다 !!!!!!!! 누구 든 이 게임 을 사야해 욤,2017-09-06 19:27:07
294100,RimWorld,positive,플레이 하다가 몇 시인가 확인했더니 12시간이 지나있었다.,플레이 하다가 몇 시인 가 확인 했더니 12시간 이 지나있었다 .,2017-09-05 23:16:00
294100,RimWorld,positive,조금해봤는데 잼있네요,조금 해봤는데 잼있네요,2017-09-03 23:52:11
294100,RimWorld,positive,2주간 86.8시간 미친갓겜,2 주간 86.8시간 미친 갓 겜,2017-09-01 22:20:24
294100,RimWorld,positive,"사기 전엔 디자인이 왠지 모르게 허접해보여서 또, 진입장벽이 높아보여서 32000원은 너무 비싼거 아닌가 하는 생각이 들었지만, 하고 나서 32000원이면 오히려 싼 가격이라는 생각이 드네요. 얼리 억세스라는 말이 무색하게 완성도가 높으며 업데이트도 꾸준히 되고 있습니다. 생전게임이나 시뮬레이션 게임 좋아하시는 분들은 사도 후회 안 하실 겁니다.","사기 전 엔 디자인 이 왠지 모르게 허 접 해보여서 또 , 진입 장벽 이 높아 보 여서 32000원 은 너무 비싼거 아닌가 하는 생각 이 들었지만 , 하고 나서 32000원 이면 오히려 싼 가격 이라는 생각 이 드네 요 . 얼리 억 세 스 라는 말 이 무색 하게 완성 도 가 높으며 업데이트 도 꾸준히 되고 있습니다 . 생전 게임 이나 시뮬레이션 게임 좋아하시는 분 들 은 사도 후회 안 하실 겁니다 .",2017-08-31 17:12:33
294100,RimWorld,positive,아직 얼리엑세스라 그런지 부족한 점이 있지만 모드로 충분히 보충이 됨. 아쉬운건 한국어 번역이 좀 많이 아쉽고 모드위주로 게임을 하다 보니까 모드끼리 자주 충돌하는게 좀 짜증남 그래도 꿀잼,아직 얼리 엑세스 라 그런지 부족한 점 이 있지만 모드 로 충분히 보충 이 됨 . 아쉬운건 한국어 번역 이 좀 많이 아쉽고 모드 위주 로 게임 을 하다 보 니까 모드 끼리 자주 충돌 하는게 좀 짜증남 그래도 꿀잼,2017-08-31 01:58:51
294100,RimWorld,positive,/,/,2017-08-31 01:42:49
294100,RimWorld,positive,한 세판 해봤는데 재밌네요.,한 세 판 해봤는데 재밌네요 .,2017-08-29 19:44:06
294100,RimWorld,positive,"갓겜맞음 근데 목표가탈출이라 그전에 뭔가 더 흥미로운걸 할수있으면 좋겠어요. 죄수를 이용한 컨텐츠 추가가있었으면좋겠고, 적대세력과의 관계를 더욱적극적으로 이용하고싶어요.","갓 겜 맞음 근데 목표 가 탈출 이라 그 전 에 뭔가 더 흥미로운 걸 할수있으면 좋겠어요 . 죄수 를 이용 한 컨텐츠 추가 가 있었으면 좋겠고 , 적대 세력 과의 관계 를 더욱 적극 적 으로 이용 하고싶어요 .",2017-08-29 18:14:12
294100,RimWorld,positive,압도적 긍정적 입니다. 그러합니다. 그냥 하세요 별거없어요 이 게임은 돈값을 충분히 하고 남습니다.,압도 적 긍정 적 입니다 . 그러합니다 . 그냥 하세요 별거 없어요 이 게임 은 돈값 을 충분히 하고 남습니다 .,2017-08-28 17:33:26
294100,RimWorld,positive,이거 개꿀임 7시에 시작하으면 6시 되있음 1시간 뒤로가는 타임머신 개꿀,이 거 개꿀임 7시 에 시 작하으면 6시 되있음 1시간 뒤 로 가는 타임머신 개꿀,2017-08-28 17:25:06
294100,RimWorld,positive,단돈32000에 플탐 400시간은 보장하는 갓겜 바닐라로만하면 금방 질리니 다양한모드를 사용해보길 권장합니다,단돈 32000 에 플 탐 400시간 은 보장 하는 갓 겜 바닐라 로 만하 면 금방 질리니 다양한 모드 를 사용 해보길 권장 합니다,2017-08-28 03:40:56
294100,RimWorld,positive,드워프 포트리스의 라이트한 버전이라고 생각하면 편할듯 하네요 그렇다고 게임의 깊이가 얕아지지는 않았습니다 빨리 베타버전이 나왔으면 좋겠네요,드워프 포트리스 의 라이트 한 버전 이라고 생각 하면 편할듯 하네요 그렇다고 게임 의 깊이 가 얕아지지는 않았습니다 빨리 베타 버전 이 나왔으면 좋겠네요,2017-08-27 23:50:08
294100,RimWorld,positive,드포류 수작,드포류 수작,2017-08-27 10:56:28
294100,RimWorld,positive,아 조금 재미있네,아 조금 재미있네,2017-08-26 22:51:19
294100,RimWorld,positive,말이 필요없는 갓겜 그자체다.,말 이 필요없는 갓 겜 그 자체 다 .,2017-08-24 15:37:54
294100,RimWorld,positive,중세시대로 회귀해도 에어컨은 필수라는 우주인들이 기분나빠 죽지 않게 돌봐줘야합니다,중세시대 로 회귀 해도 에어컨 은 필수 라는 우주인 들 이 기분 나빠 죽지 않게 돌봐줘 야합니다,2017-08-24 09:48:59
294100,RimWorld,positive,스팀 가입하고 처음 구입한 게임입니다. 유투브로 구경만 하다가 실제로 한번 해봐야겠다 라는 생각이 들어서 실행해본 결과 너무 재밌음 짱짱맨임 모드질까지 해보니 새로운 신세계를 접한것 같아 지속적으로 즐겁게 게임하고 있습니다. 2D 그래픽?을 좋와하진 않았는데 갓겜이라 할만 하네요.,스팀 가입 하고 처음 구입 한 게임 입니다 . 유투브 로 구경만 하다가 실제 로 한번 해봐야겠다 라는 생각 이 들어서 실행 해본 결과 너무 재밌음 짱짱맨 임 모드 질 까지 해보니 새로운 신세계 를 접 한 것 같아 지속 적 으로 즐겁게 게임 하고 있습니다 . 2 D 그래픽 ? 을 좋와 하진 않았는데 갓 겜 이라 할만 하네요 .,2017-08-23 19:52:56
294100,RimWorld,positive,림월드를 처음하던 그때 그느낌을 다시받고싶지만 플탐은 어느새.....,림 월드 를 처음 하던 그때 그 느낌 을 다시 받고싶지만 플 탐은 어느새 .....,2017-08-22 07:37:23
294100,RimWorld,positive,"한번 잡으면 만리장성 쌓느라 시간가는 줄 모르는 요직 게임 요통, 노쇠, 그리고 저격총 한방에 척추가 부러짐 등등으로 척추의 소중함을 일깨워준다 그리고 스팀에 구매하는 것보다 공식 홈페이지에서 구매하는걸 추천한다","한번 잡으면 만리장성 쌓느라 시간 가는 줄 모르는 요 직 게임 요통 , 노쇠 , 그리고 저격총 한 방 에 척추 가 부러짐 등등 으로 척추 의 소중함을 일 깨워 준다 그리고 스팀 에 구매 하는 것 보다 공식 홈페이지 에서 구매 하 는걸 추천 한다",2017-08-21 21:48:58
294100,RimWorld,positive,갓-겜,갓 - 겜,2017-08-20 00:33:20
294100,RimWorld,positive,갓ㅡ겜 말이필요없는 게임,갓 ㅡ 겜 말 이 필요없는 게임,2017-08-19 06:41:21
294100,RimWorld,positive,86,86,2017-08-18 00:50:10
294100,RimWorld,positive,MI CHIN!!! GAE GGUL JAM !!!!!!!!,MI CHIN !!! GAE GGUL JAM !!!!!!!!,2017-08-15 10:01:10
294100,RimWorld,positive,"처음엔 뭐지 이거, 알파라고? 도트 그래픽에 망설이다가 샀던 게임, 어느세 수많은 모드와 설정을 추가해서 플레이 하는 나 자신을 보게 된다. 알파라지만 그만큼 수많은 모드들이 존재 하므로 만족 스러움 .그리고 다양한 컨셉을 플레이 하는 재미는 이루말할 수 없다. 특히나, 어느세 가학적이게 플레이 하는것, 혹은 일부러 좋은 환경에 쳐들어오는 적들을 납치, 추운감옥에서 가두어두는 나 자신을 보면 인간의 잔혹성에 대하여 생각하게 된다. 이걸 구매한지 며칠만에 플탐 50시간을 돌파 한것을 봐선 상단한 중독성을 보이는 게임이다.","처음 엔 뭐 지 이 거 , 알파 라고 ? 도트 그래픽 에 망설이다가 샀던 게임 , 어느 세 수많은 모드 와 설정 을 추가 해서 플레이 하는 나 자신 을 보게 된다 . 알파 라지 만 그만큼 수많은 모드 들 이 존재 하므로 만족 스러 움 . 그리고 다양한 컨셉 을 플레이 하는 재미 는 이루말 할 수 없다 . 특히 나 , 어느 세 가 학적 이 게 플레이 하는것 , 혹은 일부러 좋은 환경 에 쳐 들어오는 적 들 을 납치 , 추운 감옥 에서 가두어 두는 나 자신 을 보면 인간 의 잔혹 성 에 대하 여 생각 하게 된다 . 이 걸 구매 한지 며칠 만에 플 탐 50시간 을 돌파 한 것 을 봐 선 상단 한 중독 성 을 보이는 게임 이다 .",2017-08-14 16:37:20
294100,RimWorld,positive,perfect for everything,perfect for everything,2017-08-11 23:43:48
294100,RimWorld,positive,ㄹㅇ 갓갓갓겜 시간가는줄 몰르는게임 강추,ㄹㅇ 갓 갓 갓 겜 시간 가는줄 몰르는 게임 강추,2017-08-09 18:22:32
294100,RimWorld,positive,이겜을 640시간 플레이 해보고 너무 마음에 들어서 이런종류 다른겜들 여러가지 구매해서 해봤는데 림월드 만한 게임은 없더군요....최고입니다,이 겜 을 640시간 플레이 해보고 너무 마음 에 들어서 이런 종류 다른 겜 들 여러가지 구매 해서 해봤는데 림 월드 만 한 게임 은 없더군요 .... 최고 입니다,2017-08-09 18:09:25
294100,RimWorld,positive,갓겜,갓 겜,2017-08-07 21:24:47
294100,RimWorld,positive,정말 재밌는데 하다보면 스트레스 받는다. 근데 재밌어서 더 하게되고 또 하다보면 또 스트레스 받고 근데 재밌고... 무한반복,정말 재밌는데 하다 보면 스트레스 받는다 . 근데 재밌어서 더 하게되 고 또 하다 보면 또 스트레스 받고 근데 재밌고 ... 무한 반복,2017-08-06 17:34:50
294100,RimWorld,positive,"분명히 말하지만 어렵다. 확실히 어려운 게임이다. 위키를 보며 공부하고, 멘붕에 빠지는 일이 잦다. ""그러나"" 완벽한 중독 게임임에는 틀림없다. 어느 순간 정신차려보면 날이 저물어있고, 그럼에도 컨텐츠는 넘쳐난다. 만약 프리즌 아키텍트를 고난이도로 즐겨보고 싶다면 이 게임을 추천한다.","분명히 말 하 지만 어렵다 . 확실히 어려운 게임 이다 . 위키 를 보며 공부 하고 , 멘붕 에 빠지는 일이 잦다 . "" 그러나 "" 완벽한 중독 게임 임 에는 틀림없다 . 어느 순간 정신차려 보면 날 이 저물어있고 , 그럼에도 컨텐츠 는 넘쳐 난다 . 만약 프리 즌 아키텍트 를 고 난이도 로 즐겨 보고 싶다면 이 게임 을 추천 한다 .",2017-08-06 01:04:50
294100,RimWorld,positive,"플레이 시간이 말해주는 게임. 재미가, 너무 있어서 문제인 게임. 근데 또 하게 되는 게임. 어느 시점에 사더라도 제값을 하는 게임. 나라면 더 비싸지기 전에 삼. 근데 왜 아직도 알파? ㅎㅎㅎ","플레이 시간 이 말 해주는 게임 . 재미 가 , 너무 있어서 문제 인 게임 . 근데 또 하게 되는 게임 . 어느 시점 에 사더라도 제 값 을 하는 게임 . 나라 면 더 비싸지기 전 에 삼 . 근데 왜 아직도 알파 ? ㅎㅎㅎ",2017-08-05 00:00:31
294100,RimWorld,positive,"참 재미있게 했었는데, 엔딩을 본 후에도 제대로 적응하지 못한 나머지... 관짝으로 들어가버린 비운의 게임..","참 재미있게 했었는데 , 엔딩 을 본 후 에도 제대로 적응하지 못 한 나머지 ... 관짝 으로 들어가 버린 비운 의 게임 ..",2017-08-02 13:34:34
294100,RimWorld,positive,신종 마약게임 주의,신종 마약 게임 주의,2017-08-01 21:21:55
294100,RimWorld,positive,이 게임은 건물을 짓고 그곳에서 생존을 하는 게임입니다. 당신이 무언가를 짓고 연구하며 발전하는 것을 좋아하신다면 이게임을 구매하시는 것을 추천드립니다. 이 게임은 역할을 잘 나눠줘야하며 주민중 한명이 방화광이라면 당신이 몇시간동안 이루었던 모든것들이 한순간에 재가되버리는 광경을 볼수있습니다. 이 게임에 아쉬운점이 있다면 사람을 늘리는 방법이 포로 회유나 어쩌다 뜨는 탈출 포트에서 떨어진 인간들이 끝입니다. 그리고 이 게임을 클리어하는 조건이 우주로 날아가 몇만년동안 동면을 하거나 누군지모르는 사람의 도움을 받고 행성에서 탈출하는,이 게임 은 건물 을 짓고 그 곳 에서 생존 을 하는 게임 입니다 . 당신 이 무언가 를 짓고 연구 하며 발전 하는 것 을 좋아하신다면 이 게임 을 구매 하시는 것 을 추천 드립니다 . 이 게임 은 역할 을 잘 나눠줘 야하며 주민 중 한 명 이 방화 광 이 라면 당신 이 몇 시간 동안 이루었던 모든 것 들 이 한순간 에 재가되 버리는 광경 을 볼수있습니다 . 이 게임 에 아쉬운 점 이 있다면 사람 을 늘리는 방법 이 포로 회유 나 어쩌다 뜨는 탈출 포트 에서 떨어진 인간 들 이 끝 입니다 . 그리고 이 게임 을 클리어 하는 조건 이 우주 로 날아가 몇 만년 동안 동면 을 하 거나 누군지 모르는 사람 의 도움 을 받고 행성 에서 탈출 하는,2017-07-31 18:24:41
294100,RimWorld,positive,지금당장사야할게임,지금 당 장사 야할 게임,2017-07-30 18:15:28
294100,RimWorld,positive,생존의 가혹함을 표현하는 것에는 이 게임 만한게 없을듯,생존 의 가혹함을 표현 하는 것 에는 이 게임 만 한 게 없을듯,2017-07-29 21:56:54
294100,RimWorld,positive,good survival game,good survival game,2017-07-28 17:01:24
294100,RimWorld,positive,개발자가 꾸준히 업뎃 해주는데 이정도면 갓겜,개발자 가 꾸준히 업뎃 해주는데 이 정도 면 갓 겜,2017-07-27 19:58:43
294100,RimWorld,positive,ㅈ갓겜ㅇㅈㅇㅈ,ㅈ 갓 겜 ㅇㅈㅇㅈ,2017-07-27 09:55:29
294100,RimWorld,positive,시간여행하는 게임,시간여행 하는 게임,2017-07-27 04:08:51
294100,RimWorld,positive,10분 한 것 같은데 정신 차리고보면 60분 이 소모 되어 있는 게임. 할게임 찾으시는분들.심시티 같은 건설+유닛 만지고싶은분들에 한해서 추천. 32000원이 아깝지 않음. 초반에는 모드 질 추천 하지않음. 재미를 잃을수있음. 재미가없을때마다 모드 질 하면 좋음. 하지만.엔진을 어떻게 만들었는지. 중 후반 갈수록 렉이 심해짐. CPU가 아무리 좋아도 1개만 인식 하는듯한데..렉때메 결국 탈출하는겜.,10분 한 것 같은데 정신 차리고 보면 60분 이 소모 되어 있는 게임 . 할 게임 찾으시는 분 들 . 심시티 같은 건설 + 유닛 만지고싶은 분 들 에 한해 서 추천 . 32000원 이 아깝지 않음 . 초반 에는 모드 질 추천 하지 않음 . 재미 를 잃을수있음 . 재미 가 없을 때 마다 모드 질 하면 좋음 . 하지만 . 엔진 을 어떻게 만들었는지 . 중 후반 갈수록 렉 이 심해짐 . CPU 가 아무리 좋아도 1 개 만 인식 하는듯 한 데 .. 렉때메 결국 탈출 하는 겜 .,2017-07-23 20:35:23
294100,RimWorld,positive,"와. 정말 수많은 통수를 맞고 얼리액세스는절대 쳐다도 안봤던 나인데 배그와 림월드가 내 고집을 기어코 꺾어버렸다. 여태까지 해본 시뮬레이션 중에 제일 재밌다. 처음엔 뭔가 조잡해보이는 요상한 그래픽때문에 이게 뭐지 ? 싶었는데 시스템에 친숙해질수록 알아서 만들어지는 스토리라인과 그에 따른 시뮬레이션 상황이 엄청나게 날 재밌게 해준다. 다만 얼리액세스 냄새가 진하게 나는, 상당히 매우 직관적이지 못한 UI 는 겜에 익숙해지는데 상당한 방해가 된다는 점. 이게 크게 꼽을만한 단점인듯 싶다.","와 . 정말 수많은 통수 를 맞고 얼리 액세스 는 절대 쳐다도 안 봤던 나 인데 배그 와 림 월드 가 내 고집 을 기어 코 꺾어 버렸다 . 여태 까지 해본 시뮬레이션 중 에 제일 재밌다 . 처음 엔 뭔가 조잡해 보이는 요 상한 그래픽 때문 에 이 게 뭐 지 ? 싶었는데 시스템 에 친숙해질수록 알아서 만들어지는 스토리 라인 과 그 에 따른 시뮬레이션 상황 이 엄청나게 날 재밌게 해준다 . 다만 얼리 액세스 냄새 가 진하게 나 는 , 상당히 매우 직관 적 이지 못 한 UI 는 겜 에 익숙해지는데 상당한 방해 가 된다는 점 . 이 게 크게 꼽을만 한 단점 인 듯 싶다 .",2017-07-21 06:25:34
294100,RimWorld,positive,탈출하기 싫은데스 와타시는 마약 무기 뭐든지 차지한 이 행성의 보배인데스 우주선은 운치나 쳐먹는데스,탈출 하기 싫은 데스 와타시 는 마약 무기 뭐 든지 차지 한 이 행성 의 보배 인 데스 우주선 은 운치 나 쳐 먹는 데스,2017-07-21 04:46:39
294100,RimWorld,positive,인간 교미 시키는게 fun있네요 헤헤 동물 교미 곤충 교미,인간 교미 시키는게 fun 있네요 헤헤 동물 교미 곤충 교미,2017-07-18 20:41:50
294100,RimWorld,positive,밤에 켰는데 아침이 되어있는 마술을 보실수 있습니다.,밤 에 켰는데 아침 이 되어있는 마술 을 보실수 있습니다 .,2017-07-18 09:37:56
294100,RimWorld,positive,패치가 너무 느려요.슬슬 할 것이 없어지고 지루해져요.,패치 가 너무 느려요 . 슬슬 할 것 이 없어지고 지루해져요 .,2017-07-14 15:56:29
294100,RimWorld,positive,막 해보구 있는데 너무 어려운게임 ㅠ,막 해보구 있는데 너무 어려운 게임 ㅠ,2017-07-13 19:14:19
294100,RimWorld,positive,생존과 크래프팅의 재미가 한번에! 생각보다 세세한 설정과 작업이 많아서 놀랐다.,생존 과 크 래프팅 의 재미 가 한번 에 ! 생각 보다 세세한 설정 과 작업 이 많아서 놀랐다 .,2017-07-12 19:59:18
294100,RimWorld,positive,약3일 동안 39시간 한 게임,약 3일 동안 39시간 한 게임,2017-07-08 12:54:43
294100,RimWorld,positive,어느날 살아있는 조차 몰랐던 아빠가 동생을 헤드샷날린 해적들의 편이 되어서 나타나 소설가인 아들한테 돌격소총 갈기면서 아들 기지 다 박살내고 있는데 그 아빠 잡아서 최고급으로 치료해주고 감방에 가두었더니 다음날 해적 원군이 도착해서 집단 탈옥시키는데 무기 떨어진거 주워서 막으려는 아들 동료들 공격해서 동료들 두명이나 의식불명 상태 만들었지만 자동터렛에게 다시 잡혀서 포로 포섭하려다가 스탯도 구리길래 아빠인지 까먹고그냥 노예상한테 168 은에 팔아 넘겼는데 아들 신경쇠약오는 가슴아픈 이야기 추천,어느 날 살아있는 조차 몰랐던 아빠 가 동생 을 헤드샷 날린 해적 들 의 편이 되어서 나타나 소설가 인 아들 한테 돌격소총 갈기 면서 아들 기지 다 박살 내고 있는데 그 아빠 잡아서 최고급 으로 치료 해주고 감방 에 가두었더니 다음 날 해적 원군 이 도착 해서 집단 탈옥 시키는데 무기 떨어진거 주워서 막으려는 아들 동료 들 공격 해서 동료 들 두 명 이나 의식 불명 상태 만들었지만 자동 터렛 에게 다시 잡혀서 포로 포섭 하려다가 스탯 도 구리길래 아빠 인지 까먹고 그냥 노예 상 한테 168 은 에 팔 아 넘겼는데 아들 신 경 쇠약 오는 가슴 아픈 이야기 추천,2017-07-08 12:20:52
294100,RimWorld,positive,경 림월드 세일 축,경 림 월드 세 일 축,2017-07-04 21:02:33
294100,RimWorld,positive,"이 게임은 처음으로 게임을 진정한 의미로 즐기게 만들어 준 것 같다. 분명한 목적이 있지만, 그 목적을 굳이 달성할 필요는 없고, 목적을 이루는 과정을 즐기는 것에 더 큰 의미가 있는 것 같다. 실제로 한번도 엔딩을 보지 못했지만, 그렇다고 해서 이 게임이 어려운 게임은 아니다. 단지 엔딩을 보려고 달리는 것보다 더 즐거운 것이 많았기 때문이다. 그저 생각 없이 즐기기에도 좋고, 특정한 컨셉을 잡고 플레이하기에도 좋을 만큼 자유도가 높다. 내일도 족장님 밥 먹여주러 간다","이 게임 은 처음 으로 게임 을 진정한 의미 로 즐기게 만들어 준 것 같다 . 분명한 목적 이 있지만 , 그 목적 을 굳이 달성 할 필요 는 없고 , 목적 을 이루는 과정 을 즐기는 것 에 더 큰 의미 가 있는 것 같다 . 실제 로 한번 도 엔딩 을 보지 못 했지만 , 그렇다고 해서 이 게임 이 어려운 게임 은 아니다 . 단지 엔딩 을 보려고 달리는 것 보다 더 즐거운 것 이 많았기 때문 이다 . 그저 생각 없이 즐 기기 에도 좋고 , 특정한 컨셉 을 잡고 플레이 하기에도 좋을 만큼 자유도 가 높다 . 내일 도 족장 님 밥 먹여주러 간다",2017-07-04 14:24:08
294100,RimWorld,positive,THE KING GOD EMPEROR GAME EVER,THE KING GOD EMPEROR GAME EVER,2017-07-02 21:18:30
294100,RimWorld,positive,그냥 갓겜,그냥 갓 겜,2017-07-02 18:24:23
294100,RimWorld,positive,진짜 재밌어요,진짜 재밌어요,2017-07-02 14:13:46
294100,RimWorld,positive,말도 필요없다..,말 도 필요없다 ..,2017-06-30 18:55:57
294100,RimWorld,positive,"외딴 행성인 줄 알았지만 사실 수백개의 세력이 살고 있고, 그 중 절반이 우주해적 이라는 정신나간 행성에 불시착한 거주민들을 또다른 정신나간 행성으로 탈출시키기 위해 고군분투 하는 게임. 끊임없이 찾아오는 우주해적들과 자연의 통수, 심지어는 거주민들까지도 자기 통수를 쳐놓고 멀쩡한 옆사람을 뚜들겨패는 정신나간 게임이지만, 그럼에도 잘 굴러가는 거주지를 보는 것 만큼 흐뭇한 일은 없고, 결국 우주선을 완성시켜 발사했을 때, 크레딧이 올라오며 나오는 OST는 이 게임에 찬사를 보내기 아깝지 않다.","외딴 행성 인 줄 알았지만 사실 수백 개 의 세력 이 살 고 있고 , 그 중 절반 이 우주해적 이라는 정신 나간 행성 에 불시 착한 거 주민 들 을 또다른 정신 나간 행성 으로 탈출 시키기 위해 고군 분투 하는 게임 . 끊임없이 찾아오는 우주해적 들 과 자연 의 통수 , 심지어 는 거 주민 들 까지도 자기 통수 를 쳐놓고 멀쩡한 옆 사람 을 뚜들겨 패 는 정신 나간 게임 이지만 , 그럼에도 잘 굴러가는 거주지 를 보는 것 만큼 흐뭇한 일 은 없고 , 결국 우주선 을 완성 시켜 발사 했을 때 , 크레딧 이 올라오며 나오는 OST 는 이 게임 에 찬사 를 보내기 아깝지 않다 .",2017-06-30 01:51:46
294100,RimWorld,positive,갓겜 정식출시,갓 겜 정식 출시,2017-06-29 21:55:16
294100,RimWorld,positive,원래 시뮬 장르를 좋아한다면 강추함 아직 알파버전인데 정식은 언제 나옵니까,원래 시뮬 장르 를 좋아한다면 강 추함 아직 알파 버전 인데 정식 은 언제 나옵니까,2017-06-29 19:34:15
294100,RimWorld,positive,언제어디서 갑자기 사건사고가 터져 한순간의 잘 지어놓은 기지가 갑자기 황홀한 사막으로 변해질지 모르는 게임..,언제 어디서 갑자기 사건 사고 가 터져 한순간 의 잘 지어놓은 기지 가 갑자기 황홀한 사막 으로 변해 질 지 모르는 게임 ..,2017-06-29 15:58:12
294100,RimWorld,positive,"이게임을 하다보면, 제 명대로 살 수 있는게 얼마나 행복한 지를 알 수 있습니다 playing this game, you will understand how happy to be meet death by ageing","이 게임 을 하다 보면 , 제 명대 로 살 수 있는게 얼마나 행복한 지를 알 수 있습니다 playing this game , you will understand how happy to be meet death by ageing",2017-06-28 20:01:25
294100,RimWorld,positive,타임머신 시뮬레이션,타임머신 시뮬레이션,2017-06-28 17:57:20
294100,RimWorld,positive,문명 중독은 담배정도임 림월드 중독은 아편수준 긍정적인 거라면 길가다 작은 꽃밭을 보면 흐뭇해짐 의사 선생님이 존경스러워지고 막일꾼이 사랑사랑스러워짐 난이도는 어려운데 그게 매력임 굳이 스타에 비유 하자면 저글링 러쉬를 메딕없는 마린 3~5명으로 막으면서 한마리도 잃어서는 안되고 심지어 체력도 거의 잃지 않아야함 게다가 적은 발전하고있는데 쳐들어 갈수가 없음 하여간에 어려워서 망하는게 아무렇지도 않아짐 현질없고 욕설없는 게임을 원한다면 그리고 허름한 옷가지 하나에도 감사하고 싶다면 이 게임 강력추천임 이게임을 충분히 즐겼다,문명 중독 은 담배 정도 임 림 월드 중독 은 아편 수준 긍정 적 인 거 라면 길가 다 작은 꽃밭 을 보면 흐뭇해 짐 의사 선생님 이 존경 스러워지고 막일 꾼 이 사랑 사랑스러워 짐 난이도 는 어려운데 그게 매력 임 굳이 스타 에 비유 하자 면 저글링 러쉬 를 메딕없는 마린 3~5 명 으로 막으면서 한 마리 도 잃어서는 안되고 심지어 체력 도 거의 잃지 않아 야함 게다가 적은 발전 하고있는데 쳐 들어 갈수 가 없음 하여간 에 어려워서 망하는게 아무렇지도 않아 짐 현질 없고 욕설 없는 게임 을 원한다면 그리고 허름 한 옷가지 하나 에도 감사하고 싶다면 이 게임 강력 추천 임 이 게임 을 충분히 즐겼다,2017-06-28 17:38:26
294100,RimWorld,positive,최고의 게임,최고 의 게임,2017-06-28 07:22:14
294100,RimWorld,positive,모드도많고. 시간가는줄도모르고. 이거완전 띵작 아니냐? 문명보다 시간 더잘가는게임.,모드 도 많고 . 시간 가는줄도 모르고 . 이 거 완전 띵작 아니냐 ? 문명 보다 시간 더잘 가는 게임 .,2017-06-25 20:45:43
294100,RimWorld,positive,한달도 안되서 순식간에 100시간 돌파.. 진짜 한번 붙잡으면 놓기 힘듭니다. 업데이트되어서 새로 다시 할까하는데 두렵네요;;,한 달도 안되서 순식간 에 100시간 돌파 .. 진짜 한번 붙잡으면 놓기 힘듭니다 . 업데이트 되어서 새로 다시 할까 하는데 두렵네요 ;;,2017-06-24 02:51:05
294100,RimWorld,positive,내 사상 최고의 게임이다. 이게임은 정말 뛰어난 게임이다.오예!,내 사상 최고 의 게임 이다 . 이 게임 은 정말 뛰어난 게임 이다 . 오예 !,2017-06-23 22:36:42
294100,RimWorld,positive,"와, 갓겜 중의 갓겜입니다. 저는 프리즌 아키텍트, 옥시전 인클루디드와 같은 전략 운영게임을 정말 좋아하는데요. 제가 이건 인터넷방송을 보고 마음속으로 검증해서 산게아니라, 연관성으로 검색해서 나오길래 질러본 거라서 불안한 마음을 머금고 샀습니다. 근데, 앞에 언급한 두 게임도 재미가 있지만, 한 12시간쯤 빡시게 하면 컨텐츠가 바닥이 나요. 슬슬 쉬워지고요. 근데 이 게임은 지금 24시간을 했는데도, 아직 못 즐긴 컨텐츠가 많아요. 난이도도 장난없고, 다른 마을과 교류하고, 무역하고 이래야 하니까, 마치 스타듀밸리에 옥시전 인클","와 , 갓 겜 중 의 갓 겜 입니다 . 저 는 프리 즌 아키 텍트 , 옥 시전 인클루디드 와 같은 전략 운영 게임 을 정말 좋아하는데요 . 제 가 이건 인터넷 방송 을 보고 마음속 으로 검증 해서 산 게 아니라 , 연관 성 으로 검색 해서 나오길래 질러 본 거 라서 불안한 마음 을 머 금고 샀습니다 . 근데 , 앞 에 언급 한 두 게임 도 재미 가 있지만 , 한 12시간 쯤 빡시게 하면 컨텐츠 가 바닥 이 나요 . 슬슬 쉬워지고요 . 근데 이 게임 은 지금 24시간 을 했는데도 , 아직 못 즐긴 컨텐츠 가 많아요 . 난이도 도 장난없고 , 다른 마을 과 교류 하고 , 무역 하고 이 래야 하니까 , 마치 스타 듀 밸리 에 옥 시전 인 클",2017-06-23 16:04:10
294100,RimWorld,positive,심즈 스타듀벨리 심시티 스카이라인 테라리아 롤러코스터 서브노티카 같은 게임 좋아하는사람 존나 재밌을꺼임. 나 이거하느라 한달 폐인처럼 지냄. 여름이라서 밖에 안나가도 됨 꿀^^,심즈 스타 듀 벨리 심시티 스카이라인 테라리아 롤러코스터 서브 노티 카 같은 게임 좋아하는 사람 존나 재밌을꺼 임 . 나 이거하느라 한 달 폐인 처럼 지냄 . 여름 이라서 밖에 안 나가도 됨 꿀 ^^,2017-06-23 12:59:13
294100,RimWorld,positive,줜내재밌다,줜내 재밌다,2017-06-20 19:26:57
294100,RimWorld,positive,이젠 좀 질린다;;,이 젠 좀 질린다 ;;,2017-06-20 12:33:40
294100,RimWorld,positive,나온지가 언제인데알파버젼 그만 때어버리고 베타버젼으로 업데이트 좀...,나온지가 언제 인데 알파 버젼 그만 때 어 버리고 베타 버젼 으로 업데이트 좀 ...,2017-06-19 10:44:53
294100,RimWorld,positive,사소한걸로 시작해서 마지막엔 죽음에 이른다,사소한 걸 로 시작 해서 마지막 엔 죽음 에 이른다,2017-06-18 12:05:16
294100,RimWorld,positive,숨겨왔던 당신의 인성이 드러나게 되는 게임! 지겹다 하면서도 내 손은 착실히 게임실행을 누르고.... 심시티에서 탈출까지 원하는대로 하시면 됩니다.!,숨겨 왔던 당신 의 인성 이 드러나게 되는 게임 ! 지겹다 하면서도 내 손 은 착실히 게임 실행 을 누르고 .... 심시티 에서 탈출 까지 원하는대로 하시면 됩니다 .!,2017-06-16 15:17:29
294100,RimWorld,positive,steam 들어오기 전부터 구입해서 플레이 했었습니다.진짜 처음에 구입했을때보다 훨씬 발전되기는 했지만 아직도 무언가 컨텐츠가 더 많았으면 하지만시간이 해결해주겠죠. 그래도 나의 시간을 순삭해주는 재미있는 게임입니다. 꽤 오래전부터 개발되었고 아직도 개발중이라서 완성본을 원하는 분들은 좀 불만족스러우실수도 있습니다. 하지만 창작마당의 실력자 분들의 모드가 그 불만족을 어느정도는 충족시켜주고 있으니까 시티빌더 형태의 게임을 좋아하시는 분들이라면 충분히 구매하실만 합니다.,steam 들어오기 전 부터 구입 해서 플레이 했었습니다 . 진짜 처음 에 구입 했을 때 보다 훨씬 발전 되 기는 했지만 아직도 무언가 컨텐츠 가 더 많았으면 하지만 시간 이 해결 해주겠죠 . 그래도 나 의 시간 을 순삭 해주는 재미있는 게임 입니다 . 꽤 오래전 부터 개발 되었고 아직도 개발 중 이라서 완성 본을 원하는 분 들 은 좀 불만족 스러우실수도 있습니다 . 하지만 창작 마당 의 실력 자 분 들 의 모드 가 그 불만족 을 어느 정도 는 충족 시켜주고 있으니까 시티 빌더 형태 의 게임 을 좋아하시는 분 들이라면 충분히 구매 하실만 합니다 .,2017-06-15 10:52:20
294100,RimWorld,positive,정말 나만의 이야기를 만드는 시뮬레이션 게임. 이긴 한데 확실히 아직 얼리억세스라 좀 하다보면 그게 그 상황이라서 약간 질림니다. 하지만 그래도 추천. 게다가 모드도 다양해서 입맛대로 할 수 잇슴.,정말 나 만의 이야기 를 만드는 시뮬레이션 게임 . 이긴 한데 확실히 아직 얼리 억 세 스 라 좀 하다 보면 그게 그 상황 이라서 약간 질림니다 . 하지만 그래도 추천 . 게다가 모드 도 다양해서 입맛 대로 할 수 잇슴 .,2017-06-12 18:45:24
294100,RimWorld,positive,"총평: 훌륭하다 [H1] 미친듯한 타임킬링 콜로니 서바이벌 [/h1] 한번 잡으면 놓을수가 없고. 시간개념을 잊어버리고. 심할경우 일상생활에 까지 지장이 갈 정도로 중독성이 강하다. 당연히 그만큼 재밌다는 말씀. 하지만 안타깝게도 두드러지는 진입장벽과 단점이 존제한다. (Crashland 시나리오 기준) 세명의 생존자가 우주선에서 탈출해(우주선은 아마 파괴) 행성에 불시착하여 채집, 사냥, 건설, 방어 를 통해 정착지를 구성하여 사람들을 모으고 주변 세력과 협력, 전투, 거래를 통해 더 큰 세력으로 발전하고 궁극적으로 우주선을","총 평 : 훌륭하다 [ H 1 ] 미친듯 한 타임 킬링 콜로니 서바이벌 [/ h 1 ] 한번 잡으면 놓을수가 없고 . 시간 개념 을 잊어버리고 . 심할 경우 일상생활 에 까지 지장 이 갈 정도 로 중독 성 이 강하다 . 당연히 그만큼 재밌다는 말씀 . 하지만 안타깝게도 두드러지는 진입 장벽 과 단점 이 존 제한 다 . ( Crashland 시나리오 기준 ) 세명 의 생존자 가 우주선 에서 탈출 해 ( 우주선 은 아마 파괴 ) 행성 에 불시 착하여 채집 , 사냥 , 건설 , 방어 를 통해 정착 지를 구성 하여 사람 들 을 모으고 주변 세력 과 협력 , 전투 , 거래 를 통해 더 큰 세력 으로 발전 하고 궁극 적 으로 우주선 을",2017-06-10 20:56:48
294100,RimWorld,positive,야이 미친 알파 15땐 갓겜이더니 패치 할때마다 미친듯이 갓겜이되냐 미친놈들,야 이 미친 알파 15 땐 갓 겜 이 더니 패치 할 때 마다 미친듯이 갓 겜 이 되냐 미친 놈 들,2017-06-10 18:47:15
294100,RimWorld,positive,여러분의 멘탈을 여러가지 인카운터와 또 다른 인카운터와 인카운터로 아주 가볍게 가루로 만들어 버리고 강철 맨탈도 클릭 한번만 하면 설치되는 모드와 쉬운 공략법쯤은 가볍게 막아버리는 업데이트로 가루를 넘어 그냥 없는 것으로 쳐 줄수 있을 정도의 도전정신을 일으키는 갓-겜,여러분 의 멘탈 을 여러가지 인 카운터 와 또 다른 인 카운터 와 인 카운터 로 아주 가볍게 가루 로 만들어 버리고 강철 맨 탈 도 클릭 한번 만 하면 설치 되는 모드 와 쉬운 공략 법 쯤 은 가볍게 막아 버리는 업데이트 로 가루 를 넘어 그냥 없는 것 으로 쳐 줄수 있을 정도 의 도전 정신 을 일으키는 갓 - 겜,2017-06-10 18:10:26
294100,RimWorld,positive,정식 출시가 된다면 고티 수상은 확정인 게임,정식 출시 가 된다면 고 티 수상 은 확정 인 게임,2017-06-07 22:12:01
294100,RimWorld,positive,꿀잼,꿀잼,2017-06-05 18:10:30
294100,RimWorld,positive,별로 재미없음,별로 재미없음,2017-06-05 06:06:28
294100,RimWorld,positive,아직 뉴비를 벗어나지 못했네요,아직 뉴비 를 벗어나지 못 했네요,2017-06-04 21:26:39
294100,RimWorld,positive,할인 한적이 없는거라 기다리지 마시고 사시길..아니 사지 마시는게... 이거 하느라 생활이 없어집니다ㄷㄷ 게임방식은 시뮬레이션이며 탑뷰 방식입니다. 림(인간)들이 살아갈수 있는 환경을 만들어주고 설정해줘야 합니다 한글화 되어 있으며 모드로인한 재미도 쏠쏠합니다. 어렵게 하면 아주 어렵지만 쉽게하면 꽤 쉽게 할수 있으며 깨알같이 세밀한 설정들이 많습니다. 손이 다치면 치료해줘야하고 치료안해주면 감염되고 감염되면 영구적으로 사용불가 되기도하고 그러면 손을 사용하는 모든일들이 페널티를 받으며 명중판정에도 페널티받고 턱이 부셔지면 음식먹,할인 한적 이 없는거라 기다리지 마시고 사시길 .. 아니 사지 마시는게 ... 이 거 하느라 생활 이 없어집니다 ㄷㄷ 게임방 식 은 시뮬레이션 이며 탑뷰 방식 입니다 . 림 ( 인간 ) 들이 살아갈수 있는 환경 을 만들어주고 설정 해줘야 합니다 한글화 되어 있으며 모드 로 인한 재미 도 쏠쏠합니다 . 어렵게 하면 아주 어렵지만 쉽게 하면 꽤 쉽게 할수 있으며 깨알 같이 세밀 한 설정 들 이 많습니다 . 손 이 다치면 치료 해줘야하고 치료 안 해주면 감염 되고 감염 되면 영구 적 으로 사용 불가 되 기도 하고 그러면 손 을 사용 하는 모든 일 들 이 페널티 를 받으며 명중 판정 에도 페널티 받고 턱 이 부셔지면 음식 먹,2017-06-01 11:34:43
294100,RimWorld,positive,기후도 다양하고 지형도 다양하고 림도 너무 다양해서 매번 다른게임하는 기분이예요 ㅎㅎ 이 기후에서도 해보고 저 기후에서도 해보고 모드도 종류가 너무 많아서 근데 처음 시작할땐 어렵긴합니다 ㅠㅠ 튜토리얼만으론 이해가 힘들어서 검색해보면서 했는데 한번 이해하니까 괜찮더라고요,기후 도 다양하고 지형도 다양하고 림 도 너무 다양해서 매번 다른 게임 하 는 기분 이 예요 ㅎㅎ 이 기후 에서도 해보고 저 기후 에서도 해보고 모드 도 종류 가 너무 많아서 근데 처음 시작 할 땐 어렵긴 합니다 ㅠㅠ 튜토리얼 만으론 이해 가 힘들어서 검색 해보면서 했는데 한번 이해 하니까 괜찮더라고요,2017-05-31 21:19:04
294100,RimWorld,positive,참 재미있고 중독성강한 게임인데 드문드문 버그같은게 발견되는게 좀 아쉽네요 주로 동물관련버그가 많은듯합니다. 예를들면 머팔로를 수십마리이상 길렀는데 분명 내 동물보기로는 번호가 1부터 43에 드문드문 이름붙이애들이 있지만 상인에게 판매하려고보면 1부터 43까지 쭉있는게 아니라 머팔로 7번 12마리 13번 10마리 이런식으로 중첩이 돼버립니다 그리고 원정나갈때 동물 몇십마리이상 데려가면 물건챙기기전에 동물들 인솔하고 나서 이동중 떠도는중 무한반복해서 원정나가기전에 수면과 밥먹기 이동중 셋만을 반복하고 원정에 안나갑니다 그리고,참 재미있고 중독 성 강한 게임 인데 드문드문 버그 같은게 발견 되는게 좀 아쉽네요 주로 동물 관련 버그 가 많은듯 합니다 . 예 를 들 면 머 팔로 를 수십 마리 이상 길렀는데 분명 내 동물 보기 로는 번호 가 1 부터 43 에 드문드문 이름 붙 이애 들 이 있지만 상인 에게 판매 하려고 보면 1 부터 43 까지 쭉 있는게 아니라 머 팔로 7 번 12 마리 13 번 10 마리 이런 식 으로 중첩 이 돼 버립니다 그리고 원정 나갈 때 동물 몇십 마리 이상 데려가면 물건 챙기 기전 에 동물 들 인솔 하고 나서 이동 중 떠 도 는 중 무한 반복 해서 원정 나가기전에 수면 과 밥 먹기 이동 중 셋 만을 반복 하고 원정 에 안 나갑니다 그리고,2017-05-31 07:20:12
294100,RimWorld,positive,설명할 필요가 없음,설명 할 필요 가 없음,2017-05-30 22:01:52
294100,RimWorld,positive,이건 게임이 아닙니다. 림월드는 인생입니다. 림월드를 하면서 느낀것이 수만가지 입니다. 강력추천하는 게임!,이건 게임 이 아닙니다 . 림 월드 는 인생 입니다 . 림 월드 를 하면서 느낀것이 수만 가지 입니다 . 강력 추천 하 는 게임 !,2017-05-28 21:39:12
294100,RimWorld,positive,갓 - 겜,갓 - 겜,2017-05-27 00:01:58
294100,RimWorld,positive,적대세력 쳐들어오고 포로를 잡으면 허파랑 신장 적출한후 노예로 팔고 적시체는 도축해서 사람가죽과 인육 나오면 의류와 사료 제작하고 도축하는게 여의치 않으면 그냥 시체 상태로 돼지사료로 사용하고 정말 게임하면서 세상에 버릴사람 하나없다는걸 세삼 배우고 갑니다,적대 세력 쳐 들어오고 포로 를 잡으면 허파 랑 신장 적 출 한 후 노예 로 팔고 적 시체 는 도축 해서 사람 가죽 과 인육 나오면 의류 와 사료 제작 하고 도축 하는게 여 의치 않으면 그냥 시체 상태 로 돼지 사료 로 사용 하고 정말 게임 하면서 세상 에 버릴 사람 하나 없다는걸 세 삼 배우고 갑니다,2017-05-26 00:11:02
294100,RimWorld,positive,"미친 게임이다. 완전...밤안새고 매일매일 잘안돼서 새게임하고 반복하는데도, 질리지 않고, 문명보다 장난아니다; 이 게임 사는것을 추천...! 시간이 타임머신 타듯 슉하고 지나감 ㄷㄷ","미친 게임 이다 . 완전 ... 밤 안 새고 매 일 매일 잘 안 돼서 새 게임 하고 반복 하는데도 , 질리 지 않고 , 문명 보다 장난 아니다 ; 이 게임 사는것을 추천 ...! 시간 이 타임머신 타듯 슉 하고 지나감 ㄷㄷ",2017-05-24 09:56:28
294100,RimWorld,positive,림월드를 아직 영접해 보시지 않았다구요? 에이 설마요,림 월드 를 아직 영접 해 보시 지 않았다구요 ? 에이 설마 요,2017-05-22 19:17:14
294100,RimWorld,positive,"위에 계신분들만큼 오래 하진 않았지만 한자 적자면이 게임은 정말 재밌습니다. 난이도 조그만 올려도 정신이 없죠 유독성 낙진, 화산재, 폭풍우, 마른벼락, 습격 등 너무 바빠요 처음에 정주면서 키웠던 초반 캐릭들 다 죽고 새로 키우다보면 다시 또 엄마가 되버리는 현실.. 림월드 그 자체로 최고의 게임이지만, 한가지 아쉬운건 멀티플레이가 없다는건... 친구들 3명이서 피방가서 하고 있는데, 서로 모니터로 구경하면서 하는데 그것도 재밌지만, 멀티로 할 수 있는 방법이 있으면 최고일것 같습니다. 림월드 사셔도 후회안해요 그냥 사세","위 에 계 신분 들 만큼 오래 하진 않았지만 한자 적자면이 게임 은 정말 재밌습니다 . 난이도 조그만 올려도 정신 이 없죠 유독 성 낙진 , 화산재 , 폭풍우 , 마른 벼락 , 습격 등 너무 바빠요 처음 에 정주 면서 키웠던 초반 캐릭 들 다 죽고 새로 키우다 보면 다시 또 엄마 가 되 버리는 현실 .. 림 월드 그 자체 로 최고 의 게임 이지만 , 한가지 아쉬운건 멀티플레이 가 없다는건 ... 친구 들 3 명 이서 피방 가서 하고 있는데 , 서로 모니터 로 구경 하면서 하는데 그것 도 재밌지만 , 멀티 로 할 수 있는 방법 이 있으면 최고 일것 같습니다 . 림 월드 사셔도 후회 안해 요 그냥 사세",2017-05-21 12:56:45
294100,RimWorld,positive,만만치않은 타임머신 겜으로 그 맛에 길들여지면 한동안 빠져나오기 힘듬 다만 어느정도 하고 나면 급격한 현타가 자주 와서 시작하자마자 끄는데 창작마당 모드가 엄청나서 꽤 커버가 된다 1회차는 바닐라로 하는걸 추천하는데 P-Music 이 모드는 무조건 깔아보는걸 추천함 모드 없는 순수 림월드와 이질적이지 않고 잘 어울리며 음악 자체가 우수해서 듣는 재미를 증대해줌,만 만치 않은 타임머신 겜 으로 그 맛 에 길들여지면 한동안 빠져나오기 힘듬 다만 어느 정도 하고 나면 급격한 현 타가 자주 와서 시작 하 자마자 끄는데 창작 마당 모드 가 엄청나서 꽤 커버 가 된다 1회 차는 바닐라 로 하 는걸 추천 하는데 P - Music 이 모드 는 무조건 깔아 보는걸 추천 함 모드 없는 순수 림 월드 와 이 질적 이지 않고 잘 어울리며 음악 자체 가 우수해서 듣는 재미 를 증대 해줌,2017-05-19 21:51:32
294100,RimWorld,positive,비교적 난이도가 높으나 몇번 정착지 말아먹으서 알아가면 된다. 나중가면 살기위해서 인간성을 갖다버리는 자신을 발견하게 될것이다. 취향만 타면 3만원으로 뽕을 뽑고 골수까지 발아먹는 갓겜.,비교 적 난이도 가 높으나 몇번 정착 지 말아먹으서 알아가면 된다 . 나중 가면 살기 위해 서 인간성 을 갖다 버리는 자신 을 발견 하게 될것이다 . 취향 만 타면 3만원 으로 뽕 을 뽑고 골수 까지 발아 먹는 갓 겜 .,2017-05-17 23:33:50
294100,RimWorld,positive,재미는 있다 근데 비싸고 좀 어렵고 인터페이스가 좀 조잡하고 캐릭터들 ai가 좀 떨어지는 듯... 그리고 계속하다보면 뭘 해야겟다도 모르겟고 식량이 부족해서 사냥만 하다가 동물 광분해서 죽어버려서 망하거나 누구 구해줫다가 습격받아서 망하거나.. 물론 내가 못해서 그러는거 일 수 도있지만,재미 는 있다 근데 비싸고 좀 어렵고 인터페이스 가 좀 조잡하고 캐릭터 들 ai 가 좀 떨어지는 듯 ... 그리고 계속 하다 보면 뭘 해야겟다도 모르겟고 식량 이 부족해서 사냥 만 하다가 동물 광분해 서 죽어 버려서 망하거나 누구 구해 줫 다가 습격 받아서 망하거나 .. 물론 내 가 못 해서 그러는거 일 수 도 있지만,2017-05-16 19:06:01
294100,RimWorld,positive,요거시 뭔데 날 못자게 하는거야! 일상적인 생활은 못합니다.,요 거시 뭔 데 날 못자게 하는거야 ! 일상 적 인 생활 은 못 합니다 .,2017-05-13 21:28:44
294100,RimWorld,positive,자신만의 드라마를 찍는 듯한 게임 생존자들의 감정상태도 신경써야하는 생존겜 그냥 갓겜,자신 만의 드라마 를 찍는 듯 한 게임 생존자 들 의 감정 상태 도 신경 써야하는 생존 겜 그냥 갓 겜,2017-05-13 21:18:00
294100,RimWorld,positive,너무 비싸긴 하지만 플레이타임과 모드들 생각해보면 그리 창렬은 아니네요 재밌어요,너무 비싸긴 하지만 플레이 타임 과 모드 들 생각 해보면 그리 창렬 은 아니네요 재밌어요,2017-05-11 04:11:25
294100,RimWorld,positive,재밌다. 이런저런 모드 깔아서 가지고놀기 좋다. 인공지능이 좀 멍청한게 흠. 차기작 나온다면 고민안하고 살거다,재밌다 . 이런저런 모드 깔아서 가지 고 놀기 좋다 . 인공 지능 이 좀 멍청한게 흠 . 차기작 나온다면 고민 안 하고 살거다,2017-05-11 03:01:11
294100,RimWorld,positive,진짜 모드가 캐리하는 게임... 클리어 후에는 모드질이다!! 주민 중 정신이상자는 숙청이다....... 특히 방화범,진짜 모드 가 캐리 하는 게임 ... 클리어 후 에는 모드 질 이다 !! 주민 중 정신 이상자 는 숙청 이다 ....... 특히 방화 범,2017-05-08 19:26:38
294100,RimWorld,positive,업데이트 좀 느린거 빼고 다좋음,업데이트 좀 느린거 빼고 다 좋음,2017-05-08 02:59:07
294100,RimWorld,positive,명확한 정보를 제시하고 그 조합을 통해 생존 게임의 아이덴티티를 가져갔다고 생각했지만 사실 이것도 운빨이었다,명확한 정보 를 제시 하고 그 조합 을 통해 생존 게임 의 아이덴티티 를 가져갔다고 생각 했지만 사실 이 것 도 운 빨이었다,2017-05-07 04:13:19
294100,RimWorld,positive,내인생 게임,내 인생 게임,2017-05-06 18:40:04
294100,RimWorld,positive,씁하 씁하의 즐거움을 잘 담아낸 게임 그런데 필요이상으로 잘 담아냈다 이젠 이 게임 타이틀만 봐도 무서울 지경 (게임이 종료되지 않아...),씁하 씁하의 즐거움 을 잘 담아 낸 게임 그런데 필요 이상 으로 잘 담아 냈다 이 젠 이 게임 타이틀 만 봐도 무서울 지경 ( 게임 이 종료 되지 않아 ...),2017-05-04 19:41:38
294100,RimWorld,positive,타임머신. 얼리임을 감안하고 업데이트가 드려지는걸 감안해도 정가가 아깝지 않음. 단 취향이 맞지 않으면 후반이 많이 지루해진다.,타임머신 . 얼리 임 을 감안 하고 업데이트 가 드려지는걸 감안 해도 정가 가 아깝지 않음 . 단 취향 이 맞지 않으면 후반 이 많이 지루해진다 .,2017-05-04 14:50:37
294100,RimWorld,positive,윙치키치키 윙웅웅웅웅 땅땅탕탕탕! 윙치킻치키 두두ㅜ두ㅜㅜ 윙치키칰치키,윙 치키 치키 윙웅웅웅웅 땅땅 탕탕 탕 ! 윙치킻치키 두두 ㅜ 두 ㅜㅜ 윙 치키 칰 치키,2017-05-03 21:20:36
294100,RimWorld,positive,이 게임을 제대로 하기 위해서는 아마 캐드를 배우거나... 아니면 시민들을 잘 모으거나... 그것도 아니면 재수없는 이벤트가 생기지 않길 간절히 바래야할 겁니다.,이 게임 을 제대로 하기 위 해서는 아마 캐드 를 배우거나 ... 아니면 시민 들 을 잘 모으거나 ... 그것 도 아니면 재수없는 이벤트 가 생기지 않길 간절히 바 래 야할 겁니다 .,2017-04-28 18:41:34
294100,RimWorld,positive,응 타임머신 슈우웅! 2020년 가을어워드도 추천!,응 타임머신 슈우웅 ! 2020년 가을 어워드 도 추천 !,2017-04-25 21:26:04
294100,RimWorld,positive,엌ㅋㅋㅋㅋ 아직도안삼?ㅋㅋㅋㅋ 인생 헛사셨네?ㅋㅋㅋㅋ,엌 ㅋㅋㅋㅋ 아직 도안 삼 ? ㅋㅋㅋㅋ 인생 헛사셨 네 ? ㅋㅋㅋㅋ,2017-04-22 22:29:19
294100,RimWorld,positive,압도적인 어려움과 압도적인 즐거움 두가지를 선사 해주는 게임,압도 적 인 어려움 과 압도 적 인 즐거움 두 가지 를 선사 해주는 게임,2017-04-20 03:36:20
294100,RimWorld,positive,림월드 짱짱맨~,림 월드 짱짱맨 ~,2017-04-19 23:00:18
294100,RimWorld,positive,"당신의 시간을 사정없이 잡아먹을 생존게임. 땅굴을 파고, 건물을 짓고, 농사를 짓고, 사냥을 하고, 찾아오는 우주해적 무리를 때려잡으세요! 더불어 당신의 림들이 하나 둘 죽어갈 때마다, 당신의 지구와 함께 멘탈도 터져나갈 것 입니다! 한번 잡기 시작하면 멈출 수 없어서 저는 일단 컴퓨터를 포멧하는 것으로 이 미친듯한 약을 빤 게임에서 빠져나왔습니다. 하지만 조만간 다시 깔아서 수백 수천개의 지구를 박살내겠죠..... 당신의 줄어든 수면시간을 감당할 자신이 없거나 게임 할 시간이 충분하지 않다면 절대 이 게임을 구매하지 마세요. 과","당신 의 시간 을 사정없이 잡아먹을 생존 게임 . 땅굴 을 파고 , 건물 을 짓고 , 농사 를 짓고 , 사냥 을 하고 , 찾아오는 우주해적 무리 를 때려 잡으세요 ! 더불어 당신 의 림 들 이 하나 둘 죽어 갈 때 마다 , 당신 의 지구 와 함께 멘탈 도 터져 나갈 것 입니다 ! 한번 잡기 시작 하면 멈출 수 없어서 저 는 일단 컴퓨터 를 포멧 하는 것 으로 이 미친듯 한 약 을 빤 게임 에서 빠져나왔습니다 . 하지만 조만간 다시 깔아서 수백 수천 개 의 지구 를 박살 내겠죠 ..... 당신 의 줄어든 수면시간 을 감당 할 자신 이 없거나 게임 할 시간 이 충분하지 않다면 절대 이 게임 을 구매 하지 마세요 . 과",2017-04-19 01:02:10
294100,RimWorld,positive,정말 재미있습니다. 하다보면 시간 가는줄 모르고 심각하게 게임에 빠져있는 나 자신을 보실수 있을겁니다.아! 그리고 팁 하나드리자면 벽은 2~3중은 가주어야 나중에 습격시에 공병이 벽 뚫고 들어오는 시간을 조금이나마 줄일수 있습니다.,정말 재미있습니다 . 하다 보면 시간 가는줄 모르고 심각하게 게임 에 빠져있는 나 자신 을 보실수 있을 겁니다 . 아 ! 그리고 팁 하나 드리자면 벽 은 2~3 중 은 가주 어 야 나중 에 습격 시 에 공병 이 벽 뚫고 들어오는 시간 을 조금 이나마 줄일수 있습니다 .,2017-04-16 18:53:58
294100,RimWorld,positive,처음 힘든 인터페이스를 극복하면서 나도모르게 빠져든 게임. 플탐만 보면 알겠지만 거의 FM급 일상생활 파괴물임,처음 힘든 인터페이스 를 극복 하면서 나도 모르게 빠져든 게임 . 플 탐만 보면 알겠지만 거의 FM 급 일상생활 파 괴물 임,2017-04-15 17:29:04
294100,RimWorld,positive,ㅎㅎ 내 인생 어디,ㅎㅎ 내 인생 어디,2017-04-15 08:22:42
294100,RimWorld,positive,잠깐씩 가끔 하는데 재미 없지는 않은 거 같아요.,잠깐 씩 가끔 하는데 재미 없지는 않은 거 같아요 .,2017-04-14 00:09:25
294100,RimWorld,positive,혹시 지금이 몇월 몇일이죠....,혹시 지금 이 몇 월 몇 일이 죠 ....,2017-04-13 00:59:46
294100,RimWorld,positive,"[h1] 아직은 부족하지만 충분히 잘 만들어진 생존 게임. [/h1] 나는 림월드라는 게임을 알게된 시기가 스팀에 출시했을때였는데 당시 나는 스텔라리스덕분에 게임 불감증이 있던 시기였음. 상당히 재밌어서 공식홈페이지나 지금까지의 개발노트같은걸 봤는데 2013년부터 제작 + 발매를 했던 모양. 참고로 얼리엑세스인지라 불안한 사람들을 위해 말하자면 스팀으로 출시한 이후, 다른 게임성으로 성공한 얼리엑세스 게임들처럼 나름 꾸준히 패치해주는중. (알파 17은 정보 공개등에서는 좀 늦은감이 있긴 하지만..) 전체적인 게","[ h 1 ] 아직 은 부족하지만 충분히 잘 만들어진 생존 게임 . [/ h 1 ] 나 는 림 월드 라는 게임 을 알 게 된 시기 가 스팀 에 출시 했을 때 였는데 당시 나 는 스텔라 리스 덕분 에 게임 불감증 이 있던 시기 였음 . 상당히 재밌어서 공식 홈페이지 나 지금 까지의 개발 노트 같은걸 봤는데 2013년 부터 제작 + 발매 를 했던 모양 . 참고 로 얼리 엑세스 인지 라 불안한 사람 들 을 위해 말 하자면 스팀 으로 출시 한 이후 , 다른 게임 성 으로 성공한 얼리 엑세스 게임 들 처럼 나름 꾸준히 패치 해주는 중 . ( 알파 17 은 정보 공개 등 에서는 좀 늦 은감 이 있긴 하지만 ..) 전체 적 인 게",2017-04-12 00:48:40
294100,RimWorld,positive,이건 수작임.,이건 수작 임 .,2017-04-08 20:29:29
294100,RimWorld,positive,게임으로 시작해서 번역을 거쳐 이제 모딩하느라 붙들고 있네요 재밌습니다,게임 으로 시작 해서 번역 을 거쳐 이제 모 딩 하느라 붙들고 있네요 재밌습니다,2017-04-05 22:49:04
294100,RimWorld,positive,진짜 왠만하면 사지마라 개잼있다.... 겜하다 인생 포기하게 생겼다.,진짜 왠만하면 사지마라 개 잼있다 .... 겜 하다 인생 포기 하게 생겼다 .,2017-04-04 20:56:46
294100,RimWorld,positive,게임 설치 2일만에 20시간을 플레이했습니다.,게임 설치 2일 만에 20시간 을 플레이 했습니다 .,2017-04-04 01:30:45
294100,RimWorld,positive,a lot fun,a lot fun,2017-04-03 20:31:41
294100,RimWorld,positive,갓겜,갓 겜,2017-04-01 20:07:41
294100,RimWorld,positive,행성에 떨어지고 집을지었다 그다음날 적이와서 게임오버 초보때는 이것이 일상일것이다,행성 에 떨어지고 집을지었다 그다음 날 적 이 와서 게임 오버 초보 때 는 이 것 이 일상 일것이다,2017-03-27 01:23:03
294100,RimWorld,positive,오홍홍 좋아요,오 홍홍 좋아요,2017-03-25 13:27:18
294100,RimWorld,positive,"진입 장벽은 높지만, 숙지한다면 플레이의 한계를 벗어날 수 있는 게임.","진입 장벽 은 높지만 , 숙지 한다면 플레이 의 한계 를 벗어날 수 있는 게임 .",2017-03-21 21:55:39
294100,RimWorld,positive,"개어려운데 개재밌음. 총 한발 맞을때마다 신체부위가 파괴되는곳이 없기를 멀쩡하길 바래야하며, 산토끼나 다람쥐한테 눈이나 손가락 발가락 물어뜯기는게 일상인 빌어처먹을 림(거주민)들을 데리고 생존해야하는 게임. 상단을 꾸려서 다른마을에 거래하러 갈 수도 있고, 해적기지에 처들어가서 다 때려부수고 약탈할 수도 있다. 오인사격이 미쳐 날뛰는게임이라 사선 에 잘못서있으면 등짝에 총맞고 척추나가는일이 허다하니 배치를 잘해야함. 초반에 도적 4~5마리 올때가 참 엿같음. 사수는 한명밖에 없는데 개떼로 몰려오니 엄폐하고 안맞길 기도하면","개 어려운데 개 재밌음 . 총 한발 맞을 때 마다 신체 부위 가 파괴 되는 곳 이 없기를 멀쩡하길 바 래 야하며 , 산토끼 나 다람쥐 한테 눈 이나 손가락 발가락 물어 뜯기는게 일상 인 빌어 처 먹을 림 ( 거 주민 ) 들을 데리 고 생존 해야하는 게임 . 상단 을 꾸려서 다른 마을 에 거래 하러 갈 수도 있고 , 해적 기지 에 처 들어가서 다 때려 부수 고 약탈 할 수도 있다 . 오인 사격 이 미쳐 날뛰는 게임 이라 사선 에 잘 못 서있으면 등짝 에 총 맞고 척추 나가는 일이 허다하니 배치 를 잘 해야 함 . 초반 에 도적 4~5 마리 올 때 가 참 엿같음 . 사수 는 한 명 밖에 없는데 개떼 로 몰려오니 엄폐 하고 안 맞길 기도 하면",2017-03-20 19:47:24
294100,RimWorld,positive,잼월드 ㅇㅈ합니다 ^^,잼 월드 ㅇㅈ 합니다 ^^,2017-03-18 16:04:18
294100,RimWorld,positive,"초반 역병으로 모든게 망하는 게임. 3명으로 시작해 3명이 합류... 총 6명이서 옹기종기 해피타임으로 살고있다가 갑작스래 3명이 역병에 걸려 치료도 불가능하고. 부인, 의사, 건축가... 아주 생존에 필요한 녀석들만 다 골라 쳐 죽이는 게임. 오늘도 새로운 부족민이 탄생합니다.","초반 역병 으로 모든 게 망하는 게임 . 3 명 으로 시작 해 3 명 이 합류 ... 총 6 명 이서 옹기종기 해피타임 으로 살고있다가 갑작스 래 3 명 이 역병 에 걸려 치료 도 불가능하고 . 부인 , 의사 , 건축가 ... 아주 생존 에 필요한 녀석 들 만 다 골라 쳐 죽이는 게임 . 오늘 도 새로운 부족 민 이 탄생 합니다 .",2017-03-12 03:54:03
294100,RimWorld,positive,이제는 점점 발전해 가는 림월드 입니다. 개발자 측에서 자체적으로 모드 호환을 맞추기 위해서 업대이트도 많이 하였고 창작마당에 있는 다양한 모드들로 즐기는 재미도 있습니다.,이제 는 점점 발전 해 가는 림 월드 입니다 . 개발자 측 에서 자체 적 으로 모드 호환 을 맞추기 위해 서 업대 이 트 도 많이 하였고 창작 마당 에 있는 다양한 모드 들 로 즐기는 재미 도 있습니다 .,2017-03-11 16:16:39
294100,RimWorld,positive,"시작할때 튜토리얼은 거의 무용지물 수준이고, 게임을 시작해서 모든 리소스를 찾아가야되는점때문에 적응하는데에 꽤나 애먹었는데, 적응하고나선 확실히 중독성있는 게임은 맞는것같네요. 게임 인터페이스나 그래픽같은게 확실히 호불호가 갈릴 유형이기때문에, 새로 사실분들한테는 영상같은걸 참고하고 구매하시길 추천하지만, 개인적으론 갓겜입니다. 딱히 비싼것도 아니고, 한번플레이하면 시간가는걸 모르는거 때문에 주의는 해야겠더라고요.","시작 할 때 튜토리얼 은 거의 무용지물 수준 이고 , 게임 을 시작 해서 모든 리소스 를 찾아가야 되는 점 때문 에 적응하는데에 꽤 나 애 먹었는데 , 적응하고 나선 확실히 중독 성 있는 게임 은 맞는것 같네요 . 게임 인터페이스 나 그래픽 같은게 확실히 호불호 가 갈릴 유형 이기 때문 에 , 새로 사실 분들 한테 는 영상 같은걸 참고 하고 구매 하시길 추천 하 지만 , 개인 적 으론 갓 겜 입니다 . 딱히 비싼것도 아니고 , 한번 플레이 하 면 시간 가 는걸 모르는거 때문 에 주의 는 해야겠더라고요 .",2017-03-09 19:47:31
294100,RimWorld,positive,처음 구입하였을때도 재미있게 했었는데... 지금 버전 16에서는 더욱 재미있어 졌네요... 추천~!!!,처음 구입 하였을 때 도 재미있게 했었는데 ... 지금 버전 16 에서는 더욱 재미있어 졌네요 ... 추천 ~!!!,2017-03-03 16:35:07
294100,RimWorld,positive,dlc 할만하네.,dlc 할 만하 네 .,2017-03-01 20:35:01
294100,RimWorld,positive,림월드 구매 일주일도 안되서 플레이시간 60시간을 채웠다 근 한달동안 중요한 일정이 있는 사람들은 이 게임 구매를 자제하는걸 추천한다,림 월드 구매 일주일 도 안되서 플레이 시간 60시간 을 채웠다 근 한 달동 안 중요한 일정 이 있는 사람 들 은 이 게임 구매 를 자제 하 는걸 추천 한다,2017-03-01 13:36:55
294100,RimWorld,positive,이거 진심 타임머신입니다 건들지 마세요 ㅡㅡ,이 거 진심 타임머신 입니다 건 들 지 마세요 ㅡㅡ,2017-02-28 23:12:27
294100,RimWorld,positive,생각보다 단순하지도않고 재미있다,생각 보다 단순하지도 않고 재미있다,2017-02-26 03:08:22
294100,RimWorld,positive,"산지 한달도 안된것같은데 339시간 했네요 지난 2주동안 124.3시간 플레이 했다니까 진짜 뒤지게 했다는걸 느낍니다 림월드, 말이필요합니까?","산지 한 달도 안된것 같은데 339시간 했네요 지난 2 주 동안 124.3시간 플레이 했다니까 진짜 뒤지게 했다는걸 느낍니다 림 월드 , 말 이 필요합니까 ?",2017-02-23 06:32:44
294100,RimWorld,positive,재미는 있는데... 쫌 애매해요... 일정이상 지나면 아무도 안쳐들어오고 그냥 시간만 가요... 쉬움 모드로 하면 그냥 쉽고 단계를 한단계만 올려도 썰려버리는 ㅠㅠ,재미 는 있는데 ... 쫌 애매해요 ... 일정 이상 지나면 아무 도 안 쳐 들어오고 그냥 시간 만 가요 ... 쉬움 모드 로 하면 그냥 쉽고 단계 를 한 단계 만 올려도 썰려 버리는 ㅠㅠ,2017-02-21 17:44:03
294100,RimWorld,positive,재미 있었다. 업데이트 나오면 그때 다시 플레이 해야지.,재미 있었다 . 업데이트 나오면 그때 다시 플레이 해야지 .,2017-02-21 16:44:23
294100,RimWorld,positive,갓갓갓 게임입니다 꼭사세요 아 물론 난이도는 보장못함 그리고 시간도... A급 타임킬링 게임이니까 조심하세요 문명뺨침,갓 갓 갓 게임 입니다 꼭 사세요 아 물론 난이도 는 보장 못 함 그리고 시간 도 ... A 급 타임 킬링 게임 이니까 조심하세요 문명 뺨침,2017-02-21 12:08:03
294100,RimWorld,positive,"처음 할때는 어려워서 대충 하다가 끄고 그랬는데, 어느 정도 연구랑 방어구축이 되니, 시간 가는 줄 모르게 게임 했습니다. 오후 1시쯤 했는데, 밥먹으라고 해서 시간 봤더니 6시쯤 되더라고요? 이 게임 시간 낭비좀 심한거 같습니다. 잃어버린 시간 다시 찾아주세요.","처음 할 때 는 어려워서 대충 하다가 끄고 그랬는데 , 어느 정도 연구 랑 방어 구축 이 되니 , 시간 가는 줄 모르게 게임 했습니다 . 오후 1시 쯤 했는데 , 밥 먹으라고 해서 시간 봤더니 6시 쯤 되더라고요 ? 이 게임 시간 낭비 좀 심한거 같습니다 . 잃어버린 시간 다시 찾아주세요 .",2017-02-20 16:00:32
294100,RimWorld,positive,"알파 테스트임을 믿을수없을정도의 완성도. 그 완성도에 몇가지 모드로 양념을 더하면 최고의 갓게임이 완성된다. 림을 관리하는데 있어서 내부적으로 멘탈, 온도, 식사, 건강(폐,위,심장,간 등등의 장기부터 손목 발목 상완골 어깨 갈비뼈 같은 세세한 부분 하나하나까지), 모든걸 관리해주어야 하고 그 관리또한 상당히 합리적인 데이터를 바탕으로 움직이니 개연성이 돋보이고 몰입이 잘되고, 밖으로는 습격, 자연재해, 이벤트, 등등을 헤쳐나가면서 기지를 지켜나가는게 기본 베이스적인 플레이. 게임을 플레이해보고 림하나의 정보를 처음 눌러보면","알파 테스트 임 을 믿을수 없을 정도 의 완성 도 . 그 완성 도 에 몇 가지 모드 로 양념 을 더하면 최고 의 갓 게임 이 완성 된다 . 림 을 관리 하는데 있어서 내 부적 으로 멘탈 , 온도 , 식사 , 건강 ( 폐 , 위 , 심장 , 간 등등 의 장기 부터 손목 발목 상완골 어깨 갈비뼈 같은 세세한 부분 하나 하나 까지 ), 모든 걸 관리 해주어야 하고 그 관리 또한 상당히 합리 적 인 데이터 를 바탕 으로 움직이니 개연 성 이 돋보이고 몰입 이 잘 되고 , 밖 으로는 습격 , 자연재해 , 이벤트 , 등등 을 헤쳐나가면서 기지 를 지켜나가는게 기본 베이스 적 인 플레이 . 게임 을 플레이 해보고 림 하나 의 정보 를 처음 눌러 보면",2017-02-19 00:41:29
294100,RimWorld,positive,게임이 재미있다는 것은 무엇일까요? 저의 게임의 재미는 고민을 해야하는가에서 나온다고 생각합니다. 림월드는 그런면에서 참 합격점을 주고 싶습니다. 단지 이쁘기만을 위해서 여러 컨텐츠를 늘리거나 수치조절을 통한 이름만다른 힘+@된 몬스터와같은 후반컨텐츠로 도배된 다른게임들 그리고 프로그래밍이나 전자기학과 같은 외부현실의 지식을 익히는걸 컨텐츠따위로 만들어놓은 다른게임과 달리 게임 내부의 메카니즘을 통한 구성을 통한 퍼즐을 내어놓고 그 풀이를 직접 고민하게 만듭니다. 그리고 그 해결 방식을 여러방향으로 제시해놓지요. 난이도 구분도,게임 이 재미있다는 것 은 무엇 일까 요 ? 저 의 게임 의 재미 는 고민 을 해야하는가에서 나온다고 생각 합니다 . 림 월드 는 그런 면 에서 참 합격 점 을 주고 싶습니다 . 단지 이쁘 기만 을 위해 서 여러 컨텐츠 를 늘리거나 수치 조절 을 통한 이름 만 다른 힘 +@ 된 몬스터 와 같은 후반 컨텐츠 로 도배 된 다른 게임 들 그리고 프로그래밍 이나 전자기학 과 같은 외부 현실 의 지식 을 익히는걸 컨텐츠 따위 로 만들어놓은 다른 게임 과 달리 게임 내부 의 메카니즘 을 통한 구성 을 통한 퍼즐 을 내어놓고 그 풀이 를 직접 고민 하게 만듭니 다 . 그리고 그 해결 방식 을 여러 방향 으로 제시 해놓지요 . 난이도 구분 도,2017-02-18 03:32:05
294100,RimWorld,positive,와우 일퀘만 하고 바로 키는 게임,와우 일 퀘 만 하고 바로 키 는 게임,2017-02-18 02:08:40
294100,RimWorld,positive,이 게임은 도저히 끊을수가 없다 그냥 사지마라 제발,이 게임 은 도저히 끊을수가 없다 그냥 사지마라 제발,2017-02-14 13:29:55
294100,RimWorld,positive,문명은 언제 해뜬거지? 림월드는 ??점심먹어야겠다,문명 은 언제 해 뜬거지 ? 림 월드 는 ?? 점심 먹어야겠다,2017-02-11 04:20:15
294100,RimWorld,positive,갓겜,갓 겜,2017-02-10 20:59:05
294100,RimWorld,positive,"지인분들에게 추천할겸 림월드를 시작. 처음에는 재미있다 싶어서 나름대로 실험도 해보고 익숙해진 상태로 지인분들의 이름을 넣어 캐릭터를 제작했다. 다들 너무 똑같아서 깔깔거리며 진행했었다. 참고로 성격은 사이코패스,신속,신중한사수 라던가 피학...아니 낙천적이나 그런걸 넣어서 한분 빼고 지극히 정상적이었다. +주, 저 사이코패스에 신속 걸리신분 천식있었다. 초반에 무난하게 대형언덕에서 시작해서 자원 채취 시작. 놀랍게도 주변에 다람쥐가 식량을 모조리 뜯어먹는 참사가 발생했다. 안돼겠다. 싶어서 일원들 전부 전투모드에 돌입. 다람","지인 분들 에게 추천 할 겸 림 월드 를 시작 . 처음 에는 재미있다 싶어서 나름 대로 실험 도 해보고 익숙해진 상태 로 지인 분들 의 이름 을 넣어 캐릭터 를 제작 했다 . 다 들 너무 똑같아서 깔깔 거리 며 진행 했었다 . 참고 로 성격 은 사이코패스 , 신속 , 신중한 사수 라던가 피학 ... 아니 낙천 적 이나 그런 걸 넣어서 한 분 빼고 지극히 정상 적 이었다 . + 주 , 저 사이코패스 에 신속 걸리 신분 천식 있었다 . 초반 에 무난 하게 대형 언덕 에서 시작 해서 자원 채취 시작 . 놀랍게도 주변 에 다람쥐 가 식량 을 모조리 뜯어 먹는 참사 가 발생 했다 . 안 돼겠다 . 싶어서 일원 들 전부 전투 모드 에 돌입 . 다 람",2017-02-10 01:43:19
294100,RimWorld,positive,"기지 건설과 생존에 로망있는사람은 꼭 해라. 자원수집, 건설, 생산, 공격과 방어, 생존자들의 상호관계까지 거미줄처럼 꼼꼼히 얽혀있다. '미친 이렇게 재현해냈단말야?' 소리가 나온다. 플레이동안 파란만장한 생존기를 경험할수 있을것이다. 꼭 꼭 꼭 해라","기지 건설 과 생존 에 로망 있는 사람 은 꼭 해 라 . 자원 수집 , 건설 , 생산 , 공격 과 방어 , 생존자 들 의 상호 관계 까지 거미줄 처럼 꼼꼼히 얽혀있다 . ' 미친 이렇게 재현 해냈 단말 야 ?' 소리 가 나온다 . 플레이 동안 파란만장한 생존 기를 경험 할수 있을것이다 . 꼭 꼭 꼭 해 라",2017-02-08 22:10:34
294100,RimWorld,positive,이게임은 진짜 시작하는게아니였다 ㅠㅠ 페인 되고 싶으면 하세요,이 게임 은 진짜 시작 하는게 아니였다 ㅠㅠ 페인 되고 싶으면 하세요,2017-02-08 20:59:39
294100,RimWorld,positive,정말 꾸준히 업데이트를 해주고 있는 갓겜 가격대비 실망스러운 게임이 많은데 값어치 이상하는 몇 안되는 게임,정말 꾸준히 업데이트 를 해주고 있는 갓 겜 가격 대비 실망 스러운 게임 이 많은데 값어치 이상하는 몇 안되는 게임,2017-02-07 20:44:00
294100,RimWorld,positive,금방 질리는 게임. 하지만 재미있습니다.,금방 질리는 게임 . 하지만 재미있습니다 .,2017-02-07 19:22:15
294100,RimWorld,positive,내가 스팀 들어오기전부터 한 유저인데 이거 레알 갓겜이다,내 가 스팀 들어오기전부터 한 유저 인데 이 거 레알 갓 겜 이다,2017-02-07 15:07:59
294100,RimWorld,positive,존나재밌잖아 빨ㄹ ㅣ정식출시됐으면좋겠다 잠도 줄여가면서 게임한다,존나 재밌잖아 빨 ㄹ ㅣ 정식 출시 됐으면 좋겠다 잠도 줄여가면서 게임 한다,2017-02-06 15:23:52
294100,RimWorld,positive,제 플레이 시간을 봐주세요. 이놈을 어떻게 생각하시나요?,제 플레이 시간 을 봐주세요 . 이 놈 을 어떻게 생각 하시나요 ?,2017-02-04 20:42:05
294100,RimWorld,positive,프리즌 아키텍트의 아쉬움을 이 작품으로 달랩니다,프리 즌 아키텍트 의 아쉬움 을 이 작품 으로 달랩니다,2017-02-03 15:08:42
294100,RimWorld,positive,뭐지 이게임..오리지널도 재밌지만 창작마당에있는 유용한 모드 몇개 깔아서 하면 재미가 덤.. 게다가 이겜.. 처음엔 뭐지.. 이 병신같은 그래픽 노잼 씹노잼처럼 보이는 게임은.. 하고 바로 무시했는데 한번 사서 해볼까하고 사서 해봤더니 어느덧 내시간은 72시간.. 미친겜,뭐 지 이 게임 .. 오 리지 널도 재밌지만 창작 마당 에 있는 유용한 모드 몇개 깔아서 하면 재미 가 덤 .. 게다가 이 겜 .. 처음 엔 뭐 지 .. 이 병신 같은 그래픽 노잼 씹 노잼 처럼 보이는 게임 은 .. 하고 바로 무시 했는데 한번 사서 해볼까 하고 사서 해봤더니 어느덧 내 시간 은 72시간 .. 미친 겜,2017-02-03 09:38:43
294100,RimWorld,positive,[h1]우왕[/h1] 도전과제만 있으면 더 좋을듯!,[ h 1 ] 우왕 [/ h 1 ] 도전 과제 만 있으면 더 좋을듯 !,2017-02-02 22:58:33
294100,RimWorld,positive,내 시간 어디 감;,내 시간 어디 감 ;,2017-01-31 22:46:26
294100,RimWorld,positive,"이 게임은 행성에 불시착하여 이 곳에서 생존하여 나중에 우주선을 만들어 이 행성을 탈출하는게 목적인 게임입니다. 이 행성에는 지구와 비슷하게 식물,동물,심지어는 인간까지 살고있습니다. 그들과 거래하거나 전쟁을 할수도 있으며 상단을 꾸려 직접 찾아가는것도 가능합니다. 게다가 행성에서 벌어지는 온갓 일들을 경험할수 있습니다. 작게는 화물낙하기가 떨어진다거나 생존자가 합류한다는거. 크게는 유독성 낙진이라던가 적대적 우주선추락까지 별별일이 다 있습니다. 그렇다고 정착지 내부에는 문제가 없느냐? 그것도 아닙니다. 개척민들이 서로","이 게임 은 행성 에 불시 착하여 이 곳 에서 생존 하여 나중 에 우주선 을 만들어 이 행성 을 탈출 하는게 목적 인 게임 입니다 . 이 행성 에는 지구 와 비슷하게 식물 , 동물 , 심지어 는 인간 까지 살고있습니다 . 그 들 과 거래 하 거나 전쟁 을 할수도 있으며 상단 을 꾸려 직접 찾아가는것도 가능합니다 . 게다가 행성 에서 벌어지는 온갓 일 들 을 경험 할수 있습니다 . 작게는 화물 낙하 기 가 떨어진다거나 생존자 가 합류 한다는 거 . 크게 는 유독 성 낙진 이 라던가 적대 적 우주선 추락 까지 별별 일이 다 있습니다 . 그렇다고 정착 지 내부 에는 문제 가 없느냐 ? 그것 도 아닙니다 . 개척 민 들 이 서로",2017-01-30 21:29:49
294100,RimWorld,positive,"처음으로 리뷰 작성해보는게, 진짜 갓 게임이다...이래저래 스트레스도 많이 받고, 한순간의 실수로, 로드를 누를지 그냥 새롭게 해볼까 고민한다강추강추","처음 으로 리뷰 작성 해보는게 , 진짜 갓 게임 이다 ... 이래저래 스트레스 도 많이 받고 , 한순간 의 실수 로 , 로드 를 누를지 그냥 새롭게 해볼까 고민 한다 강 추강 추",2017-01-30 20:19:18
294100,RimWorld,positive,휴가 나와서 구매하고 몇일 했는데 부대에서 이거 생각만 남 ㅎㅎㅎㅎㅎㅎㅎㅎㅎㅎㅎㅎ,휴가 나와서 구매 하고 몇 일 했는데 부대 에서 이 거 생각 만 남 ㅎㅎㅎㅎㅎㅎㅎㅎㅎㅎㅎㅎ,2017-01-30 11:01:17
294100,RimWorld,positive,창밖으로 해뜨는 것만 9번 본거 같다.,창밖 으로 해 뜨는 것 만 9 번 본거 같다 .,2017-01-28 02:41:12
294100,RimWorld,positive,"가장 인상 깊었던건, 아주 아주 추운 맵이였는데 배고픔과 적들의 침공을 겨우겨우 막아내며 살아남아 탈출선을 쏘아 올렸을때 그리고 흘러나오는 앤딩음악과 여운을 남기는 한두줄의 글귀.. 그 감동을 잊을수가 없더군요, 물론 이제 너무 익숙해져서 손쉽게 클리어를 하곤 하지만 그 처음의 여운이 아주 큽니다","가장 인상 깊었던건 , 아주 아주 추운 맵이였는데 배고픔과 적 들 의 침공 을 겨우 겨우 막아내며 살아남아 탈출 선 을 쏘아 올렸을 때 그리고 흘러나오는 앤딩음악 과 여운 을 남기는 한두 줄 의 글귀 .. 그 감동 을 잊을수가 없더군요 , 물론 이제 너무 익숙해져서 손쉽게 클리어 를 하곤 하지만 그 처음 의 여운 이 아주 큽니다",2017-01-27 20:22:47
294100,RimWorld,positive,살려주세요 이 게임에서 벗어날수가 없어요,살려주세요 이 게임 에서 벗어날수가 없어요,2017-01-26 00:56:03
294100,RimWorld,positive,명심하세요 제작자는 님들 잘되는 꼴을 못봅니다,명 심하세요 제작자 는 님들 잘 되는 꼴 을 못 봅니다,2017-01-24 22:42:00
294100,RimWorld,positive,내 시간 ㅇㄷ...?,내 시간 ㅇㄷ ...?,2017-01-24 16:34:03
294100,RimWorld,positive,뭐야 내 시간 돌려줘요 여러분 모드질은 절대 하지 마세요 모드질이 당신의 시간을 도둑질 해갑니다.,뭐 야 내 시간 돌려줘요 여러분 모드 질 은 절대 하지 마세요 모드 질 이 당신 의 시간 을 도둑질 해 갑니다 .,2017-01-24 05:36:36
294100,RimWorld,positive,게임 장벽이 높다는 단점이 있지만 그 장벽을 넘으면 보이는 신세계,게임 장벽 이 높다는 단점 이 있지만 그 장벽 을 넘으면 보이는 신세계,2017-01-16 00:08:40
294100,RimWorld,positive,굿,굿,2017-01-15 15:38:55
294100,RimWorld,positive,림월드는 사랑입니다,림 월드 는 사랑 입니다,2017-01-15 11:54:14
294100,RimWorld,positive,Just do it 그자체,Just do it 그 자체,2017-01-14 20:36:04
294100,RimWorld,positive,게임이 나오지도 않았는데 일반 겜 가격은 이해가 가는데 미친 DLC는 또 뭐고 저 가격은 또 뭐임??? 444000원 이건 또 뭐야???? 쫌 팔리니 눈에 뵈는게 없나보네 어이가 없어서... 트리플 에이 겜도 저렇게 안한다.,게임 이 나오지도 않았는데 일반 겜 가격 은 이해 가 가는데 미친 DLC 는 또 뭐 고 저 가격 은 또 뭐임 ??? 444000원 이건 또 뭐 야 ???? 쫌 팔리니 눈 에 뵈는게 없나 보네 어이 가 없어서 ... 트리플 에이 겜 도 저렇게 안 한다 .,2017-01-14 20:21:55
294100,RimWorld,positive,구매한지 2일... 20시간을 해버렸다,구매 한지 2일 ... 20시간 을 해 버렸다,2017-01-14 09:38:48
294100,RimWorld,positive,프리즌 아키텍트에서 전투요소가 가미된 게임이겠지 하고 시작한 림월드 큰 실수 였다는 것을 깨닳는데 걸린시간은 60시간 32000원이 아깝다구요? 이 게임을 하느라 나가지 않아 굳는 돈은 단언컨데 32000원 보다 많을 겁니다.,프리 즌 아키텍트 에서 전투 요소 가 가미 된 게임 이 겠지 하고 시작 한 림 월드 큰 실수 였다는 것 을 깨 닳는데 걸린 시간 은 60시간 32000원 이 아깝다구요 ? 이 게임 을 하느라 나가지 않아 굳는 돈 은 단 언 컨데 32000원 보다 많을 겁니다 .,2017-01-14 01:00:38
294100,RimWorld,positive,생존게임의 수작,생존 게임 의 수작,2017-01-14 00:25:36
294100,RimWorld,positive,아직 제대로 플레이 해보지 못해서. 좀더 플레이해보고오겠습니다.,아직 제대로 플레이 해보지 못 해서 . 좀더 플레이 해보고오겠습니다 .,2017-01-13 21:40:03
294100,RimWorld,positive,이 게임 정말 미치도록 재미있다. 둘이하다 하나 죽어도 모를 재미,이 게임 정말 미치도록 재미있다 . 둘이하다 하나 죽어도 모를 재미,2017-01-13 18:51:03
294100,RimWorld,positive,림월드에서 당신이 하고싶은 모든것을 해보세요. 결혼식을 본다던가 즐겁게 파티하는것을 구경하고 적들과 싸우고 잃어버린 가족을 만나고 농사를지어서 상인들에게 팔아 부자가 될수도 있습니다 아니면 겜하는 내내 림들이 필요하는것을 충족해주면서 더나은 삶을 만들수도있고 커다란 도시 또는 감옥을 만들수도 농장을 만들수도 있습니다 병원을 만들어 환자를 진료하고 죄수들은 관리하고 농장을 관리하고 미쳐버린 림들을 관리 하는 게임 Everything in RimWorld,림 월드 에서 당신 이 하고싶은 모든 것 을 해보세요 . 결혼식 을 본다던가 즐겁게 파티 하는것을 구경 하고 적 들 과 싸우고 잃어버린 가족 을 만나고 농사 를 지어서 상인 들 에게 팔 아 부자 가 될수도 있습니다 아니면 겜 하는 내내 림 들 이 필요하는것을 충족 해주면서 더 나은 삶 을 만들수도 있고 커다란 도시 또는 감옥 을 만들수도 농장 을 만들수도 있습니다 병원 을 만들어 환자 를 진료 하고 죄수 들 은 관리 하고 농장 을 관리 하고 미쳐 버린 림 들 을 관리 하는 게임 Everything in RimWorld,2017-01-13 11:39:56
294100,RimWorld,positive,말그대로 시간잡아먹는 괴물.. 처음에는 뭐가뭔지 모르겠고 그냥 꺼버리고싶겠지만 튜토리얼 한 판 해보고 조금씩 알아가기 시작하면 정말 재밌음 +2주동안 80시간했습니다 ..... 솔직히 살때는 얼리엑세스주제에 3만원? 할인도 안해? 재미없으면 바로 환불해야지 하면서 샀는데 벌써 뽕은 뽑았음 이것때문에 이번방학에 알바하려던 계획도 망가짐 ㅠㅠ,말 그대로 시간 잡아먹는 괴물 .. 처음 에는 뭐 가 뭔 지 모르겠고 그냥 꺼 버리고싶겠지만 튜토리얼 한 판 해보고 조금씩 알아가기 시작 하면 정말 재밌음 + 2 주 동안 80시간 했습니다 ..... 솔직히 살때 는 얼리 엑세스 주제 에 3만원 ? 할인 도 안해 ? 재미없으면 바로 환불 해야지 하면서 샀는데 벌써 뽕 은 뽑았음 이 것 때문 에 이번 방학 에 알바 하려던 계획 도 망가짐 ㅠㅠ,2017-01-10 10:37:11
294100,RimWorld,positive,개꿀잼 인정,개꿀잼 인정,2017-01-10 10:13:29
294100,RimWorld,positive,워낙 유명한 게임이라 어느 정도 중독성은 알고 있었는데 이 정도 일줄은 몰랐네요. 구매하고 딱 4일만에 65시간 넘겼습니다.(스타워즈:로그원 보러갔다 온 시간도 있는데..) 4일동안 잠도 잘못자고 먹는것도 대충 먹고 미친듯이 한거 같음. 별로 '와 진짜 재미있다!' 그런 느낌은 아닌데 이거 해주고 저거 만들어 주고 싸우고 하다보면 한번 시작하면 손에서 놓을 수가 없네요. 우주선으로 탈출하고 엔딩보니 조금 할 마음이 수그러들었는데 아무튼 진짜 마약같은 게임..,워낙 유명한 게임 이라 어느 정도 중독 성은 알 고 있었는데 이 정도 일줄은 몰랐네요 . 구매 하고 딱 4일 만에 65시간 넘겼습니다 .( 스타워즈 : 로그 원 보러 갔다 온 시간 도 있는데 ..) 4일 동안 잠도 잘 못자고 먹는것도 대충 먹고 미친듯이 한 거 같음 . 별로 ' 와 진짜 재미있다 !' 그런 느낌 은 아닌데 이 거 해주고 저 거 만들어 주고 싸우고 하다 보면 한번 시작 하면 손 에서 놓을 수가 없네요 . 우주선 으로 탈출 하고 엔딩 보니 조금 할 마음 이 수 그러 들었는데 아무튼 진짜 마약 같은 게임 ..,2017-01-10 08:14:15
294100,RimWorld,positive,쫌 비싸긴한데 업뎃도 꾸준한거 같고 재밌음^^,쫌 비싸긴한데 업뎃 도 꾸준한거 같고 재밌음 ^^,2017-01-08 21:12:38
294100,RimWorld,positive,이쯤돼면 습격자들이들이 고기와 가죽 은으로 보이기 시작한다,이쯤 돼면 습격 자 들이 들이 고기 와 가죽 은 으로 보이기 시작 한 다,2017-01-07 19:12:57
294100,RimWorld,positive,울트라 개 꿀 게임 단점이라면 가격이 비싸다는것뿐,울트라 개 꿀 게임 단점 이 라면 가격 이 비싸다는것 뿐,2017-01-07 13:44:35
294100,RimWorld,positive,처음 이 게임을 했을땐 밤을 샜다 / 계속 밤을 샜다,처음 이 게임 을 했을 땐 밤 을 샜다 / 계속 밤 을 샜다,2017-01-05 20:20:03
294100,RimWorld,positive,이 게임 안본 뇌 삽니다 3일 동안 50시간이 사라졌습니다 책임지시죠,이 게임 안 본 뇌 삽니다 3일 동안 50시간 이 사라졌습니다 책임지시죠,2017-01-05 19:00:07
294100,RimWorld,positive,BEST GAME EVER IN MY LIFE,BEST GAME EVER IN MY LIFE,2017-01-05 02:11:12
294100,RimWorld,positive,"림월드를 내 컴퓨터에 깔고서- 내 인생이 사라졌다- 림월드를 시작하고 나고서- 새 인생이 시작됬다- 경고: 이 게임은 심각한 중독을 유발할 수 있습니다. 프리즌 아키텍쳐에 영향을 받은 외계 행성 건설 생존 게임. 자원을 관리하며 시설을 건설, 발전시켜 살아남는 것이 목적인 게임. 날이 갈수록 덩치가 커지고 깊이가 더해지는 무시무시한 게임이다.","림 월드 를 내 컴퓨터 에 깔고서 - 내 인생 이 사라졌다 - 림 월드 를 시작 하고 나고서 - 새 인생 이 시작 됬다 - 경고 : 이 게임 은 심각한 중독 을 유발 할 수 있습니다 . 프리 즌 아키텍쳐 에 영향 을 받은 외계 행성 건설 생존 게임 . 자원 을 관리 하며 시설 을 건설 , 발전 시켜 살아남는 것 이 목적 인 게임 . 날 이 갈수록 덩 치가 커지고 깊이 가 더해지는 무시무시한 게임 이다 .",2017-01-03 18:48:57
294100,RimWorld,positive,갓게임입니다. 취향 한번 맞으면 진짜 한도 끝도 없이 즐기게 되요.,갓 게임 입니다 . 취향 한번 맞으면 진짜 한도 끝 도 없이 즐기게 되요 .,2017-01-02 04:25:16
294100,RimWorld,positive,"전략,시뮬레이션,경영,생존,기지건설 취향저격 갓-겜.","전략 , 시뮬레이션 , 경영 , 생존 , 기지 건설 취향 저격 갓 - 겜 .",2016-12-31 12:21:08
294100,RimWorld,positive,시간 가는줄 모릅니다. 진짜로.,시간 가는줄 모릅니다 . 진짜 로 .,2016-12-29 18:58:31
294100,RimWorld,positive,' 이게임은 당신의 생활을 망칠수도있습니다. 그래도 하시겠습니까? ' ㅋㅋㅋㅋㅋㅋㅋㅋㅋ넹,' 이 게임 은 당신 의 생활 을 망칠수도 있습니다 . 그래도 하시겠습니까 ? ' ㅋㅋㅋㅋㅋㅋㅋㅋㅋ 넹,2016-12-29 13:48:52
294100,RimWorld,positive,졸라어렵네요... 아직 원시단계에서 헤어나오지 못하고잇어요 ㅠ,졸라 어렵네요 ... 아직 원 시 단계 에서 헤어 나오지 못 하고 잇어요 ㅠ,2016-12-29 04:35:49
294100,RimWorld,positive,부탁이니까 2층집을 짓게 해줘,부탁 이니까 2 층집 을 짓게 해줘,2016-12-29 02:35:21
294100,RimWorld,positive,"가벼워보이지만 결코 가볍지 않은 명작 게임! 아직 알파지만, 충분한 게임성을 가지고 있고 자신만의 마을을 만들어 생존해가는 서바이벌 게임을 좋아한다면 강력 추천해 드립니다. 반대로 아직 불편한 부분이 많으니 완성된 게임을 기대하시면 좀 후회하실지도 모릅니다.","가벼워 보이 지만 결코 가볍지 않은 명작 게임 ! 아직 알파 지만 , 충분한 게임 성 을 가지 고 있고 자신 만의 마을 을 만들어 생존 해가는 서바이벌 게임 을 좋아한다면 강력 추천 해 드립니다 . 반대 로 아직 불편한 부분 이 많으니 완성 된 게임 을 기대하시면 좀 후회 하실지도 모릅니다 .",2016-12-27 14:40:32
294100,RimWorld,positive,곧 있으면 천 시간 리뷰 나온다에 한표 겁니다. 얼리 엑세스 게임임에도 불구하고 환상적인 완성도를 자랑하기에 다들 입이 마르고 닳도록 칭찬하는 림월드. 지나치게 재밌어서 빨리 딴겜하고 싶게 만드는 게임은 또 처음이네요.,곧 있으면 천 시간 리뷰 나온다에 한 표 겁니다 . 얼리 엑세스 게임 임 에도 불구 하고 환상 적 인 완성 도를 자랑 하기에 다 들 입 이 마르고 닳도록 칭찬 하는 림 월드 . 지나치게 재밌어서 빨리 딴 겜 하고 싶게 만드는 게임 은 또 처음 이네 요 .,2016-12-26 19:46:46
294100,RimWorld,positive,고추폭격기 이리로 오도록,고추 폭격기 이 리 로 오 도록,2016-12-26 15:42:10
294100,RimWorld,positive,제 닉네임이 모든것을 설명합니다..,제 닉네임 이 모든 것 을 설명 합니다 ..,2016-12-25 19:05:36
294100,RimWorld,positive,"Rimworld Alpha16 을 보면서, 왜 alpha15에서 이리 오래 걸렸는지 바로 납득이되면서, 보는 내내 감탄성만 나왔습니다. 정말이지...기존에서 정말 잘 만든 게임이었지만, 마지막 패치를 통해 전설적인 게임이 될 것 같습니다. 고맙습니다. Tynan","Rimworld Alpha 16 을 보면서 , 왜 alpha 15 에서 이리 오래 걸렸는지 바로 납득 이 되면서 , 보는 내내 감탄 성 만 나왔습니다 . 정말 이지 ... 기존 에서 정말 잘 만든 게임 이었지만 , 마지막 패치 를 통해 전설 적 인 게임 이 될 것 같습니다 . 고맙습니다 . Tynan",2016-12-23 18:30:06
294100,RimWorld,positive,갓겜,갓 겜,2016-12-23 17:41:36
294100,RimWorld,positive,"개인적으로는 문명보다 더 지독한 게임이라 생각됩니다 정작 우주로는 탈출 안하고 재산 열심히 모아서 마을꾸미는 꿀잼이 있지요 기존 버전에서는 돈이랑 원자재를 모으기 ㅈㄴ 힘들고 거의 농사위주의 농경생활로 꾸려나갔으나 신규 업데이트 되면서 세이브가 날라가서 약간 멘붕이 오기는 했지만... 전체적인 npc 에게 판매하는 판매 가격이 올라갔으며, 심층채굴에서 플라스틸이 나와주면서 여러분의 창고를 은으로 가득 채울수 있는 게임이 되었습니다. 초기 접근이 조금 어려운 게임이긴 하지만 어느정도 숙련이 되면 이만한 게임이 없습니다. 세계관이 새","개인 적 으로는 문명 보다 더 지독한 게임 이라 생각 됩니다 정작 우주 로는 탈출 안 하고 재산 열심히 모아서 마을 꾸미는 꿀잼 이 있지요 기존 버전 에서는 돈 이랑 원자재 를 모으기 ㅈㄴ 힘들고 거의 농사 위주 의 농경 생활 로 꾸려 나갔으나 신규 업데이트 되면서 세이브 가 날라가서 약간 멘붕 이 오기 는 했지만 ... 전체 적 인 npc 에게 판매 하는 판매 가격 이 올라갔으며 , 심층 채굴 에서 플 라 스틸 이 나와주면서 여러분 의 창고 를 은 으로 가득 채울수 있는 게임 이 되었습니다 . 초기 접근 이 조금 어려운 게임 이긴 하지만 어느 정도 숙련 이 되면 이만 한 게임 이 없습니다 . 세계관 이 새",2016-12-22 17:28:25
294100,RimWorld,positive,정말 돈이 아깝지 않은 제품. 플래이 타임 1000시간이 넘었지만 여전히 하게 되는 게임.,정말 돈 이 아깝지 않은 제품 . 플 래 이 타임 1000시간 이 넘었지만 여전히 하게 되는 게임 .,2016-12-22 10:24:30
294100,RimWorld,positive,이건그냥 한마디로 압축된다. 갓.겜. 게임사고 일하는시간이줄고 잠자는시간도 반으로 줄었다. 게다가 최소 1주일에 한번씩은 업뎃을하니 앞으로가 더 기대되는 게임이다. 난이도도 적당하고 나중가도 쉬워지거나 하지않아서 좋다. 시간을 버리고싶은 사람에게 강력추천.,이건 그냥 한마디 로 압축 된다 . 갓 . 겜 . 게임 사고 일 하는 시간 이 줄 고 잠자는 시간 도 반 으로 줄었다 . 게다가 최소 1 주일 에 한번 씩 은 업뎃을하 니 앞 으로가 더 기대 되는 게임 이다 . 난이도 도 적당하고 나중 가도 쉬워지거나 하지 않아서 좋다 . 시간 을 버리고싶은 사람 에게 강력 추천 .,2016-12-21 02:02:09
294100,RimWorld,positive,건설하고 키우는 걸 좋아하면 추천할 만한 게임,건설 하고 키우는 걸 좋아하면 추천 할 만 한 게임,2016-12-17 14:40:30
294100,RimWorld,positive,마인크래프트가 유치하고 테라리아가 무언가 아쉽다면 답은 림월드 재산 상태에 따라서 쳐들어오는 적들이 강해져서 빨리 우주로 나가는게 목표인 게임 그 점이 아쉽기도 하지만 그러려니함,마인크래프트 가 유치하고 테라리아 가 무언가 아쉽다면 답 은 림 월드 재산 상태 에 따라서 쳐 들어오는 적 들 이 강해져서 빨리 우주 로 나가는게 목표 인 게임 그 점 이 아쉽 기도 하지만 그러려니 함,2016-12-14 22:58:51
294100,RimWorld,positive,우주선만들어서 탈출하는 게임인데 만들어놓고 여태까지 한게 아까워서 탈출안하는 게임,우주선 만 들어서 탈출 하는 게임 인데 만들어놓고 여태 까지 한 게 아까워서 탈출 안 하는 게임,2016-12-13 17:37:41
294100,RimWorld,positive,내가 이겜을 왜하는지 모르겠다 12시간이 지나있다,내 가 이 겜 을 왜 하는지 모르겠다 12시간 이 지나있다,2016-12-12 17:59:00
294100,RimWorld,positive,인디게임치고 쓸데없이 고퀄임...그래서 돈이 안아까움. 1.대충본다면 그래픽이 나빠보일수도 있지만 나름 세세하게 신경을 잘썼음.. 2.BGM이 좋음 트레일러브금만 들어도 진짜 좋았는데 게임을 하면서 나오는 브금도 진짜 쩐다. 그래서 브금을 돈주고 구입 ㅠ (올해 게임어워드에 브금 부분에서 상줘도 될듯) 3.중독성에서는 이런류의 게임을 처음 접해보고 별로 안좋아하는데도 불구하고 빠져들게 만드는 매력이 있음. 4.단점으로는 전투가 어려움..그냥 스타처럼 컨트롤 하게 해놨으면 더 좋지 않았을까 싶음..총쏘는 경로상에 림들이 지나,인디 게임 치고 쓸데없이 고 퀄임 ... 그래서 돈 이 안아까 움 . 1 . 대충 본다면 그래픽 이 나빠 보일수도 있지만 나름 세세하게 신경 을 잘썼음 .. 2 . BGM 이 좋음 트레일러 브금 만 들어도 진짜 좋았는데 게임 을 하면서 나오는 브금 도 진짜 쩐다 . 그래서 브금 을 돈 주고 구입 ㅠ ( 올해 게임 어워드 에 브금 부분 에서 상 줘도 될듯 ) 3 . 중독 성 에서는 이런 류 의 게임 을 처음 접 해보고 별로 안 좋아하는데도 불구 하고 빠져들게 만드는 매력 이 있음 . 4 . 단점 으로는 전투 가 어려움 .. 그냥 스타 처럼 컨트롤 하게 해놨으면 더 좋지 않았을까 싶음 .. 총 쏘는 경로 상 에 림 들 이 지나,2016-12-05 01:07:54
294100,RimWorld,positive,"2014년 스팀에 나오기 전인 알파3부터 플레이 했습니다 스팀 출시하면 기존 구매자는 무료로 나눠 준다고 했었는데, 스팀 등록을 한다/ 안한다. 자기가 원래 만들고자 했던 게임은 다 만들었으니 개발을 그만한다. 말이 많았는데 결국 약속이 지켜졌네요. 알파3때는 의학, 호감도, 동물 길들이기, 질병, 예술, 화장 심지어 요리 등등 지금의 대부분 시스템이 없었는데, 빠른 주기로 새로운 시스템이 업데이트 되는 재미로 했었네요. 그리고 게임이 알려지면서 서서히 모드들도 생겨나면서 문명, fm 보다도 많이 한 것 같습니다. 지금은","2014년 스팀 에 나오기 전인 알파 3 부터 플레이 했습니다 스팀 출시 하면 기존 구매 자 는 무료 로 나눠 준다고 했었는데 , 스팀 등록 을 한다 / 안 한다 . 자기 가 원래 만들고자 했던 게임 은 다 만들었으니 개발 을 그만한다 . 말 이 많았는데 결국 약속 이 지켜졌네요 . 알파 3 때 는 의학 , 호감 도 , 동물 길들이기 , 질병 , 예술 , 화장 심지어 요리 등등 지금 의 대부분 시스템 이 없었는데 , 빠른 주기 로 새로운 시스템 이 업데이트 되는 재미 로 했었네요 . 그리고 게임 이 알려지면서 서서히 모드 들 도 생겨나면서 문명 , fm 보다도 많이 한 것 같습니다 . 지금 은",2016-12-04 23:01:42
294100,RimWorld,positive,운빨좆망겜,운빨 좆망 겜,2016-12-03 18:31:49
294100,RimWorld,positive,"내가 해본 게임중에서 최고의 게임. 정착지를 관리한다는 단순한 시물레이션 게임같지만 그안에서 건설과 생존, 전투가 가미된 다소 복잡한 게임이지만 그렇다고 손도 못댈만큼 진입 난이도가 높지만은 않아서 차근차근 배울 수도 있는 게임이다. 이번에 알파16 업데이트 뉴스를 보니 정착지간 교류 시스템이 강화되는것 같은데 개인적으로 정말 기대하고 있는중이다. 아무튼 생존을 위해 자원을 확보하고 정착민들의 기분과 건강을 관리해나가며 외부 세력으로부터 정착지를 지키는 게임을 원한다면 강력히 추천함.","내 가 해본 게임 중 에서 최고 의 게임 . 정착 지를 관리 한다는 단순한 시 물레 이 션 게임 같지만 그 안 에서 건설 과 생존 , 전투 가 가미 된 다소 복잡한 게임 이지만 그렇다고 손 도 못 댈만큼 진입 난이도 가 높지만은 않아서 차근차근 배울 수도 있는 게임 이다 . 이번 에 알파 16 업데이트 뉴스 를 보니 정착 지 간 교류 시스템 이 강화 되는것 같은데 개인 적 으로 정말 기대하고 있는 중이 다 . 아무튼 생존 을 위해 자원 을 확보 하고 정착민 들 의 기분 과 건강 을 관리 해 나가며 외부 세력 으로부터 정착 지를 지키는 게임 을 원한다면 강력히 추천 함 .",2016-12-02 12:18:27
294100,RimWorld,positive,"다른건 몰라도 이건 인정, 정말 잠 잘 시간이 없다. 안해봤다면 우주를 좋아한다면 꼭 해보길^^그리고 창작마당 커뮤니티도 굉장히 우수함.","다른건 몰라도 이건 인정 , 정말 잠 잘 시간 이 없다 . 안 해봤다면 우주 를 좋아한다면 꼭 해보길 ^^ 그리고 창작 마당 커뮤니티 도 굉장히 우수함 .",2016-12-02 04:09:15
294100,RimWorld,positive,다음팟 만세!!,다음팟 만세 !!,2016-12-01 01:42:48
294100,RimWorld,positive,이 게임은 우주에서 불시착 한 후 자원을 모아 살아가는 형태의 게임입니다. 자원을 모아 물건을 만들고 다른 단체의 침략도 받다보면 정착지도 커지고 이래저래 인원도 많아집니다. 마지막은 우주선을 만들어 타고 다시 우주로... 이런식으로 몇번 게임을 하다 질리셨다면 이제 모드를 깔때가 온 겁니다. 이렇게 다양한 모드 또한 이 게임의 강점입니다. 아직 얼리억세스지만 지금도 추천할만한 게임입니다. 단점이라면.. 업데이트가 되면 모드를 거의 못쓰는것 정도일까요?,이 게임 은 우주 에서 불시 착 한 후 자원 을 모아 살아가는 형태 의 게임 입니다 . 자원 을 모아 물건 을 만들고 다른 단체 의 침략 도 받다 보면 정착 지도 커지고 이래저래 인원 도 많아집니다 . 마지막 은 우주선 을 만들어 타고 다시 우주 로 ... 이런 식 으로 몇번 게임 을 하다 질리셨다면 이제 모드 를 깔 때 가 온 겁니다 . 이렇게 다양한 모드 또한 이 게임 의 강점 입니다 . 아직 얼리 억 세 스 지만 지금 도 추천 할만 한 게임 입니다 . 단점 이 라면 .. 업데이트 가 되면 모드 를 거의 못 쓰는것 정도 일까 요 ?,2016-11-30 00:02:41
294100,RimWorld,positive,아직 알파단계지만 충분히 재미있네요 단점이라면 후반이 루즈하다는것?,아직 알파 단계 지만 충분히 재미있네요 단점 이 라면 후반 이 루즈 하다는것 ?,2016-11-29 22:00:12
294100,RimWorld,positive,취향저격...,취향 저격 ...,2016-11-29 18:02:05
294100,RimWorld,positive,방문객을 납치하고 자동화 포탑이 지키는 수용소에 가둔 뒤에 하나씩 세뇌시키다가 말을 듣지 않으면 처형하죠. 아직 건강하다면 해체하세요. 그리고 시체는 흔적이 남지 않도록 소각로에 넣어 태워줍니다. 소름돋으라고 쓴거 아님. 플레이 팁임.,방문객 을 납치 하고 자동화 포탑 이 지키는 수 용소 에 가둔 뒤 에 하나 씩 세뇌 시키다가 말 을 듣지 않으면 처형 하죠 . 아직 건강하다면 해체 하세요 . 그리고 시체 는 흔적 이 남지 않도록 소 각 로 에 넣어 태워 줍니다 . 소름 돋으라고 쓴거 아님 . 플레이 팁임 .,2016-11-28 20:43:09
294100,RimWorld,positive,사실 말이 필요없다.,사실 말 이 필요없다 .,2016-11-28 08:08:40
294100,RimWorld,positive,잠깐만 해야지 싶으면서도 어느샌가 회사와 집을 오가며 플레이하게 되었습니다.,잠깐 만 해야지 싶으면서도 어느샌가 회사 와 집 을 오가며 플레이 하게 되었습니다 .,2016-11-27 20:48:48
294100,RimWorld,positive,아직... 아직도 부족하다,아직 ... 아직도 부족하다,2016-11-27 16:35:35
294100,RimWorld,positive,"쉬다가 업데이트 되면 또 플레이하고, 모드 설치해서 또 플레이하고.. 그러다 질리면 또 쉬고 완전 연어게임입니다요","쉬다가 업데이트 되면 또 플레이 하고 , 모드 설치 해서 또 플레이 하고 .. 그러다 질리 면 또 쉬 고 완전 연어 게임 입니다요",2016-11-27 15:28:09
294100,RimWorld,positive,"정말 재미있습니다. 캐릭터 애니메이션이 없는 건 확실히 단점이고, 시작하자마자 실망하는 요소중에 하나입니다. 전투에서 무기를 사용하는 것 이외에는 죄다 굉장히 간결한 이팩트로 해결하고 있어서, 좀 심심한 맛은 있습니다. 그런데 그래픽 부분은 금방 익숙해지는 부분이고, 게임 요소라던가 흐름이 굉장히 재미있습니다.","정말 재미있습니다 . 캐릭터 애니메이션 이 없는 건 확실히 단점 이고 , 시작 하 자마자 실망하는 요소 중 에 하나 입니다 . 전투 에서 무기 를 사용 하는 것 이외 에는 죄다 굉장히 간결한 이팩트 로 해결 하고 있어서 , 좀 심심한 맛 은 있습니다 . 그런데 그래픽 부분 은 금방 익숙해지는 부분 이고 , 게임 요소 라던가 흐름 이 굉장히 재미있습니다 .",2016-11-27 12:31:28
294100,RimWorld,positive,게임 = 재미 . 공식을 보여주는 게임,게임 = 재미 . 공식 을 보여주는 게임,2016-11-27 12:18:06
294100,RimWorld,positive,근대문명 다 세워놨더니 우주선쏴서 탈출하고 자빠졌네,근대 문명 다 세워놨더니 우주선 쏴서 탈출 하고 자빠졌네,2016-11-27 12:06:41
294100,RimWorld,positive,갓-겜,갓 - 겜,2016-11-26 19:44:01
294100,RimWorld,positive,해보세요 해봐야 재미를 알수 있습니다,해보세요 해봐야 재미 를 알수 있습니다,2016-11-26 17:08:42
294100,RimWorld,positive,재밌습니다,재밌습니다,2016-11-26 15:34:54
294100,RimWorld,positive,200시간 이상의 플레이타임이 보장됩니다. 발암에 주의 하세요. 당신의 소중한 정착민은 늑대에게 죽을겁니다. 제가 보증합니다. ^_^ 그리고 정착민 멘탈이 터지겠죠!!!,200시간 이상 의 플레이 타임 이 보장 됩니다 . 발암 에 주의 하세요 . 당신 의 소중한 정착민 은 늑대 에게 죽 을 겁니다 . 제 가 보증 합니다 . ^_^ 그리고 정착민 멘탈 이 터지겠죠 !!!,2016-11-26 15:31:45
294100,RimWorld,positive,이전까지 생존 및 건설게임을 하면서 느꼈던 부족한 점을 채워준 게임. 랜덤으로 발생하는 각종 이벤트들이 게임을 지루하지 않게 만들어줍니다. 계속해서 빠른 속도로 업데이트되는 점에도 만족. 얼리억세스인만큼 앞으로가 더욱 기대되는 게임!,이전 까지 생존 및 건설 게임 을 하면서 느꼈던 부족한 점 을 채워 준 게임 . 랜덤 으로 발생 하는 각종 이벤트 들 이 게임 을 지루하지 않게 만 들어줍니다 . 계속 해서 빠른 속도 로 업데이트 되는 점 에도 만족 . 얼리 억 세 스 인 만큼 앞 으로가 더욱 기대 되는 게임 !,2016-11-26 10:04:43
294100,RimWorld,positive,재미있다,재미있다,2016-11-26 09:33:56
294100,RimWorld,positive,"알파 6인가 7부터 지켜보던 게임입니다. 생존류 게임을 좋아하는 터라 관심이 많이 갔습니다. 엔딩은 한번밖에 보지 못했지만 제가 한 게임중에서는 플레이타임이 꽤 긴 편입니다. 난이도는 천차만별이라 쉬움부터 하면 적응하는데는 큰 무리가 없을 듯 합니다. 초반 며칠을 버티는 데 적응하는게 중요하고, 작업의 우선순위를 항상 잘 생각하셔야 합니다. 요즘 림월드 방송을 하시는 분들이 많으신데, 구매를 망설이시는 분들은 방송을 참고하시는 것도 좋을 것 같네요. 바닐라에서 부족했던 부분은 여러 모드로 해결할 수 있으니 1회차 후에는 다양한 모드","알파 6 인가 7 부터 지켜보던 게임 입니다 . 생존 류 게임 을 좋아하는 터 라 관심 이 많이 갔습니다 . 엔딩 은 한번 밖에 보지 못 했지만 제 가 한 게임 중 에서는 플레이 타임 이 꽤 긴 편입 니 다 . 난이도 는 천차만별 이라 쉬움 부터 하면 적응하는데는 큰 무리 가 없을 듯 합니다 . 초반 며칠 을 버티는 데 적응하는게 중요하고 , 작업 의 우선 순위 를 항상 잘 생각 하셔야 합니다 . 요즘 림 월드 방송 을 하시는 분 들 이 많으신 데 , 구매 를 망설이시는 분 들 은 방송 을 참고 하시는 것 도 좋을 것 같네요 . 바닐라 에서 부족했던 부분 은 여러 모드 로 해결 할 수 있으니 1회 차 후 에는 다양한 모드",2016-11-26 08:15:57
294100,RimWorld,positive,전형적인 운빨좆망겜입니다,전형 적 인 운빨 좆망 겜 입니다,2016-11-26 01:24:50
294100,RimWorld,positive,Best game for watching a sunrise.,Best game for watching a sunrise .,2016-11-26 00:03:47
294100,RimWorld,positive,"아래에 적힌 저 넉넉한 평가들을 듣고 게임을 구매하였다. 토요일날 구매후, 주말을 바쳤다. 평일날 퇴근하고 저녁만 먹고 칼같이 집에 와서 컴퓨터를 켰다. 모두의마을 일일 이벤트? x 까라 그래. 새벽 2시가 되면 ""내일 퇴사할거 아니면.."" 생각하면서 전원을 껐고, 저녁 먹는 시간만을 기다렸다. 구매하고 한주만에 40시간을 채우는 기염을 보였다. 자꾸 터져서 한동안 멀리했는데.. 요즘 할게 없어 깔려 있던 게임들 둘러보다... 실수로 눌렀어... 실수로 눌렀다고.. 그런데 왜... 또 새벽2시지..?","아래 에 적힌 저 넉넉한 평가 들 을 듣고 게임 을 구매 하였다 . 토요일 날 구매 후 , 주말 을 바쳤다 . 평일 날 퇴근 하고 저녁 만 먹고 칼 같이 집 에 와서 컴퓨터 를 켰다 . 모두 의 마을 일일 이벤트 ? x 까라 그래 . 새벽 2시 가 되면 "" 내일 퇴사 할거 아니면 .."" 생각 하면서 전원 을 껐고 , 저녁 먹는 시간 만을 기다렸다 . 구매 하고 한주 만에 40시간 을 채우는 기염 을 보였다 . 자꾸 터져서 한동안 멀리 했는데 .. 요즘 할게 없어 깔려 있던 게임 들 둘러보다 ... 실수 로 눌렀어 ... 실수 로 눌렀다고 .. 그런데 왜 ... 또 새벽 2시 지 ..?",2016-11-25 23:07:17
294100,RimWorld,positive,이제 튜토리얼 마친 림린이 인사드립니다.,이제 튜토리얼 마친 림린 이 인사 드립니다 .,2016-11-25 17:39:28
294100,RimWorld,positive,이 게임 때문에 생활패턴이 깨졌어요 ㅠㅠ,이 게임 때문 에 생활 패턴 이 깨졌어요 ㅠㅠ,2016-11-25 17:12:57
294100,RimWorld,positive,"엔딩이 가장 아련했던 게임. 나의 마음을 담았던 것은 주민도, 리더도, 전투병도 아니었다.","엔딩 이 가장 아련했던 게임 . 나 의 마음 을 담았던 것 은 주민 도 , 리더 도 , 전투 병 도 아니었다 .",2016-11-25 14:27:20
294100,RimWorld,positive,일단 시작하면 멈추기가 힘든 게임 시스템을 잘 이해하지 못하고 시작하면 어려울 수 있고 공들여 키운 마을이 이벤트 한번에 날라가는 경우도 많지만 그렇게 해서 게임을 알아갈수록 더 재밌어진다 아직 개발이 더 진행중이기에 더 기대되는 게임,일단 시작 하면 멈추기가 힘든 게임 시스템 을 잘 이해 하지 못 하고 시작 하면 어려울 수 있고 공 들 여 키운 마을 이 이벤트 한번 에 날라가는 경우 도 많지만 그렇게 해서 게임 을 알 아 갈수록 더 재밌어진다 아직 개발 이 더 진행중 이기 에 더 기대 되는 게임,2016-11-25 01:12:39
294100,RimWorld,positive,시간가는줄 모르고 하는 게임. 딱히 뭐 한거 없이 게임상으로 며칠 흘려보내고 난 후 시계를 봐보면 몇시간 훅 지나가는걸 느낄 수 있다,시간 가는줄 모르고 하는 게임 . 딱히 뭐 한 거 없이 게임상 으로 며칠 흘려 보내고 난 후 시계 를 봐 보면 몇 시간 훅 지나가는걸 느낄 수 있다,2016-11-25 01:08:49
294100,RimWorld,positive,"아직 인간이고 싶다면, 하지마세요. 모든 것을 내팽개치고 살 것이 아니라면 말이죠.","아직 인간 이고 싶다면 , 하지 마세요 . 모든 것 을 내 팽 개 치고 살 것 이 아니라면 말 이 죠 .",2016-11-25 00:20:50
294100,RimWorld,positive,몇일동안 밤을 새게 만들었던 게임 눈물날정도로 아까운 시간들을흘러보내며 살포시 추천을 누른다,몇 일 동안 밤 을 새게 만들었던 게임 눈물날 정도 로 아까운 시간 들 을 흘러 보내며 살포시 추천 을 누른다,2016-11-24 22:43:29
294100,RimWorld,positive,중독성 정말 쩌네 .. 풋볼매니저보다 중독성 쩌네요 산지 얼마되지도 않았는데 20시간 넘었습니다. 고민하고 걔신 분이 있다면 꼭 구매하길 바랄게요 돈 아깝지가 않습니다.,중독 성 정말 쩌 네 .. 풋볼매니저 보다 중독 성 쩌네 요 산지 얼마 되지도 않았는데 20시간 넘었습니다 . 고민 하고 걔 신 분 이 있다면 꼭 구매 하길 바랄게요 돈 아깝지가 않습니다 .,2016-11-24 22:35:59
294100,RimWorld,positive,시간보내기에 최적인 게임,시간 보내기에 최적 인 게임,2016-11-24 22:21:52
294100,RimWorld,positive,재미있지만 후반으로 갈수록 반복적인 노동으로 변함 프리즌아키텍트보다 컨텐츠가 많은거 같은데 오히려 더 금방 질림. 엄청난 미래가 배경인데 어찌된건지 기술 수준이 지금만도 못함. 방금까지 자신에게 총알을 날려대던놈을 죽이고도 무드가 팍팍 깍여나가는걸 도무지 이해 할 수가 없음. this war of mine 처럼 성격별로 차이가 있던가 해야지 이건 뭐 왼쪽팔 총맞고 날아가면 오른쪽팔 내어줄 놈들임.,재미있지만 후반 으로 갈수록 반복 적 인 노동 으로 변함 프리즌아키텍트 보다 컨텐츠 가 많은거 같은데 오히려 더 금방 질림 . 엄청난 미래 가 배경 인데 어찌 된 건지 기술 수준 이 지금 만도 못 함 . 방금 까지 자신 에게 총알 을 날려 대던 놈 을 죽이고도 무드 가 팍팍 깍여나가는걸 도무지 이해 할 수가 없음 . this war of mine 처럼 성격 별로 차이 가 있던가 해야지 이건 뭐 왼쪽 팔 총 맞고 날아가면 오른쪽 팔 내어줄 놈 들임 .,2016-11-24 22:11:24
294100,RimWorld,positive,모드덕분에 컨텐츠 걱정 없는게임 그렇다고 바닐라가 재미없는건 아니다,모드 덕분 에 컨텐츠 걱정 없는 게임 그렇다고 바닐라 가 재미없는건 아니다,2016-11-24 22:02:07
294100,RimWorld,positive,림들이 죽어나간다아,림 들 이 죽어나 간다 아,2016-11-24 21:43:25
294100,RimWorld,positive,내가 해본 생존게임중에 최고봉인거같다 아무도 반박할 수 없을듯,내 가 해본 생존 게임 중 에 최고봉 인거 같다 아무 도 반박 할 수 없을듯,2016-11-24 21:19:22
294100,RimWorld,positive,"여러분은 변방계 외행성에 불시착 했습니다! 어떤 이유로 불시착을 하게 되었는지 따위는 이제 중요하지 않습니다. 단 하나 남은 목표는 바로 '생존'입니다! 기본적으로 주어지는 통나무와 철을 이용해서 나중에 잘못지었다며 부술게 분명한 집을 건설하고, 나중에 더 좋은 등급이 나왔다며 교채할 가구들을 만듭시다! 기본적으로 주는 은을 이용해 우리에게 물건을 등쳐먹으로 오는건지 팔러오는건지 불분명한 상인들과 거래하고, 치료비가 더 나올 근접무기나 가늠좌가 1센치는 어긋난게 분명한 1차 세계대전에나 쓰던 총을 사용해 적과 싸워봅시다!","여러분 은 변 방계 외행성 에 불시 착 했습니다 ! 어떤 이유 로 불시 착 을 하게 되었는지 따위 는 이제 중요하지 않습니다 . 단 하나 남은 목표 는 바로 ' 생존 ' 입니다 ! 기본 적 으로 주어지는 통나무 와 철 을 이용 해서 나중 에 잘 못 지었다며 부술 게 분명한 집 을 건설 하고 , 나중 에 더 좋은 등급 이 나왔다며 교채 할 가구 들 을 만듭시 다 ! 기본 적 으로 주는 은 을 이용 해 우리 에게 물건 을 등 쳐 먹으로 오는 건 지 팔러 오는 건 지 불분명 한 상인 들 과 거래 하고 , 치료 비 가 더 나올 근접무기 나 가늠 좌 가 1 센치 는 어긋난게 분명한 1 차 세계대전 에나 쓰던 총 을 사용 해 적 과 싸워 봅시다 !",2016-11-24 21:12:30
294100,RimWorld,positive,GOD GAME. 인정.,GOD GAME . 인정 .,2016-11-24 21:10:21
294100,RimWorld,positive,패치 뒤 다시 하고 있지만 전이나 지금이나 무척 재미 있씀.,패치 뒤 다시 하고 있지만 전이 나 지금 이나 무척 재미 있 씀 .,2016-11-24 17:56:02
294100,RimWorld,positive,운빨 좆망겜이라 멘탈 자주 터지지만 계속 하게되는 재미가 있음,운빨 좆망 겜 이라 멘탈 자주 터지지만 계속 하게 되는 재미 가 있음,2016-11-24 16:05:26
294100,RimWorld,positive,얼마안했지만 재미있습니다. 즐거운 폭탄쥐습격 되시길.,얼 마안 했지만 재미있습니다 . 즐거운 폭탄 쥐 습격 되시길 .,2016-11-24 15:58:42
294100,RimWorld,positive,노모리아 비슷한 게임인데 좀더 힘들고 재밌는듯,노모 리아 비슷한 게임 인데 좀더 힘들고 재밌는듯,2016-11-24 15:51:17
294100,RimWorld,positive,미칠듯한 중독성 내가 원하던 전략과 건설 시스템 갓 - 겜,미칠듯 한 중독 성 내 가 원하던 전략 과 건설 시스템 갓 - 겜,2016-11-24 14:12:29
294100,RimWorld,positive,Best Game,Best Game,2016-11-24 10:22:58
294100,RimWorld,positive,정말 재밌습니다.,정말 재밌습니다 .,2016-11-24 10:21:08
294100,RimWorld,positive,너무 재미있게 플레이한 게임입니다 처음 그래픽만 봤을 때는 재미있을까 의구심도 들었지만 이거 하느라 몇일 밤을 샜네요 제작진이 주기적으로 업데이트도 해주고 32000원이 아깝지 않은 게임입니다,너무 재미있게 플레이 한 게임 입니다 처음 그래픽 만 봤을 때 는 재미있을까 의구 심도 들었지만 이 거 하느라 몇 일 밤 을 샜네요 제 작 진 이 주 기적 으로 업데이트 도 해주고 32000원 이 아깝지 않은 게임 입니다,2016-11-24 09:20:16
294100,RimWorld,positive,바닐라 -> 모드 -> 하드코어 -> 바닐라 -> 모드 -> 하드코어 -> 무한반복,바닐라 -> 모드 -> 하드코어 -> 바닐라 -> 모드 -> 하드코어 -> 무한 반복,2016-11-24 08:38:22
294100,RimWorld,positive,외계행성의 나날을 기록하고 싶다면 즐겨라! 그리고 살아남아라!,외계행성 의 나날 을 기록 하고 싶다면 즐겨라 ! 그리고 살아남아라 !,2016-11-24 06:22:47
294100,RimWorld,positive,너무너무 재밌는 것이에요!,너무 너무 재밌는 것 이에요 !,2016-11-24 04:25:22
294100,RimWorld,positive,매일 새로운 지구를 만나고 싶으시다고요? 그렇다면 너에게는 림월드야!,매일 새로운 지구 를 만나고 싶으시다고요 ? 그렇다면 너 에게는 림 월드 야 !,2016-11-24 03:09:10
294100,RimWorld,positive,늦지 않았습니다 손대지마세요 여러분의 시간은 소중합니다,늦지 않았습니다 손대지 마세요 여러분 의 시간 은 소중합니다,2016-11-23 05:07:59
294100,RimWorld,positive,불시착과 함께하는 리얼 우주 야생 버라이어티 게임 옛날 스팀출시전에 복돌로 100시간 넘게 했지만 그럼에도 스팀구매할 의향이 생기는 갓-겜!,불시 착 과 함께 하는 리얼 우주 야생 버라이어티 게임 옛날 스팀 출시전에 복돌 로 100시간 넘게 했지만 그럼에도 스팀 구매 할 의향 이 생기는 갓 - 겜 !,2016-11-22 14:53:02
294100,RimWorld,positive,타임머신,타임머신,2016-11-22 02:50:28
294100,RimWorld,positive,내가 가진 스팀 게임 중에 평가가 '압도적으로 긍정적' 인 게임이 이거뿐이다. 문명보다 더 한 시간 잡아먹는 귀신게임 ㄷㄷ 돈값 이상은 한다. 고민하지 말고 질러라!,내 가 가진 스팀 게임 중 에 평가 가 ' 압도 적 으로 긍정 적 ' 인 게임 이 이 거 뿐 이다 . 문명 보다 더 한 시간 잡아먹는 귀신 게임 ㄷㄷ 돈값 이상은 한다 . 고민 하지 말고 질러라 !,2016-11-21 01:45:14
294100,RimWorld,positive,제가 이걸 구매한지 몇일이나 됬다고 플타임이 이따위죠 ? 이런 슈퍼 마약제작사는 구속해야합니다... 구속해서 더 패치시키고 정식판 만들게 고문해야해요 햝햝,제 가 이 걸 구매 한지 몇 일 이나 됬다고 플 타임 이 이 따위 죠 ? 이런 슈퍼 마약 제작사 는 구속 해야 합니다 ... 구속 해서 더 패치 시키고 정식 판 만들게 고문 해야 해 요 햝햝,2016-11-17 20:35:27
294100,RimWorld,positive,와 세상에..문명6은 갖다 버려도 될정도의 미친중독성입니다 거기다 한글화라니... 부장님 죄송합니다 저 퇴사해야 될 것 같아요,와 세상 에 .. 문명 6 은 갖다 버려도 될 정도 의 미친 중독 성 입니다 거기 다 한글화 라니 ... 부장 님 죄송합니다 저 퇴사 해야 될 것 같아요,2016-11-15 16:24:21
294100,RimWorld,positive,일단 재미있습니다. 생존게임을 좋아하신다면 상당히 만족하실겁니다.,일단 재미있습니다 . 생존 게임 을 좋아하신다면 상당히 만족하실 겁니다 .,2016-11-13 16:53:10
294100,RimWorld,positive,너무좋아,너무 좋아,2016-11-11 17:22:34
294100,RimWorld,positive,진입장벽이 꽤 높은 게임. 일단 장벽을 넘으면 대략 2주정도는 타임머신을 탈 수 있다.,진입 장벽 이 꽤 높은 게임 . 일단 장벽 을 넘으면 대략 2 주 정도 는 타임머신 을 탈 수 있다 .,2016-11-05 19:27:02
294100,RimWorld,positive,"10월 2일 구매, 플레이시간 261시간. 여러분, 이런 지독한 타임머신은 하는 거 아닙니다 ㅠㅠ 퇴근하고는 서너시간 정도였지만, 주말이나 휴일엔 올인하여 타임머신을 타게만드는 아주 몹쓸 게임입니다. 제작자는 반성해야합니다. ㅠㅠ 19.11.1 ....살려줘....벗어날 수가 없어.... 20.02.24 내 시간 돌려줘......스팀에서 플레이했던 게임들을 모두 합쳐도 넘사벽이다 orz","10월 2일 구매 , 플레이 시간 261시간 . 여러분 , 이런 지독한 타임머신 은 하는 거 아닙니다 ㅠㅠ 퇴근 하고는 서너 시간 정도 였지만 , 주말 이나 휴일 엔 올인 하여 타임머신 을 타게 만드는 아주 몹쓸 게임 입니다 . 제작자 는 반성 해야 합니다 . ㅠㅠ 19.11 . 1 .... 살려줘 .... 벗어날 수가 없어 .... 20.02 . 24 내 시간 돌려줘 ...... 스팀 에서 플레이 했던 게임 들 을 모두 합쳐도 넘사벽 이다 orz",2016-11-05 11:22:49
294100,RimWorld,positive,난이도가 좀 있으나..문명시리즈 이상의 몰입도 최고.. 추천합니다.,난이도 가 좀 있으나 .. 문명 시리즈 이상 의 몰입도 최고 .. 추천 합니다 .,2016-11-03 15:44:39
294100,RimWorld,positive,게임 얼마 하지도 않았는데 질렸네 하...,게임 얼마 하지도 않았는데 질렸네 하 ...,2016-10-27 12:24:11
294100,RimWorld,positive,아 할줄만 알게되면 점점 시간을 잡아먹음 처음 진입장벽만 조금 해결하면 금방 빠져버림 정말이지 문명만큼 시간 가는줄 모르겟다 .;;,아 할줄만 알 게 되면 점점 시간 을 잡아먹음 처음 진입 장벽 만 조금 해결 하면 금방 빠져 버림 정말 이지 문명 만큼 시간 가는줄 모르겟다 .;;,2016-10-26 22:06:42
294100,RimWorld,positive,awesome,awesome,2016-10-24 20:40:44
294100,RimWorld,positive,이 게임을 가볍게 하고 싶다는 분에게는 아주 극적으로 처천하지는 않습니다.왜냐하면 당신이 힘겹게 만든 콜로니가 단한순간의 실수로 아예 몰락하는 순간을 즐기는 게임같기 때문입니다.주민에 의해 방화로 망하거나 폭염으로 다 쪄죽거나얼어죽기 때문입니다.당신이 만든 공든탑이 부숴져도 견디는멘탈이 있다면이게임을 확실히 추천해드립니다.이 게임에서는 동물농장 마약공장 감방 등 당신이 원하는 모든 컨셉을 하실수있습니다. 단 침입자로 망하지만 않는다는 가정하에지만요,이 게임 을 가볍게 하고 싶다는 분 에게는 아주 극적 으로 처 천하 지는 않습니다 . 왜냐하면 당신 이 힘겹게 만든 콜로니 가 단 한순간 의 실수 로 아예 몰락하는 순간 을 즐기는 게임 같기 때문 입니다 . 주민 에 의해 방화 로 망하거나 폭염 으로 다 쪄 죽거나 얼어 죽기 때문 입니다 . 당신 이 만든 공든탑 이 부숴 져도 견디는 멘탈 이 있다면 이 게임 을 확실히 추천 해드립니다 . 이 게임 에서는 동물농장 마약 공장 감방 등 당신 이 원하는 모든 컨셉 을 하실수있습니다 . 단 침입 자 로 망하지만 않는다는 가정 하 에 지 만요,2016-10-23 22:14:51
294100,RimWorld,positive,"이 게임 절대 사지마세요. 익숙해지는 순간 마약이 되버립니다. 제 게임 플레이 스타일이 특이해서 자원 축적하며 탈출은 안하고 반복 플레이 중인데, 이거 절대 안질립니다. 미친듯한 방어시설에 풍족한 자원들, 재능있고 잘싸우며 멘탈 튼튼한 주민들이 있지만 림월드 세계는 이런 완벽한 요새도 흔들릴 정도로 쉴새없이 위협합니다. 분명 저는 많은 상황에 대비해놨고, 세이브 로드를 통해 제가 예상치도 못한 변수를 찾아내어 예방을 해놔도 주민들과 개척지는 잿더미로 변해버리며 눈물을 흘리면서 오토 세이브 파일을 불러오는 제 자신을 발견하게 됩니다","이 게임 절대 사지 마세요 . 익숙해지는 순간 마약 이 되 버립니다 . 제 게임 플레이 스타일 이 특이해서 자원 축적 하며 탈출 은 안 하고 반복 플레이 중 인데 , 이 거 절대 안질립니다 . 미친듯 한 방어 시설 에 풍족한 자원 들 , 재능 있고 잘 싸우며 멘탈 튼튼한 주민 들 이 있지만 림 월드 세계 는 이런 완벽한 요새 도 흔들릴 정도 로 쉴 새 없이 위협 합니다 . 분명 저 는 많은 상황 에 대비 해놨고 , 세이브 로드 를 통해 제 가 예 상치 도 못 한 변수 를 찾아내어 예방 을 해 놔도 주민 들 과 개척 지는 잿더미 로 변해 버리며 눈물 을 흘리면서 오토 세이브 파일 을 불러오는 제 자신 을 발견 하게 됩니다",2016-10-22 03:08:24
294100,RimWorld,positive,"잠깐 했는데도 무지 잼있네요 바닐라로 난이도 높여가며 도전해보시고, 그 뒤 모드적용해서 하면 정말 시간 가는줄 모릅니다","잠깐 했는데도 무지 잼있네요 바닐라 로 난이도 높여가며 도전 해보시고 , 그 뒤 모드 적 용해서 하면 정말 시간 가는줄 모릅니다",2016-10-22 03:07:19
294100,RimWorld,positive,이게임이 왜 사용자 평가가 압도적으로 긍정적인지 사서 해보면 알게됨 말로 설명할수없음,이 게임 이 왜 사용자 평가 가 압도 적 으로 긍정 적 인지 사서 해보면 알 게 됨 말로 설명 할수 없음,2016-10-22 00:57:38
294100,RimWorld,positive,미래로만 향하는 타임머신,미래 로만 향 하는 타임머신,2016-10-18 15:53:11
294100,RimWorld,positive,"16년~19년 정식출시까지 정말 재밌게 했습니다. 본편의 완성도도 높고 가볍게 즐기기도 좋고 깊게 팔 요소도 많이 있다. 다양한 모드가 있고, 모드 없이 즐기기에도 충분히 좋은 게임. 특유의 2d 그래픽에 대한 거부감만 없다면 무한한 컨텐츠도 가능한 어마어마한 게임 플레이 : b15~18 , b19~ 1.0~ 평가 [생존게임] 9/10 점","16년 ~ 19년 정식 출시 까지 정말 재밌게 했습니다 . 본 편의 완성 도도 높고 가볍게 즐기 기도 좋고 깊게 팔 요소 도 많이 있다 . 다양한 모드 가 있고 , 모드 없이 즐 기기 에도 충분히 좋은 게임 . 특유 의 2 d 그래픽 에 대한 거부 감 만 없다면 무한 한 컨텐츠 도 가능한 어마어마한 게임 플레이 : b 15~18 , b 19 ~ 1.0 ~ 평가 [ 생존 게임 ] 9/10 점",2016-10-16 13:10:23
294100,RimWorld,positive,재미있다. 창작마당 이용하면 더 재미있다.,재미있다 . 창작 마당 이용 하면 더 재미있다 .,2016-10-15 12:49:51
294100,RimWorld,positive,이거 때문에 과제를 못함.. 정신차리니 새벽 5시...,이 거 때문 에 과제 를 못 함 .. 정신차리니 새벽 5시 ...,2016-10-14 21:32:05
294100,RimWorld,positive,꾸준한업데이트,꾸준한 업데이트,2016-10-11 21:22:04
294100,RimWorld,positive,프리즌 아키텍처의 텍스처를 뒤집어쓰고 난 후 갓겜이 됨. 자잘한 버그들이 존재하지만 생존게임 수작 중의 수작. 약간 비싼 감이 없잖아 있으니 세일할 때 지르자.,프리 즌 아키텍처 의 텍스처 를 뒤집어 쓰고 난 후 갓 겜 이 됨 . 자잘한 버그 들 이 존재 하 지만 생존 게임 수작 중 의 수작 . 약간 비싼 감 이 없잖아 있으니 세 일 할 때 지르자 .,2016-10-11 14:27:36
294100,RimWorld,positive,시간이 부족하다.,시간 이 부족하다 .,2016-10-11 00:16:45
294100,RimWorld,positive,타임머신은 인정. 그러나 개빡침.잠깐 사고 해본다는게 2시간 그냥 넘겼는데.. 몇번의 트라이에도 계속 뻥뻥 터지니 개빡쳐서 환불하고 싶을정도..누가 이기나.. 해보자........,타임머신 은 인정 . 그러나 개 빡침 . 잠깐 사고 해본다는게 2시간 그냥 넘겼는데 .. 몇번 의 트라이 에도 계속 뻥뻥 터지니 개 빡쳐서 환불 하고 싶을 정도 .. 누가 이기 나 .. 해보자 ........,2016-10-08 18:40:51
294100,RimWorld,positive,"개발자 타이난의 요청에 따라 2018년 7월 21일에 부정적 리뷰에서 긍정적 리뷰로 수정. As requested, this review has been changed to positive from negative in 21th May 2018. 전략/기지 건설/생존 중 하나라도 잘 꽂히는 경향이 있다면 사라. 부정적 댓글 그만 보고 ㅡㅡ If you love SF, strategy, base building or survival, stop looking at these stupid negative comments and b","개발자 타이난 의 요청 에 따라 2018년 7월 21일 에 부정 적 리뷰 에서 긍정 적 리뷰 로 수정 . As requested , this review has been changed to positive from negative in 21 th May 2018 . 전략 / 기지 건설 / 생존 중 하나 라도 잘 꽂히는 경향 이 있다면 사라 . 부정 적 댓글 그만 보고 ㅡㅡ If you love SF , strategy , base building or survival , stop looking at these stupid negative comments and b",2016-10-07 03:40:14
294100,RimWorld,positive,아무리 격투에 능숙한 사람이라도 맨손으로 곰을 때려잡을 수 없음을 알려준 유익한 게임이었습니다.,아무리 격투 에 능숙한 사람 이라도 맨손 으로 곰 을 때려 잡 을 수 없 음 을 알려 준 유익한 게임 이었습니다 .,2016-10-03 20:11:30
294100,RimWorld,positive,Really just trade game just get silver and be a good ceo in the rim wolrd. So making money is just sell clothings and timing is very important for ur rim coporation just buy and play :),Really just trade game just get silver and be a good ceo in the rim wolrd . So making money is just sell clothings and timing is very important for ur rim coporation just buy and play :),2016-10-01 20:26:52
294100,RimWorld,positive,화재! 습격! 한파! 번개폭풍! 일식! 질병! 정신병! 식인동물! 폭탄쥐! 폭탄사슴! 그리고 방화광!,화재 ! 습격 ! 한파 ! 번개 폭풍 ! 일식 ! 질병 ! 정신병 ! 식인동물 ! 폭탄 쥐 ! 폭탄 사슴 ! 그리고 방화 광 !,2016-09-25 22:15:54
294100,RimWorld,positive,생존게임// 및 육성을 좋아하는 분들에게는 추천할만한 게임이다. 저도 생존및 육성 게임을 좋아해서 시작하게됫는데. 나쁘지 않게 다가왓다. 향후 업데이트에 따라서 호불호과 많이 달라질겉이다.,생존 게임 // 및 육성 을 좋아하는 분 들 에게는 추천 할만 한 게임 이다 . 저 도 생존 및 육성 게임 을 좋아해서 시작 하게 됫 는데 . 나쁘지 않게 다가 왓다 . 향후 업데이트 에 따라서 호불호 과 많이 달라질 겉 이다 .,2016-09-25 19:49:08
294100,RimWorld,positive,사세요. 그냥 사면 됩니다.,사세요 . 그냥 사면 됩니다 .,2016-09-25 18:40:44
294100,RimWorld,positive,"우주 식민지에 불시착 한 상황에서, 생존자들을 데리고 생존을 하며, 우주선을 만들어서 탈출하는 게임입니다. 물론 말만들으면 편해보이죠? 뭐 좀만 잘못하면 골로갑니다. 습격도 주기적으로 일어나질 않나, 습격때문에 포탑 설치해놨더니 이놈의 이벤트는 귀신같이 흑점폭발이랑 습격이랑 같이 보내주질 않나... 문제는 외부의 요소만 적이 아닙니다. 생존자 지들끼리도 문제입니다. 제발 사냥하는애 옆에서 깔짝대다가 총맞고 디지지 말자.... 제발 고백 한번 차였으면 그만해... 뭐 6번 씩이나 차여서 스스로 멘탈붕괴하냐... 종합적으로 어렵고","우주 식민지 에 불시 착 한 상황 에서 , 생존자 들 을 데리 고 생존 을 하며 , 우주선 을 만들어서 탈출 하는 게임 입니다 . 물론 말 만들으면 편 해보이죠 ? 뭐 좀 만 잘못 하면 골로 갑니다 . 습격 도 주 기적 으로 일어나질 않나 , 습격 때문 에 포탑 설치 해놨더니 이 놈 의 이벤트 는 귀신 같이 흑점 폭발 이랑 습격 이랑 같이 보내주질 않나 ... 문제 는 외부 의 요소 만 적 이 아닙니다 . 생존자 지 들 끼리 도 문제 입니다 . 제발 사냥 하는 애 옆 에서 깔 짝 대 다가 총 맞고 디지지 말 자 .... 제발 고백 한번 차였으면 그만해 ... 뭐 6 번 씩 이나 차 여서 스스로 멘탈붕괴 하냐 ... 종합 적 으로 어렵고",2016-09-25 03:37:45
294100,RimWorld,positive,갓겜. 추가적으로 모딩하기 매우 좋은 게임이다. 프로그래밍밖에 모르는 나도 모드 몇개 만들어서 올릴 정도로 정말 좋다. 후..옛날에 이 게임으로 시험 조졌지..너무 재밌어서..,갓 겜 . 추가 적 으로 모 딩 하기 매우 좋은 게임 이다 . 프로그래밍 밖에 모르는 나도 모드 몇개 만들어서 올릴 정도 로 정말 좋다 . 후 .. 옛날 에 이 게임 으로 시험 조졌지 .. 너무 재밌어서 ..,2016-09-18 17:59:13
294100,RimWorld,positive,"게임 자체로도 훌륭하고 모드질로도 훌륭한 게임. 스팀하면서 가이드를 써본 적이 없는데 이 게임을 하면서 처음으로 쓸 맘이 들었다. 많은 사람이 했으면 하는 맘에서. 모드 없이 오리지날로 해도 업데이트가 인기있는 모드를 흡수해서 공식으로 업데이트 되기 때문에 갈수록 게임이 편하고 재밌어진다. 드포류 게임이 언제나 그렇듯 불친절한 스타트도 있고 복잡한 게임 진행 등등이 걸림돌이지만 기본정도는 알려주는 튜토리얼과 적당한 3배속 플레이, 사용하기 편한 UI등 드포에서 이것저것 따로 설치해야 가능한 것들이 기본으로 주어지니 드포를","게임 자체 로 도 훌륭하고 모드 질 로 도 훌륭한 게임 . 스팀 하면서 가이드 를 써 본 적 이 없는데 이 게임 을 하면서 처음 으로 쓸 맘 이 들었다 . 많은 사람 이 했으면 하는 맘 에서 . 모드 없이 오 리지 날로 해도 업데이트 가 인기 있는 모드 를 흡수 해서 공식 으로 업데이트 되기 때문 에 갈수록 게임 이 편하고 재밌어진다 . 드포류 게임 이 언제나 그렇듯 불친절한 스타트 도 있고 복잡한 게임 진행 등등 이 걸림 돌이 지만 기 본 정도 는 알려주는 튜토리얼 과 적당한 3 배속 플레이 , 사용 하기 편한 UI 등 드포 에서 이 것 저 것 따로 설치 해야 가능한 것 들 이 기본 으로 주어지니 드포 를",2016-09-18 17:06:08
294100,RimWorld,positive,ㄹㅇ 시간도둑,ㄹㅇ 시간 도둑,2016-09-18 01:15:07
294100,RimWorld,positive,2018/10/16 수년간의 업데이트를 통해 타이난이 드디어 1.0정식릴리즈를 발매하기앞서 1일남았네요 타이난은 정말 수고가 많았다 마침 나 군대가기 1달전에 업뎃해주네....시이벌.... 2016 존나게 존나 10점만점에 12점짜리로 재밌었다 취향에 딱맞는데다 모드질을 더하면 거의 반영구적인 컨탠츠이기에.... 이제 이게임에 대한 유일한 불만이라면 언제 얼리억세스가 끝나냐 이말이야,2018/10 / 16 수년 간 의 업데이트 를 통해 타이난 이 드디어 1.0 정식 릴리 즈 를 발매 하기 앞서 1일 남았네요 타이난 은 정말 수고 가 많았다 마침 나 군대 가기 1 달전에 업뎃 해주네 .... 시 이 벌 .... 2016 존나 게 존나 10 점 만점 에 12 점 짜 리 로 재밌었다 취향 에 딱 맞는데다 모드 질 을 더하면 거의 반영구 적 인 컨탠츠이기 에 .... 이제 이 게임 에 대한 유일한 불만 이 라면 언제 얼리 억 세 스 가 끝나냐 이 말 이야,2016-09-17 22:39:24
294100,RimWorld,positive,인 간 가 죽 소 파,인 간 가 죽 소 파,2016-09-17 22:15:20
294100,RimWorld,positive,"취향이 맞으면 시간 잡아먹는 괴물 다만 진입장벽이 어느정도 있는데, 극복하면 빠져들게 하는 마성의 게임 이게 알파 15인게 믿기지 않고 정식으로 출시되면 시간을 얼마나 또 잡아먹을지 모르는 게임 다만 세일을 잘 안해줌 :( ========== 알파 16도 기다리고 있습니다!!","취향 이 맞으면 시간 잡아먹는 괴물 다만 진입 장벽 이 어느 정도 있는데 , 극복 하면 빠져들게 하는 마 성의 게임 이 게 알파 15 인게 믿기지 않고 정식 으로 출시 되면 시간 을 얼마나 또 잡아먹을지 모르는 게임 다만 세 일 을 잘 안 해줌 :( ========== 알파 16 도 기다리고 있습니다 !!",2016-09-17 20:17:48
294100,RimWorld,positive,정말 재미있는 게임이야!,정말 재미있는 게임 이야 !,2016-09-17 10:46:41
294100,RimWorld,positive,남자인지 여자인지 구분이 안간다,남자 인지 여자 인지 구분 이 안 간다,2016-09-15 20:30:32
294100,RimWorld,positive,그렇습니다.. 빠지고야 말았습니다 ㅠㅠ,그렇습니다 .. 빠지고야 말았습니다 ㅠㅠ,2016-09-15 16:31:01
294100,RimWorld,positive,"보상 좀 해주세요. 제 시간을요. 컨텐츠가 이게 단가 싶으면 발견하고 또 발견하고 또 발견하고.... 이래서 놓을 수가 없다... 근데 앞서해보기 게임이라 그런가 버그가 조금 있네요. wasd 안먹히는 버그는 좀 불편합니다. 게임을 껐다 켜야 하니까.. 구역 이름 정할 때 버그 생기네요. 인터페이스가 좀 보기 불편한 것도 있고, 메뉴가 겁나 투박해서 게임할 맛 떨어트리는 것도 있어요. 뭐 다 만든 겜은 아니니까..","보상 좀 해주세요 . 제 시간 을 요 . 컨텐츠 가 이 게 단가 싶으면 발견 하고 또 발견 하고 또 발견 하고 .... 이래서 놓을 수가 없다 ... 근데 앞서 해보기 게임 이라 그 런가 버그 가 조금 있네요 . wasd 안 먹히는 버그 는 좀 불편합니다 . 게임 을 껐다 켜야 하니까 .. 구역 이름 정 할 때 버그 생기네요 . 인터페이스 가 좀 보기 불편한 것 도 있고 , 메뉴 가 겁나 투 박해서 게임 할 맛 떨어 트리 는 것 도 있어요 . 뭐 다 만든 겜 은 아니니까 ..",2016-09-13 00:35:56
294100,RimWorld,positive,가장 큰 적은 내부에 있음을 뼈저리게 깨닫게 하는 게임.,가장 큰 적은 내부 에 있 음 을 뼈 저리 게 깨닫게 하는 게임 .,2016-09-12 18:58:14
294100,RimWorld,positive,시작 자체를 하지마세요 게임 실행 후 2시간이 지났다면 이미 넌 늦은거야,시작 자체 를 하지 마세요 게임 실행 후 2시간 이 지났다면 이미 넌 늦은거야,2016-09-11 16:28:09
294100,RimWorld,positive,분명 10일날 시작했는데 정신차려보니 11일이네? 문명이 상대방 턴에 움직임 보면서 어떻게 할까 한턴만 더 돌려보자 식으로 타임머신을 태운다면 림월드는 클릭질 밖에 한게 없는데 시간이 확 지나가있다. 해로운게임이니 일단 지워야겠다.,분명 10일 날 시작 했는데 정신차려 보니 11일 이네 ? 문명 이 상대방 턴 에 움직임 보면서 어떻게 할까 한턴 만 더 돌려 보자 식 으로 타임머신 을 태운다면 림 월드 는 클릭 질 밖에 한 게 없는데 시간 이 확 지나가있다 . 해로운 게임 이니 일단 지워야겠다 .,2016-09-11 03:57:37
294100,RimWorld,positive,처음엔 감 안잡혀서 습격받아서 게임오버 될수도 있고 혼자서 이상한거 먹고 죽을수도 있는데 게임 2번정도 터트리시면 이제 감이 오시고 다른 공략들도 좀 보시면 할만합니다. 시간가는줄 모르고 밤새하게됨. 문명마냥 시간가는줄 모르고 빠지게 되는 게임,처음 엔 감 안 잡혀서 습격 받아서 게임 오버 될수도 있고 혼자 서 이상한거 먹고 죽을수도 있는데 게임 2 번 정도 터 트리 시 면 이제 감 이 오시 고 다른 공략 들 도 좀 보시 면 할만 합니다 . 시간 가는줄 모르고 밤새 하게 됨 . 문명 마냥 시간 가는줄 모르고 빠지게 되는 게임,2016-09-10 00:23:09
294100,RimWorld,positive,문명보다 심각하다....,문명 보다 심각하다 ....,2016-09-08 12:02:45
294100,RimWorld,positive,능력치 짱짱한 녀석이 방화광이라 틈만나면 집에 불지르는 걸 보기 싫어서 주먹으로 한대 쳤더니 억! 하고 죽고 적이 몇놈이 와도 두려울 게 없던 사격광 할머니가 적과의 전투 중 쓰러졌는데 척추를 다쳐 식물인간이 되고 먹을게 없지만 겨우 버티면서 감자 수확 때가 다가왔는데 병충해로 다 없어지고 소중한 나무를 다 갉아먹는 순한 알파비버들을 사냥하러 갔다가 갑자기 돌변한 알파비버 떼에게 다굴맞아 죽고 듬직한 와르그 잘 키워놨는데 주인이 죽었다고 돌변하더니 우리 정착민을 다 쓸어버리는 게임 ㅋㅋ 이런 정신나간 게임임 ㅋㅋㅋㅋㅋㅋㅋ,능력 치 짱짱한 녀석 이 방화 광 이라 틈 만나면 집 에 불 지르는 걸 보기 싫어서 주먹 으로 한 대 쳤더니 억 ! 하고 죽고 적 이 몇 놈 이 와도 두려울 게 없던 사격 광 할머니 가 적 과의 전투 중 쓰러졌는데 척추 를 다쳐 식물인간 이 되고 먹을게 없지만 겨우 버티면서 감자 수확 때 가 다가왔는데 병충해 로 다 없어지고 소중한 나무 를 다 갉아먹는 순한 알파 비버 들 을 사냥 하러 갔다가 갑자기 돌변 한 알파 비버 떼 에게 다 굴 맞아 죽고 듬직한 와 르그 잘 키워놨는데 주인 이 죽었다고 돌변 하더니 우리 정착민 을 다 쓸어 버리는 게임 ㅋㅋ 이런 정신 나간 게임 임 ㅋㅋㅋㅋㅋㅋㅋ,2016-09-08 11:29:35
294100,RimWorld,positive,400시간 넘게 하면서 그동안 한번도 엔딩 못봤음..림들을 보내고 싶지 않았음.,400시간 넘게 하면서 그동안 한번 도 엔딩 못 봤음 .. 림 들 을 보내고 싶지 않았음 .,2016-09-08 03:47:17
294100,RimWorld,positive,"서바이벌로 시작해 행성 탈출로 끝나는 게임. 재미는 그럭저럭 있지만 느린 템포 때문에 시간이 증발한다. 그렇다고 게임속도를 최대로 올려놓고 하기엔 세세하게 신경 써야 하는게 좀 있다. 중간에 농사와 수렵이라는 뭔가 낮은 문명의 서바이벌을 하긴 하는데 전체적으로 느린 템포로 진행됨. 템포가 느리다는것은 중간에 이것 저것 해 볼 기회가 많다는 것이고, 자신의 플레이 스타일에 맞게 맵을 이렇게 저렇게 바꾸어 볼 수도 있음. 한정된 자원으로 플레이 하기 때문에 상단을 잘 활용해서 나중에 필요할 자원도 꼬박꼬박 확보할 것. 그 템포 사이사","서바이벌 로 시작 해 행성 탈출 로 끝나는 게임 . 재미 는 그럭저럭 있지만 느린 템포 때문 에 시간 이 증발 한다 . 그렇다고 게임 속도 를 최대로 올려놓고 하기엔 세세하게 신경 써야 하는게 좀 있다 . 중간 에 농사 와 수렵 이라는 뭔가 낮은 문명 의 서바이벌 을 하긴 하는데 전체 적 으로 느린 템포 로 진행 됨 . 템포 가 느리다는것은 중간 에 이 것 저 것 해 볼 기회 가 많다는 것 이고 , 자신 의 플레이 스타일 에 맞게 맵 을 이렇게 저렇게 바꾸어 볼 수도 있음 . 한정 된 자원 으로 플레이 하기 때문 에 상단 을 잘 활용 해서 나중 에 필요할 자원 도 꼬박꼬박 확보 할 것 . 그 템포 사이사",2016-09-06 15:06:45
294100,RimWorld,positive,"자신의 자원 활용전략, 작업분담 능력을 시험할수있는 게임. 전략 시뮬레이션을 좋아하는사람도 심시티를 좋아하는사람도 성장물을 좋아하는사람도 만족할수 있는 게임. 중독성이 상당하다 가격을 후회하지 않음. 다만 튜토리얼만으론 게임을 이해하기엔 부족하고 많은 시행착오를 격어야하는 조금 불친절한 게임. 난이도를 여러가지 요소로 조정할수 있어 자신에 맞는 난이도를 쉽게 찾을수 있다. 개발단계라 게임목표가 우주선부품들을 만드는 것 하나뿐이라 조금 아쉽긴하지만 그사이의 많은 과정이 즐거운 게임. 다만 익숙하지 않은 초기엔 자신의 뜻대로 흘러","자신 의 자원 활용 전략 , 작업 분담 능력 을 시험 할수있는 게임 . 전략 시뮬레이션 을 좋아하는 사람 도 심시티 를 좋아하는 사람 도 성 장물 을 좋아하는 사람 도 만족할수 있는 게임 . 중독 성 이 상당하다 가격 을 후회 하지 않음 . 다만 튜토리얼 만으론 게임 을 이해 하기엔 부족하고 많은 시행착오 를 격 어 야하는 조금 불친절한 게임 . 난이도 를 여러가지 요소 로 조정 할수 있어 자신 에 맞는 난이도 를 쉽게 찾을수 있다 . 개발 단계 라 게임 목표 가 우주선 부품 들 을 만드는 것 하나 뿐 이라 조금 아쉽긴 하지만 그 사이 의 많은 과정 이 즐거운 게임 . 다만 익숙하지 않은 초기 엔 자신 의 뜻대로 흘러",2016-09-05 00:49:37
294100,RimWorld,positive,방금 게임 삭제했습니다. 삶을 위해 림월드를 포기했습니다.,방금 게임 삭제 했습니다 . 삶 을 위해 림 월드 를 포기 했습니다 .,2016-09-03 11:19:47
294100,RimWorld,positive,3일동안 41시간하고 나는 게임을 지웠다. 다시 깔 엄두가 안난다.. 단지 게임을 켰을 뿐인데 하루가 다 지나가는 이기분..,3일 동안 41시간 하고 나 는 게임 을 지웠다 . 다시 깔 엄두 가 안 난다 .. 단지 게임 을 켰을 뿐 인데 하루 가 다 지나가는 이 기분 ..,2016-09-02 22:11:45
294100,RimWorld,positive,ㄹㅇ 시간도둑.,ㄹㅇ 시간 도둑 .,2016-09-02 13:53:34
294100,RimWorld,positive,이 게임은 정말 미쳤다. 설치하고나서 3일을 순식간에 날려버렸다. 이게임하다간 폐인될꺼같아서 너무 두렵다. 삭제후 영구봉인이 답이다. 신중하게 구입하길 바란다.. 너무 무섭다. 이게임 장르를 공포로 바꿔야하지않나 싶다.,이 게임 은 정말 미쳤다 . 설치 하고나서 3일 을 순식간 에 날려 버렸다 . 이 게임 하 다 간 폐인 될꺼 같아서 너무 두렵다 . 삭제 후 영 구 봉인 이 답 이다 . 신중하게 구입 하길 바란다 .. 너무 무섭다 . 이 게임 장르 를 공포 로 바꿔 야하지 않나 싶다 .,2016-09-01 19:33:02
294100,RimWorld,positive,게임에 대해 알기까지 시간이 좀 걸리지만 알면 꿀잼,게임 에 대해 알기까지 시간 이 좀 걸리지만 알 면 꿀잼,2016-08-31 13:27:25
294100,RimWorld,positive,너무너무 재밌어요 해도해도 안질려요ㅋㅋ 현생바쁜분들은 왠만하면 시작도 하지마세요,너무 너무 재밌어요 해도 해도 안질려요 ㅋㅋ 현생 바쁜 분 들 은 왠만하면 시작 도 하지 마세요,2016-08-31 13:11:33
294100,RimWorld,positive,"정말 돈이 아깝지 않은 게임중 하나 같습니다. 게임을 켜서 시작하는 순간 시간 여행하듯 시간이 마법처럼 사라지며, 림들에게 밥을 먹이고 재우지만, 정작 플레이어는 밥도 안먹고 잠도 안자고 하게 되는 게임이네요 처음엔 배운다는 생각으로 제일 쉬운 난이도로 하다가 너무 쉬워 난이도를 올리는 순간 점차 헬되고 한 두번 클리어 하고 루즈한 느낌이 들면다양한 모드설치로 즐기면 또 다른 맛이 납니다! 이게 바로 갓겜입니다! 다만,취향이 안맞는 분이라면 레알 노잼일듯...","정말 돈 이 아깝지 않은 게임 중 하나 같습니다 . 게임 을 켜서 시작 하는 순간 시간 여행 하 듯 시간 이 마법 처럼 사라지며 , 림 들 에게 밥 을 먹이 고 재우 지만 , 정작 플레이어 는 밥 도 안 먹고 잠도 안자고 하게 되는 게임 이네 요 처음 엔 배운다는 생각 으로 제일 쉬운 난이도 로 하다가 너무 쉬워 난이도 를 올리는 순간 점차 헬되 고 한 두 번 클리어 하고 루즈 한 느낌 이 들면 다양한 모드 설치 로 즐기면 또 다른 맛 이 납니다 ! 이 게 바로 갓 겜 입니다 ! 다만 , 취향 이 안 맞는 분이라면 레알 노잼 일듯 ...",2016-08-29 02:38:43
294100,RimWorld,positive,재미잇다,재미 잇다,2016-08-29 01:04:17
294100,RimWorld,positive,제 플탐을 보시면 금요일 저녁에 구매했는데 일요일 밤인 지금 42시간입니다. 정말 오래간만에 타임머신 타고 있습니다. ------------------------------------------------------------- 구매 12일만에 116시간 입니다. 일상생활이 무너지고 있습니다. 2016 9 5 현재 이 게임의 가장 큰 장점은 이제 알파 15 버전일뿐이라는 겁니다. 앞으로 제 인생을 얼마나 더 잡아먹을지 궁금하군요 ---------------------------------------------------,제 플 탐을 보시 면 금요일 저녁 에 구매 했는데 일요일 밤 인 지금 42시간 입니다 . 정말 오래간만 에 타임머신 타고 있습니다 . ------------------------------------------------------------- 구매 12일 만에 116시간 입니다 . 일상생활 이 무너지고 있습니다 . 2016 9 5 현재 이 게임 의 가장 큰 장점 은 이제 알파 15 버전 일 뿐 이라는 겁니다 . 앞 으로 제 인생 을 얼마나 더 잡아먹을지 궁금하군요 ---------------------------------------------------,2016-08-28 23:40:18
294100,RimWorld,positive,4일 전쯤에 구매하였습니다. 취향에 맞으면 현실좆망하니 구매보류를 추천합니다. 아참 플라스틸 존나 안나오니까 이상한데 쓰지말고 차곡차곡 모아서 엔딩봅시다. 제가 플라스틸 부족해서 사방에 개미굴 파다가 지쳐서 이러는게 절대 아닙니다. 개발자 개샊..,4일 전 쯤 에 구매 하였습니다 . 취향 에 맞으면 현실 좆망 하니 구 매 보류 를 추천 합니다 . 아 참 플 라 스틸 존나 안 나오니까 이상한데 쓰지말고 차곡차곡 모아서 엔딩 봅시다 . 제 가 플 라 스틸 부족해서 사방 에 개미 굴 파다 가 지쳐서 이러는게 절대 아닙니다 . 개발자 개샊 ..,2016-08-28 13:39:36
294100,RimWorld,positive,3년 조금 넘게 했는데 600시간;;,3년 조금 넘게 했는데 600시간 ;;,2016-08-27 22:58:53
294100,RimWorld,positive,아니...사람을 쳐죽이러 온 나쁜놈들 장기 빼고 도축해다 개사료로 만들었는데 거가지고 자기 기분 다운됐다고 새벽에 총들고 다니면서 개새끼고 사람이고 쏴죽이고 다니는게 말이 됨니까? 나쁜새끼면 도축좀 할수도 있지.,아니 ... 사람 을 쳐 죽이러 온 나쁜 놈 들 장기 빼고 도축 해다 개 사료 로 만들었는데 거가 지고 자기 기분 다운 됐다고 새벽 에 총 들 고 다니면서 개새끼 고 사람 이고 쏴 죽 이고 다니는게 말 이 됨니까 ? 나쁜 새끼 면 도축 좀 할수도 있지 .,2016-08-26 19:44:42
294100,RimWorld,positive,림월드 구매 7월 27일... 8월26일 358시간 플레이...,림 월드 구매 7월 27일 ... 8월 26일 358시간 플레이 ...,2016-08-26 19:43:51
294100,RimWorld,positive,"이 게임을 접하고 수면시간이 반의 반으로 줄어들었습니다. 이 게임을 하면서 느낀점은 스텟좋은 똑똑이 한마리보다 정신질환없고, 밥한끼 못먹었다고 집에 불지르는 미친놈 하나 안대리고있는게 게임과 나 자신의 정신건강에 좋음을 알았습니다.","이 게임 을 접 하고 수면시간 이 반의 반 으로 줄어들었습니다 . 이 게임 을 하면서 느낀 점 은 스텟좋 은 똑똑이 한 마리 보다 정신질환 없고 , 밥 한 끼 못 먹었다고 집 에 불 지르는 미친 놈 하나 안대 리 고 있는게 게임 과 나 자신 의 정신건강 에 좋 음 을 알았습니다 .",2016-08-26 11:14:02
294100,RimWorld,positive,말 오지게 안듣는 생존자들 때문에 혈압만 올라가는데 게임을 종료할수가 없다.,말 오지 게 안 듣는 생존자 들 때문 에 혈압 만 올라가는데 게임 을 종료 할수가 없다 .,2016-08-26 01:02:16
294100,RimWorld,positive,내 여름 휴가가 없어졌다,내 여름 휴가 가 없어졌다,2016-08-25 21:13:15
294100,RimWorld,positive,awesome,awesome,2016-08-24 19:42:43
294100,RimWorld,positive,프로젝트 좀보이드 + 테라리아 + 스타듀밸리 = 림월드 Project Zomboid + Terraria + Stardew Valley = RimWorld,프로젝트 좀 보이드 + 테라리아 + 스타 듀 밸리 = 림 월드 Project Zomboid + Terraria + Stardew Valley = RimWorld,2016-08-24 14:36:54
294100,RimWorld,positive,말이 필요없습니다.일단 플레이 해보세요.,말 이 필요없습니다 . 일단 플레이 해보세요 .,2016-08-24 14:34:48
294100,RimWorld,positive,처음에 그래픽보고 뭐 이런 게임이 있나했다. 개인적으로 생존 게임을 좋아하기 때문에 구입하게되었는데 처음 게임을 시작했을 때 조금 하드하게 가고 싶어서 개발자가 의도한 난이도로 시작했는데이게 웬걸.. 4-5판 모두 집을 만들고 나서 다 죽고 말았다. 우주선을 다시 만들어 우주로 가기위한 연구를 하나도 하지 못한 채... 그래서 난이도를 점점 낮추게 되었는데..최하급 난이도에서 공략을 보고 겨우 진행할 수 있게되었다. 정말 그래픽은 요즘게임에 비해 조금 떨어지지만 게임의 내용은 정말 탄탄하다. 생존에 필요한 의식주만 게임에 존재할 것,처음 에 그래픽 보고 뭐 이런 게임 이 있나 했다 . 개인 적 으로 생존 게임 을 좋아하기 때문 에 구입 하게 되었는데 처음 게임 을 시작 했을 때 조금 하드 하게 가고 싶어서 개발자 가 의도 한 난이도 로 시작 했는데이게 웬걸 .. 4-5 판 모두 집 을 만들고 나서 다 죽고 말았다 . 우주선 을 다시 만들어 우주 로 가기 위 한 연구 를 하나 도 하지 못 한 채 ... 그래서 난이도 를 점점 낮추게 되었는데 .. 최하 급 난이도 에서 공략 을 보고 겨우 진행 할 수 있게 되었다 . 정말 그래픽 은 요즘 게임 에 비해 조금 떨어지지만 게임 의 내용 은 정말 탄탄하다 . 생존 에 필요한 의식주 만 게임 에 존재 할 것,2016-08-23 20:57:56
294100,RimWorld,positive,뭐야 시ㅂ 내 시간 돌려내,뭐 야 시 ㅂ 내 시간 돌려내,2016-08-22 07:02:36
294100,RimWorld,positive,개미친게임이다..시험이나 바쁜일이 있다면 절대하지마시길... 이 게임을 하면 분명 난 1시간전에 일어난거같은데 잘 시간이 되어있다...개인적으로 지금까지 했던게임중에 가장 중독성있는게임. 대단한게임이다.,개미 친 게임 이다 .. 시험 이나 바쁜 일이 있다면 절대 하지 마시길 ... 이 게임 을 하면 분명 난 1시간 전에 일어난거 같은데 잘 시간 이 되어있다 ... 개인 적 으로 지금 까지 했던 게임 중 에 가장 중독 성 있는 게임 . 대 단 한게임 이다 .,2016-08-21 19:19:12
294100,RimWorld,positive,산지 얼마나 됐다고 47시간 이랍니까... 갓겜 맞습니다.,산지 얼마나 됐다고 47시간 이랍니까 ... 갓 겜 맞습니다 .,2016-08-21 17:32:13
294100,RimWorld,positive,"3명이 탈출포드로 엄청나게 빽뺵한 정글지역에 불시착 지나가던 여행자가 합류 / 오리지널 맴버 와이프가 탈출포드로 근처에 추락해서 영입 와이프 아버지 (장인어르신) 가 발가벗은체로 해적들에게 쫒기는것을 구출하고 영입 지나가던 강아지 3마리가 합류. 언급한 해적들을 쫒다가 한마리가 한쪽 눈, 한쪽 뒷다리를 잃으나 나머지 두마리를 임신시키므로 이득??? 결국엔 새끼강아지 5마리까지 탄생 정신나간 코끼리 2마리가 정문을 공격하여 에페이로스 vs 로마를 재현함 죽이고 고기좀 챙기니 화학물질 낙진현상이 발생, 이로인해 지붕 밑에","3 명 이 탈출 포드 로 엄청나게 빽뺵 한 정글 지역 에 불시 착 지나가던 여행자 가 합류 / 오 리지 널 맴버 와이프 가 탈출 포드 로 근처 에 추락 해서 영 입 와이프 아버지 ( 장인 어르신 ) 가 발가벗은 체 로 해적 들 에게 쫒기는것을 구출 하고 영 입 지나가던 강아지 3 마리 가 합류 . 언급 한 해적 들 을 쫒다가 한 마리 가 한쪽 눈 , 한쪽 뒷다리 를 잃으나 나머지 두 마리 를 임신 시키므로 이득 ??? 결국 엔 새끼 강아지 5 마리 까지 탄생 정신 나간 코끼리 2 마리 가 정문 을 공격 하여 에페이로스 vs 로마 를 재현 함 죽 이고 고기 좀 챙기니 화학물질 낙진 현상 이 발생 , 이로인해 지붕 밑 에",2016-08-21 00:43:54
294100,RimWorld,positive,얼마 안 해봤지만 제법 재미있습니다,얼마 안 해봤지만 제법 재미있습니다,2016-08-20 15:03:57
294100,RimWorld,positive,"이 게임이 상당히 인기가 많네..... 흠 일단 이 게임을 접하시면, 초반에 자원 보다 인원 수 많은 맵을 해보세요. 그리고 각 자원을 어디에 사용하는지, 각 생존자들의 특성을 파악 하시고, 생존자의 단점과 특징 장점이 무엇을 의미 하는지 알아 보셔야 하며, 생존을 하려면, 생존지를 어찌 지어야 하는지.. 여러판을 하게 되시면, 아시게 되실 겁니다. 이런 글을 읽으면 한마디 하시겟죠? 그 정돈 나도 해. 생색 존나 부리네. (이정도????) 그래서 팁을 좀 알려 드릴게요. 1. 지도 맵에서 드랍 포인트 선택 창에서 빨간","이 게임 이 상당히 인기 가 많네 ..... 흠 일단 이 게임 을 접 하시면 , 초반 에 자원 보다 인원 수 많은 맵 을 해보세요 . 그리고 각 자원 을 어디 에 사용 하는지 , 각 생존자 들 의 특성 을 파악 하시고 , 생존자 의 단점 과 특징 장점 이 무엇 을 의미 하는지 알 아 보셔야 하며 , 생존 을 하려면 , 생존 지를 어찌 지어야 하는지 .. 여러 판 을 하게 되시면 , 아시 게 되실 겁니다 . 이런 글 을 읽으면 한마디 하시겟죠 ? 그 정돈 나도 해 . 생색 존나 부리 네 . ( 이정 도 ????) 그래서 팁 을 좀 알려 드릴게요 . 1 . 지도 맵 에서 드랍 포인트 선택 창 에서 빨간",2016-08-19 00:26:47
294100,RimWorld,positive,"구입한지 5일이 안되었는데 62시간 했다. 담배사러 갈 틈도 안준다. 미친중독성 엔딩보고 슈퍼가기전에 추천글 싸지르고 간다. 모드, 업데이트로 몇개월 뒤에 또 신나게 즐길 수 있을 듯..","구입 한지 5일 이 안되었는데 62시간 했다 . 담배 사러 갈 틈 도 안 준다 . 미친 중독 성 엔딩 보고 슈퍼 가 기전 에 추천 글 싸지르고 간다 . 모드 , 업데이트 로 몇개 월 뒤 에 또 신나게 즐길 수 있을 듯 ..",2016-08-18 18:44:41
294100,RimWorld,positive,god game,god game,2016-08-18 05:07:00
294100,RimWorld,positive,산지를 골라서 한쪽이 뚫리고 나머지 벽면이 다 막힌 곳에 재배구역과 저장구역 등 구역을 정하고 현자타임을 느끼며 게임을한다,산지 를 골 라서 한쪽 이 뚫리고 나머지 벽면 이 다 막힌 곳 에 재배 구역 과 저장 구역 등 구역 을 정 하고 현자 타임 을 느끼며 게임 을 한다,2016-08-17 08:48:33
294100,RimWorld,positive,음.... 시발 졸라 잼있음 문명 ㅗㅗ,음 .... 시발 졸라 잼있음 문명 ㅗㅗ,2016-08-16 19:36:02
294100,RimWorld,positive,위험한 게임.. 방학 훅가겠네,위험한 게임 .. 방학 훅 가 겠네,2016-08-16 17:31:02
294100,RimWorld,positive,갓-겜입니다,갓 - 겜 입니다,2016-08-16 10:00:31
294100,RimWorld,positive,하다보면 시간이 아깝다. 정말 재밌음.,하다 보면 시간 이 아깝다 . 정말 재밌음 .,2016-08-15 18:02:42
294100,RimWorld,positive,"[b][얼리억세스 평가는 정식 버전 변경 후 달라질 수 있습니다][/b] [h1]보기완 달리 처절한 생존 게임, 림과 함께[/h1] 림 월드는 우주 변방계에 착륙한 림(거주민)들을 이끌고 다시 우주로 날아오를 때 까지 생존하는 어찌보면 간단하지만 난이도는 그렇지 못한 생존류 게임입니다. 우선 처음 보시는 분들은 '프리즌 아키텍트'가 떠오를 만큼 그래픽 스타일이 동일하고, 특유의 시스템(복층이 없는 등)과 초반의 운용법도 비슷합니다. 다만 프리즌 아키텍트 개발사인 Introversion Software의 허락을 받은 것 뿐, 두","[ b ][ 얼리 억 세 스 평가 는 정식 버전 변경 후 달라질 수 있습니다 ][/ b ] [ h 1 ] 보기 완 달리 처절한 생존 게임 , 림 과 함께 [/ h 1 ] 림 월드 는 우주 변 방계 에 착륙 한 림 ( 거 주민 ) 들을 이끌고 다시 우주 로 날아오를 때 까지 생존 하는 어찌 보면 간단하지만 난이도 는 그렇지 못 한 생존 류 게임 입니다 . 우선 처음 보시 는 분 들 은 ' 프리 즌 아키 텍트 ' 가 떠오를 만큼 그래픽 스타일 이 동일하고 , 특유 의 시스템 ( 복층 이 없는 등 ) 과 초반 의 운용 법도 비슷합니다 . 다만 프리 즌 아키 텍트 개발 사인 Introversion Software 의 허락 을 받은 것 뿐 , 두",2016-08-15 10:35:15
294100,RimWorld,positive,개인적으로 멍때리면서 하기엔 최고,개인 적 으로 멍 때리면서 하기엔 최고,2016-08-15 05:36:37
294100,RimWorld,positive,2주만에 145시간 찍었네요 ㄷㄷ 미친 중독성 쩌는 게임입니다 ;;,2 주 만에 145시간 찍었네요 ㄷㄷ 미친 중독 성 쩌 는 게임 입니다 ;;,2016-08-15 04:04:10
294100,RimWorld,positive,"GOD like. 얼리억세스에 비교적 비싼 가격 '똥'겜의 기본조건을 가지고 있어 구매를 망설일수 있다. 그리고 마치 그래픽이라던지, 게임의 모습이 '프리즌 아키텍쳐'와 흡사 하기 때문일지도 모른다. 물론 '프리즌 아키텍쳐'의 시스템에서 영감을 받아서 만들었다고 밝혔지만, 흔치않게도 이게임은 '청출어람'이 뭔지 깨우쳐주게하는 게임이다. 지금 가격과 얼리억세스에 대한 부담으로 게임구매에 망설이고있다면, 게임의 콘텐츠 분량, 레벨디자인(난이도), 개발자의 release build 업데이트 분량과 속도. 등을 보면 구매를 할 수 밖에 없","GOD like . 얼리 억 세 스 에 비교 적 비싼 가격 ' 똥 ' 겜 의 기 본 조건 을 가지 고 있어 구매 를 망설일수 있다 . 그리고 마치 그래픽 이라 던지 , 게임 의 모습 이 ' 프리 즌 아키텍쳐 ' 와 흡사 하기 때문 일지 도 모른다 . 물론 ' 프리 즌 아키텍쳐 ' 의 시스템 에서 영감 을 받아서 만들었다고 밝혔지만 , 흔 치 않게도 이 게임 은 ' 청출어람 ' 이 뭔 지 깨우쳐 주게하는 게임 이다 . 지금 가격 과 얼리 억 세 스 에 대한 부담 으로 게임 구매 에 망설이고있다면 , 게임 의 콘텐츠 분량 , 레벨 디자인 ( 난이도 ), 개발자 의 release build 업데이트 분량 과 속도 . 등 을 보면 구매 를 할 수 밖에 없",2016-08-14 14:22:39
294100,RimWorld,positive,내 시간이 갈리는 느낌이다!,내 시간 이 갈리는 느낌 이다 !,2016-08-14 09:12:15
294100,RimWorld,positive,1. 게임을 킨다. 2. 해본다. 3. 본인 취향에 맞는다? 그렇다면 환불하는걸 추천한다. 4. 자기 취향에 맞는데 왜 환불하라 하냐고? 왜냐면 중독성이 너무 심하거든... 내가 이거 때문에 밤낮이 바뀌고 생활 패턴이 망가짐...... 첨에는 그냥 스트레스만 잔뜩 받고 겜이 너무 어려워서 에이 별로네 하다가 최근 들어서 여러 방송도 찾아보고 영상도 찾아보면서 재미를 느끼기 시작하면서 하루 왠종일 이 겜만 붙잡고 있음....,1 . 게임 을 킨다 . 2 . 해본다 . 3 . 본인 취향 에 맞는다 ? 그렇다면 환불 하 는걸 추천 한다 . 4 . 자기 취향 에 맞는데 왜 환불 하 라 하냐고 ? 왜냐면 중독 성 이 너무 심하거든 ... 내 가 이 거 때문 에 밤낮 이 바뀌고 생활 패턴 이 망가짐 ...... 첨 에는 그냥 스트레스 만 잔뜩 받고 겜 이 너무 어려워서 에이 별로 네 하다가 최근 들어서 여러 방송 도 찾아보고 영상 도 찾아보면서 재미 를 느끼기 시작 하면서 하루 왠 종일 이 겜 만 붙잡고 있음 ....,2016-08-13 05:24:28
294100,RimWorld,positive,림월드를 한 이후 암이 나았습니다.,림 월드 를 한 이후 암 이 나았습니다 .,2016-08-12 13:18:55
294100,RimWorld,positive,"겉으론 단순해 보이는 생존 게임일 수 있겠지만 거주민의 머리부터 발 끝까지 심지어 정신력과 불만 사항들까지 신경 써야하기 때문에 림월드를 처음하는 사람들에겐 굉장히 복잡하고 어려운 게임이 될 것이다. 하지만 이 게임이 나온지 꽤 된데다가 공략도 쉽게 찾아볼 수 있으니 공략만 본다면 크게 어려운 점은 없다. 이 게임의 최종목적은 함선을 만들어서 우주로 탈출하는 것이다. 그리고 이 게임은 플레이어가 순순히 함선을 만들어서 탈출하게 놔두지 않을 것이다. 적들의 습격은 기본이고 기후 변화, 각종 이벤트 등이 플레이어를 괴롭혀 온다. 이","겉 으론 단순해 보이는 생존 게임 일 수 있겠지만 거 주민 의 머리 부터 발 끝 까지 심지어 정신 력 과 불만 사항 들 까지 신경 써야하기 때문 에 림 월드 를 처음 하는 사람 들 에겐 굉장히 복잡하고 어려운 게임 이 될 것 이다 . 하지만 이 게임 이 나온지 꽤 된데다가 공략 도 쉽게 찾아볼 수 있으니 공략 만 본다면 크게 어려운 점 은 없다 . 이 게임 의 최종 목적 은 함선 을 만들어서 우주 로 탈출 하는 것 이다 . 그리고 이 게임 은 플레이어 가 순순히 함선 을 만들어서 탈출 하게 놔두지 않을 것 이다 . 적 들 의 습격 은 기본 이고 기후 변화 , 각종 이벤트 등 이 플레이어 를 괴롭혀 온다 . 이",2016-08-12 03:40:14
294100,RimWorld,positive,경고 : 멘탈약한 거주민을 받았다가 당신의 멘탈이 나갈것이다.,경고 : 멘탈 약한 거 주민 을 받았다가 당신 의 멘탈 이 나갈것이다 .,2016-08-10 22:56:22
294100,RimWorld,positive,타임머신 생존 게임,타임머신 생존 게임,2016-08-10 20:11:26
294100,RimWorld,positive,"이거 일단 하라는 말은 다른 분들이 실컷 했으니 덧붙이지 않습니다. 얼리 억세스는 엄마가 하지 말라고 했죠? 이놈은 엄마도 용서하실겁니다. http://steamcommunity.com/id/l2032/myworkshopfiles?appid=294100&p=1 여기 있는 모드들이나 설치하고 합시다. Fluffy 라는 사람이 만든 모드 + 기본 모드 확장용 라이브러리 모드인데, 대부분 QoL(Quality Of Life) 모드입니다. UX가 좋아진다고 생각하시면 될듯. 특히 Tab 시리즈는 그냥 필수입니다. 본가에 합쳐지기","이 거 일단 하라 는 말 은 다른 분 들 이 실컷 했으니 덧붙이지 않습니다 . 얼리 억 세 스 는 엄마 가 하지 말 라고 했죠 ? 이 놈 은 엄마 도 용서 하실 겁니다 . http://steamcommunity.com/id/l2032/myworkshopfiles?appid=294100&p=1 여기 있는 모드 들 이나 설치 하고 합시다 . Fluffy 라는 사람 이 만든 모드 + 기본 모드 확장 용 라이브러리 모드 인데 , 대부분 QoL ( Quality Of Life ) 모드 입니다 . UX 가 좋아진다고 생각 하시면 될듯 . 특히 Tab 시리즈 는 그냥 필수 입니다 . 본가 에 합쳐지기",2016-08-09 20:48:33
294100,RimWorld,positive,아나 재미없어서 꺼는대 7시간했네,아 나 재미없어서 꺼는대 7시간 했네,2016-08-08 23:41:38
294100,RimWorld,positive,게임에선 1년이란 시간이 지났고 내 인생에선 40시간이 없어졌다..,게임 에선 1년 이란 시간 이 지났고 내 인생 에선 40시간 이 없어졌다 ..,2016-08-08 13:10:41
294100,RimWorld,positive,갓 흥 갓겜. 난 게임 때문에 현실을 포기한 다는 놈들을 비웃었었는데 이 겜사고 현실을 (잠시동안) 포기했다. 밥도 안먹고 하는데 눈만감으면 생각나서 또하고. 잠도 못자고 게임이 어려운맛이 있어서 더 빠져드는것 같다.,갓 흥 갓 겜 . 난 게임 때문 에 현실 을 포기 한 다는 놈 들 을 비웃었었는데 이 겜 사고 현실 을 ( 잠시 동안 ) 포기 했다 . 밥 도 안 먹고 하는데 눈 만 감으면 생각나서 또 하고 . 잠도 못자고 게임 이 어려운 맛 이 있어서 더 빠져드는것 같다 .,2016-08-07 17:32:03
294100,RimWorld,positive,아침에 키고 정신을 차려보니 저녁이 되는 마술을 보여주는 게임,아침 에 키 고 정신 을 차려 보니 저녁 이 되는 마술 을 보여주는 게임,2016-08-04 13:31:11
294100,RimWorld,positive,본격 인간 개조 시뮬레이터,본격 인간 개조 시뮬레이터,2016-08-02 03:55:24
294100,RimWorld,positive,구입한지 약 7일간 나는 60시간 플레이 했다. 그것도 하루는 일이 있어서 집에 못 들어왔기 때문에 6일간 60시간. 하루 10시간씩 플레이를 했다. 내가 림월드 이 게임 하느라고 딸 칠시간이 아까워서 딸 안치고 이 게임만 했음. 잠도 안옴. 이 게임 구입하고 일주일일동안 다른거 거의 아무것도 안하고 하루에 10시간찍 이것만 잡고 있었음. 거의 문명하는것과 같은 수준으로 플레이했고.. 나는 너무나 두려움을 느낀 나머지 삭제한다. 진짜 내 똘똘이를 칠 시간도 없이 정신없이 플레이를 했다. 림월드.... 더 했다가는 쌓여서 몽정 할,구입 한지 약 7일 간 나 는 60시간 플레이 했다 . 그것 도 하루 는 일이 있어서 집 에 못 들어왔기 때문 에 6일 간 60시간 . 하루 10시간 씩 플레이 를 했다 . 내 가 림 월드 이 게임 하느라고 딸 칠 시간 이 아까워서 딸 안치 고 이 게임 만 했음 . 잠도 안 옴 . 이 게임 구입 하고 일주 일일 동안 다른거 거의 아무 것 도 안 하고 하루 에 10시간 찍 이 것 만 잡고 있었음 . 거의 문명 하는것과 같은 수준 으로 플레이 했고 .. 나 는 너무나 두려움 을 느낀 나머지 삭제 한다 . 진짜 내 똘똘이 를 칠 시간 도 없이 정신없이 플레이 를 했다 . 림 월드 .... 더 했다가는 쌓여서 몽정 할,2016-08-01 05:58:25
294100,RimWorld,positive,이 게임은 시험 기간이 얼마 안 남은 분들에게는 절대 추천하지 않습니다.,이 게임 은 시험 기간 이 얼마 안 남은 분 들 에게는 절대 추천 하지 않습니다 .,2016-07-30 21:45:45
294100,RimWorld,positive,여러분 새로운 타임머신입니다!,여러분 새로운 타임머신 입니다 !,2016-07-30 11:07:54
294100,RimWorld,positive,아주 좋아.,아주 좋아 .,2016-07-30 02:46:01
294100,RimWorld,positive,"기본적인 스타일은 심즈+심시티에 가까운 게임플레이,부제가 정착지 시뮬레이터인데 너무도 알맞은 표현. 어떻게 보면 문명과 같은 4x게임과도 유사한 느낌을 준다. 기본적으로 거주지를 직접 디자인 하고 플레이 캐릭터들이 자동으로 조정된 행동 양식에 맞춰서 자유행동 + 유사시에는 직접 컨트롤 해 전투 등의 돌발상황에 대처하는 방식. 전투나 인간관계, 의식주 문제, 돌발 인카운터 등 최대한 현실적인 문제에 유저가 직면할 수 있도록 짜임세 있는 구성을 이루고 있는 점이 강점인 게임. 전투 부분도 다양한 역할의 무기와 은 엄폐를 비롯한 나름","기본 적 인 스타일 은 심즈 + 심시티 에 가까운 게임 플레이 , 부제 가 정착 지 시뮬레이터 인데 너무도 알맞은 표현 . 어떻게 보면 문명 과 같은 4 x 게임 과도 유사한 느낌 을 준다 . 기본 적 으로 거주지 를 직접 디자인 하고 플레이 캐릭터 들 이 자동 으로 조정 된 행동 양식 에 맞춰서 자유 행동 + 유사시 에는 직접 컨트롤 해 전투 등 의 돌발상황 에 대처 하는 방식 . 전투 나 인간관계 , 의식주 문제 , 돌발 인 카운터 등 최대한 현실 적 인 문제 에 유저 가 직면 할 수 있도록 짜임세 있는 구성 을 이루고 있는 점 이 강점 인 게임 . 전투 부분 도 다양한 역할 의 무기 와 은 엄폐 를 비롯 한 나름",2016-07-28 14:25:03
294100,RimWorld,positive,"시티빌더 게임을 워낙 좋아하지만, 사실 banished 이후로는 만족할만한 게임이 없었다. 다른것보다, 시티빌더 게임 특유의 '엔진 만드는 시스템'이 너무 단조로웠기 때문이고, 일정 궤도에 오르기만 하면 오로지 더 많은 돈과 인간을 쌓는것의 반복이었기 때문에. 림월드는 그런부분에서 아주 완벽한 대책을 세워준다. 이는 banished 유저들이 그렇게 원하던 '전투' 컨텐츠를 통해서인데, 적당히 심시티하면서 터렛만 깔면 다 막을 수 있는 게임도 아니다보니(침략패턴도다양하고, 심지어 질병이나 곤충 군락따위가 튀어나오는 경우도 있고,","시티 빌더 게임 을 워낙 좋아하지만 , 사실 banished 이후 로는 만족할만 한 게임 이 없었다 . 다른 것 보다 , 시티 빌더 게임 특유 의 ' 엔진 만드는 시스템 ' 이 너무 단조로웠기 때문 이고 , 일정 궤도 에 오르기만 하면 오로지 더 많은 돈 과 인간 을 쌓는것의 반복 이었기 때문 에 . 림 월드 는 그런 부분 에서 아주 완벽한 대책 을 세워 준다 . 이는 banished 유저 들 이 그렇게 원하던 ' 전투 ' 컨텐츠 를 통 해서인데 , 적당히 심시티 하면서 터렛 만 깔면 다 막 을 수 있는 게임 도 아니다 보니 ( 침략 패턴 도 다양하고 , 심지어 질병 이나 곤충 군락 따위 가 튀어나오는 경우 도 있고 ,",2016-07-28 07:31:35
294100,RimWorld,positive,3일 전 이 게임을 샀습니다. 그리고 플레이 시간이 59시간입니다 (...),3일 전 이 게임 을 샀습니다 . 그리고 플레이 시간 이 59시간 입니다 (...),2016-07-27 15:09:06
294100,RimWorld,positive,열댓번의 콜로니를 말아먹고 정말 탈출할수 있겠다는 희망을 가진 회차 어느날 결혼을 거절당한 중년 남성의 멘탈이 부서지기 시작하면서 희망은 사라지기 시작했다 사고사로 그 중년남성이 죽은뒤 애인이였던 여자가 멘탈이 또 터졌고 연쇄적으로 다른이들의 멘탈도 바스라지고 결국 이번 콜로니도 멸망해버렸다.. 결론 : 솔로 천국 커플 지옥 ps. 옆에 뜨는 자그마한 경고창을 절대 무시하지마라 추가 / 150 시간정도에 엔딩을봤다. 개인적으로 절대 리산드라 하드모드는 추천하지 않는다...,열 댓 번의 콜로니 를 말아먹고 정말 탈출 할수 있겠다는 희망 을 가진 회차 어느 날 결혼 을 거절 당 한 중년 남성 의 멘탈 이 부서지기 시작 하면서 희망 은 사라지기 시작 했다 사고사 로 그 중년 남성 이 죽은 뒤 애인 이 였던 여자 가 멘탈 이 또 터졌고 연쇄 적 으로 다른 이 들 의 멘탈 도 바스라지고 결국 이번 콜로니 도 멸망해 버렸다 .. 결론 : 솔로 천국 커플 지옥 ps . 옆 에 뜨는 자그마한 경 고창 을 절대 무시 하지마라 추가 / 150 시간 정도 에 엔딩 을 봤다 . 개인 적 으로 절대 리산드라 하드 모드 는 추천 하지 않는다 ...,2016-07-27 12:44:58
294100,RimWorld,positive,갓ㅡ겜,갓 ㅡ 겜,2016-07-26 19:50:02
294100,RimWorld,positive,분명히 아침에 시작했는데 기지개를 피니 해가 넘어가더라,분명히 아침 에 시작 했는데 기지개 를 피니 해 가 넘어가더라,2016-07-26 19:40:10
294100,RimWorld,positive,이건 미친 게임입니다. 아니면 개발자가 상또라이거나 이걸 16일 전에 샀는데 지금 플레이 타임을 보십쇼. 문명도 이렇게 폐인같이는 안했는데... 남들은 LSD를 약 빨은 게임이라 할 때 저는 이 게임을 약빨았다 하고 싶군요 처음에 할 때는 여기저기서 시스템들을 조금씩 따온 3류 게임으로 보이겠지만 (특히 건설이 그러함. 처음에 프리즌 아키텍트 제작사에서 만든건줄) 그 여기저기서 가져온 요소들이 엄마가 해주는 된장찌개마냥 잘 섞여들어가서 익숙하면서 한편으로 새로운 맛을 보여주는 그런 갓겜입니다 어떤 갓양인의 리뷰는 이,이건 미친 게임 입니다 . 아니면 개발자 가 상또 라이거 나 이 걸 16일 전 에 샀는데 지금 플레이 타임 을 보십 쇼 . 문명 도 이렇게 폐인 같이는 안 했는데 ... 남 들 은 LSD 를 약 빨 은 게임 이라 할 때 저 는 이 게임 을 약 빨았다 하고 싶군요 처음 에 할 때 는 여기저기 서 시스템 들 을 조금씩 따온 3 류 게임 으로 보이겠지만 ( 특히 건설 이 그러함 . 처음 에 프리 즌 아키 텍트 제작사 에서 만든건 줄 ) 그 여기저기 서 가져온 요소 들 이 엄마 가 해주는 된장찌개 마냥 잘 섞여 들어가서 익숙하면서 한편 으로 새로운 맛 을 보여주는 그런 갓 겜 입니다 어떤 갓 양인 의 리뷰 는 이,2016-07-25 02:14:02
294100,RimWorld,positive,정말 최고의 게임 말이필요없다 다양한 컨텐츠는 물론이요 기지짓는 것도 재밋다 앞으로 의 업데이트로 추가되는것도 기대되지만 워크샵 지원과 유저들이 만들어논 모드도 정말 매력적인 즐길거리다 샌드박스형 생존게임을 찾고잇다면 당신이 찾던건 이것이다 구매하자,정말 최고 의 게임 말 이 필요없다 다양한 컨텐츠 는 물론 이요 기지 짓는 것 도 재밋다 앞 으로 의 업데이트 로 추가 되는것도 기대 되지만 워크샵 지원 과 유저 들 이 만들어 논 모드 도 정말 매력 적 인 즐길거리다 샌드박스 형 생존 게임 을 찾고 잇다면 당신 이 찾던건 이 것 이다 구매 하자,2016-07-25 00:38:28
294100,RimWorld,positive,이제 튜토리얼이 끝났어요.,이제 튜토리얼 이 끝났어요 .,2016-07-24 23:51:25
294100,RimWorld,positive,꿀잼,꿀잼,2016-07-23 19:02:29
294100,RimWorld,positive,legend of indiegame you must play this game now!,legend of indiegame you must play this game now !,2016-07-23 15:33:12
294100,RimWorld,positive,진짜갓겜이다 하지만 개인적으로 추가되었으면하는 컨텐츠가있다,진짜 갓 겜 이다 하지만 개인 적 으로 추가 되었으면 하는 컨텐츠 가 있다,2016-07-23 14:45:28
294100,RimWorld,positive,하... 캐릭터 하나 정신병 걸려서 자기 집을 태워먹어 살림살이 좀 나아지셧습니까? 여러분 정신병걸린 사람이 이렇게 무섭답니다...,하 ... 캐릭터 하나 정신병 걸려서 자기 집 을 태워 먹어 살림살이 좀 나아지 셧습 니까 ? 여러분 정신병 걸린 사람 이 이렇게 무섭답니다 ...,2016-07-23 10:49:21
294100,RimWorld,positive,"This is the best colony building game. I have been played, don't know maybe more than years? and I'm really happy to see the game on Steam as i said, this is the best colony building game. It already far beyond Alpha quality.","This is the best colony building game . I have been played , don ' t know maybe more than years ? and I ' m really happy to see the game on Steam as i said , this is the best colony building game . It already far beyond Alpha quality .",2016-07-22 16:35:39
294100,RimWorld,positive,"건설 부분이 프리즌 아키텍트와 비슷하네요. 프리즌 아키텍트는 교도소를 만들어 운영하고 탈출을 막는 게임이지만 림월드는 어느 행성에 불시착하게 되면서 생존을 위해 건설, 농사, 사냥, 연구, 제작등 을 하고 다른 지역의 약탈꾼들을 막으면서 우주선을 만들어 우주로 다시 나가는 게임인 것 같습니다. 꽤 어렵지만 재미있네요. 난이도 선택에서 자유는 비추입니다...너무 쉬워서 재미가 없어요. 구입을 망설이시는 분들은 유튜브 등 동영상을 보시고 구입하시는게 좋겠어요. 아래 링크는 공식 한글화에 참여하시는 분이 올려주시는 언어팩입니다. 림","건설 부분 이 프리 즌 아키텍트 와 비슷하네요 . 프리 즌 아키 텍 트는 교도소 를 만들어 운영 하고 탈출 을 막는 게임 이지만 림 월드 는 어느 행성 에 불시 착하게 되면서 생존 을 위해 건설 , 농사 , 사냥 , 연구 , 제작 등 을 하고 다른 지역 의 약탈 꾼 들 을 막으면서 우주선 을 만들어 우주 로 다시 나가는 게임 인 것 같습니다 . 꽤 어렵지만 재미있네요 . 난이도 선택 에서 자유 는 비추 입니다 ... 너무 쉬워서 재미 가 없어요 . 구입 을 망설이시는 분 들 은 유튜브 등 동영상 을 보시 고 구입 하시는게 좋겠어요 . 아래 링크 는 공식 한글화 에 참여 하시는 분 이 올려주시는 언어팩 입니다 . 림",2016-07-20 17:46:42
294100,RimWorld,positive,잠깐 해봤는데 재밌네요.,잠깐 해봤는데 재밌네요 .,2016-07-20 17:23:09
294100,RimWorld,positive,명령내려놓고 멍때리는 계통의 게임이지만 필요할때는 이것저것 수동컨이 가능한 갓게임 개발자들이 업데이트도 꾸준히 잘해준다. 약 1~2달 텀으로 새 알파버전을 내놓으니깐 실컷 하다가 질려서 그만두고 딴거 좀 할때쯤 새 버전이 나오는 꿀사이클.,명령 내려놓고 멍 때리는 계통 의 게임 이지만 필요할 때 는 이 것 저 것 수 동 컨 이 가능한 갓 게임 개발자 들 이 업데이트 도 꾸준히 잘 해준다 . 약 1~2 달 텀 으로 새 알파 버전 을 내놓으니깐 실컷 하다가 질려서 그만두고 딴거 좀 할 때 쯤 새 버전 이 나오는 꿀 사이클 .,2016-07-20 14:47:42
294100,RimWorld,positive,"뭔 겜인지도 모르는데 토x트 에디션으로 해보았다, 프리즌 아키텍트랑 닮았길래 '그럭저럭 할만하겠지 하다가 질리면 지워야 겠다' 라고 생각했다. 집밖으로 나가지 않는 저를 친히 농협까지 가게 해서, 인디게임에 32,000원을 쓰게 할 정도의 가능성이 있는 갓-겜 입니다. 정정합니다 다 좋습니다. 다만 세일할때 사세요","뭔 겜 인지도 모르는데 토 x 트 에디 션 으로 해보았다 , 프리 즌 아키텍트 랑 닮았길래 ' 그럭저럭 할만 하겠지 하다가 질리 면 지워야 겠다 ' 라고 생각 했다 . 집밖 으로 나가지 않는 저 를 친히 농협 까지 가게 해서 , 인디 게임 에 32,000원 을 쓰게 할 정도 의 가능성 이 있는 갓 - 겜 입니다 . 정정 합니다 다 좋습니다 . 다만 세 일 할 때 사세요",2016-07-19 21:46:11
294100,RimWorld,positive,"[h1]문명보다 지독한 중독성있는 게임[/h1] 저...어제 이게임을 샀습니다만..18시간중 12시간을 이게임으로 보냈습니다.(일상생활 불가능) 진짜 이게임은 자기마음대로 현실적으로 건설하고 짓고,결혼하고 누군가를 지키고 등등 인 게임입니다. [h1]장점[/h1] 1.엄청난 자유도 2.여러가지 복잡한 연구시스템 3.농사,무역 등 여러가지 시스템 [h1]단점[/h1] 1.아직 알파버전이라 컨텐츠가 좀..부족하긴 합니다. 2.후반되면 연산 시스템이 많이 필요할것입니다. 여러분 방학동안 할거없고,진짜 재밌는 게임을 원하신다고 하시","[ h 1 ] 문명 보다 지독한 중독 성 있는 게임 [/ h 1 ] 저 ... 어제 이 게임 을 샀습니다만 .. 18시간 중 12시간 을 이 게임 으로 보냈습니다 .( 일상생활 불가능 ) 진짜 이 게임 은 자기 마음대로 현실 적 으로 건설 하고 짓고 , 결혼 하고 누군가 를 지키고 등등 인 게임 입니다 . [ h 1 ] 장점 [/ h 1 ] 1 . 엄청난 자유도 2 . 여러가지 복잡한 연구 시스템 3 . 농사 , 무역 등 여러가지 시스템 [ h 1 ] 단점 [/ h 1 ] 1 . 아직 알파 버전 이라 컨텐츠 가 좀 .. 부족하긴 합니다 . 2 . 후반 되면 연산 시스템 이 많이 필요할것 입니다 . 여러분 방학 동안 할거 없고 , 진짜 재밌는 게임 을 원하신다고 하시",2016-07-19 16:04:44
294100,RimWorld,positive,너무 재밌어서 시간 가는 줄 몰랐습니다.,너무 재밌어서 시간 가는 줄 몰랐습니다 .,2016-07-19 06:36:38
294100,RimWorld,positive,타임머신겜; 추천합니다,타임머신 겜 ; 추천 합니다,2016-07-19 06:15:08
294100,RimWorld,positive,간만에 내 인생게임임.,간만 에 내 인생게임 임 .,2016-07-19 00:47:26
294100,RimWorld,positive,생각할께 많은 게임.복잡한거 싫어하시면 절대 구매하지 않으시길 추천합니다. 기본적으로 감옥 게임과 비슷한 디자인과 구성을 가지고 있지만. 전반적인 난이도가 높습니다. 특히 전투에 있어서는 사실상 인공지능이 없다 싶이 할 정도기 때문에 의외로 손이 많이갑니다. 자원 운영등도 상당히 매커니즘이 복잡한편에 속함으로... 하드코한 게임을 좋아하시거나 생존게임과 씨티빌더 둘다 좋아하시는 분께 잘 맞는 게임 같습니다.,생각 할께 많은 게임 . 복잡한거 싫어하시면 절대 구매 하지 않으시길 추천 합니다 . 기본 적 으로 감옥 게임 과 비슷한 디자인 과 구성 을 가지 고 있지만 . 전반 적 인 난이도 가 높습니다 . 특히 전투 에 있어서는 사실 상 인공 지능 이 없다 싶이 할 정도 기 때문 에 의외로 손 이 많이 갑니다 . 자원 운영 등 도 상당히 매커니즘 이 복잡한 편 에 속 함 으로 ... 하드 코 한 게임 을 좋아하시거나 생존 게임 과 씨티 빌더 둘다 좋아하시는 분 께 잘 맞는 게임 같습니다 .,2016-07-18 22:05:03
294100,RimWorld,positive,아 이거 진짜 개 재밌습니다 문명보다 더 빠져서 하고있었다는 이거땜에 새로산 슈로대와 닼소울이 썩어가고 있는데~ 한글패치도 일부되어있어서 하는데 큰 문제는 없는정도랄까 유저패치도 있으니 네이버 검색하시면 나와요 전 다시 이거하러 ㄱㄱ,아 이 거 진짜 개 재밌습니다 문명 보다 더 빠져서 하고있었다는 이 거땜 에 새로 산 슈로대 와 닼소울 이 썩어가고 있는데 ~ 한글패치 도 일부 되어있어서 하는데 큰 문제 는 없는 정도 랄 까 유저 패치 도 있으니 네이버 검색 하시면 나와요 전 다시 이거하러 ㄱㄱ,2016-07-18 19:46:12
294100,RimWorld,positive,쉽지 않은 난이도로 서바이벌을 하고 엔딩을 보더라도 계속 즐길수 있다는 점이 매력이다. 다만 부분적으로 한글화가 안되어있어서 아쉽다.,쉽지 않은 난이도 로 서바이벌 을 하고 엔딩 을 보더 라도 계속 즐길수 있다는 점 이 매력 이다 . 다만 부분 적 으로 한글화 가 안되어있어서 아쉽다 .,2016-07-18 03:35:39
294100,RimWorld,positive,할 때 마다 새로운 기분이야...,할 때 마다 새로운 기분 이야 ...,2016-07-17 21:46:35
294100,RimWorld,positive,"i'm korean this game .. omg very smart , sensible , not negligible , sensation~! nice nice nice X 3 i recommend","i ' m korean this game .. omg very smart , sensible , not negligible , sensation ~! nice nice nice X 3 i recommend",2016-07-17 18:18:09
294100,RimWorld,positive,무조건 지르기를 권유 합니다.,무조건 지르 기를 권유 합니다 .,2016-07-17 15:21:14
294100,RimWorld,positive,2014년부터해오던 게임 이게임이 스팀출시된걸 매우기쁘게생각한다. 단언컨데 최고의게임이다 3만원이 아깝지않다.,2014년 부터해오던 게임 이 게임 이 스팀 출시 된 걸 매우 기쁘게 생각 한 다 . 단 언 컨데 최고 의 게임 이다 3만원 이 아깝지 않다 .,2016-07-17 13:16:37
294100,RimWorld,positive,한국어가 지원된다.,한국어 가 지원 된다 .,2016-07-17 10:24:21
294100,RimWorld,positive,역시 졸잼게임,역시 졸잼 게임,2016-07-16 19:29:40
294100,RimWorld,positive,재밌다 업데이트도 열심히 해준다,재밌다 업데이트 도 열심히 해준다,2016-07-16 15:26:02
294100,RimWorld,positive,2013년도때부터 즐겼었는데 드디어 스팀에서 발매를 했네요. 꾸준히 업데이트를 해주는 개발자분들처럼 정말 알찬 게임이고 많은 분들에게 추천해드리고 싶습니다. 그만큼 컨텐츠도 방대하고 즐길거리도 많으니까 많은분들이 많이 즐겨주셨습니다 좋겠습니다.,2013년 도때부터 즐겼었는데 드디어 스팀 에서 발매 를 했네요 . 꾸준히 업데이트 를 해주는 개발자 분들 처럼 정말 알찬 게임 이고 많은 분 들 에게 추천 해드리고 싶습니다 . 그만큼 컨텐츠 도 방대하고 즐길 거리 도 많으니까 많은 분 들 이 많이 즐겨주셨습니다 좋겠습니다 .,2016-07-16 13:28:06
294100,RimWorld,positive,이겜의 단점은 그래픽뿐임 팔다리 짤리고 내장 교체하는것부터 이미 갓겜이라고 생각했음 멀티플레이가 나온다면 너무 재밌을듯 ...,이 겜 의 단점 은 그래픽 뿐임 팔다리 짤리 고 내장 교체 하는것부터 이미 갓 겜 이라고 생각 했음 멀티플레이 가 나온다면 너무 재밌을듯 ...,2021-01-16 23:38:24
294100,RimWorld,positive,그래픽도 좋지않고 UI도 불편하지만 게임성 하나로 다씹어먹습니다.,그래픽 도 좋지 않고 UI 도 불편하지만 게임 성 하나로 다 씹어 먹습니다 .,2021-01-16 19:18:57
294100,RimWorld,positive,이틀동안 20시간 함. 현생 살고싶음 하지 마세요.,이틀 동안 20시간 함 . 현생 살고싶음 하지 마세요 .,2021-01-16 18:54:01
294100,RimWorld,positive,"난수,난수,난수,난수,난수,난수,난수,난수,난수,난수,난수,난수,난수,난수,난수,난수,난수,난수,난수,난수,난수,난수,난수,난수,난수,난수,난수,난수,난수,난수,난수,난수,난수,난수,난수,난수,난수,난수,난수,난수,난수,난수,난수,난수,난수,난수,난수,난수,난수,난수,난수,난수,난수,난수,난수,난수,난수,난수,난수,난수,난수,난수,난수,난수,난수,난수,난수,난수,난수,난수,난수,난수,난수,난수,난수,난수,난수,난수,난수,난수,난수,난수,난수,난수,난수,난수,난수,난수,난수,난수,난수,난수,난수,난수,난수 타이난 싫어","난수 , 난수 , 난수 , 난수 , 난수 , 난수 , 난수 , 난수 , 난수 , 난수 , 난수 , 난수 , 난수 , 난수 , 난수 , 난수 , 난수 , 난수 , 난수 , 난수 , 난수 , 난수 , 난수 , 난수 , 난수 , 난수 , 난수 , 난수 , 난수 , 난수 , 난수 , 난수 , 난수 , 난수 , 난수 , 난수 , 난수 , 난수 , 난수 , 난수 , 난수 , 난수 , 난수 , 난수 , 난수 , 난수 , 난수 , 난수 , 난수 , 난수 , 난수 , 난수 , 난수 , 난수 , 난수 , 난수 , 난수 , 난수 , 난수 , 난수 , 난수 , 난수 , 난수 , 난수 , 난수 , 난수 , 난수 , 난수 , 난수 , 난수 , 난수 , 난수 , 난수 , 난수 , 난수 , 난수 , 난수 , 난수 , 난수 , 난수 , 난수 , 난수 , 난수 , 난수 , 난수 , 난수 , 난수 , 난수 , 난수 , 난수 , 난수 , 난수 , 난수 , 난수 , 난수 타이난 싫어",2021-01-17 21:03:23
294100,RimWorld,positive,재미없어요,재미없어요,2021-01-17 16:28:14
294100,RimWorld,positive,괜찮은 게임,괜찮은 게임,2021-01-19 16:46:34
294100,RimWorld,positive,어 왜 5분 밖에 안지났지 했는데 12시간 5분이 지나있었다..,어 왜 5분 밖에 안 지났지 했는데 12시간 5분 이 지나있었다 ..,2021-01-18 19:51:09
294100,RimWorld,positive,네 가볍게 즐기기에 딱 좋습니다 어느새 밤을 새겠지만요..,네 가볍게 즐기기에 딱 좋습니다 어느새 밤 을 새겠지만 요 ..,2021-01-18 16:52:55
294100,RimWorld,positive,타이난 병신새끼,타이난 병신 새끼,2021-01-21 00:32:57
294100,RimWorld,positive,"어제 샀는데, 왜 벌써 플레이 타임이 15시간이죠?","어제 샀는데 , 왜 벌써 플레이 타임 이 15시간 이죠 ?",2021-01-20 23:49:55
294100,RimWorld,positive,추천!,추천 !,2021-01-20 21:16:51
294100,RimWorld,positive,일단사라 그럼 열몇시간뒤에 정신차리고 다시킨다,일단 사라 그럼 열 몇 시간 뒤 에 정신차리고 다 시킨다,2021-01-20 19:14:28
294100,RimWorld,positive,사보면 후회는 안함. 가볍게 사서 즐기기엔 비싸긴 하지만 시간을 굉장히 잡아먹는 게임. 모드를 이것저것 깔아야 게임의 퀄리티를 높이거나 다양한 것들을 즐길 수 있으므로 사람들이 추천하는 모드를 깔아보는걸 추천함,사보면 후회 는 안함 . 가볍게 사서 즐 기기 엔 비싸긴 하지만 시간 을 굉장히 잡아먹는 게임 . 모드 를 이 것 저 것 깔아야 게임 의 퀄리티 를 높이거나 다양한 것 들 을 즐길 수 있으므로 사람 들 이 추천 하는 모드 를 깔아 보는걸 추천 함,2021-01-20 10:47:11
294100,RimWorld,positive,생존겜 좋아하면 안할 이유가 없다.,생존 겜 좋아하면 안 할 이유 가 없다 .,2021-01-21 14:30:57
294100,RimWorld,positive,장점 : 저세상 가성비 게임. 본인이 가성비충이라면 일단 산다음에 취향을 게임에 맞추면 됨 단점 : 인생을 게임비용으로 지불해야함,장점 : 저 세상 가성 비 게임 . 본인 이 가성 비충 이 라면 일단 산다 음 에 취향 을 게임 에 맞추면 됨 단점 : 인생 을 게임 비용 으로 지불 해야 함,2021-01-21 13:12:28
294100,RimWorld,positive,잠깐 해봤는데 재밌네요,잠깐 해봤는데 재밌네요,2021-01-21 12:22:58
294100,RimWorld,positive,딱 한마디만 할게 갓겜,딱 한마디 만 할게 갓 겜,2021-01-21 05:12:14
294100,RimWorld,positive,잠깐 해봤는데 잘 모르겠어요 조금 더 해볼께요 일단 할인 안해도 살만큼 재밌긴 합니다,잠깐 해봤는데 잘 모르겠어요 조금 더 해볼께요 일단 할인 안해 도 살 만큼 재밌긴 합니다,2021-01-22 15:35:24
294100,RimWorld,positive,재밌다.. 너무 재밌다.. 계속 하게 된다..,재밌다 .. 너무 재밌다 .. 계속 하게 된다 ..,2021-01-22 21:02:37
294100,RimWorld,positive,미친게임입니다. 요새 하는 게임중에 최고로 재밌어요,미친 게임 입니다 . 요새 하는 게임 중 에 최고 로 재밌어요,2021-01-23 16:07:44
294100,RimWorld,positive,당신이 건설이나 경여 시뮬레이션을 좋아한다면 무조건 추천드립니다! 이 게임은 3만원 하는 만큼 그 값을 초월하는 게임입니다. 다만 로얄티는... 개인 취향에 맞춰 사세요~ 참고로 게임을 하려면 모드를 설치하고 플레이하는게 좋습니다. 아니면 그냥 하셔도 되고요.,당신 이 건설 이나 경 여 시뮬레이션 을 좋아한다면 무조건 추천 드립니다 ! 이 게임 은 3만원 하는 만큼 그 값 을 초월 하는 게임 입니다 . 다만 로얄티 는 ... 개인 취향 에 맞춰 사세요 ~ 참고 로 게임 을 하려면 모드 를 설치 하고 플레이 하는게 좋습니다 . 아니면 그냥 하셔도 되고요 .,2021-01-23 15:58:00
294100,RimWorld,positive,노잼,노잼,2021-01-23 13:16:25
